1,1,0.02,208.68,57.84,27.42,0.82,4,-1,-1
1,2,10.74,345.94,84.94,40.38,0.92,7,-1,-1
1,3,47.80,338.40,23.43,31.94,0.95,2,-1,-1
1,4,59.33,187.13,50.51,26.52,0.92,4,-1,-1
1,5,78.72,221.79,15.97,25.31,0.70,10,-1,-1
1,6,109.08,213.95,20.04,33.15,0.94,10,-1,-1
1,7,113.15,311.58,17.33,39.17,0.87,1,-1,-1
1,8,122.87,188.19,34.73,25.61,0.98,4,-1,-1
1,9,125.21,236.55,22.30,33.15,0.96,10,-1,-1
1,10,138.31,294.11,35.56,27.12,0.94,10,-1,-1
1,11,143.06,237.00,20.27,31.94,0.98,10,-1,-1
1,12,175.23,492.09,34.96,44.00,0.90,10,-1,-1
1,13,176.28,326.65,41.28,28.93,0.99,10,-1,-1
1,14,183.21,315.80,20.49,34.35,0.88,2,-1,-1
1,15,204.91,217.87,18.68,28.63,0.90,10,-1,-1
1,16,238.81,185.93,30.74,30.44,0.81,4,-1,-1
1,17,245.44,172.82,26.82,24.41,0.80,4,-1,-1
1,18,255.08,156.24,23.20,21.09,0.61,4,-1,-1
1,19,270.60,279.19,40.08,26.82,0.87,10,-1,-1
1,20,278.74,268.95,16.57,29.23,0.66,2,-1,-1
1,21,280.70,295.01,39.93,27.72,0.66,10,-1,-1
1,22,286.88,130.93,19.89,18.08,0.95,4,-1,-1
1,23,289.59,285.97,18.08,31.94,0.64,2,-1,-1
1,24,294.71,197.98,21.09,31.34,0.99,10,-1,-1
1,25,299.98,226.00,16.72,28.93,0.88,10,-1,-1
1,26,328.46,477.02,80.76,62.08,0.88,4,-1,-1
1,27,338.71,204.46,62.68,25.31,0.99,4,-1,-1
1,28,348.65,186.53,17.48,21.70,0.80,10,-1,-1
1,29,358.29,237.15,21.70,20.79,0.76,10,-1,-1
1,30,370.65,301.49,27.72,33.30,1.00,10,-1,-1
1,31,399.58,222.09,16.88,23.50,0.80,10,-1,-1
1,32,401.99,160.61,24.11,22.30,0.81,5,-1,-1
1,33,402.89,241.82,24.71,22.60,0.89,10,-1,-1
1,34,412.23,265.18,21.09,26.82,0.78,10,-1,-1
1,35,413.44,187.28,22.30,25.61,0.88,4,-1,-1
1,36,415.85,246.95,31.94,22.60,0.73,10,-1,-1
1,37,415.85,257.19,15.67,30.13,0.79,2,-1,-1
1,38,432.72,210.94,18.08,18.38,0.74,10,-1,-1
1,39,450.80,276.63,21.09,26.82,0.78,10,-1,-1
1,40,451.10,270.15,16.88,30.74,0.76,2,-1,-1
1,41,451.10,269.70,16.88,31.34,0.62,1,-1,-1
1,42,471.60,234.89,28.33,23.20,0.85,10,-1,-1
1,43,489.68,246.65,15.07,31.94,0.93,1,-1,-1
1,44,514.69,225.10,54.24,27.42,0.99,4,-1,-1
1,45,517.70,427.90,62.68,79.55,1.00,7,-1,-1
1,46,527.04,249.06,14.46,25.92,0.67,2,-1,-1
1,47,535.78,271.81,29.53,23.20,0.79,10,-1,-1
1,48,540.60,261.86,15.07,30.44,0.80,1,-1,-1
1,49,549.64,208.38,42.79,28.33,0.85,5,-1,-1
1,50,559.29,331.77,18.68,39.78,0.97,10,-1,-1
1,51,560.79,324.54,16.27,37.97,0.98,2,-1,-1
1,52,596.65,215.01,55.45,27.42,0.69,4,-1,-1
1,53,599.67,239.72,80.76,32.24,0.95,4,-1,-1
1,54,605.39,385.41,48.52,69.31,0.63,8,-1,-1
1,55,606.90,339.61,42.19,53.64,0.90,8,-1,-1
1,56,634.62,501.13,33.75,37.97,0.67,10,-1,-1
1,57,637.63,272.56,48.21,43.84,0.89,8,-1,-1
1,58,641.85,492.99,25.31,42.19,0.61,2,-1,-1
1,59,667.77,277.08,53.04,45.95,0.74,4,-1,-1
1,60,708.15,232.18,72.32,31.34,0.99,4,-1,-1
1,61,711.16,351.96,39.78,30.74,0.72,10,-1,-1
2,1,0.88,208.82,56.09,27.42,0.73,4,-1,-1
2,2,15.08,345.16,84.74,39.85,0.99,7,-1,-1
2,3,51.98,337.37,24.15,32.46,0.95,2,-1,-1
2,4,58.50,186.36,50.77,27.30,0.91,4,-1,-1
2,5,78.75,223.11,16.36,24.53,0.90,10,-1,-1
2,6,108.85,214.23,19.91,32.36,0.92,10,-1,-1
2,7,113.83,311.60,18.90,39.17,0.73,1,-1,-1
2,8,122.04,188.33,34.73,25.35,0.98,4,-1,-1
2,9,124.77,236.70,22.30,32.88,0.97,10,-1,-1
2,10,140.76,295.03,35.82,26.20,0.93,10,-1,-1
2,11,142.63,236.89,19.87,31.68,0.98,10,-1,-1
2,12,170.22,496.54,35.48,41.90,0.80,10,-1,-1
2,13,181.08,327.18,39.45,27.88,0.99,10,-1,-1
2,14,187.09,314.51,19.71,34.87,0.83,2,-1,-1
2,15,204.34,219.19,18.42,27.06,0.92,10,-1,-1
2,16,238.11,185.29,30.74,30.96,0.80,4,-1,-1
2,17,245.39,172.57,26.30,24.15,0.87,4,-1,-1
2,18,254.64,156.26,23.20,21.35,0.69,4,-1,-1
2,19,272.91,279.85,40.34,27.34,0.90,10,-1,-1
2,20,281.57,268.56,17.88,30.54,0.58,2,-1,-1
2,21,283.14,294.37,41.10,28.90,0.95,10,-1,-1
2,22,286.30,130.88,20.15,18.60,0.97,4,-1,-1
2,23,291.50,286.63,20.30,30.50,0.57,2,-1,-1
2,24,296.49,197.60,20.31,30.29,0.98,10,-1,-1
2,25,299.67,226.28,17.51,29.19,0.89,10,-1,-1
2,26,328.15,476.76,80.76,62.60,0.91,4,-1,-1
2,27,338.13,204.34,63.20,25.57,0.99,4,-1,-1
2,28,349.12,185.89,16.95,21.70,0.72,10,-1,-1
2,29,358.50,236.77,22.74,21.05,0.85,10,-1,-1
2,30,366.94,302.93,28.25,33.69,0.99,10,-1,-1
2,31,398.74,221.18,17.40,24.29,0.69,10,-1,-1
2,32,400.89,160.76,25.15,22.56,0.70,5,-1,-1
2,33,400.75,241.18,26.28,23.38,0.72,10,-1,-1
2,34,409.57,265.32,22.66,27.34,0.63,10,-1,-1
2,35,412.86,185.98,22.82,26.92,0.72,7,-1,-1
2,36,410.57,247.09,34.03,22.34,0.74,10,-1,-1
2,37,413.44,257.72,16.72,31.18,0.70,2,-1,-1
2,38,430.84,209.64,18.60,18.90,0.54,10,-1,-1
2,40,449.48,273.43,21.06,28.38,0.91,10,-1,-1
2,41,450.27,269.84,16.87,29.51,0.76,2,-1,-1
2,42,470.50,233.99,29.37,23.99,0.81,10,-1,-1
2,43,488.58,246.65,15.07,30.63,0.90,1,-1,-1
2,44,514.37,224.58,55.29,27.68,0.99,4,-1,-1
2,45,515.30,424.50,61.63,79.03,0.99,7,-1,-1
2,46,524.90,249.19,14.46,26.18,0.76,1,-1,-1
2,47,539.39,271.42,29.53,22.42,0.87,10,-1,-1
2,48,545.25,262.13,15.07,29.13,0.85,2,-1,-1
2,49,549.06,208.12,41.74,28.06,0.82,5,-1,-1
2,50,559.23,329.95,18.68,39.78,0.95,10,-1,-1
2,51,560.48,322.98,16.80,37.97,0.99,2,-1,-1
2,53,598.82,239.59,79.97,32.24,0.95,4,-1,-1
2,54,604.81,385.15,48.52,69.30,0.91,8,-1,-1
2,55,606.06,339.61,42.45,52.07,0.88,8,-1,-1
2,56,631.95,498.77,35.84,40.58,0.72,10,-1,-1
2,57,637.58,272.56,48.21,43.84,0.85,8,-1,-1
2,58,639.71,489.33,25.31,44.28,0.49,1,-1,-1
2,59,667.71,277.08,51.99,45.43,0.79,4,-1,-1
2,60,706.52,233.10,70.23,30.29,0.99,4,-1,-1
2,61,711.62,353.27,40.82,29.69,0.51,10,-1,-1
2,62,35.24,339.31,19.12,30.13,0.60,2,-1,-1
2,63,180.05,320.93,14.77,33.15,0.62,1,-1,-1
2,64,373.66,297.42,16.88,28.93,0.79,2,-1,-1
2,65,412.83,187.13,22.30,25.61,0.76,4,-1,-1
2,66,437.85,484.85,87.39,53.64,0.60,4,-1,-1
2,67,476.72,260.06,15.07,25.01,0.92,2,-1,-1
2,68,517.70,259.15,27.72,21.09,0.66,10,-1,-1
2,69,549.04,208.23,41.58,28.33,0.84,7,-1,-1
2,70,642.46,301.64,43.39,54.84,0.67,8,-1,-1
3,1,1.65,208.21,54.62,27.66,0.67,4,-1,-1
3,2,19.27,344.52,84.60,39.77,0.99,7,-1,-1
3,3,56.04,336.92,23.29,31.62,0.84,2,-1,-1
3,4,58.37,186.29,50.21,26.98,0.90,4,-1,-1
3,5,78.10,222.92,16.32,24.63,0.66,10,-1,-1
3,6,108.97,217.42,19.06,28.20,0.93,10,-1,-1
3,7,114.54,311.79,18.38,39.18,0.70,1,-1,-1
3,8,121.37,188.18,34.97,25.31,0.98,4,-1,-1
3,9,124.04,236.32,22.30,32.61,0.98,10,-1,-1
3,10,144.10,294.31,35.34,26.65,0.96,10,-1,-1
3,11,142.08,236.23,19.39,31.87,0.98,10,-1,-1
3,12,165.56,499.19,35.34,39.63,0.70,10,-1,-1
3,13,185.07,325.57,39.62,28.18,0.95,10,-1,-1
3,14,191.52,313.77,19.81,34.03,0.89,2,-1,-1
3,15,203.25,218.76,18.38,27.76,0.88,10,-1,-1
3,16,237.70,185.00,30.74,31.05,0.72,4,-1,-1
3,17,244.98,172.24,26.21,24.58,0.92,4,-1,-1
3,18,253.34,156.32,23.91,21.40,0.61,4,-1,-1
3,19,276.06,279.46,40.15,25.80,0.92,10,-1,-1
3,20,284.73,267.64,18.56,31.92,0.55,2,-1,-1
3,21,287.10,295.02,41.89,28.07,0.94,10,-1,-1
3,22,285.69,131.04,20.20,18.69,0.92,4,-1,-1
3,23,295.23,287.18,19.02,29.54,0.43,2,-1,-1
3,24,297.83,197.25,20.06,28.69,0.98,10,-1,-1
3,25,299.57,227.79,17.65,28.53,0.92,10,-1,-1
3,26,327.82,476.69,80.30,62.69,0.92,4,-1,-1
3,27,337.99,204.27,62.83,25.39,0.99,4,-1,-1
3,28,349.17,185.14,17.34,21.93,0.61,10,-1,-1
3,29,358.95,237.24,22.92,20.40,0.87,10,-1,-1
3,30,362.76,304.31,28.34,34.23,0.95,10,-1,-1
3,31,398.09,221.55,17.95,23.50,0.90,10,-1,-1
3,32,400.20,160.14,25.34,23.07,0.70,5,-1,-1
3,33,398.96,241.14,26.55,22.83,0.80,10,-1,-1
3,34,407.69,266.58,22.03,26.97,0.55,10,-1,-1
3,35,412.26,186.62,24.31,26.23,0.88,4,-1,-1
3,36,407.32,247.06,33.94,22.30,0.74,10,-1,-1
3,37,411.38,258.69,16.90,29.28,0.62,2,-1,-1
3,38,428.85,207.97,18.23,19.92,0.67,10,-1,-1
3,40,448.07,273.33,22.23,28.47,0.97,10,-1,-1
3,41,448.92,268.74,16.88,28.24,0.76,2,-1,-1
3,42,469.35,234.71,29.09,22.97,0.81,10,-1,-1
3,43,488.13,246.37,14.60,27.55,0.71,1,-1,-1
3,44,513.36,224.45,55.47,27.73,0.99,4,-1,-1
3,45,512.97,422.48,60.51,77.06,1.00,7,-1,-1
3,46,516.28,255.84,24.80,23.42,0.62,10,-1,-1
3,47,543.27,270.24,30.47,23.48,0.88,10,-1,-1
3,48,548.85,261.78,16.01,29.15,0.85,2,-1,-1
3,49,548.95,207.68,41.57,28.26,0.58,5,-1,-1
3,50,559.44,329.83,18.21,38.37,0.93,10,-1,-1
3,51,560.40,321.50,16.89,37.97,0.99,2,-1,-1
3,53,596.31,239.52,80.79,32.48,0.91,4,-1,-1
3,54,603.99,385.55,49.22,69.31,0.45,8,-1,-1
3,55,605.66,339.58,42.26,51.81,0.72,8,-1,-1
3,56,629.64,494.92,35.29,44.23,0.89,10,-1,-1
3,57,637.08,272.06,48.22,44.55,0.83,8,-1,-1
3,58,636.98,486.83,24.38,44.18,0.57,2,-1,-1
3,59,667.22,276.81,50.87,45.58,0.40,4,-1,-1
3,60,705.29,231.43,76.54,32.02,0.98,4,-1,-1
3,61,711.70,353.23,38.22,29.99,0.53,10,-1,-1
3,66,437.52,484.35,86.43,54.61,0.68,4,-1,-1
3,67,477.84,259.78,16.51,25.49,0.90,2,-1,-1
3,69,548.96,207.95,41.59,28.81,0.63,7,-1,-1
3,71,471.29,269.55,33.15,22.60,0.92,10,-1,-1
4,1,1.98,207.76,53.97,28.19,0.68,4,-1,-1
4,2,24.76,343.94,84.26,39.28,0.98,7,-1,-1
4,3,62.07,336.40,22.73,31.81,0.85,2,-1,-1
4,4,57.79,186.37,50.22,27.08,0.86,4,-1,-1
4,5,77.53,222.93,16.52,24.21,0.92,10,-1,-1
4,6,108.66,216.22,18.80,28.46,0.91,10,-1,-1
4,7,115.06,311.92,18.50,38.71,0.48,1,-1,-1
4,8,120.81,188.11,35.32,25.53,0.98,4,-1,-1
4,9,123.23,236.51,22.18,32.52,0.98,10,-1,-1
4,10,147.69,293.70,35.18,27.25,0.95,10,-1,-1
4,11,141.72,236.68,19.49,31.47,0.98,10,-1,-1
4,12,159.73,505.64,36.66,33.76,0.43,10,-1,-1
4,13,189.22,325.14,40.16,27.83,0.98,10,-1,-1
4,14,195.12,312.71,20.55,32.82,0.90,2,-1,-1
4,15,202.48,219.50,18.14,27.98,0.80,10,-1,-1
4,16,236.92,185.35,30.74,30.61,0.83,4,-1,-1
4,17,244.42,172.11,26.42,24.48,0.85,4,-1,-1
4,18,252.73,156.31,24.13,22.10,0.64,4,-1,-1
4,19,278.42,278.20,40.55,26.71,0.93,10,-1,-1
4,20,287.11,266.86,18.99,32.13,0.60,2,-1,-1
4,21,291.31,295.08,40.53,27.30,0.92,10,-1,-1
4,22,285.29,131.42,20.20,18.94,0.87,4,-1,-1
4,23,299.46,286.57,18.84,31.29,0.56,2,-1,-1
4,24,299.96,196.87,19.41,28.94,0.96,10,-1,-1
4,25,299.56,227.65,17.90,29.48,0.96,10,-1,-1
4,26,327.28,476.72,80.60,62.24,0.92,4,-1,-1
4,27,337.74,203.98,62.23,25.55,0.99,4,-1,-1
4,28,349.86,184.76,16.55,22.23,0.82,10,-1,-1
4,29,359.57,237.59,23.87,20.42,0.79,10,-1,-1
4,30,358.53,306.38,28.36,34.84,0.98,10,-1,-1
4,31,397.90,221.30,17.67,23.69,0.89,10,-1,-1
4,32,399.09,160.36,25.83,22.55,0.92,5,-1,-1
4,33,397.05,241.79,28.87,21.93,0.66,10,-1,-1
4,34,405.52,267.62,22.23,26.83,0.45,10,-1,-1
4,35,411.84,187.30,24.34,25.96,0.75,4,-1,-1
4,36,402.03,248.74,34.77,22.05,0.60,10,-1,-1
4,37,409.39,258.59,16.48,31.23,0.89,2,-1,-1
4,38,425.95,207.41,18.56,20.02,0.27,10,-1,-1
4,41,447.36,266.81,17.80,30.04,0.94,2,-1,-1
4,42,467.85,235.27,31.27,22.85,0.90,10,-1,-1
4,43,487.31,245.86,13.52,24.48,0.74,1,-1,-1
4,44,512.34,224.14,56.42,28.19,0.98,4,-1,-1
4,45,510.20,418.47,60.65,77.38,1.00,7,-1,-1
4,46,512.19,259.43,27.64,21.33,0.60,10,-1,-1
4,47,548.72,270.29,28.96,23.35,0.95,10,-1,-1
4,48,553.02,261.96,16.31,28.94,0.91,2,-1,-1
4,49,548.45,207.61,40.60,28.09,0.40,5,-1,-1
4,50,559.03,328.72,18.53,37.93,0.98,10,-1,-1
4,51,560.37,320.20,16.45,37.51,0.99,2,-1,-1
4,53,594.60,239.68,80.59,32.32,0.94,4,-1,-1
4,54,603.73,385.72,49.44,68.38,0.22,8,-1,-1
4,55,604.39,339.62,43.81,57.77,0.84,8,-1,-1
4,56,626.16,492.59,35.05,46.31,0.94,10,-1,-1
4,57,635.99,271.84,49.13,45.11,0.70,8,-1,-1
4,58,632.41,483.38,25.96,41.82,0.69,2,-1,-1
4,59,666.11,276.78,51.47,45.63,0.50,4,-1,-1
4,60,703.55,231.87,78.49,31.66,0.97,4,-1,-1
4,61,710.75,353.93,37.35,29.17,0.49,10,-1,-1
4,66,436.95,484.52,86.24,54.32,0.70,4,-1,-1
4,67,480.01,259.78,15.88,25.58,0.91,2,-1,-1
4,69,548.65,207.94,40.66,28.20,0.43,7,-1,-1
4,71,471.66,269.20,35.08,23.32,0.91,10,-1,-1
4,72,154.21,286.27,15.90,29.53,0.67,2,-1,-1
4,73,365.22,301.64,18.68,30.13,0.68,2,-1,-1
4,74,656.92,228.42,43.39,24.11,0.83,7,-1,-1
4,75,661.74,364.62,47.01,39.17,0.65,7,-1,-1
4,39,447.00,272.02,21.67,29.12,0.94,10,-1,-1
5,1,2.12,207.92,54.04,28.35,0.87,4,-1,-1
5,2,30.32,343.29,83.12,38.68,0.97,7,-1,-1
5,3,66.99,335.55,23.90,32.76,0.91,2,-1,-1
5,4,57.27,186.26,50.82,27.11,0.85,4,-1,-1
5,5,76.66,223.45,16.80,23.86,0.38,10,-1,-1
5,6,108.45,217.56,18.63,26.28,0.93,10,-1,-1
5,7,115.99,311.47,19.31,39.01,0.54,1,-1,-1
5,8,120.05,188.05,35.10,25.38,0.97,4,-1,-1
5,9,122.17,236.31,22.70,32.72,0.93,10,-1,-1
5,10,150.68,293.13,35.14,27.11,0.95,10,-1,-1
5,11,141.24,236.69,19.53,31.57,0.98,10,-1,-1
5,12,154.89,510.20,35.34,29.28,0.37,10,-1,-1
5,13,194.02,323.87,39.90,28.16,0.98,10,-1,-1
5,14,199.62,311.68,19.69,33.82,0.78,2,-1,-1
5,15,201.66,219.92,18.29,27.82,0.80,10,-1,-1
5,16,236.75,185.33,30.07,30.45,0.68,4,-1,-1
5,17,243.86,172.15,26.27,24.66,0.93,4,-1,-1
5,18,252.07,156.82,23.96,21.22,0.38,4,-1,-1
5,19,280.58,277.35,41.00,26.12,0.93,10,-1,-1
5,20,290.27,266.90,17.82,30.40,0.26,2,-1,-1
5,21,295.20,294.83,40.38,26.61,0.96,10,-1,-1
5,22,284.35,131.66,20.65,19.34,0.94,4,-1,-1
5,23,303.29,286.23,18.68,30.85,0.60,2,-1,-1
5,24,301.65,195.83,19.57,28.82,0.98,10,-1,-1
5,25,299.73,227.43,18.08,30.00,0.96,10,-1,-1
5,26,326.73,476.68,80.26,62.09,0.89,4,-1,-1
5,27,337.27,203.74,62.04,25.60,0.99,4,-1,-1
5,28,350.14,184.18,16.74,22.32,0.71,10,-1,-1
5,29,360.02,237.76,23.74,19.98,0.72,10,-1,-1
5,30,354.02,308.73,28.80,35.46,0.99,10,-1,-1
5,31,397.47,221.08,17.56,24.20,0.82,10,-1,-1
5,32,398.36,160.30,25.98,22.36,0.88,5,-1,-1
5,33,394.60,242.41,28.36,21.88,0.69,10,-1,-1
5,34,403.84,267.77,21.85,27.24,0.73,10,-1,-1
5,35,411.34,187.58,24.74,25.66,0.82,4,-1,-1
5,36,396.75,246.99,36.77,24.44,0.34,10,-1,-1
5,37,407.30,258.73,16.78,30.95,0.73,2,-1,-1
5,38,423.58,205.82,18.23,20.90,0.32,10,-1,-1
5,41,446.71,266.98,16.79,28.84,0.89,2,-1,-1
5,42,466.57,235.62,30.69,22.37,0.90,10,-1,-1
5,43,486.67,245.58,13.20,24.01,0.80,1,-1,-1
5,44,512.52,223.90,55.83,28.34,0.98,4,-1,-1
5,45,507.45,415.01,60.72,76.63,1.00,7,-1,-1
5,46,509.19,260.32,28.47,20.83,0.67,10,-1,-1
5,47,552.90,270.63,29.78,23.29,0.87,10,-1,-1
5,48,557.63,262.20,16.38,29.10,0.90,2,-1,-1
5,50,558.71,327.00,18.64,38.27,0.98,10,-1,-1
5,51,560.18,318.67,16.30,37.80,0.98,2,-1,-1
5,53,592.83,239.58,80.51,32.26,0.95,4,-1,-1
5,55,603.37,339.37,43.65,60.08,0.78,8,-1,-1
5,56,623.38,488.20,34.08,49.47,0.94,10,-1,-1
5,57,635.24,271.41,49.43,44.72,0.85,8,-1,-1
5,58,629.35,479.82,25.58,42.85,0.39,2,-1,-1
5,59,665.37,276.40,51.69,46.20,0.62,4,-1,-1
5,60,701.73,230.35,80.74,33.04,0.98,4,-1,-1
5,61,710.03,352.96,37.14,29.81,0.53,10,-1,-1
5,66,436.62,484.29,86.17,54.69,0.62,4,-1,-1
5,67,482.08,260.43,15.66,24.21,0.86,2,-1,-1
5,71,473.32,269.33,35.44,23.00,0.71,10,-1,-1
5,74,654.88,228.03,43.39,24.59,0.90,7,-1,-1
5,39,445.99,271.35,21.28,29.34,0.90,10,-1,-1
5,76,486.66,241.98,40.98,23.81,0.70,7,-1,-1
5,77,556.88,241.22,27.12,20.19,0.72,10,-1,-1
6,1,1.49,207.51,54.23,28.40,0.85,4,-1,-1
6,2,35.25,343.27,83.02,37.20,0.99,7,-1,-1
6,3,72.27,334.59,23.30,31.81,0.95,2,-1,-1
6,4,56.66,186.18,50.83,26.91,0.84,4,-1,-1
6,5,76.18,223.35,16.57,23.75,0.44,10,-1,-1
6,6,108.29,218.04,17.93,24.75,0.96,10,-1,-1
6,7,117.92,310.84,18.74,39.11,0.76,1,-1,-1
6,8,119.40,187.77,34.91,25.54,0.97,4,-1,-1
6,9,121.26,235.99,22.98,32.58,0.97,10,-1,-1
6,10,153.89,292.59,35.45,27.59,0.96,10,-1,-1
6,11,140.51,236.22,19.87,32.03,0.97,10,-1,-1
6,12,152.75,506.53,30.70,32.18,0.54,2,-1,-1
6,13,198.02,323.44,40.23,27.41,0.98,10,-1,-1
6,14,203.77,311.12,18.93,33.73,0.66,2,-1,-1
6,15,200.73,219.69,18.34,27.98,0.87,10,-1,-1
6,16,236.23,185.07,30.28,30.41,0.74,6,-1,-1
6,17,242.89,172.24,26.22,23.43,0.89,4,-1,-1
6,18,251.30,157.18,23.68,20.68,0.44,4,-1,-1
6,19,284.38,276.73,40.08,25.92,0.91,10,-1,-1
6,20,293.05,266.49,16.81,29.54,0.35,2,-1,-1
6,21,299.00,293.61,39.58,27.52,0.95,10,-1,-1
6,22,283.37,132.03,21.00,19.37,0.83,4,-1,-1
6,23,306.43,285.75,19.61,31.65,0.56,2,-1,-1
6,24,302.52,195.04,20.06,28.58,0.98,10,-1,-1
6,25,299.52,226.98,18.56,30.81,0.91,10,-1,-1
6,26,326.07,476.42,80.58,62.48,0.91,4,-1,-1
6,27,337.08,203.42,61.56,25.62,0.99,4,-1,-1
6,28,349.95,183.34,17.24,22.99,0.80,10,-1,-1
6,29,360.12,237.67,24.51,20.51,0.83,10,-1,-1
6,30,349.59,310.29,28.51,35.66,0.99,10,-1,-1
6,31,396.43,220.55,18.37,24.37,0.89,10,-1,-1
6,32,397.24,160.26,26.43,22.29,0.64,5,-1,-1
6,33,392.46,243.77,28.09,22.97,0.80,10,-1,-1
6,34,401.35,268.19,22.15,27.38,0.73,10,-1,-1
6,35,410.71,187.52,24.42,25.57,0.71,4,-1,-1
6,36,393.52,246.18,36.20,26.04,0.26,10,-1,-1
6,37,405.12,259.49,16.44,30.62,0.84,2,-1,-1
6,38,421.10,205.06,18.97,21.18,0.54,10,-1,-1
6,41,445.86,266.11,16.84,29.94,0.94,2,-1,-1
6,42,465.05,235.14,30.84,22.89,0.91,10,-1,-1
6,43,485.78,245.26,12.68,23.70,0.88,1,-1,-1
6,44,511.28,223.59,56.46,28.38,0.98,4,-1,-1
6,45,504.61,412.01,59.46,74.67,1.00,7,-1,-1
6,46,506.20,260.12,29.27,20.74,0.55,10,-1,-1
6,47,557.72,270.10,29.61,23.26,0.94,10,-1,-1
6,48,562.22,261.51,16.39,29.38,0.87,2,-1,-1
6,50,558.55,324.93,18.67,38.40,0.98,10,-1,-1
6,51,560.07,317.11,16.25,37.48,0.98,2,-1,-1
6,53,590.95,239.43,79.61,32.46,0.95,4,-1,-1
6,55,603.64,339.26,41.62,57.10,0.74,8,-1,-1
6,56,620.33,484.01,33.76,52.59,0.94,10,-1,-1
6,57,634.53,270.93,49.50,44.89,0.91,8,-1,-1
6,58,624.92,476.81,27.15,43.62,0.35,2,-1,-1
6,59,664.22,275.94,52.63,46.50,0.36,4,-1,-1
6,60,699.82,229.84,82.26,33.91,0.99,4,-1,-1
6,61,709.76,351.98,34.48,30.03,0.51,10,-1,-1
6,66,436.03,483.97,86.60,54.82,0.69,4,-1,-1
6,67,484.65,260.51,15.15,24.25,0.94,2,-1,-1
6,71,475.76,269.60,36.03,22.89,0.63,10,-1,-1
6,74,653.02,228.29,43.39,23.98,0.71,7,-1,-1
6,39,445.00,270.72,21.58,30.03,0.91,10,-1,-1
6,76,485.80,242.31,42.42,24.53,0.58,7,-1,-1
6,77,555.28,241.07,28.08,20.19,0.60,10,-1,-1
6,78,0.34,291.40,26.99,39.17,0.75,4,-1,-1
6,79,56.01,335.09,18.01,28.33,0.90,2,-1,-1
6,80,107.28,208.83,16.72,23.20,0.62,10,-1,-1
6,81,236.10,185.02,30.44,30.44,0.63,4,-1,-1
6,82,659.93,366.13,47.01,37.37,0.62,10,-1,-1
6,49,546.70,207.29,40.86,28.28,0.76,7,-1,-1
7,1,0.97,207.03,54.09,29.03,0.86,4,-1,-1
7,2,40.53,342.72,81.95,36.71,0.99,7,-1,-1
7,3,76.84,334.15,22.78,30.60,0.94,2,-1,-1
7,4,55.96,186.34,50.68,27.04,0.88,4,-1,-1
7,5,75.63,223.70,16.70,23.51,0.51,10,-1,-1
7,6,107.72,216.20,17.61,25.70,0.98,10,-1,-1
7,7,119.30,310.49,18.30,39.57,0.70,1,-1,-1
7,8,118.84,187.75,35.31,25.60,0.97,4,-1,-1
7,9,120.72,235.85,22.97,32.53,0.98,10,-1,-1
7,10,157.32,292.39,35.52,27.22,0.95,10,-1,-1
7,11,140.14,236.03,19.68,31.99,0.97,10,-1,-1
7,12,149.87,510.64,27.52,28.58,0.54,1,-1,-1
7,13,203.00,321.91,39.72,28.01,0.94,10,-1,-1
7,14,207.65,310.41,19.98,32.86,0.81,2,-1,-1
7,15,199.87,220.19,18.15,27.82,0.89,10,-1,-1
7,16,235.62,185.05,30.15,30.61,0.76,4,-1,-1
7,17,242.64,172.35,25.78,24.50,0.90,4,-1,-1
7,18,251.13,157.57,22.94,20.71,0.47,4,-1,-1
7,19,288.02,276.61,37.62,25.85,0.95,10,-1,-1
7,20,296.32,266.43,16.69,29.68,0.56,2,-1,-1
7,21,303.10,294.00,39.20,27.30,0.97,10,-1,-1
7,22,283.01,132.68,20.92,19.05,0.90,4,-1,-1
7,23,310.91,285.87,19.00,31.29,0.84,2,-1,-1
7,24,304.30,194.11,19.19,28.95,0.98,10,-1,-1
7,25,299.84,227.39,18.21,30.88,0.91,10,-1,-1
7,26,325.74,476.40,80.28,62.61,0.94,4,-1,-1
7,27,336.89,203.48,61.41,25.41,0.99,4,-1,-1
7,28,350.16,183.12,17.00,22.39,0.92,10,-1,-1
7,29,361.24,238.21,24.36,20.27,0.78,10,-1,-1
7,30,345.34,312.93,28.40,35.29,0.99,10,-1,-1
7,31,395.96,220.43,18.24,24.43,0.74,10,-1,-1
7,32,396.33,160.20,26.17,21.85,0.89,5,-1,-1
7,34,399.17,268.90,22.26,27.64,0.74,10,-1,-1
7,35,410.59,187.55,23.45,25.55,0.82,4,-1,-1
7,36,390.14,247.45,34.26,24.21,0.31,10,-1,-1
7,37,403.26,260.86,16.32,30.28,0.83,2,-1,-1
7,38,418.93,205.62,19.23,20.03,0.44,10,-1,-1
7,41,445.05,265.68,16.86,29.68,0.95,2,-1,-1
7,42,464.44,234.08,27.54,23.91,0.80,10,-1,-1
7,43,484.28,244.68,13.41,26.31,0.93,1,-1,-1
7,44,510.53,223.23,57.93,29.01,0.96,4,-1,-1
7,45,502.13,408.82,59.47,74.45,0.99,7,-1,-1
7,46,498.00,258.05,35.15,22.93,0.19,10,-1,-1
7,47,562.06,269.55,29.97,23.45,0.90,10,-1,-1
7,48,566.70,260.79,16.38,30.54,0.93,2,-1,-1
7,50,558.59,322.63,18.27,38.89,0.97,10,-1,-1
7,51,560.12,315.84,16.24,37.37,0.99,2,-1,-1
7,53,589.83,239.63,78.66,32.31,0.93,4,-1,-1
7,55,603.02,339.28,42.61,60.03,0.81,8,-1,-1
7,56,616.94,482.18,34.52,54.09,0.96,10,-1,-1
7,57,634.40,271.04,49.52,44.10,0.93,8,-1,-1
7,58,621.51,473.42,26.86,44.31,0.53,2,-1,-1
7,59,663.94,276.15,52.96,45.86,0.70,4,-1,-1
7,60,698.45,230.66,81.07,32.97,0.98,4,-1,-1
7,61,710.24,352.32,32.75,29.27,0.67,10,-1,-1
7,66,435.50,483.71,87.19,55.29,0.75,4,-1,-1
7,67,486.59,260.80,14.56,24.71,0.95,2,-1,-1
7,71,478.37,270.07,36.21,22.18,0.55,10,-1,-1
7,74,652.07,228.54,43.39,24.26,0.91,7,-1,-1
7,39,444.15,270.49,21.26,30.04,0.88,10,-1,-1
7,76,481.76,243.21,40.40,23.28,0.90,7,-1,-1
7,77,553.86,241.77,28.27,19.95,0.89,10,-1,-1
7,78,0.18,292.14,31.91,37.72,0.79,4,-1,-1
7,79,59.55,334.62,18.37,28.32,0.80,2,-1,-1
7,80,106.92,208.25,17.21,24.16,0.66,10,-1,-1
7,81,235.43,185.16,30.19,30.43,0.68,4,-1,-1
7,82,659.35,365.87,47.01,37.36,0.60,10,-1,-1
7,49,545.79,207.28,41.85,28.11,0.59,5,-1,-1
7,83,301.04,224.05,15.67,26.22,0.78,2,-1,-1
7,84,353.47,307.06,17.48,29.53,0.82,2,-1,-1
7,85,559.89,226.61,13.26,28.02,0.71,2,-1,-1
7,86,563.81,233.54,12.66,24.71,0.81,2,-1,-1
8,1,0.97,207.46,53.59,28.43,0.77,4,-1,-1
8,2,45.28,342.76,82.21,36.15,0.97,7,-1,-1
8,3,82.00,333.59,22.82,31.04,0.97,2,-1,-1
8,4,55.81,186.26,50.00,27.10,0.91,4,-1,-1
8,6,107.30,213.38,17.51,26.86,0.98,10,-1,-1
8,7,121.10,310.36,18.14,39.33,0.64,1,-1,-1
8,8,118.50,187.62,35.41,25.62,0.97,4,-1,-1
8,9,120.25,235.89,22.76,32.11,0.96,10,-1,-1
8,10,160.60,291.81,35.75,27.39,0.93,10,-1,-1
8,11,139.96,236.05,19.35,32.18,0.96,10,-1,-1
8,12,145.35,517.18,26.61,22.02,0.31,10,-1,-1
8,13,207.43,321.19,39.96,27.81,0.97,10,-1,-1
8,14,212.59,309.76,19.73,33.40,0.60,2,-1,-1
8,15,199.30,219.82,18.09,28.60,0.76,10,-1,-1
8,16,235.11,185.22,30.32,30.48,0.79,4,-1,-1
8,17,241.86,172.25,26.47,25.48,0.91,4,-1,-1
8,18,250.60,157.46,23.09,21.36,0.60,4,-1,-1
8,19,289.39,276.17,39.76,26.06,0.89,10,-1,-1
8,20,299.57,266.31,16.77,29.74,0.76,2,-1,-1
8,21,307.45,294.56,38.36,25.77,0.93,10,-1,-1
8,22,282.62,132.97,20.88,19.24,0.79,4,-1,-1
8,23,314.91,286.11,18.77,30.53,0.76,2,-1,-1
8,24,305.84,193.57,18.77,28.88,0.99,10,-1,-1
8,25,300.18,227.22,18.06,31.71,0.96,10,-1,-1
8,26,325.45,476.41,80.18,62.67,0.93,4,-1,-1
8,27,336.44,203.39,61.79,25.55,0.99,4,-1,-1
8,28,350.46,182.62,16.91,22.57,0.83,10,-1,-1
8,29,362.09,238.91,24.29,19.35,0.76,10,-1,-1
8,30,341.52,316.29,27.95,34.73,0.99,10,-1,-1
8,31,395.64,220.27,18.18,25.69,0.60,10,-1,-1
8,32,395.66,160.16,26.48,21.91,0.48,5,-1,-1
8,34,397.47,269.22,21.89,28.14,0.57,10,-1,-1
8,35,410.18,187.42,23.09,25.97,0.69,4,-1,-1
8,36,386.86,248.58,33.52,23.41,0.66,10,-1,-1
8,37,400.83,261.52,17.11,30.79,0.94,2,-1,-1
8,38,416.43,202.83,18.91,22.29,0.41,10,-1,-1
8,41,444.64,265.55,16.87,29.38,0.91,2,-1,-1
8,42,463.27,234.09,26.72,24.08,0.82,10,-1,-1
8,43,483.64,244.47,13.66,27.16,0.82,1,-1,-1
8,44,509.51,223.30,57.64,29.24,0.93,4,-1,-1
8,45,499.94,405.75,59.08,74.43,1.00,7,-1,-1
8,46,493.36,257.25,37.50,23.87,0.22,10,-1,-1
8,47,566.81,269.25,29.28,23.31,0.93,10,-1,-1
8,48,571.31,260.53,16.36,29.73,0.84,2,-1,-1
8,50,558.67,321.44,18.54,38.66,0.96,10,-1,-1
8,51,560.20,314.60,16.24,36.92,0.99,2,-1,-1
8,53,587.68,239.59,78.98,32.68,0.94,4,-1,-1
8,55,603.29,339.29,40.89,56.61,0.75,8,-1,-1
8,56,614.25,478.87,34.80,55.75,0.98,10,-1,-1
8,57,634.03,270.88,50.35,43.82,0.94,8,-1,-1
8,58,618.83,470.07,25.91,43.33,0.62,2,-1,-1
8,59,663.95,276.02,52.25,45.83,0.56,4,-1,-1
8,60,696.46,230.37,80.52,32.99,0.98,4,-1,-1
8,61,710.48,352.46,32.25,29.41,0.53,10,-1,-1
8,66,435.16,483.64,86.97,55.46,0.66,4,-1,-1
8,67,488.48,260.98,14.82,24.25,0.93,2,-1,-1
8,71,480.52,270.31,36.69,21.97,0.43,10,-1,-1
8,74,652.35,228.15,41.59,24.13,0.89,7,-1,-1
8,39,443.72,270.55,21.14,30.03,0.94,10,-1,-1
8,76,479.51,242.42,40.20,23.34,0.77,7,-1,-1
8,77,552.53,241.99,28.80,20.11,0.79,10,-1,-1
8,78,0.13,290.28,37.44,38.97,0.80,4,-1,-1
8,79,63.73,334.30,18.78,27.40,0.89,2,-1,-1
8,49,545.56,207.06,41.37,28.47,0.83,5,-1,-1
8,84,349.56,308.99,17.96,29.53,0.70,2,-1,-1
8,85,559.59,226.60,13.26,27.54,0.60,2,-1,-1
8,86,563.02,233.29,12.66,24.71,0.78,2,-1,-1
8,87,367.03,149.46,12.05,18.98,0.67,10,-1,-1
9,1,1.17,207.09,53.26,28.61,0.76,4,-1,-1
9,2,50.52,341.08,81.95,37.24,0.99,7,-1,-1
9,3,86.72,332.78,24.38,32.02,0.93,2,-1,-1
9,4,55.65,186.41,49.96,26.92,0.90,4,-1,-1
9,6,106.51,209.89,18.23,28.95,0.97,10,-1,-1
9,7,122.59,310.10,18.29,39.24,0.16,1,-1,-1
9,8,118.49,187.65,35.44,25.63,0.97,4,-1,-1
9,9,120.33,235.79,22.67,31.96,0.97,10,-1,-1
9,10,164.40,291.39,35.84,27.66,0.97,10,-1,-1
9,11,139.89,236.04,19.64,32.25,0.95,10,-1,-1
9,13,212.00,320.54,40.04,27.74,0.99,10,-1,-1
9,14,217.60,308.93,19.83,32.78,0.66,2,-1,-1
9,15,198.99,220.37,17.65,28.27,0.66,10,-1,-1
9,16,235.03,185.28,30.38,30.23,0.75,4,-1,-1
9,17,241.98,172.41,26.30,25.24,0.90,4,-1,-1
9,18,250.61,157.71,22.94,21.19,0.47,4,-1,-1
9,19,293.65,275.10,38.54,26.75,0.94,10,-1,-1
9,20,302.75,265.65,16.80,30.60,0.71,2,-1,-1
9,21,311.51,294.35,38.38,26.08,0.96,10,-1,-1
9,22,282.69,133.32,20.86,19.10,0.87,4,-1,-1
9,23,319.58,286.31,18.68,29.73,0.66,2,-1,-1
9,24,307.54,192.99,18.95,28.25,0.98,10,-1,-1
9,25,300.38,227.74,18.62,31.80,0.96,10,-1,-1
9,26,325.41,476.41,80.14,62.70,0.89,4,-1,-1
9,27,336.57,203.26,61.94,25.60,0.99,4,-1,-1
9,28,351.25,181.75,16.88,22.42,0.90,10,-1,-1
9,29,363.26,238.73,24.25,19.24,0.79,10,-1,-1
9,30,337.90,317.22,28.19,36.16,0.93,10,-1,-1
9,31,395.20,220.12,18.56,25.74,0.66,10,-1,-1
9,32,395.32,160.04,26.98,21.94,0.65,5,-1,-1
9,34,395.76,268.81,22.16,28.93,0.80,10,-1,-1
9,35,410.13,187.27,22.54,26.13,0.65,4,-1,-1
9,36,383.63,249.50,33.25,22.71,0.71,10,-1,-1
9,37,399.48,262.25,16.99,29.55,0.93,2,-1,-1
9,38,414.44,201.68,18.78,23.06,0.29,10,-1,-1
9,41,443.98,265.34,16.87,28.65,0.92,2,-1,-1
9,42,463.40,234.31,24.34,24.14,0.55,10,-1,-1
9,43,483.10,243.82,13.76,28.12,0.69,1,-1,-1
9,44,507.81,223.24,58.73,29.32,0.95,4,-1,-1
9,45,498.07,402.92,57.71,73.21,1.00,7,-1,-1
9,46,494.90,258.11,33.96,22.43,0.28,10,-1,-1
9,47,571.72,269.58,29.43,23.26,0.72,10,-1,-1
9,48,576.58,260.87,16.35,29.82,0.90,2,-1,-1
9,50,559.17,321.09,18.23,37.75,0.95,10,-1,-1
9,51,560.50,313.20,16.24,37.18,0.99,2,-1,-1
9,53,586.63,239.80,78.27,32.62,0.96,4,-1,-1
9,55,603.69,339.52,40.03,54.76,0.69,8,-1,-1
9,56,612.00,474.76,33.87,57.49,0.97,10,-1,-1
9,57,633.98,271.06,50.64,43.51,0.94,8,-1,-1
9,58,615.99,467.14,26.36,44.20,0.29,2,-1,-1
9,59,664.04,276.01,51.98,45.83,0.61,4,-1,-1
9,60,695.04,229.28,81.88,34.22,0.98,4,-1,-1
9,61,709.76,352.54,32.12,29.47,0.53,10,-1,-1
9,66,435.32,483.63,86.88,55.51,0.73,4,-1,-1
9,67,491.65,260.52,14.92,24.94,0.91,2,-1,-1
9,71,483.56,270.17,36.42,21.91,0.51,10,-1,-1
9,74,650.77,228.36,42.78,23.66,0.69,7,-1,-1
9,39,442.85,269.79,21.10,30.00,0.97,10,-1,-1
9,76,478.32,240.48,45.65,24.75,0.87,7,-1,-1
9,77,551.76,241.94,28.96,19.95,0.85,10,-1,-1
9,78,0.60,289.07,44.33,39.73,0.72,4,-1,-1
9,79,67.69,332.97,20.68,28.52,0.23,2,-1,-1
9,49,545.37,206.90,41.17,28.81,0.74,7,-1,-1
9,84,345.39,310.76,18.97,30.92,0.86,2,-1,-1
9,85,559.11,227.42,13.72,28.38,0.27,2,-1,-1
9,86,561.52,233.02,13.12,24.71,0.67,2,-1,-1
9,87,367.02,149.59,12.05,18.26,0.53,10,-1,-1
9,88,301.64,226.61,15.67,25.31,0.75,2,-1,-1
9,89,502.03,401.08,30.74,40.98,0.62,2,-1,-1
10,1,1.13,206.68,53.43,29.07,0.76,4,-1,-1
10,2,55.64,339.91,81.98,37.64,0.98,7,-1,-1
10,3,91.20,331.90,22.86,29.96,0.16,2,-1,-1
10,4,55.61,185.98,50.18,27.46,0.90,4,-1,-1
10,6,106.06,208.65,18.79,29.32,0.97,10,-1,-1
10,7,123.83,310.22,18.35,38.38,0.35,1,-1,-1
10,8,118.57,187.79,35.70,25.63,0.97,4,-1,-1
10,9,120.46,235.76,22.53,32.11,0.98,10,-1,-1
10,10,168.34,290.95,35.87,27.85,0.93,10,-1,-1
10,11,139.90,236.15,19.55,32.27,0.96,10,-1,-1
10,13,217.10,319.73,39.66,27.71,0.99,10,-1,-1
10,14,222.56,308.04,19.67,32.97,0.60,2,-1,-1
10,15,198.72,220.58,17.91,28.33,0.78,10,-1,-1
10,16,235.03,185.31,30.20,30.14,0.72,4,-1,-1
10,17,242.06,172.48,26.24,25.34,0.91,4,-1,-1
10,18,250.44,157.90,23.10,20.92,0.46,4,-1,-1
10,19,297.51,274.52,38.18,27.01,0.94,10,-1,-1
10,20,305.86,265.12,18.46,31.51,0.84,2,-1,-1
10,21,316.12,294.07,37.99,25.98,0.97,10,-1,-1
10,22,282.64,133.54,21.05,19.55,0.86,4,-1,-1
10,23,324.21,285.87,18.25,29.75,0.90,2,-1,-1
10,24,309.03,192.19,19.12,28.44,0.97,10,-1,-1
10,25,301.27,228.45,19.22,32.22,0.93,10,-1,-1
10,26,325.44,476.00,79.72,63.11,0.92,4,-1,-1
10,27,336.64,203.32,62.41,25.41,0.99,4,-1,-1
10,28,351.95,180.84,16.87,22.36,0.80,10,-1,-1
10,29,364.50,238.24,24.22,19.62,0.85,10,-1,-1
10,30,333.90,319.50,28.69,36.67,0.99,10,-1,-1
10,31,395.08,220.27,18.29,25.54,0.47,10,-1,-1
10,32,395.23,160.10,26.76,21.54,0.85,5,-1,-1
10,34,394.22,269.73,22.66,28.82,0.90,10,-1,-1
10,35,410.34,187.20,21.93,25.98,0.42,4,-1,-1
10,36,379.55,247.24,37.27,25.12,0.88,10,-1,-1
10,37,398.07,262.90,16.94,29.70,0.98,2,-1,-1
10,41,443.37,264.56,16.87,29.00,0.95,2,-1,-1
10,42,462.88,234.39,24.39,24.56,0.80,10,-1,-1
10,43,482.13,243.37,14.21,27.08,0.63,1,-1,-1
10,44,504.20,222.82,61.53,29.53,0.96,4,-1,-1
10,45,496.90,400.16,56.40,72.79,0.99,7,-1,-1
10,47,576.00,268.68,30.31,23.64,0.70,10,-1,-1
10,48,581.61,260.79,16.34,29.65,0.65,2,-1,-1
10,50,559.99,320.81,17.70,36.60,0.96,10,-1,-1
10,51,560.82,311.91,16.25,37.28,0.99,2,-1,-1
10,53,585.51,239.76,77.62,32.79,0.97,4,-1,-1
10,55,603.65,339.38,39.95,54.89,0.81,8,-1,-1
10,56,609.46,471.88,33.74,56.92,0.91,10,-1,-1
10,57,633.59,271.11,50.73,43.20,0.96,8,-1,-1
10,58,615.49,463.33,24.09,43.29,0.50,2,-1,-1
10,59,664.10,275.89,51.88,45.72,0.62,4,-1,-1
10,60,694.17,229.17,80.73,34.26,0.97,4,-1,-1
10,61,709.95,352.96,32.13,29.09,0.39,10,-1,-1
10,66,435.00,483.62,87.26,55.52,0.63,4,-1,-1
10,67,494.99,260.85,13.30,24.77,0.84,2,-1,-1
10,71,486.86,270.32,35.89,21.48,0.42,10,-1,-1
10,74,650.28,228.74,42.33,23.28,0.86,7,-1,-1
10,39,442.58,269.33,20.67,29.37,0.97,10,-1,-1
10,76,477.76,240.81,44.51,24.15,0.93,7,-1,-1
10,77,550.70,241.68,29.00,20.11,0.54,10,-1,-1
10,78,0.52,288.63,51.74,39.15,0.77,4,-1,-1
10,79,73.43,332.60,20.61,29.32,0.41,2,-1,-1
10,49,545.34,206.93,41.49,28.92,0.70,7,-1,-1
10,84,341.72,312.95,19.32,31.85,0.88,2,-1,-1
10,85,558.97,228.27,13.88,29.12,0.21,2,-1,-1
10,86,560.81,232.80,13.28,25.41,0.60,2,-1,-1
10,87,367.03,149.14,11.59,18.59,0.52,10,-1,-1
10,90,638.84,301.04,44.60,54.84,0.61,8,-1,-1
10,54,601.79,384.54,48.56,69.26,0.61,8,-1,-1
10,5,75.16,223.65,16.99,24.01,0.57,10,-1,-1
11,1,0.92,205.67,53.67,30.05,0.81,4,-1,-1
11,2,61.57,339.44,80.85,37.40,0.99,7,-1,-1
11,3,96.72,331.56,23.48,30.41,0.49,2,-1,-1
11,4,55.81,185.97,49.98,27.26,0.91,4,-1,-1
11,6,106.98,210.87,17.80,26.27,0.97,10,-1,-1
11,7,125.77,310.03,18.37,38.07,0.45,1,-1,-1
11,8,118.89,187.89,35.13,25.23,0.97,4,-1,-1
11,9,120.65,235.61,22.38,32.38,0.98,10,-1,-1
11,10,172.62,291.07,36.07,27.01,0.95,10,-1,-1
11,11,139.89,236.15,19.76,32.07,0.98,10,-1,-1
11,13,222.77,319.02,39.11,27.71,0.98,10,-1,-1
11,14,227.26,306.90,18.79,33.04,0.46,2,-1,-1
11,15,198.66,220.41,18.00,28.56,0.86,10,-1,-1
11,16,235.27,184.98,30.13,30.32,0.76,4,-1,-1
11,17,242.43,172.37,26.22,25.17,0.82,4,-1,-1
11,18,250.42,158.14,23.15,20.82,0.66,4,-1,-1
11,19,300.02,273.40,39.08,27.31,0.97,10,-1,-1
11,20,308.73,264.71,19.83,31.46,0.93,2,-1,-1
11,21,320.51,293.43,38.27,26.07,0.97,10,-1,-1
11,22,282.16,133.93,21.71,19.62,0.70,4,-1,-1
11,23,328.41,284.87,18.50,30.38,0.85,2,-1,-1
11,24,310.95,191.70,18.38,28.11,0.96,10,-1,-1
11,25,302.32,229.77,19.34,32.76,0.93,10,-1,-1
11,26,325.66,475.82,79.56,63.26,0.93,4,-1,-1
11,27,336.49,203.22,62.98,25.55,0.99,4,-1,-1
11,28,352.82,180.20,16.86,22.14,0.87,10,-1,-1
11,29,365.75,238.03,22.99,19.36,0.71,10,-1,-1
11,30,329.95,321.27,29.27,37.65,0.99,10,-1,-1
11,31,394.86,219.92,18.58,25.25,0.68,10,-1,-1
11,32,395.05,160.12,27.06,21.40,0.92,5,-1,-1
11,34,392.51,270.85,22.45,28.56,0.78,10,-1,-1
11,35,410.86,186.96,20.88,25.93,0.47,4,-1,-1
11,36,376.18,248.96,35.58,23.64,0.91,10,-1,-1
11,37,396.41,263.50,16.91,29.76,0.96,2,-1,-1
11,41,442.98,263.77,17.28,28.53,0.97,2,-1,-1
11,42,462.53,234.71,24.42,24.32,0.73,10,-1,-1
11,43,481.81,242.81,14.77,29.73,0.85,1,-1,-1
11,44,503.09,222.56,62.95,29.61,0.91,4,-1,-1
11,45,495.12,397.62,56.36,71.04,1.00,7,-1,-1
11,47,581.05,268.56,30.22,23.58,0.53,10,-1,-1
11,48,586.14,259.75,16.32,30.59,0.51,2,-1,-1
11,50,560.28,319.11,17.51,36.60,0.99,10,-1,-1
11,51,561.14,310.67,16.25,35.69,0.99,2,-1,-1
11,53,583.94,239.85,77.38,32.65,0.96,4,-1,-1
11,55,603.44,338.93,40.54,55.34,0.75,8,-1,-1
11,56,607.00,469.50,32.87,55.40,0.95,10,-1,-1
11,57,634.27,271.15,49.94,43.09,0.96,8,-1,-1
11,58,612.36,460.82,24.67,41.73,0.65,2,-1,-1
11,59,664.14,275.96,51.83,45.98,0.84,4,-1,-1
11,60,692.71,229.66,79.42,33.86,0.99,4,-1,-1
11,61,710.01,352.92,32.16,29.36,0.53,10,-1,-1
11,66,435.08,483.60,86.97,55.52,0.55,4,-1,-1
11,67,497.54,260.76,12.72,24.30,0.69,2,-1,-1
11,71,489.61,270.04,36.51,21.97,0.35,10,-1,-1
11,74,648.89,228.77,43.01,23.38,0.74,7,-1,-1
11,39,441.90,268.05,20.93,29.73,0.98,10,-1,-1
11,76,487.17,239.69,40.16,23.49,0.74,7,-1,-1
11,77,549.75,241.59,28.58,20.38,0.73,10,-1,-1
11,78,0.59,288.17,58.53,39.03,0.80,4,-1,-1
11,79,80.40,331.81,19.63,29.15,0.19,2,-1,-1
11,49,545.76,207.05,41.60,28.97,0.85,7,-1,-1
11,84,337.30,315.38,20.29,33.44,0.94,2,-1,-1
11,86,559.74,232.74,13.31,25.19,0.62,2,-1,-1
11,87,366.58,148.28,12.39,19.16,0.27,10,-1,-1
11,54,601.58,384.27,49.12,69.34,0.77,8,-1,-1
11,5,75.27,223.26,16.84,23.69,0.67,10,-1,-1
11,91,664.15,276.33,51.83,46.41,0.81,8,-1,-1
11,46,495.89,260.25,17.78,23.25,0.92,10,-1,-1
12,1,0.36,205.84,53.41,30.21,0.79,4,-1,-1
12,2,66.40,338.94,80.56,36.91,0.99,7,-1,-1
12,4,55.90,185.91,49.99,27.38,0.90,4,-1,-1
12,6,107.13,212.08,17.73,24.65,0.97,10,-1,-1
12,8,118.96,187.97,35.12,25.07,0.96,4,-1,-1
12,9,120.47,235.60,22.63,32.48,0.98,10,-1,-1
12,10,176.14,290.16,35.95,27.50,0.95,10,-1,-1
12,11,139.93,235.89,19.85,32.20,0.98,10,-1,-1
12,13,227.07,317.82,39.93,28.11,0.98,10,-1,-1
12,14,231.51,306.34,19.91,33.08,0.77,2,-1,-1
12,15,198.00,220.67,18.45,28.84,0.85,10,-1,-1
12,16,235.31,184.89,30.12,30.18,0.66,4,-1,-1
12,17,242.42,172.56,26.01,24.90,0.88,4,-1,-1
12,18,250.37,158.44,23.18,20.79,0.73,4,-1,-1
12,19,303.52,272.72,38.72,27.62,0.96,10,-1,-1
12,20,311.84,264.59,19.59,31.23,0.83,2,-1,-1
12,21,324.36,292.62,38.80,25.90,0.98,10,-1,-1
12,22,282.14,134.04,21.96,19.94,0.93,4,-1,-1
12,23,330.38,284.63,20.62,30.71,0.70,2,-1,-1
12,24,312.56,191.16,18.11,27.79,0.96,10,-1,-1
12,25,303.55,231.98,18.88,31.57,0.96,10,-1,-1
12,26,325.51,475.80,79.52,63.32,0.95,4,-1,-1
12,27,336.79,203.21,62.80,25.40,0.99,4,-1,-1
12,28,353.48,179.39,16.46,22.05,0.93,10,-1,-1
12,29,366.75,237.26,22.10,20.49,0.82,10,-1,-1
12,30,326.17,322.88,29.09,38.80,0.99,10,-1,-1
12,31,394.94,220.11,18.29,24.94,0.74,10,-1,-1
12,32,394.95,160.03,26.77,21.56,0.97,5,-1,-1
12,34,390.49,271.57,23.17,29.26,0.83,10,-1,-1
12,35,410.80,187.18,20.93,25.71,0.62,4,-1,-1
12,36,372.80,249.59,35.65,23.40,0.90,10,-1,-1
12,37,394.61,264.02,17.31,29.58,0.98,2,-1,-1
12,41,442.43,263.12,17.03,28.56,0.92,2,-1,-1
12,42,462.60,234.34,23.22,24.62,0.65,10,-1,-1
12,43,481.08,242.43,15.38,31.84,0.95,1,-1,-1
12,44,500.89,222.28,64.26,29.63,0.95,4,-1,-1
12,45,493.11,394.80,57.19,70.84,0.98,7,-1,-1
12,47,585.75,269.24,30.19,22.55,0.71,10,-1,-1
12,48,591.05,259.88,17.12,30.14,0.62,2,-1,-1
12,50,560.76,318.35,17.44,35.80,0.97,10,-1,-1
12,51,561.64,309.88,15.85,35.11,0.96,2,-1,-1
12,53,582.37,239.88,77.12,32.40,0.96,4,-1,-1
12,55,602.95,338.77,41.59,55.90,0.79,8,-1,-1
12,56,604.76,466.35,32.77,55.13,0.99,10,-1,-1
12,57,634.11,270.96,49.64,43.05,0.94,8,-1,-1
12,58,610.92,457.80,23.26,41.15,0.67,2,-1,-1
12,59,664.15,276.09,51.83,46.18,0.63,8,-1,-1
12,60,691.39,230.06,78.09,33.28,0.99,4,-1,-1
12,61,709.62,352.91,33.03,29.06,0.63,10,-1,-1
12,66,435.11,483.62,86.87,55.52,0.52,4,-1,-1
12,67,499.76,260.52,14.67,24.95,0.92,2,-1,-1
12,71,492.32,269.54,36.74,22.76,0.60,10,-1,-1
12,74,646.76,228.57,44.09,23.83,0.83,7,-1,-1
12,39,441.45,268.02,20.62,29.46,0.99,10,-1,-1
12,76,491.77,237.64,37.22,24.74,0.54,7,-1,-1
12,77,549.64,240.52,27.59,21.10,0.67,10,-1,-1
12,78,0.56,287.46,65.36,38.76,0.86,4,-1,-1
12,49,545.91,206.91,41.64,29.38,0.81,7,-1,-1
12,84,333.14,317.65,20.18,33.12,0.97,2,-1,-1
12,86,559.19,232.19,13.32,25.10,0.40,2,-1,-1
12,87,366.41,148.64,12.64,18.62,0.65,10,-1,-1
12,54,601.72,384.59,49.91,68.97,0.43,8,-1,-1
12,5,75.42,222.35,16.79,24.60,0.25,10,-1,-1
12,91,664.15,275.96,51.83,46.05,0.64,4,-1,-1
12,92,221.33,164.83,14.16,20.49,0.61,10,-1,-1
12,93,235.35,184.72,30.44,30.44,0.79,6,-1,-1
12,94,304.50,230.83,15.82,26.52,0.83,2,-1,-1
12,95,496.31,393.25,31.34,41.58,0.84,2,-1,-1
12,82,659.32,366.71,45.83,36.19,0.56,10,-1,-1
13,1,0.49,205.53,53.75,30.45,0.70,4,-1,-1
13,2,71.41,337.77,79.98,37.14,1.00,7,-1,-1
13,4,55.57,185.70,50.52,27.42,0.85,4,-1,-1
13,6,107.20,211.80,17.82,24.11,0.94,10,-1,-1
13,8,118.90,187.91,35.01,25.02,0.96,4,-1,-1
13,9,120.48,235.40,22.92,32.72,0.99,10,-1,-1
13,10,179.83,288.84,36.10,28.68,0.96,10,-1,-1
13,11,139.86,236.01,20.08,32.04,0.98,10,-1,-1
13,13,232.61,316.80,39.43,28.66,0.97,10,-1,-1
13,14,236.44,305.66,21.29,32.99,0.87,2,-1,-1
13,15,197.78,220.47,18.81,29.34,0.87,10,-1,-1
13,16,235.33,184.97,30.11,29.73,0.79,4,-1,-1
13,17,242.53,172.44,25.93,25.19,0.84,4,-1,-1
13,18,250.36,158.66,22.99,20.57,0.56,4,-1,-1
13,19,307.12,273.69,38.98,27.13,0.95,10,-1,-1
13,20,315.29,264.47,19.08,30.73,0.87,2,-1,-1
13,21,328.85,292.53,39.00,26.05,0.98,10,-1,-1
13,22,282.13,134.38,22.05,19.75,0.82,4,-1,-1
13,23,335.32,284.55,19.84,31.04,0.85,2,-1,-1
13,24,313.68,190.28,18.43,28.08,0.96,10,-1,-1
13,25,304.50,231.00,18.79,33.10,0.98,10,-1,-1
13,26,325.46,475.78,79.50,63.32,0.94,4,-1,-1
13,27,337.30,202.91,62.33,25.74,1.00,4,-1,-1
13,28,354.10,178.63,16.31,22.22,0.95,10,-1,-1
13,29,367.88,236.78,23.02,21.49,0.77,10,-1,-1
13,30,322.49,324.61,29.42,39.62,0.96,10,-1,-1
13,31,394.57,220.69,18.58,24.01,0.83,10,-1,-1
13,32,394.72,159.91,26.65,21.62,0.93,5,-1,-1
13,34,389.19,271.93,22.64,29.12,0.92,10,-1,-1
13,35,410.56,186.87,20.96,25.83,0.72,4,-1,-1
13,36,369.26,250.12,36.47,23.10,0.92,10,-1,-1
13,37,392.99,264.59,17.05,29.92,0.98,2,-1,-1
13,41,441.82,262.59,16.93,29.18,0.91,2,-1,-1
13,42,462.86,232.81,21.97,27.11,0.46,10,-1,-1
13,43,481.00,242.29,14.83,32.66,0.95,1,-1,-1
13,44,500.26,222.19,65.12,29.42,0.90,4,-1,-1
13,45,491.21,392.04,56.30,70.38,1.00,7,-1,-1
13,47,590.51,269.30,30.57,22.36,0.15,10,-1,-1
13,48,594.90,259.53,17.42,29.96,0.15,2,-1,-1
13,50,561.31,317.70,17.43,35.11,0.91,10,-1,-1
13,51,561.99,309.23,15.70,34.49,0.98,2,-1,-1
13,53,580.20,239.99,77.83,32.29,0.95,4,-1,-1
13,55,602.74,338.70,41.98,55.29,0.83,8,-1,-1
13,56,601.99,462.07,33.15,55.36,0.96,10,-1,-1
13,57,634.43,271.00,48.71,42.94,0.94,8,-1,-1
13,58,608.03,454.97,23.55,41.35,0.72,2,-1,-1
13,59,664.12,275.83,51.82,46.15,0.66,4,-1,-1
13,60,690.10,230.72,76.76,32.64,0.99,4,-1,-1
13,61,710.24,352.49,31.75,28.94,0.53,10,-1,-1
13,66,435.11,483.62,86.83,55.50,0.64,4,-1,-1
13,67,502.88,260.03,13.35,25.59,0.72,1,-1,-1
13,71,494.82,269.75,37.22,22.86,0.29,10,-1,-1
13,74,644.77,228.28,46.10,24.00,0.82,7,-1,-1
13,39,440.48,267.54,20.91,29.54,0.97,10,-1,-1
13,76,493.90,239.88,30.21,23.34,0.27,7,-1,-1
13,77,549.42,239.83,26.81,21.96,0.36,10,-1,-1
13,78,0.62,286.00,72.22,40.12,0.94,4,-1,-1
13,49,546.55,207.06,41.25,29.13,0.59,7,-1,-1
13,84,328.66,319.85,21.36,34.19,0.93,2,-1,-1
13,86,559.02,231.16,13.31,25.91,0.32,2,-1,-1
13,54,601.95,384.51,49.60,68.41,0.57,8,-1,-1
13,5,75.26,221.73,17.15,25.12,0.24,10,-1,-1
13,91,664.13,276.01,51.83,46.32,0.62,8,-1,-1
13,94,305.47,230.34,15.82,27.24,0.76,2,-1,-1
13,95,495.58,391.31,29.41,41.10,0.59,2,-1,-1
13,96,546.93,207.32,40.98,28.93,0.74,7,-1,-1
14,1,0.40,206.00,53.80,29.74,0.73,4,-1,-1
14,2,76.38,336.94,79.68,37.24,0.99,7,-1,-1
14,4,55.68,185.71,50.39,27.24,0.86,4,-1,-1
14,6,107.07,210.56,17.95,24.77,0.95,10,-1,-1
14,8,118.83,187.77,34.97,25.20,0.97,4,-1,-1
14,9,120.28,235.42,22.93,32.41,0.97,10,-1,-1
14,10,183.87,288.73,35.96,28.13,0.94,10,-1,-1
14,11,139.88,235.83,19.62,31.98,0.97,10,-1,-1
14,13,236.80,316.43,40.25,28.07,0.99,10,-1,-1
14,14,241.98,305.63,21.23,32.36,0.92,2,-1,-1
14,15,197.60,220.67,18.95,29.52,0.83,10,-1,-1
14,16,235.34,184.98,30.11,29.56,0.76,4,-1,-1
14,17,242.46,172.38,26.11,24.90,0.87,4,-1,-1
14,18,250.46,159.12,22.71,20.09,0.75,4,-1,-1
14,19,309.74,273.78,40.29,27.14,0.97,10,-1,-1
14,20,318.26,264.13,19.27,30.74,0.92,2,-1,-1
14,21,332.97,291.79,39.48,26.62,0.97,10,-1,-1
14,22,282.43,134.93,21.48,19.18,0.90,4,-1,-1
14,23,339.26,283.92,20.71,31.16,0.82,2,-1,-1
14,24,315.44,189.57,18.15,28.00,0.99,10,-1,-1
14,25,305.02,231.41,18.75,33.06,0.98,10,-1,-1
14,26,325.43,475.56,79.50,63.73,0.95,4,-1,-1
14,27,337.48,202.79,62.14,25.67,1.00,4,-1,-1
14,28,354.90,178.25,16.26,21.88,0.96,10,-1,-1
14,29,373.64,239.04,17.76,25.59,0.55,2,-1,-1
14,30,318.44,326.77,30.33,40.70,0.99,10,-1,-1
14,31,394.44,220.30,18.68,23.86,0.64,10,-1,-1
14,32,394.44,159.66,26.20,21.85,0.84,5,-1,-1
14,34,387.55,272.92,22.43,28.65,0.83,10,-1,-1
14,35,410.47,186.74,20.98,25.87,0.55,4,-1,-1
14,36,366.25,250.20,36.37,23.19,0.85,10,-1,-1
14,37,391.23,265.28,16.95,30.85,0.97,2,-1,-1
14,41,441.41,262.61,16.89,29.21,0.88,2,-1,-1
14,42,462.96,233.68,21.14,26.31,0.21,10,-1,-1
14,43,480.59,242.05,15.01,32.77,0.87,1,-1,-1
14,44,500.84,221.95,64.24,29.34,0.93,4,-1,-1
14,45,489.77,389.10,55.58,70.24,1.00,7,-1,-1
14,47,595.31,268.82,29.92,22.29,0.15,10,-1,-1
14,50,561.49,316.29,17.42,35.28,0.93,10,-1,-1
14,51,562.70,307.71,15.24,35.81,0.97,2,-1,-1
14,53,577.64,240.23,78.31,32.26,0.93,4,-1,-1
14,55,603.05,339.08,41.32,54.65,0.76,8,-1,-1
14,56,599.43,460.35,32.49,53.43,0.97,10,-1,-1
14,57,634.13,270.91,49.17,42.80,0.93,8,-1,-1
14,58,606.45,452.22,22.24,40.63,0.92,2,-1,-1
14,59,664.51,275.84,51.01,45.44,0.66,4,-1,-1
14,60,688.46,229.67,77.86,33.82,0.99,4,-1,-1
14,61,710.47,352.53,31.29,28.90,0.64,10,-1,-1
14,66,434.90,483.41,87.21,55.49,0.63,4,-1,-1
14,67,506.82,258.95,14.05,26.23,0.85,2,-1,-1
14,71,498.05,269.32,36.99,23.09,0.73,10,-1,-1
14,74,644.44,228.08,45.25,24.27,0.56,7,-1,-1
14,39,440.13,266.87,21.02,29.97,0.96,10,-1,-1
14,76,491.50,240.80,29.70,23.21,0.46,7,-1,-1
14,77,547.49,240.07,27.78,21.68,0.36,10,-1,-1
14,78,1.30,284.66,78.23,41.21,0.95,4,-1,-1
14,49,546.38,207.11,41.49,29.03,0.60,7,-1,-1
14,84,325.12,322.19,20.97,34.55,0.93,2,-1,-1
14,86,558.98,227.62,13.72,28.65,0.28,2,-1,-1
14,54,601.82,384.47,49.68,68.21,0.66,8,-1,-1
14,91,664.60,276.38,50.89,45.60,0.68,8,-1,-1
14,94,305.77,230.01,16.17,26.69,0.95,2,-1,-1
14,95,493.76,388.60,28.56,41.47,0.39,2,-1,-1
14,96,545.95,207.20,41.94,28.69,0.75,5,-1,-1
14,97,383.30,149.77,20.49,19.89,0.65,4,-1,-1
15,1,0.29,205.91,54.26,29.86,0.83,4,-1,-1
15,2,81.38,336.87,79.06,36.87,0.98,7,-1,-1
15,4,55.46,185.62,50.65,27.17,0.89,4,-1,-1
15,6,107.02,210.13,17.61,24.41,0.90,10,-1,-1
15,8,118.75,187.73,34.96,25.07,0.97,4,-1,-1
15,9,120.26,235.33,22.93,32.69,0.97,10,-1,-1
15,10,187.76,287.83,35.90,28.40,0.89,10,-1,-1
15,11,140.19,235.88,19.34,31.76,0.96,10,-1,-1
15,13,241.90,315.74,39.56,28.24,0.98,10,-1,-1
15,14,247.32,304.95,20.61,32.43,0.95,2,-1,-1
15,15,197.35,221.05,18.40,29.59,0.92,10,-1,-1
15,16,235.24,184.79,30.31,29.91,0.81,4,-1,-1
15,17,242.44,171.96,26.17,25.39,0.62,4,-1,-1
15,18,250.41,159.18,22.62,20.32,0.60,4,-1,-1
15,19,312.22,272.83,40.38,27.74,0.98,10,-1,-1
15,20,320.28,264.01,19.74,31.15,0.49,2,-1,-1
15,21,337.36,290.53,39.67,27.63,0.98,10,-1,-1
15,22,282.26,135.13,21.86,19.41,0.81,4,-1,-1
15,23,344.38,283.09,20.24,32.20,0.85,2,-1,-1
15,24,317.05,189.13,17.64,27.57,0.94,10,-1,-1
15,25,305.70,232.94,18.84,32.43,0.98,10,-1,-1
15,26,325.24,475.69,79.51,63.47,0.96,4,-1,-1
15,27,337.95,202.65,62.48,25.84,1.00,4,-1,-1
15,28,355.38,177.53,16.24,21.95,0.97,10,-1,-1
15,29,371.62,236.37,24.98,25.28,0.75,10,-1,-1
15,30,314.67,329.30,30.28,41.10,0.99,10,-1,-1
15,31,394.80,219.65,18.32,24.01,0.75,10,-1,-1
15,32,394.16,159.46,26.43,22.14,0.95,5,-1,-1
15,34,385.82,272.37,22.75,29.87,0.90,10,-1,-1
15,35,410.65,186.79,21.00,25.69,0.57,4,-1,-1
15,36,362.47,249.11,37.91,24.42,0.80,10,-1,-1
15,37,389.65,265.71,16.91,30.21,0.97,2,-1,-1
15,41,440.89,262.64,16.88,28.62,0.95,2,-1,-1
15,42,461.56,235.74,22.99,25.75,0.25,10,-1,-1
15,43,480.08,241.48,15.47,33.18,0.86,1,-1,-1
15,44,500.74,221.67,63.86,28.90,0.93,4,-1,-1
15,45,487.92,387.12,55.34,69.41,1.00,7,-1,-1
15,47,600.37,268.24,29.87,22.67,0.18,10,-1,-1
15,50,562.17,313.78,17.03,36.17,0.94,10,-1,-1
15,51,563.18,306.28,15.08,35.60,0.96,2,-1,-1
15,53,575.35,240.11,78.70,33.05,0.96,4,-1,-1
15,55,603.21,339.02,41.08,54.00,0.69,8,-1,-1
15,56,597.19,457.03,32.05,54.23,0.96,10,-1,-1
15,57,634.06,270.97,49.34,42.45,0.95,8,-1,-1
15,58,603.15,449.91,22.59,41.59,0.64,2,-1,-1
15,59,664.69,275.84,50.72,45.37,0.81,4,-1,-1
15,60,687.12,229.86,79.07,33.45,0.98,4,-1,-1
15,61,709.36,352.54,33.60,28.49,0.70,10,-1,-1
15,66,434.65,483.14,87.76,55.89,0.65,4,-1,-1
15,67,508.58,259.02,14.29,25.87,0.70,2,-1,-1
15,71,501.19,268.46,37.29,23.78,0.32,10,-1,-1
15,74,644.01,228.29,44.90,24.17,0.36,7,-1,-1
15,39,439.84,266.04,20.66,30.33,0.95,10,-1,-1
15,76,492.14,240.93,29.13,22.56,0.28,10,-1,-1
15,77,548.06,240.57,26.92,21.56,0.27,10,-1,-1
15,78,0.72,284.72,86.35,41.71,0.99,4,-1,-1
15,49,546.15,207.03,41.59,28.99,0.82,7,-1,-1
15,84,321.75,325.01,20.78,33.44,0.89,2,-1,-1
15,86,558.41,226.13,14.67,29.46,0.33,2,-1,-1
15,54,601.61,384.87,50.32,67.73,0.48,8,-1,-1
15,91,664.77,276.48,50.60,45.82,0.75,8,-1,-1
15,94,305.99,230.38,16.40,26.97,0.82,2,-1,-1
15,95,492.26,386.30,28.77,40.66,0.92,2,-1,-1
15,96,546.24,207.17,41.67,29.11,0.70,7,-1,-1
15,98,491.18,213.50,13.26,23.50,0.75,2,-1,-1
15,99,501.43,232.33,12.66,23.81,0.62,2,-1,-1
15,100,507.76,258.70,13.86,26.82,0.61,1,-1,-1
15,101,602.38,450.50,23.81,41.58,0.68,2,-1,-1
15,7,133.78,315.10,32.31,34.18,0.60,10,-1,-1
16,1,0.45,205.80,54.71,30.09,0.78,4,-1,-1
16,2,86.27,336.50,79.35,36.34,0.97,7,-1,-1
16,4,55.49,185.51,50.85,27.34,0.76,4,-1,-1
16,6,106.91,209.92,17.58,24.29,0.94,10,-1,-1
16,8,118.73,187.73,35.16,25.22,0.97,4,-1,-1
16,9,120.47,235.33,22.53,32.60,0.97,10,-1,-1
16,10,191.69,287.83,36.08,28.01,0.92,10,-1,-1
16,11,139.97,235.82,19.69,32.08,0.97,10,-1,-1
16,13,246.65,314.94,39.49,27.91,0.97,10,-1,-1
16,14,252.37,304.25,19.56,32.56,0.80,2,-1,-1
16,15,197.08,221.70,18.19,29.21,0.85,10,-1,-1
16,16,235.22,184.94,30.39,29.84,0.83,4,-1,-1
16,17,242.55,171.92,26.00,25.17,0.76,4,-1,-1
16,18,250.20,159.32,22.58,20.21,0.71,4,-1,-1
16,19,314.84,272.71,40.82,27.57,0.98,10,-1,-1
16,20,323.52,263.90,20.70,31.30,0.74,2,-1,-1
16,21,341.88,290.28,39.74,27.42,0.96,10,-1,-1
16,22,282.12,135.65,21.99,19.34,0.85,4,-1,-1
16,23,349.79,283.11,20.05,31.51,0.72,2,-1,-1
16,24,319.01,188.91,16.65,27.42,0.90,10,-1,-1
16,25,305.95,233.52,19.07,32.58,0.98,10,-1,-1
16,26,324.99,475.78,79.92,63.38,0.96,4,-1,-1
16,27,338.34,202.62,62.62,25.90,1.00,4,-1,-1
16,28,356.16,177.10,15.84,21.58,0.98,10,-1,-1
16,29,371.86,235.59,25.40,24.90,0.78,10,-1,-1
16,30,310.63,332.39,30.25,41.23,0.99,10,-1,-1
16,31,394.97,219.83,18.58,23.86,0.80,10,-1,-1
16,32,393.89,159.40,26.51,21.85,0.88,5,-1,-1
16,34,383.26,273.26,24.06,29.73,0.95,10,-1,-1
16,35,410.34,186.82,21.82,25.63,0.68,4,-1,-1
16,36,359.39,249.61,38.88,24.09,0.81,10,-1,-1
16,37,387.74,266.27,17.30,30.36,0.97,2,-1,-1
16,41,440.34,262.29,16.88,28.40,0.94,2,-1,-1
16,42,460.72,236.93,21.62,25.13,0.24,10,-1,-1
16,43,479.73,240.90,15.64,32.94,0.95,1,-1,-1
16,44,500.76,221.78,63.69,27.93,0.92,4,-1,-1
16,45,486.52,384.50,54.86,69.54,1.00,7,-1,-1
16,47,605.11,266.85,30.05,23.62,0.44,10,-1,-1
16,50,562.84,312.51,16.88,35.71,0.94,10,-1,-1
16,51,563.77,305.41,14.62,34.72,0.93,2,-1,-1
16,53,572.99,240.37,79.26,33.14,0.95,4,-1,-1
16,55,603.09,339.02,41.60,54.16,0.71,8,-1,-1
16,56,595.49,454.92,30.89,52.93,0.98,10,-1,-1
16,57,634.46,271.12,48.61,42.23,0.92,8,-1,-1
16,58,600.86,447.57,22.32,40.35,0.39,2,-1,-1
16,60,685.90,230.06,77.93,33.50,0.99,4,-1,-1
16,61,709.79,351.76,33.64,29.15,0.66,10,-1,-1
16,66,434.78,483.07,87.96,56.04,0.78,4,-1,-1
16,67,512.75,259.48,15.19,25.13,0.89,2,-1,-1
16,71,504.89,268.35,36.61,24.04,0.79,10,-1,-1
16,74,642.31,228.18,45.57,24.33,0.78,7,-1,-1
16,39,439.38,265.87,20.94,30.46,0.96,10,-1,-1
16,76,495.33,239.97,23.45,21.50,0.47,7,-1,-1
16,77,547.54,240.48,26.19,21.30,0.18,10,-1,-1
16,78,0.61,283.70,93.41,42.78,0.99,4,-1,-1
16,49,546.89,207.11,41.62,28.77,0.56,7,-1,-1
16,84,317.84,327.63,20.70,32.97,0.70,2,-1,-1
16,86,558.44,225.41,14.24,28.76,0.73,1,-1,-1
16,54,601.56,385.24,50.56,67.55,0.56,8,-1,-1
16,94,306.29,230.85,16.47,26.85,0.57,2,-1,-1
16,95,491.20,383.87,28.40,40.40,0.85,2,-1,-1
16,96,546.82,207.17,41.11,28.78,0.67,7,-1,-1
16,98,489.03,213.98,14.22,23.99,0.73,2,-1,-1
16,99,500.96,232.33,13.14,23.81,0.58,2,-1,-1
16,7,135.19,314.65,34.22,34.63,0.38,1,-1,-1
16,33,366.46,243.47,38.94,23.20,0.72,10,-1,-1
16,38,403.74,197.31,16.39,22.37,0.68,10,-1,-1
16,85,558.97,225.64,14.45,28.66,0.52,2,-1,-1
17,1,0.50,205.72,54.51,30.18,0.84,4,-1,-1
17,2,91.53,335.53,79.07,36.56,0.94,7,-1,-1
17,4,55.24,185.54,51.41,27.20,0.89,4,-1,-1
17,6,106.74,210.03,17.58,24.26,0.98,10,-1,-1
17,8,118.90,187.80,35.28,25.28,0.97,4,-1,-1
17,9,120.72,235.19,21.97,32.56,0.97,10,-1,-1
17,10,195.53,287.21,35.94,28.25,0.97,10,-1,-1
17,11,140.10,235.66,19.42,32.19,0.98,10,-1,-1
17,13,251.66,314.02,39.07,28.18,0.97,10,-1,-1
17,14,257.18,303.47,19.97,33.32,0.81,2,-1,-1
17,15,197.01,222.01,18.11,29.26,0.66,10,-1,-1
17,16,235.03,184.87,30.62,29.82,0.79,4,-1,-1
17,17,242.90,171.68,25.93,25.28,0.73,4,-1,-1
17,18,250.14,159.43,22.57,20.37,0.70,4,-1,-1
17,19,317.11,271.26,40.97,28.69,0.96,10,-1,-1
17,20,326.24,263.24,20.27,31.95,0.28,2,-1,-1
17,21,346.20,289.67,39.76,27.23,0.94,10,-1,-1
17,22,282.27,136.02,22.04,19.42,0.86,4,-1,-1
17,23,354.85,282.80,19.57,31.52,0.87,2,-1,-1
17,24,320.67,188.32,16.29,27.36,0.92,10,-1,-1
17,25,306.42,233.80,19.14,32.63,0.98,10,-1,-1
17,26,324.89,475.76,80.06,63.33,0.97,4,-1,-1
17,27,338.88,202.69,62.26,25.73,1.00,4,-1,-1
17,28,356.62,177.05,15.69,20.63,0.98,10,-1,-1
17,29,373.00,235.66,24.38,25.32,0.67,10,-1,-1
17,30,306.94,335.24,30.33,41.25,0.99,10,-1,-1
17,31,395.03,220.59,18.27,23.21,0.73,10,-1,-1
17,32,393.79,159.47,26.14,21.54,0.98,5,-1,-1
17,34,381.54,273.95,23.77,29.27,0.97,10,-1,-1
17,35,408.63,187.12,23.70,25.60,0.21,4,-1,-1
17,36,356.56,249.77,38.06,23.95,0.70,10,-1,-1
17,37,386.07,266.83,17.44,30.41,0.95,2,-1,-1
17,41,439.74,261.75,16.87,27.72,0.93,2,-1,-1
17,42,456.46,240.87,25.25,23.08,0.38,10,-1,-1
17,43,479.39,240.57,15.30,32.03,0.95,1,-1,-1
17,44,499.98,221.82,64.39,27.56,0.96,4,-1,-1
17,45,485.24,382.79,53.49,67.99,1.00,7,-1,-1
17,47,609.68,266.61,31.51,23.97,0.34,10,-1,-1
17,50,562.84,312.07,17.24,35.54,0.96,10,-1,-1
17,51,564.14,304.21,14.86,34.70,0.99,2,-1,-1
17,53,571.13,240.76,78.46,33.18,0.96,4,-1,-1
17,55,602.62,339.19,41.38,54.21,0.64,8,-1,-1
17,56,593.09,451.81,31.08,53.18,0.97,10,-1,-1
17,57,634.98,271.06,48.32,41.85,0.87,8,-1,-1
17,58,597.84,443.76,23.64,42.31,0.78,2,-1,-1
17,60,684.65,230.13,77.47,33.51,0.99,4,-1,-1
17,61,709.50,351.25,33.66,29.39,0.53,10,-1,-1
17,66,434.61,483.00,88.02,56.08,0.78,4,-1,-1
17,67,516.76,259.74,15.52,24.85,0.92,2,-1,-1
17,71,508.36,268.19,35.93,23.73,0.91,10,-1,-1
17,74,639.68,227.33,47.39,25.19,0.72,7,-1,-1
17,39,439.01,266.20,20.63,29.51,0.96,10,-1,-1
17,76,494.51,238.99,23.45,20.92,0.71,7,-1,-1
17,78,0.92,282.70,100.28,43.56,0.99,4,-1,-1
17,49,546.74,207.04,41.22,28.68,0.83,7,-1,-1
17,84,314.30,330.70,20.24,33.19,0.61,2,-1,-1
17,86,558.25,225.27,14.04,28.04,0.70,2,-1,-1
17,54,601.50,385.55,50.63,66.68,0.39,8,-1,-1
17,94,306.92,231.74,16.37,27.24,0.23,2,-1,-1
17,95,489.78,381.82,29.17,41.20,0.54,2,-1,-1
17,96,545.84,206.94,41.85,28.44,0.91,7,-1,-1
17,98,487.25,213.60,14.86,24.08,0.79,2,-1,-1
17,99,500.41,232.32,13.69,23.34,0.70,2,-1,-1
17,7,135.33,317.32,30.87,30.69,0.50,3,-1,-1
17,33,362.46,243.60,41.63,23.42,0.63,10,-1,-1
17,38,402.70,196.84,15.36,21.86,0.70,10,-1,-1
17,85,558.98,225.44,13.63,27.95,0.69,2,-1,-1
17,102,201.75,281.45,17.48,27.42,0.75,2,-1,-1
17,103,240.02,129.80,12.96,17.33,0.62,10,-1,-1
17,104,664.15,276.03,51.83,44.90,0.77,4,-1,-1
17,3,125.75,327.83,22.23,30.14,0.51,2,-1,-1
17,59,664.77,276.32,50.61,45.58,0.79,4,-1,-1
18,1,0.43,205.72,54.29,30.20,0.78,4,-1,-1
18,2,95.98,334.82,78.98,36.64,0.99,7,-1,-1
18,4,55.31,185.26,51.53,27.55,0.90,4,-1,-1
18,6,106.55,209.39,17.48,24.26,0.98,10,-1,-1
18,8,118.99,187.84,35.37,25.30,0.98,4,-1,-1
18,9,120.79,235.26,21.76,32.35,0.97,10,-1,-1
18,10,199.31,287.42,36.09,28.14,0.98,10,-1,-1
18,11,140.03,235.72,19.42,32.04,0.98,10,-1,-1
18,13,256.64,312.74,39.31,28.68,0.98,10,-1,-1
18,14,262.29,303.32,20.52,33.90,0.93,2,-1,-1
18,15,196.67,222.43,18.28,29.07,0.81,10,-1,-1
18,16,235.24,184.86,30.31,29.81,0.77,4,-1,-1
18,17,243.22,171.41,25.71,25.52,0.69,4,-1,-1
18,18,250.01,159.78,22.77,20.63,0.70,4,-1,-1
18,19,320.43,271.23,40.23,28.52,0.98,10,-1,-1
18,20,328.93,263.22,19.70,31.80,0.18,2,-1,-1
18,21,351.25,289.88,38.98,26.97,0.92,10,-1,-1
18,22,282.52,136.50,22.05,19.29,0.87,4,-1,-1
18,23,359.59,282.71,19.79,31.13,0.87,2,-1,-1
18,24,322.02,187.94,16.18,26.75,0.94,10,-1,-1
18,25,306.77,234.19,19.17,33.23,0.98,10,-1,-1
18,26,325.04,475.79,80.13,63.32,0.96,4,-1,-1
18,27,339.07,202.53,62.13,25.86,1.00,4,-1,-1
18,28,356.96,176.56,15.64,20.49,0.96,10,-1,-1
18,29,369.22,238.72,31.49,23.52,0.75,10,-1,-1
18,30,303.10,338.05,30.55,42.04,0.99,10,-1,-1
18,31,394.85,220.08,18.55,23.37,0.74,10,-1,-1
18,32,393.36,159.30,26.40,21.62,0.97,5,-1,-1
18,34,381.55,274.41,22.46,29.09,0.98,10,-1,-1
18,35,409.15,186.74,23.26,25.60,0.55,4,-1,-1
18,36,353.82,249.64,37.72,23.89,0.80,10,-1,-1
18,37,384.91,267.73,17.49,29.64,0.93,2,-1,-1
18,41,439.13,261.28,17.27,28.07,0.94,2,-1,-1
18,42,452.92,240.29,27.22,24.15,0.47,10,-1,-1
18,43,479.09,240.38,15.17,31.07,0.94,1,-1,-1
18,44,499.52,221.95,64.25,27.23,0.96,4,-1,-1
18,45,483.84,381.29,53.00,67.04,0.99,7,-1,-1
18,47,614.82,265.96,30.10,24.10,0.30,10,-1,-1
18,50,563.44,311.16,17.37,35.48,0.98,10,-1,-1
18,51,564.69,303.32,15.36,33.60,0.98,2,-1,-1
18,53,569.91,240.81,77.96,33.39,0.94,4,-1,-1
18,55,602.66,339.08,41.11,55.04,0.75,8,-1,-1
18,56,590.50,449.39,31.36,52.86,0.98,10,-1,-1
18,57,634.79,271.25,48.23,42.32,0.93,8,-1,-1
18,58,594.84,441.07,24.52,42.24,0.89,2,-1,-1
18,60,683.05,230.47,77.29,33.51,0.99,4,-1,-1
18,61,708.63,349.30,35.27,31.08,0.55,10,-1,-1
18,66,434.75,483.01,87.65,56.10,0.63,4,-1,-1
18,67,520.58,260.05,15.26,24.34,0.73,2,-1,-1
18,71,512.16,268.05,34.87,23.81,0.80,10,-1,-1
18,74,637.56,227.22,48.86,25.71,0.80,7,-1,-1
18,39,438.29,265.77,20.92,29.54,0.98,10,-1,-1
18,76,492.79,239.69,25.16,20.31,0.88,7,-1,-1
18,78,0.98,281.49,107.40,44.34,1.00,4,-1,-1
18,49,546.10,207.12,41.88,28.85,0.69,7,-1,-1
18,84,309.90,333.18,20.47,34.47,0.75,2,-1,-1
18,54,601.30,385.49,50.86,66.77,0.55,8,-1,-1
18,95,488.31,379.75,30.70,40.21,0.95,2,-1,-1
18,98,485.72,213.60,15.09,23.41,0.36,2,-1,-1
18,99,499.99,232.09,13.42,22.48,0.54,2,-1,-1
18,7,136.57,318.55,33.36,30.07,0.65,1,-1,-1
18,33,360.88,243.26,41.21,23.09,0.56,10,-1,-1
18,38,401.33,195.88,15.06,21.91,0.74,10,-1,-1
18,85,558.59,225.49,13.77,27.12,0.77,1,-1,-1
18,102,204.53,280.48,18.44,29.83,0.78,2,-1,-1
18,104,664.16,276.03,51.83,45.86,0.86,4,-1,-1
18,3,129.40,327.44,22.67,29.30,0.29,2,-1,-1
18,59,664.78,276.33,50.62,45.95,0.85,4,-1,-1
19,1,0.13,205.61,53.75,30.21,0.82,4,-1,-1
19,2,100.76,334.57,78.36,36.68,0.98,7,-1,-1
19,4,55.10,184.86,52.16,28.08,0.88,4,-1,-1
19,6,106.19,208.56,17.34,24.28,0.99,10,-1,-1
19,8,119.38,187.66,35.36,25.31,0.98,4,-1,-1
19,9,121.03,235.48,21.49,31.87,0.96,10,-1,-1
19,10,203.29,286.71,35.95,28.09,0.97,10,-1,-1
19,11,140.21,235.94,19.52,31.78,0.98,10,-1,-1
19,13,261.42,312.47,39.40,28.47,0.96,10,-1,-1
19,14,266.83,302.59,19.93,33.83,0.87,2,-1,-1
19,15,196.56,222.48,18.34,29.40,0.81,10,-1,-1
19,16,235.23,184.95,30.39,29.81,0.76,4,-1,-1
19,17,243.04,171.30,26.03,25.81,0.61,4,-1,-1
19,18,249.97,160.00,22.85,20.54,0.60,4,-1,-1
19,19,323.96,271.15,39.54,27.66,0.98,10,-1,-1
19,20,332.42,263.02,19.47,31.14,0.50,2,-1,-1
19,21,355.98,289.97,39.08,26.46,0.88,10,-1,-1
19,22,282.82,137.12,21.85,19.20,0.82,4,-1,-1
19,23,365.19,282.19,19.47,31.08,0.92,2,-1,-1
19,24,323.26,187.21,16.15,27.13,0.92,10,-1,-1
19,25,307.27,234.42,19.18,33.65,0.99,10,-1,-1
19,26,325.50,475.99,79.35,63.31,0.94,4,-1,-1
19,27,339.53,202.58,61.68,25.71,1.00,4,-1,-1
19,28,357.26,176.20,15.22,20.24,0.94,10,-1,-1
19,29,372.62,239.14,27.53,23.18,0.56,10,-1,-1
19,30,299.69,341.40,29.93,42.32,0.99,10,-1,-1
19,31,395.38,219.69,18.26,23.63,0.62,10,-1,-1
19,32,393.21,159.25,26.49,21.66,0.98,5,-1,-1
19,34,381.24,275.16,21.13,28.01,0.98,10,-1,-1
19,35,410.36,186.80,21.87,25.40,0.37,4,-1,-1
19,36,351.72,249.79,36.38,23.67,0.87,10,-1,-1
19,37,383.53,268.14,17.11,28.94,0.95,2,-1,-1
19,41,439.31,259.42,17.42,29.01,0.98,2,-1,-1
19,42,450.18,241.09,27.26,23.34,0.63,10,-1,-1
19,43,479.19,240.12,14.72,30.09,0.95,1,-1,-1
19,44,500.96,222.01,61.78,27.11,0.93,4,-1,-1
19,45,482.98,379.83,52.03,66.71,0.99,7,-1,-1
19,47,619.96,265.23,29.32,24.35,0.19,10,-1,-1
19,50,563.83,309.67,17.42,35.47,0.99,10,-1,-1
19,51,565.06,302.14,15.54,33.29,0.99,2,-1,-1
19,53,567.11,241.03,78.98,33.26,0.85,4,-1,-1
19,55,602.86,339.04,41.20,54.95,0.88,8,-1,-1
19,56,588.20,446.99,31.67,52.72,0.96,10,-1,-1
19,57,635.11,271.43,49.79,41.80,0.80,8,-1,-1
19,58,592.78,437.98,24.27,43.00,0.85,2,-1,-1
19,60,681.29,231.21,78.02,33.11,0.98,4,-1,-1
19,61,708.68,349.16,34.30,31.32,0.51,10,-1,-1
19,66,434.59,483.21,87.50,55.71,0.57,4,-1,-1
19,67,524.10,260.37,14.75,23.95,0.94,2,-1,-1
19,71,515.47,268.51,34.48,23.64,0.81,10,-1,-1
19,74,635.60,227.29,50.20,26.30,0.36,7,-1,-1
19,39,437.84,265.33,21.03,29.55,0.99,10,-1,-1
19,76,491.18,239.96,26.56,19.90,0.67,7,-1,-1
19,78,3.97,280.94,111.21,44.13,1.00,4,-1,-1
19,49,545.45,207.15,42.51,28.72,0.75,7,-1,-1
19,84,306.19,336.01,20.94,34.93,0.92,2,-1,-1
19,54,601.21,384.86,50.94,67.61,0.64,8,-1,-1
19,95,487.61,378.07,29.61,40.28,0.37,2,-1,-1
19,98,484.59,213.27,15.14,23.20,0.62,2,-1,-1
19,99,499.19,232.14,13.77,21.30,0.52,2,-1,-1
19,7,137.25,321.01,35.96,29.88,0.23,1,-1,-1
19,33,359.00,243.23,41.75,23.77,0.26,10,-1,-1
19,38,399.46,195.15,15.79,21.93,0.93,10,-1,-1
19,85,558.44,225.31,14.22,27.44,0.73,2,-1,-1
19,102,208.03,280.29,18.39,29.15,0.77,2,-1,-1
19,104,664.62,276.03,51.83,45.13,0.76,4,-1,-1
19,59,664.77,276.64,51.42,45.78,0.73,4,-1,-1
19,82,659.90,367.91,45.79,35.57,0.72,10,-1,-1
19,94,307.79,232.36,17.17,28.14,0.51,2,-1,-1
20,1,0.01,205.10,54.51,30.60,0.83,4,-1,-1
20,2,105.32,333.92,77.94,36.70,0.97,7,-1,-1
20,4,55.08,184.92,52.30,28.08,0.91,4,-1,-1
20,6,105.71,207.68,17.40,24.49,0.98,10,-1,-1
20,8,119.44,187.50,35.40,25.51,0.98,4,-1,-1
20,9,121.08,235.28,21.69,32.30,0.98,10,-1,-1
20,10,207.10,285.78,36.10,28.77,0.94,10,-1,-1
20,11,140.34,235.74,19.16,32.08,0.98,10,-1,-1
20,13,266.30,312.42,39.24,28.39,0.97,10,-1,-1
20,14,270.91,302.35,21.51,34.59,0.96,2,-1,-1
20,15,196.50,222.60,17.97,29.72,0.67,10,-1,-1
20,16,235.49,185.29,30.22,29.41,0.80,4,-1,-1
20,17,242.84,171.27,26.35,26.31,0.55,4,-1,-1
20,18,249.92,160.08,22.68,20.90,0.65,4,-1,-1
20,19,326.95,271.05,39.29,27.72,0.97,10,-1,-1
20,20,335.19,262.87,19.78,31.08,0.53,2,-1,-1
20,21,360.97,290.13,38.72,26.18,0.96,10,-1,-1
20,22,282.70,137.44,22.17,19.36,0.73,4,-1,-1
20,23,370.31,281.61,18.95,30.86,0.92,2,-1,-1
20,24,324.43,186.27,16.56,27.48,0.93,10,-1,-1
20,25,307.31,234.60,19.68,34.40,0.99,10,-1,-1
20,26,325.66,476.09,79.06,63.31,0.95,4,-1,-1
20,27,339.66,202.60,61.92,25.65,1.00,4,-1,-1
20,28,357.32,175.59,15.48,20.15,0.91,10,-1,-1
20,29,373.55,236.70,24.68,23.65,0.73,10,-1,-1
20,30,295.64,344.20,30.19,42.80,0.99,10,-1,-1
20,31,395.76,219.85,17.75,23.34,0.37,10,-1,-1
20,32,393.14,159.13,26.53,21.67,0.96,5,-1,-1
20,34,380.56,275.93,20.65,27.00,0.92,10,-1,-1
20,35,410.60,187.22,22.15,24.92,0.73,4,-1,-1
20,36,349.64,249.54,36.27,23.78,0.87,10,-1,-1
20,37,382.25,268.98,16.96,28.48,0.97,2,-1,-1
20,41,438.79,258.35,17.48,30.35,0.97,2,-1,-1
20,42,455.76,240.05,26.48,21.40,0.58,10,-1,-1
20,43,479.03,239.94,14.55,30.33,0.92,1,-1,-1
20,44,500.52,221.94,62.03,27.08,0.92,4,-1,-1
20,45,481.50,377.37,52.11,66.62,0.99,7,-1,-1
20,47,626.92,265.46,26.61,24.24,0.36,10,-1,-1
20,50,564.16,308.56,17.85,35.07,0.98,10,-1,-1
20,51,565.18,301.24,16.02,33.50,0.99,2,-1,-1
20,53,564.33,241.40,79.96,33.21,0.88,4,-1,-1
20,55,602.93,339.03,41.25,55.71,0.84,8,-1,-1
20,56,586.03,444.41,32.00,52.65,0.98,10,-1,-1
20,57,635.22,271.69,49.59,41.61,0.74,8,-1,-1
20,58,590.91,435.73,23.78,40.92,0.92,2,-1,-1
20,60,679.88,232.18,77.50,32.35,0.96,4,-1,-1
20,61,708.31,348.14,34.72,32.19,0.48,10,-1,-1
20,66,434.73,483.31,87.45,55.55,0.52,4,-1,-1
20,67,527.49,260.49,15.76,23.81,0.92,2,-1,-1
20,71,518.98,268.78,34.74,23.97,0.96,10,-1,-1
20,74,633.32,227.41,51.48,27.11,0.60,7,-1,-1
20,39,437.87,265.18,20.68,29.35,0.96,10,-1,-1
20,76,489.76,239.66,27.52,20.59,0.22,7,-1,-1
20,78,9.64,280.69,111.95,43.92,0.99,4,-1,-1
20,49,545.20,207.16,43.54,29.06,0.93,5,-1,-1
20,84,302.82,339.59,20.82,33.91,0.81,2,-1,-1
20,54,601.17,384.24,50.97,68.32,0.37,8,-1,-1
20,95,485.14,375.69,31.25,41.55,0.70,2,-1,-1
20,98,483.81,212.95,14.29,22.26,0.61,2,-1,-1
20,99,498.50,232.05,13.45,21.65,0.25,2,-1,-1
20,7,138.61,321.47,34.44,29.43,0.32,1,-1,-1
20,33,361.20,242.82,38.09,23.03,0.20,10,-1,-1
20,38,397.60,194.10,15.66,22.34,0.66,10,-1,-1
20,85,558.58,225.25,14.39,27.16,0.68,2,-1,-1
20,102,212.14,279.42,18.85,29.97,0.66,2,-1,-1
20,104,664.31,276.15,52.77,44.99,0.78,4,-1,-1
20,59,664.76,276.65,51.72,45.01,0.72,4,-1,-1
20,82,659.52,366.50,46.65,36.82,0.53,10,-1,-1
20,94,308.23,233.08,17.42,29.15,0.32,2,-1,-1
20,105,481.24,263.22,25.31,22.90,0.61,10,-1,-1
20,106,488.17,254.18,13.86,27.12,0.85,2,-1,-1
20,107,558.38,224.95,14.46,27.72,0.65,1,-1,-1
21,1,0.02,204.99,54.03,30.95,0.82,4,-1,-1
21,2,110.30,333.67,77.24,36.32,0.99,7,-1,-1
21,4,54.82,184.73,52.81,28.28,0.91,4,-1,-1
21,6,105.55,206.75,17.02,24.58,0.96,10,-1,-1
21,8,119.63,187.42,35.27,25.39,0.98,4,-1,-1
21,9,121.22,235.49,21.47,32.06,0.96,10,-1,-1
21,10,211.49,286.02,35.35,27.44,0.98,10,-1,-1
21,11,140.50,235.85,19.02,31.80,0.98,10,-1,-1
21,13,270.45,311.62,39.68,28.76,0.99,10,-1,-1
21,14,275.66,301.97,20.72,34.38,0.91,2,-1,-1
21,15,196.40,223.41,17.83,29.24,0.78,10,-1,-1
21,16,235.60,185.31,30.15,29.47,0.76,4,-1,-1
21,17,242.87,171.26,26.47,26.11,0.66,4,-1,-1
21,18,249.82,160.39,22.81,20.64,0.75,4,-1,-1
21,19,329.75,271.81,39.19,26.75,0.99,10,-1,-1
21,20,338.51,263.01,20.28,30.06,0.90,2,-1,-1
21,21,366.47,290.29,37.79,25.57,0.98,10,-1,-1
21,22,282.47,137.74,22.29,19.62,0.78,4,-1,-1
21,23,375.66,280.60,18.35,31.18,0.63,1,-1,-1
21,24,325.42,185.13,17.11,27.81,0.95,10,-1,-1
21,25,307.71,234.84,19.46,35.07,0.98,10,-1,-1
21,26,325.70,476.11,78.95,63.31,0.94,4,-1,-1
21,27,340.11,202.51,61.21,25.83,1.00,4,-1,-1
21,28,357.34,175.28,15.97,19.72,0.83,10,-1,-1
21,29,373.66,234.89,25.23,23.63,0.89,10,-1,-1
21,30,292.06,347.53,29.89,43.75,0.99,10,-1,-1
21,31,395.91,219.51,17.55,23.43,0.28,10,-1,-1
21,32,392.53,159.09,26.94,21.88,0.95,5,-1,-1
21,34,377.71,276.18,22.92,25.61,0.94,10,-1,-1
21,35,410.69,187.18,22.25,25.15,0.67,4,-1,-1
21,36,347.98,249.94,35.42,23.22,0.95,10,-1,-1
21,37,380.64,269.06,16.90,28.32,0.96,2,-1,-1
21,41,438.41,257.96,17.10,30.47,0.97,2,-1,-1
21,42,457.80,238.69,26.16,21.30,0.24,10,-1,-1
21,43,478.38,239.49,14.88,31.41,0.96,1,-1,-1
21,44,500.97,222.22,60.12,26.67,0.94,4,-1,-1
21,45,480.60,375.94,51.75,65.41,1.00,7,-1,-1
21,47,631.70,264.88,24.76,24.99,0.65,10,-1,-1
21,50,564.65,307.59,18.00,34.93,0.96,10,-1,-1
21,51,565.59,300.35,16.19,33.58,0.98,2,-1,-1
21,53,562.14,241.75,79.93,33.39,0.94,4,-1,-1
21,55,602.95,339.03,41.66,56.39,0.78,8,-1,-1
21,56,584.08,441.35,31.53,51.81,0.98,10,-1,-1
21,57,634.84,271.60,49.50,41.95,0.84,8,-1,-1
21,58,588.48,433.01,23.58,40.91,0.85,2,-1,-1
21,60,677.78,232.86,77.29,31.87,0.99,4,-1,-1
21,61,708.15,348.36,35.67,32.13,0.39,10,-1,-1
21,66,434.76,483.33,87.82,55.50,0.47,4,-1,-1
21,67,530.64,260.64,15.74,23.57,0.81,2,-1,-1
21,71,521.57,268.40,35.24,24.69,0.78,10,-1,-1
21,74,632.47,227.96,51.17,27.41,0.36,7,-1,-1
21,39,437.70,265.04,20.54,29.08,0.92,10,-1,-1
21,78,15.79,280.40,112.37,43.82,1.00,4,-1,-1
21,49,545.49,207.08,43.93,29.19,0.90,5,-1,-1
21,84,298.90,342.85,21.36,33.09,0.92,2,-1,-1
21,54,601.54,384.20,51.37,68.60,0.54,8,-1,-1
21,95,484.27,373.68,27.83,40.39,0.62,2,-1,-1
21,98,482.97,212.64,13.54,21.52,0.30,2,-1,-1
21,33,367.27,240.24,32.13,22.94,0.51,10,-1,-1
21,38,396.17,193.04,15.61,22.70,0.28,10,-1,-1
21,85,558.82,225.13,14.45,27.27,0.63,2,-1,-1
21,102,216.58,279.36,18.32,28.57,0.84,2,-1,-1
21,104,664.63,276.08,53.06,44.86,0.79,4,-1,-1
21,59,664.35,276.57,53.42,44.82,0.61,4,-1,-1
21,82,659.77,366.86,46.92,36.42,0.56,10,-1,-1
21,94,308.48,233.32,17.40,29.10,0.75,2,-1,-1
21,105,480.27,264.43,24.83,22.18,0.62,10,-1,-1
21,106,487.45,254.66,13.38,26.88,0.85,2,-1,-1
21,107,558.62,224.96,14.46,27.72,0.59,1,-1,-1
21,108,375.77,281.30,17.48,29.98,0.83,2,-1,-1
21,109,639.44,302.09,43.39,53.49,0.63,8,-1,-1
21,79,129.04,326.36,18.41,28.94,0.52,2,-1,-1
22,1,-0.09,204.87,54.21,31.07,0.81,4,-1,-1
22,2,115.03,333.03,76.85,36.17,0.99,7,-1,-1
22,4,54.89,184.68,52.93,28.35,0.94,4,-1,-1
22,6,105.44,206.84,16.89,23.62,0.97,10,-1,-1
22,8,119.83,187.41,35.07,25.34,0.98,4,-1,-1
22,9,121.46,235.68,21.19,31.57,0.98,10,-1,-1
22,10,215.70,285.14,34.47,27.52,0.97,10,-1,-1
22,11,140.80,235.80,18.53,31.29,0.98,10,-1,-1
22,13,275.52,312.35,39.75,27.31,0.98,10,-1,-1
22,14,280.87,301.96,21.40,33.60,0.93,2,-1,-1
22,15,196.36,223.82,17.58,29.05,0.77,10,-1,-1
22,16,235.63,185.43,30.33,29.29,0.80,4,-1,-1
22,17,242.87,171.26,26.51,25.42,0.52,5,-1,-1
22,18,249.67,160.51,22.87,20.94,0.55,4,-1,-1
22,19,332.89,272.53,38.76,25.97,0.94,10,-1,-1
22,20,341.84,262.88,20.08,29.47,0.95,2,-1,-1
22,21,371.57,289.76,37.44,25.55,0.95,10,-1,-1
22,22,282.28,137.94,22.53,19.81,0.81,4,-1,-1
22,23,379.07,282.12,18.13,29.61,0.85,2,-1,-1
22,24,326.33,184.53,17.32,27.74,0.93,10,-1,-1
22,25,308.04,235.31,19.38,35.12,0.96,10,-1,-1
22,26,325.53,476.12,79.32,63.30,0.94,4,-1,-1
22,27,340.66,202.48,60.94,25.70,1.00,4,-1,-1
22,28,357.52,174.27,15.76,20.18,0.81,10,-1,-1
22,29,371.92,235.49,28.97,24.60,0.87,10,-1,-1
22,30,287.96,351.48,30.27,43.71,0.99,10,-1,-1
22,31,395.96,219.19,17.88,23.66,0.45,10,-1,-1
22,32,392.31,158.87,27.09,22.16,0.94,5,-1,-1
22,34,375.15,277.07,23.72,23.25,0.92,10,-1,-1
22,35,410.72,187.16,22.68,25.24,0.45,4,-1,-1
22,36,346.48,250.09,35.10,23.01,0.94,10,-1,-1
22,37,379.49,269.78,15.69,26.46,0.93,2,-1,-1
22,41,438.08,257.73,16.95,31.10,0.97,2,-1,-1
22,42,459.18,236.78,25.24,22.09,0.21,10,-1,-1
22,43,478.35,239.32,14.61,31.23,0.92,1,-1,-1
22,44,499.95,222.32,60.60,26.52,0.95,4,-1,-1
22,45,479.33,374.29,51.64,65.38,0.99,7,-1,-1
22,47,638.19,261.81,22.46,26.83,0.88,10,-1,-1
22,50,565.43,307.06,17.67,34.49,0.92,10,-1,-1
22,51,566.14,299.15,16.26,33.73,0.98,2,-1,-1
22,53,559.40,242.06,80.32,33.65,0.94,4,-1,-1
22,55,603.36,339.21,40.62,55.45,0.56,8,-1,-1
22,56,582.06,438.50,30.95,51.48,0.97,10,-1,-1
22,57,634.31,271.25,49.47,42.37,0.58,8,-1,-1
22,58,587.29,430.08,21.92,40.12,0.53,2,-1,-1
22,60,676.66,232.38,78.01,32.49,0.99,4,-1,-1
22,61,708.51,348.24,36.03,32.48,0.31,10,-1,-1
22,66,435.00,483.35,87.56,55.47,0.62,4,-1,-1
22,67,534.49,260.88,16.12,23.88,0.90,2,-1,-1
22,71,525.42,268.93,35.04,24.37,0.87,10,-1,-1
22,74,632.61,228.16,50.23,27.91,0.74,7,-1,-1
22,39,437.45,264.30,20.89,29.17,0.90,10,-1,-1
22,78,22.81,279.65,111.84,43.67,1.00,4,-1,-1
22,49,545.62,207.23,43.67,29.44,0.89,5,-1,-1
22,84,295.37,345.78,20.97,34.38,0.97,2,-1,-1
22,54,601.90,384.18,51.72,69.09,0.55,8,-1,-1
22,95,483.65,372.42,27.28,37.90,0.88,2,-1,-1
22,98,481.45,212.75,13.72,20.65,0.24,2,-1,-1
22,33,366.34,240.19,33.65,23.31,0.13,10,-1,-1
22,38,395.10,192.16,15.61,22.44,0.47,10,-1,-1
22,85,559.72,225.08,14.08,27.52,0.53,2,-1,-1
22,102,220.77,279.05,17.92,28.08,0.93,2,-1,-1
22,104,664.32,275.71,53.14,45.38,0.74,4,-1,-1
22,59,663.81,276.42,54.06,44.85,0.51,4,-1,-1
22,82,660.29,366.98,46.23,36.27,0.62,10,-1,-1
22,94,308.86,234.50,17.09,28.46,0.28,2,-1,-1
22,105,478.69,264.54,25.20,22.74,0.68,10,-1,-1
22,106,486.37,255.10,13.28,26.37,0.95,2,-1,-1
22,107,559.37,224.95,14.00,27.49,0.69,1,-1,-1
22,109,639.44,301.49,44.36,54.09,0.51,8,-1,-1
22,79,133.74,325.36,18.68,29.34,0.26,2,-1,-1
22,7,142.61,318.19,27.84,26.98,0.52,1,-1,-1
23,1,0.14,205.24,54.85,30.51,0.75,4,-1,-1
23,2,119.50,333.21,77.32,35.72,0.98,7,-1,-1
23,4,54.94,184.58,52.84,28.37,0.93,4,-1,-1
23,6,105.35,206.50,16.54,23.47,0.96,10,-1,-1
23,8,119.85,187.52,35.04,25.32,0.98,4,-1,-1
23,9,121.34,235.37,21.29,31.99,0.97,10,-1,-1
23,10,218.91,285.15,35.55,27.25,0.98,10,-1,-1
23,11,140.86,235.80,18.49,31.10,0.98,10,-1,-1
23,13,280.54,312.68,39.48,26.74,0.98,10,-1,-1
23,14,285.82,301.29,20.46,34.40,0.96,2,-1,-1
23,15,196.25,223.98,17.49,29.38,0.82,10,-1,-1
23,16,235.73,185.58,30.20,29.42,0.90,4,-1,-1
23,17,242.87,171.38,26.53,24.96,0.52,4,-1,-1
23,18,249.52,160.75,22.89,21.05,0.39,4,-1,-1
23,19,335.54,272.51,38.60,25.48,0.96,10,-1,-1
23,20,344.57,261.94,20.39,29.46,0.89,2,-1,-1
23,21,376.09,289.28,37.73,25.25,0.96,10,-1,-1
23,22,282.49,138.17,22.22,20.13,0.75,4,-1,-1
23,23,384.38,282.44,18.05,29.10,0.56,2,-1,-1
23,24,327.41,183.94,17.41,27.52,0.94,10,-1,-1
23,25,308.54,236.08,18.94,35.32,0.98,10,-1,-1
23,26,325.66,476.14,79.46,63.30,0.92,4,-1,-1
23,27,341.05,202.38,60.85,25.65,1.00,4,-1,-1
23,28,357.96,173.63,15.29,19.95,0.76,10,-1,-1
23,29,370.14,236.13,31.86,24.96,0.80,10,-1,-1
23,30,284.56,354.10,30.01,45.25,0.98,10,-1,-1
23,31,395.97,218.78,18.01,23.75,0.35,10,-1,-1
23,32,392.22,158.71,27.14,22.26,0.84,5,-1,-1
23,34,372.83,277.16,23.65,22.63,0.86,10,-1,-1
23,35,410.73,187.26,22.85,25.07,0.67,4,-1,-1
23,36,345.21,249.35,36.19,23.53,0.88,10,-1,-1
23,37,377.91,270.23,15.22,25.97,0.83,2,-1,-1
23,41,438.17,257.68,16.50,30.94,0.96,2,-1,-1
23,42,458.11,235.10,26.09,23.58,0.43,10,-1,-1
23,43,478.14,239.38,14.51,30.15,0.93,1,-1,-1
23,44,499.38,222.37,59.98,26.27,0.96,4,-1,-1
23,45,478.30,372.37,51.21,64.99,1.00,7,-1,-1
23,47,644.43,260.00,21.68,27.91,0.93,10,-1,-1
23,50,565.70,306.12,17.94,34.33,0.94,10,-1,-1
23,51,566.92,298.15,15.89,33.39,0.99,2,-1,-1
23,53,557.24,242.67,80.46,33.55,0.96,4,-1,-1
23,55,603.71,339.30,40.83,55.08,0.77,8,-1,-1
23,56,579.78,435.35,30.75,52.15,0.98,10,-1,-1
23,57,634.50,271.43,48.66,42.44,0.76,8,-1,-1
23,58,583.69,427.91,22.93,40.63,0.79,2,-1,-1
23,60,675.48,232.11,78.28,32.92,0.99,4,-1,-1
23,61,709.43,347.83,35.37,33.00,0.49,10,-1,-1
23,66,435.27,483.36,87.46,55.46,0.57,4,-1,-1
23,67,538.01,260.98,16.26,23.80,0.92,2,-1,-1
23,71,528.94,269.55,35.76,23.83,0.58,10,-1,-1
23,74,635.89,229.13,45.88,25.74,0.64,7,-1,-1
23,39,437.37,264.25,20.63,28.81,0.87,10,-1,-1
23,78,29.98,279.11,110.76,43.49,1.00,4,-1,-1
23,49,545.86,207.40,43.56,29.53,0.88,5,-1,-1
23,84,291.48,349.17,21.30,33.28,0.97,2,-1,-1
23,54,601.82,383.99,52.05,69.68,0.22,8,-1,-1
23,95,482.85,370.42,27.51,39.07,0.81,2,-1,-1
23,98,477.84,215.06,18.35,19.73,0.72,10,-1,-1
23,38,393.95,191.27,15.61,22.34,0.58,10,-1,-1
23,102,224.17,278.75,18.43,27.72,0.85,2,-1,-1
23,104,664.62,275.92,52.30,45.24,0.76,4,-1,-1
23,59,663.99,276.47,53.50,44.77,0.54,4,-1,-1
23,82,660.07,367.04,45.96,36.61,0.68,10,-1,-1
23,94,309.18,235.04,16.97,28.41,0.86,2,-1,-1
23,105,476.76,263.42,24.86,24.55,0.36,10,-1,-1
23,106,483.88,255.26,13.25,25.49,0.79,2,-1,-1
23,109,638.97,301.85,45.46,53.74,0.45,8,-1,-1
23,79,138.21,325.04,18.10,28.67,0.24,2,-1,-1
23,7,146.37,312.47,21.14,32.11,0.30,1,-1,-1
23,110,219.83,168.45,13.86,20.19,0.67,10,-1,-1
23,111,369.44,286.27,36.76,22.00,0.69,10,-1,-1
23,112,734.67,274.37,33.75,34.50,0.63,10,-1,-1
24,1,0.28,205.78,55.01,29.70,0.78,4,-1,-1
24,2,124.12,331.48,76.50,36.76,0.98,7,-1,-1
24,4,55.71,184.93,51.93,27.78,0.92,4,-1,-1
24,6,104.64,205.98,17.02,23.42,0.97,10,-1,-1
24,8,120.14,187.44,34.88,25.32,0.99,4,-1,-1
24,9,121.48,235.43,21.33,31.95,0.97,10,-1,-1
24,10,222.70,284.65,35.55,27.25,0.99,10,-1,-1
24,11,141.05,235.68,18.33,31.03,0.98,10,-1,-1
24,13,286.46,312.80,38.17,26.14,0.98,10,-1,-1
24,14,290.73,301.23,20.89,34.30,0.94,2,-1,-1
24,15,196.14,223.81,17.66,29.90,0.80,10,-1,-1
24,16,235.80,185.32,30.15,29.48,0.82,4,-1,-1
24,17,243.09,171.31,26.14,24.78,0.67,4,-1,-1
24,18,249.69,161.02,22.70,20.89,0.55,4,-1,-1
24,19,338.25,272.60,38.14,25.10,0.92,10,-1,-1
24,20,347.50,261.99,19.72,29.26,0.87,2,-1,-1
24,21,381.03,288.79,37.44,25.44,0.94,10,-1,-1
24,22,282.30,138.22,22.70,20.55,0.90,4,-1,-1
24,23,389.42,282.24,17.63,28.01,0.81,2,-1,-1
24,24,328.78,183.43,16.65,27.44,0.90,10,-1,-1
24,25,308.93,236.44,18.78,36.76,0.98,10,-1,-1
24,26,325.73,476.12,79.51,63.30,0.92,4,-1,-1
24,27,341.61,202.13,60.82,25.82,1.00,4,-1,-1
24,28,358.13,172.79,15.51,19.87,0.86,10,-1,-1
24,29,367.36,236.56,34.52,25.48,0.21,10,-1,-1
24,30,280.56,359.29,29.61,43.87,0.99,10,-1,-1
24,31,395.79,218.42,18.06,23.98,0.74,10,-1,-1
24,32,392.03,158.44,27.16,22.50,0.84,5,-1,-1
24,34,368.66,280.89,26.77,24.30,0.89,10,-1,-1
24,35,410.75,187.08,22.51,25.01,0.70,4,-1,-1
24,36,343.26,248.86,35.80,23.92,0.93,10,-1,-1
24,37,376.19,271.17,15.47,27.03,0.65,2,-1,-1
24,41,438.45,257.67,16.33,30.47,0.97,2,-1,-1
24,42,456.57,234.55,27.59,23.94,0.44,10,-1,-1
24,43,477.70,239.00,14.47,29.53,0.75,1,-1,-1
24,44,498.60,222.27,59.74,26.18,0.94,4,-1,-1
24,45,477.20,370.51,50.67,64.87,0.99,7,-1,-1
24,47,648.89,259.28,23.98,28.52,0.93,10,-1,-1
24,50,566.60,305.69,17.25,33.17,0.96,10,-1,-1
24,51,567.82,297.10,15.35,33.17,0.97,2,-1,-1
24,53,555.92,242.78,79.51,33.51,0.97,4,-1,-1
24,55,603.66,339.31,41.11,54.94,0.79,8,-1,-1
24,56,577.64,432.85,30.68,51.60,0.96,10,-1,-1
24,57,634.59,271.28,49.15,43.06,0.45,8,-1,-1
24,58,582.47,425.38,21.70,40.42,0.70,2,-1,-1
24,60,673.52,231.49,79.17,33.48,0.99,4,-1,-1
24,61,709.00,347.85,34.32,32.41,0.48,10,-1,-1
24,66,435.20,483.35,88.22,55.45,0.53,4,-1,-1
24,67,541.62,261.10,16.31,23.98,0.65,2,-1,-1
24,71,532.56,269.57,35.64,23.83,0.47,10,-1,-1
24,74,637.25,229.49,44.17,24.66,0.51,7,-1,-1
24,39,437.38,265.34,20.53,27.47,0.93,10,-1,-1
24,78,37.13,279.41,110.04,42.32,1.00,4,-1,-1
24,49,546.17,207.35,43.51,29.56,0.85,5,-1,-1
24,84,287.99,352.54,20.83,34.44,0.95,2,-1,-1
24,54,602.01,384.10,51.97,69.49,0.36,8,-1,-1
24,95,481.81,368.72,26.38,37.86,0.91,2,-1,-1
24,98,476.21,215.42,18.83,19.66,0.77,2,-1,-1
24,38,392.60,190.55,15.61,21.30,0.49,10,-1,-1
24,102,228.36,278.65,18.40,27.83,0.83,2,-1,-1
24,104,663.90,275.98,52.83,45.19,0.75,4,-1,-1
24,59,664.08,276.58,53.28,44.24,0.50,4,-1,-1
24,82,660.40,367.43,45.05,36.33,0.56,10,-1,-1
24,94,309.51,235.71,16.92,27.99,0.73,2,-1,-1
24,105,475.30,264.56,24.28,23.83,0.83,10,-1,-1
24,106,482.03,255.62,13.25,25.93,0.95,2,-1,-1
24,109,638.83,302.07,45.84,53.74,0.27,8,-1,-1
24,7,147.23,310.66,20.58,34.08,0.26,1,-1,-1
24,112,734.67,274.49,32.78,34.87,0.64,10,-1,-1
24,113,170.11,326.05,17.48,30.13,0.62,2,-1,-1
24,114,432.42,244.54,25.31,21.40,0.71,10,-1,-1
24,115,560.79,225.55,13.26,26.52,0.62,1,-1,-1
24,85,560.84,225.05,13.43,27.65,0.61,2,-1,-1
25,1,0.10,206.30,54.51,29.18,0.73,4,-1,-1
25,2,128.44,331.68,76.42,35.97,0.99,7,-1,-1
25,4,55.77,185.18,51.89,27.35,0.89,4,-1,-1
25,6,104.20,205.62,17.30,23.41,0.97,10,-1,-1
25,8,120.11,187.44,34.82,25.32,0.99,4,-1,-1
25,9,121.34,235.28,21.55,31.93,0.97,10,-1,-1
25,10,226.95,284.50,34.56,27.25,0.97,10,-1,-1
25,11,141.20,235.76,17.88,31.01,0.98,10,-1,-1
25,13,291.48,312.89,37.89,25.92,0.97,10,-1,-1
25,14,296.16,300.56,20.06,33.17,0.91,2,-1,-1
25,15,195.99,224.65,18.12,29.30,0.85,10,-1,-1
25,16,235.90,185.14,30.14,29.50,0.84,4,-1,-1
25,17,243.15,171.30,26.19,24.72,0.64,4,-1,-1
25,18,249.53,161.13,23.03,21.03,0.68,4,-1,-1
25,19,341.74,272.85,35.97,24.37,0.89,10,-1,-1
25,20,350.47,261.63,19.05,27.59,0.86,2,-1,-1
25,21,385.70,288.24,37.74,25.52,0.88,10,-1,-1
25,22,282.51,138.74,22.48,20.31,0.92,4,-1,-1
25,23,394.13,281.47,18.69,27.93,0.85,2,-1,-1
25,24,329.82,183.18,16.36,27.21,0.88,10,-1,-1
25,25,309.24,236.97,18.72,37.69,0.97,10,-1,-1
25,26,325.75,475.96,79.94,63.30,0.91,4,-1,-1
25,27,342.00,202.05,60.82,25.69,1.00,4,-1,-1
25,28,358.37,172.11,15.20,19.64,0.84,10,-1,-1
25,29,366.01,235.57,37.09,26.85,0.20,10,-1,-1
25,30,277.09,364.81,29.16,42.10,0.99,10,-1,-1
25,31,395.72,218.10,18.47,24.27,0.57,10,-1,-1
25,32,391.76,158.44,27.17,22.39,0.76,5,-1,-1
25,34,366.16,283.00,27.92,24.88,0.95,10,-1,-1
25,35,410.75,187.22,22.38,24.99,0.84,4,-1,-1
25,36,341.81,248.00,35.65,24.66,0.92,10,-1,-1
25,37,374.20,272.21,15.96,26.82,0.75,2,-1,-1
25,41,438.16,256.80,16.27,30.49,0.96,2,-1,-1
25,42,455.41,234.66,28.54,23.89,0.74,10,-1,-1
25,43,476.75,238.99,14.86,28.90,0.34,1,-1,-1
25,44,498.33,221.95,58.86,26.35,0.86,4,-1,-1
25,45,476.04,368.52,50.49,64.85,0.99,7,-1,-1
25,47,654.79,258.74,24.75,28.17,0.97,10,-1,-1
25,50,566.93,305.09,17.39,32.65,0.98,10,-1,-1
25,51,568.14,296.17,15.55,33.09,0.99,2,-1,-1
25,53,553.32,243.13,79.75,33.49,0.95,4,-1,-1
25,55,603.85,339.53,41.02,54.09,0.67,8,-1,-1
25,56,575.73,429.45,29.86,51.79,0.93,10,-1,-1
25,57,634.64,271.44,49.34,43.50,0.84,8,-1,-1
25,58,580.33,422.76,21.63,40.35,0.75,2,-1,-1
25,60,671.65,231.06,79.51,33.69,0.99,4,-1,-1
25,61,708.46,348.50,34.72,32.17,0.69,10,-1,-1
25,66,435.38,483.38,88.51,55.46,0.43,4,-1,-1
25,67,545.65,261.15,15.93,24.24,0.87,2,-1,-1
25,71,536.40,269.49,35.59,24.23,0.52,10,-1,-1
25,74,636.96,229.43,43.57,25.28,0.31,7,-1,-1
25,39,437.39,263.13,20.49,29.01,0.88,10,-1,-1
25,78,44.07,279.09,109.36,42.17,0.99,4,-1,-1
25,49,546.29,207.44,42.70,29.17,0.97,5,-1,-1
25,84,284.81,356.11,20.64,34.47,0.95,2,-1,-1
25,54,602.29,384.37,51.74,69.03,0.37,8,-1,-1
25,95,480.66,367.20,26.79,38.24,0.87,2,-1,-1
25,98,475.03,215.96,18.60,19.45,0.78,2,-1,-1
25,38,391.34,189.62,16.02,21.11,0.25,10,-1,-1
25,102,232.49,278.23,17.15,27.88,0.66,2,-1,-1
25,104,664.48,276.32,52.20,45.08,0.74,4,-1,-1
25,59,664.53,277.03,52.39,44.44,0.67,4,-1,-1
25,82,660.55,367.21,44.72,36.63,0.70,10,-1,-1
25,105,473.36,264.81,24.55,24.15,0.93,10,-1,-1
25,106,479.53,255.96,14.13,26.52,0.95,2,-1,-1
25,109,639.25,302.93,44.15,52.74,0.35,8,-1,-1
25,7,149.08,310.36,19.76,34.50,0.42,1,-1,-1
25,112,734.69,273.48,33.54,35.98,0.58,10,-1,-1
25,114,429.54,245.51,26.28,21.16,0.85,10,-1,-1
25,115,560.80,225.19,13.74,27.00,0.61,1,-1,-1
25,85,560.88,224.85,13.71,27.92,0.69,2,-1,-1
25,116,699.11,258.10,33.75,23.50,0.74,10,-1,-1
25,87,365.22,144.14,12.66,19.35,0.78,10,-1,-1
25,3,163.25,324.73,21.46,30.09,0.53,2,-1,-1
26,1,-0.04,205.99,54.52,29.60,0.77,4,-1,-1
26,2,133.27,331.17,75.40,36.06,0.99,7,-1,-1
26,4,56.18,185.27,51.67,27.19,0.88,4,-1,-1
26,6,103.84,204.49,17.21,23.81,0.97,10,-1,-1
26,8,120.19,187.42,34.90,25.51,0.99,4,-1,-1
26,9,121.29,235.21,21.74,31.93,0.98,10,-1,-1
26,10,230.69,284.85,34.79,26.46,0.99,10,-1,-1
26,11,141.29,235.68,17.66,31.00,0.98,10,-1,-1
26,13,296.16,312.31,37.99,26.25,0.97,10,-1,-1
26,14,300.61,300.32,19.54,33.14,0.87,2,-1,-1
26,15,195.63,224.85,18.50,29.27,0.84,10,-1,-1
26,16,235.93,184.95,30.13,29.51,0.85,4,-1,-1
26,17,243.46,171.08,26.01,24.90,0.71,4,-1,-1
26,18,249.47,161.15,23.35,21.28,0.54,4,-1,-1
26,19,344.31,273.24,35.98,23.90,0.89,10,-1,-1
26,20,352.65,261.70,18.39,26.96,0.49,2,-1,-1
26,21,390.86,288.12,36.66,24.85,0.96,10,-1,-1
26,22,282.68,139.21,22.19,20.31,0.93,4,-1,-1
26,23,399.49,281.18,17.90,27.30,0.85,2,-1,-1
26,24,330.75,182.59,16.66,26.52,0.88,10,-1,-1
26,25,309.93,237.54,18.29,38.43,0.97,10,-1,-1
26,26,325.55,475.87,80.10,63.30,0.91,4,-1,-1
26,27,342.32,202.01,60.42,25.64,1.00,4,-1,-1
26,28,358.43,171.17,14.68,19.76,0.77,10,-1,-1
26,30,273.12,366.94,30.20,44.23,0.99,10,-1,-1
26,31,395.87,217.78,18.24,24.38,0.27,10,-1,-1
26,32,391.25,158.54,27.56,22.34,0.61,5,-1,-1
26,34,364.06,283.75,27.23,25.52,0.92,10,-1,-1
26,35,410.93,187.16,22.33,24.99,0.85,4,-1,-1
26,36,340.35,247.46,34.39,25.53,0.88,10,-1,-1
26,37,372.70,272.96,15.36,27.76,0.73,2,-1,-1
26,41,438.25,256.68,16.25,29.30,0.93,2,-1,-1
26,42,454.57,235.40,29.29,23.27,0.60,10,-1,-1
26,43,475.80,238.78,15.40,28.07,0.18,1,-1,-1
26,44,498.03,222.11,58.53,26.22,0.98,4,-1,-1
26,45,475.65,367.64,49.24,63.26,1.00,7,-1,-1
26,47,661.19,256.98,22.68,28.40,0.81,10,-1,-1
26,50,567.42,304.79,17.04,31.76,0.92,10,-1,-1
26,51,568.83,295.34,15.22,32.97,0.99,2,-1,-1
26,53,552.59,243.53,78.05,33.08,0.96,4,-1,-1
26,55,603.71,339.59,41.59,53.77,0.64,8,-1,-1
26,56,574.29,427.06,29.15,51.06,0.97,10,-1,-1
26,57,634.64,268.90,51.00,46.03,0.72,8,-1,-1
26,58,579.01,420.07,20.81,38.73,0.70,2,-1,-1
26,60,670.18,231.38,79.62,33.97,0.99,4,-1,-1
26,61,708.24,349.52,35.67,31.27,0.67,10,-1,-1
26,66,435.43,483.37,88.22,55.45,0.40,4,-1,-1
26,67,549.63,261.35,16.18,24.94,0.37,2,-1,-1
26,71,540.30,269.34,35.58,23.78,0.24,10,-1,-1
26,39,437.59,262.63,19.68,28.96,0.93,10,-1,-1
26,78,50.87,278.17,108.95,42.70,1.00,4,-1,-1
26,49,546.52,207.56,42.78,29.02,0.95,5,-1,-1
26,84,280.85,359.53,21.17,34.47,0.83,2,-1,-1
26,54,602.18,384.05,51.04,69.64,0.74,8,-1,-1
26,95,479.66,365.27,25.74,37.98,0.59,2,-1,-1
26,98,474.03,216.64,18.47,19.19,0.77,2,-1,-1
26,38,390.51,188.69,15.78,21.05,0.30,10,-1,-1
26,102,236.61,277.46,17.11,27.91,0.74,2,-1,-1
26,104,664.68,276.43,51.96,44.83,0.58,4,-1,-1
26,59,664.69,277.38,52.05,44.52,0.50,4,-1,-1
26,82,660.18,367.69,45.40,36.34,0.60,10,-1,-1
26,105,471.47,265.61,24.64,24.03,0.95,10,-1,-1
26,106,477.67,256.68,14.42,26.94,0.94,2,-1,-1
26,109,639.83,302.75,43.55,53.30,0.29,8,-1,-1
26,7,151.32,308.52,18.04,34.63,0.29,1,-1,-1
26,112,734.21,274.62,34.71,34.86,0.59,10,-1,-1
26,114,426.00,247.20,26.92,19.71,0.39,10,-1,-1
26,115,561.49,225.00,13.37,26.63,0.57,2,-1,-1
26,85,561.28,224.86,13.40,27.01,0.56,2,-1,-1
26,87,364.97,143.80,12.65,19.27,0.61,10,-1,-1
26,3,167.35,324.24,20.53,30.56,0.27,2,-1,-1
26,33,359.23,243.79,31.07,21.88,0.50,10,-1,-1
27,1,0.18,205.58,55.30,29.75,0.68,4,-1,-1
27,2,137.60,330.20,75.23,36.49,0.99,7,-1,-1
27,4,56.24,185.11,51.88,27.33,0.88,4,-1,-1
27,6,103.86,203.70,16.98,23.77,0.96,10,-1,-1
27,8,120.07,187.23,35.18,25.59,0.99,4,-1,-1
27,9,121.22,235.20,21.91,31.73,0.97,10,-1,-1
27,10,234.45,284.70,35.08,26.05,0.99,10,-1,-1
27,11,141.22,235.66,17.99,30.80,0.98,10,-1,-1
27,13,301.03,312.71,37.53,25.58,0.97,10,-1,-1
27,14,305.90,300.14,19.34,32.82,0.97,2,-1,-1
27,15,195.20,224.92,19.03,29.45,0.79,10,-1,-1
27,16,235.93,184.89,30.13,29.51,0.85,4,-1,-1
27,17,243.57,170.81,25.94,24.77,0.52,4,-1,-1
27,18,249.44,161.45,23.27,20.78,0.58,4,-1,-1
27,19,346.96,273.39,34.38,23.74,0.92,10,-1,-1
27,20,354.95,261.33,17.75,27.16,0.36,2,-1,-1
27,21,395.61,288.10,36.66,24.80,0.95,10,-1,-1
27,22,282.74,139.63,22.28,20.46,0.92,4,-1,-1
27,23,404.32,280.68,17.58,27.69,0.89,2,-1,-1
27,24,331.24,181.80,17.18,26.27,0.88,10,-1,-1
27,25,309.97,238.33,19.34,38.11,0.96,10,-1,-1
27,26,325.67,475.84,80.16,63.29,0.91,4,-1,-1
27,27,342.42,201.81,60.68,25.82,1.00,4,-1,-1
27,28,358.22,170.44,14.90,19.61,0.58,10,-1,-1
27,30,269.28,371.01,29.99,44.60,0.99,10,-1,-1
27,31,395.92,217.76,18.14,24.42,0.37,10,-1,-1
27,32,391.06,158.28,27.71,22.32,0.65,5,-1,-1
27,34,361.16,284.69,28.49,25.46,0.90,10,-1,-1
27,35,410.99,187.24,22.31,24.79,0.90,4,-1,-1
27,36,338.90,246.58,34.32,26.44,0.85,10,-1,-1
27,37,370.79,273.52,15.13,29.69,0.66,2,-1,-1
27,41,438.48,256.66,15.84,28.63,0.87,2,-1,-1
27,42,453.67,235.29,30.36,23.63,0.73,10,-1,-1
27,44,497.93,222.27,57.22,25.78,0.98,4,-1,-1
27,45,474.95,367.20,48.79,61.06,1.00,7,-1,-1
27,47,665.33,256.72,24.37,29.06,0.16,10,-1,-1
27,50,567.77,303.39,16.91,32.16,0.93,10,-1,-1
27,51,569.26,294.46,15.50,32.33,0.99,2,-1,-1
27,53,550.99,243.57,77.20,32.92,0.94,4,-1,-1
27,55,603.84,339.21,41.21,53.65,0.73,8,-1,-1
27,56,572.63,424.27,28.50,50.77,0.97,10,-1,-1
27,57,634.62,268.34,53.98,46.98,0.88,8,-1,-1
27,58,577.61,417.35,20.51,38.93,0.83,2,-1,-1
27,60,669.27,230.90,78.86,34.66,0.99,4,-1,-1
27,61,708.54,349.31,34.45,31.33,0.69,10,-1,-1
27,66,435.24,482.76,88.50,56.25,0.55,4,-1,-1
27,67,552.58,261.32,15.48,25.40,0.33,2,-1,-1
27,71,543.62,269.78,35.97,23.60,0.49,10,-1,-1
27,39,437.68,262.66,18.97,27.95,0.79,10,-1,-1
27,78,57.79,277.76,107.81,42.40,1.00,4,-1,-1
27,49,546.79,207.60,42.41,29.16,0.95,5,-1,-1
27,84,276.91,363.30,21.56,34.06,0.85,2,-1,-1
27,54,602.33,383.93,51.38,69.47,0.60,8,-1,-1
27,95,478.94,364.22,27.81,38.30,0.91,2,-1,-1
27,98,473.49,215.74,17.61,19.94,0.68,2,-1,-1
27,38,389.65,188.18,15.69,21.03,0.39,10,-1,-1
27,102,240.51,277.09,16.90,27.52,0.89,2,-1,-1
27,104,664.74,277.38,51.87,44.24,0.64,8,-1,-1
27,59,664.73,277.10,51.92,44.15,0.72,4,-1,-1
27,82,659.63,365.67,46.45,38.62,0.56,10,-1,-1
27,105,469.61,266.00,24.26,24.59,0.98,10,-1,-1
27,106,475.83,256.93,14.11,26.47,0.96,2,-1,-1
27,109,640.44,303.51,42.50,52.22,0.40,8,-1,-1
27,7,153.70,310.77,19.93,32.70,0.17,1,-1,-1
27,112,733.60,274.23,35.07,35.47,0.57,10,-1,-1
27,114,422.00,246.78,27.60,20.70,0.35,10,-1,-1
27,115,561.95,224.82,13.25,26.51,0.59,1,-1,-1
27,85,561.82,224.87,12.88,26.87,0.34,2,-1,-1
27,3,171.01,323.09,20.86,31.11,0.20,2,-1,-1
27,33,353.86,244.26,34.19,21.92,0.30,10,-1,-1
28,1,0.24,205.39,55.51,30.01,0.64,4,-1,-1
28,2,142.06,329.03,74.97,37.06,0.99,7,-1,-1
28,4,56.37,184.92,52.03,27.38,0.91,4,-1,-1
28,6,103.41,203.19,17.19,23.76,0.97,10,-1,-1
28,8,120.10,187.13,35.33,25.41,0.98,4,-1,-1
28,9,121.37,234.76,21.97,31.85,0.96,10,-1,-1
28,10,238.13,283.62,34.98,26.72,0.98,10,-1,-1
28,11,141.42,235.52,18.22,30.33,0.98,10,-1,-1
28,13,305.27,312.25,38.57,25.74,0.98,10,-1,-1
28,14,311.31,299.77,19.27,33.81,0.93,2,-1,-1
28,15,195.07,225.10,18.84,29.32,0.89,10,-1,-1
28,16,235.96,184.75,30.13,29.72,0.80,4,-1,-1
28,17,243.74,170.79,25.71,24.32,0.57,4,-1,-1
28,18,249.36,161.54,23.24,20.78,0.30,4,-1,-1
28,19,349.65,272.92,35.43,23.89,0.90,10,-1,-1
28,20,355.88,261.89,16.29,26.63,0.67,2,-1,-1
28,21,400.62,287.88,36.26,24.39,0.96,10,-1,-1
28,22,282.49,139.91,22.70,20.76,0.92,4,-1,-1
28,23,408.96,280.39,17.87,27.43,0.80,2,-1,-1
28,24,332.20,181.62,17.37,25.78,0.92,10,-1,-1
28,25,310.19,239.78,19.72,37.77,0.98,10,-1,-1
28,26,325.92,475.79,80.17,63.29,0.93,4,-1,-1
28,27,343.06,201.62,60.37,25.89,1.00,4,-1,-1
28,28,358.16,170.18,14.98,19.36,0.87,10,-1,-1
28,30,265.59,373.61,30.50,46.31,0.99,10,-1,-1
28,31,395.76,217.55,18.50,24.63,0.47,10,-1,-1
28,32,391.41,158.48,27.36,22.32,0.57,5,-1,-1
28,34,358.38,283.98,29.72,27.44,0.75,10,-1,-1
28,35,410.83,187.06,22.70,24.91,0.83,4,-1,-1
28,36,337.85,247.19,35.90,26.01,0.79,10,-1,-1
28,37,368.95,273.99,14.64,30.03,0.77,2,-1,-1
28,41,438.60,256.35,15.69,28.19,0.91,2,-1,-1
28,42,453.15,235.05,29.98,23.76,0.79,10,-1,-1
28,44,497.92,222.13,57.94,25.82,0.97,4,-1,-1
28,45,474.13,366.29,48.23,59.86,0.99,7,-1,-1
28,50,568.09,301.90,16.86,32.31,0.60,10,-1,-1
28,51,569.20,293.57,16.00,32.30,0.98,2,-1,-1
28,53,548.06,243.67,78.09,32.87,0.96,4,-1,-1
28,55,603.68,339.06,41.25,54.41,0.71,8,-1,-1
28,56,571.08,421.32,27.86,50.67,0.98,10,-1,-1
28,57,635.00,269.59,52.78,45.48,0.85,8,-1,-1
28,58,575.95,414.83,20.41,39.01,0.91,2,-1,-1
28,60,667.79,230.92,78.56,34.92,0.93,4,-1,-1
28,61,709.06,349.43,34.77,30.95,0.75,10,-1,-1
28,66,435.57,482.70,88.59,56.15,0.41,4,-1,-1
28,67,554.54,261.49,16.01,26.56,0.17,2,-1,-1
28,71,547.34,269.73,36.51,24.54,0.42,10,-1,-1
28,39,437.52,262.18,19.12,27.96,0.54,10,-1,-1
28,78,64.16,276.89,107.59,42.59,0.99,4,-1,-1
28,49,546.70,207.51,42.26,28.42,0.96,5,-1,-1
28,84,272.99,366.97,22.09,33.90,0.90,2,-1,-1
28,54,602.77,384.27,50.70,69.00,0.30,8,-1,-1
28,95,478.49,362.68,29.32,38.02,0.98,2,-1,-1
28,98,472.37,215.80,17.65,19.82,0.39,2,-1,-1
28,38,388.39,187.51,16.46,20.83,0.16,10,-1,-1
28,102,244.03,276.34,17.44,28.40,0.74,2,-1,-1
28,104,665.16,277.22,51.02,43.71,0.58,4,-1,-1
28,59,665.14,277.59,51.06,43.62,0.61,4,-1,-1
28,82,659.80,365.89,46.85,37.91,0.65,10,-1,-1
28,105,467.57,266.83,24.54,24.17,0.92,10,-1,-1
28,106,474.22,257.93,13.98,25.46,0.93,2,-1,-1
28,109,640.22,304.19,41.30,51.42,0.38,8,-1,-1
28,7,155.31,309.87,19.29,35.12,0.24,1,-1,-1
28,112,733.82,275.62,34.29,34.16,0.66,10,-1,-1
28,114,417.70,248.53,28.69,20.32,0.35,10,-1,-1
28,3,174.45,321.85,22.18,32.50,0.46,2,-1,-1
28,33,351.99,243.59,34.34,22.34,0.26,10,-1,-1
28,117,0.22,303.45,14.26,31.34,0.75,2,-1,-1
29,1,0.49,205.42,55.51,29.71,0.66,4,-1,-1
29,2,146.26,327.81,74.89,37.67,1.00,7,-1,-1
29,4,56.70,184.75,51.91,27.40,0.91,4,-1,-1
29,6,103.17,202.82,17.07,23.56,0.96,10,-1,-1
29,8,120.18,186.89,35.44,25.55,0.98,4,-1,-1
29,9,121.64,234.90,21.89,31.70,0.96,10,-1,-1
29,10,241.67,283.13,35.15,26.86,0.99,10,-1,-1
29,11,141.61,235.37,18.10,30.16,0.98,10,-1,-1
29,13,310.09,312.29,38.16,25.40,0.96,10,-1,-1
29,14,316.16,299.45,18.85,33.78,0.87,2,-1,-1
29,15,194.65,225.36,19.16,29.27,0.89,10,-1,-1
29,16,236.28,184.50,29.92,29.79,0.79,4,-1,-1
29,17,243.91,170.69,25.63,24.75,0.57,4,-1,-1
29,18,249.65,161.67,22.82,20.39,0.37,4,-1,-1
29,19,351.76,272.14,37.41,25.37,0.84,10,-1,-1
29,20,356.05,260.90,17.43,27.67,0.43,2,-1,-1
29,21,405.33,286.90,36.52,24.95,0.95,10,-1,-1
29,22,282.61,140.20,23.06,21.16,0.91,4,-1,-1
29,23,414.33,279.59,17.58,27.95,0.90,2,-1,-1
29,24,333.13,180.87,17.05,25.60,0.93,10,-1,-1
29,25,310.66,240.32,19.47,37.42,0.96,10,-1,-1
29,26,326.02,475.77,80.17,63.29,0.92,4,-1,-1
29,27,343.70,201.55,59.86,25.91,1.00,4,-1,-1
29,28,357.74,169.41,15.41,19.87,0.84,10,-1,-1
29,30,261.97,378.22,30.09,46.17,0.99,10,-1,-1
29,31,395.71,217.68,18.64,24.11,0.59,10,-1,-1
29,32,390.77,157.96,27.62,22.51,0.77,5,-1,-1
29,34,356.02,282.74,29.80,29.33,0.40,10,-1,-1
29,35,410.78,186.70,22.85,25.16,0.65,4,-1,-1
29,36,336.54,246.56,35.30,26.62,0.70,10,-1,-1
29,37,367.13,273.95,15.28,29.37,0.63,2,-1,-1
29,41,438.45,256.36,15.24,27.22,0.90,2,-1,-1
29,42,452.79,234.97,29.81,23.81,0.87,10,-1,-1
29,44,497.73,221.88,59.41,26.44,0.98,4,-1,-1
29,45,473.07,364.81,48.05,59.87,0.99,7,-1,-1
29,50,568.80,301.08,16.84,31.68,0.84,10,-1,-1
29,51,569.77,292.98,16.19,31.99,0.99,2,-1,-1
29,53,545.65,243.81,77.82,32.65,0.96,4,-1,-1
29,55,603.82,339.00,41.87,55.09,0.73,8,-1,-1
29,56,569.59,418.52,28.05,51.43,0.96,10,-1,-1
29,57,635.56,270.30,51.47,44.08,0.87,8,-1,-1
29,58,573.81,412.38,20.78,40.25,0.81,2,-1,-1
29,60,664.90,230.83,80.04,35.01,0.94,4,-1,-1
29,61,708.85,350.08,35.68,30.40,0.81,10,-1,-1
29,66,435.50,482.29,88.62,56.90,0.50,4,-1,-1
29,71,551.01,269.23,36.31,25.47,0.46,10,-1,-1
29,39,437.68,261.61,18.37,27.97,0.60,10,-1,-1
29,78,70.78,275.89,106.85,43.35,1.00,4,-1,-1
29,49,547.27,207.48,41.41,28.13,0.87,5,-1,-1
29,84,269.66,370.43,21.12,35.03,0.92,2,-1,-1
29,95,477.78,360.97,28.74,37.12,0.96,2,-1,-1
29,98,473.19,212.38,14.88,20.79,0.59,2,-1,-1
29,102,247.52,275.67,17.84,28.53,0.90,2,-1,-1
29,104,665.32,277.57,50.70,42.72,0.66,4,-1,-1
29,59,665.30,278.08,50.74,42.72,0.68,4,-1,-1
29,82,659.48,366.00,47.78,38.00,0.63,10,-1,-1
29,105,465.47,267.44,24.64,24.40,0.95,10,-1,-1
29,106,472.09,258.48,14.74,25.51,0.97,2,-1,-1
29,109,640.14,303.17,41.74,52.41,0.54,8,-1,-1
29,7,158.06,308.68,17.42,33.19,0.26,2,-1,-1
29,112,734.36,276.22,33.13,33.36,0.80,10,-1,-1
29,114,414.03,249.55,28.62,19.76,0.61,10,-1,-1
29,3,179.16,321.00,24.23,33.80,0.23,2,-1,-1
29,33,349.77,243.34,34.79,22.89,0.39,10,-1,-1
29,118,309.17,304.65,15.07,30.74,0.65,2,-1,-1
29,119,410.42,185.78,22.90,25.92,0.77,7,-1,-1
29,47,678.45,258.37,33.51,27.43,0.51,10,-1,-1
29,85,562.05,224.86,14.11,25.16,0.74,2,-1,-1
30,1,0.63,205.47,55.46,29.59,0.78,4,-1,-1
30,2,151.16,327.80,74.28,37.50,1.00,7,-1,-1
30,4,56.64,184.62,52.04,27.41,0.90,4,-1,-1
30,6,103.28,202.93,16.73,23.09,0.97,10,-1,-1
30,8,120.29,187.03,35.28,25.40,0.98,4,-1,-1
30,9,122.13,234.78,21.57,31.65,0.98,10,-1,-1
30,10,245.56,281.89,34.82,27.82,0.96,10,-1,-1
30,11,141.77,235.24,18.07,30.10,0.98,10,-1,-1
30,13,314.71,311.33,38.41,26.09,0.98,10,-1,-1
30,14,320.99,298.86,19.91,34.86,0.93,2,-1,-1
30,15,194.59,225.28,19.08,29.65,0.91,10,-1,-1
30,16,236.49,184.62,29.85,29.62,0.75,4,-1,-1
30,17,244.07,170.68,25.60,24.91,0.41,4,-1,-1
30,18,249.45,161.93,23.07,20.04,0.45,4,-1,-1
30,19,353.86,270.99,38.55,26.50,0.83,10,-1,-1
30,20,362.48,261.55,17.42,26.66,0.79,2,-1,-1
30,21,410.12,287.16,36.23,24.16,0.90,10,-1,-1
30,22,282.84,140.86,22.80,21.07,0.71,4,-1,-1
30,23,418.96,279.21,17.48,27.95,0.93,2,-1,-1
30,24,334.02,180.02,16.92,25.75,0.94,10,-1,-1
30,25,310.63,241.31,20.17,36.49,0.96,10,-1,-1
30,26,326.48,475.39,79.78,63.68,0.87,4,-1,-1
30,27,344.12,201.64,60.08,25.72,1.00,4,-1,-1
30,28,357.97,168.66,14.79,19.67,0.66,10,-1,-1
30,30,258.26,384.24,29.94,44.90,0.99,10,-1,-1
30,31,395.88,217.65,18.69,24.11,0.51,10,-1,-1
30,32,390.34,157.68,27.72,22.78,0.66,5,-1,-1
30,34,353.43,283.88,30.20,29.20,0.61,10,-1,-1
30,35,410.76,186.77,22.90,25.06,0.76,4,-1,-1
30,36,335.34,245.95,34.67,26.84,0.60,10,-1,-1
30,37,363.73,274.02,16.70,31.70,0.76,1,-1,-1
30,41,438.00,256.29,15.48,27.07,0.53,2,-1,-1
30,42,452.28,235.45,29.34,23.23,0.83,10,-1,-1
30,44,497.48,221.79,60.36,26.87,0.98,4,-1,-1
30,45,471.93,362.52,48.40,60.70,0.98,7,-1,-1
30,50,569.65,300.72,16.84,30.95,0.89,10,-1,-1
30,51,570.57,292.40,15.87,31.48,0.98,2,-1,-1
30,53,541.83,244.05,78.73,33.16,0.97,4,-1,-1
30,55,604.09,338.78,41.90,54.95,0.71,8,-1,-1
30,56,568.12,414.99,27.33,51.71,0.95,10,-1,-1
30,57,635.38,270.47,52.57,43.84,0.87,8,-1,-1
30,58,572.10,409.58,20.93,40.32,0.75,2,-1,-1
30,60,663.47,231.19,80.59,34.84,0.96,4,-1,-1
30,61,708.80,349.72,35.24,31.00,0.84,10,-1,-1
30,66,436.09,482.15,88.64,56.78,0.46,4,-1,-1
30,71,554.46,269.62,37.03,25.04,0.38,10,-1,-1
30,39,437.14,260.53,18.51,28.18,0.70,10,-1,-1
30,78,77.27,274.97,106.13,43.82,0.99,4,-1,-1
30,49,545.88,207.27,43.10,29.03,0.89,5,-1,-1
30,84,265.97,374.22,21.53,35.44,0.95,2,-1,-1
30,95,476.97,359.41,26.51,37.60,0.57,2,-1,-1
30,98,473.24,210.94,13.74,21.55,0.46,2,-1,-1
30,102,251.29,275.16,18.19,28.78,0.71,2,-1,-1
30,59,664.97,277.85,50.63,43.19,0.65,4,-1,-1
30,82,660.17,364.45,47.35,39.22,0.76,10,-1,-1
30,105,463.36,267.96,25.09,25.08,0.87,10,-1,-1
30,106,469.77,259.59,15.02,25.13,0.94,2,-1,-1
30,109,640.12,303.09,42.74,52.06,0.33,8,-1,-1
30,7,160.30,308.17,16.37,30.85,0.15,1,-1,-1
30,112,734.14,276.08,33.56,34.06,0.64,10,-1,-1
30,114,410.78,250.07,28.14,19.57,0.49,10,-1,-1
30,3,183.09,320.72,24.64,33.90,0.36,2,-1,-1
30,33,342.47,244.84,38.51,24.48,0.16,10,-1,-1
30,119,410.67,186.01,22.42,25.67,0.50,7,-1,-1
30,47,682.57,260.36,31.91,26.74,0.94,10,-1,-1
30,85,562.08,224.78,15.18,24.79,0.38,2,-1,-1
30,43,475.34,237.70,15.65,29.62,0.58,1,-1,-1
30,38,387.61,185.55,14.92,20.06,0.50,10,-1,-1
31,1,0.62,205.10,55.45,29.94,0.68,4,-1,-1
31,2,155.94,326.04,74.26,38.62,1.00,7,-1,-1
31,4,56.69,184.48,52.04,27.61,0.90,4,-1,-1
31,6,103.45,202.40,16.40,22.91,0.98,10,-1,-1
31,8,120.41,186.89,35.57,25.54,0.99,4,-1,-1
31,9,122.04,234.65,21.84,31.62,0.98,10,-1,-1
31,10,249.18,281.83,35.29,27.39,0.99,10,-1,-1
31,11,142.00,235.10,18.01,30.28,0.98,10,-1,-1
31,13,319.68,310.98,37.71,25.94,0.92,10,-1,-1
31,14,326.22,298.26,18.33,34.68,0.82,2,-1,-1
31,15,194.40,225.34,19.24,29.79,0.91,10,-1,-1
31,16,236.49,184.58,30.03,29.55,0.78,4,-1,-1
31,17,244.14,170.68,25.59,24.78,0.44,4,-1,-1
31,18,249.79,161.92,22.96,20.31,0.24,4,-1,-1
31,19,356.93,270.06,37.82,26.74,0.79,10,-1,-1
31,20,365.26,261.61,19.43,27.09,0.54,2,-1,-1
31,21,414.94,286.97,36.12,24.17,0.87,10,-1,-1
31,22,282.85,141.15,22.89,21.27,0.69,4,-1,-1
31,23,423.93,278.78,17.45,28.95,0.92,2,-1,-1
31,24,334.73,179.13,16.88,26.00,0.93,10,-1,-1
31,25,311.21,241.96,20.04,36.32,0.95,10,-1,-1
31,26,326.66,475.04,79.63,63.83,0.91,4,-1,-1
31,27,344.68,201.58,59.76,25.65,1.00,4,-1,-1
31,28,358.26,167.60,14.14,19.79,0.69,10,-1,-1
31,30,254.44,386.60,30.07,47.59,0.99,10,-1,-1
31,31,395.57,217.14,19.10,24.51,0.52,10,-1,-1
31,32,390.59,157.58,27.36,22.48,0.49,5,-1,-1
31,34,351.34,283.32,30.34,30.11,0.70,10,-1,-1
31,35,410.96,186.10,22.52,25.61,0.24,4,-1,-1
31,36,334.38,246.02,36.84,26.72,0.73,10,-1,-1
31,37,361.15,275.58,16.47,29.85,0.67,2,-1,-1
31,41,437.46,256.17,15.57,26.82,0.62,2,-1,-1
31,42,451.73,235.54,29.15,23.00,0.88,10,-1,-1
31,44,497.61,221.95,62.71,27.23,0.97,4,-1,-1
31,45,470.96,359.92,48.15,62.23,0.99,7,-1,-1
31,50,569.97,299.71,17.65,30.79,0.71,10,-1,-1
31,51,571.26,291.61,15.74,32.11,0.98,2,-1,-1
31,53,538.29,244.62,79.67,33.55,0.97,4,-1,-1
31,55,603.80,338.30,42.31,54.49,0.81,8,-1,-1
31,56,566.86,411.96,27.07,52.61,0.96,10,-1,-1
31,57,635.71,270.52,52.97,43.95,0.80,8,-1,-1
31,58,570.55,407.02,21.00,41.15,0.91,2,-1,-1
31,60,662.20,231.52,79.21,34.36,0.98,4,-1,-1
31,61,709.18,349.18,35.06,32.02,0.80,10,-1,-1
31,66,436.52,481.89,88.24,56.73,0.44,4,-1,-1
31,71,558.03,268.67,36.90,25.46,0.15,10,-1,-1
31,39,436.57,259.74,18.57,28.46,0.51,10,-1,-1
31,78,83.61,274.25,105.44,44.00,1.00,4,-1,-1
31,49,545.18,207.28,43.33,28.38,0.93,5,-1,-1
31,84,262.35,378.51,21.28,35.20,0.90,2,-1,-1
31,95,476.32,357.88,26.06,37.78,0.58,2,-1,-1
31,98,473.08,210.20,12.94,21.84,0.38,2,-1,-1
31,102,255.08,274.78,18.13,28.68,0.87,2,-1,-1
31,59,665.25,277.95,50.59,42.77,0.58,4,-1,-1
31,82,660.44,364.64,47.17,39.28,0.83,10,-1,-1
31,105,461.44,268.94,24.85,24.73,0.94,10,-1,-1
31,106,467.58,260.48,15.52,25.40,0.96,2,-1,-1
31,109,640.52,303.66,41.50,51.73,0.23,8,-1,-1
31,112,733.25,275.49,34.53,35.03,0.52,10,-1,-1
31,114,407.07,250.22,27.52,19.30,0.50,10,-1,-1
31,3,188.18,320.05,23.62,33.53,0.33,2,-1,-1
31,33,338.64,245.11,40.65,24.69,0.44,10,-1,-1
31,119,410.96,186.52,22.79,25.39,0.90,4,-1,-1
31,47,682.35,258.49,34.16,28.13,0.77,10,-1,-1
31,85,562.29,224.44,15.20,24.47,0.59,2,-1,-1
31,43,476.00,237.42,15.26,30.83,0.80,1,-1,-1
31,38,387.24,184.71,14.13,19.92,0.79,10,-1,-1
31,120,8.34,302.54,21.45,29.53,0.90,2,-1,-1
31,121,246.04,115.64,13.26,18.08,0.64,1,-1,-1
31,122,319.12,303.75,15.07,31.34,0.66,2,-1,-1
31,123,665.36,277.23,50.62,42.79,0.62,4,-1,-1
31,124,719.60,337.20,16.88,37.37,0.74,2,-1,-1
32,1,0.76,204.86,55.22,29.88,0.67,4,-1,-1
32,2,160.22,325.40,74.66,38.26,0.98,7,-1,-1
32,4,56.70,184.43,51.91,27.49,0.91,4,-1,-1
32,6,103.40,202.32,15.98,22.45,0.97,10,-1,-1
32,8,120.52,186.94,35.48,25.39,0.98,4,-1,-1
32,9,122.57,234.70,21.55,31.82,0.98,10,-1,-1
32,10,253.27,281.63,34.67,27.22,0.95,10,-1,-1
32,11,142.45,235.15,17.78,30.15,0.99,10,-1,-1
32,13,324.33,310.67,38.24,26.29,0.95,10,-1,-1
32,14,331.17,298.15,18.52,34.90,0.83,2,-1,-1
32,15,194.41,225.76,19.10,29.44,0.91,10,-1,-1
32,16,236.76,184.57,29.69,29.33,0.82,4,-1,-1
32,17,244.24,170.78,25.59,24.53,0.63,4,-1,-1
32,18,250.00,162.12,22.52,19.82,0.54,4,-1,-1
32,19,360.96,270.60,36.73,25.45,0.90,10,-1,-1
32,20,367.98,262.04,19.77,26.25,0.91,2,-1,-1
32,21,419.54,286.62,36.49,23.87,0.53,10,-1,-1
32,22,282.73,141.65,22.93,21.25,0.88,4,-1,-1
32,23,428.38,278.54,17.44,28.74,0.93,2,-1,-1
32,24,335.53,178.53,16.86,26.31,0.94,10,-1,-1
32,25,311.99,244.88,19.58,33.46,0.96,10,-1,-1
32,26,326.50,474.92,79.97,63.88,0.88,4,-1,-1
32,27,345.45,201.57,59.25,25.42,1.00,4,-1,-1
32,28,357.93,167.24,14.72,19.84,0.83,10,-1,-1
32,30,250.72,390.93,30.52,48.18,0.99,10,-1,-1
32,31,395.82,216.47,18.86,25.45,0.49,10,-1,-1
32,32,390.28,157.25,27.21,22.57,0.69,5,-1,-1
32,34,349.22,285.04,30.38,28.70,0.84,10,-1,-1
32,35,411.01,185.76,22.38,25.82,0.33,4,-1,-1
32,36,333.44,245.67,38.80,27.05,0.91,10,-1,-1
32,37,359.21,276.39,15.97,29.67,0.64,2,-1,-1
32,41,436.84,255.34,15.61,26.14,0.76,2,-1,-1
32,42,450.72,235.38,29.86,23.12,0.76,10,-1,-1
32,44,497.44,222.42,62.81,26.77,0.97,4,-1,-1
32,45,470.62,358.82,47.67,61.63,1.00,7,-1,-1
32,50,570.44,298.37,18.33,30.95,0.87,10,-1,-1
32,51,572.08,290.56,15.70,32.35,0.99,2,-1,-1
32,53,535.03,245.05,80.02,33.90,0.99,4,-1,-1
32,55,603.86,338.13,42.26,54.32,0.83,8,-1,-1
32,56,565.03,409.15,26.99,52.16,0.95,10,-1,-1
32,57,635.81,270.26,53.11,44.29,0.89,8,-1,-1
32,58,568.82,404.37,20.62,41.85,0.93,2,-1,-1
32,60,661.77,231.46,76.27,34.18,0.96,4,-1,-1
32,61,709.30,348.20,34.20,32.79,0.79,10,-1,-1
32,66,436.45,481.61,88.09,57.10,0.38,4,-1,-1
32,39,435.93,258.87,19.00,28.56,0.69,10,-1,-1
32,78,89.80,273.61,105.01,44.26,1.00,4,-1,-1
32,49,544.69,207.20,43.81,28.93,0.93,5,-1,-1
32,84,258.80,382.61,21.78,35.89,0.97,2,-1,-1
32,95,475.68,356.18,24.28,37.86,0.19,2,-1,-1
32,98,472.63,209.74,12.67,21.76,0.54,2,-1,-1
32,102,259.13,274.16,18.10,28.64,0.85,2,-1,-1
32,59,665.33,278.10,48.98,42.52,0.52,8,-1,-1
32,82,660.12,364.35,47.10,39.69,0.66,10,-1,-1
32,105,459.37,269.40,24.76,24.78,0.91,10,-1,-1
32,106,465.60,261.00,15.31,24.90,0.90,2,-1,-1
32,109,640.23,304.49,41.04,50.60,0.20,8,-1,-1
32,112,734.12,275.18,33.27,34.69,0.53,10,-1,-1
32,114,403.80,250.13,27.70,20.06,0.31,10,-1,-1
32,3,192.80,319.43,24.00,33.38,0.84,2,-1,-1
32,119,411.27,186.46,22.45,25.30,0.86,4,-1,-1
32,47,681.09,257.84,38.78,26.86,0.80,10,-1,-1
32,85,562.15,224.23,15.59,24.35,0.56,2,-1,-1
32,43,476.20,236.83,15.12,32.24,0.79,1,-1,-1
32,38,386.08,183.93,14.70,20.48,0.93,10,-1,-1
32,120,12.37,302.06,22.77,29.53,0.92,2,-1,-1
32,121,246.05,116.00,13.02,17.24,0.55,1,-1,-1
32,123,664.87,277.22,49.66,43.03,0.53,4,-1,-1
32,124,719.60,336.95,17.84,37.36,0.83,2,-1,-1
33,1,0.79,205.35,54.92,29.25,0.72,4,-1,-1
33,2,163.94,324.96,75.42,38.10,1.00,7,-1,-1
33,4,56.79,184.39,51.66,27.44,0.90,4,-1,-1
33,6,103.22,201.69,15.83,22.69,0.95,10,-1,-1
33,8,120.75,186.94,35.44,25.14,0.98,4,-1,-1
33,9,122.66,234.60,21.54,31.69,0.98,10,-1,-1
33,10,256.44,280.76,35.04,27.15,0.98,10,-1,-1
33,11,142.35,235.05,18.66,30.51,0.96,10,-1,-1
33,13,329.87,310.74,37.65,26.03,0.95,10,-1,-1
33,14,336.82,298.01,18.19,34.68,0.96,2,-1,-1
33,15,194.41,226.88,18.85,28.11,0.88,10,-1,-1
33,16,236.84,184.54,29.57,29.25,0.80,4,-1,-1
33,17,244.16,170.81,25.39,24.23,0.58,4,-1,-1
33,18,249.87,162.06,22.56,20.03,0.20,4,-1,-1
33,19,366.56,268.39,33.50,26.96,0.89,10,-1,-1
33,20,371.65,261.28,17.56,26.55,0.57,2,-1,-1
33,21,424.66,286.07,36.24,23.77,0.67,10,-1,-1
33,22,282.87,142.00,22.74,21.13,0.90,4,-1,-1
33,23,433.25,278.04,17.04,28.86,0.96,2,-1,-1
33,24,336.57,178.01,16.46,26.03,0.96,10,-1,-1
33,25,312.65,245.01,19.40,33.17,0.98,10,-1,-1
33,26,326.62,474.66,80.10,64.30,0.86,4,-1,-1
33,27,345.71,201.35,59.46,25.53,1.00,4,-1,-1
33,28,357.80,166.71,14.53,20.06,0.87,10,-1,-1
33,30,246.96,396.97,30.10,47.21,0.99,10,-1,-1
33,31,396.50,216.20,17.97,26.19,0.59,10,-1,-1
33,32,389.96,157.02,27.56,22.80,0.54,5,-1,-1
33,34,349.45,284.57,28.02,28.81,0.86,10,-1,-1
33,35,411.22,185.81,21.92,25.70,0.23,4,-1,-1
33,36,332.34,247.29,36.85,25.80,0.94,10,-1,-1
33,37,357.14,275.95,16.98,31.99,0.86,2,-1,-1
33,41,436.80,254.01,15.23,25.48,0.89,2,-1,-1
33,42,450.35,234.21,29.34,24.16,0.80,10,-1,-1
33,44,497.18,222.09,64.01,27.40,0.95,4,-1,-1
33,45,469.91,357.06,47.10,61.81,1.00,7,-1,-1
33,50,571.17,296.69,18.21,31.42,0.78,10,-1,-1
33,51,572.75,289.48,15.68,31.35,0.99,2,-1,-1
33,53,531.69,245.28,80.15,34.22,0.96,4,-1,-1
33,55,604.07,338.05,42.84,53.86,0.80,8,-1,-1
33,56,563.80,405.99,25.76,51.18,0.98,10,-1,-1
33,57,635.83,270.24,53.15,43.72,0.76,8,-1,-1
33,58,567.63,401.47,20.09,40.93,0.84,2,-1,-1
33,60,659.64,230.92,75.96,34.11,0.96,4,-1,-1
33,61,709.32,348.79,33.07,31.52,0.74,10,-1,-1
33,66,436.41,481.29,88.03,57.24,0.32,4,-1,-1
33,39,435.69,258.54,18.76,27.21,0.91,10,-1,-1
33,78,95.37,273.37,104.75,43.55,1.00,4,-1,-1
33,49,544.70,207.25,43.59,28.34,0.88,5,-1,-1
33,84,255.00,386.58,22.16,35.36,0.95,2,-1,-1
33,95,475.49,354.39,24.04,38.29,0.68,2,-1,-1
33,98,471.87,209.17,12.58,22.52,0.67,2,-1,-1
33,102,262.59,273.83,17.89,28.02,0.89,2,-1,-1
33,59,665.34,278.33,49.18,42.23,0.36,8,-1,-1
33,82,660.38,363.83,47.07,40.23,0.35,7,-1,-1
33,105,456.85,268.64,25.13,25.79,0.89,10,-1,-1
33,106,463.72,261.35,14.81,25.12,0.73,2,-1,-1
33,112,734.04,275.96,32.77,33.64,0.44,10,-1,-1
33,114,400.07,249.16,28.17,20.94,0.20,10,-1,-1
33,3,197.64,318.40,23.94,33.31,0.57,2,-1,-1
33,119,411.35,186.64,22.33,25.05,0.92,4,-1,-1
33,47,685.71,259.81,40.60,25.76,0.74,10,-1,-1
33,85,562.07,224.24,15.34,23.72,0.69,2,-1,-1
33,43,476.07,236.79,15.47,32.38,0.63,1,-1,-1
33,38,385.47,183.25,14.90,19.89,0.96,10,-1,-1
33,120,17.30,301.38,21.67,28.72,0.79,2,-1,-1
33,121,246.28,116.12,12.74,17.19,0.67,10,-1,-1
33,123,665.23,277.55,49.47,42.49,0.38,4,-1,-1
33,124,719.58,336.88,18.02,35.97,0.88,2,-1,-1
33,125,246.34,116.24,12.66,17.03,0.76,1,-1,-1
33,126,329.06,303.00,15.07,31.19,0.75,2,-1,-1
33,127,470.69,210.64,14.46,22.60,0.78,10,-1,-1
33,128,678.62,257.34,43.39,25.92,0.70,10,-1,-1
33,33,337.98,243.51,37.86,24.28,0.68,10,-1,-1
34,1,0.74,205.54,54.87,28.81,0.55,4,-1,-1
34,2,168.48,325.01,75.72,36.45,0.99,7,-1,-1
34,4,57.01,184.38,51.37,27.22,0.94,4,-1,-1
34,6,102.99,201.06,15.88,22.98,0.98,10,-1,-1
34,8,121.01,186.84,34.88,25.04,0.98,4,-1,-1
34,9,122.97,234.56,21.33,31.45,0.99,10,-1,-1
34,10,260.31,280.03,34.98,27.32,0.97,10,-1,-1
34,11,142.54,234.81,18.58,30.44,0.93,10,-1,-1
34,13,334.79,309.97,37.02,26.33,0.93,10,-1,-1
34,14,341.37,298.95,18.87,33.99,0.94,2,-1,-1
34,15,194.54,226.88,18.75,28.01,0.85,10,-1,-1
34,16,237.10,184.33,29.32,29.22,0.84,4,-1,-1
34,17,244.35,170.61,25.32,24.72,0.52,4,-1,-1
34,18,249.74,162.03,22.77,19.92,0.29,4,-1,-1
34,19,368.09,267.29,34.36,27.31,0.92,10,-1,-1
34,21,429.22,285.87,36.14,23.34,0.65,10,-1,-1
34,22,283.04,142.11,22.46,21.28,0.86,4,-1,-1
34,23,437.91,277.75,16.89,28.70,0.89,2,-1,-1
34,24,337.34,177.53,16.31,25.52,0.98,10,-1,-1
34,25,313.11,246.04,19.73,32.07,0.98,10,-1,-1
34,26,326.69,474.14,80.14,64.84,0.85,4,-1,-1
34,27,346.41,200.86,58.75,25.98,1.00,4,-1,-1
34,28,357.96,166.42,14.06,19.74,0.92,10,-1,-1
34,30,243.52,401.32,29.93,47.60,0.99,10,-1,-1
34,31,397.18,216.00,16.81,26.67,0.64,10,-1,-1
34,32,389.67,157.12,28.08,22.49,0.38,5,-1,-1
34,34,348.90,284.17,26.65,27.66,0.87,10,-1,-1
34,35,411.31,185.82,21.75,25.66,0.48,4,-1,-1
34,36,330.64,248.23,36.84,24.89,0.91,10,-1,-1
34,37,354.48,277.12,17.73,30.92,0.71,2,-1,-1
34,41,436.82,253.23,15.09,25.66,0.95,2,-1,-1
34,42,449.25,233.37,31.11,24.75,0.55,10,-1,-1
34,44,496.91,221.26,64.85,28.42,0.96,4,-1,-1
34,45,468.71,354.65,47.71,63.09,0.99,7,-1,-1
34,50,572.44,295.78,17.76,30.50,0.92,10,-1,-1
34,51,573.79,288.60,15.67,30.67,0.99,2,-1,-1
34,53,528.15,245.24,79.80,34.34,0.99,4,-1,-1
34,55,604.55,337.80,41.86,52.48,0.75,8,-1,-1
34,56,562.64,404.30,25.73,50.80,0.96,10,-1,-1
34,57,636.24,270.32,49.99,42.60,0.96,8,-1,-1
34,58,566.28,399.26,20.30,40.57,0.75,2,-1,-1
34,60,656.51,230.90,77.46,34.48,0.94,4,-1,-1
34,61,709.75,348.41,31.03,31.41,0.50,10,-1,-1
34,66,436.41,480.95,88.00,57.68,0.38,4,-1,-1
34,39,435.83,258.23,18.27,26.08,0.88,10,-1,-1
34,78,100.96,273.10,104.06,42.88,1.00,4,-1,-1
34,49,544.72,206.96,44.69,28.71,0.85,5,-1,-1
34,84,251.15,390.53,22.30,35.94,0.90,2,-1,-1
34,95,473.62,352.37,26.42,39.25,0.91,2,-1,-1
34,98,471.03,208.66,12.56,22.21,0.71,2,-1,-1
34,102,266.37,273.31,17.41,27.99,0.87,2,-1,-1
34,59,665.36,277.40,49.26,43.13,0.58,8,-1,-1
34,82,660.09,362.83,47.85,40.42,0.66,10,-1,-1
34,105,453.60,268.03,26.46,26.36,0.52,10,-1,-1
34,106,461.91,261.95,14.62,24.41,0.53,2,-1,-1
34,112,734.02,276.74,32.59,32.33,0.49,10,-1,-1
34,114,395.62,249.36,29.14,21.27,0.19,10,-1,-1
34,3,202.21,317.82,23.51,32.88,0.16,2,-1,-1
34,119,411.38,186.47,22.29,25.20,0.86,4,-1,-1
34,47,698.35,260.22,36.80,24.75,0.66,10,-1,-1
34,85,562.05,224.03,15.23,23.69,0.37,2,-1,-1
34,43,476.24,236.39,15.60,33.01,0.76,1,-1,-1
34,38,384.51,182.62,15.38,18.85,0.94,10,-1,-1
34,120,22.67,301.03,22.69,28.80,0.78,2,-1,-1
34,121,246.25,116.04,12.88,17.17,0.55,1,-1,-1
34,123,665.37,276.37,49.41,43.38,0.53,4,-1,-1
34,124,719.59,336.86,17.16,35.03,0.84,2,-1,-1
34,127,469.97,211.70,14.46,21.39,0.84,10,-1,-1
34,33,339.37,242.28,34.51,24.14,0.79,10,-1,-1
34,129,0.51,304.80,64.13,39.93,0.92,7,-1,-1
34,130,8.49,263.67,28.21,39.17,0.71,10,-1,-1
34,131,566.52,398.97,20.49,41.58,0.73,2,-1,-1
34,87,364.31,141.24,12.08,18.21,0.72,10,-1,-1
34,67,577.69,260.64,16.82,25.14,0.58,2,-1,-1
35,1,1.03,205.75,54.63,28.65,0.71,4,-1,-1
35,2,173.36,324.08,75.23,36.62,0.98,7,-1,-1
35,4,57.24,184.61,51.35,27.13,0.94,4,-1,-1
35,6,102.71,200.48,16.20,23.09,0.98,10,-1,-1
35,8,121.26,186.94,34.66,24.80,0.99,4,-1,-1
35,9,123.08,234.67,21.36,31.15,0.99,10,-1,-1
35,10,264.46,279.60,34.15,27.19,0.98,10,-1,-1
35,11,142.76,234.95,18.65,30.02,0.92,10,-1,-1
35,13,340.07,310.30,36.79,26.04,0.93,10,-1,-1
35,14,346.91,300.23,17.94,32.22,0.80,2,-1,-1
35,15,194.54,227.20,18.71,27.77,0.89,10,-1,-1
35,16,237.23,184.38,29.43,29.20,0.87,4,-1,-1
35,17,244.66,170.47,25.29,24.71,0.58,4,-1,-1
35,18,249.83,162.15,22.65,20.07,0.24,4,-1,-1
35,19,366.82,267.68,38.66,27.23,0.92,10,-1,-1
35,21,433.97,285.61,36.51,23.18,0.47,10,-1,-1
35,22,283.24,142.38,22.35,21.33,0.91,4,-1,-1
35,23,442.29,277.66,17.24,28.84,0.70,2,-1,-1
35,24,337.82,177.00,15.85,25.33,0.98,10,-1,-1
35,25,314.09,246.81,19.85,31.87,0.93,10,-1,-1
35,26,326.56,473.94,80.55,65.04,0.85,4,-1,-1
35,27,347.29,200.80,57.68,25.94,1.00,4,-1,-1
35,28,358.04,165.87,13.89,19.82,0.92,10,-1,-1
35,30,239.72,405.21,30.46,48.52,0.99,10,-1,-1
35,31,396.63,215.85,18.04,26.84,0.85,10,-1,-1
35,34,348.59,284.80,24.53,27.01,0.79,10,-1,-1
35,35,411.56,186.25,21.69,25.23,0.86,4,-1,-1
35,36,328.89,248.90,37.62,24.35,0.76,10,-1,-1
35,37,353.15,278.07,16.86,30.55,0.76,2,-1,-1
35,41,436.85,252.97,15.04,25.53,0.89,2,-1,-1
35,42,448.49,233.75,32.15,24.18,0.59,10,-1,-1
35,44,496.23,220.95,63.97,28.79,0.97,4,-1,-1
35,45,468.51,353.60,46.75,62.37,0.99,7,-1,-1
35,50,573.91,294.78,17.58,30.26,0.64,10,-1,-1
35,51,574.97,287.40,15.67,30.72,0.97,2,-1,-1
35,53,525.32,245.22,80.05,34.77,0.98,4,-1,-1
35,55,604.54,337.51,42.08,52.77,0.83,8,-1,-1
35,56,561.27,402.16,25.73,50.25,0.98,10,-1,-1
35,57,636.39,270.46,49.56,42.27,0.93,8,-1,-1
35,58,565.45,396.52,19.58,40.43,0.83,2,-1,-1
35,60,654.20,230.30,78.81,35.00,0.91,4,-1,-1
35,61,711.96,347.06,26.16,31.36,0.74,10,-1,-1
35,66,436.43,480.61,88.38,57.83,0.35,4,-1,-1
35,39,435.91,257.85,17.69,26.29,0.93,10,-1,-1
35,78,106.92,273.05,103.25,42.01,1.00,4,-1,-1
35,49,545.52,206.96,44.70,28.45,0.84,5,-1,-1
35,84,247.50,394.87,22.55,36.54,0.94,2,-1,-1
35,95,473.37,351.86,26.48,37.63,0.91,2,-1,-1
35,98,469.74,209.29,13.38,22.09,0.89,2,-1,-1
35,102,270.28,272.45,17.03,28.58,0.81,2,-1,-1
35,59,665.35,276.45,50.90,44.26,0.59,8,-1,-1
35,82,660.37,361.26,47.35,41.66,0.32,10,-1,-1
35,105,450.49,267.60,27.73,27.15,0.75,10,-1,-1
35,106,459.11,263.07,14.94,23.32,0.41,2,-1,-1
35,112,733.59,277.11,32.53,31.75,0.62,10,-1,-1
35,114,391.90,247.45,29.49,23.38,0.52,10,-1,-1
35,3,207.40,317.05,24.34,33.49,0.43,2,-1,-1
35,119,411.61,186.31,21.43,25.25,0.67,4,-1,-1
35,47,706.89,260.17,32.72,24.39,0.88,10,-1,-1
35,85,561.84,223.67,15.18,23.89,0.56,2,-1,-1
35,43,476.92,236.26,15.26,33.23,0.64,1,-1,-1
35,38,383.80,182.15,15.16,18.27,0.91,10,-1,-1
35,120,28.05,300.85,22.63,28.05,0.89,2,-1,-1
35,121,246.14,116.04,12.93,17.40,0.64,1,-1,-1
35,123,665.39,275.32,50.30,44.33,0.60,4,-1,-1
35,124,719.58,336.85,16.88,34.33,0.55,2,-1,-1
35,33,337.01,242.56,34.63,23.89,0.46,10,-1,-1
35,129,0.51,304.08,68.39,39.92,0.95,7,-1,-1
35,130,11.59,264.04,28.13,38.20,0.85,10,-1,-1
35,132,339.31,302.85,15.07,31.94,0.67,2,-1,-1
35,133,807.59,514.08,49.42,24.71,0.83,2,-1,-1
36,1,0.79,205.78,54.84,28.39,0.81,4,-1,-1
36,2,178.00,323.72,75.64,36.28,0.99,7,-1,-1
36,4,57.03,184.46,52.04,27.11,0.95,4,-1,-1
36,6,102.72,199.64,15.92,22.94,0.97,10,-1,-1
36,8,121.30,186.84,34.83,24.51,0.99,4,-1,-1
36,9,123.67,234.48,20.87,31.04,0.99,10,-1,-1
36,10,268.06,279.82,34.45,26.34,0.99,10,-1,-1
36,11,143.38,234.87,17.93,29.66,0.98,10,-1,-1
36,13,345.66,309.62,35.91,26.33,0.95,10,-1,-1
36,14,350.56,300.00,19.61,33.49,0.92,2,-1,-1
36,15,194.55,227.28,18.49,27.49,0.93,10,-1,-1
36,16,237.27,184.37,29.67,29.00,0.92,4,-1,-1
36,17,244.77,170.49,25.08,24.10,0.75,4,-1,-1
36,18,249.67,162.16,22.80,20.13,0.19,4,-1,-1
36,19,369.80,269.12,38.32,25.42,0.92,10,-1,-1
36,21,439.35,285.41,35.85,22.72,0.62,10,-1,-1
36,22,283.41,142.68,22.11,21.30,0.93,4,-1,-1
36,23,447.34,276.83,15.78,27.90,0.27,2,-1,-1
36,24,338.35,176.00,16.09,25.07,0.96,10,-1,-1
36,25,315.43,247.65,19.50,31.81,0.68,10,-1,-1
36,26,326.68,473.45,80.30,65.50,0.83,4,-1,-1
36,27,347.39,200.56,57.69,25.92,0.99,4,-1,-1
36,28,357.87,165.17,13.83,19.65,0.93,10,-1,-1
36,30,236.23,411.44,30.07,47.29,0.99,10,-1,-1
36,31,396.24,215.78,18.46,27.10,0.86,10,-1,-1
36,34,342.97,285.71,28.31,28.68,0.63,10,-1,-1
36,35,411.65,186.40,21.67,24.87,0.90,4,-1,-1
36,36,324.93,249.52,39.87,24.76,0.69,10,-1,-1
36,37,350.74,278.19,17.29,30.51,0.76,2,-1,-1
36,41,436.46,252.47,15.42,26.10,0.90,2,-1,-1
36,42,447.82,233.71,32.54,24.15,0.79,10,-1,-1
36,44,495.98,220.73,62.42,28.74,0.96,4,-1,-1
36,45,468.07,351.88,45.99,61.71,0.99,7,-1,-1
36,50,574.02,294.95,18.31,28.88,0.29,10,-1,-1
36,51,575.97,286.38,15.66,29.75,0.98,2,-1,-1
36,53,522.16,245.89,80.14,34.34,0.98,4,-1,-1
36,55,603.92,337.20,43.55,59.27,0.92,8,-1,-1
36,56,559.40,397.86,26.14,51.66,0.96,10,-1,-1
36,57,636.03,270.40,50.21,42.66,0.85,8,-1,-1
36,58,563.59,393.59,20.12,41.18,0.74,2,-1,-1
36,60,651.79,230.18,79.32,35.40,0.93,4,-1,-1
36,61,709.27,352.94,24.40,32.94,0.57,10,-1,-1
36,66,436.22,480.08,88.92,58.29,0.36,4,-1,-1
36,39,435.75,257.21,17.89,26.97,0.88,10,-1,-1
36,78,112.65,272.51,102.31,41.59,0.99,4,-1,-1
36,49,545.04,207.26,45.48,29.15,0.85,5,-1,-1
36,84,243.46,399.33,23.62,35.97,0.93,2,-1,-1
36,95,473.51,351.35,25.31,37.41,0.32,2,-1,-1
36,98,468.50,210.13,14.07,21.04,0.92,2,-1,-1
36,102,274.10,272.12,17.29,27.61,0.86,2,-1,-1
36,82,660.47,360.87,47.14,41.35,0.61,10,-1,-1
36,105,450.70,269.66,24.73,26.28,0.46,10,-1,-1
36,106,456.74,263.75,15.85,25.81,0.41,2,-1,-1
36,112,733.43,276.52,33.31,31.96,0.76,10,-1,-1
36,114,388.44,245.27,31.20,25.51,0.59,10,-1,-1
36,3,211.86,316.75,24.44,32.93,0.65,2,-1,-1
36,119,411.47,186.35,21.55,24.86,0.52,4,-1,-1
36,47,713.91,259.95,27.86,23.87,0.88,10,-1,-1
36,85,562.35,223.03,14.36,23.57,0.18,2,-1,-1
36,43,477.38,236.01,15.12,33.50,0.80,1,-1,-1
36,38,383.58,181.79,14.68,17.86,0.86,10,-1,-1
36,120,33.42,299.44,22.78,28.71,0.95,2,-1,-1
36,121,246.33,116.29,12.08,17.25,0.66,1,-1,-1
36,124,719.13,336.85,16.80,33.70,0.60,2,-1,-1
36,33,336.02,242.75,33.46,23.40,0.60,10,-1,-1
36,129,0.81,303.79,71.61,39.34,0.91,7,-1,-1
36,130,16.77,263.73,25.43,36.37,0.41,10,-1,-1
36,133,812.38,514.49,44.59,24.22,0.66,2,-1,-1
36,134,246.34,116.17,12.35,17.18,0.78,1,-1,-1
37,1,0.78,205.08,55.26,29.11,0.57,4,-1,-1
37,2,184.31,322.81,73.62,36.57,0.99,7,-1,-1
37,4,57.25,184.20,52.41,27.10,0.94,4,-1,-1
37,6,102.78,199.24,15.72,22.49,0.95,10,-1,-1
37,8,121.17,186.60,35.20,24.81,0.99,4,-1,-1
37,9,123.89,234.41,20.78,31.21,0.99,10,-1,-1
37,10,271.43,279.13,34.96,26.63,0.98,10,-1,-1
37,11,143.67,234.44,17.36,29.53,0.98,10,-1,-1
37,13,350.73,309.97,35.59,25.26,0.94,10,-1,-1
37,14,356.89,301.30,18.65,31.57,0.93,2,-1,-1
37,15,194.42,227.19,18.41,27.59,0.94,10,-1,-1
37,16,236.95,184.57,30.16,28.73,0.92,4,-1,-1
37,17,244.77,170.40,25.41,24.28,0.82,4,-1,-1
37,18,249.48,162.05,22.86,20.16,0.17,4,-1,-1
37,19,372.21,270.11,38.16,24.71,0.93,10,-1,-1
37,21,444.17,284.04,36.01,23.38,0.87,10,-1,-1
37,22,283.35,142.83,22.22,21.44,0.91,4,-1,-1
37,23,452.44,273.62,17.70,29.96,0.62,2,-1,-1
37,24,338.90,175.45,15.78,24.78,0.97,10,-1,-1
37,25,315.89,246.92,20.56,33.01,0.52,10,-1,-1
37,26,326.69,473.10,80.21,65.68,0.82,4,-1,-1
37,27,347.99,200.48,57.30,25.72,1.00,4,-1,-1
37,28,357.78,164.72,13.81,19.59,0.90,10,-1,-1
37,30,232.63,415.68,30.71,48.39,0.99,10,-1,-1
37,31,396.46,215.76,18.23,26.99,0.89,10,-1,-1
37,34,339.30,287.30,30.33,28.41,0.83,10,-1,-1
37,35,411.67,186.26,21.66,24.94,0.61,4,-1,-1
37,36,323.83,248.75,39.18,24.91,0.71,10,-1,-1
37,37,348.69,278.71,17.06,30.49,0.33,2,-1,-1
37,41,436.31,252.31,15.57,26.72,0.74,2,-1,-1
37,42,446.98,234.19,33.07,23.55,0.85,10,-1,-1
37,44,496.09,220.95,64.23,28.91,0.93,4,-1,-1
37,45,467.32,350.71,45.73,60.67,1.00,7,-1,-1
37,50,575.22,295.18,18.58,27.66,0.37,10,-1,-1
37,51,576.92,285.15,15.66,30.51,0.95,2,-1,-1
37,53,519.07,245.95,80.17,34.97,0.98,4,-1,-1
37,55,604.27,336.91,41.94,56.68,0.76,8,-1,-1
37,56,558.15,393.60,25.91,52.18,0.97,10,-1,-1
37,57,635.89,270.99,48.87,42.61,0.33,8,-1,-1
37,58,560.95,390.82,21.91,42.25,0.58,2,-1,-1
37,60,650.15,230.14,79.52,35.16,0.89,4,-1,-1
37,61,712.27,349.09,25.59,30.01,0.53,10,-1,-1
37,66,436.31,479.32,88.73,59.25,0.39,4,-1,-1
37,39,435.27,256.69,17.96,27.03,0.55,10,-1,-1
37,78,118.01,272.23,101.99,41.14,1.00,4,-1,-1
37,49,545.25,206.88,44.99,30.20,0.81,5,-1,-1
37,84,239.66,403.68,24.02,36.15,0.85,2,-1,-1
37,95,472.58,350.22,24.46,36.93,0.25,2,-1,-1
37,98,467.45,209.06,14.34,21.66,0.89,2,-1,-1
37,102,277.45,271.31,17.79,28.86,0.87,2,-1,-1
37,82,660.50,360.96,47.07,40.81,0.13,10,-1,-1
37,105,450.57,270.47,23.06,26.51,0.36,10,-1,-1
37,106,454.90,264.28,15.41,26.09,0.48,2,-1,-1
37,114,385.64,243.84,32.23,26.72,0.35,10,-1,-1
37,3,217.01,316.07,24.87,33.51,0.96,2,-1,-1
37,119,411.40,186.46,22.01,24.72,0.90,4,-1,-1
37,47,718.23,261.00,27.75,23.49,0.85,10,-1,-1
37,43,477.74,235.63,15.07,33.59,0.73,1,-1,-1
37,38,383.11,181.28,14.50,17.52,0.66,10,-1,-1
37,120,38.65,298.04,23.47,30.10,0.97,2,-1,-1
37,121,246.36,116.47,11.78,17.20,0.61,1,-1,-1
37,124,718.98,337.09,16.79,33.10,0.51,2,-1,-1
37,33,334.89,243.22,32.64,23.42,0.72,10,-1,-1
37,129,0.79,303.00,77.85,39.62,0.95,7,-1,-1
37,130,20.27,264.24,26.68,37.24,0.63,10,-1,-1
37,133,820.52,514.10,35.00,24.60,0.80,2,-1,-1
37,134,246.37,116.27,12.35,17.17,0.77,1,-1,-1
37,135,77.90,219.53,16.72,23.50,0.69,10,-1,-1
37,7,171.70,307.00,16.82,36.88,0.68,1,-1,-1
37,20,381.95,259.79,18.55,28.37,0.73,2,-1,-1
38,1,0.95,205.13,55.13,28.98,0.63,4,-1,-1
38,2,188.78,322.71,74.26,36.67,0.99,7,-1,-1
38,4,57.17,184.01,52.57,27.30,0.94,4,-1,-1
38,6,102.88,198.72,15.45,22.32,0.93,10,-1,-1
38,8,121.24,186.52,35.19,24.93,0.99,4,-1,-1
38,9,124.04,234.49,20.96,30.87,0.98,10,-1,-1
38,10,275.13,278.29,34.56,26.93,0.98,10,-1,-1
38,11,143.59,234.08,17.60,29.69,0.98,10,-1,-1
38,13,356.02,309.53,35.48,25.25,0.98,10,-1,-1
38,14,361.29,298.46,18.65,33.78,0.91,2,-1,-1
38,15,194.45,227.36,18.38,27.43,0.92,10,-1,-1
38,16,236.90,184.45,30.35,28.83,0.92,4,-1,-1
38,17,244.75,170.17,25.73,24.55,0.84,4,-1,-1
38,18,249.28,161.91,23.29,20.57,0.17,4,-1,-1
38,19,374.40,270.58,38.48,24.26,0.93,10,-1,-1
38,21,448.37,282.76,36.47,24.21,0.88,10,-1,-1
38,22,283.60,143.42,22.27,21.34,0.95,4,-1,-1
38,23,456.37,273.53,17.96,29.73,0.63,2,-1,-1
38,24,339.44,174.77,15.67,24.87,0.94,10,-1,-1
38,25,316.23,247.62,22.90,32.67,0.69,10,-1,-1
38,26,326.88,472.78,80.17,66.14,0.73,4,-1,-1
38,27,348.77,200.25,56.77,25.85,1.00,4,-1,-1
38,28,357.32,163.48,14.21,20.57,0.88,10,-1,-1
38,30,228.70,420.11,31.15,49.57,0.99,10,-1,-1
38,31,396.32,215.27,18.13,26.75,0.83,10,-1,-1
38,34,336.15,288.40,31.52,28.99,0.95,10,-1,-1
38,35,411.65,186.01,21.66,25.17,0.71,4,-1,-1
38,36,318.53,247.76,41.25,28.56,0.67,10,-1,-1
38,37,347.37,278.89,16.57,32.07,0.35,2,-1,-1
38,41,436.24,252.07,15.23,27.16,0.66,2,-1,-1
38,42,446.27,233.49,32.87,23.91,0.83,10,-1,-1
38,44,495.92,220.55,64.10,29.17,0.93,4,-1,-1
38,45,466.85,349.95,45.65,59.89,0.99,7,-1,-1
38,50,576.23,293.56,19.08,27.95,0.31,10,-1,-1
38,51,578.22,283.53,15.67,31.39,0.96,2,-1,-1
38,53,515.81,246.16,81.38,35.20,0.98,4,-1,-1
38,55,604.19,337.00,41.90,54.36,0.82,8,-1,-1
38,56,557.34,391.09,25.43,51.59,0.98,10,-1,-1
38,57,636.23,270.72,48.36,41.90,0.34,8,-1,-1
38,58,560.17,388.48,21.04,42.26,0.67,2,-1,-1
38,60,647.60,230.13,80.38,35.26,0.95,4,-1,-1
38,61,712.42,347.30,25.98,28.82,0.61,10,-1,-1
38,66,436.53,479.04,88.65,59.61,0.45,4,-1,-1
38,39,435.08,255.52,17.60,28.06,0.57,10,-1,-1
38,78,123.29,271.96,101.16,40.78,0.99,4,-1,-1
38,49,544.91,206.63,44.79,30.21,0.91,5,-1,-1
38,84,235.75,408.17,24.17,36.60,0.90,2,-1,-1
38,95,472.05,349.06,24.96,36.76,0.83,2,-1,-1
38,98,466.47,208.97,14.84,21.29,0.88,2,-1,-1
38,102,280.84,271.03,18.18,28.13,0.82,2,-1,-1
38,82,660.49,357.43,47.83,43.78,0.25,10,-1,-1
38,105,449.54,271.15,21.64,25.01,0.23,10,-1,-1
38,106,452.68,264.56,14.83,25.61,0.51,2,-1,-1
38,114,383.09,242.60,34.56,27.77,0.41,10,-1,-1
38,3,221.83,315.45,24.83,33.32,0.80,2,-1,-1
38,119,411.56,186.40,22.19,24.88,0.79,4,-1,-1
38,47,722.47,260.56,29.34,23.58,0.80,10,-1,-1
38,43,478.05,235.60,15.06,32.83,0.43,1,-1,-1
38,38,382.55,180.31,14.44,18.01,0.78,10,-1,-1
38,120,44.13,296.85,23.25,30.70,0.95,2,-1,-1
38,121,246.35,116.59,11.91,17.39,0.65,10,-1,-1
38,124,718.93,336.74,16.79,32.08,0.56,2,-1,-1
38,33,334.32,241.50,31.56,24.24,0.79,10,-1,-1
38,129,1.74,301.20,82.06,40.62,0.92,7,-1,-1
38,130,25.33,265.31,25.94,35.26,0.75,10,-1,-1
38,133,814.91,512.84,39.69,26.12,0.86,2,-1,-1
38,134,246.48,116.29,12.35,17.41,0.77,1,-1,-1
38,7,172.89,307.36,17.51,36.49,0.41,1,-1,-1
38,20,383.53,258.83,19.08,29.41,0.71,2,-1,-1
38,59,665.33,274.85,51.68,45.43,0.62,8,-1,-1
39,1,0.66,204.89,54.96,29.12,0.75,4,-1,-1
39,2,193.81,322.12,73.32,36.31,0.99,7,-1,-1
39,4,57.53,184.17,51.91,26.97,0.87,4,-1,-1
39,6,103.04,198.37,15.26,21.86,0.90,10,-1,-1
39,8,121.53,186.51,35.33,24.77,0.99,4,-1,-1
39,9,124.31,234.55,20.93,30.95,0.96,10,-1,-1
39,10,279.29,278.31,34.31,26.25,0.98,10,-1,-1
39,11,143.48,234.08,17.99,29.75,0.94,10,-1,-1
39,13,361.44,308.98,35.05,25.65,0.96,10,-1,-1
39,14,366.38,296.88,18.66,33.78,0.94,2,-1,-1
39,15,194.68,228.13,18.18,26.98,0.94,10,-1,-1
39,16,237.00,184.32,30.42,28.87,0.94,4,-1,-1
39,17,244.85,170.20,25.86,24.84,0.87,4,-1,-1
39,18,249.42,161.97,23.25,20.32,0.28,4,-1,-1
39,19,376.36,270.06,38.60,24.91,0.97,10,-1,-1
39,21,453.18,281.70,36.25,24.53,0.73,10,-1,-1
39,22,283.61,143.70,22.68,21.44,0.97,4,-1,-1
39,23,461.06,274.14,17.27,29.03,0.32,2,-1,-1
39,24,340.24,174.25,14.83,24.92,0.87,10,-1,-1
39,25,317.32,248.88,21.52,32.14,0.89,10,-1,-1
39,26,327.39,472.49,79.77,66.30,0.83,4,-1,-1
39,27,349.27,200.09,56.59,25.89,1.00,4,-1,-1
39,28,357.36,162.65,13.97,20.34,0.95,10,-1,-1
39,30,225.01,426.60,31.12,48.84,0.99,10,-1,-1
39,31,396.29,215.60,18.10,25.06,0.93,10,-1,-1
39,34,334.05,289.50,31.99,28.11,0.97,10,-1,-1
39,35,411.86,186.51,21.67,24.46,0.86,4,-1,-1
39,36,322.03,247.41,37.38,25.91,0.78,10,-1,-1
39,37,344.79,279.74,16.78,31.88,0.30,2,-1,-1
39,41,436.25,251.41,15.10,27.92,0.50,2,-1,-1
39,42,446.05,234.03,31.60,23.06,0.81,10,-1,-1
39,44,495.89,220.50,64.04,29.06,0.95,4,-1,-1
39,45,466.75,348.53,45.23,60.42,1.00,7,-1,-1
39,50,577.41,293.81,20.83,26.25,0.21,3,-1,-1
39,51,579.52,282.16,16.46,32.92,0.97,2,-1,-1
39,53,513.31,246.63,81.04,34.89,0.97,4,-1,-1
39,55,603.40,336.64,43.09,59.11,0.89,8,-1,-1
39,56,556.94,390.47,24.05,49.36,0.93,10,-1,-1
39,57,636.38,271.11,48.99,40.53,0.15,8,-1,-1
39,58,559.83,386.11,19.88,41.47,0.84,2,-1,-1
39,60,646.73,229.43,80.71,35.68,0.86,4,-1,-1
39,61,714.13,346.04,24.54,27.17,0.77,10,-1,-1
39,66,436.46,478.56,89.03,60.12,0.40,4,-1,-1
39,39,435.25,254.91,17.87,28.83,0.54,10,-1,-1
39,78,128.64,271.50,100.29,40.84,1.00,4,-1,-1
39,49,545.61,206.24,44.31,30.00,0.68,5,-1,-1
39,84,231.87,412.53,24.41,37.16,0.96,2,-1,-1
39,95,472.11,348.08,24.76,37.10,0.20,2,-1,-1
39,98,465.56,208.95,15.42,21.14,0.84,10,-1,-1
39,102,284.50,270.87,17.94,27.64,0.87,2,-1,-1
39,105,445.34,272.62,26.97,25.63,0.78,10,-1,-1
39,106,449.95,265.84,15.01,25.22,0.34,2,-1,-1
39,114,379.72,243.28,31.25,27.78,0.85,10,-1,-1
39,3,227.19,314.86,24.62,33.25,0.85,2,-1,-1
39,119,411.84,186.28,21.45,24.74,0.76,4,-1,-1
39,47,731.05,255.95,21.23,26.85,0.61,10,-1,-1
39,43,478.40,235.11,14.66,33.11,0.49,1,-1,-1
39,38,382.39,179.78,14.42,18.00,0.76,10,-1,-1
39,120,49.67,295.97,23.00,31.62,0.96,2,-1,-1
39,121,246.67,116.75,11.75,18.07,0.61,10,-1,-1
39,124,719.36,336.81,16.81,30.91,0.68,2,-1,-1
39,33,330.72,243.23,32.42,24.14,0.56,10,-1,-1
39,129,3.95,300.44,84.87,40.95,0.95,7,-1,-1
39,130,29.88,264.32,26.60,37.77,0.86,10,-1,-1
39,133,814.74,511.78,40.55,27.04,0.87,2,-1,-1
39,134,246.28,116.26,12.59,17.72,0.64,1,-1,-1
39,7,174.50,307.15,17.36,36.72,0.61,1,-1,-1
39,20,385.68,259.38,18.48,28.80,0.82,2,-1,-1
39,59,664.94,274.11,52.62,46.11,0.45,8,-1,-1
39,136,77.97,219.53,16.57,23.20,0.62,10,-1,-1
39,137,218.47,172.67,15.07,21.70,0.62,10,-1,-1
39,138,396.56,241.82,29.53,22.60,0.85,10,-1,-1
39,87,363.18,139.23,13.16,18.91,0.86,10,-1,-1
39,67,595.98,259.77,16.87,25.28,0.70,2,-1,-1
40,1,0.70,204.44,54.79,29.19,0.81,4,-1,-1
40,2,198.29,321.07,73.56,36.59,1.00,7,-1,-1
40,4,57.39,184.08,52.38,26.85,0.89,4,-1,-1
40,6,102.95,197.61,15.39,21.90,0.92,10,-1,-1
40,8,121.68,186.37,35.24,24.51,0.99,4,-1,-1
40,9,124.64,234.42,20.72,30.58,0.98,10,-1,-1
40,10,283.19,277.10,33.91,26.80,0.96,10,-1,-1
40,11,143.57,233.64,17.99,29.78,0.96,10,-1,-1
40,13,366.25,308.26,35.30,25.50,0.96,10,-1,-1
40,14,371.27,295.95,19.46,33.87,0.94,2,-1,-1
40,15,194.77,227.67,18.30,27.42,0.94,10,-1,-1
40,16,237.23,184.24,30.45,29.09,0.91,4,-1,-1
40,17,244.68,170.08,26.30,25.16,0.80,4,-1,-1
40,18,249.77,161.86,23.23,20.43,0.14,4,-1,-1
40,19,378.18,269.35,38.64,25.35,0.89,10,-1,-1
40,21,458.38,280.80,36.17,25.05,0.90,10,-1,-1
40,22,283.80,143.91,22.84,21.63,0.96,4,-1,-1
40,23,466.61,273.48,17.80,29.57,0.55,2,-1,-1
40,24,340.48,173.85,15.34,24.54,0.95,10,-1,-1
40,25,318.12,251.40,21.70,29.93,0.92,10,-1,-1
40,26,327.54,471.55,79.61,67.15,0.87,4,-1,-1
40,27,349.63,199.70,56.53,26.11,1.00,4,-1,-1
40,28,357.17,162.04,14.27,20.05,0.90,10,-1,-1
40,30,221.54,429.87,31.89,51.71,0.98,10,-1,-1
40,31,396.07,215.21,18.09,24.60,0.95,10,-1,-1
40,34,331.94,289.25,31.37,28.57,0.92,10,-1,-1
40,35,411.92,186.19,21.67,24.60,0.83,4,-1,-1
40,36,320.77,245.51,37.79,26.35,0.90,10,-1,-1
40,37,343.47,280.21,16.46,31.00,0.25,2,-1,-1
40,41,436.44,250.26,15.06,28.21,0.91,2,-1,-1
40,42,444.78,232.92,32.29,23.74,0.75,10,-1,-1
40,44,495.47,219.97,64.40,29.42,0.95,4,-1,-1
40,45,466.11,347.63,45.49,59.82,1.00,7,-1,-1
40,50,578.20,292.60,21.87,26.57,0.23,10,-1,-1
40,51,581.12,281.17,16.37,32.22,0.97,2,-1,-1
40,53,511.26,246.68,80.50,34.96,0.98,4,-1,-1
40,55,603.27,336.49,43.33,61.19,0.92,8,-1,-1
40,56,556.02,387.94,23.55,48.52,0.91,10,-1,-1
40,57,636.41,271.25,47.63,40.02,0.14,8,-1,-1
40,58,558.73,383.31,19.84,40.76,0.81,2,-1,-1
40,60,645.25,229.06,81.61,36.04,0.89,4,-1,-1
40,61,714.71,345.60,22.36,25.35,0.49,10,-1,-1
40,66,436.19,477.77,89.55,60.71,0.35,4,-1,-1
40,39,435.70,255.55,17.97,27.96,0.73,10,-1,-1
40,78,133.43,270.70,100.14,40.88,0.99,4,-1,-1
40,49,546.26,205.89,44.12,30.52,0.64,5,-1,-1
40,84,228.53,417.16,24.10,36.98,0.90,2,-1,-1
40,95,472.14,346.35,25.48,36.84,0.92,2,-1,-1
40,98,465.03,208.54,15.25,21.09,0.58,10,-1,-1
40,102,288.90,270.09,17.04,27.86,0.85,2,-1,-1
40,105,441.61,273.31,27.21,26.25,0.78,10,-1,-1
40,106,446.80,265.78,15.46,24.87,0.36,2,-1,-1
40,114,376.37,244.51,30.20,27.37,0.81,10,-1,-1
40,3,231.90,314.22,24.52,32.82,0.89,2,-1,-1
40,119,411.93,185.91,21.58,24.89,0.80,4,-1,-1
40,47,736.94,254.20,19.54,28.21,0.30,10,-1,-1
40,43,478.50,234.62,14.90,33.21,0.78,1,-1,-1
40,38,382.15,178.99,14.02,18.20,0.61,10,-1,-1
40,120,55.17,295.81,22.52,30.76,0.97,2,-1,-1
40,121,246.58,116.37,12.32,18.32,0.61,10,-1,-1
40,124,719.08,337.47,16.81,28.85,0.32,2,-1,-1
40,129,8.58,299.63,85.87,40.95,0.90,7,-1,-1
40,130,34.43,275.20,29.90,27.95,0.82,10,-1,-1
40,133,815.97,511.44,40.01,27.32,0.74,2,-1,-1
40,134,246.78,116.55,12.21,18.81,0.54,10,-1,-1
40,7,176.13,307.32,17.68,36.89,0.28,1,-1,-1
40,20,385.75,258.40,20.64,30.73,0.28,2,-1,-1
40,59,664.78,274.05,52.94,45.96,0.61,8,-1,-1
40,136,78.01,219.25,16.93,23.20,0.68,10,-1,-1
40,137,218.74,173.48,14.82,20.73,0.73,10,-1,-1
40,138,397.53,240.82,29.53,23.08,0.78,10,-1,-1
40,87,363.07,138.25,12.86,19.49,0.71,10,-1,-1
40,67,600.02,259.37,16.46,25.10,0.57,2,-1,-1
40,139,558.68,383.30,20.49,40.98,0.61,1,-1,-1
40,32,389.28,155.95,27.19,22.31,0.58,5,-1,-1
40,85,562.86,221.61,13.92,23.75,0.54,2,-1,-1
41,1,0.71,204.35,55.04,29.00,0.87,4,-1,-1
41,2,202.87,320.86,73.05,35.89,0.99,7,-1,-1
41,4,57.51,183.83,52.32,27.01,0.93,4,-1,-1
41,6,102.92,196.82,15.64,21.91,0.84,10,-1,-1
41,8,122.08,186.10,35.24,24.42,0.99,4,-1,-1
41,9,124.76,234.05,20.84,30.64,0.98,10,-1,-1
41,10,286.48,276.03,33.86,26.60,0.96,10,-1,-1
41,11,143.79,233.65,18.29,29.59,0.97,10,-1,-1
41,13,370.91,308.26,35.79,24.95,0.97,10,-1,-1
41,14,376.37,295.47,19.75,33.40,0.98,2,-1,-1
41,15,194.99,227.16,18.34,27.58,0.93,10,-1,-1
41,16,237.59,183.99,30.45,29.36,0.88,4,-1,-1
41,17,244.80,169.92,26.26,25.27,0.71,4,-1,-1
41,19,380.22,268.65,38.64,25.91,0.78,10,-1,-1
41,21,463.39,279.94,36.13,25.44,0.96,10,-1,-1
41,22,283.75,144.35,23.09,21.50,0.92,4,-1,-1
41,23,471.55,273.01,17.99,28.97,0.79,2,-1,-1
41,24,340.81,172.91,15.52,24.80,0.95,10,-1,-1
41,25,318.86,252.49,21.37,28.90,0.92,10,-1,-1
41,26,327.66,470.94,79.54,67.85,0.92,4,-1,-1
41,27,350.20,199.34,56.91,26.18,1.00,4,-1,-1
41,28,357.16,161.61,13.99,19.74,0.93,10,-1,-1
41,30,218.37,436.18,31.58,50.82,0.99,10,-1,-1
41,31,396.24,214.64,18.48,24.84,0.90,10,-1,-1
41,34,329.91,289.21,31.09,29.23,0.85,10,-1,-1
41,35,411.99,185.74,21.67,24.84,0.72,4,-1,-1
41,36,320.61,244.51,36.74,25.91,0.90,10,-1,-1
41,37,342.32,280.43,16.33,30.35,0.35,2,-1,-1
41,41,436.56,249.51,15.04,27.72,0.82,2,-1,-1
41,42,443.98,233.77,33.32,22.99,0.68,10,-1,-1
41,44,495.56,219.94,64.92,29.14,0.99,4,-1,-1
41,45,465.94,347.11,45.19,58.80,0.99,7,-1,-1
41,50,580.05,291.45,21.51,26.18,0.51,10,-1,-1
41,51,582.93,279.80,16.32,31.94,0.97,2,-1,-1
41,53,508.64,246.86,79.88,34.78,0.98,4,-1,-1
41,55,602.85,336.00,43.41,61.60,0.91,8,-1,-1
41,56,554.75,385.04,24.20,49.42,0.97,10,-1,-1
41,57,636.43,271.06,47.11,39.64,0.15,8,-1,-1
41,58,557.40,380.71,20.63,40.09,0.70,2,-1,-1
41,60,643.59,229.39,80.35,35.77,0.97,4,-1,-1
41,61,715.31,343.95,24.18,25.13,0.15,10,-1,-1
41,66,436.53,477.01,88.94,61.31,0.47,4,-1,-1
41,39,435.52,255.31,18.01,27.00,0.60,10,-1,-1
41,78,138.72,269.88,99.47,40.99,0.99,4,-1,-1
41,49,546.33,205.92,44.44,30.70,0.72,5,-1,-1
41,84,224.31,422.09,24.96,35.70,0.92,2,-1,-1
41,95,471.22,345.10,26.14,35.13,0.95,2,-1,-1
41,98,464.32,207.27,15.17,22.07,0.41,10,-1,-1
41,102,292.28,269.18,16.49,28.34,0.17,2,-1,-1
41,105,438.64,274.21,27.28,26.28,0.67,10,-1,-1
41,114,373.30,243.90,29.00,27.18,0.87,10,-1,-1
41,3,236.37,313.17,24.88,33.44,0.83,2,-1,-1
41,119,412.20,185.45,21.22,25.15,0.92,4,-1,-1
41,47,743.36,252.61,17.32,29.52,0.76,2,-1,-1
41,43,478.58,234.41,15.00,32.84,0.53,1,-1,-1
41,120,61.21,295.06,22.29,30.30,0.99,2,-1,-1
41,121,246.72,116.61,12.33,19.01,0.57,10,-1,-1
41,124,719.38,337.02,16.82,28.17,0.20,2,-1,-1
41,129,14.15,298.31,86.22,41.35,0.94,7,-1,-1
41,130,38.39,266.77,29.26,35.45,0.74,10,-1,-1
41,133,815.99,511.08,40.67,27.38,0.65,2,-1,-1
41,134,246.45,116.38,12.74,18.54,0.62,1,-1,-1
41,7,177.28,306.67,18.58,37.03,0.55,1,-1,-1
41,20,387.58,258.67,20.27,29.12,0.35,2,-1,-1
41,59,663.94,273.99,53.84,46.68,0.35,4,-1,-1
41,136,78.62,218.59,16.42,23.66,0.41,10,-1,-1
41,137,218.96,173.39,14.78,21.24,0.76,10,-1,-1
41,138,399.84,241.28,28.59,22.94,0.69,10,-1,-1
41,87,363.10,137.65,12.74,20.23,0.73,10,-1,-1
41,67,603.40,258.80,16.72,25.03,0.42,2,-1,-1
41,32,389.11,155.64,27.11,22.50,0.73,5,-1,-1
41,85,562.72,221.25,14.28,24.41,0.73,2,-1,-1
41,140,368.24,300.44,15.07,30.13,0.62,2,-1,-1
41,141,701.52,348.05,20.49,31.34,0.66,10,-1,-1
41,142,762.39,495.40,84.38,44.00,0.73,7,-1,-1
42,1,0.96,204.43,55.40,28.74,0.72,4,-1,-1
42,2,207.19,320.22,73.08,35.62,1.00,7,-1,-1
42,4,57.26,183.64,52.72,27.26,0.94,4,-1,-1
42,6,102.89,196.24,15.64,21.72,0.67,10,-1,-1
42,8,122.10,185.99,35.15,24.38,0.99,4,-1,-1
42,9,124.82,233.92,20.89,30.47,0.97,10,-1,-1
42,10,289.97,275.55,33.35,27.13,0.97,10,-1,-1
42,11,143.91,233.76,18.26,29.32,0.95,10,-1,-1
42,13,376.18,308.07,35.19,24.34,0.98,10,-1,-1
42,14,381.59,294.92,19.08,32.83,0.98,2,-1,-1
42,15,194.96,226.96,18.56,27.85,0.93,10,-1,-1
42,16,237.72,183.79,30.45,29.27,0.88,4,-1,-1
42,17,245.03,170.05,25.85,25.12,0.85,4,-1,-1
42,19,382.21,268.68,37.85,25.53,0.82,10,-1,-1
42,21,468.60,279.53,35.33,25.00,0.97,10,-1,-1
42,22,283.72,144.55,22.99,21.59,0.96,4,-1,-1
42,23,476.53,272.55,17.28,28.34,0.51,2,-1,-1
42,24,341.21,172.27,15.59,24.50,0.92,10,-1,-1
42,25,318.63,253.86,23.22,27.53,0.92,10,-1,-1
42,26,327.81,470.54,79.52,68.11,0.94,4,-1,-1
42,27,350.70,199.20,56.66,25.82,1.00,4,-1,-1
42,28,357.07,161.07,13.88,19.42,0.97,10,-1,-1
42,30,214.33,440.27,32.06,52.81,0.99,10,-1,-1
42,31,395.82,214.73,18.62,24.13,0.90,10,-1,-1
42,34,326.95,288.77,30.98,30.07,0.87,10,-1,-1
42,35,411.93,185.67,21.67,24.74,0.80,4,-1,-1
42,36,320.73,244.23,36.34,25.14,0.94,10,-1,-1
42,37,339.68,280.60,16.69,31.01,0.35,2,-1,-1
42,41,436.33,248.84,14.64,26.14,0.76,2,-1,-1
42,42,443.41,233.90,32.54,22.91,0.61,10,-1,-1
42,44,495.33,220.03,65.51,28.64,0.99,4,-1,-1
42,45,465.63,346.78,44.69,57.23,0.99,7,-1,-1
42,50,581.47,290.24,21.74,25.86,0.42,10,-1,-1
42,51,584.50,278.63,16.31,31.14,0.87,2,-1,-1
42,53,506.49,247.21,79.25,34.51,0.99,4,-1,-1
42,55,603.03,335.43,43.44,61.73,0.94,8,-1,-1
42,56,554.46,382.07,23.64,49.36,0.97,10,-1,-1
42,57,636.38,270.47,48.55,38.61,0.17,8,-1,-1
42,58,556.48,377.84,20.54,41.44,0.70,2,-1,-1
42,60,642.17,229.01,78.27,35.66,0.98,4,-1,-1
42,61,716.26,342.36,23.97,27.13,0.46,10,-1,-1
42,66,436.58,476.16,88.72,62.31,0.47,4,-1,-1
42,39,435.38,254.63,16.44,24.83,0.77,10,-1,-1
42,78,143.04,269.10,99.78,41.34,0.99,4,-1,-1
42,49,546.29,205.63,44.17,30.77,0.73,5,-1,-1
42,84,221.16,426.41,25.08,36.41,0.93,2,-1,-1
42,95,470.81,344.11,26.40,35.31,0.93,2,-1,-1
42,98,463.60,206.60,15.53,22.04,0.61,10,-1,-1
42,105,435.72,275.52,26.51,25.10,0.90,10,-1,-1
42,114,370.60,243.66,27.74,27.29,0.94,10,-1,-1
42,3,240.36,312.60,25.80,32.09,0.71,2,-1,-1
42,119,412.22,185.37,21.09,25.05,0.77,7,-1,-1
42,47,745.94,252.75,22.92,28.68,0.57,10,-1,-1
42,43,478.33,233.74,15.03,32.69,0.39,1,-1,-1
42,120,65.82,294.31,22.38,30.63,0.91,2,-1,-1
42,121,246.76,116.78,12.13,18.87,0.67,10,-1,-1
42,129,20.09,297.67,85.14,41.07,0.97,7,-1,-1
42,130,42.87,271.48,29.52,31.30,0.64,10,-1,-1
42,133,817.63,510.99,38.41,27.37,0.75,2,-1,-1
42,134,246.35,116.36,12.71,18.09,0.74,1,-1,-1
42,7,178.83,306.15,18.93,37.37,0.58,1,-1,-1
42,20,389.85,259.01,18.92,27.65,0.60,2,-1,-1
42,59,663.96,273.57,52.61,47.93,0.41,8,-1,-1
42,136,78.46,218.28,16.73,24.05,0.32,10,-1,-1
42,137,218.82,173.83,14.53,20.72,0.53,10,-1,-1
42,138,402.21,241.35,27.34,22.89,0.68,10,-1,-1
42,87,362.82,137.46,12.70,20.17,0.48,10,-1,-1
42,67,607.45,258.38,15.83,24.61,0.15,2,-1,-1
42,32,388.77,155.12,27.09,22.76,0.77,5,-1,-1
42,85,562.81,221.20,14.40,24.64,0.61,2,-1,-1
42,140,372.33,300.11,14.58,29.16,0.81,2,-1,-1
42,141,700.49,346.98,20.49,32.30,0.72,2,-1,-1
42,143,556.88,378.18,20.49,41.58,0.60,1,-1,-1
42,106,442.13,266.39,14.24,24.72,0.74,2,-1,-1
43,1,0.96,204.41,55.77,28.65,0.70,4,-1,-1
43,2,210.79,318.47,73.71,36.34,1.00,7,-1,-1
43,4,57.29,183.51,52.69,26.97,0.92,4,-1,-1
43,6,102.78,195.60,15.94,21.66,0.88,10,-1,-1
43,8,122.20,185.70,35.57,24.38,0.99,4,-1,-1
43,9,125.09,233.72,20.61,30.22,0.96,10,-1,-1
43,10,293.50,275.05,32.47,27.33,0.92,10,-1,-1
43,11,143.89,233.06,18.54,30.03,0.98,10,-1,-1
43,13,381.04,307.78,35.38,24.23,0.94,10,-1,-1
43,14,386.65,294.49,18.82,32.32,0.99,2,-1,-1
43,15,195.21,226.64,18.45,27.76,0.92,10,-1,-1
43,16,237.63,183.56,30.46,29.24,0.89,4,-1,-1
43,17,245.08,170.05,25.90,25.26,0.70,4,-1,-1
43,19,383.15,268.37,38.35,25.19,0.88,10,-1,-1
43,21,473.07,279.17,35.44,24.63,0.95,10,-1,-1
43,22,283.98,144.45,22.95,22.03,0.90,4,-1,-1
43,23,481.12,272.06,17.41,27.70,0.34,2,-1,-1
43,24,341.62,171.40,15.62,24.60,0.92,10,-1,-1
43,25,319.77,254.37,24.29,27.48,0.94,10,-1,-1
43,26,328.14,469.71,79.13,69.00,0.94,4,-1,-1
43,27,351.16,198.81,56.59,25.88,1.00,4,-1,-1
43,28,357.32,160.13,13.85,19.91,0.92,10,-1,-1
43,30,210.32,445.50,33.03,53.56,0.99,10,-1,-1
43,31,395.75,214.12,18.68,24.28,0.63,10,-1,-1
43,34,324.81,290.03,31.32,29.60,0.85,10,-1,-1
43,35,412.20,185.39,21.68,24.91,0.81,4,-1,-1
43,36,318.69,244.10,36.60,25.45,0.94,10,-1,-1
43,41,435.95,247.87,15.30,26.35,0.44,2,-1,-1
43,42,442.34,233.71,32.22,23.08,0.62,10,-1,-1
43,44,495.55,219.82,66.92,28.45,0.99,4,-1,-1
43,45,464.84,345.18,44.93,58.29,0.98,7,-1,-1
43,50,582.70,288.37,22.21,27.08,0.61,10,-1,-1
43,51,585.78,277.49,17.09,31.24,0.96,2,-1,-1
43,53,503.70,247.19,79.03,34.42,0.98,4,-1,-1
43,55,603.62,334.90,41.08,55.10,0.56,8,-1,-1
43,56,553.72,378.54,23.45,49.76,0.96,10,-1,-1
43,58,555.33,375.35,20.90,41.56,0.27,2,-1,-1
43,60,640.64,229.13,77.49,35.82,0.98,4,-1,-1
43,61,717.55,342.07,22.29,26.66,0.71,10,-1,-1
43,66,436.30,475.76,89.05,63.09,0.52,4,-1,-1
43,39,435.02,252.70,16.67,24.44,0.62,10,-1,-1
43,78,148.05,268.09,98.97,41.68,1.00,4,-1,-1
43,49,546.39,204.99,44.87,30.60,0.27,5,-1,-1
43,84,217.40,431.54,25.71,37.87,0.82,2,-1,-1
43,95,470.79,343.05,25.32,36.20,0.71,2,-1,-1
43,98,463.66,204.92,14.89,22.82,0.48,10,-1,-1
43,105,432.42,276.06,27.00,25.25,0.91,10,-1,-1
43,114,367.81,244.32,27.69,26.54,0.89,10,-1,-1
43,3,245.13,312.09,24.98,31.57,0.50,2,-1,-1
43,119,412.31,185.39,21.86,25.02,0.77,4,-1,-1
43,47,752.94,251.54,19.96,30.11,0.24,10,-1,-1
43,120,70.96,293.32,22.70,30.75,0.95,2,-1,-1
43,121,246.74,116.88,12.26,18.81,0.72,10,-1,-1
43,129,25.35,296.82,85.26,40.66,0.99,7,-1,-1
43,130,46.62,267.65,30.44,35.02,0.82,10,-1,-1
43,133,814.57,510.07,40.11,28.16,0.70,2,-1,-1
43,134,246.48,116.53,12.70,17.71,0.76,1,-1,-1
43,7,181.00,305.24,18.66,37.88,0.87,1,-1,-1
43,20,383.82,259.01,28.49,24.46,0.48,10,-1,-1
43,136,78.65,218.13,16.61,24.17,0.38,10,-1,-1
43,137,219.04,173.90,14.45,20.76,0.52,10,-1,-1
43,138,403.83,241.07,27.93,23.11,0.58,10,-1,-1
43,87,362.41,137.21,13.08,20.09,0.48,10,-1,-1
43,67,611.37,257.69,15.48,24.86,0.34,2,-1,-1
43,32,387.94,155.16,27.88,22.47,0.84,5,-1,-1
43,85,562.96,221.35,14.84,25.51,0.70,2,-1,-1
43,140,377.40,299.84,14.96,28.51,0.67,2,-1,-1
43,141,698.51,345.87,20.49,32.48,0.94,2,-1,-1
43,106,438.74,266.83,15.20,25.73,0.84,2,-1,-1
44,1,1.03,204.54,56.27,28.21,0.79,4,-1,-1
44,2,215.40,316.98,73.14,37.00,1.00,7,-1,-1
44,4,57.13,183.32,52.71,27.06,0.93,4,-1,-1
44,6,102.85,194.92,15.95,21.84,0.87,10,-1,-1
44,8,122.15,185.35,35.47,24.58,0.99,4,-1,-1
44,9,125.09,233.60,20.61,29.92,0.96,10,-1,-1
44,10,297.02,274.94,32.14,27.21,0.96,10,-1,-1
44,11,143.99,232.65,18.40,30.09,0.98,10,-1,-1
44,13,385.99,307.04,35.45,24.19,0.95,10,-1,-1
44,14,391.68,294.11,18.72,32.33,0.99,2,-1,-1
44,15,195.15,226.47,18.40,27.52,0.91,10,-1,-1
44,16,237.54,183.44,30.65,29.03,0.90,4,-1,-1
44,17,244.85,169.51,26.11,25.51,0.60,4,-1,-1
44,19,384.75,268.42,37.73,24.66,0.88,10,-1,-1
44,21,477.47,277.93,35.47,25.08,0.91,10,-1,-1
44,22,283.92,144.37,23.13,22.49,0.87,4,-1,-1
44,24,342.09,170.57,15.63,24.44,0.95,10,-1,-1
44,25,322.63,254.79,23.16,27.68,0.86,10,-1,-1
44,26,327.98,468.94,78.97,69.72,0.97,4,-1,-1
44,27,351.44,198.43,56.56,26.10,0.99,4,-1,-1
44,28,357.15,159.68,13.44,19.30,0.91,10,-1,-1
44,30,206.49,452.37,33.18,53.04,0.99,10,-1,-1
44,31,395.46,213.67,19.09,24.53,0.79,10,-1,-1
44,34,322.43,291.04,31.83,29.01,0.79,10,-1,-1
44,35,412.23,185.16,21.68,24.97,0.67,4,-1,-1
44,36,315.92,244.02,36.29,25.77,0.85,10,-1,-1
44,41,434.75,249.60,16.72,26.43,0.75,10,-1,-1
44,42,441.29,234.01,31.69,22.35,0.62,10,-1,-1
44,44,495.36,219.73,67.04,28.38,0.99,4,-1,-1
44,45,464.28,344.19,44.62,57.89,0.98,7,-1,-1
44,50,584.01,287.50,21.99,26.93,0.53,10,-1,-1
44,51,587.11,276.39,16.60,31.08,0.96,2,-1,-1
44,53,500.67,247.15,78.94,34.58,0.98,4,-1,-1
44,55,603.14,334.89,42.38,58.60,0.61,8,-1,-1
44,56,552.99,376.49,22.58,48.71,0.98,10,-1,-1
44,58,555.03,373.28,19.45,40.41,0.17,2,-1,-1
44,60,637.23,228.28,77.99,36.87,0.98,4,-1,-1
44,61,717.04,340.17,22.52,27.70,0.69,10,-1,-1
44,66,436.09,475.16,89.55,63.77,0.73,4,-1,-1
44,39,435.42,248.55,15.54,25.33,0.48,2,-1,-1
44,78,151.99,267.57,98.84,41.52,1.00,4,-1,-1
44,49,546.13,204.43,44.72,30.73,0.64,5,-1,-1
44,84,213.66,436.82,25.74,37.24,0.94,2,-1,-1
44,95,470.11,341.67,24.08,36.13,0.43,2,-1,-1
44,98,463.04,203.99,14.62,22.53,0.69,10,-1,-1
44,105,429.59,276.30,26.77,25.90,0.95,10,-1,-1
44,114,365.01,243.86,27.27,27.02,0.82,10,-1,-1
44,3,249.68,311.06,25.43,31.38,0.81,2,-1,-1
44,119,412.08,185.47,22.14,24.80,0.76,4,-1,-1
44,120,76.14,292.91,21.74,29.99,0.98,2,-1,-1
44,121,246.79,117.08,12.11,18.58,0.46,10,-1,-1
44,129,30.87,296.27,84.69,40.10,0.99,7,-1,-1
44,130,51.13,272.85,29.67,30.10,0.82,10,-1,-1
44,133,819.05,508.91,35.02,29.64,0.64,2,-1,-1
44,134,246.49,116.62,12.68,17.57,0.53,1,-1,-1
44,7,183.00,304.15,18.15,38.17,0.83,1,-1,-1
44,137,218.97,174.10,14.65,20.34,0.50,10,-1,-1
44,138,405.31,240.83,27.25,23.19,0.65,10,-1,-1
44,87,361.81,137.20,13.61,19.26,0.60,10,-1,-1
44,32,387.77,155.07,28.18,22.55,0.74,5,-1,-1
44,85,563.90,220.81,14.22,24.67,0.30,2,-1,-1
44,140,382.71,299.52,14.62,28.77,0.79,2,-1,-1
44,141,696.36,345.52,19.55,33.48,0.90,2,-1,-1
44,106,436.14,268.62,15.10,25.68,0.67,2,-1,-1
44,144,57.52,292.75,20.38,28.18,0.72,2,-1,-1
44,33,321.54,241.35,32.49,24.92,0.67,10,-1,-1
45,1,0.97,204.30,56.23,28.24,0.78,4,-1,-1
45,2,220.08,316.30,72.92,36.84,0.98,7,-1,-1
45,4,57.58,183.25,52.93,26.88,0.92,4,-1,-1
45,6,103.01,194.39,15.56,21.71,0.62,10,-1,-1
45,8,122.15,185.31,35.63,24.64,0.99,4,-1,-1
45,9,125.07,233.14,20.81,30.21,0.96,10,-1,-1
45,10,300.49,274.37,31.11,27.35,0.98,10,-1,-1
45,11,143.90,232.78,18.09,29.71,0.98,10,-1,-1
45,13,390.84,306.60,35.47,24.17,0.96,10,-1,-1
45,14,396.75,294.01,17.88,32.12,0.99,2,-1,-1
45,15,195.05,226.47,18.38,27.62,0.91,10,-1,-1
45,16,237.51,183.47,30.52,28.74,0.87,4,-1,-1
45,17,244.75,169.20,26.18,25.39,0.56,4,-1,-1
45,19,385.84,268.08,37.09,24.65,0.89,10,-1,-1
45,21,482.29,278.09,35.09,24.06,0.71,10,-1,-1
45,22,283.69,145.54,22.99,21.81,0.86,4,-1,-1
45,24,342.41,170.14,15.64,23.97,0.93,10,-1,-1
45,25,324.74,254.85,22.67,27.76,0.77,10,-1,-1
45,26,327.53,467.87,79.31,70.74,0.96,4,-1,-1
45,27,351.91,198.16,56.55,26.17,1.00,4,-1,-1
45,28,356.85,159.20,13.69,19.46,0.91,10,-1,-1
45,30,202.45,457.63,33.43,54.37,0.99,10,-1,-1
45,31,395.51,213.36,18.85,24.62,0.54,10,-1,-1
45,34,320.03,291.84,32.40,28.77,0.69,10,-1,-1
45,35,412.40,185.23,21.28,24.79,0.85,4,-1,-1
45,36,312.72,244.65,36.17,25.08,0.83,10,-1,-1
45,41,435.02,247.60,16.10,26.65,0.83,2,-1,-1
45,42,439.68,234.67,31.88,21.26,0.70,10,-1,-1
45,44,495.44,219.83,66.27,27.93,0.99,4,-1,-1
45,45,463.47,344.27,44.91,56.93,0.99,7,-1,-1
45,50,585.01,286.60,22.67,26.48,0.46,10,-1,-1
45,51,588.50,275.42,16.40,31.22,0.97,2,-1,-1
45,53,497.79,247.44,79.29,34.42,0.99,4,-1,-1
45,55,602.51,334.47,42.85,60.55,0.83,8,-1,-1
45,56,551.92,373.41,22.68,49.11,0.99,10,-1,-1
45,58,553.74,370.59,19.70,40.35,0.34,2,-1,-1
45,60,633.54,228.35,78.97,36.65,0.99,4,-1,-1
45,66,436.02,474.53,89.33,64.37,0.65,4,-1,-1
45,39,434.73,250.58,16.78,26.05,0.91,10,-1,-1
45,78,156.40,266.98,98.38,41.33,1.00,4,-1,-1
45,49,546.36,204.65,44.26,30.36,0.83,5,-1,-1
45,84,209.76,442.47,25.55,37.36,0.92,2,-1,-1
45,95,469.45,341.00,22.00,34.90,0.19,2,-1,-1
45,98,462.00,203.49,14.52,22.40,0.59,10,-1,-1
45,105,426.40,276.89,27.07,25.73,0.85,10,-1,-1
45,114,362.07,243.54,27.11,27.57,0.85,10,-1,-1
45,3,253.53,310.55,24.81,30.90,0.56,2,-1,-1
45,119,412.14,185.66,21.85,24.31,0.73,4,-1,-1
45,120,81.49,292.16,21.78,30.19,0.98,2,-1,-1
45,121,246.49,117.00,12.06,17.78,0.41,10,-1,-1
45,129,36.65,295.98,83.94,39.05,0.99,7,-1,-1
45,130,55.26,275.76,30.37,27.59,0.76,10,-1,-1
45,133,819.48,508.78,34.75,29.78,0.21,2,-1,-1
45,134,246.58,116.73,12.47,17.20,0.59,1,-1,-1
45,7,185.22,303.42,18.15,38.84,0.65,1,-1,-1
45,137,218.73,174.34,15.15,20.62,0.71,10,-1,-1
45,138,406.13,239.62,27.47,24.05,0.47,10,-1,-1
45,87,361.55,136.63,13.81,19.68,0.49,10,-1,-1
45,32,387.47,155.10,27.89,22.38,0.54,5,-1,-1
45,140,388.33,298.89,14.49,29.20,0.77,2,-1,-1
45,141,693.88,344.75,18.33,33.78,0.31,1,-1,-1
45,106,432.82,269.22,15.87,26.05,0.68,2,-1,-1
45,144,61.31,291.99,21.01,29.13,0.94,2,-1,-1
45,33,322.78,238.45,29.64,25.81,0.74,10,-1,-1
45,145,54.92,262.17,29.31,40.08,0.67,10,-1,-1
45,23,490.75,270.86,16.99,27.21,0.57,2,-1,-1
45,136,79.08,217.96,16.82,23.89,0.75,10,-1,-1
46,1,1.25,204.44,55.56,28.07,0.80,4,-1,-1
46,2,225.22,316.04,71.46,36.40,1.00,7,-1,-1
46,4,57.78,183.55,52.35,26.23,0.88,4,-1,-1
46,6,103.34,194.14,15.11,21.27,0.38,10,-1,-1
46,8,122.12,185.24,35.69,24.48,0.99,4,-1,-1
46,9,125.12,233.11,20.68,29.93,0.96,10,-1,-1
46,10,303.74,273.05,29.43,28.99,0.90,10,-1,-1
46,11,143.83,232.49,18.08,29.77,0.98,10,-1,-1
46,13,395.67,306.94,35.49,23.68,0.94,10,-1,-1
46,14,401.66,293.88,17.97,31.96,0.99,2,-1,-1
46,15,195.09,227.12,18.18,26.68,0.93,10,-1,-1
46,16,237.68,183.44,30.27,28.44,0.91,4,-1,-1
46,17,244.71,168.92,26.21,25.75,0.70,4,-1,-1
46,19,386.18,267.64,37.25,24.46,0.95,10,-1,-1
46,21,486.74,276.88,34.95,24.67,0.60,10,-1,-1
46,22,283.50,145.43,23.14,22.15,0.90,4,-1,-1
46,24,342.72,169.67,15.25,23.61,0.92,10,-1,-1
46,25,324.71,255.92,25.27,27.61,0.31,10,-1,-1
46,26,327.54,467.10,79.05,71.53,0.98,4,-1,-1
46,27,352.48,198.02,55.76,25.81,1.00,4,-1,-1
46,28,356.76,158.50,13.78,19.53,0.94,10,-1,-1
46,30,198.63,464.17,33.52,53.70,0.99,10,-1,-1
46,31,395.36,212.92,18.76,24.47,0.44,10,-1,-1
46,34,317.81,292.60,33.01,28.39,0.62,10,-1,-1
46,35,412.28,184.83,21.13,24.92,0.85,4,-1,-1
46,36,310.18,244.27,36.93,26.23,0.86,10,-1,-1
46,41,434.79,246.75,15.84,26.74,0.82,2,-1,-1
46,42,437.74,234.80,31.55,20.87,0.80,10,-1,-1
46,44,494.92,219.65,67.16,28.18,0.98,4,-1,-1
46,45,462.80,342.96,45.43,57.00,0.98,7,-1,-1
46,50,586.38,285.72,22.54,26.52,0.52,10,-1,-1
46,51,589.83,274.21,16.33,31.47,0.98,2,-1,-1
46,53,496.44,247.24,77.85,34.97,0.98,4,-1,-1
46,55,602.32,333.75,43.03,61.31,0.89,8,-1,-1
46,56,550.39,371.58,22.72,48.07,0.98,10,-1,-1
46,58,552.34,367.91,19.79,40.34,0.87,2,-1,-1
46,60,631.50,227.90,77.77,37.17,0.99,4,-1,-1
46,66,435.79,473.95,89.65,65.00,0.70,4,-1,-1
46,39,433.72,251.67,17.59,25.94,0.89,10,-1,-1
46,78,160.63,266.63,97.83,40.88,0.99,4,-1,-1
46,49,546.30,204.33,43.69,29.83,0.68,5,-1,-1
46,84,205.60,447.81,26.45,38.20,0.93,2,-1,-1
46,95,468.43,340.02,22.91,35.26,0.55,2,-1,-1
46,98,461.47,203.40,14.48,22.15,0.75,10,-1,-1
46,105,423.52,276.88,26.78,25.87,0.89,10,-1,-1
46,114,358.70,244.96,27.87,26.41,0.89,10,-1,-1
46,3,257.67,309.96,24.16,30.74,0.36,2,-1,-1
46,119,412.19,185.29,21.34,24.54,0.68,4,-1,-1
46,120,86.55,291.36,21.79,30.37,0.96,2,-1,-1
46,121,246.38,116.89,12.44,17.47,0.80,10,-1,-1
46,129,42.46,294.94,82.62,39.19,0.98,7,-1,-1
46,130,58.20,275.04,31.77,27.44,0.76,10,-1,-1
46,133,819.26,507.07,35.50,31.00,0.79,2,-1,-1
46,7,186.95,303.50,17.35,38.11,0.35,1,-1,-1
46,137,219.05,174.36,14.71,21.14,0.49,10,-1,-1
46,138,407.42,238.96,27.56,24.36,0.74,10,-1,-1
46,87,361.48,136.19,13.89,19.84,0.21,10,-1,-1
46,32,387.20,154.88,27.78,22.52,0.75,5,-1,-1
46,140,393.69,298.90,14.46,28.92,0.70,2,-1,-1
46,141,692.36,343.69,17.99,33.44,0.87,2,-1,-1
46,106,429.71,269.80,15.76,26.39,0.62,2,-1,-1
46,144,66.56,290.20,21.64,29.54,0.55,2,-1,-1
46,33,321.82,238.41,28.65,24.95,0.29,10,-1,-1
46,136,78.98,217.63,16.87,24.01,0.52,10,-1,-1
46,112,732.78,272.18,31.39,33.10,0.61,10,-1,-1
46,38,378.44,173.71,14.99,18.35,0.59,10,-1,-1
46,61,713.37,338.11,26.53,28.15,0.53,10,-1,-1
47,1,1.33,202.91,56.01,29.20,0.77,4,-1,-1
47,2,229.54,315.18,71.31,36.62,1.00,7,-1,-1
47,4,57.42,183.09,53.09,26.78,0.82,4,-1,-1
47,6,103.75,193.59,14.64,20.90,0.49,10,-1,-1
47,8,122.14,184.94,35.86,24.81,0.99,4,-1,-1
47,9,125.26,232.92,20.44,29.82,0.97,10,-1,-1
47,10,307.28,273.45,27.79,28.05,0.87,10,-1,-1
47,11,144.08,232.00,17.97,30.39,0.99,10,-1,-1
47,13,400.53,306.27,35.10,23.90,0.96,10,-1,-1
47,14,406.75,293.75,17.21,31.60,0.97,2,-1,-1
47,15,195.18,226.67,18.10,26.72,0.90,10,-1,-1
47,16,237.81,183.05,30.17,28.73,0.89,4,-1,-1
47,17,244.96,168.85,26.02,25.68,0.80,4,-1,-1
47,19,386.88,267.09,36.51,24.59,0.97,10,-1,-1
47,21,491.05,275.56,34.90,25.29,0.81,10,-1,-1
47,22,283.68,145.94,22.80,21.92,0.88,4,-1,-1
47,24,343.06,169.44,15.10,23.28,0.93,10,-1,-1
47,25,324.38,256.09,28.10,26.96,0.43,10,-1,-1
47,26,327.20,466.40,78.94,72.20,0.99,4,-1,-1
47,27,352.92,197.70,55.46,25.87,1.00,4,-1,-1
47,28,356.78,157.78,13.42,19.55,0.96,10,-1,-1
47,30,194.53,470.63,34.13,54.59,0.99,10,-1,-1
47,31,395.34,212.68,18.32,24.00,0.54,10,-1,-1
47,34,315.92,293.36,32.05,27.94,0.58,10,-1,-1
47,35,412.27,185.00,21.07,24.57,0.81,4,-1,-1
47,36,307.66,243.16,37.12,26.64,0.92,10,-1,-1
47,41,434.54,246.06,15.73,28.17,0.86,2,-1,-1
47,42,436.68,235.05,30.62,20.73,0.74,10,-1,-1
47,44,494.16,219.21,68.26,28.86,0.98,4,-1,-1
47,45,462.41,341.90,44.83,56.64,1.00,7,-1,-1
47,50,588.26,285.72,22.07,26.04,0.55,10,-1,-1
47,51,591.49,273.60,16.29,31.77,0.97,2,-1,-1
47,53,494.88,247.36,76.89,34.98,0.99,4,-1,-1
47,55,602.85,332.88,41.70,55.68,0.61,8,-1,-1
47,56,549.88,368.00,21.94,48.08,0.98,10,-1,-1
47,58,551.88,364.79,19.03,40.74,0.62,2,-1,-1
47,60,629.21,227.25,77.29,37.55,0.99,4,-1,-1
47,66,435.34,473.12,89.75,65.61,0.59,4,-1,-1
47,39,433.18,252.63,18.30,26.09,0.93,10,-1,-1
47,78,164.70,266.23,97.81,40.51,1.00,4,-1,-1
47,49,545.70,204.13,43.86,29.82,0.30,5,-1,-1
47,84,201.47,453.39,27.17,38.90,0.95,2,-1,-1
47,95,468.11,338.68,21.62,33.79,0.16,2,-1,-1
47,98,460.73,202.70,14.47,22.25,0.77,10,-1,-1
47,105,420.77,277.65,26.66,25.52,0.88,10,-1,-1
47,114,355.60,245.84,28.15,25.33,0.85,10,-1,-1
47,3,261.20,308.76,24.52,30.68,0.69,2,-1,-1
47,119,412.04,184.88,21.15,24.83,0.69,4,-1,-1
47,120,92.04,290.19,22.00,30.53,0.99,2,-1,-1
47,121,246.51,116.73,12.38,17.66,0.71,10,-1,-1
47,129,47.48,294.39,83.04,39.03,0.99,7,-1,-1
47,130,62.36,275.30,31.23,27.81,0.82,10,-1,-1
47,133,816.69,505.81,37.41,32.22,0.64,2,-1,-1
47,7,188.51,303.17,17.84,38.00,0.86,1,-1,-1
47,137,219.02,174.49,14.53,20.92,0.50,10,-1,-1
47,138,409.10,237.52,28.01,25.27,0.37,10,-1,-1
47,87,361.51,136.06,13.52,19.80,0.38,10,-1,-1
47,32,387.15,154.92,27.73,22.17,0.68,5,-1,-1
47,140,398.75,298.50,14.44,28.81,0.63,2,-1,-1
47,141,689.76,341.64,18.77,35.83,0.65,2,-1,-1
47,106,427.46,270.30,14.92,26.31,0.91,2,-1,-1
47,144,72.02,289.15,21.40,30.15,0.88,2,-1,-1
47,136,79.33,217.43,15.96,24.26,0.52,10,-1,-1
47,112,731.02,272.61,31.31,32.13,0.58,10,-1,-1
47,38,378.26,172.83,14.66,18.37,0.63,10,-1,-1
47,61,711.79,336.96,26.71,29.89,0.54,10,-1,-1
47,146,674.40,204.61,16.88,21.70,0.68,2,-1,-1
47,147,857.01,516.19,24.11,21.09,0.67,1,-1,-1
48,1,0.94,202.48,56.04,29.04,0.87,4,-1,-1
48,2,234.59,314.84,70.46,35.92,0.99,7,-1,-1
48,4,58.00,183.16,52.08,26.40,0.83,4,-1,-1
48,6,103.97,193.25,14.37,21.18,0.83,10,-1,-1
48,8,122.21,184.58,35.37,24.94,0.99,4,-1,-1
48,9,125.42,232.30,20.64,30.39,0.95,10,-1,-1
48,10,310.36,271.62,27.54,29.65,0.43,10,-1,-1
48,11,144.19,231.57,18.33,31.02,0.99,10,-1,-1
48,13,405.57,306.11,34.95,23.89,0.94,10,-1,-1
48,14,411.27,294.09,17.33,31.47,0.99,2,-1,-1
48,15,195.43,225.76,18.07,27.34,0.89,10,-1,-1
48,16,237.88,182.86,30.13,28.64,0.89,4,-1,-1
48,17,245.37,168.88,25.35,24.86,0.75,4,-1,-1
48,19,388.09,268.06,35.43,23.05,0.93,10,-1,-1
48,21,495.90,276.14,34.49,24.15,0.78,10,-1,-1
48,22,283.68,146.64,22.86,21.39,0.93,4,-1,-1
48,24,343.60,169.24,14.64,22.56,0.94,10,-1,-1
48,25,321.06,255.08,34.47,28.36,0.67,10,-1,-1
48,26,327.06,465.73,79.29,72.84,0.98,4,-1,-1
48,27,353.29,197.55,55.36,25.70,1.00,4,-1,-1
48,28,356.82,157.31,13.28,19.16,0.92,10,-1,-1
48,30,190.83,476.99,33.96,54.13,0.99,10,-1,-1
48,31,395.16,212.38,18.55,24.44,0.51,10,-1,-1
48,34,313.73,292.79,32.05,28.58,0.62,10,-1,-1
48,35,412.10,184.64,21.46,24.84,0.78,4,-1,-1
48,36,304.91,241.82,34.50,27.39,0.92,10,-1,-1
48,41,434.28,245.69,15.69,28.70,0.85,2,-1,-1
48,42,435.34,234.72,30.26,20.69,0.51,10,-1,-1
48,44,494.50,218.83,68.67,28.93,0.92,4,-1,-1
48,45,462.30,340.73,44.60,56.52,1.00,7,-1,-1
48,50,589.96,284.55,22.28,26.28,0.57,10,-1,-1
48,51,593.10,272.51,16.68,32.28,0.96,2,-1,-1
48,53,492.61,247.49,76.14,34.59,0.99,4,-1,-1
48,55,601.88,332.77,42.79,59.16,0.82,8,-1,-1
48,56,549.15,366.35,21.66,47.30,0.97,10,-1,-1
48,58,550.78,362.31,18.74,41.28,0.77,2,-1,-1
48,60,628.47,226.91,75.52,37.50,0.99,4,-1,-1
48,66,435.17,472.41,89.79,66.23,0.63,4,-1,-1
48,39,432.61,253.28,18.96,25.76,0.79,10,-1,-1
48,78,169.05,265.65,97.01,39.98,1.00,4,-1,-1
48,84,197.86,459.46,26.85,38.78,0.95,2,-1,-1
48,95,466.81,337.82,23.20,34.06,0.81,2,-1,-1
48,98,460.11,202.34,14.46,22.09,0.80,10,-1,-1
48,105,416.87,277.30,27.80,26.39,0.88,10,-1,-1
48,114,353.78,243.82,26.27,26.95,0.90,10,-1,-1
48,3,265.86,307.90,24.05,31.46,0.77,2,-1,-1
48,119,412.21,184.20,20.68,25.14,0.36,4,-1,-1
48,120,97.00,288.83,22.48,30.49,0.99,2,-1,-1
48,121,246.58,116.83,12.16,17.54,0.53,10,-1,-1
48,129,52.62,293.45,82.76,39.09,0.99,7,-1,-1
48,130,65.85,272.76,32.31,30.43,0.85,10,-1,-1
48,133,817.74,504.59,35.74,33.45,0.48,2,-1,-1
48,7,190.04,303.11,18.01,38.06,0.56,1,-1,-1
48,137,218.83,175.09,14.68,20.22,0.85,10,-1,-1
48,138,410.69,237.07,29.00,25.61,0.40,10,-1,-1
48,32,387.17,154.72,27.72,22.24,0.83,5,-1,-1
48,140,404.31,298.03,14.44,28.88,0.29,2,-1,-1
48,141,686.87,340.34,18.21,37.07,0.30,2,-1,-1
48,106,424.53,270.55,15.00,27.07,0.65,2,-1,-1
48,144,77.22,287.83,22.09,30.67,0.96,2,-1,-1
48,136,79.51,217.01,16.14,24.35,0.39,10,-1,-1
48,112,732.51,270.45,30.47,33.41,0.27,10,-1,-1
48,38,377.64,172.30,14.94,18.78,0.37,10,-1,-1
48,61,710.41,336.36,28.31,30.12,0.59,10,-1,-1
48,147,855.43,514.60,24.10,22.05,0.79,1,-1,-1
48,148,520.11,227.36,14.46,22.00,0.67,1,-1,-1
48,149,615.64,246.19,28.63,24.41,0.67,10,-1,-1
48,43,474.87,233.65,27.40,24.70,0.61,10,-1,-1
49,1,0.85,202.32,56.47,28.97,0.85,4,-1,-1
49,2,238.85,313.62,70.57,36.05,0.99,7,-1,-1
49,4,58.12,183.08,53.10,26.25,0.87,4,-1,-1
49,6,103.96,192.63,14.48,21.28,0.68,10,-1,-1
49,8,122.30,184.62,35.34,24.59,0.99,4,-1,-1
49,9,125.25,231.76,20.63,30.60,0.96,10,-1,-1
49,10,313.73,271.30,29.52,28.49,0.64,10,-1,-1
49,11,144.20,231.59,18.12,30.67,0.97,10,-1,-1
49,13,410.03,305.42,35.31,24.39,0.95,10,-1,-1
49,14,414.73,294.09,17.78,31.63,0.97,2,-1,-1
49,15,195.55,225.30,18.06,27.77,0.91,10,-1,-1
49,16,237.83,182.76,30.32,28.61,0.88,4,-1,-1
49,17,245.15,168.66,25.90,25.35,0.67,4,-1,-1
49,19,389.23,267.69,33.42,22.46,0.90,10,-1,-1
49,21,500.30,276.05,34.34,23.50,0.53,10,-1,-1
49,22,283.71,146.94,22.89,21.18,0.93,4,-1,-1
49,24,344.32,169.35,14.08,21.69,0.85,10,-1,-1
49,25,320.24,254.85,37.36,28.28,0.69,10,-1,-1
49,26,326.59,464.99,79.84,73.46,0.98,4,-1,-1
49,27,353.95,197.36,54.54,25.83,1.00,4,-1,-1
49,28,356.77,156.60,13.24,19.02,0.89,10,-1,-1
49,30,187.05,482.90,34.49,52.75,0.98,10,-1,-1
49,31,395.05,212.02,18.64,24.40,0.45,10,-1,-1
49,34,311.54,291.93,32.05,29.70,0.33,10,-1,-1
49,35,412.17,184.65,21.21,24.75,0.86,4,-1,-1
49,36,301.96,241.97,35.85,27.67,0.93,10,-1,-1
49,41,433.95,245.03,15.28,29.88,0.90,2,-1,-1
49,42,434.64,234.33,30.14,21.09,0.42,10,-1,-1
49,44,493.81,218.32,68.83,28.55,0.91,4,-1,-1
49,45,461.66,339.58,44.54,56.49,1.00,7,-1,-1
49,50,591.14,282.87,22.36,26.87,0.69,10,-1,-1
49,51,594.82,271.46,16.04,32.08,0.97,2,-1,-1
49,53,489.62,247.76,76.69,34.03,0.99,4,-1,-1
49,55,601.12,332.56,43.20,59.97,0.62,8,-1,-1
49,56,548.51,364.09,21.58,47.01,0.98,10,-1,-1
49,58,550.00,359.93,18.65,41.10,0.56,2,-1,-1
49,60,625.85,227.20,75.68,36.48,1.00,4,-1,-1
49,66,434.70,471.83,89.81,66.83,0.60,4,-1,-1
49,39,432.55,253.08,18.83,25.63,0.46,10,-1,-1
49,78,173.23,265.14,96.34,39.78,1.00,4,-1,-1
49,84,193.71,465.06,27.71,37.53,0.80,2,-1,-1
49,95,466.14,336.39,23.75,35.37,0.79,2,-1,-1
49,98,459.86,202.06,14.06,21.63,0.88,10,-1,-1
49,105,414.07,277.89,27.83,26.90,0.98,10,-1,-1
49,114,351.18,242.95,25.14,27.13,0.77,10,-1,-1
49,3,269.88,307.08,24.48,32.16,0.73,2,-1,-1
49,119,412.22,184.18,20.51,25.06,0.26,4,-1,-1
49,120,102.14,288.14,22.27,30.37,0.99,2,-1,-1
49,121,246.23,117.06,12.48,17.39,0.31,10,-1,-1
49,129,58.11,293.23,82.64,38.31,0.99,7,-1,-1
49,130,69.70,267.71,31.37,34.51,0.83,10,-1,-1
49,133,818.19,504.53,34.29,33.14,0.13,2,-1,-1
49,7,190.80,302.59,18.68,38.07,0.47,1,-1,-1
49,137,218.59,175.58,14.94,19.55,0.84,10,-1,-1
49,32,386.92,154.58,27.32,22.07,0.87,5,-1,-1
49,141,684.66,339.90,18.03,37.51,0.48,2,-1,-1
49,106,420.90,270.57,15.83,29.32,0.90,2,-1,-1
49,144,82.19,287.72,21.46,30.40,0.87,2,-1,-1
49,136,79.80,217.04,16.11,23.98,0.58,2,-1,-1
49,112,733.06,270.95,29.36,32.69,0.45,10,-1,-1
49,38,376.97,171.58,15.44,19.13,0.40,10,-1,-1
49,61,709.12,336.57,29.68,30.20,0.58,10,-1,-1
49,147,854.19,513.35,24.10,23.60,0.65,1,-1,-1
49,43,475.24,232.60,27.03,25.01,0.26,1,-1,-1
49,150,580.98,515.29,110.89,23.50,0.77,4,-1,-1
49,151,632.81,267.14,53.04,42.04,0.61,4,-1,-1
49,57,633.52,267.32,50.49,40.54,0.73,8,-1,-1
50,1,1.09,202.70,56.37,28.54,0.81,4,-1,-1
50,2,243.05,313.34,70.41,35.70,0.99,7,-1,-1
50,4,57.88,182.89,53.47,26.00,0.89,4,-1,-1
50,6,104.42,191.95,14.23,20.93,0.32,10,-1,-1
50,8,122.44,184.39,35.13,24.66,0.99,4,-1,-1
50,9,125.34,231.60,20.42,30.68,0.96,10,-1,-1
50,10,317.06,271.07,29.83,27.02,0.72,10,-1,-1
50,11,144.00,231.16,17.84,30.93,0.99,10,-1,-1
50,13,415.29,306.32,34.65,23.39,0.99,10,-1,-1
50,14,420.82,295.75,17.16,30.20,0.97,2,-1,-1
50,15,195.49,224.68,18.06,28.14,0.90,10,-1,-1
50,16,237.91,182.58,30.39,28.40,0.89,4,-1,-1
50,17,245.76,168.63,25.12,24.14,0.65,4,-1,-1
50,19,389.97,266.91,32.27,23.08,0.89,10,-1,-1
50,21,505.16,275.81,33.09,23.06,0.47,10,-1,-1
50,22,283.92,146.99,22.70,21.51,0.95,4,-1,-1
50,24,344.97,168.45,13.46,21.18,0.90,10,-1,-1
50,25,322.98,256.29,36.36,27.06,0.75,10,-1,-1
50,26,326.19,464.28,80.04,74.07,0.99,4,-1,-1
50,27,354.38,196.96,54.24,25.88,1.00,4,-1,-1
50,28,356.75,156.02,12.82,18.57,0.90,10,-1,-1
50,30,182.97,490.05,34.47,48.61,0.97,10,-1,-1
50,31,395.00,211.56,18.67,23.99,0.43,10,-1,-1
50,34,309.21,292.13,32.43,30.13,0.52,10,-1,-1
50,35,412.00,184.72,21.11,24.31,0.82,4,-1,-1
50,36,299.26,241.99,38.80,28.17,0.93,10,-1,-1
50,41,433.63,244.46,14.72,29.75,0.92,2,-1,-1
50,42,433.21,233.56,30.10,21.64,0.52,10,-1,-1
50,44,492.95,218.21,68.86,28.41,0.90,4,-1,-1
50,45,461.42,339.56,44.51,55.29,1.00,7,-1,-1
50,50,592.90,281.76,21.59,26.21,0.81,10,-1,-1
50,51,596.61,270.69,15.38,31.00,0.95,2,-1,-1
50,53,485.59,247.83,77.69,35.03,1.00,4,-1,-1
50,55,600.81,332.07,43.35,60.27,0.47,8,-1,-1
50,56,547.48,360.51,21.56,46.91,0.97,10,-1,-1
50,58,548.93,357.31,19.02,40.23,0.37,2,-1,-1
50,60,624.13,227.41,75.74,36.49,1.00,4,-1,-1
50,66,434.30,471.20,89.41,67.44,0.58,4,-1,-1
50,39,432.53,252.99,18.38,25.19,0.56,10,-1,-1
50,78,176.81,264.42,96.48,39.52,1.00,4,-1,-1
50,84,189.11,471.12,28.21,38.24,0.89,2,-1,-1
50,95,466.09,335.65,22.78,35.07,0.42,2,-1,-1
50,98,458.99,200.85,14.72,22.46,0.54,10,-1,-1
50,105,411.31,279.53,27.83,26.31,0.94,10,-1,-1
50,114,349.33,242.08,23.10,26.80,0.90,10,-1,-1
50,3,274.71,305.76,24.24,33.21,0.78,2,-1,-1
50,119,412.22,184.25,20.45,24.83,0.28,4,-1,-1
50,120,107.42,287.45,22.48,30.52,0.98,2,-1,-1
50,121,246.20,117.21,12.40,17.03,0.36,10,-1,-1
50,129,63.41,292.51,82.46,38.02,0.94,7,-1,-1
50,130,74.41,264.28,30.04,36.83,0.86,10,-1,-1
50,7,192.10,301.86,18.92,38.36,0.42,1,-1,-1
50,137,218.80,175.80,15.03,19.32,0.83,10,-1,-1
50,32,386.24,154.41,27.56,21.80,0.96,5,-1,-1
50,141,683.12,339.56,17.97,37.25,0.77,2,-1,-1
50,106,418.03,271.29,15.35,30.35,0.91,2,-1,-1
50,144,87.81,287.90,20.47,29.02,0.88,2,-1,-1
50,136,79.81,216.79,16.20,24.05,0.60,10,-1,-1
50,112,733.25,271.06,28.14,32.40,0.40,10,-1,-1
50,38,377.12,171.10,14.85,19.06,0.26,10,-1,-1
50,61,706.30,337.26,31.73,32.19,0.52,10,-1,-1
50,147,852.87,512.07,24.10,26.84,0.75,1,-1,-1
50,43,472.11,232.92,29.68,24.83,0.25,1,-1,-1
50,150,579.23,512.24,102.90,26.87,0.81,4,-1,-1
50,57,633.30,266.84,50.62,40.89,0.31,8,-1,-1
50,152,682.83,339.31,18.08,39.78,0.72,2,-1,-1
50,37,319.38,283.98,16.86,31.17,0.57,2,-1,-1
51,1,1.06,202.48,57.04,28.78,0.76,4,-1,-1
51,2,247.26,313.27,70.76,35.57,0.99,7,-1,-1
51,4,57.36,182.85,53.90,25.90,0.77,4,-1,-1
51,6,104.60,191.25,14.24,20.99,0.19,10,-1,-1
51,8,122.50,184.14,34.94,24.88,0.99,4,-1,-1
51,9,125.13,230.98,20.94,31.11,0.95,10,-1,-1
51,10,319.77,273.16,29.96,24.23,0.91,10,-1,-1
51,11,144.29,231.02,17.68,30.42,0.99,10,-1,-1
51,13,419.66,305.18,34.80,24.32,0.98,10,-1,-1
51,14,425.71,295.18,16.92,30.47,0.96,2,-1,-1
51,15,195.18,223.97,18.46,28.47,0.87,10,-1,-1
51,16,238.14,181.94,30.42,28.92,0.91,4,-1,-1
51,17,246.00,168.35,24.81,23.47,0.84,4,-1,-1
51,19,389.76,267.33,34.74,23.10,0.91,10,-1,-1
51,21,508.76,274.53,34.25,23.30,0.63,10,-1,-1
51,22,283.90,147.42,22.62,21.23,0.91,4,-1,-1
51,24,345.38,169.90,13.25,19.78,0.91,10,-1,-1
51,25,326.23,258.25,34.70,25.99,0.27,10,-1,-1
51,26,326.05,463.63,79.72,75.06,0.99,4,-1,-1
51,27,354.92,196.83,52.93,25.70,0.99,4,-1,-1
51,28,356.74,155.35,12.67,18.20,0.84,10,-1,-1
51,30,178.91,494.70,35.45,45.37,0.89,10,-1,-1
51,31,394.98,211.51,18.29,23.23,0.68,10,-1,-1
51,34,307.81,293.18,30.60,29.10,0.65,10,-1,-1
51,35,411.92,184.57,21.08,24.35,0.72,4,-1,-1
51,36,296.25,242.81,38.45,26.97,0.82,10,-1,-1
51,41,432.69,243.29,15.33,30.47,0.85,2,-1,-1
51,42,433.70,233.07,28.08,21.85,0.65,10,-1,-1
51,44,492.22,217.48,68.86,28.94,0.80,4,-1,-1
51,45,460.55,339.00,44.51,54.85,0.99,7,-1,-1
51,50,593.90,280.88,21.68,25.75,0.48,10,-1,-1
51,51,598.00,269.04,14.73,32.00,0.95,2,-1,-1
51,53,482.36,248.15,78.47,35.98,0.97,4,-1,-1
51,56,546.51,357.26,21.96,47.68,0.99,10,-1,-1
51,60,620.74,227.39,76.57,36.68,0.99,4,-1,-1
51,66,434.16,470.56,89.25,68.04,0.54,4,-1,-1
51,39,431.93,252.06,18.99,25.63,0.24,10,-1,-1
51,78,180.59,264.08,96.74,38.82,0.99,4,-1,-1
51,84,184.56,477.76,29.57,38.50,0.75,2,-1,-1
51,98,458.27,200.81,14.56,21.59,0.71,10,-1,-1
51,105,408.57,280.75,28.22,25.27,0.89,10,-1,-1
51,114,350.30,241.27,19.86,27.46,0.87,10,-1,-1
51,119,412.01,184.00,20.43,24.94,0.73,4,-1,-1
51,120,112.47,286.94,21.97,29.88,0.94,2,-1,-1
51,129,69.08,291.69,81.89,38.32,0.99,7,-1,-1
51,130,78.91,263.01,28.52,36.62,0.86,10,-1,-1
51,7,193.74,301.60,18.42,37.47,0.68,1,-1,-1
51,137,218.89,175.58,15.06,20.05,0.52,10,-1,-1
51,32,386.18,154.36,27.26,21.70,0.66,5,-1,-1
51,141,680.97,338.86,18.78,39.51,0.76,2,-1,-1
51,106,415.65,271.86,14.76,30.56,0.71,2,-1,-1
51,144,92.59,287.50,20.22,29.03,0.80,2,-1,-1
51,136,79.43,216.43,16.84,24.47,0.43,10,-1,-1
51,112,732.46,271.21,28.53,31.29,0.17,10,-1,-1
51,38,376.81,170.37,15.01,19.23,0.18,10,-1,-1
51,61,705.91,338.47,34.04,31.77,0.20,10,-1,-1
51,147,852.03,510.99,24.10,29.19,0.77,1,-1,-1
51,43,470.48,232.22,30.36,25.61,0.48,1,-1,-1
51,150,577.44,508.48,106.55,30.59,0.84,4,-1,-1
51,57,633.59,266.56,51.45,40.81,0.23,8,-1,-1
51,152,681.75,338.23,19.04,41.21,0.66,2,-1,-1
51,37,318.27,284.72,16.04,30.76,0.48,2,-1,-1
52,1,0.91,201.91,57.13,29.27,0.67,4,-1,-1
52,2,252.06,313.30,70.71,35.13,0.99,7,-1,-1
52,4,57.68,182.84,53.77,25.68,0.65,4,-1,-1
52,8,122.56,183.85,34.93,24.97,0.99,4,-1,-1
52,9,125.09,230.96,21.04,30.88,0.97,10,-1,-1
52,10,321.87,273.89,31.22,23.62,0.97,10,-1,-1
52,11,144.38,231.09,17.63,30.23,0.99,10,-1,-1
52,13,424.14,305.49,34.86,24.17,0.98,10,-1,-1
52,14,429.78,294.01,17.24,31.38,0.93,2,-1,-1
52,15,195.26,224.21,18.41,28.01,0.84,10,-1,-1
52,16,238.03,181.91,30.43,28.73,0.88,4,-1,-1
52,17,245.99,168.16,24.70,23.44,0.86,4,-1,-1
52,19,390.10,267.23,35.22,23.52,0.91,10,-1,-1
52,21,512.79,273.41,34.27,23.80,0.65,10,-1,-1
52,22,283.60,147.63,23.00,21.18,0.91,4,-1,-1
52,24,345.53,169.54,13.18,19.50,0.92,10,-1,-1
52,25,327.90,258.45,35.18,25.41,0.54,10,-1,-1
52,26,325.81,462.67,79.60,76.22,0.98,4,-1,-1
52,27,355.12,196.60,52.46,25.63,0.99,4,-1,-1
52,28,356.36,154.32,12.62,18.68,0.88,10,-1,-1
52,30,174.53,501.55,36.59,39.27,0.88,10,-1,-1
52,31,394.80,211.33,18.54,22.76,0.65,10,-1,-1
52,34,307.82,293.90,28.66,27.40,0.80,10,-1,-1
52,35,412.12,184.33,21.07,24.37,0.77,4,-1,-1
52,36,294.00,242.57,41.46,26.50,0.89,10,-1,-1
52,41,431.80,242.79,15.94,30.54,0.51,2,-1,-1
52,42,432.34,231.73,27.73,22.73,0.60,10,-1,-1
52,44,492.39,217.24,67.66,28.95,0.87,4,-1,-1
52,45,460.07,338.06,44.12,55.11,0.99,7,-1,-1
52,50,595.48,279.82,21.32,26.00,0.57,10,-1,-1
52,51,599.12,268.69,14.91,30.40,0.95,2,-1,-1
52,53,479.49,248.19,77.59,36.35,0.99,4,-1,-1
52,56,545.83,354.40,21.72,47.98,0.99,10,-1,-1
52,60,618.01,227.31,76.90,36.56,0.99,4,-1,-1
52,66,433.53,469.61,89.60,69.05,0.46,4,-1,-1
52,39,432.13,252.15,19.22,25.40,0.31,10,-1,-1
52,78,185.82,263.70,94.67,38.57,0.99,4,-1,-1
52,84,180.00,483.92,30.47,40.18,0.93,2,-1,-1
52,98,457.67,200.05,14.50,21.44,0.52,10,-1,-1
52,105,404.90,280.81,29.93,25.89,0.96,10,-1,-1
52,114,348.48,241.49,19.63,27.70,0.81,10,-1,-1
52,119,412.16,183.72,20.43,24.98,0.61,7,-1,-1
52,120,117.34,286.41,21.17,29.64,0.96,2,-1,-1
52,129,73.66,291.02,81.76,38.04,0.99,7,-1,-1
52,130,82.19,267.62,31.62,32.02,0.78,10,-1,-1
52,7,195.69,301.26,18.22,37.43,0.67,1,-1,-1
52,137,218.83,176.20,15.08,19.53,0.61,10,-1,-1
52,32,385.99,154.26,27.15,21.47,0.86,5,-1,-1
52,141,680.71,336.33,17.48,39.96,0.27,2,-1,-1
52,106,411.47,273.55,15.75,28.29,0.31,2,-1,-1
52,144,97.80,286.57,20.77,29.46,0.91,2,-1,-1
52,136,79.56,216.31,16.78,24.24,0.33,10,-1,-1
52,112,732.66,271.92,30.30,30.48,0.22,10,-1,-1
52,38,376.74,169.34,14.67,19.29,0.22,10,-1,-1
52,61,705.47,340.02,32.69,30.81,0.39,10,-1,-1
52,147,851.01,509.51,24.10,30.02,0.71,1,-1,-1
52,43,469.30,233.62,30.60,24.09,0.40,1,-1,-1
52,150,574.61,503.78,104.01,35.42,0.74,4,-1,-1
52,152,681.55,336.88,17.39,40.10,0.56,2,-1,-1
52,37,315.10,285.19,16.17,31.23,0.62,2,-1,-1
52,33,300.05,240.55,37.36,23.59,0.51,10,-1,-1
52,49,546.20,202.94,43.41,28.71,0.62,5,-1,-1
52,55,600.21,330.74,44.32,59.85,0.87,8,-1,-1
53,1,-1.53,201.89,60.07,28.67,0.80,4,-1,-1
53,2,256.37,311.54,70.01,35.77,0.99,7,-1,-1
53,4,58.03,182.83,53.72,25.60,0.82,4,-1,-1
53,8,122.71,183.74,35.08,24.81,0.99,4,-1,-1
53,9,124.90,230.66,21.58,30.99,0.96,10,-1,-1
53,10,324.52,274.04,31.30,23.42,0.94,10,-1,-1
53,11,144.40,231.02,17.81,29.97,0.99,10,-1,-1
53,13,429.22,305.02,34.10,24.51,0.97,10,-1,-1
53,14,434.12,292.69,16.97,31.03,0.91,2,-1,-1
53,15,195.28,223.91,18.00,28.03,0.81,10,-1,-1
53,16,237.88,181.80,30.63,28.85,0.89,4,-1,-1
53,17,246.07,168.08,24.67,23.63,0.88,4,-1,-1
53,19,390.36,267.29,34.63,23.68,0.91,10,-1,-1
53,21,516.53,271.42,35.09,25.57,0.35,10,-1,-1
53,22,283.48,147.93,23.34,21.51,0.93,4,-1,-1
53,24,345.35,166.33,13.57,21.47,0.89,10,-1,-1
53,25,334.30,251.48,30.71,29.29,0.68,8,-1,-1
53,26,325.92,461.93,79.16,77.04,0.98,4,-1,-1
53,27,355.77,196.42,51.90,25.41,1.00,4,-1,-1
53,28,356.21,153.85,12.61,18.46,0.91,10,-1,-1
53,30,170.13,506.00,38.19,34.95,0.81,10,-1,-1
53,31,394.54,210.96,18.64,22.79,0.64,10,-1,-1
53,34,308.54,293.03,25.49,27.27,0.71,10,-1,-1
53,35,411.80,184.13,21.86,24.38,0.92,4,-1,-1
53,36,289.91,244.48,41.81,25.32,0.70,10,-1,-1
53,41,432.25,242.51,15.39,30.56,0.73,2,-1,-1
53,42,431.48,231.32,27.62,23.06,0.43,10,-1,-1
53,44,491.68,216.76,67.20,29.35,0.53,4,-1,-1
53,45,460.12,337.55,43.58,54.82,1.00,7,-1,-1
53,50,597.04,279.15,21.98,25.89,0.29,10,-1,-1
53,51,600.30,268.11,15.37,29.97,0.96,2,-1,-1
53,53,476.93,248.40,77.65,36.29,0.99,4,-1,-1
53,56,545.23,352.23,21.64,48.11,0.98,10,-1,-1
53,60,615.48,226.99,77.03,36.91,0.99,4,-1,-1
53,66,433.31,468.69,89.74,69.81,0.52,4,-1,-1
53,39,432.03,245.80,16.95,29.11,0.81,1,-1,-1
53,78,188.99,263.07,95.10,38.69,1.00,4,-1,-1
53,84,176.30,490.79,30.23,41.59,0.87,2,-1,-1
53,98,456.47,199.48,15.27,21.39,0.58,10,-1,-1
53,105,401.05,281.01,30.19,26.31,0.97,10,-1,-1
53,114,340.38,245.71,25.02,29.56,0.71,10,-1,-1
53,119,411.81,183.42,21.24,25.20,0.23,7,-1,-1
53,120,122.50,285.23,21.38,29.55,0.88,2,-1,-1
53,129,79.48,289.90,80.81,38.25,0.99,7,-1,-1
53,130,85.24,266.65,31.46,32.60,0.86,10,-1,-1
53,7,197.84,300.74,17.75,37.41,0.70,1,-1,-1
53,137,218.79,176.32,15.08,19.73,0.49,10,-1,-1
53,32,385.93,153.92,27.11,21.79,0.81,5,-1,-1
53,141,678.71,336.14,17.81,40.88,0.67,2,-1,-1
53,106,407.66,273.07,16.50,28.17,0.42,2,-1,-1
53,144,102.14,285.23,20.67,30.02,0.79,2,-1,-1
53,136,79.74,215.86,16.85,24.75,0.48,10,-1,-1
53,38,375.73,168.87,14.94,19.31,0.52,10,-1,-1
53,61,704.97,336.86,34.41,33.61,0.14,10,-1,-1
53,147,849.44,508.18,24.95,31.03,0.57,1,-1,-1
53,43,468.46,233.33,29.91,23.95,0.45,1,-1,-1
53,150,573.32,499.47,101.69,39.60,0.91,4,-1,-1
53,152,679.61,336.23,17.80,41.15,0.50,1,-1,-1
53,37,313.60,285.24,16.62,30.71,0.52,2,-1,-1
53,33,295.41,240.58,40.20,24.76,0.66,10,-1,-1
53,49,545.45,202.66,42.96,29.25,0.65,5,-1,-1
53,55,600.16,330.53,44.52,60.49,0.46,8,-1,-1
53,20,398.51,256.08,18.58,27.03,0.53,2,-1,-1
53,133,812.33,498.83,35.90,34.26,0.63,2,-1,-1
54,1,-0.05,202.33,58.34,28.03,0.88,4,-1,-1
54,2,261.08,311.51,69.85,35.22,0.99,7,-1,-1
54,4,58.72,182.76,52.90,25.37,0.88,4,-1,-1
54,8,122.77,183.53,34.79,24.74,0.99,4,-1,-1
54,9,124.70,230.48,21.97,31.03,0.97,10,-1,-1
54,10,327.54,273.80,30.54,24.37,0.87,10,-1,-1
54,11,144.16,230.92,17.98,29.86,0.99,10,-1,-1
54,13,433.70,305.06,33.81,24.64,0.96,10,-1,-1
54,14,437.91,292.39,17.67,31.30,0.89,2,-1,-1
54,15,194.94,223.82,18.24,27.83,0.82,10,-1,-1
54,16,237.87,181.78,30.51,28.70,0.87,4,-1,-1
54,17,245.65,167.68,25.46,24.51,0.79,4,-1,-1
54,19,390.57,266.74,34.40,23.55,0.90,10,-1,-1
54,21,520.70,271.08,34.61,25.27,0.29,10,-1,-1
54,22,283.29,148.30,23.47,21.49,0.95,4,-1,-1
54,24,345.43,165.81,13.72,20.98,0.91,10,-1,-1
54,26,325.73,461.29,79.00,77.72,0.99,4,-1,-1
54,27,356.15,196.07,51.71,25.33,1.00,4,-1,-1
54,28,356.12,153.07,12.60,18.73,0.93,10,-1,-1
54,30,165.13,512.64,39.38,28.37,0.80,10,-1,-1
54,31,394.00,210.74,18.67,22.81,0.64,10,-1,-1
54,34,307.52,291.61,23.60,27.93,0.79,10,-1,-1
54,35,411.82,183.88,22.16,24.58,0.97,4,-1,-1
54,36,286.58,246.13,38.42,24.27,0.72,10,-1,-1
54,41,431.81,242.44,15.17,30.36,0.75,2,-1,-1
54,42,428.73,230.78,28.80,23.38,0.42,10,-1,-1
54,44,490.37,216.49,68.22,29.30,0.83,4,-1,-1
54,45,459.91,337.19,43.38,53.92,1.00,7,-1,-1
54,51,601.64,267.02,15.35,31.43,0.90,2,-1,-1
54,53,474.62,248.67,77.28,36.45,0.99,4,-1,-1
54,56,544.59,349.92,21.22,47.36,0.99,10,-1,-1
54,60,611.97,226.67,78.87,36.84,0.99,4,-1,-1
54,66,432.79,467.76,89.79,70.86,0.50,4,-1,-1
54,39,431.14,243.42,16.45,30.25,0.85,10,-1,-1
54,78,192.17,262.38,95.27,38.74,1.00,4,-1,-1
54,84,170.78,497.57,32.07,40.57,0.87,2,-1,-1
54,98,455.41,199.19,15.56,21.18,0.42,10,-1,-1
54,105,397.66,281.67,29.89,26.47,0.96,10,-1,-1
54,114,336.25,245.78,26.38,31.41,0.90,10,-1,-1
54,129,84.26,288.33,80.63,38.92,0.99,7,-1,-1
54,130,88.72,268.32,32.65,30.22,0.82,10,-1,-1
54,7,199.45,299.88,17.37,37.50,0.65,1,-1,-1
54,137,218.54,176.67,14.88,19.81,0.63,10,-1,-1
54,32,385.86,153.75,26.70,21.56,0.73,5,-1,-1
54,141,677.18,335.70,17.13,39.65,0.47,2,-1,-1
54,106,405.25,273.39,16.40,28.32,0.50,2,-1,-1
54,136,79.77,215.82,16.98,24.54,0.51,10,-1,-1
54,38,375.32,167.94,14.64,19.71,0.58,10,-1,-1
54,61,704.35,336.46,32.76,32.71,0.13,10,-1,-1
54,147,847.64,507.10,25.25,31.36,0.35,1,-1,-1
54,43,467.32,232.42,29.60,24.53,0.53,1,-1,-1
54,150,571.42,495.52,101.17,43.48,0.93,4,-1,-1
54,37,311.29,284.95,17.18,31.01,0.25,2,-1,-1
54,33,294.68,238.92,38.89,23.74,0.83,10,-1,-1
54,49,545.14,202.87,42.41,29.02,0.60,5,-1,-1
54,55,599.70,330.65,43.80,60.32,0.76,8,-1,-1
54,20,398.92,255.79,18.54,27.96,0.50,2,-1,-1
54,133,812.49,498.49,33.70,34.73,0.79,2,-1,-1
54,153,703.33,230.52,32.54,21.70,0.83,7,-1,-1
54,140,432.40,296.76,15.03,28.34,0.54,2,-1,-1
55,1,-0.97,200.68,59.89,29.40,0.78,4,-1,-1
55,2,265.71,310.93,69.01,35.01,0.99,7,-1,-1
55,4,59.32,182.23,52.49,25.69,0.89,4,-1,-1
55,8,122.94,183.36,34.88,24.72,0.99,4,-1,-1
55,9,124.71,229.92,22.02,31.44,0.97,10,-1,-1
55,10,330.20,272.73,31.45,25.53,0.61,10,-1,-1
55,11,144.17,230.59,17.89,29.83,0.99,10,-1,-1
55,13,438.84,305.29,33.31,24.29,0.95,10,-1,-1
55,14,442.59,291.80,17.14,30.91,0.92,2,-1,-1
55,15,195.06,223.40,18.53,27.96,0.80,10,-1,-1
55,16,237.72,181.58,30.47,28.84,0.90,4,-1,-1
55,17,245.84,167.63,25.17,24.44,0.89,4,-1,-1
55,19,391.25,263.54,34.32,26.09,0.88,10,-1,-1
55,21,525.54,271.98,34.02,23.75,0.39,10,-1,-1
55,22,283.17,148.58,23.71,21.63,0.96,4,-1,-1
55,24,345.69,164.64,13.78,21.20,0.92,10,-1,-1
55,26,325.51,460.68,78.94,78.35,0.99,4,-1,-1
55,27,356.33,195.85,51.65,25.30,1.00,4,-1,-1
55,28,355.93,152.50,13.01,18.73,0.95,10,-1,-1
55,30,159.57,519.40,41.57,20.83,0.50,10,-1,-1
55,31,393.85,210.77,18.68,22.62,0.82,10,-1,-1
55,34,304.43,290.99,24.58,28.87,0.76,10,-1,-1
55,35,411.69,183.79,22.27,24.46,0.98,4,-1,-1
55,36,283.14,245.93,38.76,24.50,0.82,10,-1,-1
55,41,431.10,242.44,15.49,29.09,0.71,2,-1,-1
55,42,426.41,229.61,28.85,24.09,0.77,10,-1,-1
55,44,489.75,216.40,68.20,29.08,0.92,4,-1,-1
55,45,460.10,336.71,42.92,54.00,1.00,7,-1,-1
55,51,602.94,266.16,15.35,30.79,0.85,2,-1,-1
55,53,472.51,248.87,76.35,36.31,0.99,4,-1,-1
55,56,544.04,347.58,21.07,47.08,0.98,10,-1,-1
55,60,609.39,226.56,79.36,36.81,1.00,4,-1,-1
55,66,432.46,467.05,90.20,71.64,0.60,4,-1,-1
55,39,429.86,246.91,19.13,27.83,0.68,10,-1,-1
55,78,196.54,261.74,94.55,38.77,0.98,4,-1,-1
55,84,165.54,504.72,33.72,35.78,0.64,2,-1,-1
55,98,455.07,198.41,15.28,21.50,0.66,10,-1,-1
55,105,394.15,282.89,29.75,25.94,0.95,10,-1,-1
55,114,333.77,246.28,27.73,33.47,0.90,10,-1,-1
55,129,89.60,287.47,80.06,38.49,1.00,7,-1,-1
55,130,92.42,267.05,30.95,30.52,0.89,10,-1,-1
55,7,201.13,299.38,17.22,37.73,0.48,1,-1,-1
55,137,218.49,176.69,14.81,20.04,0.50,10,-1,-1
55,32,385.50,153.60,26.95,21.48,0.74,5,-1,-1
55,141,675.12,334.60,16.88,40.71,0.67,2,-1,-1
55,106,401.54,274.29,16.75,28.57,0.61,2,-1,-1
55,136,79.57,215.52,16.93,25.06,0.21,10,-1,-1
55,38,375.04,167.42,14.13,19.67,0.76,10,-1,-1
55,147,846.66,506.35,25.36,32.20,0.39,1,-1,-1
55,43,466.36,231.30,29.44,24.95,0.62,1,-1,-1
55,150,570.47,491.38,99.32,47.62,0.97,4,-1,-1
55,37,309.16,285.33,17.79,31.22,0.24,2,-1,-1
55,33,292.77,239.19,38.19,22.74,0.88,10,-1,-1
55,49,544.88,202.97,42.61,28.73,0.83,5,-1,-1
55,55,599.19,330.32,44.32,60.66,0.66,8,-1,-1
55,20,397.91,256.09,21.43,27.90,0.30,2,-1,-1
55,133,812.22,497.39,33.71,36.08,0.73,2,-1,-1
55,153,700.82,229.02,33.50,23.38,0.71,7,-1,-1
55,140,436.56,296.62,14.66,27.78,0.67,2,-1,-1
55,23,534.92,265.42,17.45,25.65,0.72,2,-1,-1
55,25,334.26,247.55,29.86,33.40,0.84,10,-1,-1
55,120,132.56,283.68,21.37,29.40,0.81,2,-1,-1
55,152,674.80,334.78,18.00,40.49,0.62,2,-1,-1
56,1,-0.46,200.29,60.16,29.31,0.77,4,-1,-1
56,2,270.70,310.34,68.69,34.93,0.99,7,-1,-1
56,4,59.49,181.85,52.63,26.01,0.83,4,-1,-1
56,8,123.05,183.21,35.31,24.91,0.98,4,-1,-1
56,9,125.11,229.82,21.84,31.39,0.98,10,-1,-1
56,10,333.11,272.72,30.99,25.57,0.63,10,-1,-1
56,11,144.31,230.28,17.76,30.01,0.98,10,-1,-1
56,13,442.59,305.59,34.33,24.16,0.97,10,-1,-1
56,14,446.19,291.40,18.14,31.36,0.92,2,-1,-1
56,15,195.25,223.25,18.44,28.00,0.83,10,-1,-1
56,16,237.70,181.32,30.64,29.09,0.86,4,-1,-1
56,17,245.75,167.73,25.25,24.22,0.90,4,-1,-1
56,19,391.11,262.00,35.89,27.20,0.80,10,-1,-1
56,21,529.60,271.97,33.80,23.57,0.48,10,-1,-1
56,22,283.65,149.13,23.60,21.73,0.96,4,-1,-1
56,24,346.01,163.84,13.80,21.28,0.93,10,-1,-1
56,26,325.26,459.67,78.91,79.35,0.99,4,-1,-1
56,27,356.81,195.59,51.24,25.29,1.00,4,-1,-1
56,28,355.90,152.18,13.16,18.68,0.94,10,-1,-1
56,30,157.66,516.54,39.72,23.39,0.28,10,-1,-1
56,31,394.02,210.51,18.29,22.76,0.73,10,-1,-1
56,34,300.81,293.31,26.93,28.24,0.62,10,-1,-1
56,35,411.66,183.67,22.31,24.41,0.98,4,-1,-1
56,36,279.71,247.26,37.98,23.18,0.44,10,-1,-1
56,41,430.28,241.57,16.01,30.40,0.86,2,-1,-1
56,42,423.60,229.19,29.26,24.55,0.77,10,-1,-1
56,44,490.35,215.90,67.38,29.19,0.89,4,-1,-1
56,45,459.81,335.55,42.75,54.84,0.99,7,-1,-1
56,51,604.79,265.39,15.55,30.13,0.92,2,-1,-1
56,53,470.25,248.95,76.80,36.85,0.99,4,-1,-1
56,56,543.28,345.60,21.02,46.58,0.99,10,-1,-1
56,60,606.34,226.44,81.32,37.19,0.98,4,-1,-1
56,66,432.36,466.40,89.95,72.30,0.76,4,-1,-1
56,39,428.87,248.13,20.43,26.60,0.23,10,-1,-1
56,78,201.25,261.52,93.28,38.19,0.99,4,-1,-1
56,84,160.87,512.46,34.35,28.49,0.35,2,-1,-1
56,98,455.01,197.85,14.76,21.22,0.53,10,-1,-1
56,105,390.98,284.24,29.29,25.43,0.94,10,-1,-1
56,114,330.63,247.05,26.33,27.42,0.88,10,-1,-1
56,129,95.08,287.48,79.63,37.42,0.99,7,-1,-1
56,130,95.65,268.51,32.56,30.63,0.86,10,-1,-1
56,7,202.94,298.81,17.37,37.81,0.65,1,-1,-1
56,137,218.82,176.71,14.77,20.33,0.35,10,-1,-1
56,32,385.40,153.87,27.04,21.15,0.42,5,-1,-1
56,141,673.23,334.02,16.80,40.70,0.68,2,-1,-1
56,106,398.48,275.01,15.70,29.25,0.73,2,-1,-1
56,136,79.85,215.31,17.00,24.85,0.44,10,-1,-1
56,38,374.59,167.16,14.33,19.64,0.63,10,-1,-1
56,147,845.52,505.11,26.19,33.65,0.72,1,-1,-1
56,43,465.07,230.79,28.19,25.12,0.62,1,-1,-1
56,150,568.53,487.34,99.55,51.83,0.95,4,-1,-1
56,37,306.20,285.66,18.51,32.29,0.21,2,-1,-1
56,33,291.38,238.90,37.11,22.57,0.72,10,-1,-1
56,49,545.01,202.82,42.68,29.03,0.80,5,-1,-1
56,55,599.01,329.81,43.72,59.19,0.90,8,-1,-1
56,20,399.38,255.44,19.64,29.24,0.26,2,-1,-1
56,133,811.32,496.21,34.52,36.97,0.65,2,-1,-1
56,153,698.94,229.29,31.84,23.01,0.71,7,-1,-1
56,140,440.97,295.97,15.34,28.21,0.49,2,-1,-1
56,23,537.73,264.34,18.30,26.86,0.66,2,-1,-1
56,25,333.35,247.93,28.75,28.55,0.61,10,-1,-1
56,120,137.36,282.92,20.61,29.06,0.89,2,-1,-1
56,152,672.73,334.60,18.08,40.35,0.62,2,-1,-1
56,121,246.48,117.24,12.07,17.58,0.53,10,-1,-1
56,144,117.62,283.25,19.85,28.57,0.56,2,-1,-1
57,1,-1.39,199.82,61.43,29.48,0.83,4,-1,-1
57,2,275.06,308.53,68.89,35.71,0.98,7,-1,-1
57,4,59.62,181.67,52.66,26.14,0.86,4,-1,-1
57,8,123.19,183.03,35.23,24.98,0.99,4,-1,-1
57,9,125.11,229.57,21.77,31.38,0.95,10,-1,-1
57,10,335.24,272.02,30.82,25.79,0.78,10,-1,-1
57,11,144.32,230.24,17.51,29.69,0.98,10,-1,-1
57,13,446.99,305.40,34.32,24.21,0.98,10,-1,-1
57,14,450.34,291.05,18.11,31.33,0.95,2,-1,-1
57,15,195.38,223.18,18.20,28.02,0.83,10,-1,-1
57,16,237.85,181.40,30.51,28.79,0.91,4,-1,-1
57,17,245.57,167.54,25.68,23.54,0.90,4,-1,-1
57,19,391.00,261.29,36.87,27.26,0.88,10,-1,-1
57,21,534.33,271.48,32.92,23.71,0.61,10,-1,-1
57,22,283.81,149.40,23.36,21.96,0.96,4,-1,-1
57,24,346.08,163.45,13.82,20.92,0.94,10,-1,-1
57,26,325.13,458.91,78.91,80.11,0.98,4,-1,-1
57,27,357.34,195.18,50.30,25.49,0.99,4,-1,-1
57,28,356.06,151.56,12.82,18.47,0.91,10,-1,-1
57,30,157.58,520.31,35.36,19.48,0.14,2,-1,-1
57,31,394.07,210.30,18.14,22.81,0.80,10,-1,-1
57,34,295.56,291.50,30.93,27.50,0.45,10,-1,-1
57,35,411.63,183.61,22.33,24.40,0.96,4,-1,-1
57,36,276.38,246.40,37.98,23.72,0.68,10,-1,-1
57,41,429.95,241.44,16.20,30.29,0.52,2,-1,-1
57,42,418.60,230.97,27.84,23.16,0.69,10,-1,-1
57,44,488.97,215.70,67.87,28.84,0.89,4,-1,-1
57,45,459.69,335.34,42.69,54.38,0.98,7,-1,-1
57,51,607.01,264.93,14.83,30.29,0.94,2,-1,-1
57,53,468.08,249.26,76.58,36.85,0.99,4,-1,-1
57,56,542.60,344.96,21.00,44.80,0.98,10,-1,-1
57,60,603.86,226.20,81.86,37.14,0.99,4,-1,-1
57,66,432.10,465.78,89.86,72.93,0.76,4,-1,-1
57,78,203.91,260.74,93.63,38.38,1.00,4,-1,-1
57,98,454.79,197.24,14.97,21.52,0.75,10,-1,-1
57,105,387.27,284.20,29.90,26.34,0.95,10,-1,-1
57,114,327.14,247.14,29.72,25.14,0.94,10,-1,-1
57,129,100.59,287.29,78.78,36.83,0.99,7,-1,-1
57,130,99.71,269.94,33.24,29.47,0.88,10,-1,-1
57,7,204.51,298.19,17.63,37.64,0.49,1,-1,-1
57,32,385.34,152.95,26.68,21.53,0.18,5,-1,-1
57,141,670.56,333.44,18.39,42.25,0.53,2,-1,-1
57,106,395.42,275.75,16.49,29.31,0.63,2,-1,-1
57,136,80.29,215.41,16.34,24.38,0.27,10,-1,-1
57,38,373.61,166.67,14.41,19.24,0.75,10,-1,-1
57,147,843.14,504.11,27.29,34.95,0.79,1,-1,-1
57,43,464.17,230.30,28.86,25.59,0.57,1,-1,-1
57,150,566.22,483.18,98.84,56.09,0.96,4,-1,-1
57,33,291.01,238.27,35.78,22.53,0.79,10,-1,-1
57,49,544.84,202.66,41.92,29.14,0.76,5,-1,-1
57,55,598.94,329.62,43.49,59.04,0.83,8,-1,-1
57,20,399.85,254.99,18.47,28.97,0.15,2,-1,-1
57,133,811.78,495.40,33.23,39.65,0.22,2,-1,-1
57,153,696.44,229.07,34.15,23.35,0.64,7,-1,-1
57,140,445.81,295.92,15.19,29.16,0.41,2,-1,-1
57,23,541.85,263.68,17.80,27.83,0.68,2,-1,-1
57,120,142.57,281.94,20.70,29.25,0.92,2,-1,-1
57,152,670.40,334.13,18.94,41.57,0.56,1,-1,-1
57,121,246.51,117.32,12.05,18.03,0.47,10,-1,-1
57,144,122.83,282.72,20.16,28.23,0.72,2,-1,-1
57,154,101.02,266.99,28.02,28.93,0.65,10,-1,-1
57,95,463.61,331.50,23.45,34.94,0.54,2,-1,-1
58,1,-0.26,199.68,59.65,29.33,0.84,4,-1,-1
58,2,280.05,307.29,68.67,35.60,0.97,7,-1,-1
58,4,60.03,181.64,52.27,25.98,0.86,4,-1,-1
58,8,123.29,182.79,35.19,25.00,0.98,4,-1,-1
58,9,125.27,229.11,21.93,31.56,0.92,10,-1,-1
58,10,337.76,271.57,30.75,26.47,0.68,10,-1,-1
58,11,144.27,230.06,18.02,29.76,0.96,10,-1,-1
58,13,451.09,305.23,35.11,24.13,0.95,10,-1,-1
58,14,454.35,290.93,18.50,32.12,0.87,2,-1,-1
58,15,195.97,223.38,17.52,27.63,0.82,10,-1,-1
58,16,238.25,181.06,30.46,28.87,0.88,4,-1,-1
58,17,245.65,167.30,25.64,23.48,0.87,4,-1,-1
58,19,390.77,260.07,38.02,28.05,0.89,10,-1,-1
58,21,539.16,270.61,32.20,24.15,0.40,10,-1,-1
58,22,283.60,149.70,23.66,22.25,0.92,4,-1,-1
58,24,346.33,162.64,13.82,21.39,0.92,10,-1,-1
58,26,325.13,458.24,78.90,80.76,0.98,4,-1,-1
58,27,357.75,194.65,49.97,25.96,0.99,4,-1,-1
58,28,356.36,151.12,12.69,18.54,0.90,10,-1,-1
58,31,394.12,209.64,18.08,23.23,0.68,10,-1,-1
58,34,293.43,293.13,30.58,25.50,0.51,10,-1,-1
58,35,411.45,183.31,22.33,24.59,0.97,4,-1,-1
58,36,272.49,245.70,38.58,24.31,0.62,10,-1,-1
58,41,429.68,240.83,16.27,29.84,0.50,2,-1,-1
58,42,415.57,230.80,28.91,23.61,0.81,10,-1,-1
58,44,488.69,215.34,67.65,28.70,0.93,4,-1,-1
58,45,459.29,335.09,43.08,54.20,0.99,7,-1,-1
58,51,608.40,264.28,15.16,29.75,0.88,2,-1,-1
58,53,465.59,249.47,77.29,37.24,0.99,4,-1,-1
58,56,542.41,341.59,21.01,45.75,0.98,10,-1,-1
58,60,601.25,226.01,83.43,37.31,0.99,4,-1,-1
58,66,432.25,464.77,89.02,73.93,0.78,4,-1,-1
58,78,207.29,260.18,93.36,38.25,1.00,4,-1,-1
58,98,454.35,197.04,15.04,21.03,0.79,10,-1,-1
58,105,383.45,284.37,30.52,26.87,0.93,10,-1,-1
58,114,324.19,245.92,27.54,25.62,0.95,10,-1,-1
58,129,105.83,286.57,78.15,36.91,0.98,7,-1,-1
58,130,103.56,268.27,31.44,29.24,0.87,10,-1,-1
58,7,205.39,298.09,18.32,37.47,0.34,1,-1,-1
58,32,384.56,153.22,26.94,20.98,0.23,5,-1,-1
58,106,391.05,277.29,17.16,28.53,0.54,2,-1,-1
58,136,80.52,215.38,16.58,23.99,0.43,10,-1,-1
58,38,373.29,165.93,14.04,18.88,0.79,10,-1,-1
58,147,842.27,503.12,27.70,35.41,0.68,1,-1,-1
58,43,463.29,230.03,28.31,25.57,0.47,1,-1,-1
58,150,564.25,478.93,98.19,60.33,0.96,4,-1,-1
58,33,290.92,237.65,33.36,22.91,0.87,10,-1,-1
58,49,544.60,202.20,42.04,29.38,0.78,5,-1,-1
58,55,598.34,329.15,44.00,58.99,0.82,8,-1,-1
58,153,693.98,228.55,35.73,23.69,0.55,7,-1,-1
58,140,450.08,294.93,15.52,30.50,0.21,2,-1,-1
58,23,545.65,262.76,18.00,28.97,0.58,2,-1,-1
58,120,147.53,280.92,20.48,30.41,0.85,2,-1,-1
58,144,127.93,281.75,19.86,28.32,0.48,2,-1,-1
58,95,463.37,331.41,23.91,35.77,0.23,2,-1,-1
58,85,561.72,215.47,13.86,29.73,0.56,2,-1,-1
59,1,0.15,199.49,59.17,29.28,0.87,4,-1,-1
59,2,285.29,306.63,68.20,35.17,0.70,7,-1,-1
59,4,60.33,181.59,51.65,25.93,0.87,4,-1,-1
59,8,123.31,182.57,35.33,25.21,0.99,4,-1,-1
59,9,125.65,228.71,21.90,31.63,0.87,10,-1,-1
59,10,339.74,271.20,30.72,26.72,0.62,10,-1,-1
59,11,144.34,229.76,18.06,29.99,0.96,10,-1,-1
59,13,455.19,305.96,35.01,23.31,0.90,10,-1,-1
59,14,459.80,291.19,17.46,31.92,0.65,2,-1,-1
59,15,195.83,223.23,17.86,27.68,0.72,10,-1,-1
59,16,238.35,180.80,30.44,28.91,0.83,4,-1,-1
59,17,245.72,167.18,25.43,23.66,0.73,4,-1,-1
59,19,391.39,260.47,38.07,27.57,0.79,10,-1,-1
59,21,543.15,270.20,31.93,23.34,0.55,10,-1,-1
59,22,283.77,150.13,23.38,22.11,0.95,4,-1,-1
59,24,346.16,161.75,13.83,21.77,0.91,10,-1,-1
59,26,325.27,457.42,78.11,81.78,0.99,4,-1,-1
59,27,358.24,194.14,49.46,26.14,1.00,4,-1,-1
59,28,356.22,150.40,13.05,18.62,0.87,10,-1,-1
59,31,393.89,209.38,18.46,23.20,0.79,10,-1,-1
59,34,291.76,293.62,29.52,24.25,0.58,3,-1,-1
59,35,411.53,183.38,21.93,24.27,0.96,4,-1,-1
59,36,269.58,246.01,37.41,24.15,0.59,10,-1,-1
59,41,429.93,240.50,15.51,29.46,0.55,2,-1,-1
59,42,413.48,231.02,32.06,24.16,0.58,10,-1,-1
59,44,487.57,215.41,67.56,28.25,0.95,4,-1,-1
59,45,459.30,335.02,42.44,53.75,0.99,7,-1,-1
59,51,610.23,263.78,15.48,29.56,0.84,2,-1,-1
59,53,463.31,249.83,77.17,36.99,1.00,4,-1,-1
59,56,541.72,339.83,21.01,45.31,0.99,10,-1,-1
59,60,599.51,226.33,81.27,36.78,1.00,4,-1,-1
59,66,432.05,464.01,88.30,74.69,0.76,4,-1,-1
59,78,212.23,259.87,91.08,37.62,0.99,4,-1,-1
59,98,453.97,196.48,14.67,21.05,0.73,10,-1,-1
59,105,380.28,285.38,30.35,26.68,0.96,10,-1,-1
59,114,320.96,245.68,28.96,25.79,0.93,10,-1,-1
59,129,111.03,285.39,77.82,37.05,0.99,7,-1,-1
59,130,107.28,268.64,32.61,28.76,0.63,10,-1,-1
59,7,206.49,297.74,18.38,37.51,0.36,1,-1,-1
59,32,383.43,152.96,27.44,20.62,0.23,5,-1,-1
59,106,387.66,277.75,17.03,29.62,0.78,2,-1,-1
59,136,80.98,215.24,16.18,23.85,0.64,10,-1,-1
59,38,372.75,165.06,14.31,19.54,0.56,10,-1,-1
59,147,841.95,502.23,27.05,35.16,0.68,1,-1,-1
59,43,462.54,230.23,28.47,25.37,0.33,1,-1,-1
59,150,562.33,474.88,99.22,64.22,0.95,4,-1,-1
59,33,290.35,237.21,32.22,23.07,0.85,10,-1,-1
59,49,544.27,202.03,42.09,29.28,0.61,5,-1,-1
59,55,598.87,328.19,42.60,54.99,0.74,8,-1,-1
59,153,691.49,228.39,37.95,24.02,0.67,7,-1,-1
59,140,454.84,295.42,15.25,31.50,0.29,2,-1,-1
59,23,549.86,262.03,17.67,29.02,0.48,2,-1,-1
59,120,152.27,280.04,20.45,29.96,0.63,2,-1,-1
59,144,133.39,280.98,19.44,28.16,0.23,2,-1,-1
59,85,561.64,215.23,13.43,30.09,0.69,2,-1,-1
59,155,672.59,229.47,31.34,22.90,0.63,10,-1,-1
59,67,658.19,250.42,29.95,22.62,0.66,10,-1,-1
59,25,340.10,252.49,33.99,31.15,0.58,10,-1,-1
60,1,1.10,199.99,58.32,28.66,0.83,4,-1,-1
60,2,288.40,305.74,69.94,35.10,0.76,7,-1,-1
60,4,60.70,181.33,51.62,25.91,0.81,4,-1,-1
60,8,123.63,182.54,34.59,25.09,0.98,4,-1,-1
60,9,125.62,228.61,22.18,31.26,0.94,10,-1,-1
60,10,341.80,270.41,30.72,27.41,0.73,10,-1,-1
60,11,144.44,229.50,18.32,30.08,0.96,10,-1,-1
60,13,459.78,304.86,34.98,24.20,0.92,10,-1,-1
60,14,463.92,291.22,17.46,31.54,0.57,2,-1,-1
60,15,195.61,222.32,18.19,28.30,0.71,10,-1,-1
60,16,238.30,180.55,30.63,28.92,0.88,4,-1,-1
60,17,245.77,167.28,25.15,22.94,0.92,4,-1,-1
60,19,391.43,258.72,38.87,29.33,0.92,10,-1,-1
60,21,552.93,263.44,22.19,26.64,0.58,2,-1,-1
60,22,283.66,150.26,23.67,22.40,0.90,4,-1,-1
60,24,346.31,162.05,13.83,20.92,0.84,10,-1,-1
60,26,325.37,456.56,77.82,82.53,0.99,4,-1,-1
60,27,358.83,193.69,49.29,26.80,0.98,4,-1,-1
60,28,356.39,149.74,12.79,18.50,0.80,10,-1,-1
60,31,393.44,209.12,19.00,22.99,0.81,10,-1,-1
60,34,287.68,295.26,31.08,26.91,0.92,10,-1,-1
60,35,411.79,183.53,21.78,23.95,0.96,4,-1,-1
60,36,267.43,244.65,36.96,23.68,0.52,10,-1,-1
60,41,430.08,239.22,16.01,30.12,0.24,2,-1,-1
60,42,410.83,230.65,32.47,24.37,0.84,10,-1,-1
60,44,487.78,215.26,67.13,28.48,0.97,4,-1,-1
60,45,458.95,334.04,42.60,54.39,1.00,7,-1,-1
60,51,611.89,262.63,15.40,30.09,0.83,2,-1,-1
60,53,460.78,249.78,77.52,37.87,1.00,4,-1,-1
60,56,541.92,337.09,20.62,45.56,0.98,10,-1,-1
60,60,597.40,226.58,80.01,36.17,0.99,4,-1,-1
60,66,432.03,463.18,88.04,75.73,0.83,4,-1,-1
60,78,215.35,259.31,91.05,37.58,0.99,4,-1,-1
60,98,453.48,195.51,13.73,21.46,0.62,10,-1,-1
60,105,377.04,285.77,31.07,27.19,0.97,10,-1,-1
60,114,317.71,243.12,29.86,28.26,0.77,10,-1,-1
60,129,116.01,285.22,77.50,36.71,0.95,7,-1,-1
60,130,110.86,269.13,31.08,26.97,0.62,10,-1,-1
60,7,207.77,297.07,19.20,37.72,0.20,1,-1,-1
60,32,383.24,152.79,26.84,19.89,0.39,4,-1,-1
60,106,384.73,277.83,17.36,29.83,0.45,2,-1,-1
60,136,81.02,215.53,16.62,23.60,0.57,10,-1,-1
60,38,372.39,164.19,14.01,19.59,0.52,10,-1,-1
60,147,841.53,501.33,26.79,33.05,0.67,1,-1,-1
60,43,461.90,229.93,30.48,25.10,0.40,1,-1,-1
60,150,560.52,471.10,101.24,67.95,0.98,4,-1,-1
60,33,286.89,237.18,32.72,23.52,0.84,10,-1,-1
60,49,544.18,201.69,42.11,29.44,0.95,5,-1,-1
60,55,599.12,327.64,41.27,52.65,0.82,8,-1,-1
60,153,690.68,229.29,37.10,23.08,0.91,7,-1,-1
60,23,554.70,261.11,17.55,28.44,0.78,2,-1,-1
60,120,157.18,279.29,20.45,29.88,0.81,2,-1,-1
60,144,138.32,279.76,19.29,28.61,0.42,2,-1,-1
60,85,561.63,215.36,13.29,28.67,0.64,2,-1,-1
60,155,671.53,229.66,29.40,22.65,0.93,10,-1,-1
60,67,660.41,251.15,31.07,22.78,0.77,2,-1,-1
60,25,344.10,254.92,33.65,28.37,0.85,10,-1,-1
60,156,842.54,502.33,26.52,30.74,0.63,2,-1,-1
61,1,0.35,199.98,59.79,28.43,0.80,4,-1,-1
61,2,294.02,304.16,69.12,35.78,0.85,8,-1,-1
61,4,60.65,181.03,52.42,26.11,0.92,4,-1,-1
61,8,123.68,182.33,34.61,25.25,0.99,4,-1,-1
61,9,126.12,228.79,21.99,30.72,0.94,10,-1,-1
61,10,343.02,270.42,31.12,27.08,0.94,10,-1,-1
61,11,144.74,229.51,18.47,29.92,0.93,10,-1,-1
61,13,464.09,304.48,34.97,24.54,0.96,10,-1,-1
61,14,468.66,291.16,17.06,31.31,0.56,2,-1,-1
61,15,195.75,222.19,18.12,28.14,0.85,10,-1,-1
61,16,238.32,180.66,30.31,28.73,0.90,4,-1,-1
61,17,245.63,167.32,25.65,23.27,0.86,4,-1,-1
61,19,391.98,258.47,38.78,29.41,0.85,10,-1,-1
61,21,558.48,261.63,17.78,27.63,0.85,1,-1,-1
61,22,283.76,150.88,23.58,22.12,0.89,4,-1,-1
61,24,346.31,160.59,13.84,21.41,0.91,10,-1,-1
61,26,325.15,456.11,78.12,83.20,0.99,4,-1,-1
61,27,359.39,193.24,48.44,27.05,0.99,4,-1,-1
61,28,356.42,149.20,13.09,18.46,0.79,10,-1,-1
61,31,393.43,208.84,19.21,22.91,0.88,10,-1,-1
61,34,283.24,297.00,31.46,29.76,0.82,10,-1,-1
61,35,411.65,183.50,21.72,24.03,0.96,4,-1,-1
61,36,265.38,243.95,36.00,23.32,0.14,10,-1,-1
61,41,429.71,238.18,16.20,31.15,0.39,2,-1,-1
61,42,407.68,230.42,31.07,24.05,0.91,10,-1,-1
61,44,486.87,215.02,67.38,28.37,0.98,4,-1,-1
61,45,458.61,333.13,42.68,54.64,1.00,7,-1,-1
61,51,613.65,262.25,15.78,30.49,0.58,2,-1,-1
61,53,458.70,249.97,77.27,38.01,1.00,4,-1,-1
61,56,541.61,334.98,20.89,44.86,0.99,10,-1,-1
61,60,594.89,226.28,80.54,35.75,0.99,4,-1,-1
61,66,431.59,462.34,87.96,76.51,0.80,4,-1,-1
61,78,217.90,258.73,91.26,37.78,0.98,4,-1,-1
61,98,452.68,195.36,14.19,21.02,0.79,10,-1,-1
61,105,373.52,286.01,30.95,27.29,0.97,10,-1,-1
61,114,314.56,242.09,30.20,29.17,0.69,10,-1,-1
61,129,120.91,284.59,77.40,36.59,0.92,7,-1,-1
61,130,113.97,264.57,32.08,30.45,0.81,10,-1,-1
61,7,209.12,296.06,19.50,38.40,0.55,1,-1,-1
61,32,382.94,152.68,27.01,19.88,0.54,5,-1,-1
61,106,381.32,277.84,17.88,29.90,0.75,2,-1,-1
61,136,81.35,215.15,16.40,24.11,0.27,10,-1,-1
61,38,371.63,163.58,13.90,19.21,0.48,10,-1,-1
61,147,841.44,500.49,31.46,36.57,0.14,1,-1,-1
61,43,460.69,229.74,30.08,25.00,0.35,1,-1,-1
61,150,558.89,467.28,102.61,71.62,0.98,4,-1,-1
61,33,281.15,236.19,36.00,25.09,0.74,10,-1,-1
61,49,544.14,201.47,41.73,29.11,0.90,5,-1,-1
61,55,598.61,327.07,40.99,52.26,0.88,8,-1,-1
61,153,688.46,228.80,37.52,23.36,0.72,7,-1,-1
61,23,558.94,260.69,16.71,28.41,0.70,2,-1,-1
61,120,162.36,278.65,20.05,29.26,0.71,2,-1,-1
61,85,561.22,215.13,13.65,28.30,0.67,2,-1,-1
61,155,673.21,229.92,28.07,22.14,0.82,10,-1,-1
61,67,664.52,250.97,30.82,22.83,0.71,2,-1,-1
61,25,347.35,254.32,33.10,29.35,0.84,10,-1,-1
61,157,550.85,269.40,33.15,23.20,0.78,10,-1,-1
62,1,-0.29,199.73,60.98,28.54,0.78,4,-1,-1
62,2,298.69,304.63,68.68,34.56,0.82,7,-1,-1
62,4,61.01,180.68,52.71,26.18,0.89,4,-1,-1
62,8,124.11,182.22,34.36,25.10,0.99,4,-1,-1
62,9,126.49,228.62,22.30,30.51,0.94,10,-1,-1
62,10,344.59,270.59,31.66,26.94,0.83,10,-1,-1
62,11,145.03,229.37,18.82,29.45,0.84,10,-1,-1
62,13,468.91,304.40,34.56,24.96,0.97,10,-1,-1
62,14,473.45,291.61,16.50,30.71,0.50,2,-1,-1
62,15,195.66,222.10,18.68,27.87,0.75,10,-1,-1
62,16,238.38,180.77,30.58,28.65,0.92,4,-1,-1
62,17,245.82,167.21,25.63,22.80,0.88,4,-1,-1
62,19,393.16,259.73,37.93,27.67,0.83,10,-1,-1
62,21,562.76,260.34,13.85,27.82,0.34,10,-1,-1
62,22,283.84,151.33,23.73,22.05,0.86,4,-1,-1
62,24,346.53,159.96,13.84,21.38,0.86,10,-1,-1
62,26,325.09,455.47,78.21,83.81,0.99,4,-1,-1
62,27,359.60,193.15,48.13,26.75,0.99,4,-1,-1
62,28,356.45,148.61,12.80,18.04,0.67,10,-1,-1
62,31,393.44,208.62,19.28,22.88,0.89,10,-1,-1
62,34,279.97,299.23,32.27,30.01,0.86,10,-1,-1
62,35,411.61,183.27,22.09,24.26,0.96,4,-1,-1
62,36,267.60,240.23,39.67,24.19,0.50,10,-1,-1
62,41,429.19,237.47,17.05,31.92,0.64,2,-1,-1
62,42,405.96,230.70,28.90,23.33,0.95,10,-1,-1
62,44,486.52,215.12,67.45,28.13,0.99,4,-1,-1
62,45,458.47,333.15,42.69,53.94,1.00,7,-1,-1
62,51,615.78,261.62,15.12,30.84,0.53,2,-1,-1
62,53,456.81,250.20,77.16,38.45,1.00,4,-1,-1
62,56,541.47,333.03,20.98,44.60,0.99,10,-1,-1
62,60,593.00,225.76,79.72,36.19,0.99,4,-1,-1
62,66,431.22,461.57,88.71,77.17,0.76,4,-1,-1
62,78,220.75,257.98,91.94,37.86,1.00,4,-1,-1
62,98,452.00,194.61,14.35,21.45,0.80,10,-1,-1
62,105,370.13,286.83,31.27,27.12,0.96,10,-1,-1
62,114,311.91,243.69,29.52,27.77,0.43,10,-1,-1
62,129,126.07,283.42,76.70,37.25,0.93,7,-1,-1
62,130,117.96,267.59,33.61,27.38,0.79,10,-1,-1
62,7,211.11,295.63,19.22,38.25,0.33,1,-1,-1
62,32,382.66,152.49,26.67,19.83,0.20,5,-1,-1
62,106,378.75,278.08,16.51,28.93,0.52,2,-1,-1
62,136,81.70,215.06,16.10,23.51,0.35,10,-1,-1
62,38,370.99,163.37,14.25,19.06,0.64,10,-1,-1
62,147,841.24,499.73,27.91,38.59,0.21,1,-1,-1
62,43,459.84,230.06,29.49,24.37,0.39,1,-1,-1
62,150,556.90,463.31,104.90,75.62,0.98,4,-1,-1
62,33,279.56,236.37,35.37,25.09,0.88,10,-1,-1
62,49,544.10,201.78,41.58,28.38,0.96,5,-1,-1
62,55,598.17,325.83,41.48,52.94,0.85,8,-1,-1
62,153,683.20,228.31,41.68,23.67,0.60,7,-1,-1
62,120,166.96,278.08,20.10,29.22,0.27,2,-1,-1
62,85,561.03,214.95,13.38,27.55,0.58,2,-1,-1
62,155,674.23,230.51,25.72,20.78,0.77,10,-1,-1
62,67,668.68,251.00,29.91,22.25,0.78,2,-1,-1
62,25,349.94,253.28,32.46,30.07,0.81,10,-1,-1
62,158,118.88,263.67,28.93,29.53,0.71,10,-1,-1
62,159,555.67,242.13,24.71,28.63,0.89,10,-1,-1
62,160,679.22,221.79,14.46,25.92,0.77,2,-1,-1
63,1,0.57,199.93,60.31,28.39,0.50,4,-1,-1
63,2,303.26,304.72,67.94,33.68,0.71,7,-1,-1
63,4,60.84,180.82,52.54,25.81,0.74,4,-1,-1
63,8,124.13,182.34,34.28,24.85,0.99,4,-1,-1
63,9,126.78,228.53,22.13,30.44,0.93,10,-1,-1
63,10,346.89,268.55,35.41,29.07,0.76,10,-1,-1
63,11,145.19,229.10,19.15,29.48,0.83,10,-1,-1
63,13,473.58,304.82,34.41,24.52,0.98,10,-1,-1
63,14,478.51,291.74,16.31,31.00,0.78,2,-1,-1
63,15,195.80,222.34,18.70,27.17,0.53,10,-1,-1
63,16,238.47,180.97,30.29,28.23,0.94,4,-1,-1
63,17,245.87,167.12,25.63,23.83,0.76,4,-1,-1
63,19,394.01,258.51,38.00,28.56,0.89,10,-1,-1
63,21,565.99,258.17,13.43,30.02,0.26,10,-1,-1
63,22,283.95,151.53,23.80,22.22,0.81,4,-1,-1
63,24,346.60,158.99,14.24,21.38,0.90,10,-1,-1
63,26,325.09,454.76,78.28,84.42,0.99,4,-1,-1
63,27,359.87,192.97,47.24,26.82,0.99,4,-1,-1
63,28,356.46,147.90,13.09,18.24,0.77,10,-1,-1
63,31,393.66,208.09,18.92,23.08,0.80,10,-1,-1
63,34,276.95,301.16,32.09,29.52,0.88,10,-1,-1
63,35,411.80,183.02,21.84,24.15,0.98,4,-1,-1
63,41,429.02,237.46,17.38,31.44,0.62,2,-1,-1
63,42,404.63,229.66,27.67,24.05,0.95,10,-1,-1
63,44,486.44,215.10,66.70,27.84,0.99,4,-1,-1
63,45,458.47,333.45,42.72,53.68,1.00,7,-1,-1
63,51,617.20,261.23,14.67,29.79,0.42,2,-1,-1
63,53,454.82,250.12,77.13,39.20,0.99,4,-1,-1
63,56,541.70,331.85,20.63,43.72,0.98,10,-1,-1
63,60,590.64,225.89,78.82,36.56,0.99,4,-1,-1
63,66,430.93,461.19,88.22,77.40,0.73,4,-1,-1
63,78,223.86,257.69,92.02,37.69,1.00,4,-1,-1
63,98,451.20,193.79,14.82,21.61,0.71,10,-1,-1
63,105,366.80,287.27,31.01,27.35,0.87,10,-1,-1
63,129,131.33,283.39,76.52,36.41,0.95,7,-1,-1
63,130,121.34,267.97,32.74,26.08,0.86,10,-1,-1
63,7,213.38,295.26,18.91,38.10,0.36,1,-1,-1
63,32,381.77,152.45,27.35,19.61,0.39,5,-1,-1
63,106,375.95,279.00,15.96,28.75,0.42,2,-1,-1
63,136,81.88,214.80,16.20,23.68,0.28,10,-1,-1
63,38,370.37,162.65,14.39,19.01,0.70,10,-1,-1
63,147,839.80,498.76,27.88,39.75,0.25,1,-1,-1
63,43,458.58,229.82,29.25,24.34,0.54,1,-1,-1
63,150,555.09,459.63,104.99,79.40,0.98,4,-1,-1
63,33,277.69,238.19,35.29,24.10,0.78,10,-1,-1
63,49,543.73,201.93,41.94,27.91,0.97,5,-1,-1
63,55,597.88,326.23,41.09,51.61,0.76,8,-1,-1
63,153,685.20,228.55,37.05,22.76,0.35,7,-1,-1
63,120,171.57,277.78,20.53,28.61,0.46,2,-1,-1
63,85,561.02,214.91,13.28,26.87,0.61,2,-1,-1
63,155,675.49,230.70,24.16,20.17,0.71,10,-1,-1
63,67,671.84,251.25,31.07,22.03,0.76,2,-1,-1
63,25,352.25,251.85,31.82,33.69,0.78,10,-1,-1
63,159,552.47,241.47,23.74,28.14,0.90,10,-1,-1
63,160,679.60,221.86,13.50,25.43,0.75,2,-1,-1
64,1,1.37,199.88,59.35,28.13,0.80,4,-1,-1
64,2,307.88,304.89,67.58,33.26,0.95,7,-1,-1
64,4,60.90,180.56,52.45,26.07,0.83,4,-1,-1
64,8,124.35,182.28,34.10,24.76,0.99,4,-1,-1
64,9,126.95,228.39,21.96,30.62,0.94,10,-1,-1
64,10,348.28,267.41,34.16,29.67,0.86,10,-1,-1
64,11,145.23,229.09,19.47,29.70,0.93,10,-1,-1
64,13,478.15,305.59,34.36,24.16,0.96,10,-1,-1
64,14,482.41,291.69,16.64,30.81,0.66,2,-1,-1
64,15,195.82,222.23,19.10,27.11,0.47,10,-1,-1
64,16,238.39,181.24,30.58,28.07,0.92,4,-1,-1
64,17,245.97,167.27,25.82,24.21,0.70,4,-1,-1
64,19,395.28,258.95,37.63,28.11,0.39,10,-1,-1
64,21,570.43,258.70,13.32,28.95,0.47,10,-1,-1
64,22,284.08,151.93,24.02,22.24,0.84,4,-1,-1
64,24,346.80,158.64,14.00,20.98,0.92,10,-1,-1
64,26,325.07,454.33,78.30,85.03,1.00,4,-1,-1
64,27,360.54,192.61,46.53,27.05,0.99,4,-1,-1
64,28,356.45,147.49,13.20,18.17,0.67,10,-1,-1
64,31,393.54,207.70,19.17,23.15,0.71,10,-1,-1
64,34,274.19,302.47,32.11,29.71,0.64,10,-1,-1
64,35,411.87,183.02,21.75,24.11,0.98,4,-1,-1
64,41,428.76,237.38,17.11,31.04,0.61,2,-1,-1
64,42,401.98,229.96,29.68,23.92,0.96,10,-1,-1
64,44,487.03,215.00,66.02,27.94,0.98,4,-1,-1
64,45,458.47,332.79,42.73,54.00,1.00,7,-1,-1
64,51,618.87,260.73,14.50,28.38,0.34,2,-1,-1
64,53,452.76,250.19,77.13,39.87,1.00,4,-1,-1
64,56,541.81,330.10,20.10,43.00,0.99,10,-1,-1
64,60,588.65,225.75,78.49,36.50,0.99,4,-1,-1
64,66,431.21,460.49,87.25,78.26,0.86,4,-1,-1
64,78,227.85,257.70,90.08,37.04,0.99,4,-1,-1
64,98,450.51,192.90,14.99,21.68,0.40,10,-1,-1
64,105,361.88,286.73,32.87,28.52,0.93,10,-1,-1
64,129,136.38,282.30,76.46,36.60,0.93,7,-1,-1
64,130,124.77,266.56,30.88,26.05,0.88,10,-1,-1
64,7,215.65,295.04,18.19,38.73,0.31,1,-1,-1
64,32,381.64,152.48,27.21,19.29,0.15,5,-1,-1
64,106,371.38,279.72,16.56,29.98,0.18,2,-1,-1
64,38,369.55,161.99,14.44,18.99,0.53,10,-1,-1
64,147,839.71,498.05,26.28,40.18,0.43,1,-1,-1
64,43,457.33,228.74,29.94,25.54,0.25,1,-1,-1
64,150,553.47,456.02,104.03,83.09,0.98,4,-1,-1
64,33,274.87,239.60,35.06,22.51,0.56,10,-1,-1
64,49,543.99,202.30,41.28,27.74,0.99,5,-1,-1
64,55,597.78,325.81,40.15,51.55,0.81,8,-1,-1
64,153,685.09,228.45,35.77,22.63,0.33,7,-1,-1
64,120,176.08,277.19,20.49,28.59,0.52,2,-1,-1
64,85,560.62,214.81,13.25,27.22,0.73,2,-1,-1
64,155,675.81,229.51,24.72,19.79,0.73,10,-1,-1
64,67,675.29,251.77,30.74,21.15,0.82,2,-1,-1
64,25,354.63,252.83,31.96,31.07,0.78,10,-1,-1
64,159,549.02,241.35,26.84,28.98,0.62,10,-1,-1
64,160,679.67,221.53,14.25,24.40,0.65,2,-1,-1
65,1,0.93,198.98,59.87,28.63,0.89,4,-1,-1
65,2,312.96,304.01,67.03,33.20,0.97,7,-1,-1
65,4,61.78,180.57,51.93,25.76,0.84,4,-1,-1
65,8,124.65,182.26,33.98,24.71,0.99,4,-1,-1
65,9,127.38,228.33,21.79,30.28,0.85,10,-1,-1
65,10,349.80,267.60,33.99,29.30,0.68,10,-1,-1
65,11,145.45,229.27,20.03,29.38,0.82,10,-1,-1
65,13,482.37,305.31,34.73,24.51,0.97,10,-1,-1
65,14,486.99,291.81,17.56,30.53,0.92,2,-1,-1
65,15,196.19,221.27,19.25,27.89,0.67,10,-1,-1
65,16,238.69,180.83,30.88,28.41,0.88,4,-1,-1
65,17,246.14,167.22,26.09,23.76,0.81,4,-1,-1
65,19,397.24,261.38,36.29,25.33,0.29,10,-1,-1
65,22,284.35,152.20,24.10,22.29,0.76,4,-1,-1
65,24,346.78,158.01,14.30,20.63,0.84,10,-1,-1
65,26,325.20,453.70,78.31,85.60,1.00,4,-1,-1
65,27,361.48,192.25,45.46,26.92,0.99,4,-1,-1
65,28,356.75,146.90,13.24,18.29,0.81,10,-1,-1
65,31,393.99,207.72,18.87,22.58,0.78,10,-1,-1
65,34,271.61,302.89,32.69,30.74,0.52,10,-1,-1
65,35,411.99,182.70,21.71,24.29,0.97,4,-1,-1
65,41,428.37,237.53,16.99,30.28,0.21,2,-1,-1
65,42,399.58,229.75,29.99,23.86,0.93,10,-1,-1
65,44,486.54,214.42,66.15,28.76,0.96,4,-1,-1
65,45,458.18,331.69,42.74,54.50,1.00,7,-1,-1
65,51,621.09,259.80,13.64,27.45,0.22,2,-1,-1
65,53,450.97,250.44,76.72,40.10,1.00,4,-1,-1
65,56,541.33,328.25,20.71,43.14,0.99,10,-1,-1
65,60,585.65,225.74,79.94,36.07,0.99,4,-1,-1
65,66,431.24,459.75,87.27,78.93,0.85,4,-1,-1
65,78,231.85,257.59,89.44,36.38,1.00,4,-1,-1
65,98,449.38,192.54,15.45,21.10,0.32,10,-1,-1
65,105,359.44,286.94,32.79,28.47,0.85,10,-1,-1
65,129,141.55,281.58,75.83,35.96,0.87,7,-1,-1
65,130,129.05,268.16,32.24,25.03,0.75,10,-1,-1
65,7,217.49,294.63,17.51,38.66,0.54,1,-1,-1
65,32,381.11,152.07,27.55,19.78,0.34,5,-1,-1
65,38,369.37,161.45,14.06,18.98,0.53,10,-1,-1
65,43,456.00,228.29,29.79,25.58,0.28,1,-1,-1
65,150,551.82,452.65,102.43,86.32,0.99,4,-1,-1
65,33,272.14,239.48,35.85,21.91,0.33,10,-1,-1
65,49,542.56,201.88,43.03,27.67,0.96,5,-1,-1
65,55,597.41,325.58,40.61,51.13,0.94,8,-1,-1
65,153,682.27,228.15,37.75,23.39,0.56,7,-1,-1
65,120,181.04,276.56,20.68,28.77,0.32,2,-1,-1
65,85,560.73,214.43,12.84,26.95,0.54,2,-1,-1
65,155,677.21,229.61,24.04,19.48,0.49,10,-1,-1
65,67,678.13,251.69,29.80,21.03,0.90,2,-1,-1
65,25,356.38,252.80,32.80,29.50,0.79,10,-1,-1
65,159,545.74,241.28,27.87,29.94,0.95,10,-1,-1
65,160,680.68,221.76,13.58,23.34,0.87,2,-1,-1
65,138,434.53,239.62,22.96,24.72,0.54,10,-1,-1
65,57,629.22,262.61,51.81,42.45,0.61,8,-1,-1
65,136,82.85,214.90,16.48,22.82,0.53,10,-1,-1
66,1,1.78,199.16,59.07,28.42,0.86,4,-1,-1
66,2,317.78,303.96,66.05,32.60,0.98,7,-1,-1
66,4,61.74,180.40,51.94,25.85,0.87,4,-1,-1
66,8,124.86,182.07,33.80,24.70,0.99,4,-1,-1
66,9,127.34,227.95,22.03,30.76,0.88,10,-1,-1
66,10,351.38,267.46,31.55,28.36,0.64,10,-1,-1
66,11,145.84,229.18,19.61,29.46,0.94,10,-1,-1
66,13,486.71,305.66,34.09,24.25,0.98,10,-1,-1
66,14,490.28,291.42,17.52,29.94,0.87,2,-1,-1
66,15,195.99,220.75,19.90,28.38,0.48,10,-1,-1
66,16,239.08,180.90,30.61,28.14,0.91,4,-1,-1
66,17,246.18,167.13,26.00,23.79,0.48,4,-1,-1
66,19,398.46,261.06,35.78,25.27,0.26,10,-1,-1
66,22,284.24,152.46,24.52,22.66,0.73,4,-1,-1
66,24,346.68,157.73,14.42,20.70,0.82,10,-1,-1
66,26,325.35,452.78,77.92,86.60,1.00,4,-1,-1
66,27,361.72,191.87,44.70,27.08,0.99,4,-1,-1
66,28,356.58,146.22,13.26,18.34,0.38,10,-1,-1
66,31,394.08,207.28,18.75,22.97,0.78,10,-1,-1
66,34,269.32,304.24,32.12,30.36,0.76,10,-1,-1
66,35,411.95,182.51,21.70,24.37,0.97,4,-1,-1
66,42,397.67,230.71,30.51,22.85,0.88,10,-1,-1
66,44,486.30,214.25,66.21,29.08,0.97,4,-1,-1
66,45,458.00,331.16,42.75,54.71,1.00,7,-1,-1
66,53,448.91,250.78,76.97,40.39,1.00,4,-1,-1
66,56,540.91,327.91,20.94,41.61,0.98,10,-1,-1
66,60,582.57,225.88,81.30,35.91,0.99,4,-1,-1
66,66,431.18,459.19,87.30,79.57,0.86,4,-1,-1
66,78,234.69,256.90,89.43,36.76,0.99,4,-1,-1
66,98,449.08,192.07,15.23,20.88,0.20,10,-1,-1
66,105,355.20,286.46,33.52,29.03,0.28,10,-1,-1
66,129,146.35,279.98,75.62,36.94,0.95,7,-1,-1
66,130,132.76,269.32,32.14,23.65,0.50,10,-1,-1
66,7,218.68,294.45,17.47,38.54,0.53,1,-1,-1
66,32,381.03,151.75,27.28,20.06,0.29,5,-1,-1
66,38,368.83,160.99,14.32,19.58,0.41,10,-1,-1
66,43,454.85,228.77,30.12,25.01,0.31,1,-1,-1
66,150,550.41,449.80,101.44,89.05,0.99,4,-1,-1
66,49,542.77,201.47,42.90,27.06,0.96,5,-1,-1
66,55,597.03,325.38,40.19,51.42,0.85,8,-1,-1
66,153,685.58,229.28,32.95,22.68,0.72,7,-1,-1
66,155,678.05,229.48,23.00,20.05,0.54,10,-1,-1
66,67,681.83,251.21,30.20,21.00,0.93,2,-1,-1
66,25,358.65,251.62,32.33,30.14,0.78,10,-1,-1
66,159,541.81,241.32,28.13,30.24,0.75,10,-1,-1
66,160,681.46,221.54,13.32,23.07,0.86,2,-1,-1
66,138,434.20,239.84,23.74,24.69,0.67,10,-1,-1
66,57,629.12,262.64,53.48,41.48,0.50,8,-1,-1
66,136,83.34,214.55,16.24,22.84,0.44,10,-1,-1
66,161,132.51,258.40,30.06,32.24,0.63,10,-1,-1
66,162,505.04,186.08,42.79,21.70,0.68,4,-1,-1
67,1,1.66,199.74,59.47,27.55,0.90,4,-1,-1
67,2,322.23,304.07,65.69,32.08,0.98,7,-1,-1
67,4,61.97,180.45,51.45,25.69,0.83,4,-1,-1
67,8,125.02,182.02,33.98,24.50,0.99,4,-1,-1
67,9,127.76,227.72,21.62,30.94,0.91,10,-1,-1
67,10,353.10,267.83,31.00,26.99,0.19,10,-1,-1
67,11,146.27,228.76,19.09,29.69,0.94,10,-1,-1
67,13,490.77,305.82,33.84,24.15,0.97,10,-1,-1
67,14,493.35,291.69,17.50,30.32,0.91,2,-1,-1
67,15,196.15,220.47,19.75,28.56,0.46,10,-1,-1
67,16,239.26,180.74,30.70,28.44,0.87,4,-1,-1
67,17,246.24,167.01,26.16,23.60,0.57,4,-1,-1
67,19,399.71,261.17,35.59,24.65,0.19,10,-1,-1
67,22,284.23,152.81,24.88,22.84,0.65,4,-1,-1
67,24,346.86,158.36,14.06,19.94,0.90,10,-1,-1
67,26,325.82,452.06,77.38,87.35,1.00,4,-1,-1
67,27,362.22,191.55,44.03,27.53,0.99,4,-1,-1
67,28,356.74,145.50,13.27,18.36,0.50,10,-1,-1
67,31,394.14,206.64,19.11,23.71,0.92,10,-1,-1
67,34,266.41,304.94,31.88,31.38,0.87,10,-1,-1
67,35,411.96,182.16,21.69,24.59,0.91,4,-1,-1
67,42,395.07,231.30,31.88,22.86,0.91,10,-1,-1
67,44,486.25,214.21,65.84,29.00,0.98,4,-1,-1
67,45,457.96,330.00,42.75,55.58,0.99,7,-1,-1
67,53,447.05,251.22,76.67,40.49,1.00,4,-1,-1
67,56,540.39,326.07,21.82,41.45,0.97,10,-1,-1
67,60,580.91,226.66,79.63,35.66,1.00,4,-1,-1
67,66,431.17,458.81,86.91,79.79,0.89,4,-1,-1
67,78,237.34,256.17,89.54,37.30,1.00,4,-1,-1
67,98,447.44,192.23,16.33,20.00,0.27,10,-1,-1
67,129,151.24,278.52,73.80,37.80,0.98,7,-1,-1
67,130,135.70,262.07,30.26,28.98,0.77,10,-1,-1
67,7,219.80,294.40,18.05,37.89,0.69,1,-1,-1
67,38,368.48,160.56,14.02,19.60,0.36,10,-1,-1
67,43,454.66,228.28,28.66,25.39,0.20,1,-1,-1
67,150,548.95,446.13,100.07,92.69,0.99,4,-1,-1
67,49,543.27,200.83,42.84,27.24,0.90,5,-1,-1
67,55,596.11,325.13,41.24,57.54,0.87,8,-1,-1
67,153,680.82,228.54,34.30,23.82,0.75,7,-1,-1
67,155,678.29,230.39,27.84,20.67,0.60,7,-1,-1
67,67,685.89,251.77,30.33,21.40,0.84,2,-1,-1
67,25,361.65,251.11,31.34,30.36,0.82,10,-1,-1
67,159,537.81,241.78,28.14,30.53,0.27,10,-1,-1
67,160,682.59,220.93,12.36,22.80,0.75,2,-1,-1
67,138,434.22,239.73,24.73,24.68,0.51,10,-1,-1
67,57,628.70,262.67,51.66,40.74,0.35,8,-1,-1
67,136,83.75,214.23,15.96,23.25,0.52,10,-1,-1
67,163,694.89,244.99,15.67,25.31,0.64,2,-1,-1
68,1,2.31,199.43,58.98,27.63,0.89,4,-1,-1
68,2,326.70,304.12,64.77,31.49,0.96,7,-1,-1
68,4,62.09,180.24,51.36,25.83,0.84,4,-1,-1
68,8,125.27,181.87,33.95,24.43,0.98,4,-1,-1
68,9,128.30,227.91,21.06,30.21,0.81,10,-1,-1
68,10,354.85,267.57,30.40,27.27,0.24,10,-1,-1
68,11,146.81,228.48,18.48,29.58,0.91,10,-1,-1
68,13,494.90,306.56,34.15,23.62,0.96,10,-1,-1
68,14,497.50,291.78,17.09,30.07,0.88,2,-1,-1
68,15,196.50,221.04,19.48,27.84,0.41,10,-1,-1
68,16,239.61,180.96,30.33,28.16,0.94,4,-1,-1
68,17,246.44,166.75,26.01,23.93,0.66,4,-1,-1
68,19,401.12,261.60,35.52,24.02,0.32,10,-1,-1
68,22,284.41,153.01,24.61,23.11,0.80,4,-1,-1
68,24,347.11,158.72,13.52,19.04,0.69,10,-1,-1
68,26,325.78,451.58,77.17,87.62,1.00,4,-1,-1
68,27,362.58,191.42,43.40,27.30,0.99,4,-1,-1
68,28,357.18,145.19,12.87,18.12,0.55,10,-1,-1
68,31,394.15,206.40,19.24,23.60,0.90,10,-1,-1
68,34,263.81,306.13,31.39,31.56,0.67,10,-1,-1
68,35,411.95,182.03,21.69,24.68,0.96,4,-1,-1
68,42,392.37,231.30,33.18,23.27,0.67,10,-1,-1
68,44,486.02,213.89,64.90,29.37,0.98,4,-1,-1
68,45,457.73,329.96,43.15,55.12,0.99,7,-1,-1
68,53,444.82,251.56,76.95,40.71,1.00,4,-1,-1
68,56,539.59,323.64,23.32,41.40,0.96,10,-1,-1
68,60,578.57,226.45,79.58,36.17,0.99,4,-1,-1
68,66,431.15,457.88,86.36,80.64,0.92,4,-1,-1
68,78,239.69,255.79,90.09,36.92,0.99,4,-1,-1
68,129,156.22,277.87,71.86,37.63,0.97,7,-1,-1
68,130,138.84,262.17,29.32,28.28,0.87,10,-1,-1
68,7,220.36,294.47,18.27,37.54,0.59,1,-1,-1
68,38,368.16,160.01,13.90,19.21,0.29,10,-1,-1
68,43,453.01,228.49,30.08,25.53,0.15,1,-1,-1
68,150,547.04,442.85,99.35,95.56,1.00,4,-1,-1
68,49,543.05,200.50,43.61,27.71,0.88,5,-1,-1
68,55,595.75,324.84,40.84,54.41,0.79,8,-1,-1
68,153,678.41,228.95,34.75,24.04,0.91,7,-1,-1
68,155,678.76,228.19,23.23,20.91,0.29,10,-1,-1
68,67,688.49,250.48,32.71,22.55,0.96,2,-1,-1
68,25,362.29,249.92,32.16,31.44,0.88,10,-1,-1
68,159,534.63,241.10,26.42,31.65,0.71,10,-1,-1
68,160,682.91,220.85,12.04,22.30,0.71,2,-1,-1
68,138,434.37,237.47,25.50,26.28,0.12,10,-1,-1
68,57,628.93,262.69,49.34,40.47,0.41,8,-1,-1
68,136,84.13,213.99,15.65,23.20,0.23,1,-1,-1
68,164,489.07,190.90,42.79,25.61,0.76,4,-1,-1
68,137,218.50,179.59,15.64,21.36,0.52,10,-1,-1
68,140,500.03,294.27,16.23,30.33,0.50,2,-1,-1
68,147,837.06,495.45,23.26,37.30,0.63,1,-1,-1
69,1,2.79,200.09,58.80,27.25,0.78,4,-1,-1
69,2,330.79,303.39,64.04,31.69,0.99,7,-1,-1
69,4,62.66,180.04,50.64,26.07,0.84,4,-1,-1
69,8,125.35,181.89,33.85,24.40,0.99,4,-1,-1
69,9,128.44,227.35,21.06,30.74,0.85,10,-1,-1
69,10,355.82,267.32,31.39,27.38,0.39,10,-1,-1
69,11,147.35,228.44,18.21,29.14,0.85,10,-1,-1
69,13,498.49,306.36,34.27,23.92,0.95,10,-1,-1
69,14,501.30,291.95,16.94,30.27,0.91,2,-1,-1
69,15,196.92,220.93,19.58,27.76,0.45,10,-1,-1
69,16,239.43,180.60,30.59,28.45,0.96,4,-1,-1
69,17,246.61,166.70,25.96,24.05,0.77,4,-1,-1
69,19,403.02,261.70,34.71,23.39,0.36,10,-1,-1
69,22,284.17,153.76,25.01,23.06,0.67,4,-1,-1
69,24,347.59,159.73,12.92,18.31,0.16,10,-1,-1
69,26,325.78,450.89,77.50,88.47,0.99,4,-1,-1
69,27,363.09,191.13,42.39,27.41,0.99,4,-1,-1
69,28,357.14,144.69,13.52,18.18,0.47,10,-1,-1
69,31,394.35,206.25,19.29,23.75,0.87,10,-1,-1
69,34,261.14,307.20,30.99,31.62,0.86,10,-1,-1
69,35,411.74,182.01,22.09,24.71,0.96,4,-1,-1
69,42,390.23,231.64,34.06,23.03,0.77,10,-1,-1
69,44,485.95,213.71,64.56,29.50,0.98,4,-1,-1
69,45,457.67,329.62,42.91,55.34,0.99,7,-1,-1
69,53,442.87,251.82,77.07,40.98,1.00,4,-1,-1
69,56,539.69,322.84,22.36,41.00,0.96,10,-1,-1
69,60,576.19,226.39,79.56,35.96,1.00,4,-1,-1
69,66,431.16,457.39,86.57,81.33,0.95,4,-1,-1
69,78,242.73,255.32,89.42,36.97,1.00,4,-1,-1
69,129,160.78,277.62,71.37,37.27,0.98,7,-1,-1
69,130,142.17,257.72,28.79,32.31,0.58,10,-1,-1
69,7,221.20,294.67,18.95,36.91,0.26,1,-1,-1
69,150,545.42,439.41,98.10,98.11,0.99,4,-1,-1
69,49,543.37,200.30,43.11,28.09,0.84,5,-1,-1
69,55,595.84,324.57,40.50,52.67,0.80,8,-1,-1
69,153,675.58,228.64,34.92,24.31,0.90,7,-1,-1
69,155,676.28,228.39,27.17,22.01,0.46,10,-1,-1
69,67,691.74,249.91,33.60,23.37,0.95,2,-1,-1
69,25,363.66,248.63,32.06,32.62,0.84,10,-1,-1
69,159,530.51,240.17,27.00,32.44,0.27,10,-1,-1
69,160,683.44,220.09,12.82,22.80,0.67,2,-1,-1
69,138,434.58,238.33,25.80,25.12,0.20,10,-1,-1
69,57,628.63,262.72,47.67,40.97,0.27,8,-1,-1
69,136,84.35,213.67,16.04,23.59,0.32,10,-1,-1
69,164,489.04,190.77,42.29,26.57,0.62,4,-1,-1
69,137,218.48,179.63,15.68,21.20,0.37,10,-1,-1
69,147,836.47,494.25,22.91,37.24,0.36,1,-1,-1
69,141,649.63,329.03,15.73,35.13,0.50,2,-1,-1
70,1,2.71,199.55,59.36,27.52,0.71,4,-1,-1
70,2,334.37,302.76,64.99,31.07,0.96,7,-1,-1
70,4,63.03,179.57,50.54,26.37,0.87,4,-1,-1
70,8,125.60,181.61,33.81,24.59,0.99,4,-1,-1
70,9,128.61,227.06,21.26,30.93,0.92,10,-1,-1
70,10,356.74,267.97,32.14,27.02,0.74,10,-1,-1
70,11,147.48,228.64,18.51,28.38,0.86,10,-1,-1
70,13,502.27,306.53,34.31,23.93,0.95,10,-1,-1
70,14,505.37,291.95,16.88,29.76,0.93,2,-1,-1
70,15,197.10,220.61,19.22,27.93,0.19,10,-1,-1
70,16,239.40,180.69,30.69,28.17,0.96,4,-1,-1
70,17,246.50,166.51,26.14,24.29,0.89,4,-1,-1
70,19,404.51,261.88,34.40,23.38,0.46,10,-1,-1
70,22,284.61,154.06,24.65,22.84,0.78,4,-1,-1
70,24,347.58,157.79,13.11,18.67,0.58,10,-1,-1
70,26,325.78,450.37,77.62,88.78,1.00,4,-1,-1
70,27,363.69,190.86,41.23,27.25,0.99,4,-1,-1
70,28,357.35,144.56,13.37,17.70,0.84,10,-1,-1
70,31,394.45,205.55,19.30,24.59,0.84,10,-1,-1
70,34,258.07,307.99,31.04,32.32,0.67,10,-1,-1
70,35,411.69,181.85,22.23,24.72,0.95,4,-1,-1
70,42,388.33,231.40,34.00,22.93,0.86,10,-1,-1
70,44,486.55,213.69,62.83,28.76,0.98,4,-1,-1
70,45,457.66,329.44,42.81,55.02,0.99,7,-1,-1
70,53,440.64,252.24,77.10,40.88,1.00,4,-1,-1
70,56,539.97,322.36,21.95,40.06,0.96,10,-1,-1
70,60,574.00,226.12,78.95,36.28,1.00,4,-1,-1
70,66,431.18,456.57,86.25,82.36,0.96,4,-1,-1
70,78,245.06,254.28,89.67,37.40,1.00,4,-1,-1
70,129,165.53,277.37,69.79,36.63,0.99,7,-1,-1
70,130,145.36,261.35,30.57,29.65,0.73,10,-1,-1
70,7,223.07,294.27,18.41,36.88,0.83,1,-1,-1
70,150,543.87,435.98,97.04,99.40,1.00,4,-1,-1
70,49,542.72,200.18,42.91,29.03,0.68,5,-1,-1
70,55,595.29,324.43,40.57,52.44,0.80,8,-1,-1
70,153,673.78,227.88,34.97,25.01,0.97,7,-1,-1
70,155,674.41,226.06,29.90,24.79,0.24,10,-1,-1
70,67,694.46,249.95,33.16,23.11,0.95,2,-1,-1
70,25,365.12,248.07,32.41,32.87,0.91,10,-1,-1
70,160,684.84,218.66,13.90,23.39,0.45,10,-1,-1
70,138,433.85,239.22,27.50,24.03,0.17,10,-1,-1
70,57,628.13,262.49,47.88,41.16,0.37,8,-1,-1
70,136,84.66,213.67,15.79,23.73,0.21,10,-1,-1
70,164,489.27,190.13,41.26,26.75,0.41,4,-1,-1
70,137,218.71,179.76,15.49,21.14,0.56,10,-1,-1
70,147,835.85,493.03,22.80,38.82,0.44,1,-1,-1
70,165,227.81,243.18,33.15,25.31,0.64,10,-1,-1
70,166,364.32,294.41,21.70,30.74,0.90,2,-1,-1
70,167,482.44,223.44,14.46,29.53,0.74,1,-1,-1
70,168,657.52,266.84,50.62,43.54,0.61,4,-1,-1
71,1,2.61,199.36,60.05,27.63,0.76,4,-1,-1
71,2,339.46,301.06,63.77,32.37,0.98,7,-1,-1
71,4,62.78,179.41,50.55,26.29,0.89,4,-1,-1
71,8,125.70,181.42,33.70,24.67,0.99,4,-1,-1
71,9,129.07,227.17,20.94,30.62,0.89,10,-1,-1
71,10,357.95,267.55,32.44,26.89,0.67,10,-1,-1
71,11,147.47,228.95,18.67,27.69,0.83,10,-1,-1
71,13,506.09,306.42,33.94,23.74,0.97,10,-1,-1
71,14,508.90,291.88,17.66,30.07,0.96,2,-1,-1
71,15,197.28,220.12,19.47,28.20,0.22,10,-1,-1
71,16,239.29,180.73,30.73,28.06,0.95,4,-1,-1
71,17,246.67,166.75,26.01,24.39,0.91,4,-1,-1
71,19,406.18,261.26,33.90,23.79,0.47,10,-1,-1
71,22,284.50,154.52,24.72,22.70,0.87,4,-1,-1
71,24,347.91,157.31,12.78,18.61,0.77,10,-1,-1
71,26,325.92,449.66,77.68,89.68,1.00,4,-1,-1
71,27,364.03,190.69,40.83,26.99,0.99,4,-1,-1
71,28,357.77,144.24,12.91,17.63,0.74,10,-1,-1
71,31,394.63,205.31,18.91,24.52,0.80,10,-1,-1
71,34,255.44,309.07,31.06,32.58,0.77,10,-1,-1
71,35,412.01,181.71,21.90,24.73,0.95,4,-1,-1
71,42,386.24,231.33,33.97,22.51,0.93,10,-1,-1
71,44,486.15,213.31,62.20,28.88,0.98,4,-1,-1
71,45,457.82,329.43,42.39,54.51,0.99,7,-1,-1
71,53,438.64,252.90,77.13,40.64,0.99,4,-1,-1
71,56,540.25,322.70,21.00,39.33,0.95,10,-1,-1
71,60,572.24,225.94,78.14,36.21,0.99,4,-1,-1
71,66,431.13,455.94,86.15,83.14,0.97,4,-1,-1
71,78,247.43,254.33,89.49,36.98,1.00,4,-1,-1
71,129,170.13,277.03,70.66,36.30,0.98,7,-1,-1
71,130,148.58,258.54,29.11,31.66,0.75,10,-1,-1
71,7,224.84,293.57,18.20,37.27,0.90,1,-1,-1
71,150,542.12,432.88,95.87,99.05,1.00,4,-1,-1
71,49,543.05,200.16,42.84,28.99,0.77,5,-1,-1
71,55,594.87,324.22,40.01,52.77,0.69,8,-1,-1
71,153,671.97,227.22,35.00,25.47,0.92,7,-1,-1
71,67,697.74,249.21,32.18,23.99,0.95,2,-1,-1
71,25,366.74,248.48,32.55,31.99,0.82,10,-1,-1
71,160,686.12,218.99,13.51,22.81,0.47,2,-1,-1
71,138,433.12,239.57,29.30,23.84,0.31,10,-1,-1
71,57,627.94,262.23,47.98,40.65,0.31,8,-1,-1
71,136,84.81,213.39,15.69,23.59,0.20,10,-1,-1
71,164,489.58,189.36,39.98,28.91,0.21,7,-1,-1
71,137,218.81,180.51,15.22,20.53,0.75,10,-1,-1
71,147,834.45,492.46,23.58,40.19,0.44,1,-1,-1
71,165,224.10,244.09,34.83,25.31,0.75,10,-1,-1
71,167,482.40,223.28,14.46,30.01,0.60,1,-1,-1
71,168,656.95,266.18,51.57,45.10,0.69,4,-1,-1
71,169,9.53,297.72,78.16,53.64,0.64,8,-1,-1
71,170,263.07,299.53,19.89,34.96,0.78,2,-1,-1
71,36,249.13,238.83,41.79,24.39,0.71,10,-1,-1
71,106,349.30,284.60,17.42,28.56,0.54,2,-1,-1
71,105,343.70,292.66,31.56,23.89,0.64,10,-1,-1
72,1,1.82,198.89,60.99,28.08,0.87,4,-1,-1
72,2,342.57,299.80,64.92,32.85,0.95,7,-1,-1
72,4,63.48,179.27,50.05,26.26,0.93,4,-1,-1
72,8,125.93,181.17,33.95,24.50,0.99,4,-1,-1
72,9,129.54,226.74,20.61,30.70,0.90,10,-1,-1
72,10,359.70,268.15,31.75,26.44,0.76,10,-1,-1
72,11,147.86,229.09,18.53,27.25,0.88,10,-1,-1
72,13,509.71,306.25,33.39,23.58,0.95,10,-1,-1
72,14,512.23,291.64,17.55,30.19,0.92,2,-1,-1
72,15,197.54,219.37,19.76,28.69,0.32,10,-1,-1
72,16,239.26,180.29,31.13,28.23,0.95,4,-1,-1
72,17,246.74,166.88,25.95,24.23,0.91,4,-1,-1
72,19,407.74,260.70,34.12,23.15,0.28,10,-1,-1
72,22,284.66,155.02,24.53,22.45,0.81,4,-1,-1
72,24,347.83,156.41,12.66,18.60,0.73,10,-1,-1
72,26,325.92,448.95,77.69,90.00,1.00,4,-1,-1
72,27,364.33,190.59,40.31,26.70,0.99,4,-1,-1
72,28,358.12,143.79,13.13,17.40,0.29,10,-1,-1
72,31,394.48,205.19,18.75,24.10,0.92,10,-1,-1
72,34,252.84,309.77,30.46,33.06,0.50,10,-1,-1
72,35,412.12,181.72,21.76,24.53,0.97,4,-1,-1
72,42,384.33,230.65,33.15,22.55,0.83,10,-1,-1
72,44,486.38,213.24,61.57,28.53,0.97,4,-1,-1
72,45,457.45,329.21,42.62,54.32,0.99,7,-1,-1
72,53,436.35,253.11,77.53,41.14,1.00,4,-1,-1
72,56,540.74,321.65,20.23,39.08,0.94,10,-1,-1
72,60,569.85,226.06,78.82,35.60,0.99,4,-1,-1
72,66,431.06,455.27,86.50,83.81,0.96,4,-1,-1
72,78,249.29,253.70,90.11,37.23,1.00,4,-1,-1
72,129,174.95,276.66,70.98,35.79,0.95,7,-1,-1
72,130,151.69,255.82,28.47,33.92,0.62,10,-1,-1
72,7,226.93,294.23,17.32,36.04,0.91,1,-1,-1
72,150,540.68,429.62,95.03,98.02,1.00,4,-1,-1
72,49,542.55,200.14,43.20,29.18,0.87,5,-1,-1
72,55,594.48,323.74,39.99,52.90,0.75,8,-1,-1
72,153,670.13,226.78,36.59,25.84,0.95,7,-1,-1
72,67,702.00,248.56,30.18,23.54,0.94,2,-1,-1
72,25,368.85,249.01,31.40,31.43,0.83,10,-1,-1
72,160,687.77,219.45,13.35,21.99,0.26,2,-1,-1
72,138,433.75,240.87,29.61,22.57,0.33,10,-1,-1
72,136,85.11,213.00,15.76,23.54,0.24,10,-1,-1
72,164,490.12,189.22,39.63,29.60,0.27,4,-1,-1
72,137,218.95,181.02,15.11,20.29,0.84,10,-1,-1
72,147,832.26,491.49,24.66,41.51,0.71,1,-1,-1
72,165,220.54,244.43,35.59,25.77,0.78,10,-1,-1
72,167,482.83,223.22,14.45,29.86,0.31,1,-1,-1
72,168,656.79,265.82,51.74,44.94,0.62,4,-1,-1
72,169,15.21,297.70,68.18,49.66,0.68,8,-1,-1
72,36,247.99,238.35,40.86,24.62,0.87,10,-1,-1
72,106,345.15,285.09,17.88,29.84,0.35,2,-1,-1
72,105,338.68,293.34,33.88,25.16,0.92,10,-1,-1
73,1,0.79,198.23,62.06,28.64,0.90,4,-1,-1
73,2,346.81,298.71,64.95,33.13,0.94,7,-1,-1
73,4,63.36,178.92,50.54,26.64,0.94,4,-1,-1
73,8,126.20,181.08,34.10,24.63,0.99,4,-1,-1
73,9,129.79,226.78,20.50,30.52,0.93,10,-1,-1
73,10,361.32,268.54,31.88,26.27,0.86,10,-1,-1
73,11,148.04,228.42,18.88,27.49,0.89,10,-1,-1
73,13,513.14,306.32,33.59,23.61,0.95,10,-1,-1
73,14,515.95,291.78,17.12,30.63,0.95,2,-1,-1
73,15,197.76,219.28,19.67,28.48,0.33,10,-1,-1
73,16,239.47,179.91,31.29,28.48,0.94,4,-1,-1
73,17,247.09,166.91,25.73,23.76,0.79,4,-1,-1
73,19,409.50,260.33,32.61,22.30,0.83,10,-1,-1
73,22,284.74,155.27,24.46,22.55,0.75,4,-1,-1
73,24,347.61,155.25,13.02,18.60,0.79,10,-1,-1
73,26,325.98,447.96,77.70,90.87,1.00,4,-1,-1
73,27,364.85,190.42,39.73,26.38,0.99,4,-1,-1
73,28,357.87,143.36,13.61,17.07,0.20,10,-1,-1
73,31,394.85,204.92,18.30,23.53,0.88,10,-1,-1
73,34,250.42,310.67,30.63,33.62,0.67,10,-1,-1
73,35,412.38,181.79,21.31,24.25,0.94,4,-1,-1
73,42,383.12,230.56,32.42,22.36,0.91,10,-1,-1
73,44,485.29,213.17,62.56,28.79,0.97,4,-1,-1
73,45,457.15,328.38,43.11,54.64,0.99,7,-1,-1
73,53,434.20,253.43,77.68,41.51,1.00,4,-1,-1
73,56,540.15,322.15,19.95,38.19,0.96,10,-1,-1
73,60,567.25,225.73,80.47,35.75,0.99,4,-1,-1
73,66,430.90,454.49,86.64,84.81,0.97,4,-1,-1
73,78,251.90,253.56,89.76,36.91,1.00,4,-1,-1
73,129,179.62,276.52,71.53,35.09,0.99,7,-1,-1
73,130,154.82,257.71,28.70,31.74,0.84,10,-1,-1
73,7,229.01,293.97,16.58,35.36,0.91,1,-1,-1
73,150,539.44,426.55,93.94,96.70,1.00,4,-1,-1
73,49,542.38,199.88,42.95,29.44,0.85,5,-1,-1
73,55,593.77,323.79,40.99,57.72,0.67,8,-1,-1
73,153,667.92,226.43,38.75,26.36,0.98,7,-1,-1
73,67,705.09,248.12,29.40,22.96,0.98,2,-1,-1
73,25,370.41,247.98,31.76,32.60,0.72,10,-1,-1
73,164,489.85,189.13,38.67,29.58,0.28,4,-1,-1
73,137,219.03,180.98,14.88,20.60,0.87,10,-1,-1
73,147,831.50,490.33,23.51,42.01,0.49,1,-1,-1
73,165,215.29,245.11,36.56,25.46,0.86,10,-1,-1
73,167,483.72,223.26,13.99,29.58,0.23,1,-1,-1
73,168,656.34,265.73,50.88,44.88,0.55,4,-1,-1
73,169,20.48,297.62,57.36,48.98,0.22,8,-1,-1
73,105,334.51,293.61,33.41,26.68,0.77,10,-1,-1
73,171,369.74,247.25,31.94,34.05,0.83,8,-1,-1
73,172,376.37,293.20,22.30,29.83,0.74,2,-1,-1
73,33,248.29,237.40,38.43,23.71,0.74,10,-1,-1
74,1,1.31,198.10,62.87,28.65,0.92,4,-1,-1
74,2,351.57,298.01,64.18,33.14,0.70,7,-1,-1
74,4,64.20,178.71,50.16,26.58,0.93,4,-1,-1
74,8,126.92,181.15,33.77,24.28,0.99,4,-1,-1
74,9,130.41,226.80,20.96,30.26,0.93,10,-1,-1
74,10,363.60,268.68,30.74,26.40,0.90,10,-1,-1
74,11,148.83,227.88,18.61,27.59,0.93,10,-1,-1
74,13,516.81,305.62,32.47,24.32,0.98,10,-1,-1
74,14,519.93,292.00,16.55,29.61,0.95,2,-1,-1
74,15,198.48,218.85,19.44,28.60,0.57,10,-1,-1
74,16,240.27,179.46,30.95,28.78,0.92,4,-1,-1
74,17,248.05,166.62,25.25,22.98,0.87,4,-1,-1
74,19,411.46,259.47,32.05,22.61,0.44,10,-1,-1
74,22,285.29,155.54,24.44,22.59,0.74,4,-1,-1
74,24,348.05,153.26,13.16,20.05,0.91,10,-1,-1
74,26,326.55,447.21,77.32,91.57,1.00,4,-1,-1
74,27,365.77,190.25,39.15,26.05,0.99,4,-1,-1
74,28,358.49,143.15,13.40,17.30,0.21,10,-1,-1
74,31,395.72,204.41,17.73,23.31,0.85,10,-1,-1
74,34,248.85,311.56,29.51,33.83,0.55,10,-1,-1
74,35,413.02,182.00,20.75,23.95,0.92,4,-1,-1
74,42,382.48,230.31,30.55,22.29,0.89,10,-1,-1
74,44,484.83,212.93,62.55,28.49,0.97,4,-1,-1
74,45,457.79,328.66,42.51,53.57,0.99,7,-1,-1
74,53,433.02,253.71,77.34,41.64,1.00,4,-1,-1
74,56,540.69,322.57,19.46,37.47,0.97,10,-1,-1
74,60,565.71,225.78,79.91,36.20,1.00,4,-1,-1
74,66,431.39,453.61,86.70,85.56,0.97,4,-1,-1
74,78,254.90,253.12,89.63,36.99,1.00,4,-1,-1
74,129,183.92,276.70,70.75,34.63,0.99,7,-1,-1
74,130,158.80,259.98,28.00,29.79,0.72,10,-1,-1
74,7,231.07,293.28,16.52,35.92,0.91,1,-1,-1
74,150,538.20,423.31,93.37,95.70,1.00,4,-1,-1
74,49,543.06,198.97,42.05,30.91,0.21,5,-1,-1
74,55,594.46,323.20,39.79,55.27,0.70,8,-1,-1
74,153,666.12,226.07,39.57,26.74,0.93,7,-1,-1
74,67,709.88,247.83,27.50,23.73,0.96,2,-1,-1
74,25,371.67,246.90,32.29,33.23,0.90,10,-1,-1
74,164,490.51,188.89,37.53,29.11,0.21,4,-1,-1
74,137,219.19,181.25,15.19,20.52,0.78,10,-1,-1
74,147,830.63,489.66,24.68,42.98,0.42,1,-1,-1
74,165,211.11,245.21,37.08,25.80,0.89,10,-1,-1
74,167,484.55,223.26,13.85,27.46,0.28,1,-1,-1
74,168,655.42,265.47,51.52,44.87,0.53,4,-1,-1
74,169,25.55,296.10,73.78,49.61,0.70,8,-1,-1
74,105,330.39,294.76,33.23,27.73,0.96,10,-1,-1
74,171,370.78,246.46,32.89,33.32,0.73,10,-1,-1
74,172,380.30,292.52,22.29,30.67,0.93,2,-1,-1
74,33,246.84,237.37,36.95,23.62,0.87,10,-1,-1
74,173,158.81,268.04,30.44,23.50,0.75,10,-1,-1
74,41,424.95,235.74,18.03,28.39,0.66,2,-1,-1
74,120,221.72,271.61,19.04,27.46,0.66,2,-1,-1
74,43,446.71,226.53,27.89,24.76,0.54,1,-1,-1
75,1,2.61,198.17,62.67,28.05,0.89,4,-1,-1
75,2,356.51,297.76,63.88,33.13,0.88,7,-1,-1
75,4,65.24,178.86,50.58,25.95,0.94,4,-1,-1
75,8,128.07,181.10,33.73,24.14,0.99,4,-1,-1
75,9,131.47,226.83,21.13,29.95,0.95,10,-1,-1
75,10,365.91,268.33,30.30,27.05,0.83,10,-1,-1
75,11,150.25,227.89,18.06,27.62,0.93,10,-1,-1
75,13,520.50,304.16,32.05,25.76,0.92,10,-1,-1
75,14,523.33,291.88,17.55,30.22,0.94,2,-1,-1
75,15,199.51,218.82,19.34,28.23,0.68,10,-1,-1
75,16,241.23,179.62,30.61,28.48,0.96,4,-1,-1
75,17,249.05,166.23,25.26,23.29,0.88,4,-1,-1
75,19,414.05,258.07,31.04,23.52,0.42,10,-1,-1
75,22,286.14,155.85,24.52,22.79,0.80,4,-1,-1
75,24,348.54,153.40,13.21,19.95,0.82,10,-1,-1
75,26,327.30,446.30,77.55,92.58,1.00,4,-1,-1
75,27,366.60,189.92,38.54,26.13,1.00,4,-1,-1
75,28,359.25,142.87,12.91,17.24,0.62,10,-1,-1
75,31,396.76,203.94,17.92,23.02,0.90,10,-1,-1
75,34,247.12,314.41,29.27,32.70,0.69,10,-1,-1
75,35,413.75,181.80,20.94,24.03,0.97,4,-1,-1
75,42,380.22,230.72,30.64,22.06,0.85,10,-1,-1
75,44,483.36,212.55,64.13,29.16,0.97,4,-1,-1
75,45,458.13,327.97,42.66,53.95,0.98,7,-1,-1
75,53,431.96,254.11,76.79,41.66,0.99,4,-1,-1
75,56,541.17,323.76,19.27,35.60,0.97,10,-1,-1
75,60,564.68,225.71,79.87,36.17,0.98,4,-1,-1
75,66,431.89,452.84,87.11,86.19,0.98,4,-1,-1
75,78,257.76,252.67,89.66,37.40,1.00,4,-1,-1
75,129,189.21,276.48,70.65,34.15,0.98,7,-1,-1
75,130,162.73,265.11,29.95,25.20,0.85,10,-1,-1
75,7,233.43,292.42,16.71,36.12,0.84,1,-1,-1
75,150,537.07,420.18,92.76,94.41,1.00,4,-1,-1
75,55,595.20,322.76,38.52,52.62,0.61,8,-1,-1
75,153,664.74,226.53,36.75,26.09,0.64,7,-1,-1
75,67,712.74,248.42,30.06,23.61,0.92,2,-1,-1
75,25,373.20,246.01,32.48,33.65,0.75,10,-1,-1
75,164,490.80,188.73,38.88,29.31,0.21,4,-1,-1
75,137,219.91,181.36,15.70,20.69,0.90,10,-1,-1
75,165,207.62,244.47,36.58,26.12,0.94,10,-1,-1
75,167,485.51,222.82,13.37,25.20,0.14,1,-1,-1
75,168,655.60,265.29,51.73,45.84,0.24,4,-1,-1
75,169,31.63,294.75,76.96,50.03,0.62,8,-1,-1
75,105,327.09,295.86,33.15,28.23,0.96,10,-1,-1
75,172,384.86,292.14,21.82,29.90,0.92,2,-1,-1
75,33,245.74,237.27,36.42,23.58,0.91,10,-1,-1
75,41,426.03,235.39,16.86,27.44,0.83,2,-1,-1
75,120,226.42,270.61,19.60,28.87,0.57,2,-1,-1
75,43,445.69,226.30,28.13,24.06,0.75,1,-1,-1
75,174,348.05,150.97,14.46,19.89,0.73,10,-1,-1
75,114,265.86,243.47,32.77,22.99,0.75,10,-1,-1
75,155,665.27,226.84,30.13,25.29,0.53,10,-1,-1
76,1,3.27,198.03,63.00,27.83,0.87,4,-1,-1
76,2,361.71,297.79,62.99,33.05,0.75,7,-1,-1
76,4,66.14,178.84,50.38,25.72,0.91,4,-1,-1
76,8,129.21,180.82,33.47,23.90,0.99,4,-1,-1
76,9,132.51,226.29,21.40,30.05,0.94,10,-1,-1
76,10,367.82,267.50,30.94,26.51,0.58,10,-1,-1
76,11,150.78,227.14,18.80,27.85,0.92,10,-1,-1
76,13,523.89,303.72,32.71,26.22,0.94,10,-1,-1
76,14,527.62,292.34,17.12,30.75,0.88,2,-1,-1
76,15,200.16,218.66,19.51,28.10,0.84,10,-1,-1
76,16,241.98,179.33,30.49,28.38,0.95,4,-1,-1
76,17,249.62,165.64,25.67,23.41,0.85,4,-1,-1
76,22,286.97,156.20,24.35,22.68,0.86,4,-1,-1
76,24,349.45,152.11,13.23,20.16,0.92,10,-1,-1
76,26,328.06,446.00,77.25,92.97,1.00,4,-1,-1
76,27,367.43,189.56,37.95,26.17,1.00,4,-1,-1
76,31,397.48,203.65,17.60,22.72,0.82,10,-1,-1
76,34,245.26,316.45,28.99,32.66,0.66,10,-1,-1
76,35,414.57,181.69,20.61,23.87,0.88,4,-1,-1
76,42,377.19,230.46,31.48,22.39,0.82,10,-1,-1
76,44,482.39,212.30,65.53,29.62,0.95,4,-1,-1
76,45,458.60,328.33,43.52,53.32,0.98,7,-1,-1
76,53,430.59,254.63,76.60,41.29,0.99,4,-1,-1
76,56,542.12,324.07,18.81,34.95,0.96,10,-1,-1
76,60,563.36,225.68,80.86,35.78,0.99,4,-1,-1
76,66,432.19,452.42,87.27,86.44,0.97,4,-1,-1
76,78,261.41,252.29,88.71,37.19,1.00,4,-1,-1
76,129,193.48,275.58,70.25,34.20,0.59,7,-1,-1
76,130,166.25,267.59,31.83,23.26,0.79,10,-1,-1
76,7,235.83,292.18,16.98,35.72,0.57,1,-1,-1
76,150,536.66,417.18,91.36,92.70,1.00,4,-1,-1
76,55,595.46,322.03,38.46,54.06,0.63,8,-1,-1
76,153,663.91,226.34,37.22,26.24,0.74,7,-1,-1
76,67,714.58,248.88,33.28,23.97,0.83,2,-1,-1
76,25,374.83,246.05,32.16,33.03,0.93,10,-1,-1
76,164,491.07,188.56,40.18,30.20,0.27,4,-1,-1
76,137,220.47,181.93,15.70,20.36,0.80,10,-1,-1
76,165,204.01,244.69,36.59,25.19,0.93,10,-1,-1
76,168,656.53,265.35,50.96,46.92,0.68,8,-1,-1
76,169,37.94,294.30,67.02,49.32,0.53,8,-1,-1
76,105,324.29,297.71,32.33,27.55,0.98,10,-1,-1
76,172,389.58,291.70,21.67,30.48,0.89,2,-1,-1
76,33,244.11,237.49,37.02,23.77,0.91,10,-1,-1
76,41,426.58,234.44,16.44,27.76,0.62,2,-1,-1
76,120,231.33,269.95,18.97,29.12,0.61,2,-1,-1
76,43,442.53,228.74,30.21,22.83,0.88,1,-1,-1
76,114,264.87,242.77,28.07,22.40,0.67,10,-1,-1
76,155,663.64,226.87,34.25,25.30,0.47,10,-1,-1
76,175,68.55,292.60,47.76,31.64,0.89,10,-1,-1
76,176,194.06,275.12,64.19,34.96,0.74,8,-1,-1
76,177,235.95,292.15,17.18,36.01,0.67,2,-1,-1
76,178,253.28,304.80,18.98,35.41,0.65,2,-1,-1
76,179,375.47,246.04,29.53,33.45,0.91,10,-1,-1
76,180,616.24,248.30,45.50,31.94,0.62,10,-1,-1
76,23,616.30,249.56,45.09,30.39,0.68,7,-1,-1
76,106,332.87,288.02,18.05,29.01,0.90,2,-1,-1
77,1,4.70,197.73,62.47,27.74,0.88,4,-1,-1
77,2,366.42,297.73,62.67,32.71,0.69,7,-1,-1
77,4,66.98,178.69,50.81,26.03,0.93,4,-1,-1
77,8,129.99,180.56,33.63,24.01,0.99,4,-1,-1
77,9,133.21,225.63,21.40,30.48,0.95,10,-1,-1
77,10,369.80,266.98,30.79,26.70,0.38,10,-1,-1
77,11,151.49,226.70,18.79,28.13,0.96,10,-1,-1
77,13,527.15,303.54,32.96,26.39,0.97,10,-1,-1
77,14,531.02,292.20,17.36,31.05,0.88,2,-1,-1
77,15,200.72,218.74,19.57,27.65,0.87,10,-1,-1
77,16,242.57,179.24,30.64,28.54,0.96,4,-1,-1
77,17,249.95,165.24,26.23,24.65,0.88,4,-1,-1
77,22,287.38,156.23,24.29,23.03,0.88,4,-1,-1
77,24,350.09,152.49,12.84,19.40,0.90,10,-1,-1
77,26,328.70,445.34,77.16,93.48,1.00,4,-1,-1
77,27,368.04,189.25,37.35,26.18,1.00,4,-1,-1
77,31,397.66,203.06,17.88,23.01,0.75,10,-1,-1
77,34,243.49,318.38,28.30,32.64,0.58,10,-1,-1
77,35,414.99,181.56,20.50,23.81,0.91,4,-1,-1
77,42,374.27,230.46,32.19,22.71,0.78,10,-1,-1
77,44,482.94,212.11,64.89,29.59,0.91,4,-1,-1
77,45,458.92,327.68,43.07,53.08,1.00,7,-1,-1
77,53,429.08,254.91,76.14,41.33,1.00,4,-1,-1
77,56,542.21,322.96,19.47,35.96,0.97,10,-1,-1
77,60,561.88,225.85,81.83,35.22,0.98,4,-1,-1
77,66,432.46,451.70,86.95,87.28,0.98,4,-1,-1
77,78,265.49,252.08,87.66,36.89,1.00,4,-1,-1
77,129,198.03,274.79,69.71,34.52,0.97,7,-1,-1
77,130,170.24,267.90,31.21,22.63,0.74,10,-1,-1
77,7,238.09,292.43,16.69,33.47,0.78,1,-1,-1
77,150,535.71,413.98,90.08,91.58,1.00,4,-1,-1
77,55,595.70,321.55,39.45,52.21,0.51,8,-1,-1
77,153,662.39,225.64,40.55,27.07,0.95,7,-1,-1
77,67,715.16,249.02,36.81,25.28,0.31,7,-1,-1
77,25,376.69,246.69,32.83,32.57,0.76,10,-1,-1
77,164,491.49,188.20,40.68,30.11,0.31,4,-1,-1
77,137,220.89,181.66,15.70,21.23,0.84,10,-1,-1
77,165,200.11,245.11,35.96,24.41,0.89,10,-1,-1
77,168,656.82,265.15,50.69,47.71,0.43,4,-1,-1
77,169,43.94,293.28,64.08,48.09,0.70,8,-1,-1
77,105,321.10,298.40,32.43,28.07,0.99,10,-1,-1
77,172,394.25,291.25,21.64,30.11,0.46,2,-1,-1
77,33,242.12,238.09,34.69,23.44,0.93,10,-1,-1
77,41,427.11,233.90,15.49,28.48,0.52,2,-1,-1
77,120,235.61,269.16,18.94,29.61,0.64,2,-1,-1
77,43,440.94,229.84,30.96,21.97,0.87,1,-1,-1
77,114,262.56,244.97,29.85,22.64,0.74,10,-1,-1
77,155,663.05,227.05,29.51,25.10,0.18,10,-1,-1
77,175,76.46,292.27,44.25,30.67,0.91,10,-1,-1
77,178,250.27,307.24,18.74,34.07,0.76,2,-1,-1
77,179,376.28,246.82,32.90,32.71,0.77,8,-1,-1
77,23,620.25,249.17,45.61,30.66,0.50,10,-1,-1
77,106,330.21,288.99,17.24,29.03,0.91,2,-1,-1
77,38,366.40,155.04,12.69,18.69,0.62,10,-1,-1
77,28,361.13,142.10,12.70,16.40,0.59,10,-1,-1
78,1,4.98,197.26,62.95,28.11,0.91,4,-1,-1
78,2,369.73,297.45,63.76,32.68,0.41,7,-1,-1
78,4,67.35,178.18,51.17,26.54,0.94,4,-1,-1
78,8,130.42,180.50,33.89,24.05,0.99,4,-1,-1
78,9,133.57,225.12,21.65,31.04,0.96,10,-1,-1
78,10,371.19,268.11,30.33,25.18,0.84,10,-1,-1
78,11,151.90,226.58,18.58,28.24,0.96,10,-1,-1
78,13,530.32,303.79,33.85,26.54,0.93,10,-1,-1
78,14,534.24,292.47,18.23,31.25,0.89,2,-1,-1
78,15,200.97,219.21,19.59,27.08,0.79,10,-1,-1
78,16,243.02,178.96,30.70,28.59,0.96,4,-1,-1
78,17,250.39,165.33,26.24,24.92,0.85,4,-1,-1
78,22,287.57,156.67,24.37,23.16,0.90,4,-1,-1
78,24,350.05,150.96,13.10,20.26,0.92,10,-1,-1
78,26,328.85,444.52,77.11,94.43,1.00,4,-1,-1
78,27,368.57,188.97,36.75,26.58,1.00,4,-1,-1
78,31,397.63,202.48,17.99,23.52,0.58,10,-1,-1
78,34,241.16,318.49,29.05,34.21,0.53,10,-1,-1
78,35,415.05,181.45,20.45,23.78,0.88,4,-1,-1
78,42,371.78,230.89,31.67,22.24,0.79,10,-1,-1
78,44,483.08,211.78,64.23,29.77,0.91,4,-1,-1
78,45,459.34,327.27,42.88,52.99,1.00,7,-1,-1
78,53,427.30,255.23,75.96,41.53,0.99,4,-1,-1
78,56,541.95,322.99,19.31,35.53,0.92,10,-1,-1
78,60,559.89,225.65,83.56,35.41,0.99,4,-1,-1
78,66,432.47,451.05,87.21,87.96,0.98,4,-1,-1
78,78,268.14,251.75,87.36,36.78,1.00,4,-1,-1
78,129,202.09,273.74,65.71,35.24,0.93,7,-1,-1
78,130,173.96,268.02,31.14,22.43,0.89,10,-1,-1
78,7,239.61,292.06,17.18,31.49,0.75,1,-1,-1
78,150,534.31,411.11,89.01,90.70,1.00,4,-1,-1
78,55,595.49,321.20,39.23,51.08,0.71,8,-1,-1
78,153,661.72,225.12,42.54,27.57,0.85,7,-1,-1
78,25,378.06,245.08,33.86,34.58,0.32,10,-1,-1
78,164,491.14,187.81,41.67,30.65,0.23,7,-1,-1
78,137,221.09,182.08,15.69,20.96,0.85,10,-1,-1
78,165,196.23,244.97,35.92,24.14,0.88,10,-1,-1
78,168,656.81,265.32,50.59,47.57,0.53,4,-1,-1
78,169,47.97,292.99,61.09,47.66,0.85,8,-1,-1
78,105,318.36,299.44,31.67,28.26,0.98,10,-1,-1
78,172,398.61,290.93,20.76,29.55,0.16,2,-1,-1
78,33,239.50,237.37,31.73,24.49,0.96,10,-1,-1
78,41,427.03,233.55,15.55,29.14,0.63,2,-1,-1
78,120,239.18,268.51,18.53,29.59,0.26,2,-1,-1
78,43,439.89,228.84,30.47,22.70,0.74,1,-1,-1
78,114,258.16,243.13,31.99,24.35,0.82,10,-1,-1
78,175,81.70,292.67,44.27,29.53,0.82,10,-1,-1
78,178,247.93,307.48,19.85,36.15,0.81,2,-1,-1
78,179,378.20,245.92,32.61,34.20,0.89,8,-1,-1
78,23,623.85,248.58,44.91,30.55,0.48,2,-1,-1
78,106,327.47,290.03,16.56,28.72,0.94,2,-1,-1
78,38,366.14,154.79,12.21,18.25,0.19,10,-1,-1
78,28,361.99,141.77,12.66,16.38,0.28,10,-1,-1
78,181,88.59,287.93,34.50,30.59,0.68,10,-1,-1
78,182,91.16,282.51,26.07,33.90,0.74,10,-1,-1
79,1,4.81,197.19,63.23,28.05,0.87,4,-1,-1
79,2,373.73,296.67,62.99,32.97,0.77,7,-1,-1
79,4,68.23,178.38,50.14,26.14,0.94,4,-1,-1
79,8,130.52,180.48,34.04,23.87,0.99,4,-1,-1
79,9,134.08,224.94,21.55,30.86,0.96,10,-1,-1
79,10,372.57,266.83,30.57,26.02,0.75,10,-1,-1
79,11,151.79,225.84,19.05,28.48,0.97,10,-1,-1
79,13,533.91,304.58,33.40,26.49,0.95,10,-1,-1
79,14,537.46,292.76,17.40,30.74,0.84,2,-1,-1
79,15,201.25,219.19,19.40,26.87,0.58,10,-1,-1
79,16,243.29,179.14,30.33,28.02,0.96,4,-1,-1
79,17,250.36,165.26,26.44,25.02,0.78,4,-1,-1
79,22,287.44,157.01,24.70,23.21,0.84,4,-1,-1
79,24,350.15,150.39,12.80,20.18,0.92,10,-1,-1
79,26,329.23,443.85,77.11,95.17,1.00,4,-1,-1
79,27,368.87,188.67,35.75,26.74,1.00,4,-1,-1
79,31,397.75,202.17,18.03,23.51,0.66,10,-1,-1
79,34,238.70,317.93,29.53,36.35,0.65,10,-1,-1
79,35,415.20,181.39,20.45,23.78,0.92,4,-1,-1
79,42,368.85,231.25,31.86,21.86,0.80,10,-1,-1
79,44,482.49,211.64,64.39,29.84,0.93,4,-1,-1
79,45,459.25,326.53,42.82,53.37,1.00,7,-1,-1
79,53,425.44,255.73,75.90,41.61,1.00,4,-1,-1
79,56,541.80,322.83,19.65,35.40,0.91,10,-1,-1
79,60,558.57,225.96,80.89,34.48,0.98,4,-1,-1
79,66,432.41,450.05,86.93,88.99,0.98,4,-1,-1
79,78,269.83,251.44,87.97,36.74,0.99,4,-1,-1
79,129,205.42,271.79,67.91,36.21,0.97,7,-1,-1
79,130,177.23,267.64,32.89,22.38,0.93,10,-1,-1
79,7,241.43,291.73,16.38,29.56,0.64,1,-1,-1
79,150,532.79,407.97,88.46,89.14,1.00,4,-1,-1
79,55,594.97,320.68,40.35,51.08,0.89,8,-1,-1
79,153,659.56,225.40,41.02,27.37,0.90,7,-1,-1
79,25,380.80,246.04,32.30,32.61,0.93,10,-1,-1
79,137,221.27,182.23,15.49,20.86,0.71,10,-1,-1
79,165,192.74,244.92,35.09,23.84,0.89,10,-1,-1
79,168,656.79,265.17,49.75,46.49,0.65,4,-1,-1
79,169,53.21,292.10,60.59,48.77,0.80,8,-1,-1
79,105,314.98,300.40,31.79,28.73,0.97,10,-1,-1
79,33,237.34,237.20,29.21,24.88,0.95,10,-1,-1
79,41,427.14,233.91,16.39,29.21,0.59,2,-1,-1
79,120,242.85,267.89,17.98,29.18,0.50,2,-1,-1
79,43,439.47,228.27,29.88,21.96,0.88,1,-1,-1
79,114,254.53,242.06,35.13,25.77,0.51,10,-1,-1
79,175,87.87,291.78,43.46,29.54,0.77,10,-1,-1
79,178,244.54,308.28,20.68,35.93,0.89,2,-1,-1
79,179,379.98,245.65,32.99,32.87,0.84,10,-1,-1
79,23,628.53,249.15,40.81,29.51,0.60,2,-1,-1
79,106,324.08,290.69,16.72,29.32,0.97,2,-1,-1
79,38,365.79,154.39,12.06,18.31,0.49,10,-1,-1
79,28,362.01,141.19,12.64,16.43,0.45,10,-1,-1
79,181,94.13,283.76,30.99,32.50,0.84,10,-1,-1
79,183,656.92,264.88,49.42,44.60,0.67,4,-1,-1
80,1,4.66,197.23,63.67,28.02,0.92,4,-1,-1
80,2,377.91,296.25,62.29,32.98,0.90,7,-1,-1
80,4,68.53,178.22,49.92,26.19,0.96,4,-1,-1
80,8,130.84,180.33,33.79,24.00,0.99,4,-1,-1
80,9,134.65,224.83,21.20,30.58,0.96,10,-1,-1
80,10,374.28,266.43,30.26,25.53,0.60,10,-1,-1
80,11,152.32,225.82,18.82,28.37,0.86,10,-1,-1
80,13,536.74,303.77,34.02,27.35,0.96,10,-1,-1
80,14,540.14,292.63,17.45,30.54,0.79,2,-1,-1
80,15,201.53,219.25,19.52,26.59,0.57,10,-1,-1
80,16,243.66,178.99,30.18,28.00,0.96,4,-1,-1
80,17,250.52,165.41,26.31,24.85,0.90,4,-1,-1
80,22,287.46,157.29,24.81,23.22,0.86,4,-1,-1
80,24,350.24,149.84,13.08,19.80,0.91,10,-1,-1
80,26,329.22,443.16,77.09,95.81,1.00,4,-1,-1
80,27,369.43,188.34,34.99,26.60,0.99,4,-1,-1
80,31,398.03,201.94,17.65,23.11,0.70,10,-1,-1
80,34,236.94,320.32,27.93,35.62,0.75,10,-1,-1
80,35,415.30,181.35,20.44,23.78,0.93,4,-1,-1
80,42,366.90,231.95,31.93,21.11,0.78,10,-1,-1
80,44,482.52,211.58,63.64,29.46,0.92,4,-1,-1
80,45,459.65,326.62,42.39,52.71,1.00,7,-1,-1
80,53,423.47,256.17,75.87,41.63,0.99,4,-1,-1
80,56,542.17,322.35,19.39,35.76,0.93,10,-1,-1
80,60,556.99,225.95,79.81,34.14,0.99,4,-1,-1
80,66,432.83,449.24,86.01,89.74,0.98,4,-1,-1
80,78,272.33,251.19,87.50,36.73,1.00,4,-1,-1
80,129,209.20,272.19,68.48,35.01,0.94,7,-1,-1
80,130,181.19,266.82,31.99,22.79,0.92,10,-1,-1
80,7,243.92,291.68,15.87,27.33,0.77,1,-1,-1
80,150,531.90,405.27,87.47,87.71,1.00,4,-1,-1
80,55,595.00,320.26,42.14,49.88,0.92,8,-1,-1
80,153,658.80,225.60,39.57,26.88,0.94,7,-1,-1
80,25,382.64,245.71,31.26,32.39,0.89,10,-1,-1
80,137,221.31,182.34,15.81,20.81,0.71,10,-1,-1
80,165,188.95,245.36,34.16,23.74,0.83,10,-1,-1
80,168,657.21,264.69,49.44,45.46,0.58,4,-1,-1
80,169,57.93,291.64,57.54,48.46,0.74,8,-1,-1
80,105,311.51,300.88,32.64,29.29,0.99,10,-1,-1
80,33,235.19,236.31,27.93,25.22,0.96,10,-1,-1
80,120,245.92,267.24,17.98,29.82,0.57,2,-1,-1
80,43,438.22,228.52,30.05,21.69,0.91,1,-1,-1
80,114,250.52,242.09,32.93,26.12,0.80,10,-1,-1
80,175,97.50,289.88,40.33,28.88,0.72,10,-1,-1
80,178,241.99,310.99,19.62,34.88,0.91,2,-1,-1
80,23,634.14,248.78,39.04,28.10,0.68,2,-1,-1
80,106,320.59,291.75,17.18,30.82,0.98,2,-1,-1
80,28,362.27,140.72,12.64,16.19,0.39,10,-1,-1
80,181,101.24,281.89,29.09,33.65,0.81,10,-1,-1
80,183,657.30,264.67,49.39,45.90,0.62,8,-1,-1
80,184,241.82,303.00,22.00,23.66,0.74,3,-1,-1
81,1,4.48,197.02,63.90,28.03,0.83,4,-1,-1
81,2,382.03,296.25,62.05,32.70,0.75,7,-1,-1
81,4,68.82,177.64,50.15,26.81,0.94,4,-1,-1
81,8,130.95,180.27,33.56,23.87,0.99,4,-1,-1
81,9,134.81,224.59,21.37,30.69,0.95,10,-1,-1
81,10,375.37,265.92,30.54,25.76,0.72,10,-1,-1
81,11,152.42,225.23,18.88,29.34,0.88,10,-1,-1
81,13,539.82,304.21,33.46,27.20,0.95,10,-1,-1
81,14,542.57,293.05,17.47,29.87,0.74,2,-1,-1
81,15,201.80,218.67,19.37,27.30,0.28,10,-1,-1
81,16,243.68,179.03,30.13,27.81,0.94,4,-1,-1
81,17,250.77,165.06,26.26,24.99,0.77,4,-1,-1
81,22,287.87,157.48,24.37,23.23,0.89,4,-1,-1
81,24,350.40,149.80,12.80,19.41,0.92,10,-1,-1
81,26,329.09,442.21,77.10,96.46,1.00,4,-1,-1
81,27,370.15,188.04,33.94,26.55,0.99,4,-1,-1
81,31,397.67,201.69,17.91,22.97,0.83,10,-1,-1
81,34,234.95,323.04,26.91,34.92,0.92,10,-1,-1
81,35,415.27,181.26,20.45,23.79,0.92,4,-1,-1
81,42,364.18,231.33,33.15,21.86,0.93,10,-1,-1
81,44,481.11,211.69,63.77,29.13,0.95,4,-1,-1
81,45,459.53,326.33,42.23,52.88,0.99,7,-1,-1
81,53,421.93,256.86,75.08,41.26,0.99,4,-1,-1
81,56,542.26,324.86,19.29,32.73,0.94,10,-1,-1
81,60,556.04,226.10,79.03,33.83,0.99,4,-1,-1
81,66,432.69,448.45,85.68,90.43,0.98,4,-1,-1
81,78,275.74,250.84,86.25,36.75,1.00,4,-1,-1
81,129,212.71,271.71,64.95,34.76,0.91,7,-1,-1
81,130,184.91,264.52,32.22,24.98,0.67,10,-1,-1
81,7,245.97,290.34,15.48,27.33,0.84,1,-1,-1
81,150,530.77,402.47,86.34,86.39,1.00,4,-1,-1
81,55,594.59,320.20,42.43,49.87,0.80,8,-1,-1
81,153,656.19,226.34,38.21,26.30,0.87,7,-1,-1
81,25,383.58,245.14,32.09,32.91,0.73,10,-1,-1
81,137,221.11,182.27,15.93,21.20,0.68,10,-1,-1
81,165,184.64,246.85,33.41,23.32,0.91,10,-1,-1
81,168,656.95,264.79,50.16,45.49,0.21,4,-1,-1
81,169,62.64,291.11,56.97,47.96,0.78,8,-1,-1
81,105,308.42,302.34,31.78,28.83,0.99,10,-1,-1
81,33,231.93,235.00,27.73,26.34,0.79,10,-1,-1
81,120,248.99,267.33,18.19,29.87,0.37,2,-1,-1
81,43,437.33,227.64,30.11,21.82,0.85,1,-1,-1
81,114,246.28,242.62,31.77,26.26,0.88,10,-1,-1
81,175,105.12,285.31,37.56,30.47,0.84,10,-1,-1
81,178,239.82,313.00,19.41,34.95,0.90,2,-1,-1
81,23,640.42,247.92,35.24,25.77,0.34,2,-1,-1
81,106,317.70,292.95,16.56,29.84,0.97,2,-1,-1
81,28,362.09,140.11,13.04,16.17,0.61,10,-1,-1
81,181,107.78,280.83,27.06,32.71,0.69,10,-1,-1
81,183,655.96,264.32,51.25,45.13,0.80,4,-1,-1
81,185,383.00,244.84,32.54,34.05,0.86,8,-1,-1
82,1,4.88,197.53,63.89,27.62,0.85,4,-1,-1
82,2,385.90,296.28,61.57,32.18,0.96,7,-1,-1
82,4,69.50,177.81,50.13,26.44,0.92,4,-1,-1
82,8,131.21,180.31,33.57,24.00,0.99,4,-1,-1
82,9,134.98,224.38,21.54,30.72,0.92,10,-1,-1
82,10,377.00,264.95,30.25,26.03,0.65,10,-1,-1
82,11,152.63,224.58,19.35,29.88,0.87,10,-1,-1
82,13,543.30,305.25,32.45,26.42,0.93,10,-1,-1
82,14,546.19,292.97,16.69,29.82,0.86,2,-1,-1
82,15,202.41,218.21,19.12,27.56,0.27,10,-1,-1
82,16,243.88,178.70,30.11,28.12,0.94,4,-1,-1
82,17,251.15,164.30,25.85,25.82,0.64,4,-1,-1
82,22,287.90,157.99,24.39,23.23,0.83,4,-1,-1
82,24,350.52,148.60,12.69,19.71,0.95,10,-1,-1
82,26,329.37,441.26,77.10,97.04,1.00,4,-1,-1
82,27,370.88,187.86,32.76,26.33,0.98,4,-1,-1
82,31,397.60,201.62,18.01,22.71,0.75,10,-1,-1
82,34,233.12,324.84,26.34,35.42,0.85,10,-1,-1
82,35,415.32,181.14,20.85,23.98,0.94,4,-1,-1
82,42,361.94,231.21,33.21,21.73,0.87,10,-1,-1
82,44,480.25,211.25,64.21,29.19,0.97,4,-1,-1
82,45,459.37,325.82,42.17,52.94,0.99,7,-1,-1
82,53,419.91,257.70,75.18,40.69,0.99,4,-1,-1
82,56,541.97,323.54,19.66,33.65,0.95,10,-1,-1
82,60,553.80,225.94,79.12,33.91,0.99,4,-1,-1
82,66,432.55,447.75,85.55,91.03,0.99,4,-1,-1
82,78,276.41,250.35,87.78,36.93,1.00,4,-1,-1
82,129,216.07,271.09,63.60,34.85,0.97,7,-1,-1
82,130,188.89,263.91,32.29,25.19,0.85,10,-1,-1
82,7,247.17,290.22,15.95,26.63,0.52,1,-1,-1
82,150,529.48,399.90,85.14,85.05,1.00,4,-1,-1
82,55,593.71,319.75,42.54,53.86,0.85,8,-1,-1
82,153,653.69,227.69,39.29,25.46,0.97,7,-1,-1
82,25,384.96,245.14,32.00,33.10,0.89,10,-1,-1
82,137,221.14,182.48,15.97,21.54,0.74,10,-1,-1
82,165,179.57,243.36,27.43,25.41,0.76,10,-1,-1
82,168,656.49,264.39,50.42,46.09,0.47,4,-1,-1
82,169,68.08,289.68,58.56,48.48,0.66,8,-1,-1
82,105,305.60,303.18,31.54,29.32,0.99,10,-1,-1
82,33,229.64,234.35,28.31,26.55,0.74,10,-1,-1
82,43,436.31,228.02,30.53,21.66,0.74,1,-1,-1
82,114,242.04,242.87,32.12,26.30,0.79,10,-1,-1
82,178,237.80,314.29,19.55,36.24,0.86,2,-1,-1
82,23,643.09,249.16,36.91,25.11,0.66,2,-1,-1
82,106,313.85,293.69,17.95,31.14,0.98,2,-1,-1
82,28,362.28,139.74,13.19,16.15,0.63,10,-1,-1
82,181,113.06,280.27,30.29,34.04,0.91,10,-1,-1
82,183,656.03,263.96,50.96,45.09,0.58,4,-1,-1
82,186,0.72,258.70,71.98,37.67,0.65,4,-1,-1
82,187,249.96,119.63,13.56,19.44,0.66,1,-1,-1
82,188,703.93,438.75,24.11,34.96,0.61,2,-1,-1
83,1,5.35,197.50,63.96,27.85,0.82,4,-1,-1
83,2,389.40,295.82,61.80,32.07,0.97,7,-1,-1
83,4,69.53,177.65,50.60,26.68,0.95,4,-1,-1
83,8,131.61,180.39,33.37,23.85,0.99,4,-1,-1
83,9,135.50,224.45,21.26,30.33,0.88,10,-1,-1
83,10,378.17,265.11,30.55,25.34,0.73,10,-1,-1
83,11,152.77,224.49,19.48,29.50,0.88,10,-1,-1
83,13,545.67,305.34,32.47,26.21,0.93,10,-1,-1
83,14,549.03,293.03,15.99,28.89,0.70,2,-1,-1
83,15,202.84,217.99,18.82,27.46,0.61,10,-1,-1
83,16,244.05,178.42,30.31,28.44,0.92,4,-1,-1
83,17,251.29,164.64,25.69,25.34,0.79,4,-1,-1
83,22,287.82,158.30,24.70,23.42,0.89,4,-1,-1
83,24,350.56,148.85,12.65,19.27,0.88,10,-1,-1
83,26,329.91,440.55,76.72,97.62,1.00,4,-1,-1
83,27,371.33,187.72,31.96,26.23,0.98,4,-1,-1
83,31,397.97,201.33,17.65,22.81,0.69,10,-1,-1
83,34,231.05,326.70,25.75,35.60,0.80,10,-1,-1
83,35,415.34,180.92,20.61,24.05,0.96,4,-1,-1
83,42,359.21,231.09,33.62,21.87,0.95,10,-1,-1
83,44,479.16,211.19,64.38,28.60,0.98,4,-1,-1
83,45,459.53,325.64,41.76,52.55,1.00,7,-1,-1
83,53,417.44,258.22,75.63,40.46,0.99,4,-1,-1
83,56,541.88,323.29,19.80,33.16,0.93,10,-1,-1
83,60,552.24,226.17,76.38,33.33,0.99,4,-1,-1
83,66,432.34,447.11,85.52,91.61,0.99,4,-1,-1
83,78,277.89,249.91,88.26,36.99,1.00,4,-1,-1
83,129,219.69,270.02,65.17,35.47,0.77,7,-1,-1
83,130,192.18,261.06,31.53,27.04,0.79,10,-1,-1
83,7,248.88,290.02,15.93,27.44,0.72,1,-1,-1
83,150,528.47,397.05,83.54,82.93,1.00,4,-1,-1
83,55,593.99,319.57,43.56,52.21,0.80,8,-1,-1
83,153,651.25,226.46,42.04,26.75,0.96,7,-1,-1
83,25,386.03,248.13,31.97,29.60,0.90,10,-1,-1
83,137,221.06,182.80,16.39,21.66,0.84,10,-1,-1
83,165,174.32,243.82,27.59,24.58,0.95,10,-1,-1
83,168,656.33,264.62,48.93,43.71,0.14,7,-1,-1
83,169,72.45,289.04,54.30,47.86,0.32,8,-1,-1
83,105,302.40,303.79,31.76,30.38,1.00,10,-1,-1
83,33,227.49,234.54,31.17,26.42,0.78,10,-1,-1
83,43,435.19,228.48,31.48,22.41,0.60,1,-1,-1
83,114,238.12,244.58,32.26,25.51,0.77,10,-1,-1
83,178,235.33,316.37,19.19,35.86,0.89,2,-1,-1
83,23,646.37,248.65,35.19,24.89,0.72,2,-1,-1
83,106,310.18,294.76,18.83,31.99,0.98,2,-1,-1
83,181,117.72,279.10,27.50,32.97,0.91,10,-1,-1
83,183,656.13,263.41,49.91,45.10,0.25,4,-1,-1
83,186,0.72,257.84,75.97,38.61,0.84,4,-1,-1
83,187,249.94,119.48,13.80,19.79,0.64,1,-1,-1
83,57,628.51,259.61,49.36,41.25,0.67,8,-1,-1
83,175,109.87,287.74,44.21,28.47,0.52,10,-1,-1
84,1,6.03,196.88,63.41,27.96,0.92,4,-1,-1
84,2,392.88,293.83,61.90,33.85,0.96,7,-1,-1
84,4,69.86,177.78,50.51,26.39,0.97,4,-1,-1
84,8,131.91,180.23,33.35,23.81,0.98,4,-1,-1
84,9,135.64,224.30,21.39,29.99,0.89,10,-1,-1
84,10,379.46,264.35,29.87,25.69,0.43,10,-1,-1
84,11,152.96,223.89,19.38,29.55,0.92,10,-1,-1
84,13,548.17,305.38,32.48,26.54,0.91,10,-1,-1
84,14,551.08,293.05,16.13,29.16,0.71,2,-1,-1
84,15,202.81,217.64,18.71,27.43,0.64,10,-1,-1
84,16,244.23,178.34,30.19,28.37,0.95,4,-1,-1
84,17,251.56,164.61,25.43,25.36,0.75,4,-1,-1
84,22,288.01,158.63,24.52,23.30,0.91,4,-1,-1
84,24,350.52,148.41,12.64,18.71,0.91,10,-1,-1
84,26,330.19,439.68,76.17,98.23,1.00,4,-1,-1
84,27,371.62,186.94,31.70,26.81,0.99,4,-1,-1
84,31,397.65,200.99,17.92,23.05,0.72,10,-1,-1
84,34,229.17,329.27,25.13,34.88,0.68,10,-1,-1
84,35,415.08,181.00,20.91,23.89,0.98,4,-1,-1
84,42,356.80,230.80,33.77,22.14,0.87,10,-1,-1
84,44,478.12,210.85,64.45,28.40,0.98,4,-1,-1
84,45,459.91,326.17,41.21,51.63,1.00,7,-1,-1
84,53,415.51,258.37,75.00,40.39,1.00,4,-1,-1
84,56,541.77,324.01,19.45,31.79,0.97,10,-1,-1
84,60,550.88,226.05,75.34,33.54,0.99,4,-1,-1
84,66,432.36,446.30,85.11,92.23,0.99,4,-1,-1
84,78,279.95,249.50,88.35,36.83,1.00,4,-1,-1
84,129,222.70,269.77,66.35,35.13,0.85,7,-1,-1
84,130,195.57,260.98,32.22,26.97,0.83,10,-1,-1
84,7,250.06,289.30,16.33,31.17,0.67,1,-1,-1
84,150,527.47,394.31,81.76,81.36,1.00,4,-1,-1
84,55,593.25,319.14,43.16,54.75,0.82,8,-1,-1
84,153,651.08,227.70,37.68,25.07,0.90,7,-1,-1
84,25,387.50,247.64,31.55,30.50,0.83,10,-1,-1
84,137,221.24,182.83,15.95,21.51,0.88,10,-1,-1
84,165,169.61,243.24,32.21,25.06,0.90,10,-1,-1
84,169,76.24,288.54,52.81,47.64,0.55,8,-1,-1
84,105,299.53,304.44,31.35,31.08,0.99,10,-1,-1
84,33,224.81,234.66,31.04,26.17,0.65,10,-1,-1
84,43,434.73,229.71,31.05,23.09,0.16,1,-1,-1
84,114,234.69,242.28,31.11,26.60,0.77,10,-1,-1
84,178,233.20,317.43,20.08,35.30,0.87,2,-1,-1
84,23,649.79,249.72,34.44,24.43,0.73,2,-1,-1
84,106,306.92,295.78,19.07,32.43,0.94,2,-1,-1
84,181,123.06,278.44,23.86,34.70,0.78,10,-1,-1
84,186,0.55,257.60,79.67,38.79,0.90,4,-1,-1
84,187,250.03,119.46,13.61,20.20,0.75,1,-1,-1
84,57,628.49,259.32,50.24,40.66,0.48,8,-1,-1
84,175,115.55,287.34,42.69,28.90,0.60,10,-1,-1
84,189,475.51,224.65,29.53,31.94,0.65,10,-1,-1
84,190,634.62,224.50,25.31,22.90,0.63,10,-1,-1
84,155,652.94,228.88,34.64,22.72,0.52,10,-1,-1
85,1,5.74,196.87,63.70,27.79,0.94,4,-1,-1
85,2,396.62,292.22,61.54,34.99,0.90,7,-1,-1
85,4,69.98,177.96,50.48,25.87,0.97,4,-1,-1
85,8,132.32,180.09,33.05,23.79,1.00,4,-1,-1
85,9,135.94,223.97,21.20,30.06,0.92,10,-1,-1
85,10,380.89,263.47,30.41,26.21,0.47,10,-1,-1
85,11,153.03,223.38,19.34,29.56,0.94,10,-1,-1
85,13,550.18,305.76,32.49,26.45,0.93,10,-1,-1
85,14,553.13,292.93,16.59,30.16,0.57,2,-1,-1
85,15,202.89,217.32,18.67,27.61,0.78,10,-1,-1
85,16,244.40,178.13,29.94,28.34,0.96,4,-1,-1
85,17,251.66,164.61,25.53,24.76,0.83,4,-1,-1
85,22,287.88,159.05,24.65,23.24,0.93,4,-1,-1
85,24,350.49,147.92,12.63,18.65,0.94,10,-1,-1
85,26,330.31,438.77,75.97,98.83,1.00,4,-1,-1
85,27,371.70,186.75,31.64,26.62,0.99,4,-1,-1
85,31,397.52,200.67,18.02,23.34,0.45,10,-1,-1
85,34,227.87,331.79,24.31,34.18,0.91,10,-1,-1
85,35,414.98,180.92,21.03,23.82,0.98,4,-1,-1
85,42,353.60,230.68,34.21,22.24,0.89,10,-1,-1
85,44,477.14,210.72,64.47,28.32,0.97,4,-1,-1
85,45,459.86,325.77,41.00,51.68,0.99,7,-1,-1
85,53,413.67,258.69,74.37,39.96,0.99,4,-1,-1
85,56,541.54,322.03,19.32,33.35,0.94,10,-1,-1
85,60,548.63,225.99,75.18,33.22,0.99,4,-1,-1
85,66,432.38,445.39,84.96,93.21,0.99,4,-1,-1
85,78,281.93,249.16,88.49,36.57,0.99,4,-1,-1
85,129,225.99,268.81,63.64,35.39,0.87,7,-1,-1
85,130,198.33,257.26,32.87,30.27,0.84,10,-1,-1
85,7,251.25,289.13,16.28,33.38,0.70,1,-1,-1
85,150,526.34,391.78,80.74,80.78,1.00,4,-1,-1
85,55,592.77,318.17,43.98,55.67,0.81,8,-1,-1
85,153,647.90,227.66,38.29,24.80,0.94,7,-1,-1
85,25,388.19,246.46,31.80,32.40,0.86,10,-1,-1
85,137,221.22,182.94,15.98,21.65,0.89,10,-1,-1
85,165,164.58,243.23,34.93,25.43,0.93,10,-1,-1
85,169,81.66,287.89,51.29,46.26,0.55,10,-1,-1
85,105,296.09,305.14,31.70,31.83,0.99,10,-1,-1
85,33,223.19,234.81,31.59,26.46,0.53,10,-1,-1
85,43,428.06,228.10,30.88,23.35,0.75,1,-1,-1
85,114,231.86,241.24,29.26,26.22,0.82,10,-1,-1
85,178,231.51,318.78,20.20,34.67,0.60,2,-1,-1
85,23,654.50,248.16,33.34,24.27,0.57,2,-1,-1
85,106,303.25,296.62,20.14,33.46,0.97,2,-1,-1
85,181,127.72,278.34,27.48,33.57,0.80,10,-1,-1
85,186,0.25,256.64,84.15,39.79,0.90,4,-1,-1
85,187,250.61,119.76,12.84,19.65,0.85,1,-1,-1
85,57,628.46,258.89,48.18,40.85,0.69,8,-1,-1
85,175,122.33,283.32,41.10,30.07,0.94,10,-1,-1
85,191,377.88,148.33,25.92,20.87,0.85,4,-1,-1
86,1,7.07,196.79,62.56,27.34,0.90,4,-1,-1
86,2,399.89,290.11,61.81,36.70,0.97,7,-1,-1
86,4,70.31,177.95,50.56,25.69,0.98,4,-1,-1
86,8,132.66,179.77,32.98,23.98,1.00,4,-1,-1
86,9,136.63,223.77,20.57,29.89,0.92,10,-1,-1
86,10,382.79,254.33,35.75,33.71,0.53,10,-1,-1
86,11,153.54,222.93,18.87,29.17,0.92,10,-1,-1
86,13,551.82,306.48,33.29,26.02,0.96,10,-1,-1
86,14,555.00,292.77,17.16,29.85,0.61,2,-1,-1
86,15,203.15,217.14,18.46,27.68,0.75,10,-1,-1
86,16,244.59,178.10,30.04,28.33,0.97,4,-1,-1
86,17,251.93,164.56,25.57,24.53,0.92,4,-1,-1
86,22,288.07,159.25,24.69,23.23,0.96,4,-1,-1
86,24,350.52,146.67,12.63,19.49,0.89,10,-1,-1
86,26,330.35,437.81,75.88,99.43,1.00,4,-1,-1
86,27,372.56,186.45,30.42,26.36,0.99,4,-1,-1
86,31,397.31,200.03,18.45,23.65,0.64,10,-1,-1
86,34,226.29,332.21,24.44,35.92,0.94,10,-1,-1
86,35,415.17,180.77,20.67,23.60,0.98,4,-1,-1
86,42,351.12,230.01,33.98,22.28,0.93,10,-1,-1
86,44,476.83,210.35,63.68,28.30,0.98,4,-1,-1
86,45,459.85,325.60,40.93,51.31,0.99,7,-1,-1
86,53,411.68,259.06,74.13,39.41,0.99,4,-1,-1
86,56,541.06,320.91,19.67,33.90,0.96,10,-1,-1
86,60,547.28,225.95,74.92,33.11,0.99,4,-1,-1
86,66,431.78,444.64,84.50,93.58,0.98,4,-1,-1
86,78,284.91,248.80,87.24,36.28,0.99,4,-1,-1
86,129,229.28,267.91,64.83,35.89,0.28,7,-1,-1
86,130,201.85,255.90,30.95,30.55,0.94,10,-1,-1
86,7,252.55,288.63,16.85,34.27,0.60,1,-1,-1
86,150,525.38,388.72,79.99,79.79,1.00,4,-1,-1
86,55,592.41,317.60,44.46,57.98,0.42,8,-1,-1
86,153,643.25,227.44,40.08,24.71,0.96,7,-1,-1
86,25,388.23,246.76,32.68,33.70,0.85,10,-1,-1
86,137,221.45,183.12,15.78,21.50,0.89,10,-1,-1
86,165,159.69,242.97,36.03,25.57,0.88,10,-1,-1
86,169,87.14,286.48,49.13,45.85,0.82,8,-1,-1
86,105,293.05,305.81,31.73,32.79,0.99,10,-1,-1
86,33,222.80,233.64,27.65,25.98,0.37,10,-1,-1
86,43,424.62,226.95,31.60,23.26,0.84,1,-1,-1
86,114,227.04,241.08,30.81,26.26,0.79,10,-1,-1
86,178,229.79,319.76,20.44,35.67,0.76,2,-1,-1
86,23,658.54,247.40,32.90,25.45,0.24,2,-1,-1
86,106,300.31,297.93,19.67,33.37,0.97,2,-1,-1
86,181,133.58,276.13,22.82,31.25,0.39,2,-1,-1
86,186,-0.00,255.73,88.39,39.89,0.81,4,-1,-1
86,187,250.69,119.88,12.85,19.46,0.66,1,-1,-1
86,57,628.07,258.34,48.98,41.13,0.78,8,-1,-1
86,175,128.90,283.11,40.29,29.79,0.93,10,-1,-1
86,191,377.66,148.28,26.38,20.74,0.80,4,-1,-1
86,192,87.09,286.72,49.42,45.65,0.66,10,-1,-1
86,49,544.50,198.55,42.75,28.67,0.58,5,-1,-1
86,167,481.97,220.22,22.16,29.75,0.69,10,-1,-1
87,1,7.45,196.55,62.23,27.57,0.91,4,-1,-1
87,2,403.56,290.32,61.14,35.80,0.73,7,-1,-1
87,4,69.97,177.72,51.39,25.81,0.96,4,-1,-1
87,8,132.83,179.62,33.16,24.06,0.99,4,-1,-1
87,9,136.53,223.28,20.94,30.23,0.91,10,-1,-1
87,11,153.08,222.95,19.60,29.21,0.93,10,-1,-1
87,13,553.75,305.97,33.20,26.66,0.96,10,-1,-1
87,14,557.02,293.12,17.38,30.92,0.36,2,-1,-1
87,15,203.51,217.04,18.18,27.31,0.81,10,-1,-1
87,16,244.73,177.74,30.09,28.52,0.98,4,-1,-1
87,17,252.00,164.40,25.59,24.65,0.94,4,-1,-1
87,22,288.31,159.45,24.51,23.22,0.94,4,-1,-1
87,24,350.50,145.86,12.64,19.99,0.92,10,-1,-1
87,26,330.57,437.14,75.88,99.64,1.00,4,-1,-1
87,27,372.84,185.99,30.01,26.45,0.99,4,-1,-1
87,31,397.02,199.53,18.62,23.96,0.85,10,-1,-1
87,34,224.76,333.98,24.50,36.16,0.90,10,-1,-1
87,35,415.24,180.64,20.94,23.72,0.97,4,-1,-1
87,42,348.68,229.89,33.89,22.09,0.88,10,-1,-1
87,44,476.34,210.34,62.99,27.89,0.98,4,-1,-1
87,45,459.66,324.58,40.91,51.58,0.99,7,-1,-1
87,53,408.62,259.22,74.86,39.60,0.99,4,-1,-1
87,56,540.92,319.53,19.42,34.92,0.98,10,-1,-1
87,60,545.26,225.65,75.66,33.27,0.99,4,-1,-1
87,66,432.39,443.85,83.56,94.08,0.99,4,-1,-1
87,78,286.22,248.73,88.08,35.97,0.99,4,-1,-1
87,129,232.36,266.08,62.30,36.47,0.59,8,-1,-1
87,130,204.91,252.55,31.41,33.53,0.85,10,-1,-1
87,7,254.16,292.29,27.46,31.04,0.83,1,-1,-1
87,150,524.29,385.92,78.97,79.04,1.00,4,-1,-1
87,55,592.52,317.41,43.68,55.36,0.51,8,-1,-1
87,153,642.37,228.46,39.98,23.47,0.98,7,-1,-1
87,25,388.00,246.44,33.80,36.34,0.91,10,-1,-1
87,137,221.70,182.84,15.91,22.24,0.86,10,-1,-1
87,165,154.59,243.04,37.04,26.02,0.81,10,-1,-1
87,169,92.33,285.38,49.05,45.41,0.77,8,-1,-1
87,105,289.92,307.17,31.25,33.06,0.99,10,-1,-1
87,33,222.82,235.44,28.40,24.99,0.19,10,-1,-1
87,43,421.81,226.94,31.48,22.82,0.88,1,-1,-1
87,114,222.59,240.19,31.55,26.66,0.84,10,-1,-1
87,178,227.51,321.15,21.12,37.23,0.90,2,-1,-1
87,23,662.73,247.62,31.14,24.50,0.58,2,-1,-1
87,106,297.03,299.45,20.17,32.92,0.96,2,-1,-1
87,181,138.45,276.08,27.79,33.65,0.73,10,-1,-1
87,186,-0.09,254.35,92.49,40.97,0.96,4,-1,-1
87,187,250.89,120.06,12.86,19.85,0.79,10,-1,-1
87,57,627.96,258.14,48.49,41.03,0.66,8,-1,-1
87,175,134.69,281.36,39.31,30.70,0.94,10,-1,-1
87,191,377.38,148.11,26.47,20.54,0.52,5,-1,-1
87,192,90.97,286.03,50.12,44.31,0.67,10,-1,-1
87,49,544.09,197.89,43.20,29.65,0.39,5,-1,-1
87,167,480.56,220.00,23.91,29.57,0.69,1,-1,-1
87,193,12.35,244.99,33.16,19.59,0.71,10,-1,-1
87,194,590.62,354.38,45.20,66.90,0.69,8,-1,-1
88,1,7.03,196.11,63.07,28.05,0.95,4,-1,-1
88,2,406.58,288.40,61.29,36.90,0.62,7,-1,-1
88,4,70.53,177.58,51.02,25.86,0.97,4,-1,-1
88,8,132.94,179.30,33.24,24.28,0.99,4,-1,-1
88,9,136.65,222.95,20.89,30.16,0.94,10,-1,-1
88,11,154.10,222.31,18.44,28.44,0.94,10,-1,-1
88,13,556.15,305.30,32.38,27.77,0.97,10,-1,-1
88,14,559.05,293.46,17.07,30.93,0.38,2,-1,-1
88,15,203.70,216.75,18.09,27.17,0.88,10,-1,-1
88,16,244.93,177.54,29.92,28.40,0.98,4,-1,-1
88,17,251.88,164.36,25.80,24.89,0.94,4,-1,-1
88,22,288.07,159.83,24.75,23.21,0.93,4,-1,-1
88,24,350.66,145.34,12.64,19.94,0.94,10,-1,-1
88,26,330.64,436.37,76.29,100.09,1.00,4,-1,-1
88,27,373.31,185.74,29.48,26.09,0.99,4,-1,-1
88,31,397.08,199.18,18.68,24.08,0.90,10,-1,-1
88,34,223.65,335.82,24.14,36.64,0.90,10,-1,-1
88,35,415.24,180.51,21.05,23.76,0.98,4,-1,-1
88,42,346.23,229.78,33.85,21.82,0.87,10,-1,-1
88,44,476.96,210.36,61.15,27.33,0.99,4,-1,-1
88,45,459.78,324.43,40.92,50.50,0.99,7,-1,-1
88,53,406.53,259.09,74.75,39.88,0.99,4,-1,-1
88,56,541.06,318.06,19.32,35.71,0.99,10,-1,-1
88,60,543.96,225.24,74.96,33.33,0.99,4,-1,-1
88,66,432.62,443.01,83.22,94.64,0.99,4,-1,-1
88,78,288.09,248.64,87.52,35.25,0.99,4,-1,-1
88,129,235.53,265.05,61.56,36.10,0.55,7,-1,-1
88,130,207.60,256.59,33.56,30.53,0.93,10,-1,-1
88,7,255.43,295.67,30.94,27.06,0.76,1,-1,-1
88,150,522.93,383.61,78.24,78.38,1.00,4,-1,-1
88,55,592.57,317.78,43.36,53.09,0.34,8,-1,-1
88,153,640.54,229.15,39.93,22.60,0.98,7,-1,-1
88,25,390.20,246.33,32.28,35.44,0.74,10,-1,-1
88,137,221.66,183.05,15.76,22.32,0.91,10,-1,-1
88,165,149.81,243.12,37.23,25.99,0.88,10,-1,-1
88,169,96.88,284.64,53.05,45.06,0.72,8,-1,-1
88,105,287.06,309.17,31.08,32.85,0.99,10,-1,-1
88,33,218.89,236.38,30.66,24.60,0.77,10,-1,-1
88,43,419.01,227.16,31.83,22.86,0.91,1,-1,-1
88,114,213.31,242.07,36.57,27.01,0.81,10,-1,-1
88,178,226.00,323.05,20.99,36.24,0.72,2,-1,-1
88,23,665.74,248.34,31.27,23.94,0.42,2,-1,-1
88,106,293.62,301.02,20.65,34.33,0.98,2,-1,-1
88,181,144.12,274.51,22.74,32.18,0.55,10,-1,-1
88,186,-0.10,253.52,96.35,41.33,0.98,4,-1,-1
88,187,250.80,120.13,13.10,19.56,0.54,1,-1,-1
88,57,627.53,257.69,49.10,40.60,0.69,8,-1,-1
88,175,140.34,282.17,38.73,29.25,0.96,10,-1,-1
88,191,377.03,147.96,26.51,20.71,0.51,4,-1,-1
88,192,94.09,284.63,66.37,49.08,0.41,8,-1,-1
88,49,544.33,197.88,42.96,29.95,0.79,5,-1,-1
88,167,478.26,220.53,25.78,27.34,0.61,1,-1,-1
88,193,15.40,244.47,33.88,19.09,0.76,10,-1,-1
88,195,234.44,266.38,67.20,35.86,0.63,7,-1,-1
88,196,544.22,197.53,42.79,30.13,0.71,5,-1,-1
88,197,701.52,432.72,24.11,36.76,0.73,2,-1,-1
88,136,92.91,209.29,15.96,24.39,0.51,10,-1,-1
89,1,9.35,196.88,61.15,26.85,0.94,4,-1,-1
89,2,410.20,287.29,60.56,37.31,0.94,7,-1,-1
89,4,70.35,177.18,51.57,26.08,0.98,4,-1,-1
89,8,133.43,179.04,33.17,24.37,0.99,4,-1,-1
89,9,136.59,222.58,21.51,30.33,0.94,10,-1,-1
89,11,154.65,222.03,18.18,28.74,0.94,10,-1,-1
89,13,558.17,304.75,32.46,28.49,0.98,10,-1,-1
89,14,560.73,293.58,17.35,31.52,0.62,2,-1,-1
89,15,203.92,216.51,18.05,27.52,0.90,10,-1,-1
89,16,245.26,177.24,29.65,28.35,0.96,4,-1,-1
89,17,252.19,164.12,25.48,24.98,0.89,4,-1,-1
89,22,288.23,160.04,24.83,23.41,0.91,4,-1,-1
89,24,350.58,145.15,13.04,19.72,0.90,10,-1,-1
89,26,331.28,435.47,75.64,100.25,1.00,4,-1,-1
89,27,373.31,185.34,29.31,26.16,0.99,4,-1,-1
89,31,396.96,198.44,18.70,24.52,0.67,10,-1,-1
89,34,222.86,338.59,23.21,36.42,0.79,10,-1,-1
89,35,415.29,180.25,21.48,23.98,0.97,4,-1,-1
89,42,343.07,229.12,35.01,22.52,0.95,10,-1,-1
89,44,477.48,209.96,60.45,27.34,0.98,4,-1,-1
89,45,460.06,323.77,40.53,50.50,0.99,7,-1,-1
89,53,402.28,259.31,76.69,41.18,0.99,4,-1,-1
89,56,541.35,317.31,18.88,35.62,0.97,10,-1,-1
89,60,542.19,224.49,74.90,33.97,0.99,4,-1,-1
89,66,432.53,441.91,83.10,95.63,0.99,4,-1,-1
89,78,289.86,248.30,87.79,35.19,0.99,4,-1,-1
89,129,238.02,264.84,64.53,36.15,0.69,7,-1,-1
89,130,211.12,250.76,33.39,35.39,0.68,8,-1,-1
89,7,256.78,297.71,32.22,24.34,0.68,1,-1,-1
89,150,522.30,381.45,77.19,76.55,1.00,4,-1,-1
89,55,593.03,316.72,42.04,50.62,0.48,8,-1,-1
89,153,638.77,228.58,39.90,23.32,0.96,7,-1,-1
89,25,391.85,245.59,30.86,34.85,0.89,10,-1,-1
89,137,221.80,183.48,15.90,21.55,0.93,10,-1,-1
89,165,144.80,243.50,38.02,25.58,0.82,10,-1,-1
89,169,101.41,283.94,54.57,45.34,0.77,8,-1,-1
89,105,284.65,310.07,30.52,33.55,0.99,10,-1,-1
89,33,222.78,237.69,24.88,25.26,0.63,10,-1,-1
89,43,416.87,227.53,31.16,22.68,0.90,1,-1,-1
89,178,225.07,324.68,20.72,36.64,0.82,2,-1,-1
89,23,669.16,247.92,32.92,23.95,0.60,2,-1,-1
89,106,291.38,302.53,20.14,34.07,0.95,2,-1,-1
89,181,149.68,273.59,21.76,32.20,0.34,10,-1,-1
89,186,0.47,252.79,99.66,41.03,0.99,4,-1,-1
89,187,251.45,120.49,13.81,19.46,0.25,1,-1,-1
89,57,627.01,257.13,50.91,40.64,0.73,8,-1,-1
89,175,144.76,282.10,39.15,28.07,0.92,10,-1,-1
89,191,376.52,147.74,26.97,20.83,0.66,4,-1,-1
89,192,97.18,283.92,79.26,50.90,0.40,10,-1,-1
89,49,543.88,197.68,43.26,30.86,0.64,5,-1,-1
89,167,476.44,219.04,26.90,27.44,0.16,1,-1,-1
89,193,18.39,243.51,32.61,19.00,0.62,10,-1,-1
89,197,700.46,429.66,25.06,38.19,0.53,2,-1,-1
89,136,93.25,208.90,16.07,24.62,0.23,10,-1,-1
89,147,821.38,476.75,26.48,50.48,0.58,1,-1,-1
90,1,9.39,196.45,62.01,27.00,0.92,4,-1,-1
90,2,413.17,287.47,60.68,36.49,0.96,7,-1,-1
90,4,70.49,176.91,51.56,26.17,0.98,4,-1,-1
90,8,133.66,178.73,33.19,24.40,0.99,4,-1,-1
90,9,137.10,222.63,21.79,30.20,0.94,10,-1,-1
90,11,154.64,222.22,18.69,29.85,0.82,10,-1,-1
90,13,560.36,303.96,31.69,29.35,0.99,10,-1,-1
90,14,562.81,293.64,17.44,31.54,0.69,2,-1,-1
90,15,204.18,216.41,18.04,27.45,0.92,10,-1,-1
90,16,245.47,177.22,29.54,28.13,0.97,4,-1,-1
90,17,252.29,164.13,25.55,24.42,0.92,4,-1,-1
90,22,288.27,160.20,25.06,23.68,0.85,4,-1,-1
90,24,350.73,145.85,12.79,18.89,0.85,10,-1,-1
90,26,331.07,434.73,75.78,100.28,1.00,4,-1,-1
90,27,373.47,184.91,29.27,26.18,0.99,4,-1,-1
90,31,396.89,197.89,18.70,24.88,0.71,10,-1,-1
90,34,221.61,341.15,21.85,35.53,0.88,10,-1,-1
90,35,415.08,179.97,22.03,24.26,0.98,4,-1,-1
90,42,340.16,228.87,35.83,22.59,0.93,10,-1,-1
90,44,476.84,209.63,59.80,27.35,0.98,4,-1,-1
90,45,459.91,323.73,40.37,50.10,0.99,7,-1,-1
90,53,398.94,259.48,77.80,42.26,1.00,4,-1,-1
90,56,541.41,316.46,18.72,35.98,0.98,10,-1,-1
90,60,540.14,224.04,75.08,34.41,0.99,4,-1,-1
90,66,432.44,440.71,83.04,96.76,0.99,4,-1,-1
90,78,291.81,247.77,86.70,34.98,0.99,4,-1,-1
90,129,240.62,265.47,66.79,35.78,0.94,7,-1,-1
90,130,214.90,249.06,30.73,36.53,0.73,10,-1,-1
90,7,257.72,289.99,23.86,31.40,0.88,1,-1,-1
90,150,522.05,379.75,75.21,75.49,0.98,4,-1,-1
90,55,592.14,316.76,42.53,50.93,0.38,8,-1,-1
90,153,636.53,227.91,42.25,23.98,0.98,7,-1,-1
90,25,392.38,245.11,31.94,35.80,0.81,10,-1,-1
90,137,221.94,183.53,16.15,21.45,0.95,10,-1,-1
90,165,139.80,244.03,38.49,25.02,0.87,10,-1,-1
90,169,105.86,283.28,54.73,45.46,0.84,8,-1,-1
90,105,282.14,311.54,29.40,34.19,0.97,10,-1,-1
90,33,221.14,234.70,23.93,26.69,0.55,10,-1,-1
90,43,414.72,228.28,31.29,24.40,0.86,1,-1,-1
90,178,223.88,327.00,20.01,35.58,0.67,2,-1,-1
90,23,673.41,246.99,32.74,23.96,0.87,2,-1,-1
90,106,288.85,303.84,19.93,34.74,0.95,2,-1,-1
90,181,153.98,272.56,22.41,33.62,0.37,10,-1,-1
90,186,1.87,252.52,101.96,40.70,0.89,4,-1,-1
90,187,251.07,120.40,14.06,19.42,0.33,1,-1,-1
90,57,626.36,257.05,49.23,40.06,0.95,8,-1,-1
90,175,150.35,281.37,38.24,28.16,0.91,10,-1,-1
90,191,376.12,147.19,27.12,21.03,0.68,4,-1,-1
90,49,543.66,197.63,42.57,30.41,0.60,5,-1,-1
90,193,22.56,241.09,31.06,19.44,0.70,10,-1,-1
90,197,701.09,429.27,25.24,38.00,0.35,2,-1,-1
90,147,824.34,478.17,26.53,52.27,0.68,2,-1,-1
90,198,0.29,275.73,28.07,48.21,0.75,4,-1,-1
90,199,215.01,249.21,29.83,36.76,0.62,10,-1,-1
90,41,419.34,230.52,28.58,25.69,0.57,2,-1,-1
90,114,209.46,239.63,26.64,27.82,0.85,10,-1,-1
91,1,9.54,196.02,62.65,27.24,0.93,4,-1,-1
91,2,416.57,288.12,60.74,35.04,0.97,7,-1,-1
91,4,70.93,176.83,51.17,26.19,0.98,4,-1,-1
91,8,134.14,178.92,32.90,24.01,0.99,4,-1,-1
91,9,137.74,222.86,21.75,30.14,0.97,10,-1,-1
91,11,154.74,222.49,19.47,30.65,0.88,10,-1,-1
91,13,562.11,303.76,31.01,29.95,0.98,10,-1,-1
91,14,564.52,293.77,17.09,31.05,0.41,2,-1,-1
91,15,204.69,217.56,18.04,26.23,0.91,10,-1,-1
91,16,245.75,177.10,29.51,28.25,0.96,4,-1,-1
91,17,252.82,164.22,25.19,23.80,0.92,4,-1,-1
91,22,288.49,160.62,25.14,23.58,0.83,4,-1,-1
91,24,350.58,144.13,13.10,19.13,0.89,10,-1,-1
91,26,331.05,433.75,75.86,100.26,1.00,4,-1,-1
91,27,373.73,184.61,28.87,26.19,0.99,4,-1,-1
91,31,396.68,197.74,18.71,24.81,0.92,10,-1,-1
91,34,220.97,342.73,21.59,35.58,0.93,10,-1,-1
91,35,415.20,179.81,22.24,24.17,0.99,4,-1,-1
91,42,337.20,229.53,35.75,22.21,0.90,10,-1,-1
91,44,475.43,209.25,59.98,27.34,0.99,4,-1,-1
91,45,459.90,323.57,40.33,49.96,0.99,7,-1,-1
91,53,395.22,260.17,79.02,42.07,0.99,4,-1,-1
91,56,541.27,315.59,18.66,35.71,0.98,10,-1,-1
91,60,538.66,224.08,75.56,34.17,0.99,4,-1,-1
91,66,432.47,439.73,83.05,97.94,1.00,4,-1,-1
91,78,294.48,247.55,85.89,34.69,0.99,4,-1,-1
91,129,243.68,264.72,66.49,36.42,0.93,7,-1,-1
91,130,217.90,247.84,29.69,37.34,0.73,10,-1,-1
91,7,259.31,287.98,19.44,32.89,0.80,1,-1,-1
91,150,520.85,376.63,75.35,75.52,0.99,4,-1,-1
91,55,591.47,316.99,42.71,51.44,0.49,8,-1,-1
91,153,633.43,227.84,44.67,24.03,0.97,7,-1,-1
91,25,395.14,244.50,29.58,35.55,0.32,10,-1,-1
91,137,221.90,183.33,16.05,22.01,0.88,10,-1,-1
91,165,134.74,245.43,39.05,24.00,0.85,10,-1,-1
91,169,110.62,282.57,54.27,46.30,0.67,8,-1,-1
91,105,279.56,313.31,29.20,34.03,0.98,10,-1,-1
91,33,219.51,233.55,23.23,30.72,0.49,10,-1,-1
91,43,414.00,227.14,29.76,23.87,0.83,1,-1,-1
91,178,222.65,328.30,19.74,35.17,0.63,2,-1,-1
91,23,678.49,247.35,34.25,24.37,0.84,2,-1,-1
91,106,285.97,305.65,19.35,33.71,0.97,2,-1,-1
91,181,158.79,272.00,22.80,34.14,0.85,10,-1,-1
91,186,4.50,252.06,102.92,40.75,0.86,4,-1,-1
91,187,251.11,120.39,14.16,19.61,0.50,1,-1,-1
91,57,626.15,256.84,47.77,40.23,0.95,8,-1,-1
91,175,156.09,281.23,37.29,26.99,0.75,10,-1,-1
91,191,376.00,147.01,26.74,20.93,0.71,4,-1,-1
91,49,543.60,197.84,42.71,29.43,0.87,5,-1,-1
91,193,26.75,239.57,31.27,19.80,0.80,10,-1,-1
91,197,700.04,429.46,26.24,36.54,0.35,2,-1,-1
91,147,825.86,478.29,27.35,52.15,0.79,1,-1,-1
91,198,0.59,275.93,32.63,45.54,0.83,4,-1,-1
91,199,217.41,248.20,29.10,37.22,0.72,10,-1,-1
91,41,421.93,229.27,25.02,26.21,0.46,2,-1,-1
91,114,206.69,238.77,23.80,28.35,0.84,10,-1,-1
91,200,543.31,197.83,42.79,29.23,0.84,5,-1,-1
91,201,677.41,220.73,26.52,18.08,0.96,10,-1,-1
91,202,701.52,221.79,77.14,30.13,0.73,4,-1,-1
91,203,825.67,478.53,28.93,51.23,0.80,1,-1,-1
91,192,137.62,285.06,53.20,43.29,0.58,10,-1,-1
92,1,10.07,195.29,62.58,27.93,0.95,4,-1,-1
92,2,419.67,288.18,60.77,34.70,0.95,7,-1,-1
92,4,70.82,176.44,51.32,26.60,0.97,4,-1,-1
92,8,134.20,178.74,33.05,24.07,0.99,4,-1,-1
92,9,137.92,222.50,22.13,30.13,0.97,10,-1,-1
92,11,154.81,222.55,19.97,29.98,0.92,10,-1,-1
92,13,563.65,302.41,30.36,31.45,0.98,10,-1,-1
92,14,566.05,293.99,16.95,32.06,0.33,2,-1,-1
92,15,204.62,216.03,18.24,26.99,0.87,10,-1,-1
92,16,245.80,176.91,29.70,28.09,0.97,4,-1,-1
92,17,252.87,164.30,25.05,22.97,0.93,4,-1,-1
92,22,288.63,160.71,25.08,23.74,0.85,4,-1,-1
92,24,350.50,143.42,13.21,19.37,0.90,10,-1,-1
92,26,330.99,432.80,76.29,100.25,1.00,4,-1,-1
92,27,373.58,184.27,28.75,26.00,0.99,4,-1,-1
92,31,396.38,197.36,18.71,24.59,0.93,10,-1,-1
92,34,220.12,345.62,21.10,35.20,0.93,10,-1,-1
92,35,415.03,179.31,21.93,24.33,0.98,4,-1,-1
92,42,333.36,229.75,36.50,22.46,0.88,10,-1,-1
92,44,474.10,208.68,60.06,27.75,0.99,4,-1,-1
92,45,460.07,323.30,39.92,49.92,0.97,7,-1,-1
92,53,392.67,260.59,78.31,42.39,0.99,4,-1,-1
92,56,540.80,313.49,19.05,36.41,0.97,10,-1,-1
92,60,536.77,224.08,75.36,33.69,0.99,4,-1,-1
92,66,432.24,438.79,83.07,98.78,1.00,4,-1,-1
92,78,295.75,247.04,86.81,34.80,0.99,4,-1,-1
92,129,246.64,263.63,65.79,36.66,0.94,7,-1,-1
92,7,261.33,286.23,17.32,33.81,0.92,1,-1,-1
92,150,519.81,374.76,75.03,74.77,0.98,4,-1,-1
92,153,631.12,227.20,45.61,24.65,0.97,7,-1,-1
92,25,397.13,243.74,31.93,33.28,0.40,10,-1,-1
92,137,221.84,183.20,16.21,22.42,0.81,10,-1,-1
92,165,129.85,245.60,38.96,23.62,0.87,10,-1,-1
92,169,114.55,281.78,53.10,45.94,0.53,8,-1,-1
92,105,276.95,314.51,28.73,34.74,0.99,10,-1,-1
92,43,413.20,225.06,29.17,24.64,0.77,1,-1,-1
92,178,221.10,330.30,19.84,35.82,0.89,2,-1,-1
92,23,683.82,245.98,35.60,26.53,0.45,2,-1,-1
92,106,283.16,307.16,18.93,33.00,0.99,2,-1,-1
92,181,163.03,272.07,23.57,33.94,0.80,10,-1,-1
92,186,7.97,251.76,103.15,39.96,0.96,4,-1,-1
92,57,626.08,256.75,47.22,39.91,0.91,8,-1,-1
92,175,160.67,280.14,37.13,27.38,0.91,10,-1,-1
92,191,375.74,147.01,26.60,20.80,0.59,4,-1,-1
92,49,543.77,197.88,42.37,28.86,0.80,5,-1,-1
92,193,30.06,238.43,31.86,20.35,0.88,10,-1,-1
92,197,699.70,429.34,24.80,36.10,0.31,2,-1,-1
92,147,826.85,478.00,27.65,50.93,0.74,1,-1,-1
92,198,0.69,278.06,36.92,41.94,0.78,4,-1,-1
92,41,415.50,227.55,29.33,27.16,0.59,2,-1,-1
92,114,203.58,238.12,31.95,28.55,0.29,10,-1,-1
92,200,543.50,197.52,42.29,29.22,0.81,5,-1,-1
92,201,674.40,219.93,28.44,18.79,0.89,10,-1,-1
92,202,699.46,221.94,80.00,30.36,0.82,4,-1,-1
92,192,148.44,285.91,44.25,40.54,0.19,10,-1,-1
92,204,454.72,234.29,37.97,28.63,0.70,4,-1,-1
92,168,653.89,262.00,51.69,43.66,0.51,4,-1,-1
92,183,653.29,261.50,51.78,44.00,0.73,4,-1,-1
93,1,12.20,195.64,60.51,27.20,0.95,4,-1,-1
93,2,422.95,288.61,60.78,33.96,0.99,7,-1,-1
93,4,71.02,176.12,51.56,26.75,0.97,4,-1,-1
93,8,134.29,178.60,33.54,24.08,0.99,4,-1,-1
93,9,137.51,221.89,23.15,30.91,0.96,10,-1,-1
93,11,154.86,222.30,20.35,29.91,0.94,10,-1,-1
93,13,565.35,301.97,29.32,31.91,0.98,10,-1,-1
93,14,567.55,294.16,17.30,30.95,0.24,2,-1,-1
93,15,205.09,216.09,18.32,26.46,0.90,10,-1,-1
93,16,246.01,176.86,29.77,28.03,0.96,4,-1,-1
93,17,253.08,164.15,25.20,23.26,0.93,4,-1,-1
93,22,288.67,160.76,25.34,23.79,0.91,4,-1,-1
93,24,350.54,142.95,13.25,19.40,0.93,10,-1,-1
93,26,331.24,431.83,76.04,99.81,1.00,4,-1,-1
93,27,373.37,183.97,28.72,25.92,0.98,4,-1,-1
93,31,395.73,197.04,19.49,24.49,0.96,10,-1,-1
93,34,219.58,348.21,20.74,35.44,0.89,10,-1,-1
93,35,415.22,179.25,21.80,24.19,0.97,4,-1,-1
93,42,331.47,229.85,35.60,22.55,0.91,10,-1,-1
93,44,472.87,207.99,60.09,28.30,0.98,4,-1,-1
93,45,459.77,322.99,40.17,49.10,0.98,7,-1,-1
93,53,389.29,261.03,78.79,43.29,0.99,4,-1,-1
93,56,540.66,312.90,19.19,35.87,0.98,10,-1,-1
93,60,535.15,224.09,75.27,33.49,0.99,4,-1,-1
93,66,432.02,438.01,83.06,99.44,1.00,4,-1,-1
93,78,299.02,246.76,84.75,34.44,0.99,4,-1,-1
93,129,249.12,263.83,63.71,35.16,0.78,7,-1,-1
93,7,263.09,285.75,16.40,33.18,0.84,1,-1,-1
93,150,518.90,372.33,74.13,74.50,0.98,4,-1,-1
93,153,629.91,226.07,45.17,25.87,0.97,7,-1,-1
93,25,398.47,245.28,33.12,32.17,0.51,10,-1,-1
93,137,222.11,182.77,16.07,23.35,0.86,10,-1,-1
93,165,125.52,245.36,38.51,23.68,0.85,10,-1,-1
93,169,118.97,280.71,50.95,45.00,0.75,8,-1,-1
93,105,275.19,315.90,27.96,34.61,0.98,10,-1,-1
93,43,413.24,223.71,28.15,24.53,0.77,1,-1,-1
93,178,220.39,332.37,19.28,35.66,0.86,2,-1,-1
93,23,688.07,246.43,33.77,26.93,0.60,2,-1,-1
93,106,280.62,308.67,19.16,32.71,0.99,2,-1,-1
93,181,167.65,271.84,25.66,33.25,0.93,10,-1,-1
93,186,12.30,251.39,102.40,39.44,0.97,4,-1,-1
93,57,625.67,256.62,47.02,40.37,0.93,8,-1,-1
93,175,165.81,278.06,36.26,27.92,0.90,10,-1,-1
93,191,375.52,146.99,26.54,20.79,0.72,4,-1,-1
93,193,34.13,236.95,31.24,21.16,0.65,10,-1,-1
93,197,697.39,427.29,26.91,36.43,0.52,2,-1,-1
93,147,827.98,477.45,26.97,49.23,0.74,1,-1,-1
93,198,0.58,277.79,42.06,41.32,0.84,4,-1,-1
93,41,418.56,227.93,26.13,27.71,0.49,2,-1,-1
93,114,199.53,238.88,35.71,27.63,0.65,10,-1,-1
93,201,673.80,219.41,27.88,19.15,0.81,10,-1,-1
93,202,697.66,220.68,80.53,32.24,0.38,4,-1,-1
93,192,154.45,284.47,44.66,43.25,0.25,10,-1,-1
93,168,653.40,261.38,51.84,42.83,0.75,4,-1,-1
93,183,653.61,261.44,51.03,43.53,0.73,4,-1,-1
93,205,828.68,477.62,26.52,48.82,0.63,2,-1,-1
93,130,224.39,250.27,28.80,34.32,0.87,10,-1,-1
94,1,11.85,195.38,61.13,27.32,0.93,4,-1,-1
94,2,426.01,288.89,60.79,33.38,0.97,7,-1,-1
94,4,71.13,176.30,51.55,26.41,0.95,4,-1,-1
94,8,134.51,178.44,33.58,24.09,0.99,4,-1,-1
94,9,137.50,221.26,23.54,31.20,0.96,10,-1,-1
94,11,155.50,222.30,19.71,29.48,0.86,10,-1,-1
94,13,566.86,300.26,28.54,33.63,0.98,10,-1,-1
94,14,569.00,294.42,17.03,30.11,0.35,2,-1,-1
94,15,205.31,215.62,18.75,26.26,0.83,10,-1,-1
94,16,246.14,176.25,29.80,28.41,0.97,4,-1,-1
94,17,253.11,163.99,25.46,23.18,0.91,4,-1,-1
94,22,288.54,160.96,25.54,24.01,0.74,4,-1,-1
94,24,350.71,143.58,12.87,18.73,0.92,10,-1,-1
94,26,331.69,430.91,75.56,99.64,1.00,4,-1,-1
94,27,373.25,183.56,28.72,26.09,0.98,4,-1,-1
94,31,395.45,196.73,19.40,24.45,0.94,10,-1,-1
94,34,218.78,350.91,20.22,35.14,0.71,10,-1,-1
94,35,415.05,178.82,22.94,24.53,0.98,4,-1,-1
94,42,329.24,229.68,35.23,21.79,0.83,10,-1,-1
94,44,470.60,207.53,61.31,28.11,0.98,4,-1,-1
94,45,459.83,322.89,39.87,48.41,0.98,7,-1,-1
94,53,386.48,261.77,78.97,43.82,0.98,4,-1,-1
94,56,540.58,312.31,18.85,36.06,0.99,10,-1,-1
94,60,533.39,223.89,74.85,33.43,0.99,4,-1,-1
94,66,431.50,437.16,83.47,100.06,1.00,4,-1,-1
94,78,299.62,246.37,85.68,34.31,0.99,4,-1,-1
94,129,251.67,263.63,53.89,34.59,0.90,7,-1,-1
94,7,264.43,284.71,16.09,34.38,0.92,1,-1,-1
94,150,518.37,370.53,72.63,73.22,0.97,4,-1,-1
94,153,627.15,225.45,46.54,26.13,0.95,7,-1,-1
94,25,401.25,242.41,30.47,32.98,0.31,10,-1,-1
94,137,222.37,182.89,16.21,23.32,0.72,10,-1,-1
94,165,120.79,245.16,38.07,23.91,0.87,10,-1,-1
94,169,123.79,280.14,49.86,44.05,0.71,8,-1,-1
94,105,272.49,317.38,28.09,34.93,0.96,10,-1,-1
94,43,408.22,222.80,27.37,25.67,0.68,1,-1,-1
94,178,218.95,334.08,19.47,36.39,0.89,2,-1,-1
94,23,691.89,246.04,34.62,26.70,0.17,2,-1,-1
94,106,277.15,310.19,20.05,33.01,0.94,2,-1,-1
94,181,172.24,270.98,22.18,33.39,0.50,10,-1,-1
94,186,16.18,250.97,102.42,39.04,0.92,4,-1,-1
94,57,625.10,256.38,48.55,40.36,0.66,8,-1,-1
94,175,170.79,277.31,35.13,27.93,0.95,10,-1,-1
94,191,375.00,146.78,26.52,20.99,0.89,4,-1,-1
94,193,37.44,234.43,31.00,22.65,0.36,10,-1,-1
94,197,697.04,426.20,25.14,39.11,0.35,2,-1,-1
94,147,828.41,476.87,26.70,49.78,0.87,1,-1,-1
94,198,0.83,277.45,46.70,40.07,0.89,4,-1,-1
94,41,420.17,227.39,24.21,28.71,0.70,2,-1,-1
94,114,199.69,237.28,33.78,24.08,0.45,10,-1,-1
94,201,672.24,218.35,28.63,19.05,0.69,7,-1,-1
94,202,695.24,221.19,79.81,31.99,0.38,4,-1,-1
94,192,158.82,283.08,45.15,43.16,0.59,10,-1,-1
94,205,828.97,476.42,26.51,50.23,0.89,1,-1,-1
94,130,227.57,253.49,28.64,30.67,0.85,10,-1,-1
94,206,122.95,280.85,50.78,42.79,0.67,8,-1,-1
94,207,383.30,127.09,16.27,17.78,0.63,7,-1,-1
94,208,543.31,197.08,42.19,28.63,0.83,7,-1,-1
94,209,611.42,303.45,17.78,31.34,0.78,1,-1,-1
94,210,671.38,219.83,28.93,18.68,0.81,10,-1,-1
94,49,543.39,197.08,42.19,28.86,0.81,5,-1,-1
95,1,13.27,195.33,60.59,26.98,0.82,4,-1,-1
95,2,429.40,288.61,60.41,32.98,0.97,7,-1,-1
95,4,71.93,176.12,50.37,26.29,0.93,4,-1,-1
95,8,134.52,178.15,33.60,24.30,0.99,4,-1,-1
95,9,137.80,221.10,23.10,30.34,0.89,10,-1,-1
95,11,155.78,222.09,19.45,29.12,0.54,10,-1,-1
95,13,568.35,300.39,27.05,33.14,0.98,10,-1,-1
95,14,570.26,294.73,17.33,30.21,0.36,2,-1,-1
95,15,204.74,215.22,19.30,26.20,0.82,10,-1,-1
95,16,246.04,176.09,29.81,28.56,0.95,4,-1,-1
95,17,253.07,163.70,25.56,23.56,0.90,4,-1,-1
95,22,288.16,161.09,26.11,24.30,0.66,4,-1,-1
95,24,350.56,142.97,13.13,18.62,0.87,10,-1,-1
95,26,332.00,430.22,74.98,99.19,1.00,4,-1,-1
95,27,373.38,183.20,28.34,26.17,0.99,4,-1,-1
95,31,395.34,196.12,19.36,25.04,0.88,10,-1,-1
95,34,217.77,352.65,20.46,35.83,0.87,10,-1,-1
95,35,414.98,178.46,23.36,24.67,0.97,4,-1,-1
95,42,326.68,230.31,35.09,21.31,0.82,10,-1,-1
95,44,469.78,207.27,60.21,27.85,0.96,4,-1,-1
95,45,459.64,322.28,39.76,48.57,0.96,7,-1,-1
95,53,383.71,262.63,79.04,43.63,0.97,4,-1,-1
95,56,540.16,311.74,19.52,36.14,0.97,10,-1,-1
95,60,531.61,223.43,74.71,33.82,0.99,4,-1,-1
95,66,431.68,436.12,83.24,100.70,1.00,4,-1,-1
95,78,301.23,246.32,85.16,33.88,0.99,4,-1,-1
95,129,254.23,262.96,62.10,34.19,0.90,7,-1,-1
95,7,265.83,283.95,16.18,35.22,0.93,1,-1,-1
95,150,517.20,368.38,71.31,72.80,0.97,4,-1,-1
95,153,625.02,224.73,47.83,26.83,0.96,7,-1,-1
95,25,402.85,243.25,31.84,30.32,0.76,10,-1,-1
95,137,222.41,183.20,15.87,23.30,0.90,10,-1,-1
95,165,115.17,244.46,38.39,24.61,0.80,10,-1,-1
95,169,127.38,279.34,48.73,43.72,0.78,8,-1,-1
95,105,270.04,318.89,27.35,35.45,0.93,10,-1,-1
95,43,404.81,222.55,26.69,25.91,0.73,1,-1,-1
95,178,218.01,336.26,19.34,37.07,0.89,2,-1,-1
95,106,274.31,312.10,19.99,33.12,0.97,2,-1,-1
95,181,175.01,271.66,27.41,32.85,0.87,10,-1,-1
95,186,20.44,250.70,101.60,38.31,0.97,4,-1,-1
95,57,624.92,255.82,48.34,40.36,0.87,8,-1,-1
95,175,173.96,277.74,35.33,27.35,0.83,10,-1,-1
95,191,374.61,146.48,26.52,20.87,0.60,4,-1,-1
95,197,698.70,422.65,25.26,40.06,0.18,2,-1,-1
95,147,829.81,476.76,25.80,53.15,0.24,1,-1,-1
95,198,0.72,276.17,52.03,40.21,0.66,4,-1,-1
95,41,419.77,227.10,24.68,28.31,0.77,2,-1,-1
95,114,197.12,236.24,33.89,22.72,0.28,10,-1,-1
95,201,671.38,217.49,27.11,20.36,0.18,10,-1,-1
95,202,692.78,221.45,76.87,31.40,0.77,4,-1,-1
95,192,163.22,284.30,43.77,40.41,0.41,10,-1,-1
95,205,829.94,475.95,25.58,50.96,0.87,2,-1,-1
95,130,230.58,252.79,26.17,30.93,0.78,10,-1,-1
95,49,543.12,197.21,42.16,28.08,0.89,5,-1,-1
95,211,451.41,229.62,33.15,27.72,0.82,10,-1,-1
95,212,452.91,248.91,36.16,23.81,0.64,10,-1,-1
95,213,652.70,260.81,50.62,42.79,0.63,4,-1,-1
95,55,590.88,316.55,40.36,46.91,0.58,8,-1,-1
95,168,652.75,260.88,50.91,43.46,0.70,4,-1,-1
96,1,13.22,195.34,60.47,26.65,0.90,4,-1,-1
96,2,432.33,288.02,60.26,33.14,0.96,7,-1,-1
96,4,72.26,175.78,50.21,26.44,0.96,4,-1,-1
96,8,134.49,177.96,33.65,24.57,0.99,4,-1,-1
96,9,137.75,220.76,23.41,30.99,0.87,10,-1,-1
96,11,156.20,221.82,18.95,29.18,0.74,10,-1,-1
96,13,569.58,298.89,25.69,34.08,0.94,10,-1,-1
96,14,571.63,295.13,17.43,30.94,0.60,2,-1,-1
96,15,205.32,214.49,18.73,25.97,0.78,10,-1,-1
96,16,246.11,175.95,29.62,28.61,0.96,4,-1,-1
96,17,252.87,163.91,25.79,23.50,0.96,4,-1,-1
96,22,288.12,161.25,26.03,24.40,0.85,4,-1,-1
96,24,350.70,143.12,12.82,18.23,0.89,10,-1,-1
96,26,332.12,428.97,74.76,99.39,1.00,4,-1,-1
96,27,373.22,182.99,28.21,25.99,0.99,4,-1,-1
96,31,394.90,195.81,19.34,24.66,0.89,10,-1,-1
96,34,216.46,354.22,20.76,36.86,0.65,10,-1,-1
96,35,414.95,178.33,23.13,24.51,0.95,4,-1,-1
96,42,323.82,229.44,35.82,21.33,0.88,10,-1,-1
96,44,468.89,207.18,59.78,27.55,0.98,4,-1,-1
96,45,459.36,322.24,40.12,48.24,0.96,7,-1,-1
96,53,380.78,263.34,79.05,43.74,0.99,4,-1,-1
96,56,539.79,310.95,19.77,36.16,0.98,10,-1,-1
96,60,529.98,222.96,74.66,34.35,0.99,4,-1,-1
96,66,431.74,435.33,82.75,101.29,1.00,4,-1,-1
96,78,302.47,245.52,86.25,34.13,0.99,4,-1,-1
96,129,257.31,262.23,64.56,34.04,0.91,7,-1,-1
96,7,267.31,283.38,15.81,34.65,0.91,1,-1,-1
96,150,516.59,366.26,71.26,71.85,0.98,4,-1,-1
96,153,623.06,224.37,46.76,27.08,0.92,7,-1,-1
96,25,403.39,243.51,33.49,29.89,0.72,10,-1,-1
96,137,222.84,183.62,15.33,22.89,0.81,10,-1,-1
96,165,112.31,243.71,36.04,24.87,0.72,10,-1,-1
96,169,131.74,278.86,47.37,43.20,0.71,8,-1,-1
96,105,267.75,320.39,27.29,36.02,0.97,10,-1,-1
96,43,402.01,222.67,31.75,25.59,0.64,1,-1,-1
96,178,216.45,338.59,19.89,38.10,0.82,2,-1,-1
96,106,271.78,313.37,20.35,34.74,0.99,2,-1,-1
96,181,179.94,271.05,25.14,33.04,0.56,10,-1,-1
96,186,24.57,250.32,100.37,37.83,0.93,4,-1,-1
96,57,624.83,255.41,47.46,40.56,0.70,8,-1,-1
96,175,180.71,277.65,32.60,26.94,0.70,10,-1,-1
96,191,373.87,146.34,26.92,21.07,0.58,4,-1,-1
96,197,696.78,423.31,24.48,37.58,0.63,2,-1,-1
96,147,831.49,475.71,23.85,49.77,0.85,1,-1,-1
96,198,0.46,275.33,56.89,40.08,0.80,4,-1,-1
96,41,421.77,226.12,22.50,28.94,0.70,2,-1,-1
96,114,194.60,234.76,33.53,22.69,0.44,10,-1,-1
96,202,690.71,221.43,74.15,30.52,0.92,4,-1,-1
96,192,169.09,283.28,40.91,38.63,0.64,10,-1,-1
96,130,232.46,252.96,27.53,30.81,0.88,10,-1,-1
96,49,542.99,196.86,42.54,29.41,0.76,5,-1,-1
96,211,449.22,229.91,33.13,26.98,0.68,10,-1,-1
96,212,454.82,249.06,36.14,23.31,0.68,10,-1,-1
96,55,590.41,316.14,40.07,46.40,0.41,8,-1,-1
96,168,652.22,259.90,51.46,44.21,0.46,8,-1,-1
96,214,609.91,301.94,16.88,30.13,0.87,1,-1,-1
96,193,43.94,230.28,30.10,24.60,0.55,10,-1,-1
97,1,11.87,195.05,62.32,26.72,0.87,4,-1,-1
97,2,435.34,287.68,60.20,33.09,0.76,7,-1,-1
97,4,72.38,175.56,50.74,26.49,0.97,4,-1,-1
97,8,134.92,177.79,33.42,24.67,0.99,4,-1,-1
97,9,138.41,220.73,22.74,31.03,0.86,10,-1,-1
97,11,156.24,221.81,19.16,28.21,0.77,10,-1,-1
97,13,570.99,298.29,24.82,34.42,0.80,10,-1,-1
97,14,572.90,294.84,17.47,31.20,0.44,2,-1,-1
97,15,206.02,214.01,18.50,25.09,0.85,10,-1,-1
97,16,246.30,175.70,29.74,28.62,0.91,4,-1,-1
97,17,253.16,163.59,25.88,23.48,0.97,4,-1,-1
97,22,288.08,161.49,26.08,24.43,0.89,4,-1,-1
97,24,350.41,142.54,13.10,18.34,0.91,10,-1,-1
97,26,332.23,427.89,74.68,99.45,1.00,4,-1,-1
97,27,373.41,182.71,27.77,25.72,0.99,4,-1,-1
97,31,394.99,195.49,18.93,24.51,0.90,10,-1,-1
97,34,215.00,355.89,21.28,38.03,0.82,10,-1,-1
97,35,414.79,178.48,23.03,24.25,0.98,4,-1,-1
97,42,320.73,229.10,36.48,21.34,0.92,10,-1,-1
97,44,468.23,206.64,59.61,27.63,0.98,4,-1,-1
97,45,458.91,321.41,40.65,48.92,0.95,7,-1,-1
97,53,378.24,264.16,79.03,43.96,0.99,4,-1,-1
97,56,538.90,309.45,20.65,36.96,0.95,10,-1,-1
97,60,528.48,222.97,74.63,33.96,0.99,4,-1,-1
97,66,431.83,434.22,82.56,101.86,0.99,4,-1,-1
97,78,305.01,245.51,85.36,33.81,0.99,4,-1,-1
97,129,259.45,261.26,66.72,34.38,0.85,7,-1,-1
97,7,268.57,282.88,15.88,34.50,0.89,1,-1,-1
97,150,516.04,363.71,70.46,71.11,0.97,4,-1,-1
97,153,620.44,224.01,45.51,27.36,0.94,7,-1,-1
97,25,402.45,246.02,38.39,28.72,0.21,10,-1,-1
97,137,223.08,183.57,15.33,22.92,0.84,10,-1,-1
97,165,108.38,243.80,35.10,24.17,0.42,10,-1,-1
97,169,135.73,278.10,49.18,42.40,0.94,8,-1,-1
97,105,266.38,321.88,26.07,36.22,0.98,10,-1,-1
97,43,399.73,221.73,35.73,26.84,0.28,1,-1,-1
97,178,215.11,340.96,19.89,37.31,0.85,2,-1,-1
97,106,269.72,314.56,20.48,34.56,0.98,2,-1,-1
97,181,183.73,271.22,22.67,33.10,0.59,10,-1,-1
97,186,28.84,249.89,99.99,37.24,0.93,4,-1,-1
97,57,624.83,254.74,47.92,40.62,0.38,8,-1,-1
97,175,184.07,278.22,32.40,25.98,0.55,10,-1,-1
97,191,373.46,146.14,26.66,21.29,0.78,4,-1,-1
97,197,695.28,423.60,25.01,37.00,0.16,2,-1,-1
97,147,832.92,475.26,23.12,49.55,0.83,1,-1,-1
97,198,0.54,274.94,62.17,39.54,0.88,4,-1,-1
97,41,421.22,225.05,23.23,28.58,0.78,2,-1,-1
97,114,190.58,234.95,34.55,22.28,0.55,10,-1,-1
97,202,688.39,221.20,73.29,30.20,0.75,4,-1,-1
97,192,173.39,281.95,41.00,37.96,0.73,10,-1,-1
97,130,235.16,251.20,25.20,31.19,0.88,10,-1,-1
97,49,542.98,197.01,42.68,29.30,0.79,5,-1,-1
97,211,447.43,231.57,34.51,26.13,0.46,10,-1,-1
97,212,455.45,247.31,37.99,24.84,0.76,10,-1,-1
97,55,589.88,315.76,39.57,47.04,0.81,8,-1,-1
97,168,651.66,259.52,50.86,44.67,0.75,8,-1,-1
97,193,47.31,230.46,31.28,24.30,0.32,10,-1,-1
97,215,463.46,282.35,21.09,32.24,0.77,2,-1,-1
97,216,650.89,259.60,50.62,44.30,0.75,4,-1,-1
97,217,809.40,467.08,22.90,45.20,0.63,1,-1,-1
98,1,11.84,194.43,62.94,27.36,0.76,4,-1,-1
98,2,438.50,287.81,60.20,32.69,0.95,7,-1,-1
98,4,72.53,174.97,50.96,27.11,0.98,4,-1,-1
98,8,135.16,177.72,33.54,24.71,0.99,4,-1,-1
98,9,138.93,220.63,22.67,31.25,0.81,10,-1,-1
98,11,156.23,221.62,19.64,28.45,0.33,10,-1,-1
98,13,573.48,295.90,19.17,33.09,0.58,1,-1,-1
98,14,574.30,294.88,17.09,32.01,0.62,2,-1,-1
98,15,206.48,214.06,18.62,24.57,0.70,10,-1,-1
98,16,246.49,175.60,29.99,28.64,0.90,4,-1,-1
98,17,253.29,163.36,25.71,22.88,0.94,4,-1,-1
98,22,288.19,161.86,26.11,24.25,0.66,4,-1,-1
98,24,350.65,142.53,12.82,17.99,0.82,10,-1,-1
98,26,332.59,427.19,74.27,98.70,1.00,4,-1,-1
98,27,373.63,182.33,27.23,25.63,0.99,4,-1,-1
98,31,394.80,195.01,18.77,24.65,0.83,10,-1,-1
98,34,213.50,358.47,21.49,38.10,0.78,10,-1,-1
98,35,414.70,178.65,22.59,23.96,0.98,4,-1,-1
98,42,317.81,228.60,36.74,21.75,0.90,10,-1,-1
98,44,466.41,206.18,60.38,27.68,0.97,4,-1,-1
98,45,458.91,321.36,40.47,48.40,0.98,7,-1,-1
98,53,375.35,264.78,79.43,44.26,1.00,4,-1,-1
98,56,538.18,308.28,21.37,36.97,0.92,10,-1,-1
98,60,526.58,222.81,74.65,34.02,0.98,4,-1,-1
98,66,431.61,433.32,82.51,102.09,1.00,4,-1,-1
98,78,306.73,244.84,84.75,34.12,0.99,4,-1,-1
98,129,261.44,260.44,67.96,34.53,0.93,7,-1,-1
98,7,269.70,282.35,16.72,34.43,0.32,1,-1,-1
98,150,514.65,362.12,70.62,70.08,0.98,4,-1,-1
98,153,618.36,223.44,45.81,27.87,0.90,7,-1,-1
98,25,404.67,247.60,39.88,27.30,0.24,10,-1,-1
98,137,222.88,183.55,15.54,23.33,0.39,10,-1,-1
98,165,102.04,242.25,36.38,25.32,0.29,10,-1,-1
98,169,140.79,277.66,48.21,40.93,0.49,8,-1,-1
98,105,264.38,323.23,25.42,36.69,0.97,10,-1,-1
98,43,397.51,221.99,34.39,25.96,0.37,1,-1,-1
98,178,213.66,343.23,20.10,37.40,0.62,2,-1,-1
98,106,268.16,316.19,19.74,33.31,0.98,2,-1,-1
98,181,188.58,269.83,23.20,32.94,0.51,10,-1,-1
98,186,33.07,249.35,99.21,36.85,0.94,4,-1,-1
98,57,624.86,254.45,48.10,41.26,0.43,8,-1,-1
98,175,187.87,275.34,32.96,27.47,0.90,10,-1,-1
98,191,373.08,145.92,26.57,21.23,0.84,4,-1,-1
98,197,694.80,425.47,24.40,38.44,0.40,2,-1,-1
98,147,834.30,474.44,23.69,53.07,0.50,1,-1,-1
98,198,0.62,274.51,66.03,39.08,0.68,4,-1,-1
98,41,420.80,224.89,23.88,28.84,0.62,2,-1,-1
98,114,187.88,233.63,34.35,22.97,0.79,10,-1,-1
98,202,685.62,221.37,71.38,29.48,0.68,4,-1,-1
98,192,176.62,284.53,41.73,37.06,0.50,10,-1,-1
98,130,238.06,251.77,23.90,30.15,0.81,10,-1,-1
98,49,543.38,197.20,42.35,28.47,0.79,5,-1,-1
98,211,445.67,232.54,37.28,26.59,0.26,10,-1,-1
98,212,460.20,247.13,36.35,24.46,0.65,10,-1,-1
98,55,589.70,315.10,40.61,47.30,0.62,8,-1,-1
98,168,651.09,259.05,52.24,44.66,0.55,8,-1,-1
98,215,465.62,282.01,20.60,31.26,0.74,2,-1,-1
98,216,650.80,258.79,52.53,44.27,0.51,4,-1,-1
98,217,806.34,465.67,24.82,47.59,0.69,1,-1,-1
98,218,592.13,492.69,34.05,46.41,0.77,10,-1,-1
98,219,595.45,491.79,25.92,43.39,0.85,2,-1,-1
98,220,607.50,300.13,18.08,31.94,0.70,1,-1,-1
99,1,12.34,194.21,62.63,27.20,0.69,4,-1,-1
99,2,441.59,287.63,59.79,32.54,0.97,7,-1,-1
99,4,72.82,175.25,50.83,26.55,0.97,4,-1,-1
99,8,135.55,177.50,33.57,24.52,0.98,4,-1,-1
99,9,139.34,220.49,22.54,31.13,0.78,10,-1,-1
99,11,156.54,221.65,19.82,28.53,0.68,10,-1,-1
99,13,574.16,298.01,22.57,33.23,0.48,10,-1,-1
99,14,575.74,294.65,17.34,32.10,0.83,2,-1,-1
99,15,206.84,214.28,18.66,24.98,0.84,10,-1,-1
99,16,246.74,175.58,29.69,28.43,0.96,4,-1,-1
99,17,253.41,163.29,25.84,23.05,0.95,4,-1,-1
99,22,288.21,161.90,26.20,24.56,0.79,4,-1,-1
99,24,350.79,142.30,12.70,17.60,0.88,10,-1,-1
99,26,332.59,426.49,74.50,98.38,1.00,4,-1,-1
99,27,373.35,181.99,27.44,25.59,0.99,4,-1,-1
99,31,394.57,194.92,18.71,23.91,0.91,10,-1,-1
99,34,212.19,360.91,21.77,38.88,0.79,10,-1,-1
99,35,414.70,178.62,22.42,23.84,0.95,4,-1,-1
99,42,315.68,228.49,36.43,21.70,0.89,10,-1,-1
99,44,464.38,206.09,61.44,26.69,0.98,4,-1,-1
99,45,458.94,320.11,40.39,49.39,0.97,7,-1,-1
99,53,372.42,265.56,79.56,44.34,1.00,4,-1,-1
99,56,537.91,307.62,21.64,36.96,0.97,10,-1,-1
99,60,524.74,222.63,74.64,34.03,0.99,4,-1,-1
99,66,431.18,432.54,82.88,102.12,1.00,4,-1,-1
99,78,308.26,244.28,84.81,34.22,0.99,4,-1,-1
99,129,263.56,258.74,68.41,34.97,0.95,7,-1,-1
99,7,271.25,281.85,17.23,34.88,0.65,1,-1,-1
99,150,513.98,360.56,69.49,69.30,0.97,4,-1,-1
99,153,615.85,223.09,44.92,27.85,0.76,7,-1,-1
99,25,406.15,247.52,41.98,27.41,0.19,10,-1,-1
99,137,223.28,183.83,16.01,23.09,0.48,10,-1,-1
99,169,143.27,277.10,49.51,44.45,0.82,8,-1,-1
99,105,262.82,325.04,24.39,36.46,0.97,10,-1,-1
99,43,395.41,222.10,32.96,25.58,0.67,1,-1,-1
99,178,212.18,345.96,20.37,37.81,0.61,2,-1,-1
99,106,265.99,317.71,20.05,32.41,0.97,2,-1,-1
99,181,192.12,268.01,20.38,34.26,0.28,10,-1,-1
99,186,37.39,248.46,98.56,36.90,0.87,4,-1,-1
99,57,624.46,254.31,47.36,41.09,0.73,8,-1,-1
99,175,194.52,275.47,30.56,26.42,0.70,10,-1,-1
99,191,372.80,145.70,26.53,21.15,0.75,4,-1,-1
99,147,836.71,473.83,22.30,53.19,0.75,1,-1,-1
99,198,1.13,273.85,70.11,39.25,0.83,4,-1,-1
99,41,420.30,224.13,24.12,29.32,0.79,2,-1,-1
99,114,185.49,232.75,34.05,24.42,0.85,10,-1,-1
99,202,683.02,221.19,72.45,29.22,0.78,4,-1,-1
99,192,180.50,279.83,40.20,36.17,0.62,10,-1,-1
99,130,240.70,250.35,23.04,30.79,0.77,10,-1,-1
99,49,543.74,197.26,42.61,28.54,0.75,5,-1,-1
99,211,444.28,233.00,40.32,29.44,0.48,4,-1,-1
99,212,464.07,247.13,35.26,23.81,0.87,10,-1,-1
99,55,589.83,317.20,38.02,42.60,0.44,8,-1,-1
99,168,650.85,258.44,51.96,43.85,0.82,8,-1,-1
99,215,468.16,281.90,20.04,30.60,0.94,2,-1,-1
99,216,651.19,258.46,51.96,44.49,0.68,8,-1,-1
99,217,805.22,464.82,24.27,48.48,0.68,1,-1,-1
99,218,589.90,488.32,32.83,49.75,0.94,10,-1,-1
99,220,606.69,298.90,18.31,32.28,0.75,1,-1,-1
99,221,543.92,197.23,42.19,28.93,0.81,5,-1,-1
100,1,10.74,193.80,64.89,27.33,0.77,4,-1,-1
100,2,444.37,288.21,59.66,31.48,0.86,7,-1,-1
100,4,72.70,174.92,51.09,26.72,0.97,4,-1,-1
100,8,135.65,177.27,33.50,24.45,0.99,4,-1,-1
100,9,139.34,220.41,22.60,31.28,0.73,10,-1,-1
100,11,156.61,221.52,19.89,28.57,0.73,10,-1,-1
100,13,575.27,297.45,23.39,34.46,0.40,10,-1,-1
100,14,577.01,294.77,17.44,31.35,0.83,2,-1,-1
100,15,206.74,214.11,18.88,25.94,0.75,10,-1,-1
100,16,246.51,175.31,29.98,28.76,0.92,4,-1,-1
100,17,253.24,162.99,26.10,23.52,0.93,4,-1,-1
100,22,288.01,162.03,26.54,24.68,0.70,4,-1,-1
100,24,350.96,141.53,12.67,18.07,0.87,10,-1,-1
100,26,332.72,425.74,74.23,97.48,1.00,4,-1,-1
100,27,373.17,181.69,27.53,25.38,0.99,4,-1,-1
100,31,394.22,194.62,18.69,24.03,0.94,10,-1,-1
100,34,210.16,363.43,22.88,39.18,0.78,10,-1,-1
100,35,414.63,178.22,22.36,24.20,0.95,4,-1,-1
100,42,312.50,227.60,37.10,22.28,0.92,10,-1,-1
100,44,463.21,205.59,61.47,26.72,0.98,4,-1,-1
100,45,458.71,320.09,39.98,48.98,0.98,7,-1,-1
100,53,369.56,265.88,79.62,44.76,1.00,4,-1,-1
100,56,537.60,306.83,21.75,36.96,0.97,10,-1,-1
100,60,523.28,221.89,74.66,34.63,0.99,4,-1,-1
100,66,430.79,431.55,83.05,102.52,0.99,4,-1,-1
100,78,309.88,244.12,85.66,34.07,0.99,4,-1,-1
100,129,265.94,258.47,68.00,35.14,0.84,7,-1,-1
100,7,271.90,281.25,18.41,35.14,0.40,1,-1,-1
100,150,513.35,358.71,69.52,69.06,0.97,4,-1,-1
100,153,613.78,222.38,46.17,28.23,0.96,7,-1,-1
100,25,411.39,243.46,39.39,28.68,0.16,10,-1,-1
100,137,223.41,183.77,16.00,23.78,0.32,10,-1,-1
100,169,146.77,276.39,49.37,44.92,0.84,8,-1,-1
100,105,260.63,327.13,24.25,36.75,0.96,10,-1,-1
100,43,392.84,222.18,33.20,25.23,0.66,1,-1,-1
100,178,210.68,349.57,20.48,37.97,0.43,2,-1,-1
100,106,263.98,319.10,19.97,33.68,0.98,2,-1,-1
100,181,195.71,268.29,21.40,32.61,0.15,10,-1,-1
100,186,41.35,247.41,98.31,37.13,0.97,4,-1,-1
100,57,623.92,254.27,47.10,40.43,0.74,8,-1,-1
100,175,197.04,274.93,31.54,26.42,0.94,10,-1,-1
100,191,372.42,145.38,26.52,20.97,0.56,4,-1,-1
100,147,838.90,472.48,21.79,54.01,0.86,1,-1,-1
100,198,0.66,273.29,75.76,38.11,0.87,4,-1,-1
100,41,423.18,222.80,21.46,28.72,0.30,2,-1,-1
100,114,181.41,231.52,35.52,26.15,0.78,10,-1,-1
100,202,680.54,220.92,72.88,29.35,0.59,4,-1,-1
100,192,184.99,278.63,37.26,35.49,0.51,10,-1,-1
100,130,242.97,249.40,23.38,31.43,0.70,10,-1,-1
100,211,442.97,232.33,39.74,29.97,0.66,7,-1,-1
100,212,466.70,246.64,35.38,24.47,0.88,10,-1,-1
100,55,589.08,315.77,38.67,42.90,0.54,8,-1,-1
100,215,471.10,281.72,19.39,30.63,0.86,2,-1,-1
100,217,804.99,464.23,23.15,46.98,0.62,1,-1,-1
100,218,588.53,485.65,32.60,52.19,0.82,10,-1,-1
100,220,606.29,298.07,18.13,32.00,0.86,1,-1,-1
100,222,586.71,346.84,44.30,64.49,0.82,8,-1,-1
100,201,663.67,217.96,28.81,21.63,0.57,10,-1,-1
101,1,9.59,193.28,66.07,27.79,0.74,4,-1,-1
101,2,447.24,288.26,59.62,30.71,0.98,7,-1,-1
101,4,72.47,174.75,51.29,26.80,0.97,4,-1,-1
101,8,135.75,177.14,33.52,24.23,0.99,4,-1,-1
101,9,139.40,220.14,22.86,30.36,0.85,10,-1,-1
101,11,156.75,221.04,19.52,28.80,0.74,10,-1,-1
101,13,576.57,298.46,23.35,33.75,0.65,10,-1,-1
101,14,577.98,295.05,17.48,30.47,0.87,2,-1,-1
101,15,206.63,214.31,18.76,26.51,0.73,10,-1,-1
101,16,246.47,175.38,29.89,28.49,0.94,4,-1,-1
101,17,253.02,162.65,26.20,23.51,0.91,4,-1,-1
101,22,287.88,162.24,26.67,24.54,0.81,4,-1,-1
101,24,350.98,141.39,12.65,17.81,0.89,10,-1,-1
101,26,332.68,424.92,74.12,96.77,1.00,4,-1,-1
101,27,373.26,181.58,27.18,24.92,0.99,4,-1,-1
101,31,393.66,194.72,19.08,23.68,0.93,10,-1,-1
101,34,208.65,365.69,23.30,40.08,0.85,10,-1,-1
101,35,414.57,177.97,21.93,24.34,0.97,4,-1,-1
101,42,309.75,227.16,36.17,22.51,0.93,10,-1,-1
101,44,461.97,205.72,61.49,25.55,0.97,4,-1,-1
101,45,458.58,319.92,39.82,48.45,0.98,7,-1,-1
101,53,366.14,266.57,80.44,44.94,1.00,4,-1,-1
101,56,537.45,306.50,21.78,36.47,0.95,10,-1,-1
101,60,521.18,221.54,75.08,34.87,0.98,4,-1,-1
101,66,430.77,430.46,83.12,102.29,1.00,4,-1,-1
101,78,312.34,243.57,84.80,33.63,0.99,4,-1,-1
101,129,267.36,258.08,67.33,35.03,0.94,7,-1,-1
101,7,273.48,280.64,18.86,35.63,0.50,1,-1,-1
101,150,512.70,357.14,68.76,69.01,0.98,4,-1,-1
101,153,611.68,222.06,46.83,28.18,0.93,7,-1,-1
101,25,415.98,240.59,37.08,30.55,0.21,10,-1,-1
101,169,150.42,276.01,49.53,45.42,0.85,8,-1,-1
101,105,258.93,329.25,23.60,36.86,0.98,10,-1,-1
101,43,390.13,223.41,32.89,24.12,0.69,1,-1,-1
101,178,208.99,351.26,20.91,39.61,0.43,2,-1,-1
101,106,262.05,320.55,19.94,34.16,0.95,2,-1,-1
101,181,198.94,266.40,20.13,33.36,0.23,10,-1,-1
101,186,45.01,246.19,98.02,37.84,0.95,4,-1,-1
101,57,623.71,254.12,47.01,40.39,0.55,8,-1,-1
101,175,198.78,273.83,33.08,26.64,0.94,10,-1,-1
101,191,372.06,145.30,26.52,21.06,0.54,4,-1,-1
101,147,839.64,471.51,23.25,57.06,0.96,1,-1,-1
101,198,0.19,272.34,81.27,38.24,0.88,4,-1,-1
101,41,424.32,221.72,19.96,28.68,0.61,2,-1,-1
101,114,177.14,231.70,36.84,26.24,0.92,10,-1,-1
101,202,679.32,220.86,71.46,29.62,0.71,4,-1,-1
101,192,187.54,280.15,39.09,36.44,0.65,10,-1,-1
101,130,244.84,249.43,23.32,31.69,0.81,10,-1,-1
101,211,440.04,232.55,37.30,29.09,0.57,10,-1,-1
101,212,470.22,246.40,34.58,24.06,0.92,10,-1,-1
101,55,588.78,315.33,37.71,43.03,0.56,8,-1,-1
101,215,474.19,281.58,19.21,30.33,0.85,2,-1,-1
101,217,803.13,463.73,23.75,50.56,0.62,1,-1,-1
101,218,586.66,483.52,31.11,52.18,0.93,10,-1,-1
101,220,605.71,296.60,18.07,33.45,0.87,1,-1,-1
101,222,585.89,346.23,45.00,64.94,0.54,8,-1,-1
101,201,662.31,218.18,28.97,21.50,0.25,10,-1,-1
101,223,160.01,239.11,32.85,26.22,0.64,10,-1,-1
101,224,185.93,288.68,45.20,32.85,0.69,10,-1,-1
101,225,590.02,479.43,23.50,44.60,0.75,2,-1,-1
101,168,650.28,258.21,51.83,42.05,0.77,4,-1,-1
102,1,8.91,192.56,66.54,28.56,0.68,4,-1,-1
102,2,450.00,287.94,59.61,30.53,0.97,7,-1,-1
102,4,73.00,174.54,51.17,26.63,0.96,4,-1,-1
102,8,136.06,176.96,33.18,24.15,0.99,4,-1,-1
102,9,139.64,219.70,22.37,30.00,0.91,10,-1,-1
102,11,156.92,220.81,19.17,28.29,0.79,10,-1,-1
102,13,577.79,299.24,22.15,33.06,0.73,10,-1,-1
102,14,578.89,295.02,17.49,30.63,0.83,2,-1,-1
102,15,206.90,213.57,18.71,27.32,0.70,10,-1,-1
102,16,246.56,175.37,29.65,28.39,0.93,4,-1,-1
102,17,253.15,162.59,26.23,23.90,0.94,4,-1,-1
102,22,287.86,162.27,26.91,24.68,0.76,4,-1,-1
102,24,350.80,141.33,12.65,17.51,0.84,10,-1,-1
102,26,332.46,423.79,74.08,96.50,1.00,4,-1,-1
102,27,372.90,181.22,27.06,24.54,0.99,4,-1,-1
102,31,393.66,193.84,18.83,24.75,0.92,10,-1,-1
102,34,207.35,368.00,23.85,40.80,0.78,10,-1,-1
102,35,414.77,177.45,21.37,24.40,0.97,4,-1,-1
102,42,307.04,226.47,36.60,23.18,0.93,10,-1,-1
102,44,460.37,205.15,61.89,25.52,0.98,4,-1,-1
102,45,458.15,319.04,40.16,48.65,0.98,7,-1,-1
102,53,363.37,267.18,80.34,45.19,0.99,4,-1,-1
102,56,537.21,305.68,21.79,36.78,0.98,10,-1,-1
102,60,519.47,221.28,75.63,35.16,0.98,4,-1,-1
102,66,430.77,429.24,82.74,101.78,1.00,4,-1,-1
102,78,314.41,243.14,84.47,33.67,1.00,4,-1,-1
102,129,270.00,257.12,67.45,35.78,0.83,7,-1,-1
102,7,275.14,279.50,18.63,36.29,0.77,1,-1,-1
102,150,512.10,355.39,68.10,68.22,0.98,4,-1,-1
102,153,609.38,222.22,47.07,28.15,0.79,7,-1,-1
102,25,422.07,238.41,33.37,32.44,0.30,10,-1,-1
102,169,154.00,275.15,48.45,44.92,0.82,8,-1,-1
102,105,257.31,330.95,23.18,36.90,0.97,10,-1,-1
102,43,387.61,223.76,32.36,23.28,0.22,1,-1,-1
102,178,207.72,352.57,21.07,40.61,0.87,2,-1,-1
102,106,259.95,322.00,20.32,34.33,0.97,2,-1,-1
102,181,202.28,265.39,19.86,32.45,0.36,10,-1,-1
102,186,48.97,245.60,97.65,37.72,0.97,4,-1,-1
102,57,623.64,253.44,46.98,42.57,0.48,8,-1,-1
102,175,201.59,273.79,33.08,25.53,0.91,10,-1,-1
102,191,371.56,145.10,26.52,20.74,0.73,4,-1,-1
102,147,840.27,470.54,23.76,58.21,0.98,1,-1,-1
102,198,0.05,271.55,86.56,38.31,0.97,4,-1,-1
102,41,425.15,221.40,18.61,28.87,0.69,2,-1,-1
102,114,176.57,231.07,34.63,26.86,0.92,10,-1,-1
102,202,676.53,220.72,70.96,29.53,0.80,4,-1,-1
102,192,190.50,288.12,42.94,31.76,0.69,10,-1,-1
102,130,246.25,249.90,26.55,31.80,0.88,10,-1,-1
102,211,433.18,232.37,35.46,30.78,0.35,10,-1,-1
102,212,473.23,246.20,34.73,23.90,0.84,10,-1,-1
102,55,588.08,314.53,38.77,43.90,0.56,8,-1,-1
102,215,476.84,280.97,19.17,30.57,0.80,2,-1,-1
102,217,803.00,463.14,22.21,51.28,0.44,1,-1,-1
102,218,584.53,476.90,30.20,55.20,0.96,10,-1,-1
102,220,604.21,295.60,18.05,33.35,0.58,1,-1,-1
102,222,585.48,346.52,44.44,63.63,0.68,8,-1,-1
102,223,156.24,239.62,32.83,26.20,0.55,10,-1,-1
102,168,649.37,257.71,50.98,42.89,0.78,4,-1,-1
102,226,649.08,258.10,50.62,44.60,0.67,8,-1,-1
102,136,95.62,207.02,18.33,23.51,0.60,10,-1,-1
102,137,224.93,184.05,15.51,23.82,0.72,10,-1,-1
103,1,9.64,192.62,66.18,28.06,0.87,4,-1,-1
103,2,452.73,288.26,59.61,29.87,0.97,7,-1,-1
103,4,73.36,174.61,51.22,26.17,0.97,4,-1,-1
103,8,135.99,176.73,33.55,24.32,0.99,4,-1,-1
103,9,139.99,219.28,22.12,29.87,0.93,10,-1,-1
103,11,157.09,220.37,19.64,29.49,0.55,10,-1,-1
103,13,579.00,299.06,22.12,33.28,0.65,10,-1,-1
103,14,579.97,295.52,17.10,30.99,0.76,2,-1,-1
103,15,206.91,213.13,18.90,27.62,0.86,10,-1,-1
103,16,246.71,175.21,29.57,28.15,0.95,4,-1,-1
103,17,253.22,162.70,26.44,23.65,0.96,4,-1,-1
103,22,288.06,162.41,26.80,24.53,0.78,4,-1,-1
103,24,350.95,141.14,12.25,16.90,0.81,10,-1,-1
103,26,332.60,422.83,73.68,96.41,1.00,4,-1,-1
103,27,372.58,180.92,27.42,24.21,0.98,4,-1,-1
103,31,393.29,193.35,18.74,24.55,0.94,10,-1,-1
103,34,206.14,370.80,23.08,40.67,0.70,10,-1,-1
103,35,414.65,177.09,21.16,24.41,0.98,4,-1,-1
103,42,304.05,225.46,36.06,24.02,0.94,10,-1,-1
103,44,458.43,204.57,63.22,25.31,0.97,4,-1,-1
103,45,458.20,318.34,39.90,48.33,0.98,7,-1,-1
103,53,360.07,268.00,80.69,45.28,1.00,4,-1,-1
103,56,537.34,305.32,21.00,36.79,0.98,10,-1,-1
103,60,518.10,221.01,75.05,35.06,0.95,4,-1,-1
103,66,430.40,428.43,82.60,101.16,1.00,4,-1,-1
103,78,315.74,242.52,84.75,33.69,1.00,4,-1,-1
103,129,271.62,255.83,67.19,37.24,0.65,7,-1,-1
103,7,277.13,279.02,18.14,36.24,0.78,1,-1,-1
103,150,511.72,354.04,67.08,67.54,0.97,4,-1,-1
103,153,607.01,222.01,46.36,27.93,0.64,7,-1,-1
103,25,425.08,240.01,34.03,30.65,0.22,10,-1,-1
103,169,158.46,273.99,48.60,43.43,0.84,8,-1,-1
103,105,255.71,332.96,23.04,37.29,0.97,10,-1,-1
103,43,385.37,223.10,32.55,23.39,0.36,1,-1,-1
103,178,206.43,354.99,20.73,40.99,0.86,2,-1,-1
103,106,258.17,323.52,20.46,34.79,0.97,2,-1,-1
103,181,204.78,264.37,18.55,32.69,0.50,10,-1,-1
103,186,53.06,245.15,97.00,37.86,0.91,4,-1,-1
103,57,623.23,252.91,46.17,42.40,0.61,8,-1,-1
103,175,205.08,273.04,33.08,25.51,0.93,10,-1,-1
103,191,371.40,144.66,26.12,20.92,0.57,4,-1,-1
103,147,840.88,469.80,24.76,57.86,0.95,1,-1,-1
103,198,0.03,270.82,91.28,38.25,0.98,4,-1,-1
103,41,425.24,220.63,17.72,29.72,0.37,2,-1,-1
103,114,174.18,230.49,33.91,27.29,0.91,10,-1,-1
103,202,673.57,220.28,71.63,29.70,0.92,4,-1,-1
103,192,193.39,291.28,45.13,29.38,0.76,10,-1,-1
103,130,247.35,248.84,27.13,33.24,0.84,10,-1,-1
103,212,476.47,246.07,34.80,23.64,0.70,10,-1,-1
103,55,587.65,313.47,38.57,44.24,0.40,8,-1,-1
103,215,479.56,280.89,18.75,30.55,0.80,2,-1,-1
103,217,802.61,462.34,21.69,49.83,0.16,1,-1,-1
103,218,581.95,472.45,30.41,54.52,0.94,10,-1,-1
103,220,603.54,294.90,17.40,31.56,0.85,1,-1,-1
103,222,584.71,345.78,44.97,63.21,0.47,8,-1,-1
103,223,151.83,239.95,34.22,25.50,0.41,10,-1,-1
103,168,650.27,257.45,51.49,42.37,0.86,4,-1,-1
103,136,95.63,206.95,18.90,23.27,0.53,10,-1,-1
103,137,225.20,184.23,15.59,23.79,0.42,10,-1,-1
103,227,270.75,256.74,42.64,34.96,0.90,7,-1,-1
103,228,626.18,222.99,28.93,25.61,0.68,7,-1,-1
103,193,68.95,227.77,30.47,23.54,0.54,10,-1,-1
104,1,10.10,191.96,65.59,28.46,0.88,4,-1,-1
104,2,455.27,287.57,60.01,30.45,0.96,7,-1,-1
104,4,72.99,174.23,51.73,26.19,0.96,4,-1,-1
104,8,136.19,176.44,34.28,24.38,0.99,4,-1,-1
104,9,140.30,219.13,22.68,29.62,0.95,10,-1,-1
104,13,580.43,300.08,20.91,32.07,0.75,10,-1,-1
104,14,581.35,296.00,16.14,30.83,0.68,2,-1,-1
104,15,207.14,212.47,18.96,27.74,0.79,10,-1,-1
104,16,246.80,175.04,29.53,27.86,0.94,4,-1,-1
104,17,253.38,162.34,26.32,23.55,0.97,4,-1,-1
104,22,287.78,162.34,26.95,24.67,0.83,4,-1,-1
104,24,350.84,138.70,12.50,17.94,0.78,10,-1,-1
104,26,332.69,421.89,73.53,96.37,1.00,4,-1,-1
104,27,372.50,180.51,27.17,24.09,0.99,4,-1,-1
104,31,393.00,192.57,18.70,24.47,0.94,10,-1,-1
104,34,203.88,373.57,23.97,41.39,0.89,10,-1,-1
104,35,414.65,177.15,20.69,23.83,0.99,4,-1,-1
104,42,301.07,225.27,35.85,24.34,0.96,10,-1,-1
104,44,457.77,204.26,62.55,25.05,0.96,4,-1,-1
104,45,458.06,317.49,39.80,48.21,0.97,7,-1,-1
104,53,356.78,268.49,81.21,45.89,1.00,4,-1,-1
104,56,537.24,304.61,20.68,36.79,0.98,10,-1,-1
104,60,516.69,220.62,74.43,35.02,0.99,4,-1,-1
104,66,430.70,427.56,81.76,100.92,1.00,4,-1,-1
104,78,317.79,241.99,84.47,33.50,1.00,4,-1,-1
104,129,274.65,255.83,66.78,37.79,0.96,7,-1,-1
104,7,278.27,278.37,17.55,36.11,0.92,1,-1,-1
104,150,511.45,352.60,66.32,66.51,0.98,4,-1,-1
104,153,603.65,221.44,47.46,28.24,0.95,7,-1,-1
104,169,163.21,273.07,48.47,42.56,0.81,8,-1,-1
104,105,253.92,334.45,22.81,37.83,0.91,10,-1,-1
104,43,382.86,223.26,32.21,23.03,0.51,10,-1,-1
104,178,204.64,357.21,20.80,42.30,0.90,2,-1,-1
104,106,256.24,325.22,20.31,35.35,0.96,2,-1,-1
104,181,208.42,263.90,20.79,32.79,0.71,10,-1,-1
104,186,57.46,244.60,96.24,37.53,0.96,4,-1,-1
104,57,622.73,252.62,46.67,42.12,0.80,8,-1,-1
104,175,208.67,272.27,32.49,25.11,0.83,10,-1,-1
104,191,370.79,144.44,26.37,20.64,0.52,4,-1,-1
104,147,841.12,468.55,25.92,59.65,0.96,1,-1,-1
104,198,-0.12,270.05,96.17,38.14,0.99,4,-1,-1
104,41,425.50,219.96,17.01,30.44,0.39,2,-1,-1
104,114,169.13,230.08,36.04,27.64,0.77,10,-1,-1
104,202,672.19,220.42,71.09,29.16,0.92,4,-1,-1
104,192,195.04,291.43,47.78,28.86,0.59,10,-1,-1
104,130,249.07,246.88,26.38,34.75,0.86,10,-1,-1
104,212,479.20,244.39,35.25,24.56,0.66,10,-1,-1
104,55,587.13,311.27,40.10,49.17,0.36,8,-1,-1
104,215,482.11,280.25,19.04,30.76,0.80,2,-1,-1
104,217,800.40,461.66,24.11,50.92,0.52,1,-1,-1
104,218,579.48,467.45,30.50,55.43,0.96,10,-1,-1
104,220,602.52,294.17,17.18,30.80,0.54,1,-1,-1
104,222,584.51,344.19,45.60,65.39,0.11,8,-1,-1
104,223,146.14,241.05,33.15,23.85,0.22,10,-1,-1
104,168,649.85,256.86,50.88,43.59,0.86,4,-1,-1
104,137,225.52,184.48,15.82,23.58,0.66,10,-1,-1
104,193,72.79,227.85,30.39,22.86,0.33,10,-1,-1
104,229,257.95,154.89,22.90,20.49,0.66,4,-1,-1
104,197,692.92,410.13,27.50,42.48,0.54,2,-1,-1
104,49,544.16,195.79,41.10,27.21,0.62,5,-1,-1
105,1,10.27,191.72,65.49,28.40,0.91,4,-1,-1
105,2,457.93,286.69,59.78,31.16,0.98,7,-1,-1
105,4,73.35,174.29,51.74,25.80,0.97,4,-1,-1
105,8,136.48,176.33,34.12,24.20,0.99,4,-1,-1
105,9,140.29,219.07,23.19,30.73,0.88,10,-1,-1
105,13,581.54,299.74,19.25,32.81,0.73,10,-1,-1
105,14,582.66,296.63,16.20,31.17,0.58,2,-1,-1
105,15,207.31,212.22,18.79,27.78,0.84,10,-1,-1
105,16,246.83,174.87,29.73,27.95,0.94,4,-1,-1
105,17,253.63,162.09,26.27,24.12,0.96,4,-1,-1
105,22,287.67,162.49,27.20,24.91,0.84,4,-1,-1
105,24,350.60,137.94,12.60,17.88,0.83,10,-1,-1
105,26,332.74,421.08,73.50,96.37,1.00,4,-1,-1
105,27,372.08,179.94,27.48,24.45,0.98,4,-1,-1
105,31,392.71,191.96,18.69,24.44,0.97,10,-1,-1
105,34,202.11,376.04,23.52,42.44,0.78,10,-1,-1
105,35,414.46,177.35,20.92,23.40,0.99,4,-1,-1
105,42,298.56,225.39,35.28,23.68,0.90,10,-1,-1
105,44,457.39,204.02,62.29,24.75,0.96,4,-1,-1
105,45,458.05,317.07,39.77,48.17,0.96,7,-1,-1
105,53,354.06,269.23,80.62,46.22,1.00,4,-1,-1
105,56,537.66,303.84,20.17,36.79,0.98,10,-1,-1
105,60,515.66,220.64,73.82,34.61,0.99,4,-1,-1
105,66,430.66,426.96,81.46,100.82,1.00,4,-1,-1
105,78,320.10,241.79,83.58,33.23,1.00,4,-1,-1
105,129,277.49,255.37,66.43,37.60,0.93,7,-1,-1
105,7,279.45,278.53,16.92,35.75,0.78,1,-1,-1
105,150,510.62,351.22,66.49,66.15,0.98,4,-1,-1
105,153,601.13,221.49,48.07,27.96,0.93,7,-1,-1
105,169,166.62,272.65,46.04,42.05,0.72,8,-1,-1
105,105,252.34,336.05,22.55,38.42,0.95,10,-1,-1
105,43,380.82,222.09,32.48,23.50,0.57,10,-1,-1
105,178,202.05,360.64,21.62,41.62,0.86,2,-1,-1
105,106,254.32,327.30,20.26,34.78,0.96,2,-1,-1
105,181,210.87,262.96,20.38,33.42,0.59,10,-1,-1
105,186,61.59,243.92,96.13,37.60,0.94,4,-1,-1
105,57,622.60,252.58,46.87,41.22,0.89,8,-1,-1
105,175,206.35,272.82,36.49,27.79,0.86,10,-1,-1
105,191,370.18,144.18,26.47,20.58,0.77,4,-1,-1
105,147,842.07,468.94,26.38,60.71,0.99,1,-1,-1
105,198,-0.03,269.40,100.96,38.52,0.99,4,-1,-1
105,41,425.81,219.89,16.78,29.14,0.65,2,-1,-1
105,114,163.81,230.44,38.18,27.38,0.84,10,-1,-1
105,202,669.82,220.22,71.74,29.16,0.92,4,-1,-1
105,192,200.19,291.54,46.30,28.31,0.47,10,-1,-1
105,130,251.21,246.03,24.70,34.37,0.84,10,-1,-1
105,212,482.54,245.15,35.02,23.50,0.61,10,-1,-1
105,215,484.60,279.89,18.33,30.63,0.69,2,-1,-1
105,217,799.36,461.29,24.92,50.08,0.64,1,-1,-1
105,218,577.92,463.82,29.30,54.50,0.98,10,-1,-1
105,220,601.40,293.17,17.12,31.41,0.40,1,-1,-1
105,222,584.30,343.33,45.16,65.26,0.34,8,-1,-1
105,223,137.90,241.92,35.36,23.16,0.14,10,-1,-1
105,168,648.55,256.30,51.47,43.45,0.87,4,-1,-1
105,137,226.02,184.85,15.91,23.11,0.67,10,-1,-1
105,229,257.77,154.63,23.14,20.72,0.61,4,-1,-1
105,197,692.56,411.69,26.16,41.99,0.28,2,-1,-1
105,49,544.48,195.29,41.39,27.95,0.62,5,-1,-1
105,230,448.39,226.61,29.53,28.33,0.62,10,-1,-1
105,231,648.48,256.74,53.04,44.00,0.62,8,-1,-1
105,232,897.39,417.96,48.21,46.41,0.87,10,-1,-1
106,1,10.51,191.15,65.76,28.59,0.89,4,-1,-1
106,2,460.57,286.77,60.09,31.06,0.96,7,-1,-1
106,4,73.81,174.04,51.74,25.87,0.97,4,-1,-1
106,8,136.57,176.22,33.81,23.95,0.99,4,-1,-1
106,9,140.06,218.70,23.53,31.15,0.82,10,-1,-1
106,13,583.08,297.87,18.25,34.27,0.48,10,-1,-1
106,14,583.46,297.19,15.82,31.40,0.28,2,-1,-1
106,15,207.51,212.07,18.53,27.60,0.90,10,-1,-1
106,16,246.78,174.35,30.00,28.40,0.91,4,-1,-1
106,17,253.67,161.75,26.25,24.33,0.96,4,-1,-1
106,22,287.69,162.59,27.20,25.21,0.82,4,-1,-1
106,24,350.29,137.04,13.03,17.96,0.65,10,-1,-1
106,26,332.68,420.40,73.48,96.41,1.00,4,-1,-1
106,27,371.89,179.51,27.60,24.40,0.97,4,-1,-1
106,31,392.18,191.72,18.69,24.04,0.94,10,-1,-1
106,34,199.31,379.60,24.33,42.84,0.85,10,-1,-1
106,35,414.37,177.41,21.01,23.25,0.99,4,-1,-1
106,42,295.18,224.42,35.16,24.81,0.94,10,-1,-1
106,44,456.47,203.73,62.19,24.86,0.97,4,-1,-1
106,45,458.00,317.13,39.76,47.78,0.97,7,-1,-1
106,53,350.91,270.06,80.79,46.55,1.00,4,-1,-1
106,56,537.38,303.10,19.97,37.10,0.98,10,-1,-1
106,60,514.72,220.46,73.19,34.46,0.99,4,-1,-1
106,66,430.37,426.39,81.35,100.81,1.00,4,-1,-1
106,78,322.04,241.70,82.46,32.95,1.00,4,-1,-1
106,129,279.41,254.49,66.69,38.33,0.95,7,-1,-1
106,7,280.77,278.19,17.29,35.81,0.81,1,-1,-1
106,150,509.88,349.79,66.57,66.07,0.98,4,-1,-1
106,153,598.46,221.34,46.14,27.85,0.74,7,-1,-1
106,169,169.05,272.17,46.96,42.98,0.52,8,-1,-1
106,105,250.05,338.34,22.66,38.64,0.94,10,-1,-1
106,43,378.30,221.24,32.58,24.28,0.21,10,-1,-1
106,178,199.65,363.23,22.11,42.92,0.91,2,-1,-1
106,106,251.91,329.39,20.43,36.14,0.93,2,-1,-1
106,181,214.63,262.58,18.61,34.46,0.67,10,-1,-1
106,186,63.28,243.31,97.92,37.25,0.98,4,-1,-1
106,57,622.14,252.50,46.95,41.09,0.86,8,-1,-1
106,175,210.04,270.95,36.20,27.99,0.83,10,-1,-1
106,191,370.14,143.96,25.71,20.47,0.67,4,-1,-1
106,147,842.76,469.61,28.10,60.72,0.99,1,-1,-1
106,198,-0.01,268.69,105.50,39.09,0.99,4,-1,-1
106,41,425.87,219.28,16.71,28.83,0.32,2,-1,-1
106,114,160.98,231.03,38.24,26.69,0.85,10,-1,-1
106,202,667.40,219.88,73.60,29.99,0.93,4,-1,-1
106,192,204.20,291.50,45.91,27.55,0.58,10,-1,-1
106,130,253.06,245.57,24.86,35.20,0.89,10,-1,-1
106,212,486.06,245.27,34.53,23.09,0.55,10,-1,-1
106,215,486.99,279.57,18.49,30.39,0.83,2,-1,-1
106,217,798.56,460.86,25.23,49.74,0.48,1,-1,-1
106,218,576.36,459.84,28.89,54.53,0.98,10,-1,-1
106,220,600.39,292.46,17.31,31.64,0.36,1,-1,-1
106,222,584.21,342.46,45.00,63.94,0.16,8,-1,-1
106,168,648.06,256.14,53.27,43.02,0.79,4,-1,-1
106,137,226.25,184.72,15.95,23.54,0.52,10,-1,-1
106,229,257.84,154.67,22.95,20.08,0.39,4,-1,-1
106,197,692.41,414.93,24.84,40.23,0.60,2,-1,-1
106,49,545.17,195.44,40.68,26.80,0.91,5,-1,-1
106,233,0.15,296.37,53.41,36.61,0.66,7,-1,-1
106,234,205.51,274.07,39.78,36.31,0.64,10,-1,-1
106,235,475.51,278.74,16.27,26.22,0.62,2,-1,-1
107,1,10.50,191.04,66.21,28.86,0.88,4,-1,-1
107,2,463.28,286.76,60.62,30.92,0.98,7,-1,-1
107,4,74.02,174.13,51.74,25.89,0.96,4,-1,-1
107,8,136.65,176.16,33.74,23.85,0.99,4,-1,-1
107,9,139.92,218.54,23.22,30.72,0.84,10,-1,-1
107,13,584.44,298.77,17.10,34.04,0.19,10,-1,-1
107,14,584.55,297.64,15.68,32.28,0.35,2,-1,-1
107,15,207.58,212.30,18.43,27.33,0.83,10,-1,-1
107,16,246.97,174.43,29.91,28.17,0.93,4,-1,-1
107,17,253.59,161.89,26.45,24.22,0.95,4,-1,-1
107,22,288.00,162.68,26.90,25.32,0.90,4,-1,-1
107,24,350.18,136.58,13.20,18.19,0.76,10,-1,-1
107,26,332.68,419.86,73.50,96.42,1.00,4,-1,-1
107,27,371.84,179.11,27.66,24.58,0.99,4,-1,-1
107,31,392.01,191.70,18.29,23.69,0.94,10,-1,-1
107,34,197.14,383.54,24.83,42.98,0.84,10,-1,-1
107,35,414.35,177.08,21.05,23.60,0.98,4,-1,-1
107,42,292.13,224.72,35.42,24.83,0.96,10,-1,-1
107,44,455.00,203.38,62.95,25.11,0.98,4,-1,-1
107,45,457.63,316.23,40.17,48.44,0.98,7,-1,-1
107,53,347.46,270.92,81.25,47.55,1.00,4,-1,-1
107,56,537.53,303.29,19.51,36.62,0.98,10,-1,-1
107,60,513.06,220.34,73.77,34.41,0.99,4,-1,-1
107,66,430.32,426.07,81.33,100.80,0.99,4,-1,-1
107,78,323.71,241.55,82.46,32.85,0.99,4,-1,-1
107,129,282.73,254.64,65.71,37.81,0.89,7,-1,-1
107,7,281.84,278.35,17.63,35.63,0.53,1,-1,-1
107,150,509.48,349.18,66.23,64.86,0.98,4,-1,-1
107,153,596.38,220.64,46.17,28.60,0.61,7,-1,-1
107,169,172.03,279.03,40.73,36.20,0.54,8,-1,-1
107,105,247.58,340.63,23.53,39.11,0.95,10,-1,-1
107,43,376.07,221.09,32.62,24.38,0.42,10,-1,-1
107,178,197.33,366.20,23.28,44.96,0.91,2,-1,-1
107,106,249.42,331.59,21.69,36.65,0.97,2,-1,-1
107,181,217.08,262.34,18.15,34.07,0.60,10,-1,-1
107,186,67.51,242.70,97.37,36.91,0.99,4,-1,-1
107,57,622.43,252.42,46.20,41.23,0.80,8,-1,-1
107,175,211.86,271.77,37.65,27.28,0.87,10,-1,-1
107,191,369.96,143.74,25.03,20.23,0.57,4,-1,-1
107,147,843.50,470.71,28.76,59.12,0.99,1,-1,-1
107,198,0.39,268.05,109.89,39.11,0.99,4,-1,-1
107,41,426.32,218.43,15.89,27.92,0.35,2,-1,-1
107,114,158.65,231.75,37.65,26.22,0.83,10,-1,-1
107,202,665.43,219.49,74.32,30.09,0.98,4,-1,-1
107,192,206.75,289.96,46.18,28.69,0.80,10,-1,-1
107,130,254.29,244.90,25.53,36.30,0.84,10,-1,-1
107,212,489.50,243.04,34.77,24.77,0.56,10,-1,-1
107,215,489.02,279.51,19.38,30.10,0.85,2,-1,-1
107,217,797.59,460.36,24.56,48.40,0.63,1,-1,-1
107,218,574.69,456.96,28.35,53.71,0.97,10,-1,-1
107,220,598.88,291.47,18.21,33.56,0.60,1,-1,-1
107,168,647.94,256.42,53.18,43.25,0.83,4,-1,-1
107,137,226.53,185.04,16.16,23.31,0.35,10,-1,-1
107,229,257.60,154.74,22.89,19.63,0.37,4,-1,-1
107,197,692.84,411.04,25.16,41.56,0.30,2,-1,-1
107,49,545.46,195.44,40.43,26.96,0.74,5,-1,-1
107,233,-0.01,294.17,57.70,37.81,0.70,7,-1,-1
107,234,207.01,276.81,41.94,37.39,0.51,10,-1,-1
107,235,477.44,278.46,16.27,26.69,0.81,2,-1,-1
107,236,282.96,254.48,65.09,37.67,0.62,8,-1,-1
107,187,254.63,123.08,13.56,20.32,0.62,1,-1,-1
108,1,11.43,191.20,65.44,28.76,0.93,4,-1,-1
108,2,466.18,286.98,60.03,30.67,0.98,7,-1,-1
108,4,74.19,174.07,51.74,25.90,0.95,4,-1,-1
108,8,136.82,176.15,33.27,23.82,0.99,4,-1,-1
108,9,139.90,218.39,23.34,30.36,0.81,10,-1,-1
108,15,207.70,212.40,18.40,27.22,0.86,10,-1,-1
108,16,247.03,174.17,29.87,28.48,0.94,4,-1,-1
108,17,253.56,161.95,26.52,24.37,0.95,4,-1,-1
108,22,288.12,163.01,26.78,25.16,0.92,4,-1,-1
108,24,350.53,136.23,13.26,18.18,0.77,10,-1,-1
108,26,332.68,419.49,73.50,96.43,1.00,4,-1,-1
108,27,372.02,178.78,27.68,24.66,0.99,4,-1,-1
108,31,392.15,191.42,18.14,23.76,0.93,10,-1,-1
108,34,194.50,387.33,25.80,43.41,0.86,10,-1,-1
108,35,414.34,177.17,21.07,23.53,0.98,4,-1,-1
108,42,288.99,225.24,35.03,24.44,0.94,10,-1,-1
108,44,454.08,203.17,63.23,25.21,0.98,4,-1,-1
108,45,457.68,315.92,39.92,48.69,0.98,7,-1,-1
108,53,343.68,272.21,82.21,47.93,0.99,4,-1,-1
108,56,536.98,304.20,19.74,35.64,0.98,10,-1,-1
108,60,511.89,220.42,73.60,33.99,0.99,4,-1,-1
108,66,430.29,425.79,81.33,100.79,1.00,4,-1,-1
108,78,326.26,241.60,81.27,32.62,1.00,4,-1,-1
108,129,284.99,255.42,65.22,36.80,0.95,7,-1,-1
108,7,283.67,285.28,27.53,28.71,0.67,1,-1,-1
108,150,509.36,348.02,65.73,64.83,0.98,4,-1,-1
108,153,594.28,221.17,46.78,28.10,0.95,7,-1,-1
108,169,175.19,274.36,42.54,40.75,0.72,8,-1,-1
108,105,245.83,343.21,23.85,39.67,0.96,10,-1,-1
108,43,373.52,221.24,33.02,24.03,0.46,10,-1,-1
108,178,195.22,369.80,23.53,45.35,0.96,2,-1,-1
108,106,247.45,333.76,21.77,36.84,0.96,2,-1,-1
108,181,220.39,261.99,17.60,33.11,0.51,10,-1,-1
108,186,71.16,242.29,97.27,36.79,0.98,4,-1,-1
108,57,622.14,252.31,46.71,41.69,0.75,8,-1,-1
108,175,214.32,271.42,38.19,28.20,0.92,10,-1,-1
108,191,369.50,143.57,25.18,20.34,0.74,4,-1,-1
108,147,844.52,471.57,29.79,58.87,0.98,1,-1,-1
108,198,2.63,267.83,112.32,38.52,0.99,4,-1,-1
108,41,426.05,218.34,16.86,27.17,0.53,2,-1,-1
108,114,156.50,231.93,36.81,25.84,0.76,10,-1,-1
108,202,663.97,219.35,74.59,30.14,0.98,4,-1,-1
108,192,211.43,290.83,45.49,27.29,0.74,10,-1,-1
108,130,255.57,245.15,25.39,35.93,0.84,10,-1,-1
108,212,492.46,243.43,35.26,24.40,0.58,10,-1,-1
108,215,492.48,279.81,18.51,29.69,0.85,2,-1,-1
108,217,797.65,460.00,23.48,49.51,0.62,1,-1,-1
108,218,572.31,452.41,29.01,55.00,0.97,10,-1,-1
108,220,596.76,290.44,19.34,33.57,0.33,1,-1,-1
108,168,648.29,256.15,52.35,43.74,0.33,4,-1,-1
108,137,227.11,185.75,16.24,22.62,0.85,10,-1,-1
108,229,258.31,154.76,21.98,19.51,0.27,4,-1,-1
108,197,691.81,414.95,24.48,40.08,0.31,2,-1,-1
108,49,545.16,195.16,40.34,27.43,0.52,5,-1,-1
108,233,0.22,293.52,61.63,37.81,0.31,7,-1,-1
108,235,480.14,278.41,15.80,26.32,0.86,2,-1,-1
108,187,254.64,123.23,13.76,19.14,0.34,1,-1,-1
109,1,11.40,191.46,65.58,28.32,0.94,4,-1,-1
109,2,468.98,287.34,59.80,30.09,0.97,7,-1,-1
109,4,74.43,174.04,51.64,25.71,0.97,4,-1,-1
109,8,137.17,176.04,32.89,23.81,0.99,4,-1,-1
109,9,139.99,218.23,22.99,30.42,0.81,10,-1,-1
109,15,208.03,212.13,18.19,27.18,0.89,10,-1,-1
109,16,247.25,173.76,29.86,28.79,0.94,4,-1,-1
109,17,254.13,161.76,25.95,23.83,0.94,4,-1,-1
109,22,288.17,163.11,27.13,25.30,0.90,4,-1,-1
109,24,350.47,135.10,13.68,18.72,0.83,10,-1,-1
109,26,332.69,419.17,73.52,96.05,1.00,4,-1,-1
109,27,372.29,178.45,27.30,24.49,0.99,4,-1,-1
109,31,391.82,191.20,18.09,23.78,0.95,10,-1,-1
109,34,192.07,390.07,26.56,45.53,0.86,10,-1,-1
109,35,414.55,176.89,21.08,23.71,0.98,4,-1,-1
109,42,285.92,225.24,35.28,24.48,0.96,10,-1,-1
109,44,453.59,202.88,62.95,25.45,0.98,4,-1,-1
109,45,457.53,315.60,40.23,48.39,0.99,7,-1,-1
109,53,340.38,273.36,82.58,48.16,0.99,4,-1,-1
109,56,537.20,305.35,19.43,34.66,0.98,10,-1,-1
109,60,510.72,220.33,73.94,33.63,0.99,4,-1,-1
109,66,430.31,425.71,80.94,100.38,1.00,4,-1,-1
109,78,328.55,241.72,80.84,32.14,1.00,4,-1,-1
109,129,286.94,254.92,64.45,37.41,0.66,7,-1,-1
109,7,284.07,287.78,31.27,25.79,0.39,1,-1,-1
109,150,508.95,347.03,65.56,64.44,0.98,4,-1,-1
109,153,592.21,220.97,47.60,28.09,0.94,7,-1,-1
109,169,178.24,272.54,44.12,42.13,0.57,8,-1,-1
109,105,244.35,346.11,23.00,39.49,0.98,10,-1,-1
109,43,371.26,221.49,33.17,23.89,0.64,10,-1,-1
109,178,192.91,373.46,23.43,46.26,0.90,2,-1,-1
109,106,245.61,336.10,21.60,36.51,0.97,2,-1,-1
109,181,222.98,261.57,17.82,33.15,0.16,10,-1,-1
109,186,74.99,242.35,96.73,36.35,0.99,4,-1,-1
109,57,622.46,252.15,46.12,41.07,0.89,8,-1,-1
109,175,217.31,271.30,38.19,29.71,0.87,10,-1,-1
109,191,369.55,143.34,24.84,20.44,0.74,4,-1,-1
109,147,847.26,472.08,28.63,58.37,0.99,1,-1,-1
109,198,6.92,267.16,112.37,38.51,0.99,4,-1,-1
109,41,425.97,218.21,16.79,26.69,0.18,2,-1,-1
109,114,154.62,231.80,35.89,25.49,0.66,10,-1,-1
109,202,661.94,219.38,75.50,29.95,0.99,4,-1,-1
109,192,215.43,290.08,44.84,27.22,0.41,10,-1,-1
109,130,257.06,245.26,24.74,35.58,0.85,10,-1,-1
109,212,496.27,245.59,35.06,22.44,0.34,10,-1,-1
109,215,494.91,279.61,18.59,29.65,0.80,2,-1,-1
109,217,797.76,459.67,23.07,49.92,0.44,1,-1,-1
109,218,571.94,451.44,27.24,52.67,0.97,10,-1,-1
109,220,595.81,289.96,18.98,33.47,0.23,1,-1,-1
109,168,648.47,256.33,52.03,43.73,0.73,4,-1,-1
109,137,227.72,185.89,15.88,22.17,0.64,10,-1,-1
109,229,258.09,154.86,22.35,19.27,0.30,4,-1,-1
109,197,692.27,416.52,23.42,41.10,0.32,2,-1,-1
109,49,545.26,194.93,39.52,28.40,0.47,5,-1,-1
109,233,0.25,292.27,65.69,38.86,0.38,7,-1,-1
109,235,482.95,278.29,15.65,26.20,0.71,2,-1,-1
109,187,254.84,123.56,13.83,19.53,0.42,1,-1,-1
110,1,12.19,191.56,64.96,28.15,0.94,4,-1,-1
110,2,471.90,287.39,60.11,29.97,0.98,7,-1,-1
110,4,74.72,174.12,51.69,25.64,0.96,4,-1,-1
110,8,137.44,175.90,32.84,24.00,1.00,4,-1,-1
110,9,140.41,218.27,22.40,30.24,0.82,10,-1,-1
110,15,208.39,211.93,17.90,27.36,0.90,10,-1,-1
110,16,247.46,173.62,29.85,28.91,0.93,4,-1,-1
110,17,254.28,161.70,25.93,23.62,0.94,4,-1,-1
110,22,288.01,163.35,27.26,25.54,0.92,4,-1,-1
110,24,350.86,134.96,13.44,18.33,0.87,10,-1,-1
110,26,332.68,418.85,73.51,95.89,1.00,4,-1,-1
110,27,372.21,178.25,27.55,24.42,0.99,4,-1,-1
110,31,391.91,191.25,17.67,23.60,0.96,10,-1,-1
110,34,189.76,393.73,26.64,45.93,0.89,10,-1,-1
110,35,414.43,176.90,21.48,23.58,0.97,4,-1,-1
110,42,283.00,225.84,35.07,24.09,0.96,10,-1,-1
110,44,453.63,202.99,61.23,24.95,0.98,4,-1,-1
110,45,457.65,314.89,39.94,48.67,0.99,7,-1,-1
110,53,337.27,274.35,82.29,49.02,1.00,4,-1,-1
110,56,537.27,305.50,18.90,34.40,0.98,10,-1,-1
110,60,509.53,220.21,74.06,33.50,0.99,4,-1,-1
110,66,430.30,425.08,80.78,100.61,1.00,4,-1,-1
110,78,331.75,241.78,79.88,31.76,1.00,4,-1,-1
110,129,289.29,254.55,63.25,37.44,0.65,7,-1,-1
110,150,508.60,346.12,65.51,64.31,0.98,4,-1,-1
110,153,590.09,221.12,47.70,27.69,0.76,7,-1,-1
110,169,182.17,271.32,43.34,41.80,0.66,8,-1,-1
110,105,241.29,347.91,25.09,40.98,0.97,10,-1,-1
110,43,368.51,221.80,33.61,23.24,0.59,10,-1,-1
110,178,190.53,377.30,23.76,45.81,0.93,2,-1,-1
110,106,243.43,338.49,22.31,37.16,0.97,2,-1,-1
110,181,225.65,261.42,17.30,33.36,0.62,10,-1,-1
110,186,80.90,241.98,94.36,36.59,0.99,4,-1,-1
110,57,622.16,252.01,46.68,41.22,0.90,8,-1,-1
110,175,221.22,271.54,36.99,29.51,0.93,10,-1,-1
110,191,369.39,143.43,24.71,20.32,0.88,4,-1,-1
110,147,851.37,472.28,26.56,58.55,0.98,1,-1,-1
110,198,12.53,266.81,111.23,38.31,0.99,4,-1,-1
110,41,426.33,218.29,17.99,27.13,0.23,2,-1,-1
110,114,152.67,230.94,35.32,25.57,0.77,10,-1,-1
110,202,660.01,219.12,75.83,30.28,0.99,4,-1,-1
110,192,219.90,290.92,44.00,26.10,0.71,10,-1,-1
110,130,258.26,245.61,25.29,35.43,0.78,10,-1,-1
110,215,497.91,279.65,18.61,29.33,0.83,2,-1,-1
110,218,570.85,450.65,26.58,50.11,0.96,10,-1,-1
110,220,594.46,289.42,19.63,33.22,0.18,1,-1,-1
110,168,648.50,256.33,51.90,43.72,0.82,4,-1,-1
110,137,228.17,186.64,15.54,21.60,0.86,10,-1,-1
110,229,258.35,155.02,22.27,19.20,0.17,4,-1,-1
110,49,544.86,195.17,39.61,28.38,0.50,5,-1,-1
110,233,0.35,290.32,70.11,38.31,0.52,7,-1,-1
110,235,485.30,278.38,15.62,25.95,0.88,2,-1,-1
110,187,255.04,123.55,13.65,18.97,0.36,1,-1,-1
111,1,11.59,191.48,65.19,28.28,0.93,4,-1,-1
111,2,474.44,287.48,59.83,29.83,0.98,7,-1,-1
111,4,74.51,174.14,51.51,25.61,0.94,4,-1,-1
111,8,137.47,175.82,33.23,24.08,0.99,4,-1,-1
111,9,140.65,218.27,22.93,30.37,0.53,10,-1,-1
111,15,208.35,211.84,18.00,27.43,0.88,10,-1,-1
111,16,247.57,173.84,29.65,28.76,0.96,4,-1,-1
111,17,254.27,161.86,25.92,23.74,0.95,4,-1,-1
111,22,288.08,163.70,27.30,25.44,0.91,4,-1,-1
111,24,350.95,134.51,13.34,18.58,0.92,10,-1,-1
111,26,332.63,418.54,73.52,95.84,1.00,4,-1,-1
111,27,372.12,177.96,27.65,24.40,0.99,4,-1,-1
111,31,391.30,191.25,18.32,23.13,0.96,10,-1,-1
111,34,187.69,399.15,26.47,44.89,0.63,10,-1,-1
111,35,414.34,176.88,21.23,23.33,0.97,4,-1,-1
111,42,279.66,225.66,35.09,24.34,0.97,10,-1,-1
111,44,453.04,203.02,60.58,24.76,0.99,4,-1,-1
111,45,457.46,315.22,40.23,48.38,0.99,7,-1,-1
111,53,333.96,275.38,82.58,49.43,1.00,4,-1,-1
111,56,537.05,304.93,18.71,34.72,0.98,10,-1,-1
111,60,508.09,220.15,74.11,33.25,0.99,4,-1,-1
111,66,430.25,424.65,80.73,100.70,1.00,4,-1,-1
111,78,332.41,241.68,81.14,31.63,0.99,4,-1,-1
111,129,291.62,254.01,62.00,37.05,0.80,7,-1,-1
111,150,508.45,345.41,64.71,63.89,0.97,4,-1,-1
111,153,587.74,221.06,48.13,27.73,0.93,7,-1,-1
111,169,184.95,271.36,43.26,41.17,0.68,8,-1,-1
111,105,239.07,350.48,25.65,41.53,0.98,10,-1,-1
111,43,366.50,220.88,33.38,24.00,0.46,10,-1,-1
111,178,188.35,380.83,23.69,47.57,0.92,2,-1,-1
111,106,241.43,340.90,22.38,37.00,0.98,2,-1,-1
111,186,84.82,241.74,93.56,36.29,0.98,4,-1,-1
111,57,622.01,251.74,46.90,40.88,0.92,8,-1,-1
111,175,223.93,271.14,36.92,31.58,0.84,10,-1,-1
111,191,369.09,143.24,24.67,20.38,0.86,4,-1,-1
111,147,853.26,472.93,26.56,57.43,0.96,1,-1,-1
111,198,16.73,266.38,111.75,38.04,0.99,4,-1,-1
111,41,425.62,218.61,19.21,27.29,0.39,2,-1,-1
111,114,149.49,230.21,35.11,26.59,0.40,10,-1,-1
111,202,657.73,218.89,76.75,30.60,0.98,4,-1,-1
111,192,223.85,291.40,42.90,25.11,0.67,10,-1,-1
111,130,259.39,245.33,26.49,35.97,0.83,10,-1,-1
111,215,500.70,279.24,17.83,29.63,0.45,2,-1,-1
111,218,569.87,449.49,25.55,48.35,0.98,10,-1,-1
111,220,593.95,289.13,19.08,30.61,0.44,2,-1,-1
111,168,648.88,256.60,50.26,42.93,0.87,4,-1,-1
111,137,229.07,186.68,15.01,22.01,0.41,10,-1,-1
111,229,258.48,154.94,22.25,19.62,0.18,4,-1,-1
111,233,0.09,289.15,77.03,35.15,0.25,7,-1,-1
111,235,488.57,278.40,15.62,25.43,0.50,2,-1,-1
111,187,255.05,123.20,13.79,19.87,0.51,1,-1,-1
111,237,187.58,399.88,27.12,45.20,0.84,10,-1,-1
111,238,291.55,254.63,63.43,36.46,0.76,7,-1,-1
111,7,286.70,279.96,22.24,32.77,0.55,1,-1,-1
112,1,8.91,190.78,67.89,29.32,0.90,4,-1,-1
112,2,477.14,287.72,59.72,29.79,0.98,7,-1,-1
112,4,74.58,173.36,52.14,26.40,0.96,4,-1,-1
112,8,137.43,175.71,33.48,24.10,1.00,4,-1,-1
112,9,140.89,218.29,22.93,29.43,0.50,10,-1,-1
112,15,208.29,211.52,18.24,27.65,0.89,10,-1,-1
112,16,247.67,173.84,29.97,28.69,0.94,4,-1,-1
112,17,254.62,161.73,25.72,23.39,0.93,4,-1,-1
112,22,288.47,163.94,27.02,25.39,0.91,4,-1,-1
112,24,350.84,134.26,13.70,18.37,0.84,10,-1,-1
112,26,332.67,418.46,73.52,95.43,1.00,4,-1,-1
112,27,372.15,177.57,27.69,24.60,0.99,4,-1,-1
112,31,391.13,190.86,18.16,23.35,0.94,10,-1,-1
112,34,185.06,403.91,26.98,45.25,0.94,10,-1,-1
112,35,414.56,176.68,21.54,23.63,0.97,4,-1,-1
112,42,277.27,224.81,34.80,24.82,0.97,10,-1,-1
112,44,452.31,203.04,59.94,24.49,0.99,4,-1,-1
112,45,457.25,314.76,40.35,48.27,0.99,7,-1,-1
112,53,330.70,276.53,82.28,49.97,1.00,4,-1,-1
112,56,537.03,305.43,18.65,34.34,0.97,10,-1,-1
112,60,506.26,220.03,75.33,33.36,0.99,4,-1,-1
112,66,430.30,424.51,80.72,99.93,1.00,4,-1,-1
112,78,333.44,241.36,82.02,31.78,1.00,4,-1,-1
112,129,294.06,253.83,61.14,36.69,0.84,7,-1,-1
112,150,508.27,344.80,64.43,63.34,0.97,4,-1,-1
112,153,585.80,220.74,47.89,27.75,0.98,7,-1,-1
112,169,188.51,269.61,44.05,43.34,0.69,8,-1,-1
112,105,236.39,352.99,26.45,41.73,0.98,10,-1,-1
112,43,364.50,220.17,33.29,23.88,0.56,10,-1,-1
112,178,185.57,384.84,24.44,48.23,0.97,2,-1,-1
112,106,238.75,343.73,22.99,37.72,0.95,2,-1,-1
112,186,88.76,241.58,92.92,35.57,0.98,4,-1,-1
112,57,622.02,251.85,46.98,41.35,0.80,8,-1,-1
112,175,227.28,270.63,36.49,33.12,0.85,10,-1,-1
112,191,369.24,142.93,24.26,20.55,0.69,4,-1,-1
112,147,855.97,473.57,25.76,56.98,0.88,1,-1,-1
112,198,21.67,265.66,111.19,38.55,0.98,4,-1,-1
112,41,423.67,223.73,27.80,27.56,0.66,2,-1,-1
112,114,145.51,229.37,36.47,26.19,0.15,10,-1,-1
112,202,655.81,219.01,76.31,30.52,0.99,4,-1,-1
112,192,226.82,289.90,43.31,26.24,0.49,10,-1,-1
112,130,260.90,244.95,26.94,36.95,0.71,10,-1,-1
112,215,502.89,279.30,17.53,29.94,0.49,2,-1,-1
112,218,567.99,445.90,25.61,48.54,0.98,10,-1,-1
112,168,648.68,256.71,50.45,43.42,0.75,4,-1,-1
112,137,229.44,187.20,15.62,21.76,0.73,10,-1,-1
112,229,257.75,154.92,23.28,19.15,0.25,4,-1,-1
112,233,1.70,289.41,78.76,35.49,0.82,7,-1,-1
112,235,491.12,278.31,15.20,25.49,0.58,2,-1,-1
112,187,255.30,123.96,13.84,19.61,0.36,1,-1,-1
112,238,293.27,254.61,63.67,36.22,0.51,7,-1,-1
112,7,288.42,278.39,18.75,34.09,0.35,1,-1,-1
112,239,187.58,283.26,36.16,29.83,0.79,10,-1,-1
112,240,856.41,472.50,25.31,57.25,0.77,10,-1,-1
113,1,10.89,190.50,66.19,29.12,0.96,4,-1,-1
113,2,479.63,287.10,59.69,30.28,0.97,7,-1,-1
113,4,75.29,173.26,51.49,26.30,0.94,4,-1,-1
113,8,137.60,175.66,33.67,23.92,0.99,4,-1,-1
113,15,208.15,210.90,18.73,28.13,0.81,10,-1,-1
113,16,247.89,174.03,29.90,28.27,0.95,4,-1,-1
113,17,254.54,161.87,25.65,22.86,0.95,4,-1,-1
113,22,288.61,164.31,26.91,25.17,0.93,4,-1,-1
113,24,350.99,134.88,13.44,17.79,0.85,10,-1,-1
113,26,332.87,418.23,73.53,95.28,1.00,4,-1,-1
113,27,372.15,177.22,27.31,24.47,0.98,4,-1,-1
113,31,391.27,190.52,18.10,23.64,0.91,10,-1,-1
113,34,181.85,408.94,27.95,45.77,0.88,10,-1,-1
113,35,414.83,176.60,21.65,23.75,0.97,4,-1,-1
113,42,274.88,225.36,34.09,24.81,0.95,10,-1,-1
113,44,451.06,202.54,59.70,24.60,0.99,4,-1,-1
113,45,457.16,314.39,40.78,48.23,0.98,7,-1,-1
113,53,326.99,277.82,82.95,50.85,1.00,4,-1,-1
113,56,536.41,304.61,19.44,34.81,0.96,10,-1,-1
113,60,504.82,219.98,75.78,33.40,0.99,4,-1,-1
113,66,430.10,424.27,81.12,99.64,1.00,4,-1,-1
113,78,335.93,241.13,81.96,32.05,0.99,4,-1,-1
113,129,296.07,254.56,62.86,36.16,0.14,7,-1,-1
113,150,508.21,344.01,64.34,63.16,0.98,4,-1,-1
113,153,584.13,220.61,47.59,27.75,0.92,7,-1,-1
113,169,190.32,273.45,40.77,38.86,0.68,8,-1,-1
113,105,234.24,356.61,26.56,41.40,0.98,10,-1,-1
113,43,362.23,220.28,33.24,23.84,0.61,10,-1,-1
113,178,182.42,389.01,25.10,49.24,0.93,2,-1,-1
113,106,236.70,346.30,23.02,37.99,0.96,2,-1,-1
113,186,92.39,241.53,93.19,35.11,0.99,4,-1,-1
113,57,622.01,251.58,47.01,41.93,0.80,8,-1,-1
113,175,229.52,270.80,37.71,36.02,0.61,10,-1,-1
113,191,369.30,142.96,23.71,20.07,0.59,4,-1,-1
113,147,858.11,473.80,25.46,57.61,0.89,1,-1,-1
113,198,26.02,264.79,111.41,39.14,0.99,4,-1,-1
113,41,420.89,226.45,30.92,26.67,0.83,2,-1,-1
113,202,654.35,219.05,75.33,30.29,0.98,4,-1,-1
113,192,230.47,289.07,43.07,26.54,0.24,10,-1,-1
113,130,262.19,244.31,27.31,38.30,0.50,10,-1,-1
113,215,505.60,279.12,16.62,29.06,0.22,2,-1,-1
113,218,565.11,441.05,27.29,50.65,0.96,10,-1,-1
113,168,648.99,256.64,50.52,43.61,0.68,4,-1,-1
113,137,230.06,187.37,16.04,21.87,0.61,10,-1,-1
113,229,258.48,154.90,22.65,18.78,0.32,4,-1,-1
113,235,493.58,278.38,15.48,25.52,0.48,2,-1,-1
113,187,255.58,124.04,13.86,20.00,0.47,1,-1,-1
113,238,296.38,254.36,62.32,35.70,0.88,8,-1,-1
113,7,290.31,277.09,17.83,34.87,0.35,1,-1,-1
113,25,463.31,238.91,29.66,30.73,0.55,10,-1,-1
113,212,510.57,245.87,34.96,22.03,0.53,10,-1,-1
114,1,12.22,190.31,65.47,29.23,0.96,4,-1,-1
114,2,482.25,286.95,59.67,30.36,0.98,7,-1,-1
114,4,76.23,173.43,50.65,26.06,0.96,4,-1,-1
114,8,137.90,175.65,33.94,23.84,0.99,4,-1,-1
114,15,208.23,210.57,19.11,28.30,0.83,10,-1,-1
114,16,247.90,174.01,30.06,28.30,0.93,4,-1,-1
114,17,254.63,161.72,25.82,23.06,0.95,4,-1,-1
114,22,288.68,164.54,26.86,25.08,0.95,4,-1,-1
114,24,351.26,134.03,13.34,18.17,0.87,10,-1,-1
114,26,333.17,418.13,73.12,94.81,1.00,4,-1,-1
114,27,371.76,176.80,27.96,24.82,0.98,4,-1,-1
114,31,390.94,190.39,18.48,23.55,0.90,10,-1,-1
114,34,179.17,412.88,28.12,47.52,0.89,10,-1,-1
114,35,414.74,176.56,22.09,23.79,0.97,4,-1,-1
114,42,271.71,225.47,34.43,24.99,0.96,10,-1,-1
114,44,449.62,202.65,58.42,24.24,0.99,4,-1,-1
114,45,457.34,313.84,40.55,48.61,0.98,7,-1,-1
114,53,323.73,278.95,83.19,51.26,1.00,4,-1,-1
114,56,536.18,305.38,19.33,33.68,0.98,10,-1,-1
114,60,504.12,219.75,75.55,33.62,0.99,4,-1,-1
114,66,430.05,423.76,81.27,99.11,1.00,4,-1,-1
114,78,338.22,241.04,81.94,31.75,0.99,4,-1,-1
114,129,298.46,254.23,61.40,35.55,0.74,7,-1,-1
114,150,508.00,343.13,63.91,63.10,0.97,4,-1,-1
114,153,581.99,220.75,47.86,27.74,0.69,7,-1,-1
114,169,194.62,269.59,44.04,42.49,0.76,8,-1,-1
114,105,231.28,357.31,26.99,44.01,0.96,10,-1,-1
114,43,359.88,220.13,33.62,23.82,0.56,10,-1,-1
114,178,179.46,393.23,25.74,49.99,0.96,2,-1,-1
114,106,233.87,348.97,23.41,39.26,0.98,2,-1,-1
114,186,95.76,241.21,93.68,34.74,0.97,4,-1,-1
114,57,621.99,251.47,46.22,41.74,0.90,8,-1,-1
114,175,232.57,270.40,37.37,36.00,0.80,10,-1,-1
114,191,369.14,142.73,23.91,20.24,0.61,4,-1,-1
114,147,859.61,474.81,26.15,56.64,0.97,1,-1,-1
114,198,30.96,263.98,110.52,38.76,0.99,4,-1,-1
114,41,417.24,229.99,33.04,24.91,0.67,2,-1,-1
114,202,652.66,219.05,74.95,30.20,0.99,4,-1,-1
114,192,233.92,288.03,42.59,26.78,0.35,10,-1,-1
114,130,263.34,244.26,27.25,38.03,0.67,10,-1,-1
114,218,563.71,437.52,27.11,51.82,0.97,10,-1,-1
114,168,648.70,255.70,49.75,43.67,0.64,4,-1,-1
114,137,230.01,187.42,16.60,22.32,0.56,10,-1,-1
114,229,258.78,154.69,22.61,19.27,0.14,4,-1,-1
114,187,255.81,123.83,14.06,20.34,0.62,1,-1,-1
114,238,297.07,254.17,63.41,36.71,0.52,7,-1,-1
114,7,292.06,276.21,16.92,35.32,0.32,1,-1,-1
114,25,467.21,239.22,29.04,30.52,0.85,10,-1,-1
114,212,514.24,245.98,35.36,21.99,0.25,10,-1,-1
114,55,587.30,308.08,42.99,44.76,0.63,8,-1,-1
114,234,193.95,270.07,45.16,41.83,0.52,10,-1,-1
115,1,12.25,189.62,65.68,29.67,0.95,4,-1,-1
115,2,484.56,287.11,59.27,30.20,0.99,7,-1,-1
115,4,76.24,173.27,50.74,25.98,0.97,4,-1,-1
115,8,138.13,175.53,33.50,24.02,0.99,4,-1,-1
115,15,208.53,210.64,18.86,28.17,0.90,10,-1,-1
115,16,248.19,173.99,30.13,28.32,0.95,4,-1,-1
115,17,254.96,161.66,25.68,23.14,0.94,4,-1,-1
115,22,288.70,164.60,27.05,25.25,0.83,4,-1,-1
115,24,351.37,133.66,13.69,18.32,0.70,10,-1,-1
115,26,333.08,417.74,73.38,94.66,1.00,4,-1,-1
115,27,371.63,176.35,28.21,24.96,0.98,4,-1,-1
115,31,390.64,189.65,19.02,23.72,0.92,10,-1,-1
115,34,176.12,415.30,29.35,50.51,0.94,10,-1,-1
115,35,414.53,176.35,22.26,24.01,0.96,4,-1,-1
115,42,268.04,225.51,35.56,25.06,0.97,10,-1,-1
115,44,448.14,202.31,59.56,24.52,0.99,4,-1,-1
115,45,457.43,313.67,40.86,48.76,0.96,7,-1,-1
115,53,320.04,280.44,83.68,51.71,1.00,4,-1,-1
115,56,536.14,305.11,19.29,34.08,0.96,10,-1,-1
115,60,503.35,219.78,75.07,33.51,0.98,4,-1,-1
115,66,430.24,423.43,80.94,98.94,1.00,4,-1,-1
115,78,339.81,241.02,83.54,31.65,1.00,4,-1,-1
115,129,300.96,254.23,60.16,34.33,0.69,7,-1,-1
115,150,507.77,342.07,64.18,63.11,0.99,4,-1,-1
115,153,579.71,220.63,48.75,27.75,0.88,7,-1,-1
115,169,198.44,268.67,45.16,42.56,0.60,8,-1,-1
115,105,228.53,359.87,28.13,44.61,0.98,10,-1,-1
115,43,357.70,220.08,34.15,24.21,0.70,10,-1,-1
115,178,176.99,397.71,25.98,50.27,0.97,2,-1,-1
115,106,231.37,351.69,23.75,39.35,0.96,2,-1,-1
115,186,98.95,241.00,93.69,33.81,0.99,4,-1,-1
115,57,622.44,251.35,45.93,41.47,0.86,8,-1,-1
115,175,235.98,269.38,36.84,38.09,0.61,10,-1,-1
115,191,369.11,142.24,23.60,20.60,0.75,4,-1,-1
115,147,861.39,476.47,26.41,55.47,0.98,1,-1,-1
115,198,36.46,263.09,109.87,38.23,0.99,4,-1,-1
115,41,413.87,230.87,33.55,24.27,0.62,2,-1,-1
115,202,651.36,219.47,75.61,29.37,0.98,4,-1,-1
115,192,236.24,275.54,39.21,35.40,0.66,10,-1,-1
115,130,263.51,243.86,27.81,37.12,0.61,10,-1,-1
115,218,561.08,431.59,27.85,54.65,0.98,10,-1,-1
115,168,648.64,255.77,48.67,43.91,0.37,4,-1,-1
115,137,230.85,187.91,16.42,22.29,0.58,10,-1,-1
115,229,259.49,154.60,21.58,19.05,0.18,4,-1,-1
115,187,256.28,123.57,13.74,20.87,0.67,1,-1,-1
115,238,300.56,254.35,61.53,34.36,0.29,10,-1,-1
115,7,293.41,275.24,17.07,35.95,0.32,1,-1,-1
115,25,470.32,241.53,30.09,28.86,0.77,10,-1,-1
115,212,518.31,246.44,35.50,21.58,0.36,10,-1,-1
115,55,587.18,305.91,42.52,47.69,0.41,8,-1,-1
115,234,196.09,269.22,44.70,41.96,0.46,10,-1,-1
115,241,442.37,253.73,30.74,24.71,0.87,10,-1,-1
115,242,895.58,416.15,45.80,44.00,0.61,10,-1,-1
115,181,238.51,259.18,17.44,34.54,0.62,10,-1,-1
115,215,511.03,279.49,19.65,29.40,0.69,2,-1,-1
116,1,14.00,190.29,63.95,28.65,0.94,4,-1,-1
116,2,487.10,286.36,58.32,30.93,0.99,7,-1,-1
116,4,77.09,173.25,49.75,25.74,0.97,4,-1,-1
116,8,138.29,175.51,33.67,23.88,0.99,4,-1,-1
116,15,208.87,210.59,18.56,27.91,0.89,10,-1,-1
116,16,248.41,174.10,30.15,28.13,0.96,4,-1,-1
116,17,255.38,161.75,25.63,23.17,0.94,4,-1,-1
116,22,288.72,164.73,27.11,25.31,0.93,4,-1,-1
116,24,351.60,133.01,13.43,18.17,0.85,10,-1,-1
116,26,333.25,417.18,73.08,94.99,1.00,4,-1,-1
116,27,371.97,176.20,27.51,24.61,0.99,4,-1,-1
116,31,390.53,189.29,18.83,23.18,0.90,10,-1,-1
116,34,172.92,422.66,29.42,48.19,0.86,10,-1,-1
116,35,414.63,176.38,22.32,23.89,0.94,4,-1,-1
116,42,264.39,225.64,35.58,25.47,0.97,10,-1,-1
116,44,448.20,202.08,57.20,24.42,0.99,4,-1,-1
116,45,457.45,313.20,40.57,49.21,0.99,7,-1,-1
116,53,316.58,281.76,83.84,52.44,1.00,4,-1,-1
116,56,535.90,304.69,19.68,33.92,0.99,10,-1,-1
116,60,502.49,219.89,74.47,34.06,0.98,4,-1,-1
116,66,429.91,422.88,81.21,99.25,0.99,4,-1,-1
116,78,343.11,240.92,82.94,31.41,0.99,4,-1,-1
116,129,302.81,254.44,61.72,34.07,0.81,7,-1,-1
116,150,507.68,341.29,63.49,62.31,0.97,4,-1,-1
116,153,578.88,220.27,47.11,27.74,0.30,7,-1,-1
116,169,201.88,267.46,45.40,42.07,0.60,8,-1,-1
116,105,226.01,362.74,28.17,45.20,0.99,10,-1,-1
116,43,355.17,220.36,35.53,23.96,0.76,10,-1,-1
116,178,173.41,402.05,26.65,51.51,0.96,2,-1,-1
116,106,229.05,354.23,23.68,39.36,0.98,2,-1,-1
116,186,103.54,240.75,92.29,33.67,0.98,4,-1,-1
116,57,622.97,251.29,45.02,40.57,0.82,8,-1,-1
116,175,237.57,268.90,38.62,37.73,0.52,8,-1,-1
116,191,368.89,141.97,23.48,20.73,0.69,4,-1,-1
116,147,863.92,477.20,26.50,53.01,0.85,10,-1,-1
116,198,41.56,262.69,108.88,38.42,0.99,4,-1,-1
116,41,410.96,231.35,34.09,23.43,0.62,2,-1,-1
116,202,649.30,219.31,75.85,29.25,0.99,4,-1,-1
116,192,238.75,270.12,37.53,35.76,0.18,10,-1,-1
116,130,265.31,244.32,26.45,34.16,0.53,10,-1,-1
116,218,557.76,428.60,29.72,53.76,0.98,10,-1,-1
116,168,648.58,255.48,48.27,43.98,0.57,4,-1,-1
116,137,231.57,188.00,15.75,22.28,0.85,10,-1,-1
116,229,259.96,154.58,21.41,19.58,0.41,4,-1,-1
116,187,256.66,123.88,13.22,19.89,0.61,10,-1,-1
116,238,302.64,254.54,60.35,33.54,0.42,7,-1,-1
116,7,294.56,275.38,17.66,35.09,0.24,1,-1,-1
116,25,473.74,239.85,28.06,29.25,0.63,10,-1,-1
116,212,521.88,246.19,35.95,22.03,0.29,10,-1,-1
116,55,587.31,304.16,42.55,48.82,0.23,8,-1,-1
116,234,197.70,276.33,41.90,34.59,0.41,10,-1,-1
116,241,444.80,254.18,30.25,23.98,0.80,10,-1,-1
116,181,242.08,258.72,16.86,32.60,0.24,10,-1,-1
116,243,-0.51,250.11,37.33,25.92,0.83,10,-1,-1
116,233,19.27,287.03,78.26,35.78,0.57,7,-1,-1
117,1,14.24,190.56,63.28,28.24,0.89,4,-1,-1
117,2,489.32,286.08,58.36,31.21,0.99,7,-1,-1
117,4,76.22,173.04,50.79,26.05,0.95,4,-1,-1
117,8,138.17,175.30,33.39,24.03,0.99,4,-1,-1
117,15,209.06,210.67,18.45,27.81,0.87,10,-1,-1
117,16,248.66,174.04,29.96,28.25,0.94,4,-1,-1
117,17,255.32,161.79,25.62,23.58,0.92,4,-1,-1
117,22,288.99,164.77,26.84,25.33,0.94,4,-1,-1
117,24,351.66,132.33,13.33,18.41,0.75,10,-1,-1
117,26,333.29,416.99,73.36,94.72,1.00,4,-1,-1
117,27,372.09,175.95,27.24,24.47,1.00,4,-1,-1
117,31,390.27,189.16,18.75,22.98,0.90,10,-1,-1
117,34,169.08,426.63,30.41,49.98,0.90,10,-1,-1
117,35,414.85,176.29,22.34,24.04,0.96,4,-1,-1
117,42,261.00,225.88,35.20,25.42,0.95,10,-1,-1
117,44,447.85,201.60,57.11,24.78,0.99,4,-1,-1
117,45,457.24,313.23,40.86,48.98,0.99,7,-1,-1
117,53,312.99,283.31,84.29,53.00,1.00,4,-1,-1
117,56,536.59,306.43,19.43,31.76,0.98,10,-1,-1
117,60,500.40,219.43,75.45,33.67,1.00,4,-1,-1
117,66,430.17,422.50,80.91,98.98,0.99,4,-1,-1
117,78,347.85,240.88,81.12,31.32,0.99,4,-1,-1
117,129,304.60,254.52,63.09,32.98,0.78,7,-1,-1
117,150,507.84,341.04,62.84,61.23,0.97,4,-1,-1
117,153,576.65,219.54,47.26,28.34,0.70,7,-1,-1
117,169,205.21,266.52,46.68,41.58,0.74,8,-1,-1
117,105,222.94,365.73,29.15,45.41,0.98,10,-1,-1
117,43,353.07,220.88,35.27,23.46,0.87,10,-1,-1
117,178,170.23,406.55,26.70,52.36,0.94,2,-1,-1
117,106,226.25,357.29,24.04,39.35,0.95,2,-1,-1
117,186,107.35,240.17,91.62,33.83,0.99,4,-1,-1
117,57,623.15,251.28,44.68,41.03,0.86,8,-1,-1
117,191,368.39,142.07,23.85,20.39,0.70,4,-1,-1
117,147,868.78,478.08,24.95,49.66,0.96,1,-1,-1
117,198,46.33,261.97,108.26,38.50,0.99,4,-1,-1
117,41,408.66,231.17,33.89,23.35,0.21,2,-1,-1
117,202,647.38,219.15,76.74,29.41,0.97,4,-1,-1
117,130,266.41,243.69,26.51,35.07,0.55,10,-1,-1
117,218,554.78,426.03,31.58,52.59,0.99,10,-1,-1
117,168,648.54,255.28,48.14,44.21,0.52,4,-1,-1
117,137,232.10,188.72,16.30,21.48,0.74,10,-1,-1
117,229,259.99,154.47,21.35,20.17,0.21,4,-1,-1
117,187,257.27,124.10,13.02,19.29,0.77,10,-1,-1
117,238,303.98,254.28,61.82,35.04,0.17,7,-1,-1
117,7,296.00,275.29,17.59,34.11,0.16,1,-1,-1
117,25,476.24,238.25,25.63,27.80,0.59,10,-1,-1
117,212,525.08,245.80,36.91,22.40,0.40,10,-1,-1
117,55,586.15,304.40,42.55,50.73,0.41,8,-1,-1
117,234,200.61,279.48,42.07,31.17,0.25,10,-1,-1
117,241,447.60,254.03,30.62,23.84,0.76,10,-1,-1
117,243,-0.03,248.89,32.50,25.67,0.75,10,-1,-1
117,233,23.88,286.16,78.03,35.96,0.97,7,-1,-1
117,222,584.00,340.76,44.01,62.69,0.66,8,-1,-1
118,1,14.31,190.67,63.95,27.89,0.64,4,-1,-1
118,2,491.67,285.88,59.19,31.61,0.98,7,-1,-1
118,4,76.71,173.37,50.41,25.57,0.97,4,-1,-1
118,8,138.42,175.34,33.18,23.69,0.99,4,-1,-1
118,15,209.13,210.52,18.80,27.77,0.74,10,-1,-1
118,16,248.85,174.02,30.08,28.30,0.96,4,-1,-1
118,17,255.39,161.80,25.61,23.54,0.95,4,-1,-1
118,22,289.30,164.88,26.74,25.33,0.92,4,-1,-1
118,24,351.69,131.84,13.29,18.80,0.82,10,-1,-1
118,26,333.32,416.55,73.48,94.62,1.00,4,-1,-1
118,27,371.93,175.67,27.54,24.42,1.00,4,-1,-1
118,31,389.99,188.72,18.72,23.10,0.87,10,-1,-1
118,34,165.85,431.94,30.98,50.24,0.88,10,-1,-1
118,35,415.13,176.16,22.34,24.10,0.95,4,-1,-1
118,42,257.55,225.39,36.04,25.80,0.97,10,-1,-1
118,44,446.96,201.62,57.90,24.52,0.99,4,-1,-1
118,45,457.58,313.26,40.18,48.89,0.99,7,-1,-1
118,53,309.37,284.56,84.46,53.89,1.00,4,-1,-1
118,56,537.27,308.33,18.93,30.13,0.92,10,-1,-1
118,60,499.27,219.16,75.42,33.52,1.00,4,-1,-1
118,66,430.28,422.18,80.81,98.88,0.99,4,-1,-1
118,78,350.97,240.68,80.83,31.29,1.00,4,-1,-1
118,129,306.98,255.18,63.23,32.98,0.85,7,-1,-1
118,150,507.73,340.59,63.02,60.43,0.98,4,-1,-1
118,153,574.50,218.97,47.92,28.76,0.88,7,-1,-1
118,169,207.26,266.70,46.38,43.09,0.48,8,-1,-1
118,105,219.99,368.19,29.52,46.25,0.96,10,-1,-1
118,43,350.59,219.67,36.34,25.08,0.79,10,-1,-1
118,178,166.84,411.50,27.49,53.06,0.94,2,-1,-1
118,106,222.52,360.16,25.54,40.13,0.95,2,-1,-1
118,186,111.29,239.87,90.93,33.70,0.97,4,-1,-1
118,57,622.83,251.26,46.17,40.80,0.89,8,-1,-1
118,191,368.22,141.72,23.59,20.65,0.49,4,-1,-1
118,147,871.79,477.94,25.16,48.44,0.81,1,-1,-1
118,198,51.12,261.73,107.47,38.33,0.98,4,-1,-1
118,202,645.94,219.08,77.07,29.47,0.99,4,-1,-1
118,130,268.17,243.28,26.53,36.39,0.70,10,-1,-1
118,218,552.35,422.99,32.70,52.14,0.99,10,-1,-1
118,168,648.94,255.20,48.90,44.29,0.64,4,-1,-1
118,137,232.10,188.78,16.69,21.79,0.64,10,-1,-1
118,229,260.10,154.24,21.33,20.00,0.16,4,-1,-1
118,187,257.59,123.92,13.16,19.78,0.50,10,-1,-1
118,238,306.15,255.44,63.07,34.52,0.20,7,-1,-1
118,7,297.19,278.18,23.80,29.73,0.20,1,-1,-1
118,25,477.78,237.63,27.75,28.07,0.48,10,-1,-1
118,212,528.55,245.25,37.27,22.74,0.38,10,-1,-1
118,55,587.12,304.50,41.57,48.53,0.41,8,-1,-1
118,234,204.09,279.32,42.94,30.84,0.35,10,-1,-1
118,241,451.56,253.52,29.82,24.51,0.82,10,-1,-1
118,243,0.06,249.94,26.25,25.62,0.43,10,-1,-1
118,233,28.36,285.38,78.67,36.12,0.94,7,-1,-1
118,222,584.24,341.36,44.19,61.81,0.44,8,-1,-1
118,244,896.18,415.55,44.60,43.39,0.92,10,-1,-1
118,175,243.20,267.03,38.65,36.92,0.69,10,-1,-1
119,1,14.22,189.18,64.79,29.57,0.71,4,-1,-1
119,2,494.02,285.88,60.69,31.47,0.99,7,-1,-1
119,4,77.25,173.07,49.64,25.79,0.96,4,-1,-1
119,8,138.34,175.22,33.15,23.76,0.99,4,-1,-1
119,15,209.23,210.43,18.54,27.75,0.86,10,-1,-1
119,16,249.00,173.79,29.93,28.52,0.96,4,-1,-1
119,17,255.29,161.59,25.81,23.72,0.91,4,-1,-1
119,22,289.29,165.09,26.59,25.14,0.93,4,-1,-1
119,24,351.87,132.58,12.88,18.26,0.72,10,-1,-1
119,26,333.10,415.96,73.91,94.99,1.00,4,-1,-1
119,27,372.05,175.46,27.26,24.21,0.99,4,-1,-1
119,31,389.67,188.45,19.10,23.15,0.89,10,-1,-1
119,34,162.21,436.76,30.60,51.88,0.58,10,-1,-1
119,35,415.22,175.99,22.34,24.12,0.95,4,-1,-1
119,42,254.25,225.76,36.36,25.34,0.97,10,-1,-1
119,44,445.43,201.32,58.60,24.63,0.98,4,-1,-1
119,45,457.67,313.45,39.91,48.46,0.99,7,-1,-1
119,53,305.82,285.86,84.61,54.70,1.00,4,-1,-1
119,56,537.30,309.20,19.15,29.15,0.80,10,-1,-1
119,60,498.27,219.34,75.40,32.87,0.99,4,-1,-1
119,66,430.29,421.64,80.77,98.84,0.99,4,-1,-1
119,78,354.22,240.48,80.33,31.29,0.99,4,-1,-1
119,129,308.77,254.38,63.67,34.01,0.64,7,-1,-1
119,150,507.66,340.24,62.69,59.76,0.98,4,-1,-1
119,153,574.52,219.53,45.79,27.34,0.39,7,-1,-1
119,169,209.86,266.46,45.26,42.57,0.77,8,-1,-1
119,105,216.76,371.56,30.24,46.56,0.98,10,-1,-1
119,43,348.52,220.18,36.35,24.50,0.82,10,-1,-1
119,178,163.15,416.77,27.39,54.08,0.86,2,-1,-1
119,106,219.77,363.30,25.14,40.02,0.97,2,-1,-1
119,186,114.71,239.44,90.68,33.86,0.94,4,-1,-1
119,57,623.08,251.05,46.72,40.91,0.80,8,-1,-1
119,191,367.94,141.47,23.50,20.85,0.49,4,-1,-1
119,147,874.77,478.48,25.24,50.91,0.92,1,-1,-1
119,198,55.14,261.42,107.25,38.67,1.00,4,-1,-1
119,202,643.45,218.74,77.19,29.70,0.97,4,-1,-1
119,130,269.55,243.11,26.14,36.68,0.74,10,-1,-1
119,218,549.69,419.56,33.51,53.16,0.96,10,-1,-1
119,168,649.06,255.16,49.99,43.53,0.71,4,-1,-1
119,137,232.65,188.47,16.65,22.30,0.74,10,-1,-1
119,229,259.61,154.23,21.53,20.53,0.16,4,-1,-1
119,187,257.88,124.08,12.81,19.36,0.56,10,-1,-1
119,238,308.37,254.50,63.23,35.17,0.53,7,-1,-1
119,7,298.29,276.12,20.39,31.93,0.16,1,-1,-1
119,25,478.90,236.60,28.83,25.56,0.43,10,-1,-1
119,212,531.89,244.13,37.80,23.26,0.26,10,-1,-1
119,55,587.05,305.16,40.38,47.43,0.52,8,-1,-1
119,234,207.15,279.12,42.87,30.64,0.75,10,-1,-1
119,241,454.52,252.69,30.46,25.61,0.53,10,-1,-1
119,243,0.02,249.68,20.44,27.02,0.87,10,-1,-1
119,233,32.43,283.98,78.91,37.08,0.99,7,-1,-1
119,222,584.08,341.34,44.05,61.53,0.74,8,-1,-1
119,244,896.64,414.75,43.63,43.87,0.68,10,-1,-1
119,175,247.77,266.65,36.96,36.97,0.42,10,-1,-1
119,245,0.32,349.55,37.78,32.54,0.80,10,-1,-1
119,246,400.78,167.24,14.46,19.29,0.66,10,-1,-1
119,247,874.49,478.83,25.31,51.23,0.82,10,-1,-1
120,1,15.23,190.20,63.07,28.43,0.65,4,-1,-1
120,2,497.00,286.34,60.86,31.41,0.98,7,-1,-1
120,4,77.46,173.07,49.45,25.67,0.94,4,-1,-1
120,8,138.47,175.00,33.09,24.19,0.99,4,-1,-1
120,15,209.17,210.63,18.84,27.55,0.82,10,-1,-1
120,16,249.26,173.73,30.07,28.60,0.96,4,-1,-1
120,17,255.46,161.43,25.68,23.39,0.93,4,-1,-1
120,22,289.20,165.19,26.84,25.26,0.94,4,-1,-1
120,24,352.16,132.38,12.72,18.04,0.73,10,-1,-1
120,26,333.20,416.00,74.07,94.74,1.00,4,-1,-1
120,27,372.11,175.22,26.75,24.13,0.99,4,-1,-1
120,31,389.56,188.09,18.85,23.38,0.91,10,-1,-1
120,34,158.13,442.22,31.80,53.27,0.84,10,-1,-1
120,35,415.26,175.97,22.34,24.13,0.97,4,-1,-1
120,42,250.75,226.74,36.67,24.37,0.97,10,-1,-1
120,44,444.10,201.06,59.66,24.87,0.96,4,-1,-1
120,45,457.91,314.18,39.81,47.50,0.98,7,-1,-1
120,53,302.41,287.72,84.85,55.39,1.00,4,-1,-1
120,56,536.71,308.62,20.42,30.36,0.80,10,-1,-1
120,60,498.35,219.56,74.59,32.03,0.97,4,-1,-1
120,66,430.29,421.51,81.14,99.24,0.99,4,-1,-1
120,78,358.15,240.55,78.95,30.90,0.99,4,-1,-1
120,129,310.95,253.93,63.84,34.60,0.30,7,-1,-1
120,150,507.25,339.59,62.58,59.94,0.97,4,-1,-1
120,153,575.06,219.72,42.53,26.78,0.13,7,-1,-1
120,169,212.81,266.13,44.83,41.77,0.36,8,-1,-1
120,105,213.15,375.16,31.47,47.05,0.99,10,-1,-1
120,43,346.04,220.43,36.33,24.67,0.85,10,-1,-1
120,178,159.55,422.22,27.72,54.07,0.92,2,-1,-1
120,106,216.44,366.42,26.14,41.55,0.99,2,-1,-1
120,186,118.65,239.21,89.80,34.14,0.73,5,-1,-1
120,57,622.79,251.03,46.93,41.16,0.65,8,-1,-1
120,191,367.66,141.52,23.06,20.83,0.50,4,-1,-1
120,147,877.80,479.15,24.47,49.02,0.85,1,-1,-1
120,198,59.70,260.94,106.56,38.61,1.00,4,-1,-1
120,202,641.40,218.78,78.02,30.39,0.97,4,-1,-1
120,130,271.21,243.87,25.39,35.81,0.55,10,-1,-1
120,218,547.74,416.26,33.81,53.94,0.98,10,-1,-1
120,168,649.51,255.21,50.40,43.64,0.77,4,-1,-1
120,137,232.95,188.96,16.82,22.50,0.74,10,-1,-1
120,229,259.53,154.15,22.01,20.73,0.37,4,-1,-1
120,238,310.94,253.99,63.69,34.60,0.80,7,-1,-1
120,25,480.20,234.08,24.50,26.07,0.45,10,-1,-1
120,212,535.22,243.57,37.99,23.46,0.47,10,-1,-1
120,55,587.84,305.37,38.32,46.73,0.28,8,-1,-1
120,234,211.02,279.89,42.23,29.16,0.76,10,-1,-1
120,241,457.55,252.57,30.67,25.76,0.44,10,-1,-1
120,243,0.08,251.02,14.45,26.14,0.91,10,-1,-1
120,233,37.23,283.59,78.59,37.15,0.99,7,-1,-1
120,222,584.23,341.59,44.19,61.44,0.67,8,-1,-1
120,244,896.26,414.18,44.38,43.96,0.83,10,-1,-1
120,175,252.87,266.34,36.35,36.99,0.40,10,-1,-1
120,245,0.81,350.73,40.11,31.58,0.93,10,-1,-1
120,248,50.44,220.28,27.46,25.01,0.65,10,-1,-1
120,249,118.35,239.41,90.18,34.35,0.83,4,-1,-1
121,1,15.44,190.82,62.65,27.96,0.78,4,-1,-1
121,2,499.22,286.59,60.92,31.29,0.99,7,-1,-1
121,4,78.20,173.37,48.68,25.23,0.96,4,-1,-1
121,8,138.43,175.01,33.27,24.15,0.99,4,-1,-1
121,15,209.07,210.20,19.34,27.87,0.76,10,-1,-1
121,16,249.46,173.61,29.92,28.63,0.96,4,-1,-1
121,17,255.63,161.37,25.43,23.27,0.91,4,-1,-1
121,22,289.17,165.31,26.93,25.31,0.95,4,-1,-1
121,24,352.26,131.31,13.06,18.46,0.90,10,-1,-1
121,26,333.05,415.79,74.13,94.64,1.00,4,-1,-1
121,27,372.34,174.94,26.56,24.10,0.99,4,-1,-1
121,31,389.34,187.86,18.35,23.06,0.86,10,-1,-1
121,34,154.01,447.29,31.91,55.34,0.63,10,-1,-1
121,35,415.07,175.86,22.33,24.13,0.97,4,-1,-1
121,42,247.56,226.89,36.39,24.59,0.95,10,-1,-1
121,44,444.02,200.95,57.30,24.57,0.97,4,-1,-1
121,45,457.80,313.24,40.17,47.94,0.96,7,-1,-1
121,53,298.58,289.07,85.02,56.12,1.00,4,-1,-1
121,56,536.49,308.29,20.89,30.90,0.87,10,-1,-1
121,60,498.82,219.93,73.48,32.12,0.97,4,-1,-1
121,66,430.09,421.04,81.28,99.77,0.99,4,-1,-1
121,78,360.73,240.56,79.24,30.95,0.99,4,-1,-1
121,129,313.49,254.83,63.90,32.44,0.59,7,-1,-1
121,150,507.10,338.55,62.15,60.01,0.97,4,-1,-1
121,153,572.46,219.57,41.73,26.37,0.12,7,-1,-1
121,105,209.43,377.62,31.93,48.39,0.99,10,-1,-1
121,43,343.61,221.11,35.92,24.52,0.90,10,-1,-1
121,178,155.01,427.50,28.87,56.38,0.94,2,-1,-1
121,106,212.15,369.27,26.31,43.28,0.96,2,-1,-1
121,186,120.81,238.83,91.68,34.04,0.81,4,-1,-1
121,57,622.66,250.91,46.22,40.65,0.45,8,-1,-1
121,191,367.36,141.24,22.91,20.92,0.37,4,-1,-1
121,147,880.02,480.14,24.18,47.89,0.96,1,-1,-1
121,198,64.18,260.57,105.90,38.18,1.00,4,-1,-1
121,202,639.09,218.87,77.53,30.64,0.98,4,-1,-1
121,130,272.19,244.27,25.91,35.86,0.61,10,-1,-1
121,218,544.52,412.12,35.08,55.41,0.97,10,-1,-1
121,168,649.66,255.31,51.35,42.09,0.82,4,-1,-1
121,137,233.56,188.84,16.69,22.97,0.83,10,-1,-1
121,229,259.70,154.02,21.80,20.61,0.28,4,-1,-1
121,238,313.44,255.01,63.86,32.55,0.88,7,-1,-1
121,25,481.47,233.41,26.18,26.46,0.46,10,-1,-1
121,212,538.53,242.65,38.05,23.73,0.22,10,-1,-1
121,55,587.72,305.03,38.78,47.27,0.24,8,-1,-1
121,234,213.07,279.30,43.00,28.55,0.79,10,-1,-1
121,241,460.80,252.32,30.32,25.78,0.30,10,-1,-1
121,243,0.02,250.71,8.28,26.45,0.35,10,-1,-1
121,233,41.93,283.57,78.17,36.86,0.99,7,-1,-1
121,222,584.08,341.26,44.45,61.40,0.61,8,-1,-1
121,244,896.13,415.37,44.62,42.59,0.50,10,-1,-1
121,175,254.63,265.63,39.16,37.00,0.35,10,-1,-1
121,245,3.50,352.11,40.55,31.86,0.93,10,-1,-1
121,248,52.75,221.82,29.90,23.80,0.85,10,-1,-1
121,250,6.09,341.72,20.09,31.94,0.66,2,-1,-1
121,251,153.16,445.38,34.13,57.86,0.79,10,-1,-1
121,252,591.23,506.85,110.89,32.54,0.76,4,-1,-1
122,1,15.57,190.81,62.42,27.99,0.73,4,-1,-1
122,2,501.56,287.40,61.34,30.94,0.96,7,-1,-1
122,4,78.39,173.33,48.51,25.06,0.96,4,-1,-1
122,8,138.64,175.06,33.19,23.93,0.99,4,-1,-1
122,15,208.91,210.28,19.93,27.59,0.55,10,-1,-1
122,16,249.52,173.49,29.87,28.84,0.97,4,-1,-1
122,17,255.48,160.88,25.74,24.02,0.91,4,-1,-1
122,22,289.14,165.68,26.77,25.12,0.94,4,-1,-1
122,24,352.48,131.88,12.40,18.03,0.84,10,-1,-1
122,26,333.00,415.77,74.16,94.61,1.00,4,-1,-1
122,27,372.41,174.66,26.50,23.89,0.99,4,-1,-1
122,31,389.05,187.51,18.57,22.94,0.69,10,-1,-1
122,34,149.14,452.48,33.84,56.51,0.85,10,-1,-1
122,35,415.19,175.93,22.33,24.12,0.98,4,-1,-1
122,42,244.28,227.38,35.68,24.28,0.94,10,-1,-1
122,44,443.24,200.94,55.98,23.85,0.98,4,-1,-1
122,45,457.77,312.91,40.31,48.50,0.95,7,-1,-1
122,53,294.87,291.05,85.49,56.68,1.00,4,-1,-1
122,56,535.83,307.57,21.47,31.51,0.89,10,-1,-1
122,60,497.64,219.59,73.47,32.75,0.96,4,-1,-1
122,66,430.04,421.11,81.35,99.18,0.99,4,-1,-1
122,78,363.59,240.20,79.76,31.37,0.99,4,-1,-1
122,129,315.76,254.82,64.32,33.04,0.93,7,-1,-1
122,150,507.27,338.01,61.60,59.66,0.97,4,-1,-1
122,153,572.82,219.12,39.43,27.23,0.14,7,-1,-1
122,105,205.92,381.65,32.49,48.11,0.99,10,-1,-1
122,43,340.98,220.90,34.96,24.67,0.82,10,-1,-1
122,178,151.01,434.12,28.33,56.08,0.86,2,-1,-1
122,106,209.40,372.87,25.59,42.78,0.97,2,-1,-1
122,186,123.51,238.74,91.85,33.41,0.71,4,-1,-1
122,57,622.62,250.77,46.74,40.46,0.20,8,-1,-1
122,191,366.85,141.26,23.26,20.85,0.67,4,-1,-1
122,147,881.59,480.89,24.89,51.17,0.93,1,-1,-1
122,198,68.15,260.71,105.97,37.82,0.99,4,-1,-1
122,202,637.90,218.82,77.34,30.14,0.98,4,-1,-1
122,130,273.30,244.55,26.51,36.48,0.76,10,-1,-1
122,218,541.63,413.23,35.18,51.65,0.96,10,-1,-1
122,168,650.13,255.26,52.50,40.89,0.83,4,-1,-1
122,137,233.46,188.81,17.43,23.34,0.27,10,-1,-1
122,229,258.95,154.40,22.72,20.95,0.20,4,-1,-1
122,238,315.90,255.11,63.92,32.21,0.37,7,-1,-1
122,212,542.24,242.52,37.28,23.63,0.29,10,-1,-1
122,234,216.47,280.06,41.69,27.95,0.88,10,-1,-1
122,241,463.91,252.58,30.61,25.15,0.36,10,-1,-1
122,233,45.98,283.46,78.18,36.94,1.00,7,-1,-1
122,222,584.03,341.36,44.15,61.40,0.66,8,-1,-1
122,244,896.59,415.33,43.78,42.16,0.87,10,-1,-1
122,175,258.64,265.10,38.43,37.21,0.52,10,-1,-1
122,245,6.81,354.03,40.81,32.42,0.96,10,-1,-1
122,248,55.70,220.50,28.58,25.45,0.72,10,-1,-1
122,252,589.31,503.92,108.96,35.43,0.63,4,-1,-1
123,1,16.28,190.61,62.10,28.00,0.70,4,-1,-1
123,2,503.95,287.93,61.88,30.80,0.95,7,-1,-1
123,4,78.43,173.33,48.65,25.20,0.96,4,-1,-1
123,8,138.74,175.10,33.16,23.85,0.99,4,-1,-1
123,15,209.16,210.33,19.76,27.28,0.58,10,-1,-1
123,16,249.66,173.47,29.65,28.52,0.98,4,-1,-1
123,17,255.54,161.11,25.46,23.51,0.92,4,-1,-1
123,22,289.35,166.02,26.51,24.85,0.94,4,-1,-1
123,24,352.79,132.19,12.14,17.76,0.71,10,-1,-1
123,26,333.00,415.39,74.17,95.00,1.00,4,-1,-1
123,27,372.86,174.79,25.68,23.41,0.99,4,-1,-1
123,31,389.17,187.20,18.25,23.10,0.65,10,-1,-1
123,34,143.99,459.99,34.76,56.16,0.80,10,-1,-1
123,35,415.46,176.09,21.93,23.92,0.98,4,-1,-1
123,42,240.89,227.67,35.61,24.56,0.92,10,-1,-1
123,44,442.40,200.86,54.70,23.38,0.99,4,-1,-1
123,45,457.57,312.82,40.76,48.32,0.96,7,-1,-1
123,53,291.33,292.77,85.75,57.65,1.00,4,-1,-1
123,56,535.59,306.42,22.08,32.25,0.83,10,-1,-1
123,60,497.06,219.38,72.27,33.00,0.89,4,-1,-1
123,66,430.23,421.17,80.97,98.96,0.99,4,-1,-1
123,78,367.38,239.99,79.17,31.53,0.99,4,-1,-1
123,129,318.34,254.43,64.47,33.65,0.79,7,-1,-1
123,150,507.35,337.66,61.01,59.94,0.97,4,-1,-1
123,153,573.68,218.89,36.96,27.55,0.15,7,-1,-1
123,105,201.95,384.50,33.47,49.15,0.99,10,-1,-1
123,43,338.30,220.84,34.99,25.11,0.74,10,-1,-1
123,178,145.89,440.08,30.22,58.68,0.84,2,-1,-1
123,106,206.00,376.54,26.09,42.16,0.95,2,-1,-1
123,186,127.81,238.13,90.13,33.38,0.95,4,-1,-1
123,57,623.02,250.95,45.35,39.99,0.38,8,-1,-1
123,191,366.69,141.39,22.99,20.72,0.85,4,-1,-1
123,147,882.52,484.72,25.94,50.77,0.83,1,-1,-1
123,198,73.08,260.58,104.83,36.89,0.99,4,-1,-1
123,202,635.55,218.82,78.06,29.95,0.99,4,-1,-1
123,130,274.38,244.78,25.35,34.93,0.60,10,-1,-1
123,218,538.64,414.32,35.19,47.69,0.96,10,-1,-1
123,168,649.93,254.86,52.15,41.06,0.80,4,-1,-1
123,137,233.93,189.21,17.51,23.68,0.39,10,-1,-1
123,229,259.58,154.36,21.88,20.29,0.14,4,-1,-1
123,212,546.92,243.00,36.18,22.99,0.34,10,-1,-1
123,234,219.56,279.70,41.59,27.98,0.84,10,-1,-1
123,241,467.20,254.47,30.71,24.08,0.68,10,-1,-1
123,233,50.84,283.75,77.22,36.07,0.99,7,-1,-1
123,222,583.83,340.42,44.24,62.60,0.47,8,-1,-1
123,244,896.32,415.33,43.49,41.61,0.53,10,-1,-1
123,175,262.16,264.13,39.92,36.89,0.58,10,-1,-1
123,245,11.10,355.95,39.52,32.14,0.97,10,-1,-1
123,248,61.14,220.53,27.43,24.85,0.14,10,-1,-1
123,252,588.49,500.90,105.78,38.23,0.82,4,-1,-1
123,253,37.40,249.81,34.05,22.60,0.71,10,-1,-1
123,220,587.55,282.78,15.75,31.17,0.54,1,-1,-1
124,1,15.71,190.49,62.80,28.21,0.72,4,-1,-1
124,2,506.32,287.39,61.69,31.45,0.89,7,-1,-1
124,4,78.63,173.28,48.50,25.26,0.96,4,-1,-1
124,8,138.82,175.07,33.10,24.02,0.99,4,-1,-1
124,15,209.24,210.41,19.68,26.97,0.45,10,-1,-1
124,16,249.59,173.43,29.56,28.60,0.97,4,-1,-1
124,17,255.25,161.07,25.75,23.51,0.94,4,-1,-1
124,22,289.31,166.22,26.70,24.75,0.93,4,-1,-1
124,24,352.68,131.79,12.45,17.66,0.54,10,-1,-1
124,26,332.97,415.22,74.16,95.14,1.00,4,-1,-1
124,27,373.01,174.52,25.37,23.44,0.99,4,-1,-1
124,31,389.01,186.97,18.53,22.96,0.46,10,-1,-1
124,34,139.53,466.23,35.49,57.94,0.62,10,-1,-1
124,35,415.33,176.22,22.17,23.65,0.98,4,-1,-1
124,42,237.43,227.44,35.38,25.06,0.93,10,-1,-1
124,44,441.48,200.61,53.83,23.21,0.98,4,-1,-1
124,45,457.46,312.36,40.53,48.65,0.99,7,-1,-1
124,53,287.41,294.32,86.13,58.79,1.00,4,-1,-1
124,56,535.66,307.74,21.91,31.15,0.89,10,-1,-1
124,60,498.86,219.28,69.81,32.10,0.85,4,-1,-1
124,66,430.26,420.77,80.82,99.27,0.99,4,-1,-1
124,78,368.47,239.68,81.35,31.80,0.99,4,-1,-1
124,129,320.60,253.96,64.52,33.69,0.93,7,-1,-1
124,150,506.96,337.33,61.20,59.66,0.98,4,-1,-1
124,153,570.88,218.49,37.78,27.28,0.69,7,-1,-1
124,105,197.86,387.42,34.03,50.71,0.99,10,-1,-1
124,43,335.77,220.49,33.40,25.28,0.71,10,-1,-1
124,178,141.26,446.65,30.87,58.86,0.87,2,-1,-1
124,106,201.93,379.96,26.85,43.09,0.95,2,-1,-1
124,186,131.33,237.77,89.62,33.17,0.97,4,-1,-1
124,57,623.13,251.10,44.81,38.41,0.31,8,-1,-1
124,191,366.42,141.22,22.89,20.77,0.59,4,-1,-1
124,147,883.91,484.37,26.34,53.02,0.87,1,-1,-1
124,198,77.07,260.11,104.49,37.15,1.00,4,-1,-1
124,202,633.10,218.90,78.32,29.87,0.99,4,-1,-1
124,130,275.51,245.73,23.88,33.92,0.78,10,-1,-1
124,218,534.78,413.39,36.36,46.25,0.92,10,-1,-1
124,168,650.20,255.10,51.21,40.33,0.35,4,-1,-1
124,137,234.47,189.90,17.73,23.41,0.63,10,-1,-1
124,229,259.81,154.27,21.55,19.58,0.21,4,-1,-1
124,212,550.51,243.47,35.76,22.34,0.42,10,-1,-1
124,234,222.34,279.43,41.55,28.01,0.83,10,-1,-1
124,241,470.69,254.10,29.93,23.67,0.37,10,-1,-1
124,233,54.56,283.64,76.36,35.94,0.99,7,-1,-1
124,222,584.12,340.05,43.07,63.06,0.75,8,-1,-1
124,244,896.18,414.66,43.39,41.88,0.29,10,-1,-1
124,175,265.44,263.14,39.49,37.97,0.66,10,-1,-1
124,245,15.23,356.91,38.51,33.34,0.97,10,-1,-1
124,252,586.98,497.79,104.98,41.47,0.90,4,-1,-1
124,253,32.45,250.04,34.53,22.60,0.76,10,-1,-1
124,220,586.31,282.13,16.08,30.89,0.34,1,-1,-1
124,254,16.94,345.64,21.82,34.35,0.85,2,-1,-1
124,255,390.54,140.95,21.70,20.87,0.64,4,-1,-1
125,1,15.63,190.87,62.56,27.69,0.90,4,-1,-1
125,2,508.91,287.31,60.81,31.99,0.88,7,-1,-1
125,4,77.88,173.20,49.36,25.48,0.96,4,-1,-1
125,8,138.93,175.19,32.98,23.88,0.99,4,-1,-1
125,15,209.16,210.37,19.85,26.85,0.41,10,-1,-1
125,16,249.75,173.63,29.13,28.23,0.97,4,-1,-1
125,17,255.42,161.18,25.67,23.71,0.96,4,-1,-1
125,22,289.19,166.40,26.88,24.71,0.94,4,-1,-1
125,24,352.43,130.91,12.57,17.82,0.58,10,-1,-1
125,26,332.96,415.19,74.16,95.20,1.00,4,-1,-1
125,27,373.06,174.34,25.27,23.45,0.99,4,-1,-1
125,31,388.75,187.01,18.63,22.51,0.77,10,-1,-1
125,34,135.08,475.13,35.75,57.05,0.77,10,-1,-1
125,35,415.48,176.19,21.87,23.75,0.97,4,-1,-1
125,42,234.04,227.47,35.29,24.86,0.90,10,-1,-1
125,44,440.58,200.74,51.92,22.55,0.99,4,-1,-1
125,45,457.63,312.22,40.05,48.77,0.98,7,-1,-1
125,53,283.57,296.46,86.96,59.21,1.00,4,-1,-1
125,56,535.90,308.37,21.45,30.43,0.90,10,-1,-1
125,60,499.17,219.66,67.29,31.15,0.97,4,-1,-1
125,66,430.09,420.85,80.77,99.00,0.99,4,-1,-1
125,78,372.36,239.89,80.59,31.30,0.99,4,-1,-1
125,129,322.76,253.90,64.14,33.91,0.92,7,-1,-1
125,150,507.02,336.86,61.28,59.97,0.98,4,-1,-1
125,153,568.13,218.45,38.89,27.57,0.68,7,-1,-1
125,105,194.32,391.02,34.03,51.29,0.98,10,-1,-1
125,43,333.51,220.37,32.38,25.54,0.79,10,-1,-1
125,178,136.54,454.95,30.91,58.51,0.94,2,-1,-1
125,106,198.11,384.35,26.94,41.86,0.92,2,-1,-1
125,186,133.90,237.28,90.25,33.10,0.99,4,-1,-1
125,57,623.19,251.17,44.62,38.64,0.40,8,-1,-1
125,191,366.13,141.18,22.86,20.89,0.68,4,-1,-1
125,147,885.59,485.42,26.50,53.07,0.92,1,-1,-1
125,198,81.80,259.77,103.56,36.85,0.98,4,-1,-1
125,202,631.47,219.25,77.62,29.85,0.98,4,-1,-1
125,130,277.18,246.01,22.73,34.76,0.85,10,-1,-1
125,218,531.06,411.53,37.96,45.76,0.95,10,-1,-1
125,168,649.91,255.71,50.84,40.07,0.59,4,-1,-1
125,137,234.95,190.78,18.20,22.71,0.75,10,-1,-1
125,229,259.78,154.15,21.42,19.21,0.27,4,-1,-1
125,212,554.53,243.67,34.80,21.70,0.54,10,-1,-1
125,234,225.31,280.16,41.35,27.03,0.86,10,-1,-1
125,241,473.90,253.78,30.05,23.53,0.33,10,-1,-1
125,233,58.73,283.55,76.06,35.39,0.98,7,-1,-1
125,222,584.04,339.54,43.24,63.63,0.51,8,-1,-1
125,244,895.75,414.66,43.36,41.99,0.53,10,-1,-1
125,175,268.93,261.92,37.54,36.41,0.79,10,-1,-1
125,245,18.98,358.49,37.65,34.16,0.96,10,-1,-1
125,252,585.66,494.69,104.83,44.66,0.96,4,-1,-1
125,253,27.04,249.75,34.74,23.06,0.88,10,-1,-1
125,220,585.55,282.03,16.16,29.89,0.40,1,-1,-1
125,254,19.13,346.60,21.81,35.31,0.74,2,-1,-1
125,255,390.55,141.08,21.70,20.75,0.60,4,-1,-1
125,256,395.36,165.28,14.46,19.29,0.63,10,-1,-1
125,257,937.17,415.55,21.70,59.06,0.78,1,-1,-1
125,9,139.69,212.10,24.82,27.75,0.72,10,-1,-1
126,1,14.78,189.96,63.65,28.50,0.91,4,-1,-1
126,2,510.99,287.27,60.87,32.40,0.71,7,-1,-1
126,4,78.00,173.01,49.18,25.77,0.96,4,-1,-1
126,8,139.03,175.09,33.08,24.03,0.99,4,-1,-1
126,15,208.84,210.12,20.10,26.81,0.36,10,-1,-1
126,16,249.72,173.58,28.97,28.29,0.97,4,-1,-1
126,17,255.30,161.48,25.83,23.78,0.96,4,-1,-1
126,22,289.35,166.53,26.95,24.90,0.94,4,-1,-1
126,24,352.35,130.62,12.62,17.49,0.69,10,-1,-1
126,26,332.74,415.37,74.15,94.84,1.00,4,-1,-1
126,27,373.08,174.26,25.23,23.06,0.99,4,-1,-1
126,31,388.67,187.12,18.27,22.14,0.84,10,-1,-1
126,34,128.48,477.37,39.04,60.59,0.66,10,-1,-1
126,35,415.55,176.26,21.75,23.78,0.97,4,-1,-1
126,42,230.81,227.64,34.86,24.78,0.87,10,-1,-1
126,44,439.07,200.48,52.87,22.52,0.99,4,-1,-1
126,45,457.49,311.96,40.26,48.82,0.99,7,-1,-1
126,53,279.77,298.58,87.36,60.14,1.00,4,-1,-1
126,56,535.80,307.88,21.65,31.07,0.94,10,-1,-1
126,60,497.28,219.69,67.60,31.62,0.96,4,-1,-1
126,66,430.01,420.88,80.75,98.90,0.99,4,-1,-1
126,78,374.54,240.15,80.69,31.12,0.99,4,-1,-1
126,129,325.08,253.76,63.99,34.20,0.83,7,-1,-1
126,150,506.85,336.89,61.32,60.50,0.98,4,-1,-1
126,153,565.36,217.45,40.12,28.48,0.66,7,-1,-1
126,105,190.50,395.21,34.01,51.88,0.98,10,-1,-1
126,43,331.16,220.99,31.61,25.05,0.76,10,-1,-1
126,178,131.09,461.27,31.78,58.34,0.85,2,-1,-1
126,106,194.28,388.46,26.57,40.17,0.91,2,-1,-1
126,186,137.34,236.86,89.89,32.89,0.91,4,-1,-1
126,57,623.61,251.10,44.55,38.73,0.47,8,-1,-1
126,191,365.64,140.94,22.45,21.04,0.51,4,-1,-1
126,147,887.31,487.60,27.34,51.90,0.96,1,-1,-1
126,198,86.09,259.31,102.94,36.75,1.00,4,-1,-1
126,202,629.34,219.18,78.14,30.04,0.99,4,-1,-1
126,130,276.40,246.27,24.18,34.88,0.85,10,-1,-1
126,218,527.93,410.11,38.17,45.20,0.98,10,-1,-1
126,168,649.80,255.84,50.70,39.99,0.27,4,-1,-1
126,137,235.43,190.46,18.57,23.24,0.62,10,-1,-1
126,229,259.78,154.17,21.58,19.38,0.49,4,-1,-1
126,212,558.50,243.34,34.45,21.87,0.47,10,-1,-1
126,234,226.96,277.92,42.07,28.97,0.82,10,-1,-1
126,241,477.39,254.47,29.69,22.88,0.26,10,-1,-1
126,233,62.52,282.88,75.78,35.39,0.98,7,-1,-1
126,222,584.01,339.94,42.90,62.66,0.58,8,-1,-1
126,244,895.17,414.68,44.18,42.05,0.83,10,-1,-1
126,175,272.63,261.23,35.76,35.60,0.80,10,-1,-1
126,245,22.22,358.13,36.56,36.09,0.97,10,-1,-1
126,252,584.38,491.59,104.84,47.80,0.97,4,-1,-1
126,253,20.66,249.38,34.36,23.22,0.92,10,-1,-1
126,220,584.49,281.71,16.60,30.63,0.59,10,-1,-1
126,254,21.73,348.13,22.10,35.50,0.61,2,-1,-1
126,255,390.56,141.09,21.69,20.84,0.77,4,-1,-1
126,256,394.41,165.52,14.46,18.56,0.52,10,-1,-1
126,257,937.14,415.55,21.69,58.10,0.82,1,-1,-1
126,9,141.00,212.43,23.31,28.77,0.70,10,-1,-1
126,258,346.24,230.37,31.94,34.05,0.76,10,-1,-1
126,169,228.74,263.52,42.36,41.59,0.52,8,-1,-1
126,55,586.52,303.95,38.56,48.54,0.58,8,-1,-1
126,248,72.22,215.92,25.97,26.40,0.66,10,-1,-1
127,1,14.78,189.95,63.40,28.40,0.92,4,-1,-1
127,2,513.24,287.25,61.29,33.14,0.57,7,-1,-1
127,4,78.06,172.97,49.12,25.88,0.97,4,-1,-1
127,8,138.93,175.07,33.12,23.89,0.99,4,-1,-1
127,15,208.69,209.94,20.20,26.80,0.40,10,-1,-1
127,16,249.77,173.57,28.91,28.11,0.98,4,-1,-1
127,17,255.22,161.31,25.89,24.01,0.92,4,-1,-1
127,22,289.48,166.58,26.67,24.98,0.95,4,-1,-1
127,24,352.07,129.53,13.43,17.26,0.88,10,-1,-1
127,26,332.64,415.25,74.15,94.69,1.00,4,-1,-1
127,27,373.46,174.25,24.43,22.52,0.99,4,-1,-1
127,31,388.61,186.88,18.14,21.81,0.79,10,-1,-1
127,34,123.67,481.63,39.20,59.21,0.89,10,-1,-1
127,35,415.53,176.29,21.71,23.60,0.98,4,-1,-1
127,42,227.29,227.91,35.10,24.94,0.92,10,-1,-1
127,44,437.71,200.19,53.22,22.51,0.99,4,-1,-1
127,45,457.21,311.47,40.34,49.23,0.99,7,-1,-1
127,53,275.65,300.53,87.90,61.25,1.00,4,-1,-1
127,56,535.53,308.00,22.12,30.42,0.95,10,-1,-1
127,60,494.37,219.50,69.35,32.39,0.93,4,-1,-1
127,66,430.16,420.90,80.34,98.86,0.99,4,-1,-1
127,78,376.62,240.06,81.53,31.45,0.99,4,-1,-1
127,129,327.43,253.32,63.54,34.11,0.97,7,-1,-1
127,150,506.56,336.93,61.35,59.91,0.98,4,-1,-1
127,105,186.27,398.51,34.18,53.26,0.98,10,-1,-1
127,43,328.33,220.85,31.74,25.05,0.71,10,-1,-1
127,178,126.22,468.45,31.67,55.89,0.81,2,-1,-1
127,106,190.93,392.31,25.42,40.73,0.92,2,-1,-1
127,186,140.66,236.84,89.17,32.21,0.85,4,-1,-1
127,191,365.43,140.92,22.31,20.94,0.55,4,-1,-1
127,147,889.45,488.17,26.87,51.45,0.91,1,-1,-1
127,198,89.78,259.08,102.85,36.52,0.99,4,-1,-1
127,202,627.77,219.35,78.33,29.92,0.98,4,-1,-1
127,130,278.26,246.28,22.51,35.12,0.83,10,-1,-1
127,218,524.64,408.46,38.62,44.61,0.94,10,-1,-1
127,137,236.05,190.55,18.52,23.24,0.65,10,-1,-1
127,229,259.34,154.55,21.84,19.30,0.45,4,-1,-1
127,212,561.21,242.82,35.13,22.13,0.82,10,-1,-1
127,234,229.47,278.33,42.15,28.66,0.66,10,-1,-1
127,233,66.66,282.08,75.39,35.79,0.99,7,-1,-1
127,222,583.97,339.70,43.18,63.08,0.20,8,-1,-1
127,244,894.94,415.08,43.67,41.67,0.37,10,-1,-1
127,175,275.24,260.50,34.82,34.90,0.81,10,-1,-1
127,245,24.96,357.39,36.09,39.17,0.96,10,-1,-1
127,252,582.91,488.32,107.23,50.89,0.97,4,-1,-1
127,253,14.37,249.98,34.25,22.81,0.93,10,-1,-1
127,220,583.69,281.51,16.76,30.80,0.79,1,-1,-1
127,254,24.74,349.62,22.63,36.03,0.37,2,-1,-1
127,255,390.53,140.52,21.69,21.10,0.64,4,-1,-1
127,256,393.74,164.75,14.00,18.66,0.41,10,-1,-1
127,257,937.11,415.07,21.69,58.37,0.96,1,-1,-1
127,9,142.85,212.63,21.86,29.28,0.93,10,-1,-1
127,258,343.83,231.33,30.49,30.43,0.82,10,-1,-1
127,169,231.44,262.55,41.75,40.96,0.65,8,-1,-1
127,55,586.58,304.39,38.77,49.18,0.64,8,-1,-1
127,248,74.49,215.51,25.78,25.71,0.73,10,-1,-1
127,259,84.90,224.80,29.98,25.01,0.78,10,-1,-1
127,114,99.00,235.65,38.09,23.54,0.74,10,-1,-1
128,1,15.14,190.17,62.88,28.16,0.91,4,-1,-1
128,2,515.21,287.94,61.05,32.92,0.45,7,-1,-1
128,4,78.61,173.17,48.40,25.72,0.96,4,-1,-1
128,8,138.82,175.09,33.13,23.83,0.99,4,-1,-1
128,15,208.45,210.10,19.84,26.99,0.44,10,-1,-1
128,16,249.91,173.59,28.70,28.05,0.98,4,-1,-1
128,17,255.31,161.47,25.72,23.90,0.94,4,-1,-1
128,22,289.05,166.71,27.07,25.20,0.94,4,-1,-1
128,24,351.99,129.31,13.35,16.88,0.92,10,-1,-1
128,26,332.82,415.22,73.75,94.63,1.00,4,-1,-1
128,27,373.61,174.17,24.13,22.32,0.98,4,-1,-1
128,31,388.62,186.91,17.68,21.49,0.74,10,-1,-1
128,34,118.49,486.23,39.55,55.05,0.83,10,-1,-1
128,35,415.54,176.32,21.29,23.53,0.98,4,-1,-1
128,42,223.72,227.33,35.39,25.40,0.54,10,-1,-1
128,44,437.25,199.91,52.17,22.92,0.99,4,-1,-1
128,45,457.12,311.31,40.37,49.39,0.99,7,-1,-1
128,53,272.36,302.71,87.59,61.75,1.00,4,-1,-1
128,56,535.06,307.85,22.69,30.58,0.93,10,-1,-1
128,60,490.34,219.65,70.80,32.49,0.99,4,-1,-1
128,66,430.03,421.13,80.59,98.84,0.99,4,-1,-1
128,78,379.31,239.75,81.84,31.97,0.99,4,-1,-1
128,129,330.05,251.88,63.36,35.26,0.96,7,-1,-1
128,150,506.28,336.58,61.36,60.09,0.97,4,-1,-1
128,105,181.75,402.42,35.22,54.54,0.97,10,-1,-1
128,43,325.78,220.81,31.40,25.44,0.68,10,-1,-1
128,178,120.77,475.98,31.80,54.50,0.79,2,-1,-1
128,106,186.11,396.43,26.99,41.33,0.87,2,-1,-1
128,186,144.71,236.37,88.90,32.37,0.92,4,-1,-1
128,191,365.59,140.93,21.45,20.80,0.61,4,-1,-1
128,147,891.38,488.75,27.47,50.48,0.83,1,-1,-1
128,198,92.89,259.03,102.96,36.23,1.00,4,-1,-1
128,202,626.47,219.32,77.60,29.86,0.98,4,-1,-1
128,130,278.01,247.39,22.68,36.01,0.84,10,-1,-1
128,218,521.52,406.73,39.17,45.23,0.96,10,-1,-1
128,137,236.70,190.69,18.88,23.23,0.88,10,-1,-1
128,229,259.80,154.41,21.34,19.47,0.35,4,-1,-1
128,212,564.70,242.35,35.78,22.63,0.67,10,-1,-1
128,234,231.87,275.81,41.78,31.16,0.75,10,-1,-1
128,233,70.44,281.61,75.01,35.94,0.99,7,-1,-1
128,222,583.56,339.43,43.69,63.23,0.22,8,-1,-1
128,244,894.87,415.04,43.47,41.54,0.62,10,-1,-1
128,175,276.79,260.57,35.20,34.65,0.69,10,-1,-1
128,245,27.53,359.04,35.44,39.94,0.97,10,-1,-1
128,252,581.62,485.19,108.09,53.95,0.98,4,-1,-1
128,253,7.71,250.86,34.39,22.66,0.91,10,-1,-1
128,220,582.83,280.97,17.23,31.56,0.57,1,-1,-1
128,254,27.67,351.40,22.47,35.74,0.74,2,-1,-1
128,255,390.53,140.86,21.24,20.68,0.72,4,-1,-1
128,256,393.29,164.28,12.89,17.98,0.24,10,-1,-1
128,257,936.19,414.46,22.63,58.94,0.99,1,-1,-1
128,9,144.17,212.84,20.82,28.87,0.41,10,-1,-1
128,258,340.30,230.81,30.21,29.71,0.91,10,-1,-1
128,169,232.84,262.76,42.97,42.15,0.70,8,-1,-1
128,55,586.60,304.65,38.84,48.50,0.44,8,-1,-1
128,248,77.91,215.52,30.54,25.88,0.54,10,-1,-1
128,114,95.16,235.99,39.27,24.12,0.73,10,-1,-1
128,260,365.52,140.95,21.70,20.87,0.62,4,-1,-1
129,1,15.00,190.34,62.96,28.07,0.89,4,-1,-1
129,2,517.26,288.01,60.55,33.43,0.75,7,-1,-1
129,4,78.76,173.24,48.33,25.66,0.96,4,-1,-1
129,8,138.77,175.09,33.14,23.81,0.99,4,-1,-1
129,15,208.37,210.55,19.69,26.67,0.48,10,-1,-1
129,16,249.86,173.69,28.82,28.02,0.98,4,-1,-1
129,17,255.45,161.33,25.85,23.85,0.87,4,-1,-1
129,22,288.99,166.95,27.11,25.29,0.91,4,-1,-1
129,24,351.77,128.78,13.70,16.94,0.84,10,-1,-1
129,26,332.70,415.22,73.59,94.62,1.00,4,-1,-1
129,27,373.87,174.04,24.03,22.45,0.98,4,-1,-1
129,31,388.43,186.63,17.92,21.58,0.62,10,-1,-1
129,34,113.54,492.98,38.79,48.53,0.81,10,-1,-1
129,35,415.35,176.23,21.54,23.70,0.98,4,-1,-1
129,42,221.60,227.99,33.91,25.18,0.59,10,-1,-1
129,44,436.33,199.90,51.39,22.48,1.00,4,-1,-1
129,45,456.70,310.86,41.17,49.84,0.96,7,-1,-1
129,53,268.97,304.96,87.56,63.00,1.00,4,-1,-1
129,56,534.88,308.79,22.90,29.84,0.95,10,-1,-1
129,60,486.68,219.31,74.94,33.52,0.98,4,-1,-1
129,66,429.99,421.02,80.29,99.24,0.98,4,-1,-1
129,78,382.42,240.02,81.16,31.58,0.99,4,-1,-1
129,129,332.55,251.15,62.50,36.09,0.66,7,-1,-1
129,150,505.99,336.47,60.98,58.57,0.98,4,-1,-1
129,105,177.48,407.54,35.40,54.63,0.99,10,-1,-1
129,43,323.13,220.30,34.10,26.38,0.44,10,-1,-1
129,178,114.59,483.79,32.43,51.57,0.70,2,-1,-1
129,106,182.64,400.45,26.77,43.53,0.93,2,-1,-1
129,186,148.89,236.19,87.21,32.23,0.97,4,-1,-1
129,191,365.26,140.99,21.14,20.70,0.86,4,-1,-1
129,147,892.85,489.74,28.48,49.32,0.93,1,-1,-1
129,198,96.26,259.01,103.25,36.13,0.99,4,-1,-1
129,202,624.87,219.61,78.12,30.25,0.99,4,-1,-1
129,130,280.32,248.29,19.72,32.79,0.87,10,-1,-1
129,218,517.68,405.16,40.14,45.07,0.99,10,-1,-1
129,137,236.83,190.73,19.40,23.43,0.88,10,-1,-1
129,229,259.27,154.75,21.96,19.34,0.38,4,-1,-1
129,212,568.28,241.39,34.84,23.21,0.37,10,-1,-1
129,234,234.60,277.02,42.24,29.75,0.83,10,-1,-1
129,233,74.20,281.05,75.18,36.19,1.00,7,-1,-1
129,222,583.62,339.74,43.28,62.89,0.65,8,-1,-1
129,244,894.06,414.62,44.21,41.91,0.23,10,-1,-1
129,175,280.58,260.91,36.25,34.77,0.58,10,-1,-1
129,245,30.09,360.44,34.45,41.37,0.96,10,-1,-1
129,252,580.19,482.32,106.15,57.01,0.98,4,-1,-1
129,253,1.93,251.04,34.15,23.04,0.93,10,-1,-1
129,220,582.34,281.96,17.40,30.47,0.91,1,-1,-1
129,254,29.69,353.25,22.39,35.64,0.80,2,-1,-1
129,255,390.54,140.98,21.10,20.53,0.70,4,-1,-1
129,256,392.48,164.04,12.58,17.54,0.72,10,-1,-1
129,257,935.92,413.62,22.04,58.21,0.99,1,-1,-1
129,9,150.91,211.23,20.97,27.71,0.76,10,-1,-1
129,258,335.85,231.98,30.12,28.29,0.87,10,-1,-1
129,169,235.38,262.84,43.22,42.59,0.43,8,-1,-1
129,55,586.43,305.56,38.67,47.44,0.76,8,-1,-1
129,248,80.01,213.31,28.82,26.75,0.81,10,-1,-1
129,114,91.82,236.90,38.97,23.89,0.85,10,-1,-1
129,261,98.46,205.06,18.53,22.00,0.66,10,-1,-1
130,1,14.36,190.11,63.47,28.44,0.79,4,-1,-1
130,2,519.53,288.04,60.76,34.01,0.59,7,-1,-1
130,4,78.10,173.17,48.81,25.63,0.94,4,-1,-1
130,8,138.80,175.09,33.19,24.01,0.99,4,-1,-1
130,15,208.33,210.83,19.44,26.35,0.49,10,-1,-1
130,16,250.03,173.83,28.67,27.82,0.98,4,-1,-1
130,17,255.30,161.37,26.10,23.43,0.89,4,-1,-1
130,22,288.97,167.03,27.33,25.52,0.86,4,-1,-1
130,24,351.88,128.40,13.44,17.17,0.83,10,-1,-1
130,26,332.65,415.23,73.54,94.62,1.00,4,-1,-1
130,27,373.76,173.60,24.41,22.91,0.98,4,-1,-1
130,31,388.37,186.52,18.01,21.81,0.77,10,-1,-1
130,34,106.51,502.30,40.23,38.95,0.68,10,-1,-1
130,35,415.08,176.19,22.03,23.97,0.97,4,-1,-1
130,42,219.55,227.24,32.33,25.29,0.62,10,-1,-1
130,44,435.22,199.50,51.52,22.72,0.99,4,-1,-1
130,45,456.54,311.09,41.48,50.01,0.98,7,-1,-1
130,53,265.24,307.14,87.94,64.63,1.00,4,-1,-1
130,56,534.63,308.34,23.37,30.38,0.93,10,-1,-1
130,60,483.97,219.37,76.10,34.10,0.93,4,-1,-1
130,66,429.98,420.99,80.18,98.99,0.99,4,-1,-1
130,78,385.68,239.73,80.90,31.82,0.99,4,-1,-1
130,129,335.19,251.08,62.58,35.82,0.82,7,-1,-1
130,150,505.89,336.45,60.84,58.00,0.98,4,-1,-1
130,105,173.40,411.17,35.65,56.20,0.98,10,-1,-1
130,43,320.82,220.69,34.69,25.76,0.47,10,-1,-1
130,178,108.43,492.55,33.24,46.78,0.65,2,-1,-1
130,106,178.37,405.00,27.46,42.41,0.92,2,-1,-1
130,186,151.82,235.84,86.59,32.39,0.97,4,-1,-1
130,191,364.74,140.66,21.44,21.01,0.91,4,-1,-1
130,147,896.09,490.88,27.30,48.09,0.76,1,-1,-1
130,198,99.77,258.62,103.16,36.50,1.00,4,-1,-1
130,202,624.33,219.92,76.72,29.99,0.99,4,-1,-1
130,130,281.97,248.73,19.24,32.54,0.38,10,-1,-1
130,218,514.92,404.06,40.11,44.63,0.94,10,-1,-1
130,137,237.36,190.54,19.21,24.29,0.79,10,-1,-1
130,229,259.07,154.77,22.38,19.09,0.25,4,-1,-1
130,212,572.90,241.72,34.08,22.85,0.69,10,-1,-1
130,234,237.15,277.13,42.21,29.37,0.89,10,-1,-1
130,233,78.63,280.76,74.68,35.99,0.99,7,-1,-1
130,222,583.65,339.66,43.53,63.16,0.61,8,-1,-1
130,244,894.18,414.27,43.69,41.65,0.44,10,-1,-1
130,175,283.88,260.85,38.23,35.62,0.50,10,-1,-1
130,245,32.11,362.12,34.33,42.67,0.98,10,-1,-1
130,252,579.10,479.74,104.39,59.67,0.96,4,-1,-1
130,253,-1.16,251.72,30.86,22.96,0.88,10,-1,-1
130,220,581.79,282.27,17.47,30.54,0.94,1,-1,-1
130,254,31.72,355.09,23.03,35.60,0.85,2,-1,-1
130,255,390.33,141.07,21.48,20.54,0.68,4,-1,-1
130,256,391.13,163.65,13.42,17.86,0.85,10,-1,-1
130,257,933.23,412.71,23.57,59.26,0.98,1,-1,-1
130,9,153.49,209.81,21.23,27.07,0.75,10,-1,-1
130,258,331.86,235.39,31.92,26.96,0.72,10,-1,-1
130,169,238.13,262.59,42.92,42.56,0.48,8,-1,-1
130,55,586.37,307.21,39.00,45.54,0.72,8,-1,-1
130,248,81.81,212.02,32.06,27.07,0.60,10,-1,-1
130,114,88.68,237.42,38.46,23.80,0.38,10,-1,-1
130,262,379.39,228.72,37.37,26.22,0.84,10,-1,-1
130,181,280.54,254.32,23.99,31.65,0.72,10,-1,-1
131,1,13.85,189.64,64.65,28.97,0.78,4,-1,-1
131,2,521.69,288.43,61.24,34.02,0.82,7,-1,-1
131,4,78.67,173.35,48.20,25.42,0.96,4,-1,-1
131,8,138.93,175.20,32.81,23.88,0.99,4,-1,-1
131,15,208.74,211.44,18.94,26.03,0.41,10,-1,-1
131,16,250.11,173.89,28.81,27.74,0.98,4,-1,-1
131,17,255.25,161.49,25.99,23.07,0.93,4,-1,-1
131,22,288.97,167.06,27.41,25.80,0.89,4,-1,-1
131,24,351.53,127.83,13.74,17.25,0.80,10,-1,-1
131,26,332.44,415.43,73.52,94.61,1.00,4,-1,-1
131,27,373.92,173.45,24.15,22.68,0.98,4,-1,-1
131,31,388.35,186.30,18.04,21.71,0.85,10,-1,-1
131,34,99.76,512.03,41.05,28.90,0.25,10,-1,-1
131,35,415.18,176.38,21.82,23.87,0.98,4,-1,-1
131,44,433.84,198.97,53.19,23.21,0.99,4,-1,-1
131,45,456.49,311.19,41.59,50.06,0.97,7,-1,-1
131,53,261.39,309.49,88.46,65.62,1.00,4,-1,-1
131,56,534.92,309.56,23.15,29.38,0.96,10,-1,-1
131,60,481.60,219.01,75.76,34.91,0.93,4,-1,-1
131,66,429.77,421.17,80.13,98.89,1.00,4,-1,-1
131,78,388.41,239.23,81.20,32.31,0.99,4,-1,-1
131,129,337.90,251.96,62.61,35.10,0.84,7,-1,-1
131,150,505.45,336.25,61.20,57.80,0.98,4,-1,-1
131,105,169.23,415.38,35.73,57.56,0.96,10,-1,-1
131,43,318.46,222.44,35.31,24.50,0.53,10,-1,-1
131,178,102.66,499.37,34.90,41.26,0.14,1,-1,-1
131,106,174.13,409.80,27.32,43.54,0.90,2,-1,-1
131,186,154.55,234.83,87.42,33.45,0.97,4,-1,-1
131,191,364.36,140.70,21.95,20.88,0.98,4,-1,-1
131,147,898.03,492.06,27.62,46.83,0.90,1,-1,-1
131,198,103.37,258.19,102.92,36.84,0.99,4,-1,-1
131,202,622.60,220.13,76.18,30.29,0.99,4,-1,-1
131,218,512.20,403.11,40.07,44.07,0.94,10,-1,-1
131,137,238.25,191.15,19.12,24.23,0.61,10,-1,-1
131,229,259.40,154.69,21.95,19.00,0.19,4,-1,-1
131,212,576.88,241.26,33.80,22.70,0.54,10,-1,-1
131,234,239.54,276.78,41.80,29.23,0.90,10,-1,-1
131,233,82.91,280.97,74.06,35.22,0.99,7,-1,-1
131,222,583.06,339.63,43.82,63.26,0.80,8,-1,-1
131,244,894.22,414.94,43.48,39.14,0.83,10,-1,-1
131,175,287.98,260.65,38.40,36.74,0.58,10,-1,-1
131,245,34.33,364.68,33.54,43.52,0.95,10,-1,-1
131,252,577.53,477.26,104.58,62.17,0.97,4,-1,-1
131,253,-1.69,252.06,24.76,22.93,0.77,10,-1,-1
131,220,581.61,281.69,16.70,31.07,0.93,1,-1,-1
131,254,34.08,357.14,23.52,36.41,0.86,2,-1,-1
131,255,390.25,141.33,21.62,20.54,0.60,4,-1,-1
131,256,389.66,162.90,14.11,18.61,0.94,10,-1,-1
131,257,930.26,412.20,24.89,59.62,0.98,1,-1,-1
131,9,152.61,210.02,26.15,25.83,0.47,10,-1,-1
131,258,327.04,236.16,32.50,25.93,0.71,10,-1,-1
131,169,240.27,262.71,42.81,42.34,0.20,8,-1,-1
131,55,585.75,307.72,39.32,46.35,0.27,8,-1,-1
131,248,88.24,208.49,28.99,26.78,0.45,10,-1,-1
131,114,85.50,238.72,37.35,23.17,0.18,10,-1,-1
131,262,377.23,229.09,36.40,25.97,0.89,10,-1,-1
131,181,281.69,254.89,24.59,31.21,0.94,10,-1,-1
132,1,13.48,189.56,64.91,29.37,0.85,4,-1,-1
132,2,523.80,289.37,61.02,33.62,0.70,7,-1,-1
132,4,78.27,173.22,48.67,25.74,0.93,4,-1,-1
132,8,138.96,175.14,33.17,24.03,0.99,4,-1,-1
132,15,208.77,212.27,19.36,25.92,0.56,10,-1,-1
132,16,250.31,173.71,28.87,27.91,0.98,4,-1,-1
132,17,255.22,161.54,25.95,22.74,0.96,4,-1,-1
132,22,288.85,167.36,27.34,25.71,0.88,4,-1,-1
132,24,351.38,127.33,13.84,17.59,0.86,10,-1,-1
132,26,332.35,415.71,73.51,94.61,1.00,4,-1,-1
132,27,373.76,173.30,24.07,22.60,0.99,4,-1,-1
132,31,388.33,186.12,17.66,21.47,0.92,10,-1,-1
132,35,415.20,176.36,21.74,24.03,0.97,4,-1,-1
132,44,432.15,198.67,55.01,23.39,0.99,4,-1,-1
132,45,456.45,311.83,41.23,49.29,0.99,7,-1,-1
132,53,258.07,311.70,88.06,66.75,1.00,4,-1,-1
132,56,535.03,309.41,22.66,29.41,0.96,10,-1,-1
132,60,479.55,219.17,75.21,34.82,0.97,4,-1,-1
132,66,429.68,421.44,80.12,98.85,1.00,4,-1,-1
132,78,391.51,239.34,80.91,32.29,0.99,4,-1,-1
132,129,340.21,252.70,62.62,34.63,0.57,7,-1,-1
132,150,505.68,335.79,61.33,58.53,0.89,8,-1,-1
132,105,164.89,420.41,36.14,58.05,0.97,10,-1,-1
132,43,315.27,224.11,35.15,23.41,0.61,10,-1,-1
132,178,97.45,508.03,34.85,32.92,0.21,2,-1,-1
132,106,169.95,414.24,26.87,42.77,0.82,2,-1,-1
132,186,158.08,234.56,87.10,33.65,0.97,4,-1,-1
132,191,364.21,140.47,21.75,21.28,0.92,4,-1,-1
132,147,899.47,494.07,28.52,44.35,0.85,1,-1,-1
132,198,106.66,257.94,103.22,36.97,0.99,4,-1,-1
132,202,621.99,220.30,75.18,30.40,0.99,4,-1,-1
132,218,509.86,401.01,39.25,44.29,0.95,10,-1,-1
132,137,239.34,191.19,18.69,24.19,0.72,10,-1,-1
132,212,580.41,241.59,33.70,22.24,0.78,10,-1,-1
132,234,241.44,276.85,42.84,28.99,0.92,10,-1,-1
132,233,86.60,279.97,73.78,36.02,1.00,7,-1,-1
132,222,583.02,340.02,43.74,63.29,0.50,8,-1,-1
132,244,893.82,414.98,41.80,36.55,0.82,10,-1,-1
132,175,291.60,260.38,38.06,37.75,0.55,10,-1,-1
132,245,35.98,366.24,32.60,44.98,0.97,10,-1,-1
132,252,575.77,475.02,104.66,64.22,0.96,4,-1,-1
132,253,-1.33,251.67,18.45,24.96,0.54,10,-1,-1
132,220,581.35,281.09,16.40,31.26,0.95,1,-1,-1
132,254,35.63,359.66,23.49,35.89,0.86,2,-1,-1
132,255,390.21,141.21,21.67,20.75,0.54,4,-1,-1
132,256,388.73,162.55,13.96,19.09,0.83,10,-1,-1
132,257,923.55,412.05,28.58,60.56,0.98,1,-1,-1
132,9,156.24,209.82,25.45,25.38,0.51,10,-1,-1
132,258,322.74,235.66,31.02,27.21,0.58,10,-1,-1
132,169,242.35,262.67,44.17,41.66,0.19,8,-1,-1
132,55,586.29,308.59,38.65,44.35,0.12,8,-1,-1
132,248,91.54,207.79,26.60,25.46,0.60,10,-1,-1
132,114,80.90,239.59,38.55,23.95,0.35,10,-1,-1
132,262,374.92,229.75,33.40,25.46,0.97,10,-1,-1
132,181,281.72,256.59,26.73,30.66,0.82,10,-1,-1
132,263,142.46,216.51,21.47,30.13,0.74,10,-1,-1
132,264,340.51,252.37,61.47,34.96,0.89,7,-1,-1
132,265,505.04,335.39,61.47,59.06,0.92,4,-1,-1
132,130,283.29,248.19,20.37,31.06,0.82,10,-1,-1
133,1,14.50,190.23,63.95,28.93,0.86,4,-1,-1
133,2,526.32,289.53,61.33,34.46,0.67,7,-1,-1
133,4,78.37,173.17,48.55,25.86,0.95,4,-1,-1
133,8,139.13,175.22,33.16,24.09,0.99,4,-1,-1
133,15,209.20,212.67,18.72,25.08,0.43,10,-1,-1
133,16,250.30,174.14,28.69,27.38,0.98,4,-1,-1
133,17,255.12,161.56,26.33,22.82,0.93,4,-1,-1
133,22,288.82,167.47,27.51,25.87,0.84,4,-1,-1
133,24,351.15,126.86,13.88,17.71,0.84,10,-1,-1
133,26,331.94,415.82,73.91,94.61,1.00,4,-1,-1
133,27,373.92,173.15,23.64,22.57,0.99,4,-1,-1
133,31,388.35,185.76,17.52,21.59,0.92,10,-1,-1
133,35,415.23,176.24,21.71,24.09,0.95,4,-1,-1
133,44,430.77,198.37,56.10,23.86,0.99,4,-1,-1
133,45,456.27,312.48,41.49,48.99,0.97,7,-1,-1
133,53,254.18,314.06,89.08,68.72,1.00,4,-1,-1
133,56,534.90,308.95,22.46,29.83,0.96,10,-1,-1
133,60,477.47,219.52,75.78,34.58,0.95,4,-1,-1
133,66,429.47,421.75,80.12,98.84,1.00,4,-1,-1
133,78,394.18,239.19,80.41,32.48,0.99,4,-1,-1
133,129,342.40,251.99,62.24,35.25,0.96,7,-1,-1
133,150,505.80,335.64,60.99,58.42,0.89,4,-1,-1
133,105,160.42,424.98,36.48,59.39,0.98,10,-1,-1
133,43,312.38,224.11,35.08,23.83,0.79,10,-1,-1
133,178,92.62,516.76,34.22,23.81,0.16,2,-1,-1
133,106,165.43,419.78,27.48,43.25,0.81,2,-1,-1
133,186,160.18,233.59,87.39,34.72,0.93,4,-1,-1
133,191,363.99,140.28,21.68,21.23,0.92,4,-1,-1
133,147,900.38,495.59,29.64,43.05,0.61,1,-1,-1
133,198,110.86,257.67,102.15,37.03,1.00,4,-1,-1
133,202,620.26,220.37,75.62,30.24,0.99,4,-1,-1
133,218,507.53,399.11,38.92,44.78,0.96,10,-1,-1
133,137,241.05,191.00,17.92,24.77,0.70,10,-1,-1
133,212,583.62,242.33,34.08,21.67,0.43,10,-1,-1
133,234,244.86,277.69,42.05,27.70,0.90,10,-1,-1
133,233,90.53,280.21,73.60,35.53,0.99,7,-1,-1
133,222,583.03,340.17,43.71,62.91,0.40,8,-1,-1
133,244,894.12,415.42,41.17,34.81,0.47,10,-1,-1
133,175,295.45,259.61,37.53,38.73,0.61,10,-1,-1
133,245,37.49,369.52,32.34,45.14,0.97,10,-1,-1
133,252,573.98,472.70,104.71,66.49,0.97,4,-1,-1
133,253,-0.75,252.51,11.80,24.32,0.73,10,-1,-1
133,220,580.91,281.56,16.69,30.44,0.90,1,-1,-1
133,254,36.98,361.96,23.77,36.50,0.94,2,-1,-1
133,255,390.42,141.16,21.69,20.93,0.46,4,-1,-1
133,256,387.83,161.93,13.90,19.67,0.95,10,-1,-1
133,257,919.94,411.82,29.97,61.31,0.98,1,-1,-1
133,9,158.65,209.66,25.29,24.62,0.30,10,-1,-1
133,258,317.83,236.74,30.86,27.43,0.69,10,-1,-1
133,169,245.14,262.67,43.29,41.40,0.46,8,-1,-1
133,55,586.14,308.92,38.79,44.41,0.40,8,-1,-1
133,248,94.39,207.30,24.47,26.58,0.61,10,-1,-1
133,114,77.25,239.99,38.37,23.64,0.59,10,-1,-1
133,262,372.47,231.15,31.46,22.92,0.93,10,-1,-1
133,181,281.34,256.72,27.74,30.87,0.76,10,-1,-1
133,263,142.90,217.12,20.56,29.41,0.82,10,-1,-1
133,265,504.80,335.40,61.95,59.06,0.87,4,-1,-1
133,130,284.14,248.11,19.93,30.79,0.80,10,-1,-1
133,266,295.46,259.60,36.91,38.27,0.67,10,-1,-1
134,1,14.84,190.46,63.48,28.75,0.90,4,-1,-1
134,2,528.75,288.88,61.45,35.65,0.44,7,-1,-1
134,4,78.20,172.93,49.00,26.11,0.96,4,-1,-1
134,8,139.03,175.23,33.30,24.11,0.99,4,-1,-1
134,15,209.05,212.29,18.67,24.77,0.18,10,-1,-1
134,16,250.19,174.39,28.43,26.98,0.98,4,-1,-1
134,17,254.97,161.84,26.47,22.85,0.92,4,-1,-1
134,22,288.11,167.79,28.26,25.92,0.86,4,-1,-1
134,24,350.85,126.33,14.29,17.37,0.60,10,-1,-1
134,26,331.96,416.04,73.66,94.61,1.00,4,-1,-1
134,27,373.96,172.98,23.48,22.57,0.99,4,-1,-1
134,31,388.15,185.32,17.87,21.83,0.79,10,-1,-1
134,35,415.02,176.09,22.09,24.11,0.92,4,-1,-1
134,44,429.87,198.05,56.12,24.24,0.99,4,-1,-1
134,45,456.18,312.11,41.58,49.27,0.97,7,-1,-1
134,53,250.64,316.25,89.07,70.23,1.00,4,-1,-1
134,56,535.23,308.46,21.98,29.69,0.95,10,-1,-1
134,60,475.75,219.75,75.20,34.49,0.96,4,-1,-1
134,66,429.58,422.05,79.72,98.84,1.00,4,-1,-1
134,78,397.07,238.92,80.62,32.95,0.99,4,-1,-1
134,129,344.32,252.50,62.49,34.49,0.97,7,-1,-1
134,150,504.83,335.18,61.67,58.79,0.89,4,-1,-1
134,105,155.97,430.49,36.40,59.49,0.97,10,-1,-1
134,43,309.77,224.38,34.65,24.19,0.74,10,-1,-1
134,106,160.48,424.87,27.90,41.85,0.88,2,-1,-1
134,186,162.93,233.01,87.51,35.32,0.96,4,-1,-1
134,191,364.10,140.20,21.26,21.01,0.93,4,-1,-1
134,147,901.42,497.31,30.85,41.39,0.49,1,-1,-1
134,198,114.44,257.65,101.78,36.85,1.00,4,-1,-1
134,202,618.05,220.37,75.78,30.18,0.99,4,-1,-1
134,218,504.94,398.64,38.78,44.18,0.95,10,-1,-1
134,137,241.96,191.39,18.23,24.79,0.60,10,-1,-1
134,212,587.26,242.40,34.02,21.66,0.48,10,-1,-1
134,234,247.27,278.20,41.74,26.82,0.91,10,-1,-1
134,233,93.84,279.20,74.14,36.44,0.99,7,-1,-1
134,222,582.82,339.82,43.49,63.56,0.31,8,-1,-1
134,244,893.81,414.52,44.19,34.65,0.39,10,-1,-1
134,175,297.45,259.20,37.82,39.10,0.62,10,-1,-1
134,245,38.68,371.91,32.44,46.32,0.96,10,-1,-1
134,252,572.54,470.69,104.73,68.45,0.99,4,-1,-1
134,220,580.14,282.04,17.20,29.22,0.83,10,-1,-1
134,254,38.41,364.93,23.37,36.32,0.91,2,-1,-1
134,255,390.49,141.23,21.70,20.90,0.44,4,-1,-1
134,256,386.51,161.70,14.28,19.28,0.98,10,-1,-1
134,257,916.60,411.55,30.48,61.97,0.94,1,-1,-1
134,9,160.60,210.42,26.79,22.92,0.59,10,-1,-1
134,258,313.75,237.91,29.55,28.36,0.60,10,-1,-1
134,169,248.98,261.86,43.15,38.91,0.60,8,-1,-1
134,248,95.28,208.49,26.12,27.18,0.83,10,-1,-1
134,114,73.72,240.19,38.42,23.53,0.75,10,-1,-1
134,262,367.12,232.48,31.97,23.87,0.94,10,-1,-1
134,181,281.65,256.45,29.46,31.15,0.56,10,-1,-1
134,263,143.10,217.47,20.03,29.03,0.90,10,-1,-1
134,265,505.43,335.40,61.58,59.06,0.89,8,-1,-1
134,130,284.41,248.37,21.76,31.71,0.84,10,-1,-1
134,266,296.43,258.88,38.36,40.20,0.64,8,-1,-1
134,267,283.41,253.58,25.46,30.13,0.66,10,-1,-1
134,168,646.25,254.86,52.92,43.81,0.55,4,-1,-1
135,1,14.90,190.45,63.40,28.88,0.90,4,-1,-1
135,2,530.38,288.91,62.29,36.19,0.34,7,-1,-1
135,4,78.27,173.03,48.88,26.00,0.96,4,-1,-1
135,8,138.98,175.42,32.86,23.92,0.99,4,-1,-1
135,15,209.08,211.43,18.66,25.06,0.22,10,-1,-1
135,16,250.13,174.27,28.53,27.04,0.94,4,-1,-1
135,17,255.00,161.94,26.33,23.07,0.94,4,-1,-1
135,22,288.42,167.99,27.76,25.94,0.90,4,-1,-1
135,24,350.73,126.29,13.66,16.63,0.47,10,-1,-1
135,26,331.97,416.12,73.57,94.62,1.00,4,-1,-1
135,27,373.96,172.82,23.84,22.57,0.99,4,-1,-1
135,31,388.27,185.15,17.60,21.73,0.67,10,-1,-1
135,35,415.14,176.12,21.84,24.12,0.95,4,-1,-1
135,44,428.38,197.93,56.52,24.38,0.98,4,-1,-1
135,45,456.35,311.76,41.22,49.38,0.96,7,-1,-1
135,53,247.05,318.98,89.25,71.56,1.00,4,-1,-1
135,56,535.15,308.76,21.80,29.15,0.95,10,-1,-1
135,60,473.96,220.02,73.37,34.44,0.98,4,-1,-1
135,66,429.41,422.16,79.98,98.84,0.99,4,-1,-1
135,78,399.83,238.92,80.70,33.12,0.99,4,-1,-1
135,129,346.73,252.80,62.19,34.19,0.94,7,-1,-1
135,105,151.24,435.43,36.95,61.06,0.96,10,-1,-1
135,43,306.69,224.96,34.09,24.12,0.82,10,-1,-1
135,106,156.05,430.04,27.86,43.30,0.80,2,-1,-1
135,186,165.63,232.80,87.76,35.15,0.96,4,-1,-1
135,191,363.54,139.91,21.51,21.27,0.83,4,-1,-1
135,147,905.25,498.90,29.76,40.00,0.48,1,-1,-1
135,198,117.77,257.65,101.40,36.78,0.99,4,-1,-1
135,202,617.67,220.26,74.26,30.16,0.98,4,-1,-1
135,218,503.26,397.33,37.92,44.37,0.97,10,-1,-1
135,137,243.16,191.62,17.55,24.98,0.57,10,-1,-1
135,234,249.37,277.86,42.02,27.32,0.57,10,-1,-1
135,233,98.42,278.44,72.76,37.18,0.99,7,-1,-1
135,222,582.54,339.48,44.01,63.80,0.27,8,-1,-1
135,244,894.09,415.01,45.28,35.03,0.57,10,-1,-1
135,175,299.87,258.46,37.93,41.20,0.49,10,-1,-1
135,245,39.87,375.31,31.48,45.97,0.93,10,-1,-1
135,252,571.25,468.06,105.56,71.06,0.99,4,-1,-1
135,220,579.47,281.00,17.00,29.78,0.85,10,-1,-1
135,254,39.73,367.58,22.90,35.04,0.89,2,-1,-1
135,255,390.50,141.35,21.70,20.68,0.29,4,-1,-1
135,256,385.24,161.23,14.42,19.32,0.96,10,-1,-1
135,257,913.81,410.25,31.41,63.40,0.93,1,-1,-1
135,9,161.87,210.29,27.92,22.74,0.44,10,-1,-1
135,258,308.93,238.70,29.49,28.30,0.43,10,-1,-1
135,169,250.21,261.87,43.70,40.83,0.46,8,-1,-1
135,248,97.12,208.31,25.29,27.20,0.64,7,-1,-1
135,114,69.97,240.14,38.73,23.29,0.88,10,-1,-1
135,262,361.62,233.60,33.48,23.92,0.98,10,-1,-1
135,181,283.88,253.94,27.78,32.66,0.70,10,-1,-1
135,263,142.91,217.57,20.34,28.91,0.93,10,-1,-1
135,130,284.97,248.46,21.46,33.45,0.61,10,-1,-1
135,168,646.03,254.99,53.05,44.44,0.45,4,-1,-1
135,268,0.18,300.74,17.47,29.53,0.62,10,-1,-1
135,269,96.35,208.23,24.41,28.02,0.86,10,-1,-1
135,270,109.39,222.09,27.27,23.81,0.68,10,-1,-1
136,1,14.24,190.93,63.80,28.53,0.88,4,-1,-1
136,2,532.13,289.51,61.80,35.42,0.18,7,-1,-1
136,4,78.04,173.27,48.93,25.76,0.96,4,-1,-1
136,8,139.00,175.50,32.79,23.84,0.99,4,-1,-1
136,15,209.03,210.81,18.85,24.98,0.51,10,-1,-1
136,16,250.34,174.12,28.57,27.06,0.98,4,-1,-1
136,17,255.16,161.78,26.07,22.95,0.93,4,-1,-1
136,22,288.58,167.96,27.56,26.15,0.93,4,-1,-1
136,24,350.72,126.40,13.40,16.56,0.82,10,-1,-1
136,26,331.81,416.15,73.93,94.62,1.00,4,-1,-1
136,27,374.19,172.87,23.57,22.17,0.99,4,-1,-1
136,31,388.15,184.80,17.50,21.69,0.73,10,-1,-1
136,35,415.21,175.93,21.75,24.32,0.95,4,-1,-1
136,44,427.68,197.70,55.08,24.63,0.99,4,-1,-1
136,45,456.44,311.64,41.07,50.22,0.99,7,-1,-1
136,53,243.67,321.72,89.90,72.82,1.00,4,-1,-1
136,56,535.15,305.96,21.33,31.26,0.94,10,-1,-1
136,60,471.99,220.02,73.47,34.22,0.99,4,-1,-1
136,66,429.18,422.20,80.47,98.84,1.00,4,-1,-1
136,78,402.19,238.92,81.13,33.19,0.99,4,-1,-1
136,129,349.18,252.01,62.08,35.09,0.98,7,-1,-1
136,105,146.35,441.49,37.93,61.64,0.97,10,-1,-1
136,43,304.67,224.17,32.67,24.30,0.77,10,-1,-1
136,106,152.07,434.80,28.42,46.19,0.86,2,-1,-1
136,186,168.55,233.03,87.47,34.88,0.97,4,-1,-1
136,191,363.38,140.01,21.60,21.07,0.96,4,-1,-1
136,147,908.29,500.24,28.50,38.71,0.46,1,-1,-1
136,198,121.02,257.26,101.46,36.76,1.00,4,-1,-1
136,202,615.62,220.52,73.68,29.95,0.99,4,-1,-1
136,218,501.17,394.90,37.19,45.24,0.95,10,-1,-1
136,137,244.03,191.71,17.28,25.25,0.21,10,-1,-1
136,234,251.71,275.94,42.13,28.51,0.80,10,-1,-1
136,233,102.07,278.56,72.60,36.47,1.00,7,-1,-1
136,222,582.66,338.96,43.61,64.29,0.21,8,-1,-1
136,244,894.23,414.19,44.13,36.41,0.57,10,-1,-1
136,175,302.39,258.29,38.67,41.22,0.48,10,-1,-1
136,245,40.80,377.56,31.35,48.14,0.98,10,-1,-1
136,252,569.65,465.76,107.46,73.17,0.99,4,-1,-1
136,220,578.47,279.54,17.32,30.69,0.82,10,-1,-1
136,254,40.40,370.30,24.49,36.18,0.91,2,-1,-1
136,255,390.34,140.99,22.10,21.01,0.35,4,-1,-1
136,256,384.63,160.97,14.07,19.94,0.88,10,-1,-1
136,257,913.20,409.79,29.42,61.54,0.95,1,-1,-1
136,9,162.27,210.87,30.28,22.28,0.64,10,-1,-1
136,258,304.93,238.45,28.65,28.29,0.18,10,-1,-1
136,169,252.30,261.38,43.70,42.29,0.85,8,-1,-1
136,248,98.20,207.68,25.57,27.40,0.91,10,-1,-1
136,114,66.28,240.00,38.75,23.60,0.95,10,-1,-1
136,262,357.59,232.98,34.44,24.82,0.95,10,-1,-1
136,263,142.76,217.71,20.22,28.43,0.92,10,-1,-1
136,130,285.69,246.93,25.86,35.66,0.87,10,-1,-1
136,168,646.77,255.04,51.51,43.69,0.59,4,-1,-1
136,268,0.37,300.84,22.99,28.69,0.94,10,-1,-1
136,153,553.66,219.74,33.35,26.59,0.82,7,-1,-1
136,150,504.17,334.96,61.50,58.98,0.95,4,-1,-1
137,1,15.36,192.23,62.69,27.20,0.82,4,-1,-1
137,2,534.10,289.82,60.42,34.99,0.26,7,-1,-1
137,4,78.01,173.77,48.75,25.27,0.94,4,-1,-1
137,8,138.97,175.63,33.01,23.81,0.99,4,-1,-1
137,15,209.12,210.57,18.93,24.95,0.19,10,-1,-1
137,16,250.03,174.17,28.59,26.87,0.99,4,-1,-1
137,17,254.92,161.82,26.37,23.30,0.90,4,-1,-1
137,22,288.45,168.34,27.68,25.82,0.94,4,-1,-1
137,24,350.93,126.60,13.31,16.34,0.70,10,-1,-1
137,26,331.77,416.35,73.67,94.61,1.00,4,-1,-1
137,27,374.28,172.49,24.28,22.42,0.99,4,-1,-1
137,31,388.11,184.57,17.87,21.48,0.63,10,-1,-1
137,35,415.25,175.96,21.71,24.39,0.96,4,-1,-1
137,44,426.88,197.41,52.92,24.52,0.99,4,-1,-1
137,45,456.49,310.98,41.02,50.92,0.99,7,-1,-1
137,53,240.36,324.46,90.13,74.05,1.00,4,-1,-1
137,56,535.36,304.73,21.16,32.41,0.95,10,-1,-1
137,60,469.93,220.41,73.11,33.54,0.99,4,-1,-1
137,66,429.11,422.39,80.26,98.83,0.99,4,-1,-1
137,78,404.98,238.92,80.10,33.00,0.99,4,-1,-1
137,129,352.02,251.62,61.64,35.61,0.89,7,-1,-1
137,105,141.51,447.80,39.08,61.43,0.95,10,-1,-1
137,43,302.32,225.35,32.24,23.37,0.64,10,-1,-1
137,106,146.58,440.38,29.81,46.12,0.73,2,-1,-1
137,186,171.34,233.14,87.16,34.37,0.95,4,-1,-1
137,191,363.33,139.91,21.64,21.14,0.97,4,-1,-1
137,147,912.16,501.25,27.21,37.88,0.54,1,-1,-1
137,198,124.22,257.13,101.48,36.35,0.98,4,-1,-1
137,202,615.72,220.79,71.87,29.67,0.98,4,-1,-1
137,218,499.70,393.23,35.30,44.78,0.94,10,-1,-1
137,234,254.71,273.65,41.37,31.12,0.67,10,-1,-1
137,233,105.21,277.53,72.95,37.08,0.99,7,-1,-1
137,222,582.13,318.34,46.05,83.48,0.15,6,-1,-1
137,244,894.69,415.64,44.47,42.50,0.46,10,-1,-1
137,175,306.21,258.72,38.35,41.00,0.64,10,-1,-1
137,245,41.03,379.35,32.04,50.48,0.99,10,-1,-1
137,252,567.91,463.18,108.18,75.82,0.99,4,-1,-1
137,220,578.32,280.66,16.65,29.94,0.76,10,-1,-1
137,254,41.35,373.44,24.28,36.59,0.75,2,-1,-1
137,255,390.48,141.11,21.85,20.87,0.18,4,-1,-1
137,256,383.85,160.49,13.53,19.96,0.86,10,-1,-1
137,257,912.73,408.60,26.15,59.98,0.88,1,-1,-1
137,9,163.64,210.27,30.62,23.16,0.29,10,-1,-1
137,258,300.59,236.90,28.35,28.28,0.53,10,-1,-1
137,169,255.00,261.30,42.31,43.05,0.67,8,-1,-1
137,248,98.88,207.28,25.48,25.69,0.89,10,-1,-1
137,114,62.35,240.54,39.05,23.32,0.96,10,-1,-1
137,262,353.62,234.17,34.38,24.10,0.96,10,-1,-1
137,263,142.39,217.75,21.06,28.50,0.90,10,-1,-1
137,130,287.18,246.52,25.16,34.39,0.85,10,-1,-1
137,168,646.26,254.95,51.72,43.77,0.50,4,-1,-1
137,268,0.29,299.57,27.68,28.87,0.87,10,-1,-1
137,153,550.79,218.66,33.52,27.35,0.49,7,-1,-1
137,150,504.08,334.52,61.47,59.04,0.96,4,-1,-1
137,271,262.62,130.03,12.35,17.18,0.63,10,-1,-1
137,272,504.44,379.08,27.72,48.82,0.94,2,-1,-1
137,273,578.57,277.53,16.27,26.52,0.63,2,-1,-1
137,274,794.33,455.63,25.31,50.62,0.62,1,-1,-1
138,1,16.64,192.52,61.56,26.90,0.77,4,-1,-1
138,4,78.29,173.86,48.59,25.28,0.93,4,-1,-1
138,8,139.10,175.58,33.05,23.80,0.99,4,-1,-1
138,15,209.34,210.49,18.56,24.55,0.25,10,-1,-1
138,16,249.80,174.28,28.60,26.80,0.99,4,-1,-1
138,17,254.93,162.03,26.48,23.44,0.92,4,-1,-1
138,22,288.70,168.78,27.43,25.50,0.95,4,-1,-1
138,24,350.81,126.48,13.27,16.56,0.87,10,-1,-1
138,26,331.96,416.43,73.17,94.61,1.00,4,-1,-1
138,27,374.51,172.25,24.15,22.32,0.98,4,-1,-1
138,31,388.11,184.69,17.61,21.00,0.80,10,-1,-1
138,35,415.26,176.16,21.70,24.22,0.95,4,-1,-1
138,44,425.82,197.31,52.93,24.28,0.99,4,-1,-1
138,45,456.32,311.33,41.00,50.79,0.98,7,-1,-1
138,53,237.15,327.22,90.12,75.66,1.00,4,-1,-1
138,56,535.86,303.88,20.69,32.86,0.96,10,-1,-1
138,60,467.44,220.55,73.77,33.07,0.98,4,-1,-1
138,66,429.30,422.47,80.19,98.83,0.99,4,-1,-1
138,78,407.52,238.82,80.51,33.13,0.99,4,-1,-1
138,129,354.20,251.18,62.29,35.81,0.80,7,-1,-1
138,105,136.99,453.43,39.85,62.50,0.96,10,-1,-1
138,43,303.36,222.76,27.85,25.65,0.58,10,-1,-1
138,106,141.42,446.14,30.39,48.82,0.78,2,-1,-1
138,186,175.86,233.40,85.26,33.57,0.93,4,-1,-1
138,191,363.12,139.81,21.26,21.02,0.96,4,-1,-1
138,147,914.75,502.18,27.54,36.80,0.45,1,-1,-1
138,198,127.87,256.99,101.10,36.20,1.00,4,-1,-1
138,202,612.61,220.89,72.83,29.76,0.98,4,-1,-1
138,218,498.68,393.88,32.96,42.21,0.96,10,-1,-1
138,234,257.15,275.00,41.29,29.42,0.66,10,-1,-1
138,233,108.82,277.17,73.10,37.11,1.00,7,-1,-1
138,222,582.53,329.73,44.42,73.03,0.14,8,-1,-1
138,244,894.50,414.49,42.21,43.60,0.37,10,-1,-1
138,175,310.83,259.70,36.93,39.92,0.85,10,-1,-1
138,245,41.50,383.65,32.10,50.22,0.98,10,-1,-1
138,252,566.73,461.10,109.84,77.95,0.98,4,-1,-1
138,220,577.70,281.32,16.79,30.65,0.69,10,-1,-1
138,254,41.82,376.54,23.99,36.35,0.65,2,-1,-1
138,255,390.54,140.95,21.76,21.02,0.43,4,-1,-1
138,256,383.20,160.32,12.92,19.37,0.94,10,-1,-1
138,257,912.32,407.99,24.02,55.75,0.57,1,-1,-1
138,9,168.76,209.46,26.87,23.48,0.27,10,-1,-1
138,258,296.22,235.39,27.54,29.90,0.90,10,-1,-1
138,169,257.71,261.38,41.78,43.34,0.65,8,-1,-1
138,248,99.72,207.27,27.86,25.42,0.86,10,-1,-1
138,114,58.40,239.92,39.46,24.22,0.97,10,-1,-1
138,262,350.30,236.04,34.36,22.80,0.98,10,-1,-1
138,263,142.31,218.19,21.71,28.33,0.91,10,-1,-1
138,130,287.77,246.47,24.20,33.25,0.91,10,-1,-1
138,168,646.49,255.01,51.00,43.80,0.35,4,-1,-1
138,268,0.47,299.17,33.97,29.40,0.89,10,-1,-1
138,153,550.57,218.63,31.91,26.38,0.24,7,-1,-1
138,150,503.86,334.18,61.46,59.06,0.95,4,-1,-1
138,271,262.76,130.27,12.59,17.18,0.64,10,-1,-1
138,272,503.48,382.46,26.27,45.44,0.91,2,-1,-1
138,274,795.76,455.14,24.35,51.10,0.74,1,-1,-1
138,275,98.46,206.12,24.26,24.11,0.64,10,-1,-1
139,1,16.37,192.70,61.91,26.79,0.75,4,-1,-1
139,4,78.72,173.98,48.03,25.09,0.94,4,-1,-1
139,8,138.82,175.65,33.16,23.80,0.99,4,-1,-1
139,16,249.50,174.52,29.01,26.78,0.98,4,-1,-1
139,17,254.61,162.01,26.92,23.49,0.82,4,-1,-1
139,22,288.87,168.93,27.43,25.58,0.90,4,-1,-1
139,24,350.55,126.20,13.66,16.54,0.47,10,-1,-1
139,26,331.60,416.67,73.39,94.22,1.00,4,-1,-1
139,27,374.77,172.27,24.11,22.09,0.99,4,-1,-1
139,31,387.89,184.55,17.51,21.03,0.65,10,-1,-1
139,35,415.25,176.25,21.69,24.16,0.97,4,-1,-1
139,44,424.84,197.09,53.33,24.38,0.98,4,-1,-1
139,45,456.23,311.49,40.99,50.74,0.99,7,-1,-1
139,53,234.15,330.35,90.00,76.64,1.00,4,-1,-1
139,56,536.22,304.06,20.52,32.74,0.97,10,-1,-1
139,60,464.75,220.11,75.61,33.11,0.99,4,-1,-1
139,66,429.14,422.51,80.16,98.84,0.99,4,-1,-1
139,78,409.95,238.90,80.66,32.78,0.99,4,-1,-1
139,129,356.70,251.61,62.53,35.29,0.85,7,-1,-1
139,105,131.53,461.90,40.91,60.94,0.98,10,-1,-1
139,43,301.84,221.55,26.39,27.04,0.43,10,-1,-1
139,106,137.23,452.09,30.45,48.68,0.84,2,-1,-1
139,186,178.40,233.71,86.96,33.08,0.94,4,-1,-1
139,191,362.83,139.69,21.52,21.07,0.96,4,-1,-1
139,147,916.80,503.11,28.46,35.64,0.11,1,-1,-1
139,198,130.82,256.75,101.11,36.35,1.00,4,-1,-1
139,202,608.10,221.04,74.99,29.80,0.98,4,-1,-1
139,218,496.75,390.97,32.12,43.70,0.98,10,-1,-1
139,234,260.24,273.49,41.46,30.31,0.34,10,-1,-1
139,233,111.60,276.16,73.66,37.82,1.00,7,-1,-1
139,222,582.47,336.33,44.36,66.92,0.23,8,-1,-1
139,244,894.40,417.31,42.15,43.65,0.25,10,-1,-1
139,175,314.62,266.07,34.37,33.32,0.88,10,-1,-1
139,245,42.22,387.24,31.59,50.84,0.98,10,-1,-1
139,252,565.70,459.04,109.87,79.87,0.98,4,-1,-1
139,220,577.27,278.52,16.44,27.76,0.75,10,-1,-1
139,254,42.34,380.02,24.17,35.05,0.56,2,-1,-1
139,255,390.54,140.50,22.12,21.58,0.61,4,-1,-1
139,256,382.37,159.88,12.70,19.14,0.98,10,-1,-1
139,257,911.41,407.83,22.42,54.99,0.87,1,-1,-1
139,258,292.63,234.34,26.33,30.49,0.51,10,-1,-1
139,169,259.90,261.03,43.80,43.44,0.29,8,-1,-1
139,248,103.27,209.90,27.66,24.32,0.59,10,-1,-1
139,114,54.48,239.39,40.11,24.75,0.95,10,-1,-1
139,262,346.77,235.10,35.99,24.03,0.96,10,-1,-1
139,263,142.41,218.12,22.20,28.49,0.90,10,-1,-1
139,130,288.13,246.95,27.16,35.22,0.84,10,-1,-1
139,168,646.97,255.36,50.73,44.20,0.50,4,-1,-1
139,268,3.24,299.97,40.51,29.12,0.89,10,-1,-1
139,150,503.76,333.88,61.46,59.47,0.96,4,-1,-1
139,271,262.32,130.32,13.33,17.52,0.36,10,-1,-1
139,272,501.39,382.89,25.04,44.30,0.78,2,-1,-1
139,274,796.50,455.30,24.16,49.35,0.73,1,-1,-1
140,1,15.52,192.47,63.10,26.96,0.76,4,-1,-1
140,4,78.74,174.13,48.32,25.02,0.94,4,-1,-1
140,8,138.87,175.78,33.50,23.80,0.99,4,-1,-1
140,16,249.72,174.41,29.16,26.78,0.98,4,-1,-1
140,17,254.64,162.09,26.69,23.31,0.88,4,-1,-1
140,22,288.88,169.18,27.53,25.40,0.92,4,-1,-1
140,24,350.48,125.55,13.80,16.54,0.45,10,-1,-1
140,26,331.51,416.73,73.46,94.46,1.00,4,-1,-1
140,27,375.30,172.17,24.09,22.00,0.97,4,-1,-1
140,31,388.24,184.79,16.67,20.64,0.41,10,-1,-1
140,35,415.27,176.17,21.29,24.13,0.96,4,-1,-1
140,44,423.34,196.80,53.89,24.42,0.98,4,-1,-1
140,45,456.43,311.52,40.99,50.70,0.98,7,-1,-1
140,53,230.92,333.42,90.04,78.14,1.00,4,-1,-1
140,56,536.98,304.91,19.66,31.49,0.95,10,-1,-1
140,60,461.46,219.72,77.09,33.31,0.99,4,-1,-1
140,66,428.92,422.49,80.14,98.83,0.99,4,-1,-1
140,78,412.58,239.01,80.72,32.44,0.99,4,-1,-1
140,129,359.18,251.27,62.62,35.48,0.89,7,-1,-1
140,105,126.71,469.93,41.11,59.48,0.95,10,-1,-1
140,43,297.96,221.93,27.50,27.00,0.31,10,-1,-1
140,106,131.91,458.14,32.32,47.80,0.80,2,-1,-1
140,186,181.09,233.53,86.99,32.69,0.91,4,-1,-1
140,191,362.76,139.64,21.22,20.59,0.98,4,-1,-1
140,147,919.08,504.57,28.80,34.02,0.30,1,-1,-1
140,198,134.00,256.56,100.76,36.60,1.00,4,-1,-1
140,202,607.85,220.96,73.23,30.01,0.98,4,-1,-1
140,218,495.15,390.51,30.60,42.24,0.98,10,-1,-1
140,234,262.76,274.01,41.32,29.26,0.26,10,-1,-1
140,233,115.65,276.76,72.18,36.89,1.00,7,-1,-1
140,244,897.17,421.70,39.72,39.73,0.74,10,-1,-1
140,175,317.74,263.23,34.66,35.39,0.81,10,-1,-1
140,245,42.21,390.49,31.87,51.82,0.98,10,-1,-1
140,252,564.40,456.91,109.66,82.07,0.99,4,-1,-1
140,220,575.95,278.01,17.12,29.30,0.72,10,-1,-1
140,254,42.63,383.43,24.38,36.58,0.81,2,-1,-1
140,255,390.56,140.51,22.25,21.59,0.83,4,-1,-1
140,256,381.92,159.72,12.22,19.04,0.98,10,-1,-1
140,257,908.25,407.33,23.53,56.36,0.96,1,-1,-1
140,169,262.57,260.79,43.37,43.08,0.54,8,-1,-1
140,248,106.07,210.21,26.28,23.91,0.17,10,-1,-1
140,114,50.91,239.56,39.95,24.95,0.97,10,-1,-1
140,262,344.01,236.56,34.59,22.83,0.96,10,-1,-1
140,263,142.46,218.09,22.52,29.16,0.28,10,-1,-1
140,130,287.47,246.63,27.77,33.40,0.89,10,-1,-1
140,168,647.56,255.65,49.83,42.96,0.65,4,-1,-1
140,268,8.99,300.48,42.71,26.38,0.90,10,-1,-1
140,150,503.75,333.94,61.45,59.22,0.96,4,-1,-1
140,271,262.42,130.39,13.13,17.52,0.65,10,-1,-1
140,272,500.51,384.68,22.24,39.62,0.97,2,-1,-1
140,274,797.22,455.31,24.10,50.18,0.52,1,-1,-1
140,276,0.17,281.60,23.81,39.63,0.66,4,-1,-1
140,57,613.10,249.99,46.96,27.31,0.55,4,-1,-1
140,2,541.63,291.65,56.70,34.35,0.80,7,-1,-1
141,1,16.03,192.63,62.89,26.82,0.76,4,-1,-1
141,4,79.22,174.54,47.83,24.59,0.93,4,-1,-1
141,8,138.86,175.88,33.48,23.79,0.99,4,-1,-1
141,16,249.92,174.11,29.21,27.17,0.98,4,-1,-1
141,17,255.06,162.07,26.20,23.03,0.93,4,-1,-1
141,22,289.09,169.31,27.36,25.53,0.96,4,-1,-1
141,24,350.66,125.41,13.46,16.84,0.82,10,-1,-1
141,26,331.51,416.77,73.50,94.54,1.00,4,-1,-1
141,27,375.50,172.08,24.48,21.77,0.96,4,-1,-1
141,31,387.77,184.63,16.77,20.90,0.65,10,-1,-1
141,35,415.68,176.48,20.74,23.91,0.96,4,-1,-1
141,44,422.23,196.83,53.30,24.42,0.99,4,-1,-1
141,45,456.51,311.75,40.98,50.28,0.96,7,-1,-1
141,53,227.96,336.33,90.14,79.45,1.00,4,-1,-1
141,56,536.64,305.07,20.15,31.40,0.93,10,-1,-1
141,60,457.33,220.31,76.85,32.79,0.99,4,-1,-1
141,66,428.86,422.50,80.14,99.21,0.99,4,-1,-1
141,78,415.27,239.19,80.34,32.10,0.99,4,-1,-1
141,129,362.22,251.48,61.86,34.95,0.83,7,-1,-1
141,105,121.18,473.39,41.80,61.30,0.96,10,-1,-1
141,43,288.91,224.59,33.24,25.00,0.24,10,-1,-1
141,106,127.23,464.27,31.29,48.22,0.73,2,-1,-1
141,186,182.40,233.11,87.60,32.74,0.90,4,-1,-1
141,191,362.95,139.72,20.71,20.36,0.98,4,-1,-1
141,147,921.03,506.06,28.93,32.65,0.32,1,-1,-1
141,198,137.38,256.44,100.83,36.29,0.99,4,-1,-1
141,202,606.04,220.95,73.15,30.09,0.98,4,-1,-1
141,218,493.86,389.03,29.25,41.68,0.97,10,-1,-1
141,234,265.63,272.37,41.27,30.84,0.15,10,-1,-1
141,233,119.51,275.98,71.98,37.61,0.99,7,-1,-1
141,244,896.97,423.00,40.45,38.14,0.86,10,-1,-1
141,175,321.21,260.89,35.57,37.02,0.87,10,-1,-1
141,245,42.33,395.23,31.68,51.39,0.98,10,-1,-1
141,252,562.98,455.00,109.76,84.00,0.99,4,-1,-1
141,254,42.74,387.23,24.60,36.73,0.88,2,-1,-1
141,255,390.58,140.87,22.30,21.18,0.74,4,-1,-1
141,256,381.19,159.42,12.05,19.21,0.98,10,-1,-1
141,257,903.95,407.15,25.52,57.66,0.98,1,-1,-1
141,169,265.49,261.05,42.99,42.52,0.65,8,-1,-1
141,248,108.16,209.87,26.04,23.97,0.33,10,-1,-1
141,114,46.92,238.49,40.45,26.20,0.92,10,-1,-1
141,262,340.75,237.33,33.62,22.59,0.93,10,-1,-1
141,130,284.68,246.24,29.33,32.24,0.80,10,-1,-1
141,168,647.77,255.88,49.49,41.86,0.58,4,-1,-1
141,268,13.74,300.49,45.42,26.77,0.81,10,-1,-1
141,150,503.37,333.80,61.85,59.11,0.95,4,-1,-1
141,271,262.69,130.79,12.59,17.40,0.80,10,-1,-1
141,272,497.92,383.02,22.48,39.30,0.96,2,-1,-1
141,274,797.42,455.08,24.09,50.47,0.58,1,-1,-1
141,276,0.29,281.13,25.84,38.66,0.71,4,-1,-1
141,57,610.54,251.61,44.39,25.83,0.34,8,-1,-1
141,2,545.19,291.70,54.01,34.42,0.85,7,-1,-1
141,277,15.73,300.44,44.77,27.12,0.68,7,-1,-1
141,278,426.40,216.81,16.27,22.00,0.63,10,-1,-1
141,279,559.29,244.84,27.72,25.01,0.72,10,-1,-1
142,1,15.58,192.74,63.27,26.78,0.81,4,-1,-1
142,4,79.41,174.74,47.35,24.23,0.90,4,-1,-1
142,8,138.79,175.87,33.67,23.80,0.99,4,-1,-1
142,16,249.94,174.06,28.84,27.33,0.99,4,-1,-1
142,17,255.27,162.02,25.81,22.94,0.93,4,-1,-1
142,22,289.12,169.31,27.30,25.79,0.93,4,-1,-1
142,24,350.70,126.12,12.93,16.56,0.75,10,-1,-1
142,26,331.46,416.79,73.52,94.59,1.00,4,-1,-1
142,27,375.73,171.82,24.63,21.89,0.99,4,-1,-1
142,31,387.77,184.45,16.40,21.00,0.68,10,-1,-1
142,35,416.01,176.46,20.54,23.84,0.96,4,-1,-1
142,44,421.22,196.73,52.29,24.43,0.99,4,-1,-1
142,45,456.52,312.04,40.59,50.13,0.98,7,-1,-1
142,53,224.72,339.50,90.18,81.10,1.00,4,-1,-1
142,56,536.91,304.44,19.54,30.88,0.98,10,-1,-1
142,60,456.20,220.61,74.78,32.80,0.99,4,-1,-1
142,66,428.60,422.51,80.55,99.38,0.99,4,-1,-1
142,78,417.15,238.94,81.00,32.38,0.99,4,-1,-1
142,129,365.03,251.25,61.58,34.75,0.89,7,-1,-1
142,105,115.83,479.86,42.30,58.45,0.93,10,-1,-1
142,43,283.05,225.20,36.13,24.82,0.42,10,-1,-1
142,106,122.98,471.16,29.76,47.19,0.58,2,-1,-1
142,186,186.29,232.73,86.26,32.77,0.68,4,-1,-1
142,191,362.80,139.71,20.52,20.38,0.98,4,-1,-1
142,147,923.31,507.42,28.98,31.39,0.28,1,-1,-1
142,198,140.14,256.38,100.88,35.98,1.00,4,-1,-1
142,202,607.03,221.24,70.74,29.72,0.98,4,-1,-1
142,218,491.39,386.94,29.22,41.90,0.98,10,-1,-1
142,233,122.93,275.57,72.12,37.40,0.99,7,-1,-1
142,244,894.54,424.90,43.12,36.37,0.83,10,-1,-1
142,175,323.93,259.89,36.71,37.66,0.85,10,-1,-1
142,245,42.04,398.54,32.52,53.15,0.98,10,-1,-1
142,252,561.68,452.82,109.41,86.24,0.99,4,-1,-1
142,254,42.58,391.14,25.17,36.39,0.82,2,-1,-1
142,255,390.55,141.12,21.92,20.98,0.61,4,-1,-1
142,256,380.52,159.29,12.00,18.87,0.96,10,-1,-1
142,257,900.48,406.95,27.04,57.77,0.97,1,-1,-1
142,169,268.03,261.13,42.95,42.12,0.49,8,-1,-1
142,114,43.12,239.21,40.59,25.90,0.93,10,-1,-1
142,262,337.62,236.32,34.08,24.76,0.91,10,-1,-1
142,130,280.38,245.78,34.02,35.05,0.39,10,-1,-1
142,168,647.46,255.97,49.38,41.66,0.62,4,-1,-1
142,268,21.29,300.47,44.15,26.06,0.77,10,-1,-1
142,150,503.21,333.57,61.61,59.49,0.95,4,-1,-1
142,271,262.41,131.09,12.84,17.36,0.68,10,-1,-1
142,272,495.43,380.08,23.01,40.16,0.96,2,-1,-1
142,274,797.92,455.26,24.09,49.71,0.78,1,-1,-1
142,276,0.26,281.14,28.66,37.89,0.80,4,-1,-1
142,57,607.63,248.75,46.33,28.03,0.15,8,-1,-1
142,2,547.76,291.92,51.91,34.25,0.27,7,-1,-1
142,278,425.92,217.06,16.75,22.00,0.63,10,-1,-1
142,280,186.08,232.33,84.98,33.75,0.64,5,-1,-1
142,281,350.46,123.78,13.86,16.12,0.60,10,-1,-1
142,282,575.56,276.03,16.27,26.22,0.64,2,-1,-1
142,220,575.13,276.28,16.93,27.82,0.76,10,-1,-1
143,1,14.21,192.37,64.61,27.17,0.88,4,-1,-1
143,4,79.14,174.61,47.78,24.51,0.90,4,-1,-1
143,8,138.66,175.86,34.14,24.00,1.00,4,-1,-1
143,16,249.65,174.03,28.90,27.59,0.98,4,-1,-1
143,17,255.35,162.10,25.67,23.10,0.93,4,-1,-1
143,22,289.03,169.40,27.58,25.88,0.93,4,-1,-1
143,24,350.92,126.55,12.73,16.05,0.68,10,-1,-1
143,26,331.44,416.79,73.12,94.61,1.00,4,-1,-1
143,27,376.01,171.53,24.69,21.94,0.99,4,-1,-1
143,31,387.57,184.38,16.27,20.64,0.52,10,-1,-1
143,35,416.13,176.65,20.47,23.61,0.95,4,-1,-1
143,44,420.49,196.69,51.11,24.03,0.99,4,-1,-1
143,45,456.52,312.14,40.44,50.07,0.99,7,-1,-1
143,53,221.34,342.78,90.69,82.48,1.00,4,-1,-1
143,56,537.00,303.70,18.91,31.18,0.96,10,-1,-1
143,60,454.07,221.01,74.37,32.41,0.97,4,-1,-1
143,66,428.70,422.51,80.30,99.44,0.99,4,-1,-1
143,78,419.55,238.74,80.85,32.49,0.99,4,-1,-1
143,129,367.19,251.06,61.87,34.68,0.96,7,-1,-1
143,105,109.72,483.70,43.59,56.89,0.94,10,-1,-1
143,43,276.95,226.01,39.04,24.15,0.29,10,-1,-1
143,106,117.60,477.96,29.46,48.37,0.22,2,-1,-1
143,186,189.45,232.29,85.15,32.79,0.79,4,-1,-1
143,191,362.75,139.51,20.46,20.38,0.98,4,-1,-1
143,147,924.88,508.66,29.78,30.17,0.25,1,-1,-1
143,198,143.15,256.36,99.90,35.87,0.99,4,-1,-1
143,202,605.87,221.43,69.84,29.19,0.98,4,-1,-1
143,218,489.16,384.61,28.82,41.99,0.95,10,-1,-1
143,233,126.82,275.53,71.63,37.41,0.99,7,-1,-1
143,244,892.06,424.74,45.68,36.13,0.92,10,-1,-1
143,175,327.03,259.80,37.54,38.10,0.88,10,-1,-1
143,245,42.50,403.03,31.60,53.02,0.98,10,-1,-1
143,252,560.64,450.68,108.67,88.20,0.99,4,-1,-1
143,254,42.42,394.70,24.95,36.26,0.64,2,-1,-1
143,255,390.54,141.36,21.78,20.76,0.65,4,-1,-1
143,256,379.70,159.15,11.98,18.54,0.95,10,-1,-1
143,257,898.03,406.88,27.63,57.82,0.98,1,-1,-1
143,169,270.59,260.67,43.24,42.77,0.47,8,-1,-1
143,114,39.12,239.39,41.01,26.17,0.98,10,-1,-1
143,262,333.38,236.35,34.65,25.53,0.80,10,-1,-1
143,168,647.34,256.39,49.34,42.19,0.25,4,-1,-1
143,268,29.01,300.14,43.36,26.35,0.98,10,-1,-1
143,150,503.16,333.48,61.52,59.23,0.95,4,-1,-1
143,271,262.32,131.14,12.93,17.23,0.61,10,-1,-1
143,272,493.17,378.05,22.79,39.63,0.93,2,-1,-1
143,274,798.07,455.09,24.94,51.16,0.72,2,-1,-1
143,276,0.25,280.67,31.52,38.11,0.85,4,-1,-1
143,57,603.45,251.14,43.48,26.93,0.32,8,-1,-1
143,2,550.02,292.48,48.71,33.49,0.70,7,-1,-1
143,278,426.06,216.29,16.38,22.46,0.37,10,-1,-1
143,281,350.47,123.60,14.34,16.48,0.59,10,-1,-1
143,282,574.11,276.51,16.75,24.77,0.53,2,-1,-1
143,220,574.01,276.35,17.29,26.25,0.89,10,-1,-1
143,283,38.44,288.68,19.12,30.74,0.81,2,-1,-1
143,284,492.09,185.93,37.97,26.22,0.70,4,-1,-1
143,285,797.34,455.02,25.31,51.83,0.73,1,-1,-1
143,266,311.48,257.36,26.01,32.30,0.72,10,-1,-1
144,1,14.14,192.24,64.69,27.32,0.79,4,-1,-1
144,4,78.70,174.46,48.24,24.81,0.92,4,-1,-1
144,8,138.69,175.77,34.32,24.08,0.99,4,-1,-1
144,16,249.13,174.33,29.52,27.49,0.98,4,-1,-1
144,17,254.56,162.23,26.62,23.36,0.93,4,-1,-1
144,22,288.78,169.43,27.88,26.12,0.93,4,-1,-1
144,26,331.02,417.01,73.38,94.62,1.00,4,-1,-1
144,27,375.90,171.13,25.51,22.16,0.99,4,-1,-1
144,31,387.29,184.07,16.23,20.71,0.52,10,-1,-1
144,35,416.16,176.73,20.45,23.53,0.94,4,-1,-1
144,44,419.45,196.80,49.47,23.68,0.99,4,-1,-1
144,45,456.51,312.00,40.39,50.45,0.98,7,-1,-1
144,53,218.58,345.74,90.48,84.93,1.00,4,-1,-1
144,56,537.44,302.95,17.87,31.59,0.96,10,-1,-1
144,60,452.35,221.57,73.02,32.26,0.99,4,-1,-1
144,66,428.54,422.73,80.61,99.07,1.00,4,-1,-1
144,78,421.54,238.98,80.80,32.13,0.99,4,-1,-1
144,129,370.09,251.70,61.20,34.06,0.90,7,-1,-1
144,105,104.02,488.58,44.27,52.68,0.93,10,-1,-1
144,43,272.69,226.51,40.00,24.10,0.23,10,-1,-1
144,106,110.99,484.91,30.65,47.62,0.20,2,-1,-1
144,186,191.69,231.85,85.15,33.00,0.88,4,-1,-1
144,191,362.72,139.24,20.04,20.49,0.97,4,-1,-1
144,147,925.82,510.53,30.87,28.53,0.31,1,-1,-1
144,198,144.42,255.97,101.34,36.63,0.99,4,-1,-1
144,202,603.68,221.81,68.92,28.79,0.98,4,-1,-1
144,218,487.81,382.41,27.88,42.04,0.98,10,-1,-1
144,233,130.71,275.54,70.96,37.01,0.99,7,-1,-1
144,244,891.51,423.47,45.89,37.67,0.86,10,-1,-1
144,175,331.82,258.20,37.07,39.85,0.69,10,-1,-1
144,245,41.89,407.65,31.81,53.32,0.99,10,-1,-1
144,252,559.70,448.79,107.39,90.06,0.99,4,-1,-1
144,254,41.78,398.95,25.15,35.81,0.62,2,-1,-1
144,255,390.72,141.65,21.72,20.57,0.54,4,-1,-1
144,256,379.41,159.12,11.58,17.82,0.64,10,-1,-1
144,257,895.62,407.10,27.85,56.64,0.94,1,-1,-1
144,169,273.03,259.82,43.15,43.80,0.42,8,-1,-1
144,114,35.58,239.37,40.67,26.66,0.97,10,-1,-1
144,262,329.91,234.98,34.87,26.62,0.51,10,-1,-1
144,168,647.70,256.46,49.34,42.59,0.19,4,-1,-1
144,268,35.80,300.34,42.81,25.96,0.93,10,-1,-1
144,150,502.94,333.68,61.49,58.73,0.96,4,-1,-1
144,271,261.86,132.35,12.75,16.98,0.67,3,-1,-1
144,272,489.72,371.23,24.87,43.76,0.52,2,-1,-1
144,274,798.53,454.44,24.42,51.67,0.74,1,-1,-1
144,276,0.14,280.20,34.32,40.35,0.57,4,-1,-1
144,57,598.62,253.17,35.82,25.90,0.89,10,-1,-1
144,2,551.75,292.89,48.02,33.62,0.33,7,-1,-1
144,281,350.24,123.69,13.52,16.09,0.37,10,-1,-1
144,282,571.76,276.38,18.69,24.49,0.93,10,-1,-1
144,220,572.83,275.78,17.02,24.68,0.64,10,-1,-1
144,283,43.50,288.33,19.49,31.58,0.77,2,-1,-1
144,284,491.85,185.94,37.97,26.46,0.50,4,-1,-1
144,285,797.82,454.55,25.31,51.35,0.64,1,-1,-1
144,266,313.32,256.97,23.24,32.76,0.71,10,-1,-1
144,263,138.46,217.29,26.19,27.06,0.85,10,-1,-1
145,1,13.85,191.94,64.77,27.58,0.88,4,-1,-1
145,4,78.57,174.47,48.22,24.73,0.93,4,-1,-1
145,8,138.83,175.69,34.18,24.11,0.99,4,-1,-1
145,16,249.26,174.12,29.35,27.65,0.96,4,-1,-1
145,17,254.89,162.55,26.18,23.27,0.96,4,-1,-1
145,22,288.82,169.61,27.70,26.01,0.96,4,-1,-1
145,26,330.69,417.05,73.47,94.63,1.00,4,-1,-1
145,27,376.08,171.07,25.42,21.65,0.99,4,-1,-1
145,31,387.22,183.93,15.81,20.34,0.26,10,-1,-1
145,35,416.39,176.84,20.44,23.50,0.93,4,-1,-1
145,44,418.72,196.52,48.06,23.55,1.00,4,-1,-1
145,45,456.33,312.12,40.76,50.59,0.99,7,-1,-1
145,53,215.40,349.10,90.49,86.22,1.00,4,-1,-1
145,56,537.40,302.66,17.91,32.14,0.94,10,-1,-1
145,60,449.41,221.96,74.52,31.62,0.99,4,-1,-1
145,66,428.29,422.78,80.72,98.92,1.00,4,-1,-1
145,78,424.21,239.25,79.58,31.80,0.99,4,-1,-1
145,129,372.71,251.22,61.34,34.63,0.79,7,-1,-1
145,105,98.15,498.73,44.90,42.43,0.89,10,-1,-1
145,43,269.23,225.26,39.78,24.89,0.21,10,-1,-1
145,106,105.17,492.08,30.79,44.53,0.25,2,-1,-1
145,186,194.95,231.36,83.16,33.09,0.75,4,-1,-1
145,191,362.95,139.17,19.48,20.08,0.98,4,-1,-1
145,147,926.10,512.39,31.27,26.76,0.17,1,-1,-1
145,198,147.65,255.69,100.44,36.33,1.00,4,-1,-1
145,202,600.12,221.94,70.21,28.85,0.99,4,-1,-1
145,218,485.58,380.83,28.39,40.87,0.97,10,-1,-1
145,233,134.11,275.22,70.37,36.76,0.99,7,-1,-1
145,244,891.30,423.19,45.96,37.45,0.30,10,-1,-1
145,175,335.13,258.17,37.68,39.53,0.48,10,-1,-1
145,245,41.84,413.01,31.14,53.80,0.96,10,-1,-1
145,252,558.61,446.75,106.09,91.87,0.99,4,-1,-1
145,254,41.07,403.18,25.76,38.04,0.80,2,-1,-1
145,255,391.02,141.84,21.30,20.41,0.63,4,-1,-1
145,256,378.76,159.00,11.44,17.55,0.72,10,-1,-1
145,257,892.81,406.40,27.91,56.20,0.97,1,-1,-1
145,169,276.97,260.46,41.02,42.42,0.46,8,-1,-1
145,114,31.52,239.61,41.14,27.03,0.98,10,-1,-1
145,262,325.57,234.99,35.74,26.84,0.56,10,-1,-1
145,268,42.21,300.69,42.53,24.90,0.98,10,-1,-1
145,150,502.48,333.34,61.47,58.94,0.95,4,-1,-1
145,271,261.72,132.76,12.68,17.00,0.39,10,-1,-1
145,272,487.15,369.49,24.38,40.77,0.41,2,-1,-1
145,276,0.18,279.48,37.01,42.04,0.19,5,-1,-1
145,57,593.67,254.61,34.46,25.55,0.85,8,-1,-1
145,2,552.90,293.72,48.64,33.57,0.89,7,-1,-1
145,281,350.41,123.58,13.23,15.72,0.46,10,-1,-1
145,282,571.61,275.73,17.60,24.40,0.78,2,-1,-1
145,220,571.42,276.94,18.12,25.80,0.85,10,-1,-1
145,283,49.45,287.88,19.79,32.09,0.89,2,-1,-1
145,284,492.05,185.82,38.43,27.20,0.30,4,-1,-1
145,266,315.36,258.09,23.51,32.00,0.36,10,-1,-1
145,263,139.72,217.25,24.55,27.90,0.92,10,-1,-1
145,9,188.09,206.32,25.12,24.06,0.70,10,-1,-1
146,1,14.40,191.71,64.43,27.87,0.83,4,-1,-1
146,4,78.56,174.43,48.22,24.70,0.92,4,-1,-1
146,8,138.89,175.83,34.08,24.12,1.00,4,-1,-1
146,16,249.17,174.18,29.29,27.51,0.96,4,-1,-1
146,17,255.07,162.62,26.01,23.23,0.96,4,-1,-1
146,22,288.69,169.72,27.73,25.96,0.96,4,-1,-1
146,26,330.56,417.33,73.52,94.23,1.00,4,-1,-1
146,27,376.30,170.79,26.17,21.65,0.99,4,-1,-1
146,31,386.76,183.82,16.48,20.20,0.13,10,-1,-1
146,35,416.45,177.20,21.25,23.49,0.89,4,-1,-1
146,44,417.26,196.06,47.98,24.10,0.99,4,-1,-1
146,45,456.45,312.20,40.52,50.64,0.99,7,-1,-1
146,53,212.70,352.92,90.30,87.07,1.00,4,-1,-1
146,56,536.97,302.79,18.75,31.95,0.95,10,-1,-1
146,60,449.95,222.33,70.72,30.77,0.99,4,-1,-1
146,66,428.20,423.05,80.78,99.27,1.00,4,-1,-1
146,78,426.49,239.08,79.53,32.07,0.99,4,-1,-1
146,129,375.57,251.39,61.80,34.24,0.87,7,-1,-1
146,105,91.09,507.37,46.69,33.36,0.85,10,-1,-1
146,106,98.01,499.89,33.11,39.66,0.23,2,-1,-1
146,186,198.22,231.24,80.81,33.71,0.89,4,-1,-1
146,191,363.00,139.13,19.69,20.28,0.99,4,-1,-1
146,147,927.37,513.81,31.43,25.35,0.21,1,-1,-1
146,198,150.75,255.97,99.36,35.61,0.99,4,-1,-1
146,202,597.85,222.09,70.51,28.87,0.99,4,-1,-1
146,218,483.02,377.32,29.00,42.46,0.91,10,-1,-1
146,233,136.99,274.49,71.17,37.36,0.99,7,-1,-1
146,244,894.44,423.65,43.61,36.57,0.52,10,-1,-1
146,175,337.24,258.52,38.70,38.00,0.53,10,-1,-1
146,245,40.24,417.02,31.61,55.53,0.98,10,-1,-1
146,252,557.86,444.91,105.23,93.66,0.99,4,-1,-1
146,254,40.27,407.90,25.20,36.91,0.40,2,-1,-1
146,255,390.90,141.94,21.55,20.44,0.70,4,-1,-1
146,256,378.12,158.50,11.39,18.67,0.19,1,-1,-1
146,257,891.08,405.74,27.14,56.44,0.98,1,-1,-1
146,169,278.71,260.37,43.06,42.27,0.50,8,-1,-1
146,114,27.79,240.46,41.01,26.58,0.98,10,-1,-1
146,262,321.65,234.35,36.08,27.70,0.92,10,-1,-1
146,268,48.62,300.06,42.75,24.74,0.99,10,-1,-1
146,150,502.52,333.06,61.08,59.42,0.96,4,-1,-1
146,271,261.53,133.39,12.87,16.59,0.32,10,-1,-1
146,272,484.26,366.11,25.82,42.49,0.25,2,-1,-1
146,276,0.21,279.11,40.31,43.24,0.57,4,-1,-1
146,57,589.83,256.46,33.42,24.62,0.83,8,-1,-1
146,2,554.46,294.44,49.30,33.35,0.96,7,-1,-1
146,281,350.20,124.03,13.17,15.74,0.21,10,-1,-1
146,282,571.91,275.78,17.10,25.52,0.76,2,-1,-1
146,220,571.30,276.96,17.75,27.79,0.74,10,-1,-1
146,283,55.75,287.91,19.84,31.68,0.96,2,-1,-1
146,284,492.33,185.21,38.59,28.14,0.32,7,-1,-1
146,266,318.08,259.90,24.04,30.30,0.40,10,-1,-1
146,263,141.09,217.29,23.41,27.95,0.92,10,-1,-1
146,9,191.37,205.67,26.50,24.53,0.14,10,-1,-1
146,286,697.90,216.81,69.91,31.64,0.76,4,-1,-1
146,153,529.48,226.26,34.24,21.59,0.68,7,-1,-1
146,234,279.75,275.26,41.00,27.21,0.51,10,-1,-1
146,274,798.73,454.66,24.17,48.95,0.75,1,-1,-1
147,1,14.13,191.75,64.70,27.79,0.81,4,-1,-1
147,4,78.67,174.46,48.02,24.70,0.93,4,-1,-1
147,8,138.92,175.82,33.84,23.92,0.99,4,-1,-1
147,16,249.35,174.46,28.86,27.26,0.97,4,-1,-1
147,17,254.86,162.90,25.95,23.21,0.95,4,-1,-1
147,22,288.86,170.01,27.74,25.75,0.96,4,-1,-1
147,26,330.70,417.59,73.13,94.09,1.00,4,-1,-1
147,27,376.59,170.66,26.45,21.46,0.99,4,-1,-1
147,31,386.41,183.86,16.72,19.56,0.27,10,-1,-1
147,35,416.67,177.51,21.55,23.09,0.75,4,-1,-1
147,44,416.56,195.66,47.57,24.31,1.00,4,-1,-1
147,45,456.49,312.21,40.42,51.06,0.98,7,-1,-1
147,53,209.61,356.79,90.61,88.53,1.00,4,-1,-1
147,56,537.40,301.55,18.26,32.77,0.96,10,-1,-1
147,60,446.64,222.13,70.47,30.47,0.99,4,-1,-1
147,66,428.16,423.12,80.79,99.41,1.00,4,-1,-1
147,78,428.46,239.20,79.12,31.79,0.99,4,-1,-1
147,129,378.35,251.32,60.78,34.10,0.89,7,-1,-1
147,105,83.35,512.79,48.52,27.89,0.72,10,-1,-1
147,106,89.88,507.59,35.13,33.24,0.30,2,-1,-1
147,186,201.03,231.16,80.57,34.35,0.80,4,-1,-1
147,191,362.84,139.04,19.77,20.21,0.98,4,-1,-1
147,147,928.15,514.89,31.47,24.51,0.26,1,-1,-1
147,198,153.50,255.92,98.75,35.15,0.99,4,-1,-1
147,202,595.27,222.34,70.83,28.68,0.97,4,-1,-1
147,218,480.13,376.46,30.04,41.07,0.97,10,-1,-1
147,233,140.69,275.06,70.82,36.11,0.99,7,-1,-1
147,244,898.47,424.23,39.45,36.24,0.76,10,-1,-1
147,175,341.86,259.24,37.91,36.60,0.57,10,-1,-1
147,245,38.90,421.31,32.78,56.56,0.94,10,-1,-1
147,252,556.81,443.28,104.51,95.07,1.00,4,-1,-1
147,254,39.38,412.51,25.62,38.45,0.43,2,-1,-1
147,255,390.86,142.40,21.64,19.81,0.28,4,-1,-1
147,256,377.51,158.38,11.38,18.69,0.56,10,-1,-1
147,257,890.51,404.74,25.23,55.74,0.98,1,-1,-1
147,169,283.04,259.61,40.44,38.83,0.35,8,-1,-1
147,114,23.76,241.61,41.28,26.00,0.95,10,-1,-1
147,262,317.93,234.35,36.59,28.22,0.88,10,-1,-1
147,268,55.45,299.47,41.95,24.60,0.99,10,-1,-1
147,150,502.73,332.74,60.53,60.00,0.93,4,-1,-1
147,271,261.39,133.77,12.93,16.24,0.45,10,-1,-1
147,272,482.46,366.96,24.76,41.08,0.45,2,-1,-1
147,276,0.32,279.43,43.13,42.54,0.59,4,-1,-1
147,57,586.08,258.65,32.27,23.48,0.85,8,-1,-1
147,2,556.37,294.78,49.17,33.58,0.92,7,-1,-1
147,281,349.49,122.93,13.61,14.22,0.15,10,-1,-1
147,282,572.04,275.90,16.05,25.24,0.85,2,-1,-1
147,220,571.29,277.06,16.79,27.37,0.62,10,-1,-1
147,283,62.54,287.09,19.82,33.01,0.91,2,-1,-1
147,284,492.64,185.33,38.18,28.43,0.48,5,-1,-1
147,266,321.67,260.62,22.59,28.67,0.85,10,-1,-1
147,263,142.11,216.85,23.28,28.78,0.90,10,-1,-1
147,9,193.55,205.21,23.35,24.09,0.79,10,-1,-1
147,286,695.02,216.83,70.87,30.68,0.84,4,-1,-1
147,153,528.30,225.54,34.40,21.80,0.22,7,-1,-1
147,234,282.13,275.72,40.77,26.84,0.25,10,-1,-1
147,274,799.15,454.74,24.11,47.89,0.77,1,-1,-1
147,287,199.94,231.73,77.75,35.26,0.90,5,-1,-1
147,288,502.63,333.28,60.87,59.06,0.79,8,-1,-1
147,248,117.70,205.55,20.44,24.65,0.84,10,-1,-1
148,1,14.38,192.00,64.27,27.55,0.87,4,-1,-1
148,4,79.03,174.50,47.74,24.69,0.93,4,-1,-1
148,8,139.05,176.05,33.54,23.65,1.00,4,-1,-1
148,16,249.43,174.99,28.50,26.96,0.98,4,-1,-1
148,17,254.89,163.12,26.12,23.41,0.96,4,-1,-1
148,22,289.13,169.94,27.54,25.86,0.95,4,-1,-1
148,26,330.78,417.50,72.99,94.43,1.00,4,-1,-1
148,27,377.10,170.43,26.56,21.39,0.99,4,-1,-1
148,31,386.29,183.69,16.42,19.72,0.30,10,-1,-1
148,35,416.97,177.44,23.64,23.54,0.56,4,-1,-1
148,44,415.35,195.33,48.24,24.19,0.99,4,-1,-1
148,45,456.73,312.61,39.99,50.81,0.98,7,-1,-1
148,53,206.41,360.56,91.33,90.21,1.00,4,-1,-1
148,56,537.58,300.50,18.08,33.86,0.98,10,-1,-1
148,60,442.30,221.25,72.39,31.37,0.99,4,-1,-1
148,66,428.17,423.34,80.79,99.45,1.00,4,-1,-1
148,78,430.51,239.25,78.96,31.67,0.99,4,-1,-1
148,129,381.31,250.71,60.00,34.85,0.90,7,-1,-1
148,106,85.05,515.99,33.52,24.88,0.14,2,-1,-1
148,186,203.79,230.87,82.31,34.39,0.98,4,-1,-1
148,191,362.59,138.83,19.81,20.38,0.99,4,-1,-1
148,147,929.58,515.80,30.69,23.43,0.24,1,-1,-1
148,198,156.43,255.64,98.13,34.97,0.99,4,-1,-1
148,202,592.38,222.42,71.76,28.61,0.96,4,-1,-1
148,218,477.95,376.03,30.44,39.32,0.92,10,-1,-1
148,233,143.96,275.83,70.60,35.11,0.99,7,-1,-1
148,244,897.49,423.40,40.39,37.33,0.79,10,-1,-1
148,175,346.10,259.53,36.39,35.67,0.65,10,-1,-1
148,245,36.92,426.60,34.06,58.10,0.97,10,-1,-1
148,252,555.69,441.17,104.25,97.09,1.00,4,-1,-1
148,254,37.67,417.31,27.55,41.75,0.61,2,-1,-1
148,255,391.26,142.38,21.28,19.78,0.49,4,-1,-1
148,256,377.13,157.97,11.38,19.48,0.27,10,-1,-1
148,257,890.03,403.55,23.67,55.88,0.98,1,-1,-1
148,169,286.63,259.65,41.44,38.74,0.72,8,-1,-1
148,114,20.43,241.97,40.75,25.97,0.98,10,-1,-1
148,262,314.29,234.66,35.60,28.60,0.85,10,-1,-1
148,268,61.46,299.08,41.78,24.97,0.99,10,-1,-1
148,150,502.83,332.83,60.72,59.82,0.96,4,-1,-1
148,271,261.35,133.71,13.16,16.73,0.66,10,-1,-1
148,272,479.49,368.66,23.52,36.85,0.15,2,-1,-1
148,276,0.40,278.69,45.85,43.33,0.60,4,-1,-1
148,57,582.58,260.34,31.29,22.47,0.91,8,-1,-1
148,2,558.82,295.49,48.75,33.27,0.96,7,-1,-1
148,281,348.84,121.67,14.19,14.38,0.37,10,-1,-1
148,282,571.68,275.64,16.14,24.91,0.94,2,-1,-1
148,220,571.14,278.71,17.24,27.20,0.61,10,-1,-1
148,283,68.53,287.28,20.87,31.51,0.88,2,-1,-1
148,284,492.96,185.82,38.90,27.64,0.25,4,-1,-1
148,266,323.29,261.19,25.12,29.21,0.65,10,-1,-1
148,263,142.70,216.32,23.23,29.88,0.90,10,-1,-1
148,9,195.67,204.87,22.30,23.72,0.87,10,-1,-1
148,286,694.01,216.47,71.99,31.19,0.91,4,-1,-1
148,153,526.33,224.56,48.68,24.30,0.17,7,-1,-1
148,234,285.45,275.36,40.20,26.31,0.17,10,-1,-1
148,274,799.71,454.96,23.28,46.72,0.75,1,-1,-1
148,248,119.10,205.06,19.10,24.72,0.92,10,-1,-1
148,289,225.25,180.80,15.67,23.20,0.60,10,-1,-1
148,137,255.03,195.56,19.83,25.90,0.57,10,-1,-1
149,1,13.45,191.60,65.22,28.06,0.82,4,-1,-1
149,4,79.11,174.62,47.64,24.69,0.91,4,-1,-1
149,8,139.04,176.24,33.48,23.34,0.99,4,-1,-1
149,16,249.35,175.09,28.37,27.05,0.97,4,-1,-1
149,17,254.89,163.31,25.99,23.48,0.94,4,-1,-1
149,22,288.92,170.21,27.57,25.70,0.96,4,-1,-1
149,26,330.80,417.66,72.94,94.56,1.00,4,-1,-1
149,27,376.88,169.96,26.98,21.77,0.99,4,-1,-1
149,35,417.05,177.32,22.89,23.51,0.87,4,-1,-1
149,44,414.32,194.73,48.10,24.54,0.99,4,-1,-1
149,45,456.79,312.57,39.82,52.70,0.98,7,-1,-1
149,53,203.12,364.45,92.18,91.59,1.00,4,-1,-1
149,56,538.02,299.92,17.22,33.49,0.99,10,-1,-1
149,60,439.74,220.93,71.92,31.51,0.97,4,-1,-1
149,66,428.16,423.23,80.79,99.86,1.00,4,-1,-1
149,78,432.97,239.47,77.71,31.23,0.99,4,-1,-1
149,129,383.90,249.99,60.51,35.12,0.88,7,-1,-1
149,186,207.00,230.57,82.17,34.20,0.97,4,-1,-1
149,191,362.48,138.91,19.83,20.30,0.99,4,-1,-1
149,147,930.80,516.26,30.38,23.12,0.20,1,-1,-1
149,198,159.00,255.74,97.51,34.51,0.99,4,-1,-1
149,202,589.95,222.36,73.50,28.99,0.97,4,-1,-1
149,218,475.79,374.74,29.80,38.68,0.93,10,-1,-1
149,233,147.49,275.83,70.47,35.05,0.99,7,-1,-1
149,244,899.93,423.29,38.30,37.74,0.89,10,-1,-1
149,175,350.15,260.36,35.81,34.52,0.82,10,-1,-1
149,245,35.78,433.98,34.25,56.72,0.98,10,-1,-1
149,252,554.48,439.25,103.76,98.58,0.99,4,-1,-1
149,254,36.00,422.34,27.93,41.09,0.83,2,-1,-1
149,255,391.19,142.63,21.14,19.42,0.41,4,-1,-1
149,256,376.59,157.84,11.79,19.39,0.25,10,-1,-1
149,257,888.68,402.73,23.10,55.94,0.99,1,-1,-1
149,169,289.34,260.08,41.10,38.51,0.34,8,-1,-1
149,114,16.99,243.00,40.31,25.36,0.97,10,-1,-1
149,262,311.05,235.75,34.80,27.96,0.89,10,-1,-1
149,268,67.18,298.95,41.82,24.71,0.99,10,-1,-1
149,150,502.86,332.88,60.80,58.95,0.83,4,-1,-1
149,271,261.42,133.79,12.84,16.71,0.36,10,-1,-1
149,272,477.05,366.05,23.88,36.99,0.55,2,-1,-1
149,276,0.42,279.13,48.91,43.30,0.66,4,-1,-1
149,57,578.94,260.89,30.99,21.93,0.47,8,-1,-1
149,2,561.23,295.64,47.40,33.05,0.97,7,-1,-1
149,282,571.34,274.93,16.17,26.04,0.73,2,-1,-1
149,220,570.47,277.15,17.80,28.93,0.40,10,-1,-1
149,283,74.43,286.95,20.57,31.16,0.94,2,-1,-1
149,284,492.20,185.90,38.31,27.54,0.52,4,-1,-1
149,266,325.02,261.79,26.34,28.79,0.31,10,-1,-1
149,263,142.51,216.13,22.72,30.29,0.76,10,-1,-1
149,9,197.56,204.67,23.41,23.98,0.78,10,-1,-1
149,286,690.86,216.59,69.58,31.13,0.83,4,-1,-1
149,153,532.26,222.77,50.85,26.15,0.54,7,-1,-1
149,234,287.77,275.03,40.79,26.33,0.16,10,-1,-1
149,274,800.27,455.03,22.98,46.31,0.74,1,-1,-1
149,248,119.99,204.80,18.42,24.74,0.86,10,-1,-1
149,289,225.01,180.82,15.43,23.44,0.52,10,-1,-1
149,137,256.03,195.68,19.93,25.92,0.29,10,-1,-1
149,290,151.80,213.35,23.13,25.92,0.77,10,-1,-1
149,291,502.94,332.68,60.27,59.67,0.94,4,-1,-1
149,292,590.32,293.20,16.27,28.93,0.70,1,-1,-1
149,222,582.78,340.88,44.01,63.41,0.67,8,-1,-1
150,1,13.72,191.60,64.96,28.26,0.77,4,-1,-1
150,4,79.34,174.62,47.50,24.70,0.93,4,-1,-1
150,8,139.14,176.17,33.26,23.43,0.99,4,-1,-1
150,16,249.33,175.20,28.52,26.89,0.99,4,-1,-1
150,17,254.90,163.35,26.14,23.31,0.96,4,-1,-1
150,22,288.65,170.18,27.97,26.05,0.94,4,-1,-1
150,26,330.80,417.70,72.91,94.61,1.00,4,-1,-1
150,27,377.00,169.68,27.53,22.11,0.99,4,-1,-1
150,35,416.90,177.55,23.75,23.30,0.65,4,-1,-1
150,44,413.38,194.30,48.47,24.87,0.99,4,-1,-1
150,45,456.62,312.36,40.16,51.84,0.99,7,-1,-1
150,53,199.80,368.17,92.89,94.04,1.00,4,-1,-1
150,56,537.98,299.13,17.72,33.73,0.99,10,-1,-1
150,60,437.08,220.80,71.74,31.97,0.98,4,-1,-1
150,66,427.95,423.18,81.18,100.02,1.00,4,-1,-1
150,78,434.40,239.55,78.05,31.08,0.99,4,-1,-1
150,129,386.37,250.11,60.71,35.04,0.85,7,-1,-1
150,186,210.39,230.24,81.14,33.54,0.99,4,-1,-1
150,191,362.46,138.78,19.84,20.32,0.98,4,-1,-1
150,198,161.35,255.55,97.49,34.56,1.00,4,-1,-1
150,202,588.32,222.54,72.58,28.94,0.97,4,-1,-1
150,218,472.86,373.31,30.77,38.47,0.93,10,-1,-1
150,233,150.67,275.30,70.43,35.34,0.98,7,-1,-1
150,244,901.26,422.29,37.52,39.09,0.78,10,-1,-1
150,175,353.53,258.83,36.81,36.56,0.75,10,-1,-1
150,245,33.66,439.04,34.96,58.51,0.97,10,-1,-1
150,252,553.47,437.43,103.38,99.88,0.99,4,-1,-1
150,254,34.12,427.66,28.25,40.39,0.76,2,-1,-1
150,255,391.37,142.30,21.09,20.09,0.50,4,-1,-1
150,257,886.64,402.29,23.72,55.17,0.98,1,-1,-1
150,169,290.24,259.42,44.98,40.87,0.47,8,-1,-1
150,114,13.29,243.32,40.89,25.73,0.97,10,-1,-1
150,262,308.78,236.16,32.89,28.29,0.92,10,-1,-1
150,268,72.94,298.36,41.49,25.14,0.99,10,-1,-1
150,150,502.87,332.91,60.83,58.62,0.82,4,-1,-1
150,271,261.17,134.28,12.92,16.61,0.38,10,-1,-1
150,272,473.62,361.92,26.42,39.92,0.36,2,-1,-1
150,276,0.46,279.07,51.60,43.47,0.70,4,-1,-1
150,57,575.09,261.15,31.34,22.19,0.44,8,-1,-1
150,2,563.46,294.29,43.67,34.38,0.98,7,-1,-1
150,282,570.62,274.79,16.19,27.86,0.66,2,-1,-1
150,283,80.38,286.17,21.30,32.09,0.87,2,-1,-1
150,284,491.93,186.04,38.08,27.29,0.54,4,-1,-1
150,263,150.34,213.26,22.67,27.50,0.86,10,-1,-1
150,9,199.89,203.98,22.99,24.87,0.60,10,-1,-1
150,286,688.53,216.88,67.85,31.10,0.84,4,-1,-1
150,274,800.46,455.30,22.87,47.42,0.69,1,-1,-1
150,248,120.44,204.29,18.63,24.94,0.89,10,-1,-1
150,289,224.62,181.15,16.08,23.49,0.18,10,-1,-1
150,291,502.69,332.45,60.75,59.67,0.96,4,-1,-1
150,292,592.01,293.82,15.79,29.05,0.56,1,-1,-1
150,293,353.17,258.55,37.37,37.37,0.72,10,-1,-1
150,294,491.79,185.93,37.97,27.12,0.65,5,-1,-1
150,130,290.78,247.61,27.73,39.85,0.51,10,-1,-1
151,1,13.33,191.33,65.20,28.72,0.88,4,-1,-1
151,4,79.33,174.84,47.65,24.70,0.93,4,-1,-1
151,8,139.12,176.26,33.13,23.47,0.99,4,-1,-1
151,16,249.22,175.45,28.58,26.83,0.98,4,-1,-1
151,17,255.30,163.66,25.99,23.04,0.96,4,-1,-1
151,22,288.65,170.17,28.22,26.17,0.96,4,-1,-1
151,26,330.61,417.71,73.31,94.63,1.00,4,-1,-1
151,27,377.03,169.48,28.13,22.44,0.99,4,-1,-1
151,35,416.83,177.63,24.06,23.22,0.62,4,-1,-1
151,44,412.47,194.44,48.22,24.60,1.00,4,-1,-1
151,45,456.56,312.46,39.90,50.69,0.99,7,-1,-1
151,53,196.39,372.24,93.94,96.88,1.00,4,-1,-1
151,56,537.97,298.73,18.30,33.52,0.98,10,-1,-1
151,60,433.58,221.24,72.08,31.35,0.99,4,-1,-1
151,66,428.08,423.74,80.93,99.68,1.00,4,-1,-1
151,78,435.25,239.27,78.98,31.42,1.00,4,-1,-1
151,129,389.00,250.46,60.39,34.80,0.97,7,-1,-1
151,186,212.04,229.74,81.76,33.28,0.97,4,-1,-1
151,191,362.65,138.68,19.84,20.38,0.99,4,-1,-1
151,198,164.12,255.50,97.09,34.37,1.00,4,-1,-1
151,202,585.78,222.48,73.42,29.52,0.98,4,-1,-1
151,218,470.66,371.02,30.73,39.61,0.95,10,-1,-1
151,233,154.13,275.82,69.43,34.55,0.99,7,-1,-1
151,244,900.50,420.49,38.07,40.77,0.32,10,-1,-1
151,175,356.47,260.15,37.18,35.11,0.70,10,-1,-1
151,245,31.78,445.17,35.47,58.38,0.97,10,-1,-1
151,252,552.55,435.41,103.06,101.86,1.00,4,-1,-1
151,254,32.26,433.53,28.82,40.90,0.67,2,-1,-1
151,255,391.03,142.17,21.47,20.34,0.53,4,-1,-1
151,257,883.15,401.89,25.55,54.89,0.98,1,-1,-1
151,169,292.39,259.18,45.34,41.73,0.54,8,-1,-1
151,114,9.45,244.15,41.01,25.47,0.97,10,-1,-1
151,262,305.78,236.20,31.87,28.99,0.85,10,-1,-1
151,268,78.60,297.57,41.71,25.90,0.98,10,-1,-1
151,271,260.87,134.41,13.35,16.77,0.57,10,-1,-1
151,272,471.80,360.45,25.42,40.57,0.65,2,-1,-1
151,276,0.48,279.28,54.31,43.30,0.82,4,-1,-1
151,57,570.75,262.42,32.31,21.69,0.64,8,-1,-1
151,2,565.82,294.45,41.08,34.77,0.95,7,-1,-1
151,282,570.58,272.95,14.97,29.12,0.32,1,-1,-1
151,283,85.75,285.72,21.15,32.42,0.91,2,-1,-1
151,284,492.03,185.66,38.00,28.02,0.23,4,-1,-1
151,263,154.58,212.57,24.01,24.52,0.97,10,-1,-1
151,9,201.98,203.55,22.04,25.01,0.57,10,-1,-1
151,286,685.65,217.28,66.45,30.42,0.83,4,-1,-1
151,274,800.53,454.95,22.84,49.44,0.73,1,-1,-1
151,248,120.80,203.73,18.93,25.22,0.91,10,-1,-1
151,289,224.02,181.39,16.53,23.74,0.21,10,-1,-1
151,292,593.99,294.40,15.23,29.77,0.43,1,-1,-1
151,130,292.37,247.62,34.40,40.12,0.22,10,-1,-1
151,295,98.84,205.97,17.48,24.11,0.71,10,-1,-1
151,296,537.59,240.17,22.90,23.81,0.77,10,-1,-1
151,297,621.96,253.13,48.21,37.67,0.82,8,-1,-1
151,298,799.75,455.32,24.11,49.42,0.77,1,-1,-1
151,220,569.49,276.13,15.70,30.36,0.89,10,-1,-1
151,266,330.47,259.30,23.16,29.49,0.61,10,-1,-1
152,1,12.73,191.52,65.96,28.70,0.82,4,-1,-1
152,4,79.54,174.91,47.31,24.70,0.94,4,-1,-1
152,8,139.28,176.29,33.07,23.28,1.00,4,-1,-1
152,16,249.34,175.54,28.80,26.81,0.97,4,-1,-1
152,17,255.51,163.58,26.14,23.14,0.94,4,-1,-1
152,22,288.90,170.37,28.32,26.22,0.95,4,-1,-1
152,26,330.60,417.91,73.45,95.03,1.00,4,-1,-1
152,27,377.87,169.32,27.96,22.76,0.99,4,-1,-1
152,35,416.85,177.87,24.18,22.80,0.89,4,-1,-1
152,44,411.61,194.31,48.13,24.49,1.00,4,-1,-1
152,45,456.58,313.30,39.79,48.25,0.99,7,-1,-1
152,53,193.49,376.24,94.32,98.71,0.99,4,-1,-1
152,56,538.39,298.90,18.92,33.33,0.98,10,-1,-1
152,60,430.01,221.72,73.01,30.51,0.99,4,-1,-1
152,66,428.38,423.75,80.83,99.94,1.00,4,-1,-1
152,78,437.33,239.27,78.94,31.35,1.00,4,-1,-1
152,129,392.14,250.50,60.27,34.71,0.93,7,-1,-1
152,186,214.52,229.76,81.40,32.98,0.59,4,-1,-1
152,191,362.78,138.66,19.85,20.40,0.98,4,-1,-1
152,198,166.10,255.28,97.55,34.51,1.00,4,-1,-1
152,202,583.16,222.76,74.32,29.74,0.99,4,-1,-1
152,218,468.96,367.83,30.72,41.24,0.97,10,-1,-1
152,233,157.95,275.92,69.05,34.36,0.99,7,-1,-1
152,175,360.48,260.59,36.52,34.55,0.77,10,-1,-1
152,245,29.34,452.28,36.20,57.90,0.98,10,-1,-1
152,252,551.88,433.72,102.14,102.95,1.00,4,-1,-1
152,254,30.13,439.54,29.99,41.47,0.80,2,-1,-1
152,255,390.96,141.78,21.62,21.08,0.83,4,-1,-1
152,257,879.57,405.79,27.78,51.18,0.98,1,-1,-1
152,169,296.80,259.40,43.00,41.87,0.22,8,-1,-1
152,114,6.05,244.64,41.20,24.97,0.97,10,-1,-1
152,262,296.20,237.78,37.94,34.14,0.89,10,-1,-1
152,268,84.20,296.78,41.85,26.68,0.99,10,-1,-1
152,272,470.89,360.18,24.18,39.24,0.81,2,-1,-1
152,276,0.77,279.76,57.04,42.81,0.83,4,-1,-1
152,57,565.29,260.80,35.10,23.79,0.67,8,-1,-1
152,2,568.68,295.00,41.05,34.62,0.87,7,-1,-1
152,283,91.21,285.57,21.28,32.34,0.90,2,-1,-1
152,284,492.93,186.74,36.74,25.86,0.24,5,-1,-1
152,263,158.04,211.71,23.72,24.09,0.94,10,-1,-1
152,9,204.95,203.30,20.87,24.86,0.37,10,-1,-1
152,286,684.38,217.64,66.04,30.61,0.89,4,-1,-1
152,274,800.15,455.62,23.64,49.41,0.83,1,-1,-1
152,248,121.09,203.04,19.56,25.71,0.94,10,-1,-1
152,289,223.77,181.23,16.88,24.71,0.35,10,-1,-1
152,292,596.56,294.71,16.00,31.05,0.51,1,-1,-1
152,297,622.47,253.38,46.28,37.19,0.57,8,-1,-1
152,220,569.62,275.72,14.76,31.25,0.82,10,-1,-1
152,266,332.92,258.90,24.16,29.78,0.60,10,-1,-1
152,299,540.60,295.16,15.07,29.68,0.72,2,-1,-1
152,150,502.67,332.19,60.85,59.90,0.97,4,-1,-1
153,1,9.94,191.52,69.42,29.68,0.83,4,-1,-1
153,4,79.47,174.97,47.78,24.90,0.92,4,-1,-1
153,8,139.21,176.43,33.06,23.21,0.99,4,-1,-1
153,16,249.36,175.60,28.69,26.80,0.96,4,-1,-1
153,17,255.46,163.48,26.39,22.98,0.92,4,-1,-1
153,22,289.07,170.67,28.05,26.04,0.96,4,-1,-1
153,26,330.76,418.22,73.51,95.18,1.00,4,-1,-1
153,27,378.17,169.20,28.28,22.88,0.98,4,-1,-1
153,35,417.03,177.69,23.43,22.44,0.55,4,-1,-1
153,44,410.31,194.10,48.91,24.45,1.00,4,-1,-1
153,45,456.97,313.65,39.36,46.11,0.98,7,-1,-1
153,53,189.90,380.83,95.45,100.54,1.00,4,-1,-1
153,56,538.93,298.33,19.16,33.95,0.98,10,-1,-1
153,60,426.75,222.33,73.76,30.41,0.98,4,-1,-1
153,66,428.47,423.99,80.79,100.44,1.00,4,-1,-1
153,78,438.41,239.51,80.12,31.13,1.00,4,-1,-1
153,129,395.59,251.85,60.23,33.48,0.90,7,-1,-1
153,186,215.90,229.11,82.68,32.07,0.59,4,-1,-1
153,191,362.81,138.78,19.85,20.21,0.98,4,-1,-1
153,198,168.40,255.14,97.14,34.97,0.99,4,-1,-1
153,202,581.63,223.20,74.07,29.62,0.99,4,-1,-1
153,218,466.99,365.94,31.11,41.46,0.94,10,-1,-1
153,233,161.81,276.10,68.33,33.79,0.98,7,-1,-1
153,175,363.62,262.09,37.47,33.54,0.70,10,-1,-1
153,245,27.12,458.65,37.09,58.87,0.97,10,-1,-1
153,252,551.06,432.41,102.02,103.31,1.00,4,-1,-1
153,254,28.13,445.67,29.89,42.47,0.47,2,-1,-1
153,255,391.10,141.47,21.67,21.56,0.62,4,-1,-1
153,257,875.56,402.21,30.95,55.55,0.98,1,-1,-1
153,169,298.85,259.32,46.00,41.32,0.30,8,-1,-1
153,114,3.12,245.85,40.23,24.58,0.96,10,-1,-1
153,262,293.72,239.61,35.88,37.17,0.83,10,-1,-1
153,268,89.14,296.82,42.36,26.49,0.99,10,-1,-1
153,272,468.62,357.59,25.34,39.55,0.25,2,-1,-1
153,276,0.79,280.08,59.72,42.51,0.89,4,-1,-1
153,57,562.92,262.52,34.57,24.33,0.86,8,-1,-1
153,2,571.45,295.05,39.44,35.16,0.89,7,-1,-1
153,283,96.61,285.66,21.73,31.60,0.94,2,-1,-1
153,284,492.83,186.67,36.69,25.85,0.38,5,-1,-1
153,263,160.79,211.46,24.00,23.55,0.96,10,-1,-1
153,9,207.33,203.46,21.09,24.40,0.35,10,-1,-1
153,286,682.34,217.58,65.94,31.52,0.84,4,-1,-1
153,274,801.20,456.12,23.14,47.41,0.91,1,-1,-1
153,248,122.12,202.44,19.31,25.90,0.89,10,-1,-1
153,289,223.46,181.52,16.77,25.03,0.32,10,-1,-1
153,292,598.84,295.71,15.35,31.01,0.50,1,-1,-1
153,297,622.57,253.46,46.85,37.33,0.52,8,-1,-1
153,220,569.44,275.41,14.88,31.57,0.89,10,-1,-1
153,266,335.92,257.50,21.65,29.08,0.53,10,-1,-1
153,299,540.86,295.08,15.55,29.56,0.77,2,-1,-1
153,150,502.43,332.09,61.27,60.20,0.96,4,-1,-1
153,300,124.98,237.91,37.14,23.50,0.68,10,-1,-1
153,301,141.63,219.07,27.72,29.53,0.76,10,-1,-1
153,302,543.01,196.02,44.00,27.12,0.64,5,-1,-1
153,303,573.75,233.39,15.67,20.79,0.90,2,-1,-1
153,43,217.96,229.20,78.95,32.49,0.81,5,-1,-1
153,244,891.62,415.81,46.92,45.64,0.64,10,-1,-1
154,1,11.86,191.32,67.14,29.46,0.82,4,-1,-1
154,4,79.52,174.88,47.97,24.98,0.91,4,-1,-1
154,8,139.35,176.47,33.26,23.19,0.99,4,-1,-1
154,16,249.54,175.60,28.64,26.80,0.98,4,-1,-1
154,17,255.41,163.52,26.49,22.72,0.96,4,-1,-1
154,22,289.51,170.76,27.55,25.97,0.97,4,-1,-1
154,26,331.01,418.52,73.53,95.24,1.00,4,-1,-1
154,27,378.45,169.14,28.78,23.12,0.98,4,-1,-1
154,35,417.28,177.19,22.73,22.11,0.32,4,-1,-1
154,44,409.24,193.82,49.21,24.23,0.99,4,-1,-1
154,45,457.30,313.55,39.20,47.39,0.94,7,-1,-1
154,53,186.65,385.03,96.06,103.53,1.00,4,-1,-1
154,56,539.32,298.10,19.25,33.98,0.97,10,-1,-1
154,60,422.42,222.03,75.23,31.18,0.99,4,-1,-1
154,66,428.29,424.26,81.18,101.02,1.00,4,-1,-1
154,78,440.12,239.37,80.97,31.24,1.00,4,-1,-1
154,129,399.36,251.94,58.63,32.81,0.97,7,-1,-1
154,186,218.19,228.97,83.77,31.93,0.63,4,-1,-1
154,191,362.80,138.86,19.46,20.09,0.99,4,-1,-1
154,198,170.74,254.98,96.99,34.94,1.00,4,-1,-1
154,202,579.13,223.43,75.16,29.38,0.99,4,-1,-1
154,218,464.92,366.85,30.47,39.18,0.94,10,-1,-1
154,233,165.41,275.85,68.07,34.29,0.96,7,-1,-1
154,175,366.07,261.01,38.22,34.80,0.60,10,-1,-1
154,245,24.78,465.23,37.60,60.01,0.97,10,-1,-1
154,252,549.98,430.98,101.19,103.37,1.00,4,-1,-1
154,254,24.71,452.18,31.71,43.23,0.65,2,-1,-1
154,255,391.14,141.53,22.09,21.55,0.47,4,-1,-1
154,257,874.01,400.56,30.69,57.44,0.96,1,-1,-1
154,169,301.60,259.88,46.40,41.11,0.44,8,-1,-1
154,114,-0.29,244.66,40.58,26.45,0.97,10,-1,-1
154,262,292.52,237.64,34.44,30.19,0.68,10,-1,-1
154,268,94.18,296.74,42.83,27.31,0.98,10,-1,-1
154,272,466.83,358.68,23.79,37.26,0.22,2,-1,-1
154,276,0.90,280.80,62.27,41.99,0.89,4,-1,-1
154,57,559.78,264.33,35.17,24.35,0.76,8,-1,-1
154,2,573.98,295.43,35.59,34.77,0.59,7,-1,-1
154,283,101.46,285.29,22.48,32.33,0.93,2,-1,-1
154,284,492.57,186.11,37.49,26.87,0.36,5,-1,-1
154,263,162.74,212.00,25.49,22.96,0.91,10,-1,-1
154,9,210.01,203.72,21.59,23.62,0.19,10,-1,-1
154,286,679.19,217.42,71.79,33.07,0.59,4,-1,-1
154,274,802.39,456.28,22.15,47.87,0.76,1,-1,-1
154,248,122.68,202.11,19.12,25.77,0.33,10,-1,-1
154,289,223.45,182.12,16.71,24.92,0.16,10,-1,-1
154,292,601.48,296.22,14.68,30.95,0.26,2,-1,-1
154,297,622.12,253.33,48.91,38.08,0.53,8,-1,-1
154,220,569.18,274.98,14.92,31.89,0.95,10,-1,-1
154,266,338.98,256.97,20.70,29.41,0.71,10,-1,-1
154,299,541.37,295.29,15.64,30.93,0.82,2,-1,-1
154,150,502.73,332.04,61.03,59.90,0.98,4,-1,-1
154,300,120.83,237.08,38.17,24.47,0.92,10,-1,-1
154,301,142.72,219.09,24.35,29.05,0.89,10,-1,-1
154,302,543.51,196.40,42.55,26.40,0.89,5,-1,-1
154,303,573.28,234.25,15.19,22.00,0.71,2,-1,-1
154,43,216.54,229.43,81.68,32.94,0.52,10,-1,-1
154,153,513.47,221.54,47.09,27.34,0.87,7,-1,-1
154,130,294.78,247.72,30.26,33.35,0.83,10,-1,-1
155,1,13.43,191.22,65.63,29.36,0.82,4,-1,-1
155,4,79.50,174.92,48.23,25.01,0.86,4,-1,-1
155,8,139.41,176.47,33.38,23.18,0.99,4,-1,-1
155,16,249.66,175.69,28.63,27.00,0.98,4,-1,-1
155,17,255.44,163.63,26.52,22.63,0.95,4,-1,-1
155,22,289.52,170.98,27.56,25.94,0.95,4,-1,-1
155,26,331.13,418.81,73.53,95.26,1.00,4,-1,-1
155,27,379.18,169.04,28.57,23.01,0.97,4,-1,-1
155,35,417.60,177.41,21.25,21.79,0.81,4,-1,-1
155,44,408.71,193.62,48.92,24.35,0.99,4,-1,-1
155,45,457.44,313.51,39.14,47.05,0.98,7,-1,-1
155,53,183.00,389.63,97.45,105.42,0.99,4,-1,-1
155,56,539.48,298.74,19.28,33.49,0.99,10,-1,-1
155,60,419.72,221.92,74.99,31.47,0.99,4,-1,-1
155,66,428.44,424.75,81.31,100.84,1.00,4,-1,-1
155,78,442.50,239.63,80.49,31.30,0.99,4,-1,-1
155,129,402.70,252.08,58.42,33.18,0.86,7,-1,-1
155,186,218.71,228.51,85.36,32.70,0.57,4,-1,-1
155,191,362.84,138.80,19.71,20.04,0.99,4,-1,-1
155,198,173.35,254.41,96.54,35.14,1.00,4,-1,-1
155,202,577.69,223.83,74.96,29.09,0.99,4,-1,-1
155,218,463.45,366.09,29.42,39.10,0.95,10,-1,-1
155,233,169.26,275.75,67.18,34.49,0.94,7,-1,-1
155,175,369.47,261.51,38.50,34.27,0.63,10,-1,-1
155,245,21.06,473.05,39.34,59.25,0.96,10,-1,-1
155,252,549.03,429.32,100.68,102.94,1.00,4,-1,-1
155,254,22.39,459.19,32.34,44.68,0.74,2,-1,-1
155,255,391.58,141.80,21.85,21.19,0.79,4,-1,-1
155,257,872.73,399.57,28.98,57.79,0.94,1,-1,-1
155,114,-1.48,244.88,38.59,26.16,0.88,10,-1,-1
155,262,288.25,237.83,34.29,27.98,0.51,10,-1,-1
155,268,99.63,297.19,42.28,26.93,0.95,10,-1,-1
155,272,460.81,347.32,33.76,53.20,0.54,8,-1,-1
155,276,1.02,281.14,64.94,42.28,0.89,4,-1,-1
155,57,556.16,266.10,33.81,24.37,0.62,8,-1,-1
155,2,576.67,294.88,34.27,35.31,0.28,7,-1,-1
155,283,106.85,284.95,21.97,32.40,0.91,2,-1,-1
155,284,492.30,186.22,38.19,27.24,0.80,5,-1,-1
155,263,165.03,212.61,26.81,22.56,0.83,10,-1,-1
155,9,212.07,203.62,22.18,23.13,0.50,10,-1,-1
155,286,678.91,217.59,70.67,32.65,0.90,4,-1,-1
155,274,802.40,456.55,22.59,48.84,0.88,1,-1,-1
155,248,123.09,201.20,19.46,25.71,0.62,10,-1,-1
155,289,223.09,182.53,16.88,25.07,0.28,10,-1,-1
155,292,603.80,297.03,14.45,30.49,0.62,1,-1,-1
155,297,621.54,253.19,49.54,38.76,0.46,8,-1,-1
155,220,568.71,274.94,15.35,31.81,0.91,10,-1,-1
155,266,341.44,257.88,23.73,29.53,0.85,10,-1,-1
155,299,541.78,294.78,15.67,30.82,0.98,2,-1,-1
155,150,502.67,332.03,60.92,59.79,0.98,4,-1,-1
155,300,116.56,237.83,39.34,24.43,0.87,10,-1,-1
155,301,142.78,218.97,23.49,29.19,0.93,10,-1,-1
155,302,543.63,196.38,42.74,26.73,0.88,5,-1,-1
155,303,571.10,234.10,15.09,22.91,0.85,2,-1,-1
155,43,216.17,229.21,84.03,34.06,0.64,10,-1,-1
155,153,510.24,221.22,48.63,27.83,0.81,7,-1,-1
155,130,297.33,247.67,26.26,33.70,0.59,10,-1,-1
156,1,14.88,191.99,64.00,28.33,0.82,4,-1,-1
156,4,79.63,174.95,48.34,25.22,0.94,4,-1,-1
156,8,139.39,176.37,33.63,23.58,0.99,4,-1,-1
156,16,249.87,175.82,28.43,27.08,0.98,4,-1,-1
156,17,255.72,163.56,26.14,22.59,0.96,4,-1,-1
156,22,289.70,171.16,27.37,25.93,0.93,4,-1,-1
156,26,331.37,419.14,73.54,95.27,1.00,4,-1,-1
156,27,379.24,168.70,29.28,22.97,0.96,4,-1,-1
156,35,417.71,177.28,20.70,22.08,0.73,4,-1,-1
156,44,407.35,193.35,49.23,24.80,0.98,4,-1,-1
156,45,457.50,314.10,39.13,45.74,0.96,7,-1,-1
156,53,179.92,394.24,97.59,107.65,1.00,4,-1,-1
156,56,540.14,298.99,18.90,32.90,0.99,10,-1,-1
156,60,416.42,222.37,76.09,31.58,0.99,4,-1,-1
156,66,428.51,424.95,81.38,101.17,1.00,4,-1,-1
156,78,443.73,239.62,81.50,31.32,0.99,4,-1,-1
156,129,405.84,253.62,58.36,31.52,0.76,7,-1,-1
156,186,222.34,228.26,82.23,32.78,0.72,4,-1,-1
156,191,362.84,138.62,19.42,20.08,0.98,4,-1,-1
156,198,175.19,254.21,96.99,35.61,1.00,4,-1,-1
156,202,574.85,223.86,75.68,29.38,0.87,4,-1,-1
156,218,461.80,365.06,29.04,39.09,0.89,10,-1,-1
156,233,172.53,276.43,67.07,33.87,0.96,7,-1,-1
156,175,373.01,264.31,38.21,31.46,0.79,10,-1,-1
156,245,18.64,480.07,39.34,57.34,0.97,10,-1,-1
156,252,548.13,427.79,100.73,102.33,0.99,4,-1,-1
156,254,19.29,466.26,33.07,44.45,0.83,2,-1,-1
156,255,391.74,141.89,21.76,21.25,0.81,4,-1,-1
156,257,872.42,399.60,25.89,56.34,0.98,1,-1,-1
156,114,-1.83,246.26,34.80,25.44,0.81,10,-1,-1
156,262,283.98,238.81,35.64,27.23,0.67,10,-1,-1
156,268,104.35,296.50,42.44,26.68,0.93,10,-1,-1
156,272,457.95,343.51,35.97,58.71,0.78,2,-1,-1
156,276,0.86,281.29,68.26,42.39,0.89,4,-1,-1
156,57,552.34,267.13,34.11,24.97,0.41,8,-1,-1
156,2,578.77,296.54,32.20,34.03,0.38,7,-1,-1
156,283,111.93,284.85,21.96,32.63,0.91,2,-1,-1
156,284,492.20,186.24,38.46,26.99,0.71,5,-1,-1
156,263,166.32,212.34,28.87,23.06,0.65,10,-1,-1
156,9,213.52,204.61,24.00,21.94,0.83,10,-1,-1
156,286,677.35,218.03,71.03,33.07,0.72,4,-1,-1
156,274,802.85,457.05,22.76,50.40,0.77,1,-1,-1
156,289,222.73,183.29,16.53,25.11,0.29,10,-1,-1
156,292,606.64,297.81,14.39,28.95,0.19,1,-1,-1
156,220,568.17,275.02,15.52,31.37,0.84,10,-1,-1
156,266,344.83,257.74,23.57,29.97,0.74,10,-1,-1
156,299,542.13,294.49,15.68,29.95,0.96,2,-1,-1
156,150,502.86,332.24,60.50,59.75,0.97,4,-1,-1
156,300,111.88,237.74,39.57,24.64,0.88,10,-1,-1
156,301,143.50,219.05,21.78,29.71,0.90,10,-1,-1
156,302,543.89,196.11,42.80,27.30,0.88,5,-1,-1
156,43,218.86,229.02,81.95,34.29,0.54,10,-1,-1
156,153,508.82,221.00,47.90,28.40,0.82,7,-1,-1
156,130,299.38,249.31,26.75,35.20,0.67,10,-1,-1
156,304,380.29,125.66,19.29,17.78,0.70,4,-1,-1
156,305,457.73,342.62,37.37,60.87,0.85,10,-1,-1
156,271,259.70,135.57,13.27,17.55,0.64,10,-1,-1
156,244,894.72,418.30,45.19,45.36,0.62,10,-1,-1
157,1,15.99,192.61,63.13,27.52,0.74,4,-1,-1
157,4,79.34,174.98,48.57,25.29,0.92,4,-1,-1
157,8,139.32,176.55,33.92,23.53,0.99,4,-1,-1
157,16,249.87,176.08,28.55,26.91,0.98,4,-1,-1
157,17,255.95,163.75,25.99,22.58,0.95,4,-1,-1
157,22,289.68,171.43,27.39,25.92,0.90,4,-1,-1
157,26,331.68,419.42,73.14,95.25,1.00,4,-1,-1
157,27,379.84,168.58,29.14,23.14,0.97,4,-1,-1
157,35,417.74,177.34,20.10,21.99,0.81,4,-1,-1
157,44,406.47,193.06,48.54,24.95,0.98,4,-1,-1
157,45,457.51,314.49,39.13,46.46,0.93,7,-1,-1
157,53,176.45,399.59,98.79,109.99,1.00,4,-1,-1
157,56,540.16,299.98,19.15,31.97,0.99,10,-1,-1
157,60,413.69,223.03,75.30,32.81,0.99,4,-1,-1
157,66,428.74,425.17,81.39,101.66,1.00,4,-1,-1
157,78,445.50,239.81,81.87,31.12,0.99,4,-1,-1
157,129,408.70,253.79,57.94,31.29,0.95,7,-1,-1
157,186,226.06,228.58,80.39,33.61,0.98,4,-1,-1
157,191,363.04,138.36,19.30,20.29,0.98,4,-1,-1
157,198,177.12,254.55,97.36,34.99,1.00,4,-1,-1
157,202,571.84,224.25,76.73,29.08,0.82,4,-1,-1
157,218,459.85,364.10,29.30,38.28,0.96,10,-1,-1
157,233,176.16,275.78,66.63,34.33,0.97,7,-1,-1
157,175,375.61,262.35,38.89,33.09,0.52,10,-1,-1
157,245,14.80,486.08,40.33,53.77,0.90,10,-1,-1
157,252,547.42,426.43,99.95,101.62,0.99,4,-1,-1
157,254,15.81,473.71,33.33,43.53,0.45,2,-1,-1
157,255,391.99,142.09,21.72,21.31,0.56,4,-1,-1
157,114,-1.57,246.89,30.75,25.35,0.79,10,-1,-1
157,268,109.58,296.45,42.18,26.18,0.94,10,-1,-1
157,272,456.08,341.53,36.17,59.67,0.49,10,-1,-1
157,276,0.82,281.36,71.02,42.81,0.94,4,-1,-1
157,57,548.42,267.37,35.01,25.79,0.87,8,-1,-1
157,283,117.28,284.83,21.15,32.30,0.95,2,-1,-1
157,284,492.34,186.05,38.96,27.28,0.51,5,-1,-1
157,263,169.97,212.67,28.33,22.64,0.85,10,-1,-1
157,9,215.41,205.41,24.68,21.29,0.72,10,-1,-1
157,286,675.18,218.37,71.14,32.41,0.88,4,-1,-1
157,274,802.95,457.36,24.43,52.56,0.80,1,-1,-1
157,289,222.64,184.08,16.39,24.71,0.26,10,-1,-1
157,292,608.34,298.66,15.22,29.85,0.32,1,-1,-1
157,220,568.15,274.74,15.99,31.00,0.77,10,-1,-1
157,266,348.04,257.90,24.31,30.52,0.91,10,-1,-1
157,299,542.65,294.15,15.68,30.52,0.98,2,-1,-1
157,150,502.72,332.09,60.73,59.71,0.98,4,-1,-1
157,300,107.34,238.15,39.94,24.93,0.93,10,-1,-1
157,301,143.78,219.08,21.27,29.86,0.82,10,-1,-1
157,302,543.72,196.13,43.26,27.69,0.86,5,-1,-1
157,153,507.13,220.81,47.63,28.40,0.79,7,-1,-1
157,130,300.86,250.89,25.25,33.76,0.82,10,-1,-1
157,304,380.32,125.80,19.29,17.78,0.51,4,-1,-1
157,271,259.71,136.31,12.84,17.12,0.65,10,-1,-1
157,244,896.19,419.52,43.87,43.59,0.57,10,-1,-1
157,306,159.11,219.83,21.40,28.02,0.64,10,-1,-1
157,307,485.16,208.07,38.57,24.71,0.88,7,-1,-1
157,303,564.37,234.42,14.52,21.37,0.55,2,-1,-1
158,1,16.53,192.62,62.75,27.43,0.69,4,-1,-1
158,4,79.05,174.97,48.75,25.32,0.93,4,-1,-1
158,8,139.37,176.70,33.97,23.51,0.99,4,-1,-1
158,16,249.90,176.17,28.99,26.84,0.97,4,-1,-1
158,17,256.05,163.91,25.93,22.38,0.94,4,-1,-1
158,22,289.49,171.72,27.80,25.92,0.93,4,-1,-1
158,26,332.00,419.72,72.98,95.25,1.00,4,-1,-1
158,27,380.29,168.65,29.08,22.61,0.98,4,-1,-1
158,35,417.97,177.27,19.88,21.76,0.45,4,-1,-1
158,44,405.20,192.57,48.68,25.41,0.99,4,-1,-1
158,45,457.12,315.05,39.52,47.54,0.87,7,-1,-1
158,53,172.69,404.44,100.01,112.79,1.00,4,-1,-1
158,56,540.76,299.87,18.85,31.92,0.99,10,-1,-1
158,60,410.99,223.28,76.97,34.45,0.98,4,-1,-1
158,66,429.02,425.26,80.99,101.85,1.00,4,-1,-1
158,78,446.91,239.99,82.39,30.85,0.99,4,-1,-1
158,129,411.67,254.56,58.60,30.82,0.86,7,-1,-1
158,186,229.07,228.70,78.71,33.72,0.63,4,-1,-1
158,191,362.94,138.18,19.26,20.47,0.97,4,-1,-1
158,198,180.46,254.57,95.90,34.75,1.00,4,-1,-1
158,202,570.59,224.31,75.73,29.17,0.96,4,-1,-1
158,218,458.00,363.61,29.00,37.18,0.92,10,-1,-1
158,233,179.39,274.74,66.28,35.11,0.80,7,-1,-1
158,175,379.86,260.20,39.13,35.24,0.60,10,-1,-1
158,245,13.69,492.32,39.18,48.73,0.78,10,-1,-1
158,252,547.00,425.02,99.46,101.31,0.99,4,-1,-1
158,254,12.02,481.49,34.39,43.96,0.56,2,-1,-1
158,255,391.91,142.42,22.10,20.89,0.73,4,-1,-1
158,114,-1.03,247.18,26.60,25.32,0.58,10,-1,-1
158,268,114.86,296.03,41.75,25.99,0.96,10,-1,-1
158,272,454.69,339.90,35.81,60.36,0.58,2,-1,-1
158,276,0.87,281.55,73.46,43.56,0.91,4,-1,-1
158,57,544.70,266.67,35.75,26.88,0.91,8,-1,-1
158,283,122.59,284.71,20.83,32.28,0.89,2,-1,-1
158,284,492.22,185.99,39.14,27.79,0.44,5,-1,-1
158,263,173.43,213.50,27.89,21.68,0.95,10,-1,-1
158,9,216.28,206.11,26.51,21.07,0.39,10,-1,-1
158,286,672.86,218.72,70.37,31.14,0.94,4,-1,-1
158,274,803.36,457.51,24.26,52.99,0.57,1,-1,-1
158,289,222.84,184.86,15.92,24.34,0.28,10,-1,-1
158,292,610.12,299.78,15.51,31.58,0.44,1,-1,-1
158,220,568.37,274.06,16.16,31.45,0.85,10,-1,-1
158,266,350.77,257.87,23.79,30.14,0.75,10,-1,-1
158,299,543.46,293.54,15.25,29.76,0.99,2,-1,-1
158,150,502.68,332.26,60.81,59.30,0.98,4,-1,-1
158,300,103.07,238.26,40.58,25.24,0.92,10,-1,-1
158,301,144.03,219.19,21.22,30.55,0.87,10,-1,-1
158,302,543.68,195.73,42.97,28.68,0.44,5,-1,-1
158,153,505.39,221.45,48.73,27.81,0.28,7,-1,-1
158,130,301.65,250.96,24.22,34.64,0.84,10,-1,-1
158,304,380.59,126.01,19.28,17.43,0.70,4,-1,-1
158,271,259.44,136.46,12.90,17.57,0.73,10,-1,-1
158,244,895.46,419.59,45.05,43.79,0.84,10,-1,-1
158,306,159.64,220.32,20.67,28.02,0.67,10,-1,-1
158,307,483.75,208.23,36.64,24.23,0.64,7,-1,-1
158,303,560.86,234.50,15.35,22.64,0.43,2,-1,-1
158,308,98.09,206.27,19.89,24.11,0.66,10,-1,-1
158,309,546.93,242.28,30.74,25.31,0.83,7,-1,-1
158,310,581.89,252.52,28.93,23.81,0.87,10,-1,-1
158,311,696.70,430.92,31.34,36.16,0.71,10,-1,-1
158,312,803.37,458.34,24.11,51.23,0.94,1,-1,-1
158,282,568.61,273.40,16.20,31.82,0.92,2,-1,-1
158,248,124.27,201.06,20.06,24.12,0.89,10,-1,-1
158,257,868.45,398.87,26.39,55.18,0.66,1,-1,-1
158,43,225.03,229.24,80.88,33.56,0.73,4,-1,-1
159,1,16.82,192.62,62.28,27.59,0.54,4,-1,-1
159,4,78.90,175.17,48.82,25.33,0.93,4,-1,-1
159,8,139.45,176.76,34.19,23.51,0.99,4,-1,-1
159,16,249.97,176.10,29.16,27.02,0.97,4,-1,-1
159,17,256.16,163.97,25.71,22.10,0.92,4,-1,-1
159,22,289.49,172.13,27.85,25.52,0.92,4,-1,-1
159,26,331.90,420.04,73.33,95.25,1.00,4,-1,-1
159,27,380.42,168.58,29.44,22.61,0.99,4,-1,-1
159,35,418.02,177.44,19.41,21.07,0.76,4,-1,-1
159,44,404.34,192.59,47.94,25.19,0.99,4,-1,-1
159,45,457.16,316.24,39.28,49.14,0.92,7,-1,-1
159,53,169.37,410.10,100.46,114.60,1.00,4,-1,-1
159,56,541.57,299.13,18.33,32.01,0.99,10,-1,-1
159,60,408.27,223.47,74.45,34.68,0.99,4,-1,-1
159,66,429.12,425.69,80.84,101.52,1.00,4,-1,-1
159,78,448.55,240.05,82.98,30.95,0.99,4,-1,-1
159,129,415.45,255.13,57.66,30.26,0.88,7,-1,-1
159,186,232.37,228.76,79.51,33.17,0.87,4,-1,-1
159,191,363.08,138.15,18.85,20.19,0.96,4,-1,-1
159,198,182.58,254.59,95.36,34.67,1.00,4,-1,-1
159,202,569.40,224.52,74.14,29.21,0.97,4,-1,-1
159,218,456.97,363.70,27.69,35.56,0.95,10,-1,-1
159,233,182.54,274.26,66.37,35.51,0.60,7,-1,-1
159,175,382.92,259.49,39.62,36.06,0.38,10,-1,-1
159,245,10.05,500.15,39.06,41.04,0.68,10,-1,-1
159,252,546.26,423.56,99.10,100.37,1.00,4,-1,-1
159,254,7.64,489.79,35.84,44.11,0.62,2,-1,-1
159,255,392.05,142.64,21.85,20.43,0.67,4,-1,-1
159,114,-0.78,245.89,22.58,27.11,0.48,10,-1,-1
159,268,120.02,295.79,41.47,26.22,0.98,10,-1,-1
159,272,453.44,338.58,33.69,59.43,0.36,2,-1,-1
159,276,0.93,281.93,75.66,43.94,0.93,4,-1,-1
159,57,540.24,266.57,36.82,27.88,0.92,8,-1,-1
159,283,127.39,284.69,20.71,32.67,0.85,2,-1,-1
159,284,491.95,185.96,40.00,27.79,0.68,5,-1,-1
159,263,175.94,213.30,28.49,21.76,0.92,10,-1,-1
159,286,671.25,218.84,69.28,31.47,0.95,4,-1,-1
159,274,803.91,458.15,24.98,53.93,0.62,1,-1,-1
159,289,222.29,185.74,16.16,23.39,0.14,10,-1,-1
159,292,612.09,300.87,15.83,33.51,0.42,1,-1,-1
159,220,568.06,273.42,16.23,32.01,0.96,10,-1,-1
159,266,351.87,258.87,27.20,29.19,0.78,10,-1,-1
159,299,543.92,293.54,15.10,29.90,0.98,2,-1,-1
159,150,502.65,332.33,60.85,59.15,0.98,4,-1,-1
159,300,98.82,239.14,40.16,25.14,0.92,10,-1,-1
159,301,144.12,219.13,20.74,30.57,0.92,10,-1,-1
159,302,543.43,195.58,42.44,30.04,0.36,5,-1,-1
159,153,504.97,221.89,49.15,27.98,0.54,7,-1,-1
159,130,302.68,251.08,24.31,35.17,0.65,10,-1,-1
159,304,380.63,126.07,18.35,17.32,0.56,4,-1,-1
159,271,259.02,136.46,12.92,17.73,0.79,10,-1,-1
159,244,895.60,419.00,45.48,45.06,0.87,10,-1,-1
159,306,159.73,220.43,20.29,27.56,0.70,10,-1,-1
159,307,481.82,208.26,36.74,24.14,0.88,7,-1,-1
159,303,548.69,237.25,25.22,21.74,0.71,7,-1,-1
159,308,97.88,205.92,20.13,24.59,0.57,10,-1,-1
159,309,549.61,247.25,31.22,20.97,0.79,10,-1,-1
159,310,585.29,252.43,28.45,24.05,0.58,10,-1,-1
159,312,803.39,458.38,25.07,53.16,0.80,1,-1,-1
159,248,124.56,200.60,20.48,24.49,0.52,10,-1,-1
159,257,866.60,396.34,26.49,56.56,0.89,1,-1,-1
159,43,227.89,228.76,81.03,33.66,0.52,10,-1,-1
159,313,550.55,247.10,30.13,21.09,0.63,7,-1,-1
159,168,648.49,257.37,51.79,43.09,0.51,4,-1,-1
160,1,16.12,192.33,63.04,28.06,0.65,4,-1,-1
160,4,78.97,175.06,49.04,25.73,0.94,4,-1,-1
160,8,139.70,176.89,33.98,23.50,0.99,4,-1,-1
160,16,250.12,175.88,29.22,27.28,0.97,4,-1,-1
160,17,256.42,163.99,25.83,22.60,0.94,4,-1,-1
160,22,289.81,172.18,27.38,25.37,0.96,4,-1,-1
160,26,332.09,420.15,73.06,95.64,1.00,4,-1,-1
160,27,380.68,168.56,29.97,22.61,0.99,4,-1,-1
160,35,418.26,177.60,19.24,20.42,0.75,4,-1,-1
160,44,403.48,192.61,46.86,24.90,0.99,4,-1,-1
160,45,457.00,316.48,39.19,48.96,0.93,7,-1,-1
160,53,165.59,415.87,102.38,116.78,1.00,4,-1,-1
160,56,542.09,299.25,18.14,31.64,0.97,10,-1,-1
160,60,404.18,223.73,77.86,34.76,1.00,4,-1,-1
160,66,428.58,426.05,81.58,101.78,1.00,4,-1,-1
160,78,451.30,240.17,81.62,30.99,0.99,4,-1,-1
160,129,420.19,255.43,55.70,29.65,0.93,7,-1,-1
160,186,234.92,228.70,80.42,32.75,0.96,4,-1,-1
160,191,363.15,138.10,18.70,20.03,0.96,4,-1,-1
160,198,185.41,254.51,94.57,34.23,0.99,4,-1,-1
160,202,568.06,224.88,74.14,29.02,0.99,4,-1,-1
160,218,455.29,360.92,27.21,37.04,0.95,10,-1,-1
160,233,185.21,274.28,66.01,35.46,0.85,7,-1,-1
160,175,385.96,259.02,40.58,36.77,0.19,10,-1,-1
160,245,5.66,507.30,40.09,33.53,0.53,10,-1,-1
160,252,545.45,422.27,98.39,99.58,1.00,4,-1,-1
160,254,4.23,497.50,36.71,41.39,0.25,2,-1,-1
160,255,392.12,142.62,21.76,20.56,0.57,4,-1,-1
160,114,-0.54,245.23,18.76,28.15,0.88,10,-1,-1
160,268,124.99,295.32,41.35,26.71,0.94,10,-1,-1
160,272,455.48,347.27,26.47,44.65,0.66,2,-1,-1
160,276,0.68,282.38,79.38,43.77,0.95,4,-1,-1
160,57,536.32,267.85,34.88,27.29,0.93,8,-1,-1
160,283,132.31,284.80,21.17,32.51,0.83,2,-1,-1
160,284,491.88,186.15,40.32,27.38,0.65,5,-1,-1
160,263,179.20,212.84,28.51,22.21,0.82,10,-1,-1
160,286,669.14,219.27,67.25,30.99,0.97,4,-1,-1
160,289,221.91,186.05,16.64,23.85,0.14,10,-1,-1
160,220,567.98,272.88,16.26,31.63,0.94,10,-1,-1
160,266,355.16,259.25,28.04,28.41,0.84,10,-1,-1
160,299,544.72,293.55,14.64,29.54,0.92,2,-1,-1
160,150,502.67,332.15,60.86,59.49,0.98,4,-1,-1
160,300,94.85,239.25,40.09,25.50,0.96,10,-1,-1
160,301,143.84,219.53,21.05,30.56,0.91,10,-1,-1
160,302,543.16,196.14,43.09,29.92,0.54,7,-1,-1
160,153,508.08,222.85,48.52,26.65,0.17,7,-1,-1
160,130,304.05,251.61,25.60,35.17,0.50,10,-1,-1
160,304,380.65,125.90,18.06,17.63,0.32,4,-1,-1
160,271,258.99,136.75,12.53,17.64,0.88,10,-1,-1
160,244,896.47,420.14,44.86,43.96,0.58,10,-1,-1
160,306,160.00,220.69,20.17,27.88,0.86,10,-1,-1
160,307,481.20,207.78,38.18,24.57,0.87,7,-1,-1
160,303,543.35,238.56,30.22,22.27,0.28,2,-1,-1
160,308,98.79,206.10,18.79,24.22,0.57,10,-1,-1
160,309,545.99,244.33,34.55,22.30,0.19,7,-1,-1
160,310,588.54,252.65,28.82,23.86,0.20,10,-1,-1
160,248,125.27,201.26,20.23,23.20,0.79,10,-1,-1
160,257,865.60,397.23,25.73,54.65,0.75,1,-1,-1
160,43,230.48,228.60,81.86,33.69,0.16,10,-1,-1
160,168,649.37,258.12,50.23,42.47,0.35,4,-1,-1
160,169,322.77,261.17,42.52,36.79,0.77,8,-1,-1
161,1,16.71,192.06,62.78,28.24,0.78,4,-1,-1
161,4,78.62,174.85,49.52,26.07,0.95,4,-1,-1
161,8,139.86,176.88,33.84,23.70,0.99,4,-1,-1
161,16,250.09,176.04,29.24,27.19,0.97,4,-1,-1
161,17,256.52,164.25,25.87,22.40,0.94,4,-1,-1
161,22,289.94,172.24,27.39,25.51,0.92,4,-1,-1
161,26,332.15,420.53,73.35,95.79,1.00,4,-1,-1
161,27,381.76,168.32,29.37,22.61,0.99,4,-1,-1
161,35,418.55,177.62,19.19,20.18,0.57,4,-1,-1
161,44,402.20,192.38,46.87,24.79,0.98,4,-1,-1
161,45,457.33,316.32,39.55,49.28,0.97,7,-1,-1
161,53,161.90,421.40,103.47,116.79,1.00,4,-1,-1
161,56,542.25,299.88,18.47,30.90,0.97,10,-1,-1
161,60,400.98,224.18,76.75,34.59,0.99,4,-1,-1
161,66,428.96,426.32,81.45,101.48,0.99,4,-1,-1
161,78,455.26,240.57,79.48,30.41,0.99,4,-1,-1
161,129,424.25,254.68,54.57,30.06,0.51,7,-1,-1
161,186,236.78,228.23,81.97,32.60,0.96,4,-1,-1
161,191,363.58,138.00,18.24,19.93,0.95,4,-1,-1
161,198,187.77,254.53,94.28,34.28,1.00,4,-1,-1
161,202,567.22,224.98,72.93,28.95,0.98,4,-1,-1
161,218,453.93,358.52,26.64,38.36,0.95,10,-1,-1
161,233,189.28,274.84,64.89,34.64,0.82,7,-1,-1
161,175,389.76,258.61,40.16,37.23,0.21,10,-1,-1
161,245,2.38,515.92,40.17,24.41,0.15,10,-1,-1
161,252,545.17,420.82,97.32,99.25,1.00,4,-1,-1
161,254,1.00,505.93,37.49,35.03,0.30,2,-1,-1
161,255,392.15,142.82,21.72,20.55,0.81,4,-1,-1
161,114,-0.28,242.07,15.86,30.89,0.68,10,-1,-1
161,268,129.87,295.28,41.09,26.50,0.97,10,-1,-1
161,272,455.05,346.27,24.36,43.38,0.77,2,-1,-1
161,276,0.66,282.57,83.04,44.40,0.93,4,-1,-1
161,57,531.77,269.09,34.10,27.44,0.96,8,-1,-1
161,283,137.36,284.68,20.49,32.55,0.74,2,-1,-1
161,284,492.05,186.59,40.43,27.22,0.74,5,-1,-1
161,263,181.86,212.51,28.70,22.18,0.49,10,-1,-1
161,286,668.03,219.30,67.31,31.01,0.98,4,-1,-1
161,220,567.75,272.35,16.27,30.08,0.94,10,-1,-1
161,266,358.32,259.26,28.36,28.13,0.87,10,-1,-1
161,299,544.97,293.43,15.30,29.10,0.95,2,-1,-1
161,150,502.87,332.45,60.86,59.22,0.98,4,-1,-1
161,300,90.91,239.82,39.94,25.63,0.96,10,-1,-1
161,301,143.80,219.62,21.01,30.54,0.90,10,-1,-1
161,302,543.67,195.93,42.09,29.83,0.70,5,-1,-1
161,153,514.52,223.99,45.88,25.53,0.59,7,-1,-1
161,130,304.92,252.54,27.27,35.18,0.25,10,-1,-1
161,304,380.43,125.87,18.43,17.74,0.26,4,-1,-1
161,271,258.29,136.66,12.99,18.25,0.86,10,-1,-1
161,244,895.96,420.36,46.22,43.54,0.70,10,-1,-1
161,306,160.53,221.52,19.69,27.99,0.82,10,-1,-1
161,307,481.27,207.61,35.96,24.27,0.71,7,-1,-1
161,308,99.07,206.69,18.58,23.39,0.84,10,-1,-1
161,309,550.70,245.55,33.48,21.75,0.25,7,-1,-1
161,310,592.86,252.10,28.01,23.80,0.53,10,-1,-1
161,248,126.62,200.56,19.23,23.53,0.69,10,-1,-1
161,168,650.06,258.75,48.07,42.27,0.32,4,-1,-1
161,169,326.29,261.13,44.33,36.23,0.72,8,-1,-1
161,314,165.13,246.65,31.04,31.64,0.77,10,-1,-1
161,315,543.31,196.77,42.19,28.63,0.85,7,-1,-1
161,316,805.78,458.64,24.11,54.84,0.76,2,-1,-1
161,274,806.06,459.16,23.41,53.34,0.84,1,-1,-1
162,1,16.68,192.59,62.56,27.90,0.78,4,-1,-1
162,4,79.06,175.11,48.90,25.81,0.95,4,-1,-1
162,8,140.00,177.31,33.59,23.18,0.99,4,-1,-1
162,16,250.06,176.53,29.25,26.95,0.98,4,-1,-1
162,17,256.34,164.28,26.09,22.12,0.94,4,-1,-1
162,22,290.16,172.59,27.20,25.37,0.89,4,-1,-1
162,26,332.36,420.50,73.47,96.24,1.00,4,-1,-1
162,27,381.74,168.16,30.33,22.80,0.99,4,-1,-1
162,35,418.43,177.86,19.18,20.11,0.59,4,-1,-1
162,44,400.94,192.23,47.28,24.74,0.99,4,-1,-1
162,45,457.44,316.47,39.70,48.21,0.96,7,-1,-1
162,53,158.05,427.54,104.86,113.58,1.00,4,-1,-1
162,56,542.50,299.93,19.00,30.83,0.96,10,-1,-1
162,60,398.07,224.37,75.50,34.51,0.99,4,-1,-1
162,66,429.10,426.64,81.01,101.36,1.00,4,-1,-1
162,78,458.06,241.05,78.27,29.79,0.99,4,-1,-1
162,129,426.81,253.52,54.99,31.42,0.61,7,-1,-1
162,186,238.07,228.00,82.85,32.34,0.98,4,-1,-1
162,191,363.52,137.99,18.49,19.79,0.95,4,-1,-1
162,198,189.84,254.28,93.99,34.50,1.00,4,-1,-1
162,202,563.97,225.13,75.09,29.12,0.98,4,-1,-1
162,218,452.48,358.66,26.04,36.50,0.79,10,-1,-1
162,233,192.06,275.00,64.88,34.43,0.59,7,-1,-1
162,175,393.44,261.83,39.98,34.45,0.38,10,-1,-1
162,245,0.16,518.31,35.44,21.99,0.20,2,-1,-1
162,252,544.49,419.76,96.75,98.31,1.00,4,-1,-1
162,255,392.34,142.82,21.30,20.55,0.87,4,-1,-1
162,114,-0.13,244.98,12.40,28.33,0.59,10,-1,-1
162,268,134.79,295.82,40.69,25.71,0.94,10,-1,-1
162,272,451.77,341.65,25.80,46.70,0.53,2,-1,-1
162,276,0.52,282.99,86.67,44.52,0.97,4,-1,-1
162,57,527.40,271.52,33.82,26.70,0.95,8,-1,-1
162,283,142.08,284.59,19.98,32.66,0.69,2,-1,-1
162,284,492.29,186.77,40.86,26.96,0.58,5,-1,-1
162,263,185.15,212.83,27.78,21.58,0.71,10,-1,-1
162,286,665.66,219.52,69.76,31.02,0.98,4,-1,-1
162,220,567.26,271.98,16.67,29.69,0.94,10,-1,-1
162,266,361.40,258.98,28.09,28.43,0.83,10,-1,-1
162,299,544.84,293.11,15.94,30.27,0.93,2,-1,-1
162,150,502.94,332.39,60.87,59.11,0.97,4,-1,-1
162,300,86.71,240.17,40.60,25.87,0.96,10,-1,-1
162,301,143.97,219.89,20.91,30.12,0.87,10,-1,-1
162,302,543.86,195.97,41.30,30.18,0.25,5,-1,-1
162,153,516.60,225.34,45.70,24.51,0.13,7,-1,-1
162,130,305.59,252.50,27.91,36.19,0.60,10,-1,-1
162,304,380.77,125.89,18.14,17.24,0.67,4,-1,-1
162,271,257.92,137.63,12.97,17.40,0.81,10,-1,-1
162,244,896.16,421.24,45.95,42.59,0.39,10,-1,-1
162,306,160.90,221.70,19.55,28.02,0.77,10,-1,-1
162,307,483.13,208.89,35.59,23.06,0.44,7,-1,-1
162,308,99.34,207.02,18.44,22.68,0.89,10,-1,-1
162,309,553.24,244.82,35.18,22.90,0.23,7,-1,-1
162,310,597.07,251.37,27.05,23.78,0.21,10,-1,-1
162,248,127.38,200.55,18.65,23.05,0.64,10,-1,-1
162,169,329.06,260.84,45.66,36.47,0.64,8,-1,-1
162,314,159.52,246.78,31.52,32.12,0.62,10,-1,-1
162,274,807.31,459.78,23.00,52.28,0.80,1,-1,-1
162,317,-0.15,238.66,21.55,25.92,0.62,10,-1,-1
162,318,0.24,335.09,15.44,36.76,0.79,10,-1,-1
162,9,227.14,204.63,25.24,22.41,0.64,10,-1,-1
163,1,17.60,192.72,61.92,27.77,0.67,4,-1,-1
163,4,79.06,175.53,48.86,25.50,0.97,4,-1,-1
163,8,139.92,177.38,33.29,23.18,0.99,4,-1,-1
163,16,250.12,176.62,29.25,26.86,0.97,4,-1,-1
163,17,256.54,164.40,25.98,21.81,0.90,4,-1,-1
163,22,290.13,172.72,27.23,25.32,0.83,4,-1,-1
163,26,332.23,420.89,73.52,96.00,1.00,4,-1,-1
163,27,382.10,168.12,30.68,22.68,0.99,4,-1,-1
163,44,399.89,191.89,46.65,24.72,0.98,4,-1,-1
163,45,457.47,316.12,39.75,48.60,0.93,7,-1,-1
163,53,153.63,433.71,106.74,108.27,0.99,4,-1,-1
163,56,542.76,298.35,19.20,32.02,0.97,10,-1,-1
163,60,394.88,224.63,75.82,35.26,0.99,4,-1,-1
163,66,429.34,426.97,80.85,100.91,1.00,4,-1,-1
163,78,460.41,240.92,78.64,29.96,0.99,4,-1,-1
163,129,429.83,253.29,55.16,31.53,0.29,7,-1,-1
163,186,239.92,227.83,82.50,32.65,0.89,4,-1,-1
163,191,363.28,137.79,18.98,20.14,0.97,4,-1,-1
163,198,192.10,254.30,93.69,34.38,1.00,4,-1,-1
163,202,560.23,225.18,77.27,29.39,0.97,4,-1,-1
163,218,451.20,353.34,25.43,40.24,0.63,10,-1,-1
163,233,195.55,275.08,64.30,34.15,0.74,7,-1,-1
163,175,397.08,267.09,39.11,29.68,0.30,10,-1,-1
163,252,543.86,418.23,96.16,98.34,1.00,4,-1,-1
163,255,392.38,142.97,21.15,20.60,0.89,4,-1,-1
163,268,140.02,296.06,40.13,25.42,0.97,10,-1,-1
163,272,449.66,338.86,27.89,52.57,0.89,2,-1,-1
163,276,0.40,283.36,90.00,44.76,0.98,4,-1,-1
163,57,523.29,273.32,33.72,26.21,0.96,8,-1,-1
163,283,146.63,284.78,20.09,32.90,0.72,2,-1,-1
163,284,492.77,186.74,40.63,27.66,0.45,5,-1,-1
163,263,188.28,211.86,27.21,21.97,0.91,10,-1,-1
163,286,662.84,219.79,72.25,31.22,0.99,4,-1,-1
163,220,567.47,271.46,16.03,29.95,0.94,10,-1,-1
163,266,364.24,258.89,27.97,28.74,0.81,10,-1,-1
163,299,545.16,292.70,16.19,31.40,0.84,2,-1,-1
163,150,502.95,332.37,60.87,59.07,0.97,4,-1,-1
163,300,82.47,240.20,40.83,26.56,0.97,10,-1,-1
163,301,144.01,219.49,20.89,30.36,0.91,10,-1,-1
163,302,544.11,196.69,41.02,30.29,0.71,5,-1,-1
163,153,515.53,225.21,45.25,25.57,0.21,7,-1,-1
163,130,306.77,253.47,27.38,36.17,0.64,10,-1,-1
163,304,380.45,125.90,18.46,17.17,0.66,4,-1,-1
163,271,257.67,138.46,12.56,16.90,0.83,10,-1,-1
163,244,896.63,422.15,45.84,42.23,0.55,10,-1,-1
163,306,160.99,221.87,19.51,27.82,0.89,10,-1,-1
163,307,482.88,208.69,37.64,24.39,0.65,7,-1,-1
163,308,99.12,207.23,18.97,22.49,0.82,10,-1,-1
163,248,128.12,200.88,18.33,21.87,0.79,10,-1,-1
163,169,332.75,260.94,45.77,36.36,0.51,8,-1,-1
163,314,153.19,247.51,31.90,31.98,0.84,10,-1,-1
163,274,808.14,459.98,22.87,52.72,0.84,1,-1,-1
163,317,-0.04,239.89,25.34,23.26,0.59,10,-1,-1
163,318,0.15,336.31,18.31,35.80,0.88,10,-1,-1
163,9,229.62,203.36,25.25,23.00,0.86,10,-1,-1
164,1,17.43,192.70,62.07,27.93,0.81,4,-1,-1
164,4,78.78,175.12,49.25,25.99,0.98,4,-1,-1
164,8,140.22,177.56,33.14,22.79,0.99,4,-1,-1
164,16,250.23,176.61,29.25,26.83,0.97,4,-1,-1
164,17,256.70,164.29,25.94,21.71,0.92,4,-1,-1
164,22,290.29,172.72,27.05,25.50,0.96,4,-1,-1
164,26,332.35,421.61,73.53,95.53,1.00,4,-1,-1
164,27,382.62,168.07,30.80,22.43,0.99,4,-1,-1
164,44,398.74,191.54,46.42,24.52,0.99,4,-1,-1
164,45,457.47,316.37,39.77,48.75,0.92,7,-1,-1
164,53,150.15,440.04,107.43,101.78,0.99,4,-1,-1
164,56,543.45,298.84,18.88,31.18,0.99,10,-1,-1
164,60,392.39,224.89,75.54,35.35,0.98,4,-1,-1
164,66,429.21,427.27,81.18,101.15,1.00,4,-1,-1
164,78,464.20,241.05,76.39,29.84,0.99,4,-1,-1
164,129,432.44,252.67,54.44,31.78,0.37,7,-1,-1
164,186,243.49,227.73,81.17,31.78,0.80,4,-1,-1
164,191,363.38,137.68,18.77,20.47,0.92,4,-1,-1
164,198,194.43,254.37,93.20,34.15,1.00,4,-1,-1
164,202,558.29,225.47,77.90,29.30,0.97,4,-1,-1
164,218,449.98,353.56,25.22,38.86,0.71,10,-1,-1
164,233,198.50,275.17,63.89,33.96,0.74,7,-1,-1
164,175,400.90,270.07,38.78,26.64,0.36,10,-1,-1
164,252,543.25,416.92,95.96,97.96,1.00,4,-1,-1
164,255,392.60,143.33,21.09,20.18,0.93,4,-1,-1
164,268,145.16,296.01,39.71,25.42,0.98,10,-1,-1
164,272,448.72,337.42,27.11,52.55,0.57,2,-1,-1
164,276,0.27,283.73,93.50,44.95,0.99,4,-1,-1
164,57,518.90,275.54,33.29,25.03,0.98,8,-1,-1
164,283,151.61,284.71,19.74,32.50,0.82,2,-1,-1
164,284,492.75,186.21,40.13,28.52,0.45,5,-1,-1
164,263,190.94,211.36,27.39,22.12,0.79,10,-1,-1
164,286,661.06,219.97,74.77,31.50,0.99,4,-1,-1
164,220,567.58,271.16,15.38,31.25,0.96,1,-1,-1
164,266,367.98,258.33,27.12,29.66,0.84,10,-1,-1
164,299,545.27,292.15,16.28,30.24,0.92,2,-1,-1
164,150,503.15,332.15,60.47,59.07,0.98,4,-1,-1
164,300,78.39,240.15,40.71,27.01,0.96,10,-1,-1
164,301,144.09,219.40,21.31,30.45,0.92,10,-1,-1
164,302,544.22,196.84,41.33,30.52,0.52,5,-1,-1
164,130,307.85,254.98,26.48,35.57,0.71,10,-1,-1
164,304,380.13,125.91,19.00,17.36,0.71,4,-1,-1
164,271,257.17,138.96,12.40,16.37,0.80,10,-1,-1
164,244,896.83,422.90,45.80,42.12,0.67,10,-1,-1
164,306,160.89,221.66,19.72,27.75,0.91,10,-1,-1
164,307,483.82,209.72,37.12,24.22,0.63,7,-1,-1
164,308,99.38,207.24,18.63,22.67,0.91,10,-1,-1
164,248,129.14,199.63,17.72,22.47,0.77,10,-1,-1
164,169,335.60,261.35,44.62,37.55,0.84,8,-1,-1
164,314,145.53,247.95,32.84,32.17,0.90,10,-1,-1
164,274,808.02,460.66,22.83,50.90,0.90,1,-1,-1
164,317,0.15,239.26,29.53,22.98,0.78,10,-1,-1
164,318,0.14,338.86,21.45,35.14,0.82,10,-1,-1
164,9,232.03,202.47,24.65,23.60,0.66,10,-1,-1
164,319,529.15,265.93,15.67,23.50,0.91,2,-1,-1
164,320,567.72,271.51,15.07,31.34,0.96,2,-1,-1
164,31,379.46,176.80,16.87,23.46,0.81,10,-1,-1
164,43,242.49,228.06,80.08,32.68,0.79,10,-1,-1
165,1,17.69,193.56,62.00,27.39,0.62,4,-1,-1
165,4,78.87,175.04,49.38,26.36,0.98,4,-1,-1
165,8,140.36,177.88,32.87,22.63,0.99,4,-1,-1
165,16,250.29,176.65,29.25,27.01,0.96,4,-1,-1
165,17,256.78,164.50,25.92,21.86,0.96,4,-1,-1
165,22,290.67,173.07,26.68,25.37,0.96,4,-1,-1
165,26,332.42,421.88,73.53,95.72,1.00,4,-1,-1
165,27,383.99,168.00,30.05,22.34,0.99,4,-1,-1
165,44,397.74,191.35,45.93,24.44,0.97,4,-1,-1
165,45,457.47,316.66,40.18,48.80,0.97,7,-1,-1
165,53,146.35,446.05,109.03,95.23,0.99,4,-1,-1
165,56,543.88,298.55,19.15,30.95,0.96,10,-1,-1
165,60,388.97,225.32,76.62,35.95,0.97,4,-1,-1
165,66,429.37,427.57,81.30,100.82,1.00,4,-1,-1
165,78,467.74,241.22,74.73,29.79,0.99,4,-1,-1
165,129,434.48,252.07,55.38,32.07,0.76,7,-1,-1
165,186,247.46,227.95,79.56,32.24,0.94,4,-1,-1
165,191,363.62,137.79,18.29,20.19,0.94,4,-1,-1
165,198,196.44,254.64,93.22,34.05,1.00,4,-1,-1
165,202,556.62,225.79,77.93,29.45,0.98,4,-1,-1
165,218,448.59,350.99,25.16,40.67,0.89,10,-1,-1
165,233,201.11,275.04,63.95,34.48,0.84,7,-1,-1
165,175,404.40,270.74,39.05,26.08,0.33,10,-1,-1
165,252,542.44,415.28,95.70,97.78,1.00,4,-1,-1
165,255,392.27,143.41,21.47,20.11,0.92,4,-1,-1
165,268,149.59,296.73,39.80,24.91,0.97,10,-1,-1
165,272,447.27,337.16,26.77,50.49,0.19,2,-1,-1
165,276,0.13,284.52,96.92,44.80,0.99,4,-1,-1
165,57,514.79,276.14,33.94,25.79,0.99,8,-1,-1
165,283,156.42,284.53,19.81,33.53,0.54,2,-1,-1
165,284,493.13,186.33,39.53,28.84,0.53,5,-1,-1
165,263,194.17,209.94,26.26,22.98,0.75,10,-1,-1
165,286,660.01,220.14,74.94,32.00,0.95,4,-1,-1
165,220,566.99,271.07,15.95,31.73,0.95,1,-1,-1
165,266,371.09,258.06,27.18,30.00,0.89,10,-1,-1
165,299,545.88,291.85,15.91,29.67,0.76,2,-1,-1
165,150,503.02,332.28,60.32,58.65,0.99,4,-1,-1
165,300,74.27,240.67,40.65,27.17,0.97,10,-1,-1
165,301,144.26,219.61,21.36,30.47,0.93,10,-1,-1
165,302,544.23,197.13,41.45,30.59,0.33,5,-1,-1
165,130,309.13,254.77,25.63,36.14,0.78,10,-1,-1
165,304,380.01,126.07,19.19,17.12,0.85,4,-1,-1
165,271,256.61,139.44,12.75,16.42,0.90,10,-1,-1
165,244,898.42,423.94,44.20,41.68,0.40,10,-1,-1
165,306,161.29,221.21,18.77,27.51,0.96,10,-1,-1
165,307,478.38,207.76,36.49,24.56,0.46,7,-1,-1
165,308,99.87,207.50,18.19,22.53,0.90,10,-1,-1
165,248,129.93,199.05,17.19,22.68,0.78,10,-1,-1
165,169,338.35,261.93,43.77,37.39,0.58,8,-1,-1
165,314,138.62,248.56,32.69,32.46,0.84,10,-1,-1
165,274,808.32,460.66,22.82,51.42,0.91,1,-1,-1
165,317,1.94,239.47,32.65,22.17,0.91,10,-1,-1
165,318,0.23,344.96,24.76,31.12,0.86,10,-1,-1
165,9,234.47,202.58,24.43,23.23,0.66,10,-1,-1
165,319,525.08,266.20,16.63,25.43,0.79,2,-1,-1
165,320,566.79,271.05,16.03,32.54,0.89,1,-1,-1
165,31,379.09,176.73,16.88,23.56,0.81,10,-1,-1
165,43,245.78,227.85,79.36,31.93,0.16,10,-1,-1
165,321,372.76,278.74,16.27,33.45,0.69,1,-1,-1
165,234,335.04,271.09,42.17,29.79,0.57,10,-1,-1
166,1,20.58,194.57,59.17,26.39,0.72,4,-1,-1
166,4,78.99,174.99,49.25,26.50,0.98,4,-1,-1
166,8,140.27,177.88,33.24,22.79,0.99,4,-1,-1
166,16,250.34,176.65,29.05,27.09,0.97,4,-1,-1
166,17,256.54,164.56,26.12,22.13,0.94,4,-1,-1
166,22,290.65,173.28,26.65,25.32,0.97,4,-1,-1
166,26,332.58,422.21,73.55,95.82,1.00,4,-1,-1
166,27,383.86,167.77,30.56,22.70,0.99,4,-1,-1
166,44,396.58,190.79,45.77,24.61,0.98,4,-1,-1
166,45,457.25,316.00,40.73,49.62,0.98,7,-1,-1
166,53,144.13,452.79,108.65,88.33,0.99,4,-1,-1
166,56,544.42,298.57,19.65,30.37,0.97,10,-1,-1
166,60,386.17,225.67,75.85,35.99,0.92,4,-1,-1
166,66,429.40,427.92,81.37,100.72,1.00,4,-1,-1
166,78,469.13,241.38,75.36,29.78,0.99,4,-1,-1
166,129,437.51,252.05,55.36,32.19,0.88,7,-1,-1
166,191,363.67,137.82,18.12,20.09,0.95,4,-1,-1
166,198,198.32,254.55,93.46,34.03,1.00,4,-1,-1
166,202,556.27,226.01,76.16,29.71,0.96,4,-1,-1
166,218,447.71,350.10,24.75,40.56,0.89,10,-1,-1
166,233,203.78,275.01,63.60,34.29,0.84,7,-1,-1
166,252,541.96,414.37,95.04,97.34,0.99,4,-1,-1
166,255,392.31,143.52,21.62,20.10,0.94,4,-1,-1
166,268,154.11,296.92,39.20,24.63,0.97,10,-1,-1
166,272,446.38,336.40,26.65,51.24,0.23,2,-1,-1
166,276,0.05,285.01,100.52,45.14,0.99,4,-1,-1
166,57,510.40,276.85,34.19,26.67,0.96,8,-1,-1
166,283,160.74,284.58,19.24,33.04,0.58,2,-1,-1
166,284,493.26,186.37,39.31,29.55,0.31,5,-1,-1
166,263,204.39,213.05,22.79,25.28,0.76,10,-1,-1
166,286,658.93,220.31,72.63,32.59,0.95,4,-1,-1
166,220,566.60,271.07,16.16,31.72,0.95,1,-1,-1
166,266,373.52,258.26,27.60,29.94,0.79,10,-1,-1
166,299,546.49,291.27,15.77,28.76,0.85,2,-1,-1
166,150,502.96,331.96,60.28,58.51,0.98,4,-1,-1
166,300,70.32,240.66,40.13,27.43,0.98,10,-1,-1
166,301,144.13,219.89,21.19,29.88,0.90,10,-1,-1
166,302,544.63,196.83,41.51,31.00,0.26,5,-1,-1
166,130,310.11,254.48,25.74,36.95,0.71,10,-1,-1
166,304,380.14,126.26,19.27,17.04,0.76,4,-1,-1
166,271,256.24,139.73,12.68,16.40,0.94,10,-1,-1
166,244,897.89,424.16,45.21,41.53,0.52,10,-1,-1
166,306,161.24,221.14,18.63,27.44,0.95,10,-1,-1
166,307,475.96,206.84,36.26,24.89,0.11,7,-1,-1
166,308,100.16,207.88,17.84,22.08,0.94,10,-1,-1
166,248,130.81,199.24,16.39,22.18,0.53,10,-1,-1
166,169,341.01,262.26,44.27,37.54,0.89,8,-1,-1
166,314,131.75,249.39,32.67,32.55,0.89,10,-1,-1
166,274,808.86,460.91,22.83,51.23,0.93,1,-1,-1
166,317,6.08,239.07,33.61,21.94,0.84,10,-1,-1
166,318,-0.02,347.61,29.06,29.98,0.97,10,-1,-1
166,9,236.72,202.83,24.16,22.69,0.68,10,-1,-1
166,319,521.13,267.40,16.82,26.02,0.50,2,-1,-1
166,320,566.62,270.98,16.21,32.55,0.85,1,-1,-1
166,31,378.73,176.71,16.89,23.41,0.86,10,-1,-1
166,321,374.46,279.25,16.27,33.21,0.86,1,-1,-1
166,322,0.39,331.17,15.62,37.37,0.77,2,-1,-1
166,323,387.52,225.55,74.73,37.06,0.60,5,-1,-1
167,1,21.50,194.99,58.56,26.02,0.78,4,-1,-1
167,4,79.32,175.32,48.89,26.16,0.98,4,-1,-1
167,8,140.36,177.94,33.57,23.05,0.99,4,-1,-1
167,16,250.58,176.62,29.17,27.31,0.96,4,-1,-1
167,17,256.77,164.55,26.19,22.24,0.93,4,-1,-1
167,22,290.66,173.52,26.83,25.51,0.93,4,-1,-1
167,26,332.84,422.29,73.14,96.25,1.00,4,-1,-1
167,27,384.01,167.77,31.13,22.45,0.98,4,-1,-1
167,44,395.59,190.67,45.31,24.48,0.97,4,-1,-1
167,45,457.15,315.53,40.93,50.72,0.96,7,-1,-1
167,53,141.64,459.71,108.45,80.89,0.96,4,-1,-1
167,56,545.20,298.08,19.83,30.26,0.96,10,-1,-1
167,60,383.04,225.97,76.74,36.00,0.98,4,-1,-1
167,66,429.59,428.22,81.37,100.68,0.99,4,-1,-1
167,78,471.96,241.43,74.81,29.79,0.99,4,-1,-1
167,129,440.53,251.54,54.95,32.83,0.72,7,-1,-1
167,191,363.70,137.72,18.05,20.16,0.85,4,-1,-1
167,198,200.35,254.38,93.75,34.23,1.00,4,-1,-1
167,202,553.62,226.29,76.86,29.82,0.96,4,-1,-1
167,233,206.37,274.96,63.48,34.42,0.24,7,-1,-1
167,252,541.39,413.08,93.99,96.77,1.00,4,-1,-1
167,255,392.54,143.60,21.67,19.94,0.91,4,-1,-1
167,268,158.73,296.95,39.16,24.33,0.97,10,-1,-1
167,272,446.31,338.51,25.79,49.92,0.91,2,-1,-1
167,276,0.10,285.53,103.90,45.27,0.98,4,-1,-1
167,57,505.50,277.76,34.68,27.59,0.92,8,-1,-1
167,283,164.87,284.26,18.82,33.54,0.64,2,-1,-1
167,263,204.37,213.90,24.87,26.15,0.84,10,-1,-1
167,286,656.99,220.77,73.31,31.83,0.98,4,-1,-1
167,220,566.44,270.88,15.84,32.31,0.37,1,-1,-1
167,266,376.91,257.92,26.96,29.31,0.71,10,-1,-1
167,299,547.10,290.86,15.31,27.61,0.59,2,-1,-1
167,150,502.92,331.83,60.25,58.46,0.97,4,-1,-1
167,300,66.26,241.29,39.92,27.12,0.96,10,-1,-1
167,301,144.15,220.05,21.08,30.06,0.88,10,-1,-1
167,130,311.44,256.80,26.19,34.70,0.67,10,-1,-1
167,304,380.00,126.52,19.30,17.31,0.50,4,-1,-1
167,271,255.44,140.20,13.26,16.90,0.75,10,-1,-1
167,244,897.25,423.64,45.58,41.89,0.53,10,-1,-1
167,306,161.24,221.07,19.21,27.61,0.90,10,-1,-1
167,307,475.73,206.19,32.91,25.01,0.56,7,-1,-1
167,308,100.38,207.86,17.83,22.35,0.92,10,-1,-1
167,248,130.96,198.58,16.63,22.60,0.38,10,-1,-1
167,169,344.30,262.45,44.46,38.60,0.89,8,-1,-1
167,314,125.05,249.93,32.91,32.37,0.90,10,-1,-1
167,274,809.00,460.99,22.83,51.56,0.89,1,-1,-1
167,317,11.22,238.14,33.50,22.12,0.82,10,-1,-1
167,318,0.27,347.73,32.48,31.09,0.96,10,-1,-1
167,9,238.79,202.81,24.87,22.67,0.61,10,-1,-1
167,319,515.33,269.40,18.27,25.32,0.35,2,-1,-1
167,320,566.54,270.82,16.28,32.31,0.95,2,-1,-1
167,31,378.22,176.70,16.89,23.14,0.90,10,-1,-1
167,321,375.95,280.39,16.27,32.35,0.31,1,-1,-1
167,322,0.52,332.13,17.94,38.33,0.52,2,-1,-1
167,324,808.19,460.45,22.90,51.23,0.67,2,-1,-1
167,43,251.58,228.10,78.53,32.63,0.98,10,-1,-1
168,1,21.73,194.56,58.81,26.30,0.84,4,-1,-1
168,4,79.47,175.58,49.04,26.03,0.97,4,-1,-1
168,8,140.51,177.90,33.49,23.15,0.99,4,-1,-1
168,16,250.86,176.86,28.81,27.20,0.97,4,-1,-1
168,17,256.75,164.81,26.21,22.67,0.95,4,-1,-1
168,22,290.65,173.57,26.90,25.78,0.92,4,-1,-1
168,26,332.89,422.84,72.96,96.01,1.00,4,-1,-1
168,27,384.23,167.85,31.34,22.15,0.98,4,-1,-1
168,44,394.44,190.41,45.14,24.24,0.97,4,-1,-1
168,45,458.06,316.29,39.41,49.95,0.99,7,-1,-1
168,53,137.84,466.86,109.90,73.70,0.97,4,-1,-1
168,56,546.01,298.28,19.90,29.62,0.94,10,-1,-1
168,60,380.95,226.44,75.86,36.00,0.95,4,-1,-1
168,66,429.61,428.26,81.35,100.66,1.00,4,-1,-1
168,78,474.70,241.52,73.79,29.60,1.00,4,-1,-1
168,129,443.51,251.52,53.99,32.68,0.77,7,-1,-1
168,191,363.70,137.61,18.03,20.03,0.88,4,-1,-1
168,198,202.71,254.16,93.25,34.31,1.00,4,-1,-1
168,202,551.65,226.57,76.50,29.46,0.98,4,-1,-1
168,233,208.71,274.49,63.63,34.87,0.84,7,-1,-1
168,252,540.74,412.21,93.20,96.15,1.00,4,-1,-1
168,255,392.80,143.65,21.29,20.04,0.83,4,-1,-1
168,268,163.27,296.59,39.14,24.53,0.96,10,-1,-1
168,272,446.13,337.17,24.23,44.97,0.31,2,-1,-1
168,276,1.26,286.02,106.06,45.32,0.98,4,-1,-1
168,57,500.57,278.15,35.65,28.34,0.95,8,-1,-1
168,283,169.74,284.47,19.88,32.93,0.38,2,-1,-1
168,263,206.22,214.29,23.94,26.49,0.63,10,-1,-1
168,286,654.28,221.24,73.54,31.13,0.98,4,-1,-1
168,266,381.05,258.57,25.89,28.87,0.71,10,-1,-1
168,299,547.26,291.01,15.53,27.09,0.14,2,-1,-1
168,150,503.05,331.75,59.83,58.05,0.97,4,-1,-1
168,300,62.12,242.54,39.63,26.39,0.97,10,-1,-1
168,301,144.27,220.05,21.04,30.32,0.94,10,-1,-1
168,130,312.48,260.58,27.55,32.18,0.85,10,-1,-1
168,304,379.74,126.40,18.10,17.72,0.16,4,-1,-1
168,271,254.67,140.63,13.66,17.08,0.84,10,-1,-1
168,244,897.26,423.24,45.71,42.43,0.76,10,-1,-1
168,306,161.34,221.09,19.02,27.88,0.96,10,-1,-1
168,308,100.36,207.69,18.13,22.66,0.92,10,-1,-1
168,248,131.06,197.79,17.22,23.56,0.54,10,-1,-1
168,169,347.98,262.87,42.53,38.21,0.88,8,-1,-1
168,314,117.95,250.67,32.82,32.51,0.91,10,-1,-1
168,274,808.51,461.00,23.63,52.09,0.91,1,-1,-1
168,317,15.80,237.56,34.06,22.62,0.74,10,-1,-1
168,318,1.29,348.05,35.42,32.32,0.97,10,-1,-1
168,9,241.57,202.97,24.53,22.27,0.70,10,-1,-1
168,31,377.83,176.68,16.48,22.44,0.93,10,-1,-1
168,321,377.59,281.21,15.80,31.82,0.48,1,-1,-1
168,322,1.07,333.86,21.14,37.13,0.40,2,-1,-1
168,43,254.06,227.87,78.58,33.02,0.98,10,-1,-1
168,218,445.61,346.65,24.64,40.93,0.95,10,-1,-1
169,1,21.24,194.72,59.11,26.39,0.91,4,-1,-1
169,4,79.46,175.79,49.31,25.97,0.97,4,-1,-1
169,8,140.60,178.17,33.47,23.18,0.99,4,-1,-1
169,16,251.23,177.01,28.49,27.15,0.98,4,-1,-1
169,17,256.80,164.96,26.03,22.44,0.94,4,-1,-1
169,22,290.81,173.83,26.74,25.68,0.90,4,-1,-1
169,26,333.15,423.13,72.94,95.91,0.99,4,-1,-1
169,27,384.49,167.81,31.81,22.03,0.98,4,-1,-1
169,44,393.44,190.34,44.70,23.94,0.98,4,-1,-1
169,45,458.85,317.61,38.84,48.85,0.98,7,-1,-1
169,53,136.37,474.29,109.43,66.20,0.92,4,-1,-1
169,56,546.36,295.63,19.93,31.11,0.92,10,-1,-1
169,60,378.09,226.84,75.94,35.77,0.99,4,-1,-1
169,66,429.68,428.53,81.39,100.65,0.99,4,-1,-1
169,78,477.04,241.56,74.26,29.72,0.99,4,-1,-1
169,129,446.12,252.53,54.47,31.62,0.90,7,-1,-1
169,191,363.87,137.65,17.63,20.03,0.76,4,-1,-1
169,198,204.79,254.27,93.50,34.32,1.00,4,-1,-1
169,202,549.23,227.05,76.98,29.31,0.99,4,-1,-1
169,233,210.65,274.60,64.32,35.03,0.26,7,-1,-1
169,252,540.61,410.96,92.56,95.91,1.00,4,-1,-1
169,255,392.68,143.93,21.55,19.72,0.92,4,-1,-1
169,268,167.47,296.87,39.35,24.31,0.98,10,-1,-1
169,276,3.32,286.84,107.45,45.01,0.99,4,-1,-1
169,57,495.72,279.25,35.64,28.22,0.94,8,-1,-1
169,283,174.35,284.47,19.30,33.49,0.60,2,-1,-1
169,263,208.84,214.81,23.79,23.88,0.66,10,-1,-1
169,286,652.57,221.46,73.64,30.85,0.99,4,-1,-1
169,266,379.66,260.15,30.76,27.10,0.16,10,-1,-1
169,150,503.36,331.54,59.30,58.29,0.98,4,-1,-1
169,300,57.86,243.73,40.04,26.10,0.97,10,-1,-1
169,301,144.57,220.35,20.84,30.42,0.94,10,-1,-1
169,130,314.20,258.06,26.51,34.78,0.65,10,-1,-1
169,304,379.21,126.31,17.23,17.57,0.28,4,-1,-1
169,271,254.23,140.63,13.63,17.94,0.72,10,-1,-1
169,244,897.42,422.80,45.78,43.43,0.53,10,-1,-1
169,306,161.43,221.29,18.76,27.98,0.95,10,-1,-1
169,308,100.59,208.13,17.45,22.37,0.78,10,-1,-1
169,248,131.56,197.41,16.95,23.33,0.48,10,-1,-1
169,169,351.05,263.08,41.81,37.65,0.63,8,-1,-1
169,314,110.61,251.94,33.31,31.94,0.94,10,-1,-1
169,274,808.07,460.94,23.94,52.69,0.86,1,-1,-1
169,317,20.95,237.29,34.02,22.59,0.89,10,-1,-1
169,318,4.22,348.65,36.29,34.03,0.96,10,-1,-1
169,9,243.29,203.00,24.82,22.30,0.69,10,-1,-1
169,31,377.48,176.42,15.93,22.36,0.91,10,-1,-1
169,321,378.52,281.22,17.04,31.69,0.24,1,-1,-1
169,322,4.32,334.58,23.55,36.25,0.59,2,-1,-1
169,43,256.39,227.66,78.72,33.54,0.95,10,-1,-1
169,218,444.31,341.02,25.52,45.84,0.97,10,-1,-1
169,325,595.45,206.42,53.04,26.52,0.65,4,-1,-1
169,326,806.99,460.75,24.11,52.43,0.63,2,-1,-1
169,262,220.75,245.12,37.33,21.80,0.82,10,-1,-1
169,220,566.09,270.90,16.17,32.53,0.93,1,-1,-1
170,1,21.19,194.57,59.38,26.84,0.93,4,-1,-1
170,4,79.40,176.27,49.70,25.75,0.96,4,-1,-1
170,8,141.19,178.28,33.46,23.40,0.99,4,-1,-1
170,16,251.82,177.39,28.16,26.74,0.98,4,-1,-1
170,17,257.47,165.13,25.36,22.15,0.79,4,-1,-1
170,22,291.03,173.95,26.98,25.84,0.96,4,-1,-1
170,26,333.47,423.45,72.92,95.88,0.99,4,-1,-1
170,27,385.02,167.93,31.99,21.80,0.99,4,-1,-1
170,44,392.57,190.16,44.15,23.63,0.99,4,-1,-1
170,45,458.98,318.35,39.03,48.83,0.99,7,-1,-1
170,53,134.34,481.47,109.46,58.65,0.87,4,-1,-1
170,56,546.72,296.50,21.12,30.47,0.93,10,-1,-1
170,60,375.38,227.42,76.36,35.69,0.99,4,-1,-1
170,66,429.73,428.86,81.79,100.66,0.99,4,-1,-1
170,78,478.28,241.41,76.05,30.17,0.99,4,-1,-1
170,129,451.04,253.17,52.65,31.22,0.85,7,-1,-1
170,191,364.00,137.79,17.49,19.83,0.83,4,-1,-1
170,198,207.52,254.43,93.20,34.94,1.00,4,-1,-1
170,202,547.45,227.38,76.56,29.46,0.99,4,-1,-1
170,233,213.80,275.16,63.59,34.40,0.71,7,-1,-1
170,252,540.62,410.60,92.74,95.03,1.00,4,-1,-1
170,255,393.09,144.02,21.25,19.66,0.87,4,-1,-1
170,268,172.10,296.58,39.23,24.63,0.97,10,-1,-1
170,276,6.37,287.23,107.87,45.59,0.99,4,-1,-1
170,57,491.30,281.76,36.02,27.28,0.97,8,-1,-1
170,283,179.34,284.48,19.67,33.10,0.81,2,-1,-1
170,263,210.76,215.13,22.53,23.63,0.16,10,-1,-1
170,286,650.86,221.60,73.66,30.56,0.99,4,-1,-1
170,150,503.31,331.52,59.50,58.39,0.97,4,-1,-1
170,300,53.74,244.36,40.51,26.20,0.97,10,-1,-1
170,301,144.93,220.76,20.77,30.46,0.92,10,-1,-1
170,130,315.87,260.18,27.70,33.31,0.66,10,-1,-1
170,304,379.29,127.01,17.75,17.21,0.76,4,-1,-1
170,271,254.24,141.03,13.41,17.88,0.93,10,-1,-1
170,244,897.91,423.71,45.80,43.42,0.41,10,-1,-1
170,306,161.72,221.57,19.07,27.82,0.88,10,-1,-1
170,308,100.98,208.28,17.41,22.48,0.64,10,-1,-1
170,248,131.98,197.08,16.75,23.04,0.39,10,-1,-1
170,169,353.11,263.98,43.18,37.25,0.39,8,-1,-1
170,314,103.85,253.61,33.07,31.11,0.91,10,-1,-1
170,274,807.92,460.79,23.27,52.13,0.84,1,-1,-1
170,317,25.89,234.93,33.35,24.44,0.93,10,-1,-1
170,318,7.44,349.00,36.26,36.29,0.88,10,-1,-1
170,9,245.59,203.14,24.73,21.92,0.58,10,-1,-1
170,31,377.02,176.56,16.13,21.74,0.87,10,-1,-1
170,321,379.68,280.78,17.42,33.00,0.36,1,-1,-1
170,322,4.94,335.19,25.53,37.40,0.34,2,-1,-1
170,43,258.98,227.40,78.47,33.74,0.98,10,-1,-1
170,262,214.82,245.38,38.01,22.55,0.71,10,-1,-1
170,220,566.12,270.80,16.25,32.55,0.92,1,-1,-1
170,272,443.74,334.29,26.49,50.43,0.93,2,-1,-1
171,1,21.86,194.86,59.32,26.80,0.93,4,-1,-1
171,4,79.99,176.39,49.55,26.05,0.97,4,-1,-1
171,8,141.70,178.45,33.31,23.47,0.99,4,-1,-1
171,16,252.17,177.93,28.05,26.77,0.98,4,-1,-1
171,17,257.75,165.00,25.51,22.84,0.90,4,-1,-1
171,22,291.52,174.29,26.97,25.89,0.94,4,-1,-1
171,26,333.96,423.61,72.93,95.84,1.00,4,-1,-1
171,27,385.92,167.96,32.44,21.70,0.99,4,-1,-1
171,44,392.19,190.08,43.54,23.30,0.99,4,-1,-1
171,45,459.35,317.85,39.51,49.61,0.98,7,-1,-1
171,53,132.52,489.71,108.84,50.18,0.88,4,-1,-1
171,56,547.74,297.69,21.57,29.41,0.94,10,-1,-1
171,60,373.20,228.29,75.72,35.43,0.99,4,-1,-1
171,66,430.30,429.00,81.55,101.03,0.99,4,-1,-1
171,78,479.96,241.80,77.91,30.32,0.99,4,-1,-1
171,129,455.09,254.55,51.57,30.05,0.94,7,-1,-1
171,191,364.54,138.04,17.44,19.65,0.83,4,-1,-1
171,198,210.61,254.50,93.08,34.75,1.00,4,-1,-1
171,202,546.75,227.62,75.79,29.30,0.99,4,-1,-1
171,233,217.53,275.67,62.31,33.94,0.63,7,-1,-1
171,252,540.78,409.52,92.44,95.07,1.00,4,-1,-1
171,255,393.54,144.23,21.14,19.73,0.83,4,-1,-1
171,268,177.32,296.78,38.59,24.35,0.95,10,-1,-1
171,276,10.43,288.01,107.97,45.67,0.98,4,-1,-1
171,57,486.53,284.31,36.16,26.50,0.97,8,-1,-1
171,283,184.29,284.40,19.21,33.34,0.84,2,-1,-1
171,263,211.45,216.75,20.63,24.34,0.23,10,-1,-1
171,286,649.57,222.05,72.86,30.23,0.98,4,-1,-1
171,150,503.62,331.73,59.59,58.01,0.97,4,-1,-1
171,300,50.20,244.12,41.21,27.22,0.97,10,-1,-1
171,301,145.16,221.04,21.10,30.46,0.90,10,-1,-1
171,130,317.78,264.81,28.92,30.09,0.82,10,-1,-1
171,304,379.02,127.21,18.74,17.28,0.83,4,-1,-1
171,271,254.09,141.24,13.72,18.39,0.88,10,-1,-1
171,244,898.56,425.56,45.81,41.41,0.46,7,-1,-1
171,306,162.37,221.79,18.99,28.15,0.92,10,-1,-1
171,308,101.62,208.57,17.40,22.52,0.86,10,-1,-1
171,169,356.71,263.98,41.70,37.68,0.19,8,-1,-1
171,314,97.78,254.31,32.77,30.80,0.89,10,-1,-1
171,274,807.94,460.86,23.02,50.71,0.84,1,-1,-1
171,317,31.34,233.66,31.21,25.10,0.98,10,-1,-1
171,318,12.44,349.62,35.10,37.12,0.93,10,-1,-1
171,9,248.50,202.70,23.50,22.77,0.65,10,-1,-1
171,31,376.97,176.50,16.21,21.29,0.92,10,-1,-1
171,321,380.99,280.99,18.39,33.33,0.32,1,-1,-1
171,43,261.85,227.40,77.97,33.79,0.98,10,-1,-1
171,262,209.38,246.30,39.81,25.15,0.55,10,-1,-1
171,220,566.24,270.59,16.68,32.15,0.93,1,-1,-1
171,272,443.29,334.81,26.22,49.99,0.97,2,-1,-1
171,175,426.60,271.25,38.05,25.31,0.69,10,-1,-1
172,1,22.42,194.57,60.17,27.20,0.91,4,-1,-1
172,4,81.03,176.25,49.49,25.98,0.97,4,-1,-1
172,8,142.87,178.55,33.54,23.31,0.99,4,-1,-1
172,16,253.08,178.20,28.00,26.60,0.99,4,-1,-1
172,17,258.84,165.12,25.56,22.90,0.74,4,-1,-1
172,22,292.70,174.49,26.76,25.72,0.92,4,-1,-1
172,26,335.05,423.79,72.90,95.85,0.99,4,-1,-1
172,27,387.83,167.59,31.81,21.88,0.99,4,-1,-1
172,44,392.28,189.68,43.33,23.40,0.99,4,-1,-1
172,45,461.04,318.80,38.88,47.93,1.00,7,-1,-1
172,53,135.60,497.90,103.61,41.94,0.61,4,-1,-1
172,56,549.08,296.10,21.34,30.65,0.96,10,-1,-1
172,60,371.27,228.63,75.87,35.16,0.99,4,-1,-1
172,66,431.43,429.40,81.83,100.80,1.00,4,-1,-1
172,78,484.66,242.39,76.65,30.21,0.99,4,-1,-1
172,129,458.04,254.61,51.99,30.45,0.94,7,-1,-1
172,191,365.75,138.19,17.02,19.24,0.79,4,-1,-1
172,198,215.34,254.39,92.05,33.91,0.99,4,-1,-1
172,202,545.56,227.98,75.89,29.06,0.99,4,-1,-1
172,233,220.46,275.94,62.85,33.40,0.40,7,-1,-1
172,252,540.99,408.76,91.92,94.34,1.00,4,-1,-1
172,255,394.91,144.37,20.69,19.42,0.91,4,-1,-1
172,268,182.84,297.11,37.94,24.06,0.93,10,-1,-1
172,276,15.43,288.39,107.34,46.23,0.99,4,-1,-1
172,57,482.08,285.78,36.60,26.42,0.96,8,-1,-1
172,283,189.80,284.62,18.63,32.45,0.67,2,-1,-1
172,286,648.56,222.52,73.34,29.94,0.99,4,-1,-1
172,150,504.69,331.59,59.21,57.89,0.97,4,-1,-1
172,300,47.13,245.79,41.16,25.84,0.92,10,-1,-1
172,301,146.21,221.18,20.82,30.47,0.83,10,-1,-1
172,130,320.60,267.86,29.38,28.28,0.75,10,-1,-1
172,304,380.13,127.44,18.32,16.81,0.81,4,-1,-1
172,271,254.45,141.81,13.64,17.94,0.85,10,-1,-1
172,244,901.36,427.98,44.21,39.85,0.60,10,-1,-1
172,306,163.57,222.12,18.76,27.49,0.96,10,-1,-1
172,308,103.02,208.60,17.09,22.54,0.65,10,-1,-1
172,169,361.11,271.84,37.88,30.91,0.31,8,-1,-1
172,314,91.94,255.39,32.75,30.09,0.88,10,-1,-1
172,274,808.89,460.95,22.11,48.98,0.79,1,-1,-1
172,317,37.21,233.39,30.01,23.97,0.93,10,-1,-1
172,318,17.21,351.57,34.22,36.65,0.94,10,-1,-1
172,9,252.19,201.64,22.42,23.68,0.59,10,-1,-1
172,31,377.17,175.90,16.24,20.93,0.82,10,-1,-1
172,321,382.81,280.67,18.72,33.97,0.22,1,-1,-1
172,43,265.34,226.98,77.88,33.63,0.94,10,-1,-1
172,262,204.89,247.48,39.12,26.69,0.43,10,-1,-1
172,220,566.88,270.60,16.44,32.00,0.93,1,-1,-1
172,272,443.53,335.62,25.29,48.62,0.98,2,-1,-1
172,175,431.40,271.10,37.12,25.53,0.76,10,-1,-1
172,327,590.62,311.28,40.98,49.42,0.64,8,-1,-1
172,302,546.31,198.43,42.14,28.26,0.75,5,-1,-1
173,1,22.90,194.29,61.52,27.36,0.89,4,-1,-1
173,4,81.27,176.04,50.75,26.15,0.97,4,-1,-1
173,8,143.99,178.63,33.48,23.05,0.99,4,-1,-1
173,16,254.14,177.86,27.98,27.13,0.98,4,-1,-1
173,17,260.17,165.03,25.58,22.73,0.82,4,-1,-1
173,22,293.46,174.63,27.18,25.66,0.93,4,-1,-1
173,26,335.65,423.98,73.28,95.85,0.99,4,-1,-1
173,27,389.35,167.43,31.95,21.95,0.98,4,-1,-1
173,44,392.16,189.41,43.66,23.45,0.99,4,-1,-1
173,45,463.06,320.73,37.43,46.48,0.97,7,-1,-1
173,53,137.35,506.35,99.94,33.33,0.50,4,-1,-1
173,56,550.75,295.02,21.23,31.59,0.95,10,-1,-1
173,60,369.46,228.50,76.31,35.65,1.00,4,-1,-1
173,66,432.44,429.88,81.51,100.71,1.00,4,-1,-1
173,78,487.55,242.49,77.74,30.37,0.99,4,-1,-1
173,129,463.44,254.30,49.74,30.20,0.95,7,-1,-1
173,191,366.82,137.92,17.27,19.29,0.79,4,-1,-1
173,198,218.64,254.30,92.05,34.80,1.00,4,-1,-1
173,202,544.97,227.99,75.72,29.18,0.99,4,-1,-1
173,233,226.47,275.28,60.05,33.20,0.22,8,-1,-1
173,252,541.27,408.28,91.93,93.66,1.00,4,-1,-1
173,255,395.83,144.20,20.93,19.61,0.86,4,-1,-1
173,268,187.64,296.48,38.50,24.46,0.87,10,-1,-1
173,276,20.27,288.65,106.90,46.84,0.99,4,-1,-1
173,57,477.58,287.05,37.15,26.39,0.98,8,-1,-1
173,283,194.90,284.36,18.21,32.40,0.31,2,-1,-1
173,286,647.83,222.77,73.51,30.04,0.98,4,-1,-1
173,150,505.47,331.71,58.66,57.45,0.97,4,-1,-1
173,300,44.43,246.87,40.84,25.09,0.94,10,-1,-1
173,301,147.73,221.18,21.21,30.27,0.85,10,-1,-1
173,130,323.42,270.29,29.54,26.21,0.72,10,-1,-1
173,304,380.97,127.35,18.15,16.63,0.71,4,-1,-1
173,271,254.93,142.19,13.80,18.66,0.36,10,-1,-1
173,244,902.74,429.24,43.60,39.69,0.71,10,-1,-1
173,306,164.35,222.59,19.27,27.03,0.77,10,-1,-1
173,308,104.12,208.75,17.29,22.75,0.93,10,-1,-1
173,169,364.61,274.49,36.47,28.41,0.59,8,-1,-1
173,314,86.23,257.02,32.73,28.82,0.86,10,-1,-1
173,274,809.57,461.36,21.76,49.15,0.91,1,-1,-1
173,317,43.52,231.25,30.08,26.14,0.90,10,-1,-1
173,318,22.09,354.19,32.66,36.04,0.89,10,-1,-1
173,9,255.49,202.07,22.64,23.44,0.58,10,-1,-1
173,31,377.67,175.56,16.24,20.80,0.85,10,-1,-1
173,321,386.25,280.71,18.02,33.59,0.30,1,-1,-1
173,43,268.62,226.68,77.64,33.77,0.96,10,-1,-1
173,262,198.83,250.50,38.82,25.35,0.41,10,-1,-1
173,220,566.91,270.59,16.74,31.55,0.90,1,-1,-1
173,272,444.08,335.95,24.52,47.67,0.97,2,-1,-1
173,175,435.44,271.23,37.63,25.40,0.72,10,-1,-1
173,302,547.50,198.42,42.60,27.81,0.35,5,-1,-1
173,328,178.39,235.65,35.26,22.90,0.65,10,-1,-1
173,329,693.68,420.07,22.90,37.97,0.62,2,-1,-1
173,263,220.58,211.10,24.06,22.54,0.66,10,-1,-1
174,1,22.76,194.67,61.78,27.01,0.90,4,-1,-1
174,4,81.93,176.03,49.94,26.41,0.97,4,-1,-1
174,8,144.24,178.82,33.26,22.94,0.99,4,-1,-1
174,16,254.38,177.96,27.98,27.13,0.99,4,-1,-1
174,17,260.51,164.93,25.59,23.25,0.85,4,-1,-1
174,22,293.59,174.70,27.15,25.63,0.96,4,-1,-1
174,26,335.78,424.48,73.45,95.84,1.00,4,-1,-1
174,27,390.56,167.58,31.61,21.57,0.97,4,-1,-1
174,44,391.42,189.22,43.40,23.66,0.99,4,-1,-1
174,45,463.71,321.63,37.31,45.53,1.00,7,-1,-1
174,53,137.70,514.50,95.99,25.10,0.31,4,-1,-1
174,56,551.65,294.49,21.20,31.85,0.94,10,-1,-1
174,60,366.97,228.96,76.89,35.82,1.00,4,-1,-1
174,66,432.74,430.27,81.82,100.67,1.00,4,-1,-1
174,78,491.21,242.31,76.98,31.01,0.99,4,-1,-1
174,129,468.05,254.17,47.29,29.90,0.96,7,-1,-1
174,191,367.07,137.93,16.97,19.21,0.89,4,-1,-1
174,198,220.85,254.32,92.48,34.32,0.98,4,-1,-1
174,202,543.71,228.05,75.66,29.20,0.98,4,-1,-1
174,233,228.97,274.89,59.62,33.11,0.27,7,-1,-1
174,252,541.12,407.54,91.57,93.40,1.00,4,-1,-1
174,255,396.23,144.23,20.62,19.77,0.94,4,-1,-1
174,268,192.43,297.01,37.92,24.10,0.89,10,-1,-1
174,276,24.59,289.13,106.12,46.74,0.99,4,-1,-1
174,57,472.17,287.77,38.15,27.07,0.98,8,-1,-1
174,283,199.29,284.33,17.66,32.98,0.43,2,-1,-1
174,286,646.52,223.21,72.78,30.06,0.98,4,-1,-1
174,150,505.47,331.74,58.47,56.88,0.98,4,-1,-1
174,300,40.67,246.83,41.12,25.61,0.92,10,-1,-1
174,301,148.30,221.54,21.32,29.79,0.91,10,-1,-1
174,130,325.70,272.36,29.61,24.88,0.78,10,-1,-1
174,304,380.94,127.37,18.09,16.26,0.82,4,-1,-1
174,271,254.56,142.60,13.86,18.58,0.52,10,-1,-1
174,244,903.80,429.39,42.58,40.04,0.57,10,-1,-1
174,306,164.49,223.43,21.06,26.45,0.83,10,-1,-1
174,308,104.82,208.87,16.77,22.64,0.88,10,-1,-1
174,169,367.91,273.73,37.67,29.33,0.29,8,-1,-1
174,314,78.89,258.27,33.13,28.77,0.89,10,-1,-1
174,274,809.17,462.04,22.47,48.02,0.75,1,-1,-1
174,317,49.74,229.41,29.49,27.10,0.79,10,-1,-1
174,318,25.39,356.03,32.77,36.20,0.79,10,-1,-1
174,9,258.30,201.60,22.14,23.53,0.20,10,-1,-1
174,31,377.73,175.25,15.86,20.56,0.82,10,-1,-1
174,43,271.15,226.61,77.27,33.60,0.97,10,-1,-1
174,262,192.40,253.35,37.12,24.36,0.41,10,-1,-1
174,220,566.83,270.66,16.46,31.78,0.89,1,-1,-1
174,272,444.23,338.32,23.44,44.09,0.97,2,-1,-1
174,175,439.11,270.58,37.42,26.15,0.76,10,-1,-1
174,328,175.57,235.31,34.77,23.39,0.87,10,-1,-1
174,329,693.75,419.87,23.87,37.97,0.58,2,-1,-1
174,263,224.06,210.59,24.86,21.26,0.67,10,-1,-1
174,330,442.06,202.35,15.67,23.81,0.63,10,-1,-1
174,331,808.79,461.95,22.90,49.42,0.78,1,-1,-1
175,1,24.21,195.61,60.42,26.08,0.88,4,-1,-1
175,4,83.33,176.52,48.63,25.91,0.98,4,-1,-1
175,8,144.53,178.99,33.13,22.90,0.99,4,-1,-1
175,16,254.31,178.20,27.99,27.33,0.98,4,-1,-1
175,17,260.58,164.99,25.60,23.64,0.72,4,-1,-1
175,22,293.88,174.92,26.83,25.42,0.97,4,-1,-1
175,26,336.17,425.06,73.51,95.44,1.00,4,-1,-1
175,27,391.54,167.44,31.07,21.83,0.97,4,-1,-1
175,44,390.73,188.97,42.91,23.94,0.99,4,-1,-1
175,45,462.47,321.55,38.88,46.00,0.98,7,-1,-1
175,56,552.52,294.61,21.57,31.85,0.91,10,-1,-1
175,60,363.30,229.22,78.29,36.48,0.99,4,-1,-1
175,66,433.18,430.81,81.14,100.65,0.99,4,-1,-1
175,78,495.24,242.84,75.48,30.46,0.99,4,-1,-1
175,129,473.02,253.72,45.19,29.80,0.71,7,-1,-1
175,191,367.30,137.99,16.86,19.04,0.87,4,-1,-1
175,198,223.52,254.13,92.84,34.53,0.99,4,-1,-1
175,202,542.46,228.18,74.25,28.62,0.97,4,-1,-1
175,233,229.22,275.34,61.30,32.99,0.67,7,-1,-1
175,252,541.02,406.71,90.66,93.32,0.99,4,-1,-1
175,255,396.32,144.20,20.91,19.89,0.93,4,-1,-1
175,268,196.60,296.50,38.31,23.87,0.83,10,-1,-1
175,276,28.76,289.69,105.36,47.29,0.99,4,-1,-1
175,57,467.44,289.10,37.74,27.03,0.93,8,-1,-1
175,283,203.71,283.92,17.26,33.99,0.48,1,-1,-1
175,286,644.45,223.38,72.50,29.88,0.98,4,-1,-1
175,150,505.41,331.57,58.81,57.07,0.98,4,-1,-1
175,300,36.60,246.90,41.23,25.61,0.70,10,-1,-1
175,301,148.86,221.67,20.96,29.81,0.92,10,-1,-1
175,130,327.45,272.58,30.81,24.47,0.79,10,-1,-1
175,304,381.09,127.43,17.67,16.03,0.89,4,-1,-1
175,271,254.49,143.34,13.29,17.75,0.54,10,-1,-1
175,244,904.52,429.04,42.22,40.98,0.21,10,-1,-1
175,306,164.78,223.63,21.15,26.25,0.89,10,-1,-1
175,308,104.82,209.01,17.19,22.39,0.93,10,-1,-1
175,169,371.58,274.39,37.29,28.82,0.35,8,-1,-1
175,314,71.07,256.55,34.15,31.00,0.65,10,-1,-1
175,274,808.96,462.29,22.73,47.61,0.53,1,-1,-1
175,317,52.01,229.59,32.02,26.11,0.88,10,-1,-1
175,318,27.39,357.06,33.27,37.44,0.92,10,-1,-1
175,9,260.71,202.23,22.77,22.97,0.21,10,-1,-1
175,31,377.93,175.36,14.50,20.07,0.81,10,-1,-1
175,43,273.58,226.39,76.74,33.53,0.98,10,-1,-1
175,262,186.43,254.17,37.27,24.81,0.86,10,-1,-1
175,220,566.35,270.80,16.35,31.87,0.88,1,-1,-1
175,272,444.29,338.86,23.03,42.30,0.96,2,-1,-1
175,175,442.29,269.35,38.15,27.22,0.49,10,-1,-1
175,328,172.09,236.06,34.91,23.48,0.92,10,-1,-1
175,329,694.20,420.31,24.05,39.83,0.56,2,-1,-1
175,263,225.97,209.92,26.32,21.67,0.56,10,-1,-1
175,331,808.83,462.25,22.90,49.42,0.82,1,-1,-1
176,1,23.80,195.18,61.14,26.74,0.93,4,-1,-1
176,4,84.35,177.14,47.82,25.32,0.96,4,-1,-1
176,8,144.62,179.08,32.92,23.09,0.99,4,-1,-1
176,16,254.21,178.23,28.18,27.40,0.98,4,-1,-1
176,17,260.63,165.16,25.99,23.79,0.80,4,-1,-1
176,22,294.01,175.05,27.11,25.54,0.95,4,-1,-1
176,26,336.69,425.80,73.12,94.89,1.00,4,-1,-1
176,27,392.30,167.56,30.86,21.53,0.99,4,-1,-1
176,44,390.31,188.65,42.33,24.05,0.99,4,-1,-1
176,45,462.78,321.86,38.66,46.19,0.98,7,-1,-1
176,56,553.78,295.14,20.91,31.15,0.95,10,-1,-1
176,60,360.62,229.26,78.01,36.92,0.98,4,-1,-1
176,66,433.72,431.34,80.86,100.64,0.99,4,-1,-1
176,78,497.04,243.11,76.51,30.25,0.99,4,-1,-1
176,129,475.87,253.82,44.88,29.16,0.91,7,-1,-1
176,191,367.20,137.63,17.23,19.62,0.59,4,-1,-1
176,198,226.45,254.10,92.37,33.63,1.00,4,-1,-1
176,202,541.24,228.39,73.70,28.61,0.98,4,-1,-1
176,233,233.22,275.05,59.73,32.65,0.25,7,-1,-1
176,252,540.97,406.39,89.91,92.50,0.99,4,-1,-1
176,255,396.36,144.20,21.01,19.88,0.97,4,-1,-1
176,268,200.80,296.25,38.65,24.39,0.96,10,-1,-1
176,276,32.45,290.39,104.99,47.30,1.00,4,-1,-1
176,57,461.85,291.30,37.56,26.61,0.97,8,-1,-1
176,283,207.69,283.89,17.73,34.17,0.51,2,-1,-1
176,286,642.11,223.72,73.18,29.82,0.98,4,-1,-1
176,150,505.36,331.66,58.53,57.15,0.98,4,-1,-1
176,300,32.55,246.72,44.45,26.21,0.71,10,-1,-1
176,301,149.49,221.94,20.62,29.61,0.92,10,-1,-1
176,130,329.63,273.08,30.47,24.57,0.75,10,-1,-1
176,304,380.96,127.26,17.91,16.55,0.92,4,-1,-1
176,271,254.20,143.61,13.26,17.58,0.84,10,-1,-1
176,244,905.09,429.28,41.28,40.95,0.22,10,-1,-1
176,306,164.42,223.13,20.38,26.78,0.70,10,-1,-1
176,308,104.89,209.19,17.24,22.30,0.91,10,-1,-1
176,169,374.02,274.75,38.39,28.68,0.45,8,-1,-1
176,314,63.58,261.43,34.77,28.28,0.67,10,-1,-1
176,317,57.85,228.55,31.23,26.28,0.82,10,-1,-1
176,318,28.73,356.52,34.21,40.26,0.72,10,-1,-1
176,31,377.20,175.07,14.82,20.09,0.85,10,-1,-1
176,43,275.95,226.46,76.23,33.11,0.99,10,-1,-1
176,262,180.73,255.97,36.52,23.97,0.71,10,-1,-1
176,220,566.16,271.04,16.30,31.31,0.83,1,-1,-1
176,272,444.74,342.72,20.86,37.98,0.98,2,-1,-1
176,175,444.94,267.76,39.61,29.58,0.83,10,-1,-1
176,328,168.47,235.79,31.44,23.74,0.96,10,-1,-1
176,329,694.77,417.68,25.03,40.00,0.49,2,-1,-1
176,263,229.07,209.63,26.48,21.41,0.85,10,-1,-1
176,332,367.03,137.56,17.48,19.74,0.73,4,-1,-1
176,333,441.46,202.20,15.67,24.11,0.84,10,-1,-1
176,334,607.20,207.17,44.90,25.92,0.68,4,-1,-1
176,289,222.08,192.87,16.28,22.91,0.64,10,-1,-1
177,1,24.06,195.49,60.30,26.58,0.94,4,-1,-1
177,4,84.07,177.44,48.13,25.09,0.98,4,-1,-1
177,8,145.05,179.28,32.50,22.96,0.99,4,-1,-1
177,16,254.42,178.39,28.07,27.23,0.99,4,-1,-1
177,17,260.50,165.27,25.95,23.84,0.86,4,-1,-1
177,22,294.11,175.24,26.92,25.58,0.96,4,-1,-1
177,26,336.69,426.11,73.38,95.07,1.00,4,-1,-1
177,27,392.73,167.74,30.78,21.22,0.99,4,-1,-1
177,44,389.56,188.66,42.13,23.89,0.99,4,-1,-1
177,45,462.49,322.38,39.39,45.86,0.99,7,-1,-1
177,56,553.84,294.96,21.06,31.27,0.95,10,-1,-1
177,60,357.51,229.60,77.51,36.88,0.99,4,-1,-1
177,66,433.92,431.57,80.77,101.03,1.00,4,-1,-1
177,78,500.60,243.22,75.72,30.17,0.99,4,-1,-1
177,129,476.75,253.57,46.44,29.74,0.85,7,-1,-1
177,191,367.12,137.68,17.37,19.50,0.86,4,-1,-1
177,198,229.61,253.95,92.01,33.47,1.00,4,-1,-1
177,202,539.44,228.87,74.31,28.39,0.99,4,-1,-1
177,233,232.97,275.10,62.17,32.93,0.94,7,-1,-1
177,252,540.58,405.74,90.07,92.19,1.00,4,-1,-1
177,255,396.53,144.62,21.06,19.68,0.95,4,-1,-1
177,268,205.07,296.02,39.18,24.19,0.94,10,-1,-1
177,276,36.34,291.22,104.39,47.58,1.00,4,-1,-1
177,57,456.32,292.71,38.29,27.25,0.96,8,-1,-1
177,283,212.48,284.15,17.71,32.86,0.57,2,-1,-1
177,286,640.49,223.82,73.44,30.19,0.99,4,-1,-1
177,150,505.54,331.52,58.44,57.18,0.98,4,-1,-1
177,300,28.51,246.42,38.59,26.63,0.85,10,-1,-1
177,301,149.62,222.10,20.86,29.74,0.94,10,-1,-1
177,130,331.58,272.83,30.72,24.84,0.50,10,-1,-1
177,304,380.28,127.42,18.41,16.75,0.94,4,-1,-1
177,271,253.86,144.24,13.06,17.31,0.75,10,-1,-1
177,244,905.72,429.51,40.95,41.33,0.24,10,-1,-1
177,306,164.94,222.70,19.68,27.18,0.68,10,-1,-1
177,308,105.12,209.62,16.97,22.27,0.96,10,-1,-1
177,169,376.81,274.57,39.21,29.26,0.43,8,-1,-1
177,314,56.41,263.53,34.24,26.14,0.88,10,-1,-1
177,317,63.25,227.97,30.23,26.34,0.87,10,-1,-1
177,318,30.53,356.76,34.29,43.25,0.89,10,-1,-1
177,31,376.92,174.30,14.53,20.71,0.82,10,-1,-1
177,43,278.53,226.34,75.25,32.94,0.99,10,-1,-1
177,262,175.06,257.47,36.25,23.04,0.62,10,-1,-1
177,220,565.89,270.93,15.89,31.49,0.88,2,-1,-1
177,272,444.96,343.13,19.64,36.00,0.97,2,-1,-1
177,175,447.98,267.85,38.59,29.51,0.83,10,-1,-1
177,328,164.61,237.97,32.28,22.70,0.98,10,-1,-1
177,329,694.07,418.11,26.23,40.43,0.63,2,-1,-1
177,263,232.39,210.20,26.13,20.72,0.96,10,-1,-1
177,333,441.25,202.23,15.19,23.87,0.65,10,-1,-1
177,289,221.94,193.31,16.27,23.10,0.72,10,-1,-1
177,335,214.25,215.46,18.08,26.82,0.66,10,-1,-1
177,274,808.32,463.04,22.85,48.00,0.81,1,-1,-1
178,1,23.06,195.65,61.07,26.92,0.96,4,-1,-1
178,4,84.16,177.39,48.15,25.41,0.97,4,-1,-1
178,8,145.20,179.59,32.45,22.91,0.99,4,-1,-1
178,16,254.39,178.68,28.42,26.96,0.97,4,-1,-1
178,17,260.44,165.35,26.13,23.85,0.73,4,-1,-1
178,22,294.14,175.53,26.85,25.60,0.95,4,-1,-1
178,26,336.89,426.44,73.09,95.14,1.00,4,-1,-1
178,27,393.26,167.63,30.75,21.10,0.98,4,-1,-1
178,44,388.91,188.40,42.07,24.02,0.99,4,-1,-1
178,45,462.57,323.18,39.66,45.34,0.98,7,-1,-1
178,56,554.63,295.81,20.71,30.43,0.89,10,-1,-1
178,60,354.65,230.14,77.71,37.25,1.00,4,-1,-1
178,66,434.00,432.25,80.75,100.77,0.99,4,-1,-1
178,78,502.43,243.17,76.62,30.33,0.99,4,-1,-1
178,129,473.18,254.00,52.63,30.15,0.85,7,-1,-1
178,191,367.27,137.82,17.03,19.35,0.80,4,-1,-1
178,198,232.60,254.02,91.78,33.01,0.99,4,-1,-1
178,202,536.62,229.06,74.95,28.71,0.99,4,-1,-1
178,233,234.02,275.45,63.07,32.93,0.96,7,-1,-1
178,252,540.05,405.14,89.75,92.08,1.00,4,-1,-1
178,255,396.58,145.00,21.08,19.40,0.98,4,-1,-1
178,268,209.30,295.87,39.39,24.41,0.91,10,-1,-1
178,276,39.93,291.96,104.41,47.67,1.00,4,-1,-1
178,57,451.03,294.00,38.16,27.88,0.96,8,-1,-1
178,286,639.14,224.16,72.74,30.13,0.98,4,-1,-1
178,150,505.61,331.88,58.41,56.79,0.99,4,-1,-1
178,300,24.70,247.23,41.74,26.78,0.93,10,-1,-1
178,301,149.96,223.10,20.45,28.79,0.97,10,-1,-1
178,130,333.45,273.33,30.81,25.16,0.83,10,-1,-1
178,304,379.62,127.66,18.20,16.62,0.96,4,-1,-1
178,271,253.35,144.49,12.98,17.31,0.78,10,-1,-1
178,244,905.13,430.36,41.65,40.68,0.27,10,-1,-1
178,306,164.72,222.97,20.02,26.34,0.77,10,-1,-1
178,308,105.09,209.81,16.87,22.46,0.94,10,-1,-1
178,169,380.53,275.00,38.33,28.68,0.62,8,-1,-1
178,314,48.24,261.02,35.02,27.90,0.91,10,-1,-1
178,317,67.74,229.41,29.91,24.96,0.92,10,-1,-1
178,318,32.22,357.25,35.16,45.55,0.96,10,-1,-1
178,31,376.63,174.14,14.43,20.54,0.90,10,-1,-1
178,43,281.83,226.32,74.10,32.07,0.56,10,-1,-1
178,262,168.85,257.90,37.15,23.51,0.49,10,-1,-1
178,220,565.39,270.51,15.73,31.96,0.86,2,-1,-1
178,272,443.81,336.55,21.75,41.67,0.98,2,-1,-1
178,175,451.18,268.71,37.79,28.48,0.91,10,-1,-1
178,328,159.82,239.50,33.62,21.68,0.92,10,-1,-1
178,329,693.82,419.59,26.63,39.69,0.35,2,-1,-1
178,263,235.34,209.85,25.97,21.08,0.95,10,-1,-1
178,333,441.21,202.14,14.62,24.05,0.59,10,-1,-1
178,289,221.60,193.20,16.66,24.36,0.33,10,-1,-1
178,335,214.29,215.98,18.80,26.58,0.81,10,-1,-1
178,274,809.01,463.74,22.08,47.36,0.86,1,-1,-1
178,336,281.00,226.00,74.28,32.85,0.89,5,-1,-1
178,337,377.28,152.93,12.66,18.38,0.81,10,-1,-1
178,338,428.81,209.43,13.26,25.61,0.64,1,-1,-1
178,35,421.57,180.62,20.47,23.76,0.83,4,-1,-1
179,1,22.83,195.66,61.27,27.25,0.98,4,-1,-1
179,4,83.75,177.12,48.76,25.93,0.97,4,-1,-1
179,8,145.32,179.76,32.63,23.10,0.99,4,-1,-1
179,16,254.56,178.56,28.36,27.06,0.98,4,-1,-1
179,17,260.79,165.35,25.80,24.06,0.75,4,-1,-1
179,22,294.33,175.62,26.62,25.61,0.97,4,-1,-1
179,26,337.32,426.76,72.97,95.58,1.00,4,-1,-1
179,27,393.63,167.48,30.74,21.27,0.98,4,-1,-1
179,44,388.29,188.11,41.66,24.08,0.99,4,-1,-1
179,45,462.78,323.48,39.76,45.17,0.99,7,-1,-1
179,56,555.51,295.67,20.58,30.61,0.81,10,-1,-1
179,60,352.07,230.33,77.38,37.59,0.99,4,-1,-1
179,66,434.19,432.32,81.13,101.49,0.99,4,-1,-1
179,78,504.02,243.36,77.75,30.20,0.99,4,-1,-1
179,129,478.17,254.86,49.93,29.13,0.59,7,-1,-1
179,191,367.13,137.62,17.30,19.64,0.90,4,-1,-1
179,198,235.69,253.94,91.61,33.06,1.00,4,-1,-1
179,202,535.03,229.34,74.80,29.04,0.99,4,-1,-1
179,233,236.06,275.06,63.42,33.24,0.89,7,-1,-1
179,252,539.65,404.38,89.84,92.47,1.00,4,-1,-1
179,255,396.80,144.93,20.69,19.51,0.97,4,-1,-1
179,268,213.27,295.89,39.86,24.20,0.93,10,-1,-1
179,276,44.18,292.58,103.55,48.11,1.00,4,-1,-1
179,57,445.42,295.45,38.89,28.51,0.97,8,-1,-1
179,286,637.13,224.41,73.27,30.32,0.99,4,-1,-1
179,150,505.62,332.04,58.80,56.66,0.99,4,-1,-1
179,300,21.41,249.26,40.41,25.85,0.92,10,-1,-1
179,301,150.15,223.43,21.10,27.43,0.97,10,-1,-1
179,130,334.87,273.98,31.23,25.31,0.87,10,-1,-1
179,304,378.97,127.43,18.92,17.18,0.90,4,-1,-1
179,271,252.75,144.84,13.36,17.51,0.84,10,-1,-1
179,244,905.30,430.35,41.92,41.25,0.58,10,-1,-1
179,306,165.30,222.43,18.56,25.41,0.63,10,-1,-1
179,308,105.39,210.04,16.24,22.34,0.91,10,-1,-1
179,169,383.59,274.21,38.41,29.10,0.46,8,-1,-1
179,314,40.92,264.12,35.01,25.92,0.89,10,-1,-1
179,317,71.86,229.67,29.79,24.82,0.90,10,-1,-1
179,318,33.94,358.33,35.52,46.84,0.88,10,-1,-1
179,31,376.12,173.79,14.40,20.69,0.88,10,-1,-1
179,43,286.08,226.31,71.97,31.75,0.68,10,-1,-1
179,262,163.49,258.71,37.09,23.29,0.38,10,-1,-1
179,220,564.62,270.97,16.08,31.35,0.88,2,-1,-1
179,272,443.20,335.17,22.06,42.37,0.97,10,-1,-1
179,175,453.64,267.87,38.69,28.47,0.92,10,-1,-1
179,328,156.17,240.47,34.52,20.70,0.94,10,-1,-1
179,329,694.13,420.18,25.91,39.83,0.42,2,-1,-1
179,263,238.32,209.61,25.89,21.42,0.94,10,-1,-1
179,333,440.46,202.32,14.92,23.18,0.70,10,-1,-1
179,289,221.55,193.71,16.61,24.24,0.72,10,-1,-1
179,335,214.40,216.43,18.71,26.30,0.91,10,-1,-1
179,274,809.26,464.26,21.80,46.33,0.89,1,-1,-1
179,336,283.31,226.04,74.16,32.85,0.87,5,-1,-1
179,337,377.06,152.97,12.66,18.14,0.90,10,-1,-1
179,338,428.83,209.48,13.26,25.37,0.70,1,-1,-1
179,35,421.78,181.02,20.51,23.87,0.62,4,-1,-1
180,1,22.73,196.05,61.81,27.18,0.96,4,-1,-1
180,4,83.64,177.30,49.00,25.93,0.96,4,-1,-1
180,8,145.32,180.01,32.61,22.97,0.99,4,-1,-1
180,16,254.70,178.79,28.14,26.91,0.97,4,-1,-1
180,17,261.20,165.82,25.48,23.74,0.80,4,-1,-1
180,22,294.68,175.92,26.44,25.42,0.95,4,-1,-1
180,26,337.47,427.27,72.94,95.76,1.00,4,-1,-1
180,27,394.14,167.50,30.74,21.13,0.97,4,-1,-1
180,44,387.89,187.78,41.52,24.10,0.99,4,-1,-1
180,45,463.06,324.16,39.80,44.71,0.99,7,-1,-1
180,56,556.23,295.50,20.53,30.38,0.88,10,-1,-1
180,60,349.21,230.77,77.67,37.72,0.99,4,-1,-1
180,66,434.46,432.54,80.90,101.77,0.99,4,-1,-1
180,78,506.72,243.30,77.40,30.35,0.99,4,-1,-1
180,129,484.69,256.38,45.56,27.32,0.64,7,-1,-1
180,191,367.26,137.41,17.80,19.86,0.89,4,-1,-1
180,198,238.93,253.90,91.16,32.88,1.00,4,-1,-1
180,202,533.52,229.61,74.35,28.97,0.99,4,-1,-1
180,233,239.21,275.61,62.37,32.57,0.85,7,-1,-1
180,252,539.54,404.32,89.51,92.24,1.00,4,-1,-1
180,255,397.06,145.12,20.54,19.50,0.98,4,-1,-1
180,268,217.47,295.61,40.64,24.62,0.85,10,-1,-1
180,276,48.22,293.79,102.67,47.87,1.00,4,-1,-1
180,57,440.71,296.63,38.38,28.85,0.96,8,-1,-1
180,286,635.27,225.05,72.69,29.99,0.99,4,-1,-1
180,150,506.04,332.09,58.57,56.62,0.99,4,-1,-1
180,300,17.33,250.23,39.49,25.69,0.90,10,-1,-1
180,301,150.62,223.64,19.91,26.73,0.95,10,-1,-1
180,130,336.72,274.77,31.39,25.18,0.81,10,-1,-1
180,304,378.14,127.37,19.18,16.89,0.74,4,-1,-1
180,271,252.42,145.34,13.30,17.39,0.55,10,-1,-1
180,244,905.03,430.51,42.04,41.46,0.48,10,-1,-1
180,306,165.70,223.34,17.78,25.49,0.58,10,-1,-1
180,308,105.30,210.11,16.51,22.50,0.94,10,-1,-1
180,169,387.22,274.40,38.05,29.07,0.77,8,-1,-1
180,314,33.52,266.43,35.36,24.53,0.77,10,-1,-1
180,317,75.67,231.08,30.37,23.77,0.79,10,-1,-1
180,318,36.76,361.62,33.96,47.71,0.92,10,-1,-1
180,31,375.74,173.64,14.40,20.54,0.91,10,-1,-1
180,43,287.65,226.29,72.12,31.44,0.42,10,-1,-1
180,262,157.27,259.57,37.48,23.61,0.52,10,-1,-1
180,220,564.16,271.13,16.21,31.32,0.83,2,-1,-1
180,272,442.41,331.08,23.39,46.22,0.97,10,-1,-1
180,175,457.24,268.13,38.24,28.06,0.72,10,-1,-1
180,328,151.83,242.04,35.12,19.97,0.87,10,-1,-1
180,329,695.53,420.17,24.78,39.45,0.22,2,-1,-1
180,263,241.31,209.11,25.46,21.76,0.94,10,-1,-1
180,333,440.01,202.24,15.02,23.36,0.47,10,-1,-1
180,289,221.81,194.48,16.59,23.59,0.68,10,-1,-1
180,335,214.64,217.38,18.45,25.26,0.87,10,-1,-1
180,274,809.81,464.84,21.70,46.35,0.90,1,-1,-1
180,336,285.38,226.05,73.68,32.62,0.92,5,-1,-1
180,337,377.02,152.79,12.66,17.92,0.74,10,-1,-1
180,338,428.61,209.60,13.26,24.86,0.78,1,-1,-1
180,35,421.65,181.23,20.92,23.90,0.31,4,-1,-1
180,339,37.18,358.90,28.78,44.00,0.72,2,-1,-1
180,340,451.41,288.08,18.68,31.64,0.79,2,-1,-1
180,266,391.51,263.19,55.86,25.94,0.55,4,-1,-1
181,1,21.87,196.06,63.12,27.35,0.94,4,-1,-1
181,4,83.68,177.44,49.18,25.93,0.97,4,-1,-1
181,8,145.35,180.07,32.40,22.92,0.99,4,-1,-1
181,16,254.76,178.95,28.25,26.84,0.97,4,-1,-1
181,17,261.46,165.89,25.15,23.41,0.80,4,-1,-1
181,22,294.92,176.31,26.27,25.34,0.92,4,-1,-1
181,26,337.71,427.61,72.92,95.82,1.00,4,-1,-1
181,27,394.71,167.91,30.34,20.48,0.95,4,-1,-1
181,44,387.56,187.66,40.67,23.91,0.99,4,-1,-1
181,45,463.14,324.98,39.81,44.55,0.99,7,-1,-1
181,56,557.04,296.34,20.51,29.80,0.91,10,-1,-1
181,60,346.65,231.10,77.36,38.75,0.99,4,-1,-1
181,66,434.54,432.77,80.79,101.87,0.99,4,-1,-1
181,78,510.81,243.47,76.06,30.41,0.99,4,-1,-1
181,129,487.80,256.52,45.16,27.90,0.76,7,-1,-1
181,191,367.50,137.23,17.60,19.84,0.86,4,-1,-1
181,198,241.65,254.06,91.19,32.62,0.99,4,-1,-1
181,202,531.40,229.40,74.98,29.74,0.99,4,-1,-1
181,233,241.72,275.59,62.76,31.91,0.89,7,-1,-1
181,252,539.68,404.11,89.18,91.75,1.00,4,-1,-1
181,255,396.96,145.29,20.49,19.20,0.99,4,-1,-1
181,268,221.68,295.17,40.53,24.88,0.90,10,-1,-1
181,276,52.26,294.98,101.90,47.38,1.00,4,-1,-1
181,57,436.11,297.31,36.98,30.06,0.95,8,-1,-1
181,286,633.40,225.39,72.45,29.87,0.99,4,-1,-1
181,150,505.77,331.89,58.87,56.60,0.99,4,-1,-1
181,300,13.13,249.82,38.33,26.63,0.92,10,-1,-1
181,301,150.87,223.57,19.70,28.11,0.92,10,-1,-1
181,130,338.95,273.59,31.04,26.56,0.64,10,-1,-1
181,304,378.82,127.64,18.10,16.68,0.67,4,-1,-1
181,271,252.23,145.80,13.27,17.65,0.57,10,-1,-1
181,244,907.62,431.93,39.69,40.75,0.17,10,-1,-1
181,306,165.96,224.64,18.33,26.72,0.73,10,-1,-1
181,308,105.79,210.10,16.31,22.56,0.90,10,-1,-1
181,169,390.85,276.04,37.52,27.26,0.76,8,-1,-1
181,314,25.76,267.16,36.06,24.69,0.95,10,-1,-1
181,317,80.24,232.12,30.16,22.15,0.84,10,-1,-1
181,318,37.69,361.67,34.64,50.71,0.92,10,-1,-1
181,31,375.01,173.59,14.40,20.09,0.88,10,-1,-1
181,43,288.56,225.97,72.99,31.73,0.33,10,-1,-1
181,262,151.13,260.21,38.16,23.53,0.50,10,-1,-1
181,220,563.38,270.78,16.65,31.31,0.84,2,-1,-1
181,272,441.33,328.19,24.27,48.82,0.96,10,-1,-1
181,175,461.05,269.32,37.26,26.50,0.67,10,-1,-1
181,328,148.78,242.93,33.90,19.96,0.88,10,-1,-1
181,329,696.40,420.14,23.51,39.30,0.33,2,-1,-1
181,263,244.14,208.92,25.66,21.69,0.95,10,-1,-1
181,333,439.87,202.43,14.62,22.77,0.69,10,-1,-1
181,289,221.93,194.63,16.38,23.54,0.73,10,-1,-1
181,335,215.07,218.56,18.14,24.26,0.90,10,-1,-1
181,274,810.34,465.23,21.66,47.16,0.69,1,-1,-1
181,336,287.71,225.78,73.04,32.54,0.94,5,-1,-1
181,337,377.23,152.78,12.66,17.55,0.90,10,-1,-1
181,338,428.51,209.37,13.26,24.93,0.83,1,-1,-1
181,35,421.59,181.60,20.68,23.71,0.28,4,-1,-1
181,339,38.25,359.14,27.80,43.52,0.56,2,-1,-1
181,340,447.56,289.80,18.68,29.71,0.81,2,-1,-1
181,266,393.40,263.58,57.01,26.12,0.23,10,-1,-1
181,341,468.28,316.71,18.68,27.72,0.63,2,-1,-1
181,342,810.00,464.67,22.90,50.02,0.73,1,-1,-1
181,299,558.61,293.83,16.26,30.22,0.83,2,-1,-1
182,1,21.79,196.38,63.12,27.41,0.85,4,-1,-1
182,4,84.20,177.70,48.76,25.73,0.94,4,-1,-1
182,8,145.60,180.10,32.07,22.90,0.99,4,-1,-1
182,16,255.09,179.11,28.10,26.82,0.98,4,-1,-1
182,17,261.76,166.00,25.04,23.08,0.72,4,-1,-1
182,22,294.91,176.45,26.31,25.51,0.95,4,-1,-1
182,26,338.03,427.72,72.92,95.83,1.00,4,-1,-1
182,27,395.91,167.85,30.19,20.44,0.98,4,-1,-1
182,44,387.29,187.21,39.96,24.04,0.99,4,-1,-1
182,45,463.19,325.25,39.81,44.10,0.99,7,-1,-1
182,56,557.95,296.83,20.10,29.18,0.85,10,-1,-1
182,60,344.01,231.70,77.64,38.34,0.99,4,-1,-1
182,66,434.99,433.23,80.76,101.49,1.00,4,-1,-1
182,78,513.67,243.40,75.55,30.63,0.99,4,-1,-1
182,129,478.50,255.74,56.38,29.10,0.67,7,-1,-1
182,191,368.00,137.45,17.12,19.43,0.92,4,-1,-1
182,198,244.58,253.72,91.41,33.12,1.00,4,-1,-1
182,202,528.10,229.68,76.41,29.83,1.00,4,-1,-1
182,233,244.08,275.68,62.31,32.07,0.90,7,-1,-1
182,252,539.58,403.64,89.28,91.57,1.00,4,-1,-1
182,255,397.32,145.53,20.07,19.08,0.99,4,-1,-1
182,268,225.91,294.82,39.69,25.37,0.90,10,-1,-1
182,276,56.34,296.03,101.50,46.77,1.00,4,-1,-1
182,57,430.80,299.36,37.64,30.60,0.93,8,-1,-1
182,286,631.19,225.67,72.36,30.02,0.98,4,-1,-1
182,150,505.50,331.39,58.99,57.40,0.98,4,-1,-1
182,300,9.28,251.65,39.33,26.39,0.80,10,-1,-1
182,301,150.40,223.55,20.79,29.80,0.92,10,-1,-1
182,130,341.54,273.34,30.51,27.07,0.80,10,-1,-1
182,304,378.70,127.72,17.67,16.40,0.90,4,-1,-1
182,271,251.87,146.50,13.27,17.29,0.85,10,-1,-1
182,244,907.00,431.20,40.44,41.68,0.41,10,-1,-1
182,306,166.76,224.24,17.53,27.37,0.75,10,-1,-1
182,308,105.93,209.91,16.55,22.78,0.93,10,-1,-1
182,169,394.11,276.21,37.74,26.80,0.71,8,-1,-1
182,314,17.16,268.02,36.90,24.75,0.97,10,-1,-1
182,317,84.51,232.22,29.38,21.76,0.84,10,-1,-1
182,318,38.26,364.35,35.77,51.09,0.92,10,-1,-1
182,31,375.16,173.57,13.61,19.52,0.91,10,-1,-1
182,43,290.43,225.65,72.53,32.04,0.27,10,-1,-1
182,262,145.79,260.43,37.68,23.70,0.68,10,-1,-1
182,220,563.31,271.42,16.03,28.92,0.96,2,-1,-1
182,272,441.94,327.83,23.45,48.30,0.95,10,-1,-1
182,175,463.97,269.76,37.29,26.71,0.67,10,-1,-1
182,328,145.03,242.89,34.62,20.39,0.89,10,-1,-1
182,329,696.31,418.25,23.89,40.06,0.67,2,-1,-1
182,263,246.52,208.76,26.13,22.07,0.87,10,-1,-1
182,333,439.42,202.37,14.48,22.36,0.68,10,-1,-1
182,289,222.19,195.17,16.11,23.12,0.72,10,-1,-1
182,335,215.42,219.01,17.83,24.21,0.86,10,-1,-1
182,274,810.98,465.91,21.66,48.26,0.86,1,-1,-1
182,336,289.96,225.70,73.77,31.84,0.87,4,-1,-1
182,337,377.29,152.99,11.75,16.99,0.89,10,-1,-1
182,338,428.27,209.29,13.26,24.96,0.83,1,-1,-1
182,35,421.78,181.81,20.58,23.43,0.55,4,-1,-1
182,339,38.57,361.06,28.09,43.42,0.54,2,-1,-1
182,340,443.58,291.67,18.22,31.11,0.55,2,-1,-1
182,341,467.82,316.73,19.17,27.72,0.59,2,-1,-1
182,342,810.99,465.42,21.94,48.58,0.72,2,-1,-1
182,299,559.68,293.72,16.28,30.14,0.90,2,-1,-1
183,1,20.00,195.98,65.22,28.03,0.95,4,-1,-1
183,4,84.48,177.69,48.69,25.85,0.93,4,-1,-1
183,8,145.69,180.20,31.95,23.10,0.99,4,-1,-1
183,16,255.10,179.17,28.04,26.81,0.98,4,-1,-1
183,17,261.66,165.75,25.39,23.96,0.80,4,-1,-1
183,22,294.89,176.50,26.53,25.78,0.96,4,-1,-1
183,26,338.31,427.95,72.91,95.84,1.00,4,-1,-1
183,27,396.53,167.74,29.73,20.43,0.97,4,-1,-1
183,44,386.80,186.96,39.31,24.08,0.99,4,-1,-1
183,45,462.99,324.74,40.21,45.15,0.97,7,-1,-1
183,56,558.64,296.43,19.95,29.35,0.92,10,-1,-1
183,60,340.52,231.92,78.93,38.17,0.99,4,-1,-1
183,66,434.73,433.40,81.15,101.35,0.99,4,-1,-1
183,78,514.82,243.29,77.76,31.31,0.99,4,-1,-1
183,129,476.68,255.06,60.23,30.15,0.61,7,-1,-1
183,191,367.98,137.40,17.34,19.63,0.88,4,-1,-1
183,198,247.45,253.70,91.20,33.12,1.00,4,-1,-1
183,202,524.13,229.60,78.52,30.06,0.99,4,-1,-1
183,233,247.76,275.42,61.04,31.74,0.55,7,-1,-1
183,252,539.13,402.91,88.92,91.92,1.00,4,-1,-1
183,255,397.24,145.43,20.32,19.24,0.99,4,-1,-1
183,268,229.91,294.29,39.16,25.76,0.91,10,-1,-1
183,276,59.79,296.88,101.38,47.05,0.99,4,-1,-1
183,57,425.78,301.88,38.28,29.64,0.92,8,-1,-1
183,286,629.22,225.59,73.13,30.48,0.97,4,-1,-1
183,150,505.77,331.42,58.63,57.30,0.99,4,-1,-1
183,300,5.70,253.12,38.37,25.50,0.83,10,-1,-1
183,301,148.65,223.34,23.34,33.37,0.95,10,-1,-1
183,130,343.63,272.52,29.89,28.26,0.27,10,-1,-1
183,304,378.06,127.76,17.52,16.50,0.94,4,-1,-1
183,271,251.35,147.30,13.26,17.21,0.71,10,-1,-1
183,244,906.33,431.15,41.51,41.63,0.58,10,-1,-1
183,306,167.25,224.27,17.43,27.63,0.92,10,-1,-1
183,308,105.91,209.62,16.84,22.86,0.89,10,-1,-1
183,169,396.39,275.03,39.42,28.29,0.59,8,-1,-1
183,314,9.78,268.57,36.19,25.00,0.92,10,-1,-1
183,317,88.43,231.54,29.58,22.04,0.88,10,-1,-1
183,318,39.42,367.29,35.68,50.80,0.93,10,-1,-1
183,31,375.03,173.28,13.31,19.51,0.89,10,-1,-1
183,43,292.54,225.33,72.67,31.96,0.94,10,-1,-1
183,262,139.46,260.76,38.14,24.56,0.57,10,-1,-1
183,220,563.09,271.28,15.79,29.44,0.90,2,-1,-1
183,272,442.20,328.17,23.11,47.27,0.95,10,-1,-1
183,175,467.32,270.24,36.91,26.38,0.83,10,-1,-1
183,328,141.40,243.75,36.03,21.79,0.69,10,-1,-1
183,329,695.83,418.79,25.65,40.33,0.71,2,-1,-1
183,263,249.38,209.40,26.69,21.42,0.79,10,-1,-1
183,333,438.84,202.25,14.44,22.23,0.82,10,-1,-1
183,289,222.39,195.56,16.00,22.76,0.78,10,-1,-1
183,335,215.52,219.56,17.73,23.78,0.86,10,-1,-1
183,274,811.57,466.40,21.66,49.86,0.82,1,-1,-1
183,336,291.91,225.24,72.71,32.06,0.16,5,-1,-1
183,337,376.84,152.51,12.36,17.71,0.87,10,-1,-1
183,338,428.18,209.27,12.82,24.98,0.83,1,-1,-1
183,35,421.63,181.90,20.54,23.52,0.74,4,-1,-1
183,339,39.30,363.09,27.78,43.39,0.61,2,-1,-1
183,340,438.67,293.42,17.59,30.87,0.74,2,-1,-1
183,342,811.17,466.30,22.69,50.64,0.72,1,-1,-1
183,299,560.62,293.70,16.29,29.91,0.92,2,-1,-1
183,343,8.17,247.40,38.84,28.33,0.61,10,-1,-1
183,283,238.13,284.02,17.76,31.58,0.71,2,-1,-1
184,1,20.78,196.46,64.41,27.66,0.91,4,-1,-1
184,4,84.84,177.81,48.27,25.69,0.97,4,-1,-1
184,8,145.92,180.26,31.71,23.16,0.99,4,-1,-1
184,16,255.09,179.30,28.22,26.81,0.98,4,-1,-1
184,17,261.61,165.86,25.13,23.69,0.70,4,-1,-1
184,22,294.88,176.71,26.81,25.87,0.95,4,-1,-1
184,26,338.44,428.01,72.92,95.83,1.00,4,-1,-1
184,27,397.13,167.49,29.97,20.63,0.99,4,-1,-1
184,44,386.23,186.87,39.08,24.10,0.99,4,-1,-1
184,45,462.91,324.71,40.36,45.13,0.97,7,-1,-1
184,56,559.68,297.25,19.49,28.22,0.97,10,-1,-1
184,60,337.12,232.20,79.02,38.29,0.99,4,-1,-1
184,66,435.04,433.63,80.90,101.28,0.99,4,-1,-1
184,78,516.95,243.81,77.80,30.96,0.99,4,-1,-1
184,129,490.37,256.74,48.98,28.19,0.54,7,-1,-1
184,191,367.75,137.53,17.42,19.85,0.95,4,-1,-1
184,198,250.43,254.00,90.72,33.30,0.97,4,-1,-1
184,202,521.11,229.74,79.72,29.93,0.99,4,-1,-1
184,233,251.46,275.83,59.16,30.41,0.27,7,-1,-1
184,252,539.19,402.23,88.21,91.24,1.00,4,-1,-1
184,255,397.19,145.58,20.81,19.30,0.99,4,-1,-1
184,268,233.96,294.50,38.56,25.50,0.86,10,-1,-1
184,276,63.83,297.71,100.48,47.03,0.99,4,-1,-1
184,57,420.70,305.08,38.13,29.13,0.84,8,-1,-1
184,286,628.13,225.81,72.62,30.25,0.96,4,-1,-1
184,150,505.67,331.41,58.51,56.86,0.99,4,-1,-1
184,300,6.53,249.25,35.63,27.57,0.74,10,-1,-1
184,301,148.79,223.28,23.51,32.83,0.93,10,-1,-1
184,130,345.95,274.35,29.66,26.75,0.30,10,-1,-1
184,304,377.41,128.03,18.27,17.13,0.91,4,-1,-1
184,271,250.76,147.55,13.06,17.53,0.78,10,-1,-1
184,244,906.47,430.84,41.13,42.00,0.58,10,-1,-1
184,306,167.22,224.39,17.40,28.11,0.93,10,-1,-1
184,308,106.10,210.33,16.65,22.49,0.87,10,-1,-1
184,169,400.11,275.69,37.70,26.64,0.75,8,-1,-1
184,314,1.56,266.46,36.73,27.71,0.83,10,-1,-1
184,317,92.19,230.52,29.26,22.34,0.92,10,-1,-1
184,318,39.68,370.00,36.60,51.42,0.94,10,-1,-1
184,31,374.58,173.18,13.21,19.31,0.92,10,-1,-1
184,43,294.05,224.93,71.94,32.12,0.63,10,-1,-1
184,262,133.21,261.48,38.11,24.68,0.86,10,-1,-1
184,220,563.22,271.20,15.30,28.82,0.92,2,-1,-1
184,272,442.32,331.91,21.79,42.88,0.92,10,-1,-1
184,175,470.64,270.60,35.97,25.85,0.82,10,-1,-1
184,328,136.94,244.37,36.41,22.30,0.89,10,-1,-1
184,329,695.27,420.35,25.51,39.22,0.75,2,-1,-1
184,263,252.25,208.87,25.91,21.37,0.80,10,-1,-1
184,333,438.44,202.20,14.01,21.99,0.78,10,-1,-1
184,289,222.16,195.91,15.76,22.62,0.89,10,-1,-1
184,335,215.64,219.62,17.92,24.08,0.90,10,-1,-1
184,274,811.80,466.89,22.46,50.46,0.81,1,-1,-1
184,336,294.20,225.09,70.63,32.14,0.80,5,-1,-1
184,337,376.90,152.30,12.13,17.69,0.91,10,-1,-1
184,338,428.15,209.36,13.54,24.99,0.66,10,-1,-1
184,35,421.77,182.02,20.53,23.55,0.90,4,-1,-1
184,339,39.37,365.05,27.56,42.47,0.77,2,-1,-1
184,340,433.62,295.95,17.42,30.05,0.69,2,-1,-1
184,342,811.69,466.74,22.94,49.47,0.57,1,-1,-1
184,299,561.54,292.47,15.90,30.40,0.92,2,-1,-1
184,283,241.92,284.11,16.95,31.38,0.52,2,-1,-1
184,344,443.57,331.77,20.49,38.57,0.62,2,-1,-1
184,345,475.21,261.26,19.29,31.64,0.62,2,-1,-1
184,346,488.47,237.61,13.26,22.90,0.63,2,-1,-1
184,307,455.95,204.30,27.17,22.93,0.57,7,-1,-1
185,1,20.75,196.86,64.25,27.51,0.88,4,-1,-1
185,4,85.28,177.98,48.01,25.63,0.95,4,-1,-1
185,8,146.17,180.49,31.88,23.19,0.99,4,-1,-1
185,16,255.11,179.36,28.69,26.80,0.96,4,-1,-1
185,17,261.71,166.22,25.04,23.98,0.77,4,-1,-1
185,22,294.99,177.00,27.02,25.91,0.96,4,-1,-1
185,26,338.50,428.04,73.33,96.22,1.00,4,-1,-1
185,27,397.74,167.71,30.06,20.11,0.97,4,-1,-1
185,44,385.86,186.67,39.02,24.30,0.99,4,-1,-1
185,45,462.90,323.70,40.41,46.33,0.99,7,-1,-1
185,56,560.26,297.78,20.13,27.39,0.93,10,-1,-1
185,60,334.18,232.40,78.65,38.32,1.00,4,-1,-1
185,66,435.18,433.92,80.81,101.25,0.99,4,-1,-1
185,78,519.27,244.32,78.20,30.62,0.99,4,-1,-1
185,129,493.71,255.79,48.50,29.45,0.39,7,-1,-1
185,191,367.68,137.55,17.46,19.98,0.94,4,-1,-1
185,198,253.46,253.74,91.35,33.77,1.00,4,-1,-1
185,202,518.08,229.60,80.95,30.88,0.99,4,-1,-1
185,233,254.16,276.00,58.67,29.71,0.67,7,-1,-1
185,252,539.24,402.01,87.96,90.59,1.00,4,-1,-1
185,255,397.19,145.85,21.00,19.33,0.98,4,-1,-1
185,268,238.03,294.51,37.74,25.30,0.81,10,-1,-1
185,276,67.53,298.71,99.95,46.92,1.00,4,-1,-1
185,57,415.41,306.24,38.86,29.93,0.86,8,-1,-1
185,286,626.62,226.29,71.63,29.76,0.97,4,-1,-1
185,150,505.66,331.42,58.46,56.69,0.98,4,-1,-1
185,300,5.62,249.05,33.77,27.15,0.82,10,-1,-1
185,301,148.93,223.37,23.02,31.60,0.97,10,-1,-1
185,130,347.77,272.64,29.98,29.18,0.34,10,-1,-1
185,304,377.19,128.23,18.15,17.37,0.91,4,-1,-1
185,271,249.87,147.75,13.39,18.04,0.93,10,-1,-1
185,244,906.94,431.50,40.99,41.74,0.44,10,-1,-1
185,306,167.32,224.65,17.20,28.29,0.90,10,-1,-1
185,308,105.74,210.82,16.98,22.15,0.84,10,-1,-1
185,169,404.03,277.88,39.03,26.22,0.82,8,-1,-1
185,314,-1.91,267.17,32.54,29.08,0.56,10,-1,-1
185,317,96.56,230.37,28.53,22.06,0.82,10,-1,-1
185,318,41.00,374.13,35.96,50.46,0.92,10,-1,-1
185,31,374.24,172.77,13.18,19.45,0.92,10,-1,-1
185,43,296.16,225.00,72.48,31.98,0.92,10,-1,-1
185,262,126.92,262.24,38.39,24.72,0.91,10,-1,-1
185,220,562.69,270.57,15.93,28.20,0.79,2,-1,-1
185,272,442.21,335.29,20.88,39.10,0.93,10,-1,-1
185,175,473.38,270.33,36.43,26.06,0.88,10,-1,-1
185,328,133.72,244.00,35.65,22.50,0.69,10,-1,-1
185,329,696.26,419.95,25.44,39.60,0.46,2,-1,-1
185,263,255.54,208.69,25.39,21.35,0.43,10,-1,-1
185,333,437.91,201.99,14.28,22.74,0.77,10,-1,-1
185,289,222.19,196.74,15.48,21.97,0.88,10,-1,-1
185,335,215.80,219.74,17.37,24.41,0.85,10,-1,-1
185,274,812.30,467.27,22.76,49.89,0.81,1,-1,-1
185,337,376.73,152.19,12.48,17.74,0.92,10,-1,-1
185,338,428.16,209.41,13.37,25.20,0.76,1,-1,-1
185,35,421.84,182.17,20.92,23.75,0.94,4,-1,-1
185,339,39.06,367.83,28.31,40.85,0.87,2,-1,-1
185,340,427.34,297.69,17.82,31.43,0.39,2,-1,-1
185,342,812.32,467.32,22.99,47.64,0.45,2,-1,-1
185,299,562.28,291.52,16.15,30.88,0.85,2,-1,-1
185,283,245.60,284.46,16.07,31.21,0.53,2,-1,-1
185,346,487.04,237.75,14.22,22.66,0.55,2,-1,-1
185,307,455.13,204.91,27.51,22.44,0.50,7,-1,-1
185,266,427.56,257.31,33.32,27.01,0.70,10,-1,-1
186,1,20.60,197.01,64.25,27.65,0.91,4,-1,-1
186,4,84.49,177.83,48.92,26.01,0.96,4,-1,-1
186,8,146.25,180.67,32.10,23.40,0.99,4,-1,-1
186,16,255.06,179.37,29.06,27.00,0.96,4,-1,-1
186,17,261.89,166.54,24.80,24.09,0.73,4,-1,-1
186,22,295.08,177.20,26.80,25.72,0.94,4,-1,-1
186,26,338.88,428.25,73.09,95.98,1.00,4,-1,-1
186,27,397.72,167.58,30.50,20.32,0.97,4,-1,-1
186,44,385.51,185.99,38.61,24.77,0.99,4,-1,-1
186,45,462.87,323.71,40.83,46.78,0.97,7,-1,-1
186,56,561.22,297.04,20.37,27.81,0.92,10,-1,-1
186,60,331.55,232.56,78.51,37.73,1.00,4,-1,-1
186,66,435.59,434.22,80.39,101.25,1.00,4,-1,-1
186,78,521.82,244.50,77.96,30.29,0.99,4,-1,-1
186,129,491.57,255.24,53.18,29.89,0.30,7,-1,-1
186,191,367.41,137.44,18.27,20.23,0.96,4,-1,-1
186,198,256.74,253.43,90.90,34.15,1.00,4,-1,-1
186,202,518.35,229.73,78.27,30.24,0.98,4,-1,-1
186,233,256.13,275.95,59.21,29.27,0.66,7,-1,-1
186,252,539.05,401.55,87.68,89.96,1.00,4,-1,-1
186,255,396.95,145.68,21.47,19.89,0.97,4,-1,-1
186,268,241.44,294.42,37.64,25.32,0.94,10,-1,-1
186,276,70.94,299.16,99.26,46.98,1.00,4,-1,-1
186,57,409.99,307.31,39.53,31.31,0.95,8,-1,-1
186,286,624.50,226.45,72.06,29.78,0.97,4,-1,-1
186,150,506.03,331.22,58.45,56.63,0.98,4,-1,-1
186,300,1.38,249.45,34.05,28.16,0.87,10,-1,-1
186,301,149.37,223.49,22.37,31.10,0.94,10,-1,-1
186,130,349.15,271.84,30.89,30.23,0.32,10,-1,-1
186,304,376.29,128.40,18.91,17.56,0.95,4,-1,-1
186,271,249.61,148.24,13.31,17.69,0.86,10,-1,-1
186,244,907.10,432.34,40.94,40.84,0.40,10,-1,-1
186,306,167.80,224.83,16.93,27.77,0.95,10,-1,-1
186,308,105.30,210.79,17.80,23.83,0.83,10,-1,-1
186,169,406.94,279.36,40.31,25.06,0.66,8,-1,-1
186,314,-2.59,268.30,25.35,28.47,0.51,10,-1,-1
186,317,99.93,230.42,28.97,21.76,0.81,10,-1,-1
186,318,41.02,376.66,35.83,51.23,0.90,10,-1,-1
186,31,374.09,172.51,13.18,19.70,0.95,10,-1,-1
186,43,298.73,224.72,71.80,31.93,0.96,10,-1,-1
186,262,120.92,262.50,38.70,25.13,0.89,10,-1,-1
186,220,562.68,270.03,15.76,27.17,0.85,2,-1,-1
186,272,441.76,334.45,20.96,39.00,0.96,10,-1,-1
186,175,476.85,270.83,35.81,25.34,0.95,10,-1,-1
186,328,130.50,242.92,34.34,23.97,0.65,10,-1,-1
186,329,697.42,418.59,25.41,40.54,0.56,2,-1,-1
186,263,258.53,208.73,25.39,21.15,0.49,10,-1,-1
186,333,437.30,201.90,13.97,22.41,0.84,10,-1,-1
186,289,222.06,196.93,15.38,21.73,0.87,10,-1,-1
186,335,215.70,219.86,17.39,24.54,0.82,10,-1,-1
186,274,812.87,467.99,22.88,49.26,0.62,1,-1,-1
186,337,376.84,151.83,12.19,17.96,0.46,10,-1,-1
186,338,427.93,209.73,14.13,25.07,0.80,1,-1,-1
186,35,422.02,182.21,20.67,23.82,0.93,4,-1,-1
186,339,39.55,370.42,28.20,42.95,0.73,2,-1,-1
186,340,420.91,298.33,18.82,31.15,0.61,2,-1,-1
186,342,812.51,468.14,23.87,49.28,0.72,1,-1,-1
186,299,563.51,291.94,15.85,29.49,0.77,2,-1,-1
186,283,249.37,284.38,16.16,31.15,0.83,2,-1,-1
186,346,484.26,238.36,14.86,23.31,0.61,2,-1,-1
186,307,454.81,205.08,27.18,22.49,0.32,7,-1,-1
186,266,435.17,256.65,27.96,26.50,0.81,10,-1,-1
186,347,133.57,234.59,27.35,30.74,0.67,10,-1,-1
186,348,482.75,262.77,18.68,30.44,0.75,2,-1,-1
186,349,488.17,229.47,29.53,17.18,0.69,10,-1,-1
186,350,496.91,189.39,37.97,27.12,0.60,7,-1,-1
187,1,20.49,197.17,64.49,27.71,0.91,4,-1,-1
187,4,84.61,178.39,48.66,25.56,0.92,4,-1,-1
187,8,146.30,180.67,32.12,23.28,0.99,4,-1,-1
187,16,255.20,179.52,29.20,26.88,0.96,4,-1,-1
187,17,262.12,166.01,24.71,24.12,0.54,4,-1,-1
187,22,294.97,177.22,26.91,25.65,0.94,4,-1,-1
187,26,339.23,428.05,72.58,96.28,1.00,4,-1,-1
187,27,398.13,167.51,30.26,20.20,0.96,4,-1,-1
187,44,385.45,185.61,37.66,24.95,0.97,4,-1,-1
187,45,462.67,323.47,40.97,46.96,0.99,7,-1,-1
187,56,561.97,297.96,20.45,26.37,0.89,10,-1,-1
187,60,327.92,232.37,79.23,38.11,0.99,4,-1,-1
187,66,435.95,434.27,80.21,101.24,1.00,4,-1,-1
187,78,523.10,244.04,78.25,30.58,0.99,4,-1,-1
187,129,501.04,255.69,45.98,29.47,0.32,7,-1,-1
187,191,367.36,137.08,18.56,20.62,0.94,4,-1,-1
187,198,259.82,253.46,90.82,34.10,1.00,4,-1,-1
187,202,515.40,229.95,79.19,30.20,0.98,4,-1,-1
187,233,258.81,275.57,58.42,30.14,0.43,7,-1,-1
187,252,538.79,400.78,87.37,89.34,1.00,4,-1,-1
187,255,396.90,145.79,21.64,19.90,0.97,4,-1,-1
187,268,245.70,293.92,36.60,25.52,0.88,10,-1,-1
187,276,74.23,299.91,99.11,47.31,1.00,4,-1,-1
187,57,404.58,310.17,38.98,30.66,0.98,8,-1,-1
187,286,621.79,226.60,73.01,29.79,0.98,4,-1,-1
187,150,506.38,331.12,58.04,56.22,0.98,4,-1,-1
187,300,-0.66,248.53,32.84,29.32,0.93,10,-1,-1
187,301,149.86,223.66,21.77,30.12,0.97,10,-1,-1
187,130,351.62,273.11,30.44,29.09,0.44,10,-1,-1
187,304,375.43,128.48,19.57,17.73,0.94,4,-1,-1
187,271,249.30,148.56,13.28,17.36,0.66,10,-1,-1
187,244,906.70,432.45,40.92,40.50,0.36,10,-1,-1
187,306,167.83,224.63,16.83,27.76,0.97,10,-1,-1
187,308,105.79,211.00,17.52,24.25,0.78,10,-1,-1
187,169,409.93,278.60,40.79,24.87,0.80,8,-1,-1
187,314,-2.14,267.33,16.97,30.39,0.69,10,-1,-1
187,317,103.16,229.47,28.73,22.47,0.85,10,-1,-1
187,318,40.17,379.04,36.94,52.67,0.87,10,-1,-1
187,31,373.50,172.19,13.59,19.60,0.92,10,-1,-1
187,43,300.76,224.18,72.44,31.32,0.98,10,-1,-1
187,262,115.41,263.38,37.76,25.09,0.94,10,-1,-1
187,220,562.71,269.92,16.09,27.41,0.68,2,-1,-1
187,272,441.01,332.70,21.80,39.38,0.95,10,-1,-1
187,175,479.65,271.49,35.17,24.47,0.92,10,-1,-1
187,328,128.78,239.42,32.06,26.26,0.88,10,-1,-1
187,329,697.82,418.07,26.19,40.89,0.52,2,-1,-1
187,263,261.20,208.30,25.78,21.48,0.26,10,-1,-1
187,333,436.92,201.64,13.86,22.50,0.78,10,-1,-1
187,289,222.07,197.13,15.34,21.65,0.85,10,-1,-1
187,335,215.60,219.93,17.40,24.40,0.78,10,-1,-1
187,274,813.43,468.65,22.92,47.42,0.71,1,-1,-1
187,337,376.73,151.63,12.49,17.69,0.54,10,-1,-1
187,338,427.88,209.41,13.20,25.02,0.83,1,-1,-1
187,35,421.94,182.29,20.56,23.85,0.93,4,-1,-1
187,339,39.72,373.22,27.16,42.41,0.76,2,-1,-1
187,340,415.53,301.35,18.35,30.40,0.76,2,-1,-1
187,342,813.35,468.81,22.48,45.60,0.27,1,-1,-1
187,299,564.55,290.89,15.32,29.13,0.42,2,-1,-1
187,283,253.08,284.30,15.99,30.94,0.79,2,-1,-1
187,346,482.15,239.46,14.18,23.30,0.46,2,-1,-1
187,307,454.58,204.61,26.24,22.32,0.19,7,-1,-1
187,266,434.78,259.20,31.42,24.71,0.55,10,-1,-1
187,348,485.41,263.85,17.72,29.23,0.66,2,-1,-1
187,349,487.70,229.59,28.57,17.18,0.52,10,-1,-1
187,351,125.58,253.13,17.63,32.24,0.61,2,-1,-1
187,352,427.90,209.43,13.26,25.01,0.72,10,-1,-1
188,1,21.56,197.34,63.27,27.53,0.87,4,-1,-1
188,4,84.26,178.42,49.26,25.59,0.91,4,-1,-1
188,8,146.42,180.78,31.99,23.23,0.99,4,-1,-1
188,16,255.01,179.58,29.45,27.04,0.95,4,-1,-1
188,17,261.66,166.12,25.48,24.33,0.61,4,-1,-1
188,22,294.88,177.33,27.15,25.62,0.93,4,-1,-1
188,26,339.12,428.18,72.79,96.39,1.00,4,-1,-1
188,27,398.62,167.29,29.77,20.36,0.96,4,-1,-1
188,44,385.22,185.19,36.91,25.02,0.98,4,-1,-1
188,45,462.96,323.98,40.63,46.62,0.96,7,-1,-1
188,56,562.19,299.03,20.88,25.12,0.94,10,-1,-1
188,60,321.66,232.49,82.28,39.04,0.98,4,-1,-1
188,66,435.84,434.49,80.54,101.24,1.00,4,-1,-1
188,78,526.45,244.16,78.75,30.68,0.99,4,-1,-1
188,129,505.01,254.88,44.12,29.71,0.59,7,-1,-1
188,191,367.50,137.04,18.29,20.56,0.92,4,-1,-1
188,198,262.32,253.19,91.10,34.48,1.00,4,-1,-1
188,202,513.14,229.94,79.13,30.97,0.98,4,-1,-1
188,233,260.77,275.14,58.03,30.26,0.29,7,-1,-1
188,252,538.47,400.32,87.47,89.12,1.00,4,-1,-1
188,255,396.85,146.13,21.31,19.51,0.97,4,-1,-1
188,268,249.30,293.46,36.82,25.30,0.78,10,-1,-1
188,276,77.74,300.78,98.31,48.62,1.00,4,-1,-1
188,57,399.30,314.01,36.77,29.20,0.99,8,-1,-1
188,286,621.20,226.75,71.78,29.80,0.96,4,-1,-1
188,150,506.28,330.69,57.88,56.06,0.99,4,-1,-1
188,300,-1.04,253.24,28.20,25.87,0.88,10,-1,-1
188,301,149.84,223.63,21.78,30.54,0.96,10,-1,-1
188,130,352.84,273.52,31.06,29.02,0.13,10,-1,-1
188,304,374.87,128.51,19.44,17.69,0.91,4,-1,-1
188,271,248.75,148.77,13.27,17.63,0.84,10,-1,-1
188,244,906.93,432.69,40.92,40.38,0.32,10,-1,-1
188,306,167.89,224.76,17.01,27.56,0.96,10,-1,-1
188,308,106.08,210.89,17.70,25.00,0.91,10,-1,-1
188,169,414.47,278.93,39.79,24.00,0.79,8,-1,-1
188,317,106.31,228.44,28.94,22.93,0.94,10,-1,-1
188,318,39.99,382.64,36.76,53.20,0.92,10,-1,-1
188,31,373.05,171.79,13.74,19.57,0.84,10,-1,-1
188,43,302.51,223.29,72.59,31.30,0.98,10,-1,-1
188,262,108.93,263.60,38.10,25.67,0.93,10,-1,-1
188,220,562.70,270.29,15.82,28.52,0.77,2,-1,-1
188,272,440.72,329.87,22.90,41.55,0.96,10,-1,-1
188,175,482.34,270.51,35.35,25.17,0.49,10,-1,-1
188,328,124.42,240.36,33.64,25.44,0.69,10,-1,-1
188,329,697.54,420.86,25.69,39.43,0.68,2,-1,-1
188,263,263.45,208.15,26.91,21.60,0.21,10,-1,-1
188,333,436.15,201.15,13.82,22.94,0.76,10,-1,-1
188,289,221.63,197.09,15.53,22.23,0.82,10,-1,-1
188,335,215.52,220.56,17.61,23.95,0.87,10,-1,-1
188,274,813.22,468.89,22.93,47.12,0.71,1,-1,-1
188,337,376.24,151.01,12.60,18.35,0.32,10,-1,-1
188,338,427.63,209.29,12.83,24.60,0.91,1,-1,-1
188,35,421.86,182.32,20.92,23.85,0.91,4,-1,-1
188,339,39.52,374.79,29.24,45.94,0.84,2,-1,-1
188,340,410.05,303.00,18.58,30.95,0.86,2,-1,-1
188,299,565.08,291.72,15.13,29.00,0.78,2,-1,-1
188,283,256.35,283.17,16.94,32.16,0.77,2,-1,-1
188,346,478.10,239.24,14.38,23.50,0.18,2,-1,-1
188,307,454.32,204.75,25.09,22.06,0.28,7,-1,-1
188,266,436.44,260.20,31.91,23.63,0.14,10,-1,-1
188,348,486.62,262.30,18.95,29.23,0.16,2,-1,-1
188,349,487.59,229.50,27.44,16.94,0.22,10,-1,-1
188,353,562.90,270.30,15.67,29.23,0.64,2,-1,-1
188,354,779.26,463.16,24.11,40.98,0.62,1,-1,-1
189,1,21.14,197.63,63.64,27.46,0.90,4,-1,-1
189,4,84.08,178.45,49.19,25.60,0.93,4,-1,-1
189,8,146.32,180.84,32.09,23.22,0.99,4,-1,-1
189,16,255.06,179.63,29.34,27.29,0.95,4,-1,-1
189,17,261.90,166.38,24.98,23.82,0.71,4,-1,-1
189,22,294.97,177.49,27.15,25.62,0.95,4,-1,-1
189,26,339.30,428.46,72.87,96.44,1.00,4,-1,-1
189,27,399.22,167.04,29.19,20.23,0.96,4,-1,-1
189,44,385.38,184.87,36.26,25.04,0.99,4,-1,-1
189,45,463.30,324.20,40.49,46.49,0.97,7,-1,-1
189,56,562.69,298.83,21.83,25.10,0.94,10,-1,-1
189,60,317.84,232.96,83.42,39.00,0.98,4,-1,-1
189,66,436.03,434.80,80.68,101.25,1.00,4,-1,-1
189,78,530.04,244.24,77.75,30.72,0.99,4,-1,-1
189,129,506.95,254.50,45.14,30.39,0.56,7,-1,-1
189,191,367.58,136.47,18.17,21.33,0.90,4,-1,-1
189,198,265.96,253.12,90.61,34.42,1.00,4,-1,-1
189,202,510.82,230.06,79.49,31.65,0.99,4,-1,-1
189,233,264.54,275.62,56.19,29.32,0.33,7,-1,-1
189,252,538.20,400.01,87.33,88.25,1.00,4,-1,-1
189,255,397.05,146.28,20.78,19.36,0.96,4,-1,-1
189,268,252.51,293.33,37.12,25.02,0.90,10,-1,-1
189,276,81.59,301.71,97.46,49.70,1.00,4,-1,-1
189,57,394.36,315.83,36.33,29.84,0.99,8,-1,-1
189,286,619.11,227.12,72.12,29.41,0.97,4,-1,-1
189,150,506.27,330.57,57.84,56.01,0.99,4,-1,-1
189,300,-1.03,255.71,23.60,24.44,0.72,10,-1,-1
189,301,150.70,224.35,20.95,29.70,0.97,10,-1,-1
189,130,355.25,276.57,30.10,26.02,0.41,10,-1,-1
189,304,374.90,128.54,18.98,17.57,0.96,4,-1,-1
189,271,248.28,149.46,13.46,17.34,0.90,10,-1,-1
189,244,907.47,433.40,40.13,39.94,0.23,10,-1,-1
189,306,168.01,224.94,16.68,27.48,0.94,10,-1,-1
189,308,106.79,210.59,16.29,24.89,0.78,10,-1,-1
189,169,416.69,277.93,40.60,24.94,0.76,8,-1,-1
189,317,109.85,226.91,27.23,23.90,0.90,10,-1,-1
189,318,39.79,387.93,36.08,51.81,0.92,10,-1,-1
189,31,372.92,171.88,13.80,18.96,0.93,10,-1,-1
189,43,304.00,222.40,71.96,31.49,0.99,10,-1,-1
189,262,102.09,263.61,38.93,26.08,0.96,10,-1,-1
189,220,562.75,270.07,16.12,28.15,0.66,2,-1,-1
189,272,439.87,327.29,24.50,43.94,0.99,10,-1,-1
189,175,485.06,270.78,35.82,24.83,0.74,10,-1,-1
189,328,119.96,242.16,34.00,23.68,0.90,10,-1,-1
189,329,696.67,423.40,25.48,37.64,0.72,2,-1,-1
189,263,266.69,208.04,25.78,21.85,0.51,10,-1,-1
189,333,435.71,201.30,14.22,22.70,0.71,10,-1,-1
189,289,221.29,197.40,15.60,22.05,0.85,10,-1,-1
189,335,215.40,220.71,17.70,23.99,0.86,10,-1,-1
189,274,813.18,468.80,22.93,47.42,0.71,1,-1,-1
189,337,376.09,151.11,12.24,18.39,0.32,10,-1,-1
189,338,427.36,209.18,12.69,24.45,0.70,1,-1,-1
189,35,421.67,182.35,21.45,24.05,0.92,4,-1,-1
189,339,39.38,377.93,29.61,47.99,0.63,2,-1,-1
189,340,405.42,304.69,19.07,32.88,0.78,2,-1,-1
189,299,565.69,288.56,15.87,30.45,0.75,2,-1,-1
189,283,259.66,283.09,16.90,32.13,0.88,2,-1,-1
189,346,475.18,239.81,14.01,22.69,0.31,2,-1,-1
189,307,453.27,204.63,25.52,23.18,0.67,10,-1,-1
189,266,442.04,260.19,29.27,23.05,0.45,10,-1,-1
189,348,486.81,259.81,22.08,28.76,0.25,10,-1,-1
189,355,427.00,209.13,12.66,24.41,0.71,1,-1,-1
190,1,20.76,197.40,64.08,27.84,0.93,4,-1,-1
190,4,84.05,178.43,49.36,25.60,0.93,4,-1,-1
190,8,146.26,180.93,32.03,23.01,0.99,4,-1,-1
190,16,255.06,179.82,29.49,27.19,0.94,4,-1,-1
190,17,261.47,166.36,25.59,23.42,0.59,4,-1,-1
190,22,295.08,177.72,27.04,25.41,0.92,4,-1,-1
190,26,339.34,428.54,72.90,96.45,1.00,4,-1,-1
190,27,399.80,166.92,28.97,20.18,0.97,4,-1,-1
190,44,385.24,184.64,35.63,24.85,0.98,4,-1,-1
190,45,463.60,324.66,40.04,46.05,0.97,7,-1,-1
190,56,563.03,297.61,22.58,25.61,0.95,10,-1,-1
190,60,310.78,233.30,87.78,38.97,0.99,4,-1,-1
190,66,436.06,435.09,80.73,100.85,1.00,4,-1,-1
190,78,531.89,244.35,78.56,30.74,1.00,4,-1,-1
190,129,497.32,253.75,55.94,31.64,0.22,7,-1,-1
190,191,367.59,136.77,17.73,20.79,0.97,4,-1,-1
190,198,269.60,253.17,89.63,34.20,0.99,4,-1,-1
190,202,508.81,230.28,79.62,31.32,0.99,4,-1,-1
190,233,263.27,275.06,60.50,29.58,0.57,7,-1,-1
190,252,538.28,399.70,87.08,87.95,1.00,4,-1,-1
190,255,397.11,146.31,20.98,19.50,0.96,4,-1,-1
190,268,256.13,293.46,37.03,24.91,0.74,10,-1,-1
190,276,85.04,302.60,96.70,52.67,1.00,4,-1,-1
190,57,389.28,317.61,35.77,30.87,0.99,8,-1,-1
190,286,617.17,227.34,72.24,29.06,0.99,4,-1,-1
190,150,506.05,330.51,57.82,56.00,0.99,4,-1,-1
190,300,-0.80,253.85,19.45,26.20,0.77,10,-1,-1
190,301,151.26,224.69,19.96,29.38,0.98,10,-1,-1
190,130,357.27,278.02,30.13,25.26,0.74,10,-1,-1
190,304,374.11,128.53,19.20,17.63,0.95,4,-1,-1
190,271,248.01,149.79,13.34,17.22,0.66,10,-1,-1
190,244,907.23,433.65,40.64,39.78,0.18,10,-1,-1
190,306,168.24,225.17,16.36,27.45,0.95,10,-1,-1
190,308,107.05,210.83,15.84,23.85,0.82,10,-1,-1
190,169,419.59,278.54,40.50,24.08,0.68,8,-1,-1
190,317,114.33,224.46,23.71,27.00,0.84,10,-1,-1
190,318,38.25,391.04,36.89,52.82,0.84,10,-1,-1
190,31,372.27,171.30,13.83,19.34,0.94,10,-1,-1
190,43,305.37,221.75,71.83,31.37,0.99,10,-1,-1
190,262,95.59,263.74,39.33,26.43,0.96,10,-1,-1
190,220,562.55,270.17,16.23,29.41,0.63,2,-1,-1
190,272,439.53,325.14,24.72,46.41,0.97,10,-1,-1
190,175,487.54,271.37,35.61,24.50,0.71,10,-1,-1
190,328,116.25,241.71,34.53,24.41,0.93,10,-1,-1
190,263,269.49,208.77,25.51,20.56,0.57,10,-1,-1
190,333,435.55,201.04,13.57,23.02,0.70,10,-1,-1
190,289,221.25,197.68,15.43,21.99,0.91,10,-1,-1
190,335,215.34,220.62,17.93,24.22,0.88,10,-1,-1
190,274,812.73,468.75,22.93,47.53,0.77,1,-1,-1
190,337,376.02,150.59,12.51,18.56,0.22,10,-1,-1
190,338,426.85,209.02,12.65,24.39,0.85,1,-1,-1
190,35,421.58,182.44,21.26,24.12,0.91,4,-1,-1
190,339,38.64,381.40,28.76,46.02,0.76,2,-1,-1
190,340,400.66,307.81,18.45,33.19,0.87,2,-1,-1
190,299,566.66,287.19,16.14,31.77,0.91,2,-1,-1
190,283,262.62,283.04,16.48,32.51,0.84,2,-1,-1
190,346,471.49,239.10,13.45,22.61,0.23,2,-1,-1
190,307,452.50,204.47,24.87,22.41,0.73,7,-1,-1
190,266,448.16,256.89,18.48,23.87,0.66,2,-1,-1
190,348,488.28,255.76,34.70,30.90,0.58,7,-1,-1
191,1,20.28,197.29,64.80,27.98,0.90,4,-1,-1
191,4,84.21,178.80,49.32,25.21,0.84,4,-1,-1
191,8,146.20,181.05,31.96,23.13,0.99,4,-1,-1
191,16,255.27,179.77,29.35,27.55,0.94,4,-1,-1
191,17,261.52,166.33,25.81,23.87,0.78,4,-1,-1
191,22,295.14,177.69,26.80,25.54,0.92,4,-1,-1
191,26,339.55,428.54,72.51,96.46,1.00,4,-1,-1
191,27,400.21,166.58,28.49,20.76,0.96,4,-1,-1
191,44,385.42,184.56,34.60,24.58,0.99,4,-1,-1
191,45,463.92,325.02,39.86,45.48,0.97,7,-1,-1
191,56,563.34,297.36,23.64,25.41,0.86,10,-1,-1
191,60,308.57,233.51,86.70,38.17,0.98,4,-1,-1
191,66,436.07,435.18,80.74,100.71,1.00,4,-1,-1
191,78,535.08,244.38,78.06,30.75,0.99,4,-1,-1
191,191,367.41,136.79,17.96,20.77,0.98,4,-1,-1
191,198,273.26,252.79,89.67,34.32,0.99,4,-1,-1
191,202,506.95,230.26,79.26,31.58,0.99,4,-1,-1
191,233,264.09,274.85,61.73,30.08,0.19,7,-1,-1
191,252,537.92,399.20,86.59,87.85,1.00,4,-1,-1
191,255,396.95,146.36,21.06,19.60,0.96,4,-1,-1
191,268,260.05,293.40,36.41,24.97,0.88,10,-1,-1
191,276,88.72,303.67,95.72,55.14,1.00,4,-1,-1
191,57,383.77,319.40,36.77,32.03,0.99,8,-1,-1
191,286,615.32,227.41,72.29,28.94,0.99,4,-1,-1
191,150,505.96,330.28,57.81,56.00,0.99,4,-1,-1
191,300,-0.55,255.15,15.40,25.04,0.77,10,-1,-1
191,301,151.47,224.99,19.20,28.86,0.98,10,-1,-1
191,130,359.16,278.29,29.74,24.80,0.49,10,-1,-1
191,304,373.85,128.32,18.89,17.75,0.95,4,-1,-1
191,271,247.54,149.83,13.69,18.03,0.60,10,-1,-1
191,306,168.23,225.14,16.24,27.24,0.95,10,-1,-1
191,308,106.69,210.60,16.49,23.84,0.94,10,-1,-1
191,169,422.35,279.27,40.46,23.77,0.68,8,-1,-1
191,317,117.99,222.57,22.10,28.17,0.84,10,-1,-1
191,318,37.89,394.87,36.54,52.79,0.88,10,-1,-1
191,31,372.05,170.78,13.84,19.48,0.94,10,-1,-1
191,43,307.92,221.21,71.29,31.53,0.98,10,-1,-1
191,262,88.86,264.35,39.78,26.36,0.97,10,-1,-1
191,220,562.09,269.71,16.66,30.47,0.63,2,-1,-1
191,272,439.62,326.25,24.02,44.27,0.97,10,-1,-1
191,175,489.75,269.97,36.33,25.39,0.51,10,-1,-1
191,328,111.82,243.39,34.63,23.09,0.88,10,-1,-1
191,263,272.35,208.54,25.60,20.88,0.59,10,-1,-1
191,333,434.50,201.04,14.14,22.94,0.57,10,-1,-1
191,289,221.15,197.75,15.37,22.57,0.93,10,-1,-1
191,335,215.42,220.56,18.02,24.51,0.88,10,-1,-1
191,274,812.54,468.71,23.72,48.77,0.84,1,-1,-1
191,337,375.81,150.04,12.61,19.26,0.27,10,-1,-1
191,338,426.27,208.75,13.04,24.38,0.82,1,-1,-1
191,35,421.55,182.27,21.97,24.34,0.82,4,-1,-1
191,339,38.68,384.82,27.23,47.61,0.23,2,-1,-1
191,340,395.06,310.72,19.02,32.09,0.61,2,-1,-1
191,299,567.40,286.28,16.63,32.66,0.88,2,-1,-1
191,283,266.09,282.91,16.52,32.36,0.79,2,-1,-1
191,346,468.00,238.94,13.26,22.38,0.20,2,-1,-1
191,307,452.07,204.61,24.64,21.30,0.22,7,-1,-1
191,266,452.25,255.61,15.71,24.37,0.67,10,-1,-1
191,348,490.22,254.81,38.87,31.80,0.14,2,-1,-1
191,356,426.09,208.98,13.26,23.81,0.61,1,-1,-1
191,357,433.63,234.14,39.17,25.92,0.67,7,-1,-1
191,329,697.66,422.08,25.37,40.24,0.59,2,-1,-1
192,1,19.85,197.48,65.04,28.03,0.94,4,-1,-1
192,4,84.38,179.07,49.11,25.06,0.78,4,-1,-1
192,8,146.40,181.32,31.69,22.78,0.99,4,-1,-1
192,16,255.13,179.98,29.29,27.69,0.96,4,-1,-1
192,17,261.13,166.45,26.30,24.24,0.77,4,-1,-1
192,22,295.04,177.81,26.81,25.19,0.94,4,-1,-1
192,26,339.61,428.79,72.77,96.46,1.00,4,-1,-1
192,27,400.54,166.68,27.52,20.59,0.96,4,-1,-1
192,44,385.50,184.17,33.84,24.67,0.99,4,-1,-1
192,45,464.03,325.78,39.80,44.87,0.98,7,-1,-1
192,56,564.22,298.01,23.28,24.04,0.96,10,-1,-1
192,60,307.68,233.51,84.26,36.85,0.99,4,-1,-1
192,66,436.27,435.25,80.75,100.66,1.00,4,-1,-1
192,78,537.19,244.72,78.67,30.75,0.99,4,-1,-1
192,191,367.53,136.87,18.05,20.81,0.95,4,-1,-1
192,198,276.30,252.98,90.09,33.56,1.00,4,-1,-1
192,202,505.34,230.77,78.72,31.08,0.99,4,-1,-1
192,252,537.80,398.68,86.43,87.83,1.00,4,-1,-1
192,255,397.07,146.40,21.09,19.75,0.97,4,-1,-1
192,268,262.94,293.03,37.19,25.00,0.57,10,-1,-1
192,276,92.34,305.08,94.57,56.29,1.00,4,-1,-1
192,57,378.31,321.24,37.15,33.26,0.98,8,-1,-1
192,286,613.30,227.56,71.71,29.10,0.99,4,-1,-1
192,150,505.94,330.04,57.82,56.01,0.99,4,-1,-1
192,300,-0.30,255.68,11.68,24.99,0.72,10,-1,-1
192,301,151.47,225.13,18.77,28.47,0.97,10,-1,-1
192,130,361.19,280.23,29.99,23.22,0.80,10,-1,-1
192,304,373.56,128.31,18.76,17.49,0.96,4,-1,-1
192,271,246.97,149.77,13.62,18.82,0.77,10,-1,-1
192,306,168.20,225.46,16.21,27.16,0.95,10,-1,-1
192,308,106.83,210.74,16.63,23.44,0.91,10,-1,-1
192,169,432.61,273.86,25.74,28.95,0.62,2,-1,-1
192,317,122.17,221.58,23.29,27.30,0.89,10,-1,-1
192,318,36.21,397.48,36.94,54.33,0.85,10,-1,-1
192,31,371.77,170.83,13.84,18.94,0.93,10,-1,-1
192,43,309.59,220.96,71.10,31.19,0.99,10,-1,-1
192,262,82.78,264.79,39.55,26.32,0.98,10,-1,-1
192,220,561.93,269.96,16.83,30.10,0.58,2,-1,-1
192,272,439.48,324.22,24.13,46.18,0.99,10,-1,-1
192,175,492.47,269.98,35.81,25.53,0.63,10,-1,-1
192,328,108.32,244.38,35.17,22.36,0.90,10,-1,-1
192,263,275.00,207.90,25.24,21.19,0.15,10,-1,-1
192,333,432.55,201.38,15.93,22.51,0.65,10,-1,-1
192,289,221.10,198.10,15.15,22.79,0.92,10,-1,-1
192,335,215.83,221.06,17.26,24.42,0.90,10,-1,-1
192,274,812.50,468.93,23.23,48.05,0.57,1,-1,-1
192,337,375.33,150.07,12.65,18.94,0.31,10,-1,-1
192,338,425.66,208.78,14.38,24.58,0.59,1,-1,-1
192,35,421.54,182.42,21.85,24.43,0.69,4,-1,-1
192,339,37.92,388.45,25.99,47.40,0.40,2,-1,-1
192,340,389.76,313.40,18.83,32.06,0.62,2,-1,-1
192,299,568.45,286.08,16.04,31.74,0.86,2,-1,-1
192,283,269.73,282.90,15.94,32.30,0.72,2,-1,-1
192,346,464.81,239.22,13.62,21.46,0.65,2,-1,-1
192,307,451.94,205.11,23.76,20.48,0.39,7,-1,-1
192,266,455.24,254.48,15.64,25.16,0.75,10,-1,-1
192,348,493.12,254.00,54.86,32.10,0.13,2,-1,-1
192,357,431.94,234.88,36.28,24.47,0.93,7,-1,-1
192,329,697.49,421.19,25.32,40.45,0.42,2,-1,-1
192,358,420.67,283.71,15.67,33.60,0.71,1,-1,-1
192,359,586.10,513.48,43.09,25.92,0.60,10,-1,-1
193,1,20.35,197.34,64.62,28.05,0.93,4,-1,-1
193,4,84.90,179.05,48.72,25.21,0.85,4,-1,-1
193,8,146.37,181.31,31.83,22.85,0.99,4,-1,-1
193,16,255.11,180.15,29.47,27.53,0.96,4,-1,-1
193,17,261.21,166.58,26.28,23.78,0.86,4,-1,-1
193,22,295.04,177.63,26.81,25.46,0.93,4,-1,-1
193,26,339.47,428.84,72.87,96.45,1.00,4,-1,-1
193,27,401.07,166.21,28.79,20.92,0.93,4,-1,-1
193,44,385.36,183.52,33.59,25.10,0.98,4,-1,-1
193,45,464.09,325.83,39.78,45.04,0.97,7,-1,-1
193,56,564.75,297.41,23.12,24.36,0.93,10,-1,-1
193,60,304.75,234.30,84.08,35.14,1.00,4,-1,-1
193,66,436.37,435.63,80.75,100.23,1.00,4,-1,-1
193,78,540.10,245.12,78.30,30.35,0.99,4,-1,-1
193,191,367.80,137.00,17.68,20.72,0.95,4,-1,-1
193,198,279.46,253.04,89.96,33.27,1.00,4,-1,-1
193,202,503.24,231.24,78.11,30.88,0.99,4,-1,-1
193,252,537.39,398.07,86.37,87.83,1.00,4,-1,-1
193,255,396.95,146.35,21.10,19.85,0.97,4,-1,-1
193,268,266.42,292.47,36.88,25.00,0.26,10,-1,-1
193,276,95.51,306.16,93.75,56.13,1.00,4,-1,-1
193,57,373.08,323.04,37.29,34.50,0.99,8,-1,-1
193,286,612.23,227.68,71.89,29.16,0.98,4,-1,-1
193,150,505.94,329.73,57.82,56.01,0.99,4,-1,-1
193,300,-0.06,254.74,9.10,26.17,0.21,10,-1,-1
193,301,151.50,225.26,18.63,28.33,0.98,10,-1,-1
193,130,362.91,280.79,30.09,23.27,0.79,10,-1,-1
193,304,373.29,128.25,18.32,17.59,0.84,4,-1,-1
193,271,246.50,150.06,13.39,18.98,0.75,10,-1,-1
193,306,168.02,225.46,16.60,27.13,0.96,10,-1,-1
193,308,106.72,211.08,16.78,23.09,0.93,10,-1,-1
193,169,438.75,271.61,19.86,30.73,0.62,8,-1,-1
193,317,125.71,221.70,24.19,26.13,0.85,10,-1,-1
193,318,34.99,402.48,36.47,53.73,0.84,10,-1,-1
193,31,371.31,170.45,14.24,18.94,0.93,10,-1,-1
193,43,311.37,220.46,70.23,31.26,0.99,10,-1,-1
193,262,76.44,265.42,39.55,25.91,0.99,10,-1,-1
193,220,561.89,270.25,17.28,29.94,0.37,2,-1,-1
193,272,439.86,323.86,23.77,46.08,0.96,10,-1,-1
193,175,494.79,269.47,35.61,25.98,0.34,10,-1,-1
193,328,103.75,244.31,35.66,23.31,0.78,10,-1,-1
193,263,278.22,206.26,24.70,21.91,0.23,10,-1,-1
193,333,431.08,201.29,16.97,22.35,0.44,10,-1,-1
193,289,220.93,198.31,15.07,22.87,0.89,10,-1,-1
193,335,215.82,221.22,17.17,24.39,0.92,10,-1,-1
193,274,812.47,468.97,23.83,47.77,0.60,1,-1,-1
193,337,375.18,149.88,12.66,19.00,0.30,10,-1,-1
193,338,425.26,209.18,15.26,23.65,0.57,1,-1,-1
193,35,421.36,182.27,21.79,24.65,0.59,4,-1,-1
193,339,36.43,391.10,26.79,48.48,0.24,1,-1,-1
193,340,383.98,316.29,19.55,33.24,0.76,2,-1,-1
193,299,568.84,286.00,16.60,32.54,0.78,2,-1,-1
193,283,273.28,282.59,15.93,32.57,0.47,2,-1,-1
193,346,461.54,239.50,14.16,21.56,0.86,2,-1,-1
193,307,449.49,201.37,20.57,22.04,0.53,7,-1,-1
193,266,456.23,253.06,17.89,25.66,0.32,10,-1,-1
193,348,495.05,253.88,51.72,31.97,0.16,2,-1,-1
193,357,428.05,235.49,35.71,23.71,0.84,7,-1,-1
193,329,697.83,420.43,25.31,40.91,0.36,2,-1,-1
193,358,421.40,283.60,15.19,35.41,0.76,1,-1,-1
193,359,584.66,512.53,39.72,26.88,0.68,10,-1,-1
193,360,428.50,277.08,40.98,25.92,0.67,10,-1,-1
193,361,433.93,261.86,47.01,25.31,0.72,4,-1,-1
193,362,433.93,261.41,47.01,24.71,0.73,10,-1,-1
194,1,21.67,197.49,63.28,27.85,0.87,4,-1,-1
194,4,85.29,179.16,48.38,25.06,0.88,4,-1,-1
194,8,146.31,181.41,32.04,22.87,0.99,4,-1,-1
194,16,255.11,180.01,29.53,27.87,0.94,4,-1,-1
194,17,261.05,166.83,26.27,23.60,0.79,4,-1,-1
194,22,295.04,177.76,26.82,25.75,0.93,4,-1,-1
194,26,339.42,428.85,72.90,96.44,1.00,4,-1,-1
194,27,401.25,166.23,29.25,20.64,0.95,4,-1,-1
194,44,385.52,183.39,32.70,24.87,0.98,4,-1,-1
194,45,464.32,325.44,39.77,45.51,0.98,7,-1,-1
194,56,565.53,295.77,23.44,25.69,0.84,10,-1,-1
194,60,303.46,234.78,81.52,34.10,0.99,4,-1,-1
194,66,436.61,435.76,80.36,100.07,1.00,4,-1,-1
194,78,541.50,244.96,80.15,30.59,0.99,4,-1,-1
194,191,367.91,136.90,17.54,20.73,0.92,4,-1,-1
194,198,282.63,253.16,90.21,32.76,1.00,4,-1,-1
194,202,501.53,231.80,79.47,30.60,0.99,4,-1,-1
194,252,537.25,397.85,85.56,87.43,1.00,4,-1,-1
194,255,396.90,146.48,21.10,19.73,0.98,4,-1,-1
194,268,270.38,292.07,35.77,25.01,0.31,10,-1,-1
194,276,99.39,307.25,92.05,55.93,1.00,4,-1,-1
194,57,367.53,325.61,37.74,35.74,0.99,8,-1,-1
194,286,609.90,227.71,71.96,29.38,0.98,4,-1,-1
194,150,505.75,329.61,57.82,55.61,0.99,4,-1,-1
194,301,151.61,225.31,18.59,28.28,0.97,10,-1,-1
194,130,365.28,280.96,29.72,23.09,0.74,10,-1,-1
194,304,373.01,128.13,18.15,17.63,0.90,4,-1,-1
194,271,246.15,150.81,13.91,18.59,0.76,10,-1,-1
194,306,167.56,225.46,17.15,27.11,0.90,10,-1,-1
194,308,106.89,211.32,16.45,22.75,0.91,10,-1,-1
194,169,442.02,270.29,17.52,32.23,0.38,8,-1,-1
194,317,129.20,221.60,20.35,25.26,0.59,10,-1,-1
194,318,32.54,403.13,38.17,57.81,0.81,10,-1,-1
194,31,371.35,170.11,14.00,18.94,0.90,10,-1,-1
194,43,313.37,220.39,69.91,31.29,0.98,10,-1,-1
194,262,69.61,265.45,39.94,26.34,0.99,10,-1,-1
194,272,439.63,322.97,24.03,46.03,0.95,10,-1,-1
194,175,497.36,268.58,35.54,26.54,0.19,10,-1,-1
194,328,99.69,243.99,35.65,23.85,0.92,10,-1,-1
194,333,429.56,201.96,17.78,21.89,0.40,10,-1,-1
194,289,220.97,198.78,14.64,22.70,0.90,10,-1,-1
194,335,215.82,221.38,17.34,24.38,0.91,10,-1,-1
194,274,813.64,469.14,23.27,44.86,0.59,1,-1,-1
194,337,375.32,148.97,12.66,19.77,0.65,10,-1,-1
194,338,424.73,209.43,16.38,22.69,0.50,1,-1,-1
194,35,421.29,182.30,21.76,24.53,0.69,4,-1,-1
194,339,34.72,395.37,26.69,46.11,0.25,2,-1,-1
194,340,378.82,318.69,19.82,34.46,0.81,2,-1,-1
194,299,569.55,285.98,16.81,32.84,0.37,2,-1,-1
194,283,277.07,282.57,15.73,32.17,0.67,2,-1,-1
194,346,458.63,239.69,13.97,22.62,0.74,2,-1,-1
194,307,447.78,199.86,19.86,22.78,0.53,7,-1,-1
194,266,458.42,253.23,16.51,25.46,0.39,10,-1,-1
194,357,424.92,235.07,33.14,23.95,0.55,7,-1,-1
194,329,697.55,420.51,25.30,40.67,0.39,2,-1,-1
194,358,422.49,284.03,15.09,35.29,0.80,1,-1,-1
194,359,582.96,510.04,40.48,29.36,0.56,10,-1,-1
194,363,207.02,182.16,16.27,23.50,0.63,10,-1,-1
194,364,232.48,178.69,15.67,21.09,0.61,10,-1,-1
195,1,21.06,197.44,63.73,28.37,0.94,4,-1,-1
195,4,85.95,179.18,47.65,25.01,0.90,4,-1,-1
195,8,146.39,181.33,32.12,22.88,0.99,4,-1,-1
195,16,255.31,179.85,29.35,28.00,0.94,4,-1,-1
195,17,261.39,166.72,25.86,23.53,0.77,4,-1,-1
195,22,295.04,178.10,26.82,25.67,0.92,4,-1,-1
195,26,339.60,428.85,72.92,96.84,1.00,4,-1,-1
195,27,401.51,166.35,29.43,20.34,0.93,4,-1,-1
195,44,385.60,183.05,32.00,24.97,0.98,4,-1,-1
195,45,464.60,325.68,39.37,45.29,0.98,7,-1,-1
195,56,566.60,294.78,23.16,26.38,0.89,10,-1,-1
195,60,301.13,235.55,80.33,32.92,0.97,4,-1,-1
195,66,436.70,435.79,80.61,100.01,1.00,4,-1,-1
195,78,543.93,244.89,80.83,30.29,0.99,4,-1,-1
195,191,367.95,136.71,17.49,20.49,0.89,4,-1,-1
195,198,285.90,253.01,89.91,33.18,0.99,4,-1,-1
195,202,499.58,232.01,79.98,30.90,0.99,4,-1,-1
195,252,537.21,397.39,84.87,87.30,1.00,4,-1,-1
195,255,397.09,146.47,21.10,19.84,0.98,4,-1,-1
195,276,103.11,308.61,91.14,56.22,1.00,4,-1,-1
195,57,362.26,327.52,38.31,36.98,0.99,8,-1,-1
195,286,607.90,227.62,71.99,29.66,0.98,4,-1,-1
195,150,505.69,329.57,57.83,54.66,0.99,4,-1,-1
195,301,152.11,225.62,18.63,28.06,0.98,10,-1,-1
195,130,367.51,281.60,29.99,22.64,0.68,10,-1,-1
195,304,372.32,128.17,18.09,17.54,0.73,4,-1,-1
195,271,245.65,150.87,14.09,19.43,0.64,10,-1,-1
195,306,167.78,225.65,16.97,26.91,0.93,10,-1,-1
195,308,107.05,211.29,16.12,22.63,0.89,10,-1,-1
195,169,446.47,270.54,15.12,31.67,0.42,8,-1,-1
195,317,132.41,220.77,19.49,25.94,0.47,10,-1,-1
195,318,31.98,411.60,36.71,53.94,0.70,10,-1,-1
195,31,370.99,169.49,14.31,19.34,0.87,10,-1,-1
195,43,314.45,220.18,70.61,31.30,0.98,10,-1,-1
195,262,63.05,266.02,40.58,26.10,0.99,10,-1,-1
195,272,439.95,321.67,23.72,47.18,0.88,10,-1,-1
195,175,499.62,268.73,35.12,25.96,0.23,10,-1,-1
195,328,94.92,242.07,36.83,26.03,0.90,10,-1,-1
195,333,428.60,201.81,18.09,22.12,0.53,10,-1,-1
195,289,220.79,199.14,14.48,22.83,0.90,10,-1,-1
195,335,215.82,221.22,17.41,24.58,0.90,10,-1,-1
195,274,814.90,469.00,23.84,46.21,0.35,1,-1,-1
195,337,374.99,148.58,13.06,19.90,0.24,10,-1,-1
195,338,424.54,209.42,16.81,22.35,0.36,1,-1,-1
195,35,421.28,182.31,21.75,24.48,0.69,4,-1,-1
195,339,33.16,400.31,27.39,47.18,0.60,2,-1,-1
195,340,373.69,321.88,19.91,33.75,0.90,2,-1,-1
195,299,570.40,285.40,16.88,31.76,0.38,2,-1,-1
195,283,280.25,282.07,15.65,31.92,0.66,2,-1,-1
195,346,455.26,239.95,14.70,22.41,0.91,2,-1,-1
195,307,446.84,198.80,18.38,22.88,0.46,7,-1,-1
195,266,460.25,253.92,16.07,26.17,0.23,10,-1,-1
195,357,422.26,234.37,32.41,24.72,0.72,7,-1,-1
195,329,697.45,421.15,25.30,39.78,0.39,2,-1,-1
195,358,423.78,283.94,15.54,35.02,0.89,1,-1,-1
195,359,581.48,507.61,41.66,32.00,0.78,10,-1,-1
195,364,232.62,179.54,15.91,21.09,0.74,10,-1,-1
196,1,21.06,197.54,64.42,28.36,0.93,4,-1,-1
196,4,86.07,179.11,47.88,25.19,0.87,4,-1,-1
196,8,146.55,181.43,32.15,22.69,0.99,4,-1,-1
196,16,255.32,179.62,29.68,28.43,0.95,4,-1,-1
196,17,261.75,166.90,25.51,23.50,0.82,4,-1,-1
196,22,295.17,178.25,26.91,25.63,0.90,4,-1,-1
196,26,339.88,429.04,72.92,96.58,1.00,4,-1,-1
196,27,402.20,166.32,28.70,20.22,0.95,4,-1,-1
196,44,385.86,182.66,31.35,25.01,0.98,4,-1,-1
196,45,464.72,325.57,39.22,45.60,0.98,7,-1,-1
196,56,567.98,294.12,22.65,26.56,0.89,10,-1,-1
196,60,297.89,236.15,80.58,32.30,0.99,4,-1,-1
196,66,436.94,435.80,80.70,99.99,0.99,4,-1,-1
196,78,547.14,244.58,79.89,30.17,0.99,4,-1,-1
196,191,368.18,136.62,17.07,20.44,0.82,4,-1,-1
196,198,289.14,252.87,89.69,33.33,1.00,4,-1,-1
196,202,496.94,232.09,79.37,31.40,0.99,4,-1,-1
196,252,537.01,397.05,85.22,86.85,1.00,4,-1,-1
196,255,396.97,146.39,21.10,19.88,0.97,4,-1,-1
196,276,106.10,309.70,90.62,57.09,1.00,4,-1,-1
196,57,357.50,330.92,37.73,37.06,0.99,8,-1,-1
196,286,606.02,227.79,71.99,29.57,0.98,4,-1,-1
196,150,505.67,329.57,57.83,54.31,0.99,4,-1,-1
196,301,152.27,225.55,18.80,28.39,0.98,10,-1,-1
196,130,369.69,282.13,30.48,22.69,0.72,10,-1,-1
196,304,372.30,128.22,17.26,17.50,0.92,4,-1,-1
196,271,245.59,151.56,13.57,19.00,0.81,10,-1,-1
196,306,168.10,225.84,16.50,26.83,0.97,10,-1,-1
196,308,107.14,211.41,16.00,22.58,0.91,10,-1,-1
196,169,442.45,274.60,32.68,27.50,0.68,8,-1,-1
196,317,135.18,221.20,21.02,25.59,0.87,10,-1,-1
196,318,29.80,415.90,37.60,54.28,0.86,10,-1,-1
196,31,371.08,169.40,14.02,19.10,0.93,10,-1,-1
196,43,316.60,219.93,69.68,31.31,0.98,10,-1,-1
196,262,56.91,267.34,40.03,25.01,0.99,10,-1,-1
196,272,439.30,319.26,24.40,49.16,0.97,10,-1,-1
196,175,501.96,268.92,35.36,25.94,0.20,10,-1,-1
196,328,91.07,242.62,36.97,25.88,0.92,10,-1,-1
196,333,429.81,200.57,15.49,22.21,0.64,10,-1,-1
196,289,220.76,199.39,14.43,22.88,0.92,10,-1,-1
196,335,216.05,221.48,17.04,24.25,0.95,10,-1,-1
196,274,815.35,468.94,23.26,46.29,0.41,1,-1,-1
196,337,375.28,148.37,12.82,19.95,0.20,10,-1,-1
196,338,424.87,209.44,16.20,22.63,0.43,1,-1,-1
196,35,421.29,182.43,21.74,24.46,0.69,4,-1,-1
196,339,31.69,403.05,28.09,46.37,0.44,2,-1,-1
196,340,368.38,325.22,19.94,33.44,0.96,2,-1,-1
196,299,571.49,284.81,16.51,30.72,0.65,2,-1,-1
196,283,284.13,281.31,16.43,32.62,0.67,2,-1,-1
196,346,452.71,240.06,14.18,22.12,0.80,2,-1,-1
196,307,446.16,198.63,19.20,23.50,0.33,7,-1,-1
196,266,462.68,253.03,14.68,24.47,0.55,10,-1,-1
196,357,419.11,233.94,35.40,25.41,0.81,7,-1,-1
196,329,697.40,421.20,25.30,39.82,0.49,2,-1,-1
196,358,425.06,284.25,16.57,34.82,0.87,1,-1,-1
196,359,579.95,506.81,40.44,32.46,0.81,10,-1,-1
196,364,232.67,179.95,15.72,20.86,0.79,10,-1,-1
196,365,65.84,257.34,32.70,25.61,0.72,10,-1,-1
196,366,445.98,260.51,42.19,23.20,0.61,10,-1,-1
196,367,456.53,242.43,13.26,21.09,0.62,2,-1,-1
196,368,497.51,190.45,37.37,25.31,0.80,5,-1,-1
196,369,497.81,190.30,37.37,25.61,0.84,7,-1,-1
196,370,807.59,427.60,31.34,33.15,0.75,10,-1,-1
197,1,22.17,197.98,63.60,27.56,0.92,4,-1,-1
197,4,86.94,179.29,47.16,25.06,0.90,4,-1,-1
197,8,146.64,181.66,32.16,22.61,0.99,4,-1,-1
197,16,255.64,179.63,29.80,28.60,0.95,4,-1,-1
197,17,261.90,166.98,25.57,23.49,0.77,4,-1,-1
197,22,295.23,178.51,26.95,25.62,0.93,4,-1,-1
197,26,340.00,429.11,72.91,96.48,1.00,4,-1,-1
197,27,402.85,166.03,28.42,20.38,0.96,4,-1,-1
197,44,385.77,182.54,31.14,24.82,0.98,4,-1,-1
197,45,464.56,325.54,39.56,45.72,0.99,7,-1,-1
197,56,568.67,292.71,22.85,28.01,0.88,10,-1,-1
197,60,293.92,236.25,80.77,32.71,0.99,4,-1,-1
197,66,437.03,435.80,80.72,99.98,1.00,4,-1,-1
197,78,549.26,243.88,79.32,30.93,0.98,4,-1,-1
197,191,368.08,136.25,17.32,20.97,0.79,4,-1,-1
197,198,293.64,253.13,88.01,33.39,1.00,4,-1,-1
197,202,494.24,232.43,79.12,31.19,0.98,4,-1,-1
197,252,536.94,396.94,84.95,86.29,1.00,4,-1,-1
197,255,396.94,146.58,21.49,20.09,0.98,4,-1,-1
197,276,108.92,311.07,90.54,57.79,1.00,4,-1,-1
197,57,352.33,333.74,37.50,38.62,0.99,8,-1,-1
197,286,603.79,228.07,71.99,29.34,0.98,4,-1,-1
197,150,505.67,329.19,57.43,54.58,0.99,4,-1,-1
197,301,152.05,225.22,19.47,28.71,0.97,10,-1,-1
197,130,372.23,282.71,30.27,22.52,0.78,10,-1,-1
197,304,371.92,128.15,16.95,17.59,0.78,4,-1,-1
197,271,245.42,151.62,13.57,19.62,0.72,10,-1,-1
197,306,168.44,225.71,16.32,27.20,0.92,10,-1,-1
197,308,107.35,211.45,15.85,22.57,0.87,10,-1,-1
197,169,444.18,276.37,36.21,25.60,0.61,8,-1,-1
197,317,138.00,220.91,20.08,26.04,0.91,10,-1,-1
197,318,27.05,412.23,38.53,62.71,0.87,10,-1,-1
197,31,370.94,169.09,13.91,19.40,0.90,10,-1,-1
197,43,318.55,220.16,68.93,30.91,0.98,10,-1,-1
197,262,50.32,266.80,40.22,25.80,0.99,10,-1,-1
197,272,439.27,319.35,24.25,48.75,0.96,10,-1,-1
197,175,503.94,269.00,35.06,26.12,0.16,10,-1,-1
197,328,87.01,243.42,37.01,25.61,0.90,10,-1,-1
197,333,429.98,199.82,14.39,22.64,0.60,10,-1,-1
197,289,220.88,199.68,14.21,23.30,0.89,10,-1,-1
197,335,216.16,221.37,17.10,24.33,0.95,10,-1,-1
197,274,814.28,468.92,24.63,47.52,0.40,1,-1,-1
197,337,375.02,148.42,13.12,19.96,0.32,10,-1,-1
197,338,424.64,209.56,15.94,22.75,0.23,1,-1,-1
197,35,421.30,182.59,21.73,24.25,0.86,4,-1,-1
197,339,30.48,402.94,24.27,42.44,0.51,2,-1,-1
197,340,362.81,328.18,20.74,34.11,0.92,2,-1,-1
197,299,572.27,284.22,16.37,31.34,0.62,2,-1,-1
197,283,288.05,281.03,16.33,31.70,0.83,2,-1,-1
197,346,449.49,240.71,13.97,23.03,0.34,2,-1,-1
197,307,445.54,198.31,20.28,24.13,0.72,7,-1,-1
197,266,464.86,252.32,14.69,24.60,0.59,10,-1,-1
197,357,416.27,235.37,33.86,24.59,0.64,7,-1,-1
197,329,698.56,421.42,24.50,40.23,0.37,2,-1,-1
197,358,426.31,284.57,16.91,34.33,0.87,1,-1,-1
197,359,578.83,504.94,40.64,34.18,0.90,10,-1,-1
197,364,232.92,180.91,15.43,20.55,0.80,10,-1,-1
197,365,60.16,258.20,33.75,24.65,0.61,10,-1,-1
197,366,447.22,260.04,42.18,23.68,0.60,10,-1,-1
197,368,497.78,190.59,34.95,26.27,0.82,7,-1,-1
197,370,807.10,430.25,31.34,32.18,0.92,10,-1,-1
198,1,22.41,197.58,63.72,27.87,0.90,4,-1,-1
198,4,87.18,179.30,47.01,25.21,0.77,4,-1,-1
198,8,146.54,181.70,32.21,22.59,0.99,4,-1,-1
198,16,255.80,179.49,29.85,28.46,0.94,4,-1,-1
198,17,262.20,166.85,25.20,22.90,0.76,4,-1,-1
198,22,295.11,178.46,27.07,25.82,0.89,4,-1,-1
198,26,340.18,429.33,72.92,96.46,1.00,4,-1,-1
198,27,403.45,165.87,27.92,20.45,0.90,4,-1,-1
198,44,385.91,182.06,30.28,24.56,0.98,4,-1,-1
198,45,464.67,325.50,39.69,45.78,0.98,7,-1,-1
198,56,569.69,292.26,22.92,28.27,0.88,10,-1,-1
198,60,289.79,236.24,81.16,33.68,0.97,4,-1,-1
198,66,437.22,435.99,80.75,100.00,0.99,4,-1,-1
198,78,552.35,243.68,79.50,30.82,0.99,4,-1,-1
198,191,368.01,136.56,17.01,20.68,0.82,4,-1,-1
198,198,296.36,252.89,88.40,33.42,1.00,4,-1,-1
198,202,492.69,232.72,78.24,30.72,0.99,4,-1,-1
198,252,537.11,396.32,84.68,86.11,1.00,4,-1,-1
198,255,397.10,146.54,21.64,20.12,0.97,4,-1,-1
198,276,110.50,312.31,91.51,58.84,0.99,4,-1,-1
198,57,347.35,336.50,37.42,39.60,1.00,8,-1,-1
198,286,602.03,228.14,72.20,28.86,0.98,4,-1,-1
198,150,505.65,329.03,57.28,54.70,0.98,4,-1,-1
198,301,153.12,225.54,19.09,28.25,0.97,10,-1,-1
198,130,374.47,283.27,30.59,22.07,0.65,10,-1,-1
198,304,371.15,128.12,17.25,17.82,0.76,4,-1,-1
198,271,245.41,152.07,13.37,19.46,0.51,10,-1,-1
198,306,168.29,225.81,16.66,27.15,0.92,10,-1,-1
198,308,107.35,211.51,15.90,22.57,0.90,10,-1,-1
198,169,446.40,276.66,38.14,25.15,0.66,8,-1,-1
198,317,141.33,220.87,18.51,25.62,0.92,10,-1,-1
198,318,24.79,412.04,39.26,68.05,0.89,10,-1,-1
198,31,370.67,168.64,14.27,19.32,0.89,10,-1,-1
198,43,320.16,220.32,68.27,30.37,0.97,10,-1,-1
198,262,43.37,267.15,40.37,25.70,0.99,10,-1,-1
198,272,439.64,319.61,23.79,47.38,0.95,10,-1,-1
198,175,506.36,268.92,35.75,26.00,0.28,10,-1,-1
198,328,83.24,244.48,37.22,24.70,0.92,10,-1,-1
198,333,429.83,199.81,14.42,22.22,0.49,10,-1,-1
198,289,220.66,199.63,14.34,23.26,0.84,10,-1,-1
198,335,215.93,221.28,17.53,24.37,0.87,10,-1,-1
198,274,813.92,468.93,25.13,47.20,0.58,1,-1,-1
198,337,374.89,148.15,13.23,20.01,0.46,10,-1,-1
198,338,424.73,209.46,15.83,21.60,0.21,1,-1,-1
198,35,421.48,182.80,21.33,23.77,0.81,4,-1,-1
198,339,29.00,405.99,23.15,44.24,0.29,2,-1,-1
198,340,358.06,330.98,21.04,35.15,0.90,2,-1,-1
198,299,573.13,284.19,16.31,31.17,0.55,2,-1,-1
198,283,291.33,280.50,15.89,31.54,0.44,2,-1,-1
198,346,446.77,241.31,13.89,22.77,0.57,2,-1,-1
198,307,444.72,198.66,19.50,23.20,0.37,7,-1,-1
198,266,467.39,251.85,14.71,24.66,0.34,10,-1,-1
198,357,413.69,236.41,31.15,23.23,0.25,7,-1,-1
198,329,696.99,420.73,25.82,40.78,0.52,2,-1,-1
198,358,428.55,284.65,16.18,33.53,0.90,1,-1,-1
198,359,577.44,502.71,40.07,36.39,0.85,10,-1,-1
198,364,232.83,181.38,15.57,20.23,0.70,10,-1,-1
198,365,53.75,258.23,34.06,24.93,0.85,10,-1,-1
198,368,497.83,190.60,35.90,27.15,0.81,7,-1,-1
198,370,807.96,428.67,33.20,35.75,0.92,10,-1,-1
198,371,814.82,469.79,22.90,40.98,0.68,2,-1,-1
199,1,21.96,197.36,64.56,28.17,0.87,4,-1,-1
199,4,87.21,179.22,47.15,25.27,0.77,4,-1,-1
199,8,146.65,181.82,31.99,22.58,0.99,4,-1,-1
199,16,255.95,179.55,29.86,28.40,0.96,4,-1,-1
199,17,262.21,166.92,25.06,22.47,0.85,4,-1,-1
199,22,295.16,178.44,27.01,25.89,0.95,4,-1,-1
199,26,340.25,429.61,72.92,96.04,1.00,4,-1,-1
199,27,404.05,165.83,26.94,20.67,0.97,4,-1,-1
199,44,385.96,181.20,29.99,25.05,0.98,4,-1,-1
199,45,464.71,325.09,39.75,46.19,0.98,7,-1,-1
199,56,570.65,292.11,22.94,28.16,0.93,10,-1,-1
199,60,285.17,235.54,82.10,36.04,0.97,4,-1,-1
199,66,437.49,436.26,80.36,99.61,0.99,4,-1,-1
199,78,554.41,243.12,80.96,31.37,0.99,4,-1,-1
199,191,367.97,136.59,16.50,20.56,0.73,4,-1,-1
199,198,300.85,252.42,87.16,33.83,0.99,4,-1,-1
199,202,491.18,233.02,77.50,30.33,0.98,4,-1,-1
199,252,536.98,395.91,84.38,86.06,1.00,4,-1,-1
199,255,397.15,146.64,21.70,20.13,0.97,4,-1,-1
199,276,113.37,313.56,91.09,59.61,0.99,4,-1,-1
199,57,342.08,338.86,38.58,41.12,1.00,8,-1,-1
199,286,601.23,228.05,71.69,28.68,0.97,4,-1,-1
199,150,505.65,328.98,57.24,54.35,0.99,4,-1,-1
199,301,152.78,225.38,19.79,28.27,0.92,10,-1,-1
199,130,377.43,284.17,30.31,21.51,0.80,10,-1,-1
199,304,369.08,133.46,16.97,19.64,0.69,4,-1,-1
199,271,245.02,152.34,13.49,19.79,0.73,10,-1,-1
199,306,168.23,225.76,16.79,27.33,0.95,10,-1,-1
199,308,107.49,211.65,15.52,22.37,0.82,10,-1,-1
199,169,449.12,276.45,38.46,24.99,0.76,8,-1,-1
199,317,144.48,220.40,17.81,26.45,0.94,10,-1,-1
199,318,22.53,416.59,40.47,68.33,0.78,10,-1,-1
199,31,370.76,168.19,14.01,19.49,0.95,10,-1,-1
199,43,321.49,220.00,68.44,30.37,0.98,10,-1,-1
199,262,36.65,266.89,41.03,26.25,0.99,10,-1,-1
199,272,440.19,325.75,21.22,40.85,0.95,10,-1,-1
199,175,508.37,269.19,36.01,25.55,0.47,10,-1,-1
199,328,79.14,244.79,37.59,24.55,0.96,10,-1,-1
199,333,429.58,199.11,13.63,22.86,0.42,10,-1,-1
199,289,220.58,200.01,14.39,24.03,0.88,10,-1,-1
199,335,216.14,221.25,17.49,24.38,0.95,10,-1,-1
199,274,814.16,469.32,24.54,46.28,0.56,1,-1,-1
199,337,375.04,148.41,12.48,19.38,0.53,10,-1,-1
199,35,421.35,182.99,21.58,23.79,0.89,4,-1,-1
199,339,26.89,408.43,23.03,40.89,0.41,2,-1,-1
199,340,352.70,334.32,21.54,35.54,0.92,2,-1,-1
199,299,573.81,283.51,17.09,31.60,0.72,2,-1,-1
199,283,295.22,280.33,15.52,30.49,0.56,2,-1,-1
199,346,442.46,240.93,14.26,21.47,0.16,2,-1,-1
199,307,444.88,198.33,19.22,23.42,0.51,7,-1,-1
199,266,470.04,251.70,14.75,24.88,0.44,10,-1,-1
199,329,696.03,421.44,26.29,40.19,0.70,2,-1,-1
199,358,430.79,284.46,15.88,33.26,0.89,1,-1,-1
199,359,575.96,500.72,38.60,38.36,0.91,10,-1,-1
199,364,232.91,181.52,15.40,20.58,0.77,10,-1,-1
199,365,45.99,258.25,34.84,25.49,0.80,10,-1,-1
199,368,498.06,190.49,36.67,25.85,0.68,7,-1,-1
199,370,808.69,431.24,32.92,36.49,0.76,10,-1,-1
199,371,814.83,469.79,22.90,40.50,0.70,2,-1,-1
199,372,204.16,184.57,16.88,24.11,0.68,10,-1,-1
199,373,497.81,190.45,36.16,26.52,0.80,7,-1,-1
199,374,587.61,507.46,26.52,31.94,0.85,2,-1,-1
199,366,463.49,258.84,30.79,22.98,0.56,10,-1,-1
200,1,21.98,197.10,64.67,28.48,0.93,4,-1,-1
200,4,86.90,179.51,47.11,25.09,0.83,4,-1,-1
200,8,146.68,181.80,32.00,22.78,0.99,4,-1,-1
200,16,255.90,179.59,30.06,28.58,0.96,4,-1,-1
200,17,262.00,167.06,25.41,22.72,0.87,4,-1,-1
200,22,295.16,178.55,27.39,25.91,0.94,4,-1,-1
200,26,340.47,429.52,72.93,96.28,1.00,4,-1,-1
200,27,404.23,165.14,27.79,21.35,0.97,4,-1,-1
200,44,385.96,181.01,29.50,25.24,0.98,4,-1,-1
200,45,464.90,324.94,39.37,46.34,0.99,7,-1,-1
200,56,571.16,291.87,22.55,28.31,0.93,10,-1,-1
200,60,279.96,235.49,84.83,38.48,0.97,4,-1,-1
200,66,437.58,436.16,80.61,99.85,1.00,4,-1,-1
200,78,557.65,243.31,80.12,31.18,0.99,4,-1,-1
200,191,368.14,136.17,16.71,20.77,0.63,4,-1,-1
200,198,304.50,252.06,86.80,33.98,1.00,4,-1,-1
200,202,489.28,233.14,76.43,30.18,0.99,4,-1,-1
200,252,536.92,395.17,83.89,86.04,1.00,4,-1,-1
200,255,396.95,146.64,22.12,20.38,0.98,4,-1,-1
200,276,115.53,315.00,91.15,60.27,1.00,4,-1,-1
200,57,337.49,341.66,38.23,42.85,0.99,8,-1,-1
200,286,599.58,228.22,72.09,28.61,0.96,4,-1,-1
200,150,505.63,328.58,56.82,54.22,0.99,4,-1,-1
200,301,151.21,223.84,21.68,29.48,0.92,10,-1,-1
200,130,380.24,284.18,30.20,21.52,0.83,10,-1,-1
200,271,244.67,152.21,13.74,20.74,0.69,10,-1,-1
200,306,167.90,225.66,17.43,27.79,0.96,10,-1,-1
200,308,107.58,211.72,15.39,22.30,0.85,10,-1,-1
200,169,452.60,275.68,37.71,25.75,0.63,8,-1,-1
200,317,147.93,220.06,15.72,27.14,0.66,10,-1,-1
200,318,20.20,423.00,41.29,67.19,0.82,10,-1,-1
200,31,370.59,167.75,13.91,19.55,0.88,10,-1,-1
200,43,322.91,219.61,68.11,30.77,0.98,10,-1,-1
200,262,29.60,267.39,41.40,25.86,0.97,10,-1,-1
200,272,439.15,320.01,23.98,45.87,0.98,10,-1,-1
200,175,509.41,267.90,36.51,26.58,0.48,10,-1,-1
200,328,75.79,245.62,37.33,24.08,0.95,10,-1,-1
200,289,220.44,199.87,14.41,25.11,0.78,10,-1,-1
200,335,216.30,221.96,17.48,23.99,0.91,10,-1,-1
200,274,815.02,469.64,23.50,44.72,0.52,1,-1,-1
200,337,374.68,148.04,13.00,19.53,0.24,10,-1,-1
200,35,421.47,182.97,21.67,23.99,0.75,4,-1,-1
200,339,25.32,412.92,23.27,38.74,0.22,2,-1,-1
200,340,347.47,337.89,22.90,36.06,0.89,2,-1,-1
200,299,574.23,283.17,17.38,30.87,0.66,2,-1,-1
200,283,299.02,279.99,14.89,30.39,0.40,2,-1,-1
200,307,443.92,198.44,20.36,23.50,0.36,7,-1,-1
200,266,471.90,251.47,15.20,24.76,0.48,10,-1,-1
200,329,696.42,421.11,27.26,40.75,0.68,2,-1,-1
200,358,432.75,284.18,15.77,32.77,0.93,1,-1,-1
200,359,575.28,499.02,38.49,40.24,0.86,10,-1,-1
200,364,232.71,181.78,15.57,20.92,0.45,10,-1,-1
200,365,38.64,258.50,35.36,24.76,0.75,10,-1,-1
200,368,497.89,190.45,36.89,27.22,0.78,7,-1,-1
200,370,808.89,427.17,35.44,43.64,0.29,10,-1,-1
200,371,815.75,470.01,21.97,39.47,0.55,2,-1,-1
200,372,203.57,185.07,17.12,24.35,0.67,10,-1,-1
200,374,586.65,505.52,26.52,33.87,0.94,2,-1,-1
200,366,468.65,258.06,28.13,23.09,0.76,10,-1,-1
200,375,432.12,225.40,24.11,22.90,0.76,10,-1,-1
201,1,22.63,197.29,64.19,28.21,0.86,4,-1,-1
201,4,86.56,179.40,47.41,25.23,0.76,4,-1,-1
201,8,146.63,181.87,31.96,22.66,0.99,4,-1,-1
201,16,255.86,179.60,30.14,28.64,0.95,4,-1,-1
201,17,262.20,166.80,25.14,22.21,0.81,4,-1,-1
201,22,295.05,178.68,27.63,25.92,0.92,4,-1,-1
201,26,340.54,429.49,72.93,96.38,1.00,4,-1,-1
201,27,404.68,165.16,26.12,21.21,0.97,4,-1,-1
201,44,385.76,180.74,29.34,25.31,0.99,4,-1,-1
201,45,464.97,324.87,39.63,46.40,0.99,7,-1,-1
201,56,571.93,291.20,22.00,28.37,0.93,10,-1,-1
201,60,274.75,235.93,87.04,39.62,0.88,4,-1,-1
201,66,437.61,436.12,80.71,99.96,1.00,4,-1,-1
201,78,560.19,243.38,79.60,30.90,0.99,4,-1,-1
201,191,368.20,136.01,16.79,21.24,0.67,4,-1,-1
201,198,307.53,252.12,86.68,33.64,1.00,4,-1,-1
201,202,487.45,233.26,76.43,30.13,0.98,4,-1,-1
201,252,536.92,395.11,83.71,85.25,1.00,4,-1,-1
201,255,396.68,146.52,22.27,20.47,0.97,4,-1,-1
201,276,118.80,316.30,89.59,61.28,1.00,4,-1,-1
201,57,333.37,345.00,36.89,44.27,0.99,8,-1,-1
201,286,597.04,228.38,73.04,28.59,0.96,4,-1,-1
201,150,505.63,328.23,56.67,54.18,0.99,4,-1,-1
201,301,150.51,222.08,22.58,31.11,0.96,10,-1,-1
201,130,383.41,284.46,29.36,21.54,0.74,10,-1,-1
201,271,244.54,152.48,13.63,20.66,0.52,10,-1,-1
201,306,167.47,226.11,18.07,27.37,0.95,10,-1,-1
201,308,107.75,211.94,15.24,22.07,0.83,10,-1,-1
201,169,456.04,266.23,38.04,31.81,0.57,8,-1,-1
201,318,18.11,427.18,41.58,68.25,0.89,10,-1,-1
201,31,370.34,167.19,14.27,19.58,0.91,10,-1,-1
201,43,325.57,219.66,67.60,31.12,0.97,10,-1,-1
201,262,22.08,267.96,41.79,25.91,0.98,10,-1,-1
201,272,439.19,320.67,23.34,44.75,0.97,10,-1,-1
201,175,511.31,267.13,36.30,27.16,0.20,10,-1,-1
201,328,71.67,246.62,37.52,23.71,0.99,10,-1,-1
201,289,220.09,200.19,14.43,24.74,0.62,10,-1,-1
201,335,216.25,222.31,17.47,23.84,0.90,10,-1,-1
201,274,815.37,469.97,23.11,43.34,0.57,1,-1,-1
201,337,374.15,147.60,13.18,20.38,0.39,10,-1,-1
201,35,421.52,183.15,21.70,24.07,0.79,4,-1,-1
201,339,23.59,416.06,23.11,38.83,0.16,2,-1,-1
201,340,342.88,341.13,22.65,36.26,0.95,2,-1,-1
201,299,574.95,283.16,17.09,30.48,0.21,2,-1,-1
201,283,302.29,279.76,15.67,30.67,0.44,2,-1,-1
201,266,473.71,251.90,15.38,25.32,0.32,10,-1,-1
201,329,697.76,421.79,25.29,40.57,0.48,2,-1,-1
201,358,435.05,284.08,15.32,33.43,0.84,1,-1,-1
201,359,574.07,497.07,37.64,42.08,0.74,10,-1,-1
201,364,232.84,181.84,15.21,20.63,0.52,10,-1,-1
201,365,31.69,258.68,35.93,24.72,0.93,10,-1,-1
201,368,497.62,190.44,37.80,27.22,0.74,7,-1,-1
201,370,811.89,431.27,33.76,41.39,0.90,10,-1,-1
201,371,816.07,470.33,21.67,38.66,0.71,2,-1,-1
201,372,203.45,185.74,16.47,23.70,0.64,10,-1,-1
201,374,586.01,503.56,26.05,35.60,0.87,2,-1,-1
201,366,471.37,256.96,27.11,23.79,0.80,10,-1,-1
202,1,22.42,197.34,64.28,28.10,0.84,4,-1,-1
202,4,86.70,179.35,47.52,25.48,0.81,4,-1,-1
202,8,146.63,181.78,31.89,22.81,0.99,4,-1,-1
202,16,255.73,179.49,30.56,28.86,0.94,4,-1,-1
202,17,262.06,166.89,25.44,22.23,0.76,4,-1,-1
202,22,294.89,178.62,27.62,25.93,0.89,4,-1,-1
202,26,340.53,429.68,72.93,96.02,1.00,4,-1,-1
202,27,405.23,164.78,26.71,21.16,0.97,4,-1,-1
202,44,386.08,180.45,28.90,25.13,0.99,4,-1,-1
202,45,465.18,325.06,39.33,46.03,0.99,7,-1,-1
202,56,572.37,290.78,22.60,28.19,0.94,10,-1,-1
202,60,270.30,236.10,88.27,40.07,0.97,4,-1,-1
202,66,437.79,436.31,80.35,99.61,1.00,4,-1,-1
202,78,562.23,243.52,80.99,30.80,0.99,4,-1,-1
202,191,368.21,135.79,16.83,21.37,0.51,4,-1,-1
202,198,310.51,251.95,86.65,33.32,1.00,4,-1,-1
202,202,485.03,233.31,76.45,30.12,0.98,4,-1,-1
202,252,536.50,394.53,84.06,85.37,1.00,4,-1,-1
202,255,396.76,146.52,22.33,20.66,0.96,4,-1,-1
202,276,121.62,317.93,87.96,62.05,0.99,4,-1,-1
202,57,328.19,348.75,37.19,44.81,0.99,8,-1,-1
202,286,595.75,228.44,72.61,28.39,0.95,4,-1,-1
202,150,505.61,327.92,56.62,54.18,0.99,4,-1,-1
202,301,150.82,222.37,22.31,31.34,0.98,10,-1,-1
202,130,385.90,284.94,29.45,21.56,0.75,10,-1,-1
202,271,244.19,152.86,13.39,21.41,0.74,10,-1,-1
202,306,167.17,226.07,18.31,27.61,0.94,10,-1,-1
202,308,107.72,211.70,15.49,22.40,0.75,10,-1,-1
202,169,459.23,262.55,34.30,32.70,0.68,8,-1,-1
202,318,16.29,429.47,41.45,71.34,0.89,10,-1,-1
202,31,370.04,167.09,14.41,19.19,0.90,10,-1,-1
202,43,327.88,219.39,66.63,31.66,0.93,10,-1,-1
202,262,15.66,268.05,41.57,26.13,0.99,10,-1,-1
202,272,438.61,319.61,23.46,45.48,0.96,10,-1,-1
202,328,67.92,246.86,38.05,23.97,0.98,10,-1,-1
202,289,219.83,200.69,14.63,24.58,0.70,10,-1,-1
202,335,216.31,222.42,17.47,23.79,0.92,10,-1,-1
202,274,815.48,469.92,22.96,44.47,0.56,1,-1,-1
202,337,373.74,147.24,13.65,20.90,0.21,10,-1,-1
202,35,421.73,183.11,21.32,24.10,0.89,4,-1,-1
202,340,338.35,345.03,22.13,35.92,0.95,2,-1,-1
202,299,575.59,282.18,16.58,30.14,0.47,2,-1,-1
202,283,305.16,279.49,15.95,30.78,0.57,2,-1,-1
202,329,697.88,421.47,26.11,40.89,0.42,2,-1,-1
202,358,436.83,284.35,15.56,32.16,0.75,1,-1,-1
202,359,573.25,495.03,36.93,44.30,0.55,10,-1,-1
202,364,232.46,181.84,15.71,21.14,0.68,10,-1,-1
202,365,26.40,259.47,34.25,23.64,0.84,10,-1,-1
202,368,497.52,190.22,36.84,27.63,0.72,7,-1,-1
202,370,812.98,432.55,36.44,42.97,0.88,10,-1,-1
202,371,815.67,470.67,21.60,39.37,0.53,2,-1,-1
202,372,202.80,186.43,16.73,23.48,0.55,10,-1,-1
202,374,581.52,501.08,28.74,37.12,0.84,2,-1,-1
202,366,475.59,255.35,24.65,24.67,0.76,10,-1,-1
202,376,577.67,488.17,29.53,47.01,0.69,2,-1,-1
202,244,907.06,434.26,40.97,39.77,0.60,10,-1,-1
203,1,22.48,197.92,64.10,27.65,0.87,4,-1,-1
203,4,86.76,179.37,47.67,25.57,0.82,4,-1,-1
203,8,146.80,182.09,31.52,22.47,0.99,4,-1,-1
203,16,255.69,179.88,30.32,28.54,0.96,4,-1,-1
203,17,262.22,167.06,25.36,21.64,0.84,4,-1,-1
203,22,294.74,178.72,27.71,26.13,0.88,4,-1,-1
203,26,340.76,429.76,72.94,95.88,1.00,4,-1,-1
203,27,405.42,164.47,26.12,21.53,0.95,4,-1,-1
203,44,386.62,179.59,28.36,25.66,0.97,4,-1,-1
203,45,465.07,324.94,39.62,46.28,0.99,7,-1,-1
203,56,573.12,291.23,22.42,26.92,0.94,10,-1,-1
203,60,265.61,236.29,85.97,40.80,0.99,4,-1,-1
203,66,437.88,436.39,80.22,99.87,0.99,4,-1,-1
203,78,564.31,243.58,82.10,30.76,0.99,4,-1,-1
203,191,368.21,135.40,17.24,22.16,0.52,4,-1,-1
203,198,313.32,251.71,87.05,33.39,1.00,4,-1,-1
203,202,483.61,233.33,75.66,30.51,0.98,4,-1,-1
203,252,536.57,394.13,84.40,85.42,1.00,4,-1,-1
203,255,396.80,146.45,22.35,20.92,0.95,4,-1,-1
203,276,124.65,319.54,86.02,63.09,0.99,4,-1,-1
203,57,324.07,352.88,36.10,45.76,0.99,8,-1,-1
203,286,595.13,228.46,72.24,28.11,0.96,4,-1,-1
203,150,505.62,327.81,56.21,53.78,0.99,4,-1,-1
203,301,151.22,223.62,22.43,30.24,0.96,10,-1,-1
203,130,388.55,285.02,29.08,21.37,0.68,10,-1,-1
203,271,243.88,153.82,13.30,21.10,0.51,10,-1,-1
203,306,167.86,227.58,18.40,26.11,0.78,10,-1,-1
203,308,107.64,212.05,15.59,22.12,0.67,10,-1,-1
203,169,462.00,260.75,34.56,35.15,0.61,8,-1,-1
203,318,13.95,434.18,41.76,72.11,0.86,10,-1,-1
203,31,370.33,166.79,14.46,19.24,0.93,10,-1,-1
203,43,330.09,219.12,65.47,31.46,0.96,10,-1,-1
203,262,9.69,269.31,40.90,25.41,0.95,10,-1,-1
203,272,438.61,320.84,22.72,43.77,0.95,10,-1,-1
203,328,63.87,247.29,38.08,23.86,0.98,10,-1,-1
203,289,219.46,200.81,14.91,24.12,0.82,10,-1,-1
203,335,216.44,222.70,17.47,23.57,0.93,10,-1,-1
203,274,815.12,470.07,23.71,44.48,0.45,1,-1,-1
203,337,373.21,147.04,14.21,20.89,0.33,10,-1,-1
203,35,421.61,183.12,21.97,24.71,0.87,4,-1,-1
203,340,333.87,349.61,21.53,36.17,0.92,2,-1,-1
203,299,576.00,282.04,16.38,30.01,0.35,2,-1,-1
203,329,697.15,423.12,25.62,40.21,0.50,2,-1,-1
203,358,438.04,284.67,16.05,31.69,0.57,1,-1,-1
203,359,572.21,492.93,37.11,46.27,0.79,10,-1,-1
203,364,232.43,182.57,15.89,20.92,0.59,10,-1,-1
203,365,18.65,260.43,35.52,23.90,0.89,10,-1,-1
203,368,498.11,190.27,36.45,26.94,0.68,7,-1,-1
203,370,814.16,435.77,38.15,42.69,0.93,10,-1,-1
203,371,815.10,470.53,22.48,39.61,0.49,2,-1,-1
203,372,202.39,188.70,16.37,22.29,0.60,10,-1,-1
203,374,580.16,498.97,28.71,37.59,0.91,2,-1,-1
203,376,576.72,487.45,29.05,45.56,0.73,2,-1,-1
203,244,907.47,434.45,40.99,39.36,0.42,10,-1,-1
203,317,158.33,218.67,22.21,26.15,0.53,10,-1,-1
204,1,23.53,198.42,63.41,27.28,0.86,4,-1,-1
204,4,87.09,179.77,47.33,25.01,0.65,4,-1,-1
204,8,146.82,182.19,31.23,22.34,0.99,4,-1,-1
204,16,255.68,180.22,30.43,28.22,0.97,4,-1,-1
204,17,262.18,167.11,25.33,21.82,0.90,4,-1,-1
204,22,294.89,178.75,27.75,26.20,0.91,4,-1,-1
204,26,341.04,429.78,72.54,95.82,1.00,4,-1,-1
204,27,405.67,164.25,25.91,21.47,0.96,4,-1,-1
204,44,386.62,179.06,28.18,25.86,0.99,4,-1,-1
204,45,465.23,324.88,39.72,46.37,0.99,7,-1,-1
204,56,573.98,290.81,22.35,26.63,0.94,10,-1,-1
204,60,260.59,236.64,84.25,41.07,0.99,4,-1,-1
204,66,437.91,436.20,80.57,99.96,1.00,4,-1,-1
204,78,567.38,243.89,81.73,30.34,0.99,4,-1,-1
204,191,367.63,134.32,17.40,22.79,0.30,7,-1,-1
204,198,316.65,251.52,86.81,33.41,1.00,4,-1,-1
204,202,481.16,233.32,76.17,30.65,0.98,4,-1,-1
204,252,536.60,393.98,84.14,85.04,1.00,4,-1,-1
204,255,397.02,146.56,21.95,20.67,0.88,4,-1,-1
204,276,128.54,321.28,83.45,63.86,1.00,4,-1,-1
204,57,319.33,357.30,35.69,46.48,1.00,8,-1,-1
204,286,594.57,228.46,71.30,27.81,0.96,4,-1,-1
204,150,505.63,327.77,56.46,53.63,1.00,4,-1,-1
204,301,151.19,225.10,21.30,29.00,0.94,10,-1,-1
204,130,391.27,284.82,29.35,22.12,0.77,10,-1,-1
204,271,243.39,154.26,13.67,20.97,0.58,10,-1,-1
204,306,167.26,231.19,19.22,22.89,0.51,10,-1,-1
204,308,107.71,212.07,15.63,22.21,0.80,10,-1,-1
204,169,464.15,260.34,36.19,36.47,0.44,8,-1,-1
204,318,12.05,438.44,42.27,73.52,0.92,10,-1,-1
204,31,370.26,166.48,14.08,19.26,0.94,10,-1,-1
204,43,331.64,218.72,64.65,31.38,0.96,10,-1,-1
204,262,2.88,269.66,40.88,25.74,0.96,10,-1,-1
204,272,438.43,319.93,22.83,44.31,0.94,10,-1,-1
204,328,59.96,247.93,37.78,23.62,0.97,10,-1,-1
204,289,219.23,201.34,14.82,23.54,0.81,10,-1,-1
204,335,216.70,222.68,17.47,23.70,0.93,10,-1,-1
204,274,815.78,470.10,23.20,45.70,0.42,1,-1,-1
204,35,421.97,183.01,22.21,25.33,0.85,4,-1,-1
204,340,329.20,353.20,21.69,37.05,0.97,2,-1,-1
204,299,576.94,281.49,15.91,28.06,0.18,2,-1,-1
204,329,696.46,423.14,25.42,40.34,0.33,2,-1,-1
204,358,439.84,284.77,16.23,31.33,0.44,1,-1,-1
204,359,571.07,491.37,37.18,47.76,0.84,10,-1,-1
204,364,232.13,182.93,15.95,20.84,0.70,10,-1,-1
204,365,11.88,260.74,35.63,23.37,0.89,10,-1,-1
204,368,497.71,190.38,37.13,27.91,0.61,7,-1,-1
204,370,818.13,438.80,38.78,42.07,0.90,10,-1,-1
204,371,815.74,470.46,22.78,41.40,0.28,2,-1,-1
204,372,201.73,190.05,16.48,21.71,0.48,10,-1,-1
204,374,579.17,497.03,27.77,38.97,0.97,2,-1,-1
204,376,576.31,485.67,28.49,43.40,0.82,2,-1,-1
204,244,907.61,434.50,41.00,39.22,0.51,10,-1,-1
204,317,161.66,218.54,23.92,25.32,0.92,10,-1,-1
205,1,24.28,198.67,62.22,26.75,0.89,4,-1,-1
205,4,86.95,179.58,47.60,25.20,0.82,4,-1,-1
205,8,146.86,182.20,31.28,22.30,0.99,4,-1,-1
205,16,255.57,180.33,30.46,28.10,0.96,4,-1,-1
205,17,262.36,167.11,25.11,21.90,0.87,4,-1,-1
205,22,294.95,178.74,27.75,26.43,0.92,4,-1,-1
205,26,340.92,429.78,72.78,95.82,1.00,4,-1,-1
205,27,406.35,163.97,25.43,21.44,0.97,4,-1,-1
205,44,386.82,178.38,27.72,25.93,0.99,4,-1,-1
205,45,465.27,324.87,39.76,46.41,0.98,7,-1,-1
205,56,574.87,290.99,21.92,26.03,0.94,10,-1,-1
205,60,255.85,236.85,82.39,41.36,0.99,4,-1,-1
205,66,437.89,436.34,80.70,100.01,1.00,4,-1,-1
205,78,569.25,243.42,83.56,30.79,0.98,4,-1,-1
205,191,368.59,135.16,16.67,21.77,0.45,6,-1,-1
205,198,319.56,251.54,86.33,32.84,0.99,4,-1,-1
205,202,479.71,233.52,75.57,30.32,0.97,4,-1,-1
205,252,536.61,393.56,84.05,84.52,1.00,4,-1,-1
205,255,397.10,146.74,21.80,20.33,0.89,4,-1,-1
205,276,136.17,323.45,75.98,64.53,0.98,4,-1,-1
205,57,314.92,361.26,35.55,48.30,1.00,8,-1,-1
205,286,591.23,228.56,72.15,27.31,0.97,4,-1,-1
205,150,505.63,327.78,56.16,53.19,0.99,4,-1,-1
205,301,150.96,225.44,21.34,28.94,0.96,10,-1,-1
205,130,393.18,284.63,29.85,22.40,0.73,10,-1,-1
205,271,243.40,154.80,13.61,20.71,0.14,10,-1,-1
205,308,107.81,212.25,15.24,21.86,0.62,10,-1,-1
205,169,467.61,258.90,38.31,30.50,0.35,8,-1,-1
205,318,10.08,441.52,42.93,75.96,0.84,10,-1,-1
205,31,369.84,166.17,14.33,19.27,0.83,10,-1,-1
205,43,332.94,218.37,63.97,31.56,0.94,10,-1,-1
205,262,-1.25,270.14,38.13,25.86,0.95,10,-1,-1
205,272,437.56,317.02,24.07,46.90,0.92,10,-1,-1
205,328,55.87,248.42,38.16,23.54,0.94,10,-1,-1
205,289,218.94,202.00,14.78,22.92,0.78,10,-1,-1
205,335,216.68,222.85,17.47,23.35,0.90,10,-1,-1
205,274,816.01,470.16,23.80,46.55,0.71,1,-1,-1
205,35,422.10,183.16,21.90,25.56,0.86,4,-1,-1
205,340,324.81,357.81,21.74,37.38,0.96,2,-1,-1
205,299,577.45,281.12,16.13,27.53,0.46,2,-1,-1
205,329,696.99,421.78,26.14,39.99,0.44,2,-1,-1
205,358,442.04,284.60,15.89,31.42,0.50,1,-1,-1
205,359,569.66,489.49,37.22,49.45,0.74,10,-1,-1
205,364,232.01,183.13,15.98,21.01,0.68,10,-1,-1
205,365,4.98,260.59,36.19,24.02,0.91,10,-1,-1
205,368,497.77,190.42,36.96,27.86,0.44,7,-1,-1
205,370,822.01,441.97,39.76,41.77,0.76,10,-1,-1
205,371,815.97,470.47,22.89,44.08,0.69,2,-1,-1
205,372,200.65,188.23,17.37,23.73,0.38,10,-1,-1
205,374,578.06,496.01,27.40,39.02,0.92,2,-1,-1
205,376,574.72,483.17,28.78,44.16,0.67,2,-1,-1
205,244,907.65,434.76,41.00,38.78,0.64,10,-1,-1
205,317,165.16,218.48,24.26,24.04,0.91,10,-1,-1
205,283,316.30,279.25,14.70,29.45,0.51,2,-1,-1
206,1,24.07,199.25,62.30,26.15,0.88,4,-1,-1
206,4,87.13,179.70,47.30,25.07,0.79,4,-1,-1
206,8,146.96,182.09,31.34,22.48,0.99,4,-1,-1
206,16,255.76,180.36,30.27,28.25,0.96,4,-1,-1
206,17,262.46,167.10,25.03,22.13,0.79,4,-1,-1
206,22,295.19,178.82,27.36,26.31,0.92,4,-1,-1
206,26,341.29,429.75,72.47,95.81,1.00,4,-1,-1
206,27,407.02,163.96,24.46,21.03,0.96,4,-1,-1
206,44,387.52,178.13,26.76,25.76,0.99,4,-1,-1
206,45,465.30,324.84,39.77,46.42,0.98,7,-1,-1
206,56,575.18,290.25,22.16,26.21,0.92,10,-1,-1
206,60,250.86,237.30,81.28,41.27,0.99,4,-1,-1
206,66,438.10,436.36,80.34,100.03,1.00,4,-1,-1
206,78,571.47,243.34,83.44,30.76,0.98,4,-1,-1
206,191,368.99,135.70,16.38,21.25,0.71,4,-1,-1
206,198,324.36,251.44,83.75,32.62,1.00,4,-1,-1
206,202,477.47,233.58,76.15,30.39,0.94,4,-1,-1
206,252,536.43,393.20,83.81,84.33,1.00,4,-1,-1
206,255,397.36,146.90,21.34,19.99,0.88,4,-1,-1
206,276,140.77,325.01,73.31,65.16,0.98,4,-1,-1
206,57,310.28,365.59,35.09,49.36,1.00,8,-1,-1
206,286,588.66,228.39,73.06,27.12,0.98,4,-1,-1
206,150,505.64,327.37,56.44,53.02,0.99,4,-1,-1
206,301,151.11,225.34,21.65,29.32,0.97,10,-1,-1
206,130,396.02,285.72,29.64,21.52,0.66,10,-1,-1
206,308,107.84,212.30,15.40,21.92,0.58,10,-1,-1
206,169,470.65,258.64,37.59,33.46,0.62,8,-1,-1
206,318,8.25,445.49,42.94,77.64,0.79,10,-1,-1
206,31,369.92,165.86,14.03,19.28,0.80,10,-1,-1
206,43,334.38,218.04,62.92,31.82,0.85,10,-1,-1
206,262,-2.25,270.38,31.74,26.70,0.90,10,-1,-1
206,272,437.65,317.11,23.75,45.91,0.95,10,-1,-1
206,328,52.03,249.17,37.94,23.10,0.96,10,-1,-1
206,289,218.58,202.03,15.17,23.29,0.73,10,-1,-1
206,335,216.50,222.59,17.67,23.82,0.88,10,-1,-1
206,274,815.70,469.76,24.02,46.88,0.76,1,-1,-1
206,35,422.38,183.11,22.18,25.06,0.87,4,-1,-1
206,340,320.18,361.80,21.75,38.27,0.92,2,-1,-1
206,299,578.04,280.99,16.22,27.76,0.20,2,-1,-1
206,329,696.80,423.64,25.62,38.66,0.31,2,-1,-1
206,358,444.23,284.52,15.36,30.46,0.44,1,-1,-1
206,359,568.38,487.82,37.24,50.83,0.58,10,-1,-1
206,364,232.00,183.28,15.98,21.27,0.58,10,-1,-1
206,365,-0.47,261.12,34.51,23.45,0.92,10,-1,-1
206,368,497.81,190.33,36.07,29.44,0.27,7,-1,-1
206,370,825.41,446.30,40.10,40.00,0.60,10,-1,-1
206,371,815.64,470.05,23.74,44.27,0.49,2,-1,-1
206,372,200.22,188.54,17.68,23.99,0.43,10,-1,-1
206,374,577.12,494.47,27.25,39.39,0.98,2,-1,-1
206,376,573.36,481.11,28.88,44.42,0.91,2,-1,-1
206,244,907.66,434.64,40.99,39.01,0.31,10,-1,-1
206,317,168.04,218.87,25.86,23.37,0.88,10,-1,-1
206,283,319.57,278.49,14.50,29.68,0.28,2,-1,-1
206,377,364.02,128.60,18.08,18.53,0.61,4,-1,-1
206,378,706.94,222.24,68.71,31.34,0.61,4,-1,-1
207,1,23.54,198.78,62.71,26.74,0.93,4,-1,-1
207,4,87.13,179.77,47.39,25.02,0.80,4,-1,-1
207,8,146.98,182.07,31.47,22.75,0.99,4,-1,-1
207,16,255.91,180.58,30.00,28.10,0.96,4,-1,-1
207,17,262.78,167.11,24.81,21.62,0.83,4,-1,-1
207,22,295.47,178.97,27.20,26.26,0.93,4,-1,-1
207,26,341.23,429.75,72.76,95.80,1.00,4,-1,-1
207,27,407.23,163.68,24.11,21.08,0.97,4,-1,-1
207,44,388.18,177.96,25.61,25.29,0.99,4,-1,-1
207,45,465.31,324.84,39.78,46.42,0.99,7,-1,-1
207,56,575.47,290.18,22.65,26.08,0.96,10,-1,-1
207,60,245.23,237.88,82.58,40.61,0.99,4,-1,-1
207,66,438.18,436.37,80.62,99.63,0.99,4,-1,-1
207,78,575.19,243.30,82.00,30.74,0.98,4,-1,-1
207,191,369.72,136.12,15.48,20.15,0.75,4,-1,-1
207,198,327.82,251.32,83.60,32.53,0.99,4,-1,-1
207,202,474.30,233.59,77.17,30.41,0.90,4,-1,-1
207,252,536.37,392.88,83.73,83.87,1.00,4,-1,-1
207,255,397.64,146.92,20.76,19.71,0.90,4,-1,-1
207,276,141.20,326.57,74.33,66.54,0.99,4,-1,-1
207,57,305.63,369.14,35.64,51.29,1.00,8,-1,-1
207,286,587.15,228.52,73.21,26.45,0.95,4,-1,-1
207,150,505.84,326.82,56.16,53.37,0.99,4,-1,-1
207,301,151.50,225.23,21.13,29.66,0.94,10,-1,-1
207,130,398.20,286.02,29.96,21.18,0.71,10,-1,-1
207,308,107.73,212.24,15.56,22.35,0.63,10,-1,-1
207,169,472.53,259.46,36.80,35.97,0.48,8,-1,-1
207,318,6.63,451.25,42.04,77.86,0.54,10,-1,-1
207,31,370.14,165.77,13.92,18.88,0.77,10,-1,-1
207,43,335.64,217.64,62.97,32.11,0.71,10,-1,-1
207,262,-1.95,270.60,24.97,26.62,0.42,10,-1,-1
207,272,437.50,315.80,24.41,47.10,0.97,10,-1,-1
207,328,47.88,249.27,38.21,23.14,0.95,10,-1,-1
207,289,218.33,202.15,15.11,23.03,0.74,10,-1,-1
207,335,216.42,222.91,17.75,23.40,0.86,10,-1,-1
207,274,815.58,469.78,24.10,46.60,0.62,1,-1,-1
207,35,422.86,182.79,22.68,25.25,0.65,4,-1,-1
207,340,315.24,366.77,22.55,38.21,0.94,2,-1,-1
207,299,578.42,280.85,16.25,27.95,0.38,2,-1,-1
207,329,697.14,422.51,26.22,39.37,0.31,2,-1,-1
207,358,445.98,284.90,15.16,29.91,0.54,1,-1,-1
207,359,567.16,485.67,37.26,52.85,0.75,10,-1,-1
207,364,231.99,183.74,15.79,20.97,0.48,10,-1,-1
207,365,-2.07,260.83,28.82,24.26,0.46,10,-1,-1
207,368,497.81,189.90,37.37,30.02,0.56,7,-1,-1
207,370,828.64,448.67,41.78,40.48,0.62,10,-1,-1
207,371,815.13,469.66,24.85,47.11,0.67,1,-1,-1
207,372,200.07,188.65,17.59,24.29,0.54,10,-1,-1
207,374,575.00,492.34,27.61,38.68,0.93,2,-1,-1
207,376,571.87,478.76,28.92,45.83,0.72,2,-1,-1
207,244,907.68,434.36,41.00,39.10,0.27,3,-1,-1
207,317,171.26,218.43,24.98,22.94,0.96,10,-1,-1
207,283,323.27,277.66,15.25,30.85,0.53,2,-1,-1
207,378,705.02,222.96,69.67,30.61,0.81,4,-1,-1
207,379,307.82,210.33,21.85,23.20,0.61,10,-1,-1
207,304,363.11,129.40,18.03,18.17,0.74,4,-1,-1
208,1,23.48,198.90,62.56,26.36,0.96,4,-1,-1
208,4,87.46,179.99,46.93,24.80,0.72,4,-1,-1
208,8,147.02,182.25,31.37,22.46,0.99,4,-1,-1
208,16,255.85,180.66,29.90,28.05,0.96,4,-1,-1
208,17,262.98,167.31,24.32,21.63,0.88,4,-1,-1
208,22,295.36,178.91,27.15,26.24,0.95,4,-1,-1
208,26,341.19,429.75,72.87,95.81,1.00,4,-1,-1
208,27,407.68,163.47,23.59,21.09,0.96,4,-1,-1
208,44,388.39,178.01,25.63,24.91,0.99,4,-1,-1
208,45,465.50,324.84,39.39,46.42,0.98,7,-1,-1
208,56,575.75,289.17,22.83,26.84,0.93,10,-1,-1
208,60,240.18,238.09,82.37,40.95,0.99,4,-1,-1
208,66,438.19,436.38,80.72,99.49,1.00,4,-1,-1
208,78,579.88,242.99,79.64,30.94,0.97,4,-1,-1
208,191,369.57,136.27,15.96,19.74,0.86,4,-1,-1
208,198,331.98,251.18,83.17,32.71,0.99,4,-1,-1
208,202,471.78,233.69,77.16,30.42,0.96,4,-1,-1
208,252,536.14,392.58,83.51,83.31,1.00,4,-1,-1
208,255,397.53,146.82,20.96,19.81,0.91,4,-1,-1
208,276,142.91,328.49,73.36,67.44,1.00,4,-1,-1
208,57,301.06,374.29,35.25,52.01,0.99,8,-1,-1
208,286,584.85,228.56,73.46,26.82,0.98,4,-1,-1
208,150,505.91,326.42,55.66,53.11,0.99,4,-1,-1
208,301,151.74,225.37,20.92,29.59,0.93,10,-1,-1
208,130,400.90,286.02,29.69,21.26,0.62,10,-1,-1
208,308,107.67,212.21,15.82,22.51,0.48,10,-1,-1
208,169,475.31,258.01,37.22,33.71,0.47,8,-1,-1
208,318,3.83,454.15,43.73,81.79,0.73,10,-1,-1
208,31,370.02,165.14,13.87,19.33,0.81,10,-1,-1
208,43,336.63,217.29,63.00,31.83,0.95,10,-1,-1
208,262,-1.56,270.26,18.43,26.98,0.85,10,-1,-1
208,272,438.03,317.69,22.69,44.78,0.95,10,-1,-1
208,328,43.90,249.48,38.35,23.16,0.96,10,-1,-1
208,289,217.83,202.17,15.29,23.13,0.63,10,-1,-1
208,335,216.37,223.12,17.78,23.04,0.83,10,-1,-1
208,274,815.92,469.99,24.13,46.89,0.85,1,-1,-1
208,35,422.83,182.47,22.87,25.32,0.58,4,-1,-1
208,340,310.36,371.70,22.85,38.96,0.92,2,-1,-1
208,299,579.13,280.31,15.86,28.34,0.70,2,-1,-1
208,329,696.46,423.49,25.65,39.63,0.50,2,-1,-1
208,358,447.56,284.53,15.08,30.44,0.59,1,-1,-1
208,359,565.54,484.12,37.68,54.36,0.67,10,-1,-1
208,364,231.67,183.80,16.11,21.46,0.65,10,-1,-1
208,365,-2.20,261.61,22.01,23.35,0.64,10,-1,-1
208,368,498.00,189.63,36.64,30.43,0.63,7,-1,-1
208,370,832.53,451.29,42.39,39.83,0.87,10,-1,-1
208,371,815.71,469.91,24.48,46.59,0.84,2,-1,-1
208,372,199.11,188.56,18.36,25.21,0.52,10,-1,-1
208,374,574.07,491.01,26.92,38.38,0.95,2,-1,-1
208,376,570.33,477.40,28.50,45.05,0.85,2,-1,-1
208,244,907.67,433.86,41.00,39.94,0.15,10,-1,-1
208,317,173.46,219.60,27.07,21.57,0.93,10,-1,-1
208,283,326.90,277.15,15.52,30.99,0.59,2,-1,-1
208,378,702.80,222.16,73.56,31.64,0.86,4,-1,-1
208,304,363.06,128.98,17.28,17.75,0.77,4,-1,-1
208,306,168.16,229.67,19.04,25.30,0.60,10,-1,-1
208,271,242.68,156.34,13.57,20.04,0.51,10,-1,-1
209,1,23.20,198.62,62.99,26.63,0.97,4,-1,-1
209,4,87.76,180.26,46.35,24.32,0.80,4,-1,-1
209,8,147.12,182.21,31.19,22.54,0.99,4,-1,-1
209,16,255.96,180.68,29.85,28.03,0.96,4,-1,-1
209,17,262.98,167.38,24.14,21.24,0.87,4,-1,-1
209,22,295.35,178.99,27.12,26.24,0.96,4,-1,-1
209,26,341.58,429.54,72.51,96.21,1.00,4,-1,-1
209,27,407.85,163.41,23.41,21.10,0.98,4,-1,-1
209,44,388.89,177.84,24.84,24.76,0.99,4,-1,-1
209,45,465.38,324.64,39.63,46.82,0.98,7,-1,-1
209,56,576.42,289.30,22.90,26.43,0.94,10,-1,-1
209,60,234.78,238.16,82.59,41.46,0.99,4,-1,-1
209,66,438.60,436.37,80.35,99.43,0.99,4,-1,-1
209,78,582.14,242.69,79.34,31.01,0.97,4,-1,-1
209,191,369.54,136.18,16.13,19.74,0.82,4,-1,-1
209,198,335.62,251.13,82.21,32.38,0.99,4,-1,-1
209,202,470.12,233.73,76.75,30.43,0.98,4,-1,-1
209,252,536.06,392.48,83.43,82.71,1.00,4,-1,-1
209,255,397.51,146.94,21.03,19.80,0.91,4,-1,-1
209,276,143.57,329.95,73.83,68.93,0.99,4,-1,-1
209,57,296.95,382.21,33.30,50.32,0.99,8,-1,-1
209,286,583.06,228.39,73.34,26.96,0.98,4,-1,-1
209,150,505.94,325.89,55.07,53.01,0.99,4,-1,-1
209,301,152.06,225.42,20.64,29.36,0.94,10,-1,-1
209,130,402.84,285.80,29.98,21.70,0.70,10,-1,-1
209,308,107.68,212.29,16.02,22.37,0.70,10,-1,-1
209,169,477.87,258.10,37.72,29.31,0.26,8,-1,-1
209,318,2.24,459.20,43.71,80.18,0.69,10,-1,-1
209,31,370.20,164.92,13.46,19.10,0.85,10,-1,-1
209,43,338.16,216.97,62.23,31.72,0.98,10,-1,-1
209,262,-0.88,270.30,11.76,29.88,0.30,10,-1,-1
209,272,439.49,318.27,21.19,42.64,0.94,10,-1,-1
209,328,39.85,249.23,38.49,23.57,0.94,10,-1,-1
209,289,217.39,202.37,15.55,23.77,0.72,10,-1,-1
209,335,216.38,223.08,17.98,22.91,0.77,10,-1,-1
209,274,816.43,470.07,24.14,48.19,0.73,1,-1,-1
209,35,423.03,182.35,22.93,25.35,0.67,4,-1,-1
209,340,305.93,376.99,22.95,37.67,0.97,2,-1,-1
209,299,579.98,280.13,16.12,28.68,0.25,2,-1,-1
209,329,696.19,423.07,26.23,40.52,0.51,2,-1,-1
209,358,449.29,284.19,14.65,30.44,0.27,1,-1,-1
209,359,564.57,482.79,37.44,55.67,0.72,10,-1,-1
209,364,231.58,183.91,16.23,22.03,0.63,10,-1,-1
209,365,-1.49,261.16,15.36,26.88,0.41,10,-1,-1
209,368,498.29,189.64,36.75,30.76,0.61,7,-1,-1
209,370,835.91,452.21,43.37,41.17,0.95,10,-1,-1
209,371,816.33,470.02,24.31,47.92,0.85,2,-1,-1
209,372,198.59,189.11,18.25,25.15,0.65,10,-1,-1
209,374,571.75,489.58,27.88,39.05,0.97,2,-1,-1
209,376,568.99,475.97,28.36,46.43,0.86,2,-1,-1
209,317,177.61,219.32,25.41,21.71,0.88,10,-1,-1
209,283,330.15,277.57,14.83,30.05,0.33,2,-1,-1
209,378,700.67,221.91,76.70,31.98,0.91,4,-1,-1
209,304,361.47,129.06,18.22,17.62,0.80,4,-1,-1
209,306,168.41,228.05,18.37,26.61,0.73,10,-1,-1
209,271,242.42,156.84,13.56,20.12,0.73,10,-1,-1
209,380,-0.04,300.74,20.57,25.31,0.70,10,-1,-1
210,1,22.21,198.39,64.06,26.73,0.93,4,-1,-1
210,4,87.99,180.32,46.24,24.14,0.80,4,-1,-1
210,8,147.12,182.16,31.27,22.57,0.99,4,-1,-1
210,16,256.01,180.55,29.84,28.22,0.97,4,-1,-1
210,17,262.88,167.37,24.48,21.70,0.89,4,-1,-1
210,22,295.55,178.88,27.12,26.23,0.95,4,-1,-1
210,26,341.53,429.41,72.37,95.95,1.00,4,-1,-1
210,27,408.10,163.25,22.96,21.10,0.98,4,-1,-1
210,44,388.87,177.46,24.98,24.71,0.99,4,-1,-1
210,45,465.33,324.12,39.73,47.36,0.97,7,-1,-1
210,56,577.06,288.33,23.32,27.27,0.93,10,-1,-1
210,60,229.15,238.43,82.67,41.64,0.99,4,-1,-1
210,66,438.76,436.11,80.21,99.81,0.99,4,-1,-1
210,78,584.89,241.93,80.03,31.43,0.97,4,-1,-1
210,191,369.32,136.16,16.60,19.30,0.85,4,-1,-1
210,198,338.46,250.97,82.68,31.85,1.00,4,-1,-1
210,202,469.19,233.90,75.40,30.23,0.93,4,-1,-1
210,252,535.84,391.61,83.60,82.49,1.00,4,-1,-1
210,255,397.30,146.69,21.05,20.05,0.87,4,-1,-1
210,276,144.47,331.59,73.69,69.87,1.00,4,-1,-1
210,57,292.41,385.72,34.21,53.16,0.99,8,-1,-1
210,286,581.06,228.37,73.49,26.62,0.98,4,-1,-1
210,150,505.76,325.25,54.85,52.98,0.99,4,-1,-1
210,301,152.19,225.39,20.53,29.27,0.95,10,-1,-1
210,130,405.48,286.16,30.09,21.47,0.61,10,-1,-1
210,308,107.75,212.18,15.80,22.52,0.38,10,-1,-1
210,169,480.54,257.65,37.49,27.80,0.44,8,-1,-1
210,318,0.18,468.87,44.18,71.97,0.39,10,-1,-1
210,31,370.07,164.21,13.70,19.22,0.82,10,-1,-1
210,43,339.47,216.83,61.56,31.47,0.97,10,-1,-1
210,272,440.03,318.27,20.64,42.67,0.93,10,-1,-1
210,328,35.87,248.60,38.88,24.51,0.95,10,-1,-1
210,289,217.04,202.50,15.65,23.61,0.67,10,-1,-1
210,335,216.30,222.93,18.46,23.07,0.56,10,-1,-1
210,274,816.61,470.24,24.14,46.70,0.85,1,-1,-1
210,35,423.11,182.27,22.16,24.95,0.87,4,-1,-1
210,340,301.37,381.81,23.28,39.54,0.96,2,-1,-1
210,299,580.47,279.83,16.61,29.41,0.49,2,-1,-1
210,329,696.49,423.44,25.65,39.28,0.38,2,-1,-1
210,358,451.29,284.32,14.50,30.55,0.30,1,-1,-1
210,359,563.46,480.73,36.95,57.28,0.65,10,-1,-1
210,364,231.37,184.00,16.67,22.05,0.62,10,-1,-1
210,368,498.20,189.80,37.19,30.48,0.63,7,-1,-1
210,370,837.92,452.05,46.05,43.22,0.90,10,-1,-1
210,371,816.55,470.00,25.04,48.40,0.58,2,-1,-1
210,372,198.14,189.58,17.99,25.12,0.85,10,-1,-1
210,374,569.96,487.65,28.23,40.88,0.95,2,-1,-1
210,376,567.33,473.63,28.31,47.32,0.71,2,-1,-1
210,317,180.62,219.28,26.01,21.16,0.60,10,-1,-1
210,283,334.04,276.70,14.96,30.49,0.46,2,-1,-1
210,378,696.96,220.69,77.65,33.40,0.91,4,-1,-1
210,304,360.71,128.96,18.17,17.47,0.94,4,-1,-1
210,306,168.60,227.61,18.75,26.70,0.89,10,-1,-1
210,271,241.95,156.97,13.96,20.34,0.55,10,-1,-1
210,380,0.09,299.64,24.06,24.47,0.71,10,-1,-1
210,381,407.11,228.42,26.52,24.41,0.66,10,-1,-1
210,268,326.40,285.40,36.75,24.12,0.51,10,-1,-1
211,1,23.11,198.83,62.67,26.17,0.95,4,-1,-1
211,4,88.30,180.47,45.71,24.08,0.86,4,-1,-1
211,8,147.10,182.07,31.35,22.59,0.99,4,-1,-1
211,16,256.07,180.53,29.83,28.30,0.96,4,-1,-1
211,17,262.99,167.30,24.41,22.07,0.87,4,-1,-1
211,22,295.57,178.87,27.12,26.23,0.96,4,-1,-1
211,26,341.47,429.42,72.73,95.87,1.00,4,-1,-1
211,27,408.35,163.23,22.40,20.90,0.98,4,-1,-1
211,44,389.02,177.26,24.65,24.50,0.99,4,-1,-1
211,45,465.29,324.57,39.77,46.78,0.98,7,-1,-1
211,56,577.66,288.32,23.08,27.09,0.91,10,-1,-1
211,60,223.26,238.76,83.21,41.51,1.00,4,-1,-1
211,66,438.58,436.08,80.57,99.57,0.99,4,-1,-1
211,78,588.20,241.89,80.70,31.59,0.95,4,-1,-1
211,191,369.40,136.18,16.78,18.73,0.89,4,-1,-1
211,198,341.95,251.06,83.27,31.87,1.00,4,-1,-1
211,202,466.50,233.80,76.10,30.36,0.96,4,-1,-1
211,252,535.35,391.16,84.08,82.43,1.00,4,-1,-1
211,255,397.39,146.83,21.07,19.94,0.91,4,-1,-1
211,276,145.90,333.79,72.64,70.21,1.00,4,-1,-1
211,57,287.44,393.40,33.54,51.89,1.00,8,-1,-1
211,286,578.57,228.71,74.15,26.70,0.98,4,-1,-1
211,150,505.67,324.67,54.78,53.38,0.99,4,-1,-1
211,301,152.27,225.42,20.30,29.24,0.95,10,-1,-1
211,130,407.55,285.54,30.13,21.99,0.82,10,-1,-1
211,308,107.86,212.17,15.51,22.38,0.34,10,-1,-1
211,169,482.63,257.66,37.35,28.52,0.24,8,-1,-1
211,318,-0.10,478.83,42.78,61.69,0.20,10,-1,-1
211,31,370.19,163.89,13.40,18.86,0.80,10,-1,-1
211,43,340.66,216.62,60.93,30.98,0.98,10,-1,-1
211,272,439.99,317.92,20.87,41.88,0.94,10,-1,-1
211,328,31.67,249.17,39.39,24.29,0.96,10,-1,-1
211,289,216.76,202.67,15.69,23.35,0.62,10,-1,-1
211,335,216.21,222.80,18.64,23.13,0.44,10,-1,-1
211,274,817.09,470.37,24.14,46.92,0.91,1,-1,-1
211,35,423.10,182.48,22.26,24.01,0.89,4,-1,-1
211,340,296.70,387.29,23.11,38.67,0.98,2,-1,-1
211,299,581.22,279.68,16.41,29.99,0.67,2,-1,-1
211,329,698.22,422.44,25.43,40.00,0.18,2,-1,-1
211,358,452.53,284.21,15.25,32.41,0.58,1,-1,-1
211,359,561.88,478.89,37.58,59.02,0.86,10,-1,-1
211,364,230.94,183.96,16.84,22.45,0.56,10,-1,-1
211,368,498.14,189.80,37.75,30.76,0.59,7,-1,-1
211,370,840.96,454.14,47.84,43.61,0.89,10,-1,-1
211,371,817.84,470.66,22.94,44.62,0.34,2,-1,-1
211,372,197.52,189.97,18.09,25.10,0.81,10,-1,-1
211,374,569.73,485.67,26.76,41.17,0.96,2,-1,-1
211,376,566.16,471.89,27.88,45.63,0.90,2,-1,-1
211,317,184.05,219.42,25.45,20.77,0.74,10,-1,-1
211,283,338.11,276.23,14.62,29.86,0.42,2,-1,-1
211,378,694.03,220.12,77.86,34.08,0.95,4,-1,-1
211,304,359.82,129.04,18.54,17.22,0.95,4,-1,-1
211,306,168.90,226.60,18.10,27.31,0.92,10,-1,-1
211,271,241.43,157.33,14.11,20.43,0.67,10,-1,-1
211,380,-0.00,297.46,29.20,25.60,0.59,10,-1,-1
211,381,406.62,228.30,25.07,23.20,0.80,10,-1,-1
211,268,329.30,285.26,36.78,23.25,0.22,10,-1,-1
211,382,308.57,209.28,21.09,24.41,0.67,10,-1,-1
211,383,467.08,300.44,15.67,28.33,0.87,1,-1,-1
212,1,21.90,198.67,64.20,26.57,0.90,4,-1,-1
212,4,88.11,180.31,46.11,24.27,0.77,4,-1,-1
212,8,147.29,182.02,31.38,22.79,0.99,4,-1,-1
212,16,256.38,180.62,29.63,28.12,0.96,4,-1,-1
212,17,263.02,167.46,24.59,22.41,0.86,4,-1,-1
212,22,295.76,178.86,26.81,26.03,0.95,4,-1,-1
212,26,341.70,429.38,72.45,95.83,1.00,4,-1,-1
212,27,408.68,163.03,21.80,21.02,0.98,4,-1,-1
212,44,389.33,176.90,24.54,24.41,0.99,4,-1,-1
212,45,465.32,324.33,39.77,46.94,0.98,7,-1,-1
212,56,577.89,288.12,23.78,26.62,0.82,10,-1,-1
212,60,217.32,239.16,83.59,41.64,0.99,4,-1,-1
212,66,438.56,435.83,80.69,99.86,0.99,4,-1,-1
212,78,591.36,241.58,80.55,31.65,0.97,4,-1,-1
212,191,369.49,135.99,16.85,18.63,0.89,4,-1,-1
212,198,345.39,251.08,83.90,31.67,1.00,4,-1,-1
212,202,464.22,233.85,75.96,30.21,0.99,4,-1,-1
212,252,535.20,390.38,83.85,82.81,1.00,4,-1,-1
212,255,397.48,147.13,21.07,19.65,0.90,4,-1,-1
212,276,147.06,335.93,72.43,71.08,0.99,4,-1,-1
212,57,282.92,396.83,34.20,55.27,1.00,8,-1,-1
212,286,576.54,228.93,73.59,26.94,0.99,4,-1,-1
212,150,505.47,324.05,54.76,53.52,0.99,4,-1,-1
212,301,152.39,225.41,20.41,29.43,0.94,10,-1,-1
212,130,410.28,286.76,29.74,21.00,0.59,10,-1,-1
212,31,370.11,163.19,13.28,18.73,0.70,10,-1,-1
212,43,341.92,216.34,60.71,30.80,0.98,10,-1,-1
212,272,440.22,321.42,20.14,38.76,0.96,10,-1,-1
212,328,27.89,249.66,39.21,24.19,0.95,10,-1,-1
212,289,216.75,202.72,15.70,24.25,0.54,10,-1,-1
212,335,216.56,222.04,18.50,23.75,0.26,10,-1,-1
212,274,817.64,470.39,24.13,46.60,0.69,1,-1,-1
212,35,423.15,182.45,22.69,23.24,0.75,4,-1,-1
212,340,291.81,392.98,23.22,38.29,0.94,2,-1,-1
212,329,698.86,420.86,25.34,40.26,0.38,2,-1,-1
212,358,453.79,284.55,15.13,32.70,0.56,1,-1,-1
212,359,560.75,477.22,37.81,60.04,0.71,10,-1,-1
212,364,230.87,183.73,16.89,23.19,0.49,10,-1,-1
212,368,497.96,189.81,38.35,30.85,0.70,7,-1,-1
212,370,844.38,456.25,49.27,43.33,0.92,10,-1,-1
212,371,818.73,470.89,22.09,41.84,0.49,2,-1,-1
212,372,196.91,190.69,18.32,25.08,0.87,10,-1,-1
212,374,567.72,484.13,27.40,40.85,0.98,2,-1,-1
212,376,564.37,470.27,28.96,47.00,0.95,2,-1,-1
212,317,187.22,219.66,25.98,20.44,0.72,10,-1,-1
212,283,342.17,275.55,14.89,29.82,0.30,2,-1,-1
212,378,691.01,219.64,77.82,34.49,0.94,4,-1,-1
212,304,359.58,128.98,18.28,16.93,0.92,4,-1,-1
212,306,169.21,226.20,17.85,27.91,0.95,10,-1,-1
212,271,241.23,157.74,14.16,20.66,0.89,10,-1,-1
212,380,0.29,293.83,35.23,29.07,0.12,10,-1,-1
212,381,404.67,228.86,25.26,22.73,0.60,10,-1,-1
212,268,333.34,285.09,36.39,23.18,0.22,10,-1,-1
212,382,308.85,209.64,21.09,23.92,0.68,10,-1,-1
212,383,468.55,300.07,15.67,28.69,0.72,1,-1,-1
212,175,532.29,255.06,39.10,36.20,0.79,10,-1,-1
213,1,22.10,198.94,63.69,26.51,0.94,4,-1,-1
213,4,88.30,180.37,45.87,24.13,0.85,4,-1,-1
213,8,147.28,182.03,31.74,22.87,0.99,4,-1,-1
213,16,256.26,180.46,29.75,28.45,0.96,4,-1,-1
213,17,263.09,167.54,24.46,22.15,0.79,4,-1,-1
213,22,295.80,178.86,26.90,25.95,0.95,4,-1,-1
213,26,341.58,428.99,72.75,96.21,1.00,4,-1,-1
213,27,408.97,162.67,22.01,20.87,0.99,4,-1,-1
213,44,389.41,176.98,24.93,23.79,0.99,4,-1,-1
213,45,465.51,324.64,39.78,46.61,0.97,7,-1,-1
213,56,578.74,287.17,23.25,27.14,0.58,10,-1,-1
213,60,211.85,239.82,83.15,41.28,1.00,4,-1,-1
213,66,438.34,435.95,80.74,99.58,0.99,4,-1,-1
213,78,595.23,242.07,77.70,31.07,0.94,4,-1,-1
213,191,369.50,135.93,16.87,18.70,0.79,4,-1,-1
213,198,348.93,251.11,84.94,31.80,1.00,4,-1,-1
213,202,461.83,234.07,77.11,29.95,0.99,4,-1,-1
213,252,535.14,390.11,83.37,82.57,1.00,4,-1,-1
213,255,397.30,147.25,21.08,19.44,0.92,4,-1,-1
213,276,147.73,338.49,72.25,71.78,0.99,4,-1,-1
213,57,278.10,400.78,35.54,58.82,0.99,8,-1,-1
213,286,575.44,229.31,72.58,27.62,0.99,4,-1,-1
213,150,505.39,323.64,55.16,53.58,1.00,4,-1,-1
213,301,152.36,225.43,20.60,29.30,0.97,10,-1,-1
213,130,412.40,286.43,29.20,21.62,0.49,10,-1,-1
213,31,370.06,162.64,13.24,19.08,0.90,10,-1,-1
213,43,343.31,216.16,59.85,30.53,0.98,10,-1,-1
213,272,440.50,324.64,19.07,35.12,0.88,10,-1,-1
213,328,23.85,250.26,39.53,23.95,0.98,10,-1,-1
213,289,216.53,202.85,15.50,24.38,0.33,10,-1,-1
213,335,216.76,222.17,18.45,23.59,0.26,10,-1,-1
213,274,818.26,470.99,23.33,45.68,0.67,1,-1,-1
213,35,422.95,181.84,22.07,23.98,0.88,4,-1,-1
213,340,286.75,398.77,24.06,39.34,0.98,2,-1,-1
213,329,699.51,420.65,23.71,39.96,0.29,2,-1,-1
213,358,455.58,284.69,15.48,33.80,0.65,1,-1,-1
213,359,559.78,475.48,37.51,60.38,0.89,10,-1,-1
213,364,230.91,184.24,17.11,23.27,0.28,10,-1,-1
213,368,498.08,189.91,38.57,30.67,0.66,7,-1,-1
213,370,849.13,459.36,49.03,42.00,0.97,10,-1,-1
213,371,818.24,471.17,22.60,42.88,0.77,2,-1,-1
213,372,196.37,191.07,17.81,25.27,0.85,10,-1,-1
213,374,567.43,482.04,26.04,40.31,0.98,2,-1,-1
213,376,563.76,469.54,27.75,45.10,0.91,2,-1,-1
213,317,190.36,219.56,26.35,20.14,0.32,10,-1,-1
213,283,345.93,275.63,14.99,29.21,0.36,2,-1,-1
213,378,688.78,219.28,79.39,34.40,0.94,4,-1,-1
213,304,359.69,128.97,18.18,17.14,0.84,4,-1,-1
213,306,169.29,226.08,17.96,28.33,0.96,10,-1,-1
213,271,240.74,158.00,14.57,20.55,0.65,10,-1,-1
213,380,0.23,295.20,41.60,28.33,0.51,10,-1,-1
213,381,403.08,229.52,24.38,21.86,0.66,10,-1,-1
213,382,308.89,209.84,21.09,23.60,0.78,10,-1,-1
213,383,470.45,300.00,15.21,29.22,0.70,1,-1,-1
213,175,534.29,254.27,41.24,36.02,0.53,10,-1,-1
213,384,497.81,190.45,39.78,31.04,0.61,4,-1,-1
213,385,781.07,463.46,25.31,43.39,0.64,1,-1,-1
214,1,22.47,198.79,63.56,26.30,0.92,4,-1,-1
214,4,88.34,180.15,45.88,24.29,0.88,4,-1,-1
214,8,147.14,181.99,32.08,23.10,0.99,4,-1,-1
214,16,256.60,180.37,29.60,28.58,0.96,4,-1,-1
214,17,263.00,167.43,24.61,22.25,0.87,4,-1,-1
214,22,296.10,178.84,26.64,25.92,0.97,4,-1,-1
214,26,341.49,429.04,72.87,95.97,1.00,4,-1,-1
214,27,409.26,162.22,22.09,21.01,0.98,4,-1,-1
214,44,389.43,176.50,25.08,23.76,0.99,4,-1,-1
214,45,465.57,324.76,39.78,46.48,0.98,7,-1,-1
214,56,579.44,284.45,23.04,29.51,0.39,10,-1,-1
214,60,205.96,240.03,83.18,41.54,0.99,4,-1,-1
214,66,438.22,436.00,80.76,99.48,0.99,4,-1,-1
214,78,598.78,241.96,76.42,30.86,0.98,4,-1,-1
214,191,369.89,135.73,16.48,18.89,0.70,4,-1,-1
214,198,352.90,251.20,84.95,31.47,1.00,4,-1,-1
214,202,460.19,234.23,75.96,29.86,0.98,4,-1,-1
214,252,535.51,390.03,82.80,81.70,1.00,4,-1,-1
214,255,397.61,147.42,20.68,19.12,0.94,4,-1,-1
214,276,148.56,340.17,72.01,73.21,0.99,4,-1,-1
214,57,273.73,407.93,35.17,58.68,0.99,8,-1,-1
214,286,573.70,229.24,72.80,28.09,0.98,4,-1,-1
214,150,505.35,323.49,54.91,53.21,0.99,4,-1,-1
214,301,152.36,225.20,20.52,29.65,0.96,10,-1,-1
214,130,414.08,286.29,30.20,22.05,0.78,10,-1,-1
214,31,370.03,162.53,13.23,18.62,0.89,10,-1,-1
214,43,344.75,216.08,59.14,30.24,0.98,10,-1,-1
214,272,439.95,324.71,19.52,34.71,0.95,10,-1,-1
214,328,20.09,250.33,39.35,24.26,0.96,10,-1,-1
214,289,216.53,203.05,15.22,24.83,0.20,10,-1,-1
214,335,217.01,222.08,18.23,23.73,0.39,10,-1,-1
214,274,818.48,471.24,23.03,44.93,0.70,1,-1,-1
214,35,422.86,181.70,21.42,24.64,0.50,4,-1,-1
214,340,282.10,404.54,24.56,39.73,0.96,2,-1,-1
214,329,699.32,420.20,24.73,40.25,0.30,2,-1,-1
214,358,457.76,284.74,15.22,34.61,0.66,1,-1,-1
214,359,558.84,473.12,36.59,61.23,0.82,10,-1,-1
214,364,230.62,184.20,17.19,23.88,0.63,10,-1,-1
214,368,498.11,189.94,39.04,30.80,0.68,7,-1,-1
214,370,852.46,461.90,50.44,41.87,0.95,10,-1,-1
214,371,818.45,471.30,22.79,42.85,0.82,2,-1,-1
214,372,196.06,191.56,17.00,25.54,0.74,10,-1,-1
214,374,566.17,480.53,25.51,40.48,0.98,2,-1,-1
214,376,562.98,468.36,27.28,44.76,0.91,2,-1,-1
214,317,193.67,218.38,25.51,21.27,0.29,10,-1,-1
214,283,349.38,275.35,14.64,29.59,0.45,2,-1,-1
214,378,686.85,219.07,79.11,34.75,0.92,4,-1,-1
214,304,359.15,129.09,17.74,17.42,0.76,4,-1,-1
214,306,169.18,226.00,18.21,28.48,0.96,10,-1,-1
214,271,240.84,158.44,14.14,20.71,0.41,10,-1,-1
214,380,1.16,294.61,46.93,28.94,0.32,10,-1,-1
214,381,399.88,230.62,25.03,20.46,0.79,10,-1,-1
214,382,308.88,210.47,21.56,22.55,0.84,10,-1,-1
214,383,472.97,299.97,15.05,28.47,0.64,1,-1,-1
214,175,536.36,254.08,40.04,36.31,0.70,7,-1,-1
214,384,497.82,189.96,39.29,30.80,0.70,7,-1,-1
214,385,781.08,463.21,25.31,42.91,0.55,1,-1,-1
214,386,861.83,447.49,24.11,38.57,0.84,2,-1,-1
214,387,870.27,449.30,22.90,34.96,0.74,2,-1,-1
215,1,22.73,198.88,63.53,26.22,0.91,4,-1,-1
215,4,88.33,180.11,46.19,24.35,0.81,4,-1,-1
215,8,147.17,182.01,32.06,22.98,0.99,4,-1,-1
215,16,256.65,180.46,29.55,28.63,0.95,4,-1,-1
215,17,263.19,167.22,24.47,22.48,0.85,4,-1,-1
215,22,296.33,178.75,26.44,25.91,0.97,4,-1,-1
215,26,341.50,428.87,72.92,96.27,1.00,4,-1,-1
215,27,409.58,162.17,21.74,20.67,0.98,4,-1,-1
215,44,389.85,176.25,25.15,23.75,0.98,4,-1,-1
215,45,465.82,324.61,39.39,46.43,0.98,7,-1,-1
215,56,580.10,284.39,22.96,29.24,0.52,10,-1,-1
215,60,199.69,240.42,83.59,41.43,0.99,4,-1,-1
215,66,438.43,436.02,80.77,99.44,0.99,4,-1,-1
215,78,602.22,242.02,75.76,30.57,0.98,4,-1,-1
215,191,370.05,135.72,16.34,18.51,0.79,4,-1,-1
215,198,358.28,250.55,82.97,31.94,0.99,4,-1,-1
215,202,457.70,234.30,75.92,29.82,0.98,4,-1,-1
215,252,535.50,389.82,82.79,81.77,1.00,4,-1,-1
215,255,397.55,147.19,20.94,19.20,0.91,4,-1,-1
215,276,148.93,340.79,72.16,75.68,0.99,4,-1,-1
215,57,269.13,412.61,35.42,62.05,0.99,8,-1,-1
215,286,572.35,229.31,72.88,28.06,0.99,4,-1,-1
215,150,505.57,323.06,54.43,53.07,0.99,4,-1,-1
215,301,152.44,225.15,20.65,29.58,0.96,10,-1,-1
215,130,416.26,286.04,29.78,22.41,0.77,10,-1,-1
215,31,370.04,162.43,13.23,18.24,0.89,10,-1,-1
215,43,345.86,215.38,58.91,30.33,0.98,10,-1,-1
215,272,440.40,326.39,18.47,32.52,0.86,10,-1,-1
215,328,16.16,250.00,39.51,24.77,0.92,10,-1,-1
215,289,216.58,203.45,15.12,25.00,0.21,10,-1,-1
215,335,217.53,221.69,17.74,24.18,0.30,10,-1,-1
215,274,818.59,471.10,22.92,44.65,0.91,1,-1,-1
215,35,423.05,181.77,21.58,25.09,0.68,4,-1,-1
215,340,277.59,410.95,24.16,40.26,0.95,2,-1,-1
215,329,698.10,419.23,26.68,40.75,0.25,2,-1,-1
215,358,459.95,284.96,15.12,35.11,0.63,1,-1,-1
215,359,557.99,470.71,36.25,61.90,0.83,10,-1,-1
215,364,230.74,184.50,17.22,24.31,0.78,10,-1,-1
215,368,497.95,190.16,39.22,31.63,0.36,4,-1,-1
215,370,856.42,464.15,51.73,42.20,0.96,10,-1,-1
215,372,195.59,191.76,16.90,26.63,0.88,10,-1,-1
215,374,564.59,479.02,25.73,39.34,0.98,2,-1,-1
215,376,561.97,466.77,27.12,45.04,0.88,2,-1,-1
215,283,352.76,275.08,14.90,29.33,0.35,2,-1,-1
215,378,685.04,219.30,78.14,34.45,0.90,4,-1,-1
215,304,358.40,129.05,17.57,17.43,0.59,4,-1,-1
215,306,169.27,226.12,18.11,28.32,0.95,10,-1,-1
215,271,240.62,158.92,14.37,20.77,0.79,10,-1,-1
215,380,4.68,294.50,49.92,28.70,0.72,10,-1,-1
215,381,396.99,229.90,25.67,20.98,0.58,10,-1,-1
215,382,309.35,210.21,20.82,22.70,0.84,10,-1,-1
215,383,475.53,299.86,14.10,26.05,0.25,1,-1,-1
215,175,538.29,253.65,39.94,36.40,0.56,10,-1,-1
215,384,497.84,189.75,39.20,31.21,0.76,7,-1,-1
215,385,780.18,462.91,26.24,43.28,0.34,1,-1,-1
215,386,866.20,444.09,23.14,43.39,0.94,2,-1,-1
215,387,875.12,450.00,20.97,38.33,0.61,2,-1,-1
215,388,905.22,214.70,50.62,24.71,0.71,4,-1,-1
216,1,23.82,198.90,62.70,25.99,0.93,4,-1,-1
216,4,88.80,180.28,45.91,24.18,0.93,4,-1,-1
216,8,147.31,182.01,32.04,22.94,0.99,4,-1,-1
216,16,256.68,180.30,29.52,28.64,0.95,4,-1,-1
216,17,263.48,167.04,24.21,22.57,0.86,4,-1,-1
216,22,296.33,178.82,26.46,25.91,0.97,4,-1,-1
216,26,341.70,428.79,72.92,96.37,1.00,4,-1,-1
216,27,409.68,162.07,21.61,20.54,0.97,4,-1,-1
216,44,390.00,175.97,25.18,23.55,0.99,4,-1,-1
216,45,465.90,324.55,39.63,46.81,0.98,7,-1,-1
216,56,581.11,281.27,22.93,31.68,0.56,10,-1,-1
216,60,194.45,240.95,82.73,41.38,0.92,4,-1,-1
216,66,438.29,435.81,81.16,99.42,0.99,4,-1,-1
216,78,605.97,241.75,74.12,30.86,0.97,4,-1,-1
216,191,370.52,135.68,15.88,17.67,0.83,4,-1,-1
216,198,360.56,250.51,83.41,31.72,0.98,4,-1,-1
216,202,455.04,234.23,76.30,29.81,0.97,4,-1,-1
216,252,535.27,389.15,82.58,82.20,1.00,4,-1,-1
216,255,397.74,147.47,20.63,18.98,0.90,4,-1,-1
216,276,149.47,342.32,72.39,77.37,1.00,4,-1,-1
216,57,264.38,421.18,35.11,61.02,0.99,10,-1,-1
216,286,570.89,229.15,75.49,28.45,0.99,4,-1,-1
216,150,505.43,322.51,54.25,53.02,0.99,4,-1,-1
216,301,152.59,225.21,20.49,29.36,0.98,10,-1,-1
216,130,417.98,286.03,30.41,22.55,0.66,10,-1,-1
216,31,369.86,162.41,13.23,17.70,0.85,10,-1,-1
216,43,346.63,214.93,58.83,30.17,0.98,10,-1,-1
216,272,440.56,326.96,17.68,31.36,0.96,10,-1,-1
216,328,12.02,249.75,39.69,25.35,0.92,10,-1,-1
216,289,216.42,203.79,14.88,25.05,0.40,10,-1,-1
216,274,818.56,470.84,22.88,46.56,0.83,1,-1,-1
216,35,423.32,181.80,20.84,24.87,0.36,4,-1,-1
216,340,272.20,417.74,24.59,40.44,0.92,2,-1,-1
216,329,697.99,419.66,26.63,40.93,0.19,2,-1,-1
216,358,461.90,284.74,15.08,35.78,0.62,1,-1,-1
216,359,556.68,468.65,36.53,62.49,0.88,10,-1,-1
216,364,230.71,184.81,17.22,24.26,0.73,10,-1,-1
216,370,861.30,465.93,52.19,43.10,0.98,10,-1,-1
216,372,194.45,192.41,17.87,26.05,0.70,10,-1,-1
216,374,563.82,477.51,25.41,38.89,0.99,2,-1,-1
216,376,560.61,465.22,27.47,45.54,0.67,2,-1,-1
216,283,356.69,275.19,14.21,28.43,0.34,2,-1,-1
216,378,682.83,218.63,80.95,34.91,0.96,4,-1,-1
216,304,353.94,130.80,20.31,17.24,0.83,7,-1,-1
216,306,169.42,225.57,18.07,28.64,0.94,10,-1,-1
216,271,240.77,159.58,13.86,20.39,0.43,10,-1,-1
216,380,10.12,294.37,50.36,28.05,0.70,10,-1,-1
216,381,395.66,229.78,24.63,21.58,0.44,10,-1,-1
216,382,309.51,209.90,20.55,22.99,0.78,10,-1,-1
216,175,539.72,253.71,38.70,37.78,0.61,10,-1,-1
216,385,779.83,462.82,27.47,43.40,0.24,1,-1,-1
216,386,868.43,445.24,22.95,43.83,0.95,2,-1,-1
216,387,879.87,451.70,20.59,37.61,0.83,2,-1,-1
216,388,901.36,213.85,54.48,26.64,0.64,4,-1,-1
216,389,351.06,134.85,19.29,14.46,0.64,7,-1,-1
217,1,24.34,198.59,62.25,26.11,0.96,4,-1,-1
217,4,88.73,179.92,46.21,24.51,0.94,4,-1,-1
217,8,147.47,181.80,31.99,23.12,0.99,4,-1,-1
217,16,256.87,180.01,29.32,28.84,0.94,4,-1,-1
217,17,263.56,166.65,24.12,22.60,0.81,4,-1,-1
217,22,296.31,178.72,26.48,25.91,0.96,4,-1,-1
217,26,341.77,428.76,73.33,96.42,1.00,4,-1,-1
217,27,410.10,161.82,21.18,20.49,0.97,4,-1,-1
217,44,390.25,175.66,25.21,23.48,0.99,4,-1,-1
217,45,465.94,324.51,39.73,46.95,0.97,7,-1,-1
217,56,582.08,280.37,22.52,32.10,0.78,10,-1,-1
217,60,188.36,241.23,82.62,41.56,0.77,5,-1,-1
217,66,438.44,435.74,80.92,99.42,0.99,4,-1,-1
217,78,609.07,241.73,74.54,30.18,0.99,4,-1,-1
217,191,370.68,135.44,15.31,17.46,0.83,4,-1,-1
217,198,365.27,250.09,82.00,32.24,1.00,4,-1,-1
217,202,451.93,234.07,77.25,30.41,0.97,4,-1,-1
217,252,535.21,389.10,82.52,81.59,1.00,4,-1,-1
217,255,397.80,147.44,20.92,19.00,0.93,4,-1,-1
217,276,151.03,345.20,71.16,77.61,1.00,4,-1,-1
217,57,259.58,427.55,36.20,63.27,0.99,10,-1,-1
217,286,569.43,228.96,75.10,28.39,0.99,4,-1,-1
217,150,505.40,322.10,53.79,52.61,0.99,4,-1,-1
217,301,152.76,225.32,20.29,29.27,0.96,10,-1,-1
217,130,419.95,285.91,30.65,23.29,0.30,10,-1,-1
217,31,369.98,161.99,12.83,17.91,0.87,10,-1,-1
217,43,348.05,214.75,58.03,30.11,0.94,10,-1,-1
217,272,440.20,327.34,17.82,30.59,0.93,10,-1,-1
217,328,7.91,249.05,40.72,26.36,0.95,10,-1,-1
217,289,215.84,203.99,14.99,24.28,0.20,10,-1,-1
217,274,818.20,470.94,23.67,46.48,0.96,1,-1,-1
217,35,423.41,181.39,20.57,25.78,0.21,4,-1,-1
217,340,266.95,424.71,25.14,40.51,0.95,2,-1,-1
217,358,462.77,284.55,15.87,36.13,0.58,1,-1,-1
217,359,555.86,467.14,36.65,63.07,0.79,10,-1,-1
217,364,230.77,185.09,17.03,24.04,0.72,10,-1,-1
217,370,865.11,468.10,53.89,42.25,0.98,10,-1,-1
217,372,193.82,193.52,17.84,25.02,0.84,10,-1,-1
217,374,561.80,475.01,26.91,40.72,0.98,2,-1,-1
217,376,559.37,463.10,28.00,46.93,0.89,2,-1,-1
217,283,360.21,274.82,13.94,28.50,0.27,2,-1,-1
217,378,680.91,218.66,80.39,34.68,0.97,4,-1,-1
217,304,352.71,130.68,20.91,17.57,0.33,4,-1,-1
217,306,169.34,225.65,18.26,28.56,0.96,10,-1,-1
217,271,240.31,159.50,13.66,20.85,0.80,10,-1,-1
217,380,15.87,294.17,50.61,27.98,0.60,10,-1,-1
217,381,392.76,230.34,25.51,21.60,0.20,10,-1,-1
217,382,309.33,209.45,20.90,23.52,0.70,10,-1,-1
217,175,541.39,253.72,37.42,37.33,0.40,10,-1,-1
217,386,874.40,446.59,22.90,45.83,0.94,2,-1,-1
217,387,884.25,453.48,21.43,38.28,0.76,2,-1,-1
217,388,900.22,213.66,54.30,26.77,0.35,4,-1,-1
217,390,186.23,241.37,85.58,40.38,0.75,4,-1,-1
217,391,498.11,189.84,38.57,30.13,0.61,7,-1,-1
217,335,217.66,223.25,17.76,24.37,0.60,10,-1,-1
217,368,498.61,189.82,37.83,30.30,0.70,7,-1,-1
218,1,24.00,198.32,62.87,26.55,0.93,4,-1,-1
218,4,88.97,179.84,46.22,24.63,0.94,4,-1,-1
218,8,147.54,181.76,31.92,23.18,0.99,4,-1,-1
218,16,256.88,180.15,29.44,28.72,0.94,4,-1,-1
218,17,263.63,166.75,24.09,22.61,0.79,4,-1,-1
218,22,296.23,178.93,26.58,25.71,0.95,4,-1,-1
218,26,342.02,428.76,73.08,96.42,1.00,4,-1,-1
218,27,410.06,161.67,21.02,20.27,0.97,4,-1,-1
218,44,390.35,175.39,25.62,23.25,0.99,4,-1,-1
218,45,465.96,324.52,39.76,47.00,0.97,7,-1,-1
218,56,583.21,278.91,22.36,32.25,0.52,10,-1,-1
218,60,182.24,241.45,82.56,41.61,0.55,4,-1,-1
218,66,438.51,435.71,80.82,99.41,0.99,4,-1,-1
218,78,612.50,241.56,75.51,29.51,0.99,4,-1,-1
218,191,370.55,135.25,15.51,17.50,0.78,4,-1,-1
218,198,368.52,249.96,81.46,32.03,1.00,4,-1,-1
218,202,449.86,234.25,76.40,30.23,0.97,4,-1,-1
218,252,535.19,388.91,82.50,80.95,1.00,4,-1,-1
218,255,398.04,147.32,20.63,19.16,0.95,4,-1,-1
218,276,152.61,347.65,69.90,78.82,1.00,4,-1,-1
218,57,254.61,434.52,36.01,65.25,0.98,10,-1,-1
218,286,566.95,229.12,74.92,28.36,0.98,4,-1,-1
218,150,505.39,321.79,53.62,52.04,0.99,4,-1,-1
218,301,152.78,225.31,20.21,29.24,0.96,10,-1,-1
218,130,421.81,285.50,30.73,24.15,0.18,10,-1,-1
218,31,369.85,161.59,13.09,17.98,0.90,10,-1,-1
218,43,349.16,214.53,57.34,29.49,0.98,10,-1,-1
218,272,439.88,328.08,17.48,29.53,0.93,10,-1,-1
218,328,4.33,250.76,40.56,25.57,0.78,10,-1,-1
218,289,214.78,204.10,15.63,24.17,0.22,10,-1,-1
218,274,818.41,470.96,23.17,45.65,0.96,1,-1,-1
218,340,262.31,431.93,24.95,41.31,0.77,2,-1,-1
218,358,464.44,284.69,16.15,36.06,0.33,1,-1,-1
218,359,554.99,466.42,36.29,62.46,0.69,10,-1,-1
218,364,230.75,185.34,17.34,23.94,0.74,10,-1,-1
218,370,869.15,470.24,54.51,42.69,0.98,10,-1,-1
218,372,192.96,193.46,17.62,25.83,0.75,10,-1,-1
218,374,560.11,472.93,27.85,41.38,0.99,2,-1,-1
218,376,558.34,460.58,28.21,45.86,0.97,2,-1,-1
218,283,364.02,274.83,13.85,27.93,0.23,2,-1,-1
218,378,679.05,218.52,79.31,34.76,0.97,4,-1,-1
218,304,353.25,129.68,19.99,17.99,0.61,4,-1,-1
218,306,169.46,225.63,18.33,28.50,0.94,10,-1,-1
218,271,239.59,159.80,14.19,21.02,0.79,10,-1,-1
218,380,21.94,293.74,50.64,28.13,0.76,10,-1,-1
218,381,388.77,230.98,27.04,21.41,0.45,10,-1,-1
218,382,309.29,209.64,21.02,23.51,0.77,10,-1,-1
218,175,542.94,254.87,35.73,36.73,0.45,10,-1,-1
218,386,880.21,447.43,22.88,48.22,0.78,2,-1,-1
218,387,889.44,455.78,20.80,38.51,0.89,2,-1,-1
218,388,899.76,213.40,54.23,27.05,0.55,4,-1,-1
218,390,181.83,241.99,84.13,39.89,0.83,4,-1,-1
218,335,217.49,225.17,17.98,23.38,0.66,10,-1,-1
218,368,498.36,189.88,38.28,30.34,0.35,7,-1,-1
218,392,872.68,447.49,21.70,41.58,0.95,2,-1,-1
218,317,208.43,214.47,20.86,22.69,0.62,10,-1,-1
219,1,23.84,198.51,63.01,26.33,0.90,4,-1,-1
219,4,88.97,179.90,45.93,24.68,0.90,4,-1,-1
219,8,147.44,181.94,31.94,23.01,0.99,4,-1,-1
219,16,256.82,180.09,29.29,28.67,0.93,4,-1,-1
219,17,263.59,166.58,24.08,23.01,0.76,4,-1,-1
219,22,296.15,178.79,26.83,25.83,0.94,4,-1,-1
219,26,341.87,428.79,72.99,96.44,1.00,4,-1,-1
219,27,409.80,161.61,21.39,20.19,0.98,4,-1,-1
219,44,390.54,174.79,25.78,23.38,0.98,4,-1,-1
219,45,465.94,323.94,39.78,47.42,0.98,7,-1,-1
219,56,583.39,279.75,22.71,32.29,0.46,10,-1,-1
219,60,175.38,241.93,82.56,41.63,0.39,4,-1,-1
219,66,438.50,435.73,80.79,99.42,0.99,4,-1,-1
219,78,616.65,240.79,74.10,29.88,0.99,4,-1,-1
219,191,370.26,135.06,15.98,17.62,0.87,4,-1,-1
219,198,371.36,249.72,82.49,32.96,1.00,4,-1,-1
219,202,446.94,234.41,76.49,30.16,0.97,4,-1,-1
219,252,535.17,388.88,82.10,80.33,1.00,4,-1,-1
219,255,397.68,147.07,20.92,19.63,0.93,4,-1,-1
219,276,153.71,350.11,69.22,80.05,1.00,4,-1,-1
219,57,249.46,441.36,36.73,67.93,0.99,10,-1,-1
219,286,564.87,229.07,74.46,28.35,0.98,4,-1,-1
219,150,505.36,321.09,53.17,52.25,0.99,4,-1,-1
219,301,152.76,225.30,20.13,29.23,0.96,10,-1,-1
219,130,423.79,286.32,30.77,23.51,0.70,10,-1,-1
219,31,369.57,161.24,13.19,17.82,0.91,10,-1,-1
219,43,350.67,213.86,56.30,29.87,0.99,10,-1,-1
219,272,439.12,323.74,18.59,33.38,0.90,10,-1,-1
219,328,0.84,251.64,39.35,24.65,0.89,10,-1,-1
219,289,214.13,204.52,16.07,25.53,0.53,10,-1,-1
219,274,818.10,471.00,23.79,46.54,0.85,1,-1,-1
219,340,256.61,439.44,25.85,43.18,0.82,2,-1,-1
219,358,466.56,284.85,15.87,35.72,0.49,1,-1,-1
219,359,553.49,466.05,36.56,60.99,0.84,10,-1,-1
219,364,230.78,185.81,17.07,23.71,0.71,10,-1,-1
219,370,872.59,471.60,56.28,43.25,0.92,10,-1,-1
219,372,191.59,193.72,18.14,26.12,0.86,10,-1,-1
219,374,559.88,472.04,27.04,39.27,0.99,2,-1,-1
219,376,557.79,458.91,27.89,44.24,0.98,2,-1,-1
219,378,676.85,218.38,78.88,34.59,0.98,4,-1,-1
219,304,352.68,129.34,20.00,18.55,0.56,4,-1,-1
219,306,169.23,225.63,18.56,28.68,0.95,10,-1,-1
219,271,239.37,159.98,13.59,21.48,0.69,10,-1,-1
219,380,27.46,293.21,50.93,28.38,0.88,10,-1,-1
219,381,387.52,230.58,26.81,21.55,0.44,10,-1,-1
219,382,309.22,209.60,21.07,23.50,0.88,10,-1,-1
219,175,543.60,257.41,35.52,34.71,0.18,10,-1,-1
219,386,885.02,448.98,23.76,51.53,0.93,2,-1,-1
219,387,893.21,458.03,21.45,40.31,0.72,2,-1,-1
219,388,896.53,212.76,55.12,28.47,0.65,4,-1,-1
219,390,176.16,242.00,83.38,41.20,0.85,4,-1,-1
219,335,217.57,226.16,17.66,22.62,0.77,10,-1,-1
219,368,498.65,189.89,37.25,30.55,0.26,7,-1,-1
219,392,875.11,449.64,23.63,45.44,0.94,2,-1,-1
219,317,212.66,214.05,17.09,23.08,0.16,10,-1,-1
219,393,342.32,239.26,30.74,23.20,0.66,10,-1,-1
219,394,350.76,130.10,22.30,19.14,0.66,7,-1,-1
219,395,549.04,202.50,43.39,26.22,0.73,5,-1,-1
219,396,594.24,316.41,39.78,51.83,0.64,8,-1,-1
220,1,22.81,198.26,63.83,26.84,0.90,4,-1,-1
220,4,88.67,180.00,46.22,24.70,0.89,4,-1,-1
220,8,147.45,182.19,31.90,22.75,0.98,4,-1,-1
220,16,257.09,179.97,29.04,28.85,0.94,4,-1,-1
220,17,263.77,166.71,23.88,23.16,0.78,4,-1,-1
220,22,296.11,178.84,26.72,25.88,0.95,4,-1,-1
220,26,342.19,428.79,72.55,96.44,1.00,4,-1,-1
220,27,409.69,161.60,21.53,20.17,0.96,4,-1,-1
220,44,390.60,174.58,26.24,23.43,0.99,4,-1,-1
220,45,465.91,324.31,39.78,47.18,0.96,7,-1,-1
220,56,583.62,279.81,22.44,32.00,0.79,10,-1,-1
220,60,168.42,242.87,82.55,40.45,0.76,4,-1,-1
220,66,438.68,435.73,80.37,99.42,0.99,4,-1,-1
220,78,619.68,239.92,73.58,30.61,0.99,4,-1,-1
220,191,370.34,135.15,15.77,17.57,0.83,4,-1,-1
220,198,374.48,249.34,82.87,33.30,1.00,4,-1,-1
220,202,444.92,234.66,76.52,30.34,0.99,4,-1,-1
220,252,535.15,388.67,81.96,80.11,1.00,4,-1,-1
220,255,397.55,146.92,21.03,19.95,0.95,4,-1,-1
220,276,154.31,352.74,68.84,81.27,1.00,4,-1,-1
220,57,243.72,450.03,37.59,68.55,0.98,10,-1,-1
220,286,562.95,229.35,73.88,28.35,0.97,4,-1,-1
220,150,505.14,320.45,53.01,52.33,0.99,4,-1,-1
220,301,152.60,225.28,19.95,29.42,0.95,10,-1,-1
220,130,425.24,285.74,30.77,24.34,0.50,10,-1,-1
220,31,369.66,160.82,12.83,18.16,0.93,10,-1,-1
220,43,351.78,213.51,55.53,29.81,0.99,10,-1,-1
220,272,438.44,320.72,19.78,36.23,0.81,10,-1,-1
220,328,-1.05,252.34,37.17,24.50,0.74,10,-1,-1
220,289,214.38,204.57,15.65,25.25,0.67,10,-1,-1
220,274,817.96,471.22,24.01,47.26,0.90,1,-1,-1
220,340,250.96,447.79,26.19,42.33,0.82,2,-1,-1
220,358,468.48,284.91,16.16,35.78,0.60,1,-1,-1
220,359,552.55,463.80,36.27,61.58,0.64,10,-1,-1
220,364,230.89,186.07,16.96,24.01,0.91,10,-1,-1
220,370,876.90,472.65,57.70,44.64,0.98,10,-1,-1
220,372,190.51,194.49,18.32,26.03,0.89,10,-1,-1
220,374,558.25,469.37,26.71,40.45,0.98,2,-1,-1
220,376,556.81,457.36,27.77,45.25,0.96,2,-1,-1
220,378,673.69,218.74,77.89,34.51,0.95,4,-1,-1
220,304,350.72,130.18,21.57,18.76,0.74,4,-1,-1
220,306,169.34,225.53,18.44,28.73,0.96,10,-1,-1
220,271,238.90,160.43,13.76,21.85,0.81,10,-1,-1
220,380,33.33,292.41,51.09,29.06,0.78,10,-1,-1
220,381,385.96,231.63,25.89,21.00,0.50,10,-1,-1
220,382,309.40,209.79,20.68,23.09,0.88,10,-1,-1
220,175,545.80,261.44,34.24,30.69,0.30,10,-1,-1
220,386,889.84,451.53,24.06,52.30,0.92,2,-1,-1
220,387,898.11,459.18,21.67,41.76,0.90,2,-1,-1
220,388,893.32,212.46,56.27,28.95,0.47,4,-1,-1
220,390,169.68,242.33,82.90,41.64,0.69,5,-1,-1
220,335,217.40,226.90,17.94,22.15,0.65,10,-1,-1
220,368,498.74,189.70,37.26,30.24,0.42,7,-1,-1
220,392,878.72,450.94,22.18,45.26,0.80,2,-1,-1
220,317,214.78,211.83,16.48,24.21,0.19,10,-1,-1
220,393,338.73,239.63,34.11,23.44,0.76,7,-1,-1
220,395,549.05,202.50,42.91,26.21,0.74,5,-1,-1
220,396,594.74,316.64,38.81,50.86,0.60,8,-1,-1
220,397,337.50,240.77,31.94,22.90,0.78,10,-1,-1
220,169,503.16,254.77,37.40,26.87,0.54,8,-1,-1
220,268,348.38,266.71,47.12,29.27,0.77,7,-1,-1
221,1,22.63,197.98,63.89,27.23,0.85,4,-1,-1
221,4,88.52,180.25,46.44,24.51,0.86,4,-1,-1
221,8,147.22,182.19,31.88,22.65,0.98,4,-1,-1
221,16,257.06,180.02,28.94,28.92,0.96,4,-1,-1
221,17,263.81,166.96,23.81,22.82,0.81,4,-1,-1
221,22,296.07,178.86,26.88,25.90,0.95,4,-1,-1
221,26,342.09,429.01,72.39,96.44,1.00,4,-1,-1
221,27,409.82,161.50,21.19,20.16,0.93,4,-1,-1
221,44,390.60,174.51,26.42,23.25,0.99,4,-1,-1
221,45,465.88,324.47,39.78,47.09,0.98,7,-1,-1
221,56,583.87,279.38,22.74,32.17,0.48,10,-1,-1
221,60,162.09,243.33,82.95,40.79,0.50,4,-1,-1
221,66,438.53,435.75,80.62,99.43,0.99,4,-1,-1
221,78,623.88,239.41,73.40,30.70,0.99,4,-1,-1
221,191,369.95,134.93,16.49,17.96,0.84,4,-1,-1
221,198,378.49,248.81,83.03,33.43,0.99,4,-1,-1
221,202,443.23,234.47,75.74,30.61,0.98,4,-1,-1
221,252,534.73,388.22,81.91,80.44,1.00,4,-1,-1
221,255,397.48,146.96,21.07,19.97,0.95,4,-1,-1
221,276,154.64,355.47,68.73,82.10,1.00,4,-1,-1
221,57,238.42,458.91,37.91,69.52,0.98,10,-1,-1
221,286,561.48,229.37,72.06,27.95,0.98,4,-1,-1
221,150,504.84,320.03,53.36,52.37,0.99,4,-1,-1
221,301,152.41,224.88,20.09,29.70,0.97,10,-1,-1
221,130,427.08,285.14,30.38,24.65,0.46,10,-1,-1
221,31,369.47,160.48,13.09,18.09,0.93,10,-1,-1
221,43,352.12,213.40,55.28,29.60,0.99,10,-1,-1
221,272,438.56,322.05,19.46,34.65,0.88,10,-1,-1
221,328,-1.59,251.00,33.97,25.64,0.56,10,-1,-1
221,289,213.87,204.88,15.88,24.54,0.67,10,-1,-1
221,274,817.50,471.31,24.89,47.54,0.97,1,-1,-1
221,340,245.41,456.55,26.89,42.76,0.82,2,-1,-1
221,358,470.12,285.04,16.26,35.50,0.61,1,-1,-1
221,359,551.23,460.85,36.56,62.57,0.71,10,-1,-1
221,364,230.61,186.27,17.31,24.32,0.82,10,-1,-1
221,370,881.18,474.77,58.22,44.37,0.97,10,-1,-1
221,372,189.40,195.56,18.99,25.60,0.90,10,-1,-1
221,374,556.87,468.45,26.99,40.08,0.98,2,-1,-1
221,376,555.47,456.25,27.72,45.22,0.95,2,-1,-1
221,378,672.58,218.70,78.30,34.07,0.97,4,-1,-1
221,304,349.40,130.66,22.54,18.74,0.82,4,-1,-1
221,306,169.05,225.50,19.00,28.74,0.93,10,-1,-1
221,271,237.91,160.88,14.02,21.59,0.88,10,-1,-1
221,380,38.54,289.77,51.43,31.28,0.95,10,-1,-1
221,381,382.42,232.43,26.75,20.60,0.60,10,-1,-1
221,382,309.24,209.97,20.53,22.74,0.91,10,-1,-1
221,386,893.87,452.28,24.16,50.89,0.87,2,-1,-1
221,387,902.59,460.97,22.57,41.46,0.93,2,-1,-1
221,388,891.42,212.68,55.83,28.05,0.54,4,-1,-1
221,390,162.14,243.34,83.01,40.62,0.90,4,-1,-1
221,335,217.10,226.76,18.44,23.60,0.61,10,-1,-1
221,368,498.56,189.72,37.67,29.73,0.55,7,-1,-1
221,392,883.34,452.82,24.53,46.12,0.93,2,-1,-1
221,317,217.50,214.69,20.18,22.50,0.30,3,-1,-1
221,393,336.03,239.24,32.94,23.95,0.79,7,-1,-1
221,395,549.52,202.27,42.35,26.21,0.75,5,-1,-1
221,396,594.59,316.23,39.33,51.14,0.42,8,-1,-1
221,397,335.58,239.45,31.94,23.86,0.85,10,-1,-1
221,169,514.05,251.55,29.79,26.59,0.51,8,-1,-1
221,268,351.52,265.34,51.91,30.00,0.75,10,-1,-1
222,1,20.74,197.77,66.03,27.97,0.87,4,-1,-1
222,4,88.36,180.24,46.61,24.64,0.73,4,-1,-1
222,8,147.19,182.39,31.73,22.41,0.98,4,-1,-1
222,16,256.95,180.14,28.91,28.94,0.94,4,-1,-1
222,17,263.62,167.05,23.98,22.69,0.67,4,-1,-1
222,22,296.05,178.86,26.74,25.91,0.93,4,-1,-1
222,26,342.04,429.07,72.33,96.44,1.00,4,-1,-1
222,27,409.85,161.56,20.66,19.76,0.94,4,-1,-1
222,44,390.78,174.40,26.09,22.99,0.99,4,-1,-1
222,45,465.66,324.52,39.78,47.05,0.98,7,-1,-1
222,56,585.31,277.95,21.26,30.16,0.14,10,-1,-1
222,60,155.25,243.97,84.10,40.92,0.92,4,-1,-1
222,66,438.46,435.74,80.71,99.43,0.99,4,-1,-1
222,78,627.31,239.01,74.15,30.53,0.99,4,-1,-1
222,191,369.99,134.85,16.36,17.62,0.85,4,-1,-1
222,198,383.04,248.50,81.50,34.07,1.00,4,-1,-1
222,202,440.68,234.28,75.44,30.71,0.99,4,-1,-1
222,252,534.96,387.85,81.50,80.57,1.00,4,-1,-1
222,255,397.44,146.97,21.09,19.78,0.95,4,-1,-1
222,276,154.81,357.81,68.51,83.55,1.00,4,-1,-1
222,57,232.43,467.40,38.81,67.52,0.97,10,-1,-1
222,286,559.80,229.46,72.18,27.80,0.99,4,-1,-1
222,150,504.72,319.88,53.09,51.98,0.99,4,-1,-1
222,301,152.43,224.92,19.94,29.60,0.96,10,-1,-1
222,130,428.89,286.07,30.62,23.97,0.58,3,-1,-1
222,31,369.20,160.05,13.19,18.07,0.89,10,-1,-1
222,43,352.99,213.27,54.80,30.52,1.00,10,-1,-1
222,272,439.01,324.03,18.14,32.40,0.68,10,-1,-1
222,328,-1.48,252.25,29.80,24.50,0.32,10,-1,-1
222,289,213.79,205.38,16.16,23.86,0.37,10,-1,-1
222,274,817.31,471.33,25.21,48.43,0.89,1,-1,-1
222,340,239.14,465.57,27.35,41.72,0.70,2,-1,-1
222,358,471.85,285.27,16.30,35.19,0.77,1,-1,-1
222,359,550.37,460.16,36.28,62.13,0.78,10,-1,-1
222,364,230.60,186.33,17.05,24.23,0.76,10,-1,-1
222,370,885.83,476.48,58.38,44.64,0.96,10,-1,-1
222,372,188.70,196.24,19.04,25.63,0.86,10,-1,-1
222,374,555.80,466.57,27.09,40.73,0.98,2,-1,-1
222,376,554.60,454.49,27.31,45.61,0.95,2,-1,-1
222,378,670.24,218.28,78.44,33.70,0.98,4,-1,-1
222,304,348.52,130.54,22.53,18.93,0.83,4,-1,-1
222,306,168.94,225.29,19.01,29.13,0.85,10,-1,-1
222,271,237.55,161.14,13.73,21.89,0.65,10,-1,-1
222,380,45.22,290.02,50.38,31.05,0.95,10,-1,-1
222,381,380.18,233.83,26.27,20.25,0.72,10,-1,-1
222,382,309.17,210.23,20.48,22.61,0.92,10,-1,-1
222,386,899.23,456.34,26.64,49.45,0.96,2,-1,-1
222,387,906.89,462.56,22.89,41.72,0.92,2,-1,-1
222,388,889.14,213.19,55.65,27.27,0.45,4,-1,-1
222,390,154.99,243.99,84.15,40.90,0.36,4,-1,-1
222,335,217.28,223.36,17.44,24.91,0.45,10,-1,-1
222,368,498.27,189.92,38.23,30.54,0.61,7,-1,-1
222,392,887.68,454.93,22.66,45.51,0.89,2,-1,-1
222,393,330.81,239.10,35.81,24.59,0.72,7,-1,-1
222,395,549.18,202.07,42.64,26.68,0.78,5,-1,-1
222,396,594.53,316.55,39.50,50.77,0.52,8,-1,-1
222,397,331.26,239.09,35.66,24.73,0.87,7,-1,-1
222,169,518.47,250.54,27.63,26.29,0.61,8,-1,-1
222,268,355.34,265.32,53.04,30.85,0.62,10,-1,-1
222,398,436.34,277.08,13.26,28.63,0.85,2,-1,-1
223,1,21.01,198.15,65.96,27.86,0.84,4,-1,-1
223,4,88.26,180.50,46.88,24.49,0.63,4,-1,-1
223,8,147.08,182.33,31.66,22.52,0.98,4,-1,-1
223,16,256.91,180.26,28.90,28.75,0.94,4,-1,-1
223,17,263.35,167.17,24.25,23.03,0.71,4,-1,-1
223,22,295.94,178.94,26.99,25.91,0.93,4,-1,-1
223,26,341.82,429.08,72.30,96.44,1.00,4,-1,-1
223,27,410.06,160.98,20.07,20.02,0.90,4,-1,-1
223,44,391.44,173.95,25.96,23.10,0.99,4,-1,-1
223,45,465.57,324.32,39.78,47.03,0.98,7,-1,-1
223,60,148.51,244.57,84.32,40.57,0.91,4,-1,-1
223,66,438.23,435.72,80.74,99.43,0.99,4,-1,-1
223,78,630.06,238.67,74.44,30.67,0.98,4,-1,-1
223,191,370.21,134.56,16.31,17.69,0.89,4,-1,-1
223,198,386.22,248.38,81.32,34.12,1.00,4,-1,-1
223,202,437.81,234.39,75.33,30.15,0.99,4,-1,-1
223,252,534.84,387.31,81.34,80.23,1.00,4,-1,-1
223,255,397.63,147.16,20.70,19.51,0.94,4,-1,-1
223,276,154.43,360.57,69.05,84.47,1.00,4,-1,-1
223,57,225.98,475.17,40.52,64.29,0.97,10,-1,-1
223,286,558.03,229.48,71.83,27.94,0.99,4,-1,-1
223,150,504.48,319.63,53.00,51.44,0.99,4,-1,-1
223,301,152.25,225.01,20.09,29.36,0.95,10,-1,-1
223,130,430.28,285.42,29.92,24.50,0.57,10,-1,-1
223,31,368.90,159.30,13.23,18.66,0.93,10,-1,-1
223,43,353.67,212.81,54.64,30.86,0.98,10,-1,-1
223,272,436.93,313.91,22.14,42.22,0.75,10,-1,-1
223,328,-1.03,251.79,25.60,25.24,0.20,10,-1,-1
223,289,213.38,205.74,16.06,25.42,0.32,10,-1,-1
223,274,817.61,471.33,24.55,48.37,0.88,1,-1,-1
223,340,232.98,474.11,28.30,44.50,0.50,2,-1,-1
223,358,473.63,285.35,15.91,34.67,0.77,1,-1,-1
223,359,549.48,458.37,36.17,62.32,0.90,10,-1,-1
223,364,230.51,186.02,17.14,24.79,0.63,10,-1,-1
223,370,889.83,478.45,59.17,45.13,0.96,10,-1,-1
223,372,187.68,196.96,19.25,26.03,0.86,10,-1,-1
223,374,555.43,466.10,26.73,40.17,0.98,2,-1,-1
223,376,553.71,452.88,27.15,44.56,0.98,2,-1,-1
223,378,667.44,217.93,79.28,33.96,0.98,4,-1,-1
223,304,348.02,130.42,22.50,19.29,0.80,4,-1,-1
223,306,168.70,225.58,19.40,29.28,0.61,10,-1,-1
223,271,237.03,161.69,14.01,21.80,0.76,10,-1,-1
223,380,50.93,289.06,50.44,31.81,0.95,10,-1,-1
223,381,376.83,233.18,27.27,21.16,0.83,10,-1,-1
223,382,309.15,209.80,20.47,22.97,0.91,10,-1,-1
223,386,904.22,456.78,25.19,52.52,0.91,2,-1,-1
223,387,911.93,464.70,22.19,41.79,0.94,2,-1,-1
223,388,885.50,213.38,57.21,26.98,0.38,4,-1,-1
223,390,148.61,244.38,84.07,41.00,0.57,4,-1,-1
223,335,217.05,221.24,17.05,26.97,0.27,10,-1,-1
223,368,498.16,190.08,38.44,30.45,0.73,7,-1,-1
223,392,891.66,456.67,22.79,45.73,0.95,2,-1,-1
223,393,339.77,245.48,31.97,23.01,0.89,10,-1,-1
223,395,549.07,202.12,42.29,26.83,0.64,5,-1,-1
223,396,594.29,316.89,39.76,52.00,0.39,4,-1,-1
223,397,326.91,238.94,32.95,24.12,0.92,10,-1,-1
223,169,522.32,249.88,26.13,26.19,0.77,8,-1,-1
223,268,358.32,264.86,54.22,30.21,0.36,10,-1,-1
223,398,437.30,276.59,13.26,28.87,0.66,2,-1,-1
223,399,567.42,218.62,24.71,19.89,0.74,10,-1,-1
223,400,605.39,210.18,48.52,25.92,0.76,4,-1,-1
223,401,622.57,501.73,33.75,36.76,0.73,2,-1,-1
223,175,550.80,263.69,34.28,27.05,0.70,10,-1,-1
224,1,19.79,198.13,67.28,28.20,0.87,4,-1,-1
224,4,88.64,180.72,46.48,24.23,0.71,4,-1,-1
224,8,147.06,182.13,32.04,22.96,0.98,4,-1,-1
224,16,256.61,180.43,29.30,28.67,0.95,4,-1,-1
224,17,263.17,167.32,24.55,23.16,0.83,4,-1,-1
224,22,295.92,178.89,27.08,26.11,0.91,4,-1,-1
224,26,341.75,428.89,72.29,96.44,1.00,4,-1,-1
224,27,409.94,160.78,20.27,20.11,0.91,4,-1,-1
224,44,391.90,173.90,25.92,22.94,0.98,4,-1,-1
224,45,465.36,324.46,39.78,47.02,0.98,7,-1,-1
224,60,141.44,244.60,84.80,41.44,0.74,4,-1,-1
224,66,438.55,435.72,80.35,99.43,0.99,4,-1,-1
224,78,632.58,238.46,75.36,30.72,0.98,4,-1,-1
224,191,370.11,134.47,16.29,17.62,0.94,4,-1,-1
224,198,388.88,249.04,81.66,33.33,1.00,4,-1,-1
224,202,435.44,234.64,74.89,30.13,0.99,4,-1,-1
224,252,534.62,387.33,80.89,79.71,0.99,4,-1,-1
224,255,397.52,147.05,20.95,19.61,0.94,4,-1,-1
224,276,154.42,363.14,69.32,86.35,1.00,4,-1,-1
224,57,219.89,483.48,41.55,58.19,0.83,10,-1,-1
224,286,555.45,229.60,72.10,28.59,0.99,4,-1,-1
224,150,504.60,319.36,52.97,51.24,1.00,4,-1,-1
224,301,152.15,225.16,20.39,29.47,0.94,10,-1,-1
224,130,431.74,285.88,30.45,24.79,0.53,10,-1,-1
224,31,368.81,159.24,13.25,18.29,0.93,10,-1,-1
224,43,354.50,212.47,54.60,30.60,0.99,10,-1,-1
224,272,436.24,310.95,23.10,44.70,0.71,10,-1,-1
224,289,213.05,206.08,15.83,25.79,0.38,10,-1,-1
224,274,817.33,471.13,25.08,49.52,0.82,1,-1,-1
224,340,226.41,484.74,28.65,41.64,0.52,2,-1,-1
224,358,475.65,284.98,15.76,33.87,0.64,1,-1,-1
224,359,548.80,457.36,35.73,61.97,0.93,10,-1,-1
224,364,230.59,186.41,16.58,24.79,0.66,10,-1,-1
224,370,894.00,479.53,60.23,46.48,0.96,10,-1,-1
224,372,186.65,198.81,18.93,24.60,0.88,10,-1,-1
224,374,554.16,465.01,26.99,39.55,0.98,2,-1,-1
224,376,552.43,451.74,27.50,44.16,0.98,2,-1,-1
224,378,665.28,218.11,78.78,33.45,0.99,4,-1,-1
224,304,347.50,129.95,22.09,19.03,0.69,4,-1,-1
224,306,168.73,225.52,19.16,30.31,0.64,10,-1,-1
224,271,237.07,162.11,13.52,22.35,0.64,10,-1,-1
224,380,57.15,288.15,49.81,32.28,0.96,10,-1,-1
224,381,373.50,232.85,28.04,21.29,0.98,10,-1,-1
224,382,309.16,209.45,20.06,23.11,0.92,10,-1,-1
224,386,908.35,459.08,26.18,53.23,0.96,2,-1,-1
224,387,916.07,466.24,22.72,43.80,0.87,2,-1,-1
224,388,883.04,212.95,56.97,27.49,0.57,4,-1,-1
224,390,141.31,244.62,84.56,41.02,0.85,4,-1,-1
224,335,216.99,220.44,16.70,27.00,0.33,10,-1,-1
224,368,498.13,190.36,38.52,30.42,0.81,7,-1,-1
224,392,895.83,458.48,22.84,45.80,0.94,2,-1,-1
224,393,340.71,248.25,29.55,22.21,0.91,10,-1,-1
224,395,548.60,201.94,42.61,27.30,0.76,5,-1,-1
224,396,594.22,317.00,39.40,51.11,0.63,8,-1,-1
224,397,322.82,238.36,33.12,25.02,0.75,10,-1,-1
224,169,525.62,249.18,25.67,26.16,0.80,8,-1,-1
224,268,361.55,265.45,55.41,30.12,0.41,10,-1,-1
224,398,437.73,277.08,14.19,28.68,0.80,2,-1,-1
224,399,566.46,219.59,23.26,19.65,0.54,10,-1,-1
224,400,605.63,210.43,48.27,25.67,0.87,4,-1,-1
224,401,626.42,502.20,27.96,36.28,0.53,2,-1,-1
224,175,552.55,264.64,33.93,26.78,0.40,10,-1,-1
224,402,347.75,130.33,21.70,18.83,0.63,7,-1,-1
224,403,349.85,187.89,18.68,21.09,0.64,10,-1,-1
224,404,412.83,232.03,27.72,20.19,0.69,10,-1,-1
224,317,226.81,213.26,21.71,21.58,0.52,10,-1,-1
224,56,585.22,279.80,22.05,30.03,0.52,10,-1,-1
225,1,20.79,197.87,65.90,28.14,0.87,4,-1,-1
225,4,88.41,180.66,46.53,24.54,0.57,4,-1,-1
225,8,146.99,182.02,32.13,23.13,0.98,4,-1,-1
225,16,256.67,180.46,29.05,28.65,0.95,4,-1,-1
225,17,263.18,167.26,24.46,23.21,0.81,4,-1,-1
225,22,295.89,179.04,27.11,25.99,0.92,4,-1,-1
225,26,341.48,428.80,72.28,96.44,1.00,4,-1,-1
225,27,409.88,160.80,20.34,20.15,0.93,4,-1,-1
225,44,392.05,173.98,25.90,22.68,0.99,4,-1,-1
225,45,465.24,324.50,39.77,47.02,0.99,7,-1,-1
225,60,134.25,244.56,85.22,41.77,0.27,4,-1,-1
225,66,438.44,435.70,80.20,99.44,0.99,4,-1,-1
225,78,635.37,238.10,75.70,30.74,0.94,4,-1,-1
225,191,370.05,134.27,16.28,17.50,0.91,4,-1,-1
225,198,390.92,248.89,83.39,33.63,0.99,4,-1,-1
225,202,430.82,234.72,76.73,30.73,0.99,4,-1,-1
225,252,534.30,386.74,80.72,79.93,1.00,4,-1,-1
225,255,397.65,146.84,20.64,19.79,0.94,4,-1,-1
225,276,154.19,366.17,69.58,87.43,1.00,4,-1,-1
225,57,214.73,493.64,40.77,48.41,0.53,10,-1,-1
225,286,552.53,229.44,73.40,29.04,0.98,4,-1,-1
225,150,504.42,319.06,52.96,51.58,0.99,4,-1,-1
225,301,151.59,224.89,21.20,30.11,0.93,10,-1,-1
225,130,433.39,286.04,31.04,25.09,0.60,10,-1,-1
225,31,368.56,159.31,13.25,17.75,0.92,10,-1,-1
225,43,355.35,212.13,53.80,30.30,0.99,10,-1,-1
225,272,435.75,311.20,23.10,43.86,0.65,10,-1,-1
225,289,212.72,206.26,15.73,26.71,0.44,10,-1,-1
225,274,817.58,471.26,24.48,48.77,0.92,1,-1,-1
225,340,218.83,495.38,29.94,40.45,0.46,2,-1,-1
225,358,477.31,284.83,15.30,33.36,0.79,1,-1,-1
225,359,547.75,456.84,35.57,61.02,0.95,10,-1,-1
225,364,230.91,187.51,16.16,24.59,0.71,10,-1,-1
225,370,898.17,481.47,60.60,46.99,0.97,10,-1,-1
225,372,185.38,198.54,19.00,25.46,0.92,10,-1,-1
225,374,553.29,463.46,27.08,40.51,0.99,2,-1,-1
225,376,551.55,450.98,27.23,45.22,0.99,2,-1,-1
225,378,662.94,218.00,79.38,33.86,0.98,4,-1,-1
225,304,347.12,129.94,21.92,19.03,0.93,8,-1,-1
225,306,168.62,225.47,19.06,29.52,0.39,10,-1,-1
225,271,236.49,162.52,13.73,21.97,0.88,10,-1,-1
225,380,63.18,287.58,49.38,32.25,0.96,10,-1,-1
225,381,370.13,232.89,28.71,21.54,0.92,10,-1,-1
225,382,309.14,210.10,19.91,22.16,0.96,10,-1,-1
225,386,912.09,460.52,28.10,53.45,0.95,2,-1,-1
225,387,920.22,468.37,22.91,42.58,0.88,2,-1,-1
225,388,876.94,212.11,60.89,28.89,0.47,4,-1,-1
225,390,134.49,244.86,84.83,41.03,0.97,4,-1,-1
225,335,216.34,220.68,17.39,26.02,0.69,10,-1,-1
225,368,497.90,190.25,38.55,30.41,0.78,7,-1,-1
225,392,900.03,460.32,25.37,45.82,0.92,2,-1,-1
225,393,337.82,248.72,29.72,22.18,0.90,10,-1,-1
225,395,548.42,201.88,43.15,27.46,0.77,5,-1,-1
225,396,593.96,317.04,39.90,52.06,0.57,8,-1,-1
225,397,318.80,238.58,30.99,25.31,0.77,10,-1,-1
225,169,527.84,249.14,25.55,25.95,0.77,8,-1,-1
225,398,438.98,276.53,15.40,29.79,0.74,2,-1,-1
225,399,561.75,218.49,26.29,20.77,0.71,10,-1,-1
225,400,605.19,210.24,48.22,25.86,0.85,4,-1,-1
225,401,624.23,502.05,27.76,37.12,0.67,2,-1,-1
225,175,553.92,263.79,34.21,28.34,0.50,10,-1,-1
225,403,350.34,187.28,18.68,20.85,0.73,10,-1,-1
225,317,229.32,212.97,23.36,21.00,0.65,10,-1,-1
225,56,585.11,279.28,21.84,29.58,0.81,10,-1,-1
225,405,318.21,238.96,32.54,25.01,0.68,8,-1,-1
225,406,435.44,309.78,23.50,44.60,0.79,10,-1,-1
225,385,779.85,462.25,25.36,43.39,0.59,1,-1,-1
226,1,21.56,198.14,64.69,27.71,0.76,4,-1,-1
226,4,87.98,180.59,46.75,24.65,0.58,4,-1,-1
226,8,146.96,182.02,31.97,23.19,0.98,4,-1,-1
226,16,256.71,180.71,29.16,28.44,0.96,4,-1,-1
226,17,263.29,167.47,24.03,22.63,0.83,4,-1,-1
226,22,295.79,179.03,27.03,26.14,0.93,4,-1,-1
226,26,341.42,428.80,72.30,96.43,1.00,4,-1,-1
226,27,409.86,161.43,19.98,19.37,0.37,4,-1,-1
226,44,392.50,173.95,25.10,22.19,0.99,4,-1,-1
226,45,465.03,324.53,39.78,47.02,0.99,7,-1,-1
226,60,126.66,245.08,86.12,41.68,0.98,4,-1,-1
226,66,438.24,435.73,80.15,99.43,0.99,4,-1,-1
226,78,638.71,237.77,78.23,30.74,0.96,4,-1,-1
226,191,370.23,134.18,15.88,17.15,0.94,4,-1,-1
226,198,393.58,248.57,83.65,33.73,1.00,4,-1,-1
226,202,426.62,234.67,78.21,30.75,0.99,4,-1,-1
226,252,534.03,386.55,80.68,79.61,1.00,4,-1,-1
226,255,397.52,146.98,20.53,19.66,0.95,4,-1,-1
226,276,153.35,368.70,70.45,89.36,1.00,4,-1,-1
226,57,208.07,504.89,41.43,36.59,0.22,10,-1,-1
226,286,550.13,229.58,72.90,29.00,0.99,4,-1,-1
226,150,504.19,318.58,52.97,51.71,0.99,4,-1,-1
226,301,151.10,224.44,21.90,29.76,0.85,10,-1,-1
226,130,434.76,286.22,31.66,25.30,0.35,10,-1,-1
226,31,368.28,158.68,13.25,18.15,0.94,10,-1,-1
226,43,356.24,211.94,53.13,30.18,0.99,10,-1,-1
226,272,434.62,308.69,24.26,46.18,0.88,10,-1,-1
226,289,212.72,206.76,15.10,25.89,0.23,10,-1,-1
226,274,817.74,471.10,24.25,48.07,0.78,1,-1,-1
226,340,211.66,507.14,30.81,33.15,0.47,2,-1,-1
226,358,478.89,284.89,15.13,33.68,0.83,1,-1,-1
226,359,547.04,457.13,35.12,59.84,0.94,10,-1,-1
226,364,231.04,188.16,15.61,24.51,0.86,10,-1,-1
226,370,903.24,483.70,58.36,46.38,0.95,10,-1,-1
226,372,183.84,198.59,19.22,26.17,0.84,10,-1,-1
226,374,552.06,462.54,27.12,40.87,0.99,2,-1,-1
226,376,551.11,450.16,26.73,45.21,0.98,2,-1,-1
226,378,660.97,217.85,79.60,33.81,0.99,4,-1,-1
226,304,347.01,129.96,21.05,18.53,0.91,4,-1,-1
226,271,236.09,162.80,13.62,22.61,0.61,10,-1,-1
226,380,69.46,287.36,48.67,32.31,0.97,10,-1,-1
226,381,367.76,233.52,27.79,21.04,0.96,10,-1,-1
226,382,308.95,210.48,20.26,21.80,0.96,10,-1,-1
226,386,916.19,461.98,28.83,51.91,0.92,2,-1,-1
226,387,925.27,470.48,22.97,41.25,0.95,2,-1,-1
226,388,876.73,212.66,58.42,28.41,0.14,4,-1,-1
226,390,126.91,245.09,85.59,41.84,0.12,4,-1,-1
226,335,216.31,221.33,17.84,25.22,0.77,10,-1,-1
226,368,497.82,190.11,38.17,30.61,0.68,7,-1,-1
226,392,903.91,461.93,25.47,45.41,0.89,2,-1,-1
226,393,333.30,248.62,29.80,22.82,0.81,10,-1,-1
226,395,548.59,201.55,42.93,27.92,0.30,5,-1,-1
226,396,593.91,317.26,39.25,51.97,0.58,8,-1,-1
226,397,316.79,237.24,26.74,25.61,0.85,10,-1,-1
226,169,531.62,248.46,24.30,26.08,0.84,8,-1,-1
226,398,440.49,276.92,15.81,29.48,0.65,2,-1,-1
226,399,559.12,216.99,26.85,21.60,0.66,10,-1,-1
226,400,606.24,210.29,47.04,25.69,0.83,4,-1,-1
226,401,623.17,500.62,26.75,38.79,0.37,1,-1,-1
226,175,555.79,263.49,35.51,27.70,0.26,10,-1,-1
226,403,351.83,186.82,18.22,18.94,0.96,10,-1,-1
226,317,233.42,212.51,21.07,20.81,0.71,10,-1,-1
226,56,585.48,280.31,22.17,28.11,0.79,10,-1,-1
226,385,779.41,461.82,26.13,44.23,0.23,1,-1,-1
226,407,347.14,130.56,20.49,18.53,0.66,7,-1,-1
226,408,919.69,438.15,28.93,36.76,0.62,10,-1,-1
227,1,21.04,197.93,65.10,28.14,0.86,4,-1,-1
227,4,87.68,180.45,47.22,24.69,0.79,4,-1,-1
227,8,147.02,182.02,31.75,23.21,0.99,4,-1,-1
227,16,256.63,180.60,29.00,28.76,0.97,4,-1,-1
227,17,263.24,167.64,24.07,22.41,0.86,4,-1,-1
227,22,295.67,179.02,27.09,26.40,0.93,4,-1,-1
227,26,341.20,429.00,72.30,96.43,1.00,4,-1,-1
227,27,409.66,160.97,20.26,19.68,0.79,4,-1,-1
227,44,392.88,173.34,24.80,22.62,0.98,4,-1,-1
227,45,464.96,324.35,39.78,47.42,0.99,7,-1,-1
227,60,120.06,245.75,86.26,41.45,0.97,4,-1,-1
227,66,437.96,435.74,80.13,99.83,0.99,4,-1,-1
227,78,641.85,237.58,81.53,31.14,0.96,4,-1,-1
227,191,370.11,133.99,16.13,17.13,0.91,4,-1,-1
227,198,396.05,248.15,84.54,34.37,1.00,4,-1,-1
227,202,423.14,234.55,78.38,31.16,0.99,4,-1,-1
227,252,533.93,386.30,80.27,79.11,1.00,4,-1,-1
227,255,397.48,147.19,20.49,19.56,0.94,4,-1,-1
227,276,153.02,371.92,70.48,90.86,1.00,4,-1,-1
227,286,548.11,229.74,72.71,29.19,0.99,4,-1,-1
227,150,503.91,318.22,52.57,51.76,0.99,4,-1,-1
227,301,150.97,224.36,22.21,30.22,0.82,10,-1,-1
227,130,436.01,287.37,32.29,24.29,0.44,10,-1,-1
227,31,367.80,158.16,13.65,18.29,0.95,10,-1,-1
227,43,357.14,211.68,52.49,30.14,0.99,10,-1,-1
227,272,435.16,310.05,22.77,44.76,0.70,10,-1,-1
227,289,212.44,207.03,15.26,24.96,0.59,10,-1,-1
227,274,817.39,471.26,24.16,48.60,0.90,1,-1,-1
227,340,204.20,519.35,33.46,22.07,0.27,2,-1,-1
227,358,480.42,284.92,15.07,33.61,0.76,1,-1,-1
227,359,546.41,456.50,34.55,59.38,0.85,10,-1,-1
227,364,231.10,188.69,15.81,23.68,0.92,10,-1,-1
227,370,907.81,484.91,54.25,46.92,0.91,10,-1,-1
227,372,182.81,199.46,19.10,26.04,0.88,10,-1,-1
227,374,550.84,461.46,27.13,40.60,0.99,2,-1,-1
227,376,550.18,448.92,26.95,45.61,0.98,2,-1,-1
227,378,658.72,217.92,79.67,33.79,0.99,4,-1,-1
227,304,346.63,130.17,20.71,18.73,0.83,4,-1,-1
227,271,235.76,163.38,13.77,22.65,0.91,10,-1,-1
227,380,76.37,288.96,47.35,30.65,0.94,10,-1,-1
227,381,365.39,233.94,27.81,20.85,0.98,10,-1,-1
227,382,308.68,210.52,20.40,21.88,0.97,10,-1,-1
227,386,920.73,464.29,29.10,51.27,0.96,2,-1,-1
227,387,929.39,472.43,22.99,40.33,0.95,2,-1,-1
227,388,872.80,212.51,60.59,29.22,0.12,4,-1,-1
227,390,120.23,245.54,86.07,41.74,0.13,4,-1,-1
227,335,216.21,222.08,18.01,24.31,0.83,10,-1,-1
227,368,497.80,189.97,38.02,30.88,0.62,7,-1,-1
227,392,908.81,463.49,24.68,43.63,0.83,2,-1,-1
227,393,328.80,249.45,29.44,22.43,0.50,10,-1,-1
227,395,548.05,201.65,43.67,28.28,0.48,5,-1,-1
227,396,593.89,316.93,39.00,51.93,0.55,8,-1,-1
227,397,311.20,237.58,28.53,26.73,0.43,10,-1,-1
227,169,533.64,248.14,23.90,25.53,0.63,8,-1,-1
227,398,441.85,277.39,15.90,30.22,0.51,2,-1,-1
227,399,557.28,217.61,26.47,21.84,0.63,10,-1,-1
227,400,607.27,210.33,45.98,25.63,0.76,4,-1,-1
227,401,622.46,499.95,25.52,39.31,0.29,2,-1,-1
227,403,353.51,185.44,17.11,22.51,0.87,10,-1,-1
227,317,236.27,211.84,20.29,21.15,0.93,10,-1,-1
227,56,585.61,280.52,22.68,27.57,0.71,10,-1,-1
227,385,779.27,461.90,25.54,42.90,0.28,1,-1,-1
227,407,345.70,131.11,21.45,18.41,0.82,7,-1,-1
227,409,356.79,184.42,15.07,21.09,0.62,10,-1,-1
227,410,435.44,314.00,22.30,41.58,0.62,10,-1,-1
228,1,18.76,197.68,68.04,29.08,0.80,4,-1,-1
228,4,87.47,180.42,47.70,24.90,0.81,4,-1,-1
228,8,146.98,182.13,31.62,23.02,0.98,4,-1,-1
228,16,256.59,180.96,28.74,28.28,0.97,4,-1,-1
228,17,263.01,167.51,24.28,22.72,0.90,4,-1,-1
228,22,295.60,179.03,27.12,26.49,0.95,4,-1,-1
228,26,340.92,428.86,72.30,96.42,1.00,4,-1,-1
228,27,409.76,160.70,19.97,19.60,0.89,4,-1,-1
228,44,393.19,173.02,25.09,22.57,0.98,4,-1,-1
228,45,464.92,324.27,39.38,47.56,0.98,7,-1,-1
228,60,113.03,246.00,86.30,41.55,0.96,4,-1,-1
228,66,437.86,435.92,79.73,99.57,0.99,4,-1,-1
228,78,646.05,237.58,79.67,30.89,0.97,4,-1,-1
228,191,369.65,133.83,16.62,17.32,0.95,4,-1,-1
228,198,399.03,247.99,84.48,34.60,1.00,4,-1,-1
228,202,419.93,234.40,78.43,31.30,0.99,4,-1,-1
228,252,533.29,385.99,80.52,78.91,1.00,4,-1,-1
228,255,397.24,147.42,20.47,19.37,0.96,4,-1,-1
228,276,152.63,375.05,70.86,92.16,1.00,4,-1,-1
228,286,545.21,229.98,72.84,29.05,0.99,4,-1,-1
228,150,504.00,318.08,52.03,51.38,0.99,4,-1,-1
228,301,150.97,224.54,21.89,30.38,0.91,10,-1,-1
228,130,437.99,287.80,31.34,24.09,0.74,10,-1,-1
228,31,367.60,157.87,13.80,18.35,0.93,10,-1,-1
228,43,358.43,211.60,51.47,29.52,0.99,10,-1,-1
228,272,435.40,310.86,21.75,42.95,0.70,10,-1,-1
228,289,212.34,207.34,15.32,23.59,0.84,10,-1,-1
228,274,817.64,471.46,23.33,47.60,0.91,1,-1,-1
228,358,481.91,285.32,15.45,32.78,0.68,1,-1,-1
228,359,545.61,455.09,34.35,59.20,0.81,10,-1,-1
228,364,231.11,188.89,15.89,23.36,0.90,10,-1,-1
228,370,911.76,485.44,50.21,46.71,0.83,10,-1,-1
228,372,181.35,199.88,19.25,26.18,0.92,10,-1,-1
228,374,549.82,460.29,26.74,39.70,0.99,2,-1,-1
228,376,549.07,447.68,27.44,44.96,0.97,2,-1,-1
228,378,656.74,218.03,79.68,33.77,0.99,4,-1,-1
228,304,347.10,130.10,19.38,17.52,0.76,4,-1,-1
228,271,235.05,164.09,14.03,22.66,0.64,10,-1,-1
228,380,81.87,289.24,47.69,30.17,0.93,10,-1,-1
228,381,362.98,232.68,28.21,22.59,0.96,10,-1,-1
228,382,308.77,210.03,20.05,22.72,0.97,10,-1,-1
228,386,924.66,465.24,28.40,51.80,0.96,2,-1,-1
228,387,933.55,474.24,23.78,40.38,0.81,2,-1,-1
228,390,113.17,245.92,86.23,41.68,0.13,4,-1,-1
228,335,215.98,222.78,18.27,23.56,0.88,10,-1,-1
228,368,497.78,190.10,37.97,31.18,0.59,7,-1,-1
228,392,912.49,464.95,24.37,44.20,0.89,2,-1,-1
228,393,312.66,242.57,40.99,27.86,0.66,10,-1,-1
228,395,547.83,201.68,43.94,28.40,0.67,5,-1,-1
228,396,593.87,316.78,38.50,50.27,0.42,8,-1,-1
228,397,307.01,237.82,28.62,26.73,0.72,10,-1,-1
228,398,443.32,277.43,15.91,30.46,0.77,2,-1,-1
228,399,554.18,216.05,25.40,23.39,0.38,10,-1,-1
228,400,609.33,210.32,43.90,25.61,0.79,4,-1,-1
228,401,621.85,498.01,24.27,41.15,0.46,2,-1,-1
228,403,354.65,185.57,16.80,20.78,0.92,10,-1,-1
228,317,238.50,211.52,21.03,21.48,0.92,10,-1,-1
228,56,585.43,279.97,23.66,27.58,0.24,10,-1,-1
228,385,779.21,462.29,24.51,40.77,0.35,1,-1,-1
228,407,345.88,130.87,20.72,18.73,0.67,7,-1,-1
228,410,434.95,310.37,22.78,44.47,0.85,10,-1,-1
228,411,89.12,277.53,25.61,37.67,0.63,2,-1,-1
229,1,19.80,197.55,66.37,29.05,0.71,4,-1,-1
229,4,87.00,180.47,47.88,24.99,0.83,4,-1,-1
229,8,147.02,182.05,31.62,23.15,0.99,4,-1,-1
229,16,256.59,181.08,28.64,28.10,0.97,4,-1,-1
229,17,262.74,167.75,24.56,23.04,0.90,4,-1,-1
229,22,295.60,179.02,27.12,26.53,0.94,4,-1,-1
229,26,340.81,428.82,72.30,96.43,1.00,4,-1,-1
229,27,409.41,160.61,20.26,19.57,0.56,4,-1,-1
229,44,393.11,173.11,25.20,22.36,0.98,4,-1,-1
229,45,464.91,324.84,39.23,46.82,0.98,7,-1,-1
229,60,106.00,246.65,86.75,41.40,0.99,4,-1,-1
229,66,437.81,435.81,79.58,99.89,0.99,4,-1,-1
229,78,649.54,237.23,78.90,31.40,0.96,4,-1,-1
229,191,369.69,133.67,16.80,17.40,0.95,4,-1,-1
229,198,402.04,248.34,84.45,34.29,1.00,4,-1,-1
229,202,416.84,234.25,78.84,31.76,0.99,4,-1,-1
229,252,532.85,385.51,80.22,78.86,1.00,4,-1,-1
229,255,397.37,147.25,20.47,19.56,0.95,4,-1,-1
229,276,151.85,378.31,71.39,94.19,1.00,4,-1,-1
229,286,542.82,230.18,72.88,29.40,0.98,4,-1,-1
229,150,503.84,317.86,52.23,51.24,0.99,4,-1,-1
229,301,151.08,224.69,21.75,30.25,0.92,10,-1,-1
229,130,439.27,288.96,31.37,23.41,0.67,10,-1,-1
229,31,367.35,157.98,13.86,17.58,0.92,10,-1,-1
229,43,359.28,211.47,50.71,29.30,0.99,10,-1,-1
229,272,435.91,313.21,20.14,39.84,0.62,10,-1,-1
229,289,212.02,207.32,15.35,22.88,0.85,10,-1,-1
229,274,817.33,471.39,23.82,48.41,0.92,1,-1,-1
229,358,483.61,285.28,15.99,33.28,0.80,1,-1,-1
229,359,544.74,452.63,34.28,60.33,0.92,10,-1,-1
229,364,230.72,189.13,16.32,23.04,0.93,10,-1,-1
229,370,916.72,487.62,44.59,43.45,0.83,10,-1,-1
229,372,179.66,200.60,20.10,26.04,0.90,10,-1,-1
229,374,548.88,459.33,26.59,39.35,0.99,2,-1,-1
229,376,548.28,446.30,27.62,46.31,0.94,2,-1,-1
229,378,654.10,218.30,80.47,33.77,0.99,4,-1,-1
229,304,346.93,130.17,18.87,17.05,0.54,4,-1,-1
229,271,234.70,164.33,13.93,22.66,0.68,10,-1,-1
229,380,87.20,289.13,47.99,29.79,0.89,10,-1,-1
229,381,359.80,233.48,29.14,22.25,0.88,10,-1,-1
229,382,309.02,209.94,19.52,22.64,0.96,10,-1,-1
229,386,928.36,466.01,26.51,53.18,0.97,2,-1,-1
229,387,938.53,476.91,21.72,39.60,0.61,2,-1,-1
229,335,215.99,223.63,18.37,22.68,0.89,10,-1,-1
229,368,497.58,190.06,37.95,31.10,0.61,7,-1,-1
229,392,916.93,466.92,23.43,43.61,0.84,2,-1,-1
229,393,314.52,247.41,34.77,24.14,0.84,10,-1,-1
229,395,548.18,201.81,43.63,28.24,0.84,5,-1,-1
229,396,593.88,316.75,37.90,49.24,0.78,8,-1,-1
229,397,302.05,238.52,29.41,26.31,0.88,10,-1,-1
229,398,444.44,277.76,16.29,30.33,0.66,2,-1,-1
229,399,550.03,216.25,27.56,23.31,0.60,10,-1,-1
229,400,609.34,210.24,43.47,25.82,0.69,4,-1,-1
229,401,619.91,496.77,24.81,42.60,0.26,2,-1,-1
229,403,355.63,184.94,16.28,22.39,0.83,10,-1,-1
229,317,241.63,210.40,19.52,22.00,0.87,10,-1,-1
229,56,585.36,280.31,24.42,27.20,0.34,10,-1,-1
229,385,778.78,462.28,24.96,41.22,0.34,1,-1,-1
229,407,345.71,130.55,19.99,18.61,0.58,7,-1,-1
229,410,435.32,315.15,21.03,40.02,0.83,10,-1,-1
229,411,94.02,276.33,25.73,36.94,0.76,2,-1,-1
229,329,697.32,420.01,25.34,40.39,0.58,2,-1,-1
229,268,376.42,263.33,53.39,30.99,0.81,10,-1,-1
229,306,168.72,225.68,17.66,28.75,0.56,10,-1,-1
230,1,20.81,197.61,65.37,28.83,0.78,4,-1,-1
230,4,86.28,180.50,48.04,25.02,0.80,4,-1,-1
230,8,146.70,182.12,31.83,23.19,0.99,4,-1,-1
230,16,256.64,181.02,28.61,28.23,0.97,4,-1,-1
230,17,262.69,167.73,24.47,22.77,0.93,4,-1,-1
230,22,295.35,179.11,27.13,26.34,0.94,4,-1,-1
230,26,340.34,429.20,72.70,96.03,1.00,4,-1,-1
230,27,409.24,160.67,20.38,19.36,0.84,4,-1,-1
230,44,393.23,173.04,24.06,22.09,0.99,4,-1,-1
230,45,464.68,325.05,39.17,46.14,0.96,7,-1,-1
230,60,99.12,247.09,86.37,41.33,0.81,4,-1,-1
230,66,437.37,435.95,79.93,99.60,0.99,4,-1,-1
230,78,653.09,236.89,76.22,30.99,0.95,4,-1,-1
230,191,369.47,133.51,16.87,17.63,0.95,4,-1,-1
230,198,404.21,248.47,84.83,34.17,1.00,4,-1,-1
230,202,413.56,234.57,78.59,30.94,0.99,4,-1,-1
230,252,532.27,385.33,80.52,78.85,1.00,4,-1,-1
230,255,397.38,147.72,20.07,19.18,0.95,4,-1,-1
230,276,150.58,381.83,72.74,95.71,1.00,4,-1,-1
230,286,540.97,230.05,72.11,29.72,0.98,4,-1,-1
230,150,503.75,317.58,52.31,51.20,0.99,4,-1,-1
230,301,151.14,224.55,21.75,30.00,0.93,10,-1,-1
230,130,441.05,289.48,30.97,23.06,0.65,10,-1,-1
230,31,367.22,157.72,13.88,17.48,0.73,10,-1,-1
230,43,359.92,211.13,50.45,29.62,0.99,10,-1,-1
230,272,434.45,308.86,22.41,45.54,0.93,10,-1,-1
230,289,211.67,207.40,15.16,23.03,0.87,10,-1,-1
230,274,816.80,471.14,24.00,48.32,0.92,1,-1,-1
230,358,485.15,285.55,15.41,33.16,0.80,1,-1,-1
230,359,544.03,451.74,34.26,60.36,0.91,10,-1,-1
230,364,230.54,189.51,16.48,22.72,0.91,10,-1,-1
230,370,920.80,488.53,39.19,42.99,0.61,10,-1,-1
230,372,178.22,200.85,20.61,26.38,0.84,10,-1,-1
230,374,547.95,457.21,26.93,41.62,0.99,2,-1,-1
230,376,547.20,444.23,28.08,46.81,0.98,2,-1,-1
230,378,651.57,218.59,80.76,32.97,0.98,4,-1,-1
230,304,346.24,130.34,18.69,17.39,0.84,4,-1,-1
230,271,233.95,165.00,14.29,21.86,0.90,10,-1,-1
230,380,92.72,288.41,48.38,30.35,0.83,10,-1,-1
230,381,357.46,233.69,28.71,22.31,0.96,10,-1,-1
230,382,308.88,209.80,19.32,23.00,0.96,10,-1,-1
230,386,931.96,467.20,26.57,51.33,0.87,2,-1,-1
230,387,938.93,475.38,21.70,45.76,0.57,2,-1,-1
230,335,216.26,222.72,18.21,23.59,0.91,10,-1,-1
230,368,497.47,190.33,37.95,30.07,0.64,7,-1,-1
230,392,920.82,468.55,23.89,43.39,0.92,2,-1,-1
230,393,313.67,250.27,30.99,21.70,0.61,10,-1,-1
230,395,548.28,201.65,43.50,28.16,0.77,5,-1,-1
230,396,593.65,316.92,38.30,48.87,0.59,8,-1,-1
230,397,297.30,239.10,29.71,25.72,0.72,10,-1,-1
230,398,445.99,278.27,15.62,29.65,0.63,2,-1,-1
230,400,610.13,210.08,42.52,25.89,0.70,4,-1,-1
230,401,609.31,498.54,34.56,40.67,0.58,10,-1,-1
230,403,356.51,184.73,15.70,22.29,0.83,10,-1,-1
230,317,244.34,210.29,20.35,21.81,0.95,10,-1,-1
230,56,585.29,280.52,24.32,26.66,0.28,10,-1,-1
230,385,779.01,462.66,23.51,42.19,0.31,1,-1,-1
230,407,345.16,130.56,19.80,18.68,0.52,7,-1,-1
230,411,98.02,275.51,28.54,37.85,0.38,2,-1,-1
230,329,696.82,421.30,25.29,40.37,0.59,2,-1,-1
230,268,379.83,263.83,54.33,31.03,0.92,10,-1,-1
230,306,168.39,226.02,17.71,28.01,0.66,10,-1,-1
230,412,98.84,246.80,86.03,42.49,0.75,5,-1,-1
230,413,297.72,238.36,50.02,29.23,0.72,7,-1,-1
230,414,497.51,190.30,37.97,29.23,0.62,5,-1,-1
230,415,816.63,470.99,24.11,48.21,0.88,2,-1,-1
231,1,20.67,197.33,65.34,29.34,0.74,4,-1,-1
231,4,86.64,180.50,47.50,25.03,0.79,4,-1,-1
231,8,146.61,182.24,31.70,23.21,0.99,4,-1,-1
231,16,256.80,181.00,28.60,28.28,0.97,4,-1,-1
231,17,262.91,167.93,24.24,22.06,0.93,4,-1,-1
231,22,295.30,179.14,27.13,26.47,0.94,4,-1,-1
231,26,340.19,429.15,72.45,95.88,1.00,4,-1,-1
231,27,409.21,160.80,20.03,18.88,0.84,4,-1,-1
231,44,393.71,172.43,24.03,22.39,0.97,4,-1,-1
231,45,464.43,324.94,39.15,46.29,0.97,7,-1,-1
231,60,92.02,247.23,86.91,43.10,0.97,4,-1,-1
231,66,437.23,436.02,79.66,99.50,0.99,4,-1,-1
231,78,655.92,236.58,73.58,31.03,0.93,4,-1,-1
231,191,369.03,133.56,17.29,17.52,0.94,4,-1,-1
231,198,408.92,248.33,81.80,33.92,0.99,4,-1,-1
231,202,410.28,234.60,78.09,30.62,0.99,4,-1,-1
231,252,531.89,385.09,79.84,78.45,1.00,4,-1,-1
231,255,397.22,147.61,20.32,19.23,0.96,4,-1,-1
231,276,149.61,385.25,73.15,97.82,1.00,4,-1,-1
231,286,538.80,229.90,72.22,29.45,0.98,4,-1,-1
231,150,503.55,317.50,52.35,51.18,0.99,4,-1,-1
231,301,151.04,224.80,22.09,29.70,0.96,10,-1,-1
231,130,442.08,289.37,31.22,23.23,0.71,10,-1,-1
231,31,367.02,157.45,13.88,17.45,0.57,10,-1,-1
231,43,360.55,210.72,49.57,29.94,1.00,10,-1,-1
231,272,434.16,308.68,22.42,45.24,0.94,10,-1,-1
231,289,211.18,207.93,15.29,22.69,0.79,10,-1,-1
231,274,816.63,471.26,24.07,48.28,0.91,1,-1,-1
231,358,487.10,285.56,15.17,33.43,0.82,1,-1,-1
231,359,543.42,451.08,33.86,59.96,0.92,10,-1,-1
231,364,230.60,189.64,16.35,22.81,0.88,10,-1,-1
231,370,924.57,492.06,34.80,40.81,0.72,10,-1,-1
231,372,176.56,201.82,20.41,26.11,0.88,10,-1,-1
231,374,547.07,455.49,27.06,42.46,0.99,2,-1,-1
231,376,546.06,442.91,28.66,47.00,0.98,2,-1,-1
231,378,648.74,218.91,79.27,33.27,0.97,4,-1,-1
231,304,345.02,130.45,19.44,17.92,0.75,4,-1,-1
231,271,233.32,164.93,14.03,22.36,0.43,10,-1,-1
231,380,98.33,288.05,48.00,30.25,0.80,10,-1,-1
231,381,354.92,233.96,28.92,22.13,0.94,10,-1,-1
231,382,308.65,209.95,19.25,22.94,0.96,10,-1,-1
231,386,936.78,469.21,23.40,50.17,0.94,2,-1,-1
231,335,216.39,223.09,17.94,23.32,0.94,10,-1,-1
231,368,497.47,190.33,37.95,29.68,0.65,7,-1,-1
231,392,924.96,469.93,22.45,43.32,0.58,1,-1,-1
231,393,310.43,249.57,30.03,22.29,0.53,10,-1,-1
231,395,548.55,201.60,43.05,28.53,0.57,5,-1,-1
231,396,593.20,317.21,38.85,50.78,0.50,8,-1,-1
231,397,293.01,239.22,28.92,25.50,0.91,10,-1,-1
231,398,447.57,278.15,15.33,29.39,0.67,2,-1,-1
231,400,610.19,210.35,42.02,25.51,0.60,4,-1,-1
231,401,604.83,497.05,38.31,41.91,0.59,2,-1,-1
231,403,357.65,184.58,15.10,22.63,0.58,10,-1,-1
231,317,246.68,210.67,21.04,21.13,0.92,10,-1,-1
231,385,778.73,462.82,23.80,41.76,0.23,1,-1,-1
231,407,344.80,130.58,19.76,18.80,0.44,7,-1,-1
231,411,104.05,275.24,28.06,37.46,0.46,2,-1,-1
231,329,697.89,424.75,23.66,39.16,0.46,2,-1,-1
231,268,382.59,263.81,53.83,30.65,0.79,10,-1,-1
231,306,168.10,226.73,17.72,27.36,0.88,10,-1,-1
231,414,497.02,190.91,38.93,29.47,0.52,4,-1,-1
231,415,816.60,471.47,24.11,47.73,0.94,1,-1,-1
231,416,629.20,260.21,47.01,38.87,0.74,8,-1,-1
231,417,924.51,469.49,21.70,42.19,0.88,2,-1,-1
232,1,20.93,197.41,65.06,28.94,0.85,4,-1,-1
232,4,86.42,180.48,47.80,25.03,0.88,4,-1,-1
232,8,146.57,182.27,31.81,23.22,0.99,4,-1,-1
232,16,256.81,181.07,28.60,28.31,0.96,4,-1,-1
232,17,262.65,168.38,24.35,21.80,0.94,4,-1,-1
232,22,295.34,179.34,27.03,26.32,0.95,4,-1,-1
232,26,340.11,429.14,72.37,96.24,1.00,4,-1,-1
232,27,409.18,160.94,20.30,18.51,0.86,4,-1,-1
232,44,393.85,172.19,24.03,22.11,0.97,4,-1,-1
232,45,463.92,324.90,39.55,46.35,0.94,7,-1,-1
232,60,85.15,247.95,86.72,42.59,0.99,4,-1,-1
232,66,437.16,436.06,79.17,99.47,0.99,4,-1,-1
232,78,659.27,237.17,72.62,30.26,0.94,4,-1,-1
232,191,369.42,133.41,17.06,17.58,0.96,4,-1,-1
232,198,413.16,248.48,79.84,33.23,0.98,4,-1,-1
232,202,407.33,234.81,77.90,29.90,0.99,4,-1,-1
232,252,531.55,384.42,79.59,78.72,1.00,4,-1,-1
232,255,397.33,147.59,20.42,19.11,0.94,4,-1,-1
232,276,148.64,388.64,73.85,99.77,1.00,4,-1,-1
232,286,536.85,230.03,71.87,28.94,0.98,4,-1,-1
232,150,503.27,317.28,52.37,51.19,0.99,4,-1,-1
232,301,150.75,224.88,22.22,29.59,0.96,10,-1,-1
232,130,443.78,289.61,31.32,23.40,0.76,10,-1,-1
232,31,366.72,156.93,13.88,17.85,0.87,10,-1,-1
232,43,361.32,210.36,48.87,29.87,1.00,10,-1,-1
232,272,435.03,313.18,20.04,38.80,0.90,10,-1,-1
232,289,210.96,208.40,14.94,22.37,0.85,10,-1,-1
232,358,489.35,285.26,15.09,33.63,0.66,1,-1,-1
232,359,542.62,449.70,33.72,60.21,0.92,10,-1,-1
232,364,230.88,190.06,16.10,22.85,0.91,10,-1,-1
232,370,928.69,493.94,30.83,38.77,0.84,10,-1,-1
232,372,175.02,201.85,19.93,26.60,0.88,10,-1,-1
232,374,546.37,454.12,26.71,42.00,0.98,2,-1,-1
232,376,545.26,441.69,28.48,47.47,0.98,2,-1,-1
232,378,645.77,219.23,80.30,33.59,0.99,4,-1,-1
232,304,344.37,130.42,19.33,18.12,0.93,4,-1,-1
232,271,232.75,165.67,13.92,21.95,0.82,10,-1,-1
232,380,103.49,287.23,48.63,30.52,0.82,10,-1,-1
232,381,352.04,233.95,29.00,22.66,0.92,10,-1,-1
232,382,308.33,210.39,19.64,22.53,0.98,10,-1,-1
232,386,940.86,470.94,19.62,48.92,0.61,2,-1,-1
232,335,216.30,223.22,17.84,23.22,0.91,10,-1,-1
232,368,497.26,190.32,38.35,29.75,0.66,7,-1,-1
232,392,929.61,472.42,21.08,42.50,0.89,2,-1,-1
232,393,304.44,248.93,32.15,23.30,0.53,10,-1,-1
232,395,548.85,201.57,42.48,28.86,0.51,7,-1,-1
232,396,593.03,317.11,38.67,51.89,0.49,8,-1,-1
232,397,288.41,239.25,27.93,26.02,0.90,10,-1,-1
232,398,449.70,278.30,15.21,28.89,0.57,2,-1,-1
232,400,609.76,210.44,42.72,25.57,0.59,4,-1,-1
232,401,601.87,497.16,39.92,41.94,0.54,2,-1,-1
232,403,358.38,184.94,14.92,21.93,0.68,10,-1,-1
232,317,249.69,210.21,21.30,20.88,0.91,10,-1,-1
232,385,778.64,462.70,23.92,43.21,0.15,1,-1,-1
232,407,344.23,130.62,19.77,18.64,0.33,7,-1,-1
232,411,110.46,274.95,26.75,37.08,0.18,2,-1,-1
232,329,696.65,425.44,24.71,39.12,0.28,2,-1,-1
232,268,385.68,263.12,53.25,30.91,0.95,10,-1,-1
232,306,167.85,227.18,17.93,27.13,0.90,10,-1,-1
232,414,497.37,190.32,38.66,29.52,0.65,5,-1,-1
232,416,629.18,260.21,47.97,38.39,0.80,8,-1,-1
232,283,410.76,271.93,12.08,25.35,0.50,2,-1,-1
232,399,542.63,216.21,27.79,22.52,0.51,10,-1,-1
232,410,434.83,315.14,20.48,39.11,0.82,10,-1,-1
233,1,18.76,197.12,67.60,29.57,0.89,4,-1,-1
233,4,86.67,180.66,47.01,24.84,0.88,4,-1,-1
233,8,146.38,182.07,32.05,23.42,0.99,4,-1,-1
233,16,256.73,181.29,28.60,28.12,0.96,4,-1,-1
233,17,262.47,168.44,24.59,22.10,0.94,4,-1,-1
233,22,295.06,179.30,27.09,26.46,0.93,4,-1,-1
233,26,340.07,429.30,71.93,95.97,1.00,4,-1,-1
233,27,409.16,160.79,20.40,18.78,0.64,4,-1,-1
233,44,393.89,172.11,23.63,21.81,0.98,4,-1,-1
233,45,463.71,324.66,39.70,46.77,0.97,7,-1,-1
233,60,77.44,248.39,87.25,42.38,0.82,4,-1,-1
233,66,436.92,436.04,78.98,99.45,1.00,4,-1,-1
233,78,662.77,236.80,70.66,29.96,0.97,4,-1,-1
233,191,369.58,133.36,16.56,17.21,0.95,4,-1,-1
233,198,412.78,247.92,84.36,34.57,1.00,4,-1,-1
233,202,403.34,234.87,79.02,29.83,0.99,4,-1,-1
233,252,531.01,383.96,79.50,79.23,1.00,4,-1,-1
233,255,397.18,147.64,20.46,19.21,0.94,4,-1,-1
233,276,147.60,392.55,74.30,100.86,1.00,4,-1,-1
233,286,533.59,230.08,72.53,28.95,0.98,4,-1,-1
233,150,502.95,317.20,52.38,51.19,0.99,4,-1,-1
233,301,150.47,224.80,21.96,30.15,0.95,10,-1,-1
233,130,444.75,289.58,31.75,23.76,0.62,10,-1,-1
233,31,366.62,157.05,13.48,17.20,0.82,10,-1,-1
233,43,361.97,210.03,48.23,29.64,1.00,10,-1,-1
233,272,435.19,312.36,19.91,38.63,0.73,10,-1,-1
233,289,210.80,208.76,14.80,22.26,0.82,10,-1,-1
233,358,490.91,285.13,14.66,33.71,0.71,1,-1,-1
233,359,541.73,448.20,33.27,60.30,0.90,10,-1,-1
233,364,231.00,190.30,16.20,22.86,0.92,10,-1,-1
233,370,933.73,496.16,25.21,36.81,0.71,10,-1,-1
233,372,174.11,202.23,19.14,26.58,0.93,10,-1,-1
233,374,545.53,453.42,26.58,41.01,0.98,2,-1,-1
233,376,544.57,441.05,28.01,47.64,0.98,2,-1,-1
233,378,644.31,219.64,79.09,33.31,0.99,4,-1,-1
233,304,343.95,130.61,18.88,18.00,0.89,4,-1,-1
233,271,232.27,165.93,14.28,22.19,0.78,10,-1,-1
233,380,109.60,287.21,47.76,30.11,0.89,10,-1,-1
233,381,349.26,233.83,28.62,22.66,0.97,10,-1,-1
233,382,308.22,210.25,19.78,22.77,0.96,10,-1,-1
233,386,936.63,474.13,20.07,44.81,0.76,1,-1,-1
233,335,216.28,222.55,17.80,23.98,0.84,10,-1,-1
233,368,496.97,190.51,38.50,30.17,0.19,7,-1,-1
233,392,933.53,474.47,20.58,43.01,0.81,2,-1,-1
233,393,300.57,249.64,30.15,22.69,0.54,10,-1,-1
233,395,548.54,201.76,42.67,29.18,0.47,5,-1,-1
233,396,593.14,316.66,38.39,49.52,0.35,8,-1,-1
233,397,284.57,238.95,26.85,26.80,0.94,10,-1,-1
233,398,451.45,278.74,14.35,28.90,0.39,2,-1,-1
233,400,609.77,210.58,42.38,25.60,0.54,4,-1,-1
233,401,599.62,498.20,38.99,40.71,0.72,10,-1,-1
233,403,359.01,185.09,14.46,21.64,0.70,10,-1,-1
233,317,252.52,209.85,21.79,21.19,0.41,10,-1,-1
233,407,343.84,130.80,19.36,18.36,0.23,7,-1,-1
233,411,116.10,274.31,26.71,37.06,0.35,2,-1,-1
233,329,696.98,422.84,24.28,39.11,0.21,2,-1,-1
233,268,389.11,263.36,52.23,31.20,0.61,10,-1,-1
233,306,167.87,227.33,17.81,27.46,0.91,10,-1,-1
233,414,497.26,190.24,38.56,30.00,0.78,7,-1,-1
233,416,628.69,260.33,48.15,38.06,0.93,8,-1,-1
233,283,413.80,271.98,11.59,25.28,0.30,2,-1,-1
233,399,543.19,216.81,23.52,21.03,0.28,10,-1,-1
233,410,434.73,312.59,20.94,40.97,0.92,10,-1,-1
233,418,76.80,248.60,88.48,41.28,0.68,4,-1,-1
233,419,107.73,212.14,15.52,22.60,0.69,2,-1,-1
233,420,817.23,471.29,22.90,48.21,0.94,1,-1,-1
233,274,817.02,471.35,23.16,48.25,0.92,1,-1,-1
234,1,19.08,197.10,67.37,29.41,0.88,4,-1,-1
234,4,86.68,180.31,48.00,25.16,0.84,4,-1,-1
234,8,146.27,182.08,31.79,23.29,0.99,4,-1,-1
234,16,256.70,181.35,28.40,27.85,0.95,4,-1,-1
234,17,262.21,168.44,24.87,22.42,0.92,4,-1,-1
234,22,294.97,179.27,27.11,26.51,0.92,4,-1,-1
234,26,339.88,429.54,71.76,95.47,1.00,4,-1,-1
234,27,408.96,161.02,20.44,18.28,0.65,4,-1,-1
234,44,394.10,171.67,22.68,21.70,0.98,4,-1,-1
234,45,463.65,324.55,39.75,46.93,0.97,7,-1,-1
234,60,69.65,248.02,88.60,42.89,0.92,4,-1,-1
234,66,436.44,436.01,79.31,99.45,1.00,4,-1,-1
234,78,665.55,236.35,69.95,29.85,0.97,4,-1,-1
234,191,369.85,133.23,16.37,17.17,0.96,4,-1,-1
234,198,415.15,248.19,85.60,34.67,0.99,4,-1,-1
234,202,399.18,235.07,80.62,30.61,0.98,4,-1,-1
234,252,530.62,383.38,79.07,79.02,1.00,4,-1,-1
234,255,396.93,147.63,20.47,19.25,0.93,4,-1,-1
234,276,145.88,396.10,75.60,103.18,1.00,4,-1,-1
234,286,531.45,230.17,72.39,28.95,0.98,4,-1,-1
234,150,503.04,316.75,51.99,51.20,0.99,4,-1,-1
234,301,150.82,225.24,21.61,29.76,0.96,10,-1,-1
234,130,446.25,289.64,31.90,23.21,0.56,10,-1,-1
234,31,366.59,156.89,12.93,16.95,0.85,10,-1,-1
234,43,362.18,209.30,48.01,29.96,0.99,10,-1,-1
234,272,435.65,315.09,18.25,34.14,0.87,10,-1,-1
234,289,210.66,209.06,14.76,21.82,0.84,10,-1,-1
234,358,492.23,285.26,14.90,33.73,0.73,1,-1,-1
234,359,541.24,447.66,32.71,59.92,0.85,10,-1,-1
234,364,231.15,190.35,16.04,22.67,0.97,10,-1,-1
234,370,937.30,491.87,21.80,41.11,0.30,10,-1,-1
234,372,172.21,202.23,18.83,26.77,0.89,10,-1,-1
234,374,545.06,453.20,26.53,41.02,0.99,2,-1,-1
234,376,543.76,440.64,27.82,46.50,0.97,2,-1,-1
234,378,642.27,219.28,79.41,34.40,0.99,4,-1,-1
234,304,343.43,130.75,19.12,17.85,0.83,4,-1,-1
234,271,232.21,166.49,13.82,21.48,0.83,10,-1,-1
234,380,115.07,287.00,47.05,29.95,0.80,10,-1,-1
234,381,346.53,234.35,28.47,22.26,0.95,10,-1,-1
234,382,308.09,210.67,20.14,22.26,0.97,10,-1,-1
234,386,937.85,476.65,20.20,43.68,0.50,2,-1,-1
234,335,216.28,222.38,17.78,24.07,0.86,10,-1,-1
234,368,496.66,190.46,38.95,30.93,0.25,7,-1,-1
234,392,937.23,476.35,20.42,42.81,0.55,2,-1,-1
234,393,296.65,250.28,28.50,22.04,0.84,10,-1,-1
234,395,548.43,202.01,43.14,28.90,0.31,5,-1,-1
234,396,592.99,316.67,38.09,49.41,0.28,8,-1,-1
234,397,279.97,239.40,26.68,26.10,0.96,10,-1,-1
234,398,452.44,278.88,14.43,27.70,0.63,2,-1,-1
234,400,609.55,210.30,42.89,25.81,0.78,4,-1,-1
234,401,598.10,497.39,37.33,41.43,0.61,10,-1,-1
234,403,359.82,185.14,14.32,21.12,0.76,10,-1,-1
234,317,255.08,210.60,22.17,20.12,0.54,10,-1,-1
234,407,343.09,130.85,19.64,18.47,0.32,7,-1,-1
234,411,121.95,273.87,24.88,36.41,0.21,2,-1,-1
234,329,696.71,427.65,24.11,37.10,0.32,2,-1,-1
234,268,392.68,263.06,53.07,31.51,0.85,10,-1,-1
234,306,167.39,227.36,18.16,27.38,0.91,10,-1,-1
234,414,497.22,190.21,38.54,30.15,0.76,7,-1,-1
234,416,628.07,260.35,50.08,38.43,0.86,8,-1,-1
234,283,416.82,271.66,11.86,24.65,0.48,2,-1,-1
234,399,540.52,216.99,25.08,21.18,0.20,10,-1,-1
234,410,434.50,313.78,20.67,39.93,0.81,10,-1,-1
234,419,107.36,212.11,15.88,22.60,0.52,2,-1,-1
234,420,817.18,471.28,22.90,50.14,0.93,1,-1,-1
234,274,817.52,471.53,22.95,49.85,0.91,1,-1,-1
234,175,564.01,253.15,42.46,34.94,0.52,10,-1,-1
235,1,19.32,196.99,67.25,29.53,0.79,4,-1,-1
235,4,86.37,180.17,48.97,25.27,0.81,4,-1,-1
235,8,146.26,182.16,31.69,23.24,0.99,4,-1,-1
235,16,256.42,181.63,28.13,27.54,0.98,4,-1,-1
235,17,262.44,168.40,24.39,22.73,0.93,4,-1,-1
235,22,294.96,179.22,27.12,26.72,0.95,4,-1,-1
235,26,339.86,429.48,71.71,95.67,1.00,4,-1,-1
235,27,408.91,161.05,20.46,18.50,0.52,4,-1,-1
235,44,394.40,171.26,23.56,22.06,0.97,4,-1,-1
235,45,463.87,324.55,39.38,46.99,0.98,7,-1,-1
235,60,61.88,248.36,88.52,42.87,0.97,4,-1,-1
235,66,436.53,436.04,79.05,99.43,1.00,4,-1,-1
235,78,670.11,236.60,68.91,29.80,0.93,4,-1,-1
235,191,369.77,133.08,16.30,17.25,0.97,4,-1,-1
235,198,420.33,248.15,82.14,33.51,0.99,4,-1,-1
235,202,396.55,235.29,79.65,31.29,0.99,4,-1,-1
235,252,530.54,383.20,78.93,78.54,1.00,4,-1,-1
235,255,396.85,147.52,20.48,19.42,0.94,4,-1,-1
235,276,144.60,399.99,76.49,105.58,1.00,4,-1,-1
235,286,528.77,230.13,72.33,30.73,0.97,4,-1,-1
235,150,502.72,316.63,51.85,50.79,0.99,4,-1,-1
235,301,150.59,225.19,21.48,30.01,0.97,10,-1,-1
235,130,447.99,289.89,31.57,22.78,0.59,10,-1,-1
235,31,366.21,156.18,13.13,17.47,0.93,10,-1,-1
235,43,363.06,208.88,47.56,29.87,0.99,10,-1,-1
235,272,435.47,314.73,18.88,34.53,0.87,10,-1,-1
235,289,210.45,209.33,14.54,21.46,0.83,10,-1,-1
235,358,493.50,285.44,15.40,33.25,0.65,1,-1,-1
235,359,540.75,446.94,32.11,58.98,0.82,10,-1,-1
235,364,230.93,190.43,16.38,22.60,0.98,10,-1,-1
235,370,941.39,496.04,17.28,38.67,0.46,10,-1,-1
235,372,170.58,202.49,18.93,26.83,0.95,10,-1,-1
235,374,544.38,452.78,26.91,40.23,0.99,2,-1,-1
235,376,543.35,439.97,27.36,46.06,0.96,2,-1,-1
235,378,640.81,219.44,78.74,34.80,0.99,4,-1,-1
235,304,342.47,130.96,19.21,17.40,0.88,4,-1,-1
235,271,231.53,167.15,14.25,21.00,0.95,10,-1,-1
235,380,120.26,287.22,46.47,29.28,0.79,10,-1,-1
235,381,344.04,233.69,28.01,22.89,0.99,10,-1,-1
235,382,307.77,210.28,20.37,22.67,0.98,10,-1,-1
235,335,216.12,222.39,17.98,23.90,0.85,10,-1,-1
235,368,496.58,190.47,39.12,31.21,0.26,7,-1,-1
235,392,941.74,477.55,17.93,41.53,0.24,2,-1,-1
235,393,291.30,251.36,29.35,21.58,0.60,10,-1,-1
235,396,593.19,316.89,38.18,47.76,0.43,8,-1,-1
235,397,275.44,239.44,27.66,26.62,0.92,10,-1,-1
235,398,454.21,279.36,14.06,26.63,0.26,2,-1,-1
235,400,608.88,210.32,43.70,25.88,0.53,4,-1,-1
235,401,597.13,497.12,36.02,41.67,0.85,10,-1,-1
235,403,360.30,185.32,13.88,20.71,0.75,10,-1,-1
235,317,257.75,209.24,22.12,20.72,0.66,10,-1,-1
235,407,342.24,131.23,19.76,18.20,0.57,7,-1,-1
235,329,695.87,424.76,24.87,40.03,0.30,2,-1,-1
235,268,395.53,262.91,50.60,31.62,0.61,10,-1,-1
235,306,167.05,227.04,18.50,27.56,0.88,10,-1,-1
235,414,497.23,190.24,38.54,30.19,0.78,7,-1,-1
235,416,628.80,259.91,51.58,38.77,0.75,8,-1,-1
235,283,419.87,271.29,12.77,25.03,0.26,2,-1,-1
235,410,434.26,313.68,20.99,39.50,0.72,10,-1,-1
235,419,107.24,212.04,16.06,22.83,0.31,10,-1,-1
235,420,816.73,471.72,23.83,50.05,0.89,2,-1,-1
235,274,816.54,471.58,23.69,50.01,0.89,1,-1,-1
235,421,401.69,191.20,23.50,21.70,0.80,10,-1,-1
235,422,422.78,183.82,19.29,22.90,0.75,4,-1,-1
236,1,19.31,196.37,67.38,29.97,0.79,4,-1,-1
236,4,86.53,180.13,49.23,25.52,0.81,4,-1,-1
236,8,146.14,182.02,31.85,23.62,0.99,4,-1,-1
236,16,256.20,181.58,28.23,27.63,0.98,4,-1,-1
236,17,262.32,168.42,24.60,23.05,0.93,4,-1,-1
236,22,295.05,179.04,26.82,26.81,0.94,4,-1,-1
236,26,339.42,429.62,72.09,95.36,1.00,4,-1,-1
236,27,408.69,161.03,20.87,18.59,0.49,4,-1,-1
236,44,394.69,170.88,23.87,22.20,0.99,4,-1,-1
236,45,463.74,324.72,39.23,46.61,0.97,7,-1,-1
236,60,54.65,248.89,89.66,42.27,0.98,4,-1,-1
236,66,436.33,436.02,79.35,99.44,0.99,4,-1,-1
236,78,672.87,236.30,67.74,30.20,0.68,4,-1,-1
236,191,369.74,132.89,16.27,17.39,0.92,4,-1,-1
236,198,424.37,248.00,80.78,32.86,0.99,4,-1,-1
236,202,392.49,235.53,80.85,32.34,0.99,4,-1,-1
236,252,530.29,382.73,78.47,78.37,1.00,4,-1,-1
236,255,397.22,147.54,20.48,19.38,0.88,4,-1,-1
236,276,142.86,403.86,77.84,107.25,1.00,4,-1,-1
236,286,525.44,230.29,73.11,31.01,0.98,4,-1,-1
236,150,502.39,316.57,51.79,50.65,1.00,4,-1,-1
236,301,150.54,225.20,21.38,30.10,0.97,10,-1,-1
236,130,449.37,290.04,31.43,22.33,0.77,10,-1,-1
236,31,365.87,155.79,13.20,17.27,0.92,10,-1,-1
236,43,363.35,208.50,47.41,29.64,0.99,4,-1,-1
236,272,435.58,315.40,18.29,33.45,0.80,10,-1,-1
236,289,209.97,209.26,14.87,22.15,0.79,10,-1,-1
236,358,494.10,285.39,16.37,33.36,0.72,1,-1,-1
236,359,540.36,446.90,31.90,58.22,0.67,10,-1,-1
236,364,230.94,190.29,16.51,22.78,0.98,10,-1,-1
236,370,945.56,497.10,13.36,38.50,0.18,10,-1,-1
236,372,168.91,203.00,18.96,27.06,0.93,10,-1,-1
236,374,543.92,452.67,26.26,39.92,0.99,2,-1,-1
236,376,543.00,439.75,26.38,46.69,0.91,2,-1,-1
236,378,639.15,219.70,77.68,34.36,0.97,4,-1,-1
236,304,341.74,130.99,19.64,18.24,0.26,4,-1,-1
236,271,231.09,167.53,14.40,21.44,0.93,10,-1,-1
236,380,125.54,285.24,46.38,30.85,0.88,10,-1,-1
236,381,341.79,233.89,27.83,22.74,0.99,10,-1,-1
236,382,307.55,210.49,20.56,22.42,0.98,10,-1,-1
236,335,216.04,221.74,18.05,24.64,0.85,10,-1,-1
236,368,496.54,190.25,39.18,31.32,0.29,7,-1,-1
236,393,286.46,252.30,29.25,20.82,0.84,10,-1,-1
236,396,593.04,316.96,38.02,48.37,0.59,8,-1,-1
236,397,270.50,240.99,29.02,25.23,0.93,10,-1,-1
236,398,455.60,279.51,13.91,27.28,0.36,2,-1,-1
236,400,608.81,210.11,43.42,25.91,0.53,4,-1,-1
236,401,595.25,496.63,36.26,42.15,0.84,10,-1,-1
236,403,360.83,184.64,13.74,20.36,0.79,10,-1,-1
236,317,260.92,210.20,22.09,19.75,0.83,10,-1,-1
236,407,341.74,130.96,19.40,18.21,0.93,4,-1,-1
236,329,694.73,422.97,25.15,39.49,0.33,2,-1,-1
236,268,398.25,263.03,50.88,31.27,0.71,10,-1,-1
236,306,166.61,226.74,18.82,27.63,0.90,10,-1,-1
236,414,497.64,190.24,38.12,30.20,0.74,7,-1,-1
236,416,628.63,259.87,53.75,38.23,0.75,8,-1,-1
236,283,422.48,270.43,13.10,26.79,0.21,2,-1,-1
236,410,434.56,312.80,20.69,40.16,0.90,10,-1,-1
236,419,107.19,211.84,16.01,23.38,0.61,2,-1,-1
236,420,817.48,472.37,22.30,48.62,0.91,1,-1,-1
236,274,817.33,472.21,22.37,49.28,0.92,1,-1,-1
236,421,401.19,191.43,26.40,23.14,0.71,10,-1,-1
236,423,540.90,446.89,31.94,57.25,0.68,3,-1,-1
237,1,19.06,196.38,67.78,29.94,0.67,4,-1,-1
237,4,86.35,179.96,50.12,25.81,0.76,4,-1,-1
237,8,146.11,182.00,31.92,23.77,0.99,4,-1,-1
237,16,255.94,181.68,28.47,27.67,0.98,4,-1,-1
237,17,262.29,168.46,24.68,23.18,0.94,4,-1,-1
237,22,295.01,179.01,27.01,26.84,0.94,4,-1,-1
237,26,339.29,429.32,72.24,95.65,1.00,4,-1,-1
237,27,408.23,161.44,21.42,18.43,0.32,4,-1,-1
237,44,394.62,170.87,23.61,22.06,0.99,4,-1,-1
237,45,463.93,324.82,38.79,46.48,0.98,7,-1,-1
237,60,47.65,249.01,90.09,42.44,0.95,4,-1,-1
237,66,436.29,436.06,79.47,99.45,1.00,4,-1,-1
237,78,678.66,236.71,66.53,30.55,0.35,4,-1,-1
237,191,369.54,132.64,16.67,17.64,0.92,4,-1,-1
237,198,426.79,247.78,80.69,32.42,0.99,4,-1,-1
237,202,389.31,235.84,81.30,32.55,0.99,4,-1,-1
237,252,529.85,382.21,78.32,77.52,1.00,4,-1,-1
237,255,397.19,147.72,20.49,19.12,0.88,4,-1,-1
237,276,141.23,408.23,78.55,108.63,1.00,4,-1,-1
237,286,522.53,230.37,73.81,31.11,0.97,4,-1,-1
237,150,502.51,316.39,51.39,50.61,1.00,4,-1,-1
237,301,150.78,225.34,20.79,30.14,0.97,10,-1,-1
237,130,450.85,289.82,31.39,22.67,0.57,10,-1,-1
237,31,365.97,155.58,13.23,16.99,0.72,10,-1,-1
237,43,364.25,208.40,46.58,29.16,0.99,4,-1,-1
237,272,435.87,316.72,17.27,31.02,0.76,10,-1,-1
237,289,209.60,209.55,15.19,22.41,0.71,10,-1,-1
237,358,494.91,285.59,17.12,33.21,0.73,1,-1,-1
237,359,539.69,446.98,32.23,57.14,0.92,10,-1,-1
237,364,230.75,190.36,16.76,22.65,0.97,10,-1,-1
237,372,167.34,203.60,18.77,26.35,0.87,10,-1,-1
237,374,543.24,451.71,26.01,40.22,0.97,2,-1,-1
237,376,542.35,439.15,26.02,46.93,0.91,2,-1,-1
237,378,637.46,219.82,78.09,34.79,0.99,4,-1,-1
237,271,231.05,167.88,14.26,21.40,0.82,10,-1,-1
237,380,131.47,285.05,45.80,30.34,0.89,10,-1,-1
237,381,338.47,233.60,28.57,23.27,0.98,10,-1,-1
237,382,307.38,210.30,20.93,22.73,0.98,10,-1,-1
237,335,215.92,221.23,18.08,25.31,0.81,10,-1,-1
237,368,496.77,190.39,39.21,31.76,0.39,7,-1,-1
237,393,281.20,251.63,29.42,21.56,0.76,10,-1,-1
237,396,593.04,317.02,37.96,48.61,0.39,8,-1,-1
237,397,265.72,241.32,29.34,25.08,0.90,10,-1,-1
237,398,456.49,279.68,14.27,27.12,0.19,2,-1,-1
237,400,608.62,210.06,43.53,25.73,0.39,4,-1,-1
237,401,593.88,494.92,37.11,43.51,0.87,10,-1,-1
237,403,361.01,184.42,14.12,20.44,0.65,10,-1,-1
237,317,263.42,209.40,22.67,19.99,0.73,10,-1,-1
237,329,694.37,422.48,25.26,39.68,0.41,2,-1,-1
237,268,401.38,262.73,51.80,31.73,0.78,10,-1,-1
237,306,165.86,226.07,19.54,28.47,0.76,10,-1,-1
237,414,497.61,190.05,37.97,30.40,0.73,7,-1,-1
237,416,629.03,259.78,54.49,38.47,0.30,8,-1,-1
237,410,434.71,314.13,20.16,38.78,0.81,10,-1,-1
237,419,107.06,212.04,16.21,23.10,0.57,10,-1,-1
237,420,817.81,472.81,21.76,46.80,0.93,2,-1,-1
237,274,817.31,472.89,21.86,46.61,0.87,1,-1,-1
237,421,400.21,192.28,26.04,21.37,0.78,10,-1,-1
238,1,19.44,196.45,67.49,29.73,0.83,4,-1,-1
238,4,86.13,179.86,50.35,25.91,0.90,4,-1,-1
238,8,146.23,181.96,31.74,23.62,0.99,4,-1,-1
238,16,255.87,181.49,28.56,27.89,0.98,4,-1,-1
238,17,262.41,168.44,24.51,23.22,0.94,4,-1,-1
238,22,295.31,179.06,26.98,26.85,0.95,4,-1,-1
238,26,339.26,429.16,72.29,95.76,1.00,4,-1,-1
238,27,407.89,160.97,21.62,18.77,0.36,4,-1,-1
238,44,394.80,170.85,23.10,21.60,0.99,4,-1,-1
238,45,464.01,324.42,38.61,46.82,0.97,7,-1,-1
238,60,39.67,248.91,91.35,42.90,0.96,4,-1,-1
238,66,436.09,436.03,79.11,99.45,1.00,4,-1,-1
238,78,681.06,237.05,67.73,30.28,0.19,4,-1,-1
238,191,369.89,132.48,16.42,17.54,0.92,4,-1,-1
238,198,428.19,247.57,81.06,32.07,0.99,4,-1,-1
238,202,386.26,236.22,81.05,32.42,0.99,4,-1,-1
238,252,529.70,381.59,77.86,77.20,1.00,4,-1,-1
238,255,397.59,147.66,20.09,18.82,0.91,4,-1,-1
238,276,139.38,412.31,79.58,111.05,1.00,4,-1,-1
238,286,520.13,230.57,72.87,30.55,0.98,4,-1,-1
238,150,502.57,316.11,51.23,50.59,1.00,4,-1,-1
238,301,150.80,225.45,20.77,29.75,0.97,10,-1,-1
238,130,452.16,290.30,31.76,22.60,0.83,10,-1,-1
238,31,366.04,154.99,13.24,17.09,0.68,10,-1,-1
238,43,365.18,208.45,45.88,29.18,1.00,4,-1,-1
238,272,436.20,318.22,15.65,28.90,0.79,10,-1,-1
238,289,209.41,209.72,15.51,22.11,0.81,10,-1,-1
238,358,496.93,285.84,17.42,33.35,0.59,1,-1,-1
238,359,539.26,446.20,32.37,57.14,0.90,10,-1,-1
238,364,230.71,190.34,16.85,22.40,0.98,10,-1,-1
238,372,165.73,205.69,18.90,27.07,0.91,10,-1,-1
238,374,542.41,449.96,25.92,41.52,0.93,2,-1,-1
238,376,541.94,438.53,25.89,47.81,0.83,2,-1,-1
238,378,635.71,220.13,78.24,34.55,0.99,4,-1,-1
238,271,230.78,168.46,14.21,20.79,0.94,10,-1,-1
238,380,136.18,285.16,46.43,29.93,0.93,10,-1,-1
238,381,336.14,232.96,28.44,23.86,0.99,10,-1,-1
238,382,307.45,210.10,20.97,22.85,0.97,10,-1,-1
238,335,216.01,221.11,18.09,25.36,0.83,10,-1,-1
238,368,496.47,190.32,39.61,31.13,0.47,7,-1,-1
238,393,275.80,252.24,29.68,21.43,0.77,8,-1,-1
238,396,593.04,317.01,37.94,49.10,0.20,8,-1,-1
238,397,261.12,241.70,30.06,24.83,0.90,10,-1,-1
238,398,457.39,279.20,15.60,27.87,0.20,2,-1,-1
238,400,610.15,209.61,41.17,25.85,0.57,7,-1,-1
238,401,593.05,492.28,36.23,45.97,0.92,10,-1,-1
238,403,361.47,184.52,14.26,20.06,0.79,10,-1,-1
238,317,266.56,208.49,22.29,20.28,0.83,10,-1,-1
238,329,693.84,421.47,26.09,40.15,0.55,2,-1,-1
238,268,405.25,264.28,51.75,29.73,0.31,10,-1,-1
238,306,165.42,226.86,20.20,27.99,0.59,10,-1,-1
238,414,497.60,189.86,37.93,30.06,0.52,7,-1,-1
238,410,434.99,317.69,18.74,34.97,0.89,10,-1,-1
238,419,107.16,212.19,16.17,22.77,0.56,10,-1,-1
238,420,818.34,473.35,20.72,44.03,0.89,1,-1,-1
238,274,817.69,473.10,21.68,45.59,0.92,1,-1,-1
238,421,399.17,192.20,26.37,20.99,0.68,10,-1,-1
238,424,260.96,241.67,29.83,25.01,0.88,10,-1,-1
238,425,274.97,252.67,30.13,21.09,0.90,10,-1,-1
238,426,365.83,232.63,30.13,24.41,0.62,10,-1,-1
238,427,422.48,183.82,19.29,23.20,0.62,4,-1,-1
238,428,599.36,483.65,28.63,46.41,0.83,2,-1,-1
238,304,341.68,131.07,18.43,18.36,0.76,4,-1,-1
239,1,18.63,196.25,68.34,30.23,0.89,4,-1,-1
239,4,86.24,179.69,50.13,26.15,0.92,4,-1,-1
239,8,146.28,182.01,31.87,23.76,0.99,4,-1,-1
239,16,255.84,181.47,28.40,27.77,0.98,4,-1,-1
239,17,262.45,168.38,24.45,23.23,0.95,4,-1,-1
239,22,295.33,179.03,27.07,27.04,0.95,4,-1,-1
239,26,339.27,429.14,72.31,95.80,1.00,4,-1,-1
239,44,395.05,170.59,22.92,21.63,0.99,4,-1,-1
239,45,463.85,323.91,38.96,47.35,0.96,7,-1,-1
239,60,31.89,249.42,92.57,42.86,0.96,4,-1,-1
239,66,436.03,436.06,78.99,99.44,1.00,4,-1,-1
239,78,683.83,237.10,65.79,29.78,0.78,4,-1,-1
239,191,370.21,132.27,16.32,17.70,0.90,4,-1,-1
239,198,431.59,247.23,80.41,31.93,0.97,4,-1,-1
239,202,383.24,236.41,79.36,31.96,0.99,4,-1,-1
239,252,529.26,381.20,77.70,76.68,1.00,4,-1,-1
239,255,397.74,147.73,19.94,18.76,0.84,4,-1,-1
239,276,137.24,416.95,81.14,112.71,1.00,4,-1,-1
239,286,517.92,230.78,72.51,29.72,0.93,4,-1,-1
239,150,502.39,316.04,51.18,50.58,0.99,4,-1,-1
239,301,150.97,225.55,20.61,29.60,0.97,10,-1,-1
239,130,453.60,290.71,31.90,22.78,0.82,10,-1,-1
239,31,365.86,154.72,13.25,16.93,0.42,10,-1,-1
239,43,365.69,208.32,45.64,28.99,0.99,4,-1,-1
239,272,435.90,320.03,16.37,30.74,0.90,10,-1,-1
239,289,209.24,210.23,15.04,22.20,0.82,10,-1,-1
239,358,498.64,285.57,17.14,33.41,0.55,1,-1,-1
239,359,538.14,445.17,33.23,57.15,0.95,10,-1,-1
239,364,230.89,190.49,16.49,22.11,0.98,10,-1,-1
239,372,164.38,207.49,18.56,27.53,0.94,10,-1,-1
239,374,541.95,449.35,25.89,41.61,0.97,2,-1,-1
239,376,541.22,437.76,26.25,49.32,0.90,2,-1,-1
239,378,633.13,220.37,79.10,34.44,0.98,4,-1,-1
239,271,230.69,169.02,14.19,19.95,0.96,10,-1,-1
239,380,142.14,284.69,45.86,30.77,0.90,10,-1,-1
239,381,333.38,232.47,28.79,24.47,0.99,10,-1,-1
239,382,307.37,209.87,21.08,23.09,0.97,10,-1,-1
239,335,216.24,221.52,17.69,24.98,0.89,10,-1,-1
239,368,496.55,190.42,39.36,30.68,0.49,7,-1,-1
239,393,271.14,252.10,29.58,21.78,0.90,10,-1,-1
239,396,592.64,317.43,38.34,50.48,0.56,8,-1,-1
239,397,256.66,241.48,29.75,25.54,0.94,10,-1,-1
239,400,610.92,209.57,40.08,25.90,0.65,4,-1,-1
239,401,591.87,491.11,36.44,46.90,0.87,10,-1,-1
239,403,361.81,184.62,14.33,19.92,0.76,10,-1,-1
239,317,269.23,207.91,21.74,20.39,0.92,10,-1,-1
239,329,693.65,422.29,26.41,39.92,0.51,2,-1,-1
239,268,408.18,263.83,51.74,30.77,0.21,10,-1,-1
239,306,165.55,227.53,19.87,27.00,0.64,10,-1,-1
239,414,497.59,189.83,37.92,30.13,0.54,7,-1,-1
239,410,436.14,318.84,15.71,30.16,0.80,2,-1,-1
239,419,107.20,212.30,15.94,22.65,0.77,10,-1,-1
239,420,818.06,473.73,21.28,44.51,0.82,2,-1,-1
239,274,818.23,473.78,20.82,44.01,0.85,1,-1,-1
239,421,398.42,191.96,26.04,21.15,0.67,10,-1,-1
239,426,363.66,232.88,29.65,24.65,0.61,10,-1,-1
239,427,422.24,183.82,19.77,23.20,0.80,4,-1,-1
239,428,598.64,482.68,28.39,48.82,0.80,2,-1,-1
239,304,340.73,131.02,18.98,18.38,0.95,4,-1,-1
240,1,19.64,196.68,67.11,29.63,0.82,4,-1,-1
240,4,86.85,180.13,49.74,25.24,0.92,4,-1,-1
240,8,146.22,182.22,31.77,23.61,0.99,4,-1,-1
240,16,255.91,181.56,28.14,27.73,0.98,4,-1,-1
240,17,262.45,168.56,24.42,23.23,0.94,4,-1,-1
240,22,295.21,179.12,27.01,26.92,0.93,4,-1,-1
240,26,339.06,429.55,72.33,95.42,1.00,4,-1,-1
240,44,395.33,170.51,22.86,21.45,0.99,4,-1,-1
240,45,463.98,323.93,38.69,47.54,0.98,7,-1,-1
240,60,24.90,249.81,92.88,43.05,0.95,4,-1,-1
240,66,435.81,435.88,79.34,99.84,1.00,4,-1,-1
240,78,687.13,237.13,63.47,28.99,0.48,4,-1,-1
240,191,369.52,132.14,17.08,17.76,0.95,4,-1,-1
240,198,434.95,247.11,79.77,31.89,0.99,4,-1,-1
240,202,379.41,236.47,79.51,31.98,0.99,4,-1,-1
240,252,528.90,380.68,77.66,76.50,1.00,4,-1,-1
240,255,397.38,147.70,20.29,18.69,0.85,4,-1,-1
240,276,135.15,421.38,82.51,113.69,1.00,4,-1,-1
240,286,514.98,230.85,71.98,29.40,0.92,4,-1,-1
240,150,502.33,315.83,50.77,50.59,0.99,4,-1,-1
240,301,150.65,225.30,20.71,29.95,0.98,10,-1,-1
240,130,455.26,290.86,31.96,22.84,0.69,10,-1,-1
240,31,365.79,154.43,12.85,16.87,0.42,10,-1,-1
240,43,366.43,208.28,44.77,28.72,0.99,4,-1,-1
240,272,435.79,320.85,16.61,30.95,0.91,10,-1,-1
240,289,209.27,210.31,14.45,22.84,0.85,10,-1,-1
240,358,501.60,285.56,16.62,32.34,0.45,1,-1,-1
240,359,537.35,444.03,33.16,57.56,0.97,10,-1,-1
240,364,231.04,190.64,16.15,22.20,0.98,10,-1,-1
240,372,161.70,207.56,19.03,28.69,0.90,10,-1,-1
240,374,541.40,448.98,25.88,40.85,0.98,2,-1,-1
240,376,540.78,437.32,26.00,49.50,0.87,2,-1,-1
240,378,631.83,220.36,79.43,34.40,0.99,4,-1,-1
240,271,230.25,169.61,14.38,20.26,0.91,10,-1,-1
240,380,148.56,286.40,44.24,28.62,0.95,10,-1,-1
240,381,331.02,232.48,28.52,24.51,0.98,10,-1,-1
240,382,307.43,209.79,20.82,23.38,0.96,10,-1,-1
240,335,216.41,221.68,17.54,24.83,0.92,10,-1,-1
240,368,496.58,190.46,39.27,30.72,0.50,7,-1,-1
240,393,266.74,252.54,29.35,21.72,0.91,10,-1,-1
240,396,592.49,317.59,38.49,50.21,0.50,8,-1,-1
240,397,252.14,242.39,29.22,25.01,0.92,10,-1,-1
240,400,612.00,209.66,38.89,25.32,0.52,4,-1,-1
240,401,590.12,489.53,37.48,48.80,0.84,10,-1,-1
240,403,362.09,184.66,14.36,19.87,0.88,10,-1,-1
240,317,272.40,206.71,20.93,20.64,0.74,10,-1,-1
240,329,693.99,422.03,25.74,39.84,0.42,2,-1,-1
240,268,410.55,263.77,52.55,30.75,0.76,10,-1,-1
240,306,166.28,227.48,18.74,26.83,0.38,10,-1,-1
240,414,497.57,189.92,37.92,30.15,0.65,7,-1,-1
240,410,436.77,319.65,14.63,27.65,0.71,10,-1,-1
240,419,107.19,212.44,16.07,22.40,0.88,10,-1,-1
240,420,817.98,473.64,21.48,44.71,0.91,2,-1,-1
240,274,818.45,474.04,20.51,43.85,0.83,1,-1,-1
240,421,397.54,191.66,26.80,22.54,0.67,10,-1,-1
240,426,359.73,234.90,29.56,23.31,0.65,10,-1,-1
240,427,421.73,183.71,20.32,23.44,0.76,4,-1,-1
240,428,594.31,480.46,31.60,52.02,0.91,2,-1,-1
240,304,340.39,131.00,18.77,18.78,0.61,4,-1,-1
240,429,340.51,130.93,18.68,19.14,0.83,8,-1,-1
241,1,19.69,196.72,66.87,29.59,0.89,4,-1,-1
241,4,87.08,180.27,49.59,24.89,0.88,4,-1,-1
241,8,146.19,182.29,31.94,23.55,0.99,4,-1,-1
241,16,255.94,181.38,28.25,27.92,0.97,4,-1,-1
241,17,262.45,168.51,24.61,23.43,0.96,4,-1,-1
241,22,295.37,179.05,26.98,26.87,0.95,4,-1,-1
241,26,338.98,429.70,72.33,95.28,1.00,4,-1,-1
241,44,395.63,170.08,22.84,21.59,0.99,4,-1,-1
241,45,464.03,323.93,38.59,47.62,0.98,7,-1,-1
241,60,17.64,250.22,93.13,43.12,0.95,4,-1,-1
241,66,435.92,436.01,79.08,100.00,1.00,4,-1,-1
241,191,369.86,131.89,16.97,17.78,0.94,4,-1,-1
241,198,436.89,246.87,80.75,31.88,0.99,4,-1,-1
241,202,376.30,236.88,78.37,31.79,0.99,4,-1,-1
241,252,528.58,380.31,77.65,76.05,1.00,4,-1,-1
241,255,397.25,147.59,20.81,18.87,0.90,4,-1,-1
241,276,132.89,426.87,83.99,112.06,1.00,4,-1,-1
241,286,512.37,230.98,71.79,29.29,0.76,4,-1,-1
241,150,502.30,315.76,50.62,50.59,0.99,4,-1,-1
241,301,150.58,225.28,20.90,30.08,0.98,10,-1,-1
241,130,457.03,290.51,31.58,23.27,0.60,10,-1,-1
241,31,365.57,153.98,13.51,17.10,0.35,10,-1,-1
241,43,366.88,208.17,44.47,28.63,0.99,4,-1,-1
241,272,434.74,318.50,18.32,33.89,0.91,10,-1,-1
241,289,209.19,210.32,14.23,23.28,0.91,10,-1,-1
241,358,503.46,285.66,16.02,32.43,0.43,1,-1,-1
241,359,536.67,443.05,33.13,58.52,0.98,10,-1,-1
241,364,231.30,190.47,16.02,22.44,0.98,10,-1,-1
241,372,159.26,207.94,20.39,29.32,0.96,10,-1,-1
241,374,541.42,447.50,25.08,40.95,0.97,2,-1,-1
241,376,540.23,436.60,25.90,47.98,0.91,2,-1,-1
241,378,630.23,220.66,77.16,33.99,0.99,4,-1,-1
241,271,229.70,170.10,14.64,20.57,0.96,10,-1,-1
241,380,154.26,287.18,43.83,27.87,0.94,10,-1,-1
241,381,328.64,232.57,28.42,24.52,0.98,10,-1,-1
241,382,307.66,209.55,20.52,23.49,0.94,10,-1,-1
241,335,216.57,221.63,17.29,24.77,0.89,10,-1,-1
241,368,496.79,190.67,39.23,30.73,0.53,7,-1,-1
241,393,261.44,252.78,30.06,21.90,0.66,10,-1,-1
241,396,592.44,317.86,38.55,50.51,0.58,8,-1,-1
241,397,247.41,242.61,29.22,25.61,0.96,10,-1,-1
241,400,612.38,209.71,38.48,24.90,0.47,4,-1,-1
241,401,588.92,485.09,37.66,53.38,0.62,10,-1,-1
241,403,362.58,183.97,14.38,19.86,0.85,10,-1,-1
241,317,275.68,205.67,20.01,20.54,0.90,10,-1,-1
241,329,693.73,421.55,26.27,40.20,0.35,2,-1,-1
241,268,414.90,264.75,50.87,29.15,0.62,10,-1,-1
241,306,167.18,227.84,17.89,26.38,0.62,10,-1,-1
241,414,497.77,189.96,37.92,30.16,0.63,7,-1,-1
241,410,436.53,318.80,14.75,27.33,0.72,10,-1,-1
241,419,107.33,212.57,15.70,22.11,0.82,10,-1,-1
241,420,817.52,473.82,21.56,45.24,0.93,2,-1,-1
241,274,817.70,474.15,21.22,44.21,0.81,1,-1,-1
241,421,396.43,191.24,25.81,22.40,0.73,10,-1,-1
241,426,355.61,235.45,30.00,23.34,0.79,10,-1,-1
241,427,421.79,183.67,20.51,23.98,0.88,4,-1,-1
241,428,590.84,479.90,33.36,54.04,0.94,2,-1,-1
241,304,340.30,131.08,18.29,18.34,0.70,4,-1,-1
241,429,340.27,131.18,18.68,18.65,0.62,7,-1,-1
241,430,396.86,190.60,24.71,21.70,0.65,7,-1,-1
242,1,19.35,196.76,67.05,29.57,0.82,4,-1,-1
242,4,86.73,180.24,50.02,25.16,0.85,4,-1,-1
242,8,146.35,182.33,31.95,23.53,0.99,4,-1,-1
242,16,255.76,181.12,28.29,28.18,0.96,4,-1,-1
242,17,262.35,168.50,24.68,23.31,0.97,4,-1,-1
242,22,295.44,179.03,26.98,26.85,0.94,4,-1,-1
242,26,338.97,429.75,72.33,95.23,1.00,4,-1,-1
242,44,395.93,169.93,22.84,21.44,0.99,4,-1,-1
242,45,464.06,323.94,38.56,47.65,0.97,7,-1,-1
242,60,10.44,250.38,93.08,43.33,0.89,4,-1,-1
242,66,435.98,436.26,78.98,99.66,1.00,4,-1,-1
242,191,370.39,131.71,16.93,17.99,0.77,4,-1,-1
242,198,440.90,246.69,78.73,31.28,0.99,4,-1,-1
242,202,372.27,237.44,78.74,31.51,0.99,4,-1,-1
242,252,528.48,379.78,77.26,75.89,1.00,4,-1,-1
242,255,397.40,147.60,20.62,18.78,0.90,4,-1,-1
242,276,131.10,431.63,85.12,109.37,1.00,4,-1,-1
242,286,510.09,231.13,71.71,29.05,0.91,4,-1,-1
242,150,502.31,315.54,50.57,50.60,0.99,4,-1,-1
242,301,150.77,225.58,20.47,29.93,0.98,10,-1,-1
242,130,458.44,290.18,31.43,23.63,0.70,10,-1,-1
242,31,365.50,153.63,13.36,17.19,0.32,10,-1,-1
242,43,367.63,207.85,43.58,28.79,0.98,4,-1,-1
242,272,435.33,317.84,17.01,31.46,0.76,10,-1,-1
242,289,209.08,210.62,14.16,23.64,0.88,10,-1,-1
242,358,505.10,285.50,15.79,33.07,0.49,1,-1,-1
242,359,536.85,443.10,32.33,58.09,0.95,10,-1,-1
242,364,231.30,190.51,15.98,22.34,0.98,10,-1,-1
242,372,157.51,208.18,19.16,28.97,0.92,10,-1,-1
242,374,541.28,447.97,24.79,39.00,0.98,2,-1,-1
242,376,539.87,435.56,25.47,45.78,0.94,2,-1,-1
242,378,628.92,221.16,76.30,33.63,0.99,4,-1,-1
242,271,229.41,170.48,14.75,20.69,0.95,10,-1,-1
242,380,159.29,286.47,43.69,28.21,0.98,10,-1,-1
242,381,326.66,231.73,27.97,25.89,0.95,10,-1,-1
242,382,307.75,209.27,20.21,23.72,0.95,10,-1,-1
242,335,216.64,221.83,17.40,24.55,0.88,10,-1,-1
242,368,497.08,190.85,38.81,30.14,0.34,7,-1,-1
242,393,256.54,253.66,30.32,21.37,0.86,10,-1,-1
242,396,592.43,317.75,38.57,51.01,0.50,8,-1,-1
242,397,242.22,243.59,30.02,25.04,0.85,10,-1,-1
242,400,612.51,209.72,38.35,24.74,0.38,4,-1,-1
242,401,586.20,486.22,40.45,52.49,0.80,10,-1,-1
242,403,362.74,182.82,14.39,21.06,0.77,10,-1,-1
242,317,278.09,203.41,18.86,21.89,0.78,10,-1,-1
242,329,694.05,420.96,26.47,40.34,0.25,2,-1,-1
242,268,417.82,264.12,50.63,29.35,0.84,10,-1,-1
242,306,167.11,227.08,18.20,27.02,0.86,10,-1,-1
242,414,497.64,190.18,37.93,29.76,0.52,7,-1,-1
242,410,434.99,316.61,17.73,33.60,0.94,10,-1,-1
242,419,107.55,212.63,15.25,22.00,0.75,10,-1,-1
242,420,816.54,474.27,21.61,44.63,0.89,2,-1,-1
242,274,816.64,474.56,21.48,44.36,0.74,1,-1,-1
242,421,396.07,190.57,25.43,20.88,0.68,7,-1,-1
242,426,351.52,235.45,30.14,23.61,0.75,10,-1,-1
242,427,422.05,183.44,20.11,24.59,0.75,4,-1,-1
242,428,588.46,478.90,34.74,54.65,0.96,2,-1,-1
242,304,339.88,131.26,18.11,18.37,0.76,4,-1,-1
242,429,340.00,131.23,18.22,18.09,0.65,4,-1,-1
242,430,395.66,191.09,25.19,20.97,0.51,10,-1,-1
242,431,107.58,212.59,15.22,22.00,0.80,2,-1,-1
242,432,253.13,244.08,40.08,28.02,0.67,7,-1,-1
243,1,16.71,196.74,69.73,30.16,0.86,4,-1,-1
243,4,86.75,180.30,49.98,25.06,0.92,4,-1,-1
243,8,146.50,182.50,31.75,23.32,0.99,4,-1,-1
243,16,255.79,181.29,28.10,27.89,0.98,4,-1,-1
243,17,262.32,168.46,24.71,23.46,0.98,4,-1,-1
243,22,295.36,178.99,27.07,26.84,0.94,4,-1,-1
243,26,338.96,429.94,72.33,95.21,1.00,4,-1,-1
243,44,395.84,169.65,22.85,21.39,0.99,4,-1,-1
243,45,464.06,324.51,38.55,47.25,0.99,7,-1,-1
243,60,3.44,250.89,92.42,43.22,0.90,4,-1,-1
243,66,435.99,436.32,78.95,99.52,1.00,4,-1,-1
243,191,370.59,131.52,16.91,17.96,0.81,4,-1,-1
243,198,444.50,246.60,77.16,31.06,1.00,4,-1,-1
243,202,369.08,237.81,78.88,31.41,0.99,4,-1,-1
243,252,528.24,379.37,77.11,75.84,1.00,4,-1,-1
243,255,397.25,147.47,20.54,18.95,0.92,4,-1,-1
243,276,127.90,437.23,87.68,104.31,1.00,4,-1,-1
243,286,507.33,231.05,71.69,29.16,0.66,4,-1,-1
243,150,502.10,315.24,50.56,51.00,0.99,4,-1,-1
243,301,150.84,225.56,20.92,29.87,0.96,10,-1,-1
243,130,459.90,291.59,31.37,22.78,0.73,10,-1,-1
243,31,365.27,153.23,13.30,17.57,0.56,10,-1,-1
243,43,368.08,207.60,43.27,28.86,0.99,4,-1,-1
243,272,435.38,316.70,16.88,31.29,0.71,10,-1,-1
243,289,209.04,210.89,14.33,23.98,0.92,10,-1,-1
243,358,506.64,286.10,15.31,32.22,0.64,1,-1,-1
243,359,536.74,442.34,32.03,57.93,0.94,10,-1,-1
243,364,231.50,190.29,15.76,22.30,0.98,10,-1,-1
243,372,156.01,208.80,18.65,28.23,0.91,10,-1,-1
243,374,540.43,446.96,25.08,38.66,0.99,2,-1,-1
243,376,539.35,434.58,25.72,45.76,0.93,2,-1,-1
243,378,627.69,220.52,76.78,33.70,0.99,4,-1,-1
243,271,229.32,170.77,14.58,21.14,0.96,10,-1,-1
243,380,164.67,286.48,43.64,27.84,0.95,10,-1,-1
243,381,323.21,232.45,29.41,25.44,0.98,10,-1,-1
243,382,308.19,209.23,19.69,23.81,0.95,10,-1,-1
243,335,216.56,221.77,17.44,24.66,0.90,10,-1,-1
243,368,497.38,190.59,38.25,29.31,0.42,7,-1,-1
243,393,249.99,253.03,31.81,22.37,0.79,10,-1,-1
243,396,592.42,317.68,38.58,50.41,0.38,8,-1,-1
243,397,238.13,242.92,29.33,26.02,0.91,10,-1,-1
243,400,612.53,209.70,38.33,24.69,0.33,4,-1,-1
243,401,584.04,484.00,41.50,54.38,0.82,10,-1,-1
243,403,363.38,182.07,14.00,20.92,0.80,10,-1,-1
243,317,281.20,202.26,18.66,22.00,0.78,10,-1,-1
243,329,693.77,421.31,26.54,39.99,0.46,2,-1,-1
243,268,419.99,263.47,50.55,30.43,0.87,10,-1,-1
243,306,166.89,227.46,18.50,26.86,0.90,10,-1,-1
243,414,496.98,190.64,38.74,29.20,0.56,7,-1,-1
243,410,434.27,314.92,19.11,36.77,0.96,10,-1,-1
243,419,107.48,212.61,15.61,22.38,0.62,10,-1,-1
243,420,815.76,474.60,20.81,43.20,0.79,2,-1,-1
243,274,816.22,474.89,20.79,43.23,0.64,1,-1,-1
243,421,396.81,189.03,24.89,21.38,0.65,10,-1,-1
243,426,347.48,236.05,29.74,22.83,0.67,10,-1,-1
243,427,422.14,183.23,19.96,24.79,0.86,4,-1,-1
243,428,587.72,477.51,34.74,56.04,0.92,2,-1,-1
243,304,339.75,131.25,17.65,18.18,0.85,4,-1,-1
243,429,339.90,131.28,17.59,17.79,0.69,4,-1,-1
243,430,397.05,189.05,24.36,21.30,0.62,7,-1,-1
243,433,263.37,140.05,18.08,14.39,0.83,7,-1,-1
244,1,16.89,196.74,69.89,30.18,0.77,4,-1,-1
244,4,86.89,180.43,49.95,24.83,0.77,4,-1,-1
244,8,146.50,182.49,31.87,23.44,0.99,4,-1,-1
244,16,255.73,181.47,28.43,27.77,0.94,4,-1,-1
244,17,262.23,168.46,25.11,23.51,0.97,4,-1,-1
244,22,294.95,178.79,27.50,27.03,0.91,4,-1,-1
244,26,339.17,430.00,71.92,95.20,1.00,4,-1,-1
244,44,395.80,169.38,22.85,21.77,0.99,4,-1,-1
244,45,464.07,324.33,38.54,47.50,0.99,7,-1,-1
244,60,-0.83,251.08,89.61,43.96,0.91,4,-1,-1
244,66,436.01,436.54,78.93,99.47,1.00,4,-1,-1
244,191,370.28,131.38,16.90,18.05,0.86,4,-1,-1
244,198,447.74,246.48,76.58,30.98,1.00,4,-1,-1
244,202,365.63,238.15,80.12,31.37,0.99,4,-1,-1
244,252,527.96,378.83,77.06,75.02,1.00,4,-1,-1
244,255,397.01,147.39,20.51,19.17,0.94,4,-1,-1
244,276,124.70,442.59,90.18,98.70,0.99,4,-1,-1
244,286,504.99,231.13,71.68,29.40,0.59,4,-1,-1
244,150,502.04,315.34,50.56,50.75,0.99,4,-1,-1
244,301,151.39,225.47,20.48,30.04,0.96,10,-1,-1
244,130,461.39,292.24,31.35,22.34,0.60,10,-1,-1
244,31,364.81,152.47,13.67,18.26,0.20,10,-1,-1
244,43,368.63,207.44,42.77,28.88,0.99,4,-1,-1
244,272,434.80,315.49,18.04,33.25,0.73,10,-1,-1
244,289,208.56,210.90,15.00,24.30,0.87,10,-1,-1
244,358,508.36,286.34,15.53,31.09,0.40,1,-1,-1
244,359,536.52,441.87,31.52,57.86,0.81,10,-1,-1
244,364,231.29,190.42,16.28,22.48,0.96,10,-1,-1
244,372,154.74,209.92,17.25,27.54,0.90,10,-1,-1
244,374,540.14,446.01,24.80,38.54,0.98,2,-1,-1
244,376,538.98,434.04,25.81,44.95,0.96,2,-1,-1
244,378,624.90,220.29,77.76,33.72,0.99,4,-1,-1
244,271,228.93,171.08,15.12,21.90,0.90,10,-1,-1
244,380,169.81,285.59,43.42,28.21,0.96,10,-1,-1
244,381,320.43,232.85,29.54,24.84,0.98,10,-1,-1
244,382,308.37,209.04,19.69,24.23,0.91,10,-1,-1
244,335,216.66,221.57,17.45,24.90,0.93,10,-1,-1
244,368,497.30,190.91,38.44,30.42,0.25,7,-1,-1
244,393,245.12,253.69,31.19,22.54,0.73,10,-1,-1
244,396,592.61,317.86,38.38,50.57,0.22,8,-1,-1
244,397,233.00,244.93,32.46,24.61,0.78,10,-1,-1
244,400,612.11,209.81,39.14,24.47,0.20,4,-1,-1
244,401,582.49,486.06,42.65,51.99,0.87,10,-1,-1
244,403,363.40,180.82,14.67,21.45,0.55,10,-1,-1
244,317,284.37,201.06,17.37,23.03,0.59,10,-1,-1
244,329,693.65,421.65,26.56,39.46,0.54,2,-1,-1
244,268,423.29,264.33,49.33,29.05,0.90,10,-1,-1
244,306,167.33,227.41,18.02,27.20,0.94,10,-1,-1
244,414,497.73,190.42,37.84,29.80,0.61,7,-1,-1
244,410,433.80,313.45,20.06,38.47,0.95,10,-1,-1
244,419,107.83,212.72,15.03,22.51,0.50,10,-1,-1
244,420,814.63,474.70,21.34,43.53,0.83,2,-1,-1
244,274,814.83,475.19,21.34,43.62,0.69,1,-1,-1
244,421,395.47,188.01,25.53,21.97,0.44,10,-1,-1
244,426,343.71,236.99,29.59,22.14,0.67,10,-1,-1
244,427,422.39,183.18,19.91,24.83,0.84,4,-1,-1
244,428,588.84,476.01,31.75,54.82,0.98,2,-1,-1
244,304,339.13,131.46,17.88,18.11,0.42,4,-1,-1
244,429,338.74,131.55,18.80,18.40,0.89,7,-1,-1
244,430,396.33,188.05,24.55,21.64,0.68,7,-1,-1
244,433,262.42,140.05,19.04,14.63,0.71,7,-1,-1
244,434,239.26,243.78,45.80,29.23,0.96,7,-1,-1
245,1,17.99,196.95,68.50,29.79,0.78,4,-1,-1
245,4,86.81,180.48,50.54,24.94,0.84,4,-1,-1
245,8,146.46,182.47,31.72,23.49,0.99,4,-1,-1
245,16,255.78,181.63,28.36,27.53,0.95,4,-1,-1
245,17,262.17,168.35,25.07,23.53,0.97,4,-1,-1
245,22,294.77,178.81,27.67,26.91,0.90,4,-1,-1
245,26,339.04,430.03,72.18,95.20,1.00,4,-1,-1
245,44,395.76,169.27,22.86,22.11,0.99,4,-1,-1
245,45,464.06,324.46,38.54,47.59,0.98,7,-1,-1
245,60,-2.34,251.14,84.28,44.04,0.86,4,-1,-1
245,66,436.01,436.42,78.93,99.45,1.00,4,-1,-1
245,191,370.13,131.16,16.89,18.28,0.75,4,-1,-1
245,198,450.61,246.33,76.40,31.16,1.00,4,-1,-1
245,202,362.04,238.36,80.98,31.15,0.99,4,-1,-1
245,252,527.86,378.24,76.66,75.13,1.00,4,-1,-1
245,255,397.10,147.45,20.50,19.05,0.84,4,-1,-1
245,276,121.73,448.07,92.49,92.94,0.99,4,-1,-1
245,286,502.99,231.04,70.09,29.88,0.84,5,-1,-1
245,150,502.00,315.17,50.56,50.66,0.99,4,-1,-1
245,301,151.57,225.72,20.42,29.71,0.96,10,-1,-1
245,130,462.88,292.77,31.34,22.08,0.73,10,-1,-1
245,43,368.99,207.07,42.20,28.90,0.99,4,-1,-1
245,272,434.78,315.04,18.07,33.57,0.65,10,-1,-1
245,289,208.65,210.99,14.66,24.22,0.90,10,-1,-1
245,358,509.92,286.32,16.01,30.37,0.21,1,-1,-1
245,359,536.06,440.73,31.74,57.84,0.94,10,-1,-1
245,364,231.18,190.56,16.48,22.35,0.96,10,-1,-1
245,372,152.32,210.71,16.57,28.08,0.93,10,-1,-1
245,374,539.85,445.88,25.50,38.90,0.95,2,-1,-1
245,376,538.65,433.27,26.25,45.46,0.97,2,-1,-1
245,378,622.71,220.28,78.14,33.33,0.99,4,-1,-1
245,271,228.56,171.47,15.12,21.41,0.94,10,-1,-1
245,380,174.70,285.66,43.35,27.95,0.98,10,-1,-1
245,381,317.67,232.20,29.98,25.40,0.98,10,-1,-1
245,382,308.51,208.96,19.80,24.79,0.87,10,-1,-1
245,335,216.56,221.58,17.46,24.79,0.94,10,-1,-1
245,368,497.05,191.01,38.52,30.82,0.29,7,-1,-1
245,393,239.64,255.81,31.54,20.63,0.76,10,-1,-1
245,396,592.48,317.71,38.90,51.02,0.19,8,-1,-1
245,397,228.33,245.20,33.02,24.04,0.72,10,-1,-1
245,400,611.54,210.24,44.25,24.39,0.26,4,-1,-1
245,401,581.95,483.38,41.91,54.54,0.84,10,-1,-1
245,403,363.97,179.56,14.52,21.25,0.61,10,-1,-1
245,317,287.11,199.75,15.86,23.60,0.66,10,-1,-1
245,329,693.62,421.77,25.77,39.25,0.58,2,-1,-1
245,268,425.58,263.04,48.07,29.12,0.91,10,-1,-1
245,306,167.67,227.39,17.64,27.33,0.97,10,-1,-1
245,414,497.60,190.53,37.50,29.82,0.46,7,-1,-1
245,410,433.41,313.06,20.44,39.14,0.97,10,-1,-1
245,419,107.98,212.96,14.51,22.37,0.73,10,-1,-1
245,420,814.64,474.92,20.74,43.67,0.57,2,-1,-1
245,274,814.34,474.88,20.75,43.37,0.69,1,-1,-1
245,421,394.37,188.15,25.36,21.38,0.55,10,-1,-1
245,426,340.01,237.60,29.54,21.50,0.56,10,-1,-1
245,427,422.46,183.05,19.47,24.84,0.85,4,-1,-1
245,428,587.94,475.10,31.59,55.53,0.98,2,-1,-1
245,304,338.08,131.73,18.38,18.18,0.76,4,-1,-1
245,429,338.36,131.56,18.33,17.96,0.72,4,-1,-1
245,430,393.36,187.78,26.44,21.74,0.47,7,-1,-1
245,434,234.68,242.81,46.04,28.51,0.53,7,-1,-1
245,435,369.74,130.93,17.48,18.98,0.61,5,-1,-1
245,398,467.65,280.39,16.81,29.87,0.59,2,-1,-1
246,1,18.77,197.05,67.44,29.43,0.76,4,-1,-1
246,4,86.77,180.52,51.15,24.98,0.76,4,-1,-1
246,8,146.43,182.58,31.67,23.50,0.99,4,-1,-1
246,16,255.79,181.70,28.54,27.44,0.96,4,-1,-1
246,17,262.04,168.33,25.05,23.53,0.97,4,-1,-1
246,22,294.60,178.83,27.63,27.06,0.93,4,-1,-1
246,26,339.19,429.85,71.88,95.60,1.00,4,-1,-1
246,44,395.73,169.35,22.86,21.65,0.99,4,-1,-1
246,45,464.05,324.72,38.55,47.22,0.98,7,-1,-1
246,60,-1.97,251.27,76.02,43.86,0.78,4,-1,-1
246,66,436.01,436.39,78.93,99.44,1.00,4,-1,-1
246,191,370.27,131.05,16.89,18.17,0.80,4,-1,-1
246,198,452.56,245.89,77.15,31.63,0.99,4,-1,-1
246,202,358.81,238.45,80.91,31.47,0.99,4,-1,-1
246,252,527.63,377.65,76.91,75.18,1.00,4,-1,-1
246,255,396.73,147.68,20.50,18.81,0.94,4,-1,-1
246,276,118.49,454.00,94.13,86.74,0.99,4,-1,-1
246,286,499.73,231.12,70.70,29.47,0.62,4,-1,-1
246,150,501.99,314.93,50.57,50.62,0.99,4,-1,-1
246,301,152.28,226.14,19.65,29.39,0.98,10,-1,-1
246,130,464.57,292.86,30.54,21.89,0.78,10,-1,-1
246,43,369.29,207.06,41.61,28.70,0.99,4,-1,-1
246,272,434.77,314.10,18.09,34.09,0.81,10,-1,-1
246,289,208.69,211.04,14.53,24.18,0.92,10,-1,-1
246,358,511.64,286.42,15.80,29.81,0.31,1,-1,-1
246,359,536.10,440.74,31.43,56.64,0.92,10,-1,-1
246,364,231.04,190.42,16.55,22.31,0.98,10,-1,-1
246,372,148.43,211.30,18.09,29.26,0.96,10,-1,-1
246,374,539.36,445.48,25.37,39.04,0.98,2,-1,-1
246,376,538.35,432.82,25.63,45.65,0.91,2,-1,-1
246,378,620.36,220.09,78.29,32.99,0.99,4,-1,-1
246,271,228.13,171.71,15.31,21.21,0.95,10,-1,-1
246,380,179.82,285.52,42.93,27.66,0.97,10,-1,-1
246,381,313.94,233.16,31.33,25.02,0.98,10,-1,-1
246,382,308.56,209.44,19.84,24.40,0.85,10,-1,-1
246,335,216.72,221.71,17.07,24.55,0.96,10,-1,-1
246,393,233.98,255.29,32.45,21.72,0.80,10,-1,-1
246,396,592.43,317.66,38.70,50.80,0.38,8,-1,-1
246,397,223.45,245.40,33.23,24.45,0.67,10,-1,-1
246,400,611.14,210.31,47.45,24.97,0.26,4,-1,-1
246,401,581.24,482.61,41.77,55.08,0.84,10,-1,-1
246,403,364.36,179.11,14.46,20.78,0.85,10,-1,-1
246,317,290.45,198.89,14.50,23.82,0.29,10,-1,-1
246,329,694.02,422.03,25.47,38.78,0.49,2,-1,-1
246,268,428.32,261.69,48.43,30.15,0.85,10,-1,-1
246,306,167.79,227.40,17.50,27.19,0.97,10,-1,-1
246,410,433.26,312.16,20.58,39.77,0.92,10,-1,-1
246,419,107.82,213.06,14.73,22.31,0.67,10,-1,-1
246,420,813.04,474.59,22.14,45.36,0.67,2,-1,-1
246,274,813.36,474.76,21.34,44.50,0.45,1,-1,-1
246,421,391.75,187.94,26.92,21.36,0.71,10,-1,-1
246,426,334.49,238.32,31.60,21.93,0.59,10,-1,-1
246,427,422.69,183.02,18.90,24.62,0.78,4,-1,-1
246,428,587.88,474.82,30.49,55.35,0.98,2,-1,-1
246,304,337.90,131.84,18.17,17.81,0.33,4,-1,-1
246,429,337.61,131.89,18.58,18.12,0.89,7,-1,-1
246,430,392.17,187.76,26.64,21.33,0.77,7,-1,-1
246,434,234.26,243.22,42.61,28.83,0.91,7,-1,-1
246,435,369.98,130.93,17.48,18.50,0.73,5,-1,-1
246,398,469.35,280.85,16.07,29.19,0.65,2,-1,-1
246,436,587.01,243.03,15.07,25.31,0.78,10,-1,-1
246,433,262.19,140.59,19.26,15.50,0.61,7,-1,-1
247,1,20.22,197.32,65.67,28.70,0.93,4,-1,-1
247,4,86.45,179.87,52.66,25.40,0.90,4,-1,-1
247,8,146.41,182.37,31.79,23.71,0.99,4,-1,-1
247,16,255.73,181.58,28.60,27.41,0.96,4,-1,-1
247,17,262.03,168.07,25.04,23.53,0.91,4,-1,-1
247,22,294.67,178.79,27.71,26.72,0.92,4,-1,-1
247,26,339.27,429.74,71.76,95.75,1.00,4,-1,-1
247,44,395.95,169.15,22.47,21.47,0.99,4,-1,-1
247,45,464.08,324.58,38.55,47.09,0.98,7,-1,-1
247,60,-1.90,251.25,68.50,43.99,0.86,4,-1,-1
247,66,436.03,436.14,78.93,99.84,1.00,4,-1,-1
247,191,369.96,130.73,17.29,18.42,0.82,4,-1,-1
247,198,454.21,245.60,77.84,31.62,1.00,4,-1,-1
247,202,355.37,238.62,80.88,31.39,0.99,4,-1,-1
247,252,527.18,377.01,77.01,75.21,1.00,4,-1,-1
247,255,396.82,147.33,20.89,18.91,0.95,4,-1,-1
247,276,116.04,459.62,95.30,80.81,0.96,4,-1,-1
247,286,496.64,230.91,71.32,29.52,0.84,4,-1,-1
247,150,502.01,314.62,50.58,50.61,0.99,4,-1,-1
247,301,152.37,226.24,19.56,29.47,0.98,10,-1,-1
247,130,465.97,293.45,30.64,21.42,0.72,10,-1,-1
247,43,369.81,206.82,41.41,28.43,0.99,4,-1,-1
247,272,435.19,315.09,17.29,32.32,0.58,10,-1,-1
247,289,208.55,210.79,14.68,24.56,0.93,10,-1,-1
247,358,513.05,286.11,15.71,30.33,0.37,1,-1,-1
247,359,535.75,440.15,31.71,56.19,0.93,10,-1,-1
247,364,230.92,190.02,16.77,22.89,0.98,10,-1,-1
247,372,145.54,212.23,18.22,28.73,0.98,10,-1,-1
247,374,539.02,444.13,25.71,40.30,0.99,2,-1,-1
247,376,538.49,432.26,25.39,45.73,0.93,2,-1,-1
247,378,618.78,220.18,77.54,33.67,0.97,4,-1,-1
247,271,227.82,172.04,15.18,21.33,0.96,10,-1,-1
247,380,184.16,285.22,43.58,27.76,0.94,10,-1,-1
247,381,311.27,233.68,31.44,24.66,0.94,10,-1,-1
247,382,308.40,209.38,20.26,24.65,0.82,10,-1,-1
247,335,216.81,221.41,17.12,24.46,0.95,10,-1,-1
247,393,227.69,255.26,34.16,22.10,0.81,10,-1,-1
247,396,592.44,317.81,38.62,51.11,0.65,8,-1,-1
247,397,218.82,244.92,32.32,24.80,0.60,10,-1,-1
247,400,611.38,210.20,48.73,25.19,0.40,4,-1,-1
247,401,581.45,481.15,40.51,56.43,0.80,10,-1,-1
247,403,364.12,178.52,14.84,21.60,0.81,10,-1,-1
247,329,694.59,421.90,25.35,39.81,0.21,2,-1,-1
247,268,431.67,261.25,50.18,30.34,0.91,10,-1,-1
247,306,167.56,227.14,17.65,27.33,0.97,10,-1,-1
247,410,433.63,313.73,19.84,38.05,0.92,10,-1,-1
247,419,108.04,212.94,14.31,21.89,0.58,1,-1,-1
247,420,812.88,474.25,21.86,46.39,0.62,2,-1,-1
247,274,812.63,474.50,22.34,45.71,0.67,1,-1,-1
247,421,394.00,187.93,23.95,20.95,0.63,10,-1,-1
247,426,330.22,239.13,32.33,21.47,0.62,10,-1,-1
247,427,422.80,182.88,18.70,24.73,0.81,4,-1,-1
247,428,586.30,473.93,31.31,55.24,0.98,2,-1,-1
247,304,337.09,131.78,18.49,18.48,0.50,4,-1,-1
247,429,336.78,131.75,19.08,18.81,0.93,7,-1,-1
247,430,394.74,187.97,23.34,20.75,0.52,7,-1,-1
247,434,224.88,243.08,47.08,28.24,0.72,7,-1,-1
247,435,369.81,130.73,17.48,18.88,0.53,5,-1,-1
247,398,470.95,280.87,15.40,29.05,0.67,2,-1,-1
247,433,263.08,140.82,18.17,15.48,0.38,7,-1,-1
247,437,108.11,213.05,14.16,21.70,0.67,2,-1,-1
247,438,384.21,191.35,24.71,19.29,0.71,10,-1,-1
247,439,497.81,190.60,36.76,29.83,0.64,7,-1,-1
247,175,588.42,244.58,17.49,25.86,0.81,10,-1,-1
247,27,407.99,160.90,20.54,18.98,0.59,4,-1,-1
247,368,497.89,190.58,37.14,30.06,0.59,7,-1,-1
248,1,20.50,197.19,65.55,28.63,0.91,4,-1,-1
248,4,86.35,179.99,52.54,25.35,0.90,4,-1,-1
248,8,146.48,182.25,31.84,23.79,0.99,4,-1,-1
248,16,255.79,181.69,28.62,27.20,0.97,4,-1,-1
248,17,262.10,168.23,24.84,23.33,0.92,4,-1,-1
248,22,295.08,178.84,27.34,26.38,0.92,4,-1,-1
248,26,339.49,430.16,71.72,95.02,1.00,4,-1,-1
248,44,396.21,168.34,21.92,22.01,0.99,4,-1,-1
248,45,464.08,324.59,38.55,47.03,0.98,7,-1,-1
248,60,-1.56,251.30,61.56,43.84,0.88,4,-1,-1
248,66,436.03,436.50,78.94,99.59,1.00,4,-1,-1
248,191,369.62,130.67,17.43,18.12,0.91,4,-1,-1
248,198,455.51,245.65,78.91,31.62,1.00,4,-1,-1
248,202,352.19,238.84,81.26,31.36,0.99,4,-1,-1
248,252,527.21,376.45,76.66,75.23,1.00,4,-1,-1
248,255,396.84,147.11,21.04,19.01,0.94,4,-1,-1
248,276,111.82,465.64,98.25,74.60,0.91,4,-1,-1
248,286,493.77,230.99,71.17,29.13,0.95,4,-1,-1
248,150,502.02,314.56,50.58,50.61,0.99,4,-1,-1
248,301,152.58,226.34,19.33,29.30,0.98,10,-1,-1
248,130,467.03,294.53,31.08,20.85,0.83,10,-1,-1
248,43,370.17,206.50,40.96,28.74,0.99,4,-1,-1
248,272,435.15,315.14,17.40,32.43,0.54,10,-1,-1
248,289,208.08,210.66,15.13,24.90,0.91,10,-1,-1
248,358,514.70,285.76,15.28,30.83,0.49,1,-1,-1
248,359,535.44,439.41,31.83,56.03,0.93,10,-1,-1
248,364,230.85,190.13,16.86,22.91,0.97,10,-1,-1
248,372,142.29,212.33,19.07,28.91,0.98,10,-1,-1
248,374,538.51,442.92,25.85,41.16,0.99,2,-1,-1
248,376,537.95,431.34,25.30,45.76,0.96,2,-1,-1
248,378,616.66,220.27,78.06,34.51,0.97,4,-1,-1
248,271,227.59,172.51,14.93,21.58,0.84,10,-1,-1
248,380,189.86,284.68,42.83,27.70,0.96,10,-1,-1
248,381,308.46,234.14,31.18,24.32,0.92,10,-1,-1
248,382,308.72,209.03,20.02,25.72,0.75,10,-1,-1
248,335,216.82,220.96,16.94,25.22,0.96,10,-1,-1
248,393,221.42,255.89,34.23,22.25,0.28,10,-1,-1
248,396,592.44,317.53,38.20,51.22,0.64,8,-1,-1
248,397,213.75,245.58,32.94,25.93,0.23,10,-1,-1
248,400,611.27,210.22,48.65,25.27,0.46,4,-1,-1
248,401,581.02,480.68,40.19,56.53,0.80,10,-1,-1
248,403,363.81,178.17,15.38,21.70,0.83,10,-1,-1
248,329,694.81,421.32,26.11,40.19,0.41,2,-1,-1
248,268,434.40,261.16,50.84,30.22,0.94,10,-1,-1
248,306,167.75,226.92,17.51,27.39,0.96,10,-1,-1
248,410,433.97,315.43,19.14,36.54,0.94,10,-1,-1
248,419,108.00,212.95,14.27,22.14,0.53,10,-1,-1
248,420,812.45,474.17,22.55,47.58,0.89,2,-1,-1
248,274,811.98,474.06,23.51,46.57,0.67,1,-1,-1
248,421,394.57,187.91,22.73,20.81,0.83,10,-1,-1
248,426,325.95,239.25,33.00,21.74,0.38,10,-1,-1
248,427,423.03,183.09,18.63,24.57,0.94,4,-1,-1
248,428,586.17,473.30,30.60,55.17,0.94,2,-1,-1
248,304,337.18,131.86,17.82,18.13,0.35,4,-1,-1
248,429,336.47,131.76,18.44,18.75,0.87,7,-1,-1
248,430,394.69,188.02,22.94,20.97,0.57,7,-1,-1
248,434,224.58,244.22,41.86,29.42,0.90,7,-1,-1
248,435,369.51,130.71,17.48,18.53,0.37,5,-1,-1
248,398,472.08,281.43,14.75,27.70,0.65,2,-1,-1
248,433,263.46,140.51,17.37,16.22,0.24,10,-1,-1
248,438,383.01,191.12,25.67,19.77,0.51,10,-1,-1
248,175,593.62,243.25,14.59,26.01,0.85,10,-1,-1
248,27,408.44,160.92,20.05,18.99,0.62,4,-1,-1
248,368,498.08,190.51,36.84,29.47,0.74,7,-1,-1
248,440,415.85,203.55,20.49,22.00,0.70,10,-1,-1
248,441,441.46,194.82,11.45,26.22,0.70,1,-1,-1
248,442,547.23,256.74,30.74,29.83,0.67,10,-1,-1
249,1,21.23,196.92,64.80,28.80,0.88,4,-1,-1
249,4,86.62,179.62,52.68,25.53,0.91,4,-1,-1
249,8,146.52,182.18,32.06,23.81,0.99,4,-1,-1
249,16,255.82,181.61,28.43,27.13,0.96,4,-1,-1
249,17,262.24,168.17,24.56,23.45,0.92,4,-1,-1
249,22,295.24,178.83,27.20,26.26,0.94,4,-1,-1
249,26,339.39,429.88,72.11,95.13,1.00,4,-1,-1
249,44,395.91,168.01,22.13,22.20,0.99,4,-1,-1
249,45,463.89,324.36,38.96,47.41,0.98,7,-1,-1
249,60,-1.29,251.39,54.16,43.97,0.79,4,-1,-1
249,66,436.05,436.21,78.94,99.90,1.00,4,-1,-1
249,191,369.70,130.52,17.49,17.80,0.94,4,-1,-1
249,198,457.49,245.94,79.72,31.02,0.99,4,-1,-1
249,202,348.93,238.99,81.00,31.35,0.99,4,-1,-1
249,252,527.24,375.63,76.53,75.64,1.00,4,-1,-1
249,255,397.45,147.29,20.30,18.74,0.94,4,-1,-1
249,276,111.24,472.14,97.99,67.88,0.93,4,-1,-1
249,286,490.80,231.08,71.11,29.19,0.96,4,-1,-1
249,150,501.83,314.71,50.99,50.21,0.99,4,-1,-1
249,301,153.02,227.14,19.00,28.44,0.97,10,-1,-1
249,130,468.38,294.37,31.25,21.15,0.77,10,-1,-1
249,43,370.69,206.26,40.41,28.85,1.00,4,-1,-1
249,289,208.12,210.87,14.71,24.63,0.93,10,-1,-1
249,358,516.47,285.58,15.12,30.43,0.35,1,-1,-1
249,359,535.15,438.73,31.88,55.98,0.91,10,-1,-1
249,364,231.03,190.24,16.69,22.72,0.97,10,-1,-1
249,372,139.77,212.82,20.47,28.77,0.97,10,-1,-1
249,374,538.54,442.06,25.10,41.10,0.99,2,-1,-1
249,376,537.58,430.79,24.87,44.98,0.96,2,-1,-1
249,378,614.94,220.37,77.26,34.83,0.99,4,-1,-1
249,271,227.63,172.84,14.64,22.27,0.91,10,-1,-1
249,380,193.91,284.36,43.76,27.18,0.90,10,-1,-1
249,381,306.02,234.78,31.37,23.79,0.90,10,-1,-1
249,382,308.26,208.67,20.33,27.10,0.59,10,-1,-1
249,335,217.04,220.47,16.68,25.70,0.96,10,-1,-1
249,393,214.97,256.68,35.42,22.10,0.47,10,-1,-1
249,396,592.45,317.97,38.04,50.46,0.66,8,-1,-1
249,397,208.64,245.99,33.56,25.37,0.40,10,-1,-1
249,400,611.62,209.99,48.58,25.70,0.54,4,-1,-1
249,401,580.32,478.34,39.86,58.10,0.80,10,-1,-1
249,403,363.88,177.24,15.19,22.33,0.86,10,-1,-1
249,329,693.71,420.85,27.19,40.73,0.49,2,-1,-1
249,268,437.31,260.71,50.70,30.17,0.91,10,-1,-1
249,306,167.84,227.20,17.26,26.81,0.95,10,-1,-1
249,410,433.72,314.64,20.07,37.16,0.94,10,-1,-1
249,419,108.00,212.93,14.35,22.23,0.76,10,-1,-1
249,420,812.31,473.89,22.80,46.85,0.65,2,-1,-1
249,274,812.14,474.03,23.18,47.30,0.81,1,-1,-1
249,421,395.20,186.47,21.90,22.17,0.46,10,-1,-1
249,426,319.53,238.32,35.22,23.06,0.63,10,-1,-1
249,427,423.11,183.04,18.62,24.50,0.97,4,-1,-1
249,428,584.98,471.65,30.72,56.73,0.95,2,-1,-1
249,304,337.06,131.91,17.56,18.29,0.35,4,-1,-1
249,429,335.99,131.72,18.61,19.03,0.52,7,-1,-1
249,430,395.53,186.27,21.13,22.08,0.63,7,-1,-1
249,434,214.92,244.77,47.14,30.00,0.58,7,-1,-1
249,398,473.46,281.19,15.33,28.40,0.52,2,-1,-1
249,438,381.87,190.59,25.40,20.32,0.58,10,-1,-1
249,175,597.52,242.35,13.18,25.16,0.66,10,-1,-1
249,27,408.58,160.69,19.90,18.99,0.82,4,-1,-1
249,368,498.36,190.36,36.74,28.46,0.79,7,-1,-1
249,440,415.62,203.30,19.53,22.00,0.85,10,-1,-1
249,441,440.99,194.57,11.93,26.94,0.65,1,-1,-1
249,442,549.42,255.17,29.77,31.76,0.78,10,-1,-1
249,443,498.11,190.45,36.76,28.63,0.74,7,-1,-1
249,444,591.23,249.66,18.68,26.82,0.65,10,-1,-1
249,445,903.42,433.93,42.19,39.78,0.61,7,-1,-1
250,1,22.05,197.42,63.95,28.07,0.85,4,-1,-1
250,4,86.81,179.98,53.31,25.01,0.87,4,-1,-1
250,8,146.51,182.17,32.14,23.82,0.99,4,-1,-1
250,16,256.02,181.38,28.36,27.30,0.96,4,-1,-1
250,17,262.38,168.25,24.45,22.90,0.92,4,-1,-1
250,22,295.09,178.83,27.15,26.22,0.95,4,-1,-1
250,26,339.33,429.79,72.25,95.18,1.00,4,-1,-1
250,44,395.57,167.91,22.60,22.08,0.98,4,-1,-1
250,45,463.80,324.48,39.11,47.16,0.98,7,-1,-1
250,60,-0.95,251.42,46.60,43.82,0.70,4,-1,-1
250,66,436.24,436.10,78.94,100.01,1.00,4,-1,-1
250,191,369.91,130.48,17.11,17.58,0.90,4,-1,-1
250,198,460.31,246.07,78.83,30.39,0.99,4,-1,-1
250,202,346.22,239.04,80.89,31.34,0.98,4,-1,-1
250,252,527.25,375.14,76.09,75.40,1.00,4,-1,-1
250,255,397.67,147.42,20.02,18.69,0.94,4,-1,-1
250,276,110.01,478.62,98.02,61.00,0.88,4,-1,-1
250,286,487.57,231.12,71.49,29.01,0.98,4,-1,-1
250,150,501.94,314.59,50.75,50.06,0.99,4,-1,-1
250,301,153.26,227.65,18.89,27.71,0.95,10,-1,-1
250,130,469.61,294.51,31.31,21.06,0.76,10,-1,-1
250,43,371.25,205.98,39.82,29.09,0.99,4,-1,-1
250,289,208.12,210.86,14.55,24.92,0.95,10,-1,-1
250,358,517.85,285.83,15.06,30.38,0.51,1,-1,-1
250,359,535.04,438.11,31.50,55.56,0.91,10,-1,-1
250,364,230.99,190.19,16.83,23.04,0.98,10,-1,-1
250,372,136.38,214.48,23.16,27.72,0.97,10,-1,-1
250,374,538.36,441.37,24.42,40.27,0.99,2,-1,-1
250,376,537.44,430.62,24.72,45.08,0.95,2,-1,-1
250,378,613.56,220.22,76.16,35.35,0.99,4,-1,-1
250,271,227.54,173.55,14.32,22.33,0.91,10,-1,-1
250,380,198.92,283.15,43.11,27.89,0.97,10,-1,-1
250,381,302.80,234.92,32.61,24.19,0.82,10,-1,-1
250,382,307.77,209.51,21.14,26.85,0.72,10,-1,-1
250,335,216.80,221.09,16.78,25.69,0.97,10,-1,-1
250,393,209.52,256.77,34.70,22.24,0.20,10,-1,-1
250,396,592.64,317.75,38.18,50.57,0.63,8,-1,-1
250,397,203.69,247.94,33.60,23.95,0.28,10,-1,-1
250,400,611.74,209.81,47.75,25.86,0.48,4,-1,-1
250,401,580.50,477.29,38.92,59.06,0.69,10,-1,-1
250,403,363.87,176.62,15.52,22.95,0.83,10,-1,-1
250,329,693.67,420.89,26.81,40.94,0.31,2,-1,-1
250,268,439.28,260.66,52.24,30.15,0.93,10,-1,-1
250,306,167.65,227.82,17.38,25.99,0.95,10,-1,-1
250,410,434.20,317.13,19.24,34.62,0.94,10,-1,-1
250,419,108.02,212.83,14.49,22.27,0.54,10,-1,-1
250,420,812.26,473.99,22.90,46.57,0.76,2,-1,-1
250,274,811.81,474.03,23.83,47.57,0.89,1,-1,-1
250,426,316.39,238.87,34.89,22.75,0.26,10,-1,-1
250,427,422.72,182.83,19.43,24.67,0.90,4,-1,-1
250,428,585.17,471.08,29.95,57.29,0.94,2,-1,-1
250,304,336.60,131.93,17.87,18.25,0.36,4,-1,-1
250,429,335.61,131.77,18.67,19.13,0.81,7,-1,-1
250,434,206.75,245.27,49.71,29.78,0.89,7,-1,-1
250,398,474.91,281.51,15.14,28.06,0.67,2,-1,-1
250,438,379.58,190.42,25.77,20.28,0.27,10,-1,-1
250,175,601.03,241.97,13.42,24.89,0.41,10,-1,-1
250,27,408.82,160.62,19.85,19.19,0.59,4,-1,-1
250,368,498.44,190.11,36.30,27.88,0.71,7,-1,-1
250,440,415.09,202.10,18.40,22.93,0.79,10,-1,-1
250,441,440.67,194.52,12.03,26.62,0.78,1,-1,-1
250,442,551.48,255.21,29.12,30.53,0.86,10,-1,-1
250,443,498.36,189.96,36.28,27.90,0.74,5,-1,-1
250,444,594.13,249.78,24.95,28.51,0.66,10,-1,-1
250,445,902.95,433.44,43.15,40.26,0.60,7,-1,-1
250,446,296.22,101.93,14.16,14.01,0.63,4,-1,-1
251,1,21.42,197.59,64.64,28.20,0.84,4,-1,-1
251,4,86.94,179.90,53.54,25.00,0.92,4,-1,-1
251,8,146.62,182.04,32.17,23.82,0.99,4,-1,-1
251,16,256.10,181.28,28.33,27.37,0.96,4,-1,-1
251,17,262.54,168.27,24.41,22.69,0.94,4,-1,-1
251,22,295.53,178.82,26.63,26.00,0.95,4,-1,-1
251,26,339.30,429.73,72.30,95.20,1.00,4,-1,-1
251,44,395.45,167.57,22.78,22.23,0.99,4,-1,-1
251,45,463.96,324.71,39.16,47.06,0.98,7,-1,-1
251,60,-0.63,251.39,39.29,44.16,0.50,4,-1,-1
251,66,436.29,436.05,78.94,100.05,1.00,4,-1,-1
251,191,369.80,130.27,17.36,17.60,0.95,4,-1,-1
251,198,462.07,246.22,79.29,30.37,0.99,4,-1,-1
251,202,342.54,239.04,82.03,31.54,0.99,4,-1,-1
251,252,527.04,375.17,75.93,74.92,0.99,4,-1,-1
251,255,397.76,147.32,19.91,18.73,0.95,4,-1,-1
251,276,108.24,485.04,98.76,54.54,0.82,4,-1,-1
251,286,483.86,231.03,72.43,29.54,0.99,4,-1,-1
251,150,502.18,314.54,50.25,50.01,0.99,4,-1,-1
251,301,153.15,227.51,18.95,27.65,0.97,10,-1,-1
251,130,470.61,294.34,31.73,21.04,0.86,10,-1,-1
251,43,371.83,205.78,39.22,28.99,0.99,4,-1,-1
251,289,208.14,210.74,14.48,25.02,0.92,10,-1,-1
251,358,519.29,285.92,15.44,30.17,0.65,1,-1,-1
251,359,534.59,436.49,31.76,56.62,0.90,10,-1,-1
251,364,230.98,190.25,16.87,22.97,0.97,10,-1,-1
251,372,133.74,215.76,23.69,26.91,0.97,10,-1,-1
251,374,537.69,439.94,25.38,41.15,0.99,2,-1,-1
251,376,536.99,430.18,25.07,45.13,0.96,2,-1,-1
251,378,611.71,220.36,75.95,35.15,0.98,4,-1,-1
251,271,227.63,173.70,13.80,22.15,0.92,10,-1,-1
251,380,204.30,283.08,42.46,27.57,0.96,10,-1,-1
251,381,299.70,235.25,31.52,23.95,0.92,10,-1,-1
251,382,307.49,211.11,21.54,24.77,0.55,3,-1,-1
251,335,216.41,221.11,17.02,25.48,0.96,10,-1,-1
251,393,205.86,257.87,32.01,23.09,0.53,10,-1,-1
251,396,592.89,317.67,37.63,50.22,0.41,8,-1,-1
251,397,198.91,248.13,33.00,23.61,0.49,10,-1,-1
251,400,611.57,209.65,48.79,26.51,0.53,4,-1,-1
251,401,580.00,477.89,39.55,58.62,0.79,10,-1,-1
251,403,364.06,175.70,15.24,23.38,0.73,10,-1,-1
251,329,693.24,421.70,26.65,41.41,0.45,2,-1,-1
251,268,444.06,262.24,51.23,28.75,0.92,10,-1,-1
251,306,167.49,228.23,17.82,25.69,0.95,10,-1,-1
251,410,433.99,316.88,19.29,34.83,0.95,10,-1,-1
251,419,107.79,212.47,15.15,22.68,0.72,10,-1,-1
251,420,812.22,474.02,22.93,46.46,0.80,2,-1,-1
251,274,812.45,474.03,23.29,47.27,0.88,1,-1,-1
251,426,313.40,240.56,34.32,21.83,0.53,10,-1,-1
251,427,422.97,182.65,19.33,24.93,0.74,4,-1,-1
251,428,585.48,469.90,28.84,59.07,0.96,2,-1,-1
251,304,335.86,131.78,18.39,18.94,0.70,4,-1,-1
251,429,335.30,131.67,18.69,19.37,0.51,7,-1,-1
251,434,201.74,244.89,49.46,28.64,0.84,7,-1,-1
251,398,475.79,281.92,15.47,28.22,0.79,2,-1,-1
251,438,376.89,189.59,20.52,20.47,0.66,10,-1,-1
251,27,408.91,160.69,19.84,19.07,0.64,4,-1,-1
251,368,498.46,189.91,36.14,27.69,0.80,7,-1,-1
251,440,416.14,199.51,15.60,25.30,0.68,10,-1,-1
251,441,440.09,194.51,12.06,25.80,0.63,1,-1,-1
251,442,553.56,254.99,28.90,30.58,0.84,10,-1,-1
251,443,498.40,189.86,36.19,28.47,0.73,7,-1,-1
251,444,594.42,250.59,28.36,31.10,0.79,10,-1,-1
251,445,903.30,434.05,42.41,39.89,0.65,7,-1,-1
251,446,296.22,102.34,14.40,13.77,0.65,4,-1,-1
251,421,394.45,186.66,21.17,21.58,0.67,10,-1,-1
252,1,21.49,197.64,64.76,28.25,0.59,4,-1,-1
252,4,87.12,180.27,53.71,24.61,0.84,4,-1,-1
252,8,146.59,181.99,32.23,23.63,0.99,4,-1,-1
252,16,256.11,181.24,28.32,27.40,0.98,4,-1,-1
252,17,262.78,168.17,24.20,22.61,0.95,4,-1,-1
252,22,295.29,178.72,26.63,26.12,0.95,4,-1,-1
252,26,339.68,429.72,71.92,95.61,1.00,4,-1,-1
252,44,395.19,167.25,22.86,22.29,0.99,4,-1,-1
252,45,463.81,324.61,39.18,47.03,0.98,7,-1,-1
252,60,-0.43,251.77,32.62,44.09,0.73,4,-1,-1
252,66,436.51,436.04,78.94,100.07,1.00,4,-1,-1
252,191,369.95,129.99,17.46,17.81,0.89,4,-1,-1
252,198,464.23,246.18,79.86,30.16,0.98,4,-1,-1
252,202,338.87,239.04,82.07,31.82,0.97,4,-1,-1
252,252,526.97,374.62,75.47,75.15,0.99,4,-1,-1
252,255,397.38,147.22,20.28,18.89,0.95,4,-1,-1
252,276,106.81,491.91,97.83,47.81,0.65,4,-1,-1
252,286,480.77,231.00,72.39,29.15,0.99,4,-1,-1
252,150,502.27,314.53,50.07,49.60,0.99,4,-1,-1
252,301,152.98,227.25,19.08,27.64,0.98,10,-1,-1
252,130,472.12,294.67,31.89,21.04,0.86,10,-1,-1
252,43,372.22,205.41,39.02,28.95,0.99,4,-1,-1
252,289,207.93,211.18,14.46,24.86,0.95,10,-1,-1
252,358,520.97,286.26,15.19,29.79,0.53,1,-1,-1
252,359,534.04,435.92,31.86,56.62,0.94,10,-1,-1
252,364,231.16,189.98,16.69,23.13,0.98,10,-1,-1
252,372,131.11,215.90,24.18,26.82,0.97,10,-1,-1
252,374,537.06,439.05,25.72,41.88,0.99,2,-1,-1
252,376,536.83,429.65,24.80,45.95,0.95,2,-1,-1
252,378,610.29,220.51,75.08,34.67,0.97,4,-1,-1
252,271,227.46,173.93,14.02,22.47,0.94,10,-1,-1
252,380,209.61,283.68,41.82,26.44,0.96,10,-1,-1
252,381,296.83,235.17,31.46,24.05,0.94,10,-1,-1
252,382,307.27,212.35,21.98,23.12,0.71,10,-1,-1
252,335,216.65,221.32,16.91,24.80,0.95,10,-1,-1
252,393,199.46,259.24,32.99,21.84,0.41,10,-1,-1
252,396,592.79,317.44,37.63,50.48,0.50,8,-1,-1
252,397,193.59,250.00,31.77,21.68,0.48,10,-1,-1
252,400,611.51,209.29,48.00,26.96,0.43,4,-1,-1
252,401,579.26,476.02,39.58,59.59,0.79,10,-1,-1
252,403,363.91,175.66,15.93,23.15,0.67,10,-1,-1
252,329,693.88,422.81,25.80,41.19,0.28,2,-1,-1
252,268,445.36,260.83,52.04,30.04,0.86,10,-1,-1
252,306,167.80,228.38,17.79,25.58,0.93,10,-1,-1
252,410,434.11,316.99,19.31,34.51,0.95,10,-1,-1
252,419,107.44,212.43,15.88,22.84,0.93,10,-1,-1
252,420,812.24,473.85,22.94,47.22,0.63,2,-1,-1
252,274,811.94,474.05,23.87,47.15,0.64,1,-1,-1
252,426,309.04,241.28,34.48,21.69,0.75,10,-1,-1
252,427,422.45,182.48,20.10,24.83,0.78,4,-1,-1
252,428,584.62,468.90,29.67,60.90,0.96,2,-1,-1
252,304,335.19,131.67,18.58,19.49,0.61,4,-1,-1
252,429,335.39,131.73,18.29,19.05,0.80,7,-1,-1
252,434,198.07,245.14,48.29,28.01,0.89,7,-1,-1
252,398,476.46,282.47,15.20,27.89,0.68,2,-1,-1
252,438,374.45,189.65,19.71,19.67,0.80,10,-1,-1
252,27,408.93,160.71,19.84,18.82,0.85,4,-1,-1
252,368,498.26,189.94,36.50,27.22,0.33,7,-1,-1
252,440,414.95,198.56,14.40,26.72,0.57,10,-1,-1
252,441,439.68,194.27,12.06,25.56,0.68,1,-1,-1
252,442,555.28,254.25,28.86,31.30,0.85,10,-1,-1
252,443,497.71,190.76,37.10,27.95,0.69,4,-1,-1
252,444,596.21,250.00,28.94,32.69,0.49,10,-1,-1
252,445,903.44,433.09,43.11,40.71,0.50,7,-1,-1
252,446,296.33,102.53,14.57,13.73,0.29,4,-1,-1
252,421,393.67,186.77,21.52,22.26,0.73,10,-1,-1
252,317,306.19,195.60,12.72,24.94,0.74,1,-1,-1
253,1,21.39,197.51,65.04,28.67,0.57,4,-1,-1
253,4,87.32,180.66,53.77,24.45,0.76,4,-1,-1
253,8,146.51,182.02,32.25,23.74,0.99,4,-1,-1
253,16,255.94,181.07,28.72,27.60,0.96,4,-1,-1
253,17,262.49,168.08,24.72,22.78,0.93,4,-1,-1
253,22,295.11,178.62,26.74,26.57,0.91,4,-1,-1
253,26,339.45,429.72,72.18,95.75,1.00,4,-1,-1
253,44,394.90,166.98,23.28,22.31,0.99,4,-1,-1
253,45,463.77,324.78,39.19,47.01,0.98,7,-1,-1
253,60,-0.24,251.66,25.97,44.84,0.33,4,-1,-1
253,66,436.41,436.04,78.94,100.06,1.00,4,-1,-1
253,191,370.21,129.58,17.09,18.19,0.90,4,-1,-1
253,198,465.35,245.88,80.07,30.89,0.99,4,-1,-1
253,202,335.44,239.06,82.46,31.91,0.98,4,-1,-1
253,252,526.56,374.42,75.71,74.83,1.00,4,-1,-1
253,255,397.24,147.22,20.41,18.75,0.95,4,-1,-1
253,276,106.84,499.38,94.90,40.10,0.57,4,-1,-1
253,286,477.32,230.90,71.97,28.79,0.99,4,-1,-1
253,150,502.30,314.14,50.00,49.84,0.99,4,-1,-1
253,301,152.45,226.58,19.43,28.44,0.94,10,-1,-1
253,130,473.05,294.10,31.95,21.74,0.86,10,-1,-1
253,43,372.15,205.21,39.36,28.93,0.99,4,-1,-1
253,289,207.89,211.08,14.45,25.19,0.95,10,-1,-1
253,358,522.54,286.59,15.09,29.86,0.44,1,-1,-1
253,359,533.26,435.73,32.30,56.22,0.90,10,-1,-1
253,364,230.85,189.71,17.02,23.39,0.97,10,-1,-1
253,372,127.73,215.67,24.98,27.18,0.95,10,-1,-1
253,374,536.45,438.34,26.26,42.14,0.99,2,-1,-1
253,376,536.20,429.27,25.11,46.25,0.96,2,-1,-1
253,378,608.21,220.58,74.75,34.07,0.98,4,-1,-1
253,271,227.22,174.34,14.10,22.20,0.91,10,-1,-1
253,380,214.43,282.63,41.99,27.14,0.92,10,-1,-1
253,381,293.98,235.46,31.34,23.69,0.92,10,-1,-1
253,382,306.91,210.98,22.25,23.96,0.87,10,-1,-1
253,335,216.87,220.84,17.07,25.14,0.93,10,-1,-1
253,393,194.02,260.30,33.14,20.73,0.85,10,-1,-1
253,396,592.75,317.16,37.63,49.38,0.62,8,-1,-1
253,397,188.50,249.56,30.89,22.20,0.73,10,-1,-1
253,400,610.87,208.87,45.88,26.13,0.58,6,-1,-1
253,401,578.83,475.13,39.38,59.54,0.62,10,-1,-1
253,403,364.06,175.70,16.57,22.46,0.49,10,-1,-1
253,329,694.52,422.82,25.47,39.90,0.30,2,-1,-1
253,268,447.94,260.84,52.73,29.91,0.67,10,-1,-1
253,306,167.75,227.66,17.98,26.35,0.98,10,-1,-1
253,410,434.56,318.05,18.92,33.58,0.94,10,-1,-1
253,419,107.10,212.26,16.65,23.49,0.94,10,-1,-1
253,420,811.84,473.76,22.94,48.29,0.64,2,-1,-1
253,274,811.34,474.02,24.08,46.70,0.36,1,-1,-1
253,426,305.07,241.95,34.03,21.44,0.66,10,-1,-1
253,427,422.07,182.15,20.77,25.18,0.79,4,-1,-1
253,428,584.13,467.96,29.56,62.36,0.93,2,-1,-1
253,304,334.76,131.66,18.66,19.50,0.81,4,-1,-1
253,429,334.85,131.69,18.55,18.93,0.82,7,-1,-1
253,434,193.33,245.05,48.21,28.40,0.83,7,-1,-1
253,398,478.06,281.68,15.90,29.16,0.54,2,-1,-1
253,438,372.26,190.16,19.97,18.94,0.82,10,-1,-1
253,27,408.74,160.65,20.24,18.92,0.89,4,-1,-1
253,368,498.18,190.48,36.63,28.47,0.60,7,-1,-1
253,440,413.00,198.10,14.63,26.97,0.41,10,-1,-1
253,441,439.35,193.89,12.06,25.72,0.75,1,-1,-1
253,442,556.19,254.35,29.73,31.11,0.65,10,-1,-1
253,443,497.94,190.04,36.94,28.22,0.61,7,-1,-1
253,444,598.17,249.99,29.89,31.89,0.30,10,-1,-1
253,445,903.89,432.75,42.44,40.96,0.53,7,-1,-1
253,446,296.37,102.74,14.39,13.59,0.19,4,-1,-1
253,421,393.61,186.64,21.24,22.68,0.69,10,-1,-1
253,317,307.98,197.23,14.38,25.42,0.24,10,-1,-1
253,447,393.55,186.38,21.70,22.90,0.73,10,-1,-1
254,1,21.43,197.65,64.82,28.64,0.54,4,-1,-1
254,4,87.32,180.89,53.68,24.20,0.87,4,-1,-1
254,8,146.66,182.22,32.06,23.40,0.99,4,-1,-1
254,16,255.96,181.10,28.67,27.49,0.96,4,-1,-1
254,17,262.47,167.84,24.72,22.85,0.94,4,-1,-1
254,22,295.03,178.78,26.58,26.54,0.95,4,-1,-1
254,26,339.34,429.74,72.27,95.82,1.00,4,-1,-1
254,44,394.39,166.89,23.84,22.31,0.99,4,-1,-1
254,45,463.74,324.66,39.19,47.01,0.97,7,-1,-1
254,66,436.35,436.26,78.94,100.07,1.00,4,-1,-1
254,191,370.30,129.33,16.95,18.33,0.91,4,-1,-1
254,198,469.06,245.59,78.17,31.37,0.98,4,-1,-1
254,202,332.47,239.06,82.61,31.95,0.98,4,-1,-1
254,252,526.40,373.80,75.81,75.12,0.99,4,-1,-1
254,255,397.18,147.28,20.47,18.55,0.94,4,-1,-1
254,276,107.15,507.04,90.99,32.55,0.26,4,-1,-1
254,286,473.74,230.98,72.21,28.67,1.00,4,-1,-1
254,150,502.31,314.22,49.98,49.54,0.99,4,-1,-1
254,301,152.07,226.53,19.52,28.35,0.95,10,-1,-1
254,130,474.33,294.00,31.97,22.10,0.94,10,-1,-1
254,43,372.30,204.76,39.11,29.13,0.99,4,-1,-1
254,289,207.66,211.73,14.85,24.52,0.96,10,-1,-1
254,358,524.06,286.74,15.06,29.69,0.59,1,-1,-1
254,359,532.97,436.33,32.06,55.28,0.94,10,-1,-1
254,364,230.82,190.00,16.94,23.09,0.97,10,-1,-1
254,372,125.35,215.95,24.89,27.53,0.96,10,-1,-1
254,374,536.22,437.75,26.06,42.24,0.99,2,-1,-1
254,376,535.77,428.98,25.22,46.37,0.90,2,-1,-1
254,378,606.31,219.92,75.45,35.06,0.97,4,-1,-1
254,271,227.23,174.78,13.93,21.49,0.96,10,-1,-1
254,380,219.41,279.48,41.66,29.38,0.91,10,-1,-1
254,381,290.71,234.97,31.18,23.55,0.92,10,-1,-1
254,382,306.57,210.90,22.74,23.06,0.85,10,-1,-1
254,335,216.93,220.96,17.14,25.07,0.92,10,-1,-1
254,393,188.85,261.68,32.79,19.71,0.68,10,-1,-1
254,396,592.53,317.08,37.83,49.37,0.46,8,-1,-1
254,397,183.56,249.01,29.75,22.59,0.81,10,-1,-1
254,400,611.44,208.64,46.67,26.61,0.54,4,-1,-1
254,401,578.30,474.27,39.30,59.49,0.87,10,-1,-1
254,403,364.30,176.65,16.43,20.79,0.79,10,-1,-1
254,329,694.37,421.46,26.95,41.42,0.32,2,-1,-1
254,268,449.41,259.98,54.17,31.05,0.87,10,-1,-1
254,306,167.21,227.79,18.84,26.25,0.89,10,-1,-1
254,410,434.73,318.46,18.77,33.24,0.94,10,-1,-1
254,419,106.84,212.39,17.14,23.34,0.93,10,-1,-1
254,420,810.91,473.97,23.73,48.70,0.76,2,-1,-1
254,274,810.34,474.07,24.94,48.52,0.66,1,-1,-1
254,426,300.73,242.48,34.04,21.16,0.86,10,-1,-1
254,427,421.72,182.04,21.42,25.31,0.91,4,-1,-1
254,428,583.38,467.47,29.53,60.95,0.96,2,-1,-1
254,434,190.94,244.80,45.94,27.53,0.55,8,-1,-1
254,398,479.21,281.80,16.16,28.46,0.52,2,-1,-1
254,438,369.47,190.45,20.52,18.06,0.73,10,-1,-1
254,27,408.86,160.84,20.00,18.77,0.80,4,-1,-1
254,368,498.15,190.89,36.69,28.15,0.80,7,-1,-1
254,440,413.11,200.06,14.27,25.14,0.15,10,-1,-1
254,441,439.04,193.77,12.06,25.79,0.84,1,-1,-1
254,442,558.34,254.31,29.61,31.68,0.68,10,-1,-1
254,443,498.03,190.03,36.86,28.10,0.57,7,-1,-1
254,444,598.66,252.26,29.57,31.50,0.35,10,-1,-1
254,445,903.61,432.70,42.21,41.04,0.53,7,-1,-1
254,446,296.15,103.20,14.33,13.55,0.30,4,-1,-1
254,421,393.21,186.11,20.73,22.85,0.86,10,-1,-1
254,317,310.21,196.61,13.69,25.98,0.36,10,-1,-1
255,1,20.99,197.61,65.10,28.62,0.69,4,-1,-1
255,4,87.06,180.98,52.35,24.11,0.85,4,-1,-1
255,8,146.46,182.20,31.99,23.46,0.99,4,-1,-1
255,16,256.02,181.21,28.65,27.44,0.97,4,-1,-1
255,17,262.22,167.94,24.92,23.08,0.94,4,-1,-1
255,22,294.67,178.73,26.82,26.53,0.95,4,-1,-1
255,26,339.48,430.16,71.93,95.44,1.00,4,-1,-1
255,44,394.17,166.65,24.05,22.51,0.99,4,-1,-1
255,45,463.52,324.41,39.59,47.40,0.97,7,-1,-1
255,66,436.32,436.35,78.96,99.67,1.00,4,-1,-1
255,191,370.50,129.33,16.50,17.99,0.87,4,-1,-1
255,198,474.96,245.57,75.04,30.95,0.99,4,-1,-1
255,202,329.05,239.26,82.67,31.96,0.98,4,-1,-1
255,252,526.35,373.57,75.46,74.84,0.99,4,-1,-1
255,255,397.13,147.38,20.49,18.38,0.95,4,-1,-1
255,286,470.68,230.99,72.31,28.62,0.99,4,-1,-1
255,150,502.31,314.25,49.99,49.43,0.99,4,-1,-1
255,301,151.73,226.71,19.70,28.31,0.96,10,-1,-1
255,130,475.15,294.04,32.77,22.34,0.90,10,-1,-1
255,43,372.31,204.48,39.03,29.20,0.99,4,-1,-1
255,289,207.24,211.58,14.81,24.86,0.94,10,-1,-1
255,358,525.56,287.17,15.05,29.64,0.60,2,-1,-1
255,359,532.48,436.38,31.98,55.33,0.96,10,-1,-1
255,364,230.76,190.22,16.72,22.78,0.97,10,-1,-1
255,372,122.90,216.54,24.65,27.46,0.93,10,-1,-1
255,374,536.16,437.75,25.59,41.88,0.98,2,-1,-1
255,376,535.22,428.69,25.27,46.42,0.96,2,-1,-1
255,378,603.27,220.05,76.52,34.63,0.95,4,-1,-1
255,271,226.79,175.23,14.07,21.62,0.94,10,-1,-1
255,380,224.35,280.93,41.75,27.80,0.93,10,-1,-1
255,381,287.85,235.17,30.63,23.10,0.92,10,-1,-1
255,382,306.89,211.87,22.43,21.50,0.88,10,-1,-1
255,335,217.11,220.61,16.96,25.44,0.95,10,-1,-1
255,393,182.68,260.93,32.06,20.78,0.73,10,-1,-1
255,396,592.65,317.23,38.11,50.97,0.23,8,-1,-1
255,397,178.96,248.69,29.14,22.94,0.87,10,-1,-1
255,400,611.43,208.53,45.18,26.19,0.71,4,-1,-1
255,401,577.95,473.98,39.47,59.44,0.82,10,-1,-1
255,403,364.34,175.59,16.77,19.94,0.70,10,-1,-1
255,329,694.71,420.94,26.72,41.97,0.27,2,-1,-1
255,268,451.23,259.55,54.72,31.28,0.84,10,-1,-1
255,306,167.06,227.74,18.78,26.21,0.92,10,-1,-1
255,410,434.57,319.40,18.71,32.31,0.97,10,-1,-1
255,419,106.83,212.64,17.14,23.08,0.92,10,-1,-1
255,420,810.60,473.83,24.03,49.24,0.56,2,-1,-1
255,274,810.78,474.25,23.71,48.80,0.47,1,-1,-1
255,426,295.93,243.16,34.34,21.06,0.80,10,-1,-1
255,427,421.37,182.08,21.67,25.16,0.85,4,-1,-1
255,428,582.93,467.52,29.52,60.74,0.94,2,-1,-1
255,434,187.63,246.24,43.63,28.23,0.90,7,-1,-1
255,398,476.63,278.12,26.50,24.98,0.72,10,-1,-1
255,438,367.93,190.13,19.48,17.98,0.58,10,-1,-1
255,27,408.68,160.79,20.31,18.71,0.75,4,-1,-1
255,368,498.11,190.02,36.72,28.62,0.65,7,-1,-1
255,441,438.71,193.52,12.06,26.04,0.83,1,-1,-1
255,442,559.24,253.76,30.82,32.09,0.63,10,-1,-1
255,443,498.26,190.33,36.41,28.48,0.71,7,-1,-1
255,444,600.01,251.23,29.39,32.17,0.15,10,-1,-1
255,445,903.53,433.08,42.15,40.64,0.51,7,-1,-1
255,446,295.93,103.16,14.20,13.76,0.71,4,-1,-1
255,421,392.64,185.71,20.95,22.91,0.62,10,-1,-1
255,317,312.71,196.19,13.81,23.64,0.37,10,-1,-1
255,448,392.34,185.32,21.09,23.20,0.78,10,-1,-1
255,449,525.54,287.18,15.07,29.53,0.63,1,-1,-1
255,304,334.07,131.79,18.69,19.83,0.89,4,-1,-1
256,1,19.17,197.48,67.07,29.42,0.85,4,-1,-1
256,4,86.88,180.70,51.02,24.48,0.89,4,-1,-1
256,8,146.60,182.19,31.71,23.69,0.99,4,-1,-1
256,16,256.20,181.35,28.44,27.23,0.97,4,-1,-1
256,17,262.27,168.08,24.99,22.97,0.94,4,-1,-1
256,22,294.57,178.72,27.11,26.72,0.95,4,-1,-1
256,26,339.35,430.30,72.18,95.30,1.00,4,-1,-1
256,44,393.92,166.58,24.12,22.39,0.99,4,-1,-1
256,45,463.65,324.91,39.34,47.16,0.98,7,-1,-1
256,66,436.32,436.37,78.55,99.52,1.00,4,-1,-1
256,191,370.41,129.25,16.73,17.95,0.79,4,-1,-1
256,198,477.47,245.57,75.08,31.00,0.99,4,-1,-1
256,202,326.13,239.32,82.67,32.17,0.98,4,-1,-1
256,252,526.54,373.51,74.92,74.33,0.97,4,-1,-1
256,255,397.74,147.48,19.70,17.96,0.93,4,-1,-1
256,286,467.67,231.01,72.33,29.00,0.99,4,-1,-1
256,150,502.11,314.47,49.98,49.39,0.99,4,-1,-1
256,301,151.51,226.67,19.82,28.50,0.98,10,-1,-1
256,130,476.41,294.15,32.28,22.33,0.88,10,-1,-1
256,43,372.73,204.39,38.61,29.23,0.99,4,-1,-1
256,289,206.83,211.91,14.98,24.19,0.91,10,-1,-1
256,358,527.07,287.34,15.05,29.62,0.64,1,-1,-1
256,359,531.91,436.01,31.95,55.35,0.89,10,-1,-1
256,364,231.19,190.29,16.42,22.86,0.96,10,-1,-1
256,372,119.66,217.32,25.12,27.83,0.83,10,-1,-1
256,374,535.55,437.58,25.80,41.33,0.99,2,-1,-1
256,376,534.83,428.41,24.89,46.43,0.95,2,-1,-1
256,378,600.41,220.32,77.12,34.86,0.97,4,-1,-1
256,271,226.69,175.67,13.92,21.67,0.93,10,-1,-1
256,380,229.45,280.75,41.59,27.54,0.94,10,-1,-1
256,381,285.53,234.54,29.21,23.34,0.88,10,-1,-1
256,382,307.36,211.92,21.61,21.34,0.85,10,-1,-1
256,335,216.92,221.07,16.90,25.18,0.94,10,-1,-1
256,393,175.91,262.13,32.78,20.37,0.62,10,-1,-1
256,396,592.69,317.70,37.82,50.38,0.28,8,-1,-1
256,397,173.25,251.33,30.95,21.89,0.45,10,-1,-1
256,400,611.24,208.51,43.98,25.83,0.50,4,-1,-1
256,401,577.45,473.70,38.92,59.40,0.89,10,-1,-1
256,403,364.39,174.82,16.49,18.21,0.69,10,-1,-1
256,329,694.03,421.74,27.41,41.78,0.29,2,-1,-1
256,268,453.62,259.01,54.13,31.37,0.65,10,-1,-1
256,306,167.06,227.51,18.94,26.39,0.90,10,-1,-1
256,410,434.73,319.94,18.29,31.98,0.96,10,-1,-1
256,419,106.70,212.33,17.81,23.38,0.81,10,-1,-1
256,420,810.46,474.19,24.13,49.05,0.65,2,-1,-1
256,274,810.54,474.14,24.00,48.90,0.75,1,-1,-1
256,426,290.92,243.89,34.44,21.03,0.92,10,-1,-1
256,427,421.46,182.12,21.36,25.49,0.88,4,-1,-1
256,428,582.98,467.37,29.11,60.24,0.91,2,-1,-1
256,434,179.27,246.13,46.70,28.28,0.95,7,-1,-1
256,398,477.07,276.80,29.68,25.52,0.51,2,-1,-1
256,438,366.27,190.65,19.14,16.50,0.33,10,-1,-1
256,27,409.04,160.79,20.03,18.68,0.91,4,-1,-1
256,368,498.32,190.51,36.33,29.00,0.65,7,-1,-1
256,441,438.22,193.44,12.06,26.13,0.83,1,-1,-1
256,442,559.73,253.79,32.87,31.83,0.56,10,-1,-1
256,443,498.37,190.13,36.65,28.82,0.57,7,-1,-1
256,445,903.04,432.63,42.97,40.90,0.20,3,-1,-1
256,446,295.90,103.25,14.37,13.84,0.53,4,-1,-1
256,421,392.28,185.67,20.63,22.33,0.75,10,-1,-1
256,317,314.59,195.64,14.65,22.70,0.33,10,-1,-1
256,304,334.21,131.97,18.28,19.88,0.91,4,-1,-1
257,1,20.12,197.27,65.94,29.12,0.86,4,-1,-1
257,4,86.62,180.63,50.43,24.62,0.79,4,-1,-1
257,8,146.51,182.31,31.85,23.57,0.99,4,-1,-1
257,16,256.37,181.42,28.36,27.34,0.98,4,-1,-1
257,17,262.50,168.16,24.82,23.12,0.95,4,-1,-1
257,22,294.65,178.73,27.12,26.79,0.96,4,-1,-1
257,26,339.53,430.36,71.88,95.64,1.00,4,-1,-1
257,44,393.44,166.67,24.54,22.14,0.99,4,-1,-1
257,45,463.73,325.11,39.24,47.06,0.98,7,-1,-1
257,66,436.15,436.59,78.80,99.45,1.00,4,-1,-1
257,191,370.19,129.09,16.82,17.94,0.84,4,-1,-1
257,198,481.13,245.28,73.91,31.21,0.99,4,-1,-1
257,202,322.58,239.56,83.06,32.24,0.98,4,-1,-1
257,252,526.04,373.30,74.33,73.34,0.98,4,-1,-1
257,255,397.78,147.53,19.40,17.81,0.94,4,-1,-1
257,286,463.88,230.92,73.14,30.14,0.99,4,-1,-1
257,150,502.26,314.55,49.99,49.38,0.99,4,-1,-1
257,301,151.53,227.07,19.67,28.18,0.99,10,-1,-1
257,130,478.06,294.49,32.08,22.42,0.94,10,-1,-1
257,43,372.88,204.48,38.07,29.04,0.99,4,-1,-1
257,289,206.79,212.75,15.05,24.33,0.94,10,-1,-1
257,358,528.19,287.40,15.45,31.02,0.72,1,-1,-1
257,359,531.54,435.49,31.94,55.37,0.90,10,-1,-1
257,364,231.26,190.54,16.52,22.69,0.98,10,-1,-1
257,372,116.21,218.72,26.17,27.77,0.91,10,-1,-1
257,374,535.17,437.34,25.89,40.72,0.99,2,-1,-1
257,376,534.73,428.12,24.35,44.44,0.94,2,-1,-1
257,378,598.02,220.72,77.15,35.34,0.95,4,-1,-1
257,271,226.47,176.15,14.07,21.49,0.92,10,-1,-1
257,380,234.28,280.92,41.73,27.45,0.94,10,-1,-1
257,381,282.28,234.32,28.37,23.43,0.94,10,-1,-1
257,382,307.26,212.15,21.59,21.08,0.93,10,-1,-1
257,335,217.06,221.17,16.87,25.08,0.95,10,-1,-1
257,393,169.02,261.79,33.25,20.82,0.59,10,-1,-1
257,396,592.73,317.87,38.11,49.75,0.29,8,-1,-1
257,397,168.42,252.25,31.21,22.10,0.30,10,-1,-1
257,400,610.56,208.61,43.74,25.29,0.56,8,-1,-1
257,401,577.12,473.83,38.31,58.57,0.93,10,-1,-1
257,403,364.41,174.89,16.38,18.01,0.76,10,-1,-1
257,329,694.20,421.64,26.88,40.91,0.41,2,-1,-1
257,268,455.83,258.72,54.28,31.79,0.79,10,-1,-1
257,306,167.66,227.25,18.02,27.26,0.97,10,-1,-1
257,410,434.81,320.74,18.13,31.46,0.97,10,-1,-1
257,419,106.37,212.34,18.94,23.49,0.86,10,-1,-1
257,420,810.45,474.10,24.17,48.96,0.64,2,-1,-1
257,274,810.49,474.27,24.11,48.53,0.75,1,-1,-1
257,426,286.32,244.25,34.17,21.02,0.96,10,-1,-1
257,427,421.71,182.34,21.24,25.41,0.87,4,-1,-1
257,428,582.46,466.54,29.37,59.63,0.88,2,-1,-1
257,434,172.53,246.81,47.97,27.90,0.97,7,-1,-1
257,398,478.30,273.45,31.89,23.89,0.27,2,-1,-1
257,438,365.37,191.28,19.05,16.20,0.33,10,-1,-1
257,27,409.18,160.80,19.92,18.88,0.84,4,-1,-1
257,368,498.20,191.49,35.78,28.35,0.39,7,-1,-1
257,441,437.86,193.53,12.06,25.97,0.76,1,-1,-1
257,442,561.07,255.95,32.84,29.68,0.70,10,-1,-1
257,443,498.41,189.76,36.33,29.14,0.51,7,-1,-1
257,445,902.89,432.23,43.27,41.81,0.20,7,-1,-1
257,446,295.90,103.76,14.43,13.55,0.24,4,-1,-1
257,421,391.97,184.78,20.11,22.31,0.70,10,-1,-1
257,317,316.62,194.46,14.57,22.78,0.35,10,-1,-1
257,304,334.07,132.09,18.53,19.99,0.94,4,-1,-1
257,440,413.95,200.11,12.75,25.36,0.52,1,-1,-1
258,1,19.88,196.80,66.15,29.41,0.64,4,-1,-1
258,4,86.42,180.32,49.10,25.07,0.81,4,-1,-1
258,8,146.57,182.29,31.71,23.73,0.99,4,-1,-1
258,16,256.23,181.40,28.73,27.59,0.97,4,-1,-1
258,17,262.49,168.13,24.95,22.98,0.96,4,-1,-1
258,22,294.68,178.79,27.32,26.82,0.97,4,-1,-1
258,26,339.37,430.53,71.75,95.77,1.00,4,-1,-1
258,44,392.48,166.78,25.48,21.85,0.99,4,-1,-1
258,45,463.33,325.15,39.60,46.63,0.96,7,-1,-1
258,66,436.04,436.83,78.48,99.44,1.00,4,-1,-1
258,191,370.50,128.80,16.45,18.33,0.82,4,-1,-1
258,198,482.56,245.05,74.69,31.30,0.99,4,-1,-1
258,202,318.97,239.60,83.20,32.47,0.98,4,-1,-1
258,252,525.62,373.02,73.71,72.58,0.98,4,-1,-1
258,255,397.59,147.31,20.09,17.96,0.92,4,-1,-1
258,286,460.56,231.06,73.83,30.38,0.99,4,-1,-1
258,150,502.29,314.57,49.98,48.98,0.99,4,-1,-1
258,301,151.54,227.36,19.41,27.66,0.99,10,-1,-1
258,130,478.80,294.00,32.00,22.86,0.82,10,-1,-1
258,43,373.32,204.29,37.47,29.17,0.99,4,-1,-1
258,289,206.78,213.30,14.67,23.79,0.95,10,-1,-1
258,358,529.34,287.60,15.59,31.73,0.35,1,-1,-1
258,359,531.38,435.09,31.53,55.38,0.85,10,-1,-1
258,364,231.38,190.68,16.15,22.43,0.96,10,-1,-1
258,372,113.02,218.26,26.17,29.34,0.37,10,-1,-1
258,374,535.00,437.26,25.51,40.09,0.99,2,-1,-1
258,376,534.47,428.02,23.74,43.68,0.90,2,-1,-1
258,378,595.00,220.76,79.34,35.53,0.97,4,-1,-1
258,271,226.19,176.36,14.12,21.22,0.90,10,-1,-1
258,380,238.58,280.64,42.19,27.62,0.93,10,-1,-1
258,381,278.86,234.08,27.86,23.87,0.92,10,-1,-1
258,382,306.81,213.00,21.77,20.19,0.94,10,-1,-1
258,335,217.11,221.55,16.66,24.64,0.93,10,-1,-1
258,393,162.04,260.09,33.62,23.17,0.38,10,-1,-1
258,396,593.31,317.93,38.01,47.51,0.16,8,-1,-1
258,400,610.10,208.54,44.26,25.29,0.44,4,-1,-1
258,401,576.79,473.10,38.07,59.03,0.91,10,-1,-1
258,403,364.41,173.75,16.33,17.74,0.78,10,-1,-1
258,329,693.82,424.41,25.86,40.17,0.49,2,-1,-1
258,268,457.36,258.30,55.52,32.34,0.71,10,-1,-1
258,306,167.79,227.19,17.85,26.60,0.97,10,-1,-1
258,410,434.62,320.18,18.07,31.68,0.95,10,-1,-1
258,419,106.48,211.88,18.31,24.52,0.69,10,-1,-1
258,420,810.41,474.08,24.17,49.32,0.71,2,-1,-1
258,274,810.04,474.14,24.14,48.78,0.79,1,-1,-1
258,426,281.55,244.32,33.85,21.43,0.93,10,-1,-1
258,427,421.60,182.20,21.58,25.58,0.77,4,-1,-1
258,428,582.84,465.65,28.66,59.38,0.81,2,-1,-1
258,434,166.57,247.08,49.04,27.97,0.96,7,-1,-1
258,438,364.51,190.20,18.22,16.74,0.27,10,-1,-1
258,27,409.03,160.67,19.88,18.95,0.65,4,-1,-1
258,368,498.15,191.55,35.98,28.31,0.60,7,-1,-1
258,441,437.53,193.54,12.06,25.70,0.62,1,-1,-1
258,442,562.51,255.72,32.79,30.55,0.58,10,-1,-1
258,443,498.22,190.00,36.62,28.65,0.34,7,-1,-1
258,445,903.20,432.33,43.37,42.55,0.41,7,-1,-1
258,446,295.80,103.64,14.56,13.75,0.19,4,-1,-1
258,421,391.88,185.02,19.10,22.10,0.50,10,-1,-1
258,304,333.83,132.10,18.63,20.04,0.94,4,-1,-1
258,440,414.13,199.95,12.64,25.53,0.66,10,-1,-1
258,450,414.04,200.54,13.26,25.01,0.83,10,-1,-1
259,1,19.00,197.38,67.12,29.51,0.80,4,-1,-1
259,4,86.24,180.45,49.02,25.05,0.93,4,-1,-1
259,8,146.49,182.32,31.81,23.79,0.99,4,-1,-1
259,16,255.93,181.42,28.87,27.68,0.97,4,-1,-1
259,17,262.33,168.15,24.80,22.93,0.96,4,-1,-1
259,22,294.44,178.84,27.60,26.83,0.97,4,-1,-1
259,26,339.29,430.84,71.72,95.42,1.00,4,-1,-1
259,44,391.88,166.74,25.84,21.74,0.99,4,-1,-1
259,45,463.16,325.18,39.74,46.86,0.97,7,-1,-1
259,66,436.00,436.95,78.38,99.44,1.00,4,-1,-1
259,191,369.97,128.76,17.12,17.99,0.78,4,-1,-1
259,198,485.37,244.78,74.61,31.33,0.98,4,-1,-1
259,202,315.70,239.73,83.25,32.55,0.98,4,-1,-1
259,252,525.27,372.74,73.50,72.31,0.98,4,-1,-1
259,255,397.48,147.00,20.75,18.36,0.90,4,-1,-1
259,286,456.61,231.22,74.89,30.85,0.99,4,-1,-1
259,150,502.29,314.79,49.99,48.83,0.99,4,-1,-1
259,301,151.05,227.01,19.77,28.27,0.99,10,-1,-1
259,130,480.21,293.72,31.58,23.11,0.58,10,-1,-1
259,43,373.43,203.75,36.87,29.61,0.99,4,-1,-1
259,289,206.54,213.53,14.53,24.18,0.91,10,-1,-1
259,358,530.88,288.07,15.26,31.81,0.53,1,-1,-1
259,359,531.54,434.38,30.98,55.39,0.80,10,-1,-1
259,364,231.08,190.76,16.42,22.33,0.96,10,-1,-1
259,372,109.86,221.04,27.03,27.59,0.77,10,-1,-1
259,374,534.96,437.68,24.58,39.05,1.00,2,-1,-1
259,376,534.39,427.61,23.52,42.60,0.88,2,-1,-1
259,378,592.53,220.77,78.79,34.99,0.97,4,-1,-1
259,271,225.55,176.75,14.54,21.32,0.94,10,-1,-1
259,380,243.56,280.59,42.17,27.48,0.93,10,-1,-1
259,381,275.55,233.73,26.27,24.43,0.91,10,-1,-1
259,382,306.71,212.92,21.75,20.29,0.93,10,-1,-1
259,335,216.88,221.93,16.79,24.27,0.93,10,-1,-1
259,393,156.08,260.08,33.16,23.66,0.37,10,-1,-1
259,400,607.72,208.91,47.45,25.09,0.53,4,-1,-1
259,401,576.10,473.26,37.99,58.39,0.92,10,-1,-1
259,403,364.16,173.17,16.71,18.89,0.44,10,-1,-1
259,329,694.10,424.04,25.48,40.70,0.51,2,-1,-1
259,268,460.38,258.56,54.41,31.76,0.47,10,-1,-1
259,306,167.49,226.41,18.19,27.95,0.85,10,-1,-1
259,410,434.32,319.38,18.06,32.58,0.91,10,-1,-1
259,419,106.62,212.14,17.35,25.29,0.71,10,-1,-1
259,274,810.69,474.48,23.36,48.08,0.23,1,-1,-1
259,426,276.78,243.86,33.83,22.38,0.97,10,-1,-1
259,427,421.72,182.16,21.71,25.64,0.77,4,-1,-1
259,428,582.62,464.96,28.40,58.88,0.90,2,-1,-1
259,434,161.08,247.42,49.44,27.79,0.91,7,-1,-1
259,438,363.00,190.04,18.36,17.14,0.41,10,-1,-1
259,27,408.93,160.54,19.87,19.18,0.62,4,-1,-1
259,368,497.70,191.47,37.26,27.30,0.84,7,-1,-1
259,441,437.19,193.36,11.65,25.81,0.63,1,-1,-1
259,442,564.58,252.91,32.36,33.47,0.19,10,-1,-1
259,445,902.94,432.75,43.41,42.01,0.29,7,-1,-1
259,421,391.42,183.34,19.15,23.43,0.58,10,-1,-1
259,304,333.51,132.26,18.27,20.05,0.89,4,-1,-1
259,440,414.15,199.81,13.03,25.99,0.70,10,-1,-1
259,450,414.26,200.43,13.26,25.01,0.79,10,-1,-1
259,451,391.14,182.31,19.89,23.50,0.73,7,-1,-1
259,452,552.05,269.40,15.67,30.44,0.84,1,-1,-1
260,1,20.22,197.61,65.94,28.95,0.85,4,-1,-1
260,4,86.39,180.13,48.30,25.43,0.94,4,-1,-1
260,8,146.42,182.36,31.74,24.20,0.99,4,-1,-1
260,16,255.87,181.66,29.12,27.72,0.98,4,-1,-1
260,17,262.32,168.30,24.94,23.11,0.97,4,-1,-1
260,22,294.50,178.99,27.60,26.83,0.97,4,-1,-1
260,26,338.89,430.96,71.70,95.69,1.00,4,-1,-1
260,44,391.89,167.08,25.58,21.50,0.99,4,-1,-1
260,45,462.93,325.43,39.78,46.95,0.98,7,-1,-1
260,66,436.00,437.41,77.93,99.03,1.00,4,-1,-1
260,191,370.01,128.55,16.97,18.35,0.83,4,-1,-1
260,198,485.74,244.83,76.18,31.54,0.99,4,-1,-1
260,202,312.25,239.91,84.05,32.78,0.98,4,-1,-1
260,252,524.96,372.68,73.82,72.22,0.99,4,-1,-1
260,255,397.28,146.92,21.39,18.62,0.87,4,-1,-1
260,286,452.88,231.82,74.88,30.84,0.99,4,-1,-1
260,150,502.11,314.91,49.99,48.78,0.99,4,-1,-1
260,301,150.67,226.70,20.84,29.09,0.97,10,-1,-1
260,130,481.31,294.04,31.41,23.21,0.65,10,-1,-1
260,43,373.49,203.69,36.25,29.78,0.98,4,-1,-1
260,289,206.40,213.64,14.68,24.33,0.86,10,-1,-1
260,358,532.23,288.79,15.53,31.94,0.62,1,-1,-1
260,359,531.02,433.76,31.18,55.79,0.97,10,-1,-1
260,364,230.82,191.12,16.71,22.09,0.94,10,-1,-1
260,372,107.23,221.63,26.96,27.27,0.81,10,-1,-1
260,374,534.36,437.28,24.63,39.47,0.99,2,-1,-1
260,376,533.58,427.30,24.25,43.43,0.82,2,-1,-1
260,378,590.50,221.22,78.56,34.59,0.97,4,-1,-1
260,271,225.26,177.62,14.50,21.36,0.82,10,-1,-1
260,380,248.58,279.41,42.16,28.43,0.97,10,-1,-1
260,381,273.49,233.43,25.69,25.23,0.62,10,-1,-1
260,382,306.61,212.91,21.63,20.53,0.88,10,-1,-1
260,335,216.94,221.80,16.63,24.54,0.91,10,-1,-1
260,393,150.18,261.25,32.63,23.26,0.72,10,-1,-1
260,400,605.50,209.71,52.71,28.02,0.21,4,-1,-1
260,401,575.27,472.79,37.96,58.93,0.84,10,-1,-1
260,403,364.30,172.22,16.85,19.10,0.86,10,-1,-1
260,329,694.20,425.13,24.54,38.90,0.48,2,-1,-1
260,268,462.86,258.21,54.36,31.92,0.73,10,-1,-1
260,306,166.74,226.34,18.72,28.24,0.81,10,-1,-1
260,410,434.04,320.70,18.05,31.73,0.85,10,-1,-1
260,419,107.60,214.61,21.19,27.73,0.62,10,-1,-1
260,426,272.01,244.00,33.62,22.34,0.96,10,-1,-1
260,427,421.61,182.19,21.75,25.86,0.88,4,-1,-1
260,428,581.15,464.56,29.51,59.87,0.82,2,-1,-1
260,434,155.09,247.85,50.56,28.33,0.94,7,-1,-1
260,438,361.53,189.62,17.61,17.50,0.59,10,-1,-1
260,27,409.13,160.73,19.86,19.26,0.58,4,-1,-1
260,368,497.76,191.88,37.74,25.91,0.93,7,-1,-1
260,441,436.91,193.34,11.91,25.45,0.33,1,-1,-1
260,442,566.33,251.64,32.18,33.77,0.35,10,-1,-1
260,445,903.62,433.98,42.61,41.39,0.41,7,-1,-1
260,421,391.30,184.14,18.77,23.33,0.66,10,-1,-1
260,304,333.45,132.71,18.13,19.56,0.82,4,-1,-1
260,440,414.00,200.00,13.17,26.15,0.69,10,-1,-1
260,450,414.08,200.56,13.72,25.01,0.82,10,-1,-1
260,451,390.89,183.07,19.41,22.78,0.63,7,-1,-1
260,452,551.56,269.92,15.19,30.19,0.88,1,-1,-1
260,453,592.73,317.61,38.87,48.21,0.62,8,-1,-1
260,272,435.99,318.12,15.12,29.60,0.62,10,-1,-1
260,396,592.63,318.19,38.92,48.48,0.58,8,-1,-1
261,1,21.16,197.56,64.80,28.74,0.79,4,-1,-1
261,4,86.58,180.35,48.04,25.38,0.95,4,-1,-1
261,8,146.38,182.32,31.82,24.16,0.99,4,-1,-1
261,16,255.73,181.69,29.21,27.73,0.97,4,-1,-1
261,17,262.11,168.49,25.19,23.18,0.97,4,-1,-1
261,22,294.52,179.09,27.60,26.83,0.97,4,-1,-1
261,26,338.54,431.17,72.10,95.79,1.00,4,-1,-1
261,44,391.90,167.15,25.47,21.41,0.98,4,-1,-1
261,45,462.85,324.87,39.80,47.39,0.98,7,-1,-1
261,66,435.81,437.54,78.17,98.89,1.00,4,-1,-1
261,191,370.23,128.36,16.91,18.49,0.91,4,-1,-1
261,198,487.98,244.40,75.99,31.82,0.99,4,-1,-1
261,202,309.07,240.22,83.56,32.46,0.97,4,-1,-1
261,252,524.66,372.83,73.95,71.40,0.99,4,-1,-1
261,255,397.20,146.84,21.24,18.91,0.82,4,-1,-1
261,286,449.60,232.38,74.08,30.63,0.99,4,-1,-1
261,150,502.05,314.90,50.00,48.77,0.99,4,-1,-1
261,301,150.22,226.43,22.02,30.58,0.97,10,-1,-1
261,130,481.88,289.86,31.75,27.10,0.37,10,-1,-1
261,43,373.70,203.52,36.05,30.04,0.99,4,-1,-1
261,289,206.05,213.72,14.73,24.59,0.86,10,-1,-1
261,358,533.88,288.99,16.02,31.58,0.81,1,-1,-1
261,359,530.45,433.50,31.26,55.55,0.98,10,-1,-1
261,364,230.81,191.20,16.83,22.01,0.95,10,-1,-1
261,372,103.99,224.59,27.31,24.95,0.88,10,-1,-1
261,374,534.37,437.10,24.25,38.44,0.97,2,-1,-1
261,376,533.10,426.76,24.53,43.34,0.93,2,-1,-1
261,378,588.24,221.63,78.47,34.23,0.97,4,-1,-1
261,271,224.86,178.27,14.88,21.18,0.82,10,-1,-1
261,380,252.86,278.34,42.76,28.78,0.97,10,-1,-1
261,381,271.84,233.07,26.11,26.32,0.77,10,-1,-1
261,382,306.48,212.45,21.69,21.03,0.91,10,-1,-1
261,335,216.95,221.60,16.78,24.64,0.89,10,-1,-1
261,393,143.12,262.15,33.58,23.49,0.79,10,-1,-1
261,400,607.69,209.65,52.47,28.51,0.20,4,-1,-1
261,401,575.01,472.39,37.55,58.73,0.90,10,-1,-1
261,403,364.55,171.62,16.51,18.99,0.95,10,-1,-1
261,329,695.48,425.07,23.38,38.62,0.24,2,-1,-1
261,268,465.89,257.84,49.17,31.78,0.23,10,-1,-1
261,306,166.24,226.67,19.11,27.76,0.93,10,-1,-1
261,410,434.34,320.34,18.05,32.21,0.92,10,-1,-1
261,419,106.49,215.97,20.77,26.76,0.26,10,-1,-1
261,426,267.28,244.87,33.33,22.13,0.97,10,-1,-1
261,427,421.57,182.15,21.76,26.13,0.92,4,-1,-1
261,428,580.64,464.58,29.53,58.65,0.88,2,-1,-1
261,434,148.30,247.76,51.62,29.12,0.98,7,-1,-1
261,438,360.67,188.41,16.94,18.25,0.74,10,-1,-1
261,27,409.20,160.94,19.87,19.09,0.50,4,-1,-1
261,368,497.79,191.97,37.53,25.81,0.89,7,-1,-1
261,441,436.42,192.97,12.00,25.73,0.52,1,-1,-1
261,442,567.94,256.22,31.30,30.31,0.50,10,-1,-1
261,445,903.51,435.19,43.12,40.34,0.58,7,-1,-1
261,421,390.25,182.34,19.45,23.08,0.85,10,-1,-1
261,304,333.23,132.67,18.08,19.67,0.96,4,-1,-1
261,440,413.75,200.02,13.63,26.22,0.35,10,-1,-1
261,450,413.34,200.90,14.80,24.78,0.87,10,-1,-1
261,451,389.91,181.89,19.78,22.64,0.84,10,-1,-1
261,452,551.47,270.69,15.09,29.22,0.90,1,-1,-1
261,272,435.37,319.53,16.36,29.50,0.51,10,-1,-1
261,396,592.49,318.39,37.91,49.16,0.42,8,-1,-1
261,454,533.67,288.83,16.27,31.79,0.67,1,-1,-1
262,1,22.03,197.33,64.73,28.66,0.73,4,-1,-1
262,4,86.87,180.43,47.75,25.35,0.95,4,-1,-1
262,8,146.48,182.41,31.89,23.95,0.99,4,-1,-1
262,16,255.83,181.71,29.24,27.73,0.96,4,-1,-1
262,17,261.98,168.67,25.48,23.40,0.97,4,-1,-1
262,22,294.47,179.13,27.69,26.83,0.95,4,-1,-1
262,26,338.44,431.21,72.24,95.82,1.00,4,-1,-1
262,44,391.36,166.99,26.21,21.58,0.98,4,-1,-1
262,45,462.84,325.24,39.80,47.15,0.99,7,-1,-1
262,66,435.76,437.76,78.25,98.82,1.00,4,-1,-1
262,191,370.15,128.07,16.89,18.93,0.86,4,-1,-1
262,198,488.16,244.74,78.30,31.52,0.97,4,-1,-1
262,202,306.05,240.63,82.55,32.14,0.98,4,-1,-1
262,252,524.57,372.48,74.00,71.49,0.98,4,-1,-1
262,255,397.00,146.67,21.18,19.17,0.79,4,-1,-1
262,286,446.53,232.79,72.56,30.34,0.99,4,-1,-1
262,150,502.04,315.09,49.99,48.36,0.99,4,-1,-1
262,301,150.02,226.33,22.47,30.76,0.96,10,-1,-1
262,130,482.67,283.68,31.08,33.55,0.36,10,-1,-1
262,43,374.00,203.17,35.58,30.33,0.98,4,-1,-1
262,289,206.08,213.74,14.75,24.48,0.82,10,-1,-1
262,358,535.06,289.16,15.81,31.14,0.68,1,-1,-1
262,359,530.06,432.81,31.28,55.46,0.97,10,-1,-1
262,364,230.76,191.42,16.87,21.97,0.94,10,-1,-1
262,372,101.10,221.82,27.32,28.21,0.65,10,-1,-1
262,374,533.99,436.23,24.11,39.26,0.99,2,-1,-1
262,376,532.75,426.15,24.63,43.31,0.95,2,-1,-1
262,378,585.68,221.58,78.22,34.50,0.97,4,-1,-1
262,271,224.77,178.70,14.63,21.11,0.79,10,-1,-1
262,380,258.32,278.52,42.19,28.32,0.94,10,-1,-1
262,381,268.75,233.81,25.87,26.34,0.60,10,-1,-1
262,382,306.47,211.48,21.31,22.22,0.87,10,-1,-1
262,335,216.91,221.12,17.03,25.28,0.86,10,-1,-1
262,393,136.43,263.54,33.38,22.98,0.70,10,-1,-1
262,400,605.51,209.54,53.09,28.30,0.40,4,-1,-1
262,401,574.74,472.04,37.79,59.03,0.91,10,-1,-1
262,403,364.27,170.93,17.17,19.96,0.90,10,-1,-1
262,329,695.52,425.64,23.78,39.33,0.45,2,-1,-1
262,306,166.21,227.39,19.26,27.37,0.94,10,-1,-1
262,410,434.48,320.79,17.65,31.60,0.91,10,-1,-1
262,419,105.00,216.12,20.83,27.50,0.58,10,-1,-1
262,426,262.52,245.18,33.42,22.44,0.94,10,-1,-1
262,427,421.78,182.24,22.15,26.03,0.94,4,-1,-1
262,428,580.27,464.41,29.53,60.17,0.96,2,-1,-1
262,434,143.94,249.08,51.16,28.24,0.92,7,-1,-1
262,438,359.22,187.58,17.56,18.92,0.73,10,-1,-1
262,27,409.06,160.73,20.26,19.43,0.32,4,-1,-1
262,368,497.82,191.91,37.83,26.19,0.81,7,-1,-1
262,441,436.07,193.15,12.04,25.43,0.63,1,-1,-1
262,442,569.09,257.97,30.95,28.09,0.28,10,-1,-1
262,445,903.83,435.23,42.50,40.75,0.58,7,-1,-1
262,421,389.32,181.37,19.70,23.18,0.83,10,-1,-1
262,304,333.20,132.61,18.06,20.21,0.96,4,-1,-1
262,440,413.49,200.04,13.79,26.24,0.25,10,-1,-1
262,450,413.12,201.01,14.71,24.70,0.83,10,-1,-1
262,451,388.91,181.16,20.37,22.83,0.82,10,-1,-1
262,452,550.98,270.82,15.06,29.13,0.68,1,-1,-1
262,272,435.42,319.55,15.90,27.84,0.50,10,-1,-1
262,396,592.65,318.46,37.74,48.21,0.25,8,-1,-1
262,454,534.40,289.08,15.79,31.79,0.70,1,-1,-1
262,455,100.35,228.87,28.18,22.00,0.90,10,-1,-1
262,317,325.45,192.47,16.13,22.88,0.51,10,-1,-1
263,1,22.44,197.65,64.35,28.43,0.71,4,-1,-1
263,4,86.41,180.48,48.05,25.34,0.94,4,-1,-1
263,8,146.45,182.45,31.92,24.06,0.99,4,-1,-1
263,16,255.72,181.73,29.25,27.73,0.98,4,-1,-1
263,17,261.98,168.65,25.39,23.28,0.97,4,-1,-1
263,22,294.40,179.26,27.73,26.63,0.95,4,-1,-1
263,26,338.36,431.25,72.29,96.23,1.00,4,-1,-1
263,44,391.50,167.14,25.70,21.44,0.98,4,-1,-1
263,45,462.80,324.81,40.19,48.26,0.99,7,-1,-1
263,66,435.50,437.87,78.69,98.81,1.00,4,-1,-1
263,191,370.07,127.77,16.88,19.20,0.76,4,-1,-1
263,198,493.04,244.69,76.02,31.01,0.98,4,-1,-1
263,202,303.00,240.79,82.57,32.22,0.98,4,-1,-1
263,252,523.91,372.18,74.43,71.55,0.99,4,-1,-1
263,255,397.28,146.96,20.75,18.92,0.84,4,-1,-1
263,286,443.26,233.36,71.98,30.03,0.99,4,-1,-1
263,150,502.20,314.99,49.60,48.62,0.99,4,-1,-1
263,301,149.74,226.20,22.40,31.60,0.96,10,-1,-1
263,130,482.88,281.30,32.03,35.88,0.32,10,-1,-1
263,43,374.26,203.45,35.02,29.85,0.99,4,-1,-1
263,289,205.84,214.25,14.96,24.24,0.81,10,-1,-1
263,358,536.80,289.54,15.33,30.48,0.59,1,-1,-1
263,359,529.49,432.19,31.30,55.43,0.97,10,-1,-1
263,364,230.78,191.62,16.68,21.77,0.92,10,-1,-1
263,372,97.37,227.28,28.59,23.91,0.87,10,-1,-1
263,374,533.02,435.75,24.86,39.17,0.98,2,-1,-1
263,376,532.19,425.57,24.67,44.11,0.97,2,-1,-1
263,378,583.18,221.78,78.53,34.60,0.97,4,-1,-1
263,271,224.59,179.36,14.73,20.68,0.87,10,-1,-1
263,380,262.82,278.34,42.37,28.34,0.96,10,-1,-1
263,381,264.12,235.39,28.02,25.95,0.43,10,-1,-1
263,382,306.22,211.61,21.56,22.08,0.86,10,-1,-1
263,335,216.84,221.15,17.13,25.32,0.85,10,-1,-1
263,393,129.44,263.19,33.45,23.97,0.62,10,-1,-1
263,400,603.48,209.60,53.30,28.21,0.19,4,-1,-1
263,401,574.23,471.96,37.89,58.74,0.91,10,-1,-1
263,403,364.32,169.81,17.02,20.90,0.85,10,-1,-1
263,329,695.51,425.27,23.92,39.59,0.40,2,-1,-1
263,306,166.24,227.37,19.71,28.21,0.86,10,-1,-1
263,410,434.49,320.97,17.50,31.77,0.93,10,-1,-1
263,419,104.45,215.60,19.87,26.22,0.86,10,-1,-1
263,426,257.36,245.79,34.05,22.36,0.97,10,-1,-1
263,427,421.82,182.69,21.51,25.60,0.97,4,-1,-1
263,428,580.12,463.80,29.13,57.57,0.94,2,-1,-1
263,434,138.52,249.70,51.21,27.69,0.93,7,-1,-1
263,438,357.89,185.81,17.78,20.36,0.74,10,-1,-1
263,27,409.16,160.67,20.02,19.55,0.50,4,-1,-1
263,368,497.79,191.09,37.55,26.54,0.49,7,-1,-1
263,441,435.11,193.14,12.05,24.72,0.61,1,-1,-1
263,442,570.44,257.87,30.42,26.89,0.60,10,-1,-1
263,445,902.73,435.06,43.08,40.91,0.63,7,-1,-1
263,421,388.14,181.13,20.20,22.82,0.80,10,-1,-1
263,304,332.75,132.64,18.06,20.41,0.93,4,-1,-1
263,440,413.56,200.06,13.46,26.24,0.27,10,-1,-1
263,450,413.02,201.15,14.64,24.68,0.86,10,-1,-1
263,451,387.91,180.98,20.55,22.89,0.86,7,-1,-1
263,452,549.89,269.60,15.96,29.81,0.64,1,-1,-1
263,272,434.99,317.90,16.54,29.30,0.35,10,-1,-1
263,396,592.67,318.71,38.47,47.84,0.26,8,-1,-1
263,454,536.63,289.73,15.22,31.44,0.63,1,-1,-1
263,317,326.55,191.03,16.27,23.11,0.77,10,-1,-1
264,1,23.45,198.56,62.41,27.75,0.78,4,-1,-1
264,4,86.41,180.48,47.78,25.34,0.94,4,-1,-1
264,8,146.42,182.55,32.14,24.11,0.99,4,-1,-1
264,16,255.66,181.62,29.26,27.93,0.97,4,-1,-1
264,17,261.77,168.72,25.56,23.64,0.97,4,-1,-1
264,22,294.47,179.19,27.44,26.56,0.97,4,-1,-1
264,26,338.12,431.48,72.32,96.40,1.00,4,-1,-1
264,44,391.37,167.19,25.49,21.40,0.98,4,-1,-1
264,45,462.59,324.85,40.35,48.67,0.99,7,-1,-1
264,66,435.40,438.12,78.46,98.42,1.00,4,-1,-1
264,191,369.84,127.55,17.27,19.20,0.70,4,-1,-1
264,198,492.82,244.47,77.54,31.42,0.98,4,-1,-1
264,202,299.37,241.03,82.58,32.45,0.99,4,-1,-1
264,252,523.87,372.09,74.20,71.59,0.99,4,-1,-1
264,255,397.19,147.01,20.59,18.98,0.29,4,-1,-1
264,286,439.56,233.56,71.38,30.11,0.99,4,-1,-1
264,150,501.87,314.75,49.85,49.12,0.99,4,-1,-1
264,301,149.86,226.44,21.82,30.75,0.97,10,-1,-1
264,130,483.92,280.85,31.20,36.11,0.53,10,-1,-1
264,43,374.34,203.66,34.83,29.66,0.99,4,-1,-1
264,289,205.73,214.02,14.64,24.55,0.80,10,-1,-1
264,359,528.70,431.60,31.31,55.03,0.97,10,-1,-1
264,364,230.87,191.57,16.61,21.89,0.89,10,-1,-1
264,372,93.28,226.70,29.17,25.22,0.76,10,-1,-1
264,374,532.09,434.81,25.15,39.54,0.98,2,-1,-1
264,376,531.41,424.79,25.09,45.21,0.97,2,-1,-1
264,378,580.74,222.14,77.06,34.25,0.96,4,-1,-1
264,271,224.41,180.07,14.37,20.33,0.92,10,-1,-1
264,380,267.71,277.48,42.14,28.95,0.95,10,-1,-1
264,382,306.12,211.46,21.66,22.23,0.94,10,-1,-1
264,335,216.79,220.86,17.16,25.73,0.89,10,-1,-1
264,393,122.72,264.69,33.68,22.58,0.79,10,-1,-1
264,400,601.95,209.72,53.37,27.77,0.37,4,-1,-1
264,401,573.47,471.57,38.33,59.03,0.92,10,-1,-1
264,403,364.13,169.97,17.35,20.68,0.83,10,-1,-1
264,329,694.72,425.53,24.79,39.70,0.27,2,-1,-1
264,306,166.82,227.56,18.70,28.33,0.85,10,-1,-1
264,410,433.69,318.24,18.66,34.24,0.91,10,-1,-1
264,419,105.61,213.57,18.78,25.49,0.83,10,-1,-1
264,426,252.19,243.62,36.66,25.12,0.99,10,-1,-1
264,427,421.84,182.95,21.25,25.43,0.97,4,-1,-1
264,428,579.49,464.01,28.98,56.14,0.94,2,-1,-1
264,434,131.34,249.60,52.75,28.50,0.72,7,-1,-1
264,438,356.65,184.36,17.88,21.48,0.86,10,-1,-1
264,27,409.20,160.63,19.93,19.60,0.63,4,-1,-1
264,368,497.39,190.77,37.84,27.28,0.27,7,-1,-1
264,441,434.77,193.74,11.65,24.66,0.58,1,-1,-1
264,442,571.90,258.03,29.82,25.46,0.43,10,-1,-1
264,445,903.16,436.22,42.50,39.77,0.61,7,-1,-1
264,421,387.32,180.86,20.78,23.09,0.75,10,-1,-1
264,304,332.79,132.68,17.66,20.00,0.62,4,-1,-1
264,440,413.40,200.07,13.33,26.05,0.17,10,-1,-1
264,450,412.80,201.08,14.60,24.68,0.82,10,-1,-1
264,451,387.40,180.94,20.59,23.35,0.80,7,-1,-1
264,452,549.56,269.30,15.83,30.27,0.82,1,-1,-1
264,272,434.84,317.33,17.16,31.41,0.39,10,-1,-1
264,396,592.30,318.81,38.75,48.50,0.62,8,-1,-1
264,317,327.50,190.43,16.31,23.39,0.94,10,-1,-1
264,444,610.52,254.67,25.46,26.41,0.69,10,-1,-1
265,1,23.02,198.95,62.44,27.69,0.85,4,-1,-1
265,4,86.35,180.23,47.89,25.73,0.92,4,-1,-1
265,8,146.24,182.63,32.22,24.32,0.99,4,-1,-1
265,16,255.67,181.61,29.06,28.01,0.97,4,-1,-1
265,17,261.71,168.98,25.42,23.18,0.97,4,-1,-1
265,22,294.52,179.20,27.34,26.73,0.96,4,-1,-1
265,26,338.07,431.77,72.33,96.05,1.00,4,-1,-1
265,44,391.35,167.34,25.41,21.18,0.98,4,-1,-1
265,45,462.54,324.68,40.40,48.82,0.99,7,-1,-1
265,66,435.60,438.21,77.98,98.26,1.00,4,-1,-1
265,191,369.96,127.60,17.03,19.09,0.77,4,-1,-1
265,198,495.66,244.41,76.91,31.17,0.99,4,-1,-1
265,202,296.26,241.35,82.29,32.53,0.99,4,-1,-1
265,252,523.70,372.08,73.72,70.00,0.99,4,-1,-1
265,255,397.17,147.16,20.53,18.99,0.54,4,-1,-1
265,286,435.51,233.84,71.55,30.14,0.99,4,-1,-1
265,150,501.77,314.67,49.95,49.31,0.99,4,-1,-1
265,301,150.04,226.67,21.59,30.00,0.98,10,-1,-1
265,130,485.49,280.72,30.47,36.91,0.29,10,-1,-1
265,43,374.38,203.67,34.78,29.58,0.99,4,-1,-1
265,289,205.63,214.46,14.72,24.47,0.84,10,-1,-1
265,359,528.05,431.40,31.71,54.47,0.97,10,-1,-1
265,364,231.04,191.59,16.39,21.94,0.93,10,-1,-1
265,372,89.28,227.96,30.25,24.44,0.76,10,-1,-1
265,374,531.78,434.47,24.86,38.88,0.99,2,-1,-1
265,376,530.96,424.51,25.25,44.84,0.99,2,-1,-1
265,378,577.73,222.58,77.89,32.71,0.97,4,-1,-1
265,271,224.19,180.35,14.43,20.80,0.88,10,-1,-1
265,380,272.78,277.60,42.06,28.97,0.96,10,-1,-1
265,382,306.31,211.73,21.30,21.89,0.90,10,-1,-1
265,335,216.90,220.88,17.18,25.88,0.90,10,-1,-1
265,393,115.98,265.71,33.76,22.00,0.84,10,-1,-1
265,400,606.31,209.67,49.24,25.80,0.41,4,-1,-1
265,401,572.25,472.04,39.29,58.72,0.94,10,-1,-1
265,403,364.47,169.40,16.69,20.79,0.83,10,-1,-1
265,329,694.44,427.01,24.33,38.55,0.33,2,-1,-1
265,306,166.89,227.76,18.50,27.78,0.87,10,-1,-1
265,410,433.23,316.66,19.47,35.92,0.91,10,-1,-1
265,419,105.54,213.25,18.86,23.81,0.79,10,-1,-1
265,426,247.07,245.61,35.90,23.65,0.96,10,-1,-1
265,427,421.86,183.17,21.16,24.96,0.97,4,-1,-1
265,428,578.91,463.71,28.93,56.83,0.96,2,-1,-1
265,434,125.04,249.89,53.86,28.79,0.84,7,-1,-1
265,438,355.25,183.25,17.93,22.11,0.88,10,-1,-1
265,368,497.85,190.57,36.37,25.18,0.16,7,-1,-1
265,441,434.27,193.78,11.91,24.24,0.60,1,-1,-1
265,445,902.53,437.02,43.08,38.93,0.61,7,-1,-1
265,421,386.85,180.39,20.61,23.38,0.83,10,-1,-1
265,304,332.43,133.13,17.51,19.73,0.73,4,-1,-1
265,440,413.16,200.09,13.28,25.57,0.20,10,-1,-1
265,450,412.75,201.07,14.16,24.27,0.86,10,-1,-1
265,451,387.06,180.33,20.17,23.08,0.54,7,-1,-1
265,452,549.07,269.96,15.77,29.58,0.27,1,-1,-1
265,272,433.23,310.89,20.55,39.23,0.21,10,-1,-1
265,396,592.37,319.05,39.06,47.55,0.55,4,-1,-1
265,317,328.60,189.96,16.72,23.69,0.94,10,-1,-1
265,444,611.72,254.88,25.26,26.82,0.27,10,-1,-1
265,456,332.38,133.49,17.48,18.98,0.78,4,-1,-1
265,457,576.76,466.17,27.12,44.00,0.68,2,-1,-1
265,358,539.71,290.29,15.12,32.68,0.81,1,-1,-1
265,381,256.57,236.50,30.12,25.03,0.82,10,-1,-1
266,1,23.46,199.39,61.59,27.27,0.90,4,-1,-1
266,4,85.87,180.03,48.54,25.88,0.96,4,-1,-1
266,8,146.31,182.86,32.10,24.00,0.99,4,-1,-1
266,16,255.66,181.41,28.78,28.23,0.96,4,-1,-1
266,17,261.98,168.88,24.97,23.20,0.95,4,-1,-1
266,22,294.63,179.31,27.19,26.59,0.95,4,-1,-1
266,26,337.84,432.08,72.33,95.92,1.00,4,-1,-1
266,44,391.34,167.30,25.37,21.30,0.98,4,-1,-1
266,45,462.31,324.82,40.02,48.48,0.97,7,-1,-1
266,66,435.46,438.25,77.80,98.61,1.00,4,-1,-1
266,191,369.81,127.59,16.93,19.05,0.78,4,-1,-1
266,198,496.44,244.60,78.26,30.68,0.99,4,-1,-1
266,202,293.91,241.46,81.67,32.76,0.98,4,-1,-1
266,252,523.62,371.49,71.95,71.03,0.97,4,-1,-1
266,255,396.95,147.27,20.50,19.05,0.58,4,-1,-1
266,286,432.11,234.25,71.22,29.95,0.98,4,-1,-1
266,150,501.52,314.85,49.99,49.38,0.99,4,-1,-1
266,301,150.41,227.06,20.90,29.11,0.97,10,-1,-1
266,130,486.63,282.33,29.80,35.58,0.30,10,-1,-1
266,43,374.37,203.59,34.78,29.55,0.99,4,-1,-1
266,289,205.59,214.62,14.75,24.24,0.74,10,-1,-1
266,359,527.61,430.95,31.47,53.87,0.95,10,-1,-1
266,364,231.19,191.79,16.10,21.96,0.86,10,-1,-1
266,372,85.74,228.90,30.56,23.74,0.90,10,-1,-1
266,374,531.87,434.58,24.35,37.43,0.98,2,-1,-1
266,376,530.79,424.63,24.91,44.69,0.96,2,-1,-1
266,378,575.48,222.75,76.61,32.33,0.96,4,-1,-1
266,271,223.70,180.95,14.06,20.38,0.86,10,-1,-1
266,380,277.68,277.17,41.43,28.98,0.94,10,-1,-1
266,382,306.58,212.04,21.16,21.75,0.87,10,-1,-1
266,335,216.84,221.29,17.58,25.54,0.89,10,-1,-1
266,393,109.03,267.48,33.88,20.99,0.83,10,-1,-1
266,400,607.44,209.97,48.60,25.65,0.53,4,-1,-1
266,401,571.39,472.05,39.65,58.20,0.94,10,-1,-1
266,403,364.39,168.52,17.23,21.61,0.80,10,-1,-1
266,329,694.32,426.96,24.15,39.32,0.37,2,-1,-1
266,306,167.31,228.04,18.02,27.16,0.91,10,-1,-1
266,410,432.84,314.90,20.57,37.74,0.92,10,-1,-1
266,419,106.25,213.13,17.99,23.17,0.29,10,-1,-1
266,426,241.41,247.74,34.78,22.61,0.95,10,-1,-1
266,427,421.86,183.15,21.12,25.19,0.96,4,-1,-1
266,428,577.89,463.62,29.31,56.68,0.94,2,-1,-1
266,434,117.28,250.28,56.47,29.50,0.57,7,-1,-1
266,438,353.78,182.94,18.76,21.96,0.84,10,-1,-1
266,368,497.82,189.99,35.79,24.98,0.22,7,-1,-1
266,441,433.49,193.80,12.00,24.50,0.53,1,-1,-1
266,445,902.28,436.52,43.29,39.84,0.49,7,-1,-1
266,421,386.48,180.64,20.54,23.09,0.79,10,-1,-1
266,304,332.10,133.39,17.46,19.93,0.66,4,-1,-1
266,440,412.67,200.71,14.07,24.38,0.73,10,-1,-1
266,450,412.94,200.45,13.57,24.74,0.19,1,-1,-1
266,451,386.76,180.35,20.00,22.56,0.52,7,-1,-1
266,452,548.48,270.00,16.15,29.53,0.55,2,-1,-1
266,396,592.19,319.35,38.57,47.59,0.77,8,-1,-1
266,317,330.13,189.81,16.48,23.40,0.82,10,-1,-1
266,444,612.51,250.77,27.65,30.39,0.57,10,-1,-1
266,457,576.74,466.94,25.19,43.52,0.50,2,-1,-1
266,358,540.98,290.55,15.08,32.87,0.79,1,-1,-1
266,381,253.81,236.86,30.20,24.37,0.97,10,-1,-1
266,458,548.14,269.85,16.27,29.83,0.64,1,-1,-1
266,459,589.12,354.68,43.69,62.08,0.74,8,-1,-1
266,397,116.54,251.09,56.64,29.84,0.91,10,-1,-1
267,1,22.93,199.50,62.09,27.52,0.90,4,-1,-1
267,4,86.06,179.91,48.19,25.93,0.96,4,-1,-1
267,8,146.11,182.79,32.20,24.28,0.99,4,-1,-1
267,16,255.68,181.68,28.67,27.92,0.96,4,-1,-1
267,17,262.30,168.89,24.59,22.80,0.96,4,-1,-1
267,22,294.59,179.39,27.44,26.34,0.96,4,-1,-1
267,26,337.78,432.33,72.33,95.86,1.00,4,-1,-1
267,44,391.15,166.94,25.36,21.55,0.98,4,-1,-1
267,45,462.24,325.21,40.27,48.34,0.99,7,-1,-1
267,66,435.23,438.20,78.13,98.74,1.00,4,-1,-1
267,191,369.56,127.59,17.29,18.93,0.51,4,-1,-1
267,198,500.24,244.42,76.78,30.69,0.99,4,-1,-1
267,202,290.28,241.45,82.14,33.04,0.99,4,-1,-1
267,252,523.42,371.61,70.88,71.81,0.98,4,-1,-1
267,255,397.08,147.41,20.09,19.22,0.66,4,-1,-1
267,286,428.18,234.44,71.90,30.07,0.98,4,-1,-1
267,150,501.23,315.06,50.00,49.41,0.99,4,-1,-1
267,301,150.57,226.96,20.63,29.58,0.98,10,-1,-1
267,130,487.42,283.15,29.96,34.61,0.43,10,-1,-1
267,43,374.37,203.31,34.79,29.74,0.99,4,-1,-1
267,289,205.70,214.13,14.96,24.95,0.79,10,-1,-1
267,359,526.87,429.94,31.38,54.45,0.87,10,-1,-1
267,364,231.26,191.52,16.00,22.37,0.85,10,-1,-1
267,372,82.83,229.56,30.07,23.49,0.91,10,-1,-1
267,374,531.73,434.38,23.76,36.49,0.98,2,-1,-1
267,376,529.96,423.64,24.38,43.83,0.94,2,-1,-1
267,378,572.33,223.05,77.73,32.20,0.98,4,-1,-1
267,271,222.84,181.40,14.72,20.83,0.91,10,-1,-1
267,380,282.24,276.87,41.70,29.17,0.90,10,-1,-1
267,382,306.69,211.90,20.70,21.70,0.93,10,-1,-1
267,335,216.53,220.90,17.93,26.01,0.75,10,-1,-1
267,393,102.10,267.75,34.23,21.22,0.86,10,-1,-1
267,400,604.84,210.12,50.57,26.81,0.71,4,-1,-1
267,401,570.51,473.20,40.18,56.80,0.90,10,-1,-1
267,403,364.37,168.15,16.63,22.12,0.74,10,-1,-1
267,329,693.47,427.47,24.09,38.81,0.54,2,-1,-1
267,306,167.18,227.99,18.04,27.33,0.92,10,-1,-1
267,410,433.67,318.39,19.06,34.59,0.96,10,-1,-1
267,419,106.25,213.14,17.85,22.74,0.88,10,-1,-1
267,426,236.28,247.96,34.14,22.81,0.94,10,-1,-1
267,427,421.67,183.20,20.71,25.27,0.94,4,-1,-1
267,428,577.34,464.55,29.06,54.23,0.95,2,-1,-1
267,438,352.69,181.32,18.28,22.87,0.80,10,-1,-1
267,441,433.03,193.86,12.04,24.99,0.67,1,-1,-1
267,445,901.39,436.46,44.17,39.77,0.52,7,-1,-1
267,421,386.18,180.50,20.12,22.78,0.59,10,-1,-1
267,304,332.00,133.49,17.44,20.10,0.83,4,-1,-1
267,440,412.89,201.51,13.96,23.12,0.84,10,-1,-1
267,450,413.45,200.07,12.93,24.10,0.17,10,-1,-1
267,451,386.69,180.85,19.53,22.99,0.85,7,-1,-1
267,452,548.29,271.42,16.29,28.27,0.68,1,-1,-1
267,396,591.73,319.40,38.78,48.00,0.76,8,-1,-1
267,317,331.05,189.43,16.78,23.49,0.90,10,-1,-1
267,444,613.96,249.56,28.49,30.86,0.64,10,-1,-1
267,457,576.03,467.52,25.29,42.49,0.62,2,-1,-1
267,358,542.02,291.17,15.06,33.33,0.81,1,-1,-1
267,381,251.31,237.94,30.03,23.53,0.98,10,-1,-1
267,458,548.37,271.54,16.27,28.15,0.56,2,-1,-1
267,459,588.87,354.92,43.45,62.56,0.80,8,-1,-1
267,397,111.62,251.60,57.17,29.69,0.97,10,-1,-1
268,1,24.05,199.88,61.03,27.02,0.89,4,-1,-1
268,4,86.10,180.31,48.17,25.75,0.92,4,-1,-1
268,8,146.01,182.91,32.24,24.18,0.99,4,-1,-1
268,16,255.57,181.73,28.64,28.00,0.97,4,-1,-1
268,17,262.21,168.84,24.66,23.06,0.95,4,-1,-1
268,22,294.66,179.57,27.43,26.45,0.96,4,-1,-1
268,26,337.75,432.69,72.34,95.85,1.00,4,-1,-1
268,44,391.29,167.04,25.35,21.64,0.98,4,-1,-1
268,45,462.22,325.62,40.37,48.29,0.99,7,-1,-1
268,66,434.74,438.65,78.67,98.40,1.00,4,-1,-1
268,191,369.46,127.58,17.43,18.78,0.76,4,-1,-1
268,198,500.80,244.30,78.22,31.30,0.99,4,-1,-1
268,202,287.32,241.78,82.03,32.95,0.96,4,-1,-1
268,252,523.16,371.34,71.31,72.52,0.98,4,-1,-1
268,255,397.13,147.80,20.34,19.08,0.72,4,-1,-1
268,286,424.44,234.95,71.77,30.32,0.97,4,-1,-1
268,150,501.14,315.20,50.02,49.42,0.99,4,-1,-1
268,301,150.91,227.26,20.54,29.36,0.97,10,-1,-1
268,130,489.08,282.76,29.63,35.19,0.58,10,-1,-1
268,43,374.56,203.26,34.41,29.61,0.99,4,-1,-1
268,289,205.62,214.38,15.24,25.41,0.85,10,-1,-1
268,359,526.63,430.05,31.34,53.88,0.93,10,-1,-1
268,364,231.17,191.65,15.96,22.53,0.92,10,-1,-1
268,372,79.04,230.83,30.45,23.21,0.95,10,-1,-1
268,374,531.10,433.58,23.55,36.56,0.98,2,-1,-1
268,376,529.67,423.55,23.78,42.31,0.87,2,-1,-1
268,378,569.07,223.01,78.35,31.56,0.98,4,-1,-1
268,271,222.32,181.50,14.76,21.19,0.92,10,-1,-1
268,380,286.85,275.14,41.50,31.03,0.85,10,-1,-1
268,382,306.93,211.70,20.54,22.09,0.86,10,-1,-1
268,335,216.49,221.59,17.86,25.59,0.87,10,-1,-1
268,393,95.41,268.09,34.06,21.71,0.84,10,-1,-1
268,400,599.98,210.22,55.23,27.83,0.65,4,-1,-1
268,401,569.63,472.52,40.77,57.08,0.88,10,-1,-1
268,403,363.75,167.88,17.61,22.11,0.59,10,-1,-1
268,329,693.19,426.72,24.87,39.42,0.53,2,-1,-1
268,306,167.51,228.12,17.85,27.39,0.94,10,-1,-1
268,410,433.82,319.71,18.83,33.67,0.96,10,-1,-1
268,419,106.26,213.60,18.00,21.98,0.92,10,-1,-1
268,426,230.72,248.18,34.10,23.29,0.90,10,-1,-1
268,427,421.80,183.05,20.55,25.70,0.95,4,-1,-1
268,428,576.77,464.38,28.96,54.12,0.94,2,-1,-1
268,438,351.34,180.77,18.91,23.59,0.72,10,-1,-1
268,441,432.67,194.02,11.66,24.99,0.54,1,-1,-1
268,445,901.11,435.70,44.50,40.96,0.58,7,-1,-1
268,421,386.09,180.41,19.56,22.86,0.48,10,-1,-1
268,304,331.56,133.51,17.84,20.82,0.55,4,-1,-1
268,440,412.80,201.84,13.92,22.67,0.84,10,-1,-1
268,451,386.90,181.69,18.94,23.76,0.54,7,-1,-1
268,452,547.86,271.99,16.33,28.03,0.28,1,-1,-1
268,396,591.78,319.28,39.06,48.55,0.77,8,-1,-1
268,317,332.12,189.15,16.89,23.52,0.89,10,-1,-1
268,457,574.17,469.65,24.84,44.53,0.21,2,-1,-1
268,358,543.16,292.24,15.06,33.31,0.78,1,-1,-1
268,381,249.07,238.78,28.97,23.03,0.98,10,-1,-1
268,458,547.96,272.03,16.74,27.82,0.17,2,-1,-1
268,459,589.30,355.48,43.41,61.73,0.40,8,-1,-1
268,397,106.78,251.96,56.86,29.79,0.99,10,-1,-1
269,1,24.18,200.11,60.47,27.04,0.87,4,-1,-1
269,4,85.80,180.55,48.56,25.68,0.94,4,-1,-1
269,8,145.85,183.15,32.25,24.14,0.99,4,-1,-1
269,16,255.61,181.74,28.63,28.02,0.96,4,-1,-1
269,17,262.25,168.91,24.48,23.15,0.95,4,-1,-1
269,22,294.46,179.82,27.63,26.29,0.91,4,-1,-1
269,26,337.73,433.00,72.34,95.84,1.00,4,-1,-1
269,44,390.92,166.97,25.74,21.88,0.98,4,-1,-1
269,45,462.39,326.15,40.00,47.86,0.99,7,-1,-1
269,66,434.74,438.78,78.47,98.27,1.00,4,-1,-1
269,191,369.80,127.47,17.08,18.83,0.74,4,-1,-1
269,198,502.51,244.44,78.75,30.94,0.99,4,-1,-1
269,202,283.52,242.48,81.98,32.71,0.93,4,-1,-1
269,252,522.85,370.62,71.48,73.18,0.98,4,-1,-1
269,255,396.93,147.94,20.44,19.03,0.65,4,-1,-1
269,286,420.55,235.41,72.12,30.41,0.96,4,-1,-1
269,150,500.88,315.42,50.02,49.42,0.99,4,-1,-1
269,301,150.77,227.17,20.65,30.07,0.97,10,-1,-1
269,130,491.04,282.32,29.51,35.68,0.53,10,-1,-1
269,43,374.60,203.23,34.27,29.76,0.99,4,-1,-1
269,289,205.58,214.86,15.34,25.19,0.83,10,-1,-1
269,359,526.53,430.08,31.33,53.67,0.97,10,-1,-1
269,364,231.22,191.79,15.75,22.58,0.91,10,-1,-1
269,372,75.38,230.04,30.39,24.74,0.97,10,-1,-1
269,374,530.46,432.87,23.87,37.81,0.99,2,-1,-1
269,376,529.56,422.91,23.16,43.77,0.72,2,-1,-1
269,378,565.51,223.36,79.38,31.53,0.98,4,-1,-1
269,271,222.01,182.00,14.78,21.13,0.95,10,-1,-1
269,380,291.37,276.42,41.23,29.78,0.87,10,-1,-1
269,382,306.60,211.61,20.88,22.43,0.89,10,-1,-1
269,335,216.36,222.15,17.83,25.22,0.86,10,-1,-1
269,393,88.34,268.78,34.58,21.30,0.87,10,-1,-1
269,400,596.96,210.23,56.61,28.80,0.42,4,-1,-1
269,401,569.29,472.64,40.60,56.78,0.91,10,-1,-1
269,403,363.69,168.27,17.18,21.51,0.79,10,-1,-1
269,329,694.24,426.00,23.59,39.65,0.43,2,-1,-1
269,306,167.42,228.36,17.99,27.42,0.93,10,-1,-1
269,410,433.66,320.37,18.75,33.33,0.95,10,-1,-1
269,419,106.35,213.96,17.76,22.12,0.83,10,-1,-1
269,426,225.01,249.32,34.68,22.67,0.86,10,-1,-1
269,427,421.82,182.98,20.90,25.86,0.97,4,-1,-1
269,428,575.96,463.70,29.73,55.70,0.98,2,-1,-1
269,438,350.45,180.08,17.96,23.48,0.76,10,-1,-1
269,441,431.93,193.57,11.91,25.59,0.79,1,-1,-1
269,445,901.37,435.76,43.83,41.00,0.54,7,-1,-1
269,421,385.65,180.27,19.75,23.49,0.61,10,-1,-1
269,304,331.38,133.60,17.99,21.28,0.79,4,-1,-1
269,440,412.94,202.14,14.30,22.52,0.83,10,-1,-1
269,451,386.56,181.19,19.14,24.24,0.82,7,-1,-1
269,452,547.48,272.47,16.34,27.95,0.49,1,-1,-1
269,396,591.77,319.40,39.17,49.16,0.52,8,-1,-1
269,317,333.43,188.95,16.53,23.53,0.93,10,-1,-1
269,457,573.61,468.93,24.71,44.72,0.41,2,-1,-1
269,358,544.71,293.40,14.66,32.10,0.77,1,-1,-1
269,381,246.23,238.86,28.56,23.26,0.98,10,-1,-1
269,458,547.80,272.27,15.97,27.95,0.29,2,-1,-1
269,459,589.18,354.92,43.16,62.86,0.14,8,-1,-1
269,397,103.86,252.39,54.58,29.81,0.85,10,-1,-1
269,460,104.56,252.52,52.89,28.63,0.69,8,-1,-1
269,461,369.74,127.47,16.88,18.83,0.76,5,-1,-1
270,1,24.29,199.88,60.73,27.24,0.82,4,-1,-1
270,4,85.57,180.73,48.81,26.04,0.93,4,-1,-1
270,8,145.92,183.31,32.41,24.12,0.99,4,-1,-1
270,16,255.58,181.80,28.82,28.23,0.97,4,-1,-1
270,17,262.03,168.89,24.82,23.18,0.96,4,-1,-1
270,22,294.25,180.07,28.10,26.42,0.95,4,-1,-1
270,26,337.82,433.15,72.75,96.22,0.99,4,-1,-1
270,44,390.84,167.09,25.89,21.96,0.98,4,-1,-1
270,45,462.53,326.57,39.87,47.69,0.99,7,-1,-1
270,66,434.84,439.26,78.40,97.81,1.00,4,-1,-1
270,191,369.78,127.44,16.95,18.84,0.72,4,-1,-1
270,198,505.12,244.42,78.15,31.18,0.97,4,-1,-1
270,202,279.29,242.80,83.16,33.00,0.86,4,-1,-1
270,252,522.61,370.97,71.56,71.83,0.97,4,-1,-1
270,255,397.10,147.78,20.48,19.25,0.63,4,-1,-1
270,286,416.49,235.62,72.65,30.63,0.96,4,-1,-1
270,150,500.86,315.53,50.03,49.42,0.99,4,-1,-1
270,301,150.49,227.31,21.00,30.33,0.95,10,-1,-1
270,130,493.00,282.19,28.67,36.03,0.75,10,-1,-1
270,43,374.87,203.36,33.84,29.61,0.99,4,-1,-1
270,289,205.64,215.00,15.38,25.49,0.87,10,-1,-1
270,359,525.99,430.33,31.74,52.78,0.96,10,-1,-1
270,364,231.20,192.11,15.88,22.40,0.93,10,-1,-1
270,372,71.71,229.54,30.65,26.27,0.97,10,-1,-1
270,374,530.12,432.44,23.60,37.87,0.99,2,-1,-1
270,376,529.22,422.70,22.94,43.50,0.87,2,-1,-1
270,378,561.93,223.71,79.76,32.32,0.99,4,-1,-1
270,271,221.78,182.64,14.59,21.31,0.92,10,-1,-1
270,380,295.86,276.12,41.44,30.05,0.92,10,-1,-1
270,382,306.34,212.12,21.41,21.96,0.86,10,-1,-1
270,335,216.59,221.82,17.63,25.48,0.92,10,-1,-1
270,393,81.37,269.39,34.68,21.34,0.81,10,-1,-1
270,400,597.00,210.64,56.74,28.97,0.46,4,-1,-1
270,401,569.28,472.71,40.13,56.66,0.91,10,-1,-1
270,403,363.93,168.00,17.00,21.67,0.68,10,-1,-1
270,329,694.74,427.90,22.27,37.74,0.29,1,-1,-1
270,306,167.55,228.22,18.04,28.02,0.94,10,-1,-1
270,419,106.46,214.08,17.57,22.37,0.71,10,-1,-1
270,426,219.74,250.40,34.90,22.43,0.90,10,-1,-1
270,427,421.89,183.20,21.03,25.92,0.98,4,-1,-1
270,428,575.96,463.86,29.63,55.89,0.94,2,-1,-1
270,438,350.25,179.69,16.78,23.41,0.84,10,-1,-1
270,441,431.13,193.34,12.01,25.61,0.77,1,-1,-1
270,445,901.94,437.54,43.57,39.81,0.67,7,-1,-1
270,304,330.98,133.69,18.05,21.55,0.84,4,-1,-1
270,440,413.05,201.88,14.44,22.88,0.81,10,-1,-1
270,451,387.73,182.35,18.00,23.42,0.89,10,-1,-1
270,396,591.84,319.85,39.21,48.58,0.60,8,-1,-1
270,317,334.91,189.05,15.99,22.93,0.94,10,-1,-1
270,457,572.88,468.62,24.67,44.32,0.46,2,-1,-1
270,358,545.90,294.96,15.32,31.72,0.51,1,-1,-1
270,381,242.95,238.93,28.61,23.55,0.99,10,-1,-1
270,459,589.19,355.19,43.54,63.67,0.35,8,-1,-1
270,397,97.92,252.63,55.38,30.57,0.92,10,-1,-1
270,460,99.40,252.59,54.09,29.59,0.72,8,-1,-1
270,461,369.51,127.51,16.88,18.71,0.82,5,-1,-1
270,462,278.44,242.43,84.38,34.65,0.65,5,-1,-1
270,268,485.23,256.00,50.56,31.36,0.76,10,-1,-1
270,272,433.56,316.74,20.01,36.60,0.95,10,-1,-1
271,1,24.13,199.64,60.85,27.53,0.84,4,-1,-1
271,4,85.51,180.76,49.00,26.18,0.88,4,-1,-1
271,8,146.02,183.35,32.66,24.12,0.99,4,-1,-1
271,16,255.66,181.84,28.69,28.31,0.97,4,-1,-1
271,17,262.22,169.00,24.74,23.40,0.96,4,-1,-1
271,22,294.45,180.18,27.78,26.28,0.96,4,-1,-1
271,26,337.76,433.52,72.87,95.98,1.00,4,-1,-1
271,44,390.99,167.29,25.94,22.00,0.98,4,-1,-1
271,45,462.33,326.49,39.80,48.04,0.99,7,-1,-1
271,66,434.78,439.58,78.35,97.66,0.99,4,-1,-1
271,191,369.76,127.42,16.90,18.75,0.41,4,-1,-1
271,198,507.18,244.99,78.71,30.90,0.99,4,-1,-1
271,202,275.99,243.02,82.01,33.32,0.85,4,-1,-1
271,252,522.06,371.10,73.58,71.73,0.97,4,-1,-1
271,255,397.15,147.67,20.48,19.34,0.60,4,-1,-1
271,286,412.66,236.23,72.44,30.33,0.97,4,-1,-1
271,150,500.99,315.54,49.62,49.42,0.99,4,-1,-1
271,301,150.36,227.54,21.02,30.44,0.96,10,-1,-1
271,130,495.04,282.91,27.95,34.98,0.51,10,-1,-1
271,43,374.93,203.36,33.68,29.56,0.99,4,-1,-1
271,289,205.54,214.95,15.59,25.61,0.90,10,-1,-1
271,359,525.72,429.41,31.48,52.87,0.91,10,-1,-1
271,364,231.17,192.13,16.12,22.74,0.91,10,-1,-1
271,372,67.49,232.29,31.22,24.34,0.93,10,-1,-1
271,374,529.51,431.88,23.50,37.91,0.99,2,-1,-1
271,376,528.62,422.22,22.85,43.80,0.73,2,-1,-1
271,378,558.45,224.02,78.50,34.02,0.99,4,-1,-1
271,271,221.68,183.17,14.11,21.97,0.95,10,-1,-1
271,380,300.20,276.43,41.61,29.96,0.75,10,-1,-1
271,382,306.41,212.64,21.21,21.38,0.87,10,-1,-1
271,335,216.34,221.60,17.74,25.97,0.90,10,-1,-1
271,393,74.12,270.17,33.91,21.16,0.92,10,-1,-1
271,400,595.06,210.90,57.92,28.64,0.65,4,-1,-1
271,401,569.00,473.32,39.93,55.83,0.92,10,-1,-1
271,403,364.00,167.95,16.53,21.53,0.87,10,-1,-1
271,329,694.42,428.43,22.61,37.42,0.50,2,-1,-1
271,306,167.77,228.25,17.65,28.05,0.96,10,-1,-1
271,419,106.58,214.19,17.59,22.68,0.82,10,-1,-1
271,426,213.92,251.09,34.57,22.14,0.69,10,-1,-1
271,427,421.89,183.23,21.07,25.94,0.98,4,-1,-1
271,428,575.68,463.72,29.17,55.57,0.99,2,-1,-1
271,438,349.60,178.91,16.35,23.38,0.82,10,-1,-1
271,441,430.82,193.11,12.04,25.62,0.90,1,-1,-1
271,445,901.66,438.48,43.46,38.97,0.62,7,-1,-1
271,304,331.03,133.75,17.67,21.55,0.88,4,-1,-1
271,440,412.88,201.63,14.49,23.23,0.80,10,-1,-1
271,451,389.00,183.86,16.32,22.48,0.71,10,-1,-1
271,396,591.60,320.22,39.80,48.37,0.68,8,-1,-1
271,317,336.18,188.74,15.38,22.50,0.91,10,-1,-1
271,457,573.23,468.05,24.23,42.46,0.59,2,-1,-1
271,358,547.24,294.70,15.16,32.58,0.69,1,-1,-1
271,381,239.60,239.65,28.42,23.67,0.98,10,-1,-1
271,459,589.13,355.70,43.65,63.51,0.87,8,-1,-1
271,397,93.27,252.49,55.08,30.28,0.79,8,-1,-1
271,460,94.64,252.42,54.32,30.24,0.64,7,-1,-1
271,461,369.46,127.55,17.34,18.57,0.80,5,-1,-1
271,462,275.30,242.68,83.89,34.42,0.59,5,-1,-1
271,268,486.49,256.99,55.59,32.18,0.58,10,-1,-1
271,272,434.87,318.52,17.38,31.09,0.17,10,-1,-1
271,463,367.63,188.79,18.08,19.89,0.77,10,-1,-1
271,464,676.21,238.36,34.96,24.11,0.80,10,-1,-1
271,398,486.39,255.91,45.48,30.93,0.51,7,-1,-1
271,442,581.02,258.12,31.83,27.88,0.55,10,-1,-1
271,444,619.50,247.95,29.96,31.58,0.51,10,-1,-1
271,410,433.64,321.38,18.70,33.18,0.98,10,-1,-1
271,421,385.04,179.08,19.38,23.28,0.77,10,-1,-1
272,1,23.53,199.62,61.40,27.84,0.84,4,-1,-1
272,4,85.55,181.04,48.59,26.04,0.87,4,-1,-1
272,8,145.68,183.52,32.86,24.12,0.99,4,-1,-1
272,16,255.72,181.89,28.65,28.34,0.97,4,-1,-1
272,17,261.94,169.17,24.92,23.68,0.96,4,-1,-1
272,22,294.37,180.35,27.76,26.23,0.96,4,-1,-1
272,26,337.53,433.92,72.94,96.29,1.00,4,-1,-1
272,44,390.81,167.77,25.96,21.61,0.99,4,-1,-1
272,45,462.44,326.88,39.79,48.17,0.97,7,-1,-1
272,66,434.97,439.95,77.96,97.21,1.00,4,-1,-1
272,198,510.64,245.42,78.53,30.58,0.99,4,-1,-1
272,202,271.63,243.34,81.98,33.64,0.96,4,-1,-1
272,252,521.87,371.58,73.97,70.50,0.97,4,-1,-1
272,255,396.92,148.08,20.49,19.32,0.74,4,-1,-1
272,286,408.73,236.67,72.38,30.21,0.98,4,-1,-1
272,150,501.04,315.77,49.48,49.83,0.99,4,-1,-1
272,301,150.18,227.78,20.89,30.47,0.96,10,-1,-1
272,130,496.54,283.83,28.11,33.74,0.70,10,-1,-1
272,43,374.91,203.39,33.64,29.35,0.99,4,-1,-1
272,289,205.43,214.87,15.67,26.24,0.92,10,-1,-1
272,359,525.25,428.92,30.99,52.91,0.91,10,-1,-1
272,364,231.29,192.47,15.82,22.47,0.94,10,-1,-1
272,372,63.52,232.72,31.70,24.56,0.97,10,-1,-1
272,374,528.92,431.72,23.47,37.93,0.99,2,-1,-1
272,376,528.02,421.49,22.83,43.92,0.92,2,-1,-1
272,378,555.44,224.23,77.03,34.66,0.97,4,-1,-1
272,271,221.09,184.08,14.34,21.83,0.96,10,-1,-1
272,380,305.01,275.13,40.49,30.12,0.76,10,-1,-1
272,382,306.68,212.57,20.64,21.57,0.96,10,-1,-1
272,335,216.18,221.27,17.78,26.56,0.85,10,-1,-1
272,393,67.22,270.71,34.02,21.30,0.84,10,-1,-1
272,400,595.32,211.08,57.39,27.91,0.64,4,-1,-1
272,401,568.95,471.79,39.87,57.53,0.92,10,-1,-1
272,403,364.38,167.57,15.95,22.07,0.74,10,-1,-1
272,329,693.14,428.63,23.55,38.12,0.17,2,-1,-1
272,306,167.78,228.61,17.52,28.06,0.97,10,-1,-1
272,419,106.48,214.19,17.61,23.00,0.59,10,-1,-1
272,426,208.56,251.28,33.86,22.23,0.84,10,-1,-1
272,427,421.85,183.55,21.09,25.55,0.94,4,-1,-1
272,428,575.63,463.91,29.01,55.06,0.94,2,-1,-1
272,438,348.96,178.17,16.21,24.15,0.81,10,-1,-1
272,441,430.48,193.44,11.66,25.43,0.66,1,-1,-1
272,445,901.64,439.01,43.43,39.06,0.77,7,-1,-1
272,304,330.60,134.08,17.93,21.65,0.85,4,-1,-1
272,440,412.78,201.25,14.51,23.96,0.87,10,-1,-1
272,451,389.43,184.64,15.74,21.93,0.80,10,-1,-1
272,396,591.72,320.56,39.84,48.28,0.65,8,-1,-1
272,317,336.94,188.46,15.15,22.75,0.90,10,-1,-1
272,457,572.15,468.93,24.52,44.34,0.17,2,-1,-1
272,358,548.29,295.29,14.70,32.60,0.20,1,-1,-1
272,381,236.10,241.06,27.76,22.92,0.96,10,-1,-1
272,459,589.33,356.32,43.49,63.01,0.61,8,-1,-1
272,462,271.98,242.99,84.16,34.14,0.18,5,-1,-1
272,268,487.92,257.42,54.96,32.44,0.62,10,-1,-1
272,272,434.66,317.39,18.20,33.20,0.19,10,-1,-1
272,463,367.37,188.94,17.12,19.65,0.69,10,-1,-1
272,464,678.62,239.12,34.96,25.07,0.85,10,-1,-1
272,442,582.44,258.91,31.15,27.87,0.26,10,-1,-1
272,410,432.99,318.73,20.32,36.02,0.94,10,-1,-1
272,421,384.70,179.14,19.31,23.02,0.56,10,-1,-1
272,465,587.01,185.47,16.27,22.30,0.61,2,-1,-1
272,466,676.21,242.58,39.78,27.12,0.75,10,-1,-1
272,27,408.94,161.80,20.46,19.30,0.58,4,-1,-1
272,450,412.84,200.76,13.79,24.66,0.84,10,-1,-1
273,1,24.40,199.97,60.95,27.36,0.89,4,-1,-1
273,4,86.21,181.52,47.92,25.58,0.89,4,-1,-1
273,8,146.08,183.86,32.28,23.72,0.99,4,-1,-1
273,16,255.81,182.30,28.43,28.15,0.97,4,-1,-1
273,17,262.19,169.33,24.58,23.39,0.93,4,-1,-1
273,22,294.69,180.71,27.45,26.01,0.95,4,-1,-1
273,26,337.68,434.41,72.95,96.00,0.99,4,-1,-1
273,44,390.79,168.36,25.96,21.06,0.98,4,-1,-1
273,45,462.10,326.80,40.17,48.61,1.00,7,-1,-1
273,66,435.05,440.44,77.39,96.64,1.00,4,-1,-1
273,198,513.88,245.98,77.65,29.87,0.98,4,-1,-1
273,202,267.29,243.44,82.85,33.95,0.95,4,-1,-1
273,252,521.80,371.34,74.09,70.84,0.96,4,-1,-1
273,255,397.08,148.30,20.89,19.26,0.39,4,-1,-1
273,286,404.83,237.12,72.74,29.97,0.98,4,-1,-1
273,150,501.07,315.84,49.41,49.97,0.99,4,-1,-1
273,301,150.35,228.05,20.58,30.48,0.97,10,-1,-1
273,130,499.06,284.29,28.17,33.15,0.71,10,-1,-1
273,43,375.13,203.40,33.22,29.26,0.99,4,-1,-1
273,289,205.07,215.02,16.09,26.28,0.92,10,-1,-1
273,359,524.28,427.32,31.20,53.73,0.91,10,-1,-1
273,364,231.40,192.59,15.90,22.76,0.76,10,-1,-1
273,372,60.02,235.42,31.55,23.05,0.97,10,-1,-1
273,374,528.11,430.85,23.46,37.93,0.98,2,-1,-1
273,376,527.41,421.20,22.83,43.17,0.94,2,-1,-1
273,378,552.83,224.31,76.86,33.53,0.97,4,-1,-1
273,271,220.85,184.40,14.42,22.76,0.96,10,-1,-1
273,380,309.17,273.43,40.76,31.95,0.91,10,-1,-1
273,382,307.04,212.73,20.22,21.64,0.93,10,-1,-1
273,335,215.70,221.12,18.19,27.17,0.90,10,-1,-1
273,393,60.60,271.45,34.03,20.95,0.88,10,-1,-1
273,400,594.09,210.76,58.12,28.22,0.68,4,-1,-1
273,401,568.74,473.18,39.83,56.18,0.95,10,-1,-1
273,403,364.36,167.94,15.73,22.26,0.85,10,-1,-1
273,306,167.75,228.83,17.46,28.06,0.96,10,-1,-1
273,419,106.53,214.47,17.51,22.72,0.75,10,-1,-1
273,426,202.92,252.50,33.78,21.87,0.59,10,-1,-1
273,427,422.07,183.78,20.30,25.40,0.95,4,-1,-1
273,428,576.01,463.96,27.74,54.87,0.94,2,-1,-1
273,438,349.01,177.71,15.35,24.62,0.75,10,-1,-1
273,441,430.21,193.57,11.51,25.15,0.69,1,-1,-1
273,445,901.16,438.99,44.20,39.09,0.65,7,-1,-1
273,304,330.50,134.41,18.03,21.77,0.67,4,-1,-1
273,440,412.97,200.72,13.71,24.44,0.90,10,-1,-1
273,451,389.81,185.42,15.13,21.53,0.74,10,-1,-1
273,396,591.37,320.68,40.23,49.04,0.62,8,-1,-1
273,317,338.01,188.17,15.07,22.84,0.95,10,-1,-1
273,457,572.82,468.38,23.79,42.95,0.34,2,-1,-1
273,358,550.64,296.09,14.52,32.60,0.39,1,-1,-1
273,381,231.76,242.46,28.71,22.24,0.95,10,-1,-1
273,459,589.19,356.52,43.63,63.65,0.32,8,-1,-1
273,462,268.00,243.30,84.35,34.52,0.43,5,-1,-1
273,268,488.99,257.78,53.87,31.94,0.74,10,-1,-1
273,272,435.01,317.44,17.26,31.43,0.39,10,-1,-1
273,463,365.45,188.51,17.40,20.53,0.72,10,-1,-1
273,464,683.72,238.59,33.10,25.72,0.86,10,-1,-1
273,442,584.91,259.61,30.51,27.27,0.68,10,-1,-1
273,410,433.16,319.16,19.71,35.83,0.95,10,-1,-1
273,421,384.42,178.57,18.88,22.92,0.79,10,-1,-1
273,466,680.54,241.42,36.88,27.36,0.54,10,-1,-1
273,27,409.13,161.76,20.50,19.28,0.20,4,-1,-1
273,450,412.80,200.73,13.87,24.51,0.79,10,-1,-1
273,467,384.21,178.54,19.29,23.20,0.63,10,-1,-1
273,468,473.40,214.40,19.29,19.89,0.67,10,-1,-1
273,191,369.24,127.56,16.88,18.23,0.78,4,-1,-1
273,397,82.14,253.82,54.64,30.27,0.97,10,-1,-1
274,1,25.95,200.57,59.75,26.59,0.85,4,-1,-1
274,4,86.61,181.86,47.57,25.20,0.90,4,-1,-1
274,8,145.98,184.06,32.60,23.77,0.99,4,-1,-1
274,16,255.83,182.62,28.14,27.88,0.98,4,-1,-1
274,17,262.28,169.36,24.45,23.47,0.93,4,-1,-1
274,22,294.51,180.82,27.62,25.93,0.95,4,-1,-1
274,26,337.51,434.77,72.94,95.89,1.00,4,-1,-1
274,44,391.18,168.57,25.55,20.86,0.99,4,-1,-1
274,45,461.96,326.76,40.32,49.17,0.98,7,-1,-1
274,66,435.06,441.00,77.58,96.03,1.00,4,-1,-1
274,198,516.79,245.88,78.11,30.21,0.98,4,-1,-1
274,202,263.48,243.74,83.48,34.07,0.98,4,-1,-1
274,252,521.97,371.25,73.74,71.37,0.93,4,-1,-1
274,255,397.33,148.21,20.64,19.49,0.39,4,-1,-1
274,286,400.30,237.56,73.67,29.88,0.97,4,-1,-1
274,150,501.07,316.25,49.39,49.63,0.99,4,-1,-1
274,301,150.45,228.21,20.51,30.48,0.96,10,-1,-1
274,130,501.34,284.86,27.80,33.32,0.77,10,-1,-1
274,43,375.20,203.19,33.08,29.23,0.99,4,-1,-1
274,289,204.83,215.04,16.05,26.88,0.88,10,-1,-1
274,359,523.32,426.33,31.27,54.04,0.94,10,-1,-1
274,364,231.53,192.50,15.73,23.06,0.81,10,-1,-1
274,372,56.39,236.38,31.77,22.88,0.98,10,-1,-1
274,374,527.80,430.13,23.05,38.34,0.97,2,-1,-1
274,376,526.37,420.51,22.83,43.69,0.94,2,-1,-1
274,378,549.15,224.52,76.40,33.49,0.96,4,-1,-1
274,271,220.36,184.88,14.45,22.52,0.95,10,-1,-1
274,380,313.54,274.63,40.47,30.31,0.82,10,-1,-1
274,382,307.07,212.87,20.36,21.87,0.93,10,-1,-1
274,335,215.90,221.43,18.14,26.81,0.91,10,-1,-1
274,393,53.39,271.57,34.01,21.42,0.89,10,-1,-1
274,400,592.66,210.63,58.97,28.73,0.23,4,-1,-1
274,401,568.45,473.32,39.41,56.46,0.94,10,-1,-1
274,403,364.35,167.38,16.06,22.14,0.81,10,-1,-1
274,306,167.53,228.97,17.85,27.86,0.91,10,-1,-1
274,419,106.54,214.83,17.28,22.22,0.86,10,-1,-1
274,426,197.29,253.81,33.55,21.13,0.91,10,-1,-1
274,427,421.94,183.64,20.40,25.94,0.91,4,-1,-1
274,428,576.16,464.18,27.67,56.00,0.96,2,-1,-1
274,438,348.47,176.95,15.05,24.41,0.75,10,-1,-1
274,441,429.92,193.60,11.45,25.45,0.67,1,-1,-1
274,445,901.75,438.98,42.91,39.51,0.82,7,-1,-1
274,304,330.26,134.66,18.06,21.67,0.83,4,-1,-1
274,440,413.05,200.40,13.81,24.43,0.88,10,-1,-1
274,451,389.52,185.78,15.36,21.18,0.86,10,-1,-1
274,396,591.22,320.91,40.38,49.72,0.57,8,-1,-1
274,317,339.15,187.76,15.04,22.88,0.95,10,-1,-1
274,457,572.25,468.77,23.52,41.99,0.70,2,-1,-1
274,358,552.04,296.47,14.46,32.90,0.65,1,-1,-1
274,381,228.06,243.14,28.66,22.20,0.93,10,-1,-1
274,459,588.91,356.99,43.47,63.46,0.60,8,-1,-1
274,268,490.68,258.31,55.81,32.15,0.68,10,-1,-1
274,272,434.91,317.43,17.32,31.18,0.29,10,-1,-1
274,463,363.42,187.54,17.49,21.29,0.93,10,-1,-1
274,464,690.22,238.62,28.62,27.32,0.61,10,-1,-1
274,410,433.42,320.90,19.06,34.56,0.96,10,-1,-1
274,421,383.93,178.15,18.72,22.49,0.79,10,-1,-1
274,466,680.43,243.06,39.16,28.80,0.68,10,-1,-1
274,27,409.19,162.14,20.11,18.88,0.12,4,-1,-1
274,450,413.38,200.10,13.10,25.06,0.53,10,-1,-1
274,468,472.19,214.67,19.28,19.65,0.73,10,-1,-1
274,191,369.15,127.69,16.87,18.01,0.79,4,-1,-1
274,397,76.21,254.28,55.03,30.78,0.99,10,-1,-1
275,1,26.82,201.16,59.12,26.29,0.82,4,-1,-1
275,4,86.80,182.46,47.25,24.86,0.83,4,-1,-1
275,8,146.19,184.29,32.38,23.98,0.99,4,-1,-1
275,16,255.74,182.90,28.24,27.77,0.98,4,-1,-1
275,17,262.01,169.43,25.01,23.70,0.87,4,-1,-1
275,22,294.55,181.20,27.59,25.90,0.92,4,-1,-1
275,26,337.88,435.15,72.55,95.84,1.00,4,-1,-1
275,44,391.74,168.27,25.00,21.39,0.99,4,-1,-1
275,45,462.13,326.97,39.98,49.38,0.96,7,-1,-1
275,66,435.31,441.64,77.26,95.41,1.00,4,-1,-1
275,198,519.01,245.86,77.88,30.13,0.98,4,-1,-1
275,202,259.71,244.19,84.21,34.10,0.97,4,-1,-1
275,252,522.07,371.45,73.61,71.18,0.97,4,-1,-1
275,255,397.43,149.11,20.15,18.78,0.73,4,-1,-1
275,286,396.36,237.75,74.02,30.44,0.98,4,-1,-1
275,150,501.30,316.63,49.39,49.50,0.99,4,-1,-1
275,301,150.25,228.43,21.14,30.47,0.95,10,-1,-1
275,130,504.36,288.49,25.66,29.60,0.33,10,-1,-1
275,43,375.23,203.45,32.64,29.02,0.99,4,-1,-1
275,289,204.75,215.40,16.23,26.91,0.93,10,-1,-1
275,359,522.81,426.41,30.91,52.97,0.95,10,-1,-1
275,364,231.58,193.11,15.67,22.59,0.87,10,-1,-1
275,372,52.91,237.47,31.70,22.83,0.95,10,-1,-1
275,374,527.34,429.92,22.91,37.30,0.98,2,-1,-1
275,376,526.04,420.49,22.44,43.09,0.93,2,-1,-1
275,378,545.10,224.62,77.04,33.47,0.98,4,-1,-1
275,271,219.80,185.69,14.86,22.81,0.93,10,-1,-1
275,380,317.81,274.29,40.36,31.44,0.95,10,-1,-1
275,382,306.88,213.46,20.82,21.75,0.85,10,-1,-1
275,335,216.09,221.32,18.13,27.26,0.80,10,-1,-1
275,393,46.31,272.46,34.70,21.99,0.91,10,-1,-1
275,401,567.81,475.39,39.66,54.17,0.95,10,-1,-1
275,403,364.35,167.22,16.58,22.08,0.79,10,-1,-1
275,306,167.75,229.39,17.79,27.78,0.96,10,-1,-1
275,419,106.60,215.14,17.09,22.43,0.58,10,-1,-1
275,426,191.39,254.84,33.86,21.06,0.90,10,-1,-1
275,427,421.90,183.83,21.24,26.14,0.83,4,-1,-1
275,428,576.06,464.50,27.25,56.03,0.97,2,-1,-1
275,438,347.90,176.14,15.36,24.50,0.58,10,-1,-1
275,441,429.04,193.75,12.24,25.56,0.39,1,-1,-1
275,445,902.44,439.36,42.41,39.67,0.47,7,-1,-1
275,304,330.39,135.19,17.68,21.13,0.47,4,-1,-1
275,440,413.29,200.51,13.84,24.42,0.79,10,-1,-1
275,451,390.03,186.14,14.63,21.27,0.89,10,-1,-1
275,396,591.20,321.41,40.43,49.19,0.33,8,-1,-1
275,317,339.93,187.76,15.03,23.09,0.94,10,-1,-1
275,457,572.31,468.32,23.85,43.29,0.72,2,-1,-1
275,358,553.54,297.02,14.44,33.20,0.70,1,-1,-1
275,381,224.00,243.52,29.24,22.39,0.89,10,-1,-1
275,459,588.84,357.38,43.42,63.79,0.37,8,-1,-1
275,268,492.47,258.34,63.17,34.01,0.67,10,-1,-1
275,272,434.90,318.47,17.35,30.30,0.27,10,-1,-1
275,463,362.40,186.93,17.06,21.95,0.90,10,-1,-1
275,464,692.32,241.68,30.41,26.53,0.88,10,-1,-1
275,410,433.75,322.81,18.41,33.25,0.95,10,-1,-1
275,421,383.37,178.45,19.06,21.93,0.81,10,-1,-1
275,466,682.72,243.49,38.98,28.60,0.53,10,-1,-1
275,27,409.22,162.41,19.96,18.93,0.67,4,-1,-1
275,450,413.21,200.51,14.02,24.67,0.66,10,-1,-1
275,468,471.26,214.05,18.82,20.30,0.63,10,-1,-1
275,191,369.12,127.83,16.87,17.93,0.43,4,-1,-1
275,397,72.43,255.10,54.06,30.76,0.98,10,-1,-1
275,469,383.00,178.69,19.29,21.09,0.71,4,-1,-1
276,1,29.64,201.69,55.95,25.80,0.63,4,-1,-1
276,4,86.80,182.29,47.34,25.35,0.87,4,-1,-1
276,8,146.45,184.40,32.09,23.67,0.99,4,-1,-1
276,16,255.70,182.84,28.48,27.94,0.98,4,-1,-1
276,17,261.90,169.39,25.21,23.99,0.87,4,-1,-1
276,22,294.85,181.39,27.28,25.90,0.91,4,-1,-1
276,26,337.78,435.65,72.79,95.85,1.00,4,-1,-1
276,44,391.74,168.23,24.79,21.59,0.99,4,-1,-1
276,45,462.18,327.63,40.24,49.07,0.96,7,-1,-1
276,66,435.16,442.06,77.54,95.20,1.00,4,-1,-1
276,198,521.15,246.05,76.60,29.92,0.97,4,-1,-1
276,202,256.00,244.70,84.48,33.93,0.98,4,-1,-1
276,252,522.10,371.53,73.16,71.52,0.98,4,-1,-1
276,255,397.67,149.36,19.96,18.56,0.70,4,-1,-1
276,286,392.41,238.18,73.75,30.46,0.98,4,-1,-1
276,150,501.17,316.77,49.79,49.46,1.00,4,-1,-1
276,301,150.04,228.84,21.57,29.68,0.93,10,-1,-1
276,130,506.63,288.66,25.28,28.96,0.23,10,-1,-1
276,43,375.63,203.62,32.08,28.75,0.99,4,-1,-1
276,289,204.70,215.87,16.09,26.13,0.83,10,-1,-1
276,359,522.41,425.67,30.37,53.38,0.88,10,-1,-1
276,364,231.69,193.49,15.65,22.20,0.82,10,-1,-1
276,372,49.13,239.06,31.98,21.81,0.99,10,-1,-1
276,374,526.36,429.86,23.26,36.50,0.99,2,-1,-1
276,376,525.31,419.31,21.49,42.46,0.51,2,-1,-1
276,378,541.29,225.04,76.89,33.07,0.97,4,-1,-1
276,271,219.48,186.31,14.61,22.53,0.92,10,-1,-1
276,380,322.01,273.16,39.93,32.05,0.89,10,-1,-1
276,382,307.10,215.03,20.70,20.52,0.81,10,-1,-1
276,335,216.64,221.71,17.52,27.03,0.76,10,-1,-1
276,393,38.97,273.00,35.00,22.22,0.88,10,-1,-1
276,401,567.55,472.75,38.95,56.96,0.90,10,-1,-1
276,403,364.34,166.94,16.78,21.27,0.77,10,-1,-1
276,306,167.71,229.97,17.97,27.15,0.96,10,-1,-1
276,419,106.79,215.47,16.92,22.12,0.92,10,-1,-1
276,426,185.15,255.74,34.38,20.84,0.95,10,-1,-1
276,427,421.89,183.96,21.16,26.42,0.77,4,-1,-1
276,428,575.20,464.64,27.50,56.05,0.94,2,-1,-1
276,438,347.32,175.91,15.08,23.55,0.56,10,-1,-1
276,441,428.52,193.78,12.13,25.40,0.63,1,-1,-1
276,445,902.29,439.75,42.22,39.74,0.50,7,-1,-1
276,304,330.64,135.48,17.13,21.17,0.54,4,-1,-1
276,440,413.38,200.33,13.46,24.42,0.82,10,-1,-1
276,451,390.22,185.92,14.39,21.31,0.94,10,-1,-1
276,396,591.38,321.80,40.24,49.78,0.68,8,-1,-1
276,317,340.76,187.64,14.63,22.78,0.86,10,-1,-1
276,457,571.10,469.17,23.98,44.58,0.43,2,-1,-1
276,358,555.24,298.00,14.43,33.12,0.88,1,-1,-1
276,381,220.78,244.48,28.87,21.68,0.91,10,-1,-1
276,459,588.80,357.93,42.99,63.51,0.73,8,-1,-1
276,268,494.64,258.24,62.19,34.72,0.72,10,-1,-1
276,272,435.27,319.65,16.16,28.36,0.31,10,-1,-1
276,463,361.26,186.92,16.47,21.10,0.96,10,-1,-1
276,464,695.12,242.48,30.84,26.62,0.61,10,-1,-1
276,410,434.06,323.91,17.76,32.36,0.97,10,-1,-1
276,421,382.57,177.83,19.19,21.52,0.88,10,-1,-1
276,466,684.84,243.91,39.72,28.04,0.55,10,-1,-1
276,27,409.43,162.58,19.50,18.75,0.63,4,-1,-1
276,468,470.24,213.58,18.19,20.29,0.78,10,-1,-1
276,191,369.12,127.79,16.47,17.71,0.85,4,-1,-1
276,397,67.39,255.61,53.62,30.16,0.77,10,-1,-1
276,470,591.23,322.13,40.38,52.43,0.64,4,-1,-1
276,329,692.44,433.78,24.03,35.31,0.67,2,-1,-1
276,400,602.33,212.14,48.97,26.59,0.60,4,-1,-1
277,1,28.69,201.44,57.33,26.21,0.75,4,-1,-1
277,4,86.52,182.38,48.07,25.52,0.91,4,-1,-1
277,8,146.43,184.88,32.24,23.35,0.99,4,-1,-1
277,16,255.80,183.04,28.57,27.99,0.96,4,-1,-1
277,17,262.28,169.61,24.90,23.70,0.90,4,-1,-1
277,22,295.08,181.68,27.07,25.89,0.94,4,-1,-1
277,26,337.60,435.83,72.89,96.23,1.00,4,-1,-1
277,44,391.15,168.51,25.52,21.66,0.98,4,-1,-1
277,45,462.03,328.26,40.34,48.54,1.00,7,-1,-1
277,66,435.35,442.59,77.66,94.72,1.00,4,-1,-1
277,198,522.26,245.89,77.32,30.03,0.97,4,-1,-1
277,202,251.69,245.31,85.28,34.04,0.98,4,-1,-1
277,252,522.14,371.54,72.99,72.03,0.98,4,-1,-1
277,255,397.76,149.81,19.89,18.22,0.85,4,-1,-1
277,286,388.70,238.73,73.64,30.46,0.98,4,-1,-1
277,150,501.34,317.39,49.15,49.03,1.00,4,-1,-1
277,301,150.00,228.94,21.83,29.57,0.93,10,-1,-1
277,130,508.82,293.91,25.98,25.98,0.53,10,-1,-1
277,43,375.79,203.69,31.88,28.64,0.99,4,-1,-1
277,289,204.41,215.98,16.24,26.01,0.91,10,-1,-1
277,359,522.12,424.98,29.77,53.52,0.95,10,-1,-1
277,364,231.74,193.75,15.65,22.05,0.84,10,-1,-1
277,372,45.29,239.77,32.17,22.05,0.98,10,-1,-1
277,374,525.84,429.22,23.00,37.02,0.98,2,-1,-1
277,376,524.89,419.25,22.37,43.83,0.80,2,-1,-1
277,378,538.19,225.07,77.03,32.11,0.98,4,-1,-1
277,271,218.70,187.06,15.32,22.41,0.93,10,-1,-1
277,380,325.63,273.24,40.98,32.07,0.93,10,-1,-1
277,382,307.40,216.05,20.65,19.64,0.92,10,-1,-1
277,335,216.98,222.59,17.08,26.73,0.87,10,-1,-1
277,393,32.13,274.62,35.36,21.50,0.77,10,-1,-1
277,401,567.92,473.14,38.28,56.78,0.93,10,-1,-1
277,403,364.15,166.86,17.25,21.15,0.78,10,-1,-1
277,306,167.23,230.03,18.24,27.52,0.90,10,-1,-1
277,419,106.89,215.54,16.96,22.41,0.81,10,-1,-1
277,426,179.56,256.07,34.38,21.57,0.92,10,-1,-1
277,427,422.09,184.31,21.13,26.51,0.92,4,-1,-1
277,428,574.93,464.85,27.60,56.84,0.90,2,-1,-1
277,438,347.15,175.37,14.99,23.36,0.46,10,-1,-1
277,441,427.95,193.49,12.49,25.74,0.47,1,-1,-1
277,445,902.65,439.99,42.16,39.76,0.37,7,-1,-1
277,304,330.75,135.66,16.93,21.33,0.64,4,-1,-1
277,440,413.42,200.96,13.71,23.82,0.81,10,-1,-1
277,451,390.28,186.24,14.32,21.52,0.96,10,-1,-1
277,396,591.46,322.11,40.17,51.18,0.51,8,-1,-1
277,317,341.83,187.42,14.08,22.65,0.80,10,-1,-1
277,457,571.51,469.24,23.63,44.65,0.38,2,-1,-1
277,358,556.43,297.82,15.24,33.18,0.68,1,-1,-1
277,381,217.53,244.64,30.12,21.61,0.92,10,-1,-1
277,459,589.01,357.88,43.04,64.20,0.32,8,-1,-1
277,268,496.02,258.48,59.34,34.19,0.85,10,-1,-1
277,272,435.64,322.14,14.89,26.01,0.28,10,-1,-1
277,463,360.30,186.32,16.27,21.17,0.93,10,-1,-1
277,464,698.03,243.20,30.18,26.21,0.19,10,-1,-1
277,410,434.40,325.90,17.12,30.82,0.97,10,-1,-1
277,421,382.10,178.13,19.25,21.18,0.82,10,-1,-1
277,466,688.08,244.63,38.22,27.17,0.15,10,-1,-1
277,27,409.11,162.64,19.74,19.08,0.87,4,-1,-1
277,468,469.05,213.66,18.02,20.04,0.82,10,-1,-1
277,191,369.32,127.84,16.32,17.62,0.83,4,-1,-1
277,397,62.08,256.54,53.06,30.13,0.94,10,-1,-1
277,329,692.42,430.88,24.10,38.40,0.32,2,-1,-1
277,400,604.68,212.34,46.61,26.47,0.40,4,-1,-1
277,471,413.44,200.99,13.86,23.81,0.74,1,-1,-1
277,442,589.83,259.87,31.51,26.10,0.77,10,-1,-1
278,1,27.15,201.55,58.55,26.38,0.85,4,-1,-1
278,4,87.27,182.33,47.75,25.59,0.87,4,-1,-1
278,8,146.26,185.10,32.28,23.23,0.99,4,-1,-1
278,16,255.98,183.38,28.20,27.82,0.97,4,-1,-1
278,17,262.76,170.15,24.17,23.58,0.84,4,-1,-1
278,22,295.30,181.85,26.68,25.70,0.95,4,-1,-1
278,26,338.11,436.24,72.50,95.98,1.00,4,-1,-1
278,44,391.56,168.81,24.99,21.49,0.97,4,-1,-1
278,45,462.16,328.28,40.37,49.13,1.00,7,-1,-1
278,66,435.19,442.75,77.68,94.56,1.00,4,-1,-1
278,198,524.00,245.94,75.99,29.69,0.89,4,-1,-1
278,202,247.84,245.88,86.54,34.09,0.99,4,-1,-1
278,252,522.14,371.94,72.91,71.84,0.99,4,-1,-1
278,255,397.83,149.66,20.27,18.30,0.54,4,-1,-1
278,286,384.67,239.21,73.59,30.47,0.98,4,-1,-1
278,150,501.60,317.62,48.89,49.28,0.99,4,-1,-1
278,301,150.28,229.20,21.58,29.73,0.88,10,-1,-1
278,130,510.76,292.44,25.43,27.23,0.74,10,-1,-1
278,43,376.07,203.60,31.41,28.61,0.99,4,-1,-1
278,289,204.15,216.26,16.28,26.17,0.87,10,-1,-1
278,359,521.60,424.34,29.54,53.18,0.96,10,-1,-1
278,364,232.20,193.70,15.24,22.00,0.76,10,-1,-1
278,372,41.73,240.41,32.60,21.94,0.98,10,-1,-1
278,374,525.44,428.20,22.49,38.01,0.98,2,-1,-1
278,376,524.33,418.46,22.28,43.95,0.46,2,-1,-1
278,378,534.36,225.48,77.47,32.37,0.98,4,-1,-1
278,271,218.36,187.97,15.18,22.16,0.92,10,-1,-1
278,380,329.64,274.43,40.56,30.30,0.95,10,-1,-1
278,382,307.64,215.86,20.53,20.14,0.92,10,-1,-1
278,335,217.24,222.87,16.92,27.02,0.87,10,-1,-1
278,393,24.92,275.42,35.68,21.23,0.79,10,-1,-1
278,401,568.24,473.50,38.02,57.10,0.93,10,-1,-1
278,403,364.11,166.92,17.03,20.51,0.70,10,-1,-1
278,306,167.18,229.98,18.73,27.65,0.93,10,-1,-1
278,419,106.93,215.89,17.18,22.12,0.91,10,-1,-1
278,426,174.20,256.61,34.17,21.64,0.84,10,-1,-1
278,427,422.19,184.24,21.11,26.55,0.65,4,-1,-1
278,428,574.00,465.33,28.03,55.96,0.92,2,-1,-1
278,438,346.54,175.27,15.37,23.29,0.26,10,-1,-1
278,441,427.58,193.28,12.62,25.87,0.56,1,-1,-1
278,304,330.84,135.99,16.85,21.39,0.48,4,-1,-1
278,440,413.46,200.79,13.41,23.99,0.83,10,-1,-1
278,451,390.53,186.73,14.30,21.01,0.97,10,-1,-1
278,317,343.22,187.23,13.47,22.41,0.61,10,-1,-1
278,457,571.85,468.47,23.90,45.07,0.15,2,-1,-1
278,358,557.42,298.25,15.92,33.49,0.74,1,-1,-1
278,381,214.27,244.63,30.77,22.00,0.93,10,-1,-1
278,459,589.07,358.27,43.44,64.05,0.17,8,-1,-1
278,268,497.46,258.97,55.38,33.18,0.77,10,-1,-1
278,463,359.43,185.90,16.21,20.98,0.87,10,-1,-1
278,410,434.52,326.20,16.89,30.66,0.97,10,-1,-1
278,421,381.58,178.03,19.26,20.45,0.86,10,-1,-1
278,27,409.02,162.55,20.22,19.41,0.80,4,-1,-1
278,468,468.28,212.07,15.76,21.26,0.71,10,-1,-1
278,191,369.44,127.80,16.27,17.60,0.90,4,-1,-1
278,397,55.66,256.48,54.15,30.52,0.83,10,-1,-1
278,329,693.16,431.82,23.32,38.55,0.26,2,-1,-1
278,400,606.01,212.95,45.68,26.03,0.50,4,-1,-1
278,471,413.21,201.03,13.86,23.81,0.87,10,-1,-1
278,442,591.23,259.66,31.83,25.30,0.81,10,-1,-1
279,1,25.84,201.71,60.06,26.64,0.83,4,-1,-1
279,4,86.76,182.62,48.34,25.61,0.91,4,-1,-1
279,8,146.62,185.26,32.21,23.19,0.99,4,-1,-1
279,16,255.79,183.27,28.67,28.15,0.97,4,-1,-1
279,17,262.89,170.41,24.11,23.34,0.89,4,-1,-1
279,22,295.14,182.07,26.95,25.82,0.93,4,-1,-1
279,26,338.13,436.90,72.39,95.89,1.00,4,-1,-1
279,44,392.10,169.05,24.40,21.43,0.98,4,-1,-1
279,45,462.25,328.15,40.40,49.76,1.00,7,-1,-1
279,66,435.19,443.10,77.73,94.51,1.00,4,-1,-1
279,198,528.21,245.79,74.30,29.15,0.96,4,-1,-1
279,202,243.90,246.47,87.04,34.30,0.98,4,-1,-1
279,252,522.41,372.36,72.52,72.17,0.98,4,-1,-1
279,255,398.03,149.93,20.02,17.74,0.34,4,-1,-1
279,286,381.10,239.83,73.19,30.26,0.98,4,-1,-1
279,150,501.74,317.95,48.82,49.37,0.99,4,-1,-1
279,301,150.51,229.60,21.48,29.80,0.90,10,-1,-1
279,130,512.25,292.82,25.65,27.04,0.75,10,-1,-1
279,43,376.15,203.52,31.27,28.60,0.99,4,-1,-1
279,289,204.00,216.65,16.51,26.43,0.86,10,-1,-1
279,359,520.70,424.00,29.89,52.66,0.97,10,-1,-1
279,364,232.22,193.85,15.50,22.19,0.80,10,-1,-1
279,372,37.84,241.44,33.06,22.12,0.97,10,-1,-1
279,374,524.78,428.70,22.32,36.02,0.96,2,-1,-1
279,376,524.01,417.84,21.46,41.22,0.80,2,-1,-1
279,378,531.87,226.35,77.27,32.06,0.98,4,-1,-1
279,271,217.90,188.77,15.13,22.07,0.92,10,-1,-1
279,380,333.95,275.51,39.63,28.99,0.92,10,-1,-1
279,382,307.60,216.46,20.80,20.33,0.93,10,-1,-1
279,335,217.38,223.45,16.87,26.53,0.85,10,-1,-1
279,393,18.21,274.73,35.99,22.13,0.79,10,-1,-1
279,401,568.46,473.32,37.95,57.63,0.95,10,-1,-1
279,403,364.47,166.60,16.55,20.67,0.22,10,-1,-1
279,306,167.00,230.16,18.93,28.30,0.93,10,-1,-1
279,419,107.15,216.32,16.77,22.01,0.81,10,-1,-1
279,426,167.95,257.39,34.70,21.67,0.85,10,-1,-1
279,427,422.42,184.44,21.11,26.76,0.62,4,-1,-1
279,428,574.16,466.19,27.82,55.22,0.90,2,-1,-1
279,438,346.72,174.80,14.72,23.66,0.31,10,-1,-1
279,441,427.26,193.24,12.67,25.92,0.67,1,-1,-1
279,304,330.64,136.25,16.84,21.32,0.88,4,-1,-1
279,451,390.61,186.75,14.32,21.23,0.96,10,-1,-1
279,317,344.05,187.12,13.67,22.32,0.76,10,-1,-1
279,358,559.37,299.82,16.19,32.62,0.42,1,-1,-1
279,381,210.74,245.10,31.02,21.95,0.95,10,-1,-1
279,459,589.17,359.65,42.82,62.79,0.86,8,-1,-1
279,268,499.76,259.49,52.66,32.19,0.89,10,-1,-1
279,463,358.94,185.10,15.79,21.52,0.83,10,-1,-1
279,410,434.79,327.57,16.41,29.41,0.94,10,-1,-1
279,421,381.18,177.74,19.28,20.80,0.89,10,-1,-1
279,27,409.77,162.95,19.62,19.34,0.18,4,-1,-1
279,468,467.19,211.88,15.96,21.46,0.74,10,-1,-1
279,191,369.26,127.66,16.25,17.99,0.80,4,-1,-1
279,397,49.42,258.06,54.48,29.88,0.92,10,-1,-1
279,329,692.36,432.81,23.84,37.82,0.50,2,-1,-1
279,400,608.15,213.67,43.76,25.27,0.55,4,-1,-1
279,442,592.95,259.41,31.95,24.84,0.83,10,-1,-1
279,444,633.28,248.38,27.83,27.33,0.68,10,-1,-1
280,1,25.38,201.69,61.03,26.95,0.88,4,-1,-1
280,4,87.20,183.26,47.66,25.23,0.94,4,-1,-1
280,8,146.83,185.37,32.43,22.98,1.00,4,-1,-1
280,16,255.83,183.48,29.04,28.08,0.95,4,-1,-1
280,17,262.95,170.67,23.88,22.85,0.80,4,-1,-1
280,22,295.08,182.21,27.05,25.87,0.92,4,-1,-1
280,26,338.31,437.26,72.33,95.85,1.00,4,-1,-1
280,44,391.89,169.12,24.57,21.40,0.98,4,-1,-1
280,45,462.65,329.03,40.00,49.19,0.99,7,-1,-1
280,66,435.54,443.55,77.72,94.10,0.99,4,-1,-1
280,198,529.44,245.90,74.88,29.16,0.97,4,-1,-1
280,202,239.97,246.92,86.81,34.57,0.98,4,-1,-1
280,252,522.66,372.87,71.95,71.49,0.97,4,-1,-1
280,255,398.30,150.10,19.52,17.93,0.66,4,-1,-1
280,286,377.49,240.11,73.02,30.38,0.97,4,-1,-1
280,150,501.75,318.23,48.78,49.40,0.99,4,-1,-1
280,301,150.68,229.68,21.39,29.62,0.96,10,-1,-1
280,130,514.50,294.01,27.75,27.08,0.73,10,-1,-1
280,43,376.16,203.46,31.21,28.60,0.99,4,-1,-1
280,289,204.16,217.04,16.38,26.32,0.75,10,-1,-1
280,359,519.92,423.03,30.01,52.87,0.97,10,-1,-1
280,364,232.24,193.96,15.80,22.25,0.83,10,-1,-1
280,372,34.75,242.32,32.24,21.98,0.97,10,-1,-1
280,374,524.10,428.26,22.26,36.05,0.89,2,-1,-1
280,376,523.45,417.17,21.56,41.79,0.79,2,-1,-1
280,378,528.82,226.85,76.78,31.95,0.98,4,-1,-1
280,271,217.65,189.30,14.91,21.83,0.95,10,-1,-1
280,380,338.59,276.88,38.86,26.88,0.91,10,-1,-1
280,382,307.48,216.53,20.99,20.40,0.94,10,-1,-1
280,335,217.34,223.92,17.05,26.53,0.84,10,-1,-1
280,393,11.55,274.97,36.23,22.46,0.80,10,-1,-1
280,401,567.68,475.57,38.72,55.44,0.96,10,-1,-1
280,403,364.80,166.16,16.36,20.73,0.23,10,-1,-1
280,306,167.15,230.85,18.99,28.15,0.95,10,-1,-1
280,419,107.42,216.32,16.51,22.37,0.68,10,-1,-1
280,426,161.73,258.20,34.89,22.08,0.85,10,-1,-1
280,427,422.49,184.39,21.10,27.63,0.32,4,-1,-1
280,428,572.36,466.46,29.33,55.34,0.95,2,-1,-1
280,438,346.41,174.62,14.88,22.81,0.17,10,-1,-1
280,441,426.74,193.59,12.68,25.54,0.76,1,-1,-1
280,304,330.77,136.62,16.43,21.08,0.82,4,-1,-1
280,451,390.82,186.82,13.92,20.91,0.96,10,-1,-1
280,317,345.12,187.16,13.74,21.89,0.54,10,-1,-1
280,358,561.40,300.06,15.50,32.58,0.38,1,-1,-1
280,381,207.35,245.90,31.31,21.54,0.96,10,-1,-1
280,459,589.34,360.93,42.77,60.69,0.32,8,-1,-1
280,268,501.92,259.35,50.02,31.61,0.94,10,-1,-1
280,463,358.19,185.00,15.22,20.90,0.91,10,-1,-1
280,410,434.85,327.80,16.24,29.77,0.97,10,-1,-1
280,421,381.04,177.32,19.28,20.94,0.93,10,-1,-1
280,468,465.35,211.92,16.88,21.31,0.85,10,-1,-1
280,191,369.38,127.74,16.25,17.65,0.68,4,-1,-1
280,397,43.65,259.18,54.70,29.63,0.90,10,-1,-1
280,329,693.57,432.33,23.23,37.93,0.29,2,-1,-1
280,400,608.42,213.81,43.11,25.41,0.46,4,-1,-1
280,442,594.69,258.18,31.59,25.90,0.79,10,-1,-1
280,444,636.42,246.90,28.56,29.74,0.58,10,-1,-1
280,472,369.14,127.69,16.27,17.78,0.62,5,-1,-1
280,473,412.83,202.05,14.46,22.60,0.74,10,-1,-1
280,396,591.29,323.62,40.35,50.26,0.83,8,-1,-1
280,440,413.94,200.17,12.81,24.55,0.56,10,-1,-1
281,1,25.82,202.45,60.31,26.47,0.89,4,-1,-1
281,4,87.59,183.37,47.11,25.28,0.90,4,-1,-1
281,8,147.04,185.38,32.56,23.30,0.99,4,-1,-1
281,16,255.93,183.24,29.38,28.45,0.95,4,-1,-1
281,17,262.85,170.84,24.20,22.46,0.87,4,-1,-1
281,22,295.04,182.43,27.08,26.09,0.91,4,-1,-1
281,26,338.36,437.37,72.31,96.24,1.00,4,-1,-1
281,44,391.60,169.11,25.04,21.60,0.98,4,-1,-1
281,45,462.79,330.34,39.85,48.18,0.99,7,-1,-1
281,66,435.46,444.09,77.73,93.56,1.00,4,-1,-1
281,198,529.41,246.43,75.90,29.77,0.97,4,-1,-1
281,202,236.32,247.26,87.20,34.87,0.97,4,-1,-1
281,252,522.55,372.84,72.15,72.03,0.98,4,-1,-1
281,255,397.97,150.23,19.33,18.20,0.89,4,-1,-1
281,286,373.27,240.47,73.76,30.43,0.96,4,-1,-1
281,150,501.54,318.70,48.78,49.02,0.99,4,-1,-1
281,301,150.52,229.59,21.75,30.15,0.97,10,-1,-1
281,130,515.68,293.09,29.30,29.64,0.89,10,-1,-1
281,43,375.95,203.61,31.21,28.40,0.99,4,-1,-1
281,289,204.01,217.05,16.14,26.67,0.73,10,-1,-1
281,359,519.04,422.08,30.06,52.95,0.96,10,-1,-1
281,364,232.22,193.87,16.30,22.68,0.88,10,-1,-1
281,372,30.96,243.09,32.56,21.94,0.95,10,-1,-1
281,374,523.65,426.69,22.24,37.27,0.92,2,-1,-1
281,376,522.85,416.13,21.60,42.80,0.86,2,-1,-1
281,378,525.79,227.30,75.80,32.11,0.95,4,-1,-1
281,271,216.96,189.46,15.42,22.74,0.93,10,-1,-1
281,380,342.34,276.22,39.40,26.94,0.91,10,-1,-1
281,382,307.22,217.22,21.06,19.84,0.96,10,-1,-1
281,335,217.11,223.67,17.12,26.54,0.79,10,-1,-1
281,393,5.03,275.22,35.99,22.19,0.87,10,-1,-1
281,401,567.79,474.00,38.21,57.42,0.94,10,-1,-1
281,403,365.50,165.88,15.89,21.16,0.18,10,-1,-1
281,306,167.00,230.99,19.21,28.09,0.94,10,-1,-1
281,419,107.34,216.29,16.62,23.11,0.44,10,-1,-1
281,426,155.20,258.65,35.76,22.43,0.89,10,-1,-1
281,427,422.50,184.74,21.10,27.95,0.60,4,-1,-1
281,428,572.09,466.93,29.50,54.99,0.96,2,-1,-1
281,441,426.35,194.21,12.29,24.99,0.68,1,-1,-1
281,304,330.20,136.72,17.09,21.30,0.71,4,-1,-1
281,451,390.88,186.40,14.20,21.19,0.97,10,-1,-1
281,317,346.06,186.76,13.38,22.13,0.41,10,-1,-1
281,358,562.70,300.21,15.23,32.67,0.31,1,-1,-1
281,381,204.19,246.06,31.21,22.00,0.83,10,-1,-1
281,459,589.20,360.75,42.96,61.95,0.43,8,-1,-1
281,268,503.84,259.67,51.53,31.80,0.67,10,-1,-1
281,463,357.75,184.55,15.03,20.86,0.76,10,-1,-1
281,410,434.86,327.24,16.19,30.72,0.96,10,-1,-1
281,421,380.39,177.35,20.08,20.99,0.92,7,-1,-1
281,468,465.15,211.73,15.97,21.24,0.80,10,-1,-1
281,191,369.22,127.65,16.25,17.72,0.80,4,-1,-1
281,397,36.63,260.15,55.68,29.14,0.98,10,-1,-1
281,329,693.23,433.52,22.99,37.17,0.44,2,-1,-1
281,400,608.06,213.82,43.76,25.87,0.43,4,-1,-1
281,442,598.27,255.14,29.25,28.46,0.78,10,-1,-1
281,444,638.62,247.07,27.98,29.60,0.77,10,-1,-1
281,472,368.90,127.66,16.27,17.78,0.62,5,-1,-1
281,473,413.07,201.00,13.50,23.81,0.80,1,-1,-1
281,396,591.24,324.19,40.37,50.90,0.45,8,-1,-1
281,440,413.39,200.90,13.51,23.87,0.62,10,-1,-1
282,1,24.67,202.26,61.19,27.08,0.93,4,-1,-1
282,4,87.98,183.53,46.70,25.10,0.90,4,-1,-1
282,8,147.16,185.59,32.56,23.43,0.99,4,-1,-1
282,16,255.97,183.55,29.31,28.19,0.96,4,-1,-1
282,17,263.11,171.10,23.93,21.92,0.92,4,-1,-1
282,22,295.13,182.71,26.80,25.98,0.94,4,-1,-1
282,26,338.39,437.61,72.31,96.38,1.00,4,-1,-1
282,44,391.69,169.51,25.22,21.27,0.98,4,-1,-1
282,45,462.65,330.63,39.79,48.19,0.99,7,-1,-1
282,66,435.65,444.69,77.34,93.37,1.00,4,-1,-1
282,198,530.93,247.21,76.29,29.80,0.96,4,-1,-1
282,202,231.81,247.87,88.04,34.78,0.95,4,-1,-1
282,252,522.72,373.23,72.23,71.84,0.97,4,-1,-1
282,255,397.65,150.18,20.07,18.51,0.73,4,-1,-1
282,286,369.84,240.80,73.64,30.44,0.88,4,-1,-1
282,150,501.67,319.08,49.18,48.87,0.99,4,-1,-1
282,301,150.51,229.86,22.14,30.55,0.97,10,-1,-1
282,130,517.83,297.61,31.06,29.99,0.65,10,-1,-1
282,43,376.06,203.58,30.82,28.53,0.99,4,-1,-1
282,289,204.36,217.56,15.64,27.00,0.71,10,-1,-1
282,359,518.75,421.15,29.69,52.98,0.92,10,-1,-1
282,364,232.31,194.14,16.50,22.84,0.89,10,-1,-1
282,372,27.49,244.46,32.17,21.53,0.96,10,-1,-1
282,374,522.52,425.34,22.64,37.33,0.60,2,-1,-1
282,376,522.06,415.37,21.62,43.97,0.85,2,-1,-1
282,378,521.38,227.46,77.44,32.77,0.97,4,-1,-1
282,271,217.10,190.10,14.63,22.69,0.95,10,-1,-1
282,380,346.39,275.50,39.20,27.98,0.96,10,-1,-1
282,382,307.61,216.66,20.60,20.23,0.97,10,-1,-1
282,335,217.22,223.78,16.95,26.73,0.81,10,-1,-1
282,393,-0.67,275.91,34.44,21.89,0.89,10,-1,-1
282,401,567.26,475.61,38.83,56.17,0.96,10,-1,-1
282,403,364.76,166.09,16.53,21.12,0.19,10,-1,-1
282,306,166.94,231.25,19.30,28.06,0.94,10,-1,-1
282,419,107.46,216.49,16.36,23.19,0.66,10,-1,-1
282,426,149.07,258.72,36.28,23.55,0.91,10,-1,-1
282,427,422.31,184.97,20.70,27.87,0.53,4,-1,-1
282,428,573.02,467.31,28.38,54.06,0.95,2,-1,-1
282,441,426.03,194.34,12.14,24.99,0.72,1,-1,-1
282,304,330.00,136.86,17.33,21.97,0.79,4,-1,-1
282,451,391.10,186.25,13.91,21.50,0.96,10,-1,-1
282,358,564.34,300.75,15.13,33.79,0.69,1,-1,-1
282,381,200.44,246.51,31.16,21.77,0.92,10,-1,-1
282,459,589.36,361.08,43.24,61.61,0.25,8,-1,-1
282,268,505.69,260.19,52.87,31.48,0.40,10,-1,-1
282,463,357.22,183.91,14.98,21.44,0.72,10,-1,-1
282,410,434.87,327.82,16.18,30.68,0.97,10,-1,-1
282,421,379.77,177.27,20.38,20.82,0.90,7,-1,-1
282,468,464.74,211.48,15.23,21.41,0.84,10,-1,-1
282,191,368.96,127.47,16.65,18.04,0.56,4,-1,-1
282,397,29.83,261.21,56.72,28.56,0.97,10,-1,-1
282,329,694.33,433.55,22.11,37.29,0.32,2,-1,-1
282,400,607.30,214.02,44.23,26.05,0.34,4,-1,-1
282,442,600.18,253.14,28.97,30.58,0.56,10,-1,-1
282,444,640.99,247.25,28.57,29.74,0.40,10,-1,-1
282,472,369.09,127.66,16.74,17.67,0.69,4,-1,-1
282,396,591.44,324.19,39.78,50.31,0.86,8,-1,-1
283,1,25.04,203.00,61.06,26.72,0.96,4,-1,-1
283,4,88.66,184.01,46.25,24.83,0.92,4,-1,-1
283,8,147.64,185.90,32.36,23.27,0.99,4,-1,-1
283,16,256.21,183.70,29.28,28.49,0.95,4,-1,-1
283,17,263.14,171.13,24.22,22.53,0.89,4,-1,-1
283,22,295.49,182.75,27.00,26.33,0.91,4,-1,-1
283,26,339.03,437.91,71.51,96.43,1.00,4,-1,-1
283,44,391.75,170.19,25.29,20.94,0.98,4,-1,-1
283,45,462.82,331.35,39.77,47.80,0.99,7,-1,-1
283,66,435.94,445.32,77.19,92.50,0.99,4,-1,-1
283,198,533.43,247.44,75.25,29.01,0.98,4,-1,-1
283,202,228.49,248.33,87.15,34.94,0.97,4,-1,-1
283,252,523.01,373.60,71.86,71.36,0.97,4,-1,-1
283,255,397.56,150.20,20.74,18.62,0.91,4,-1,-1
283,286,365.93,241.24,73.59,30.45,0.93,4,-1,-1
283,150,501.55,319.44,49.73,48.82,0.99,4,-1,-1
283,301,150.64,230.38,22.08,29.91,0.93,10,-1,-1
283,130,519.60,297.46,32.90,32.48,0.80,10,-1,-1
283,43,375.93,203.50,31.08,28.58,0.99,4,-1,-1
283,289,204.43,217.68,15.85,27.32,0.71,10,-1,-1
283,359,518.49,419.85,29.55,53.80,0.94,10,-1,-1
283,364,232.18,194.17,16.77,23.49,0.88,10,-1,-1
283,372,23.78,245.77,32.12,21.18,0.96,10,-1,-1
283,374,521.94,421.29,22.39,40.53,0.86,2,-1,-1
283,376,520.81,419.65,24.43,46.39,0.38,2,-1,-1
283,378,517.48,227.94,77.26,34.01,0.92,4,-1,-1
283,271,216.91,190.95,14.72,22.46,0.90,10,-1,-1
283,380,350.57,276.06,38.33,27.57,0.95,10,-1,-1
283,382,308.00,216.69,20.42,20.98,0.96,10,-1,-1
283,335,217.29,224.34,17.29,26.01,0.71,10,-1,-1
283,393,-2.65,276.58,29.26,21.97,0.71,10,-1,-1
283,401,566.70,476.45,39.05,55.27,0.95,10,-1,-1
283,403,364.32,166.52,17.15,21.11,0.33,10,-1,-1
283,306,167.25,231.87,19.13,27.06,0.94,10,-1,-1
283,419,107.54,216.69,16.47,23.22,0.62,10,-1,-1
283,426,142.83,260.12,36.47,23.00,0.87,10,-1,-1
283,427,422.46,185.39,20.55,27.04,0.83,4,-1,-1
283,428,573.42,467.87,27.94,53.72,0.91,2,-1,-1
283,441,425.95,194.82,12.08,24.79,0.80,1,-1,-1
283,304,329.56,137.14,18.22,22.42,0.59,4,-1,-1
283,451,391.40,186.32,13.80,21.62,0.98,10,-1,-1
283,358,565.32,300.58,15.89,35.00,0.72,1,-1,-1
283,381,197.29,247.00,31.34,21.49,0.90,10,-1,-1
283,459,589.43,361.82,42.94,61.88,0.15,8,-1,-1
283,268,507.54,260.11,51.79,31.96,0.27,10,-1,-1
283,463,356.68,183.32,14.97,22.06,0.78,10,-1,-1
283,410,435.10,328.85,16.59,29.87,0.97,10,-1,-1
283,421,379.38,177.09,19.70,20.96,0.89,7,-1,-1
283,468,463.61,211.94,15.83,21.06,0.90,10,-1,-1
283,191,368.89,127.54,17.20,17.87,0.51,4,-1,-1
283,397,23.71,261.40,57.51,29.15,0.99,10,-1,-1
283,400,607.42,213.71,44.44,26.72,0.43,4,-1,-1
283,442,601.44,251.53,29.08,31.60,0.68,10,-1,-1
283,444,643.42,247.45,29.59,29.40,0.54,10,-1,-1
283,472,369.17,127.73,17.35,17.63,0.79,4,-1,-1
283,396,591.73,324.80,39.36,50.09,0.73,8,-1,-1
283,474,413.44,200.99,13.26,23.81,0.72,10,-1,-1
283,440,413.44,200.76,12.85,23.82,0.84,10,-1,-1
284,1,24.99,203.31,61.59,26.38,0.95,4,-1,-1
284,4,89.50,184.92,45.59,23.93,0.92,4,-1,-1
284,8,147.86,186.04,32.68,23.62,1.00,4,-1,-1
284,16,256.54,183.98,29.07,28.40,0.94,4,-1,-1
284,17,263.38,171.17,24.33,22.76,0.89,4,-1,-1
284,22,295.86,182.69,27.07,26.46,0.94,4,-1,-1
284,26,339.70,438.35,71.21,96.45,1.00,4,-1,-1
284,44,392.21,170.18,25.31,21.02,0.98,4,-1,-1
284,45,463.51,332.15,39.36,47.25,0.98,7,-1,-1
284,66,436.27,445.68,77.13,92.19,0.99,4,-1,-1
284,198,535.32,248.07,74.85,29.72,0.97,4,-1,-1
284,202,225.03,248.71,86.99,35.00,0.97,4,-1,-1
284,252,523.14,373.67,72.12,71.58,0.98,4,-1,-1
284,255,397.96,150.63,19.82,18.47,0.85,4,-1,-1
284,286,362.84,241.43,73.56,30.65,0.95,4,-1,-1
284,150,501.72,319.50,50.33,49.20,0.99,4,-1,-1
284,301,151.12,230.61,22.06,29.66,0.94,10,-1,-1
284,130,522.19,297.23,32.85,34.09,0.68,10,-1,-1
284,43,376.11,203.61,31.18,28.40,0.99,4,-1,-1
284,289,204.69,217.95,15.93,26.85,0.80,10,-1,-1
284,359,518.03,419.52,29.50,53.31,0.94,10,-1,-1
284,364,232.56,194.31,16.47,23.74,0.92,10,-1,-1
284,372,20.66,246.86,31.87,20.65,0.92,10,-1,-1
284,374,521.37,420.51,22.30,40.17,0.81,2,-1,-1
284,376,519.62,420.46,26.21,48.08,0.35,2,-1,-1
284,378,513.56,228.34,77.98,35.26,0.95,4,-1,-1
284,271,216.79,191.39,14.95,23.17,0.97,10,-1,-1
284,380,354.19,274.61,38.82,28.83,0.95,10,-1,-1
284,382,308.47,215.54,20.05,22.24,0.93,10,-1,-1
284,335,217.25,224.99,17.61,25.33,0.77,10,-1,-1
284,393,-2.46,277.14,22.41,24.38,0.74,10,-1,-1
284,401,566.91,475.89,38.34,55.74,0.94,10,-1,-1
284,403,364.57,167.12,17.39,20.70,0.56,10,-1,-1
284,306,168.10,231.63,18.46,27.88,0.95,10,-1,-1
284,419,108.05,216.89,15.91,23.23,0.60,10,-1,-1
284,426,136.15,260.27,37.32,23.37,0.91,10,-1,-1
284,427,422.94,185.58,20.09,26.92,0.87,4,-1,-1
284,428,572.19,467.00,28.98,53.99,0.92,2,-1,-1
284,441,425.77,194.94,12.06,24.51,0.83,1,-1,-1
284,304,329.83,137.52,18.16,22.34,0.36,4,-1,-1
284,451,391.74,186.48,13.37,21.27,0.98,10,-1,-1
284,358,566.47,302.00,15.77,33.89,0.48,1,-1,-1
284,381,193.98,246.99,31.40,21.99,0.94,10,-1,-1
284,459,589.69,362.21,42.63,62.79,0.43,8,-1,-1
284,268,509.78,259.72,50.57,32.73,0.27,10,-1,-1
284,463,356.35,182.86,14.56,22.28,0.73,10,-1,-1
284,410,435.21,327.94,17.14,30.78,0.96,10,-1,-1
284,421,379.09,176.86,20.23,20.82,0.80,7,-1,-1
284,468,463.27,211.87,15.63,21.32,0.83,10,-1,-1
284,191,369.30,127.56,17.01,17.70,0.65,4,-1,-1
284,397,17.93,261.88,57.97,29.37,0.98,10,-1,-1
284,400,608.68,213.73,44.14,26.97,0.57,4,-1,-1
284,442,602.87,251.33,31.33,31.42,0.59,10,-1,-1
284,444,645.49,247.98,29.18,28.46,0.92,10,-1,-1
284,472,369.22,127.41,17.10,18.07,0.42,5,-1,-1
284,396,592.06,324.96,39.40,50.01,0.71,8,-1,-1
284,440,413.70,200.48,12.69,24.42,0.89,10,-1,-1
285,1,27.19,203.83,60.57,26.06,0.96,4,-1,-1
285,4,90.32,184.96,45.55,24.00,0.93,4,-1,-1
285,8,148.69,186.11,32.80,23.95,0.99,4,-1,-1
285,16,257.32,184.42,28.58,28.17,0.96,4,-1,-1
285,17,263.92,171.42,24.57,23.44,0.90,4,-1,-1
285,22,296.75,182.80,26.70,26.52,0.95,4,-1,-1
285,26,340.47,438.73,71.09,96.86,1.00,4,-1,-1
285,44,392.73,170.12,25.71,21.26,0.98,4,-1,-1
285,45,464.10,332.88,39.61,46.65,0.99,7,-1,-1
285,66,436.92,446.05,77.10,91.69,1.00,4,-1,-1
285,198,539.10,248.35,73.90,29.01,0.94,4,-1,-1
285,202,221.43,248.97,86.52,35.22,0.98,4,-1,-1
285,252,523.92,373.75,70.22,71.67,0.97,4,-1,-1
285,255,399.07,150.94,19.85,18.21,0.95,4,-1,-1
285,286,359.38,241.53,74.74,30.93,0.89,4,-1,-1
285,150,502.52,319.97,50.55,49.35,0.99,4,-1,-1
285,301,152.40,231.01,21.10,29.17,0.86,10,-1,-1
285,130,524.84,297.94,33.19,35.11,0.46,10,-1,-1
285,43,377.13,203.60,30.83,28.53,0.99,4,-1,-1
285,289,205.44,218.47,16.16,26.46,0.87,10,-1,-1
285,359,518.61,419.89,28.68,52.33,0.96,10,-1,-1
285,364,233.36,194.79,16.35,23.24,0.88,10,-1,-1
285,372,17.56,246.92,32.26,21.28,0.92,10,-1,-1
285,374,521.91,421.49,21.86,38.43,0.84,2,-1,-1
285,376,520.82,416.36,23.10,44.46,0.54,2,-1,-1
285,378,510.37,228.65,77.85,35.56,0.95,4,-1,-1
285,271,217.51,192.06,14.83,23.04,0.96,10,-1,-1
285,380,357.94,272.54,39.40,30.48,0.82,10,-1,-1
285,382,309.80,215.24,19.51,22.72,0.93,10,-1,-1
285,335,218.28,224.94,17.53,25.69,0.74,10,-1,-1
285,393,-1.50,277.92,16.33,26.22,0.40,10,-1,-1
285,401,567.13,476.74,38.07,55.13,0.95,10,-1,-1
285,403,365.43,167.00,17.08,21.35,0.23,10,-1,-1
285,306,169.38,231.75,17.80,27.79,0.97,10,-1,-1
285,419,108.70,216.78,16.21,23.43,0.69,10,-1,-1
285,426,130.72,260.43,37.05,24.10,0.91,10,-1,-1
285,427,423.68,185.90,19.92,26.67,0.83,4,-1,-1
285,428,572.86,467.34,28.56,54.51,0.94,2,-1,-1
285,441,425.87,194.93,12.45,25.22,0.66,1,-1,-1
285,304,330.89,137.60,17.74,22.31,0.89,4,-1,-1
285,451,392.21,186.28,13.62,21.54,0.96,10,-1,-1
285,358,568.17,302.70,16.91,34.74,0.55,1,-1,-1
285,381,191.32,246.80,31.21,22.57,0.95,10,-1,-1
285,459,590.31,361.82,42.90,63.92,0.33,8,-1,-1
285,268,512.09,260.81,51.73,32.05,0.55,10,-1,-1
285,463,356.00,182.15,14.83,23.16,0.62,10,-1,-1
285,410,435.58,327.05,18.13,31.91,0.94,10,-1,-1
285,421,379.35,176.93,20.43,20.77,0.74,7,-1,-1
285,468,462.92,210.91,15.57,22.02,0.72,10,-1,-1
285,191,370.01,127.41,16.53,17.94,0.17,4,-1,-1
285,397,13.06,262.44,58.07,29.86,0.98,10,-1,-1
285,400,609.68,214.40,43.65,26.68,0.83,4,-1,-1
285,442,604.90,251.16,32.35,31.13,0.66,10,-1,-1
285,444,648.33,248.05,29.81,28.53,0.76,10,-1,-1
285,472,370.22,127.40,16.55,17.89,0.84,4,-1,-1
285,396,593.12,325.07,39.01,51.19,0.83,8,-1,-1
285,440,414.75,200.73,12.64,24.24,0.62,10,-1,-1
285,445,904.58,446.48,41.03,38.06,0.63,7,-1,-1
285,329,695.45,434.60,23.78,39.39,0.54,2,-1,-1
286,1,30.27,204.30,59.05,25.34,0.96,4,-1,-1
286,4,92.23,184.86,44.84,24.24,0.92,4,-1,-1
286,8,150.02,186.02,32.84,24.47,0.99,4,-1,-1
286,16,259.02,184.27,29.00,28.68,0.96,4,-1,-1
286,17,265.74,171.50,24.07,22.52,0.93,4,-1,-1
286,22,297.99,183.23,26.65,26.34,0.95,4,-1,-1
286,26,341.76,439.06,71.04,96.61,1.00,4,-1,-1
286,44,393.55,170.38,26.26,21.15,0.98,4,-1,-1
286,45,465.33,332.74,39.70,47.64,0.97,7,-1,-1
286,66,437.97,446.76,77.09,91.12,0.99,4,-1,-1
286,198,541.65,248.35,73.56,29.33,0.94,4,-1,-1
286,202,219.34,249.54,86.53,35.30,0.99,4,-1,-1
286,252,525.22,374.18,70.71,72.11,0.98,4,-1,-1
286,255,400.49,151.15,19.86,17.91,0.97,4,-1,-1
286,286,357.04,241.95,74.39,31.23,0.83,4,-1,-1
286,150,503.44,320.14,51.02,49.41,0.97,4,-1,-1
286,301,154.05,230.74,20.87,29.59,0.89,10,-1,-1
286,130,528.37,297.53,32.91,36.36,0.70,10,-1,-1
286,43,378.32,203.49,30.70,28.19,0.99,4,-1,-1
286,289,207.34,218.84,15.84,26.11,0.82,10,-1,-1
286,359,519.05,419.65,28.77,51.55,0.92,10,-1,-1
286,364,235.37,194.76,15.91,23.24,0.91,10,-1,-1
286,372,15.43,247.49,32.13,21.32,0.94,10,-1,-1
286,374,522.34,421.72,21.70,37.75,0.68,2,-1,-1
286,376,521.77,414.31,21.75,42.97,0.23,2,-1,-1
286,378,507.92,229.14,77.39,35.07,0.98,4,-1,-1
286,271,218.92,192.88,14.59,22.59,0.96,10,-1,-1
286,380,363.19,274.77,38.82,28.00,0.65,10,-1,-1
286,382,310.70,215.11,20.52,23.10,0.96,10,-1,-1
286,335,220.29,225.41,17.10,24.83,0.62,10,-1,-1
286,401,569.22,474.45,36.36,56.90,0.95,10,-1,-1
286,306,170.66,231.78,17.75,27.55,0.96,10,-1,-1
286,419,110.25,216.72,16.72,23.70,0.73,10,-1,-1
286,426,125.63,260.55,37.62,24.76,0.93,10,-1,-1
286,427,424.96,186.11,19.86,26.18,0.87,4,-1,-1
286,428,574.14,467.46,28.00,54.31,0.95,2,-1,-1
286,441,426.54,194.92,12.20,25.08,0.72,1,-1,-1
286,304,332.32,137.52,17.57,22.79,0.97,4,-1,-1
286,451,393.40,186.60,13.72,21.04,0.98,10,-1,-1
286,358,569.80,303.93,18.10,34.06,0.20,1,-1,-1
286,381,189.36,247.20,30.93,22.21,0.97,10,-1,-1
286,459,591.75,362.45,43.20,63.96,0.10,8,-1,-1
286,463,355.71,181.41,15.33,24.65,0.49,10,-1,-1
286,410,436.73,326.50,18.51,32.74,0.96,10,-1,-1
286,421,380.08,176.17,20.10,20.95,0.85,7,-1,-1
286,468,463.24,211.14,15.97,21.68,0.86,10,-1,-1
286,191,371.70,127.46,15.95,17.83,0.63,4,-1,-1
286,397,8.14,262.61,59.22,30.45,0.98,10,-1,-1
286,400,611.45,215.05,43.89,26.37,0.86,4,-1,-1
286,442,607.41,251.71,32.35,31.59,0.79,10,-1,-1
286,444,651.93,248.59,29.26,27.95,0.90,10,-1,-1
286,472,371.60,127.56,16.35,17.72,0.75,5,-1,-1
286,396,594.52,325.69,38.87,50.44,0.24,8,-1,-1
286,440,416.15,200.93,12.21,23.97,0.77,10,-1,-1
286,329,697.49,434.94,23.25,39.33,0.33,2,-1,-1
286,475,295.46,112.02,15.52,14.77,0.87,4,-1,-1
286,476,500.83,196.32,37.37,28.33,0.71,4,-1,-1
287,1,27.85,203.42,62.74,26.49,0.86,4,-1,-1
287,4,93.48,184.68,45.70,24.52,0.94,4,-1,-1
287,8,151.36,186.14,33.06,24.47,0.99,4,-1,-1
287,16,260.72,184.45,28.56,28.47,0.98,4,-1,-1
287,17,267.08,171.86,24.08,22.76,0.89,4,-1,-1
287,22,299.83,183.22,26.65,26.66,0.91,4,-1,-1
287,26,343.06,439.83,71.05,96.12,1.00,4,-1,-1
287,44,394.83,170.40,26.47,21.31,0.99,4,-1,-1
287,45,466.80,331.90,39.74,49.20,0.98,7,-1,-1
287,66,439.19,447.06,77.11,90.92,0.99,4,-1,-1
287,198,543.53,248.45,72.65,30.64,0.95,4,-1,-1
287,202,216.37,250.09,87.14,35.12,0.99,4,-1,-1
287,252,526.54,374.95,70.92,71.87,0.97,4,-1,-1
287,255,401.61,151.33,20.27,18.01,0.96,4,-1,-1
287,286,354.89,242.32,74.66,31.34,0.89,4,-1,-1
287,150,504.99,320.41,51.21,49.83,0.97,4,-1,-1
287,301,155.72,230.70,20.80,30.14,0.85,10,-1,-1
287,130,531.45,297.65,33.19,37.32,0.75,10,-1,-1
287,43,379.75,203.47,30.27,28.06,0.99,4,-1,-1
287,289,208.82,219.13,16.13,26.18,0.87,10,-1,-1
287,359,519.27,419.41,29.63,50.87,0.96,10,-1,-1
287,364,236.88,195.08,15.54,22.84,0.92,10,-1,-1
287,372,13.84,248.06,31.74,21.33,0.89,10,-1,-1
287,374,523.56,421.86,21.26,37.09,0.61,2,-1,-1
287,376,522.57,413.00,21.69,43.64,0.41,2,-1,-1
287,378,505.74,229.62,76.44,34.87,0.98,4,-1,-1
287,271,220.31,193.51,14.50,22.41,0.97,10,-1,-1
287,380,367.99,273.80,39.02,28.40,0.71,10,-1,-1
287,382,311.62,216.07,20.90,22.27,0.96,10,-1,-1
287,335,221.80,225.43,17.14,24.90,0.67,10,-1,-1
287,401,570.47,473.03,36.14,58.35,0.95,10,-1,-1
287,306,171.90,231.75,17.95,27.66,0.96,10,-1,-1
287,419,112.13,216.86,17.11,23.60,0.37,10,-1,-1
287,426,120.61,261.13,38.04,25.01,0.97,10,-1,-1
287,427,426.03,186.90,20.65,24.99,0.89,4,-1,-1
287,428,575.28,466.92,27.80,55.83,0.97,2,-1,-1
287,441,426.99,194.73,12.90,25.63,0.42,1,-1,-1
287,304,333.82,137.85,17.51,22.13,0.97,4,-1,-1
287,451,394.62,186.13,14.17,21.46,0.97,10,-1,-1
287,358,572.55,304.69,18.57,33.90,0.45,1,-1,-1
287,381,187.33,246.59,31.23,22.86,0.96,10,-1,-1
287,459,593.12,362.88,42.94,64.37,0.17,8,-1,-1
287,463,355.82,181.64,15.53,25.03,0.65,10,-1,-1
287,410,437.19,323.38,20.23,36.19,0.89,10,-1,-1
287,421,380.76,176.10,19.98,20.83,0.76,7,-1,-1
287,468,463.99,210.86,15.72,21.94,0.89,10,-1,-1
287,191,373.10,127.69,15.74,17.49,0.90,4,-1,-1
287,397,3.32,262.94,60.33,30.86,0.98,10,-1,-1
287,400,613.10,215.27,43.40,26.05,0.87,4,-1,-1
287,442,611.09,251.84,32.74,31.37,0.62,10,-1,-1
287,444,655.23,249.49,29.05,27.74,0.87,10,-1,-1
287,472,373.29,127.68,15.45,17.24,0.77,4,-1,-1
287,396,595.07,326.32,40.03,51.35,0.57,8,-1,-1
287,440,417.66,201.32,12.88,23.66,0.42,10,-1,-1
287,329,697.51,435.66,24.66,40.09,0.30,2,-1,-1
287,475,296.61,112.01,15.40,14.89,0.92,4,-1,-1
287,27,413.18,165.11,21.02,18.43,0.59,4,-1,-1
288,1,31.77,203.73,61.44,25.73,0.94,4,-1,-1
288,4,95.15,184.35,46.22,25.04,0.95,4,-1,-1
288,8,153.22,186.13,33.88,24.86,0.99,4,-1,-1
288,16,262.76,184.78,28.19,27.99,0.97,4,-1,-1
288,17,269.19,172.06,23.88,22.85,0.55,4,-1,-1
288,22,301.81,183.48,26.44,26.39,0.93,4,-1,-1
288,26,345.01,440.26,71.05,95.54,1.00,4,-1,-1
288,44,397.01,170.57,26.15,21.17,0.98,4,-1,-1
288,45,468.43,332.54,40.15,49.00,0.98,7,-1,-1
288,66,440.91,447.32,77.50,90.87,0.99,4,-1,-1
288,198,548.25,248.38,72.11,30.55,0.98,4,-1,-1
288,202,214.30,250.44,87.16,35.06,0.99,4,-1,-1
288,252,528.10,375.02,70.59,71.79,0.95,4,-1,-1
288,255,404.11,152.02,19.24,17.59,0.93,4,-1,-1
288,286,353.52,242.82,73.56,31.18,0.85,4,-1,-1
288,150,506.65,320.68,50.88,49.59,0.95,4,-1,-1
288,301,158.15,230.43,20.77,30.35,0.93,10,-1,-1
288,130,535.00,298.92,33.28,37.58,0.78,10,-1,-1
288,43,381.37,203.64,30.51,27.42,0.99,4,-1,-1
288,289,210.77,219.28,16.23,26.21,0.94,10,-1,-1
288,359,520.83,419.93,29.15,49.82,0.93,10,-1,-1
288,364,238.64,195.16,15.61,22.89,0.87,10,-1,-1
288,372,12.54,248.57,31.45,21.15,0.88,10,-1,-1
288,374,525.10,422.92,21.09,35.65,0.86,2,-1,-1
288,376,523.96,412.91,21.66,43.08,0.28,2,-1,-1
288,378,503.74,230.07,76.07,35.18,0.98,4,-1,-1
288,271,222.15,194.18,14.26,22.14,0.97,10,-1,-1
288,380,374.12,274.13,37.89,28.15,0.81,10,-1,-1
288,382,313.05,216.31,21.43,22.33,0.96,10,-1,-1
288,335,223.66,225.98,17.16,24.34,0.63,10,-1,-1
288,401,571.59,471.69,36.06,59.30,0.90,10,-1,-1
288,306,173.86,231.98,18.82,27.90,0.76,10,-1,-1
288,419,114.24,216.56,17.26,23.76,0.82,10,-1,-1
288,426,116.60,262.07,37.39,24.71,0.96,10,-1,-1
288,427,427.92,187.77,20.15,23.73,0.91,4,-1,-1
288,428,576.77,466.31,27.72,57.19,0.90,2,-1,-1
288,441,428.66,194.93,11.99,25.05,0.62,1,-1,-1
288,304,335.09,137.99,17.89,21.61,0.94,4,-1,-1
288,451,396.18,186.33,14.73,21.41,0.96,10,-1,-1
288,358,576.77,306.03,17.59,32.54,0.16,1,-1,-1
288,381,186.38,245.92,30.74,24.09,0.97,10,-1,-1
288,459,594.90,364.21,43.23,62.93,0.27,8,-1,-1
288,463,357.18,181.92,15.21,24.78,0.61,10,-1,-1
288,421,381.92,175.77,18.73,20.78,0.93,7,-1,-1
288,468,464.58,211.15,15.63,21.24,0.89,10,-1,-1
288,191,374.73,127.76,15.66,16.86,0.72,4,-1,-1
288,397,0.11,263.66,59.58,30.43,0.95,10,-1,-1
288,400,615.18,215.54,43.04,26.34,0.87,4,-1,-1
288,442,614.50,251.90,32.88,32.25,0.58,10,-1,-1
288,444,659.66,250.52,28.16,26.66,0.93,10,-1,-1
288,472,374.79,127.76,15.55,16.96,0.86,4,-1,-1
288,396,596.94,327.52,40.07,48.13,0.80,8,-1,-1
288,440,419.52,201.44,12.33,23.35,0.75,10,-1,-1
288,329,700.34,438.27,24.39,39.59,0.17,2,-1,-1
288,475,298.38,112.46,15.14,14.22,0.89,4,-1,-1
288,27,415.20,165.11,20.30,18.38,0.26,4,-1,-1
288,477,710.56,225.55,69.91,29.53,0.78,4,-1,-1
288,478,816.03,487.87,21.70,45.20,0.75,1,-1,-1
288,272,439.97,324.58,19.18,34.76,0.95,10,-1,-1
289,1,35.36,203.25,59.82,26.24,0.94,4,-1,-1
289,4,97.20,184.12,46.52,25.24,0.89,4,-1,-1
289,8,155.31,185.93,33.85,25.01,0.99,4,-1,-1
289,16,264.59,184.50,28.66,28.42,0.96,4,-1,-1
289,17,271.25,171.83,24.02,22.69,0.79,4,-1,-1
289,22,303.63,183.57,26.17,26.09,0.97,4,-1,-1
289,26,346.62,440.58,71.06,95.34,1.00,4,-1,-1
289,44,398.93,170.54,25.63,21.12,0.99,4,-1,-1
289,45,470.15,332.71,39.92,48.93,0.97,7,-1,-1
289,66,442.85,447.77,77.27,90.48,0.99,4,-1,-1
289,198,551.07,247.87,73.15,31.91,0.96,4,-1,-1
289,202,211.83,250.77,86.98,35.24,0.99,4,-1,-1
289,252,529.60,375.59,70.89,72.17,0.98,4,-1,-1
289,255,405.55,152.13,19.65,17.49,0.94,4,-1,-1
289,286,352.24,242.91,73.15,31.53,0.75,4,-1,-1
289,150,508.40,320.72,50.35,49.51,0.96,4,-1,-1
289,301,160.20,230.43,20.37,30.24,0.96,10,-1,-1
289,130,539.18,301.86,32.91,35.72,0.89,10,-1,-1
289,43,382.87,203.42,30.61,27.38,0.99,4,-1,-1
289,289,212.66,219.04,16.27,26.22,0.93,10,-1,-1
289,359,521.17,419.30,29.78,49.86,0.96,10,-1,-1
289,364,240.77,195.69,15.43,22.31,0.92,10,-1,-1
289,372,10.58,248.64,32.02,21.49,0.93,10,-1,-1
289,374,525.62,421.28,21.84,37.55,0.55,2,-1,-1
289,376,524.43,412.47,22.06,43.28,0.21,2,-1,-1
289,378,501.64,230.55,76.35,35.51,0.97,4,-1,-1
289,271,224.01,194.62,14.18,22.05,0.96,10,-1,-1
289,380,379.36,274.30,37.48,27.66,0.61,10,-1,-1
289,382,315.06,215.92,21.25,22.75,0.94,10,-1,-1
289,335,225.32,226.40,17.36,23.73,0.50,10,-1,-1
289,401,572.75,471.16,35.65,59.27,0.95,10,-1,-1
289,306,175.85,232.07,18.95,28.00,0.87,10,-1,-1
289,419,116.11,216.64,17.62,23.43,0.95,10,-1,-1
289,426,111.82,262.71,38.34,24.99,0.96,10,-1,-1
289,427,430.14,187.89,19.56,24.10,0.88,4,-1,-1
289,428,577.67,465.46,27.30,56.55,0.81,2,-1,-1
289,441,430.23,195.22,12.03,24.62,0.70,1,-1,-1
289,304,337.65,138.08,16.84,21.88,0.98,4,-1,-1
289,451,398.25,185.92,14.56,21.60,0.95,10,-1,-1
289,381,184.72,246.15,30.95,23.98,0.91,10,-1,-1
289,459,596.90,365.06,42.74,61.98,0.44,8,-1,-1
289,421,382.87,175.96,18.25,20.37,0.90,7,-1,-1
289,468,465.56,210.59,15.20,21.57,0.88,10,-1,-1
289,191,376.24,127.63,16.04,16.94,0.79,4,-1,-1
289,397,-1.18,263.73,57.26,30.67,0.95,10,-1,-1
289,400,616.89,215.76,43.13,26.25,0.41,4,-1,-1
289,442,617.27,252.26,32.54,32.20,0.66,10,-1,-1
289,444,664.01,249.10,28.65,27.91,0.94,10,-1,-1
289,472,376.88,127.38,15.59,17.18,0.42,4,-1,-1
289,396,599.38,328.52,39.89,47.30,0.69,8,-1,-1
289,440,421.52,201.20,11.71,23.44,0.79,1,-1,-1
289,475,300.02,113.01,15.18,14.12,0.57,4,-1,-1
289,27,416.86,164.82,20.44,18.97,0.15,4,-1,-1
289,477,710.50,226.71,67.99,29.31,0.92,4,-1,-1
289,272,441.72,324.04,19.37,35.91,0.94,10,-1,-1
289,479,0.16,371.55,27.64,50.62,0.63,8,-1,-1
289,317,359.91,181.99,14.41,24.02,0.80,10,-1,-1
290,1,38.13,203.70,58.92,25.83,0.95,4,-1,-1
290,4,100.24,184.57,45.54,24.52,0.98,4,-1,-1
290,8,157.91,186.09,32.83,24.67,0.99,4,-1,-1
290,16,266.68,184.65,28.44,28.18,0.96,4,-1,-1
290,17,273.72,171.69,22.87,22.23,0.71,4,-1,-1
290,22,305.81,183.66,25.97,25.98,0.97,4,-1,-1
290,26,348.60,440.89,70.66,94.86,1.00,4,-1,-1
290,44,401.03,170.78,25.42,21.10,0.98,4,-1,-1
290,45,471.56,332.61,40.62,49.29,0.99,7,-1,-1
290,66,444.75,448.15,76.77,89.94,0.99,4,-1,-1
290,198,555.41,247.73,75.72,33.39,0.99,4,-1,-1
290,202,209.86,251.12,87.29,35.10,0.99,4,-1,-1
290,252,531.13,376.03,72.19,72.70,0.97,4,-1,-1
290,255,407.68,152.18,19.79,17.31,0.92,4,-1,-1
290,286,350.49,243.18,73.38,31.65,0.64,4,-1,-1
290,150,510.41,321.16,50.14,49.87,0.93,4,-1,-1
290,301,162.59,230.96,19.81,29.40,0.92,10,-1,-1
290,130,544.03,303.23,32.36,36.15,0.87,10,-1,-1
290,43,384.82,203.19,30.65,27.78,0.99,4,-1,-1
290,289,215.08,219.48,15.69,25.63,0.89,10,-1,-1
290,359,522.27,419.10,29.61,49.88,0.94,10,-1,-1
290,364,242.77,195.43,15.57,22.49,0.89,10,-1,-1
290,372,8.94,248.87,32.50,21.42,0.89,10,-1,-1
290,374,526.99,421.32,21.33,37.05,0.71,2,-1,-1
290,376,525.58,412.16,21.81,42.16,0.58,2,-1,-1
290,378,500.16,231.26,75.65,35.62,0.88,4,-1,-1
290,271,226.33,194.81,13.75,22.21,0.98,10,-1,-1
290,380,383.34,270.69,38.54,30.90,0.77,10,-1,-1
290,382,317.41,216.11,20.77,22.51,0.93,10,-1,-1
290,335,227.94,226.90,16.65,23.51,0.57,10,-1,-1
290,401,574.14,470.79,34.69,59.24,0.95,10,-1,-1
290,306,177.91,231.45,19.19,28.63,0.87,10,-1,-1
290,419,118.53,216.82,16.76,22.90,0.92,10,-1,-1
290,426,107.78,263.36,37.79,24.49,0.97,10,-1,-1
290,427,431.74,187.58,20.15,24.84,0.87,4,-1,-1
290,428,579.98,465.95,25.93,54.29,0.85,2,-1,-1
290,441,431.40,195.28,12.44,25.27,0.66,1,-1,-1
290,304,339.62,138.27,16.84,21.87,0.87,4,-1,-1
290,451,400.41,185.92,14.49,21.27,0.94,10,-1,-1
290,381,183.44,247.36,30.43,23.14,0.97,10,-1,-1
290,459,599.00,366.19,41.55,61.22,0.59,8,-1,-1
290,421,384.03,176.50,18.09,19.82,0.85,7,-1,-1
290,468,467.34,211.23,14.64,20.89,0.90,10,-1,-1
290,191,378.19,127.55,16.18,16.97,0.88,4,-1,-1
290,397,-1.37,263.27,54.13,30.95,0.91,10,-1,-1
290,400,618.66,215.89,43.17,26.42,0.23,4,-1,-1
290,442,619.59,251.98,34.18,32.94,0.57,10,-1,-1
290,444,668.29,250.73,27.22,27.36,0.93,10,-1,-1
290,472,378.43,127.41,16.02,17.26,0.59,4,-1,-1
290,396,601.65,329.31,39.21,45.78,0.40,8,-1,-1
290,440,423.24,201.17,12.30,23.67,0.84,1,-1,-1
290,475,301.83,113.21,15.42,14.33,0.63,4,-1,-1
290,27,418.67,165.17,20.49,18.99,0.17,4,-1,-1
290,477,709.61,227.10,65.73,28.80,0.97,4,-1,-1
290,272,442.98,323.47,20.20,37.11,0.96,10,-1,-1
290,317,362.61,181.42,14.07,24.14,0.86,10,-1,-1
290,480,350.46,243.03,74.13,31.94,0.79,5,-1,-1
290,481,818.44,489.07,22.90,45.20,0.71,1,-1,-1
291,1,36.28,203.19,63.78,26.68,0.94,4,-1,-1
291,4,102.84,184.66,45.37,24.44,0.92,4,-1,-1
291,8,159.94,186.37,32.84,24.33,0.99,4,-1,-1
291,16,268.81,185.01,28.35,28.08,0.96,4,-1,-1
291,17,275.69,172.05,23.45,22.86,0.85,4,-1,-1
291,22,307.77,183.70,26.30,26.13,0.97,4,-1,-1
291,26,350.30,441.20,70.91,94.67,1.00,4,-1,-1
291,44,402.76,170.78,26.14,21.49,0.99,4,-1,-1
291,45,473.43,332.56,40.48,49.82,0.99,7,-1,-1
291,66,446.41,448.46,76.98,89.74,0.99,4,-1,-1
291,198,559.50,247.87,76.09,32.98,0.99,4,-1,-1
291,202,207.83,251.64,87.40,34.84,0.99,4,-1,-1
291,252,533.24,376.57,71.49,72.50,0.99,4,-1,-1
291,255,409.61,152.34,19.45,17.39,0.97,4,-1,-1
291,286,348.32,243.47,74.27,31.69,0.89,4,-1,-1
291,150,512.11,321.51,50.46,49.60,0.98,4,-1,-1
291,301,164.73,230.78,20.01,29.67,0.87,10,-1,-1
291,130,549.11,304.50,30.54,35.90,0.90,10,-1,-1
291,43,386.50,203.11,31.07,27.92,0.99,4,-1,-1
291,289,217.24,219.26,15.66,26.00,0.94,10,-1,-1
291,359,524.26,419.44,28.35,49.49,0.94,10,-1,-1
291,364,244.96,194.95,15.62,23.16,0.91,10,-1,-1
291,372,7.23,250.34,33.12,20.79,0.87,10,-1,-1
291,374,528.48,420.35,20.73,36.85,0.85,2,-1,-1
291,376,526.58,412.05,21.71,42.54,0.69,2,-1,-1
291,378,498.48,231.82,75.79,35.26,0.61,4,-1,-1
291,271,228.36,195.27,13.99,22.27,0.93,10,-1,-1
291,380,389.25,272.56,37.73,29.37,0.67,10,-1,-1
291,382,319.64,215.79,20.58,23.00,0.94,10,-1,-1
291,335,230.18,227.28,16.98,23.03,0.75,10,-1,-1
291,401,575.01,471.04,34.75,58.02,0.96,10,-1,-1
291,306,179.93,231.62,20.27,28.67,0.83,10,-1,-1
291,419,120.90,216.70,17.23,23.30,0.80,10,-1,-1
291,426,103.37,263.70,38.06,24.49,0.95,10,-1,-1
291,427,433.68,187.76,20.36,24.73,0.85,4,-1,-1
291,428,581.18,466.53,25.42,49.78,0.93,2,-1,-1
291,441,433.20,195.80,12.59,25.11,0.44,1,-1,-1
291,304,341.50,138.60,17.24,21.32,0.93,4,-1,-1
291,451,402.37,185.83,14.46,21.15,0.95,10,-1,-1
291,381,182.34,247.83,30.83,22.60,0.94,10,-1,-1
291,459,600.52,366.79,41.91,61.34,0.79,8,-1,-1
291,421,385.84,175.81,18.03,20.02,0.75,7,-1,-1
291,468,468.17,210.19,14.44,21.43,0.87,10,-1,-1
291,191,380.27,127.33,16.23,17.28,0.79,4,-1,-1
291,397,-1.36,263.89,50.80,30.45,0.87,10,-1,-1
291,400,620.45,216.02,44.00,26.68,0.44,4,-1,-1
291,442,624.69,252.17,33.23,32.63,0.64,10,-1,-1
291,444,673.37,251.75,26.68,26.35,0.95,10,-1,-1
291,472,380.36,127.38,16.17,17.09,0.57,4,-1,-1
291,396,604.03,329.37,38.56,46.05,0.44,8,-1,-1
291,440,425.03,201.06,12.91,24.16,0.70,1,-1,-1
291,475,303.87,113.70,15.28,14.08,0.34,4,-1,-1
291,477,707.16,226.81,68.84,29.81,0.98,4,-1,-1
291,272,445.74,328.57,17.84,32.23,0.86,10,-1,-1
291,317,364.94,182.71,14.35,23.19,0.85,10,-1,-1
291,481,820.26,490.18,22.89,44.73,0.90,1,-1,-1
291,482,446.58,331.17,15.67,27.12,0.62,2,-1,-1
291,483,498.42,232.18,74.13,35.56,0.75,5,-1,-1
291,484,588.52,306.16,14.46,34.96,0.61,2,-1,-1
291,358,588.52,306.49,14.98,34.09,0.76,1,-1,-1
291,329,704.34,440.86,24.17,39.29,0.50,2,-1,-1
292,1,40.09,203.32,62.34,26.59,0.97,4,-1,-1
292,4,104.66,184.21,45.91,25.01,0.96,4,-1,-1
292,8,162.00,186.09,34.04,24.80,0.99,4,-1,-1
292,16,270.81,184.95,28.72,28.44,0.98,4,-1,-1
292,17,277.83,172.39,23.66,23.29,0.76,4,-1,-1
292,22,309.81,183.51,26.42,26.59,0.97,4,-1,-1
292,26,351.87,441.30,71.41,95.00,1.00,4,-1,-1
292,44,405.32,170.97,25.23,21.44,0.99,4,-1,-1
292,45,475.47,332.33,40.03,50.80,0.99,7,-1,-1
292,66,447.97,448.77,77.07,89.67,0.99,4,-1,-1
292,198,565.08,248.40,75.25,32.40,0.98,4,-1,-1
292,202,205.14,251.74,88.44,35.54,0.99,4,-1,-1
292,252,535.17,376.96,71.23,72.41,0.98,4,-1,-1
292,255,411.65,152.40,19.33,17.42,0.93,4,-1,-1
292,286,346.76,243.57,73.41,32.10,0.89,4,-1,-1
292,150,513.68,321.83,50.58,49.50,0.94,4,-1,-1
292,301,167.13,230.72,20.09,29.98,0.95,10,-1,-1
292,130,552.45,302.87,31.06,38.86,0.86,10,-1,-1
292,43,388.25,203.09,31.23,27.78,0.99,4,-1,-1
292,289,219.46,219.28,15.26,25.94,0.83,10,-1,-1
292,359,525.16,418.57,28.28,49.76,0.88,10,-1,-1
292,364,247.00,194.97,16.04,23.40,0.83,10,-1,-1
292,372,5.94,249.89,32.78,21.56,0.87,10,-1,-1
292,374,529.59,420.80,20.51,35.98,0.86,2,-1,-1
292,376,527.11,411.63,21.68,42.68,0.60,2,-1,-1
292,378,496.91,232.40,74.65,35.70,0.94,5,-1,-1
292,271,230.03,195.83,14.48,22.29,0.89,10,-1,-1
292,380,394.03,271.68,37.84,30.12,0.84,10,-1,-1
292,382,321.79,215.78,20.52,23.38,0.95,10,-1,-1
292,335,232.23,228.74,16.90,21.85,0.88,10,-1,-1
292,401,575.89,470.74,34.79,58.35,0.95,10,-1,-1
292,306,181.52,231.00,19.90,28.28,0.41,10,-1,-1
292,419,123.58,216.87,16.52,23.05,0.94,10,-1,-1
292,426,98.91,264.42,37.96,24.48,0.98,10,-1,-1
292,427,435.73,188.32,20.05,24.08,0.96,4,-1,-1
292,428,582.80,465.49,24.85,50.18,0.89,2,-1,-1
292,441,435.21,195.99,11.86,25.05,0.73,1,-1,-1
292,304,343.91,139.02,16.99,21.31,0.99,4,-1,-1
292,451,404.41,185.89,14.05,20.70,0.96,10,-1,-1
292,381,180.28,248.21,31.97,22.40,0.91,10,-1,-1
292,459,602.22,366.78,42.85,62.19,0.80,8,-1,-1
292,421,387.05,175.86,18.02,19.70,0.80,7,-1,-1
292,468,469.24,210.20,14.38,21.23,0.91,10,-1,-1
292,191,382.16,127.45,16.26,17.00,0.76,4,-1,-1
292,397,-1.26,263.64,47.54,30.25,0.82,10,-1,-1
292,400,623.02,215.95,43.53,26.78,0.41,4,-1,-1
292,442,629.30,252.34,32.84,32.68,0.62,10,-1,-1
292,444,677.90,252.21,26.49,26.38,0.94,10,-1,-1
292,472,381.99,127.52,16.24,16.93,0.88,4,-1,-1
292,396,605.25,330.16,39.53,46.56,0.49,8,-1,-1
292,440,427.22,201.21,12.36,23.75,0.88,1,-1,-1
292,475,305.63,114.07,15.55,14.10,0.88,4,-1,-1
292,477,705.96,226.91,71.58,30.12,0.97,4,-1,-1
292,272,446.93,328.65,18.45,32.97,0.97,10,-1,-1
292,317,367.69,182.23,13.66,23.22,0.75,10,-1,-1
292,481,823.49,491.81,21.03,42.31,0.82,1,-1,-1
292,358,591.48,307.17,14.97,33.42,0.77,1,-1,-1
292,329,706.32,440.10,24.11,39.20,0.46,2,-1,-1
292,485,0.21,373.36,35.07,48.82,0.73,8,-1,-1
293,1,44.06,202.95,60.94,26.96,0.96,4,-1,-1
293,4,106.26,184.02,46.31,25.22,0.95,4,-1,-1
293,8,164.30,186.17,33.90,24.77,0.99,4,-1,-1
293,16,272.78,185.12,28.86,28.38,0.96,4,-1,-1
293,17,279.66,172.41,24.14,23.26,0.83,4,-1,-1
293,22,311.50,183.74,26.87,26.56,0.97,4,-1,-1
293,26,353.55,441.72,71.59,94.73,1.00,4,-1,-1
293,44,406.80,170.95,25.67,21.62,0.99,4,-1,-1
293,45,477.13,333.23,40.65,50.39,0.98,7,-1,-1
293,66,449.85,449.47,77.09,89.27,0.99,4,-1,-1
293,198,569.81,248.33,74.51,32.77,0.98,4,-1,-1
293,202,202.31,251.75,88.02,36.00,0.99,4,-1,-1
293,252,536.99,377.11,70.32,72.78,0.95,4,-1,-1
293,255,413.73,152.27,18.88,17.89,0.93,4,-1,-1
293,286,345.24,243.90,73.88,32.05,0.90,4,-1,-1
293,150,515.77,322.16,50.22,49.46,0.91,4,-1,-1
293,301,169.85,231.58,20.72,29.30,0.91,10,-1,-1
293,130,555.74,303.15,31.64,40.43,0.85,10,-1,-1
293,43,389.62,203.09,31.69,27.33,1.00,4,-1,-1
293,289,221.51,219.27,15.10,25.72,0.93,10,-1,-1
293,359,525.81,417.07,29.06,50.26,0.92,10,-1,-1
293,364,248.88,195.07,16.20,23.30,0.85,10,-1,-1
293,372,4.36,249.78,33.35,22.24,0.90,10,-1,-1
293,374,530.31,420.81,20.44,35.25,0.62,2,-1,-1
293,376,528.23,411.50,21.27,41.14,0.69,2,-1,-1
293,378,495.17,233.02,73.82,35.67,0.98,4,-1,-1
293,271,232.38,195.72,13.88,22.70,0.92,10,-1,-1
293,380,398.60,270.39,38.28,31.37,0.82,10,-1,-1
293,382,323.91,215.87,20.49,23.33,0.96,10,-1,-1
293,335,234.11,228.34,16.87,22.45,0.84,10,-1,-1
293,401,576.93,469.27,34.40,58.86,0.91,10,-1,-1
293,419,126.17,217.12,15.73,22.95,0.49,10,-1,-1
293,426,94.85,265.05,37.32,24.28,0.96,10,-1,-1
293,427,438.01,188.53,19.53,23.85,0.92,4,-1,-1
293,428,583.48,465.56,24.64,48.30,0.92,2,-1,-1
293,441,436.90,195.68,11.57,24.62,0.84,1,-1,-1
293,304,345.95,139.23,16.90,21.86,0.94,4,-1,-1
293,451,406.29,186.03,13.90,20.74,0.94,10,-1,-1
293,381,178.16,248.23,32.59,22.53,0.90,10,-1,-1
293,459,603.96,366.98,43.20,62.51,0.47,8,-1,-1
293,421,388.25,175.80,18.01,19.78,0.59,7,-1,-1
293,468,469.98,210.44,14.77,20.95,0.83,10,-1,-1
293,397,-0.87,263.50,44.30,30.98,0.86,10,-1,-1
293,442,632.07,252.95,33.48,31.12,0.51,10,-1,-1
293,444,682.61,253.20,25.62,26.00,0.93,10,-1,-1
293,396,606.60,330.27,39.68,47.17,0.34,8,-1,-1
293,440,428.95,201.29,12.54,23.59,0.88,1,-1,-1
293,475,307.53,114.23,15.54,14.64,0.74,4,-1,-1
293,477,704.71,227.62,73.33,29.79,0.98,4,-1,-1
293,272,448.50,325.95,19.45,35.97,0.95,10,-1,-1
293,317,370.01,182.47,13.39,23.03,0.84,10,-1,-1
293,481,824.24,492.77,23.36,43.92,0.72,1,-1,-1
293,358,594.27,307.93,15.36,34.07,0.86,1,-1,-1
293,329,707.75,441.68,22.48,39.98,0.20,2,-1,-1
293,485,0.55,373.79,36.87,47.86,0.89,8,-1,-1
293,486,362.81,168.60,13.26,18.98,0.60,10,-1,-1
293,487,478.23,220.13,26.52,19.89,0.76,10,-1,-1
293,488,552.96,273.77,15.07,29.23,0.79,1,-1,-1
293,489,889.55,440.26,26.52,53.64,0.80,1,-1,-1
294,1,46.03,202.50,61.05,27.29,0.98,4,-1,-1
294,4,108.83,184.23,46.22,25.10,0.98,4,-1,-1
294,8,166.48,186.17,33.64,24.76,0.99,4,-1,-1
294,16,275.04,185.24,28.31,28.15,0.97,4,-1,-1
294,17,281.17,172.67,24.52,23.04,0.87,4,-1,-1
294,22,313.65,183.88,26.64,26.35,0.96,4,-1,-1
294,26,355.33,442.02,71.28,94.23,1.00,4,-1,-1
294,44,408.08,171.08,26.23,21.49,0.99,4,-1,-1
294,45,478.90,333.90,40.49,49.81,0.98,7,-1,-1
294,66,451.71,449.45,77.11,89.11,0.99,4,-1,-1
294,198,573.63,248.91,76.84,33.10,0.98,4,-1,-1
294,202,199.73,252.10,89.05,36.16,0.99,4,-1,-1
294,252,539.02,377.28,68.79,72.91,0.97,4,-1,-1
294,255,415.43,152.61,19.52,17.42,0.93,4,-1,-1
294,286,343.74,244.16,74.85,31.82,0.89,4,-1,-1
294,150,517.29,322.39,50.49,49.44,0.89,4,-1,-1
294,301,172.09,231.48,21.16,28.23,0.90,10,-1,-1
294,130,558.43,301.99,32.66,43.35,0.89,10,-1,-1
294,43,391.46,202.64,31.47,27.56,0.99,4,-1,-1
294,289,223.81,219.63,14.85,25.04,0.91,10,-1,-1
294,359,526.25,415.45,29.75,50.86,0.92,10,-1,-1
294,364,251.00,194.97,16.06,23.26,0.86,10,-1,-1
294,372,2.49,250.10,34.06,23.09,0.92,10,-1,-1
294,374,530.96,420.35,21.22,35.79,0.82,2,-1,-1
294,376,529.03,410.79,21.12,40.55,0.78,2,-1,-1
294,378,493.78,233.27,73.12,35.25,0.99,4,-1,-1
294,271,234.50,195.92,14.45,22.85,0.93,10,-1,-1
294,380,403.71,269.46,37.65,32.04,0.86,10,-1,-1
294,382,325.63,215.36,20.08,23.69,0.95,10,-1,-1
294,335,236.04,229.65,16.46,21.47,0.90,10,-1,-1
294,401,577.89,468.44,34.28,59.45,0.95,10,-1,-1
294,419,128.40,217.48,15.24,22.71,0.72,10,-1,-1
294,426,90.00,264.75,38.17,25.19,0.97,10,-1,-1
294,427,439.59,188.85,19.74,23.36,0.93,4,-1,-1
294,428,584.31,464.48,24.59,49.26,0.77,2,-1,-1
294,441,438.47,195.79,11.47,25.87,0.69,1,-1,-1
294,304,347.83,139.00,16.87,22.80,0.94,4,-1,-1
294,451,408.12,186.12,13.85,20.55,0.92,10,-1,-1
294,381,177.02,248.79,32.24,22.37,0.95,10,-1,-1
294,459,605.55,366.75,44.33,63.42,0.16,8,-1,-1
294,421,389.44,176.13,18.02,19.21,0.91,7,-1,-1
294,468,471.02,209.36,14.12,21.05,0.76,10,-1,-1
294,397,-0.94,262.94,41.27,32.03,0.90,10,-1,-1
294,442,635.38,252.80,34.50,30.09,0.57,10,-1,-1
294,444,687.43,255.19,26.13,25.26,0.95,10,-1,-1
294,396,607.65,331.00,41.93,51.39,0.58,8,-1,-1
294,440,430.92,201.36,11.81,23.33,0.88,1,-1,-1
294,475,308.84,114.49,16.05,14.43,0.37,4,-1,-1
294,477,704.30,227.99,73.06,29.65,0.98,4,-1,-1
294,272,451.40,327.91,17.89,34.05,0.94,10,-1,-1
294,317,372.57,182.83,13.29,22.35,0.98,10,-1,-1
294,481,827.07,494.04,22.29,43.08,0.80,2,-1,-1
294,358,596.80,308.91,15.91,34.31,0.74,1,-1,-1
294,329,709.84,442.74,23.51,40.65,0.19,2,-1,-1
294,485,0.99,371.99,39.21,49.55,0.80,8,-1,-1
294,486,364.91,167.75,12.77,18.26,0.63,10,-1,-1
294,487,477.19,219.79,27.00,20.14,0.61,10,-1,-1
294,489,894.29,439.40,24.58,56.06,0.97,1,-1,-1
294,490,385.11,127.17,16.88,17.63,0.73,5,-1,-1
294,491,826.88,493.90,22.90,42.19,0.81,1,-1,-1
294,403,381.83,167.50,19.20,18.22,0.77,10,-1,-1
294,191,385.81,127.18,16.26,17.25,0.83,4,-1,-1
295,1,48.49,202.28,60.94,27.21,0.94,4,-1,-1
295,4,111.46,184.66,45.54,24.65,0.97,4,-1,-1
295,8,168.82,186.32,32.94,24.54,0.99,4,-1,-1
295,16,277.11,185.23,28.31,28.26,0.97,4,-1,-1
295,17,283.05,172.31,24.47,23.15,0.88,4,-1,-1
295,22,315.57,183.87,26.56,26.46,0.96,4,-1,-1
295,26,357.34,442.13,70.76,94.03,1.00,4,-1,-1
295,44,409.87,171.26,26.45,21.43,0.99,4,-1,-1
295,45,480.88,334.96,40.43,48.78,0.99,7,-1,-1
295,66,453.34,449.85,77.12,88.66,0.99,4,-1,-1
295,198,578.28,248.95,76.71,33.20,0.98,4,-1,-1
295,202,197.05,252.46,89.03,36.01,0.99,4,-1,-1
295,252,540.90,377.75,69.43,72.54,0.98,4,-1,-1
295,255,417.18,152.17,19.36,17.84,0.97,4,-1,-1
295,286,342.44,244.48,75.21,31.73,0.92,4,-1,-1
295,150,519.38,322.49,49.79,49.42,0.96,4,-1,-1
295,301,174.45,231.37,20.94,28.64,0.94,10,-1,-1
295,130,563.06,304.69,31.86,41.33,0.89,10,-1,-1
295,43,393.07,202.20,31.78,28.04,1.00,4,-1,-1
295,289,225.79,220.21,14.76,24.17,0.86,10,-1,-1
295,359,526.76,415.27,30.01,50.68,0.92,10,-1,-1
295,364,253.22,195.07,15.41,23.04,0.84,10,-1,-1
295,372,1.71,250.75,33.66,22.82,0.89,10,-1,-1
295,374,531.76,419.80,21.52,35.99,0.87,2,-1,-1
295,376,529.89,409.96,20.67,40.75,0.82,2,-1,-1
295,378,491.11,233.37,74.07,35.87,0.99,4,-1,-1
295,271,236.92,196.52,13.87,22.90,0.97,10,-1,-1
295,380,409.01,271.88,37.41,29.54,0.94,10,-1,-1
295,382,327.40,216.19,20.33,22.84,0.96,10,-1,-1
295,335,238.09,229.77,16.11,21.10,0.86,10,-1,-1
295,401,578.79,466.56,34.24,60.45,0.90,10,-1,-1
295,419,130.97,217.17,15.37,22.62,0.92,10,-1,-1
295,426,85.71,265.75,37.60,24.54,0.98,10,-1,-1
295,427,441.09,188.78,20.22,23.79,0.95,4,-1,-1
295,428,584.16,463.70,25.79,49.61,0.93,2,-1,-1
295,441,439.99,195.47,11.83,25.54,0.82,1,-1,-1
295,304,349.65,138.90,16.86,22.81,0.95,4,-1,-1
295,451,409.92,185.69,13.83,20.48,0.94,10,-1,-1
295,381,175.75,249.64,31.70,21.51,0.80,10,-1,-1
295,459,607.86,365.46,43.77,64.16,0.23,8,-1,-1
295,421,390.62,176.19,18.03,18.80,0.96,7,-1,-1
295,468,471.95,209.00,14.29,20.68,0.89,10,-1,-1
295,397,-0.74,262.77,38.24,32.62,0.75,10,-1,-1
295,442,640.43,252.76,35.67,31.12,0.43,10,-1,-1
295,444,691.83,255.31,25.52,25.40,0.94,10,-1,-1
295,396,609.16,330.89,42.38,54.87,0.70,8,-1,-1
295,440,432.37,201.31,12.35,23.43,0.92,1,-1,-1
295,475,310.86,114.62,16.24,14.75,0.29,4,-1,-1
295,477,703.35,228.96,72.89,29.17,0.98,4,-1,-1
295,272,453.24,329.54,17.24,32.80,0.90,10,-1,-1
295,317,375.42,182.91,12.85,21.49,0.86,10,-1,-1
295,481,829.24,494.62,22.74,43.23,0.86,1,-1,-1
295,358,599.41,309.87,16.52,35.18,0.86,1,-1,-1
295,485,0.90,371.22,42.15,50.56,0.92,8,-1,-1
295,486,366.78,166.55,12.68,16.71,0.66,10,-1,-1
295,487,477.30,220.90,25.24,18.79,0.68,10,-1,-1
295,489,898.08,444.30,25.15,52.39,0.97,1,-1,-1
295,490,387.21,127.19,16.39,17.03,0.90,4,-1,-1
295,403,383.88,168.30,18.51,16.94,0.60,7,-1,-1
295,191,387.59,127.24,15.86,17.01,0.63,4,-1,-1
295,492,383.91,168.15,17.48,17.18,0.79,10,-1,-1
295,493,913.06,436.34,21.70,51.23,0.63,1,-1,-1
295,463,368.62,175.61,13.35,18.79,0.74,10,-1,-1
295,306,188.25,231.06,18.89,28.84,0.66,10,-1,-1
296,1,49.84,202.06,62.48,27.37,0.90,4,-1,-1
296,4,113.15,184.48,45.97,24.68,0.92,4,-1,-1
296,8,171.00,186.24,33.06,24.26,0.99,4,-1,-1
296,16,278.96,185.39,28.10,28.10,0.96,4,-1,-1
296,17,284.83,172.44,24.63,23.19,0.92,4,-1,-1
296,22,317.56,184.03,26.12,26.10,0.96,4,-1,-1
296,26,358.75,442.29,71.35,93.95,1.00,4,-1,-1
296,44,411.80,171.41,26.12,21.41,0.99,4,-1,-1
296,45,482.26,334.90,40.79,48.79,0.99,7,-1,-1
296,66,454.79,450.51,77.11,88.09,0.99,4,-1,-1
296,198,581.37,249.73,77.03,32.44,0.97,4,-1,-1
296,202,194.50,252.74,89.59,35.94,0.99,4,-1,-1
296,252,542.43,378.06,68.86,72.79,0.97,4,-1,-1
296,255,418.89,152.93,18.89,17.25,0.94,4,-1,-1
296,286,341.35,244.75,74.53,31.49,0.94,4,-1,-1
296,150,521.20,322.28,49.51,49.81,0.95,4,-1,-1
296,301,176.23,230.99,20.64,28.99,0.87,10,-1,-1
296,130,567.35,305.04,30.73,41.71,0.80,10,-1,-1
296,43,394.94,202.12,31.49,27.83,0.99,4,-1,-1
296,289,227.61,219.87,14.73,25.07,0.95,10,-1,-1
296,359,527.00,413.97,30.10,51.41,0.95,10,-1,-1
296,364,255.44,195.18,15.56,23.15,0.73,10,-1,-1
296,372,0.75,251.12,33.32,22.71,0.91,10,-1,-1
296,374,531.71,419.75,22.02,36.06,0.62,2,-1,-1
296,376,530.05,409.41,20.50,42.02,0.54,2,-1,-1
296,378,488.68,233.56,74.42,36.10,0.99,4,-1,-1
296,271,238.92,197.10,14.04,22.92,0.96,10,-1,-1
296,380,414.11,273.25,36.92,27.92,0.91,10,-1,-1
296,382,329.72,215.58,20.02,23.50,0.93,10,-1,-1
296,335,240.14,228.74,16.58,21.80,0.87,10,-1,-1
296,401,579.56,466.78,34.23,59.23,0.95,10,-1,-1
296,419,133.32,217.00,15.22,22.59,0.95,10,-1,-1
296,426,80.70,266.26,38.16,24.67,0.98,10,-1,-1
296,427,442.90,188.73,19.60,24.15,0.92,4,-1,-1
296,428,584.15,463.15,27.02,52.16,0.97,2,-1,-1
296,441,441.22,195.72,11.97,25.79,0.36,1,-1,-1
296,304,351.20,138.79,17.25,22.86,0.97,4,-1,-1
296,451,411.45,185.71,13.82,20.45,0.96,10,-1,-1
296,381,174.31,249.90,31.48,21.19,0.88,10,-1,-1
296,459,609.34,367.09,43.54,63.23,0.77,8,-1,-1
296,421,392.15,175.59,18.03,18.86,0.97,7,-1,-1
296,468,472.58,208.95,14.75,20.14,0.82,10,-1,-1
296,397,-0.62,262.25,33.77,33.42,0.77,10,-1,-1
296,442,645.64,253.13,34.54,29.51,0.56,10,-1,-1
296,444,695.59,255.62,26.10,25.45,0.91,10,-1,-1
296,396,611.52,330.60,41.35,52.39,0.56,8,-1,-1
296,440,433.97,201.47,12.54,23.26,0.81,1,-1,-1
296,475,312.71,114.99,16.30,14.77,0.27,4,-1,-1
296,477,701.69,229.29,74.40,29.20,0.99,4,-1,-1
296,272,454.97,331.90,16.59,30.70,0.96,10,-1,-1
296,317,377.92,182.72,13.50,21.37,0.91,10,-1,-1
296,481,830.59,495.16,23.72,43.29,0.85,1,-1,-1
296,358,602.93,310.77,15.96,33.93,0.58,1,-1,-1
296,485,0.57,369.62,45.18,53.06,0.94,8,-1,-1
296,486,368.78,166.89,13.12,17.94,0.51,10,-1,-1
296,487,476.04,221.60,24.17,17.62,0.85,10,-1,-1
296,489,900.86,442.02,28.14,56.91,0.89,1,-1,-1
296,490,389.52,126.89,16.29,17.26,0.45,4,-1,-1
296,403,384.72,168.09,18.25,17.00,0.20,10,-1,-1
296,191,389.33,126.85,16.11,17.32,0.91,4,-1,-1
296,493,912.84,437.39,25.54,59.90,0.82,1,-1,-1
296,463,369.77,174.93,13.68,18.83,0.65,10,-1,-1
296,306,190.21,231.57,19.33,27.90,0.84,10,-1,-1
296,494,527.04,412.83,24.71,42.19,0.62,10,-1,-1
296,495,568.33,209.58,41.58,27.12,0.62,5,-1,-1
296,496,903.42,436.64,33.75,64.49,0.80,1,-1,-1
296,400,630.51,217.60,43.37,25.77,0.85,4,-1,-1
297,1,51.37,201.63,63.18,27.83,0.94,4,-1,-1
297,4,115.78,184.16,45.31,24.89,0.94,4,-1,-1
297,8,173.07,186.14,33.32,24.56,0.99,4,-1,-1
297,16,280.85,185.58,28.33,27.85,0.96,4,-1,-1
297,17,287.20,172.72,24.01,22.22,0.88,4,-1,-1
297,22,319.52,184.22,26.37,26.17,0.91,4,-1,-1
297,26,360.32,442.65,71.59,93.95,1.00,4,-1,-1
297,44,413.57,171.48,26.40,21.60,0.99,4,-1,-1
297,45,484.65,335.93,39.75,48.40,0.98,7,-1,-1
297,66,456.41,450.85,77.53,87.91,0.99,4,-1,-1
297,198,585.74,249.76,76.38,32.35,0.98,4,-1,-1
297,202,191.80,253.29,89.03,35.72,0.99,4,-1,-1
297,252,544.10,378.44,69.88,72.50,0.98,4,-1,-1
297,255,420.97,152.98,19.13,17.58,0.94,4,-1,-1
297,286,340.11,244.99,75.09,31.60,0.95,4,-1,-1
297,150,522.57,322.65,50.23,49.57,0.93,4,-1,-1
297,301,178.25,230.40,20.34,29.13,0.92,10,-1,-1
297,130,571.18,305.80,30.32,41.85,0.86,10,-1,-1
297,43,396.68,201.82,31.39,27.95,0.99,4,-1,-1
297,289,229.98,219.79,14.52,24.81,0.94,10,-1,-1
297,359,527.23,413.00,30.94,52.09,0.95,10,-1,-1
297,364,257.66,195.25,15.23,23.19,0.54,10,-1,-1
297,372,0.03,251.71,32.64,22.47,0.93,10,-1,-1
297,374,533.61,419.24,20.65,35.71,0.47,2,-1,-1
297,376,531.25,409.30,20.45,42.12,0.30,2,-1,-1
297,378,486.59,233.66,74.19,36.39,0.99,4,-1,-1
297,271,241.06,197.34,14.11,22.93,0.94,10,-1,-1
297,380,419.53,273.40,36.36,27.54,0.96,10,-1,-1
297,382,331.41,216.18,20.72,23.15,0.94,10,-1,-1
297,335,242.69,228.00,15.97,22.26,0.77,10,-1,-1
297,401,579.99,466.41,35.05,59.16,0.96,10,-1,-1
297,419,135.09,217.29,15.48,22.38,0.92,10,-1,-1
297,426,76.19,266.40,38.25,24.73,0.98,10,-1,-1
297,427,444.64,188.83,20.58,24.49,0.97,4,-1,-1
297,428,584.69,462.86,27.89,54.30,0.96,2,-1,-1
297,441,442.55,196.03,12.42,26.89,0.61,1,-1,-1
297,304,352.81,138.91,17.80,23.02,0.96,4,-1,-1
297,451,413.07,185.64,13.83,20.65,0.91,10,-1,-1
297,381,173.28,249.54,30.81,21.48,0.85,10,-1,-1
297,459,611.61,368.38,42.67,62.89,0.49,8,-1,-1
297,421,393.99,175.50,17.24,18.69,0.93,7,-1,-1
297,468,473.32,208.67,15.73,20.14,0.77,10,-1,-1
297,397,-0.48,263.48,31.70,33.14,0.61,10,-1,-1
297,442,646.50,253.11,37.28,29.90,0.23,10,-1,-1
297,444,699.44,255.84,27.92,25.89,0.96,10,-1,-1
297,396,613.53,330.71,41.16,51.74,0.37,8,-1,-1
297,440,435.83,201.36,12.22,23.41,0.83,1,-1,-1
297,475,314.62,115.02,16.32,15.08,0.69,4,-1,-1
297,477,701.32,229.82,74.14,29.62,0.98,4,-1,-1
297,272,456.69,332.42,16.76,30.73,0.96,10,-1,-1
297,317,380.46,182.08,13.74,21.74,0.85,10,-1,-1
297,481,833.29,496.43,23.26,42.49,0.92,1,-1,-1
297,358,606.72,311.13,15.35,33.44,0.80,1,-1,-1
297,485,0.33,368.37,46.29,53.88,0.93,8,-1,-1
297,486,370.72,167.89,13.71,19.40,0.15,10,-1,-1
297,487,474.79,221.06,24.38,17.80,0.88,10,-1,-1
297,489,906.18,446.60,27.40,53.91,0.77,1,-1,-1
297,493,918.42,438.76,25.36,60.62,0.31,1,-1,-1
297,463,371.06,172.44,14.17,19.43,0.47,10,-1,-1
297,306,192.72,232.20,19.48,27.57,0.83,10,-1,-1
297,400,632.78,217.97,43.39,25.64,0.66,4,-1,-1
297,27,431.59,165.75,20.49,19.28,0.51,4,-1,-1
298,1,53.79,201.48,62.25,27.62,0.93,4,-1,-1
298,4,117.78,184.06,45.86,24.78,0.92,4,-1,-1
298,8,175.07,186.14,32.62,24.48,0.99,4,-1,-1
298,16,282.99,185.20,28.42,28.16,0.97,4,-1,-1
298,17,289.63,172.26,23.67,23.06,0.75,4,-1,-1
298,22,321.50,184.24,26.46,26.40,0.94,4,-1,-1
298,26,362.12,442.96,71.28,93.98,1.00,4,-1,-1
298,44,415.29,171.47,26.50,21.68,0.97,4,-1,-1
298,45,486.19,335.91,40.15,48.67,1.00,7,-1,-1
298,66,458.03,451.36,77.68,87.48,0.98,4,-1,-1
298,198,590.35,249.87,76.92,32.72,0.97,4,-1,-1
298,202,189.25,253.22,89.81,36.25,1.00,4,-1,-1
298,252,545.96,378.99,69.87,72.81,0.96,4,-1,-1
298,255,422.81,153.11,19.22,17.56,0.96,4,-1,-1
298,286,338.22,245.14,76.49,31.85,0.95,4,-1,-1
298,150,524.52,322.58,50.10,49.89,0.98,4,-1,-1
298,301,179.92,230.41,21.43,30.39,0.92,10,-1,-1
298,130,574.38,306.57,30.16,42.18,0.92,10,-1,-1
298,43,398.19,201.69,31.35,27.61,0.99,4,-1,-1
298,289,231.89,219.90,14.45,24.72,0.96,10,-1,-1
298,359,527.58,412.27,31.25,52.36,0.93,10,-1,-1
298,364,259.72,195.33,15.10,23.02,0.75,10,-1,-1
298,372,-0.59,250.53,32.22,23.57,0.83,10,-1,-1
298,374,534.38,418.68,20.51,36.38,0.65,2,-1,-1
298,376,531.36,408.31,20.03,40.18,0.17,2,-1,-1
298,378,485.20,233.96,73.30,35.92,0.99,4,-1,-1
298,271,243.19,197.75,14.14,23.13,0.94,10,-1,-1
298,380,424.27,273.43,36.56,27.62,0.96,10,-1,-1
298,382,333.48,216.18,20.58,23.42,0.96,10,-1,-1
298,335,244.48,227.27,15.94,23.04,0.36,10,-1,-1
298,401,579.61,468.70,36.14,56.36,0.96,10,-1,-1
298,419,137.27,217.13,15.17,22.51,0.49,10,-1,-1
298,426,71.42,266.45,38.61,25.15,0.98,10,-1,-1
298,427,446.35,188.74,20.93,24.63,0.96,4,-1,-1
298,428,585.34,461.81,27.83,54.36,0.99,2,-1,-1
298,441,444.31,195.05,12.20,27.11,0.74,1,-1,-1
298,304,354.66,139.10,18.00,22.89,0.94,4,-1,-1
298,451,414.12,185.09,14.23,20.54,0.96,10,-1,-1
298,381,170.83,248.33,31.76,23.20,0.91,10,-1,-1
298,459,613.30,369.27,42.53,63.17,0.26,8,-1,-1
298,421,395.15,175.84,17.35,18.03,0.87,7,-1,-1
298,468,474.67,208.67,15.70,19.75,0.76,10,-1,-1
298,397,-0.45,264.07,28.38,32.24,0.85,10,-1,-1
298,444,704.25,256.63,26.26,25.07,0.97,10,-1,-1
298,396,614.94,331.55,41.87,51.50,0.58,8,-1,-1
298,440,437.38,201.10,12.90,23.67,0.63,1,-1,-1
298,475,315.99,115.27,16.32,15.10,0.69,4,-1,-1
298,477,699.96,230.13,74.81,30.40,0.98,4,-1,-1
298,272,457.37,328.78,18.83,33.95,0.91,10,-1,-1
298,317,382.83,181.72,13.43,21.29,0.85,10,-1,-1
298,481,835.34,497.96,23.06,41.38,0.70,1,-1,-1
298,358,609.94,311.87,15.52,34.06,0.81,1,-1,-1
298,485,0.10,367.89,47.98,54.53,0.93,8,-1,-1
298,487,473.69,221.21,24.48,17.66,0.46,10,-1,-1
298,489,913.89,450.24,24.38,50.98,0.28,1,-1,-1
298,493,922.95,441.99,26.21,61.35,0.88,1,-1,-1
298,463,372.82,171.65,13.96,19.65,0.59,10,-1,-1
298,306,194.18,232.47,19.74,28.26,0.80,10,-1,-1
298,400,634.70,218.00,43.40,26.21,0.34,4,-1,-1
298,27,432.95,165.54,21.32,19.51,0.46,4,-1,-1
298,497,437.24,201.45,13.26,23.50,0.81,1,-1,-1
298,191,393.01,126.84,16.23,17.23,0.84,4,-1,-1
299,1,55.43,201.83,62.48,27.32,0.95,4,-1,-1
299,4,120.69,183.91,45.17,24.93,0.97,4,-1,-1
299,8,177.18,186.22,32.56,24.24,1.00,4,-1,-1
299,16,285.06,185.70,27.76,27.67,0.97,4,-1,-1
299,17,291.29,173.04,23.75,22.97,0.88,4,-1,-1
299,22,323.59,184.40,26.10,26.49,0.93,4,-1,-1
299,26,364.40,443.28,70.78,93.57,0.99,4,-1,-1
299,44,417.29,171.60,26.14,21.50,0.99,4,-1,-1
299,45,487.54,335.89,40.70,49.16,1.00,7,-1,-1
299,66,460.04,451.75,76.95,87.31,0.98,4,-1,-1
299,198,594.94,250.00,75.34,32.65,0.97,4,-1,-1
299,202,186.95,253.65,89.49,36.03,1.00,4,-1,-1
299,252,547.24,378.78,69.47,73.70,0.97,4,-1,-1
299,255,424.84,153.04,19.25,17.90,0.94,4,-1,-1
299,286,336.81,245.52,76.22,31.73,0.96,4,-1,-1
299,150,526.23,322.76,49.65,49.60,0.96,4,-1,-1
299,301,181.24,230.30,21.63,30.46,0.84,10,-1,-1
299,130,577.67,306.64,30.51,43.85,0.85,10,-1,-1
299,43,400.11,201.38,31.34,27.47,1.00,4,-1,-1
299,289,233.88,220.70,14.83,23.68,0.93,10,-1,-1
299,359,528.32,412.41,31.37,51.26,0.96,10,-1,-1
299,364,261.65,195.82,14.85,22.34,0.91,10,-1,-1
299,372,-0.77,251.16,30.80,23.39,0.89,10,-1,-1
299,374,535.29,418.07,20.86,36.23,0.57,2,-1,-1
299,378,483.17,234.28,73.38,36.11,0.99,4,-1,-1
299,271,245.85,198.26,13.75,22.61,0.96,10,-1,-1
299,380,429.28,274.88,36.24,26.03,0.97,10,-1,-1
299,382,335.02,217.02,20.92,22.52,0.96,10,-1,-1
299,335,246.51,228.04,16.13,22.35,0.65,10,-1,-1
299,401,580.08,468.77,36.96,55.68,0.97,10,-1,-1
299,419,139.56,217.15,14.91,22.56,0.65,10,-1,-1
299,426,66.95,267.44,38.31,24.51,0.97,10,-1,-1
299,427,447.94,189.12,21.07,24.48,0.93,4,-1,-1
299,428,585.22,460.99,28.59,54.75,0.99,2,-1,-1
299,441,446.14,194.70,11.71,26.20,0.83,1,-1,-1
299,304,357.29,139.62,16.90,22.83,0.99,4,-1,-1
299,451,415.68,184.82,14.39,20.49,0.96,10,-1,-1
299,381,168.94,248.34,31.91,23.24,0.86,10,-1,-1
299,421,396.55,175.30,17.80,18.60,0.76,7,-1,-1
299,468,476.37,209.30,14.91,17.99,0.66,10,-1,-1
299,397,-0.34,263.79,24.75,32.87,0.73,10,-1,-1
299,444,707.90,257.29,26.40,25.16,0.89,10,-1,-1
299,396,616.83,332.04,41.94,51.00,0.22,8,-1,-1
299,440,439.31,201.52,12.37,22.97,0.81,1,-1,-1
299,475,318.06,115.87,15.92,14.70,0.72,4,-1,-1
299,477,697.90,230.31,75.83,30.87,0.99,4,-1,-1
299,272,459.20,324.39,20.34,38.19,0.89,10,-1,-1
299,317,384.84,181.23,13.72,21.32,0.70,10,-1,-1
299,481,837.67,498.60,22.99,40.99,0.81,1,-1,-1
299,358,613.05,312.11,15.60,33.49,0.75,1,-1,-1
299,485,0.27,365.60,51.42,57.57,0.77,8,-1,-1
299,487,472.71,221.70,24.54,16.98,0.42,10,-1,-1
299,489,918.95,455.22,22.37,49.59,0.80,1,-1,-1
299,493,929.96,444.04,24.75,60.68,0.85,1,-1,-1
299,463,374.26,170.43,13.88,20.56,0.70,10,-1,-1
299,306,196.69,232.64,19.24,28.31,0.74,10,-1,-1
299,400,636.55,218.89,43.40,25.82,0.51,4,-1,-1
299,191,394.80,126.88,15.86,17.09,0.54,4,-1,-1
299,498,394.75,126.56,15.67,17.18,0.68,7,-1,-1
299,499,394.75,126.94,15.67,16.72,0.65,4,-1,-1
299,500,559.59,282.20,22.30,22.60,0.69,10,-1,-1
299,501,612.62,311.58,15.97,34.96,0.74,1,-1,-1
300,1,56.73,201.54,64.35,27.80,0.86,4,-1,-1
300,4,123.06,184.12,44.96,24.39,0.95,4,-1,-1
300,8,179.50,186.41,32.53,23.95,0.99,4,-1,-1
300,16,286.86,185.56,27.81,27.89,0.96,4,-1,-1
300,17,293.45,172.91,23.58,22.73,0.79,4,-1,-1
300,22,325.51,184.42,25.96,26.52,0.97,4,-1,-1
300,26,366.00,443.37,70.59,93.42,1.00,4,-1,-1
300,44,419.18,171.51,26.01,21.44,0.99,4,-1,-1
300,45,489.59,336.24,40.52,49.34,1.00,7,-1,-1
300,66,461.74,452.05,76.68,86.86,0.99,4,-1,-1
300,198,600.33,250.41,74.12,31.82,0.97,4,-1,-1
300,202,184.49,254.07,88.57,35.35,0.99,4,-1,-1
300,252,549.27,379.25,69.93,73.64,0.97,4,-1,-1
300,255,426.75,152.88,19.27,18.02,0.89,4,-1,-1
300,286,335.75,245.73,75.71,31.49,0.96,4,-1,-1
300,150,528.21,322.78,49.49,49.48,0.97,4,-1,-1
300,301,183.34,230.32,21.51,30.48,0.87,10,-1,-1
300,130,581.17,308.08,30.65,43.02,0.91,10,-1,-1
300,43,401.58,200.94,31.34,27.22,0.99,4,-1,-1
300,289,236.05,220.46,14.77,24.31,0.93,10,-1,-1
300,359,528.80,412.27,31.41,50.44,0.97,10,-1,-1
300,364,263.70,195.56,15.17,22.70,0.73,10,-1,-1
300,372,-0.82,250.47,28.83,23.51,0.69,10,-1,-1
300,374,536.21,417.04,20.60,35.78,0.72,2,-1,-1
300,378,481.30,234.56,73.42,35.78,0.99,4,-1,-1
300,271,248.09,198.60,14.01,23.01,0.90,10,-1,-1
300,380,434.77,275.40,35.72,25.44,0.96,10,-1,-1
300,382,336.94,219.63,21.05,19.95,0.95,10,-1,-1
300,335,248.61,227.40,16.21,22.89,0.40,10,-1,-1
300,401,580.25,467.97,37.28,55.84,0.97,10,-1,-1
300,419,142.29,216.72,14.67,22.97,0.43,10,-1,-1
300,426,62.22,267.17,38.72,25.26,0.97,10,-1,-1
300,427,449.48,189.03,21.51,24.63,0.92,4,-1,-1
300,428,584.97,460.08,29.27,54.89,0.99,2,-1,-1
300,441,447.79,194.53,11.53,25.84,0.80,1,-1,-1
300,304,359.23,140.13,17.28,22.16,0.91,4,-1,-1
300,451,417.60,184.89,14.05,20.87,0.88,10,-1,-1
300,381,167.49,248.41,31.96,23.45,0.93,10,-1,-1
300,421,397.45,174.68,18.36,18.81,0.81,7,-1,-1
300,468,477.59,208.38,15.40,18.79,0.84,10,-1,-1
300,397,-0.15,262.96,21.54,33.89,0.57,10,-1,-1
300,444,712.33,257.98,27.25,24.20,0.93,10,-1,-1
300,396,619.28,331.98,41.37,51.60,0.41,8,-1,-1
300,440,440.98,201.15,12.16,23.10,0.86,1,-1,-1
300,475,319.98,116.04,16.17,14.95,0.68,4,-1,-1
300,477,696.77,231.12,75.38,29.65,0.99,4,-1,-1
300,272,461.60,325.63,19.43,36.48,0.79,10,-1,-1
300,317,387.11,181.03,14.22,21.33,0.82,10,-1,-1
300,481,839.69,499.59,22.96,39.63,0.41,1,-1,-1
300,358,616.11,312.94,15.63,34.47,0.63,1,-1,-1
300,485,0.23,366.34,52.97,56.67,0.97,8,-1,-1
300,487,472.61,221.61,23.73,16.77,0.62,10,-1,-1
300,489,923.89,456.53,22.62,51.74,0.84,1,-1,-1
300,493,934.32,445.26,24.22,61.29,0.40,1,-1,-1
300,463,375.75,168.88,14.66,21.09,0.82,10,-1,-1
300,306,199.27,232.17,18.45,28.93,0.75,10,-1,-1
300,400,638.38,219.19,43.40,25.87,0.67,4,-1,-1
300,191,396.81,126.82,15.72,16.84,0.83,4,-1,-1
300,268,562.39,263.69,53.61,30.77,0.55,10,-1,-1
301,1,59.29,201.77,64.25,27.58,0.95,4,-1,-1
301,4,124.61,183.14,45.68,25.59,0.95,4,-1,-1
301,8,181.74,186.23,33.12,24.04,0.99,4,-1,-1
301,16,289.09,185.34,27.83,28.36,0.97,4,-1,-1
301,17,295.21,173.19,24.11,22.63,0.89,4,-1,-1
301,22,327.58,184.46,25.91,26.32,0.96,4,-1,-1
301,26,367.75,443.58,70.91,93.36,1.00,4,-1,-1
301,44,421.23,171.61,25.95,21.41,0.99,4,-1,-1
301,45,491.70,336.17,40.44,49.40,0.99,7,-1,-1
301,66,463.53,452.53,76.97,86.28,0.99,4,-1,-1
301,198,605.37,249.97,74.47,32.29,0.94,4,-1,-1
301,202,182.00,254.55,87.40,35.27,0.99,4,-1,-1
301,252,551.36,379.82,69.50,73.20,0.96,4,-1,-1
301,255,428.79,153.25,19.67,17.67,0.78,4,-1,-1
301,286,334.64,245.92,75.50,31.58,0.96,4,-1,-1
301,150,530.09,322.99,49.42,49.43,0.99,4,-1,-1
301,301,185.60,230.46,20.86,29.69,0.88,10,-1,-1
301,130,584.73,308.23,30.70,43.44,0.90,10,-1,-1
301,43,403.28,200.71,31.34,27.12,0.99,4,-1,-1
301,289,238.23,220.50,14.55,24.54,0.82,10,-1,-1
301,359,529.54,412.43,31.42,48.92,0.97,10,-1,-1
301,364,265.73,195.20,15.68,23.42,0.81,10,-1,-1
301,372,-0.41,250.53,26.91,22.95,0.58,10,-1,-1
301,374,536.31,415.45,20.90,36.40,0.90,2,-1,-1
301,378,479.67,234.87,73.03,35.84,0.98,4,-1,-1
301,271,250.38,198.75,14.50,23.74,0.88,10,-1,-1
301,380,439.23,275.39,35.94,25.24,0.98,10,-1,-1
301,382,339.40,220.42,20.70,18.97,0.94,10,-1,-1
301,335,250.75,227.79,16.04,22.49,0.45,10,-1,-1
301,401,580.67,467.46,37.78,55.50,0.94,10,-1,-1
301,419,144.07,216.80,14.89,23.13,0.30,10,-1,-1
301,426,57.78,267.09,38.67,25.72,0.97,10,-1,-1
301,427,451.79,188.82,20.89,24.87,0.73,4,-1,-1
301,428,585.04,459.33,29.92,53.74,0.99,2,-1,-1
301,441,448.95,194.29,11.86,26.09,0.68,1,-1,-1
301,304,361.10,140.35,17.41,21.69,0.95,4,-1,-1
301,451,419.27,184.35,14.32,21.41,0.92,10,-1,-1
301,381,165.96,247.78,32.37,24.51,0.96,10,-1,-1
301,421,399.13,174.18,18.58,19.49,0.73,7,-1,-1
301,468,479.00,208.09,15.58,18.26,0.70,10,-1,-1
301,397,-0.01,262.88,17.98,33.68,0.60,10,-1,-1
301,444,717.00,257.61,28.36,25.27,0.56,10,-1,-1
301,440,442.74,201.34,12.88,23.15,0.76,1,-1,-1
301,475,321.65,116.24,16.26,15.24,0.48,4,-1,-1
301,477,695.97,231.73,74.37,29.17,0.99,4,-1,-1
301,272,463.67,329.57,18.22,33.70,0.94,10,-1,-1
301,317,389.68,179.99,14.01,21.74,0.76,10,-1,-1
301,481,842.73,500.28,21.33,38.73,0.88,1,-1,-1
301,358,619.12,314.03,15.64,34.43,0.75,1,-1,-1
301,485,0.51,366.93,55.31,55.82,0.55,8,-1,-1
301,487,471.14,221.37,23.88,16.72,0.58,10,-1,-1
301,489,929.96,460.58,21.87,50.02,0.81,1,-1,-1
301,493,941.10,447.48,18.90,55.62,0.23,1,-1,-1
301,463,377.87,168.65,14.16,20.11,0.72,10,-1,-1
301,306,201.49,233.20,19.17,28.16,0.81,10,-1,-1
301,400,640.17,219.70,43.40,25.68,0.80,4,-1,-1
301,191,398.91,126.73,16.47,16.65,0.78,4,-1,-1
301,268,565.73,264.47,53.87,31.79,0.45,10,-1,-1
301,502,187.73,208.98,18.38,28.93,0.61,10,-1,-1
301,503,641.25,517.70,36.16,21.70,0.67,10,-1,-1
302,1,61.44,201.62,64.01,27.90,0.96,4,-1,-1
302,4,127.27,183.53,45.11,25.05,0.92,4,-1,-1
302,8,183.82,186.22,32.95,23.88,0.99,4,-1,-1
302,16,291.39,185.33,27.84,28.35,0.96,4,-1,-1
302,17,297.43,172.57,23.82,22.80,0.74,4,-1,-1
302,22,329.43,184.35,26.30,26.65,0.94,4,-1,-1
302,26,369.28,443.67,71.44,93.75,1.00,4,-1,-1
302,44,423.28,171.62,25.93,21.60,0.99,4,-1,-1
302,45,493.38,336.93,40.41,49.04,0.99,7,-1,-1
302,66,465.28,452.72,77.08,86.10,0.99,4,-1,-1
302,198,610.47,250.50,75.61,31.68,0.94,4,-1,-1
302,202,179.08,254.59,88.98,35.66,1.00,4,-1,-1
302,252,553.04,380.03,71.14,73.84,0.98,4,-1,-1
302,255,430.65,152.86,19.83,18.14,0.66,4,-1,-1
302,286,332.83,246.06,75.83,31.83,0.94,4,-1,-1
302,150,531.89,322.87,49.40,49.42,0.96,4,-1,-1
302,301,188.20,230.59,20.21,29.19,0.88,10,-1,-1
302,130,588.10,309.06,30.52,43.19,0.94,10,-1,-1
302,43,404.80,200.31,31.74,27.30,0.99,4,-1,-1
302,289,240.00,220.58,14.68,24.43,0.92,10,-1,-1
302,359,530.15,412.13,31.02,47.96,0.97,10,-1,-1
302,364,267.55,195.04,15.68,23.69,0.55,10,-1,-1
302,372,-0.43,249.21,25.80,24.13,0.86,10,-1,-1
302,374,536.68,414.90,21.02,35.45,0.91,2,-1,-1
302,378,477.90,235.16,72.90,35.87,0.98,4,-1,-1
302,271,252.79,198.96,14.49,24.02,0.91,10,-1,-1
302,380,443.86,274.66,36.43,26.20,0.97,10,-1,-1
302,382,341.40,220.56,20.57,18.86,0.94,10,-1,-1
302,335,252.61,228.01,15.97,22.54,0.67,10,-1,-1
302,401,580.96,467.71,37.78,54.19,0.97,10,-1,-1
302,419,146.02,216.60,15.92,23.39,0.26,10,-1,-1
302,426,53.27,267.70,38.52,25.51,0.99,10,-1,-1
302,427,453.55,189.01,21.05,24.78,0.81,4,-1,-1
302,428,585.59,458.90,29.77,52.11,0.99,2,-1,-1
302,441,450.09,193.89,11.99,26.79,0.78,1,-1,-1
302,304,362.88,140.34,17.46,21.88,0.95,4,-1,-1
302,451,420.98,184.53,14.02,21.22,0.92,10,-1,-1
302,381,164.16,246.82,32.33,25.30,0.98,10,-1,-1
302,421,400.87,173.78,18.27,19.36,0.91,7,-1,-1
302,468,480.66,207.57,15.26,19.49,0.80,10,-1,-1
302,397,-0.05,262.51,15.09,33.00,0.21,10,-1,-1
302,444,721.78,258.37,30.34,25.66,0.74,10,-1,-1
302,440,444.11,201.10,13.14,23.37,0.79,1,-1,-1
302,475,323.76,116.52,15.89,15.25,0.55,4,-1,-1
302,477,694.90,232.05,73.97,28.99,0.99,4,-1,-1
302,272,465.34,330.89,18.16,32.60,0.88,10,-1,-1
302,317,391.90,179.49,13.93,21.70,0.77,10,-1,-1
302,481,845.40,500.95,20.70,38.44,0.62,1,-1,-1
302,358,622.10,314.83,15.64,34.02,0.62,1,-1,-1
302,485,0.42,366.76,57.52,55.46,0.91,8,-1,-1
302,487,469.79,220.23,24.36,17.55,0.47,10,-1,-1
302,489,934.41,457.82,22.46,55.24,0.73,1,-1,-1
302,463,379.57,169.01,13.96,19.93,0.61,10,-1,-1
302,306,203.28,235.98,19.83,27.67,0.77,10,-1,-1
302,400,642.75,219.58,43.40,26.02,0.28,4,-1,-1
302,191,400.78,126.52,16.36,17.08,0.62,4,-1,-1
302,268,567.63,263.21,55.56,32.90,0.37,10,-1,-1
302,502,190.64,209.56,17.90,27.25,0.76,10,-1,-1
302,503,643.07,517.06,35.20,22.19,0.56,10,-1,-1
303,1,64.83,201.25,62.62,27.82,0.89,4,-1,-1
303,4,129.06,183.37,45.65,25.23,0.94,4,-1,-1
303,8,186.04,186.10,32.28,23.82,0.99,4,-1,-1
303,16,293.20,185.21,28.05,28.55,0.97,4,-1,-1
303,17,299.22,172.72,23.70,22.67,0.85,4,-1,-1
303,22,331.47,184.39,26.44,26.58,0.96,4,-1,-1
303,26,370.99,443.88,71.23,93.51,1.00,4,-1,-1
303,44,424.81,171.72,26.72,21.67,0.99,4,-1,-1
303,45,495.35,337.41,40.00,48.90,0.99,7,-1,-1
303,66,466.88,452.97,76.72,86.05,0.98,4,-1,-1
303,198,616.42,250.70,76.63,31.65,0.98,4,-1,-1
303,202,176.50,254.68,89.36,35.81,0.99,4,-1,-1
303,252,554.81,380.31,70.96,73.29,0.98,4,-1,-1
303,255,432.70,152.95,19.49,17.87,0.96,4,-1,-1
303,286,331.23,246.20,75.94,32.12,0.91,4,-1,-1
303,150,533.70,322.62,49.00,49.82,0.94,4,-1,-1
303,301,190.51,230.62,20.37,29.20,0.94,10,-1,-1
303,130,590.63,308.96,30.65,43.87,0.93,10,-1,-1
303,43,406.73,199.97,31.49,27.37,0.98,4,-1,-1
303,289,241.90,220.40,14.72,24.40,0.95,10,-1,-1
303,359,530.36,411.23,31.66,48.43,0.96,10,-1,-1
303,364,269.57,195.36,15.88,23.21,0.67,10,-1,-1
303,372,-0.29,248.79,24.42,24.76,0.62,10,-1,-1
303,374,536.59,413.92,21.46,35.89,0.78,2,-1,-1
303,378,476.12,235.36,72.86,36.09,0.98,4,-1,-1
303,271,255.34,199.61,14.48,24.13,0.93,10,-1,-1
303,380,448.62,274.59,36.22,25.96,0.97,10,-1,-1
303,382,343.09,218.74,20.92,20.88,0.90,10,-1,-1
303,335,254.45,228.58,16.35,22.17,0.66,10,-1,-1
303,401,581.64,467.62,37.57,52.90,0.96,10,-1,-1
303,419,148.25,216.50,15.97,23.29,0.89,10,-1,-1
303,426,48.50,268.99,38.88,24.43,0.99,10,-1,-1
303,427,455.17,189.08,21.10,24.54,0.97,4,-1,-1
303,428,587.36,458.76,28.91,49.88,0.99,2,-1,-1
303,441,451.88,193.65,11.64,25.87,0.69,1,-1,-1
303,304,365.10,140.53,17.08,22.05,0.96,4,-1,-1
303,451,422.58,184.00,13.91,21.55,0.90,10,-1,-1
303,381,162.87,246.34,31.71,25.41,0.98,10,-1,-1
303,421,402.30,173.34,18.14,19.51,0.86,7,-1,-1
303,468,481.26,207.69,15.93,19.74,0.87,10,-1,-1
303,397,0.04,261.74,13.02,33.13,0.23,10,-1,-1
303,444,727.38,254.99,33.41,28.39,0.67,10,-1,-1
303,440,446.16,201.20,12.85,23.26,0.75,1,-1,-1
303,475,325.91,116.90,15.35,15.05,0.66,4,-1,-1
303,477,694.16,232.46,74.60,29.14,0.98,4,-1,-1
303,272,467.11,330.96,18.13,33.01,0.93,10,-1,-1
303,317,394.46,179.22,13.50,21.29,0.74,10,-1,-1
303,481,847.08,502.20,21.31,37.13,0.22,1,-1,-1
303,358,625.51,315.91,15.65,32.26,0.69,1,-1,-1
303,485,0.40,366.70,59.86,55.29,0.85,8,-1,-1
303,487,469.14,220.12,24.13,17.45,0.73,10,-1,-1
303,489,938.69,460.04,21.04,53.12,0.61,1,-1,-1
303,463,381.78,167.86,13.88,19.26,0.70,10,-1,-1
303,306,204.89,236.19,20.67,27.89,0.64,10,-1,-1
303,400,645.66,220.03,42.60,25.95,0.48,4,-1,-1
303,191,402.64,126.40,16.31,17.05,0.70,4,-1,-1
303,268,571.23,263.14,55.98,33.12,0.59,10,-1,-1
303,502,193.27,209.54,17.80,27.39,0.54,10,-1,-1
303,503,644.88,515.57,34.07,23.67,0.56,10,-1,-1
303,504,385.11,162.87,12.66,16.88,0.74,10,-1,-1
303,505,446.28,201.45,15.07,23.20,0.65,10,-1,-1
303,403,402.07,163.64,18.66,16.01,0.88,10,-1,-1
304,1,63.70,200.84,66.48,28.97,0.84,4,-1,-1
304,4,131.06,183.44,46.04,25.30,0.95,4,-1,-1
304,8,188.31,186.17,32.43,23.99,0.99,4,-1,-1
304,16,295.20,185.08,28.13,28.61,0.96,4,-1,-1
304,17,301.41,172.38,23.86,23.42,0.83,4,-1,-1
304,22,333.55,184.41,26.10,26.35,0.97,4,-1,-1
304,26,372.99,444.32,70.76,93.01,1.00,4,-1,-1
304,44,426.89,171.94,26.62,21.50,0.99,4,-1,-1
304,45,497.22,336.55,40.24,49.63,0.99,7,-1,-1
304,66,468.42,453.02,76.99,86.02,0.99,4,-1,-1
304,198,622.06,250.84,76.22,31.63,0.98,4,-1,-1
304,202,172.76,254.71,90.29,36.25,0.99,4,-1,-1
304,252,556.21,380.56,70.89,73.86,0.96,4,-1,-1
304,255,434.57,152.78,19.35,17.96,0.95,4,-1,-1
304,286,329.69,246.24,76.38,32.22,0.82,4,-1,-1
304,150,535.31,322.49,49.65,49.56,0.94,4,-1,-1
304,301,192.91,230.85,20.04,28.80,0.87,10,-1,-1
304,130,593.04,309.46,32.30,44.89,0.79,10,-1,-1
304,43,408.38,199.64,31.39,27.19,0.99,4,-1,-1
304,289,244.15,220.53,14.94,24.18,0.92,10,-1,-1
304,359,530.42,411.48,31.50,46.20,0.97,10,-1,-1
304,364,271.75,195.39,15.95,23.21,0.66,10,-1,-1
304,372,-0.36,249.34,23.65,25.19,0.66,10,-1,-1
304,374,537.73,412.53,20.44,35.66,0.43,2,-1,-1
304,378,473.52,235.41,73.64,36.35,0.97,4,-1,-1
304,271,258.02,199.85,14.68,23.96,0.88,10,-1,-1
304,380,454.20,275.15,35.34,25.47,0.94,10,-1,-1
304,382,344.66,217.90,21.05,21.79,0.85,10,-1,-1
304,335,256.27,229.10,16.30,21.82,0.80,10,-1,-1
304,401,582.87,466.73,36.89,52.83,0.97,10,-1,-1
304,419,150.66,216.19,16.13,23.04,0.41,10,-1,-1
304,426,43.77,269.69,39.06,24.41,0.99,10,-1,-1
304,427,456.89,189.39,21.51,24.24,0.90,4,-1,-1
304,428,588.61,458.27,27.77,48.23,0.97,2,-1,-1
304,441,453.08,193.25,12.31,27.51,0.77,1,-1,-1
304,304,367.24,140.80,16.54,22.01,0.99,4,-1,-1
304,451,423.91,183.50,14.27,21.66,0.97,10,-1,-1
304,381,161.47,247.05,32.07,24.85,0.98,10,-1,-1
304,421,404.37,173.07,17.30,19.56,0.93,7,-1,-1
304,468,482.43,207.63,15.78,21.02,0.74,10,-1,-1
304,397,0.12,262.77,10.73,31.58,0.20,10,-1,-1
304,444,731.35,256.17,31.58,27.10,0.72,10,-1,-1
304,440,448.05,201.03,13.13,23.61,0.80,1,-1,-1
304,475,327.23,116.95,15.95,15.37,0.80,4,-1,-1
304,477,692.70,232.66,74.82,28.98,0.98,4,-1,-1
304,272,468.51,327.57,19.72,36.33,0.89,10,-1,-1
304,317,396.91,178.72,13.33,21.53,0.85,10,-1,-1
304,481,849.23,502.73,21.54,35.85,0.51,1,-1,-1
304,485,0.45,366.32,62.72,55.19,0.85,8,-1,-1
304,487,468.52,218.95,23.65,18.03,0.46,10,-1,-1
304,463,383.74,165.93,14.66,19.42,0.66,10,-1,-1
304,306,207.21,236.06,20.01,27.37,0.77,10,-1,-1
304,400,647.45,220.16,43.10,25.92,0.62,4,-1,-1
304,191,404.45,126.40,16.29,16.83,0.83,4,-1,-1
304,268,578.39,262.87,52.97,32.80,0.59,10,-1,-1
304,502,196.40,209.92,17.77,27.43,0.69,10,-1,-1
304,503,646.69,514.52,32.75,24.62,0.60,10,-1,-1
304,504,386.49,163.11,14.10,17.60,0.79,10,-1,-1
304,403,404.17,163.37,18.68,15.75,0.63,10,-1,-1
304,396,626.83,334.09,41.03,50.78,0.63,8,-1,-1
305,1,67.24,201.20,65.24,28.42,0.89,4,-1,-1
305,4,133.48,183.78,45.85,24.92,0.95,4,-1,-1
305,8,190.48,186.32,32.09,23.66,0.99,4,-1,-1
305,16,296.98,185.44,28.26,28.24,0.97,4,-1,-1
305,17,302.96,172.66,24.12,23.30,0.93,4,-1,-1
305,22,335.46,184.53,25.97,26.06,0.97,4,-1,-1
305,26,374.67,444.30,70.98,93.22,0.99,4,-1,-1
305,44,429.21,171.94,26.18,21.63,0.99,4,-1,-1
305,45,499.06,337.23,39.94,49.12,0.99,7,-1,-1
305,66,470.34,453.24,77.09,85.63,0.99,4,-1,-1
305,198,626.81,251.20,77.65,31.42,0.97,4,-1,-1
305,202,170.54,254.83,90.05,36.41,0.98,4,-1,-1
305,252,558.27,380.66,69.27,73.67,0.98,4,-1,-1
305,255,436.61,153.08,18.91,17.65,0.94,4,-1,-1
305,286,327.98,246.36,77.33,32.45,0.87,4,-1,-1
305,150,536.85,322.45,49.89,49.46,0.96,4,-1,-1
305,301,194.93,230.95,20.11,28.86,0.87,10,-1,-1
305,130,596.21,312.98,32.52,41.75,0.92,10,-1,-1
305,43,409.74,199.44,31.75,26.92,0.99,4,-1,-1
305,289,246.32,219.99,14.82,25.10,0.82,10,-1,-1
305,359,531.02,410.19,31.83,47.00,0.96,10,-1,-1
305,364,273.80,195.32,15.98,23.41,0.36,10,-1,-1
305,372,-0.34,249.28,22.48,26.13,0.55,10,-1,-1
305,374,538.33,412.66,20.86,35.17,0.82,2,-1,-1
305,378,471.82,235.53,73.55,36.45,0.98,4,-1,-1
305,271,260.24,200.24,15.15,24.29,0.88,10,-1,-1
305,380,458.90,271.93,35.83,27.92,0.88,10,-1,-1
305,382,346.77,219.73,21.09,20.00,0.88,10,-1,-1
305,335,258.28,228.50,16.48,22.50,0.79,10,-1,-1
305,401,583.51,464.82,36.82,53.63,0.97,10,-1,-1
305,426,38.97,269.15,39.38,25.40,0.98,10,-1,-1
305,427,458.28,189.42,21.67,24.34,0.89,4,-1,-1
305,428,589.05,457.32,27.74,48.87,0.98,2,-1,-1
305,441,454.68,193.21,12.16,27.91,0.85,1,-1,-1
305,304,368.98,141.16,16.74,21.55,0.99,4,-1,-1
305,451,425.54,183.34,14.40,21.71,0.94,10,-1,-1
305,381,159.71,247.35,32.21,24.62,0.97,10,-1,-1
305,421,406.51,172.31,16.98,20.17,0.78,7,-1,-1
305,468,484.03,207.82,15.33,21.12,0.84,10,-1,-1
305,444,737.44,254.69,31.55,27.15,0.66,10,-1,-1
305,440,450.10,200.88,12.45,23.55,0.84,1,-1,-1
305,475,329.06,117.32,16.17,15.59,0.48,4,-1,-1
305,477,691.00,233.13,74.89,28.93,0.97,4,-1,-1
305,272,471.33,331.89,17.22,32.57,0.87,10,-1,-1
305,317,399.34,178.37,13.27,21.63,0.87,10,-1,-1
305,481,851.15,503.53,21.62,35.00,0.48,1,-1,-1
305,485,0.75,365.42,64.38,55.53,0.92,8,-1,-1
305,487,467.72,217.24,24.30,19.44,0.39,10,-1,-1
305,463,385.22,166.58,13.77,18.89,0.87,10,-1,-1
305,306,209.91,234.40,18.95,27.17,0.63,10,-1,-1
305,400,648.85,220.21,44.08,26.31,0.76,4,-1,-1
305,191,406.06,126.47,16.28,16.55,0.89,4,-1,-1
305,268,582.59,262.49,53.00,33.46,0.48,10,-1,-1
305,502,199.15,210.27,17.99,28.35,0.16,10,-1,-1
305,503,647.57,514.22,32.40,24.90,0.55,10,-1,-1
305,504,389.36,161.56,13.02,17.74,0.67,10,-1,-1
305,396,629.49,334.69,40.15,50.65,0.29,8,-1,-1
305,506,472.20,330.87,15.67,27.12,0.61,2,-1,-1
305,507,570.13,269.55,15.07,31.94,0.90,1,-1,-1
306,1,68.79,200.60,66.41,29.59,0.83,4,-1,-1
306,4,135.81,183.37,45.22,25.18,0.86,4,-1,-1
306,8,192.36,186.03,32.77,23.94,0.99,4,-1,-1
306,16,298.91,185.44,28.30,28.29,0.97,4,-1,-1
306,17,304.71,173.14,24.52,22.85,0.91,4,-1,-1
306,22,337.45,184.54,25.92,25.95,0.97,4,-1,-1
306,26,376.37,444.44,70.66,92.91,0.99,4,-1,-1
306,44,430.55,172.31,26.41,21.28,0.98,4,-1,-1
306,45,500.61,337.64,39.82,48.92,1.00,7,-1,-1
306,66,472.12,453.47,76.73,85.49,0.98,4,-1,-1
306,198,631.54,251.21,78.97,31.15,0.98,4,-1,-1
306,202,167.17,255.12,90.73,36.47,0.99,4,-1,-1
306,252,560.10,381.25,69.85,73.20,0.98,4,-1,-1
306,255,438.04,153.27,19.54,17.53,0.97,4,-1,-1
306,286,326.34,246.56,77.29,32.54,0.95,4,-1,-1
306,150,539.09,322.21,49.19,49.83,0.94,4,-1,-1
306,301,196.86,230.54,20.14,29.08,0.92,10,-1,-1
306,130,599.40,313.70,32.40,41.68,0.90,10,-1,-1
306,43,411.72,198.85,31.09,27.03,0.98,4,-1,-1
306,289,248.20,219.46,14.98,25.84,0.90,10,-1,-1
306,359,531.35,409.11,31.95,47.29,0.96,10,-1,-1
306,364,275.84,195.15,15.59,23.49,0.38,10,-1,-1
306,372,-0.15,249.79,20.62,27.07,0.48,10,-1,-1
306,374,539.45,411.90,20.21,34.99,0.86,2,-1,-1
306,378,469.59,235.44,73.91,36.68,0.96,4,-1,-1
306,271,262.54,200.63,15.52,24.61,0.84,10,-1,-1
306,380,463.40,269.10,36.40,29.96,0.91,10,-1,-1
306,382,349.03,220.03,20.31,19.68,0.93,10,-1,-1
306,335,260.01,227.54,16.94,23.74,0.85,10,-1,-1
306,401,584.65,463.69,36.20,53.94,0.97,10,-1,-1
306,426,34.36,269.57,39.28,25.18,0.94,10,-1,-1
306,427,460.66,189.30,21.33,24.77,0.82,4,-1,-1
306,428,589.32,457.36,27.73,47.51,0.99,2,-1,-1
306,441,456.36,193.08,11.70,27.66,0.76,1,-1,-1
306,304,370.50,140.95,17.21,21.88,0.94,4,-1,-1
306,451,427.23,183.25,14.05,21.92,0.88,10,-1,-1
306,381,158.36,246.73,32.45,24.92,0.96,10,-1,-1
306,421,406.98,172.19,17.68,19.62,0.93,7,-1,-1
306,468,485.53,207.98,15.15,21.34,0.90,10,-1,-1
306,444,743.06,255.30,30.75,25.18,0.76,10,-1,-1
306,440,451.94,200.30,11.77,23.72,0.90,1,-1,-1
306,475,331.03,117.51,15.86,15.47,0.79,4,-1,-1
306,477,689.93,233.48,74.10,29.11,0.98,4,-1,-1
306,272,473.30,334.12,16.14,30.93,0.96,10,-1,-1
306,317,401.70,178.02,12.85,21.46,0.69,10,-1,-1
306,485,0.50,363.06,66.99,57.23,0.96,8,-1,-1
306,487,467.59,216.09,23.74,19.97,0.50,10,-1,-1
306,463,386.86,166.95,13.00,18.69,0.86,10,-1,-1
306,306,212.20,233.03,18.14,26.50,0.71,10,-1,-1
306,400,650.04,220.10,45.24,26.65,0.59,4,-1,-1
306,191,408.14,126.17,16.28,17.05,0.56,4,-1,-1
306,268,587.16,262.42,51.81,33.31,0.64,10,-1,-1
306,502,201.52,210.03,17.85,28.21,0.67,10,-1,-1
306,503,649.48,512.42,31.43,26.66,0.80,10,-1,-1
306,504,392.20,160.89,12.63,18.02,0.79,10,-1,-1
306,396,631.52,334.86,39.85,50.21,0.19,8,-1,-1
306,506,474.25,330.87,15.18,26.64,0.78,2,-1,-1
306,507,571.95,269.93,15.06,31.70,0.69,1,-1,-1
306,508,408.01,125.96,16.27,17.63,0.84,5,-1,-1
306,509,695.49,280.40,51.83,43.84,0.64,8,-1,-1
306,403,409.78,162.28,17.75,15.67,0.56,10,-1,-1
307,1,70.00,199.92,67.47,30.61,0.89,4,-1,-1
307,4,138.24,183.45,45.18,25.07,0.94,4,-1,-1
307,8,194.72,186.16,32.03,23.44,0.99,4,-1,-1
307,16,301.00,185.18,27.92,28.32,0.97,4,-1,-1
307,17,307.13,172.55,24.27,23.28,0.88,4,-1,-1
307,22,339.76,184.68,25.50,25.91,0.96,4,-1,-1
307,26,378.17,444.72,70.54,92.80,1.00,4,-1,-1
307,44,432.41,172.69,26.49,20.75,0.99,4,-1,-1
307,45,502.15,338.03,40.17,48.44,0.99,7,-1,-1
307,66,473.75,453.78,76.98,85.05,0.99,4,-1,-1
307,198,637.55,251.14,77.89,30.65,0.98,4,-1,-1
307,202,164.04,255.45,90.98,36.30,0.99,4,-1,-1
307,252,561.55,381.50,70.07,73.02,0.96,4,-1,-1
307,255,439.94,153.27,19.77,18.08,0.85,4,-1,-1
307,286,324.82,246.86,77.26,32.57,0.88,4,-1,-1
307,150,541.10,322.16,48.92,49.96,0.99,4,-1,-1
307,301,198.63,230.32,20.75,29.36,0.89,10,-1,-1
307,130,603.09,316.18,31.75,39.66,0.94,10,-1,-1
307,43,413.64,198.77,30.84,26.67,0.99,4,-1,-1
307,289,250.17,219.98,15.23,25.53,0.94,10,-1,-1
307,359,531.69,408.56,32.38,47.02,0.95,10,-1,-1
307,364,277.86,195.43,15.24,23.12,0.64,10,-1,-1
307,372,-0.12,249.82,18.81,27.42,0.36,10,-1,-1
307,374,540.08,411.48,20.37,34.92,0.87,2,-1,-1
307,378,467.47,235.53,74.44,37.56,0.98,4,-1,-1
307,271,265.34,200.90,15.07,24.72,0.90,10,-1,-1
307,380,468.53,267.08,36.23,31.52,0.78,10,-1,-1
307,382,350.64,219.86,20.42,19.57,0.94,10,-1,-1
307,335,262.11,227.22,16.72,24.41,0.79,10,-1,-1
307,401,586.08,463.92,34.95,52.47,0.97,10,-1,-1
307,426,29.83,270.05,39.06,25.09,0.97,10,-1,-1
307,427,462.92,189.59,21.19,24.74,0.86,4,-1,-1
307,428,590.02,456.63,27.72,48.64,0.99,2,-1,-1
307,441,457.98,193.27,11.52,26.97,0.62,1,-1,-1
307,304,372.63,141.31,16.99,21.80,0.99,4,-1,-1
307,451,428.84,183.26,13.92,21.40,0.90,10,-1,-1
307,381,156.95,246.33,32.74,25.23,0.96,10,-1,-1
307,421,408.15,171.90,17.93,19.40,0.93,7,-1,-1
307,468,486.68,207.59,15.48,21.82,0.87,10,-1,-1
307,444,745.85,257.22,29.63,25.64,0.69,10,-1,-1
307,440,454.00,200.03,11.93,23.79,0.86,1,-1,-1
307,475,333.14,118.06,15.73,15.12,0.57,4,-1,-1
307,477,689.21,234.03,72.99,28.98,0.99,4,-1,-1
307,272,474.98,333.91,16.18,31.17,0.88,10,-1,-1
307,317,403.92,177.84,13.10,21.20,0.65,10,-1,-1
307,485,0.50,361.03,70.15,59.04,0.96,8,-1,-1
307,463,388.65,166.03,13.14,19.23,0.78,10,-1,-1
307,306,213.89,232.45,18.25,27.06,0.62,10,-1,-1
307,400,652.81,220.39,44.11,26.78,0.20,4,-1,-1
307,191,410.28,126.11,15.48,17.03,0.75,4,-1,-1
307,268,590.95,262.64,51.96,33.25,0.66,10,-1,-1
307,502,204.26,210.49,17.58,26.66,0.30,10,-1,-1
307,503,649.62,511.43,32.90,27.67,0.73,10,-1,-1
307,504,392.92,161.08,14.39,18.77,0.36,7,-1,-1
307,396,632.63,335.55,41.35,51.65,0.16,8,-1,-1
307,506,475.18,329.50,16.50,30.28,0.62,2,-1,-1
307,507,573.32,270.49,15.06,30.96,0.81,10,-1,-1
307,403,412.82,161.60,17.11,16.29,0.19,10,-1,-1
307,442,691.62,260.24,33.89,29.26,0.69,10,-1,-1
307,419,156.56,215.65,16.76,23.69,0.80,10,-1,-1
308,1,74.15,200.15,64.79,29.43,0.73,4,-1,-1
308,4,140.21,182.97,45.22,25.43,0.95,4,-1,-1
308,8,196.82,185.89,32.75,23.86,0.99,4,-1,-1
308,16,303.40,185.06,27.48,28.52,0.95,4,-1,-1
308,17,309.36,172.62,23.77,22.85,0.83,4,-1,-1
308,22,341.54,184.81,25.75,25.70,0.93,4,-1,-1
308,26,379.58,444.80,70.90,92.76,0.99,4,-1,-1
308,44,434.83,172.70,25.73,20.95,0.99,4,-1,-1
308,45,504.06,339.14,39.91,47.46,0.99,7,-1,-1
308,66,475.90,454.07,76.69,84.89,0.98,4,-1,-1
308,198,644.82,251.09,75.06,29.66,0.97,4,-1,-1
308,202,161.37,255.66,89.48,36.22,0.98,4,-1,-1
308,252,563.23,381.36,69.36,73.74,0.98,4,-1,-1
308,255,441.98,153.20,19.07,18.24,0.93,4,-1,-1
308,286,323.31,247.15,76.84,32.58,0.90,4,-1,-1
308,150,542.38,321.91,49.22,50.01,0.99,4,-1,-1
308,301,200.62,230.13,20.59,28.88,0.92,10,-1,-1
308,130,606.94,315.01,29.30,40.51,0.94,10,-1,-1
308,43,415.29,198.24,31.15,26.74,0.98,4,-1,-1
308,289,252.22,219.97,15.13,25.61,0.93,10,-1,-1
308,359,532.39,406.95,32.15,48.13,0.96,10,-1,-1
308,364,280.34,195.52,15.11,23.17,0.47,10,-1,-1
308,372,-0.03,248.65,17.06,28.91,0.42,10,-1,-1
308,374,540.29,411.12,20.43,35.30,0.76,2,-1,-1
308,378,466.14,235.93,73.85,37.50,0.99,4,-1,-1
308,271,267.91,201.47,15.09,24.76,0.84,10,-1,-1
308,380,474.46,272.61,35.76,27.14,0.56,10,-1,-1
308,382,352.97,218.97,20.06,20.34,0.89,10,-1,-1
308,335,264.12,228.15,16.83,23.10,0.74,10,-1,-1
308,401,587.39,463.21,34.09,51.92,0.94,10,-1,-1
308,426,25.03,271.01,39.15,24.65,0.92,10,-1,-1
308,427,464.90,189.38,20.74,25.12,0.89,4,-1,-1
308,428,591.25,456.15,26.32,47.86,0.96,2,-1,-1
308,441,459.52,193.14,11.46,26.49,0.70,1,-1,-1
308,304,374.56,141.42,16.91,22.07,0.98,4,-1,-1
308,451,430.37,183.06,13.47,21.60,0.87,10,-1,-1
308,381,155.48,246.17,32.84,25.34,0.93,10,-1,-1
308,421,409.32,172.39,18.42,18.72,0.87,7,-1,-1
308,468,488.65,207.72,14.82,21.21,0.87,10,-1,-1
308,444,751.11,257.67,26.78,24.41,0.39,10,-1,-1
308,440,455.69,200.20,11.59,23.41,0.88,1,-1,-1
308,475,335.05,118.50,15.69,14.99,0.28,4,-1,-1
308,477,688.58,234.10,72.56,29.13,0.99,4,-1,-1
308,272,477.15,335.21,15.39,30.05,0.91,10,-1,-1
308,317,406.26,177.88,12.79,20.91,0.68,10,-1,-1
308,485,0.44,359.68,72.73,60.11,0.96,8,-1,-1
308,463,390.65,165.60,13.19,18.64,0.80,10,-1,-1
308,306,216.16,231.13,17.90,27.87,0.61,10,-1,-1
308,400,654.59,220.66,44.45,26.03,0.24,4,-1,-1
308,191,411.80,125.97,15.18,17.03,0.83,4,-1,-1
308,268,596.03,264.29,51.02,31.23,0.68,10,-1,-1
308,502,206.88,210.64,17.70,27.80,0.68,10,-1,-1
308,503,649.22,511.86,35.06,27.21,0.76,10,-1,-1
308,504,396.04,161.47,14.11,16.47,0.27,10,-1,-1
308,396,634.17,335.77,41.12,51.78,0.48,8,-1,-1
308,506,476.92,329.88,16.03,28.02,0.80,2,-1,-1
308,507,574.96,272.42,16.47,29.05,0.94,10,-1,-1
308,442,696.46,260.87,33.71,28.59,0.83,10,-1,-1
308,419,159.00,215.68,16.24,23.59,0.67,10,-1,-1
