1,1,91.53,979.96,174.85,81.96,0.96,4,-1,-1
1,2,201.29,868.46,158.50,71.12,1.00,4,-1,-1
1,3,263.37,788.30,20.49,34.96,0.75,1,-1,-1
1,4,277.08,618.35,19.89,38.57,0.91,1,-1,-1
1,5,300.59,599.67,19.44,37.37,0.66,1,-1,-1
1,6,429.71,723.82,40.38,61.47,0.96,8,-1,-1
1,7,430.01,724.42,39.78,61.47,0.95,7,-1,-1
1,8,449.00,643.66,47.61,50.62,1.00,4,-1,-1
1,9,456.23,588.82,39.78,44.00,0.98,4,-1,-1
1,10,483.65,537.59,34.96,37.97,0.98,4,-1,-1
1,11,489.38,562.30,51.83,42.19,1.00,4,-1,-1
1,12,495.10,445.68,25.31,25.31,0.62,4,-1,-1
1,13,540.90,431.52,22.30,22.30,0.93,4,-1,-1
1,14,568.33,397.17,18.08,21.09,0.92,4,-1,-1
1,15,575.86,451.10,24.11,24.71,0.84,4,-1,-1
1,16,586.10,489.38,30.13,30.74,0.99,4,-1,-1
1,17,597.86,1027.57,38.57,49.42,0.77,10,-1,-1
1,18,599.97,1012.50,32.85,53.04,0.92,2,-1,-1
1,19,616.54,429.71,22.90,20.49,0.96,4,-1,-1
1,20,620.16,459.24,10.85,20.49,0.95,1,-1,-1
1,21,623.17,393.85,20.49,18.68,0.71,4,-1,-1
1,22,659.33,491.79,30.13,28.93,0.98,4,-1,-1
1,23,668.97,459.54,24.11,22.90,0.99,4,-1,-1
1,24,699.11,432.42,25.31,30.13,0.87,4,-1,-1
1,25,718.39,489.07,28.93,26.52,0.99,4,-1,-1
1,26,723.82,465.87,28.93,22.90,1.00,4,-1,-1
1,27,751.54,599.36,51.83,48.52,1.00,4,-1,-1
1,28,770.83,459.24,45.80,24.11,0.97,4,-1,-1
1,29,814.82,564.71,45.80,39.78,0.86,4,-1,-1
1,30,835.31,591.83,47.01,39.78,0.98,4,-1,-1
1,31,896.79,656.92,60.27,57.86,0.95,5,-1,-1
1,32,963.68,735.27,73.53,63.88,1.00,4,-1,-1
1,33,1034.20,995.63,166.34,83.17,0.84,4,-1,-1
1,34,1045.65,828.68,94.02,80.76,1.00,4,-1,-1
1,35,1105.92,930.54,129.58,113.30,1.00,4,-1,-1
1,36,1156.54,813.62,128.37,59.06,0.92,4,-1,-1
1,37,1704.38,958.26,21.70,42.19,0.88,1,-1,-1
1,38,1755.00,970.92,21.70,56.65,0.95,1,-1,-1
2,1,90.20,978.94,175.84,83.01,0.95,4,-1,-1
2,2,200.94,869.01,157.73,71.12,1.00,4,-1,-1
2,3,262.89,788.85,19.71,34.96,0.36,1,-1,-1
2,4,275.16,618.36,19.63,36.48,0.92,1,-1,-1
2,5,299.32,600.20,19.31,37.37,0.72,1,-1,-1
2,6,429.62,724.35,39.34,60.43,0.93,7,-1,-1
2,7,429.40,724.43,39.78,60.43,0.98,8,-1,-1
2,8,448.39,643.67,47.61,50.63,1.00,4,-1,-1
2,9,455.62,588.82,39.78,44.00,0.98,4,-1,-1
2,10,482.52,538.38,34.96,37.45,0.98,4,-1,-1
2,11,489.29,562.30,51.31,42.19,1.00,4,-1,-1
2,12,494.23,445.68,25.84,25.84,0.59,4,-1,-1
2,13,540.56,432.30,22.30,22.30,0.85,4,-1,-1
2,14,566.93,397.42,18.60,21.62,0.86,4,-1,-1
2,15,574.99,452.67,25.15,24.71,0.87,4,-1,-1
2,16,585.50,490.68,30.14,31.26,0.99,4,-1,-1
2,17,600.92,1029.68,34.39,47.33,0.71,2,-1,-1
2,19,615.41,428.92,22.90,21.01,0.93,4,-1,-1
2,20,619.55,459.24,10.85,20.49,0.96,1,-1,-1
2,21,622.56,392.80,20.49,19.21,0.57,4,-1,-1
2,22,657.68,490.74,30.14,28.41,1.00,4,-1,-1
2,23,667.85,458.23,24.11,23.43,0.97,4,-1,-1
2,24,699.03,433.20,25.31,29.61,0.83,4,-1,-1
2,25,717.79,488.55,28.93,27.04,0.99,4,-1,-1
2,26,723.21,465.34,28.93,23.43,1.00,4,-1,-1
2,27,749.90,595.97,50.79,48.26,1.00,4,-1,-1
2,28,770.23,459.24,45.81,24.11,0.98,4,-1,-1
2,29,814.22,565.23,45.81,39.25,0.82,4,-1,-1
2,30,834.19,591.83,48.06,39.78,0.97,4,-1,-1
2,31,896.19,656.92,60.27,57.86,0.94,5,-1,-1
2,32,963.10,735.27,73.53,63.88,1.00,4,-1,-1
2,33,1028.39,990.93,165.30,87.35,0.96,4,-1,-1
2,34,1045.59,828.69,94.02,80.76,1.00,4,-1,-1
2,35,1105.86,930.54,129.58,112.26,1.00,4,-1,-1
2,36,1156.48,813.62,126.28,59.06,0.95,4,-1,-1
2,37,1703.30,957.73,23.79,43.23,0.81,1,-1,-1
2,38,1753.93,970.39,23.79,57.70,0.96,1,-1,-1
2,39,1239.11,893.17,127.77,69.91,0.62,4,-1,-1
3,1,89.71,978.27,178.11,84.13,0.96,4,-1,-1
3,2,200.04,868.61,158.29,71.12,1.00,4,-1,-1
3,3,262.78,788.46,19.57,34.96,0.72,1,-1,-1
3,4,273.16,619.32,19.58,35.16,0.87,1,-1,-1
3,5,298.96,600.52,19.05,36.66,0.75,1,-1,-1
3,6,429.70,724.91,39.16,60.25,0.94,7,-1,-1
3,7,429.39,724.43,39.78,60.25,0.99,8,-1,-1
3,8,448.14,643.67,47.61,50.63,1.00,4,-1,-1
3,9,455.37,588.59,39.78,44.23,0.98,4,-1,-1
3,10,482.89,538.04,34.96,37.83,0.97,4,-1,-1
3,11,488.66,562.31,52.16,42.19,0.99,4,-1,-1
3,12,494.17,445.45,25.93,25.93,0.61,4,-1,-1
3,13,540.59,433.38,22.30,22.30,0.90,4,-1,-1
3,14,567.02,397.71,18.69,21.71,0.74,4,-1,-1
3,15,574.93,453.65,25.80,25.18,0.89,4,-1,-1
3,16,585.95,493.01,30.60,31.35,0.99,4,-1,-1
3,17,602.01,1042.94,39.59,35.49,0.25,2,-1,-1
3,19,614.84,428.33,22.90,20.64,0.85,4,-1,-1
3,20,619.54,459.48,10.85,20.02,0.92,1,-1,-1
3,21,622.08,391.93,20.49,19.30,0.69,4,-1,-1
3,22,656.55,489.15,30.13,27.84,0.99,4,-1,-1
3,23,667.27,457.32,24.11,23.51,0.96,4,-1,-1
3,24,699.10,432.87,25.31,30.00,0.85,4,-1,-1
3,25,717.77,488.70,28.93,26.67,0.99,4,-1,-1
3,26,723.20,465.26,28.93,23.51,1.00,4,-1,-1
3,27,747.33,593.03,50.61,47.27,1.00,4,-1,-1
3,28,770.21,459.25,45.80,24.11,0.98,4,-1,-1
3,29,814.20,565.56,45.80,39.16,0.71,4,-1,-1
3,30,834.55,592.07,47.30,39.54,0.98,4,-1,-1
3,31,895.70,656.93,60.27,57.86,0.93,5,-1,-1
3,32,963.07,735.28,73.53,63.88,1.00,4,-1,-1
3,33,1023.22,984.60,160.40,93.60,0.98,4,-1,-1
3,34,1045.65,829.16,94.02,80.76,1.00,4,-1,-1
3,35,1105.91,930.55,129.58,112.08,1.00,4,-1,-1
3,36,1156.54,813.62,126.87,59.06,0.95,4,-1,-1
3,37,1704.96,958.12,22.35,42.48,0.80,1,-1,-1
3,38,1753.78,970.78,24.15,56.95,0.95,1,-1,-1
3,39,1238.14,892.70,127.77,69.91,0.62,4,-1,-1
4,1,88.85,979.07,177.75,83.54,0.97,4,-1,-1
4,2,200.57,868.54,157.58,71.11,1.00,4,-1,-1
4,3,261.49,788.84,20.25,34.96,0.76,1,-1,-1
4,4,269.34,619.63,20.27,35.77,0.85,1,-1,-1
4,5,298.18,602.04,18.63,35.51,0.76,1,-1,-1
4,6,429.17,724.65,39.59,61.14,0.86,7,-1,-1
4,7,428.84,724.93,39.78,60.21,0.96,8,-1,-1
4,8,447.97,643.24,47.16,51.55,1.00,4,-1,-1
4,9,454.74,589.23,39.32,44.08,0.98,4,-1,-1
4,10,482.22,538.86,34.50,37.96,0.97,4,-1,-1
4,11,488.13,562.33,51.99,42.19,0.99,4,-1,-1
4,12,493.83,445.17,25.49,25.94,0.64,4,-1,-1
4,13,540.04,434.64,22.76,22.30,0.95,4,-1,-1
4,14,566.50,398.03,18.71,22.18,0.54,4,-1,-1
4,15,575.04,455.08,25.54,25.33,0.91,4,-1,-1
4,16,585.32,495.12,31.21,31.83,0.99,4,-1,-1
4,19,613.88,427.70,23.13,20.97,0.94,4,-1,-1
4,20,619.44,459.80,9.93,19.87,0.87,1,-1,-1
4,21,621.37,391.67,20.49,19.32,0.66,4,-1,-1
4,22,654.74,487.75,30.14,27.68,0.99,4,-1,-1
4,23,666.55,456.59,24.11,23.08,0.85,4,-1,-1
4,24,699.03,436.88,24.40,26.46,0.83,4,-1,-1
4,25,717.22,488.76,28.93,26.53,0.99,4,-1,-1
4,26,723.11,465.25,28.93,23.99,1.00,4,-1,-1
4,27,744.64,590.34,50.58,46.50,1.00,4,-1,-1
4,28,769.66,459.48,45.81,24.11,0.98,4,-1,-1
4,29,813.20,565.20,46.73,40.07,0.71,4,-1,-1
4,30,834.14,591.92,47.97,40.16,0.94,4,-1,-1
4,31,894.56,657.39,61.20,57.86,0.82,5,-1,-1
4,32,962.09,735.28,74.46,63.88,1.00,4,-1,-1
4,33,1017.02,979.05,157.99,99.14,0.97,4,-1,-1
4,34,1044.69,828.86,94.95,81.68,1.00,4,-1,-1
4,35,1105.43,930.56,129.13,112.04,1.00,4,-1,-1
4,36,1156.05,813.16,126.64,59.98,0.94,4,-1,-1
4,37,1707.44,958.23,21.79,43.15,0.88,1,-1,-1
4,38,1753.76,970.89,24.24,56.69,0.95,1,-1,-1
4,39,1237.92,893.07,125.93,68.98,0.59,4,-1,-1
5,1,87.92,979.34,177.66,84.20,0.97,4,-1,-1
5,2,200.86,868.96,156.22,71.11,1.00,4,-1,-1
5,3,260.74,789.40,20.24,34.95,0.61,1,-1,-1
5,4,266.40,620.61,20.05,35.98,0.88,1,-1,-1
5,5,297.26,603.64,18.61,34.95,0.81,1,-1,-1
5,6,428.63,724.99,39.73,61.43,0.76,7,-1,-1
5,7,428.30,725.08,40.23,60.21,0.97,8,-1,-1
5,8,447.78,643.55,46.56,50.96,0.99,4,-1,-1
5,9,454.18,589.67,39.62,43.79,0.99,4,-1,-1
5,10,482.09,539.59,33.90,37.10,0.98,4,-1,-1
5,11,487.16,562.79,52.35,41.74,0.99,4,-1,-1
5,12,493.80,445.98,25.34,25.50,0.86,4,-1,-1
5,13,539.71,435.91,22.47,22.30,0.95,4,-1,-1
5,14,566.64,399.25,18.27,21.45,0.79,4,-1,-1
5,15,575.16,457.08,25.42,25.36,0.91,4,-1,-1
5,16,586.05,498.18,31.40,31.53,0.99,4,-1,-1
5,19,612.78,427.10,23.21,21.08,0.95,4,-1,-1
5,20,618.56,459.68,10.57,20.29,0.77,1,-1,-1
5,21,621.23,391.64,19.60,19.31,0.69,4,-1,-1
5,22,652.93,486.71,30.14,27.65,0.99,4,-1,-1
5,23,665.96,455.52,23.22,22.93,0.92,4,-1,-1
5,24,699.06,440.32,24.10,23.88,0.81,4,-1,-1
5,25,716.67,489.02,29.82,26.49,0.99,4,-1,-1
5,26,722.70,465.49,28.93,23.70,1.00,4,-1,-1
5,27,742.13,587.13,49.68,46.96,1.00,4,-1,-1
5,28,769.10,459.35,44.92,24.10,0.98,4,-1,-1
5,29,812.94,566.18,47.90,39.48,0.63,4,-1,-1
5,30,833.62,592.32,48.18,39.48,0.96,4,-1,-1
5,31,894.26,657.99,60.61,56.96,0.93,5,-1,-1
5,32,962.26,736.17,73.86,62.99,1.00,4,-1,-1
5,33,1013.06,974.28,156.46,103.46,0.98,4,-1,-1
5,34,1044.42,828.74,95.24,81.97,1.00,4,-1,-1
5,35,1105.31,930.54,128.98,112.93,1.00,4,-1,-1
5,36,1155.92,813.45,124.77,59.39,0.92,4,-1,-1
5,37,1709.05,959.13,21.63,43.36,0.94,1,-1,-1
5,38,1752.87,970.45,24.24,57.50,0.96,1,-1,-1
5,39,1237.88,892.71,134.75,69.61,0.43,4,-1,-1
5,40,496.61,481.84,26.52,27.12,0.69,4,-1,-1
5,41,681.63,416.75,20.49,21.70,0.76,4,-1,-1
6,1,87.49,978.08,177.49,85.27,0.97,4,-1,-1
6,2,198.77,869.04,158.16,71.97,1.00,4,-1,-1
6,3,260.49,789.10,20.23,35.82,0.62,1,-1,-1
6,4,263.66,620.43,20.18,36.93,0.90,1,-1,-1
6,5,296.20,604.28,19.16,35.01,0.87,1,-1,-1
6,6,428.44,725.05,39.78,61.52,0.86,7,-1,-1
6,7,428.33,725.51,39.94,60.22,0.97,8,-1,-1
6,8,447.28,643.18,46.81,51.60,0.99,4,-1,-1
6,9,453.14,589.55,40.16,43.92,0.99,4,-1,-1
6,10,481.61,539.54,33.72,37.25,0.98,4,-1,-1
6,11,486.42,562.89,52.47,41.59,0.99,4,-1,-1
6,12,493.37,446.43,24.86,24.91,0.73,4,-1,-1
6,13,539.18,436.90,22.36,22.30,0.95,4,-1,-1
6,14,566.26,400.91,18.12,19.88,0.65,4,-1,-1
6,15,574.77,458.95,25.81,25.37,0.93,4,-1,-1
6,16,585.66,500.17,32.08,32.71,0.99,4,-1,-1
6,19,612.00,425.79,23.66,21.54,0.91,4,-1,-1
6,20,618.29,459.59,10.75,20.43,0.85,1,-1,-1
6,21,619.89,391.39,20.19,18.88,0.64,4,-1,-1
6,22,651.52,485.07,30.14,27.65,0.96,4,-1,-1
6,23,664.92,454.94,22.92,22.45,0.98,4,-1,-1
6,24,699.07,441.64,23.14,22.76,0.67,4,-1,-1
6,25,716.49,489.06,29.27,26.49,0.99,4,-1,-1
6,26,721.70,465.31,29.79,24.02,1.00,4,-1,-1
6,27,739.65,583.54,49.39,46.70,1.00,4,-1,-1
6,28,768.06,459.47,45.49,24.11,0.98,4,-1,-1
6,29,812.86,565.83,47.44,39.70,0.62,4,-1,-1
6,30,833.45,592.20,48.25,39.45,0.96,4,-1,-1
6,31,894.18,657.71,60.39,56.67,0.94,5,-1,-1
6,32,962.33,736.44,73.64,62.70,1.00,4,-1,-1
6,33,1008.47,969.00,151.70,108.16,0.99,4,-1,-1
6,34,1044.34,828.68,95.32,82.05,1.00,4,-1,-1
6,35,1105.69,930.52,128.07,113.23,1.00,4,-1,-1
6,36,1155.45,813.11,125.47,60.04,0.94,4,-1,-1
6,37,1710.39,959.43,21.59,43.43,0.91,1,-1,-1
6,38,1752.57,970.31,24.22,57.78,0.96,1,-1,-1
6,39,1238.74,893.48,128.76,68.93,0.60,4,-1,-1
6,40,496.53,481.85,26.04,27.12,0.58,4,-1,-1
6,41,681.08,416.99,20.49,21.70,0.61,4,-1,-1
6,42,337.50,642.46,39.17,45.80,0.61,4,-1,-1
7,1,87.23,977.58,177.62,86.49,0.98,4,-1,-1
7,2,197.50,869.03,159.26,72.29,1.00,4,-1,-1
7,3,259.67,789.37,21.06,35.28,0.62,1,-1,-1
7,4,261.23,619.89,19.58,38.10,0.73,1,-1,-1
7,5,295.65,604.43,19.24,35.06,0.93,1,-1,-1
7,6,428.26,725.47,39.79,60.70,0.90,7,-1,-1
7,7,428.23,725.63,39.83,59.39,0.95,8,-1,-1
7,8,447.42,643.46,46.90,50.99,0.99,4,-1,-1
7,9,453.10,589.48,40.34,43.97,0.99,4,-1,-1
7,10,481.77,539.51,33.66,37.31,0.99,4,-1,-1
7,11,486.49,562.92,52.49,41.55,0.99,4,-1,-1
7,12,493.55,446.57,24.70,25.14,0.69,4,-1,-1
7,13,539.75,437.83,22.32,22.72,0.98,4,-1,-1
7,14,566.26,401.67,18.06,20.22,0.75,4,-1,-1
7,15,574.96,460.39,25.93,26.21,0.95,4,-1,-1
7,16,586.05,502.66,32.31,32.71,0.99,4,-1,-1
7,19,611.88,425.16,23.39,21.28,0.94,4,-1,-1
7,20,618.32,459.56,10.82,20.48,0.82,1,-1,-1
7,21,619.15,390.90,20.38,18.73,0.67,4,-1,-1
7,22,650.35,483.72,30.13,27.66,0.97,4,-1,-1
7,23,664.27,454.36,22.83,22.29,0.98,4,-1,-1
7,24,698.75,440.84,23.71,23.39,0.69,4,-1,-1
7,25,716.55,489.09,29.05,26.49,0.99,4,-1,-1
7,26,721.89,465.27,29.26,24.13,0.99,4,-1,-1
7,27,737.71,580.53,49.31,46.84,1.00,4,-1,-1
7,28,768.24,459.33,45.69,24.53,0.98,4,-1,-1
7,29,812.95,565.94,47.24,39.78,0.58,4,-1,-1
7,30,833.49,592.18,48.26,39.45,0.97,4,-1,-1
7,31,894.27,657.64,60.30,56.59,0.92,5,-1,-1
7,32,962.45,736.56,73.56,62.61,1.00,4,-1,-1
7,33,1003.73,964.02,149.32,112.18,1.00,4,-1,-1
7,34,1044.39,829.12,95.32,82.08,1.00,4,-1,-1
7,35,1105.89,930.56,128.17,113.35,1.00,4,-1,-1
7,36,1155.36,813.47,124.03,59.43,0.95,4,-1,-1
7,37,1711.67,959.21,23.29,44.29,0.89,1,-1,-1
7,38,1753.36,969.96,24.19,58.72,0.96,1,-1,-1
7,39,1238.22,893.35,128.12,69.60,0.50,4,-1,-1
7,40,496.35,481.84,26.41,27.12,0.66,4,-1,-1
7,41,681.51,416.58,20.49,22.16,0.62,4,-1,-1
7,42,337.25,642.46,39.66,45.81,0.61,4,-1,-1
8,1,84.29,980.37,173.73,84.48,0.99,4,-1,-1
8,2,195.26,869.92,159.26,71.59,1.00,4,-1,-1
8,3,257.63,789.52,21.56,35.92,0.88,1,-1,-1
8,4,257.87,620.52,19.78,38.53,0.77,1,-1,-1
8,5,294.14,604.67,19.90,35.73,0.96,1,-1,-1
8,6,427.09,725.67,39.79,60.42,0.88,7,-1,-1
8,7,427.09,725.72,39.79,60.78,0.92,8,-1,-1
8,8,446.58,643.60,46.53,51.60,0.99,4,-1,-1
8,9,451.39,589.27,41.23,44.21,0.98,4,-1,-1
8,10,480.95,539.50,33.66,36.93,0.98,4,-1,-1
8,11,485.86,562.94,52.50,41.56,1.00,4,-1,-1
8,12,493.16,446.82,24.23,24.82,0.77,4,-1,-1
8,13,539.72,438.95,22.30,22.88,0.98,4,-1,-1
8,14,566.03,402.31,18.05,19.93,0.88,4,-1,-1
8,15,574.58,461.88,26.38,26.92,0.96,4,-1,-1
8,16,586.56,505.14,31.76,33.11,0.99,4,-1,-1
8,19,611.44,424.55,23.08,21.19,0.95,4,-1,-1
8,20,617.71,459.77,10.85,20.50,0.80,1,-1,-1
8,21,618.69,390.53,19.63,18.68,0.61,4,-1,-1
8,22,649.35,482.27,29.30,27.26,0.99,4,-1,-1
8,23,663.44,453.57,22.81,22.25,0.98,4,-1,-1
8,24,698.85,441.85,23.07,22.35,0.78,4,-1,-1
8,25,715.96,489.12,28.97,26.50,1.00,4,-1,-1
8,26,720.94,465.48,29.88,23.75,0.97,4,-1,-1
8,27,735.24,578.37,48.46,46.09,0.99,4,-1,-1
8,28,767.72,459.30,44.94,24.69,0.98,4,-1,-1
8,29,812.39,566.02,47.15,40.23,0.67,4,-1,-1
8,30,832.91,592.43,48.27,39.68,0.93,4,-1,-1
8,31,893.30,657.68,60.28,56.58,0.86,5,-1,-1
8,32,961.90,736.68,73.54,62.61,1.00,4,-1,-1
8,33,999.58,959.68,145.26,115.97,1.00,4,-1,-1
8,34,1043.84,829.40,95.33,82.10,1.00,4,-1,-1
8,35,1105.38,931.55,127.83,113.41,1.00,4,-1,-1
8,36,1155.20,814.56,124.39,59.22,0.95,4,-1,-1
8,37,1712.88,957.68,23.89,47.06,0.83,1,-1,-1
8,38,1753.64,971.28,24.18,58.24,0.95,1,-1,-1
8,39,1237.07,893.02,131.33,69.85,0.46,4,-1,-1
8,40,495.88,482.08,26.07,26.66,0.61,4,-1,-1
8,41,681.51,416.67,20.49,21.86,0.61,4,-1,-1
8,42,336.28,640.15,45.31,48.60,0.35,4,-1,-1
8,43,542.41,388.43,18.08,18.08,0.74,4,-1,-1
9,1,82.99,984.22,173.14,82.86,0.99,4,-1,-1
9,2,196.43,871.34,157.25,71.32,1.00,4,-1,-1
9,3,256.90,789.82,21.55,36.15,0.63,1,-1,-1
9,4,255.10,621.36,19.87,37.06,0.82,1,-1,-1
9,5,293.50,604.93,19.94,35.99,0.94,1,-1,-1
9,6,426.21,726.76,40.22,61.15,0.98,7,-1,-1
9,7,426.62,726.36,39.80,62.11,0.34,8,-1,-1
9,8,446.01,644.25,46.83,51.83,1.00,4,-1,-1
9,9,451.72,590.38,40.76,43.68,0.99,4,-1,-1
9,10,480.59,539.84,34.09,38.03,0.97,4,-1,-1
9,11,485.79,563.51,52.52,41.57,0.99,4,-1,-1
9,12,492.73,447.65,24.50,24.30,0.73,4,-1,-1
9,13,539.23,440.25,22.72,22.94,0.96,4,-1,-1
9,14,565.88,402.81,18.06,20.25,0.86,4,-1,-1
9,15,574.79,463.92,26.96,27.17,0.96,4,-1,-1
9,16,586.91,507.93,32.38,33.65,0.99,4,-1,-1
9,19,611.04,424.26,22.97,21.15,0.95,4,-1,-1
9,20,617.65,459.95,10.86,20.92,0.88,1,-1,-1
9,21,618.28,390.51,19.36,18.67,0.70,4,-1,-1
9,22,648.39,481.08,29.01,27.13,0.99,4,-1,-1
9,23,663.33,453.01,22.00,22.25,0.97,4,-1,-1
9,24,698.23,442.21,23.70,22.47,0.88,4,-1,-1
9,25,715.53,489.44,28.95,26.51,1.00,4,-1,-1
9,26,721.19,465.66,29.30,24.02,1.00,4,-1,-1
9,27,733.41,575.98,48.19,46.03,1.00,4,-1,-1
9,28,767.74,459.78,44.68,24.75,0.98,4,-1,-1
9,29,812.82,566.56,46.31,40.39,0.59,4,-1,-1
9,30,832.93,593.04,48.28,39.35,0.94,4,-1,-1
9,31,893.62,658.63,60.29,56.60,0.75,5,-1,-1
9,32,962.40,737.67,73.56,62.63,1.00,4,-1,-1
9,33,996.54,955.61,140.64,117.28,0.99,4,-1,-1
9,34,1044.37,830.05,95.36,82.92,1.00,4,-1,-1
9,35,1105.54,932.48,129.41,114.26,1.00,4,-1,-1
9,36,1155.48,816.31,124.58,59.14,0.87,4,-1,-1
9,37,1717.01,960.80,24.12,46.49,0.84,1,-1,-1
9,38,1755.90,972.66,24.18,58.88,0.93,1,-1,-1
9,39,1237.86,893.43,132.48,70.77,0.43,4,-1,-1
9,40,495.88,482.71,25.96,26.52,0.65,4,-1,-1
9,41,681.20,417.24,19.60,21.75,0.70,4,-1,-1
9,43,541.85,388.96,18.57,18.09,0.80,4,-1,-1
9,44,901.61,1021.54,113.30,57.86,0.82,4,-1,-1
10,1,80.42,989.95,177.45,80.65,0.99,4,-1,-1
10,2,190.25,873.69,162.07,72.88,1.00,4,-1,-1
10,3,255.47,792.14,20.73,36.24,0.22,1,-1,-1
10,4,251.26,622.20,20.51,36.50,0.85,1,-1,-1
10,5,291.92,605.94,20.26,36.92,0.86,1,-1,-1
10,6,425.06,728.14,40.39,61.44,0.94,7,-1,-1
10,7,425.02,727.98,40.63,62.63,0.70,8,-1,-1
10,8,444.58,645.05,46.96,52.74,1.00,4,-1,-1
10,9,450.45,590.10,41.39,45.14,0.96,4,-1,-1
10,10,479.46,540.49,34.27,38.05,0.97,4,-1,-1
10,11,485.18,564.05,52.53,42.00,1.00,4,-1,-1
10,12,491.78,448.03,25.02,24.54,0.65,4,-1,-1
10,13,539.08,442.21,22.47,22.96,0.96,4,-1,-1
10,14,565.26,402.84,18.48,20.79,0.89,4,-1,-1
10,15,574.70,466.14,27.18,27.27,0.92,4,-1,-1
10,16,586.66,510.62,33.21,34.26,0.99,4,-1,-1
10,19,610.36,424.26,22.94,20.73,0.93,4,-1,-1
10,20,617.08,460.32,10.87,21.08,0.94,1,-1,-1
10,21,617.60,390.59,19.27,18.67,0.75,4,-1,-1
10,22,646.72,480.19,28.92,27.09,0.98,4,-1,-1
10,23,662.78,452.73,21.71,21.85,0.94,4,-1,-1
10,24,696.66,437.15,24.76,27.59,0.78,4,-1,-1
10,25,715.26,489.67,28.96,26.94,0.99,4,-1,-1
10,26,720.78,466.24,29.08,24.13,0.99,4,-1,-1
10,27,731.07,573.52,48.12,45.83,0.99,4,-1,-1
10,28,766.84,460.48,46.25,24.77,0.98,4,-1,-1
10,29,812.49,567.51,46.01,39.65,0.78,4,-1,-1
10,30,832.86,594.03,48.30,39.45,0.98,4,-1,-1
10,31,893.28,659.56,61.13,57.45,0.81,5,-1,-1
10,32,962.54,739.45,73.59,62.67,0.99,4,-1,-1
10,33,993.10,952.54,136.67,118.45,0.99,4,-1,-1
10,34,1044.54,831.75,95.39,83.25,1.00,4,-1,-1
10,35,1105.59,934.31,130.85,116.23,1.00,4,-1,-1
10,36,1156.01,818.40,126.74,59.14,0.88,4,-1,-1
10,37,1721.12,965.96,24.20,45.43,0.87,1,-1,-1
10,38,1758.55,975.51,24.18,57.50,0.96,1,-1,-1
10,39,1239.82,895.90,129.64,70.31,0.29,4,-1,-1
10,40,494.19,482.54,26.36,26.93,0.37,4,-1,-1
10,41,680.53,418.38,19.30,20.84,0.80,4,-1,-1
10,43,541.36,389.37,18.67,18.56,0.90,4,-1,-1
10,44,893.89,1014.31,118.19,65.61,0.82,4,-1,-1
11,1,76.17,999.09,178.31,74.89,0.98,4,-1,-1
11,2,187.15,876.24,162.55,73.45,1.00,4,-1,-1
11,3,252.91,794.28,21.63,35.46,0.82,1,-1,-1
11,4,246.75,622.95,21.35,37.11,0.91,1,-1,-1
11,5,290.09,607.95,19.68,36.47,0.88,1,-1,-1
11,6,423.09,729.50,40.45,62.36,0.75,7,-1,-1
11,7,422.88,728.63,40.94,64.42,0.81,8,-1,-1
11,8,442.50,646.19,47.42,53.07,1.00,4,-1,-1
11,9,448.84,591.05,41.63,45.48,0.98,4,-1,-1
11,10,477.68,541.36,34.74,38.86,0.97,4,-1,-1
11,11,483.61,564.88,52.95,42.16,0.99,4,-1,-1
11,12,490.48,448.18,25.22,25.04,0.56,4,-1,-1
11,13,538.48,443.93,22.79,23.37,0.98,4,-1,-1
11,14,564.88,403.05,18.64,21.00,0.76,4,-1,-1
11,15,574.12,468.74,26.85,27.29,0.95,4,-1,-1
11,16,586.61,514.17,32.92,34.48,0.99,4,-1,-1
11,19,609.17,423.70,22.93,20.99,0.85,4,-1,-1
11,20,616.33,461.08,10.87,21.14,0.95,1,-1,-1
11,21,616.62,390.24,19.46,19.09,0.71,4,-1,-1
11,22,645.21,479.53,28.90,27.09,0.99,4,-1,-1
11,23,661.24,452.46,22.45,21.71,0.94,4,-1,-1
11,24,695.54,436.86,25.95,28.54,0.86,4,-1,-1
11,25,713.82,490.37,29.77,27.09,0.99,4,-1,-1
11,26,720.09,466.87,29.00,24.16,1.00,4,-1,-1
11,27,728.55,571.93,47.30,45.36,1.00,4,-1,-1
11,28,766.38,460.95,46.03,24.78,0.98,4,-1,-1
11,29,811.85,569.09,47.53,38.55,0.64,4,-1,-1
11,30,832.32,595.01,48.31,39.29,0.99,4,-1,-1
11,31,892.64,660.72,61.45,58.58,0.96,5,-1,-1
11,32,962.08,740.52,73.61,63.50,0.99,4,-1,-1
11,33,989.47,950.38,135.43,118.76,0.99,4,-1,-1
11,34,1044.93,834.01,95.40,83.36,1.00,4,-1,-1
11,35,1106.33,937.83,130.59,114.55,1.00,4,-1,-1
11,36,1157.33,820.39,127.16,59.13,0.94,4,-1,-1
11,37,1727.37,969.08,22.63,46.63,0.51,1,-1,-1
11,38,1760.29,977.76,27.42,59.43,0.96,1,-1,-1
11,39,1241.29,899.67,123.60,70.95,0.28,4,-1,-1
11,40,492.01,481.02,26.08,28.35,0.17,4,-1,-1
11,41,680.20,418.75,19.22,20.97,0.77,4,-1,-1
11,43,540.72,389.94,18.70,18.71,0.74,4,-1,-1
11,44,888.23,1007.90,115.49,71.53,0.92,4,-1,-1
12,1,71.11,1004.03,179.86,73.65,0.95,4,-1,-1
12,2,181.45,879.22,166.14,74.48,1.00,4,-1,-1
12,3,250.70,796.70,21.17,35.98,0.19,1,-1,-1
12,4,241.89,624.42,21.08,36.53,0.60,1,-1,-1
12,5,288.80,609.48,19.75,36.30,0.73,1,-1,-1
12,6,421.24,731.21,40.48,62.70,0.96,8,-1,-1
12,7,421.17,731.27,40.25,63.51,0.97,8,-1,-1
12,8,441.01,647.82,47.60,52.39,1.00,4,-1,-1
12,9,447.73,592.59,41.31,45.60,0.96,4,-1,-1
12,10,476.91,542.06,34.53,39.17,0.97,4,-1,-1
12,11,483.12,565.58,52.70,42.63,0.98,4,-1,-1
12,12,489.68,448.40,25.30,25.23,0.51,4,-1,-1
12,13,537.95,445.30,23.31,23.53,0.95,4,-1,-1
12,14,563.84,403.47,19.10,21.48,0.83,4,-1,-1
12,15,573.80,470.84,27.12,27.69,0.97,4,-1,-1
12,16,586.89,518.01,33.39,34.55,0.99,4,-1,-1
12,19,608.05,423.47,22.93,21.08,0.86,4,-1,-1
12,20,615.76,461.53,10.87,21.16,0.95,1,-1,-1
12,21,615.77,390.28,20.14,19.24,0.46,4,-1,-1
12,22,644.40,478.90,28.09,27.10,0.98,4,-1,-1
12,23,660.39,451.95,22.73,22.08,0.98,4,-1,-1
12,24,694.46,435.12,26.41,30.50,0.84,4,-1,-1
12,25,712.61,490.20,30.88,27.96,1.00,4,-1,-1
12,26,719.57,467.07,29.79,24.58,0.99,4,-1,-1
12,27,727.01,569.81,46.20,45.21,1.00,4,-1,-1
12,28,766.36,461.89,45.94,24.38,0.96,4,-1,-1
12,29,812.15,569.84,47.30,38.15,0.83,4,-1,-1
12,30,832.26,595.76,48.31,40.04,0.99,4,-1,-1
12,31,892.97,661.55,60.77,59.01,0.98,5,-1,-1
12,32,962.07,742.53,74.44,63.82,0.99,4,-1,-1
12,33,986.43,947.80,132.65,118.76,1.00,4,-1,-1
12,34,1045.65,836.48,95.42,84.21,1.00,4,-1,-1
12,35,1108.41,941.20,130.50,116.33,1.00,4,-1,-1
12,36,1158.83,823.96,128.14,57.52,0.91,4,-1,-1
12,37,1733.16,973.87,22.01,47.07,0.84,1,-1,-1
12,38,1765.19,981.05,27.07,60.94,0.96,1,-1,-1
12,39,1242.00,902.31,134.68,70.38,0.55,4,-1,-1
12,40,489.67,475.76,26.40,32.53,0.29,4,-1,-1
12,41,680.20,419.26,19.21,21.02,0.65,4,-1,-1
12,43,539.95,390.74,18.71,18.30,0.67,4,-1,-1
12,44,879.31,998.74,118.30,80.77,0.94,4,-1,-1
12,45,694.29,433.93,26.52,31.34,0.89,6,-1,-1
13,1,61.81,1008.58,184.26,70.82,0.26,4,-1,-1
13,2,175.56,883.51,167.39,75.69,1.00,4,-1,-1
13,3,246.55,799.19,21.38,34.57,0.75,1,-1,-1
13,4,235.93,625.33,20.35,35.51,0.89,1,-1,-1
13,5,285.11,611.01,19.88,36.85,0.93,1,-1,-1
13,6,418.14,733.46,40.08,61.24,0.99,8,-1,-1
13,7,418.12,732.68,39.98,63.14,0.11,8,-1,-1
13,8,438.66,649.23,47.27,52.14,0.99,4,-1,-1
13,9,445.14,593.77,41.99,45.86,0.98,4,-1,-1
13,10,474.46,543.12,35.25,38.89,0.97,4,-1,-1
13,11,480.36,566.44,53.01,43.22,0.99,4,-1,-1
13,12,488.44,447.66,24.93,26.52,0.43,4,-1,-1
13,13,536.80,446.56,23.10,23.99,0.98,4,-1,-1
13,14,562.91,405.20,18.87,20.88,0.98,4,-1,-1
13,15,572.53,472.97,27.61,28.24,0.98,4,-1,-1
13,16,585.43,521.18,33.96,35.37,0.99,4,-1,-1
13,19,606.31,424.02,22.33,20.72,0.95,4,-1,-1
13,20,614.42,462.51,10.87,21.17,0.96,1,-1,-1
13,21,613.94,390.11,20.40,18.91,0.87,4,-1,-1
13,22,641.79,478.13,28.61,27.11,0.95,4,-1,-1
13,23,658.16,451.81,22.84,21.82,0.99,4,-1,-1
13,24,692.93,434.87,26.58,30.88,0.84,4,-1,-1
13,25,711.03,490.78,31.30,27.90,0.96,4,-1,-1
13,26,718.65,467.98,29.28,24.34,0.99,4,-1,-1
13,27,723.76,567.96,45.81,45.18,0.99,4,-1,-1
13,28,766.06,462.68,45.10,23.83,0.97,4,-1,-1
13,29,811.54,571.18,46.39,37.21,0.71,4,-1,-1
13,30,831.11,596.51,48.31,40.34,0.99,4,-1,-1
13,31,892.38,663.15,60.50,59.19,0.98,5,-1,-1
13,32,960.93,745.00,75.55,63.97,1.00,4,-1,-1
13,33,981.43,946.33,131.79,118.68,1.00,4,-1,-1
13,34,1045.58,839.55,95.42,84.55,1.00,4,-1,-1
13,35,1108.43,945.42,131.67,117.02,1.00,4,-1,-1
13,36,1158.67,827.05,126.51,58.58,0.96,4,-1,-1
13,37,1737.36,978.75,23.42,46.44,0.88,1,-1,-1
13,38,1768.41,985.78,28.46,61.52,0.96,1,-1,-1
13,39,1242.76,905.47,138.55,71.82,0.89,4,-1,-1
13,40,487.27,473.46,26.52,34.86,0.66,4,-1,-1
13,41,679.08,419.86,19.22,21.05,0.62,4,-1,-1
13,43,538.78,391.20,19.14,19.48,0.89,4,-1,-1
13,44,871.02,991.14,116.53,88.17,0.94,4,-1,-1
13,45,692.49,434.35,26.54,30.89,0.94,6,-1,-1
13,42,327.40,647.17,38.37,48.30,0.50,4,-1,-1
14,2,171.66,886.69,166.63,76.94,1.00,4,-1,-1
14,3,242.98,802.50,21.25,35.66,0.63,1,-1,-1
14,4,229.94,626.84,19.46,34.31,0.80,1,-1,-1
14,5,282.40,612.74,19.92,37.45,0.96,1,-1,-1
14,6,415.86,736.68,39.92,61.48,0.94,8,-1,-1
14,7,415.45,735.98,40.28,62.19,0.87,8,-1,-1
14,8,437.26,650.94,46.73,52.04,0.99,4,-1,-1
14,9,443.24,594.99,42.24,45.95,0.97,4,-1,-1
14,10,472.80,544.09,35.52,37.97,0.95,4,-1,-1
14,11,478.79,567.34,52.72,43.45,0.99,4,-1,-1
14,12,487.64,449.93,24.39,25.03,0.38,4,-1,-1
14,13,536.42,447.98,23.42,24.56,0.98,4,-1,-1
14,14,562.42,405.82,18.78,21.45,0.97,4,-1,-1
14,15,571.70,475.10,28.59,28.84,0.98,4,-1,-1
14,16,585.11,524.87,34.57,36.07,0.99,4,-1,-1
14,19,605.34,424.03,22.30,20.59,0.94,4,-1,-1
14,20,613.97,462.66,10.67,21.57,0.95,1,-1,-1
14,21,612.72,390.03,20.49,18.78,0.83,4,-1,-1
14,22,640.31,477.46,28.81,27.12,0.94,4,-1,-1
14,23,657.20,451.55,22.89,21.73,0.98,4,-1,-1
14,24,692.21,435.15,26.64,31.01,0.86,4,-1,-1
14,25,710.30,491.17,31.45,28.27,0.98,4,-1,-1
14,26,718.17,468.30,29.08,24.65,0.99,4,-1,-1
14,27,721.67,566.54,45.69,44.77,1.00,4,-1,-1
14,28,765.80,463.14,45.60,24.03,0.98,4,-1,-1
14,29,810.36,572.45,48.48,38.09,0.75,4,-1,-1
14,30,830.14,597.76,48.31,40.65,0.98,4,-1,-1
14,31,892.41,664.92,60.41,59.25,0.99,5,-1,-1
14,32,961.16,747.48,75.97,64.82,0.99,4,-1,-1
14,33,977.56,945.11,129.94,118.54,1.00,4,-1,-1
14,34,1045.41,842.66,97.03,85.47,1.00,4,-1,-1
14,35,1109.49,950.55,132.11,116.47,1.00,4,-1,-1
14,36,1159.65,828.54,129.11,60.58,0.97,4,-1,-1
14,37,1743.91,984.10,22.35,46.18,0.85,1,-1,-1
14,38,1774.60,991.49,27.42,61.72,0.92,1,-1,-1
14,39,1244.09,909.01,143.20,73.15,0.87,4,-1,-1
14,40,486.48,471.97,25.33,34.22,0.61,4,-1,-1
14,41,678.50,420.25,19.23,21.07,0.63,4,-1,-1
14,43,538.19,391.96,19.29,19.87,0.95,4,-1,-1
14,44,863.52,984.40,116.79,94.81,0.85,4,-1,-1
14,45,692.22,434.94,26.55,30.81,0.94,6,-1,-1
14,42,324.14,645.14,54.79,51.72,0.44,4,-1,-1
14,46,486.96,469.79,22.30,25.31,0.60,4,-1,-1
14,47,597.86,401.38,19.89,20.49,0.72,4,-1,-1
15,2,163.51,890.98,169.28,79.74,1.00,4,-1,-1
15,3,236.78,805.66,21.60,36.05,0.36,1,-1,-1
15,4,223.72,629.00,19.75,33.05,0.31,1,-1,-1
15,5,278.40,614.75,19.54,37.47,0.95,1,-1,-1
15,6,411.79,739.01,41.07,63.16,0.96,8,-1,-1
15,7,411.44,738.75,41.20,63.42,0.49,8,-1,-1
15,8,433.91,653.53,46.94,51.98,1.00,4,-1,-1
15,9,440.70,596.21,42.32,45.96,0.98,4,-1,-1
15,10,470.34,545.42,35.22,38.01,0.91,4,-1,-1
15,11,475.16,568.84,53.81,43.51,0.99,4,-1,-1
15,12,485.47,448.15,24.18,26.87,0.42,4,-1,-1
15,13,534.20,449.47,23.93,24.76,0.98,4,-1,-1
15,14,560.75,407.63,18.75,20.85,0.95,4,-1,-1
15,15,569.89,477.42,28.16,29.45,0.99,4,-1,-1
15,16,583.50,528.33,35.18,37.11,0.99,4,-1,-1
15,19,603.49,423.63,22.29,20.93,0.92,4,-1,-1
15,20,611.91,462.89,10.59,21.72,0.93,1,-1,-1
15,21,610.97,390.41,19.93,18.32,0.79,4,-1,-1
15,22,637.49,476.83,28.89,27.12,0.96,4,-1,-1
15,23,655.35,451.46,22.10,21.29,0.99,4,-1,-1
15,24,690.44,435.24,26.65,31.03,0.93,6,-1,-1
15,25,708.53,491.88,31.49,27.99,0.99,4,-1,-1
15,26,716.08,468.78,29.81,24.75,0.99,4,-1,-1
15,27,717.44,564.84,45.66,44.21,1.00,4,-1,-1
15,28,764.58,463.67,44.98,24.10,0.99,4,-1,-1
15,29,808.40,572.44,48.44,39.61,0.72,4,-1,-1
15,30,829.05,599.55,47.50,40.15,0.98,4,-1,-1
15,31,890.90,666.68,60.36,60.05,0.95,5,-1,-1
15,32,960.11,749.07,76.11,65.92,0.99,4,-1,-1
15,33,973.55,943.83,126.91,118.35,1.00,4,-1,-1
15,34,1044.99,846.85,97.62,84.98,1.00,4,-1,-1
15,35,1109.93,955.07,132.65,117.00,1.00,4,-1,-1
15,36,1159.24,832.11,129.65,61.31,0.98,4,-1,-1
15,37,1749.01,989.00,23.54,47.66,0.80,1,-1,-1
15,38,1779.64,996.95,26.97,61.77,0.97,1,-1,-1
15,39,1244.99,914.52,144.92,73.61,0.78,4,-1,-1
15,40,484.99,472.62,24.46,33.88,0.50,4,-1,-1
15,41,677.18,420.57,19.24,21.08,0.47,4,-1,-1
15,43,536.48,393.06,18.92,19.59,0.95,4,-1,-1
15,44,855.44,978.31,114.32,100.32,0.91,4,-1,-1
15,45,690.62,435.26,26.54,30.76,0.90,4,-1,-1
15,42,321.14,647.43,54.79,51.14,0.53,4,-1,-1
15,47,596.35,401.53,18.94,20.51,0.76,4,-1,-1
16,2,152.48,895.29,175.73,82.40,1.00,4,-1,-1
16,3,232.45,808.76,22.92,37.00,0.72,1,-1,-1
16,4,218.86,630.92,20.25,32.60,0.15,1,-1,-1
16,5,274.40,616.21,20.80,38.28,0.96,1,-1,-1
16,6,408.77,741.02,40.70,63.01,0.98,8,-1,-1
16,7,408.64,741.33,41.14,63.09,0.74,8,-1,-1
16,8,431.56,655.65,47.42,51.97,1.00,4,-1,-1
16,9,439.26,597.21,42.34,46.17,0.98,4,-1,-1
16,10,468.93,546.66,35.50,38.03,0.94,4,-1,-1
16,11,473.11,569.75,55.01,44.34,0.98,4,-1,-1
16,12,484.58,448.08,24.52,27.13,0.34,4,-1,-1
16,13,533.88,450.93,24.12,25.23,0.99,4,-1,-1
16,14,560.06,409.04,18.73,20.22,0.92,4,-1,-1
16,15,569.34,479.78,28.38,30.07,0.99,4,-1,-1
16,16,583.20,532.10,35.20,37.50,1.00,4,-1,-1
16,19,602.75,423.26,22.50,21.07,0.94,4,-1,-1
16,20,611.48,463.32,10.36,21.77,0.93,1,-1,-1
16,21,610.48,390.11,20.11,18.56,0.47,4,-1,-1
16,22,636.60,475.99,28.92,27.13,0.96,4,-1,-1
16,23,654.42,451.21,21.80,21.13,1.00,4,-1,-1
16,24,689.94,435.65,27.45,31.03,0.90,4,-1,-1
16,25,708.02,492.52,31.50,27.89,0.99,4,-1,-1
16,26,715.83,469.13,30.08,24.79,0.99,4,-1,-1
16,27,715.25,563.48,45.67,44.02,1.00,4,-1,-1
16,28,764.67,463.84,44.74,24.54,0.99,4,-1,-1
16,29,807.80,573.43,47.62,40.60,0.50,4,-1,-1
16,30,828.78,601.01,48.00,39.97,0.97,4,-1,-1
16,31,890.46,668.54,61.15,60.36,0.87,5,-1,-1
16,32,960.65,752.07,75.35,65.55,0.99,4,-1,-1
16,33,970.28,943.13,125.92,118.23,1.00,4,-1,-1
16,34,1045.76,850.05,97.83,85.60,1.00,4,-1,-1
16,35,1111.80,959.99,133.25,116.43,0.99,4,-1,-1
16,36,1161.22,837.07,133.06,60.81,0.97,4,-1,-1
16,37,1756.20,994.53,23.97,49.01,0.86,1,-1,-1
16,38,1787.67,1001.90,26.78,64.17,0.94,1,-1,-1
16,39,1247.46,920.24,145.52,73.80,0.74,4,-1,-1
16,41,676.81,421.25,20.06,20.68,0.72,4,-1,-1
16,43,535.75,393.60,19.20,19.47,0.85,4,-1,-1
16,44,848.29,971.55,111.76,106.98,0.90,4,-1,-1
16,45,690.12,435.76,27.45,30.75,0.92,6,-1,-1
16,42,318.17,652.29,45.97,49.29,0.47,4,-1,-1
16,47,595.82,401.33,19.23,20.53,0.61,4,-1,-1
16,48,525.84,409.52,22.90,18.68,0.70,4,-1,-1
17,2,144.22,900.04,178.69,83.39,1.00,4,-1,-1
17,3,227.32,811.88,22.05,37.36,0.50,1,-1,-1
17,5,270.86,618.72,20.48,37.79,0.89,1,-1,-1
17,6,404.41,744.53,41.76,64.53,0.92,8,-1,-1
17,7,404.37,744.25,41.92,63.75,0.84,8,-1,-1
17,8,427.43,656.81,48.80,53.56,1.00,4,-1,-1
17,9,437.28,599.56,41.14,45.44,0.97,4,-1,-1
17,10,467.16,547.71,34.80,37.24,0.96,4,-1,-1
17,11,470.30,571.27,55.46,43.85,0.99,4,-1,-1
17,12,483.18,448.24,24.24,27.23,0.51,4,-1,-1
17,13,532.29,452.63,24.19,25.40,0.99,4,-1,-1
17,14,558.92,409.53,18.72,20.39,0.97,4,-1,-1
17,15,568.06,482.40,28.45,30.29,0.99,4,-1,-1
17,16,582.01,536.01,35.60,38.42,0.99,4,-1,-1
17,19,601.00,422.92,22.17,21.12,0.93,4,-1,-1
17,20,610.05,464.07,10.07,21.79,0.90,1,-1,-1
17,21,609.23,390.21,20.18,18.25,0.30,4,-1,-1
17,22,634.43,475.31,28.13,27.14,0.98,4,-1,-1
17,23,652.61,450.93,21.70,21.08,1.00,4,-1,-1
17,24,689.07,436.01,27.74,31.41,0.92,4,-1,-1
17,25,705.96,493.14,31.50,27.44,0.99,4,-1,-1
17,26,714.67,469.44,29.39,24.80,0.99,4,-1,-1
17,27,712.23,562.04,44.88,43.96,1.00,4,-1,-1
17,28,763.22,464.48,44.66,24.30,0.98,4,-1,-1
17,29,806.10,574.36,47.29,40.97,0.56,4,-1,-1
17,30,827.61,602.32,48.19,39.90,0.98,4,-1,-1
17,31,889.63,671.19,61.45,59.66,0.86,5,-1,-1
17,32,960.18,754.73,76.66,66.20,1.00,4,-1,-1
17,33,966.12,942.56,124.85,118.10,1.00,4,-1,-1
17,34,1046.17,853.97,98.70,87.41,1.00,4,-1,-1
17,35,1112.61,966.13,133.06,112.97,0.99,4,-1,-1
17,36,1162.07,840.86,135.52,61.40,0.98,4,-1,-1
17,37,1763.28,1001.23,24.13,47.15,0.91,1,-1,-1
17,38,1794.32,1009.97,26.71,62.71,0.95,1,-1,-1
17,39,1248.88,924.29,147.27,75.45,0.85,4,-1,-1
17,41,675.59,420.87,20.37,21.35,0.58,4,-1,-1
17,43,534.60,394.39,18.48,19.41,0.82,4,-1,-1
17,44,841.21,965.99,110.05,112.52,0.93,4,-1,-1
17,45,689.73,437.00,26.88,29.43,0.49,6,-1,-1
17,42,313.74,654.07,46.81,50.22,0.80,4,-1,-1
17,47,594.41,401.90,19.79,19.58,0.36,4,-1,-1
17,48,524.80,410.14,21.97,18.71,0.69,4,-1,-1
18,2,133.50,904.83,183.77,87.66,1.00,4,-1,-1
18,3,222.37,816.10,22.08,36.68,0.80,1,-1,-1
18,5,267.30,621.59,20.14,37.58,0.84,1,-1,-1
18,6,401.07,747.32,41.34,64.29,0.95,8,-1,-1
18,7,400.86,746.82,41.79,64.78,0.88,8,-1,-1
18,8,424.36,657.96,49.31,54.14,1.00,4,-1,-1
18,9,435.02,601.19,41.07,46.35,0.98,4,-1,-1
18,10,464.95,549.26,35.33,37.33,0.98,4,-1,-1
18,11,468.50,572.80,55.21,44.24,0.99,4,-1,-1
18,12,481.49,448.31,24.95,28.04,0.48,4,-1,-1
18,13,531.51,454.43,24.21,25.45,0.98,4,-1,-1
18,14,558.31,410.31,18.72,20.46,0.98,4,-1,-1
18,15,567.58,484.91,28.47,30.75,0.99,4,-1,-1
18,16,580.96,539.95,36.52,39.14,1.00,4,-1,-1
18,19,599.36,422.82,22.45,21.13,0.98,4,-1,-1
18,20,609.12,464.74,10.17,21.38,0.92,1,-1,-1
18,21,608.37,389.86,19.60,18.53,0.38,4,-1,-1
18,22,632.64,474.49,27.83,27.54,0.97,4,-1,-1
18,23,650.93,450.44,21.66,21.46,1.00,4,-1,-1
18,24,688.53,437.93,27.05,30.35,0.88,4,-1,-1
18,25,704.57,493.75,31.48,27.26,0.99,4,-1,-1
18,26,714.01,470.35,29.10,24.40,0.99,4,-1,-1
18,27,710.15,560.75,43.77,43.53,1.00,4,-1,-1
18,28,762.43,465.11,44.62,24.60,0.99,4,-1,-1
18,29,805.21,575.26,47.16,41.09,0.35,4,-1,-1
18,30,826.50,603.95,48.25,40.66,0.99,4,-1,-1
18,31,889.03,672.89,62.35,60.17,0.96,5,-1,-1
18,32,959.70,758.00,77.13,66.41,1.00,4,-1,-1
18,33,962.80,942.31,122.07,117.15,0.99,4,-1,-1
18,34,1046.39,858.06,99.79,88.06,1.00,4,-1,-1
18,35,1114.14,972.22,134.95,107.55,0.99,4,-1,-1
18,36,1164.39,844.11,133.63,63.19,0.95,4,-1,-1
18,37,1770.47,1009.12,24.18,48.79,0.94,1,-1,-1
18,38,1802.18,1017.60,26.66,60.47,0.96,1,-1,-1
18,39,1250.99,929.19,149.42,75.25,0.65,4,-1,-1
18,41,674.91,421.14,19.68,21.59,0.89,4,-1,-1
18,43,533.79,395.70,18.20,18.57,0.87,4,-1,-1
18,44,834.10,960.77,107.80,115.29,0.98,4,-1,-1
18,42,310.03,656.66,43.44,49.74,0.79,4,-1,-1
18,47,593.95,402.31,19.50,18.81,0.51,4,-1,-1
18,48,524.63,410.77,21.31,18.72,0.93,4,-1,-1
18,49,120.84,820.85,18.08,33.75,0.62,1,-1,-1
18,4,203.66,635.54,22.14,32.53,0.51,1,-1,-1
19,2,124.68,911.15,187.91,87.75,1.00,4,-1,-1
19,3,217.72,820.61,21.49,35.62,0.95,1,-1,-1
19,5,263.57,623.53,20.41,38.32,0.87,1,-1,-1
19,6,397.68,750.48,41.19,63.41,0.99,8,-1,-1
19,8,420.87,659.68,49.92,55.18,1.00,4,-1,-1
19,9,432.01,602.67,41.87,47.11,0.97,4,-1,-1
19,10,461.98,550.48,36.34,38.19,0.98,4,-1,-1
19,11,466.50,573.63,55.52,45.00,0.98,4,-1,-1
19,12,480.31,450.72,24.82,27.18,0.72,4,-1,-1
19,13,530.09,456.09,25.01,26.27,0.98,4,-1,-1
19,14,557.36,411.58,19.12,20.49,0.97,4,-1,-1
19,15,566.69,488.02,28.87,31.32,0.99,4,-1,-1
19,16,579.85,544.19,37.27,40.21,0.99,4,-1,-1
19,19,597.66,422.21,22.57,21.55,0.95,4,-1,-1
19,20,608.07,465.62,10.62,21.64,0.97,1,-1,-1
19,21,606.96,389.34,19.80,19.05,0.28,4,-1,-1
19,22,630.52,473.85,27.73,27.70,0.97,4,-1,-1
19,23,648.83,449.90,22.47,22.02,1.00,4,-1,-1
19,24,688.48,440.51,25.97,28.72,0.90,4,-1,-1
19,25,703.41,494.21,31.48,27.61,1.00,4,-1,-1
19,26,712.71,471.11,29.82,24.65,0.99,4,-1,-1
19,27,707.16,559.41,44.22,43.81,1.00,4,-1,-1
19,28,761.90,465.96,44.63,24.32,0.99,4,-1,-1
19,29,804.67,576.46,47.93,41.15,0.73,4,-1,-1
19,30,825.89,605.23,48.29,40.77,0.99,4,-1,-1
19,31,888.24,675.22,63.51,61.19,0.96,5,-1,-1
19,32,959.77,761.34,77.33,67.32,0.99,4,-1,-1
19,33,959.52,941.76,120.38,116.78,1.00,4,-1,-1
19,34,1047.55,863.74,100.24,88.33,1.00,4,-1,-1
19,35,1115.82,978.66,134.12,101.48,0.99,4,-1,-1
19,36,1166.40,850.63,132.91,60.73,0.98,4,-1,-1
19,37,1780.02,1017.02,24.21,45.46,0.89,1,-1,-1
19,38,1812.04,1025.03,26.65,55.58,0.91,1,-1,-1
19,39,1254.53,935.59,145.52,75.18,0.56,4,-1,-1
19,41,673.97,421.65,20.23,21.70,0.91,4,-1,-1
19,43,532.95,396.37,18.11,18.66,0.86,4,-1,-1
19,44,828.72,956.12,104.59,114.69,0.99,4,-1,-1
19,42,306.55,657.69,45.79,52.01,0.97,4,-1,-1
19,47,593.27,402.42,19.83,19.51,0.20,4,-1,-1
19,48,524.14,411.37,21.57,19.18,0.92,4,-1,-1
19,4,196.68,637.25,21.77,33.45,0.73,1,-1,-1
19,50,115.26,968.50,175.68,71.12,0.75,4,-1,-1
20,2,116.43,916.57,189.43,89.28,1.00,4,-1,-1
20,3,211.68,824.96,21.27,36.02,0.79,1,-1,-1
20,5,259.03,625.74,20.51,38.59,0.79,1,-1,-1
20,6,392.95,752.72,42.74,64.67,0.99,8,-1,-1
20,8,417.49,662.60,50.54,54.76,1.00,4,-1,-1
20,9,428.41,603.92,42.56,48.18,0.98,4,-1,-1
20,10,459.37,551.25,36.33,39.31,0.98,4,-1,-1
20,11,464.87,575.04,55.23,44.88,0.99,4,-1,-1
20,12,478.97,450.59,25.17,28.03,0.57,4,-1,-1
20,13,528.82,457.99,25.31,26.18,0.98,4,-1,-1
20,14,556.07,412.17,19.67,20.90,0.96,4,-1,-1
20,15,565.23,490.45,29.42,31.92,0.98,4,-1,-1
20,16,578.89,548.60,37.93,40.99,1.00,4,-1,-1
20,19,596.31,421.73,22.41,21.70,0.83,4,-1,-1
20,20,606.75,466.07,11.18,22.13,0.95,1,-1,-1
20,21,605.11,388.49,20.27,20.04,0.35,4,-1,-1
20,22,628.02,473.17,27.70,27.36,0.99,4,-1,-1
20,23,647.13,449.24,22.77,21.83,1.00,4,-1,-1
20,24,688.35,444.05,25.56,26.04,0.95,4,-1,-1
20,25,702.05,494.50,31.47,27.74,0.99,4,-1,-1
20,26,711.29,471.31,30.09,24.74,0.99,4,-1,-1
20,27,704.39,557.90,45.20,43.91,1.00,4,-1,-1
20,28,761.16,465.99,44.63,24.62,0.99,4,-1,-1
20,29,804.33,577.60,47.42,41.56,0.39,4,-1,-1
20,30,825.12,606.59,48.31,41.00,0.99,4,-1,-1
20,31,887.79,677.56,63.94,61.56,0.97,5,-1,-1
20,32,959.24,764.44,78.19,67.64,1.00,4,-1,-1
20,33,955.06,941.51,120.68,116.58,1.00,4,-1,-1
20,34,1048.61,868.08,101.19,90.00,1.00,4,-1,-1
20,35,1117.45,985.24,133.37,95.13,0.98,4,-1,-1
20,36,1168.55,856.92,131.01,59.72,0.96,4,-1,-1
20,37,1789.63,1025.32,24.21,44.92,0.62,1,-1,-1
20,38,1822.60,1034.00,25.04,47.06,0.61,1,-1,-1
20,39,1257.25,942.56,148.72,75.92,0.62,4,-1,-1
20,41,672.69,421.56,20.44,22.13,0.82,4,-1,-1
20,43,531.70,396.73,18.08,19.10,0.79,4,-1,-1
20,44,822.80,951.28,102.66,113.38,0.99,4,-1,-1
20,42,302.68,660.37,45.91,52.05,0.71,4,-1,-1
20,47,591.65,402.40,20.79,19.74,0.18,4,-1,-1
20,48,523.47,411.26,21.66,19.77,0.89,4,-1,-1
20,4,189.01,638.21,22.01,34.57,0.34,1,-1,-1
20,50,103.60,976.73,181.26,68.36,0.91,4,-1,-1
21,2,107.91,923.56,191.51,89.83,1.00,4,-1,-1
21,3,206.03,829.62,20.97,35.36,0.93,1,-1,-1
21,5,254.52,628.06,20.74,38.68,0.95,1,-1,-1
21,6,388.74,757.02,42.11,64.32,0.99,8,-1,-1
21,8,414.76,664.41,50.35,55.38,1.00,4,-1,-1
21,9,425.18,605.32,43.21,48.38,0.97,4,-1,-1
21,10,456.92,552.28,36.70,38.93,0.98,4,-1,-1
21,11,462.18,575.72,55.90,45.42,1.00,4,-1,-1
21,12,476.97,451.72,25.30,27.15,0.34,4,-1,-1
21,13,527.25,460.06,25.02,26.12,0.98,4,-1,-1
21,14,555.07,412.76,19.48,20.66,0.93,4,-1,-1
21,15,563.56,492.69,30.80,32.92,0.99,4,-1,-1
21,16,577.61,553.31,38.95,42.05,0.99,4,-1,-1
21,19,594.90,421.57,22.14,21.35,0.93,4,-1,-1
21,20,605.13,466.62,11.00,21.91,0.95,1,-1,-1
21,21,603.51,388.58,20.25,19.62,0.22,4,-1,-1
21,22,626.40,472.55,26.88,26.82,0.97,4,-1,-1
21,23,645.79,448.62,22.89,21.36,0.99,4,-1,-1
21,24,686.33,441.13,26.22,28.83,0.88,4,-1,-1
21,25,700.01,494.79,32.26,27.78,1.00,4,-1,-1
21,26,710.41,471.58,30.18,25.17,0.99,4,-1,-1
21,27,701.46,556.59,44.77,43.55,1.00,4,-1,-1
21,28,759.72,467.00,44.63,24.32,0.98,4,-1,-1
21,29,803.04,578.59,48.01,41.50,0.47,4,-1,-1
21,30,824.05,608.45,48.30,41.27,0.99,4,-1,-1
21,31,887.23,679.56,64.07,62.48,0.97,5,-1,-1
21,32,959.41,767.49,78.49,68.54,0.99,4,-1,-1
21,33,951.49,941.43,119.21,116.44,1.00,4,-1,-1
21,34,1048.95,873.16,103.10,90.60,1.00,4,-1,-1
21,35,1118.76,991.92,133.85,87.88,0.99,4,-1,-1
21,36,1169.65,862.74,129.84,58.53,0.96,4,-1,-1
21,37,1799.26,1034.24,24.20,41.48,0.84,1,-1,-1
21,38,1833.46,1041.94,24.41,37.88,0.72,1,-1,-1
21,39,1260.53,948.22,146.67,76.98,0.78,4,-1,-1
21,41,671.86,422.13,20.51,21.89,0.51,4,-1,-1
21,43,530.73,397.46,18.07,18.86,0.61,4,-1,-1
21,44,815.56,946.01,102.02,113.44,0.99,4,-1,-1
21,42,298.00,663.68,45.13,51.24,0.73,4,-1,-1
21,47,590.52,401.76,20.30,20.25,0.28,4,-1,-1
21,48,522.47,411.64,21.69,19.53,0.90,4,-1,-1
21,4,182.23,639.27,21.50,35.78,0.58,1,-1,-1
21,50,82.80,983.63,194.34,79.15,0.93,4,-1,-1
22,2,97.43,930.07,194.37,90.74,1.00,4,-1,-1
22,3,199.18,834.08,20.86,35.91,0.89,1,-1,-1
22,5,249.56,630.91,21.03,38.70,0.91,1,-1,-1
22,6,383.06,760.58,43.46,64.96,0.96,8,-1,-1
22,8,410.03,667.07,50.66,55.59,0.99,4,-1,-1
22,9,422.63,607.63,42.65,47.83,0.98,4,-1,-1
22,10,454.24,554.07,37.23,39.97,0.93,4,-1,-1
22,11,457.63,577.37,57.33,45.40,0.99,4,-1,-1
22,12,474.83,452.39,24.94,27.19,0.66,4,-1,-1
22,13,525.25,461.83,25.29,26.49,0.99,4,-1,-1
22,14,553.49,413.21,19.80,20.96,0.90,4,-1,-1
22,15,562.31,496.07,30.53,32.89,1.00,4,-1,-1
22,16,576.31,558.58,39.33,42.43,0.99,4,-1,-1
22,19,593.17,421.57,22.65,21.21,0.96,4,-1,-1
22,20,603.71,467.25,10.52,21.82,0.95,1,-1,-1
22,21,602.09,388.69,20.23,19.45,0.27,4,-1,-1
22,22,623.79,471.58,28.21,27.02,0.93,4,-1,-1
22,23,644.07,448.23,22.92,21.17,0.99,4,-1,-1
22,24,684.74,439.84,26.45,30.53,0.91,4,-1,-1
22,25,697.62,495.72,33.34,27.78,0.99,4,-1,-1
22,26,709.24,472.50,30.20,25.33,0.99,4,-1,-1
22,27,698.40,555.58,44.61,43.01,1.00,4,-1,-1
22,28,757.92,467.99,45.43,24.60,0.98,4,-1,-1
22,29,801.70,580.74,49.02,41.66,0.76,4,-1,-1
22,30,822.40,610.31,50.70,41.76,0.98,4,-1,-1
22,31,886.16,682.24,64.11,62.80,0.99,5,-1,-1
22,32,959.00,771.72,79.38,68.85,1.00,4,-1,-1
22,33,947.01,941.78,118.74,116.33,1.00,4,-1,-1
22,34,1049.37,878.10,103.79,92.37,1.00,4,-1,-1
22,35,1119.92,999.87,132.40,80.30,0.97,4,-1,-1
22,36,1170.30,865.48,134.62,62.13,0.96,4,-1,-1
22,37,1808.04,1043.30,25.80,36.83,0.77,1,-1,-1
22,38,1841.87,1048.88,25.82,31.32,0.45,1,-1,-1
22,39,1263.18,956.09,144.19,77.34,0.72,4,-1,-1
22,41,669.91,422.58,21.33,21.39,0.48,4,-1,-1
22,43,529.75,398.99,18.06,18.36,0.48,4,-1,-1
22,44,808.64,941.37,100.20,113.27,0.99,4,-1,-1
22,42,293.55,665.70,46.85,51.71,0.78,4,-1,-1
22,47,589.08,401.58,20.50,20.84,0.45,4,-1,-1
22,48,520.63,412.66,22.99,19.42,0.57,4,-1,-1
22,4,174.23,640.87,22.49,36.22,0.48,1,-1,-1
22,50,64.72,991.82,205.79,83.60,0.99,4,-1,-1
22,51,382.40,760.58,44.00,66.29,0.97,7,-1,-1
23,2,86.83,936.84,196.87,91.89,1.00,4,-1,-1
23,3,190.64,839.30,21.63,36.13,0.62,1,-1,-1
23,5,243.74,633.11,21.53,39.51,0.94,1,-1,-1
23,6,377.20,765.07,43.57,65.22,0.99,8,-1,-1
23,8,405.92,670.02,50.78,55.67,1.00,4,-1,-1
23,9,418.55,609.25,43.24,48.42,0.97,4,-1,-1
23,10,449.91,555.30,38.23,41.56,0.94,4,-1,-1
23,11,454.57,579.55,57.09,45.00,0.99,4,-1,-1
23,12,472.09,453.79,25.21,26.81,0.86,4,-1,-1
23,13,523.17,464.20,25.79,26.23,0.98,4,-1,-1
23,14,551.57,414.10,19.92,21.08,0.91,4,-1,-1
23,15,560.72,499.24,30.81,32.87,1.00,4,-1,-1
23,16,574.48,564.03,39.46,42.57,0.99,4,-1,-1
23,19,591.22,421.54,22.84,21.16,0.97,4,-1,-1
23,20,601.87,467.84,9.93,21.78,0.82,1,-1,-1
23,21,600.27,388.49,20.63,19.38,0.25,4,-1,-1
23,22,620.74,470.82,28.70,27.10,0.84,4,-1,-1
23,23,642.15,448.08,22.94,21.11,0.97,4,-1,-1
23,24,682.85,440.08,26.55,30.82,0.89,4,-1,-1
23,25,695.44,496.04,33.75,28.20,0.99,4,-1,-1
23,26,708.32,473.21,30.22,25.39,0.99,4,-1,-1
23,27,694.82,554.47,44.57,43.23,1.00,4,-1,-1
23,28,756.37,468.53,45.74,24.72,0.96,4,-1,-1
23,29,800.33,582.74,48.62,42.13,0.46,4,-1,-1
23,30,820.91,612.00,50.81,42.96,0.99,4,-1,-1
23,31,884.89,684.05,64.92,64.52,0.98,5,-1,-1
23,32,958.38,775.72,79.72,69.78,1.00,4,-1,-1
23,33,942.18,941.71,118.66,117.10,1.00,4,-1,-1
23,34,1049.87,883.57,104.05,93.85,1.00,4,-1,-1
23,35,1121.08,1008.48,130.26,70.98,0.96,4,-1,-1
23,36,1172.10,873.71,134.83,60.32,0.98,4,-1,-1
23,37,1820.01,1053.17,24.83,28.32,0.35,1,-1,-1
23,39,1265.72,963.89,149.69,77.49,0.50,4,-1,-1
23,41,667.88,422.90,21.64,21.61,0.56,4,-1,-1
23,43,527.64,399.67,19.29,18.58,0.75,4,-1,-1
23,44,801.36,936.77,98.80,113.10,0.99,4,-1,-1
23,42,288.32,668.00,46.69,52.71,0.74,4,-1,-1
23,47,587.43,401.07,20.57,21.07,0.70,4,-1,-1
23,48,518.19,413.38,23.85,19.38,0.68,4,-1,-1
23,4,166.33,643.01,22.47,36.39,0.56,1,-1,-1
23,50,56.05,1001.39,205.42,78.80,0.99,4,-1,-1
23,52,83.24,844.35,19.89,34.96,0.77,1,-1,-1
24,2,75.29,944.15,200.31,92.99,1.00,4,-1,-1
24,3,184.20,844.92,21.51,36.18,0.93,1,-1,-1
24,5,239.11,635.76,20.92,38.99,0.89,1,-1,-1
24,6,372.59,768.47,44.37,66.86,1.00,8,-1,-1
24,8,402.71,672.53,49.99,56.45,1.00,4,-1,-1
24,9,415.12,611.70,43.83,47.81,0.98,4,-1,-1
24,10,447.95,556.44,37.79,41.73,0.95,4,-1,-1
24,11,451.71,580.83,57.74,45.01,0.99,4,-1,-1
24,12,470.69,454.88,25.30,26.24,0.94,4,-1,-1
24,13,521.97,466.00,25.97,26.10,0.99,4,-1,-1
24,14,550.61,415.20,19.95,21.11,0.97,4,-1,-1
24,15,559.29,502.09,31.29,33.22,0.99,4,-1,-1
24,16,573.16,569.24,39.87,43.35,1.00,4,-1,-1
24,19,589.84,421.32,22.90,21.13,0.98,4,-1,-1
24,20,600.73,468.39,10.12,22.16,0.91,1,-1,-1
24,21,599.32,388.01,20.17,19.34,0.29,4,-1,-1
24,22,619.15,470.31,27.28,26.71,0.92,4,-1,-1
24,23,640.96,447.80,22.94,21.48,0.97,4,-1,-1
24,24,681.63,439.91,26.57,31.29,0.92,4,-1,-1
24,25,693.72,496.26,34.68,28.33,0.99,4,-1,-1
24,26,707.45,473.79,30.20,25.79,0.99,4,-1,-1
24,27,692.23,553.00,43.73,43.30,1.00,4,-1,-1
24,28,756.03,468.64,45.03,25.14,0.98,4,-1,-1
24,29,799.64,584.11,49.23,41.87,0.93,4,-1,-1
24,30,820.17,613.83,50.82,43.17,0.99,4,-1,-1
24,31,884.59,686.85,65.19,64.33,0.98,5,-1,-1
24,32,957.89,778.86,81.39,71.65,1.00,4,-1,-1
24,33,937.87,942.16,117.83,117.28,1.00,4,-1,-1
24,34,1050.52,889.14,105.67,95.11,1.00,4,-1,-1
24,35,1121.93,1016.79,126.56,62.72,0.88,4,-1,-1
24,36,1174.75,879.97,140.01,60.33,0.97,4,-1,-1
24,39,1269.76,971.03,153.22,78.26,0.58,4,-1,-1
24,41,667.40,423.38,21.75,21.28,0.69,4,-1,-1
24,43,526.02,400.51,19.72,18.65,0.78,4,-1,-1
24,44,794.72,932.87,96.67,110.43,0.99,4,-1,-1
24,42,283.78,673.46,44.18,50.65,0.54,4,-1,-1
24,47,586.34,401.07,20.18,20.73,0.87,4,-1,-1
24,48,517.05,413.82,24.16,19.76,0.75,4,-1,-1
24,4,159.38,645.26,22.84,36.41,0.53,1,-1,-1
24,50,38.83,1010.18,213.78,71.19,0.97,4,-1,-1
24,53,209.43,622.57,22.30,39.78,0.61,1,-1,-1
25,2,63.73,951.81,202.91,94.28,1.00,4,-1,-1
25,3,176.05,850.33,20.87,35.43,0.97,1,-1,-1
25,5,232.70,638.35,20.88,39.62,0.92,1,-1,-1
25,6,365.15,773.05,45.08,67.53,0.99,8,-1,-1
25,8,396.82,675.14,51.72,56.79,1.00,4,-1,-1
25,9,410.35,613.26,44.07,49.01,0.97,4,-1,-1
25,10,445.16,557.88,37.23,42.22,0.98,4,-1,-1
25,11,448.18,582.94,57.62,44.65,0.99,4,-1,-1
25,12,468.52,456.25,24.55,25.64,0.96,4,-1,-1
25,13,519.91,468.20,26.04,26.07,0.99,4,-1,-1
25,14,549.06,416.54,19.97,20.74,0.98,4,-1,-1
25,15,557.35,505.49,31.08,33.37,0.99,4,-1,-1
25,16,570.66,574.93,40.42,43.88,0.99,4,-1,-1
25,19,587.98,420.42,22.54,21.54,0.99,4,-1,-1
25,20,598.74,469.00,11.00,22.71,0.97,1,-1,-1
25,21,597.85,387.79,19.20,18.94,0.34,4,-1,-1
25,22,616.27,470.17,26.74,26.59,0.96,4,-1,-1
25,23,639.01,447.71,22.95,21.25,0.98,4,-1,-1
25,24,680.08,440.25,26.58,31.49,0.95,4,-1,-1
25,25,691.19,497.18,35.04,28.01,1.00,4,-1,-1
25,26,705.64,474.84,30.21,25.57,0.99,4,-1,-1
25,27,689.44,552.00,42.64,43.37,0.99,4,-1,-1
25,28,754.86,469.31,44.78,24.93,0.98,4,-1,-1
25,29,797.55,585.33,50.28,42.80,0.98,4,-1,-1
25,30,818.86,615.84,50.04,43.29,0.99,4,-1,-1
25,31,883.48,690.08,65.31,65.09,0.99,5,-1,-1
25,32,956.73,782.68,82.06,73.22,1.00,4,-1,-1
25,33,932.96,942.82,116.83,117.43,1.00,4,-1,-1
25,34,1050.22,895.94,107.91,97.25,1.00,4,-1,-1
25,35,1122.09,1026.20,123.63,53.25,0.75,4,-1,-1
25,36,1178.84,889.04,134.14,58.80,0.94,4,-1,-1
25,39,1272.84,979.69,151.46,77.04,0.28,4,-1,-1
25,41,666.12,423.95,21.00,21.58,0.89,4,-1,-1
25,43,524.18,401.34,19.51,18.29,0.89,4,-1,-1
25,44,787.75,929.24,95.19,108.55,0.99,4,-1,-1
25,42,277.50,673.11,49.40,53.14,0.73,4,-1,-1
25,47,584.99,401.03,19.62,20.21,0.74,4,-1,-1
25,48,516.42,414.73,23.06,19.51,0.90,4,-1,-1
25,4,150.61,648.11,23.97,35.64,0.30,1,-1,-1
25,50,25.45,1020.45,214.37,61.43,0.98,4,-1,-1
26,2,51.80,960.08,206.01,94.61,1.00,4,-1,-1
26,3,167.71,855.10,22.23,35.11,0.93,1,-1,-1
26,5,227.41,641.50,21.25,39.81,0.95,1,-1,-1
26,6,359.38,777.56,46.11,67.70,0.94,8,-1,-1
26,8,391.96,676.64,53.51,58.44,0.99,4,-1,-1
26,9,407.07,615.23,44.12,49.40,0.96,4,-1,-1
26,10,441.98,559.06,37.78,41.56,0.98,4,-1,-1
26,11,444.12,584.15,59.11,45.87,0.99,4,-1,-1
26,12,467.32,457.31,24.24,25.80,0.94,4,-1,-1
26,13,518.28,470.33,26.43,26.42,0.99,4,-1,-1
26,14,548.18,417.62,19.95,20.58,0.95,4,-1,-1
26,15,555.73,508.79,31.76,33.77,0.99,4,-1,-1
26,16,569.22,580.57,40.98,44.60,0.99,4,-1,-1
26,19,587.16,420.67,21.98,21.27,0.99,4,-1,-1
26,20,597.64,469.54,11.32,22.90,0.97,1,-1,-1
26,21,596.54,387.53,19.23,19.17,0.19,4,-1,-1
26,22,614.46,469.88,26.53,26.12,0.93,4,-1,-1
26,23,637.51,447.45,22.93,21.13,0.95,4,-1,-1
26,24,679.48,441.12,26.57,31.12,0.94,4,-1,-1
26,25,689.44,498.01,35.14,27.84,1.00,4,-1,-1
26,26,704.92,475.52,30.19,25.44,0.99,4,-1,-1
26,27,686.42,551.13,42.21,42.54,1.00,4,-1,-1
26,28,754.33,469.85,45.46,24.81,0.98,4,-1,-1
26,29,795.85,586.93,51.43,42.90,0.95,4,-1,-1
26,30,817.85,617.71,50.49,42.67,0.99,4,-1,-1
26,31,882.89,692.91,65.29,66.08,1.00,5,-1,-1
26,32,956.84,786.39,82.22,74.50,0.99,4,-1,-1
26,33,927.85,943.34,116.44,116.53,1.00,4,-1,-1
26,34,1050.97,901.41,108.65,99.50,1.00,4,-1,-1
26,35,1123.36,1035.48,120.44,44.17,0.49,4,-1,-1
26,36,1179.50,895.75,138.12,58.95,0.99,4,-1,-1
26,39,1276.21,988.92,147.37,75.64,0.56,4,-1,-1
26,41,665.23,424.31,20.68,21.67,0.96,4,-1,-1
26,43,523.42,402.04,19.00,18.14,0.83,4,-1,-1
26,44,780.89,924.74,93.02,106.81,0.99,4,-1,-1
26,42,272.63,674.36,50.41,53.99,0.90,4,-1,-1
26,47,584.55,401.85,19.39,19.99,0.37,4,-1,-1
26,48,516.13,415.46,22.18,19.38,0.81,4,-1,-1
26,50,17.78,1029.19,214.06,51.78,0.99,4,-1,-1
26,54,357.99,776.85,48.21,68.71,0.94,8,-1,-1
27,2,39.41,968.21,208.61,96.40,1.00,4,-1,-1
27,3,158.10,861.07,22.74,35.83,0.94,1,-1,-1
27,5,221.35,644.37,21.40,40.71,0.82,1,-1,-1
27,6,352.62,781.46,47.30,70.21,0.96,8,-1,-1
27,8,386.96,680.15,53.82,58.33,1.00,4,-1,-1
27,9,402.48,616.90,44.96,50.39,0.97,4,-1,-1
27,10,438.25,560.01,38.01,41.33,0.98,4,-1,-1
27,11,440.07,585.93,60.49,46.77,0.99,4,-1,-1
27,12,464.74,456.93,24.95,26.70,0.94,4,-1,-1
27,13,516.78,472.74,26.20,26.58,0.99,4,-1,-1
27,14,547.00,418.83,19.96,20.54,0.96,4,-1,-1
27,15,553.86,512.07,33.22,34.74,0.99,4,-1,-1
27,16,567.21,586.33,42.00,46.48,0.99,4,-1,-1
27,19,585.45,420.64,22.59,21.19,0.97,4,-1,-1
27,20,596.42,470.03,11.45,22.59,0.98,1,-1,-1
27,21,594.65,387.47,20.06,19.28,0.17,4,-1,-1
27,22,612.00,469.71,26.68,25.97,0.89,4,-1,-1
27,23,636.18,447.25,22.94,21.11,0.95,4,-1,-1
27,24,678.91,441.94,26.58,31.00,0.90,4,-1,-1
27,25,687.65,499.05,35.18,27.41,1.00,4,-1,-1
27,26,703.91,476.49,30.20,25.02,0.97,4,-1,-1
27,27,683.39,550.45,42.10,41.88,1.00,4,-1,-1
27,28,753.44,470.57,44.95,24.80,0.98,4,-1,-1
27,29,794.93,589.54,52.68,43.18,0.80,4,-1,-1
27,30,815.99,620.23,51.49,42.47,0.98,4,-1,-1
27,31,881.61,696.66,66.12,66.52,0.97,5,-1,-1
27,32,955.87,791.73,83.12,75.06,1.00,4,-1,-1
27,33,922.58,944.54,116.41,117.09,1.00,4,-1,-1
27,34,1051.46,908.30,110.56,102.02,1.00,4,-1,-1
27,35,1125.25,1046.13,114.06,33.50,0.42,4,-1,-1
27,36,1182.04,903.08,139.27,59.90,0.99,4,-1,-1
27,39,1279.37,998.48,144.26,75.19,0.40,4,-1,-1
27,41,664.14,424.72,20.58,21.72,0.94,4,-1,-1
27,43,521.86,402.91,19.22,18.10,0.89,4,-1,-1
27,44,773.74,921.37,91.53,105.38,0.99,4,-1,-1
27,42,265.95,678.53,50.62,54.36,0.70,4,-1,-1
27,47,583.35,402.40,19.32,19.11,0.51,4,-1,-1
27,48,515.33,416.36,21.87,19.36,0.77,4,-1,-1
27,50,10.67,1039.01,210.26,41.63,0.96,4,-1,-1
28,2,25.31,977.09,211.69,97.01,1.00,4,-1,-1
28,3,148.00,867.19,23.72,36.90,0.96,1,-1,-1
28,5,214.01,647.77,22.06,41.04,0.95,1,-1,-1
28,6,345.44,787.58,47.36,68.77,1.00,8,-1,-1
28,8,381.39,682.99,54.72,59.04,1.00,4,-1,-1
28,9,397.24,619.45,46.07,50.75,0.97,4,-1,-1
28,10,434.91,561.90,38.09,41.63,0.97,4,-1,-1
28,11,435.61,587.72,61.01,47.49,1.00,4,-1,-1
28,12,461.79,456.15,26.02,28.22,0.95,4,-1,-1
28,13,514.04,475.15,26.90,27.03,0.99,4,-1,-1
28,14,545.55,419.42,19.96,21.33,0.98,4,-1,-1
28,15,552.15,515.56,33.77,35.49,0.99,4,-1,-1
28,16,564.27,592.87,43.16,47.76,1.00,4,-1,-1
28,19,583.60,419.99,22.42,21.55,0.99,4,-1,-1
28,20,594.17,470.95,11.90,22.46,0.89,1,-1,-1
28,21,592.33,387.42,20.37,19.32,0.24,4,-1,-1
28,22,609.52,469.01,26.55,25.92,0.97,4,-1,-1
28,23,634.29,447.34,22.14,20.70,0.95,4,-1,-1
28,24,678.10,446.19,26.58,28.13,0.89,4,-1,-1
28,25,685.59,499.76,35.19,27.24,1.00,4,-1,-1
28,26,701.33,477.37,31.01,24.85,0.98,4,-1,-1
28,27,680.13,549.38,42.08,42.04,1.00,4,-1,-1
28,28,751.68,471.35,46.37,25.18,0.98,4,-1,-1
28,29,793.20,592.00,51.57,42.87,0.84,4,-1,-1
28,30,814.31,621.84,51.87,43.99,0.99,4,-1,-1
28,31,880.55,699.10,66.43,68.24,0.98,5,-1,-1
28,32,955.32,795.54,84.24,77.60,1.00,4,-1,-1
28,33,916.18,944.91,118.09,118.07,0.99,4,-1,-1
28,34,1051.46,915.79,112.06,103.72,1.00,4,-1,-1
28,36,1183.96,911.91,141.67,59.43,0.98,4,-1,-1
28,39,1282.70,1005.68,134.96,73.38,0.41,4,-1,-1
28,41,663.12,425.40,20.54,21.74,0.91,4,-1,-1
28,43,520.27,403.77,18.90,18.09,0.90,4,-1,-1
28,44,766.34,917.40,90.25,104.76,0.99,4,-1,-1
28,42,259.75,682.44,49.69,54.48,0.65,4,-1,-1
28,47,581.69,402.35,19.30,18.78,0.61,4,-1,-1
28,48,514.43,416.84,21.76,20.15,0.91,4,-1,-1
28,50,13.04,1048.79,197.02,31.29,0.83,4,-1,-1
28,55,435.13,509.87,37.37,40.98,0.71,4,-1,-1
28,56,525.54,393.55,16.88,16.27,0.70,4,-1,-1
28,57,544.52,405.90,16.88,18.08,0.62,4,-1,-1
29,2,11.78,986.17,215.23,94.02,1.00,4,-1,-1
29,3,137.83,873.29,23.46,37.30,0.96,1,-1,-1
29,5,205.98,650.94,22.50,41.15,0.89,1,-1,-1
29,6,338.05,791.74,48.54,70.57,0.97,8,-1,-1
29,8,376.17,685.95,55.05,60.10,1.00,4,-1,-1
29,9,391.93,621.13,46.87,51.66,0.97,4,-1,-1
29,10,430.89,563.15,38.51,40.93,0.97,4,-1,-1
29,11,431.78,589.13,60.78,48.15,0.99,4,-1,-1
29,12,458.28,455.82,27.21,29.19,0.91,4,-1,-1
29,13,511.59,477.18,26.76,27.59,0.99,4,-1,-1
29,14,543.39,420.19,19.96,21.62,0.90,4,-1,-1
29,15,549.51,518.76,34.36,36.15,0.98,4,-1,-1
29,16,561.35,599.55,44.38,48.63,0.99,4,-1,-1
29,19,581.11,419.74,22.76,21.69,0.96,4,-1,-1
29,20,592.10,471.05,12.06,23.61,0.95,1,-1,-1
29,21,590.05,387.19,20.89,19.33,0.18,4,-1,-1
29,22,606.40,468.35,27.11,25.90,0.90,4,-1,-1
29,23,631.58,446.76,22.65,20.95,0.92,4,-1,-1
29,24,674.95,444.25,28.19,30.34,0.95,4,-1,-1
29,25,682.42,500.18,35.98,27.58,1.00,4,-1,-1
29,26,699.52,478.06,30.51,24.78,0.98,4,-1,-1
29,27,676.54,548.41,42.08,41.70,1.00,4,-1,-1
29,28,750.19,472.21,46.10,25.33,0.98,4,-1,-1
29,29,791.31,593.86,52.71,44.14,0.76,4,-1,-1
29,30,812.43,623.97,52.80,45.35,0.98,4,-1,-1
29,31,878.90,701.52,67.32,69.67,0.93,5,-1,-1
29,32,954.64,800.42,84.64,78.55,1.00,4,-1,-1
29,33,910.65,946.22,117.13,118.42,1.00,4,-1,-1
29,34,1051.35,922.82,115.77,106.70,1.00,4,-1,-1
29,36,1183.32,916.58,141.36,62.48,0.96,4,-1,-1
29,41,661.11,425.63,20.53,22.14,0.97,4,-1,-1
29,43,518.26,404.66,19.18,18.49,0.82,4,-1,-1
29,44,758.94,913.64,89.85,104.47,0.99,4,-1,-1
29,42,252.13,685.01,54.32,55.30,0.19,4,-1,-1
29,47,579.85,401.49,19.30,19.50,0.26,4,-1,-1
29,48,512.25,418.19,22.13,19.65,0.85,4,-1,-1
29,50,12.19,1056.90,190.61,23.11,0.35,4,-1,-1
29,55,431.87,511.18,37.92,41.08,0.56,4,-1,-1
30,2,2.56,995.25,213.96,86.31,0.99,4,-1,-1
30,3,128.21,879.32,22.88,38.24,0.94,1,-1,-1
30,5,199.52,653.98,22.06,41.17,0.87,1,-1,-1
30,6,330.63,796.28,49.76,71.21,0.99,8,-1,-1
30,8,370.92,689.31,55.54,60.46,1.00,4,-1,-1
30,9,387.41,623.64,47.16,51.99,0.99,4,-1,-1
30,10,427.03,564.72,39.46,41.04,0.98,4,-1,-1
30,11,428.81,590.95,60.66,48.18,0.99,4,-1,-1
30,12,456.36,457.02,27.27,28.77,0.84,4,-1,-1
30,13,509.26,479.04,27.49,28.98,0.99,4,-1,-1
30,14,541.53,420.23,20.35,22.52,0.90,4,-1,-1
30,15,547.48,522.21,34.95,36.78,0.99,4,-1,-1
30,16,558.82,606.03,45.21,50.30,1.00,4,-1,-1
30,19,579.73,419.44,22.48,21.73,0.99,4,-1,-1
30,20,591.47,471.64,11.72,24.03,0.95,1,-1,-1
30,21,588.55,386.90,20.68,19.33,0.12,4,-1,-1
30,22,604.61,467.90,26.71,25.49,0.87,4,-1,-1
30,23,630.51,446.34,22.03,21.04,0.95,4,-1,-1
30,24,673.30,443.38,28.78,31.47,0.95,4,-1,-1
30,25,680.37,500.48,36.26,28.10,1.00,4,-1,-1
30,26,698.37,478.46,30.30,25.16,0.97,4,-1,-1
30,27,673.59,547.44,41.27,41.98,0.97,4,-1,-1
30,28,749.13,472.88,46.78,25.37,0.99,4,-1,-1
30,29,790.10,595.04,54.71,45.59,0.60,4,-1,-1
30,30,811.63,626.24,52.33,45.84,0.98,4,-1,-1
30,31,877.75,704.25,67.64,70.18,0.97,5,-1,-1
30,32,953.83,805.21,86.35,79.65,1.00,4,-1,-1
30,33,906.19,947.37,115.15,117.69,1.00,4,-1,-1
30,34,1051.51,930.33,118.70,110.13,1.00,4,-1,-1
30,36,1184.79,923.20,139.56,63.59,0.85,4,-1,-1
30,41,659.47,425.68,21.32,22.29,0.97,4,-1,-1
30,43,516.67,405.35,19.28,18.63,0.55,4,-1,-1
30,44,752.29,909.05,88.94,104.29,1.00,4,-1,-1
30,42,245.91,691.00,48.66,53.20,0.15,4,-1,-1
30,47,578.49,401.37,19.70,19.75,0.34,4,-1,-1
30,48,511.18,419.28,22.26,19.44,0.38,4,-1,-1
30,55,427.26,511.25,40.36,42.98,0.65,4,-1,-1
30,58,452.01,480.33,23.50,25.92,0.67,4,-1,-1
30,59,455.63,496.00,26.52,31.34,0.74,4,-1,-1
31,2,-0.86,1005.81,204.62,76.62,0.96,4,-1,-1
31,3,116.48,886.32,23.47,39.38,0.97,1,-1,-1
31,5,192.03,658.35,22.09,41.16,0.81,1,-1,-1
31,6,322.09,801.14,49.82,73.81,0.97,8,-1,-1
31,8,363.73,692.57,56.51,60.57,1.00,4,-1,-1
31,9,382.06,626.20,47.65,52.88,0.99,4,-1,-1
31,10,423.08,566.14,40.21,40.67,0.98,4,-1,-1
31,11,423.62,592.86,62.20,48.96,0.99,4,-1,-1
31,12,453.31,458.95,27.68,27.78,0.93,4,-1,-1
31,13,506.63,481.53,27.76,29.50,0.99,4,-1,-1
31,14,539.66,421.08,20.50,22.85,0.92,4,-1,-1
31,15,544.77,526.46,35.57,36.99,0.99,4,-1,-1
31,16,555.54,613.32,46.69,51.49,1.00,4,-1,-1
31,19,577.47,419.39,21.97,21.74,0.98,4,-1,-1
31,20,590.70,473.08,11.18,22.60,0.94,1,-1,-1
31,22,601.62,467.60,26.97,24.92,0.91,4,-1,-1
31,23,628.17,446.23,22.61,21.48,0.98,4,-1,-1
31,24,671.09,443.26,29.00,32.30,0.95,4,-1,-1
31,25,677.66,501.20,36.35,27.89,1.00,4,-1,-1
31,26,696.78,479.01,30.23,25.29,0.98,4,-1,-1
31,27,669.80,546.35,41.80,42.49,1.00,4,-1,-1
31,28,747.55,473.53,45.43,25.37,0.99,4,-1,-1
31,29,787.30,596.04,55.46,46.72,0.85,4,-1,-1
31,30,809.38,628.63,52.14,46.01,0.99,4,-1,-1
31,31,875.77,708.36,68.55,71.12,0.98,5,-1,-1
31,32,952.77,810.45,86.98,80.80,1.00,4,-1,-1
31,33,900.76,949.38,114.47,117.37,1.00,4,-1,-1
31,34,1051.99,938.49,119.80,112.16,1.00,4,-1,-1
31,36,1192.99,936.56,120.29,59.19,0.45,4,-1,-1
31,41,658.07,426.53,21.62,22.34,0.92,4,-1,-1
31,43,514.70,406.85,18.92,17.88,0.52,4,-1,-1
31,44,744.51,905.09,87.04,103.36,0.99,4,-1,-1
31,42,238.09,692.86,49.29,54.79,0.67,4,-1,-1
31,47,576.61,401.59,19.45,19.44,0.21,4,-1,-1
31,48,509.41,420.32,22.31,19.35,0.71,4,-1,-1
31,55,424.46,513.47,39.35,41.72,0.82,4,-1,-1
31,59,450.62,496.12,27.06,31.41,0.90,4,-1,-1
32,2,-3.38,1017.09,193.91,64.64,0.95,4,-1,-1
32,3,103.42,893.45,23.47,39.81,0.85,1,-1,-1
32,5,183.14,661.76,22.49,41.96,0.86,1,-1,-1
32,6,312.69,807.52,51.80,74.80,0.99,8,-1,-1
32,8,356.64,695.22,57.25,61.41,1.00,4,-1,-1
32,9,375.67,628.61,49.41,53.22,0.97,4,-1,-1
32,10,418.42,567.74,40.08,40.54,0.98,4,-1,-1
32,11,417.49,594.63,64.35,48.87,0.99,4,-1,-1
32,12,450.37,459.97,27.82,27.81,0.90,4,-1,-1
32,13,503.85,484.11,27.85,29.70,0.99,4,-1,-1
32,14,537.78,421.88,20.55,22.99,0.94,4,-1,-1
32,15,541.75,530.29,36.17,37.86,1.00,4,-1,-1
32,16,552.08,620.44,48.02,53.71,1.00,4,-1,-1
32,19,575.65,419.52,21.78,21.35,0.99,4,-1,-1
32,20,589.64,474.16,10.56,22.02,0.88,1,-1,-1
32,22,598.33,466.85,27.88,25.55,0.97,4,-1,-1
32,23,626.31,446.15,22.02,21.25,0.99,4,-1,-1
32,24,669.68,443.75,29.07,32.23,0.85,4,-1,-1
32,25,674.87,501.82,36.37,27.82,0.99,4,-1,-1
32,26,695.19,479.77,30.19,25.35,0.99,4,-1,-1
32,27,665.41,545.56,42.81,42.70,1.00,4,-1,-1
32,28,746.39,474.33,44.90,25.39,0.99,4,-1,-1
32,29,785.24,597.37,55.72,47.35,0.49,4,-1,-1
32,30,807.12,630.69,53.66,46.07,0.99,4,-1,-1
32,31,874.38,712.27,68.07,71.48,0.99,5,-1,-1
32,32,951.31,815.98,87.98,82.04,1.00,4,-1,-1
32,33,894.54,950.21,113.42,118.89,1.00,4,-1,-1
32,34,1052.26,946.70,120.94,114.51,1.00,4,-1,-1
32,41,656.57,426.78,21.73,22.36,0.98,4,-1,-1
32,43,512.78,407.50,19.18,18.42,0.80,4,-1,-1
32,44,736.70,901.82,85.57,101.40,1.00,4,-1,-1
32,42,230.48,696.95,52.32,56.19,0.25,4,-1,-1
32,47,574.92,402.41,19.75,18.93,0.17,4,-1,-1
32,48,507.74,420.59,22.33,20.14,0.90,4,-1,-1
32,55,420.90,513.57,39.33,42.60,0.54,4,-1,-1
32,59,446.67,494.06,28.56,33.78,0.93,4,-1,-1
32,60,518.30,395.66,17.48,16.27,0.82,4,-1,-1
33,2,-4.43,1028.59,180.00,52.62,0.96,4,-1,-1
33,3,91.55,901.36,22.66,38.38,0.97,1,-1,-1
33,5,174.15,665.17,23.02,42.26,0.91,1,-1,-1
33,6,303.28,812.45,53.40,75.16,0.97,8,-1,-1
33,8,349.36,698.78,58.69,62.51,1.00,4,-1,-1
33,9,369.84,630.91,49.66,53.34,0.99,4,-1,-1
33,10,413.62,569.18,41.21,41.30,0.99,4,-1,-1
33,11,411.34,596.92,66.33,49.42,1.00,4,-1,-1
33,12,448.00,462.63,27.07,26.61,0.95,4,-1,-1
33,13,501.12,486.70,28.27,29.76,1.00,4,-1,-1
33,14,535.97,423.45,20.55,22.23,0.94,4,-1,-1
33,15,538.71,534.11,37.17,38.58,1.00,4,-1,-1
33,16,548.47,628.77,48.89,54.55,0.99,4,-1,-1
33,19,573.68,418.68,21.70,21.60,0.99,4,-1,-1
33,20,587.92,474.85,10.74,21.81,0.93,1,-1,-1
33,22,595.81,466.09,27.61,25.38,0.98,4,-1,-1
33,23,624.53,446.05,21.79,21.16,0.98,4,-1,-1
33,24,668.85,446.25,28.28,30.58,0.76,4,-1,-1
33,25,671.92,502.35,37.16,28.20,0.99,4,-1,-1
33,26,693.07,480.75,30.98,25.37,0.99,4,-1,-1
33,27,661.91,544.62,41.58,41.98,1.00,4,-1,-1
33,28,744.81,474.74,44.70,25.79,0.99,4,-1,-1
33,29,783.32,598.54,54.99,47.58,0.73,4,-1,-1
33,30,805.12,633.32,54.21,46.88,0.99,4,-1,-1
33,31,873.09,715.58,67.85,73.18,0.98,5,-1,-1
33,32,950.34,821.05,88.32,84.07,1.00,4,-1,-1
33,33,888.34,951.63,113.05,117.85,1.00,4,-1,-1
33,34,1052.29,955.51,122.08,115.37,1.00,4,-1,-1
33,41,654.90,426.98,21.76,22.37,0.93,4,-1,-1
33,43,510.96,407.81,19.27,18.61,0.71,4,-1,-1
33,44,727.98,898.67,84.26,99.01,1.00,4,-1,-1
33,47,572.58,402.23,20.27,18.74,0.34,4,-1,-1
33,48,505.39,420.78,22.73,20.83,0.89,4,-1,-1
33,55,417.33,515.43,39.74,42.00,0.69,4,-1,-1
33,59,443.36,491.77,28.13,35.01,0.65,4,-1,-1
33,60,515.19,396.42,18.48,15.84,0.64,4,-1,-1
33,61,443.57,483.35,24.71,28.93,0.64,4,-1,-1
34,2,-4.56,1039.89,163.92,40.65,0.59,4,-1,-1
34,3,79.35,909.84,21.73,37.79,0.91,1,-1,-1
34,5,164.99,668.86,23.23,42.34,0.83,1,-1,-1
34,6,294.28,818.18,53.90,76.02,0.99,8,-1,-1
34,8,342.76,702.48,59.22,62.89,1.00,4,-1,-1
34,9,364.15,633.37,50.53,54.13,0.97,4,-1,-1
34,10,409.25,571.14,41.63,41.56,0.97,4,-1,-1
34,11,408.05,598.99,65.10,48.79,1.00,4,-1,-1
34,12,445.50,463.69,26.76,25.72,0.96,4,-1,-1
34,13,498.25,489.48,28.82,30.55,0.97,4,-1,-1
34,14,534.02,424.91,20.96,21.92,0.97,4,-1,-1
34,15,535.72,538.28,37.15,39.21,1.00,4,-1,-1
34,16,544.90,636.95,49.98,56.38,0.99,4,-1,-1
34,19,571.86,418.64,21.68,21.29,0.98,4,-1,-1
34,20,585.98,475.12,10.81,22.54,0.60,1,-1,-1
34,22,593.43,465.08,27.10,25.72,0.96,4,-1,-1
34,23,622.37,445.47,22.52,21.12,0.94,4,-1,-1
34,24,667.03,446.62,28.78,30.73,0.74,4,-1,-1
34,25,668.94,502.95,37.45,27.92,1.00,4,-1,-1
34,26,690.77,481.53,32.07,25.36,0.98,4,-1,-1
34,27,657.98,543.93,41.93,41.69,1.00,4,-1,-1
34,28,743.09,475.68,45.43,25.13,0.99,4,-1,-1
34,29,781.51,602.08,56.29,47.23,0.65,4,-1,-1
34,30,803.27,635.41,54.41,47.95,0.99,4,-1,-1
34,31,871.10,718.66,69.37,73.77,0.96,5,-1,-1
34,32,948.47,826.69,90.01,85.56,1.00,4,-1,-1
34,33,882.70,953.23,111.33,118.19,0.99,4,-1,-1
34,34,1052.37,964.04,122.47,114.77,1.00,4,-1,-1
34,41,653.16,426.89,22.57,22.76,0.88,4,-1,-1
34,43,509.20,408.59,19.31,18.68,0.68,4,-1,-1
34,44,719.50,894.76,83.85,99.71,1.00,4,-1,-1
34,47,570.39,402.02,20.46,18.67,0.41,4,-1,-1
34,48,503.83,421.70,22.48,20.68,0.86,4,-1,-1
34,55,414.23,516.75,39.01,41.32,0.65,4,-1,-1
34,59,440.66,497.04,27.91,32.23,0.55,4,-1,-1
34,60,513.68,397.09,18.22,15.75,0.59,4,-1,-1
34,61,441.00,483.61,23.31,25.15,0.86,4,-1,-1
35,2,-3.85,1050.27,154.64,29.85,0.23,4,-1,-1
35,3,70.87,916.91,21.04,38.34,0.77,1,-1,-1
35,5,159.19,672.82,23.28,41.53,0.85,1,-1,-1
35,6,287.27,824.33,56.00,75.46,0.98,8,-1,-1
35,8,338.55,704.82,60.55,64.54,1.00,4,-1,-1
35,9,361.03,635.72,50.41,54.37,0.98,4,-1,-1
35,10,407.16,572.77,41.74,42.42,0.97,4,-1,-1
35,11,406.02,601.23,65.72,49.30,0.99,4,-1,-1
35,12,444.81,464.47,26.63,25.38,0.93,4,-1,-1
35,13,497.40,492.24,30.19,30.42,0.99,4,-1,-1
35,14,533.64,425.86,21.49,22.19,0.98,4,-1,-1
35,15,534.99,542.88,37.48,39.40,0.99,4,-1,-1
35,16,543.17,645.66,51.52,57.78,0.98,4,-1,-1
35,19,571.70,418.49,21.66,21.15,0.98,4,-1,-1
35,20,586.37,476.62,11.24,21.99,0.71,1,-1,-1
35,22,592.69,464.54,26.48,25.42,0.96,4,-1,-1
35,23,622.06,445.29,22.77,21.09,0.97,4,-1,-1
35,24,667.20,447.58,28.94,30.36,0.76,4,-1,-1
35,25,668.31,503.54,36.72,27.79,0.99,4,-1,-1
35,26,690.74,482.38,32.46,25.34,1.00,4,-1,-1
35,27,655.83,543.06,42.04,41.14,1.00,4,-1,-1
35,28,743.63,476.41,44.87,24.84,0.99,4,-1,-1
35,29,780.81,603.66,56.72,48.23,0.61,4,-1,-1
35,30,803.34,637.58,53.62,48.30,0.99,4,-1,-1
35,31,871.45,723.09,69.87,73.90,0.99,5,-1,-1
35,32,949.99,833.14,90.56,86.80,1.00,4,-1,-1
35,33,879.05,954.22,111.47,119.01,0.99,4,-1,-1
35,34,1055.31,973.79,123.26,107.19,0.99,4,-1,-1
35,41,653.37,427.28,22.85,22.88,0.95,4,-1,-1
35,43,508.92,409.92,20.11,18.69,0.79,4,-1,-1
35,44,714.61,891.12,82.89,98.26,0.99,4,-1,-1
35,47,570.50,401.81,20.11,18.63,0.57,4,-1,-1
35,48,504.01,422.48,22.36,21.00,0.88,4,-1,-1
35,55,412.30,516.29,39.99,43.18,0.41,4,-1,-1
35,59,440.10,499.42,27.81,31.57,0.85,4,-1,-1
35,60,513.38,397.54,19.05,16.64,0.64,4,-1,-1
35,61,439.33,484.15,23.51,25.33,0.86,4,-1,-1
35,62,535.18,412.53,18.08,17.48,0.62,4,-1,-1
35,63,620.76,425.19,10.85,17.48,0.66,10,-1,-1
36,2,17.12,1050.83,152.14,27.95,0.25,4,-1,-1
36,3,92.36,916.23,22.61,38.40,0.88,1,-1,-1
36,5,182.59,671.53,23.81,42.68,0.42,1,-1,-1
36,6,309.05,824.49,55.40,76.55,0.99,8,-1,-1
36,8,361.17,704.43,59.63,64.92,0.99,4,-1,-1
36,9,383.76,635.59,50.16,54.25,0.99,4,-1,-1
36,10,430.27,572.42,41.22,41.79,0.97,4,-1,-1
36,11,427.57,601.00,66.10,49.50,1.00,4,-1,-1
36,12,468.06,463.57,26.89,26.00,0.97,4,-1,-1
36,13,520.02,493.75,30.20,30.24,1.00,4,-1,-1
36,14,556.09,426.37,21.61,21.81,0.98,4,-1,-1
36,15,557.52,545.86,37.85,39.31,1.00,4,-1,-1
36,16,565.89,652.10,51.11,58.86,1.00,4,-1,-1
36,19,593.48,417.86,21.99,21.02,0.99,4,-1,-1
36,20,608.91,476.17,11.95,22.93,0.37,1,-1,-1
36,22,614.40,462.82,26.38,25.22,0.94,4,-1,-1
36,23,644.02,444.35,22.79,21.00,0.96,4,-1,-1
36,24,690.38,451.48,28.09,27.27,0.84,4,-1,-1
36,25,689.21,503.25,37.10,27.64,1.00,4,-1,-1
36,26,712.57,482.27,32.49,25.64,1.00,4,-1,-1
36,27,675.86,541.18,41.94,40.81,1.00,4,-1,-1
36,28,764.66,476.47,44.51,25.06,0.98,4,-1,-1
36,29,802.48,605.54,56.67,47.43,0.67,4,-1,-1
36,30,824.42,638.56,53.93,49.04,0.99,4,-1,-1
36,31,892.80,726.19,69.81,74.45,0.82,5,-1,-1
36,32,972.29,837.73,92.02,88.50,1.00,4,-1,-1
36,33,895.85,953.35,111.19,118.90,0.99,4,-1,-1
36,34,1078.54,982.46,127.07,97.25,0.99,4,-1,-1
36,41,675.00,427.00,22.88,22.85,0.97,4,-1,-1
36,43,531.88,409.82,19.54,17.82,0.62,4,-1,-1
36,44,732.01,884.59,80.69,95.77,1.00,4,-1,-1
36,47,593.38,400.79,19.91,18.56,0.34,4,-1,-1
36,48,527.13,422.55,22.25,20.64,0.85,4,-1,-1
36,55,435.84,516.22,39.79,42.45,0.69,4,-1,-1
36,59,463.16,496.49,28.12,33.01,0.83,4,-1,-1
36,60,536.27,397.56,18.81,16.87,0.66,4,-1,-1
36,61,462.14,483.70,24.44,26.75,0.74,4,-1,-1
36,62,556.65,413.31,18.56,17.48,0.70,4,-1,-1
37,2,39.12,1047.88,160.28,29.48,0.46,4,-1,-1
37,3,128.05,911.94,21.57,37.64,0.95,1,-1,-1
37,5,221.04,668.70,23.31,42.30,0.64,1,-1,-1
37,6,341.37,821.84,55.34,76.96,0.99,8,-1,-1
37,8,394.87,702.63,59.88,65.09,1.00,4,-1,-1
37,9,419.36,632.84,49.91,54.24,0.98,4,-1,-1
37,10,465.65,570.34,41.31,41.99,0.99,4,-1,-1
37,11,460.96,599.11,67.67,49.65,1.00,4,-1,-1
37,12,505.61,462.08,26.51,25.45,0.93,4,-1,-1
37,13,556.03,494.15,30.50,30.99,0.99,4,-1,-1
37,14,592.89,425.97,21.59,22.08,0.98,4,-1,-1
37,15,592.38,548.17,37.67,39.68,1.00,4,-1,-1
37,16,598.45,657.88,52.15,60.82,0.99,4,-1,-1
37,19,630.04,416.56,21.65,21.00,0.99,4,-1,-1
37,20,644.45,475.30,11.97,22.46,0.40,1,-1,-1
37,22,649.05,460.33,25.47,25.18,0.92,4,-1,-1
37,23,679.55,442.41,21.94,21.00,0.93,4,-1,-1
37,24,724.25,449.22,27.70,28.67,0.87,4,-1,-1
37,25,722.25,502.95,37.15,27.63,0.99,4,-1,-1
37,26,747.12,482.28,31.62,25.79,1.00,4,-1,-1
37,27,708.13,538.69,42.62,41.14,1.00,4,-1,-1
37,28,798.46,477.24,43.49,24.40,0.96,4,-1,-1
37,29,835.49,606.13,55.69,48.16,0.27,4,-1,-1
37,30,856.73,640.57,53.91,49.35,0.99,4,-1,-1
37,31,924.17,730.98,70.38,75.48,0.98,5,-1,-1
37,32,1003.36,844.62,93.88,89.98,1.00,4,-1,-1
37,33,921.67,954.62,110.03,118.14,0.99,4,-1,-1
37,34,1111.93,995.60,126.96,83.79,0.98,4,-1,-1
37,41,710.41,427.14,22.02,23.25,0.93,4,-1,-1
37,43,569.30,408.97,18.87,17.92,0.77,4,-1,-1
37,44,758.35,878.17,78.94,94.94,1.00,4,-1,-1
37,47,629.74,399.35,20.19,18.96,0.51,4,-1,-1
37,48,564.60,421.95,22.15,20.52,0.79,4,-1,-1
37,55,473.41,515.35,38.37,41.38,0.85,4,-1,-1
37,59,499.09,494.30,28.15,33.51,0.83,4,-1,-1
37,60,573.87,397.41,18.67,16.52,0.77,4,-1,-1
37,61,498.82,482.14,24.23,26.74,0.42,4,-1,-1
37,62,593.43,412.21,18.15,17.49,0.69,4,-1,-1
37,64,215.91,902.81,21.40,39.78,0.64,1,-1,-1
38,2,30.74,1054.60,169.04,24.76,0.12,4,-1,-1
38,3,131.93,915.09,23.05,39.15,0.47,1,-1,-1
38,5,232.24,669.84,22.87,42.39,0.88,1,-1,-1
38,6,346.98,825.82,57.23,79.10,0.99,8,-1,-1
38,8,404.99,704.68,59.93,65.49,1.00,4,-1,-1
38,9,430.87,634.53,49.71,53.72,0.99,4,-1,-1
38,10,478.88,570.52,40.79,41.89,0.98,4,-1,-1
38,11,474.80,599.54,66.28,49.76,0.98,4,-1,-1
38,12,520.99,461.27,26.94,25.78,0.94,4,-1,-1
38,13,570.52,495.74,30.79,31.82,1.00,4,-1,-1
38,14,609.06,425.91,21.72,22.31,0.96,4,-1,-1
38,15,606.08,551.73,38.42,40.82,0.99,4,-1,-1
38,16,609.81,666.64,53.82,63.45,0.99,4,-1,-1
38,19,646.35,416.34,20.86,20.70,0.99,4,-1,-1
38,20,659.63,475.12,12.05,22.81,0.88,1,-1,-1
38,22,663.61,459.53,25.30,24.90,0.92,4,-1,-1
38,23,694.98,441.68,21.76,20.71,0.97,4,-1,-1
38,24,739.74,447.44,26.92,30.07,0.90,4,-1,-1
38,25,736.23,503.12,36.60,28.18,1.00,4,-1,-1
38,26,762.17,482.64,31.48,26.37,0.99,4,-1,-1
38,27,720.23,537.32,42.33,41.09,1.00,4,-1,-1
38,28,813.93,477.63,43.38,24.67,0.98,4,-1,-1
38,29,848.93,608.54,57.26,49.28,0.57,4,-1,-1
38,30,870.45,643.91,54.22,49.72,0.99,4,-1,-1
38,31,937.57,736.23,71.01,77.06,0.99,5,-1,-1
38,32,1017.14,854.83,94.35,91.79,1.00,4,-1,-1
38,33,929.23,959.51,108.70,116.88,0.98,4,-1,-1
38,34,1126.84,1011.55,121.74,70.78,0.95,4,-1,-1
38,41,726.33,427.05,21.83,23.13,0.98,4,-1,-1
38,43,585.57,409.67,19.55,17.65,0.58,4,-1,-1
38,44,764.01,875.15,78.85,95.15,1.00,4,-1,-1
38,47,646.37,398.57,20.41,19.21,0.52,4,-1,-1
38,48,580.85,421.62,22.25,20.99,0.66,4,-1,-1
38,55,486.86,514.48,39.32,42.02,0.85,4,-1,-1
38,59,513.94,495.27,28.33,32.22,0.91,4,-1,-1
38,60,591.21,397.15,18.30,16.45,0.78,4,-1,-1
38,61,514.34,482.31,24.26,25.94,0.59,4,-1,-1
38,62,610.07,412.20,18.80,18.01,0.46,4,-1,-1
39,3,144.16,917.90,23.18,39.70,0.91,1,-1,-1
39,5,248.66,670.89,21.89,42.39,0.72,1,-1,-1
39,6,359.17,828.57,56.73,79.85,0.98,8,-1,-1
39,8,419.17,705.62,60.71,66.36,1.00,4,-1,-1
39,9,447.11,634.98,49.62,54.26,0.98,4,-1,-1
39,10,495.70,570.84,40.97,42.60,0.98,4,-1,-1
39,11,491.11,600.12,66.88,49.94,0.99,4,-1,-1
39,12,539.12,459.87,27.49,27.50,0.91,4,-1,-1
39,13,588.31,497.77,30.88,32.11,0.99,4,-1,-1
39,14,628.01,426.59,21.75,22.77,0.96,4,-1,-1
39,15,622.96,556.00,38.68,41.99,1.00,4,-1,-1
39,16,624.66,675.90,55.20,65.95,1.00,4,-1,-1
39,19,664.90,416.20,20.56,20.57,0.98,4,-1,-1
39,20,677.40,474.73,12.88,23.72,0.63,1,-1,-1
39,22,681.16,458.75,25.24,24.77,0.86,4,-1,-1
39,23,713.60,441.11,21.69,20.98,0.97,4,-1,-1
39,24,758.75,451.77,26.61,26.63,0.74,4,-1,-1
39,25,753.53,503.21,36.36,28.35,0.99,4,-1,-1
39,26,779.83,483.20,31.41,26.17,1.00,4,-1,-1
39,27,735.28,536.27,43.02,40.64,1.00,4,-1,-1
39,28,831.70,478.38,44.96,24.34,0.97,4,-1,-1
39,29,866.42,611.53,56.23,49.65,0.76,4,-1,-1
39,30,887.21,646.84,54.31,50.59,0.99,4,-1,-1
39,31,954.60,741.35,71.22,78.37,0.93,5,-1,-1
39,32,1034.66,862.92,95.25,95.51,1.00,4,-1,-1
39,33,941.08,962.87,106.59,114.67,0.99,4,-1,-1
39,34,1144.68,1027.19,120.00,54.82,0.91,4,-1,-1
39,41,745.11,427.30,21.75,23.05,0.95,4,-1,-1
39,43,604.77,410.67,19.99,17.95,0.60,4,-1,-1
39,44,774.10,870.57,77.22,93.56,1.00,4,-1,-1
39,47,664.27,398.42,21.29,18.89,0.56,4,-1,-1
39,48,600.23,422.21,21.88,21.14,0.56,4,-1,-1
39,55,504.71,513.82,39.25,42.63,0.92,4,-1,-1
39,59,531.47,493.89,29.20,33.76,0.92,4,-1,-1
39,60,609.67,397.16,18.79,16.82,0.63,4,-1,-1
39,61,532.49,482.45,24.67,25.60,0.42,4,-1,-1
39,62,628.38,412.92,19.23,17.71,0.58,4,-1,-1
40,3,147.23,922.27,23.05,39.92,0.91,1,-1,-1
40,5,256.48,672.91,22.57,41.59,0.40,1,-1,-1
40,6,362.75,832.84,58.15,81.73,0.99,8,-1,-1
40,8,426.04,707.57,62.25,66.70,1.00,4,-1,-1
40,9,456.53,636.32,49.61,54.47,0.99,4,-1,-1
40,10,506.52,571.70,41.47,42.09,0.98,4,-1,-1
40,11,501.76,601.69,66.35,49.01,0.99,4,-1,-1
40,12,551.97,459.61,27.32,27.37,0.93,4,-1,-1
40,13,600.07,499.95,31.73,32.22,0.99,4,-1,-1
40,14,641.01,426.86,21.78,22.95,0.94,4,-1,-1
40,15,634.02,560.21,39.59,42.84,1.00,4,-1,-1
40,16,633.00,685.92,56.55,68.48,1.00,4,-1,-1
40,19,677.41,415.79,21.29,20.53,0.99,4,-1,-1
40,20,690.39,475.39,13.20,23.29,0.94,1,-1,-1
40,22,692.94,457.34,26.06,25.14,0.95,4,-1,-1
40,23,725.78,440.35,21.68,20.69,0.98,4,-1,-1
40,24,771.08,453.33,27.35,26.07,0.92,4,-1,-1
40,25,764.47,503.48,36.30,28.03,1.00,4,-1,-1
40,26,792.09,483.42,32.22,26.90,0.99,4,-1,-1
40,27,745.02,535.21,43.32,40.08,0.99,4,-1,-1
40,28,843.65,478.45,48.77,25.45,0.97,4,-1,-1
40,29,877.48,614.30,55.05,49.59,0.32,4,-1,-1
40,30,898.04,649.38,55.19,51.72,0.99,4,-1,-1
40,31,964.78,746.71,72.15,79.66,0.97,5,-1,-1
40,32,1045.51,872.17,97.24,97.74,1.00,4,-1,-1
40,33,945.10,964.97,106.77,113.07,0.98,4,-1,-1
40,34,1156.91,1042.38,119.05,38.75,0.74,4,-1,-1
40,41,757.74,427.40,20.93,22.63,0.95,4,-1,-1
40,43,618.42,410.85,19.58,17.66,0.77,4,-1,-1
40,44,779.08,865.88,75.12,92.20,1.00,4,-1,-1
40,47,678.07,398.40,20.85,18.78,0.62,4,-1,-1
40,48,614.38,422.46,21.55,21.20,0.48,4,-1,-1
40,55,516.71,514.30,39.26,42.87,0.82,4,-1,-1
40,59,543.75,493.90,29.14,33.52,0.89,4,-1,-1
40,60,623.99,397.39,18.36,16.95,0.66,4,-1,-1
40,61,544.45,481.96,25.24,27.18,0.50,4,-1,-1
40,62,642.61,412.80,18.51,17.59,0.43,4,-1,-1
40,65,558.68,446.58,22.90,21.70,0.69,4,-1,-1
40,66,769.02,444.48,25.31,26.52,0.62,4,-1,-1
41,3,142.84,928.60,23.47,39.16,0.87,1,-1,-1
41,5,257.70,676.07,22.43,41.25,0.29,1,-1,-1
41,6,360.74,837.84,59.49,82.36,0.99,8,-1,-1
41,8,427.70,711.36,62.04,65.95,1.00,4,-1,-1
41,9,460.26,638.72,49.62,54.49,0.99,4,-1,-1
41,10,511.69,573.74,40.47,41.04,0.99,4,-1,-1
41,11,503.69,603.57,68.54,49.19,0.98,4,-1,-1
41,12,559.39,461.28,26.45,26.07,0.93,4,-1,-1
41,13,606.47,502.82,31.06,32.21,0.99,4,-1,-1
41,14,648.39,427.65,21.79,22.99,0.97,4,-1,-1
41,15,639.59,565.92,39.14,42.72,0.99,4,-1,-1
41,16,636.03,696.87,57.84,70.92,1.00,4,-1,-1
41,19,685.00,415.54,20.76,20.50,0.99,4,-1,-1
41,20,698.18,474.50,11.76,24.31,0.97,1,-1,-1
41,22,699.10,456.91,26.37,25.26,0.98,4,-1,-1
41,23,733.24,439.93,20.88,20.97,0.98,4,-1,-1
41,24,778.59,453.83,26.02,25.45,0.93,4,-1,-1
41,25,770.73,503.57,36.27,28.27,0.99,4,-1,-1
41,26,799.18,484.68,31.72,26.35,0.98,4,-1,-1
41,27,749.70,534.46,42.64,39.43,1.00,4,-1,-1
41,28,851.38,479.04,48.65,25.42,0.97,4,-1,-1
41,29,882.96,615.98,56.23,51.29,0.65,4,-1,-1
41,30,903.88,652.33,54.72,52.09,0.99,4,-1,-1
41,31,970.80,752.59,72.51,80.06,0.97,5,-1,-1
41,32,1051.00,880.19,99.57,100.81,1.00,4,-1,-1
41,33,944.72,967.63,106.91,110.75,0.98,4,-1,-1
41,34,1161.69,1057.05,109.80,22.85,0.47,4,-1,-1
41,41,765.76,427.87,19.81,22.04,0.94,4,-1,-1
41,43,626.05,411.22,19.42,17.53,0.74,4,-1,-1
41,44,777.88,861.52,75.26,93.27,0.99,4,-1,-1
41,47,685.34,398.10,20.67,19.53,0.67,4,-1,-1
41,48,621.98,422.68,21.64,21.60,0.60,4,-1,-1
41,55,522.44,514.41,39.67,42.92,0.89,4,-1,-1
41,59,550.20,492.61,29.11,34.60,0.92,4,-1,-1
41,60,632.29,398.00,18.19,16.98,0.79,4,-1,-1
41,61,551.79,482.72,24.21,25.67,0.28,4,-1,-1
41,62,650.91,413.66,18.23,17.53,0.62,4,-1,-1
41,65,565.84,445.01,21.98,20.80,0.54,4,-1,-1
41,66,776.69,445.92,24.39,27.56,0.67,4,-1,-1
41,67,231.43,920.89,23.20,38.57,0.78,1,-1,-1
41,68,653.30,387.52,21.70,18.68,0.61,4,-1,-1
41,69,658.73,395.06,21.70,18.68,0.69,4,-1,-1
41,70,699.11,469.79,18.08,24.71,0.81,4,-1,-1
42,3,134.52,936.30,23.83,39.66,0.80,1,-1,-1
42,5,253.76,678.21,23.80,43.54,0.67,1,-1,-1
42,6,355.02,843.79,60.79,84.12,0.98,8,-1,-1
42,8,425.63,714.91,62.74,66.41,1.00,4,-1,-1
42,9,460.51,640.95,48.82,55.27,0.99,4,-1,-1
42,10,512.82,575.23,40.89,41.02,0.99,4,-1,-1
42,11,502.84,605.60,70.15,49.63,0.98,4,-1,-1
42,12,562.89,462.26,26.12,25.56,0.94,4,-1,-1
42,13,609.20,506.16,31.39,32.58,1.00,4,-1,-1
42,14,652.85,429.25,21.00,22.19,0.91,4,-1,-1
42,15,641.03,571.29,39.76,43.42,0.99,4,-1,-1
42,16,635.40,708.83,58.32,74.14,1.00,4,-1,-1
42,19,688.73,415.57,20.57,20.48,0.97,4,-1,-1
42,20,701.61,474.88,11.99,24.28,0.95,1,-1,-1
42,22,703.15,457.09,24.89,24.49,0.84,4,-1,-1
42,23,737.77,440.10,20.59,20.66,0.98,4,-1,-1
42,24,782.71,455.72,24.69,24.40,0.97,4,-1,-1
42,25,773.62,504.28,35.46,28.34,1.00,4,-1,-1
42,26,802.75,485.62,31.53,26.11,1.00,4,-1,-1
42,27,750.45,533.91,42.38,39.19,1.00,4,-1,-1
42,28,854.40,480.09,50.96,25.39,0.97,4,-1,-1
42,29,885.60,618.59,56.67,52.69,0.55,4,-1,-1
42,30,906.64,656.19,54.54,52.18,0.99,4,-1,-1
42,31,973.25,757.09,73.44,82.53,0.99,5,-1,-1
42,32,1054.07,888.56,101.24,104.26,1.00,4,-1,-1
42,33,942.22,970.17,106.21,108.23,0.97,4,-1,-1
42,41,770.05,428.73,20.23,21.80,0.97,4,-1,-1
42,43,629.38,411.88,20.17,17.89,0.78,4,-1,-1
42,44,775.95,857.70,73.75,92.04,0.99,4,-1,-1
42,47,688.93,398.31,20.60,19.80,0.70,4,-1,-1
42,48,625.29,421.89,22.49,22.53,0.60,4,-1,-1
42,55,524.54,516.62,39.43,42.10,0.86,4,-1,-1
42,59,553.16,494.90,28.69,33.38,0.93,4,-1,-1
42,60,636.26,399.16,18.13,16.15,0.44,4,-1,-1
42,61,555.12,483.53,23.80,25.46,0.49,4,-1,-1
42,62,654.46,414.26,18.99,17.50,0.63,4,-1,-1
42,65,567.95,446.70,22.75,22.04,0.62,4,-1,-1
42,66,780.38,446.55,23.28,27.78,0.65,4,-1,-1
42,68,656.11,387.62,21.74,17.78,0.57,4,-1,-1
43,3,122.09,944.65,24.31,40.64,0.94,1,-1,-1
43,5,248.76,682.55,23.13,43.59,0.46,1,-1,-1
43,6,346.54,851.06,62.06,85.55,0.99,8,-1,-1
43,8,420.63,718.14,64.59,68.16,1.00,4,-1,-1
43,9,457.51,643.32,49.73,55.54,0.99,4,-1,-1
43,10,512.12,576.93,40.65,40.20,0.99,4,-1,-1
43,11,501.60,607.88,70.36,50.18,0.99,4,-1,-1
43,12,563.79,463.59,26.00,25.37,0.92,4,-1,-1
43,13,609.44,509.70,32.30,32.71,0.99,4,-1,-1
43,14,654.08,430.17,21.50,22.69,0.90,4,-1,-1
43,15,640.41,576.91,40.78,44.25,0.99,4,-1,-1
43,16,632.84,721.77,60.05,76.89,1.00,4,-1,-1
43,19,690.92,415.13,20.50,20.48,0.99,4,-1,-1
43,20,703.69,475.54,12.08,24.65,0.96,1,-1,-1
43,22,704.30,456.74,25.15,24.20,0.97,4,-1,-1
43,23,740.25,439.92,20.49,20.94,0.99,4,-1,-1
43,24,784.63,455.64,25.05,25.30,0.96,4,-1,-1
43,25,774.34,504.66,35.15,28.36,0.99,4,-1,-1
43,26,804.08,486.27,32.27,26.01,0.98,4,-1,-1
43,27,749.61,533.68,42.30,38.28,1.00,4,-1,-1
43,28,856.31,480.98,50.26,26.17,0.98,4,-1,-1
43,29,886.61,621.80,57.63,52.41,0.49,4,-1,-1
43,30,907.71,658.66,55.28,53.78,0.99,4,-1,-1
43,31,973.82,760.93,75.39,85.79,0.99,5,-1,-1
43,32,1056.07,897.74,103.44,107.87,0.99,4,-1,-1
43,33,938.35,972.95,105.99,105.67,0.96,4,-1,-1
43,41,772.43,429.18,20.39,21.72,0.93,4,-1,-1
43,43,630.99,412.46,20.45,18.82,0.63,4,-1,-1
43,44,771.94,854.35,73.26,89.95,1.00,4,-1,-1
43,47,691.05,398.75,20.57,19.09,0.78,4,-1,-1
43,48,627.29,424.69,22.02,20.91,0.21,4,-1,-1
43,55,523.75,518.00,40.15,42.19,0.93,4,-1,-1
43,59,553.70,495.12,28.93,34.92,0.89,4,-1,-1
43,60,638.94,399.30,18.12,16.25,0.41,4,-1,-1
43,61,555.78,483.97,23.65,25.79,0.54,4,-1,-1
43,62,655.76,414.60,19.26,17.91,0.66,4,-1,-1
43,65,569.01,449.23,22.52,21.96,0.40,4,-1,-1
43,66,782.20,447.49,24.84,28.74,0.60,4,-1,-1
43,68,658.57,387.63,21.76,18.07,0.48,4,-1,-1
44,5,242.19,684.84,22.83,45.99,0.81,1,-1,-1
44,6,337.60,857.59,63.29,87.65,0.97,8,-1,-1
44,8,415.34,722.82,65.26,68.81,0.99,4,-1,-1
44,9,453.53,646.11,51.25,56.44,0.99,4,-1,-1
44,10,509.77,578.71,41.35,40.71,0.99,4,-1,-1
44,11,498.90,609.87,71.19,51.19,0.99,4,-1,-1
44,12,564.21,463.85,26.36,25.71,0.96,4,-1,-1
44,13,609.01,513.15,33.23,33.14,1.00,4,-1,-1
44,14,655.02,431.51,21.68,22.47,0.92,4,-1,-1
44,15,639.05,583.28,41.93,45.74,0.99,4,-1,-1
44,16,628.01,734.75,63.03,81.79,1.00,4,-1,-1
44,19,692.22,415.00,20.48,20.07,0.99,4,-1,-1
44,20,704.53,476.80,12.10,24.39,0.98,1,-1,-1
44,22,704.82,456.04,25.24,24.10,0.95,4,-1,-1
44,23,741.65,439.49,20.45,21.05,0.99,4,-1,-1
44,24,786.22,456.66,25.18,24.81,0.98,4,-1,-1
44,25,774.71,505.01,35.03,28.78,1.00,4,-1,-1
44,26,805.44,487.32,32.53,25.98,0.97,4,-1,-1
44,27,748.24,533.26,42.25,38.38,1.00,4,-1,-1
44,28,858.29,481.94,49.14,26.07,0.98,4,-1,-1
44,29,887.45,624.57,57.98,53.87,0.45,4,-1,-1
44,30,907.76,662.34,56.34,54.37,0.99,4,-1,-1
44,31,974.84,767.82,76.09,85.46,0.98,5,-1,-1
44,32,1057.59,907.79,105.00,110.01,1.00,4,-1,-1
44,33,933.05,975.12,106.73,103.96,0.97,4,-1,-1
44,41,774.18,429.56,19.64,21.69,0.97,4,-1,-1
44,43,632.46,413.07,20.55,18.78,0.76,4,-1,-1
44,44,766.67,850.85,73.11,90.03,0.99,4,-1,-1
44,47,692.71,398.53,19.75,19.23,0.66,4,-1,-1
44,48,628.50,426.80,21.82,19.83,0.61,4,-1,-1
44,55,523.57,519.69,40.00,41.41,0.94,4,-1,-1
44,59,553.20,493.60,29.41,37.47,0.88,4,-1,-1
44,60,640.41,399.97,18.92,16.69,0.78,4,-1,-1
44,61,555.94,484.92,24.41,26.73,0.52,4,-1,-1
44,62,657.55,415.74,19.35,18.06,0.50,4,-1,-1
44,65,569.66,451.11,22.40,21.87,0.67,4,-1,-1
44,66,783.81,447.33,25.30,28.14,0.67,4,-1,-1
44,68,659.70,386.66,21.74,16.73,0.43,4,-1,-1
44,71,571.94,447.79,21.70,21.09,0.74,4,-1,-1
44,72,574.35,440.86,21.09,19.29,0.77,4,-1,-1
44,73,738.28,421.27,10.85,17.48,0.63,1,-1,-1
44,74,785.29,449.00,26.52,30.13,0.65,4,-1,-1
45,5,233.70,688.47,23.33,46.90,0.79,1,-1,-1
45,6,326.23,865.18,65.32,90.81,0.98,8,-1,-1
45,8,408.27,726.96,67.10,69.85,1.00,4,-1,-1
45,9,449.92,648.75,50.64,56.79,0.98,4,-1,-1
45,10,506.76,580.56,42.02,41.32,0.99,4,-1,-1
45,11,493.98,612.40,72.69,50.99,1.00,4,-1,-1
45,12,563.40,464.34,26.50,25.85,0.98,4,-1,-1
45,13,607.31,516.38,33.58,33.71,0.98,4,-1,-1
45,14,655.01,432.78,21.75,21.99,0.95,4,-1,-1
45,15,636.62,589.17,42.37,47.10,1.00,4,-1,-1
45,16,623.48,750.11,64.16,85.24,1.00,4,-1,-1
45,19,692.36,414.75,20.48,19.93,1.00,4,-1,-1
45,20,704.50,477.88,12.11,24.29,0.96,1,-1,-1
45,22,704.30,455.62,25.28,23.67,0.97,4,-1,-1
45,23,741.84,439.35,20.45,20.70,0.98,4,-1,-1
45,24,786.49,458.23,25.24,23.82,0.98,4,-1,-1
45,25,773.35,505.35,35.81,28.94,1.00,4,-1,-1
45,26,805.65,487.91,32.64,26.38,0.99,4,-1,-1
45,27,745.48,532.76,43.06,38.43,1.00,4,-1,-1
45,28,859.14,482.89,48.70,25.63,0.91,4,-1,-1
45,29,887.49,627.21,57.30,55.22,0.86,5,-1,-1
45,30,907.91,666.11,56.74,53.80,0.99,4,-1,-1
45,31,974.98,774.39,77.14,86.87,0.99,5,-1,-1
45,32,1057.90,917.89,107.95,113.15,1.00,4,-1,-1
45,33,928.58,978.44,105.43,100.94,0.97,4,-1,-1
45,41,774.50,429.89,20.19,22.09,0.97,4,-1,-1
45,43,632.25,413.46,20.58,19.16,0.80,4,-1,-1
45,44,761.00,847.79,73.93,90.11,0.99,4,-1,-1
45,47,692.99,398.46,19.44,18.88,0.89,4,-1,-1
45,48,628.17,428.16,21.75,19.44,0.72,4,-1,-1
45,55,522.76,520.90,39.14,41.54,0.95,4,-1,-1
45,59,551.66,495.78,29.59,36.89,0.87,4,-1,-1
45,60,640.59,400.19,19.22,17.26,0.85,4,-1,-1
45,61,554.64,485.26,24.69,26.68,0.71,4,-1,-1
45,62,657.87,416.95,19.38,18.52,0.56,4,-1,-1
45,65,568.29,452.74,22.80,21.39,0.78,4,-1,-1
45,66,784.08,447.22,24.57,25.70,0.77,4,-1,-1
45,68,660.25,388.00,21.73,17.24,0.65,4,-1,-1
45,71,570.07,449.70,22.23,21.16,0.81,4,-1,-1
45,72,572.73,441.55,22.11,19.35,0.57,4,-1,-1
45,75,574.96,437.24,22.30,20.49,0.79,4,-1,-1
45,76,580.08,429.11,23.50,19.29,0.60,4,-1,-1
45,77,583.69,427.00,22.30,19.89,0.75,4,-1,-1
46,5,232.56,693.22,23.50,46.40,0.82,1,-1,-1
46,6,322.60,872.01,67.59,94.27,0.96,8,-1,-1
46,8,408.50,731.87,68.11,70.16,1.00,4,-1,-1
46,9,451.16,651.19,51.95,56.85,0.99,4,-1,-1
46,10,509.72,582.39,42.23,41.51,0.99,4,-1,-1
46,11,497.05,614.64,72.78,51.44,1.00,4,-1,-1
46,12,567.46,464.36,27.34,26.69,0.98,4,-1,-1
46,13,611.43,519.52,33.87,34.67,0.99,4,-1,-1
46,14,660.68,433.70,21.76,22.60,0.89,4,-1,-1
46,15,639.87,595.97,43.27,48.34,0.99,4,-1,-1
46,16,624.41,765.77,66.86,88.78,0.99,4,-1,-1
46,19,698.05,414.77,20.46,19.86,0.99,4,-1,-1
46,20,708.92,478.31,12.91,24.62,0.97,1,-1,-1
46,22,708.97,454.73,26.10,23.49,0.79,4,-1,-1
46,23,746.69,438.78,21.25,20.95,0.97,4,-1,-1
46,24,791.33,458.80,26.06,24.71,0.93,4,-1,-1
46,25,778.06,505.88,35.27,28.97,1.00,4,-1,-1
46,26,811.29,488.74,31.84,26.50,1.00,4,-1,-1
46,27,748.54,531.79,43.32,38.84,0.99,4,-1,-1
46,28,864.56,483.85,49.29,25.43,0.88,4,-1,-1
46,29,893.04,630.81,56.98,55.66,0.59,4,-1,-1
46,30,913.08,669.29,57.63,55.10,0.99,4,-1,-1
46,31,981.28,780.87,78.25,88.88,0.95,5,-1,-1
46,32,1065.37,928.25,111.31,116.54,1.00,4,-1,-1
46,33,930.63,981.63,105.70,97.32,0.96,4,-1,-1
46,41,780.18,429.68,21.18,23.03,0.96,4,-1,-1
46,43,637.86,414.10,19.77,18.89,0.65,4,-1,-1
46,44,762.76,843.71,73.40,90.08,0.99,4,-1,-1
46,47,698.31,397.72,20.13,19.14,0.82,4,-1,-1
46,48,633.73,428.29,21.71,20.52,0.70,4,-1,-1
46,55,525.26,521.34,40.82,42.36,0.96,4,-1,-1
46,59,555.68,497.48,30.84,36.58,0.88,4,-1,-1
46,60,646.74,400.37,18.51,17.46,0.73,4,-1,-1
46,61,558.95,486.42,25.58,28.25,0.62,4,-1,-1
46,62,664.07,417.68,19.37,18.68,0.80,4,-1,-1
46,65,572.30,455.22,23.35,21.19,0.73,4,-1,-1
46,66,789.27,448.30,25.14,27.08,0.77,4,-1,-1
46,68,667.39,390.71,22.60,19.60,0.37,4,-1,-1
46,71,574.04,451.35,22.80,21.18,0.57,4,-1,-1
46,72,575.60,445.51,22.77,21.23,0.83,4,-1,-1
46,75,577.01,442.80,22.83,20.55,0.77,4,-1,-1
46,76,584.80,430.55,22.59,19.34,0.71,4,-1,-1
46,77,586.74,428.44,23.31,19.46,0.69,4,-1,-1
46,78,557.18,488.77,28.33,37.37,0.69,4,-1,-1
46,79,582.19,433.93,22.30,20.49,0.79,4,-1,-1
46,3,91.55,973.11,19.80,40.17,0.71,1,-1,-1
47,6,352.52,872.72,68.07,95.15,0.98,8,-1,-1
47,8,440.45,732.24,67.33,69.97,1.00,4,-1,-1
47,9,484.07,649.84,51.77,57.43,0.99,4,-1,-1
47,10,543.00,581.78,42.10,42.03,0.99,4,-1,-1
47,11,530.47,613.82,72.03,51.01,1.00,4,-1,-1
47,12,602.29,464.46,26.52,25.70,0.95,4,-1,-1
47,13,644.08,521.67,33.79,34.49,0.99,4,-1,-1
47,14,693.27,433.91,22.46,22.73,0.80,4,-1,-1
47,15,671.25,600.48,44.17,49.38,0.99,4,-1,-1
47,16,653.40,778.94,68.27,92.79,0.99,4,-1,-1
47,19,731.29,413.56,20.37,20.17,0.99,4,-1,-1
47,20,742.05,477.77,13.13,25.04,0.99,1,-1,-1
47,22,742.21,453.87,24.67,22.94,0.64,4,-1,-1
47,23,780.23,437.89,20.65,20.56,0.99,4,-1,-1
47,24,824.25,459.66,25.44,23.31,0.96,4,-1,-1
47,25,809.79,505.29,34.89,29.27,1.00,4,-1,-1
47,26,843.59,489.14,32.19,26.44,0.98,4,-1,-1
47,27,778.64,530.17,43.21,38.44,1.00,4,-1,-1
47,28,896.56,483.95,50.88,25.68,0.98,4,-1,-1
47,29,924.91,633.38,57.38,55.57,0.71,4,-1,-1
47,30,944.70,671.92,57.68,56.14,0.99,4,-1,-1
47,31,1012.97,786.16,79.84,90.02,0.98,5,-1,-1
47,32,1098.20,938.95,112.77,118.86,1.00,4,-1,-1
47,33,957.46,982.35,104.52,94.08,0.86,4,-1,-1
47,41,812.67,430.35,19.85,22.50,0.96,4,-1,-1
47,43,671.71,414.07,20.18,18.70,0.52,4,-1,-1
47,44,790.73,837.12,72.08,88.12,0.99,4,-1,-1
47,47,731.44,397.74,20.29,18.35,0.86,4,-1,-1
47,48,666.78,428.83,23.22,20.03,0.42,4,-1,-1
47,55,558.92,521.32,40.02,41.30,0.94,4,-1,-1
47,59,589.77,497.66,30.15,35.09,0.85,4,-1,-1
47,60,680.74,400.04,18.97,17.46,0.82,4,-1,-1
47,61,592.91,485.45,24.98,27.92,0.53,4,-1,-1
47,62,696.82,418.29,19.26,19.46,0.13,4,-1,-1
47,65,606.89,454.74,22.80,21.05,0.73,4,-1,-1
47,66,821.91,448.36,24.38,26.99,0.76,4,-1,-1
47,68,701.17,392.54,23.63,19.91,0.19,4,-1,-1
47,72,608.79,448.48,21.97,20.88,0.63,4,-1,-1
47,75,612.38,439.96,21.94,20.05,0.66,4,-1,-1
47,76,618.35,429.04,23.76,19.31,0.38,4,-1,-1
47,77,622.04,425.51,22.98,20.75,0.57,4,-1,-1
47,78,591.10,488.08,26.85,34.01,0.54,4,-1,-1
47,3,120.59,971.06,23.33,41.51,0.93,1,-1,-1
48,6,358.30,878.63,69.68,93.77,0.93,8,-1,-1
48,8,451.58,734.99,68.91,70.39,0.99,4,-1,-1
48,9,499.08,651.95,51.93,57.26,0.99,4,-1,-1
48,10,559.56,582.66,43.04,42.52,0.99,4,-1,-1
48,11,546.59,615.59,72.08,51.25,1.00,4,-1,-1
48,12,622.89,464.65,26.53,25.51,0.97,4,-1,-1
48,13,662.62,524.71,33.90,35.46,0.99,4,-1,-1
48,14,714.58,434.43,22.02,22.95,0.87,4,-1,-1
48,15,687.39,607.21,44.69,50.71,0.99,4,-1,-1
48,16,662.78,797.09,71.40,98.04,0.99,4,-1,-1
48,19,752.73,412.95,20.43,20.43,0.99,4,-1,-1
48,20,762.17,478.15,13.25,25.36,0.98,1,-1,-1
48,22,763.32,453.06,24.24,23.32,0.91,4,-1,-1
48,23,801.22,437.01,21.33,20.97,1.00,4,-1,-1
48,24,845.24,461.61,25.33,22.14,0.96,4,-1,-1
48,25,829.86,505.72,34.11,29.59,1.00,4,-1,-1
48,26,864.04,489.88,31.67,27.02,0.99,4,-1,-1
48,27,796.31,529.37,43.38,38.59,1.00,4,-1,-1
48,28,917.99,485.41,50.14,25.59,0.96,4,-1,-1
48,29,943.48,637.06,56.98,56.72,0.85,4,-1,-1
48,30,962.86,677.45,57.94,56.94,0.99,4,-1,-1
48,31,1030.21,795.02,80.76,94.23,0.98,5,-1,-1
48,32,1115.78,955.17,113.78,121.36,0.99,4,-1,-1
48,33,966.79,987.70,102.16,91.18,0.74,4,-1,-1
48,41,833.86,430.22,20.25,22.85,0.96,4,-1,-1
48,43,693.02,414.18,20.42,18.77,0.61,4,-1,-1
48,44,801.76,834.62,70.30,88.04,0.99,4,-1,-1
48,47,752.83,396.68,20.44,19.01,0.92,4,-1,-1
48,48,688.49,428.83,22.30,20.40,0.69,4,-1,-1
48,55,578.17,521.31,39.90,41.60,0.95,4,-1,-1
48,59,609.57,501.30,29.40,32.33,0.86,4,-1,-1
48,60,702.18,400.37,19.21,17.19,0.90,4,-1,-1
48,61,612.71,485.11,25.26,27.58,0.81,4,-1,-1
48,62,719.08,418.48,19.31,19.10,0.79,4,-1,-1
48,65,628.39,454.45,22.07,20.73,0.81,4,-1,-1
48,66,843.27,448.95,25.04,25.90,0.84,4,-1,-1
48,68,721.86,392.26,24.92,20.15,0.40,4,-1,-1
48,72,631.02,447.99,21.77,20.35,0.78,4,-1,-1
48,75,634.17,443.00,20.75,19.02,0.85,4,-1,-1
48,76,638.03,433.58,22.38,19.39,0.62,4,-1,-1
48,77,645.20,423.71,21.99,19.46,0.18,4,-1,-1
48,5,280.48,693.50,22.99,45.18,0.82,1,-1,-1
49,6,364.95,883.57,71.03,98.32,0.98,8,-1,-1
49,8,461.01,737.82,71.41,71.79,0.99,4,-1,-1
49,9,510.61,654.35,52.74,57.70,0.99,4,-1,-1
49,10,573.32,584.29,42.95,41.70,0.99,4,-1,-1
49,11,558.91,617.27,72.78,51.64,1.00,4,-1,-1
49,12,637.48,465.63,27.32,25.31,0.98,4,-1,-1
49,13,676.48,528.45,34.70,35.64,1.00,4,-1,-1
49,14,729.94,436.45,21.82,22.11,0.92,4,-1,-1
49,15,699.67,614.38,45.62,52.33,0.99,4,-1,-1
49,16,671.38,815.59,72.56,105.01,0.99,4,-1,-1
49,19,768.38,413.57,19.63,19.63,0.99,4,-1,-1
49,20,777.44,479.72,12.52,24.98,0.98,1,-1,-1
49,22,778.08,453.07,23.26,22.95,0.93,4,-1,-1
49,23,817.01,437.16,20.76,20.62,1.00,4,-1,-1
49,24,859.73,454.97,25.27,27.95,0.96,4,-1,-1
49,25,844.20,507.09,32.97,28.35,1.00,4,-1,-1
49,26,878.76,491.52,31.43,26.29,1.00,4,-1,-1
49,27,808.34,529.53,43.39,37.65,1.00,4,-1,-1
49,28,932.93,486.64,49.73,25.78,0.98,4,-1,-1
49,29,957.58,641.55,56.77,56.07,0.78,4,-1,-1
49,30,976.83,681.70,57.98,57.73,1.00,4,-1,-1
49,31,1044.64,802.72,81.83,96.95,0.99,5,-1,-1
49,32,1131.17,969.74,115.60,112.22,0.99,4,-1,-1
49,33,975.87,991.09,100.40,87.28,0.73,4,-1,-1
49,41,849.60,431.58,19.58,22.07,0.96,4,-1,-1
49,43,708.79,416.15,19.68,18.70,0.63,4,-1,-1
49,44,811.28,829.97,69.66,88.47,0.99,4,-1,-1
49,47,768.83,397.76,19.68,17.96,0.94,4,-1,-1
49,48,704.08,430.32,21.89,20.44,0.83,4,-1,-1
49,55,591.93,522.34,41.64,42.33,0.98,4,-1,-1
49,59,623.99,503.30,29.92,31.12,0.91,4,-1,-1
49,60,718.33,401.86,18.48,16.58,0.91,4,-1,-1
49,61,627.10,486.89,25.34,26.49,0.90,4,-1,-1
49,62,734.73,419.62,19.31,18.44,0.69,4,-1,-1
49,65,643.66,454.79,22.62,20.93,0.88,4,-1,-1
49,68,737.66,392.65,23.76,19.29,0.56,4,-1,-1
49,72,645.52,449.44,21.69,20.05,0.84,4,-1,-1
49,75,648.77,443.17,21.35,18.63,0.70,4,-1,-1
49,76,651.20,437.06,22.76,19.77,0.84,4,-1,-1
49,77,661.65,424.37,21.67,20.23,0.82,4,-1,-1
49,5,291.02,694.90,23.98,46.50,0.89,1,-1,-1
49,80,196.32,886.54,22.00,36.16,0.90,1,-1,-1
49,81,769.02,405.90,19.29,18.68,0.72,4,-1,-1
49,78,623.98,491.84,28.77,37.16,0.60,4,-1,-1
49,3,130.82,983.15,22.69,39.49,0.64,1,-1,-1
50,6,370.15,889.84,71.95,100.17,0.90,8,-1,-1
50,8,471.15,741.24,72.40,73.24,1.00,4,-1,-1
50,9,523.59,656.36,52.68,57.98,0.98,4,-1,-1
50,10,588.03,585.57,42.74,42.28,0.99,4,-1,-1
50,11,570.86,618.99,75.30,51.90,0.99,4,-1,-1
50,12,654.60,466.58,27.63,24.89,0.97,4,-1,-1
50,13,691.38,532.45,35.02,36.17,1.00,4,-1,-1
50,14,747.48,437.98,21.76,21.84,0.96,4,-1,-1
50,15,712.38,621.91,46.78,54.01,1.00,4,-1,-1
50,16,679.03,836.67,74.55,110.95,1.00,4,-1,-1
50,19,786.49,414.02,19.34,18.96,0.98,4,-1,-1
50,20,794.17,479.98,12.22,24.47,0.98,1,-1,-1
50,22,795.07,452.55,23.75,22.86,0.92,4,-1,-1
50,23,834.42,436.89,20.56,20.53,0.98,4,-1,-1
50,24,877.13,454.14,26.08,29.85,0.95,4,-1,-1
50,25,859.88,507.56,33.41,28.75,1.00,4,-1,-1
50,26,896.66,492.89,31.37,26.07,0.99,4,-1,-1
50,27,822.79,529.20,43.43,37.39,1.00,4,-1,-1
50,28,949.76,488.07,49.63,25.91,0.99,4,-1,-1
50,29,973.67,646.19,55.12,56.70,0.82,4,-1,-1
50,30,992.48,687.08,58.02,58.92,0.99,4,-1,-1
50,31,1060.10,812.33,83.05,97.37,0.99,5,-1,-1
50,32,1147.78,986.66,117.13,97.26,0.98,4,-1,-1
50,33,985.25,996.63,98.24,81.98,0.76,4,-1,-1
50,41,867.44,432.15,20.16,22.23,0.95,4,-1,-1
50,43,726.04,416.82,20.23,19.12,0.51,4,-1,-1
50,44,821.51,827.20,69.52,88.00,0.99,4,-1,-1
50,47,787.08,397.95,19.40,17.59,0.93,4,-1,-1
50,48,721.66,431.22,21.76,20.49,0.80,4,-1,-1
50,55,606.28,522.74,43.10,43.49,0.96,4,-1,-1
50,59,640.22,505.06,30.12,30.77,0.95,4,-1,-1
50,60,736.56,402.13,18.21,16.79,0.80,4,-1,-1
50,61,644.12,487.74,25.38,25.73,0.95,4,-1,-1
50,62,752.38,419.79,19.32,19.05,0.90,4,-1,-1
50,65,661.46,455.28,22.83,20.63,0.68,4,-1,-1
50,68,755.38,394.34,24.93,18.57,0.33,4,-1,-1
50,72,663.12,448.99,22.54,20.84,0.49,4,-1,-1
50,75,664.66,444.79,23.31,20.37,0.27,4,-1,-1
50,76,667.13,441.36,22.89,19.06,0.44,4,-1,-1
50,77,679.41,424.37,22.50,21.36,0.26,4,-1,-1
50,5,302.06,697.68,23.03,46.24,0.91,1,-1,-1
50,3,133.02,990.05,24.97,41.43,0.36,1,-1,-1
50,82,1305.40,997.43,33.75,68.71,0.72,1,-1,-1
51,6,365.35,898.09,73.95,104.10,0.97,8,-1,-1
51,8,471.41,745.86,74.04,74.65,1.00,4,-1,-1
51,9,527.32,659.96,52.72,58.13,0.99,4,-1,-1
51,10,593.03,587.81,43.32,43.14,1.00,4,-1,-1
51,11,575.42,622.03,75.95,52.04,0.98,4,-1,-1
51,12,663.10,466.93,26.99,25.17,0.98,4,-1,-1
51,13,697.52,536.77,35.98,37.19,0.99,4,-1,-1
51,14,756.25,439.49,21.77,22.17,0.96,4,-1,-1
51,15,716.18,630.97,48.07,56.26,1.00,4,-1,-1
51,16,676.63,860.48,77.74,117.97,0.99,4,-1,-1
51,19,795.92,413.91,19.28,19.15,0.99,4,-1,-1
51,20,801.91,481.49,12.95,24.29,0.97,1,-1,-1
51,22,804.13,452.56,23.15,23.27,0.97,4,-1,-1
51,23,843.67,436.55,20.52,20.93,0.99,4,-1,-1
51,24,887.23,460.87,25.62,25.69,0.98,4,-1,-1
51,25,867.77,508.36,32.81,28.93,1.00,4,-1,-1
51,26,905.37,494.38,31.39,26.41,0.98,4,-1,-1
51,27,828.62,528.97,43.51,38.16,1.00,4,-1,-1
51,28,958.95,489.77,49.65,25.98,0.96,4,-1,-1
51,29,980.64,651.83,57.02,56.99,0.74,4,-1,-1
51,30,999.75,692.25,59.72,61.00,0.99,4,-1,-1
51,31,1068.60,823.57,83.62,99.15,0.99,5,-1,-1
51,32,1156.45,1003.08,114.70,81.39,0.96,4,-1,-1
51,33,986.82,1002.13,96.82,77.75,0.79,4,-1,-1
51,41,877.28,432.48,20.40,22.31,0.87,4,-1,-1
51,43,735.47,418.01,19.66,18.89,0.72,4,-1,-1
51,44,824.39,824.96,69.61,86.32,1.00,4,-1,-1
51,47,796.96,397.72,19.33,17.90,0.94,4,-1,-1
51,48,730.81,432.51,21.74,20.53,0.85,4,-1,-1
51,55,613.10,524.78,42.73,43.18,0.98,4,-1,-1
51,59,648.00,506.54,29.44,30.68,0.94,4,-1,-1
51,60,745.95,402.96,18.14,16.89,0.92,4,-1,-1
51,61,650.99,488.70,26.24,26.70,0.91,4,-1,-1
51,62,761.59,420.99,19.35,18.88,0.93,4,-1,-1
51,65,667.80,457.68,23.76,20.96,0.58,4,-1,-1
51,68,765.01,395.24,25.38,17.89,0.51,4,-1,-1
51,72,670.21,454.79,22.87,20.30,0.92,4,-1,-1
51,75,672.79,445.28,23.19,19.29,0.91,4,-1,-1
51,76,676.66,441.13,22.96,18.81,0.79,4,-1,-1
51,77,688.19,424.76,21.95,20.11,0.17,4,-1,-1
51,5,302.25,702.47,22.90,45.36,0.88,1,-1,-1
51,3,124.89,1000.65,25.06,42.14,0.85,1,-1,-1
51,83,32.62,833.50,22.90,50.62,0.62,1,-1,-1
51,84,198.28,899.80,21.40,38.57,0.65,1,-1,-1
51,71,665.21,462.33,26.44,25.83,0.92,4,-1,-1
51,66,885.36,451.11,24.32,22.83,0.91,4,-1,-1
52,6,356.74,908.41,75.84,103.87,0.96,8,-1,-1
52,8,468.21,751.84,74.99,75.06,1.00,4,-1,-1
52,9,526.26,663.67,53.90,58.90,0.99,4,-1,-1
52,10,594.32,589.67,44.30,44.40,0.99,4,-1,-1
52,11,576.02,624.75,76.31,53.61,0.99,4,-1,-1
52,12,666.72,467.59,27.53,25.65,0.98,4,-1,-1
52,13,699.09,541.16,37.10,38.31,0.99,4,-1,-1
52,14,760.25,440.55,22.57,23.07,0.88,4,-1,-1
52,15,716.11,640.55,49.30,57.81,1.00,4,-1,-1
52,16,670.06,886.62,80.46,125.13,1.00,4,-1,-1
52,19,800.51,413.82,20.07,19.60,0.99,4,-1,-1
52,20,806.72,482.90,12.42,24.60,0.99,1,-1,-1
52,22,808.22,452.49,23.75,23.39,0.96,4,-1,-1
52,23,849.37,437.35,20.50,20.64,0.98,4,-1,-1
52,24,892.42,463.77,25.43,24.21,0.97,4,-1,-1
52,25,871.82,509.06,32.58,29.36,1.00,4,-1,-1
52,26,909.63,495.73,32.19,26.50,1.00,4,-1,-1
52,27,830.78,529.13,44.31,38.39,0.99,4,-1,-1
52,28,964.14,491.38,50.41,25.56,0.96,4,-1,-1
52,29,985.09,655.69,59.29,56.99,0.70,4,-1,-1
52,30,1003.49,697.06,60.32,62.48,0.99,4,-1,-1
52,31,1072.39,832.84,83.76,101.23,1.00,5,-1,-1
52,32,1161.05,1019.22,111.18,64.24,0.89,4,-1,-1
52,33,985.16,1005.93,96.28,73.76,0.72,4,-1,-1
52,41,881.56,433.28,21.29,21.91,0.81,4,-1,-1
52,43,740.94,419.19,19.42,18.77,0.57,4,-1,-1
52,44,823.71,822.40,68.01,83.96,1.00,4,-1,-1
52,47,802.12,397.79,20.11,17.99,0.89,4,-1,-1
52,48,735.77,433.31,21.73,21.33,0.28,4,-1,-1
52,55,615.21,525.83,43.95,44.20,0.97,4,-1,-1
52,59,651.81,508.37,29.15,30.63,0.93,4,-1,-1
52,60,751.37,403.62,18.11,17.30,0.77,4,-1,-1
52,61,654.84,489.78,26.54,27.02,0.88,4,-1,-1
52,62,766.54,422.57,19.35,18.79,0.46,4,-1,-1
52,65,672.60,457.24,23.29,20.64,0.83,4,-1,-1
52,68,770.12,395.89,24.72,18.45,0.49,4,-1,-1
52,72,674.93,454.69,22.97,20.47,0.67,4,-1,-1
52,75,678.77,444.62,22.26,19.25,0.88,4,-1,-1
52,76,680.64,441.70,22.96,19.12,0.75,4,-1,-1
52,77,691.77,428.72,22.60,19.56,0.40,4,-1,-1
52,5,298.64,707.87,22.94,44.96,0.47,1,-1,-1
52,3,111.60,1012.68,24.86,42.35,0.88,1,-1,-1
52,66,890.60,452.31,23.35,22.41,0.55,4,-1,-1
52,85,801.56,401.69,20.49,21.09,0.62,4,-1,-1
53,6,343.24,918.75,78.47,109.18,0.84,8,-1,-1
53,8,460.93,757.45,76.88,76.74,0.99,4,-1,-1
53,9,521.47,666.89,55.52,60.74,0.99,4,-1,-1
53,10,592.12,592.44,45.05,45.04,0.99,4,-1,-1
53,11,572.61,628.42,77.79,53.36,0.98,4,-1,-1
53,12,668.08,469.00,26.92,25.41,0.98,4,-1,-1
53,13,698.49,546.02,37.51,39.10,0.99,4,-1,-1
53,14,761.69,442.48,22.86,22.99,0.96,4,-1,-1
53,15,712.57,650.23,50.53,59.91,0.99,4,-1,-1
53,16,659.44,914.81,83.78,133.93,1.00,4,-1,-1
53,19,802.95,413.56,20.35,19.77,0.99,4,-1,-1
53,20,808.08,483.95,12.20,24.71,0.99,1,-1,-1
53,22,809.30,452.23,23.96,23.84,0.98,4,-1,-1
53,23,851.82,437.21,20.49,20.52,0.99,4,-1,-1
53,24,894.26,465.52,24.54,23.68,0.58,4,-1,-1
53,25,872.49,509.62,32.49,29.90,0.99,4,-1,-1
53,26,911.14,497.53,33.28,26.12,0.99,4,-1,-1
53,27,830.02,528.93,43.80,39.28,1.00,4,-1,-1
53,28,965.96,493.07,51.48,25.38,0.99,4,-1,-1
53,29,986.28,659.26,57.75,58.55,0.95,4,-1,-1
53,30,1004.42,702.55,61.31,62.99,1.00,4,-1,-1
53,31,1073.71,842.24,84.55,103.50,0.99,5,-1,-1
53,32,1161.43,1035.97,105.70,44.93,0.56,4,-1,-1
53,33,981.12,1010.20,94.46,69.08,0.74,4,-1,-1
53,41,883.84,434.52,20.82,22.15,0.64,4,-1,-1
53,43,742.94,420.18,19.33,19.12,0.86,4,-1,-1
53,44,820.91,819.79,66.61,82.26,0.99,4,-1,-1
53,47,804.36,398.00,19.59,18.01,0.94,4,-1,-1
53,48,737.17,434.76,21.71,21.61,0.76,4,-1,-1
53,55,614.67,527.55,44.58,43.35,0.96,4,-1,-1
53,59,650.85,509.75,30.66,31.01,0.98,4,-1,-1
53,60,753.33,404.43,18.09,17.45,0.90,4,-1,-1
53,61,655.51,490.71,26.64,27.53,0.96,4,-1,-1
53,62,767.93,423.91,20.15,19.14,0.86,4,-1,-1
53,65,674.04,458.00,23.08,20.10,0.85,4,-1,-1
53,68,772.77,395.69,24.43,18.23,0.61,4,-1,-1
53,72,673.87,459.10,22.99,20.51,0.75,4,-1,-1
53,75,680.20,445.60,21.90,18.82,0.86,4,-1,-1
53,76,682.61,442.63,22.96,19.23,0.23,4,-1,-1
53,77,694.35,429.21,21.99,19.78,0.40,4,-1,-1
53,5,290.75,712.93,22.85,46.40,0.51,1,-1,-1
53,66,893.29,456.23,24.69,27.33,0.90,4,-1,-1
53,86,676.21,454.12,22.90,19.89,0.65,4,-1,-1
54,6,327.72,930.74,82.24,112.00,0.95,8,-1,-1
54,8,453.26,763.69,78.41,78.98,0.99,4,-1,-1
54,9,515.90,671.41,56.95,62.26,0.98,4,-1,-1
54,10,589.51,595.38,44.76,45.10,0.99,4,-1,-1
54,11,568.97,632.30,78.37,54.08,0.99,4,-1,-1
54,12,668.59,470.36,26.69,25.74,0.98,4,-1,-1
54,13,697.11,551.25,37.67,40.59,1.00,4,-1,-1
54,14,762.26,444.00,22.98,23.37,0.97,4,-1,-1
54,15,708.13,661.00,51.79,63.06,0.98,4,-1,-1
54,16,646.49,947.00,88.20,129.87,0.99,4,-1,-1
54,19,803.91,413.89,20.47,19.44,0.99,4,-1,-1
54,20,808.24,485.59,12.13,24.75,0.99,1,-1,-1
54,22,810.18,452.20,24.06,24.02,0.98,4,-1,-1
54,23,854.02,437.40,19.68,20.49,0.99,4,-1,-1
54,24,895.45,463.48,24.22,26.40,0.94,4,-1,-1
54,25,872.47,510.70,32.49,30.11,1.00,4,-1,-1
54,26,913.01,499.23,32.92,26.39,0.99,4,-1,-1
54,27,828.31,529.38,43.62,38.82,1.00,4,-1,-1
54,28,967.18,494.31,52.70,25.73,0.98,4,-1,-1
54,29,987.34,663.84,55.53,60.73,0.85,4,-1,-1
54,30,1005.37,708.27,61.71,63.97,0.99,4,-1,-1
54,31,1074.86,852.20,86.47,107.52,1.00,5,-1,-1
54,33,976.01,1015.20,94.72,64.24,0.64,4,-1,-1
54,41,886.00,435.40,20.65,22.66,0.90,4,-1,-1
54,43,743.68,421.76,19.31,18.86,0.74,4,-1,-1
54,44,818.20,818.01,65.35,80.07,1.00,4,-1,-1
54,47,806.04,398.30,19.40,18.44,0.97,4,-1,-1
54,48,738.10,436.32,21.72,21.72,0.85,4,-1,-1
54,55,613.07,529.05,45.43,43.84,0.96,4,-1,-1
54,59,650.09,512.13,30.44,30.77,0.92,4,-1,-1
54,60,754.87,405.95,18.09,17.51,0.86,4,-1,-1
54,61,654.56,492.12,27.48,28.53,0.95,4,-1,-1
54,62,768.86,425.22,19.66,18.88,0.81,4,-1,-1
54,65,674.57,459.51,23.02,20.33,0.88,4,-1,-1
54,68,772.55,395.36,25.95,18.56,0.28,4,-1,-1
54,75,680.32,447.43,21.78,19.09,0.91,4,-1,-1
54,76,685.44,441.27,22.96,19.69,0.68,4,-1,-1
54,77,695.72,429.82,21.78,19.45,0.52,4,-1,-1
54,5,280.94,719.76,23.34,47.75,0.43,1,-1,-1
54,66,895.56,455.57,22.77,25.94,0.40,4,-1,-1
54,87,830.49,395.96,30.13,16.88,0.67,4,-1,-1
55,6,312.12,943.69,84.48,115.48,0.91,8,-1,-1
55,8,443.45,770.87,80.97,81.46,1.00,4,-1,-1
55,9,509.26,675.95,59.09,63.67,0.99,4,-1,-1
55,10,585.80,598.50,46.46,46.35,0.99,4,-1,-1
55,11,563.08,635.79,81.40,55.99,1.00,4,-1,-1
55,12,667.84,471.67,26.62,25.89,0.99,4,-1,-1
55,13,694.91,557.36,37.72,41.18,0.97,4,-1,-1
55,14,762.79,445.95,23.02,23.53,0.96,4,-1,-1
55,15,702.41,672.95,54.64,65.87,0.99,4,-1,-1
55,16,634.71,982.78,91.49,105.21,0.73,4,-1,-1
55,19,805.42,414.63,19.72,18.92,0.99,4,-1,-1
55,20,807.44,487.03,12.91,24.78,1.00,1,-1,-1
55,22,810.48,452.03,24.11,24.51,0.99,4,-1,-1
55,23,854.80,437.51,20.22,20.50,0.99,4,-1,-1
55,24,896.70,465.21,24.12,25.82,0.98,4,-1,-1
55,25,872.89,511.56,32.51,30.62,1.00,4,-1,-1
55,26,914.55,500.92,31.16,26.51,0.99,4,-1,-1
55,27,826.51,530.25,43.57,38.68,1.00,4,-1,-1
55,28,968.48,495.63,53.19,26.70,0.99,4,-1,-1
55,29,987.37,668.87,57.99,61.61,0.83,4,-1,-1
55,30,1005.41,714.53,62.66,64.37,0.99,4,-1,-1
55,31,1075.37,862.87,88.79,112.25,0.99,5,-1,-1
55,33,971.06,1021.36,94.08,58.50,0.38,4,-1,-1
55,41,886.79,436.15,21.40,22.87,0.90,4,-1,-1
55,43,743.85,423.11,20.12,19.18,0.72,4,-1,-1
55,44,814.47,815.70,64.96,81.04,1.00,4,-1,-1
55,47,807.01,398.60,19.34,18.62,0.94,4,-1,-1
55,48,738.75,437.67,21.74,21.78,0.92,4,-1,-1
55,55,610.33,531.43,45.76,44.87,0.97,4,-1,-1
55,59,648.48,514.21,31.16,31.12,0.98,4,-1,-1
55,60,755.74,407.48,18.92,17.14,0.76,4,-1,-1
55,61,653.26,493.65,27.81,28.93,0.96,4,-1,-1
55,62,769.53,426.47,20.28,19.60,0.84,4,-1,-1
55,65,674.24,460.45,23.00,20.43,0.94,4,-1,-1
55,68,772.80,395.81,24.94,18.29,0.26,4,-1,-1
55,75,679.83,448.88,22.57,19.63,0.92,4,-1,-1
55,76,685.57,441.52,23.80,20.28,0.81,4,-1,-1
55,77,696.08,429.99,23.38,19.76,0.65,4,-1,-1
55,88,678.62,451.71,22.90,19.29,0.61,4,-1,-1
55,89,682.83,444.48,22.90,19.29,0.75,4,-1,-1
55,72,670.89,466.39,24.01,24.46,0.81,4,-1,-1
56,6,293.32,956.69,89.21,117.59,0.94,8,-1,-1
56,8,433.11,778.58,83.49,83.21,1.00,4,-1,-1
56,9,502.28,681.51,60.68,64.21,0.99,4,-1,-1
56,10,581.50,601.58,47.48,46.44,0.99,4,-1,-1
56,11,557.17,639.39,83.32,57.53,1.00,4,-1,-1
56,12,666.62,472.89,27.40,25.55,0.99,4,-1,-1
56,13,691.97,563.72,38.52,41.79,1.00,4,-1,-1
56,14,762.47,447.61,23.84,24.00,0.96,4,-1,-1
56,15,696.18,685.22,55.71,68.51,0.99,4,-1,-1
56,16,624.14,1023.97,90.42,65.58,0.51,4,-1,-1
56,19,806.27,414.67,19.43,18.74,0.99,4,-1,-1
56,20,807.03,488.32,13.20,25.20,0.99,1,-1,-1
56,22,810.89,451.96,24.13,24.70,1.00,4,-1,-1
56,23,856.18,437.34,20.41,20.51,0.96,4,-1,-1
56,24,898.27,467.87,24.09,24.75,0.98,4,-1,-1
56,25,872.55,512.27,32.52,30.82,1.00,4,-1,-1
56,26,915.00,502.72,30.48,26.16,0.99,4,-1,-1
56,27,825.00,530.99,43.54,38.65,0.99,4,-1,-1
56,28,969.67,497.12,53.36,27.07,0.97,4,-1,-1
56,29,987.68,674.29,58.08,61.14,0.92,4,-1,-1
56,30,1005.30,721.21,63.00,66.10,0.99,4,-1,-1
56,31,1075.81,874.35,90.43,116.43,0.99,5,-1,-1
56,33,966.01,1026.67,93.89,53.31,0.24,4,-1,-1
56,41,887.77,436.80,21.67,22.95,0.72,4,-1,-1
56,43,743.79,424.36,20.43,19.30,0.88,4,-1,-1
56,44,809.87,812.97,65.66,83.91,1.00,4,-1,-1
56,47,807.65,398.89,19.32,18.29,0.91,4,-1,-1
56,48,738.45,439.51,21.74,21.40,0.89,4,-1,-1
56,55,607.79,533.84,46.06,44.86,0.99,4,-1,-1
56,59,646.15,516.30,31.42,30.86,0.99,4,-1,-1
56,60,756.34,408.19,19.22,17.00,0.88,4,-1,-1
56,61,651.86,494.95,27.92,28.68,0.98,4,-1,-1
56,62,770.06,428.09,20.51,19.48,0.91,4,-1,-1
56,65,673.60,461.73,22.99,20.48,0.95,4,-1,-1
56,68,771.54,396.11,26.13,18.19,0.32,4,-1,-1
56,75,679.12,450.16,22.86,19.43,0.94,4,-1,-1
56,76,683.87,442.95,23.29,20.91,0.87,4,-1,-1
56,77,695.68,429.59,23.95,20.70,0.55,4,-1,-1
56,88,677.39,453.87,22.98,18.89,0.63,4,-1,-1
56,90,686.45,440.56,22.90,20.49,0.65,4,-1,-1
56,91,697.90,423.68,24.11,22.30,0.72,4,-1,-1
56,92,838.33,397.17,30.13,16.27,0.63,4,-1,-1
56,5,254.97,732.97,25.01,50.35,0.59,1,-1,-1
57,6,272.33,971.87,95.24,109.59,0.97,8,-1,-1
57,8,422.05,786.41,85.56,85.39,1.00,4,-1,-1
57,9,494.96,686.63,61.23,65.16,0.98,4,-1,-1
57,10,576.70,604.83,47.83,47.03,0.99,4,-1,-1
57,11,551.22,643.79,85.37,58.08,0.99,4,-1,-1
57,12,664.46,474.94,28.49,25.00,0.98,4,-1,-1
57,13,688.00,569.96,39.58,42.78,1.00,4,-1,-1
57,14,761.79,448.83,24.13,24.56,0.92,4,-1,-1
57,15,689.00,698.29,57.63,71.81,0.99,4,-1,-1
57,19,806.39,414.93,19.32,18.67,0.99,4,-1,-1
57,20,805.50,489.79,13.30,25.35,0.99,1,-1,-1
57,22,810.48,452.18,24.13,24.36,1.00,4,-1,-1
57,23,856.88,437.52,20.48,20.51,0.94,4,-1,-1
57,24,897.79,470.48,24.89,23.92,0.98,4,-1,-1
57,25,871.44,513.11,32.52,31.27,1.00,4,-1,-1
57,26,914.52,504.56,31.05,26.42,0.99,4,-1,-1
57,27,823.14,531.47,42.70,39.43,1.00,4,-1,-1
57,28,969.84,498.85,53.37,27.20,0.97,4,-1,-1
57,29,987.14,678.52,58.88,62.49,0.82,4,-1,-1
57,30,1004.60,727.49,64.68,67.50,0.99,4,-1,-1
57,31,1075.27,886.23,92.56,119.50,0.99,5,-1,-1
57,41,887.90,437.86,21.76,22.97,0.90,4,-1,-1
57,43,743.20,425.83,20.53,19.34,0.79,4,-1,-1
57,44,805.35,810.31,65.92,83.33,1.00,4,-1,-1
57,47,808.09,399.04,19.30,18.15,0.93,4,-1,-1
57,48,737.37,440.99,22.54,21.65,0.92,4,-1,-1
57,55,605.41,535.49,46.33,44.83,0.98,4,-1,-1
57,59,643.21,518.22,32.30,30.76,0.98,4,-1,-1
57,60,756.38,409.28,19.33,17.35,0.91,4,-1,-1
57,61,649.66,496.41,28.73,28.96,0.98,4,-1,-1
57,62,769.69,429.10,20.58,20.22,0.87,4,-1,-1
57,65,671.63,463.40,23.79,20.49,0.96,4,-1,-1
57,68,770.11,395.84,26.55,18.14,0.30,4,-1,-1
57,75,677.13,451.43,23.77,19.75,0.93,4,-1,-1
57,76,683.54,443.48,23.07,20.33,0.62,4,-1,-1
57,77,694.98,429.47,24.15,21.04,0.16,4,-1,-1
57,88,673.18,458.16,23.94,20.70,0.92,4,-1,-1
57,92,840.99,398.78,30.23,16.35,0.79,4,-1,-1
57,5,242.28,739.19,25.35,52.51,0.58,1,-1,-1
57,66,896.44,459.31,25.06,28.73,0.86,4,-1,-1
58,6,254.62,987.31,95.91,97.19,0.91,8,-1,-1
58,8,410.21,794.66,88.72,87.75,0.99,4,-1,-1
58,9,487.44,692.26,62.24,65.48,0.99,4,-1,-1
58,10,571.65,608.95,49.17,47.22,1.00,4,-1,-1
58,11,545.96,647.94,85.16,59.04,1.00,4,-1,-1
58,12,663.07,476.38,28.11,25.20,0.98,4,-1,-1
58,13,684.01,576.30,40.00,43.72,1.00,4,-1,-1
58,14,760.95,450.71,24.24,24.77,0.98,4,-1,-1
58,15,681.52,712.28,59.94,75.37,1.00,4,-1,-1
58,19,806.25,415.08,20.11,18.64,0.99,4,-1,-1
58,20,804.38,491.97,13.35,24.59,0.98,1,-1,-1
58,22,809.76,452.33,24.14,24.22,1.00,4,-1,-1
58,23,857.37,437.84,20.51,20.50,0.98,4,-1,-1
58,24,897.46,468.92,25.20,26.51,0.96,4,-1,-1
58,25,870.53,514.26,32.53,31.43,1.00,4,-1,-1
58,26,915.03,506.03,30.46,26.51,0.99,4,-1,-1
58,27,820.81,532.33,42.39,39.31,1.00,4,-1,-1
58,28,970.17,500.66,54.18,28.03,0.98,4,-1,-1
58,29,986.50,684.41,60.81,64.57,0.85,4,-1,-1
58,30,1004.32,734.52,66.12,69.58,0.99,4,-1,-1
58,31,1075.90,899.25,94.98,122.96,0.99,5,-1,-1
58,41,888.58,439.07,21.00,22.97,0.82,4,-1,-1
58,43,742.78,427.84,20.57,19.34,0.87,4,-1,-1
58,44,800.62,808.75,66.08,83.12,1.00,4,-1,-1
58,47,808.47,399.96,19.30,18.10,0.89,4,-1,-1
58,48,736.38,442.80,22.85,21.73,0.95,4,-1,-1
58,55,602.62,537.81,47.04,45.20,0.98,4,-1,-1
58,59,640.77,520.82,32.64,30.31,0.95,4,-1,-1
58,60,756.59,410.74,19.37,16.66,0.86,4,-1,-1
58,61,647.88,498.46,29.05,28.65,0.99,4,-1,-1
58,62,769.76,430.93,20.61,20.49,0.91,4,-1,-1
58,65,670.73,464.49,23.29,20.08,0.97,4,-1,-1
58,68,769.76,396.19,26.71,18.12,0.27,4,-1,-1
58,75,676.21,452.99,23.31,19.46,0.93,4,-1,-1
58,76,683.27,444.72,23.00,19.27,0.56,4,-1,-1
58,77,695.73,427.28,23.43,21.16,0.14,4,-1,-1
58,92,843.68,400.15,30.28,16.37,0.85,4,-1,-1
58,5,228.52,747.70,25.90,54.08,0.13,1,-1,-1
58,66,895.74,460.98,25.44,28.29,0.14,4,-1,-1
58,93,635.22,452.01,24.11,22.90,0.65,4,-1,-1
59,6,237.73,1002.57,95.76,81.45,0.88,8,-1,-1
59,8,398.03,802.59,91.39,90.22,1.00,4,-1,-1
59,9,479.63,697.36,63.33,66.39,0.98,4,-1,-1
59,10,567.32,612.60,48.82,47.90,0.99,4,-1,-1
59,11,539.80,652.55,86.35,59.41,1.00,4,-1,-1
59,12,660.89,477.16,28.74,25.69,0.96,4,-1,-1
59,13,679.63,583.17,40.89,44.26,1.00,4,-1,-1
59,14,759.75,451.91,24.25,25.64,0.97,4,-1,-1
59,15,673.02,726.44,62.30,79.84,0.99,4,-1,-1
59,19,806.48,414.91,19.58,19.05,0.99,4,-1,-1
59,20,802.23,493.30,13.34,24.70,0.98,1,-1,-1
59,22,809.39,451.96,24.12,24.58,1.00,4,-1,-1
59,23,857.80,437.96,20.51,20.50,0.98,4,-1,-1
59,24,897.17,471.57,25.30,25.07,0.94,4,-1,-1
59,25,869.23,515.24,32.52,31.49,1.00,4,-1,-1
59,26,914.61,507.54,31.03,27.37,0.99,4,-1,-1
59,27,817.83,532.60,43.07,39.67,1.00,4,-1,-1
59,28,970.49,502.35,54.44,27.96,0.98,4,-1,-1
59,29,985.17,689.50,60.67,66.94,0.94,4,-1,-1
59,30,1003.51,741.20,66.59,71.15,0.99,4,-1,-1
59,31,1075.70,912.05,97.35,126.59,0.98,5,-1,-1
59,41,888.67,439.50,20.68,22.97,0.87,4,-1,-1
59,43,741.74,428.88,20.57,19.75,0.89,4,-1,-1
59,44,796.32,806.72,66.09,82.25,1.00,4,-1,-1
59,47,808.49,400.28,19.29,18.09,0.90,4,-1,-1
59,48,735.52,444.16,22.95,22.58,0.94,4,-1,-1
59,55,600.34,539.44,44.84,45.74,0.98,4,-1,-1
59,59,638.61,521.97,32.73,31.80,0.98,4,-1,-1
59,60,756.17,411.59,19.37,16.81,0.82,4,-1,-1
59,61,645.97,499.43,28.33,28.53,0.97,4,-1,-1
59,62,769.28,432.52,20.59,20.59,0.79,4,-1,-1
59,65,668.73,465.75,23.88,19.94,0.94,4,-1,-1
59,68,767.97,397.28,29.15,18.53,0.24,4,-1,-1
59,75,674.61,453.62,23.92,19.76,0.90,4,-1,-1
59,76,683.11,444.81,22.95,19.70,0.50,4,-1,-1
59,77,695.55,425.73,23.94,22.01,0.19,4,-1,-1
59,92,846.37,400.48,31.17,16.35,0.93,4,-1,-1
59,66,895.73,461.59,25.54,29.73,0.70,4,-1,-1
59,93,632.30,452.91,25.15,24.45,0.71,4,-1,-1
59,94,7.28,326.35,12.80,20.49,0.82,1,-1,-1
59,33,948.12,1044.84,89.19,35.52,0.56,4,-1,-1
59,88,664.13,471.15,26.35,24.42,0.80,4,-1,-1
60,6,221.15,1021.48,93.71,61.52,0.58,8,-1,-1
60,8,384.95,811.33,94.70,93.30,0.99,4,-1,-1
60,9,471.30,703.55,64.50,66.57,0.99,4,-1,-1
60,10,561.44,616.29,50.25,48.44,0.99,4,-1,-1
60,11,532.74,656.97,88.12,60.98,1.00,4,-1,-1
60,12,659.09,478.49,29.76,25.82,0.98,4,-1,-1
60,13,674.73,590.73,42.00,45.15,1.00,4,-1,-1
60,14,757.74,453.91,24.24,25.52,0.98,4,-1,-1
60,15,663.22,741.57,65.52,84.48,0.99,4,-1,-1
60,19,805.31,415.06,20.19,19.17,0.99,4,-1,-1
60,20,800.28,494.68,12.53,24.70,0.99,1,-1,-1
60,22,808.46,452.20,23.30,24.25,1.00,4,-1,-1
60,23,857.47,437.94,20.50,20.46,0.97,4,-1,-1
60,24,896.96,474.28,25.33,23.99,0.98,4,-1,-1
60,25,867.56,516.22,32.51,31.03,1.00,4,-1,-1
60,26,913.59,508.67,31.24,27.62,0.99,4,-1,-1
60,27,815.27,533.17,42.49,39.32,0.99,4,-1,-1
60,28,970.06,503.68,54.48,28.24,0.99,4,-1,-1
60,29,983.50,694.77,60.58,67.68,0.83,4,-1,-1
60,30,1001.66,746.96,68.32,73.15,0.99,4,-1,-1
60,31,1075.34,924.88,99.00,130.02,0.99,5,-1,-1
60,41,887.37,439.94,21.37,23.33,0.75,4,-1,-1
60,43,740.59,430.89,20.56,19.86,0.82,4,-1,-1
60,44,792.04,805.28,65.30,80.15,1.00,4,-1,-1
60,47,808.03,400.01,19.28,18.46,0.93,4,-1,-1
60,48,733.66,446.08,22.97,22.04,0.91,4,-1,-1
60,55,597.29,542.68,43.34,45.03,0.96,4,-1,-1
60,59,635.31,524.81,31.93,31.47,0.99,4,-1,-1
60,60,755.21,412.95,19.36,17.65,0.76,4,-1,-1
60,61,642.72,501.43,28.84,28.42,0.99,4,-1,-1
60,62,767.51,433.90,20.58,20.58,0.83,4,-1,-1
60,65,666.97,466.85,24.90,20.67,0.96,4,-1,-1
60,68,765.70,397.94,30.03,19.04,0.24,4,-1,-1
60,75,673.38,454.51,23.32,19.83,0.90,4,-1,-1
60,76,681.58,445.93,22.93,19.82,0.70,4,-1,-1
60,77,694.77,425.27,23.30,21.88,0.25,4,-1,-1
60,92,848.58,400.95,32.32,16.75,0.98,4,-1,-1
60,66,895.62,462.86,25.56,28.62,0.55,4,-1,-1
60,93,629.95,453.76,24.44,24.75,0.61,4,-1,-1
60,33,943.06,1051.36,86.76,27.83,0.21,4,-1,-1
61,6,210.41,1038.75,85.95,42.01,0.25,6,-1,-1
61,8,371.33,820.36,98.10,95.86,0.99,4,-1,-1
61,9,462.37,708.73,65.59,68.91,0.99,4,-1,-1
61,10,554.42,619.73,52.27,49.96,1.00,4,-1,-1
61,11,526.14,661.18,88.39,61.45,1.00,4,-1,-1
61,12,656.95,479.12,30.08,26.64,0.97,4,-1,-1
61,13,669.45,597.97,42.33,47.17,1.00,4,-1,-1
61,14,756.53,455.64,24.19,25.82,0.97,4,-1,-1
61,15,653.03,758.49,68.17,88.42,0.98,4,-1,-1
61,19,804.72,414.80,20.38,19.59,0.99,4,-1,-1
61,20,797.80,496.13,12.20,24.67,0.99,1,-1,-1
61,22,807.15,451.73,23.78,24.51,0.99,4,-1,-1
61,23,857.09,437.60,20.47,21.24,0.96,4,-1,-1
61,24,896.58,475.44,24.49,23.98,0.97,4,-1,-1
61,25,865.92,516.90,33.27,32.02,0.99,4,-1,-1
61,26,912.88,510.20,31.26,28.08,0.99,4,-1,-1
61,27,812.64,533.50,42.21,40.76,0.99,4,-1,-1
61,28,969.07,505.51,55.19,27.90,0.99,4,-1,-1
61,29,982.04,699.65,61.24,69.41,0.82,4,-1,-1
61,30,1000.09,754.27,68.83,74.55,0.99,4,-1,-1
61,31,1074.19,937.99,100.19,134.19,0.83,5,-1,-1
61,41,887.00,440.75,21.59,23.02,0.40,4,-1,-1
61,43,738.91,432.46,21.32,20.27,0.83,4,-1,-1
61,44,786.44,803.40,65.74,79.30,0.99,4,-1,-1
61,47,807.69,400.63,19.25,18.16,0.92,4,-1,-1
61,48,732.54,447.58,22.93,22.20,0.94,4,-1,-1
61,55,593.34,544.30,44.97,45.10,0.94,4,-1,-1
61,59,632.24,526.92,32.38,31.71,0.98,4,-1,-1
61,60,754.77,413.73,19.31,18.33,0.87,4,-1,-1
61,61,640.46,503.09,28.97,28.74,0.96,4,-1,-1
61,62,766.35,435.44,21.34,20.53,0.93,4,-1,-1
61,65,665.23,468.04,25.23,21.31,0.94,4,-1,-1
61,68,764.37,397.49,29.52,20.40,0.32,4,-1,-1
61,75,671.80,455.43,23.05,20.24,0.81,4,-1,-1
61,76,680.67,446.55,22.88,20.24,0.61,4,-1,-1
61,77,694.09,424.96,23.02,21.78,0.16,4,-1,-1
61,92,850.28,401.23,31.78,17.30,0.97,4,-1,-1
61,66,894.48,463.33,25.51,27.29,0.20,4,-1,-1
61,93,626.87,455.04,26.04,24.77,0.79,4,-1,-1
61,33,937.69,1057.49,85.84,21.25,0.18,4,-1,-1
61,95,668.37,462.25,24.11,22.30,0.82,4,-1,-1
62,6,188.60,1052.35,80.36,28.44,0.16,8,-1,-1
62,8,357.50,831.87,100.36,97.88,0.99,4,-1,-1
62,9,451.93,716.18,68.10,70.77,0.99,4,-1,-1
62,10,548.87,624.40,53.14,50.66,1.00,4,-1,-1
62,11,518.73,667.42,90.26,62.60,1.00,4,-1,-1
62,12,654.48,481.88,30.27,25.82,0.92,4,-1,-1
62,13,663.45,606.77,43.32,48.85,1.00,4,-1,-1
62,14,755.07,458.97,25.02,25.20,0.97,4,-1,-1
62,15,641.59,777.98,71.64,94.03,0.99,4,-1,-1
62,19,804.41,415.36,20.49,19.41,0.98,4,-1,-1
62,20,795.97,498.08,12.09,25.13,0.99,1,-1,-1
62,22,806.60,451.90,24.00,24.67,0.99,4,-1,-1
62,23,857.78,438.00,20.50,21.18,0.94,4,-1,-1
62,24,896.55,476.86,25.04,24.45,0.97,4,-1,-1
62,25,864.97,518.47,32.82,32.48,0.99,4,-1,-1
62,26,913.17,512.46,31.34,28.73,0.99,4,-1,-1
62,27,810.84,534.58,41.38,41.40,0.99,4,-1,-1
62,28,969.80,507.69,55.58,27.85,0.98,4,-1,-1
62,29,980.98,707.98,59.99,70.25,0.59,4,-1,-1
62,30,999.83,763.66,69.94,76.06,1.00,4,-1,-1
62,31,1075.38,953.93,99.21,128.29,0.94,5,-1,-1
62,41,887.38,441.77,21.72,22.97,0.46,4,-1,-1
62,43,737.24,433.87,21.65,20.88,0.82,4,-1,-1
62,44,782.25,802.79,66.05,79.24,0.99,4,-1,-1
62,47,807.88,400.85,19.28,18.51,0.95,4,-1,-1
62,48,731.04,449.80,22.97,22.32,0.96,4,-1,-1
62,55,590.10,546.73,44.85,45.25,0.93,4,-1,-1
62,59,628.59,528.90,33.41,32.29,0.97,4,-1,-1
62,60,754.38,415.41,19.34,18.64,0.83,4,-1,-1
62,61,638.32,505.06,29.07,29.34,0.96,4,-1,-1
62,62,765.34,437.65,21.67,20.57,0.96,4,-1,-1
62,65,663.34,469.37,25.41,22.01,0.89,4,-1,-1
62,68,764.11,397.31,28.56,20.97,0.16,4,-1,-1
62,75,667.95,460.06,23.81,21.25,0.61,4,-1,-1
62,76,679.52,447.63,22.91,20.85,0.21,4,-1,-1
62,92,855.03,401.93,32.47,17.53,0.96,4,-1,-1
62,66,894.99,464.87,25.53,28.91,0.53,4,-1,-1
62,93,624.13,456.02,27.45,25.73,0.56,4,-1,-1
62,96,659.33,473.40,26.52,22.90,0.63,4,-1,-1
63,8,340.45,842.84,104.34,101.70,1.00,4,-1,-1
63,9,439.98,723.26,70.63,72.22,0.99,4,-1,-1
63,10,540.85,628.44,54.25,51.68,1.00,4,-1,-1
63,11,508.65,672.04,93.33,65.37,1.00,4,-1,-1
63,12,650.64,483.62,30.33,25.89,0.94,4,-1,-1
63,13,655.99,615.82,44.48,50.24,0.99,4,-1,-1
63,14,751.97,460.87,25.34,25.75,0.98,4,-1,-1
63,15,627.85,798.42,75.31,99.99,0.99,4,-1,-1
63,19,802.50,415.45,20.54,19.73,0.99,4,-1,-1
63,20,792.39,500.06,12.07,25.69,0.97,1,-1,-1
63,22,804.65,451.86,24.09,24.72,0.98,4,-1,-1
63,23,856.25,438.22,20.51,21.55,0.99,4,-1,-1
63,24,895.19,479.01,25.25,24.21,0.99,4,-1,-1
63,25,862.52,519.69,32.65,32.62,1.00,4,-1,-1
63,26,910.73,514.71,32.19,28.55,1.00,4,-1,-1
63,27,807.76,535.66,41.08,41.22,0.99,4,-1,-1
63,28,968.71,509.48,56.51,28.21,0.99,4,-1,-1
63,29,978.93,715.17,60.32,70.49,0.62,4,-1,-1
63,30,997.69,771.99,71.15,78.14,1.00,4,-1,-1
63,31,1074.64,969.74,99.60,115.12,0.68,5,-1,-1
63,41,886.13,442.79,20.96,22.94,0.74,4,-1,-1
63,43,734.44,435.47,22.58,21.10,0.95,4,-1,-1
63,44,776.43,801.72,66.20,79.22,1.00,4,-1,-1
63,47,805.75,401.43,20.11,18.63,0.96,4,-1,-1
63,48,728.34,451.70,22.98,22.35,0.95,4,-1,-1
63,55,584.66,550.16,46.22,45.68,0.97,4,-1,-1
63,59,623.96,531.33,33.80,32.50,0.98,4,-1,-1
63,60,752.06,416.72,20.16,19.14,0.73,4,-1,-1
63,61,633.85,506.91,29.91,29.95,0.97,4,-1,-1
63,62,763.19,439.14,21.79,20.98,0.91,4,-1,-1
63,65,659.70,470.97,25.47,21.47,0.88,4,-1,-1
63,68,762.26,396.72,30.60,20.38,0.16,4,-1,-1
63,75,665.61,460.53,24.09,20.82,0.67,4,-1,-1
63,76,676.16,448.14,23.74,21.48,0.60,4,-1,-1
63,92,856.96,402.87,31.86,17.58,0.96,4,-1,-1
63,66,893.82,466.28,24.72,25.50,0.69,4,-1,-1
63,93,620.37,457.34,27.93,25.15,0.35,5,-1,-1
63,97,140.42,791.92,29.83,59.06,0.63,1,-1,-1
63,98,895.58,472.20,24.11,25.31,0.69,4,-1,-1
64,8,346.52,850.65,105.54,102.82,0.99,4,-1,-1
64,9,449.01,727.59,71.39,73.33,0.99,4,-1,-1
64,10,552.22,631.52,54.51,52.71,0.99,4,-1,-1
64,11,520.56,676.40,91.84,65.42,0.99,4,-1,-1
64,12,664.18,484.69,30.26,25.03,0.96,4,-1,-1
64,13,665.45,623.72,45.58,51.59,0.99,4,-1,-1
64,14,765.10,462.43,25.38,26.28,0.99,4,-1,-1
64,15,632.72,818.01,78.05,105.07,0.99,4,-1,-1
64,19,817.12,415.91,19.69,18.99,0.98,4,-1,-1
64,20,805.24,501.35,12.03,25.83,0.97,1,-1,-1
64,22,817.64,451.78,24.07,24.26,0.98,4,-1,-1
64,23,869.22,438.06,21.28,22.03,0.99,4,-1,-1
64,24,908.96,479.81,26.08,25.29,0.98,4,-1,-1
64,25,876.01,520.05,32.51,32.58,0.99,4,-1,-1
64,26,924.47,516.05,31.62,28.80,0.99,4,-1,-1
64,27,819.99,535.77,40.88,41.02,1.00,4,-1,-1
64,28,983.20,511.26,55.90,28.26,0.98,4,-1,-1
64,29,993.10,721.11,63.53,72.74,0.89,4,-1,-1
64,30,1012.17,779.34,72.99,81.05,0.99,4,-1,-1
64,31,1091.47,987.15,99.46,96.19,0.51,4,-1,-1
64,41,899.96,442.67,21.44,23.68,0.35,4,-1,-1
64,43,747.32,437.39,22.86,20.72,0.96,4,-1,-1
64,44,789.10,799.07,65.29,79.86,1.00,4,-1,-1
64,47,819.86,401.49,19.57,18.22,0.87,4,-1,-1
64,48,741.25,453.28,23.74,22.30,0.97,4,-1,-1
64,55,594.61,550.65,49.41,48.15,0.98,4,-1,-1
64,59,637.31,532.71,33.05,32.48,0.95,4,-1,-1
64,60,766.24,417.99,19.61,18.48,0.92,4,-1,-1
64,61,646.80,508.14,29.34,29.29,0.99,4,-1,-1
64,62,777.02,440.21,21.77,21.47,0.91,4,-1,-1
64,65,672.88,472.01,24.61,20.78,0.92,4,-1,-1
64,68,775.03,398.36,28.90,19.26,0.32,4,-1,-1
64,75,678.87,460.12,24.94,21.00,0.95,4,-1,-1
64,76,690.17,448.43,23.19,21.65,0.87,4,-1,-1
64,92,874.38,403.67,29.85,17.13,0.94,4,-1,-1
64,66,907.26,466.63,25.97,26.14,0.22,4,-1,-1
64,93,632.41,458.12,28.83,24.42,0.56,4,-1,-1
64,99,632.21,458.04,28.93,24.11,0.63,4,-1,-1
64,100,700.92,438.45,24.11,21.09,0.69,4,-1,-1
65,8,355.05,857.12,108.89,105.78,0.99,4,-1,-1
65,9,463.74,731.43,72.30,73.88,1.00,4,-1,-1
65,10,570.52,633.14,54.88,52.40,0.99,4,-1,-1
65,11,535.80,679.62,94.31,65.60,1.00,4,-1,-1
65,12,686.66,484.60,29.38,25.60,0.98,4,-1,-1
65,13,681.85,631.61,46.68,53.75,0.99,4,-1,-1
65,14,787.88,463.69,25.35,26.52,0.99,4,-1,-1
65,15,640.06,839.12,81.97,111.77,0.99,4,-1,-1
65,19,840.89,415.92,19.34,18.75,0.99,4,-1,-1
65,20,826.63,502.43,11.98,25.91,0.99,1,-1,-1
65,22,840.79,451.00,24.03,24.55,0.99,4,-1,-1
65,23,893.61,437.94,20.73,21.86,0.99,4,-1,-1
65,24,931.97,482.29,27.15,24.54,0.98,4,-1,-1
65,25,898.05,520.53,32.41,33.03,1.00,4,-1,-1
65,26,946.98,517.76,32.17,29.36,1.00,4,-1,-1
65,27,841.16,536.48,39.94,40.63,0.99,4,-1,-1
65,28,1006.03,513.05,56.43,29.60,0.99,4,-1,-1
65,29,1014.25,728.98,63.79,72.91,0.54,4,-1,-1
65,30,1032.56,788.55,73.52,83.86,0.99,4,-1,-1
65,31,1110.68,1006.91,100.02,75.60,0.90,5,-1,-1
65,41,923.45,443.81,21.57,23.20,0.25,4,-1,-1
65,43,770.45,438.57,22.93,21.02,0.97,4,-1,-1
65,44,806.79,796.47,64.02,80.25,0.99,4,-1,-1
65,47,843.89,402.16,19.33,17.70,0.94,4,-1,-1
65,48,763.17,454.52,23.98,22.32,0.94,4,-1,-1
65,55,614.49,551.00,49.73,48.36,0.98,4,-1,-1
65,59,658.03,533.47,33.51,32.14,0.99,4,-1,-1
65,60,789.43,418.35,20.18,18.66,0.94,4,-1,-1
65,61,667.81,508.69,29.88,29.09,0.98,4,-1,-1
65,62,799.29,441.32,22.53,21.69,0.97,4,-1,-1
65,65,695.63,472.13,24.24,20.58,0.93,4,-1,-1
65,68,796.92,398.09,28.97,19.72,0.36,4,-1,-1
65,75,702.51,459.92,24.41,20.71,0.91,4,-1,-1
65,76,713.26,448.11,23.76,21.36,0.87,4,-1,-1
65,92,901.94,404.08,27.39,17.42,0.97,4,-1,-1
65,66,930.99,468.17,25.58,24.77,0.63,4,-1,-1
65,93,654.40,458.33,29.91,23.79,0.62,4,-1,-1
65,101,818.44,394.45,18.08,16.88,0.63,4,-1,-1
66,8,341.96,867.97,113.15,108.41,0.99,4,-1,-1
66,9,457.37,738.68,73.21,74.03,0.99,4,-1,-1
66,10,567.58,636.93,56.35,53.84,1.00,4,-1,-1
66,11,530.21,684.09,97.01,67.97,1.00,4,-1,-1
66,12,688.30,485.84,29.93,26.61,0.98,4,-1,-1
66,13,677.92,642.23,48.01,54.55,1.00,4,-1,-1
66,14,789.73,466.24,25.40,26.20,0.99,4,-1,-1
66,15,627.18,864.31,86.03,119.73,0.99,4,-1,-1
66,19,844.70,416.32,19.27,18.26,0.98,4,-1,-1
66,20,828.10,504.51,12.83,25.95,0.99,1,-1,-1
66,22,844.04,450.96,24.08,24.65,0.99,4,-1,-1
66,23,898.12,438.05,20.57,21.78,0.99,4,-1,-1
66,24,935.30,483.94,26.83,24.64,0.96,4,-1,-1
66,25,900.66,522.13,32.47,32.78,1.00,4,-1,-1
66,26,950.22,520.31,32.45,29.55,0.99,4,-1,-1
66,27,843.06,537.50,39.72,41.28,1.00,4,-1,-1
66,28,1010.23,515.53,56.72,29.65,0.99,4,-1,-1
66,29,1016.17,736.52,62.46,76.11,0.61,4,-1,-1
66,30,1034.70,799.36,74.70,85.68,0.99,4,-1,-1
66,31,1112.78,1026.95,98.08,55.05,0.53,5,-1,-1
66,41,928.09,444.72,20.07,23.00,0.47,4,-1,-1
66,43,772.76,440.08,23.01,21.12,0.95,4,-1,-1
66,44,805.00,795.55,64.60,80.43,1.00,4,-1,-1
66,47,848.57,402.57,18.48,17.51,0.95,4,-1,-1
66,48,765.83,456.29,23.33,22.33,0.95,4,-1,-1
66,55,613.99,552.79,50.77,50.82,0.98,4,-1,-1
66,59,658.72,535.93,33.76,32.41,0.99,4,-1,-1
66,60,792.18,419.53,21.24,19.12,0.93,4,-1,-1
66,61,668.56,510.02,30.95,29.82,0.98,4,-1,-1
66,62,801.73,443.37,22.87,21.77,0.94,4,-1,-1
66,65,698.19,473.22,24.99,21.32,0.97,4,-1,-1
66,68,799.59,398.82,29.86,19.87,0.34,4,-1,-1
66,75,704.96,461.27,24.27,20.58,0.97,4,-1,-1
66,76,716.32,449.40,23.22,21.23,0.86,4,-1,-1
66,92,909.97,404.31,23.14,17.91,0.98,4,-1,-1
66,66,934.55,469.44,25.49,27.17,0.79,4,-1,-1
66,93,656.64,459.49,29.56,23.98,0.85,4,-1,-1
67,8,330.28,880.05,118.37,111.77,0.99,4,-1,-1
67,9,452.94,745.75,74.38,75.68,0.99,4,-1,-1
67,10,566.62,641.04,58.13,55.18,0.99,4,-1,-1
67,11,527.65,689.68,99.48,69.66,1.00,4,-1,-1
67,12,692.22,487.50,30.16,26.59,0.94,4,-1,-1
67,13,675.84,653.59,50.13,56.42,0.99,4,-1,-1
67,14,793.75,469.13,25.44,26.08,0.98,4,-1,-1
67,15,615.30,892.54,91.34,126.72,0.99,4,-1,-1
67,19,849.87,416.80,20.09,18.08,0.96,4,-1,-1
67,20,831.66,506.45,13.16,25.98,0.97,1,-1,-1
67,22,849.03,451.32,24.93,24.70,0.99,4,-1,-1
67,23,904.40,438.02,20.54,22.16,0.99,4,-1,-1
67,24,940.76,485.25,26.72,25.10,0.98,4,-1,-1
67,25,905.51,524.11,32.53,32.69,1.00,4,-1,-1
67,26,955.70,522.40,32.59,30.03,1.00,4,-1,-1
67,27,846.85,538.49,39.69,41.94,1.00,4,-1,-1
67,28,1016.10,517.98,57.68,30.06,0.99,4,-1,-1
67,29,1020.88,744.30,65.23,77.33,0.77,4,-1,-1
67,30,1039.13,809.62,76.79,88.73,1.00,4,-1,-1
67,41,933.63,445.98,21.17,23.35,0.60,4,-1,-1
67,43,776.92,441.98,23.05,21.16,0.94,4,-1,-1
67,44,806.35,794.92,64.89,79.73,0.99,4,-1,-1
67,47,854.06,402.82,18.18,17.45,0.95,4,-1,-1
67,48,770.15,458.49,23.91,22.74,0.97,4,-1,-1
67,55,615.90,556.11,50.80,50.18,0.96,4,-1,-1
67,59,660.68,538.46,34.69,32.12,0.96,4,-1,-1
67,60,797.69,421.29,21.66,19.30,0.88,4,-1,-1
67,61,672.12,512.53,30.59,29.70,0.98,4,-1,-1
67,62,806.76,445.07,23.01,22.20,0.98,4,-1,-1
67,65,702.04,475.02,25.28,21.19,0.95,4,-1,-1
67,68,803.51,399.62,31.01,19.92,0.36,4,-1,-1
67,75,709.57,462.35,24.23,21.35,0.91,4,-1,-1
67,76,720.34,450.25,23.85,22.40,0.64,4,-1,-1
67,92,919.98,405.49,19.93,17.28,0.95,4,-1,-1
67,66,940.52,473.21,26.28,29.20,0.94,4,-1,-1
67,93,661.22,461.12,29.40,24.06,0.92,4,-1,-1
67,102,891.96,423.68,10.85,18.08,0.73,1,-1,-1
67,103,940.18,470.09,25.31,26.52,0.89,4,-1,-1
68,8,319.43,891.59,121.68,114.46,0.99,4,-1,-1
68,9,448.36,752.17,76.25,77.00,0.99,4,-1,-1
68,10,566.52,644.60,58.69,56.42,0.99,4,-1,-1
68,11,525.25,694.88,100.81,70.22,1.00,4,-1,-1
68,12,696.11,488.88,30.19,26.56,0.96,4,-1,-1
68,13,672.79,664.15,52.39,58.62,0.99,4,-1,-1
68,14,797.94,470.80,25.40,27.22,0.98,4,-1,-1
68,15,601.60,921.88,95.51,134.62,1.00,4,-1,-1
68,19,856.41,416.72,19.55,18.42,0.95,4,-1,-1
68,20,835.64,508.14,13.26,25.95,0.99,1,-1,-1
68,22,854.70,451.16,24.41,24.70,0.98,4,-1,-1
68,23,910.04,438.35,20.49,21.87,0.98,4,-1,-1
68,24,946.05,486.18,27.43,26.05,0.99,4,-1,-1
68,25,910.65,524.85,32.50,33.43,1.00,4,-1,-1
68,26,960.57,524.17,32.58,30.58,1.00,4,-1,-1
68,27,850.89,539.24,38.80,42.15,0.99,4,-1,-1
68,28,1022.24,520.51,57.93,29.79,0.99,4,-1,-1
68,29,1025.73,751.97,65.33,80.05,0.58,4,-1,-1
68,30,1043.02,819.28,79.00,90.55,0.99,4,-1,-1
68,41,938.97,446.96,20.72,23.45,0.36,4,-1,-1
68,43,781.59,443.72,23.02,21.15,0.97,4,-1,-1
68,44,807.52,793.63,64.08,78.59,1.00,4,-1,-1
68,47,860.29,403.49,18.05,17.41,0.95,4,-1,-1
68,48,774.08,460.52,24.88,23.27,0.98,4,-1,-1
68,55,618.58,557.97,50.09,49.83,0.94,4,-1,-1
68,59,663.50,539.85,34.97,32.79,0.99,4,-1,-1
68,60,803.24,422.23,20.98,18.94,0.91,4,-1,-1
68,61,675.93,513.57,30.37,30.42,0.97,4,-1,-1
68,62,811.71,446.94,23.02,22.33,0.99,4,-1,-1
68,65,706.29,476.47,26.15,21.53,0.89,4,-1,-1
68,68,809.28,401.27,29.80,19.11,0.66,4,-1,-1
68,75,714.09,463.15,24.98,21.62,0.89,4,-1,-1
68,76,725.43,451.19,24.04,22.41,0.54,4,-1,-1
68,92,930.02,406.32,18.09,17.01,0.88,4,-1,-1
68,66,945.61,472.18,24.92,26.81,0.69,4,-1,-1
68,93,665.85,462.33,29.26,24.07,0.86,4,-1,-1
68,102,896.87,424.56,10.87,18.62,0.64,1,-1,-1
69,8,304.20,903.80,125.05,118.65,0.98,4,-1,-1
69,9,440.12,760.01,77.78,78.32,0.99,4,-1,-1
69,10,563.13,650.13,59.91,56.90,0.99,4,-1,-1
69,11,517.82,700.66,104.73,72.02,1.00,4,-1,-1
69,12,697.18,490.33,30.22,26.56,0.99,4,-1,-1
69,13,666.99,676.15,54.08,61.04,1.00,4,-1,-1
69,14,799.58,473.11,26.21,27.65,0.99,4,-1,-1
69,15,582.21,955.87,102.00,124.86,0.90,4,-1,-1
69,19,859.32,416.78,20.18,18.56,0.97,4,-1,-1
69,20,837.26,509.90,13.30,26.37,0.99,1,-1,-1
69,22,857.73,451.44,24.22,24.71,0.98,4,-1,-1
69,23,913.87,438.59,20.49,21.78,1.00,4,-1,-1
69,24,949.41,487.43,27.71,26.42,0.99,4,-1,-1
69,25,913.15,526.26,32.52,33.32,1.00,4,-1,-1
69,26,963.38,526.55,33.41,30.79,1.00,4,-1,-1
69,27,852.59,540.30,37.70,42.64,1.00,4,-1,-1
69,28,1025.55,522.76,58.86,30.50,0.99,4,-1,-1
69,29,1027.84,760.19,66.21,80.32,0.71,4,-1,-1
69,30,1045.99,831.82,78.31,91.25,1.00,4,-1,-1
69,41,942.30,448.42,21.38,23.91,0.44,4,-1,-1
69,43,784.20,445.25,23.02,21.56,0.95,4,-1,-1
69,44,806.64,792.02,63.86,79.06,1.00,4,-1,-1
69,47,864.31,404.02,17.20,17.01,0.93,4,-1,-1
69,48,775.61,462.17,25.27,24.29,0.99,4,-1,-1
69,55,618.41,561.65,50.64,50.52,0.98,4,-1,-1
69,59,663.38,542.13,35.10,33.06,0.98,4,-1,-1
69,60,806.15,423.66,20.72,19.21,0.73,4,-1,-1
69,61,676.98,516.12,30.31,29.51,0.98,4,-1,-1
69,62,814.43,448.53,23.03,22.79,0.98,4,-1,-1
69,65,707.50,478.35,27.29,22.07,0.96,4,-1,-1
69,68,811.50,400.73,29.32,19.64,0.64,4,-1,-1
69,75,716.21,464.37,25.28,22.13,0.92,4,-1,-1
69,76,726.93,451.86,24.94,23.22,0.87,4,-1,-1
69,66,949.27,472.79,24.40,25.81,0.21,4,-1,-1
69,93,667.19,463.30,30.03,24.09,0.92,4,-1,-1
69,102,900.22,425.11,10.89,18.29,0.61,10,-1,-1
69,104,741.29,434.23,25.31,24.11,0.61,4,-1,-1
69,105,900.40,423.98,10.85,18.08,0.65,3,-1,-1
70,8,286.75,917.71,129.00,122.55,0.99,4,-1,-1
70,9,429.83,768.30,79.97,80.37,1.00,4,-1,-1
70,10,556.39,654.34,63.56,59.44,0.99,4,-1,-1
70,11,509.80,707.74,108.02,72.66,0.99,4,-1,-1
70,12,697.18,492.14,31.05,26.96,0.91,4,-1,-1
70,13,658.97,689.39,57.09,64.29,1.00,4,-1,-1
70,14,800.21,475.99,26.53,27.81,0.98,4,-1,-1
70,15,566.93,992.94,102.90,96.29,0.79,4,-1,-1
70,19,861.60,416.83,20.42,18.62,0.97,4,-1,-1
70,20,838.33,512.38,12.53,26.52,0.99,1,-1,-1
70,22,859.69,451.39,24.98,24.71,0.97,4,-1,-1
70,23,916.51,438.70,20.51,21.74,0.99,4,-1,-1
70,24,951.10,489.87,27.83,25.75,0.94,4,-1,-1
70,25,914.56,527.82,32.55,33.27,0.99,4,-1,-1
70,26,965.71,529.02,32.94,30.86,1.00,4,-1,-1
70,27,852.95,541.37,37.34,42.82,0.99,4,-1,-1
70,28,1028.46,524.95,59.23,31.15,1.00,4,-1,-1
70,29,1028.43,768.37,70.58,84.34,0.95,4,-1,-1
70,30,1046.95,843.23,80.44,94.61,1.00,4,-1,-1
70,41,944.78,449.15,21.64,24.48,0.51,4,-1,-1
70,43,784.76,447.24,23.83,21.71,0.95,4,-1,-1
70,44,804.99,791.27,63.83,78.44,1.00,4,-1,-1
70,47,866.59,404.63,17.74,16.86,0.91,4,-1,-1
70,48,775.76,464.41,26.22,25.06,0.98,4,-1,-1
70,55,615.80,564.34,51.07,51.17,0.94,4,-1,-1
70,59,662.17,544.88,35.96,33.56,0.98,4,-1,-1
70,60,807.61,425.21,21.44,19.71,0.88,4,-1,-1
70,61,676.19,518.57,30.29,29.55,0.98,4,-1,-1
70,62,815.84,450.33,23.04,22.96,0.95,4,-1,-1
70,65,707.53,480.12,27.74,22.27,0.80,4,-1,-1
70,68,811.92,402.58,29.96,18.61,0.52,4,-1,-1
70,75,716.17,465.70,26.20,22.31,0.84,4,-1,-1
70,76,728.66,453.38,24.49,23.52,0.41,4,-1,-1
70,66,951.08,476.09,25.87,29.18,0.84,4,-1,-1
70,93,668.50,464.74,29.51,24.09,0.88,4,-1,-1
70,106,1056.50,543.92,59.06,28.33,0.70,4,-1,-1
71,8,266.61,930.98,134.75,128.00,0.99,4,-1,-1
71,9,418.81,775.67,82.68,83.56,0.99,4,-1,-1
71,10,550.66,659.54,64.70,60.44,0.99,4,-1,-1
71,11,502.21,713.58,109.97,75.34,1.00,4,-1,-1
71,12,695.99,494.04,31.34,27.13,0.98,4,-1,-1
71,13,649.21,703.08,60.52,67.90,0.99,4,-1,-1
71,14,800.06,478.13,26.62,28.68,0.99,4,-1,-1
71,19,864.09,417.21,19.69,18.25,0.95,4,-1,-1
71,20,838.75,514.21,12.20,26.18,0.99,1,-1,-1
71,22,860.83,451.14,25.25,25.14,0.97,4,-1,-1
71,23,918.69,438.95,20.50,21.73,0.98,4,-1,-1
71,24,952.91,491.98,27.04,25.50,0.99,4,-1,-1
71,25,915.47,528.97,32.54,33.26,1.00,4,-1,-1
71,26,967.34,531.33,32.72,31.30,1.00,4,-1,-1
71,27,852.67,542.31,37.20,42.91,0.99,4,-1,-1
71,28,1030.30,527.20,60.13,31.82,1.00,4,-1,-1
71,29,1029.24,777.71,71.36,86.68,0.91,4,-1,-1
71,30,1047.85,855.73,81.93,99.05,0.99,4,-1,-1
71,41,946.90,450.62,20.90,24.31,0.38,4,-1,-1
71,43,785.00,449.25,24.12,21.77,0.96,4,-1,-1
71,44,802.69,791.02,63.78,77.44,1.00,4,-1,-1
71,47,868.25,405.02,17.92,16.41,0.90,4,-1,-1
71,48,776.24,466.70,25.76,24.97,0.99,4,-1,-1
71,55,611.62,566.67,53.19,52.23,0.98,4,-1,-1
71,59,659.73,547.87,37.05,33.77,0.98,4,-1,-1
71,60,808.58,426.28,21.69,20.31,0.90,4,-1,-1
71,61,674.70,520.47,31.07,30.39,0.99,4,-1,-1
71,62,816.38,452.89,23.02,22.63,0.95,4,-1,-1
71,65,706.77,481.39,27.88,21.95,0.96,4,-1,-1
71,68,812.94,402.78,29.38,18.64,0.53,4,-1,-1
71,75,715.78,466.63,27.33,22.80,0.94,4,-1,-1
71,76,728.53,454.40,25.10,23.64,0.73,4,-1,-1
71,66,952.14,477.10,26.38,28.03,0.61,4,-1,-1
71,93,667.85,465.68,30.08,24.94,0.90,4,-1,-1
71,106,1058.66,546.87,57.34,27.98,0.84,4,-1,-1
72,8,245.17,947.06,138.71,129.35,0.99,4,-1,-1
72,9,405.79,785.38,84.62,85.59,0.99,4,-1,-1
72,10,543.02,665.10,66.39,62.40,0.99,4,-1,-1
72,11,492.31,721.81,112.41,76.35,1.00,4,-1,-1
72,12,694.84,496.14,31.49,27.20,0.96,4,-1,-1
72,13,638.16,718.07,63.50,71.66,1.00,4,-1,-1
72,14,798.59,481.22,27.50,29.02,0.99,4,-1,-1
72,19,864.84,417.60,19.44,18.12,0.93,4,-1,-1
72,20,837.61,516.40,12.11,26.47,0.99,1,-1,-1
72,22,861.48,451.34,24.58,24.90,0.96,4,-1,-1
72,23,920.19,438.88,20.53,22.15,0.99,4,-1,-1
72,24,953.14,493.80,27.59,25.83,0.98,4,-1,-1
72,25,915.37,530.51,32.59,33.27,1.00,4,-1,-1
72,26,967.14,533.65,33.51,31.88,1.00,4,-1,-1
72,27,851.74,543.65,37.23,42.96,1.00,4,-1,-1
72,28,1031.02,529.66,61.35,32.47,0.99,4,-1,-1
72,29,1029.76,787.39,70.96,88.38,0.92,4,-1,-1
72,30,1047.67,868.25,84.21,104.71,0.99,4,-1,-1
72,43,784.02,451.28,24.26,21.80,0.97,4,-1,-1
72,44,799.14,790.68,64.71,76.32,1.00,4,-1,-1
72,47,869.07,404.54,18.03,17.10,0.81,4,-1,-1
72,48,774.58,469.46,26.42,24.94,0.98,4,-1,-1
72,55,608.51,569.04,54.07,53.45,0.98,4,-1,-1
72,59,656.51,550.64,37.52,34.67,0.99,4,-1,-1
72,60,808.27,428.33,22.62,20.54,0.91,4,-1,-1
72,61,671.84,523.00,31.41,30.72,0.97,4,-1,-1
72,62,815.56,454.71,23.86,23.72,0.98,4,-1,-1
72,65,705.76,482.63,27.97,22.65,0.90,4,-1,-1
72,68,812.30,403.51,30.00,19.07,0.53,4,-1,-1
72,75,714.09,467.93,27.01,23.38,0.85,4,-1,-1
72,76,727.36,455.73,25.36,23.68,0.40,4,-1,-1
72,66,952.45,478.06,26.61,27.13,0.35,4,-1,-1
72,93,665.66,467.42,31.14,25.26,0.86,4,-1,-1
72,106,1059.23,550.25,60.86,29.81,0.70,4,-1,-1
73,8,224.58,963.19,141.97,120.83,0.99,4,-1,-1
73,9,392.57,794.96,86.81,87.00,0.98,4,-1,-1
73,10,535.91,670.12,67.33,63.83,1.00,4,-1,-1
73,11,481.50,729.36,115.94,78.16,1.00,4,-1,-1
73,12,692.44,497.88,32.32,27.59,0.98,4,-1,-1
73,13,624.75,733.95,66.90,74.54,0.99,4,-1,-1
73,14,796.32,483.71,27.80,29.49,0.98,4,-1,-1
73,19,864.87,417.79,19.33,18.46,0.96,4,-1,-1
73,20,835.84,517.91,12.90,27.35,0.99,1,-1,-1
73,22,861.55,451.44,24.29,24.78,0.98,4,-1,-1
73,23,920.02,439.07,21.34,22.28,0.99,4,-1,-1
73,24,952.89,495.38,27.77,26.32,1.00,4,-1,-1
73,25,914.29,531.56,33.40,34.04,1.00,4,-1,-1
73,26,966.73,535.76,33.76,32.44,1.00,4,-1,-1
73,27,850.48,544.44,37.23,43.32,1.00,4,-1,-1
73,28,1031.66,531.80,60.92,32.66,1.00,4,-1,-1
73,29,1028.45,796.80,70.68,91.23,0.98,4,-1,-1
73,30,1046.88,880.54,84.96,108.28,1.00,4,-1,-1
73,43,782.75,453.23,24.28,22.59,0.98,4,-1,-1
73,44,795.88,789.44,64.19,76.66,1.00,4,-1,-1
73,47,869.12,404.64,18.05,17.32,0.83,4,-1,-1
73,48,773.05,471.85,26.63,25.28,0.98,4,-1,-1
73,55,602.78,573.39,55.12,54.62,0.94,4,-1,-1
73,59,653.03,553.36,37.64,34.55,0.98,4,-1,-1
73,60,807.97,429.92,22.15,20.59,0.94,4,-1,-1
73,61,669.25,525.07,30.69,30.80,0.98,4,-1,-1
73,62,814.28,456.58,24.14,24.48,0.98,4,-1,-1
73,65,703.79,484.47,28.76,23.28,0.92,4,-1,-1
73,68,811.09,402.82,31.00,20.43,0.47,4,-1,-1
73,75,712.26,469.62,27.63,23.17,0.84,4,-1,-1
73,76,726.49,457.04,25.43,24.06,0.21,4,-1,-1
73,66,952.65,479.14,25.86,26.74,0.74,4,-1,-1
73,93,662.90,468.47,31.49,25.74,0.86,4,-1,-1
73,106,1059.88,552.87,57.23,29.87,0.97,4,-1,-1
74,8,208.23,979.31,142.44,105.73,0.93,4,-1,-1
74,9,378.50,803.29,90.66,90.62,1.00,4,-1,-1
74,10,528.33,674.97,68.75,65.10,0.99,4,-1,-1
74,11,471.39,734.66,118.68,81.17,1.00,4,-1,-1
74,12,689.79,498.39,33.38,28.52,0.98,4,-1,-1
74,13,611.94,750.23,70.62,78.68,0.99,4,-1,-1
74,14,794.83,485.73,27.86,30.45,0.98,4,-1,-1
74,19,865.34,417.70,19.27,18.99,0.96,4,-1,-1
74,20,834.47,519.97,13.16,27.26,0.97,1,-1,-1
74,22,861.22,451.29,24.98,25.13,0.98,4,-1,-1
74,23,921.17,438.98,20.81,22.31,0.99,4,-1,-1
74,24,953.58,496.52,26.98,26.49,0.99,4,-1,-1
74,25,913.90,532.69,33.66,34.71,1.00,4,-1,-1
74,26,966.95,538.86,33.00,31.43,1.00,4,-1,-1
74,27,848.89,545.04,37.20,43.42,1.00,4,-1,-1
74,28,1032.21,534.35,61.47,32.70,1.00,4,-1,-1
74,29,1026.99,805.67,74.49,95.37,0.94,4,-1,-1
74,30,1045.98,893.13,85.88,112.66,0.99,4,-1,-1
74,43,781.64,455.08,25.05,22.87,0.97,4,-1,-1
74,44,792.83,789.81,63.91,75.94,1.00,4,-1,-1
74,47,869.61,404.72,18.04,17.40,0.84,4,-1,-1
74,48,771.06,474.45,26.67,25.39,0.97,4,-1,-1
74,55,598.00,576.57,56.43,55.42,0.86,4,-1,-1
74,59,649.24,555.96,38.42,34.88,0.99,4,-1,-1
74,60,807.21,430.68,22.73,21.40,0.87,4,-1,-1
74,61,666.15,527.06,31.18,31.21,0.99,4,-1,-1
74,62,813.54,458.40,24.21,24.75,0.97,4,-1,-1
74,65,701.69,485.64,29.02,23.50,0.94,4,-1,-1
74,68,809.99,403.38,31.34,20.13,0.30,4,-1,-1
74,75,710.60,470.55,27.83,23.06,0.94,4,-1,-1
74,76,725.17,457.45,25.42,23.78,0.50,4,-1,-1
74,66,952.71,479.92,25.53,26.99,0.71,4,-1,-1
74,93,660.56,469.55,32.37,25.91,0.86,4,-1,-1
74,106,1061.20,555.53,58.60,30.70,0.97,4,-1,-1
75,8,190.00,996.32,142.15,87.89,0.90,4,-1,-1
75,9,363.91,813.02,93.97,93.44,1.00,4,-1,-1
75,10,519.67,680.41,70.38,66.27,0.99,4,-1,-1
75,11,463.08,742.54,117.97,81.40,0.99,4,-1,-1
75,12,687.03,500.44,33.75,28.04,0.97,4,-1,-1
75,13,597.17,767.99,73.33,82.49,0.99,4,-1,-1
75,14,791.98,489.12,28.66,29.97,0.99,4,-1,-1
75,19,865.50,418.04,19.24,18.76,0.92,4,-1,-1
75,20,832.85,522.59,12.45,26.38,0.94,1,-1,-1
75,22,860.72,451.19,25.21,25.23,0.98,4,-1,-1
75,23,921.12,439.10,20.58,22.30,0.98,4,-1,-1
75,24,952.97,498.40,27.48,26.92,0.98,4,-1,-1
75,25,912.55,534.14,33.73,34.92,0.99,4,-1,-1
75,26,965.74,541.43,33.50,31.39,1.00,4,-1,-1
75,27,847.19,545.91,37.17,43.41,1.00,4,-1,-1
75,28,1032.26,536.88,61.61,33.07,1.00,4,-1,-1
75,29,1026.36,816.66,73.45,96.03,0.28,4,-1,-1
75,30,1045.17,906.58,88.51,116.51,0.95,4,-1,-1
75,43,780.14,457.06,24.51,22.94,0.99,4,-1,-1
75,44,789.54,787.65,63.77,76.45,1.00,4,-1,-1
75,47,869.76,404.72,18.03,17.41,0.77,4,-1,-1
75,48,768.84,476.89,27.45,25.39,0.98,4,-1,-1
75,55,593.00,579.54,56.85,56.04,0.58,5,-1,-1
75,59,645.33,558.52,38.67,35.37,0.99,4,-1,-1
75,60,806.18,432.48,22.92,21.67,0.90,4,-1,-1
75,61,663.27,529.65,31.33,31.32,0.98,4,-1,-1
75,62,811.73,460.76,24.21,24.82,0.96,4,-1,-1
75,65,699.12,486.96,29.88,23.55,0.91,4,-1,-1
75,68,808.86,404.18,31.43,20.38,0.31,4,-1,-1
75,75,709.38,471.20,27.86,23.80,0.93,4,-1,-1
75,76,723.23,458.12,26.19,24.04,0.15,4,-1,-1
75,66,952.67,481.50,25.38,28.69,0.50,4,-1,-1
75,93,658.35,470.87,32.66,25.94,0.86,4,-1,-1
75,106,1061.00,558.73,63.39,31.35,0.98,4,-1,-1
76,8,171.10,1015.80,140.49,66.56,0.50,4,-1,-1
76,9,347.35,823.93,97.14,95.23,0.98,4,-1,-1
76,10,510.31,686.24,72.54,67.45,0.99,4,-1,-1
76,11,450.36,750.46,121.96,83.79,1.00,4,-1,-1
76,12,684.06,502.34,33.87,28.65,0.98,4,-1,-1
76,13,580.23,787.70,77.61,88.53,1.00,4,-1,-1
76,14,788.96,492.49,28.94,30.56,0.99,4,-1,-1
76,19,864.30,418.33,20.05,19.08,0.94,4,-1,-1
76,20,830.26,524.66,12.99,26.86,0.98,1,-1,-1
76,22,860.12,451.53,24.48,25.26,0.99,4,-1,-1
76,23,920.64,439.52,20.49,22.28,0.99,4,-1,-1
76,24,951.49,499.99,28.46,27.48,1.00,4,-1,-1
76,25,911.25,535.19,33.74,35.78,1.00,4,-1,-1
76,26,964.47,543.65,34.49,32.58,1.00,4,-1,-1
76,27,844.58,546.77,37.99,43.79,0.99,4,-1,-1
76,28,1031.42,539.50,63.24,33.59,0.99,4,-1,-1
76,30,1044.08,921.10,91.04,119.45,0.90,4,-1,-1
76,43,777.58,458.91,25.10,23.36,0.97,4,-1,-1
76,44,784.44,786.84,65.36,77.46,1.00,4,-1,-1
76,47,869.37,404.48,18.03,17.82,0.81,4,-1,-1
76,48,765.66,479.29,27.73,26.19,0.97,4,-1,-1
76,55,586.70,582.52,57.17,56.63,0.70,4,-1,-1
76,59,640.80,561.16,38.75,36.34,0.99,4,-1,-1
76,60,804.19,434.28,22.98,22.16,0.88,4,-1,-1
76,61,659.48,532.53,31.38,31.35,0.96,4,-1,-1
76,62,809.05,462.95,25.00,25.63,0.96,4,-1,-1
76,65,696.22,488.37,30.98,24.36,0.95,4,-1,-1
76,68,807.25,405.44,32.25,19.66,0.44,4,-1,-1
76,75,707.37,472.37,27.86,24.06,0.95,4,-1,-1
76,76,719.75,460.12,28.07,23.72,0.23,4,-1,-1
76,66,951.40,482.78,26.14,28.11,0.50,4,-1,-1
76,93,656.01,472.10,32.75,25.94,0.84,4,-1,-1
76,106,1060.85,561.34,63.33,31.54,0.99,4,-1,-1
76,107,233.84,812.41,125.96,57.86,0.65,4,-1,-1
77,8,149.22,1036.67,140.62,43.84,0.20,4,-1,-1
77,9,330.82,834.83,100.23,98.95,0.99,4,-1,-1
77,10,500.82,692.57,73.68,68.61,0.99,4,-1,-1
77,11,436.55,759.09,126.12,86.18,1.00,4,-1,-1
77,12,681.08,504.17,34.69,28.85,0.97,4,-1,-1
77,13,561.49,808.39,83.25,95.38,0.99,4,-1,-1
77,14,785.49,495.23,29.83,31.55,1.00,4,-1,-1
77,19,863.43,418.43,20.33,19.19,0.91,4,-1,-1
77,20,827.76,526.51,13.18,28.23,0.99,1,-1,-1
77,22,859.48,452.04,24.19,24.85,0.98,4,-1,-1
77,23,920.81,440.26,19.64,21.86,0.99,4,-1,-1
77,24,950.89,502.48,28.02,26.86,0.99,4,-1,-1
77,25,909.97,536.47,33.74,36.08,1.00,4,-1,-1
77,26,963.55,546.32,34.04,32.60,1.00,4,-1,-1
77,27,842.48,547.81,37.47,43.10,1.00,4,-1,-1
77,28,1030.61,541.71,63.81,33.75,0.99,4,-1,-1
77,30,1042.86,936.68,91.93,121.98,0.99,4,-1,-1
77,43,775.49,461.32,24.50,23.49,0.98,4,-1,-1
77,44,780.74,786.45,65.92,76.17,1.00,4,-1,-1
77,47,868.37,404.78,18.02,17.97,0.71,4,-1,-1
77,48,762.54,482.09,27.82,26.46,0.97,4,-1,-1
77,55,580.00,585.49,57.04,58.80,0.68,4,-1,-1
77,59,637.30,564.22,38.74,37.07,1.00,4,-1,-1
77,60,803.06,435.70,22.98,22.72,0.95,4,-1,-1
77,61,654.60,534.29,32.18,32.55,1.00,4,-1,-1
77,62,806.89,465.68,25.28,25.51,0.98,4,-1,-1
77,65,693.66,489.83,31.37,24.64,0.91,4,-1,-1
77,68,805.08,407.13,32.54,18.55,0.40,4,-1,-1
77,75,703.91,473.96,28.64,24.53,0.97,4,-1,-1
77,76,718.12,460.82,27.20,24.39,0.74,4,-1,-1
77,66,950.88,485.21,26.41,27.44,0.57,4,-1,-1
77,93,652.47,473.72,33.55,25.92,0.80,4,-1,-1
77,106,1061.51,564.34,66.53,30.71,0.98,4,-1,-1
77,107,208.97,820.59,136.91,59.95,0.83,4,-1,-1
77,108,1136.05,1026.36,91.61,51.83,0.70,5,-1,-1
78,9,311.44,847.14,103.89,102.86,0.99,4,-1,-1
78,10,490.02,699.43,75.40,70.72,0.99,4,-1,-1
78,11,420.50,768.08,131.04,90.35,0.99,4,-1,-1
78,12,676.89,506.27,35.05,28.97,0.97,4,-1,-1
78,13,539.92,832.84,89.03,102.80,0.99,4,-1,-1
78,14,781.70,498.41,30.21,31.97,0.97,4,-1,-1
78,19,861.88,418.15,20.48,19.66,0.94,4,-1,-1
78,20,824.81,529.44,13.28,28.38,0.98,1,-1,-1
78,22,858.04,452.20,24.13,25.15,0.96,4,-1,-1
78,23,919.74,440.26,20.19,22.55,0.96,4,-1,-1
78,24,949.63,504.00,29.51,28.29,0.99,4,-1,-1
78,25,908.00,537.83,34.60,36.64,1.00,4,-1,-1
78,26,961.80,548.98,35.54,33.45,1.00,4,-1,-1
78,27,839.73,548.91,38.17,43.31,1.00,4,-1,-1
78,28,1030.19,544.79,65.72,33.86,0.99,4,-1,-1
78,30,1041.98,953.22,93.18,122.29,0.99,4,-1,-1
78,43,772.17,463.75,25.12,23.98,0.97,4,-1,-1
78,44,776.57,787.16,65.45,75.84,1.00,4,-1,-1
78,47,866.38,405.38,18.87,18.45,0.73,4,-1,-1
78,48,758.82,485.69,27.89,26.20,0.98,4,-1,-1
78,55,571.50,588.93,61.89,61.68,0.81,4,-1,-1
78,59,630.48,567.46,40.40,37.80,0.99,4,-1,-1
78,60,800.93,437.13,23.02,23.76,0.63,4,-1,-1
78,61,648.89,537.20,34.14,33.05,0.98,4,-1,-1
78,62,804.40,468.44,25.42,25.89,0.94,4,-1,-1
78,65,689.63,491.37,31.57,24.78,0.82,4,-1,-1
78,68,803.38,407.38,32.69,19.00,0.13,4,-1,-1
78,75,699.96,475.53,29.77,25.15,0.95,4,-1,-1
78,76,714.87,462.43,27.67,24.68,0.43,4,-1,-1
78,66,949.23,486.68,27.36,26.83,0.32,4,-1,-1
78,93,648.82,475.70,33.10,26.35,0.75,4,-1,-1
78,106,1060.87,567.92,71.02,31.68,0.99,4,-1,-1
78,107,186.09,830.93,143.36,63.22,0.69,4,-1,-1
79,9,292.58,859.35,108.57,105.07,0.99,4,-1,-1
79,10,479.65,705.87,77.12,71.48,0.99,4,-1,-1
79,11,408.59,776.41,132.75,93.48,1.00,4,-1,-1
79,12,673.00,508.03,35.94,29.40,0.98,4,-1,-1
79,13,517.22,858.62,95.77,112.52,0.99,4,-1,-1
79,14,778.68,501.59,30.31,32.91,0.98,4,-1,-1
79,19,861.22,418.59,20.51,19.43,0.95,4,-1,-1
79,20,821.66,531.54,14.10,29.22,0.98,1,-1,-1
79,22,857.02,452.58,24.09,24.85,0.95,4,-1,-1
79,23,918.40,440.61,21.18,22.40,0.98,4,-1,-1
79,24,949.00,505.05,29.23,29.20,1.00,4,-1,-1
79,25,906.74,539.19,34.08,36.43,1.00,4,-1,-1
79,26,961.37,551.80,35.26,33.76,1.00,4,-1,-1
79,27,837.44,549.76,38.40,43.78,0.99,4,-1,-1
79,28,1029.81,547.40,66.38,34.29,0.99,4,-1,-1
79,30,1041.71,970.75,93.50,111.93,0.99,4,-1,-1
79,43,769.33,465.27,25.32,24.95,0.97,4,-1,-1
79,44,773.83,786.77,65.19,75.72,1.00,4,-1,-1
79,47,865.96,405.94,18.36,17.83,0.82,4,-1,-1
79,48,755.45,488.23,27.88,26.89,0.98,4,-1,-1
79,55,563.55,592.46,65.38,64.91,0.84,4,-1,-1
79,59,624.45,570.16,41.77,38.86,0.99,4,-1,-1
79,60,798.49,439.30,23.81,23.75,0.71,4,-1,-1
79,61,644.85,539.22,34.05,34.02,0.97,4,-1,-1
79,62,801.84,471.09,25.44,26.02,0.98,4,-1,-1
79,65,686.58,492.93,32.39,25.62,0.89,4,-1,-1
79,75,697.34,476.72,30.17,25.77,0.95,4,-1,-1
79,76,712.09,463.07,27.82,25.17,0.54,4,-1,-1
79,66,948.87,487.70,26.89,25.77,0.20,4,-1,-1
79,93,645.16,477.03,33.68,26.91,0.89,4,-1,-1
79,106,1060.74,570.87,71.82,32.02,0.99,4,-1,-1
79,107,164.11,843.71,148.20,64.26,0.81,4,-1,-1
80,9,272.11,872.57,113.30,109.19,0.99,4,-1,-1
80,10,469.43,713.22,78.24,72.64,0.99,4,-1,-1
80,11,391.01,785.71,139.43,97.17,1.00,4,-1,-1
80,12,668.99,509.65,37.11,30.42,0.99,4,-1,-1
80,13,492.18,887.43,101.97,120.37,1.00,4,-1,-1
80,14,775.56,504.92,30.37,33.70,0.99,4,-1,-1
80,19,860.67,418.47,20.55,19.78,0.95,4,-1,-1
80,20,819.35,533.95,14.42,29.58,0.99,1,-1,-1
80,22,856.33,452.70,24.10,24.77,0.96,4,-1,-1
80,23,918.46,441.52,20.78,21.97,0.96,4,-1,-1
80,24,948.18,506.45,29.15,29.59,0.99,4,-1,-1
80,25,905.24,540.58,34.74,36.81,1.00,4,-1,-1
80,26,960.25,555.54,35.18,33.12,0.99,4,-1,-1
80,27,835.09,550.36,39.35,44.43,0.99,4,-1,-1
80,28,1030.39,549.85,65.89,34.91,1.00,4,-1,-1
80,30,1041.12,990.27,92.09,95.43,0.98,4,-1,-1
80,43,766.65,467.35,25.42,25.35,0.98,4,-1,-1
80,44,770.43,786.72,65.18,75.81,1.00,4,-1,-1
80,47,865.91,405.85,18.19,17.61,0.83,4,-1,-1
80,48,751.75,491.11,28.70,27.58,0.99,4,-1,-1
80,55,556.25,597.20,65.26,64.88,0.74,4,-1,-1
80,59,619.18,573.80,42.34,38.92,0.99,4,-1,-1
80,60,796.79,441.43,23.33,23.36,0.79,4,-1,-1
80,61,639.57,541.77,35.64,34.44,0.99,4,-1,-1
80,62,798.90,473.62,26.28,26.50,0.97,4,-1,-1
80,65,683.31,494.67,32.73,25.98,0.95,4,-1,-1
80,75,694.24,478.11,30.35,25.64,0.97,4,-1,-1
80,76,709.34,464.63,27.90,25.00,0.73,4,-1,-1
80,93,641.61,478.45,33.93,27.16,0.88,4,-1,-1
80,106,1061.85,574.27,73.75,33.01,0.99,4,-1,-1
80,107,133.61,854.43,159.60,69.92,0.62,4,-1,-1
81,9,254.15,885.35,116.06,111.28,0.98,4,-1,-1
81,10,459.37,719.80,80.46,75.28,0.99,4,-1,-1
81,11,376.80,794.82,144.43,99.91,1.00,4,-1,-1
81,12,665.88,511.52,37.48,30.73,0.99,4,-1,-1
81,13,467.34,918.08,108.41,128.53,0.99,4,-1,-1
81,14,771.76,508.59,31.94,33.92,0.98,4,-1,-1
81,19,860.41,418.67,20.52,19.87,0.92,4,-1,-1
81,20,817.39,536.23,14.51,30.45,0.98,1,-1,-1
81,22,855.63,452.94,23.26,24.70,0.98,4,-1,-1
81,23,917.91,442.06,20.58,21.76,0.99,4,-1,-1
81,24,947.69,508.39,29.06,29.27,0.96,4,-1,-1
81,25,903.80,541.89,34.92,36.86,1.00,4,-1,-1
81,26,960.05,558.46,35.08,33.60,0.99,4,-1,-1
81,27,833.88,551.18,38.03,43.77,0.99,4,-1,-1
81,28,1030.28,553.08,66.36,34.65,1.00,4,-1,-1
81,30,1041.86,1010.95,89.72,73.36,0.98,4,-1,-1
81,43,764.20,470.24,26.21,25.44,0.97,4,-1,-1
81,44,767.86,786.18,65.89,75.72,1.00,4,-1,-1
81,47,865.40,406.29,18.91,18.32,0.86,4,-1,-1
81,48,748.19,493.85,29.76,28.18,0.99,4,-1,-1
81,55,550.83,600.69,66.81,65.46,0.87,4,-1,-1
81,59,614.95,576.89,42.46,39.24,0.99,4,-1,-1
81,60,795.84,443.40,23.09,23.15,0.87,4,-1,-1
81,61,635.27,544.12,36.18,35.31,0.99,4,-1,-1
81,62,797.11,475.85,26.54,27.42,0.97,4,-1,-1
81,65,681.23,496.22,32.79,26.05,0.96,4,-1,-1
81,75,692.19,479.56,30.35,25.52,0.97,4,-1,-1
81,76,706.98,465.17,27.87,25.67,0.77,4,-1,-1
81,93,638.70,479.31,34.75,27.60,0.64,4,-1,-1
81,106,1062.26,577.38,72.68,32.88,1.00,4,-1,-1
81,107,106.21,866.47,172.11,70.83,0.97,4,-1,-1
81,29,1020.46,891.70,79.63,119.58,0.65,4,-1,-1
82,9,274.85,891.12,118.26,113.32,0.99,4,-1,-1
82,10,485.01,723.00,79.85,75.29,0.99,4,-1,-1
82,11,398.74,799.91,145.49,101.46,1.00,4,-1,-1
82,12,692.89,512.05,37.50,30.77,0.99,4,-1,-1
82,13,477.10,946.06,112.85,128.36,0.99,4,-1,-1
82,14,797.49,510.99,32.42,34.71,0.99,4,-1,-1
82,19,887.51,418.91,20.46,19.45,0.96,4,-1,-1
82,20,844.04,537.67,14.50,30.30,0.98,1,-1,-1
82,22,882.52,452.10,23.72,25.03,0.99,4,-1,-1
82,23,945.14,441.77,20.46,22.05,1.00,4,-1,-1
82,24,976.11,510.84,28.13,28.66,1.00,4,-1,-1
82,25,931.18,542.41,34.89,37.20,1.00,4,-1,-1
82,26,987.74,560.50,35.76,34.51,1.00,4,-1,-1
82,27,861.15,550.50,38.25,44.24,1.00,4,-1,-1
82,28,1059.02,555.69,67.15,34.87,1.00,4,-1,-1
82,30,1072.48,1030.57,81.21,50.07,0.40,4,-1,-1
82,43,790.41,472.27,26.43,25.41,0.99,4,-1,-1
82,44,796.44,782.88,65.17,74.72,1.00,4,-1,-1
82,47,892.44,406.22,18.32,17.73,0.83,4,-1,-1
82,48,774.04,496.12,30.07,27.94,0.99,4,-1,-1
82,55,577.34,601.33,67.57,64.89,0.98,4,-1,-1
82,59,641.31,577.26,42.37,39.66,0.99,4,-1,-1
82,60,821.64,444.76,23.75,23.41,0.95,4,-1,-1
82,61,661.93,544.72,36.26,35.55,0.99,4,-1,-1
82,62,823.46,478.00,26.56,27.30,0.98,4,-1,-1
82,65,707.78,496.67,33.50,26.00,0.94,4,-1,-1
82,75,719.11,479.43,30.25,25.81,0.98,4,-1,-1
82,76,734.94,465.14,26.97,25.86,0.75,4,-1,-1
82,93,665.87,479.55,34.16,27.29,0.81,4,-1,-1
82,106,1091.90,580.27,71.18,32.34,0.99,4,-1,-1
82,107,126.42,872.72,175.12,70.02,0.90,4,-1,-1
82,29,1050.94,906.07,85.60,132.16,0.78,4,-1,-1
82,109,864.84,407.41,18.08,18.08,0.76,4,-1,-1
82,110,913.66,397.47,24.11,16.88,0.70,4,-1,-1
82,111,1289.73,666.56,16.88,40.98,0.65,1,-1,-1
82,68,821.66,410.14,33.84,19.36,0.92,4,-1,-1
83,9,303.75,895.26,120.65,116.08,0.99,4,-1,-1
83,10,520.75,724.88,81.54,76.35,0.99,4,-1,-1
83,11,431.50,803.58,147.39,102.52,1.00,4,-1,-1
83,12,735.75,512.31,37.49,30.52,0.98,4,-1,-1
83,13,490.85,976.02,117.90,110.11,0.85,4,-1,-1
83,14,839.23,513.52,32.58,35.13,0.98,4,-1,-1
83,19,932.88,419.17,19.62,19.37,0.96,4,-1,-1
83,20,886.55,539.67,14.45,29.91,0.98,1,-1,-1
83,22,926.99,452.01,23.88,24.84,0.98,4,-1,-1
83,23,990.62,442.19,20.40,21.83,0.99,4,-1,-1
83,24,1019.90,512.22,28.60,28.94,0.98,4,-1,-1
83,25,974.10,544.25,34.87,37.05,0.99,4,-1,-1
83,26,1032.05,563.82,35.19,34.98,1.00,4,-1,-1
83,27,903.09,551.19,38.31,43.76,0.99,4,-1,-1
83,28,1103.86,559.96,69.09,35.96,1.00,4,-1,-1
83,43,833.59,474.02,26.50,25.49,0.99,4,-1,-1
83,44,835.91,780.98,64.88,74.64,1.00,4,-1,-1
83,47,937.35,405.96,18.92,17.98,0.92,4,-1,-1
83,48,816.22,497.96,30.17,28.35,0.99,4,-1,-1
83,55,616.54,601.51,69.39,66.90,0.98,4,-1,-1
83,59,681.73,577.64,43.92,39.97,0.98,4,-1,-1
83,60,866.01,446.09,23.18,23.20,0.95,4,-1,-1
83,61,703.35,544.79,37.07,36.17,0.98,4,-1,-1
83,62,866.34,480.28,26.55,27.35,0.98,4,-1,-1
83,65,750.53,496.52,34.56,26.90,0.93,4,-1,-1
83,75,762.84,479.06,30.20,26.03,0.97,4,-1,-1
83,76,778.25,465.22,29.08,25.63,0.45,4,-1,-1
83,93,709.58,479.21,33.92,27.29,0.74,4,-1,-1
83,106,1137.04,585.55,73.87,32.74,0.99,4,-1,-1
83,107,152.93,872.58,180.72,72.58,0.97,4,-1,-1
83,29,1090.78,922.48,88.18,141.73,0.84,4,-1,-1
83,109,910.10,407.32,19.07,18.65,0.59,4,-1,-1
83,110,958.11,397.91,24.15,16.97,0.89,4,-1,-1
83,111,1339.21,677.35,18.80,41.12,0.56,1,-1,-1
83,68,867.07,409.86,33.86,19.46,0.53,4,-1,-1
83,112,1157.75,600.27,80.16,30.74,0.73,4,-1,-1
84,9,316.87,901.62,122.47,118.54,0.98,4,-1,-1
84,10,539.47,729.23,82.33,77.43,0.99,4,-1,-1
84,11,447.44,809.17,148.71,104.24,1.00,4,-1,-1
84,12,759.38,513.68,38.36,31.17,0.98,4,-1,-1
84,14,862.13,516.71,33.51,36.04,0.99,4,-1,-1
84,19,959.35,419.38,20.18,19.32,0.96,4,-1,-1
84,20,911.02,542.63,14.49,29.75,0.91,1,-1,-1
84,22,953.64,452.34,23.19,24.34,0.98,4,-1,-1
84,23,1017.66,442.79,20.44,22.14,0.99,4,-1,-1
84,24,1045.68,514.32,29.64,29.82,0.99,4,-1,-1
84,25,999.56,546.06,34.94,36.96,1.00,4,-1,-1
84,26,1058.06,567.45,35.87,35.51,1.00,4,-1,-1
84,27,928.19,551.70,38.44,43.95,1.00,4,-1,-1
84,28,1131.33,564.02,70.71,36.28,1.00,4,-1,-1
84,43,858.13,476.72,27.39,25.48,0.99,4,-1,-1
84,44,858.45,779.67,65.77,75.40,1.00,4,-1,-1
84,47,963.73,406.55,19.17,18.06,0.90,4,-1,-1
84,48,840.03,500.53,31.07,29.27,0.98,4,-1,-1
84,55,637.35,605.03,67.84,67.58,0.94,4,-1,-1
84,59,704.19,579.55,44.58,41.23,0.99,4,-1,-1
84,60,890.92,447.78,23.83,23.49,0.96,4,-1,-1
84,61,726.52,546.13,38.24,36.76,0.99,4,-1,-1
84,62,890.80,482.72,27.41,27.73,0.97,4,-1,-1
84,65,775.31,497.49,34.23,27.20,0.97,4,-1,-1
84,75,787.54,480.13,30.24,26.07,0.98,4,-1,-1
84,76,803.67,466.04,28.32,25.91,0.81,4,-1,-1
84,93,735.07,480.38,33.89,27.25,0.75,4,-1,-1
84,106,1165.09,590.35,76.54,33.79,0.99,4,-1,-1
84,107,167.77,876.30,180.86,74.85,0.97,4,-1,-1
84,29,1115.35,940.10,93.36,138.65,0.88,4,-1,-1
84,109,936.62,408.10,19.30,19.23,0.68,4,-1,-1
84,110,984.99,398.05,24.20,16.98,0.33,4,-1,-1
84,111,1373.68,687.47,19.21,42.12,0.73,1,-1,-1
84,68,892.40,409.92,34.73,19.86,0.52,4,-1,-1
84,112,1186.47,606.17,89.59,33.32,0.86,4,-1,-1
85,9,348.88,905.34,124.36,120.14,1.00,4,-1,-1
85,10,577.78,731.58,82.39,77.76,1.00,4,-1,-1
85,11,482.49,812.53,149.80,106.40,1.00,4,-1,-1
85,12,802.84,514.11,37.79,31.40,0.99,4,-1,-1
85,14,903.58,520.25,34.56,36.74,0.99,4,-1,-1
85,19,1004.03,419.72,20.34,19.30,0.94,4,-1,-1
85,20,954.53,545.14,13.65,30.07,0.95,1,-1,-1
85,22,998.27,452.28,23.71,24.97,0.98,4,-1,-1
85,23,1062.39,443.68,21.23,22.25,0.99,4,-1,-1
85,24,1090.71,516.45,29.96,30.93,0.99,4,-1,-1
85,25,1043.71,548.04,35.71,36.89,1.00,4,-1,-1
85,26,1101.91,571.67,36.85,35.69,1.00,4,-1,-1
85,27,970.69,552.14,40.04,44.80,1.00,4,-1,-1
85,28,1177.22,568.87,71.98,37.20,1.00,4,-1,-1
85,43,901.42,478.77,27.66,25.86,0.98,4,-1,-1
85,44,899.19,778.37,65.96,76.46,1.00,4,-1,-1
85,47,1009.53,407.04,19.23,17.27,0.70,4,-1,-1
85,48,882.27,503.24,31.33,29.60,1.00,4,-1,-1
85,55,677.88,605.82,71.05,68.16,0.93,4,-1,-1
85,59,745.66,581.41,44.72,40.89,0.99,4,-1,-1
85,60,935.10,449.92,23.21,23.17,0.97,4,-1,-1
85,61,769.46,547.27,37.80,36.96,0.99,4,-1,-1
85,62,934.00,485.28,27.66,28.25,0.98,4,-1,-1
85,65,819.14,497.61,34.81,27.29,0.98,4,-1,-1
85,75,832.16,480.94,30.18,25.66,0.98,4,-1,-1
85,76,848.07,466.79,28.74,25.60,0.84,4,-1,-1
85,93,779.66,480.58,32.99,27.22,0.94,4,-1,-1
85,106,1211.52,596.43,81.76,35.01,0.99,4,-1,-1
85,107,206.56,876.18,177.40,76.49,0.99,4,-1,-1
85,29,1157.07,959.11,95.88,123.63,0.99,4,-1,-1
85,109,981.59,409.43,19.32,18.92,0.83,4,-1,-1
85,110,1030.40,398.02,23.19,17.42,0.87,4,-1,-1
85,111,1426.64,701.35,21.14,44.21,0.65,1,-1,-1
85,68,937.19,410.73,34.18,19.61,0.85,4,-1,-1
85,112,1233.62,612.17,93.18,35.72,0.86,4,-1,-1
85,113,710.56,520.11,66.29,38.57,0.69,5,-1,-1
85,114,867.86,445.68,28.93,24.11,0.75,4,-1,-1
85,115,890.76,427.30,33.75,21.70,0.83,4,-1,-1
85,116,1430.76,721.41,19.29,44.60,0.74,1,-1,-1
85,117,1500.67,852.79,74.73,48.21,0.86,10,-1,-1
85,118,1662.19,892.57,24.11,47.01,0.67,1,-1,-1
86,9,366.31,912.30,127.16,121.61,0.99,4,-1,-1
86,10,603.19,735.53,83.49,78.73,0.99,4,-1,-1
86,11,504.29,818.09,152.12,108.09,1.00,4,-1,-1
86,12,836.84,515.35,38.42,31.52,0.99,4,-1,-1
86,14,936.61,523.41,35.00,37.44,0.99,4,-1,-1
86,19,1041.50,420.02,20.43,19.31,0.96,4,-1,-1
86,20,988.69,547.58,13.35,30.21,0.82,1,-1,-1
86,22,1035.40,452.28,23.93,25.23,0.98,4,-1,-1
86,23,1100.01,444.42,21.55,22.72,0.99,4,-1,-1
86,24,1126.84,519.48,30.93,31.78,0.99,4,-1,-1
86,25,1079.11,549.88,36.04,37.72,1.00,4,-1,-1
86,26,1138.46,576.34,36.46,36.18,1.00,4,-1,-1
86,27,1005.83,553.24,39.88,45.58,0.99,4,-1,-1
86,28,1214.60,574.55,73.72,37.58,1.00,4,-1,-1
86,43,935.48,481.33,27.79,26.03,0.99,4,-1,-1
86,44,930.40,777.60,66.13,76.96,1.00,4,-1,-1
86,47,1047.44,406.99,19.28,16.58,0.70,4,-1,-1
86,48,915.13,506.29,31.46,29.75,0.98,4,-1,-1
86,55,708.81,606.90,71.52,69.03,0.83,4,-1,-1
86,59,776.91,582.67,45.62,41.98,0.99,4,-1,-1
86,60,970.26,451.91,23.82,23.48,0.97,4,-1,-1
86,61,802.45,548.62,37.65,37.06,0.99,4,-1,-1
86,62,968.47,488.03,27.79,28.87,0.99,4,-1,-1
86,65,853.35,498.53,35.06,27.35,0.99,4,-1,-1
86,75,866.21,481.90,30.20,25.52,0.98,4,-1,-1
86,76,882.91,467.31,28.13,26.31,0.95,4,-1,-1
86,93,814.42,481.32,33.52,27.23,0.83,4,-1,-1
86,106,1249.97,603.18,84.21,35.51,0.99,4,-1,-1
86,107,229.98,880.51,175.19,76.31,0.98,4,-1,-1
86,29,1188.56,983.24,96.99,101.89,0.99,4,-1,-1
86,109,1018.79,410.20,19.33,18.80,0.79,4,-1,-1
86,110,1067.26,398.59,22.90,17.56,0.80,4,-1,-1
86,111,1474.48,730.01,21.78,47.56,0.78,1,-1,-1
86,68,973.42,411.21,34.00,19.92,0.58,4,-1,-1
86,112,1272.42,619.79,81.62,33.80,0.95,4,-1,-1
86,113,736.45,520.35,74.21,39.77,0.53,5,-1,-1
86,114,903.58,446.59,28.03,24.71,0.70,4,-1,-1
86,115,928.04,428.41,32.87,21.82,0.85,4,-1,-1
86,117,1547.29,871.17,76.87,50.41,0.91,10,-1,-1
86,118,1715.12,916.12,26.07,48.17,0.87,1,-1,-1
86,119,896.79,458.94,26.52,22.90,0.74,4,-1,-1
87,9,364.20,922.57,131.07,125.92,1.00,4,-1,-1
87,10,611.66,741.70,85.17,79.78,1.00,4,-1,-1
87,11,507.00,826.53,155.25,110.87,1.00,4,-1,-1
87,12,853.76,517.12,37.88,31.91,0.96,4,-1,-1
87,14,952.77,528.12,35.20,37.65,1.00,4,-1,-1
87,19,1061.55,420.21,20.49,19.70,0.96,4,-1,-1
87,20,1004.88,551.01,14.10,31.05,0.91,1,-1,-1
87,22,1055.37,452.99,24.05,24.90,0.98,4,-1,-1
87,23,1120.95,445.51,20.89,22.47,0.98,4,-1,-1
87,24,1146.16,522.78,31.32,32.07,0.99,4,-1,-1
87,25,1097.77,552.40,35.40,37.58,0.99,4,-1,-1
87,26,1157.54,580.61,37.16,37.73,1.00,4,-1,-1
87,27,1023.18,554.59,40.68,45.83,1.00,4,-1,-1
87,28,1235.22,579.72,76.01,38.23,1.00,4,-1,-1
87,43,952.75,484.25,27.87,26.46,0.98,4,-1,-1
87,44,944.61,778.27,67.10,77.09,1.00,4,-1,-1
87,47,1068.85,407.85,19.32,17.57,0.78,4,-1,-1
87,48,931.60,510.20,31.53,30.15,0.97,4,-1,-1
87,55,722.31,610.52,71.74,68.65,0.46,4,-1,-1
87,59,791.32,586.08,45.99,41.54,0.99,4,-1,-1
87,60,988.75,454.37,24.07,23.56,0.96,4,-1,-1
87,61,817.83,551.26,37.63,37.04,0.98,4,-1,-1
87,62,985.90,491.38,27.86,29.07,0.99,4,-1,-1
87,65,871.09,500.76,34.37,27.32,0.97,4,-1,-1
87,75,883.47,483.53,31.04,25.84,0.99,4,-1,-1
87,76,900.80,468.76,27.92,26.54,0.94,4,-1,-1
87,93,831.98,482.52,32.93,27.20,0.84,4,-1,-1
87,106,1270.99,608.71,88.32,36.99,1.00,4,-1,-1
87,107,226.80,889.59,180.82,77.55,0.86,4,-1,-1
87,29,1203.85,1005.43,97.93,79.56,0.98,4,-1,-1
87,109,1038.76,411.52,19.35,18.74,0.65,4,-1,-1
87,110,1087.10,399.17,22.84,17.56,0.86,4,-1,-1
87,111,1504.60,750.00,20.33,47.85,0.63,1,-1,-1
87,68,992.22,411.94,34.75,20.00,0.64,4,-1,-1
87,112,1292.09,625.48,87.12,34.73,0.94,4,-1,-1
87,113,757.66,522.25,69.50,39.08,0.39,5,-1,-1
87,114,922.32,448.25,27.88,24.38,0.78,4,-1,-1
87,115,948.50,429.63,31.79,20.91,0.92,4,-1,-1
87,117,1579.58,893.23,77.37,49.95,0.93,10,-1,-1
87,119,915.61,461.11,26.60,23.01,0.83,4,-1,-1
87,120,1085.42,385.71,16.88,15.67,0.83,4,-1,-1
87,121,1099.29,430.01,12.05,19.29,0.63,1,-1,-1
87,122,1387.37,779.26,135.00,63.88,0.75,4,-1,-1
87,123,1500.67,726.83,19.29,47.01,0.85,1,-1,-1
88,9,350.60,935.37,136.14,127.47,0.99,4,-1,-1
88,10,608.59,748.53,87.03,81.70,1.00,4,-1,-1
88,11,498.89,836.63,160.22,113.39,1.00,4,-1,-1
88,12,859.60,519.03,38.49,32.04,0.99,4,-1,-1
88,14,957.56,532.64,36.08,38.10,0.99,4,-1,-1
88,19,1070.91,420.43,20.53,20.25,0.98,4,-1,-1
88,20,1011.79,553.20,14.39,31.76,0.94,1,-1,-1
88,22,1064.33,453.62,24.12,24.35,0.98,4,-1,-1
88,23,1131.05,446.44,20.65,22.37,0.98,4,-1,-1
88,24,1154.50,526.10,32.29,31.75,0.99,4,-1,-1
88,25,1105.49,554.05,35.99,37.92,1.00,4,-1,-1
88,26,1166.27,584.85,38.24,38.29,1.00,4,-1,-1
88,27,1030.47,555.88,41.01,45.50,1.00,4,-1,-1
88,28,1244.88,583.45,77.29,39.23,0.99,4,-1,-1
88,43,959.52,486.89,27.90,27.00,0.98,4,-1,-1
88,44,950.50,778.66,67.51,76.30,1.00,4,-1,-1
88,47,1077.90,408.71,19.34,17.50,0.81,4,-1,-1
88,48,936.89,513.83,32.37,30.29,0.99,4,-1,-1
88,55,722.59,616.20,67.03,69.04,0.43,4,-1,-1
88,59,795.89,589.44,46.15,42.13,0.99,4,-1,-1
88,60,995.54,456.43,24.98,23.99,0.91,4,-1,-1
88,61,822.75,553.71,38.44,38.21,0.99,4,-1,-1
88,62,992.34,494.37,28.70,29.92,0.99,4,-1,-1
88,65,876.80,502.65,35.73,27.69,0.97,4,-1,-1
88,75,890.24,485.38,31.37,26.35,0.96,4,-1,-1
88,76,907.38,471.13,28.67,25.80,0.93,4,-1,-1
88,93,838.01,484.44,32.72,27.17,0.81,4,-1,-1
88,106,1281.99,613.54,93.03,38.49,0.99,4,-1,-1
88,107,201.63,898.46,197.16,84.34,0.85,4,-1,-1
88,29,1209.36,1027.83,102.67,55.54,0.64,4,-1,-1
88,109,1047.82,412.29,19.36,19.14,0.75,4,-1,-1
88,110,1096.57,400.13,22.84,17.12,0.70,4,-1,-1
88,111,1522.91,764.24,21.45,49.47,0.68,1,-1,-1
88,68,999.94,413.20,35.04,19.59,0.34,4,-1,-1
88,112,1303.91,630.91,97.37,38.49,0.94,4,-1,-1
88,113,764.11,524.05,67.63,39.18,0.20,5,-1,-1
88,114,930.26,448.81,28.76,25.14,0.77,4,-1,-1
88,115,959.37,430.76,29.45,20.53,0.51,4,-1,-1
88,117,1600.56,913.42,81.20,52.46,0.29,10,-1,-1
88,119,924.10,461.66,26.64,23.97,0.69,4,-1,-1
88,120,1095.26,386.50,17.90,15.74,0.70,4,-1,-1
88,122,1396.30,788.01,147.09,69.01,0.70,4,-1,-1
88,123,1517.79,736.38,21.27,48.16,0.54,1,-1,-1
88,118,1778.21,958.42,28.70,57.08,0.88,1,-1,-1
89,9,333.40,950.67,140.97,126.44,0.99,4,-1,-1
89,10,601.19,756.19,90.61,84.04,1.00,4,-1,-1
89,11,485.81,847.61,166.03,117.52,1.00,4,-1,-1
89,12,861.96,521.20,39.57,32.49,0.99,4,-1,-1
89,14,959.22,536.91,37.24,39.47,0.99,4,-1,-1
89,19,1077.11,420.21,20.57,20.46,0.95,4,-1,-1
89,20,1015.49,556.00,14.53,32.45,0.93,1,-1,-1
89,22,1070.39,453.59,24.17,24.58,0.97,4,-1,-1
89,23,1137.18,446.68,21.41,22.75,0.99,4,-1,-1
89,24,1160.82,527.85,32.69,32.84,1.00,4,-1,-1
89,25,1110.00,555.66,37.06,38.06,1.00,4,-1,-1
89,26,1171.59,588.78,38.70,38.51,0.99,4,-1,-1
89,27,1035.55,557.00,40.38,44.58,1.00,4,-1,-1
89,28,1252.18,587.95,77.83,39.61,1.00,4,-1,-1
89,43,962.70,489.84,27.94,27.62,0.99,4,-1,-1
89,44,954.34,779.16,66.95,76.06,1.00,4,-1,-1
89,47,1084.37,408.51,19.38,17.89,0.71,4,-1,-1
89,48,937.92,517.77,33.52,31.14,0.99,4,-1,-1
89,55,720.43,619.69,74.28,70.80,0.69,4,-1,-1
89,59,796.17,592.82,47.05,42.77,0.98,4,-1,-1
89,60,999.51,458.73,25.36,24.56,0.97,4,-1,-1
89,61,823.95,556.32,38.79,38.66,0.99,4,-1,-1
89,62,995.41,497.83,29.85,30.25,0.99,4,-1,-1
89,65,879.91,504.39,36.28,27.83,0.97,4,-1,-1
89,75,892.93,486.68,32.34,26.55,0.97,4,-1,-1
89,76,910.43,472.01,29.78,25.93,0.81,4,-1,-1
89,93,841.64,486.19,31.87,27.58,0.80,4,-1,-1
89,106,1289.05,618.64,96.49,38.85,0.99,4,-1,-1
89,107,176.41,912.31,208.01,85.32,0.87,4,-1,-1
89,109,1053.63,412.84,20.23,19.29,0.74,4,-1,-1
89,110,1103.00,399.68,22.02,17.82,0.94,4,-1,-1
89,111,1537.66,777.14,23.52,50.05,0.87,1,-1,-1
89,68,1004.25,412.35,35.19,20.67,0.27,4,-1,-1
89,112,1312.95,636.02,94.53,37.31,0.97,4,-1,-1
89,113,766.99,525.69,67.22,39.67,0.54,5,-1,-1
89,114,935.40,449.57,29.04,25.38,0.69,4,-1,-1
89,115,965.96,431.21,29.79,21.37,0.61,4,-1,-1
89,117,1622.36,933.46,82.44,54.13,0.31,10,-1,-1
89,119,928.19,462.76,26.63,23.80,0.71,4,-1,-1
89,120,1101.94,386.15,18.13,15.77,0.80,4,-1,-1
89,122,1413.49,802.27,144.25,66.47,0.97,4,-1,-1
89,123,1532.24,748.44,21.71,48.47,0.66,1,-1,-1
89,118,1801.96,987.72,30.97,54.46,0.78,1,-1,-1
89,124,1328.30,666.56,106.07,42.19,0.80,4,-1,-1
90,9,316.88,967.59,141.89,115.40,0.99,4,-1,-1
90,10,594.42,764.84,92.08,85.66,0.99,4,-1,-1
90,11,473.07,859.40,170.65,121.36,1.00,4,-1,-1
90,12,863.17,523.23,39.94,33.05,0.99,4,-1,-1
90,14,960.12,541.67,37.65,39.56,0.99,4,-1,-1
90,19,1082.40,421.46,20.57,20.12,0.87,4,-1,-1
90,20,1018.34,559.23,14.56,32.68,0.93,1,-1,-1
90,22,1075.24,453.28,24.18,25.47,0.96,4,-1,-1
90,23,1142.39,446.86,21.67,22.88,1.00,4,-1,-1
90,24,1166.12,531.53,32.01,32.43,0.99,4,-1,-1
90,25,1114.25,557.47,36.64,38.08,1.00,4,-1,-1
90,26,1176.50,592.60,38.83,38.96,1.00,4,-1,-1
90,27,1039.73,557.84,40.10,44.21,0.99,4,-1,-1
90,28,1258.15,591.78,79.54,39.91,1.00,4,-1,-1
90,43,965.36,492.96,27.93,27.43,0.99,4,-1,-1
90,44,957.76,779.73,67.50,75.94,1.00,4,-1,-1
90,47,1088.93,408.76,18.56,17.63,0.79,4,-1,-1
90,48,938.99,521.83,33.93,31.44,0.99,4,-1,-1
90,55,717.66,625.33,67.43,71.41,0.65,4,-1,-1
90,59,795.49,596.24,48.14,43.58,0.99,4,-1,-1
90,60,1002.44,461.64,25.48,24.36,0.91,4,-1,-1
90,61,824.79,558.88,38.88,39.60,0.99,4,-1,-1
90,62,998.00,501.34,29.47,30.35,0.99,4,-1,-1
90,65,881.79,506.67,37.25,27.86,0.98,4,-1,-1
90,75,895.44,488.01,32.67,26.61,0.98,4,-1,-1
90,76,913.45,473.80,30.19,25.97,0.79,4,-1,-1
90,93,843.34,487.69,32.35,27.72,0.87,4,-1,-1
90,106,1296.43,623.66,97.71,38.14,0.99,4,-1,-1
90,107,150.41,926.36,218.29,88.73,0.80,4,-1,-1
90,109,1057.60,413.31,20.52,19.75,0.86,4,-1,-1
90,110,1108.06,400.25,21.72,17.64,0.96,4,-1,-1
90,111,1551.68,788.14,24.27,50.99,0.95,1,-1,-1
90,68,1008.10,413.76,35.20,20.25,0.47,4,-1,-1
90,112,1320.45,641.32,89.68,34.19,0.95,4,-1,-1
90,113,768.01,526.59,68.93,41.58,0.57,5,-1,-1
90,114,938.42,450.71,29.10,24.99,0.81,4,-1,-1
90,115,971.01,432.29,29.89,21.63,0.54,4,-1,-1
90,117,1640.45,947.54,84.45,58.95,0.32,10,-1,-1
90,119,930.83,463.97,27.51,23.67,0.71,4,-1,-1
90,120,1107.49,386.23,18.16,15.74,0.79,4,-1,-1
90,122,1428.94,816.34,142.74,65.31,0.98,4,-1,-1
90,123,1545.34,759.94,21.80,48.43,0.91,1,-1,-1
90,118,1827.20,1016.15,30.05,54.84,0.60,1,-1,-1
90,124,1337.84,673.99,108.48,44.33,0.92,4,-1,-1
90,125,1321.07,664.75,79.55,34.96,0.95,4,-1,-1
91,9,300.63,984.66,142.11,100.06,0.99,4,-1,-1
91,10,586.26,772.98,94.73,88.62,1.00,4,-1,-1
91,11,458.20,872.19,175.81,125.93,1.00,4,-1,-1
91,12,863.97,525.33,40.04,33.65,0.99,4,-1,-1
91,14,960.00,546.36,38.56,40.37,1.00,4,-1,-1
91,19,1086.20,421.37,20.55,20.40,0.90,4,-1,-1
91,20,1020.09,562.18,14.56,32.35,0.92,1,-1,-1
91,22,1079.69,453.82,23.35,24.99,0.96,4,-1,-1
91,23,1146.53,447.39,20.95,22.92,1.00,4,-1,-1
91,24,1169.89,533.49,31.71,33.46,0.99,4,-1,-1
91,25,1117.68,558.93,37.25,38.49,1.00,4,-1,-1
91,26,1180.11,596.57,39.65,39.31,1.00,4,-1,-1
91,27,1042.34,558.75,40.78,44.89,0.98,4,-1,-1
91,28,1263.31,595.97,80.12,40.02,1.00,4,-1,-1
91,43,966.26,496.07,28.71,27.74,0.99,4,-1,-1
91,44,960.53,779.90,67.66,75.90,1.00,4,-1,-1
91,47,1092.43,409.52,19.06,17.93,0.85,4,-1,-1
91,48,938.93,526.27,34.05,31.54,0.99,4,-1,-1
91,55,713.51,630.48,66.02,72.40,0.69,4,-1,-1
91,59,794.83,599.99,48.51,44.47,0.98,4,-1,-1
91,60,1004.62,463.90,25.49,25.08,0.96,4,-1,-1
91,61,824.68,561.95,38.87,40.34,0.98,4,-1,-1
91,62,999.68,505.20,29.28,30.37,0.99,4,-1,-1
91,65,882.83,508.68,37.58,28.27,0.98,4,-1,-1
91,75,897.51,489.88,31.96,26.21,0.99,4,-1,-1
91,76,916.11,475.46,29.51,25.97,0.92,4,-1,-1
91,93,844.30,489.40,32.51,27.76,0.96,4,-1,-1
91,106,1302.10,628.25,99.62,38.66,0.99,4,-1,-1
91,107,123.22,943.06,227.73,90.81,0.67,4,-1,-1
91,109,1060.97,413.70,20.61,20.32,0.87,4,-1,-1
91,110,1111.33,400.72,20.77,17.56,0.96,4,-1,-1
91,111,1565.12,799.85,24.50,52.09,0.97,1,-1,-1
91,68,1010.23,414.94,35.99,20.07,0.79,4,-1,-1
91,112,1327.78,646.73,92.93,34.75,0.97,4,-1,-1
91,113,767.03,530.40,70.37,40.95,0.71,5,-1,-1
91,114,941.07,452.13,29.08,24.83,0.93,4,-1,-1
91,115,975.09,434.14,29.07,21.29,0.95,4,-1,-1
91,119,932.89,466.30,27.78,23.17,0.85,4,-1,-1
91,120,1111.63,386.26,18.15,15.71,0.91,4,-1,-1
91,122,1433.63,826.79,151.45,70.56,0.98,4,-1,-1
91,123,1557.60,771.15,21.79,51.12,0.83,1,-1,-1
91,124,1344.62,682.82,112.75,46.65,0.66,4,-1,-1
91,125,1326.64,670.32,81.84,38.99,0.95,4,-1,-1
91,126,1617.59,864.24,62.68,62.68,0.90,10,-1,-1
92,9,276.66,1005.34,139.43,77.77,0.97,4,-1,-1
92,10,568.79,782.19,97.78,91.96,1.00,4,-1,-1
92,11,432.33,884.98,183.03,132.16,1.00,4,-1,-1
92,12,857.03,527.23,41.64,34.22,0.99,4,-1,-1
92,14,952.22,550.73,39.64,41.39,0.99,4,-1,-1
92,19,1083.23,422.60,20.53,19.66,0.91,4,-1,-1
92,20,1014.53,564.89,15.35,32.97,0.90,1,-1,-1
92,22,1075.77,453.42,23.01,25.18,0.92,4,-1,-1
92,23,1143.61,447.78,21.47,22.91,1.00,4,-1,-1
92,24,1166.45,535.65,32.36,33.78,0.99,4,-1,-1
92,25,1113.39,560.10,37.43,38.58,1.00,4,-1,-1
92,26,1176.61,599.96,39.91,39.77,1.00,4,-1,-1
92,27,1037.45,559.16,41.80,45.48,0.99,4,-1,-1
92,28,1260.64,599.61,81.81,40.58,1.00,4,-1,-1
92,43,960.00,499.14,28.97,28.22,0.99,4,-1,-1
92,44,954.71,779.46,67.64,74.97,1.00,4,-1,-1
92,47,1088.94,409.24,18.42,18.43,0.87,4,-1,-1
92,48,931.59,530.19,35.65,31.92,0.99,4,-1,-1
92,55,701.80,636.40,64.63,73.45,0.65,4,-1,-1
92,59,785.90,603.61,49.38,44.93,0.99,4,-1,-1
92,60,999.17,466.50,25.47,25.30,0.96,4,-1,-1
92,61,817.49,564.57,39.62,40.95,1.00,4,-1,-1
92,62,993.28,508.32,30.79,31.12,1.00,4,-1,-1
92,65,877.14,510.17,38.45,28.78,0.99,4,-1,-1
92,75,891.79,491.55,32.46,26.84,0.98,4,-1,-1
92,76,910.98,477.06,30.02,25.94,0.97,4,-1,-1
92,93,838.63,491.02,32.54,27.74,0.96,4,-1,-1
92,106,1299.57,632.58,101.74,39.57,0.99,4,-1,-1
92,107,92.53,962.13,230.72,92.15,0.76,4,-1,-1
92,109,1057.52,414.68,20.61,20.09,0.95,4,-1,-1
92,110,1107.38,400.72,21.29,17.92,0.97,4,-1,-1
92,111,1569.02,810.23,24.54,54.00,0.97,1,-1,-1
92,68,1004.73,415.01,37.04,20.38,0.49,4,-1,-1
92,112,1324.17,651.35,97.25,36.55,0.97,4,-1,-1
92,113,761.65,531.91,68.29,41.04,0.26,5,-1,-1
92,114,936.71,452.85,29.04,24.74,0.94,4,-1,-1
92,115,971.97,435.67,28.79,21.13,0.95,4,-1,-1
92,119,927.48,467.30,28.69,24.71,0.93,4,-1,-1
92,120,1108.35,386.14,18.12,15.68,0.86,4,-1,-1
92,122,1430.56,838.29,157.55,71.25,0.97,4,-1,-1
92,123,1560.24,781.22,21.76,51.05,0.80,1,-1,-1
92,124,1344.01,689.24,113.88,46.37,0.96,4,-1,-1
92,125,1325.18,676.13,89.72,38.89,0.97,4,-1,-1
92,126,1622.61,877.14,59.06,59.08,0.93,10,-1,-1
92,127,799.75,486.06,32.54,28.33,0.67,4,-1,-1
93,9,231.26,1032.61,139.64,48.75,0.62,4,-1,-1
93,10,530.68,793.12,102.10,95.31,1.00,4,-1,-1
93,11,386.80,900.59,191.29,138.79,1.00,4,-1,-1
93,12,831.25,529.16,42.16,34.33,0.99,4,-1,-1
93,14,925.16,555.00,39.98,42.85,1.00,4,-1,-1
93,19,1059.53,423.02,20.49,18.91,0.94,4,-1,-1
93,20,989.72,567.13,14.84,32.72,0.89,1,-1,-1
93,22,1052.18,452.36,23.69,25.60,0.96,4,-1,-1
93,23,1120.21,447.78,21.63,22.84,0.98,4,-1,-1
93,24,1142.07,537.66,32.56,33.40,0.99,4,-1,-1
93,25,1089.26,560.14,37.44,38.92,1.00,4,-1,-1
93,26,1152.64,602.24,40.73,40.83,1.00,4,-1,-1
93,27,1013.66,558.39,41.31,46.00,1.00,4,-1,-1
93,28,1237.17,601.33,82.27,41.45,0.99,4,-1,-1
93,43,933.84,501.47,29.82,29.11,0.99,4,-1,-1
93,44,931.35,778.09,67.54,75.28,1.00,4,-1,-1
93,47,1064.63,409.30,18.97,18.97,0.88,4,-1,-1
93,48,904.32,533.77,36.18,32.77,1.00,4,-1,-1
93,55,671.53,639.24,78.09,76.84,0.57,4,-1,-1
93,59,758.03,607.44,49.61,45.57,0.99,4,-1,-1
93,60,974.00,468.11,26.22,26.12,0.94,4,-1,-1
93,61,789.74,567.30,40.64,41.85,0.99,4,-1,-1
93,62,967.78,511.22,30.50,31.31,0.99,4,-1,-1
93,65,851.36,511.77,38.70,28.88,0.98,4,-1,-1
93,75,866.76,492.65,32.58,26.59,0.98,4,-1,-1
93,76,886.10,478.37,30.15,25.85,0.96,4,-1,-1
93,93,812.92,492.14,33.32,28.88,0.91,4,-1,-1
93,106,1276.06,634.84,102.28,39.75,0.99,4,-1,-1
93,107,41.04,986.25,231.15,87.45,0.69,4,-1,-1
93,109,1033.75,415.41,20.57,19.94,0.78,4,-1,-1
93,110,1083.32,400.29,20.61,18.00,0.98,4,-1,-1
93,111,1550.46,817.91,24.50,53.75,0.92,1,-1,-1
93,68,979.48,414.22,37.37,20.83,0.61,5,-1,-1
93,112,1301.05,653.25,100.26,38.71,0.98,4,-1,-1
93,113,734.56,533.58,69.16,42.63,0.76,5,-1,-1
93,114,912.49,453.49,28.97,24.65,0.91,4,-1,-1
93,115,948.87,436.59,27.82,20.60,0.90,4,-1,-1
93,119,903.32,468.22,28.96,24.33,0.89,4,-1,-1
93,120,1083.63,385.71,18.08,16.07,0.92,4,-1,-1
93,122,1425.08,850.86,142.56,66.95,0.48,4,-1,-1
93,123,1541.37,786.94,20.02,50.01,0.68,1,-1,-1
93,124,1320.21,691.43,115.70,48.76,0.98,4,-1,-1
93,125,1301.96,678.98,95.81,41.46,0.99,4,-1,-1
93,126,1605.43,889.43,60.20,56.37,0.85,10,-1,-1
93,128,1098.08,432.12,12.05,20.49,0.75,1,-1,-1
93,129,1098.68,432.12,10.85,19.89,0.63,10,-1,-1
93,130,1111.34,416.45,9.64,15.67,0.68,3,-1,-1
93,131,1111.34,416.45,9.64,15.07,0.72,10,-1,-1
93,132,1142.68,478.83,22.90,32.54,0.71,4,-1,-1
94,10,509.67,804.93,106.03,99.05,1.00,4,-1,-1
94,11,358.72,918.23,197.81,144.59,1.00,4,-1,-1
94,12,820.70,531.50,42.40,34.41,1.00,4,-1,-1
94,14,913.91,560.37,40.14,43.45,1.00,4,-1,-1
94,19,1049.99,422.63,21.32,19.51,0.95,4,-1,-1
94,20,980.64,569.80,15.47,33.47,0.93,1,-1,-1
94,22,1043.89,451.50,23.98,26.19,0.98,4,-1,-1
94,23,1112.10,447.49,21.72,23.26,1.00,4,-1,-1
94,24,1134.46,539.20,32.67,34.91,0.92,4,-1,-1
94,25,1081.29,560.81,37.49,39.91,1.00,4,-1,-1
94,26,1144.80,605.55,41.90,41.07,0.99,4,-1,-1
94,27,1005.75,558.58,41.18,45.85,0.99,4,-1,-1
94,28,1231.21,604.61,82.12,41.82,1.00,4,-1,-1
94,43,922.88,504.67,30.18,29.48,0.99,4,-1,-1
94,44,925.54,778.25,67.60,75.52,1.00,4,-1,-1
94,47,1055.27,409.79,20.00,18.80,0.93,4,-1,-1
94,48,892.16,537.87,37.22,33.92,0.99,4,-1,-1
94,55,656.73,647.79,70.74,75.81,0.92,4,-1,-1
94,59,745.05,611.98,50.55,46.66,0.98,4,-1,-1
94,60,963.44,470.81,26.53,26.06,0.96,4,-1,-1
94,61,777.62,570.77,41.88,42.64,0.99,4,-1,-1
94,62,957.55,514.44,31.22,32.63,1.00,4,-1,-1
94,65,840.83,513.96,39.63,28.54,0.98,4,-1,-1
94,75,855.71,494.43,33.47,26.53,0.99,4,-1,-1
94,76,875.54,479.59,31.05,26.27,0.95,4,-1,-1
94,93,802.35,494.13,32.85,28.93,0.98,4,-1,-1
94,106,1271.30,638.74,102.54,39.85,1.00,4,-1,-1
94,107,4.76,1011.86,233.15,70.90,0.35,4,-1,-1
94,109,1024.60,416.34,20.58,19.91,0.92,4,-1,-1
94,110,1074.13,400.17,20.42,18.06,0.98,4,-1,-1
94,111,1553.41,829.35,24.50,54.48,0.98,1,-1,-1
94,68,969.30,414.40,37.53,21.42,0.59,4,-1,-1
94,112,1298.13,657.83,101.51,39.54,0.99,4,-1,-1
94,113,720.52,537.66,71.24,42.02,0.31,5,-1,-1
94,114,902.58,454.44,28.99,25.07,0.91,4,-1,-1
94,115,939.74,437.61,27.56,20.87,0.91,4,-1,-1
94,119,893.03,469.28,29.08,24.63,0.96,4,-1,-1
94,120,1074.13,385.60,18.10,15.80,0.95,4,-1,-1
94,122,1427.29,860.95,145.63,68.06,0.94,4,-1,-1
94,123,1542.00,796.72,21.18,50.53,0.90,1,-1,-1
94,124,1316.45,697.51,118.10,47.85,0.98,4,-1,-1
94,125,1297.46,684.43,97.81,41.43,0.98,4,-1,-1
94,126,1610.41,898.62,60.53,61.34,0.92,10,-1,-1
94,128,1089.45,432.99,11.14,19.60,0.89,10,-1,-1
94,129,1087.65,431.78,10.89,20.92,0.67,10,-1,-1
94,130,1102.27,416.53,10.65,16.21,0.82,3,-1,-1
94,131,1101.79,416.29,10.65,16.08,0.85,10,-1,-1
95,10,495.08,815.99,108.98,103.61,0.99,4,-1,-1
95,11,336.83,935.27,204.76,142.94,0.99,4,-1,-1
95,12,817.01,534.24,42.44,35.25,0.98,4,-1,-1
95,14,909.54,565.63,40.94,44.85,1.00,4,-1,-1
95,19,1049.38,422.36,21.60,20.13,0.92,4,-1,-1
95,20,978.58,573.12,15.67,33.74,0.97,1,-1,-1
95,22,1043.32,451.46,24.06,26.42,0.97,4,-1,-1
95,23,1111.97,448.09,21.73,23.42,1.00,4,-1,-1
95,24,1134.09,542.60,32.67,34.68,0.97,4,-1,-1
95,25,1080.81,562.49,37.47,40.28,0.99,4,-1,-1
95,26,1145.51,609.77,42.29,41.76,1.00,4,-1,-1
95,27,1004.51,559.27,41.90,46.62,0.99,4,-1,-1
95,28,1232.59,608.67,82.37,41.98,1.00,4,-1,-1
95,43,919.41,507.97,31.07,30.42,0.99,4,-1,-1
95,44,925.02,778.68,68.37,76.45,1.00,4,-1,-1
95,47,1054.73,410.06,20.38,19.54,0.89,4,-1,-1
95,48,888.25,542.85,37.56,34.36,1.00,4,-1,-1
95,55,649.62,653.53,67.95,77.79,0.84,4,-1,-1
95,59,739.68,616.43,51.65,47.67,0.99,4,-1,-1
95,60,961.30,473.78,26.62,26.43,0.96,4,-1,-1
95,61,773.36,574.29,42.29,42.73,0.99,4,-1,-1
95,62,954.33,518.35,32.25,33.12,1.00,4,-1,-1
95,65,837.93,516.07,39.94,29.64,0.99,4,-1,-1
95,75,853.41,496.21,33.77,26.92,0.97,4,-1,-1
95,76,873.01,481.18,32.15,26.43,0.96,4,-1,-1
95,93,799.03,496.15,33.46,28.96,0.96,4,-1,-1
95,106,1273.48,643.42,104.09,39.92,0.99,4,-1,-1
95,109,1023.77,417.33,20.56,20.32,0.90,4,-1,-1
95,110,1072.84,400.64,20.35,18.08,0.97,4,-1,-1
95,111,1564.50,843.50,24.43,56.32,0.98,1,-1,-1
95,68,966.12,413.09,39.16,23.26,0.66,4,-1,-1
95,112,1301.00,663.58,105.10,39.89,0.96,4,-1,-1
95,113,723.74,536.90,63.76,36.42,0.67,4,-1,-1
95,114,900.24,455.97,29.79,25.23,0.97,4,-1,-1
95,115,939.27,439.19,27.47,20.56,0.97,4,-1,-1
95,119,889.74,470.63,30.74,24.74,0.97,4,-1,-1
95,120,1073.52,386.09,18.09,15.71,0.89,4,-1,-1
95,122,1450.67,873.87,131.46,69.33,0.64,4,-1,-1
95,123,1551.41,808.83,21.53,50.70,0.93,1,-1,-1
95,124,1319.64,703.78,122.18,48.34,0.98,4,-1,-1
95,125,1300.44,690.05,103.26,42.23,0.98,4,-1,-1
95,126,1622.99,915.45,62.35,61.92,0.88,10,-1,-1
95,128,1089.02,433.50,10.95,19.90,0.87,10,-1,-1
95,129,1088.13,433.49,10.90,20.22,0.86,1,-1,-1
95,130,1101.31,417.16,10.84,16.79,0.80,3,-1,-1
95,131,1102.10,417.34,9.94,16.29,0.49,10,-1,-1
95,133,1082.41,419.46,10.85,15.67,0.60,1,-1,-1
95,134,1086.63,430.01,9.64,22.30,0.61,1,-1,-1
95,135,1316.25,738.88,125.36,54.24,0.90,4,-1,-1
95,136,1421.12,945.00,212.14,89.20,0.89,4,-1,-1
96,10,475.48,829.45,113.42,106.39,1.00,4,-1,-1
96,11,321.18,954.78,201.11,131.35,0.99,4,-1,-1
96,12,810.49,537.37,43.33,35.64,0.99,4,-1,-1
96,14,901.80,571.94,42.90,46.47,1.00,4,-1,-1
96,19,1046.49,423.22,21.75,20.42,0.92,4,-1,-1
96,20,973.00,576.98,16.57,34.72,0.97,1,-1,-1
96,22,1040.02,452.69,24.14,26.17,0.97,4,-1,-1
96,23,1108.97,449.15,21.77,23.13,1.00,4,-1,-1
96,24,1131.45,545.89,33.53,34.65,0.99,4,-1,-1
96,25,1077.22,564.58,38.34,40.51,1.00,4,-1,-1
96,26,1143.71,614.68,41.70,42.31,1.00,4,-1,-1
96,27,1001.29,560.77,41.43,46.61,1.00,4,-1,-1
96,28,1231.98,613.93,82.59,42.34,1.00,4,-1,-1
96,43,912.80,512.26,32.26,31.24,0.99,4,-1,-1
96,44,922.26,780.80,68.78,76.18,1.00,4,-1,-1
96,47,1051.48,410.50,19.75,19.07,0.81,4,-1,-1
96,48,880.64,548.22,37.74,35.40,0.99,4,-1,-1
96,55,637.94,661.13,68.70,78.70,0.83,4,-1,-1
96,59,731.18,622.13,52.14,49.15,1.00,4,-1,-1
96,60,955.67,477.48,27.50,27.03,0.97,4,-1,-1
96,61,765.34,579.57,42.51,43.05,0.99,4,-1,-1
96,62,949.08,523.29,31.89,33.77,1.00,4,-1,-1
96,65,831.75,518.93,40.92,29.72,0.99,4,-1,-1
96,75,847.48,498.71,33.94,27.14,0.98,4,-1,-1
96,76,867.03,483.78,33.42,26.56,0.94,4,-1,-1
96,93,792.61,498.31,33.74,29.44,0.90,4,-1,-1
96,106,1273.26,649.17,104.84,41.66,0.99,4,-1,-1
96,109,1019.55,418.82,20.59,20.51,0.87,4,-1,-1
96,110,1069.36,401.31,20.37,17.72,0.98,4,-1,-1
96,111,1574.41,858.32,24.42,58.71,0.94,1,-1,-1
96,68,960.53,413.32,39.85,23.23,0.67,4,-1,-1
96,112,1301.88,670.18,108.23,42.53,0.99,4,-1,-1
96,113,718.90,539.01,60.13,35.67,0.75,5,-1,-1
96,114,894.80,457.29,30.96,26.18,0.96,4,-1,-1
96,115,935.33,440.47,27.52,21.34,0.93,4,-1,-1
96,119,885.54,472.11,29.79,25.24,0.95,4,-1,-1
96,120,1070.68,385.90,18.11,16.13,0.86,4,-1,-1
96,122,1463.09,889.85,128.19,71.62,0.46,4,-1,-1
96,123,1559.88,823.25,21.69,50.85,0.78,1,-1,-1
96,124,1319.74,711.35,122.15,49.45,0.99,4,-1,-1
96,125,1301.27,698.21,105.30,42.59,0.99,4,-1,-1
96,126,1634.05,932.85,64.76,63.87,0.95,10,-1,-1
96,129,1085.15,434.50,10.89,19.48,0.60,1,-1,-1
96,130,1098.77,418.34,9.98,16.98,0.74,10,-1,-1
96,131,1099.51,417.49,9.67,16.36,0.18,1,-1,-1
96,133,1079.52,420.82,9.93,15.75,0.78,1,-1,-1
96,135,1317.83,748.83,112.46,54.52,0.90,4,-1,-1
96,136,1430.90,962.24,215.10,92.56,0.95,4,-1,-1
96,137,637.63,661.14,69.91,78.35,0.79,7,-1,-1
96,138,889.55,513.48,14.46,21.09,0.72,10,-1,-1
97,10,456.58,841.86,116.49,110.25,0.99,4,-1,-1
97,11,304.42,975.41,197.44,110.37,0.88,4,-1,-1
97,12,802.42,539.59,44.39,36.49,0.99,4,-1,-1
97,14,892.33,577.76,43.58,47.94,0.99,4,-1,-1
97,19,1041.17,423.51,20.97,20.07,0.95,4,-1,-1
97,20,966.95,580.27,16.11,34.60,0.98,1,-1,-1
97,22,1034.60,452.48,24.14,26.40,0.97,4,-1,-1
97,23,1104.32,449.84,21.76,22.55,1.00,4,-1,-1
97,24,1127.77,549.35,33.01,33.32,0.99,4,-1,-1
97,25,1072.11,565.40,38.61,40.89,1.00,4,-1,-1
97,26,1139.17,618.75,42.20,41.58,0.99,4,-1,-1
97,27,996.09,561.07,41.20,46.07,1.00,4,-1,-1
97,28,1229.29,617.08,83.72,43.34,1.00,4,-1,-1
97,43,904.47,515.67,33.46,31.86,0.99,4,-1,-1
97,44,918.77,780.21,68.03,76.71,1.00,4,-1,-1
97,47,1046.02,410.65,19.47,18.82,0.92,4,-1,-1
97,48,871.25,553.16,39.34,36.08,1.00,4,-1,-1
97,55,624.86,668.46,68.89,76.39,0.72,4,-1,-1
97,59,720.64,626.78,53.84,49.57,0.99,4,-1,-1
97,60,947.98,479.93,27.79,27.58,0.98,4,-1,-1
97,61,756.46,582.34,43.33,44.04,1.00,4,-1,-1
97,62,940.80,527.10,33.31,34.72,0.99,4,-1,-1
97,65,824.13,520.89,42.01,29.65,0.97,4,-1,-1
97,75,839.11,500.77,34.75,27.14,0.98,4,-1,-1
97,76,860.97,485.70,32.27,26.53,0.97,4,-1,-1
97,93,784.58,500.09,33.80,29.94,0.96,4,-1,-1
97,106,1270.21,653.79,106.45,42.15,0.99,4,-1,-1
97,109,1013.82,419.14,20.57,20.93,0.94,4,-1,-1
97,110,1063.41,400.74,19.54,17.95,0.97,4,-1,-1
97,111,1582.57,871.04,24.39,59.46,0.74,1,-1,-1
97,68,954.78,415.83,39.23,21.92,0.48,4,-1,-1
97,112,1300.80,675.04,110.78,42.57,1.00,4,-1,-1
97,113,713.73,541.22,57.16,32.35,0.98,5,-1,-1
97,114,888.88,458.58,29.74,25.64,0.98,4,-1,-1
97,115,929.04,441.97,26.68,21.16,0.94,4,-1,-1
97,119,878.95,474.04,29.33,24.95,0.98,4,-1,-1
97,120,1064.08,385.47,18.10,16.24,0.91,4,-1,-1
97,122,1446.65,901.09,154.51,75.50,0.69,4,-1,-1
97,123,1565.16,834.87,23.39,51.62,0.70,1,-1,-1
97,124,1319.20,718.10,121.79,50.47,1.00,4,-1,-1
97,125,1298.54,703.56,110.57,43.36,0.98,4,-1,-1
97,126,1642.60,948.11,67.17,66.89,0.87,10,-1,-1
97,129,1079.38,434.30,10.88,19.70,0.63,10,-1,-1
97,130,1093.63,419.60,9.67,16.08,0.80,3,-1,-1
97,133,1073.89,422.31,9.75,14.82,0.64,10,-1,-1
97,135,1317.37,756.96,111.65,53.57,0.98,4,-1,-1
97,136,1441.42,979.59,215.67,91.25,0.98,4,-1,-1
97,137,624.16,660.67,89.48,86.36,0.74,5,-1,-1
97,139,624.38,658.73,96.43,86.79,0.71,7,-1,-1
97,140,1023.95,387.22,16.88,16.88,0.64,4,-1,-1
97,128,1079.54,434.29,10.89,19.98,0.70,10,-1,-1
98,10,436.82,855.47,121.11,115.60,0.99,4,-1,-1
98,11,290.28,997.43,191.37,86.80,0.88,4,-1,-1
98,12,795.40,542.66,44.76,36.80,0.99,4,-1,-1
98,14,884.41,584.51,44.59,48.68,1.00,4,-1,-1
98,19,1036.68,424.17,20.66,19.93,0.96,4,-1,-1
98,20,963.11,584.35,15.09,33.73,0.99,1,-1,-1
98,22,1030.88,453.36,23.32,25.27,0.95,4,-1,-1
98,23,1100.46,450.84,21.74,22.34,0.99,4,-1,-1
98,24,1124.71,552.32,32.78,33.63,0.99,4,-1,-1
98,25,1068.52,567.42,38.69,40.62,1.00,4,-1,-1
98,26,1136.15,623.12,43.17,42.91,1.00,4,-1,-1
98,27,992.08,561.89,41.09,46.28,0.99,4,-1,-1
98,28,1227.32,621.30,84.91,44.31,1.00,4,-1,-1
98,43,897.33,519.78,33.90,32.08,0.99,4,-1,-1
98,44,916.61,781.33,67.72,76.10,1.00,4,-1,-1
98,47,1042.30,410.83,18.54,18.32,0.92,4,-1,-1
98,48,862.96,558.61,39.92,36.73,1.00,4,-1,-1
98,59,711.95,631.69,54.45,50.50,0.99,4,-1,-1
98,60,941.86,483.50,27.88,27.78,0.97,4,-1,-1
98,61,749.16,585.78,43.60,45.20,0.99,4,-1,-1
98,62,934.07,531.75,34.61,35.06,0.99,4,-1,-1
98,65,818.47,523.06,41.61,29.62,0.99,4,-1,-1
98,75,833.16,502.80,35.84,27.54,0.98,4,-1,-1
98,76,854.28,487.89,32.59,26.52,0.95,4,-1,-1
98,93,777.55,502.60,34.63,29.72,0.90,4,-1,-1
98,106,1269.68,659.14,108.58,43.13,0.99,4,-1,-1
98,109,1008.81,421.18,20.55,20.68,0.95,4,-1,-1
98,110,1058.72,401.08,19.24,18.04,0.98,4,-1,-1
98,111,1594.02,887.16,24.35,57.30,0.70,1,-1,-1
98,68,946.60,414.65,41.38,23.45,0.84,4,-1,-1
98,112,1300.20,681.27,116.45,44.15,0.97,4,-1,-1
98,113,699.00,543.89,63.98,32.57,0.97,5,-1,-1
98,114,883.02,460.15,30.06,26.25,0.96,4,-1,-1
98,115,925.44,443.61,25.56,21.50,0.95,4,-1,-1
98,119,873.23,475.84,29.97,25.24,0.95,4,-1,-1
98,120,1059.53,385.66,18.09,16.28,0.92,4,-1,-1
98,123,1573.09,848.32,24.00,52.70,0.80,1,-1,-1
98,124,1321.22,725.82,121.54,50.83,0.99,4,-1,-1
98,125,1298.08,709.54,117.22,45.27,0.99,4,-1,-1
98,126,1654.94,966.06,67.98,67.09,0.96,10,-1,-1
98,129,1075.58,435.42,10.87,18.44,0.73,10,-1,-1
98,130,1089.57,421.20,9.59,15.30,0.80,10,-1,-1
98,133,1070.20,423.36,9.66,13.00,0.51,1,-1,-1
98,135,1317.60,765.00,116.99,56.03,0.92,4,-1,-1
98,136,1473.50,1001.22,196.40,77.30,0.74,4,-1,-1
98,137,614.10,672.89,75.18,82.55,0.97,5,-1,-1
98,140,1018.98,388.55,16.95,16.46,0.53,4,-1,-1
98,141,682.83,555.67,80.76,39.17,0.62,4,-1,-1
98,142,1122.79,489.07,24.11,31.94,0.75,4,-1,-1
99,10,417.07,870.09,125.55,120.07,1.00,4,-1,-1
99,11,272.29,1020.17,187.67,63.50,0.57,4,-1,-1
99,12,790.05,545.45,44.88,36.94,0.99,4,-1,-1
99,14,877.17,590.88,44.94,50.56,1.00,4,-1,-1
99,19,1033.54,424.59,20.54,20.31,0.98,4,-1,-1
99,20,958.94,588.41,14.67,34.02,0.97,1,-1,-1
99,22,1027.99,453.90,23.83,24.87,0.98,4,-1,-1
99,23,1098.37,451.02,21.73,22.69,1.00,4,-1,-1
99,24,1122.05,555.44,34.31,34.58,0.99,4,-1,-1
99,25,1065.69,569.00,38.70,40.95,1.00,4,-1,-1
99,26,1134.30,627.56,44.32,44.23,0.99,4,-1,-1
99,27,989.46,562.60,41.04,46.40,1.00,4,-1,-1
99,28,1227.47,626.54,86.14,43.92,1.00,4,-1,-1
99,43,891.20,523.77,34.83,32.98,0.99,4,-1,-1
99,44,914.53,782.66,67.59,75.95,1.00,4,-1,-1
99,47,1038.60,410.87,19.03,18.97,0.96,4,-1,-1
99,48,855.98,564.47,40.11,37.39,1.00,4,-1,-1
99,59,703.16,636.51,55.44,52.49,0.98,4,-1,-1
99,60,937.32,486.12,27.90,28.28,0.97,4,-1,-1
99,61,741.70,590.27,44.48,45.47,0.99,4,-1,-1
99,62,928.88,536.36,34.30,35.61,0.99,4,-1,-1
99,65,812.43,525.93,43.03,30.04,0.99,4,-1,-1
99,75,828.63,504.81,35.44,27.72,1.00,4,-1,-1
99,76,849.48,488.75,32.69,27.36,0.98,4,-1,-1
99,93,772.61,504.56,34.12,30.07,0.95,4,-1,-1
99,106,1269.57,664.43,110.94,44.36,0.99,4,-1,-1
99,109,1005.09,422.08,21.36,21.01,0.97,4,-1,-1
99,110,1055.53,401.60,19.15,17.68,0.97,4,-1,-1
99,111,1605.35,904.91,25.93,58.04,0.86,1,-1,-1
99,68,940.53,415.36,42.18,22.45,0.80,4,-1,-1
99,112,1300.85,687.70,118.59,45.61,0.98,4,-1,-1
99,113,689.08,546.50,67.00,33.96,0.95,5,-1,-1
99,114,878.53,461.42,30.17,26.09,0.98,4,-1,-1
99,115,922.52,445.33,25.18,21.25,0.98,4,-1,-1
99,119,869.60,477.59,29.38,25.36,0.98,4,-1,-1
99,120,1055.15,386.13,18.91,16.30,0.73,4,-1,-1
99,123,1584.81,863.52,22.59,53.12,0.84,1,-1,-1
99,124,1323.55,733.99,124.68,51.83,0.99,4,-1,-1
99,125,1301.11,716.67,119.68,46.03,0.98,4,-1,-1
99,126,1668.95,985.37,69.83,68.78,0.95,10,-1,-1
99,129,1071.74,435.51,11.73,18.95,0.94,10,-1,-1
99,130,1086.94,422.55,9.57,15.06,0.62,1,-1,-1
99,133,1068.08,426.42,9.64,15.02,0.40,1,-1,-1
99,135,1320.94,774.49,120.38,56.83,0.98,4,-1,-1
99,136,1496.44,1021.99,180.70,58.34,0.44,4,-1,-1
99,137,599.82,674.17,93.85,91.52,0.69,5,-1,-1
99,140,1015.11,389.79,17.90,16.39,0.76,4,-1,-1
99,141,675.45,558.64,81.10,38.87,0.67,4,-1,-1
99,142,1120.18,490.59,25.17,34.01,0.83,4,-1,-1
99,143,869.67,521.62,13.26,22.90,0.62,10,-1,-1
99,144,982.37,412.83,21.70,19.29,0.66,4,-1,-1
99,145,1010.09,405.30,18.08,18.08,0.66,4,-1,-1
99,146,1124.00,528.25,28.93,32.54,0.77,4,-1,-1
99,131,1086.68,422.53,9.66,15.79,0.87,3,-1,-1
99,55,600.50,680.70,72.97,84.13,0.81,4,-1,-1
100,10,394.85,885.06,132.31,124.82,1.00,4,-1,-1
100,12,783.60,548.50,45.71,37.37,1.00,4,-1,-1
100,14,869.65,597.56,45.85,52.03,1.00,4,-1,-1
100,19,1029.78,424.75,21.32,20.45,0.99,4,-1,-1
100,20,954.11,592.05,15.36,34.72,0.98,1,-1,-1
100,22,1024.76,454.53,24.02,24.71,0.99,4,-1,-1
100,23,1095.80,451.48,21.73,22.82,1.00,4,-1,-1
100,24,1119.31,558.32,34.88,34.92,0.99,4,-1,-1
100,25,1062.09,570.35,39.52,42.27,1.00,4,-1,-1
100,26,1132.28,632.70,44.75,45.50,1.00,4,-1,-1
100,27,986.38,563.48,41.03,46.83,0.99,4,-1,-1
100,28,1226.15,631.16,86.97,45.34,1.00,4,-1,-1
100,43,884.83,527.82,35.18,33.69,0.99,4,-1,-1
100,44,912.51,783.60,67.55,76.69,1.00,4,-1,-1
100,47,1035.07,411.11,19.20,18.80,0.94,4,-1,-1
100,48,848.14,570.00,41.76,38.81,1.00,4,-1,-1
100,59,694.70,642.28,56.60,53.20,0.99,4,-1,-1
100,60,931.91,489.46,28.70,28.44,0.98,4,-1,-1
100,61,734.50,594.35,44.81,46.73,0.98,4,-1,-1
100,62,922.86,541.22,34.95,36.19,0.99,4,-1,-1
100,65,806.50,528.61,43.55,30.58,0.99,4,-1,-1
100,75,823.26,506.98,35.27,28.18,0.99,4,-1,-1
100,76,844.79,491.10,32.72,26.85,0.94,4,-1,-1
100,93,766.28,506.73,34.74,30.58,0.97,4,-1,-1
100,106,1270.13,670.62,113.37,44.78,1.00,4,-1,-1
100,109,1001.14,422.81,21.65,21.52,0.93,4,-1,-1
100,110,1053.02,401.79,18.30,17.53,0.94,4,-1,-1
100,68,937.70,419.56,40.07,20.36,0.81,4,-1,-1
100,112,1300.89,694.69,122.50,46.11,0.99,4,-1,-1
100,113,685.31,550.35,64.17,33.22,0.94,4,-1,-1
100,114,873.94,462.31,31.02,26.83,0.98,4,-1,-1
100,115,918.86,447.18,25.08,20.73,0.98,4,-1,-1
100,119,863.69,479.06,30.79,25.80,0.98,4,-1,-1
100,120,1052.16,386.52,18.40,15.90,0.71,4,-1,-1
100,124,1326.62,742.81,129.05,52.95,1.00,4,-1,-1
100,125,1302.88,724.30,123.61,47.05,0.98,4,-1,-1
100,126,1684.20,1003.18,68.85,66.88,0.80,10,-1,-1
100,129,1068.59,435.31,11.20,19.54,0.89,10,-1,-1
100,130,1084.21,424.03,9.57,15.87,0.89,3,-1,-1
100,133,1063.74,426.48,9.63,15.52,0.74,1,-1,-1
100,135,1322.66,783.70,130.13,58.76,1.00,4,-1,-1
100,140,1011.63,390.01,18.20,16.80,0.70,4,-1,-1
100,141,667.89,563.69,82.17,39.76,0.31,4,-1,-1
100,142,1117.16,492.94,26.33,33.53,0.87,4,-1,-1
100,131,1084.09,424.70,9.69,15.72,0.96,10,-1,-1
100,147,934.75,414.94,40.98,21.09,0.74,5,-1,-1
101,10,373.93,900.99,137.48,128.89,1.00,4,-1,-1
101,12,777.93,551.53,46.78,38.31,0.99,4,-1,-1
101,14,862.74,604.65,47.73,53.93,1.00,4,-1,-1
101,19,1027.32,426.11,21.59,19.67,0.98,4,-1,-1
101,20,950.49,596.31,15.59,35.37,0.99,1,-1,-1
101,22,1022.48,455.04,24.07,24.24,0.97,4,-1,-1
101,23,1094.94,451.93,20.89,22.86,1.00,4,-1,-1
101,24,1118.35,561.96,34.25,34.22,1.00,4,-1,-1
101,25,1059.65,571.83,39.78,41.94,1.00,4,-1,-1
101,26,1131.15,637.50,46.46,45.96,1.00,4,-1,-1
101,27,983.36,563.99,41.80,46.97,1.00,4,-1,-1
101,28,1226.39,635.79,88.40,45.85,1.00,4,-1,-1
101,43,879.53,532.02,36.06,34.34,1.00,4,-1,-1
101,44,911.51,784.03,68.30,76.95,1.00,4,-1,-1
101,47,1032.28,411.69,19.25,18.72,0.95,4,-1,-1
101,48,841.15,575.89,42.34,40.11,1.00,4,-1,-1
101,59,687.57,647.20,56.96,54.22,0.99,4,-1,-1
101,60,926.93,493.26,29.77,28.88,0.99,4,-1,-1
101,61,728.60,598.30,44.87,47.18,0.99,4,-1,-1
101,62,917.26,545.72,35.95,37.17,0.99,4,-1,-1
101,65,801.80,530.93,43.69,31.18,0.99,4,-1,-1
101,75,818.75,508.93,35.16,28.34,0.99,4,-1,-1
101,76,840.92,492.94,32.69,27.05,0.96,4,-1,-1
101,93,761.46,509.06,34.12,31.17,0.97,4,-1,-1
101,106,1272.23,676.60,112.55,45.72,0.99,4,-1,-1
101,109,997.85,424.14,21.74,21.70,0.96,4,-1,-1
101,110,1049.33,401.76,18.85,17.89,0.98,4,-1,-1
101,68,932.08,420.13,41.63,21.26,0.78,4,-1,-1
101,112,1303.53,701.35,123.84,47.06,0.99,4,-1,-1
101,113,678.69,553.91,65.51,33.81,0.98,4,-1,-1
101,114,870.48,463.84,30.50,27.09,0.99,4,-1,-1
101,115,915.64,447.85,25.89,22.19,0.98,4,-1,-1
101,119,859.37,480.39,31.27,25.95,0.99,4,-1,-1
101,120,1049.16,386.17,18.19,16.15,0.86,4,-1,-1
101,124,1329.56,752.10,132.16,53.34,0.99,4,-1,-1
101,125,1305.36,731.97,131.22,47.40,0.97,4,-1,-1
101,126,1700.01,1022.35,69.97,59.41,0.43,10,-1,-1
101,129,1065.90,434.90,10.97,20.17,0.79,10,-1,-1
101,130,1082.07,425.24,9.57,16.13,0.91,3,-1,-1
101,133,1061.48,427.51,9.63,15.69,0.83,1,-1,-1
101,135,1325.90,793.94,141.66,59.38,0.99,4,-1,-1
101,140,1008.45,391.06,19.14,16.92,0.86,4,-1,-1
101,141,660.88,567.18,82.29,39.96,0.24,4,-1,-1
101,142,1115.19,495.05,25.74,32.31,0.91,4,-1,-1
101,131,1081.58,425.27,9.70,16.11,0.90,10,-1,-1
101,147,929.08,416.10,44.04,22.63,0.68,5,-1,-1
101,148,576.46,683.44,108.18,98.84,0.66,6,-1,-1
101,149,975.74,414.64,21.70,19.89,0.85,4,-1,-1
101,150,1065.54,434.53,10.85,20.49,0.77,1,-1,-1
101,151,1120.98,534.58,27.72,29.53,0.76,4,-1,-1
101,152,1407.86,886.54,144.64,57.86,0.67,4,-1,-1
101,55,576.65,693.73,78.16,89.95,0.75,4,-1,-1
102,10,352.55,917.85,142.91,132.66,1.00,4,-1,-1
102,12,772.35,554.60,47.16,38.63,1.00,4,-1,-1
102,14,855.14,612.11,49.21,55.98,1.00,4,-1,-1
102,19,1024.78,425.76,21.69,20.20,0.97,4,-1,-1
102,20,947.63,600.56,15.68,34.38,0.97,1,-1,-1
102,22,1020.41,455.20,24.09,24.48,0.98,4,-1,-1
102,23,1093.36,452.44,21.41,22.87,1.00,4,-1,-1
102,24,1116.36,564.35,34.80,35.15,0.99,4,-1,-1
102,25,1057.15,573.07,40.68,42.18,1.00,4,-1,-1
102,26,1130.32,642.27,47.08,47.68,0.99,4,-1,-1
102,27,981.48,564.52,42.09,47.00,0.99,4,-1,-1
102,28,1226.81,641.28,89.29,46.80,1.00,4,-1,-1
102,43,874.07,536.08,36.37,35.74,0.99,4,-1,-1
102,44,910.83,784.94,67.77,77.01,1.00,4,-1,-1
102,47,1030.02,411.88,19.27,18.28,0.96,4,-1,-1
102,48,834.29,582.53,43.33,40.37,1.00,4,-1,-1
102,59,679.56,652.92,58.67,56.15,0.99,4,-1,-1
102,60,922.73,496.18,29.38,29.83,0.99,4,-1,-1
102,61,722.59,602.48,44.87,48.10,0.98,4,-1,-1
102,62,912.06,550.85,37.11,37.91,0.99,4,-1,-1
102,65,796.96,533.54,44.51,31.37,1.00,4,-1,-1
102,75,814.36,510.81,35.92,28.78,0.99,4,-1,-1
102,76,836.35,494.57,32.67,27.51,0.98,4,-1,-1
102,93,756.17,511.50,34.70,31.36,0.96,4,-1,-1
102,106,1272.93,682.55,115.33,46.81,0.99,4,-1,-1
102,109,995.02,424.99,21.77,22.16,0.95,4,-1,-1
102,110,1046.38,401.51,19.04,18.42,0.99,4,-1,-1
102,68,925.26,418.49,44.58,22.77,0.34,4,-1,-1
102,112,1306.82,709.11,125.82,47.35,0.98,4,-1,-1
102,113,674.45,557.19,64.35,33.19,0.98,4,-1,-1
102,114,866.43,465.19,31.11,27.17,0.99,4,-1,-1
102,115,912.86,449.47,26.18,22.70,0.99,4,-1,-1
102,119,855.41,482.25,31.44,25.58,0.97,4,-1,-1
102,120,1045.59,385.61,18.93,16.64,0.91,4,-1,-1
102,124,1332.92,761.21,136.46,55.03,1.00,4,-1,-1
102,125,1307.76,740.51,132.48,48.25,0.97,4,-1,-1
102,129,1063.69,435.32,10.88,19.98,0.64,10,-1,-1
102,130,1080.46,426.21,9.58,16.23,0.85,3,-1,-1
102,133,1061.15,431.13,9.63,19.10,0.63,1,-1,-1
102,135,1330.98,804.17,149.05,61.17,0.99,4,-1,-1
102,140,1006.56,391.58,18.58,17.38,0.82,4,-1,-1
102,141,657.86,570.96,80.41,40.87,0.48,4,-1,-1
102,142,1113.21,496.36,26.40,32.85,0.62,4,-1,-1
102,131,1079.83,426.64,9.69,15.83,0.77,10,-1,-1
102,147,924.96,418.73,44.68,22.94,0.77,4,-1,-1
102,148,565.72,700.40,84.75,93.44,0.68,5,-1,-1
102,149,972.11,415.32,22.75,20.45,0.91,4,-1,-1
102,150,1063.24,435.52,10.89,20.57,0.83,10,-1,-1
102,55,566.05,702.34,80.70,90.89,0.80,7,-1,-1
103,10,332.01,934.78,148.06,137.21,1.00,4,-1,-1
103,12,767.72,558.00,48.09,39.56,0.99,4,-1,-1
103,14,849.40,621.08,49.75,56.96,0.99,4,-1,-1
103,19,1024.09,426.58,20.91,20.40,0.95,4,-1,-1
103,20,945.22,605.23,15.70,34.20,0.96,1,-1,-1
103,22,1019.08,455.60,24.91,24.58,0.91,4,-1,-1
103,23,1093.02,453.39,22.41,23.29,1.00,4,-1,-1
103,24,1116.26,567.96,35.00,36.31,0.99,4,-1,-1
103,25,1055.67,575.09,41.81,42.48,1.00,4,-1,-1
103,26,1131.05,647.75,47.30,49.13,1.00,4,-1,-1
103,27,980.62,565.27,42.19,47.84,0.98,4,-1,-1
103,28,1228.79,647.04,90.81,47.16,1.00,4,-1,-1
103,43,869.12,540.63,37.27,36.67,0.99,4,-1,-1
103,44,911.16,786.71,66.74,76.25,1.00,4,-1,-1
103,47,1029.03,412.28,18.46,18.12,0.91,4,-1,-1
103,48,828.44,589.43,43.68,40.86,0.99,4,-1,-1
103,59,672.86,659.45,59.29,56.09,1.00,4,-1,-1
103,60,919.03,499.93,30.01,30.59,0.98,4,-1,-1
103,61,716.62,607.28,46.47,48.44,0.99,4,-1,-1
103,62,908.41,556.22,36.74,38.99,1.00,4,-1,-1
103,65,792.62,536.58,45.61,31.45,1.00,4,-1,-1
103,75,810.99,513.59,36.20,28.95,0.99,4,-1,-1
103,76,833.70,496.66,32.66,27.69,0.97,4,-1,-1
103,93,752.46,513.87,34.91,31.44,0.98,4,-1,-1
103,106,1276.19,690.47,117.94,46.44,0.99,4,-1,-1
103,109,993.03,426.61,21.77,22.33,0.96,4,-1,-1
103,110,1045.16,401.76,18.30,18.62,0.97,4,-1,-1
103,112,1311.05,716.92,128.09,48.26,0.99,4,-1,-1
103,113,664.55,561.08,68.88,34.67,0.98,4,-1,-1
103,114,863.98,467.19,30.52,26.80,0.99,4,-1,-1
103,115,911.65,451.78,25.49,22.49,0.98,4,-1,-1
103,119,852.58,484.43,31.49,25.85,0.99,4,-1,-1
103,120,1043.75,385.74,19.20,16.83,0.70,4,-1,-1
103,124,1337.92,771.48,139.63,56.47,0.99,4,-1,-1
103,125,1311.62,750.19,137.50,49.38,0.97,4,-1,-1
103,129,1062.30,436.43,10.85,19.92,0.73,10,-1,-1
103,130,1079.69,427.90,8.75,15.86,0.70,3,-1,-1
103,133,1060.41,433.75,10.48,21.07,0.68,1,-1,-1
103,135,1337.45,816.46,153.30,64.29,1.00,4,-1,-1
103,140,1004.03,392.69,19.19,17.53,0.73,4,-1,-1
103,141,647.41,574.50,85.15,41.59,0.82,4,-1,-1
103,142,1112.27,497.27,26.60,34.81,0.46,4,-1,-1
103,131,1079.45,428.06,8.86,15.72,0.64,3,-1,-1
103,147,923.99,422.05,42.00,21.14,0.32,5,-1,-1
103,148,556.10,701.64,108.84,100.97,0.79,7,-1,-1
103,149,970.27,416.57,22.06,20.58,0.83,4,-1,-1
103,150,1062.66,436.15,10.91,20.61,0.40,1,-1,-1
103,55,557.83,703.52,101.65,98.42,0.92,6,-1,-1
103,153,850.38,535.78,14.46,24.71,0.83,10,-1,-1
103,154,999.84,409.52,18.08,18.08,0.73,4,-1,-1
103,155,1424.73,918.48,166.34,72.32,0.93,4,-1,-1
104,10,311.64,952.68,152.71,130.28,0.99,4,-1,-1
104,12,763.65,561.47,47.62,38.70,0.99,4,-1,-1
104,14,842.96,629.36,50.72,58.87,1.00,4,-1,-1
104,19,1022.20,427.33,21.44,20.06,0.97,4,-1,-1
104,20,943.97,609.75,14.90,33.93,0.99,1,-1,-1
104,22,1017.79,455.80,25.22,24.63,0.98,4,-1,-1
104,23,1092.89,453.98,22.78,23.45,1.00,4,-1,-1
104,24,1115.83,570.69,35.07,37.55,0.98,4,-1,-1
104,25,1055.14,576.67,41.44,42.79,1.00,4,-1,-1
104,26,1131.33,653.15,48.16,49.67,1.00,4,-1,-1
104,27,979.51,565.81,42.23,48.16,0.98,4,-1,-1
104,28,1230.72,652.96,91.76,48.09,1.00,4,-1,-1
104,43,864.53,545.49,38.39,37.01,0.99,4,-1,-1
104,44,910.85,787.69,67.20,76.80,1.00,4,-1,-1
104,47,1027.86,412.27,18.16,17.65,0.82,4,-1,-1
104,48,822.35,596.34,43.79,42.02,0.99,4,-1,-1
104,59,665.66,665.26,61.10,57.63,1.00,4,-1,-1
104,60,915.30,503.90,31.04,30.87,0.99,4,-1,-1
104,61,710.86,611.44,47.06,49.56,0.99,4,-1,-1
104,62,904.30,561.96,37.38,39.38,0.99,4,-1,-1
104,65,789.03,539.32,46.01,31.88,1.00,4,-1,-1
104,75,806.95,515.63,37.10,29.82,0.99,4,-1,-1
104,76,829.92,498.45,33.46,27.76,0.98,4,-1,-1
104,93,747.89,515.96,34.99,31.87,0.98,4,-1,-1
104,106,1279.79,697.59,120.48,47.87,0.99,4,-1,-1
104,109,990.29,427.84,22.58,22.39,0.98,4,-1,-1
104,110,1043.51,402.30,18.88,18.29,0.98,4,-1,-1
104,112,1315.00,724.36,130.49,50.18,0.97,4,-1,-1
104,113,654.20,564.72,73.70,35.20,0.98,4,-1,-1
104,114,861.06,468.96,31.11,26.24,0.98,4,-1,-1
104,115,909.96,453.66,25.25,22.82,0.99,4,-1,-1
104,119,849.55,486.26,32.31,25.95,0.99,4,-1,-1
104,120,1042.68,385.84,18.49,16.49,0.81,4,-1,-1
104,124,1344.52,782.20,142.38,57.79,0.99,4,-1,-1
104,125,1316.98,759.11,137.77,49.78,0.97,4,-1,-1
104,129,1060.17,437.29,11.68,19.07,0.83,10,-1,-1
104,130,1078.56,429.56,9.32,16.13,0.63,3,-1,-1
104,133,1058.54,434.02,10.77,21.11,0.71,1,-1,-1
104,135,1343.00,828.71,159.49,65.42,0.99,4,-1,-1
104,140,1002.35,393.73,19.39,17.58,0.67,4,-1,-1
104,141,638.96,579.04,89.24,42.24,0.40,6,-1,-1
104,142,1111.96,499.91,26.65,34.21,0.72,4,-1,-1
104,131,1078.47,430.23,8.54,15.27,0.33,3,-1,-1
104,147,922.04,425.58,40.14,19.11,0.71,4,-1,-1
104,148,545.66,707.73,118.10,103.28,0.79,6,-1,-1
104,149,968.94,417.53,21.76,20.11,0.40,4,-1,-1
104,55,546.65,713.12,96.61,98.14,0.55,4,-1,-1
104,153,846.07,540.36,14.53,24.33,0.89,10,-1,-1
104,154,997.63,411.15,19.12,17.68,0.81,4,-1,-1
104,155,1433.98,935.58,178.63,80.35,0.99,4,-1,-1
104,156,1403.04,882.32,149.46,68.71,0.93,4,-1,-1
105,10,293.13,972.08,154.03,114.26,1.00,4,-1,-1
105,12,759.40,565.39,48.23,38.34,0.99,4,-1,-1
105,14,835.88,638.39,52.66,61.16,1.00,4,-1,-1
105,19,1020.75,427.46,21.64,20.35,0.96,4,-1,-1
105,20,941.56,614.64,14.59,34.65,0.98,1,-1,-1
105,22,1017.33,455.74,24.53,25.06,0.95,4,-1,-1
105,23,1092.47,454.46,23.73,23.91,0.96,4,-1,-1
105,24,1115.71,573.12,36.72,39.21,0.98,4,-1,-1
105,25,1054.19,578.52,41.27,43.31,1.00,4,-1,-1
105,26,1131.87,658.75,49.28,50.65,1.00,4,-1,-1
105,27,978.33,565.88,42.25,48.68,0.99,4,-1,-1
105,28,1233.05,658.75,93.71,49.23,1.00,4,-1,-1
105,43,859.71,550.49,39.60,37.92,0.99,4,-1,-1
105,44,910.35,789.40,67.38,78.65,1.00,4,-1,-1
105,47,1026.65,412.11,18.06,17.07,0.81,4,-1,-1
105,48,814.98,603.47,46.22,44.24,0.99,4,-1,-1
105,59,657.49,672.21,62.57,58.19,0.99,4,-1,-1
105,60,911.58,507.59,31.42,32.16,0.98,4,-1,-1
105,61,705.20,616.80,47.27,49.76,0.99,4,-1,-1
105,62,899.25,567.69,39.21,40.71,1.00,4,-1,-1
105,65,785.36,541.96,46.15,32.84,1.00,4,-1,-1
105,75,803.10,517.83,37.44,30.14,0.99,4,-1,-1
105,76,826.16,500.55,34.57,28.60,0.98,4,-1,-1
105,93,743.85,518.37,35.02,32.42,0.98,4,-1,-1
105,106,1284.34,705.00,121.40,49.20,0.99,4,-1,-1
105,109,988.52,429.54,22.88,22.41,0.98,4,-1,-1
105,110,1042.15,402.35,18.27,18.17,0.97,4,-1,-1
105,112,1319.67,733.07,132.93,50.89,0.99,4,-1,-1
105,113,652.29,567.49,71.61,35.82,0.98,4,-1,-1
105,114,858.02,470.46,31.33,26.45,0.99,4,-1,-1
105,115,908.55,454.99,25.18,23.34,1.00,4,-1,-1
105,119,846.87,488.19,31.81,25.98,0.98,4,-1,-1
105,120,1041.52,385.94,18.22,16.36,0.86,4,-1,-1
105,124,1349.36,792.53,146.56,60.67,0.99,4,-1,-1
105,125,1322.19,769.18,142.44,50.70,0.98,4,-1,-1
105,129,1057.83,436.39,11.97,20.02,0.82,10,-1,-1
105,130,1078.22,431.61,8.69,16.24,0.69,3,-1,-1
105,133,1058.26,434.87,10.07,19.87,0.31,1,-1,-1
105,135,1349.02,841.57,163.29,68.21,1.00,4,-1,-1
105,140,1001.40,395.18,17.80,17.17,0.86,4,-1,-1
105,141,636.92,582.88,85.74,40.98,0.86,4,-1,-1
105,142,1111.05,503.38,27.50,33.96,0.57,4,-1,-1
105,131,1077.33,431.65,9.29,15.95,0.60,1,-1,-1
105,147,918.82,426.23,40.54,19.50,0.74,4,-1,-1
105,148,535.00,715.38,121.80,105.50,0.75,6,-1,-1
105,149,966.81,418.23,21.67,19.94,0.46,4,-1,-1
105,55,535.97,723.17,92.05,97.89,0.69,4,-1,-1
105,153,842.71,546.18,14.55,21.93,0.67,10,-1,-1
105,154,996.68,412.28,18.43,18.08,0.92,4,-1,-1
105,155,1444.52,952.99,183.08,83.83,1.00,4,-1,-1
105,156,1412.28,897.47,159.78,70.95,0.97,4,-1,-1
105,157,533.67,715.98,114.81,107.28,0.74,7,-1,-1
105,158,910.04,476.12,16.88,21.70,0.69,10,-1,-1
106,10,276.95,991.44,153.84,94.18,0.98,4,-1,-1
106,12,755.89,568.23,49.21,39.79,0.98,4,-1,-1
106,14,829.28,647.75,54.92,63.52,1.00,4,-1,-1
106,19,1020.75,428.27,20.88,20.44,0.96,4,-1,-1
106,20,939.71,619.36,15.30,34.07,0.99,1,-1,-1
106,22,1017.31,456.25,24.24,25.20,0.97,4,-1,-1
106,23,1093.16,455.76,24.07,23.66,0.99,4,-1,-1
106,24,1117.31,578.33,36.49,38.21,0.99,4,-1,-1
106,25,1053.97,580.19,41.17,44.26,1.00,4,-1,-1
106,26,1132.91,664.85,50.44,51.74,1.00,4,-1,-1
106,27,977.68,565.52,42.22,49.63,0.99,4,-1,-1
106,28,1236.24,664.50,94.33,50.38,1.00,4,-1,-1
106,43,855.48,555.51,40.01,39.00,0.99,4,-1,-1
106,44,910.81,790.90,68.22,78.45,1.00,4,-1,-1
106,47,1025.52,413.27,18.01,17.69,0.83,4,-1,-1
106,48,809.09,610.80,47.87,46.40,1.00,4,-1,-1
106,59,651.06,678.45,63.84,59.91,0.99,4,-1,-1
106,60,908.48,512.16,32.33,32.61,0.99,4,-1,-1
106,61,700.04,621.33,48.09,51.37,0.99,4,-1,-1
106,62,895.30,573.54,39.85,42.35,1.00,4,-1,-1
106,65,782.01,544.96,47.74,33.16,1.00,4,-1,-1
106,75,800.46,520.49,37.52,30.22,0.98,4,-1,-1
106,76,823.52,502.80,34.95,28.88,0.98,4,-1,-1
106,93,740.40,520.92,35.00,32.59,0.96,4,-1,-1
106,106,1289.10,712.49,123.16,50.42,1.00,4,-1,-1
106,109,986.85,430.90,23.78,22.79,0.97,4,-1,-1
106,110,1041.80,402.96,18.04,18.51,0.98,4,-1,-1
106,112,1326.00,741.01,133.66,51.86,0.99,4,-1,-1
106,113,644.21,571.93,74.72,35.61,0.98,4,-1,-1
106,114,855.60,471.92,32.19,26.90,0.99,4,-1,-1
106,115,907.04,456.79,25.15,24.31,0.99,4,-1,-1
106,119,844.60,489.78,32.39,26.78,0.98,4,-1,-1
106,120,1040.82,386.38,18.10,16.30,0.92,4,-1,-1
106,124,1356.49,803.73,149.53,61.66,1.00,4,-1,-1
106,125,1328.69,779.16,143.98,50.96,0.97,4,-1,-1
106,129,1057.06,437.64,11.27,19.52,0.90,10,-1,-1
106,130,1078.18,434.52,8.45,15.03,0.67,3,-1,-1
106,135,1355.79,854.86,167.56,69.94,1.00,4,-1,-1
106,140,1000.42,396.70,18.00,16.57,0.59,4,-1,-1
106,141,631.61,587.71,86.72,40.42,0.85,4,-1,-1
106,142,1111.20,505.46,27.78,35.10,0.64,4,-1,-1
106,131,1077.42,433.71,9.53,15.35,0.78,1,-1,-1
106,147,918.05,427.47,38.90,19.16,0.79,4,-1,-1
106,148,525.04,720.53,125.21,110.32,0.71,6,-1,-1
106,149,965.91,419.02,21.64,20.32,0.51,4,-1,-1
106,55,524.81,736.93,89.05,95.20,0.47,4,-1,-1
106,153,839.48,550.22,14.52,23.07,0.41,10,-1,-1
106,154,996.15,413.33,18.12,18.16,0.85,4,-1,-1
106,155,1456.45,972.43,202.67,85.74,1.00,4,-1,-1
106,156,1424.45,912.73,171.04,73.26,0.97,4,-1,-1
106,158,908.04,480.47,15.98,20.82,0.69,10,-1,-1
106,159,1078.19,434.23,8.44,15.07,0.75,3,-1,-1
106,160,1155.94,651.50,24.11,25.31,0.64,10,-1,-1
107,10,263.21,1013.68,150.23,70.24,0.72,4,-1,-1
107,12,751.52,571.68,50.40,40.76,0.99,4,-1,-1
107,14,822.67,657.63,56.58,66.82,1.00,4,-1,-1
107,19,1020.68,428.13,20.60,20.49,0.96,4,-1,-1
107,20,938.10,623.95,15.57,35.52,0.95,1,-1,-1
107,22,1017.62,456.86,24.15,24.88,0.98,4,-1,-1
107,23,1094.22,456.26,25.00,23.99,0.99,4,-1,-1
107,24,1118.32,581.58,37.22,38.84,0.98,4,-1,-1
107,25,1054.24,581.91,41.14,44.86,1.00,4,-1,-1
107,26,1134.49,671.25,51.69,52.98,1.00,4,-1,-1
107,27,977.32,566.29,43.05,49.63,0.99,4,-1,-1
107,28,1240.28,671.18,94.59,50.87,1.00,4,-1,-1
107,43,851.35,561.15,40.97,39.84,0.99,4,-1,-1
107,44,911.54,792.58,68.58,78.46,1.00,4,-1,-1
107,47,1024.63,413.64,18.02,17.93,0.80,4,-1,-1
107,48,802.73,619.08,49.31,48.05,1.00,4,-1,-1
107,59,643.96,685.18,65.14,61.40,0.99,4,-1,-1
107,60,905.61,516.43,32.68,33.20,0.99,4,-1,-1
107,61,694.62,626.21,49.22,52.81,1.00,4,-1,-1
107,62,891.69,579.89,40.11,43.60,0.99,4,-1,-1
107,65,779.32,547.87,47.57,33.71,0.99,4,-1,-1
107,75,796.84,522.66,39.18,31.49,1.00,4,-1,-1
107,76,821.53,505.01,35.11,29.41,0.98,4,-1,-1
107,93,736.43,523.02,35.83,33.90,0.98,4,-1,-1
107,106,1293.74,721.44,125.47,50.94,1.00,4,-1,-1
107,109,985.76,432.16,24.13,23.36,0.98,4,-1,-1
107,110,1041.21,403.14,17.98,18.66,0.94,4,-1,-1
107,112,1331.26,750.54,138.76,53.87,0.98,4,-1,-1
107,113,637.31,576.17,76.70,35.17,0.98,4,-1,-1
107,114,853.72,473.62,32.53,27.51,1.00,4,-1,-1
107,115,906.72,458.80,24.34,24.31,0.98,4,-1,-1
107,119,841.96,492.14,33.43,27.10,0.97,4,-1,-1
107,120,1040.12,386.29,18.07,17.11,0.90,4,-1,-1
107,124,1364.42,816.51,153.89,63.68,1.00,4,-1,-1
107,125,1334.80,790.27,146.13,52.71,0.98,4,-1,-1
107,129,1056.33,438.52,11.82,19.76,0.89,10,-1,-1
107,130,1078.09,435.30,9.23,15.01,0.46,3,-1,-1
107,135,1364.35,869.63,172.32,71.45,1.00,4,-1,-1
107,140,999.58,397.35,18.09,16.78,0.57,4,-1,-1
107,141,622.80,591.82,91.26,41.95,0.97,4,-1,-1
107,142,1112.06,507.65,27.88,35.54,0.62,4,-1,-1
107,131,1078.26,435.23,8.82,15.56,0.62,1,-1,-1
107,147,915.47,428.38,39.29,19.54,0.90,4,-1,-1
107,148,513.34,727.72,129.43,116.20,0.79,6,-1,-1
107,149,964.17,420.29,22.52,20.47,0.57,4,-1,-1
107,55,513.89,745.29,90.73,99.06,0.59,4,-1,-1
107,153,836.50,552.18,14.50,26.14,0.39,10,-1,-1
107,154,995.80,414.44,18.05,18.18,0.85,4,-1,-1
107,155,1469.25,994.06,198.81,83.64,1.00,4,-1,-1
107,156,1436.68,930.06,187.56,77.69,0.99,4,-1,-1
107,158,905.83,483.56,16.76,19.72,0.69,7,-1,-1
107,161,1119.78,551.15,32.54,36.16,0.61,6,-1,-1
107,162,1715.22,1026.96,31.34,51.83,0.88,1,-1,-1
108,10,250.37,1036.26,145.57,45.44,0.28,4,-1,-1
108,12,747.12,575.13,51.59,41.46,1.00,4,-1,-1
108,14,815.03,667.26,59.51,69.54,0.99,4,-1,-1
108,19,1019.06,428.00,21.31,20.89,0.96,4,-1,-1
108,20,936.09,628.51,15.66,36.01,0.98,1,-1,-1
108,22,1016.15,456.59,24.92,25.13,0.97,4,-1,-1
108,23,1094.15,456.32,26.13,24.49,1.00,4,-1,-1
108,24,1117.83,584.25,38.26,40.42,0.99,4,-1,-1
108,25,1053.17,583.28,41.91,45.21,1.00,4,-1,-1
108,26,1135.01,676.75,53.70,54.95,0.99,4,-1,-1
108,27,976.09,567.19,43.32,48.74,0.99,4,-1,-1
108,28,1242.78,677.16,97.79,52.55,1.00,4,-1,-1
108,43,846.54,566.38,41.27,40.87,1.00,4,-1,-1
108,44,911.62,793.19,68.66,79.17,1.00,4,-1,-1
108,47,1023.53,413.93,18.01,18.41,0.91,4,-1,-1
108,48,795.59,626.62,50.58,50.17,1.00,4,-1,-1
108,59,636.75,691.71,66.34,62.64,1.00,4,-1,-1
108,60,901.57,520.41,33.57,34.56,0.99,4,-1,-1
108,61,689.14,630.53,49.59,54.07,1.00,4,-1,-1
108,62,886.62,585.55,41.74,45.18,1.00,4,-1,-1
108,65,775.50,550.55,48.22,34.66,1.00,4,-1,-1
108,75,794.64,525.10,38.16,31.52,1.00,4,-1,-1
108,76,818.70,506.89,35.12,29.57,0.98,4,-1,-1
108,93,732.58,525.85,36.10,34.33,0.98,4,-1,-1
108,106,1297.18,728.98,127.75,51.81,1.00,4,-1,-1
108,109,984.24,433.54,24.23,23.53,0.99,4,-1,-1
108,110,1039.40,402.56,18.79,19.50,0.94,4,-1,-1
108,112,1336.47,759.42,140.49,55.31,0.99,4,-1,-1
108,113,632.91,579.33,76.56,34.13,0.99,4,-1,-1
108,114,851.67,475.15,32.62,28.10,0.99,4,-1,-1
108,115,904.71,460.25,24.88,25.06,0.99,4,-1,-1
108,119,839.25,493.69,33.78,27.58,0.96,4,-1,-1
108,120,1038.25,386.03,18.88,17.79,0.87,4,-1,-1
108,124,1371.39,827.68,156.90,66.69,0.99,4,-1,-1
108,125,1340.32,800.87,151.42,53.25,0.99,4,-1,-1
108,129,1055.29,439.37,12.01,19.42,0.82,10,-1,-1
108,130,1077.67,436.07,9.48,15.82,0.49,3,-1,-1
108,135,1372.35,883.04,180.12,75.03,1.00,4,-1,-1
108,140,998.13,397.94,18.10,17.26,0.76,4,-1,-1
108,141,617.38,594.88,92.81,43.04,0.84,4,-1,-1
108,142,1111.52,510.05,29.53,35.23,0.91,4,-1,-1
108,147,910.16,428.79,41.98,20.09,0.87,4,-1,-1
108,148,503.08,737.68,129.74,117.27,0.79,6,-1,-1
108,149,962.90,421.08,22.81,20.92,0.90,4,-1,-1
108,55,503.31,757.52,89.24,97.94,0.47,4,-1,-1
108,153,832.92,556.18,14.48,26.72,0.82,10,-1,-1
108,154,994.53,415.14,18.02,18.59,0.86,4,-1,-1
108,155,1481.99,1015.57,196.25,66.67,1.00,4,-1,-1
108,156,1447.53,948.12,197.95,79.82,0.97,4,-1,-1
108,158,902.83,486.22,16.98,20.28,0.82,7,-1,-1
109,12,743.50,578.41,51.18,41.68,1.00,4,-1,-1
109,14,807.40,678.79,61.35,71.27,0.99,4,-1,-1
109,19,1018.22,428.93,20.75,20.62,0.92,4,-1,-1
109,20,933.99,634.34,14.86,35.35,0.99,1,-1,-1
109,22,1015.35,457.05,24.37,24.80,0.96,4,-1,-1
109,23,1094.16,457.28,26.53,24.25,0.99,4,-1,-1
109,24,1117.69,588.00,40.21,41.16,0.98,4,-1,-1
109,25,1052.50,585.42,42.16,45.50,1.00,4,-1,-1
109,26,1135.62,683.62,55.19,54.84,1.00,4,-1,-1
109,27,975.42,568.42,42.58,47.13,0.99,4,-1,-1
109,28,1245.61,683.02,98.89,53.92,1.00,4,-1,-1
109,43,841.50,572.07,42.13,41.61,0.99,4,-1,-1
109,44,911.45,795.16,68.64,79.37,1.00,4,-1,-1
109,47,1021.65,414.62,18.82,18.57,0.92,4,-1,-1
109,48,788.95,635.83,51.00,50.92,1.00,4,-1,-1
109,59,629.85,698.57,66.71,63.83,0.99,4,-1,-1
109,60,897.94,524.89,33.87,35.03,0.99,4,-1,-1
109,61,683.60,636.64,49.67,53.68,0.99,4,-1,-1
109,62,882.24,592.74,42.31,45.53,0.99,4,-1,-1
109,65,772.06,553.77,48.41,34.18,1.00,4,-1,-1
109,75,791.40,527.66,38.52,31.48,0.99,4,-1,-1
109,76,815.99,509.46,35.09,29.19,0.99,4,-1,-1
109,93,729.17,528.57,35.36,34.46,0.98,4,-1,-1
109,106,1301.08,737.35,131.65,53.67,1.00,4,-1,-1
109,109,982.66,435.19,23.43,23.57,0.98,4,-1,-1
109,110,1038.08,402.92,19.07,19.39,0.97,4,-1,-1
109,112,1342.60,769.04,144.13,57.37,0.99,4,-1,-1
109,113,626.64,583.74,77.21,34.77,0.98,4,-1,-1
109,114,849.62,477.03,32.63,27.89,0.99,4,-1,-1
109,115,903.43,462.89,24.24,24.52,0.98,4,-1,-1
109,119,836.95,495.55,33.07,27.33,0.99,4,-1,-1
109,120,1036.50,386.34,19.15,18.03,0.95,4,-1,-1
109,124,1378.90,840.01,161.02,69.32,0.99,4,-1,-1
109,125,1346.51,812.29,148.48,54.18,0.99,4,-1,-1
109,129,1054.23,440.04,12.07,19.28,0.91,10,-1,-1
109,130,1076.80,437.89,9.58,16.10,0.60,3,-1,-1
109,135,1381.78,898.11,184.41,77.08,0.99,4,-1,-1
109,140,996.58,398.94,18.09,17.41,0.95,4,-1,-1
109,141,610.96,598.78,93.87,43.19,0.90,4,-1,-1
109,142,1110.98,512.81,30.10,35.08,0.95,4,-1,-1
109,147,906.53,429.47,42.90,20.28,0.93,4,-1,-1
109,148,492.03,746.28,132.62,119.00,0.95,6,-1,-1
109,149,961.47,422.34,22.90,20.64,0.96,4,-1,-1
109,153,828.74,562.80,14.47,24.33,0.89,10,-1,-1
109,154,993.07,416.59,18.01,18.71,0.93,4,-1,-1
109,155,1498.23,1037.97,181.20,44.46,0.92,4,-1,-1
109,156,1457.99,967.46,206.09,82.07,0.98,4,-1,-1
109,158,901.02,488.64,16.09,20.44,0.69,7,-1,-1
109,163,1119.78,558.08,33.75,35.56,0.67,5,-1,-1
110,12,738.75,582.80,51.81,42.17,0.99,4,-1,-1
110,14,799.23,690.20,63.60,75.07,0.99,4,-1,-1
110,19,1017.36,429.94,20.53,20.53,0.97,4,-1,-1
110,20,931.80,639.71,15.39,36.74,0.98,1,-1,-1
110,22,1014.47,457.28,24.99,25.11,0.94,4,-1,-1
110,23,1095.21,458.32,27.47,24.58,0.99,4,-1,-1
110,24,1118.65,591.65,40.94,42.45,0.99,4,-1,-1
110,25,1052.08,587.70,42.24,45.01,1.00,4,-1,-1
110,26,1137.64,690.64,56.53,56.38,1.00,4,-1,-1
110,27,974.98,569.58,43.12,46.97,0.99,4,-1,-1
110,28,1248.46,689.65,100.88,56.05,1.00,4,-1,-1
110,43,835.87,578.34,44.03,42.49,1.00,4,-1,-1
110,44,911.89,797.27,68.64,79.49,1.00,4,-1,-1
110,47,1020.82,415.32,19.12,18.24,0.89,4,-1,-1
110,48,781.14,644.80,53.51,53.57,1.00,4,-1,-1
110,59,620.69,706.23,69.21,65.88,0.99,4,-1,-1
110,60,894.44,529.92,34.77,35.21,0.99,4,-1,-1
110,61,676.92,641.67,51.29,55.12,1.00,4,-1,-1
110,62,877.66,599.98,43.30,46.65,1.00,4,-1,-1
110,65,767.37,556.54,50.08,35.22,1.00,4,-1,-1
110,75,787.99,530.40,39.46,31.88,1.00,4,-1,-1
110,76,812.77,511.81,35.88,29.87,0.99,4,-1,-1
110,93,725.29,531.54,35.90,34.10,1.00,4,-1,-1
110,106,1305.91,746.10,136.29,55.19,0.99,4,-1,-1
110,109,981.13,436.82,23.93,24.00,0.99,4,-1,-1
110,110,1037.47,403.31,19.18,19.35,0.97,4,-1,-1
110,112,1348.25,779.85,148.66,58.17,0.99,4,-1,-1
110,113,620.90,587.28,78.24,35.85,0.99,4,-1,-1
110,114,847.87,478.52,31.81,27.82,0.99,4,-1,-1
110,115,901.51,464.88,24.85,24.71,0.98,4,-1,-1
110,119,833.90,497.02,34.42,28.46,0.99,4,-1,-1
110,120,1035.32,386.30,19.26,18.12,0.98,4,-1,-1
110,124,1386.62,854.21,165.71,71.93,1.00,4,-1,-1
110,125,1353.00,824.57,151.96,56.15,0.99,4,-1,-1
110,129,1053.31,440.74,12.90,19.65,0.94,10,-1,-1
110,130,1076.74,439.20,9.62,17.03,0.63,1,-1,-1
110,135,1391.04,914.53,190.63,80.25,1.00,4,-1,-1
110,140,995.47,400.53,18.08,17.07,0.92,4,-1,-1
110,141,603.97,602.53,94.65,44.49,0.91,4,-1,-1
110,142,1111.45,515.47,30.30,35.03,0.96,4,-1,-1
110,147,903.43,430.51,42.44,19.96,0.94,4,-1,-1
110,148,479.15,757.82,134.30,119.57,0.80,6,-1,-1
110,149,960.40,423.20,22.93,20.97,0.97,4,-1,-1
110,153,824.17,566.52,15.32,25.54,0.93,10,-1,-1
110,154,991.55,417.73,18.87,19.18,0.94,4,-1,-1
110,156,1470.74,987.83,213.63,85.35,0.91,4,-1,-1
110,158,898.54,491.96,15.77,19.61,0.83,7,-1,-1
110,163,1120.01,561.79,34.85,37.63,0.77,5,-1,-1
110,164,897.99,491.79,15.67,19.89,0.63,10,-1,-1
110,165,1163.17,676.21,24.11,28.93,0.64,10,-1,-1
110,55,480.68,762.21,122.72,115.47,0.95,4,-1,-1
111,12,734.05,587.16,52.86,42.55,0.99,4,-1,-1
111,14,790.96,702.85,65.26,78.07,1.00,4,-1,-1
111,19,1016.52,431.17,20.47,19.68,0.98,4,-1,-1
111,20,930.13,645.77,15.59,36.45,0.98,1,-1,-1
111,22,1014.44,457.42,24.42,25.63,0.97,4,-1,-1
111,23,1095.90,459.74,28.63,24.70,0.99,4,-1,-1
111,24,1119.38,596.03,41.23,43.13,0.99,4,-1,-1
111,25,1051.46,589.63,43.11,45.43,1.00,4,-1,-1
111,26,1139.19,697.65,57.85,58.54,1.00,4,-1,-1
111,27,974.32,569.90,43.34,47.55,0.99,4,-1,-1
111,28,1252.71,697.68,101.66,56.84,1.00,4,-1,-1
111,43,830.48,584.53,44.77,43.80,1.00,4,-1,-1
111,44,912.37,799.93,68.69,78.73,1.00,4,-1,-1
111,47,1019.99,415.82,19.25,18.12,0.88,4,-1,-1
111,48,773.00,654.96,55.28,54.56,1.00,4,-1,-1
111,59,612.78,714.43,70.19,67.43,0.99,4,-1,-1
111,60,891.04,535.24,35.12,36.06,0.99,4,-1,-1
111,61,670.72,647.68,52.73,56.46,0.99,4,-1,-1
111,62,873.09,607.91,44.49,47.85,1.00,4,-1,-1
111,65,763.47,560.49,50.73,35.59,1.00,4,-1,-1
111,75,783.77,533.33,40.63,33.24,0.99,4,-1,-1
111,76,809.83,513.97,36.19,30.52,0.99,4,-1,-1
111,93,721.29,534.98,35.31,33.96,0.99,4,-1,-1
111,106,1312.49,756.50,138.08,56.53,0.99,4,-1,-1
111,109,979.24,438.86,24.13,24.15,0.99,4,-1,-1
111,110,1036.74,404.30,19.24,18.93,0.98,4,-1,-1
111,112,1355.94,792.23,150.40,58.42,0.99,4,-1,-1
111,113,615.22,591.95,78.05,36.25,0.98,4,-1,-1
111,114,845.46,480.36,32.34,28.20,0.99,4,-1,-1
111,115,899.86,467.48,25.09,24.78,0.99,4,-1,-1
111,119,830.61,499.46,35.73,28.48,0.99,4,-1,-1
111,120,1033.97,387.12,19.31,17.75,0.98,4,-1,-1
111,124,1395.10,869.39,172.27,74.45,1.00,4,-1,-1
111,125,1360.21,837.45,154.86,57.65,0.99,4,-1,-1
111,129,1052.85,441.43,12.43,19.80,0.96,10,-1,-1
111,130,1076.22,441.28,9.64,17.38,0.60,1,-1,-1
111,135,1401.69,932.51,196.13,82.97,1.00,4,-1,-1
111,140,994.55,402.14,18.10,16.53,0.85,4,-1,-1
111,141,597.24,608.08,96.15,44.55,0.98,4,-1,-1
111,142,1111.57,517.24,32.00,36.66,0.96,4,-1,-1
111,147,900.59,431.73,42.28,19.42,0.98,4,-1,-1
111,148,465.90,766.31,138.41,126.98,0.79,6,-1,-1
111,149,958.27,424.35,23.78,21.50,0.98,4,-1,-1
111,153,820.41,573.06,15.63,24.29,0.92,10,-1,-1
111,154,990.89,419.17,18.36,19.34,0.91,4,-1,-1
111,156,1483.49,1008.39,216.21,74.10,0.92,4,-1,-1
111,158,895.51,493.87,17.44,21.10,0.97,7,-1,-1
111,163,1120.53,565.37,34.19,37.16,0.96,5,-1,-1
111,55,467.38,784.73,106.63,109.31,0.66,4,-1,-1
112,12,728.46,590.99,54.01,43.67,0.99,4,-1,-1
112,14,780.89,715.77,68.17,82.28,1.00,4,-1,-1
112,19,1014.98,431.64,21.27,19.77,0.98,4,-1,-1
112,20,926.71,651.21,16.47,37.94,0.93,1,-1,-1
112,22,1013.60,457.07,24.19,26.23,0.97,4,-1,-1
112,23,1096.86,460.28,28.25,25.14,0.99,4,-1,-1
112,24,1118.72,598.93,42.89,45.35,0.96,4,-1,-1
112,25,1050.76,590.85,43.40,46.78,0.99,4,-1,-1
112,26,1140.00,704.62,59.08,60.11,1.00,4,-1,-1
112,27,972.84,569.76,44.21,49.38,0.99,4,-1,-1
112,28,1255.64,705.07,103.45,57.88,1.00,4,-1,-1
112,43,823.82,590.80,46.58,45.05,0.99,4,-1,-1
112,44,912.47,801.35,68.67,79.24,1.00,4,-1,-1
112,47,1018.88,416.02,19.28,18.48,0.91,4,-1,-1
112,48,764.16,664.64,57.46,57.25,1.00,4,-1,-1
112,59,603.13,722.13,72.26,70.34,1.00,4,-1,-1
112,60,886.26,539.85,36.81,37.55,0.99,4,-1,-1
112,61,663.45,653.44,54.01,57.72,0.99,4,-1,-1
112,62,867.50,615.81,45.68,49.26,1.00,4,-1,-1
112,65,758.57,563.80,52.52,36.11,0.99,4,-1,-1
112,75,779.52,536.08,41.04,33.33,0.99,4,-1,-1
112,76,806.04,516.06,37.08,31.15,0.99,4,-1,-1
112,93,715.94,536.90,36.70,35.11,0.98,4,-1,-1
112,106,1315.45,765.51,143.37,58.59,1.00,4,-1,-1
112,109,976.95,439.99,24.99,25.00,0.98,4,-1,-1
112,110,1035.66,404.30,18.43,18.76,0.95,4,-1,-1
112,112,1360.85,803.95,155.64,59.26,0.99,4,-1,-1
112,113,605.94,595.67,82.55,36.80,0.99,4,-1,-1
112,114,842.65,481.36,33.32,29.54,0.99,4,-1,-1
112,115,897.25,469.38,25.99,25.60,0.99,4,-1,-1
112,119,827.48,501.08,36.19,29.27,0.99,4,-1,-1
112,120,1032.66,387.48,19.31,17.60,0.94,4,-1,-1
112,124,1404.18,884.83,176.17,76.94,1.00,4,-1,-1
112,125,1368.08,850.88,160.54,59.78,0.99,4,-1,-1
112,129,1051.89,441.69,12.21,19.44,0.95,10,-1,-1
112,130,1075.97,443.05,9.64,17.50,0.64,3,-1,-1
112,135,1412.37,950.91,201.10,86.32,1.00,4,-1,-1
112,140,993.43,402.94,18.09,16.74,0.75,4,-1,-1
112,141,590.03,611.90,98.43,45.55,0.90,4,-1,-1
112,142,1110.71,519.23,33.39,37.24,0.98,4,-1,-1
112,147,896.39,432.12,43.03,19.66,0.95,4,-1,-1
112,148,450.81,772.44,143.29,134.40,0.77,6,-1,-1
112,149,955.89,425.17,24.07,21.68,0.95,4,-1,-1
112,153,815.53,577.26,15.72,25.47,0.97,10,-1,-1
112,154,989.04,420.30,18.99,19.38,0.95,4,-1,-1
112,158,891.63,496.55,17.98,20.75,0.96,7,-1,-1
112,163,1119.54,568.36,35.76,39.26,0.94,5,-1,-1
112,55,451.72,800.26,101.77,108.07,0.69,4,-1,-1
113,12,723.38,594.54,55.22,44.65,1.00,4,-1,-1
113,14,770.25,729.49,71.60,86.93,0.99,4,-1,-1
113,19,1014.00,431.77,21.55,19.80,0.98,4,-1,-1
113,20,924.35,656.65,16.80,39.27,0.95,1,-1,-1
113,22,1013.31,457.53,24.10,26.03,0.98,4,-1,-1
113,23,1098.40,461.22,27.27,24.88,0.99,4,-1,-1
113,24,1118.86,603.40,43.50,45.36,0.99,4,-1,-1
113,25,1049.33,592.60,44.30,47.04,1.00,4,-1,-1
113,26,1140.71,711.73,60.30,61.43,0.99,4,-1,-1
113,27,972.34,570.66,43.72,49.03,1.00,4,-1,-1
113,28,1259.06,712.31,105.67,60.60,1.00,4,-1,-1
113,43,817.53,597.60,48.04,46.47,0.99,4,-1,-1
113,44,912.19,802.58,69.48,81.02,1.00,4,-1,-1
113,47,1018.07,416.07,19.29,18.60,0.92,4,-1,-1
113,48,755.54,675.60,59.06,59.78,1.00,4,-1,-1
113,59,593.68,730.05,74.40,72.96,0.98,4,-1,-1
113,60,881.81,545.24,37.44,38.08,0.99,4,-1,-1
113,61,656.20,659.49,55.28,58.93,0.99,4,-1,-1
113,62,861.99,623.38,47.69,51.32,0.99,4,-1,-1
113,65,754.11,566.98,53.97,37.07,1.00,4,-1,-1
113,75,776.09,538.87,41.17,34.13,1.00,4,-1,-1
113,76,803.16,518.60,37.41,31.77,0.99,4,-1,-1
113,93,712.15,539.58,37.20,35.91,0.99,4,-1,-1
113,106,1321.20,775.26,146.87,60.88,0.99,4,-1,-1
113,109,975.73,441.96,24.50,24.50,0.99,4,-1,-1
113,110,1034.89,404.49,18.13,18.69,0.96,4,-1,-1
113,112,1368.11,815.88,157.53,60.28,0.99,4,-1,-1
113,113,598.97,600.22,83.59,36.57,0.99,4,-1,-1
113,114,840.09,483.50,32.88,29.62,0.99,4,-1,-1
113,115,895.14,471.24,26.33,26.69,0.98,4,-1,-1
113,119,825.23,503.45,35.55,29.54,0.99,4,-1,-1
113,120,1031.38,388.01,19.31,17.12,0.94,4,-1,-1
113,124,1413.81,900.45,180.68,80.14,0.99,4,-1,-1
113,125,1376.46,865.77,159.42,61.30,0.99,4,-1,-1
113,129,1051.15,442.15,12.13,20.12,0.98,10,-1,-1
113,130,1075.46,445.03,9.64,17.53,0.65,3,-1,-1
113,135,1423.38,970.33,207.52,88.25,1.00,4,-1,-1
113,140,992.64,403.80,17.26,16.81,0.81,4,-1,-1
113,141,584.86,616.46,97.62,45.87,0.98,4,-1,-1
113,142,1111.16,521.85,32.33,37.02,0.96,4,-1,-1
113,147,893.34,432.85,42.47,20.15,0.97,4,-1,-1
113,148,436.48,784.85,150.55,137.10,0.97,6,-1,-1
113,149,954.66,426.04,24.17,21.73,0.96,4,-1,-1
113,153,811.51,581.71,15.75,25.46,0.96,10,-1,-1
113,154,987.58,421.48,19.22,19.38,0.92,4,-1,-1
113,158,888.28,500.33,19.00,21.01,0.96,7,-1,-1
113,163,1119.66,571.27,37.13,39.44,0.95,5,-1,-1
113,55,435.40,816.27,99.54,107.48,0.15,4,-1,-1
113,166,964.89,408.31,19.29,18.08,0.79,4,-1,-1
114,12,718.11,599.09,56.48,46.27,0.99,4,-1,-1
114,14,759.73,744.59,75.24,91.92,0.99,4,-1,-1
114,19,1013.29,431.75,21.67,20.66,0.98,4,-1,-1
114,20,921.76,663.23,17.71,40.60,0.99,1,-1,-1
114,22,1012.79,457.88,24.08,26.39,0.97,4,-1,-1
114,23,1099.44,461.37,29.33,25.63,0.96,4,-1,-1
114,24,1119.33,609.36,44.52,44.98,0.99,4,-1,-1
114,25,1048.77,594.92,44.64,47.39,1.00,4,-1,-1
114,26,1142.52,720.28,61.54,63.57,1.00,4,-1,-1
114,27,971.68,571.64,43.53,48.95,0.99,4,-1,-1
114,28,1263.12,720.17,108.12,63.29,1.00,4,-1,-1
114,43,811.09,604.97,50.16,48.24,1.00,4,-1,-1
114,44,911.81,805.41,70.60,82.59,1.00,4,-1,-1
114,47,1017.02,416.43,20.12,19.49,0.92,4,-1,-1
114,48,746.21,687.29,61.22,62.38,1.00,4,-1,-1
114,59,583.09,738.97,76.78,75.61,1.00,4,-1,-1
114,60,877.70,550.52,38.45,39.90,0.99,4,-1,-1
114,61,648.87,665.35,56.54,61.83,0.99,4,-1,-1
114,62,855.87,632.24,49.24,53.73,1.00,4,-1,-1
114,65,749.90,570.80,54.51,37.88,1.00,4,-1,-1
114,75,772.27,542.15,42.02,34.87,0.99,4,-1,-1
114,76,799.57,521.40,38.33,32.44,0.99,4,-1,-1
114,93,706.96,542.79,37.40,37.05,0.99,4,-1,-1
114,106,1328.54,786.88,148.20,61.86,0.99,4,-1,-1
114,109,974.11,443.61,25.12,25.14,0.99,4,-1,-1
114,110,1033.84,404.69,18.86,19.10,0.96,4,-1,-1
114,112,1377.60,829.15,159.82,61.57,0.99,4,-1,-1
114,113,591.94,604.67,85.39,37.36,0.99,4,-1,-1
114,114,837.85,485.37,32.70,30.08,0.99,4,-1,-1
114,115,892.68,473.21,27.27,27.53,0.99,4,-1,-1
114,119,821.90,505.60,36.10,30.48,1.00,4,-1,-1
114,120,1030.59,387.93,19.31,17.78,0.90,4,-1,-1
114,124,1424.91,918.30,185.56,83.84,1.00,4,-1,-1
114,125,1384.75,880.99,162.09,64.36,0.99,4,-1,-1
114,129,1050.53,443.09,12.09,19.98,0.95,10,-1,-1
114,130,1074.93,446.53,9.64,17.56,0.27,3,-1,-1
114,135,1434.18,992.04,214.66,86.76,1.00,4,-1,-1
114,140,991.16,404.60,17.79,17.27,0.87,4,-1,-1
114,141,575.28,622.11,101.14,46.87,0.99,4,-1,-1
114,142,1111.00,524.04,33.49,38.60,0.97,4,-1,-1
114,147,889.39,433.98,43.11,20.37,0.91,4,-1,-1
114,148,419.85,795.48,155.22,144.52,0.99,6,-1,-1
114,149,953.43,427.06,24.20,22.18,0.99,4,-1,-1
114,153,806.68,587.62,16.57,25.46,0.98,10,-1,-1
114,154,986.67,422.61,19.30,19.80,0.91,4,-1,-1
114,158,885.79,503.58,18.56,21.96,0.96,7,-1,-1
114,163,1120.48,576.02,38.44,40.79,0.95,5,-1,-1
114,166,962.64,409.27,19.37,19.13,0.87,4,-1,-1
114,167,807.59,583.69,14.46,26.52,0.63,10,-1,-1
115,12,713.16,603.62,58.43,47.01,0.99,4,-1,-1
115,14,747.68,759.61,78.81,97.55,0.99,4,-1,-1
115,19,1012.71,431.80,21.67,20.95,0.97,4,-1,-1
115,20,920.21,670.22,16.43,40.24,0.98,1,-1,-1
115,22,1011.86,457.84,24.03,26.49,0.98,4,-1,-1
115,23,1101.33,462.45,29.23,25.86,0.97,4,-1,-1
115,24,1120.16,614.31,44.00,45.55,0.99,4,-1,-1
115,25,1048.17,596.36,44.67,48.05,1.00,4,-1,-1
115,26,1143.78,727.93,62.66,65.06,1.00,4,-1,-1
115,27,970.75,571.85,44.20,49.45,0.99,4,-1,-1
115,28,1266.58,728.75,108.81,65.00,1.00,4,-1,-1
115,43,805.19,611.71,50.86,50.20,1.00,4,-1,-1
115,44,911.39,808.14,70.89,82.24,1.00,4,-1,-1
115,47,1015.92,416.85,20.38,20.19,0.86,4,-1,-1
115,48,736.57,698.80,63.47,65.60,0.99,4,-1,-1
115,59,573.44,747.38,78.90,78.05,0.99,4,-1,-1
115,60,873.33,555.81,39.55,41.31,0.99,4,-1,-1
115,61,642.10,672.38,57.68,62.04,0.99,4,-1,-1
115,62,850.37,641.26,50.50,55.34,1.00,4,-1,-1
115,65,744.88,573.94,57.00,38.92,1.00,4,-1,-1
115,75,769.37,544.55,42.25,35.49,0.99,4,-1,-1
115,76,797.09,523.47,37.80,32.63,1.00,4,-1,-1
115,93,702.84,545.94,37.39,37.82,0.99,4,-1,-1
115,106,1334.69,797.97,151.54,64.49,0.99,4,-1,-1
115,109,972.48,445.62,25.30,25.33,0.97,4,-1,-1
115,110,1033.53,405.28,18.28,18.82,0.97,4,-1,-1
115,112,1385.23,842.75,163.50,62.75,1.00,4,-1,-1
115,113,583.00,609.55,88.28,38.22,0.98,4,-1,-1
115,114,835.39,487.38,33.39,30.20,0.99,4,-1,-1
115,115,890.84,476.05,27.58,27.80,0.98,4,-1,-1
115,119,819.88,507.46,36.23,30.78,0.99,4,-1,-1
115,120,1030.40,388.44,18.46,17.60,0.91,4,-1,-1
115,124,1434.59,935.77,191.74,88.25,1.00,4,-1,-1
115,125,1392.66,895.95,165.92,67.00,0.98,4,-1,-1
115,129,1049.53,443.90,12.06,19.90,0.98,10,-1,-1
115,130,1075.12,447.89,9.62,17.54,0.36,3,-1,-1
115,135,1445.23,1014.07,218.40,69.90,0.99,4,-1,-1
115,140,990.77,405.58,17.13,17.41,0.87,4,-1,-1
115,141,566.61,628.00,103.45,47.17,0.96,4,-1,-1
115,142,1111.25,527.13,33.84,38.32,0.95,4,-1,-1
115,147,885.85,434.81,43.27,20.02,0.97,4,-1,-1
115,148,403.90,807.13,161.28,147.86,0.92,6,-1,-1
115,149,951.97,429.08,24.17,21.50,0.97,4,-1,-1
115,153,802.15,593.72,16.84,25.21,0.95,10,-1,-1
115,154,985.66,424.09,19.29,19.52,0.94,4,-1,-1
115,158,883.19,506.44,19.97,23.08,0.97,7,-1,-1
115,163,1120.63,580.17,37.96,39.92,0.96,5,-1,-1
115,166,960.85,410.41,20.31,19.34,0.98,4,-1,-1
116,12,707.12,608.62,60.00,47.45,0.99,4,-1,-1
116,14,733.99,777.31,83.36,103.56,0.99,4,-1,-1
116,19,1010.25,432.12,22.51,21.46,0.96,4,-1,-1
116,20,916.32,677.01,17.59,42.51,0.97,1,-1,-1
116,22,1010.91,458.55,24.04,26.11,0.99,4,-1,-1
116,23,1102.24,463.31,29.19,26.35,0.96,4,-1,-1
116,24,1120.39,619.60,44.62,45.93,0.99,4,-1,-1
116,25,1047.03,599.24,44.73,47.67,1.00,4,-1,-1
116,26,1144.61,736.79,64.71,67.16,0.99,4,-1,-1
116,27,969.44,572.93,44.50,49.23,0.99,4,-1,-1
116,28,1269.85,737.89,112.33,66.37,1.00,4,-1,-1
116,43,797.26,619.99,52.73,51.71,0.99,4,-1,-1
116,44,910.35,809.93,71.08,84.54,1.00,4,-1,-1
116,47,1014.07,417.29,20.50,19.25,0.72,4,-1,-1
116,48,725.72,712.45,65.16,68.36,1.00,4,-1,-1
116,59,562.55,757.68,80.55,79.72,0.99,4,-1,-1
116,60,868.33,562.31,39.99,42.22,0.99,4,-1,-1
116,61,633.82,679.77,58.16,62.85,1.00,4,-1,-1
116,62,843.43,651.18,51.81,57.49,1.00,4,-1,-1
116,65,740.38,578.18,57.96,38.89,0.99,4,-1,-1
116,75,764.45,547.90,43.17,36.50,0.99,4,-1,-1
116,76,792.72,527.09,38.42,32.69,0.99,4,-1,-1
116,93,697.05,550.22,38.24,37.29,0.98,4,-1,-1
116,106,1341.38,810.36,152.83,65.41,1.00,4,-1,-1
116,109,969.64,447.47,25.38,25.39,0.97,4,-1,-1
116,110,1032.01,405.99,18.09,18.71,0.96,4,-1,-1
116,112,1392.50,857.26,166.52,65.48,0.99,4,-1,-1
116,113,571.85,614.94,92.19,38.50,0.99,4,-1,-1
116,114,832.22,489.13,33.68,31.04,0.99,4,-1,-1
116,115,887.89,478.48,27.72,28.29,0.99,4,-1,-1
116,119,816.09,510.17,37.11,30.87,0.98,4,-1,-1
116,120,1028.08,388.70,18.99,17.93,0.93,4,-1,-1
116,124,1445.82,955.21,197.31,92.18,1.00,4,-1,-1
116,125,1401.65,912.92,181.74,71.84,0.99,4,-1,-1
116,129,1047.76,444.68,12.06,19.87,0.95,10,-1,-1
116,135,1460.98,1037.67,213.54,46.98,0.65,4,-1,-1
116,140,988.79,407.02,17.74,17.87,0.90,4,-1,-1
116,141,554.76,633.77,107.96,48.84,0.99,4,-1,-1
116,142,1111.20,530.54,33.20,37.78,0.97,4,-1,-1
116,147,881.10,435.66,43.36,20.29,0.96,4,-1,-1
116,148,383.98,823.94,166.00,149.76,0.89,6,-1,-1
116,149,949.58,430.56,24.17,21.64,0.99,4,-1,-1
116,153,797.10,600.40,16.15,25.32,0.89,10,-1,-1
116,154,983.86,425.72,19.31,19.81,0.95,4,-1,-1
116,158,879.62,510.06,19.71,23.49,0.98,7,-1,-1
116,163,1120.61,584.11,37.76,40.39,0.96,5,-1,-1
116,166,958.96,411.35,19.69,19.36,0.96,4,-1,-1
116,168,324.84,954.04,99.44,71.12,0.66,4,-1,-1
116,169,670.18,664.75,16.88,28.93,0.77,1,-1,-1
117,12,701.64,613.52,60.57,48.40,1.00,4,-1,-1
117,14,720.18,797.09,88.20,108.97,1.00,4,-1,-1
117,19,1009.67,432.57,22.02,21.25,0.96,4,-1,-1
117,20,913.22,683.74,17.99,44.13,0.98,1,-1,-1
117,22,1010.07,458.15,24.05,26.38,0.99,4,-1,-1
117,23,1103.69,463.76,28.35,26.53,0.86,4,-1,-1
117,24,1120.78,625.04,45.64,46.06,1.00,4,-1,-1
117,25,1046.54,601.64,45.55,48.13,1.00,4,-1,-1
117,26,1146.80,745.51,65.46,69.52,0.99,4,-1,-1
117,27,968.88,574.30,43.79,48.95,0.98,4,-1,-1
117,28,1273.71,746.73,115.21,69.25,1.00,4,-1,-1
117,43,789.91,628.85,54.99,53.06,1.00,4,-1,-1
117,44,910.21,812.95,71.15,86.20,0.99,4,-1,-1
117,47,1013.32,417.39,19.73,18.46,0.81,4,-1,-1
117,48,714.93,726.07,67.34,71.74,0.99,4,-1,-1
117,59,550.54,768.47,83.51,81.90,1.00,4,-1,-1
117,60,863.26,569.15,41.73,42.94,0.99,4,-1,-1
117,61,624.73,686.72,60.70,64.74,1.00,4,-1,-1
117,62,836.44,661.82,54.65,59.87,1.00,4,-1,-1
117,65,735.09,582.42,59.09,39.66,0.99,4,-1,-1
117,75,759.78,551.41,44.31,36.87,1.00,4,-1,-1
117,76,789.05,530.31,39.45,33.10,1.00,4,-1,-1
117,93,692.47,552.87,37.74,38.28,0.97,4,-1,-1
117,106,1348.10,823.18,158.02,68.10,1.00,4,-1,-1
117,109,967.33,449.66,25.41,25.41,0.98,4,-1,-1
117,110,1031.39,405.98,18.03,18.67,0.97,4,-1,-1
117,112,1400.19,871.21,173.96,69.68,1.00,4,-1,-1
117,113,562.68,620.37,95.04,40.23,1.00,4,-1,-1
117,114,828.58,491.07,34.59,32.16,1.00,4,-1,-1
117,115,885.53,481.26,27.77,28.46,0.99,4,-1,-1
117,119,812.62,513.07,37.43,31.30,1.00,4,-1,-1
117,120,1027.58,388.73,18.37,18.05,0.94,4,-1,-1
117,124,1457.35,976.51,205.65,94.46,1.00,4,-1,-1
117,125,1410.73,931.29,193.91,75.26,0.99,4,-1,-1
117,129,1046.65,446.52,12.06,19.46,0.95,10,-1,-1
117,140,987.18,408.27,17.96,17.24,0.93,4,-1,-1
117,141,544.15,640.12,112.22,49.46,0.97,4,-1,-1
117,142,1111.12,533.30,33.73,38.39,0.98,4,-1,-1
117,147,876.92,436.68,44.21,20.40,0.92,4,-1,-1
117,148,366.03,836.42,174.73,156.70,0.92,6,-1,-1
117,149,947.44,431.60,24.17,21.70,0.99,4,-1,-1
117,153,791.18,606.89,17.52,25.97,0.94,10,-1,-1
117,154,982.32,427.44,19.31,19.51,0.96,4,-1,-1
117,158,876.67,513.86,19.57,23.24,0.97,7,-1,-1
117,163,1120.90,588.44,39.34,42.00,0.96,5,-1,-1
117,166,957.46,412.38,20.35,19.36,0.87,4,-1,-1
117,169,664.16,671.59,17.91,30.01,0.75,1,-1,-1
117,170,279.34,979.35,124.75,89.20,0.65,4,-1,-1
118,12,695.33,619.30,61.59,49.38,0.99,4,-1,-1
118,14,704.90,818.18,93.96,116.51,1.00,4,-1,-1
118,19,1009.34,433.70,21.83,20.77,0.96,4,-1,-1
118,20,910.67,691.63,18.15,44.77,0.99,1,-1,-1
118,22,1010.02,458.79,24.07,26.50,0.99,4,-1,-1
118,23,1105.73,464.51,35.39,27.01,0.23,4,-1,-1
118,24,1121.61,631.68,46.83,46.12,1.00,4,-1,-1
118,25,1045.82,604.38,45.87,48.33,1.00,4,-1,-1
118,26,1148.71,755.38,67.33,72.03,1.00,4,-1,-1
118,27,968.49,575.46,43.54,49.29,0.99,4,-1,-1
118,28,1278.66,757.05,117.92,71.16,1.00,4,-1,-1
118,43,781.81,638.30,57.44,54.37,0.99,4,-1,-1
118,44,910.69,816.08,71.21,85.27,1.00,4,-1,-1
118,47,1013.35,417.55,19.44,18.60,0.85,4,-1,-1
118,48,703.53,741.23,69.75,75.41,1.00,4,-1,-1
118,59,539.56,779.87,84.85,85.12,0.99,4,-1,-1
118,60,858.40,576.44,42.39,43.62,1.00,4,-1,-1
118,61,616.26,695.07,62.47,66.27,1.00,4,-1,-1
118,62,829.67,673.12,55.75,62.37,1.00,4,-1,-1
118,65,730.05,587.15,60.32,40.57,1.00,4,-1,-1
118,75,755.77,554.87,44.75,37.43,0.99,4,-1,-1
118,76,785.03,532.66,40.66,34.08,1.00,4,-1,-1
118,93,686.86,556.81,38.38,38.67,0.99,4,-1,-1
118,106,1354.13,837.38,163.20,69.95,1.00,4,-1,-1
118,109,965.93,452.41,25.42,25.02,0.98,4,-1,-1
118,110,1030.22,406.10,18.84,19.08,0.98,4,-1,-1
118,112,1410.54,887.42,179.99,72.90,1.00,4,-1,-1
118,113,554.13,625.74,96.95,40.90,0.99,4,-1,-1
118,114,826.19,493.34,34.95,32.60,0.98,4,-1,-1
118,115,883.63,484.24,27.80,28.94,0.99,4,-1,-1
118,119,809.09,515.30,39.17,31.88,1.00,4,-1,-1
118,120,1026.47,389.07,18.97,18.11,0.93,4,-1,-1
118,124,1470.73,999.14,212.03,84.38,1.00,4,-1,-1
118,125,1422.38,951.59,200.33,78.19,1.00,4,-1,-1
118,129,1045.72,447.76,12.88,20.14,0.96,10,-1,-1
118,140,986.45,410.26,18.05,17.00,0.94,4,-1,-1
118,141,535.84,646.24,113.48,50.52,0.98,4,-1,-1
118,142,1111.80,536.50,34.74,39.04,0.98,4,-1,-1
118,147,871.99,437.36,45.36,21.27,0.89,4,-1,-1
118,148,344.52,852.75,183.18,161.75,0.90,6,-1,-1
118,149,946.50,432.71,24.18,22.55,0.98,4,-1,-1
118,153,785.58,614.65,17.22,25.01,0.95,10,-1,-1
118,154,981.61,428.99,19.32,20.22,0.96,4,-1,-1
118,158,873.39,518.01,20.32,23.55,0.89,7,-1,-1
118,163,1121.28,593.23,41.54,44.03,0.96,5,-1,-1
118,166,955.47,413.19,21.43,20.24,0.89,4,-1,-1
118,169,659.32,679.04,18.14,33.96,0.88,1,-1,-1
118,170,265.95,1000.38,119.54,77.07,0.84,4,-1,-1
118,171,999.24,383.30,18.08,15.67,0.61,4,-1,-1
118,172,1175.22,734.67,28.93,31.34,0.64,10,-1,-1
118,173,1347.59,585.80,21.70,27.72,0.72,10,-1,-1
118,55,340.30,855.28,184.47,162.38,0.55,4,-1,-1
119,12,689.43,624.35,62.70,50.49,1.00,4,-1,-1
119,14,688.99,840.50,98.44,123.18,0.99,4,-1,-1
119,19,1007.74,434.41,22.56,20.99,0.99,4,-1,-1
119,20,908.39,699.36,18.19,45.75,0.98,1,-1,-1
119,22,1008.92,459.30,24.07,26.53,0.99,4,-1,-1
119,23,1107.62,466.64,49.01,25.96,0.50,4,-1,-1
119,24,1122.37,636.19,47.24,47.71,0.99,4,-1,-1
119,25,1044.87,606.73,45.95,48.35,1.00,4,-1,-1
119,26,1149.84,764.94,69.56,74.47,0.99,4,-1,-1
119,27,967.31,576.07,43.43,48.15,0.99,4,-1,-1
119,28,1283.18,767.95,120.42,72.58,1.00,4,-1,-1
119,43,773.59,647.43,59.10,57.17,0.99,4,-1,-1
119,44,910.68,818.89,71.18,85.63,1.00,4,-1,-1
119,47,1012.70,418.12,19.33,19.05,0.73,4,-1,-1
119,48,690.64,757.11,72.95,79.07,1.00,4,-1,-1
119,59,525.96,790.41,88.82,88.61,1.00,4,-1,-1
119,60,852.51,583.63,44.18,44.61,1.00,4,-1,-1
119,61,607.07,702.58,64.87,68.35,0.99,4,-1,-1
119,62,821.53,685.25,58.46,64.04,1.00,4,-1,-1
119,65,724.59,591.04,62.31,41.27,0.99,4,-1,-1
119,75,751.06,558.12,45.67,38.79,0.99,4,-1,-1
119,76,781.48,535.10,41.07,35.21,0.99,4,-1,-1
119,93,681.62,560.03,38.58,39.58,0.99,4,-1,-1
119,106,1361.32,851.23,168.15,72.93,1.00,4,-1,-1
119,109,963.60,454.47,26.22,25.67,0.99,4,-1,-1
119,110,1028.71,406.05,19.13,19.22,0.98,4,-1,-1
119,112,1420.12,903.92,186.83,76.40,1.00,4,-1,-1
119,113,544.97,631.81,99.73,41.11,0.99,4,-1,-1
119,114,823.20,495.40,35.05,32.72,1.00,4,-1,-1
119,115,880.76,487.76,28.60,29.08,0.98,4,-1,-1
119,119,805.29,517.72,39.79,32.46,0.99,4,-1,-1
119,120,1024.99,389.11,19.18,17.71,0.94,4,-1,-1
119,124,1484.53,1022.92,214.22,63.31,1.00,4,-1,-1
119,125,1434.02,972.72,207.23,79.99,1.00,4,-1,-1
119,129,1044.69,449.29,12.38,19.57,0.81,10,-1,-1
119,140,984.73,411.67,18.07,17.31,0.91,4,-1,-1
119,141,527.02,652.57,114.59,51.66,0.99,4,-1,-1
119,142,1111.30,539.24,35.89,39.65,0.95,4,-1,-1
119,147,867.64,437.89,45.76,21.58,0.92,4,-1,-1
119,148,322.83,868.28,191.67,168.95,0.77,6,-1,-1
119,149,944.34,434.19,24.98,22.84,0.99,4,-1,-1
119,153,779.05,620.55,18.70,26.06,0.98,10,-1,-1
119,154,979.50,430.43,20.13,20.87,0.97,4,-1,-1
119,158,869.24,521.51,21.38,25.25,0.97,7,-1,-1
119,163,1121.86,597.68,42.33,44.94,0.97,5,-1,-1
119,166,954.18,414.40,20.94,20.52,0.86,4,-1,-1
119,169,653.48,685.23,19.10,37.06,0.48,1,-1,-1
119,170,254.86,1025.86,111.04,54.93,0.36,4,-1,-1
119,171,997.42,385.15,18.16,15.25,0.63,4,-1,-1
119,172,1177.56,745.25,29.06,32.44,0.55,10,-1,-1
119,173,1351.62,589.47,21.79,29.29,0.62,10,-1,-1
119,55,320.01,892.76,154.37,147.04,0.55,4,-1,-1
119,174,629.80,557.48,40.98,36.16,0.64,4,-1,-1
119,175,841.34,430.31,39.78,21.09,0.63,5,-1,-1
120,12,682.76,630.06,64.73,51.68,0.99,4,-1,-1
120,14,671.23,865.70,104.10,131.13,1.00,4,-1,-1
120,19,1007.02,435.19,22.04,20.65,0.98,4,-1,-1
120,20,905.12,708.37,19.03,46.91,0.98,1,-1,-1
120,22,1008.40,460.25,24.09,26.12,0.98,4,-1,-1
120,24,1123.43,641.52,47.40,49.08,0.99,4,-1,-1
120,25,1044.08,609.14,46.00,48.96,1.00,4,-1,-1
120,26,1152.26,775.72,71.23,76.94,1.00,4,-1,-1
120,27,966.39,576.68,43.42,47.94,0.99,4,-1,-1
120,28,1288.88,778.80,122.98,74.63,0.99,4,-1,-1
120,43,765.31,657.38,60.54,59.78,0.99,4,-1,-1
120,44,910.22,822.23,72.04,86.56,1.00,4,-1,-1
120,47,1011.94,418.65,19.30,18.81,0.71,4,-1,-1
120,48,677.11,774.38,76.56,83.55,1.00,4,-1,-1
120,59,511.92,802.22,92.73,93.04,1.00,4,-1,-1
120,60,846.66,591.24,45.67,46.15,1.00,4,-1,-1
120,61,597.40,710.84,67.98,70.70,0.99,4,-1,-1
120,62,813.31,697.52,61.09,68.57,0.99,4,-1,-1
120,65,719.64,595.72,63.08,42.10,1.00,4,-1,-1
120,75,746.39,562.15,46.83,39.29,1.00,4,-1,-1
120,76,777.24,538.61,42.05,36.03,0.99,4,-1,-1
120,93,675.96,564.07,39.50,40.31,1.00,4,-1,-1
120,106,1370.42,866.68,171.64,75.56,1.00,4,-1,-1
120,109,961.42,456.55,26.53,26.71,0.99,4,-1,-1
120,110,1027.63,406.34,19.26,19.27,0.98,4,-1,-1
120,112,1430.14,921.91,194.20,80.01,1.00,4,-1,-1
120,113,536.08,637.97,101.40,41.95,0.99,4,-1,-1
120,114,819.95,497.76,36.73,33.96,0.99,4,-1,-1
120,115,878.76,491.02,28.91,29.52,0.98,4,-1,-1
120,119,802.15,520.62,40.03,33.07,1.00,4,-1,-1
120,120,1023.93,389.01,19.27,17.96,0.94,4,-1,-1
120,125,1444.85,994.47,216.15,81.34,0.99,4,-1,-1
120,129,1044.25,450.15,12.19,20.18,0.86,10,-1,-1
120,140,983.57,413.30,18.10,17.43,0.86,4,-1,-1
120,141,517.09,660.02,117.61,52.84,0.99,4,-1,-1
120,142,1111.84,542.73,35.54,40.27,0.98,4,-1,-1
120,147,864.34,438.64,44.31,21.68,0.97,4,-1,-1
120,148,299.47,885.61,201.61,176.31,0.79,6,-1,-1
120,149,943.01,436.27,24.48,22.54,0.98,4,-1,-1
120,153,773.36,626.51,19.25,28.05,0.97,10,-1,-1
120,154,978.18,432.07,20.44,21.11,0.94,4,-1,-1
120,158,865.59,526.16,21.80,25.49,0.97,7,-1,-1
120,163,1123.24,602.18,42.62,46.06,0.94,5,-1,-1
120,166,952.40,415.75,20.74,21.02,0.87,4,-1,-1
120,169,648.24,694.18,19.41,39.78,0.96,1,-1,-1
120,171,996.86,385.89,17.26,15.65,0.76,4,-1,-1
120,172,1180.45,753.45,30.05,32.68,0.38,10,-1,-1
120,173,1355.45,595.60,23.71,27.33,0.98,10,-1,-1
120,55,298.18,921.25,138.34,145.71,0.26,4,-1,-1
121,12,677.33,635.43,65.45,52.95,0.99,4,-1,-1
121,14,653.67,891.66,109.28,138.88,1.00,4,-1,-1
121,19,1007.46,436.03,21.82,20.54,0.97,4,-1,-1
121,20,902.46,716.67,20.11,49.73,0.99,1,-1,-1
121,22,1008.46,461.77,24.08,25.16,0.96,4,-1,-1
121,24,1125.16,646.61,48.21,51.22,1.00,4,-1,-1
121,25,1044.77,611.37,45.98,49.41,1.00,4,-1,-1
121,26,1154.81,786.41,73.36,80.26,1.00,4,-1,-1
121,27,966.63,577.43,43.39,47.68,0.99,4,-1,-1
121,28,1296.19,791.17,123.84,76.24,0.99,4,-1,-1
121,43,758.11,667.51,61.80,62.36,1.00,4,-1,-1
121,44,910.45,825.34,73.12,87.75,1.00,4,-1,-1
121,47,1011.94,419.81,19.28,18.32,0.78,4,-1,-1
121,48,663.56,792.27,80.22,89.18,1.00,4,-1,-1
121,59,498.36,814.43,96.49,97.12,1.00,4,-1,-1
121,60,841.96,599.18,46.19,47.34,0.99,4,-1,-1
121,61,588.47,719.85,70.68,71.61,1.00,4,-1,-1
121,62,805.69,710.10,63.61,72.66,1.00,4,-1,-1
121,65,715.68,600.54,63.30,42.24,1.00,4,-1,-1
121,75,742.93,565.97,47.23,40.28,1.00,4,-1,-1
121,76,774.74,541.47,41.58,36.75,0.99,4,-1,-1
121,93,671.74,568.04,39.81,40.19,1.00,4,-1,-1
121,106,1380.52,882.38,176.00,79.79,0.99,4,-1,-1
121,109,960.51,458.80,26.62,27.11,0.99,4,-1,-1
121,110,1027.94,406.80,19.29,19.30,0.98,4,-1,-1
121,112,1442.07,941.32,200.04,83.84,1.00,4,-1,-1
121,113,527.30,643.81,103.33,41.52,0.99,4,-1,-1
121,114,818.63,500.23,35.73,34.04,1.00,4,-1,-1
121,115,877.50,494.45,29.01,30.10,0.99,4,-1,-1
121,119,800.07,523.67,40.08,33.31,1.00,4,-1,-1
121,120,1024.26,389.75,19.30,17.66,0.97,4,-1,-1
121,125,1459.37,1017.26,225.67,68.53,0.99,4,-1,-1
121,129,1043.94,450.21,12.10,20.81,0.81,10,-1,-1
121,140,983.04,413.98,18.91,17.89,0.83,4,-1,-1
121,141,508.31,666.31,118.86,54.14,0.99,4,-1,-1
121,142,1113.07,546.78,36.16,40.11,0.96,4,-1,-1
121,147,860.66,440.16,45.37,21.34,0.96,4,-1,-1
121,148,276.52,904.47,211.08,172.93,0.91,6,-1,-1
121,149,942.43,438.13,24.27,22.43,1.00,4,-1,-1
121,153,768.32,633.19,20.23,29.60,0.95,10,-1,-1
121,154,977.19,433.77,21.35,21.20,0.96,4,-1,-1
121,158,863.33,530.07,22.72,26.37,0.95,7,-1,-1
121,163,1124.32,606.97,43.47,48.08,0.93,5,-1,-1
121,166,951.63,417.56,20.64,20.38,0.80,4,-1,-1
121,169,644.21,703.51,19.47,41.51,0.97,1,-1,-1
121,171,996.91,386.80,16.90,15.75,0.75,4,-1,-1
121,172,1182.91,764.05,32.17,33.64,0.15,10,-1,-1
121,173,1360.29,601.24,24.31,26.57,0.79,10,-1,-1
121,55,274.05,944.60,136.82,135.72,0.20,4,-1,-1
122,12,671.81,641.41,67.21,53.34,1.00,4,-1,-1
122,14,635.85,919.87,114.23,144.01,1.00,4,-1,-1
122,19,1007.65,436.60,21.72,20.48,0.95,4,-1,-1
122,20,900.87,725.56,19.71,49.94,0.99,1,-1,-1
122,22,1008.49,462.59,24.06,24.78,0.97,4,-1,-1
122,24,1126.50,652.01,49.25,51.95,0.98,4,-1,-1
122,25,1044.62,613.02,45.92,49.51,1.00,4,-1,-1
122,26,1158.01,798.42,74.06,80.61,1.00,4,-1,-1
122,27,967.21,577.83,43.34,47.54,0.99,4,-1,-1
122,28,1301.78,802.25,127.17,79.88,1.00,4,-1,-1
122,43,749.91,677.93,63.76,64.82,1.00,4,-1,-1
122,44,911.07,827.96,72.64,88.89,1.00,4,-1,-1
122,47,1011.54,420.11,20.08,18.53,0.80,4,-1,-1
122,48,649.57,810.91,83.86,94.33,1.00,4,-1,-1
122,59,484.55,827.07,100.95,100.10,1.00,4,-1,-1
122,60,836.52,606.51,47.90,49.69,1.00,4,-1,-1
122,61,579.42,728.27,73.19,74.21,0.99,4,-1,-1
122,62,798.06,723.32,66.05,75.69,1.00,4,-1,-1
122,65,710.65,604.97,64.88,44.02,1.00,4,-1,-1
122,75,738.83,569.47,48.92,40.99,0.99,4,-1,-1
122,76,771.74,544.65,42.14,37.36,0.99,4,-1,-1
122,93,667.04,571.82,39.87,40.88,0.99,4,-1,-1
122,106,1390.21,898.85,180.55,82.84,0.99,4,-1,-1
122,109,959.47,461.03,26.62,27.62,0.99,4,-1,-1
122,110,1028.07,407.07,19.28,19.29,0.98,4,-1,-1
122,112,1454.73,960.69,206.69,88.28,1.00,4,-1,-1
122,113,518.36,649.98,106.69,41.27,0.99,4,-1,-1
122,114,816.39,502.32,36.91,34.41,0.99,4,-1,-1
122,115,876.01,497.69,29.01,30.26,0.98,4,-1,-1
122,119,797.19,525.95,41.66,34.15,0.99,4,-1,-1
122,120,1024.80,390.34,18.47,17.11,0.98,4,-1,-1
122,125,1476.89,1038.31,227.46,48.37,0.55,4,-1,-1
122,129,1043.82,450.25,12.06,21.03,0.85,10,-1,-1
122,140,982.90,415.10,19.19,18.04,0.73,4,-1,-1
122,141,498.20,671.80,121.93,56.13,0.99,4,-1,-1
122,142,1114.24,549.14,35.53,40.39,0.81,4,-1,-1
122,147,857.55,441.39,44.90,21.18,0.97,4,-1,-1
122,148,260.82,921.56,210.92,161.42,0.93,6,-1,-1
122,149,941.52,439.46,24.16,23.18,0.97,4,-1,-1
122,153,764.05,641.19,19.80,29.37,0.98,10,-1,-1
122,154,976.89,435.24,21.67,21.20,0.96,4,-1,-1
122,158,860.74,534.82,23.04,26.26,0.97,7,-1,-1
122,163,1126.21,611.71,42.92,49.37,0.97,5,-1,-1
122,166,950.20,418.68,21.41,20.93,0.89,4,-1,-1
122,169,640.44,712.08,18.59,42.81,0.98,1,-1,-1
122,171,996.45,388.07,16.80,15.29,0.82,4,-1,-1
122,173,1364.78,604.82,24.40,27.54,0.96,10,-1,-1
122,176,863.04,475.21,13.26,22.30,0.87,10,-1,-1
123,12,665.53,647.07,68.66,55.05,1.00,4,-1,-1
123,14,617.18,951.10,116.89,132.76,1.00,4,-1,-1
123,19,1006.15,437.08,22.51,20.46,0.83,4,-1,-1
123,20,898.01,735.03,19.54,50.77,0.97,1,-1,-1
123,22,1007.33,463.18,24.06,24.24,0.98,4,-1,-1
123,24,1127.45,658.18,49.63,53.00,0.99,4,-1,-1
123,25,1043.84,615.08,46.71,49.53,1.00,4,-1,-1
123,26,1160.46,809.41,75.88,84.62,1.00,4,-1,-1
123,27,965.87,578.48,44.16,48.94,0.99,4,-1,-1
123,28,1307.45,813.99,131.58,82.79,1.00,4,-1,-1
123,43,739.88,689.13,66.85,67.29,0.99,4,-1,-1
123,44,910.55,830.82,73.28,90.10,1.00,4,-1,-1
123,47,1010.24,420.50,20.37,18.61,0.81,4,-1,-1
123,48,633.89,831.06,87.58,99.38,1.00,4,-1,-1
123,59,469.92,839.53,104.98,105.09,1.00,4,-1,-1
123,60,830.65,615.17,49.32,50.76,0.99,4,-1,-1
123,61,570.07,737.58,74.72,75.15,0.99,4,-1,-1
123,62,789.43,737.90,67.75,79.93,1.00,4,-1,-1
123,65,705.31,609.86,66.26,45.27,1.00,4,-1,-1
123,75,734.23,573.03,49.55,42.43,1.00,4,-1,-1
123,76,767.94,548.09,43.15,37.57,1.00,4,-1,-1
123,93,661.83,575.28,40.71,42.53,0.99,4,-1,-1
123,106,1399.78,916.14,186.97,85.52,0.99,4,-1,-1
123,109,956.76,463.71,27.43,27.80,0.97,4,-1,-1
123,110,1026.96,407.45,19.28,18.88,0.97,4,-1,-1
123,112,1466.97,981.76,213.87,90.72,1.00,4,-1,-1
123,113,507.87,656.11,110.89,41.97,1.00,4,-1,-1
123,114,813.26,504.77,37.35,35.33,1.00,4,-1,-1
123,115,873.52,501.13,29.82,30.71,0.99,4,-1,-1
123,119,793.82,528.65,42.24,34.85,1.00,4,-1,-1
123,120,1023.86,390.23,18.16,17.33,0.96,4,-1,-1
123,129,1042.64,450.52,12.87,20.70,0.92,10,-1,-1
123,140,981.30,416.16,19.30,18.49,0.60,4,-1,-1
123,141,488.27,679.24,123.45,56.85,0.98,4,-1,-1
123,142,1114.73,552.43,36.09,41.30,0.90,4,-1,-1
123,147,853.31,442.73,44.71,21.11,0.98,4,-1,-1
123,148,304.38,941.74,150.11,141.02,0.72,6,-1,-1
123,149,939.23,441.21,24.95,22.24,0.99,4,-1,-1
123,153,757.83,648.37,21.21,30.05,0.94,10,-1,-1
123,154,975.24,437.24,21.78,21.19,0.94,4,-1,-1
123,158,856.69,538.21,23.94,27.80,0.98,7,-1,-1
123,163,1126.56,616.84,44.30,50.62,0.97,5,-1,-1
123,166,947.73,420.38,21.69,20.30,0.97,4,-1,-1
123,169,634.34,721.04,19.12,45.62,0.97,1,-1,-1
123,171,995.13,388.55,16.79,15.57,0.88,4,-1,-1
123,173,1368.38,609.17,24.39,27.85,0.95,10,-1,-1
123,176,861.67,478.41,12.36,22.39,0.72,10,-1,-1
123,177,759.38,635.22,15.67,30.13,0.63,2,-1,-1
124,12,659.08,652.50,69.03,55.62,0.99,4,-1,-1
124,14,601.16,984.89,117.34,103.24,0.97,4,-1,-1
124,19,1005.76,438.03,21.94,19.61,0.90,4,-1,-1
124,20,895.16,744.62,19.41,52.58,0.98,1,-1,-1
124,22,1006.63,463.93,24.02,23.61,0.99,4,-1,-1
124,24,1127.63,663.23,51.26,55.70,0.99,4,-1,-1
124,25,1043.15,617.13,46.91,49.48,1.00,4,-1,-1
124,26,1161.84,820.69,78.76,88.37,1.00,4,-1,-1
124,27,965.10,579.05,44.37,49.60,0.98,4,-1,-1
124,28,1313.72,826.81,132.95,85.37,1.00,4,-1,-1
124,43,730.36,700.88,68.64,69.69,1.00,4,-1,-1
124,44,910.02,833.59,73.36,91.24,0.99,4,-1,-1
124,47,1009.11,420.83,20.44,18.62,0.82,4,-1,-1
124,48,615.53,852.06,92.86,107.34,1.00,4,-1,-1
124,59,453.78,852.49,109.39,109.96,0.99,4,-1,-1
124,60,824.12,623.43,50.52,51.87,1.00,4,-1,-1
124,61,559.67,746.14,75.69,77.76,0.99,4,-1,-1
124,62,779.53,753.56,70.56,83.77,1.00,4,-1,-1
124,65,699.96,614.31,67.41,45.68,1.00,4,-1,-1
124,75,729.90,576.67,49.66,43.72,0.99,4,-1,-1
124,76,763.84,550.97,44.23,38.40,1.00,4,-1,-1
124,93,656.99,579.24,40.12,42.69,1.00,4,-1,-1
124,106,1408.84,934.43,193.72,88.02,1.00,4,-1,-1
124,109,954.39,465.95,27.67,28.64,0.99,4,-1,-1
124,110,1026.30,408.02,18.43,18.70,0.96,4,-1,-1
124,112,1478.45,1003.75,209.80,78.28,0.98,4,-1,-1
124,113,496.80,662.04,114.03,43.82,1.00,4,-1,-1
124,114,809.73,506.78,38.23,36.03,1.00,4,-1,-1
124,115,870.95,504.74,30.06,31.24,0.99,4,-1,-1
124,119,789.85,531.31,43.16,35.47,1.00,4,-1,-1
124,120,1022.85,390.64,18.02,17.39,0.94,4,-1,-1
124,129,1041.49,451.58,13.13,20.14,0.97,10,-1,-1
124,140,980.52,417.71,19.30,18.24,0.72,4,-1,-1
124,141,476.61,687.19,127.33,57.86,0.99,4,-1,-1
124,142,1114.82,556.02,36.21,41.98,0.80,4,-1,-1
124,147,849.39,443.88,43.75,21.08,0.97,4,-1,-1
124,148,312.02,962.53,123.40,119.38,0.23,6,-1,-1
124,149,937.46,442.56,25.18,22.68,1.00,4,-1,-1
124,153,752.08,655.18,20.90,31.05,0.95,10,-1,-1
124,154,974.03,438.89,21.77,21.16,0.96,4,-1,-1
124,158,852.78,542.28,24.22,29.13,0.98,7,-1,-1
124,163,1126.53,621.98,45.50,51.80,0.91,5,-1,-1
124,166,945.46,421.74,22.56,20.03,0.95,4,-1,-1
124,169,627.47,729.11,19.25,45.00,0.95,1,-1,-1
124,171,994.01,389.78,16.77,15.22,0.88,4,-1,-1
124,173,1372.41,614.42,24.30,27.72,0.98,10,-1,-1
124,176,859.16,481.86,12.16,21.94,0.95,10,-1,-1
125,12,651.97,659.12,70.01,56.67,0.99,4,-1,-1
125,19,1005.59,438.44,21.75,19.33,0.89,4,-1,-1
125,20,891.57,754.83,20.18,54.09,0.99,1,-1,-1
125,22,1006.76,464.30,24.03,23.84,0.99,4,-1,-1
125,24,1129.38,670.50,52.70,56.78,0.99,4,-1,-1
125,25,1042.92,620.15,47.02,49.51,1.00,4,-1,-1
125,26,1164.46,834.76,81.48,91.44,1.00,4,-1,-1
125,27,964.75,579.91,44.50,48.70,0.99,4,-1,-1
125,28,1322.28,841.50,135.14,87.99,1.00,4,-1,-1
125,43,719.84,714.19,71.72,73.01,0.99,4,-1,-1
125,44,910.05,837.14,73.47,91.76,0.99,4,-1,-1
125,47,1009.50,421.19,20.49,18.65,0.80,4,-1,-1
125,48,596.12,875.93,99.23,115.91,1.00,4,-1,-1
125,59,436.38,867.95,114.28,114.27,1.00,4,-1,-1
125,60,817.18,633.01,53.38,54.70,1.00,4,-1,-1
125,61,548.04,756.33,77.47,80.40,1.00,4,-1,-1
125,62,768.55,770.75,74.02,89.19,1.00,4,-1,-1
125,65,694.48,619.94,68.69,46.87,1.00,4,-1,-1
125,75,725.22,580.77,50.53,44.04,0.99,4,-1,-1
125,76,760.49,553.97,44.67,39.54,0.99,4,-1,-1
125,93,651.24,583.67,40.75,43.18,1.00,4,-1,-1
125,106,1420.85,954.81,199.59,91.40,1.00,4,-1,-1
125,109,952.66,468.43,27.78,29.38,0.98,4,-1,-1
125,110,1026.05,408.05,18.97,19.08,0.98,4,-1,-1
125,112,1492.26,1029.12,209.74,57.04,0.96,4,-1,-1
125,113,485.04,669.21,117.67,44.57,1.00,4,-1,-1
125,114,807.43,509.43,38.59,36.32,1.00,4,-1,-1
125,115,868.63,508.16,30.98,31.86,0.99,4,-1,-1
125,119,786.56,534.82,44.34,35.33,1.00,4,-1,-1
125,120,1022.48,391.00,18.82,17.43,0.96,4,-1,-1
125,129,1041.11,452.46,13.25,19.54,0.96,10,-1,-1
125,140,980.20,419.11,19.31,18.16,0.70,4,-1,-1
125,141,465.24,694.36,130.87,59.88,0.99,4,-1,-1
125,142,1116.15,560.31,37.09,42.28,0.96,4,-1,-1
125,147,844.58,444.75,45.09,21.09,0.89,4,-1,-1
125,149,936.33,444.50,25.30,22.86,0.98,4,-1,-1
125,153,744.51,661.47,22.37,33.84,0.98,10,-1,-1
125,154,973.56,440.54,21.78,21.57,0.95,4,-1,-1
125,158,849.59,546.50,25.13,30.45,0.98,7,-1,-1
125,163,1128.21,627.68,45.19,53.07,0.97,5,-1,-1
125,166,944.58,423.06,22.90,20.37,0.96,4,-1,-1
125,169,620.52,738.35,20.14,46.26,0.99,1,-1,-1
125,171,993.97,390.61,16.79,15.97,0.93,4,-1,-1
125,173,1376.92,620.55,25.97,29.42,0.14,10,-1,-1
125,176,857.91,484.56,13.05,22.72,0.73,10,-1,-1
125,178,593.64,579.78,44.60,40.38,0.64,4,-1,-1
126,12,644.22,665.06,71.94,59.37,1.00,4,-1,-1
126,19,1003.61,438.69,22.51,19.63,0.85,4,-1,-1
126,20,887.81,765.84,20.48,53.02,0.97,1,-1,-1
126,22,1005.70,464.52,24.04,23.50,0.99,4,-1,-1
126,24,1129.75,677.23,52.44,57.88,0.98,4,-1,-1
126,25,1041.81,621.41,47.06,51.09,1.00,4,-1,-1
126,26,1166.77,848.19,83.67,95.61,1.00,4,-1,-1
126,27,963.60,580.30,44.55,48.50,0.99,4,-1,-1
126,28,1331.08,855.85,135.87,90.39,1.00,4,-1,-1
126,43,708.09,727.26,73.66,76.51,0.99,4,-1,-1
126,44,908.37,840.21,74.33,93.45,0.99,4,-1,-1
126,47,1007.71,421.65,20.51,18.64,0.78,4,-1,-1
126,48,574.38,901.10,105.73,124.49,0.99,4,-1,-1
126,59,417.61,885.44,118.84,118.07,0.99,4,-1,-1
126,60,808.60,642.31,56.02,57.26,1.00,4,-1,-1
126,61,536.38,767.15,78.70,82.06,0.99,4,-1,-1
126,62,756.60,788.31,78.45,95.03,0.99,4,-1,-1
126,65,687.68,624.74,69.93,48.03,1.00,4,-1,-1
126,75,719.06,584.83,51.64,45.08,0.99,4,-1,-1
126,76,755.97,557.41,45.62,40.31,1.00,4,-1,-1
126,93,644.75,588.08,40.98,43.70,0.98,4,-1,-1
126,106,1432.45,975.83,204.82,92.47,1.00,4,-1,-1
126,109,949.77,471.03,27.82,29.61,0.98,4,-1,-1
126,110,1024.84,408.18,19.16,19.19,0.99,4,-1,-1
126,113,473.90,677.06,118.96,44.74,0.99,4,-1,-1
126,114,803.63,511.56,39.52,37.58,1.00,4,-1,-1
126,115,864.38,511.91,32.12,32.86,1.00,4,-1,-1
126,119,782.83,537.47,44.76,36.42,1.00,4,-1,-1
126,120,1021.21,391.27,18.31,17.43,0.98,4,-1,-1
126,129,1039.84,452.85,13.29,19.72,0.92,10,-1,-1
126,140,978.58,420.53,18.50,18.11,0.60,4,-1,-1
126,141,454.10,702.95,132.51,60.52,0.99,4,-1,-1
126,142,1116.32,563.22,36.61,42.73,0.93,4,-1,-1
126,147,839.06,445.86,44.76,21.06,0.96,4,-1,-1
126,149,934.05,446.54,25.34,22.90,0.99,4,-1,-1
126,153,736.57,670.70,22.92,34.09,0.98,10,-1,-1
126,154,971.49,442.24,21.78,21.70,0.97,4,-1,-1
126,158,845.08,552.08,25.47,29.73,0.99,7,-1,-1
126,163,1127.72,633.82,46.65,52.67,0.96,5,-1,-1
126,166,941.97,424.68,23.02,20.05,0.95,4,-1,-1
126,169,613.12,747.96,20.28,48.24,0.98,1,-1,-1
126,171,991.61,391.44,17.65,16.21,0.93,4,-1,-1
126,173,1380.08,624.27,26.56,29.98,0.77,10,-1,-1
126,176,855.36,486.99,13.32,23.39,0.74,10,-1,-1
126,178,587.77,584.10,44.78,40.78,0.50,4,-1,-1
127,12,638.03,670.99,73.23,60.20,1.00,4,-1,-1
127,19,1003.65,438.54,21.91,20.10,0.92,4,-1,-1
127,20,883.53,775.02,22.93,56.43,0.99,1,-1,-1
127,22,1005.26,465.35,23.99,23.74,0.96,4,-1,-1
127,24,1130.66,683.08,54.56,59.70,0.99,4,-1,-1
127,25,1042.06,622.70,46.94,51.54,1.00,4,-1,-1
127,26,1169.83,859.89,85.79,100.79,1.00,4,-1,-1
127,27,963.63,580.46,44.45,48.52,0.99,4,-1,-1
127,28,1337.66,869.48,140.48,94.93,1.00,4,-1,-1
127,43,696.72,740.69,78.05,79.93,1.00,4,-1,-1
127,44,907.90,842.38,74.44,94.62,0.99,4,-1,-1
127,47,1007.41,421.63,20.45,19.41,0.77,4,-1,-1
127,48,554.45,926.99,110.41,129.75,1.00,4,-1,-1
127,59,399.63,901.28,124.46,122.24,1.00,4,-1,-1
127,60,801.65,651.89,58.41,59.63,1.00,4,-1,-1
127,61,525.32,776.96,81.66,85.58,1.00,4,-1,-1
127,62,745.45,806.31,82.22,100.07,1.00,4,-1,-1
127,65,683.68,630.01,70.95,47.52,1.00,4,-1,-1
127,75,715.60,588.77,52.69,45.32,1.00,4,-1,-1
127,76,752.20,560.22,46.63,41.66,0.99,4,-1,-1
127,93,639.75,592.16,41.75,43.76,1.00,4,-1,-1
127,106,1443.66,996.74,210.83,83.05,1.00,4,-1,-1
127,109,948.05,473.61,28.55,30.41,0.99,4,-1,-1
127,110,1024.31,408.08,19.18,19.60,0.99,4,-1,-1
127,113,463.83,683.31,122.98,46.29,0.99,4,-1,-1
127,114,801.58,513.83,39.74,37.93,1.00,4,-1,-1
127,115,862.38,514.77,32.45,33.92,0.99,4,-1,-1
127,119,780.08,540.25,44.77,37.12,1.00,4,-1,-1
127,120,1021.10,391.88,18.06,16.98,0.98,4,-1,-1
127,129,1039.66,452.71,13.26,20.56,0.98,10,-1,-1
127,140,977.62,421.85,18.97,18.45,0.68,4,-1,-1
127,141,442.29,708.97,137.06,63.75,0.98,4,-1,-1
127,142,1117.23,567.05,36.31,42.78,0.87,4,-1,-1
127,147,834.29,447.40,45.33,20.59,0.98,4,-1,-1
127,149,932.58,448.01,25.28,23.26,0.99,4,-1,-1
127,153,730.84,678.30,23.84,34.84,0.88,10,-1,-1
127,154,970.79,443.79,21.71,22.09,0.98,4,-1,-1
127,158,842.28,557.14,24.71,30.13,0.96,7,-1,-1
127,163,1128.71,638.84,47.04,53.12,0.99,5,-1,-1
127,166,940.36,425.86,22.98,20.30,0.96,4,-1,-1
127,169,607.47,758.53,20.25,50.38,0.93,1,-1,-1
127,171,990.34,392.22,18.73,16.67,0.94,4,-1,-1
127,173,1384.49,629.25,26.68,30.11,0.95,10,-1,-1
127,176,854.02,489.49,13.35,23.98,0.75,3,-1,-1
127,178,583.06,588.67,43.36,41.04,0.25,7,-1,-1
127,179,729.84,679.82,24.11,36.16,0.87,3,-1,-1
128,12,629.42,678.64,76.31,63.03,0.99,4,-1,-1
128,19,1003.12,439.39,21.76,19.93,0.93,4,-1,-1
128,20,880.33,787.91,23.16,56.26,1.00,1,-1,-1
128,22,1004.95,466.42,24.05,24.31,0.92,4,-1,-1
128,24,1132.44,691.34,55.52,61.32,0.99,4,-1,-1
128,25,1041.75,626.01,47.05,51.03,1.00,4,-1,-1
128,26,1173.39,875.90,88.82,105.37,1.00,4,-1,-1
128,27,963.40,581.66,44.56,49.07,0.99,4,-1,-1
128,28,1344.92,887.74,145.79,98.44,1.00,4,-1,-1
128,43,683.30,757.17,81.53,84.55,1.00,4,-1,-1
128,44,907.34,846.75,74.73,95.31,0.99,4,-1,-1
128,47,1007.15,422.06,20.50,20.15,0.83,4,-1,-1
128,48,531.53,958.19,116.04,122.18,1.00,4,-1,-1
128,59,378.35,920.03,130.11,128.80,1.00,4,-1,-1
128,60,793.64,663.50,60.29,63.02,1.00,4,-1,-1
128,61,511.49,789.89,84.99,88.70,1.00,4,-1,-1
128,62,732.23,828.59,87.03,106.13,1.00,4,-1,-1
128,65,676.40,635.68,73.13,49.83,1.00,4,-1,-1
128,75,709.78,593.82,54.04,47.51,0.99,4,-1,-1
128,76,747.55,564.16,47.95,42.67,0.99,4,-1,-1
128,93,632.77,597.48,42.17,45.30,1.00,4,-1,-1
128,106,1458.52,1023.21,213.74,61.06,1.00,4,-1,-1
128,109,945.91,477.14,28.12,30.78,0.99,4,-1,-1
128,110,1024.02,408.44,19.25,19.40,0.98,4,-1,-1
128,113,452.12,691.88,125.63,47.75,1.00,4,-1,-1
128,114,798.08,516.84,40.75,38.56,0.98,4,-1,-1
128,115,859.88,519.73,32.68,34.41,0.99,4,-1,-1
128,119,775.88,543.91,45.70,37.87,1.00,4,-1,-1
128,120,1020.54,392.25,18.04,16.87,0.98,4,-1,-1
128,129,1039.56,453.58,12.49,21.33,0.94,10,-1,-1
128,140,976.62,423.56,19.20,19.03,0.82,4,-1,-1
128,141,430.08,719.12,139.56,65.10,0.99,4,-1,-1
128,142,1118.16,571.07,35.49,44.52,0.80,4,-1,-1
128,147,828.34,448.92,46.49,20.89,0.98,4,-1,-1
128,149,930.88,450.27,25.34,23.45,0.99,4,-1,-1
128,153,723.49,688.47,23.48,36.79,0.92,10,-1,-1
128,154,969.48,445.85,21.76,22.69,0.99,4,-1,-1
128,158,838.27,563.22,25.28,30.75,0.99,7,-1,-1
128,163,1130.13,645.46,48.12,54.21,0.97,5,-1,-1
128,166,938.63,427.94,23.03,20.44,0.99,4,-1,-1
128,169,598.99,770.12,21.53,53.66,0.98,1,-1,-1
128,171,989.66,393.65,18.39,16.88,0.90,4,-1,-1
128,173,1391.11,635.36,26.79,29.41,0.93,10,-1,-1
128,176,852.66,494.30,12.54,22.96,0.82,10,-1,-1
128,178,576.60,594.54,42.42,41.62,0.27,4,-1,-1
128,179,723.16,689.70,24.21,37.27,0.59,3,-1,-1
129,12,620.49,686.35,78.20,64.93,0.99,4,-1,-1
129,19,1001.99,440.18,22.51,20.29,0.94,4,-1,-1
129,20,876.87,801.36,23.17,54.54,0.98,1,-1,-1
129,22,1003.88,467.09,24.06,24.55,0.95,4,-1,-1
129,24,1134.40,700.46,55.81,61.94,0.99,4,-1,-1
129,25,1041.40,628.52,47.05,51.67,1.00,4,-1,-1
129,26,1177.04,892.23,92.23,111.04,1.00,4,-1,-1
129,27,963.51,582.15,44.57,49.72,0.96,4,-1,-1
129,28,1354.61,905.46,149.28,102.97,1.00,4,-1,-1
129,43,669.76,773.70,84.33,89.46,1.00,4,-1,-1
129,44,906.32,851.16,74.77,96.39,0.99,4,-1,-1
129,47,1006.56,422.90,20.50,20.44,0.89,4,-1,-1
129,48,512.69,992.27,115.39,96.41,0.99,4,-1,-1
129,59,357.66,939.11,134.86,132.15,1.00,4,-1,-1
129,60,784.94,675.93,62.49,64.35,1.00,4,-1,-1
129,61,498.38,802.24,86.56,91.48,1.00,4,-1,-1
129,62,718.34,850.86,89.57,113.12,1.00,4,-1,-1
129,65,669.55,642.31,73.89,50.73,1.00,4,-1,-1
129,75,704.69,598.88,54.49,48.56,1.00,4,-1,-1
129,76,743.30,568.06,48.40,43.86,0.99,4,-1,-1
129,93,626.46,602.78,42.28,45.09,0.99,4,-1,-1
129,109,943.01,480.45,29.54,31.73,0.99,4,-1,-1
129,110,1023.83,409.08,19.27,19.33,0.99,4,-1,-1
129,113,439.13,699.83,128.51,49.17,1.00,4,-1,-1
129,114,794.68,519.85,41.09,39.60,1.00,4,-1,-1
129,115,857.23,524.50,32.72,34.60,0.99,4,-1,-1
129,119,772.20,547.14,46.00,39.36,1.00,4,-1,-1
129,120,1020.67,392.88,17.20,16.43,0.99,4,-1,-1
129,129,1039.01,454.41,13.01,22.43,0.98,10,-1,-1
129,140,975.77,425.43,19.27,19.26,0.89,4,-1,-1
129,141,417.48,729.22,140.77,65.67,0.99,4,-1,-1
129,142,1118.68,576.04,36.79,45.38,0.96,4,-1,-1
129,147,823.71,450.62,46.91,20.62,0.99,4,-1,-1
129,149,928.95,452.10,25.34,23.94,1.00,4,-1,-1
129,154,968.50,448.44,21.75,22.53,0.98,4,-1,-1
129,158,833.86,569.35,26.26,30.98,0.98,7,-1,-1
129,163,1131.19,652.38,49.27,56.22,0.99,5,-1,-1
129,166,936.71,429.52,23.84,20.91,0.99,4,-1,-1
129,169,590.45,782.39,21.37,54.92,0.98,1,-1,-1
129,171,988.96,395.24,17.40,16.96,0.96,4,-1,-1
129,173,1396.81,642.27,26.78,29.14,0.91,10,-1,-1
129,176,850.42,499.45,13.07,21.70,0.86,10,-1,-1
129,178,567.92,598.56,44.46,43.14,0.33,4,-1,-1
129,179,715.12,699.34,24.24,37.53,0.98,10,-1,-1
130,12,612.10,694.99,79.16,65.66,1.00,4,-1,-1
130,19,1001.25,440.66,22.81,20.84,0.95,4,-1,-1
130,20,872.90,814.90,23.19,55.49,0.99,1,-1,-1
130,22,1003.57,467.75,24.09,25.06,0.99,4,-1,-1
130,24,1135.75,707.13,57.54,65.35,0.98,4,-1,-1
130,25,1041.42,631.14,47.09,52.74,1.00,4,-1,-1
130,26,1180.28,909.19,95.95,116.38,1.00,4,-1,-1
130,27,963.22,582.85,44.62,50.39,0.98,4,-1,-1
130,28,1363.38,924.07,153.85,107.84,1.00,4,-1,-1
130,43,654.42,792.31,89.35,92.95,0.99,4,-1,-1
130,44,904.80,854.72,76.48,99.24,0.99,4,-1,-1
130,47,1006.42,423.40,20.52,20.96,0.87,4,-1,-1
130,59,340.23,959.71,135.59,123.25,1.00,4,-1,-1
130,60,775.40,688.66,64.94,67.20,1.00,4,-1,-1
130,61,483.67,815.45,89.56,94.91,1.00,4,-1,-1
130,62,702.52,875.96,95.26,121.28,1.00,4,-1,-1
130,65,663.75,648.54,75.00,51.86,1.00,4,-1,-1
130,75,698.76,603.89,55.49,49.55,1.00,4,-1,-1
130,76,738.89,572.01,49.39,44.72,1.00,4,-1,-1
130,93,619.23,608.30,43.17,46.42,0.99,4,-1,-1
130,109,941.21,483.68,30.09,32.89,0.99,4,-1,-1
130,110,1023.44,409.28,19.29,19.72,0.99,4,-1,-1
130,113,427.75,708.58,129.64,50.50,0.99,4,-1,-1
130,114,791.78,522.84,41.24,40.00,1.00,4,-1,-1
130,115,855.06,529.91,32.76,34.67,1.00,4,-1,-1
130,119,767.61,550.82,47.75,39.55,1.00,4,-1,-1
130,120,1020.39,393.06,16.91,16.69,0.99,4,-1,-1
130,129,1038.52,455.30,13.20,22.86,0.92,10,-1,-1
130,140,975.12,426.89,19.31,19.75,0.84,4,-1,-1
130,141,403.10,739.22,144.85,67.45,0.99,4,-1,-1
130,142,1119.85,579.90,37.30,46.12,0.87,5,-1,-1
130,147,818.43,451.46,47.10,21.35,0.93,4,-1,-1
130,149,927.48,454.57,25.36,23.73,0.98,4,-1,-1
130,154,967.40,450.38,21.77,22.87,0.98,4,-1,-1
130,158,829.85,575.08,26.65,32.66,0.99,7,-1,-1
130,163,1132.18,658.58,51.33,58.58,0.94,5,-1,-1
130,166,935.25,430.67,24.16,21.91,0.99,4,-1,-1
130,169,581.00,795.56,22.12,55.37,0.99,1,-1,-1
130,171,988.37,396.58,17.05,16.99,0.91,4,-1,-1
130,173,1403.24,648.76,28.41,29.88,0.91,10,-1,-1
130,176,848.41,505.00,13.26,20.82,0.73,10,-1,-1
130,178,559.53,604.61,46.01,42.77,0.24,4,-1,-1
130,179,707.44,711.28,24.21,37.54,0.94,10,-1,-1
130,180,1119.78,579.17,37.37,47.01,0.80,4,-1,-1
130,181,1316.25,580.38,16.88,34.96,0.90,1,-1,-1
130,182,1551.29,802.17,24.11,39.78,0.68,1,-1,-1
131,12,603.78,701.62,81.29,68.15,1.00,4,-1,-1
131,19,1000.51,441.17,22.87,21.01,0.96,4,-1,-1
131,20,867.59,827.87,25.52,57.32,0.99,1,-1,-1
131,22,1003.37,467.46,24.05,26.02,0.97,4,-1,-1
131,24,1136.22,713.86,59.64,68.08,0.99,4,-1,-1
131,25,1040.43,632.23,47.82,54.65,1.00,4,-1,-1
131,26,1183.27,924.81,99.47,123.60,0.99,4,-1,-1
131,27,962.67,582.55,44.54,50.96,0.96,4,-1,-1
131,28,1371.16,942.27,158.35,112.60,1.00,4,-1,-1
131,43,639.90,810.30,92.61,97.17,1.00,4,-1,-1
131,44,903.45,857.28,76.95,100.11,0.99,4,-1,-1
131,47,1005.89,423.75,20.48,20.71,0.89,4,-1,-1
131,59,326.09,979.77,133.81,105.26,1.00,4,-1,-1
131,60,765.92,700.74,67.26,70.48,1.00,4,-1,-1
131,61,469.14,828.19,92.82,98.36,1.00,4,-1,-1
131,62,686.53,901.20,100.29,128.80,1.00,4,-1,-1
131,65,656.28,653.98,77.62,53.77,1.00,4,-1,-1
131,75,693.54,608.21,56.52,51.40,1.00,4,-1,-1
131,76,734.54,575.61,49.64,46.13,1.00,4,-1,-1
131,93,612.10,612.77,44.20,47.22,1.00,4,-1,-1
131,109,938.62,486.84,31.02,33.26,0.98,4,-1,-1
131,110,1022.38,409.56,19.26,19.43,0.99,4,-1,-1
131,113,415.61,716.75,132.88,51.70,1.00,4,-1,-1
131,114,787.87,525.42,41.99,40.86,0.99,4,-1,-1
131,115,850.87,533.77,34.31,36.22,0.99,4,-1,-1
131,119,763.93,553.99,48.29,39.91,1.00,4,-1,-1
131,120,1019.36,392.75,17.62,17.18,0.99,4,-1,-1
131,129,1037.79,456.14,13.24,22.57,0.95,10,-1,-1
131,140,973.65,428.35,20.10,19.90,0.88,4,-1,-1
131,141,390.45,747.78,147.62,70.36,0.99,4,-1,-1
131,142,1119.92,582.92,38.20,47.30,0.96,4,-1,-1
131,147,813.24,452.22,48.69,21.58,0.83,4,-1,-1
131,149,925.01,456.35,26.13,24.42,0.99,4,-1,-1
131,154,965.78,451.76,22.54,23.76,0.99,4,-1,-1
131,158,824.68,579.72,28.32,34.41,0.99,7,-1,-1
131,163,1133.72,664.85,51.98,59.35,0.98,5,-1,-1
131,166,932.39,431.80,25.02,22.64,0.98,4,-1,-1
131,169,571.72,807.18,23.54,56.13,0.99,1,-1,-1
131,171,986.89,398.08,17.72,16.96,0.87,4,-1,-1
131,173,1407.79,653.63,28.95,32.54,0.85,10,-1,-1
131,176,846.31,505.69,14.13,23.08,0.80,10,-1,-1
131,179,698.98,722.02,25.06,38.37,0.92,10,-1,-1
131,181,1320.07,585.86,16.93,35.57,0.93,1,-1,-1
131,153,700.69,708.20,20.17,34.69,0.54,2,-1,-1
132,12,593.46,710.29,84.69,69.94,1.00,4,-1,-1
132,19,999.03,442.43,23.72,21.10,0.92,4,-1,-1
132,20,863.48,843.01,25.61,58.05,0.98,1,-1,-1
132,22,1002.89,468.44,24.05,26.00,0.92,4,-1,-1
132,24,1138.41,722.36,60.45,70.75,0.99,4,-1,-1
132,25,1040.05,635.05,48.11,53.82,1.00,4,-1,-1
132,26,1187.53,943.44,103.55,128.06,0.99,4,-1,-1
132,27,962.40,584.25,44.54,49.40,0.99,4,-1,-1
132,28,1382.44,963.14,161.67,113.77,0.99,4,-1,-1
132,43,622.00,829.94,98.54,104.29,1.00,4,-1,-1
132,44,901.93,861.61,77.15,100.51,0.98,4,-1,-1
132,47,1005.31,425.14,20.48,20.22,0.93,4,-1,-1
132,59,313.53,1003.76,127.85,81.22,0.98,4,-1,-1
132,60,755.90,714.99,69.72,74.91,1.00,4,-1,-1
132,61,452.44,843.11,96.83,101.32,1.00,4,-1,-1
132,62,668.09,929.90,106.12,135.70,1.00,4,-1,-1
132,65,648.49,661.42,79.42,54.54,1.00,4,-1,-1
132,75,687.41,613.43,57.71,53.13,1.00,4,-1,-1
132,76,729.15,579.99,51.34,47.49,0.99,4,-1,-1
132,93,605.20,618.04,44.60,48.15,1.00,4,-1,-1
132,109,936.46,490.46,31.38,33.82,0.98,4,-1,-1
132,110,1022.03,410.12,19.26,19.75,0.99,4,-1,-1
132,113,403.17,726.35,134.93,53.02,0.99,4,-1,-1
132,114,784.29,528.61,43.09,42.41,0.99,4,-1,-1
132,115,847.24,539.01,35.69,37.63,0.99,4,-1,-1
132,119,760.41,557.61,48.50,41.28,1.00,4,-1,-1
132,120,1019.04,393.47,17.88,17.38,0.99,4,-1,-1
132,129,1037.17,457.55,13.26,22.07,0.89,10,-1,-1
132,140,972.73,430.31,20.40,20.37,0.84,4,-1,-1
132,141,374.81,759.07,153.07,71.56,0.99,4,-1,-1
132,142,1121.60,587.79,37.75,47.58,0.94,4,-1,-1
132,149,923.27,458.83,26.43,24.69,1.00,4,-1,-1
132,154,964.79,454.50,22.03,23.72,0.99,4,-1,-1
132,158,820.66,587.23,28.17,33.94,0.99,7,-1,-1
132,163,1135.15,672.37,53.02,61.26,0.98,5,-1,-1
132,166,930.13,433.63,26.14,22.94,0.97,4,-1,-1
132,169,562.16,820.52,22.89,58.80,0.99,1,-1,-1
132,171,985.98,399.84,17.97,16.96,0.91,4,-1,-1
132,173,1413.27,661.09,29.14,31.98,0.98,10,-1,-1
132,176,844.64,509.85,13.64,23.04,0.82,10,-1,-1
132,179,689.58,733.34,26.21,40.41,0.96,10,-1,-1
132,181,1322.35,591.23,18.82,37.59,0.92,1,-1,-1
132,183,761.18,442.67,48.21,24.71,0.73,5,-1,-1
132,184,1001.65,429.41,21.70,19.89,0.87,4,-1,-1
132,178,546.29,612.69,45.59,46.55,0.90,7,-1,-1
133,12,583.33,718.82,86.74,72.13,1.00,4,-1,-1
133,19,998.32,442.91,23.23,21.12,0.96,4,-1,-1
133,20,858.75,858.17,25.62,59.87,0.99,1,-1,-1
133,22,1002.13,469.22,24.06,25.58,0.95,4,-1,-1
133,24,1140.24,731.85,61.51,71.71,0.99,4,-1,-1
133,25,1038.96,637.42,48.22,51.82,0.99,4,-1,-1
133,26,1192.51,964.06,103.13,118.01,0.98,4,-1,-1
133,27,962.15,585.50,43.73,48.37,1.00,4,-1,-1
133,28,1392.73,984.21,167.58,101.42,0.98,4,-1,-1
133,43,603.41,851.43,103.69,110.07,1.00,4,-1,-1
133,44,899.67,864.93,78.03,103.00,0.98,4,-1,-1
133,47,1004.09,426.09,20.48,19.62,0.91,4,-1,-1
133,59,297.43,1028.64,123.75,55.23,0.91,4,-1,-1
133,60,745.07,729.45,72.18,78.89,1.00,4,-1,-1
133,61,436.30,857.89,99.50,105.50,0.99,4,-1,-1
133,62,650.99,960.68,110.67,122.99,1.00,4,-1,-1
133,65,640.83,668.33,80.86,55.56,1.00,4,-1,-1
133,75,681.14,618.93,58.14,53.54,0.99,4,-1,-1
133,76,723.93,584.58,51.96,47.57,1.00,4,-1,-1
133,93,597.89,624.16,45.55,47.67,0.99,4,-1,-1
133,109,933.53,494.15,30.70,34.00,0.99,4,-1,-1
133,110,1020.90,410.95,19.26,19.04,0.99,4,-1,-1
133,113,389.20,736.84,137.19,52.66,1.00,4,-1,-1
133,114,780.89,531.78,43.49,42.17,1.00,4,-1,-1
133,115,843.39,544.89,36.20,37.74,0.99,4,-1,-1
133,119,755.86,561.32,49.35,41.76,1.00,4,-1,-1
133,120,1018.32,393.35,17.98,17.44,0.99,4,-1,-1
133,129,1036.35,458.26,13.27,22.27,0.94,10,-1,-1
133,140,970.60,432.03,21.32,20.54,0.85,4,-1,-1
133,141,359.87,770.21,154.26,72.70,0.99,4,-1,-1
133,142,1122.83,592.67,36.75,47.84,0.96,4,-1,-1
133,149,920.88,461.14,26.53,25.18,1.00,4,-1,-1
133,154,963.44,456.71,21.82,24.08,0.99,4,-1,-1
133,158,815.12,593.78,28.87,35.29,0.97,7,-1,-1
133,163,1135.89,679.95,54.18,61.93,0.98,5,-1,-1
133,166,927.15,435.31,26.57,23.03,0.98,4,-1,-1
133,169,551.90,834.64,23.01,60.55,0.99,1,-1,-1
133,171,985.05,401.30,17.24,16.54,0.91,4,-1,-1
133,173,1418.13,667.80,30.80,31.70,0.93,10,-1,-1
133,176,841.47,514.16,14.26,23.01,0.82,10,-1,-1
133,179,679.37,746.42,26.60,40.25,0.97,10,-1,-1
133,181,1326.05,596.53,19.45,37.98,0.93,1,-1,-1
133,183,756.77,444.24,49.37,24.82,0.86,5,-1,-1
133,178,537.01,616.64,48.05,48.76,0.70,7,-1,-1
133,185,458.34,652.70,46.41,43.39,0.60,7,-1,-1
133,153,680.98,730.83,21.48,36.08,0.62,10,-1,-1
134,12,573.42,727.83,89.04,74.44,1.00,4,-1,-1
134,19,997.87,443.84,23.03,20.70,0.97,4,-1,-1
134,20,854.29,874.54,26.42,62.09,0.98,1,-1,-1
134,22,1001.25,470.05,24.06,25.39,0.97,4,-1,-1
134,24,1141.93,741.80,63.48,73.54,0.99,4,-1,-1
134,25,1038.82,639.72,47.44,51.83,1.00,4,-1,-1
134,26,1197.44,984.86,101.24,101.22,0.95,4,-1,-1
134,27,961.52,586.49,44.25,48.57,0.99,4,-1,-1
134,28,1407.33,1006.67,169.73,80.20,0.85,4,-1,-1
134,43,583.16,873.81,110.48,118.35,1.00,4,-1,-1
134,44,898.04,868.71,79.17,103.82,0.98,4,-1,-1
134,47,1003.86,427.00,19.66,19.37,0.94,4,-1,-1
134,60,732.47,745.27,76.22,82.67,1.00,4,-1,-1
134,61,417.43,873.49,105.96,110.87,1.00,4,-1,-1
134,62,636.57,995.29,111.61,93.50,0.94,4,-1,-1
134,65,633.76,675.17,82.14,57.45,1.00,4,-1,-1
134,75,674.92,624.88,59.87,54.40,1.00,4,-1,-1
134,76,719.64,589.03,52.16,47.91,0.99,4,-1,-1
134,93,590.16,629.99,46.29,49.02,1.00,4,-1,-1
134,109,930.72,498.02,31.23,34.82,0.99,4,-1,-1
134,110,1020.68,411.42,18.45,18.35,1.00,4,-1,-1
134,113,374.45,746.67,140.32,55.60,1.00,4,-1,-1
134,114,777.21,535.32,43.62,42.00,0.99,4,-1,-1
134,115,839.90,550.37,36.38,37.72,1.00,4,-1,-1
134,119,752.60,565.64,48.84,41.48,1.00,4,-1,-1
134,120,1017.43,393.68,18.03,17.05,0.99,4,-1,-1
134,129,1035.45,458.84,13.27,22.73,0.97,10,-1,-1
134,140,969.62,434.21,20.86,20.17,0.83,4,-1,-1
134,141,343.80,782.63,157.75,73.79,0.99,4,-1,-1
134,142,1123.47,597.84,37.19,48.28,0.96,4,-1,-1
134,149,918.26,464.14,26.57,24.94,1.00,4,-1,-1
134,154,961.99,458.84,21.74,24.18,0.99,4,-1,-1
134,158,810.68,601.22,28.33,35.36,1.00,7,-1,-1
134,163,1137.16,686.83,55.39,64.47,0.99,5,-1,-1
134,166,924.29,437.69,26.71,22.63,0.99,4,-1,-1
134,169,540.41,849.20,25.48,62.69,0.99,1,-1,-1
134,171,984.12,402.79,16.97,15.95,0.91,4,-1,-1
134,173,1424.28,673.83,31.42,33.18,0.94,10,-1,-1
134,176,838.25,518.25,14.48,22.97,0.65,10,-1,-1
134,179,669.82,758.16,27.55,41.80,0.93,10,-1,-1
134,181,1329.47,601.97,19.59,38.66,0.88,1,-1,-1
134,183,750.99,445.85,51.49,24.38,0.16,5,-1,-1
134,178,528.88,622.66,48.87,48.90,0.87,7,-1,-1
134,185,445.91,658.99,48.52,44.53,0.75,7,-1,-1
134,153,671.81,742.88,21.81,36.38,0.50,10,-1,-1
134,186,322.43,991.41,61.47,59.06,0.61,7,-1,-1
134,187,368.24,826.27,29.53,60.27,0.69,1,-1,-1
134,147,799.07,456.80,48.64,21.33,0.74,4,-1,-1
135,12,563.22,736.18,91.38,76.84,1.00,4,-1,-1
135,19,998.02,444.26,22.93,20.95,0.98,4,-1,-1
135,20,849.79,891.50,26.67,62.09,0.99,1,-1,-1
135,22,1001.23,470.62,23.23,25.31,0.97,4,-1,-1
135,24,1143.46,751.06,64.14,76.53,1.00,4,-1,-1
135,25,1039.01,641.91,47.10,51.81,1.00,4,-1,-1
135,26,1201.62,1006.94,101.91,78.40,0.89,4,-1,-1
135,27,961.98,586.83,43.59,48.84,0.99,4,-1,-1
135,28,1423.70,1030.77,168.68,54.34,0.90,4,-1,-1
135,43,563.40,897.88,115.48,126.86,1.00,4,-1,-1
135,44,896.87,872.47,79.50,104.85,0.98,4,-1,-1
135,47,1003.67,427.42,20.17,19.28,0.95,4,-1,-1
135,60,719.99,762.04,80.77,87.15,1.00,4,-1,-1
135,61,399.51,889.59,109.85,115.19,1.00,4,-1,-1
135,65,626.55,682.39,83.30,58.92,0.99,4,-1,-1
135,75,668.79,630.66,61.24,55.47,1.00,4,-1,-1
135,76,714.98,593.70,52.97,48.60,1.00,4,-1,-1
135,93,582.72,635.67,47.31,49.50,1.00,4,-1,-1
135,109,928.46,501.81,32.19,35.50,1.00,4,-1,-1
135,110,1020.50,411.30,18.13,18.51,1.00,4,-1,-1
135,113,359.46,756.79,144.50,57.48,1.00,4,-1,-1
135,114,773.92,538.34,44.41,43.11,0.99,4,-1,-1
135,115,835.42,555.48,38.00,38.88,0.99,4,-1,-1
135,119,747.06,569.11,51.81,42.54,1.00,4,-1,-1
135,120,1017.00,393.72,18.03,17.31,0.99,4,-1,-1
135,129,1035.40,459.33,13.26,22.89,0.98,10,-1,-1
135,140,968.80,436.27,20.65,20.01,0.91,4,-1,-1
135,141,323.77,794.11,165.22,76.54,1.00,4,-1,-1
135,142,1124.66,602.29,38.12,50.02,0.95,4,-1,-1
135,149,916.87,466.46,26.55,24.83,0.99,4,-1,-1
135,154,960.98,461.05,21.69,24.61,0.99,4,-1,-1
135,158,806.30,608.20,28.87,36.73,1.00,7,-1,-1
135,163,1139.34,694.57,55.76,65.39,0.97,5,-1,-1
135,166,922.81,439.41,26.72,22.46,0.99,4,-1,-1
135,169,529.50,864.20,26.35,63.43,0.99,1,-1,-1
135,171,983.29,403.60,17.68,16.98,0.95,4,-1,-1
135,173,1431.22,680.17,31.60,34.50,0.98,10,-1,-1
135,176,837.88,524.74,13.73,21.30,0.95,10,-1,-1
135,179,660.07,771.90,27.86,42.31,0.98,10,-1,-1
135,181,1333.97,607.14,19.56,39.05,0.98,1,-1,-1
135,178,522.20,629.65,47.87,48.05,0.71,7,-1,-1
135,185,435.73,665.81,50.33,46.63,0.69,7,-1,-1
135,153,661.80,755.53,22.69,38.87,0.70,10,-1,-1
135,186,301.92,1007.84,63.49,65.07,0.52,7,-1,-1
135,187,355.03,841.15,30.11,59.53,0.93,1,-1,-1
135,147,795.71,457.81,46.84,22.09,0.50,4,-1,-1
135,188,838.93,519.51,12.05,20.49,0.71,2,-1,-1
136,12,551.87,746.14,95.23,79.33,1.00,4,-1,-1
136,19,997.55,444.90,22.91,21.04,0.99,4,-1,-1
136,20,844.00,909.88,28.35,62.06,0.98,1,-1,-1
136,22,1000.27,471.35,23.76,25.30,0.98,4,-1,-1
136,24,1145.93,760.58,65.97,80.03,0.99,4,-1,-1
136,25,1037.75,644.48,48.64,52.64,1.00,4,-1,-1
136,26,1205.45,1031.16,106.97,53.00,0.24,4,-1,-1
136,27,961.59,587.53,44.20,49.38,0.99,4,-1,-1
136,43,540.28,925.06,121.48,134.07,1.00,4,-1,-1
136,44,896.28,876.55,78.84,106.06,0.96,4,-1,-1
136,47,1003.08,427.44,20.36,19.67,0.96,4,-1,-1
136,60,704.95,779.45,86.42,91.99,1.00,4,-1,-1
136,61,379.32,906.83,114.86,119.98,0.99,4,-1,-1
136,65,617.30,689.96,86.13,61.07,1.00,4,-1,-1
136,75,662.33,636.11,62.56,56.67,1.00,4,-1,-1
136,76,708.67,598.13,54.87,49.45,1.00,4,-1,-1
136,93,574.37,641.48,48.31,51.28,0.99,4,-1,-1
136,109,925.51,505.68,32.56,36.15,0.98,4,-1,-1
136,110,1020.33,411.32,18.03,18.58,1.00,4,-1,-1
136,113,344.90,767.83,146.88,58.20,0.99,4,-1,-1
136,114,769.72,541.34,46.32,44.33,1.00,4,-1,-1
136,115,830.03,561.62,40.19,39.71,0.99,4,-1,-1
136,119,742.85,573.28,52.13,43.34,1.00,4,-1,-1
136,120,1016.74,393.80,18.04,17.41,0.99,4,-1,-1
136,129,1034.89,460.20,13.26,22.95,0.98,10,-1,-1
136,140,967.16,437.68,21.39,20.78,0.95,4,-1,-1
136,141,304.96,806.42,170.84,79.95,1.00,4,-1,-1
136,142,1125.41,607.61,38.49,50.68,0.98,4,-1,-1
136,149,914.21,468.99,26.55,25.60,0.99,4,-1,-1
136,154,959.28,463.33,22.50,25.17,0.99,4,-1,-1
136,158,800.94,616.03,29.87,38.04,0.99,7,-1,-1
136,163,1140.47,703.14,57.50,67.30,0.99,5,-1,-1
136,166,920.54,441.10,26.72,22.81,0.99,4,-1,-1
136,169,517.03,881.42,26.30,64.47,0.98,1,-1,-1
136,171,982.08,404.95,17.95,17.35,0.98,4,-1,-1
136,173,1437.76,687.79,33.25,34.22,0.99,10,-1,-1
136,176,835.16,530.22,14.26,21.52,0.71,10,-1,-1
136,179,648.32,787.05,28.77,43.31,0.99,10,-1,-1
136,181,1338.82,613.54,19.53,39.59,0.91,1,-1,-1
136,178,512.71,636.36,48.30,48.51,0.48,7,-1,-1
136,185,424.01,672.26,52.27,49.13,0.69,7,-1,-1
136,153,650.78,769.80,23.03,39.02,0.38,10,-1,-1
136,187,339.84,855.82,32.57,61.31,0.96,1,-1,-1
136,147,789.07,459.44,47.07,21.96,0.61,4,-1,-1
136,188,834.37,529.35,14.99,21.06,0.90,3,-1,-1
137,12,539.33,757.24,97.69,81.84,1.00,4,-1,-1
137,19,996.43,445.93,22.91,21.09,0.98,4,-1,-1
137,20,838.54,930.03,27.43,61.23,1.00,1,-1,-1
137,22,999.38,472.61,24.78,25.71,0.94,4,-1,-1
137,24,1147.15,770.66,68.26,83.72,0.99,4,-1,-1
137,25,1037.58,646.85,48.42,53.78,1.00,4,-1,-1
137,27,960.48,588.23,44.44,49.40,0.99,4,-1,-1
137,43,518.20,954.05,125.95,126.97,1.00,4,-1,-1
137,44,893.88,882.00,79.43,107.32,0.97,4,-1,-1
137,47,1002.31,428.02,20.45,19.82,0.94,4,-1,-1
137,60,689.30,798.40,91.72,98.50,1.00,4,-1,-1
137,61,357.56,926.95,119.53,124.14,0.99,4,-1,-1
137,65,608.30,698.96,87.41,61.87,1.00,4,-1,-1
137,75,654.96,642.72,63.86,58.70,0.99,4,-1,-1
137,76,702.94,603.58,55.61,50.56,1.00,4,-1,-1
137,93,565.88,649.03,48.49,51.96,1.00,4,-1,-1
137,109,922.27,510.46,32.71,36.80,0.99,4,-1,-1
137,110,1019.31,411.70,18.01,18.62,1.00,4,-1,-1
137,113,327.57,780.55,151.34,59.24,1.00,4,-1,-1
137,114,765.58,545.44,46.26,44.79,0.99,4,-1,-1
137,115,824.66,567.86,41.05,41.22,0.99,4,-1,-1
137,119,737.10,578.03,53.84,44.24,1.00,4,-1,-1
137,120,1015.69,394.19,18.05,17.46,0.98,4,-1,-1
137,129,1033.76,462.13,13.27,22.98,0.96,10,-1,-1
137,140,965.61,439.35,21.67,21.06,0.94,4,-1,-1
137,141,282.96,821.16,177.23,81.25,0.99,4,-1,-1
137,142,1125.97,612.95,39.44,51.72,0.98,4,-1,-1
137,149,911.87,471.68,27.38,26.30,0.99,4,-1,-1
137,154,957.30,466.74,23.62,24.99,1.00,4,-1,-1
137,158,794.42,624.89,31.05,38.74,0.98,7,-1,-1
137,163,1141.58,712.06,58.95,68.02,0.98,5,-1,-1
137,166,917.95,443.09,27.53,23.34,0.96,4,-1,-1
137,169,502.01,899.19,27.86,66.41,1.00,1,-1,-1
137,171,981.07,406.80,18.06,17.09,0.96,4,-1,-1
137,173,1444.11,697.55,35.46,32.48,0.89,10,-1,-1
137,176,831.99,533.50,14.46,23.67,0.82,10,-1,-1
137,179,635.87,803.18,29.11,44.48,0.98,10,-1,-1
137,181,1343.74,620.21,19.50,39.97,0.95,1,-1,-1
137,178,503.24,642.63,49.27,49.47,0.82,7,-1,-1
137,185,412.52,680.89,52.40,45.48,0.19,7,-1,-1
137,153,638.16,784.55,23.95,39.85,0.74,1,-1,-1
137,187,324.14,872.56,32.03,62.73,0.96,1,-1,-1
137,147,786.17,461.45,44.72,21.89,0.25,4,-1,-1
137,189,301.64,729.24,21.09,43.39,0.60,1,-1,-1
137,190,1243.93,609.01,55.45,43.69,0.68,4,-1,-1
137,191,1245.13,1000.45,57.86,74.73,0.84,10,-1,-1
138,12,527.01,768.08,101.70,83.48,1.00,4,-1,-1
138,19,995.09,446.46,23.72,21.50,0.98,4,-1,-1
138,20,832.24,950.40,27.82,62.46,0.99,1,-1,-1
138,22,998.53,473.83,25.16,25.44,0.99,4,-1,-1
138,24,1149.40,781.34,69.08,86.61,0.99,4,-1,-1
138,25,1037.02,648.94,48.31,54.16,1.00,4,-1,-1
138,27,959.99,588.59,44.53,48.56,0.99,4,-1,-1
138,43,496.72,985.89,128.14,101.98,0.98,4,-1,-1
138,44,892.22,885.94,79.62,108.48,0.99,4,-1,-1
138,47,1001.51,428.19,20.47,19.45,0.96,4,-1,-1
138,60,672.62,818.69,97.59,104.02,1.00,4,-1,-1
138,61,335.30,946.60,124.74,127.14,0.99,4,-1,-1
138,65,599.22,707.89,89.40,62.88,1.00,4,-1,-1
138,75,647.63,649.59,65.09,59.40,1.00,4,-1,-1
138,76,696.96,608.05,56.63,52.52,1.00,4,-1,-1
138,93,557.21,655.07,49.33,52.95,1.00,4,-1,-1
138,109,919.04,515.11,33.54,37.79,0.99,4,-1,-1
138,110,1018.41,411.82,18.00,18.62,0.99,4,-1,-1
138,113,309.90,792.41,151.71,61.92,0.99,4,-1,-1
138,114,761.31,548.67,46.99,45.71,1.00,4,-1,-1
138,115,819.48,573.80,42.12,42.54,1.00,4,-1,-1
138,119,733.06,582.27,53.66,45.72,0.99,4,-1,-1
138,120,1015.18,394.73,18.06,17.46,0.98,4,-1,-1
138,129,1032.82,462.98,13.27,22.97,0.98,10,-1,-1
138,140,964.54,441.30,21.76,21.15,0.97,4,-1,-1
138,141,260.51,834.96,184.74,84.77,1.00,4,-1,-1
138,142,1126.39,617.08,40.59,53.46,0.97,4,-1,-1
138,149,908.96,474.39,28.48,26.53,1.00,4,-1,-1
138,154,955.28,469.32,24.03,25.29,0.99,4,-1,-1
138,158,788.89,634.15,30.69,38.95,0.99,7,-1,-1
138,163,1142.61,720.42,61.05,71.38,0.98,5,-1,-1
138,166,914.54,444.96,28.61,23.52,0.98,4,-1,-1
138,169,486.90,917.51,29.22,68.64,0.99,1,-1,-1
138,171,979.79,408.04,18.09,16.97,0.98,4,-1,-1
138,173,1451.58,704.98,34.73,33.41,0.95,10,-1,-1
138,176,829.63,539.56,13.72,23.24,0.83,10,-1,-1
138,179,621.96,820.56,30.02,44.87,0.95,10,-1,-1
138,181,1348.43,626.99,19.47,39.22,0.89,1,-1,-1
138,178,493.46,649.40,50.01,51.38,0.89,7,-1,-1
138,185,398.79,687.51,55.39,50.31,0.39,7,-1,-1
138,153,625.40,800.66,23.48,40.91,0.68,10,-1,-1
138,187,306.83,888.60,34.54,67.59,0.96,1,-1,-1
138,147,775.80,463.18,47.96,21.43,0.19,4,-1,-1
138,192,623.17,802.17,24.11,42.19,0.62,1,-1,-1
138,193,1249.96,672.59,98.84,49.42,0.99,4,-1,-1
138,188,829.32,538.11,13.56,21.18,0.87,2,-1,-1
139,12,514.50,779.02,104.73,87.20,1.00,4,-1,-1
139,19,994.38,447.22,24.01,21.24,0.98,4,-1,-1
139,20,825.78,971.08,27.14,63.69,0.99,1,-1,-1
139,22,997.60,474.86,25.29,25.33,0.99,4,-1,-1
139,24,1151.55,791.46,70.92,89.23,1.00,4,-1,-1
139,25,1036.59,650.40,49.08,55.10,1.00,4,-1,-1
139,27,959.58,589.09,44.55,49.06,0.99,4,-1,-1
139,43,483.16,1021.64,121.39,66.41,0.71,4,-1,-1
139,44,890.57,890.45,79.66,108.07,0.99,4,-1,-1
139,47,1001.41,428.64,20.48,18.90,0.96,4,-1,-1
139,60,654.54,840.18,103.67,110.74,1.00,4,-1,-1
139,61,315.20,968.60,126.27,114.84,0.99,4,-1,-1
139,65,589.65,716.56,91.49,64.81,1.00,4,-1,-1
139,75,640.86,655.96,65.51,60.41,1.00,4,-1,-1
139,76,691.46,613.73,56.98,52.64,0.99,4,-1,-1
139,93,548.19,662.30,50.41,54.09,1.00,4,-1,-1
139,109,916.49,519.32,34.64,39.34,1.00,4,-1,-1
139,110,1017.86,411.64,18.00,19.03,1.00,4,-1,-1
139,113,289.09,804.46,161.68,65.28,0.99,4,-1,-1
139,114,757.62,552.14,47.23,46.43,0.99,4,-1,-1
139,115,814.25,580.22,43.30,44.01,1.00,4,-1,-1
139,119,727.08,586.69,55.94,46.06,1.00,4,-1,-1
139,120,1014.78,395.12,18.05,17.46,0.99,4,-1,-1
139,129,1032.66,463.85,13.26,22.95,0.95,10,-1,-1
139,140,963.15,443.36,21.78,21.17,0.99,4,-1,-1
139,141,237.82,849.68,191.81,88.43,1.00,4,-1,-1
139,142,1126.67,623.04,41.81,54.29,0.96,4,-1,-1
139,149,906.52,476.91,28.88,27.42,0.99,4,-1,-1
139,154,953.54,471.39,24.97,26.19,0.99,4,-1,-1
139,158,783.14,642.59,31.31,38.99,0.99,7,-1,-1
139,163,1144.29,729.27,62.60,73.41,0.99,5,-1,-1
139,166,911.12,446.79,29.80,23.98,0.98,4,-1,-1
139,169,471.16,936.26,30.12,70.22,0.99,1,-1,-1
139,171,978.32,409.24,18.91,17.74,0.96,4,-1,-1
139,173,1458.35,712.33,35.97,35.35,0.96,10,-1,-1
139,176,826.59,543.88,15.08,24.28,0.87,3,-1,-1
139,179,608.64,835.41,31.73,47.39,0.93,10,-1,-1
139,181,1353.38,633.33,19.44,40.57,0.96,1,-1,-1
139,178,483.68,656.08,51.06,52.86,0.96,7,-1,-1
139,185,386.06,697.04,55.13,49.34,0.39,7,-1,-1
139,153,612.04,816.70,24.27,42.08,0.77,10,-1,-1
139,187,288.88,905.32,35.86,70.00,0.99,1,-1,-1
139,147,767.58,464.55,50.68,22.07,0.60,4,-1,-1
139,193,1256.61,680.44,97.31,48.66,0.98,4,-1,-1
139,188,827.26,539.42,13.24,23.01,0.67,2,-1,-1
140,12,500.57,790.42,108.88,90.07,1.00,4,-1,-1
140,19,993.59,447.41,24.10,21.53,0.99,4,-1,-1
140,20,817.81,993.83,27.64,63.27,0.99,1,-1,-1
140,22,996.71,475.72,25.31,25.28,0.99,4,-1,-1
140,24,1153.58,804.53,72.31,90.88,1.00,4,-1,-1
140,25,1035.43,651.83,49.31,56.21,1.00,4,-1,-1
140,27,958.91,590.07,44.52,48.19,0.99,4,-1,-1
140,44,888.69,893.98,79.59,111.01,0.99,4,-1,-1
140,47,1000.42,428.93,20.46,18.69,0.97,4,-1,-1
140,60,635.08,862.46,110.51,117.82,1.00,4,-1,-1
140,61,292.41,990.09,130.92,95.39,0.97,4,-1,-1
140,65,579.07,724.46,94.72,67.04,1.00,4,-1,-1
140,75,632.64,662.69,67.97,61.50,1.00,4,-1,-1
140,76,685.25,619.31,57.82,53.20,1.00,4,-1,-1
140,93,538.85,669.34,51.96,54.46,0.99,4,-1,-1
140,109,912.73,523.62,35.80,40.28,0.99,4,-1,-1
140,110,1017.11,412.12,17.99,18.77,1.00,4,-1,-1
140,113,273.06,817.39,164.35,67.28,1.00,4,-1,-1
140,114,753.18,555.96,48.06,47.04,0.99,4,-1,-1
140,115,808.39,586.85,44.47,45.11,1.00,4,-1,-1
140,119,722.63,591.22,55.93,46.12,1.00,4,-1,-1
140,120,1014.08,395.63,18.04,17.04,0.99,4,-1,-1
140,129,1031.64,465.28,13.25,22.11,0.99,10,-1,-1
140,140,961.74,445.41,21.76,21.56,0.97,4,-1,-1
140,141,213.53,864.35,200.13,92.86,1.00,4,-1,-1
140,142,1127.26,628.92,42.21,54.53,0.99,4,-1,-1
140,149,903.58,479.47,29.00,28.12,0.99,4,-1,-1
140,154,951.61,473.99,25.30,26.51,1.00,4,-1,-1
140,158,775.96,651.68,32.30,41.35,0.92,7,-1,-1
140,163,1145.38,738.04,63.88,75.65,0.99,5,-1,-1
140,166,907.81,447.93,30.21,24.93,0.98,4,-1,-1
140,169,453.86,955.91,32.77,72.28,1.00,1,-1,-1
140,171,976.46,411.20,19.20,17.60,0.96,4,-1,-1
140,173,1466.48,720.16,36.38,36.04,0.94,10,-1,-1
140,176,823.53,544.99,13.96,22.23,0.58,2,-1,-1
140,179,594.74,851.70,33.72,49.07,0.80,10,-1,-1
140,181,1357.86,639.30,19.39,41.01,0.94,1,-1,-1
140,178,472.74,660.92,53.39,55.74,0.93,7,-1,-1
140,185,372.33,704.47,57.81,52.19,0.65,7,-1,-1
140,153,599.10,833.93,24.53,43.25,0.90,10,-1,-1
140,187,270.65,921.89,38.86,72.38,0.97,1,-1,-1
140,193,1256.85,687.22,104.52,51.33,0.99,4,-1,-1
140,188,822.66,544.54,14.96,25.68,0.87,2,-1,-1
140,194,593.34,851.58,34.65,51.83,0.68,3,-1,-1
140,195,1048.66,405.90,16.88,18.68,0.78,4,-1,-1
141,12,486.99,802.18,112.01,94.33,1.00,4,-1,-1
141,19,993.58,448.16,23.32,21.65,0.99,4,-1,-1
141,20,809.43,1017.44,27.82,59.87,0.96,1,-1,-1
141,22,995.43,476.73,25.33,25.27,0.99,4,-1,-1
141,24,1154.96,817.90,75.99,93.85,1.00,4,-1,-1
141,25,1034.84,654.10,49.40,56.65,1.00,4,-1,-1
141,27,958.46,591.00,44.52,48.73,1.00,4,-1,-1
141,44,885.70,899.08,81.20,112.14,0.99,4,-1,-1
141,47,999.93,430.75,20.46,19.04,0.97,4,-1,-1
141,60,614.39,886.50,117.57,126.76,0.99,4,-1,-1
141,61,273.80,1013.82,130.42,70.65,0.94,4,-1,-1
141,65,569.32,733.72,96.73,68.69,0.99,4,-1,-1
141,75,625.38,669.57,68.09,62.72,0.99,4,-1,-1
141,76,678.73,624.97,59.73,54.21,1.00,4,-1,-1
141,93,529.36,676.31,53.33,56.20,1.00,4,-1,-1
141,109,909.20,528.63,37.03,41.83,1.00,4,-1,-1
141,110,1016.71,412.59,18.00,19.09,1.00,4,-1,-1
141,113,251.87,831.26,171.73,69.65,1.00,4,-1,-1
141,114,748.94,559.39,49.17,48.47,1.00,4,-1,-1
141,115,802.85,594.29,45.69,45.73,0.99,4,-1,-1
141,119,716.78,595.91,57.51,47.56,1.00,4,-1,-1
141,120,1013.30,396.09,18.86,16.90,0.99,4,-1,-1
141,129,1031.96,466.50,12.43,22.22,0.99,10,-1,-1
141,140,960.28,447.40,21.76,22.12,0.99,4,-1,-1
141,141,187.95,881.17,207.80,96.18,1.00,4,-1,-1
141,142,1128.15,634.40,42.36,56.23,1.00,4,-1,-1
141,149,901.15,483.24,29.84,27.99,0.99,4,-1,-1
141,154,950.36,477.19,25.42,26.63,1.00,4,-1,-1
141,158,769.51,660.99,33.46,43.03,0.94,7,-1,-1
141,163,1146.82,748.94,65.93,78.09,1.00,5,-1,-1
141,166,904.86,449.98,31.15,25.30,0.98,4,-1,-1
141,169,436.08,977.43,34.16,75.42,0.99,1,-1,-1
141,171,975.65,412.77,19.30,17.96,0.95,4,-1,-1
141,173,1474.60,730.02,36.52,36.31,0.83,10,-1,-1
141,179,578.09,869.19,36.43,52.89,0.91,10,-1,-1
141,181,1363.82,646.82,19.37,41.99,0.98,1,-1,-1
141,178,461.86,665.06,55.86,59.21,0.73,7,-1,-1
141,185,358.67,713.11,59.57,53.21,0.33,7,-1,-1
141,153,582.52,853.42,27.21,44.49,0.90,10,-1,-1
141,187,250.31,943.14,42.24,72.37,0.96,1,-1,-1
141,193,1262.35,694.96,108.64,53.09,1.00,4,-1,-1
141,188,818.85,549.24,15.50,28.26,0.65,3,-1,-1
141,195,1048.29,406.91,16.94,18.76,0.88,4,-1,-1
141,196,224.80,772.63,25.31,48.21,0.90,1,-1,-1
141,197,775.04,659.33,16.88,27.72,0.72,2,-1,-1
142,12,471.56,815.30,116.74,98.22,1.00,4,-1,-1
142,19,993.26,448.93,23.03,21.28,0.99,4,-1,-1
142,22,994.24,477.60,25.34,25.27,1.00,4,-1,-1
142,24,1157.64,828.15,78.20,101.19,1.00,4,-1,-1
142,25,1033.99,656.01,50.28,57.58,1.00,4,-1,-1
142,27,958.43,591.26,43.74,49.73,0.99,4,-1,-1
142,44,883.26,903.73,81.86,114.11,0.97,4,-1,-1
142,47,999.00,430.48,20.48,17.94,0.96,4,-1,-1
142,60,591.87,913.82,125.93,133.25,0.99,4,-1,-1
142,61,253.30,1038.90,128.81,44.39,0.27,4,-1,-1
142,65,557.63,743.13,100.26,71.62,0.99,4,-1,-1
142,75,616.74,677.29,70.33,64.71,0.99,4,-1,-1
142,76,672.52,631.04,60.47,54.55,1.00,4,-1,-1
142,93,518.12,683.70,55.85,58.41,0.99,4,-1,-1
142,109,905.61,534.13,37.52,42.00,0.99,4,-1,-1
142,110,1015.82,413.25,18.02,18.80,1.00,4,-1,-1
142,113,231.47,845.68,174.93,72.80,1.00,4,-1,-1
142,114,743.91,563.61,50.39,49.38,0.99,4,-1,-1
142,115,796.17,601.54,47.74,47.70,1.00,4,-1,-1
142,119,711.59,601.20,58.10,48.06,0.99,4,-1,-1
142,120,1012.25,396.34,19.17,16.84,0.98,4,-1,-1
142,129,1031.39,467.21,12.97,23.07,1.00,10,-1,-1
142,140,959.02,449.40,21.76,22.31,0.99,4,-1,-1
142,141,160.63,899.89,215.99,98.87,1.00,4,-1,-1
142,142,1129.01,640.55,43.23,56.83,0.99,4,-1,-1
142,149,898.75,486.34,29.37,27.92,1.00,4,-1,-1
142,154,948.38,480.05,25.47,26.65,0.98,4,-1,-1
142,158,762.95,671.88,33.12,42.86,0.98,7,-1,-1
142,163,1148.32,759.47,67.52,80.53,1.00,5,-1,-1
142,166,901.84,452.23,31.51,25.42,0.99,4,-1,-1
142,169,416.77,1000.85,35.12,74.23,0.99,1,-1,-1
142,171,974.20,414.42,19.35,18.08,0.96,4,-1,-1
142,173,1483.71,740.02,36.56,38.79,0.20,10,-1,-1
142,179,561.56,889.40,39.05,55.88,0.94,10,-1,-1
142,181,1369.73,654.41,19.37,42.33,0.97,1,-1,-1
142,178,450.13,675.66,56.81,57.39,0.93,7,-1,-1
142,185,343.18,723.20,60.62,54.33,0.16,7,-1,-1
142,153,566.10,872.92,27.08,48.10,0.95,10,-1,-1
142,187,227.76,963.84,45.71,73.87,0.95,1,-1,-1
142,193,1262.98,702.66,118.64,55.31,1.00,4,-1,-1
142,188,814.36,556.65,16.54,28.84,0.80,3,-1,-1
142,195,1048.45,407.34,16.97,18.78,0.81,4,-1,-1
142,196,204.33,785.69,25.66,49.37,0.79,1,-1,-1
142,197,768.08,669.00,16.94,27.83,0.87,2,-1,-1
142,198,426.40,717.79,25.92,40.98,0.97,10,-1,-1
142,199,559.89,891.36,40.38,56.65,0.76,10,-1,-1
142,200,1131.23,627.39,12.05,26.52,0.64,1,-1,-1
142,201,1242.72,741.90,132.59,57.86,0.78,4,-1,-1
143,12,456.24,828.21,120.42,101.25,1.00,4,-1,-1
143,19,992.11,449.61,22.92,21.14,0.99,4,-1,-1
143,22,993.58,478.10,25.34,25.68,0.99,4,-1,-1
143,24,1160.29,842.76,80.55,104.00,1.00,4,-1,-1
143,25,1033.42,657.46,50.58,58.73,1.00,4,-1,-1
143,27,957.76,591.93,43.44,49.10,1.00,4,-1,-1
143,44,880.87,908.52,82.87,116.42,0.98,4,-1,-1
143,47,998.45,430.78,20.48,18.37,0.95,4,-1,-1
143,60,569.15,939.97,132.21,135.76,0.99,4,-1,-1
143,65,546.63,753.90,102.53,72.72,0.99,4,-1,-1
143,75,608.05,684.32,72.11,67.03,1.00,4,-1,-1
143,76,665.31,636.71,62.29,56.25,1.00,4,-1,-1
143,93,507.51,691.77,57.17,59.23,1.00,4,-1,-1
143,109,902.52,539.28,37.66,43.22,0.99,4,-1,-1
143,110,1014.88,413.71,18.02,18.69,1.00,4,-1,-1
143,113,209.15,861.35,178.85,75.57,1.00,4,-1,-1
143,114,740.30,567.25,50.03,50.30,0.99,4,-1,-1
143,115,790.35,609.81,48.49,48.24,1.00,4,-1,-1
143,119,705.54,606.21,59.08,48.62,1.00,4,-1,-1
143,120,1011.66,396.02,19.28,17.65,0.97,4,-1,-1
143,129,1030.53,468.26,13.15,23.39,1.00,10,-1,-1
143,140,957.56,451.90,21.75,22.38,0.98,4,-1,-1
143,141,132.79,918.76,223.78,102.23,1.00,4,-1,-1
143,142,1129.44,646.34,44.33,58.63,1.00,4,-1,-1
143,149,895.69,489.42,29.97,28.69,0.99,4,-1,-1
143,154,945.86,483.24,26.27,26.65,1.00,4,-1,-1
143,158,756.00,681.72,33.75,45.14,0.99,7,-1,-1
143,163,1150.55,770.78,68.06,83.00,1.00,5,-1,-1
143,166,898.98,454.42,31.62,25.45,0.99,4,-1,-1
143,169,396.39,1026.31,33.88,58.43,0.92,1,-1,-1
143,171,973.08,416.00,19.36,18.53,0.97,4,-1,-1
143,173,1491.02,750.38,38.15,38.14,0.73,10,-1,-1
143,179,543.87,910.43,40.83,59.36,0.95,10,-1,-1
143,181,1375.11,662.75,19.36,42.44,0.96,1,-1,-1
143,178,437.97,680.66,59.51,62.18,0.96,7,-1,-1
143,185,326.90,731.39,64.56,57.95,0.76,7,-1,-1
143,153,549.90,893.63,26.96,48.69,0.97,10,-1,-1
143,187,202.87,985.76,49.15,75.16,0.94,1,-1,-1
143,193,1266.53,710.99,123.63,56.00,0.99,4,-1,-1
143,188,810.95,565.57,16.10,26.99,0.92,3,-1,-1
143,195,1047.72,407.94,16.93,18.28,0.93,4,-1,-1
143,196,182.65,798.75,25.97,50.56,0.86,1,-1,-1
143,197,761.45,679.07,16.97,29.74,0.85,2,-1,-1
143,200,1131.53,632.59,13.07,27.59,0.64,10,-1,-1
143,201,1246.36,752.86,144.69,60.98,0.97,4,-1,-1
143,202,729.84,457.13,53.04,23.50,0.65,4,-1,-1
143,203,1054.69,425.79,16.88,20.49,0.65,4,-1,-1
143,176,811.71,560.62,14.48,23.96,0.69,3,-1,-1
144,12,440.28,841.81,124.45,105.40,0.99,4,-1,-1
144,19,991.16,450.07,22.87,21.90,0.98,4,-1,-1
144,22,992.83,478.67,25.32,26.22,0.99,4,-1,-1
144,24,1163.03,857.73,82.56,107.26,1.00,4,-1,-1
144,25,1032.28,659.84,50.67,57.50,1.00,4,-1,-1
144,27,956.61,592.13,44.13,48.83,0.99,4,-1,-1
144,44,879.21,913.17,83.20,117.97,0.99,4,-1,-1
144,47,997.31,431.10,21.28,19.74,0.92,4,-1,-1
144,60,548.15,968.98,137.02,117.83,0.95,4,-1,-1
144,65,534.94,764.03,104.85,74.60,1.00,4,-1,-1
144,75,599.31,692.69,72.92,67.83,1.00,4,-1,-1
144,76,658.05,643.03,63.72,57.62,1.00,4,-1,-1
144,93,495.96,700.15,58.81,60.26,1.00,4,-1,-1
144,109,898.18,544.85,39.28,44.42,0.99,4,-1,-1
144,110,1013.17,413.91,18.84,19.05,0.99,4,-1,-1
144,113,186.26,876.77,183.89,79.65,1.00,4,-1,-1
144,114,734.68,571.09,52.25,51.58,1.00,4,-1,-1
144,115,783.51,617.31,50.30,50.16,1.00,4,-1,-1
144,119,699.46,611.52,60.19,49.58,1.00,4,-1,-1
144,120,1010.50,396.15,19.31,17.52,0.93,4,-1,-1
144,129,1029.66,469.44,13.22,23.08,1.00,10,-1,-1
144,140,956.13,454.00,21.73,22.78,0.97,4,-1,-1
144,141,104.51,938.08,231.31,104.93,1.00,4,-1,-1
144,142,1129.77,652.23,44.71,60.83,1.00,4,-1,-1
144,149,892.94,493.09,29.37,29.35,0.99,4,-1,-1
144,154,943.64,486.17,26.55,27.43,0.99,4,-1,-1
144,158,747.60,692.25,35.55,47.52,0.98,7,-1,-1
144,163,1152.75,782.57,68.98,86.20,1.00,5,-1,-1
144,166,895.50,456.21,32.42,26.24,0.97,4,-1,-1
144,171,970.95,417.58,20.15,18.68,0.92,4,-1,-1
144,179,525.22,932.02,43.41,64.52,0.93,10,-1,-1
144,181,1380.66,670.74,19.34,42.42,0.97,1,-1,-1
144,178,425.73,688.66,61.66,64.67,0.95,7,-1,-1
144,185,310.90,740.54,66.77,58.44,0.34,7,-1,-1
144,153,531.95,917.22,28.48,51.19,0.98,10,-1,-1
144,187,181.25,1008.09,49.49,70.66,0.81,1,-1,-1
144,193,1270.75,720.17,125.12,56.94,0.99,4,-1,-1
144,188,806.95,572.26,15.90,27.37,0.89,3,-1,-1
144,195,1046.42,408.50,16.91,18.56,0.74,4,-1,-1
144,196,157.69,812.37,28.61,53.65,0.95,1,-1,-1
144,197,752.78,690.90,17.88,33.07,0.85,2,-1,-1
144,200,1132.43,639.37,13.27,27.81,0.67,1,-1,-1
144,201,1252.54,762.65,152.58,64.37,1.00,4,-1,-1
144,176,807.73,567.33,14.55,27.51,0.67,3,-1,-1
144,204,1132.43,639.44,13.26,27.72,0.67,10,-1,-1
144,147,727.17,460.01,53.24,23.55,0.65,4,-1,-1
145,12,423.71,855.97,130.27,110.95,1.00,4,-1,-1
145,19,990.51,450.93,23.69,22.19,0.98,4,-1,-1
145,22,992.66,479.59,25.32,26.04,1.00,4,-1,-1
145,24,1166.90,873.85,84.87,112.44,1.00,4,-1,-1
145,25,1033.56,662.95,49.08,55.42,1.00,4,-1,-1
145,27,957.03,593.18,43.59,49.18,1.00,4,-1,-1
145,44,878.12,918.38,84.13,121.01,0.93,4,-1,-1
145,47,997.41,431.51,21.59,20.26,0.92,4,-1,-1
145,60,532.97,1000.86,134.60,88.49,0.76,4,-1,-1
145,65,523.75,775.33,107.30,76.94,1.00,4,-1,-1
145,75,590.43,700.59,75.20,69.74,1.00,4,-1,-1
145,76,651.34,649.78,65.04,58.96,1.00,4,-1,-1
145,93,485.41,709.21,59.82,61.47,1.00,4,-1,-1
145,109,895.07,550.75,39.88,46.48,0.99,4,-1,-1
145,110,1013.09,414.27,19.14,19.20,0.99,4,-1,-1
145,113,161.40,893.48,189.83,83.63,1.00,4,-1,-1
145,114,731.01,575.73,52.28,51.70,1.00,4,-1,-1
145,115,777.02,625.67,51.76,51.70,1.00,4,-1,-1
145,119,694.01,616.71,61.40,50.76,1.00,4,-1,-1
145,120,1010.62,396.27,19.32,17.90,0.93,4,-1,-1
145,129,1029.89,470.59,13.24,22.98,1.00,10,-1,-1
145,140,954.91,456.03,22.54,23.35,0.98,4,-1,-1
145,141,73.82,959.02,240.18,108.38,1.00,4,-1,-1
145,142,1130.81,659.36,46.44,61.70,0.99,4,-1,-1
145,149,890.00,496.70,30.76,30.01,1.00,4,-1,-1
145,154,942.53,489.31,26.65,28.14,0.99,4,-1,-1
145,158,740.51,704.49,35.43,49.24,0.98,7,-1,-1
145,163,1155.65,794.70,71.68,89.03,1.00,5,-1,-1
145,166,892.33,458.31,33.52,26.16,0.98,4,-1,-1
145,171,970.70,419.41,19.65,18.74,0.92,4,-1,-1
145,179,505.36,957.33,44.79,69.63,0.82,10,-1,-1
145,181,1387.26,679.09,19.33,44.05,0.97,1,-1,-1
145,178,413.72,695.20,62.87,68.00,0.96,7,-1,-1
145,185,295.48,751.40,68.78,59.41,0.34,7,-1,-1
145,153,512.76,942.59,29.83,52.95,0.97,10,-1,-1
145,187,160.27,1031.42,44.99,53.02,0.18,1,-1,-1
145,193,1275.23,729.72,127.06,58.94,0.99,4,-1,-1
145,195,1046.46,410.26,17.79,17.78,0.70,4,-1,-1
145,196,132.58,828.66,31.23,52.86,0.98,1,-1,-1
145,197,745.22,703.71,18.16,34.19,0.92,2,-1,-1
145,200,1132.99,646.27,13.31,29.72,0.68,1,-1,-1
145,201,1258.49,774.61,160.66,67.34,1.00,4,-1,-1
145,176,803.07,576.23,16.19,28.79,0.89,3,-1,-1
145,147,722.54,460.29,54.20,24.50,0.68,4,-1,-1
145,205,993.82,449.30,22.90,22.30,0.71,4,-1,-1
145,206,1004.06,350.76,13.26,13.26,0.60,4,-1,-1
145,173,1511.20,771.13,38.83,40.66,0.98,10,-1,-1
146,12,405.44,871.58,136.35,115.30,1.00,4,-1,-1
146,19,989.94,451.65,23.98,21.48,0.98,4,-1,-1
146,22,991.46,480.12,26.14,25.95,1.00,4,-1,-1
146,24,1170.80,893.08,88.47,115.11,1.00,4,-1,-1
146,25,1032.94,664.18,49.29,57.07,1.00,4,-1,-1
146,27,956.49,594.16,44.22,48.47,1.00,4,-1,-1
146,44,876.38,923.12,84.47,121.26,0.86,4,-1,-1
146,47,997.10,432.66,21.70,20.05,0.96,4,-1,-1
146,65,511.31,786.77,110.54,79.30,1.00,4,-1,-1
146,75,580.96,709.22,77.02,71.17,1.00,4,-1,-1
146,76,643.99,656.02,66.31,61.00,1.00,4,-1,-1
146,93,473.59,717.90,61.35,63.45,1.00,4,-1,-1
146,109,891.69,557.02,40.88,47.61,1.00,4,-1,-1
146,110,1012.30,414.21,19.26,19.25,0.99,4,-1,-1
146,113,136.02,912.08,195.32,85.05,1.00,4,-1,-1
146,114,725.91,579.63,53.06,52.87,1.00,4,-1,-1
146,115,770.08,634.82,53.08,53.01,1.00,4,-1,-1
146,119,688.28,622.17,62.62,51.75,1.00,4,-1,-1
146,120,1010.31,396.33,18.51,18.03,0.96,4,-1,-1
146,129,1029.63,471.39,13.26,22.52,1.00,10,-1,-1
146,140,953.34,458.15,22.84,23.54,0.97,4,-1,-1
146,141,42.62,981.57,248.11,100.10,1.00,4,-1,-1
146,142,1132.82,666.38,46.30,62.75,1.00,4,-1,-1
146,149,886.66,499.99,32.07,31.03,0.99,4,-1,-1
146,154,940.63,492.21,27.48,28.78,1.00,4,-1,-1
146,158,732.21,717.44,36.16,52.20,0.97,7,-1,-1
146,163,1158.38,807.02,73.48,91.58,1.00,5,-1,-1
146,166,888.49,460.08,34.71,26.49,0.97,4,-1,-1
146,171,969.08,421.08,20.26,19.15,0.93,4,-1,-1
146,179,485.99,982.93,44.91,72.37,0.93,10,-1,-1
146,181,1393.18,686.82,20.97,45.43,0.99,1,-1,-1
146,178,399.62,704.89,66.45,69.22,0.97,7,-1,-1
146,185,278.47,762.37,70.67,62.09,0.68,7,-1,-1
146,153,492.49,969.45,30.73,52.78,0.96,10,-1,-1
146,193,1279.67,739.93,130.81,59.56,1.00,4,-1,-1
146,195,1046.55,410.84,17.23,17.94,0.42,4,-1,-1
146,196,106.94,848.39,30.53,50.65,0.98,1,-1,-1
146,197,737.17,716.52,18.23,34.44,0.95,2,-1,-1
146,200,1133.68,653.22,14.22,30.30,0.72,1,-1,-1
146,201,1265.15,786.55,159.57,71.68,1.00,4,-1,-1
146,176,798.39,583.58,16.80,30.42,0.73,3,-1,-1
146,147,718.63,461.66,55.32,24.40,0.48,4,-1,-1
146,206,1002.88,351.46,13.31,13.31,0.73,4,-1,-1
146,173,1522.30,781.54,40.51,42.79,0.69,10,-1,-1
146,207,373.06,758.17,26.52,42.19,0.87,10,-1,-1
146,208,995.63,441.16,21.70,18.68,0.70,4,-1,-1
146,209,1133.04,652.10,14.46,31.34,0.84,1,-1,-1
147,12,384.53,888.14,143.35,121.70,1.00,4,-1,-1
147,19,990.11,452.50,23.29,21.63,0.97,4,-1,-1
147,22,990.58,481.51,26.44,25.94,1.00,4,-1,-1
147,24,1174.53,909.78,91.00,119.26,1.00,4,-1,-1
147,25,1033.03,666.49,49.38,56.09,1.00,4,-1,-1
147,27,955.77,594.76,45.27,49.89,1.00,4,-1,-1
147,44,875.12,928.81,83.78,122.18,0.96,4,-1,-1
147,47,996.97,433.47,21.74,20.38,0.96,4,-1,-1
147,65,497.74,798.24,114.12,83.40,1.00,4,-1,-1
147,75,570.48,717.66,80.07,74.12,1.00,4,-1,-1
147,76,636.32,662.39,68.36,62.59,1.00,4,-1,-1
147,93,461.02,727.12,63.51,65.02,1.00,4,-1,-1
147,109,887.60,563.46,42.84,49.64,1.00,4,-1,-1
147,110,1012.00,414.96,19.30,18.87,0.98,4,-1,-1
147,113,108.51,931.29,201.72,88.77,1.00,4,-1,-1
147,114,721.49,584.75,53.34,53.33,1.00,4,-1,-1
147,115,763.02,644.68,55.14,54.32,0.99,4,-1,-1
147,119,682.83,627.87,63.07,52.95,1.00,4,-1,-1
147,120,1010.60,397.12,18.20,17.68,0.99,4,-1,-1
147,129,1029.92,472.88,13.26,22.36,1.00,10,-1,-1
147,140,952.33,460.86,22.95,23.62,0.97,4,-1,-1
147,141,14.47,1004.73,250.99,80.28,0.99,4,-1,-1
147,142,1134.75,674.00,47.82,63.96,1.00,4,-1,-1
147,149,883.37,503.92,32.56,31.83,0.99,4,-1,-1
147,154,938.29,495.62,28.59,29.44,0.99,4,-1,-1
147,158,723.42,730.29,37.21,55.69,0.96,7,-1,-1
147,163,1161.70,820.99,75.71,94.93,1.00,5,-1,-1
147,166,885.44,462.65,35.16,26.63,0.98,4,-1,-1
147,171,968.46,423.02,20.49,19.72,0.93,4,-1,-1
147,179,465.65,1011.13,44.89,67.29,0.60,10,-1,-1
147,181,1400.53,696.35,21.56,46.76,0.97,1,-1,-1
147,178,386.78,715.31,67.42,69.68,0.96,7,-1,-1
147,185,260.68,772.37,73.63,63.13,0.76,7,-1,-1
147,153,470.42,999.03,31.85,52.68,0.95,10,-1,-1
147,193,1285.66,749.93,133.72,61.42,1.00,4,-1,-1
147,195,1046.10,412.21,17.01,18.02,0.70,4,-1,-1
147,196,78.09,864.03,31.90,53.36,0.95,1,-1,-1
147,197,728.44,730.93,19.09,36.14,0.91,2,-1,-1
147,200,1135.90,659.00,13.66,31.32,0.67,1,-1,-1
147,201,1270.09,798.29,165.76,76.54,1.00,4,-1,-1
147,176,793.73,591.58,17.02,31.45,0.56,10,-1,-1
147,147,715.99,463.31,55.74,24.77,0.50,4,-1,-1
147,206,1001.93,351.73,14.27,13.80,0.74,4,-1,-1
147,173,1533.90,793.67,42.70,45.96,0.98,10,-1,-1
148,12,364.13,903.42,149.91,127.78,1.00,4,-1,-1
148,19,989.63,453.41,23.79,21.65,0.97,4,-1,-1
148,22,990.11,481.95,26.49,26.70,1.00,4,-1,-1
148,24,1177.96,927.28,94.43,124.46,1.00,4,-1,-1
148,25,1032.38,667.48,49.30,56.42,0.99,4,-1,-1
148,27,954.99,594.88,45.56,51.13,1.00,4,-1,-1
148,44,873.03,934.02,84.11,122.24,0.92,4,-1,-1
148,47,996.37,434.20,21.70,20.06,0.97,4,-1,-1
148,65,484.33,809.91,117.52,86.35,1.00,4,-1,-1
148,75,561.23,726.10,81.99,75.86,1.00,4,-1,-1
148,76,629.35,668.64,69.74,63.84,0.99,4,-1,-1
148,93,448.69,735.41,65.72,67.05,1.00,4,-1,-1
148,109,884.18,570.43,42.67,48.92,0.99,4,-1,-1
148,110,1011.33,415.53,19.27,18.70,0.99,4,-1,-1
148,113,78.96,950.49,209.65,93.92,1.00,4,-1,-1
148,114,717.11,588.61,54.09,54.78,1.00,4,-1,-1
148,115,755.61,653.49,56.55,57.05,1.00,4,-1,-1
148,119,676.97,632.80,64.66,54.87,1.00,4,-1,-1
148,120,1010.55,397.75,18.05,17.52,0.99,4,-1,-1
148,129,1029.40,473.58,13.23,23.09,1.00,10,-1,-1
148,140,951.11,462.99,22.93,24.01,0.98,4,-1,-1
148,141,0.81,1029.22,235.24,54.74,0.98,4,-1,-1
148,142,1135.32,680.87,49.05,65.85,0.99,4,-1,-1
148,149,881.46,507.56,31.86,32.46,0.99,4,-1,-1
148,154,936.60,499.10,28.14,29.62,0.99,4,-1,-1
148,158,713.84,743.46,39.09,58.47,0.94,7,-1,-1
148,163,1164.26,834.18,77.52,99.90,1.00,5,-1,-1
148,166,881.65,465.10,36.81,26.22,0.99,4,-1,-1
148,171,967.37,424.55,20.52,19.89,0.97,4,-1,-1
148,181,1406.84,706.30,21.72,46.36,0.99,1,-1,-1
148,178,371.77,722.11,72.31,72.82,0.92,7,-1,-1
148,185,241.99,782.33,77.68,67.33,0.95,7,-1,-1
148,193,1289.35,760.29,137.55,62.79,1.00,4,-1,-1
148,195,1045.71,413.40,16.89,18.44,0.82,4,-1,-1
148,196,50.24,881.13,31.70,55.01,0.95,1,-1,-1
148,197,719.24,744.36,20.99,37.45,0.91,2,-1,-1
148,200,1136.16,666.08,14.26,30.75,0.84,1,-1,-1
148,201,1274.20,811.19,170.78,78.94,1.00,4,-1,-1
148,176,789.49,598.08,17.05,32.35,0.92,10,-1,-1
148,147,713.68,464.81,55.74,24.46,0.72,4,-1,-1
148,206,1001.51,351.90,13.63,13.92,0.61,4,-1,-1
148,173,1542.98,805.15,44.99,46.31,0.97,10,-1,-1
148,210,968.50,386.92,16.88,16.88,0.64,4,-1,-1
148,211,1053.48,431.82,16.88,21.70,0.64,4,-1,-1
149,12,340.51,921.71,157.41,134.91,1.00,4,-1,-1
149,19,988.72,454.21,23.22,21.69,0.98,4,-1,-1
149,22,988.41,482.83,26.57,27.43,0.99,4,-1,-1
149,24,1181.43,948.35,96.35,125.04,0.99,4,-1,-1
149,25,1031.18,669.08,50.21,57.44,0.99,4,-1,-1
149,27,953.55,595.90,45.78,50.67,1.00,4,-1,-1
149,44,870.35,940.57,85.26,122.40,0.78,4,-1,-1
149,47,995.00,434.91,21.74,20.37,0.95,4,-1,-1
149,65,468.02,823.49,122.59,89.91,1.00,4,-1,-1
149,75,549.12,735.92,84.27,79.76,0.99,4,-1,-1
149,76,620.35,676.33,71.19,65.96,1.00,4,-1,-1
149,93,433.26,745.62,68.67,69.48,1.00,4,-1,-1
149,109,879.29,577.50,42.68,51.25,0.99,4,-1,-1
149,110,1009.96,415.94,19.31,18.67,0.99,4,-1,-1
149,113,45.35,972.82,218.15,98.28,1.00,4,-1,-1
149,114,710.36,593.64,55.29,56.18,1.00,4,-1,-1
149,115,746.27,663.57,58.77,59.73,1.00,4,-1,-1
149,119,669.63,639.11,65.38,56.45,0.99,4,-1,-1
149,120,1008.99,398.14,18.05,17.49,0.99,4,-1,-1
149,129,1028.15,474.31,13.26,22.99,0.99,10,-1,-1
149,140,948.25,465.24,23.79,24.58,0.99,4,-1,-1
149,142,1136.75,688.52,49.63,67.44,0.99,4,-1,-1
149,149,877.07,511.68,33.27,33.13,0.99,4,-1,-1
149,154,933.17,502.72,28.82,30.12,0.99,4,-1,-1
149,158,703.68,758.14,39.90,60.40,0.99,7,-1,-1
149,163,1166.56,849.55,79.56,104.27,1.00,5,-1,-1
149,166,876.15,467.12,38.30,26.91,0.97,4,-1,-1
149,171,965.37,426.31,20.57,20.38,0.97,4,-1,-1
149,181,1414.45,716.60,21.84,47.86,0.98,1,-1,-1
149,178,355.99,730.98,74.72,76.44,0.54,7,-1,-1
149,185,220.51,796.06,79.69,68.99,0.98,7,-1,-1
149,193,1295.00,770.45,140.78,66.52,1.00,4,-1,-1
149,195,1044.49,414.78,16.89,18.20,0.88,4,-1,-1
149,196,17.50,900.10,33.05,58.96,0.95,1,-1,-1
149,197,708.88,759.87,20.95,38.77,0.90,2,-1,-1
149,200,1137.09,673.33,14.50,31.38,0.56,10,-1,-1
149,201,1279.97,824.78,174.45,83.00,1.00,4,-1,-1
149,176,782.12,606.41,18.68,33.50,0.89,10,-1,-1
149,147,710.54,466.65,55.03,24.34,0.67,4,-1,-1
149,206,999.80,352.47,13.38,13.50,0.29,4,-1,-1
149,173,1555.82,818.11,45.98,48.04,0.98,10,-1,-1
149,210,966.12,388.76,17.91,16.95,0.94,4,-1,-1
149,211,1052.91,433.37,16.95,21.31,0.85,4,-1,-1
149,212,356.79,746.12,63.88,61.47,0.74,7,-1,-1
149,213,694.29,481.54,56.65,22.90,0.71,4,-1,-1
149,188,781.60,606.08,19.14,33.50,0.55,3,-1,-1
150,12,317.87,941.10,163.36,136.24,1.00,4,-1,-1
150,19,988.67,455.10,23.82,21.72,0.98,4,-1,-1
150,22,988.47,484.16,26.59,27.32,0.98,4,-1,-1
150,24,1184.44,967.68,100.55,117.29,0.99,4,-1,-1
150,25,1031.36,671.53,50.54,57.04,1.00,4,-1,-1
150,27,952.82,598.14,46.67,49.70,1.00,4,-1,-1
150,44,867.82,945.63,87.27,125.73,0.82,4,-1,-1
150,47,995.21,435.56,21.75,20.91,0.95,4,-1,-1
150,65,451.75,838.02,127.63,93.68,1.00,4,-1,-1
150,75,537.41,746.31,87.27,82.07,1.00,4,-1,-1
150,76,611.62,684.38,73.30,67.59,1.00,4,-1,-1
150,93,418.12,756.10,71.35,72.80,1.00,4,-1,-1
150,109,874.95,585.40,44.25,52.94,0.99,4,-1,-1
150,110,1011.00,416.47,18.50,18.67,1.00,4,-1,-1
150,113,12.71,995.97,224.56,87.68,0.99,4,-1,-1
150,114,704.88,598.56,56.52,56.93,1.00,4,-1,-1
150,115,737.45,674.91,61.16,61.57,0.99,4,-1,-1
150,119,662.33,645.48,67.22,58.66,1.00,4,-1,-1
150,120,1009.95,399.48,17.22,17.08,0.99,4,-1,-1
150,129,1028.38,475.38,13.26,22.96,0.99,10,-1,-1
150,140,947.09,468.42,24.10,24.81,0.97,4,-1,-1
150,142,1139.12,697.19,50.60,69.65,1.00,4,-1,-1
150,149,873.74,516.12,34.58,33.80,0.99,4,-1,-1
150,154,931.79,506.80,29.06,30.32,0.99,4,-1,-1
150,158,692.13,774.35,42.54,64.27,0.99,7,-1,-1
150,163,1169.96,865.88,82.25,109.11,1.00,5,-1,-1
150,166,870.85,469.99,41.22,27.18,0.90,4,-1,-1
150,171,964.96,428.71,20.58,20.58,0.97,4,-1,-1
150,181,1424.30,727.53,21.85,48.43,0.97,1,-1,-1
150,178,339.75,748.70,72.08,71.64,0.95,7,-1,-1
150,185,198.83,808.60,84.32,71.21,0.99,7,-1,-1
150,193,1300.90,782.07,145.07,69.57,1.00,4,-1,-1
150,195,1044.34,416.27,17.72,18.54,0.83,4,-1,-1
150,197,698.04,776.76,21.68,39.24,0.92,2,-1,-1
150,200,1139.66,680.99,14.57,32.43,0.38,1,-1,-1
150,201,1285.79,839.65,178.89,86.15,0.99,4,-1,-1
150,176,777.21,615.93,18.52,33.17,0.89,10,-1,-1
150,147,706.98,469.03,56.36,24.32,0.74,4,-1,-1
150,173,1568.41,832.51,47.89,51.85,0.96,10,-1,-1
150,210,965.57,389.78,18.13,17.45,0.82,4,-1,-1
150,211,1053.26,434.86,17.91,20.78,0.73,4,-1,-1
150,213,687.15,482.41,57.87,23.99,0.61,4,-1,-1
150,214,637.63,456.23,56.65,24.11,0.78,4,-1,-1
151,12,294.92,960.68,169.40,125.37,0.99,4,-1,-1
151,19,988.10,455.48,23.22,21.70,0.98,4,-1,-1
151,22,987.55,484.89,26.59,27.23,0.98,4,-1,-1
151,24,1186.99,988.80,101.70,98.30,0.97,4,-1,-1
151,25,1030.12,673.29,51.47,57.64,1.00,4,-1,-1
151,27,952.48,598.13,45.37,49.48,1.00,4,-1,-1
151,44,864.64,952.19,88.82,125.21,0.31,4,-1,-1
151,47,994.71,435.86,20.93,21.08,0.95,4,-1,-1
151,65,434.53,852.65,132.99,97.30,0.99,4,-1,-1
151,75,525.32,757.07,90.13,84.38,1.00,4,-1,-1
151,76,601.72,691.53,76.62,70.47,0.99,4,-1,-1
151,93,403.66,766.54,73.50,75.53,1.00,4,-1,-1
151,109,870.17,593.24,44.82,54.29,0.99,4,-1,-1
151,110,1009.57,416.75,19.02,18.65,0.99,4,-1,-1
151,113,-5.31,1022.05,215.26,65.35,0.92,4,-1,-1
151,114,698.62,603.99,57.74,57.71,1.00,4,-1,-1
151,115,728.38,686.37,62.82,64.52,1.00,4,-1,-1
151,119,655.06,651.22,68.66,60.20,1.00,4,-1,-1
151,120,1008.89,399.87,16.92,16.91,0.99,4,-1,-1
151,129,1027.48,475.99,14.08,24.15,0.95,10,-1,-1
151,140,944.94,471.24,24.20,24.85,0.98,4,-1,-1
151,142,1140.99,705.48,50.95,71.17,1.00,4,-1,-1
151,149,870.08,520.57,35.06,34.79,1.00,4,-1,-1
151,154,929.20,510.71,29.93,30.75,1.00,4,-1,-1
151,158,679.80,791.84,45.10,66.45,0.98,7,-1,-1
151,163,1173.03,881.97,85.60,113.15,1.00,5,-1,-1
151,166,865.23,472.72,43.09,26.42,0.97,4,-1,-1
151,171,963.46,430.67,20.58,20.61,0.98,4,-1,-1
151,181,1431.85,738.47,23.47,50.18,0.95,1,-1,-1
151,178,322.97,759.77,76.50,73.47,0.97,7,-1,-1
151,185,177.28,821.03,87.80,73.50,0.98,7,-1,-1
151,193,1306.33,793.24,149.68,73.73,1.00,4,-1,-1
151,195,1043.66,416.85,17.20,19.06,0.95,4,-1,-1
151,197,685.56,794.55,22.74,42.52,0.91,2,-1,-1
151,200,1141.22,686.88,14.58,33.58,0.72,1,-1,-1
151,201,1291.20,853.95,185.17,90.27,1.00,4,-1,-1
151,176,771.11,626.21,18.42,32.35,0.75,10,-1,-1
151,147,703.42,470.90,56.81,24.66,0.71,4,-1,-1
151,173,1581.61,847.28,48.60,52.48,0.99,10,-1,-1
151,210,963.62,390.74,18.16,17.57,0.94,4,-1,-1
151,211,1052.33,435.78,19.12,21.51,0.54,4,-1,-1
151,213,674.07,483.94,62.80,24.66,0.19,4,-1,-1
151,215,1078.79,449.90,36.16,24.11,0.89,4,-1,-1
151,216,1141.47,685.85,15.67,34.96,0.70,10,-1,-1
152,12,277.81,981.57,167.66,105.94,0.98,4,-1,-1
152,19,986.69,456.40,22.97,21.28,0.97,4,-1,-1
152,22,986.01,486.12,26.56,26.78,0.99,4,-1,-1
152,24,1188.73,1011.48,100.75,74.33,0.97,4,-1,-1
152,25,1029.57,674.97,50.95,57.83,1.00,4,-1,-1
152,27,951.54,598.82,43.99,49.39,0.99,4,-1,-1
152,44,861.40,959.39,89.28,120.03,0.17,4,-1,-1
152,47,993.32,436.77,21.42,21.14,0.99,4,-1,-1
152,65,416.06,867.73,138.79,100.97,0.99,4,-1,-1
152,75,511.66,767.71,93.45,87.56,1.00,4,-1,-1
152,76,590.98,699.71,79.95,72.30,1.00,4,-1,-1
152,93,386.28,776.98,76.96,78.88,1.00,4,-1,-1
152,109,864.51,601.27,46.55,55.34,1.00,4,-1,-1
152,110,1008.26,416.66,19.19,19.05,0.99,4,-1,-1
152,114,692.14,609.10,58.92,59.76,1.00,4,-1,-1
152,115,717.67,698.55,64.93,67.17,1.00,4,-1,-1
152,119,646.65,658.55,70.71,60.74,0.99,4,-1,-1
152,120,1007.29,399.82,17.64,17.26,0.95,4,-1,-1
152,129,1026.72,477.78,13.56,22.97,0.99,10,-1,-1
152,140,942.59,473.79,25.02,25.25,0.98,4,-1,-1
152,142,1141.48,714.28,51.79,73.27,1.00,4,-1,-1
152,149,866.44,525.04,35.18,35.14,1.00,4,-1,-1
152,154,925.91,514.61,31.02,31.69,0.99,4,-1,-1
152,158,667.08,810.51,46.03,69.56,0.96,7,-1,-1
152,163,1175.84,899.40,87.93,117.72,1.00,5,-1,-1
152,166,858.91,475.01,45.32,27.35,0.98,4,-1,-1
152,171,961.34,432.54,21.36,21.02,0.97,4,-1,-1
152,181,1439.69,749.88,24.04,51.59,0.98,1,-1,-1
152,178,303.74,770.82,80.89,76.49,0.95,7,-1,-1
152,185,154.02,834.42,90.56,75.10,0.99,7,-1,-1
152,193,1310.32,805.41,154.36,76.87,1.00,4,-1,-1
152,195,1043.02,417.65,17.81,18.83,0.49,4,-1,-1
152,197,672.40,813.25,23.89,44.51,0.90,2,-1,-1
152,200,1141.58,693.57,15.38,33.97,0.32,1,-1,-1
152,201,1295.14,869.97,192.05,93.35,1.00,4,-1,-1
152,176,763.40,636.92,19.14,31.97,0.90,10,-1,-1
152,147,700.46,473.07,56.91,24.79,0.70,4,-1,-1
152,173,1593.78,862.90,51.94,51.07,0.93,10,-1,-1
152,210,961.79,391.87,19.05,17.57,0.84,4,-1,-1
152,211,1051.14,436.43,18.60,22.17,0.20,4,-1,-1
152,217,629.20,459.54,59.06,25.31,0.77,4,-1,-1
152,218,1188.48,788.91,20.49,40.98,0.91,10,-1,-1
153,12,262.52,1005.56,163.91,81.18,0.81,4,-1,-1
153,19,985.80,457.18,23.72,21.55,0.99,4,-1,-1
153,22,985.09,487.44,26.55,26.62,1.00,4,-1,-1
153,24,1194.60,1037.09,100.33,46.62,0.71,4,-1,-1
153,25,1029.44,676.92,50.76,58.74,1.00,4,-1,-1
153,27,950.38,601.03,44.34,50.00,0.99,4,-1,-1
153,44,858.57,966.70,91.09,114.77,0.15,5,-1,-1
153,47,992.87,437.95,21.61,21.16,0.99,4,-1,-1
153,65,396.43,883.70,144.93,106.31,1.00,4,-1,-1
153,75,497.98,779.23,97.08,91.14,1.00,4,-1,-1
153,76,581.57,708.35,81.43,74.59,1.00,4,-1,-1
153,93,369.80,788.42,79.86,81.75,1.00,4,-1,-1
153,109,859.28,610.03,48.00,57.52,0.99,4,-1,-1
153,110,1007.03,417.26,19.26,19.21,1.00,4,-1,-1
153,114,685.73,614.81,60.97,61.14,0.99,4,-1,-1
153,115,707.34,711.44,67.29,70.54,1.00,4,-1,-1
153,119,639.12,666.49,72.28,60.94,1.00,4,-1,-1
153,120,1007.18,401.05,17.09,16.58,0.96,4,-1,-1
153,129,1026.11,478.91,14.18,23.34,0.99,10,-1,-1
153,140,941.38,476.74,24.53,25.81,0.98,4,-1,-1
153,142,1143.34,724.39,52.91,74.87,1.00,4,-1,-1
153,149,862.75,530.10,36.03,36.07,0.99,4,-1,-1
153,154,923.14,519.06,31.44,32.85,0.99,4,-1,-1
153,158,653.21,829.40,47.93,75.42,0.99,7,-1,-1
153,163,1178.96,917.90,91.96,124.17,1.00,5,-1,-1
153,166,853.05,477.26,47.74,28.11,0.99,4,-1,-1
153,171,959.82,434.64,21.66,21.57,0.98,4,-1,-1
153,181,1448.72,762.55,24.25,52.93,1.00,1,-1,-1
153,178,285.44,787.61,79.38,74.48,0.97,7,-1,-1
153,185,128.31,850.51,95.32,77.28,0.99,7,-1,-1
153,193,1317.85,818.37,156.11,80.44,0.99,4,-1,-1
153,195,1042.45,418.96,18.03,19.58,0.96,4,-1,-1
153,197,658.78,834.49,25.90,46.83,0.92,2,-1,-1
153,200,1142.98,702.48,15.68,34.91,0.78,1,-1,-1
153,201,1302.61,886.75,196.21,97.64,1.00,4,-1,-1
153,176,756.57,646.06,20.20,33.43,0.75,10,-1,-1
153,147,696.62,475.12,56.95,24.84,0.50,4,-1,-1
153,173,1608.36,880.40,53.22,53.67,0.67,10,-1,-1
153,210,960.32,393.28,18.48,17.57,0.95,4,-1,-1
153,211,1050.28,437.70,18.35,23.26,0.16,4,-1,-1
153,217,624.15,461.99,58.35,25.44,0.72,4,-1,-1
153,219,755.76,646.07,20.49,33.75,0.85,10,-1,-1
153,220,1080.00,453.52,33.75,23.50,0.79,4,-1,-1
153,206,997.36,355.59,13.32,13.34,0.83,4,-1,-1
154,12,238.95,1031.27,168.25,53.17,0.29,4,-1,-1
154,19,985.31,457.82,23.99,21.24,0.99,4,-1,-1
154,22,984.99,488.47,25.73,26.56,1.00,4,-1,-1
154,25,1029.60,678.76,50.69,59.08,1.00,4,-1,-1
154,27,950.18,601.38,45.28,51.05,1.00,4,-1,-1
154,44,856.16,973.23,91.74,107.82,0.48,4,-1,-1
154,47,992.53,438.95,21.68,20.76,0.99,4,-1,-1
154,65,376.44,900.82,150.73,113.00,1.00,4,-1,-1
154,75,484.34,790.83,99.99,94.05,1.00,4,-1,-1
154,76,571.48,717.72,83.31,77.01,1.00,4,-1,-1
154,93,352.00,800.74,83.27,85.17,1.00,4,-1,-1
154,109,853.65,619.47,49.32,59.90,0.99,4,-1,-1
154,110,1006.81,418.06,19.29,18.87,0.99,4,-1,-1
154,114,680.08,620.56,60.92,61.84,0.99,4,-1,-1
154,115,695.90,725.51,70.51,72.60,1.00,4,-1,-1
154,119,631.09,673.25,74.42,63.37,0.99,4,-1,-1
154,120,1006.94,400.62,16.88,17.16,0.90,4,-1,-1
154,129,1026.53,480.68,13.60,23.07,0.99,10,-1,-1
154,140,939.99,480.14,24.32,26.02,0.98,4,-1,-1
154,142,1145.80,733.96,53.30,77.82,1.00,4,-1,-1
154,149,859.67,535.85,36.33,36.01,0.99,4,-1,-1
154,154,921.18,523.40,31.57,34.08,1.00,4,-1,-1
154,158,637.31,849.58,51.77,82.28,0.97,7,-1,-1
154,163,1183.03,937.61,95.41,128.96,1.00,5,-1,-1
154,166,848.76,479.79,48.66,27.59,1.00,4,-1,-1
154,171,958.71,436.93,21.76,21.78,0.99,4,-1,-1
154,181,1458.51,776.63,24.31,54.21,0.99,1,-1,-1
154,178,265.83,803.70,80.72,73.58,0.99,7,-1,-1
154,185,103.28,866.52,100.12,78.07,1.00,7,-1,-1
154,193,1325.56,832.11,159.76,84.90,1.00,4,-1,-1
154,195,1042.46,420.39,18.11,19.45,0.91,4,-1,-1
154,197,643.41,856.00,27.44,52.37,0.97,2,-1,-1
154,200,1144.46,712.01,16.58,36.05,0.66,10,-1,-1
154,201,1310.26,905.05,202.38,101.58,1.00,4,-1,-1
154,176,749.97,655.61,20.59,35.55,0.55,10,-1,-1
154,147,693.58,477.61,57.75,24.45,0.17,4,-1,-1
154,173,1623.33,897.04,55.24,53.06,0.98,10,-1,-1
154,210,959.19,394.97,18.24,17.55,0.96,4,-1,-1
154,211,1050.62,439.33,18.24,24.05,0.21,4,-1,-1
154,217,619.30,463.74,57.31,26.42,0.51,4,-1,-1
154,220,1080.00,455.57,33.89,23.14,0.84,4,-1,-1
154,206,997.54,356.02,13.31,13.32,0.74,4,-1,-1
154,221,572.54,480.03,56.65,30.13,0.75,5,-1,-1
154,222,957.05,427.60,9.64,16.88,0.67,1,-1,-1
154,223,1318.66,543.31,67.50,33.75,0.64,4,-1,-1
155,19,983.89,458.59,24.11,21.12,0.98,4,-1,-1
155,22,983.35,488.98,25.44,26.53,1.00,4,-1,-1
155,25,1028.17,679.75,51.52,60.80,1.00,4,-1,-1
155,27,948.56,603.31,46.49,50.81,1.00,4,-1,-1
155,44,851.95,981.32,93.65,100.21,0.43,4,-1,-1
155,47,991.15,439.43,21.72,21.01,0.99,4,-1,-1
155,65,353.24,918.95,158.08,119.37,1.00,4,-1,-1
155,75,468.35,803.27,104.27,99.00,1.00,4,-1,-1
155,76,560.31,726.94,85.23,79.43,1.00,4,-1,-1
155,93,331.51,814.74,87.36,87.97,1.00,4,-1,-1
155,109,844.87,629.30,53.80,63.13,0.99,4,-1,-1
155,110,1005.89,418.27,18.49,18.73,0.99,4,-1,-1
155,114,672.89,626.77,62.51,63.63,1.00,4,-1,-1
155,115,683.44,740.34,73.35,76.44,1.00,4,-1,-1
155,119,621.85,681.04,76.05,65.02,0.99,4,-1,-1
155,120,1005.62,401.00,16.83,16.95,0.90,4,-1,-1
155,129,1024.65,481.84,14.21,23.37,0.99,10,-1,-1
155,140,937.46,482.92,25.07,26.87,0.99,4,-1,-1
155,142,1146.43,744.04,55.08,78.89,1.00,4,-1,-1
155,149,854.56,540.94,37.26,37.55,0.98,4,-1,-1
155,154,917.26,527.53,33.24,35.31,1.00,4,-1,-1
155,158,619.36,872.14,57.15,86.51,0.98,7,-1,-1
155,163,1185.97,958.92,98.75,122.90,1.00,5,-1,-1
155,166,842.37,482.51,49.78,27.75,1.00,4,-1,-1
155,171,956.65,438.90,21.81,21.83,0.99,4,-1,-1
155,181,1468.61,789.76,24.35,54.66,0.99,1,-1,-1
155,178,244.59,819.53,82.94,74.77,0.99,7,-1,-1
155,185,73.49,883.24,105.02,81.42,1.00,7,-1,-1
155,193,1331.76,847.52,164.29,87.29,1.00,4,-1,-1
155,195,1041.61,420.78,17.34,19.79,0.96,4,-1,-1
155,197,626.40,879.79,29.61,53.78,0.93,2,-1,-1
155,200,1145.11,719.68,16.94,38.05,0.68,10,-1,-1
155,201,1317.25,922.59,207.87,106.03,1.00,4,-1,-1
155,176,741.61,667.48,20.76,36.34,0.74,10,-1,-1
155,147,688.47,480.48,58.06,23.43,0.67,4,-1,-1
155,173,1638.57,912.96,57.60,57.53,0.99,10,-1,-1
155,210,957.20,396.09,18.16,17.54,0.89,4,-1,-1
155,211,1049.55,440.39,17.35,23.89,0.62,4,-1,-1
155,217,616.16,465.93,57.79,25.27,0.79,4,-1,-1
155,220,1079.55,457.21,33.96,23.07,0.51,4,-1,-1
155,206,995.54,356.09,14.16,13.72,0.90,4,-1,-1
155,221,561.23,482.92,56.68,30.27,0.80,5,-1,-1
155,224,122.80,832.90,28.33,43.39,0.74,2,-1,-1
155,225,620.16,477.32,60.27,24.11,0.74,4,-1,-1
155,226,1198.12,823.86,22.90,48.21,0.72,10,-1,-1
156,19,983.23,459.65,24.13,21.07,0.98,4,-1,-1
156,22,982.20,490.12,26.15,26.51,1.00,4,-1,-1
156,25,1027.83,681.57,51.79,59.80,0.99,4,-1,-1
156,27,947.79,604.54,46.10,51.32,1.00,4,-1,-1
156,44,849.83,988.30,93.48,92.44,0.13,4,-1,-1
156,47,990.10,440.39,21.72,20.68,0.98,4,-1,-1
156,65,330.74,937.82,164.65,125.66,1.00,4,-1,-1
156,75,452.24,816.18,108.55,103.18,1.00,4,-1,-1
156,76,549.13,736.75,87.04,81.87,1.00,4,-1,-1
156,93,311.82,828.22,90.79,91.33,1.00,4,-1,-1
156,109,838.71,639.84,54.70,65.90,0.99,4,-1,-1
156,110,1005.44,418.33,18.18,19.09,1.00,4,-1,-1
156,114,665.47,632.41,63.84,65.86,0.99,4,-1,-1
156,115,670.12,755.40,76.70,80.21,1.00,4,-1,-1
156,119,612.71,688.40,78.77,67.19,1.00,4,-1,-1
156,120,1004.57,401.13,16.81,16.46,0.89,4,-1,-1
156,129,1023.78,482.62,14.42,23.88,0.99,10,-1,-1
156,140,935.62,485.85,25.32,27.58,0.99,4,-1,-1
156,142,1147.93,754.29,56.49,82.39,1.00,4,-1,-1
156,149,850.61,546.25,37.57,38.50,0.99,4,-1,-1
156,154,914.50,532.30,33.83,35.76,0.99,4,-1,-1
156,158,602.98,896.69,58.67,89.65,0.99,7,-1,-1
156,163,1189.05,981.64,101.88,104.79,0.99,5,-1,-1
156,166,835.61,485.00,52.50,27.80,1.00,4,-1,-1
156,171,955.38,440.76,21.81,21.84,0.98,4,-1,-1
156,181,1477.76,803.54,25.94,55.57,0.99,1,-1,-1
156,178,223.53,834.03,85.86,75.98,0.99,7,-1,-1
156,185,44.84,900.76,109.55,82.65,1.00,7,-1,-1
156,193,1337.96,864.87,168.98,88.91,1.00,4,-1,-1
156,195,1041.57,421.70,17.02,19.91,0.87,4,-1,-1
156,197,608.08,906.40,31.78,55.00,0.95,2,-1,-1
156,200,1146.23,727.05,18.64,41.15,0.79,10,-1,-1
156,201,1325.32,942.58,214.46,110.01,1.00,4,-1,-1
156,176,733.32,679.57,21.58,36.60,0.89,10,-1,-1
156,147,684.28,482.41,58.93,23.47,0.82,4,-1,-1
156,173,1654.23,930.45,61.58,63.84,0.96,10,-1,-1
156,210,955.98,398.32,18.12,16.68,0.97,4,-1,-1
156,211,1049.44,441.55,17.01,23.79,0.50,9,-1,-1
156,217,612.73,468.14,57.91,25.30,0.77,4,-1,-1
156,220,1078.54,458.96,35.79,23.94,0.78,4,-1,-1
156,206,995.07,357.14,13.64,13.46,0.93,4,-1,-1
156,221,551.09,485.22,56.48,31.26,0.70,5,-1,-1
156,225,615.01,479.91,61.27,24.70,0.65,4,-1,-1
156,227,1014.31,378.48,13.26,13.86,0.69,4,-1,-1
156,228,1014.91,376.67,13.26,13.26,0.90,4,-1,-1
156,229,1124.60,609.01,12.05,22.60,0.78,2,-1,-1
156,230,1337.95,549.94,69.91,34.96,0.91,4,-1,-1
157,19,981.97,460.61,24.13,21.04,0.98,4,-1,-1
157,22,981.16,491.10,26.40,26.90,0.99,4,-1,-1
157,25,1027.51,683.31,51.06,60.19,1.00,4,-1,-1
157,27,946.53,605.71,46.75,52.70,0.99,4,-1,-1
157,44,847.40,995.83,92.54,83.77,0.38,4,-1,-1
157,47,988.68,440.72,22.53,20.96,0.99,4,-1,-1
157,65,306.66,957.58,171.33,122.56,0.99,4,-1,-1
157,75,434.96,830.24,112.86,106.25,1.00,4,-1,-1
157,76,537.95,746.56,88.84,83.50,1.00,4,-1,-1
157,93,291.14,842.50,94.78,95.66,1.00,4,-1,-1
157,109,831.99,650.72,56.55,69.24,0.99,4,-1,-1
157,110,1004.24,417.74,18.90,20.02,1.00,4,-1,-1
157,114,657.96,637.94,65.10,67.44,1.00,4,-1,-1
157,115,655.31,771.43,81.06,84.70,1.00,4,-1,-1
157,119,603.62,696.52,79.95,68.74,0.99,4,-1,-1
157,120,1003.98,399.92,17.63,17.52,0.86,4,-1,-1
157,129,1022.82,484.05,14.49,23.65,0.99,10,-1,-1
157,140,932.76,489.25,26.21,27.83,0.99,4,-1,-1
157,142,1149.39,764.55,57.79,85.22,1.00,4,-1,-1
157,149,845.86,551.89,38.45,38.82,0.98,4,-1,-1
157,154,910.55,537.15,34.83,37.08,0.99,4,-1,-1
157,158,583.95,922.92,61.52,98.48,0.99,7,-1,-1
157,163,1192.65,1005.32,104.17,81.13,0.92,5,-1,-1
157,166,829.79,487.66,52.73,28.61,0.98,4,-1,-1
157,171,952.71,442.59,23.42,22.63,0.96,4,-1,-1
157,181,1488.54,818.18,24.95,56.66,0.98,1,-1,-1
157,178,201.21,848.67,87.50,78.77,0.99,7,-1,-1
157,185,13.49,918.92,114.63,85.37,1.00,7,-1,-1
157,193,1345.37,880.47,173.76,93.32,1.00,4,-1,-1
157,195,1040.08,423.21,17.73,19.53,0.80,4,-1,-1
157,197,589.29,935.74,32.05,55.37,0.98,2,-1,-1
157,200,1147.51,735.82,18.51,41.54,0.86,10,-1,-1
157,201,1332.66,963.00,221.51,112.16,1.00,4,-1,-1
157,176,723.87,692.21,22.66,36.65,0.92,10,-1,-1
157,147,680.34,484.51,59.22,24.29,0.66,4,-1,-1
157,173,1672.01,949.43,61.53,66.28,0.99,10,-1,-1
157,210,954.16,399.91,18.10,16.78,0.94,4,-1,-1
157,211,1048.77,443.14,16.89,23.31,0.32,4,-1,-1
157,217,607.61,469.64,62.15,27.08,0.75,4,-1,-1
157,220,1078.44,460.47,35.43,24.19,0.50,4,-1,-1
157,206,994.32,357.95,13.42,13.34,0.73,4,-1,-1
157,221,538.96,486.95,57.68,31.97,0.77,5,-1,-1
157,225,610.50,482.72,61.74,25.76,0.74,4,-1,-1
157,230,1348.69,553.84,64.44,34.63,0.93,4,-1,-1
157,231,1206.56,850.98,22.90,50.62,0.87,10,-1,-1
158,19,981.09,461.49,24.14,21.04,0.98,4,-1,-1
158,22,980.38,491.99,26.51,27.05,0.98,4,-1,-1
158,25,1026.61,684.72,51.63,61.15,1.00,4,-1,-1
158,27,944.82,607.13,47.01,53.02,1.00,4,-1,-1
158,44,844.14,1002.51,94.64,76.69,0.51,4,-1,-1
158,47,987.72,441.15,22.84,21.06,0.98,4,-1,-1
158,65,282.41,978.49,177.43,108.31,0.99,4,-1,-1
158,75,417.19,844.23,117.26,110.52,1.00,4,-1,-1
158,76,524.44,757.72,92.30,86.46,0.99,4,-1,-1
158,93,268.16,857.37,100.22,100.43,1.00,4,-1,-1
158,109,823.16,662.60,59.62,72.09,0.98,4,-1,-1
158,110,1003.36,418.22,19.17,19.57,0.99,4,-1,-1
158,114,649.95,644.32,67.17,69.61,0.99,4,-1,-1
158,115,639.88,788.43,85.09,91.08,1.00,4,-1,-1
158,119,593.06,705.07,82.77,70.89,1.00,4,-1,-1
158,120,1003.31,400.20,17.93,17.50,0.88,4,-1,-1
158,129,1022.47,485.10,14.52,23.57,0.97,10,-1,-1
158,140,930.06,492.00,27.36,28.71,0.98,4,-1,-1
158,142,1150.77,775.77,59.88,88.66,1.00,5,-1,-1
158,149,841.29,557.87,39.59,40.13,0.99,4,-1,-1
158,154,906.66,542.23,36.79,38.37,1.00,4,-1,-1
158,158,564.98,952.65,63.02,99.69,0.98,7,-1,-1
158,163,1196.84,1031.46,103.05,53.53,0.63,5,-1,-1
158,166,822.86,490.15,54.35,29.31,0.99,4,-1,-1
158,171,950.47,444.95,24.02,22.92,0.97,4,-1,-1
158,181,1499.02,834.15,27.79,57.86,0.98,1,-1,-1
158,178,176.11,863.23,94.25,83.00,0.99,7,-1,-1
158,185,-5.54,939.21,104.98,83.21,1.00,7,-1,-1
158,193,1354.56,897.59,178.72,97.31,1.00,4,-1,-1
158,195,1039.10,423.85,18.00,19.38,0.53,4,-1,-1
158,197,568.81,967.29,33.68,57.82,0.97,2,-1,-1
158,200,1148.05,744.91,20.03,43.23,0.85,10,-1,-1
158,201,1341.80,986.70,227.33,98.66,1.00,4,-1,-1
158,176,713.58,704.38,24.65,39.04,0.88,10,-1,-1
158,147,677.28,486.64,59.33,24.18,0.38,4,-1,-1
158,173,1690.72,972.53,64.61,65.65,0.97,10,-1,-1
158,210,952.26,400.76,18.93,17.66,0.89,4,-1,-1
158,211,1048.55,444.42,18.54,23.53,0.14,4,-1,-1
158,217,603.07,471.56,61.28,26.41,0.88,4,-1,-1
158,220,1077.56,461.43,36.14,24.25,0.25,4,-1,-1
158,206,993.63,358.11,13.34,13.30,0.54,4,-1,-1
158,221,527.00,489.77,58.04,30.34,0.90,5,-1,-1
158,225,606.27,483.66,62.71,26.07,0.86,4,-1,-1
158,230,1362.49,558.50,57.60,32.71,0.66,4,-1,-1
158,231,1209.06,867.15,23.02,50.86,0.83,10,-1,-1
159,19,980.55,462.01,24.08,21.43,0.98,4,-1,-1
159,22,979.47,492.64,27.29,27.47,0.99,4,-1,-1
159,25,1026.25,684.94,51.69,61.39,1.00,4,-1,-1
159,27,944.39,607.51,46.16,51.42,1.00,4,-1,-1
159,44,841.98,1009.87,94.34,68.32,0.74,4,-1,-1
159,47,987.98,441.95,22.89,21.07,0.95,4,-1,-1
159,65,273.05,999.63,168.60,86.34,0.85,4,-1,-1
159,75,399.01,858.12,122.09,115.04,1.00,4,-1,-1
159,76,512.50,767.34,95.29,88.18,1.00,4,-1,-1
159,93,245.10,871.46,105.30,105.17,1.00,4,-1,-1
159,109,815.66,674.45,62.16,74.57,1.00,4,-1,-1
159,110,1003.22,418.93,19.22,19.36,0.99,4,-1,-1
159,114,643.16,650.15,68.54,70.28,0.99,4,-1,-1
159,115,624.42,805.23,89.48,96.46,1.00,4,-1,-1
159,119,584.05,713.11,84.57,72.35,0.99,4,-1,-1
159,120,1003.27,401.28,18.00,17.46,0.96,4,-1,-1
159,129,1022.05,485.84,14.49,24.31,0.97,10,-1,-1
159,140,928.60,494.65,27.71,29.79,0.99,4,-1,-1
159,142,1152.10,786.89,61.26,91.33,1.00,5,-1,-1
159,149,836.94,563.67,40.70,40.93,0.99,4,-1,-1
159,154,904.00,547.18,37.43,39.17,0.99,4,-1,-1
159,158,543.19,981.87,66.66,95.11,1.00,7,-1,-1
159,166,816.96,493.06,55.58,28.73,0.98,4,-1,-1
159,171,949.56,447.60,23.38,22.58,0.99,4,-1,-1
159,181,1509.86,850.26,28.73,58.97,0.99,1,-1,-1
159,178,152.09,878.72,99.27,86.03,0.98,7,-1,-1
159,185,-9.28,958.68,81.08,80.48,0.95,7,-1,-1
159,193,1360.61,914.23,184.78,101.79,1.00,4,-1,-1
159,195,1038.84,424.56,18.86,19.71,0.79,4,-1,-1
159,197,548.24,999.66,32.62,54.70,0.84,2,-1,-1
159,200,1149.08,754.12,20.53,44.55,0.79,10,-1,-1
159,201,1350.96,1008.21,231.94,78.46,0.98,4,-1,-1
159,176,704.99,717.70,25.34,39.86,0.95,10,-1,-1
159,147,674.72,488.78,59.21,23.71,0.44,4,-1,-1
159,173,1708.83,991.55,65.57,73.88,0.82,10,-1,-1
159,210,951.87,402.16,18.37,17.54,0.66,4,-1,-1
159,211,1048.49,445.33,19.08,23.56,0.31,4,-1,-1
159,217,600.03,473.01,59.87,26.10,0.91,4,-1,-1
159,220,1077.16,463.25,36.28,24.22,0.69,4,-1,-1
159,206,993.19,358.59,14.10,13.67,0.78,4,-1,-1
159,221,516.32,491.69,58.00,29.71,0.98,5,-1,-1
159,225,602.34,485.39,63.75,26.10,0.87,4,-1,-1
159,230,1374.78,561.78,53.25,32.45,0.55,4,-1,-1
159,231,1212.37,884.67,23.01,49.02,0.17,10,-1,-1
159,232,708.15,708.75,18.08,32.54,0.67,2,-1,-1
159,233,1011.29,388.73,13.26,13.26,0.70,4,-1,-1
159,234,1011.90,376.98,14.46,14.46,0.78,4,-1,-1
159,235,1022.14,402.59,13.26,14.46,0.66,4,-1,-1
160,19,979.75,463.08,24.12,22.02,0.97,4,-1,-1
160,22,978.53,493.43,27.65,27.69,0.99,4,-1,-1
160,25,1025.65,686.21,52.67,62.42,1.00,4,-1,-1
160,27,942.75,608.70,46.78,55.03,1.00,4,-1,-1
160,44,837.56,1019.05,96.07,60.68,0.10,4,-1,-1
160,47,987.08,442.88,22.96,21.11,0.98,4,-1,-1
160,75,377.56,874.82,128.11,121.67,1.00,4,-1,-1
160,76,498.16,779.07,98.22,92.15,1.00,4,-1,-1
160,93,218.11,888.69,111.97,111.09,1.00,4,-1,-1
160,109,806.41,687.92,65.63,78.79,0.99,4,-1,-1
160,110,1002.20,419.79,19.28,19.32,0.99,4,-1,-1
160,114,635.35,657.82,69.20,71.44,0.96,4,-1,-1
160,115,606.28,825.97,94.48,102.61,1.00,4,-1,-1
160,119,572.33,722.53,87.21,74.61,1.00,4,-1,-1
160,120,1002.27,401.82,18.08,18.30,0.96,4,-1,-1
160,129,1021.79,487.63,14.51,23.83,0.99,10,-1,-1
160,140,926.16,497.95,28.70,31.04,0.99,4,-1,-1
160,142,1154.40,799.89,63.51,94.89,1.00,5,-1,-1
160,149,831.65,569.90,42.00,42.50,0.99,4,-1,-1
160,154,900.67,553.06,37.75,40.73,0.99,4,-1,-1
160,158,517.29,1018.16,73.24,70.10,1.00,7,-1,-1
160,166,810.25,495.48,56.95,28.96,0.99,4,-1,-1
160,171,948.17,450.21,23.17,22.90,0.95,4,-1,-1
160,181,1524.44,870.30,29.16,58.70,0.97,1,-1,-1
160,178,123.99,897.67,104.42,87.35,0.99,7,-1,-1
160,193,1374.59,937.73,187.45,102.91,1.00,4,-1,-1
160,195,1038.26,425.80,19.23,20.27,0.48,4,-1,-1
160,200,1150.87,765.55,20.76,45.92,0.85,10,-1,-1
160,201,1361.39,1033.42,218.25,53.13,0.70,4,-1,-1
160,176,693.49,731.86,26.44,41.82,0.91,10,-1,-1
160,147,670.12,490.95,60.93,24.81,0.60,4,-1,-1
160,173,1730.53,1016.69,67.63,65.76,0.27,10,-1,-1
160,210,949.43,403.80,18.19,17.53,0.64,4,-1,-1
160,211,1048.01,447.50,18.52,23.62,0.74,4,-1,-1
160,217,594.90,475.28,60.10,26.45,0.86,4,-1,-1
160,220,1075.75,465.34,38.08,23.81,0.77,4,-1,-1
160,206,992.01,359.19,14.41,13.84,0.82,4,-1,-1
160,221,504.00,493.91,57.65,30.00,0.96,5,-1,-1
160,225,597.01,487.31,64.84,26.55,0.72,4,-1,-1
160,231,1216.27,900.93,23.95,53.19,0.69,10,-1,-1
160,232,698.18,721.97,19.13,32.71,0.61,2,-1,-1
160,233,1010.59,389.27,13.32,12.84,0.65,4,-1,-1
160,234,1010.71,377.22,14.54,14.54,0.86,4,-1,-1
160,235,1021.97,403.92,13.32,15.02,0.50,4,-1,-1
160,236,95.90,867.86,74.20,66.29,0.88,7,-1,-1
160,237,1009.49,374.56,15.67,13.86,0.69,4,-1,-1
161,19,979.84,464.30,24.10,22.23,0.96,4,-1,-1
161,22,978.56,494.50,26.93,27.74,0.99,4,-1,-1
161,25,1026.10,688.45,52.13,62.74,1.00,4,-1,-1
161,27,942.53,611.17,45.30,53.69,0.99,4,-1,-1
161,47,987.54,443.88,22.14,20.70,0.98,4,-1,-1
161,75,357.66,890.92,133.31,127.97,1.00,4,-1,-1
161,76,483.73,791.13,102.29,95.11,0.99,4,-1,-1
161,93,192.25,906.09,118.04,115.57,1.00,4,-1,-1
161,109,797.62,702.01,68.40,84.19,0.99,4,-1,-1
161,110,1003.01,421.21,18.46,18.47,0.99,4,-1,-1
161,114,626.13,665.07,72.51,73.37,1.00,4,-1,-1
161,115,587.92,847.63,99.54,109.50,1.00,4,-1,-1
161,119,560.94,731.88,90.82,77.74,1.00,4,-1,-1
161,120,1002.68,402.54,18.08,18.60,0.94,4,-1,-1
161,129,1022.02,489.10,14.49,23.61,1.00,10,-1,-1
161,140,924.52,501.89,29.02,31.48,0.98,4,-1,-1
161,142,1156.10,813.39,66.62,99.25,1.00,5,-1,-1
161,149,827.09,576.57,43.21,43.44,1.00,4,-1,-1
161,154,897.55,559.25,38.58,41.66,0.99,4,-1,-1
161,166,804.06,498.88,58.13,28.61,1.00,4,-1,-1
161,171,947.30,453.17,23.05,22.99,0.97,4,-1,-1
161,181,1538.91,889.63,29.25,60.09,0.99,1,-1,-1
161,178,95.39,915.32,109.82,91.69,0.99,7,-1,-1
161,193,1381.16,957.90,197.58,108.66,1.00,4,-1,-1
161,195,1038.37,428.14,19.33,19.66,0.90,4,-1,-1
161,200,1153.19,776.54,20.79,44.79,0.90,10,-1,-1
161,176,682.81,748.86,26.81,42.51,0.93,10,-1,-1
161,147,666.44,493.03,61.48,25.61,0.79,4,-1,-1
161,210,948.58,405.27,18.10,17.92,0.79,4,-1,-1
161,211,1048.54,449.14,18.25,23.19,0.63,4,-1,-1
161,217,590.65,476.98,60.52,27.81,0.75,4,-1,-1
161,220,1075.48,466.89,38.66,24.49,0.88,4,-1,-1
161,206,991.98,360.17,14.50,13.88,0.47,4,-1,-1
161,221,494.45,496.37,55.73,30.09,0.98,5,-1,-1
161,225,593.57,489.70,64.24,26.68,0.61,4,-1,-1
161,231,1219.97,917.49,26.00,58.83,0.70,10,-1,-1
161,232,686.98,736.92,20.26,35.56,0.83,2,-1,-1
161,233,1011.11,389.53,13.34,12.76,0.72,4,-1,-1
161,234,1011.14,377.92,14.55,14.56,0.82,4,-1,-1
161,235,1022.59,406.26,12.40,14.68,0.35,4,-1,-1
161,236,69.48,885.84,75.55,67.57,0.86,7,-1,-1
161,237,1010.42,374.65,14.77,13.93,0.74,4,-1,-1
162,19,978.77,465.45,24.93,22.31,0.99,4,-1,-1
162,22,977.07,495.41,27.49,28.17,1.00,4,-1,-1
162,25,1026.04,690.88,51.15,61.24,0.99,4,-1,-1
162,27,940.95,613.11,46.44,53.35,0.99,4,-1,-1
162,47,986.60,444.53,22.67,20.96,0.99,4,-1,-1
162,75,335.24,908.86,140.03,133.52,1.00,4,-1,-1
162,76,468.86,803.99,105.45,98.59,1.00,4,-1,-1
162,93,163.89,924.97,125.08,121.17,0.99,4,-1,-1
162,109,787.72,717.08,71.83,87.86,0.99,4,-1,-1
162,110,1001.79,421.81,19.00,18.58,0.99,4,-1,-1
162,114,616.57,672.11,75.17,76.47,1.00,4,-1,-1
162,115,567.32,869.58,106.57,117.59,0.99,4,-1,-1
162,119,548.60,741.71,94.00,80.50,1.00,4,-1,-1
162,120,1002.12,402.67,18.09,18.71,0.98,4,-1,-1
162,129,1021.02,490.12,14.49,23.95,0.97,10,-1,-1
162,140,921.61,506.02,29.95,32.04,0.99,4,-1,-1
162,142,1157.72,827.44,68.62,102.49,1.00,5,-1,-1
162,149,821.50,583.92,44.48,45.17,0.99,4,-1,-1
162,154,892.91,565.03,40.49,43.20,1.00,4,-1,-1
162,166,796.69,501.63,60.16,28.88,0.98,4,-1,-1
162,171,944.66,455.32,23.83,23.42,0.99,4,-1,-1
162,181,1554.55,910.11,30.88,62.21,0.98,1,-1,-1
162,178,63.82,935.83,115.15,94.91,0.99,7,-1,-1
162,193,1391.34,980.68,203.04,101.49,0.99,4,-1,-1
162,195,1038.13,429.67,19.38,19.83,0.94,4,-1,-1
162,200,1155.06,788.08,21.60,46.70,0.96,10,-1,-1
162,176,670.95,766.30,26.94,43.54,0.95,10,-1,-1
162,147,662.30,495.15,61.70,25.90,0.52,4,-1,-1
162,210,947.17,406.45,18.08,18.07,0.93,4,-1,-1
162,211,1047.64,450.39,18.17,24.28,0.81,4,-1,-1
162,217,585.46,479.37,61.10,27.48,0.61,4,-1,-1
162,220,1075.52,468.10,38.87,25.55,0.67,4,-1,-1
162,206,991.25,360.56,14.54,13.90,0.82,4,-1,-1
162,221,480.68,498.83,56.35,30.97,0.87,5,-1,-1
162,225,588.51,492.14,64.22,27.55,0.57,4,-1,-1
162,231,1224.40,936.24,26.70,60.79,0.93,10,-1,-1
162,232,674.35,753.52,21.55,36.47,0.71,2,-1,-1
162,233,1010.15,389.42,13.31,12.70,0.68,4,-1,-1
162,234,1010.15,378.45,14.53,14.05,0.68,4,-1,-1
162,236,39.93,902.21,81.17,74.41,0.95,7,-1,-1
162,237,1009.46,373.75,14.60,14.42,0.58,4,-1,-1
162,238,589.42,700.31,33.15,44.60,0.72,7,-1,-1
162,239,944.40,384.51,16.88,16.27,0.64,4,-1,-1
163,19,978.17,466.32,25.24,22.35,0.99,4,-1,-1
163,22,977.13,496.61,27.70,27.95,1.00,4,-1,-1
163,25,1026.55,692.33,50.77,62.34,1.00,4,-1,-1
163,27,940.09,615.14,47.66,53.26,1.00,4,-1,-1
163,47,986.46,445.01,22.86,21.49,0.99,4,-1,-1
163,75,311.37,927.30,146.87,139.62,1.00,4,-1,-1
163,76,451.83,817.00,110.95,103.11,0.99,4,-1,-1
163,93,133.71,944.86,131.85,123.41,0.99,4,-1,-1
163,109,777.41,733.78,75.46,91.64,0.99,4,-1,-1
163,110,1001.98,423.10,19.20,17.40,0.96,7,-1,-1
163,114,607.71,679.42,77.15,78.49,0.99,4,-1,-1
163,115,545.03,894.24,113.91,126.22,0.99,4,-1,-1
163,119,537.08,751.64,96.56,83.18,0.99,4,-1,-1
163,120,1002.56,402.75,18.09,18.36,0.98,4,-1,-1
163,129,1021.26,491.78,14.49,23.69,0.98,10,-1,-1
163,140,919.53,510.17,31.09,32.66,0.99,4,-1,-1
163,142,1159.66,842.77,70.93,106.11,0.99,5,-1,-1
163,149,816.00,590.81,46.53,46.85,1.00,4,-1,-1
163,154,890.16,571.75,40.42,43.80,0.99,4,-1,-1
163,166,789.79,504.81,60.92,29.02,0.99,4,-1,-1
163,171,943.50,457.92,24.12,23.60,0.98,4,-1,-1
163,181,1572.04,932.74,31.48,63.84,0.99,1,-1,-1
163,178,29.86,954.32,121.91,100.93,0.99,7,-1,-1
163,193,1448.62,1007.48,162.34,80.44,0.76,4,-1,-1
163,195,1038.28,430.87,19.39,20.32,0.92,4,-1,-1
163,200,1157.50,800.47,21.88,48.22,0.94,10,-1,-1
163,176,658.23,784.64,27.75,44.73,0.96,10,-1,-1
163,147,658.10,497.86,62.59,25.64,0.59,4,-1,-1
163,210,945.22,408.09,18.91,18.13,0.83,4,-1,-1
163,211,1047.51,452.52,18.13,23.88,0.79,4,-1,-1
163,217,581.02,481.33,60.70,27.78,0.75,4,-1,-1
163,220,1076.59,471.03,38.92,24.34,0.70,4,-1,-1
163,206,990.82,361.11,14.55,14.33,0.61,4,-1,-1
163,221,468.38,501.39,56.16,30.07,0.88,5,-1,-1
163,225,584.35,494.94,63.77,26.64,0.51,4,-1,-1
163,231,1229.68,956.08,26.89,63.06,0.53,10,-1,-1
163,232,662.56,771.30,21.06,38.46,0.81,2,-1,-1
163,233,1009.89,389.34,13.30,13.61,0.76,4,-1,-1
163,234,1010.34,378.06,14.51,14.83,0.41,4,-1,-1
163,236,8.45,921.07,85.44,81.22,0.98,7,-1,-1
163,237,1009.17,372.27,15.48,14.56,0.55,4,-1,-1
163,240,462.86,478.53,59.06,30.74,0.70,4,-1,-1
163,241,959.46,678.01,19.29,24.11,0.70,3,-1,-1
163,242,960.07,673.79,16.88,25.31,0.83,2,-1,-1
163,243,1001.05,423.08,19.29,17.48,0.98,4,-1,-1
164,19,976.70,466.43,25.30,22.29,0.98,4,-1,-1
164,22,975.12,496.77,27.72,28.17,1.00,4,-1,-1
164,25,1024.72,691.98,51.38,64.16,0.98,4,-1,-1
164,27,937.95,615.72,48.03,53.85,1.00,4,-1,-1
164,47,985.12,445.03,22.88,21.60,0.98,4,-1,-1
164,75,288.42,945.22,152.15,134.34,1.00,4,-1,-1
164,76,436.08,829.60,114.35,106.76,1.00,4,-1,-1
164,93,102.75,964.66,138.40,114.99,0.99,4,-1,-1
164,109,765.68,750.47,78.24,95.83,0.99,4,-1,-1
164,110,1000.29,422.88,19.23,18.18,1.00,4,-1,-1
164,114,598.34,686.67,78.70,79.71,0.99,4,-1,-1
164,115,521.46,919.41,121.90,133.70,1.00,4,-1,-1
164,119,524.45,761.26,99.65,85.41,1.00,4,-1,-1
164,120,1001.35,402.55,18.06,18.56,0.99,4,-1,-1
164,129,1020.42,491.87,14.47,23.92,0.99,10,-1,-1
164,140,916.12,513.54,31.45,33.15,0.99,4,-1,-1
164,142,1161.22,856.34,72.44,109.43,1.00,5,-1,-1
164,149,809.35,597.98,47.99,48.08,0.99,4,-1,-1
164,154,885.48,577.50,41.06,44.83,0.99,4,-1,-1
164,166,781.84,507.18,61.80,29.75,1.00,4,-1,-1
164,171,941.12,459.47,24.17,24.38,0.99,4,-1,-1
164,181,1586.52,953.58,33.23,66.60,0.99,1,-1,-1
164,178,1.79,973.55,123.68,101.25,0.99,7,-1,-1
164,195,1036.08,431.34,19.35,20.83,0.98,4,-1,-1
164,200,1158.06,810.73,21.95,47.82,0.97,10,-1,-1
164,176,644.81,801.93,28.00,45.00,0.96,10,-1,-1
164,147,653.49,499.81,62.75,25.40,0.91,4,-1,-1
164,210,942.52,409.05,19.98,18.50,0.95,4,-1,-1
164,211,1045.61,454.30,18.09,23.21,0.95,4,-1,-1
164,217,576.09,482.70,60.81,27.35,0.79,4,-1,-1
164,220,1075.04,472.43,38.82,24.16,0.92,4,-1,-1
164,206,988.89,361.38,14.52,14.43,0.73,4,-1,-1
164,221,457.27,504.26,54.71,29.18,0.78,5,-1,-1
164,225,579.09,496.78,64.28,26.56,0.40,4,-1,-1
164,232,649.29,789.44,20.78,38.11,0.81,2,-1,-1
164,233,1008.10,389.59,13.27,13.86,0.93,4,-1,-1
164,234,1009.14,378.03,14.47,14.59,0.91,4,-1,-1
164,236,-4.25,939.33,69.78,74.48,0.94,7,-1,-1
164,237,1008.30,371.68,14.81,13.62,0.81,4,-1,-1
164,241,955.99,687.68,19.36,26.12,0.67,10,-1,-1
164,242,956.59,683.92,16.94,27.33,0.62,2,-1,-1
164,244,949.22,425.79,10.85,16.88,0.68,10,-1,-1
164,245,1034.80,393.85,14.46,14.46,0.79,4,-1,-1
164,246,1656.16,924.51,53.04,57.86,0.80,3,-1,-1
165,19,976.14,467.44,25.36,22.74,1.00,4,-1,-1
165,22,973.52,498.47,28.58,28.34,1.00,4,-1,-1
165,25,1023.52,694.19,53.31,65.02,1.00,4,-1,-1
165,27,936.51,618.43,48.23,53.42,1.00,4,-1,-1
165,47,984.64,445.97,22.92,22.12,1.00,4,-1,-1
165,75,266.93,966.36,153.65,120.41,1.00,4,-1,-1
165,76,417.85,844.23,119.30,110.83,0.99,4,-1,-1
165,93,73.35,987.20,141.36,98.77,0.99,4,-1,-1
165,109,753.11,769.90,82.49,102.37,0.99,4,-1,-1
165,110,999.74,423.27,19.28,18.50,0.99,4,-1,-1
165,114,588.70,695.61,80.15,81.98,0.99,4,-1,-1
165,115,497.99,948.45,126.92,130.20,0.99,4,-1,-1
165,119,511.00,773.13,102.91,88.09,1.00,4,-1,-1
165,120,1000.99,402.92,18.90,18.29,0.99,4,-1,-1
165,129,1020.15,493.36,14.47,24.07,1.00,10,-1,-1
165,140,913.11,517.38,32.41,34.63,0.99,4,-1,-1
165,142,1163.86,874.04,75.82,113.32,0.99,5,-1,-1
165,149,803.63,605.69,48.60,50.27,1.00,4,-1,-1
165,154,881.48,584.90,42.14,46.72,0.99,4,-1,-1
165,166,773.33,510.29,63.80,30.14,1.00,4,-1,-1
165,171,939.38,462.13,24.21,24.75,0.94,4,-1,-1
165,181,1607.00,981.23,33.91,69.40,0.99,1,-1,-1
165,178,-10.56,997.65,102.98,85.77,0.97,7,-1,-1
165,195,1035.82,433.04,19.36,20.69,0.83,4,-1,-1
165,200,1159.94,825.12,23.57,48.54,0.98,10,-1,-1
165,176,629.28,822.77,29.69,47.59,0.94,10,-1,-1
165,147,649.06,502.26,63.73,26.24,0.94,4,-1,-1
165,210,940.71,411.20,20.41,18.69,0.99,4,-1,-1
165,211,1045.86,456.12,18.09,23.86,0.90,4,-1,-1
165,217,570.76,484.21,62.81,28.94,0.83,4,-1,-1
165,220,1075.07,476.21,39.66,23.35,0.99,4,-1,-1
165,206,988.28,362.02,14.52,14.51,0.75,4,-1,-1
165,221,443.91,506.43,53.87,29.82,0.40,5,-1,-1
165,225,573.04,499.93,64.58,26.64,0.69,4,-1,-1
165,232,633.36,809.78,21.54,40.55,0.78,2,-1,-1
165,233,1008.35,387.10,13.27,13.97,0.52,4,-1,-1
165,234,1008.72,377.94,14.48,14.53,0.77,4,-1,-1
165,244,947.54,428.52,10.90,16.00,0.61,10,-1,-1
165,245,1034.07,395.48,13.57,14.55,0.78,4,-1,-1
165,246,1673.87,943.63,55.22,60.11,0.55,3,-1,-1
165,247,59.89,949.22,63.43,66.29,0.74,10,-1,-1
165,248,998.04,423.08,20.49,18.68,0.85,4,-1,-1
165,235,1019.80,412.39,12.08,13.35,0.60,4,-1,-1
166,19,975.10,467.89,25.36,22.90,0.99,4,-1,-1
166,22,972.92,499.78,28.08,27.98,1.00,4,-1,-1
166,25,1021.01,696.42,55.62,65.30,1.00,4,-1,-1
166,27,934.77,620.89,48.28,53.23,1.00,4,-1,-1
166,47,983.62,446.21,22.93,22.31,0.99,4,-1,-1
166,75,250.71,988.58,148.85,98.70,1.00,4,-1,-1
166,76,398.52,859.58,124.63,114.65,0.99,4,-1,-1
166,93,45.29,1010.36,141.88,75.96,0.94,4,-1,-1
166,109,739.46,790.99,85.62,107.95,0.99,4,-1,-1
166,110,998.28,423.72,20.10,18.20,0.99,4,-1,-1
166,114,577.99,703.81,82.81,85.15,0.99,4,-1,-1
166,115,477.93,979.58,126.81,108.58,0.97,4,-1,-1
166,119,497.33,784.36,105.64,91.40,1.00,4,-1,-1
166,120,1000.83,402.97,18.39,17.76,0.98,4,-1,-1
166,129,1019.61,494.78,14.47,24.12,0.99,10,-1,-1
166,140,910.42,521.80,32.75,34.77,0.99,4,-1,-1
166,142,1166.69,892.13,78.23,117.08,0.98,5,-1,-1
166,149,796.84,614.25,49.56,51.07,0.99,4,-1,-1
166,154,876.87,592.38,43.30,47.61,0.99,4,-1,-1
166,166,765.54,513.46,64.50,29.86,1.00,4,-1,-1
166,171,937.54,464.56,24.21,24.86,0.99,4,-1,-1
166,181,1626.95,1010.51,34.13,65.69,0.98,1,-1,-1
166,195,1034.86,434.15,19.35,21.02,0.88,4,-1,-1
166,200,1162.49,838.84,22.59,50.37,0.98,10,-1,-1
166,176,612.81,842.78,31.29,50.11,0.98,10,-1,-1
166,147,644.39,504.41,64.06,26.94,0.96,4,-1,-1
166,210,938.84,413.08,20.56,18.75,0.96,4,-1,-1
166,211,1045.49,456.84,18.08,25.31,0.87,4,-1,-1
166,217,565.18,486.22,63.31,29.51,0.82,4,-1,-1
166,220,1074.19,478.86,40.75,23.04,0.99,4,-1,-1
166,206,987.62,362.57,14.51,14.53,0.71,4,-1,-1
166,221,427.19,508.04,56.10,31.28,0.70,5,-1,-1
166,225,567.60,502.33,64.44,26.65,0.88,4,-1,-1
166,232,616.73,831.19,24.09,43.01,0.82,2,-1,-1
166,233,1006.26,388.20,14.13,14.41,0.65,4,-1,-1
166,234,1008.10,378.03,14.47,14.51,0.79,4,-1,-1
166,244,947.17,430.28,9.98,16.31,0.67,1,-1,-1
166,245,1032.96,396.12,14.34,14.57,0.90,4,-1,-1
166,246,1691.83,964.78,55.69,57.85,0.62,3,-1,-1
166,235,1018.45,413.43,12.99,13.72,0.65,4,-1,-1
166,249,436.94,484.85,66.29,33.15,0.91,4,-1,-1
166,250,470.99,556.57,81.36,35.56,0.98,4,-1,-1
166,251,517.40,521.32,65.69,26.52,0.76,4,-1,-1
166,252,1005.87,391.44,13.26,13.26,0.79,4,-1,-1
167,19,973.06,468.66,25.42,22.96,0.98,4,-1,-1
167,22,971.50,501.12,27.12,27.84,0.98,4,-1,-1
167,25,1019.87,698.69,54.23,63.79,1.00,4,-1,-1
167,27,932.17,623.65,48.41,53.99,1.00,4,-1,-1
167,47,981.98,446.87,22.98,21.97,1.00,4,-1,-1
167,75,234.05,1013.10,142.71,73.61,0.98,4,-1,-1
167,76,377.01,877.07,129.29,120.01,1.00,4,-1,-1
167,109,723.95,814.93,89.36,115.56,1.00,4,-1,-1
167,110,996.44,422.97,20.45,18.93,0.98,4,-1,-1
167,114,565.72,713.49,84.78,87.14,0.92,4,-1,-1
167,115,457.87,1014.03,124.13,77.06,0.61,4,-1,-1
167,119,480.20,797.33,110.03,95.01,1.00,4,-1,-1
167,120,999.48,404.14,18.23,17.57,0.98,4,-1,-1
167,129,1018.24,496.50,13.69,23.74,0.95,10,-1,-1
167,140,906.51,526.14,32.93,35.60,0.99,4,-1,-1
167,142,1168.69,911.05,80.93,122.46,0.98,5,-1,-1
167,149,788.98,623.34,50.82,52.93,1.00,4,-1,-1
167,154,871.47,600.36,43.84,48.53,1.00,4,-1,-1
167,166,755.61,516.87,66.42,30.13,0.99,4,-1,-1
167,171,934.36,467.27,24.26,25.31,0.98,4,-1,-1
167,181,1647.08,1040.91,37.49,46.07,0.56,1,-1,-1
167,195,1033.29,436.06,18.57,20.33,0.85,4,-1,-1
167,200,1163.96,853.65,23.05,51.08,0.93,10,-1,-1
167,176,592.82,864.87,33.75,52.68,0.96,10,-1,-1
167,147,637.86,507.38,65.08,27.17,0.92,4,-1,-1
167,210,936.37,415.14,19.85,18.36,0.99,4,-1,-1
167,211,1044.19,457.81,18.13,26.26,0.84,4,-1,-1
167,217,557.80,488.60,63.18,29.28,0.85,4,-1,-1
167,220,1072.71,480.48,41.22,23.34,0.96,4,-1,-1
167,206,985.63,363.24,14.54,14.54,0.84,4,-1,-1
167,221,408.72,510.20,58.22,32.21,0.77,5,-1,-1
167,225,561.60,505.64,64.07,26.20,0.67,4,-1,-1
167,232,596.97,854.54,25.88,43.94,0.86,2,-1,-1
167,233,1004.68,389.93,12.81,13.74,0.89,4,-1,-1
167,234,1006.68,378.56,14.50,13.65,0.46,4,-1,-1
167,244,945.01,432.60,9.66,14.94,0.93,10,-1,-1
167,245,1031.65,396.82,14.59,14.06,0.89,4,-1,-1
167,246,1710.41,985.45,61.45,65.57,0.91,3,-1,-1
167,235,1016.43,414.77,13.30,13.82,0.45,4,-1,-1
167,249,429.15,488.01,65.26,31.41,0.98,4,-1,-1
167,253,-0.30,993.21,59.89,77.14,0.81,10,-1,-1
167,254,938.97,388.12,16.88,15.67,0.61,4,-1,-1
167,213,461.69,559.83,85.61,37.36,0.99,4,-1,-1
168,19,972.68,469.24,25.35,23.35,0.99,4,-1,-1
168,22,971.34,501.61,27.49,28.15,0.99,4,-1,-1
168,25,1018.74,700.26,56.73,65.53,0.99,4,-1,-1
168,27,930.76,625.51,49.10,54.98,1.00,4,-1,-1
168,47,981.74,447.48,22.92,21.79,1.00,4,-1,-1
168,75,210.53,1036.14,146.75,47.40,0.27,4,-1,-1
168,76,356.90,892.93,134.45,125.71,0.99,4,-1,-1
168,109,707.65,837.99,95.09,124.41,1.00,4,-1,-1
168,110,996.55,422.13,20.51,19.97,0.87,4,-1,-1
168,114,555.49,721.60,86.76,89.26,0.97,4,-1,-1
168,119,465.39,809.08,114.02,98.53,1.00,4,-1,-1
168,120,998.49,403.42,18.93,17.05,0.98,4,-1,-1
168,129,1017.95,497.17,14.18,23.96,0.97,10,-1,-1
168,140,904.04,530.35,33.66,36.23,0.99,4,-1,-1
168,142,1170.48,928.01,83.95,127.33,1.00,5,-1,-1
168,149,781.76,631.67,53.47,55.09,1.00,4,-1,-1
168,154,866.93,607.85,45.44,49.74,1.00,4,-1,-1
168,166,747.84,519.46,67.70,30.60,0.99,4,-1,-1
168,171,932.89,469.89,24.19,25.41,0.99,4,-1,-1
168,195,1032.95,437.18,18.20,20.44,0.58,4,-1,-1
168,200,1165.59,866.91,23.90,51.98,0.95,10,-1,-1
168,176,574.59,887.75,34.95,55.87,0.97,10,-1,-1
168,147,633.60,509.76,66.06,27.63,0.82,4,-1,-1
168,210,934.41,416.90,20.31,19.00,1.00,4,-1,-1
168,211,1043.88,459.71,18.08,25.76,0.92,4,-1,-1
168,217,553.65,490.96,62.91,28.74,0.72,4,-1,-1
168,220,1073.48,481.58,40.43,24.25,0.97,4,-1,-1
168,206,985.33,363.88,14.50,14.51,0.93,4,-1,-1
168,221,400.51,512.48,54.35,31.71,0.26,4,-1,-1
168,225,557.09,508.11,65.18,26.01,0.43,4,-1,-1
168,232,579.40,878.44,26.26,45.73,0.90,2,-1,-1
168,233,1004.51,390.76,13.10,13.44,0.92,4,-1,-1
168,234,1006.47,378.72,14.46,13.75,0.87,4,-1,-1
168,244,942.56,435.30,11.47,15.92,0.66,10,-1,-1
168,245,1031.78,397.34,14.58,14.34,0.90,4,-1,-1
168,246,1729.62,1007.12,61.34,67.79,0.92,3,-1,-1
168,235,1015.18,416.13,14.18,14.26,0.35,4,-1,-1
168,249,422.53,489.93,66.39,32.01,0.95,4,-1,-1
168,213,452.80,563.88,84.71,38.10,0.98,4,-1,-1
168,255,416.45,578.27,95.22,39.48,0.88,4,-1,-1
168,256,547.53,576.46,43.39,27.12,0.67,7,-1,-1
168,237,1005.85,375.15,14.56,14.48,0.55,4,-1,-1
169,19,972.27,470.17,26.16,23.52,0.99,4,-1,-1
169,22,971.40,502.33,27.64,28.30,0.99,4,-1,-1
169,25,1019.66,702.36,56.05,65.43,1.00,4,-1,-1
169,27,929.51,627.64,49.37,57.04,0.99,4,-1,-1
169,47,981.80,448.42,22.91,21.34,0.98,4,-1,-1
169,76,333.42,910.46,140.76,131.14,1.00,4,-1,-1
169,109,689.64,864.14,100.41,134.92,1.00,4,-1,-1
169,110,996.37,422.71,18.91,18.79,0.88,4,-1,-1
169,114,544.56,730.68,88.50,92.51,0.74,5,-1,-1
169,119,449.89,821.53,117.53,103.11,1.00,4,-1,-1
169,120,998.73,403.65,19.20,18.56,0.98,4,-1,-1
169,129,1018.42,498.78,13.54,23.66,0.98,10,-1,-1
169,140,901.24,535.40,35.54,37.29,0.99,4,-1,-1
169,142,1172.89,948.22,88.64,129.29,0.99,5,-1,-1
169,149,774.33,641.62,56.07,57.54,1.00,4,-1,-1
169,154,862.93,616.32,46.05,51.42,0.99,4,-1,-1
169,166,739.85,522.26,68.99,31.22,1.00,4,-1,-1
169,171,931.68,472.93,24.99,25.47,0.99,4,-1,-1
169,195,1033.42,438.90,18.91,20.50,0.35,4,-1,-1
169,200,1168.76,882.95,24.22,52.35,0.92,10,-1,-1
169,176,553.09,916.55,37.36,59.49,0.98,10,-1,-1
169,147,630.33,512.47,65.64,27.04,0.89,4,-1,-1
169,210,933.85,419.38,20.49,18.85,0.98,4,-1,-1
169,211,1044.37,461.75,18.07,25.98,0.82,4,-1,-1
169,217,549.15,493.02,64.09,29.80,0.85,4,-1,-1
169,220,1073.16,484.13,42.59,23.80,0.97,4,-1,-1
169,206,985.81,364.74,14.49,14.51,0.96,4,-1,-1
169,221,397.09,509.95,52.45,28.25,0.81,5,-1,-1
169,225,551.64,510.40,66.45,26.39,0.89,4,-1,-1
169,232,558.33,905.73,28.37,48.02,0.87,2,-1,-1
169,233,1004.60,391.32,13.20,13.76,0.79,4,-1,-1
169,234,1006.55,378.60,15.30,14.64,0.89,4,-1,-1
169,244,940.66,437.67,13.66,16.64,0.62,10,-1,-1
169,245,1031.87,397.97,15.46,14.45,0.86,4,-1,-1
169,246,1752.00,1032.22,62.86,52.21,0.47,3,-1,-1
169,249,418.77,492.02,64.27,32.15,0.98,4,-1,-1
169,213,442.73,568.14,86.16,37.23,0.98,4,-1,-1
169,255,412.30,582.92,95.22,38.29,0.99,4,-1,-1
169,256,539.74,581.89,45.54,26.33,0.92,7,-1,-1
169,237,1005.36,374.58,15.41,15.01,0.49,4,-1,-1
169,257,117.90,1019.13,93.34,54.24,0.77,10,-1,-1
169,258,327.25,879.91,74.13,40.98,0.74,7,-1,-1
169,259,467.98,528.55,71.12,28.93,0.98,4,-1,-1
169,260,951.03,446.28,10.85,18.68,0.70,10,-1,-1
169,261,1043.84,462.86,18.08,25.31,0.70,9,-1,-1
170,19,971.44,470.82,25.62,23.96,0.98,4,-1,-1
170,22,970.32,503.27,27.67,28.33,0.99,4,-1,-1
170,25,1019.70,703.23,54.90,66.13,0.99,4,-1,-1
170,27,927.18,630.19,50.25,57.75,1.00,4,-1,-1
170,47,980.70,448.68,22.88,21.98,0.97,4,-1,-1
170,76,308.48,929.40,147.69,136.18,1.00,4,-1,-1
170,109,669.88,894.84,106.22,142.76,1.00,4,-1,-1
170,110,995.54,423.11,18.28,19.12,0.96,4,-1,-1
170,114,531.35,741.56,92.03,94.41,0.80,4,-1,-1
170,119,432.74,835.11,121.47,107.08,1.00,4,-1,-1
170,120,997.67,403.69,19.28,19.08,0.99,4,-1,-1
170,129,1017.40,499.64,14.13,24.35,0.98,10,-1,-1
170,140,898.01,540.45,36.22,37.24,1.00,4,-1,-1
170,142,1174.85,968.93,94.27,116.32,0.97,5,-1,-1
170,149,766.33,652.51,57.78,58.41,0.99,4,-1,-1
170,154,857.30,625.31,47.01,52.19,1.00,4,-1,-1
170,166,730.94,525.71,69.37,31.42,1.00,4,-1,-1
170,171,929.38,475.31,25.26,26.27,0.99,4,-1,-1
170,195,1032.85,440.85,19.16,19.68,0.54,4,-1,-1
170,200,1170.22,899.83,25.10,54.00,0.96,10,-1,-1
170,176,528.71,942.15,41.34,66.25,0.96,10,-1,-1
170,147,625.99,515.34,64.58,26.76,0.94,4,-1,-1
170,210,932.19,420.21,20.53,20.00,0.99,4,-1,-1
170,211,1043.77,464.20,18.05,24.81,0.91,4,-1,-1
170,217,543.81,496.46,62.81,28.14,0.70,4,-1,-1
170,220,1072.68,485.71,43.35,25.26,0.94,4,-1,-1
170,206,985.26,365.66,14.47,14.50,0.98,4,-1,-1
170,221,388.13,510.27,55.58,27.76,0.86,5,-1,-1
170,225,545.94,512.89,66.45,26.51,0.75,4,-1,-1
170,232,534.51,934.63,29.91,49.61,0.94,2,-1,-1
170,233,1004.31,391.27,13.22,13.86,0.92,4,-1,-1
170,234,1006.27,379.15,14.77,14.54,0.93,4,-1,-1
170,244,939.66,437.90,12.94,17.31,0.84,10,-1,-1
170,245,1031.58,398.75,14.89,14.47,0.97,4,-1,-1
170,249,412.47,494.25,64.40,32.11,0.99,4,-1,-1
170,213,434.13,572.43,86.17,36.40,0.97,4,-1,-1
170,255,412.28,589.33,95.25,37.83,0.95,4,-1,-1
170,256,531.25,586.57,45.53,26.17,0.88,7,-1,-1
170,237,1005.40,375.40,14.83,14.77,0.39,4,-1,-1
170,258,308.68,895.07,74.35,43.15,0.74,7,-1,-1
170,259,451.62,531.93,73.86,29.59,0.98,4,-1,-1
170,260,950.36,449.28,10.89,19.26,0.74,10,-1,-1
170,262,308.27,894.98,74.13,43.39,0.81,10,-1,-1
170,263,1033.59,416.75,13.26,18.08,0.77,4,-1,-1
170,235,1014.28,419.40,14.56,14.52,0.67,4,-1,-1
171,19,969.97,472.19,25.42,23.28,0.97,4,-1,-1
171,22,967.98,503.92,27.70,28.71,1.00,4,-1,-1
171,25,1017.50,704.11,56.13,66.30,1.00,4,-1,-1
171,27,924.92,632.62,49.77,57.12,1.00,4,-1,-1
171,47,978.70,449.71,22.88,21.78,0.99,4,-1,-1
171,76,283.66,950.00,153.46,130.78,1.00,4,-1,-1
171,109,647.72,927.86,113.91,141.03,0.99,4,-1,-1
171,110,994.50,423.38,18.07,19.21,0.90,4,-1,-1
171,114,516.90,752.03,95.73,97.33,0.95,4,-1,-1
171,119,413.23,849.34,127.26,112.32,1.00,4,-1,-1
171,120,996.03,403.65,19.31,19.25,0.98,4,-1,-1
171,129,1015.07,501.02,14.34,24.17,0.99,10,-1,-1
171,140,893.74,545.41,36.46,37.54,0.98,4,-1,-1
171,142,1176.60,991.62,94.93,94.79,0.94,5,-1,-1
171,149,756.14,663.64,60.00,60.19,0.99,4,-1,-1
171,154,850.27,634.07,48.96,54.77,1.00,4,-1,-1
171,166,719.96,528.82,71.05,31.82,0.99,4,-1,-1
171,171,925.80,477.90,26.17,26.93,0.98,4,-1,-1
171,200,1171.37,916.96,26.25,53.75,0.94,10,-1,-1
171,176,502.68,973.00,43.69,70.36,0.93,10,-1,-1
171,147,619.47,518.36,65.81,27.41,0.94,4,-1,-1
171,210,929.20,422.06,20.55,19.99,0.99,4,-1,-1
171,211,1041.94,465.34,18.88,25.57,0.81,4,-1,-1
171,217,537.15,498.99,63.15,28.24,0.85,4,-1,-1
171,220,1071.26,487.08,42.80,25.73,0.97,4,-1,-1
171,206,983.40,366.35,14.47,14.47,0.96,4,-1,-1
171,221,380.01,512.59,55.84,27.56,0.77,5,-1,-1
171,225,538.97,515.41,67.65,27.31,0.78,4,-1,-1
171,232,508.76,966.23,30.91,50.91,0.88,2,-1,-1
171,233,1002.99,391.18,13.24,14.29,0.91,4,-1,-1
171,234,1004.92,379.51,14.56,14.48,0.88,4,-1,-1
171,244,937.35,439.51,11.69,17.11,0.81,10,-1,-1
171,245,1029.40,399.32,14.65,14.46,0.97,4,-1,-1
171,249,400.61,496.45,69.37,32.02,0.99,4,-1,-1
171,213,424.78,576.38,86.94,36.78,0.97,4,-1,-1
171,255,409.87,594.75,96.90,37.48,0.87,4,-1,-1
171,256,523.03,592.79,44.44,24.56,0.73,7,-1,-1
171,237,1003.78,376.07,15.44,15.05,0.26,4,-1,-1
171,258,285.48,909.46,78.31,46.35,0.78,10,-1,-1
171,259,435.68,536.02,74.47,28.78,0.97,4,-1,-1
171,260,949.21,450.94,10.91,19.39,0.71,10,-1,-1
171,235,1012.66,421.08,13.75,13.74,0.47,4,-1,-1
171,264,934.75,436.04,15.67,18.68,0.90,10,-1,-1
171,265,1042.03,464.97,19.29,25.92,0.86,4,-1,-1
171,266,1287.32,550.55,69.91,31.34,0.65,4,-1,-1
172,19,969.01,471.94,25.33,24.65,0.99,4,-1,-1
172,22,966.69,504.80,27.69,28.84,1.00,4,-1,-1
172,25,1017.44,704.97,55.73,67.13,0.99,4,-1,-1
172,27,923.29,634.89,49.56,56.84,0.99,4,-1,-1
172,47,978.36,450.99,22.87,21.69,0.98,4,-1,-1
172,76,264.73,971.83,152.46,113.74,1.00,4,-1,-1
172,109,627.82,965.11,119.13,119.46,0.97,4,-1,-1
172,110,994.09,425.21,17.99,18.01,0.96,4,-1,-1
172,114,504.32,762.20,97.44,101.50,0.98,4,-1,-1
172,119,392.97,865.53,133.27,117.35,1.00,4,-1,-1
172,120,995.81,404.34,19.31,18.89,0.99,4,-1,-1
172,129,1014.16,502.58,14.42,23.68,1.00,10,-1,-1
172,140,890.63,550.57,37.30,38.42,0.99,4,-1,-1
172,142,1179.85,1016.61,94.20,68.03,0.82,5,-1,-1
172,149,746.96,674.92,62.35,63.17,1.00,4,-1,-1
172,154,843.78,643.69,50.45,56.48,0.99,4,-1,-1
172,166,710.96,532.12,72.40,31.95,1.00,4,-1,-1
172,171,924.10,480.65,25.69,27.16,0.99,4,-1,-1
172,200,1174.37,935.52,26.66,56.00,0.98,10,-1,-1
172,176,475.32,1007.49,46.50,67.33,0.85,10,-1,-1
172,147,614.09,521.44,67.03,27.23,0.96,4,-1,-1
172,210,927.33,424.00,20.54,19.96,1.00,4,-1,-1
172,211,1041.20,466.79,19.17,26.64,0.85,4,-1,-1
172,217,530.94,501.29,65.69,29.09,0.84,4,-1,-1
172,220,1071.08,489.21,42.53,25.49,0.97,4,-1,-1
172,206,982.71,366.49,14.46,14.45,0.96,4,-1,-1
172,221,368.12,514.43,60.85,28.33,0.94,5,-1,-1
172,225,533.07,518.11,68.46,27.59,0.88,4,-1,-1
172,232,481.31,1001.08,32.03,51.32,0.94,2,-1,-1
172,233,1002.08,391.86,13.24,14.03,0.90,4,-1,-1
172,234,1004.39,379.96,14.48,14.45,0.93,4,-1,-1
172,244,937.03,442.39,10.32,17.01,0.70,10,-1,-1
172,245,1028.99,400.03,14.55,14.45,0.99,4,-1,-1
172,249,392.17,498.84,71.40,31.97,0.99,4,-1,-1
172,213,415.55,581.11,89.58,35.27,0.99,4,-1,-1
172,255,409.87,600.88,95.93,36.43,0.95,4,-1,-1
172,256,515.21,597.07,44.52,25.02,0.77,7,-1,-1
172,237,1003.14,376.01,14.83,14.73,0.28,4,-1,-1
172,258,262.32,926.93,80.38,49.18,0.54,7,-1,-1
172,259,421.06,539.17,74.45,27.93,0.97,4,-1,-1
172,260,948.94,453.53,10.89,19.37,0.63,10,-1,-1
172,235,1012.06,422.56,13.44,13.44,0.20,4,-1,-1
172,267,931.74,428.20,16.88,19.89,0.97,4,-1,-1
172,268,1032.39,419.16,13.26,18.68,0.66,4,-1,-1
172,195,1030.26,442.13,17.44,20.38,0.89,4,-1,-1
173,19,968.65,472.79,25.23,24.28,0.98,4,-1,-1
173,22,966.23,506.04,27.62,28.42,1.00,4,-1,-1
173,25,1016.88,705.73,55.44,68.10,1.00,4,-1,-1
173,27,921.58,637.13,50.17,58.24,1.00,4,-1,-1
173,47,977.80,451.07,23.64,22.85,0.99,4,-1,-1
173,76,251.66,992.89,150.03,91.33,0.98,4,-1,-1
173,109,615.92,1006.67,113.63,80.37,0.67,4,-1,-1
173,110,993.87,425.82,18.76,18.37,0.98,4,-1,-1
173,114,492.40,773.92,99.75,102.81,0.93,4,-1,-1
173,119,373.40,880.38,139.47,122.84,1.00,4,-1,-1
173,120,995.67,404.75,19.26,18.71,0.99,4,-1,-1
173,129,1013.32,503.67,14.41,23.87,0.99,10,-1,-1
173,140,887.32,555.55,38.31,39.44,0.99,4,-1,-1
173,142,1184.45,1042.95,90.77,39.14,0.19,5,-1,-1
173,149,738.65,685.32,63.84,66.48,1.00,4,-1,-1
173,154,838.56,653.22,51.65,59.34,0.99,4,-1,-1
173,166,703.25,535.49,71.89,31.92,1.00,4,-1,-1
173,171,922.41,483.15,26.25,27.98,0.99,4,-1,-1
173,200,1177.32,953.09,27.52,59.07,0.79,10,-1,-1
173,147,609.80,524.16,67.31,27.10,0.91,4,-1,-1
173,210,925.96,425.34,21.30,20.72,1.00,4,-1,-1
173,211,1040.77,468.88,19.23,26.57,0.92,4,-1,-1
173,217,526.17,505.17,64.85,28.11,0.30,4,-1,-1
173,220,1070.78,492.13,43.13,24.52,1.00,4,-1,-1
173,206,982.43,367.77,14.42,14.01,0.98,4,-1,-1
173,221,359.25,516.91,63.30,28.97,0.92,5,-1,-1
173,225,528.18,521.07,68.58,27.23,0.74,4,-1,-1
173,233,1002.08,392.07,13.21,13.90,0.95,4,-1,-1
173,234,1004.53,380.31,14.42,14.41,0.94,4,-1,-1
173,244,936.12,443.82,10.68,16.92,0.85,10,-1,-1
173,245,1029.12,400.83,14.48,14.42,0.99,4,-1,-1
173,249,386.94,500.93,71.51,32.75,0.99,4,-1,-1
173,213,407.76,585.20,90.31,34.39,0.99,4,-1,-1
173,255,409.69,605.85,97.60,36.28,0.97,4,-1,-1
173,256,509.62,602.19,44.02,24.68,0.13,7,-1,-1
173,258,237.87,946.70,82.18,50.81,0.85,7,-1,-1
173,259,405.57,541.60,75.61,28.11,0.97,4,-1,-1
173,260,948.79,454.93,10.85,19.77,0.74,10,-1,-1
173,235,1011.32,423.76,13.30,13.30,0.73,4,-1,-1
173,195,1029.84,443.88,17.03,20.17,0.36,4,-1,-1
173,269,410.73,684.04,27.12,36.16,0.98,7,-1,-1
173,270,947.41,453.21,10.85,19.89,0.76,10,-1,-1
174,19,967.39,474.23,25.26,24.19,0.99,4,-1,-1
174,22,964.51,507.26,27.66,28.73,1.00,4,-1,-1
174,25,1015.64,708.02,56.26,68.60,1.00,4,-1,-1
174,27,919.33,640.57,50.50,59.68,1.00,4,-1,-1
174,47,976.89,451.92,23.96,22.91,0.96,4,-1,-1
174,76,234.75,1019.43,141.55,64.72,0.95,4,-1,-1
174,110,993.11,424.96,19.08,19.35,0.92,4,-1,-1
174,114,475.26,785.48,104.35,109.00,0.71,4,-1,-1
174,119,349.83,897.98,146.38,129.07,1.00,4,-1,-1
174,120,994.54,405.25,19.28,18.68,0.99,4,-1,-1
174,129,1012.38,506.02,14.44,23.58,1.00,10,-1,-1
174,140,883.63,561.76,38.75,40.30,0.99,4,-1,-1
174,149,727.28,698.87,67.66,70.99,1.00,4,-1,-1
174,154,831.70,664.44,52.98,62.10,0.99,4,-1,-1
174,166,691.66,539.09,74.21,32.79,0.99,4,-1,-1
174,171,919.39,486.32,27.30,28.34,0.98,4,-1,-1
174,200,1180.46,974.96,28.68,59.56,0.92,10,-1,-1
174,147,601.94,526.90,69.99,28.34,0.95,4,-1,-1
174,210,923.47,427.79,20.81,20.23,0.99,4,-1,-1
174,211,1040.04,470.93,18.48,26.19,0.85,4,-1,-1
174,217,519.35,508.34,64.24,27.39,0.44,4,-1,-1
174,220,1069.75,495.54,43.43,24.63,0.99,4,-1,-1
174,206,981.22,368.48,14.44,14.29,0.97,4,-1,-1
174,221,347.51,520.19,66.36,29.28,0.97,5,-1,-1
174,225,521.16,524.52,69.58,27.15,0.75,4,-1,-1
174,233,1001.03,392.26,14.05,13.88,0.97,4,-1,-1
174,234,1003.52,380.93,14.43,14.43,0.91,4,-1,-1
174,244,933.38,446.34,10.81,16.51,0.88,10,-1,-1
174,245,1028.16,401.42,15.31,14.85,0.96,4,-1,-1
174,249,377.78,503.78,72.04,32.67,0.99,4,-1,-1
174,213,397.66,590.31,91.15,34.56,0.99,4,-1,-1
174,255,408.57,611.86,97.89,36.97,0.98,4,-1,-1
174,258,210.36,966.95,83.81,55.63,0.56,7,-1,-1
174,259,387.55,545.44,77.42,28.67,0.94,4,-1,-1
174,260,947.99,459.87,9.97,17.30,0.35,10,-1,-1
174,235,1010.44,426.19,13.28,12.86,0.58,4,-1,-1
174,195,1029.09,446.15,16.93,19.71,0.69,4,-1,-1
174,269,398.52,690.10,26.75,39.21,1.00,7,-1,-1
174,271,264.88,929.93,65.09,40.98,0.95,3,-1,-1
174,272,472.50,789.51,106.07,106.07,0.66,4,-1,-1
174,273,931.14,393.85,16.88,16.27,0.83,4,-1,-1
175,19,966.52,476.05,26.09,23.76,1.00,4,-1,-1
175,22,963.88,508.79,28.50,28.87,0.99,4,-1,-1
175,25,1014.32,709.07,57.38,68.82,1.00,4,-1,-1
175,27,917.23,643.56,51.44,61.06,0.99,4,-1,-1
175,47,976.58,452.50,24.09,23.35,0.99,4,-1,-1
175,110,992.87,424.09,19.21,20.53,0.91,4,-1,-1
175,114,459.15,799.93,109.22,110.64,0.80,4,-1,-1
175,119,326.50,916.30,152.91,135.43,1.00,4,-1,-1
175,120,994.57,405.27,19.29,19.10,0.99,4,-1,-1
175,129,1012.46,507.56,13.63,23.90,1.00,10,-1,-1
175,140,879.85,567.67,39.70,41.84,1.00,4,-1,-1
175,149,716.23,712.99,70.67,75.89,0.99,4,-1,-1
175,154,824.32,675.38,55.84,66.32,0.98,4,-1,-1
175,166,681.40,543.56,74.28,32.74,1.00,4,-1,-1
175,171,917.89,489.51,27.70,28.88,0.99,4,-1,-1
175,200,1184.33,997.67,29.89,66.11,0.91,10,-1,-1
175,147,596.93,530.02,70.20,28.83,0.96,4,-1,-1
175,210,921.35,429.49,21.44,21.69,0.99,4,-1,-1
175,211,1039.81,473.77,19.02,26.46,0.64,4,-1,-1
175,217,512.65,510.77,66.08,28.00,0.78,4,-1,-1
175,220,1071.04,497.84,42.73,25.10,0.99,4,-1,-1
175,206,980.83,369.35,14.45,14.40,0.98,4,-1,-1
175,221,336.86,523.27,69.52,29.85,0.96,5,-1,-1
175,225,513.80,527.26,71.99,27.98,0.92,4,-1,-1
175,233,1001.50,392.36,14.36,13.88,0.67,4,-1,-1
175,234,1003.60,380.98,14.43,14.45,0.81,4,-1,-1
175,244,931.57,447.83,11.69,18.03,0.97,10,-1,-1
175,245,1027.86,402.07,15.62,15.02,0.97,4,-1,-1
175,249,366.99,506.24,75.93,33.50,1.00,4,-1,-1
175,213,387.71,594.79,92.68,36.31,0.99,4,-1,-1
175,255,407.53,617.88,98.83,38.12,0.98,4,-1,-1
175,258,181.34,990.54,87.25,57.38,0.42,7,-1,-1
175,259,370.12,548.20,79.31,29.33,0.96,4,-1,-1
175,260,947.17,459.53,10.57,18.71,0.76,10,-1,-1
175,235,1010.57,428.32,13.27,13.13,0.34,4,-1,-1
175,195,1028.86,448.67,16.89,19.95,0.83,4,-1,-1
175,269,384.89,699.51,26.22,38.97,0.98,7,-1,-1
175,271,241.51,948.67,69.72,44.09,0.70,3,-1,-1
175,273,930.38,394.90,17.91,17.32,0.61,4,-1,-1
175,274,286.88,590.93,82.57,38.27,0.76,4,-1,-1
175,275,946.21,455.63,10.85,16.88,0.67,10,-1,-1
176,19,965.21,476.03,26.33,24.35,0.99,4,-1,-1
176,22,963.09,509.59,28.74,28.83,0.99,4,-1,-1
176,25,1013.59,709.51,56.84,68.68,1.00,4,-1,-1
176,27,914.87,645.70,51.66,62.18,1.00,4,-1,-1
176,47,975.83,452.68,24.07,23.44,0.99,4,-1,-1
176,110,993.31,425.59,18.39,19.32,0.96,4,-1,-1
176,114,443.30,812.28,113.10,113.95,0.82,4,-1,-1
176,119,304.33,933.94,158.43,138.13,1.00,4,-1,-1
176,120,993.05,405.19,20.06,19.60,0.99,4,-1,-1
176,129,1011.79,508.74,13.30,23.95,1.00,10,-1,-1
176,140,875.79,573.00,40.73,42.66,0.99,4,-1,-1
176,149,704.16,726.81,73.94,79.06,1.00,4,-1,-1
176,154,816.81,686.12,58.33,70.03,0.99,4,-1,-1
176,166,671.64,546.98,73.23,32.59,1.00,4,-1,-1
176,171,915.71,491.51,27.77,29.79,0.98,4,-1,-1
176,147,592.65,533.02,69.85,28.89,0.95,4,-1,-1
176,210,918.91,430.93,21.61,21.74,0.99,4,-1,-1
176,211,1038.51,474.06,19.98,28.11,0.83,4,-1,-1
176,217,507.20,514.22,65.76,27.71,0.76,4,-1,-1
176,220,1071.05,499.26,42.34,25.59,0.96,4,-1,-1
176,206,980.01,369.67,14.42,14.40,0.94,4,-1,-1
176,221,327.29,525.79,71.70,29.95,0.98,5,-1,-1
176,225,507.91,530.15,71.87,28.17,0.89,4,-1,-1
176,233,999.75,391.73,15.24,14.25,0.76,4,-1,-1
176,234,1002.89,380.77,14.40,14.82,0.74,4,-1,-1
176,244,928.82,449.74,12.78,18.11,0.92,10,-1,-1
176,245,1026.95,402.20,15.68,15.45,0.97,4,-1,-1
176,249,360.35,509.58,75.90,32.03,0.99,4,-1,-1
176,213,378.85,599.32,93.76,37.21,1.00,4,-1,-1
176,255,405.89,623.31,100.13,38.39,0.99,4,-1,-1
176,258,158.52,1010.48,85.71,60.13,0.45,7,-1,-1
176,259,353.89,551.10,80.56,29.03,0.92,4,-1,-1
176,260,945.53,460.36,11.58,19.06,0.89,10,-1,-1
176,235,1009.49,429.09,13.23,14.01,0.70,4,-1,-1
176,195,1027.18,449.54,16.84,20.37,0.79,4,-1,-1
176,269,372.25,705.82,26.43,41.50,0.99,7,-1,-1
176,271,217.90,968.40,71.25,45.56,0.89,3,-1,-1
176,274,277.20,595.94,81.00,38.64,0.89,4,-1,-1
176,275,945.41,457.93,10.88,16.45,0.72,10,-1,-1
176,276,375.77,778.66,22.90,51.83,0.74,1,-1,-1
176,277,377.28,837.72,46.41,48.21,0.90,10,-1,-1
176,278,990.80,350.16,10.85,11.45,0.62,4,-1,-1
176,279,1394.60,564.41,91.61,40.98,0.65,4,-1,-1
177,19,964.05,477.30,27.29,25.05,0.99,4,-1,-1
177,22,962.91,511.46,28.89,29.33,0.99,4,-1,-1
177,25,1013.43,712.68,56.74,68.04,1.00,4,-1,-1
177,27,913.49,650.42,51.83,62.00,0.99,4,-1,-1
177,47,975.33,453.99,24.93,23.96,1.00,4,-1,-1
177,110,993.71,427.20,18.13,18.90,0.97,4,-1,-1
177,114,423.84,826.69,118.70,119.51,0.90,4,-1,-1
177,119,280.56,955.33,162.48,127.89,1.00,4,-1,-1
177,120,993.19,406.08,20.39,19.85,0.99,4,-1,-1
177,129,1011.34,512.00,14.05,23.23,1.00,10,-1,-1
177,140,871.77,580.39,41.98,43.90,1.00,4,-1,-1
177,149,690.26,743.37,78.44,84.42,1.00,4,-1,-1
177,154,808.49,700.29,61.73,73.26,0.97,4,-1,-1
177,166,661.07,551.44,73.78,32.68,1.00,4,-1,-1
177,171,913.33,494.89,28.65,30.62,0.99,4,-1,-1
177,147,586.37,536.65,70.89,29.45,0.96,4,-1,-1
177,210,916.48,433.76,22.53,22.23,1.00,4,-1,-1
177,211,1038.81,476.87,19.57,28.01,0.78,4,-1,-1
177,217,499.63,518.52,66.20,26.91,0.72,4,-1,-1
177,220,1069.42,502.78,46.38,25.88,0.97,4,-1,-1
177,206,979.96,370.57,14.44,14.86,0.92,4,-1,-1
177,221,316.21,529.84,73.47,29.32,0.99,5,-1,-1
177,225,500.18,534.68,71.18,27.97,0.78,4,-1,-1
177,233,999.83,392.37,14.81,14.43,0.60,4,-1,-1
177,234,1002.52,381.74,14.42,14.20,0.70,4,-1,-1
177,244,927.50,453.22,13.22,18.19,0.89,10,-1,-1
177,245,1027.39,403.76,15.73,15.66,0.95,4,-1,-1
177,249,350.41,512.68,78.05,32.03,1.00,4,-1,-1
177,213,368.21,604.88,94.78,38.33,0.99,4,-1,-1
177,255,401.30,629.44,103.31,40.32,1.00,4,-1,-1
177,259,337.06,555.13,80.35,29.05,0.88,4,-1,-1
177,260,945.03,463.66,11.97,18.42,0.89,10,-1,-1
177,235,1009.80,431.13,13.25,14.77,0.29,4,-1,-1
177,195,1027.72,451.10,16.85,21.39,0.81,4,-1,-1
177,269,357.10,715.27,26.98,42.40,0.99,7,-1,-1
177,271,189.88,993.72,69.23,45.21,0.36,3,-1,-1
177,274,264.01,599.99,82.62,40.01,0.91,4,-1,-1
177,276,360.82,790.45,24.91,55.94,0.73,1,-1,-1
177,277,359.88,848.83,49.01,52.32,0.91,10,-1,-1
177,279,1399.50,568.36,93.94,43.16,0.84,4,-1,-1
177,280,1038.42,476.72,19.29,27.72,0.84,4,-1,-1
178,19,962.82,477.60,27.60,25.63,0.98,4,-1,-1
178,22,961.67,511.90,28.89,29.42,1.00,4,-1,-1
178,25,1011.81,713.92,56.61,65.93,0.99,4,-1,-1
178,27,910.84,653.62,51.81,63.32,0.99,4,-1,-1
178,47,974.29,454.36,25.20,24.07,0.99,4,-1,-1
178,110,991.27,426.93,19.67,19.52,0.97,4,-1,-1
178,114,405.99,841.49,123.70,122.75,0.91,4,-1,-1
178,119,262.92,977.18,161.52,107.35,1.00,4,-1,-1
178,120,992.28,406.82,20.47,19.47,0.99,4,-1,-1
178,129,1009.49,513.11,15.10,24.56,0.99,10,-1,-1
178,140,867.44,586.66,43.15,44.60,0.99,4,-1,-1
178,149,677.01,758.95,82.33,89.27,0.99,4,-1,-1
178,154,800.49,713.11,64.47,75.78,0.99,4,-1,-1
178,166,648.56,555.12,76.22,33.38,0.99,4,-1,-1
178,171,911.01,497.91,28.92,30.42,0.99,4,-1,-1
178,147,580.52,539.93,71.31,29.93,0.96,4,-1,-1
178,210,914.08,436.36,22.02,21.94,0.99,4,-1,-1
178,211,1037.90,478.07,19.37,28.67,0.78,4,-1,-1
178,217,493.10,520.52,67.04,28.17,0.70,4,-1,-1
178,220,1068.17,504.53,46.95,26.70,0.99,4,-1,-1
178,206,979.01,371.39,14.42,14.58,0.90,4,-1,-1
178,221,307.17,533.17,75.63,30.19,0.99,5,-1,-1
178,225,492.97,537.77,70.73,28.17,0.80,4,-1,-1
178,233,998.86,392.45,14.60,14.45,0.23,4,-1,-1
178,234,1001.39,382.17,14.41,13.91,0.64,4,-1,-1
178,244,925.87,456.01,13.36,18.16,0.89,10,-1,-1
178,245,1026.92,404.91,15.72,15.68,0.95,4,-1,-1
178,249,343.10,515.40,78.64,32.73,0.99,4,-1,-1
178,213,357.75,609.20,97.33,40.98,0.99,4,-1,-1
178,255,398.96,635.88,104.62,40.84,1.00,4,-1,-1
178,259,321.03,558.47,80.02,29.76,0.50,4,-1,-1
178,260,944.06,463.61,12.09,20.25,0.87,10,-1,-1
178,235,1008.54,432.76,13.23,15.02,0.21,4,-1,-1
178,195,1026.94,451.90,16.83,22.10,0.91,4,-1,-1
178,269,343.58,723.96,28.01,43.38,0.82,7,-1,-1
178,271,161.71,1017.45,72.26,45.76,0.86,3,-1,-1
178,274,246.29,604.91,90.16,40.95,0.97,4,-1,-1
178,276,347.36,803.66,24.84,56.71,0.94,1,-1,-1
178,277,342.50,863.69,48.12,53.08,0.97,10,-1,-1
178,279,1403.63,572.70,94.34,41.68,0.71,4,-1,-1
179,19,961.42,478.14,27.71,26.25,0.99,4,-1,-1
179,22,960.67,512.71,28.90,29.87,1.00,4,-1,-1
179,25,1010.29,715.74,55.77,66.00,0.99,4,-1,-1
179,27,908.11,657.66,51.81,64.62,0.99,4,-1,-1
179,47,973.36,455.13,25.30,24.52,1.00,4,-1,-1
179,110,988.67,427.05,20.21,18.93,0.96,4,-1,-1
179,114,385.01,856.10,129.50,130.23,0.81,4,-1,-1
179,119,247.27,1000.34,156.22,83.89,1.00,4,-1,-1
179,120,991.41,407.33,20.50,19.33,1.00,4,-1,-1
179,129,1007.88,513.93,15.50,25.84,0.99,10,-1,-1
179,140,862.91,593.33,43.59,46.44,0.99,4,-1,-1
179,149,661.71,777.66,86.15,93.46,1.00,4,-1,-1
179,154,791.07,728.10,66.29,79.06,1.00,4,-1,-1
179,166,635.13,558.65,77.93,34.45,0.99,4,-1,-1
179,171,908.02,501.22,29.82,30.74,0.98,4,-1,-1
179,147,574.37,543.55,71.67,30.11,0.96,4,-1,-1
179,210,910.64,438.52,23.45,22.22,0.99,4,-1,-1
179,211,1036.64,479.31,20.12,29.71,0.89,4,-1,-1
179,217,485.68,524.06,67.36,29.83,0.46,4,-1,-1
179,220,1068.38,507.18,46.36,26.61,0.99,4,-1,-1
179,206,977.71,371.89,15.24,14.88,0.98,4,-1,-1
179,221,297.13,536.38,77.22,30.92,0.99,5,-1,-1
179,225,485.72,541.31,71.40,28.25,0.72,4,-1,-1
179,233,996.75,393.71,15.34,15.27,0.62,4,-1,-1
179,234,1000.44,382.74,15.23,13.82,0.85,4,-1,-1
179,244,923.93,458.02,13.40,18.96,0.93,10,-1,-1
179,245,1025.41,405.74,16.53,16.09,0.97,4,-1,-1
179,249,334.22,518.18,79.64,33.80,0.99,4,-1,-1
179,213,345.82,615.91,98.67,40.40,0.99,4,-1,-1
179,255,394.74,642.21,107.54,41.85,1.00,4,-1,-1
179,259,306.01,561.88,77.83,30.84,0.14,4,-1,-1
179,260,943.56,464.42,12.13,21.68,0.88,10,-1,-1
179,235,1005.92,432.56,14.87,16.31,0.47,4,-1,-1
179,195,1026.14,453.19,17.65,22.36,0.95,4,-1,-1
179,269,326.23,733.08,29.20,46.22,0.97,7,-1,-1
179,271,129.95,1041.95,76.03,38.04,0.37,3,-1,-1
179,274,230.33,611.21,94.71,40.31,0.80,4,-1,-1
179,276,329.48,817.64,26.19,56.87,0.98,1,-1,-1
179,277,322.28,881.39,47.72,54.18,0.93,10,-1,-1
179,279,1407.10,576.79,96.20,42.75,0.60,4,-1,-1
179,281,272.41,651.50,20.79,40.98,0.87,1,-1,-1
179,282,915.47,442.06,19.29,22.90,0.77,10,-1,-1
179,273,925.11,397.18,19.28,18.68,0.86,4,-1,-1
180,19,959.83,479.35,27.81,26.53,0.99,4,-1,-1
180,22,958.82,514.08,29.77,29.69,1.00,4,-1,-1
180,25,1007.93,717.87,57.20,66.98,1.00,4,-1,-1
180,27,904.33,662.11,52.72,65.22,0.97,4,-1,-1
180,47,971.96,455.98,25.39,24.73,1.00,4,-1,-1
180,110,986.64,427.42,20.46,19.16,0.96,4,-1,-1
180,114,361.03,872.26,136.24,138.00,0.98,4,-1,-1
180,119,231.38,1027.86,149.34,56.79,0.27,4,-1,-1
180,120,990.06,408.00,20.55,19.32,1.00,4,-1,-1
180,129,1006.28,515.48,15.68,25.97,0.99,10,-1,-1
180,140,856.81,601.33,44.61,47.22,1.00,4,-1,-1
180,149,644.11,797.25,90.87,100.64,0.99,4,-1,-1
180,154,779.46,743.81,69.44,84.33,1.00,4,-1,-1
180,166,621.38,562.86,78.70,34.91,0.99,4,-1,-1
180,171,904.94,505.25,30.21,30.91,0.99,4,-1,-1
180,147,565.90,547.18,72.74,30.63,0.97,4,-1,-1
180,210,908.20,441.62,23.23,21.96,1.00,4,-1,-1
180,211,1034.84,480.75,21.23,31.75,0.94,4,-1,-1
180,217,477.19,528.03,70.45,30.51,0.72,4,-1,-1
180,220,1068.42,509.79,46.20,27.42,0.97,4,-1,-1
180,206,975.78,372.45,15.57,15.02,0.99,4,-1,-1
180,221,285.65,540.26,77.85,30.85,0.99,4,-1,-1
180,225,476.91,545.30,72.99,28.33,0.68,4,-1,-1
180,233,994.96,394.22,15.63,15.60,0.43,4,-1,-1
180,234,999.08,383.38,15.56,13.81,0.81,4,-1,-1
180,244,920.88,460.68,13.43,19.28,0.80,10,-1,-1
180,245,1023.89,406.70,16.85,16.28,0.97,4,-1,-1
180,249,323.35,521.25,80.13,34.27,0.99,4,-1,-1
180,213,331.50,622.45,100.54,41.02,0.99,4,-1,-1
180,255,388.16,649.76,108.81,42.29,0.99,4,-1,-1
180,259,286.16,567.05,77.43,30.49,0.44,4,-1,-1
180,260,942.27,466.25,12.16,21.87,0.90,10,-1,-1
180,235,1003.57,434.34,15.48,16.82,0.25,4,-1,-1
180,195,1024.89,455.02,17.18,22.49,0.43,4,-1,-1
180,269,307.74,744.18,30.40,47.31,0.87,7,-1,-1
180,274,213.98,616.96,95.98,40.98,0.96,4,-1,-1
180,276,309.66,833.38,27.97,58.76,0.99,1,-1,-1
180,277,299.49,901.50,47.32,54.56,0.98,10,-1,-1
180,279,1412.85,581.93,96.86,42.01,0.99,4,-1,-1
180,281,255.61,659.40,20.40,40.21,0.51,1,-1,-1
180,273,923.40,397.88,18.53,17.92,0.18,4,-1,-1
180,283,1506.70,559.89,81.96,36.76,0.78,4,-1,-1
181,19,959.81,480.00,27.79,27.03,0.99,4,-1,-1
181,22,958.28,515.55,30.86,29.61,1.00,4,-1,-1
181,25,1008.22,720.11,56.01,66.52,0.99,4,-1,-1
181,27,903.84,666.34,51.34,64.61,0.99,4,-1,-1
181,47,972.01,457.12,25.37,23.99,1.00,4,-1,-1
181,110,986.08,428.01,20.52,19.24,0.97,4,-1,-1
181,114,338.57,888.73,142.06,144.08,1.00,4,-1,-1
181,120,990.15,408.52,20.53,19.72,1.00,4,-1,-1
181,129,1007.02,517.44,14.91,25.61,0.99,10,-1,-1
181,140,852.77,609.20,45.70,48.28,1.00,4,-1,-1
181,149,626.41,818.01,96.37,108.78,0.99,4,-1,-1
181,154,769.39,760.95,72.83,88.66,1.00,4,-1,-1
181,166,609.90,567.40,79.05,34.31,0.99,4,-1,-1
181,171,903.24,508.22,31.10,31.76,0.99,4,-1,-1
181,147,560.90,551.10,73.04,30.45,0.98,4,-1,-1
181,210,905.99,443.50,23.89,22.67,1.00,4,-1,-1
181,211,1035.50,482.89,20.82,32.13,0.94,4,-1,-1
181,217,471.89,531.82,69.50,29.60,0.45,4,-1,-1
181,220,1068.08,513.16,47.69,27.34,1.00,4,-1,-1
181,206,975.71,373.14,15.67,15.89,1.00,4,-1,-1
181,221,276.34,543.08,79.94,32.07,0.98,4,-1,-1
181,225,470.05,547.47,75.53,30.02,0.78,4,-1,-1
181,233,995.72,394.90,14.91,15.72,0.63,4,-1,-1
181,234,999.20,383.69,15.66,13.82,0.91,4,-1,-1
181,244,919.59,463.00,13.40,19.39,0.87,10,-1,-1
181,245,1024.31,407.34,16.94,16.74,0.85,4,-1,-1
181,249,314.54,523.58,82.19,35.28,1.00,4,-1,-1
181,213,320.01,628.13,102.30,42.08,0.99,4,-1,-1
181,255,385.85,657.04,107.89,43.29,0.99,4,-1,-1
181,259,268.71,570.28,77.30,31.59,0.53,4,-1,-1
181,260,942.79,467.88,11.32,21.11,0.79,10,-1,-1
181,235,1004.48,436.64,14.11,16.62,0.35,4,-1,-1
181,195,1024.95,457.95,16.96,22.12,0.92,4,-1,-1
181,269,290.99,754.17,30.04,49.27,0.56,7,-1,-1
181,274,198.48,622.33,99.77,42.08,0.94,4,-1,-1
181,276,291.84,847.31,28.72,61.06,0.97,1,-1,-1
181,277,277.98,917.60,51.49,57.24,0.91,10,-1,-1
181,279,1417.47,586.36,98.66,42.43,0.98,4,-1,-1
181,281,240.48,664.99,21.95,41.95,0.84,1,-1,-1
181,284,221.79,701.52,89.20,60.27,0.98,4,-1,-1
181,285,1025.76,434.53,13.26,18.68,0.72,4,-1,-1
182,19,958.29,481.01,28.59,26.78,0.99,4,-1,-1
182,22,957.38,516.66,30.45,29.96,0.99,4,-1,-1
182,25,1005.64,720.53,56.37,67.92,1.00,4,-1,-1
182,27,900.24,669.56,52.45,65.89,0.99,4,-1,-1
182,47,970.48,458.16,25.36,23.67,1.00,4,-1,-1
182,110,985.52,428.66,20.53,19.66,0.99,4,-1,-1
182,114,315.48,906.66,148.08,150.87,0.95,4,-1,-1
182,120,989.41,408.53,20.52,19.84,1.00,4,-1,-1
182,129,1005.74,519.51,14.60,25.03,0.99,10,-1,-1
182,140,847.15,617.33,46.87,49.39,1.00,4,-1,-1
182,149,607.18,840.55,101.72,116.43,0.99,4,-1,-1
182,154,758.14,778.32,76.42,93.31,1.00,4,-1,-1
182,166,596.24,571.48,79.51,34.81,0.99,4,-1,-1
182,171,900.79,511.43,31.41,32.03,0.99,4,-1,-1
182,147,553.92,554.60,74.31,30.72,0.98,4,-1,-1
182,210,903.72,446.38,23.33,22.50,0.98,4,-1,-1
182,211,1034.97,485.01,21.45,32.21,0.86,4,-1,-1
182,217,463.85,537.38,69.88,28.77,0.84,4,-1,-1
182,220,1066.77,515.89,49.01,27.66,0.99,4,-1,-1
182,206,974.50,373.83,15.69,16.19,0.99,4,-1,-1
182,221,267.13,546.88,80.24,31.66,0.99,4,-1,-1
182,225,462.30,549.93,76.82,31.39,0.62,4,-1,-1
182,233,994.81,395.18,14.62,15.74,0.54,4,-1,-1
182,234,999.25,383.64,14.88,14.22,0.82,4,-1,-1
182,244,917.23,466.22,13.38,18.20,0.90,10,-1,-1
182,245,1023.26,408.36,16.96,16.09,0.53,4,-1,-1
182,249,306.13,527.20,82.78,35.19,1.00,4,-1,-1
182,213,307.61,634.06,103.66,42.39,1.00,4,-1,-1
182,255,381.75,664.30,110.27,44.38,0.99,4,-1,-1
182,259,250.52,573.58,75.65,30.73,0.88,4,-1,-1
182,260,941.83,470.06,10.15,19.54,0.80,10,-1,-1
182,235,1002.82,438.88,14.37,16.10,0.55,4,-1,-1
182,195,1024.62,459.60,16.06,21.93,0.34,4,-1,-1
182,269,274.49,765.11,30.07,49.91,0.88,7,-1,-1
182,274,180.73,628.20,105.89,42.39,0.96,4,-1,-1
182,276,272.32,862.42,30.82,64.30,0.98,1,-1,-1
182,277,254.49,937.92,50.34,58.92,0.99,10,-1,-1
182,279,1420.82,591.08,100.88,42.07,0.98,4,-1,-1
182,281,223.85,671.76,21.52,43.36,0.57,1,-1,-1
182,284,201.13,710.16,94.34,68.25,0.98,4,-1,-1
183,19,957.15,482.54,28.09,26.25,0.99,4,-1,-1
183,22,955.70,517.80,30.30,29.66,0.98,4,-1,-1
183,25,1003.48,721.36,56.54,68.40,1.00,4,-1,-1
183,27,897.30,673.45,52.08,65.51,1.00,4,-1,-1
183,47,968.93,459.07,25.36,23.54,0.99,4,-1,-1
183,110,983.91,430.03,21.35,19.80,1.00,4,-1,-1
183,114,290.63,925.70,155.07,150.20,0.99,4,-1,-1
183,120,988.12,408.87,20.52,19.87,0.99,4,-1,-1
183,129,1003.93,521.16,15.33,24.79,0.98,10,-1,-1
183,140,841.04,625.39,48.11,50.54,1.00,4,-1,-1
183,149,586.18,865.04,108.25,124.67,0.99,4,-1,-1
183,154,745.74,797.27,79.38,98.10,1.00,4,-1,-1
183,166,581.93,576.26,81.47,34.94,0.97,4,-1,-1
183,171,898.15,514.92,31.53,32.10,0.99,4,-1,-1
183,147,546.33,558.00,74.98,30.76,0.96,4,-1,-1
183,210,900.31,448.58,23.92,22.81,0.99,4,-1,-1
183,211,1034.19,486.65,20.90,33.00,0.92,4,-1,-1
183,220,1066.10,518.72,50.30,28.15,0.98,4,-1,-1
183,206,972.60,374.01,16.52,16.29,0.98,4,-1,-1
183,221,256.78,550.61,81.21,32.67,0.99,4,-1,-1
183,225,453.43,552.21,78.91,33.05,0.86,4,-1,-1
183,233,993.47,395.61,14.52,15.73,0.61,4,-1,-1
183,234,997.84,383.33,15.42,14.36,0.46,4,-1,-1
183,244,915.00,469.36,13.38,18.13,0.93,10,-1,-1
183,245,1022.25,409.24,16.97,16.23,0.31,4,-1,-1
183,249,296.40,530.63,83.47,35.49,1.00,4,-1,-1
183,213,294.04,639.26,105.75,44.02,0.99,4,-1,-1
183,255,377.46,672.71,111.93,45.50,0.99,4,-1,-1
183,259,227.10,577.26,79.10,33.22,0.79,4,-1,-1
183,260,940.13,471.98,10.61,19.78,0.86,10,-1,-1
183,235,1000.84,441.61,15.28,15.87,0.91,4,-1,-1
183,269,255.59,775.69,32.13,52.48,0.61,7,-1,-1
183,274,165.30,634.21,107.71,44.07,0.98,4,-1,-1
183,276,253.00,880.03,29.40,66.24,0.98,1,-1,-1
183,277,228.73,951.99,60.24,67.73,0.78,10,-1,-1
183,279,1425.45,595.58,101.64,42.74,0.99,4,-1,-1
183,281,206.81,678.35,21.31,44.62,0.72,1,-1,-1
183,284,177.48,718.43,103.25,71.63,0.99,4,-1,-1
183,286,1316.25,600.27,84.38,36.16,0.94,4,-1,-1
184,19,956.18,483.46,27.84,25.60,0.99,4,-1,-1
184,22,954.51,518.30,30.19,29.92,0.99,4,-1,-1
184,25,1001.23,721.49,57.35,68.49,0.99,4,-1,-1
184,27,893.73,676.74,52.67,67.70,1.00,4,-1,-1
184,47,967.77,459.37,25.32,23.46,0.99,4,-1,-1
184,110,983.10,430.36,20.83,19.02,1.00,4,-1,-1
184,114,267.37,944.39,159.79,139.22,0.98,4,-1,-1
184,120,987.03,408.82,20.49,20.27,0.99,4,-1,-1
184,129,1003.02,522.03,14.77,25.09,0.97,10,-1,-1
184,140,835.24,633.74,49.27,52.47,1.00,4,-1,-1
184,149,562.58,891.54,115.78,131.52,0.99,4,-1,-1
184,154,731.88,816.80,84.24,104.40,1.00,4,-1,-1
184,166,567.43,579.72,83.07,36.16,0.96,4,-1,-1
184,171,895.52,517.83,31.51,32.47,0.99,4,-1,-1
184,147,539.19,561.40,76.12,31.55,0.98,4,-1,-1
184,210,897.39,451.12,24.10,22.89,1.00,4,-1,-1
184,211,1033.25,487.74,20.64,33.24,0.94,9,-1,-1
184,220,1065.94,520.80,49.91,28.69,0.98,4,-1,-1
184,206,971.71,374.73,16.00,15.90,0.98,4,-1,-1
184,221,246.96,553.52,82.61,33.79,0.99,4,-1,-1
184,225,445.59,555.35,80.36,33.24,0.97,4,-1,-1
184,233,993.18,395.62,13.64,15.71,0.59,4,-1,-1
184,234,997.09,383.28,14.78,14.80,0.81,4,-1,-1
184,244,912.49,472.01,13.35,18.08,0.98,10,-1,-1
184,245,1022.03,409.98,16.14,16.26,0.82,4,-1,-1
184,249,286.89,533.65,85.18,35.95,0.99,4,-1,-1
184,213,281.42,645.31,107.15,44.56,0.99,4,-1,-1
184,255,372.27,679.10,115.19,47.45,0.99,4,-1,-1
184,259,205.27,579.90,80.64,35.24,0.91,4,-1,-1
184,260,938.53,475.03,10.74,19.83,0.87,10,-1,-1
184,235,999.87,443.78,15.59,15.76,0.66,4,-1,-1
184,269,236.66,787.03,32.24,53.34,0.33,10,-1,-1
184,274,151.48,640.20,109.10,44.61,0.97,4,-1,-1
184,276,232.37,896.63,29.93,68.43,0.99,1,-1,-1
184,277,203.03,969.76,65.70,72.39,0.34,10,-1,-1
184,279,1429.88,599.34,103.37,43.98,0.99,4,-1,-1
184,281,189.81,684.93,22.08,45.80,0.90,1,-1,-1
184,284,154.80,727.78,109.68,75.38,0.97,4,-1,-1
184,286,1320.87,606.17,86.56,40.14,0.53,4,-1,-1
184,287,168.60,690.67,19.59,40.98,0.81,1,-1,-1
184,288,1023.95,441.16,13.26,20.49,0.68,4,-1,-1
184,273,919.00,401.53,19.31,18.17,0.79,4,-1,-1
185,19,956.13,485.13,27.81,25.87,0.97,4,-1,-1
185,22,954.33,520.12,30.21,30.54,1.00,4,-1,-1
185,25,1000.22,724.06,56.94,69.60,0.99,4,-1,-1
185,27,890.34,681.76,53.80,68.75,1.00,4,-1,-1
185,47,967.69,460.96,25.36,23.94,0.97,4,-1,-1
185,110,983.67,431.29,20.66,19.21,1.00,4,-1,-1
185,114,248.06,966.42,157.88,120.56,0.99,4,-1,-1
185,120,987.08,409.75,20.52,20.09,0.99,4,-1,-1
185,129,1003.10,523.82,14.56,25.69,0.99,10,-1,-1
185,140,829.75,643.98,50.59,54.98,0.99,4,-1,-1
185,149,534.45,922.80,125.06,139.30,0.99,4,-1,-1
185,154,717.37,839.89,88.58,111.87,1.00,4,-1,-1
185,166,551.92,584.95,84.47,36.60,0.99,4,-1,-1
185,171,893.47,521.83,33.17,33.13,0.99,4,-1,-1
185,147,530.99,565.35,78.35,32.41,0.96,4,-1,-1
185,210,894.90,454.20,25.01,23.41,1.00,4,-1,-1
185,211,1033.42,492.55,21.39,32.24,0.84,9,-1,-1
185,220,1067.31,525.28,50.66,28.23,0.99,4,-1,-1
185,206,971.85,376.23,15.83,15.81,0.99,4,-1,-1
185,221,233.98,556.97,84.33,35.20,0.99,4,-1,-1
185,225,436.86,559.71,81.89,33.48,0.96,4,-1,-1
185,233,993.12,397.14,14.18,15.75,0.62,4,-1,-1
185,234,997.73,383.54,14.56,15.02,0.86,4,-1,-1
185,244,911.78,474.37,13.35,20.17,0.93,10,-1,-1
185,245,1022.10,411.43,15.84,15.92,0.97,4,-1,-1
185,249,275.93,536.73,86.02,37.12,0.99,4,-1,-1
185,213,265.85,652.19,110.32,45.80,0.99,4,-1,-1
185,255,365.68,688.25,117.48,49.23,0.99,4,-1,-1
185,259,181.98,583.84,80.40,36.02,0.86,4,-1,-1
185,260,938.18,478.01,10.81,19.51,0.89,10,-1,-1
185,235,999.63,446.81,14.94,15.78,0.50,4,-1,-1
185,274,133.57,646.50,111.74,45.84,0.97,4,-1,-1
185,276,208.74,916.33,29.71,67.04,0.97,1,-1,-1
185,277,174.49,1000.62,55.03,69.83,0.47,10,-1,-1
185,279,1437.39,606.59,104.22,44.44,0.99,4,-1,-1
185,281,170.30,693.65,22.35,46.31,0.89,1,-1,-1
185,284,141.76,737.95,104.79,70.74,0.99,4,-1,-1
185,286,1317.51,611.78,96.46,41.10,0.91,4,-1,-1
185,287,149.73,699.40,19.72,41.20,0.73,1,-1,-1
185,288,1023.40,443.70,13.31,20.12,0.61,4,-1,-1
185,273,918.62,402.11,19.40,18.21,0.39,4,-1,-1
185,289,937.17,475.51,12.05,19.29,0.83,10,-1,-1
185,290,976.94,445.68,15.67,18.08,0.60,4,-1,-1
185,291,1586.25,789.51,40.98,50.62,0.93,10,-1,-1
186,19,954.75,485.02,27.73,26.25,0.97,4,-1,-1
186,22,953.36,520.55,30.14,31.03,0.99,4,-1,-1
186,25,998.21,724.20,57.48,68.89,0.99,4,-1,-1
186,27,887.42,685.43,54.10,68.81,1.00,4,-1,-1
186,47,967.05,460.69,25.31,24.41,0.96,4,-1,-1
186,110,982.77,431.29,20.54,19.61,1.00,4,-1,-1
186,114,230.54,987.83,156.53,97.18,0.97,4,-1,-1
186,120,986.36,409.63,20.48,19.92,0.99,4,-1,-1
186,129,1002.07,524.95,14.47,25.81,0.99,10,-1,-1
186,140,823.88,652.45,51.73,57.23,1.00,4,-1,-1
186,149,510.17,952.50,131.43,127.86,0.98,4,-1,-1
186,154,702.92,861.86,93.88,118.83,1.00,4,-1,-1
186,166,537.25,588.59,86.49,36.52,1.00,4,-1,-1
186,171,891.26,524.46,32.91,34.01,1.00,4,-1,-1
186,147,525.53,568.82,78.11,32.11,0.98,4,-1,-1
186,210,892.04,456.96,25.29,23.49,0.99,4,-1,-1
186,211,1033.06,494.52,20.82,32.09,0.93,9,-1,-1
186,220,1066.90,527.33,51.57,28.28,0.99,4,-1,-1
186,206,970.77,377.04,15.72,15.69,0.99,4,-1,-1
186,221,225.13,560.83,84.66,34.70,0.99,4,-1,-1
186,225,429.35,562.89,82.99,34.54,0.97,4,-1,-1
186,233,991.94,397.47,14.34,15.69,0.58,4,-1,-1
186,234,996.75,383.63,14.45,15.04,0.88,4,-1,-1
186,244,910.35,476.33,12.51,20.84,0.65,10,-1,-1
186,245,1020.86,412.24,15.70,16.13,0.98,4,-1,-1
186,249,267.39,540.28,86.82,36.91,0.99,4,-1,-1
186,213,253.38,658.49,112.63,45.95,0.99,4,-1,-1
186,255,361.85,696.32,115.92,49.57,1.00,4,-1,-1
186,260,937.98,478.17,10.00,20.13,0.90,10,-1,-1
186,235,998.40,448.88,15.45,16.11,0.61,4,-1,-1
186,274,119.77,653.15,113.31,45.98,0.98,4,-1,-1
186,276,187.22,935.99,30.39,69.36,0.98,1,-1,-1
186,279,1441.12,611.11,105.78,44.74,0.98,4,-1,-1
186,281,154.04,700.98,22.20,47.08,0.82,1,-1,-1
186,284,126.25,747.37,105.26,71.08,0.87,4,-1,-1
186,286,1318.79,614.34,99.55,42.04,0.96,4,-1,-1
186,287,132.84,707.56,19.56,41.17,0.81,1,-1,-1
186,288,1022.35,445.55,13.31,21.42,0.82,4,-1,-1
186,273,917.19,402.35,19.39,18.15,0.42,4,-1,-1
186,289,936.36,480.19,12.09,19.82,0.96,10,-1,-1
186,290,976.25,448.83,15.72,17.65,0.53,4,-1,-1
186,291,1598.43,800.66,43.03,51.74,0.82,10,-1,-1
186,292,557.18,553.26,75.03,28.93,0.73,4,-1,-1
186,293,1540.45,587.91,79.55,36.46,0.96,4,-1,-1
186,294,1595.89,621.96,74.73,36.16,0.84,4,-1,-1
187,19,953.30,485.12,27.68,26.80,0.98,4,-1,-1
187,22,952.06,520.83,30.10,31.61,0.99,4,-1,-1
187,25,995.68,724.57,56.83,68.61,1.00,4,-1,-1
187,27,883.83,689.02,54.99,70.41,0.99,4,-1,-1
187,47,966.28,461.35,25.28,24.17,0.98,4,-1,-1
187,110,981.50,431.25,20.48,20.15,1.00,4,-1,-1
187,114,215.80,1012.63,149.61,70.23,0.77,4,-1,-1
187,120,985.14,409.57,20.45,19.85,0.99,4,-1,-1
187,129,1000.74,526.71,14.43,25.44,1.00,10,-1,-1
187,140,816.88,662.03,53.69,58.83,0.99,4,-1,-1
187,149,489.11,986.91,130.92,99.31,0.85,4,-1,-1
187,154,686.95,887.18,98.15,126.82,1.00,4,-1,-1
187,166,520.74,592.70,89.38,37.09,0.98,4,-1,-1
187,171,887.95,527.26,34.37,34.72,1.00,4,-1,-1
187,147,517.80,572.70,79.58,31.59,0.98,4,-1,-1
187,210,888.91,458.87,26.17,24.32,1.00,4,-1,-1
187,211,1031.97,495.96,21.40,32.42,0.85,9,-1,-1
187,220,1065.75,529.98,51.88,28.69,0.97,4,-1,-1
187,206,969.04,377.31,16.48,16.06,0.98,4,-1,-1
187,221,213.68,563.82,85.60,35.30,0.99,4,-1,-1
187,225,420.14,566.02,84.13,35.31,0.95,4,-1,-1
187,233,991.37,394.32,14.39,15.26,0.46,4,-1,-1
187,234,995.44,384.07,15.23,15.04,0.90,4,-1,-1
187,244,907.29,478.73,13.84,21.48,0.98,10,-1,-1
187,245,1019.45,413.31,15.64,15.79,0.88,4,-1,-1
187,249,257.51,543.76,87.84,36.82,0.99,4,-1,-1
187,213,238.05,665.26,115.30,46.78,0.98,4,-1,-1
187,255,355.61,704.10,118.45,52.06,0.99,4,-1,-1
187,260,936.98,478.32,9.69,20.35,0.83,10,-1,-1
187,235,996.98,450.56,15.63,16.23,0.95,4,-1,-1
187,274,103.71,658.42,114.83,47.62,0.98,4,-1,-1
187,276,162.77,957.30,30.39,71.75,0.99,1,-1,-1
187,279,1446.05,616.86,107.90,44.63,1.00,4,-1,-1
187,281,135.45,708.08,22.79,48.12,0.85,1,-1,-1
187,284,107.15,756.36,106.78,72.03,0.93,4,-1,-1
187,286,1318.23,620.25,101.95,44.99,0.97,4,-1,-1
187,287,112.11,715.56,19.95,42.02,0.69,1,-1,-1
187,273,915.36,402.80,19.36,18.12,0.33,4,-1,-1
187,289,935.10,481.63,12.10,19.94,0.96,10,-1,-1
187,290,975.49,448.76,14.79,16.63,0.39,4,-1,-1
187,291,1610.01,811.38,45.28,53.83,0.26,10,-1,-1
187,293,1546.44,588.32,91.34,40.91,0.92,4,-1,-1
187,294,1609.75,620.05,86.50,43.98,0.88,4,-1,-1
187,295,896.79,463.76,21.70,25.31,0.65,4,-1,-1
188,19,952.15,485.63,28.48,27.41,0.99,4,-1,-1
188,22,951.37,521.82,29.27,31.43,0.99,4,-1,-1
188,25,993.75,726.07,56.61,67.71,1.00,4,-1,-1
188,27,881.11,693.17,53.71,71.01,1.00,4,-1,-1
188,47,965.37,462.09,25.27,24.50,0.96,4,-1,-1
188,110,980.82,431.70,20.47,19.96,1.00,4,-1,-1
188,120,984.49,409.82,20.45,19.84,1.00,4,-1,-1
188,129,1000.04,527.63,14.42,26.53,1.00,10,-1,-1
188,140,810.16,672.29,55.20,60.99,1.00,4,-1,-1
188,154,668.31,915.32,102.85,135.26,1.00,4,-1,-1
188,166,504.46,596.80,91.25,38.31,0.99,4,-1,-1
188,171,885.73,530.51,34.12,34.99,0.99,4,-1,-1
188,147,510.38,576.55,81.72,33.03,0.99,4,-1,-1
188,210,885.97,461.57,26.50,25.02,1.00,4,-1,-1
188,211,1031.36,496.92,22.42,34.16,0.88,9,-1,-1
188,220,1066.33,533.19,51.98,28.85,0.99,4,-1,-1
188,206,968.18,378.05,16.76,16.19,0.97,4,-1,-1
188,221,202.33,568.31,86.52,35.12,0.99,4,-1,-1
188,225,410.76,569.37,84.95,36.40,0.97,4,-1,-1
188,234,994.74,384.50,15.51,15.44,0.96,4,-1,-1
188,244,905.96,481.43,13.51,22.91,0.96,10,-1,-1
188,245,1018.74,414.17,15.62,16.08,0.97,4,-1,-1
188,249,247.10,547.03,88.61,37.20,0.99,4,-1,-1
188,213,223.72,671.30,117.27,48.68,0.99,4,-1,-1
188,255,349.04,712.45,120.16,53.77,0.99,4,-1,-1
188,260,934.71,480.42,11.27,22.05,0.20,1,-1,-1
188,235,996.27,452.61,15.69,16.27,0.26,4,-1,-1
188,274,86.25,665.47,117.76,48.22,0.99,4,-1,-1
188,276,135.57,980.09,32.55,72.62,0.99,1,-1,-1
188,279,1451.21,622.20,110.28,45.41,0.99,4,-1,-1
188,281,116.07,715.41,22.84,49.30,0.93,1,-1,-1
188,284,85.42,766.79,109.75,74.03,0.86,4,-1,-1
188,286,1318.24,625.99,107.70,45.13,0.97,4,-1,-1
188,287,90.59,724.03,20.97,43.18,0.90,1,-1,-1
188,273,914.49,403.62,19.35,18.10,0.66,4,-1,-1
188,289,934.54,483.00,12.08,21.82,0.95,10,-1,-1
188,290,974.07,450.17,14.46,16.76,0.17,4,-1,-1
188,291,1623.55,825.88,46.01,54.47,0.95,10,-1,-1
188,293,1551.72,593.46,95.42,40.22,0.99,4,-1,-1
188,294,1614.79,623.71,99.46,47.23,0.84,4,-1,-1
188,296,151.42,946.81,30.13,62.68,0.61,1,-1,-1
188,297,545.42,558.98,75.94,31.34,0.85,4,-1,-1
188,217,414.37,547.51,79.91,38.13,0.59,4,-1,-1
189,19,951.80,486.06,28.79,28.04,0.99,4,-1,-1
189,22,950.79,522.65,29.80,31.77,1.00,4,-1,-1
189,25,991.94,727.58,56.54,68.22,1.00,4,-1,-1
189,27,877.39,697.17,54.05,72.03,1.00,4,-1,-1
189,47,964.71,462.79,25.27,24.62,1.00,4,-1,-1
189,110,980.66,432.12,20.46,20.29,1.00,4,-1,-1
189,120,984.33,410.15,20.45,19.83,1.00,4,-1,-1
189,129,999.07,528.98,15.24,26.93,1.00,10,-1,-1
189,140,803.02,683.18,57.34,62.58,0.99,4,-1,-1
189,154,650.43,945.00,106.96,130.22,0.99,4,-1,-1
189,166,488.32,601.29,91.94,38.56,0.99,4,-1,-1
189,171,883.41,533.70,34.00,35.88,0.99,4,-1,-1
189,147,502.12,580.14,84.12,34.74,0.98,4,-1,-1
189,210,882.98,464.16,26.62,25.29,0.99,4,-1,-1
189,211,1031.21,500.05,22.01,32.82,0.69,9,-1,-1
189,220,1065.45,536.18,52.82,29.32,0.99,4,-1,-1
189,206,967.55,378.93,16.87,16.25,0.95,4,-1,-1
189,221,190.63,572.80,88.05,34.65,0.99,4,-1,-1
189,225,405.34,574.00,82.04,36.01,0.99,4,-1,-1
189,234,994.56,384.88,15.62,15.60,0.98,4,-1,-1
189,244,904.79,484.40,13.37,23.06,0.99,10,-1,-1
189,245,1018.58,415.29,15.62,16.19,0.99,4,-1,-1
189,249,236.50,550.44,89.49,37.33,0.99,4,-1,-1
189,213,207.99,678.67,119.58,49.39,0.99,4,-1,-1
189,255,342.33,723.82,122.40,53.63,0.99,4,-1,-1
189,260,934.73,481.39,11.03,22.68,0.41,10,-1,-1
189,235,995.31,454.77,16.52,16.69,0.88,4,-1,-1
189,274,68.15,672.86,119.37,48.43,0.98,4,-1,-1
189,276,105.20,1004.36,37.04,71.31,0.98,1,-1,-1
189,279,1457.98,626.90,111.15,46.51,0.99,4,-1,-1
189,281,95.51,723.26,23.27,50.52,0.96,1,-1,-1
189,284,62.83,777.35,113.48,76.39,0.93,4,-1,-1
189,286,1321.66,631.26,111.30,45.10,0.99,4,-1,-1
189,287,68.65,733.53,21.06,43.54,0.92,1,-1,-1
189,273,913.44,404.34,20.16,18.51,0.98,4,-1,-1
189,289,934.02,484.24,12.07,22.85,0.89,10,-1,-1
189,290,974.21,451.44,14.39,17.27,0.60,7,-1,-1
189,291,1637.37,839.04,47.95,56.39,0.87,10,-1,-1
189,293,1558.45,597.98,98.63,41.76,0.99,4,-1,-1
189,294,1624.77,628.51,106.04,49.31,0.94,4,-1,-1
189,297,535.30,562.41,79.53,31.92,0.91,4,-1,-1
189,217,410.85,550.14,77.28,38.84,0.96,4,-1,-1
189,298,3.96,776.85,95.34,68.71,0.78,4,-1,-1
189,299,1019.13,475.21,15.67,20.49,0.78,4,-1,-1
189,300,1031.18,502.03,21.70,31.34,0.89,9,-1,-1
190,19,950.85,487.01,28.90,28.27,0.99,4,-1,-1
190,22,949.75,523.54,29.99,31.89,1.00,4,-1,-1
190,25,989.25,728.93,58.15,69.22,1.00,4,-1,-1
190,27,873.23,701.37,54.97,72.38,1.00,4,-1,-1
190,47,963.63,464.06,26.09,24.66,0.98,4,-1,-1
190,110,979.77,432.68,20.46,20.42,0.99,4,-1,-1
190,120,983.84,410.28,20.46,19.83,1.00,4,-1,-1
190,129,997.88,530.66,15.53,27.48,0.94,10,-1,-1
190,140,795.29,694.59,58.91,66.28,1.00,4,-1,-1
190,154,634.02,978.27,108.49,106.47,0.95,4,-1,-1
190,166,469.90,606.06,94.13,39.44,0.99,4,-1,-1
190,171,880.57,536.99,34.75,36.20,0.99,4,-1,-1
190,147,493.80,584.16,85.40,35.58,0.97,4,-1,-1
190,210,880.30,467.06,26.65,25.78,1.00,4,-1,-1
190,211,1030.75,502.84,21.84,33.49,0.91,9,-1,-1
190,220,1064.68,538.42,53.91,30.69,0.99,4,-1,-1
190,206,966.89,379.85,16.91,16.26,0.91,4,-1,-1
190,221,177.77,576.99,88.58,35.27,0.99,4,-1,-1
190,225,399.34,578.67,79.65,35.43,0.97,4,-1,-1
190,234,993.26,384.83,16.47,16.05,0.98,4,-1,-1
190,244,902.76,487.85,14.13,22.70,1.00,10,-1,-1
190,245,1017.68,415.88,16.44,16.63,0.95,4,-1,-1
190,249,224.60,553.82,91.98,38.59,0.98,4,-1,-1
190,213,190.92,686.05,122.78,50.42,0.99,4,-1,-1
190,255,334.50,734.29,125.59,55.91,0.99,4,-1,-1
190,260,933.16,484.28,11.73,22.92,0.87,10,-1,-1
190,274,49.20,679.84,122.53,50.08,0.97,4,-1,-1
190,279,1466.73,632.08,111.41,48.52,1.00,4,-1,-1
190,281,74.51,731.95,22.27,50.13,0.97,1,-1,-1
190,284,37.92,789.40,117.58,78.04,0.97,4,-1,-1
190,286,1322.86,635.82,115.70,47.52,0.99,4,-1,-1
190,287,45.67,742.80,20.98,44.48,0.92,1,-1,-1
190,273,913.04,404.78,19.65,19.05,0.86,4,-1,-1
190,289,932.52,486.24,12.07,22.75,0.60,1,-1,-1
190,293,1565.47,604.46,96.04,40.45,0.99,4,-1,-1
190,294,1629.62,632.88,113.12,53.39,0.78,4,-1,-1
190,297,528.85,566.23,80.26,32.51,0.70,4,-1,-1
190,217,407.94,554.61,73.46,35.57,0.96,4,-1,-1
190,298,-2.09,787.35,80.24,71.79,0.81,4,-1,-1
190,301,95.00,871.47,40.98,57.86,0.87,7,-1,-1
190,302,1548.88,977.54,36.16,73.53,0.90,1,-1,-1
191,19,950.32,487.86,28.95,27.96,0.99,4,-1,-1
191,22,949.59,524.58,30.07,32.34,1.00,4,-1,-1
191,25,987.72,730.43,57.96,69.62,1.00,4,-1,-1
191,27,868.73,705.85,56.14,73.32,1.00,4,-1,-1
191,47,963.05,464.81,25.59,24.69,0.99,4,-1,-1
191,110,978.86,432.76,21.28,20.87,0.99,4,-1,-1
191,120,983.48,410.20,20.47,20.25,1.00,4,-1,-1
191,129,997.68,531.78,15.65,28.49,0.98,10,-1,-1
191,140,787.51,706.75,60.29,69.25,1.00,4,-1,-1
191,154,622.97,1015.55,105.11,71.77,0.53,4,-1,-1
191,166,451.66,611.67,95.76,39.98,1.00,4,-1,-1
191,171,878.16,540.25,35.82,36.72,1.00,4,-1,-1
191,147,484.88,588.32,87.48,36.90,0.99,4,-1,-1
191,210,877.15,470.36,27.46,25.96,0.99,4,-1,-1
191,211,1030.42,506.32,21.77,32.94,0.91,9,-1,-1
191,220,1065.05,542.47,55.13,30.41,0.99,4,-1,-1
191,206,966.08,380.43,16.92,16.68,0.95,4,-1,-1
191,221,165.02,580.59,90.37,36.51,0.99,4,-1,-1
191,225,389.79,582.27,81.24,37.42,0.97,4,-1,-1
191,234,993.00,384.66,16.79,16.63,0.98,4,-1,-1
191,244,901.43,491.18,14.41,23.36,0.99,10,-1,-1
191,245,1017.18,416.75,16.75,16.81,0.87,4,-1,-1
191,249,214.31,556.71,92.33,39.86,0.99,4,-1,-1
191,213,173.82,694.01,124.98,50.81,0.99,4,-1,-1
191,255,326.62,745.34,127.99,58.33,0.99,4,-1,-1
191,274,29.08,686.04,126.14,52.29,0.94,4,-1,-1
191,279,1471.05,637.21,116.33,50.08,0.99,4,-1,-1
191,281,51.32,741.62,23.77,52.38,0.95,1,-1,-1
191,284,10.55,801.05,124.00,81.88,0.96,4,-1,-1
191,286,1326.03,642.71,118.85,46.78,0.97,4,-1,-1
191,287,21.19,752.59,20.97,46.46,0.89,1,-1,-1
191,273,912.32,405.79,19.45,19.26,0.77,4,-1,-1
191,289,932.22,487.35,12.07,23.50,0.64,10,-1,-1
191,293,1573.06,607.74,100.21,42.63,0.99,4,-1,-1
191,294,1642.95,638.09,110.59,53.15,0.72,4,-1,-1
191,297,521.44,570.68,79.48,32.19,0.88,4,-1,-1
191,217,397.88,557.83,75.31,37.43,0.97,4,-1,-1
191,302,1563.93,995.57,40.12,78.57,0.81,1,-1,-1
191,303,342.02,725.62,60.87,27.72,0.60,10,-1,-1
191,304,1600.71,1019.73,38.57,59.06,0.86,1,-1,-1
191,291,1667.47,865.78,52.54,64.03,0.58,10,-1,-1
192,19,959.05,488.44,28.95,28.22,0.99,4,-1,-1
192,22,958.85,525.39,30.90,32.09,1.00,4,-1,-1
192,25,996.91,731.13,58.68,70.55,0.99,4,-1,-1
192,27,874.88,709.98,57.36,74.42,1.00,4,-1,-1
192,47,972.15,465.14,25.39,24.28,0.95,7,-1,-1
192,110,987.82,432.66,21.58,21.03,1.00,4,-1,-1
192,120,991.83,410.45,20.46,19.99,1.00,4,-1,-1
192,129,1006.52,533.38,15.69,27.67,0.99,10,-1,-1
192,140,790.15,718.39,63.11,74.21,0.99,4,-1,-1
192,166,444.23,615.68,97.47,40.74,1.00,4,-1,-1
192,171,885.46,543.41,36.21,37.28,0.99,4,-1,-1
192,147,487.85,592.19,88.59,37.96,0.98,4,-1,-1
192,210,883.39,472.79,27.74,26.81,1.00,4,-1,-1
192,211,1039.99,509.03,21.74,32.70,0.93,9,-1,-1
192,220,1074.85,545.36,55.54,31.08,0.99,4,-1,-1
192,206,974.28,380.72,16.92,16.82,0.99,4,-1,-1
192,221,165.34,583.68,90.97,36.94,0.99,4,-1,-1
192,225,390.22,584.94,83.38,38.52,0.99,4,-1,-1
192,234,1001.40,384.48,16.90,16.44,0.98,4,-1,-1
192,244,909.91,494.19,13.71,23.58,0.99,10,-1,-1
192,245,1025.88,417.13,17.66,17.66,0.93,4,-1,-1
192,249,215.79,559.75,92.37,39.91,0.99,4,-1,-1
192,213,170.67,701.00,126.68,50.89,0.99,4,-1,-1
192,255,332.15,754.20,129.19,62.34,0.98,4,-1,-1
192,274,24.68,691.96,127.63,52.28,0.95,4,-1,-1
192,279,1489.92,642.71,118.08,51.42,0.99,4,-1,-1
192,281,44.63,748.77,24.24,52.37,0.96,1,-1,-1
192,284,2.82,811.24,125.51,83.23,0.98,4,-1,-1
192,286,1342.31,648.10,119.83,48.84,0.99,4,-1,-1
192,287,13.55,759.71,20.72,47.95,0.87,1,-1,-1
192,273,919.77,406.45,20.17,19.73,0.77,4,-1,-1
192,289,941.00,488.55,12.06,23.74,0.75,10,-1,-1
192,293,1593.22,612.46,103.22,44.37,0.99,4,-1,-1
192,294,1661.08,645.73,117.35,53.68,0.99,4,-1,-1
192,297,529.88,574.18,76.84,31.12,0.39,4,-1,-1
192,217,396.53,561.16,80.34,37.29,0.99,4,-1,-1
192,303,345.73,734.05,64.41,27.80,0.69,10,-1,-1
192,291,1698.75,884.76,53.25,64.55,0.96,10,-1,-1
192,305,65.39,898.59,37.37,61.47,0.83,7,-1,-1
192,306,356.48,717.19,21.09,34.96,0.67,2,-1,-1
192,307,747.32,589.12,26.52,24.11,0.68,10,-1,-1
192,308,972.12,464.97,25.31,24.71,0.92,4,-1,-1
192,309,1642.90,1047.46,33.75,31.34,0.68,1,-1,-1
192,235,1002.03,460.32,15.91,17.45,0.71,4,-1,-1
193,19,984.79,488.85,28.88,28.30,0.98,4,-1,-1
193,22,984.37,526.06,31.14,31.97,1.00,4,-1,-1
193,25,1021.41,731.69,58.80,70.84,1.00,4,-1,-1
193,27,896.48,713.65,58.46,74.75,0.99,4,-1,-1
193,47,997.20,463.28,25.26,25.74,0.99,4,-1,-1
193,110,1013.67,432.53,21.64,21.47,1.00,4,-1,-1
193,120,1017.43,410.30,21.23,20.29,1.00,4,-1,-1
193,129,1032.20,535.98,15.66,26.49,1.00,10,-1,-1
193,140,808.33,730.45,66.34,78.35,1.00,4,-1,-1
193,166,455.87,617.44,97.50,41.03,1.00,4,-1,-1
193,171,910.00,546.35,36.25,37.05,0.99,4,-1,-1
193,147,510.24,594.20,88.01,38.16,0.99,4,-1,-1
193,210,906.39,475.76,28.58,27.10,1.00,4,-1,-1
193,211,1065.90,511.84,21.67,32.98,0.86,9,-1,-1
193,220,1102.00,548.56,56.37,31.32,0.99,4,-1,-1
193,206,999.49,380.78,17.68,17.26,0.98,4,-1,-1
193,221,189.14,584.16,90.59,36.72,0.99,4,-1,-1
193,225,410.41,586.82,85.23,38.35,0.98,4,-1,-1
193,234,1027.45,384.42,16.89,16.34,0.97,4,-1,-1
193,244,934.84,497.78,14.21,24.02,1.00,10,-1,-1
193,245,1052.39,418.59,17.16,17.57,0.93,4,-1,-1
193,249,239.52,559.70,92.38,40.32,0.99,4,-1,-1
193,213,190.57,703.09,125.45,51.72,0.99,4,-1,-1
193,255,362.49,760.15,124.16,65.40,0.96,4,-1,-1
193,274,45.31,693.54,126.68,52.26,0.98,4,-1,-1
193,279,1528.03,650.98,121.66,54.30,1.00,4,-1,-1
193,281,61.35,751.06,25.09,52.25,0.98,1,-1,-1
193,284,12.84,815.69,131.01,84.47,0.95,4,-1,-1
193,286,1375.03,655.79,123.01,51.19,0.99,4,-1,-1
193,287,30.31,761.07,21.53,49.23,0.92,1,-1,-1
193,273,944.79,407.16,20.39,19.88,0.66,4,-1,-1
193,289,966.73,490.14,12.03,23.36,0.74,10,-1,-1
193,293,1633.33,619.62,107.35,47.25,0.99,4,-1,-1
193,294,1702.51,655.80,121.08,53.81,0.99,4,-1,-1
193,217,416.11,562.80,82.84,37.99,0.99,4,-1,-1
193,303,369.35,735.66,63.22,29.69,0.25,10,-1,-1
193,291,1750.39,906.93,54.98,67.86,0.95,10,-1,-1
193,307,768.60,594.68,28.49,22.24,0.74,7,-1,-1
193,310,767.21,595.45,28.93,21.70,0.71,3,-1,-1
194,19,1003.27,489.55,28.96,28.87,0.99,4,-1,-1
194,22,1002.32,527.61,31.34,31.68,0.99,4,-1,-1
194,25,1036.21,734.93,59.05,71.29,1.00,4,-1,-1
194,27,907.33,718.60,59.87,76.82,0.99,4,-1,-1
194,47,1016.31,463.62,24.49,25.61,0.92,4,-1,-1
194,110,1032.75,433.21,21.73,21.75,1.00,4,-1,-1
194,120,1036.47,410.89,21.59,20.10,1.00,4,-1,-1
194,129,1050.43,538.73,15.69,26.17,1.00,10,-1,-1
194,140,814.05,744.41,70.13,83.43,1.00,4,-1,-1
194,166,454.71,619.67,98.66,42.97,0.99,4,-1,-1
194,171,925.30,549.72,37.98,38.33,1.00,4,-1,-1
194,147,520.89,596.91,88.90,38.85,1.00,4,-1,-1
194,210,922.37,479.24,28.19,27.34,1.00,4,-1,-1
194,211,1084.76,515.54,21.71,32.83,0.94,9,-1,-1
194,220,1121.46,553.79,57.68,31.98,0.99,4,-1,-1
194,206,1019.52,381.87,17.23,17.12,0.99,4,-1,-1
194,221,199.58,584.81,90.57,37.64,0.99,4,-1,-1
194,225,416.23,588.59,90.65,40.08,0.97,4,-1,-1
194,234,1047.10,384.53,16.95,16.79,0.98,4,-1,-1
194,244,952.44,501.61,14.42,24.69,0.85,10,-1,-1
194,245,1071.89,419.03,17.83,18.42,0.97,4,-1,-1
194,249,251.03,559.69,91.92,41.91,0.99,4,-1,-1
194,213,193.66,707.15,128.01,53.92,0.99,4,-1,-1
194,255,371.03,768.79,125.48,68.53,0.98,4,-1,-1
194,274,49.91,696.86,127.16,53.35,0.98,4,-1,-1
194,279,1558.42,662.18,126.61,54.96,0.99,4,-1,-1
194,281,60.73,754.82,25.87,53.22,0.98,1,-1,-1
194,284,6.10,822.84,135.80,87.75,0.93,4,-1,-1
194,286,1401.21,664.71,127.77,53.97,0.99,4,-1,-1
194,287,29.96,765.24,22.33,49.90,0.92,1,-1,-1
194,273,963.29,407.98,20.54,20.43,0.81,4,-1,-1
194,289,984.72,492.43,12.05,24.11,0.81,10,-1,-1
194,293,1668.79,628.76,110.84,49.39,0.99,4,-1,-1
194,294,1741.26,669.05,124.39,54.92,0.98,4,-1,-1
194,217,425.44,563.99,85.30,39.27,0.99,4,-1,-1
194,303,379.95,742.02,61.00,31.34,0.76,10,-1,-1
194,291,1794.17,933.12,57.37,71.77,0.90,10,-1,-1
194,307,781.42,595.47,28.95,25.04,0.21,7,-1,-1
194,311,392.34,722.61,22.30,39.78,0.90,2,-1,-1
194,312,1015.51,463.46,24.11,25.31,0.91,4,-1,-1
194,313,1023.35,374.87,15.67,15.07,0.66,4,-1,-1
195,19,1004.51,490.46,29.77,28.96,0.97,4,-1,-1
195,22,1004.23,528.34,30.58,31.84,0.99,4,-1,-1
195,25,1037.23,737.15,59.11,70.37,0.99,4,-1,-1
195,27,903.99,723.59,61.95,78.09,0.94,4,-1,-1
195,47,1018.12,464.47,25.01,25.84,0.99,4,-1,-1
195,110,1034.85,433.62,21.75,21.75,1.00,4,-1,-1
195,120,1038.91,411.31,21.70,19.94,1.00,4,-1,-1
195,129,1051.94,540.15,16.51,27.19,0.98,10,-1,-1
195,140,806.31,759.80,73.85,88.91,1.00,4,-1,-1
195,166,439.82,625.78,98.46,41.05,0.99,4,-1,-1
195,171,925.69,553.12,37.80,39.45,1.00,4,-1,-1
195,147,516.75,600.80,89.85,39.64,0.99,4,-1,-1
195,210,921.31,483.30,29.60,27.70,1.00,4,-1,-1
195,211,1086.79,517.71,22.53,33.06,0.80,9,-1,-1
195,220,1123.26,556.78,58.87,33.25,1.00,4,-1,-1
195,206,1021.55,383.59,17.03,16.98,0.99,4,-1,-1
195,221,193.97,588.89,90.95,36.94,0.98,4,-1,-1
195,225,411.71,593.11,91.35,40.09,0.90,4,-1,-1
195,234,1049.30,384.41,16.95,17.29,0.99,4,-1,-1
195,244,953.52,505.87,15.31,24.45,0.99,10,-1,-1
195,245,1074.03,419.69,18.06,18.66,0.89,4,-1,-1
195,249,245.60,563.50,93.25,41.05,0.98,4,-1,-1
195,213,183.29,714.50,129.29,54.40,0.99,4,-1,-1
195,255,362.01,780.13,131.78,70.87,0.99,4,-1,-1
195,274,38.16,703.41,129.25,54.18,0.98,4,-1,-1
195,279,1571.56,668.62,129.82,57.18,0.99,4,-1,-1
195,281,44.69,762.96,26.97,54.19,0.97,1,-1,-1
195,284,-3.53,834.04,130.34,90.09,0.97,4,-1,-1
195,286,1409.33,671.63,130.83,55.44,0.99,4,-1,-1
195,287,14.81,773.93,22.19,49.95,0.95,1,-1,-1
195,273,965.32,408.60,20.57,20.95,0.94,4,-1,-1
195,289,985.82,493.89,12.89,24.29,0.86,10,-1,-1
195,293,1681.88,635.82,113.47,48.26,0.99,4,-1,-1
195,294,1757.08,677.04,125.24,54.92,0.98,4,-1,-1
195,217,422.01,567.58,84.87,39.49,0.98,4,-1,-1
195,303,375.79,749.51,61.15,34.31,0.44,10,-1,-1
195,291,1819.89,952.98,59.80,75.31,0.95,10,-1,-1
195,307,779.80,601.18,29.96,23.35,0.42,3,-1,-1
195,313,1023.81,374.92,16.68,16.08,0.79,4,-1,-1
195,314,38.44,932.95,49.85,69.91,0.93,7,-1,-1
195,315,1034.80,361.91,13.26,13.86,0.60,4,-1,-1
196,19,1011.05,489.84,30.05,29.79,0.99,4,-1,-1
196,22,1010.18,528.63,31.90,33.11,0.99,4,-1,-1
196,25,1041.21,738.56,59.89,71.64,1.00,4,-1,-1
196,27,903.30,727.49,66.64,80.13,0.97,4,-1,-1
196,47,1024.46,465.85,25.18,25.52,0.96,4,-1,-1
196,110,1041.31,433.86,22.54,22.55,0.99,4,-1,-1
196,120,1045.50,411.37,21.73,20.28,0.99,4,-1,-1
196,129,1058.56,541.29,16.80,27.96,0.99,10,-1,-1
196,140,802.51,775.66,76.76,94.07,0.98,4,-1,-1
196,166,427.98,630.41,98.68,41.09,0.99,4,-1,-1
196,171,930.37,556.10,38.48,40.25,0.99,4,-1,-1
196,147,516.00,604.01,91.32,40.14,0.99,4,-1,-1
196,210,924.72,486.37,30.89,28.62,0.99,4,-1,-1
196,211,1093.17,520.53,22.82,32.32,0.80,9,-1,-1
196,220,1130.72,560.06,59.26,33.72,1.00,4,-1,-1
196,206,1027.59,383.91,17.75,17.73,0.99,4,-1,-1
196,221,191.57,591.49,92.23,37.89,0.98,4,-1,-1
196,225,410.73,596.35,91.91,40.87,0.94,4,-1,-1
196,234,1056.61,385.27,16.93,16.67,0.88,4,-1,-1
196,244,959.26,509.22,15.62,25.14,0.99,10,-1,-1
196,245,1080.90,420.81,17.33,17.95,0.25,4,-1,-1
196,249,244.12,565.84,94.69,41.92,0.99,4,-1,-1
196,213,174.93,720.18,131.64,56.96,1.00,4,-1,-1
196,255,359.24,791.22,134.42,74.08,0.99,4,-1,-1
196,274,28.75,709.55,130.85,55.29,0.96,4,-1,-1
196,279,1588.08,675.97,132.49,58.02,0.99,4,-1,-1
196,281,30.81,770.04,27.59,56.11,0.97,1,-1,-1
196,284,-4.81,842.95,117.84,94.10,0.98,4,-1,-1
196,286,1421.73,678.73,133.37,55.20,0.99,4,-1,-1
196,287,2.19,780.78,21.86,51.52,0.93,1,-1,-1
196,273,971.81,409.67,20.56,20.74,0.98,4,-1,-1
196,289,991.93,496.02,13.18,23.93,0.86,10,-1,-1
196,293,1699.80,643.11,115.91,47.76,0.99,4,-1,-1
196,294,1777.55,685.43,126.88,56.50,0.98,4,-1,-1
196,217,420.41,570.49,87.78,40.35,0.99,4,-1,-1
196,303,373.71,757.32,63.43,35.31,0.51,10,-1,-1
196,291,1850.94,975.75,60.65,77.40,0.96,10,-1,-1
196,307,783.00,604.28,30.25,25.15,0.39,7,-1,-1
196,313,1031.69,375.85,15.97,15.83,0.37,4,-1,-1
196,314,18.91,948.54,51.82,72.04,0.92,7,-1,-1
196,316,74.17,592.13,66.56,38.27,0.62,5,-1,-1
196,317,385.71,743.71,27.72,42.19,0.77,2,-1,-1
196,288,1082.42,465.90,13.27,17.55,0.64,4,-1,-1
196,260,993.00,494.64,12.09,23.05,0.86,10,-1,-1
197,19,1016.61,490.73,30.97,30.51,1.00,4,-1,-1
197,22,1015.93,529.48,33.19,33.61,1.00,4,-1,-1
197,25,1046.25,740.96,60.21,71.35,1.00,4,-1,-1
197,27,903.37,733.10,69.22,80.94,0.78,4,-1,-1
197,47,1029.95,466.70,26.88,23.78,0.88,4,-1,-1
197,110,1048.07,434.65,22.05,22.07,0.99,4,-1,-1
197,120,1052.31,411.88,21.74,20.43,0.99,4,-1,-1
197,129,1064.58,543.25,16.91,28.27,0.96,10,-1,-1
197,140,798.59,792.74,79.43,99.20,1.00,4,-1,-1
197,166,416.36,634.96,99.18,41.94,0.97,4,-1,-1
197,171,934.44,559.69,39.53,40.97,0.99,4,-1,-1
197,147,513.88,608.25,93.10,40.94,0.99,4,-1,-1
197,210,927.91,489.35,31.39,29.78,1.00,4,-1,-1
197,211,1100.32,522.87,22.93,33.70,0.81,9,-1,-1
197,220,1138.28,564.60,60.21,33.52,0.99,4,-1,-1
197,206,1033.40,385.27,18.02,17.62,0.73,4,-1,-1
197,221,187.62,594.26,93.55,39.66,0.99,4,-1,-1
197,225,414.47,599.99,87.74,41.19,0.96,4,-1,-1
197,234,1062.89,385.90,17.74,16.84,0.93,4,-1,-1
197,244,964.50,514.71,15.74,24.22,0.98,10,-1,-1
197,245,1087.42,422.34,17.05,17.68,0.77,4,-1,-1
197,249,241.11,568.32,96.16,43.07,0.99,4,-1,-1
197,213,165.44,727.47,133.15,57.96,0.99,4,-1,-1
197,255,355.30,802.94,137.05,78.45,0.99,4,-1,-1
197,274,18.86,715.42,131.63,56.53,0.97,4,-1,-1
197,279,1605.07,684.88,136.68,59.94,1.00,4,-1,-1
197,281,15.09,778.24,28.59,57.64,0.95,1,-1,-1
197,284,-5.85,854.18,103.16,96.45,0.97,4,-1,-1
197,286,1435.58,687.11,137.46,57.48,0.99,4,-1,-1
197,273,977.34,410.75,20.56,20.26,0.93,4,-1,-1
197,289,998.11,501.35,13.29,22.15,0.65,10,-1,-1
197,293,1719.68,651.18,118.40,48.39,1.00,4,-1,-1
197,294,1798.42,697.49,121.04,57.90,0.98,4,-1,-1
197,217,417.56,573.42,90.87,41.08,0.99,4,-1,-1
197,303,373.23,765.92,63.81,37.27,0.26,10,-1,-1
197,307,784.42,608.76,31.19,25.28,0.79,7,-1,-1
197,314,2.54,963.67,47.95,74.39,0.58,7,-1,-1
197,260,998.91,497.57,12.10,22.15,0.83,10,-1,-1
197,318,998.04,509.26,13.26,18.08,0.75,10,-1,-1
197,259,64.82,595.36,72.20,38.98,0.85,4,-1,-1
197,297,559.47,587.41,80.76,34.60,0.55,4,-1,-1
198,19,1022.26,491.93,30.51,30.37,0.98,4,-1,-1
198,22,1021.26,530.66,33.68,33.77,0.99,4,-1,-1
198,25,1050.20,742.26,60.33,72.83,1.00,4,-1,-1
198,27,901.57,737.96,73.33,81.17,0.98,4,-1,-1
198,47,1035.96,466.87,25.93,23.53,0.96,4,-1,-1
198,110,1053.73,435.23,21.85,21.86,1.00,4,-1,-1
198,120,1057.98,412.35,21.74,20.07,0.99,4,-1,-1
198,129,1070.80,545.40,16.15,27.97,0.99,10,-1,-1
198,140,791.88,812.00,84.30,105.72,1.00,4,-1,-1
198,166,401.22,639.53,101.34,43.82,0.98,4,-1,-1
198,171,937.61,563.42,39.92,41.60,0.99,4,-1,-1
198,147,511.95,613.11,93.73,41.19,0.99,4,-1,-1
198,210,930.35,492.87,32.36,30.59,1.00,4,-1,-1
198,211,1106.54,526.52,23.78,33.39,0.38,9,-1,-1
198,220,1144.65,568.45,62.14,33.80,0.99,4,-1,-1
198,206,1038.70,386.66,18.12,17.57,0.91,4,-1,-1
198,221,182.44,598.07,95.20,40.50,0.99,4,-1,-1
198,225,414.25,604.27,86.05,39.65,0.98,4,-1,-1
198,234,1068.76,385.61,17.24,17.30,0.97,4,-1,-1
198,244,969.26,520.61,15.78,24.23,0.94,10,-1,-1
198,249,237.63,572.02,95.78,43.45,0.98,4,-1,-1
198,213,153.86,735.87,136.04,59.06,0.99,4,-1,-1
198,255,349.71,815.62,139.98,83.15,0.99,4,-1,-1
198,274,7.19,722.52,132.65,57.73,0.95,4,-1,-1
198,279,1621.86,693.50,141.35,62.17,1.00,4,-1,-1
198,281,0.61,787.77,27.41,58.19,0.96,1,-1,-1
198,284,-4.97,866.36,85.03,98.02,0.95,4,-1,-1
198,286,1447.40,696.35,138.90,56.69,0.99,4,-1,-1
198,273,981.76,411.02,21.37,21.28,0.54,4,-1,-1
198,289,1004.41,501.62,12.53,21.03,0.83,10,-1,-1
198,293,1737.46,657.44,122.43,50.17,0.99,4,-1,-1
198,294,1818.08,708.43,107.04,54.35,0.92,4,-1,-1
198,217,414.58,577.26,92.40,41.51,0.99,4,-1,-1
198,303,373.92,775.93,62.67,37.92,0.73,10,-1,-1
198,307,785.92,612.80,31.50,25.70,0.36,7,-1,-1
198,260,1003.92,502.29,12.11,21.86,0.46,10,-1,-1
198,259,55.81,598.73,74.60,39.43,0.74,4,-1,-1
198,297,557.88,591.90,83.26,34.86,0.40,4,-1,-1
198,319,386.92,762.99,22.90,43.39,0.72,2,-1,-1
199,19,1025.98,493.53,31.13,29.50,1.00,4,-1,-1
199,22,1025.65,532.02,33.05,33.43,1.00,4,-1,-1
199,25,1053.31,743.45,60.35,74.18,1.00,4,-1,-1
199,27,897.44,743.19,77.22,81.23,0.97,4,-1,-1
199,47,1039.41,467.69,26.35,24.27,0.98,4,-1,-1
199,110,1058.66,436.19,20.96,20.97,1.00,4,-1,-1
199,120,1062.10,413.08,20.93,19.93,0.99,4,-1,-1
199,129,1075.13,546.90,15.85,29.06,0.99,10,-1,-1
199,140,784.37,831.51,86.92,111.30,1.00,4,-1,-1
199,166,383.47,644.58,102.50,43.74,0.99,4,-1,-1
199,171,939.65,567.44,40.04,41.42,1.00,4,-1,-1
199,147,508.22,617.53,94.72,42.07,0.99,4,-1,-1
199,210,931.34,497.41,32.71,30.10,1.00,4,-1,-1
199,211,1110.86,530.79,23.29,32.45,0.67,9,-1,-1
199,220,1149.81,572.34,62.84,34.70,0.98,4,-1,-1
199,206,1042.30,387.30,18.15,17.54,0.94,4,-1,-1
199,221,175.88,601.47,95.19,41.00,0.97,4,-1,-1
199,225,410.34,608.67,85.83,40.46,0.97,4,-1,-1
199,234,1073.36,386.23,17.03,17.07,0.92,4,-1,-1
199,244,972.27,526.04,15.79,23.01,0.99,10,-1,-1
199,249,233.18,575.20,94.57,43.39,0.99,4,-1,-1
199,213,140.64,744.28,138.26,60.24,0.99,4,-1,-1
199,255,344.33,829.49,140.23,87.28,0.99,4,-1,-1
199,274,0.11,730.84,126.85,58.16,0.93,4,-1,-1
199,279,1637.45,702.90,144.64,63.80,1.00,4,-1,-1
199,284,-4.35,879.64,66.32,100.92,0.98,4,-1,-1
199,286,1458.04,704.00,142.47,58.71,0.99,4,-1,-1
199,273,985.04,411.64,21.66,20.85,0.38,4,-1,-1
199,289,1008.78,503.44,12.22,22.31,0.80,10,-1,-1
199,293,1754.13,665.56,125.46,50.03,0.99,4,-1,-1
199,294,1837.86,721.59,87.87,50.38,0.76,4,-1,-1
199,217,410.86,581.30,92.92,42.04,1.00,4,-1,-1
199,303,371.79,786.18,63.08,39.71,0.82,10,-1,-1
199,307,786.65,618.78,31.58,23.95,0.32,7,-1,-1
199,259,44.54,602.31,77.34,38.98,0.93,4,-1,-1
199,297,552.29,595.34,86.92,36.17,0.75,4,-1,-1
199,319,381.88,773.08,23.93,43.53,0.56,2,-1,-1
199,320,1040.22,472.20,22.90,22.30,0.65,4,-1,-1
199,321,1110.13,532.47,24.11,31.34,0.77,7,-1,-1
200,19,1029.41,495.04,30.56,28.76,0.99,4,-1,-1
200,22,1028.52,533.64,32.80,32.90,0.99,4,-1,-1
200,25,1054.90,744.47,61.17,75.52,0.99,4,-1,-1
200,27,891.98,747.99,81.82,82.06,0.95,4,-1,-1
200,47,1043.16,468.68,27.31,24.15,0.99,4,-1,-1
200,110,1061.74,436.64,21.45,21.05,1.00,4,-1,-1
200,120,1065.29,413.43,21.44,19.89,0.99,4,-1,-1
200,129,1078.39,549.55,15.73,28.68,0.98,10,-1,-1
200,140,774.10,854.10,90.98,116.56,1.00,4,-1,-1
200,166,363.53,649.57,105.73,45.32,0.99,4,-1,-1
200,171,940.86,571.17,40.87,42.55,0.99,4,-1,-1
200,147,503.06,622.30,95.88,42.42,0.99,4,-1,-1
200,210,931.40,502.13,32.82,30.30,1.00,4,-1,-1
200,211,1114.52,534.85,23.09,32.52,0.44,7,-1,-1
200,220,1153.39,576.85,64.68,35.05,0.99,4,-1,-1
200,206,1045.31,387.98,18.16,18.34,0.94,4,-1,-1
200,221,166.63,604.81,97.17,41.41,0.98,4,-1,-1
200,225,399.40,613.02,91.04,41.18,0.98,4,-1,-1
200,234,1076.74,386.56,16.95,16.98,0.93,4,-1,-1
200,244,973.83,531.49,16.58,22.55,0.98,10,-1,-1
200,249,223.77,578.07,98.07,45.59,0.99,4,-1,-1
200,213,125.00,752.83,142.06,61.51,0.99,4,-1,-1
200,255,338.41,844.43,139.86,91.99,0.99,4,-1,-1
200,274,-3.77,737.75,116.20,59.92,0.90,4,-1,-1
200,279,1653.20,712.54,147.42,65.22,0.99,4,-1,-1
200,284,-3.16,893.51,43.63,86.26,0.70,4,-1,-1
200,286,1468.81,713.31,145.33,59.50,0.98,4,-1,-1
200,273,987.92,412.72,21.77,21.09,0.80,4,-1,-1
200,293,1770.24,673.93,128.14,50.77,0.99,4,-1,-1
200,294,1857.46,732.09,66.71,50.59,0.46,4,-1,-1
200,217,403.91,585.34,95.06,42.06,0.99,4,-1,-1
200,303,367.76,798.22,64.90,39.58,0.97,10,-1,-1
200,307,785.78,623.78,30.76,24.97,0.42,7,-1,-1
200,259,32.46,606.37,79.58,38.82,0.95,4,-1,-1
200,297,548.84,598.96,87.68,37.07,0.77,4,-1,-1
200,319,377.95,784.69,24.61,42.67,0.89,2,-1,-1
200,322,1849.02,703.33,69.91,49.42,0.69,4,-1,-1
201,19,1031.55,494.44,29.49,29.26,0.97,4,-1,-1
201,22,1030.46,533.87,32.67,33.47,1.00,4,-1,-1
201,25,1055.24,745.01,61.42,76.71,0.99,4,-1,-1
201,27,884.02,752.69,85.83,83.03,0.99,4,-1,-1
201,47,1044.98,468.95,26.84,24.48,0.99,4,-1,-1
201,110,1064.09,436.74,20.79,21.05,1.00,4,-1,-1
201,120,1067.27,413.12,21.61,19.85,0.99,4,-1,-1
201,129,1080.02,550.72,15.68,28.88,0.98,10,-1,-1
201,140,762.19,877.03,95.53,123.75,1.00,4,-1,-1
201,166,341.88,654.19,109.59,46.61,0.99,4,-1,-1
201,171,940.74,574.47,41.93,43.10,0.99,4,-1,-1
201,147,495.81,626.87,98.18,43.25,1.00,4,-1,-1
201,210,930.45,505.91,32.82,31.11,1.00,4,-1,-1
201,211,1116.24,533.62,24.61,35.76,0.85,9,-1,-1
201,220,1156.22,580.59,65.29,35.51,0.99,4,-1,-1
201,206,1046.83,388.61,18.14,18.61,0.97,4,-1,-1
201,221,156.90,609.38,98.59,41.07,0.98,4,-1,-1
201,225,389.98,617.67,94.05,42.77,0.99,4,-1,-1
201,234,1078.75,387.28,16.91,16.11,0.93,4,-1,-1
201,244,975.74,534.21,16.08,23.17,0.96,10,-1,-1
201,249,215.10,582.06,99.84,44.35,0.99,4,-1,-1
201,213,109.53,762.27,144.10,62.64,1.00,4,-1,-1
201,255,328.67,859.93,142.73,97.48,0.99,4,-1,-1
201,274,-3.72,745.84,99.26,62.04,0.78,4,-1,-1
201,279,1666.20,720.38,151.40,67.19,1.00,4,-1,-1
201,286,1478.67,721.87,147.74,62.02,0.99,4,-1,-1
201,273,989.88,413.30,20.98,20.74,0.93,4,-1,-1
201,293,1783.94,680.10,128.94,52.53,0.98,4,-1,-1
201,217,397.31,588.74,95.74,43.75,0.99,4,-1,-1
201,303,362.50,808.90,67.13,40.98,0.97,10,-1,-1
201,307,783.53,627.92,30.40,25.28,0.56,7,-1,-1
201,259,20.33,610.11,80.99,39.50,0.94,4,-1,-1
201,297,542.59,601.31,90.41,39.11,0.96,4,-1,-1
201,319,374.27,796.47,24.33,42.25,0.81,2,-1,-1
201,323,247.40,625.58,22.00,39.78,0.69,1,-1,-1
201,324,1013.71,509.87,12.05,19.89,0.92,10,-1,-1
201,325,1060.71,366.43,14.46,13.86,0.68,4,-1,-1
201,326,1588.66,659.33,45.80,34.96,0.66,10,-1,-1
201,260,1013.64,507.09,11.10,22.34,0.84,10,-1,-1
202,19,1032.51,494.83,29.92,29.87,0.99,4,-1,-1
202,22,1032.16,534.37,32.63,34.09,0.99,4,-1,-1
202,25,1055.99,746.75,61.54,75.59,1.00,4,-1,-1
202,27,875.28,758.29,91.26,84.22,0.98,4,-1,-1
202,47,1046.65,469.45,26.67,25.03,1.00,4,-1,-1
202,110,1065.55,437.57,20.56,20.66,1.00,4,-1,-1
202,120,1069.00,413.78,21.69,19.85,0.99,4,-1,-1
202,129,1081.22,552.96,15.67,28.97,0.98,10,-1,-1
202,140,747.30,903.06,101.16,131.17,0.99,4,-1,-1
202,166,320.32,658.10,111.48,47.91,0.99,4,-1,-1
202,171,940.46,578.47,42.34,43.91,0.99,4,-1,-1
202,147,488.36,632.34,99.47,43.57,1.00,4,-1,-1
202,210,928.69,510.83,32.81,31.43,1.00,4,-1,-1
202,211,1118.29,537.12,24.39,34.99,0.74,9,-1,-1
202,220,1159.50,584.95,66.32,36.09,0.98,4,-1,-1
202,206,1047.99,389.98,18.14,18.32,0.99,4,-1,-1
202,221,145.32,614.27,98.55,41.15,0.99,4,-1,-1
202,225,378.26,622.78,97.61,43.38,1.00,4,-1,-1
202,234,1080.09,388.33,16.90,15.79,0.97,4,-1,-1
202,244,976.24,539.57,15.87,22.60,0.98,10,-1,-1
202,249,204.60,586.35,101.34,44.86,0.99,4,-1,-1
202,213,90.65,772.74,148.66,63.86,1.00,4,-1,-1
202,255,318.21,877.35,143.44,103.47,0.99,4,-1,-1
202,274,-3.99,755.02,81.47,64.42,0.46,4,-1,-1
202,279,1681.26,730.61,154.50,67.94,0.99,4,-1,-1
202,286,1486.25,733.15,151.78,60.63,0.92,4,-1,-1
202,273,990.77,414.47,20.68,21.01,0.94,4,-1,-1
202,293,1799.26,687.71,124.42,53.20,0.96,4,-1,-1
202,217,389.07,592.58,97.97,45.19,0.99,4,-1,-1
202,303,358.14,822.58,67.18,40.70,0.98,10,-1,-1
202,307,779.20,634.46,31.93,25.40,0.60,7,-1,-1
202,259,8.00,614.52,80.58,39.77,0.92,4,-1,-1
202,297,536.74,605.14,91.44,39.89,0.81,4,-1,-1
202,319,370.62,809.43,24.67,42.15,0.96,2,-1,-1
202,324,1015.38,509.64,11.12,21.40,0.93,1,-1,-1
202,325,1062.07,367.45,14.51,13.91,0.60,4,-1,-1
202,260,1015.33,513.19,10.92,19.07,0.82,3,-1,-1
202,327,1117.97,537.59,24.11,34.35,0.70,9,-1,-1
202,328,1118.57,536.99,24.11,34.96,0.72,7,-1,-1
202,329,1868.30,720.20,50.62,48.21,0.86,4,-1,-1
203,19,1034.05,495.53,30.89,30.08,0.99,4,-1,-1
203,22,1034.38,535.90,32.61,33.51,1.00,4,-1,-1
203,25,1057.13,748.94,61.58,74.31,1.00,4,-1,-1
203,27,865.85,763.00,95.66,87.82,0.91,7,-1,-1
203,47,1048.44,470.39,26.60,25.63,1.00,4,-1,-1
203,110,1067.26,438.24,21.30,20.51,1.00,4,-1,-1
203,120,1070.39,413.99,21.71,20.26,0.99,4,-1,-1
203,129,1083.25,554.90,16.48,29.80,0.97,10,-1,-1
203,140,731.34,931.00,107.93,137.83,0.99,4,-1,-1
203,166,298.52,663.04,112.54,49.95,0.99,4,-1,-1
203,171,940.82,582.62,42.47,43.79,0.99,4,-1,-1
203,147,481.24,637.89,100.71,44.45,0.99,4,-1,-1
203,210,927.30,514.75,33.59,32.72,1.00,4,-1,-1
203,211,1120.62,540.94,23.48,35.45,0.72,9,-1,-1
203,220,1162.28,589.82,67.47,36.48,0.99,4,-1,-1
203,206,1048.78,390.85,18.94,18.60,0.99,4,-1,-1
203,221,132.65,619.25,101.70,42.76,0.98,4,-1,-1
203,225,367.77,628.21,100.92,44.38,1.00,4,-1,-1
203,234,1081.74,388.88,16.89,15.67,0.95,4,-1,-1
203,244,978.06,543.60,15.79,24.02,0.91,10,-1,-1
203,249,194.51,590.31,102.67,45.42,0.98,4,-1,-1
203,213,72.71,783.29,150.97,66.65,0.99,4,-1,-1
203,255,305.77,895.89,144.04,110.35,1.00,4,-1,-1
203,274,-2.95,766.28,60.81,65.29,0.30,4,-1,-1
203,279,1696.91,740.49,158.73,69.73,0.99,4,-1,-1
203,286,1503.89,740.67,148.49,62.37,0.95,4,-1,-1
203,273,990.66,415.26,22.20,21.91,0.84,4,-1,-1
203,293,1814.94,696.18,111.15,53.39,0.95,4,-1,-1
203,217,381.08,597.15,99.17,45.31,1.00,4,-1,-1
203,303,352.21,836.30,69.20,42.11,0.94,10,-1,-1
203,307,776.14,640.35,32.48,25.42,0.48,7,-1,-1
203,259,-2.28,619.39,79.44,40.65,0.97,4,-1,-1
203,297,530.02,610.07,93.36,40.14,0.91,4,-1,-1
203,319,365.87,823.70,26.09,43.01,0.85,2,-1,-1
203,324,1016.69,513.21,11.90,20.34,0.78,1,-1,-1
203,325,1063.32,368.16,14.52,13.92,0.69,4,-1,-1
203,260,1016.30,517.80,11.69,19.61,0.76,10,-1,-1
203,329,1880.81,727.41,41.13,54.15,0.53,4,-1,-1
203,330,1611.56,675.00,48.21,34.96,0.79,10,-1,-1
204,19,1035.39,496.33,31.25,30.58,0.99,4,-1,-1
204,22,1035.96,537.43,32.60,34.12,0.99,4,-1,-1
204,25,1058.31,751.20,60.78,74.67,1.00,4,-1,-1
204,27,854.76,769.63,101.97,87.64,0.78,4,-1,-1
204,47,1049.48,471.27,26.57,26.27,1.00,4,-1,-1
204,110,1068.68,439.02,21.57,20.88,1.00,4,-1,-1
204,120,1071.71,414.59,21.72,20.42,1.00,4,-1,-1
204,129,1084.38,557.17,16.78,30.12,0.97,10,-1,-1
204,140,716.89,961.93,112.09,122.90,0.85,4,-1,-1
204,166,273.99,668.75,113.70,50.76,0.99,4,-1,-1
204,171,939.72,587.24,44.10,45.15,0.99,4,-1,-1
204,147,472.50,643.49,102.76,45.60,1.00,4,-1,-1
204,210,924.39,519.43,35.47,33.61,0.99,4,-1,-1
204,211,1122.68,544.48,23.13,36.84,0.68,9,-1,-1
204,220,1165.28,594.56,67.89,37.45,0.99,4,-1,-1
204,206,1049.48,392.06,19.24,18.72,0.98,4,-1,-1
204,221,120.09,624.55,101.29,41.81,0.99,4,-1,-1
204,225,358.71,633.74,101.39,44.78,1.00,4,-1,-1
204,234,1083.56,389.19,16.89,15.64,0.93,4,-1,-1
204,244,978.28,548.15,17.37,25.34,0.89,10,-1,-1
204,249,182.40,594.45,104.96,46.46,0.99,4,-1,-1
204,213,52.12,794.97,153.04,68.54,0.99,4,-1,-1
204,255,291.96,917.24,146.13,116.16,0.99,4,-1,-1
204,279,1709.87,750.40,165.04,72.82,0.99,4,-1,-1
204,286,1504.95,751.21,158.28,63.86,0.96,4,-1,-1
204,273,991.41,416.84,22.75,21.86,0.88,4,-1,-1
204,293,1831.03,705.20,94.15,54.28,0.91,4,-1,-1
204,217,371.59,601.98,100.38,45.76,1.00,4,-1,-1
204,303,346.79,851.62,70.35,42.65,0.95,10,-1,-1
204,307,774.57,646.55,31.87,24.62,0.75,7,-1,-1
204,259,-6.08,624.26,69.81,41.81,0.88,4,-1,-1
204,297,521.26,616.06,95.25,40.44,0.76,4,-1,-1
204,319,361.35,837.98,25.31,42.47,0.88,2,-1,-1
204,324,1017.00,517.64,13.05,20.40,0.81,10,-1,-1
204,325,1064.03,369.48,14.51,13.43,0.66,4,-1,-1
204,260,1017.42,521.29,11.97,18.97,0.36,10,-1,-1
204,330,1620.52,682.30,50.30,35.08,0.65,10,-1,-1
204,331,1051.67,382.40,19.29,16.88,0.62,4,-1,-1
205,19,1036.35,497.29,28.97,30.35,0.99,4,-1,-1
205,22,1037.01,538.64,32.60,34.33,1.00,4,-1,-1
205,25,1058.49,753.44,61.29,74.78,1.00,4,-1,-1
205,27,843.35,776.25,105.17,88.27,0.66,4,-1,-1
205,47,1049.91,472.07,26.56,26.50,1.00,4,-1,-1
205,110,1069.23,439.17,21.67,21.42,1.00,4,-1,-1
205,120,1072.22,414.70,21.72,20.47,1.00,4,-1,-1
205,129,1086.05,560.22,16.09,29.02,0.99,10,-1,-1
205,140,707.37,995.87,110.57,93.22,0.77,4,-1,-1
205,166,248.07,674.73,117.47,52.59,0.99,4,-1,-1
205,171,938.64,591.13,43.91,46.42,0.99,4,-1,-1
205,147,463.44,649.40,104.68,46.79,1.00,4,-1,-1
205,210,921.45,524.75,36.18,33.93,1.00,4,-1,-1
205,211,1124.29,547.57,22.99,36.95,0.59,9,-1,-1
205,220,1168.02,598.64,68.41,38.38,1.00,4,-1,-1
205,206,1049.77,393.18,19.35,18.74,0.98,4,-1,-1
205,221,106.35,629.66,103.27,42.99,0.99,4,-1,-1
205,225,347.23,639.26,104.28,46.48,1.00,4,-1,-1
205,234,1083.85,389.38,16.89,15.63,0.96,4,-1,-1
205,244,979.61,553.97,16.39,25.04,0.98,10,-1,-1
205,249,170.48,598.92,106.38,47.01,0.99,4,-1,-1
205,213,31.70,807.50,158.11,70.76,0.99,4,-1,-1
205,255,276.60,939.57,148.16,121.40,0.99,4,-1,-1
205,279,1721.95,761.90,170.49,73.14,0.98,4,-1,-1
205,286,1511.94,761.04,161.87,66.73,0.99,4,-1,-1
205,273,991.35,417.91,22.96,22.23,0.95,4,-1,-1
205,293,1846.60,714.02,77.53,53.75,0.61,4,-1,-1
205,217,361.69,606.67,101.97,46.87,1.00,4,-1,-1
205,303,339.23,867.42,73.96,43.58,0.94,10,-1,-1
205,307,770.25,653.04,32.43,25.13,0.90,7,-1,-1
205,259,-5.51,629.25,55.48,43.01,0.70,4,-1,-1
205,297,512.56,620.76,97.90,41.89,0.95,4,-1,-1
205,319,355.12,853.38,25.83,43.96,0.86,2,-1,-1
205,324,1017.23,519.35,13.42,21.35,0.79,10,-1,-1
205,325,1064.35,370.18,14.49,13.27,0.59,4,-1,-1
205,260,1019.10,518.73,11.27,19.98,0.80,10,-1,-1
205,330,1634.51,689.44,48.90,36.05,0.85,10,-1,-1
205,331,1052.83,384.44,19.35,16.93,0.66,4,-1,-1
205,332,840.13,776.25,109.69,87.99,0.60,4,-1,-1
205,333,1019.13,517.10,12.05,20.49,0.63,3,-1,-1
205,334,1444.02,668.97,21.70,43.39,0.84,1,-1,-1
206,19,1036.40,498.20,28.06,30.24,0.99,4,-1,-1
206,22,1037.08,539.81,32.58,33.98,1.00,4,-1,-1
206,25,1057.87,756.51,61.44,73.96,1.00,4,-1,-1
206,27,829.49,782.01,110.16,90.04,0.91,4,-1,-1
206,47,1049.34,472.52,27.35,26.57,1.00,4,-1,-1
206,110,1069.09,439.40,21.70,21.61,1.00,4,-1,-1
206,120,1072.07,415.12,21.71,20.48,0.99,4,-1,-1
206,129,1086.76,560.81,14.99,27.75,0.81,2,-1,-1
206,166,220.36,683.45,120.08,51.67,0.99,4,-1,-1
206,171,936.83,595.77,44.58,47.07,0.99,4,-1,-1
206,147,453.42,655.76,105.72,47.20,1.00,4,-1,-1
206,210,917.38,529.78,37.20,34.81,1.00,4,-1,-1
206,211,1124.51,552.18,22.93,36.95,0.59,9,-1,-1
206,220,1169.45,602.96,68.53,39.29,0.99,4,-1,-1
206,206,1049.16,394.37,19.37,18.74,0.97,4,-1,-1
206,221,90.84,634.54,105.93,44.20,0.99,4,-1,-1
206,225,335.00,645.08,106.07,47.88,1.00,4,-1,-1
206,234,1083.60,389.85,16.88,16.03,0.96,4,-1,-1
206,244,979.50,560.58,16.77,25.30,0.92,10,-1,-1
206,249,156.38,603.59,108.83,47.98,0.99,4,-1,-1
206,213,11.20,820.54,157.52,72.33,0.99,4,-1,-1
206,255,258.51,962.45,149.60,117.18,0.98,4,-1,-1
206,279,1735.04,772.23,173.99,75.53,0.99,4,-1,-1
206,286,1517.02,770.31,167.78,66.98,0.99,4,-1,-1
206,273,990.64,418.87,23.01,22.35,0.84,4,-1,-1
206,293,1859.14,721.74,63.15,55.90,0.38,4,-1,-1
206,217,350.80,612.41,103.27,47.05,1.00,4,-1,-1
206,303,331.58,883.61,77.65,44.67,0.97,10,-1,-1
206,307,765.76,659.59,33.42,24.48,0.66,7,-1,-1
206,259,-4.07,633.73,38.55,45.02,0.14,4,-1,-1
206,297,504.03,626.28,98.81,42.41,0.98,4,-1,-1
206,319,349.37,868.98,28.47,46.12,0.94,2,-1,-1
206,324,1017.47,523.19,12.65,22.52,0.78,3,-1,-1
206,325,1064.18,370.80,13.59,13.22,0.52,4,-1,-1
206,260,1018.61,520.57,11.81,21.54,0.53,10,-1,-1
206,330,1644.33,696.15,50.21,37.24,0.88,10,-1,-1
206,331,1052.41,385.85,19.37,16.48,0.48,4,-1,-1
206,334,1449.07,676.53,21.76,42.57,0.75,1,-1,-1
206,335,1086.63,563.50,15.67,27.72,0.99,10,-1,-1
206,245,1107.77,432.31,18.12,19.32,0.81,4,-1,-1
207,19,1037.87,498.78,27.75,30.20,1.00,4,-1,-1
207,22,1038.56,540.90,33.39,34.26,0.99,4,-1,-1
207,25,1059.15,758.96,62.32,76.12,0.99,4,-1,-1
207,27,816.41,788.55,118.23,90.69,0.91,4,-1,-1
207,47,1050.99,473.13,27.65,26.99,0.99,4,-1,-1
207,110,1070.51,439.72,21.71,21.68,1.00,4,-1,-1
207,120,1073.48,415.11,22.52,20.90,0.99,4,-1,-1
207,129,1088.48,564.53,15.42,28.11,0.99,10,-1,-1
207,166,195.23,691.55,120.55,51.27,0.99,4,-1,-1
207,171,936.85,600.09,44.83,48.29,1.00,4,-1,-1
207,147,444.85,662.11,108.08,48.93,0.99,4,-1,-1
207,210,916.17,534.81,37.58,35.92,1.00,4,-1,-1
207,211,1126.46,553.88,25.36,38.15,0.78,9,-1,-1
207,220,1172.25,608.73,69.36,39.04,0.98,4,-1,-1
207,206,1050.82,395.84,18.57,18.34,0.94,4,-1,-1
207,221,78.13,640.34,106.24,44.66,0.99,4,-1,-1
207,225,324.62,652.02,107.92,47.61,1.00,4,-1,-1
207,234,1084.98,390.45,16.88,15.78,0.96,4,-1,-1
207,244,980.53,565.59,17.71,27.40,0.97,10,-1,-1
207,249,144.47,608.53,110.73,49.14,1.00,4,-1,-1
207,213,0.49,834.50,152.10,73.69,0.99,4,-1,-1
207,255,240.69,988.09,149.72,98.61,0.97,4,-1,-1
207,279,1752.41,784.32,167.39,76.42,0.95,4,-1,-1
207,286,1525.88,779.63,171.57,71.79,0.97,4,-1,-1
207,273,991.45,420.05,23.03,22.39,0.99,4,-1,-1
207,293,1876.54,732.09,44.12,55.10,0.16,4,-1,-1
207,217,341.71,618.36,104.53,46.49,1.00,4,-1,-1
207,303,326.62,901.08,80.63,45.06,0.93,10,-1,-1
207,307,763.22,665.16,32.99,25.06,0.63,7,-1,-1
207,297,496.63,631.14,101.50,44.96,0.96,4,-1,-1
207,319,343.33,885.79,33.39,48.54,0.98,2,-1,-1
207,324,1019.48,525.33,13.18,23.76,0.87,10,-1,-1
207,325,1065.56,370.99,13.29,13.65,0.49,4,-1,-1
207,260,1020.30,523.07,12.80,24.10,0.75,10,-1,-1
207,330,1657.35,704.71,50.62,36.69,0.74,10,-1,-1
207,331,1053.63,386.35,19.34,16.30,0.42,4,-1,-1
207,334,1456.37,683.45,23.65,42.43,0.20,1,-1,-1
207,245,1109.05,433.17,19.01,19.80,0.54,4,-1,-1
207,336,1090.25,561.70,13.26,24.11,0.62,2,-1,-1
208,19,1038.41,499.93,27.65,29.77,0.98,4,-1,-1
208,22,1039.49,541.61,33.68,35.16,1.00,4,-1,-1
208,25,1059.64,760.55,63.45,77.70,1.00,4,-1,-1
208,27,802.96,794.76,120.59,92.49,0.62,4,-1,-1
208,47,1051.60,473.48,27.76,27.55,0.99,4,-1,-1
208,110,1071.01,439.97,21.72,21.71,0.99,4,-1,-1
208,120,1073.99,415.45,22.82,21.05,0.99,4,-1,-1
208,129,1088.69,566.97,16.39,29.06,0.99,10,-1,-1
208,166,167.75,697.93,118.64,51.08,0.99,4,-1,-1
208,171,934.91,604.71,46.49,49.53,1.00,4,-1,-1
208,147,434.91,668.26,110.92,50.36,1.00,4,-1,-1
208,210,913.42,539.90,38.49,37.52,1.00,4,-1,-1
208,211,1127.55,559.35,26.24,37.40,0.61,9,-1,-1
208,220,1173.23,613.31,71.65,40.72,0.99,4,-1,-1
208,206,1050.62,396.69,19.08,18.18,0.79,4,-1,-1
208,221,63.31,646.70,108.64,44.81,0.99,4,-1,-1
208,225,312.85,658.01,110.15,49.07,0.99,4,-1,-1
208,234,1085.47,390.82,16.88,15.68,0.96,4,-1,-1
208,244,980.51,571.05,18.06,28.18,0.97,10,-1,-1
208,249,131.41,612.99,112.55,50.36,0.99,4,-1,-1
208,213,-4.42,848.56,140.91,75.73,0.97,4,-1,-1
208,255,221.41,1014.35,147.57,73.04,0.87,4,-1,-1
208,279,1768.55,797.31,154.84,74.32,0.93,4,-1,-1
208,286,1534.93,789.18,174.45,70.48,1.00,4,-1,-1
208,273,990.95,420.80,23.83,22.39,0.98,4,-1,-1
208,217,331.19,623.20,106.55,47.86,0.99,4,-1,-1
208,303,321.96,918.79,81.74,45.96,0.95,10,-1,-1
208,307,760.01,670.60,32.80,26.07,0.73,7,-1,-1
208,297,489.49,636.73,102.46,45.13,0.96,4,-1,-1
208,319,340.80,903.19,31.89,49.44,0.97,2,-1,-1
208,324,1021.44,526.33,12.53,23.39,0.85,10,-1,-1
208,325,1065.21,371.39,14.07,14.22,0.33,4,-1,-1
208,260,1020.90,526.43,12.39,23.17,0.66,10,-1,-1
208,330,1667.69,713.72,50.73,36.44,0.95,10,-1,-1
208,331,1053.17,386.13,19.32,16.71,0.16,4,-1,-1
208,334,1461.48,690.14,24.27,41.35,0.32,1,-1,-1
208,245,1109.92,434.22,19.29,19.95,0.42,4,-1,-1
208,337,797.95,792.52,127.77,96.43,0.62,4,-1,-1
209,19,1039.45,501.79,26.80,28.80,0.99,4,-1,-1
209,22,1040.27,542.68,33.79,35.10,0.99,4,-1,-1
209,25,1060.29,761.54,63.87,79.11,1.00,4,-1,-1
209,27,787.42,800.17,126.03,93.95,0.93,4,-1,-1
209,47,1052.26,474.01,27.79,28.15,0.99,4,-1,-1
209,110,1071.63,440.68,21.72,21.31,1.00,4,-1,-1
209,120,1075.02,416.19,22.13,20.70,0.99,4,-1,-1
209,129,1089.60,570.06,15.95,27.80,0.99,10,-1,-1
209,166,139.68,705.78,117.89,50.99,0.98,4,-1,-1
209,171,933.46,609.55,47.11,49.98,0.99,4,-1,-1
209,147,425.81,675.61,111.56,50.10,1.00,4,-1,-1
209,210,910.52,546.08,38.82,37.73,1.00,4,-1,-1
209,211,1128.40,562.15,27.36,38.30,0.71,9,-1,-1
209,220,1175.20,618.33,72.49,41.14,0.99,4,-1,-1
209,206,1050.19,398.20,19.26,17.71,0.69,4,-1,-1
209,221,48.53,653.38,109.87,44.05,0.98,4,-1,-1
209,225,301.51,664.12,111.35,50.40,1.00,4,-1,-1
209,234,1086.09,391.36,16.88,15.65,0.95,4,-1,-1
209,244,980.94,579.14,18.18,26.90,0.97,10,-1,-1
209,249,118.65,618.94,113.45,50.01,0.99,4,-1,-1
209,213,-8.33,861.97,128.60,79.63,0.75,4,-1,-1
209,279,1783.08,808.77,141.63,76.65,0.81,4,-1,-1
209,286,1543.82,799.72,177.02,71.45,1.00,4,-1,-1
209,273,991.22,421.47,24.13,22.39,0.97,4,-1,-1
209,217,321.29,628.10,108.46,49.16,0.99,4,-1,-1
209,303,317.82,937.88,83.30,46.27,0.83,10,-1,-1
209,307,756.15,677.70,31.91,26.45,0.83,7,-1,-1
209,297,481.28,643.52,103.95,44.36,0.97,4,-1,-1
209,319,337.08,921.36,32.30,48.15,0.98,2,-1,-1
209,324,1023.04,528.19,11.41,20.73,0.30,10,-1,-1
209,325,1065.13,371.93,14.33,14.43,0.27,4,-1,-1
209,260,1021.97,529.31,12.21,23.94,0.79,10,-1,-1
209,330,1677.63,722.93,54.20,35.47,0.68,10,-1,-1
209,334,1468.13,696.84,22.62,41.01,0.88,1,-1,-1
209,337,787.12,800.06,127.23,94.84,0.68,5,-1,-1
209,338,982.97,570.44,14.46,21.70,0.81,2,-1,-1
210,19,1039.76,504.01,26.50,27.60,0.99,4,-1,-1
210,22,1041.71,542.94,33.83,35.86,1.00,4,-1,-1
210,25,1060.96,762.10,64.83,80.39,1.00,4,-1,-1
210,47,1052.83,474.71,27.80,27.56,0.99,4,-1,-1
210,110,1072.58,441.05,21.72,21.56,1.00,4,-1,-1
210,120,1075.70,416.99,21.86,19.74,0.99,4,-1,-1
210,129,1089.87,571.82,16.59,27.71,0.99,10,-1,-1
210,166,112.09,710.60,122.53,54.13,0.99,4,-1,-1
210,171,932.57,614.15,48.12,50.70,1.00,4,-1,-1
210,147,416.22,681.85,114.12,51.51,0.99,4,-1,-1
210,210,908.30,551.20,39.72,39.34,1.00,4,-1,-1
210,211,1129.81,564.57,28.58,39.81,0.58,9,-1,-1
210,220,1177.44,623.11,73.56,42.04,0.99,4,-1,-1
210,206,1049.94,399.47,20.13,17.53,0.56,4,-1,-1
210,221,34.70,659.46,111.27,44.51,0.99,4,-1,-1
210,225,290.35,670.31,113.72,50.84,1.00,4,-1,-1
210,234,1086.61,391.67,16.88,15.23,0.92,4,-1,-1
210,244,981.89,584.75,18.22,27.56,0.95,10,-1,-1
210,249,106.12,623.98,115.51,50.61,0.99,4,-1,-1
210,213,-5.90,876.73,110.80,82.60,0.84,4,-1,-1
210,279,1798.38,820.78,126.64,79.01,0.15,4,-1,-1
210,286,1551.64,811.48,181.01,71.70,1.00,4,-1,-1
210,273,991.26,422.43,24.23,22.37,0.98,4,-1,-1
210,217,311.43,633.06,111.11,50.38,1.00,4,-1,-1
210,303,314.90,957.03,85.03,47.11,0.73,10,-1,-1
210,307,750.04,684.12,35.66,27.38,0.74,7,-1,-1
210,297,473.36,649.15,106.44,44.78,0.94,4,-1,-1
210,319,333.88,940.55,33.23,48.39,0.94,2,-1,-1
210,324,1024.39,530.50,10.99,21.40,0.50,10,-1,-1
210,325,1065.42,373.27,14.43,14.08,0.26,4,-1,-1
210,260,1023.52,532.21,12.14,23.81,0.83,10,-1,-1
210,330,1689.75,731.02,53.75,36.81,0.68,10,-1,-1
210,334,1474.29,703.78,21.98,40.90,0.93,1,-1,-1
211,19,1041.08,506.02,25.55,26.33,1.00,4,-1,-1
211,22,1042.20,543.59,33.81,35.73,1.00,4,-1,-1
211,25,1061.93,762.55,64.32,80.84,1.00,4,-1,-1
211,47,1053.43,475.37,26.97,26.91,0.99,4,-1,-1
211,110,1072.91,441.41,22.51,22.05,0.99,4,-1,-1
211,120,1075.94,417.11,22.56,19.80,1.00,4,-1,-1
211,129,1090.71,572.77,16.81,28.90,0.97,10,-1,-1
211,166,83.22,715.09,126.50,57.65,0.99,4,-1,-1
211,171,931.89,618.45,48.44,52.52,0.99,4,-1,-1
211,147,407.11,688.13,115.77,52.82,1.00,4,-1,-1
211,210,906.01,557.29,40.01,39.93,1.00,4,-1,-1
211,211,1131.45,568.95,27.44,38.78,0.78,9,-1,-1
211,220,1180.52,627.95,73.10,43.17,0.99,4,-1,-1
211,206,1049.87,400.54,20.44,17.87,0.44,4,-1,-1
211,221,20.43,664.41,112.76,46.29,0.98,4,-1,-1
211,225,279.77,676.96,114.50,50.99,1.00,4,-1,-1
211,234,1087.20,391.83,16.87,15.48,0.87,4,-1,-1
211,244,982.65,590.23,18.21,28.59,0.97,10,-1,-1
211,249,93.54,628.60,117.78,52.42,1.00,4,-1,-1
211,213,-4.00,894.56,93.58,82.92,0.78,4,-1,-1
211,279,1813.73,833.83,109.22,78.30,0.23,4,-1,-1
211,286,1559.62,824.01,183.90,72.57,0.99,4,-1,-1
211,273,991.32,423.37,24.24,22.76,0.97,4,-1,-1
211,217,301.01,638.50,112.90,50.84,1.00,4,-1,-1
211,303,310.42,976.14,87.96,48.20,0.92,10,-1,-1
211,307,748.29,690.18,34.63,26.92,0.83,7,-1,-1
211,297,465.04,654.07,108.46,47.32,0.94,4,-1,-1
211,319,331.23,958.45,34.32,50.07,0.98,2,-1,-1
211,324,1024.38,536.78,11.70,22.03,0.28,10,-1,-1
211,260,1025.29,535.01,11.29,22.94,0.64,10,-1,-1
211,330,1700.82,739.07,55.14,38.10,0.26,10,-1,-1
211,334,1480.19,710.59,21.75,44.35,0.97,1,-1,-1
211,339,759.38,679.82,16.88,27.72,0.73,2,-1,-1
211,27,756.35,811.77,134.46,96.49,0.83,4,-1,-1
212,19,1041.30,505.94,26.08,27.58,1.00,4,-1,-1
212,22,1042.91,544.92,33.00,35.69,0.99,4,-1,-1
212,25,1061.67,763.28,64.95,81.82,0.99,4,-1,-1
212,47,1053.80,476.07,26.66,27.08,0.99,4,-1,-1
212,110,1073.16,441.78,22.82,22.25,0.99,4,-1,-1
212,120,1076.17,417.39,22.02,19.83,1.00,4,-1,-1
212,129,1090.77,575.39,16.90,28.55,0.98,10,-1,-1
212,166,50.36,721.56,131.25,59.80,0.99,4,-1,-1
212,171,929.78,623.27,49.36,54.01,0.99,4,-1,-1
212,147,396.22,695.30,117.19,53.32,1.00,4,-1,-1
212,210,901.72,563.55,40.91,40.54,0.99,4,-1,-1
212,211,1132.23,571.81,27.78,39.98,0.69,9,-1,-1
212,220,1181.44,633.36,74.51,43.59,0.99,4,-1,-1
212,206,1050.38,401.34,19.76,18.41,0.79,4,-1,-1
212,221,4.90,670.68,114.28,46.97,0.98,4,-1,-1
212,225,266.32,683.07,117.17,52.63,1.00,4,-1,-1
212,234,1087.97,391.90,16.06,15.58,0.94,4,-1,-1
212,244,982.65,598.02,18.21,27.99,0.97,10,-1,-1
212,249,78.84,633.17,119.69,53.91,1.00,4,-1,-1
212,213,-3.22,912.85,76.22,83.78,0.83,4,-1,-1
212,286,1566.37,837.02,186.54,73.68,1.00,4,-1,-1
212,273,991.07,424.75,23.44,22.91,0.99,4,-1,-1
212,217,289.48,644.16,115.06,51.80,0.99,4,-1,-1
212,303,303.34,995.57,92.62,50.98,0.84,10,-1,-1
212,307,742.66,696.43,35.80,29.17,0.87,7,-1,-1
212,297,455.04,660.32,110.41,47.50,0.96,4,-1,-1
212,319,326.03,978.58,37.48,53.90,0.99,2,-1,-1
212,260,1026.08,538.29,10.97,24.63,0.48,10,-1,-1
212,334,1484.45,718.72,21.68,42.26,0.86,1,-1,-1
212,339,755.00,687.48,15.97,26.86,0.65,2,-1,-1
212,27,736.51,818.71,141.23,96.17,0.78,4,-1,-1
212,340,1131.83,571.04,28.93,39.78,0.87,7,-1,-1
213,19,1041.59,504.94,28.72,28.81,0.98,4,-1,-1
213,22,1042.16,546.23,33.50,35.24,0.97,4,-1,-1
213,25,1061.38,764.04,63.53,80.52,0.99,4,-1,-1
213,47,1052.91,476.38,27.36,27.13,0.99,4,-1,-1
213,110,1072.64,441.99,22.92,22.71,1.00,4,-1,-1
213,120,1075.64,417.37,21.80,20.24,1.00,4,-1,-1
213,129,1090.16,577.73,16.92,27.58,0.99,10,-1,-1
213,166,18.52,728.36,133.45,61.36,0.99,4,-1,-1
213,171,927.70,628.32,49.66,54.53,0.98,4,-1,-1
213,147,385.33,702.38,118.82,53.45,1.00,4,-1,-1
213,210,897.28,569.37,42.01,41.91,0.99,4,-1,-1
213,211,1131.86,574.20,28.68,41.59,0.76,9,-1,-1
213,220,1182.28,637.83,75.79,43.70,0.98,4,-1,-1
213,206,1048.78,402.30,20.29,19.01,0.52,4,-1,-1
213,221,-2.46,677.08,107.22,47.98,0.96,4,-1,-1
213,225,252.80,690.17,119.67,53.20,0.99,4,-1,-1
213,234,1087.64,392.22,15.75,15.21,0.95,4,-1,-1
213,244,982.09,604.39,18.99,28.73,0.96,10,-1,-1
213,249,63.48,638.15,121.88,56.01,0.99,4,-1,-1
213,213,-2.12,930.63,57.97,86.38,0.69,4,-1,-1
213,286,1572.23,848.07,190.50,75.61,1.00,4,-1,-1
213,273,989.61,425.72,23.93,22.95,0.99,4,-1,-1
213,217,277.52,649.15,116.67,52.90,1.00,4,-1,-1
213,303,297.99,1014.40,94.34,53.56,0.61,10,-1,-1
213,307,738.22,703.54,35.41,28.40,0.88,7,-1,-1
213,297,445.23,666.31,112.63,48.29,0.97,4,-1,-1
213,319,321.17,999.63,38.67,52.97,0.97,2,-1,-1
213,260,1025.33,540.87,11.69,27.58,0.73,10,-1,-1
213,334,1487.87,726.11,23.35,43.07,0.98,1,-1,-1
213,339,749.24,693.27,16.73,27.63,0.87,2,-1,-1
213,27,718.29,825.65,143.63,96.78,0.82,4,-1,-1
213,340,1131.96,574.40,29.02,41.35,0.61,7,-1,-1
214,19,1042.26,505.20,28.90,28.89,1.00,4,-1,-1
214,22,1042.06,547.16,32.88,35.08,0.98,4,-1,-1
214,25,1060.68,765.65,63.81,80.84,1.00,4,-1,-1
214,47,1053.18,476.73,27.62,27.15,0.99,4,-1,-1
214,110,1073.05,442.30,22.96,22.89,1.00,4,-1,-1
214,120,1075.65,417.60,21.72,20.40,1.00,4,-1,-1
214,129,1090.14,580.03,16.93,28.05,0.97,10,-1,-1
214,166,-3.65,735.59,125.59,61.95,0.98,4,-1,-1
214,171,925.54,633.38,50.56,54.71,1.00,4,-1,-1
214,147,373.33,709.33,121.00,55.08,1.00,4,-1,-1
214,210,893.07,575.46,43.21,43.22,1.00,4,-1,-1
214,211,1132.71,577.47,29.01,42.60,0.72,9,-1,-1
214,220,1183.58,643.46,77.05,44.54,0.99,4,-1,-1
214,206,1048.40,403.25,20.49,19.24,0.59,4,-1,-1
214,221,-4.93,682.97,94.45,49.16,0.97,4,-1,-1
214,225,238.72,696.72,122.28,55.01,1.00,4,-1,-1
214,234,1087.72,392.16,15.65,15.49,0.97,4,-1,-1
214,244,981.66,611.29,19.29,29.20,0.98,10,-1,-1
214,249,48.31,643.90,123.06,56.03,1.00,4,-1,-1
214,213,-1.25,952.15,39.39,89.72,0.35,4,-1,-1
214,286,1577.74,859.28,195.13,80.31,1.00,4,-1,-1
214,273,989.66,426.69,23.30,22.97,0.99,4,-1,-1
214,217,265.02,655.32,118.74,53.32,0.99,4,-1,-1
214,303,291.25,1036.26,96.62,45.21,0.15,10,-1,-1
214,307,732.40,708.93,36.06,29.69,0.84,7,-1,-1
214,297,435.62,671.67,114.64,50.17,0.97,4,-1,-1
214,319,315.09,1022.44,38.33,51.73,0.84,2,-1,-1
214,260,1025.64,543.24,11.94,29.11,0.79,10,-1,-1
214,334,1493.33,733.61,23.94,43.36,0.98,1,-1,-1
214,339,743.24,699.75,17.90,28.78,0.60,2,-1,-1
214,27,699.09,832.21,146.09,98.61,0.68,6,-1,-1
214,340,1133.07,576.95,29.06,43.08,0.63,9,-1,-1
214,341,695.49,832.30,149.46,98.84,0.72,4,-1,-1
214,342,696.70,832.30,145.85,98.84,0.72,7,-1,-1
214,343,885.94,535.18,14.46,29.53,0.78,1,-1,-1
215,19,1041.10,505.41,29.76,29.31,1.00,4,-1,-1
215,22,1041.41,548.02,33.45,35.00,0.99,4,-1,-1
215,25,1059.84,766.47,63.90,80.90,1.00,4,-1,-1
215,47,1052.26,477.00,27.71,27.55,0.99,4,-1,-1
215,110,1072.57,442.57,22.96,22.94,0.99,4,-1,-1
215,120,1074.61,417.85,22.50,20.45,1.00,4,-1,-1
215,129,1089.51,582.95,16.92,27.40,0.98,10,-1,-1
215,166,-10.91,742.51,101.16,63.66,0.93,4,-1,-1
215,171,922.63,638.24,51.67,56.31,1.00,4,-1,-1
215,147,361.20,717.29,123.33,55.64,1.00,4,-1,-1
215,210,888.25,582.30,44.42,44.07,1.00,4,-1,-1
215,211,1132.39,580.50,29.92,44.14,0.80,9,-1,-1
215,220,1183.78,648.90,78.28,45.60,0.99,4,-1,-1
215,206,1047.65,403.95,20.55,19.71,0.56,4,-1,-1
215,221,-5.48,690.21,78.93,48.76,0.90,4,-1,-1
215,225,224.62,703.77,124.27,55.63,1.00,4,-1,-1
215,234,1086.69,392.30,16.43,15.59,0.98,4,-1,-1
215,244,980.53,618.60,19.39,29.16,0.96,10,-1,-1
215,249,32.15,649.95,126.25,55.15,0.99,4,-1,-1
215,286,1582.42,872.83,199.87,80.46,1.00,4,-1,-1
215,273,988.31,428.01,23.87,22.96,0.99,4,-1,-1
215,217,251.45,661.47,122.52,55.01,0.99,4,-1,-1
215,307,724.29,717.04,38.68,30.14,0.91,7,-1,-1
215,297,424.94,678.65,116.49,50.04,0.98,4,-1,-1
215,260,1025.54,546.35,12.03,29.31,0.77,10,-1,-1
215,334,1497.28,741.61,24.15,44.27,0.97,1,-1,-1
215,339,736.64,706.31,18.25,30.00,0.78,2,-1,-1
215,27,678.63,839.95,149.28,98.41,0.88,4,-1,-1
215,344,982.97,607.50,14.46,25.31,0.75,2,-1,-1
215,345,1079.40,405.60,15.67,15.67,0.60,4,-1,-1
216,19,1040.10,506.48,30.07,28.66,0.99,4,-1,-1
216,22,1040.60,548.91,33.66,34.56,0.99,4,-1,-1
216,25,1058.57,767.94,63.10,80.91,1.00,4,-1,-1
216,47,1051.77,477.29,27.74,27.70,0.99,4,-1,-1
216,110,1071.84,442.87,22.95,22.95,0.99,4,-1,-1
216,120,1074.07,417.94,22.79,20.88,1.00,4,-1,-1
216,129,1088.71,585.17,16.11,27.16,0.98,10,-1,-1
216,166,-10.34,749.62,65.89,64.29,0.35,4,-1,-1
216,171,919.44,643.11,52.06,56.89,0.99,4,-1,-1
216,147,347.42,725.22,125.34,55.83,0.99,4,-1,-1
216,210,882.80,589.47,44.86,44.76,1.00,4,-1,-1
216,211,1131.68,584.72,30.24,43.53,0.76,9,-1,-1
216,220,1184.83,654.39,78.30,45.99,0.99,4,-1,-1
216,206,1046.44,405.38,20.56,19.49,0.70,4,-1,-1
216,221,-4.46,697.07,60.41,47.77,0.75,4,-1,-1
216,225,208.96,710.55,126.54,57.43,1.00,4,-1,-1
216,234,1086.16,392.36,16.72,16.03,0.98,4,-1,-1
216,244,979.15,625.14,18.61,29.93,0.96,10,-1,-1
216,249,14.88,656.39,128.44,55.59,0.99,4,-1,-1
216,286,1587.72,886.04,199.97,82.82,1.00,4,-1,-1
216,273,986.86,429.06,24.07,22.95,0.99,4,-1,-1
216,217,238.05,666.37,123.40,56.42,1.00,4,-1,-1
216,307,716.05,725.07,41.21,31.10,0.94,7,-1,-1
216,297,411.88,685.06,120.30,51.55,0.97,4,-1,-1
216,260,1024.94,548.26,12.87,29.74,0.70,10,-1,-1
216,334,1501.61,750.84,24.22,44.59,0.98,1,-1,-1
216,339,730.64,713.38,18.32,30.38,0.75,2,-1,-1
216,27,654.84,846.64,155.93,99.89,0.87,4,-1,-1
216,344,981.03,614.62,14.51,24.67,0.94,2,-1,-1
217,19,1039.27,507.52,30.20,28.42,1.00,4,-1,-1
217,22,1039.45,549.07,33.75,35.23,0.99,4,-1,-1
217,25,1057.29,769.82,62.01,80.12,1.00,4,-1,-1
217,47,1050.75,477.82,27.76,27.76,1.00,4,-1,-1
217,110,1071.14,443.19,22.96,22.96,0.99,4,-1,-1
217,120,1073.04,417.77,22.90,21.45,1.00,4,-1,-1
217,129,1087.18,586.17,16.62,28.31,1.00,10,-1,-1
217,171,916.22,648.88,52.19,57.10,0.99,4,-1,-1
217,147,332.85,733.32,127.69,57.49,1.00,4,-1,-1
217,210,877.56,596.87,45.01,45.81,1.00,4,-1,-1
217,211,1130.99,587.29,29.56,45.07,0.80,9,-1,-1
217,220,1184.81,659.59,79.50,47.73,0.99,4,-1,-1
217,206,1044.76,406.70,20.57,19.81,0.93,4,-1,-1
217,221,-3.09,704.79,40.02,49.01,0.54,4,-1,-1
217,225,193.00,718.61,127.88,57.33,1.00,4,-1,-1
217,234,1085.14,392.37,16.83,16.20,0.99,4,-1,-1
217,244,977.38,634.27,18.30,28.62,0.93,10,-1,-1
217,249,-0.10,663.15,127.62,55.75,0.99,4,-1,-1
217,286,1592.06,900.43,204.69,85.29,1.00,4,-1,-1
217,273,985.08,430.25,24.15,22.95,0.99,4,-1,-1
217,217,222.72,673.32,125.98,56.17,0.99,4,-1,-1
217,307,707.72,732.03,42.98,33.04,0.87,7,-1,-1
217,297,400.54,691.01,121.35,52.91,0.98,4,-1,-1
217,260,1024.63,551.73,12.40,28.71,0.80,10,-1,-1
217,334,1505.60,759.81,24.24,45.53,0.98,1,-1,-1
217,339,724.01,721.60,18.32,30.48,0.56,2,-1,-1
217,27,632.15,854.73,157.70,101.25,0.66,4,-1,-1
217,344,978.62,621.65,15.46,26.21,0.91,2,-1,-1
217,346,493.59,731.65,48.21,40.98,0.62,7,-1,-1
217,331,1051.53,395.57,19.33,17.51,0.69,4,-1,-1
218,19,1038.85,508.48,30.22,29.14,0.99,4,-1,-1
218,22,1038.90,550.88,34.57,34.24,0.99,4,-1,-1
218,25,1055.87,771.14,61.56,79.77,1.00,4,-1,-1
218,47,1050.67,478.61,27.74,27.36,1.00,4,-1,-1
218,110,1070.75,443.73,22.94,22.95,0.99,4,-1,-1
218,120,1072.94,418.15,22.93,21.65,1.00,4,-1,-1
218,129,1086.46,587.84,16.80,29.12,1.00,10,-1,-1
218,171,913.03,654.39,52.99,58.71,0.99,4,-1,-1
218,147,319.40,741.14,129.24,58.86,1.00,4,-1,-1
218,210,872.51,604.39,45.01,46.35,1.00,4,-1,-1
218,211,1130.95,591.69,30.07,45.61,0.42,9,-1,-1
218,220,1185.35,665.30,80.27,49.14,0.98,4,-1,-1
218,206,1044.05,407.80,20.56,20.31,0.94,4,-1,-1
218,221,-1.01,713.28,20.91,47.03,0.18,4,-1,-1
218,225,176.48,726.04,130.73,58.81,1.00,4,-1,-1
218,234,1085.03,392.83,17.68,16.26,1.00,4,-1,-1
218,244,976.24,641.83,18.17,28.89,0.94,10,-1,-1
218,249,-4.65,669.34,116.05,55.76,0.97,4,-1,-1
218,286,1595.82,915.65,206.25,87.73,1.00,4,-1,-1
218,273,984.37,431.28,24.16,23.35,0.99,4,-1,-1
218,217,208.76,679.60,128.71,57.60,0.99,4,-1,-1
218,307,701.98,739.83,42.07,32.98,0.88,7,-1,-1
218,297,388.66,698.46,123.57,53.38,0.98,4,-1,-1
218,260,1024.43,554.92,13.00,30.26,0.81,10,-1,-1
218,334,1510.96,769.63,24.22,45.85,0.96,1,-1,-1
218,339,716.88,729.96,18.28,30.45,0.75,2,-1,-1
218,27,608.39,862.92,156.78,102.48,0.94,4,-1,-1
218,344,976.88,629.39,15.76,26.67,0.80,2,-1,-1
218,331,1052.23,397.69,18.43,17.96,0.55,4,-1,-1
218,347,1039.62,392.65,16.88,16.88,0.60,4,-1,-1
219,19,1038.15,508.98,30.23,29.82,0.99,4,-1,-1
219,22,1038.15,552.34,29.26,33.05,0.95,4,-1,-1
219,25,1053.61,772.87,62.25,80.48,1.00,4,-1,-1
219,47,1049.69,479.06,27.75,27.21,0.99,4,-1,-1
219,110,1070.47,443.87,22.94,22.95,1.00,4,-1,-1
219,120,1072.38,418.22,22.94,21.73,1.00,4,-1,-1
219,129,1085.68,589.60,16.06,29.44,0.99,10,-1,-1
219,171,909.71,659.94,53.28,60.11,0.99,4,-1,-1
219,147,303.70,749.93,131.40,59.38,1.00,4,-1,-1
219,210,866.13,611.83,46.60,48.13,0.99,4,-1,-1
219,211,1130.82,593.85,30.25,47.60,0.73,9,-1,-1
219,220,1185.83,671.69,81.76,49.67,0.97,4,-1,-1
219,206,1043.26,409.11,20.55,20.11,0.82,4,-1,-1
219,225,158.83,734.29,133.59,59.37,1.00,4,-1,-1
219,234,1084.45,393.12,17.99,16.28,1.00,4,-1,-1
219,244,974.05,648.46,17.32,26.57,0.81,10,-1,-1
219,249,-6.28,675.57,101.88,55.76,0.94,4,-1,-1
219,286,1599.47,930.70,211.55,90.22,1.00,4,-1,-1
219,273,983.16,432.18,24.17,23.50,0.99,4,-1,-1
219,217,193.05,686.64,130.33,57.34,1.00,4,-1,-1
219,307,693.78,747.83,43.26,33.73,0.89,7,-1,-1
219,297,376.32,704.76,125.59,55.12,0.99,4,-1,-1
219,260,1023.78,557.82,14.02,31.62,0.90,10,-1,-1
219,334,1516.06,778.71,24.21,47.58,0.98,1,-1,-1
219,339,709.74,736.89,19.09,31.25,0.82,2,-1,-1
219,27,582.26,871.11,163.33,104.54,0.75,4,-1,-1
219,344,975.39,637.37,14.92,25.86,0.81,2,-1,-1
219,331,1050.99,399.11,18.17,18.11,0.39,4,-1,-1
219,347,1038.34,393.77,16.93,16.94,0.51,4,-1,-1
219,348,973.33,650.29,18.08,28.93,0.83,10,-1,-1
220,19,1037.26,509.16,30.22,30.47,0.98,4,-1,-1
220,22,1038.10,554.07,32.32,32.62,0.72,4,-1,-1
220,25,1051.74,773.83,63.30,80.72,1.00,4,-1,-1
220,47,1049.10,479.63,27.74,27.15,0.99,4,-1,-1
220,110,1070.14,444.34,22.93,22.94,1.00,4,-1,-1
220,120,1071.94,418.87,22.94,21.35,1.00,4,-1,-1
220,129,1085.16,591.98,15.77,29.75,0.99,10,-1,-1
220,171,906.33,665.42,54.15,61.40,1.00,4,-1,-1
220,147,288.89,758.91,133.32,60.33,1.00,4,-1,-1
220,210,860.48,620.57,47.16,49.37,0.99,4,-1,-1
220,211,1130.11,595.17,32.71,51.28,0.63,9,-1,-1
220,220,1185.70,678.31,83.47,50.63,0.99,4,-1,-1
220,206,1042.37,410.40,20.54,20.01,0.81,4,-1,-1
220,225,141.60,742.67,135.56,61.13,1.00,4,-1,-1
220,234,1084.01,393.26,18.11,16.29,0.99,4,-1,-1
220,244,972.22,656.30,16.98,26.49,0.85,10,-1,-1
220,249,-4.15,681.22,83.94,57.34,0.85,4,-1,-1
220,286,1603.06,947.88,218.16,91.12,1.00,4,-1,-1
220,273,982.12,433.50,24.16,23.14,0.99,4,-1,-1
220,217,177.50,693.02,130.84,58.80,0.99,4,-1,-1
220,307,685.53,755.73,44.46,36.36,0.88,7,-1,-1
220,297,363.34,711.64,127.44,55.76,0.98,4,-1,-1
220,260,1023.70,561.21,14.40,31.35,0.94,10,-1,-1
220,334,1519.42,789.44,25.82,47.41,0.97,1,-1,-1
220,339,690.51,752.57,36.38,34.78,0.93,7,-1,-1
220,27,554.72,880.66,168.26,106.06,0.86,4,-1,-1
220,344,972.93,645.79,15.50,26.42,0.92,2,-1,-1
220,331,1049.90,400.44,18.07,18.15,0.40,4,-1,-1
220,347,1037.19,395.48,16.95,16.49,0.31,4,-1,-1
220,348,971.86,657.37,18.14,29.03,0.80,3,-1,-1
220,349,970.92,659.33,19.29,28.93,0.87,10,-1,-1
221,19,1036.63,509.56,31.02,31.10,0.99,4,-1,-1
221,22,1038.56,554.83,33.26,33.29,0.92,7,-1,-1
221,25,1050.85,774.09,63.72,83.22,1.00,4,-1,-1
221,47,1048.59,480.19,28.55,27.12,0.99,4,-1,-1
221,110,1070.52,444.87,22.12,22.52,1.00,4,-1,-1
221,120,1072.28,419.07,22.13,21.19,1.00,4,-1,-1
221,129,1084.29,596.17,15.67,28.05,0.98,10,-1,-1
221,171,902.91,671.31,55.28,63.43,0.99,4,-1,-1
221,147,272.43,769.01,137.48,61.41,1.00,4,-1,-1
221,210,854.26,630.06,48.96,50.59,0.99,4,-1,-1
221,211,1129.96,599.61,33.63,52.10,0.80,9,-1,-1
221,220,1186.57,683.34,84.89,52.53,0.98,4,-1,-1
221,206,1041.74,411.61,20.54,20.37,0.87,4,-1,-1
221,225,123.49,751.80,138.24,62.52,0.99,4,-1,-1
221,234,1084.34,393.66,17.34,16.28,0.96,4,-1,-1
221,249,-3.42,688.21,66.75,58.68,0.80,4,-1,-1
221,286,1607.62,964.93,225.34,92.91,1.00,4,-1,-1
221,273,981.05,434.75,24.97,23.40,0.99,4,-1,-1
221,217,161.85,701.02,134.15,60.08,0.99,4,-1,-1
221,307,676.44,766.06,46.49,35.79,0.79,7,-1,-1
221,297,350.59,720.56,128.88,56.71,0.98,4,-1,-1
221,260,1023.79,564.76,15.34,31.99,0.94,10,-1,-1
221,334,1523.91,799.43,28.00,48.92,0.98,1,-1,-1
221,339,678.39,765.39,43.59,35.29,0.95,2,-1,-1
221,27,526.78,890.92,173.63,107.34,0.45,4,-1,-1
221,344,971.44,654.30,15.69,28.31,0.94,2,-1,-1
221,331,1049.60,401.26,18.05,17.75,0.34,4,-1,-1
221,347,1036.04,397.45,15.98,16.30,0.23,4,-1,-1
221,348,970.18,667.38,19.10,30.00,0.82,10,-1,-1
221,350,992.01,420.07,21.70,22.90,0.87,4,-1,-1
222,19,1035.85,510.36,31.32,31.75,0.99,4,-1,-1
222,22,1039.79,554.33,32.01,35.18,0.45,4,-1,-1
222,25,1049.14,775.06,63.05,84.16,1.00,4,-1,-1
222,47,1047.86,480.65,28.85,27.53,0.99,4,-1,-1
222,110,1069.73,445.33,22.63,22.78,1.00,4,-1,-1
222,120,1071.90,419.61,21.82,21.14,0.99,4,-1,-1
222,129,1083.42,598.15,15.64,28.22,0.96,10,-1,-1
222,171,898.70,677.41,56.47,64.98,0.99,4,-1,-1
222,147,255.74,778.47,140.00,63.43,1.00,4,-1,-1
222,210,847.07,639.06,50.40,52.62,0.99,4,-1,-1
222,211,1128.95,603.51,33.96,53.36,0.80,9,-1,-1
222,220,1187.49,690.76,85.39,53.26,0.97,4,-1,-1
222,206,1041.01,412.68,20.53,20.91,0.79,4,-1,-1
222,225,105.29,761.27,139.04,63.06,1.00,4,-1,-1
222,234,1084.37,394.07,17.04,16.29,0.94,4,-1,-1
222,249,-2.34,695.29,47.02,59.99,0.13,4,-1,-1
222,286,1610.55,983.95,234.29,92.02,0.99,4,-1,-1
222,273,979.33,435.83,25.26,23.91,0.99,4,-1,-1
222,217,144.36,708.91,135.89,60.58,0.99,4,-1,-1
222,307,666.18,775.77,50.37,37.11,0.83,7,-1,-1
222,297,335.67,728.05,131.35,57.88,0.99,4,-1,-1
222,260,1024.82,567.87,14.91,33.41,0.95,10,-1,-1
222,334,1526.91,811.53,30.38,47.89,0.95,1,-1,-1
222,339,666.87,775.26,49.23,37.04,0.84,2,-1,-1
222,27,496.80,901.33,178.95,109.43,0.66,4,-1,-1
222,344,968.70,663.33,15.74,28.15,0.91,2,-1,-1
222,348,966.90,676.64,19.39,31.21,0.91,10,-1,-1
222,351,685.25,764.20,20.49,36.16,0.66,2,-1,-1
222,244,968.07,669.18,16.93,29.47,0.71,2,-1,-1
223,19,1035.13,511.67,31.42,30.78,0.97,4,-1,-1
223,22,1039.02,555.14,31.52,36.67,0.63,4,-1,-1
223,25,1047.30,776.61,62.79,82.89,1.00,4,-1,-1
223,47,1047.56,481.23,28.15,27.27,0.99,4,-1,-1
223,110,1068.99,445.71,22.82,22.87,1.00,4,-1,-1
223,120,1071.32,420.23,21.70,21.11,0.99,4,-1,-1
223,129,1081.86,599.22,16.45,29.91,0.93,10,-1,-1
223,171,893.97,683.95,57.69,66.33,1.00,4,-1,-1
223,147,238.97,789.00,141.57,64.16,0.99,4,-1,-1
223,210,839.69,647.84,51.72,55.73,0.99,4,-1,-1
223,211,1128.11,608.28,34.06,54.40,0.85,9,-1,-1
223,220,1186.97,697.79,87.14,55.09,0.97,4,-1,-1
223,206,1039.10,414.07,21.34,20.71,0.56,4,-1,-1
223,225,83.94,771.04,143.44,64.81,1.00,4,-1,-1
223,234,1083.52,394.24,17.75,16.29,0.98,4,-1,-1
223,286,1613.03,1002.28,243.88,81.15,0.97,4,-1,-1
223,273,977.87,437.22,25.37,23.69,0.99,4,-1,-1
223,217,126.10,717.32,139.97,62.32,0.99,4,-1,-1
223,307,667.28,777.34,34.15,40.74,0.66,2,-1,-1
223,297,321.21,737.47,133.80,58.28,0.99,4,-1,-1
223,260,1025.61,571.37,14.71,33.54,0.81,10,-1,-1
223,334,1531.76,823.00,31.31,49.89,0.97,1,-1,-1
223,339,655.47,785.51,53.11,38.47,0.96,3,-1,-1
223,27,466.17,913.82,182.47,110.17,0.61,4,-1,-1
223,344,965.66,672.51,15.75,29.70,0.80,2,-1,-1
223,348,963.25,685.42,20.34,32.45,0.85,10,-1,-1
223,352,420.07,787.10,50.62,40.98,0.64,7,-1,-1
224,19,1034.51,512.70,31.45,30.81,0.97,4,-1,-1
224,22,1039.19,556.96,30.53,32.87,0.87,4,-1,-1
224,25,1045.87,778.75,62.70,82.39,1.00,4,-1,-1
224,47,1046.71,481.99,28.70,27.99,0.99,4,-1,-1
224,110,1068.78,446.19,22.88,22.91,0.99,4,-1,-1
224,120,1070.34,420.40,22.49,21.52,0.99,4,-1,-1
224,129,1080.12,601.33,16.74,30.73,0.98,10,-1,-1
224,171,889.50,690.19,58.93,69.19,0.99,4,-1,-1
224,147,220.47,799.81,144.29,65.21,1.00,4,-1,-1
224,210,831.50,658.40,53.78,56.91,0.99,4,-1,-1
224,211,1127.84,610.76,34.87,57.14,0.75,9,-1,-1
224,220,1186.78,704.23,88.56,56.56,0.95,4,-1,-1
224,206,1038.05,415.29,21.63,21.03,0.22,4,-1,-1
224,225,62.26,780.75,147.33,67.05,1.00,4,-1,-1
224,234,1082.86,394.44,18.00,16.69,0.97,4,-1,-1
224,286,1617.00,1022.86,249.01,62.40,0.86,4,-1,-1
224,273,976.60,438.65,24.59,23.20,0.98,4,-1,-1
224,217,106.99,725.38,142.00,63.77,0.99,4,-1,-1
224,307,662.86,784.71,26.38,42.13,0.66,7,-1,-1
224,297,304.12,745.53,137.46,60.01,0.99,4,-1,-1
224,260,1026.34,576.13,13.82,31.97,0.72,10,-1,-1
224,334,1537.47,834.62,31.65,51.42,0.95,1,-1,-1
224,339,644.18,795.80,56.16,40.57,0.88,2,-1,-1
224,27,431.14,925.82,188.44,112.02,0.65,4,-1,-1
224,344,961.76,681.27,16.57,31.86,0.92,2,-1,-1
224,348,959.56,695.71,20.64,33.70,0.83,10,-1,-1
224,353,427.60,926.92,188.64,112.10,0.82,7,-1,-1
224,354,1038.42,556.88,31.34,31.34,0.89,4,-1,-1
224,355,1110.74,550.55,25.31,33.15,0.70,4,-1,-1
224,244,960.15,694.70,19.89,33.13,0.62,3,-1,-1
225,19,1032.71,513.33,31.44,31.22,0.99,4,-1,-1
225,22,1036.37,557.89,32.65,34.27,0.99,4,-1,-1
225,25,1044.15,781.58,62.64,82.19,1.00,4,-1,-1
225,47,1045.62,482.94,28.88,28.26,1.00,4,-1,-1
225,110,1068.33,446.85,22.90,22.92,0.99,4,-1,-1
225,120,1069.62,420.74,22.77,21.67,0.99,4,-1,-1
225,129,1079.09,603.92,16.04,31.24,0.99,10,-1,-1
225,171,884.72,697.56,60.15,70.26,1.00,4,-1,-1
225,147,200.22,810.69,147.61,67.98,1.00,4,-1,-1
225,210,823.01,668.97,56.09,59.68,0.99,4,-1,-1
225,211,1126.94,616.01,35.15,56.61,0.76,9,-1,-1
225,220,1186.25,712.13,91.04,57.89,0.99,4,-1,-1
225,206,1036.93,416.80,21.73,21.54,0.65,4,-1,-1
225,225,39.64,790.80,149.69,69.48,1.00,4,-1,-1
225,234,1082.66,395.21,18.09,17.25,0.97,4,-1,-1
225,286,1620.57,1042.10,245.97,41.00,0.12,4,-1,-1
225,273,975.41,440.02,24.28,23.01,0.98,4,-1,-1
225,217,86.37,733.26,146.45,66.69,0.99,4,-1,-1
225,307,652.64,793.57,26.12,45.75,0.75,7,-1,-1
225,297,286.54,754.62,140.74,62.24,0.98,4,-1,-1
225,260,1026.22,579.89,14.29,33.35,0.71,10,-1,-1
225,334,1542.59,848.01,30.16,50.39,0.98,1,-1,-1
225,339,632.62,806.15,58.82,41.37,0.94,2,-1,-1
225,27,393.94,938.35,193.73,113.49,0.79,4,-1,-1
225,344,957.95,691.14,16.86,31.10,0.84,2,-1,-1
225,353,394.26,939.36,194.61,114.49,0.89,4,-1,-1
225,355,1109.67,554.06,28.29,35.69,0.71,4,-1,-1
225,244,955.83,706.55,19.72,33.05,0.73,10,-1,-1
226,19,1031.79,514.19,32.25,31.78,0.99,4,-1,-1
226,22,1034.71,558.27,34.21,36.77,0.99,4,-1,-1
226,25,1041.69,784.33,64.28,82.13,0.99,4,-1,-1
226,47,1045.38,483.91,28.96,28.36,1.00,4,-1,-1
226,110,1067.92,447.91,22.92,22.52,0.99,4,-1,-1
226,120,1069.11,421.48,22.88,21.72,0.99,4,-1,-1
226,129,1077.68,606.28,16.60,31.63,1.00,10,-1,-1
226,171,879.94,704.67,61.40,72.22,1.00,4,-1,-1
226,147,178.60,822.67,150.63,69.03,0.99,4,-1,-1
226,210,814.11,679.60,57.77,62.30,0.99,4,-1,-1
226,211,1127.58,623.95,33.65,54.74,0.79,9,-1,-1
226,220,1187.02,719.40,92.77,59.17,0.97,4,-1,-1
226,206,1035.88,418.54,21.77,21.34,0.48,4,-1,-1
226,225,16.56,802.09,152.30,70.39,1.00,4,-1,-1
226,234,1082.75,395.89,18.13,17.46,0.94,4,-1,-1
226,273,974.32,441.52,24.17,23.35,0.98,4,-1,-1
226,217,65.57,742.56,148.52,67.79,0.99,4,-1,-1
226,307,644.11,804.35,24.28,44.87,0.64,7,-1,-1
226,297,267.88,765.16,144.74,63.07,0.99,4,-1,-1
226,260,1025.51,584.86,15.26,33.45,0.77,10,-1,-1
226,334,1549.49,861.64,29.54,51.58,0.96,1,-1,-1
226,339,622.10,817.87,59.12,41.64,0.84,2,-1,-1
226,27,353.92,953.38,201.62,114.02,0.42,4,-1,-1
226,344,953.49,701.50,17.77,33.16,0.93,2,-1,-1
226,353,356.31,954.48,202.91,115.08,0.75,4,-1,-1
226,355,1109.54,556.93,29.80,37.14,0.98,4,-1,-1
226,244,951.18,718.05,21.22,33.79,0.89,10,-1,-1
226,356,1171.00,695.49,80.16,47.01,0.78,4,-1,-1
227,19,1031.11,514.65,32.55,32.38,0.99,4,-1,-1
227,22,1033.34,559.35,35.61,37.30,1.00,4,-1,-1
227,25,1039.27,786.88,64.89,82.91,1.00,4,-1,-1
227,47,1044.94,484.62,28.99,27.99,1.00,4,-1,-1
227,110,1067.41,448.46,22.92,22.37,1.00,4,-1,-1
227,120,1068.57,421.91,22.92,21.74,1.00,4,-1,-1
227,129,1076.03,608.27,17.61,32.57,0.99,10,-1,-1
227,171,875.51,712.33,62.65,72.92,1.00,4,-1,-1
227,147,157.00,834.91,155.49,70.96,1.00,4,-1,-1
227,210,805.00,691.68,59.16,64.84,0.99,4,-1,-1
227,211,1127.90,632.85,32.21,52.33,0.80,9,-1,-1
227,220,1186.56,727.88,94.97,59.61,0.96,4,-1,-1
227,206,1034.76,420.32,21.78,21.25,0.59,4,-1,-1
227,225,-0.97,813.71,148.99,73.05,1.00,4,-1,-1
227,234,1082.43,395.90,18.14,17.53,0.97,4,-1,-1
227,273,973.19,443.02,24.13,23.07,0.98,4,-1,-1
227,217,43.37,751.47,153.45,71.33,0.98,4,-1,-1
227,307,631.59,815.40,27.34,45.98,0.60,7,-1,-1
227,297,250.72,774.92,147.79,65.72,0.99,4,-1,-1
227,260,1026.07,588.20,15.63,34.67,0.77,10,-1,-1
227,334,1556.79,875.17,27.67,53.61,0.98,1,-1,-1
227,339,611.14,829.95,58.52,41.69,0.97,2,-1,-1
227,27,311.98,968.76,208.48,110.13,0.44,4,-1,-1
227,344,949.94,712.29,18.11,33.91,0.93,2,-1,-1
227,353,313.39,969.98,209.22,109.32,0.72,6,-1,-1
227,355,1109.54,560.27,29.39,35.27,0.84,4,-1,-1
227,244,947.16,730.86,21.78,33.26,0.90,10,-1,-1
228,19,1029.88,515.13,32.65,32.60,0.99,4,-1,-1
228,22,1032.64,560.44,35.34,36.69,1.00,4,-1,-1
228,25,1037.86,788.88,63.49,82.36,1.00,4,-1,-1
228,47,1043.81,485.20,28.99,27.83,0.99,4,-1,-1
228,110,1066.64,448.57,22.92,22.72,0.99,4,-1,-1
228,120,1067.78,422.19,22.93,21.74,0.99,4,-1,-1
228,129,1075.24,611.04,16.40,32.71,1.00,10,-1,-1
228,171,869.82,719.73,63.88,76.30,1.00,4,-1,-1
228,147,133.52,847.96,158.69,72.42,1.00,4,-1,-1
228,210,794.84,703.09,61.23,68.89,1.00,4,-1,-1
228,211,1126.20,637.92,33.32,53.83,0.72,9,-1,-1
228,220,1188.17,736.74,95.37,61.31,0.85,4,-1,-1
228,206,1033.37,421.48,21.78,21.60,0.47,4,-1,-1
228,225,-7.43,825.77,132.41,74.00,0.99,4,-1,-1
228,234,1081.71,396.43,18.13,17.15,0.89,4,-1,-1
228,273,971.41,444.48,24.12,22.96,0.98,4,-1,-1
228,217,21.40,761.35,155.13,71.85,0.98,4,-1,-1
228,307,620.01,827.99,28.26,47.16,0.81,7,-1,-1
228,297,232.26,785.88,152.42,66.68,0.97,4,-1,-1
228,334,1563.15,889.34,28.60,55.94,0.99,1,-1,-1
228,339,598.29,841.30,61.80,43.25,0.95,2,-1,-1
228,27,267.62,985.42,214.52,97.87,0.51,4,-1,-1
228,344,944.52,722.40,19.03,35.75,0.88,2,-1,-1
228,353,266.92,986.73,216.61,94.23,0.79,4,-1,-1
228,355,1108.94,564.15,30.07,35.94,0.67,4,-1,-1
228,244,941.98,739.29,22.76,37.03,0.86,10,-1,-1
228,357,982.97,428.81,22.90,22.90,0.71,4,-1,-1
229,19,1028.62,516.24,32.68,31.86,0.98,4,-1,-1
229,22,1031.19,561.57,35.21,36.02,1.00,4,-1,-1
229,25,1035.78,791.12,63.77,82.95,1.00,4,-1,-1
229,47,1042.97,485.54,28.17,27.77,0.99,4,-1,-1
229,110,1065.52,449.16,22.92,22.03,0.99,4,-1,-1
229,120,1066.66,422.44,22.94,21.32,0.99,4,-1,-1
229,129,1074.20,616.37,15.90,31.14,0.87,10,-1,-1
229,171,864.59,727.46,65.12,78.33,0.99,4,-1,-1
229,147,107.90,861.36,164.53,76.10,0.99,4,-1,-1
229,210,784.83,715.43,63.57,71.98,1.00,4,-1,-1
229,211,1125.57,643.62,33.72,54.36,0.71,9,-1,-1
229,220,1189.16,745.39,96.65,62.71,0.93,4,-1,-1
229,206,1032.06,423.03,21.77,21.33,0.76,4,-1,-1
229,225,-8.36,837.65,110.36,76.67,0.98,4,-1,-1
229,234,1081.42,397.19,18.13,16.58,0.95,4,-1,-1
229,273,969.96,445.54,24.11,22.91,0.99,4,-1,-1
229,217,0.28,771.65,155.81,73.55,0.98,4,-1,-1
229,307,608.92,840.82,27.62,47.57,0.78,7,-1,-1
229,297,212.62,797.35,155.29,67.77,0.99,4,-1,-1
229,334,1569.34,904.59,30.54,58.38,0.99,1,-1,-1
229,339,585.93,855.57,62.87,43.81,0.88,2,-1,-1
229,27,220.70,1001.83,221.41,82.05,0.27,4,-1,-1
229,344,939.75,733.83,18.58,36.43,0.96,2,-1,-1
229,353,219.55,1002.87,223.47,78.32,0.65,6,-1,-1
229,355,1108.29,568.26,30.28,35.71,0.90,4,-1,-1
229,244,937.29,752.44,22.35,37.65,0.67,10,-1,-1
230,19,1026.98,517.76,32.65,31.99,0.99,4,-1,-1
230,22,1029.43,562.89,35.12,37.42,1.00,4,-1,-1
230,25,1032.84,794.63,64.63,83.21,1.00,4,-1,-1
230,47,1041.50,486.39,28.66,27.76,0.99,4,-1,-1
230,110,1064.78,449.91,22.90,22.20,0.99,4,-1,-1
230,120,1066.35,423.28,22.92,21.18,0.99,4,-1,-1
230,129,1071.73,617.79,16.53,32.98,0.92,10,-1,-1
230,171,858.61,735.94,65.48,80.69,1.00,4,-1,-1
230,147,81.23,875.21,169.77,78.39,1.00,4,-1,-1
230,210,772.77,729.47,66.72,75.51,0.99,4,-1,-1
230,211,1124.44,651.62,33.81,54.56,0.69,5,-1,-1
230,220,1189.73,754.08,98.23,64.86,0.97,4,-1,-1
230,206,1030.07,425.31,22.56,21.23,0.77,4,-1,-1
230,225,-7.02,849.69,83.52,78.49,0.93,4,-1,-1
230,234,1080.61,398.23,18.93,16.79,0.94,4,-1,-1
230,273,967.50,447.18,24.91,23.32,0.99,4,-1,-1
230,217,-7.39,781.97,140.36,71.89,0.97,4,-1,-1
230,307,594.30,853.77,28.61,49.28,0.39,7,-1,-1
230,297,191.36,808.65,157.21,69.85,0.98,4,-1,-1
230,334,1574.34,921.90,32.80,60.11,0.98,1,-1,-1
230,339,571.82,867.01,65.43,47.20,0.92,3,-1,-1
230,344,933.06,746.11,19.96,39.04,0.93,2,-1,-1
230,353,166.71,1022.46,229.42,58.01,0.26,6,-1,-1
230,355,1106.76,571.97,28.59,37.37,0.97,4,-1,-1
230,244,930.63,765.00,23.71,39.43,0.87,10,-1,-1
230,358,938.97,508.36,14.46,21.70,0.71,10,-1,-1
230,331,1037.71,410.87,20.50,18.18,0.51,4,-1,-1
231,19,1026.04,518.42,32.67,32.44,0.98,4,-1,-1
231,22,1027.26,563.49,35.93,38.73,1.00,4,-1,-1
231,25,1029.60,797.33,65.83,84.92,1.00,4,-1,-1
231,47,1040.20,486.57,28.87,28.16,0.98,4,-1,-1
231,110,1063.73,450.24,22.10,21.85,0.99,4,-1,-1
231,120,1065.86,423.64,22.12,20.71,0.99,4,-1,-1
231,129,1070.58,620.02,16.78,33.65,0.27,10,-1,-1
231,171,851.39,744.44,68.06,83.12,1.00,4,-1,-1
231,147,52.15,889.76,177.01,81.53,0.99,4,-1,-1
231,210,759.36,742.83,71.11,79.95,0.99,4,-1,-1
231,211,1122.59,656.97,35.51,55.41,0.83,9,-1,-1
231,220,1188.20,762.83,100.86,67.20,0.98,4,-1,-1
231,206,1028.95,426.37,22.07,21.59,0.92,4,-1,-1
231,225,-4.95,864.04,55.12,83.05,0.48,4,-1,-1
231,234,1079.92,398.63,18.44,16.46,0.97,4,-1,-1
231,273,966.21,448.06,24.42,23.47,1.00,4,-1,-1
231,217,-8.88,793.71,121.26,73.49,0.89,4,-1,-1
231,307,564.64,874.36,55.36,51.46,0.72,7,-1,-1
231,297,170.26,818.60,159.96,75.30,0.98,4,-1,-1
231,334,1582.95,939.18,32.15,61.55,0.98,1,-1,-1
231,339,557.09,878.75,68.55,51.57,0.68,3,-1,-1
231,344,927.21,759.07,20.50,39.26,0.90,2,-1,-1
231,353,107.34,1040.36,198.71,39.36,0.60,4,-1,-1
231,355,1105.06,574.93,28.85,38.77,0.99,4,-1,-1
231,244,924.01,776.90,25.03,42.45,0.88,10,-1,-1
231,358,936.65,511.28,14.52,22.28,0.93,10,-1,-1
231,331,1037.21,411.51,19.78,18.16,0.83,4,-1,-1
231,359,976.94,431.52,22.90,22.30,0.89,4,-1,-1
231,360,1020.94,409.52,18.08,16.88,0.85,4,-1,-1
231,361,1121.58,656.32,37.37,56.65,0.76,7,-1,-1
232,19,1025.24,518.85,31.85,32.58,0.99,4,-1,-1
232,22,1025.99,564.08,36.22,39.20,0.99,4,-1,-1
232,25,1026.78,800.23,65.46,86.33,0.99,4,-1,-1
232,47,1038.84,487.45,28.94,28.30,0.99,4,-1,-1
232,110,1062.44,450.58,21.80,21.71,0.99,4,-1,-1
232,120,1064.78,424.20,21.81,20.53,0.99,4,-1,-1
232,129,1068.49,621.15,16.06,30.67,0.85,7,-1,-1
232,171,844.39,753.79,69.80,85.55,1.00,4,-1,-1
232,147,25.37,905.34,178.30,85.00,1.00,4,-1,-1
232,210,746.52,757.51,73.56,83.94,0.99,4,-1,-1
232,211,1122.20,663.99,35.33,55.70,0.83,9,-1,-1
232,220,1184.69,771.81,105.39,69.62,0.96,4,-1,-1
232,206,1027.68,428.38,21.87,20.90,0.85,4,-1,-1
232,234,1079.15,399.01,18.23,16.32,0.96,4,-1,-1
232,273,964.90,449.19,24.22,23.51,0.99,4,-1,-1
232,217,-7.99,805.16,97.08,73.21,0.94,4,-1,-1
232,297,146.96,831.27,163.90,77.32,1.00,4,-1,-1
232,334,1591.48,957.92,31.84,62.04,0.98,1,-1,-1
232,339,541.58,897.35,69.31,47.90,0.89,3,-1,-1
232,344,920.67,772.03,20.69,40.85,0.98,2,-1,-1
232,355,1103.13,578.33,29.77,40.50,0.99,4,-1,-1
232,244,917.96,791.36,25.53,42.83,0.88,10,-1,-1
232,358,933.17,515.34,14.55,21.95,0.88,10,-1,-1
232,331,1035.28,412.61,19.53,17.33,0.47,4,-1,-1
232,359,974.25,432.70,23.96,22.89,0.90,4,-1,-1
232,360,1019.41,411.09,17.19,17.44,0.69,4,-1,-1
232,362,823.26,599.06,14.46,33.75,0.62,1,-1,-1
233,19,1023.99,519.17,33.18,33.04,1.00,4,-1,-1
233,22,1024.99,565.27,37.12,39.36,0.99,4,-1,-1
233,25,1023.63,803.68,66.14,86.05,1.00,4,-1,-1
233,47,1038.20,487.74,28.97,28.76,0.98,4,-1,-1
233,110,1061.82,450.66,22.52,22.08,0.99,4,-1,-1
233,120,1064.23,424.16,22.53,21.30,0.98,4,-1,-1
233,129,1064.71,624.30,19.94,31.98,0.97,10,-1,-1
233,171,837.34,763.12,72.82,88.80,1.00,4,-1,-1
233,147,0.45,922.13,177.50,87.87,0.99,4,-1,-1
233,210,731.83,773.89,78.38,87.78,1.00,4,-1,-1
233,211,1121.95,671.27,35.25,55.78,0.91,9,-1,-1
233,220,1188.36,782.54,104.72,69.72,0.99,4,-1,-1
233,206,1025.86,430.06,22.61,21.46,0.86,4,-1,-1
233,234,1078.71,399.31,18.16,16.28,0.92,4,-1,-1
233,273,963.07,450.36,24.97,24.34,0.99,4,-1,-1
233,217,-5.44,817.27,70.10,73.03,0.73,4,-1,-1
233,297,122.60,845.81,168.60,78.83,1.00,4,-1,-1
233,334,1601.24,978.17,31.70,62.98,0.98,1,-1,-1
233,339,525.93,913.03,71.04,49.41,0.84,3,-1,-1
233,344,914.56,785.81,20.75,41.44,0.88,2,-1,-1
233,355,1101.87,581.88,32.59,41.53,0.99,4,-1,-1
233,244,911.65,805.33,25.70,43.71,0.81,10,-1,-1
233,358,930.30,519.17,15.47,23.21,0.87,10,-1,-1
233,331,1034.43,414.39,19.44,18.70,0.32,4,-1,-1
233,359,973.22,434.22,23.28,23.49,0.82,4,-1,-1
233,360,1017.28,412.68,17.97,18.49,0.43,4,-1,-1
233,363,788.30,586.41,40.98,44.00,0.73,5,-1,-1
233,260,1027.77,612.13,15.80,33.03,0.60,10,-1,-1
234,19,1022.67,520.66,33.66,32.40,0.99,4,-1,-1
234,22,1023.76,566.88,37.46,39.01,1.00,4,-1,-1
234,25,1020.41,806.51,67.19,86.74,0.99,4,-1,-1
234,47,1037.51,488.41,28.98,28.52,0.99,4,-1,-1
234,110,1061.13,451.27,22.79,22.22,0.99,4,-1,-1
234,120,1063.16,424.52,22.80,21.58,0.99,4,-1,-1
234,129,1062.87,627.39,19.76,30.01,0.89,10,-1,-1
234,171,829.92,773.59,74.74,90.81,1.00,4,-1,-1
234,147,-8.37,939.65,158.46,89.71,0.99,4,-1,-1
234,210,716.85,791.69,82.55,92.35,1.00,4,-1,-1
234,211,1121.40,677.83,34.38,56.60,0.87,9,-1,-1
234,220,1189.33,792.77,106.36,72.88,0.98,4,-1,-1
234,206,1024.34,431.82,22.88,22.07,0.53,4,-1,-1
234,234,1078.51,399.58,18.13,16.67,0.82,4,-1,-1
234,273,961.14,451.73,25.25,24.65,0.99,4,-1,-1
234,297,96.42,859.77,173.55,80.95,0.99,4,-1,-1
234,334,1611.07,999.44,31.63,64.90,0.94,1,-1,-1
234,339,509.64,930.95,72.01,49.17,0.89,3,-1,-1
234,344,907.07,800.27,22.36,44.00,0.96,2,-1,-1
234,355,1100.54,586.11,34.41,42.90,0.97,4,-1,-1
234,244,903.30,821.43,28.12,45.59,0.90,10,-1,-1
234,358,926.81,523.28,15.75,23.59,0.47,10,-1,-1
234,331,1032.88,415.98,20.22,19.18,0.37,4,-1,-1
234,359,972.77,435.04,22.97,24.11,0.51,4,-1,-1
234,360,1015.34,413.13,18.19,19.28,0.32,4,-1,-1
234,363,786.16,592.15,36.35,41.81,0.80,7,-1,-1
234,260,1028.93,617.59,15.76,32.73,0.70,10,-1,-1
234,364,787.70,591.53,34.96,41.89,0.74,5,-1,-1
235,19,1021.73,521.95,33.02,32.14,0.99,4,-1,-1
235,22,1022.86,568.39,36.75,38.86,1.00,4,-1,-1
235,25,1017.17,809.42,65.94,87.79,1.00,4,-1,-1
235,47,1035.59,489.40,28.97,28.02,0.99,4,-1,-1
235,110,1060.43,451.83,22.07,22.27,0.99,4,-1,-1
235,120,1062.31,424.79,22.08,21.69,0.98,4,-1,-1
235,129,1061.35,630.41,19.62,30.91,0.93,10,-1,-1
235,171,822.40,783.20,76.20,93.09,0.99,4,-1,-1
235,147,-10.50,958.08,130.13,92.71,0.99,4,-1,-1
235,210,699.08,810.30,88.77,96.40,1.00,4,-1,-1
235,211,1119.90,675.95,38.14,66.59,0.86,9,-1,-1
235,220,1190.77,803.88,107.31,75.63,0.99,4,-1,-1
235,206,1022.94,433.78,22.16,21.89,0.75,4,-1,-1
235,234,1077.15,399.62,18.11,16.41,0.87,4,-1,-1
235,273,959.20,453.35,25.34,24.36,0.99,4,-1,-1
235,297,68.81,874.12,178.49,83.29,0.99,4,-1,-1
235,334,1617.54,1020.96,36.46,60.02,0.57,1,-1,-1
235,339,491.45,945.16,75.81,54.63,0.86,3,-1,-1
235,344,899.50,815.66,22.95,45.74,0.98,2,-1,-1
235,355,1099.17,589.93,35.10,43.00,0.99,4,-1,-1
235,244,895.40,836.27,28.25,47.08,0.90,10,-1,-1
235,358,923.13,527.00,15.82,24.56,0.92,10,-1,-1
235,331,1032.26,417.50,20.49,18.95,0.35,4,-1,-1
235,359,970.41,436.46,23.81,24.27,0.85,4,-1,-1
235,360,1013.46,413.75,18.22,19.94,0.39,4,-1,-1
235,363,780.35,596.00,37.33,42.57,0.66,5,-1,-1
235,260,1027.96,621.78,16.57,34.32,0.94,1,-1,-1
235,365,46.78,817.23,25.16,50.62,0.61,1,-1,-1
235,366,1063.12,629.20,16.88,27.72,0.81,2,-1,-1
235,367,1064.93,627.39,14.46,25.31,0.61,2,-1,-1
236,19,1020.36,522.81,33.60,32.44,0.99,4,-1,-1
236,22,1021.53,569.32,37.30,38.77,1.00,4,-1,-1
236,25,1013.88,813.07,66.30,87.33,1.00,4,-1,-1
236,47,1035.05,489.95,28.98,28.23,0.99,4,-1,-1
236,110,1059.92,452.01,21.80,22.70,0.99,4,-1,-1
236,120,1061.74,425.27,21.81,21.31,0.97,4,-1,-1
236,129,1059.85,636.52,19.56,28.77,0.95,10,-1,-1
236,171,814.79,794.44,78.35,95.45,1.00,4,-1,-1
236,147,-8.68,978.07,100.17,93.74,0.97,4,-1,-1
236,210,681.37,829.29,94.31,103.33,1.00,4,-1,-1
236,211,1118.79,686.58,39.51,64.92,0.82,9,-1,-1
236,220,1191.59,816.32,109.24,76.61,0.98,4,-1,-1
236,206,1021.39,435.26,22.71,21.80,0.85,4,-1,-1
236,234,1076.37,399.59,18.11,16.31,0.86,4,-1,-1
236,273,957.44,454.54,25.39,24.64,1.00,4,-1,-1
236,297,40.49,890.21,183.45,84.86,0.99,4,-1,-1
236,334,1628.93,1043.86,35.19,42.20,0.28,1,-1,-1
236,339,473.10,962.55,78.42,57.42,0.42,3,-1,-1
236,344,890.67,831.76,24.76,47.95,0.98,2,-1,-1
236,355,1098.47,593.82,36.95,44.19,0.99,4,-1,-1
236,244,887.63,852.92,29.07,47.61,0.84,10,-1,-1
236,358,920.01,530.73,15.83,25.72,0.74,1,-1,-1
236,331,1030.59,418.42,20.60,19.25,0.38,4,-1,-1
236,359,968.93,437.33,23.21,24.28,0.98,4,-1,-1
236,360,1011.73,415.64,18.21,19.70,0.29,4,-1,-1
236,363,775.14,599.79,38.53,45.08,0.78,5,-1,-1
236,260,1027.80,625.83,16.88,37.31,0.98,1,-1,-1
236,366,1060.88,637.99,18.89,28.83,0.65,7,-1,-1
236,367,1063.67,631.84,14.54,25.44,0.63,2,-1,-1
237,19,1017.96,523.69,34.61,32.56,0.99,4,-1,-1
237,22,1020.35,570.65,37.49,38.74,1.00,4,-1,-1
237,25,1011.18,816.17,65.60,87.97,1.00,4,-1,-1
237,47,1033.78,490.52,28.98,27.90,0.98,4,-1,-1
237,110,1058.66,452.46,21.70,22.86,0.99,4,-1,-1
237,120,1060.46,425.84,22.54,21.17,0.97,4,-1,-1
237,129,1059.01,638.85,17.91,29.64,0.83,3,-1,-1
237,171,805.72,805.42,80.69,99.49,0.99,4,-1,-1
237,147,-6.28,1000.82,65.10,83.72,0.84,4,-1,-1
237,210,659.89,849.78,101.83,109.88,1.00,4,-1,-1
237,211,1117.63,696.53,37.64,62.43,0.87,9,-1,-1
237,220,1192.72,829.42,109.51,77.73,0.99,4,-1,-1
237,206,1019.35,436.55,22.90,22.59,0.82,4,-1,-1
237,234,1075.83,400.39,17.29,15.86,0.46,4,-1,-1
237,273,955.34,455.92,25.39,24.34,1.00,4,-1,-1
237,297,9.48,906.76,188.91,87.02,0.99,4,-1,-1
237,339,452.75,981.59,80.13,59.28,0.62,3,-1,-1
237,344,881.89,848.48,25.44,49.57,0.98,2,-1,-1
237,355,1097.11,597.19,36.85,44.83,0.99,4,-1,-1
237,244,878.86,868.24,30.14,50.15,0.75,10,-1,-1
237,358,916.23,534.58,15.81,26.13,0.87,10,-1,-1
237,331,1028.51,419.51,20.63,20.17,0.51,4,-1,-1
237,359,967.86,438.15,22.10,24.27,0.98,4,-1,-1
237,360,1010.12,417.07,18.19,20.00,0.18,4,-1,-1
237,363,767.73,604.21,39.75,44.27,0.69,5,-1,-1
237,260,1027.79,631.44,16.18,36.06,0.96,1,-1,-1
237,366,1059.64,641.16,17.50,29.08,0.97,10,-1,-1
237,367,1061.26,634.54,14.56,25.49,0.72,2,-1,-1
237,368,1166.79,784.08,92.81,63.88,0.76,4,-1,-1
238,19,1017.10,524.61,34.95,32.99,0.98,4,-1,-1
238,22,1018.72,572.09,37.50,38.69,0.99,4,-1,-1
238,25,1006.92,819.43,66.07,89.77,1.00,4,-1,-1
238,47,1032.52,490.75,28.95,28.59,1.00,4,-1,-1
238,110,1057.37,452.90,22.48,22.90,0.99,4,-1,-1
238,120,1059.58,426.14,22.78,21.52,0.99,4,-1,-1
238,129,1057.08,644.07,17.22,29.11,0.88,10,-1,-1
238,171,796.59,816.99,83.03,102.50,1.00,4,-1,-1
238,210,638.80,871.06,108.48,116.97,1.00,4,-1,-1
238,211,1117.11,708.09,35.15,59.73,0.81,9,-1,-1
238,220,1191.69,843.48,114.26,78.07,0.98,4,-1,-1
238,206,1018.26,438.67,22.95,22.46,0.95,4,-1,-1
238,234,1076.06,401.00,16.96,16.11,0.77,4,-1,-1
238,273,953.46,457.65,26.18,24.62,0.98,4,-1,-1
238,297,-6.62,924.41,179.27,87.76,0.99,4,-1,-1
238,339,432.09,1003.33,81.77,59.15,0.74,3,-1,-1
238,344,871.99,866.08,27.22,49.34,0.98,2,-1,-1
238,355,1096.56,602.32,36.70,45.01,0.97,4,-1,-1
238,244,868.97,886.45,32.06,53.41,0.40,10,-1,-1
238,358,912.97,537.86,15.77,27.87,0.75,10,-1,-1
238,331,1027.39,420.98,20.60,20.50,0.79,4,-1,-1
238,359,965.81,439.27,23.47,24.66,0.96,4,-1,-1
238,360,1008.34,419.07,19.01,19.65,0.91,4,-1,-1
238,363,763.88,609.26,38.31,41.17,0.33,5,-1,-1
238,260,1027.74,636.96,15.86,37.94,0.98,1,-1,-1
238,366,1056.87,645.41,16.91,29.07,0.48,3,-1,-1
238,367,1058.57,637.26,15.47,27.33,0.86,2,-1,-1
238,368,1166.90,797.20,96.14,65.19,0.92,4,-1,-1
238,369,1117.37,710.56,32.54,57.86,0.76,7,-1,-1
239,19,1015.96,525.82,34.28,33.57,1.00,4,-1,-1
239,22,1016.49,573.51,37.53,39.10,1.00,4,-1,-1
239,25,1000.97,823.27,68.76,90.47,1.00,4,-1,-1
239,47,1030.42,491.90,29.78,28.45,0.99,4,-1,-1
239,110,1056.07,453.69,22.78,22.93,0.98,4,-1,-1
239,120,1058.03,426.66,22.89,21.66,0.98,4,-1,-1
239,129,1055.25,644.32,16.15,31.43,0.96,10,-1,-1
239,171,786.76,829.42,85.54,105.22,1.00,4,-1,-1
239,210,613.43,895.39,117.30,124.39,0.99,4,-1,-1
239,211,1115.79,717.62,32.56,60.35,0.87,9,-1,-1
239,220,1191.78,857.58,116.10,79.76,0.97,4,-1,-1
239,206,1015.82,440.85,22.98,22.42,0.77,4,-1,-1
239,234,1074.08,401.41,17.69,16.62,0.84,4,-1,-1
239,273,951.09,459.32,25.68,24.73,0.99,4,-1,-1
239,297,-11.75,942.87,155.28,90.37,0.97,4,-1,-1
239,339,410.74,1020.50,83.95,59.03,0.66,3,-1,-1
239,344,862.28,886.27,26.38,49.20,0.97,2,-1,-1
239,355,1094.38,607.28,36.65,44.86,0.98,4,-1,-1
239,244,859.27,905.68,32.05,46.15,0.56,10,-1,-1
239,358,907.68,542.31,16.60,28.12,0.84,10,-1,-1
239,331,1024.94,422.52,21.42,20.22,0.56,4,-1,-1
239,359,963.42,440.69,23.94,24.80,0.97,4,-1,-1
239,360,1005.65,420.58,19.31,19.93,0.61,4,-1,-1
239,363,757.18,613.90,39.52,41.88,0.55,5,-1,-1
239,260,1027.30,643.47,15.76,37.83,0.98,1,-1,-1
239,367,1057.03,640.69,14.86,31.45,0.53,2,-1,-1
239,368,1165.80,809.32,100.65,66.47,0.96,4,-1,-1
239,369,1115.60,718.17,32.71,60.10,0.81,5,-1,-1
240,19,1015.14,526.79,33.99,33.74,0.99,4,-1,-1
240,22,1015.26,574.51,38.32,39.61,0.99,4,-1,-1
240,25,996.45,825.29,69.70,93.05,0.99,4,-1,-1
240,47,1029.60,492.07,30.06,28.77,1.00,4,-1,-1
240,110,1055.52,453.97,22.06,22.91,0.98,4,-1,-1
240,120,1057.37,426.86,22.91,21.68,0.98,4,-1,-1
240,129,1053.33,646.82,16.61,31.42,0.92,10,-1,-1
240,171,777.50,842.10,87.97,108.45,1.00,4,-1,-1
240,210,589.10,921.09,123.73,130.20,0.99,4,-1,-1
240,220,1191.27,870.36,119.84,83.45,0.97,4,-1,-1
240,206,1014.49,442.84,22.96,22.37,0.83,4,-1,-1
240,234,1073.64,402.00,17.95,16.38,0.82,4,-1,-1
240,273,949.47,460.91,25.46,24.33,0.99,4,-1,-1
240,297,-9.82,961.39,121.11,92.77,0.60,4,-1,-1
240,344,851.79,906.12,27.56,50.64,0.98,2,-1,-1
240,355,1093.09,612.28,38.19,45.53,0.99,4,-1,-1
240,244,847.61,925.61,35.14,49.54,0.53,10,-1,-1
240,358,903.84,546.41,16.89,28.54,0.88,10,-1,-1
240,331,1023.98,423.89,21.70,20.48,0.45,4,-1,-1
240,359,961.33,441.60,24.92,25.23,0.92,4,-1,-1
240,360,1004.24,422.14,20.22,20.00,0.58,4,-1,-1
240,363,750.53,618.90,40.74,43.80,0.78,5,-1,-1
240,260,1026.67,648.20,17.36,40.15,0.96,1,-1,-1
240,367,1053.86,643.91,16.40,32.04,0.61,2,-1,-1
240,368,1165.16,821.91,104.22,68.53,0.76,4,-1,-1
240,369,1112.56,726.83,37.44,61.51,0.72,5,-1,-1
240,307,399.68,1037.36,75.73,41.96,0.55,7,-1,-1
241,19,1016.01,528.21,33.86,33.81,0.99,4,-1,-1
241,22,1015.57,575.52,39.40,40.20,0.99,4,-1,-1
241,25,993.93,828.81,69.20,93.20,0.99,4,-1,-1
241,47,1030.49,492.80,30.15,29.30,1.00,4,-1,-1
241,110,1056.51,454.76,21.78,22.91,1.00,4,-1,-1
241,120,1058.32,427.63,22.91,21.69,0.99,4,-1,-1
241,129,1052.97,648.11,17.59,34.67,0.83,10,-1,-1
241,171,769.34,856.16,90.40,111.99,1.00,4,-1,-1
241,210,562.42,947.44,132.30,130.87,0.99,4,-1,-1
241,220,1195.32,886.11,121.57,86.42,0.91,4,-1,-1
241,206,1014.40,445.01,22.95,22.35,0.80,4,-1,-1
241,234,1074.67,402.92,18.04,16.29,0.86,4,-1,-1
241,273,948.86,462.12,26.19,25.00,0.99,4,-1,-1
241,297,-6.72,979.36,88.36,93.63,0.18,4,-1,-1
241,344,843.14,927.54,27.98,51.15,0.97,2,-1,-1
241,355,1093.36,616.51,39.54,46.98,0.99,4,-1,-1
241,244,838.91,944.59,36.30,48.31,0.58,10,-1,-1
241,358,901.65,549.87,16.97,29.48,0.69,10,-1,-1
241,331,1023.64,425.24,22.60,20.98,0.42,4,-1,-1
241,359,960.96,442.97,25.27,25.38,0.95,4,-1,-1
241,360,1003.73,423.54,20.54,20.01,0.53,4,-1,-1
241,363,744.90,624.26,41.98,44.47,0.71,5,-1,-1
241,260,1028.37,653.51,18.72,41.79,0.97,1,-1,-1
241,367,1052.67,648.71,17.72,34.60,0.92,10,-1,-1
241,368,1167.71,841.55,109.20,65.51,0.95,4,-1,-1
241,369,1113.89,735.69,39.01,62.76,0.79,5,-1,-1
241,370,838.93,603.28,19.29,23.50,0.66,10,-1,-1
242,19,1024.85,528.34,33.79,33.79,0.99,4,-1,-1
242,22,1024.22,576.25,40.58,40.38,1.00,4,-1,-1
242,25,1000.43,832.27,69.76,97.20,0.99,4,-1,-1
242,47,1039.31,493.11,30.16,29.47,0.99,4,-1,-1
242,110,1065.73,454.92,22.50,22.88,0.99,4,-1,-1
242,120,1067.94,427.60,23.72,22.09,0.99,4,-1,-1
242,129,1060.95,651.60,18.74,35.04,0.94,10,-1,-1
242,171,770.82,868.52,92.00,116.33,1.00,4,-1,-1
242,210,547.48,974.57,138.02,113.50,0.94,4,-1,-1
242,220,1206.44,900.20,124.86,90.59,0.97,4,-1,-1
242,206,1022.89,446.67,22.92,22.73,0.86,4,-1,-1
242,234,1083.89,402.96,18.88,17.07,0.80,4,-1,-1
242,273,957.23,462.81,25.63,25.23,0.99,4,-1,-1
242,297,-1.34,993.84,66.58,88.96,0.21,4,-1,-1
242,344,843.18,949.66,28.09,52.05,0.99,2,-1,-1
242,355,1101.94,622.52,41.60,46.46,0.99,4,-1,-1
242,244,838.16,965.80,37.47,51.78,0.81,10,-1,-1
242,358,908.31,553.46,16.99,29.39,0.78,1,-1,-1
242,331,1032.03,426.81,22.92,20.74,0.64,4,-1,-1
242,359,968.97,444.57,25.38,25.40,0.90,4,-1,-1
242,360,1012.06,424.95,20.63,19.99,0.75,4,-1,-1
242,363,749.68,628.10,42.38,47.16,0.59,5,-1,-1
242,260,1038.70,658.85,19.24,42.37,0.78,1,-1,-1
242,367,1062.77,648.71,16.58,31.50,0.27,2,-1,-1
242,368,1179.09,861.15,113.69,66.11,0.61,4,-1,-1
242,369,1122.85,745.18,39.33,63.03,0.80,5,-1,-1
242,371,283.11,925.11,29.08,50.62,0.62,1,-1,-1
242,372,1038.42,658.12,18.08,43.39,0.65,1,-1,-1
243,19,1034.68,529.83,33.75,33.82,0.99,4,-1,-1
243,22,1033.98,578.19,41.00,41.09,1.00,4,-1,-1
243,25,1005.21,836.64,70.74,97.15,0.99,4,-1,-1
243,47,1050.40,494.28,29.33,29.15,0.99,4,-1,-1
243,110,1076.19,455.84,22.75,22.90,1.00,4,-1,-1
243,120,1078.97,428.84,23.20,21.44,0.99,4,-1,-1
243,129,1069.63,656.42,18.36,34.38,0.97,10,-1,-1
243,171,768.18,883.82,96.47,120.41,1.00,4,-1,-1
243,210,536.36,1004.25,137.24,85.18,0.71,4,-1,-1
243,220,1216.52,919.62,129.62,93.07,0.72,4,-1,-1
243,206,1032.26,448.44,23.73,23.70,0.91,4,-1,-1
243,234,1094.79,403.60,19.18,17.37,0.93,4,-1,-1
243,273,966.52,464.21,26.23,25.74,1.00,4,-1,-1
243,344,840.32,973.01,28.88,53.19,0.98,2,-1,-1
243,355,1110.87,627.82,42.35,47.89,1.00,4,-1,-1
243,244,835.43,986.74,38.65,51.51,0.77,10,-1,-1
243,358,915.33,557.68,16.97,29.74,0.90,1,-1,-1
243,331,1043.00,428.59,22.21,21.06,0.68,4,-1,-1
243,359,978.96,445.70,25.40,25.43,0.88,4,-1,-1
243,360,1022.21,426.42,20.65,21.23,0.83,4,-1,-1
243,363,753.92,633.12,42.47,48.18,0.60,5,-1,-1
243,260,1049.39,665.45,18.60,42.59,0.79,1,-1,-1
243,367,1071.85,652.49,16.04,32.59,0.59,2,-1,-1
243,368,1188.36,880.87,111.39,71.60,0.28,4,-1,-1
243,369,1130.87,760.97,40.14,59.57,0.19,4,-1,-1
243,372,1047.44,667.19,19.11,42.65,0.92,3,-1,-1
243,211,1131.40,760.01,36.00,59.76,0.63,9,-1,-1
244,19,1034.34,531.14,33.77,33.83,1.00,4,-1,-1
244,22,1033.21,579.49,41.18,41.77,1.00,4,-1,-1
244,25,1000.71,840.61,71.17,97.92,0.99,4,-1,-1
244,47,1049.69,494.84,29.88,29.45,0.99,4,-1,-1
244,110,1076.47,456.47,22.87,22.91,1.00,4,-1,-1
244,120,1079.46,429.38,23.01,21.62,0.99,4,-1,-1
244,129,1067.70,660.83,19.05,33.31,0.97,10,-1,-1
244,171,755.24,899.41,101.39,126.69,1.00,4,-1,-1
244,220,1215.24,937.86,135.87,97.14,0.82,4,-1,-1
244,206,1031.33,450.78,24.04,23.67,0.89,4,-1,-1
244,234,1095.63,404.51,19.31,17.49,0.81,4,-1,-1
244,273,965.94,465.85,26.47,26.34,0.98,4,-1,-1
244,344,825.77,1000.25,31.58,54.41,0.98,2,-1,-1
244,355,1110.24,633.51,42.65,48.43,0.99,4,-1,-1
244,244,822.11,1012.32,39.12,59.43,0.52,10,-1,-1
244,358,911.50,561.57,16.97,31.08,0.91,1,-1,-1
244,331,1043.07,430.12,21.95,21.18,0.70,4,-1,-1
244,359,977.81,446.80,25.42,25.85,0.92,4,-1,-1
244,360,1021.96,427.83,20.66,21.69,0.88,4,-1,-1
244,363,747.02,638.40,42.52,48.55,0.84,5,-1,-1
244,367,1070.50,655.64,15.85,30.53,0.58,2,-1,-1
244,372,1047.49,672.73,20.27,43.49,0.95,1,-1,-1
244,373,1052.88,409.82,20.49,16.88,0.61,4,-1,-1
245,19,1034.35,531.95,33.69,33.79,1.00,4,-1,-1
245,22,1033.05,580.20,41.13,41.75,1.00,4,-1,-1
245,25,997.58,843.57,70.31,98.84,1.00,4,-1,-1
245,47,1049.15,495.46,30.01,29.51,0.99,4,-1,-1
245,110,1076.25,456.80,22.86,23.30,1.00,4,-1,-1
245,120,1079.31,429.93,22.89,21.65,0.99,4,-1,-1
245,129,1066.63,663.91,18.43,33.66,0.98,10,-1,-1
245,171,742.66,916.12,104.54,130.43,1.00,4,-1,-1
245,220,1217.43,956.15,136.30,101.69,0.84,4,-1,-1
245,206,1030.37,452.68,24.10,24.02,0.88,4,-1,-1
245,234,1096.42,405.24,18.49,17.10,0.96,4,-1,-1
245,273,964.41,467.46,27.31,26.53,0.99,4,-1,-1
245,344,812.80,1025.52,31.74,50.76,0.56,2,-1,-1
245,355,1109.56,639.10,43.41,48.53,1.00,4,-1,-1
245,358,907.67,565.54,16.92,31.51,0.82,1,-1,-1
245,331,1041.63,430.97,22.61,22.00,0.64,4,-1,-1
245,359,977.27,447.65,25.36,26.78,0.86,4,-1,-1
245,360,1021.70,430.05,20.60,21.01,0.92,4,-1,-1
245,363,740.76,643.25,44.05,51.84,0.71,6,-1,-1
245,367,1069.23,657.80,14.90,28.75,0.46,2,-1,-1
245,372,1048.18,678.81,20.59,44.55,0.94,1,-1,-1
245,373,1052.28,411.45,20.57,17.45,0.55,4,-1,-1
245,374,602.98,790.71,25.01,57.86,0.73,1,-1,-1
246,19,1034.09,532.39,34.50,34.16,1.00,4,-1,-1
246,22,1032.76,581.20,41.93,42.32,1.00,4,-1,-1
246,25,993.58,847.14,70.01,99.09,0.97,4,-1,-1
246,47,1049.48,495.64,30.06,29.52,0.99,4,-1,-1
246,110,1076.26,456.86,22.86,23.43,0.98,4,-1,-1
246,120,1079.74,430.28,22.86,21.65,0.99,4,-1,-1
246,129,1066.48,667.11,18.20,32.95,0.97,10,-1,-1
246,171,730.13,931.51,109.66,135.63,0.98,4,-1,-1
246,220,1227.36,975.39,131.54,100.95,0.94,4,-1,-1
246,206,1029.73,454.51,24.94,24.54,0.84,4,-1,-1
246,234,1097.16,405.66,18.19,16.94,0.87,4,-1,-1
246,273,963.60,468.82,27.62,26.57,0.98,4,-1,-1
246,355,1108.69,643.96,44.49,50.14,0.99,4,-1,-1
246,358,904.89,569.71,16.08,31.64,0.83,1,-1,-1
246,331,1041.22,433.01,22.85,22.29,0.22,4,-1,-1
246,359,976.79,448.72,25.34,26.70,0.74,4,-1,-1
246,360,1020.07,431.62,21.39,21.54,0.73,4,-1,-1
246,363,735.20,648.78,45.42,53.02,0.49,5,-1,-1
246,367,1069.01,660.29,14.56,28.93,0.83,2,-1,-1
246,372,1049.98,685.11,20.66,44.82,0.93,1,-1,-1
246,373,1052.67,412.21,20.60,18.04,0.48,4,-1,-1
246,374,590.83,800.90,24.85,60.06,0.69,1,-1,-1
247,19,1033.01,533.61,34.87,34.31,1.00,4,-1,-1
247,22,1032.12,582.68,42.29,43.35,1.00,4,-1,-1
247,25,988.99,851.10,70.88,101.66,0.99,4,-1,-1
247,47,1049.02,496.31,30.14,29.53,0.99,4,-1,-1
247,110,1075.67,457.62,22.91,23.07,1.00,4,-1,-1
247,120,1079.29,430.91,22.89,21.66,0.99,4,-1,-1
247,129,1065.63,669.39,17.34,34.35,0.94,10,-1,-1
247,171,718.96,949.15,111.05,131.35,0.98,4,-1,-1
247,220,1248.26,995.76,118.37,88.50,0.33,4,-1,-1
247,206,1028.46,456.92,24.49,24.73,0.84,4,-1,-1
247,234,1096.41,406.27,18.94,17.71,0.92,4,-1,-1
247,273,960.97,470.33,28.60,27.00,0.99,4,-1,-1
247,355,1107.96,649.19,44.97,51.55,1.00,4,-1,-1
247,358,900.41,574.38,15.81,32.09,0.78,1,-1,-1
247,331,1039.61,435.29,23.79,22.40,0.28,4,-1,-1
247,359,974.70,449.90,26.20,27.07,0.52,4,-1,-1
247,360,1018.00,433.91,21.72,21.33,0.67,4,-1,-1
247,363,727.99,655.40,44.41,53.46,0.46,5,-1,-1
247,367,1067.72,663.51,14.48,28.17,0.64,2,-1,-1
247,372,1051.09,692.51,20.71,44.89,0.86,1,-1,-1
247,373,1051.01,412.94,20.59,18.66,0.19,4,-1,-1
247,374,577.14,813.69,24.41,58.74,0.81,1,-1,-1
247,211,1126.43,804.11,47.29,66.21,0.58,9,-1,-1
248,19,1032.80,535.02,35.00,33.98,1.00,4,-1,-1
248,22,1032.06,583.81,42.42,43.77,1.00,4,-1,-1
248,25,984.18,855.65,71.19,101.87,1.00,4,-1,-1
248,47,1048.65,497.10,30.18,29.56,0.99,4,-1,-1
248,110,1075.69,458.45,22.93,22.96,0.99,4,-1,-1
248,120,1079.77,431.47,22.91,21.69,0.98,4,-1,-1
248,129,1065.11,673.24,17.01,34.07,0.97,10,-1,-1
248,171,707.25,968.14,113.06,118.20,0.98,4,-1,-1
248,206,1027.42,459.29,25.12,24.82,0.85,4,-1,-1
248,234,1096.80,407.40,19.21,17.20,0.62,4,-1,-1
248,273,959.78,472.37,28.97,27.18,0.99,4,-1,-1
248,355,1107.49,655.69,45.92,52.91,1.00,4,-1,-1
248,358,895.68,579.57,15.71,32.66,0.36,1,-1,-1
248,331,1038.85,437.63,24.14,22.04,0.17,4,-1,-1
248,359,973.72,451.00,26.52,27.63,0.19,4,-1,-1
248,360,1017.06,435.63,21.84,21.67,0.63,4,-1,-1
248,363,720.59,661.88,44.78,50.41,0.83,5,-1,-1
248,367,1066.61,667.29,14.45,27.05,0.89,2,-1,-1
248,372,1052.88,699.25,19.83,45.77,0.61,1,-1,-1
248,373,1051.22,414.03,19.64,18.85,0.17,4,-1,-1
248,374,562.89,826.10,25.15,60.98,0.81,1,-1,-1
248,211,1125.91,810.03,50.17,74.38,0.19,9,-1,-1
249,19,1032.48,535.57,34.98,34.19,1.00,4,-1,-1
249,22,1031.40,584.73,42.36,43.81,1.00,4,-1,-1
249,25,979.55,858.00,71.97,104.11,0.99,4,-1,-1
249,47,1048.22,497.51,30.12,29.50,0.99,4,-1,-1
249,110,1075.34,458.54,22.89,22.87,0.98,4,-1,-1
249,120,1079.16,431.31,23.69,22.06,0.98,4,-1,-1
249,129,1063.80,675.73,17.70,35.51,0.97,10,-1,-1
249,171,698.05,986.75,111.90,99.11,0.91,4,-1,-1
249,206,1026.41,460.91,25.30,25.60,0.82,4,-1,-1
249,234,1096.52,407.72,19.28,16.96,0.55,4,-1,-1
249,273,958.87,473.87,28.22,26.77,0.98,4,-1,-1
249,355,1106.13,660.73,47.76,55.69,1.00,4,-1,-1
249,358,891.63,583.32,15.64,34.39,0.61,1,-1,-1
249,359,973.25,451.58,26.57,27.77,0.23,4,-1,-1
249,360,1016.11,437.67,21.82,21.74,0.59,4,-1,-1
249,363,711.14,667.36,48.89,54.85,0.69,5,-1,-1
249,367,1065.50,669.79,14.42,27.44,0.92,2,-1,-1
249,372,1052.73,705.53,20.32,47.65,0.74,1,-1,-1
249,374,548.98,837.45,25.79,64.27,0.95,1,-1,-1
249,211,1122.60,827.10,51.94,72.41,0.89,9,-1,-1
249,375,709.96,667.77,49.42,57.86,0.62,8,-1,-1
250,19,1031.52,536.49,35.83,34.31,1.00,4,-1,-1
250,22,1030.73,586.47,42.38,43.04,1.00,4,-1,-1
250,25,976.29,863.75,69.90,102.61,0.99,4,-1,-1
250,47,1047.65,498.57,30.14,29.52,0.99,4,-1,-1
250,110,1074.81,459.03,22.90,22.86,0.99,4,-1,-1
250,120,1078.95,431.65,24.00,22.22,0.96,4,-1,-1
250,129,1061.75,678.08,18.78,36.88,0.96,10,-1,-1
250,171,688.93,1007.79,109.87,77.24,0.82,4,-1,-1
250,206,1024.39,463.31,25.39,25.92,0.84,4,-1,-1
250,234,1096.44,407.80,19.32,17.30,0.54,4,-1,-1
250,273,956.82,475.27,28.78,27.46,0.98,4,-1,-1
250,355,1104.51,667.16,49.29,57.57,0.95,4,-1,-1
250,358,885.97,589.01,16.47,34.87,0.22,1,-1,-1
250,360,1013.70,439.82,21.84,21.37,0.65,4,-1,-1
250,363,702.59,673.96,49.66,58.83,0.85,5,-1,-1
250,367,1064.34,672.94,14.43,29.27,0.70,2,-1,-1
250,372,1052.25,713.26,20.51,49.18,0.94,1,-1,-1
250,374,532.88,852.07,26.01,64.53,0.94,1,-1,-1
250,211,1120.26,836.83,54.22,77.94,0.31,9,-1,-1
251,19,1030.20,537.57,36.16,33.94,1.00,4,-1,-1
251,22,1029.53,588.28,42.40,42.95,1.00,4,-1,-1
251,25,970.62,868.56,71.63,103.63,1.00,4,-1,-1
251,47,1046.87,499.28,30.17,29.52,0.98,4,-1,-1
251,110,1074.04,459.30,22.92,23.28,0.99,4,-1,-1
251,120,1078.70,432.28,24.13,22.29,0.94,4,-1,-1
251,129,1059.68,681.47,20.00,38.20,0.95,10,-1,-1
251,171,682.49,1032.02,104.16,51.42,0.29,4,-1,-1
251,206,1022.27,465.48,26.25,26.43,0.75,4,-1,-1
251,234,1096.24,408.51,19.34,17.02,0.29,4,-1,-1
251,273,955.08,477.29,28.18,26.90,0.96,4,-1,-1
251,355,1102.60,674.03,50.67,58.28,1.00,4,-1,-1
251,358,879.74,595.06,17.59,34.83,0.31,1,-1,-1
251,360,1011.83,441.69,21.84,21.64,0.76,4,-1,-1
251,363,692.45,680.99,52.35,62.74,0.65,5,-1,-1
251,367,1062.18,677.03,16.10,33.99,0.64,2,-1,-1
251,372,1050.68,721.00,22.25,50.55,0.97,1,-1,-1
251,374,515.89,866.79,26.95,68.82,0.94,1,-1,-1
251,211,1118.90,860.59,55.12,73.76,0.75,9,-1,-1
252,19,1029.56,538.34,36.25,34.59,0.99,4,-1,-1
252,22,1028.55,589.89,42.37,43.68,0.99,4,-1,-1
252,25,964.19,870.95,73.86,105.50,0.99,4,-1,-1
252,47,1046.00,500.16,30.16,29.49,0.98,4,-1,-1
252,110,1072.73,459.43,23.74,23.82,0.99,4,-1,-1
252,120,1078.37,432.57,24.16,22.28,0.94,4,-1,-1
252,129,1057.99,685.10,20.46,37.85,0.94,10,-1,-1
252,206,1020.52,468.29,26.55,26.18,0.74,4,-1,-1
252,234,1095.90,409.05,19.34,16.89,0.27,4,-1,-1
252,273,952.74,478.88,28.75,27.47,0.97,4,-1,-1
252,355,1100.51,681.30,52.74,59.23,1.00,4,-1,-1
252,358,873.88,602.21,18.02,33.53,0.28,1,-1,-1
252,360,1009.79,443.41,22.64,22.12,0.43,4,-1,-1
252,363,684.19,688.04,52.54,64.16,0.66,5,-1,-1
252,367,1059.67,682.41,17.49,36.49,0.81,2,-1,-1
252,372,1049.99,728.51,22.88,52.60,0.97,1,-1,-1
252,374,498.22,882.51,28.11,68.59,0.94,1,-1,-1
253,19,1029.32,539.79,36.22,34.41,1.00,4,-1,-1
253,22,1028.56,591.98,42.27,43.32,1.00,4,-1,-1
253,25,959.28,873.95,74.52,108.56,0.98,4,-1,-1
253,47,1046.09,501.30,30.10,29.06,0.98,4,-1,-1
253,110,1072.65,460.15,23.99,24.42,0.99,4,-1,-1
253,120,1078.68,433.59,24.13,22.28,0.95,4,-1,-1
253,129,1057.24,688.85,19.77,38.48,0.94,10,-1,-1
253,206,1019.16,471.12,26.60,26.47,0.89,4,-1,-1
253,234,1096.19,409.98,18.48,16.43,0.19,4,-1,-1
253,273,950.80,480.79,29.72,27.67,0.99,4,-1,-1
253,355,1099.15,688.37,53.39,60.34,0.98,4,-1,-1
253,358,868.29,607.13,17.32,33.81,0.47,1,-1,-1
253,360,1008.74,445.85,22.89,22.28,0.66,4,-1,-1
253,363,675.91,695.84,52.44,63.05,0.66,5,-1,-1
253,367,1058.97,685.72,16.42,34.36,0.83,2,-1,-1
253,372,1050.34,736.34,23.85,53.31,0.95,1,-1,-1
253,374,480.57,897.91,28.84,68.33,0.95,1,-1,-1
253,376,675.00,696.70,51.83,61.47,0.80,8,-1,-1
254,19,1028.79,540.73,36.20,35.18,0.99,4,-1,-1
254,22,1027.29,593.79,43.05,43.81,1.00,4,-1,-1
254,25,953.45,877.88,74.76,108.91,0.99,4,-1,-1
254,47,1044.86,502.14,30.91,29.33,0.97,4,-1,-1
254,110,1072.20,460.83,24.09,24.65,0.99,4,-1,-1
254,120,1078.36,434.37,24.12,22.28,0.95,4,-1,-1
254,129,1055.33,693.04,20.31,39.51,0.94,10,-1,-1
254,206,1017.43,473.93,26.61,26.99,0.92,4,-1,-1
254,273,949.25,482.86,30.08,27.75,0.98,4,-1,-1
254,355,1097.42,695.73,54.39,62.34,0.99,4,-1,-1
254,358,862.18,615.09,17.04,32.07,0.35,1,-1,-1
254,360,1007.55,447.91,22.98,22.76,0.85,4,-1,-1
254,363,667.25,703.83,52.36,65.76,0.66,5,-1,-1
254,367,1057.52,688.93,15.95,32.57,0.74,2,-1,-1
254,372,1050.79,745.56,22.60,51.93,0.79,1,-1,-1
254,374,460.05,915.00,30.32,70.67,0.96,1,-1,-1
254,331,1031.72,447.54,25.47,23.62,0.61,4,-1,-1
255,19,1026.86,541.00,37.01,35.83,0.99,4,-1,-1
255,22,1025.53,595.15,43.33,43.74,1.00,4,-1,-1
255,25,948.28,881.70,74.84,102.39,0.99,4,-1,-1
255,47,1043.46,502.79,31.20,29.82,0.98,4,-1,-1
255,110,1070.65,461.65,24.12,24.30,0.98,4,-1,-1
255,120,1077.64,434.41,24.11,22.67,0.87,4,-1,-1
255,129,1053.39,695.37,20.51,41.47,0.98,10,-1,-1
255,206,1015.07,476.29,26.61,27.55,0.85,4,-1,-1
255,273,946.59,484.40,30.20,28.15,0.98,4,-1,-1
255,355,1095.91,703.54,54.73,63.01,0.99,4,-1,-1
255,358,852.72,626.13,19.41,27.39,0.88,1,-1,-1
255,360,1005.37,449.41,23.00,23.31,0.45,4,-1,-1
255,363,656.32,712.06,55.53,67.48,0.51,8,-1,-1
255,367,1055.34,692.52,16.60,36.81,0.39,2,-1,-1
255,372,1050.10,753.24,22.08,52.94,0.96,1,-1,-1
255,374,438.69,933.68,30.87,73.89,0.96,1,-1,-1
255,331,1029.54,449.37,26.33,24.52,0.47,4,-1,-1
256,19,1026.65,542.63,36.46,35.71,0.99,4,-1,-1
256,22,1024.92,597.40,43.39,43.55,1.00,4,-1,-1
256,25,943.04,887.09,74.78,100.77,0.99,4,-1,-1
256,47,1043.48,503.98,31.29,30.03,0.98,4,-1,-1
256,110,1070.24,463.14,24.11,23.78,0.99,4,-1,-1
256,120,1077.96,435.60,24.09,22.84,0.95,4,-1,-1
256,129,1052.66,700.54,19.73,40.63,0.97,10,-1,-1
256,206,1013.56,479.64,26.57,27.79,0.94,4,-1,-1
256,273,945.36,486.80,30.21,28.33,0.97,4,-1,-1
256,355,1094.94,712.37,55.57,64.08,0.99,4,-1,-1
256,358,844.62,632.06,21.01,26.56,0.60,1,-1,-1
256,360,1003.96,452.43,22.98,23.94,0.56,4,-1,-1
256,363,645.53,720.99,57.43,71.33,0.40,5,-1,-1
256,367,1054.11,697.32,16.81,36.77,0.58,2,-1,-1
256,372,1049.71,763.54,21.83,51.69,0.96,1,-1,-1
256,374,416.26,952.55,31.80,70.27,0.98,1,-1,-1
256,331,1028.97,451.92,26.59,24.84,0.46,4,-1,-1
256,377,267.89,1013.71,34.05,60.27,0.63,1,-1,-1
256,378,414.94,973.93,30.13,63.88,0.74,1,-1,-1
257,19,1025.35,544.19,36.35,35.65,0.99,4,-1,-1
257,22,1023.55,599.45,43.54,44.29,1.00,4,-1,-1
257,25,938.00,892.35,75.00,106.87,1.00,4,-1,-1
257,47,1042.23,504.67,31.41,30.11,0.98,4,-1,-1
257,110,1069.21,463.43,24.17,24.00,0.99,4,-1,-1
257,120,1077.16,436.15,24.15,22.90,0.97,4,-1,-1
257,129,1050.68,704.98,20.33,41.10,0.95,10,-1,-1
257,206,1011.28,482.09,26.64,29.08,0.96,4,-1,-1
257,273,943.10,488.84,30.29,28.39,0.99,4,-1,-1
257,355,1093.32,721.21,55.23,65.25,0.80,4,-1,-1
257,358,835.44,641.86,22.49,24.60,0.77,1,-1,-1
257,360,1000.84,454.36,23.85,24.98,0.67,4,-1,-1
257,363,632.89,730.61,59.92,74.37,0.81,5,-1,-1
257,367,1052.73,702.00,16.96,38.31,0.77,2,-1,-1
257,372,1048.69,773.84,22.67,53.68,0.98,1,-1,-1
257,374,392.93,975.63,30.29,62.94,0.96,1,-1,-1
257,331,1026.99,454.24,26.75,25.75,0.45,4,-1,-1
257,378,392.43,999.74,29.36,62.33,0.74,1,-1,-1
258,19,1024.64,545.41,36.16,35.59,0.99,4,-1,-1
258,22,1022.33,600.89,43.41,44.72,0.99,4,-1,-1
258,25,932.49,895.86,74.72,109.71,1.00,4,-1,-1
258,47,1041.55,505.70,31.32,29.70,0.97,4,-1,-1
258,110,1068.62,464.26,24.10,24.05,0.99,4,-1,-1
258,120,1076.65,437.15,24.07,22.49,0.97,4,-1,-1
258,129,1049.43,707.22,18.00,37.14,0.48,10,-1,-1
258,206,1009.15,485.13,27.36,29.52,0.95,4,-1,-1
258,273,941.14,491.22,30.19,28.78,0.98,4,-1,-1
258,355,1091.28,729.86,57.23,67.99,0.99,4,-1,-1
258,360,998.88,457.86,24.07,24.14,0.66,4,-1,-1
258,367,1048.46,709.53,20.18,40.38,0.98,2,-1,-1
258,372,1047.24,784.01,22.84,53.48,0.97,1,-1,-1
258,374,368.81,997.60,27.78,57.47,0.92,1,-1,-1
258,331,1025.39,456.74,26.68,25.66,0.48,4,-1,-1
258,378,367.41,1021.02,30.54,57.27,0.31,1,-1,-1
258,379,620.76,702.72,25.31,51.83,0.61,1,-1,-1
259,19,1025.09,546.97,36.19,35.62,0.99,4,-1,-1
259,22,1022.22,603.88,43.48,44.74,1.00,4,-1,-1
259,25,928.09,901.70,75.66,112.58,1.00,4,-1,-1
259,47,1042.02,507.10,31.38,30.00,0.98,4,-1,-1
259,110,1069.15,465.90,24.14,24.11,0.99,4,-1,-1
259,120,1077.62,438.58,24.11,22.37,0.96,4,-1,-1
259,129,1047.79,713.33,20.58,42.40,0.98,10,-1,-1
259,206,1007.82,488.63,28.51,29.73,0.94,4,-1,-1
259,273,939.31,493.94,31.05,29.38,0.98,4,-1,-1
259,355,1091.10,740.66,57.32,69.91,0.98,4,-1,-1
259,360,997.96,460.67,24.21,24.23,0.60,4,-1,-1
259,367,1048.50,713.66,18.35,39.69,0.18,2,-1,-1
259,372,1047.18,795.48,23.79,56.73,0.98,1,-1,-1
259,374,341.89,1022.81,29.49,54.84,0.84,1,-1,-1
259,331,1024.66,459.78,27.53,25.63,0.42,4,-1,-1
259,379,609.41,713.92,25.69,51.19,0.81,1,-1,-1
260,19,1025.43,547.95,36.07,35.54,0.99,4,-1,-1
260,22,1021.93,605.17,43.34,43.81,1.00,4,-1,-1
260,25,923.25,904.98,76.52,113.32,1.00,4,-1,-1
260,47,1041.93,507.75,31.28,30.45,0.97,4,-1,-1
260,110,1069.02,466.37,24.88,24.48,0.99,4,-1,-1
260,120,1077.61,439.06,24.04,22.68,0.94,4,-1,-1
260,206,1006.41,491.41,28.83,30.51,0.98,4,-1,-1
260,273,937.93,495.81,31.25,29.52,0.98,4,-1,-1
260,355,1089.30,749.09,59.50,72.00,0.92,4,-1,-1
260,360,997.16,462.71,24.16,25.01,0.70,4,-1,-1
260,372,1046.69,805.13,24.03,58.56,0.93,1,-1,-1
260,331,1024.64,461.72,26.93,26.35,0.33,4,-1,-1
260,379,596.81,721.61,27.11,54.77,0.84,1,-1,-1
261,19,1024.77,549.84,36.20,34.74,1.00,4,-1,-1
261,22,1020.71,607.98,43.49,44.15,1.00,4,-1,-1
261,25,918.20,910.62,77.26,114.62,1.00,4,-1,-1
261,47,1041.50,509.17,31.39,30.26,0.99,4,-1,-1
261,110,1068.58,467.14,24.46,24.25,0.98,4,-1,-1
261,120,1077.62,439.73,24.13,23.24,0.97,4,-1,-1
261,206,1003.34,494.57,29.89,30.85,0.96,4,-1,-1
261,273,935.46,497.96,31.47,30.02,0.98,4,-1,-1
261,355,1087.97,760.57,60.60,73.70,0.96,4,-1,-1
261,360,995.47,465.11,24.25,25.34,0.82,4,-1,-1
261,372,1046.17,817.69,25.09,62.58,0.98,1,-1,-1
261,331,1022.50,464.05,27.63,27.45,0.34,4,-1,-1
261,379,585.29,734.20,25.61,53.20,0.88,1,-1,-1
261,380,565.31,733.46,19.89,43.39,0.65,1,-1,-1
261,381,1048.06,721.41,16.88,36.16,0.63,2,-1,-1
261,129,1045.36,724.74,20.66,42.66,0.97,10,-1,-1
262,19,1024.47,550.32,36.08,35.62,1.00,4,-1,-1
262,22,1020.16,609.18,44.17,45.00,1.00,4,-1,-1
262,25,914.38,913.66,77.93,116.39,0.99,4,-1,-1
262,47,1041.29,509.84,32.11,30.94,0.96,4,-1,-1
262,110,1068.34,467.95,24.18,24.11,0.99,4,-1,-1
262,120,1077.93,440.60,24.05,23.40,0.98,4,-1,-1
262,206,1001.55,497.63,30.14,31.70,0.97,4,-1,-1
262,273,934.52,500.18,31.39,30.13,0.96,4,-1,-1
262,355,1087.03,770.40,60.67,75.71,0.96,4,-1,-1
262,360,993.83,467.59,24.98,25.79,0.44,4,-1,-1
262,372,1044.74,828.42,26.92,66.27,0.99,1,-1,-1
262,331,1021.81,466.75,27.75,27.40,0.38,4,-1,-1
262,379,574.53,743.56,26.75,55.08,0.40,1,-1,-1
262,129,1043.15,728.97,22.29,44.24,0.99,10,-1,-1
262,382,717.19,625.58,96.43,40.98,0.66,4,-1,-1
263,19,1024.56,550.95,36.87,36.74,1.00,4,-1,-1
263,22,1020.19,610.46,44.41,45.51,1.00,4,-1,-1
263,25,910.54,917.36,78.17,116.99,0.99,4,-1,-1
263,47,1042.23,510.55,31.56,31.19,0.97,4,-1,-1
263,110,1068.44,468.32,24.90,24.47,0.99,4,-1,-1
263,120,1078.62,441.40,24.85,23.46,0.94,4,-1,-1
263,206,1000.32,500.77,30.22,32.40,0.96,4,-1,-1
263,273,933.20,502.25,31.36,30.16,0.95,4,-1,-1
263,355,1085.32,780.08,63.07,78.79,0.99,4,-1,-1
263,360,993.06,470.74,24.44,25.95,0.19,4,-1,-1
263,372,1044.05,840.75,27.60,66.09,0.98,1,-1,-1
263,331,1021.77,469.19,27.78,27.35,0.28,4,-1,-1
263,379,563.64,754.84,26.20,56.51,0.30,1,-1,-1
263,129,1042.23,732.64,22.85,45.58,0.98,10,-1,-1
263,382,709.32,630.86,98.75,43.14,0.72,4,-1,-1
264,19,1024.66,552.26,37.15,36.75,1.00,4,-1,-1
264,22,1019.46,613.02,45.32,44.87,1.00,4,-1,-1
264,25,906.97,921.13,79.07,117.96,0.99,4,-1,-1
264,47,1042.62,511.10,31.35,31.68,0.98,4,-1,-1
264,110,1068.54,469.35,25.16,24.59,0.98,4,-1,-1
264,120,1079.33,442.40,24.33,23.47,0.91,4,-1,-1
264,206,999.17,504.36,31.04,32.64,0.99,4,-1,-1
264,273,932.00,504.68,31.34,30.16,0.94,4,-1,-1
264,355,1084.38,791.49,63.94,79.91,0.99,4,-1,-1
264,360,992.05,473.76,24.22,26.40,0.51,4,-1,-1
264,372,1043.45,852.81,27.85,67.52,0.99,1,-1,-1
264,331,1021.04,471.74,28.60,28.11,0.45,4,-1,-1
264,129,1042.40,737.96,22.25,45.27,0.98,10,-1,-1
264,382,701.07,636.42,103.91,43.62,0.81,4,-1,-1
265,19,1024.63,554.33,37.32,36.83,0.98,4,-1,-1
265,22,1019.52,615.44,45.73,45.34,1.00,4,-1,-1
265,25,903.00,925.56,80.34,119.35,0.99,4,-1,-1
265,47,1042.73,512.39,32.15,31.52,0.98,4,-1,-1
265,110,1069.02,470.54,25.30,24.69,0.97,4,-1,-1
265,120,1079.61,443.51,25.00,23.12,0.94,4,-1,-1
265,206,997.87,508.11,30.59,33.59,0.99,4,-1,-1
265,273,930.13,507.39,32.20,31.04,0.98,4,-1,-1
265,355,1083.27,803.27,65.94,84.44,0.98,4,-1,-1
265,360,990.78,477.03,24.99,26.62,0.78,4,-1,-1
265,372,1042.31,866.88,29.56,69.75,0.98,1,-1,-1
265,331,1019.92,474.45,28.95,28.85,0.62,4,-1,-1
265,129,1042.04,744.27,22.02,46.00,0.98,10,-1,-1
265,382,693.90,642.94,107.47,43.72,0.71,4,-1,-1
265,383,1045.04,739.49,16.88,39.78,0.72,2,-1,-1
265,379,538.31,781.86,26.05,54.14,0.63,1,-1,-1
266,19,1024.76,555.23,37.33,36.32,0.98,4,-1,-1
266,22,1019.36,616.91,45.81,45.57,1.00,4,-1,-1
266,25,899.63,928.06,81.52,119.47,0.98,4,-1,-1
266,47,1042.84,512.89,32.40,30.94,0.99,4,-1,-1
266,110,1068.75,471.08,25.31,24.65,0.96,4,-1,-1
266,120,1079.22,443.87,25.20,23.32,0.89,4,-1,-1
266,206,995.97,511.48,31.17,33.83,0.99,4,-1,-1
266,273,928.60,509.27,32.46,31.66,0.98,4,-1,-1
266,355,1082.30,814.42,66.58,85.86,0.99,4,-1,-1
266,360,988.49,480.14,25.24,26.60,0.74,4,-1,-1
266,372,1041.87,878.76,28.62,68.78,0.70,2,-1,-1
266,331,1018.80,477.11,29.02,28.62,0.72,4,-1,-1
266,129,1041.41,747.77,22.72,47.72,0.97,10,-1,-1
266,382,687.32,649.06,109.11,42.61,0.83,4,-1,-1
266,383,1044.77,745.33,16.94,38.98,0.62,2,-1,-1
266,379,523.01,790.97,28.21,59.55,0.84,1,-1,-1
266,384,1041.43,879.91,27.72,67.50,0.97,1,-1,-1
267,19,1025.59,556.74,37.36,36.63,0.99,4,-1,-1
267,22,1020.04,619.32,45.05,46.58,1.00,4,-1,-1
267,25,896.81,932.87,82.81,117.30,0.96,4,-1,-1
267,47,1043.32,514.00,32.52,31.21,0.99,4,-1,-1
267,110,1069.17,472.35,26.15,24.69,0.98,4,-1,-1
267,120,1080.02,445.03,25.30,23.45,0.87,4,-1,-1
267,206,994.47,515.37,31.40,34.78,0.99,4,-1,-1
267,273,927.10,512.17,33.40,31.96,0.97,4,-1,-1
267,355,1081.47,827.48,67.62,89.70,0.99,4,-1,-1
267,360,986.83,483.06,26.16,28.27,0.90,4,-1,-1
267,372,1041.45,892.92,29.00,70.07,0.98,1,-1,-1
267,331,1018.02,480.32,29.06,29.39,0.82,4,-1,-1
267,129,1042.29,751.51,21.36,49.25,0.65,10,-1,-1
267,382,677.45,654.64,113.97,44.15,0.96,4,-1,-1
267,383,1041.59,753.02,21.64,49.23,0.98,10,-1,-1
267,379,506.92,804.43,29.34,61.36,0.64,1,-1,-1
267,385,664.75,693.08,109.69,51.83,0.67,4,-1,-1
268,19,1026.85,557.34,37.32,36.63,1.00,4,-1,-1
268,22,1021.72,620.89,44.70,46.00,1.00,4,-1,-1
268,25,896.65,935.54,82.37,120.24,0.98,4,-1,-1
268,47,1044.78,514.12,32.51,31.63,0.99,4,-1,-1
268,110,1070.53,472.61,26.42,24.64,0.98,4,-1,-1
268,120,1081.06,444.89,26.11,24.25,0.68,4,-1,-1
268,206,993.74,518.48,32.24,35.83,0.98,4,-1,-1
268,273,926.52,514.01,33.69,31.97,0.97,4,-1,-1
268,355,1082.23,838.64,68.69,93.23,1.00,4,-1,-1
268,360,986.03,485.89,26.46,28.80,0.75,4,-1,-1
268,372,1042.88,906.36,28.32,71.14,0.96,1,-1,-1
268,331,1018.26,482.65,29.83,29.98,0.84,4,-1,-1
268,129,1042.91,757.15,22.46,49.66,0.98,10,-1,-1
268,382,672.72,660.35,115.35,44.49,0.87,4,-1,-1
268,383,1044.08,756.67,19.97,45.15,0.69,2,-1,-1
268,379,494.14,817.04,30.13,61.83,0.66,1,-1,-1
269,19,1037.81,558.53,37.32,36.70,1.00,4,-1,-1
269,22,1032.39,623.95,44.59,45.86,1.00,4,-1,-1
269,25,906.04,939.96,83.00,121.47,0.99,4,-1,-1
269,47,1055.86,515.52,31.71,32.25,1.00,4,-1,-1
269,110,1080.43,474.24,26.53,24.25,0.96,4,-1,-1
269,120,1091.68,446.12,25.61,24.18,0.87,4,-1,-1
269,206,1002.00,522.87,32.55,36.27,0.99,4,-1,-1
269,273,935.55,517.12,33.81,32.02,0.97,4,-1,-1
269,355,1093.73,853.65,69.07,95.48,0.99,4,-1,-1
269,360,994.67,489.76,26.57,29.04,0.88,4,-1,-1
269,372,1053.69,923.09,28.01,71.61,0.97,1,-1,-1
269,331,1028.13,486.16,29.32,30.25,0.90,4,-1,-1
269,129,1053.56,765.03,22.03,47.45,0.98,10,-1,-1
269,382,674.36,666.12,118.28,45.56,0.94,4,-1,-1
269,383,1054.52,761.04,20.61,42.51,0.77,2,-1,-1
269,379,489.83,827.70,30.39,60.42,0.44,1,-1,-1
269,386,659.33,708.75,108.48,50.62,0.83,4,-1,-1
270,19,1064.03,560.65,37.27,36.72,1.00,4,-1,-1
270,22,1058.46,626.25,44.48,46.62,1.00,4,-1,-1
270,25,930.07,943.61,83.07,120.24,0.98,4,-1,-1
270,47,1082.12,517.36,32.18,31.66,0.99,4,-1,-1
270,110,1107.10,475.81,25.71,24.11,0.97,4,-1,-1
270,120,1118.19,447.38,24.56,23.74,0.91,4,-1,-1
270,206,1025.71,527.30,33.41,36.81,0.99,4,-1,-1
270,273,959.19,519.65,34.60,32.44,0.98,4,-1,-1
270,355,1119.14,868.87,71.45,99.39,1.00,4,-1,-1
270,360,1019.35,494.44,26.56,28.30,0.85,4,-1,-1
270,372,1079.17,940.43,27.80,74.10,0.70,1,-1,-1
270,331,1052.39,489.13,29.88,30.72,0.89,4,-1,-1
270,129,1079.14,770.64,22.62,49.79,0.97,10,-1,-1
270,382,694.43,671.00,119.10,45.98,0.97,4,-1,-1
270,383,1080.45,766.41,19.88,46.07,0.71,2,-1,-1
270,379,503.23,837.12,30.40,55.68,0.65,1,-1,-1
270,386,682.61,714.29,103.09,53.83,0.58,4,-1,-1
270,387,1078.19,941.99,28.93,74.73,0.98,1,-1,-1
271,19,1092.85,562.59,38.09,37.20,0.99,4,-1,-1
271,22,1087.19,629.10,44.46,47.79,1.00,4,-1,-1
271,25,953.37,947.59,84.73,118.28,0.99,4,-1,-1
271,47,1112.26,519.19,32.37,31.49,0.99,4,-1,-1
271,110,1137.42,477.08,25.41,24.51,0.98,4,-1,-1
271,120,1149.29,449.54,24.18,23.20,0.89,4,-1,-1
271,206,1052.86,531.55,33.73,38.26,0.96,4,-1,-1
271,273,987.06,522.37,34.90,33.05,0.96,4,-1,-1
271,355,1145.14,884.21,73.11,104.93,1.00,4,-1,-1
271,360,1046.04,497.76,27.37,29.27,0.85,4,-1,-1
271,372,1104.58,958.60,28.52,75.08,0.96,1,-1,-1
271,331,1080.60,492.83,30.90,30.95,0.95,4,-1,-1
271,129,1106.84,777.19,22.81,49.89,0.97,10,-1,-1
271,382,715.11,673.98,122.68,49.53,0.94,4,-1,-1
271,383,1108.21,774.14,19.56,43.09,0.76,2,-1,-1
271,379,515.66,846.50,31.99,58.13,0.78,1,-1,-1
271,386,706.91,720.26,98.25,54.64,0.45,4,-1,-1
271,388,732.25,806.99,33.75,48.21,0.91,10,-1,-1
272,19,1106.13,562.84,38.38,37.64,0.99,4,-1,-1
272,22,1100.16,630.55,46.09,48.03,1.00,4,-1,-1
272,25,964.56,949.86,85.38,119.59,0.97,4,-1,-1
272,47,1125.46,519.88,33.25,32.12,0.98,4,-1,-1
272,110,1150.97,477.39,26.12,25.38,0.92,4,-1,-1
272,120,1163.04,449.82,25.70,23.73,0.84,4,-1,-1
272,206,1063.55,535.52,34.64,39.04,0.98,4,-1,-1
272,273,997.73,524.58,35.80,34.34,0.97,4,-1,-1
272,355,1157.46,900.04,75.33,108.97,1.00,4,-1,-1
272,360,1056.94,500.88,28.47,30.71,0.92,4,-1,-1
272,372,1116.55,975.07,30.47,76.78,0.92,1,-1,-1
272,331,1092.74,495.67,31.27,32.10,0.98,4,-1,-1
272,129,1118.88,783.21,23.73,50.54,0.98,10,-1,-1
272,382,724.27,678.78,121.28,50.48,0.95,4,-1,-1
272,383,1120.70,778.95,20.32,42.52,0.75,2,-1,-1
272,379,515.22,858.79,32.61,56.35,0.83,1,-1,-1
272,386,708.52,726.32,101.35,57.28,0.31,4,-1,-1
272,388,737.90,816.49,33.84,51.29,0.95,10,-1,-1
272,389,489.98,860.63,29.53,50.62,0.69,1,-1,-1
272,390,1115.56,977.54,31.34,78.35,0.77,2,-1,-1
273,19,1125.88,565.14,38.55,37.54,0.99,4,-1,-1
273,22,1118.93,633.47,46.77,48.31,1.00,4,-1,-1
273,25,979.17,954.99,86.53,117.24,0.96,4,-1,-1
273,47,1145.31,521.42,33.64,32.88,0.97,4,-1,-1
273,110,1170.68,478.90,26.42,25.81,0.94,4,-1,-1
273,120,1182.90,451.05,26.28,24.43,0.93,4,-1,-1
273,206,1080.71,540.80,35.83,39.47,0.97,4,-1,-1
273,273,1015.49,527.51,35.39,34.16,0.98,4,-1,-1
273,355,1175.04,918.98,77.43,114.03,1.00,4,-1,-1
273,360,1074.19,505.72,28.92,30.98,0.84,4,-1,-1
273,372,1132.98,995.93,31.99,76.85,0.87,1,-1,-1
273,331,1110.94,498.66,32.25,33.84,0.94,4,-1,-1
273,129,1136.78,791.03,24.08,50.94,0.98,10,-1,-1
273,382,735.92,686.13,122.50,50.31,0.98,4,-1,-1
273,383,1138.79,786.59,19.76,42.45,0.72,2,-1,-1
273,379,516.31,872.26,32.44,59.18,0.97,1,-1,-1
273,386,710.98,732.83,107.91,57.44,0.31,4,-1,-1
273,388,747.61,828.59,32.97,50.25,0.83,10,-1,-1
273,389,492.02,872.56,30.11,52.86,0.95,1,-1,-1
273,390,1131.60,997.13,33.35,77.83,0.77,1,-1,-1
274,19,1140.95,566.98,38.55,36.97,1.00,4,-1,-1
274,22,1133.29,636.14,46.94,49.06,1.00,4,-1,-1
274,25,990.71,958.22,87.64,115.98,0.96,4,-1,-1
274,47,1160.72,522.64,33.72,32.65,0.99,4,-1,-1
274,110,1185.54,480.81,26.49,25.47,0.98,4,-1,-1
274,120,1197.75,452.49,27.27,24.20,0.93,4,-1,-1
274,206,1092.95,545.95,36.21,39.48,0.99,4,-1,-1
274,273,1028.07,530.51,35.97,33.96,0.98,4,-1,-1
274,355,1187.08,936.19,79.27,118.70,1.00,4,-1,-1
274,360,1086.43,511.23,29.84,30.95,0.94,4,-1,-1
274,372,1143.94,1015.73,33.36,65.30,0.44,1,-1,-1
274,331,1125.05,502.22,31.76,34.39,0.99,4,-1,-1
274,129,1150.13,797.04,24.19,50.92,0.98,10,-1,-1
274,382,743.59,691.72,122.64,52.39,0.89,4,-1,-1
274,383,1151.76,793.34,20.35,41.45,0.74,2,-1,-1
274,379,514.29,886.49,31.91,59.22,0.95,1,-1,-1
274,386,719.17,741.74,109.02,61.55,0.53,4,-1,-1
274,388,751.74,840.43,33.55,50.53,0.24,10,-1,-1
274,389,488.70,887.10,30.22,53.27,0.94,1,-1,-1
274,390,1143.30,1016.73,32.84,64.53,0.26,1,-1,-1
274,391,1142.68,464.36,26.52,23.50,0.72,4,-1,-1
275,19,1150.34,568.82,38.62,37.21,1.00,4,-1,-1
275,22,1142.45,639.17,47.09,48.57,1.00,4,-1,-1
275,25,996.04,962.73,89.82,114.00,0.98,4,-1,-1
275,47,1170.24,523.80,34.62,33.41,0.99,4,-1,-1
275,110,1194.88,482.15,27.37,25.37,0.98,4,-1,-1
275,120,1208.28,453.61,26.48,24.14,0.97,4,-1,-1
275,206,1099.65,550.53,37.20,41.11,0.99,4,-1,-1
275,273,1035.62,533.33,35.43,34.30,0.99,4,-1,-1
275,355,1194.38,955.13,81.28,119.01,1.00,4,-1,-1
275,360,1092.71,515.92,30.23,31.36,0.98,4,-1,-1
275,331,1132.44,505.57,32.42,35.41,0.98,4,-1,-1
275,129,1157.40,802.22,25.88,52.55,0.97,10,-1,-1
275,382,744.36,699.96,124.40,52.36,0.92,4,-1,-1
275,383,1159.34,799.06,21.41,41.12,0.68,2,-1,-1
275,379,503.74,901.76,32.55,61.72,0.96,1,-1,-1
275,386,713.10,747.87,123.93,63.82,0.81,4,-1,-1
275,388,748.45,852.01,35.60,52.48,0.37,10,-1,-1
275,389,476.99,901.65,30.25,54.25,0.93,1,-1,-1
275,390,1148.59,1038.66,36.47,41.39,0.23,1,-1,-1
275,391,1152.30,466.69,26.63,25.08,0.80,4,-1,-1
276,19,1158.42,570.47,39.47,38.19,1.00,4,-1,-1
276,22,1149.97,641.94,47.96,50.11,1.00,4,-1,-1
276,25,1003.01,968.26,89.02,111.85,0.93,4,-1,-1
276,47,1178.86,525.18,34.96,34.17,0.99,4,-1,-1
276,110,1203.51,483.56,27.71,25.79,0.99,4,-1,-1
276,120,1216.53,454.92,27.40,24.98,0.92,4,-1,-1
276,206,1104.37,555.91,38.37,42.59,0.99,4,-1,-1
276,273,1041.75,536.79,36.03,34.09,0.97,4,-1,-1
276,355,1201.02,976.52,85.60,108.12,1.00,4,-1,-1
276,360,1097.68,521.29,31.17,31.97,0.96,4,-1,-1
276,331,1138.67,509.70,34.27,36.25,0.98,4,-1,-1
276,129,1164.96,812.77,24.92,50.86,0.95,10,-1,-1
276,382,742.78,707.51,126.72,54.10,0.98,4,-1,-1
276,383,1167.03,806.89,20.98,41.92,0.83,2,-1,-1
276,379,491.45,918.56,31.95,64.36,0.98,1,-1,-1
276,386,706.63,753.69,129.31,68.06,0.64,4,-1,-1
276,388,744.19,864.26,37.99,54.93,0.21,10,-1,-1
276,389,463.93,918.54,30.68,55.48,0.92,1,-1,-1
276,391,1159.31,469.72,26.68,25.92,0.50,4,-1,-1
277,19,1163.62,571.63,38.95,37.63,0.99,4,-1,-1
277,22,1155.08,643.58,48.26,49.73,1.00,4,-1,-1
277,25,1006.24,971.37,91.10,108.29,0.91,4,-1,-1
277,47,1184.15,525.89,35.06,33.54,0.99,4,-1,-1
277,110,1208.72,484.32,27.40,25.87,0.98,4,-1,-1
277,120,1221.18,455.47,27.31,24.82,0.97,4,-1,-1
277,206,1106.81,560.44,38.78,43.02,0.99,4,-1,-1
277,273,1044.01,539.17,36.23,34.72,0.98,4,-1,-1
277,355,1203.73,994.23,87.23,92.36,0.99,4,-1,-1
277,360,1099.39,525.11,31.50,32.90,0.97,4,-1,-1
277,331,1142.35,512.43,34.16,36.85,0.99,4,-1,-1
277,129,1170.25,820.18,23.71,46.73,0.96,10,-1,-1
277,382,740.23,714.39,127.37,54.49,0.98,4,-1,-1
277,383,1171.58,812.82,20.80,40.46,0.87,2,-1,-1
277,379,476.30,936.70,32.12,65.99,0.98,1,-1,-1
277,386,703.26,761.83,127.80,66.91,0.95,4,-1,-1
277,388,738.49,876.14,38.82,56.49,0.68,10,-1,-1
277,389,448.51,935.62,30.82,57.48,0.96,1,-1,-1
277,391,1162.73,472.13,26.62,25.14,0.50,4,-1,-1
278,19,1166.43,573.09,39.60,37.05,1.00,4,-1,-1
278,22,1158.25,645.46,47.59,49.63,1.00,4,-1,-1
278,25,1006.20,974.44,93.56,105.50,0.89,4,-1,-1
278,47,1187.01,526.52,35.13,33.33,0.99,4,-1,-1
278,110,1211.17,485.34,27.31,25.52,0.99,4,-1,-1
278,120,1224.24,456.39,27.29,24.78,0.98,4,-1,-1
278,206,1106.58,565.24,39.76,43.61,1.00,4,-1,-1
278,273,1044.44,542.19,36.33,34.99,0.98,4,-1,-1
278,355,1206.40,1018.97,88.30,66.56,0.61,5,-1,-1
278,360,1098.06,530.20,33.24,33.68,0.98,4,-1,-1
278,331,1143.00,515.33,34.92,38.30,0.98,4,-1,-1
278,129,1171.47,825.38,24.91,48.59,0.95,10,-1,-1
278,382,730.23,721.74,133.36,57.10,0.97,4,-1,-1
278,383,1172.96,818.69,21.56,39.95,0.78,2,-1,-1
278,379,455.29,956.34,32.60,67.46,0.98,1,-1,-1
278,386,694.40,771.30,138.46,71.33,0.97,4,-1,-1
278,389,428.10,955.69,31.31,59.89,0.96,1,-1,-1
278,391,1163.30,474.68,28.45,24.85,0.32,4,-1,-1
279,19,1151.95,573.46,38.93,37.14,0.99,4,-1,-1
279,22,1142.75,645.74,48.04,50.25,1.00,4,-1,-1
279,25,990.14,976.45,94.25,100.89,0.96,4,-1,-1
279,47,1172.47,526.30,35.06,33.55,0.99,4,-1,-1
279,110,1196.01,485.36,28.43,25.73,0.96,4,-1,-1
279,120,1209.65,456.43,27.62,25.10,0.98,4,-1,-1
279,206,1088.77,569.39,40.81,44.87,0.99,4,-1,-1
279,273,1028.25,544.21,37.09,35.78,0.97,4,-1,-1
279,355,1189.19,1035.33,90.03,46.04,0.14,4,-1,-1
279,360,1080.63,534.18,33.81,35.06,0.92,4,-1,-1
279,331,1126.17,518.31,35.92,38.71,0.98,4,-1,-1
279,129,1155.32,827.52,25.28,52.36,0.98,10,-1,-1
279,382,705.64,730.70,135.20,57.05,0.95,4,-1,-1
279,383,1156.86,823.11,21.79,39.67,0.71,2,-1,-1
279,379,414.95,980.02,33.11,71.00,0.96,1,-1,-1
279,386,661.32,780.09,154.60,71.09,0.98,4,-1,-1
279,389,388.47,981.03,31.41,64.71,0.94,1,-1,-1
279,391,1147.77,476.44,28.11,25.15,0.43,4,-1,-1
280,19,1138.98,573.53,39.61,38.01,0.99,4,-1,-1
280,22,1130.31,646.94,48.35,50.49,1.00,4,-1,-1
280,25,980.61,980.68,94.79,97.70,0.94,4,-1,-1
280,47,1159.43,526.88,35.14,33.23,0.98,4,-1,-1
280,110,1182.30,485.51,27.32,25.80,0.99,4,-1,-1
280,120,1195.74,456.73,27.83,25.22,0.97,4,-1,-1
280,206,1072.48,574.10,41.34,45.74,0.99,4,-1,-1
280,273,1012.81,546.81,37.48,36.08,0.96,4,-1,-1
280,360,1063.64,539.77,34.92,35.18,0.96,4,-1,-1
280,331,1111.41,521.49,35.61,39.65,0.99,4,-1,-1
280,129,1143.74,832.82,26.35,54.60,0.97,10,-1,-1
280,382,683.33,741.08,137.76,57.69,0.99,4,-1,-1
280,383,1145.33,828.81,22.76,41.28,0.81,2,-1,-1
280,379,376.90,1009.73,34.26,67.63,0.97,1,-1,-1
280,386,631.00,792.97,161.29,71.56,0.98,4,-1,-1
280,389,351.18,1010.99,30.74,64.90,0.96,1,-1,-1
280,391,1132.79,478.89,28.02,24.81,0.85,4,-1,-1
280,388,677.01,920.97,44.30,62.42,0.67,10,-1,-1
281,19,1142.54,575.07,39.00,38.02,0.99,4,-1,-1
281,22,1133.94,649.50,48.39,49.06,1.00,4,-1,-1
281,25,984.75,984.96,95.60,94.35,0.59,4,-1,-1
281,47,1162.66,528.44,34.29,33.20,0.99,4,-1,-1
281,110,1184.58,486.92,27.65,25.90,0.99,4,-1,-1
281,120,1198.40,458.01,27.86,25.32,0.97,4,-1,-1
281,206,1072.87,580.37,41.44,45.96,0.99,4,-1,-1
281,273,1013.10,550.61,37.56,36.27,0.99,4,-1,-1
281,360,1062.22,545.16,36.07,36.09,0.97,4,-1,-1
281,331,1112.06,526.26,36.20,39.69,0.99,4,-1,-1
281,129,1147.39,840.54,25.05,50.75,0.99,10,-1,-1
281,382,677.50,750.94,140.21,58.20,0.99,4,-1,-1
281,383,1149.01,835.43,21.46,39.49,0.79,2,-1,-1
281,379,350.67,1038.01,33.38,48.25,0.88,1,-1,-1
281,386,621.90,806.90,152.72,68.79,0.98,4,-1,-1
281,389,325.44,1041.65,31.22,45.40,0.70,1,-1,-1
281,391,1134.18,481.97,27.93,25.61,0.82,4,-1,-1
281,388,666.04,937.38,44.96,64.92,0.51,10,-1,-1
281,392,1160.16,418.86,19.29,19.89,0.74,4,-1,-1
281,393,1166.18,449.00,20.49,20.49,0.79,4,-1,-1
282,19,1142.88,575.68,39.53,38.35,0.99,4,-1,-1
282,22,1134.77,650.54,48.33,49.23,1.00,4,-1,-1
282,25,987.07,987.77,94.93,90.54,0.26,4,-1,-1
282,47,1163.22,528.52,33.92,33.52,0.98,4,-1,-1
282,110,1184.35,487.42,27.73,25.88,0.99,4,-1,-1
282,120,1197.85,458.50,28.64,25.72,0.97,4,-1,-1
282,206,1070.24,585.46,42.20,47.72,0.99,4,-1,-1
282,273,1011.70,553.30,37.53,36.66,0.98,4,-1,-1
282,360,1058.50,550.18,36.44,37.14,0.98,4,-1,-1
282,331,1110.20,529.70,37.17,40.38,0.99,4,-1,-1
282,129,1148.34,847.97,25.31,49.87,0.97,10,-1,-1
282,382,669.10,760.17,140.83,58.19,0.99,4,-1,-1
282,383,1149.99,841.15,21.71,41.24,0.86,2,-1,-1
282,386,609.28,818.81,158.76,69.06,0.99,4,-1,-1
282,391,1132.93,484.67,27.85,25.84,0.89,4,-1,-1
282,392,1159.74,420.91,19.38,20.47,0.62,4,-1,-1
282,393,1164.82,450.71,21.55,21.56,0.71,4,-1,-1
283,19,1142.76,576.60,39.70,38.88,0.99,4,-1,-1
283,22,1134.42,652.60,48.28,49.30,1.00,4,-1,-1
283,25,988.11,991.62,93.77,86.80,0.19,4,-1,-1
283,47,1162.78,529.48,33.77,33.64,0.99,4,-1,-1
283,110,1183.65,488.54,26.93,26.28,0.99,4,-1,-1
283,120,1197.03,459.83,28.10,25.45,0.95,4,-1,-1
283,206,1066.30,591.33,43.24,49.15,1.00,4,-1,-1
283,273,1008.62,556.32,38.31,37.20,0.99,4,-1,-1
283,360,1053.38,556.63,37.33,37.92,0.99,4,-1,-1
283,331,1107.73,533.62,37.50,41.42,0.98,4,-1,-1
283,129,1148.40,853.36,25.38,52.86,0.98,10,-1,-1
283,382,659.25,769.77,142.53,58.99,0.99,4,-1,-1
283,383,1149.67,847.98,22.60,41.84,0.77,2,-1,-1
283,386,594.55,830.94,157.89,69.96,0.99,4,-1,-1
283,391,1130.68,486.91,27.80,26.34,0.91,4,-1,-1
283,392,1158.12,423.16,19.40,20.14,0.88,4,-1,-1
283,393,1163.97,453.16,21.78,21.79,0.72,4,-1,-1
283,394,1034.20,515.89,39.78,40.98,0.87,6,-1,-1
283,395,1149.31,463.76,25.31,23.50,0.86,4,-1,-1
283,396,1186.07,415.25,18.08,17.48,0.67,4,-1,-1
283,397,1214.40,437.85,19.29,18.08,0.71,4,-1,-1
283,388,638.20,971.09,47.05,69.60,0.89,10,-1,-1
284,19,1142.55,577.64,39.78,39.51,0.99,4,-1,-1
284,22,1134.10,654.28,49.09,51.00,1.00,4,-1,-1
284,25,988.23,996.53,94.15,81.41,0.34,4,-1,-1
284,47,1162.05,530.52,34.55,33.71,1.00,4,-1,-1
284,110,1183.27,489.82,26.63,26.04,0.98,4,-1,-1
284,120,1196.61,461.19,27.89,25.37,0.96,4,-1,-1
284,206,1062.72,597.71,43.63,49.91,0.99,4,-1,-1
284,273,1005.30,559.45,39.41,38.64,0.99,4,-1,-1
284,360,1048.16,562.82,38.46,39.42,0.98,4,-1,-1
284,331,1105.09,537.88,38.42,42.22,0.99,4,-1,-1
284,129,1148.65,861.49,25.41,51.54,0.96,10,-1,-1
284,382,648.15,778.05,145.59,62.55,1.00,4,-1,-1
284,383,1150.17,854.62,22.92,41.28,0.78,2,-1,-1
284,386,581.73,844.58,158.15,71.95,0.99,4,-1,-1
284,391,1128.11,490.14,28.62,26.53,0.96,4,-1,-1
284,392,1156.37,424.70,19.37,19.97,0.97,4,-1,-1
284,393,1161.06,454.72,22.74,22.29,0.93,4,-1,-1
284,395,1147.90,467.12,25.43,23.63,0.92,4,-1,-1
284,396,1184.87,416.44,18.17,18.06,0.85,4,-1,-1
284,397,1213.34,438.45,20.34,19.14,0.83,4,-1,-1
284,388,623.34,990.73,47.37,69.65,0.50,10,-1,-1
284,398,1207.17,395.06,16.88,15.67,0.60,4,-1,-1
284,399,1208.97,396.56,16.88,15.67,0.84,4,-1,-1
284,400,1213.79,405.00,16.88,15.67,0.79,4,-1,-1
284,401,1219.22,351.36,10.85,11.45,0.81,4,-1,-1
284,402,1221.03,415.85,16.88,16.88,0.79,4,-1,-1
285,19,1142.38,579.09,39.87,39.75,0.99,4,-1,-1
285,22,1134.76,656.84,48.66,51.64,1.00,4,-1,-1
285,25,988.77,1000.94,96.07,78.03,0.30,4,-1,-1
285,47,1162.09,531.71,34.90,33.75,1.00,4,-1,-1
285,110,1182.63,490.63,27.40,26.37,0.98,4,-1,-1
285,120,1195.94,462.18,27.86,25.34,0.97,4,-1,-1
285,206,1058.49,604.15,45.44,52.39,1.00,4,-1,-1
285,273,1002.66,563.32,39.88,38.78,0.99,4,-1,-1
285,360,1042.88,569.76,40.53,40.39,0.99,4,-1,-1
285,331,1102.79,542.47,38.83,43.32,0.99,4,-1,-1
285,129,1148.87,868.97,26.29,51.85,0.97,10,-1,-1
285,382,635.75,789.02,150.89,65.43,1.00,4,-1,-1
285,383,1150.11,863.13,23.90,43.57,0.57,2,-1,-1
285,386,572.24,860.45,154.07,72.62,0.99,4,-1,-1
285,391,1125.83,493.47,28.96,27.43,0.96,4,-1,-1
285,392,1154.33,425.97,20.29,20.38,0.99,4,-1,-1
285,393,1159.11,456.90,23.06,22.43,0.96,4,-1,-1
285,395,1147.06,469.70,25.51,24.16,0.94,4,-1,-1
285,396,1184.11,418.27,18.22,18.20,0.84,4,-1,-1
285,397,1212.24,439.29,21.52,19.84,0.77,4,-1,-1
285,388,609.16,1014.06,46.56,60.77,0.59,10,-1,-1
285,398,1206.97,396.67,16.98,15.76,0.83,4,-1,-1
285,400,1213.16,405.70,17.94,16.24,0.74,4,-1,-1
285,401,1219.09,351.75,11.88,12.00,0.86,4,-1,-1
285,402,1220.92,417.10,18.42,17.46,0.72,4,-1,-1
285,403,1029.98,517.10,40.98,46.41,0.72,6,-1,-1
285,404,1207.17,590.32,15.67,29.83,0.75,10,-1,-1
285,405,1208.97,587.01,13.26,27.72,0.67,2,-1,-1
286,19,1142.40,580.65,39.12,39.23,0.99,4,-1,-1
286,22,1134.71,659.44,49.34,51.89,1.00,4,-1,-1
286,25,990.78,1005.52,95.21,73.58,0.20,4,-1,-1
286,47,1162.18,532.55,35.06,33.35,0.99,4,-1,-1
286,110,1182.07,491.91,27.70,26.08,0.98,4,-1,-1
286,120,1195.38,463.31,27.86,25.74,0.97,4,-1,-1
286,206,1055.00,611.34,46.16,54.11,0.99,4,-1,-1
286,273,999.74,566.98,40.08,39.22,0.99,4,-1,-1
286,360,1037.38,577.14,41.35,41.74,0.98,4,-1,-1
286,331,1100.03,546.95,39.80,44.53,0.99,4,-1,-1
286,129,1149.16,876.18,27.45,53.62,0.99,10,-1,-1
286,382,624.81,802.09,152.15,66.48,0.98,4,-1,-1
286,383,1150.69,871.97,24.29,42.80,0.58,2,-1,-1
286,386,556.01,876.55,157.45,73.62,1.00,4,-1,-1
286,391,1123.89,497.26,29.10,27.75,0.97,4,-1,-1
286,392,1152.97,427.57,20.59,20.95,0.96,4,-1,-1
286,393,1157.78,459.21,23.15,22.45,0.97,4,-1,-1
286,395,1145.63,472.10,26.42,24.26,0.90,4,-1,-1
286,396,1182.58,419.36,18.19,18.66,0.82,4,-1,-1
286,397,1211.43,439.74,21.89,19.57,0.69,4,-1,-1
286,398,1206.75,397.75,17.03,15.80,0.82,4,-1,-1
286,400,1212.42,406.18,18.19,16.38,0.77,4,-1,-1
286,401,1218.45,351.61,12.11,12.59,0.79,4,-1,-1
286,403,1027.99,521.70,40.30,45.24,0.90,6,-1,-1
286,404,1207.32,595.34,15.78,31.22,0.58,10,-1,-1
286,405,1209.62,592.48,13.36,29.58,0.82,1,-1,-1
286,406,1228.26,492.39,24.11,28.33,0.83,4,-1,-1
287,19,1143.08,581.30,39.49,39.93,0.99,4,-1,-1
287,22,1135.76,660.32,50.20,52.61,1.00,4,-1,-1
287,25,994.69,1008.08,92.77,68.58,0.52,4,-1,-1
287,47,1163.25,533.13,34.96,33.51,0.99,4,-1,-1
287,110,1182.04,492.61,27.69,25.88,0.98,4,-1,-1
287,120,1195.30,464.26,27.74,25.39,0.99,4,-1,-1
287,206,1052.83,617.54,46.18,56.14,0.99,4,-1,-1
287,273,997.96,569.30,40.77,40.45,0.98,4,-1,-1
287,360,1032.94,583.75,42.23,43.47,0.99,4,-1,-1
287,331,1098.71,551.06,39.97,45.20,0.99,4,-1,-1
287,129,1151.40,880.60,27.75,54.06,0.98,10,-1,-1
287,382,616.47,815.08,153.47,65.83,1.00,4,-1,-1
287,383,1153.46,877.82,23.49,44.80,0.71,2,-1,-1
287,386,545.37,889.92,159.37,76.17,0.99,4,-1,-1
287,391,1122.81,499.76,29.01,28.59,0.99,4,-1,-1
287,392,1152.43,429.00,19.73,20.65,0.98,4,-1,-1
287,393,1157.66,461.84,23.06,22.37,0.98,4,-1,-1
287,395,1145.47,474.50,25.68,24.19,0.95,4,-1,-1
287,396,1181.82,420.67,18.10,18.73,0.94,4,-1,-1
287,397,1211.23,439.86,21.87,19.84,0.88,4,-1,-1
287,398,1206.19,398.81,16.93,15.72,0.78,4,-1,-1
287,400,1212.10,406.01,18.16,16.33,0.83,4,-1,-1
287,401,1217.22,351.58,12.11,12.26,0.75,4,-1,-1
287,403,1026.51,521.60,42.92,48.25,0.97,6,-1,-1
287,404,1207.38,598.15,16.71,32.62,0.67,10,-1,-1
287,405,1209.77,596.34,14.29,30.15,0.73,1,-1,-1
287,406,1228.49,494.99,24.22,27.96,0.94,4,-1,-1
287,402,1219.60,417.74,18.77,18.11,0.64,4,-1,-1
288,19,1144.55,582.66,39.67,40.09,0.99,4,-1,-1
288,22,1137.29,662.93,49.74,53.02,1.00,4,-1,-1
288,25,998.29,1013.02,91.16,64.73,0.50,4,-1,-1
288,47,1164.13,534.40,35.78,34.08,0.99,4,-1,-1
288,110,1183.03,494.06,27.72,25.89,0.99,4,-1,-1
288,120,1196.31,465.56,27.73,25.34,0.99,4,-1,-1
288,206,1050.33,625.07,47.01,57.05,0.99,4,-1,-1
288,273,996.30,572.88,41.87,41.43,0.99,4,-1,-1
288,360,1028.82,591.73,43.39,45.04,0.98,4,-1,-1
288,331,1097.87,556.17,40.05,45.96,0.99,4,-1,-1
288,129,1154.04,888.50,27.86,55.98,0.98,10,-1,-1
288,382,606.34,829.08,155.76,66.63,1.00,4,-1,-1
288,383,1156.32,886.60,24.00,44.82,0.72,2,-1,-1
288,386,528.03,905.23,164.48,79.01,1.00,4,-1,-1
288,391,1121.70,503.18,29.83,28.97,0.99,4,-1,-1
288,392,1152.34,430.49,20.30,21.01,0.98,4,-1,-1
288,393,1157.72,464.00,23.03,23.25,0.98,4,-1,-1
288,395,1145.30,477.41,25.43,24.21,0.96,4,-1,-1
288,396,1182.00,422.10,18.09,19.23,0.96,4,-1,-1
288,397,1212.10,440.76,21.86,19.97,0.87,4,-1,-1
288,398,1206.34,396.88,17.83,16.18,0.75,4,-1,-1
288,400,1212.83,406.27,18.14,16.34,0.93,4,-1,-1
288,401,1217.24,352.30,12.11,12.15,0.52,4,-1,-1
288,403,1024.46,524.32,44.66,48.80,0.88,6,-1,-1
288,404,1209.38,601.40,16.07,33.79,0.84,2,-1,-1
288,405,1209.05,601.30,16.41,33.36,0.71,1,-1,-1
288,406,1228.85,497.58,25.67,28.43,0.91,4,-1,-1
288,402,1220.07,418.06,17.83,17.73,0.71,4,-1,-1
288,407,1207.17,602.98,16.88,33.45,0.64,10,-1,-1
289,19,1145.51,583.71,39.71,39.68,0.99,4,-1,-1
289,22,1138.73,665.56,48.72,51.45,1.00,4,-1,-1
289,25,1000.79,1018.43,93.01,59.17,0.33,4,-1,-1
289,47,1164.84,535.46,35.25,34.24,0.99,4,-1,-1
289,110,1183.76,495.00,26.89,26.27,0.99,4,-1,-1
289,120,1196.61,466.26,27.71,26.11,0.96,4,-1,-1
289,206,1047.22,633.10,48.09,58.06,0.99,4,-1,-1
289,273,993.90,576.58,43.06,42.72,0.99,4,-1,-1
289,360,1023.14,599.77,45.37,46.14,1.00,4,-1,-1
289,331,1096.46,560.98,40.85,46.95,0.99,4,-1,-1
289,129,1156.41,897.95,27.88,55.00,0.98,10,-1,-1
289,382,593.08,843.89,160.44,66.74,0.99,4,-1,-1
289,383,1157.95,893.97,24.98,44.75,0.73,2,-1,-1
289,386,512.30,921.19,170.20,82.28,1.00,4,-1,-1
289,391,1120.14,506.21,30.11,29.46,0.98,4,-1,-1
289,392,1151.49,432.10,20.48,21.11,0.97,4,-1,-1
289,393,1157.33,466.42,22.16,23.10,0.97,4,-1,-1
289,395,1143.98,480.07,25.34,24.17,0.95,4,-1,-1
289,396,1181.17,424.12,18.08,18.94,0.97,4,-1,-1
289,397,1212.32,441.74,21.83,19.97,0.93,4,-1,-1
289,398,1205.90,396.53,18.11,16.30,0.83,4,-1,-1
289,400,1212.53,406.41,18.12,16.31,0.95,4,-1,-1
289,401,1216.25,352.88,11.20,12.09,0.44,4,-1,-1
289,403,1021.83,533.02,42.42,43.27,0.76,6,-1,-1
289,404,1210.88,607.61,14.86,33.17,0.74,1,-1,-1
289,405,1210.48,606.09,16.28,32.41,0.95,1,-1,-1
289,406,1229.16,499.54,25.18,27.99,0.95,4,-1,-1
289,402,1219.70,419.10,17.53,17.12,0.94,4,-1,-1
289,407,1209.15,609.20,16.96,31.93,0.52,10,-1,-1
289,408,1204.75,432.12,20.49,17.48,0.74,4,-1,-1
289,409,1210.18,439.65,20.49,19.29,0.78,4,-1,-1
289,410,1219.22,381.80,14.46,13.86,0.63,4,-1,-1
290,19,1146.98,585.53,40.60,40.21,1.00,4,-1,-1
290,22,1140.31,668.27,49.22,51.77,1.00,4,-1,-1
290,25,1003.25,1024.41,93.80,54.16,0.10,4,-1,-1
290,47,1166.26,536.81,35.08,34.77,0.99,4,-1,-1
290,110,1184.00,496.45,27.45,26.46,0.99,4,-1,-1
290,120,1197.15,467.57,28.56,26.44,0.96,4,-1,-1
290,206,1043.89,641.65,50.13,60.11,0.99,4,-1,-1
290,273,991.97,580.46,43.54,43.88,0.99,4,-1,-1
290,360,1017.26,609.46,46.94,47.02,1.00,4,-1,-1
290,331,1095.05,566.47,41.98,48.60,0.99,4,-1,-1
290,129,1159.11,907.08,28.71,56.33,0.97,10,-1,-1
290,382,582.13,856.97,163.17,70.15,0.97,4,-1,-1
290,383,1160.79,904.28,25.37,44.79,0.69,2,-1,-1
290,386,496.58,940.35,173.50,84.49,0.99,4,-1,-1
290,391,1118.71,510.38,31.06,30.10,0.99,4,-1,-1
290,392,1151.16,434.48,20.56,21.17,0.98,4,-1,-1
290,393,1156.71,469.73,22.70,23.49,0.97,4,-1,-1
290,395,1143.42,483.03,26.19,25.05,0.98,4,-1,-1
290,396,1180.84,425.78,18.09,19.27,0.99,4,-1,-1
290,397,1212.81,443.09,21.82,20.42,0.95,4,-1,-1
290,398,1206.59,396.53,17.35,16.80,0.85,4,-1,-1
290,400,1212.82,406.14,17.26,16.76,0.97,4,-1,-1
290,403,1021.22,536.26,42.43,43.71,0.66,6,-1,-1
290,404,1212.46,611.58,15.42,32.92,0.83,10,-1,-1
290,405,1212.23,612.37,16.12,33.04,0.63,10,-1,-1
290,406,1229.98,501.03,26.33,28.78,0.96,4,-1,-1
290,402,1220.86,419.78,17.45,16.94,0.96,4,-1,-1
290,407,1211.81,613.32,16.06,32.63,0.63,1,-1,-1
290,408,1206.10,434.01,19.65,17.59,0.91,4,-1,-1
290,411,755.16,690.67,127.77,59.06,0.89,4,-1,-1
291,19,1147.25,587.26,40.84,40.28,0.99,4,-1,-1
291,22,1140.27,670.49,50.11,52.55,1.00,4,-1,-1
291,47,1166.03,538.08,34.94,34.86,0.99,4,-1,-1
291,110,1183.32,497.85,27.59,26.86,0.99,4,-1,-1
291,120,1196.93,468.58,28.80,26.07,0.96,4,-1,-1
291,206,1040.36,650.41,51.57,63.05,0.99,4,-1,-1
291,273,989.84,584.34,43.60,44.36,0.99,4,-1,-1
291,360,1011.63,618.96,47.41,48.16,1.00,4,-1,-1
291,331,1092.43,571.92,43.11,49.44,1.00,4,-1,-1
291,129,1161.16,916.94,28.96,54.20,0.98,10,-1,-1
291,382,569.89,871.72,165.90,71.94,0.98,4,-1,-1
291,383,1162.88,911.76,25.45,45.48,0.74,2,-1,-1
291,386,480.73,959.17,176.99,87.37,1.00,4,-1,-1
291,391,1116.39,514.31,31.33,30.63,0.99,4,-1,-1
291,392,1149.94,436.35,20.53,21.54,0.93,4,-1,-1
291,393,1155.83,472.03,22.84,23.97,0.98,4,-1,-1
291,395,1142.60,486.21,25.59,25.28,0.98,4,-1,-1
291,396,1179.98,427.62,18.06,19.32,0.98,4,-1,-1
291,397,1212.54,444.37,21.76,20.51,0.95,4,-1,-1
291,398,1205.54,397.27,17.01,16.49,0.81,4,-1,-1
291,400,1211.62,407.17,17.79,16.44,0.95,4,-1,-1
291,403,1019.08,534.61,44.95,49.05,0.98,6,-1,-1
291,404,1212.70,615.97,14.69,30.98,0.85,10,-1,-1
291,405,1212.05,618.16,15.98,30.36,0.94,1,-1,-1
291,406,1229.46,503.27,26.63,28.95,0.98,4,-1,-1
291,402,1219.98,420.25,17.83,16.84,0.96,4,-1,-1
291,407,1212.69,617.01,14.71,29.84,0.96,2,-1,-1
291,408,1204.98,434.89,19.46,19.00,0.88,4,-1,-1
291,411,749.08,697.98,130.29,62.24,0.94,4,-1,-1
291,401,1214.34,355.19,10.92,12.12,0.71,4,-1,-1
292,19,1147.98,590.13,41.82,40.83,0.99,4,-1,-1
292,22,1141.65,674.53,50.54,52.99,1.00,4,-1,-1
292,47,1167.46,540.87,34.96,34.18,0.99,4,-1,-1
292,110,1184.25,500.18,26.88,26.68,0.99,4,-1,-1
292,120,1197.68,470.90,28.14,26.01,0.98,4,-1,-1
292,206,1037.09,660.73,52.99,65.13,1.00,4,-1,-1
292,273,987.35,589.70,45.32,45.26,0.98,4,-1,-1
292,360,1005.14,630.64,50.04,50.31,1.00,4,-1,-1
292,331,1090.83,579.26,43.60,50.28,0.99,4,-1,-1
292,129,1164.86,928.77,29.09,56.01,0.98,10,-1,-1
292,382,553.18,887.71,173.08,76.86,0.96,4,-1,-1
292,383,1166.21,923.87,26.32,45.04,0.89,2,-1,-1
292,386,461.53,981.59,184.22,89.53,1.00,4,-1,-1
292,391,1114.58,519.56,32.30,31.32,0.99,4,-1,-1
292,392,1149.00,439.45,20.56,21.74,0.82,4,-1,-1
292,393,1155.01,475.16,23.77,24.61,0.95,4,-1,-1
292,395,1141.29,489.86,26.26,25.85,0.97,4,-1,-1
292,396,1179.61,430.48,18.08,18.55,0.97,4,-1,-1
292,397,1212.86,446.28,21.78,20.18,0.96,4,-1,-1
292,398,1205.56,398.26,16.07,15.99,0.80,4,-1,-1
292,400,1212.07,408.49,18.01,15.94,0.88,4,-1,-1
292,403,1016.67,538.58,47.56,50.14,0.92,6,-1,-1
292,404,1214.73,622.98,13.58,27.72,0.93,2,-1,-1
292,405,1213.57,628.69,15.09,26.75,0.86,10,-1,-1
292,406,1230.52,507.26,25.47,28.64,0.95,4,-1,-1
292,402,1220.10,421.36,17.58,16.85,0.90,4,-1,-1
292,407,1214.28,623.61,14.37,28.98,0.81,1,-1,-1
292,408,1203.98,436.01,19.37,19.49,0.83,4,-1,-1
292,411,741.68,707.64,132.97,63.10,0.96,4,-1,-1
292,412,1098.68,468.88,21.70,22.30,0.84,4,-1,-1
292,413,1151.12,477.62,25.31,25.92,0.65,4,-1,-1
293,19,1159.48,592.91,41.35,40.72,0.99,4,-1,-1
293,22,1153.08,678.61,51.49,53.84,1.00,4,-1,-1
293,47,1178.34,542.68,35.77,35.49,1.00,4,-1,-1
293,110,1193.67,502.26,27.43,26.54,0.99,4,-1,-1
293,120,1207.80,473.02,27.86,26.32,0.99,4,-1,-1
293,206,1044.22,671.13,53.48,67.31,0.99,4,-1,-1
293,273,995.17,595.31,45.92,45.85,0.99,4,-1,-1
293,360,1008.34,642.05,51.78,52.56,1.00,4,-1,-1
293,331,1099.19,585.89,44.55,52.05,1.00,4,-1,-1
293,129,1178.18,940.80,30.76,58.16,0.98,10,-1,-1
293,382,545.71,904.64,181.10,80.77,0.94,4,-1,-1
293,383,1179.78,935.21,27.44,48.88,0.88,2,-1,-1
293,386,452.08,1004.05,192.84,78.72,0.97,4,-1,-1
293,391,1123.16,524.70,32.63,31.88,0.99,4,-1,-1
293,392,1157.77,442.32,20.55,21.33,0.97,4,-1,-1
293,393,1163.85,478.55,24.09,25.19,0.99,4,-1,-1
293,395,1149.60,493.84,27.32,26.39,0.99,4,-1,-1
293,396,1188.12,432.39,18.92,19.48,0.96,4,-1,-1
293,397,1222.80,448.25,21.35,20.83,0.99,4,-1,-1
293,398,1214.98,398.97,16.60,16.18,0.63,4,-1,-1
293,400,1221.61,408.86,18.49,16.57,0.92,4,-1,-1
293,403,1025.25,542.07,49.29,51.61,0.89,6,-1,-1
293,404,1225.88,628.84,14.12,28.38,0.70,2,-1,-1
293,405,1224.11,637.47,16.02,28.19,0.92,10,-1,-1
293,406,1241.22,509.78,24.56,29.30,0.98,4,-1,-1
293,402,1229.95,422.48,18.33,17.25,0.91,4,-1,-1
293,407,1224.88,629.86,15.23,29.65,0.94,1,-1,-1
293,408,1214.12,436.72,20.72,19.08,0.89,4,-1,-1
293,411,744.07,718.16,133.35,62.03,0.91,4,-1,-1
293,414,1218.62,445.08,21.70,21.09,0.80,4,-1,-1
294,19,1169.40,596.06,41.89,40.80,1.00,4,-1,-1
294,22,1163.38,682.62,51.72,54.03,1.00,4,-1,-1
294,47,1188.00,545.13,36.00,35.47,0.99,4,-1,-1
294,110,1204.02,505.13,27.57,26.44,0.99,4,-1,-1
294,120,1217.56,475.34,28.11,26.80,0.99,4,-1,-1
294,206,1049.27,682.50,55.92,69.54,1.00,4,-1,-1
294,273,1002.95,600.38,46.02,46.76,0.99,4,-1,-1
294,360,1010.83,654.64,53.88,54.85,0.99,4,-1,-1
294,331,1106.95,593.32,44.78,52.97,1.00,4,-1,-1
294,129,1189.91,954.68,30.50,57.22,0.99,10,-1,-1
294,382,539.74,923.75,186.07,82.86,0.98,4,-1,-1
294,383,1191.21,948.31,27.80,48.56,0.87,2,-1,-1
294,386,440.16,1023.03,234.41,62.16,0.50,4,-1,-1
294,391,1130.55,529.95,33.48,32.41,0.99,4,-1,-1
294,392,1166.78,445.13,20.50,21.55,0.98,4,-1,-1
294,393,1172.43,482.68,24.15,24.93,0.98,4,-1,-1
294,395,1158.03,497.74,27.64,26.93,0.96,4,-1,-1
294,396,1196.96,435.11,19.18,19.76,0.97,4,-1,-1
294,397,1232.50,450.35,21.56,20.20,0.99,4,-1,-1
294,398,1224.11,399.52,16.74,16.63,0.96,4,-1,-1
294,400,1230.74,409.89,18.63,16.34,0.98,4,-1,-1
294,403,1033.68,549.37,47.35,48.31,0.44,6,-1,-1
294,405,1233.97,644.32,16.71,30.25,0.85,10,-1,-1
294,406,1251.61,514.24,24.19,28.21,0.85,4,-1,-1
294,402,1238.76,423.10,18.97,17.77,0.99,4,-1,-1
294,407,1236.10,637.31,14.61,32.47,0.80,1,-1,-1
294,408,1223.09,438.88,21.54,18.41,0.96,4,-1,-1
294,411,746.83,727.96,134.89,63.39,0.91,4,-1,-1
294,401,1230.79,358.49,12.02,12.70,0.70,4,-1,-1
295,19,1171.72,600.25,41.32,41.10,1.00,4,-1,-1
295,22,1164.99,689.07,52.68,55.82,1.00,4,-1,-1
295,47,1190.26,549.24,36.12,35.53,1.00,4,-1,-1
295,110,1205.37,509.10,28.48,26.85,0.97,4,-1,-1
295,120,1218.71,478.66,28.65,27.02,0.99,4,-1,-1
295,206,1046.09,696.34,58.47,73.62,0.99,4,-1,-1
295,273,1001.49,607.82,47.71,48.77,0.99,4,-1,-1
295,360,1004.70,670.07,54.72,57.37,1.00,4,-1,-1
295,331,1105.64,602.83,46.52,54.98,1.00,4,-1,-1
295,129,1192.82,969.94,32.03,59.38,0.98,10,-1,-1
295,382,523.26,947.82,191.10,85.35,0.98,4,-1,-1
295,383,1194.83,964.55,27.94,50.10,0.73,1,-1,-1
295,391,1131.16,536.58,33.02,33.46,1.00,4,-1,-1
295,392,1167.64,449.15,20.51,21.66,0.96,4,-1,-1
295,393,1173.55,487.84,24.19,25.27,0.99,4,-1,-1
295,395,1159.07,503.43,27.79,27.58,0.99,4,-1,-1
295,396,1198.21,439.10,19.30,19.90,0.99,4,-1,-1
295,397,1234.90,452.91,21.66,19.98,0.99,4,-1,-1
295,398,1225.91,401.49,17.23,16.41,0.85,4,-1,-1
295,400,1232.13,411.40,18.70,16.28,0.95,4,-1,-1
295,403,1032.54,553.01,49.06,51.72,0.41,6,-1,-1
295,405,1235.57,654.86,16.97,30.22,0.84,3,-1,-1
295,406,1254.26,519.14,24.09,28.69,0.97,4,-1,-1
295,402,1240.03,424.92,19.23,17.99,0.98,4,-1,-1
295,407,1238.11,646.84,14.42,32.64,0.95,1,-1,-1
295,408,1225.67,441.58,21.41,18.20,0.94,4,-1,-1
295,411,740.53,741.18,136.35,64.79,0.91,4,-1,-1
295,415,1193.91,966.09,28.93,49.42,0.89,2,-1,-1
296,19,1172.02,604.69,41.88,41.91,1.00,4,-1,-1
296,22,1166.34,694.93,52.17,57.11,1.00,4,-1,-1
296,47,1190.46,553.13,36.13,35.43,0.99,4,-1,-1
296,110,1205.57,512.58,27.97,26.93,0.97,4,-1,-1
296,120,1219.19,481.74,27.60,27.01,1.00,4,-1,-1
296,206,1041.64,711.63,60.17,76.48,1.00,4,-1,-1
296,273,999.63,615.33,47.48,49.95,0.99,4,-1,-1
296,360,996.05,686.88,58.11,60.47,1.00,4,-1,-1
296,331,1103.60,612.96,47.12,56.13,1.00,4,-1,-1
296,129,1195.71,986.67,31.80,59.19,0.99,10,-1,-1
296,382,508.63,973.78,194.97,86.62,0.84,4,-1,-1
296,383,1197.97,981.25,27.17,48.10,0.95,2,-1,-1
296,391,1128.93,543.79,33.61,33.73,1.00,4,-1,-1
296,392,1166.51,453.18,20.49,21.63,0.96,4,-1,-1
296,393,1172.55,492.18,24.18,25.71,0.98,4,-1,-1
296,395,1158.09,508.95,27.80,27.72,0.98,4,-1,-1
296,396,1197.15,442.70,19.32,19.87,0.99,4,-1,-1
296,397,1233.75,455.35,21.67,20.68,1.00,4,-1,-1
296,398,1225.33,402.81,17.40,16.27,0.94,4,-1,-1
296,400,1231.42,412.95,18.70,16.62,0.99,4,-1,-1
296,403,1031.08,560.31,48.00,51.10,0.46,6,-1,-1
296,405,1235.97,664.13,17.06,32.61,0.88,10,-1,-1
296,406,1254.92,524.51,22.36,27.95,0.78,4,-1,-1
296,402,1239.26,426.52,19.30,18.01,0.99,4,-1,-1
296,407,1237.84,657.09,16.10,33.45,0.91,1,-1,-1
296,408,1225.49,444.13,20.46,18.50,0.99,4,-1,-1
296,411,734.10,755.07,138.30,66.70,0.67,4,-1,-1
296,416,1236.70,671.38,16.88,28.93,0.74,3,-1,-1
296,404,1238.79,656.74,14.48,32.12,0.83,2,-1,-1
297,19,1173.58,610.94,42.87,42.86,1.00,4,-1,-1
297,22,1167.79,702.70,51.92,57.66,1.00,4,-1,-1
297,47,1191.64,558.20,36.11,35.85,0.99,4,-1,-1
297,110,1206.05,517.29,27.76,27.40,0.98,4,-1,-1
297,120,1219.40,486.11,27.60,27.04,0.99,4,-1,-1
297,206,1037.40,728.61,62.30,80.76,1.00,4,-1,-1
297,273,997.61,623.67,48.13,51.43,1.00,4,-1,-1
297,360,986.78,705.91,60.89,64.05,0.99,4,-1,-1
297,331,1101.55,624.76,48.87,58.40,0.99,4,-1,-1
297,129,1198.60,1006.54,31.62,60.77,0.87,10,-1,-1
297,382,539.42,1007.20,152.53,72.19,0.52,4,-1,-1
297,383,1200.56,1001.23,28.44,49.01,0.89,2,-1,-1
297,391,1127.67,552.14,33.79,35.06,1.00,4,-1,-1
297,392,1165.75,458.19,21.29,22.06,0.94,4,-1,-1
297,393,1171.79,498.52,24.96,25.90,0.98,4,-1,-1
297,395,1156.92,515.51,28.60,28.60,0.99,4,-1,-1
297,396,1196.84,446.77,19.30,20.30,0.99,4,-1,-1
297,397,1233.36,459.27,22.90,20.95,1.00,4,-1,-1
297,398,1225.65,405.72,17.44,15.83,0.92,4,-1,-1
297,400,1231.67,415.55,17.86,16.36,0.99,4,-1,-1
297,403,1028.47,564.76,50.79,55.21,0.47,4,-1,-1
297,406,1254.68,531.14,21.72,27.29,0.88,4,-1,-1
297,402,1239.47,429.34,19.31,18.04,0.99,4,-1,-1
297,407,1237.94,668.45,16.64,37.04,0.97,1,-1,-1
297,408,1225.91,447.46,20.93,18.21,0.96,4,-1,-1
297,411,726.25,770.84,141.42,69.17,0.93,4,-1,-1
297,417,1167.99,499.62,25.31,31.94,0.61,4,-1,-1
298,19,1176.32,616.82,42.57,43.17,1.00,4,-1,-1
298,22,1171.07,710.86,52.01,57.80,1.00,4,-1,-1
298,47,1194.55,562.93,36.21,35.98,1.00,4,-1,-1
298,110,1208.24,521.81,28.17,27.96,0.99,4,-1,-1
298,120,1221.43,489.63,28.10,26.62,0.99,4,-1,-1
298,206,1035.47,747.86,64.13,83.10,1.00,4,-1,-1
298,273,996.93,633.82,48.52,51.92,1.00,4,-1,-1
298,360,980.50,727.60,61.39,66.90,1.00,4,-1,-1
298,331,1101.01,637.12,50.50,59.98,0.99,4,-1,-1
298,129,1203.92,1025.21,32.90,53.28,0.48,10,-1,-1
298,391,1127.27,560.52,34.76,36.72,0.99,4,-1,-1
298,392,1166.54,462.81,21.65,22.60,0.96,4,-1,-1
298,393,1172.27,503.63,26.14,27.16,0.99,4,-1,-1
298,395,1157.28,522.14,28.98,29.70,0.99,4,-1,-1
298,396,1197.40,450.97,19.36,20.43,0.98,4,-1,-1
298,397,1235.94,461.96,22.21,21.43,0.99,4,-1,-1
298,398,1227.18,407.43,17.51,16.07,0.90,4,-1,-1
298,400,1232.39,417.33,17.60,16.66,0.96,4,-1,-1
298,403,1027.50,572.34,52.77,56.43,0.66,6,-1,-1
298,406,1256.25,536.44,23.30,27.90,0.91,4,-1,-1
298,402,1241.04,431.00,19.37,18.45,0.99,4,-1,-1
298,407,1240.76,679.93,16.95,39.92,0.98,1,-1,-1
298,408,1227.11,449.74,21.56,18.92,0.95,4,-1,-1
298,411,718.68,790.47,145.27,69.82,0.80,4,-1,-1
299,19,1176.45,624.90,43.19,44.12,1.00,4,-1,-1
299,22,1172.14,720.92,51.95,57.86,1.00,4,-1,-1
299,47,1194.82,569.83,36.19,36.04,1.00,4,-1,-1
299,110,1208.29,527.85,27.88,28.18,0.99,4,-1,-1
299,120,1221.05,495.74,28.24,26.89,0.99,4,-1,-1
299,206,1031.97,770.21,64.68,85.52,1.00,4,-1,-1
299,273,995.18,646.08,48.56,52.09,1.00,4,-1,-1
299,360,971.09,752.39,63.77,70.32,1.00,4,-1,-1
299,331,1099.24,651.47,51.02,62.14,0.99,4,-1,-1
299,129,1207.43,1046.75,34.06,36.54,0.26,10,-1,-1
299,391,1125.22,571.67,35.87,37.34,0.99,4,-1,-1
299,392,1165.78,469.26,21.75,22.81,0.97,4,-1,-1
299,393,1171.33,511.65,25.74,27.22,0.98,4,-1,-1
299,395,1155.91,530.71,29.88,30.11,0.99,4,-1,-1
299,396,1196.16,456.29,20.16,21.30,0.99,4,-1,-1
299,397,1235.02,467.19,23.54,21.62,0.99,4,-1,-1
299,398,1226.71,409.87,17.51,16.58,0.94,4,-1,-1
299,400,1232.46,421.04,18.32,16.37,0.94,4,-1,-1
299,403,1025.65,581.34,53.41,58.08,0.49,6,-1,-1
299,406,1256.46,544.77,22.17,27.70,0.52,4,-1,-1
299,402,1240.55,434.87,19.35,19.01,0.97,4,-1,-1
299,407,1241.27,695.23,17.01,40.24,0.96,1,-1,-1
299,408,1226.86,454.60,21.35,19.18,0.98,4,-1,-1
299,411,708.96,810.12,148.90,73.39,0.76,4,-1,-1
299,418,1241.52,392.34,14.46,13.86,0.73,4,-1,-1
299,419,1268.04,725.62,53.04,65.09,0.96,4,-1,-1
300,19,1178.53,632.92,42.50,44.46,1.00,4,-1,-1
300,22,1174.86,731.15,50.97,57.87,1.00,4,-1,-1
300,47,1196.18,576.90,36.92,36.06,1.00,4,-1,-1
300,110,1210.06,534.45,28.12,28.26,0.99,4,-1,-1
300,120,1223.09,501.61,27.42,26.58,1.00,4,-1,-1
300,206,1028.06,793.37,66.25,89.50,1.00,4,-1,-1
300,273,993.20,657.74,49.25,53.73,0.99,4,-1,-1
300,360,960.78,778.73,67.63,74.70,1.00,4,-1,-1
300,331,1097.57,666.75,52.64,63.71,1.00,4,-1,-1
300,391,1124.28,582.56,36.20,38.55,0.99,4,-1,-1
300,392,1166.60,475.19,21.73,23.29,0.97,4,-1,-1
300,393,1172.45,519.52,25.50,27.23,0.98,4,-1,-1
300,395,1156.82,539.53,29.33,30.25,1.00,4,-1,-1
300,396,1197.54,462.50,19.61,21.21,0.99,4,-1,-1
300,397,1236.82,472.18,22.36,21.28,1.00,4,-1,-1
300,398,1228.41,412.71,17.06,16.36,0.97,4,-1,-1
300,400,1233.08,423.88,17.72,16.67,0.98,4,-1,-1
300,403,1025.31,591.11,54.29,59.07,0.54,6,-1,-1
300,406,1258.70,552.58,20.00,28.04,0.82,4,-1,-1
300,402,1241.80,438.23,19.30,19.21,0.98,4,-1,-1
300,407,1242.55,709.87,16.96,41.88,0.98,1,-1,-1
300,408,1228.20,458.23,21.21,19.27,0.94,4,-1,-1
300,411,701.09,831.85,152.39,75.55,0.68,4,-1,-1
300,419,1271.65,740.45,57.13,65.30,0.99,4,-1,-1
300,420,1117.37,500.52,22.90,25.31,0.80,4,-1,-1
300,421,1241.52,393.85,14.46,15.07,0.91,4,-1,-1
301,19,1180.84,640.11,43.16,44.55,1.00,4,-1,-1
301,22,1177.11,741.65,51.56,57.83,1.00,4,-1,-1
301,47,1198.16,583.09,36.46,36.86,0.99,4,-1,-1
301,110,1210.93,540.00,28.27,28.27,1.00,4,-1,-1
301,120,1224.85,506.67,28.00,26.86,0.99,4,-1,-1
301,206,1024.07,817.83,68.59,94.08,1.00,4,-1,-1
301,273,991.60,669.68,49.61,55.08,1.00,4,-1,-1
301,360,949.71,806.84,72.38,81.74,1.00,4,-1,-1
301,331,1096.20,682.24,54.17,65.83,1.00,4,-1,-1
301,391,1123.46,593.15,37.19,39.76,0.99,4,-1,-1
301,392,1166.24,480.87,22.58,23.45,0.96,4,-1,-1
301,393,1173.10,526.73,25.47,27.61,0.99,4,-1,-1
301,395,1157.02,547.51,29.99,31.07,0.99,4,-1,-1
301,396,1197.83,467.21,20.25,21.97,0.99,4,-1,-1
301,397,1238.52,475.83,21.93,21.54,1.00,4,-1,-1
301,398,1229.95,414.75,16.93,15.85,0.97,4,-1,-1
301,400,1233.84,426.17,18.78,16.77,0.96,4,-1,-1
301,403,1023.45,599.28,56.32,61.97,0.52,6,-1,-1
301,406,1261.48,559.49,17.57,28.17,0.69,4,-1,-1
301,402,1242.38,440.65,19.33,19.27,0.99,4,-1,-1
301,407,1244.37,724.85,18.64,43.29,0.98,1,-1,-1
301,408,1229.64,461.59,21.20,19.29,0.98,4,-1,-1
301,411,691.87,854.84,156.26,77.75,0.89,4,-1,-1
301,419,1274.85,758.75,56.29,63.47,0.99,4,-1,-1
301,421,1242.92,397.15,14.55,15.11,0.85,4,-1,-1
301,422,1212.59,375.77,13.26,12.66,0.81,4,-1,-1
302,19,1183.10,648.61,43.47,46.19,1.00,4,-1,-1
302,22,1179.88,753.02,51.88,60.24,1.00,4,-1,-1
302,47,1200.25,590.76,36.35,37.55,0.99,4,-1,-1
302,110,1211.77,546.80,29.19,28.25,0.99,4,-1,-1
302,120,1225.99,512.22,28.26,27.77,0.99,4,-1,-1
302,206,1019.92,846.01,71.21,98.88,1.00,4,-1,-1
302,273,989.19,682.92,52.25,57.15,1.00,4,-1,-1
302,360,938.95,839.55,75.95,88.24,0.99,4,-1,-1
302,331,1094.80,699.03,55.65,69.74,1.00,4,-1,-1
302,391,1122.94,605.67,37.64,41.37,1.00,4,-1,-1
302,392,1166.54,487.50,22.14,23.49,0.98,4,-1,-1
302,393,1173.05,535.12,26.31,28.54,0.99,4,-1,-1
302,395,1156.83,557.01,30.29,32.15,0.99,4,-1,-1
302,396,1197.98,473.64,20.53,21.83,0.98,4,-1,-1
302,397,1237.98,480.85,23.46,21.62,0.99,4,-1,-1
302,398,1230.91,417.57,16.91,16.07,0.98,4,-1,-1
302,400,1234.50,429.49,19.19,16.80,0.98,4,-1,-1
302,403,1023.26,614.41,55.61,58.83,0.56,6,-1,-1
302,406,1263.06,567.90,18.62,29.88,0.81,4,-1,-1
302,402,1243.04,444.21,19.37,19.28,0.99,4,-1,-1
302,407,1246.66,742.08,19.34,44.57,0.99,1,-1,-1
302,408,1230.62,465.92,20.40,18.86,0.99,4,-1,-1
302,411,682.86,881.34,159.43,79.99,0.28,4,-1,-1
302,419,1279.13,777.70,53.94,64.66,1.00,4,-1,-1
302,421,1242.99,399.01,14.61,15.58,0.65,4,-1,-1
302,423,1228.26,494.50,16.88,18.68,0.65,4,-1,-1
302,424,1237.90,430.61,19.29,17.48,0.72,4,-1,-1
302,425,1239.11,351.66,12.05,11.45,0.79,4,-1,-1
303,19,1185.68,657.66,43.53,46.04,1.00,4,-1,-1
303,22,1182.48,764.68,52.73,60.39,1.00,4,-1,-1
303,47,1202.45,598.37,36.25,37.45,1.00,4,-1,-1
303,110,1214.01,553.93,29.09,28.29,0.99,4,-1,-1
303,120,1226.75,517.68,28.73,27.74,0.98,4,-1,-1
303,206,1017.27,875.11,72.06,104.68,1.00,4,-1,-1
303,273,989.32,696.59,51.57,58.76,1.00,4,-1,-1
303,360,927.61,874.51,79.53,95.47,1.00,4,-1,-1
303,331,1094.11,717.26,56.89,72.06,1.00,4,-1,-1
303,391,1122.29,618.27,38.53,42.21,0.99,4,-1,-1
303,392,1167.52,493.86,21.91,23.94,0.98,4,-1,-1
303,393,1173.81,543.72,26.58,28.91,0.99,4,-1,-1
303,395,1157.53,566.77,30.34,32.59,0.99,4,-1,-1
303,396,1198.91,479.80,20.59,21.79,0.99,4,-1,-1
303,397,1240.20,485.35,22.39,22.09,0.99,4,-1,-1
303,398,1232.96,419.25,16.88,16.18,0.98,4,-1,-1
303,400,1235.66,431.97,19.31,17.24,0.98,4,-1,-1
303,403,1023.54,623.36,55.95,61.69,0.59,6,-1,-1
303,406,1264.21,576.80,18.91,29.72,0.84,4,-1,-1
303,402,1244.14,447.39,19.35,19.31,0.99,4,-1,-1
303,407,1249.61,759.14,19.54,45.83,0.99,1,-1,-1
303,408,1232.60,470.38,20.89,19.56,0.99,4,-1,-1
303,419,1282.28,795.60,53.09,65.09,1.00,4,-1,-1
303,421,1243.47,401.05,14.55,15.27,0.83,4,-1,-1
303,426,1213.79,380.89,13.26,13.26,0.64,4,-1,-1
303,427,1228.26,501.13,16.88,18.68,0.61,4,-1,-1
304,19,1186.54,667.72,43.63,45.94,0.99,4,-1,-1
304,22,1183.90,777.75,52.76,61.20,1.00,4,-1,-1
304,47,1203.11,607.02,36.29,37.38,1.00,4,-1,-1
304,110,1214.66,561.74,28.28,28.28,1.00,4,-1,-1
304,120,1227.20,524.66,28.56,27.71,0.99,4,-1,-1
304,206,1013.00,907.52,74.13,109.96,1.00,4,-1,-1
304,273,986.89,711.35,52.99,60.12,0.99,4,-1,-1
304,360,914.18,913.25,83.45,104.36,1.00,4,-1,-1
304,331,1091.90,737.58,57.49,74.45,0.99,4,-1,-1
304,391,1119.96,632.81,39.74,43.28,1.00,4,-1,-1
304,392,1166.83,501.58,21.87,24.09,0.99,4,-1,-1
304,393,1173.10,553.49,26.73,29.43,0.99,4,-1,-1
304,395,1156.01,578.01,31.22,33.12,1.00,4,-1,-1
304,396,1198.18,486.40,20.65,22.17,0.98,4,-1,-1
304,397,1239.97,490.91,23.64,22.25,1.00,4,-1,-1
304,398,1232.16,422.78,17.31,16.21,0.99,4,-1,-1
304,400,1235.75,435.37,19.39,17.39,0.97,4,-1,-1
304,403,1022.29,634.26,56.99,64.27,0.87,6,-1,-1
304,406,1265.37,586.43,19.08,29.85,0.97,4,-1,-1
304,402,1244.27,451.26,19.38,18.89,0.99,4,-1,-1
304,407,1251.64,778.38,19.67,45.48,0.98,1,-1,-1
304,408,1231.84,474.91,21.52,19.80,0.98,4,-1,-1
304,419,1283.54,815.84,54.76,66.98,1.00,4,-1,-1
304,421,1243.52,403.99,14.54,15.13,0.84,4,-1,-1
304,426,1213.66,384.19,13.37,13.29,0.89,4,-1,-1
304,428,1233.68,373.66,12.66,15.07,0.77,4,-1,-1
304,429,1242.72,357.09,9.64,10.85,0.74,4,-1,-1
305,19,1187.84,676.62,43.44,46.64,1.00,4,-1,-1
305,22,1186.03,788.98,52.09,63.02,1.00,4,-1,-1
305,47,1204.00,614.83,36.95,38.13,1.00,4,-1,-1
305,110,1215.63,568.99,28.67,28.65,0.99,4,-1,-1
305,120,1227.72,530.53,28.76,28.48,1.00,4,-1,-1
305,206,1007.96,940.09,76.05,114.84,0.99,4,-1,-1
305,273,986.41,725.40,52.44,62.10,0.99,4,-1,-1
305,360,900.96,953.70,86.06,111.45,1.00,4,-1,-1
305,331,1090.35,756.93,58.16,78.34,1.00,4,-1,-1
305,391,1118.43,646.09,39.99,45.97,1.00,4,-1,-1
305,392,1166.36,509.29,22.56,24.51,0.99,4,-1,-1
305,393,1172.51,562.57,27.46,30.77,0.99,4,-1,-1
305,395,1155.14,588.32,32.20,34.66,0.99,4,-1,-1
305,396,1197.62,493.39,21.38,22.27,0.99,4,-1,-1
305,397,1239.81,496.20,23.98,22.27,0.99,4,-1,-1
305,398,1231.93,425.94,17.39,16.61,0.99,4,-1,-1
305,400,1235.86,439.05,19.33,17.43,0.98,4,-1,-1
305,403,1020.25,641.61,59.48,69.89,0.64,6,-1,-1
305,406,1266.34,594.50,19.07,31.67,0.90,4,-1,-1
305,402,1244.33,455.07,19.29,19.54,0.99,4,-1,-1
305,407,1253.44,797.19,19.56,45.18,0.98,1,-1,-1
305,408,1231.53,479.26,21.65,20.67,1.00,4,-1,-1
305,419,1285.89,835.67,55.10,69.21,1.00,4,-1,-1
305,421,1243.62,406.00,14.47,15.96,0.93,4,-1,-1
305,426,1212.79,386.14,14.30,13.76,0.96,4,-1,-1
305,430,1114.35,531.86,24.11,27.72,0.70,4,-1,-1
305,431,1230.07,511.98,17.48,18.68,0.81,4,-1,-1
305,432,1241.52,358.29,9.64,10.85,0.67,4,-1,-1
306,19,1189.37,685.78,43.27,47.78,0.99,4,-1,-1
306,22,1188.43,801.31,52.11,63.79,1.00,4,-1,-1
306,47,1205.52,623.66,37.51,38.46,1.00,4,-1,-1
306,110,1217.29,576.85,29.15,29.25,0.99,4,-1,-1
306,120,1228.89,537.55,28.77,28.01,0.99,4,-1,-1
306,206,1002.74,975.91,76.42,104.41,0.96,4,-1,-1
306,273,984.91,741.07,52.05,64.50,1.00,4,-1,-1
306,360,891.52,998.41,83.56,87.13,0.96,4,-1,-1
306,331,1087.97,777.90,59.79,82.24,1.00,4,-1,-1
306,391,1117.08,661.00,40.75,47.83,1.00,4,-1,-1
306,392,1165.23,517.43,23.57,25.10,0.99,4,-1,-1
306,393,1172.45,573.18,28.45,30.92,0.99,4,-1,-1
306,395,1155.32,599.52,32.48,36.07,1.00,4,-1,-1
306,396,1198.10,500.56,21.59,23.15,0.98,4,-1,-1
306,397,1241.64,502.46,24.05,22.32,0.99,4,-1,-1
306,398,1234.30,430.26,16.98,16.39,0.98,4,-1,-1
306,400,1237.11,443.15,19.26,17.48,0.96,4,-1,-1
306,403,1020.71,652.90,58.64,72.88,0.66,5,-1,-1
306,406,1267.53,604.93,17.34,31.36,0.54,4,-1,-1
306,402,1245.53,459.23,19.22,19.40,0.98,4,-1,-1
306,407,1253.66,817.57,21.02,46.70,0.99,1,-1,-1
306,408,1233.34,484.57,21.65,20.63,0.99,4,-1,-1
306,419,1287.91,856.74,58.53,70.90,1.00,4,-1,-1
306,421,1243.15,409.07,16.17,15.84,0.87,4,-1,-1
306,426,1213.30,388.77,14.56,14.39,0.76,4,-1,-1
306,431,1232.37,517.68,17.55,19.22,0.79,4,-1,-1
306,433,1236.70,437.54,16.88,16.27,0.81,4,-1,-1
306,434,1271.65,487.27,19.29,20.49,0.77,4,-1,-1
307,19,1192.02,695.98,42.90,47.40,1.00,4,-1,-1
307,22,1191.12,814.40,51.44,64.87,0.98,4,-1,-1
307,47,1207.30,632.87,37.41,39.39,1.00,4,-1,-1
307,110,1219.09,585.03,28.99,29.06,0.99,4,-1,-1
307,120,1230.08,544.96,28.84,28.23,0.99,4,-1,-1
307,273,984.35,757.96,51.22,66.19,0.99,4,-1,-1
307,331,1086.06,801.75,62.14,86.85,0.99,4,-1,-1
307,391,1115.82,677.35,41.13,49.31,1.00,4,-1,-1
307,392,1164.68,526.50,23.99,25.32,0.99,4,-1,-1
307,393,1172.77,584.01,28.89,32.16,0.99,4,-1,-1
307,395,1154.98,611.80,33.46,37.19,0.98,4,-1,-1
307,396,1198.99,508.42,20.91,23.47,0.99,4,-1,-1
307,397,1243.87,508.54,22.51,21.92,1.00,4,-1,-1
307,398,1235.84,433.96,16.87,15.89,0.98,4,-1,-1
307,400,1238.24,446.79,17.64,17.49,0.98,4,-1,-1
307,403,1019.61,665.28,60.05,74.81,0.86,6,-1,-1
307,406,1269.74,613.99,21.99,33.10,0.87,4,-1,-1
307,402,1245.85,463.69,19.24,19.34,0.99,4,-1,-1
307,407,1256.44,839.84,21.64,48.85,0.99,1,-1,-1
307,408,1233.91,489.90,21.70,20.20,0.99,4,-1,-1
307,419,1291.46,878.69,61.50,74.77,1.00,4,-1,-1
307,421,1244.41,413.03,15.15,15.34,0.98,4,-1,-1
307,426,1214.56,391.21,13.73,14.12,0.77,4,-1,-1
307,431,1233.31,524.19,17.14,19.80,0.68,4,-1,-1
307,434,1273.08,494.03,19.39,20.55,0.95,4,-1,-1
308,19,1194.05,705.05,43.14,48.05,1.00,4,-1,-1
308,22,1194.31,826.42,51.14,64.45,1.00,4,-1,-1
308,47,1209.04,640.41,36.92,40.54,1.00,4,-1,-1
308,110,1220.88,592.23,28.49,29.81,0.99,4,-1,-1
308,120,1231.25,551.12,28.85,29.12,1.00,4,-1,-1
308,273,981.29,774.03,53.30,68.38,1.00,4,-1,-1
308,331,1084.08,824.34,63.74,91.68,0.99,4,-1,-1
308,391,1114.13,692.94,42.01,50.64,1.00,4,-1,-1
308,392,1164.47,534.02,24.13,25.80,0.99,4,-1,-1
308,393,1173.27,594.11,29.02,32.41,0.99,4,-1,-1
308,395,1154.81,622.79,33.78,38.38,1.00,4,-1,-1
308,396,1199.74,515.12,20.62,23.59,0.99,4,-1,-1
308,397,1244.67,513.23,21.89,21.78,0.99,4,-1,-1
308,398,1237.19,436.24,16.81,16.12,0.98,4,-1,-1
308,400,1239.51,449.66,17.01,17.09,0.96,4,-1,-1
308,403,1018.00,677.39,61.28,76.28,0.92,6,-1,-1
308,406,1271.83,624.27,20.33,32.10,0.41,4,-1,-1
308,402,1245.93,466.85,19.23,19.32,1.00,4,-1,-1
308,407,1258.86,862.31,20.24,48.03,0.97,1,-1,-1
308,408,1234.87,493.93,21.69,20.43,0.99,4,-1,-1
308,419,1296.52,900.99,60.93,76.96,1.00,4,-1,-1
308,421,1244.06,415.62,16.39,15.16,0.97,4,-1,-1
308,426,1214.52,393.27,13.40,13.56,0.66,4,-1,-1
308,431,1235.28,528.21,15.01,19.96,0.84,4,-1,-1
308,434,1273.39,499.97,19.42,20.10,0.99,4,-1,-1
308,435,1115.56,552.96,25.31,28.93,0.64,4,-1,-1
308,436,1204.15,439.35,13.26,19.29,0.69,9,-1,-1
308,437,1258.39,407.71,14.46,13.86,0.61,4,-1,-1
309,19,1195.76,715.14,43.95,48.49,0.99,4,-1,-1
309,22,1197.30,839.72,51.32,66.93,1.00,4,-1,-1
309,47,1211.31,649.92,37.07,40.35,0.98,4,-1,-1
309,110,1222.53,601.20,28.66,30.21,0.99,4,-1,-1
309,120,1234.07,558.51,28.79,29.19,0.99,4,-1,-1
309,273,979.11,790.77,53.88,70.24,0.99,4,-1,-1
309,331,1081.86,849.41,64.87,96.98,1.00,4,-1,-1
309,391,1112.91,709.87,43.01,52.90,1.00,4,-1,-1
309,392,1165.59,542.03,24.11,27.28,0.98,4,-1,-1
309,393,1174.05,605.56,29.79,33.03,0.99,4,-1,-1
309,395,1155.23,635.32,33.80,39.78,0.99,4,-1,-1
309,396,1200.45,522.92,21.29,24.12,0.99,4,-1,-1
309,397,1246.64,519.05,21.63,21.82,1.00,4,-1,-1
309,398,1238.79,439.72,16.77,16.28,1.00,4,-1,-1
309,400,1241.83,453.33,16.77,17.02,0.98,4,-1,-1
309,403,1017.93,688.77,60.73,80.24,0.67,6,-1,-1
309,406,1274.92,632.92,24.51,35.04,0.90,4,-1,-1
309,402,1247.84,470.89,19.19,19.39,1.00,4,-1,-1
309,407,1260.34,885.68,21.18,49.40,0.98,1,-1,-1
309,408,1236.99,498.89,21.65,21.02,0.99,4,-1,-1
309,419,1300.54,924.71,62.13,82.05,1.00,4,-1,-1
309,421,1245.98,418.12,16.78,15.58,0.97,4,-1,-1
309,426,1219.51,398.22,12.38,13.84,0.21,4,-1,-1
309,431,1237.18,534.58,16.35,20.05,0.92,4,-1,-1
309,434,1275.78,504.65,19.34,20.93,0.99,4,-1,-1
309,438,1017.92,690.07,61.47,78.35,0.77,6,-1,-1
309,439,1204.75,442.37,13.26,19.29,0.65,9,-1,-1
309,440,1219.22,433.33,13.26,16.27,0.69,4,-1,-1
309,441,1242.72,365.52,12.05,11.45,0.79,4,-1,-1
309,442,1434.38,1038.42,115.71,39.78,0.63,4,-1,-1
310,19,1197.60,723.18,43.70,49.23,1.00,4,-1,-1
310,22,1199.81,850.95,52.15,68.41,0.99,4,-1,-1
310,47,1212.22,657.27,37.35,41.69,0.98,4,-1,-1
310,110,1222.57,608.07,29.30,30.42,0.99,4,-1,-1
310,120,1234.74,563.92,28.93,29.46,0.99,4,-1,-1
310,273,976.28,807.63,56.09,73.02,1.00,4,-1,-1
310,331,1079.38,874.37,67.40,102.56,1.00,4,-1,-1
310,391,1110.85,726.05,44.47,55.89,1.00,4,-1,-1
310,392,1163.92,549.81,25.06,27.72,0.98,4,-1,-1
310,393,1172.58,615.97,31.05,33.70,0.99,4,-1,-1
310,395,1153.78,646.83,34.82,41.71,1.00,4,-1,-1
310,396,1199.35,529.46,21.66,24.62,0.99,4,-1,-1
310,397,1246.83,523.43,21.66,21.73,1.00,4,-1,-1
310,398,1238.42,442.10,16.84,16.67,0.99,4,-1,-1
310,400,1241.01,455.57,16.79,17.32,0.98,4,-1,-1
310,403,1016.57,701.80,61.74,81.43,0.99,6,-1,-1
310,406,1276.74,640.82,27.58,37.59,0.96,4,-1,-1
310,402,1246.93,473.62,19.28,19.74,0.99,4,-1,-1
310,407,1263.76,907.82,20.18,48.97,0.97,1,-1,-1
310,408,1237.10,502.40,21.74,21.13,0.99,4,-1,-1
310,419,1305.92,946.27,63.00,86.82,0.99,4,-1,-1
310,421,1245.55,419.50,15.39,15.65,0.95,4,-1,-1
310,426,1216.28,398.52,12.10,13.45,0.61,4,-1,-1
310,431,1236.74,539.65,16.76,19.55,0.69,7,-1,-1
310,434,1275.27,508.56,19.39,21.56,0.99,4,-1,-1
310,441,1241.56,369.13,12.14,11.00,0.87,4,-1,-1
310,443,1255.98,412.23,14.46,15.07,0.94,4,-1,-1
310,444,1272.86,456.83,21.70,17.48,0.86,4,-1,-1
311,19,1198.90,730.40,43.36,50.31,1.00,4,-1,-1
311,22,1201.77,859.78,52.15,68.93,0.99,4,-1,-1
311,47,1213.34,663.65,37.25,42.18,1.00,4,-1,-1
311,110,1222.67,614.25,30.19,31.11,0.99,4,-1,-1
311,120,1235.18,568.92,28.84,29.98,0.99,4,-1,-1
311,273,973.82,821.10,56.57,75.60,1.00,4,-1,-1
311,331,1076.63,897.99,69.45,108.49,0.99,4,-1,-1
311,391,1108.20,741.03,45.53,58.56,1.00,4,-1,-1
311,392,1163.34,557.07,25.26,27.88,1.00,4,-1,-1
311,393,1171.86,625.04,31.34,34.74,0.98,4,-1,-1
311,395,1152.24,656.92,36.60,43.99,0.99,4,-1,-1
311,396,1198.96,535.63,22.48,25.20,0.99,4,-1,-1
311,397,1247.18,527.21,21.57,22.12,0.98,4,-1,-1
311,398,1238.82,443.95,16.79,17.23,1.00,4,-1,-1
311,400,1241.20,458.16,16.72,17.44,0.99,4,-1,-1
311,403,1015.66,711.93,62.51,82.59,0.96,6,-1,-1
311,406,1276.58,648.35,30.20,39.33,0.98,4,-1,-1
311,402,1247.05,475.94,19.22,20.27,1.00,4,-1,-1
311,407,1265.87,929.41,19.54,47.92,0.98,1,-1,-1
311,408,1236.70,505.89,21.67,21.17,1.00,4,-1,-1
311,419,1309.26,966.70,62.90,89.37,1.00,4,-1,-1
311,421,1244.33,421.29,16.42,15.69,0.99,4,-1,-1
311,426,1215.38,399.51,12.84,13.74,0.65,4,-1,-1
311,431,1238.52,544.27,15.09,20.24,0.68,4,-1,-1
311,434,1276.19,512.53,19.31,21.77,0.98,4,-1,-1
311,443,1256.25,414.71,16.45,15.60,0.91,4,-1,-1
311,445,1114.96,572.54,26.52,30.13,0.84,4,-1,-1
311,446,1204.15,452.01,13.26,17.48,0.87,4,-1,-1
311,447,1218.01,440.86,13.26,15.67,0.80,7,-1,-1
311,448,1241.52,369.14,12.05,11.45,0.71,4,-1,-1
312,19,1199.28,736.55,44.08,50.62,1.00,4,-1,-1
312,22,1202.90,868.36,51.79,68.98,1.00,4,-1,-1
312,47,1213.99,669.95,37.64,41.48,1.00,4,-1,-1
312,110,1222.09,619.71,30.94,31.30,0.97,4,-1,-1
312,120,1235.08,573.38,28.82,29.71,0.99,4,-1,-1
312,273,969.56,835.15,58.37,78.78,1.00,4,-1,-1
312,331,1072.72,922.62,71.05,112.13,0.99,4,-1,-1
312,391,1104.90,756.74,46.74,60.25,1.00,4,-1,-1
312,392,1162.15,563.63,25.35,28.68,0.99,4,-1,-1
312,393,1171.07,633.92,32.25,35.85,0.99,4,-1,-1
312,395,1150.79,667.70,37.28,44.78,1.00,4,-1,-1
312,396,1198.17,541.16,22.79,25.76,1.00,4,-1,-1
312,397,1247.02,530.88,21.55,21.81,0.99,4,-1,-1
312,398,1238.58,445.41,16.78,17.41,0.99,4,-1,-1
312,400,1240.92,460.50,16.71,16.64,0.99,4,-1,-1
312,403,1013.01,721.69,63.62,85.20,0.98,6,-1,-1
312,406,1277.02,656.11,31.26,39.14,0.99,4,-1,-1
312,402,1246.76,477.73,19.20,20.44,1.00,4,-1,-1
312,407,1266.70,949.64,19.34,49.06,0.99,1,-1,-1
312,408,1236.23,508.69,21.65,21.55,0.99,4,-1,-1
312,419,1311.33,987.06,64.51,90.13,0.99,4,-1,-1
312,421,1243.49,422.78,15.16,15.67,0.97,4,-1,-1
312,426,1213.43,400.58,12.25,13.40,0.78,4,-1,-1
312,431,1238.89,548.26,14.51,19.61,0.76,4,-1,-1
312,434,1276.18,516.34,19.28,21.79,0.99,4,-1,-1
312,443,1255.17,416.05,16.85,15.69,0.71,4,-1,-1
312,446,1204.03,455.30,12.36,18.48,0.77,4,-1,-1
312,447,1217.93,444.34,13.32,16.19,0.89,7,-1,-1
312,448,1240.48,370.68,12.10,11.96,0.89,4,-1,-1
312,449,1274.06,463.16,19.29,17.48,0.67,4,-1,-1
313,19,1179.17,741.63,43.40,50.75,1.00,4,-1,-1
313,22,1182.01,874.53,51.91,71.41,1.00,4,-1,-1
313,47,1194.10,675.22,38.09,42.03,0.99,4,-1,-1
313,110,1202.65,624.72,30.33,30.58,0.99,4,-1,-1
313,120,1215.09,577.73,29.15,29.21,0.99,4,-1,-1
313,273,945.49,849.21,58.84,79.98,1.00,4,-1,-1
313,331,1046.93,946.59,72.93,115.78,0.99,4,-1,-1
313,391,1080.40,772.19,48.61,63.21,1.00,4,-1,-1
313,392,1141.07,569.96,26.10,29.38,0.99,4,-1,-1
313,393,1150.40,642.41,32.49,37.07,1.00,4,-1,-1
313,395,1129.45,678.02,38.19,45.85,1.00,4,-1,-1
313,396,1178.44,546.44,22.84,26.38,0.97,4,-1,-1
313,397,1227.07,534.02,21.91,22.12,1.00,4,-1,-1
313,398,1219.99,447.26,16.74,17.08,1.00,4,-1,-1
313,400,1221.48,462.90,16.68,15.93,0.99,4,-1,-1
313,403,991.67,730.11,63.80,89.30,0.99,6,-1,-1
313,406,1257.41,662.83,31.55,39.04,1.00,4,-1,-1
313,402,1227.28,479.87,19.15,20.10,1.00,4,-1,-1
313,407,1244.28,967.45,20.84,51.87,0.98,1,-1,-1
313,408,1217.05,510.91,21.99,21.70,0.99,4,-1,-1
313,419,1291.67,1004.59,63.24,80.05,0.98,4,-1,-1
313,421,1224.38,424.49,15.03,15.67,0.98,4,-1,-1
313,426,1194.81,402.56,12.01,12.87,0.60,4,-1,-1
313,431,1218.63,551.05,16.06,19.79,0.67,4,-1,-1
313,434,1256.70,519.55,19.22,21.37,0.99,4,-1,-1
313,443,1236.35,417.33,15.09,15.24,0.95,4,-1,-1
313,446,1184.19,458.60,13.10,18.23,0.25,4,-1,-1
313,447,1198.56,446.28,13.31,16.76,0.96,4,-1,-1
313,448,1221.46,373.22,11.16,11.61,0.91,4,-1,-1
313,449,1253.82,465.55,19.33,18.00,0.97,4,-1,-1
313,450,1198.73,445.38,13.26,16.27,0.86,7,-1,-1
313,451,1201.74,395.06,12.05,12.66,0.60,4,-1,-1
313,452,1218.62,550.85,16.88,20.49,0.69,4,-1,-1
313,453,1231.27,405.60,13.86,13.86,0.72,4,-1,-1
314,19,1135.64,744.06,44.08,51.42,0.99,4,-1,-1
314,22,1139.75,878.33,52.52,71.28,0.99,4,-1,-1
314,47,1150.44,677.34,38.34,42.88,0.98,4,-1,-1
314,110,1158.24,627.22,30.96,31.01,0.99,4,-1,-1
314,120,1170.71,579.61,28.92,29.33,1.00,4,-1,-1
314,273,899.09,862.58,60.76,82.48,1.00,4,-1,-1
314,331,1000.86,970.18,74.63,107.43,0.99,4,-1,-1
314,391,1032.68,786.09,51.00,66.44,1.00,4,-1,-1
314,392,1095.94,575.12,25.64,29.53,1.00,4,-1,-1
314,393,1105.24,649.01,32.64,38.17,0.99,4,-1,-1
314,395,1083.36,686.11,39.41,48.42,0.99,4,-1,-1
314,396,1132.94,550.75,22.90,26.51,0.98,4,-1,-1
314,397,1181.37,535.07,23.30,22.57,0.98,4,-1,-1
314,398,1174.98,447.03,16.76,16.89,0.99,4,-1,-1
314,400,1176.21,463.04,16.70,16.05,0.99,4,-1,-1
314,403,945.09,739.36,66.43,91.34,0.96,6,-1,-1
314,406,1212.14,666.09,32.88,40.43,0.99,4,-1,-1
314,402,1181.64,480.29,19.17,19.90,1.00,4,-1,-1
314,407,1200.82,982.21,22.26,53.60,0.96,1,-1,-1
314,408,1171.97,511.50,21.75,21.67,1.00,4,-1,-1
314,419,1250.10,1016.99,62.89,67.18,0.93,4,-1,-1
314,421,1177.88,424.00,16.25,16.03,0.98,4,-1,-1
314,431,1173.66,552.59,16.58,19.80,0.64,4,-1,-1
314,434,1211.97,520.79,18.40,21.14,0.99,4,-1,-1
314,443,1190.02,417.10,15.45,14.59,0.88,4,-1,-1
314,446,1139.02,460.31,13.35,17.60,0.58,4,-1,-1
314,447,1153.08,447.12,13.31,16.44,0.82,4,-1,-1
314,448,1176.47,373.60,10.85,10.96,0.75,4,-1,-1
314,449,1208.09,466.17,20.30,18.07,0.93,4,-1,-1
314,450,1153.57,447.31,13.31,15.80,0.86,7,-1,-1
314,454,1049.87,587.61,26.52,31.34,0.69,4,-1,-1
314,455,1155.94,408.62,10.85,12.05,0.77,4,-1,-1
314,456,1158.35,395.36,10.85,12.05,0.87,4,-1,-1
314,457,1203.55,388.43,9.64,11.45,0.64,4,-1,-1
314,458,1222.23,576.16,10.85,16.88,0.60,1,-1,-1
315,19,1094.29,745.92,43.56,52.54,1.00,4,-1,-1
315,22,1100.01,881.22,51.97,71.31,1.00,4,-1,-1
315,47,1107.90,679.82,38.46,42.46,0.97,4,-1,-1
315,110,1115.04,629.39,30.42,31.21,1.00,4,-1,-1
315,120,1126.81,580.94,28.86,29.42,0.98,4,-1,-1
315,273,854.41,877.11,61.51,85.07,1.00,4,-1,-1
315,331,958.81,996.08,75.23,87.84,0.94,4,-1,-1
315,391,987.67,800.75,51.95,69.29,1.00,4,-1,-1
315,392,1050.94,580.19,26.27,30.02,0.99,4,-1,-1
315,393,1061.75,655.81,32.71,39.42,1.00,4,-1,-1
315,395,1039.45,694.62,39.89,49.45,1.00,4,-1,-1
315,396,1088.20,554.51,22.94,26.59,0.99,4,-1,-1
315,397,1137.34,535.27,22.24,22.36,0.99,4,-1,-1
315,398,1130.07,446.52,16.78,16.85,0.98,4,-1,-1
315,400,1130.40,462.86,17.55,16.12,0.98,4,-1,-1
315,403,900.80,748.41,66.67,93.75,0.98,6,-1,-1
315,406,1168.61,668.95,33.79,40.99,1.00,4,-1,-1
315,402,1135.70,480.24,19.20,19.45,1.00,4,-1,-1
315,407,1161.81,998.27,22.03,53.50,0.97,1,-1,-1
315,408,1127.04,511.93,21.68,20.88,0.99,4,-1,-1
315,419,1212.35,1030.55,64.39,53.05,0.78,4,-1,-1
315,421,1131.58,424.16,15.91,15.37,0.99,4,-1,-1
315,431,1129.14,552.98,16.79,21.07,0.68,4,-1,-1
315,434,1166.79,521.47,18.97,21.09,0.99,4,-1,-1
315,443,1143.32,416.37,14.68,14.41,0.96,4,-1,-1
315,446,1093.61,460.95,13.40,17.44,0.52,4,-1,-1
315,447,1108.90,448.19,12.39,15.87,0.42,7,-1,-1
315,448,1129.67,373.87,10.78,10.80,0.87,4,-1,-1
315,449,1161.59,466.49,18.77,17.63,0.94,4,-1,-1
315,450,1107.46,449.15,14.26,17.13,0.48,4,-1,-1
315,459,1140.87,414.64,15.67,15.67,0.61,4,-1,-1
315,460,1143.28,385.11,10.85,12.05,0.60,4,-1,-1
315,461,1173.42,473.40,18.08,17.48,0.73,4,-1,-1
316,19,1046.77,747.19,44.04,53.78,1.00,4,-1,-1
316,22,1052.80,883.49,51.59,72.13,1.00,4,-1,-1
316,47,1060.05,681.88,38.39,43.13,0.99,4,-1,-1
316,110,1067.50,630.98,30.93,32.11,0.99,4,-1,-1
316,120,1079.47,581.72,28.76,29.88,0.99,4,-1,-1
316,273,800.98,891.37,63.93,87.62,1.00,4,-1,-1
316,331,912.47,1022.54,71.12,61.16,0.36,4,-1,-1
316,391,935.40,815.39,53.65,72.71,1.00,4,-1,-1
316,392,1002.48,585.32,26.41,30.61,0.98,4,-1,-1
316,393,1012.93,662.06,33.41,39.91,0.99,4,-1,-1
316,395,990.06,702.60,40.70,51.40,0.98,4,-1,-1
316,396,1039.46,558.10,23.68,27.02,0.99,4,-1,-1
316,397,1089.73,535.75,22.58,22.71,0.99,4,-1,-1
316,398,1082.62,446.67,16.75,16.85,0.99,4,-1,-1
316,400,1082.56,462.50,17.81,16.16,0.97,4,-1,-1
316,403,849.69,758.19,68.06,95.44,0.99,6,-1,-1
316,406,1120.79,671.60,33.21,41.20,1.00,4,-1,-1
316,402,1087.83,479.94,19.16,19.31,0.99,4,-1,-1
316,407,1113.97,1013.09,21.79,51.82,0.94,1,-1,-1
316,408,1079.06,512.15,21.60,21.01,0.99,4,-1,-1
316,419,1165.39,1041.15,64.73,40.28,0.71,4,-1,-1
316,421,1084.14,423.85,16.53,15.55,0.98,4,-1,-1
316,431,1082.02,553.82,16.00,20.74,0.80,4,-1,-1
316,434,1118.59,521.99,19.11,21.50,1.00,4,-1,-1
316,443,1095.75,415.86,15.28,14.38,0.93,4,-1,-1
316,446,1046.41,460.89,13.35,18.29,0.81,4,-1,-1
316,447,1060.77,449.23,12.97,15.70,0.72,7,-1,-1
316,448,1081.69,373.66,10.75,10.77,0.87,4,-1,-1
316,449,1114.01,465.93,20.04,17.50,0.89,4,-1,-1
316,461,1125.55,476.41,17.15,17.02,0.98,4,-1,-1
316,462,1063.12,407.71,10.85,12.66,0.88,4,-1,-1
316,463,1064.33,396.56,10.85,12.05,0.82,4,-1,-1
316,464,1237.90,953.44,98.84,63.88,0.89,4,-1,-1
316,441,1075.82,401.62,12.07,13.24,0.78,4,-1,-1
317,19,996.26,751.20,44.14,53.50,1.00,4,-1,-1
317,22,1007.04,888.76,53.15,72.57,0.99,4,-1,-1
317,47,1008.67,685.20,38.16,43.40,0.98,4,-1,-1
317,110,1013.51,634.11,30.79,31.65,0.98,4,-1,-1
317,120,1024.09,583.13,29.15,30.07,0.98,4,-1,-1
317,273,746.76,911.90,67.56,91.87,0.99,4,-1,-1
317,391,882.44,835.27,56.07,77.25,1.00,4,-1,-1
317,392,944.62,591.92,27.68,31.25,0.98,4,-1,-1
317,393,958.72,670.34,34.22,41.70,1.00,4,-1,-1
317,395,936.57,713.95,41.72,52.99,0.99,4,-1,-1
317,396,982.33,562.47,24.33,27.60,0.98,4,-1,-1
317,397,1032.37,536.27,23.03,22.84,0.99,4,-1,-1
317,398,1023.43,445.56,16.18,16.44,0.99,4,-1,-1
317,400,1023.77,461.94,17.37,15.77,0.99,4,-1,-1
317,403,796.07,770.59,69.05,99.37,0.98,6,-1,-1
317,406,1068.65,675.82,35.10,41.31,1.00,4,-1,-1
317,402,1028.78,479.27,19.42,19.26,1.00,4,-1,-1
317,407,1071.38,1031.37,23.01,49.71,0.90,1,-1,-1
317,408,1021.34,512.30,21.87,21.06,1.00,4,-1,-1
317,421,1023.22,422.79,16.20,15.20,0.99,4,-1,-1
317,431,1025.34,555.12,16.78,20.63,0.44,4,-1,-1
317,434,1061.15,521.60,19.45,22.49,0.99,4,-1,-1
317,443,1033.39,415.12,15.67,13.94,0.92,4,-1,-1
317,446,986.24,461.18,13.53,18.61,0.85,4,-1,-1
317,447,1000.72,449.15,13.32,16.09,0.87,7,-1,-1
317,449,1054.95,464.49,21.49,17.45,0.83,4,-1,-1
317,461,1066.69,475.94,17.14,16.93,0.73,4,-1,-1
317,464,1197.53,964.97,95.91,63.84,0.91,4,-1,-1
317,441,1013.68,401.35,12.18,13.38,0.62,4,-1,-1
317,465,1019.13,373.66,10.85,10.85,0.67,4,-1,-1
317,466,1044.44,387.22,10.85,11.45,0.67,4,-1,-1
317,467,1190.29,917.88,117.52,54.24,0.63,4,-1,-1
317,450,999.27,450.35,13.55,16.48,0.96,7,-1,-1
318,19,976.79,755.21,44.51,53.55,1.00,4,-1,-1
318,22,989.65,893.30,53.16,73.69,1.00,4,-1,-1
318,47,988.47,689.19,38.50,43.65,0.99,4,-1,-1
318,110,991.82,638.22,31.24,32.41,0.99,4,-1,-1
318,120,1002.14,586.18,29.03,29.85,0.99,4,-1,-1
318,273,722.84,928.40,69.00,95.27,0.99,4,-1,-1
318,391,859.24,854.12,57.92,81.51,1.00,4,-1,-1
318,392,920.73,599.16,28.70,32.18,0.99,4,-1,-1
318,393,936.54,679.03,34.97,43.29,1.00,4,-1,-1
318,395,914.89,725.15,42.42,54.51,0.99,4,-1,-1
318,396,959.22,568.18,24.33,27.91,0.99,4,-1,-1
318,397,1009.95,538.99,23.00,22.98,0.99,4,-1,-1
318,398,998.83,446.48,16.63,16.77,0.99,4,-1,-1
318,400,998.85,462.59,17.86,16.53,0.98,4,-1,-1
318,403,773.98,779.56,70.15,104.22,0.98,6,-1,-1
318,406,1048.08,681.73,35.46,41.45,1.00,4,-1,-1
318,402,1004.88,480.25,18.53,19.32,1.00,4,-1,-1
318,407,1055.50,1050.93,23.04,35.75,0.55,1,-1,-1
318,408,998.15,513.86,21.79,21.17,1.00,4,-1,-1
318,421,997.32,424.00,16.72,15.55,0.98,4,-1,-1
318,431,1003.04,557.41,16.90,21.46,0.61,4,-1,-1
318,434,1037.85,524.35,19.39,22.52,0.99,4,-1,-1
318,443,1007.29,415.82,15.69,13.86,0.87,4,-1,-1
318,446,961.18,463.49,13.42,18.34,0.76,7,-1,-1
318,461,1042.01,477.72,15.97,16.46,0.89,4,-1,-1
318,464,1183.80,980.01,102.14,61.30,0.97,4,-1,-1
318,467,1175.55,931.79,115.30,53.43,0.89,4,-1,-1
318,450,974.51,452.17,13.29,16.29,0.93,7,-1,-1
318,468,960.07,464.06,13.26,19.29,0.63,10,-1,-1
318,469,1006.47,384.81,12.05,12.66,0.63,4,-1,-1
319,19,966.78,759.06,45.40,53.47,1.00,4,-1,-1
319,22,981.98,897.07,53.09,74.80,1.00,4,-1,-1
319,47,977.77,692.32,38.57,44.48,0.99,4,-1,-1
319,110,980.61,641.88,32.17,32.65,0.99,4,-1,-1
319,120,990.02,588.98,29.77,30.74,0.99,4,-1,-1
319,273,709.24,944.03,70.20,98.74,0.99,4,-1,-1
319,391,845.72,873.12,59.31,86.13,1.00,4,-1,-1
319,392,907.23,605.62,29.04,32.88,0.99,4,-1,-1
319,393,924.05,687.46,35.98,44.61,1.00,4,-1,-1
319,395,903.03,736.42,42.60,55.78,0.99,4,-1,-1
319,396,946.36,573.35,25.09,28.78,0.98,4,-1,-1
319,397,996.86,540.94,22.95,22.19,1.00,4,-1,-1
319,398,985.39,447.11,16.77,16.47,0.99,4,-1,-1
319,400,985.70,463.66,17.20,15.98,0.98,4,-1,-1
319,403,760.95,789.82,70.43,106.70,0.94,6,-1,-1
319,406,1037.60,686.78,36.30,42.23,0.98,4,-1,-1
319,402,990.86,480.87,19.01,20.14,0.99,4,-1,-1
319,408,984.79,515.23,22.54,21.99,0.99,4,-1,-1
319,421,983.81,425.37,16.08,14.85,0.97,4,-1,-1
319,431,990.79,559.73,16.92,21.33,0.54,4,-1,-1
319,434,1025.19,527.58,19.34,22.08,0.94,4,-1,-1
319,443,992.88,417.22,14.84,13.82,0.93,4,-1,-1
319,446,947.60,466.18,12.51,17.78,0.48,4,-1,-1
319,461,1028.17,478.96,17.54,17.23,0.28,4,-1,-1
319,464,1178.75,995.32,104.31,58.34,0.94,4,-1,-1
319,467,1169.63,944.03,117.65,55.14,0.85,4,-1,-1
319,450,960.77,454.00,13.20,16.23,0.92,7,-1,-1
319,469,992.29,385.87,12.12,12.22,0.67,4,-1,-1
319,470,1005.27,388.43,10.85,12.05,0.71,4,-1,-1
320,19,960.78,762.19,45.69,54.26,1.00,4,-1,-1
320,22,977.51,901.74,53.82,76.03,1.00,4,-1,-1
320,47,972.40,696.42,38.56,44.01,1.00,4,-1,-1
320,110,974.29,645.79,31.68,32.75,0.99,4,-1,-1
320,120,983.01,591.58,30.02,31.28,0.98,4,-1,-1
320,273,699.11,959.54,72.13,101.66,0.99,4,-1,-1
320,391,835.69,893.57,61.31,90.26,0.99,4,-1,-1
320,392,898.94,612.28,29.93,33.75,0.98,4,-1,-1
320,393,917.25,696.23,36.32,45.91,1.00,4,-1,-1
320,395,895.26,748.18,43.39,57.05,0.99,4,-1,-1
320,396,937.92,578.98,26.15,29.51,0.98,4,-1,-1
320,397,989.94,542.88,22.91,22.31,1.00,4,-1,-1
320,398,978.02,448.02,16.00,15.95,0.98,4,-1,-1
320,400,977.62,464.13,17.77,17.02,0.97,4,-1,-1
320,403,751.49,799.52,71.22,109.99,1.00,6,-1,-1
320,406,1031.94,692.41,37.35,42.53,1.00,4,-1,-1
320,402,982.87,482.31,19.16,20.45,0.98,4,-1,-1
320,408,977.40,516.34,22.00,22.31,1.00,4,-1,-1
320,421,974.42,426.39,16.64,15.00,0.98,4,-1,-1
320,431,982.92,561.58,16.91,21.69,0.70,4,-1,-1
320,434,1018.44,529.39,18.47,22.74,0.88,4,-1,-1
320,443,984.36,417.47,15.37,14.25,0.98,4,-1,-1
320,446,939.74,467.65,13.02,18.44,0.70,4,-1,-1
320,461,1021.56,479.90,17.11,17.47,0.16,4,-1,-1
320,464,1179.20,1013.74,106.03,58.56,0.90,4,-1,-1
320,467,1169.03,958.28,119.53,56.65,0.73,4,-1,-1
320,450,953.32,455.97,13.17,15.79,0.83,7,-1,-1
320,469,983.46,387.90,12.14,11.67,0.51,4,-1,-1
320,471,939.58,467.08,13.26,19.29,0.86,10,-1,-1
320,472,982.37,561.09,16.88,22.30,0.83,4,-1,-1
320,473,1004.67,472.50,9.64,15.07,0.65,10,-1,-1
321,19,957.78,766.65,44.93,53.65,1.00,4,-1,-1
321,22,974.63,905.70,54.86,77.96,1.00,4,-1,-1
321,47,969.22,699.74,38.51,44.55,0.99,4,-1,-1
321,110,969.96,649.10,31.45,33.53,0.99,4,-1,-1
321,120,978.80,594.30,29.26,32.04,1.00,4,-1,-1
321,273,691.48,974.12,72.75,103.32,0.99,4,-1,-1
321,391,826.71,914.39,64.35,95.54,1.00,4,-1,-1
321,392,892.40,618.62,30.22,34.80,0.99,4,-1,-1
321,393,911.66,705.16,37.19,47.09,1.00,4,-1,-1
321,395,889.74,759.35,44.43,58.97,1.00,4,-1,-1
321,396,932.44,584.21,25.72,30.12,0.99,4,-1,-1
321,397,984.96,544.24,22.87,22.73,0.98,4,-1,-1
321,398,972.48,448.40,15.69,15.74,1.00,4,-1,-1
321,400,972.22,464.65,17.14,16.96,0.98,4,-1,-1
321,403,743.56,808.27,73.03,114.15,0.98,6,-1,-1
321,406,1028.56,697.43,38.48,42.54,1.00,4,-1,-1
321,402,977.10,483.03,19.20,20.54,0.99,4,-1,-1
321,408,972.27,517.65,21.76,21.99,1.00,4,-1,-1
321,421,967.33,427.20,17.62,15.04,0.97,4,-1,-1
321,431,978.38,563.07,16.88,22.19,0.87,4,-1,-1
321,434,1013.48,531.09,18.98,22.13,0.93,4,-1,-1
321,443,978.40,417.79,14.71,13.97,0.96,4,-1,-1
321,446,934.48,470.15,12.35,18.22,0.92,10,-1,-1
321,461,1015.87,482.41,16.93,17.53,0.61,4,-1,-1
321,464,1180.63,1029.16,101.99,50.48,0.28,4,-1,-1
321,467,1170.60,973.94,120.32,56.97,0.97,4,-1,-1
321,450,947.36,456.73,13.16,16.49,0.91,7,-1,-1
321,471,933.97,470.94,13.32,17.90,0.92,4,-1,-1
321,472,978.44,565.06,16.96,21.89,0.76,7,-1,-1
321,473,1000.29,473.93,8.73,15.60,0.53,10,-1,-1
321,474,947.41,400.78,10.85,12.66,0.76,4,-1,-1
321,449,1008.43,469.10,19.68,18.67,0.66,4,-1,-1
322,19,954.80,769.81,45.41,55.00,0.99,4,-1,-1
322,22,972.39,910.11,54.35,78.62,0.99,4,-1,-1
322,47,966.62,703.31,39.27,44.72,0.99,4,-1,-1
322,110,966.59,653.52,32.14,33.80,0.99,4,-1,-1
322,120,975.93,597.18,28.95,31.70,0.98,4,-1,-1
322,273,685.82,990.80,72.01,92.79,0.95,4,-1,-1
322,391,818.87,937.03,66.17,101.35,0.99,4,-1,-1
322,392,887.55,626.08,31.07,35.17,0.99,4,-1,-1
322,393,907.47,714.69,38.25,49.07,1.00,4,-1,-1
322,395,885.58,771.19,45.53,62.01,1.00,4,-1,-1
322,396,928.37,590.16,26.31,30.33,0.99,4,-1,-1
322,397,981.01,545.87,23.65,22.88,0.99,4,-1,-1
322,398,968.81,448.98,15.57,15.66,0.99,4,-1,-1
322,400,968.21,465.50,17.71,17.34,1.00,4,-1,-1
322,403,736.98,817.12,74.37,117.98,0.99,6,-1,-1
322,406,1026.28,703.65,39.62,43.32,0.99,4,-1,-1
322,402,973.75,483.91,18.38,20.56,0.99,4,-1,-1
322,408,969.12,519.12,21.65,21.85,1.00,4,-1,-1
322,421,962.70,428.16,17.17,15.05,0.99,4,-1,-1
322,431,975.81,566.53,16.85,21.15,0.75,4,-1,-1
322,434,1010.32,533.08,19.13,22.70,0.95,4,-1,-1
322,443,974.65,418.53,14.46,14.28,0.98,4,-1,-1
322,446,930.09,471.99,12.93,18.55,0.89,4,-1,-1
322,461,1012.56,484.67,16.85,17.11,0.90,4,-1,-1
322,464,1185.54,1045.80,109.09,34.79,0.21,4,-1,-1
322,467,1173.46,989.86,122.59,57.91,0.98,4,-1,-1
322,450,943.57,459.40,13.15,15.90,0.89,7,-1,-1
322,471,930.28,472.57,12.40,18.10,0.88,7,-1,-1
322,472,975.99,567.95,16.97,21.35,0.48,4,-1,-1
322,473,995.88,475.19,8.53,15.71,0.57,10,-1,-1
322,474,943.63,402.34,10.89,11.73,0.66,4,-1,-1
322,449,1006.56,471.07,17.51,18.78,0.23,4,-1,-1
322,475,956.45,408.01,10.85,12.66,0.69,4,-1,-1
322,476,987.79,388.43,10.85,12.05,0.71,4,-1,-1
323,19,953.95,774.72,45.68,55.58,0.99,4,-1,-1
323,22,971.83,916.11,55.10,79.76,0.99,4,-1,-1
323,47,965.51,708.27,39.63,44.84,0.98,4,-1,-1
323,110,965.21,657.91,32.46,33.95,0.99,4,-1,-1
323,120,974.33,600.32,29.71,32.21,0.99,4,-1,-1
323,273,680.48,1009.87,71.82,75.99,0.92,4,-1,-1
323,391,812.11,962.83,67.76,103.01,1.00,4,-1,-1
323,392,884.70,633.95,30.65,35.34,0.99,4,-1,-1
323,393,904.51,725.01,38.72,50.67,0.99,4,-1,-1
323,395,881.83,784.81,46.83,64.81,1.00,4,-1,-1
323,396,925.47,596.59,27.37,31.24,0.99,4,-1,-1
323,397,979.83,548.07,23.18,23.37,1.00,4,-1,-1
323,398,967.31,449.66,15.57,15.65,0.98,4,-1,-1
323,400,966.97,467.10,17.14,16.70,0.99,4,-1,-1
323,403,731.28,827.39,76.62,121.93,0.99,6,-1,-1
323,406,1025.43,709.93,40.91,44.46,1.00,4,-1,-1
323,402,972.02,485.77,18.11,19.78,0.99,4,-1,-1
323,408,967.41,520.63,21.66,21.82,1.00,4,-1,-1
323,421,959.25,428.93,17.84,14.67,0.97,4,-1,-1
323,431,973.49,568.43,17.69,22.00,0.67,4,-1,-1
323,434,1008.67,536.16,19.23,22.53,0.82,4,-1,-1
323,443,971.89,418.76,15.24,14.42,0.97,4,-1,-1
323,446,928.26,474.52,12.34,17.47,0.56,4,-1,-1
323,461,1010.44,485.85,17.70,16.98,0.83,4,-1,-1
323,467,1177.84,1007.96,126.93,58.25,0.95,4,-1,-1
323,450,942.00,461.36,12.34,16.12,0.98,7,-1,-1
323,471,927.99,474.40,12.07,18.16,0.83,10,-1,-1
323,472,974.06,569.79,17.90,22.11,0.63,7,-1,-1
323,473,993.77,476.13,9.44,15.74,0.62,10,-1,-1
323,449,1005.65,471.58,16.93,18.84,0.52,4,-1,-1
323,475,953.47,408.62,11.87,13.67,0.86,4,-1,-1
323,476,985.91,388.69,10.90,12.59,0.66,4,-1,-1
324,19,952.36,779.47,46.57,55.74,0.99,4,-1,-1
324,22,971.11,921.95,54.53,77.70,0.99,4,-1,-1
324,47,964.22,712.27,39.74,44.84,0.99,4,-1,-1
324,110,964.25,661.72,31.75,34.77,0.99,4,-1,-1
324,120,972.47,603.52,29.98,32.58,0.98,4,-1,-1
324,273,677.11,1027.48,70.84,57.21,0.86,4,-1,-1
324,391,805.31,989.83,69.07,92.54,0.93,4,-1,-1
324,392,880.48,641.02,32.07,36.96,0.99,4,-1,-1
324,393,901.42,735.30,39.66,52.01,0.99,4,-1,-1
324,395,878.05,798.65,48.08,67.39,1.00,4,-1,-1
324,396,922.78,602.58,26.96,31.75,0.99,4,-1,-1
324,397,977.77,550.38,22.98,22.73,1.00,4,-1,-1
324,398,964.70,450.09,16.40,16.06,0.99,4,-1,-1
324,400,964.51,467.26,17.75,17.25,0.99,4,-1,-1
324,403,725.69,839.14,77.41,124.86,0.99,6,-1,-1
324,406,1024.61,715.97,42.15,46.44,0.99,4,-1,-1
324,402,969.34,486.62,18.85,19.46,0.97,4,-1,-1
324,408,964.73,521.91,21.65,21.79,0.99,4,-1,-1
324,421,955.14,429.41,18.87,14.93,0.99,4,-1,-1
324,431,971.77,569.80,17.19,22.70,0.79,4,-1,-1
324,434,1006.79,539.00,19.25,22.85,0.97,4,-1,-1
324,443,969.24,419.20,14.70,14.46,0.96,4,-1,-1
324,446,925.58,476.33,12.11,18.30,0.34,4,-1,-1
324,461,1008.82,486.94,17.99,16.50,0.96,4,-1,-1
324,467,1181.16,1021.41,134.60,58.28,0.31,5,-1,-1
324,450,938.97,462.76,12.91,17.03,0.97,7,-1,-1
324,472,972.09,570.50,18.18,22.78,0.90,7,-1,-1
324,473,991.77,477.33,9.70,15.72,0.78,1,-1,-1
324,449,1003.13,474.11,16.75,16.80,0.33,4,-1,-1
324,475,950.83,410.05,12.08,13.88,0.48,4,-1,-1
324,476,984.92,390.47,10.92,13.62,0.39,4,-1,-1
324,477,964.89,462.86,16.88,15.67,0.79,4,-1,-1
324,478,967.30,407.71,13.26,14.46,0.65,4,-1,-1
324,479,968.50,389.33,13.26,12.66,0.80,4,-1,-1
324,480,1012.50,502.94,18.08,20.49,0.60,4,-1,-1
325,19,952.08,785.30,46.92,56.70,1.00,4,-1,-1
325,22,971.01,928.34,55.14,77.81,1.00,4,-1,-1
325,47,964.54,716.93,39.80,46.54,0.98,4,-1,-1
325,110,963.54,666.65,32.31,35.15,0.99,4,-1,-1
325,120,971.90,606.77,30.91,32.98,0.99,4,-1,-1
325,273,674.55,1046.08,67.19,38.03,0.50,4,-1,-1
325,391,803.18,1019.70,66.34,69.23,0.91,4,-1,-1
325,392,878.93,649.01,31.80,38.43,0.99,4,-1,-1
325,393,899.41,746.21,40.80,54.96,1.00,4,-1,-1
325,395,874.92,814.10,50.13,70.83,1.00,4,-1,-1
325,396,921.50,608.79,27.60,32.59,0.99,4,-1,-1
325,397,977.18,552.45,22.92,22.52,1.00,4,-1,-1
325,398,964.40,451.56,16.71,15.84,1.00,4,-1,-1
325,400,964.25,468.44,17.16,17.09,0.99,4,-1,-1
325,403,719.23,851.39,80.07,128.51,0.99,6,-1,-1
325,406,1025.24,723.02,42.62,47.29,0.99,4,-1,-1
325,402,968.58,487.27,19.12,19.80,0.99,4,-1,-1
325,408,964.34,523.56,21.66,21.83,0.98,4,-1,-1
325,421,954.32,430.25,18.48,15.06,0.99,4,-1,-1
325,431,971.28,573.72,16.99,23.40,0.19,4,-1,-1
325,434,1006.72,541.66,19.27,23.83,0.99,4,-1,-1
325,443,968.57,419.80,14.50,14.51,0.96,4,-1,-1
325,446,924.32,479.26,12.03,17.41,0.88,4,-1,-1
325,461,1008.51,489.07,17.29,16.78,0.99,4,-1,-1
325,450,938.46,464.11,13.10,18.21,0.68,7,-1,-1
325,472,970.97,572.98,18.25,23.03,0.93,7,-1,-1
325,473,992.09,478.85,8.90,15.74,0.83,10,-1,-1
325,475,949.58,410.20,12.12,13.48,0.71,4,-1,-1
325,479,968.54,389.63,12.37,11.76,0.74,4,-1,-1
325,481,937.17,464.36,14.46,17.48,0.96,7,-1,-1
325,482,952.83,402.59,10.85,11.45,0.77,4,-1,-1
325,483,953.44,378.18,10.85,11.45,0.72,4,-1,-1
325,471,923.96,478.96,12.06,17.65,0.78,10,-1,-1
326,19,950.79,790.09,47.01,57.72,0.99,4,-1,-1
326,22,969.43,932.62,55.33,80.08,0.99,4,-1,-1
326,47,963.81,721.39,39.78,46.26,1.00,4,-1,-1
326,110,962.01,670.49,32.48,36.00,0.99,4,-1,-1
326,120,970.37,609.11,31.23,32.83,1.00,4,-1,-1
326,392,875.67,657.21,32.45,39.67,0.99,4,-1,-1
326,393,896.39,757.23,41.99,56.73,1.00,4,-1,-1
326,395,871.97,828.70,50.86,74.30,1.00,4,-1,-1
326,396,919.01,614.80,28.61,33.61,0.99,4,-1,-1
326,397,975.61,553.88,22.88,22.80,1.00,4,-1,-1
326,398,962.87,452.01,16.81,15.71,1.00,4,-1,-1
326,400,961.94,468.32,17.75,17.38,0.99,4,-1,-1
326,403,712.19,860.12,83.41,135.04,0.99,6,-1,-1
326,406,1024.92,729.05,42.72,47.46,0.99,4,-1,-1
326,402,966.52,487.30,20.03,20.28,0.99,4,-1,-1
326,408,962.84,524.51,21.65,22.19,1.00,4,-1,-1
326,421,951.44,430.48,18.28,15.07,0.99,4,-1,-1
326,431,970.58,576.00,16.08,22.00,0.61,4,-1,-1
326,434,1005.27,543.88,20.09,24.13,0.98,4,-1,-1
326,443,966.50,419.72,14.42,14.90,0.96,4,-1,-1
326,446,922.14,480.95,12.83,17.43,0.79,4,-1,-1
326,461,1007.36,490.38,16.99,17.67,0.98,4,-1,-1
326,450,936.10,466.20,13.17,17.81,0.98,7,-1,-1
326,472,970.52,576.42,16.52,21.76,0.32,7,-1,-1
326,473,989.87,479.99,9.47,15.70,0.88,1,-1,-1
326,475,948.26,412.89,11.20,12.84,0.53,4,-1,-1
326,479,967.18,390.04,12.18,12.04,0.81,4,-1,-1
326,482,950.48,404.26,10.90,11.02,0.63,4,-1,-1
326,471,921.96,480.88,12.13,17.99,0.94,10,-1,-1
326,484,935.96,405.00,10.85,12.05,0.80,4,-1,-1
326,485,949.22,406.51,10.85,12.66,0.64,4,-1,-1
327,19,949.65,794.96,47.02,58.03,1.00,4,-1,-1
327,22,968.59,937.97,55.39,80.84,0.99,4,-1,-1
327,47,962.85,725.79,40.58,46.89,1.00,4,-1,-1
327,110,960.37,675.09,33.35,36.27,0.98,4,-1,-1
327,120,969.51,612.83,30.53,33.54,0.99,4,-1,-1
327,392,872.67,665.41,32.67,40.88,0.99,4,-1,-1
327,393,893.87,768.75,42.41,58.88,0.99,4,-1,-1
327,395,867.94,844.60,52.69,78.65,0.99,4,-1,-1
327,396,916.63,621.41,28.97,34.75,0.98,4,-1,-1
327,397,973.94,555.50,23.68,23.69,0.99,4,-1,-1
327,398,961.60,452.99,16.03,15.65,0.99,4,-1,-1
327,400,960.39,468.66,17.96,18.29,0.99,4,-1,-1
327,403,706.75,872.64,84.63,138.14,0.99,6,-1,-1
327,406,1024.09,735.55,43.50,48.24,0.99,4,-1,-1
327,402,965.04,488.29,19.55,20.44,0.98,4,-1,-1
327,408,960.80,525.79,22.46,22.70,1.00,4,-1,-1
327,421,948.90,431.18,19.01,15.06,0.96,4,-1,-1
327,431,968.83,578.13,17.42,22.24,0.70,4,-1,-1
327,434,1003.99,546.79,20.38,23.81,0.98,4,-1,-1
327,443,964.66,420.49,14.39,14.62,0.94,4,-1,-1
327,461,1006.24,491.77,17.72,18.39,0.95,4,-1,-1
327,450,934.16,468.54,13.20,17.63,0.81,7,-1,-1
327,472,969.31,578.69,16.74,21.70,0.87,7,-1,-1
327,473,988.40,481.33,9.65,15.68,0.86,1,-1,-1
327,475,946.84,415.41,10.89,12.63,0.39,4,-1,-1
327,479,965.27,393.69,11.12,11.15,0.61,4,-1,-1
327,482,948.28,406.21,10.92,12.82,0.40,4,-1,-1
327,484,934.26,407.07,10.90,12.58,0.90,4,-1,-1
327,486,964.29,409.22,12.05,14.46,0.73,4,-1,-1
327,487,966.70,389.33,10.85,12.05,0.75,4,-1,-1
327,488,979.96,389.93,10.85,12.05,0.63,4,-1,-1
328,19,948.28,800.29,47.80,58.96,1.00,4,-1,-1
328,22,967.19,943.44,56.17,81.12,0.99,4,-1,-1
328,47,962.81,730.97,40.84,47.14,0.99,4,-1,-1
328,110,960.13,679.94,33.64,37.18,0.99,4,-1,-1
328,120,968.41,615.79,31.05,33.81,0.98,4,-1,-1
328,392,870.41,674.65,32.71,41.34,0.99,4,-1,-1
328,393,890.89,780.77,44.10,62.05,1.00,4,-1,-1
328,395,863.55,861.72,54.88,83.43,1.00,4,-1,-1
328,396,915.02,628.54,29.07,35.18,0.99,4,-1,-1
328,397,973.79,557.71,23.14,23.63,0.99,4,-1,-1
328,398,960.49,454.01,16.56,15.65,0.99,4,-1,-1
328,400,959.57,469.82,18.02,18.23,0.99,4,-1,-1
328,403,699.08,884.51,88.13,143.98,0.98,6,-1,-1
328,406,1024.09,743.09,44.53,48.54,1.00,4,-1,-1
328,402,964.69,489.31,18.52,20.51,0.97,4,-1,-1
328,408,959.73,527.30,22.74,22.91,1.00,4,-1,-1
328,421,945.74,431.89,19.26,15.06,0.95,4,-1,-1
328,431,967.80,580.11,17.06,22.74,0.97,4,-1,-1
328,434,1004.00,549.09,19.65,24.09,0.98,4,-1,-1
328,443,964.18,421.43,13.55,14.52,0.92,4,-1,-1
328,461,1005.51,493.91,17.96,18.26,0.98,4,-1,-1
328,450,933.61,470.97,13.20,17.56,0.90,7,-1,-1
328,472,967.60,580.46,17.65,22.54,0.65,7,-1,-1
328,473,987.99,482.85,9.69,16.10,0.70,1,-1,-1
328,475,945.58,416.38,10.79,13.03,0.42,4,-1,-1
328,479,964.29,394.18,11.78,12.30,0.51,4,-1,-1
328,482,947.78,407.38,10.89,13.43,0.32,4,-1,-1
328,484,933.21,408.11,10.91,12.70,0.92,4,-1,-1
328,486,963.01,411.09,12.11,14.04,0.53,4,-1,-1
328,487,964.46,390.16,11.86,13.07,0.67,4,-1,-1
328,488,978.74,390.28,10.90,12.10,0.61,4,-1,-1
328,489,593.64,910.65,119.33,69.91,0.81,4,-1,-1
328,490,919.08,485.16,12.05,18.08,0.84,10,-1,-1
328,491,988.39,482.75,9.64,15.67,0.92,1,-1,-1
328,474,933.46,420.38,12.06,13.85,0.53,4,-1,-1
328,446,918.62,484.96,12.27,18.00,0.80,4,-1,-1
329,19,947.08,805.86,48.11,60.93,1.00,4,-1,-1
329,22,966.80,950.34,55.68,82.05,0.99,4,-1,-1
329,47,962.52,735.64,41.77,48.86,0.99,4,-1,-1
329,110,959.38,684.86,33.77,38.33,0.99,4,-1,-1
329,120,967.33,619.19,32.07,35.54,0.97,4,-1,-1
329,392,867.29,685.14,34.34,42.30,0.99,4,-1,-1
329,393,888.30,793.86,44.75,64.84,1.00,4,-1,-1
329,395,858.85,880.69,57.31,87.63,1.00,4,-1,-1
329,396,913.36,636.25,29.11,35.34,0.99,4,-1,-1
329,397,973.50,559.83,22.95,24.02,0.99,4,-1,-1
329,398,959.39,454.44,16.75,15.65,0.99,4,-1,-1
329,400,958.61,470.34,18.87,18.61,0.99,4,-1,-1
329,403,692.28,899.98,90.27,146.23,1.00,6,-1,-1
329,406,1024.26,750.60,44.92,50.26,1.00,4,-1,-1
329,402,963.49,491.18,19.00,20.55,1.00,4,-1,-1
329,408,959.07,528.74,22.05,22.99,1.00,4,-1,-1
329,421,943.11,432.60,20.16,15.48,0.98,4,-1,-1
329,431,967.56,582.33,16.93,22.93,0.93,4,-1,-1
329,434,1003.78,552.00,20.22,24.20,0.99,4,-1,-1
329,443,963.79,422.21,13.26,14.49,0.96,4,-1,-1
329,461,1005.41,495.53,18.07,17.80,0.99,4,-1,-1
329,450,932.72,472.48,13.21,17.54,0.94,7,-1,-1
329,472,967.53,583.43,17.16,22.02,0.92,7,-1,-1
329,473,987.59,484.25,9.71,15.84,0.94,1,-1,-1
329,475,945.29,416.70,10.77,13.17,0.24,4,-1,-1
329,479,963.21,398.49,11.97,13.07,0.41,4,-1,-1
329,482,948.23,407.21,9.96,12.69,0.27,4,-1,-1
329,484,932.68,408.67,11.84,13.19,0.79,4,-1,-1
329,486,962.29,412.62,12.13,13.97,0.55,4,-1,-1
329,487,964.00,389.90,12.08,12.37,0.71,4,-1,-1
329,488,978.05,390.56,10.92,12.13,0.58,4,-1,-1
329,489,590.49,924.22,115.32,73.12,0.89,4,-1,-1
329,491,987.77,485.35,9.69,15.74,0.69,10,-1,-1
329,474,933.65,422.77,12.11,13.55,0.68,4,-1,-1
329,446,917.59,487.31,13.02,19.02,0.84,4,-1,-1
329,492,852.19,590.02,26.52,31.34,0.93,4,-1,-1
329,493,948.62,380.29,12.05,12.05,0.67,4,-1,-1
330,19,946.71,812.15,48.24,60.79,1.00,4,-1,-1
330,22,967.20,957.04,55.52,82.29,0.99,4,-1,-1
330,47,962.83,740.82,42.94,49.44,0.99,4,-1,-1
330,110,959.12,689.76,33.82,38.71,1.00,4,-1,-1
330,120,966.90,622.78,32.46,35.34,0.99,4,-1,-1
330,392,864.22,694.92,34.96,43.39,0.99,4,-1,-1
330,393,886.68,807.67,44.99,67.39,0.99,4,-1,-1
330,395,856.09,900.99,57.47,90.69,0.99,4,-1,-1
330,396,911.17,644.22,29.93,36.13,0.99,4,-1,-1
330,397,972.93,561.59,22.89,23.73,1.00,4,-1,-1
330,398,958.87,454.86,16.83,16.46,0.95,4,-1,-1
330,400,958.13,471.59,18.39,18.33,0.99,4,-1,-1
330,403,686.10,913.63,92.69,150.76,1.00,6,-1,-1
330,406,1024.74,758.34,45.85,51.63,1.00,4,-1,-1
330,402,962.56,492.53,19.17,20.53,1.00,4,-1,-1
330,408,957.97,530.51,21.79,22.58,0.99,4,-1,-1
330,421,943.20,433.96,18.91,15.21,0.96,4,-1,-1
330,431,967.02,585.32,17.71,22.57,0.96,4,-1,-1
330,434,1003.60,555.04,20.42,24.62,0.98,4,-1,-1
330,443,962.27,422.76,14.01,14.47,0.97,4,-1,-1
330,461,1005.27,497.09,18.11,18.01,0.99,4,-1,-1
330,450,931.49,474.46,13.22,17.92,0.98,7,-1,-1
330,472,967.06,585.03,16.97,22.63,0.91,7,-1,-1
330,473,986.51,486.60,9.71,15.73,0.59,1,-1,-1
330,475,943.80,417.87,11.63,12.79,0.45,4,-1,-1
330,479,962.28,399.86,11.17,13.32,0.17,4,-1,-1
330,482,946.45,408.84,10.59,12.77,0.55,4,-1,-1
330,484,931.55,409.95,11.25,12.87,0.85,4,-1,-1
330,486,961.62,414.99,12.11,13.42,0.56,4,-1,-1
330,487,963.40,389.01,12.12,11.59,0.70,4,-1,-1
330,488,976.86,390.66,10.90,12.10,0.38,4,-1,-1
330,489,587.22,937.81,113.39,74.68,0.69,4,-1,-1
330,491,987.51,486.99,8.78,15.76,0.93,1,-1,-1
330,474,932.29,424.85,11.30,12.59,0.62,4,-1,-1
330,446,915.90,490.01,13.28,18.58,0.80,4,-1,-1
330,492,851.38,594.66,26.65,30.74,0.73,4,-1,-1
330,493,947.18,380.80,12.11,12.58,0.73,4,-1,-1
330,494,825.07,655.11,31.34,40.98,0.84,4,-1,-1
330,495,942.59,433.93,16.88,15.07,0.84,4,-1,-1
330,469,945.62,411.63,10.88,13.26,0.57,4,-1,-1
330,449,997.39,479.61,18.09,17.54,0.66,4,-1,-1
331,19,954.83,818.64,48.20,61.56,1.00,4,-1,-1
331,22,974.17,962.83,57.00,85.64,1.00,4,-1,-1
331,47,971.69,746.12,43.30,50.49,0.99,4,-1,-1
331,110,967.43,694.56,33.78,38.87,0.99,4,-1,-1
331,120,975.25,625.94,32.55,35.27,1.00,4,-1,-1
331,392,870.76,704.52,35.11,44.60,0.99,4,-1,-1
331,393,892.82,821.90,45.76,69.93,0.99,4,-1,-1
331,395,860.51,921.13,58.93,96.53,1.00,4,-1,-1
331,396,918.07,651.65,30.98,38.04,1.00,4,-1,-1
331,397,981.29,563.32,22.84,24.05,1.00,4,-1,-1
331,398,967.81,455.12,16.84,16.77,0.98,4,-1,-1
331,400,967.09,472.78,18.17,17.82,0.98,4,-1,-1
331,403,688.50,927.50,94.14,150.12,1.00,6,-1,-1
331,406,1034.03,766.20,45.30,52.97,0.99,4,-1,-1
331,402,970.89,493.74,19.21,20.14,1.00,4,-1,-1
331,408,966.59,531.85,21.67,22.85,0.99,4,-1,-1
331,421,950.06,434.97,19.19,14.72,0.98,4,-1,-1
331,431,975.76,587.69,17.96,22.85,0.96,4,-1,-1
331,434,1012.51,557.66,20.47,24.38,0.97,4,-1,-1
331,443,970.46,423.27,14.25,13.65,0.94,4,-1,-1
331,461,1013.86,498.98,18.09,18.11,0.97,4,-1,-1
331,450,939.31,476.21,14.03,18.89,0.99,7,-1,-1
331,473,995.16,487.53,8.86,15.28,0.50,1,-1,-1
331,475,952.40,419.59,11.09,12.67,0.74,4,-1,-1
331,482,954.97,409.90,10.76,12.37,0.70,4,-1,-1
331,484,939.82,411.29,10.08,11.86,0.21,4,-1,-1
331,486,969.98,414.76,12.08,13.26,0.43,4,-1,-1
331,487,971.82,388.62,12.10,11.87,0.76,4,-1,-1
331,488,986.92,389.63,9.95,12.09,0.40,4,-1,-1
331,489,584.86,951.54,118.42,76.08,0.98,4,-1,-1
331,491,996.36,486.94,8.43,15.73,0.30,1,-1,-1
331,446,924.37,491.82,12.54,19.20,0.81,4,-1,-1
331,492,857.99,598.46,25.74,31.13,0.34,4,-1,-1
331,493,956.22,382.57,11.19,12.25,0.51,4,-1,-1
331,449,1006.81,480.81,18.19,18.01,0.97,4,-1,-1
331,496,1038.42,659.93,12.05,20.49,0.76,1,-1,-1
332,19,955.33,825.29,48.99,62.58,1.00,4,-1,-1
332,22,974.28,969.10,58.34,87.61,0.99,4,-1,-1
332,47,973.24,751.57,44.23,52.43,0.99,4,-1,-1
332,110,969.20,699.84,33.75,38.87,1.00,4,-1,-1
332,120,977.41,629.09,31.76,36.82,0.98,4,-1,-1
332,392,869.56,715.12,35.95,46.59,1.00,4,-1,-1
332,393,891.87,836.49,46.82,73.16,0.98,4,-1,-1
332,395,857.41,943.28,60.24,101.00,0.99,4,-1,-1
332,396,918.15,659.89,32.15,39.51,0.99,4,-1,-1
332,397,982.21,565.59,23.64,24.14,1.00,4,-1,-1
332,398,970.15,456.35,16.84,16.47,1.00,4,-1,-1
332,400,969.05,473.75,18.90,18.02,0.98,4,-1,-1
332,403,682.40,941.98,97.02,140.76,0.99,6,-1,-1
332,406,1035.73,774.51,46.66,54.20,1.00,4,-1,-1
332,402,973.04,494.89,19.22,20.38,1.00,4,-1,-1
332,408,968.44,533.61,22.45,22.93,1.00,4,-1,-1
332,421,949.26,435.26,20.91,15.35,0.99,4,-1,-1
332,431,978.06,589.76,17.24,23.34,0.90,4,-1,-1
332,434,1014.43,560.64,20.48,24.26,0.99,4,-1,-1
332,443,972.94,423.36,14.35,14.60,0.97,4,-1,-1
332,461,1015.65,500.93,18.90,18.53,0.99,4,-1,-1
332,450,941.27,477.93,14.32,19.63,0.93,7,-1,-1
332,473,997.40,488.72,9.39,15.94,0.44,1,-1,-1
332,475,955.47,419.85,11.73,13.46,0.92,4,-1,-1
332,482,957.56,412.48,10.82,12.20,0.44,4,-1,-1
332,484,941.96,412.66,10.60,11.50,0.70,4,-1,-1
332,486,973.02,418.55,12.95,13.66,0.34,4,-1,-1
332,488,989.13,391.15,10.57,11.63,0.77,4,-1,-1
332,489,574.16,966.37,124.17,77.27,0.98,4,-1,-1
332,491,998.67,489.79,8.36,16.17,0.45,1,-1,-1
332,446,926.20,493.96,12.23,19.00,0.71,4,-1,-1
332,492,858.58,602.55,25.36,30.46,0.27,4,-1,-1
332,493,959.21,382.98,10.85,12.09,0.52,4,-1,-1
332,449,1008.88,482.32,18.22,17.75,0.98,4,-1,-1
332,497,976.94,589.72,18.08,23.50,0.98,7,-1,-1
332,441,941.32,478.10,14.49,18.68,1.00,7,-1,-1
333,19,954.02,832.30,48.44,63.79,0.99,4,-1,-1
333,22,972.31,975.99,58.00,87.58,0.98,4,-1,-1
333,47,972.34,757.31,44.54,52.39,1.00,4,-1,-1
333,110,967.61,705.13,34.54,40.50,0.99,4,-1,-1
333,120,976.02,632.38,32.26,38.21,0.99,4,-1,-1
333,392,864.90,725.80,37.83,48.93,0.99,4,-1,-1
333,393,887.61,852.20,47.96,75.97,1.00,4,-1,-1
333,395,852.27,966.93,59.84,103.53,0.99,4,-1,-1
333,396,915.20,667.77,33.37,41.66,0.99,4,-1,-1
333,397,981.23,567.19,23.93,25.00,1.00,4,-1,-1
333,398,969.76,456.98,16.83,16.78,0.95,4,-1,-1
333,400,968.10,474.25,19.16,18.10,0.99,4,-1,-1
333,403,677.74,956.03,94.82,127.92,0.73,8,-1,-1
333,406,1035.29,782.51,47.12,55.48,1.00,4,-1,-1
333,402,972.56,496.07,18.40,20.08,0.99,4,-1,-1
333,408,967.41,534.41,22.72,23.78,1.00,4,-1,-1
333,421,945.37,435.50,23.11,16.00,0.99,4,-1,-1
333,431,977.56,591.27,17.78,23.94,0.91,4,-1,-1
333,434,1013.82,563.71,20.47,25.04,0.99,4,-1,-1
333,443,971.81,422.94,15.21,15.33,0.87,4,-1,-1
333,461,1015.43,502.40,19.19,19.10,0.99,4,-1,-1
333,450,940.33,479.65,14.42,20.32,0.92,7,-1,-1
333,473,996.94,489.72,9.56,16.18,0.46,1,-1,-1
333,475,954.51,419.87,12.76,14.56,0.78,4,-1,-1
333,482,955.57,414.99,12.52,14.26,0.58,4,-1,-1
333,484,940.64,413.48,10.75,11.84,0.81,4,-1,-1
333,488,988.70,390.98,10.75,11.92,0.56,4,-1,-1
333,489,559.17,981.25,129.67,77.68,0.97,4,-1,-1
333,491,998.19,491.31,8.34,16.31,0.49,1,-1,-1
333,446,924.76,495.84,12.94,20.13,0.33,4,-1,-1
333,492,855.34,605.76,27.12,31.85,0.72,4,-1,-1
333,493,958.01,383.23,11.72,12.05,0.42,4,-1,-1
333,449,1008.79,483.45,18.21,17.65,0.80,4,-1,-1
333,497,976.76,592.78,18.15,24.10,0.98,7,-1,-1
333,441,939.91,481.55,14.50,19.24,0.99,4,-1,-1
333,498,673.79,958.86,98.84,119.33,0.97,6,-1,-1
333,499,825.07,667.17,33.75,45.80,0.82,4,-1,-1
334,19,952.18,840.03,49.18,65.76,1.00,4,-1,-1
334,22,970.88,983.29,58.84,89.06,0.98,4,-1,-1
334,47,971.72,763.73,45.57,53.08,0.99,4,-1,-1
334,110,965.46,710.94,35.72,41.05,1.00,4,-1,-1
334,120,974.23,636.24,33.33,39.48,1.00,4,-1,-1
334,392,861.21,737.33,38.64,51.34,0.99,4,-1,-1
334,393,883.52,868.77,50.12,80.86,1.00,4,-1,-1
334,395,846.47,993.29,61.45,91.84,0.89,4,-1,-1
334,396,912.45,677.36,33.91,42.43,0.99,4,-1,-1
334,397,979.89,569.00,24.09,25.28,0.99,4,-1,-1
334,398,968.04,457.63,16.87,16.46,0.98,4,-1,-1
334,400,967.00,475.08,18.49,18.11,0.99,4,-1,-1
334,403,673.77,973.62,93.33,111.02,1.00,6,-1,-1
334,406,1035.31,791.59,47.39,55.87,1.00,4,-1,-1
334,402,970.92,497.56,18.97,20.35,0.99,4,-1,-1
334,408,965.99,536.16,23.69,24.07,1.00,4,-1,-1
334,421,942.20,436.44,23.23,15.81,0.98,4,-1,-1
334,431,976.02,594.06,18.83,24.94,0.91,4,-1,-1
334,434,1012.61,566.58,20.52,25.30,0.98,4,-1,-1
334,443,970.54,423.98,14.75,14.79,0.96,4,-1,-1
334,461,1014.26,504.26,18.53,19.29,0.96,4,-1,-1
334,450,938.42,482.53,14.50,20.16,0.95,7,-1,-1
334,473,996.06,491.25,9.65,16.67,0.62,1,-1,-1
334,475,953.27,421.29,12.38,14.17,0.59,4,-1,-1
334,482,954.35,414.54,11.58,13.39,0.52,4,-1,-1
334,484,938.96,414.37,10.83,11.95,0.76,4,-1,-1
334,488,987.31,391.06,10.84,12.01,0.72,4,-1,-1
334,489,544.53,999.20,136.70,76.70,0.89,4,-1,-1
334,491,997.45,492.56,8.37,16.77,0.68,10,-1,-1
334,446,922.70,498.42,13.23,20.53,0.25,4,-1,-1
334,492,852.57,608.78,28.59,33.14,0.89,4,-1,-1
334,493,956.88,384.32,11.13,12.03,0.74,4,-1,-1
334,449,1007.63,483.79,19.86,19.22,0.65,4,-1,-1
334,497,974.91,596.63,19.14,24.69,0.98,7,-1,-1
334,499,821.92,673.50,33.93,46.97,0.90,4,-1,-1
335,19,949.51,846.92,51.04,68.10,1.00,4,-1,-1
335,22,968.69,990.39,59.11,87.17,0.96,4,-1,-1
335,47,971.13,769.76,45.91,54.14,1.00,4,-1,-1
335,110,963.93,715.54,36.14,42.85,0.99,4,-1,-1
335,120,973.27,639.77,32.90,39.17,0.99,4,-1,-1
335,392,856.79,749.11,39.69,53.82,1.00,4,-1,-1
335,393,878.47,885.92,52.47,85.06,1.00,4,-1,-1
335,395,842.36,1021.55,61.96,66.80,0.83,4,-1,-1
335,396,909.97,686.52,34.07,43.49,0.99,4,-1,-1
335,397,978.74,571.01,24.13,25.79,0.98,4,-1,-1
335,398,967.19,457.65,16.87,16.75,0.99,4,-1,-1
335,400,966.43,474.95,18.22,19.34,0.97,4,-1,-1
335,403,670.90,990.31,89.37,92.74,0.99,6,-1,-1
335,406,1034.55,799.77,48.23,56.79,1.00,4,-1,-1
335,402,969.66,498.26,19.17,20.45,0.99,4,-1,-1
335,408,965.22,537.36,23.23,24.18,0.99,4,-1,-1
335,421,940.50,437.99,21.64,14.92,0.99,4,-1,-1
335,431,975.15,597.41,18.41,24.72,0.81,4,-1,-1
335,434,1011.90,569.58,20.52,24.99,0.98,4,-1,-1
335,443,969.95,424.37,14.56,14.99,1.00,4,-1,-1
335,461,1013.21,506.31,19.07,19.36,1.00,4,-1,-1
335,450,937.10,484.53,14.51,20.09,0.99,7,-1,-1
335,473,995.92,492.57,8.86,16.45,0.50,1,-1,-1
335,475,952.67,424.42,12.21,13.59,0.85,4,-1,-1
335,482,954.25,414.76,11.13,12.56,0.72,4,-1,-1
335,484,937.77,415.26,10.86,12.42,0.92,4,-1,-1
335,488,986.62,390.46,10.87,12.46,0.79,4,-1,-1
335,489,532.19,1013.70,137.47,67.81,0.98,4,-1,-1
335,491,996.52,493.76,9.25,16.93,0.72,10,-1,-1
335,446,920.94,500.68,13.32,20.28,0.97,4,-1,-1
335,493,955.52,385.31,10.90,11.59,0.91,4,-1,-1
335,449,1007.32,486.46,18.89,18.21,0.95,4,-1,-1
335,497,974.58,599.05,18.50,24.60,0.99,7,-1,-1
335,499,818.31,679.61,34.92,48.18,0.64,4,-1,-1
335,500,934.75,466.47,7.23,13.26,0.68,1,-1,-1
335,479,969.08,414.78,13.19,13.38,0.70,4,-1,-1
336,19,947.55,854.40,51.65,69.76,0.99,4,-1,-1
336,22,967.19,997.11,58.28,83.12,0.95,4,-1,-1
336,47,969.98,775.81,46.77,55.32,1.00,4,-1,-1
336,110,962.51,721.47,37.04,42.73,0.99,4,-1,-1
336,120,972.12,643.01,33.50,39.01,0.99,4,-1,-1
336,392,852.38,762.27,40.80,55.54,0.99,4,-1,-1
336,393,874.87,903.38,53.25,89.75,1.00,4,-1,-1
336,396,907.09,695.67,34.85,45.45,0.99,4,-1,-1
336,397,977.96,573.15,24.11,25.18,0.99,4,-1,-1
336,398,967.02,458.94,16.85,16.45,1.00,4,-1,-1
336,400,966.34,475.76,18.09,19.00,0.99,4,-1,-1
336,403,671.67,1007.56,81.06,74.12,0.90,6,-1,-1
336,406,1034.09,808.58,50.07,58.72,1.00,4,-1,-1
336,402,968.91,498.97,19.22,20.90,0.99,4,-1,-1
336,408,964.64,538.82,23.01,23.81,0.99,4,-1,-1
336,421,938.55,438.63,20.95,15.01,0.97,4,-1,-1
336,431,974.06,599.64,18.21,24.82,0.53,4,-1,-1
336,434,1012.07,572.49,20.49,25.27,0.98,4,-1,-1
336,443,969.49,425.00,15.29,15.47,0.98,4,-1,-1
336,461,1013.69,508.53,18.43,19.38,0.98,4,-1,-1
336,450,936.37,486.87,14.49,20.05,0.98,7,-1,-1
336,473,995.57,495.14,9.38,16.35,0.82,1,-1,-1
336,475,951.80,427.07,12.94,12.95,0.88,4,-1,-1
336,482,953.96,416.34,10.95,12.24,0.70,4,-1,-1
336,484,937.11,417.06,10.85,12.18,0.88,4,-1,-1
336,488,986.53,390.56,10.86,12.63,0.79,4,-1,-1
336,489,542.67,1035.22,119.84,47.69,0.82,4,-1,-1
336,491,996.64,494.62,9.53,15.72,0.68,2,-1,-1
336,446,919.63,503.30,13.33,20.56,0.92,10,-1,-1
336,493,955.19,385.92,10.82,11.88,0.95,4,-1,-1
336,449,1007.78,488.41,19.24,18.60,0.57,4,-1,-1
336,497,974.46,600.58,18.20,24.77,0.98,7,-1,-1
336,499,815.66,685.72,35.13,47.54,0.84,4,-1,-1
336,479,968.41,415.07,13.38,13.77,0.80,4,-1,-1
336,501,513.78,1040.83,83.17,37.37,0.61,4,-1,-1
336,502,675.00,1008.88,77.14,68.71,0.87,7,-1,-1
337,19,946.42,861.19,51.73,70.97,0.99,4,-1,-1
337,22,965.76,1003.42,57.82,75.55,0.86,4,-1,-1
337,47,969.89,781.09,46.95,55.60,0.99,4,-1,-1
337,110,961.95,725.68,37.27,43.34,0.99,4,-1,-1
337,120,971.64,646.05,32.81,38.83,0.99,4,-1,-1
337,392,848.26,774.07,41.89,57.58,1.00,4,-1,-1
337,393,870.58,920.20,54.95,94.37,1.00,4,-1,-1
337,396,905.37,704.58,34.23,46.06,1.00,4,-1,-1
337,397,977.62,574.43,24.04,24.87,1.00,4,-1,-1
337,398,966.93,459.03,16.80,16.71,1.00,4,-1,-1
337,400,966.27,476.43,18.00,18.39,0.99,4,-1,-1
337,403,665.60,1026.58,81.23,52.59,0.58,6,-1,-1
337,406,1034.08,816.71,50.60,60.06,1.00,4,-1,-1
337,402,968.61,499.71,19.19,20.61,1.00,4,-1,-1
337,408,964.41,539.95,22.05,23.60,0.99,4,-1,-1
337,421,937.13,438.70,20.64,15.42,0.95,4,-1,-1
337,431,974.42,601.65,17.26,23.97,0.98,4,-1,-1
337,434,1011.56,575.02,21.24,25.31,0.96,4,-1,-1
337,443,969.30,425.10,15.51,15.61,0.97,4,-1,-1
337,461,1013.31,509.56,18.96,19.74,0.97,4,-1,-1
337,450,936.15,488.80,14.44,19.97,0.98,7,-1,-1
337,473,996.14,496.16,8.72,16.28,0.63,1,-1,-1
337,475,951.50,427.85,13.17,12.69,0.87,4,-1,-1
337,482,954.25,417.18,10.85,12.10,0.26,4,-1,-1
337,484,936.91,417.37,10.82,12.48,0.87,4,-1,-1
337,488,986.80,391.19,10.83,12.66,0.85,4,-1,-1
337,491,996.57,495.01,8.80,16.07,0.76,10,-1,-1
337,446,919.26,505.49,13.29,20.20,0.97,10,-1,-1
337,493,955.02,386.51,11.63,11.53,0.88,4,-1,-1
337,449,1007.81,489.81,18.51,18.29,0.65,4,-1,-1
337,499,813.33,690.96,35.98,47.16,0.95,4,-1,-1
337,479,968.15,414.97,13.41,13.85,0.78,4,-1,-1
337,503,932.34,470.09,7.23,13.86,0.63,1,-1,-1
337,504,935.96,488.77,14.46,20.49,0.74,4,-1,-1
337,505,966.70,468.28,18.08,18.08,0.79,4,-1,-1
337,506,968.50,399.58,14.46,15.07,0.63,4,-1,-1
338,19,943.85,872.09,52.02,72.51,1.00,4,-1,-1
338,22,962.82,1014.24,58.77,67.12,0.23,4,-1,-1
338,47,968.55,789.85,48.05,57.52,0.99,4,-1,-1
338,110,959.60,732.16,38.35,44.53,1.00,4,-1,-1
338,120,970.13,650.55,33.53,39.72,0.98,4,-1,-1
338,392,842.11,789.60,43.30,61.72,0.99,4,-1,-1
338,393,864.93,942.62,56.67,99.66,1.00,4,-1,-1
338,396,901.13,716.73,36.58,48.04,0.99,4,-1,-1
338,397,976.15,576.95,23.32,25.67,1.00,4,-1,-1
338,398,966.26,460.21,16.87,16.87,1.00,4,-1,-1
338,400,965.21,477.72,18.06,18.24,0.99,4,-1,-1
338,406,1033.89,827.82,52.64,62.39,1.00,4,-1,-1
338,402,967.50,501.33,19.28,20.99,0.98,4,-1,-1
338,408,962.91,542.28,22.64,24.02,0.98,4,-1,-1
338,421,936.30,439.39,18.98,15.63,0.96,4,-1,-1
338,431,972.78,605.17,17.00,24.15,0.98,4,-1,-1
338,434,1010.58,578.57,21.63,25.83,0.99,4,-1,-1
338,443,967.76,425.94,15.68,15.32,0.96,4,-1,-1
338,461,1012.36,512.69,19.25,19.55,0.99,4,-1,-1
338,450,934.91,491.38,15.31,20.83,0.88,10,-1,-1
338,473,995.46,498.02,9.36,16.73,0.67,1,-1,-1
338,475,950.63,430.57,12.52,12.66,0.91,4,-1,-1
338,482,951.99,419.47,11.70,12.10,0.64,4,-1,-1
338,484,935.64,418.44,10.86,12.22,0.90,4,-1,-1
338,488,985.50,391.86,10.87,12.30,0.76,4,-1,-1
338,491,995.20,498.47,9.40,16.67,0.19,10,-1,-1
338,446,917.49,508.67,13.34,20.54,0.99,10,-1,-1
338,493,953.43,387.11,11.96,11.88,0.86,4,-1,-1
338,499,809.41,697.29,36.40,48.97,0.96,4,-1,-1
338,479,966.97,415.61,13.47,13.94,0.78,4,-1,-1
338,504,934.33,492.58,14.55,20.13,0.98,7,-1,-1
338,506,967.55,400.45,13.58,13.71,0.63,4,-1,-1
338,507,887.14,510.47,20.49,21.70,0.71,4,-1,-1
338,487,970.20,387.20,12.11,11.50,0.72,4,-1,-1
339,19,940.01,879.91,53.58,74.50,1.00,4,-1,-1
339,22,960.35,1021.76,58.12,58.83,0.16,4,-1,-1
339,47,966.35,796.30,49.11,58.11,1.00,4,-1,-1
339,110,957.09,737.49,38.62,45.68,0.99,4,-1,-1
339,120,967.96,653.80,34.51,40.76,1.00,4,-1,-1
339,392,836.10,803.54,44.46,64.73,1.00,4,-1,-1
339,393,858.56,963.08,57.88,103.01,0.99,4,-1,-1
339,396,896.91,726.52,37.33,50.25,0.99,4,-1,-1
339,397,973.61,578.68,23.81,25.91,0.99,4,-1,-1
339,398,964.92,460.36,16.02,16.90,0.99,4,-1,-1
339,400,964.13,477.86,17.21,18.55,0.98,4,-1,-1
339,406,1031.95,837.40,54.02,65.51,1.00,4,-1,-1
339,402,965.98,502.13,19.25,21.09,1.00,4,-1,-1
339,408,961.22,543.23,22.79,24.54,0.99,4,-1,-1
339,421,934.71,439.58,16.58,15.27,0.85,4,-1,-1
339,434,1008.54,581.88,20.89,26.78,0.89,4,-1,-1
339,443,966.53,426.25,16.50,15.58,0.97,4,-1,-1
339,461,1010.77,514.63,19.29,19.43,0.98,4,-1,-1
339,450,933.03,493.71,14.78,20.71,0.79,7,-1,-1
339,473,994.00,499.92,9.55,16.86,0.30,1,-1,-1
339,475,949.70,431.28,12.21,13.04,0.95,4,-1,-1
339,482,950.12,419.85,11.97,12.49,0.69,4,-1,-1
339,484,934.60,419.00,10.84,12.52,0.94,4,-1,-1
339,488,983.88,393.04,10.85,12.97,0.85,4,-1,-1
339,491,994.32,499.34,9.58,16.86,0.86,10,-1,-1
339,446,916.68,511.77,12.49,19.00,0.24,10,-1,-1
339,493,952.63,388.23,12.05,11.99,0.93,4,-1,-1
339,499,805.14,702.16,36.39,50.33,0.95,4,-1,-1
339,479,965.08,415.78,14.25,14.35,0.77,4,-1,-1
339,506,965.96,403.45,13.39,14.38,0.60,4,-1,-1
339,487,969.11,388.18,12.08,11.93,0.67,4,-1,-1
339,508,934.15,436.64,14.46,15.67,0.84,4,-1,-1
339,509,935.96,433.93,13.26,14.46,0.83,4,-1,-1
339,510,965.49,405.60,14.46,17.48,0.75,4,-1,-1
340,19,939.40,888.34,53.27,75.18,1.00,4,-1,-1
340,47,966.33,803.12,49.44,59.08,0.99,4,-1,-1
340,110,957.01,743.13,37.86,46.07,1.00,4,-1,-1
340,120,967.61,657.18,34.83,41.12,1.00,4,-1,-1
340,392,831.63,818.52,45.62,67.39,1.00,4,-1,-1
340,393,855.06,984.29,57.43,97.18,0.97,4,-1,-1
340,396,894.66,737.69,37.55,50.27,0.99,4,-1,-1
340,397,973.96,580.40,23.14,25.98,0.99,4,-1,-1
340,398,965.30,461.21,15.70,16.08,1.00,4,-1,-1
340,400,963.77,478.69,17.73,18.66,0.99,4,-1,-1
340,406,1032.35,846.90,55.26,68.22,1.00,4,-1,-1
340,402,965.90,502.77,19.23,21.52,0.99,4,-1,-1
340,408,960.67,544.89,22.82,24.31,0.99,4,-1,-1
340,421,934.67,438.19,15.75,16.77,0.80,4,-1,-1
340,434,1008.61,584.96,20.58,26.71,0.90,4,-1,-1
340,443,967.02,426.98,15.99,15.27,0.97,4,-1,-1
340,461,1011.45,516.05,18.47,19.78,0.99,4,-1,-1
340,450,932.01,495.68,15.38,21.04,0.98,7,-1,-1
340,473,995.13,500.75,9.61,15.27,0.43,1,-1,-1
340,475,949.42,432.31,12.92,13.17,0.96,4,-1,-1
340,482,950.36,421.39,12.06,12.62,0.33,4,-1,-1
340,484,934.31,420.20,10.83,12.62,0.93,4,-1,-1
340,488,983.76,393.89,10.83,12.80,0.81,4,-1,-1
340,491,994.86,500.79,9.63,16.09,0.82,10,-1,-1
340,493,952.86,389.26,12.07,12.02,0.90,4,-1,-1
340,499,802.09,707.59,37.17,51.61,0.91,4,-1,-1
340,479,964.94,414.99,14.51,14.89,0.56,4,-1,-1
340,506,965.25,405.34,14.25,17.86,0.63,4,-1,-1
340,487,969.19,389.07,12.06,11.64,0.40,4,-1,-1
340,508,933.62,436.40,14.52,17.67,0.89,4,-1,-1
340,511,928.73,476.12,7.23,12.66,0.67,1,-1,-1
340,431,971.54,609.89,16.92,24.98,0.99,4,-1,-1
341,19,937.07,896.97,54.77,76.93,0.99,4,-1,-1
341,47,965.75,810.40,50.35,59.37,1.00,4,-1,-1
341,110,955.18,749.22,39.19,46.14,1.00,4,-1,-1
341,120,966.86,660.50,34.95,40.40,1.00,4,-1,-1
341,392,827.14,834.67,46.04,69.10,1.00,4,-1,-1
341,393,851.00,1007.56,58.84,78.33,0.78,4,-1,-1
341,396,891.30,749.38,39.21,51.76,0.99,4,-1,-1
341,397,973.02,581.77,23.72,26.38,0.98,4,-1,-1
341,398,963.89,461.36,16.43,16.59,0.99,4,-1,-1
341,400,962.96,479.84,17.90,18.27,0.99,4,-1,-1
341,406,1031.91,857.00,55.70,69.96,1.00,4,-1,-1
341,402,965.19,503.61,19.22,21.66,1.00,4,-1,-1
341,408,959.80,545.89,23.65,24.20,0.98,4,-1,-1
341,421,932.27,436.14,15.49,17.29,0.76,4,-1,-1
341,434,1008.36,588.20,20.47,26.24,0.99,4,-1,-1
341,443,966.04,427.29,15.78,15.13,0.99,4,-1,-1
341,461,1010.55,517.93,18.99,19.88,0.99,4,-1,-1
341,450,931.39,497.18,14.79,21.55,0.97,7,-1,-1
341,473,995.24,501.63,9.63,14.21,0.56,1,-1,-1
341,475,948.63,433.91,13.16,13.21,0.98,4,-1,-1
341,484,933.07,421.29,11.65,13.05,0.92,4,-1,-1
341,488,982.95,394.26,10.83,12.72,0.86,4,-1,-1
341,491,995.14,501.26,9.65,15.37,0.86,10,-1,-1
341,493,952.19,389.47,12.07,12.44,0.94,4,-1,-1
341,499,798.47,713.67,38.27,53.67,0.96,4,-1,-1
341,479,964.14,415.28,14.60,15.08,0.81,4,-1,-1
341,506,964.34,406.43,14.51,18.59,0.65,4,-1,-1
341,487,968.46,389.49,12.06,11.52,0.60,4,-1,-1
341,508,931.93,438.07,16.40,18.52,0.80,4,-1,-1
341,511,927.52,478.84,7.26,12.71,0.75,10,-1,-1
341,431,969.80,611.63,17.80,26.00,0.99,4,-1,-1
341,512,927.52,477.32,7.23,12.05,0.64,1,-1,-1
341,513,994.42,505.04,9.64,15.07,0.60,10,-1,-1
341,504,929.92,498.55,15.65,21.12,0.99,7,-1,-1
341,446,912.42,516.98,12.16,18.83,0.67,10,-1,-1
342,19,934.91,906.52,55.39,79.22,1.00,4,-1,-1
342,47,965.03,817.79,50.74,61.10,1.00,4,-1,-1
342,110,953.61,755.31,39.72,47.80,1.00,4,-1,-1
342,120,965.67,664.32,35.02,40.95,1.00,4,-1,-1
342,392,820.50,852.48,48.62,72.90,1.00,4,-1,-1
342,393,848.56,1033.27,57.04,53.22,0.45,4,-1,-1
342,396,887.51,762.25,39.88,53.13,1.00,4,-1,-1
342,397,971.76,583.60,23.96,26.15,1.00,4,-1,-1
342,398,963.65,461.84,15.89,16.38,0.99,4,-1,-1
342,400,962.10,480.52,18.00,18.14,0.99,4,-1,-1
342,406,1031.32,868.61,57.50,70.64,1.00,4,-1,-1
342,402,964.39,504.59,19.24,21.73,1.00,4,-1,-1
342,408,958.54,547.37,23.18,24.58,1.00,4,-1,-1
342,421,927.92,435.95,17.16,19.10,0.71,4,-1,-1
342,434,1007.37,591.10,21.28,27.72,0.98,4,-1,-1
342,443,965.13,427.40,15.72,15.50,0.98,4,-1,-1
342,461,1010.14,520.27,19.20,19.53,1.00,4,-1,-1
342,450,929.34,499.96,15.39,21.75,0.98,7,-1,-1
342,473,995.55,503.44,9.65,14.30,0.54,1,-1,-1
342,475,948.15,435.28,13.27,13.24,0.96,4,-1,-1
342,484,931.24,422.26,12.75,13.22,0.90,4,-1,-1
342,488,982.10,394.96,10.84,12.28,0.83,4,-1,-1
342,491,995.12,504.60,9.67,15.12,0.51,10,-1,-1
342,493,950.94,390.29,12.08,12.20,0.96,4,-1,-1
342,499,793.68,718.88,40.34,56.07,0.95,4,-1,-1
342,479,963.27,414.72,14.64,15.56,0.85,4,-1,-1
342,506,963.50,406.01,14.58,18.74,0.67,4,-1,-1
342,487,968.03,389.61,12.07,11.48,0.59,4,-1,-1
342,508,927.72,436.94,18.83,20.63,0.79,9,-1,-1
342,511,926.17,480.95,8.21,13.20,0.67,10,-1,-1
342,431,968.67,615.00,18.13,25.78,0.98,4,-1,-1
342,504,929.03,500.86,15.77,21.65,0.52,7,-1,-1
342,446,909.91,519.74,12.14,19.26,0.44,10,-1,-1
342,514,880.51,519.51,19.29,19.89,0.62,4,-1,-1
342,515,964.29,401.99,13.26,13.26,0.71,4,-1,-1
342,516,977.54,376.37,9.64,10.85,0.66,4,-1,-1
342,482,948.54,426.13,13.08,13.20,0.72,4,-1,-1
343,19,932.53,915.66,55.53,79.96,1.00,4,-1,-1
343,47,963.52,825.06,51.61,61.66,1.00,4,-1,-1
343,110,952.22,760.19,40.66,49.14,0.99,4,-1,-1
343,120,964.40,667.31,35.00,41.09,1.00,4,-1,-1
343,392,814.26,870.17,50.30,76.57,1.00,4,-1,-1
343,396,883.79,774.35,40.05,55.14,1.00,4,-1,-1
343,397,970.46,585.01,24.03,26.02,1.00,4,-1,-1
343,398,963.55,462.12,15.67,16.28,0.99,4,-1,-1
343,400,961.37,480.84,18.01,18.49,1.00,4,-1,-1
343,406,1030.97,878.54,56.49,72.34,1.00,4,-1,-1
343,402,963.67,505.80,19.23,21.73,1.00,4,-1,-1
343,408,957.66,548.69,22.97,24.69,0.99,4,-1,-1
343,434,1006.53,593.63,22.36,28.82,0.99,4,-1,-1
343,443,964.78,427.97,15.68,15.21,0.98,4,-1,-1
343,461,1009.51,522.14,19.25,19.78,0.99,4,-1,-1
343,450,928.23,502.81,15.59,21.39,0.99,7,-1,-1
343,475,947.97,436.47,13.29,13.65,0.93,4,-1,-1
343,484,930.17,422.93,13.16,13.27,0.93,4,-1,-1
343,488,981.74,394.35,10.83,12.52,0.69,4,-1,-1
343,491,994.63,507.26,9.66,14.60,0.24,10,-1,-1
343,493,950.48,390.96,12.07,12.09,0.79,4,-1,-1
343,499,790.14,725.84,41.04,56.89,0.98,4,-1,-1
343,479,962.53,414.41,14.62,16.12,0.88,4,-1,-1
343,506,962.83,406.31,15.44,19.51,0.78,4,-1,-1
343,487,968.27,390.46,11.23,11.87,0.50,4,-1,-1
343,508,927.52,437.00,17.14,21.31,0.90,4,-1,-1
343,511,924.97,482.29,8.51,13.80,0.55,10,-1,-1
343,431,968.23,617.55,17.42,25.64,0.98,4,-1,-1
343,504,928.37,502.90,15.78,22.22,0.31,7,-1,-1
343,446,908.28,521.30,12.94,21.01,0.82,10,-1,-1
343,515,964.10,402.22,13.31,13.80,0.70,4,-1,-1
343,516,976.94,377.23,10.64,11.38,0.67,4,-1,-1
343,482,948.43,425.37,12.50,12.93,0.71,4,-1,-1
343,517,925.11,480.33,8.44,13.86,0.62,1,-1,-1
344,19,930.35,925.16,55.53,81.88,1.00,4,-1,-1
344,47,962.13,833.45,52.70,62.73,1.00,4,-1,-1
344,110,951.36,766.03,40.99,49.70,1.00,4,-1,-1
344,120,963.65,670.84,35.79,41.99,1.00,4,-1,-1
344,392,806.68,890.13,54.04,79.60,0.99,4,-1,-1
344,396,880.03,787.92,41.67,57.52,1.00,4,-1,-1
344,397,969.77,586.74,24.86,26.41,0.99,4,-1,-1
344,398,963.36,462.99,16.43,16.27,0.99,4,-1,-1
344,400,961.78,482.13,18.02,18.64,1.00,4,-1,-1
344,406,1030.82,889.92,56.82,73.84,0.99,4,-1,-1
344,402,964.08,507.23,19.22,21.75,1.00,4,-1,-1
344,408,957.55,550.38,22.88,25.17,0.99,4,-1,-1
344,434,1006.85,597.01,22.75,29.67,0.96,4,-1,-1
344,443,965.38,428.94,14.84,15.12,0.98,4,-1,-1
344,461,1009.95,524.02,19.27,20.71,0.98,4,-1,-1
344,475,948.20,437.41,14.10,14.22,0.95,4,-1,-1
344,484,930.51,424.27,13.31,13.31,0.98,4,-1,-1
344,488,982.37,395.06,10.82,12.63,0.92,4,-1,-1
344,493,950.64,391.68,12.88,12.48,0.94,4,-1,-1
344,499,786.86,733.50,41.25,57.22,0.98,4,-1,-1
344,479,963.42,414.21,14.60,16.34,0.89,4,-1,-1
344,506,963.75,407.10,14.89,19.79,0.49,4,-1,-1
344,487,968.63,390.89,11.76,12.02,0.42,4,-1,-1
344,508,930.16,439.34,14.46,18.15,0.51,4,-1,-1
344,511,924.76,483.05,8.58,13.98,0.92,10,-1,-1
344,431,967.83,620.13,17.93,26.41,0.98,7,-1,-1
344,504,927.52,505.96,15.76,22.02,0.99,7,-1,-1
344,446,907.93,524.96,12.42,20.12,0.74,10,-1,-1
344,515,963.60,404.45,15.19,17.62,0.84,4,-1,-1
344,516,977.82,377.71,10.84,11.51,0.64,4,-1,-1
344,482,949.11,425.58,12.26,13.25,0.76,4,-1,-1
344,517,924.64,483.98,8.46,13.93,0.69,10,-1,-1
344,518,991.41,407.11,12.05,13.86,0.68,4,-1,-1
345,19,926.99,933.90,57.96,84.87,1.00,4,-1,-1
345,47,960.57,840.26,53.90,64.63,1.00,4,-1,-1
345,110,949.59,771.17,41.90,50.62,0.99,4,-1,-1
345,120,962.68,673.63,36.08,42.27,1.00,4,-1,-1
345,392,798.66,909.13,56.23,86.09,1.00,4,-1,-1
345,396,875.29,801.41,43.05,59.92,1.00,4,-1,-1
345,397,968.37,587.96,25.17,26.93,0.99,4,-1,-1
345,398,962.49,463.01,16.70,16.66,0.99,4,-1,-1
345,400,960.70,482.09,18.84,19.49,0.99,4,-1,-1
345,406,1029.29,900.88,59.34,75.85,1.00,4,-1,-1
345,402,963.02,508.03,19.22,21.73,1.00,4,-1,-1
345,408,956.34,551.63,22.85,24.91,0.99,4,-1,-1
345,434,1006.18,599.77,22.90,28.75,0.98,4,-1,-1
345,443,964.73,428.60,14.52,15.07,0.94,4,-1,-1
345,461,1009.69,526.10,19.27,20.63,0.98,4,-1,-1
345,475,947.48,438.04,15.19,15.22,0.98,4,-1,-1
345,484,929.01,424.89,13.35,13.71,0.97,4,-1,-1
345,488,982.13,394.44,10.82,12.65,0.60,4,-1,-1
345,493,950.27,392.69,12.38,11.80,0.85,4,-1,-1
345,499,783.54,739.00,41.29,58.85,0.98,4,-1,-1
345,479,962.49,416.62,14.58,15.20,0.68,4,-1,-1
345,487,968.76,391.20,11.12,11.66,0.37,4,-1,-1
345,508,926.17,439.40,16.28,19.48,0.74,4,-1,-1
345,511,923.94,483.97,8.57,14.01,0.89,1,-1,-1
345,431,966.96,621.82,18.11,26.65,0.98,7,-1,-1
345,504,926.45,508.95,15.75,21.47,0.99,7,-1,-1
345,515,963.01,404.48,14.94,17.75,0.54,4,-1,-1
345,516,978.09,378.08,9.96,11.04,0.55,4,-1,-1
345,482,948.11,427.16,12.98,13.75,0.49,4,-1,-1
345,517,923.85,485.85,7.54,13.95,0.56,1,-1,-1
345,518,991.54,407.92,12.09,13.93,0.71,4,-1,-1
345,519,1037.21,740.69,33.75,44.60,0.98,4,-1,-1
346,19,925.36,942.76,58.99,87.52,1.00,4,-1,-1
346,47,959.86,847.94,54.44,65.29,1.00,4,-1,-1
346,110,948.33,776.23,42.32,50.11,1.00,4,-1,-1
346,120,961.58,676.61,36.25,42.33,0.99,4,-1,-1
346,392,791.60,930.90,58.76,89.33,1.00,4,-1,-1
346,396,870.94,815.19,44.45,63.13,0.99,4,-1,-1
346,397,967.41,589.35,24.52,26.69,0.99,4,-1,-1
346,398,961.53,462.92,16.83,17.19,0.98,4,-1,-1
346,400,959.70,482.38,19.18,19.38,0.99,4,-1,-1
346,406,1029.10,911.97,58.81,78.12,1.00,4,-1,-1
346,402,962.08,508.44,19.26,21.71,1.00,4,-1,-1
346,408,955.00,552.84,22.88,24.78,0.99,4,-1,-1
346,434,1005.50,602.66,22.19,28.35,0.98,4,-1,-1
346,443,963.46,428.56,14.44,15.04,0.91,4,-1,-1
346,461,1009.09,527.92,19.30,20.57,0.99,4,-1,-1
346,475,946.88,438.95,14.85,15.19,0.99,4,-1,-1
346,484,927.34,426.23,13.39,13.84,0.98,4,-1,-1
346,488,981.34,394.67,10.84,12.65,0.55,4,-1,-1
346,493,948.58,392.52,12.19,12.36,0.88,4,-1,-1
346,499,780.04,745.97,41.38,59.40,0.97,4,-1,-1
346,479,961.46,414.72,15.40,17.21,0.30,4,-1,-1
346,487,967.69,391.60,11.74,11.92,0.38,4,-1,-1
346,511,922.71,485.23,8.58,14.42,0.77,1,-1,-1
346,431,966.24,623.98,18.21,26.72,0.99,7,-1,-1
346,515,961.45,404.29,15.65,18.38,0.28,4,-1,-1
346,516,977.23,378.00,10.62,11.33,0.74,4,-1,-1
346,482,946.26,428.64,14.06,13.92,0.28,4,-1,-1
346,518,990.19,409.24,13.06,13.48,0.76,4,-1,-1
346,519,1038.15,747.49,33.91,44.80,0.93,4,-1,-1
346,450,925.93,510.47,15.76,21.83,0.99,7,-1,-1
347,19,923.67,950.99,59.18,89.20,1.00,4,-1,-1
347,47,959.31,853.98,54.47,67.05,1.00,4,-1,-1
347,110,946.46,781.03,43.14,51.45,0.99,4,-1,-1
347,120,960.24,679.26,37.02,43.12,0.99,4,-1,-1
347,392,785.00,951.69,59.52,95.07,1.00,4,-1,-1
347,396,866.86,828.89,45.63,65.84,0.99,4,-1,-1
347,397,966.18,590.20,25.03,26.98,1.00,4,-1,-1
347,398,960.82,463.04,16.84,17.38,1.00,4,-1,-1
347,400,958.98,482.42,19.25,19.73,0.99,4,-1,-1
347,406,1028.57,922.32,59.18,79.66,1.00,4,-1,-1
347,402,962.16,508.87,19.23,21.27,1.00,4,-1,-1
347,408,954.90,553.69,22.84,24.72,0.99,4,-1,-1
347,434,1005.11,606.06,22.67,28.78,0.98,4,-1,-1
347,443,962.64,428.98,15.22,14.61,0.99,4,-1,-1
347,461,1008.36,529.66,20.08,20.53,0.99,4,-1,-1
347,475,946.78,440.04,14.65,15.16,0.99,4,-1,-1
347,484,926.86,426.89,13.36,13.88,0.95,4,-1,-1
347,488,981.53,394.02,10.82,13.05,0.25,4,-1,-1
347,493,947.66,392.90,12.91,12.55,0.61,4,-1,-1
347,499,776.49,751.34,42.89,61.11,0.98,4,-1,-1
347,479,961.17,415.84,14.86,16.34,0.41,4,-1,-1
347,487,966.97,392.83,11.93,11.60,0.33,4,-1,-1
347,511,921.54,486.97,8.54,14.12,0.63,1,-1,-1
347,431,966.28,627.67,18.19,25.08,0.99,7,-1,-1
347,515,960.99,404.21,14.97,16.85,0.25,4,-1,-1
347,516,976.93,378.48,10.79,10.98,0.65,4,-1,-1
347,518,990.15,410.13,13.34,13.28,0.62,4,-1,-1
347,519,1038.35,754.49,33.90,46.71,0.81,4,-1,-1
347,450,924.27,512.37,15.75,22.26,1.00,7,-1,-1
347,520,721.41,890.16,39.78,61.47,0.87,7,-1,-1
347,521,969.11,624.38,13.26,20.49,0.66,2,-1,-1
347,522,969.71,626.18,13.26,20.49,0.80,7,-1,-1
348,19,920.79,959.29,60.82,91.34,0.99,4,-1,-1
348,47,958.01,861.91,55.25,67.66,1.00,4,-1,-1
348,110,946.30,786.16,41.82,51.92,1.00,4,-1,-1
348,120,959.47,682.09,36.48,43.39,0.99,4,-1,-1
348,392,776.84,974.68,61.30,98.01,1.00,4,-1,-1
348,396,863.15,843.52,46.03,68.39,1.00,4,-1,-1
348,397,965.06,591.24,25.20,27.08,1.00,4,-1,-1
348,398,960.69,463.68,16.84,17.04,0.99,4,-1,-1
348,400,958.43,482.80,19.27,19.85,1.00,4,-1,-1
348,406,1027.25,932.96,60.88,82.55,0.99,4,-1,-1
348,402,961.50,509.60,19.21,21.10,1.00,4,-1,-1
348,408,954.19,554.75,22.82,25.09,1.00,4,-1,-1
348,434,1004.67,608.99,22.83,29.13,0.98,4,-1,-1
348,443,961.66,429.75,15.49,14.45,0.96,4,-1,-1
348,461,1007.80,531.83,19.56,20.51,1.00,4,-1,-1
348,475,946.06,441.81,14.57,14.73,0.99,4,-1,-1
348,484,926.03,427.50,13.33,14.29,0.96,4,-1,-1
348,488,981.31,394.38,9.99,12.38,0.25,4,-1,-1
348,493,947.47,393.22,13.16,13.02,0.93,4,-1,-1
348,499,773.42,757.45,42.61,62.51,0.97,4,-1,-1
348,487,966.41,393.09,11.19,12.30,0.29,4,-1,-1
348,511,920.86,488.76,8.51,13.99,0.64,1,-1,-1
348,431,965.22,629.36,18.16,25.26,0.99,7,-1,-1
348,515,960.14,405.38,15.55,19.63,0.64,9,-1,-1
348,516,976.08,378.17,10.85,11.73,0.63,4,-1,-1
348,518,990.23,410.95,13.39,13.23,0.46,4,-1,-1
348,519,1037.04,759.58,35.73,49.11,0.95,4,-1,-1
348,450,923.01,514.76,15.74,22.80,0.99,7,-1,-1
348,521,968.96,628.05,13.30,22.50,0.53,7,-1,-1
348,523,920.29,489.98,9.64,15.67,0.87,1,-1,-1
348,524,929.93,442.37,12.05,13.86,0.61,4,-1,-1
348,517,920.19,490.80,9.55,15.61,0.82,10,-1,-1
349,19,923.69,968.20,60.70,91.37,1.00,4,-1,-1
349,47,961.87,869.44,55.58,68.69,1.00,4,-1,-1
349,110,949.37,791.01,42.15,52.90,1.00,4,-1,-1
349,120,962.26,685.26,37.12,43.50,1.00,4,-1,-1
349,392,774.93,999.34,62.04,85.17,0.98,4,-1,-1
349,396,862.91,859.02,47.80,70.93,0.99,4,-1,-1
349,397,968.91,592.51,25.29,27.53,1.00,4,-1,-1
349,398,964.03,464.15,16.85,16.92,0.99,4,-1,-1
349,400,961.22,483.99,19.30,19.50,1.00,4,-1,-1
349,406,1031.17,944.21,63.97,85.22,0.99,4,-1,-1
349,402,964.66,510.73,19.23,21.47,1.00,4,-1,-1
349,408,956.94,555.80,23.66,25.24,1.00,4,-1,-1
349,434,1007.98,611.91,23.72,29.87,0.94,4,-1,-1
349,443,965.09,429.80,14.80,14.82,0.99,4,-1,-1
349,461,1011.03,533.44,19.37,20.91,1.00,4,-1,-1
349,475,949.57,443.65,14.55,14.57,0.97,4,-1,-1
349,484,928.27,428.30,14.14,14.45,0.98,4,-1,-1
349,488,984.15,394.69,9.70,12.13,0.63,4,-1,-1
349,493,950.76,394.29,12.47,13.20,0.98,4,-1,-1
349,499,773.70,765.47,44.15,63.03,0.96,4,-1,-1
349,487,969.12,393.72,10.92,12.16,0.30,4,-1,-1
349,511,923.59,490.42,8.51,14.78,0.88,1,-1,-1
349,431,968.28,630.85,18.98,26.96,0.99,7,-1,-1
349,515,963.63,405.74,14.92,18.22,0.79,4,-1,-1
349,516,979.55,378.41,10.87,11.57,0.69,4,-1,-1
349,518,993.15,411.55,12.52,12.78,0.55,4,-1,-1
349,519,1040.49,766.71,35.43,48.96,0.95,4,-1,-1
349,524,933.44,444.43,12.10,13.44,0.79,4,-1,-1
349,517,923.34,492.48,9.06,15.38,0.65,10,-1,-1
349,506,963.64,419.49,13.45,15.10,0.79,4,-1,-1
349,504,925.03,517.88,16.86,23.45,0.99,7,-1,-1
349,482,947.80,431.60,12.50,14.00,0.86,4,-1,-1
350,19,936.96,975.92,61.27,92.85,0.98,4,-1,-1
350,47,976.31,876.83,56.37,69.82,1.00,4,-1,-1
350,110,963.61,795.51,42.17,54.02,1.00,4,-1,-1
350,120,976.88,687.33,38.08,44.32,0.98,4,-1,-1
350,392,785.84,1022.89,61.33,63.65,0.98,4,-1,-1
350,396,873.62,873.91,49.11,74.16,1.00,4,-1,-1
350,397,983.60,593.23,25.27,28.50,1.00,4,-1,-1
350,398,979.43,464.13,17.64,17.69,0.99,4,-1,-1
350,400,976.82,484.84,19.27,19.36,0.99,4,-1,-1
350,406,1046.27,956.03,64.17,86.95,1.00,4,-1,-1
350,402,979.55,511.29,20.02,22.00,1.00,4,-1,-1
350,408,972.08,556.88,23.92,25.29,1.00,4,-1,-1
350,434,1022.81,615.42,24.80,30.33,0.96,4,-1,-1
350,443,980.95,430.48,14.51,14.55,0.99,4,-1,-1
350,461,1026.28,535.37,20.09,21.05,1.00,4,-1,-1
350,475,964.66,444.51,15.31,15.73,0.99,4,-1,-1
350,484,943.79,429.19,14.41,14.90,0.99,4,-1,-1
350,493,965.37,394.75,12.99,13.26,0.92,4,-1,-1
350,499,787.19,770.59,43.79,63.96,0.96,4,-1,-1
350,511,938.80,492.94,8.47,14.64,0.82,1,-1,-1
350,431,983.45,633.16,19.23,26.77,0.99,7,-1,-1
350,515,979.13,406.30,14.62,17.91,0.73,4,-1,-1
350,516,995.03,379.01,10.86,11.08,0.57,4,-1,-1
350,518,1007.86,412.18,13.06,13.07,0.83,4,-1,-1
350,519,1055.53,772.85,35.18,50.51,0.95,4,-1,-1
350,524,948.35,445.15,12.09,14.30,0.46,4,-1,-1
350,517,938.71,494.41,8.76,15.70,0.71,10,-1,-1
350,506,979.08,418.41,14.18,14.98,0.83,4,-1,-1
350,482,962.61,432.60,13.03,14.38,0.89,4,-1,-1
350,525,889.55,534.27,20.49,22.30,0.76,4,-1,-1
350,492,829.92,673.07,38.57,42.23,0.72,4,-1,-1
350,450,939.74,518.89,16.71,24.95,0.94,7,-1,-1
351,19,940.22,983.24,61.51,93.31,0.98,4,-1,-1
351,47,980.30,883.26,56.67,70.97,1.00,4,-1,-1
351,110,967.09,799.73,43.00,54.39,0.99,4,-1,-1
351,120,981.66,689.51,37.65,44.59,1.00,4,-1,-1
351,396,873.53,889.38,51.19,77.66,0.99,4,-1,-1
351,397,989.56,593.96,25.27,28.24,1.00,4,-1,-1
351,398,986.38,464.63,17.14,17.16,0.99,4,-1,-1
351,400,983.46,484.86,19.26,19.70,1.00,4,-1,-1
351,406,1050.55,967.17,65.04,89.87,1.00,4,-1,-1
351,402,985.94,511.59,20.32,21.78,1.00,4,-1,-1
351,408,978.17,557.58,24.03,25.70,0.98,4,-1,-1
351,434,1028.80,617.52,24.42,31.08,0.97,4,-1,-1
351,443,988.09,430.86,14.41,14.44,0.98,4,-1,-1
351,461,1032.81,536.52,20.35,21.49,0.99,4,-1,-1
351,475,971.47,445.91,15.60,15.35,0.99,4,-1,-1
351,484,951.13,430.64,13.71,14.26,0.99,4,-1,-1
351,493,972.43,395.84,12.38,12.87,0.90,4,-1,-1
351,499,788.87,775.90,45.27,65.03,0.98,4,-1,-1
351,511,944.10,493.56,9.29,15.39,0.90,1,-1,-1
351,431,988.38,634.70,20.13,26.67,0.99,7,-1,-1
351,515,986.16,407.43,14.52,16.11,0.73,4,-1,-1
351,516,1002.41,379.13,10.02,11.32,0.57,4,-1,-1
351,518,1014.64,412.69,12.39,12.74,0.37,4,-1,-1
351,519,1060.88,778.75,35.95,51.82,0.96,4,-1,-1
351,524,956.34,445.98,11.13,14.09,0.33,4,-1,-1
351,517,944.48,495.16,8.63,16.20,0.68,10,-1,-1
351,506,986.55,418.47,13.55,14.05,0.73,4,-1,-1
351,482,969.90,432.66,12.37,14.10,0.80,4,-1,-1
351,525,894.85,536.08,21.51,22.86,0.65,4,-1,-1
351,492,834.81,676.37,37.88,42.33,0.25,4,-1,-1
351,450,945.59,521.32,16.91,24.59,0.99,7,-1,-1
352,19,939.43,990.86,61.62,86.98,0.89,4,-1,-1
352,47,980.09,889.36,56.79,72.94,1.00,4,-1,-1
352,110,966.68,803.47,42.52,55.28,1.00,4,-1,-1
352,120,981.67,691.76,37.49,44.65,1.00,4,-1,-1
352,396,869.47,905.48,52.78,80.50,0.99,4,-1,-1
352,397,989.57,594.94,25.28,28.52,1.00,4,-1,-1
352,398,986.68,464.97,16.95,16.94,0.99,4,-1,-1
352,400,984.06,485.18,18.46,19.41,0.99,4,-1,-1
352,406,1050.47,977.69,64.57,91.69,0.99,4,-1,-1
352,402,986.46,511.82,20.44,22.10,1.00,4,-1,-1
352,408,978.21,558.33,24.08,25.83,0.99,4,-1,-1
352,434,1029.22,620.11,24.27,31.34,0.97,4,-1,-1
352,443,988.43,431.33,14.39,13.98,0.96,4,-1,-1
352,461,1032.99,538.19,20.46,22.05,0.98,4,-1,-1
352,475,971.71,447.14,15.71,15.18,0.99,4,-1,-1
352,484,951.59,431.71,13.43,13.99,0.97,4,-1,-1
352,493,972.74,396.77,12.97,12.71,0.87,4,-1,-1
352,499,785.84,782.88,46.63,64.58,0.98,4,-1,-1
352,511,944.22,495.26,8.80,15.25,0.78,1,-1,-1
352,431,988.41,636.34,20.47,27.42,0.99,7,-1,-1
352,515,986.46,407.51,14.49,15.39,0.56,4,-1,-1
352,516,1002.82,378.87,10.57,11.81,0.69,4,-1,-1
352,518,1015.29,412.94,12.14,13.05,0.56,4,-1,-1
352,519,1060.74,785.01,37.06,55.53,0.90,4,-1,-1
352,524,956.97,446.72,10.84,13.51,0.17,4,-1,-1
352,517,944.79,497.12,8.58,15.96,0.76,10,-1,-1
352,506,987.05,418.77,13.32,14.19,0.58,4,-1,-1
352,482,970.32,433.58,12.13,13.98,0.82,4,-1,-1
352,525,894.65,537.02,21.72,23.91,0.37,4,-1,-1
352,492,832.07,679.40,40.10,43.98,0.38,4,-1,-1
352,526,547.23,1019.13,119.93,57.86,0.69,4,-1,-1
352,527,1007.08,434.83,9.64,13.26,0.66,4,-1,-1
353,19,939.01,998.48,61.68,81.13,0.90,4,-1,-1
353,47,980.63,896.35,56.85,74.45,1.00,4,-1,-1
353,110,967.13,807.63,43.17,55.59,1.00,4,-1,-1
353,120,982.23,694.61,37.45,43.86,0.98,4,-1,-1
353,396,865.84,922.46,54.18,83.87,0.99,4,-1,-1
353,397,990.10,595.93,25.30,28.41,0.99,4,-1,-1
353,398,988.07,465.12,16.88,16.86,0.99,4,-1,-1
353,400,984.76,485.53,18.99,19.70,0.99,4,-1,-1
353,406,1051.09,988.61,65.20,89.94,0.99,4,-1,-1
353,402,987.95,512.32,20.49,22.21,1.00,4,-1,-1
353,408,979.13,559.45,24.11,25.88,0.98,4,-1,-1
353,434,1029.90,624.25,25.03,31.42,0.96,4,-1,-1
353,443,989.42,431.51,14.39,13.82,0.97,4,-1,-1
353,461,1033.96,540.59,20.51,21.85,1.00,4,-1,-1
353,475,973.05,448.39,15.75,15.51,0.99,4,-1,-1
353,484,952.21,432.51,13.34,14.30,0.98,4,-1,-1
353,493,974.11,397.10,12.38,12.65,0.90,4,-1,-1
353,499,783.32,789.07,47.15,65.17,0.94,4,-1,-1
353,511,944.78,497.11,8.59,13.97,0.44,1,-1,-1
353,431,989.75,637.74,19.81,27.69,0.98,7,-1,-1
353,515,988.28,407.94,13.66,14.71,0.66,4,-1,-1
353,516,1003.83,379.15,10.76,11.58,0.61,4,-1,-1
353,518,1015.99,412.78,12.91,13.16,0.65,4,-1,-1
353,519,1061.69,791.19,37.47,54.46,0.96,4,-1,-1
353,524,957.65,447.33,11.68,14.21,0.41,4,-1,-1
353,517,944.99,498.84,8.56,15.85,0.76,10,-1,-1
353,506,988.10,419.47,13.25,13.39,0.38,4,-1,-1
353,482,971.34,434.31,12.88,14.33,0.85,4,-1,-1
353,492,832.80,684.54,39.34,42.97,0.29,4,-1,-1
353,526,533.35,1033.05,128.50,47.45,0.64,4,-1,-1
353,527,1007.24,435.36,10.64,13.30,0.54,4,-1,-1
353,479,988.51,410.13,13.44,15.83,0.57,4,-1,-1
353,450,945.57,526.77,17.00,23.93,0.98,7,-1,-1
354,19,938.94,1006.09,61.67,73.94,0.30,4,-1,-1
354,47,981.25,902.94,57.64,74.96,0.99,4,-1,-1
354,110,966.94,811.26,44.18,56.46,1.00,4,-1,-1
354,120,982.88,696.27,38.22,45.16,1.00,4,-1,-1
354,396,862.66,940.10,55.45,85.87,0.99,4,-1,-1
354,397,991.13,596.58,25.30,28.76,0.99,4,-1,-1
354,398,989.81,465.94,16.85,16.41,0.98,4,-1,-1
354,400,986.24,485.80,19.17,19.80,0.99,4,-1,-1
354,406,1052.52,999.34,63.78,81.90,0.99,4,-1,-1
354,402,989.73,513.04,20.50,21.84,1.00,4,-1,-1
354,408,980.71,560.36,24.11,25.89,0.98,4,-1,-1
354,434,1031.35,627.21,25.29,30.62,0.97,4,-1,-1
354,443,991.02,432.16,14.39,13.77,1.00,4,-1,-1
354,461,1035.53,542.18,20.51,21.76,0.99,4,-1,-1
354,475,974.37,449.57,15.75,15.63,0.99,4,-1,-1
354,484,953.28,433.13,13.29,14.41,0.97,4,-1,-1
354,493,974.63,397.99,12.97,12.22,0.85,4,-1,-1
354,499,781.76,793.80,47.31,66.13,0.96,4,-1,-1
354,511,945.85,498.50,8.51,13.04,0.55,1,-1,-1
354,431,991.90,639.70,19.53,26.97,0.99,7,-1,-1
354,515,989.80,408.03,13.34,14.48,0.72,4,-1,-1
354,516,1005.42,379.45,10.83,11.49,0.64,4,-1,-1
354,518,1018.27,413.90,12.36,12.78,0.79,4,-1,-1
354,519,1063.26,797.11,38.40,53.07,0.98,4,-1,-1
354,524,958.32,447.67,11.94,14.43,0.72,4,-1,-1
354,517,945.92,500.56,8.54,15.38,0.79,10,-1,-1
354,506,989.32,420.06,13.22,13.57,0.85,4,-1,-1
354,482,972.53,435.32,13.14,14.45,0.95,4,-1,-1
354,492,832.03,688.26,39.79,44.16,0.56,4,-1,-1
354,526,530.50,1047.36,124.28,34.33,0.45,4,-1,-1
354,527,1008.70,435.98,10.83,13.31,0.92,4,-1,-1
354,450,946.50,529.45,16.98,23.69,0.99,7,-1,-1
355,19,937.78,1012.71,62.37,67.13,0.17,4,-1,-1
355,47,981.15,908.85,57.84,75.08,1.00,4,-1,-1
355,110,966.60,814.17,44.50,56.75,1.00,4,-1,-1
355,120,982.89,697.78,38.45,45.61,1.00,4,-1,-1
355,396,859.29,957.00,55.81,88.87,0.99,4,-1,-1
355,397,990.51,597.26,26.08,29.08,0.99,4,-1,-1
355,398,990.72,465.80,16.83,16.66,0.98,4,-1,-1
355,400,986.25,485.83,19.22,19.84,0.99,4,-1,-1
355,406,1052.63,1009.52,63.93,72.02,0.97,4,-1,-1
355,402,990.24,513.43,20.48,21.70,1.00,4,-1,-1
355,408,980.72,561.17,24.08,25.88,0.99,4,-1,-1
355,434,1031.66,629.30,25.35,31.11,0.98,4,-1,-1
355,443,991.48,432.36,14.38,13.75,1.00,4,-1,-1
355,461,1035.91,543.64,20.49,21.71,0.99,4,-1,-1
355,475,974.74,450.72,15.72,15.67,0.99,4,-1,-1
355,484,952.77,434.09,14.07,14.84,0.96,4,-1,-1
355,493,975.15,398.28,13.16,12.88,0.92,4,-1,-1
355,499,779.91,800.18,47.27,66.45,0.97,4,-1,-1
355,511,945.73,500.73,8.46,13.56,0.53,2,-1,-1
355,431,992.08,641.05,19.39,26.67,0.99,7,-1,-1
355,515,989.82,407.19,14.06,15.24,0.73,4,-1,-1
355,516,1005.91,379.56,10.84,11.45,0.49,4,-1,-1
355,518,1019.02,414.69,12.12,12.65,0.79,4,-1,-1
355,519,1062.68,802.46,40.29,54.94,0.94,4,-1,-1
355,524,958.45,449.14,11.19,13.66,0.55,4,-1,-1
355,517,945.76,502.46,8.51,15.60,0.77,10,-1,-1
355,506,989.25,420.20,14.02,14.06,0.92,4,-1,-1
355,482,972.88,436.23,13.22,14.49,0.91,4,-1,-1
355,492,830.44,691.63,39.89,44.57,0.65,4,-1,-1
355,526,511.24,1054.97,138.21,24.41,0.19,4,-1,-1
355,527,1008.57,436.11,10.88,13.29,0.90,4,-1,-1
355,450,946.72,531.42,16.94,24.42,0.99,7,-1,-1
355,528,1039.62,569.53,20.49,27.72,0.62,9,-1,-1
355,479,989.61,407.91,14.30,15.25,0.80,9,-1,-1
356,47,981.31,914.34,57.95,77.51,1.00,4,-1,-1
356,110,966.67,817.36,44.64,56.85,1.00,4,-1,-1
356,120,983.05,699.26,38.56,45.79,1.00,4,-1,-1
356,396,855.91,975.17,55.95,91.55,0.99,4,-1,-1
356,397,990.82,597.82,26.38,29.00,0.99,4,-1,-1
356,398,991.54,466.20,16.83,15.95,0.98,4,-1,-1
356,400,986.74,485.91,19.25,19.85,0.99,4,-1,-1
356,406,1053.72,1019.72,61.60,61.59,0.91,4,-1,-1
356,402,991.33,513.85,20.48,21.65,1.00,4,-1,-1
356,408,981.24,562.17,24.89,25.48,0.99,4,-1,-1
356,434,1032.33,632.12,25.38,30.49,0.97,4,-1,-1
356,443,992.54,432.05,14.39,14.17,1.00,4,-1,-1
356,461,1036.58,545.22,20.49,22.11,0.98,4,-1,-1
356,475,974.95,451.77,15.72,16.08,0.99,4,-1,-1
356,484,953.45,434.87,14.36,15.01,0.96,4,-1,-1
356,493,975.81,398.78,13.24,13.12,0.90,4,-1,-1
356,499,779.38,804.66,46.46,68.16,0.97,4,-1,-1
356,511,945.77,502.75,9.27,14.14,0.73,1,-1,-1
356,431,992.68,642.44,19.34,26.56,0.99,7,-1,-1
356,515,991.12,406.89,13.51,14.70,0.54,4,-1,-1
356,516,1006.97,379.39,10.85,11.44,0.44,4,-1,-1
356,518,1020.60,415.38,12.05,12.60,0.75,4,-1,-1
356,519,1063.87,807.63,41.01,57.22,0.93,4,-1,-1
356,524,959.82,450.10,10.91,14.22,0.54,4,-1,-1
356,517,946.19,504.19,8.50,15.68,0.59,10,-1,-1
356,506,990.10,420.04,14.32,14.65,0.94,4,-1,-1
356,482,973.47,436.79,14.07,15.31,0.91,4,-1,-1
356,492,828.35,695.00,41.55,45.52,0.94,4,-1,-1
356,527,1009.46,435.61,10.89,13.74,0.67,4,-1,-1
356,450,946.90,533.77,16.93,25.08,0.98,7,-1,-1
356,479,991.04,407.97,13.69,16.00,0.46,4,-1,-1
357,47,980.79,919.91,58.74,78.37,1.00,4,-1,-1
357,110,966.55,819.01,43.85,57.64,1.00,4,-1,-1
357,120,982.96,700.79,38.57,45.83,0.99,4,-1,-1
357,396,851.02,993.56,57.51,85.46,0.96,4,-1,-1
357,397,990.79,598.52,26.48,28.35,0.99,4,-1,-1
357,398,992.49,465.91,16.82,16.51,0.99,4,-1,-1
357,400,987.18,485.68,19.25,20.26,0.99,4,-1,-1
357,406,1053.49,1029.38,62.30,51.90,0.60,4,-1,-1
357,402,991.98,514.33,20.47,21.63,1.00,4,-1,-1
357,408,981.29,562.43,25.18,25.73,0.99,4,-1,-1
357,434,1032.40,634.18,25.37,31.05,0.99,4,-1,-1
357,443,993.19,431.29,14.39,14.72,0.99,4,-1,-1
357,461,1036.66,546.08,21.29,22.64,0.98,4,-1,-1
357,475,975.27,452.87,15.70,16.23,0.99,4,-1,-1
357,484,953.19,436.09,14.46,15.06,0.99,4,-1,-1
357,493,976.32,399.13,13.26,13.21,0.90,4,-1,-1
357,499,776.77,809.50,46.91,68.75,0.99,4,-1,-1
357,511,945.29,504.98,9.55,13.95,0.51,1,-1,-1
357,431,993.54,644.00,19.31,25.70,1.00,7,-1,-1
357,516,1008.02,379.51,10.84,11.02,0.21,4,-1,-1
357,518,1021.01,415.99,12.02,12.18,0.77,4,-1,-1
357,519,1063.32,812.34,42.03,56.43,0.97,4,-1,-1
357,524,960.16,451.58,10.81,14.41,0.22,4,-1,-1
357,517,945.42,506.10,9.30,15.70,0.75,10,-1,-1
357,506,990.69,419.91,14.42,14.87,0.92,4,-1,-1
357,482,973.96,438.51,14.37,15.21,0.95,4,-1,-1
357,492,827.92,698.36,40.54,45.05,0.67,4,-1,-1
357,527,1010.04,435.80,10.88,13.44,0.69,4,-1,-1
357,450,946.04,536.10,17.72,25.31,0.99,7,-1,-1
357,479,991.85,407.73,13.43,15.45,0.54,4,-1,-1
358,47,981.06,924.59,59.06,79.42,1.00,4,-1,-1
358,110,967.36,821.08,43.56,57.90,1.00,4,-1,-1
358,120,983.31,702.09,38.59,45.82,0.99,4,-1,-1
358,396,848.20,1012.13,57.33,71.47,0.66,4,-1,-1
358,397,991.12,598.96,26.52,28.29,0.99,4,-1,-1
358,398,993.51,465.56,16.83,17.10,0.98,4,-1,-1
358,400,987.62,485.98,19.26,20.40,0.99,4,-1,-1
358,406,1052.71,1038.62,62.57,41.67,0.22,4,-1,-1
358,402,992.50,514.28,20.47,22.02,1.00,4,-1,-1
358,408,981.61,562.89,25.29,25.81,0.99,4,-1,-1
358,434,1032.77,636.01,25.37,31.24,0.98,4,-1,-1
358,443,993.68,431.38,14.40,14.92,0.99,4,-1,-1
358,461,1037.38,547.50,20.79,22.43,0.99,4,-1,-1
358,475,975.66,454.43,14.89,15.87,0.98,4,-1,-1
358,484,953.34,436.72,14.50,15.07,0.99,4,-1,-1
358,493,976.75,399.83,13.27,13.23,0.87,4,-1,-1
358,499,774.70,815.18,47.89,68.92,0.98,4,-1,-1
358,511,944.99,506.36,9.66,13.88,0.49,1,-1,-1
358,431,993.81,645.34,20.12,25.37,0.99,7,-1,-1
358,516,1008.65,379.74,10.85,10.86,0.36,4,-1,-1
358,518,1021.41,416.14,12.01,12.02,0.75,4,-1,-1
358,519,1063.92,817.44,42.41,58.46,0.93,4,-1,-1
358,524,961.41,453.10,10.79,14.06,0.54,4,-1,-1
358,517,945.04,507.75,9.59,16.10,0.83,10,-1,-1
358,506,991.56,419.61,13.66,14.96,0.91,4,-1,-1
358,482,974.39,439.94,13.69,15.15,0.96,4,-1,-1
358,492,827.39,701.97,40.14,44.82,0.54,4,-1,-1
358,527,1010.53,436.01,10.87,13.32,0.83,4,-1,-1
358,450,945.63,538.09,18.02,26.18,0.98,7,-1,-1
358,479,992.39,407.48,13.34,14.39,0.34,4,-1,-1
358,529,982.37,385.11,10.85,11.45,0.69,4,-1,-1
359,47,981.64,928.75,59.11,81.37,1.00,4,-1,-1
359,110,967.79,822.39,43.41,57.97,1.00,4,-1,-1
359,120,983.59,702.81,38.56,45.80,0.99,4,-1,-1
359,396,846.16,1030.55,57.96,53.07,0.31,4,-1,-1
359,397,991.43,599.04,26.51,28.68,0.99,4,-1,-1
359,398,994.51,465.41,16.82,17.33,0.99,4,-1,-1
359,400,988.40,486.07,19.25,20.45,0.99,4,-1,-1
359,402,993.71,514.42,20.46,22.17,1.00,4,-1,-1
359,408,982.34,563.40,25.31,25.84,0.99,4,-1,-1
359,434,1033.46,638.56,25.34,31.31,0.96,7,-1,-1
359,443,994.49,431.61,15.21,15.00,0.99,4,-1,-1
359,461,1037.84,549.18,21.39,23.15,0.99,4,-1,-1
359,475,975.60,455.37,15.40,16.55,0.98,4,-1,-1
359,484,954.06,437.71,14.50,15.08,0.99,4,-1,-1
359,493,977.57,400.27,12.45,13.24,0.93,4,-1,-1
359,499,772.19,819.30,49.80,70.55,0.98,4,-1,-1
359,511,945.52,508.58,9.69,15.88,0.83,1,-1,-1
359,431,994.47,646.11,20.39,26.07,0.95,7,-1,-1
359,516,1009.52,379.82,10.84,11.22,0.43,4,-1,-1
359,518,1022.18,416.80,11.19,11.56,0.72,4,-1,-1
359,519,1064.63,821.82,42.48,59.19,0.96,4,-1,-1
359,524,962.49,454.20,10.78,13.92,0.39,4,-1,-1
359,517,945.54,508.45,9.69,14.64,0.43,2,-1,-1
359,506,992.13,419.88,14.18,14.99,0.91,4,-1,-1
359,482,974.78,440.83,14.22,15.53,0.95,4,-1,-1
359,492,827.43,704.64,39.94,44.72,0.77,4,-1,-1
359,527,1011.74,436.27,10.86,13.27,0.87,4,-1,-1
359,450,945.72,540.49,18.11,26.10,0.97,7,-1,-1
359,479,992.83,406.61,13.29,13.15,0.23,4,-1,-1
359,530,993.21,429.71,14.46,14.46,0.76,4,-1,-1
359,531,998.04,642.46,15.67,22.90,0.69,2,-1,-1
359,532,1033.59,638.84,25.31,31.34,0.84,4,-1,-1
360,47,981.88,932.28,59.09,82.05,1.00,4,-1,-1
360,110,967.98,822.98,43.34,58.76,1.00,4,-1,-1
360,120,983.73,703.28,38.54,45.78,0.99,4,-1,-1
360,396,845.19,1049.52,57.36,32.81,0.14,4,-1,-1
360,397,991.97,598.54,26.50,28.81,0.99,4,-1,-1
360,398,995.26,465.10,16.81,17.41,0.99,4,-1,-1
360,400,989.10,486.24,19.24,20.06,1.00,4,-1,-1
360,402,994.55,514.39,20.45,22.22,1.00,4,-1,-1
360,408,982.62,563.48,25.31,25.84,0.98,4,-1,-1
360,434,1033.31,640.12,26.13,32.93,0.97,4,-1,-1
360,443,995.59,431.64,14.71,15.02,0.99,4,-1,-1
360,461,1038.80,551.04,20.80,22.21,0.99,4,-1,-1
360,475,976.01,456.40,15.57,16.38,0.98,4,-1,-1
360,484,954.35,438.19,14.49,15.07,0.99,4,-1,-1
360,493,978.69,400.98,12.14,13.24,0.90,4,-1,-1
360,499,770.62,824.45,49.70,70.31,0.95,4,-1,-1
360,511,946.16,510.41,8.89,15.82,0.80,1,-1,-1
360,431,995.52,646.21,19.69,26.32,0.96,7,-1,-1
360,516,1009.83,380.21,10.83,10.94,0.40,4,-1,-1
360,518,1022.85,417.18,10.88,11.40,0.71,4,-1,-1
360,519,1065.29,826.26,41.67,57.81,0.92,4,-1,-1
360,524,962.87,454.49,10.78,13.86,0.38,4,-1,-1
360,517,945.77,509.39,9.72,14.06,0.58,10,-1,-1
360,506,992.34,419.10,14.36,15.81,0.95,4,-1,-1
360,482,975.75,441.47,13.61,15.65,0.97,4,-1,-1
360,492,827.56,706.58,39.84,46.27,0.77,4,-1,-1
360,527,1012.57,436.90,10.85,12.83,0.95,4,-1,-1
360,450,945.79,542.64,18.13,26.45,0.96,7,-1,-1
360,533,721.41,925.11,49.42,62.68,0.77,4,-1,-1
360,534,921.50,566.22,10.85,19.29,0.65,2,-1,-1
360,535,994.42,421.27,13.26,14.46,0.66,4,-1,-1
