1,1,144.50,679.62,163.07,78.55,0.99,4,-1,-1
1,2,180.15,601.07,147.28,66.60,1.00,4,-1,-1
1,3,260.83,392.75,159.66,87.94,1.00,5,-1,-1
1,4,320.39,279.19,91.78,47.39,1.00,4,-1,-1
1,5,341.09,233.94,102.88,43.54,1.00,4,-1,-1
1,6,364.78,196.80,94.13,40.56,1.00,4,-1,-1
1,7,591.25,577.17,140.02,77.70,0.79,5,-1,-1
1,8,761.58,185.49,89.65,59.55,1.00,4,-1,-1
1,9,769.27,221.99,92.21,58.91,0.99,4,-1,-1
1,10,779.09,265.53,102.03,66.17,0.99,4,-1,-1
1,11,1029.68,512.70,124.65,83.67,1.00,4,-1,-1
1,12,1051.02,595.95,122.95,81.96,0.99,4,-1,-1
1,13,1185.07,99.89,90.50,42.05,1.00,4,-1,-1
1,14,1204.70,125.93,93.92,52.08,1.00,4,-1,-1
1,15,1249.96,189.22,95.62,49.20,0.99,4,-1,-1
1,16,1285.81,289.44,73.43,58.48,0.98,4,-1,-1
2,1,141.66,686.61,164.28,74.89,0.99,4,-1,-1
2,2,178.07,606.90,148.10,66.63,1.00,4,-1,-1
2,3,259.17,396.42,159.75,89.29,0.99,5,-1,-1
2,4,319.31,282.25,92.95,47.41,0.99,4,-1,-1
2,5,341.70,236.42,102.57,44.68,1.00,4,-1,-1
2,6,363.92,199.53,94.55,41.60,1.00,4,-1,-1
2,7,591.26,581.87,140.84,79.22,0.89,5,-1,-1
2,8,762.06,188.03,90.44,59.68,1.00,4,-1,-1
2,9,770.12,225.01,92.26,59.32,0.99,4,-1,-1
2,10,781.05,268.40,100.97,66.58,0.98,4,-1,-1
2,11,1030.67,517.75,126.21,84.46,1.00,4,-1,-1
2,12,1053.51,601.41,123.02,82.75,1.00,4,-1,-1
2,13,1186.89,102.49,92.03,42.81,1.00,4,-1,-1
2,14,1205.80,127.89,95.45,52.67,1.00,4,-1,-1
2,15,1251.82,192.14,95.68,49.14,0.99,4,-1,-1
2,16,1286.95,293.06,71.99,58.89,0.98,4,-1,-1
2,17,345.79,301.18,19.21,35.01,0.85,1,-1,-1
3,1,139.73,693.79,164.20,68.15,0.99,4,-1,-1
3,2,176.11,613.17,148.62,67.31,1.00,4,-1,-1
3,3,258.29,400.93,159.47,88.54,0.99,5,-1,-1
3,4,318.04,285.96,93.50,47.76,1.00,4,-1,-1
3,5,339.71,239.68,104.21,44.88,1.00,4,-1,-1
3,6,363.36,202.42,94.98,41.87,1.00,4,-1,-1
3,7,590.58,587.91,142.35,80.16,0.86,5,-1,-1
3,8,762.48,191.11,91.26,59.71,1.00,4,-1,-1
3,9,770.94,228.02,92.29,59.39,1.00,4,-1,-1
3,10,781.07,271.88,103.16,66.33,0.99,4,-1,-1
3,11,1032.26,523.15,127.83,84.61,1.00,4,-1,-1
3,12,1054.70,607.56,124.39,83.56,1.00,4,-1,-1
3,13,1187.98,104.70,92.32,42.62,0.99,4,-1,-1
3,14,1208.09,130.33,95.74,53.11,1.00,4,-1,-1
3,15,1254.25,195.09,95.71,49.46,0.98,4,-1,-1
3,16,1289.28,296.15,70.41,58.97,0.97,4,-1,-1
3,17,344.87,305.50,19.23,34.35,0.76,1,-1,-1
4,1,137.51,700.85,164.75,62.81,0.98,4,-1,-1
4,2,174.18,619.33,149.70,68.16,1.00,4,-1,-1
4,3,256.34,405.82,160.98,88.74,0.99,5,-1,-1
4,4,317.09,289.01,93.31,48.50,1.00,4,-1,-1
4,5,339.48,242.78,104.38,44.91,0.99,4,-1,-1
4,6,362.78,204.99,95.58,41.84,1.00,4,-1,-1
4,7,591.03,594.04,142.13,81.06,0.91,5,-1,-1
4,8,763.23,193.83,92.14,60.19,1.00,4,-1,-1
4,9,771.80,231.19,92.28,59.72,1.00,4,-1,-1
4,10,781.66,275.03,103.19,67.20,0.99,4,-1,-1
4,11,1034.59,527.78,127.00,86.58,1.00,4,-1,-1
4,12,1058.17,614.03,123.49,83.79,1.00,4,-1,-1
4,13,1189.45,106.69,92.36,42.21,0.99,4,-1,-1
4,14,1209.30,132.81,95.78,53.06,1.00,4,-1,-1
4,15,1256.13,198.10,95.70,49.23,0.98,4,-1,-1
4,16,1291.12,299.82,68.61,58.65,0.95,4,-1,-1
4,17,343.18,308.13,21.54,35.89,0.23,1,-1,-1
4,18,1104.81,0.04,90.50,18.09,0.60,4,-1,-1
5,1,135.46,708.47,165.07,56.18,0.93,4,-1,-1
5,2,171.51,626.04,150.88,68.42,1.00,4,-1,-1
5,3,254.83,410.47,161.76,88.97,0.97,5,-1,-1
5,4,315.74,292.78,94.16,48.74,1.00,4,-1,-1
5,5,338.21,246.27,104.70,44.91,1.00,4,-1,-1
5,6,362.32,208.17,95.43,41.19,1.00,4,-1,-1
5,7,590.55,601.08,143.26,81.32,0.62,5,-1,-1
5,8,763.76,196.53,92.39,61.21,1.00,4,-1,-1
5,9,772.36,234.10,92.26,60.45,1.00,4,-1,-1
5,10,782.45,279.03,104.40,67.17,0.98,4,-1,-1
5,11,1036.52,533.75,126.65,86.58,1.00,4,-1,-1
5,12,1060.46,620.58,124.42,83.83,1.00,4,-1,-1
5,13,1191.11,108.87,92.35,42.07,1.00,4,-1,-1
5,14,1211.48,135.30,95.76,53.19,1.00,4,-1,-1
5,15,1257.25,200.67,98.21,49.78,0.99,4,-1,-1
5,16,1294.14,303.69,65.53,57.90,0.95,4,-1,-1
5,17,342.35,310.79,21.70,36.71,0.30,1,-1,-1
5,18,1110.04,0.53,85.12,19.14,0.72,4,-1,-1
5,19,589.55,600.64,144.29,81.96,0.64,4,-1,-1
6,1,133.72,716.63,165.62,47.86,0.91,4,-1,-1
6,2,168.25,632.40,152.24,69.08,1.00,4,-1,-1
6,3,253.37,415.58,162.31,89.34,0.97,5,-1,-1
6,4,314.46,296.11,94.13,50.01,1.00,4,-1,-1
6,5,336.80,249.82,104.48,45.20,1.00,4,-1,-1
6,6,361.16,211.08,95.67,41.95,1.00,4,-1,-1
6,7,589.69,607.53,144.23,81.36,0.77,5,-1,-1
6,8,764.11,199.78,91.83,61.84,0.99,4,-1,-1
6,9,772.09,237.11,93.49,60.68,0.99,4,-1,-1
6,10,782.28,281.78,105.08,68.05,0.95,4,-1,-1
6,11,1036.99,539.53,128.98,87.13,1.00,4,-1,-1
6,12,1062.27,626.80,124.72,85.04,1.00,4,-1,-1
6,13,1193.31,111.80,92.33,42.18,0.99,4,-1,-1
6,14,1213.86,137.79,95.75,53.67,1.00,4,-1,-1
6,15,1259.26,203.69,96.62,49.96,0.98,4,-1,-1
6,16,1296.16,307.43,63.35,57.34,0.94,4,-1,-1
6,17,340.52,314.05,21.65,37.56,0.31,1,-1,-1
6,18,1115.07,0.63,80.03,20.94,0.86,4,-1,-1
7,1,131.76,723.87,163.88,40.44,0.57,4,-1,-1
7,2,164.84,640.10,153.01,69.26,1.00,4,-1,-1
7,3,250.37,421.07,163.41,89.73,0.99,5,-1,-1
7,4,312.24,300.26,94.42,49.83,1.00,4,-1,-1
7,5,334.21,253.29,105.30,45.27,1.00,4,-1,-1
7,6,358.94,214.57,95.76,41.97,1.00,4,-1,-1
7,7,588.28,614.26,145.17,81.91,0.62,5,-1,-1
7,8,763.59,202.62,92.23,61.43,1.00,4,-1,-1
7,9,771.97,240.30,93.34,61.33,1.00,4,-1,-1
7,10,781.60,284.72,105.62,69.23,0.99,4,-1,-1
7,11,1038.08,545.06,129.81,87.27,1.00,4,-1,-1
7,12,1063.82,633.05,124.85,85.43,1.00,4,-1,-1
7,13,1193.72,113.98,92.33,42.21,1.00,4,-1,-1
7,14,1213.72,139.80,96.95,53.97,1.00,4,-1,-1
7,15,1260.22,206.09,96.03,50.21,0.99,4,-1,-1
7,16,1297.74,310.73,61.50,56.25,0.90,4,-1,-1
7,17,337.97,318.97,21.30,36.59,0.70,1,-1,-1
7,18,1115.51,0.30,79.79,22.63,0.79,4,-1,-1
7,20,587.84,613.45,146.00,82.82,0.63,4,-1,-1
8,1,130.81,732.82,161.76,31.33,0.67,4,-1,-1
8,2,161.46,647.30,153.84,69.29,1.00,4,-1,-1
8,3,247.52,425.77,163.78,90.74,0.99,5,-1,-1
8,4,309.65,304.08,94.81,49.44,1.00,4,-1,-1
8,5,332.06,256.73,105.73,45.58,1.00,4,-1,-1
8,6,357.06,217.73,96.37,42.11,1.00,4,-1,-1
8,7,587.58,620.79,145.48,82.08,0.63,5,-1,-1
8,8,763.15,205.88,91.78,61.17,1.00,4,-1,-1
8,9,771.38,243.76,93.86,60.95,1.00,4,-1,-1
8,10,780.23,288.80,107.54,68.75,0.99,4,-1,-1
8,11,1039.08,551.15,131.26,87.29,1.00,4,-1,-1
8,12,1064.97,639.07,126.06,86.12,1.00,4,-1,-1
8,13,1194.45,115.52,92.33,42.95,1.00,4,-1,-1
8,14,1214.24,141.65,97.38,54.49,1.00,4,-1,-1
8,15,1261.13,208.72,95.82,50.37,0.99,4,-1,-1
8,16,1298.85,314.32,59.76,55.57,0.88,4,-1,-1
8,17,336.62,323.69,20.85,36.19,0.81,1,-1,-1
8,18,1115.52,0.05,79.82,24.52,0.94,4,-1,-1
9,1,129.80,738.54,160.07,25.38,0.58,4,-1,-1
9,2,158.02,654.10,155.52,70.52,1.00,4,-1,-1
9,3,245.50,431.49,165.01,90.30,0.99,5,-1,-1
9,4,308.20,308.11,95.20,49.90,0.99,4,-1,-1
9,5,331.09,260.35,105.41,45.73,1.00,4,-1,-1
9,6,356.04,220.91,96.86,42.28,1.00,4,-1,-1
9,7,587.94,628.15,145.51,82.18,0.72,5,-1,-1
9,8,763.76,209.00,92.15,62.06,0.99,4,-1,-1
9,9,771.91,247.17,94.01,61.42,1.00,4,-1,-1
9,10,781.91,293.61,106.45,68.01,0.97,4,-1,-1
9,11,1040.88,556.86,132.88,88.49,1.00,4,-1,-1
9,12,1067.33,646.18,126.45,86.41,1.00,4,-1,-1
9,13,1196.33,117.82,92.30,42.25,1.00,4,-1,-1
9,14,1216.62,144.87,97.49,54.43,1.00,4,-1,-1
9,15,1263.03,211.93,95.71,51.04,0.99,4,-1,-1
9,16,1301.34,318.29,56.80,55.39,0.90,4,-1,-1
9,17,335.16,328.51,20.35,35.45,0.78,1,-1,-1
9,18,1116.53,0.21,79.90,26.34,0.96,4,-1,-1
10,1,135.27,745.08,151.56,19.46,0.52,4,-1,-1
10,2,155.47,661.79,156.09,70.38,1.00,4,-1,-1
10,3,243.73,435.84,165.41,91.70,0.99,5,-1,-1
10,4,307.19,312.19,95.33,50.05,1.00,4,-1,-1
10,5,329.82,263.86,106.13,46.06,1.00,4,-1,-1
10,6,355.32,223.99,96.87,42.62,1.00,4,-1,-1
10,7,587.25,635.47,146.64,82.20,0.78,5,-1,-1
10,8,763.98,212.13,91.69,62.44,0.99,4,-1,-1
10,9,772.39,250.32,94.04,62.15,1.00,4,-1,-1
10,10,782.54,296.68,106.56,69.46,0.98,4,-1,-1
10,11,1043.19,563.04,132.28,89.49,0.99,4,-1,-1
10,12,1069.82,653.42,126.55,86.48,0.99,4,-1,-1
10,13,1198.09,120.18,92.28,42.41,1.00,4,-1,-1
10,14,1218.55,147.85,97.51,54.24,1.00,4,-1,-1
10,15,1265.94,214.96,93.34,51.06,0.99,4,-1,-1
10,16,1305.08,322.35,53.44,55.04,0.88,4,-1,-1
10,17,333.86,332.42,20.46,36.35,0.61,1,-1,-1
10,18,1118.58,0.26,78.74,27.65,0.99,4,-1,-1
10,21,1331.92,0.16,27.32,23.11,0.65,4,-1,-1
11,2,152.57,668.98,157.11,70.84,1.00,4,-1,-1
11,3,241.60,441.01,166.68,92.17,1.00,5,-1,-1
11,4,306.02,316.01,95.35,50.65,1.00,4,-1,-1
11,5,329.11,267.34,105.80,46.44,1.00,4,-1,-1
11,6,353.34,227.32,98.01,43.00,1.00,4,-1,-1
11,7,587.04,642.75,147.61,82.15,0.95,5,-1,-1
11,8,763.98,215.35,93.25,62.48,1.00,4,-1,-1
11,9,772.49,254.04,95.20,62.39,1.00,4,-1,-1
11,10,783.00,300.06,106.87,69.95,0.99,4,-1,-1
11,11,1045.67,569.57,132.01,89.80,1.00,4,-1,-1
11,12,1071.79,660.59,127.73,87.61,1.00,4,-1,-1
11,13,1200.27,123.51,92.27,41.73,1.00,4,-1,-1
11,14,1220.80,150.96,97.50,54.14,1.00,4,-1,-1
11,15,1267.98,218.05,91.29,51.25,0.98,4,-1,-1
11,16,1307.36,325.99,51.19,54.92,0.75,4,-1,-1
11,17,332.57,336.75,20.80,36.08,0.86,1,-1,-1
11,18,1119.07,0.14,79.57,29.49,0.99,4,-1,-1
11,21,1334.64,0.72,24.62,24.84,0.57,4,-1,-1
12,2,149.87,676.42,157.44,70.44,1.00,4,-1,-1
12,3,239.75,446.37,167.39,92.92,0.99,5,-1,-1
12,4,304.81,320.07,95.63,50.58,1.00,4,-1,-1
12,5,327.35,271.01,107.09,46.30,1.00,4,-1,-1
12,6,352.68,230.53,98.12,42.86,1.00,4,-1,-1
12,7,586.93,650.28,147.92,81.56,0.52,5,-1,-1
12,8,765.11,218.42,92.66,63.05,1.00,4,-1,-1
12,9,773.37,257.57,95.03,62.47,0.99,4,-1,-1
12,10,783.14,303.88,107.51,70.70,0.99,4,-1,-1
12,11,1047.62,576.06,133.01,90.48,1.00,4,-1,-1
12,12,1074.08,667.86,129.27,88.02,0.99,4,-1,-1
12,13,1201.00,126.35,93.39,42.21,1.00,4,-1,-1
12,14,1222.12,153.64,98.62,54.67,1.00,4,-1,-1
12,15,1269.76,221.29,88.21,51.60,0.98,4,-1,-1
12,16,1309.18,330.11,49.32,54.90,0.73,4,-1,-1
12,17,332.03,342.16,20.05,34.24,0.81,1,-1,-1
12,18,1120.36,0.05,79.89,31.24,0.99,4,-1,-1
12,21,1335.87,0.81,24.08,26.43,0.69,4,-1,-1
13,2,146.07,684.34,159.25,70.30,0.99,4,-1,-1
13,3,237.57,451.27,167.92,93.79,0.73,4,-1,-1
13,4,303.74,324.38,95.16,50.57,1.00,4,-1,-1
13,5,325.94,274.75,107.28,46.55,1.00,4,-1,-1
13,6,351.69,233.96,98.30,43.11,1.00,4,-1,-1
13,7,586.24,657.74,149.16,82.51,0.95,5,-1,-1
13,8,764.96,221.58,93.01,63.57,0.99,4,-1,-1
13,9,772.83,261.05,96.68,62.80,0.99,4,-1,-1
13,10,783.75,308.31,107.75,70.43,0.99,4,-1,-1
13,11,1049.99,582.65,133.37,90.74,1.00,4,-1,-1
13,12,1076.00,675.58,129.84,87.05,0.99,4,-1,-1
13,13,1203.03,128.64,94.96,43.84,1.00,4,-1,-1
13,14,1223.79,156.15,99.04,55.32,0.99,4,-1,-1
13,15,1272.18,224.45,85.96,52.04,0.98,4,-1,-1
13,16,1311.59,334.60,47.58,54.92,0.54,4,-1,-1
13,17,330.78,345.65,20.05,35.31,0.91,1,-1,-1
13,18,1122.04,-0.02,78.87,32.75,0.99,4,-1,-1
13,21,1338.06,0.67,21.16,27.71,0.69,4,-1,-1
13,22,236.71,451.23,169.48,93.92,0.91,5,-1,-1
14,2,143.51,691.61,160.16,69.64,0.99,4,-1,-1
14,3,235.55,457.53,169.21,93.50,0.99,5,-1,-1
14,4,301.94,328.62,96.67,51.39,1.00,4,-1,-1
14,5,324.71,278.37,108.47,46.90,1.00,4,-1,-1
14,6,350.75,237.06,99.05,43.47,1.00,4,-1,-1
14,7,585.81,665.37,149.58,82.82,0.85,5,-1,-1
14,8,765.19,225.10,93.69,63.44,1.00,4,-1,-1
14,9,773.49,264.25,96.70,64.02,0.99,4,-1,-1
14,10,784.85,312.28,108.08,70.85,1.00,4,-1,-1
14,11,1051.39,589.39,135.74,91.36,1.00,4,-1,-1
14,12,1078.92,683.27,130.02,82.05,0.99,4,-1,-1
14,13,1204.80,131.41,94.40,43.30,1.00,4,-1,-1
14,14,1225.99,158.85,99.16,55.54,1.00,4,-1,-1
14,15,1275.24,227.93,82.84,51.32,0.99,4,-1,-1
14,16,1315.26,338.51,43.47,54.64,0.44,4,-1,-1
14,17,329.62,349.30,21.49,36.26,0.36,1,-1,-1
14,18,1123.10,0.09,79.66,34.72,0.99,4,-1,-1
14,21,1339.75,0.55,18.97,29.91,0.58,4,-1,-1
15,2,139.77,700.08,161.61,65.36,0.98,4,-1,-1
15,3,233.51,463.68,169.97,93.35,0.98,5,-1,-1
15,4,300.09,332.48,97.81,51.67,1.00,4,-1,-1
15,5,323.92,282.29,108.34,46.73,1.00,4,-1,-1
15,6,350.19,240.93,98.05,43.30,1.00,4,-1,-1
15,7,584.77,672.77,151.43,82.92,0.85,5,-1,-1
15,8,766.03,228.52,93.94,63.66,1.00,4,-1,-1
15,9,774.50,267.96,96.14,64.18,1.00,4,-1,-1
15,10,784.88,315.99,109.06,71.56,0.99,4,-1,-1
15,11,1053.51,596.44,135.49,91.55,0.99,4,-1,-1
15,12,1081.62,691.23,130.07,74.87,0.99,4,-1,-1
15,13,1207.03,134.30,94.17,42.93,1.00,4,-1,-1
15,14,1228.37,162.06,99.21,55.31,1.00,4,-1,-1
15,15,1277.94,231.27,79.43,51.31,0.99,4,-1,-1
15,16,1317.56,343.13,40.96,54.26,0.65,4,-1,-1
15,17,327.32,353.92,21.19,36.04,0.33,1,-1,-1
15,18,1123.91,0.07,81.13,36.65,0.99,4,-1,-1
15,21,1340.69,0.36,18.48,30.64,0.37,4,-1,-1
16,2,136.76,708.09,162.26,57.88,0.98,4,-1,-1
16,3,230.68,469.20,171.63,94.42,0.98,5,-1,-1
16,4,298.59,337.06,97.65,51.21,1.00,4,-1,-1
16,5,322.40,285.92,109.11,47.22,1.00,4,-1,-1
16,6,348.74,244.27,99.22,43.51,1.00,4,-1,-1
16,7,584.08,680.98,152.09,80.67,0.90,5,-1,-1
16,8,766.32,231.86,94.59,64.30,1.00,4,-1,-1
16,9,774.84,271.68,97.04,64.51,1.00,4,-1,-1
16,10,785.42,320.40,109.40,71.53,1.00,4,-1,-1
16,11,1055.33,602.86,136.48,93.31,1.00,4,-1,-1
16,12,1083.63,699.40,131.20,66.91,0.99,4,-1,-1
16,13,1209.48,136.91,94.07,43.22,1.00,4,-1,-1
16,14,1230.30,165.14,99.21,55.22,1.00,4,-1,-1
16,15,1279.36,234.74,78.27,50.45,0.98,4,-1,-1
16,16,1320.61,346.75,37.79,53.56,0.39,4,-1,-1
16,17,325.48,358.50,21.62,36.24,0.77,1,-1,-1
16,18,1125.85,0.35,81.68,38.76,0.99,4,-1,-1
16,21,1342.18,0.41,17.10,31.98,0.61,4,-1,-1
17,2,134.73,716.82,161.61,49.13,0.94,4,-1,-1
17,3,228.42,475.04,171.94,94.25,0.99,5,-1,-1
17,4,296.81,341.61,98.99,52.16,1.00,4,-1,-1
17,5,320.74,289.56,109.38,48.26,1.00,4,-1,-1
17,6,347.25,248.10,99.50,43.88,1.00,4,-1,-1
17,7,582.69,688.91,153.44,75.78,0.56,5,-1,-1
17,8,766.41,236.13,94.82,63.96,1.00,4,-1,-1
17,9,774.68,275.81,97.36,64.34,0.99,4,-1,-1
17,10,786.17,324.34,109.50,72.35,0.99,4,-1,-1
17,11,1057.06,610.17,137.96,93.96,1.00,4,-1,-1
17,12,1085.98,707.92,131.60,58.10,0.98,4,-1,-1
17,13,1211.46,139.68,94.03,43.89,1.00,4,-1,-1
17,14,1232.09,168.01,100.32,55.82,1.00,4,-1,-1
17,15,1280.95,238.09,76.75,50.12,0.97,4,-1,-1
17,16,1322.72,351.12,35.64,54.75,0.17,4,-1,-1
17,17,323.71,363.04,22.06,36.31,0.87,1,-1,-1
17,18,1127.67,0.92,80.74,40.10,0.99,4,-1,-1
17,21,1343.83,1.09,15.46,32.74,0.39,4,-1,-1
18,2,131.52,725.34,162.65,40.54,0.90,4,-1,-1
18,3,226.57,480.58,172.07,95.26,1.00,5,-1,-1
18,4,294.38,345.26,99.78,53.32,1.00,4,-1,-1
18,5,318.90,293.71,109.50,48.05,1.00,4,-1,-1
18,6,345.31,251.33,100.33,44.26,1.00,4,-1,-1
18,7,581.93,696.76,154.53,69.23,0.72,5,-1,-1
18,8,766.62,239.53,95.49,64.65,0.99,4,-1,-1
18,9,775.37,279.72,97.50,64.52,1.00,4,-1,-1
18,10,786.09,328.46,110.41,72.90,0.99,4,-1,-1
18,11,1059.40,617.39,138.53,94.14,1.00,4,-1,-1
18,12,1087.45,715.83,132.89,50.25,0.95,4,-1,-1
18,13,1213.21,142.39,94.03,43.41,0.99,4,-1,-1
18,14,1234.33,170.96,99.63,55.80,1.00,4,-1,-1
18,15,1283.74,241.42,73.96,49.13,0.99,4,-1,-1
18,16,1325.15,355.37,33.85,54.91,0.20,4,-1,-1
18,17,322.13,366.81,22.51,36.90,0.75,1,-1,-1
18,18,1129.31,1.89,80.41,41.17,0.99,4,-1,-1
18,21,1346.76,0.85,12.46,33.42,0.32,4,-1,-1
18,23,1124.45,0.06,80.26,21.52,0.75,4,-1,-1
19,2,130.44,733.46,161.56,32.20,0.69,4,-1,-1
19,3,224.49,486.58,172.61,95.67,0.99,5,-1,-1
19,4,293.36,350.05,98.63,52.66,1.00,4,-1,-1
19,5,317.84,297.88,110.07,48.55,1.00,4,-1,-1
19,6,344.21,254.90,101.17,44.43,1.00,4,-1,-1
19,7,581.10,705.39,155.43,60.97,0.60,5,-1,-1
19,8,767.10,243.30,95.71,64.36,1.00,4,-1,-1
19,9,776.58,283.10,97.51,65.45,1.00,4,-1,-1
19,10,786.42,332.89,110.98,72.85,0.99,4,-1,-1
19,11,1061.90,624.52,138.68,94.79,0.99,4,-1,-1
19,12,1089.00,724.01,129.94,41.60,0.79,4,-1,-1
19,13,1214.48,144.93,96.28,43.96,1.00,4,-1,-1
19,14,1236.35,174.02,100.47,56.24,1.00,4,-1,-1
19,15,1285.91,244.89,71.83,48.20,0.99,4,-1,-1
19,16,1328.33,358.88,30.90,54.98,0.18,4,-1,-1
19,17,320.45,371.10,22.11,38.25,0.45,1,-1,-1
19,18,1130.61,3.68,81.42,41.55,0.99,4,-1,-1
19,21,1348.29,2.83,10.32,33.20,0.18,4,-1,-1
19,23,1125.61,0.47,80.34,22.90,0.83,4,-1,-1
20,2,127.97,740.52,162.37,24.64,0.46,4,-1,-1
20,3,221.99,492.56,173.90,95.78,0.98,5,-1,-1
20,4,291.50,354.66,99.87,53.22,1.00,4,-1,-1
20,5,316.51,301.85,110.54,48.43,1.00,4,-1,-1
20,6,343.00,258.50,101.47,44.75,1.00,4,-1,-1
20,7,579.42,713.02,157.99,53.24,0.34,4,-1,-1
20,8,767.78,246.94,95.20,64.50,0.99,4,-1,-1
20,9,776.40,287.28,98.06,65.20,1.00,4,-1,-1
20,10,787.34,337.46,110.89,73.07,0.99,4,-1,-1
20,11,1063.29,631.64,139.83,95.55,1.00,4,-1,-1
20,12,1092.30,732.06,117.34,32.65,0.47,4,-1,-1
20,13,1216.47,147.75,95.98,44.00,1.00,4,-1,-1
20,14,1238.62,177.16,100.76,56.59,1.00,4,-1,-1
20,15,1288.83,248.38,68.79,48.14,0.99,4,-1,-1
20,16,1331.01,363.46,27.58,56.43,0.22,4,-1,-1
20,17,318.76,376.48,22.22,37.63,0.27,1,-1,-1
20,18,1131.48,5.89,81.79,41.24,0.99,4,-1,-1
20,23,1127.17,0.76,81.68,25.53,0.93,4,-1,-1
21,2,128.90,747.25,158.47,17.43,0.17,4,-1,-1
21,3,219.83,499.32,174.35,95.80,0.99,5,-1,-1
21,4,289.72,358.98,100.60,53.42,1.00,4,-1,-1
21,5,314.92,305.37,111.27,48.66,1.00,4,-1,-1
21,6,342.01,262.19,100.99,44.87,0.99,4,-1,-1
21,7,580.46,721.25,157.79,44.56,0.13,5,-1,-1
21,8,768.00,250.51,95.56,64.83,0.99,4,-1,-1
21,9,776.29,290.92,99.39,65.66,0.99,4,-1,-1
21,10,787.64,341.36,111.39,73.99,0.99,4,-1,-1
21,11,1065.95,638.80,140.22,96.37,1.00,4,-1,-1
21,12,1094.54,739.11,104.22,25.09,0.12,4,-1,-1
21,13,1218.25,150.36,95.84,45.15,1.00,4,-1,-1
21,14,1240.50,180.37,100.86,56.36,1.00,4,-1,-1
21,15,1290.92,252.20,66.61,48.13,0.99,4,-1,-1
21,16,1334.21,366.96,24.13,58.94,0.21,4,-1,-1
21,17,317.60,381.66,21.69,36.52,0.90,1,-1,-1
21,18,1133.43,7.87,81.93,41.30,0.99,4,-1,-1
21,23,1128.77,0.65,82.09,27.52,0.96,4,-1,-1
22,3,216.41,505.08,176.74,96.35,0.98,5,-1,-1
22,4,287.67,363.73,100.57,53.19,1.00,4,-1,-1
22,5,313.22,309.57,112.08,49.01,1.00,4,-1,-1
22,6,340.24,265.90,101.64,45.18,0.99,4,-1,-1
22,7,580.00,730.42,157.66,34.90,0.18,5,-1,-1
22,8,768.00,253.88,95.68,65.50,1.00,4,-1,-1
22,9,777.01,294.87,99.02,66.38,1.00,4,-1,-1
22,10,787.95,346.09,111.84,74.03,0.99,4,-1,-1
22,11,1067.93,646.61,141.46,96.09,1.00,4,-1,-1
22,12,1098.15,747.36,87.52,17.30,0.13,4,-1,-1
22,13,1219.87,153.18,96.90,45.71,1.00,4,-1,-1
22,14,1242.71,182.99,100.87,57.18,0.99,4,-1,-1
22,15,1293.22,255.80,64.75,47.84,0.98,4,-1,-1
22,16,1336.89,369.70,21.96,59.32,0.17,4,-1,-1
22,17,316.35,386.02,21.48,36.95,0.93,1,-1,-1
22,18,1133.43,9.85,84.24,42.02,0.99,4,-1,-1
22,23,1129.07,0.49,83.44,29.74,0.94,4,-1,-1
23,3,213.81,510.96,177.69,97.13,0.99,5,-1,-1
23,4,287.37,368.30,99.69,53.11,0.99,4,-1,-1
23,5,311.06,313.65,112.65,49.44,1.00,4,-1,-1
23,6,338.91,269.67,102.30,45.02,1.00,4,-1,-1
23,8,768.02,257.71,96.85,65.76,0.99,4,-1,-1
23,9,777.02,299.19,99.71,66.37,1.00,4,-1,-1
23,10,788.36,350.57,112.28,74.61,0.99,4,-1,-1
23,11,1069.75,653.61,143.03,97.11,1.00,4,-1,-1
23,13,1221.64,156.37,97.30,44.94,1.00,4,-1,-1
23,14,1245.26,186.31,100.87,56.79,1.00,4,-1,-1
23,15,1295.20,259.35,63.00,47.75,0.97,4,-1,-1
23,17,313.79,389.45,23.11,38.81,0.84,1,-1,-1
23,18,1135.17,12.15,83.98,41.62,0.99,4,-1,-1
23,23,1130.40,0.37,82.63,31.18,0.96,4,-1,-1
24,3,211.72,517.55,178.17,97.38,0.98,5,-1,-1
24,4,284.38,372.60,101.34,53.90,1.00,4,-1,-1
24,5,309.20,317.50,113.71,49.84,1.00,4,-1,-1
24,6,337.63,273.41,102.54,45.50,1.00,4,-1,-1
24,8,767.76,260.82,97.86,66.96,0.99,4,-1,-1
24,9,777.05,302.47,100.54,67.75,0.99,4,-1,-1
24,10,788.83,354.60,112.72,75.08,0.99,4,-1,-1
24,11,1072.17,661.82,143.62,96.31,1.00,4,-1,-1
24,13,1223.37,158.96,98.57,44.90,1.00,4,-1,-1
24,14,1246.72,189.36,102.00,56.97,1.00,4,-1,-1
24,15,1297.60,262.66,60.12,48.00,0.98,4,-1,-1
24,17,311.81,395.13,22.89,38.66,0.48,1,-1,-1
24,18,1136.88,13.95,83.87,41.28,0.99,4,-1,-1
24,23,1131.36,0.21,83.51,33.18,0.98,4,-1,-1
24,24,598.94,1.73,13.66,29.64,0.66,1,-1,-1
24,25,636.93,0.48,14.51,31.16,0.60,1,-1,-1
25,3,209.51,523.27,178.92,98.63,0.96,5,-1,-1
25,4,282.48,376.96,101.93,53.93,0.99,4,-1,-1
25,5,308.01,321.30,113.51,50.02,1.00,4,-1,-1
25,6,335.81,277.19,103.45,45.42,1.00,4,-1,-1
25,8,767.68,264.75,98.77,66.86,0.99,4,-1,-1
25,9,776.78,306.19,101.66,68.28,0.99,4,-1,-1
25,10,788.99,359.14,113.98,74.98,0.99,4,-1,-1
25,11,1074.05,668.90,142.65,94.89,1.00,4,-1,-1
25,13,1225.69,161.95,97.90,45.05,0.99,4,-1,-1
25,14,1248.92,192.44,101.27,56.91,1.00,4,-1,-1
25,15,1300.14,266.27,57.99,47.83,0.98,4,-1,-1
25,17,310.13,399.61,22.77,39.01,0.90,1,-1,-1
25,18,1138.13,15.77,84.94,41.77,0.99,4,-1,-1
25,23,1132.31,0.23,83.79,34.85,0.98,4,-1,-1
25,24,598.82,3.25,13.68,30.01,0.65,1,-1,-1
25,25,636.51,1.18,14.53,32.39,0.67,1,-1,-1
25,26,615.16,0.19,12.81,30.18,0.65,1,-1,-1
26,3,206.51,529.32,179.97,98.52,0.71,5,-1,-1
26,4,281.48,381.98,101.58,53.93,1.00,4,-1,-1
26,5,306.43,325.97,112.29,50.07,1.00,4,-1,-1
26,6,333.98,280.59,104.63,46.22,1.00,4,-1,-1
26,8,768.72,268.48,98.55,66.24,0.99,4,-1,-1
26,9,776.91,310.25,102.36,68.74,0.99,4,-1,-1
26,10,789.56,363.92,113.89,74.93,0.99,4,-1,-1
26,11,1076.38,676.51,143.40,89.77,0.99,4,-1,-1
26,13,1227.05,165.24,98.76,45.66,0.99,4,-1,-1
26,14,1250.79,195.34,102.13,57.94,0.99,4,-1,-1
26,15,1302.11,270.26,56.16,46.92,0.95,4,-1,-1
26,17,308.23,403.96,23.29,39.28,0.93,1,-1,-1
26,18,1139.08,18.23,85.34,41.61,1.00,4,-1,-1
26,23,1133.73,0.92,83.88,36.12,0.99,4,-1,-1
26,24,598.74,5.19,12.36,29.39,0.61,1,-1,-1
26,25,636.05,1.22,14.54,34.28,0.70,1,-1,-1
26,26,615.02,1.81,12.14,29.69,0.76,1,-1,-1
26,27,205.55,529.78,181.43,97.33,0.80,5,-1,-1
27,3,204.06,534.92,180.15,100.13,0.94,5,-1,-1
27,4,279.45,386.01,102.54,55.60,1.00,4,-1,-1
27,5,304.60,329.34,113.77,50.92,1.00,4,-1,-1
27,6,332.89,284.34,104.20,46.23,1.00,4,-1,-1
27,8,768.01,272.49,99.55,66.26,0.99,4,-1,-1
27,9,776.97,313.94,102.59,69.17,0.99,4,-1,-1
27,10,789.79,367.58,114.37,76.15,0.99,4,-1,-1
27,11,1077.70,684.04,144.75,82.58,0.99,4,-1,-1
27,13,1229.12,167.86,97.93,46.02,1.00,4,-1,-1
27,14,1253.04,198.01,101.29,58.38,1.00,4,-1,-1
27,15,1303.81,273.52,54.42,47.15,0.96,4,-1,-1
27,17,307.54,408.43,22.63,39.08,0.81,1,-1,-1
27,18,1139.90,20.23,85.46,41.67,0.99,4,-1,-1
27,23,1134.72,1.47,83.87,37.67,0.99,4,-1,-1
27,24,599.55,7.39,11.92,29.05,0.71,1,-1,-1
27,25,636.31,1.79,13.86,35.67,0.72,1,-1,-1
27,26,615.01,3.55,12.68,29.86,0.81,1,-1,-1
27,28,602.35,4.56,11.95,30.15,0.61,1,-1,-1
28,3,200.85,541.63,181.83,99.61,0.87,5,-1,-1
28,4,277.46,390.75,102.34,54.83,1.00,4,-1,-1
28,5,303.37,333.56,113.77,50.67,1.00,4,-1,-1
28,6,331.94,288.01,104.03,45.94,1.00,4,-1,-1
28,8,768.89,274.99,99.37,67.69,1.00,4,-1,-1
28,9,777.02,317.60,103.79,69.88,0.99,4,-1,-1
28,10,789.61,372.05,115.40,76.19,0.99,4,-1,-1
28,11,1079.33,691.75,146.38,75.25,0.98,4,-1,-1
28,13,1231.05,170.77,98.74,45.59,1.00,4,-1,-1
28,14,1254.47,201.43,102.11,58.26,1.00,4,-1,-1
28,15,1306.77,277.30,51.54,46.68,0.97,4,-1,-1
28,17,305.06,413.49,22.66,38.86,0.90,1,-1,-1
28,18,1141.93,21.85,84.38,42.13,0.99,4,-1,-1
28,23,1135.68,3.06,85.01,38.19,0.98,4,-1,-1
28,24,599.12,9.51,11.83,29.12,0.80,1,-1,-1
28,25,636.44,4.36,13.65,34.79,0.75,1,-1,-1
28,26,615.07,4.95,12.19,30.14,0.84,1,-1,-1
28,28,602.24,6.37,11.97,30.22,0.62,1,-1,-1
28,29,199.57,541.73,183.99,98.19,0.81,5,-1,-1
28,30,604.49,3.87,11.10,30.58,0.67,1,-1,-1
29,3,198.88,547.38,182.37,100.47,0.71,5,-1,-1
29,4,275.65,395.11,102.53,54.62,1.00,4,-1,-1
29,5,302.55,337.88,113.18,50.25,1.00,4,-1,-1
29,6,330.21,291.28,104.23,46.65,1.00,4,-1,-1
29,8,768.03,278.98,100.41,67.06,0.99,4,-1,-1
29,9,777.82,321.16,103.96,70.11,0.99,4,-1,-1
29,10,790.05,376.19,116.34,76.85,0.99,4,-1,-1
29,11,1081.02,698.72,148.11,67.87,0.98,4,-1,-1
29,13,1232.15,173.22,100.17,45.24,1.00,4,-1,-1
29,14,1257.07,204.27,101.28,57.89,1.00,4,-1,-1
29,15,1308.80,280.09,49.44,47.06,0.95,4,-1,-1
29,17,303.22,418.09,22.67,39.04,0.85,1,-1,-1
29,18,1143.06,23.08,85.09,42.86,0.99,4,-1,-1
29,23,1136.96,4.12,85.42,38.42,0.98,4,-1,-1
29,24,598.26,11.26,12.46,29.16,0.81,1,-1,-1
29,25,636.40,7.41,13.60,33.65,0.52,1,-1,-1
29,26,614.71,6.44,12.66,30.98,0.84,1,-1,-1
29,28,604.10,6.91,11.32,29.72,0.66,1,-1,-1
29,29,198.65,547.56,182.81,99.60,0.57,4,-1,-1
29,31,465.32,-0.03,81.96,26.66,0.78,4,-1,-1
30,3,195.28,553.58,184.02,100.88,0.63,5,-1,-1
30,4,272.96,398.99,105.42,55.31,1.00,4,-1,-1
30,5,300.68,341.48,114.66,51.56,1.00,4,-1,-1
30,6,328.87,294.92,104.58,46.68,0.99,4,-1,-1
30,8,768.91,282.54,100.79,67.72,1.00,4,-1,-1
30,9,777.35,325.83,104.84,69.96,0.99,4,-1,-1
30,10,790.26,380.79,117.23,77.59,0.99,4,-1,-1
30,11,1082.69,706.60,148.73,60.04,0.98,4,-1,-1
30,13,1235.02,176.62,99.58,45.52,1.00,4,-1,-1
30,14,1258.81,207.61,99.82,58.09,1.00,4,-1,-1
30,15,1310.82,283.87,47.61,47.53,0.93,4,-1,-1
30,17,301.22,422.08,22.94,39.83,0.92,1,-1,-1
30,18,1144.88,25.66,85.36,42.37,0.99,4,-1,-1
30,23,1137.72,6.17,86.70,38.41,0.99,4,-1,-1
30,24,597.84,12.85,12.67,28.89,0.71,1,-1,-1
30,25,636.54,10.80,13.59,32.26,0.41,1,-1,-1
30,26,614.75,8.16,12.19,30.85,0.82,1,-1,-1
30,28,604.59,7.53,11.08,30.08,0.68,1,-1,-1
30,29,195.31,553.81,183.93,99.30,0.91,5,-1,-1
30,31,465.10,0.44,81.37,27.83,0.92,4,-1,-1
31,3,193.03,559.08,184.65,101.51,0.99,5,-1,-1
31,4,270.40,403.23,107.91,55.37,1.00,4,-1,-1
31,5,299.51,344.91,114.93,52.00,1.00,4,-1,-1
31,6,327.31,298.10,105.28,48.06,0.99,4,-1,-1
31,8,768.96,286.07,100.94,67.91,0.99,4,-1,-1
31,9,778.03,329.21,105.45,70.69,0.99,4,-1,-1
31,10,790.37,385.11,118.14,77.66,0.99,4,-1,-1
31,11,1085.09,713.75,150.08,51.92,0.97,4,-1,-1
31,13,1237.10,179.24,99.34,45.72,0.99,4,-1,-1
31,14,1260.45,210.12,98.14,58.33,1.00,4,-1,-1
31,15,1313.17,286.85,45.89,47.69,0.76,4,-1,-1
31,17,298.92,425.77,24.19,40.81,0.82,1,-1,-1
31,18,1145.39,27.28,85.46,42.13,0.99,4,-1,-1
31,23,1138.95,7.82,86.04,38.23,0.99,4,-1,-1
31,24,597.60,14.55,12.76,29.32,0.71,1,-1,-1
31,25,636.50,13.13,13.60,31.48,0.60,1,-1,-1
31,26,614.68,10.00,12.02,30.18,0.82,1,-1,-1
31,28,605.27,8.67,10.38,29.93,0.65,1,-1,-1
31,31,464.96,0.50,80.60,29.63,0.93,4,-1,-1
32,3,189.97,565.06,186.42,101.73,0.95,5,-1,-1
32,4,269.51,407.57,106.30,56.38,1.00,4,-1,-1
32,5,297.61,348.70,116.12,52.16,1.00,4,-1,-1
32,6,326.10,301.67,105.22,48.01,0.99,4,-1,-1
32,8,769.78,288.85,100.38,68.54,1.00,4,-1,-1
32,9,777.38,332.48,106.48,71.23,0.99,4,-1,-1
32,10,790.61,388.70,118.14,78.38,0.99,4,-1,-1
32,11,1086.90,720.98,146.02,44.47,0.95,4,-1,-1
32,13,1238.27,181.85,99.22,44.31,0.99,4,-1,-1
32,14,1262.58,212.68,96.35,58.77,1.00,4,-1,-1
32,15,1315.55,290.20,42.99,47.47,0.86,4,-1,-1
32,17,297.01,431.02,24.09,39.91,0.73,1,-1,-1
32,18,1146.59,28.91,85.47,41.99,0.99,4,-1,-1
32,23,1140.43,10.06,85.74,37.57,0.99,4,-1,-1
32,24,597.84,14.11,13.37,30.78,0.70,1,-1,-1
32,25,636.50,14.39,13.01,31.91,0.58,1,-1,-1
32,26,614.38,11.47,11.96,30.68,0.82,1,-1,-1
32,28,603.52,10.10,11.48,31.23,0.69,1,-1,-1
32,31,465.10,0.25,80.29,31.29,0.98,4,-1,-1
33,3,187.55,571.24,186.92,102.37,0.76,5,-1,-1
33,4,266.36,411.48,109.31,55.91,1.00,4,-1,-1
33,5,295.60,352.84,115.99,51.65,1.00,4,-1,-1
33,6,325.06,305.04,104.62,47.98,1.00,4,-1,-1
33,8,769.73,292.79,100.72,67.93,0.99,4,-1,-1
33,9,777.90,335.89,106.01,71.70,0.99,4,-1,-1
33,10,790.63,392.64,118.69,78.92,0.99,4,-1,-1
33,11,1088.00,728.19,135.29,36.64,0.70,4,-1,-1
33,13,1239.71,184.50,100.30,44.49,1.00,4,-1,-1
33,14,1263.80,215.94,95.70,58.44,1.00,4,-1,-1
33,15,1318.02,292.96,40.89,47.11,0.86,4,-1,-1
33,17,296.13,436.14,23.47,39.55,0.84,1,-1,-1
33,18,1147.50,30.63,86.60,42.06,0.99,4,-1,-1
33,23,1141.46,11.36,85.61,37.38,0.99,4,-1,-1
33,24,599.02,13.74,13.03,31.36,0.74,1,-1,-1
33,25,636.15,15.76,13.40,32.59,0.67,1,-1,-1
33,26,614.52,12.56,11.94,31.64,0.79,2,-1,-1
33,28,603.53,11.79,11.22,30.81,0.76,1,-1,-1
33,31,464.50,-0.02,79.56,33.09,0.98,4,-1,-1
33,32,187.41,571.19,186.98,102.46,0.70,5,-1,-1
33,33,592.96,4.47,12.81,32.14,0.63,1,-1,-1
33,34,595.52,7.44,12.81,36.05,0.63,1,-1,-1
33,35,597.23,18.52,12.81,28.66,0.79,1,-1,-1
33,36,614.31,13.03,11.95,30.30,0.82,1,-1,-1
34,3,185.06,577.03,187.54,102.57,0.94,5,-1,-1
34,4,264.17,415.51,110.41,56.41,1.00,4,-1,-1
34,5,293.40,356.28,117.32,52.28,1.00,4,-1,-1
34,6,323.07,308.20,106.07,48.51,0.99,4,-1,-1
34,8,769.98,295.99,100.83,68.23,0.99,4,-1,-1
34,9,778.38,339.58,106.07,71.85,0.99,4,-1,-1
34,10,790.63,396.37,119.42,79.23,0.99,4,-1,-1
34,11,1089.46,735.77,123.01,28.70,0.30,4,-1,-1
34,13,1240.69,186.37,101.81,45.68,0.99,4,-1,-1
34,14,1265.27,218.32,94.32,58.72,1.00,4,-1,-1
34,15,1319.92,296.40,39.07,46.96,0.84,4,-1,-1
34,17,293.24,439.33,25.50,40.54,0.76,1,-1,-1
34,18,1148.87,32.15,87.01,42.45,0.99,4,-1,-1
34,23,1142.87,12.72,85.54,37.78,0.99,4,-1,-1
34,24,597.75,18.19,12.89,29.85,0.72,1,-1,-1
34,25,635.73,16.15,13.54,33.78,0.76,1,-1,-1
34,26,614.29,14.29,11.93,30.98,0.76,1,-1,-1
34,28,603.24,13.36,11.12,31.04,0.70,1,-1,-1
34,31,463.40,0.05,81.21,34.33,0.99,4,-1,-1
35,3,181.68,582.99,188.95,103.21,0.69,5,-1,-1
35,4,261.96,419.73,111.65,56.32,1.00,4,-1,-1
35,5,292.02,360.00,117.54,52.52,1.00,4,-1,-1
35,6,321.63,311.98,106.33,48.43,1.00,4,-1,-1
35,8,770.06,299.24,101.43,68.91,1.00,4,-1,-1
35,9,778.83,343.29,106.37,72.18,1.00,4,-1,-1
35,10,790.89,401.49,119.40,78.93,0.99,4,-1,-1
35,11,1091.68,741.77,109.09,22.22,0.20,4,-1,-1
35,13,1242.72,189.16,101.25,46.00,1.00,4,-1,-1
35,14,1266.91,221.08,92.68,58.90,1.00,4,-1,-1
35,15,1321.70,299.91,37.34,47.78,0.86,4,-1,-1
35,17,290.91,443.79,25.69,40.34,0.64,1,-1,-1
35,18,1150.50,33.99,86.02,42.45,0.99,4,-1,-1
35,23,1143.96,14.26,85.51,38.02,0.99,4,-1,-1
35,24,596.42,20.51,13.41,30.38,0.62,1,-1,-1
35,25,635.58,17.74,13.60,34.16,0.64,1,-1,-1
35,26,613.91,15.91,11.93,31.07,0.83,1,-1,-1
35,28,603.14,14.44,11.09,31.80,0.63,1,-1,-1
35,31,462.73,0.35,81.78,35.29,0.98,4,-1,-1
35,37,181.32,583.14,188.80,103.31,0.66,5,-1,-1
35,38,589.97,4.54,12.81,33.48,0.61,1,-1,-1
35,39,633.94,7.51,11.95,32.99,0.73,1,-1,-1
36,3,177.36,588.84,190.29,104.06,0.96,5,-1,-1
36,4,259.59,424.36,111.85,56.87,1.00,4,-1,-1
36,5,289.41,364.29,117.64,52.63,1.00,4,-1,-1
36,6,318.86,315.86,107.31,48.14,0.99,4,-1,-1
36,8,769.85,302.13,101.68,69.77,1.00,4,-1,-1
36,9,778.75,347.07,106.22,72.34,0.99,4,-1,-1
36,10,791.02,405.81,119.42,79.26,0.99,4,-1,-1
36,11,1094.91,749.27,94.64,15.43,0.12,4,-1,-1
36,13,1244.26,191.70,101.06,46.50,1.00,4,-1,-1
36,14,1268.86,223.69,90.99,59.00,1.00,4,-1,-1
36,15,1323.66,303.67,35.66,47.54,0.86,4,-1,-1
36,17,289.06,449.65,24.64,40.28,0.76,1,-1,-1
36,18,1150.75,35.22,87.94,43.45,0.99,4,-1,-1
36,23,1145.13,15.72,85.52,38.10,0.99,4,-1,-1
36,24,595.38,21.43,14.17,30.80,0.54,1,-1,-1
36,25,634.69,18.14,13.62,35.19,0.70,1,-1,-1
36,26,612.64,17.60,12.51,31.62,0.70,1,-1,-1
36,28,601.94,15.47,11.66,32.30,0.69,1,-1,-1
36,31,461.89,0.57,82.00,36.86,0.97,4,-1,-1
36,38,589.11,6.14,13.51,34.14,0.70,1,-1,-1
36,39,633.13,9.31,12.65,36.57,0.70,1,-1,-1
36,40,612.17,18.12,12.81,31.27,0.92,2,-1,-1
37,3,173.67,595.33,191.56,104.82,0.80,5,-1,-1
37,4,256.24,429.22,112.70,56.59,1.00,4,-1,-1
37,5,286.77,368.07,118.48,53.45,1.00,4,-1,-1
37,6,317.25,319.37,106.78,48.24,1.00,4,-1,-1
37,8,768.50,306.23,101.74,68.61,1.00,4,-1,-1
37,9,776.34,351.06,107.54,72.31,0.99,4,-1,-1
37,10,789.83,409.53,120.22,80.01,0.99,4,-1,-1
37,13,1243.55,193.53,102.08,46.69,1.00,4,-1,-1
37,14,1268.87,225.59,90.37,59.53,1.00,4,-1,-1
37,15,1324.26,305.64,33.98,47.70,0.77,4,-1,-1
37,17,286.04,452.83,25.36,42.49,0.88,1,-1,-1
37,18,1150.12,36.46,88.63,44.12,0.99,4,-1,-1
37,23,1144.28,17.01,86.63,38.19,0.99,4,-1,-1
37,24,593.43,24.07,13.90,29.81,0.71,1,-1,-1
37,25,633.06,20.67,14.21,34.41,0.72,1,-1,-1
37,26,610.88,19.46,12.73,31.02,0.86,1,-1,-1
37,28,600.80,17.69,11.88,31.84,0.74,1,-1,-1
37,31,459.50,1.24,82.63,38.25,0.97,4,-1,-1
37,38,587.28,7.66,13.00,34.07,0.64,1,-1,-1
37,39,631.31,10.51,12.79,33.58,0.68,1,-1,-1
37,41,173.64,595.95,192.21,103.31,0.82,5,-1,-1
38,3,170.80,601.43,191.42,105.67,0.80,5,-1,-1
38,4,253.34,433.81,113.54,56.90,1.00,4,-1,-1
38,5,284.83,371.99,118.20,53.48,1.00,4,-1,-1
38,6,314.15,322.78,107.97,49.13,1.00,4,-1,-1
38,8,767.82,308.52,102.30,70.43,1.00,4,-1,-1
38,9,775.81,354.57,108.28,72.86,0.99,4,-1,-1
38,10,789.19,413.62,120.77,80.28,0.99,4,-1,-1
38,13,1243.88,196.34,102.44,46.91,1.00,4,-1,-1
38,14,1270.04,228.85,89.02,59.18,1.00,4,-1,-1
38,15,1324.44,308.91,33.50,47.20,0.80,4,-1,-1
38,17,282.69,458.03,25.33,41.64,0.75,1,-1,-1
38,18,1149.97,37.96,88.86,44.09,1.00,4,-1,-1
38,23,1144.04,18.33,87.02,38.67,0.99,4,-1,-1
38,24,592.31,26.68,13.21,29.23,0.78,1,-1,-1
38,25,631.77,23.64,14.43,33.22,0.64,1,-1,-1
38,26,609.83,21.38,12.81,31.08,0.85,1,-1,-1
38,28,599.69,19.77,11.38,31.34,0.66,1,-1,-1
38,31,457.67,2.73,82.27,38.74,0.99,4,-1,-1
38,38,585.33,9.25,12.81,33.23,0.73,1,-1,-1
38,39,629.68,12.58,13.48,34.05,0.51,1,-1,-1
39,3,166.45,607.73,193.59,105.98,0.68,5,-1,-1
39,4,250.37,438.32,114.12,57.73,1.00,4,-1,-1
39,5,280.52,376.13,119.77,53.48,1.00,4,-1,-1
39,6,311.51,326.45,108.41,49.18,0.99,4,-1,-1
39,8,766.48,312.49,102.51,69.99,0.99,4,-1,-1
39,9,774.82,358.14,108.83,73.06,0.99,4,-1,-1
39,10,789.00,417.25,120.97,80.95,0.99,4,-1,-1
39,13,1244.60,198.91,103.70,46.22,0.99,4,-1,-1
39,14,1270.49,231.65,88.56,59.04,1.00,4,-1,-1
39,15,1325.71,311.71,32.21,47.30,0.71,4,-1,-1
39,17,279.83,462.94,25.59,41.28,0.90,1,-1,-1
39,18,1149.95,40.09,87.82,43.43,0.99,4,-1,-1
39,23,1144.56,20.19,86.04,38.74,0.99,4,-1,-1
39,24,590.82,28.49,13.52,29.07,0.72,1,-1,-1
39,25,630.49,25.59,14.51,32.93,0.62,1,-1,-1
39,26,608.65,22.95,12.83,31.20,0.79,1,-1,-1
39,28,598.77,21.47,11.19,30.89,0.60,1,-1,-1
39,31,455.91,4.20,82.13,38.81,1.00,4,-1,-1
39,38,583.56,11.25,12.76,31.97,0.67,1,-1,-1
39,39,627.68,14.06,13.70,33.06,0.62,1,-1,-1
39,42,468.73,0.03,76.84,17.98,0.79,4,-1,-1
40,3,162.10,614.28,194.40,106.61,0.83,5,-1,-1
40,4,246.92,443.10,114.88,58.01,1.00,4,-1,-1
40,5,278.79,380.64,118.96,53.74,1.00,4,-1,-1
40,6,308.43,330.65,108.57,48.90,1.00,4,-1,-1
40,8,764.83,316.17,104.28,70.07,0.99,4,-1,-1
40,9,774.43,361.65,108.48,73.67,1.00,4,-1,-1
40,10,788.08,421.34,121.32,81.17,1.00,4,-1,-1
40,13,1244.81,201.02,103.04,46.79,0.99,4,-1,-1
40,14,1270.59,234.41,89.58,58.68,1.00,4,-1,-1
40,15,1326.09,314.72,31.86,47.33,0.72,4,-1,-1
40,17,277.25,467.28,25.69,41.71,0.66,1,-1,-1
40,18,1149.87,41.71,88.55,43.22,0.99,4,-1,-1
40,23,1144.68,21.62,85.66,39.00,1.00,4,-1,-1
40,24,589.36,30.65,13.64,28.22,0.78,1,-1,-1
40,25,629.40,28.03,14.54,32.09,0.78,1,-1,-1
40,26,607.02,24.58,12.85,31.02,0.88,1,-1,-1
40,28,597.52,23.24,11.12,30.55,0.69,1,-1,-1
40,31,454.08,6.33,82.07,38.68,0.99,4,-1,-1
40,38,582.37,13.30,12.13,30.66,0.66,1,-1,-1
40,39,626.38,15.71,13.76,31.00,0.62,1,-1,-1
40,42,466.83,0.45,77.59,18.57,0.58,4,-1,-1
41,3,157.34,621.48,195.28,106.79,0.87,5,-1,-1
41,4,242.28,448.53,115.74,57.52,1.00,4,-1,-1
41,5,274.23,384.98,119.22,53.95,1.00,4,-1,-1
41,6,303.90,334.59,109.77,49.32,1.00,4,-1,-1
41,8,762.81,318.67,103.85,71.20,1.00,4,-1,-1
41,9,772.06,365.35,108.35,73.87,1.00,4,-1,-1
41,10,785.79,425.66,121.76,81.07,0.99,4,-1,-1
41,13,1242.60,202.53,103.93,47.11,1.00,4,-1,-1
41,14,1269.49,235.87,90.01,59.10,1.00,4,-1,-1
41,15,1325.12,316.96,32.99,47.63,0.74,4,-1,-1
41,17,273.53,473.67,24.89,40.73,0.88,1,-1,-1
41,18,1148.09,42.39,87.70,43.49,0.99,4,-1,-1
41,23,1141.83,22.98,86.67,38.83,1.00,4,-1,-1
41,24,586.49,32.83,13.12,27.61,0.75,1,-1,-1
41,25,626.09,29.28,14.56,32.53,0.57,1,-1,-1
41,26,604.08,26.57,12.29,30.47,0.83,1,-1,-1
41,28,594.43,24.87,11.11,30.08,0.65,1,-1,-1
41,31,450.78,8.52,82.07,38.32,0.99,4,-1,-1
41,38,579.05,14.80,11.94,29.98,0.76,1,-1,-1
41,39,623.31,16.83,13.19,31.22,0.57,1,-1,-1
41,42,463.25,0.72,77.75,20.23,0.64,4,-1,-1
42,3,154.62,628.09,195.54,106.33,0.65,5,-1,-1
42,4,239.72,453.21,116.25,57.93,1.00,4,-1,-1
42,5,272.26,389.16,119.24,54.19,1.00,4,-1,-1
42,6,302.51,338.24,109.31,49.79,1.00,4,-1,-1
42,8,762.33,323.13,104.16,70.52,0.99,4,-1,-1
42,9,771.13,368.84,109.64,74.53,0.99,4,-1,-1
42,10,785.99,429.64,121.55,81.90,1.00,4,-1,-1
42,13,1243.61,204.95,104.20,47.55,0.99,4,-1,-1
42,14,1270.32,238.11,89.01,59.28,1.00,4,-1,-1
42,15,1325.93,319.77,32.24,47.75,0.60,4,-1,-1
42,17,269.28,477.30,26.83,42.63,0.84,1,-1,-1
42,18,1147.11,43.97,89.60,43.45,0.99,4,-1,-1
42,23,1141.03,24.43,88.13,38.51,0.99,4,-1,-1
42,24,585.61,34.83,12.33,27.51,0.89,1,-1,-1
42,25,625.02,31.22,14.55,32.48,0.81,1,-1,-1
42,26,603.16,28.29,12.06,30.64,0.88,1,-1,-1
42,28,593.46,27.08,10.52,29.41,0.76,1,-1,-1
42,31,449.22,10.41,82.59,37.69,0.99,4,-1,-1
42,38,577.99,16.62,11.87,29.61,0.74,1,-1,-1
42,39,621.75,18.66,12.94,32.12,0.61,1,-1,-1
42,42,462.22,0.64,77.74,22.69,0.84,4,-1,-1
42,43,584.42,21.26,11.95,38.50,0.65,1,-1,-1
43,3,150.80,634.73,197.83,105.65,0.70,5,-1,-1
43,4,237.33,457.73,115.88,58.12,1.00,4,-1,-1
43,5,270.81,393.36,120.12,54.74,1.00,4,-1,-1
43,6,300.73,342.10,109.14,49.44,1.00,4,-1,-1
43,8,762.11,327.39,104.29,70.57,0.99,4,-1,-1
43,9,771.30,372.45,109.28,75.37,1.00,4,-1,-1
43,10,785.44,433.87,122.89,82.67,0.99,4,-1,-1
43,13,1245.49,208.09,103.18,46.90,1.00,4,-1,-1
43,14,1272.12,241.48,87.52,59.66,1.00,4,-1,-1
43,15,1327.72,323.09,30.85,48.09,0.58,4,-1,-1
43,17,267.66,483.12,25.60,41.66,0.93,1,-1,-1
43,18,1148.82,46.10,89.19,43.46,0.99,4,-1,-1
43,23,1142.24,26.17,87.57,38.31,0.99,4,-1,-1
43,24,585.25,36.83,12.62,28.18,0.91,1,-1,-1
43,25,624.89,33.02,14.54,32.60,0.89,1,-1,-1
43,26,602.80,30.22,11.97,30.59,0.88,1,-1,-1
43,28,593.34,28.47,10.29,29.88,0.78,1,-1,-1
43,31,448.30,12.48,82.24,36.85,0.99,4,-1,-1
43,38,577.56,18.38,11.85,29.79,0.73,1,-1,-1
43,39,621.45,20.26,12.85,33.50,0.60,10,-1,-1
43,42,461.80,0.53,77.11,24.02,0.91,4,-1,-1
43,43,584.57,24.27,11.97,36.52,0.62,1,-1,-1
43,44,621.56,20.45,12.81,33.82,0.64,1,-1,-1
44,3,147.18,640.29,198.90,107.63,0.66,5,-1,-1
44,4,235.49,462.03,116.24,58.74,1.00,4,-1,-1
44,5,268.03,397.43,121.25,54.80,1.00,4,-1,-1
44,6,298.53,345.93,109.04,49.57,0.98,4,-1,-1
44,8,762.33,329.72,104.86,71.99,1.00,4,-1,-1
44,9,771.10,377.06,109.95,75.39,0.99,4,-1,-1
44,10,785.52,438.97,123.07,82.38,0.99,4,-1,-1
44,13,1246.66,211.30,103.89,46.43,1.00,4,-1,-1
44,14,1273.81,244.84,85.83,59.51,1.00,4,-1,-1
44,15,1329.38,326.55,29.22,48.78,0.36,4,-1,-1
44,17,265.85,487.92,25.93,42.40,0.90,1,-1,-1
44,18,1149.99,48.32,89.00,43.52,1.00,4,-1,-1
44,23,1143.22,28.28,87.32,38.23,1.00,4,-1,-1
44,24,584.65,38.17,12.72,28.78,0.84,1,-1,-1
44,25,624.93,34.85,13.96,32.68,0.84,1,-1,-1
44,26,602.46,32.30,11.94,30.97,0.87,1,-1,-1
44,28,592.81,30.07,10.79,30.89,0.81,1,-1,-1
44,31,447.24,14.13,83.21,37.63,0.99,4,-1,-1
44,38,576.93,20.26,11.86,29.95,0.64,1,-1,-1
44,39,621.15,22.31,12.81,33.92,0.72,1,-1,-1
44,42,461.17,0.53,76.88,25.67,0.83,4,-1,-1
44,43,583.63,23.95,12.63,36.99,0.64,1,-1,-1
44,45,146.75,639.49,199.04,108.43,0.62,4,-1,-1
45,3,143.47,646.66,201.81,108.30,0.70,5,-1,-1
45,4,232.94,466.85,116.93,59.50,1.00,4,-1,-1
45,5,265.38,401.75,123.37,55.20,0.99,4,-1,-1
45,6,296.78,349.32,110.13,51.00,0.99,4,-1,-1
45,8,762.11,333.12,105.08,72.48,1.00,4,-1,-1
45,9,772.42,380.75,108.79,75.91,1.00,4,-1,-1
45,10,786.11,443.38,123.13,82.78,0.99,4,-1,-1
45,13,1247.53,213.54,104.16,46.50,0.99,4,-1,-1
45,14,1274.87,247.54,84.09,59.43,1.00,4,-1,-1
45,15,1332.21,329.67,26.32,49.59,0.41,4,-1,-1
45,17,263.30,492.34,26.34,43.22,0.95,1,-1,-1
45,18,1150.27,49.72,90.06,43.94,0.99,4,-1,-1
45,23,1144.56,29.82,87.22,38.10,1.00,4,-1,-1
45,24,584.05,40.12,12.77,27.87,0.88,1,-1,-1
45,25,624.57,37.00,13.75,32.05,0.87,1,-1,-1
45,26,601.97,34.11,11.93,31.04,0.86,1,-1,-1
45,28,592.52,32.45,10.98,30.39,0.80,1,-1,-1
45,31,446.49,16.09,83.58,37.28,0.99,4,-1,-1
45,38,576.62,22.00,11.29,29.65,0.70,1,-1,-1
45,39,620.67,23.79,12.81,33.90,0.84,1,-1,-1
45,42,459.98,0.40,78.02,27.54,0.81,4,-1,-1
45,43,582.99,23.67,12.21,36.02,0.76,1,-1,-1
46,3,140.49,653.54,201.43,106.33,0.76,5,-1,-1
46,4,230.82,472.11,117.71,58.11,1.00,4,-1,-1
46,5,264.34,406.01,122.16,55.36,1.00,4,-1,-1
46,6,295.67,353.11,110.51,50.99,1.00,4,-1,-1
46,8,762.32,336.63,105.12,72.96,1.00,4,-1,-1
46,9,772.92,384.49,108.31,76.25,1.00,4,-1,-1
46,10,786.03,448.08,123.39,83.50,1.00,4,-1,-1
46,13,1249.50,216.19,104.22,48.24,0.99,4,-1,-1
46,14,1276.91,250.51,82.31,59.69,1.00,4,-1,-1
46,15,1334.29,333.07,24.15,49.89,0.28,4,-1,-1
46,17,261.73,498.01,25.35,42.41,0.87,1,-1,-1
46,18,1151.51,51.99,89.30,43.96,0.99,4,-1,-1
46,23,1145.64,31.64,88.29,38.14,0.99,4,-1,-1
46,24,583.66,41.95,12.78,28.17,0.86,1,-1,-1
46,25,624.54,38.82,13.66,32.28,0.88,1,-1,-1
46,26,601.90,35.83,11.92,31.20,0.86,1,-1,-1
46,28,592.81,34.73,10.48,29.81,0.81,1,-1,-1
46,31,446.08,17.48,83.69,38.00,0.99,4,-1,-1
46,38,576.04,23.68,11.67,30.25,0.79,1,-1,-1
46,39,620.33,25.77,12.80,33.76,0.86,1,-1,-1
46,42,458.82,0.29,79.59,29.42,0.81,4,-1,-1
46,43,582.63,22.87,12.02,37.22,0.76,1,-1,-1
47,3,136.04,660.38,203.73,102.74,0.56,5,-1,-1
47,4,228.74,476.41,118.27,59.86,1.00,4,-1,-1
47,5,262.25,410.22,122.53,55.15,1.00,4,-1,-1
47,6,293.27,357.30,110.93,50.43,1.00,4,-1,-1
47,8,762.41,339.90,105.70,73.71,1.00,4,-1,-1
47,9,773.40,388.55,108.42,76.39,1.00,4,-1,-1
47,10,786.28,452.78,123.77,83.79,1.00,4,-1,-1
47,13,1251.99,219.06,103.12,48.63,1.00,4,-1,-1
47,14,1278.27,253.91,81.71,58.95,1.00,4,-1,-1
47,17,259.86,503.32,25.54,42.09,0.75,1,-1,-1
47,18,1152.61,54.28,89.01,43.56,0.99,4,-1,-1
47,23,1146.69,33.46,87.57,38.08,0.99,4,-1,-1
47,24,583.54,43.94,12.78,28.59,0.82,1,-1,-1
47,25,624.27,40.53,14.20,32.44,0.85,1,-1,-1
47,26,601.61,37.61,11.92,31.38,0.83,1,-1,-1
47,28,592.36,36.28,10.87,30.23,0.80,1,-1,-1
47,31,445.37,18.96,84.31,38.11,0.98,4,-1,-1
47,38,575.86,25.17,11.23,30.56,0.70,1,-1,-1
47,39,619.37,27.51,13.37,33.22,0.73,1,-1,-1
47,42,458.99,0.12,79.01,30.78,0.88,4,-1,-1
47,43,582.25,24.25,11.96,37.18,0.71,1,-1,-1
48,3,134.58,667.08,202.67,98.47,0.32,5,-1,-1
48,4,226.36,480.78,119.31,60.48,1.00,4,-1,-1
48,5,259.13,414.44,124.92,55.46,1.00,4,-1,-1
48,6,291.57,360.81,111.37,51.32,1.00,4,-1,-1
48,8,762.43,343.86,105.92,74.24,0.99,4,-1,-1
48,9,771.86,392.79,111.29,76.69,1.00,4,-1,-1
48,10,786.37,457.23,123.91,84.42,0.99,4,-1,-1
48,13,1253.40,221.97,102.70,47.91,1.00,4,-1,-1
48,14,1280.40,257.16,79.23,58.37,0.99,4,-1,-1
48,17,256.85,506.92,27.02,44.23,0.95,1,-1,-1
48,18,1154.07,55.90,90.04,44.02,0.99,4,-1,-1
48,23,1147.55,35.22,87.29,37.66,0.99,4,-1,-1
48,24,582.89,45.43,12.79,28.17,0.78,1,-1,-1
48,25,623.84,42.25,14.41,32.50,0.91,1,-1,-1
48,26,600.89,39.26,12.50,31.54,0.87,1,-1,-1
48,28,592.15,38.36,11.01,30.23,0.77,1,-1,-1
48,31,444.51,21.01,84.53,38.17,0.99,4,-1,-1
48,38,575.18,27.01,11.67,30.95,0.76,1,-1,-1
48,39,618.97,29.54,13.02,33.34,0.66,1,-1,-1
48,42,458.18,0.23,79.93,32.51,0.94,4,-1,-1
48,43,581.80,25.97,11.34,36.76,0.65,1,-1,-1
49,3,131.70,674.09,203.98,91.68,0.91,5,-1,-1
49,4,223.85,485.56,119.40,60.14,1.00,4,-1,-1
49,5,257.32,418.48,125.24,55.71,1.00,4,-1,-1
49,6,289.59,365.03,112.08,51.07,0.99,4,-1,-1
49,8,762.13,347.67,106.55,73.86,0.99,4,-1,-1
49,9,772.65,395.99,110.39,78.33,1.00,4,-1,-1
49,10,786.08,461.76,125.36,85.20,0.99,4,-1,-1
49,13,1254.38,224.85,102.53,47.62,1.00,4,-1,-1
49,14,1282.22,259.58,77.20,59.00,0.99,4,-1,-1
49,17,255.08,512.80,25.91,43.35,0.94,1,-1,-1
49,18,1155.09,57.49,90.41,44.32,0.99,4,-1,-1
49,23,1148.34,36.94,88.31,38.13,1.00,4,-1,-1
49,24,582.63,46.88,12.79,29.08,0.73,1,-1,-1
49,25,623.38,43.95,14.49,32.68,0.88,1,-1,-1
49,26,600.33,40.83,12.71,31.73,0.88,1,-1,-1
49,28,591.77,41.15,11.07,29.64,0.75,1,-1,-1
49,31,443.63,22.80,85.17,37.89,0.99,4,-1,-1
49,38,574.64,28.32,11.82,31.23,0.52,1,-1,-1
49,39,618.82,31.88,12.88,33.03,0.63,1,-1,-1
49,42,457.59,0.29,80.26,33.91,0.93,4,-1,-1
49,43,581.05,24.22,12.34,37.71,0.24,1,-1,-1
49,46,600.22,40.82,11.95,31.38,0.64,1,-1,-1
50,3,128.52,680.41,204.35,85.10,0.87,5,-1,-1
50,4,221.27,490.56,120.53,59.99,1.00,4,-1,-1
50,5,255.00,422.65,126.17,56.08,1.00,4,-1,-1
50,6,287.19,368.44,113.18,50.97,1.00,4,-1,-1
50,8,762.26,351.24,106.77,74.26,1.00,4,-1,-1
50,9,772.64,400.15,110.31,78.10,0.99,4,-1,-1
50,10,786.22,466.96,125.60,83.80,0.99,4,-1,-1
50,13,1255.78,227.41,100.19,47.79,1.00,4,-1,-1
50,14,1283.93,262.67,75.35,59.23,0.99,4,-1,-1
50,17,252.78,517.10,26.02,43.55,0.94,1,-1,-1
50,18,1156.53,59.46,89.41,44.29,1.00,4,-1,-1
50,23,1149.70,38.40,87.56,38.87,0.99,4,-1,-1
50,24,582.54,48.59,12.22,29.41,0.62,1,-1,-1
50,25,622.91,45.99,14.51,32.66,0.82,1,-1,-1
50,26,599.82,42.73,12.79,31.26,0.72,1,-1,-1
50,28,591.34,42.61,10.52,29.79,0.58,1,-1,-1
50,31,442.47,24.22,85.96,38.07,0.99,4,-1,-1
50,38,575.00,30.01,11.31,31.11,0.34,1,-1,-1
50,39,617.91,33.61,13.40,33.31,0.51,1,-1,-1
50,42,456.25,0.66,81.51,35.48,0.98,4,-1,-1
50,43,579.35,28.00,12.10,34.94,0.33,1,-1,-1
51,3,125.79,686.57,204.97,79.28,0.84,5,-1,-1
51,4,219.11,494.89,120.66,61.07,1.00,4,-1,-1
51,5,252.51,426.96,127.08,56.22,1.00,4,-1,-1
51,6,285.08,372.19,113.59,51.50,1.00,4,-1,-1
51,8,762.10,354.64,107.41,74.97,1.00,4,-1,-1
51,9,772.70,404.76,110.84,78.00,1.00,4,-1,-1
51,10,786.33,471.67,125.69,84.39,0.98,4,-1,-1
51,13,1257.52,230.03,95.88,48.42,0.99,4,-1,-1
51,14,1284.60,265.34,74.74,59.61,0.99,4,-1,-1
51,17,250.58,522.57,26.63,43.06,0.87,1,-1,-1
51,18,1157.72,61.30,89.03,44.42,0.99,4,-1,-1
51,23,1150.86,39.88,87.27,39.15,0.99,4,-1,-1
51,24,582.28,50.08,12.59,29.75,0.57,1,-1,-1
51,25,622.51,47.63,15.09,32.66,0.88,1,-1,-1
51,26,599.70,44.70,12.26,31.07,0.77,1,-1,-1
51,28,591.23,44.12,10.89,29.91,0.59,1,-1,-1
51,31,441.53,25.65,86.26,38.15,0.98,4,-1,-1
51,38,574.64,30.93,11.71,32.12,0.31,1,-1,-1
51,39,617.64,34.46,13.59,34.56,0.43,1,-1,-1
51,42,454.96,1.52,81.97,36.30,0.97,4,-1,-1
51,43,578.79,34.33,12.00,31.98,0.34,1,-1,-1
52,3,124.89,693.43,205.44,71.92,0.68,5,-1,-1
52,4,216.96,499.68,120.40,60.88,1.00,4,-1,-1
52,5,250.50,431.34,127.39,56.38,1.00,4,-1,-1
52,6,282.64,375.81,115.13,52.24,1.00,4,-1,-1
52,8,761.67,358.66,107.64,74.93,1.00,4,-1,-1
52,9,772.64,408.66,111.02,78.91,1.00,4,-1,-1
52,10,786.02,475.71,125.98,85.71,0.99,4,-1,-1
52,13,1259.12,232.34,96.61,49.20,1.00,4,-1,-1
52,14,1285.80,268.23,73.41,59.74,0.99,4,-1,-1
52,17,248.27,528.63,26.01,41.72,0.88,1,-1,-1
52,18,1157.98,62.61,90.01,45.16,0.99,4,-1,-1
52,23,1150.55,41.48,89.43,39.38,1.00,4,-1,-1
52,24,581.27,51.87,12.72,29.38,0.71,1,-1,-1
52,25,622.29,49.76,14.75,32.23,0.92,1,-1,-1
52,26,599.30,46.64,12.05,30.63,0.79,1,-1,-1
52,28,590.27,45.78,11.02,30.02,0.73,1,-1,-1
52,31,440.85,27.36,85.79,38.14,0.99,4,-1,-1
52,38,574.44,32.91,11.28,32.49,0.39,1,-1,-1
52,39,616.91,36.41,13.66,34.58,0.77,1,-1,-1
52,42,454.71,2.56,81.55,36.01,0.98,4,-1,-1
52,43,578.54,37.81,11.97,30.90,0.45,1,-1,-1
52,47,1121.03,-0.06,81.96,19.99,0.75,4,-1,-1
53,3,120.72,699.80,207.39,65.32,0.21,5,-1,-1
53,4,214.54,504.21,121.71,61.41,0.99,4,-1,-1
53,5,248.29,435.16,128.08,57.04,1.00,4,-1,-1
53,6,281.68,379.48,114.88,52.27,1.00,4,-1,-1
53,8,761.71,362.00,108.29,75.65,1.00,4,-1,-1
53,9,772.52,412.53,111.39,79.43,1.00,4,-1,-1
53,10,786.36,480.62,126.38,85.68,0.99,4,-1,-1
53,13,1261.16,235.68,95.76,48.12,1.00,4,-1,-1
53,14,1287.70,271.65,71.83,59.53,0.99,4,-1,-1
53,17,245.93,532.49,26.05,43.52,0.97,1,-1,-1
53,18,1158.98,64.55,90.40,45.04,0.99,4,-1,-1
53,23,1152.47,43.90,89.12,38.37,0.99,4,-1,-1
53,24,581.09,53.69,12.77,29.09,0.69,1,-1,-1
53,25,622.13,51.73,14.61,32.01,0.91,1,-1,-1
53,26,599.08,48.03,11.97,30.55,0.69,1,-1,-1
53,28,590.11,47.53,11.07,30.14,0.72,1,-1,-1
53,31,440.21,29.05,85.62,37.90,0.98,4,-1,-1
53,38,573.99,32.64,12.28,33.28,0.49,1,-1,-1
53,39,616.29,38.06,13.68,34.83,0.67,1,-1,-1
53,42,453.96,3.65,81.96,36.39,0.99,4,-1,-1
53,43,577.80,39.45,11.95,30.63,0.38,1,-1,-1
53,47,1122.15,0.34,82.04,21.67,0.72,4,-1,-1
54,3,119.08,707.03,205.70,57.07,0.60,5,-1,-1
54,4,211.43,508.53,123.27,62.11,1.00,4,-1,-1
54,5,245.79,439.26,129.12,57.24,1.00,4,-1,-1
54,6,280.06,383.00,115.28,52.51,0.99,4,-1,-1
54,8,761.32,365.76,109.06,75.44,1.00,4,-1,-1
54,9,772.08,417.01,112.33,79.14,1.00,4,-1,-1
54,10,786.37,484.74,126.47,86.73,1.00,4,-1,-1
54,13,1262.09,238.34,95.44,48.52,1.00,4,-1,-1
54,14,1289.15,274.59,70.13,59.42,0.99,4,-1,-1
54,17,243.54,537.11,26.34,43.59,0.90,1,-1,-1
54,18,1159.56,66.47,90.51,45.27,0.99,4,-1,-1
54,23,1152.83,45.29,90.09,39.22,0.99,4,-1,-1
54,24,580.67,55.63,12.79,29.40,0.79,1,-1,-1
54,25,621.70,53.65,14.55,32.11,0.91,1,-1,-1
54,26,598.34,50.06,12.51,30.17,0.73,1,-1,-1
54,28,589.69,49.39,11.09,30.11,0.80,1,-1,-1
54,31,439.69,30.89,85.51,37.67,0.99,4,-1,-1
54,38,573.48,34.97,12.08,32.12,0.38,1,-1,-1
54,39,615.12,40.02,13.69,34.62,0.76,1,-1,-1
54,42,453.66,6.06,80.94,35.89,0.97,4,-1,-1
54,43,578.04,43.88,11.95,29.74,0.52,1,-1,-1
54,47,1123.56,0.58,82.05,23.29,0.85,4,-1,-1
54,48,467.03,-0.05,78.55,15.60,0.68,4,-1,-1
54,49,598.08,49.95,12.81,30.31,0.90,2,-1,-1
55,3,115.76,715.09,206.85,48.92,0.71,5,-1,-1
55,4,209.00,513.18,123.88,62.37,1.00,4,-1,-1
55,5,243.44,443.53,129.52,57.30,1.00,4,-1,-1
55,6,276.76,386.76,117.42,53.15,0.99,4,-1,-1
55,8,760.79,368.99,109.37,76.48,1.00,4,-1,-1
55,9,772.09,420.65,112.43,80.00,1.00,4,-1,-1
55,10,785.72,489.22,127.67,87.68,0.99,4,-1,-1
55,13,1263.52,240.79,93.09,48.94,1.00,4,-1,-1
55,14,1290.20,277.00,69.60,59.94,0.99,4,-1,-1
55,17,240.97,542.43,26.74,43.62,0.91,1,-1,-1
55,18,1160.26,68.13,91.70,45.39,0.99,4,-1,-1
55,23,1154.01,46.98,90.48,40.10,0.99,4,-1,-1
55,24,579.76,56.85,13.37,29.88,0.80,1,-1,-1
55,25,621.09,55.39,14.54,32.03,0.90,1,-1,-1
55,26,597.89,51.73,12.16,30.54,0.88,1,-1,-1
55,28,589.06,51.18,11.10,30.24,0.78,1,-1,-1
55,31,438.72,32.53,86.06,37.66,0.99,4,-1,-1
55,38,573.10,35.74,12.00,32.49,0.38,1,-1,-1
55,39,613.95,41.56,13.70,33.77,0.84,1,-1,-1
55,42,452.79,8.08,80.56,35.23,0.99,4,-1,-1
55,43,577.11,45.76,11.95,29.82,0.68,1,-1,-1
55,47,1124.51,0.31,82.03,25.00,0.92,4,-1,-1
55,48,465.99,0.36,79.30,16.29,0.79,4,-1,-1
55,50,579.73,49.73,11.95,33.51,0.73,1,-1,-1
56,3,117.96,720.97,203.57,43.50,0.68,5,-1,-1
56,4,206.73,518.11,123.52,61.89,1.00,4,-1,-1
56,5,241.48,447.50,129.64,57.88,1.00,4,-1,-1
56,6,275.69,390.70,115.97,52.69,1.00,4,-1,-1
56,8,760.97,372.61,108.90,76.29,1.00,4,-1,-1
56,9,772.19,424.70,112.44,80.32,0.99,4,-1,-1
56,10,785.28,493.57,128.38,88.02,0.99,4,-1,-1
56,13,1265.22,243.05,91.07,50.79,0.99,4,-1,-1
56,14,1291.76,279.95,67.14,59.29,0.99,4,-1,-1
56,17,238.35,546.19,27.45,44.75,0.98,1,-1,-1
56,18,1161.71,69.81,92.14,45.46,0.99,4,-1,-1
56,23,1155.65,48.68,89.48,40.19,1.00,4,-1,-1
56,24,579.83,58.69,13.03,29.63,0.80,1,-1,-1
56,25,620.98,56.73,14.53,32.43,0.87,1,-1,-1
56,26,597.57,53.38,12.02,30.52,0.83,1,-1,-1
56,28,588.96,53.13,10.54,30.01,0.71,1,-1,-1
56,31,437.95,34.40,86.25,37.48,0.99,4,-1,-1
56,38,572.24,36.24,12.54,32.66,0.36,1,-1,-1
56,39,613.36,43.10,13.69,34.16,0.82,1,-1,-1
56,42,452.33,9.80,80.98,34.86,0.99,4,-1,-1
56,43,576.91,47.05,11.38,30.39,0.57,1,-1,-1
56,47,1124.79,0.14,83.30,26.44,0.92,4,-1,-1
56,48,465.80,0.52,78.80,17.05,0.91,4,-1,-1
56,50,579.20,51.52,11.97,33.65,0.62,1,-1,-1
57,3,120.45,728.42,198.55,35.69,0.57,5,-1,-1
57,4,204.21,522.54,124.73,62.25,1.00,4,-1,-1
57,5,239.35,451.59,129.92,58.09,1.00,4,-1,-1
57,6,274.60,394.26,115.35,53.34,0.99,4,-1,-1
57,8,760.74,376.07,109.81,76.76,1.00,4,-1,-1
57,9,771.64,428.42,113.54,80.54,1.00,4,-1,-1
57,10,785.37,498.36,128.32,88.12,0.98,4,-1,-1
57,13,1266.23,245.64,89.20,49.80,1.00,4,-1,-1
57,14,1292.72,283.07,66.28,59.03,0.98,4,-1,-1
57,17,236.12,551.57,27.71,44.04,0.95,1,-1,-1
57,18,1162.12,71.40,92.27,45.33,1.00,4,-1,-1
57,23,1156.13,50.48,90.20,39.73,0.99,4,-1,-1
57,24,579.62,60.83,12.32,28.89,0.84,1,-1,-1
57,25,620.40,58.14,13.95,32.50,0.92,1,-1,-1
57,26,597.49,54.66,11.96,30.86,0.90,1,-1,-1
57,28,588.67,55.02,10.32,29.48,0.72,1,-1,-1
57,31,437.17,36.00,86.86,37.77,0.99,4,-1,-1
57,38,572.23,37.31,12.73,32.78,0.55,1,-1,-1
57,39,613.18,45.09,13.12,33.23,0.89,1,-1,-1
57,42,451.66,11.03,81.68,35.36,0.99,4,-1,-1
57,43,574.85,44.83,11.75,31.12,0.52,1,-1,-1
57,47,1125.37,0.11,83.69,27.79,0.93,4,-1,-1
57,48,465.60,0.40,78.58,19.13,0.94,4,-1,-1
57,50,577.75,49.71,11.97,33.08,0.47,1,-1,-1
58,3,126.78,734.10,189.23,29.84,0.34,5,-1,-1
58,4,201.70,526.85,125.18,62.97,1.00,4,-1,-1
58,5,237.27,455.51,130.58,58.18,1.00,4,-1,-1
58,6,271.92,398.40,116.53,52.62,1.00,4,-1,-1
58,8,760.40,379.55,110.15,77.24,1.00,4,-1,-1
58,9,771.17,432.43,114.24,81.07,1.00,4,-1,-1
58,10,784.85,502.62,128.85,89.30,0.99,4,-1,-1
58,13,1267.84,249.03,87.40,48.28,1.00,4,-1,-1
58,14,1294.30,286.51,64.87,58.39,0.97,4,-1,-1
58,17,233.85,556.82,27.24,43.77,0.95,1,-1,-1
58,18,1163.52,73.51,92.32,45.20,0.99,4,-1,-1
58,23,1157.56,52.11,89.35,39.64,1.00,4,-1,-1
58,24,579.31,62.52,12.63,28.90,0.77,1,-1,-1
58,25,619.38,60.34,14.31,31.90,0.97,1,-1,-1
58,26,596.95,56.45,11.94,30.78,0.88,1,-1,-1
58,28,588.04,56.76,10.24,29.44,0.74,1,-1,-1
58,31,436.36,37.79,87.09,37.12,0.99,4,-1,-1
58,38,572.01,38.03,12.80,33.91,0.51,1,-1,-1
58,39,612.62,47.13,12.90,32.17,0.90,1,-1,-1
58,42,450.33,12.92,82.51,34.86,0.98,4,-1,-1
58,43,574.46,47.57,11.31,30.13,0.51,1,-1,-1
58,47,1126.85,0.17,82.61,29.23,0.93,4,-1,-1
58,48,465.28,0.30,77.88,20.28,0.91,4,-1,-1
58,50,576.40,51.04,11.29,30.53,0.63,1,-1,-1
59,3,125.51,738.23,185.48,24.57,0.22,5,-1,-1
59,4,199.15,531.68,125.62,63.21,1.00,4,-1,-1
59,5,234.72,459.64,131.37,58.18,1.00,4,-1,-1
59,6,270.12,401.07,116.68,54.44,1.00,4,-1,-1
59,8,760.23,383.04,110.27,77.80,1.00,4,-1,-1
59,9,771.23,436.23,114.21,81.23,1.00,4,-1,-1
59,10,784.62,506.78,129.61,89.71,0.99,4,-1,-1
59,13,1268.85,251.31,85.64,48.54,0.99,4,-1,-1
59,14,1295.89,288.94,63.26,58.42,0.95,4,-1,-1
59,17,231.11,561.13,27.62,44.79,0.94,1,-1,-1
59,18,1164.46,75.02,92.33,45.62,0.99,4,-1,-1
59,23,1157.94,53.00,90.15,40.27,1.00,4,-1,-1
59,24,578.84,64.35,12.17,28.62,0.81,1,-1,-1
59,25,619.21,62.32,13.88,31.53,0.96,1,-1,-1
59,26,596.67,58.12,11.37,30.75,0.85,1,-1,-1
59,28,586.88,58.11,10.79,29.92,0.76,1,-1,-1
59,31,435.58,39.16,87.60,37.42,0.99,4,-1,-1
59,38,571.01,39.07,13.39,33.37,0.63,1,-1,-1
59,39,611.78,48.33,12.82,32.14,0.88,1,-1,-1
59,42,449.21,14.11,83.38,35.52,0.96,4,-1,-1
59,43,573.98,50.19,11.72,29.91,0.56,1,-1,-1
59,47,1127.21,-0.11,83.39,30.84,0.97,4,-1,-1
59,48,464.82,0.22,77.66,22.13,0.87,4,-1,-1
59,50,575.68,52.39,11.09,30.70,0.76,1,-1,-1
59,51,580.58,59.87,13.66,31.16,0.62,1,-1,-1
59,52,611.74,47.81,12.81,32.34,0.78,10,-1,-1
60,4,196.24,535.87,126.09,63.85,1.00,4,-1,-1
60,5,232.43,463.03,131.91,59.30,1.00,4,-1,-1
60,6,268.38,405.34,116.42,53.71,1.00,4,-1,-1
60,8,759.68,386.66,111.41,78.14,1.00,4,-1,-1
60,9,771.05,440.10,115.01,81.84,1.00,4,-1,-1
60,10,784.33,511.31,130.70,90.40,0.99,4,-1,-1
60,13,1270.32,254.13,85.03,48.64,1.00,4,-1,-1
60,14,1297.57,291.66,61.56,58.71,0.98,4,-1,-1
60,17,228.47,565.96,27.75,44.60,0.89,1,-1,-1
60,18,1164.81,76.97,93.44,45.56,1.00,4,-1,-1
60,23,1158.64,54.70,90.43,40.17,0.99,4,-1,-1
60,24,578.22,66.40,12.00,28.51,0.85,1,-1,-1
60,25,618.99,63.96,13.71,32.03,0.94,1,-1,-1
60,26,595.83,59.92,11.73,31.58,0.83,1,-1,-1
60,28,586.29,59.73,10.99,30.45,0.73,1,-1,-1
60,31,435.30,41.04,87.34,37.32,0.99,4,-1,-1
60,38,570.48,40.71,13.61,33.36,0.50,1,-1,-1
60,39,611.31,49.51,12.79,33.63,0.88,1,-1,-1
60,42,448.66,15.76,83.12,35.29,0.98,4,-1,-1
60,43,573.09,50.87,11.87,30.42,0.48,1,-1,-1
60,47,1127.34,-0.05,83.65,32.02,0.97,4,-1,-1
60,48,463.59,0.24,78.20,23.02,0.93,4,-1,-1
60,50,575.29,54.00,11.03,31.17,0.54,1,-1,-1
60,52,611.63,49.53,12.13,33.73,0.52,1,-1,-1
61,4,194.12,540.66,126.68,64.10,1.00,4,-1,-1
61,5,230.12,466.97,132.39,59.73,1.00,4,-1,-1
61,6,266.27,408.93,117.17,53.84,1.00,4,-1,-1
61,8,759.43,390.43,111.84,77.98,1.00,4,-1,-1
61,9,770.65,443.96,115.59,82.63,1.00,4,-1,-1
61,10,784.17,515.41,131.11,91.22,0.99,4,-1,-1
61,13,1270.83,256.64,86.02,50.09,0.99,4,-1,-1
61,14,1299.31,294.98,59.85,58.27,0.95,4,-1,-1
61,17,226.31,570.43,27.23,45.65,0.98,1,-1,-1
61,18,1166.05,78.67,92.74,45.96,0.99,4,-1,-1
61,23,1158.89,56.10,91.67,40.55,0.99,4,-1,-1
61,24,577.38,68.08,12.51,28.34,0.82,1,-1,-1
61,25,618.30,66.06,13.65,31.44,0.89,1,-1,-1
61,26,594.91,61.55,11.86,31.69,0.82,1,-1,-1
61,28,586.03,61.95,10.51,29.46,0.79,1,-1,-1
61,31,434.59,42.44,87.24,37.71,0.99,4,-1,-1
61,38,569.95,42.56,13.69,32.93,0.55,1,-1,-1
61,39,611.11,50.52,12.78,32.44,0.55,1,-1,-1
61,42,448.41,17.30,83.02,34.99,0.99,4,-1,-1
61,43,573.28,52.82,11.92,30.54,0.50,1,-1,-1
61,47,1128.52,-0.01,83.74,33.14,0.97,4,-1,-1
61,48,462.82,0.15,79.00,24.43,0.93,4,-1,-1
61,50,574.85,55.25,12.25,33.48,0.51,1,-1,-1
61,52,610.89,50.64,12.67,33.53,0.81,1,-1,-1
62,4,191.75,546.03,126.96,63.60,1.00,4,-1,-1
62,5,227.74,471.18,132.84,59.86,1.00,4,-1,-1
62,6,263.38,413.01,118.58,53.87,0.99,4,-1,-1
62,8,759.30,393.97,111.44,78.46,1.00,4,-1,-1
62,9,770.47,448.07,115.81,82.90,1.00,4,-1,-1
62,10,784.09,520.16,131.26,90.94,0.98,4,-1,-1
62,13,1272.64,259.10,84.14,50.07,1.00,4,-1,-1
62,14,1301.00,298.16,58.13,57.81,0.94,4,-1,-1
62,17,223.44,575.09,28.17,46.04,0.97,1,-1,-1
62,18,1166.99,80.23,92.46,46.24,0.98,4,-1,-1
62,23,1159.44,57.91,92.13,41.17,0.99,4,-1,-1
62,24,576.15,69.70,13.27,28.99,0.83,1,-1,-1
62,25,617.69,67.76,14.21,31.72,0.94,1,-1,-1
62,26,594.22,62.98,11.92,31.65,0.82,1,-1,-1
62,28,585.58,63.32,10.32,29.36,0.73,1,-1,-1
62,31,433.41,43.97,87.77,37.55,0.99,4,-1,-1
62,38,569.40,43.85,14.28,33.40,0.61,1,-1,-1
62,39,609.83,51.53,13.36,33.40,0.76,1,-1,-1
62,42,447.69,18.99,82.97,34.30,0.94,4,-1,-1
62,43,572.16,54.95,11.95,29.89,0.42,1,-1,-1
62,47,1128.84,-0.05,83.77,34.57,0.98,4,-1,-1
62,48,462.19,0.09,78.71,25.85,0.98,4,-1,-1
62,50,574.62,57.24,12.10,34.58,0.54,1,-1,-1
62,52,610.00,52.24,12.85,32.85,0.51,1,-1,-1
63,4,188.89,550.36,127.81,63.98,1.00,4,-1,-1
63,5,225.64,475.67,132.98,59.35,1.00,4,-1,-1
63,6,261.65,416.63,118.24,53.89,1.00,4,-1,-1
63,8,758.97,397.30,111.82,78.78,1.00,4,-1,-1
63,9,770.11,452.03,116.14,83.56,1.00,4,-1,-1
63,10,783.19,524.34,132.13,91.95,0.98,4,-1,-1
63,13,1273.82,261.99,82.32,51.19,1.00,4,-1,-1
63,14,1302.12,301.31,56.41,57.08,0.97,4,-1,-1
63,17,221.29,581.41,27.67,44.50,0.96,1,-1,-1
63,18,1168.45,82.41,92.34,45.68,0.99,4,-1,-1
63,23,1160.77,60.01,91.16,40.43,1.00,4,-1,-1
63,24,575.73,71.59,13.55,29.23,0.62,1,-1,-1
63,25,616.95,69.36,14.97,31.83,0.93,1,-1,-1
63,26,593.44,64.59,11.94,31.14,0.77,1,-1,-1
63,28,585.47,64.87,10.25,29.47,0.65,1,-1,-1
63,31,432.47,45.46,87.95,37.85,0.99,4,-1,-1
63,38,569.23,44.93,13.94,33.86,0.70,1,-1,-1
63,39,608.57,53.01,13.56,33.18,0.82,1,-1,-1
63,42,446.35,20.40,84.64,35.02,0.92,4,-1,-1
63,47,1130.10,0.00,82.62,36.03,0.98,4,-1,-1
63,48,460.87,0.07,79.76,27.69,0.98,4,-1,-1
63,50,573.18,57.97,12.02,31.76,0.60,1,-1,-1
64,4,186.11,555.11,128.16,64.12,1.00,4,-1,-1
64,5,223.23,479.66,133.55,59.72,1.00,4,-1,-1
64,6,258.38,420.45,120.05,53.48,1.00,4,-1,-1
64,8,758.24,400.96,112.49,78.90,1.00,4,-1,-1
64,9,769.35,455.91,116.23,83.81,1.00,4,-1,-1
64,10,782.78,528.56,132.42,92.88,0.98,4,-1,-1
64,13,1274.71,265.03,81.68,50.49,1.00,4,-1,-1
64,14,1303.55,303.58,54.67,58.53,0.97,4,-1,-1
64,17,218.57,585.77,28.03,45.60,0.98,1,-1,-1
64,18,1168.36,84.03,93.41,46.04,0.99,4,-1,-1
64,23,1161.20,61.86,91.90,40.78,0.99,4,-1,-1
64,24,574.76,73.61,13.65,29.04,0.72,1,-1,-1
64,25,616.13,70.71,15.25,31.87,0.93,1,-1,-1
64,26,592.90,66.65,11.94,30.73,0.78,1,-1,-1
64,28,584.88,66.62,10.22,29.73,0.70,1,-1,-1
64,31,431.04,47.08,88.57,37.91,0.99,4,-1,-1
64,38,569.21,47.92,13.79,33.04,0.54,1,-1,-1
64,39,607.84,54.59,13.07,32.47,0.82,1,-1,-1
64,42,445.06,21.86,84.68,34.79,0.96,4,-1,-1
64,47,1130.51,0.08,83.32,37.76,0.98,4,-1,-1
64,48,459.58,0.18,80.13,28.84,0.95,4,-1,-1
64,50,572.40,59.08,11.41,30.19,0.48,1,-1,-1
64,53,1273.01,-0.04,52.94,21.41,0.72,4,-1,-1
65,4,182.68,559.95,129.36,64.72,1.00,4,-1,-1
65,5,220.96,483.94,134.06,59.84,1.00,4,-1,-1
65,6,256.63,423.96,119.90,53.73,0.99,4,-1,-1
65,8,758.01,404.60,112.20,79.35,1.00,4,-1,-1
65,9,768.85,459.77,116.57,84.44,1.00,4,-1,-1
65,10,782.14,533.10,133.67,93.77,0.98,4,-1,-1
65,13,1275.64,267.38,81.51,51.33,0.99,4,-1,-1
65,14,1304.68,306.20,54.14,58.78,0.98,4,-1,-1
65,17,215.37,591.02,27.89,44.32,0.92,1,-1,-1
65,18,1169.47,85.54,92.70,46.62,0.99,4,-1,-1
65,23,1161.94,63.49,92.19,40.90,0.99,4,-1,-1
65,24,573.81,75.17,14.25,29.67,0.86,1,-1,-1
65,25,615.23,72.12,15.37,32.10,0.90,1,-1,-1
65,26,592.11,68.19,12.51,31.29,0.88,1,-1,-1
65,28,583.78,68.82,10.79,29.47,0.67,1,-1,-1
65,31,430.04,48.59,88.95,38.35,0.99,4,-1,-1
65,38,569.74,48.05,13.17,32.51,0.62,1,-1,-1
65,39,606.70,56.27,13.46,32.13,0.74,1,-1,-1
65,42,444.25,23.52,84.13,35.00,0.96,4,-1,-1
65,47,1131.23,-0.06,83.59,39.23,0.98,4,-1,-1
65,48,459.06,0.16,79.71,29.92,0.97,4,-1,-1
65,50,571.53,61.14,12.36,29.80,0.60,1,-1,-1
65,53,1278.80,0.39,51.61,24.80,0.80,4,-1,-1
65,43,566.96,54.83,12.69,29.97,0.75,1,-1,-1
66,4,179.92,564.18,129.77,64.91,1.00,4,-1,-1
66,5,218.63,487.99,134.50,59.86,1.00,4,-1,-1
66,6,255.04,427.60,119.81,55.07,1.00,4,-1,-1
66,8,757.41,407.84,112.63,80.05,1.00,4,-1,-1
66,9,768.71,463.62,116.67,84.64,1.00,4,-1,-1
66,10,781.96,538.03,133.55,94.06,0.99,4,-1,-1
66,13,1277.62,270.13,80.33,51.62,0.99,4,-1,-1
66,14,1306.15,309.46,52.84,58.02,0.93,4,-1,-1
66,17,212.84,595.96,27.83,44.95,0.97,1,-1,-1
66,18,1170.37,87.07,92.41,47.03,0.99,4,-1,-1
66,23,1162.71,64.54,92.28,41.42,1.00,4,-1,-1
66,24,572.95,76.69,14.48,30.75,0.92,1,-1,-1
66,25,614.67,73.65,15.41,32.39,0.93,1,-1,-1
66,26,591.58,69.98,12.17,31.14,0.93,1,-1,-1
66,28,582.59,69.91,11.56,30.23,0.77,1,-1,-1
66,31,429.33,50.17,88.93,38.59,0.99,4,-1,-1
66,38,569.43,49.86,13.51,31.07,0.77,1,-1,-1
66,39,606.05,57.56,13.04,32.15,0.85,1,-1,-1
66,42,443.19,24.74,84.47,36.00,0.94,4,-1,-1
66,47,1131.42,-0.11,83.68,40.50,0.99,4,-1,-1
66,48,458.10,0.24,80.11,31.37,0.98,4,-1,-1
66,50,571.27,64.78,12.69,29.08,0.63,1,-1,-1
66,53,1283.25,0.70,51.35,29.88,0.78,4,-1,-1
66,43,565.69,56.35,12.81,29.00,0.81,1,-1,-1
67,4,177.71,569.17,129.98,65.02,0.99,4,-1,-1
67,5,215.74,491.52,135.29,60.46,1.00,4,-1,-1
67,6,253.08,431.13,120.04,55.46,1.00,4,-1,-1
67,8,756.95,411.62,113.34,80.20,1.00,4,-1,-1
67,9,768.41,467.50,116.97,85.30,1.00,4,-1,-1
67,10,781.34,542.30,134.60,94.76,0.98,4,-1,-1
67,13,1278.99,272.75,78.78,51.75,1.00,4,-1,-1
67,14,1307.90,312.84,51.25,58.03,0.91,4,-1,-1
67,17,209.43,600.37,28.72,45.19,0.96,1,-1,-1
67,18,1171.40,89.03,92.29,47.10,0.99,4,-1,-1
67,23,1162.57,66.15,93.44,41.64,1.00,4,-1,-1
67,24,572.18,78.47,14.55,30.74,0.90,1,-1,-1
67,25,614.01,75.27,15.41,32.58,0.90,1,-1,-1
67,26,590.94,71.39,12.59,31.59,0.93,1,-1,-1
67,28,581.97,71.25,11.85,31.00,0.74,1,-1,-1
67,31,428.62,51.68,89.48,38.47,0.99,4,-1,-1
67,38,568.57,51.30,13.62,32.01,0.58,1,-1,-1
67,39,605.09,59.17,13.45,32.17,0.87,1,-1,-1
67,42,442.34,26.22,85.15,36.56,0.81,4,-1,-1
67,47,1132.20,0.19,83.71,41.76,0.99,4,-1,-1
67,48,457.59,0.15,80.25,33.00,0.98,4,-1,-1
67,50,571.02,66.27,13.37,30.16,0.60,1,-1,-1
67,53,1286.67,0.54,52.59,36.11,0.88,4,-1,-1
67,43,564.79,56.94,13.40,30.32,0.82,1,-1,-1
68,4,174.26,573.73,130.87,65.58,0.99,4,-1,-1
68,5,212.86,495.56,136.26,61.21,1.00,4,-1,-1
68,6,250.24,434.62,120.95,56.14,1.00,4,-1,-1
68,8,756.39,415.29,113.59,80.35,1.00,4,-1,-1
68,9,767.63,471.60,117.63,85.51,1.00,4,-1,-1
68,10,780.74,546.80,134.70,95.53,0.97,4,-1,-1
68,13,1279.27,275.10,78.26,51.49,1.00,4,-1,-1
68,14,1308.29,315.46,50.76,58.31,0.92,4,-1,-1
68,17,206.59,605.82,28.98,45.27,0.94,1,-1,-1
68,18,1171.56,90.71,93.38,47.39,0.99,4,-1,-1
68,23,1162.85,67.56,93.86,41.83,1.00,4,-1,-1
68,24,570.93,80.37,14.58,30.37,0.92,1,-1,-1
68,25,612.79,77.15,15.41,32.72,0.91,1,-1,-1
68,26,590.02,73.04,12.75,31.75,0.89,1,-1,-1
68,28,581.05,73.20,11.96,31.15,0.74,1,-1,-1
68,31,427.40,53.05,89.68,38.40,0.99,4,-1,-1
68,38,567.84,52.72,13.10,33.33,0.47,1,-1,-1
68,39,604.05,60.91,13.60,32.31,0.90,1,-1,-1
68,42,441.64,27.54,84.83,36.63,0.88,4,-1,-1
68,47,1132.83,0.43,83.71,42.90,0.99,4,-1,-1
68,48,456.44,0.45,80.29,34.26,0.99,4,-1,-1
68,50,569.97,66.92,13.07,31.55,0.53,1,-1,-1
68,53,1291.20,0.40,51.70,42.52,0.92,4,-1,-1
68,43,564.05,58.35,13.63,31.21,0.78,1,-1,-1
69,4,171.71,577.71,131.18,66.36,1.00,4,-1,-1
69,5,210.51,499.93,136.60,60.94,1.00,4,-1,-1
69,6,248.33,437.96,120.99,56.40,1.00,4,-1,-1
69,8,755.68,418.46,114.23,81.53,1.00,4,-1,-1
69,9,767.40,475.49,117.86,86.14,1.00,4,-1,-1
69,10,780.28,550.82,135.54,96.37,0.97,4,-1,-1
69,13,1279.93,278.01,78.10,50.82,1.00,4,-1,-1
69,14,1309.57,318.03,49.46,58.70,0.95,4,-1,-1
69,17,204.33,609.85,28.71,46.42,0.97,1,-1,-1
69,18,1172.77,92.45,92.64,47.46,0.99,4,-1,-1
69,23,1164.12,69.48,92.87,41.87,1.00,4,-1,-1
69,24,570.01,82.28,14.02,29.91,0.94,1,-1,-1
69,25,612.16,79.12,14.84,32.59,0.88,1,-1,-1
69,26,589.77,74.72,12.25,31.60,0.88,1,-1,-1
69,28,580.80,74.96,11.44,30.43,0.80,1,-1,-1
69,31,426.09,54.62,89.87,38.59,0.99,4,-1,-1
69,38,567.09,54.22,12.90,33.27,0.52,1,-1,-1
69,39,603.21,62.28,13.65,32.23,0.93,1,-1,-1
69,42,440.95,29.08,84.13,36.41,0.98,4,-1,-1
69,47,1134.24,0.62,82.56,44.23,0.99,4,-1,-1
69,48,455.28,0.78,81.44,35.43,0.99,4,-1,-1
69,50,569.12,68.16,12.37,31.37,0.59,1,-1,-1
69,53,1295.69,1.30,51.36,47.90,0.97,4,-1,-1
69,43,563.62,60.17,13.15,31.19,0.88,1,-1,-1
70,4,168.99,582.85,131.58,66.62,1.00,4,-1,-1
70,5,208.06,504.10,136.80,60.80,1.00,4,-1,-1
70,6,245.80,441.73,121.86,56.47,1.00,4,-1,-1
70,8,755.14,421.79,114.48,81.95,1.00,4,-1,-1
70,9,767.05,479.35,118.24,86.35,1.00,4,-1,-1
70,10,779.59,555.01,136.44,96.65,0.97,4,-1,-1
70,13,1280.72,280.44,76.95,50.26,1.00,4,-1,-1
70,14,1311.19,321.45,47.90,58.28,0.89,4,-1,-1
70,17,201.09,614.71,29.39,46.29,0.96,1,-1,-1
70,18,1172.61,93.84,94.65,47.60,0.99,4,-1,-1
70,23,1165.11,71.27,92.50,42.18,1.00,4,-1,-1
70,24,568.75,83.79,14.38,30.15,0.94,1,-1,-1
70,25,611.29,80.79,14.63,32.61,0.87,1,-1,-1
70,26,589.06,76.46,12.63,31.89,0.91,1,-1,-1
70,28,580.09,76.98,11.23,30.15,0.86,1,-1,-1
70,31,424.81,56.17,90.38,38.93,0.99,4,-1,-1
70,38,566.46,55.91,12.83,34.02,0.24,1,-1,-1
70,39,602.27,63.29,13.11,32.49,0.92,1,-1,-1
70,42,439.76,30.56,85.00,36.51,0.93,4,-1,-1
70,47,1134.13,0.83,83.29,45.14,0.99,4,-1,-1
70,48,453.92,1.43,82.44,36.06,0.99,4,-1,-1
70,50,568.75,69.27,12.11,31.58,0.54,1,-1,-1
70,53,1299.44,4.10,52.48,51.15,0.98,4,-1,-1
70,43,563.13,61.36,12.96,31.88,0.89,1,-1,-1
70,54,637.36,-0.08,35.86,23.80,0.69,4,-1,-1
71,4,165.48,587.36,132.04,67.31,1.00,4,-1,-1
71,5,205.29,507.99,137.68,61.34,1.00,4,-1,-1
71,6,244.00,445.79,122.15,55.95,1.00,4,-1,-1
71,8,754.45,425.53,115.10,82.13,1.00,4,-1,-1
71,9,766.12,483.01,119.19,87.00,1.00,4,-1,-1
71,10,779.08,560.17,137.01,97.33,0.98,4,-1,-1
71,13,1282.20,282.60,75.39,51.78,0.99,4,-1,-1
71,14,1312.36,324.42,46.21,58.69,0.71,4,-1,-1
71,17,198.29,619.96,28.93,45.67,0.92,1,-1,-1
71,18,1173.78,95.66,94.25,47.29,1.00,4,-1,-1
71,23,1166.16,73.32,92.34,41.93,1.00,4,-1,-1
71,24,567.61,85.64,15.06,30.28,0.91,1,-1,-1
71,25,610.57,82.64,14.54,32.37,0.91,1,-1,-1
71,26,588.39,78.01,13.32,32.74,0.90,1,-1,-1
71,28,579.13,78.24,11.72,30.40,0.84,1,-1,-1
71,31,424.24,57.38,89.98,39.21,0.98,4,-1,-1
71,38,566.39,57.20,12.80,35.21,0.21,1,-1,-1
71,39,600.96,64.59,13.47,33.44,0.89,1,-1,-1
71,42,438.66,31.83,85.88,36.12,0.98,4,-1,-1
71,47,1134.78,1.84,83.54,45.55,0.99,4,-1,-1
71,48,453.32,2.25,82.80,36.40,0.99,4,-1,-1
71,50,568.21,70.74,12.00,31.74,0.38,1,-1,-1
71,53,1304.27,9.35,51.67,51.86,0.96,4,-1,-1
71,43,562.56,62.51,13.45,32.83,0.87,1,-1,-1
71,54,636.90,0.38,35.88,26.61,0.58,4,-1,-1
72,4,162.65,591.77,132.92,66.98,1.00,4,-1,-1
72,5,202.58,511.90,138.30,62.09,1.00,4,-1,-1
72,6,241.37,448.91,122.55,56.86,1.00,4,-1,-1
72,8,753.91,429.33,115.35,82.17,1.00,4,-1,-1
72,9,765.79,487.61,119.00,86.67,1.00,4,-1,-1
72,10,778.35,564.49,137.23,98.13,0.97,4,-1,-1
72,13,1283.31,285.21,74.88,51.49,0.99,4,-1,-1
72,14,1313.35,327.17,45.68,58.29,0.80,4,-1,-1
72,17,195.17,624.65,29.18,46.57,0.97,1,-1,-1
72,18,1174.77,97.49,94.10,47.26,0.99,4,-1,-1
72,23,1167.67,74.80,92.29,41.86,1.00,4,-1,-1
72,24,566.58,87.15,14.76,30.47,0.91,1,-1,-1
72,25,609.99,83.97,14.52,32.46,0.93,1,-1,-1
72,26,587.82,79.17,13.03,33.17,0.86,1,-1,-1
72,28,578.18,79.78,11.90,30.95,0.82,1,-1,-1
72,31,423.27,58.98,89.98,39.10,0.99,4,-1,-1
72,38,564.61,59.21,12.79,33.37,0.56,1,-1,-1
72,39,599.88,65.83,13.60,33.87,0.89,1,-1,-1
72,42,437.34,33.31,86.21,36.19,0.95,4,-1,-1
72,47,1134.99,3.17,84.79,45.65,0.99,4,-1,-1
72,48,452.77,3.55,82.37,36.05,0.99,4,-1,-1
72,50,567.41,72.33,11.97,31.37,0.42,1,-1,-1
72,53,1308.20,15.33,50.19,52.12,0.97,4,-1,-1
72,43,562.03,63.95,13.63,32.91,0.81,1,-1,-1
72,54,636.10,0.59,36.56,29.17,0.72,4,-1,-1
73,4,159.52,596.63,134.07,66.83,1.00,4,-1,-1
73,5,200.12,515.74,138.58,62.35,1.00,4,-1,-1
73,6,238.84,453.04,122.96,56.62,1.00,4,-1,-1
73,8,754.04,432.55,115.42,82.72,1.00,4,-1,-1
73,9,765.43,491.11,119.75,87.63,1.00,4,-1,-1
73,10,777.84,569.26,138.13,97.82,0.98,4,-1,-1
73,13,1284.79,287.56,73.57,51.93,1.00,4,-1,-1
73,14,1314.20,329.98,44.38,57.84,0.88,4,-1,-1
73,17,192.85,629.87,29.34,46.33,0.96,1,-1,-1
73,18,1176.20,99.04,94.04,47.52,0.99,4,-1,-1
73,23,1168.17,76.37,93.39,41.60,1.00,4,-1,-1
73,24,565.68,89.09,14.64,30.22,0.91,1,-1,-1
73,25,609.24,85.67,14.51,32.42,0.90,1,-1,-1
73,26,587.36,80.55,13.47,33.49,0.86,1,-1,-1
73,28,577.57,81.62,11.97,31.02,0.82,1,-1,-1
73,31,422.69,60.45,90.24,39.32,1.00,4,-1,-1
73,38,562.84,61.95,13.36,34.13,0.81,1,-1,-1
73,39,598.95,67.39,13.65,33.74,0.89,1,-1,-1
73,42,436.77,34.79,86.18,36.28,0.98,4,-1,-1
73,47,1136.13,4.81,84.12,45.25,0.99,4,-1,-1
73,48,451.76,5.18,82.75,36.10,1.00,4,-1,-1
73,50,564.58,71.25,13.10,31.73,0.65,1,-1,-1
73,53,1312.29,21.27,47.30,52.52,0.97,4,-1,-1
73,54,635.25,0.60,36.77,32.53,0.85,4,-1,-1
74,4,156.59,601.37,134.00,67.33,0.99,4,-1,-1
74,5,197.64,519.84,138.80,62.44,1.00,4,-1,-1
74,6,236.05,456.42,123.94,57.09,1.00,4,-1,-1
74,8,753.19,435.90,115.99,82.92,1.00,4,-1,-1
74,9,764.95,495.12,119.74,87.99,0.99,4,-1,-1
74,10,777.03,573.45,137.89,98.82,0.97,4,-1,-1
74,13,1285.82,290.50,71.98,51.81,1.00,4,-1,-1
74,14,1314.98,332.51,43.97,58.24,0.93,4,-1,-1
74,17,189.80,634.74,29.04,46.23,0.95,1,-1,-1
74,18,1177.24,101.00,94.00,47.34,1.00,4,-1,-1
74,23,1169.41,78.06,92.68,41.08,1.00,4,-1,-1
74,24,564.75,90.95,14.59,30.05,0.93,1,-1,-1
74,25,608.08,87.12,15.07,32.58,0.91,1,-1,-1
74,26,586.59,82.34,13.08,32.63,0.86,1,-1,-1
74,28,576.75,82.71,11.99,31.07,0.75,1,-1,-1
74,31,421.74,62.17,90.48,39.41,0.99,4,-1,-1
74,39,597.74,68.59,13.67,33.41,0.87,1,-1,-1
74,42,435.97,36.13,86.16,36.99,0.93,4,-1,-1
74,47,1137.07,6.07,83.85,45.30,1.00,4,-1,-1
74,48,450.52,6.40,83.45,36.29,0.99,4,-1,-1
74,50,565.15,72.32,12.96,31.65,0.17,1,-1,-1
74,53,1317.68,27.66,42.68,52.90,0.94,4,-1,-1
74,54,634.36,0.55,37.44,36.24,0.77,4,-1,-1
74,55,1109.08,-0.03,80.26,11.47,0.62,4,-1,-1
74,43,561.13,65.01,13.69,34.39,0.81,1,-1,-1
75,4,153.12,606.08,135.06,68.08,0.99,4,-1,-1
75,5,195.11,523.77,139.21,63.04,1.00,4,-1,-1
75,6,233.60,459.81,124.29,57.26,1.00,4,-1,-1
75,8,752.66,439.88,116.19,82.99,1.00,4,-1,-1
75,9,764.28,499.33,120.27,88.68,1.00,4,-1,-1
75,10,776.51,578.27,138.61,99.18,0.96,4,-1,-1
75,13,1286.78,293.12,71.43,52.61,0.99,4,-1,-1
75,14,1317.02,335.83,41.53,58.12,0.80,4,-1,-1
75,17,186.56,640.06,29.34,46.19,0.98,1,-1,-1
75,18,1177.67,102.69,95.11,47.58,1.00,4,-1,-1
75,23,1169.36,79.53,94.66,41.31,1.00,4,-1,-1
75,24,563.96,92.42,14.56,30.44,0.96,1,-1,-1
75,25,607.20,88.48,14.72,32.50,0.88,1,-1,-1
75,26,585.84,84.41,12.92,32.36,0.89,1,-1,-1
75,28,576.56,84.53,11.99,31.69,0.79,1,-1,-1
75,31,420.95,63.73,90.56,39.23,0.99,4,-1,-1
75,39,596.84,69.94,13.67,33.00,0.87,1,-1,-1
75,42,435.37,37.52,85.71,36.83,0.94,4,-1,-1
75,47,1138.04,7.51,83.74,45.30,1.00,4,-1,-1
75,48,450.18,7.95,83.14,35.88,0.99,4,-1,-1
75,50,565.25,77.76,12.33,30.87,0.42,1,-1,-1
75,53,1321.81,34.23,38.64,53.20,0.94,4,-1,-1
75,54,633.56,1.30,37.65,39.24,0.91,4,-1,-1
75,55,1109.99,0.29,76.22,11.73,0.69,4,-1,-1
76,4,149.45,611.23,134.71,67.77,1.00,4,-1,-1
76,5,191.27,528.63,139.95,62.67,1.00,4,-1,-1
76,6,230.49,463.34,124.72,57.87,1.00,4,-1,-1
76,8,751.28,442.94,116.86,84.12,1.00,4,-1,-1
76,9,762.58,503.03,121.07,89.48,1.00,4,-1,-1
76,10,775.17,581.92,139.20,100.41,0.96,4,-1,-1
76,13,1286.81,294.85,71.30,53.74,0.99,4,-1,-1
76,14,1317.45,338.07,40.73,57.78,0.84,4,-1,-1
76,17,182.28,645.43,29.47,46.17,0.97,1,-1,-1
76,18,1176.88,103.97,96.68,47.91,1.00,4,-1,-1
76,23,1169.51,80.35,94.30,41.59,1.00,4,-1,-1
76,24,562.09,94.01,14.56,30.24,0.95,1,-1,-1
76,25,605.30,90.34,14.59,32.08,0.91,1,-1,-1
76,26,584.27,86.08,12.86,32.19,0.93,1,-1,-1
76,28,574.91,86.29,12.00,32.10,0.86,1,-1,-1
76,31,418.91,65.43,91.03,38.86,0.99,4,-1,-1
76,39,594.66,71.24,13.68,32.34,0.87,1,-1,-1
76,42,432.84,38.81,86.84,37.10,0.94,4,-1,-1
76,47,1136.86,8.00,84.86,45.90,0.99,4,-1,-1
76,48,448.44,9.36,83.03,35.70,0.98,4,-1,-1
76,50,564.01,79.78,12.66,32.34,0.60,1,-1,-1
76,53,1325.76,40.48,33.68,54.04,0.96,4,-1,-1
76,54,632.31,1.60,37.12,42.47,0.89,4,-1,-1
76,55,1111.29,0.26,74.10,11.74,0.81,4,-1,-1
76,38,558.54,66.54,13.64,35.56,0.88,1,-1,-1
77,4,144.99,616.86,135.19,67.56,1.00,4,-1,-1
77,5,186.89,533.60,140.77,62.43,1.00,4,-1,-1
77,6,226.89,467.81,124.87,58.01,1.00,4,-1,-1
77,8,748.85,446.15,117.67,85.02,1.00,4,-1,-1
77,9,760.34,506.45,121.66,89.68,1.00,4,-1,-1
77,10,773.39,586.40,139.98,100.76,0.93,4,-1,-1
77,13,1286.37,296.80,71.30,53.28,0.99,4,-1,-1
77,14,1316.58,339.77,41.69,58.48,0.91,4,-1,-1
77,17,178.01,651.39,29.53,46.13,0.97,1,-1,-1
77,18,1174.93,105.01,96.14,48.07,0.99,4,-1,-1
77,23,1167.34,81.48,95.28,41.50,1.00,4,-1,-1
77,24,559.93,95.68,14.00,30.32,0.92,1,-1,-1
77,25,602.55,91.95,14.55,31.87,0.89,1,-1,-1
77,26,581.64,87.62,13.42,33.35,0.92,1,-1,-1
77,28,571.97,87.98,12.01,32.38,0.88,1,-1,-1
77,31,415.86,67.18,91.19,39.02,0.99,4,-1,-1
77,39,591.80,72.83,13.70,33.16,0.87,1,-1,-1
77,42,429.86,40.53,87.53,37.30,0.94,4,-1,-1
77,47,1135.30,8.82,85.28,45.75,1.00,4,-1,-1
77,48,445.76,10.76,82.98,35.87,0.96,4,-1,-1
77,50,560.66,80.73,12.80,34.39,0.51,1,-1,-1
77,53,1328.27,46.69,30.91,54.59,0.95,4,-1,-1
77,54,629.77,1.25,37.51,46.23,0.92,4,-1,-1
77,55,1110.01,0.02,74.73,12.47,0.83,4,-1,-1
77,38,555.63,68.30,13.69,35.40,0.81,1,-1,-1
78,4,140.37,622.56,135.89,68.08,1.00,4,-1,-1
78,5,182.46,537.67,141.60,63.51,1.00,4,-1,-1
78,6,222.77,472.02,125.45,58.09,1.00,4,-1,-1
78,8,746.92,450.05,117.94,84.82,1.00,4,-1,-1
78,9,758.17,510.13,122.67,90.34,1.00,4,-1,-1
78,10,771.66,590.46,140.22,102.04,0.94,4,-1,-1
78,13,1285.14,299.03,72.46,52.54,0.99,4,-1,-1
78,14,1315.75,342.18,42.04,58.47,0.87,4,-1,-1
78,17,173.25,657.49,30.23,45.56,0.87,1,-1,-1
78,18,1174.35,106.36,94.77,47.63,0.99,4,-1,-1
78,23,1166.69,82.91,94.49,41.50,0.99,4,-1,-1
78,24,557.40,97.67,14.35,30.29,0.97,1,-1,-1
78,25,599.78,93.62,15.10,32.12,0.85,1,-1,-1
78,26,579.48,89.51,13.06,32.59,0.92,1,-1,-1
78,28,569.69,89.68,12.00,31.46,0.84,1,-1,-1
78,31,413.14,68.71,91.38,39.10,0.99,4,-1,-1
78,39,589.29,73.87,13.69,33.18,0.91,1,-1,-1
78,42,427.74,42.36,86.78,37.10,0.97,4,-1,-1
78,47,1133.78,10.03,84.29,45.81,1.00,4,-1,-1
78,48,443.33,12.36,82.94,35.81,0.99,4,-1,-1
78,50,558.50,81.13,12.27,32.97,0.71,1,-1,-1
78,53,1330.94,52.70,27.63,55.52,0.80,4,-1,-1
78,54,627.08,2.36,38.21,48.56,0.83,4,-1,-1
78,55,1109.77,0.05,73.67,13.53,0.79,4,-1,-1
78,38,552.80,69.62,13.70,35.13,0.86,1,-1,-1
78,56,558.38,86.39,12.81,39.11,0.70,1,-1,-1
79,4,135.93,627.94,136.49,68.29,1.00,4,-1,-1
79,5,178.59,542.46,142.47,63.93,1.00,4,-1,-1
79,6,218.74,476.02,125.94,58.70,1.00,4,-1,-1
79,8,745.56,453.45,118.02,85.31,1.00,4,-1,-1
79,9,756.99,514.29,123.05,90.60,1.00,4,-1,-1
79,10,770.07,595.60,140.29,101.97,0.98,4,-1,-1
79,13,1285.49,301.33,71.78,52.84,1.00,4,-1,-1
79,14,1315.68,344.69,42.21,59.33,0.93,4,-1,-1
79,17,169.25,662.45,30.21,47.06,0.98,1,-1,-1
79,18,1173.28,108.05,95.38,47.20,0.99,4,-1,-1
79,23,1165.60,84.05,94.19,42.01,1.00,4,-1,-1
79,24,555.27,99.82,14.47,29.75,0.96,1,-1,-1
79,25,597.29,94.77,15.30,32.65,0.89,1,-1,-1
79,26,577.21,91.56,12.91,31.98,0.92,1,-1,-1
79,28,567.67,91.11,11.99,31.96,0.86,1,-1,-1
79,31,410.66,69.78,91.44,40.14,0.98,4,-1,-1
79,39,586.91,75.24,13.68,33.19,0.90,1,-1,-1
79,42,425.21,43.29,87.06,37.40,0.99,4,-1,-1
79,47,1132.36,10.96,85.04,46.20,1.00,4,-1,-1
79,48,440.39,13.55,83.49,36.14,1.00,4,-1,-1
79,50,555.96,83.62,12.64,32.88,0.74,1,-1,-1
79,53,1333.73,58.60,25.46,56.17,0.78,4,-1,-1
79,54,625.21,4.85,38.46,49.71,0.89,4,-1,-1
79,55,1109.91,0.11,72.10,14.14,0.85,4,-1,-1
79,38,550.57,70.74,13.14,34.95,0.87,1,-1,-1
80,4,132.02,632.76,137.46,69.54,1.00,4,-1,-1
80,5,175.05,547.10,143.12,64.13,1.00,4,-1,-1
80,6,215.92,480.39,126.66,58.40,1.00,4,-1,-1
80,8,744.84,457.19,118.59,86.09,1.00,4,-1,-1
80,9,756.33,517.74,123.15,91.85,1.00,4,-1,-1
80,10,769.23,599.70,140.84,103.09,0.94,4,-1,-1
80,13,1285.99,304.27,72.68,52.40,0.99,4,-1,-1
80,14,1316.57,347.43,42.29,59.39,0.86,4,-1,-1
80,17,165.70,668.25,30.33,46.50,0.96,1,-1,-1
80,18,1173.31,109.61,95.60,46.92,0.99,4,-1,-1
80,23,1165.62,85.90,94.06,41.80,1.00,4,-1,-1
80,24,554.09,101.52,14.51,30.26,0.93,1,-1,-1
80,25,596.54,96.22,14.24,32.67,0.56,1,-1,-1
80,26,575.98,93.05,12.84,32.57,0.94,1,-1,-1
80,28,566.24,92.73,11.98,31.83,0.88,1,-1,-1
80,31,409.20,71.64,91.31,39.54,0.99,4,-1,-1
80,39,585.36,76.60,13.67,33.42,0.92,1,-1,-1
80,42,423.47,44.62,87.57,37.09,0.98,4,-1,-1
80,47,1132.86,12.49,84.18,46.01,1.00,4,-1,-1
80,48,438.65,14.94,84.24,35.79,1.00,4,-1,-1
80,50,554.62,85.59,12.76,33.42,0.77,1,-1,-1
80,53,1338.58,65.32,21.10,56.84,0.47,4,-1,-1
80,54,623.57,7.45,39.10,51.16,0.84,4,-1,-1
80,55,1110.93,0.20,70.37,15.34,0.84,4,-1,-1
80,38,548.79,71.81,13.48,34.61,0.86,1,-1,-1
81,4,128.43,639.11,138.42,70.53,1.00,4,-1,-1
81,5,172.06,553.14,143.88,64.16,1.00,4,-1,-1
81,6,213.19,485.79,127.74,58.81,1.00,4,-1,-1
81,8,744.13,462.31,118.77,86.34,1.00,4,-1,-1
81,9,755.64,523.58,123.72,92.27,1.00,4,-1,-1
81,10,768.75,606.58,141.29,102.90,0.94,4,-1,-1
81,13,1286.69,307.42,71.89,54.20,0.99,4,-1,-1
81,14,1317.40,351.33,41.20,59.95,0.84,4,-1,-1
81,17,162.60,675.52,29.80,46.26,0.96,1,-1,-1
81,18,1174.41,112.54,95.66,47.50,0.99,4,-1,-1
81,23,1165.59,88.82,95.12,41.42,1.00,4,-1,-1
81,24,553.22,104.13,14.52,31.01,0.90,1,-1,-1
81,25,595.83,99.02,13.82,32.81,0.69,1,-1,-1
81,26,574.79,96.22,13.39,33.07,0.93,1,-1,-1
81,28,564.99,96.27,11.97,31.45,0.87,1,-1,-1
81,31,407.56,74.62,91.95,39.78,0.99,4,-1,-1
81,39,584.63,79.39,13.10,33.77,0.86,1,-1,-1
81,42,422.56,47.67,87.32,37.17,0.93,4,-1,-1
81,47,1133.01,15.34,83.84,45.64,0.99,4,-1,-1
81,48,437.58,17.26,84.51,36.55,0.99,4,-1,-1
81,50,553.41,86.31,12.81,34.76,0.57,1,-1,-1
81,53,1342.99,75.53,15.97,53.03,0.31,4,-1,-1
81,54,622.79,12.43,38.76,51.53,0.89,4,-1,-1
81,55,1111.19,0.80,71.01,18.17,0.98,4,-1,-1
81,38,547.14,74.48,14.17,34.60,0.63,1,-1,-1
82,4,124.86,645.65,139.44,70.35,1.00,4,-1,-1
82,5,168.99,559.04,144.26,64.74,1.00,4,-1,-1
82,6,210.35,490.92,128.39,59.54,1.00,4,-1,-1
82,8,743.61,467.72,118.79,86.98,1.00,4,-1,-1
82,9,755.12,529.51,123.60,92.42,1.00,4,-1,-1
82,10,768.02,612.88,141.98,103.93,0.96,4,-1,-1
82,13,1287.45,311.94,71.59,53.47,0.97,4,-1,-1
82,14,1318.20,356.12,40.81,59.03,0.81,4,-1,-1
82,17,158.55,682.68,30.72,46.17,0.97,1,-1,-1
82,18,1174.25,116.38,95.66,47.03,0.99,4,-1,-1
82,23,1166.15,92.26,94.37,40.82,1.00,4,-1,-1
82,24,552.45,107.54,14.52,30.86,0.92,1,-1,-1
82,25,595.11,102.48,13.67,32.97,0.80,1,-1,-1
82,26,574.18,99.10,13.58,34.06,0.90,1,-1,-1
82,28,564.07,99.18,12.53,32.01,0.86,1,-1,-1
82,31,406.25,77.81,92.73,39.88,0.99,4,-1,-1
82,39,584.51,82.18,12.30,33.97,0.71,2,-1,-1
82,42,421.38,50.94,87.91,37.99,0.97,4,-1,-1
82,47,1133.08,18.78,84.83,45.54,1.00,4,-1,-1
82,48,436.63,20.44,84.73,36.78,0.99,4,-1,-1
82,50,553.08,91.57,13.38,35.54,0.55,1,-1,-1
82,54,621.77,17.14,39.17,52.32,0.92,4,-1,-1
82,55,1111.27,1.17,71.26,21.27,0.99,4,-1,-1
82,38,546.92,78.11,13.87,33.01,0.65,1,-1,-1
82,57,547.71,78.87,13.66,31.27,0.61,10,-1,-1
82,58,584.42,82.92,12.81,32.87,0.80,1,-1,-1
83,4,118.55,663.21,140.55,71.58,1.00,4,-1,-1
83,5,164.10,574.33,145.98,66.27,1.00,4,-1,-1
83,6,206.26,505.04,128.72,59.97,1.00,4,-1,-1
83,8,742.68,481.77,119.43,88.53,1.00,4,-1,-1
83,9,754.44,544.69,124.75,94.91,1.00,4,-1,-1
83,10,767.49,629.12,142.59,107.34,0.89,4,-1,-1
83,13,1288.54,323.39,71.54,54.99,0.98,4,-1,-1
83,14,1319.86,368.44,39.54,59.34,0.84,4,-1,-1
83,17,152.98,701.40,30.64,47.34,0.97,1,-1,-1
83,18,1175.60,125.16,95.73,47.82,0.99,4,-1,-1
83,23,1167.20,100.96,95.29,41.46,0.99,4,-1,-1
83,24,551.77,115.89,15.08,31.13,0.93,1,-1,-1
83,25,594.49,110.71,13.61,33.25,0.80,1,-1,-1
83,26,573.31,107.68,13.65,33.68,0.91,1,-1,-1
83,28,563.92,108.27,12.17,31.78,0.81,1,-1,-1
83,31,405.91,86.12,92.39,39.57,0.99,4,-1,-1
83,39,584.11,90.03,12.59,34.24,0.92,1,-1,-1
83,42,420.85,58.80,87.49,37.21,0.99,4,-1,-1
83,47,1133.99,26.38,85.27,46.42,1.00,4,-1,-1
83,48,436.09,27.97,84.59,36.74,1.00,4,-1,-1
83,50,552.30,99.81,13.03,33.15,0.64,1,-1,-1
83,54,621.99,27.15,38.76,52.40,0.94,4,-1,-1
83,55,1112.01,4.27,71.48,26.35,0.99,4,-1,-1
83,38,546.48,85.86,13.73,33.49,0.65,2,-1,-1
83,57,546.22,85.91,13.66,33.45,0.72,1,-1,-1
83,59,755.61,-0.01,72.57,20.74,0.89,4,-1,-1
84,4,111.08,703.07,143.32,62.72,0.99,4,-1,-1
84,5,158.27,612.07,147.53,67.09,1.00,4,-1,-1
84,6,202.31,541.32,129.42,60.41,1.00,4,-1,-1
84,8,741.79,517.42,120.09,89.34,1.00,4,-1,-1
84,9,753.41,581.16,125.60,96.62,1.00,4,-1,-1
84,10,767.16,668.03,143.78,98.19,0.61,4,-1,-1
84,13,1287.96,357.32,70.33,53.67,0.99,4,-1,-1
84,14,1320.09,401.59,37.94,59.86,0.73,4,-1,-1
84,18,1172.28,156.89,96.75,47.91,0.99,4,-1,-1
84,23,1163.21,132.73,95.50,41.51,0.99,4,-1,-1
84,24,551.20,148.23,14.74,31.44,0.90,1,-1,-1
84,25,593.02,143.24,14.18,33.13,0.76,1,-1,-1
84,26,572.33,140.35,13.68,33.29,0.87,1,-1,-1
84,28,563.24,140.50,12.04,32.21,0.74,1,-1,-1
84,31,405.90,118.60,92.26,39.18,0.99,4,-1,-1
84,39,583.00,121.99,12.70,34.04,0.75,1,-1,-1
84,42,420.83,91.82,86.63,36.56,0.87,4,-1,-1
84,47,1129.90,58.67,85.31,45.45,0.99,4,-1,-1
84,48,436.42,60.69,83.41,35.60,1.00,4,-1,-1
84,50,551.39,132.81,12.90,33.09,0.56,1,-1,-1
84,54,621.24,61.55,38.00,52.49,0.69,5,-1,-1
84,55,1108.47,30.36,71.43,31.43,0.99,4,-1,-1
84,38,544.58,117.52,13.69,34.44,0.66,1,-1,-1
84,57,546.02,118.21,13.67,35.44,0.48,1,-1,-1
84,59,754.31,21.19,72.57,31.48,0.99,4,-1,-1
84,60,462.76,3.60,65.74,35.17,0.97,4,-1,-1
84,61,1099.69,0.00,64.89,28.10,0.95,4,-1,-1
85,5,151.15,651.25,148.97,68.06,1.00,4,-1,-1
85,6,196.37,578.83,131.40,61.23,0.99,4,-1,-1
85,8,740.89,554.41,121.48,91.99,1.00,4,-1,-1
85,9,752.72,619.89,126.77,99.04,1.00,4,-1,-1
85,13,1288.65,392.92,69.90,53.22,0.99,4,-1,-1
85,14,1321.67,437.62,36.22,59.26,0.63,4,-1,-1
85,18,1169.73,192.22,97.16,48.37,0.99,4,-1,-1
85,23,1160.97,168.35,94.47,41.45,0.99,4,-1,-1
85,24,550.82,183.53,15.16,31.15,0.88,1,-1,-1
85,25,592.60,178.72,14.38,32.97,0.77,1,-1,-1
85,26,571.80,175.58,14.24,33.03,0.83,1,-1,-1
85,28,562.24,176.19,12.55,31.40,0.64,1,-1,-1
85,31,405.93,153.54,91.67,38.97,0.99,4,-1,-1
85,39,582.16,156.74,13.31,32.85,0.76,1,-1,-1
85,42,421.46,126.53,86.33,36.81,0.91,4,-1,-1
85,47,1127.10,94.88,84.22,44.81,0.99,4,-1,-1
85,48,436.64,96.43,82.99,34.89,0.99,4,-1,-1
85,50,550.88,167.87,13.97,34.51,0.53,1,-1,-1
85,54,620.58,99.08,37.71,52.31,0.60,4,-1,-1
85,55,1104.68,63.61,69.15,32.62,0.99,4,-1,-1
85,38,543.70,152.98,14.80,35.38,0.49,3,-1,-1
85,57,544.51,152.92,14.33,36.00,0.40,2,-1,-1
85,59,753.81,55.60,71.29,33.24,1.00,4,-1,-1
85,60,462.80,41.46,65.77,34.04,0.99,4,-1,-1
85,61,1096.27,33.35,64.92,31.10,0.99,4,-1,-1
85,62,470.44,27.32,67.45,26.79,0.91,4,-1,-1
85,63,493.07,0.02,63.18,21.62,0.97,4,-1,-1
85,64,753.90,0.17,62.33,23.91,0.97,4,-1,-1
85,65,761.16,8.43,64.03,32.34,0.99,4,-1,-1
85,66,1009.19,2.32,11.95,24.81,0.88,1,-1,-1
85,67,1020.28,2.47,11.95,25.17,0.75,1,-1,-1
85,68,1028.82,2.94,11.95,25.26,0.68,1,-1,-1
85,69,1041.63,18.62,13.66,28.02,0.81,1,-1,-1
85,70,1071.51,2.67,56.35,23.21,0.85,4,-1,-1
85,71,1081.76,15.39,66.60,30.79,0.99,4,-1,-1
85,72,1255.93,5.58,68.30,28.76,0.96,4,-1,-1
86,5,143.79,695.76,151.30,66.71,1.00,4,-1,-1
86,6,191.62,621.27,132.30,62.64,1.00,4,-1,-1
86,8,741.90,596.40,123.23,93.54,1.00,4,-1,-1
86,9,754.68,663.12,127.59,99.39,1.00,4,-1,-1
86,13,1292.76,430.88,66.40,56.04,0.96,4,-1,-1
86,14,1326.72,476.74,32.15,60.75,0.46,4,-1,-1
86,18,1168.52,230.26,98.52,48.88,0.99,4,-1,-1
86,23,1159.85,205.99,96.42,42.06,0.98,4,-1,-1
86,24,551.46,222.23,15.89,31.76,0.82,1,-1,-1
86,25,593.54,217.32,13.92,32.92,0.78,1,-1,-1
86,26,572.67,214.45,13.92,32.38,0.87,1,-1,-1
86,28,562.66,214.32,12.75,31.46,0.63,1,-1,-1
86,31,407.34,192.35,91.37,38.52,0.98,4,-1,-1
86,39,582.92,195.59,13.00,31.77,0.88,1,-1,-1
86,42,422.80,165.66,85.86,36.32,0.96,4,-1,-1
86,47,1125.71,133.55,83.87,44.30,0.99,4,-1,-1
86,48,438.54,135.34,82.33,35.14,0.99,4,-1,-1
86,50,551.73,206.94,13.84,33.45,0.57,1,-1,-1
86,54,621.12,140.43,37.64,52.87,0.86,4,-1,-1
86,55,1103.43,101.51,67.22,32.80,0.99,4,-1,-1
86,38,544.96,191.45,14.68,35.05,0.65,1,-1,-1
86,57,545.06,191.52,14.55,34.65,0.33,1,-1,-1
86,59,752.40,93.88,72.89,34.53,0.98,4,-1,-1
86,60,464.64,80.07,65.15,35.15,0.98,4,-1,-1
86,61,1094.80,72.46,63.64,30.38,0.97,4,-1,-1
86,63,493.69,32.74,64.60,29.27,0.99,4,-1,-1
86,64,755.42,36.17,61.01,25.80,0.97,4,-1,-1
86,65,762.00,46.99,62.72,32.68,0.97,4,-1,-1
86,66,1006.82,41.11,13.33,25.64,0.68,1,-1,-1
86,69,1039.29,58.08,15.04,28.08,0.68,1,-1,-1
86,70,1068.51,42.58,60.50,22.46,0.95,4,-1,-1
86,71,1080.13,54.83,65.29,29.74,0.98,4,-1,-1
86,72,1252.40,44.90,69.73,28.57,0.97,4,-1,-1
86,73,498.19,15.21,62.33,27.27,0.97,4,-1,-1
86,74,505.02,2.45,58.91,23.80,0.95,4,-1,-1
86,75,594.67,5.12,15.37,30.60,0.77,1,-1,-1
86,76,601.93,3.14,34.15,40.30,0.71,4,-1,-1
86,77,742.80,0.19,56.35,15.98,0.78,4,-1,-1
86,78,750.91,8.38,52.08,20.33,0.95,4,-1,-1
86,79,761.16,21.49,51.23,22.80,0.97,4,-1,-1
86,80,997.23,22.72,13.66,24.08,0.80,1,-1,-1
86,81,1039.07,2.54,47.81,18.78,0.93,4,-1,-1
86,82,1042.48,14.25,56.35,21.93,0.90,4,-1,-1
86,83,1062.12,26.07,51.23,21.61,0.92,4,-1,-1
86,84,1115.91,1.23,11.95,24.57,0.86,1,-1,-1
86,85,1122.74,-0.17,11.95,25.19,0.92,1,-1,-1
87,6,184.75,664.85,134.64,63.69,1.00,4,-1,-1
87,8,742.56,638.69,124.97,96.31,0.99,4,-1,-1
87,9,754.86,707.82,129.84,70.34,0.97,4,-1,-1
87,13,1296.14,471.26,62.77,55.25,0.97,4,-1,-1
87,14,1331.68,515.72,27.09,61.29,0.42,4,-1,-1
87,18,1168.78,269.64,97.88,47.93,0.99,4,-1,-1
87,23,1159.04,245.72,96.00,41.07,0.99,4,-1,-1
87,24,551.72,261.47,16.17,31.69,0.88,1,-1,-1
87,25,593.93,257.23,13.74,32.33,0.86,1,-1,-1
87,26,573.04,254.47,13.78,32.12,0.85,1,-1,-1
87,28,563.12,254.26,12.83,31.26,0.72,1,-1,-1
87,31,407.37,232.01,92.09,38.69,0.98,4,-1,-1
87,39,583.25,235.40,12.87,31.59,0.86,1,-1,-1
87,42,423.37,205.01,87.09,36.84,0.89,4,-1,-1
87,47,1123.10,173.56,83.73,43.38,0.99,4,-1,-1
87,48,439.87,175.32,82.07,35.79,0.99,4,-1,-1
87,50,552.66,246.56,13.77,34.22,0.63,1,-1,-1
87,54,621.34,182.93,37.61,53.30,0.73,4,-1,-1
87,55,1101.42,141.37,65.37,32.16,0.99,4,-1,-1
87,38,545.22,231.75,14.62,35.05,0.68,1,-1,-1
87,59,751.71,134.61,72.75,34.06,0.98,4,-1,-1
87,60,466.17,120.79,64.91,35.66,0.98,4,-1,-1
87,61,1091.13,113.53,63.18,29.43,0.99,4,-1,-1
87,63,494.93,73.09,64.88,30.24,0.98,4,-1,-1
87,64,754.55,76.46,61.42,26.08,0.97,4,-1,-1
87,65,761.99,87.81,61.81,32.19,0.98,4,-1,-1
87,66,1004.98,82.50,12.32,25.07,0.67,1,-1,-1
87,69,1037.45,99.09,15.30,27.47,0.73,1,-1,-1
87,70,1066.52,83.83,58.72,21.52,0.98,4,-1,-1
87,71,1077.66,96.02,65.03,28.70,0.99,4,-1,-1
87,72,1248.96,85.67,68.70,28.32,0.98,4,-1,-1
87,73,499.69,56.91,61.69,26.98,0.95,4,-1,-1
87,74,507.55,44.19,56.23,23.81,0.96,4,-1,-1
87,75,595.90,47.53,15.38,30.13,0.70,1,-1,-1
87,76,602.48,45.02,34.18,39.70,0.94,4,-1,-1
87,77,742.09,35.50,57.75,22.93,0.97,4,-1,-1
87,78,750.55,49.04,52.80,21.09,0.97,4,-1,-1
87,79,760.12,61.51,51.27,23.10,0.98,4,-1,-1
87,80,996.70,63.18,12.31,23.87,0.90,1,-1,-1
87,81,1037.20,44.10,47.85,18.06,0.98,4,-1,-1
87,82,1041.30,55.50,52.30,20.36,0.88,4,-1,-1
87,83,1060.27,66.88,48.54,20.55,0.93,4,-1,-1
87,84,1118.19,41.84,13.33,25.44,0.97,1,-1,-1
87,86,523.80,34.31,47.81,23.16,0.86,4,-1,-1
87,87,552.41,251.87,15.37,37.57,0.73,1,-1,-1
87,88,766.28,-0.03,28.18,15.67,0.70,4,-1,-1
87,89,798.30,-0.01,29.03,16.54,0.93,4,-1,-1
87,90,823.91,0.07,30.74,16.04,0.94,4,-1,-1
87,91,855.08,-0.12,27.75,18.34,0.96,5,-1,-1
87,92,990.40,-0.03,29.03,19.30,0.96,4,-1,-1
87,93,1000.65,58.00,10.25,25.61,0.63,1,-1,-1
87,94,1009.19,35.01,13.66,26.89,0.76,1,-1,-1
87,95,1019.43,-0.12,29.03,21.41,0.95,4,-1,-1
87,96,1021.99,83.67,13.66,26.04,0.66,1,-1,-1
87,97,1022.85,37.62,13.66,27.00,0.84,1,-1,-1
87,98,1047.61,-0.04,30.74,23.63,0.95,4,-1,-1
87,99,1245.69,0.04,39.27,22.87,0.89,4,-1,-1
88,6,178.31,690.28,136.75,63.47,1.00,4,-1,-1
88,8,742.51,664.28,126.04,95.59,0.99,4,-1,-1
88,13,1298.28,496.95,60.27,53.74,0.98,4,-1,-1
88,14,1335.05,541.38,22.93,60.86,0.40,4,-1,-1
88,18,1167.61,297.16,97.51,47.52,0.99,4,-1,-1
88,23,1157.48,272.98,95.73,40.94,0.98,4,-1,-1
88,24,551.19,289.00,16.25,31.35,0.78,1,-1,-1
88,25,593.68,284.91,13.66,31.79,0.92,1,-1,-1
88,26,572.51,281.88,14.28,32.57,0.87,1,-1,-1
88,28,562.66,282.37,13.40,31.73,0.56,1,-1,-1
88,31,407.45,260.15,91.42,38.16,0.98,4,-1,-1
88,39,582.70,263.20,12.81,30.92,0.81,1,-1,-1
88,42,423.35,233.35,86.61,36.72,0.78,4,-1,-1
88,47,1120.92,202.72,83.59,42.57,0.99,4,-1,-1
88,48,439.83,204.49,83.03,35.57,0.99,4,-1,-1
88,50,552.38,274.38,14.29,35.04,0.60,1,-1,-1
88,54,621.58,214.48,36.99,51.90,0.98,4,-1,-1
88,55,1098.37,170.66,65.84,31.53,0.99,4,-1,-1
88,38,544.42,259.45,15.14,35.30,0.72,1,-1,-1
88,59,751.00,164.87,71.39,33.36,0.99,4,-1,-1
88,60,466.65,151.80,64.80,34.65,0.99,4,-1,-1
88,61,1088.98,143.78,61.72,29.30,0.98,4,-1,-1
88,63,496.13,104.90,63.58,29.41,0.98,4,-1,-1
88,64,753.76,108.11,60.16,25.42,0.99,4,-1,-1
88,65,760.14,120.28,62.11,30.49,0.99,4,-1,-1
88,66,1001.82,114.50,13.30,24.26,0.70,1,-1,-1
88,69,1034.97,130.11,15.38,26.95,0.39,1,-1,-1
88,70,1062.63,115.71,59.35,21.11,0.98,4,-1,-1
88,71,1073.67,127.09,64.88,27.83,0.98,4,-1,-1
88,72,1243.08,117.46,69.61,28.34,0.98,4,-1,-1
88,73,500.27,89.84,61.53,25.84,0.96,4,-1,-1
88,74,516.71,68.79,52.99,22.40,0.95,4,-1,-1
88,75,596.70,80.49,14.06,28.41,0.29,1,-1,-1
88,76,602.48,77.48,33.51,38.71,0.89,4,-1,-1
88,77,741.11,66.23,57.34,23.52,0.98,4,-1,-1
88,78,748.97,81.17,54.88,20.96,0.99,4,-1,-1
88,79,759.40,93.62,51.25,22.57,0.99,4,-1,-1
88,80,996.29,89.84,12.03,24.93,0.71,1,-1,-1
88,81,1033.86,75.88,47.83,17.87,0.98,4,-1,-1
88,82,1037.36,87.90,54.16,20.17,0.96,4,-1,-1
88,83,1057.55,99.43,49.32,20.38,0.87,4,-1,-1
88,84,1116.32,74.63,13.58,24.19,0.98,1,-1,-1
88,88,766.10,23.24,27.50,25.24,0.91,4,-1,-1
88,89,799.49,24.70,26.30,23.89,0.96,4,-1,-1
88,90,824.76,24.70,28.01,23.57,0.92,4,-1,-1
88,91,855.93,25.83,25.36,25.06,0.80,4,-1,-1
88,92,988.88,27.57,29.03,24.14,0.98,4,-1,-1
88,94,1006.99,67.28,13.66,25.27,0.81,1,-1,-1
88,95,1017.91,27.48,27.67,26.20,0.99,4,-1,-1
88,97,1020.65,69.64,13.66,26.15,0.74,1,-1,-1
88,98,1046.78,29.95,29.38,25.90,0.97,4,-1,-1
88,99,1240.78,30.06,40.65,25.34,0.98,4,-1,-1
88,100,473.43,139.06,67.45,27.32,0.92,4,-1,-1
88,101,508.01,79.67,56.35,22.31,0.96,4,-1,-1
88,102,736.82,20.78,25.61,26.31,0.96,4,-1,-1
88,103,993.82,97.01,11.95,23.27,0.87,1,-1,-1
88,104,1151.77,28.98,13.66,27.69,0.83,1,-1,-1
89,6,173.76,693.79,137.85,62.90,1.00,4,-1,-1
89,8,742.29,668.26,125.96,94.82,0.98,4,-1,-1
89,13,1300.75,499.32,58.30,54.94,0.95,4,-1,-1
89,14,1337.79,544.06,20.50,60.76,0.18,4,-1,-1
89,18,1168.31,300.02,97.45,47.44,0.99,4,-1,-1
89,23,1158.60,276.14,94.57,40.68,0.99,4,-1,-1
89,24,550.71,291.72,16.29,31.82,0.76,1,-1,-1
89,25,593.05,288.10,13.63,31.34,0.96,1,-1,-1
89,26,571.49,285.11,14.47,32.20,0.93,1,-1,-1
89,28,561.65,285.14,13.62,32.21,0.50,1,-1,-1
89,31,406.21,262.90,91.52,38.59,0.99,4,-1,-1
89,39,581.68,266.44,13.36,30.72,0.83,1,-1,-1
89,42,422.65,236.72,86.79,36.73,0.86,4,-1,-1
89,47,1121.25,206.38,82.48,42.33,0.99,4,-1,-1
89,48,438.59,207.74,84.02,35.26,1.00,4,-1,-1
89,50,551.98,277.75,15.04,36.21,0.64,1,-1,-1
89,54,620.60,219.88,37.92,52.40,0.96,4,-1,-1
89,55,1097.81,174.52,66.09,31.55,0.99,4,-1,-1
89,38,544.12,262.48,14.78,35.71,0.71,1,-1,-1
89,59,750.69,168.60,71.57,33.72,0.99,4,-1,-1
89,60,466.41,155.97,64.82,34.01,0.97,4,-1,-1
89,61,1089.48,147.66,61.33,29.01,0.98,4,-1,-1
89,63,495.84,109.25,63.84,29.31,0.97,4,-1,-1
89,64,753.10,112.66,60.44,25.54,0.98,4,-1,-1
89,65,759.77,123.82,62.27,31.01,0.98,4,-1,-1
89,66,1001.26,118.57,12.36,24.22,0.70,1,-1,-1
89,69,1033.99,133.74,16.66,27.32,0.18,1,-1,-1
89,70,1061.89,120.26,59.62,21.04,0.96,4,-1,-1
89,71,1073.57,130.94,64.88,27.80,0.98,4,-1,-1
89,72,1241.89,121.32,69.96,28.55,0.99,4,-1,-1
89,73,500.23,93.94,60.84,25.57,0.95,4,-1,-1
89,74,519.73,70.75,51.99,21.61,0.96,4,-1,-1
89,76,600.97,81.40,35.31,39.72,0.91,4,-1,-1
89,77,741.01,70.78,57.23,23.73,0.99,4,-1,-1
89,78,747.70,85.06,57.57,22.09,0.98,4,-1,-1
89,79,757.73,97.92,53.25,23.54,0.98,4,-1,-1
89,80,995.12,94.30,13.31,26.08,0.64,1,-1,-1
89,81,1033.12,80.33,50.50,18.92,0.98,4,-1,-1
89,82,1036.47,92.29,57.41,21.43,0.93,4,-1,-1
89,83,1057.71,104.38,50.92,21.43,0.92,4,-1,-1
89,84,1116.73,79.51,13.67,24.12,0.96,1,-1,-1
89,88,765.52,25.26,28.04,26.66,0.91,4,-1,-1
89,89,799.53,26.95,26.45,25.27,0.94,4,-1,-1
89,90,825.43,27.02,26.80,24.87,0.91,4,-1,-1
89,91,855.60,28.38,25.58,26.52,0.84,4,-1,-1
89,92,988.18,30.79,29.05,24.74,0.98,4,-1,-1
89,94,1006.82,71.10,13.67,25.22,0.79,1,-1,-1
89,95,1018.55,30.75,27.41,26.69,0.98,4,-1,-1
89,97,1020.49,73.27,13.67,25.92,0.56,1,-1,-1
89,98,1045.56,33.37,30.46,26.21,0.97,4,-1,-1
89,99,1240.91,33.94,39.63,25.17,0.99,4,-1,-1
89,101,508.47,81.83,54.34,21.72,0.95,4,-1,-1
89,102,736.75,23.52,26.31,26.28,0.93,4,-1,-1
89,103,993.22,98.65,13.33,23.84,0.83,1,-1,-1
89,104,1151.96,31.33,13.67,26.58,0.82,1,-1,-1
90,6,170.35,697.62,138.26,62.63,1.00,4,-1,-1
90,8,741.69,671.30,127.05,93.34,0.99,4,-1,-1
90,13,1302.76,501.68,56.50,56.49,0.95,4,-1,-1
90,18,1168.56,301.62,98.57,47.67,0.99,4,-1,-1
90,23,1158.45,277.14,95.28,42.27,0.99,4,-1,-1
90,24,549.64,293.82,16.30,31.42,0.86,1,-1,-1
90,25,592.20,289.81,13.64,31.74,0.97,1,-1,-1
90,26,571.33,286.98,13.99,32.06,0.92,1,-1,-1
90,28,561.22,286.84,13.70,32.39,0.70,1,-1,-1
90,31,404.98,264.62,92.56,38.74,0.99,4,-1,-1
90,39,580.69,268.16,13.02,30.93,0.78,1,-1,-1
90,42,421.75,238.68,86.58,36.43,0.90,4,-1,-1
90,47,1121.36,207.91,83.22,42.59,1.00,4,-1,-1
90,48,438.04,209.51,84.41,35.11,1.00,4,-1,-1
90,50,550.68,279.26,14.79,35.27,0.69,1,-1,-1
90,54,619.90,223.50,38.28,52.83,0.99,4,-1,-1
90,55,1098.15,176.64,66.22,31.36,0.99,4,-1,-1
90,38,542.83,264.57,14.64,34.73,0.75,1,-1,-1
90,59,750.85,170.55,71.06,33.10,0.99,4,-1,-1
90,60,465.02,157.66,65.45,33.78,0.97,4,-1,-1
90,61,1089.67,149.34,61.25,28.92,0.98,4,-1,-1
90,63,495.34,110.77,63.95,29.11,0.97,4,-1,-1
90,64,752.53,114.30,60.55,24.96,0.99,4,-1,-1
90,65,759.00,125.50,62.94,30.71,0.99,4,-1,-1
90,66,1001.12,120.12,12.01,23.91,0.77,1,-1,-1
90,69,1034.79,135.65,15.92,27.45,0.41,1,-1,-1
90,70,1062.28,121.78,59.73,21.03,0.97,4,-1,-1
90,71,1073.56,132.64,64.89,27.96,0.98,4,-1,-1
90,72,1243.42,122.53,68.84,28.91,0.99,4,-1,-1
90,73,500.17,95.58,60.62,25.10,0.96,4,-1,-1
90,74,518.01,71.48,53.75,21.58,0.98,4,-1,-1
90,76,601.37,82.55,34.62,39.79,0.62,4,-1,-1
90,77,740.93,72.40,57.20,23.69,0.99,4,-1,-1
90,78,746.92,86.39,59.02,22.52,0.98,4,-1,-1
90,79,756.83,99.20,54.51,24.39,0.98,4,-1,-1
90,80,995.92,94.47,12.47,25.37,0.66,1,-1,-1
90,81,1032.85,81.96,50.10,19.00,0.98,4,-1,-1
90,82,1037.42,93.93,57.17,21.65,0.92,4,-1,-1
90,83,1057.09,106.30,52.67,21.47,0.92,4,-1,-1
90,84,1117.42,81.14,13.70,24.85,0.96,1,-1,-1
90,88,765.28,25.97,28.22,27.64,0.90,4,-1,-1
90,89,799.15,27.72,27.17,26.47,0.94,4,-1,-1
90,90,825.58,27.84,27.12,25.81,0.91,4,-1,-1
90,91,855.76,29.59,25.31,27.17,0.87,4,-1,-1
90,92,988.50,31.90,29.05,25.16,0.99,4,-1,-1
90,94,1007.32,72.01,13.67,24.86,0.84,1,-1,-1
90,95,1018.64,31.87,27.33,26.78,0.98,4,-1,-1
90,97,1020.99,74.42,12.34,25.66,0.71,1,-1,-1
90,98,1045.04,34.92,30.81,26.20,0.99,4,-1,-1
90,99,1241.41,35.36,39.27,25.21,0.99,4,-1,-1
90,101,507.80,82.80,54.62,21.69,0.97,4,-1,-1
90,102,736.32,24.50,26.45,26.11,0.93,4,-1,-1
90,103,993.08,99.91,13.59,23.42,0.83,1,-1,-1
90,104,1151.97,32.85,13.68,25.55,0.86,1,-1,-1
90,105,471.29,142.16,68.30,27.96,0.68,4,-1,-1
90,106,1110.79,82.50,13.66,23.27,0.66,1,-1,-1
90,75,595.58,86.62,14.43,27.46,0.69,1,-1,-1
91,6,166.98,701.95,139.21,61.41,1.00,4,-1,-1
91,8,741.23,675.13,127.43,90.51,0.99,4,-1,-1
91,13,1304.65,504.24,54.74,58.76,0.89,4,-1,-1
91,18,1170.44,303.33,97.85,47.49,0.99,4,-1,-1
91,23,1159.63,279.05,95.54,42.31,0.99,4,-1,-1
91,24,549.32,295.36,15.74,31.27,0.86,1,-1,-1
91,25,591.42,291.19,14.20,32.18,0.97,1,-1,-1
91,26,570.53,288.56,14.36,32.01,0.92,1,-1,-1
91,28,561.15,288.08,13.17,32.46,0.76,1,-1,-1
91,31,403.76,265.98,92.95,39.37,0.99,4,-1,-1
91,39,579.28,269.41,13.44,32.74,0.76,1,-1,-1
91,42,420.80,240.14,87.49,36.05,0.92,4,-1,-1
91,47,1122.66,208.95,83.49,43.20,0.99,4,-1,-1
91,48,436.94,210.97,84.69,35.28,0.99,4,-1,-1
91,50,549.42,280.57,14.67,34.88,0.70,1,-1,-1
91,54,619.45,227.12,38.41,53.25,0.94,4,-1,-1
91,55,1098.42,178.19,67.44,31.39,0.99,4,-1,-1
91,38,541.89,266.10,14.58,34.64,0.63,1,-1,-1
91,59,751.03,171.70,70.88,33.15,0.99,4,-1,-1
91,60,464.32,158.26,65.67,34.46,0.99,4,-1,-1
91,61,1090.49,150.10,61.24,29.50,0.98,4,-1,-1
91,63,494.65,111.46,63.99,29.50,0.98,4,-1,-1
91,64,752.15,115.17,60.59,24.92,0.99,4,-1,-1
91,65,758.56,126.01,63.17,31.25,0.98,4,-1,-1
91,66,1001.83,121.06,11.91,23.82,0.72,1,-1,-1
91,69,1035.29,136.67,15.59,27.35,0.62,1,-1,-1
91,70,1063.17,122.72,59.76,21.20,0.97,4,-1,-1
91,71,1074.32,133.52,64.89,28.65,0.98,4,-1,-1
91,72,1244.77,123.42,68.43,29.04,0.98,4,-1,-1
91,73,499.32,96.36,60.56,25.26,0.97,4,-1,-1
91,74,516.84,71.99,54.95,21.84,0.98,4,-1,-1
91,76,601.36,83.50,34.34,39.39,0.83,4,-1,-1
91,77,741.02,73.19,57.19,23.68,0.99,4,-1,-1
91,78,746.50,87.00,59.44,22.50,0.98,4,-1,-1
91,79,756.97,99.70,54.29,24.79,0.98,4,-1,-1
91,80,996.34,94.48,13.38,25.42,0.57,1,-1,-1
91,81,1032.91,82.95,49.87,18.93,0.97,4,-1,-1
91,82,1037.93,94.88,58.18,21.71,0.96,4,-1,-1
91,83,1057.60,107.28,53.21,21.12,0.92,4,-1,-1
91,84,1119.57,83.18,13.70,24.17,0.90,1,-1,-1
91,88,765.34,26.46,28.25,28.02,0.91,4,-1,-1
91,89,799.14,28.14,27.38,26.95,0.95,4,-1,-1
91,90,825.38,28.41,27.23,26.31,0.92,4,-1,-1
91,91,855.92,30.26,25.21,27.46,0.90,4,-1,-1
91,92,988.70,32.67,29.04,24.96,0.98,4,-1,-1
91,94,1008.20,72.61,13.67,25.08,0.85,1,-1,-1
91,95,1018.73,32.57,28.60,27.06,0.98,4,-1,-1
91,97,1021.21,74.63,13.28,26.08,0.74,1,-1,-1
91,98,1045.63,35.60,30.88,26.55,0.99,4,-1,-1
91,99,1242.27,36.23,39.18,25.21,0.98,4,-1,-1
91,101,506.46,83.50,56.69,21.93,0.98,4,-1,-1
91,102,736.32,25.19,26.49,26.01,0.94,4,-1,-1
91,103,993.73,100.89,13.68,23.10,0.70,1,-1,-1
91,104,1152.64,32.13,13.67,25.53,0.91,1,-1,-1
91,105,470.70,143.15,68.35,28.15,0.88,4,-1,-1
91,75,595.10,87.61,14.58,27.28,0.57,1,-1,-1
92,6,163.36,706.07,140.38,58.67,1.00,4,-1,-1
92,8,740.44,679.69,128.11,86.57,0.98,4,-1,-1
92,13,1306.41,507.83,53.00,57.96,0.92,4,-1,-1
92,18,1170.60,305.62,98.70,47.15,0.99,4,-1,-1
92,23,1160.09,280.86,96.77,42.33,0.99,4,-1,-1
92,24,548.63,297.67,15.51,30.65,0.93,1,-1,-1
92,25,591.11,292.88,13.85,32.07,0.98,1,-1,-1
92,26,569.93,290.18,13.93,32.00,0.94,1,-1,-1
92,28,560.27,289.57,12.95,32.77,0.79,1,-1,-1
92,31,402.44,268.07,93.66,39.06,0.99,4,-1,-1
92,39,578.47,271.19,13.04,32.85,0.90,1,-1,-1
92,42,420.28,242.26,86.85,35.91,0.92,4,-1,-1
92,47,1123.19,210.69,83.60,43.44,0.99,4,-1,-1
92,48,436.21,212.46,84.79,35.42,0.99,4,-1,-1
92,50,548.65,282.93,14.05,33.88,0.70,1,-1,-1
92,54,618.71,230.73,38.45,53.37,0.99,4,-1,-1
92,55,1099.11,179.69,67.91,31.37,1.00,4,-1,-1
92,38,540.96,267.70,14.56,34.32,0.61,1,-1,-1
92,59,750.82,173.00,70.82,33.03,0.99,4,-1,-1
92,60,463.46,159.76,65.75,34.27,0.98,4,-1,-1
92,61,1090.83,151.26,62.45,29.87,0.98,4,-1,-1
92,63,494.09,112.33,64.01,29.49,0.98,4,-1,-1
92,64,752.63,116.32,60.01,24.92,0.99,4,-1,-1
92,65,758.42,127.26,63.24,31.45,0.98,4,-1,-1
92,66,1002.11,122.03,11.88,23.95,0.59,1,-1,-1
92,69,1036.08,137.59,15.46,27.61,0.57,1,-1,-1
92,70,1063.53,123.69,59.77,21.42,0.98,4,-1,-1
92,71,1075.23,134.86,64.89,28.91,0.96,4,-1,-1
92,72,1245.89,124.31,68.30,29.09,0.98,4,-1,-1
92,73,498.11,97.86,61.16,25.40,0.95,4,-1,-1
92,74,516.34,73.07,54.78,21.49,0.98,4,-1,-1
92,76,601.97,84.66,32.41,38.49,0.71,5,-1,-1
92,77,740.75,73.96,57.19,24.11,0.99,4,-1,-1
92,78,747.27,88.09,57.72,22.02,0.99,4,-1,-1
92,79,757.65,100.81,52.96,24.28,0.99,4,-1,-1
92,80,995.89,96.48,13.66,26.69,0.55,1,-1,-1
92,81,1032.96,83.85,49.77,19.27,0.98,4,-1,-1
92,82,1038.13,95.53,58.48,21.63,0.94,4,-1,-1
92,83,1056.61,108.00,54.53,21.37,0.94,4,-1,-1
92,84,1120.91,84.78,13.69,24.32,0.93,1,-1,-1
92,88,765.68,27.11,27.63,28.01,0.93,4,-1,-1
92,89,799.45,28.91,26.81,26.71,0.95,4,-1,-1
92,90,825.30,29.05,27.90,26.52,0.93,4,-1,-1
92,91,855.97,30.90,25.18,27.46,0.93,4,-1,-1
92,92,988.77,33.47,29.04,24.82,0.98,4,-1,-1
92,94,1008.48,73.15,13.66,25.46,0.70,1,-1,-1
92,95,1018.76,33.16,29.01,27.35,0.99,4,-1,-1
92,97,1021.29,75.38,13.54,26.22,0.53,1,-1,-1
92,98,1045.86,36.16,30.88,26.85,0.99,4,-1,-1
92,99,1243.16,36.89,39.17,25.30,0.99,4,-1,-1
92,101,505.75,84.40,57.33,22.16,0.98,4,-1,-1
92,102,736.02,25.94,26.49,25.78,0.95,4,-1,-1
92,103,993.93,100.55,13.70,24.47,0.70,1,-1,-1
92,104,1153.47,32.44,13.67,26.28,0.91,1,-1,-1
92,105,469.87,144.59,68.37,28.20,0.84,4,-1,-1
92,75,594.64,88.60,14.62,27.83,0.67,1,-1,-1
92,107,1113.35,85.33,13.66,24.17,0.68,1,-1,-1
93,6,160.02,710.33,141.65,54.72,0.99,4,-1,-1
93,8,739.89,684.05,128.36,82.19,0.96,4,-1,-1
93,13,1306.94,509.81,52.46,58.17,0.92,4,-1,-1
93,18,1171.18,307.28,99.02,47.29,0.99,4,-1,-1
93,23,1160.78,282.47,96.11,41.75,0.99,4,-1,-1
93,24,547.77,298.72,15.43,31.27,0.91,1,-1,-1
93,25,590.11,294.26,14.29,32.31,0.97,1,-1,-1
93,26,569.10,291.95,13.77,32.00,0.92,1,-1,-1
93,28,559.33,291.44,12.88,32.32,0.81,1,-1,-1
93,31,400.92,269.49,94.35,38.92,0.99,4,-1,-1
93,39,577.28,272.62,12.89,32.61,0.90,1,-1,-1
93,42,418.34,243.26,87.74,36.14,0.92,4,-1,-1
93,47,1123.34,211.72,84.78,43.80,0.99,4,-1,-1
93,48,435.47,214.07,84.69,34.89,0.99,4,-1,-1
93,50,547.47,284.42,14.96,34.93,0.81,1,-1,-1
93,54,618.39,234.05,38.47,53.66,0.99,4,-1,-1
93,55,1099.34,180.75,68.10,31.44,1.00,4,-1,-1
93,38,540.30,269.48,14.55,35.06,0.76,1,-1,-1
93,59,749.83,173.88,71.97,33.25,0.99,4,-1,-1
93,60,462.50,160.74,65.78,33.90,0.98,4,-1,-1
93,61,1090.90,152.39,62.90,29.72,0.97,4,-1,-1
93,63,493.53,113.22,64.02,29.19,0.98,4,-1,-1
93,64,752.17,116.62,60.40,25.80,0.99,4,-1,-1
93,65,758.32,128.40,63.27,31.23,0.98,4,-1,-1
93,66,1002.75,122.29,11.88,24.16,0.54,1,-1,-1
93,69,1035.73,138.42,16.59,27.71,0.63,1,-1,-1
93,70,1063.62,124.23,60.95,21.35,0.98,4,-1,-1
93,71,1075.51,135.83,66.07,28.55,0.98,4,-1,-1
93,72,1246.26,125.02,69.44,28.79,0.98,4,-1,-1
93,73,497.33,98.56,61.38,25.50,0.94,4,-1,-1
93,74,516.02,73.79,54.71,21.30,0.96,4,-1,-1
93,76,600.61,85.31,33.56,38.65,0.85,4,-1,-1
93,77,740.29,74.29,57.20,24.62,0.99,4,-1,-1
93,78,747.53,89.28,57.61,21.46,0.99,4,-1,-1
93,79,757.26,101.52,53.04,24.14,0.99,4,-1,-1
93,80,995.64,97.22,13.76,26.67,0.52,1,-1,-1
93,81,1033.52,84.28,53.26,20.26,0.99,4,-1,-1
93,82,1037.55,96.03,59.70,21.95,0.91,4,-1,-1
93,83,1056.18,108.64,54.97,21.11,0.92,4,-1,-1
93,84,1121.86,85.98,13.69,24.52,0.96,1,-1,-1
93,88,765.12,27.51,28.02,28.17,0.90,4,-1,-1
93,89,799.18,29.37,27.21,26.85,0.91,4,-1,-1
93,90,825.19,29.47,28.13,26.60,0.87,4,-1,-1
93,91,856.52,31.15,25.18,27.92,0.72,4,-1,-1
93,92,988.71,33.91,29.04,24.74,0.98,4,-1,-1
93,94,1009.08,73.39,13.67,25.75,0.77,1,-1,-1
93,95,1018.67,33.41,29.14,27.68,0.99,4,-1,-1
93,97,1021.83,75.81,13.64,26.19,0.61,1,-1,-1
93,98,1046.46,36.51,30.86,27.06,0.98,4,-1,-1
93,99,1243.95,37.38,39.18,25.30,0.98,4,-1,-1
93,101,504.57,84.93,58.11,22.46,0.98,4,-1,-1
93,102,735.55,26.24,27.11,26.18,0.96,4,-1,-1
93,103,993.91,101.22,13.70,24.15,0.72,1,-1,-1
93,104,1154.25,32.77,12.43,26.82,0.88,1,-1,-1
93,105,469.02,145.64,68.35,27.69,0.88,4,-1,-1
93,75,594.13,89.76,14.62,27.13,0.68,1,-1,-1
93,107,1114.19,86.96,13.67,23.93,0.91,1,-1,-1
93,108,856.36,31.06,24.76,27.69,0.85,5,-1,-1
93,109,1166.28,34.95,11.95,26.25,0.61,1,-1,-1
94,6,157.07,714.55,142.56,50.36,0.99,4,-1,-1
94,8,738.87,688.67,128.97,77.11,0.98,4,-1,-1
94,13,1308.24,512.52,51.15,58.24,0.93,4,-1,-1
94,18,1172.00,308.47,99.12,48.20,0.99,4,-1,-1
94,23,1161.09,283.95,96.97,42.67,0.99,4,-1,-1
94,24,546.98,300.19,15.40,31.49,0.93,1,-1,-1
94,25,589.56,295.85,13.89,32.40,0.94,1,-1,-1
94,26,568.61,293.56,13.70,32.28,0.95,1,-1,-1
94,28,558.52,293.50,12.84,31.57,0.84,1,-1,-1
94,31,399.62,270.95,94.87,38.88,0.99,4,-1,-1
94,39,576.10,273.81,12.82,31.94,0.89,1,-1,-1
94,42,416.88,243.99,88.91,36.79,0.88,4,-1,-1
94,47,1124.03,212.90,85.22,44.15,0.99,4,-1,-1
94,48,435.02,215.10,84.07,35.19,0.99,4,-1,-1
94,50,547.13,285.36,14.73,35.03,0.72,1,-1,-1
94,54,617.81,237.60,39.03,53.74,1.00,4,-1,-1
94,55,1100.06,181.64,68.18,31.72,1.00,4,-1,-1
94,38,539.60,271.08,13.97,34.48,0.79,1,-1,-1
94,59,749.56,174.66,72.39,33.76,0.99,4,-1,-1
94,60,461.98,161.79,65.78,33.77,0.99,4,-1,-1
94,61,1091.58,153.34,63.07,29.67,0.98,4,-1,-1
94,63,492.86,114.03,64.02,29.08,0.99,4,-1,-1
94,64,752.39,117.33,60.53,26.13,0.98,4,-1,-1
94,65,758.40,129.40,63.26,31.16,0.97,4,-1,-1
94,66,1003.06,122.92,11.89,23.80,0.52,1,-1,-1
94,69,1036.79,139.56,15.86,27.16,0.71,1,-1,-1
94,70,1064.30,125.03,61.37,21.47,0.98,4,-1,-1
94,71,1076.26,136.65,65.34,28.28,0.98,4,-1,-1
94,72,1247.02,125.98,69.85,28.54,0.98,4,-1,-1
94,73,496.88,98.98,62.04,26.09,0.94,4,-1,-1
94,74,515.10,74.21,55.27,21.62,0.97,4,-1,-1
94,76,600.25,86.02,33.95,38.53,0.89,4,-1,-1
94,77,739.63,75.02,57.78,24.51,0.99,4,-1,-1
94,78,747.14,90.27,58.12,21.36,0.99,4,-1,-1
94,79,756.93,102.38,53.05,23.79,0.99,4,-1,-1
94,80,997.34,96.36,13.78,26.88,0.56,1,-1,-1
94,81,1033.79,85.08,54.49,20.12,0.99,4,-1,-1
94,82,1037.98,96.70,60.10,21.99,0.90,4,-1,-1
94,83,1056.68,108.75,55.08,21.59,0.91,4,-1,-1
94,84,1122.81,87.18,13.69,24.01,0.97,1,-1,-1
94,88,765.31,28.06,27.56,28.39,0.92,4,-1,-1
94,89,798.88,30.00,27.34,26.94,0.92,4,-1,-1
94,90,825.23,29.97,28.21,27.08,0.86,4,-1,-1
94,91,856.19,31.67,25.77,27.80,0.95,4,-1,-1
94,92,989.36,34.61,29.04,24.47,0.97,4,-1,-1
94,94,1009.93,73.57,13.66,26.06,0.72,1,-1,-1
94,95,1018.70,34.01,29.16,27.70,0.99,4,-1,-1
94,97,1022.67,76.54,13.67,25.95,0.44,1,-1,-1
94,98,1046.75,37.01,30.84,26.92,0.99,4,-1,-1
94,99,1244.85,38.07,39.19,25.30,0.99,4,-1,-1
94,101,503.71,85.60,58.33,23.01,0.98,4,-1,-1
94,102,735.79,26.88,26.72,26.09,0.95,4,-1,-1
94,103,994.55,101.03,13.69,24.32,0.80,1,-1,-1
94,104,1154.53,33.74,13.26,27.17,0.86,1,-1,-1
94,105,469.23,146.62,67.69,27.21,0.92,4,-1,-1
94,75,594.07,90.15,14.61,27.47,0.81,1,-1,-1
94,107,1115.08,88.09,13.67,23.15,0.93,1,-1,-1
95,6,153.52,722.84,143.45,42.86,0.91,4,-1,-1
95,8,737.65,696.20,130.31,70.00,0.94,4,-1,-1
95,13,1309.83,517.92,49.58,59.94,0.90,4,-1,-1
95,18,1172.88,312.33,100.29,49.11,0.99,4,-1,-1
95,23,1162.35,287.63,97.29,43.02,0.99,4,-1,-1
95,24,546.11,304.72,15.38,31.02,0.87,1,-1,-1
95,25,588.78,300.01,13.73,32.44,0.93,1,-1,-1
95,26,568.14,297.28,13.68,32.11,0.94,1,-1,-1
95,28,557.65,296.83,12.83,31.86,0.80,1,-1,-1
95,31,398.27,274.62,95.07,39.14,0.99,4,-1,-1
95,39,574.52,277.67,12.80,31.98,0.81,1,-1,-1
95,42,416.17,247.96,88.37,36.76,0.93,4,-1,-1
95,47,1124.87,216.04,85.39,44.14,0.99,4,-1,-1
95,48,433.84,218.27,83.41,35.37,0.99,4,-1,-1
95,50,547.00,289.82,14.06,33.37,0.70,1,-1,-1
95,54,617.02,243.42,39.24,54.59,0.99,4,-1,-1
95,55,1100.36,184.57,68.22,31.94,0.99,4,-1,-1
95,38,538.77,274.81,14.33,35.12,0.72,1,-1,-1
95,59,748.89,177.57,73.12,33.95,0.99,4,-1,-1
95,60,461.19,164.13,65.78,34.44,0.98,4,-1,-1
95,61,1092.43,155.57,63.14,30.51,0.97,4,-1,-1
95,63,492.59,116.79,63.45,29.04,0.95,4,-1,-1
95,64,751.90,120.33,61.75,25.67,0.99,4,-1,-1
95,65,757.85,131.92,63.83,31.28,0.97,4,-1,-1
95,66,1003.18,125.37,11.90,23.83,0.53,1,-1,-1
95,69,1037.23,142.13,15.56,26.82,0.65,1,-1,-1
95,70,1065.14,127.41,60.38,21.67,0.97,4,-1,-1
95,71,1077.13,139.31,65.06,28.33,0.99,4,-1,-1
95,72,1247.33,128.56,70.00,29.02,0.99,4,-1,-1
95,73,496.13,100.70,61.71,26.93,0.88,4,-1,-1
95,74,515.01,76.55,54.89,22.47,0.94,4,-1,-1
95,76,599.53,88.27,34.10,38.97,0.62,4,-1,-1
95,77,739.96,77.13,57.42,24.82,0.99,4,-1,-1
95,78,746.42,92.50,58.86,21.69,0.99,4,-1,-1
95,79,755.94,104.93,54.79,24.16,0.98,4,-1,-1
95,80,997.41,98.89,13.77,26.30,0.65,1,-1,-1
95,81,1033.34,87.56,57.20,20.33,0.99,4,-1,-1
95,82,1038.73,99.14,60.21,22.25,0.87,4,-1,-1
95,83,1058.03,111.47,55.08,22.20,0.88,4,-1,-1
95,84,1124.29,89.99,13.68,24.09,0.95,1,-1,-1
95,88,765.08,30.42,27.98,28.38,0.93,4,-1,-1
95,89,798.76,32.16,27.38,27.02,0.93,4,-1,-1
95,90,825.24,32.42,28.23,26.72,0.87,4,-1,-1
95,91,855.77,33.78,26.27,27.60,0.97,4,-1,-1
95,92,989.58,36.40,29.04,25.14,0.97,4,-1,-1
95,94,1010.81,76.20,13.66,25.59,0.75,1,-1,-1
95,95,1019.29,36.43,29.16,27.88,0.99,4,-1,-1
95,97,1022.96,78.89,13.68,26.45,0.49,1,-1,-1
95,98,1046.85,39.38,30.83,26.94,0.99,4,-1,-1
95,99,1245.74,40.32,39.21,25.56,0.99,4,-1,-1
95,101,504.01,87.48,57.20,23.53,0.96,4,-1,-1
95,102,736.47,29.15,25.98,26.26,0.95,4,-1,-1
95,103,995.36,104.40,12.51,23.16,0.81,1,-1,-1
95,104,1155.81,34.96,12.35,27.18,0.86,1,-1,-1
95,105,468.07,149.20,68.72,27.38,0.87,4,-1,-1
95,75,593.46,92.47,15.18,27.88,0.75,1,-1,-1
95,107,1116.61,91.13,13.67,23.09,0.83,1,-1,-1
95,110,998.94,96.48,13.66,25.08,0.73,1,-1,-1
96,6,150.76,733.89,143.54,32.80,0.58,4,-1,-1
96,8,737.66,707.58,131.36,59.69,0.64,4,-1,-1
96,13,1311.38,527.69,47.90,58.90,0.84,4,-1,-1
96,18,1173.62,320.71,99.59,48.60,0.99,4,-1,-1
96,23,1162.67,295.66,97.41,43.42,0.99,4,-1,-1
96,24,544.56,312.83,15.95,31.40,0.91,1,-1,-1
96,25,587.82,308.12,13.68,32.17,0.94,1,-1,-1
96,26,567.02,305.51,14.24,32.32,0.94,1,-1,-1
96,28,556.66,304.49,12.82,32.25,0.87,1,-1,-1
96,31,397.12,282.56,95.13,39.24,0.99,4,-1,-1
96,39,572.71,285.39,13.37,33.41,0.87,1,-1,-1
96,42,415.68,256.44,87.44,36.18,0.90,4,-1,-1
96,47,1124.48,223.81,85.44,44.34,0.99,4,-1,-1
96,48,433.16,226.30,83.01,35.43,0.99,4,-1,-1
96,50,546.02,297.90,14.38,33.87,0.74,1,-1,-1
96,54,616.33,253.65,39.32,55.16,0.99,4,-1,-1
96,55,1100.89,192.78,67.10,31.43,0.99,4,-1,-1
96,38,537.80,282.77,13.90,35.63,0.62,1,-1,-1
96,59,749.10,185.26,72.25,33.93,0.99,4,-1,-1
96,60,459.94,171.29,66.35,34.97,0.99,4,-1,-1
96,61,1092.60,163.22,63.16,30.54,0.98,4,-1,-1
96,63,491.81,124.02,63.82,29.60,0.98,4,-1,-1
96,64,751.30,127.48,61.62,25.49,0.99,4,-1,-1
96,65,757.82,138.69,63.47,31.90,0.98,4,-1,-1
96,66,1003.08,132.76,11.90,23.69,0.54,1,-1,-1
96,69,1036.66,149.47,16.60,26.83,0.53,1,-1,-1
96,70,1064.74,134.97,59.99,21.59,0.98,4,-1,-1
96,71,1076.73,146.55,64.95,28.92,0.98,4,-1,-1
96,72,1247.29,136.05,70.05,28.91,0.98,4,-1,-1
96,73,495.18,107.88,62.73,26.84,0.97,4,-1,-1
96,74,514.55,84.39,54.74,22.29,0.96,4,-1,-1
96,76,598.86,95.39,34.15,39.49,0.68,4,-1,-1
96,77,739.39,84.73,57.86,24.64,0.99,4,-1,-1
96,78,745.17,99.28,59.68,22.48,0.99,4,-1,-1
96,79,755.45,112.12,55.42,24.90,0.98,4,-1,-1
96,80,997.84,104.84,12.62,26.53,0.75,1,-1,-1
96,81,1034.13,94.63,55.96,20.57,0.99,4,-1,-1
96,82,1039.44,106.44,57.92,22.33,0.92,4,-1,-1
96,83,1058.97,119.16,53.90,21.99,0.89,4,-1,-1
96,84,1124.64,98.03,13.68,24.51,0.94,1,-1,-1
96,88,764.87,38.03,28.13,27.68,0.95,4,-1,-1
96,89,798.58,39.79,26.81,26.45,0.92,4,-1,-1
96,90,824.52,39.67,28.23,26.70,0.90,4,-1,-1
96,91,855.18,41.51,26.17,27.36,0.94,4,-1,-1
96,92,988.93,43.60,29.04,25.21,0.99,4,-1,-1
96,94,1010.96,83.25,13.66,25.85,0.67,1,-1,-1
96,95,1018.77,43.48,29.15,28.00,0.98,4,-1,-1
96,97,1022.90,85.99,13.68,26.67,0.68,1,-1,-1
96,98,1046.73,46.70,30.81,26.72,0.99,4,-1,-1
96,99,1245.29,47.25,39.22,25.90,0.99,4,-1,-1
96,101,504.05,94.90,56.74,23.31,0.98,4,-1,-1
96,102,735.70,36.59,26.30,26.04,0.96,4,-1,-1
96,103,995.50,112.22,12.07,22.91,0.85,1,-1,-1
96,104,1155.48,41.54,12.01,27.03,0.88,1,-1,-1
96,105,466.70,156.78,69.07,28.66,0.24,4,-1,-1
96,75,592.84,99.76,14.82,27.81,0.82,1,-1,-1
96,107,1116.92,99.07,13.67,23.13,0.74,1,-1,-1
96,111,1121.03,98.19,13.66,24.12,0.74,1,-1,-1
97,6,152.19,744.01,137.35,22.42,0.14,4,-1,-1
97,8,739.43,720.19,130.61,46.90,0.35,4,-1,-1
97,13,1313.79,537.74,45.01,59.05,0.75,4,-1,-1
97,18,1174.07,328.93,100.46,48.98,0.99,4,-1,-1
97,23,1163.54,304.32,97.45,43.30,0.99,4,-1,-1
97,24,543.79,320.99,16.15,31.55,0.79,1,-1,-1
97,25,587.01,316.57,14.22,32.07,0.94,1,-1,-1
97,26,566.41,314.14,13.88,32.13,0.90,1,-1,-1
97,28,555.82,313.48,13.39,31.56,0.80,1,-1,-1
97,31,396.21,290.50,95.15,39.58,0.99,4,-1,-1
97,39,571.87,293.70,13.57,32.00,0.93,1,-1,-1
97,42,414.17,264.00,87.95,36.83,0.81,4,-1,-1
97,47,1125.09,231.93,85.46,44.43,0.99,4,-1,-1
97,48,431.29,233.71,84.58,36.04,0.98,4,-1,-1
97,50,545.46,306.05,13.93,33.50,0.68,1,-1,-1
97,54,615.91,263.96,39.34,55.37,0.99,4,-1,-1
97,55,1100.72,200.54,67.83,31.77,0.99,4,-1,-1
97,38,536.98,290.59,13.73,36.11,0.71,1,-1,-1
97,59,748.47,193.35,72.49,33.87,0.99,4,-1,-1
97,60,459.29,179.12,66.57,35.19,0.99,4,-1,-1
97,61,1092.86,170.97,63.18,30.56,0.97,4,-1,-1
97,63,491.91,131.75,63.39,29.54,0.97,4,-1,-1
97,64,751.23,135.35,61.00,24.72,0.99,4,-1,-1
97,65,757.67,146.42,63.32,31.86,0.99,4,-1,-1
97,66,1003.22,140.61,11.91,23.94,0.54,1,-1,-1
97,69,1037.20,156.81,15.86,26.57,0.49,1,-1,-1
97,70,1064.20,142.75,61.00,21.86,0.96,4,-1,-1
97,71,1076.77,154.29,64.92,29.16,0.98,4,-1,-1
97,72,1247.50,143.90,70.08,29.16,0.99,4,-1,-1
97,73,495.23,115.90,61.97,26.35,0.93,4,-1,-1
97,74,512.46,92.02,56.42,22.69,0.97,4,-1,-1
97,76,598.47,103.20,34.74,39.52,0.90,4,-1,-1
97,77,739.04,92.34,58.03,24.93,0.99,4,-1,-1
97,78,745.15,107.02,59.41,22.37,0.97,4,-1,-1
97,79,755.14,119.58,55.07,24.75,0.97,4,-1,-1
97,80,997.58,112.37,13.34,27.29,0.71,1,-1,-1
97,81,1033.52,102.15,53.13,19.95,0.98,4,-1,-1
97,82,1038.74,114.38,58.17,22.32,0.96,4,-1,-1
97,83,1058.36,126.91,54.57,21.77,0.89,4,-1,-1
97,84,1124.36,106.13,14.83,25.40,0.95,1,-1,-1
97,88,764.66,45.89,28.19,27.51,0.96,4,-1,-1
97,89,798.10,47.67,27.17,26.63,0.94,4,-1,-1
97,90,824.70,47.61,27.65,26.58,0.90,4,-1,-1
97,91,854.84,49.18,26.41,27.41,0.89,4,-1,-1
97,92,988.87,51.44,29.04,25.31,0.97,4,-1,-1
97,94,1011.17,90.52,13.66,26.59,0.77,1,-1,-1
97,95,1018.76,51.57,29.13,27.71,0.99,4,-1,-1
97,97,1023.06,93.62,13.68,26.39,0.63,1,-1,-1
97,98,1046.87,54.68,30.80,26.73,0.99,4,-1,-1
97,99,1244.16,54.92,40.39,26.32,0.99,4,-1,-1
97,101,504.49,103.02,55.99,22.79,0.97,4,-1,-1
97,102,735.28,44.21,26.41,26.26,0.95,4,-1,-1
97,103,995.70,119.03,11.92,23.56,0.88,1,-1,-1
97,104,1154.95,48.75,11.90,27.42,0.86,1,-1,-1
97,105,466.92,164.89,68.61,27.95,0.95,4,-1,-1
97,75,592.17,107.52,15.24,27.65,0.90,1,-1,-1
97,107,1117.76,107.12,13.67,24.29,0.62,1,-1,-1
97,111,1119.91,106.78,15.04,24.48,0.80,1,-1,-1
98,13,1317.76,576.23,41.70,58.56,0.60,4,-1,-1
98,18,1174.93,361.59,99.71,48.86,0.99,4,-1,-1
98,23,1163.99,336.70,97.52,42.13,0.99,4,-1,-1
98,24,542.45,353.14,16.24,31.62,0.94,1,-1,-1
98,25,585.66,347.81,14.44,32.62,0.92,1,-1,-1
98,26,565.14,345.60,13.75,31.79,0.93,1,-1,-1
98,28,554.45,344.78,13.61,31.59,0.79,1,-1,-1
98,31,395.58,322.42,94.36,38.87,0.99,4,-1,-1
98,39,570.80,324.44,13.10,31.74,0.92,1,-1,-1
98,42,413.45,294.92,88.05,36.51,0.70,4,-1,-1
98,47,1125.42,262.10,84.39,44.48,0.99,4,-1,-1
98,48,430.72,264.13,83.95,35.99,0.99,4,-1,-1
98,50,543.34,334.04,14.34,34.52,0.62,1,-1,-1
98,54,614.72,296.97,40.51,57.41,0.90,4,-1,-1
98,55,1100.74,230.60,67.02,31.61,1.00,4,-1,-1
98,38,535.33,321.89,14.25,36.03,0.77,1,-1,-1
98,59,748.41,223.09,71.49,33.85,0.99,4,-1,-1
98,60,458.77,208.30,66.69,36.20,0.99,4,-1,-1
98,61,1091.31,201.09,63.23,29.30,0.98,4,-1,-1
98,63,490.83,159.85,64.42,30.52,0.97,4,-1,-1
98,64,750.52,164.07,60.80,24.59,0.99,4,-1,-1
98,65,756.65,175.71,63.31,31.57,0.99,4,-1,-1
98,66,1002.72,169.12,11.92,24.05,0.68,1,-1,-1
98,69,1036.29,185.82,15.56,26.77,0.76,1,-1,-1
98,70,1063.49,171.16,59.14,21.40,0.96,4,-1,-1
98,71,1075.12,183.26,66.09,28.97,0.98,4,-1,-1
98,72,1247.15,173.24,68.98,28.70,0.99,4,-1,-1
98,73,495.29,143.86,61.71,26.74,0.90,4,-1,-1
98,74,517.35,119.93,50.85,23.53,0.88,4,-1,-1
98,76,597.25,131.37,35.56,40.69,0.72,4,-1,-1
98,77,738.20,119.67,58.12,26.03,0.98,4,-1,-1
98,78,745.30,134.51,55.32,22.32,0.91,4,-1,-1
98,79,755.48,148.40,52.67,23.70,0.97,4,-1,-1
98,80,997.50,139.62,12.47,26.73,0.77,1,-1,-1
98,81,1032.73,129.95,48.57,19.09,0.96,4,-1,-1
98,82,1037.36,142.69,55.99,21.75,0.93,4,-1,-1
98,83,1058.18,154.42,51.43,21.39,0.89,4,-1,-1
98,88,763.87,72.90,27.65,28.17,0.98,4,-1,-1
98,89,797.52,74.87,26.75,27.04,0.97,4,-1,-1
98,90,823.81,74.95,27.45,26.68,0.94,4,-1,-1
98,91,853.49,76.58,26.52,27.43,0.95,4,-1,-1
98,92,987.69,78.90,29.06,25.36,0.99,4,-1,-1
98,94,1009.51,118.97,13.67,26.59,0.77,1,-1,-1
98,95,1017.62,78.93,28.00,27.87,0.99,4,-1,-1
98,97,1021.97,121.49,13.69,26.33,0.74,1,-1,-1
98,98,1044.65,82.27,30.82,26.67,0.99,4,-1,-1
98,99,1242.17,82.90,39.71,25.85,0.98,4,-1,-1
98,101,506.15,130.95,53.41,23.17,0.92,4,-1,-1
98,102,734.98,71.43,25.32,25.92,0.97,4,-1,-1
98,103,994.57,147.30,11.89,23.81,0.83,1,-1,-1
98,104,1153.05,77.06,11.88,27.22,0.93,1,-1,-1
98,105,466.77,194.24,67.88,28.27,0.67,4,-1,-1
98,75,591.14,136.09,15.40,28.17,0.68,1,-1,-1
98,107,1117.46,135.79,12.46,24.40,0.84,1,-1,-1
98,111,1123.03,134.40,12.75,25.55,0.96,1,-1,-1
98,112,186.23,1.65,52.62,23.51,0.96,4,-1,-1
98,113,303.31,-0.03,47.39,19.53,0.91,4,-1,-1
98,114,430.31,0.00,46.96,18.66,0.95,4,-1,-1
98,115,656.57,8.82,12.81,22.19,0.81,1,-1,-1
98,116,696.27,8.49,11.95,22.81,0.81,1,-1,-1
98,117,808.12,1.28,45.25,20.52,0.92,4,-1,-1
98,118,994.67,141.94,11.95,25.83,0.76,1,-1,-1
98,119,1019.43,166.28,13.66,26.04,0.72,1,-1,-1
98,120,1163.72,79.24,11.95,25.72,0.68,1,-1,-1
99,13,1326.42,637.66,32.02,58.81,0.25,4,-1,-1
99,18,1176.77,417.87,101.40,49.89,0.99,4,-1,-1
99,23,1164.57,392.65,99.53,43.08,0.99,4,-1,-1
99,24,543.37,407.04,16.77,31.72,0.91,1,-1,-1
99,25,586.48,401.86,14.46,32.76,0.91,1,-1,-1
99,26,566.60,399.27,13.64,32.17,0.90,1,-1,-1
99,28,555.90,398.69,13.63,31.26,0.78,1,-1,-1
99,31,397.02,375.63,93.93,39.14,0.99,4,-1,-1
99,39,571.51,377.79,13.43,31.57,0.90,1,-1,-1
99,42,415.40,348.69,87.69,36.66,0.67,4,-1,-1
99,47,1126.14,317.66,83.74,44.73,0.99,4,-1,-1
99,48,432.71,317.94,83.61,35.38,0.99,4,-1,-1
99,50,544.26,388.01,14.42,33.69,0.47,1,-1,-1
99,54,616.11,353.03,40.23,58.33,0.83,4,-1,-1
99,55,1100.87,286.61,66.53,30.94,0.99,4,-1,-1
99,38,536.74,375.96,14.94,36.47,0.64,1,-1,-1
99,59,749.11,277.57,71.48,33.52,0.99,4,-1,-1
99,60,461.74,261.75,65.96,35.77,0.99,4,-1,-1
99,61,1090.32,256.31,61.93,28.79,0.98,4,-1,-1
99,63,493.81,213.48,64.05,30.71,0.98,4,-1,-1
99,64,751.86,218.57,59.99,24.89,0.97,4,-1,-1
99,65,757.85,230.21,62.55,31.29,0.99,4,-1,-1
99,66,1002.37,223.77,11.89,23.62,0.64,1,-1,-1
99,69,1035.69,240.59,15.39,26.80,0.73,1,-1,-1
99,70,1062.32,226.22,59.41,21.08,0.97,4,-1,-1
99,71,1073.58,238.24,66.34,28.74,0.98,4,-1,-1
99,72,1244.53,228.79,69.52,28.93,0.98,4,-1,-1
99,73,499.86,196.87,59.72,27.43,0.92,4,-1,-1
99,74,520.31,173.76,49.68,24.66,0.68,4,-1,-1
99,76,599.10,185.75,35.74,40.27,0.67,4,-1,-1
99,77,739.28,174.42,57.99,26.14,0.99,4,-1,-1
99,78,746.45,188.81,52.98,22.14,0.96,4,-1,-1
99,79,756.37,202.86,51.01,23.12,0.98,4,-1,-1
99,80,996.15,195.35,12.07,27.02,0.84,1,-1,-1
99,81,1031.64,185.54,44.34,17.45,0.94,4,-1,-1
99,82,1036.61,197.78,52.67,21.08,0.93,4,-1,-1
99,83,1056.05,208.78,48.87,20.67,0.81,4,-1,-1
99,88,764.36,127.71,27.36,28.23,0.96,4,-1,-1
99,89,797.72,129.41,27.07,27.43,0.95,4,-1,-1
99,90,824.11,129.67,27.29,26.88,0.93,4,-1,-1
99,91,852.98,130.87,26.75,28.10,0.93,4,-1,-1
99,92,986.04,133.95,28.97,25.40,0.98,4,-1,-1
99,94,1008.16,173.67,13.62,26.53,0.62,1,-1,-1
99,95,1015.88,134.14,27.47,27.67,0.98,4,-1,-1
99,97,1020.80,176.21,13.64,26.54,0.65,1,-1,-1
99,98,1042.47,137.41,30.72,26.82,0.98,4,-1,-1
99,99,1237.24,138.28,40.48,27.28,0.98,4,-1,-1
99,101,511.06,184.50,50.54,23.71,0.81,4,-1,-1
99,102,736.01,125.81,25.42,26.55,0.84,4,-1,-1
99,103,994.63,201.01,11.84,24.86,0.47,1,-1,-1
99,104,1149.57,133.86,13.01,28.58,0.86,1,-1,-1
99,105,471.33,248.35,65.68,27.94,0.16,4,-1,-1
99,107,1115.66,192.22,13.24,24.37,0.89,1,-1,-1
99,111,1122.95,190.10,11.90,25.86,0.96,1,-1,-1
99,112,187.65,57.77,51.14,23.25,0.84,4,-1,-1
99,113,307.52,52.57,48.06,23.79,0.89,4,-1,-1
99,114,432.27,52.78,49.00,23.46,0.76,4,-1,-1
99,115,656.77,64.93,14.85,23.22,0.52,1,-1,-1
99,116,696.81,64.80,13.31,22.75,0.69,1,-1,-1
99,117,806.93,57.86,46.60,21.71,0.64,4,-1,-1
99,119,1018.80,222.11,15.01,26.04,0.65,1,-1,-1
99,120,1162.42,136.48,13.31,27.00,0.57,1,-1,-1
99,121,15.81,21.77,37.71,20.92,0.95,4,-1,-1
99,122,136.18,28.31,32.66,21.08,0.95,4,-1,-1
99,123,157.95,29.80,38.42,21.29,0.97,4,-1,-1
99,124,186.13,38.82,44.40,22.87,0.90,4,-1,-1
99,125,228.18,25.71,40.13,24.88,0.96,4,-1,-1
99,126,593.39,29.88,45.25,26.95,0.84,4,-1,-1
99,127,1158.60,135.43,13.66,28.39,0.82,1,-1,-1
99,128,1174.82,138.63,11.95,25.40,0.72,1,-1,-1
99,129,1223.49,14.54,23.91,19.48,0.63,4,-1,-1
99,130,1274.72,44.69,27.32,24.31,0.93,4,-1,-1
99,131,1300.33,58.75,30.74,24.97,0.93,4,-1,-1
99,132,1304.60,13.71,30.74,19.40,0.65,4,-1,-1
100,18,1179.45,466.73,100.67,49.19,0.99,4,-1,-1
100,23,1167.38,440.99,97.82,42.91,0.99,4,-1,-1
100,24,544.26,454.17,15.79,31.59,0.95,1,-1,-1
100,25,587.56,449.66,13.84,32.49,0.90,1,-1,-1
100,26,567.11,447.07,13.55,31.70,0.94,1,-1,-1
100,28,556.71,446.83,13.02,30.82,0.88,1,-1,-1
100,31,397.24,423.97,94.71,38.86,0.99,4,-1,-1
100,39,571.48,425.65,14.06,31.47,0.87,1,-1,-1
100,42,415.93,396.88,88.10,36.74,0.95,4,-1,-1
100,47,1125.85,367.45,84.46,43.72,1.00,4,-1,-1
100,48,434.82,366.36,83.32,35.74,0.99,4,-1,-1
100,50,544.90,436.62,14.40,33.34,0.64,1,-1,-1
100,54,616.85,403.48,39.99,57.78,0.99,4,-1,-1
100,55,1100.43,335.90,66.23,31.24,0.99,4,-1,-1
100,38,537.58,424.21,14.58,34.92,0.67,1,-1,-1
100,59,749.44,327.32,71.33,32.85,0.99,4,-1,-1
100,60,464.80,312.67,64.98,33.91,0.99,4,-1,-1
100,61,1089.54,305.96,62.48,29.49,0.99,4,-1,-1
100,63,496.59,265.00,63.20,29.40,0.98,4,-1,-1
100,64,751.92,269.91,60.15,24.81,0.97,4,-1,-1
100,65,758.41,281.19,61.56,30.35,0.99,4,-1,-1
100,66,1001.43,274.73,11.84,23.15,0.55,1,-1,-1
100,69,1034.61,291.19,15.28,25.93,0.59,1,-1,-1
100,70,1061.52,276.85,59.42,21.84,0.96,4,-1,-1
100,71,1073.17,288.83,66.30,28.39,0.98,4,-1,-1
100,72,1241.77,279.53,69.58,28.48,0.99,4,-1,-1
100,73,501.81,249.04,60.60,26.32,0.95,4,-1,-1
100,74,523.04,226.07,49.18,22.89,0.90,4,-1,-1
100,76,601.89,238.50,34.00,38.45,0.72,4,-1,-1
100,77,739.88,226.89,56.68,25.08,0.99,4,-1,-1
100,78,747.37,241.18,53.22,21.66,0.98,4,-1,-1
100,79,756.57,255.01,51.48,22.79,0.98,4,-1,-1
100,80,994.93,247.22,11.89,27.51,0.70,1,-1,-1
100,81,1030.52,237.19,48.83,18.93,0.97,4,-1,-1
100,82,1034.95,248.85,53.72,21.57,0.73,4,-1,-1
100,83,1053.86,260.30,51.39,21.42,0.87,4,-1,-1
100,88,764.76,181.53,26.61,27.23,0.97,4,-1,-1
100,89,797.38,183.07,26.55,26.29,0.98,4,-1,-1
100,90,823.76,183.58,26.59,25.38,0.95,4,-1,-1
100,91,853.14,184.65,25.91,26.78,0.88,4,-1,-1
100,92,984.16,187.44,28.88,24.27,0.99,4,-1,-1
100,94,1007.46,226.12,13.56,25.05,0.52,1,-1,-1
100,95,1013.38,187.85,28.37,26.44,0.99,4,-1,-1
100,97,1019.57,228.98,13.57,25.32,0.46,1,-1,-1
100,98,1040.31,190.77,30.61,26.01,0.99,4,-1,-1
100,99,1232.64,191.60,40.67,27.37,0.99,4,-1,-1
100,101,512.15,236.44,51.80,22.81,0.95,4,-1,-1
100,102,736.36,179.74,24.81,25.77,0.97,4,-1,-1
100,104,1146.22,187.45,12.23,26.81,0.84,1,-1,-1
100,105,473.51,298.46,65.94,26.68,0.64,4,-1,-1
100,107,1114.15,244.79,13.43,23.17,0.61,1,-1,-1
100,111,1120.92,242.16,13.07,24.16,0.92,1,-1,-1
100,112,187.73,114.13,50.03,22.64,0.92,4,-1,-1
100,113,312.71,108.77,45.79,22.22,0.97,4,-1,-1
100,114,435.23,108.36,47.99,22.60,0.91,4,-1,-1
100,115,657.13,120.76,15.80,22.59,0.59,1,-1,-1
100,116,698.13,120.99,13.52,21.81,0.93,1,-1,-1
100,117,806.20,114.14,44.81,19.70,0.65,4,-1,-1
100,119,1017.42,273.15,15.22,25.69,0.53,1,-1,-1
100,120,1157.60,190.10,12.24,25.93,0.68,1,-1,-1
100,123,165.95,87.42,37.49,20.24,0.92,4,-1,-1
100,124,191.43,96.41,43.89,21.25,0.95,4,-1,-1
100,125,234.55,83.87,39.71,23.10,0.98,4,-1,-1
100,126,596.74,87.62,42.43,24.07,0.86,4,-1,-1
100,129,1218.22,72.26,25.22,19.69,0.96,4,-1,-1
100,130,1269.35,100.90,25.89,22.67,0.98,4,-1,-1
100,131,1294.23,114.01,30.67,23.78,0.98,4,-1,-1
100,132,1299.23,71.37,27.94,18.66,0.98,4,-1,-1
100,133,29.83,82.07,36.18,20.92,0.93,4,-1,-1
100,134,80.36,87.51,43.12,21.56,0.61,4,-1,-1
100,135,146.00,88.05,32.44,19.64,0.90,4,-1,-1
100,136,302.24,84.42,26.04,24.23,0.64,5,-1,-1
100,137,529.35,91.52,24.76,22.68,0.88,4,-1,-1
100,138,785.06,94.45,38.42,20.92,0.61,4,-1,-1
100,139,1062.97,1.38,18.78,17.75,0.64,4,-1,-1
100,140,1112.49,4.39,18.78,14.97,0.68,4,-1,-1
100,141,1113.35,188.15,13.66,25.83,0.60,1,-1,-1
100,142,1151.77,32.28,22.20,18.84,0.84,4,-1,-1
100,143,1180.80,45.54,30.74,17.58,0.92,4,-1,-1
100,144,1200.44,60.09,20.49,20.92,0.74,4,-1,-1
100,145,1226.05,35.27,32.44,14.73,0.98,4,-1,-1
100,146,1235.44,45.86,30.74,16.30,0.71,4,-1,-1
100,147,1238.00,47.84,30.74,17.05,0.89,4,-1,-1
100,148,1246.54,86.93,25.61,21.13,0.98,4,-1,-1
100,149,1249.96,54.16,37.57,17.50,0.96,4,-1,-1
100,150,1289.23,33.67,34.15,14.67,0.87,4,-1,-1
100,151,1297.77,39.43,30.74,12.49,0.75,4,-1,-1
100,152,1302.04,41.86,30.74,12.89,0.63,4,-1,-1
100,153,1304.60,43.09,30.74,13.10,0.90,4,-1,-1
100,154,1324.24,46.83,27.32,13.47,0.79,4,-1,-1
100,155,1328.50,56.67,27.32,15.48,0.80,4,-1,-1
100,84,1119.17,244.34,13.83,23.79,0.73,1,-1,-1
101,18,1181.84,471.66,101.82,48.82,0.99,4,-1,-1
101,23,1169.80,446.55,98.57,42.17,0.99,4,-1,-1
101,24,543.25,459.41,16.64,31.56,0.93,1,-1,-1
101,25,587.26,455.05,14.27,32.43,0.92,1,-1,-1
101,26,566.54,452.49,13.61,31.57,0.89,1,-1,-1
101,28,555.95,452.69,13.44,30.69,0.79,1,-1,-1
101,31,395.92,429.43,95.82,39.65,0.99,4,-1,-1
101,39,570.72,430.91,14.38,30.50,0.89,1,-1,-1
101,42,415.00,402.63,89.05,36.83,0.96,4,-1,-1
101,47,1126.79,372.81,84.98,43.54,1.00,4,-1,-1
101,48,433.59,372.39,85.15,36.08,0.99,4,-1,-1
101,50,545.17,442.38,14.48,34.39,0.51,1,-1,-1
101,54,616.38,411.47,40.65,57.71,0.99,4,-1,-1
101,55,1101.23,341.53,67.45,31.56,0.99,4,-1,-1
101,38,537.34,429.79,14.54,34.93,0.64,1,-1,-1
101,59,749.81,333.86,70.92,32.25,0.99,4,-1,-1
101,60,464.13,319.03,65.96,34.30,0.99,4,-1,-1
101,61,1090.13,312.27,62.85,29.41,0.98,4,-1,-1
101,63,497.21,272.59,62.52,29.40,0.98,4,-1,-1
101,64,751.79,277.23,60.38,25.01,0.98,4,-1,-1
101,65,758.22,288.38,61.96,29.94,0.98,4,-1,-1
101,66,1001.71,281.05,11.88,23.30,0.59,1,-1,-1
101,69,1034.93,297.04,15.32,26.21,0.50,1,-1,-1
101,70,1062.04,283.79,59.57,21.49,0.94,4,-1,-1
101,71,1073.86,294.88,65.34,28.76,0.98,4,-1,-1
101,72,1242.49,285.84,69.80,28.23,0.99,4,-1,-1
101,73,501.53,257.29,61.08,26.10,0.97,4,-1,-1
101,74,520.40,234.62,52.64,22.69,0.96,4,-1,-1
101,76,602.41,246.45,34.06,37.77,0.62,4,-1,-1
101,77,739.84,235.16,56.93,24.59,0.99,4,-1,-1
101,78,746.60,249.00,56.33,22.29,0.98,4,-1,-1
101,79,755.61,262.17,53.50,23.77,0.98,4,-1,-1
101,80,995.03,254.99,11.89,26.32,0.80,1,-1,-1
101,81,1030.10,244.41,48.14,18.55,0.97,4,-1,-1
101,82,1035.56,256.24,55.36,21.70,0.88,4,-1,-1
101,83,1055.44,267.99,51.26,21.64,0.81,4,-1,-1
101,88,764.60,190.56,26.44,26.42,0.97,4,-1,-1
101,89,797.32,192.06,26.46,25.83,0.96,4,-1,-1
101,90,823.18,192.10,27.01,25.22,0.93,4,-1,-1
101,91,852.82,193.65,25.69,26.19,0.81,4,-1,-1
101,92,983.92,195.94,28.94,23.69,0.99,4,-1,-1
101,94,1007.74,233.19,13.61,25.09,0.64,1,-1,-1
101,95,1012.95,196.09,28.80,25.68,0.98,4,-1,-1
101,97,1019.70,236.29,13.62,25.17,0.66,1,-1,-1
101,98,1040.09,199.04,30.68,25.41,0.99,4,-1,-1
101,99,1231.34,198.96,41.99,27.59,0.99,4,-1,-1
101,101,511.56,245.01,52.96,22.39,0.97,4,-1,-1
101,102,736.41,188.80,24.70,25.04,0.93,4,-1,-1
101,104,1144.66,195.97,13.16,26.48,0.92,1,-1,-1
101,105,473.05,305.05,66.80,26.44,0.63,4,-1,-1
101,107,1114.97,252.60,12.43,22.46,0.85,1,-1,-1
101,111,1122.72,250.10,12.24,23.91,0.97,1,-1,-1
101,112,180.40,125.71,49.46,22.05,0.94,4,-1,-1
101,113,310.95,121.05,45.85,21.05,0.96,4,-1,-1
101,114,433.51,120.55,47.11,21.39,0.84,4,-1,-1
101,115,656.95,130.98,14.99,22.39,0.27,1,-1,-1
101,116,698.06,131.57,13.66,21.69,0.90,1,-1,-1
101,117,804.90,125.06,43.67,19.12,0.71,4,-1,-1
101,119,1017.60,279.89,15.37,25.60,0.71,1,-1,-1
101,120,1154.67,198.03,13.29,25.92,0.55,1,-1,-1
101,123,166.56,99.17,37.37,19.56,0.87,4,-1,-1
101,124,190.57,108.38,43.60,20.15,0.89,4,-1,-1
101,125,235.65,95.81,38.70,22.39,0.91,4,-1,-1
101,126,598.13,99.39,41.28,22.07,0.70,4,-1,-1
101,129,1216.87,83.12,25.51,19.16,0.97,4,-1,-1
101,130,1267.36,111.16,25.66,21.79,0.99,4,-1,-1
101,131,1293.48,124.44,30.71,22.71,0.99,4,-1,-1
101,132,1297.23,82.43,27.44,18.26,0.99,4,-1,-1
101,133,29.74,92.46,36.94,20.45,0.92,4,-1,-1
101,134,81.03,98.37,43.40,20.45,0.65,4,-1,-1
101,135,146.01,98.83,32.95,18.61,0.83,4,-1,-1
101,137,530.04,102.65,24.07,21.44,0.81,4,-1,-1
101,138,785.36,105.57,37.73,19.55,0.63,4,-1,-1
101,139,1062.88,13.84,18.78,17.83,0.73,4,-1,-1
101,140,1109.65,16.52,18.78,14.48,0.88,4,-1,-1
101,142,1150.96,44.92,20.82,17.51,0.89,4,-1,-1
101,143,1179.30,57.05,32.09,17.18,0.98,4,-1,-1
101,144,1199.61,70.63,19.12,20.32,0.89,4,-1,-1
101,145,1225.23,46.21,31.07,14.39,0.97,4,-1,-1
101,147,1233.76,58.58,32.09,16.47,0.94,4,-1,-1
101,148,1245.02,97.77,25.61,20.32,0.99,4,-1,-1
101,149,1249.13,65.57,36.19,15.97,0.96,4,-1,-1
101,150,1289.08,45.34,32.78,14.76,0.93,4,-1,-1
101,151,1292.83,48.97,32.10,13.43,0.83,4,-1,-1
101,152,1297.10,50.33,30.73,13.61,0.62,4,-1,-1
101,153,1306.49,54.70,29.36,13.12,0.92,4,-1,-1
101,154,1322.71,59.46,27.31,12.34,0.79,4,-1,-1
101,155,1326.97,68.04,28.68,14.79,0.82,4,-1,-1
101,156,385.70,98.88,29.46,21.93,0.88,4,-1,-1
101,157,1151.77,38.58,20.49,14.62,0.71,4,-1,-1
101,158,1179.09,18.68,30.74,15.50,0.62,4,-1,-1
101,159,1216.66,38.47,32.44,12.65,0.87,4,-1,-1
101,160,1216.66,35.03,32.44,11.47,0.61,4,-1,-1
101,161,1220.93,41.97,32.44,12.99,0.73,4,-1,-1
101,162,1238.86,62.91,29.03,15.05,0.92,4,-1,-1
101,163,1241.42,64.25,30.74,14.62,0.76,4,-1,-1
101,164,1276.42,37.99,27.32,15.05,0.78,4,-1,-1
101,165,1309.72,56.67,32.44,13.02,0.63,4,-1,-1
101,166,1315.70,87.99,22.20,18.04,0.88,4,-1,-1
102,18,1183.97,471.75,102.38,48.71,0.99,4,-1,-1
102,23,1171.91,445.99,98.98,43.06,0.98,4,-1,-1
102,24,542.80,460.88,16.42,31.03,0.96,1,-1,-1
102,25,586.55,455.45,14.45,32.44,0.90,1,-1,-1
102,26,566.26,452.90,13.65,32.13,0.94,1,-1,-1
102,28,555.60,453.27,13.06,30.68,0.79,1,-1,-1
102,31,394.87,430.44,95.81,39.40,0.99,4,-1,-1
102,39,570.64,430.96,13.97,31.03,0.95,1,-1,-1
102,42,414.38,403.28,88.40,36.74,0.96,4,-1,-1
102,47,1128.31,372.26,86.41,44.36,0.99,4,-1,-1
102,48,432.74,372.96,85.80,35.95,0.99,4,-1,-1
102,50,544.06,440.40,13.97,34.26,0.59,1,-1,-1
102,54,616.19,414.67,40.96,58.00,0.99,4,-1,-1
102,55,1102.08,341.61,68.00,31.69,0.99,4,-1,-1
102,38,536.58,430.39,13.98,34.83,0.72,1,-1,-1
102,59,750.35,334.23,70.87,32.04,0.99,4,-1,-1
102,60,463.09,319.53,66.97,34.17,0.99,4,-1,-1
102,61,1092.03,312.28,63.08,29.69,0.98,4,-1,-1
102,63,496.65,273.61,62.92,28.85,0.99,4,-1,-1
102,64,752.14,277.95,59.97,23.97,0.99,4,-1,-1
102,65,758.55,288.93,61.63,29.54,0.98,4,-1,-1
102,66,1002.80,281.08,11.92,23.09,0.66,1,-1,-1
102,69,1035.52,297.34,15.36,26.34,0.56,1,-1,-1
102,70,1062.73,284.29,60.84,21.37,0.93,4,-1,-1
102,71,1074.65,295.22,66.19,28.64,0.97,4,-1,-1
102,72,1244.06,285.36,69.98,29.30,0.99,4,-1,-1
102,73,501.49,258.39,60.79,25.75,0.97,4,-1,-1
102,74,519.54,235.38,53.40,22.35,0.96,4,-1,-1
102,76,602.80,247.26,33.57,37.28,0.52,4,-1,-1
102,77,739.91,236.19,57.10,23.85,0.99,4,-1,-1
102,78,746.42,249.73,57.54,22.24,0.97,4,-1,-1
102,79,755.37,262.67,54.33,23.86,0.98,4,-1,-1
102,80,996.04,254.10,11.92,25.58,0.80,1,-1,-1
102,81,1030.41,244.69,50.21,19.26,0.97,4,-1,-1
102,82,1036.25,256.46,57.18,22.04,0.89,4,-1,-1
102,83,1055.43,267.91,53.55,22.59,0.86,4,-1,-1
102,88,764.36,191.32,27.00,26.29,0.98,4,-1,-1
102,89,797.44,193.01,26.47,25.41,0.98,4,-1,-1
102,90,823.14,193.16,27.21,24.76,0.96,4,-1,-1
102,91,853.20,194.74,24.80,25.71,0.77,4,-1,-1
102,92,984.22,196.59,29.01,23.58,0.99,4,-1,-1
102,94,1008.83,233.45,13.65,24.85,0.79,1,-1,-1
102,95,1013.22,196.50,29.00,25.51,0.98,4,-1,-1
102,97,1021.31,236.92,12.53,24.86,0.70,1,-1,-1
102,98,1040.47,199.61,30.75,25.29,0.99,4,-1,-1
102,99,1232.67,199.13,41.43,27.62,0.99,4,-1,-1
102,101,510.56,245.81,54.04,22.25,0.98,4,-1,-1
102,102,735.92,190.01,25.27,24.51,0.96,4,-1,-1
102,104,1145.21,196.02,13.51,26.04,0.90,1,-1,-1
102,105,472.64,305.79,66.64,26.38,0.82,4,-1,-1
102,107,1115.82,253.12,13.25,23.40,0.88,1,-1,-1
102,111,1124.46,251.46,11.95,24.17,0.96,1,-1,-1
102,112,170.82,127.00,49.76,21.58,0.98,4,-1,-1
102,113,308.13,122.90,45.63,20.60,0.96,4,-1,-1
102,114,430.48,121.94,47.55,21.36,0.90,4,-1,-1
102,115,656.58,132.53,14.02,21.56,0.25,1,-1,-1
102,116,698.03,132.72,13.72,21.53,0.93,1,-1,-1
102,117,803.34,126.17,44.05,18.68,0.79,4,-1,-1
102,119,1019.24,280.67,12.92,24.96,0.67,1,-1,-1
102,120,1155.49,198.71,13.62,25.31,0.23,1,-1,-1
102,123,166.24,100.72,37.20,19.22,0.95,4,-1,-1
102,124,188.62,110.27,42.80,19.64,0.91,4,-1,-1
102,125,234.98,97.50,39.41,22.35,0.98,4,-1,-1
102,126,601.22,100.63,38.24,21.13,0.59,4,-1,-1
102,129,1217.52,84.02,25.64,19.07,0.95,4,-1,-1
102,130,1267.88,111.95,26.96,21.70,0.99,4,-1,-1
102,131,1293.09,124.78,32.08,22.38,0.99,4,-1,-1
102,132,1297.77,83.00,27.31,18.13,0.99,4,-1,-1
102,133,28.54,93.35,37.44,20.49,0.94,4,-1,-1
102,134,80.18,98.99,43.70,20.49,0.60,4,-1,-1
102,135,144.96,99.67,32.91,18.75,0.86,4,-1,-1
102,137,529.73,103.55,23.95,21.08,0.91,4,-1,-1
102,138,785.47,106.35,37.62,19.42,0.77,4,-1,-1
102,139,1063.10,14.97,18.79,17.79,0.64,4,-1,-1
102,140,1108.72,16.55,18.79,15.20,0.93,4,-1,-1
102,142,1151.77,46.95,20.57,16.08,0.94,4,-1,-1
102,143,1180.65,57.85,32.38,17.19,0.97,4,-1,-1
102,144,1200.46,70.96,18.86,20.55,0.78,4,-1,-1
102,145,1226.09,46.67,30.82,14.29,0.97,4,-1,-1
102,147,1233.33,57.98,31.08,15.87,0.94,4,-1,-1
102,148,1245.11,98.21,25.62,20.84,0.98,4,-1,-1
102,149,1251.33,66.39,34.62,15.75,0.94,4,-1,-1
102,150,1288.78,46.22,33.87,13.76,0.88,4,-1,-1
102,151,1294.26,50.02,31.08,12.87,0.82,4,-1,-1
102,152,1297.22,51.25,30.75,13.15,0.56,4,-1,-1
102,153,1305.93,55.65,30.45,12.64,0.88,4,-1,-1
102,154,1322.85,60.01,27.33,12.38,0.83,4,-1,-1
102,155,1327.13,68.85,28.96,14.75,0.70,4,-1,-1
102,156,385.20,99.43,29.13,21.81,0.72,4,-1,-1
102,157,1151.25,38.41,20.50,14.46,0.80,4,-1,-1
102,158,1179.95,18.94,29.38,15.19,0.63,4,-1,-1
102,159,1216.85,37.53,33.82,12.61,0.84,4,-1,-1
102,160,1216.85,35.26,33.82,11.61,0.61,4,-1,-1
102,161,1221.12,42.44,32.46,13.04,0.56,4,-1,-1
102,162,1241.11,63.61,29.04,14.88,0.91,4,-1,-1
102,164,1276.64,37.52,27.33,14.93,0.70,4,-1,-1
102,165,1316.10,57.66,31.09,12.68,0.61,4,-1,-1
102,167,735.54,122.52,44.40,20.28,0.71,4,-1,-1
102,168,1234.59,59.87,30.74,16.01,0.62,4,-1,-1
102,75,597.27,251.36,13.07,26.27,0.58,1,-1,-1
103,18,1185.23,472.65,103.70,49.24,0.99,4,-1,-1
103,23,1172.61,446.65,100.25,43.95,0.99,4,-1,-1
103,24,542.01,461.71,16.32,31.39,0.96,1,-1,-1
103,25,585.94,456.15,14.52,33.01,0.94,1,-1,-1
103,26,565.25,453.88,14.23,32.34,0.96,1,-1,-1
103,28,555.12,454.04,13.47,31.82,0.85,1,-1,-1
103,31,393.58,431.92,95.78,39.31,0.99,4,-1,-1
103,39,570.01,431.54,14.36,31.51,0.95,1,-1,-1
103,42,413.39,404.48,88.57,36.57,0.98,4,-1,-1
103,47,1129.38,373.20,86.95,44.39,0.99,4,-1,-1
103,48,432.36,374.14,85.20,35.61,1.00,4,-1,-1
103,50,543.29,444.43,14.91,34.77,0.79,1,-1,-1
103,54,615.50,417.76,41.62,58.65,0.99,4,-1,-1
103,55,1102.91,342.67,68.21,31.45,0.99,4,-1,-1
103,38,535.95,431.17,14.34,35.08,0.73,1,-1,-1
103,59,750.79,334.92,70.28,31.98,0.99,4,-1,-1
103,60,462.06,320.25,67.36,34.14,0.99,4,-1,-1
103,61,1092.70,312.72,63.16,30.08,0.98,4,-1,-1
103,63,496.10,273.96,63.07,28.93,0.99,4,-1,-1
103,64,751.65,278.35,60.39,24.15,0.99,4,-1,-1
103,65,758.63,288.83,62.07,30.26,0.99,4,-1,-1
103,66,1003.73,281.67,11.94,23.02,0.60,1,-1,-1
103,69,1035.69,297.89,15.37,26.40,0.63,1,-1,-1
103,70,1063.51,285.06,61.31,21.33,0.93,4,-1,-1
103,71,1075.46,295.79,66.51,29.17,0.98,4,-1,-1
103,72,1245.75,286.05,70.04,29.14,0.99,4,-1,-1
103,73,500.55,259.35,61.24,25.62,0.98,4,-1,-1
103,74,518.85,235.93,54.26,22.23,0.97,4,-1,-1
103,76,602.32,247.96,33.95,36.82,0.70,4,-1,-1
103,77,739.60,236.84,57.74,24.15,0.99,4,-1,-1
103,78,746.58,250.70,58.00,21.94,0.97,4,-1,-1
103,79,755.79,263.27,54.07,23.90,0.98,4,-1,-1
103,80,996.36,253.80,11.93,25.02,0.63,1,-1,-1
103,81,1030.49,245.23,50.97,19.53,0.96,4,-1,-1
103,82,1036.47,257.12,58.99,22.17,0.91,4,-1,-1
103,83,1055.38,268.74,54.40,22.67,0.83,4,-1,-1
103,88,764.23,191.87,27.20,26.24,0.99,4,-1,-1
103,89,797.73,193.64,26.47,25.10,0.97,4,-1,-1
103,90,823.08,193.69,27.29,24.74,0.95,4,-1,-1
103,91,853.31,195.28,25.03,25.83,0.79,4,-1,-1
103,92,984.86,196.98,29.03,23.83,0.99,4,-1,-1
103,94,1009.75,233.14,13.67,25.62,0.42,1,-1,-1
103,95,1013.86,196.94,29.07,25.59,0.98,4,-1,-1
103,97,1021.29,237.03,13.28,25.32,0.49,1,-1,-1
103,98,1041.15,199.75,30.77,25.61,0.98,4,-1,-1
103,99,1233.20,199.72,41.20,27.41,0.99,4,-1,-1
103,101,509.55,246.65,55.02,22.20,0.98,4,-1,-1
103,102,735.69,190.73,25.48,24.18,0.97,4,-1,-1
103,104,1145.97,195.85,13.65,26.52,0.83,1,-1,-1
103,105,471.27,306.33,67.73,26.66,0.78,4,-1,-1
103,107,1116.64,253.89,13.53,24.59,0.87,1,-1,-1
103,111,1126.15,252.56,11.87,24.85,0.92,1,-1,-1
103,112,161.44,127.04,49.71,21.45,0.95,4,-1,-1
103,113,305.06,123.38,45.89,20.96,0.97,4,-1,-1
103,114,428.44,122.26,46.93,21.69,0.83,4,-1,-1
103,115,655.50,133.21,13.70,21.30,0.40,1,-1,-1
103,116,697.99,132.89,13.72,21.81,0.91,1,-1,-1
103,117,801.90,126.71,45.44,18.59,0.62,4,-1,-1
103,119,1019.64,281.28,12.05,24.44,0.72,1,-1,-1
103,120,1155.80,198.01,13.72,26.23,0.18,1,-1,-1
103,123,165.95,100.90,37.31,19.43,0.96,4,-1,-1
103,124,185.52,110.40,43.37,20.19,0.79,4,-1,-1
103,125,234.14,97.78,40.28,22.68,0.91,4,-1,-1
103,126,601.73,100.93,37.39,21.27,0.54,4,-1,-1
103,129,1218.30,84.46,25.66,19.22,0.97,4,-1,-1
103,130,1269.26,112.62,26.10,21.53,0.98,4,-1,-1
103,131,1292.89,124.91,32.51,22.47,0.99,4,-1,-1
103,132,1298.53,83.39,27.28,18.27,0.97,4,-1,-1
103,133,25.26,93.50,39.91,20.58,0.91,4,-1,-1
103,134,79.49,99.12,43.50,20.67,0.41,4,-1,-1
103,135,144.31,99.71,33.88,19.21,0.83,4,-1,-1
103,137,528.99,103.82,24.58,21.09,0.92,4,-1,-1
103,138,785.48,106.47,37.58,19.54,0.71,4,-1,-1
103,139,1063.08,15.76,18.79,17.24,0.66,4,-1,-1
103,140,1108.31,16.60,18.79,14.56,0.85,4,-1,-1
103,142,1152.60,47.60,20.49,16.25,0.97,4,-1,-1
103,143,1181.66,58.47,32.47,17.02,0.98,4,-1,-1
103,144,1201.29,69.72,18.78,21.86,0.87,4,-1,-1
103,145,1226.24,47.19,30.74,14.25,0.97,4,-1,-1
103,147,1234.38,57.77,30.72,15.50,0.88,4,-1,-1
103,148,1245.68,98.66,25.62,20.84,0.98,4,-1,-1
103,149,1251.22,66.64,35.47,16.45,0.96,4,-1,-1
103,150,1289.87,46.59,32.90,13.51,0.88,4,-1,-1
103,151,1297.28,51.91,29.38,12.01,0.89,4,-1,-1
103,152,1300.44,54.34,30.75,12.42,0.41,4,-1,-1
103,153,1305.63,56.34,30.80,12.22,0.88,4,-1,-1
103,154,1323.40,59.91,26.00,12.55,0.85,4,-1,-1
103,155,1328.34,69.22,27.74,14.98,0.78,4,-1,-1
103,156,385.05,99.13,28.73,22.29,0.68,4,-1,-1
103,157,1151.17,37.96,20.50,14.38,0.85,4,-1,-1
103,158,1180.12,19.22,30.46,15.42,0.71,4,-1,-1
103,159,1217.57,39.64,34.09,12.64,0.82,4,-1,-1
103,160,1217.57,35.33,32.79,11.39,0.61,4,-1,-1
103,161,1219.86,42.49,32.46,12.29,0.72,4,-1,-1
103,162,1240.25,63.31,30.36,15.35,0.92,4,-1,-1
103,164,1277.37,37.51,26.02,15.15,0.74,4,-1,-1
103,165,1318.70,58.04,29.49,12.70,0.71,4,-1,-1
103,167,733.80,123.03,45.10,20.12,0.60,4,-1,-1
103,75,597.04,251.88,13.45,26.37,0.53,1,-1,-1
103,169,301.39,97.17,26.47,22.36,0.63,5,-1,-1
103,170,881.97,0.16,27.32,15.14,0.62,4,-1,-1
103,171,1216.66,37.54,34.15,12.75,0.60,4,-1,-1
103,172,1319.11,88.47,20.49,18.57,0.67,4,-1,-1
104,18,1186.85,474.73,104.18,49.45,0.99,4,-1,-1
104,23,1174.03,448.36,100.72,43.74,0.99,4,-1,-1
104,24,540.93,463.45,16.85,30.96,0.93,1,-1,-1
104,25,585.21,458.13,15.10,32.66,0.94,1,-1,-1
104,26,564.66,455.69,14.44,32.42,0.95,1,-1,-1
104,28,554.17,455.75,14.18,31.69,0.85,1,-1,-1
104,31,392.46,433.20,96.75,39.43,0.99,4,-1,-1
104,39,569.57,432.64,14.51,31.69,0.95,1,-1,-1
104,42,412.38,405.81,88.77,36.80,0.99,4,-1,-1
104,47,1130.39,374.61,87.15,44.41,0.99,4,-1,-1
104,48,432.00,375.46,85.24,35.78,1.00,4,-1,-1
104,50,542.24,446.26,15.25,35.52,0.70,1,-1,-1
104,54,615.30,421.56,41.31,59.03,0.99,4,-1,-1
104,55,1104.41,343.71,68.29,31.07,0.99,4,-1,-1
104,38,534.94,432.47,14.47,35.60,0.70,1,-1,-1
104,59,751.01,335.93,70.06,31.96,0.99,4,-1,-1
104,60,461.73,321.25,66.93,34.13,1.00,4,-1,-1
104,61,1093.58,313.50,63.19,30.24,0.98,4,-1,-1
104,63,495.65,274.53,63.13,29.26,0.99,4,-1,-1
104,64,751.81,279.52,59.98,23.94,0.99,4,-1,-1
104,65,758.72,289.67,62.24,30.53,0.99,4,-1,-1
104,66,1004.14,282.22,11.94,23.29,0.66,1,-1,-1
104,69,1036.38,298.43,15.38,27.28,0.64,1,-1,-1
104,70,1063.88,285.97,61.49,21.61,0.91,4,-1,-1
104,71,1076.40,297.04,66.62,29.08,0.97,4,-1,-1
104,72,1247.03,286.95,70.06,29.08,0.99,4,-1,-1
104,73,499.68,260.00,61.98,26.16,0.98,4,-1,-1
104,74,517.78,236.73,55.14,21.90,0.99,4,-1,-1
104,76,603.04,248.95,31.82,35.80,0.82,4,-1,-1
104,77,739.55,237.53,57.98,24.55,0.99,4,-1,-1
104,78,746.71,251.52,57.60,21.83,0.99,4,-1,-1
104,79,755.74,264.38,54.53,23.63,0.99,4,-1,-1
104,80,995.97,260.50,13.08,23.09,0.54,1,-1,-1
104,81,1031.16,246.05,51.26,20.19,0.97,4,-1,-1
104,82,1037.18,257.57,59.67,22.78,0.92,4,-1,-1
104,83,1055.99,270.09,54.71,22.13,0.77,4,-1,-1
104,88,764.53,192.39,27.28,26.44,0.98,4,-1,-1
104,89,797.91,194.26,26.47,25.21,0.96,4,-1,-1
104,90,823.41,194.20,27.31,24.87,0.91,4,-1,-1
104,91,853.13,195.73,25.40,25.80,0.88,4,-1,-1
104,92,985.19,197.60,29.04,23.78,0.97,4,-1,-1
104,94,1010.73,233.64,13.67,25.63,0.29,1,-1,-1
104,95,1014.19,197.44,29.09,25.78,0.98,4,-1,-1
104,97,1021.92,237.41,13.53,25.78,0.27,1,-1,-1
104,98,1041.50,200.50,30.77,25.52,0.98,4,-1,-1
104,99,1233.49,200.50,42.23,27.26,0.99,4,-1,-1
104,101,508.37,247.99,55.95,21.90,0.98,4,-1,-1
104,102,735.67,191.17,25.57,24.50,0.96,4,-1,-1
104,104,1146.93,196.06,13.69,26.63,0.63,1,-1,-1
104,105,469.97,307.70,68.70,26.77,0.89,4,-1,-1
104,111,1127.92,254.18,11.85,24.23,0.87,1,-1,-1
104,112,152.20,126.79,50.01,21.89,0.92,4,-1,-1
104,113,302.49,123.77,45.69,20.65,0.98,4,-1,-1
104,114,426.23,122.75,46.88,21.52,0.86,4,-1,-1
104,115,654.31,133.77,14.22,20.93,0.66,1,-1,-1
104,116,698.03,132.98,13.72,22.06,0.88,1,-1,-1
104,117,800.92,127.16,45.33,18.43,0.64,4,-1,-1
104,119,1020.42,282.14,11.82,24.28,0.68,1,-1,-1
104,123,165.79,101.25,37.34,19.39,0.96,4,-1,-1
104,124,183.04,110.86,43.48,20.21,0.71,4,-1,-1
104,125,233.80,98.18,40.26,22.48,0.96,4,-1,-1
104,126,597.71,100.90,41.68,22.29,0.70,4,-1,-1
104,129,1219.22,84.87,25.66,19.74,0.97,4,-1,-1
104,130,1269.76,113.13,25.77,21.81,0.98,4,-1,-1
104,131,1292.87,125.27,33.84,22.68,0.98,4,-1,-1
104,132,1298.82,83.74,28.53,18.32,0.97,4,-1,-1
104,133,24.10,93.44,41.23,20.93,0.86,4,-1,-1
104,134,78.92,99.31,43.74,20.88,0.63,4,-1,-1
104,135,143.75,100.03,33.71,19.43,0.85,4,-1,-1
104,137,528.52,104.22,24.77,21.10,0.94,4,-1,-1
104,138,785.86,106.83,37.56,19.42,0.68,4,-1,-1
104,139,1062.48,16.17,20.07,16.90,0.78,4,-1,-1
104,140,1107.61,16.05,18.79,14.67,0.87,4,-1,-1
104,142,1152.22,47.98,21.76,16.56,0.97,4,-1,-1
104,143,1183.25,58.94,32.49,17.13,0.96,4,-1,-1
104,144,1201.55,70.40,20.06,22.12,0.86,4,-1,-1
104,145,1226.94,47.51,30.72,14.46,0.98,4,-1,-1
104,147,1233.45,57.83,31.93,15.98,0.93,4,-1,-1
104,148,1246.52,99.06,25.62,20.98,0.98,4,-1,-1
104,149,1252.47,66.72,34.47,16.82,0.97,4,-1,-1
104,150,1292.20,48.83,32.54,13.38,0.84,4,-1,-1
104,151,1297.49,52.10,31.54,12.80,0.56,4,-1,-1
104,152,1300.19,54.84,32.03,12.71,0.76,4,-1,-1
104,153,1304.94,56.46,32.15,12.61,0.90,4,-1,-1
104,154,1324.24,60.50,25.59,12.77,0.79,4,-1,-1
104,155,1329.39,69.50,27.33,15.38,0.78,4,-1,-1
104,156,384.64,98.92,29.60,22.77,0.67,4,-1,-1
104,157,1150.44,37.67,20.50,14.27,0.92,4,-1,-1
104,158,1180.16,19.72,30.80,15.00,0.82,4,-1,-1
104,159,1217.77,39.87,35.49,12.82,0.79,4,-1,-1
104,160,1217.75,35.56,33.77,11.39,0.69,4,-1,-1
104,161,1218.73,42.09,33.79,12.25,0.77,4,-1,-1
104,162,1239.92,63.38,30.80,15.91,0.93,4,-1,-1
104,164,1277.53,37.54,26.94,15.47,0.72,4,-1,-1
104,165,1313.25,57.87,31.73,13.21,0.54,4,-1,-1
104,167,732.53,123.34,45.24,20.09,0.73,4,-1,-1
104,75,597.62,252.66,12.41,26.12,0.32,1,-1,-1
104,169,301.20,97.47,25.80,22.16,0.84,5,-1,-1
104,170,879.32,0.10,30.07,15.66,0.57,4,-1,-1
104,171,1218.25,37.41,34.17,12.08,0.84,4,-1,-1
104,172,1320.76,89.18,20.50,18.15,0.60,4,-1,-1
104,173,1011.75,282.18,11.95,23.91,0.60,1,-1,-1
104,174,1179.09,18.08,29.03,13.99,0.63,4,-1,-1
104,175,1234.59,60.19,32.44,16.65,0.65,4,-1,-1
104,176,1290.08,46.83,34.15,14.33,0.93,4,-1,-1
105,18,1188.64,476.28,104.40,49.50,0.99,4,-1,-1
105,23,1175.73,449.78,99.80,43.62,0.99,4,-1,-1
105,24,540.19,465.10,17.06,31.37,0.93,1,-1,-1
105,25,585.17,459.58,14.78,33.10,0.95,1,-1,-1
105,26,564.09,457.36,14.54,32.45,0.93,1,-1,-1
105,28,553.48,457.96,14.46,31.64,0.85,1,-1,-1
105,31,391.52,435.00,96.73,39.44,0.99,4,-1,-1
105,39,569.07,433.90,14.57,31.63,0.94,1,-1,-1
105,42,410.77,406.90,90.00,37.00,0.96,4,-1,-1
105,47,1131.37,375.78,87.25,44.67,0.99,4,-1,-1
105,48,431.04,376.97,85.42,35.82,1.00,4,-1,-1
105,50,541.77,447.66,14.84,35.25,0.72,1,-1,-1
105,54,614.60,425.43,41.77,59.29,0.99,4,-1,-1
105,55,1105.00,344.46,68.35,31.46,0.99,4,-1,-1
105,38,534.49,434.23,14.53,35.80,0.75,1,-1,-1
105,59,750.46,336.77,71.15,32.51,0.99,4,-1,-1
105,60,461.18,323.04,66.79,33.54,0.99,4,-1,-1
105,61,1094.48,314.71,63.23,30.00,0.97,4,-1,-1
105,63,495.05,275.56,63.18,29.08,0.99,4,-1,-1
105,64,752.08,280.41,59.85,24.14,0.99,4,-1,-1
105,65,758.67,291.15,62.33,30.06,0.99,4,-1,-1
105,66,1004.84,282.80,11.96,23.68,0.50,1,-1,-1
105,69,1036.64,299.00,15.39,27.32,0.47,1,-1,-1
105,70,1064.58,286.79,61.57,21.70,0.94,4,-1,-1
105,71,1077.33,297.72,66.69,29.60,0.97,4,-1,-1
105,72,1247.55,287.57,71.22,29.03,0.99,4,-1,-1
105,73,499.20,261.19,61.72,25.77,0.97,4,-1,-1
105,74,516.94,237.55,55.49,21.77,0.98,4,-1,-1
105,76,602.89,249.95,31.03,35.44,0.86,4,-1,-1
105,77,739.43,238.09,58.09,24.97,0.99,4,-1,-1
105,78,746.95,252.98,58.02,21.49,0.98,4,-1,-1
105,79,755.64,265.52,54.15,23.23,0.99,4,-1,-1
105,80,996.91,262.09,13.51,23.56,0.28,1,-1,-1
105,81,1031.96,246.70,51.37,20.15,0.98,4,-1,-1
105,82,1037.44,258.21,59.94,22.99,0.87,4,-1,-1
105,83,1056.22,270.53,54.83,22.19,0.84,4,-1,-1
105,88,764.54,192.80,27.33,26.73,0.97,4,-1,-1
105,89,797.88,194.69,26.49,25.46,0.96,4,-1,-1
105,90,823.73,194.66,27.34,25.07,0.90,4,-1,-1
105,91,853.55,196.15,25.56,25.94,0.94,4,-1,-1
105,92,985.27,198.04,30.19,23.91,0.99,4,-1,-1
105,94,1011.62,234.20,13.68,25.91,0.47,1,-1,-1
105,95,1014.85,197.90,29.11,25.92,0.99,4,-1,-1
105,97,1022.70,237.76,13.64,25.67,0.24,1,-1,-1
105,98,1041.60,201.25,31.92,25.63,0.97,4,-1,-1
105,99,1234.76,200.64,42.64,27.90,0.99,4,-1,-1
105,101,507.48,248.88,56.32,21.78,0.98,4,-1,-1
105,102,735.55,191.84,26.18,24.77,0.96,4,-1,-1
105,104,1148.42,196.94,12.60,26.46,0.64,1,-1,-1
105,105,469.05,308.77,68.53,27.08,0.96,4,-1,-1
105,111,1129.08,255.41,11.87,24.29,0.87,1,-1,-1
105,112,143.18,126.90,49.98,22.04,0.88,4,-1,-1
105,113,299.68,124.29,45.65,20.11,0.98,4,-1,-1
105,114,423.86,123.15,46.89,21.17,0.96,4,-1,-1
105,115,653.49,134.21,14.41,20.67,0.84,1,-1,-1
105,116,697.92,133.48,13.72,21.86,0.89,1,-1,-1
105,117,799.92,127.36,45.31,18.24,0.64,4,-1,-1
105,119,1021.24,282.98,11.78,24.24,0.51,1,-1,-1
105,123,165.14,101.43,37.37,19.57,0.98,4,-1,-1
105,124,180.24,111.41,43.69,20.07,0.65,4,-1,-1
105,125,233.19,98.39,39.95,22.41,0.94,4,-1,-1
105,126,598.33,101.39,40.72,21.92,0.60,4,-1,-1
105,129,1220.08,85.03,25.67,19.77,0.97,4,-1,-1
105,130,1270.50,113.02,25.67,21.90,0.99,4,-1,-1
105,131,1294.03,125.11,33.13,22.75,0.99,4,-1,-1
105,132,1299.49,83.63,28.97,18.56,0.97,4,-1,-1
105,133,23.60,94.00,40.74,20.50,0.85,4,-1,-1
105,134,78.60,99.82,43.76,20.82,0.76,4,-1,-1
105,135,142.91,100.33,33.95,19.60,0.90,4,-1,-1
105,137,528.53,104.69,24.84,20.95,0.96,4,-1,-1
105,138,785.57,107.10,38.20,19.41,0.65,4,-1,-1
105,139,1063.39,16.29,19.30,16.88,0.63,4,-1,-1
105,140,1106.70,15.30,18.80,14.85,0.89,4,-1,-1
105,142,1153.24,47.77,20.98,17.22,0.97,4,-1,-1
105,143,1183.68,58.96,33.73,17.16,0.96,4,-1,-1
105,144,1202.79,71.38,19.27,21.33,0.87,4,-1,-1
105,145,1227.11,47.27,31.97,15.45,0.97,4,-1,-1
105,147,1233.71,58.77,33.56,16.52,0.67,4,-1,-1
105,148,1247.37,99.20,25.63,20.98,0.98,4,-1,-1
105,149,1252.80,66.48,34.15,17.31,0.95,4,-1,-1
105,150,1291.01,47.35,33.69,14.14,0.91,4,-1,-1
105,151,1296.32,51.65,32.21,13.39,0.37,4,-1,-1
105,152,1300.64,55.01,33.67,12.96,0.33,4,-1,-1
105,153,1305.30,56.06,32.59,13.19,0.87,4,-1,-1
105,154,1325.10,60.88,25.49,12.67,0.82,4,-1,-1
105,155,1329.04,69.76,28.49,15.27,0.84,4,-1,-1
105,156,383.89,99.50,29.57,22.75,0.85,4,-1,-1
105,157,1148.86,36.93,21.79,14.28,0.79,4,-1,-1
105,158,1180.72,19.99,32.15,14.86,0.83,4,-1,-1
105,159,1218.38,39.52,34.70,12.55,0.14,4,-1,-1
105,160,1218.37,34.63,34.09,11.44,0.40,4,-1,-1
105,161,1218.97,41.73,34.21,12.46,0.78,4,-1,-1
105,162,1237.88,62.38,32.18,16.94,0.92,4,-1,-1
105,164,1278.15,37.39,27.24,15.40,0.44,4,-1,-1
105,165,1314.76,58.14,31.15,13.36,0.41,4,-1,-1
105,167,730.68,123.46,45.29,20.07,0.64,4,-1,-1
105,75,597.41,253.72,12.62,25.74,0.18,1,-1,-1
105,169,300.31,97.89,26.34,21.95,0.79,5,-1,-1
105,170,878.75,0.21,31.87,16.21,0.39,4,-1,-1
105,171,1219.24,37.23,34.18,12.32,0.87,4,-1,-1
105,172,1320.47,88.86,21.83,18.32,0.18,4,-1,-1
105,173,1012.56,283.02,11.96,23.92,0.53,1,-1,-1
105,174,1179.96,17.84,29.05,13.88,0.62,4,-1,-1
105,84,1119.31,256.87,13.68,23.50,0.76,1,-1,-1
106,18,1189.20,478.05,105.55,50.12,0.99,4,-1,-1
106,23,1175.71,451.23,101.66,44.17,0.99,4,-1,-1
106,24,539.95,466.35,16.56,31.53,0.97,1,-1,-1
106,25,584.62,461.34,14.63,33.26,0.92,1,-1,-1
106,26,563.64,458.63,14.00,32.46,0.94,1,-1,-1
106,28,552.69,458.58,14.55,32.18,0.86,1,-1,-1
106,31,390.41,436.25,97.24,39.49,0.99,4,-1,-1
106,39,569.21,435.18,14.02,31.46,0.94,1,-1,-1
106,42,409.96,408.18,90.43,36.55,0.96,4,-1,-1
106,47,1132.26,376.97,87.25,44.52,0.99,4,-1,-1
106,48,430.34,378.13,85.60,35.30,1.00,4,-1,-1
106,50,541.36,445.72,14.65,36.83,0.69,1,-1,-1
106,54,614.10,429.03,41.90,59.80,0.99,4,-1,-1
106,55,1105.19,345.09,69.47,31.91,1.00,4,-1,-1
106,38,534.10,435.67,14.54,35.45,0.77,1,-1,-1
106,59,750.02,337.40,72.10,33.03,0.99,4,-1,-1
106,60,460.80,323.90,66.71,33.35,0.99,4,-1,-1
106,61,1094.82,315.63,64.35,30.21,0.98,4,-1,-1
106,63,494.65,276.16,63.75,29.04,0.99,4,-1,-1
106,64,752.25,280.78,60.35,25.09,0.98,4,-1,-1
106,65,758.73,292.18,62.34,30.19,0.98,4,-1,-1
106,66,1005.70,283.74,11.95,23.54,0.54,1,-1,-1
106,69,1036.75,299.81,15.38,27.06,0.62,1,-1,-1
106,70,1065.43,287.56,61.58,21.75,0.94,4,-1,-1
106,71,1078.25,298.58,66.69,29.26,0.97,4,-1,-1
106,72,1248.30,288.20,71.63,29.61,0.98,4,-1,-1
106,73,498.86,261.72,61.59,25.94,0.98,4,-1,-1
106,74,517.58,237.95,54.48,21.17,0.99,4,-1,-1
106,76,602.65,250.29,32.47,36.19,0.90,4,-1,-1
106,77,739.48,238.48,58.11,25.15,0.98,4,-1,-1
106,78,747.13,253.57,58.16,21.67,0.99,4,-1,-1
106,79,755.68,265.99,54.55,23.67,0.98,4,-1,-1
106,80,997.89,263.65,13.66,23.15,0.63,1,-1,-1
106,81,1032.31,247.40,53.64,20.43,0.99,4,-1,-1
106,82,1037.58,259.06,60.00,22.81,0.79,4,-1,-1
106,83,1056.90,271.15,54.85,22.51,0.74,4,-1,-1
106,88,764.65,193.22,27.33,27.06,0.95,4,-1,-1
106,89,798.26,195.07,26.48,25.71,0.96,4,-1,-1
106,90,823.96,194.99,27.90,25.50,0.85,4,-1,-1
106,91,853.81,196.41,26.17,26.56,0.91,4,-1,-1
106,92,986.50,198.51,29.49,23.97,0.99,4,-1,-1
106,94,1012.56,235.43,13.68,25.18,0.36,1,-1,-1
106,95,1015.74,198.67,29.10,25.84,0.99,4,-1,-1
106,98,1042.27,201.93,32.33,25.46,0.98,4,-1,-1
106,99,1235.86,201.03,42.77,28.36,0.99,4,-1,-1
106,101,506.99,249.73,57.00,21.47,0.98,4,-1,-1
106,102,735.63,192.21,25.83,24.88,0.96,4,-1,-1
106,104,1149.07,197.80,13.31,26.96,0.52,1,-1,-1
106,105,469.09,309.24,68.44,27.23,0.95,4,-1,-1
106,111,1130.04,256.36,11.87,23.74,0.91,1,-1,-1
106,112,134.49,126.72,50.11,21.83,0.84,4,-1,-1
106,113,296.91,124.07,45.62,20.40,0.99,4,-1,-1
106,114,421.37,123.32,47.33,20.77,0.93,4,-1,-1
106,115,653.37,134.58,13.89,20.45,0.91,1,-1,-1
106,116,698.02,133.59,13.71,22.08,0.86,1,-1,-1
106,117,799.14,127.34,44.70,18.66,0.72,4,-1,-1
106,119,1020.90,283.59,12.99,24.83,0.40,1,-1,-1
106,123,164.42,101.21,37.51,19.61,0.97,4,-1,-1
106,124,177.66,111.42,43.75,20.04,0.71,4,-1,-1
106,125,233.22,98.27,40.12,22.21,0.97,4,-1,-1
106,126,599.67,101.35,39.12,21.62,0.65,4,-1,-1
106,129,1221.02,85.21,25.66,19.63,0.96,4,-1,-1
106,130,1271.39,113.32,25.62,22.39,0.99,4,-1,-1
106,131,1294.51,125.33,32.80,22.79,0.99,4,-1,-1
106,132,1300.37,83.90,29.10,18.36,0.99,4,-1,-1
106,133,23.85,93.96,40.68,20.31,0.90,4,-1,-1
106,134,78.47,99.93,43.44,20.47,0.84,4,-1,-1
106,135,142.58,100.47,33.71,19.25,0.91,4,-1,-1
106,137,529.04,104.92,24.24,20.76,0.97,4,-1,-1
106,138,785.59,107.10,38.40,19.69,0.65,4,-1,-1
106,139,1064.47,16.21,18.97,17.14,0.70,4,-1,-1
106,140,1105.93,14.61,18.79,15.03,0.85,4,-1,-1
106,142,1153.68,47.90,21.87,17.24,0.95,4,-1,-1
106,143,1185.67,59.71,34.14,16.66,0.96,4,-1,-1
106,144,1203.89,72.23,18.94,20.72,0.77,4,-1,-1
106,145,1227.24,47.68,32.38,15.33,0.97,4,-1,-1
106,147,1233.90,59.13,34.12,16.57,0.91,4,-1,-1
106,148,1248.31,99.52,25.62,21.28,0.97,4,-1,-1
106,149,1252.94,67.09,35.28,17.18,0.94,4,-1,-1
106,150,1290.67,47.28,35.27,14.12,0.91,4,-1,-1
106,151,1295.31,51.97,33.63,13.55,0.40,4,-1,-1
106,152,1300.27,54.97,34.23,13.34,0.69,4,-1,-1
106,153,1306.70,56.30,32.70,13.48,0.89,4,-1,-1
106,154,1325.42,61.59,26.70,12.79,0.64,4,-1,-1
106,155,1330.17,69.97,27.68,15.45,0.79,4,-1,-1
106,156,383.69,99.48,29.53,22.62,0.90,4,-1,-1
106,157,1147.85,36.34,22.20,14.33,0.88,4,-1,-1
106,158,1181.61,20.27,31.37,14.77,0.74,4,-1,-1
106,160,1219.26,34.65,32.96,11.27,0.25,4,-1,-1
106,161,1219.18,42.07,34.32,12.23,0.63,4,-1,-1
106,162,1236.69,61.43,33.81,16.84,0.88,4,-1,-1
106,164,1279.03,37.80,27.33,15.65,0.56,4,-1,-1
106,165,1315.45,58.20,29.65,13.48,0.28,4,-1,-1
106,167,728.66,123.51,45.92,20.23,0.68,4,-1,-1
106,75,597.43,254.24,12.11,25.61,0.57,1,-1,-1
106,169,299.99,97.83,26.17,22.09,0.81,5,-1,-1
106,170,880.58,0.23,29.97,16.03,0.61,4,-1,-1
106,171,1219.53,37.48,34.17,12.23,0.72,4,-1,-1
106,172,1321.60,89.66,22.26,18.13,0.55,4,-1,-1
106,173,1013.43,283.89,11.96,23.92,0.56,1,-1,-1
106,174,1180.91,18.04,29.05,13.83,0.53,4,-1,-1
106,84,1120.09,257.98,13.67,22.90,0.68,1,-1,-1
106,177,125.29,99.47,34.15,18.46,0.63,4,-1,-1
106,178,1243.12,64.78,30.74,15.26,0.83,4,-1,-1
107,18,1189.80,479.19,105.96,50.32,0.99,4,-1,-1
107,23,1176.67,452.53,101.23,44.36,0.99,4,-1,-1
107,24,538.97,467.95,16.93,32.14,0.93,1,-1,-1
107,25,583.80,463.13,15.14,33.31,0.91,1,-1,-1
107,26,562.84,459.96,14.36,33.03,0.95,1,-1,-1
107,28,552.06,459.66,14.59,32.94,0.89,1,-1,-1
107,31,388.84,437.45,97.98,39.91,0.99,4,-1,-1
107,39,568.65,436.24,14.37,31.96,0.94,1,-1,-1
107,42,408.78,409.13,91.15,37.07,0.98,4,-1,-1
107,47,1133.01,377.79,87.23,45.01,0.99,4,-1,-1
107,48,428.76,379.03,86.65,35.65,0.99,4,-1,-1
107,50,540.88,449.18,14.58,35.19,0.72,1,-1,-1
107,54,613.29,433.41,42.51,59.96,0.99,4,-1,-1
107,55,1106.81,345.84,68.77,32.06,1.00,4,-1,-1
107,38,533.62,436.94,14.54,35.17,0.76,1,-1,-1
107,59,750.03,338.33,72.46,33.21,1.00,4,-1,-1
107,60,460.02,324.54,66.67,33.55,0.99,4,-1,-1
107,61,1095.93,316.21,63.65,30.56,0.98,4,-1,-1
107,63,493.84,276.71,63.96,29.01,0.99,4,-1,-1
107,64,751.93,281.06,60.54,25.72,0.98,4,-1,-1
107,65,758.35,292.84,62.91,30.23,0.98,4,-1,-1
107,66,1005.88,284.35,11.95,23.49,0.59,1,-1,-1
107,69,1037.22,300.36,15.38,27.24,0.74,1,-1,-1
107,70,1066.17,288.22,62.70,22.04,0.94,4,-1,-1
107,71,1079.02,299.28,66.68,29.39,0.97,4,-1,-1
107,72,1249.55,289.07,71.78,29.53,0.98,4,-1,-1
107,73,498.07,262.23,62.10,25.99,0.96,4,-1,-1
107,74,516.31,238.43,55.21,21.52,0.97,4,-1,-1
107,76,602.18,250.87,32.43,35.89,0.59,4,-1,-1
107,77,739.11,238.91,58.11,25.20,0.99,4,-1,-1
107,78,747.08,254.21,58.19,21.73,0.99,4,-1,-1
107,79,755.59,266.45,54.69,23.83,0.99,4,-1,-1
107,80,999.23,263.31,12.60,24.16,0.62,1,-1,-1
107,81,1032.86,248.19,56.70,20.80,0.99,4,-1,-1
107,82,1038.05,259.76,61.13,22.72,0.81,4,-1,-1
107,83,1057.58,271.63,54.84,22.34,0.82,4,-1,-1
107,88,764.86,193.96,27.33,27.04,0.95,4,-1,-1
107,89,798.55,195.64,26.47,25.79,0.94,4,-1,-1
107,90,824.47,195.53,27.55,25.38,0.88,4,-1,-1
107,91,854.34,197.06,25.84,26.37,0.92,4,-1,-1
107,92,986.83,199.02,29.21,24.05,0.99,4,-1,-1
107,94,1012.76,235.89,14.81,25.17,0.56,1,-1,-1
107,95,1015.93,199.07,29.09,25.81,0.99,4,-1,-1
107,98,1043.51,202.23,31.36,25.61,0.98,4,-1,-1
107,99,1236.68,201.40,42.81,28.79,0.99,4,-1,-1
107,101,506.44,250.22,57.81,21.63,0.97,4,-1,-1
107,102,735.82,192.64,25.70,24.92,0.95,4,-1,-1
107,104,1149.71,198.28,13.56,27.78,0.79,1,-1,-1
107,105,468.19,310.02,68.96,27.27,0.95,4,-1,-1
107,111,1130.76,257.37,11.88,24.40,0.93,1,-1,-1
107,112,125.51,126.85,50.59,22.04,0.83,4,-1,-1
107,113,293.89,124.12,46.20,20.95,0.98,4,-1,-1
107,114,419.01,123.47,47.49,21.22,0.94,4,-1,-1
107,115,652.38,134.99,14.29,20.53,0.73,1,-1,-1
107,116,697.65,133.91,14.28,22.16,0.72,1,-1,-1
107,117,798.20,127.47,43.89,18.66,0.63,4,-1,-1
107,119,1020.67,284.20,13.40,25.04,0.58,1,-1,-1
107,123,163.60,101.25,37.86,19.80,0.90,4,-1,-1
107,124,175.07,111.72,43.99,20.32,0.63,4,-1,-1
107,125,232.74,98.40,40.17,22.47,0.98,4,-1,-1
107,126,600.04,101.25,39.14,21.92,0.60,4,-1,-1
107,129,1220.58,85.65,26.82,19.72,0.97,4,-1,-1
107,130,1272.10,113.64,25.61,22.57,0.99,4,-1,-1
107,131,1296.24,125.63,32.66,23.10,0.98,4,-1,-1
107,132,1301.07,83.92,29.14,18.79,0.98,4,-1,-1
107,133,23.00,94.00,40.86,20.46,0.85,4,-1,-1
107,134,77.90,99.98,43.51,20.52,0.87,4,-1,-1
107,135,142.14,100.59,33.76,19.36,0.83,4,-1,-1
107,137,528.83,105.08,24.01,20.88,0.97,4,-1,-1
107,138,785.77,107.14,38.46,20.11,0.43,4,-1,-1
107,139,1064.08,16.63,20.04,16.69,0.38,4,-1,-1
107,140,1105.52,14.19,18.79,15.08,0.87,4,-1,-1
107,142,1154.24,47.99,22.17,17.37,0.98,4,-1,-1
107,143,1187.34,60.02,34.27,16.77,0.95,4,-1,-1
107,144,1204.67,72.60,18.83,20.94,0.88,4,-1,-1
107,145,1227.67,48.08,32.52,15.33,0.97,4,-1,-1
107,147,1234.95,59.54,33.14,16.43,0.90,4,-1,-1
107,148,1249.04,99.87,25.62,21.22,0.98,4,-1,-1
107,149,1254.57,67.66,35.67,17.33,0.95,4,-1,-1
107,150,1291.50,47.24,34.67,13.94,0.90,4,-1,-1
107,151,1295.89,52.63,34.13,13.28,0.79,4,-1,-1
107,152,1299.32,55.03,35.56,13.05,0.73,4,-1,-1
107,153,1305.87,56.03,32.70,13.35,0.56,4,-1,-1
107,154,1325.34,62.13,28.29,12.61,0.80,4,-1,-1
107,155,1330.37,70.08,27.38,15.51,0.89,4,-1,-1
107,156,383.26,99.74,29.51,22.51,0.88,4,-1,-1
107,157,1146.75,35.73,22.33,14.42,0.88,4,-1,-1
107,158,1181.73,19.78,31.03,14.98,0.80,4,-1,-1
107,160,1219.36,35.04,33.77,11.51,0.53,4,-1,-1
107,161,1219.69,42.09,34.33,12.59,0.74,4,-1,-1
107,162,1239.01,63.46,32.04,16.39,0.91,4,-1,-1
107,164,1279.74,38.17,27.36,15.57,0.65,4,-1,-1
107,165,1311.83,57.57,30.37,12.99,0.86,4,-1,-1
107,167,726.71,123.78,46.13,20.28,0.58,4,-1,-1
107,169,299.55,98.04,26.42,22.21,0.89,5,-1,-1
107,170,881.08,0.32,30.52,16.08,0.53,4,-1,-1
107,171,1220.05,38.06,34.16,12.84,0.79,4,-1,-1
107,172,1321.78,89.77,22.37,18.38,0.32,4,-1,-1
107,173,1013.56,284.40,11.96,24.25,0.59,1,-1,-1
107,84,1121.36,259.17,13.67,22.70,0.66,1,-1,-1
107,177,123.91,99.58,34.51,18.90,0.82,4,-1,-1
107,179,497.76,118.46,13.66,17.50,0.62,2,-1,-1
107,180,600.64,249.95,35.01,37.57,0.83,4,-1,-1
107,181,1130.42,33.67,8.54,14.62,0.62,10,-1,-1
108,18,1191.07,481.07,106.10,50.41,0.99,4,-1,-1
108,23,1178.65,454.76,101.04,44.44,0.99,4,-1,-1
108,24,538.02,469.65,17.06,32.38,0.92,1,-1,-1
108,25,583.18,464.35,14.77,33.90,0.90,1,-1,-1
108,26,562.24,461.56,13.92,32.68,0.96,1,-1,-1
108,28,551.51,461.16,14.03,32.67,0.88,1,-1,-1
108,31,388.51,438.42,97.69,40.64,0.99,4,-1,-1
108,39,568.42,437.33,13.93,31.73,0.93,1,-1,-1
108,42,407.89,410.43,90.71,37.13,0.99,4,-1,-1
108,47,1133.80,378.99,88.35,45.20,0.99,4,-1,-1
108,48,427.71,379.76,86.61,36.08,0.99,4,-1,-1
108,50,540.39,452.53,14.55,35.10,0.74,1,-1,-1
108,54,612.94,437.23,42.17,61.13,0.99,4,-1,-1
108,55,1107.38,346.88,69.62,32.12,0.99,4,-1,-1
108,38,532.28,437.95,15.10,35.06,0.74,1,-1,-1
108,59,749.45,339.25,73.15,33.29,0.99,4,-1,-1
108,60,459.42,325.45,66.65,33.64,0.99,4,-1,-1
108,61,1096.88,316.90,63.37,30.70,0.98,4,-1,-1
108,63,493.23,277.45,64.04,29.01,0.98,4,-1,-1
108,64,752.07,281.72,60.61,25.96,0.98,4,-1,-1
108,65,758.48,293.65,62.56,30.26,0.98,4,-1,-1
108,66,1005.91,285.18,11.95,23.19,0.51,1,-1,-1
108,69,1037.38,301.03,15.38,27.02,0.58,1,-1,-1
108,70,1066.43,288.65,63.11,22.44,0.92,4,-1,-1
108,71,1079.28,300.15,67.80,29.45,0.97,4,-1,-1
108,72,1250.56,290.04,71.82,29.51,0.99,4,-1,-1
108,73,497.19,262.82,62.86,26.02,0.97,4,-1,-1
108,74,516.66,239.01,54.35,21.37,0.97,4,-1,-1
108,76,601.98,251.77,32.41,35.51,0.82,4,-1,-1
108,77,739.52,239.49,57.54,25.22,0.97,4,-1,-1
108,78,747.33,254.59,57.63,21.76,0.98,4,-1,-1
108,79,756.11,267.04,54.17,23.61,0.99,4,-1,-1
108,80,999.73,257.87,13.33,25.38,0.67,1,-1,-1
108,81,1033.06,249.09,58.96,21.50,0.98,4,-1,-1
108,82,1038.21,260.49,61.54,22.69,0.77,4,-1,-1
108,83,1058.39,272.27,54.82,22.27,0.84,4,-1,-1
108,88,764.92,194.38,27.33,27.17,0.96,4,-1,-1
108,89,798.09,196.22,27.04,25.76,0.95,4,-1,-1
108,90,824.67,196.10,27.41,25.26,0.88,4,-1,-1
108,91,854.25,197.54,25.99,26.23,0.96,4,-1,-1
108,92,987.52,199.66,29.10,23.81,0.98,4,-1,-1
108,94,1013.37,236.66,15.22,24.89,0.31,1,-1,-1
108,95,1016.00,199.68,29.08,25.52,0.99,4,-1,-1
108,98,1043.98,202.66,30.98,25.67,0.99,4,-1,-1
108,99,1237.56,202.04,42.81,28.82,1.00,4,-1,-1
108,101,505.65,250.66,58.10,21.70,0.98,4,-1,-1
108,102,736.16,193.16,25.65,25.08,0.96,4,-1,-1
108,104,1149.95,199.51,13.66,27.95,0.89,1,-1,-1
108,105,467.55,310.85,69.15,27.02,0.92,4,-1,-1
108,111,1131.54,258.78,11.89,24.64,0.94,1,-1,-1
108,112,116.63,126.60,50.33,22.56,0.91,4,-1,-1
108,113,291.14,124.56,46.42,20.87,0.95,4,-1,-1
108,114,416.20,123.61,47.27,21.40,0.93,4,-1,-1
108,115,651.75,135.03,14.43,21.00,0.79,1,-1,-1
108,116,697.51,134.29,14.48,22.33,0.75,1,-1,-1
108,117,796.74,127.64,43.59,18.68,0.80,4,-1,-1
108,119,1021.11,284.46,13.56,25.13,0.50,1,-1,-1
108,123,163.17,101.69,37.26,19.44,0.90,4,-1,-1
108,124,172.27,112.18,44.58,20.57,0.67,4,-1,-1
108,125,232.43,98.82,40.18,22.42,0.96,4,-1,-1
108,126,596.95,101.52,42.08,22.66,0.62,4,-1,-1
108,129,1221.55,86.02,26.10,19.54,0.93,4,-1,-1
108,130,1272.92,113.87,25.60,22.92,0.99,4,-1,-1
108,131,1297.45,126.22,31.44,22.93,0.99,4,-1,-1
108,132,1301.90,84.27,29.14,18.88,0.98,4,-1,-1
108,133,22.32,94.16,40.88,20.67,0.87,4,-1,-1
108,134,76.83,100.01,43.98,20.69,0.80,4,-1,-1
108,135,141.63,100.76,33.04,19.44,0.83,4,-1,-1
108,137,528.77,105.44,23.93,20.74,0.98,4,-1,-1
108,138,785.84,107.35,38.48,20.30,0.51,4,-1,-1
108,139,1064.53,16.97,19.27,16.13,0.52,7,-1,-1
108,140,1104.24,13.94,19.96,14.86,0.79,4,-1,-1
108,142,1155.60,47.84,21.12,17.64,0.96,4,-1,-1
108,143,1189.08,60.43,33.14,16.89,0.93,4,-1,-1
108,144,1205.51,73.14,18.79,21.10,0.77,4,-1,-1
108,145,1227.84,48.14,32.56,15.27,0.98,4,-1,-1
108,147,1235.35,58.87,32.74,15.94,0.87,4,-1,-1
108,148,1249.28,100.33,25.62,21.06,0.99,4,-1,-1
108,149,1255.74,67.92,35.82,17.09,0.96,4,-1,-1
108,150,1292.99,47.41,33.24,14.20,0.87,4,-1,-1
108,151,1296.69,52.53,34.30,13.12,0.84,4,-1,-1
108,152,1301.23,54.53,33.76,12.73,0.79,4,-1,-1
108,153,1304.99,55.76,32.68,13.01,0.62,4,-1,-1
108,154,1325.88,62.16,28.87,12.54,0.81,4,-1,-1
108,155,1331.61,70.26,26.10,15.53,0.84,4,-1,-1
108,156,382.68,99.87,29.80,22.77,0.78,4,-1,-1
108,157,1146.41,34.96,21.18,14.67,0.82,4,-1,-1
108,158,1181.78,19.71,32.09,15.35,0.73,4,-1,-1
108,160,1219.99,35.83,34.05,11.89,0.43,4,-1,-1
108,161,1219.91,42.03,34.31,12.74,0.75,4,-1,-1
108,162,1237.62,61.70,32.47,16.43,0.83,4,-1,-1
108,164,1279.98,38.72,27.36,15.21,0.53,4,-1,-1
108,165,1311.25,57.47,30.61,12.58,0.88,4,-1,-1
108,167,725.21,123.94,46.18,20.45,0.71,4,-1,-1
108,169,298.97,98.23,27.11,22.33,0.84,5,-1,-1
108,170,878.17,0.24,33.14,16.10,0.35,4,-1,-1
108,171,1219.59,38.26,35.40,12.96,0.82,4,-1,-1
108,172,1321.83,90.13,22.37,17.92,0.38,4,-1,-1
108,173,1013.56,285.34,11.96,24.03,0.61,1,-1,-1
108,84,1122.39,260.49,13.67,22.92,0.65,1,-1,-1
108,177,123.06,99.79,32.29,18.70,0.88,4,-1,-1
108,179,495.53,119.07,13.67,17.51,0.67,2,-1,-1
108,180,600.17,250.97,35.02,37.25,0.78,4,-1,-1
108,182,1222.63,114.94,10.25,20.92,0.62,1,-1,-1
108,183,1243.98,64.84,30.74,15.69,0.87,4,-1,-1
108,184,1316.55,58.38,30.74,12.49,0.67,4,-1,-1
109,18,1191.93,482.55,105.02,50.43,0.99,4,-1,-1
109,23,1179.22,456.66,100.97,43.32,0.99,4,-1,-1
109,24,536.62,471.44,16.55,31.90,0.94,1,-1,-1
109,25,582.19,465.95,14.06,33.55,0.90,1,-1,-1
109,26,561.25,463.31,13.76,33.11,0.96,1,-1,-1
109,28,550.26,462.88,13.81,32.56,0.90,1,-1,-1
109,31,387.20,440.23,96.87,40.34,0.99,4,-1,-1
109,39,567.57,438.05,13.77,31.64,0.84,1,-1,-1
109,42,406.92,411.94,90.12,37.00,0.99,4,-1,-1
109,47,1133.92,380.21,88.77,45.26,0.99,4,-1,-1
109,48,426.39,381.04,85.90,35.95,1.00,4,-1,-1
109,50,538.59,454.34,14.55,34.50,0.75,1,-1,-1
109,54,610.65,441.40,43.17,62.12,0.99,4,-1,-1
109,55,1106.85,347.92,69.95,32.12,0.99,4,-1,-1
109,38,531.29,439.47,14.21,35.02,0.64,1,-1,-1
109,59,747.89,340.28,73.99,33.31,0.99,4,-1,-1
109,60,458.11,326.37,66.66,33.67,0.99,4,-1,-1
109,61,1096.49,317.50,63.27,31.03,0.99,4,-1,-1
109,63,491.91,278.30,64.08,29.01,0.98,4,-1,-1
109,64,751.34,282.37,61.21,26.33,0.97,4,-1,-1
109,65,757.74,294.20,63.00,30.27,0.98,4,-1,-1
109,66,1005.16,285.71,13.09,23.36,0.40,1,-1,-1
109,69,1037.25,301.65,15.38,26.38,0.64,1,-1,-1
109,70,1066.33,289.30,63.27,22.31,0.92,4,-1,-1
109,71,1079.75,300.97,67.11,29.46,0.96,4,-1,-1
109,72,1250.76,290.44,71.84,30.05,0.99,4,-1,-1
109,73,496.05,263.18,62.59,26.31,0.96,4,-1,-1
109,74,516.27,239.66,53.45,21.89,0.98,4,-1,-1
109,76,600.53,252.09,33.56,36.52,0.80,4,-1,-1
109,77,739.17,239.96,57.33,24.94,0.99,4,-1,-1
109,78,746.35,254.56,57.42,22.04,0.99,4,-1,-1
109,79,755.81,267.66,53.97,23.80,0.98,4,-1,-1
109,80,999.71,255.59,13.59,25.56,0.63,1,-1,-1
109,81,1032.93,249.78,59.83,21.75,0.97,4,-1,-1
109,82,1037.52,261.12,61.69,22.67,0.68,4,-1,-1
109,83,1057.94,272.30,54.81,23.09,0.75,4,-1,-1
109,88,764.16,195.00,27.34,26.72,0.96,4,-1,-1
109,89,797.69,196.67,26.70,25.60,0.96,4,-1,-1
109,90,823.95,196.34,27.36,25.43,0.88,4,-1,-1
109,91,853.44,198.02,26.05,26.25,0.98,4,-1,-1
109,92,987.01,199.98,29.06,24.00,0.98,4,-1,-1
109,94,1013.94,237.18,14.28,24.50,0.39,1,-1,-1
109,95,1015.82,200.20,29.08,25.62,0.99,4,-1,-1
109,98,1043.97,203.03,30.84,25.84,0.98,4,-1,-1
109,99,1238.29,202.67,41.69,28.33,0.99,4,-1,-1
109,101,504.82,250.97,57.65,22.30,0.98,4,-1,-1
109,102,735.50,193.39,25.63,25.00,0.97,4,-1,-1
109,104,1149.30,200.02,14.82,29.14,0.73,1,-1,-1
109,105,465.94,311.90,69.23,26.63,0.90,4,-1,-1
109,111,1132.18,260.35,11.90,24.45,0.93,1,-1,-1
109,112,107.42,127.04,49.52,21.75,0.93,4,-1,-1
109,113,287.64,124.78,46.22,20.99,0.98,4,-1,-1
109,114,412.83,123.50,47.63,21.75,0.93,4,-1,-1
109,115,649.87,135.43,14.49,20.61,0.66,1,-1,-1
109,116,696.37,134.88,14.56,21.97,0.81,1,-1,-1
109,117,794.00,127.56,44.66,18.98,0.90,4,-1,-1
109,119,1021.07,285.20,13.63,25.16,0.41,1,-1,-1
109,123,161.73,101.85,37.18,19.12,0.83,4,-1,-1
109,124,169.31,112.89,44.37,20.52,0.62,4,-1,-1
109,125,230.75,99.03,40.48,22.58,0.96,4,-1,-1
109,126,595.29,101.55,43.14,23.32,0.62,4,-1,-1
109,129,1221.71,86.14,25.81,19.68,0.94,4,-1,-1
109,130,1273.03,113.83,25.61,22.90,0.99,4,-1,-1
109,131,1298.30,126.53,30.98,22.71,0.95,4,-1,-1
109,132,1302.59,84.22,27.99,19.05,0.98,4,-1,-1
109,133,20.37,94.44,40.39,20.45,0.89,4,-1,-1
109,134,74.93,100.26,44.01,20.56,0.78,4,-1,-1
109,135,140.24,101.02,31.76,19.17,0.79,4,-1,-1
109,137,527.63,105.71,23.91,20.84,0.97,4,-1,-1
109,138,785.35,107.67,38.49,20.15,0.76,4,-1,-1
109,139,1065.07,17.77,15.46,15.01,0.29,10,-1,-1
109,140,1103.02,13.32,19.25,14.87,0.63,4,-1,-1
109,142,1155.90,48.08,20.71,17.78,0.97,4,-1,-1
109,143,1189.48,60.46,33.88,17.01,0.93,4,-1,-1
109,144,1205.02,73.43,18.78,20.86,0.83,4,-1,-1
109,145,1227.70,48.53,32.57,15.07,0.98,4,-1,-1
109,147,1235.31,58.20,32.59,15.90,0.88,4,-1,-1
109,148,1249.17,100.23,25.62,21.13,0.99,4,-1,-1
109,149,1255.38,67.78,35.87,17.06,0.94,4,-1,-1
109,150,1293.34,47.10,31.53,13.76,0.87,4,-1,-1
109,151,1296.23,52.57,33.20,12.47,0.87,4,-1,-1
109,152,1300.62,54.23,33.00,12.61,0.79,4,-1,-1
109,153,1304.50,55.50,31.50,12.80,0.56,4,-1,-1
109,154,1325.89,62.14,29.09,12.51,0.79,4,-1,-1
109,155,1331.87,70.40,25.65,15.60,0.84,4,-1,-1
109,156,381.20,99.76,30.19,23.19,0.89,4,-1,-1
109,157,1145.56,34.55,20.74,14.69,0.86,4,-1,-1
109,158,1181.59,19.57,31.31,15.43,0.74,4,-1,-1
109,160,1219.43,36.04,34.16,11.88,0.37,4,-1,-1
109,161,1219.81,42.33,34.30,12.68,0.74,4,-1,-1
109,162,1236.96,60.85,32.61,16.50,0.82,4,-1,-1
109,164,1279.87,38.79,27.36,14.66,0.54,4,-1,-1
109,165,1310.91,57.50,29.54,12.28,0.85,4,-1,-1
109,167,723.35,124.34,46.20,20.20,0.83,4,-1,-1
109,169,297.78,98.43,27.05,22.41,0.91,5,-1,-1
109,170,876.92,0.13,34.05,16.60,0.26,4,-1,-1
109,171,1219.24,38.35,35.82,12.72,0.72,4,-1,-1
109,172,1322.27,90.08,21.16,17.91,0.66,4,-1,-1
109,173,1012.77,285.57,13.20,24.57,0.49,1,-1,-1
109,84,1123.15,261.02,12.54,23.28,0.29,1,-1,-1
109,177,121.99,99.94,30.85,18.71,0.78,4,-1,-1
109,179,492.24,119.54,14.99,17.68,0.61,2,-1,-1
109,180,600.88,252.19,33.06,36.53,0.46,5,-1,-1
109,182,1222.72,115.24,10.25,20.93,0.60,1,-1,-1
109,183,1244.08,65.06,32.12,15.78,0.85,4,-1,-1
109,184,1316.69,58.77,29.39,12.66,0.58,4,-1,-1
109,185,490.08,121.45,17.93,16.01,0.62,10,-1,-1
109,186,1267.89,168.30,11.95,20.92,0.61,1,-1,-1
109,187,1295.21,123.91,29.03,21.77,0.81,4,-1,-1
109,159,1223.28,40.10,32.64,13.54,0.50,4,-1,-1
109,75,594.57,255.96,13.43,26.34,0.65,1,-1,-1
110,18,1191.22,483.80,104.59,50.41,1.00,4,-1,-1
110,23,1178.40,457.52,100.93,43.45,0.99,4,-1,-1
110,24,534.36,472.89,16.36,31.71,0.94,1,-1,-1
110,25,579.78,467.60,14.36,33.41,0.85,1,-1,-1
110,26,558.85,464.46,13.70,33.26,0.95,1,-1,-1
110,28,548.05,464.30,13.17,32.51,0.90,1,-1,-1
110,31,383.15,441.43,98.39,40.77,0.99,4,-1,-1
110,39,564.94,438.82,14.28,32.74,0.91,1,-1,-1
110,42,404.41,413.03,90.02,36.94,0.99,4,-1,-1
110,47,1132.95,381.13,87.79,44.99,0.99,4,-1,-1
110,48,423.74,382.06,86.32,36.45,0.99,4,-1,-1
110,50,536.17,453.53,13.98,34.26,0.70,1,-1,-1
110,54,608.03,445.64,43.54,62.46,0.99,4,-1,-1
110,55,1105.64,348.64,70.07,32.10,1.00,4,-1,-1
110,38,528.61,441.12,14.42,35.57,0.66,1,-1,-1
110,59,746.36,341.03,73.73,33.30,0.99,4,-1,-1
110,60,455.31,327.39,67.22,33.39,0.99,4,-1,-1
110,61,1095.33,318.06,63.23,30.57,0.99,4,-1,-1
110,63,489.65,278.87,64.08,29.00,0.99,4,-1,-1
110,64,749.54,283.40,61.43,25.61,0.98,4,-1,-1
110,65,755.67,294.63,63.16,30.55,0.98,4,-1,-1
110,66,1003.33,286.12,12.42,23.43,0.62,1,-1,-1
110,69,1036.21,301.94,15.38,26.13,0.64,1,-1,-1
110,70,1065.29,289.88,62.19,21.96,0.94,4,-1,-1
110,71,1078.36,301.61,66.82,29.17,0.98,4,-1,-1
110,72,1249.24,291.04,71.84,29.68,0.99,4,-1,-1
110,73,493.86,263.71,62.47,26.40,0.94,4,-1,-1
110,74,514.34,240.30,53.11,21.79,0.97,4,-1,-1
110,76,599.04,253.58,33.42,35.48,0.12,4,-1,-1
110,77,737.23,240.37,57.82,25.10,0.99,4,-1,-1
110,78,745.03,255.05,57.33,22.14,0.98,4,-1,-1
110,79,754.17,267.83,53.32,24.15,0.98,4,-1,-1
110,80,998.14,253.94,13.69,25.35,0.85,1,-1,-1
110,81,1031.32,250.10,60.14,21.28,0.99,4,-1,-1
110,82,1036.81,261.41,61.72,22.93,0.68,4,-1,-1
110,83,1057.33,273.20,54.79,22.82,0.71,4,-1,-1
110,88,762.05,195.04,27.34,26.83,0.96,4,-1,-1
110,89,796.01,196.87,26.56,25.46,0.95,4,-1,-1
110,90,822.70,196.95,26.78,24.78,0.88,4,-1,-1
110,91,852.15,198.36,26.07,25.89,0.96,4,-1,-1
110,92,985.25,200.17,29.05,24.07,0.99,4,-1,-1
110,94,1013.74,237.44,13.89,24.64,0.42,1,-1,-1
110,95,1014.19,200.53,29.08,25.73,0.99,4,-1,-1
110,98,1042.39,203.16,30.78,25.82,0.99,4,-1,-1
110,99,1236.41,202.96,42.38,28.26,0.99,4,-1,-1
110,101,503.60,251.63,56.33,21.95,0.97,4,-1,-1
110,102,733.43,194.00,25.63,24.75,0.96,4,-1,-1
110,104,1149.11,200.00,14.16,26.94,0.68,1,-1,-1
110,105,463.58,312.54,69.25,27.05,0.88,4,-1,-1
110,111,1131.37,261.41,11.91,24.37,0.89,1,-1,-1
110,112,96.52,126.93,49.65,22.16,0.95,4,-1,-1
110,113,282.53,124.72,46.72,21.18,0.99,4,-1,-1
110,114,408.32,124.23,47.33,21.45,0.94,4,-1,-1
110,115,647.11,135.39,14.51,20.61,0.80,1,-1,-1
110,116,694.13,135.27,14.58,21.68,0.84,1,-1,-1
110,117,790.35,127.49,44.48,19.09,0.87,4,-1,-1
110,119,1018.93,285.39,14.80,25.17,0.35,1,-1,-1
110,123,159.40,101.86,37.29,19.73,0.79,4,-1,-1
110,124,164.99,113.31,44.43,20.92,0.64,4,-1,-1
110,125,228.10,99.09,40.29,22.89,0.99,4,-1,-1
110,126,594.28,101.69,42.42,22.92,0.62,4,-1,-1
110,129,1220.73,86.02,25.70,19.37,0.95,4,-1,-1
110,130,1272.01,113.93,24.46,22.17,0.99,4,-1,-1
110,131,1297.55,126.84,29.65,22.05,0.98,4,-1,-1
110,132,1301.21,84.26,27.54,18.54,0.97,4,-1,-1
110,133,17.98,94.85,39.26,20.11,0.70,4,-1,-1
110,134,72.33,100.66,43.55,20.47,0.85,4,-1,-1
110,135,137.57,101.19,32.32,19.10,0.80,4,-1,-1
110,137,525.42,105.80,23.90,20.73,0.96,4,-1,-1
110,138,782.76,107.94,39.63,20.11,0.70,4,-1,-1
110,139,1063.07,16.42,17.80,16.73,0.59,4,-1,-1
110,140,1100.43,12.27,18.96,15.21,0.73,4,-1,-1
110,142,1154.38,48.22,20.56,17.79,0.98,4,-1,-1
110,143,1188.56,60.53,34.14,17.12,0.94,4,-1,-1
110,144,1203.21,73.72,18.78,19.68,0.75,4,-1,-1
110,145,1226.60,48.04,31.41,14.93,0.97,4,-1,-1
110,147,1233.10,57.57,32.53,16.03,0.90,4,-1,-1
110,148,1247.51,100.26,25.62,20.86,0.95,4,-1,-1
110,149,1253.03,68.01,35.89,16.82,0.93,4,-1,-1
110,150,1290.65,46.89,33.28,13.98,0.86,4,-1,-1
110,151,1296.74,52.93,31.61,12.61,0.80,4,-1,-1
110,152,1301.08,54.92,32.71,12.78,0.75,4,-1,-1
110,153,1305.04,55.95,31.04,12.87,0.78,4,-1,-1
110,154,1323.70,61.90,29.16,12.42,0.68,4,-1,-1
110,155,1329.73,70.11,26.69,15.40,0.78,4,-1,-1
110,156,379.32,100.64,29.76,22.43,0.82,4,-1,-1
110,157,1142.51,33.50,20.58,14.95,0.89,4,-1,-1
110,158,1179.91,19.17,30.99,15.76,0.54,4,-1,-1
110,160,1218.18,35.53,33.04,11.40,0.33,4,-1,-1
110,161,1218.75,41.66,34.28,13.16,0.67,4,-1,-1
110,162,1235.13,60.16,31.50,16.15,0.39,4,-1,-1
110,164,1277.62,37.99,27.36,15.42,0.39,4,-1,-1
110,165,1309.24,57.49,30.32,13.20,0.60,4,-1,-1
110,167,719.45,124.61,46.19,20.25,0.77,4,-1,-1
110,169,295.16,98.56,27.90,22.83,0.88,5,-1,-1
110,170,874.04,0.03,34.65,16.81,0.46,4,-1,-1
110,171,1218.08,38.32,34.79,12.70,0.64,4,-1,-1
110,173,1011.51,285.86,13.62,25.65,0.37,1,-1,-1
110,84,1122.45,261.95,13.28,23.14,0.14,1,-1,-1
110,177,119.25,100.04,31.83,18.91,0.82,4,-1,-1
110,179,489.05,120.23,13.54,16.90,0.57,2,-1,-1
110,180,598.66,252.99,33.08,36.27,0.92,4,-1,-1
110,182,1222.43,114.68,8.94,20.11,0.52,1,-1,-1
110,183,1242.47,65.06,32.39,15.47,0.88,4,-1,-1
110,184,1316.41,58.91,29.13,12.86,0.44,4,-1,-1
110,75,592.46,256.70,13.10,25.89,0.66,1,-1,-1
110,188,1128.72,33.62,8.54,14.67,0.63,10,-1,-1
110,189,1246.54,66.49,37.57,16.33,0.79,4,-1,-1
111,18,1189.07,484.45,105.53,50.95,1.00,4,-1,-1
111,23,1176.21,458.59,102.02,43.48,0.99,4,-1,-1
111,24,531.81,474.79,16.28,31.63,0.90,1,-1,-1
111,25,577.45,469.02,14.48,33.91,0.93,1,-1,-1
111,26,555.96,465.96,13.68,33.31,0.97,1,-1,-1
111,28,545.52,465.92,12.92,32.48,0.91,1,-1,-1
111,31,380.26,442.41,98.09,40.92,0.99,4,-1,-1
111,39,562.52,439.92,14.46,33.70,0.92,1,-1,-1
111,42,401.52,413.97,90.81,37.47,0.98,4,-1,-1
111,47,1131.29,381.97,88.53,44.86,0.99,4,-1,-1
111,48,420.21,383.26,87.59,36.62,0.99,4,-1,-1
111,50,533.57,456.58,14.34,33.60,0.73,1,-1,-1
111,54,605.33,449.65,43.67,63.12,0.99,4,-1,-1
111,55,1104.46,349.14,68.97,31.80,0.99,4,-1,-1
111,38,525.91,442.82,15.06,35.21,0.61,1,-1,-1
111,59,744.59,341.84,73.61,33.29,0.99,4,-1,-1
111,60,452.55,328.03,66.85,34.13,0.99,4,-1,-1
111,61,1093.61,318.50,63.20,30.67,0.97,4,-1,-1
111,63,487.09,279.79,64.07,28.98,0.98,4,-1,-1
111,64,747.38,283.91,61.50,25.61,0.98,4,-1,-1
111,65,753.96,295.05,62.64,30.64,0.98,4,-1,-1
111,66,1001.94,286.52,12.13,24.01,0.73,1,-1,-1
111,69,1034.55,302.15,15.38,25.75,0.63,1,-1,-1
111,70,1063.63,290.34,61.76,22.10,0.95,4,-1,-1
111,71,1076.55,302.37,66.70,28.77,0.98,4,-1,-1
111,72,1247.35,291.36,71.82,29.52,0.99,4,-1,-1
111,73,490.75,264.34,63.55,26.43,0.93,4,-1,-1
111,74,510.75,241.26,54.11,21.74,0.98,4,-1,-1
111,76,596.18,253.42,33.36,36.51,0.91,4,-1,-1
111,77,735.01,240.94,57.99,25.16,0.98,4,-1,-1
111,78,742.48,255.23,57.85,22.45,0.98,4,-1,-1
111,79,752.07,268.30,53.63,24.55,0.98,4,-1,-1
111,80,996.27,253.17,13.72,25.25,0.54,1,-1,-1
111,81,1030.00,250.33,57.99,20.79,0.98,4,-1,-1
111,82,1035.29,261.49,61.71,23.30,0.72,4,-1,-1
111,83,1056.39,273.94,54.77,22.71,0.70,4,-1,-1
111,88,759.48,195.48,27.90,26.86,0.97,4,-1,-1
111,89,793.87,197.29,26.50,25.05,0.97,4,-1,-1
111,90,820.44,197.46,26.55,24.38,0.96,4,-1,-1
111,91,850.16,198.69,25.79,25.97,0.94,4,-1,-1
111,92,982.20,200.23,30.17,24.37,0.97,4,-1,-1
111,94,1012.95,237.80,13.75,24.97,0.29,1,-1,-1
111,95,1012.32,200.56,29.07,25.98,0.99,4,-1,-1
111,98,1039.96,203.19,30.76,25.95,0.99,4,-1,-1
111,99,1234.39,203.46,42.64,27.66,1.00,4,-1,-1
111,101,501.14,252.31,56.38,21.80,0.98,4,-1,-1
111,102,731.17,194.51,25.62,24.51,0.98,4,-1,-1
111,104,1146.68,199.96,13.88,26.90,0.61,1,-1,-1
111,105,460.99,313.20,69.24,27.48,0.92,4,-1,-1
111,111,1130.31,261.74,11.92,24.62,0.92,1,-1,-1
111,112,84.27,127.17,50.69,22.58,0.94,4,-1,-1
111,113,277.18,125.22,47.18,21.24,0.97,4,-1,-1
111,114,403.86,124.73,47.21,21.19,0.96,4,-1,-1
111,115,644.62,135.81,13.95,20.76,0.84,1,-1,-1
111,116,692.65,135.41,13.46,21.57,0.89,1,-1,-1
111,117,786.67,127.75,44.41,19.13,0.95,4,-1,-1
111,119,1016.85,285.71,14.13,25.17,0.62,1,-1,-1
111,123,156.01,102.54,37.91,19.34,0.57,4,-1,-1
111,124,159.65,113.59,44.87,21.35,0.47,4,-1,-1
111,125,224.58,99.84,41.36,22.96,0.97,4,-1,-1
111,126,592.75,102.09,41.54,22.58,0.39,4,-1,-1
111,129,1218.46,86.24,25.65,19.10,0.96,4,-1,-1
111,130,1269.14,113.80,25.20,21.89,0.99,4,-1,-1
111,131,1293.59,126.71,31.50,22.39,0.98,4,-1,-1
111,132,1298.78,84.39,27.38,18.26,0.98,4,-1,-1
111,133,15.07,96.13,38.05,19.50,0.85,4,-1,-1
111,134,68.86,101.20,43.72,20.32,0.83,4,-1,-1
111,135,134.27,101.71,32.66,19.03,0.72,4,-1,-1
111,137,523.15,106.16,23.90,20.54,0.95,4,-1,-1
111,138,780.57,108.05,39.48,20.38,0.77,4,-1,-1
111,139,1061.04,15.97,18.44,17.45,0.61,4,-1,-1
111,140,1096.49,11.53,20.00,15.63,0.70,4,-1,-1
111,142,1151.34,48.48,21.66,17.72,0.98,4,-1,-1
111,143,1186.86,60.55,34.22,16.87,0.96,4,-1,-1
111,144,1201.21,73.41,18.78,20.04,0.86,4,-1,-1
111,145,1223.72,48.15,32.12,14.80,0.97,4,-1,-1
111,147,1230.39,57.77,32.50,15.93,0.95,4,-1,-1
111,148,1245.56,100.32,25.62,20.90,0.95,4,-1,-1
111,149,1250.82,67.94,35.89,16.72,0.92,4,-1,-1
111,150,1287.76,46.99,33.88,14.52,0.86,4,-1,-1
111,151,1295.01,52.66,31.00,12.72,0.85,4,-1,-1
111,152,1298.75,54.61,32.59,12.77,0.56,4,-1,-1
111,153,1304.49,56.40,30.86,12.96,0.89,4,-1,-1
111,154,1322.67,61.75,29.16,12.67,0.77,4,-1,-1
111,155,1327.59,70.17,28.20,15.24,0.85,4,-1,-1
111,156,376.93,100.55,30.45,22.89,0.88,4,-1,-1
111,157,1139.55,32.97,19.35,15.35,0.93,4,-1,-1
111,158,1177.39,19.61,32.01,15.59,0.56,4,-1,-1
111,160,1215.81,35.84,33.77,11.58,0.37,4,-1,-1
111,161,1217.05,41.17,34.25,13.29,0.77,4,-1,-1
111,162,1229.69,57.25,31.05,14.63,0.51,4,-1,-1
111,164,1274.87,38.25,28.50,14.61,0.68,4,-1,-1
111,167,715.72,125.09,45.60,19.83,0.86,4,-1,-1
111,169,292.35,99.03,28.20,22.98,0.80,5,-1,-1
111,170,871.45,0.05,34.55,16.10,0.13,4,-1,-1
111,171,1215.76,38.45,34.38,12.57,0.76,4,-1,-1
111,173,1009.79,285.19,13.76,26.02,0.47,1,-1,-1
111,84,1120.86,262.95,13.53,22.51,0.36,1,-1,-1
111,177,116.21,100.82,30.91,18.36,0.40,4,-1,-1
111,179,485.01,121.10,12.94,16.81,0.56,2,-1,-1
111,180,596.39,253.51,33.12,36.53,0.26,4,-1,-1
111,182,1219.52,115.58,9.93,19.66,0.41,1,-1,-1
111,183,1240.54,65.19,31.15,15.19,0.92,4,-1,-1
111,184,1314.22,58.72,30.38,13.17,0.58,4,-1,-1
111,75,589.93,257.40,12.96,26.30,0.80,1,-1,-1
111,190,526.79,17.08,70.86,39.06,0.63,6,-1,-1
111,191,1290.08,50.08,34.15,13.74,0.76,4,-1,-1
111,172,1317.59,89.63,22.03,18.35,0.73,4,-1,-1
112,18,1187.01,485.51,105.90,50.59,1.00,4,-1,-1
112,23,1174.14,458.96,101.32,44.06,1.00,4,-1,-1
112,24,528.40,476.07,16.26,32.17,0.97,1,-1,-1
112,25,574.40,470.67,13.96,33.54,0.86,1,-1,-1
112,26,552.70,467.94,13.67,33.33,0.96,1,-1,-1
112,28,541.82,467.65,13.41,32.48,0.93,1,-1,-1
112,31,375.98,445.04,98.97,40.41,0.98,4,-1,-1
112,39,559.44,441.19,14.54,32.95,0.88,1,-1,-1
112,42,396.81,415.74,91.13,37.10,0.98,4,-1,-1
112,47,1128.85,382.53,87.69,44.54,0.99,4,-1,-1
112,48,416.54,384.27,87.94,36.97,0.99,4,-1,-1
112,50,530.13,455.44,13.91,34.50,0.62,1,-1,-1
112,54,601.31,454.16,43.72,63.36,0.99,4,-1,-1
112,55,1102.20,349.73,68.56,31.68,0.99,4,-1,-1
112,38,522.15,443.73,14.75,36.21,0.55,1,-1,-1
112,59,742.33,342.68,73.01,33.00,0.99,4,-1,-1
112,60,449.02,329.11,67.29,34.13,0.99,4,-1,-1
112,61,1091.14,318.77,63.21,30.99,0.98,4,-1,-1
112,63,483.63,280.53,64.08,28.98,0.99,4,-1,-1
112,64,744.41,284.35,61.54,25.04,0.99,4,-1,-1
112,65,750.88,295.88,63.03,30.40,0.97,4,-1,-1
112,66,999.02,287.04,12.02,23.68,0.70,1,-1,-1
112,69,1032.11,302.34,15.39,25.61,0.58,1,-1,-1
112,70,1060.61,290.61,61.61,21.87,0.95,4,-1,-1
112,71,1074.05,302.61,66.67,28.91,0.98,4,-1,-1
112,72,1244.86,291.43,71.82,29.47,0.99,4,-1,-1
112,73,486.82,265.11,63.96,26.44,0.96,4,-1,-1
112,74,507.76,242.16,53.94,21.73,0.93,4,-1,-1
112,76,590.93,253.34,35.61,37.74,0.89,4,-1,-1
112,77,732.30,241.39,57.51,24.89,0.99,4,-1,-1
112,78,739.35,255.82,58.62,22.29,0.98,4,-1,-1
112,79,748.83,268.73,54.33,24.70,0.98,4,-1,-1
112,80,994.29,253.29,13.73,25.22,0.77,1,-1,-1
112,81,1027.13,250.37,58.25,20.89,0.97,4,-1,-1
112,82,1032.89,261.75,60.58,23.16,0.65,4,-1,-1
112,83,1054.22,274.74,53.64,22.38,0.63,4,-1,-1
112,88,756.64,195.74,28.12,26.74,0.98,4,-1,-1
112,89,790.91,197.68,26.49,24.76,0.97,4,-1,-1
112,90,817.44,197.59,27.05,24.24,0.97,4,-1,-1
112,91,847.55,198.91,25.69,26.00,0.97,4,-1,-1
112,92,979.77,200.34,29.49,24.35,0.99,4,-1,-1
112,94,1010.80,237.32,13.70,25.95,0.55,1,-1,-1
112,95,1009.22,200.38,29.07,26.08,0.99,4,-1,-1
112,98,1036.66,203.29,31.89,25.86,0.98,4,-1,-1
112,99,1231.29,203.02,42.74,28.00,0.99,4,-1,-1
112,101,497.44,252.67,56.41,22.04,0.97,4,-1,-1
112,102,728.72,194.73,25.06,24.50,0.98,4,-1,-1
112,104,1143.97,200.31,13.77,26.61,0.80,1,-1,-1
112,105,457.53,314.56,69.24,27.36,0.98,4,-1,-1
112,111,1128.07,262.51,11.93,24.44,0.93,1,-1,-1
112,112,71.35,127.58,51.34,22.60,0.97,4,-1,-1
112,113,270.59,125.71,47.64,21.42,0.97,4,-1,-1
112,114,398.19,125.00,47.32,21.39,0.93,4,-1,-1
112,115,640.39,135.68,14.90,21.68,0.61,1,-1,-1
112,116,688.79,135.39,14.18,21.97,0.87,1,-1,-1
112,117,782.33,127.63,43.82,19.29,0.90,4,-1,-1
112,119,1014.81,285.93,13.84,25.17,0.58,1,-1,-1
112,123,151.61,102.96,38.14,19.62,0.59,4,-1,-1
112,124,153.33,113.79,45.46,21.79,0.28,4,-1,-1
112,125,220.44,100.14,41.48,23.06,0.97,4,-1,-1
112,126,589.13,102.17,41.78,22.60,0.42,4,-1,-1
112,129,1215.80,86.23,25.64,18.79,0.95,4,-1,-1
112,130,1266.28,113.45,25.47,22.22,0.99,4,-1,-1
112,131,1293.17,127.07,29.91,22.23,0.94,4,-1,-1
112,132,1294.93,84.17,28.47,18.52,0.98,4,-1,-1
112,133,12.42,96.55,34.99,19.07,0.78,4,-1,-1
112,134,64.78,101.36,43.34,20.56,0.89,4,-1,-1
112,135,129.84,102.01,33.23,19.15,0.67,4,-1,-1
112,137,519.80,106.01,23.90,20.76,0.92,4,-1,-1
112,138,777.87,108.11,39.42,20.47,0.80,4,-1,-1
112,140,1093.22,10.44,19.27,15.72,0.61,4,-1,-1
112,142,1148.96,48.18,20.94,18.17,0.99,4,-1,-1
112,143,1184.96,60.29,33.11,16.92,0.95,4,-1,-1
112,144,1198.66,73.31,18.78,19.89,0.89,4,-1,-1
112,145,1220.86,48.16,32.38,14.68,0.97,4,-1,-1
112,147,1227.59,58.06,32.49,15.96,0.94,4,-1,-1
112,148,1242.46,100.08,25.63,20.95,0.97,4,-1,-1
112,149,1248.19,67.71,34.75,16.68,0.93,4,-1,-1
112,150,1284.33,46.73,34.11,13.89,0.86,4,-1,-1
112,151,1291.41,52.76,31.95,12.70,0.87,4,-1,-1
112,153,1300.20,55.93,30.80,12.71,0.76,4,-1,-1
112,154,1318.81,61.96,29.17,12.19,0.80,4,-1,-1
112,155,1323.89,69.74,29.90,15.04,0.92,4,-1,-1
112,156,373.36,101.09,29.57,22.60,0.86,4,-1,-1
112,157,1135.53,32.31,18.90,15.05,0.95,4,-1,-1
112,158,1174.64,20.04,32.39,15.19,0.41,4,-1,-1
112,160,1212.56,35.72,34.05,11.36,0.34,4,-1,-1
112,161,1214.05,40.90,34.25,13.17,0.65,4,-1,-1
112,162,1224.20,54.37,30.88,14.58,0.51,4,-1,-1
112,164,1271.49,38.02,27.80,15.43,0.44,4,-1,-1
112,167,711.07,125.21,45.38,19.67,0.93,4,-1,-1
112,169,289.05,99.20,28.01,22.92,0.71,5,-1,-1
112,170,871.49,0.02,32.21,16.09,0.42,4,-1,-1
112,171,1211.93,38.47,35.40,12.59,0.64,4,-1,-1
112,173,1007.32,286.48,12.66,25.00,0.62,1,-1,-1
112,84,1119.02,263.69,12.51,23.42,0.70,1,-1,-1
112,177,111.48,101.12,31.71,18.63,0.57,4,-1,-1
112,179,479.57,120.92,13.41,17.74,0.76,2,-1,-1
112,180,590.85,253.47,35.66,37.56,0.20,4,-1,-1
112,182,1217.97,115.07,8.94,20.69,0.25,1,-1,-1
112,183,1237.35,65.21,32.05,15.52,0.91,4,-1,-1
112,184,1310.95,59.05,30.77,12.23,0.67,4,-1,-1
112,190,522.85,16.91,72.96,39.59,0.50,6,-1,-1
112,172,1313.61,89.75,23.38,17.95,0.22,4,-1,-1
112,192,1261.91,168.41,11.95,20.92,0.61,1,-1,-1
112,193,1288.38,122.73,27.32,22.63,0.79,4,-1,-1
112,194,1290.08,124.65,30.74,23.27,0.90,4,-1,-1
112,195,1332.77,75.83,25.61,14.19,0.77,4,-1,-1
112,165,1302.68,57.39,32.02,12.31,0.91,4,-1,-1
113,18,1182.70,485.48,104.89,50.42,1.00,4,-1,-1
113,23,1169.26,458.96,101.03,43.69,0.99,4,-1,-1
113,24,522.63,478.18,16.25,31.80,0.96,1,-1,-1
113,25,569.33,472.37,13.76,33.96,0.90,1,-1,-1
113,26,547.26,470.04,13.68,33.33,0.97,1,-1,-1
113,28,536.22,469.66,13.59,31.90,0.93,1,-1,-1
113,31,370.34,446.85,99.15,40.76,0.99,4,-1,-1
113,39,554.06,442.19,14.57,33.21,0.90,1,-1,-1
113,42,391.27,418.09,90.80,36.94,0.99,4,-1,-1
113,47,1124.41,382.63,87.35,44.39,0.99,4,-1,-1
113,48,410.40,385.91,88.62,36.51,0.99,4,-1,-1
113,50,524.05,455.82,13.75,35.39,0.63,1,-1,-1
113,54,595.58,458.54,44.29,63.97,0.99,4,-1,-1
113,55,1097.27,349.85,68.40,31.33,0.99,4,-1,-1
113,38,516.25,445.72,14.63,35.45,0.67,1,-1,-1
113,59,737.49,343.37,72.77,32.59,0.99,4,-1,-1
113,60,442.63,330.21,68.01,34.39,0.99,4,-1,-1
113,61,1085.57,318.91,64.34,31.10,0.99,4,-1,-1
113,63,478.38,281.51,64.08,28.97,0.98,4,-1,-1
113,64,739.85,285.18,60.41,24.24,0.98,4,-1,-1
113,65,745.72,296.29,63.16,30.58,0.98,4,-1,-1
113,66,994.42,287.04,11.99,23.54,0.73,1,-1,-1
113,69,1027.68,302.33,14.26,25.56,0.56,1,-1,-1
113,70,1055.40,290.48,62.67,22.34,0.92,4,-1,-1
113,71,1069.03,302.61,66.65,28.94,0.97,4,-1,-1
113,72,1239.81,290.78,71.81,29.71,0.97,4,-1,-1
113,73,481.94,265.54,63.54,27.00,0.94,4,-1,-1
113,74,500.97,242.50,55.56,22.00,0.98,4,-1,-1
113,76,585.80,253.44,35.89,38.47,0.92,4,-1,-1
113,77,727.27,241.82,57.88,24.50,0.98,4,-1,-1
113,78,734.16,256.58,58.90,21.93,0.98,4,-1,-1
113,79,743.60,269.70,54.59,24.47,0.98,4,-1,-1
113,80,989.48,253.02,13.73,25.20,0.66,1,-1,-1
113,81,1022.54,250.45,58.33,20.91,0.97,4,-1,-1
113,82,1027.35,261.92,62.39,23.37,0.72,4,-1,-1
113,83,1048.19,274.25,55.47,23.38,0.49,4,-1,-1
113,88,751.83,195.96,27.64,26.97,0.96,4,-1,-1
113,89,786.05,197.73,25.92,24.86,0.97,4,-1,-1
113,90,812.56,197.97,26.67,24.11,0.95,4,-1,-1
113,91,842.53,199.24,25.65,25.72,0.96,4,-1,-1
113,92,975.38,200.33,29.21,24.61,0.98,4,-1,-1
113,94,1005.89,237.50,13.68,26.03,0.40,1,-1,-1
113,95,1004.55,200.39,29.07,26.39,0.99,4,-1,-1
113,98,1032.46,203.20,31.20,25.89,0.99,4,-1,-1
113,99,1226.01,202.63,42.77,27.98,0.99,4,-1,-1
113,101,491.52,253.53,56.97,22.40,0.98,4,-1,-1
113,102,723.49,194.86,25.42,24.85,0.93,4,-1,-1
113,104,1139.41,200.38,12.60,25.07,0.89,1,-1,-1
113,105,451.44,315.36,69.80,27.87,0.99,4,-1,-1
113,111,1123.68,262.98,11.94,24.36,0.97,1,-1,-1
113,112,56.05,128.32,51.54,22.46,0.96,4,-1,-1
113,113,261.72,126.16,48.66,21.61,0.97,4,-1,-1
113,114,389.91,125.49,48.50,21.45,0.96,4,-1,-1
113,115,634.80,136.14,15.24,21.60,0.77,1,-1,-1
113,116,683.88,136.02,14.44,21.55,0.86,1,-1,-1
113,117,776.15,127.65,43.60,19.49,0.92,4,-1,-1
113,119,1009.97,285.66,13.74,25.74,0.58,1,-1,-1
113,123,144.42,103.70,38.79,19.86,0.35,4,-1,-1
113,125,213.96,100.61,41.51,22.94,0.90,4,-1,-1
113,126,584.05,102.16,41.86,23.02,0.59,4,-1,-1
113,129,1209.52,85.55,25.64,19.61,0.93,4,-1,-1
113,130,1260.49,113.31,25.57,22.48,0.99,4,-1,-1
113,131,1285.43,126.19,32.76,22.45,0.98,4,-1,-1
113,132,1288.78,83.26,28.88,18.97,0.98,4,-1,-1
113,133,6.47,97.57,34.35,18.37,0.91,4,-1,-1
113,134,58.03,102.28,42.97,20.10,0.90,4,-1,-1
113,135,123.20,102.58,33.01,19.32,0.72,4,-1,-1
113,137,514.56,106.28,24.48,21.13,0.96,4,-1,-1
113,138,772.82,108.09,39.95,20.75,0.84,4,-1,-1
113,140,1086.22,9.52,18.96,15.93,0.14,4,-1,-1
113,142,1144.52,47.68,20.65,18.52,0.99,4,-1,-1
113,143,1179.50,60.20,33.83,16.72,0.93,4,-1,-1
113,144,1193.56,73.18,18.78,20.11,0.75,4,-1,-1
113,145,1215.08,47.01,32.47,15.13,0.93,4,-1,-1
113,147,1222.41,57.87,32.48,16.33,0.92,4,-1,-1
113,148,1236.59,99.57,25.63,21.18,0.98,4,-1,-1
113,149,1239.02,66.46,37.78,17.08,0.95,4,-1,-1
113,150,1279.46,46.23,33.06,13.96,0.88,4,-1,-1
113,151,1283.07,51.67,33.43,12.68,0.81,4,-1,-1
113,153,1292.73,54.87,31.91,12.90,0.52,4,-1,-1
113,154,1313.20,61.25,29.15,12.37,0.85,4,-1,-1
113,155,1318.33,69.04,28.33,15.25,0.89,4,-1,-1
113,156,367.50,101.63,29.51,22.62,0.57,4,-1,-1
113,157,1129.38,31.65,18.75,14.78,0.95,4,-1,-1
113,158,1168.92,19.11,31.39,15.71,0.53,4,-1,-1
113,160,1207.19,35.38,34.14,12.10,0.32,4,-1,-1
113,161,1207.65,41.21,34.23,13.52,0.42,4,-1,-1
113,164,1266.65,38.46,27.51,15.26,0.40,4,-1,-1
113,167,704.22,125.40,45.87,19.61,0.93,4,-1,-1
113,169,283.31,99.94,26.78,22.56,0.75,5,-1,-1
113,170,867.21,-0.02,31.56,15.72,0.30,4,-1,-1
113,171,1206.37,37.70,35.76,13.13,0.59,4,-1,-1
113,173,1002.33,286.46,12.21,24.58,0.52,1,-1,-1
113,84,1114.23,264.55,12.11,22.63,0.81,1,-1,-1
113,177,104.81,101.76,31.25,18.71,0.37,4,-1,-1
113,179,472.51,121.64,13.57,17.60,0.32,2,-1,-1
113,182,1212.59,114.46,8.58,20.41,0.48,1,-1,-1
113,183,1232.66,64.77,36.02,15.86,0.64,4,-1,-1
113,190,517.78,17.83,72.07,40.87,0.57,6,-1,-1
113,172,1307.43,88.77,23.86,18.30,0.86,4,-1,-1
113,195,1329.13,75.69,28.36,14.36,0.72,4,-1,-1
113,165,1296.70,56.21,31.26,12.69,0.77,4,-1,-1
113,152,1288.93,53.03,32.53,12.84,0.64,4,-1,-1
114,18,1175.22,484.71,104.48,50.33,0.99,4,-1,-1
114,23,1161.56,458.78,100.91,42.96,0.99,4,-1,-1
114,24,515.04,479.74,16.25,32.22,0.97,1,-1,-1
114,25,561.70,473.76,13.69,34.66,0.87,1,-1,-1
114,26,539.51,471.88,13.68,32.75,0.96,1,-1,-1
114,28,528.69,471.47,13.67,32.24,0.94,1,-1,-1
114,31,361.85,448.90,99.33,40.86,0.99,4,-1,-1
114,39,546.32,443.63,14.58,33.29,0.94,1,-1,-1
114,42,382.53,419.91,91.37,37.29,0.99,4,-1,-1
114,47,1116.89,381.95,87.21,44.32,0.99,4,-1,-1
114,48,402.68,387.76,87.73,36.60,1.00,4,-1,-1
114,50,516.64,458.43,13.69,35.72,0.80,1,-1,-1
114,54,587.43,463.11,44.50,64.72,0.99,4,-1,-1
114,55,1089.56,349.20,68.33,31.47,0.99,4,-1,-1
114,38,508.61,447.82,14.58,35.14,0.79,1,-1,-1
114,59,729.90,343.55,73.23,32.99,0.99,4,-1,-1
114,60,434.51,331.72,68.27,34.19,0.99,4,-1,-1
114,61,1078.74,318.56,63.63,30.83,0.98,4,-1,-1
114,63,470.39,282.14,64.07,29.24,0.99,4,-1,-1
114,64,732.07,285.57,60.55,23.64,0.98,4,-1,-1
114,65,738.56,296.66,63.21,30.35,0.98,4,-1,-1
114,66,986.86,287.08,11.97,23.20,0.64,1,-1,-1
114,69,1019.60,301.94,14.99,25.54,0.61,1,-1,-1
114,70,1047.59,290.04,63.06,22.50,0.94,4,-1,-1
114,71,1061.29,302.35,66.64,28.38,0.96,4,-1,-1
114,72,1231.46,289.97,71.80,29.22,0.98,4,-1,-1
114,73,474.09,266.81,63.37,26.35,0.97,4,-1,-1
114,74,493.78,243.46,54.48,21.52,0.98,4,-1,-1
114,76,577.02,254.00,37.10,38.46,0.94,4,-1,-1
114,77,719.30,241.64,58.01,24.90,0.98,4,-1,-1
114,78,726.99,256.95,58.42,21.78,0.97,4,-1,-1
114,79,736.69,269.72,53.55,24.36,0.97,4,-1,-1
114,80,981.82,252.14,13.73,24.90,0.80,1,-1,-1
114,81,1014.41,249.96,59.45,21.46,0.97,4,-1,-1
114,82,1019.98,261.46,63.05,23.43,0.56,4,-1,-1
114,83,1041.19,274.09,53.90,23.17,0.49,4,-1,-1
114,88,744.51,196.06,27.45,26.83,0.96,4,-1,-1
114,89,778.71,197.77,25.70,24.82,0.97,4,-1,-1
114,90,805.20,197.84,26.53,24.27,0.96,4,-1,-1
114,91,834.82,199.16,25.64,26.04,0.95,4,-1,-1
114,92,967.32,200.10,29.10,24.42,0.99,4,-1,-1
114,94,998.75,236.92,13.68,26.06,0.46,1,-1,-1
114,95,996.39,199.89,29.07,26.36,0.99,4,-1,-1
114,98,1024.48,202.72,30.92,25.82,0.98,4,-1,-1
114,99,1217.58,201.94,42.77,27.81,0.99,4,-1,-1
114,101,483.26,254.96,57.18,21.67,0.98,4,-1,-1
114,102,716.29,195.29,24.99,24.26,0.95,4,-1,-1
114,104,1131.27,199.80,12.14,25.43,0.22,1,-1,-1
114,105,443.15,316.20,70.00,28.04,0.98,4,-1,-1
114,111,1116.13,263.17,11.94,24.04,0.96,1,-1,-1
114,112,38.40,129.32,51.16,22.11,0.97,4,-1,-1
114,113,250.21,127.01,49.31,21.54,0.97,4,-1,-1
114,114,379.44,126.19,48.37,21.18,0.93,4,-1,-1
114,115,626.38,136.29,15.37,21.56,0.66,1,-1,-1
114,116,675.69,136.15,14.53,21.81,0.92,1,-1,-1
114,117,766.64,127.69,43.52,18.98,0.92,4,-1,-1
114,119,1002.88,285.31,13.70,24.82,0.52,1,-1,-1
114,123,134.27,104.50,38.61,19.55,0.69,4,-1,-1
114,125,204.91,101.26,41.44,23.17,0.98,4,-1,-1
114,126,578.35,101.97,39.06,22.85,0.27,5,-1,-1
114,129,1200.69,84.95,25.63,19.48,0.86,4,-1,-1
114,130,1251.27,112.58,25.61,22.28,0.99,4,-1,-1
114,131,1276.11,124.68,31.55,23.10,0.99,4,-1,-1
114,132,1279.41,82.46,29.03,18.77,0.99,4,-1,-1
114,133,-0.67,97.87,32.08,18.99,0.86,4,-1,-1
114,134,47.48,103.28,43.33,20.28,0.96,4,-1,-1
114,135,112.82,103.44,33.35,19.10,0.84,4,-1,-1
114,137,506.25,106.75,24.13,20.83,0.95,4,-1,-1
114,138,765.10,107.98,39.58,20.55,0.81,4,-1,-1
114,140,1076.61,8.06,18.85,16.52,0.42,4,-1,-1
114,142,1135.79,47.29,20.54,18.24,0.99,4,-1,-1
114,143,1170.96,59.80,34.09,16.56,0.93,4,-1,-1
114,144,1184.02,72.47,18.79,20.12,0.89,4,-1,-1
114,145,1205.86,46.84,32.50,15.00,0.96,4,-1,-1
114,147,1213.42,57.14,32.48,16.24,0.94,4,-1,-1
114,148,1227.91,98.85,25.63,20.90,0.97,4,-1,-1
114,149,1234.69,66.53,34.44,16.73,0.90,4,-1,-1
114,150,1270.58,45.55,32.64,14.37,0.81,4,-1,-1
114,151,1272.89,50.19,32.86,13.14,0.69,4,-1,-1
114,153,1287.38,54.66,30.07,13.17,0.84,4,-1,-1
114,154,1304.04,60.42,28.00,12.21,0.80,4,-1,-1
114,155,1309.17,68.53,28.83,14.89,0.76,4,-1,-1
114,156,359.13,102.48,29.77,22.43,0.75,4,-1,-1
114,157,1118.33,30.44,19.87,14.95,0.92,4,-1,-1
114,158,1159.15,18.26,30.99,15.36,0.53,4,-1,-1
114,160,1198.12,35.69,34.17,12.50,0.78,4,-1,-1
114,161,1201.05,41.67,33.08,12.88,0.65,4,-1,-1
114,164,1256.63,37.21,28.55,15.03,0.23,4,-1,-1
114,167,694.77,125.38,45.48,19.86,0.84,4,-1,-1
114,169,273.99,100.77,27.17,22.63,0.87,5,-1,-1
114,170,858.86,-0.19,32.19,15.89,0.34,4,-1,-1
114,171,1197.80,37.78,35.89,13.14,0.67,4,-1,-1
114,173,995.20,286.21,12.05,24.13,0.46,1,-1,-1
114,84,1106.56,264.47,11.97,22.88,0.81,1,-1,-1
114,177,94.11,102.87,29.87,18.74,0.85,4,-1,-1
114,179,462.43,122.04,13.63,17.98,0.81,2,-1,-1
114,182,1203.44,113.86,8.48,19.55,0.39,1,-1,-1
114,183,1222.68,64.24,32.84,15.59,0.94,4,-1,-1
114,190,510.26,17.72,72.40,39.65,0.80,6,-1,-1
114,172,1299.18,88.27,21.78,18.21,0.85,4,-1,-1
114,195,1319.71,75.16,26.34,13.81,0.66,4,-1,-1
114,165,1281.14,53.88,32.11,13.31,0.17,4,-1,-1
114,152,1278.86,52.09,30.15,12.66,0.39,4,-1,-1
114,196,306.94,116.86,36.71,21.99,0.66,8,-1,-1
114,197,1111.64,264.04,11.95,23.05,0.69,1,-1,-1
114,198,1217.51,62.06,32.44,15.80,0.82,4,-1,-1
114,199,1332.77,75.72,25.61,14.73,0.79,4,-1,-1
114,159,1202.29,43.31,34.06,14.35,0.63,4,-1,-1
114,139,1044.14,15.35,18.77,16.96,0.54,4,-1,-1
114,124,133.13,115.44,45.88,21.44,0.52,4,-1,-1
115,18,1167.99,483.81,103.19,50.29,0.99,4,-1,-1
115,23,1153.70,457.82,100.85,42.68,1.00,4,-1,-1
115,24,507.01,481.99,16.25,31.81,0.91,1,-1,-1
115,25,553.65,475.66,14.24,34.93,0.67,1,-1,-1
115,26,531.69,473.67,13.68,33.10,0.90,1,-1,-1
115,28,520.96,473.25,13.69,32.37,0.89,1,-1,-1
115,31,353.21,451.63,99.67,40.32,0.99,4,-1,-1
115,39,538.22,445.02,14.58,33.32,0.95,1,-1,-1
115,42,373.64,421.86,92.28,37.27,0.98,4,-1,-1
115,47,1108.52,381.24,87.16,44.29,0.99,4,-1,-1
115,48,394.04,389.73,87.94,36.91,1.00,4,-1,-1
115,50,508.67,461.10,13.67,35.28,0.77,1,-1,-1
115,54,578.91,467.54,45.14,66.11,0.99,4,-1,-1
115,55,1081.70,348.24,68.30,31.79,0.99,4,-1,-1
115,38,500.28,449.72,14.57,35.03,0.77,1,-1,-1
115,59,721.82,344.17,73.40,33.14,0.99,4,-1,-1
115,60,425.99,333.00,68.36,34.40,0.99,4,-1,-1
115,61,1070.66,317.85,63.35,30.73,0.99,4,-1,-1
115,63,461.33,283.37,64.63,29.05,0.98,4,-1,-1
115,64,724.49,285.85,60.02,23.72,0.98,4,-1,-1
115,65,730.64,296.93,63.22,30.83,0.99,4,-1,-1
115,66,978.49,286.51,11.97,23.64,0.44,1,-1,-1
115,69,1011.05,301.07,15.25,26.11,0.70,1,-1,-1
115,70,1039.70,289.44,62.08,22.27,0.88,4,-1,-1
115,71,1052.85,301.52,66.62,28.73,0.96,4,-1,-1
115,72,1222.22,288.80,71.78,29.31,0.98,4,-1,-1
115,73,465.10,267.86,64.42,26.38,0.97,4,-1,-1
115,74,484.48,243.96,55.18,21.91,0.96,4,-1,-1
115,76,569.60,254.78,35.90,38.44,0.69,4,-1,-1
115,77,711.64,242.14,57.50,24.77,0.98,4,-1,-1
115,78,718.22,257.22,58.80,22.00,0.97,4,-1,-1
115,79,728.31,269.86,53.71,24.60,0.96,4,-1,-1
115,80,973.98,250.99,13.73,25.07,0.51,1,-1,-1
115,81,1005.83,249.48,60.97,21.94,0.98,4,-1,-1
115,82,1011.14,260.85,63.29,23.44,0.77,4,-1,-1
115,83,1032.48,273.04,54.41,23.37,0.76,4,-1,-1
115,88,736.53,196.39,27.38,26.49,0.95,4,-1,-1
115,89,770.43,197.79,26.19,25.23,0.97,4,-1,-1
115,90,796.63,197.86,27.04,24.55,0.90,4,-1,-1
115,91,826.97,198.99,25.63,26.01,0.96,4,-1,-1
115,92,959.33,199.87,29.06,24.34,0.98,4,-1,-1
115,94,990.53,236.42,13.68,25.78,0.16,1,-1,-1
115,95,988.36,199.49,29.07,26.13,0.99,4,-1,-1
115,98,1015.96,202.47,30.81,25.72,0.98,4,-1,-1
115,99,1208.32,200.97,42.77,27.74,0.99,4,-1,-1
115,101,474.12,255.93,57.81,21.68,0.98,4,-1,-1
115,102,707.80,195.32,25.39,24.33,0.97,4,-1,-1
115,104,1122.68,198.79,11.99,25.78,0.80,1,-1,-1
115,105,434.42,317.22,70.49,28.10,0.95,4,-1,-1
115,111,1108.30,263.49,11.95,23.92,0.91,1,-1,-1
115,112,18.67,131.02,51.40,21.40,0.97,4,-1,-1
115,113,237.40,127.70,50.39,22.21,0.94,4,-1,-1
115,114,368.26,126.96,48.60,21.23,0.96,4,-1,-1
115,115,616.90,136.91,15.97,21.40,0.74,1,-1,-1
115,116,667.67,136.27,14.00,21.48,0.93,1,-1,-1
115,117,756.76,127.85,43.50,19.08,0.79,4,-1,-1
115,119,994.68,285.18,13.69,24.46,0.40,1,-1,-1
115,123,122.72,105.65,39.94,20.11,0.66,4,-1,-1
115,125,194.20,102.00,41.83,23.36,0.96,4,-1,-1
115,126,570.15,102.45,39.14,22.25,0.43,4,-1,-1
115,129,1190.69,84.00,25.63,19.64,0.90,4,-1,-1
115,130,1240.57,111.52,26.76,22.49,0.98,4,-1,-1
115,131,1265.33,123.68,33.32,23.76,0.99,4,-1,-1
115,132,1269.22,81.48,29.08,19.05,0.99,4,-1,-1
115,133,-2.89,98.93,23.39,18.83,0.77,4,-1,-1
115,134,35.93,104.30,43.68,20.67,0.95,4,-1,-1
115,135,101.90,104.26,33.91,19.26,0.76,4,-1,-1
115,137,497.63,107.52,23.99,20.43,0.94,4,-1,-1
115,138,756.69,107.85,40.00,20.93,0.68,4,-1,-1
115,142,1125.83,46.44,21.65,18.69,0.97,4,-1,-1
115,143,1161.62,59.00,34.18,16.65,0.91,4,-1,-1
115,144,1173.76,72.06,18.79,19.91,0.69,4,-1,-1
115,145,1195.73,45.86,32.50,15.20,0.97,4,-1,-1
115,147,1203.38,56.73,32.47,16.57,0.91,4,-1,-1
115,148,1218.54,97.86,25.63,21.00,0.96,4,-1,-1
115,149,1224.21,65.93,35.37,17.23,0.90,4,-1,-1
115,150,1259.99,45.02,33.63,15.42,0.88,4,-1,-1
115,153,1278.18,54.08,30.50,13.48,0.87,4,-1,-1
115,154,1293.34,59.54,29.85,12.58,0.71,4,-1,-1
115,155,1298.51,67.81,32.38,15.61,0.75,4,-1,-1
115,156,349.23,101.97,31.29,23.43,0.69,4,-1,-1
115,157,1107.57,29.47,19.15,14.84,0.86,4,-1,-1
115,158,1149.95,17.72,30.84,15.42,0.69,4,-1,-1
115,160,1187.49,34.75,34.18,12.64,0.62,4,-1,-1
115,161,1189.61,39.32,33.79,13.46,0.46,4,-1,-1
115,164,1246.21,36.09,28.92,15.27,0.43,4,-1,-1
115,167,684.64,125.53,45.33,19.96,0.85,4,-1,-1
115,169,263.74,101.07,28.74,23.34,0.88,5,-1,-1
115,170,849.35,-0.23,32.13,15.88,0.24,4,-1,-1
115,171,1187.36,36.50,35.93,13.53,0.78,4,-1,-1
115,173,986.99,286.54,12.00,23.67,0.46,1,-1,-1
115,84,1098.70,263.97,11.93,23.54,0.74,1,-1,-1
115,177,82.01,103.99,29.10,18.86,0.71,4,-1,-1
115,179,452.37,122.43,13.07,17.97,0.75,2,-1,-1
115,183,1212.73,63.57,33.83,16.16,0.92,4,-1,-1
115,190,501.27,18.74,70.60,38.28,0.30,6,-1,-1
115,172,1288.25,86.65,22.10,18.81,0.87,4,-1,-1
115,195,1305.84,72.33,31.03,15.41,0.15,4,-1,-1
115,152,1267.81,51.04,31.65,13.26,0.71,4,-1,-1
115,198,1206.26,59.55,31.10,16.72,0.61,4,-1,-1
115,199,1322.25,75.33,29.73,14.89,0.67,4,-1,-1
115,159,1193.51,43.12,33.03,14.10,0.61,4,-1,-1
115,139,1034.87,15.90,18.81,16.27,0.54,4,-1,-1
115,124,120.86,117.15,46.23,21.04,0.82,4,-1,-1
115,75,564.69,260.76,12.87,25.33,0.65,1,-1,-1
115,184,1289.23,57.81,32.33,13.02,0.54,4,-1,-1
116,18,1159.87,483.24,103.84,49.72,1.00,4,-1,-1
116,23,1145.92,456.93,100.83,43.15,1.00,4,-1,-1
116,24,498.88,484.25,16.25,32.22,0.91,1,-1,-1
116,25,545.78,477.51,14.45,35.03,0.86,1,-1,-1
116,26,523.64,475.75,13.69,33.23,0.97,1,-1,-1
116,28,512.66,475.61,13.70,32.41,0.91,1,-1,-1
116,31,344.44,454.05,99.37,40.70,0.99,4,-1,-1
116,39,529.51,447.23,14.58,33.33,0.95,1,-1,-1
116,42,364.91,423.84,92.62,37.97,0.98,4,-1,-1
116,47,1100.56,380.73,87.14,44.00,0.99,4,-1,-1
116,48,384.41,391.72,89.58,37.02,0.99,4,-1,-1
116,50,500.85,461.84,13.67,36.24,0.78,1,-1,-1
116,54,570.32,471.93,45.93,67.18,1.00,4,-1,-1
116,55,1072.80,347.77,69.44,31.92,0.99,4,-1,-1
116,38,492.60,451.55,14.00,36.12,0.80,1,-1,-1
116,59,714.52,344.98,72.90,32.91,1.00,4,-1,-1
116,60,417.40,333.89,67.83,35.32,0.99,4,-1,-1
116,61,1062.24,317.19,63.25,30.70,0.99,4,-1,-1
116,63,452.53,284.11,64.84,29.83,0.99,4,-1,-1
116,64,716.82,286.10,59.83,24.04,0.99,4,-1,-1
116,65,722.56,297.61,63.79,30.73,0.99,4,-1,-1
116,66,970.54,286.47,11.97,23.52,0.69,1,-1,-1
116,69,1003.03,300.50,15.35,26.32,0.62,1,-1,-1
116,70,1031.36,289.24,61.70,21.90,0.91,4,-1,-1
116,71,1044.88,300.82,66.62,28.87,0.97,4,-1,-1
116,72,1213.39,287.70,70.65,29.36,0.98,4,-1,-1
116,73,456.04,268.96,64.82,26.39,0.98,4,-1,-1
116,74,475.03,244.72,56.57,22.06,0.98,4,-1,-1
116,76,562.59,255.79,34.84,38.16,0.82,4,-1,-1
116,77,703.38,242.76,57.87,24.72,0.99,4,-1,-1
116,78,710.95,257.90,57.82,21.53,0.98,4,-1,-1
116,79,720.90,270.63,53.21,24.12,0.98,4,-1,-1
116,80,966.22,250.75,12.60,24.57,0.69,1,-1,-1
116,81,997.79,248.91,59.33,21.57,0.99,4,-1,-1
116,82,1003.00,260.37,62.24,23.45,0.72,4,-1,-1
116,83,1023.83,272.53,54.61,23.72,0.54,4,-1,-1
116,88,728.15,196.31,27.35,27.01,0.97,4,-1,-1
116,89,762.50,197.95,25.82,24.97,0.97,4,-1,-1
116,90,788.59,198.03,26.68,24.23,0.96,4,-1,-1
116,91,818.93,199.15,25.63,26.08,0.96,4,-1,-1
116,92,950.40,199.60,29.05,24.39,0.99,4,-1,-1
116,94,982.62,236.12,13.68,25.67,0.54,1,-1,-1
116,95,979.98,199.15,29.07,25.98,0.99,4,-1,-1
116,98,1007.39,201.91,30.77,25.76,0.99,4,-1,-1
116,99,1198.93,200.08,42.76,27.72,0.99,4,-1,-1
116,101,464.73,256.57,58.61,22.25,0.98,4,-1,-1
116,102,699.78,195.55,25.55,24.71,0.97,4,-1,-1
116,104,1112.37,197.45,13.09,26.20,0.85,1,-1,-1
116,105,424.62,318.45,72.08,28.68,0.89,4,-1,-1
116,111,1099.97,263.35,11.95,24.17,0.94,1,-1,-1
116,112,0.27,132.62,49.87,20.42,0.97,4,-1,-1
116,113,224.87,128.37,50.24,22.19,0.93,4,-1,-1
116,114,356.76,127.65,48.40,21.25,0.94,4,-1,-1
116,115,607.68,136.93,16.20,22.05,0.63,1,-1,-1
116,116,659.00,136.31,14.37,21.93,0.95,1,-1,-1
116,117,746.87,127.78,44.06,19.26,0.84,4,-1,-1
116,119,986.79,285.16,13.68,24.33,0.59,1,-1,-1
116,123,110.68,106.81,41.00,20.21,0.67,4,-1,-1
116,125,183.30,103.07,41.91,23.32,0.98,4,-1,-1
116,126,561.95,102.41,38.60,22.46,0.55,4,-1,-1
116,129,1181.03,83.08,25.63,19.98,0.94,4,-1,-1
116,130,1230.65,110.66,27.19,22.85,0.99,4,-1,-1
116,131,1255.40,123.19,32.86,23.87,0.99,4,-1,-1
116,132,1258.37,80.37,29.09,19.44,0.94,4,-1,-1
116,134,23.62,105.58,43.92,20.81,0.85,4,-1,-1
116,135,90.22,105.26,33.83,19.32,0.64,4,-1,-1
116,137,488.43,107.65,24.51,20.72,0.95,4,-1,-1
116,138,747.87,107.98,40.15,20.83,0.86,4,-1,-1
116,142,1116.19,46.06,20.94,18.57,0.98,4,-1,-1
116,143,1152.18,58.48,34.21,16.47,0.95,4,-1,-1
116,144,1164.00,71.26,18.79,20.12,0.85,4,-1,-1
116,145,1185.46,44.67,32.50,15.80,0.96,4,-1,-1
116,147,1194.84,56.04,32.47,17.46,0.74,4,-1,-1
116,148,1207.98,96.96,25.63,21.40,0.98,4,-1,-1
116,149,1215.54,65.34,33.44,17.91,0.76,4,-1,-1
116,150,1249.00,44.17,34.00,16.17,0.86,4,-1,-1
116,153,1266.55,52.70,31.78,14.65,0.87,4,-1,-1
116,154,1282.34,58.71,30.51,13.28,0.58,4,-1,-1
116,155,1287.55,66.65,36.93,16.15,0.49,4,-1,-1
116,156,339.27,102.63,31.58,23.87,0.67,4,-1,-1
116,157,1097.10,28.37,18.87,14.48,0.79,4,-1,-1
116,158,1140.03,16.94,29.64,15.12,0.73,4,-1,-1
116,161,1179.99,39.96,34.05,13.56,0.25,4,-1,-1
116,164,1235.84,35.11,27.94,15.61,0.21,4,-1,-1
116,167,673.81,125.31,45.84,20.42,0.82,4,-1,-1
116,169,253.38,101.57,28.48,23.84,0.93,5,-1,-1
116,170,843.54,-0.20,29.54,15.49,0.25,4,-1,-1
116,171,1176.97,35.59,35.94,14.24,0.68,4,-1,-1
116,173,979.10,285.53,11.97,24.38,0.54,1,-1,-1
116,84,1090.38,263.94,11.91,23.23,0.79,1,-1,-1
116,177,70.18,105.18,30.96,18.69,0.43,4,-1,-1
116,179,441.24,122.48,13.45,18.40,0.80,2,-1,-1
116,183,1201.97,62.16,34.16,16.80,0.96,4,-1,-1
116,190,491.60,18.13,71.27,39.20,0.72,6,-1,-1
116,172,1277.73,85.98,22.21,19.52,0.92,4,-1,-1
116,195,1292.76,68.06,39.46,17.18,0.43,4,-1,-1
116,198,1194.50,55.97,30.84,16.41,0.45,4,-1,-1
116,199,1312.09,74.98,31.75,14.83,0.75,4,-1,-1
116,139,1025.48,15.98,18.82,15.74,0.59,4,-1,-1
116,124,107.74,118.54,46.74,21.05,0.87,4,-1,-1
116,75,557.04,260.94,12.84,26.10,0.46,1,-1,-1
116,184,1275.89,55.60,31.29,13.94,0.48,4,-1,-1
116,200,286.66,118.04,37.14,22.63,0.64,4,-1,-1
116,201,1288.38,125.72,30.74,21.99,0.60,4,-1,-1
116,202,1331.92,90.18,23.91,17.50,0.91,4,-1,-1
116,203,1331.92,79.30,25.61,14.41,0.93,4,-1,-1
116,182,1183.75,112.71,8.50,19.06,0.57,1,-1,-1
117,18,1152.79,482.86,102.99,49.52,0.99,4,-1,-1
117,23,1138.40,456.44,100.85,42.79,1.00,4,-1,-1
117,24,490.77,486.57,16.25,31.82,0.85,1,-1,-1
117,25,538.34,480.25,13.97,34.50,0.92,1,-1,-1
117,26,515.85,478.01,13.69,32.73,0.97,1,-1,-1
117,28,504.49,477.97,13.71,31.88,0.90,1,-1,-1
117,31,334.92,456.13,100.40,41.41,0.98,4,-1,-1
117,39,521.18,449.55,14.58,32.77,0.96,1,-1,-1
117,42,355.70,426.04,93.62,38.25,0.99,4,-1,-1
117,47,1092.97,380.07,87.16,43.92,0.99,4,-1,-1
117,48,376.13,393.36,89.23,37.36,0.99,4,-1,-1
117,50,493.14,464.99,13.67,34.37,0.79,1,-1,-1
117,54,561.52,477.22,46.79,67.59,0.99,4,-1,-1
117,55,1065.42,347.26,68.76,31.98,1.00,4,-1,-1
117,38,484.67,453.71,14.35,35.42,0.86,1,-1,-1
117,59,706.79,345.76,73.30,32.84,0.99,4,-1,-1
117,60,408.24,335.66,68.78,35.12,0.99,4,-1,-1
117,61,1053.91,316.88,63.24,30.41,0.99,4,-1,-1
117,63,443.88,285.39,64.94,29.58,0.99,4,-1,-1
117,64,708.94,286.94,59.79,23.61,0.99,4,-1,-1
117,65,715.10,298.75,63.46,30.14,0.99,4,-1,-1
117,66,962.93,286.23,11.97,23.49,0.38,1,-1,-1
117,69,994.83,300.08,15.39,26.41,0.63,1,-1,-1
117,70,1023.63,288.53,61.57,22.35,0.87,4,-1,-1
117,71,1036.71,300.34,66.64,28.94,0.97,4,-1,-1
117,72,1204.96,286.67,70.24,29.67,0.99,4,-1,-1
117,73,447.02,269.67,64.98,26.69,0.99,4,-1,-1
117,74,467.25,245.72,55.99,21.84,0.97,4,-1,-1
117,76,554.64,256.75,34.44,38.06,0.96,4,-1,-1
117,77,695.57,243.45,58.03,24.72,0.99,4,-1,-1
117,78,703.53,258.32,56.88,21.36,0.98,4,-1,-1
117,79,713.99,271.10,52.48,23.67,0.99,4,-1,-1
117,80,958.10,250.17,13.32,24.97,0.58,1,-1,-1
117,81,989.60,248.61,59.79,21.71,0.97,4,-1,-1
117,82,994.20,259.83,62.98,23.74,0.68,4,-1,-1
117,83,1015.97,271.98,54.69,23.86,0.61,4,-1,-1
117,88,720.02,196.58,27.35,26.79,0.96,4,-1,-1
117,89,754.27,198.45,26.25,24.74,0.97,4,-1,-1
117,90,780.61,198.11,26.54,24.27,0.92,4,-1,-1
117,91,810.67,199.23,25.64,25.83,0.97,4,-1,-1
117,92,942.42,199.11,29.05,24.55,0.99,4,-1,-1
117,94,974.45,235.92,13.68,25.36,0.35,1,-1,-1
117,95,971.66,198.64,29.07,26.35,0.99,4,-1,-1
117,98,999.00,201.52,30.77,25.72,0.99,4,-1,-1
117,99,1189.74,198.95,42.77,28.01,0.99,4,-1,-1
117,101,456.13,257.53,59.49,22.19,0.98,4,-1,-1
117,102,691.50,195.93,25.61,24.44,0.97,4,-1,-1
117,104,1103.95,197.21,13.49,25.59,0.73,1,-1,-1
117,105,415.72,319.93,72.56,29.19,0.85,4,-1,-1
117,111,1091.67,262.90,11.96,23.99,0.94,1,-1,-1
117,112,-5.89,133.78,36.01,20.39,0.69,4,-1,-1
117,113,212.38,129.07,50.11,22.75,0.94,4,-1,-1
117,114,344.75,128.02,48.90,21.69,0.92,4,-1,-1
117,115,598.67,137.21,15.18,21.74,0.39,1,-1,-1
117,116,650.46,136.17,14.50,22.10,0.89,1,-1,-1
117,117,736.26,127.96,44.29,19.34,0.89,4,-1,-1
117,119,979.20,285.07,13.69,24.58,0.55,1,-1,-1
117,123,98.76,107.97,41.69,19.55,0.56,4,-1,-1
117,125,172.03,103.95,42.65,23.42,0.85,4,-1,-1
117,126,550.39,103.26,41.29,22.37,0.61,4,-1,-1
117,129,1171.73,82.35,25.64,19.63,0.92,4,-1,-1
117,130,1220.72,109.72,26.24,22.29,0.99,4,-1,-1
117,131,1246.03,122.27,32.67,24.06,0.99,4,-1,-1
117,132,1248.09,79.26,29.10,19.87,0.97,4,-1,-1
117,134,11.10,106.79,43.97,20.59,0.84,4,-1,-1
117,135,78.17,106.36,34.62,19.35,0.51,4,-1,-1
117,137,479.37,108.07,24.71,20.58,0.96,4,-1,-1
117,138,739.31,107.78,40.22,21.04,0.84,4,-1,-1
117,142,1106.29,45.32,21.80,18.53,0.99,4,-1,-1
117,143,1143.50,57.50,34.23,16.98,0.97,4,-1,-1
117,144,1154.09,69.97,19.93,20.85,0.91,4,-1,-1
117,145,1175.38,44.12,32.51,15.58,0.95,4,-1,-1
117,147,1183.15,54.59,32.48,16.56,0.88,4,-1,-1
117,148,1198.35,96.32,25.64,20.88,0.96,4,-1,-1
117,149,1202.55,64.56,37.35,18.59,0.85,4,-1,-1
117,150,1239.80,43.81,33.03,15.70,0.80,4,-1,-1
117,153,1256.56,52.26,32.28,14.41,0.81,4,-1,-1
117,154,1272.57,58.11,30.78,13.34,0.84,4,-1,-1
117,155,1278.32,66.57,38.75,16.14,0.59,4,-1,-1
117,156,328.74,103.30,32.53,24.22,0.84,4,-1,-1
117,157,1086.37,27.20,18.78,14.56,0.84,4,-1,-1
117,158,1130.62,16.69,30.36,15.07,0.90,4,-1,-1
117,164,1226.29,34.18,27.56,15.92,0.43,4,-1,-1
117,167,663.68,125.65,46.06,20.18,0.92,4,-1,-1
117,169,242.95,102.35,29.79,23.90,0.81,5,-1,-1
117,170,835.31,-0.29,28.54,15.43,0.37,4,-1,-1
117,171,1167.39,36.42,34.83,13.40,0.69,4,-1,-1
117,173,971.51,285.21,11.97,24.92,0.44,1,-1,-1
117,84,1082.65,263.97,11.92,22.83,0.65,1,-1,-1
117,177,58.20,105.95,32.26,18.74,0.48,4,-1,-1
117,179,429.80,123.26,13.88,18.98,0.85,2,-1,-1
117,183,1193.41,61.74,37.72,17.10,0.96,4,-1,-1
117,190,482.08,17.80,72.73,40.63,0.66,6,-1,-1
117,172,1268.15,85.43,22.26,19.73,0.76,4,-1,-1
117,195,1283.79,68.59,39.54,16.87,0.77,4,-1,-1
117,198,1180.35,52.50,32.09,16.81,0.89,4,-1,-1
117,199,1302.49,73.90,32.51,14.74,0.75,4,-1,-1
117,139,1015.67,14.46,19.96,17.00,0.69,4,-1,-1
117,124,94.45,119.57,47.25,21.34,0.84,4,-1,-1
117,75,549.09,261.91,12.27,25.50,0.57,1,-1,-1
117,184,1267.07,55.21,30.94,13.85,0.57,4,-1,-1
117,201,1278.00,124.66,32.13,23.35,0.56,4,-1,-1
117,202,1322.91,89.55,23.93,17.33,0.97,4,-1,-1
117,203,1321.54,78.66,31.10,13.88,0.96,4,-1,-1
117,182,1174.28,111.50,8.56,18.71,0.38,1,-1,-1
117,204,428.18,127.22,16.65,17.08,0.80,10,-1,-1
117,205,493.07,461.90,13.66,30.74,0.66,1,-1,-1
117,206,1325.09,55.18,22.20,12.27,0.76,4,-1,-1
117,207,1346.43,90.50,13.66,18.04,0.66,4,-1,-1
117,208,1349.00,93.92,10.25,16.76,0.60,4,-1,-1
117,151,1242.64,46.22,32.55,14.69,0.65,4,-1,-1
117,160,1166.88,33.79,34.21,12.39,0.53,4,-1,-1
117,159,1177.73,48.25,31.27,14.39,0.83,4,-1,-1
118,18,1146.59,482.64,102.63,48.86,0.99,4,-1,-1
118,23,1132.04,455.90,100.81,43.77,1.00,4,-1,-1
118,24,483.93,489.02,16.82,32.22,0.96,1,-1,-1
118,25,531.45,482.01,14.35,34.86,0.91,1,-1,-1
118,26,509.11,480.43,13.69,32.52,0.98,1,-1,-1
118,28,497.62,479.58,14.27,32.81,0.93,1,-1,-1
118,31,327.34,459.06,100.75,41.10,0.99,4,-1,-1
118,39,513.96,451.18,14.57,32.55,0.97,1,-1,-1
118,42,347.52,428.19,94.65,38.34,0.98,4,-1,-1
118,47,1086.05,379.79,87.13,43.58,0.99,4,-1,-1
118,48,368.85,395.31,88.63,37.19,1.00,4,-1,-1
118,50,485.88,470.38,14.23,33.05,0.75,1,-1,-1
118,54,554.38,482.11,47.10,68.81,0.99,4,-1,-1
118,55,1058.02,347.06,69.60,31.70,0.99,4,-1,-1
118,38,477.89,456.11,15.04,35.14,0.80,1,-1,-1
118,59,699.70,346.59,73.98,32.80,0.99,4,-1,-1
118,60,400.75,337.70,69.11,34.46,0.99,4,-1,-1
118,61,1046.73,316.90,64.34,29.72,0.99,4,-1,-1
118,63,436.13,286.84,65.94,29.18,0.99,4,-1,-1
118,64,702.37,287.10,60.31,24.01,0.99,4,-1,-1
118,65,708.12,299.17,63.87,30.19,0.99,4,-1,-1
118,66,956.06,286.15,11.97,23.47,0.71,1,-1,-1
118,69,987.73,299.36,15.40,27.00,0.75,1,-1,-1
118,70,1017.25,288.26,61.50,22.50,0.94,4,-1,-1
118,71,1029.60,300.16,66.63,28.67,0.97,4,-1,-1
118,72,1197.13,285.87,70.06,29.49,0.99,4,-1,-1
118,73,439.84,270.63,64.44,27.07,0.97,4,-1,-1
118,74,459.98,246.80,55.17,21.75,0.99,4,-1,-1
118,76,546.97,257.53,34.85,38.57,0.79,4,-1,-1
118,77,688.74,243.71,58.07,24.70,0.97,4,-1,-1
118,78,696.83,259.05,56.51,21.29,0.99,4,-1,-1
118,79,706.91,271.84,52.75,23.49,0.98,4,-1,-1
118,80,951.60,250.00,12.45,24.53,0.71,1,-1,-1
118,81,983.07,248.37,57.69,21.47,0.99,4,-1,-1
118,82,987.44,259.49,62.10,23.56,0.72,4,-1,-1
118,83,1007.86,271.64,55.83,23.62,0.80,4,-1,-1
118,88,712.49,197.06,27.91,26.77,0.95,4,-1,-1
118,89,746.69,198.53,26.40,25.07,0.98,4,-1,-1
118,90,773.40,198.24,26.49,24.49,0.95,4,-1,-1
118,91,803.06,199.08,26.20,26.22,0.97,4,-1,-1
118,92,934.86,199.03,29.04,24.25,0.99,4,-1,-1
118,94,967.91,235.02,13.68,25.51,0.32,1,-1,-1
118,95,963.96,198.41,29.06,26.13,0.99,4,-1,-1
118,98,991.84,201.14,30.75,25.69,0.99,4,-1,-1
118,99,1181.64,198.37,41.63,27.61,0.99,4,-1,-1
118,101,449.12,258.45,58.67,22.44,0.97,4,-1,-1
118,102,683.64,195.82,26.19,25.19,0.95,4,-1,-1
118,104,1096.73,197.32,12.53,24.92,0.92,1,-1,-1
118,105,408.18,321.58,72.56,29.09,0.96,4,-1,-1
118,111,1085.04,262.88,11.96,23.91,0.94,1,-1,-1
118,113,201.20,130.24,49.82,22.11,0.96,4,-1,-1
118,114,334.46,128.85,49.07,21.71,0.95,4,-1,-1
118,115,590.90,137.93,14.18,21.04,0.84,1,-1,-1
118,116,643.37,137.02,13.99,21.74,0.88,1,-1,-1
118,117,726.44,127.88,44.92,20.07,0.70,4,-1,-1
118,119,972.90,285.32,12.55,24.10,0.62,1,-1,-1
118,123,88.72,108.44,42.24,20.14,0.45,4,-1,-1
118,125,162.39,104.84,42.90,23.31,0.99,4,-1,-1
118,126,542.24,103.55,41.70,22.22,0.52,4,-1,-1
118,129,1163.04,81.85,25.63,19.19,0.96,4,-1,-1
118,130,1211.76,108.67,25.85,21.78,0.99,4,-1,-1
118,131,1235.59,120.60,33.71,24.54,0.93,4,-1,-1
118,132,1238.44,78.48,29.10,19.81,0.97,4,-1,-1
118,134,0.93,107.52,43.63,20.78,0.71,4,-1,-1
118,135,67.69,107.20,34.66,19.42,0.45,4,-1,-1
118,137,471.03,108.79,24.77,20.60,0.97,4,-1,-1
118,138,731.90,107.64,40.22,21.39,0.78,4,-1,-1
118,142,1097.40,44.90,22.11,18.68,0.98,4,-1,-1
118,143,1135.02,57.12,34.22,16.81,0.95,4,-1,-1
118,144,1145.73,69.54,19.24,20.48,0.88,4,-1,-1
118,145,1166.39,43.71,32.50,15.55,0.94,4,-1,-1
118,147,1172.42,52.76,32.47,16.25,0.82,4,-1,-1
118,148,1190.09,95.50,24.50,20.78,0.98,4,-1,-1
118,149,1191.50,63.42,37.60,18.21,0.67,4,-1,-1
118,150,1229.98,43.00,32.64,15.74,0.82,4,-1,-1
118,153,1244.75,51.73,34.70,14.56,0.76,4,-1,-1
118,154,1262.54,56.66,30.85,14.12,0.55,4,-1,-1
118,155,1269.61,65.49,41.61,16.62,0.54,4,-1,-1
118,156,318.96,103.74,33.43,24.65,0.78,4,-1,-1
118,157,1076.66,26.13,18.74,14.68,0.90,4,-1,-1
118,158,1122.48,16.53,30.60,14.92,0.84,4,-1,-1
118,164,1216.36,33.52,27.40,16.38,0.44,4,-1,-1
118,167,654.07,125.84,46.11,20.22,0.87,4,-1,-1
118,169,233.52,103.18,30.54,23.65,0.74,5,-1,-1
118,170,825.05,-0.10,30.53,15.21,0.44,4,-1,-1
118,171,1158.61,36.43,34.38,13.41,0.73,4,-1,-1
118,173,964.64,284.95,11.97,24.84,0.52,1,-1,-1
118,84,1075.69,264.12,11.92,22.96,0.75,1,-1,-1
118,177,47.39,106.84,32.10,18.71,0.61,4,-1,-1
118,179,420.08,123.98,13.75,18.91,0.87,2,-1,-1
118,183,1183.89,60.98,39.01,17.34,0.97,4,-1,-1
118,190,474.15,18.57,70.89,39.43,0.68,6,-1,-1
118,172,1258.77,84.58,22.26,19.79,0.76,4,-1,-1
118,195,1275.40,68.12,40.31,16.89,0.71,4,-1,-1
118,199,1294.23,73.59,33.93,14.79,0.82,4,-1,-1
118,139,1006.85,13.71,19.27,17.36,0.28,4,-1,-1
118,124,82.24,120.51,47.91,21.59,0.86,4,-1,-1
118,75,542.56,262.55,12.05,25.55,0.32,1,-1,-1
118,184,1253.33,53.42,31.96,14.64,0.51,4,-1,-1
118,201,1269.23,123.68,31.11,22.30,0.40,4,-1,-1
118,202,1313.06,88.78,23.94,17.12,0.98,4,-1,-1
118,203,1312.21,77.81,32.10,13.44,0.96,4,-1,-1
118,182,1164.96,110.94,9.73,19.18,0.55,1,-1,-1
118,204,416.86,129.73,20.08,15.19,0.78,10,-1,-1
118,205,485.75,463.99,13.69,33.47,0.72,1,-1,-1
118,206,1316.10,54.06,23.58,12.41,0.86,4,-1,-1
118,208,1340.73,93.12,17.08,17.06,0.89,4,-1,-1
118,151,1233.72,46.18,31.31,14.54,0.49,4,-1,-1
118,160,1158.43,32.96,34.19,12.64,0.54,4,-1,-1
118,209,1331.07,56.99,22.20,12.49,0.63,4,-1,-1
118,210,1331.92,83.67,23.91,13.45,0.80,4,-1,-1
118,165,1238.91,49.02,30.96,14.17,0.72,4,-1,-1
118,152,1239.80,49.90,35.25,14.21,0.85,4,-1,-1
119,18,1144.30,483.10,103.60,49.25,0.99,4,-1,-1
119,23,1130.28,456.79,100.78,43.07,0.99,4,-1,-1
119,24,481.96,490.89,16.45,32.94,0.96,1,-1,-1
119,25,529.18,483.94,14.46,34.43,0.97,1,-1,-1
119,26,506.35,482.03,14.23,33.02,0.97,1,-1,-1
119,28,495.36,481.72,13.90,32.59,0.95,1,-1,-1
119,31,324.28,461.30,101.14,41.04,0.99,4,-1,-1
119,39,511.03,452.22,14.55,33.04,0.96,1,-1,-1
119,42,344.95,429.59,94.59,38.98,0.96,4,-1,-1
119,47,1084.13,380.33,87.10,43.52,0.99,4,-1,-1
119,48,364.96,396.94,89.93,37.18,1.00,4,-1,-1
119,54,551.49,487.39,47.16,69.28,0.99,4,-1,-1
119,55,1056.51,347.19,68.77,31.92,0.99,4,-1,-1
119,38,475.13,457.97,14.72,35.04,0.80,1,-1,-1
119,59,697.72,347.29,73.66,32.83,0.99,4,-1,-1
119,60,397.66,339.24,69.07,34.25,0.99,4,-1,-1
119,61,1044.76,317.11,63.61,29.79,0.98,4,-1,-1
119,63,432.41,287.49,66.43,29.64,0.98,4,-1,-1
119,64,699.77,287.57,60.50,24.20,0.99,4,-1,-1
119,65,705.65,299.45,64.01,30.53,0.99,4,-1,-1
119,66,954.22,286.12,11.96,23.75,0.72,1,-1,-1
119,69,985.23,299.53,15.39,26.67,0.73,1,-1,-1
119,70,1014.47,288.34,61.47,22.31,0.94,4,-1,-1
119,71,1027.10,300.42,66.61,28.61,0.98,4,-1,-1
119,72,1193.82,286.15,69.99,29.47,0.99,4,-1,-1
119,73,436.19,271.23,65.35,27.26,0.96,4,-1,-1
119,74,456.59,247.75,55.41,22.03,0.98,4,-1,-1
119,76,544.83,258.70,33.29,37.94,0.58,4,-1,-1
119,77,685.80,244.21,58.07,24.73,0.98,4,-1,-1
119,78,694.21,259.73,56.36,21.02,0.97,4,-1,-1
119,79,704.41,272.95,52.84,22.89,0.98,4,-1,-1
119,80,949.36,249.96,12.09,24.38,0.79,1,-1,-1
119,81,980.83,248.72,56.85,21.13,0.99,4,-1,-1
119,82,985.10,259.82,60.61,22.96,0.83,4,-1,-1
119,83,1005.56,271.97,55.13,22.99,0.80,4,-1,-1
119,88,709.88,197.45,27.54,26.99,0.97,4,-1,-1
119,89,743.78,198.78,26.45,25.42,0.97,4,-1,-1
119,90,770.06,198.53,27.02,24.66,0.93,4,-1,-1
119,91,800.13,199.43,25.83,26.03,0.96,4,-1,-1
119,92,931.69,199.06,30.16,24.23,0.99,4,-1,-1
119,94,966.22,235.12,13.66,25.30,0.37,1,-1,-1
119,95,960.73,198.41,29.05,26.00,0.99,4,-1,-1
119,98,988.81,201.44,30.74,25.70,0.99,4,-1,-1
119,99,1178.29,198.08,41.17,27.84,0.99,4,-1,-1
119,101,445.82,258.91,58.89,22.85,0.96,4,-1,-1
119,102,680.63,196.11,26.40,25.41,0.97,4,-1,-1
119,104,1093.13,197.23,13.28,25.05,0.79,1,-1,-1
119,105,405.08,322.71,72.68,29.09,0.92,4,-1,-1
119,111,1082.72,263.50,11.94,23.89,0.93,1,-1,-1
119,113,193.82,130.70,50.26,22.17,0.97,4,-1,-1
119,114,327.96,129.20,49.40,22.03,0.98,4,-1,-1
119,115,587.12,138.25,14.38,21.22,0.21,1,-1,-1
119,116,639.55,136.71,14.34,22.18,0.83,1,-1,-1
119,117,721.09,128.06,45.16,19.95,0.85,4,-1,-1
119,119,970.12,285.14,13.27,24.79,0.59,1,-1,-1
119,123,84.04,108.71,41.94,20.07,0.71,4,-1,-1
119,125,157.43,105.29,42.84,23.18,0.98,4,-1,-1
119,126,540.01,103.68,40.71,22.76,0.62,4,-1,-1
119,129,1158.96,81.61,25.62,19.41,0.91,4,-1,-1
119,130,1207.58,108.36,25.69,22.04,0.98,4,-1,-1
119,131,1231.42,120.07,34.08,25.43,0.98,4,-1,-1
119,132,1234.03,78.04,29.08,20.22,0.94,4,-1,-1
119,134,-1.44,108.06,40.14,20.74,0.53,4,-1,-1
119,135,62.16,107.79,33.46,19.43,0.64,4,-1,-1
119,137,467.60,109.01,24.79,20.65,0.94,4,-1,-1
119,138,728.54,107.80,40.20,21.54,0.87,4,-1,-1
119,142,1093.84,44.81,22.21,18.73,0.98,4,-1,-1
119,143,1131.59,56.87,34.20,17.05,0.96,4,-1,-1
119,144,1141.80,69.50,20.09,20.92,0.88,4,-1,-1
119,145,1161.69,43.33,32.48,15.95,0.95,4,-1,-1
119,147,1168.17,52.45,31.32,16.53,0.57,4,-1,-1
119,148,1185.59,95.34,25.21,20.62,0.96,4,-1,-1
119,149,1188.73,64.36,36.55,19.27,0.48,4,-1,-1
119,150,1224.39,43.10,34.77,16.15,0.82,4,-1,-1
119,153,1242.30,51.74,33.41,14.93,0.61,4,-1,-1
119,154,1257.44,56.68,31.99,14.23,0.52,4,-1,-1
119,155,1263.98,64.64,41.65,16.75,0.61,4,-1,-1
119,156,315.40,104.75,32.64,23.96,0.82,4,-1,-1
119,157,1069.99,25.30,19.87,15.10,0.85,4,-1,-1
119,158,1118.67,16.30,29.56,15.05,0.73,4,-1,-1
119,164,1211.30,33.26,27.34,16.88,0.43,4,-1,-1
119,167,649.66,126.23,45.56,19.98,0.93,4,-1,-1
119,169,228.85,103.58,31.36,23.68,0.62,5,-1,-1
119,171,1154.55,35.41,34.20,13.96,0.66,4,-1,-1
119,173,961.66,285.43,11.95,24.24,0.56,1,-1,-1
119,84,1073.83,264.94,11.91,22.45,0.80,1,-1,-1
119,177,41.69,107.37,31.33,18.62,0.76,4,-1,-1
119,179,414.77,124.63,13.12,18.74,0.91,2,-1,-1
119,183,1180.62,61.07,39.49,17.45,0.94,4,-1,-1
119,190,470.33,18.19,71.96,39.85,0.69,6,-1,-1
119,172,1254.45,84.03,22.25,20.31,0.55,4,-1,-1
119,195,1273.78,69.17,38.25,16.39,0.64,4,-1,-1
119,199,1291.50,72.66,34.39,14.74,0.76,4,-1,-1
119,139,1003.31,12.86,18.98,17.96,0.48,4,-1,-1
119,124,74.66,120.75,48.26,21.57,0.83,4,-1,-1
119,75,538.84,263.08,12.53,25.86,0.63,1,-1,-1
119,201,1264.86,122.95,32.07,23.47,0.26,4,-1,-1
119,202,1308.37,88.56,23.92,17.07,0.97,4,-1,-1
119,203,1307.04,77.82,32.47,13.49,0.97,4,-1,-1
119,182,1161.23,110.56,10.15,19.20,0.64,1,-1,-1
119,204,412.07,130.83,19.47,14.65,0.75,10,-1,-1
119,205,483.42,465.70,13.69,32.71,0.79,1,-1,-1
119,206,1312.02,53.85,22.55,12.55,0.93,4,-1,-1
119,208,1336.48,92.87,21.53,17.04,0.91,4,-1,-1
119,151,1229.61,45.76,30.88,15.22,0.60,4,-1,-1
119,160,1153.92,32.26,35.31,14.33,0.27,4,-1,-1
119,209,1327.21,56.58,22.21,12.31,0.70,4,-1,-1
119,210,1328.07,83.23,23.92,14.13,0.70,4,-1,-1
119,198,1163.68,49.15,32.47,16.46,0.78,4,-1,-1
120,18,1145.54,484.61,103.95,49.45,0.99,4,-1,-1
120,23,1131.17,457.90,100.75,43.42,0.99,4,-1,-1
120,24,481.64,491.98,16.29,33.78,0.96,1,-1,-1
120,25,529.03,485.08,14.49,35.40,0.97,1,-1,-1
120,26,506.01,483.87,14.42,33.22,0.98,1,-1,-1
120,28,495.22,483.20,13.74,32.51,0.93,1,-1,-1
120,31,323.16,462.73,102.09,41.07,0.99,4,-1,-1
120,39,510.37,453.87,14.52,32.67,0.96,1,-1,-1
120,42,344.46,431.42,94.54,38.30,0.97,4,-1,-1
120,47,1085.00,381.57,87.07,43.82,0.99,4,-1,-1
120,48,364.25,398.17,90.39,36.93,1.00,4,-1,-1
120,54,550.00,491.97,48.25,70.58,0.99,4,-1,-1
120,55,1057.00,348.26,68.44,31.75,0.99,4,-1,-1
120,38,475.09,459.33,14.01,35.01,0.67,1,-1,-1
120,59,698.02,348.09,73.52,32.89,0.99,4,-1,-1
120,60,397.28,339.90,69.03,34.49,0.99,4,-1,-1
120,61,1045.08,317.92,63.31,29.85,0.99,4,-1,-1
120,63,431.95,288.11,66.18,29.84,0.99,4,-1,-1
120,64,699.86,288.42,60.56,24.30,0.98,4,-1,-1
120,65,706.07,300.37,63.48,30.41,0.99,4,-1,-1
120,66,954.61,286.78,11.94,23.86,0.70,1,-1,-1
120,69,985.94,300.31,14.24,26.27,0.78,1,-1,-1
120,70,1015.07,289.09,61.45,22.27,0.94,4,-1,-1
120,71,1027.80,301.24,66.59,28.62,0.98,4,-1,-1
120,72,1194.81,286.93,69.95,29.49,0.99,4,-1,-1
120,73,435.49,271.85,66.09,27.08,0.97,4,-1,-1
120,74,455.30,248.23,56.61,22.17,0.98,4,-1,-1
120,76,543.97,258.74,34.39,38.85,0.67,4,-1,-1
120,77,685.51,244.78,58.06,24.78,0.98,4,-1,-1
120,78,694.03,260.51,57.44,21.23,0.98,4,-1,-1
120,79,704.56,273.62,52.87,22.98,0.98,4,-1,-1
120,80,950.18,250.92,11.95,23.76,0.79,1,-1,-1
120,81,980.51,249.55,58.80,21.31,0.98,4,-1,-1
120,82,986.46,260.78,60.03,22.76,0.80,4,-1,-1
120,83,1006.36,272.38,54.83,23.06,0.72,4,-1,-1
120,88,710.03,198.07,27.38,26.87,0.97,4,-1,-1
120,89,743.81,199.37,26.45,25.36,0.97,4,-1,-1
120,90,769.93,198.93,27.21,24.88,0.93,4,-1,-1
120,91,800.45,200.08,25.68,26.05,0.94,4,-1,-1
120,92,932.19,199.46,29.45,24.24,0.98,4,-1,-1
120,94,966.68,235.71,13.65,25.79,0.38,1,-1,-1
120,95,961.22,198.88,29.03,25.61,0.99,4,-1,-1
120,98,989.38,201.83,30.72,25.72,0.99,4,-1,-1
120,99,1178.76,198.50,40.99,28.09,0.99,4,-1,-1
120,101,445.41,259.47,58.96,22.48,0.98,4,-1,-1
120,102,680.62,196.46,26.46,25.36,0.98,4,-1,-1
120,104,1093.50,197.32,13.53,25.17,0.74,1,-1,-1
120,105,405.00,323.22,72.13,29.12,0.95,4,-1,-1
120,111,1083.50,264.89,11.93,24.17,0.97,1,-1,-1
120,113,190.14,130.57,50.89,22.36,0.97,4,-1,-1
120,114,325.36,129.31,48.95,21.90,0.98,4,-1,-1
120,115,586.32,138.06,13.88,21.29,0.27,1,-1,-1
120,116,639.01,137.10,14.46,22.07,0.75,1,-1,-1
120,117,720.58,128.04,44.11,20.20,0.89,4,-1,-1
120,119,971.29,285.90,12.38,23.93,0.65,1,-1,-1
120,123,83.15,108.81,41.59,20.20,0.71,4,-1,-1
120,125,156.43,105.10,42.80,23.40,0.97,4,-1,-1
120,126,541.22,103.69,39.18,22.70,0.77,4,-1,-1
120,129,1159.22,81.77,25.61,19.43,0.93,4,-1,-1
120,130,1207.79,108.43,25.62,22.43,0.98,4,-1,-1
120,131,1231.06,120.21,34.21,25.79,0.98,4,-1,-1
120,132,1234.18,78.36,29.06,20.32,0.96,4,-1,-1
120,134,-1.15,107.87,38.60,21.03,0.45,4,-1,-1
120,135,60.78,107.58,33.77,19.74,0.57,4,-1,-1
120,137,467.50,109.19,24.21,20.44,0.97,4,-1,-1
120,138,727.90,107.93,40.75,21.76,0.87,4,-1,-1
120,142,1093.73,45.18,22.24,18.58,0.98,4,-1,-1
120,143,1132.08,57.48,34.19,16.88,0.96,4,-1,-1
120,144,1142.11,70.05,19.27,20.53,0.86,4,-1,-1
120,145,1161.17,43.57,32.47,15.95,0.96,4,-1,-1
120,147,1168.41,52.87,30.88,16.21,0.60,4,-1,-1
120,148,1185.14,95.48,25.45,20.96,0.97,4,-1,-1
120,149,1190.09,64.99,36.13,19.13,0.77,4,-1,-1
120,150,1224.11,43.60,34.43,15.89,0.79,4,-1,-1
120,153,1242.68,52.05,32.85,14.72,0.70,4,-1,-1
120,154,1257.32,57.08,32.41,14.07,0.62,4,-1,-1
120,155,1263.57,64.74,42.69,16.75,0.62,4,-1,-1
120,156,315.27,105.16,32.31,23.44,0.87,4,-1,-1
120,157,1069.34,24.87,19.16,15.34,0.89,4,-1,-1
120,158,1117.33,16.45,30.30,15.11,0.84,4,-1,-1
120,164,1211.23,33.63,27.31,16.94,0.49,4,-1,-1
120,167,647.81,126.61,45.34,19.91,0.93,4,-1,-1
120,169,227.87,103.70,32.21,23.59,0.49,4,-1,-1
120,171,1154.28,35.79,34.14,13.69,0.70,4,-1,-1
120,173,962.18,285.86,11.93,23.73,0.59,1,-1,-1
120,84,1074.78,265.98,11.90,22.26,0.90,1,-1,-1
120,177,40.10,107.38,32.04,18.99,0.56,4,-1,-1
120,179,412.44,125.33,13.46,18.96,0.81,2,-1,-1
120,183,1180.08,60.99,37.40,17.50,0.94,4,-1,-1
120,190,469.85,18.00,72.33,41.12,0.88,6,-1,-1
120,172,1254.07,84.25,22.23,20.94,0.83,4,-1,-1
120,195,1274.56,69.83,38.40,16.19,0.80,4,-1,-1
120,199,1291.11,73.30,34.50,14.37,0.80,4,-1,-1
120,139,1003.24,12.83,18.85,17.85,0.33,4,-1,-1
120,124,71.59,120.89,48.22,21.73,0.75,4,-1,-1
120,75,538.27,263.59,12.70,25.99,0.79,1,-1,-1
120,201,1264.49,123.58,33.63,23.38,0.35,4,-1,-1
120,202,1307.93,88.89,23.91,17.23,0.98,4,-1,-1
120,203,1306.98,78.54,32.56,13.28,0.98,4,-1,-1
120,182,1161.58,111.01,10.29,19.50,0.53,1,-1,-1
120,204,409.26,131.48,19.22,15.01,0.84,10,-1,-1
120,205,481.92,464.36,13.67,31.77,0.54,1,-1,-1
120,206,1312.27,54.22,20.83,12.44,0.94,4,-1,-1
120,208,1336.45,93.45,22.46,17.32,0.92,4,-1,-1
120,151,1230.47,46.79,30.72,14.92,0.69,4,-1,-1
120,160,1154.04,32.91,34.61,13.72,0.61,4,-1,-1
120,209,1327.79,57.01,22.21,12.20,0.81,4,-1,-1
120,210,1327.33,84.26,25.24,14.59,0.84,4,-1,-1
120,198,1163.02,48.54,31.23,15.26,0.79,4,-1,-1
120,211,1003.21,300.75,15.37,25.19,0.66,1,-1,-1
120,212,1298.62,74.23,34.15,12.81,0.67,4,-1,-1
120,159,1164.97,50.41,32.28,15.73,0.79,4,-1,-1
120,50,483.18,470.45,13.14,33.88,0.56,1,-1,-1
121,18,1146.70,486.34,105.24,49.53,1.00,4,-1,-1
121,23,1132.19,459.48,100.76,43.55,0.99,4,-1,-1
121,24,480.98,493.83,16.80,33.55,0.95,1,-1,-1
121,25,529.00,486.67,14.51,35.21,0.98,1,-1,-1
121,26,505.62,485.45,14.50,33.86,0.97,1,-1,-1
121,28,494.91,485.20,14.25,32.49,0.94,1,-1,-1
121,31,322.19,463.87,102.75,41.64,0.99,4,-1,-1
121,39,509.02,455.38,15.08,33.10,0.96,1,-1,-1
121,42,343.29,432.72,94.95,38.59,0.97,4,-1,-1
121,47,1086.02,382.89,87.08,44.23,0.99,4,-1,-1
121,48,363.99,399.09,90.30,37.69,1.00,4,-1,-1
121,54,548.64,497.29,49.23,71.07,1.00,4,-1,-1
121,55,1057.86,349.67,68.34,31.41,0.99,4,-1,-1
121,38,474.51,460.72,13.75,35.57,0.80,1,-1,-1
121,59,698.46,349.12,73.48,32.91,0.99,4,-1,-1
121,60,396.72,340.74,69.16,34.87,0.99,4,-1,-1
121,61,1045.89,318.51,63.22,30.16,0.98,4,-1,-1
121,63,431.50,288.66,66.37,30.20,0.99,4,-1,-1
121,64,700.22,288.90,60.60,24.91,0.98,4,-1,-1
121,65,706.55,301.01,63.29,30.65,0.99,4,-1,-1
121,66,955.41,287.46,11.94,23.91,0.71,1,-1,-1
121,69,986.88,300.61,13.80,26.12,0.65,1,-1,-1
121,70,1015.40,290.08,62.59,22.26,0.93,4,-1,-1
121,71,1028.74,302.12,66.59,28.63,0.98,4,-1,-1
121,72,1195.91,287.93,69.96,28.94,0.99,4,-1,-1
121,73,434.95,272.67,66.67,27.57,0.97,4,-1,-1
121,74,454.81,248.85,57.08,21.94,0.98,4,-1,-1
121,76,543.96,259.33,34.24,38.91,0.89,4,-1,-1
121,77,685.71,245.71,58.07,24.23,0.98,4,-1,-1
121,78,694.28,261.10,57.29,21.31,0.98,4,-1,-1
121,79,704.37,274.45,53.46,23.30,0.98,4,-1,-1
121,80,951.13,251.31,11.91,24.11,0.66,1,-1,-1
121,81,981.62,250.14,59.53,21.65,0.98,4,-1,-1
121,82,987.07,261.28,62.10,23.54,0.71,4,-1,-1
121,83,1006.77,272.68,54.73,23.37,0.64,4,-1,-1
121,88,710.13,198.44,27.33,26.97,0.97,4,-1,-1
121,89,744.15,199.87,26.46,25.33,0.97,4,-1,-1
121,90,770.22,199.44,27.29,25.03,0.94,4,-1,-1
121,91,800.62,200.75,25.63,25.77,0.95,4,-1,-1
121,92,933.05,199.89,29.17,24.24,0.98,4,-1,-1
121,94,967.50,236.64,13.65,25.70,0.21,1,-1,-1
121,95,961.50,199.26,29.03,25.82,0.99,4,-1,-1
121,98,989.69,202.39,30.72,25.73,0.98,4,-1,-1
121,99,1179.66,198.99,40.94,27.83,0.99,4,-1,-1
121,101,444.69,259.99,59.56,22.61,0.98,4,-1,-1
121,102,680.66,197.09,26.49,25.14,0.97,4,-1,-1
121,104,1094.34,198.82,13.63,26.44,0.75,1,-1,-1
121,105,404.26,324.01,72.64,29.13,0.94,4,-1,-1
121,111,1085.02,266.10,11.93,24.57,0.95,1,-1,-1
121,113,187.10,131.03,50.72,22.15,0.98,4,-1,-1
121,114,323.31,129.71,48.22,21.70,0.99,4,-1,-1
121,115,585.19,138.06,14.27,21.47,0.42,1,-1,-1
121,116,638.83,137.24,14.51,22.17,0.69,1,-1,-1
121,117,719.36,128.38,43.15,19.88,0.94,4,-1,-1
121,119,971.82,286.47,13.21,24.17,0.58,1,-1,-1
121,123,82.82,109.11,40.99,20.29,0.75,4,-1,-1
121,125,155.81,105.75,42.79,22.93,0.98,4,-1,-1
121,126,541.10,104.05,39.19,22.39,0.53,4,-1,-1
121,129,1159.47,82.11,25.61,19.15,0.95,4,-1,-1
121,130,1208.61,108.70,25.60,22.44,0.99,4,-1,-1
121,131,1231.10,120.58,34.25,25.36,0.99,4,-1,-1
121,132,1234.98,78.68,29.06,19.87,0.95,4,-1,-1
121,134,-0.79,107.90,37.42,21.28,0.51,4,-1,-1
121,135,60.12,108.09,33.75,19.43,0.60,4,-1,-1
121,137,467.17,109.44,24.00,20.33,0.97,4,-1,-1
121,138,728.26,108.04,40.40,21.70,0.92,4,-1,-1
121,142,1094.39,45.47,22.25,18.38,0.99,4,-1,-1
121,143,1132.95,57.87,34.19,16.88,0.94,4,-1,-1
121,144,1142.38,70.24,18.95,20.59,0.88,4,-1,-1
121,145,1161.70,43.56,32.47,15.72,0.96,4,-1,-1
121,147,1169.24,52.32,29.59,15.75,0.49,4,-1,-1
121,148,1185.69,95.70,25.56,21.16,0.97,4,-1,-1
121,149,1190.77,65.32,35.98,18.93,0.90,4,-1,-1
121,150,1225.89,43.90,33.17,15.46,0.77,4,-1,-1
121,153,1241.30,51.56,32.64,14.72,0.89,4,-1,-1
121,154,1258.02,57.81,32.56,14.00,0.72,4,-1,-1
121,155,1264.69,64.55,42.00,16.67,0.67,4,-1,-1
121,156,315.20,105.61,31.61,23.04,0.87,4,-1,-1
121,157,1068.16,24.48,18.89,15.36,0.84,4,-1,-1
121,158,1118.68,16.93,29.46,14.92,0.86,4,-1,-1
121,164,1211.39,33.95,27.31,16.68,0.43,4,-1,-1
121,167,646.08,126.82,45.84,20.03,0.91,4,-1,-1
121,169,227.74,104.16,30.87,23.38,0.78,5,-1,-1
121,171,1154.33,35.50,34.12,13.54,0.78,4,-1,-1
121,173,963.61,285.31,11.93,24.70,0.44,1,-1,-1
121,84,1075.81,266.76,11.90,23.06,0.89,1,-1,-1
121,177,39.31,107.84,31.62,18.78,0.65,4,-1,-1
121,179,410.50,126.17,13.30,18.90,0.72,2,-1,-1
121,183,1180.03,61.11,35.40,17.16,0.95,4,-1,-1
121,190,469.66,17.89,72.49,40.02,0.76,6,-1,-1
121,172,1255.25,84.59,22.23,20.55,0.91,4,-1,-1
121,195,1275.61,71.03,36.16,15.53,0.87,4,-1,-1
121,199,1292.29,73.68,33.35,14.23,0.79,4,-1,-1
121,124,68.87,121.39,48.18,21.50,0.89,4,-1,-1
121,75,538.06,264.23,12.77,26.32,0.55,1,-1,-1
121,201,1265.73,123.91,32.96,22.72,0.60,4,-1,-1
121,202,1308.59,89.17,23.91,17.20,0.97,4,-1,-1
121,203,1307.14,78.67,32.58,13.14,0.98,4,-1,-1
121,182,1161.33,111.70,10.34,19.33,0.63,1,-1,-1
121,204,407.63,131.73,18.20,15.61,0.90,10,-1,-1
121,205,481.47,465.22,13.66,31.51,0.68,1,-1,-1
121,206,1312.44,54.56,20.36,12.24,0.81,4,-1,-1
121,208,1337.14,93.74,22.73,17.33,0.94,4,-1,-1
121,151,1231.54,47.40,31.82,14.56,0.56,4,-1,-1
121,160,1153.68,32.96,34.34,13.06,0.30,4,-1,-1
121,209,1328.65,57.07,20.88,12.50,0.71,4,-1,-1
121,210,1327.76,84.13,25.68,13.78,0.86,4,-1,-1
121,212,1298.93,74.20,34.17,12.81,0.58,4,-1,-1
121,159,1165.47,50.29,31.29,15.76,0.86,4,-1,-1
121,50,482.30,470.00,13.48,34.13,0.73,1,-1,-1
121,213,1157.75,111.63,8.54,19.64,0.67,1,-1,-1
121,214,1197.02,26.07,29.03,15.15,0.63,4,-1,-1
122,18,1148.17,488.12,105.70,49.57,1.00,4,-1,-1
122,23,1133.63,461.20,101.88,43.60,0.99,4,-1,-1
122,24,481.04,495.55,16.43,33.45,0.95,1,-1,-1
122,25,529.00,488.30,13.94,35.12,0.97,1,-1,-1
122,26,505.50,487.06,14.52,33.54,0.97,1,-1,-1
122,28,494.82,486.70,13.87,32.48,0.93,1,-1,-1
122,31,321.75,465.30,102.13,41.86,0.98,4,-1,-1
122,39,508.55,456.71,14.73,33.26,0.97,1,-1,-1
122,42,343.06,433.66,94.65,39.54,0.96,4,-1,-1
122,47,1086.90,383.97,87.07,44.10,1.00,4,-1,-1
122,48,363.26,399.90,90.37,38.11,0.99,4,-1,-1
122,54,547.32,502.21,49.57,72.34,0.99,4,-1,-1
122,55,1059.27,350.92,68.29,31.56,1.00,4,-1,-1
122,38,474.34,462.83,13.65,34.65,0.81,1,-1,-1
122,59,698.91,349.89,73.45,33.20,1.00,4,-1,-1
122,60,396.29,341.54,68.92,35.01,0.99,4,-1,-1
122,61,1046.72,319.31,63.17,30.28,0.98,4,-1,-1
122,63,431.39,289.79,66.43,29.77,0.96,4,-1,-1
122,64,700.08,289.76,61.17,24.86,0.99,4,-1,-1
122,65,707.31,301.79,62.64,30.46,0.99,4,-1,-1
122,66,956.25,288.58,11.93,23.36,0.69,1,-1,-1
122,69,987.19,301.31,13.64,25.78,0.53,1,-1,-1
122,70,1016.05,290.90,63.01,22.53,0.96,4,-1,-1
122,71,1029.62,303.32,66.59,28.35,0.98,4,-1,-1
122,72,1196.84,288.91,71.09,28.73,0.98,4,-1,-1
122,73,434.67,273.63,66.72,27.75,0.90,4,-1,-1
122,74,454.69,249.46,57.24,21.85,0.98,4,-1,-1
122,76,544.00,260.09,34.17,38.36,0.57,4,-1,-1
122,77,686.38,246.61,57.50,23.74,0.99,4,-1,-1
122,78,694.39,261.58,57.23,21.63,0.98,4,-1,-1
122,79,703.74,275.02,54.80,23.99,0.98,4,-1,-1
122,80,952.60,250.91,11.89,23.96,0.89,1,-1,-1
122,81,982.59,250.81,58.67,21.51,0.98,4,-1,-1
122,82,986.72,262.06,61.74,23.27,0.73,4,-1,-1
122,83,1006.33,273.38,55.81,23.77,0.74,4,-1,-1
122,88,710.47,198.93,27.31,27.08,0.97,4,-1,-1
122,89,744.58,200.62,26.46,25.04,0.98,4,-1,-1
122,90,770.34,199.91,27.88,25.09,0.95,4,-1,-1
122,91,801.26,201.01,25.04,26.52,0.93,4,-1,-1
122,92,933.93,200.57,29.06,24.17,0.99,4,-1,-1
122,94,968.90,236.87,13.64,25.94,0.57,1,-1,-1
122,95,962.17,199.93,29.02,25.83,0.99,4,-1,-1
122,98,989.80,202.78,31.85,26.16,0.96,4,-1,-1
122,99,1180.54,199.87,40.92,27.38,1.00,4,-1,-1
122,101,444.21,260.56,59.77,22.66,0.99,4,-1,-1
122,102,681.26,197.47,25.93,25.47,0.98,4,-1,-1
122,104,1095.77,199.09,12.54,25.58,0.89,1,-1,-1
122,105,404.20,324.80,72.67,29.41,0.88,4,-1,-1
122,111,1086.11,267.70,11.93,24.15,0.93,1,-1,-1
122,113,183.86,131.08,51.55,22.49,0.98,4,-1,-1
122,114,320.89,129.96,48.51,21.77,0.99,4,-1,-1
122,115,584.58,138.68,14.41,20.97,0.62,1,-1,-1
122,116,639.66,137.57,13.96,22.06,0.66,1,-1,-1
122,117,718.43,128.65,42.21,19.89,0.96,4,-1,-1
122,119,972.56,287.12,13.49,24.26,0.53,1,-1,-1
122,123,82.06,109.03,41.42,20.88,0.63,4,-1,-1
122,125,155.45,105.81,42.91,22.88,0.98,4,-1,-1
122,126,539.69,104.57,40.33,22.95,0.41,4,-1,-1
122,129,1159.56,82.30,25.60,19.62,0.91,4,-1,-1
122,130,1209.48,109.36,25.59,22.30,0.99,4,-1,-1
122,131,1232.24,121.07,34.26,25.33,0.99,4,-1,-1
122,132,1235.29,79.20,29.05,19.68,0.93,4,-1,-1
122,134,-0.53,108.09,36.45,21.41,0.51,4,-1,-1
122,135,59.95,108.19,33.60,19.34,0.53,4,-1,-1
122,137,467.13,109.59,23.92,20.57,0.98,4,-1,-1
122,138,729.00,108.41,39.68,21.56,0.82,4,-1,-1
122,142,1095.20,45.70,22.24,18.53,0.99,4,-1,-1
122,143,1134.40,57.98,34.18,17.24,0.96,4,-1,-1
122,144,1142.48,70.17,19.96,20.82,0.89,4,-1,-1
122,145,1161.91,43.59,32.46,15.81,0.96,4,-1,-1
122,147,1171.30,53.68,30.27,15.63,0.80,4,-1,-1
122,148,1186.46,95.89,25.59,21.41,0.95,4,-1,-1
122,149,1189.88,65.58,37.04,19.54,0.86,4,-1,-1
122,150,1227.73,44.26,31.53,15.69,0.79,4,-1,-1
122,153,1243.05,52.14,33.68,15.15,0.82,4,-1,-1
122,154,1258.30,57.57,31.48,14.53,0.49,4,-1,-1
122,155,1265.68,65.89,41.66,17.34,0.59,4,-1,-1
122,156,315.16,105.78,31.34,23.06,0.91,4,-1,-1
122,157,1066.64,23.97,19.93,15.22,0.86,4,-1,-1
122,158,1118.64,16.97,29.13,14.66,0.82,4,-1,-1
122,164,1212.59,34.37,27.30,16.89,0.40,4,-1,-1
122,167,644.68,127.25,45.45,20.08,0.88,4,-1,-1
122,169,227.27,104.33,30.59,23.48,0.70,5,-1,-1
122,171,1154.93,36.04,34.12,13.41,0.75,4,-1,-1
122,173,964.68,286.25,11.93,24.49,0.35,1,-1,-1
122,84,1077.29,267.92,11.91,23.35,0.92,1,-1,-1
122,177,38.98,107.81,32.13,18.83,0.78,4,-1,-1
122,179,408.21,126.88,13.23,19.15,0.72,2,-1,-1
122,183,1181.17,61.51,36.94,17.17,0.95,4,-1,-1
122,190,469.68,18.40,72.54,37.50,0.72,6,-1,-1
122,172,1255.70,84.70,22.22,20.66,0.85,4,-1,-1
122,195,1272.61,69.52,39.78,17.08,0.65,4,-1,-1
122,199,1293.29,73.88,34.03,14.63,0.71,4,-1,-1
122,124,66.37,121.58,48.18,21.70,0.83,4,-1,-1
122,75,538.02,264.85,12.79,26.44,0.64,1,-1,-1
122,201,1266.76,124.31,32.67,22.49,0.55,4,-1,-1
122,202,1310.01,89.56,23.90,17.04,0.98,4,-1,-1
122,203,1308.38,78.88,32.56,13.33,0.97,4,-1,-1
122,182,1164.02,111.74,9.23,19.12,0.54,1,-1,-1
122,204,405.54,132.22,18.51,15.65,0.90,10,-1,-1
122,205,480.77,467.30,13.66,30.20,0.72,1,-1,-1
122,206,1312.46,54.61,21.54,12.51,0.86,4,-1,-1
122,208,1337.92,94.17,21.62,17.06,0.92,4,-1,-1
122,151,1231.94,46.63,31.10,15.18,0.65,4,-1,-1
122,160,1154.69,33.55,34.23,12.99,0.62,4,-1,-1
122,209,1329.46,57.00,21.79,12.91,0.67,4,-1,-1
122,210,1327.84,84.11,25.78,13.16,0.77,4,-1,-1
122,159,1166.21,51.20,32.08,16.26,0.89,4,-1,-1
122,50,481.76,472.59,13.59,34.21,0.68,1,-1,-1
122,213,1157.98,111.56,8.54,19.30,0.62,1,-1,-1
122,215,980.16,240.56,11.95,24.33,0.61,1,-1,-1
122,216,1180.80,60.57,29.03,17.08,0.75,4,-1,-1
122,198,1164.37,48.86,30.80,14.24,0.70,4,-1,-1
123,18,1149.81,489.51,104.75,49.58,0.99,4,-1,-1
123,23,1134.70,462.57,102.30,43.05,0.99,4,-1,-1
123,24,480.19,497.18,16.85,32.84,0.95,1,-1,-1
123,25,528.69,489.90,13.73,35.09,0.97,1,-1,-1
123,26,505.15,488.10,14.53,33.98,0.96,1,-1,-1
123,28,494.19,487.97,13.73,32.47,0.94,1,-1,-1
123,31,321.58,466.84,101.59,41.93,0.99,4,-1,-1
123,39,507.50,457.93,14.59,33.31,0.98,1,-1,-1
123,42,341.84,434.73,95.38,39.90,0.99,4,-1,-1
123,47,1087.76,384.82,87.07,44.05,1.00,4,-1,-1
123,48,362.12,400.79,91.24,38.41,0.99,4,-1,-1
123,54,545.69,507.47,50.25,72.80,0.99,4,-1,-1
123,55,1059.76,351.98,69.41,31.90,1.00,4,-1,-1
123,38,473.40,464.06,14.19,34.87,0.86,1,-1,-1
123,59,699.04,350.63,73.44,33.59,0.99,4,-1,-1
123,60,395.68,342.01,69.24,35.62,0.99,4,-1,-1
123,61,1047.56,319.78,63.16,30.89,0.99,4,-1,-1
123,63,431.05,290.25,66.17,29.89,0.98,4,-1,-1
123,64,699.99,290.53,61.39,25.12,0.98,4,-1,-1
123,65,707.26,302.26,62.97,30.67,0.99,4,-1,-1
123,66,957.09,289.31,11.94,23.15,0.66,1,-1,-1
123,69,987.84,301.61,13.60,25.94,0.55,1,-1,-1
123,70,1016.27,291.37,63.17,22.35,0.95,4,-1,-1
123,71,1030.48,303.79,66.59,28.53,0.97,4,-1,-1
123,72,1197.73,289.31,70.39,29.22,0.98,4,-1,-1
123,73,434.40,274.31,66.59,27.54,0.95,4,-1,-1
123,74,454.06,249.73,57.86,22.10,0.99,4,-1,-1
123,76,544.55,260.54,33.58,38.43,0.84,4,-1,-1
123,77,686.31,246.83,57.85,23.84,0.99,4,-1,-1
123,78,694.39,261.37,57.77,22.31,0.98,4,-1,-1
123,79,703.47,275.12,55.31,24.81,0.98,4,-1,-1
123,80,953.10,250.81,13.04,24.19,0.87,1,-1,-1
123,81,982.92,251.09,58.33,21.44,0.97,4,-1,-1
123,82,987.10,262.52,62.73,23.45,0.67,4,-1,-1
123,83,1007.82,274.52,56.22,23.64,0.71,4,-1,-1
123,88,710.56,199.22,27.30,27.33,0.97,4,-1,-1
123,89,744.71,201.01,26.46,25.00,0.98,4,-1,-1
123,90,770.64,200.19,27.54,25.18,0.96,4,-1,-1
123,91,801.75,201.69,24.82,26.24,0.94,4,-1,-1
123,92,934.22,200.71,29.03,24.43,0.97,4,-1,-1
123,94,969.95,236.99,13.64,26.31,0.64,1,-1,-1
123,95,962.96,200.35,29.02,25.97,0.99,4,-1,-1
123,98,989.82,203.09,32.27,26.18,0.99,4,-1,-1
123,99,1181.99,200.58,40.92,26.99,0.99,4,-1,-1
123,101,443.43,261.10,60.41,22.96,0.99,4,-1,-1
123,102,681.46,197.85,25.71,25.39,0.98,4,-1,-1
123,104,1096.29,199.13,12.12,25.03,0.78,1,-1,-1
123,105,403.87,325.41,72.68,29.80,0.91,4,-1,-1
123,111,1087.60,268.59,11.93,24.28,0.97,1,-1,-1
123,113,180.95,131.00,51.65,22.76,0.97,4,-1,-1
123,114,318.48,129.96,48.61,22.08,0.99,4,-1,-1
123,115,584.05,138.74,14.47,21.21,0.48,1,-1,-1
123,116,639.94,137.66,13.17,22.16,0.56,1,-1,-1
123,117,715.82,128.51,43.60,20.32,0.97,4,-1,-1
123,119,973.36,287.82,12.48,24.58,0.59,1,-1,-1
123,123,81.73,108.91,41.34,21.10,0.79,4,-1,-1
123,125,154.95,105.81,42.53,22.87,0.99,4,-1,-1
123,126,539.70,104.87,40.20,23.02,0.46,4,-1,-1
123,129,1160.14,82.54,25.60,19.37,0.97,4,-1,-1
123,130,1210.37,109.43,25.59,22.39,0.99,4,-1,-1
123,131,1232.68,120.86,35.38,25.73,0.98,4,-1,-1
123,132,1235.97,79.23,29.05,19.75,0.96,4,-1,-1
123,134,-0.42,108.15,35.69,21.59,0.58,4,-1,-1
123,135,59.37,108.40,33.82,19.28,0.65,4,-1,-1
123,137,466.80,109.62,24.46,20.81,0.95,4,-1,-1
123,138,728.96,108.38,39.98,21.65,0.83,4,-1,-1
123,142,1096.06,45.81,22.24,18.44,0.98,4,-1,-1
123,143,1135.47,57.86,34.17,17.44,0.98,4,-1,-1
123,144,1142.51,70.27,20.34,20.56,0.91,4,-1,-1
123,145,1162.56,43.33,32.46,16.10,0.96,4,-1,-1
123,147,1172.60,54.05,30.52,15.86,0.74,4,-1,-1
123,148,1187.32,95.95,25.60,21.47,0.98,4,-1,-1
123,149,1186.20,63.45,38.56,18.73,0.96,4,-1,-1
123,150,1227.25,43.93,32.08,16.19,0.75,4,-1,-1
123,153,1243.15,51.84,32.95,15.50,0.89,4,-1,-1
123,154,1258.99,57.22,31.05,14.66,0.59,4,-1,-1
123,155,1266.62,66.49,41.50,17.94,0.58,4,-1,-1
123,156,314.83,105.82,32.09,23.07,0.88,4,-1,-1
123,157,1065.54,23.45,20.31,15.24,0.86,4,-1,-1
123,158,1119.18,16.95,29.01,14.76,0.80,4,-1,-1
123,164,1213.05,34.06,27.30,17.14,0.26,4,-1,-1
123,167,643.34,127.38,45.31,20.23,0.90,4,-1,-1
123,169,226.66,104.41,31.33,23.48,0.60,5,-1,-1
123,171,1155.15,35.86,35.25,13.71,0.80,4,-1,-1
123,173,965.05,287.21,11.93,24.40,0.40,1,-1,-1
123,84,1078.93,269.21,11.91,23.74,0.88,1,-1,-1
123,177,38.49,107.83,32.06,18.96,0.87,4,-1,-1
123,179,405.83,127.11,13.50,19.95,0.48,2,-1,-1
123,183,1181.57,61.25,35.24,17.44,0.81,4,-1,-1
123,190,470.22,18.31,71.99,37.08,0.63,6,-1,-1
123,172,1255.87,84.80,23.35,20.70,0.89,4,-1,-1
123,195,1271.53,68.78,42.17,17.91,0.64,4,-1,-1
123,199,1294.78,73.11,34.27,15.07,0.62,4,-1,-1
123,124,64.15,121.77,47.89,21.64,0.88,4,-1,-1
123,75,538.26,265.40,12.23,26.21,0.82,1,-1,-1
123,201,1268.30,124.71,31.37,22.11,0.70,4,-1,-1
123,202,1309.92,89.51,25.09,17.06,0.97,4,-1,-1
123,203,1308.23,78.65,33.72,13.55,0.96,4,-1,-1
123,182,1165.09,112.13,8.78,18.75,0.30,1,-1,-1
123,204,402.77,132.89,19.23,15.96,0.77,10,-1,-1
123,205,480.53,469.45,13.66,30.41,0.71,1,-1,-1
123,206,1313.06,54.42,21.92,12.73,0.84,4,-1,-1
123,208,1338.75,94.20,21.10,17.19,0.90,4,-1,-1
123,151,1234.93,48.05,30.83,15.08,0.63,4,-1,-1
123,160,1153.94,32.99,35.32,13.67,0.19,4,-1,-1
123,209,1330.30,56.58,22.07,13.43,0.44,4,-1,-1
123,210,1327.22,83.97,27.01,13.06,0.70,4,-1,-1
123,159,1167.03,51.80,33.49,16.49,0.74,4,-1,-1
123,50,481.54,474.86,13.63,34.24,0.73,1,-1,-1
123,213,1158.07,111.74,8.54,19.08,0.28,1,-1,-1
123,198,1164.20,47.84,31.96,14.95,0.68,4,-1,-1
124,18,1151.45,490.53,104.37,50.14,0.99,4,-1,-1
124,23,1134.99,463.31,103.58,43.40,0.99,4,-1,-1
124,24,480.16,498.86,16.44,32.60,0.95,1,-1,-1
124,25,528.28,491.00,14.22,35.07,0.98,1,-1,-1
124,26,504.74,489.54,14.53,34.13,0.96,1,-1,-1
124,28,493.96,488.94,13.67,33.03,0.93,1,-1,-1
124,31,321.00,467.92,101.37,41.95,0.99,4,-1,-1
124,39,506.56,459.18,15.10,33.33,0.99,1,-1,-1
124,42,341.27,436.07,95.07,39.60,0.99,4,-1,-1
124,47,1088.56,385.51,88.20,44.30,1.00,4,-1,-1
124,48,361.30,401.93,91.98,38.50,0.99,4,-1,-1
124,54,544.52,512.11,50.49,74.61,0.99,4,-1,-1
124,55,1060.98,352.63,68.69,32.02,0.99,4,-1,-1
124,38,473.34,465.30,14.39,35.52,0.84,1,-1,-1
124,59,699.33,351.44,73.43,33.73,0.99,4,-1,-1
124,60,395.33,342.43,69.22,36.13,0.99,4,-1,-1
124,61,1048.92,320.77,63.15,30.84,0.98,4,-1,-1
124,63,430.51,291.11,66.48,29.64,0.99,4,-1,-1
124,64,700.19,291.37,61.46,24.64,0.99,4,-1,-1
124,65,706.92,302.97,63.66,31.02,0.98,4,-1,-1
124,66,957.32,289.42,11.94,23.36,0.70,1,-1,-1
124,69,988.01,301.84,14.73,26.00,0.67,1,-1,-1
124,70,1017.40,291.81,62.09,22.28,0.93,4,-1,-1
124,71,1031.29,304.37,66.58,28.59,0.98,4,-1,-1
124,72,1198.54,289.71,71.25,29.68,0.99,4,-1,-1
124,73,434.17,274.83,66.67,27.44,0.96,4,-1,-1
124,74,454.11,250.10,57.51,21.91,0.98,4,-1,-1
124,76,544.17,260.84,33.93,38.73,0.69,4,-1,-1
124,77,686.53,247.19,57.98,24.16,0.97,4,-1,-1
124,78,694.07,261.83,58.53,22.56,0.99,4,-1,-1
124,79,703.32,275.55,55.49,25.12,0.97,4,-1,-1
124,80,953.77,250.77,13.45,24.27,0.86,1,-1,-1
124,81,983.53,251.60,58.19,21.13,0.96,4,-1,-1
124,82,988.30,263.10,60.84,22.94,0.70,4,-1,-1
124,83,1008.88,274.93,55.24,23.57,0.77,4,-1,-1
124,88,710.83,199.54,27.30,27.35,0.97,4,-1,-1
124,89,744.99,201.29,26.46,25.12,0.97,4,-1,-1
124,90,770.98,200.50,27.40,25.14,0.95,4,-1,-1
124,91,801.88,201.95,24.74,26.12,0.94,4,-1,-1
124,92,934.83,200.90,29.01,24.38,0.97,4,-1,-1
124,94,971.38,237.73,13.64,25.61,0.52,1,-1,-1
124,95,963.75,200.93,29.02,25.74,0.99,4,-1,-1
124,98,990.87,203.34,31.31,26.04,0.99,4,-1,-1
124,99,1183.02,200.69,40.92,27.55,1.00,4,-1,-1
124,101,443.15,261.85,60.63,22.79,0.99,4,-1,-1
124,102,682.06,198.14,25.06,25.35,0.98,4,-1,-1
124,104,1096.98,199.48,11.97,25.61,0.70,1,-1,-1
124,105,403.20,326.04,73.23,29.93,0.93,4,-1,-1
124,111,1088.62,269.45,11.93,24.04,0.97,1,-1,-1
124,113,177.75,131.06,51.95,22.72,0.98,4,-1,-1
124,114,315.98,130.25,48.08,21.77,0.99,4,-1,-1
124,116,639.72,137.78,13.46,22.20,0.44,1,-1,-1
124,117,713.74,128.39,44.10,20.33,0.96,4,-1,-1
124,119,974.15,288.77,12.08,24.42,0.57,1,-1,-1
124,123,80.64,109.03,42.07,21.04,0.84,4,-1,-1
124,125,154.63,105.98,42.52,22.57,0.99,4,-1,-1
124,126,539.69,105.04,40.14,22.65,0.33,4,-1,-1
124,129,1160.85,82.77,25.60,19.13,0.97,4,-1,-1
124,130,1210.61,109.66,25.59,22.13,0.99,4,-1,-1
124,131,1233.32,121.48,34.68,25.17,0.99,4,-1,-1
124,132,1236.15,79.25,29.04,19.99,0.96,4,-1,-1
124,134,-0.20,108.38,34.77,21.48,0.54,4,-1,-1
124,135,58.64,108.58,34.26,19.10,0.71,4,-1,-1
124,137,466.67,110.07,24.09,20.47,0.98,4,-1,-1
124,138,729.47,108.52,39.52,21.39,0.85,4,-1,-1
124,142,1096.87,46.11,22.23,18.41,0.99,4,-1,-1
124,143,1136.34,58.25,34.17,17.02,0.92,4,-1,-1
124,144,1143.56,70.67,20.48,20.31,0.91,4,-1,-1
124,145,1162.73,43.58,33.59,15.87,0.96,4,-1,-1
124,147,1171.30,53.27,31.75,16.03,0.90,4,-1,-1
124,148,1188.12,96.05,25.61,21.63,0.98,4,-1,-1
124,149,1186.93,63.95,39.13,18.17,0.94,4,-1,-1
124,150,1227.57,43.71,32.28,16.03,0.79,4,-1,-1
124,153,1242.53,51.63,32.65,15.07,0.88,4,-1,-1
124,154,1259.73,57.58,32.02,14.56,0.55,4,-1,-1
124,155,1266.89,65.87,42.53,17.33,0.45,4,-1,-1
124,156,314.74,106.04,32.08,22.82,0.90,4,-1,-1
124,157,1063.98,22.67,21.57,15.81,0.94,4,-1,-1
124,158,1118.17,16.70,30.11,14.57,0.86,4,-1,-1
124,164,1213.71,34.37,27.30,17.02,0.42,4,-1,-1
124,167,641.73,127.72,45.25,19.86,0.92,4,-1,-1
124,169,226.34,104.37,31.31,23.36,0.57,5,-1,-1
124,171,1155.16,35.71,35.68,13.54,0.81,4,-1,-1
124,173,965.67,287.98,11.93,24.37,0.40,1,-1,-1
124,84,1080.01,271.20,11.91,22.76,0.86,1,-1,-1
124,177,37.78,108.04,32.13,18.97,0.84,4,-1,-1
124,183,1181.64,61.23,33.40,16.98,0.88,4,-1,-1
124,190,469.85,18.25,72.35,37.47,0.54,6,-1,-1
124,172,1256.40,84.63,23.77,21.33,0.77,4,-1,-1
124,195,1272.13,68.91,41.98,17.87,0.71,4,-1,-1
124,199,1295.80,72.82,36.61,14.73,0.70,4,-1,-1
124,124,61.96,121.86,47.74,21.60,0.91,4,-1,-1
124,75,537.77,265.73,12.59,26.39,0.66,1,-1,-1
124,201,1268.75,124.85,30.89,22.13,0.57,4,-1,-1
124,202,1310.94,89.63,24.36,17.14,0.98,4,-1,-1
124,203,1308.66,78.53,34.13,13.70,0.95,4,-1,-1
124,182,1165.97,112.42,8.61,18.33,0.20,1,-1,-1
124,204,399.53,133.28,20.07,16.64,0.25,10,-1,-1
124,205,480.18,472.22,14.25,32.89,0.75,1,-1,-1
124,206,1313.17,54.35,22.07,12.86,0.89,4,-1,-1
124,208,1338.93,94.17,20.88,17.49,0.92,4,-1,-1
124,151,1236.52,49.51,31.86,14.76,0.22,4,-1,-1
124,160,1155.26,33.48,34.60,13.08,0.69,4,-1,-1
124,209,1330.46,56.99,22.17,13.01,0.67,4,-1,-1
124,210,1326.91,84.01,27.42,12.96,0.64,4,-1,-1
124,159,1172.25,54.21,30.69,16.46,0.59,4,-1,-1
124,50,480.90,477.92,14.21,33.67,0.65,1,-1,-1
124,213,1158.58,111.96,8.54,18.83,0.23,1,-1,-1
124,198,1164.65,48.43,32.35,14.59,0.74,4,-1,-1
124,217,543.01,260.83,35.01,39.27,0.67,4,-1,-1
124,218,1184.21,61.90,37.57,17.08,0.96,4,-1,-1
124,161,1161.92,40.93,32.55,13.71,0.52,4,-1,-1
124,212,1306.95,76.69,32.55,12.91,0.53,4,-1,-1
125,18,1152.05,491.23,105.35,50.35,1.00,4,-1,-1
125,23,1136.78,463.90,102.92,42.97,0.99,4,-1,-1
125,24,479.93,499.19,16.28,32.51,0.95,1,-1,-1
125,25,527.90,491.12,14.40,35.62,0.98,1,-1,-1
125,26,504.36,489.80,14.52,34.75,0.94,1,-1,-1
125,28,493.65,489.57,13.65,32.67,0.93,1,-1,-1
125,31,320.01,468.02,101.84,42.51,0.99,4,-1,-1
125,39,506.27,459.08,15.29,33.33,0.98,1,-1,-1
125,42,340.86,436.29,95.79,40.04,0.98,4,-1,-1
125,47,1089.99,385.68,87.49,44.68,0.99,4,-1,-1
125,48,360.79,402.08,91.96,38.82,0.99,4,-1,-1
125,54,542.75,515.99,51.68,75.83,0.99,4,-1,-1
125,55,1062.02,352.63,68.42,32.06,0.99,4,-1,-1
125,38,472.81,465.75,14.46,35.20,0.87,1,-1,-1
125,59,699.19,351.49,73.99,33.78,0.99,4,-1,-1
125,60,394.99,342.33,69.20,36.31,0.99,4,-1,-1
125,61,1049.45,320.64,63.15,30.81,0.98,4,-1,-1
125,63,429.95,290.75,66.73,29.83,0.99,4,-1,-1
125,64,700.31,290.87,61.49,25.31,0.98,4,-1,-1
125,65,707.11,302.57,63.91,31.15,0.99,4,-1,-1
125,66,958.00,288.66,11.94,23.71,0.64,1,-1,-1
125,69,988.66,301.42,15.14,26.30,0.45,1,-1,-1
125,70,1017.84,291.74,62.81,22.53,0.96,4,-1,-1
125,71,1032.17,304.21,66.58,28.61,0.98,4,-1,-1
125,72,1199.42,289.64,71.57,29.57,0.98,4,-1,-1
125,73,433.88,274.49,66.69,27.41,0.94,4,-1,-1
125,74,453.64,249.85,57.93,21.83,0.98,4,-1,-1
125,76,544.37,260.71,33.49,38.56,0.87,4,-1,-1
125,77,686.08,246.79,59.15,24.28,0.99,4,-1,-1
125,78,694.27,261.20,58.25,22.66,0.99,4,-1,-1
125,79,703.59,275.33,55.55,24.67,0.98,4,-1,-1
125,80,954.05,250.12,13.61,24.02,0.85,1,-1,-1
125,81,984.35,251.42,58.12,21.01,0.98,4,-1,-1
125,82,989.35,262.95,60.10,23.03,0.73,4,-1,-1
125,83,1009.30,275.14,55.99,23.55,0.71,4,-1,-1
125,88,710.98,198.93,27.30,27.43,0.97,4,-1,-1
125,89,745.14,200.67,26.46,25.38,0.97,4,-1,-1
125,90,771.44,199.90,27.35,25.33,0.96,4,-1,-1
125,91,801.96,201.53,25.28,26.08,0.95,4,-1,-1
125,92,935.09,200.40,29.00,24.57,0.98,4,-1,-1
125,94,972.49,237.65,13.64,25.04,0.64,1,-1,-1
125,95,964.08,200.50,29.02,25.80,0.99,4,-1,-1
125,98,991.30,202.79,32.06,26.27,0.97,4,-1,-1
125,99,1183.99,200.24,40.92,27.62,0.99,4,-1,-1
125,101,443.12,261.32,60.71,22.72,0.98,4,-1,-1
125,102,682.04,197.59,25.39,25.61,0.97,4,-1,-1
125,104,1097.25,198.42,13.07,26.38,0.87,1,-1,-1
125,105,402.32,326.01,73.57,29.70,0.91,4,-1,-1
125,111,1090.13,269.67,11.93,24.23,0.98,1,-1,-1
125,113,174.76,130.28,52.19,22.98,0.97,4,-1,-1
125,114,313.36,129.84,48.73,21.36,0.98,4,-1,-1
125,116,639.70,137.73,13.57,22.07,0.46,1,-1,-1
125,117,712.50,127.84,44.29,20.19,0.95,4,-1,-1
125,119,974.44,288.33,13.10,24.36,0.60,1,-1,-1
125,123,79.51,108.41,41.98,20.59,0.78,4,-1,-1
125,125,153.84,105.03,42.65,22.89,0.98,4,-1,-1
125,126,540.88,104.09,39.55,22.51,0.54,4,-1,-1
125,129,1161.72,82.05,25.60,19.25,0.98,4,-1,-1
125,130,1211.88,109.08,25.59,22.00,0.99,4,-1,-1
125,131,1235.31,120.67,34.38,25.51,0.96,4,-1,-1
125,132,1236.83,78.25,30.17,20.14,0.94,4,-1,-1
125,134,-0.07,107.74,33.50,21.29,0.38,4,-1,-1
125,135,58.03,107.63,34.20,19.61,0.58,4,-1,-1
125,137,466.70,109.30,23.95,20.48,0.98,4,-1,-1
125,138,730.00,107.86,39.34,21.57,0.91,4,-1,-1
125,142,1097.77,45.41,22.23,18.43,0.99,4,-1,-1
125,143,1137.81,57.51,34.16,17.07,0.93,4,-1,-1
125,144,1144.56,69.83,20.52,20.64,0.90,4,-1,-1
125,145,1163.96,43.22,32.89,16.03,0.94,4,-1,-1
125,147,1171.42,52.73,31.09,16.38,0.86,4,-1,-1
125,148,1189.03,95.67,25.61,20.98,0.98,4,-1,-1
125,149,1186.73,62.65,39.34,18.11,0.96,4,-1,-1
125,150,1227.16,42.58,33.49,16.57,0.60,5,-1,-1
125,153,1242.91,50.91,33.67,15.04,0.88,4,-1,-1
125,154,1260.05,55.72,32.37,14.45,0.42,4,-1,-1
125,155,1266.49,64.55,44.00,17.08,0.45,4,-1,-1
125,156,313.24,105.00,33.76,23.12,0.82,4,-1,-1
125,157,1063.47,21.11,20.94,15.42,0.87,4,-1,-1
125,158,1120.09,16.48,30.52,14.84,0.78,4,-1,-1
125,164,1214.00,33.79,27.30,16.75,0.67,4,-1,-1
125,167,639.83,126.99,45.79,20.01,0.94,4,-1,-1
125,169,225.90,103.62,31.01,23.74,0.65,5,-1,-1
125,171,1155.77,35.91,34.71,13.61,0.72,4,-1,-1
125,173,966.48,287.75,11.93,24.35,0.51,1,-1,-1
125,84,1080.98,271.71,11.92,22.38,0.87,1,-1,-1
125,177,37.09,106.61,32.72,19.47,0.71,4,-1,-1
125,183,1182.29,60.80,32.71,17.51,0.78,4,-1,-1
125,190,469.22,17.14,73.62,39.92,0.52,6,-1,-1
125,172,1256.66,84.36,23.92,20.32,0.88,4,-1,-1
125,195,1274.13,69.33,40.71,16.93,0.70,4,-1,-1
125,199,1295.11,71.97,35.26,15.10,0.61,4,-1,-1
125,124,59.71,120.87,47.74,21.73,0.78,4,-1,-1
125,75,537.93,265.19,12.72,26.74,0.80,1,-1,-1
125,201,1269.51,124.27,30.73,22.14,0.40,4,-1,-1
125,202,1311.37,89.01,25.23,16.95,0.98,4,-1,-1
125,203,1310.00,77.61,33.12,13.61,0.94,4,-1,-1
125,182,1166.32,111.68,9.71,18.46,0.52,1,-1,-1
125,204,396.34,132.96,21.81,16.17,0.54,10,-1,-1
125,205,479.83,473.21,13.88,34.33,0.68,1,-1,-1
125,206,1313.83,53.63,22.13,12.72,0.85,4,-1,-1
125,208,1340.16,93.40,19.63,17.52,0.85,4,-1,-1
125,151,1237.71,48.93,31.13,14.65,0.72,4,-1,-1
125,160,1156.96,32.25,34.31,13.34,0.56,4,-1,-1
125,209,1331.70,56.17,21.02,12.76,0.44,4,-1,-1
125,210,1329.73,83.29,25.22,13.47,0.48,4,-1,-1
125,159,1174.35,54.69,29.53,17.20,0.40,4,-1,-1
125,50,480.72,481.92,14.42,33.45,0.78,1,-1,-1
125,213,1158.75,110.90,8.54,19.24,0.32,1,-1,-1
125,198,1166.05,48.42,31.35,14.55,0.67,4,-1,-1
125,161,1160.89,39.33,33.66,13.61,0.49,4,-1,-1
125,219,1200.44,25.35,32.44,15.15,0.66,4,-1,-1
125,165,1227.68,42.92,32.38,16.42,0.74,4,-1,-1
126,18,1154.10,492.02,104.63,49.87,0.99,4,-1,-1
126,23,1138.73,464.38,102.69,43.94,0.99,4,-1,-1
126,24,478.96,499.86,16.80,32.48,0.93,1,-1,-1
126,25,527.74,491.71,14.48,35.27,0.97,1,-1,-1
126,26,503.91,490.16,14.53,34.99,0.97,1,-1,-1
126,28,493.23,490.08,13.65,33.11,0.92,1,-1,-1
126,31,318.88,468.61,102.61,42.16,0.98,4,-1,-1
126,39,505.88,459.32,15.36,33.34,0.98,1,-1,-1
126,42,339.95,436.63,95.80,39.64,0.99,4,-1,-1
126,47,1091.78,385.83,87.24,44.55,0.99,4,-1,-1
126,48,359.84,402.25,92.67,38.80,0.99,4,-1,-1
126,54,541.26,520.14,52.13,76.85,1.00,4,-1,-1
126,55,1063.08,352.16,69.47,32.64,1.00,4,-1,-1
126,38,472.31,465.62,14.50,36.22,0.79,1,-1,-1
126,59,699.72,351.33,73.65,33.80,0.99,4,-1,-1
126,60,394.25,342.25,69.77,36.10,0.99,4,-1,-1
126,61,1049.75,320.39,64.30,31.09,0.98,4,-1,-1
126,63,429.69,290.15,66.28,29.90,0.98,4,-1,-1
126,64,700.65,290.49,61.51,25.28,0.98,4,-1,-1
126,65,707.48,302.23,63.46,30.93,0.99,4,-1,-1
126,66,958.90,288.45,11.94,23.86,0.71,1,-1,-1
126,69,990.12,301.50,15.31,26.14,0.49,1,-1,-1
126,70,1018.11,291.37,64.22,22.91,0.93,4,-1,-1
126,71,1033.17,304.09,66.60,28.63,0.98,4,-1,-1
126,72,1201.04,289.26,71.71,29.25,0.98,4,-1,-1
126,73,433.16,274.32,66.70,27.11,0.96,4,-1,-1
126,74,453.14,249.42,58.10,22.09,0.96,4,-1,-1
126,76,543.56,260.04,34.47,39.07,0.68,4,-1,-1
126,77,686.21,246.30,59.05,24.33,0.99,4,-1,-1
126,78,694.64,261.04,57.60,22.41,0.97,4,-1,-1
126,79,703.72,274.91,55.59,24.78,0.98,4,-1,-1
126,80,955.34,248.98,13.68,24.22,0.87,1,-1,-1
126,81,984.75,250.86,60.38,21.82,0.98,4,-1,-1
126,82,989.83,262.54,62.13,23.63,0.76,4,-1,-1
126,83,1011.25,275.16,55.16,23.54,0.60,4,-1,-1
126,88,710.77,198.20,27.87,27.60,0.97,4,-1,-1
126,89,745.22,199.79,26.46,25.77,0.97,4,-1,-1
126,90,771.64,199.45,27.34,25.13,0.95,4,-1,-1
126,91,802.32,200.66,25.49,25.99,0.97,4,-1,-1
126,92,935.83,199.91,29.01,24.58,0.99,4,-1,-1
126,94,974.11,236.99,13.65,24.84,0.59,1,-1,-1
126,95,964.85,199.76,29.02,26.04,0.99,4,-1,-1
126,98,992.13,202.22,32.35,26.22,0.99,4,-1,-1
126,99,1184.51,199.69,42.07,27.37,0.99,4,-1,-1
126,101,443.34,260.93,59.62,22.41,0.98,4,-1,-1
126,102,682.04,197.03,25.52,25.30,0.97,4,-1,-1
126,104,1098.60,198.20,12.36,25.71,0.92,1,-1,-1
126,105,401.93,325.69,73.71,29.89,0.82,4,-1,-1
126,111,1091.37,269.52,11.94,24.87,0.98,1,-1,-1
126,113,172.13,129.35,51.52,23.08,0.98,4,-1,-1
126,114,310.54,128.98,49.27,21.50,0.97,4,-1,-1
126,116,639.69,137.42,13.61,21.60,0.78,1,-1,-1
126,117,711.26,126.91,43.81,20.14,0.90,4,-1,-1
126,119,975.77,287.81,12.36,23.77,0.64,1,-1,-1
126,123,78.74,107.38,41.68,20.02,0.84,4,-1,-1
126,125,153.15,103.96,42.85,23.01,0.99,4,-1,-1
126,126,539.30,103.05,41.05,22.56,0.43,4,-1,-1
126,129,1162.77,80.77,25.61,19.66,0.91,4,-1,-1
126,130,1213.08,108.15,25.60,22.14,0.98,4,-1,-1
126,131,1236.80,120.53,34.28,24.52,0.98,4,-1,-1
126,132,1238.94,77.32,28.37,19.78,0.98,4,-1,-1
126,134,-0.12,106.91,32.74,21.04,0.66,4,-1,-1
126,135,56.75,106.78,34.12,19.10,0.62,4,-1,-1
126,137,466.09,108.05,24.48,20.53,0.96,4,-1,-1
126,138,730.21,106.99,39.29,21.32,0.93,4,-1,-1
126,142,1098.81,44.38,22.23,18.26,0.99,4,-1,-1
126,143,1139.06,56.15,34.17,17.38,0.84,4,-1,-1
126,144,1145.66,68.51,20.54,20.84,0.82,4,-1,-1
126,145,1165.16,42.87,32.62,15.58,0.95,4,-1,-1
126,147,1173.33,52.78,30.84,16.65,0.95,4,-1,-1
126,148,1190.09,94.69,24.48,20.66,0.98,4,-1,-1
126,149,1187.95,61.37,38.30,18.08,0.96,4,-1,-1
126,150,1228.31,41.60,32.84,16.50,0.67,4,-1,-1
126,153,1243.25,49.65,34.05,15.07,0.83,4,-1,-1
126,154,1259.25,54.07,33.63,14.96,0.44,4,-1,-1
126,155,1267.08,63.15,43.46,16.84,0.64,4,-1,-1
126,156,312.74,103.69,33.84,23.52,0.91,4,-1,-1
126,157,1061.77,19.13,21.82,15.26,0.79,4,-1,-1
126,158,1119.85,14.99,31.81,15.22,0.67,4,-1,-1
126,164,1214.85,31.52,27.31,17.01,0.51,5,-1,-1
126,167,637.76,125.77,46.01,20.35,0.91,4,-1,-1
126,169,225.21,102.56,32.03,23.75,0.59,5,-1,-1
126,171,1157.30,35.53,34.34,13.15,0.75,4,-1,-1
126,173,967.44,287.61,11.94,23.78,0.59,1,-1,-1
126,84,1083.15,271.52,11.92,23.10,0.84,1,-1,-1
126,177,36.06,105.55,32.57,19.48,0.80,4,-1,-1
126,183,1183.26,59.92,33.63,17.56,0.33,4,-1,-1
126,190,469.21,17.01,73.55,39.53,0.54,6,-1,-1
126,172,1258.63,83.35,22.86,20.12,0.90,4,-1,-1
126,195,1276.83,69.45,40.15,16.18,0.79,4,-1,-1
126,199,1296.12,70.69,34.68,14.88,0.31,4,-1,-1
126,124,57.17,120.15,47.47,21.93,0.87,4,-1,-1
126,75,537.40,264.93,13.34,26.60,0.92,1,-1,-1
126,201,1270.53,123.30,31.85,22.15,0.30,4,-1,-1
126,202,1312.86,87.84,24.42,17.03,0.97,4,-1,-1
126,203,1311.85,76.32,33.89,13.44,0.92,4,-1,-1
126,182,1166.62,111.15,10.10,18.38,0.45,1,-1,-1
126,204,393.60,132.40,22.74,16.12,0.74,10,-1,-1
126,205,479.40,473.28,13.74,33.76,0.71,1,-1,-1
126,206,1315.41,52.43,22.16,12.80,0.86,4,-1,-1
126,208,1340.79,91.87,19.13,17.93,0.83,4,-1,-1
126,151,1236.60,47.82,33.13,14.58,0.63,4,-1,-1
126,160,1157.75,31.32,34.22,13.02,0.65,4,-1,-1
126,209,1332.29,54.73,22.99,13.33,0.35,4,-1,-1
126,210,1332.20,82.24,24.34,13.80,0.74,4,-1,-1
126,159,1178.12,55.63,30.29,17.21,0.59,4,-1,-1
126,50,480.07,481.40,14.51,33.94,0.65,1,-1,-1
126,213,1160.14,110.55,9.78,17.85,0.16,1,-1,-1
126,198,1169.09,48.17,29.81,14.59,0.69,4,-1,-1
126,161,1161.32,37.70,32.87,13.55,0.75,4,-1,-1
126,165,1229.87,44.21,33.65,15.13,0.58,4,-1,-1
127,18,1156.34,492.49,104.31,50.22,1.00,4,-1,-1
127,23,1139.80,465.01,102.57,43.72,0.99,4,-1,-1
127,24,478.36,500.31,16.99,32.46,0.94,1,-1,-1
127,25,527.41,491.86,14.51,35.69,0.98,1,-1,-1
127,26,503.77,490.49,14.52,34.50,0.98,1,-1,-1
127,28,492.81,490.48,13.65,33.26,0.93,1,-1,-1
127,31,317.71,468.78,103.15,42.57,0.97,4,-1,-1
127,39,505.47,459.63,15.39,33.33,0.98,1,-1,-1
127,42,339.41,437.01,95.48,39.46,0.99,4,-1,-1
127,47,1092.24,385.97,88.26,44.48,1.00,4,-1,-1
127,48,359.84,402.72,92.06,38.62,1.00,4,-1,-1
127,54,538.77,524.60,53.95,77.73,0.99,4,-1,-1
127,55,1063.85,352.21,69.84,32.56,1.00,4,-1,-1
127,38,471.58,466.07,15.07,36.02,0.83,1,-1,-1
127,59,699.56,351.24,74.07,33.79,1.00,4,-1,-1
127,60,393.60,341.95,70.39,36.56,0.99,4,-1,-1
127,61,1051.36,320.26,63.59,30.89,0.98,4,-1,-1
127,63,429.35,289.81,66.93,29.91,0.98,4,-1,-1
127,64,700.71,290.07,61.50,25.25,0.98,4,-1,-1
127,65,707.55,301.81,63.84,31.10,0.99,4,-1,-1
127,66,959.63,287.80,11.94,24.18,0.66,1,-1,-1
127,69,991.07,300.94,15.37,26.36,0.41,1,-1,-1
127,70,1019.16,291.21,63.61,22.76,0.95,4,-1,-1
127,71,1033.36,303.59,67.72,28.90,0.98,4,-1,-1
127,72,1201.98,288.94,71.74,29.11,0.98,4,-1,-1
127,73,432.78,273.43,66.83,28.12,0.95,4,-1,-1
127,74,452.69,248.73,58.14,22.18,0.98,4,-1,-1
127,76,542.97,259.53,34.83,39.24,0.68,4,-1,-1
127,77,686.47,245.71,58.99,24.34,0.99,4,-1,-1
127,78,695.28,260.86,57.33,22.02,0.98,4,-1,-1
127,79,704.25,274.48,55.01,24.81,0.98,4,-1,-1
127,80,956.22,248.14,13.70,24.29,0.88,1,-1,-1
127,81,985.85,250.22,60.09,22.11,0.97,4,-1,-1
127,82,990.40,262.09,61.74,23.29,0.68,4,-1,-1
127,83,1011.81,274.44,54.82,24.09,0.73,4,-1,-1
127,88,710.89,197.47,28.08,27.72,0.97,4,-1,-1
127,89,745.44,198.93,26.46,25.90,0.98,4,-1,-1
127,90,771.90,198.89,27.32,24.90,0.96,4,-1,-1
127,91,802.62,199.87,25.57,26.31,0.98,4,-1,-1
127,92,935.95,199.33,29.01,24.71,0.99,4,-1,-1
127,94,975.10,236.17,13.65,25.05,0.65,1,-1,-1
127,95,965.54,198.94,29.02,25.98,0.99,4,-1,-1
127,98,992.27,201.52,32.45,26.12,0.99,4,-1,-1
127,99,1185.59,198.92,41.37,27.69,0.99,4,-1,-1
127,101,442.61,260.11,60.31,22.85,0.98,4,-1,-1
127,102,681.97,196.29,25.57,25.30,0.97,4,-1,-1
127,104,1099.49,197.35,12.07,24.64,0.83,1,-1,-1
127,105,401.84,325.16,73.17,30.78,0.87,4,-1,-1
127,111,1092.73,269.85,11.94,24.83,0.95,1,-1,-1
127,113,169.03,128.55,51.16,23.10,0.99,4,-1,-1
127,114,307.92,128.25,48.90,21.25,0.98,4,-1,-1
127,116,639.91,136.73,13.06,21.70,0.73,1,-1,-1
127,117,709.35,125.99,44.75,20.25,0.81,4,-1,-1
127,119,976.09,287.60,12.05,23.55,0.68,1,-1,-1
127,123,78.37,106.59,41.22,20.05,0.84,4,-1,-1
127,125,152.52,103.30,42.77,22.80,0.99,4,-1,-1
127,126,540.09,101.94,40.48,22.47,0.41,4,-1,-1
127,129,1163.50,79.42,25.61,20.22,0.86,4,-1,-1
127,130,1213.86,107.15,25.60,22.42,0.99,4,-1,-1
127,131,1237.12,119.94,34.23,23.97,0.98,4,-1,-1
127,132,1239.51,75.98,28.79,20.13,0.97,4,-1,-1
127,134,-0.08,106.25,32.35,20.87,0.73,4,-1,-1
127,135,56.27,105.82,35.14,18.89,0.63,4,-1,-1
127,137,465.87,107.07,24.67,20.78,0.97,4,-1,-1
127,138,730.19,106.39,39.26,20.79,0.91,4,-1,-1
127,142,1099.54,43.33,22.22,18.17,0.99,4,-1,-1
127,143,1140.98,55.02,33.03,17.27,0.86,4,-1,-1
127,144,1146.41,67.42,20.54,20.91,0.89,4,-1,-1
127,145,1165.96,41.98,32.51,15.47,0.95,4,-1,-1
127,147,1173.25,51.81,31.88,16.75,0.95,4,-1,-1
127,148,1190.83,93.80,25.20,20.61,0.97,4,-1,-1
127,149,1188.77,60.06,37.87,18.42,0.97,4,-1,-1
127,150,1229.65,40.52,33.71,16.72,0.76,4,-1,-1
127,153,1244.81,48.37,33.06,15.60,0.81,4,-1,-1
127,154,1261.46,52.65,31.87,14.94,0.42,4,-1,-1
127,155,1267.60,61.96,42.07,16.67,0.76,4,-1,-1
127,156,313.31,102.28,36.65,23.90,0.91,4,-1,-1
127,157,1061.53,17.22,21.03,15.05,0.77,4,-1,-1
127,158,1119.54,12.86,32.28,16.15,0.44,4,-1,-1
127,164,1215.50,29.74,27.31,17.72,0.59,4,-1,-1
127,167,636.14,124.90,45.52,20.18,0.96,4,-1,-1
127,169,225.19,101.79,30.17,23.60,0.88,5,-1,-1
127,171,1158.78,34.96,33.06,13.07,0.74,4,-1,-1
127,173,967.62,287.11,11.94,23.56,0.54,1,-1,-1
127,84,1084.87,271.28,11.93,23.36,0.80,1,-1,-1
127,177,35.47,104.73,33.74,19.47,0.63,4,-1,-1
127,190,469.20,16.04,72.37,39.22,0.45,6,-1,-1
127,172,1259.14,82.27,22.43,19.82,0.64,4,-1,-1
127,195,1278.18,68.65,37.64,15.82,0.78,4,-1,-1
127,199,1296.79,68.74,35.57,15.22,0.29,4,-1,-1
127,124,55.08,119.58,47.50,21.85,0.93,4,-1,-1
127,75,537.20,264.44,13.57,26.82,0.80,1,-1,-1
127,201,1271.78,122.18,32.25,22.01,0.33,4,-1,-1
127,202,1313.72,86.58,25.24,17.20,0.96,4,-1,-1
127,203,1314.52,75.35,33.02,13.44,0.91,4,-1,-1
127,182,1167.04,110.41,10.25,18.77,0.48,1,-1,-1
127,204,390.29,132.13,23.92,15.80,0.47,10,-1,-1
127,205,479.00,473.22,13.69,32.93,0.62,1,-1,-1
127,206,1316.87,50.86,21.02,13.03,0.84,4,-1,-1
127,208,1341.89,90.77,17.77,18.04,0.71,4,-1,-1
127,151,1236.51,46.78,34.96,14.93,0.58,4,-1,-1
127,160,1158.38,30.34,34.17,12.78,0.67,4,-1,-1
127,209,1333.93,53.87,22.53,13.32,0.65,4,-1,-1
127,210,1331.60,80.42,24.02,13.77,0.64,4,-1,-1
127,159,1181.49,55.81,29.43,16.64,0.62,4,-1,-1
127,50,480.13,483.66,14.54,32.98,0.73,1,-1,-1
127,213,1162.68,109.96,9.06,18.13,0.23,1,-1,-1
127,161,1161.82,37.16,32.56,13.59,0.23,4,-1,-1
127,165,1230.92,43.65,34.07,15.02,0.65,4,-1,-1
127,220,476.84,470.87,14.51,32.44,0.69,1,-1,-1
127,139,1006.57,9.65,18.80,18.11,0.55,4,-1,-1
127,115,582.32,136.03,13.76,21.72,0.62,1,-1,-1
128,18,1157.75,492.69,105.34,50.93,0.99,4,-1,-1
128,23,1141.34,465.84,102.53,44.21,0.99,4,-1,-1
128,24,477.82,500.45,17.06,33.59,0.96,1,-1,-1
128,25,527.25,492.46,14.51,35.85,0.98,1,-1,-1
128,26,503.40,490.88,14.52,34.88,0.98,1,-1,-1
128,28,492.06,490.32,14.21,33.88,0.92,1,-1,-1
128,31,316.67,469.09,103.63,42.72,0.99,4,-1,-1
128,39,505.31,459.73,15.39,33.33,0.98,1,-1,-1
128,42,338.47,437.11,95.64,39.40,0.99,4,-1,-1
128,47,1093.00,386.18,88.64,44.17,1.00,4,-1,-1
128,48,359.11,402.58,92.24,38.84,1.00,4,-1,-1
128,54,536.71,528.97,54.63,79.16,0.99,4,-1,-1
128,55,1064.72,351.97,69.99,32.54,1.00,4,-1,-1
128,38,471.29,466.49,14.73,35.38,0.84,1,-1,-1
128,59,699.21,350.92,74.80,34.07,1.00,4,-1,-1
128,60,393.05,341.94,70.63,36.18,1.00,4,-1,-1
128,61,1052.00,319.66,64.45,31.10,0.98,4,-1,-1
128,63,428.78,289.08,67.32,30.20,0.98,4,-1,-1
128,64,700.72,289.76,61.50,25.25,0.98,4,-1,-1
128,65,707.56,301.65,63.98,30.90,0.99,4,-1,-1
128,66,959.92,287.00,11.94,24.31,0.62,1,-1,-1
128,69,992.02,300.89,15.39,26.16,0.56,1,-1,-1
128,70,1020.15,291.02,63.37,22.42,0.96,4,-1,-1
128,71,1034.58,303.41,67.02,28.45,0.97,4,-1,-1
128,72,1203.51,288.28,71.75,29.35,0.99,4,-1,-1
128,73,432.19,272.79,67.30,27.94,0.97,4,-1,-1
128,74,452.50,248.02,58.16,22.50,0.96,4,-1,-1
128,76,542.72,258.90,34.97,39.59,0.79,4,-1,-1
128,77,686.57,244.91,58.97,24.63,0.98,4,-1,-1
128,78,695.79,260.79,57.24,21.59,0.99,4,-1,-1
128,79,704.17,273.88,55.36,24.82,0.98,4,-1,-1
128,80,957.13,247.29,13.70,24.32,0.93,1,-1,-1
128,81,986.29,249.57,59.96,22.22,0.97,4,-1,-1
128,82,991.21,261.37,62.72,23.72,0.79,4,-1,-1
128,83,1012.61,274.04,54.70,24.02,0.70,4,-1,-1
128,88,710.94,196.76,28.16,27.63,0.96,4,-1,-1
128,89,745.53,198.11,26.46,25.74,0.97,4,-1,-1
128,90,772.28,198.18,27.32,24.88,0.95,4,-1,-1
128,91,803.31,199.14,25.60,26.29,0.98,4,-1,-1
128,92,936.58,198.48,29.01,24.55,0.98,4,-1,-1
128,94,977.17,235.31,12.52,24.56,0.47,1,-1,-1
128,95,966.39,197.99,29.02,26.17,0.99,4,-1,-1
128,98,993.48,200.71,32.48,26.22,0.98,4,-1,-1
128,99,1186.62,198.37,41.10,27.53,0.99,4,-1,-1
128,101,442.31,259.35,60.57,23.01,0.98,4,-1,-1
128,102,682.51,195.44,25.02,25.17,0.96,4,-1,-1
128,104,1100.43,196.69,11.96,24.32,0.68,1,-1,-1
128,105,401.50,324.78,72.96,30.84,0.91,4,-1,-1
128,111,1093.83,270.11,11.94,24.53,0.96,1,-1,-1
128,113,166.08,127.42,50.82,23.39,0.99,4,-1,-1
128,114,305.58,127.23,48.47,21.31,0.99,4,-1,-1
128,116,640.28,135.53,12.86,21.60,0.47,1,-1,-1
128,117,707.86,125.21,43.99,19.73,0.76,4,-1,-1
128,119,975.65,286.97,13.10,24.04,0.76,1,-1,-1
128,123,77.53,105.54,41.72,20.49,0.81,4,-1,-1
128,125,152.19,102.08,42.74,23.01,1.00,4,-1,-1
128,126,540.40,100.57,39.69,22.58,0.50,4,-1,-1
128,129,1164.40,78.17,25.61,20.30,0.92,4,-1,-1
128,130,1215.35,106.30,25.60,22.61,0.99,4,-1,-1
128,131,1237.87,118.95,35.34,23.92,0.98,4,-1,-1
128,132,1240.37,75.07,28.94,20.05,0.97,4,-1,-1
128,134,-0.05,105.30,31.96,21.44,0.68,4,-1,-1
128,135,55.66,104.77,35.73,18.96,0.65,4,-1,-1
128,137,465.49,105.93,24.74,21.06,0.97,4,-1,-1
128,138,730.48,105.26,39.26,20.70,0.88,4,-1,-1
128,142,1101.00,42.13,22.22,18.40,0.99,4,-1,-1
128,143,1142.31,53.77,33.75,17.28,0.91,4,-1,-1
128,144,1146.76,66.20,20.54,21.01,0.95,4,-1,-1
128,145,1166.33,39.98,32.47,15.39,0.91,4,-1,-1
128,147,1174.41,50.41,32.27,16.84,0.95,4,-1,-1
128,148,1191.73,92.91,25.46,20.38,0.93,4,-1,-1
128,149,1188.61,57.96,38.84,18.76,0.98,4,-1,-1
128,150,1231.91,39.91,32.91,15.89,0.84,4,-1,-1
128,153,1249.49,47.91,31.54,15.16,0.82,4,-1,-1
128,154,1264.15,51.67,31.15,14.57,0.48,4,-1,-1
128,155,1268.46,60.92,36.98,16.53,0.63,4,-1,-1
128,156,313.36,101.39,34.44,23.39,0.90,4,-1,-1
128,157,1060.45,15.41,21.84,14.84,0.88,4,-1,-1
128,158,1119.49,11.21,32.46,16.30,0.62,4,-1,-1
128,164,1215.82,28.36,27.31,17.27,0.76,4,-1,-1
128,167,634.18,123.70,45.90,20.55,0.94,4,-1,-1
128,169,224.02,100.43,29.42,24.07,0.83,5,-1,-1
128,171,1159.41,33.61,33.73,13.61,0.27,4,-1,-1
128,173,967.70,286.22,11.94,24.05,0.49,1,-1,-1
128,84,1086.10,270.89,11.93,24.02,0.90,1,-1,-1
128,177,34.36,103.42,34.26,19.93,0.46,4,-1,-1
128,190,468.34,15.13,72.49,38.05,0.42,6,-1,-1
128,172,1259.41,81.52,22.28,19.43,0.88,4,-1,-1
128,195,1279.95,67.79,37.77,15.47,0.73,4,-1,-1
128,199,1298.80,67.55,34.78,15.06,0.50,4,-1,-1
128,124,52.72,118.74,47.74,21.82,0.93,4,-1,-1
128,75,537.10,263.95,13.66,26.90,0.85,1,-1,-1
128,201,1274.02,121.14,31.27,21.82,0.31,4,-1,-1
128,202,1315.25,85.35,24.41,17.27,0.95,4,-1,-1
128,203,1314.47,74.19,33.82,13.66,0.95,4,-1,-1
128,182,1167.27,109.86,10.30,19.62,0.39,1,-1,-1
128,204,388.51,130.76,23.00,16.54,0.64,10,-1,-1
128,205,478.55,473.74,13.67,32.05,0.74,1,-1,-1
128,206,1317.48,49.87,20.60,13.19,0.70,4,-1,-1
128,208,1342.94,89.29,16.08,18.08,0.81,4,-1,-1
128,151,1237.66,45.51,35.66,14.82,0.45,4,-1,-1
128,160,1159.26,29.16,34.15,13.19,0.73,4,-1,-1
128,209,1334.64,52.36,22.34,13.95,0.43,5,-1,-1
128,210,1332.62,79.99,23.92,14.27,0.80,4,-1,-1
128,159,1183.36,55.34,29.10,16.41,0.40,4,-1,-1
128,50,479.29,479.91,14.55,33.76,0.67,1,-1,-1
128,213,1163.14,109.03,9.93,18.98,0.18,1,-1,-1
128,161,1163.79,35.87,31.31,13.29,0.63,4,-1,-1
128,165,1232.57,43.04,34.23,14.51,0.79,4,-1,-1
128,139,1006.16,8.50,19.98,17.92,0.89,4,-1,-1
128,115,581.57,135.08,13.68,21.64,0.62,1,-1,-1
129,18,1158.25,493.98,106.87,50.63,0.99,4,-1,-1
129,23,1143.02,465.96,102.53,45.51,0.99,4,-1,-1
129,24,476.70,501.49,17.65,34.01,0.93,1,-1,-1
129,25,526.85,493.39,14.52,35.90,0.98,1,-1,-1
129,26,503.48,492.01,14.53,35.02,0.98,1,-1,-1
129,28,491.15,490.96,14.43,34.68,0.87,1,-1,-1
129,31,315.92,469.93,103.54,42.77,0.99,4,-1,-1
129,39,504.62,460.48,15.96,33.89,0.98,1,-1,-1
129,42,337.48,437.88,95.99,39.36,0.99,4,-1,-1
129,47,1093.80,386.35,88.80,44.62,0.99,4,-1,-1
129,48,358.76,403.25,91.76,38.63,1.00,4,-1,-1
129,54,535.32,533.74,54.33,80.24,0.99,4,-1,-1
129,55,1065.57,352.11,70.05,32.52,1.00,4,-1,-1
129,38,470.54,466.51,15.17,36.28,0.75,1,-1,-1
129,59,699.29,350.93,75.08,34.17,1.00,4,-1,-1
129,60,392.19,341.96,71.00,36.30,1.00,4,-1,-1
129,61,1053.32,319.39,63.66,31.18,0.98,4,-1,-1
129,63,427.91,288.97,67.47,30.31,0.99,4,-1,-1
129,64,700.93,289.49,61.51,25.52,0.98,4,-1,-1
129,65,707.77,302.00,64.05,30.53,0.99,4,-1,-1
129,66,960.54,286.81,11.95,23.79,0.72,1,-1,-1
129,69,992.88,300.14,15.40,26.65,0.58,1,-1,-1
129,70,1021.03,290.91,63.29,22.00,0.95,4,-1,-1
129,71,1035.56,303.16,66.76,28.55,0.98,4,-1,-1
129,72,1204.62,288.12,71.77,29.44,0.99,4,-1,-1
129,73,431.59,272.56,68.04,28.14,0.97,4,-1,-1
129,74,452.90,247.91,57.03,22.33,0.97,4,-1,-1
129,76,542.54,258.94,35.03,39.44,0.88,4,-1,-1
129,77,686.52,244.46,58.97,24.74,0.98,4,-1,-1
129,78,695.90,260.89,57.21,21.43,0.99,4,-1,-1
129,79,704.91,273.64,54.93,24.82,0.98,4,-1,-1
129,80,957.97,246.66,13.70,24.61,0.94,1,-1,-1
129,81,986.97,249.14,59.92,22.25,0.97,4,-1,-1
129,82,992.02,260.92,61.97,23.60,0.73,4,-1,-1
129,83,1013.42,273.42,54.66,23.70,0.66,4,-1,-1
129,88,710.87,196.13,28.20,27.52,0.97,4,-1,-1
129,89,745.76,197.63,26.47,25.54,0.98,4,-1,-1
129,90,772.92,197.54,26.76,24.81,0.96,4,-1,-1
129,91,803.49,198.56,25.61,26.42,0.98,4,-1,-1
129,92,937.33,197.91,29.02,24.70,0.99,4,-1,-1
129,94,978.43,234.67,12.09,24.38,0.27,1,-1,-1
129,95,966.65,197.46,29.03,26.24,0.99,4,-1,-1
129,98,993.88,200.14,32.50,26.05,0.99,4,-1,-1
129,99,1188.11,197.67,41.01,27.61,0.98,4,-1,-1
129,101,441.83,258.94,60.67,23.07,0.98,4,-1,-1
129,102,682.62,194.89,24.82,25.19,0.95,4,-1,-1
129,104,1101.87,196.32,11.93,24.00,0.67,1,-1,-1
129,105,401.14,324.66,72.75,30.57,0.96,4,-1,-1
129,111,1095.31,269.86,11.94,24.98,0.96,1,-1,-1
129,113,163.39,126.75,50.12,22.94,0.98,4,-1,-1
129,114,302.82,126.86,48.04,20.91,0.97,4,-1,-1
129,116,639.46,134.42,13.94,21.85,0.41,1,-1,-1
129,117,705.86,124.47,44.83,20.10,0.79,4,-1,-1
129,119,976.01,286.69,12.37,23.94,0.75,1,-1,-1
129,123,77.37,104.55,40.65,20.51,0.88,4,-1,-1
129,125,151.52,101.16,42.59,22.87,1.00,4,-1,-1
129,126,540.40,99.95,39.40,22.30,0.33,4,-1,-1
129,129,1165.27,77.14,25.61,20.32,0.88,4,-1,-1
129,130,1215.31,105.52,26.74,22.78,0.98,4,-1,-1
129,131,1238.69,117.72,34.64,24.33,0.98,4,-1,-1
129,132,1241.79,74.19,27.88,19.87,0.98,4,-1,-1
129,134,-0.18,104.79,30.93,20.95,0.67,4,-1,-1
129,135,54.67,103.93,35.61,19.12,0.76,4,-1,-1
129,137,464.96,105.16,24.77,21.16,0.89,4,-1,-1
129,138,730.78,104.28,39.26,20.70,0.90,4,-1,-1
129,142,1100.93,41.21,23.35,18.65,0.99,4,-1,-1
129,143,1143.30,52.78,34.02,17.16,0.89,4,-1,-1
129,144,1147.41,65.36,20.54,20.97,0.92,4,-1,-1
129,145,1166.99,38.39,32.46,15.88,0.92,4,-1,-1
129,147,1175.38,49.66,32.42,18.10,0.95,4,-1,-1
129,148,1192.60,91.94,25.57,20.72,0.94,4,-1,-1
129,149,1190.20,56.91,38.09,18.67,0.97,4,-1,-1
129,150,1230.47,38.10,34.88,16.24,0.84,4,-1,-1
129,153,1250.06,46.62,32.12,15.24,0.79,4,-1,-1
129,154,1265.69,51.06,32.03,14.37,0.65,4,-1,-1
129,155,1269.94,59.39,37.36,16.48,0.55,4,-1,-1
129,156,313.13,100.91,32.92,23.07,0.92,4,-1,-1
129,157,1060.58,13.36,21.03,14.89,0.80,4,-1,-1
129,158,1122.23,10.62,31.41,16.01,0.61,4,-1,-1
129,164,1215.91,27.39,28.45,17.07,0.77,4,-1,-1
129,167,632.56,122.74,46.05,20.96,0.80,4,-1,-1
129,169,223.19,99.49,29.15,23.72,0.64,5,-1,-1
129,171,1159.60,29.16,33.99,13.14,0.60,4,-1,-1
129,173,968.24,285.01,11.95,24.24,0.44,1,-1,-1
129,84,1087.06,271.38,11.93,23.44,0.90,1,-1,-1
129,177,33.30,102.66,34.34,19.92,0.56,4,-1,-1
129,190,468.18,14.21,73.12,36.66,0.49,6,-1,-1
129,172,1260.62,80.24,22.22,19.71,0.86,4,-1,-1
129,195,1280.58,66.70,37.81,15.62,0.82,4,-1,-1
129,199,1306.37,68.80,35.59,14.64,0.51,4,-1,-1
129,124,50.40,118.33,47.54,21.24,0.93,4,-1,-1
129,75,536.97,263.63,13.69,27.21,0.87,1,-1,-1
129,201,1274.25,120.32,32.05,22.33,0.60,4,-1,-1
129,202,1315.80,84.31,25.24,17.15,0.96,4,-1,-1
129,203,1314.99,72.86,34.12,14.30,0.94,4,-1,-1
129,182,1166.77,108.74,10.32,19.25,0.18,1,-1,-1
129,204,385.14,130.33,24.29,16.53,0.83,10,-1,-1
129,205,476.89,474.36,14.81,32.88,0.72,1,-1,-1
129,206,1317.67,49.10,21.62,12.90,0.83,4,-1,-1
129,208,1343.87,88.26,15.48,17.95,0.78,4,-1,-1
129,160,1158.98,28.69,35.29,13.45,0.67,4,-1,-1
129,209,1334.86,50.82,22.27,14.23,0.36,4,-1,-1
129,210,1333.55,79.14,23.88,14.38,0.72,4,-1,-1
129,159,1184.53,55.33,30.14,16.53,0.70,4,-1,-1
129,50,477.77,478.96,15.11,34.61,0.32,1,-1,-1
129,161,1165.64,35.87,32.01,14.32,0.69,4,-1,-1
129,165,1232.09,41.22,34.28,14.83,0.57,4,-1,-1
129,139,1006.00,7.22,20.37,18.53,0.58,4,-1,-1
129,115,580.67,134.51,14.23,21.19,0.59,1,-1,-1
129,221,1173.97,48.19,30.74,17.50,0.61,4,-1,-1
129,222,1215.80,27.08,29.03,17.02,0.71,4,-1,-1
129,179,390.48,123.90,14.06,20.09,0.64,2,-1,-1
129,183,1182.01,53.88,29.74,17.30,0.83,4,-1,-1
129,198,1168.09,42.09,32.08,14.99,0.83,4,-1,-1
130,18,1158.83,495.78,107.42,50.50,0.99,4,-1,-1
130,23,1144.06,467.33,101.37,44.88,1.00,4,-1,-1
130,24,476.35,504.01,17.31,33.04,0.92,1,-1,-1
130,25,526.45,494.75,14.52,35.91,0.97,1,-1,-1
130,26,503.57,493.45,14.52,35.06,0.97,1,-1,-1
130,28,490.86,492.22,13.95,33.85,0.91,1,-1,-1
130,31,314.64,471.54,103.75,42.77,0.99,4,-1,-1
130,39,504.70,462.07,15.06,33.53,0.96,1,-1,-1
130,42,336.51,438.91,96.66,39.34,0.99,4,-1,-1
130,47,1095.10,387.34,88.83,45.06,0.99,4,-1,-1
130,48,358.03,404.41,91.68,38.39,0.99,4,-1,-1
130,54,533.48,538.96,54.73,81.16,1.00,4,-1,-1
130,55,1066.33,352.83,70.05,32.78,1.00,4,-1,-1
130,38,470.05,468.10,15.32,36.60,0.79,1,-1,-1
130,59,699.30,352.00,75.16,34.20,0.99,4,-1,-1
130,60,391.11,342.75,71.68,36.62,0.99,4,-1,-1
130,61,1053.70,320.10,64.47,31.20,0.99,4,-1,-1
130,63,427.38,289.73,67.51,30.06,0.98,4,-1,-1
130,64,701.00,290.06,61.49,25.33,0.98,4,-1,-1
130,65,707.84,302.37,64.05,30.66,0.99,4,-1,-1
130,66,960.68,286.99,11.95,23.87,0.70,1,-1,-1
130,69,993.68,300.81,15.40,26.27,0.54,1,-1,-1
130,70,1021.83,291.54,63.24,22.13,0.96,4,-1,-1
130,71,1036.38,303.89,66.64,28.59,0.98,4,-1,-1
130,72,1205.44,288.88,71.75,29.18,0.98,4,-1,-1
130,73,431.03,273.14,68.16,28.21,0.96,4,-1,-1
130,74,452.28,248.26,57.72,22.26,0.98,4,-1,-1
130,76,542.80,259.64,34.47,38.80,0.63,4,-1,-1
130,77,686.79,244.83,58.95,24.77,0.98,4,-1,-1
130,78,695.94,261.04,57.19,21.65,0.98,4,-1,-1
130,79,704.90,273.95,54.75,24.52,0.98,4,-1,-1
130,80,959.31,246.85,13.70,24.16,0.96,1,-1,-1
130,81,987.69,249.53,59.88,22.26,0.98,4,-1,-1
130,82,992.23,261.44,62.79,23.82,0.79,4,-1,-1
130,83,1014.19,273.73,54.63,23.86,0.71,4,-1,-1
130,88,711.12,196.24,28.20,27.83,0.97,4,-1,-1
130,89,745.55,197.74,27.03,25.74,0.98,4,-1,-1
130,90,772.84,197.79,27.11,24.84,0.96,4,-1,-1
130,91,803.24,198.70,26.18,26.68,0.98,4,-1,-1
130,92,936.96,198.05,30.15,24.83,0.99,4,-1,-1
130,94,980.52,234.42,11.94,24.31,0.36,1,-1,-1
130,95,966.66,197.54,30.16,26.26,0.99,4,-1,-1
130,98,995.07,200.50,31.37,25.84,0.99,4,-1,-1
130,99,1188.52,197.78,42.10,28.13,0.99,4,-1,-1
130,101,441.16,259.47,61.25,23.09,0.99,4,-1,-1
130,102,682.95,195.18,24.75,25.12,0.96,4,-1,-1
130,104,1102.29,197.19,11.92,23.59,0.74,1,-1,-1
130,105,400.25,325.84,73.50,30.17,0.96,4,-1,-1
130,111,1096.29,270.72,11.94,24.58,0.98,1,-1,-1
130,113,159.80,126.86,50.70,22.75,0.97,4,-1,-1
130,114,300.15,127.09,47.86,20.75,0.96,4,-1,-1
130,116,639.74,134.52,13.22,21.80,0.22,1,-1,-1
130,117,704.03,124.78,45.13,20.09,0.83,4,-1,-1
130,119,976.05,287.13,13.22,24.47,0.82,1,-1,-1
130,123,76.92,104.48,40.47,20.80,0.90,4,-1,-1
130,125,151.02,101.16,42.52,22.85,1.00,4,-1,-1
130,126,539.59,100.03,39.85,22.40,0.38,4,-1,-1
130,129,1165.46,77.19,25.61,20.32,0.95,4,-1,-1
130,130,1216.27,105.62,26.04,22.98,0.99,4,-1,-1
130,131,1239.43,117.51,34.35,24.62,0.98,4,-1,-1
130,132,1242.19,74.65,28.61,19.30,0.98,4,-1,-1
130,134,-0.02,104.93,30.23,20.65,0.54,4,-1,-1
130,135,54.16,103.95,35.62,19.29,0.72,4,-1,-1
130,137,465.11,105.28,24.21,20.88,0.93,4,-1,-1
130,138,730.60,104.26,39.82,20.94,0.95,4,-1,-1
130,142,1101.35,41.10,23.77,19.16,0.99,4,-1,-1
130,143,1144.66,53.09,32.98,16.95,0.86,4,-1,-1
130,144,1148.66,65.31,19.40,20.81,0.95,4,-1,-1
130,145,1167.68,38.04,32.44,15.81,0.92,4,-1,-1
130,147,1177.88,50.47,31.34,18.53,0.93,4,-1,-1
130,148,1193.35,92.11,25.60,20.64,0.96,4,-1,-1
130,149,1190.70,57.08,37.77,18.42,0.97,4,-1,-1
130,150,1229.81,37.59,35.59,16.43,0.78,4,-1,-1
130,153,1248.99,46.04,32.32,15.64,0.78,4,-1,-1
130,154,1266.11,51.15,33.47,14.40,0.43,4,-1,-1
130,155,1269.17,59.19,36.33,16.60,0.20,4,-1,-1
130,156,312.88,101.33,32.34,22.52,0.91,4,-1,-1
130,157,1059.48,12.46,20.69,14.94,0.79,4,-1,-1
130,158,1123.18,10.19,30.99,15.97,0.76,4,-1,-1
130,164,1216.93,27.28,27.75,16.88,0.60,4,-1,-1
130,167,630.90,122.97,46.10,20.97,0.90,4,-1,-1
130,169,222.88,99.34,29.04,23.61,0.77,5,-1,-1
130,171,1159.55,28.93,34.08,13.17,0.71,4,-1,-1
130,173,968.36,285.37,11.94,24.59,0.51,1,-1,-1
130,84,1088.41,272.66,11.93,22.91,0.92,1,-1,-1
130,177,32.91,102.36,34.77,20.02,0.59,4,-1,-1
130,190,467.91,13.86,73.33,36.18,0.47,6,-1,-1
130,172,1261.50,79.56,22.20,20.59,0.96,4,-1,-1
130,195,1281.23,66.60,38.93,15.89,0.76,4,-1,-1
130,199,1307.88,69.22,37.00,14.62,0.43,4,-1,-1
130,124,48.22,118.54,47.87,21.30,0.96,4,-1,-1
130,75,536.97,264.04,13.70,27.32,0.65,1,-1,-1
130,201,1274.74,119.99,32.32,22.80,0.65,4,-1,-1
130,202,1316.40,84.11,25.53,17.38,0.96,4,-1,-1
130,203,1315.01,72.60,35.34,14.47,0.95,4,-1,-1
130,204,382.36,130.38,23.11,16.37,0.67,10,-1,-1
130,205,476.89,475.60,14.12,32.60,0.64,1,-1,-1
130,206,1318.15,48.86,23.11,13.22,0.77,4,-1,-1
130,208,1344.02,88.18,15.29,18.10,0.73,4,-1,-1
130,160,1159.87,27.74,34.58,12.70,0.64,4,-1,-1
130,209,1335.90,50.66,21.09,14.40,0.20,4,-1,-1
130,210,1333.71,79.17,23.87,14.35,0.73,4,-1,-1
130,50,478.65,486.05,14.76,32.12,0.33,1,-1,-1
130,161,1166.19,35.93,32.25,14.07,0.60,4,-1,-1
130,165,1232.36,40.40,34.28,15.09,0.56,4,-1,-1
130,139,1006.41,7.06,20.50,18.91,0.71,4,-1,-1
130,115,580.38,134.52,13.86,21.29,0.54,1,-1,-1
130,179,387.34,124.36,14.68,20.22,0.36,2,-1,-1
130,183,1182.29,53.91,29.12,16.77,0.71,4,-1,-1
130,198,1167.85,40.84,32.43,15.74,0.90,4,-1,-1
130,223,542.16,259.13,35.01,39.70,0.63,4,-1,-1
131,18,1158.49,497.03,109.87,51.58,0.99,4,-1,-1
131,23,1145.02,468.98,102.06,45.19,1.00,4,-1,-1
131,24,475.69,505.49,17.17,33.23,0.93,1,-1,-1
131,25,526.34,496.64,14.52,35.91,0.98,1,-1,-1
131,26,503.64,495.08,14.52,35.07,0.94,1,-1,-1
131,28,490.23,493.22,14.32,34.65,0.92,1,-1,-1
131,31,313.22,473.23,104.67,42.78,0.99,4,-1,-1
131,39,504.50,463.49,14.69,33.39,0.96,1,-1,-1
131,42,335.92,439.82,96.90,39.90,0.99,4,-1,-1
131,47,1096.17,388.86,88.84,45.23,0.99,4,-1,-1
131,48,357.24,405.51,91.64,38.45,1.00,4,-1,-1
131,54,530.89,544.98,55.97,82.04,1.00,4,-1,-1
131,55,1067.20,354.10,70.05,32.88,0.99,4,-1,-1
131,38,469.62,469.79,15.38,36.16,0.79,1,-1,-1
131,59,699.63,353.25,75.19,33.64,0.99,4,-1,-1
131,60,390.62,343.87,71.51,36.46,0.99,4,-1,-1
131,61,1054.43,321.66,64.77,30.64,0.97,4,-1,-1
131,63,427.09,290.57,67.94,30.25,0.99,4,-1,-1
131,64,700.78,291.12,62.05,24.70,0.99,4,-1,-1
131,65,707.62,303.36,64.62,30.72,0.99,4,-1,-1
131,66,960.77,287.37,11.94,24.18,0.61,1,-1,-1
131,69,994.57,301.38,15.39,26.12,0.45,1,-1,-1
131,70,1022.73,292.08,63.22,22.46,0.96,4,-1,-1
131,71,1036.71,304.46,67.73,29.17,0.97,4,-1,-1
131,72,1205.78,289.63,72.87,29.65,0.98,4,-1,-1
131,73,430.87,273.92,68.19,27.95,0.97,4,-1,-1
131,74,452.66,248.67,57.41,22.24,0.97,4,-1,-1
131,76,542.10,259.61,35.39,39.70,0.82,4,-1,-1
131,77,686.93,245.69,58.94,24.50,0.99,4,-1,-1
131,78,695.42,261.23,57.75,21.73,0.99,4,-1,-1
131,79,704.65,274.49,55.25,24.98,0.98,4,-1,-1
131,80,960.41,247.25,13.69,23.41,0.95,1,-1,-1
131,81,988.56,250.41,59.85,22.26,0.95,4,-1,-1
131,82,992.91,262.08,63.10,23.91,0.73,4,-1,-1
131,83,1014.50,274.72,55.76,23.92,0.78,4,-1,-1
131,88,711.26,196.79,28.20,27.73,0.97,4,-1,-1
131,89,746.08,198.07,26.68,25.81,0.98,4,-1,-1
131,90,772.86,198.32,27.24,25.00,0.96,4,-1,-1
131,91,803.76,199.04,26.39,26.63,0.98,4,-1,-1
131,92,937.43,198.48,30.57,24.94,0.99,4,-1,-1
131,94,981.86,235.20,11.89,24.01,0.20,1,-1,-1
131,95,967.27,197.88,29.46,26.41,0.99,4,-1,-1
131,98,994.99,200.95,32.07,26.04,0.99,4,-1,-1
131,99,1189.28,198.27,42.51,28.19,0.99,4,-1,-1
131,101,440.40,260.08,61.47,23.09,0.98,4,-1,-1
131,102,682.54,195.51,25.29,25.16,0.96,4,-1,-1
131,104,1103.05,197.68,11.92,24.74,0.74,1,-1,-1
131,105,400.11,326.83,73.07,29.74,0.98,4,-1,-1
131,111,1097.24,272.18,11.94,24.99,0.98,1,-1,-1
131,113,156.92,126.89,50.92,23.11,0.98,4,-1,-1
131,114,297.87,127.38,48.08,20.70,0.98,4,-1,-1
131,116,639.33,134.13,14.07,22.06,0.53,1,-1,-1
131,117,702.05,125.05,45.81,19.95,0.75,4,-1,-1
131,119,976.11,287.45,13.52,24.67,0.72,1,-1,-1
131,123,76.29,104.68,40.72,21.01,0.90,4,-1,-1
131,125,150.62,101.18,42.64,23.02,1.00,4,-1,-1
131,126,539.63,100.03,40.02,22.55,0.37,4,-1,-1
131,129,1166.16,77.35,25.61,20.04,0.94,4,-1,-1
131,130,1217.83,105.80,25.76,23.16,0.99,4,-1,-1
131,131,1240.33,117.97,34.23,24.59,0.98,4,-1,-1
131,132,1242.96,74.83,28.88,19.23,0.97,4,-1,-1
131,134,0.01,105.03,29.75,20.97,0.41,4,-1,-1
131,135,53.26,103.98,34.77,19.25,0.83,4,-1,-1
131,137,465.23,105.44,24.00,20.88,0.94,4,-1,-1
131,138,730.58,104.38,40.03,20.93,0.94,4,-1,-1
131,142,1102.12,41.39,23.92,18.85,0.99,4,-1,-1
131,143,1145.21,53.40,33.73,16.75,0.88,4,-1,-1
131,144,1149.77,65.64,18.96,20.82,0.96,4,-1,-1
131,145,1167.44,38.01,33.57,16.10,0.89,4,-1,-1
131,147,1178.32,50.56,30.92,18.59,0.97,4,-1,-1
131,148,1193.69,92.22,25.61,20.68,0.95,4,-1,-1
131,149,1193.23,57.90,36.52,18.40,0.97,4,-1,-1
131,150,1229.63,37.82,35.86,16.70,0.84,4,-1,-1
131,153,1248.64,46.12,33.53,15.79,0.83,4,-1,-1
131,154,1266.33,51.42,34.01,14.50,0.49,4,-1,-1
131,155,1268.94,58.60,34.80,16.36,0.19,4,-1,-1
131,156,312.42,101.40,32.98,22.68,0.95,4,-1,-1
131,157,1059.18,11.81,20.57,14.87,0.80,4,-1,-1
131,158,1124.17,10.58,30.83,15.90,0.73,4,-1,-1
131,164,1217.97,27.82,27.47,17.06,0.71,4,-1,-1
131,167,629.27,123.07,46.11,21.11,0.94,4,-1,-1
131,169,222.42,99.52,29.29,23.39,0.82,5,-1,-1
131,171,1160.16,29.03,34.11,13.29,0.63,4,-1,-1
131,173,969.00,285.82,11.94,25.00,0.42,1,-1,-1
131,84,1090.06,274.00,11.93,23.00,0.95,1,-1,-1
131,177,32.23,102.65,35.12,19.84,0.49,4,-1,-1
131,190,467.88,13.49,73.41,37.57,0.57,6,-1,-1
131,172,1261.33,79.32,23.32,20.85,0.95,4,-1,-1
131,195,1282.10,67.17,39.33,15.71,0.68,4,-1,-1
131,199,1314.59,68.60,34.19,13.77,0.15,4,-1,-1
131,124,45.56,118.87,48.56,21.33,0.96,4,-1,-1
131,75,536.74,264.62,13.70,27.36,0.78,1,-1,-1
131,201,1276.10,120.19,31.29,22.70,0.72,4,-1,-1
131,202,1317.81,84.27,24.51,17.26,0.95,4,-1,-1
131,203,1316.20,72.48,34.68,14.47,0.93,4,-1,-1
131,204,379.48,130.38,22.60,16.59,0.94,10,-1,-1
131,205,476.11,476.88,14.40,32.50,0.58,1,-1,-1
131,206,1318.94,48.91,23.68,13.40,0.68,4,-1,-1
131,208,1345.29,88.41,14.06,18.09,0.72,4,-1,-1
131,160,1160.28,27.27,34.30,12.48,0.58,4,-1,-1
131,210,1334.40,79.20,22.72,14.76,0.58,4,-1,-1
131,50,478.20,489.35,15.19,33.46,0.48,1,-1,-1
131,161,1165.88,35.67,33.49,14.24,0.50,4,-1,-1
131,139,1006.64,8.12,20.55,18.03,0.64,4,-1,-1
131,115,580.07,135.03,13.72,21.19,0.35,1,-1,-1
131,179,384.91,124.80,13.78,19.42,0.82,2,-1,-1
131,183,1181.27,53.49,30.10,16.67,0.62,4,-1,-1
131,198,1167.84,41.23,33.68,15.57,0.90,4,-1,-1
131,159,1187.60,57.01,34.61,16.73,0.85,4,-1,-1
132,18,1159.98,498.52,109.67,51.97,1.00,4,-1,-1
132,23,1146.45,470.63,103.46,44.72,1.00,4,-1,-1
132,24,475.17,507.13,17.12,33.86,0.97,1,-1,-1
132,25,526.29,498.44,14.52,35.91,0.97,1,-1,-1
132,26,503.94,496.50,14.52,35.06,0.97,1,-1,-1
132,28,489.71,494.41,14.47,34.95,0.93,1,-1,-1
132,31,311.86,474.98,105.29,42.76,0.98,4,-1,-1
132,39,503.86,464.84,15.13,33.90,0.97,1,-1,-1
132,42,335.00,440.99,96.99,40.65,0.99,4,-1,-1
132,47,1097.08,389.91,88.84,45.28,0.99,4,-1,-1
132,48,355.95,406.62,92.62,38.88,0.99,4,-1,-1
132,54,528.27,550.75,57.55,83.45,0.99,4,-1,-1
132,55,1068.03,355.35,70.05,32.07,0.99,4,-1,-1
132,38,468.90,471.53,15.40,35.98,0.82,1,-1,-1
132,59,699.72,354.10,75.20,33.70,0.99,4,-1,-1
132,60,390.14,345.00,71.44,36.10,0.99,4,-1,-1
132,61,1055.21,322.46,64.89,30.42,0.98,4,-1,-1
132,63,426.54,291.16,67.68,30.31,0.99,4,-1,-1
132,64,700.66,291.92,62.26,24.73,0.99,4,-1,-1
132,65,707.22,303.98,65.39,31.30,0.98,4,-1,-1
132,66,961.30,287.46,11.95,24.30,0.57,1,-1,-1
132,69,994.84,301.81,15.39,26.06,0.67,1,-1,-1
132,70,1023.57,292.79,63.21,22.30,0.97,4,-1,-1
132,71,1037.34,304.89,68.14,29.38,0.96,4,-1,-1
132,72,1206.97,290.25,73.29,29.82,0.98,4,-1,-1
132,73,430.65,274.49,67.78,28.12,0.98,4,-1,-1
132,74,451.93,249.25,57.86,22.22,0.99,4,-1,-1
132,76,541.80,259.88,35.18,40.02,0.68,4,-1,-1
132,77,686.65,246.27,59.50,24.68,0.99,4,-1,-1
132,78,694.89,261.42,58.52,22.32,0.98,4,-1,-1
132,79,704.51,275.37,55.44,25.14,0.97,4,-1,-1
132,80,961.32,247.36,13.69,22.85,0.92,1,-1,-1
132,81,988.83,250.82,59.84,21.97,0.97,4,-1,-1
132,82,993.67,262.68,63.21,23.93,0.82,4,-1,-1
132,83,1015.68,275.59,55.06,23.36,0.79,4,-1,-1
132,88,711.26,197.26,28.20,27.97,0.97,4,-1,-1
132,89,746.22,198.67,26.54,25.77,0.97,4,-1,-1
132,90,773.09,198.84,27.29,24.99,0.97,4,-1,-1
132,91,803.61,199.50,26.47,26.82,0.99,4,-1,-1
132,92,937.55,198.74,30.73,25.12,0.99,4,-1,-1
132,94,982.26,235.74,11.88,24.47,0.35,1,-1,-1
132,95,966.87,198.18,30.32,26.25,0.99,4,-1,-1
132,98,995.47,201.56,32.33,25.76,0.99,4,-1,-1
132,99,1189.50,198.60,42.66,27.99,0.99,4,-1,-1
132,101,439.80,260.45,62.10,23.93,0.99,4,-1,-1
132,102,682.90,196.11,24.93,25.11,0.97,4,-1,-1
132,104,1103.83,197.94,11.92,24.32,0.80,1,-1,-1
132,105,399.19,327.90,73.76,29.85,0.97,4,-1,-1
132,111,1098.64,273.21,11.94,25.42,0.97,1,-1,-1
132,113,153.85,127.23,51.00,23.37,0.98,4,-1,-1
132,114,294.80,127.65,48.17,20.68,0.98,4,-1,-1
132,116,639.41,134.62,13.82,22.02,0.44,1,-1,-1
132,117,700.18,125.28,44.94,19.74,0.75,4,-1,-1
132,119,976.63,287.80,13.64,24.74,0.70,1,-1,-1
132,123,75.39,104.75,40.89,21.08,0.92,4,-1,-1
132,125,149.73,101.59,42.82,22.87,1.00,4,-1,-1
132,126,539.59,100.11,40.09,22.74,0.44,4,-1,-1
132,129,1166.91,77.57,25.61,19.86,0.96,4,-1,-1
132,130,1218.34,105.97,25.66,22.70,0.99,4,-1,-1
132,131,1240.59,118.00,35.33,24.71,0.98,4,-1,-1
132,132,1243.73,74.76,27.86,19.27,0.97,4,-1,-1
132,134,-0.07,105.45,29.20,20.69,0.50,4,-1,-1
132,135,52.04,104.33,34.71,19.23,0.90,4,-1,-1
132,137,465.23,105.40,23.92,21.05,0.93,4,-1,-1
132,138,730.51,104.44,40.11,20.96,0.90,4,-1,-1
132,142,1103.45,41.55,23.98,18.68,0.99,4,-1,-1
132,143,1145.88,53.49,34.01,16.53,0.86,4,-1,-1
132,144,1150.67,65.82,18.81,20.82,0.98,4,-1,-1
132,145,1167.28,37.55,33.99,15.85,0.90,4,-1,-1
132,147,1178.40,50.50,31.91,18.09,0.94,4,-1,-1
132,148,1194.31,92.33,25.62,20.69,0.95,4,-1,-1
132,149,1191.25,57.16,38.34,18.88,0.98,4,-1,-1
132,150,1230.04,37.48,35.95,16.42,0.71,4,-1,-1
132,153,1250.10,46.41,31.75,15.71,0.74,4,-1,-1
132,154,1267.44,51.49,34.21,14.88,0.58,4,-1,-1
132,155,1271.70,59.63,41.24,16.98,0.49,4,-1,-1
132,156,312.06,101.82,32.37,22.24,0.94,4,-1,-1
132,157,1057.91,11.28,20.52,14.74,0.88,4,-1,-1
132,158,1123.88,10.35,30.77,15.59,0.81,4,-1,-1
132,164,1218.28,27.69,27.37,17.41,0.62,4,-1,-1
132,167,627.25,123.38,46.12,20.74,0.94,4,-1,-1
132,169,221.93,99.88,29.67,23.34,0.69,5,-1,-1
132,171,1160.31,29.23,35.26,13.33,0.64,4,-1,-1
132,173,969.18,285.79,11.95,25.43,0.43,1,-1,-1
132,84,1091.73,274.97,11.94,23.03,0.89,1,-1,-1
132,177,31.66,103.12,34.67,19.76,0.45,4,-1,-1
132,190,468.09,13.24,72.88,37.85,0.68,6,-1,-1
132,172,1261.75,79.16,23.74,20.80,0.95,4,-1,-1
132,195,1282.92,66.45,40.59,16.20,0.55,4,-1,-1
132,199,1314.21,67.33,31.88,12.93,0.18,4,-1,-1
132,124,43.57,119.12,47.90,21.33,0.96,4,-1,-1
132,75,536.61,265.39,13.70,27.08,0.91,1,-1,-1
132,201,1276.52,120.33,32.05,22.65,0.77,4,-1,-1
132,202,1318.84,84.40,24.11,17.28,0.95,4,-1,-1
132,203,1316.57,72.47,34.40,14.53,0.92,4,-1,-1
132,204,376.03,130.68,23.25,16.67,0.94,10,-1,-1
132,205,476.11,478.45,14.50,32.46,0.68,1,-1,-1
132,206,1319.17,48.84,23.89,13.48,0.73,4,-1,-1
132,208,1345.66,88.40,13.64,18.22,0.75,4,-1,-1
132,160,1160.92,27.44,34.20,12.54,0.50,4,-1,-1
132,210,1334.57,79.07,22.29,14.84,0.56,4,-1,-1
132,50,478.03,490.79,14.79,33.36,0.56,1,-1,-1
132,161,1165.13,35.12,33.95,13.99,0.51,4,-1,-1
132,139,1007.21,8.48,19.44,17.79,0.56,4,-1,-1
132,115,579.07,134.87,14.24,21.72,0.40,1,-1,-1
132,179,381.61,125.05,13.71,19.98,0.80,2,-1,-1
132,183,1174.58,48.86,32.73,17.56,0.60,4,-1,-1
132,198,1167.77,41.20,34.14,16.28,0.91,4,-1,-1
132,224,1127.01,12.20,29.03,14.67,0.61,4,-1,-1
132,225,1130.42,95.68,10.25,18.62,0.64,1,-1,-1
132,226,1218.36,27.67,27.32,17.50,0.70,5,-1,-1
132,151,1238.18,43.68,35.92,14.66,0.81,4,-1,-1
132,165,1233.21,39.69,34.25,15.53,0.72,4,-1,-1
133,18,1162.36,500.82,109.60,51.56,0.99,4,-1,-1
133,23,1147.10,472.14,105.13,45.12,0.99,4,-1,-1
133,24,474.41,508.65,17.67,34.66,0.96,1,-1,-1
133,25,526.00,500.30,14.52,36.48,0.97,1,-1,-1
133,26,504.05,497.94,14.52,35.63,0.98,1,-1,-1
133,28,488.68,495.76,15.08,34.50,0.95,1,-1,-1
133,31,311.18,476.54,105.54,43.32,0.99,4,-1,-1
133,39,503.34,466.53,15.30,33.54,0.98,1,-1,-1
133,42,334.21,442.62,96.75,40.39,0.99,4,-1,-1
133,47,1098.09,391.05,88.86,45.30,0.99,4,-1,-1
133,48,355.16,407.93,92.72,38.76,1.00,4,-1,-1
133,54,526.20,556.81,57.60,84.53,0.99,4,-1,-1
133,55,1069.01,356.71,70.06,31.75,0.99,4,-1,-1
133,38,468.62,473.65,15.41,36.49,0.84,1,-1,-1
133,59,700.06,355.17,75.21,33.73,0.99,4,-1,-1
133,60,389.38,345.89,71.70,36.25,0.98,4,-1,-1
133,61,1056.17,323.36,64.94,30.63,0.98,4,-1,-1
133,63,425.89,291.57,68.01,30.90,0.98,4,-1,-1
133,64,700.93,292.53,62.36,24.75,0.99,4,-1,-1
133,65,707.38,304.95,65.70,31.24,0.99,4,-1,-1
133,66,962.16,287.81,11.95,24.63,0.65,1,-1,-1
133,69,995.60,302.30,15.39,26.05,0.61,1,-1,-1
133,70,1023.41,293.36,64.35,22.52,0.96,4,-1,-1
133,71,1038.24,305.64,68.31,29.75,0.95,4,-1,-1
133,72,1208.68,290.93,72.34,30.17,0.99,4,-1,-1
133,73,429.70,274.88,68.19,28.47,0.98,4,-1,-1
133,74,450.51,249.78,58.60,22.50,0.98,4,-1,-1
133,76,541.41,260.85,35.66,39.87,0.85,4,-1,-1
133,77,686.57,246.93,59.73,24.75,0.99,4,-1,-1
133,78,694.45,261.52,59.39,22.83,0.99,4,-1,-1
133,79,704.77,276.02,55.52,25.49,0.97,4,-1,-1
133,80,962.86,247.72,13.69,23.22,0.88,1,-1,-1
133,81,989.01,251.28,59.85,21.86,0.96,4,-1,-1
133,82,994.61,263.36,62.13,23.66,0.92,4,-1,-1
133,83,1015.66,276.09,55.93,23.73,0.66,4,-1,-1
133,88,711.30,197.59,28.20,28.21,0.97,4,-1,-1
133,89,746.60,199.06,26.50,25.75,0.97,4,-1,-1
133,90,773.50,198.99,27.32,25.20,0.97,4,-1,-1
133,91,804.17,199.97,25.94,26.62,0.99,4,-1,-1
133,92,938.24,199.21,30.79,25.26,0.99,4,-1,-1
133,94,983.61,236.80,11.89,23.80,0.32,1,-1,-1
133,95,967.94,198.51,29.53,26.41,1.00,4,-1,-1
133,98,995.74,201.87,32.44,26.02,0.99,4,-1,-1
133,99,1190.84,199.02,42.73,28.20,0.99,4,-1,-1
133,101,439.56,260.91,61.79,24.25,0.99,4,-1,-1
133,102,682.21,196.36,25.94,25.38,0.97,4,-1,-1
133,104,1104.23,198.26,11.93,24.38,0.81,1,-1,-1
133,105,397.98,328.91,74.31,29.89,0.96,4,-1,-1
133,111,1100.39,274.72,11.95,25.59,0.94,1,-1,-1
133,113,150.94,127.79,51.04,23.06,0.98,4,-1,-1
133,114,291.84,127.91,48.78,20.67,0.96,4,-1,-1
133,117,698.16,125.44,44.04,19.53,0.87,4,-1,-1
133,119,977.48,288.66,13.69,24.77,0.76,1,-1,-1
133,123,74.75,105.00,40.75,20.97,0.91,4,-1,-1
133,125,148.83,102.01,43.18,22.85,1.00,4,-1,-1
133,126,540.13,100.25,39.56,22.57,0.53,4,-1,-1
133,129,1167.32,77.74,25.62,19.86,0.95,4,-1,-1
133,130,1219.24,106.14,25.63,22.77,0.99,4,-1,-1
133,131,1241.40,118.43,35.74,24.48,0.99,4,-1,-1
133,132,1244.75,74.82,28.62,19.37,0.97,4,-1,-1
133,134,-0.20,105.56,28.26,20.73,0.51,4,-1,-1
133,135,51.00,104.55,35.05,19.36,0.84,4,-1,-1
133,137,464.64,105.61,24.47,21.12,0.92,4,-1,-1
133,138,730.52,104.61,40.15,21.12,0.89,4,-1,-1
133,142,1104.64,41.87,24.00,18.45,0.99,4,-1,-1
133,143,1146.81,53.72,34.12,16.45,0.88,4,-1,-1
133,144,1150.55,65.69,19.90,20.97,0.96,4,-1,-1
133,145,1167.92,37.37,34.16,15.97,0.89,4,-1,-1
133,147,1178.57,50.32,32.29,18.11,0.96,4,-1,-1
133,148,1194.11,92.61,26.76,20.45,0.94,4,-1,-1
133,149,1191.81,57.32,39.01,18.78,0.98,4,-1,-1
133,150,1232.05,37.81,34.87,16.42,0.69,4,-1,-1
133,153,1246.22,45.66,36.81,16.35,0.82,4,-1,-1
133,154,1268.03,51.21,35.40,15.30,0.39,4,-1,-1
133,155,1273.37,60.03,43.44,17.28,0.55,4,-1,-1
133,156,311.45,102.02,31.57,22.33,0.91,4,-1,-1
133,157,1057.02,10.80,20.51,14.71,0.90,4,-1,-1
133,158,1124.47,10.27,30.75,15.57,0.83,4,-1,-1
133,164,1219.12,27.33,27.34,17.51,0.59,4,-1,-1
133,167,625.72,123.79,46.13,20.59,0.93,4,-1,-1
133,169,221.40,100.07,29.82,23.44,0.76,5,-1,-1
133,171,1160.50,29.08,35.70,13.42,0.65,4,-1,-1
133,173,970.47,287.36,11.95,24.48,0.41,1,-1,-1
133,84,1093.01,276.19,11.94,23.05,0.82,1,-1,-1
133,177,30.30,103.56,34.50,19.70,0.37,4,-1,-1
133,190,467.87,13.13,72.69,37.70,0.84,6,-1,-1
133,172,1263.19,79.68,23.91,20.71,0.93,4,-1,-1
133,195,1285.07,66.70,39.95,16.11,0.69,4,-1,-1
133,199,1313.57,66.82,32.21,12.49,0.20,4,-1,-1
133,124,41.99,119.30,47.44,21.62,0.95,4,-1,-1
133,75,536.56,266.14,13.13,27.27,0.73,1,-1,-1
133,201,1277.96,120.74,31.20,21.65,0.79,4,-1,-1
133,202,1319.38,84.51,23.97,17.22,0.96,4,-1,-1
133,203,1316.87,72.42,35.44,14.62,0.89,4,-1,-1
133,204,373.10,130.58,23.50,17.68,0.88,10,-1,-1
133,205,474.99,480.23,15.10,33.59,0.58,1,-1,-1
133,206,1319.99,48.57,23.98,13.49,0.68,4,-1,-1
133,208,1346.53,88.42,13.51,18.27,0.76,4,-1,-1
133,160,1161.87,27.30,34.17,12.54,0.48,4,-1,-1
133,210,1335.95,79.04,22.15,14.80,0.59,4,-1,-1
133,50,476.55,491.35,15.76,33.90,0.43,1,-1,-1
133,161,1164.41,34.93,35.25,14.07,0.52,4,-1,-1
133,139,1007.53,7.68,20.16,18.55,0.77,4,-1,-1
133,115,578.44,135.10,14.43,21.92,0.47,1,-1,-1
133,179,376.75,127.19,16.52,19.62,0.69,10,-1,-1
133,183,1173.92,48.15,33.71,17.87,0.62,4,-1,-1
133,198,1167.92,40.92,34.31,16.50,0.91,4,-1,-1
133,225,1132.03,96.15,8.89,17.95,0.66,1,-1,-1
133,151,1238.87,43.65,37.07,15.06,0.85,4,-1,-1
134,18,1164.16,501.63,108.37,51.39,0.99,4,-1,-1
134,23,1148.24,472.96,104.59,45.25,1.00,4,-1,-1
134,24,473.66,509.09,17.87,34.39,0.97,1,-1,-1
134,25,525.95,501.44,14.52,35.55,0.96,1,-1,-1
134,26,504.16,498.35,14.52,35.27,0.97,1,-1,-1
134,28,488.65,495.87,14.75,34.31,0.96,1,-1,-1
134,31,311.25,476.98,105.01,43.52,0.99,4,-1,-1
134,39,502.95,467.06,15.35,33.38,0.98,1,-1,-1
134,42,333.94,443.12,96.33,40.83,0.98,4,-1,-1
134,47,1098.28,391.34,89.96,45.30,1.00,4,-1,-1
134,48,354.75,408.19,92.71,38.85,1.00,4,-1,-1
134,54,523.84,561.92,58.11,86.00,0.99,4,-1,-1
134,55,1069.78,356.67,70.04,31.92,0.99,4,-1,-1
134,38,468.34,474.04,14.84,36.10,0.87,1,-1,-1
134,59,700.19,355.26,75.18,33.74,0.99,4,-1,-1
134,60,388.82,345.88,71.90,36.58,0.99,4,-1,-1
134,61,1056.94,323.44,64.93,30.70,0.98,4,-1,-1
134,63,425.37,291.41,68.24,31.12,0.98,4,-1,-1
134,64,701.32,292.48,62.36,24.47,0.98,4,-1,-1
134,65,707.44,305.18,65.78,30.93,0.99,4,-1,-1
134,66,962.37,287.70,11.95,24.18,0.61,1,-1,-1
134,69,995.75,302.38,15.38,26.03,0.56,1,-1,-1
134,70,1023.78,293.34,64.75,22.60,0.93,4,-1,-1
134,71,1039.00,305.69,68.34,29.88,0.97,4,-1,-1
134,72,1209.68,291.11,71.94,29.74,0.99,4,-1,-1
134,73,429.20,274.87,68.31,28.32,0.98,4,-1,-1
134,74,450.38,249.70,58.85,22.32,0.98,4,-1,-1
134,76,542.19,260.81,34.70,39.79,0.55,4,-1,-1
134,77,687.13,246.65,59.22,24.77,0.99,4,-1,-1
134,78,694.85,261.58,59.13,22.74,0.99,4,-1,-1
134,79,704.88,275.85,55.52,25.61,0.97,4,-1,-1
134,80,965.01,247.08,12.55,23.92,0.92,1,-1,-1
134,81,989.53,250.95,59.82,21.81,0.97,4,-1,-1
134,82,995.41,263.25,61.69,23.27,0.85,4,-1,-1
134,83,1016.08,276.04,56.23,23.86,0.69,4,-1,-1
134,88,711.32,197.42,28.19,28.07,0.98,4,-1,-1
134,89,746.74,198.84,26.47,25.88,0.98,4,-1,-1
134,90,773.65,198.68,27.32,25.13,0.96,4,-1,-1
134,91,804.64,199.72,25.72,26.60,0.98,4,-1,-1
134,92,938.98,199.04,29.67,25.03,0.99,4,-1,-1
134,94,984.54,236.14,11.89,24.68,0.41,1,-1,-1
134,95,968.82,198.23,29.20,26.25,1.00,4,-1,-1
134,98,996.86,201.79,31.33,25.82,0.98,4,-1,-1
134,99,1191.72,198.79,42.73,28.34,0.99,4,-1,-1
134,101,439.33,260.80,62.20,24.08,0.99,4,-1,-1
134,102,682.55,196.22,25.74,25.33,0.97,4,-1,-1
134,104,1104.79,197.77,11.92,24.68,0.87,1,-1,-1
134,105,397.81,329.11,74.34,29.90,0.97,4,-1,-1
134,111,1101.43,275.20,11.94,25.08,0.97,1,-1,-1
134,113,148.10,127.33,51.46,23.21,0.97,4,-1,-1
134,114,289.74,127.83,48.15,20.53,0.96,4,-1,-1
134,117,695.79,125.10,44.25,19.30,0.87,4,-1,-1
134,119,978.26,288.33,13.69,25.06,0.73,1,-1,-1
134,123,74.69,104.57,40.12,20.85,0.95,4,-1,-1
134,125,148.56,101.46,43.16,23.09,1.00,4,-1,-1
134,126,540.15,99.90,39.34,22.50,0.39,4,-1,-1
134,129,1168.45,77.30,25.61,19.93,0.96,4,-1,-1
134,130,1219.38,105.90,25.60,22.68,0.99,4,-1,-1
134,131,1242.64,118.32,35.87,24.67,0.99,4,-1,-1
134,132,1246.06,74.49,27.76,19.54,0.98,4,-1,-1
134,134,0.11,104.77,27.37,20.75,0.54,4,-1,-1
134,135,50.50,104.07,35.03,19.45,0.91,4,-1,-1
134,137,464.56,105.38,24.66,21.17,0.92,4,-1,-1
134,138,730.82,104.36,40.15,20.96,0.94,4,-1,-1
134,142,1104.95,41.69,23.98,18.30,0.99,4,-1,-1
134,143,1148.11,53.34,34.15,16.56,0.91,4,-1,-1
134,144,1151.47,65.39,19.18,20.94,0.95,4,-1,-1
134,145,1168.57,37.24,34.20,15.87,0.90,4,-1,-1
134,147,1178.46,49.49,32.41,17.53,0.94,4,-1,-1
134,148,1194.99,92.31,26.06,20.36,0.97,4,-1,-1
134,149,1195.78,57.96,35.88,19.09,0.98,4,-1,-1
134,150,1232.64,37.19,35.56,16.49,0.80,4,-1,-1
134,153,1249.55,45.78,34.25,16.01,0.76,4,-1,-1
134,154,1269.17,51.47,34.72,15.25,0.46,4,-1,-1
134,155,1273.29,59.77,44.31,17.04,0.59,4,-1,-1
134,156,311.29,101.38,31.83,22.79,0.90,4,-1,-1
134,157,1056.07,9.85,20.49,14.62,0.92,4,-1,-1
134,158,1125.68,10.03,29.60,15.25,0.80,4,-1,-1
134,164,1219.82,27.44,27.31,17.29,0.70,4,-1,-1
134,167,624.14,123.61,46.11,20.39,0.96,4,-1,-1
134,169,221.16,99.70,30.15,23.89,0.70,5,-1,-1
134,171,1160.99,28.91,35.85,13.27,0.70,4,-1,-1
134,173,970.84,287.16,11.95,24.38,0.46,1,-1,-1
134,84,1094.44,276.69,11.94,22.77,0.75,1,-1,-1
134,177,29.99,102.73,35.50,19.85,0.54,4,-1,-1
134,190,467.93,12.32,73.16,38.73,0.76,6,-1,-1
134,172,1264.11,79.71,22.83,20.17,0.96,4,-1,-1
134,195,1284.57,66.44,39.66,16.06,0.78,4,-1,-1
134,199,1314.83,67.37,32.32,12.92,0.50,4,-1,-1
134,124,40.62,118.96,47.25,21.59,0.94,4,-1,-1
134,75,536.06,266.00,13.48,27.61,0.83,1,-1,-1
134,201,1279.43,120.49,30.86,21.41,0.88,4,-1,-1
134,202,1320.49,84.24,23.90,17.12,0.96,4,-1,-1
134,203,1316.77,71.86,35.80,14.51,0.92,4,-1,-1
134,204,369.73,130.93,23.57,16.95,0.85,10,-1,-1
134,205,474.94,481.06,14.76,32.87,0.70,1,-1,-1
134,206,1320.64,48.37,23.99,13.54,0.79,4,-1,-1
134,208,1347.19,88.15,12.30,18.35,0.75,4,-1,-1
134,160,1162.07,27.10,34.14,12.47,0.60,4,-1,-1
134,210,1336.81,78.31,20.95,14.21,0.70,4,-1,-1
134,50,476.37,490.59,15.56,34.09,0.28,1,-1,-1
134,161,1165.10,34.77,34.62,14.03,0.35,4,-1,-1
134,139,1008.13,7.85,19.29,17.95,0.87,4,-1,-1
134,115,578.02,134.56,14.50,21.85,0.34,1,-1,-1
134,179,374.20,126.21,15.41,20.04,0.59,2,-1,-1
134,183,1172.44,46.02,34.08,17.81,0.73,4,-1,-1
134,198,1168.95,41.16,34.35,16.07,0.91,4,-1,-1
134,225,1132.97,95.79,8.61,18.11,0.44,1,-1,-1
134,151,1240.62,43.49,35.21,14.96,0.71,4,-1,-1
134,227,541.31,261.47,35.01,39.27,0.79,4,-1,-1
134,228,1321.67,73.27,32.44,14.09,0.62,4,-1,-1
134,159,1188.49,56.21,31.51,17.13,0.91,4,-1,-1
134,165,1236.93,40.27,32.86,15.26,0.58,4,-1,-1
135,18,1165.81,500.54,109.11,51.92,0.99,4,-1,-1
135,23,1150.77,472.13,104.45,44.77,0.99,4,-1,-1
135,24,473.32,508.17,17.39,34.30,0.97,1,-1,-1
135,25,525.91,500.49,14.52,35.21,0.95,1,-1,-1
135,26,504.44,497.14,14.53,35.71,0.96,1,-1,-1
135,28,488.89,494.54,14.63,34.26,0.94,1,-1,-1
135,31,310.27,476.06,106.01,43.06,0.99,4,-1,-1
135,39,502.49,466.15,15.38,33.35,0.98,1,-1,-1
135,42,333.12,441.91,96.24,41.02,0.98,4,-1,-1
135,47,1099.85,389.98,90.44,45.33,0.99,4,-1,-1
135,48,354.02,406.73,92.63,39.05,0.99,4,-1,-1
135,54,521.57,565.49,58.90,86.59,0.99,4,-1,-1
135,55,1070.97,354.74,71.21,32.57,1.00,4,-1,-1
135,38,467.89,473.09,14.63,36.54,0.85,1,-1,-1
135,59,700.33,353.98,75.22,33.48,0.99,4,-1,-1
135,60,387.92,344.14,72.03,36.73,0.99,4,-1,-1
135,61,1058.13,321.69,64.97,31.03,0.99,4,-1,-1
135,63,425.34,289.86,67.81,30.65,0.98,4,-1,-1
135,64,701.27,290.68,62.40,24.10,0.99,4,-1,-1
135,65,707.84,302.92,65.86,31.11,0.98,4,-1,-1
135,66,962.72,285.87,13.09,24.02,0.58,1,-1,-1
135,69,996.67,300.34,15.39,26.61,0.32,1,-1,-1
135,70,1024.80,291.53,64.94,22.93,0.94,4,-1,-1
135,71,1040.17,303.91,68.40,29.94,0.98,4,-1,-1
135,72,1211.06,288.80,72.97,30.15,0.97,4,-1,-1
135,73,428.49,272.95,69.11,28.55,0.97,4,-1,-1
135,74,450.24,248.01,58.43,21.98,0.98,4,-1,-1
135,76,541.61,258.85,34.92,39.79,0.74,4,-1,-1
135,77,687.41,244.44,59.06,24.79,0.98,4,-1,-1
135,78,695.66,260.37,58.51,22.15,0.99,4,-1,-1
135,79,705.57,274.28,55.00,24.83,0.98,4,-1,-1
135,80,966.05,244.32,13.29,24.49,0.91,1,-1,-1
135,81,990.01,249.00,59.85,21.81,0.98,4,-1,-1
135,82,996.56,261.24,62.71,23.71,0.86,4,-1,-1
135,83,1016.55,274.21,57.51,24.49,0.69,4,-1,-1
135,88,711.71,195.37,28.21,27.62,0.96,4,-1,-1
135,89,746.90,196.70,27.04,25.73,0.98,4,-1,-1
135,90,773.83,196.43,27.90,25.26,0.96,4,-1,-1
135,91,805.25,197.70,25.66,26.40,0.98,4,-1,-1
135,92,940.08,196.84,29.26,25.09,0.98,4,-1,-1
135,94,986.28,233.78,11.90,24.47,0.29,1,-1,-1
135,95,969.98,196.13,29.10,26.63,0.98,4,-1,-1
135,98,997.57,199.41,32.08,26.12,0.99,4,-1,-1
135,99,1193.05,196.41,42.76,28.56,1.00,4,-1,-1
135,101,438.58,259.11,62.40,23.47,0.99,4,-1,-1
135,102,683.02,193.97,25.12,25.40,0.98,4,-1,-1
135,104,1105.37,196.56,13.07,25.51,0.90,1,-1,-1
135,105,397.20,327.15,74.54,30.21,0.93,4,-1,-1
135,111,1103.30,273.40,11.95,25.46,0.98,1,-1,-1
135,113,144.47,125.08,51.51,23.28,0.99,4,-1,-1
135,114,286.28,125.15,48.51,20.49,0.97,4,-1,-1
135,117,693.63,122.58,44.93,19.66,0.83,4,-1,-1
135,119,978.84,286.26,13.70,25.46,0.69,1,-1,-1
135,123,74.13,101.97,39.30,20.54,0.97,4,-1,-1
135,125,147.86,98.92,43.04,22.95,1.00,4,-1,-1
135,126,540.97,97.58,38.72,22.21,0.44,4,-1,-1
135,129,1169.29,74.80,25.62,19.76,0.95,4,-1,-1
135,130,1220.45,102.84,25.62,22.56,0.98,4,-1,-1
135,131,1244.15,115.43,35.95,24.76,0.97,4,-1,-1
135,132,1247.02,71.17,28.59,19.97,0.96,4,-1,-1
135,134,-0.19,102.07,26.53,20.45,0.50,4,-1,-1
135,135,49.75,101.51,34.13,19.14,0.94,4,-1,-1
135,137,464.15,102.65,24.75,21.03,0.98,4,-1,-1
135,138,731.60,101.75,39.61,20.95,0.90,4,-1,-1
135,142,1106.56,38.95,23.99,18.73,0.97,4,-1,-1
135,143,1149.55,50.68,34.18,16.50,0.84,4,-1,-1
135,144,1152.22,62.60,20.05,20.88,0.93,4,-1,-1
135,145,1170.37,35.13,34.24,16.12,0.95,4,-1,-1
135,147,1178.85,46.58,32.48,17.54,0.94,4,-1,-1
135,148,1196.33,89.37,25.79,20.73,0.95,4,-1,-1
135,149,1197.18,55.07,35.83,18.30,0.95,4,-1,-1
135,150,1233.91,34.03,34.72,16.59,0.64,4,-1,-1
135,153,1252.62,43.77,34.28,15.41,0.65,4,-1,-1
135,154,1270.10,49.46,35.59,14.55,0.17,4,-1,-1
135,155,1274.87,56.85,43.56,16.81,0.60,4,-1,-1
135,156,310.17,98.82,32.24,22.83,0.95,4,-1,-1
135,157,1056.09,6.21,20.50,14.75,0.73,4,-1,-1
135,158,1127.09,7.37,29.19,15.86,0.29,4,-1,-1
135,164,1220.54,24.37,28.46,16.72,0.64,4,-1,-1
135,167,622.22,121.01,46.14,20.61,0.95,4,-1,-1
135,169,220.11,97.28,30.01,23.48,0.55,5,-1,-1
135,171,1162.16,25.51,35.93,13.46,0.34,4,-1,-1
135,173,971.25,285.29,11.95,24.37,0.29,1,-1,-1
135,84,1096.45,274.90,11.95,23.53,0.79,1,-1,-1
135,177,29.01,100.27,34.27,18.93,0.60,4,-1,-1
135,190,467.57,10.85,73.39,38.84,0.25,6,-1,-1
135,172,1266.66,77.13,22.43,19.76,0.88,4,-1,-1
135,195,1286.58,63.39,39.56,15.84,0.86,4,-1,-1
135,199,1317.50,65.56,31.25,13.30,0.51,4,-1,-1
135,124,38.45,116.26,47.23,21.59,0.93,4,-1,-1
135,75,536.13,264.15,13.06,27.19,0.57,1,-1,-1
135,201,1281.02,117.83,30.76,21.34,0.84,4,-1,-1
135,202,1321.99,81.47,23.90,17.24,0.94,4,-1,-1
135,203,1318.95,69.47,34.84,14.19,0.92,4,-1,-1
135,204,365.98,129.34,22.76,16.23,0.88,10,-1,-1
135,205,474.32,480.27,14.64,33.18,0.66,1,-1,-1
135,206,1322.55,45.24,22.88,13.44,0.71,4,-1,-1
135,208,1349.10,84.94,10.69,18.46,0.46,4,-1,-1
135,160,1163.69,23.56,34.16,12.77,0.44,4,-1,-1
135,210,1339.38,75.62,19.35,14.21,0.40,4,-1,-1
135,161,1164.66,30.63,35.51,13.80,0.71,4,-1,-1
135,139,1008.65,4.64,20.10,17.94,0.77,4,-1,-1
135,115,578.16,132.26,13.97,21.13,0.83,1,-1,-1
135,179,371.05,123.67,14.33,19.23,0.90,2,-1,-1
135,151,1244.62,41.49,36.79,14.82,0.68,4,-1,-1
135,227,541.59,259.23,35.03,39.30,0.51,5,-1,-1
135,159,1189.25,53.20,29.69,17.32,0.85,4,-1,-1
135,165,1239.30,37.72,32.56,15.05,0.54,4,-1,-1
135,116,639.55,131.90,14.43,22.19,0.51,1,-1,-1
136,18,1166.59,499.13,109.34,52.08,1.00,4,-1,-1
136,23,1151.89,470.56,104.34,45.11,0.99,4,-1,-1
136,24,472.63,507.17,17.77,33.68,0.96,1,-1,-1
136,25,525.58,499.20,15.09,35.07,0.95,1,-1,-1
136,26,504.52,495.48,15.09,35.86,0.91,1,-1,-1
136,28,488.68,492.28,15.14,34.78,0.92,1,-1,-1
136,31,309.57,474.81,105.48,42.84,0.99,4,-1,-1
136,39,502.01,464.91,15.39,33.32,0.98,1,-1,-1
136,42,332.18,440.87,96.72,40.49,0.99,4,-1,-1
136,47,1100.64,388.26,91.70,45.86,0.99,4,-1,-1
136,48,353.39,405.18,93.26,39.23,0.99,4,-1,-1
136,54,519.33,568.28,59.71,87.28,0.99,4,-1,-1
136,55,1071.63,352.84,71.61,33.07,1.00,4,-1,-1
136,38,466.86,471.54,15.69,37.81,0.81,1,-1,-1
136,59,700.51,351.92,75.20,34.21,0.99,4,-1,-1
136,60,387.75,342.53,71.62,36.75,1.00,4,-1,-1
136,61,1058.79,319.45,64.95,31.70,0.99,4,-1,-1
136,63,424.77,287.93,68.18,30.73,0.99,4,-1,-1
136,64,701.38,288.33,62.39,24.51,0.99,4,-1,-1
136,65,708.40,301.24,65.28,30.87,0.99,4,-1,-1
136,66,963.66,283.21,12.41,24.52,0.43,1,-1,-1
136,69,996.69,298.30,15.39,26.82,0.50,1,-1,-1
136,70,1025.41,289.43,64.98,23.03,0.95,4,-1,-1
136,71,1040.83,302.24,68.39,29.38,0.98,4,-1,-1
136,72,1212.84,286.92,72.20,30.00,0.99,4,-1,-1
136,73,428.21,270.88,69.09,28.34,0.98,4,-1,-1
136,74,451.02,245.62,57.10,22.69,0.97,4,-1,-1
136,76,540.76,256.91,35.56,40.04,0.91,4,-1,-1
136,77,687.37,242.12,59.54,25.34,0.98,4,-1,-1
136,78,695.24,258.41,58.80,21.90,0.99,4,-1,-1
136,79,706.24,272.88,54.21,23.65,0.99,4,-1,-1
136,80,967.27,241.91,12.42,23.85,0.91,1,-1,-1
136,81,990.44,246.88,57.57,20.94,0.98,4,-1,-1
136,82,996.67,258.95,63.06,23.29,0.93,4,-1,-1
136,83,1017.52,272.40,56.85,23.30,0.87,4,-1,-1
136,88,711.96,192.49,27.63,27.92,0.98,4,-1,-1
136,89,747.06,194.42,27.25,25.80,0.96,4,-1,-1
136,90,773.97,194.04,27.55,25.08,0.94,4,-1,-1
136,91,805.26,195.54,25.63,26.09,0.94,4,-1,-1
136,92,940.19,194.37,30.24,25.24,0.97,4,-1,-1
136,94,987.16,231.09,11.91,25.22,0.53,1,-1,-1
136,95,970.67,193.98,29.05,26.47,0.99,4,-1,-1
136,98,998.08,196.87,32.34,26.36,0.99,4,-1,-1
136,99,1193.68,194.13,42.75,28.33,1.00,4,-1,-1
136,101,439.13,257.57,61.31,23.20,0.98,4,-1,-1
136,102,682.76,191.31,25.44,25.83,0.97,4,-1,-1
136,104,1106.32,193.68,12.39,24.07,0.89,1,-1,-1
136,105,396.57,325.18,74.72,30.30,0.94,4,-1,-1
136,111,1104.18,271.57,13.09,25.31,0.98,1,-1,-1
136,113,141.00,122.66,51.22,23.29,0.98,4,-1,-1
136,114,283.55,122.12,48.34,21.04,0.96,4,-1,-1
136,117,691.59,119.92,44.60,19.50,0.75,4,-1,-1
136,119,979.31,284.08,13.70,25.60,0.62,1,-1,-1
136,123,72.76,99.40,39.66,20.65,0.98,4,-1,-1
136,125,147.02,96.08,42.97,23.05,1.00,4,-1,-1
136,126,541.18,94.71,37.91,22.26,0.66,4,-1,-1
136,129,1170.31,71.84,25.62,20.10,0.91,4,-1,-1
136,130,1221.54,100.29,25.61,22.21,0.98,4,-1,-1
136,131,1244.83,112.37,35.95,25.19,0.99,4,-1,-1
136,132,1248.05,68.11,27.76,20.54,0.94,4,-1,-1
136,134,-0.24,99.30,25.50,20.60,0.70,4,-1,-1
136,135,48.56,98.83,35.92,19.40,0.95,4,-1,-1
136,137,463.95,100.46,24.78,20.54,0.97,4,-1,-1
136,138,731.70,99.22,39.39,20.79,0.89,4,-1,-1
136,142,1107.32,36.03,23.98,18.99,0.99,4,-1,-1
136,143,1150.79,47.39,34.18,17.35,0.89,4,-1,-1
136,144,1153.22,59.79,20.36,21.76,0.85,4,-1,-1
136,145,1172.32,31.38,33.11,16.31,0.92,4,-1,-1
136,147,1179.13,42.99,33.62,18.17,0.94,4,-1,-1
136,148,1197.53,86.41,25.68,21.00,0.97,4,-1,-1
136,149,1199.56,52.56,34.66,18.71,0.94,4,-1,-1
136,150,1234.49,31.43,35.50,16.93,0.75,4,-1,-1
136,153,1254.99,40.13,32.01,15.32,0.41,4,-1,-1
136,154,1270.54,46.52,32.55,14.30,0.34,4,-1,-1
136,155,1275.54,54.39,38.73,16.55,0.31,4,-1,-1
136,156,309.79,96.21,31.53,22.55,0.92,4,-1,-1
136,157,1055.78,2.60,20.50,15.17,0.77,4,-1,-1
136,158,1127.78,4.73,29.03,15.47,0.51,4,-1,-1
136,164,1220.93,21.41,28.87,16.70,0.76,4,-1,-1
136,167,620.86,118.33,45.00,20.40,0.95,4,-1,-1
136,169,219.51,94.84,30.51,23.34,0.53,5,-1,-1
136,171,1162.74,21.83,37.06,14.54,0.63,4,-1,-1
136,173,971.67,281.90,11.95,24.34,0.51,1,-1,-1
136,84,1097.94,273.49,11.95,23.24,0.73,1,-1,-1
136,177,28.18,98.01,34.86,18.92,0.74,4,-1,-1
136,190,467.66,7.96,72.88,36.83,0.37,6,-1,-1
136,172,1267.14,73.91,23.41,20.03,0.88,4,-1,-1
136,195,1289.67,61.03,39.49,15.82,0.86,4,-1,-1
136,199,1308.11,60.48,36.62,14.43,0.55,4,-1,-1
136,124,35.88,113.82,47.76,21.57,0.97,4,-1,-1
136,75,536.09,261.96,12.89,27.01,0.32,1,-1,-1
136,201,1282.26,114.42,30.72,22.30,0.78,4,-1,-1
136,202,1322.61,78.72,25.03,17.70,0.92,4,-1,-1
136,203,1320.41,66.76,33.29,14.63,0.94,4,-1,-1
136,204,362.41,127.49,22.72,15.51,0.80,10,-1,-1
136,205,473.80,479.34,15.15,33.85,0.56,1,-1,-1
136,206,1323.32,42.40,21.29,13.39,0.81,4,-1,-1
136,208,1349.87,81.87,10.17,18.35,0.35,4,-1,-1
136,160,1163.87,19.91,35.29,13.34,0.17,4,-1,-1
136,210,1340.39,73.17,18.80,15.34,0.64,4,-1,-1
136,161,1167.99,28.38,33.60,14.46,0.47,4,-1,-1
136,139,1009.63,1.76,19.27,17.55,0.94,4,-1,-1
136,115,577.56,129.91,14.34,20.84,0.72,1,-1,-1
136,179,367.41,121.74,13.90,18.76,0.69,2,-1,-1
136,227,540.60,256.75,36.35,39.96,0.12,4,-1,-1
136,159,1190.90,50.22,30.28,16.83,0.88,4,-1,-1
136,165,1238.56,34.21,33.60,15.75,0.76,4,-1,-1
136,116,639.47,129.14,14.52,22.21,0.49,1,-1,-1
137,18,1167.90,486.67,109.35,51.57,1.00,4,-1,-1
137,23,1152.77,458.33,104.24,45.24,0.99,4,-1,-1
137,24,472.86,494.39,17.89,33.43,0.97,1,-1,-1
137,25,526.19,487.18,14.73,34.44,0.97,1,-1,-1
137,26,505.57,482.75,14.73,35.34,0.92,1,-1,-1
137,28,489.37,479.62,15.31,34.40,0.93,1,-1,-1
137,31,309.32,462.20,105.78,42.77,0.99,4,-1,-1
137,39,502.04,452.92,15.38,32.73,0.98,1,-1,-1
137,42,331.41,428.22,98.27,40.72,0.99,4,-1,-1
137,47,1102.01,376.15,90.99,45.51,0.99,4,-1,-1
137,48,353.29,392.94,92.74,39.02,1.00,4,-1,-1
137,54,517.30,559.61,60.51,88.05,0.99,4,-1,-1
137,55,1072.42,340.67,71.73,33.26,0.99,4,-1,-1
137,38,467.26,459.14,14.95,37.16,0.81,1,-1,-1
137,59,701.00,339.74,75.72,34.20,0.99,4,-1,-1
137,60,387.42,330.15,71.70,36.76,0.99,4,-1,-1
137,61,1060.16,307.30,64.91,31.11,0.98,4,-1,-1
137,63,424.98,275.62,67.57,30.48,0.99,4,-1,-1
137,64,701.57,276.21,62.92,24.67,0.99,4,-1,-1
137,65,708.76,288.66,65.59,31.35,0.99,4,-1,-1
137,66,965.22,270.91,12.11,23.57,0.56,1,-1,-1
137,69,997.85,285.95,15.37,26.32,0.56,1,-1,-1
137,70,1027.35,277.48,63.83,22.51,0.94,4,-1,-1
137,71,1042.21,290.17,68.34,29.16,0.99,4,-1,-1
137,72,1214.58,275.11,71.87,29.38,0.99,4,-1,-1
137,73,427.69,258.53,69.18,28.82,0.98,4,-1,-1
137,74,450.45,233.44,57.13,22.39,0.99,4,-1,-1
137,76,540.39,244.50,36.33,40.13,0.95,4,-1,-1
137,77,687.52,229.61,59.70,25.56,0.98,4,-1,-1
137,78,695.81,246.45,58.88,21.82,0.99,4,-1,-1
137,79,706.64,260.28,54.45,23.79,0.99,4,-1,-1
137,80,968.90,229.17,12.06,24.16,0.93,1,-1,-1
137,81,991.79,234.67,58.97,21.48,0.97,4,-1,-1
137,82,997.87,246.52,62.03,23.41,0.88,4,-1,-1
137,83,1019.04,259.57,55.42,23.41,0.91,4,-1,-1
137,88,712.51,180.65,27.97,27.54,0.98,4,-1,-1
137,89,747.84,182.24,26.75,25.54,0.98,4,-1,-1
137,90,774.46,181.90,27.96,25.15,0.97,4,-1,-1
137,91,805.67,183.14,26.17,26.61,0.98,4,-1,-1
137,92,942.00,182.32,29.46,24.94,0.98,4,-1,-1
137,94,988.64,218.67,11.90,25.49,0.33,1,-1,-1
137,95,972.13,181.99,29.01,26.19,0.99,4,-1,-1
137,98,999.45,184.66,32.41,26.44,0.99,4,-1,-1
137,99,1195.58,181.72,42.72,28.95,0.99,4,-1,-1
137,101,438.20,244.99,61.99,23.11,0.99,4,-1,-1
137,102,682.85,179.11,26.11,25.85,0.98,4,-1,-1
137,104,1108.41,180.43,12.10,25.51,0.88,1,-1,-1
137,105,396.34,312.82,74.46,30.05,0.99,4,-1,-1
137,111,1106.69,260.45,12.40,25.24,0.93,1,-1,-1
137,113,137.25,110.45,51.65,23.29,0.98,4,-1,-1
137,114,281.01,109.71,47.97,21.10,0.96,4,-1,-1
137,117,689.40,107.63,45.02,20.01,0.92,4,-1,-1
137,119,980.09,271.95,13.69,24.80,0.69,1,-1,-1
137,123,71.59,87.13,39.50,20.34,0.98,4,-1,-1
137,125,146.01,84.36,42.92,22.07,1.00,4,-1,-1
137,126,540.66,82.74,38.74,22.21,0.63,4,-1,-1
137,129,1171.84,60.02,25.60,20.02,0.95,4,-1,-1
137,130,1223.63,88.43,25.60,22.33,0.98,4,-1,-1
137,131,1247.87,100.13,34.80,25.64,0.99,4,-1,-1
137,132,1249.56,56.34,28.57,20.27,0.98,4,-1,-1
137,134,0.20,86.72,23.91,20.95,0.68,4,-1,-1
137,135,48.07,87.03,33.89,18.86,0.91,4,-1,-1
137,137,463.89,88.19,24.77,20.56,0.98,4,-1,-1
137,138,731.93,86.78,39.85,21.01,0.83,4,-1,-1
137,142,1108.79,24.30,25.09,18.70,0.95,4,-1,-1
137,143,1152.40,35.48,34.16,17.26,0.90,4,-1,-1
137,144,1154.19,47.51,20.47,22.01,0.94,4,-1,-1
137,145,1173.66,19.88,33.79,17.47,0.81,4,-1,-1
137,147,1182.05,30.95,31.80,17.43,0.93,4,-1,-1
137,148,1199.69,74.11,25.63,21.17,0.97,4,-1,-1
137,149,1201.02,40.17,35.37,19.13,0.95,4,-1,-1
137,150,1236.96,19.54,34.65,16.64,0.77,4,-1,-1
137,153,1255.88,28.17,32.27,14.65,0.85,4,-1,-1
137,154,1271.83,34.10,32.46,13.84,0.50,4,-1,-1
137,155,1278.69,41.76,42.63,16.90,0.66,4,-1,-1
137,156,309.30,83.46,31.82,23.09,0.95,4,-1,-1
137,164,1222.77,9.07,27.90,17.09,0.39,4,-1,-1
137,167,619.23,106.30,45.69,20.60,0.84,4,-1,-1
137,169,219.00,82.70,30.40,23.00,0.52,5,-1,-1
137,173,972.43,269.19,13.08,24.61,0.36,1,-1,-1
137,84,1099.59,262.39,11.94,23.97,0.77,1,-1,-1
137,177,27.11,85.96,35.11,18.46,0.81,4,-1,-1
137,172,1270.09,61.33,22.64,21.25,0.93,4,-1,-1
137,195,1290.81,49.03,38.30,15.38,0.81,4,-1,-1
137,199,1305.41,47.71,37.38,14.98,0.55,4,-1,-1
137,124,33.61,101.55,47.49,21.32,0.96,4,-1,-1
137,75,536.02,250.02,12.81,26.65,0.27,1,-1,-1
137,201,1284.38,102.73,31.82,22.20,0.92,4,-1,-1
137,202,1324.48,66.56,25.43,17.94,0.90,4,-1,-1
137,203,1323.21,54.35,31.54,14.44,0.91,4,-1,-1
137,204,358.68,114.83,22.68,16.12,0.68,10,-1,-1
137,205,473.82,466.90,14.21,32.96,0.64,1,-1,-1
137,206,1325.90,29.99,21.85,13.58,0.88,4,-1,-1
137,208,1348.21,66.35,11.26,19.72,0.27,4,-1,-1
137,210,1341.28,60.96,17.43,15.95,0.38,4,-1,-1
137,115,577.88,117.13,13.33,21.15,0.23,1,-1,-1
137,179,363.78,109.78,14.03,18.59,0.36,2,-1,-1
137,159,1193.19,38.43,29.33,16.89,0.81,4,-1,-1
137,165,1238.87,19.78,32.84,16.63,0.46,5,-1,-1
137,116,639.66,116.86,15.10,22.93,0.60,1,-1,-1
137,229,540.03,83.35,38.42,22.09,0.61,5,-1,-1
137,230,1296.91,48.80,39.27,15.02,0.67,4,-1,-1
138,18,1169.27,471.25,108.30,51.42,0.99,4,-1,-1
138,23,1155.10,443.26,104.28,44.76,0.99,4,-1,-1
138,24,473.09,478.27,17.94,33.93,0.97,1,-1,-1
138,25,526.31,471.91,14.59,34.23,0.97,1,-1,-1
138,26,506.40,466.08,14.59,35.16,0.96,1,-1,-1
138,28,490.33,463.54,15.39,34.28,0.90,1,-1,-1
138,31,309.11,446.97,105.12,42.77,0.99,4,-1,-1
138,39,501.93,437.07,15.38,33.11,0.98,1,-1,-1
138,42,330.59,412.66,98.63,39.99,0.99,4,-1,-1
138,47,1103.37,360.38,90.78,45.69,0.99,4,-1,-1
138,48,352.61,376.81,93.60,39.25,0.99,4,-1,-1
138,54,515.62,548.31,60.84,88.38,1.00,4,-1,-1
138,55,1074.10,324.28,71.81,33.64,1.00,4,-1,-1
138,38,466.70,443.42,15.23,37.49,0.79,1,-1,-1
138,59,701.47,323.62,75.40,34.51,1.00,4,-1,-1
138,60,386.66,313.66,72.20,37.07,0.99,4,-1,-1
138,61,1062.06,290.91,64.94,31.47,0.99,4,-1,-1
138,63,424.60,259.26,67.96,30.69,0.98,4,-1,-1
138,64,702.50,260.08,62.03,24.19,0.99,4,-1,-1
138,65,709.19,272.78,65.75,31.28,0.99,4,-1,-1
138,66,967.12,253.30,12.01,24.65,0.41,1,-1,-1
138,69,999.07,268.90,15.38,26.44,0.24,1,-1,-1
138,70,1028.88,261.01,64.57,22.90,0.96,4,-1,-1
138,71,1043.54,273.94,68.37,29.10,0.96,4,-1,-1
138,72,1217.29,258.97,71.79,29.45,0.99,4,-1,-1
138,73,427.04,241.86,68.70,28.46,0.97,4,-1,-1
138,74,449.23,216.47,57.76,23.07,0.99,4,-1,-1
138,76,540.72,227.94,35.53,39.91,0.96,4,-1,-1
138,77,687.86,212.87,59.79,25.65,0.99,4,-1,-1
138,78,696.60,229.22,58.95,22.09,0.98,4,-1,-1
138,79,707.09,243.81,54.02,23.58,0.99,4,-1,-1
138,80,970.81,212.37,11.95,23.73,0.80,1,-1,-1
138,81,993.07,218.05,58.39,21.13,0.97,4,-1,-1
138,82,999.11,230.12,62.82,23.20,0.98,4,-1,-1
138,83,1020.41,243.32,56.06,23.48,0.87,4,-1,-1
138,88,712.75,163.29,28.11,28.12,0.98,4,-1,-1
138,89,748.74,164.97,26.57,25.89,0.98,4,-1,-1
138,90,775.27,164.78,28.13,25.06,0.97,4,-1,-1
138,91,806.77,166.13,25.83,26.69,0.96,4,-1,-1
138,92,942.87,165.38,30.31,25.41,0.99,4,-1,-1
138,94,990.52,201.83,11.91,24.91,0.60,1,-1,-1
138,95,973.44,165.14,29.02,26.96,0.99,4,-1,-1
138,98,1001.33,167.88,32.46,26.50,0.99,4,-1,-1
138,99,1197.80,165.08,43.87,28.93,0.99,4,-1,-1
138,101,436.99,228.66,62.71,23.66,0.99,4,-1,-1
138,102,682.89,162.32,26.38,25.59,0.99,4,-1,-1
138,104,1110.04,164.94,13.14,26.45,0.88,1,-1,-1
138,105,395.49,296.61,74.98,30.27,0.88,4,-1,-1
138,111,1109.65,244.82,12.11,25.23,0.97,1,-1,-1
138,113,132.39,92.95,52.55,23.24,0.99,4,-1,-1
138,114,277.31,92.60,47.58,21.11,0.95,4,-1,-1
138,117,687.82,90.50,44.08,19.69,0.89,4,-1,-1
138,119,981.16,255.55,13.69,25.93,0.55,1,-1,-1
138,123,69.10,69.24,39.68,20.81,0.96,4,-1,-1
138,125,143.08,66.50,43.78,22.58,0.99,4,-1,-1
138,126,540.10,65.64,38.51,21.72,0.60,4,-1,-1
138,129,1175.03,42.37,25.62,19.97,0.95,4,-1,-1
138,130,1226.51,71.02,26.74,22.82,0.98,4,-1,-1
138,131,1251.14,83.12,35.52,25.13,0.99,4,-1,-1
138,132,1253.35,38.89,28.89,19.78,0.97,4,-1,-1
138,134,-0.14,68.40,20.32,20.88,0.29,4,-1,-1
138,135,44.15,68.65,34.34,20.38,0.83,4,-1,-1
138,137,463.16,70.79,24.78,20.31,0.98,4,-1,-1
138,138,732.34,69.16,40.05,21.39,0.88,4,-1,-1
138,142,1112.43,6.06,25.52,19.32,0.89,4,-1,-1
138,143,1155.59,17.68,34.17,17.36,0.70,4,-1,-1
138,144,1157.72,29.81,20.52,21.32,0.73,4,-1,-1
138,145,1176.77,1.54,34.07,16.91,0.69,5,-1,-1
138,147,1187.57,15.25,32.24,16.51,0.55,4,-1,-1
138,148,1203.13,56.84,25.62,20.82,0.98,4,-1,-1
138,149,1203.63,22.16,35.65,17.38,0.87,4,-1,-1
138,150,1241.16,1.35,34.34,15.98,0.78,4,-1,-1
138,153,1261.73,10.77,31.25,14.50,0.47,4,-1,-1
138,154,1276.14,16.86,32.46,14.00,0.55,4,-1,-1
138,155,1281.35,23.84,36.29,16.97,0.69,4,-1,-1
138,156,308.16,65.77,31.10,23.37,0.97,4,-1,-1
138,167,617.24,89.16,45.97,20.27,0.93,4,-1,-1
138,169,217.22,64.89,30.09,23.18,0.65,5,-1,-1
138,173,974.04,252.71,12.40,25.30,0.38,1,-1,-1
138,84,1101.61,246.76,11.94,23.98,0.92,1,-1,-1
138,177,23.73,67.53,32.75,19.59,0.74,4,-1,-1
138,172,1273.36,44.75,23.49,19.24,0.93,4,-1,-1
138,195,1292.23,30.87,36.72,15.34,0.91,4,-1,-1
138,199,1310.29,30.19,37.70,14.77,0.35,4,-1,-1
138,124,29.09,84.12,48.15,22.34,0.96,4,-1,-1
138,75,535.03,232.94,13.37,27.39,0.45,1,-1,-1
138,201,1287.85,85.87,31.14,22.15,0.84,4,-1,-1
138,202,1328.47,48.79,25.61,18.11,0.97,4,-1,-1
138,203,1327.00,37.12,30.92,14.76,0.92,4,-1,-1
138,204,353.76,97.93,23.25,15.92,0.91,10,-1,-1
138,205,473.12,450.30,14.41,33.78,0.56,1,-1,-1
138,206,1330.69,11.98,20.93,13.81,0.27,4,-1,-1
138,115,577.38,99.51,13.53,21.71,0.78,1,-1,-1
138,179,359.34,93.22,13.51,17.61,0.94,2,-1,-1
138,159,1196.68,20.62,32.48,15.98,0.76,4,-1,-1
138,165,1243.96,3.52,32.56,15.18,0.55,4,-1,-1
138,116,639.72,99.26,15.88,22.89,0.82,1,-1,-1
138,231,1194.46,19.26,30.74,15.39,0.65,4,-1,-1
139,18,1169.64,454.54,109.03,51.34,0.97,4,-1,-1
139,23,1154.71,425.56,105.41,45.70,0.99,4,-1,-1
139,24,473.14,461.08,18.53,34.68,0.96,1,-1,-1
139,25,526.59,455.32,14.55,34.15,0.97,1,-1,-1
139,26,506.66,448.69,14.55,33.95,0.94,1,-1,-1
139,28,491.50,446.67,14.85,33.66,0.92,1,-1,-1
139,31,308.32,429.29,105.42,43.33,0.99,4,-1,-1
139,39,501.85,420.28,15.38,33.81,0.96,1,-1,-1
139,42,329.56,396.01,98.76,39.55,0.98,4,-1,-1
139,47,1104.88,342.71,90.69,46.02,0.99,4,-1,-1
139,48,351.62,359.51,93.77,39.32,0.99,4,-1,-1
139,54,512.76,535.62,62.06,89.02,1.00,4,-1,-1
139,55,1076.30,307.24,70.71,32.65,0.99,4,-1,-1
139,38,466.73,426.81,14.78,36.06,0.79,1,-1,-1
139,59,701.85,306.44,75.28,34.33,0.99,4,-1,-1
139,60,386.06,296.52,71.82,36.62,0.99,4,-1,-1
139,61,1063.77,274.02,64.95,31.31,0.98,4,-1,-1
139,63,423.84,241.46,67.81,31.04,0.99,4,-1,-1
139,64,702.48,242.20,62.82,24.85,0.99,4,-1,-1
139,65,709.26,255.00,65.81,31.52,0.99,4,-1,-1
139,66,967.71,235.70,11.97,24.20,0.80,1,-1,-1
139,69,999.97,250.93,15.38,26.19,0.56,1,-1,-1
139,70,1031.02,243.24,63.71,22.75,0.96,4,-1,-1
139,71,1044.47,256.27,69.51,29.36,0.97,4,-1,-1
139,72,1219.28,241.46,72.90,29.19,0.98,4,-1,-1
139,73,426.18,224.10,69.07,28.60,0.96,4,-1,-1
139,74,448.15,198.17,58.55,23.74,0.94,4,-1,-1
139,76,539.92,209.79,36.35,40.94,0.90,4,-1,-1
139,77,688.18,195.05,60.39,25.68,0.98,4,-1,-1
139,78,697.37,211.71,58.41,22.11,0.99,4,-1,-1
139,79,707.44,225.80,54.42,24.35,0.99,4,-1,-1
139,80,971.94,193.24,13.07,23.71,0.90,1,-1,-1
139,81,994.55,200.26,59.31,21.27,0.96,4,-1,-1
139,82,1000.00,211.90,63.11,23.89,0.83,4,-1,-1
139,83,1022.48,225.65,55.16,23.49,0.88,4,-1,-1
139,88,713.29,145.10,28.17,28.05,0.97,4,-1,-1
139,89,748.98,146.53,27.07,26.15,0.98,4,-1,-1
139,90,775.75,146.33,28.76,25.44,0.98,4,-1,-1
139,91,807.63,147.86,26.26,26.99,0.97,4,-1,-1
139,92,944.20,146.91,30.63,25.58,0.99,4,-1,-1
139,94,992.20,184.03,13.06,25.68,0.74,1,-1,-1
139,95,974.93,146.84,29.03,26.82,0.99,4,-1,-1
139,98,1003.02,149.60,32.48,27.07,0.96,4,-1,-1
139,99,1201.28,146.55,43.18,29.04,0.98,4,-1,-1
139,101,436.61,209.82,61.99,24.07,0.99,4,-1,-1
139,102,683.37,143.30,26.48,26.62,0.98,4,-1,-1
139,104,1112.74,144.66,12.41,26.12,0.83,1,-1,-1
139,105,394.71,279.15,75.03,30.05,0.98,4,-1,-1
139,111,1112.29,227.63,12.01,25.79,0.97,1,-1,-1
139,113,127.22,73.83,52.18,23.43,0.99,4,-1,-1
139,114,272.40,73.44,49.14,21.99,0.99,4,-1,-1
139,117,685.49,71.89,44.29,19.95,0.76,4,-1,-1
139,119,982.57,237.40,13.69,25.51,0.76,1,-1,-1
139,123,65.62,50.27,40.11,20.83,0.98,4,-1,-1
139,125,140.39,47.06,44.24,23.55,1.00,4,-1,-1
139,126,538.93,46.17,39.56,22.45,0.59,4,-1,-1
139,129,1178.90,22.73,25.62,19.66,0.94,4,-1,-1
139,130,1230.22,51.95,27.17,23.49,0.97,4,-1,-1
139,131,1255.57,64.13,35.79,26.05,0.96,4,-1,-1
139,132,1256.31,19.24,30.13,19.84,0.92,4,-1,-1
139,134,-0.19,48.53,16.88,20.57,0.46,4,-1,-1
139,135,40.54,49.41,35.21,20.19,0.97,4,-1,-1
139,137,462.52,51.70,24.22,20.51,0.98,4,-1,-1
139,138,732.66,50.04,41.26,21.95,0.90,4,-1,-1
139,143,1158.88,-0.30,35.31,15.16,0.15,4,-1,-1
139,144,1161.71,9.58,20.53,21.96,0.85,4,-1,-1
139,148,1205.96,37.82,26.76,20.70,0.95,4,-1,-1
139,149,1207.27,1.73,36.90,17.25,0.21,4,-1,-1
139,155,1285.69,3.44,32.34,17.43,0.34,4,-1,-1
139,156,306.10,46.68,31.40,23.62,0.95,4,-1,-1
139,167,615.03,69.98,46.65,20.50,0.94,4,-1,-1
139,169,214.51,45.58,30.25,24.30,0.74,5,-1,-1
139,173,975.10,235.52,12.12,24.43,0.54,1,-1,-1
139,84,1103.90,229.58,11.95,24.54,0.94,1,-1,-1
139,177,19.72,48.44,32.43,19.58,0.87,4,-1,-1
139,172,1276.10,25.41,24.92,19.71,0.71,4,-1,-1
139,195,1295.44,9.41,38.43,16.39,0.39,4,-1,-1
139,199,1317.05,10.25,37.81,16.61,0.21,4,-1,-1
139,124,24.04,64.59,48.58,22.58,0.98,4,-1,-1
139,75,533.76,214.72,14.13,27.38,0.85,1,-1,-1
139,201,1292.39,66.63,30.87,21.27,0.78,4,-1,-1
139,202,1332.62,29.56,24.54,18.03,0.50,4,-1,-1
139,203,1331.07,17.21,28.40,15.78,0.55,4,-1,-1
139,204,349.54,78.51,22.34,17.13,0.82,10,-1,-1
139,205,472.83,433.65,14.49,34.22,0.67,1,-1,-1
139,115,576.84,80.20,13.60,22.20,0.62,1,-1,-1
139,179,353.99,73.49,14.18,19.08,0.44,2,-1,-1
139,116,640.20,81.10,14.53,21.99,0.33,1,-1,-1
139,232,1003.21,186.55,13.66,24.33,0.73,1,-1,-1
140,18,1170.35,436.46,110.44,51.45,0.99,4,-1,-1
140,23,1156.81,407.67,104.72,44.78,0.99,4,-1,-1
140,24,473.41,443.00,18.19,34.96,0.96,1,-1,-1
140,25,526.66,438.31,15.10,33.56,0.97,1,-1,-1
140,26,507.28,429.68,14.53,34.64,0.97,1,-1,-1
140,28,493.06,428.57,14.08,32.71,0.87,1,-1,-1
140,31,308.69,411.58,104.98,42.97,0.99,4,-1,-1
140,39,500.95,402.33,15.95,34.64,0.98,1,-1,-1
140,42,329.57,377.70,98.53,40.24,0.98,4,-1,-1
140,47,1106.01,324.70,91.79,45.86,0.99,4,-1,-1
140,48,350.64,341.53,94.41,39.07,0.99,4,-1,-1
140,54,510.58,521.64,62.52,90.35,0.99,4,-1,-1
140,55,1077.68,288.77,71.43,32.83,1.00,4,-1,-1
140,38,466.16,408.80,14.60,36.51,0.71,1,-1,-1
140,59,701.96,287.93,75.80,34.82,0.99,4,-1,-1
140,60,385.37,277.61,71.82,37.00,0.99,4,-1,-1
140,61,1065.53,255.31,64.96,30.97,0.99,4,-1,-1
140,63,422.38,222.30,68.62,31.17,0.99,4,-1,-1
140,64,703.01,223.14,63.13,24.82,0.99,4,-1,-1
140,65,709.83,236.25,65.84,31.61,0.99,4,-1,-1
140,66,969.04,217.18,11.96,22.89,0.79,1,-1,-1
140,69,1002.56,231.69,14.25,26.10,0.52,1,-1,-1
140,70,1032.38,224.07,63.39,22.13,0.96,4,-1,-1
140,71,1047.06,237.12,68.82,29.17,0.97,4,-1,-1
140,72,1222.28,222.36,73.32,29.09,0.97,4,-1,-1
140,73,425.68,205.02,68.79,28.85,0.97,4,-1,-1
140,74,446.29,178.61,59.99,23.64,0.99,4,-1,-1
140,76,539.31,190.27,36.66,41.54,0.66,4,-1,-1
140,77,688.55,175.24,60.62,25.97,0.96,4,-1,-1
140,78,697.63,192.37,58.78,22.47,0.99,4,-1,-1
140,79,707.83,206.41,55.15,24.64,0.99,4,-1,-1
140,80,974.02,173.08,13.47,23.13,0.95,1,-1,-1
140,81,997.35,180.71,59.66,22.03,0.97,4,-1,-1
140,82,1002.59,192.63,63.22,23.94,0.88,4,-1,-1
140,83,1024.39,206.51,54.82,22.93,0.89,4,-1,-1
140,88,713.75,124.58,28.76,28.73,0.97,4,-1,-1
140,89,749.88,126.41,27.27,26.68,0.97,4,-1,-1
140,90,776.75,125.99,28.44,26.15,0.97,4,-1,-1
140,91,808.49,127.16,26.43,27.95,0.90,4,-1,-1
140,92,945.81,126.83,30.75,25.79,0.98,4,-1,-1
140,94,994.48,164.42,13.48,26.24,0.81,1,-1,-1
140,95,977.17,126.82,29.03,27.05,0.99,4,-1,-1
140,98,1005.34,129.66,32.49,27.01,0.99,4,-1,-1
140,99,1204.86,126.93,42.90,28.38,0.99,4,-1,-1
140,101,435.73,190.75,61.85,23.74,0.98,4,-1,-1
140,102,683.24,122.89,27.08,27.14,0.99,4,-1,-1
140,104,1116.05,124.98,12.11,25.84,0.90,1,-1,-1
140,105,394.52,260.54,74.34,29.97,0.96,4,-1,-1
140,111,1114.95,208.79,11.97,26.00,0.98,1,-1,-1
140,113,121.55,52.77,52.33,23.92,0.98,4,-1,-1
140,114,267.77,52.46,50.01,22.72,0.97,4,-1,-1
140,117,683.52,51.42,44.94,19.62,0.83,4,-1,-1
140,119,984.22,217.94,13.69,24.77,0.71,1,-1,-1
140,123,62.02,29.06,40.06,20.91,0.98,4,-1,-1
140,125,137.05,25.95,44.42,23.44,0.99,4,-1,-1
140,126,536.48,25.48,41.09,22.56,0.72,4,-1,-1
140,129,1182.04,1.40,26.76,18.98,0.90,4,-1,-1
140,130,1234.44,31.05,27.33,22.91,0.99,4,-1,-1
140,131,1260.06,43.43,35.89,25.49,0.98,4,-1,-1
140,132,1261.88,-0.39,30.61,17.85,0.87,4,-1,-1
140,134,-0.25,24.01,14.18,22.55,0.29,4,-1,-1
140,135,36.51,28.02,35.82,20.89,0.94,4,-1,-1
140,137,460.80,30.54,25.15,21.07,0.97,4,-1,-1
140,138,733.02,28.86,41.72,21.96,0.86,4,-1,-1
140,148,1210.93,16.19,26.07,21.10,0.98,4,-1,-1
140,156,303.44,25.31,32.08,24.17,0.97,4,-1,-1
140,167,613.38,49.00,46.91,20.81,0.98,4,-1,-1
140,169,211.03,24.84,30.60,23.72,0.76,5,-1,-1
140,84,1105.86,210.53,11.95,25.09,0.94,1,-1,-1
140,177,15.91,27.07,33.26,19.86,0.80,4,-1,-1
140,172,1281.02,3.30,25.47,20.67,0.63,4,-1,-1
140,124,18.53,43.55,49.11,22.66,0.99,4,-1,-1
140,75,533.24,195.47,13.87,27.30,0.39,1,-1,-1
140,201,1297.49,45.73,31.91,21.66,0.71,4,-1,-1
140,202,1337.62,7.14,21.84,19.06,0.21,4,-1,-1
140,204,343.16,58.28,23.98,17.50,0.67,10,-1,-1
140,205,472.13,415.49,15.09,34.66,0.76,1,-1,-1
140,115,576.89,58.74,12.50,22.53,0.29,1,-1,-1
140,179,348.95,53.35,14.14,19.64,0.50,2,-1,-1
140,116,640.05,59.23,15.12,23.07,0.71,1,-1,-1
140,232,1005.57,167.72,13.67,24.35,0.77,1,-1,-1
140,233,1191.04,32.50,8.54,18.04,0.65,1,-1,-1
140,213,1180.76,32.65,10.25,19.43,0.77,1,-1,-1
141,18,1172.52,419.76,108.77,51.89,0.99,4,-1,-1
141,23,1157.22,390.33,106.76,46.09,0.99,4,-1,-1
141,24,473.87,426.18,18.64,35.07,0.95,1,-1,-1
141,25,527.04,422.28,15.32,33.78,0.97,1,-1,-1
141,26,507.56,412.64,15.11,35.33,0.96,1,-1,-1
141,28,494.27,411.60,14.38,32.80,0.91,1,-1,-1
141,31,307.44,394.54,106.27,43.50,0.99,4,-1,-1
141,39,500.66,385.54,16.19,34.95,0.95,1,-1,-1
141,42,329.30,360.98,99.04,40.46,0.99,4,-1,-1
141,47,1107.71,307.18,92.25,46.05,1.00,4,-1,-1
141,48,350.14,324.21,94.54,39.79,1.00,4,-1,-1
141,54,508.52,510.16,63.84,91.95,1.00,4,-1,-1
141,55,1078.89,270.38,72.86,33.72,1.00,4,-1,-1
141,38,465.99,392.28,15.70,38.09,0.75,1,-1,-1
141,59,701.76,270.67,76.60,34.42,0.99,4,-1,-1
141,60,384.38,260.20,72.28,37.41,0.99,4,-1,-1
141,61,1067.99,236.69,64.99,31.10,0.99,4,-1,-1
141,63,420.94,203.79,69.23,31.76,0.99,4,-1,-1
141,64,703.50,205.03,63.26,24.85,0.99,4,-1,-1
141,65,709.78,217.77,67.00,32.19,0.99,4,-1,-1
141,66,970.17,197.94,11.97,23.41,0.67,1,-1,-1
141,69,1004.18,212.62,15.00,26.64,0.52,1,-1,-1
141,70,1035.24,205.35,63.29,22.80,0.99,4,-1,-1
141,71,1049.27,218.76,68.58,29.36,0.98,4,-1,-1
141,72,1225.23,203.38,73.51,29.74,0.98,4,-1,-1
141,73,424.17,186.39,69.70,28.57,0.99,4,-1,-1
141,74,445.53,159.65,60.00,24.00,0.98,4,-1,-1
141,76,538.49,171.22,36.80,41.83,0.88,4,-1,-1
141,77,688.40,155.94,61.86,26.48,0.99,4,-1,-1
141,78,697.73,172.81,60.07,23.01,0.99,4,-1,-1
141,79,707.98,187.75,55.45,24.73,0.99,4,-1,-1
141,80,975.98,153.31,13.64,23.49,0.91,1,-1,-1
141,81,999.60,161.59,59.81,21.88,0.98,4,-1,-1
141,82,1005.32,174.03,63.29,23.51,0.97,4,-1,-1
141,83,1025.73,188.09,55.86,22.99,0.97,4,-1,-1
141,88,714.74,104.99,28.44,28.56,0.98,4,-1,-1
141,89,750.48,106.88,27.36,26.45,0.98,4,-1,-1
141,90,777.40,106.30,28.89,26.27,0.96,4,-1,-1
141,91,809.38,107.64,27.07,27.79,0.97,4,-1,-1
141,92,948.13,107.17,30.81,26.14,0.99,4,-1,-1
141,94,998.18,144.86,12.55,25.48,0.74,1,-1,-1
141,95,979.17,106.99,30.19,27.79,0.99,4,-1,-1
141,98,1007.95,109.81,32.51,27.26,0.99,4,-1,-1
141,99,1208.55,106.79,42.82,28.65,0.99,4,-1,-1
141,101,434.07,172.34,62.25,24.01,0.99,4,-1,-1
141,102,684.00,103.71,26.77,26.36,0.96,4,-1,-1
141,104,1119.04,104.33,12.02,26.44,0.82,1,-1,-1
141,105,393.71,242.25,74.25,31.05,0.97,4,-1,-1
141,111,1117.15,190.71,13.11,25.80,0.98,1,-1,-1
141,113,115.46,32.24,52.54,24.23,0.99,4,-1,-1
141,114,262.99,32.17,50.36,23.03,0.99,4,-1,-1
141,117,681.66,31.25,45.21,19.38,0.72,4,-1,-1
141,119,986.61,198.50,13.70,26.20,0.69,1,-1,-1
141,123,57.85,8.27,39.64,21.11,0.98,4,-1,-1
141,125,133.42,5.20,44.65,23.45,1.00,4,-1,-1
141,126,536.28,4.48,41.13,23.02,0.59,4,-1,-1
141,130,1239.46,9.48,27.41,22.99,0.90,4,-1,-1
141,131,1264.63,22.73,35.95,24.64,0.96,4,-1,-1
141,135,32.20,7.44,35.42,20.82,0.94,4,-1,-1
141,137,459.49,9.57,25.51,21.49,0.98,4,-1,-1
141,138,734.23,8.51,41.35,21.34,0.72,4,-1,-1
141,156,301.02,4.48,32.08,24.63,0.93,4,-1,-1
141,167,611.33,28.19,47.02,21.11,0.95,4,-1,-1
141,169,207.93,3.82,30.68,23.94,0.54,5,-1,-1
141,84,1108.37,192.44,13.10,24.54,0.94,1,-1,-1
141,177,11.52,6.33,33.16,20.34,0.93,4,-1,-1
141,124,13.32,23.03,48.96,22.75,0.98,4,-1,-1
141,75,532.45,176.59,14.34,28.05,0.46,1,-1,-1
141,204,336.71,39.14,25.42,18.07,0.54,10,-1,-1
141,205,470.26,396.52,15.89,36.94,0.73,1,-1,-1
141,115,575.98,38.69,13.26,22.76,0.32,1,-1,-1
141,179,341.08,34.73,17.81,20.33,0.37,2,-1,-1
141,116,640.50,39.22,14.23,22.14,0.87,1,-1,-1
141,232,1008.13,148.17,12.37,24.03,0.66,1,-1,-1
141,233,1194.31,12.16,9.92,19.22,0.71,1,-1,-1
141,213,1185.15,12.01,10.27,20.31,0.37,1,-1,-1
141,234,1005.77,195.09,13.66,23.27,0.71,1,-1,-1
141,50,472.24,399.75,15.41,34.60,0.50,1,-1,-1
142,18,1173.03,419.30,109.23,52.05,0.99,4,-1,-1
142,23,1157.66,389.92,107.51,46.16,0.99,4,-1,-1
142,24,474.16,425.21,18.80,34.67,0.96,1,-1,-1
142,25,527.01,422.59,14.84,33.29,0.98,1,-1,-1
142,26,507.77,411.61,15.32,35.44,0.97,1,-1,-1
142,28,494.82,410.72,14.49,33.11,0.95,1,-1,-1
142,31,306.56,394.20,105.89,43.70,0.99,4,-1,-1
142,39,499.83,385.16,16.27,33.94,0.95,1,-1,-1
142,42,328.09,360.05,99.77,40.83,0.99,4,-1,-1
142,47,1109.20,305.45,92.40,46.97,0.99,4,-1,-1
142,48,349.54,322.80,94.00,40.33,1.00,4,-1,-1
142,54,505.94,514.87,64.87,93.08,1.00,4,-1,-1
142,55,1080.77,268.75,72.26,33.77,1.00,4,-1,-1
142,38,465.76,391.72,15.54,38.12,0.78,1,-1,-1
142,59,702.06,268.17,76.88,35.39,0.99,4,-1,-1
142,60,383.32,258.48,72.72,37.28,1.00,4,-1,-1
142,61,1068.64,234.42,66.12,31.43,0.99,4,-1,-1
142,63,420.41,201.04,69.31,31.91,0.99,4,-1,-1
142,64,702.94,201.81,64.43,25.43,0.99,4,-1,-1
142,65,709.85,214.83,67.43,32.96,0.99,4,-1,-1
142,66,970.92,195.12,11.97,23.02,0.62,1,-1,-1
142,69,1004.55,209.55,15.26,27.33,0.76,1,-1,-1
142,70,1035.48,202.70,65.52,23.26,0.98,4,-1,-1
142,71,1050.40,216.03,69.61,29.43,0.96,4,-1,-1
142,72,1226.60,200.64,74.70,29.63,0.98,4,-1,-1
142,73,423.48,183.03,70.03,29.32,0.95,4,-1,-1
142,74,443.71,155.91,61.67,23.99,0.98,4,-1,-1
142,76,538.02,168.35,36.84,41.65,0.92,4,-1,-1
142,77,689.00,152.50,61.19,25.96,0.97,4,-1,-1
142,78,697.58,169.06,60.55,23.49,0.99,4,-1,-1
142,79,707.85,184.46,56.12,25.05,0.99,4,-1,-1
142,80,977.03,150.01,13.70,23.91,0.88,1,-1,-1
142,81,1000.20,158.08,59.86,21.96,0.96,4,-1,-1
142,82,1006.11,170.72,64.43,23.77,0.95,4,-1,-1
142,83,1027.12,184.56,57.37,24.15,0.94,4,-1,-1
142,88,714.65,100.92,28.87,28.59,0.99,4,-1,-1
142,89,750.52,102.87,27.38,26.35,0.99,4,-1,-1
142,90,778.01,102.13,28.50,26.21,0.98,4,-1,-1
142,91,810.07,103.32,26.75,27.68,0.99,4,-1,-1
142,92,949.34,103.19,30.83,26.26,0.99,4,-1,-1
142,94,999.89,141.04,13.32,26.60,0.80,1,-1,-1
142,95,980.25,102.85,29.50,28.11,0.99,4,-1,-1
142,98,1008.68,105.84,32.51,27.34,0.99,4,-1,-1
142,99,1210.78,102.90,42.78,28.50,0.99,4,-1,-1
142,101,433.61,168.44,62.95,24.39,0.99,4,-1,-1
142,102,684.40,99.64,26.63,26.08,0.99,4,-1,-1
142,104,1120.45,100.92,13.12,26.66,0.76,1,-1,-1
142,105,392.01,240.21,75.48,30.61,0.97,4,-1,-1
142,111,1118.84,187.72,13.53,26.00,0.97,1,-1,-1
142,113,111.00,27.70,51.62,23.04,0.98,4,-1,-1
142,114,259.06,26.78,49.36,22.54,0.99,4,-1,-1
142,117,678.89,25.68,44.17,19.81,0.80,4,-1,-1
142,119,987.27,195.73,13.70,25.82,0.81,1,-1,-1
142,123,54.91,2.62,40.47,21.11,0.96,4,-1,-1
142,125,131.22,0.79,44.30,21.81,1.00,4,-1,-1
142,126,534.66,0.46,42.26,21.46,0.70,4,-1,-1
142,130,1242.21,3.73,27.43,22.16,0.65,4,-1,-1
142,131,1267.18,17.27,35.96,23.89,0.96,4,-1,-1
142,135,29.54,1.91,36.02,20.55,0.90,4,-1,-1
142,137,458.58,3.81,25.64,21.59,0.97,4,-1,-1
142,138,734.50,3.03,41.19,21.32,0.84,4,-1,-1
142,156,299.31,0.46,31.79,22.77,0.89,4,-1,-1
142,167,609.05,22.87,47.62,21.08,0.96,4,-1,-1
142,169,206.27,0.28,30.14,21.74,0.52,5,-1,-1
142,84,1110.72,190.29,13.52,24.17,0.80,1,-1,-1
142,177,9.01,1.47,34.43,19.34,0.83,4,-1,-1
142,124,9.25,17.81,49.39,22.21,0.99,4,-1,-1
142,75,531.99,173.44,13.96,27.77,0.77,1,-1,-1
142,204,335.81,30.18,18.01,19.02,0.88,2,-1,-1
142,205,469.37,395.86,16.19,37.24,0.76,1,-1,-1
142,115,575.50,33.74,13.53,22.52,0.27,1,-1,-1
142,179,333.89,32.33,21.45,17.91,0.77,2,-1,-1
142,116,639.94,34.00,15.02,22.39,0.75,1,-1,-1
142,232,1009.29,144.23,13.33,25.42,0.69,1,-1,-1
142,233,1196.24,7.07,8.92,19.74,0.66,1,-1,-1
142,213,1186.99,6.78,10.27,19.85,0.66,1,-1,-1
142,50,471.84,398.81,15.40,34.62,0.45,1,-1,-1
142,235,336.18,29.03,17.08,17.72,0.64,2,-1,-1
142,236,533.62,0.07,43.54,20.73,0.70,5,-1,-1
142,237,1197.87,5.38,8.54,20.04,0.64,1,-1,-1
143,18,1173.39,421.33,109.32,52.67,1.00,4,-1,-1
143,23,1158.00,392.00,108.82,46.32,0.99,4,-1,-1
143,24,474.35,426.84,18.28,34.50,0.94,1,-1,-1
143,25,526.76,424.85,14.63,33.24,0.96,1,-1,-1
143,26,508.45,413.82,14.82,34.61,0.97,1,-1,-1
143,28,495.64,412.42,13.94,33.22,0.97,1,-1,-1
143,31,305.88,396.32,105.94,43.78,0.99,4,-1,-1
143,39,498.76,387.47,16.27,32.96,0.90,1,-1,-1
143,42,327.70,361.71,99.40,40.97,0.99,4,-1,-1
143,47,1109.99,307.08,91.24,47.03,0.99,4,-1,-1
143,48,348.96,324.16,94.00,40.26,0.99,4,-1,-1
143,54,502.54,522.12,65.17,94.55,0.99,4,-1,-1
143,55,1081.17,270.01,73.10,33.79,1.00,4,-1,-1
143,38,465.23,393.52,15.45,37.54,0.86,1,-1,-1
143,59,701.86,269.56,76.93,35.20,0.99,4,-1,-1
143,60,382.98,259.65,72.40,37.50,1.00,4,-1,-1
143,61,1069.16,235.32,65.37,31.84,0.99,4,-1,-1
143,63,419.56,201.94,69.84,31.75,0.99,4,-1,-1
143,64,702.71,202.34,64.26,25.30,0.99,4,-1,-1
143,65,709.86,215.88,67.53,32.76,0.99,4,-1,-1
143,66,971.00,195.96,11.96,22.94,0.66,1,-1,-1
143,69,1005.01,210.23,15.34,27.36,0.61,1,-1,-1
143,70,1036.44,203.54,65.19,23.22,0.99,4,-1,-1
143,71,1050.56,216.84,69.94,29.53,0.97,4,-1,-1
143,72,1227.29,201.36,75.08,29.95,0.98,4,-1,-1
143,73,422.99,183.66,69.67,29.17,0.98,4,-1,-1
143,74,443.76,155.91,61.13,24.27,0.99,4,-1,-1
143,76,537.68,168.71,36.81,41.84,0.89,4,-1,-1
143,77,688.96,152.98,61.44,26.19,1.00,4,-1,-1
143,78,697.79,169.41,60.68,23.82,0.99,4,-1,-1
143,79,708.06,184.71,55.76,25.59,0.99,4,-1,-1
143,80,977.76,150.30,13.71,23.77,0.92,1,-1,-1
143,81,1000.19,158.48,59.83,21.85,0.98,4,-1,-1
143,82,1006.17,171.05,64.81,24.29,0.91,4,-1,-1
143,83,1027.96,184.95,56.78,24.58,0.94,4,-1,-1
143,88,714.62,100.86,29.01,28.59,0.99,4,-1,-1
143,89,750.79,102.88,27.37,26.56,0.99,4,-1,-1
143,90,778.48,102.19,28.31,26.38,0.98,4,-1,-1
143,91,810.55,103.40,26.59,27.76,0.97,4,-1,-1
143,92,949.63,103.20,30.80,26.55,0.99,4,-1,-1
143,94,1001.43,141.21,13.58,26.15,0.80,1,-1,-1
143,95,981.02,102.91,29.20,28.21,0.99,4,-1,-1
143,98,1009.30,105.93,32.48,27.47,0.99,4,-1,-1
143,99,1211.81,103.16,42.73,28.47,0.99,4,-1,-1
143,101,433.20,168.44,62.75,24.67,0.99,4,-1,-1
143,102,684.29,99.73,26.55,25.75,0.98,4,-1,-1
143,104,1121.26,101.30,13.51,26.73,0.66,1,-1,-1
143,105,391.85,240.99,75.32,31.00,0.98,4,-1,-1
143,111,1120.25,189.16,13.67,26.20,0.95,1,-1,-1
143,113,107.86,27.17,51.23,22.58,0.99,4,-1,-1
143,114,255.64,26.14,49.78,22.21,0.99,4,-1,-1
143,117,675.42,25.08,44.88,20.30,0.79,4,-1,-1
143,119,987.86,196.17,13.69,25.93,0.81,1,-1,-1
143,123,53.68,1.74,41.04,21.03,0.96,4,-1,-1
143,125,130.44,0.23,44.41,21.52,1.00,4,-1,-1
143,126,534.78,0.14,42.08,20.76,0.76,4,-1,-1
143,130,1243.44,3.23,27.40,22.24,0.64,4,-1,-1
143,131,1268.88,16.92,34.80,23.79,0.96,4,-1,-1
143,135,28.76,0.97,35.89,20.32,0.91,4,-1,-1
143,137,458.46,3.10,25.66,21.33,0.97,4,-1,-1
143,138,734.34,2.29,41.66,21.50,0.85,4,-1,-1
143,156,298.45,0.17,31.94,22.19,0.87,4,-1,-1
143,167,606.95,22.13,47.81,20.96,0.96,4,-1,-1
143,169,205.79,0.06,29.90,21.15,0.77,5,-1,-1
143,84,1112.41,191.83,13.67,23.73,0.88,1,-1,-1
143,177,7.62,0.68,34.73,19.15,0.80,4,-1,-1
143,124,7.30,17.03,49.12,22.14,0.98,4,-1,-1
143,75,531.96,173.89,13.78,27.50,0.85,1,-1,-1
143,204,333.25,27.81,14.64,20.10,0.85,10,-1,-1
143,205,469.42,398.90,15.72,36.20,0.74,1,-1,-1
143,115,575.47,33.71,13.61,22.31,0.24,1,-1,-1
143,179,327.77,32.93,24.25,16.84,0.74,2,-1,-1
143,116,640.08,33.57,14.72,22.54,0.70,1,-1,-1
143,232,1010.09,144.67,13.58,24.75,0.58,1,-1,-1
143,233,1196.44,6.87,8.53,19.36,0.66,1,-1,-1
143,213,1187.92,6.59,10.26,19.16,0.61,1,-1,-1
143,50,471.75,401.19,15.38,35.47,0.35,1,-1,-1
143,236,534.13,0.17,42.89,20.55,0.71,5,-1,-1
143,237,1198.84,5.67,8.55,19.86,0.61,1,-1,-1
143,173,979.34,195.04,12.00,24.86,0.53,1,-1,-1
144,18,1174.08,423.93,110.48,52.77,0.99,4,-1,-1
144,23,1159.24,394.33,108.18,46.24,0.99,4,-1,-1
144,24,474.45,428.83,18.06,34.44,0.93,1,-1,-1
144,25,526.39,427.34,14.55,33.80,0.90,1,-1,-1
144,26,508.44,415.32,15.19,35.30,0.91,1,-1,-1
144,28,495.67,414.15,14.31,33.26,0.88,1,-1,-1
144,31,304.81,398.61,105.95,43.39,0.99,4,-1,-1
144,39,498.11,389.42,16.27,33.16,0.93,1,-1,-1
144,42,326.47,363.54,99.53,40.74,0.99,4,-1,-1
144,47,1110.29,308.40,91.93,47.33,0.99,4,-1,-1
144,48,348.08,325.62,94.14,40.23,0.99,4,-1,-1
144,54,499.65,529.17,65.81,96.20,0.99,4,-1,-1
144,55,1081.89,271.07,73.40,34.36,0.99,4,-1,-1
144,38,465.06,395.41,14.85,37.31,0.82,1,-1,-1
144,59,701.80,270.92,76.94,35.12,0.99,4,-1,-1
144,60,382.48,260.62,72.70,37.87,1.00,4,-1,-1
144,61,1069.35,236.38,66.21,31.99,0.99,4,-1,-1
144,63,418.72,202.69,70.03,31.97,0.99,4,-1,-1
144,64,702.93,203.17,64.18,25.46,0.99,4,-1,-1
144,65,709.89,216.62,67.56,33.18,0.99,4,-1,-1
144,66,971.61,196.51,11.95,22.84,0.62,1,-1,-1
144,69,1005.75,210.87,15.37,27.59,0.42,1,-1,-1
144,70,1037.37,204.66,65.05,23.14,0.97,4,-1,-1
144,71,1051.18,217.80,70.06,29.78,0.97,4,-1,-1
144,72,1228.66,202.16,74.09,30.14,0.98,4,-1,-1
144,73,422.44,184.37,69.95,29.26,0.99,4,-1,-1
144,74,443.57,156.68,60.90,24.65,0.97,4,-1,-1
144,76,537.04,169.62,37.36,41.62,0.97,4,-1,-1
144,77,688.98,153.45,61.53,26.83,0.99,4,-1,-1
144,78,697.62,170.26,61.28,23.80,0.98,4,-1,-1
144,79,708.17,185.29,55.62,26.07,0.98,4,-1,-1
144,80,978.61,150.67,14.83,23.86,0.92,1,-1,-1
144,81,1000.77,159.02,62.08,22.66,0.98,4,-1,-1
144,82,1006.76,171.84,64.95,24.78,0.89,4,-1,-1
144,83,1027.71,186.38,57.67,24.05,0.94,4,-1,-1
144,88,714.64,100.93,29.05,29.09,0.98,4,-1,-1
144,89,750.92,103.04,27.36,26.70,0.99,4,-1,-1
144,90,778.97,102.62,28.24,26.48,0.98,4,-1,-1
144,91,811.03,103.71,26.53,27.90,0.97,4,-1,-1
144,92,949.75,103.41,30.79,26.69,0.99,4,-1,-1
144,94,1002.57,141.87,13.67,26.40,0.66,1,-1,-1
144,95,980.75,103.28,30.22,28.49,0.99,4,-1,-1
144,98,1008.98,106.32,33.60,27.55,0.99,4,-1,-1
144,99,1212.75,103.63,42.71,28.43,0.99,4,-1,-1
144,101,432.54,169.07,63.23,25.06,0.99,4,-1,-1
144,102,684.00,99.81,27.08,26.09,0.96,4,-1,-1
144,104,1122.13,101.32,13.66,27.21,0.59,1,-1,-1
144,105,390.99,241.40,76.10,32.00,0.98,4,-1,-1
144,111,1121.34,190.84,13.72,26.84,0.96,1,-1,-1
144,113,104.70,27.29,50.83,22.05,0.99,4,-1,-1
144,114,253.09,26.24,49.65,22.20,1.00,4,-1,-1
144,117,672.55,25.25,45.14,20.63,0.88,4,-1,-1
144,119,988.66,197.00,13.68,25.76,0.84,1,-1,-1
144,123,52.76,1.80,41.11,21.04,0.97,4,-1,-1
144,125,129.82,0.14,44.16,21.58,1.00,4,-1,-1
144,126,535.17,-0.00,41.44,20.71,0.44,4,-1,-1
144,130,1244.46,3.22,27.39,22.56,0.66,4,-1,-1
144,131,1269.48,17.16,35.50,23.98,0.96,4,-1,-1
144,135,28.23,0.77,34.92,20.28,0.92,4,-1,-1
144,137,458.20,3.16,25.67,21.02,0.97,4,-1,-1
144,138,734.04,2.15,42.39,21.82,0.88,4,-1,-1
144,156,298.35,0.12,31.43,22.02,0.89,4,-1,-1
144,167,605.14,21.97,47.31,21.17,0.89,4,-1,-1
144,169,205.27,-0.03,29.67,21.40,0.88,5,-1,-1
144,84,1113.60,193.33,13.72,23.85,0.60,1,-1,-1
144,177,6.85,0.53,34.34,18.95,0.79,4,-1,-1
144,124,5.47,17.00,49.25,22.26,0.99,4,-1,-1
144,75,531.71,174.41,13.72,28.11,0.88,1,-1,-1
144,204,330.13,27.54,13.37,19.94,0.66,10,-1,-1
144,205,469.50,402.00,14.96,35.78,0.79,1,-1,-1
144,179,323.12,33.61,25.18,16.52,0.77,2,-1,-1
144,116,639.90,32.69,14.60,23.20,0.31,1,-1,-1
144,232,1011.57,145.56,13.67,24.64,0.52,1,-1,-1
144,233,1197.13,7.71,8.44,18.89,0.63,1,-1,-1
144,213,1192.24,7.31,9.12,18.77,0.59,1,-1,-1
144,236,534.89,0.16,42.11,20.69,0.74,5,-1,-1
144,237,1199.78,6.55,8.55,19.68,0.66,1,-1,-1
144,173,980.10,195.48,11.97,24.82,0.48,1,-1,-1
145,18,1175.88,425.53,109.75,52.94,0.99,4,-1,-1
145,23,1161.27,396.13,106.76,47.48,0.99,4,-1,-1
145,24,474.83,430.69,17.41,33.69,0.89,1,-1,-1
145,25,526.01,429.37,13.94,33.30,0.92,1,-1,-1
145,26,508.76,416.59,15.32,35.54,0.95,1,-1,-1
145,28,495.72,415.50,15.00,33.84,0.89,1,-1,-1
145,31,303.26,400.15,106.20,43.52,0.98,4,-1,-1
145,39,497.65,390.99,16.82,34.09,0.94,1,-1,-1
145,42,324.57,365.21,100.68,40.65,0.98,4,-1,-1
145,47,1110.84,309.70,93.28,47.72,0.99,4,-1,-1
145,48,347.02,327.01,94.44,40.22,1.00,4,-1,-1
145,54,496.70,535.99,66.56,97.34,1.00,4,-1,-1
145,55,1082.60,272.70,73.49,34.01,0.99,4,-1,-1
145,38,463.64,397.39,15.18,36.65,0.83,1,-1,-1
145,59,702.08,271.91,76.91,35.37,0.99,4,-1,-1
145,60,381.98,261.44,72.64,38.01,0.99,4,-1,-1
145,61,1069.88,237.19,66.50,32.33,0.99,4,-1,-1
145,63,418.24,203.39,70.08,32.26,0.99,4,-1,-1
145,64,702.75,204.22,64.69,25.17,0.99,4,-1,-1
145,65,710.19,217.35,67.54,33.12,0.99,4,-1,-1
145,66,971.77,196.85,11.94,22.81,0.70,1,-1,-1
145,69,1005.95,211.46,15.37,27.45,0.43,1,-1,-1
145,70,1038.19,205.64,64.97,22.82,0.97,4,-1,-1
145,71,1051.31,218.71,71.20,29.88,0.94,4,-1,-1
145,72,1229.58,202.91,73.68,30.35,0.99,4,-1,-1
145,73,422.06,185.14,70.03,29.01,0.99,4,-1,-1
145,74,442.77,157.56,60.79,24.51,0.96,4,-1,-1
145,76,536.60,169.91,37.55,42.24,0.95,4,-1,-1
145,77,689.01,153.89,61.54,26.94,0.99,4,-1,-1
145,78,697.86,171.25,60.92,23.51,0.99,4,-1,-1
145,79,707.94,186.47,55.55,25.70,0.98,4,-1,-1
145,80,979.96,150.69,14.14,23.89,0.94,1,-1,-1
145,81,1001.47,159.59,62.90,22.96,0.98,4,-1,-1
145,82,1007.46,173.05,64.97,24.40,0.93,4,-1,-1
145,83,1028.10,186.85,57.99,23.98,0.94,4,-1,-1
145,88,714.67,101.46,29.06,29.05,0.98,4,-1,-1
145,89,751.26,103.40,27.34,26.82,0.96,4,-1,-1
145,90,779.15,103.01,28.20,26.65,0.98,4,-1,-1
145,91,811.21,104.26,26.49,28.15,0.96,4,-1,-1
145,92,950.30,103.91,30.77,26.70,0.98,4,-1,-1
145,94,1003.46,142.71,13.70,25.92,0.65,1,-1,-1
145,95,981.15,103.88,30.59,28.45,0.99,4,-1,-1
145,98,1009.35,106.79,34.01,27.72,0.98,4,-1,-1
145,99,1213.52,104.43,42.69,28.26,0.99,4,-1,-1
145,101,432.54,169.81,62.68,24.93,0.99,4,-1,-1
145,102,683.93,100.34,27.27,26.21,0.97,4,-1,-1
145,104,1122.90,102.50,13.70,26.26,0.89,1,-1,-1
145,105,390.22,242.16,76.36,32.09,0.98,4,-1,-1
145,111,1122.73,192.38,13.72,26.93,0.98,1,-1,-1
145,113,101.34,27.43,51.34,22.11,0.99,4,-1,-1
145,114,250.87,26.43,49.02,22.09,0.99,4,-1,-1
145,117,669.34,25.49,45.79,21.17,0.87,4,-1,-1
145,119,988.88,197.45,13.67,26.11,0.81,1,-1,-1
145,123,52.51,1.97,41.12,20.97,0.97,4,-1,-1
145,125,129.41,0.12,44.47,21.90,1.00,4,-1,-1
145,126,534.86,0.03,41.74,20.64,0.71,4,-1,-1
145,130,1245.81,3.40,26.24,22.46,0.88,4,-1,-1
145,131,1270.68,17.62,34.61,23.62,0.98,4,-1,-1
145,135,27.83,0.73,35.00,20.41,0.94,4,-1,-1
145,137,458.22,3.27,25.09,21.08,0.97,4,-1,-1
145,138,734.23,2.34,42.09,21.83,0.87,4,-1,-1
145,156,297.79,0.18,32.08,22.17,0.85,4,-1,-1
145,167,602.90,22.40,47.67,20.75,0.96,4,-1,-1
145,169,204.59,-0.11,29.72,21.71,0.72,5,-1,-1
145,84,1115.04,194.87,13.73,23.96,0.86,1,-1,-1
145,177,6.06,0.54,34.40,19.00,0.77,4,-1,-1
145,124,3.88,17.11,49.45,22.31,0.99,4,-1,-1
145,75,531.41,175.19,13.68,28.33,0.90,1,-1,-1
145,204,326.27,27.94,12.70,19.75,0.88,10,-1,-1
145,205,469.04,404.28,15.24,36.60,0.79,1,-1,-1
145,179,319.25,34.90,25.53,15.39,0.88,3,-1,-1
145,116,640.18,33.70,14.55,22.44,0.86,1,-1,-1
145,232,1012.59,146.34,13.69,23.99,0.65,1,-1,-1
145,213,1193.12,7.71,8.67,18.88,0.44,1,-1,-1
145,236,535.27,0.12,41.15,20.77,0.56,4,-1,-1
145,237,1200.53,7.43,8.54,19.50,0.55,1,-1,-1
145,173,980.88,195.72,11.96,25.02,0.51,1,-1,-1
145,238,967.35,183.89,11.95,26.47,0.70,1,-1,-1
146,18,1176.66,427.21,110.62,53.57,0.99,4,-1,-1
146,23,1163.26,397.88,106.23,47.66,0.99,4,-1,-1
146,24,474.95,432.22,17.17,32.85,0.91,1,-1,-1
146,25,525.57,431.23,14.30,33.40,0.92,1,-1,-1
146,26,509.12,418.05,15.37,35.50,0.97,1,-1,-1
146,28,496.25,416.85,15.26,33.78,0.93,1,-1,-1
146,31,302.35,401.71,105.47,43.71,0.98,4,-1,-1
146,39,497.18,392.13,17.03,34.72,0.94,1,-1,-1
146,42,324.23,366.67,99.72,40.90,0.99,4,-1,-1
146,47,1111.69,311.12,94.94,47.87,0.99,4,-1,-1
146,48,346.15,328.23,95.00,40.77,0.99,4,-1,-1
146,54,493.11,543.20,67.40,98.87,1.00,4,-1,-1
146,55,1082.94,274.10,73.53,33.87,0.99,4,-1,-1
146,38,463.09,398.52,15.31,36.98,0.66,1,-1,-1
146,59,701.91,272.82,77.48,35.74,0.99,4,-1,-1
146,60,380.76,262.15,73.34,38.06,0.99,4,-1,-1
146,61,1070.71,237.99,66.63,32.46,0.99,4,-1,-1
146,63,417.32,203.84,70.81,32.72,0.99,4,-1,-1
146,64,702.97,205.07,64.90,25.70,0.99,4,-1,-1
146,65,710.03,218.36,67.55,33.02,0.99,4,-1,-1
146,66,971.87,197.28,11.95,22.73,0.69,1,-1,-1
146,69,1006.08,212.27,15.38,27.19,0.54,1,-1,-1
146,70,1039.68,206.29,64.95,23.06,0.96,4,-1,-1
146,71,1052.55,219.84,70.52,29.63,0.96,4,-1,-1
146,72,1231.14,203.89,73.54,30.36,0.97,4,-1,-1
146,73,421.60,185.97,70.07,29.05,0.99,4,-1,-1
146,74,441.58,158.29,61.88,24.03,0.98,4,-1,-1
146,76,536.41,170.27,37.62,42.61,0.89,4,-1,-1
146,77,688.73,154.44,62.12,27.25,0.99,4,-1,-1
146,78,697.39,171.87,61.92,23.67,0.99,4,-1,-1
146,79,707.58,187.01,56.10,25.83,0.99,4,-1,-1
146,80,981.07,151.07,13.86,23.62,0.96,1,-1,-1
146,81,1002.35,160.30,62.10,22.66,0.98,4,-1,-1
146,82,1008.34,173.81,64.99,24.25,0.97,4,-1,-1
146,83,1028.86,187.89,58.11,23.53,0.97,4,-1,-1
146,88,714.68,102.11,29.07,29.04,0.98,4,-1,-1
146,89,751.40,104.19,27.34,26.66,0.97,4,-1,-1
146,90,778.66,103.32,28.76,26.86,0.98,4,-1,-1
146,91,811.28,104.81,26.49,28.08,0.98,4,-1,-1
146,92,950.54,104.25,30.77,27.12,0.99,4,-1,-1
146,94,1004.94,143.25,12.58,25.31,0.78,1,-1,-1
146,95,981.34,104.43,30.73,28.75,0.99,4,-1,-1
146,98,1010.09,107.46,34.17,27.64,0.99,4,-1,-1
146,99,1214.44,105.18,42.69,28.03,0.99,4,-1,-1
146,101,431.94,170.92,63.05,24.73,0.99,4,-1,-1
146,102,684.18,100.67,26.78,26.58,0.99,4,-1,-1
146,104,1123.25,102.52,13.72,26.53,0.64,1,-1,-1
146,105,389.18,243.27,76.34,32.40,0.98,4,-1,-1
146,111,1124.44,193.51,13.73,27.03,0.97,1,-1,-1
146,113,97.46,27.61,51.69,22.32,0.99,4,-1,-1
146,114,247.78,26.70,49.36,21.94,1.00,4,-1,-1
146,117,665.95,26.17,45.48,21.11,0.86,4,-1,-1
146,119,989.58,197.85,13.67,25.40,0.70,1,-1,-1
146,123,51.51,2.09,41.55,21.03,0.97,4,-1,-1
146,125,128.60,0.18,44.32,22.14,1.00,4,-1,-1
146,130,1246.36,3.44,26.96,22.47,0.82,4,-1,-1
146,131,1271.75,17.90,34.28,23.60,0.97,4,-1,-1
146,135,27.01,0.91,35.25,20.35,0.95,4,-1,-1
146,137,457.91,3.37,25.45,21.29,0.98,4,-1,-1
146,138,734.58,2.71,41.98,21.59,0.89,4,-1,-1
146,156,297.37,0.32,32.05,22.23,0.88,4,-1,-1
146,167,600.69,22.64,47.81,20.72,0.97,4,-1,-1
146,169,203.75,-0.04,29.82,21.93,0.61,5,-1,-1
146,84,1116.20,195.92,13.73,23.87,0.92,1,-1,-1
146,177,5.34,0.60,34.47,19.06,0.72,4,-1,-1
146,124,1.61,17.56,49.72,22.40,0.99,4,-1,-1
146,75,530.71,175.81,14.24,28.83,0.75,1,-1,-1
146,204,321.55,28.36,13.16,20.23,0.43,10,-1,-1
146,205,468.00,405.83,15.34,36.21,0.85,1,-1,-1
146,179,313.03,34.88,26.72,16.52,0.43,2,-1,-1
146,116,640.27,34.74,14.53,21.65,0.86,1,-1,-1
146,232,1014.15,147.08,12.51,23.46,0.78,1,-1,-1
146,213,1193.46,7.96,8.52,19.08,0.38,1,-1,-1
146,237,1201.41,7.79,8.54,19.36,0.46,1,-1,-1
146,173,981.22,195.98,11.95,24.60,0.44,1,-1,-1
146,238,967.52,185.05,11.96,25.46,0.72,1,-1,-1
146,50,465.95,402.67,16.11,36.22,0.75,1,-1,-1
147,18,1178.52,429.25,110.94,53.64,0.99,4,-1,-1
147,23,1162.74,399.39,108.30,47.28,1.00,4,-1,-1
147,24,474.11,434.03,17.08,32.39,0.82,1,-1,-1
147,25,524.82,433.43,14.43,33.30,0.84,1,-1,-1
147,26,509.51,419.41,15.39,35.76,0.95,1,-1,-1
147,28,496.98,418.59,14.81,33.33,0.88,1,-1,-1
147,31,301.04,403.69,106.04,43.48,0.97,4,-1,-1
147,39,497.27,393.65,16.00,32.99,0.90,1,-1,-1
147,42,323.56,367.92,99.33,41.54,0.98,4,-1,-1
147,47,1112.44,311.98,94.43,48.46,0.99,4,-1,-1
147,48,344.98,329.54,95.20,41.24,0.99,4,-1,-1
147,54,489.31,550.78,69.38,100.52,1.00,4,-1,-1
147,55,1083.50,275.11,73.54,34.36,0.99,4,-1,-1
147,38,462.60,400.33,14.80,36.81,0.78,1,-1,-1
147,59,701.77,273.97,77.69,35.86,0.99,4,-1,-1
147,60,380.01,263.29,73.32,38.06,0.99,4,-1,-1
147,61,1071.45,239.21,66.66,32.21,0.99,4,-1,-1
147,63,416.95,204.53,70.80,32.67,0.98,4,-1,-1
147,64,702.98,205.87,64.96,25.67,0.99,4,-1,-1
147,65,710.18,219.43,66.98,32.68,0.99,4,-1,-1
147,66,971.79,197.68,11.95,22.70,0.73,1,-1,-1
147,69,1006.56,212.45,15.38,27.01,0.43,1,-1,-1
147,70,1040.10,206.98,64.94,23.35,0.95,4,-1,-1
147,71,1052.87,220.91,71.38,29.80,0.97,4,-1,-1
147,72,1231.55,204.66,74.62,30.28,0.98,4,-1,-1
147,73,420.84,186.67,70.08,29.19,0.98,4,-1,-1
147,74,440.54,158.96,62.28,23.97,0.97,4,-1,-1
147,76,536.01,171.14,37.65,42.59,0.95,4,-1,-1
147,77,688.27,155.08,62.33,27.22,0.99,4,-1,-1
147,78,697.41,172.18,61.73,23.86,0.98,4,-1,-1
147,79,707.92,187.85,55.74,25.44,0.99,4,-1,-1
147,80,981.90,151.12,13.75,23.66,0.93,1,-1,-1
147,81,1002.53,160.95,62.90,22.66,0.99,4,-1,-1
147,82,1008.53,174.54,64.99,24.18,0.97,4,-1,-1
147,83,1029.57,188.72,58.15,23.34,0.96,4,-1,-1
147,88,714.86,102.76,29.07,28.78,0.98,4,-1,-1
147,89,751.34,104.75,27.34,26.41,0.97,4,-1,-1
147,90,778.65,103.52,28.97,27.21,0.97,4,-1,-1
147,91,810.91,105.65,27.05,27.89,0.98,4,-1,-1
147,92,951.05,104.40,30.77,27.45,0.99,4,-1,-1
147,94,1006.47,143.56,12.15,25.50,0.72,1,-1,-1
147,95,981.83,104.72,30.78,28.68,0.99,4,-1,-1
147,98,1010.22,107.90,34.22,27.60,0.99,4,-1,-1
147,99,1214.59,105.33,43.83,28.43,0.99,4,-1,-1
147,101,430.98,171.80,63.32,25.06,0.99,4,-1,-1
147,102,683.90,101.25,27.16,26.71,0.99,4,-1,-1
147,104,1123.77,101.61,13.72,27.64,0.75,1,-1,-1
147,105,388.22,244.98,76.60,31.94,0.97,4,-1,-1
147,111,1125.46,195.11,13.73,27.06,0.96,1,-1,-1
147,113,94.06,27.89,51.82,22.39,0.99,4,-1,-1
147,114,245.14,27.13,49.20,21.90,1.00,4,-1,-1
147,117,662.40,26.77,45.92,21.20,0.89,4,-1,-1
147,119,989.71,198.38,13.67,25.83,0.73,1,-1,-1
147,123,50.57,2.25,41.66,21.24,0.97,4,-1,-1
147,125,127.67,0.26,44.54,22.72,1.00,4,-1,-1
147,130,1246.36,3.61,27.22,22.73,0.87,4,-1,-1
147,131,1271.35,17.94,35.30,23.84,0.97,4,-1,-1
147,135,26.31,1.11,35.16,20.48,0.96,4,-1,-1
147,137,457.45,3.66,25.01,21.13,0.97,4,-1,-1
147,138,734.60,2.92,41.93,21.70,0.89,4,-1,-1
147,156,296.77,0.51,32.03,22.47,0.93,4,-1,-1
147,167,598.71,23.12,47.86,20.64,0.95,4,-1,-1
147,169,202.73,0.05,30.00,22.42,0.69,5,-1,-1
147,84,1117.58,197.43,13.73,24.46,0.94,1,-1,-1
147,177,4.54,0.83,33.53,19.20,0.76,4,-1,-1
147,124,-0.06,17.99,49.18,22.17,0.99,4,-1,-1
147,75,530.12,176.56,14.45,28.60,0.89,1,-1,-1
147,204,316.76,29.12,12.73,19.85,0.71,10,-1,-1
147,205,467.33,407.78,14.82,35.19,0.70,1,-1,-1
147,179,308.86,35.56,26.10,16.37,0.58,2,-1,-1
147,116,640.49,35.39,13.96,21.20,0.92,1,-1,-1
147,232,1015.75,147.00,12.07,23.72,0.74,1,-1,-1
147,213,1193.37,8.22,9.65,19.30,0.36,1,-1,-1
147,237,1202.14,7.98,8.54,19.48,0.53,1,-1,-1
147,173,981.21,196.52,11.96,24.79,0.43,1,-1,-1
147,238,967.52,185.96,11.97,24.76,0.66,1,-1,-1
147,50,464.24,404.18,15.65,36.89,0.20,1,-1,-1
147,126,536.27,0.04,39.89,20.93,0.76,4,-1,-1
148,18,1180.36,431.77,111.05,53.24,1.00,4,-1,-1
148,23,1163.68,401.71,109.06,46.70,0.99,4,-1,-1
148,24,473.87,435.73,17.05,32.51,0.85,1,-1,-1
148,25,524.04,435.68,15.05,33.69,0.93,1,-1,-1
148,26,509.99,421.09,15.40,35.43,0.96,1,-1,-1
148,28,497.60,419.85,14.62,33.30,0.84,1,-1,-1
148,31,299.24,405.73,107.37,43.96,0.99,4,-1,-1
148,39,497.13,395.52,16.15,33.46,0.79,1,-1,-1
148,42,321.86,369.54,100.03,41.50,0.99,4,-1,-1
148,47,1113.87,313.51,94.21,48.12,1.00,4,-1,-1
148,48,343.94,331.06,95.69,41.42,0.99,4,-1,-1
148,54,486.33,558.69,69.55,101.66,0.99,4,-1,-1
148,55,1084.86,276.28,73.53,33.99,0.99,4,-1,-1
148,38,461.65,402.45,15.17,37.60,0.72,1,-1,-1
148,59,701.50,275.03,78.32,36.47,0.99,4,-1,-1
148,60,379.13,264.33,73.44,38.05,0.99,4,-1,-1
148,61,1072.88,240.47,65.54,31.83,0.98,4,-1,-1
148,63,416.78,205.49,70.35,32.29,0.98,4,-1,-1
148,64,702.77,206.82,64.98,25.94,0.99,4,-1,-1
148,65,709.73,220.61,67.88,32.83,0.99,4,-1,-1
148,66,972.36,197.66,11.95,23.97,0.68,1,-1,-1
148,69,1007.35,213.20,15.38,26.66,0.47,1,-1,-1
148,70,1040.28,207.83,66.06,23.25,0.96,4,-1,-1
148,71,1054.15,221.97,70.57,29.59,0.97,4,-1,-1
148,72,1232.27,205.85,75.01,29.75,0.98,4,-1,-1
148,73,420.51,187.43,70.50,29.39,0.97,4,-1,-1
148,74,441.66,159.85,60.73,23.95,0.98,4,-1,-1
148,76,536.80,171.97,35.95,42.44,0.81,4,-1,-1
148,77,688.16,155.63,62.39,27.20,0.98,4,-1,-1
148,78,697.21,172.80,62.20,24.35,0.97,4,-1,-1
148,79,707.84,188.88,56.16,25.43,0.99,4,-1,-1
148,80,982.80,151.55,13.70,23.53,0.93,1,-1,-1
148,81,1002.64,161.59,60.95,21.82,0.98,4,-1,-1
148,82,1009.20,175.20,64.98,23.87,0.99,4,-1,-1
148,83,1030.44,189.84,58.15,22.85,0.96,4,-1,-1
148,88,715.01,103.33,29.06,28.96,0.98,4,-1,-1
148,89,751.67,105.53,27.34,26.42,0.97,4,-1,-1
148,90,778.71,103.91,29.04,27.61,0.97,4,-1,-1
148,91,811.11,106.33,26.70,27.93,0.93,4,-1,-1
148,92,951.86,105.06,30.76,27.43,0.99,4,-1,-1
148,94,1007.03,143.93,13.15,25.58,0.83,1,-1,-1
148,95,982.05,105.37,30.80,28.64,0.99,4,-1,-1
148,98,1010.88,108.47,34.23,27.72,0.98,4,-1,-1
148,99,1215.79,105.63,44.25,28.83,0.99,4,-1,-1
148,101,430.30,172.98,63.84,25.05,0.99,4,-1,-1
148,102,683.87,101.89,27.30,26.72,0.99,4,-1,-1
148,104,1124.55,101.93,13.72,27.19,0.87,1,-1,-1
148,105,387.96,246.25,76.40,31.75,0.98,4,-1,-1
148,111,1126.98,196.51,13.72,26.36,0.97,1,-1,-1
148,113,90.80,28.34,51.69,22.25,0.99,4,-1,-1
148,114,241.96,27.52,49.13,21.93,1.00,4,-1,-1
148,117,659.27,27.57,46.08,21.16,0.91,4,-1,-1
148,119,989.79,199.11,13.67,25.99,0.62,1,-1,-1
148,123,49.98,2.37,41.53,21.44,0.97,4,-1,-1
148,125,126.76,0.39,44.75,22.94,1.00,4,-1,-1
148,130,1246.93,3.85,27.31,22.78,0.90,4,-1,-1
148,131,1271.79,18.14,35.68,24.22,0.97,4,-1,-1
148,135,25.74,1.35,34.89,20.55,0.95,4,-1,-1
148,137,457.10,4.20,24.84,20.89,0.97,4,-1,-1
148,138,734.68,3.15,41.90,21.78,0.92,4,-1,-1
148,156,295.97,0.68,32.88,22.77,0.96,4,-1,-1
148,167,596.15,23.54,48.43,20.57,0.94,4,-1,-1
148,169,202.13,0.10,29.85,22.66,0.86,5,-1,-1
148,84,1118.67,198.79,13.72,24.26,0.93,1,-1,-1
148,177,3.39,1.16,32.38,19.20,0.82,4,-1,-1
148,124,-0.68,18.66,47.69,21.98,0.98,4,-1,-1
148,75,530.27,177.48,13.97,28.22,0.90,1,-1,-1
148,205,466.60,410.09,14.61,35.94,0.55,1,-1,-1
148,116,640.37,35.79,13.74,21.29,0.95,1,-1,-1
148,232,1016.90,147.68,11.93,23.67,0.78,1,-1,-1
148,213,1193.97,8.53,10.04,19.21,0.43,1,-1,-1
148,237,1203.00,8.62,8.54,18.86,0.53,1,-1,-1
148,173,981.81,196.63,11.95,25.21,0.50,1,-1,-1
148,238,968.15,186.46,11.96,24.36,0.71,1,-1,-1
148,126,536.43,0.02,39.44,21.41,0.77,4,-1,-1
148,239,240.77,16.20,36.29,21.29,0.84,4,-1,-1
148,240,240.98,16.17,36.29,20.78,0.69,8,-1,-1
149,18,1181.04,433.98,112.21,54.08,1.00,4,-1,-1
149,23,1165.16,403.42,109.33,47.34,0.99,4,-1,-1
149,24,473.79,437.58,17.04,32.42,0.92,1,-1,-1
149,25,523.20,437.72,15.28,33.42,0.93,1,-1,-1
149,26,510.46,422.81,15.39,34.74,0.93,1,-1,-1
149,28,498.40,420.55,14.55,33.86,0.87,1,-1,-1
149,31,298.17,407.40,107.87,44.29,0.99,4,-1,-1
149,39,497.10,397.14,16.21,34.48,0.88,1,-1,-1
149,42,320.69,371.35,100.85,41.77,0.99,4,-1,-1
149,47,1114.97,314.79,94.11,48.27,0.99,4,-1,-1
149,48,342.46,332.69,96.14,41.77,1.00,4,-1,-1
149,54,482.48,566.24,70.69,103.18,1.00,4,-1,-1
149,55,1085.94,277.43,73.51,34.13,0.99,4,-1,-1
149,38,460.76,404.32,15.30,38.45,0.84,1,-1,-1
149,59,701.43,276.53,78.55,36.14,0.99,4,-1,-1
149,60,378.56,265.37,73.48,38.62,1.00,4,-1,-1
149,61,1073.43,241.52,66.24,31.97,0.99,4,-1,-1
149,63,416.20,206.46,70.18,32.36,0.99,4,-1,-1
149,64,702.72,207.72,64.97,25.76,0.99,4,-1,-1
149,65,709.59,221.75,68.22,32.89,0.99,4,-1,-1
149,66,973.74,198.16,10.81,24.65,0.69,1,-1,-1
149,69,1008.22,214.20,15.38,26.53,0.52,1,-1,-1
149,70,1040.92,208.79,66.48,23.14,0.96,4,-1,-1
149,71,1055.78,222.66,70.24,30.08,0.97,4,-1,-1
149,72,1233.67,206.88,75.16,29.84,0.98,4,-1,-1
149,73,419.73,187.96,70.79,29.89,0.98,4,-1,-1
149,74,441.30,160.44,60.69,24.09,0.98,4,-1,-1
149,76,536.58,172.97,35.87,42.38,0.55,4,-1,-1
149,77,688.44,156.53,61.85,27.19,0.98,4,-1,-1
149,78,697.44,174.01,61.81,24.40,0.96,4,-1,-1
149,79,708.40,190.04,56.32,25.29,0.99,4,-1,-1
149,80,983.13,152.02,14.82,24.34,0.89,1,-1,-1
149,81,1003.83,162.27,61.32,21.93,0.98,4,-1,-1
149,82,1009.46,176.02,66.10,23.90,0.97,4,-1,-1
149,83,1031.34,190.48,58.15,23.54,0.94,4,-1,-1
149,88,715.10,103.93,29.06,29.00,0.98,4,-1,-1
149,89,751.82,106.14,27.33,26.46,0.97,4,-1,-1
149,90,778.76,104.56,29.06,27.63,0.96,4,-1,-1
149,91,811.22,107.09,27.12,27.80,0.93,4,-1,-1
149,92,951.62,105.65,31.89,27.31,0.99,4,-1,-1
149,94,1008.38,144.66,13.50,26.03,0.73,1,-1,-1
149,95,983.29,105.89,30.79,28.80,0.99,4,-1,-1
149,98,1011.71,108.95,34.23,28.09,0.99,4,-1,-1
149,99,1216.81,105.99,44.40,29.13,0.99,4,-1,-1
149,101,429.81,173.82,64.03,24.90,0.99,4,-1,-1
149,102,683.62,102.51,27.34,26.76,0.99,4,-1,-1
149,104,1125.42,102.93,13.71,26.65,0.77,1,-1,-1
149,105,387.06,246.96,77.17,32.82,0.98,4,-1,-1
149,111,1129.23,198.17,12.58,26.09,0.98,1,-1,-1
149,113,86.96,28.64,52.24,22.45,0.99,4,-1,-1
149,114,238.79,28.08,49.67,21.94,0.99,4,-1,-1
149,117,655.98,28.26,46.14,21.01,0.93,4,-1,-1
149,119,990.97,199.96,13.66,26.47,0.69,1,-1,-1
149,123,49.15,2.66,41.53,21.47,0.96,4,-1,-1
149,125,126.36,0.39,44.55,23.38,1.00,4,-1,-1
149,130,1247.72,3.93,27.34,22.65,0.90,4,-1,-1
149,131,1273.08,18.73,35.82,23.66,0.97,4,-1,-1
149,135,24.91,1.46,35.46,20.68,0.95,4,-1,-1
149,137,456.75,4.64,25.35,20.83,0.97,4,-1,-1
149,138,735.04,3.37,41.89,21.67,0.91,4,-1,-1
149,156,295.31,1.01,33.75,22.88,0.95,4,-1,-1
149,167,594.17,23.89,48.08,20.52,0.98,4,-1,-1
149,169,201.70,0.13,29.94,23.20,0.95,5,-1,-1
149,84,1120.76,200.71,12.59,24.33,0.91,1,-1,-1
149,177,2.84,1.41,31.89,19.30,0.85,4,-1,-1
149,124,-0.75,19.31,45.76,21.59,0.98,4,-1,-1
149,75,529.81,178.23,14.34,28.35,0.89,1,-1,-1
149,205,466.08,411.04,14.53,34.95,0.72,1,-1,-1
149,116,640.66,36.38,13.09,20.82,0.97,1,-1,-1
149,232,1018.48,148.02,11.89,23.95,0.65,1,-1,-1
149,213,1194.76,8.30,10.19,19.68,0.47,1,-1,-1
149,237,1203.91,8.72,8.54,19.18,0.62,1,-1,-1
149,173,982.63,196.97,11.95,25.79,0.53,1,-1,-1
149,238,968.35,186.66,11.96,26.06,0.70,1,-1,-1
149,126,535.37,0.09,40.43,21.75,0.85,4,-1,-1
149,241,535.76,172.47,37.57,43.76,0.79,4,-1,-1
149,242,1013.45,195.20,13.66,23.59,0.66,1,-1,-1
150,18,1184.05,436.12,111.52,53.82,0.99,4,-1,-1
150,23,1166.78,405.24,109.43,46.86,0.99,4,-1,-1
150,24,474.03,439.09,16.47,32.39,0.94,1,-1,-1
150,25,522.31,439.85,15.36,33.88,0.95,1,-1,-1
150,26,511.17,424.13,14.83,34.90,0.92,1,-1,-1
150,28,499.51,422.48,13.96,33.50,0.92,1,-1,-1
150,31,297.51,409.14,107.77,44.68,0.99,4,-1,-1
150,39,497.64,398.72,15.66,34.30,0.91,1,-1,-1
150,42,319.41,373.01,101.15,41.58,0.99,4,-1,-1
150,47,1115.89,316.19,95.20,48.59,0.99,4,-1,-1
150,48,341.76,334.86,96.17,41.04,1.00,4,-1,-1
150,54,479.15,574.78,70.55,104.83,0.99,4,-1,-1
150,55,1086.84,278.22,73.51,34.17,0.99,4,-1,-1
150,38,460.42,406.12,15.36,37.93,0.93,1,-1,-1
150,59,701.65,277.92,78.07,36.00,0.99,4,-1,-1
150,60,377.77,267.04,73.49,38.26,1.00,4,-1,-1
150,61,1074.12,242.99,67.63,32.58,0.99,4,-1,-1
150,63,415.68,207.82,70.11,32.09,0.99,4,-1,-1
150,64,702.65,208.54,65.53,25.90,0.99,4,-1,-1
150,65,709.50,222.58,68.34,33.47,0.99,4,-1,-1
150,66,974.19,199.45,10.38,23.52,0.77,1,-1,-1
150,69,1009.05,214.61,15.38,26.83,0.52,1,-1,-1
150,70,1041.08,209.75,66.63,23.30,0.98,4,-1,-1
150,71,1055.75,223.44,71.25,30.54,0.97,4,-1,-1
150,72,1234.67,207.98,75.21,29.66,0.98,4,-1,-1
150,73,419.42,189.16,70.34,29.37,0.98,4,-1,-1
150,74,441.43,161.53,60.11,23.99,0.99,4,-1,-1
150,76,536.47,173.77,35.84,42.35,0.90,4,-1,-1
150,77,688.22,157.50,62.77,27.60,0.99,4,-1,-1
150,78,697.49,175.53,61.65,23.99,0.99,4,-1,-1
150,79,708.00,191.24,56.94,25.37,0.99,4,-1,-1
150,80,984.85,152.26,14.13,24.78,0.94,1,-1,-1
150,81,1004.20,163.06,61.45,22.11,0.98,4,-1,-1
150,82,1010.05,176.79,66.51,24.05,0.98,4,-1,-1
150,83,1031.61,190.54,59.27,24.77,0.93,4,-1,-1
150,88,715.07,104.58,29.05,28.93,0.98,4,-1,-1
150,89,751.82,106.68,27.33,26.23,0.98,4,-1,-1
150,90,778.44,105.48,29.64,27.45,0.96,4,-1,-1
150,91,810.92,107.47,27.85,28.06,0.96,4,-1,-1
150,92,952.02,106.28,32.31,27.47,0.99,4,-1,-1
150,94,1010.47,145.61,12.52,25.50,0.77,1,-1,-1
150,95,984.24,106.59,30.79,28.68,0.99,4,-1,-1
150,98,1013.07,109.57,33.10,28.19,0.99,4,-1,-1
150,99,1218.23,107.04,43.33,28.56,0.98,4,-1,-1
150,101,429.32,174.78,64.10,24.41,0.98,4,-1,-1
150,102,684.03,103.25,26.80,26.63,0.98,4,-1,-1
150,104,1125.66,102.82,13.71,27.54,0.57,1,-1,-1
150,105,386.15,248.08,77.45,32.65,0.94,4,-1,-1
150,111,1129.95,199.78,13.31,25.63,0.97,1,-1,-1
150,113,83.62,29.21,52.16,22.66,0.99,4,-1,-1
150,114,235.83,28.42,49.60,22.33,0.99,4,-1,-1
150,117,652.80,29.42,45.03,20.44,0.86,4,-1,-1
150,119,990.78,200.26,14.80,26.79,0.62,1,-1,-1
150,123,48.20,3.17,41.60,21.71,0.97,4,-1,-1
150,125,125.71,0.66,44.76,23.72,1.00,4,-1,-1
150,130,1248.47,4.43,27.35,22.19,0.86,4,-1,-1
150,131,1273.46,19.45,35.87,22.76,0.98,4,-1,-1
150,135,23.99,2.00,35.42,20.87,0.96,4,-1,-1
150,137,456.29,5.00,25.54,20.98,0.96,4,-1,-1
150,138,735.11,3.83,41.88,21.62,0.93,4,-1,-1
150,156,294.75,1.23,34.08,23.25,0.92,4,-1,-1
150,167,592.32,24.44,47.94,20.32,0.97,4,-1,-1
150,169,200.82,0.23,30.39,23.61,0.93,5,-1,-1
150,84,1121.42,202.70,13.31,24.00,0.91,1,-1,-1
150,177,2.15,1.89,32.69,19.37,0.88,4,-1,-1
150,124,-0.98,19.87,43.81,21.36,0.98,4,-1,-1
150,75,529.33,179.02,14.48,28.68,0.88,1,-1,-1
150,205,465.60,413.62,13.94,32.84,0.50,1,-1,-1
150,116,640.71,37.30,12.85,20.28,0.96,1,-1,-1
150,232,1019.52,149.49,11.88,23.33,0.73,1,-1,-1
150,213,1196.62,8.65,9.13,19.37,0.38,1,-1,-1
150,237,1205.31,9.01,8.54,18.81,0.54,1,-1,-1
150,173,983.43,197.91,11.95,25.87,0.53,1,-1,-1
150,238,968.34,187.08,11.96,26.14,0.68,1,-1,-1
150,126,535.50,0.20,40.23,21.85,0.85,4,-1,-1
150,241,535.27,173.39,37.59,43.44,0.62,4,-1,-1
150,242,1014.31,195.61,13.67,24.80,0.54,1,-1,-1
150,243,467.45,426.26,14.51,35.65,0.79,1,-1,-1
151,18,1185.69,438.08,111.25,53.85,0.99,4,-1,-1
151,23,1168.46,406.80,109.45,47.66,1.00,4,-1,-1
151,24,473.23,440.70,16.84,32.95,0.95,1,-1,-1
151,25,521.94,441.96,14.84,33.49,0.97,1,-1,-1
151,26,511.09,425.53,14.61,35.39,0.95,1,-1,-1
151,28,500.15,423.84,13.74,32.94,0.94,1,-1,-1
151,31,296.68,411.26,107.16,44.12,0.98,4,-1,-1
151,39,497.83,400.06,15.46,33.10,0.94,1,-1,-1
151,42,318.07,374.68,101.83,41.78,0.98,4,-1,-1
151,47,1117.29,317.47,94.48,48.71,0.99,4,-1,-1
151,48,340.77,336.30,96.18,41.04,1.00,4,-1,-1
151,54,475.41,583.09,71.59,105.98,1.00,4,-1,-1
151,55,1087.68,279.13,73.50,34.47,0.99,4,-1,-1
151,38,461.12,409.53,14.81,37.16,0.77,1,-1,-1
151,59,701.69,278.78,77.88,36.23,0.99,4,-1,-1
151,60,377.02,268.31,73.07,37.83,0.99,4,-1,-1
151,61,1074.32,243.88,68.16,33.09,0.99,4,-1,-1
151,63,415.03,208.77,70.50,32.06,0.99,4,-1,-1
151,64,702.58,209.20,65.18,25.95,1.00,4,-1,-1
151,65,709.70,223.10,68.38,33.97,0.98,4,-1,-1
151,66,974.29,200.01,11.40,23.07,0.80,1,-1,-1
151,69,1008.74,214.62,16.51,27.72,0.66,1,-1,-1
151,70,1041.64,210.52,66.68,23.72,0.98,4,-1,-1
151,71,1056.23,223.93,71.63,31.27,0.95,4,-1,-1
151,72,1235.54,208.66,75.22,30.08,0.99,4,-1,-1
151,73,418.56,190.48,70.58,28.95,0.98,4,-1,-1
151,74,441.73,162.31,59.32,23.81,0.99,4,-1,-1
151,76,535.24,174.37,36.98,43.46,0.39,4,-1,-1
151,77,687.52,158.24,63.67,27.89,0.99,4,-1,-1
151,78,697.46,176.25,61.59,23.82,0.98,4,-1,-1
151,79,707.80,191.98,57.17,25.83,0.99,4,-1,-1
151,80,986.00,151.94,13.84,24.94,0.96,1,-1,-1
151,81,1004.27,163.64,62.64,22.74,0.97,4,-1,-1
151,82,1010.21,177.43,66.67,24.24,0.98,4,-1,-1
151,83,1032.21,190.98,59.69,25.65,0.87,4,-1,-1
151,88,715.01,105.09,29.05,29.15,0.98,4,-1,-1
151,89,751.77,107.08,27.33,26.38,0.97,4,-1,-1
151,90,778.27,106.01,29.85,27.27,0.95,4,-1,-1
151,91,810.75,107.77,28.12,28.16,0.95,4,-1,-1
151,92,952.10,106.88,32.47,27.31,0.98,4,-1,-1
151,94,1011.74,145.90,12.13,25.00,0.77,1,-1,-1
151,95,984.54,106.86,30.79,28.91,0.99,4,-1,-1
151,98,1012.95,109.81,33.80,28.50,0.98,4,-1,-1
151,99,1218.67,107.40,44.06,29.02,0.99,4,-1,-1
151,101,428.82,175.58,64.12,23.79,0.99,4,-1,-1
151,102,683.86,103.79,27.16,26.68,0.98,4,-1,-1
151,104,1126.24,103.35,13.70,27.73,0.85,1,-1,-1
151,105,385.21,248.86,76.99,32.85,0.96,4,-1,-1
151,111,1130.73,201.41,13.56,26.32,0.96,1,-1,-1
151,113,79.72,29.38,52.59,22.85,0.98,4,-1,-1
151,114,232.22,28.89,50.13,22.23,0.99,4,-1,-1
151,117,647.97,30.09,45.74,20.30,0.93,4,-1,-1
151,119,990.66,200.51,15.22,26.98,0.65,1,-1,-1
151,123,46.99,3.43,41.93,21.80,0.98,4,-1,-1
151,125,124.58,0.97,45.11,23.71,1.00,4,-1,-1
151,130,1249.23,4.61,27.36,22.18,0.85,4,-1,-1
151,131,1275.21,19.47,34.76,23.26,0.98,4,-1,-1
151,135,22.99,2.35,34.63,20.85,0.94,4,-1,-1
151,137,455.79,5.12,25.61,21.22,0.97,4,-1,-1
151,138,735.08,4.03,41.88,21.65,0.91,4,-1,-1
151,156,294.36,1.32,34.48,23.30,0.94,4,-1,-1
151,167,589.38,24.66,48.45,20.74,0.96,4,-1,-1
151,169,200.31,0.30,30.29,23.34,0.66,5,-1,-1
151,84,1122.73,203.84,13.56,24.79,0.90,1,-1,-1
151,177,1.21,2.39,31.85,18.98,0.89,4,-1,-1
151,124,-0.97,20.34,41.86,20.92,0.97,4,-1,-1
151,75,528.83,179.75,14.53,28.81,0.80,1,-1,-1
151,205,464.26,415.33,13.72,33.80,0.58,1,-1,-1
151,116,640.39,37.45,12.77,20.56,0.96,1,-1,-1
151,232,1019.81,150.11,13.05,23.40,0.68,1,-1,-1
151,213,1198.41,9.47,8.71,18.73,0.30,1,-1,-1
151,237,1205.74,9.79,8.54,18.73,0.51,1,-1,-1
151,173,983.67,198.35,11.96,25.89,0.53,1,-1,-1
151,238,968.89,187.53,11.96,26.00,0.68,1,-1,-1
151,126,534.65,0.21,40.73,22.27,0.65,4,-1,-1
151,241,536.10,174.58,35.63,42.73,0.86,5,-1,-1
151,242,1014.48,195.96,13.68,24.46,0.52,1,-1,-1
151,243,466.56,427.69,14.53,35.33,0.76,1,-1,-1
151,244,200.32,0.28,30.42,23.49,0.92,5,-1,-1
151,245,458.91,408.54,15.37,37.14,0.92,1,-1,-1
151,246,534.05,0.27,40.98,22.61,0.61,5,-1,-1
152,18,1185.82,439.90,112.29,54.43,0.99,4,-1,-1
152,23,1170.31,408.77,109.47,48.52,0.99,4,-1,-1
152,24,472.68,441.86,16.98,33.17,0.94,1,-1,-1
152,25,521.29,443.57,14.63,33.92,0.95,1,-1,-1
152,26,511.09,427.89,14.54,35.15,0.95,1,-1,-1
152,28,500.69,425.76,13.66,32.73,0.91,1,-1,-1
152,31,295.28,413.31,107.51,44.33,0.99,4,-1,-1
152,39,497.94,401.39,15.38,34.08,0.97,1,-1,-1
152,42,316.90,376.85,101.81,41.58,0.99,4,-1,-1
152,47,1117.91,318.91,94.20,48.75,0.99,4,-1,-1
152,48,339.46,338.10,96.75,40.75,1.00,4,-1,-1
152,54,471.62,591.68,73.65,107.50,0.99,4,-1,-1
152,55,1088.08,280.43,74.64,35.14,1.00,4,-1,-1
152,38,459.15,410.92,15.18,38.15,0.80,1,-1,-1
152,59,701.48,280.08,78.38,36.31,1.00,4,-1,-1
152,60,375.94,269.91,73.48,37.67,0.99,4,-1,-1
152,61,1075.04,244.75,68.36,33.28,0.99,4,-1,-1
152,63,414.26,209.82,70.66,32.33,0.99,4,-1,-1
152,64,702.90,210.00,65.61,26.10,1.00,4,-1,-1
152,65,709.84,224.27,68.40,33.87,0.99,4,-1,-1
152,66,974.42,200.35,11.76,23.62,0.78,1,-1,-1
152,69,1009.26,215.60,15.83,28.06,0.62,1,-1,-1
152,70,1041.93,211.42,66.71,23.80,0.98,4,-1,-1
152,71,1056.49,224.80,72.90,31.54,0.96,4,-1,-1
152,72,1237.08,209.45,75.23,30.53,0.99,4,-1,-1
152,73,417.86,191.25,70.82,29.36,0.99,4,-1,-1
152,74,440.75,163.02,60.17,24.31,0.99,4,-1,-1
152,76,534.55,175.29,37.40,43.95,0.62,4,-1,-1
152,77,687.88,158.99,63.46,28.00,0.99,4,-1,-1
152,78,697.50,176.93,61.57,23.90,0.98,4,-1,-1
152,79,708.07,192.52,56.70,26.56,0.99,4,-1,-1
152,80,987.06,152.23,13.73,24.73,0.95,1,-1,-1
152,81,1004.38,164.26,65.33,23.95,0.99,4,-1,-1
152,82,1010.91,178.14,66.72,24.88,0.96,4,-1,-1
152,83,1031.95,192.04,59.85,25.29,0.86,4,-1,-1
152,88,714.76,105.51,29.06,29.27,0.98,4,-1,-1
152,89,751.52,107.60,27.90,26.41,0.97,4,-1,-1
152,90,778.54,106.49,29.93,27.05,0.94,4,-1,-1
152,91,811.59,108.36,27.66,28.20,0.98,4,-1,-1
152,92,953.33,107.55,31.40,27.35,0.99,4,-1,-1
152,94,1012.82,146.35,11.99,24.97,0.79,1,-1,-1
152,95,985.28,107.26,30.79,28.89,0.99,4,-1,-1
152,98,1013.54,110.30,34.07,28.62,0.99,4,-1,-1
152,99,1218.93,108.00,44.33,28.91,0.99,4,-1,-1
152,101,427.69,175.94,65.12,24.14,0.99,4,-1,-1
152,102,683.85,104.20,27.29,26.70,0.99,4,-1,-1
152,104,1127.10,104.24,13.70,27.66,0.84,1,-1,-1
152,105,384.34,250.28,77.39,32.36,0.99,4,-1,-1
152,111,1132.20,202.89,13.66,27.07,0.94,1,-1,-1
152,113,76.56,29.69,52.58,22.92,0.99,4,-1,-1
152,114,229.28,29.03,49.77,22.61,0.99,4,-1,-1
152,117,644.91,30.54,45.45,20.60,0.95,4,-1,-1
152,119,990.70,201.15,15.38,26.91,0.72,1,-1,-1
152,123,46.02,3.64,41.98,21.98,0.97,4,-1,-1
152,125,124.11,0.83,44.97,24.10,1.00,4,-1,-1
152,130,1250.17,4.82,27.36,22.38,0.90,4,-1,-1
152,131,1275.95,19.60,35.49,23.38,0.99,4,-1,-1
152,135,22.15,2.49,35.24,21.02,0.95,4,-1,-1
152,137,455.64,5.62,25.64,21.10,0.97,4,-1,-1
152,138,735.12,4.16,41.88,21.79,0.92,4,-1,-1
152,156,294.66,1.45,33.23,23.27,0.79,4,-1,-1
152,167,587.26,24.93,48.08,20.97,0.97,4,-1,-1
152,169,199.51,0.31,30.74,23.89,0.96,5,-1,-1
152,84,1124.42,205.14,13.66,25.44,0.90,1,-1,-1
152,177,0.56,3.10,31.35,18.77,0.89,4,-1,-1
152,124,-0.95,20.86,39.72,20.50,0.98,4,-1,-1
152,75,528.69,180.44,14.55,28.85,0.88,1,-1,-1
152,205,462.67,416.80,14.80,36.70,0.84,1,-1,-1
152,116,640.32,37.40,12.75,21.04,0.96,1,-1,-1
152,232,1021.67,150.47,12.36,24.00,0.70,1,-1,-1
152,213,1199.69,9.81,8.56,18.48,0.32,1,-1,-1
152,237,1206.56,10.24,8.54,18.76,0.50,1,-1,-1
152,173,983.83,198.36,11.96,25.61,0.44,1,-1,-1
152,238,969.75,188.34,11.96,25.79,0.66,1,-1,-1
152,126,534.37,0.25,40.92,22.38,0.69,4,-1,-1
152,241,536.16,175.70,34.96,42.98,0.77,5,-1,-1
152,242,1015.18,197.12,13.67,24.67,0.58,1,-1,-1
152,243,465.05,428.40,15.19,36.26,0.68,1,-1,-1
152,246,533.87,0.48,41.02,22.38,0.75,5,-1,-1
152,179,284.54,38.64,24.63,16.19,0.69,2,-1,-1
153,18,1187.89,442.42,112.62,54.06,1.00,4,-1,-1
153,23,1170.78,410.50,109.42,48.27,1.00,4,-1,-1
153,24,472.56,442.67,17.03,33.24,0.95,1,-1,-1
153,25,521.13,445.95,14.55,33.50,0.97,1,-1,-1
153,26,511.14,429.46,14.50,34.48,0.93,1,-1,-1
153,28,500.94,427.44,14.20,32.65,0.92,1,-1,-1
153,31,293.67,415.17,107.87,44.54,0.99,4,-1,-1
153,39,498.07,402.86,15.35,34.56,0.98,1,-1,-1
153,42,316.36,378.62,101.46,41.77,0.99,4,-1,-1
153,47,1118.51,320.36,95.18,49.31,0.99,4,-1,-1
153,48,339.13,339.48,96.35,40.92,0.99,4,-1,-1
153,54,467.55,600.11,74.37,109.11,0.99,4,-1,-1
153,55,1089.18,281.29,75.03,35.95,1.00,4,-1,-1
153,38,458.25,411.84,15.31,39.62,0.81,1,-1,-1
153,59,701.69,281.18,78.53,36.61,1.00,4,-1,-1
153,60,375.26,271.11,73.47,37.88,0.99,4,-1,-1
153,61,1075.71,245.88,68.40,33.34,0.98,4,-1,-1
153,63,413.69,210.43,70.83,32.71,0.99,4,-1,-1
153,64,702.75,211.24,65.74,26.58,0.99,4,-1,-1
153,65,710.18,225.21,68.38,33.82,0.99,4,-1,-1
153,66,974.35,200.40,11.89,23.60,0.76,1,-1,-1
153,69,1009.90,216.30,15.54,28.11,0.59,1,-1,-1
153,70,1042.45,212.30,66.68,23.83,0.94,4,-1,-1
153,71,1057.56,225.93,72.23,31.36,0.96,4,-1,-1
153,72,1237.99,210.16,75.20,30.97,0.99,4,-1,-1
153,73,417.31,191.97,70.74,29.58,0.99,4,-1,-1
153,74,440.22,164.01,60.47,24.06,0.96,4,-1,-1
153,76,534.10,175.74,37.55,44.67,0.43,4,-1,-1
153,77,688.32,159.82,63.34,27.74,0.99,4,-1,-1
153,78,697.53,177.92,61.53,23.64,0.99,4,-1,-1
153,79,708.46,193.52,55.92,26.27,0.99,4,-1,-1
153,80,987.88,152.92,14.82,24.35,0.94,1,-1,-1
153,81,1005.96,165.12,65.21,24.55,0.97,4,-1,-1
153,82,1011.61,178.82,66.71,25.25,0.93,4,-1,-1
153,83,1032.84,193.41,59.87,24.57,0.88,4,-1,-1
153,88,714.67,106.17,29.61,29.17,0.98,4,-1,-1
153,89,751.42,107.91,28.10,26.59,0.97,4,-1,-1
153,90,778.63,106.92,29.94,27.07,0.95,4,-1,-1
153,91,811.88,109.12,27.46,28.02,0.98,4,-1,-1
153,92,953.70,108.03,30.97,27.36,1.00,4,-1,-1
153,94,1013.64,146.80,11.94,25.23,0.70,1,-1,-1
153,95,985.45,107.75,30.77,29.12,0.99,4,-1,-1
153,98,1013.64,110.72,34.15,28.79,0.98,4,-1,-1
153,99,1219.94,108.48,44.41,29.14,0.98,4,-1,-1
153,101,427.26,176.66,65.04,24.40,0.99,4,-1,-1
153,102,683.87,104.77,27.33,26.84,0.98,4,-1,-1
153,104,1127.81,105.78,13.69,26.10,0.87,1,-1,-1
153,105,384.03,251.42,77.07,32.16,0.99,4,-1,-1
153,111,1134.25,204.54,13.68,26.50,0.95,1,-1,-1
153,113,73.01,29.88,52.91,23.15,0.99,4,-1,-1
153,114,226.52,29.50,49.90,22.75,0.99,4,-1,-1
153,117,641.37,30.95,45.32,20.82,0.96,4,-1,-1
153,119,991.14,201.59,14.32,26.23,0.72,1,-1,-1
153,123,45.30,3.72,42.34,22.29,0.98,4,-1,-1
153,125,123.79,0.84,45.04,24.33,1.00,4,-1,-1
153,130,1250.86,5.25,27.35,22.29,0.89,4,-1,-1
153,131,1276.56,20.08,35.74,23.02,0.98,4,-1,-1
153,135,21.60,2.66,34.53,20.95,0.95,4,-1,-1
153,137,455.15,5.91,26.20,21.16,0.97,4,-1,-1
153,138,735.14,4.32,42.43,21.96,0.94,4,-1,-1
153,156,294.29,1.74,33.01,23.26,0.85,4,-1,-1
153,167,584.92,25.12,48.49,21.12,0.96,4,-1,-1
153,169,198.96,0.35,31.25,24.16,0.91,5,-1,-1
153,84,1125.41,206.50,13.68,25.60,0.88,1,-1,-1
153,177,0.30,3.00,30.52,18.75,0.86,4,-1,-1
153,124,-0.76,20.94,37.63,20.76,0.97,4,-1,-1
153,75,528.44,181.28,13.98,28.71,0.78,1,-1,-1
153,205,460.80,417.90,15.73,37.62,0.86,1,-1,-1
153,116,640.04,37.87,12.74,21.08,0.86,1,-1,-1
153,232,1022.80,151.45,12.06,23.79,0.58,1,-1,-1
153,237,1207.23,11.04,8.54,19.00,0.21,1,-1,-1
153,173,985.48,199.27,11.95,25.00,0.51,1,-1,-1
153,238,969.96,188.69,11.95,25.85,0.68,1,-1,-1
153,126,534.93,0.33,39.84,22.38,0.28,4,-1,-1
153,241,535.90,175.88,35.46,43.46,0.82,5,-1,-1
153,242,1015.91,197.44,13.66,24.42,0.62,1,-1,-1
153,243,464.36,431.46,15.40,35.40,0.76,1,-1,-1
153,246,534.51,0.46,40.36,22.44,0.62,4,-1,-1
153,179,280.17,38.43,24.38,17.41,0.26,2,-1,-1
153,247,463.18,424.76,16.22,39.27,0.71,1,-1,-1
154,18,1188.85,444.71,113.91,54.53,0.99,4,-1,-1
154,23,1173.40,412.77,109.42,48.77,0.99,4,-1,-1
154,24,472.75,444.47,17.05,32.72,0.92,1,-1,-1
154,25,520.75,448.91,13.95,33.36,0.96,1,-1,-1
154,26,511.10,431.26,14.49,34.82,0.92,1,-1,-1
154,28,501.81,429.15,14.40,33.06,0.93,1,-1,-1
154,31,291.41,417.59,108.88,44.09,0.99,4,-1,-1
154,39,498.36,404.47,14.77,34.62,0.96,1,-1,-1
154,42,315.38,380.59,101.64,41.59,0.97,4,-1,-1
154,47,1119.49,322.21,95.57,49.55,0.99,4,-1,-1
154,48,337.82,341.00,96.79,41.01,0.99,4,-1,-1
154,54,464.05,609.43,75.74,110.31,0.99,4,-1,-1
154,55,1090.35,283.04,75.19,35.72,1.00,4,-1,-1
154,38,457.59,415.18,15.35,40.62,0.78,1,-1,-1
154,59,701.26,282.81,79.17,36.47,0.99,4,-1,-1
154,60,374.26,272.56,73.90,37.99,1.00,4,-1,-1
154,61,1076.72,247.02,68.42,33.67,0.99,4,-1,-1
154,63,413.31,211.51,70.77,32.59,0.99,4,-1,-1
154,64,702.48,212.34,66.94,27.06,0.99,4,-1,-1
154,65,710.38,226.20,68.38,34.11,0.99,4,-1,-1
154,66,975.06,201.53,11.95,22.62,0.76,1,-1,-1
154,69,1010.31,217.48,15.43,27.64,0.56,1,-1,-1
154,70,1042.84,213.12,68.95,24.77,0.97,4,-1,-1
154,71,1058.15,227.49,73.11,31.30,0.97,4,-1,-1
154,72,1239.71,211.37,75.21,30.95,0.99,4,-1,-1
154,73,416.66,192.81,70.87,29.96,0.97,4,-1,-1
154,74,439.17,164.89,61.16,23.85,0.99,4,-1,-1
154,76,534.80,176.56,37.04,44.34,0.25,4,-1,-1
154,77,688.56,160.96,62.74,27.24,0.99,4,-1,-1
154,78,697.33,178.78,62.10,23.56,0.99,4,-1,-1
154,79,707.83,194.32,56.21,26.24,1.00,4,-1,-1
154,80,989.48,154.09,14.12,24.07,0.92,1,-1,-1
154,81,1006.20,166.06,66.28,25.21,0.96,4,-1,-1
154,82,1012.62,179.98,66.71,25.28,0.95,4,-1,-1
154,83,1032.80,194.41,61.02,25.17,0.94,4,-1,-1
154,88,714.74,106.92,29.82,29.53,0.97,4,-1,-1
154,89,751.49,108.57,28.18,26.96,0.97,4,-1,-1
154,90,778.79,107.49,29.95,27.30,0.93,4,-1,-1
154,91,812.12,109.93,27.96,28.43,0.98,4,-1,-1
154,92,954.58,108.69,30.81,27.27,1.00,4,-1,-1
154,94,1015.24,147.44,11.92,23.93,0.65,1,-1,-1
154,95,986.26,108.49,30.77,28.97,0.99,4,-1,-1
154,98,1014.44,111.62,34.19,28.45,0.99,4,-1,-1
154,99,1221.14,109.26,44.45,29.07,0.98,4,-1,-1
154,101,426.67,177.50,65.16,24.81,0.99,4,-1,-1
154,102,683.68,105.66,27.35,26.63,0.97,4,-1,-1
154,104,1129.44,107.35,13.69,26.09,0.83,1,-1,-1
154,105,383.31,252.99,77.25,31.83,0.98,4,-1,-1
154,111,1135.78,206.13,13.69,26.01,0.95,1,-1,-1
154,113,69.48,30.21,53.11,23.05,0.99,4,-1,-1
154,114,223.82,29.86,50.24,23.06,0.99,4,-1,-1
154,117,635.14,31.60,46.98,21.30,0.98,4,-1,-1
154,119,992.06,202.81,13.89,25.91,0.77,1,-1,-1
154,123,44.34,3.95,42.46,22.27,0.96,4,-1,-1
154,125,122.95,1.14,45.21,24.27,1.00,4,-1,-1
154,130,1251.98,5.51,27.35,22.75,0.83,4,-1,-1
154,131,1277.65,20.65,35.84,23.20,0.98,4,-1,-1
154,135,20.61,2.91,35.33,20.93,0.94,4,-1,-1
154,137,455.00,6.28,26.42,21.27,0.98,4,-1,-1
154,138,735.55,4.57,42.08,22.04,0.93,4,-1,-1
154,156,294.12,2.08,32.36,23.08,0.96,4,-1,-1
154,167,581.92,25.50,49.21,21.19,0.96,4,-1,-1
154,169,198.49,0.32,31.10,23.84,0.79,5,-1,-1
154,84,1127.11,208.76,13.69,24.62,0.75,1,-1,-1
154,177,-0.12,3.45,29.23,18.96,0.67,4,-1,-1
154,124,-0.74,21.14,35.76,21.09,0.97,4,-1,-1
154,75,527.81,182.26,13.76,28.96,0.77,1,-1,-1
154,205,459.76,419.78,15.54,38.28,0.83,1,-1,-1
154,116,640.60,38.78,12.74,21.09,0.65,1,-1,-1
154,232,1023.95,152.08,13.12,24.29,0.53,1,-1,-1
154,173,986.83,200.66,11.95,24.14,0.40,1,-1,-1
154,238,970.77,189.44,11.95,24.86,0.76,1,-1,-1
154,126,533.48,0.44,41.16,22.95,0.50,4,-1,-1
154,241,534.89,176.93,36.90,43.88,0.90,5,-1,-1
154,242,1017.53,198.39,13.66,23.57,0.55,1,-1,-1
154,243,464.16,433.74,16.08,36.40,0.81,1,-1,-1
154,246,533.50,0.55,41.47,23.02,0.64,5,-1,-1
154,179,274.80,38.98,24.60,17.55,0.68,2,-1,-1
155,18,1190.72,446.36,113.26,55.22,0.99,4,-1,-1
155,23,1173.63,414.57,110.54,49.34,0.99,4,-1,-1
155,24,472.50,445.87,17.63,33.09,0.94,1,-1,-1
155,25,519.44,450.70,14.88,33.87,0.94,1,-1,-1
155,26,510.18,432.65,15.63,34.94,0.90,1,-1,-1
155,28,501.79,429.66,15.05,33.21,0.87,1,-1,-1
155,31,289.17,419.69,110.38,44.30,0.98,4,-1,-1
155,39,498.43,405.94,15.14,35.33,0.95,1,-1,-1
155,42,314.16,382.38,101.69,41.49,0.98,4,-1,-1
155,47,1120.79,323.60,95.71,49.88,0.99,4,-1,-1
155,48,336.74,342.50,97.23,41.29,0.99,4,-1,-1
155,54,459.48,618.51,77.93,112.35,0.99,4,-1,-1
155,55,1091.15,284.29,75.24,35.87,0.99,4,-1,-1
155,38,456.47,416.63,15.38,41.26,0.63,1,-1,-1
155,59,701.26,284.26,79.41,36.10,0.99,4,-1,-1
155,60,373.27,273.75,74.34,38.57,1.00,4,-1,-1
155,61,1078.02,248.04,68.43,33.48,0.99,4,-1,-1
155,63,412.39,212.36,70.88,32.87,1.00,4,-1,-1
155,64,702.24,213.26,66.82,27.01,0.99,4,-1,-1
155,65,709.75,227.29,68.94,33.90,0.99,4,-1,-1
155,66,975.13,201.75,11.97,23.10,0.66,1,-1,-1
155,69,1010.26,217.72,15.39,27.73,0.62,1,-1,-1
155,70,1043.89,213.83,68.67,25.03,0.96,4,-1,-1
155,71,1059.29,228.69,72.30,30.97,0.97,4,-1,-1
155,72,1240.10,212.04,76.33,31.12,0.98,4,-1,-1
155,73,415.49,193.30,71.48,30.58,0.99,4,-1,-1
155,74,437.83,165.67,61.98,24.17,0.98,4,-1,-1
155,76,533.82,177.51,37.42,44.46,0.72,4,-1,-1
155,77,688.51,161.84,62.51,26.60,0.98,4,-1,-1
155,78,696.83,179.33,62.31,23.65,0.99,4,-1,-1
155,79,707.73,194.99,56.32,26.42,0.99,4,-1,-1
155,80,991.56,154.34,13.83,24.53,0.92,1,-1,-1
155,81,1006.64,166.98,65.55,25.57,0.96,4,-1,-1
155,82,1013.35,180.90,66.71,25.26,0.96,4,-1,-1
155,83,1033.13,195.20,61.44,25.29,0.95,4,-1,-1
155,88,714.03,107.14,30.47,29.90,0.98,4,-1,-1
155,89,751.06,108.81,28.78,27.33,0.97,4,-1,-1
155,90,778.66,107.91,29.95,27.48,0.91,4,-1,-1
155,91,812.30,110.31,28.15,28.57,0.98,4,-1,-1
155,92,954.12,108.91,31.90,27.36,0.99,4,-1,-1
155,94,1015.59,148.20,13.06,25.16,0.81,1,-1,-1
155,95,986.33,108.73,30.77,29.04,0.99,4,-1,-1
155,98,1015.07,112.12,34.20,28.29,0.99,4,-1,-1
155,99,1221.88,109.41,44.46,29.48,0.98,4,-1,-1
155,101,425.80,178.20,65.76,25.36,0.99,4,-1,-1
155,102,683.72,106.01,27.35,26.71,0.97,4,-1,-1
155,104,1130.37,107.21,13.69,26.43,0.83,1,-1,-1
155,105,382.85,254.10,77.46,32.24,0.98,4,-1,-1
155,111,1137.23,207.66,13.70,26.88,0.96,1,-1,-1
155,113,65.93,30.53,52.98,23.13,0.99,4,-1,-1
155,114,220.54,30.37,50.08,22.85,1.00,4,-1,-1
155,117,630.21,31.95,47.04,21.89,0.99,4,-1,-1
155,119,991.63,203.34,14.88,26.21,0.66,1,-1,-1
155,123,43.37,4.18,42.59,22.50,0.97,4,-1,-1
155,125,121.43,1.48,46.12,24.17,1.00,4,-1,-1
155,130,1252.65,5.35,27.35,23.16,0.77,4,-1,-1
155,131,1278.31,20.49,35.88,23.94,0.98,4,-1,-1
155,135,19.25,3.49,35.03,20.76,0.95,4,-1,-1
155,137,454.51,6.61,26.50,21.44,0.98,4,-1,-1
155,138,735.51,4.63,41.94,22.18,0.95,4,-1,-1
155,156,293.38,2.10,33.27,23.82,0.94,4,-1,-1
155,167,579.00,25.62,49.48,21.70,0.97,4,-1,-1
155,169,197.58,0.42,30.97,24.12,0.80,5,-1,-1
155,84,1128.07,210.33,13.70,24.23,0.82,1,-1,-1
155,177,-0.38,3.76,28.37,19.24,0.56,4,-1,-1
155,124,-0.86,21.58,33.93,21.13,0.96,4,-1,-1
155,75,526.90,183.41,14.26,29.46,0.82,1,-1,-1
155,205,458.51,421.91,16.03,38.92,0.82,1,-1,-1
155,116,637.20,36.84,23.61,21.82,0.64,4,-1,-1
155,232,1025.27,152.61,13.50,24.90,0.67,1,-1,-1
155,173,986.57,200.62,11.95,24.60,0.37,1,-1,-1
155,238,971.45,190.03,11.96,24.92,0.58,1,-1,-1
155,126,532.23,0.63,42.20,23.30,0.48,4,-1,-1
155,241,535.03,177.36,36.21,44.30,0.69,5,-1,-1
155,242,1018.49,198.58,13.67,23.20,0.59,1,-1,-1
155,243,463.79,435.12,16.31,37.16,0.80,1,-1,-1
155,246,532.42,0.69,42.46,23.49,0.76,4,-1,-1
156,18,1191.41,449.00,116.38,54.93,0.99,4,-1,-1
156,23,1174.84,416.86,112.08,48.85,0.99,4,-1,-1
156,24,472.46,448.36,17.28,32.66,0.96,1,-1,-1
156,25,518.46,453.04,15.21,34.06,0.94,1,-1,-1
156,26,510.16,433.87,15.50,34.56,0.91,1,-1,-1
156,28,502.38,431.25,15.29,33.83,0.90,1,-1,-1
156,31,288.84,421.28,109.25,45.52,0.99,4,-1,-1
156,39,498.78,407.75,14.70,34.90,0.96,1,-1,-1
156,42,313.23,384.00,101.70,42.30,0.99,4,-1,-1
156,47,1122.43,325.33,94.62,49.73,0.99,4,-1,-1
156,48,335.31,343.60,97.66,42.25,1.00,4,-1,-1
156,54,455.09,627.33,78.72,114.76,1.00,4,-1,-1
156,55,1091.47,285.82,76.38,35.93,0.99,4,-1,-1
156,38,455.56,418.69,14.82,40.24,0.85,1,-1,-1
156,59,701.05,285.39,79.48,36.53,0.99,4,-1,-1
156,60,372.43,274.76,74.78,39.08,0.99,4,-1,-1
156,61,1077.97,249.35,69.54,33.41,0.99,4,-1,-1
156,63,411.44,213.47,71.05,33.19,1.00,4,-1,-1
156,64,702.22,214.42,66.76,26.63,0.99,4,-1,-1
156,65,709.58,228.44,69.15,33.83,0.99,4,-1,-1
156,66,975.21,202.35,11.97,23.41,0.61,1,-1,-1
156,69,1010.29,218.31,16.51,28.05,0.67,1,-1,-1
156,70,1044.90,215.17,67.41,24.57,0.96,4,-1,-1
156,71,1060.32,229.50,71.98,31.41,0.98,4,-1,-1
156,72,1240.83,213.10,76.75,31.19,0.98,4,-1,-1
156,73,415.01,194.06,71.56,30.95,0.99,4,-1,-1
156,74,436.44,166.61,63.27,24.30,0.99,4,-1,-1
156,76,533.55,178.18,37.55,45.06,0.59,4,-1,-1
156,77,687.99,162.42,62.98,26.79,1.00,4,-1,-1
156,78,696.72,179.72,62.37,24.68,0.99,4,-1,-1
156,79,707.20,196.27,57.49,26.49,0.99,4,-1,-1
156,80,992.93,154.89,13.72,25.54,0.89,1,-1,-1
156,81,1006.85,168.19,65.25,25.16,0.96,4,-1,-1
156,82,1014.23,181.90,66.69,25.25,0.98,4,-1,-1
156,83,1034.99,196.36,60.46,25.55,0.94,4,-1,-1
156,88,713.84,107.56,30.70,30.46,0.98,4,-1,-1
156,89,751.53,109.15,28.44,27.92,0.97,4,-1,-1
156,90,778.98,108.48,29.94,27.83,0.92,4,-1,-1
156,91,812.16,110.88,28.21,28.63,0.99,4,-1,-1
156,92,954.01,109.54,32.30,27.50,0.98,4,-1,-1
156,94,1016.87,149.07,13.48,25.88,0.87,1,-1,-1
156,95,986.41,109.34,30.77,29.21,0.98,4,-1,-1
156,98,1015.93,112.90,34.20,28.24,0.99,4,-1,-1
156,99,1222.76,110.01,44.45,29.64,0.99,4,-1,-1
156,101,425.29,179.04,65.70,25.85,0.99,4,-1,-1
156,102,683.26,106.30,27.92,27.41,0.98,4,-1,-1
156,104,1131.32,108.50,12.55,25.89,0.88,1,-1,-1
156,105,381.92,254.93,77.52,32.97,0.98,4,-1,-1
156,111,1138.91,209.43,13.69,27.76,0.96,1,-1,-1
156,113,62.29,30.98,53.06,23.13,0.99,4,-1,-1
156,114,217.26,30.80,50.02,22.66,1.00,4,-1,-1
156,117,625.46,32.55,47.61,22.23,0.99,4,-1,-1
156,119,992.08,203.98,15.24,26.11,0.77,1,-1,-1
156,123,42.66,4.65,42.07,22.19,0.98,4,-1,-1
156,125,120.57,1.73,45.90,24.21,1.00,4,-1,-1
156,130,1253.52,5.81,27.34,23.13,0.86,4,-1,-1
156,131,1278.60,20.97,37.02,23.95,0.98,4,-1,-1
156,135,18.37,4.09,34.30,20.40,0.95,4,-1,-1
156,137,454.16,6.86,26.52,21.61,0.98,4,-1,-1
156,138,735.29,4.92,42.45,22.44,0.93,4,-1,-1
156,156,293.08,2.49,33.03,23.78,0.92,4,-1,-1
156,167,576.95,26.18,49.01,21.68,0.96,4,-1,-1
156,169,196.74,0.65,30.70,24.13,0.89,5,-1,-1
156,84,1129.56,211.97,13.69,24.37,0.74,1,-1,-1
156,177,-0.39,3.91,28.16,19.04,0.66,4,-1,-1
156,124,-0.56,22.24,31.18,20.44,0.96,4,-1,-1
156,75,526.65,184.36,14.44,30.07,0.72,1,-1,-1
156,205,458.11,424.79,15.65,37.63,0.77,1,-1,-1
156,116,638.47,37.88,19.30,22.35,0.35,1,-1,-1
156,232,1027.48,153.82,12.53,24.56,0.72,1,-1,-1
156,173,985.94,202.26,13.09,24.49,0.43,1,-1,-1
156,238,972.32,190.97,11.95,25.09,0.62,1,-1,-1
156,126,532.98,0.99,41.47,23.02,0.20,4,-1,-1
156,241,534.88,177.82,36.54,45.03,0.75,5,-1,-1
156,242,1019.44,199.09,13.66,23.31,0.70,1,-1,-1
156,243,463.16,437.18,16.36,36.97,0.88,1,-1,-1
156,246,533.09,0.99,41.55,23.40,0.84,4,-1,-1
156,248,1134.69,210.57,15.37,25.93,0.73,1,-1,-1
157,18,1192.62,451.46,116.41,54.78,1.00,4,-1,-1
157,23,1175.13,418.77,113.77,49.34,0.99,4,-1,-1
157,24,471.84,450.32,17.72,32.49,0.97,1,-1,-1
157,25,516.92,454.91,15.90,34.69,0.95,1,-1,-1
157,26,510.37,435.49,15.44,35.40,0.91,1,-1,-1
157,28,503.08,433.58,14.82,33.92,0.92,1,-1,-1
157,31,287.60,423.47,109.36,45.96,0.98,4,-1,-1
157,39,498.58,409.31,15.12,35.14,0.97,1,-1,-1
157,42,311.88,386.08,101.69,42.31,1.00,4,-1,-1
157,47,1123.44,326.78,95.33,49.93,0.99,4,-1,-1
157,48,334.60,345.48,97.25,42.03,0.99,4,-1,-1
157,54,451.81,637.34,78.44,115.62,0.99,4,-1,-1
157,55,1092.55,287.50,76.80,35.65,1.00,4,-1,-1
157,38,453.76,421.04,15.18,39.82,0.89,1,-1,-1
157,59,700.87,286.55,79.50,36.67,1.00,4,-1,-1
157,60,371.37,275.92,74.80,39.25,0.99,4,-1,-1
157,61,1078.91,250.39,69.95,33.65,0.99,4,-1,-1
157,63,410.45,214.75,71.39,33.23,0.99,4,-1,-1
157,64,702.11,215.47,66.72,26.47,0.99,4,-1,-1
157,65,709.41,229.76,69.21,33.78,0.99,4,-1,-1
157,66,975.09,202.81,13.10,24.02,0.61,1,-1,-1
157,69,1010.70,218.98,15.82,28.16,0.62,1,-1,-1
157,70,1045.12,216.17,68.06,24.73,0.97,4,-1,-1
157,71,1060.54,230.09,72.98,32.13,0.97,4,-1,-1
157,72,1242.02,214.18,76.90,30.92,0.98,4,-1,-1
157,73,414.21,195.07,71.58,31.01,0.99,4,-1,-1
157,74,435.98,167.35,63.33,23.77,0.99,4,-1,-1
157,76,533.92,178.86,37.03,44.78,0.57,4,-1,-1
157,77,687.69,163.20,63.15,26.85,0.99,4,-1,-1
157,78,696.56,180.22,62.39,25.47,0.98,4,-1,-1
157,79,707.17,197.51,57.92,26.50,0.99,4,-1,-1
157,80,994.39,155.27,13.68,25.78,0.89,1,-1,-1
157,81,1006.76,169.02,65.11,25.25,0.97,4,-1,-1
157,82,1013.83,182.64,67.81,25.66,0.96,4,-1,-1
157,83,1035.54,197.08,61.21,26.06,0.93,4,-1,-1
157,88,713.65,108.00,30.79,30.52,0.98,4,-1,-1
157,89,751.59,109.55,28.30,28.00,0.97,4,-1,-1
157,90,779.24,108.94,29.94,28.06,0.88,4,-1,-1
157,91,812.24,111.29,28.23,28.78,0.97,4,-1,-1
157,92,954.92,110.10,31.32,27.40,0.97,4,-1,-1
157,94,1017.73,149.77,13.64,26.29,0.83,1,-1,-1
157,95,986.84,109.88,30.76,29.40,0.98,4,-1,-1
157,98,1016.07,113.44,34.19,28.21,0.99,4,-1,-1
157,99,1223.44,110.52,44.45,29.55,0.99,4,-1,-1
157,101,424.89,179.67,65.24,25.74,0.99,4,-1,-1
157,102,682.96,106.67,28.13,28.05,0.97,4,-1,-1
157,104,1131.46,108.46,13.28,27.00,0.70,1,-1,-1
157,105,380.82,256.31,77.68,32.94,0.98,4,-1,-1
157,111,1140.47,211.26,13.69,27.33,0.95,1,-1,-1
157,113,58.37,31.44,53.08,22.91,0.99,4,-1,-1
157,114,213.87,31.16,50.63,22.50,1.00,4,-1,-1
157,117,620.29,32.78,47.82,23.03,0.97,4,-1,-1
157,119,992.11,204.52,15.37,26.07,0.80,1,-1,-1
157,123,41.73,5.00,42.15,22.17,0.97,4,-1,-1
157,125,119.56,1.85,45.80,24.38,1.00,4,-1,-1
157,130,1254.18,5.93,27.34,23.41,0.91,4,-1,-1
157,131,1279.04,21.08,36.33,24.03,0.98,4,-1,-1
157,135,17.16,4.46,34.64,20.52,0.95,4,-1,-1
157,137,453.65,6.83,26.52,21.89,0.98,4,-1,-1
157,138,735.35,5.17,42.64,22.46,0.92,4,-1,-1
157,156,292.61,2.93,32.37,23.25,0.93,4,-1,-1
157,167,574.17,26.53,49.39,22.07,0.95,4,-1,-1
157,169,195.94,1.04,30.88,23.96,0.79,5,-1,-1
157,84,1132.18,213.26,12.56,24.56,0.87,1,-1,-1
157,177,-0.51,4.25,26.64,19.24,0.49,4,-1,-1
157,124,-0.43,22.57,28.99,20.32,0.88,4,-1,-1
157,75,525.63,184.73,14.51,30.15,0.89,1,-1,-1
157,205,457.96,426.91,14.93,38.23,0.66,1,-1,-1
157,116,638.62,38.05,17.06,23.54,0.36,1,-1,-1
157,232,1028.13,154.58,13.29,24.85,0.66,1,-1,-1
157,173,986.10,202.90,12.41,25.01,0.42,1,-1,-1
157,238,973.06,191.64,11.96,26.58,0.73,1,-1,-1
157,126,533.17,1.02,41.18,23.54,0.53,4,-1,-1
157,241,533.28,178.94,37.83,45.28,0.62,5,-1,-1
157,242,1020.19,199.67,13.66,23.58,0.68,1,-1,-1
157,243,462.03,438.07,16.95,38.06,0.92,1,-1,-1
157,246,533.26,1.02,41.20,23.82,0.65,4,-1,-1
157,249,196.05,0.97,30.84,24.08,0.81,5,-1,-1
158,18,1192.60,453.44,118.65,56.44,0.99,4,-1,-1
158,23,1177.57,420.13,113.27,50.52,0.99,4,-1,-1
158,24,471.41,452.04,17.87,33.57,0.97,1,-1,-1
158,25,515.33,456.59,16.71,36.06,0.92,1,-1,-1
158,26,510.54,437.93,15.41,34.60,0.79,1,-1,-1
158,28,503.71,436.16,14.63,33.53,0.88,1,-1,-1
158,31,285.85,425.53,110.52,46.13,0.98,4,-1,-1
158,39,498.31,411.59,15.27,33.97,0.97,1,-1,-1
158,42,309.66,387.82,102.81,42.89,1.00,4,-1,-1
158,47,1123.35,328.25,97.85,50.29,0.99,4,-1,-1
158,48,333.48,347.30,97.37,41.96,1.00,4,-1,-1
158,54,448.24,647.23,78.84,114.80,0.99,4,-1,-1
158,55,1093.63,288.77,76.94,35.55,1.00,4,-1,-1
158,38,452.64,423.45,15.31,39.09,0.89,1,-1,-1
158,59,700.92,287.58,80.06,37.30,0.99,4,-1,-1
158,60,370.54,276.76,74.80,39.32,1.00,4,-1,-1
158,61,1079.95,251.57,70.10,33.46,0.99,4,-1,-1
158,63,409.51,215.38,71.66,33.39,0.99,4,-1,-1
158,64,702.48,216.26,66.14,25.92,0.99,4,-1,-1
158,65,709.47,230.86,69.23,33.49,0.99,4,-1,-1
158,66,975.73,203.98,12.43,23.49,0.71,1,-1,-1
158,69,1012.13,220.02,15.53,27.92,0.64,1,-1,-1
158,70,1046.45,217.19,67.16,24.51,0.98,4,-1,-1
158,71,1061.30,231.23,73.35,31.84,0.96,4,-1,-1
158,72,1243.72,215.25,76.94,30.82,0.98,4,-1,-1
158,73,412.77,196.37,72.29,30.54,0.98,4,-1,-1
158,74,435.53,167.84,63.48,24.14,0.99,4,-1,-1
158,76,533.64,179.78,36.83,44.32,0.60,4,-1,-1
158,77,687.70,164.31,63.21,26.74,0.99,4,-1,-1
158,78,696.92,181.35,62.39,25.08,0.99,4,-1,-1
158,79,707.01,198.51,58.08,26.30,0.99,4,-1,-1
158,80,996.17,155.22,13.66,25.31,0.88,1,-1,-1
158,81,1007.42,169.90,65.06,24.45,0.98,4,-1,-1
158,82,1014.93,183.49,67.10,24.98,0.97,4,-1,-1
158,83,1036.99,197.50,60.35,26.32,0.94,4,-1,-1
158,88,714.00,108.64,30.25,30.26,0.98,4,-1,-1
158,89,752.03,110.11,28.24,28.03,0.97,4,-1,-1
158,90,779.48,109.42,29.93,28.04,0.87,4,-1,-1
158,91,812.70,112.00,27.67,28.55,0.98,4,-1,-1
158,92,955.98,110.81,30.94,27.09,0.99,4,-1,-1
158,94,1019.29,150.47,13.70,26.31,0.81,1,-1,-1
158,95,987.70,110.38,30.76,29.47,0.99,4,-1,-1
158,98,1016.83,114.00,34.19,28.34,0.99,4,-1,-1
158,99,1224.96,111.31,44.44,29.09,0.99,4,-1,-1
158,101,424.32,179.91,65.62,26.27,0.99,4,-1,-1
158,102,683.27,107.27,27.64,27.67,0.98,4,-1,-1
158,104,1132.78,109.63,12.41,25.84,0.68,1,-1,-1
158,105,379.83,257.11,78.16,33.22,0.99,4,-1,-1
158,111,1141.72,212.79,13.69,26.80,0.97,1,-1,-1
158,113,54.75,31.61,53.09,22.83,0.99,4,-1,-1
158,114,210.50,31.03,51.63,23.27,1.00,4,-1,-1
158,117,615.80,33.37,47.89,22.35,0.96,4,-1,-1
158,119,993.37,205.24,14.30,25.48,0.87,1,-1,-1
158,123,40.65,5.17,42.88,22.09,0.97,4,-1,-1
158,125,118.78,2.04,45.90,24.63,1.00,4,-1,-1
158,130,1254.57,6.40,27.34,22.91,0.90,4,-1,-1
158,131,1279.35,21.37,37.18,23.50,0.97,4,-1,-1
158,135,16.04,4.56,34.91,20.52,0.96,4,-1,-1
158,137,453.33,6.98,26.52,21.87,0.98,4,-1,-1
158,138,735.52,5.26,42.71,22.58,0.93,4,-1,-1
158,156,291.88,2.91,32.41,23.56,0.91,4,-1,-1
158,167,571.65,26.78,49.53,21.82,0.95,4,-1,-1
158,169,194.46,1.14,31.72,24.03,0.90,5,-1,-1
158,84,1133.25,214.31,13.29,24.98,0.84,1,-1,-1
158,177,-0.26,4.20,26.33,19.39,0.34,4,-1,-1
158,124,-0.25,22.41,26.69,20.65,0.79,4,-1,-1
158,75,525.10,185.45,14.53,29.90,0.92,1,-1,-1
158,205,456.31,429.23,15.23,37.33,0.84,1,-1,-1
158,116,639.69,39.44,14.47,22.24,0.50,1,-1,-1
158,232,1029.61,154.81,12.45,24.82,0.69,1,-1,-1
158,173,986.86,202.93,12.12,25.49,0.50,1,-1,-1
158,238,974.03,192.18,11.95,25.73,0.68,1,-1,-1
158,126,533.68,1.12,40.50,23.95,0.47,4,-1,-1
158,241,532.25,179.67,38.30,45.94,0.64,5,-1,-1
158,242,1021.73,199.24,12.50,23.40,0.68,1,-1,-1
158,243,461.15,440.84,17.15,37.87,0.94,1,-1,-1
158,246,533.47,1.03,41.07,24.38,0.47,4,-1,-1
158,249,194.04,1.24,31.80,24.14,0.63,5,-1,-1
158,213,1207.27,12.83,8.54,18.92,0.59,1,-1,-1
158,237,1212.36,13.57,8.55,19.71,0.59,1,-1,-1
159,18,1197.10,456.46,116.14,55.94,0.99,4,-1,-1
159,23,1179.65,422.63,113.08,50.96,0.99,4,-1,-1
159,24,471.50,454.72,17.37,33.42,0.97,1,-1,-1
159,25,514.70,460.07,17.03,35.46,0.88,1,-1,-1
159,26,511.41,440.62,15.40,34.86,0.87,1,-1,-1
159,28,504.17,438.32,14.00,33.95,0.91,1,-1,-1
159,31,284.03,428.06,110.69,46.19,0.99,4,-1,-1
159,39,498.17,414.35,15.90,33.95,0.97,1,-1,-1
159,42,307.81,389.94,104.38,43.38,0.99,4,-1,-1
159,47,1125.58,330.24,97.68,50.14,0.99,4,-1,-1
159,48,331.89,349.46,97.70,41.64,0.99,4,-1,-1
159,54,443.89,657.88,80.10,108.82,0.95,4,-1,-1
159,55,1094.62,289.98,77.00,35.79,1.00,4,-1,-1
159,38,453.05,428.81,15.92,39.24,0.85,1,-1,-1
159,59,700.36,289.28,80.85,37.54,0.99,4,-1,-1
159,60,369.77,278.41,74.95,39.35,1.00,4,-1,-1
159,61,1081.48,253.03,70.15,33.39,0.99,4,-1,-1
159,63,408.56,216.80,72.33,33.30,0.99,4,-1,-1
159,64,702.32,217.52,65.92,25.79,0.99,4,-1,-1
159,65,709.76,231.74,69.25,33.66,0.99,4,-1,-1
159,66,976.56,204.69,12.14,23.49,0.72,1,-1,-1
159,69,1013.24,221.02,15.43,27.26,0.64,1,-1,-1
159,70,1048.09,218.74,66.83,24.14,0.98,4,-1,-1
159,71,1062.73,232.68,73.50,31.44,0.96,4,-1,-1
159,72,1246.08,216.53,75.83,30.50,0.99,4,-1,-1
159,73,412.19,197.42,72.56,30.14,0.99,4,-1,-1
159,74,435.05,168.51,63.25,24.28,0.98,4,-1,-1
159,76,531.79,180.46,38.46,45.42,0.76,4,-1,-1
159,77,687.98,165.13,63.24,26.98,0.99,4,-1,-1
159,78,697.04,182.47,62.40,24.92,0.99,4,-1,-1
159,79,707.50,199.21,57.58,26.65,0.98,4,-1,-1
159,80,997.95,155.95,13.66,25.27,0.88,1,-1,-1
159,81,1008.81,170.55,63.90,24.13,0.99,4,-1,-1
159,82,1015.92,184.12,66.83,25.13,0.95,4,-1,-1
159,83,1038.11,198.89,60.02,25.65,0.91,4,-1,-1
159,88,714.40,109.39,30.04,30.34,0.97,4,-1,-1
159,89,752.18,110.79,28.22,28.32,0.97,4,-1,-1
159,90,779.84,110.14,29.93,28.31,0.89,4,-1,-1
159,91,812.86,112.66,28.02,28.75,0.95,4,-1,-1
159,92,956.94,111.26,30.80,27.39,0.99,4,-1,-1
159,94,1020.99,151.27,13.72,25.61,0.78,1,-1,-1
159,95,987.46,111.03,31.89,29.64,0.99,4,-1,-1
159,98,1017.68,114.60,34.19,28.68,0.99,4,-1,-1
159,99,1225.56,112.13,44.44,28.77,0.99,4,-1,-1
159,101,423.64,180.91,65.63,25.77,0.99,4,-1,-1
159,102,683.09,107.79,28.02,28.19,0.98,4,-1,-1
159,104,1133.28,111.40,13.24,25.38,0.52,1,-1,-1
159,105,378.44,258.31,78.77,33.61,0.98,4,-1,-1
159,111,1142.75,214.43,13.69,26.67,0.98,1,-1,-1
159,113,51.02,32.04,53.08,22.71,1.00,4,-1,-1
159,114,207.34,31.27,52.36,23.43,1.00,4,-1,-1
159,117,611.12,34.33,46.79,21.53,0.98,4,-1,-1
159,119,994.44,205.76,13.87,25.63,0.87,1,-1,-1
159,123,39.49,5.34,42.74,22.08,0.98,4,-1,-1
159,125,117.84,2.20,46.08,24.60,0.99,4,-1,-1
159,130,1255.87,6.81,27.34,22.33,0.92,4,-1,-1
159,131,1281.19,21.81,36.38,22.97,0.94,4,-1,-1
159,135,14.34,4.83,35.48,20.63,0.96,4,-1,-1
159,137,453.16,7.27,26.52,21.78,0.98,4,-1,-1
159,138,735.56,5.56,42.74,23.08,0.92,4,-1,-1
159,156,291.11,3.17,32.14,23.67,0.93,4,-1,-1
159,167,569.06,27.26,49.02,21.53,0.96,4,-1,-1
159,169,193.61,0.97,31.13,23.97,0.15,5,-1,-1
159,84,1135.35,216.54,12.42,24.30,0.86,1,-1,-1
159,177,-0.40,4.77,24.37,19.13,0.58,4,-1,-1
159,124,-0.28,22.69,24.28,20.45,0.88,4,-1,-1
159,75,524.31,186.27,15.11,29.51,0.95,1,-1,-1
159,205,453.15,427.88,15.90,39.82,0.88,1,-1,-1
159,116,640.37,39.95,12.87,21.79,0.66,1,-1,-1
159,232,1031.28,155.84,12.11,24.95,0.60,1,-1,-1
159,173,987.15,204.19,12.01,25.04,0.51,1,-1,-1
159,238,975.53,192.28,11.96,26.25,0.59,1,-1,-1
159,126,533.83,1.40,40.25,23.84,0.39,4,-1,-1
159,241,532.69,180.56,37.33,44.75,0.24,5,-1,-1
159,242,1022.86,199.77,12.06,22.83,0.72,1,-1,-1
159,243,460.52,443.36,17.22,37.78,0.93,1,-1,-1
159,246,533.50,1.35,41.02,24.16,0.63,4,-1,-1
159,249,193.42,1.32,31.92,24.00,0.94,4,-1,-1
159,213,1207.72,13.81,8.55,19.01,0.62,1,-1,-1
159,237,1213.33,14.20,8.55,19.70,0.58,1,-1,-1
160,18,1196.60,458.74,119.69,57.43,1.00,4,-1,-1
160,23,1182.74,426.27,111.87,50.15,0.99,4,-1,-1
160,24,471.58,457.45,17.75,33.36,0.97,1,-1,-1
160,25,514.52,462.24,16.59,35.79,0.95,1,-1,-1
160,26,512.05,443.34,15.40,34.40,0.90,1,-1,-1
160,28,504.06,440.84,13.75,32.99,0.91,1,-1,-1
160,31,281.86,430.84,111.87,46.07,0.98,4,-1,-1
160,39,498.44,416.66,16.13,34.37,0.95,1,-1,-1
160,42,306.32,392.58,103.84,43.01,0.99,4,-1,-1
160,47,1127.62,332.43,96.48,49.80,0.99,4,-1,-1
160,48,330.51,351.55,97.83,42.09,0.99,4,-1,-1
160,54,441.53,669.33,79.43,97.84,0.94,4,-1,-1
160,55,1096.18,291.88,75.88,35.89,1.00,4,-1,-1
160,38,451.59,430.10,15.60,37.74,0.88,1,-1,-1
160,59,700.77,291.22,80.58,37.34,0.99,4,-1,-1
160,60,368.69,280.60,75.00,38.79,1.00,4,-1,-1
160,61,1083.25,254.46,69.04,33.36,0.99,4,-1,-1
160,63,408.26,218.27,72.02,32.78,0.99,4,-1,-1
160,64,702.31,218.79,66.40,26.24,0.99,4,-1,-1
160,65,709.37,232.81,69.81,34.29,0.99,4,-1,-1
160,66,976.93,205.00,12.03,23.92,0.63,1,-1,-1
160,69,1013.72,222.01,16.53,28.16,0.49,1,-1,-1
160,70,1048.76,219.78,67.84,24.57,0.96,4,-1,-1
160,71,1064.45,234.40,72.42,31.29,0.96,4,-1,-1
160,72,1247.02,217.90,76.55,30.67,0.99,4,-1,-1
160,73,412.18,198.61,71.96,30.21,0.97,4,-1,-1
160,74,434.64,169.70,63.16,24.48,0.98,4,-1,-1
160,76,531.16,181.59,39.07,45.27,0.91,4,-1,-1
160,77,688.42,166.53,62.68,26.51,0.99,4,-1,-1
160,78,697.14,183.70,62.40,24.30,0.99,4,-1,-1
160,79,708.03,200.28,56.82,26.43,0.99,4,-1,-1
160,80,999.78,156.92,13.66,25.53,0.94,1,-1,-1
160,81,1009.40,171.25,64.60,24.43,0.98,4,-1,-1
160,82,1016.35,185.25,66.73,24.91,0.94,4,-1,-1
160,83,1039.73,200.80,59.90,24.74,0.97,4,-1,-1
160,88,714.89,110.06,29.96,30.65,0.98,4,-1,-1
160,89,752.01,111.86,28.78,28.29,0.98,4,-1,-1
160,90,779.75,111.08,30.49,28.42,0.92,4,-1,-1
160,91,812.98,113.30,28.15,29.11,0.99,4,-1,-1
160,92,957.93,111.89,30.75,27.79,0.99,4,-1,-1
160,94,1023.36,152.10,12.60,25.34,0.84,1,-1,-1
160,95,988.00,111.60,32.32,29.99,0.99,4,-1,-1
160,98,1018.63,115.16,34.19,28.80,1.00,4,-1,-1
160,99,1226.97,112.77,44.45,28.94,0.99,4,-1,-1
160,101,422.88,182.30,65.63,25.42,0.99,4,-1,-1
160,102,683.36,108.41,27.60,28.28,0.99,4,-1,-1
160,104,1134.11,110.94,13.52,25.79,0.70,1,-1,-1
160,105,377.69,260.05,78.44,33.75,0.98,4,-1,-1
160,111,1144.87,216.06,13.68,26.62,0.98,1,-1,-1
160,113,46.67,32.31,53.66,23.08,0.99,4,-1,-1
160,114,204.17,31.67,53.20,23.67,1.00,4,-1,-1
160,117,605.59,34.93,46.37,21.60,0.98,4,-1,-1
160,119,995.46,206.21,13.72,26.18,0.85,1,-1,-1
160,123,38.41,5.68,42.77,22.05,0.98,4,-1,-1
160,125,116.98,2.49,46.15,24.54,0.99,4,-1,-1
160,130,1257.00,7.46,27.34,22.23,0.95,4,-1,-1
160,131,1281.96,22.66,37.20,22.71,0.96,4,-1,-1
160,135,13.22,5.31,36.01,20.60,0.93,4,-1,-1
160,137,452.87,7.55,26.52,21.84,0.99,4,-1,-1
160,138,735.64,5.87,42.75,23.13,0.92,4,-1,-1
160,156,290.02,3.27,32.90,24.05,0.95,4,-1,-1
160,167,566.24,27.76,49.39,21.39,0.98,4,-1,-1
160,169,192.79,1.17,31.75,24.13,0.78,5,-1,-1
160,84,1137.31,218.82,13.24,24.04,0.82,1,-1,-1
160,177,-0.39,4.66,24.31,19.40,0.44,4,-1,-1
160,124,-0.17,22.90,22.38,20.78,0.85,4,-1,-1
160,75,524.07,187.38,14.76,29.22,0.79,1,-1,-1
160,205,452.57,431.86,16.15,39.08,0.69,1,-1,-1
160,116,640.07,40.18,12.89,22.34,0.48,1,-1,-1
160,232,1032.50,156.49,13.14,25.14,0.78,1,-1,-1
160,173,987.32,204.63,11.98,24.94,0.57,1,-1,-1
160,238,976.14,192.79,11.96,26.94,0.62,1,-1,-1
160,126,533.37,1.72,40.73,23.96,0.61,4,-1,-1
160,241,532.35,182.06,37.53,44.28,0.12,5,-1,-1
160,242,1023.29,200.96,13.11,22.85,0.71,1,-1,-1
160,243,460.34,446.88,17.23,37.16,0.96,1,-1,-1
160,249,192.81,1.44,31.94,23.95,0.89,4,-1,-1
160,213,1207.99,14.36,9.69,19.25,0.18,1,-1,-1
160,237,1214.34,14.60,8.55,19.96,0.25,1,-1,-1
161,18,1198.58,461.77,119.88,57.99,1.00,4,-1,-1
161,23,1183.24,428.56,113.67,50.25,1.00,4,-1,-1
161,24,471.81,459.80,17.89,32.20,0.98,1,-1,-1
161,25,513.28,463.81,16.97,37.03,0.94,1,-1,-1
161,26,513.34,445.98,14.83,34.22,0.90,1,-1,-1
161,28,504.50,443.13,13.67,32.61,0.89,1,-1,-1
161,31,279.45,433.21,113.16,47.15,0.97,4,-1,-1
161,39,498.74,418.86,16.22,34.81,0.95,1,-1,-1
161,42,304.17,394.90,104.76,42.86,0.98,4,-1,-1
161,47,1129.43,334.45,96.01,50.24,0.99,4,-1,-1
161,48,328.38,353.24,98.44,42.54,1.00,4,-1,-1
161,54,438.45,681.00,79.14,86.59,0.89,4,-1,-1
161,55,1097.25,293.38,76.59,36.20,1.00,4,-1,-1
161,38,449.56,432.02,16.03,38.18,0.92,1,-1,-1
161,59,700.87,292.73,80.47,37.55,1.00,4,-1,-1
161,60,367.52,282.49,75.16,38.58,0.99,4,-1,-1
161,61,1083.83,255.65,69.75,34.20,0.99,4,-1,-1
161,63,407.67,219.47,71.76,32.58,0.99,4,-1,-1
161,64,702.25,219.78,66.59,26.97,0.99,4,-1,-1
161,65,708.87,234.28,70.59,34.53,0.99,4,-1,-1
161,66,977.57,204.93,11.99,24.78,0.43,1,-1,-1
161,69,1014.39,222.89,16.93,28.77,0.27,1,-1,-1
161,70,1050.07,220.68,68.22,25.29,0.97,4,-1,-1
161,71,1066.16,235.69,72.00,31.52,0.97,4,-1,-1
161,72,1248.42,219.06,76.81,30.73,0.98,4,-1,-1
161,73,411.56,199.71,71.44,30.51,0.96,4,-1,-1
161,74,433.44,170.66,63.83,24.83,0.96,4,-1,-1
161,76,531.14,183.16,38.74,44.28,0.95,4,-1,-1
161,77,687.95,167.28,63.61,27.19,0.99,4,-1,-1
161,78,696.83,185.17,62.97,23.91,0.99,4,-1,-1
161,79,707.88,201.05,57.10,26.48,0.99,4,-1,-1
161,80,1001.50,157.59,13.66,25.63,0.94,1,-1,-1
161,81,1010.67,172.45,64.86,24.97,0.97,4,-1,-1
161,82,1016.43,186.33,67.82,25.25,0.93,4,-1,-1
161,83,1040.82,201.81,59.85,24.76,0.96,4,-1,-1
161,88,714.73,110.90,29.93,30.48,0.98,4,-1,-1
161,89,752.16,112.92,28.99,28.13,0.97,4,-1,-1
161,90,779.93,112.17,30.14,28.31,0.92,4,-1,-1
161,91,812.95,113.70,28.77,29.38,0.99,4,-1,-1
161,92,958.79,112.65,30.74,27.80,0.99,4,-1,-1
161,94,1024.13,152.65,13.32,27.24,0.79,1,-1,-1
161,95,989.26,112.68,31.36,29.69,0.99,4,-1,-1
161,98,1018.34,115.60,35.32,29.13,0.99,4,-1,-1
161,99,1227.43,113.24,45.58,29.72,0.99,4,-1,-1
161,101,421.97,183.62,65.35,25.29,0.99,4,-1,-1
161,102,683.12,109.27,27.43,27.99,0.99,4,-1,-1
161,104,1134.91,111.86,13.63,26.09,0.75,1,-1,-1
161,105,376.93,261.77,78.45,32.96,0.96,4,-1,-1
161,111,1145.56,218.07,14.82,27.67,0.97,1,-1,-1
161,113,42.59,33.00,53.88,22.97,0.98,4,-1,-1
161,114,200.82,32.48,53.72,23.40,1.00,4,-1,-1
161,117,599.63,35.62,47.92,21.01,0.98,4,-1,-1
161,119,996.34,207.32,13.67,26.11,0.69,1,-1,-1
161,123,36.80,5.83,43.19,22.17,0.98,4,-1,-1
161,125,116.02,2.55,46.03,24.90,1.00,4,-1,-1
161,130,1257.91,7.97,27.34,21.86,0.95,4,-1,-1
161,131,1283.31,22.83,37.51,22.91,0.95,4,-1,-1
161,135,12.33,5.41,35.08,20.69,0.91,4,-1,-1
161,137,452.70,8.03,25.95,21.75,0.99,4,-1,-1
161,138,735.60,6.19,42.75,22.98,0.93,4,-1,-1
161,156,289.13,3.61,32.90,24.06,0.94,4,-1,-1
161,167,563.78,28.10,48.96,21.13,0.96,4,-1,-1
161,169,192.13,1.21,31.14,24.59,0.56,5,-1,-1
161,84,1139.09,220.72,13.53,25.37,0.39,1,-1,-1
161,177,-0.40,4.97,23.03,19.20,0.61,4,-1,-1
161,124,-0.33,23.23,20.48,21.16,0.89,4,-1,-1
161,75,523.65,188.74,14.06,28.69,0.93,1,-1,-1
161,205,452.32,436.72,16.25,37.06,0.75,1,-1,-1
161,116,640.77,40.66,12.32,21.72,0.56,1,-1,-1
161,232,1032.90,157.39,14.61,25.91,0.66,1,-1,-1
161,173,986.75,205.04,13.10,25.47,0.39,1,-1,-1
161,238,976.86,193.57,11.96,28.38,0.38,1,-1,-1
161,126,533.13,2.22,40.91,23.66,0.73,4,-1,-1
161,242,1023.96,202.14,13.47,23.37,0.53,1,-1,-1
161,243,459.94,449.23,17.22,37.49,0.94,1,-1,-1
161,249,192.00,1.48,31.94,24.09,0.75,4,-1,-1
161,213,1208.09,15.35,10.10,19.56,0.38,1,-1,-1
161,237,1215.78,15.19,8.55,20.01,0.50,1,-1,-1
162,18,1200.39,464.76,121.02,58.19,1.00,4,-1,-1
162,23,1185.05,431.28,114.30,50.00,0.99,4,-1,-1
162,24,472.29,461.92,17.37,32.34,0.97,1,-1,-1
162,25,511.54,464.80,17.66,38.60,0.92,1,-1,-1
162,26,514.49,447.92,15.18,34.72,0.86,1,-1,-1
162,28,505.03,445.23,14.21,33.05,0.86,1,-1,-1
162,31,278.44,435.59,113.33,47.56,0.99,4,-1,-1
162,39,498.96,421.21,16.25,34.97,0.97,1,-1,-1
162,42,302.69,397.00,105.07,43.37,0.99,4,-1,-1
162,47,1130.06,336.12,98.08,51.24,0.99,4,-1,-1
162,48,327.76,355.55,98.64,42.71,0.99,4,-1,-1
162,54,435.66,692.59,77.71,74.18,0.86,4,-1,-1
162,55,1098.75,294.72,76.83,36.60,1.00,4,-1,-1
162,38,448.37,434.82,15.63,37.20,0.87,1,-1,-1
162,59,700.98,294.17,80.97,37.90,1.00,4,-1,-1
162,60,366.12,284.05,75.77,38.78,0.99,4,-1,-1
162,61,1084.03,257.16,71.12,34.23,0.99,4,-1,-1
162,63,406.48,220.23,71.92,33.07,0.99,4,-1,-1
162,64,702.31,220.77,67.20,26.97,1.00,4,-1,-1
162,65,709.04,235.73,70.86,34.62,0.98,4,-1,-1
162,66,978.40,205.57,11.97,24.96,0.63,1,-1,-1
162,69,1015.78,224.03,17.08,28.44,0.51,1,-1,-1
162,70,1051.68,222.09,67.21,24.45,0.97,4,-1,-1
162,71,1067.34,236.54,71.83,32.17,0.98,4,-1,-1
162,72,1250.59,220.31,76.89,30.47,0.97,4,-1,-1
162,73,410.77,200.65,71.65,30.42,0.97,4,-1,-1
162,74,432.02,171.49,64.62,24.83,0.99,4,-1,-1
162,76,530.42,184.02,39.16,44.68,0.95,4,-1,-1
162,77,687.87,167.85,63.94,27.87,0.99,4,-1,-1
162,78,696.24,186.14,64.29,24.63,0.98,4,-1,-1
162,79,707.05,202.32,58.89,26.71,0.99,4,-1,-1
162,80,1003.26,158.03,13.66,25.38,0.91,1,-1,-1
162,81,1012.87,173.08,63.81,25.31,0.97,4,-1,-1
162,82,1018.73,187.75,67.09,24.68,0.97,4,-1,-1
162,83,1040.65,202.71,60.95,25.19,0.96,4,-1,-1
162,88,714.76,111.81,29.91,30.13,0.99,4,-1,-1
162,89,752.30,113.63,28.49,27.92,0.98,4,-1,-1
162,90,780.36,113.10,29.99,27.98,0.96,4,-1,-1
162,91,813.58,114.52,28.43,29.20,0.99,4,-1,-1
162,92,959.14,113.54,30.72,27.80,0.99,4,-1,-1
162,94,1025.56,153.39,13.56,26.96,0.65,1,-1,-1
162,95,989.76,113.50,32.11,29.57,0.99,4,-1,-1
162,98,1018.82,116.38,35.74,29.11,0.99,4,-1,-1
162,99,1228.70,113.99,45.99,30.01,0.99,4,-1,-1
162,101,420.93,184.79,66.35,25.67,0.98,4,-1,-1
162,102,683.12,110.18,27.36,27.73,0.96,4,-1,-1
162,104,1136.33,112.76,13.67,25.92,0.85,1,-1,-1
162,105,375.68,263.00,78.71,32.93,0.97,4,-1,-1
162,111,1148.02,220.45,14.13,27.21,0.95,1,-1,-1
162,113,38.66,33.44,53.94,22.95,1.00,4,-1,-1
162,114,197.67,32.91,53.83,23.56,1.00,4,-1,-1
162,117,594.00,36.43,47.36,20.64,0.97,4,-1,-1
162,119,996.68,208.13,13.64,26.07,0.84,1,-1,-1
162,123,35.99,6.42,42.70,21.71,0.95,4,-1,-1
162,125,115.20,3.14,45.97,24.50,1.00,4,-1,-1
162,130,1258.79,8.13,27.34,22.39,0.95,4,-1,-1
162,131,1284.91,23.10,36.48,23.31,0.96,4,-1,-1
162,135,11.55,5.73,34.92,20.48,0.94,4,-1,-1
162,137,452.51,8.24,25.73,21.56,0.98,4,-1,-1
162,138,735.68,6.65,42.74,22.72,0.93,4,-1,-1
162,156,289.13,4.01,32.61,23.74,0.95,4,-1,-1
162,167,561.38,28.43,48.22,20.67,0.97,4,-1,-1
162,169,191.83,1.36,30.17,24.71,0.90,5,-1,-1
162,84,1140.83,223.34,13.63,25.02,0.90,1,-1,-1
162,177,-0.25,5.83,21.05,19.00,0.74,4,-1,-1
162,124,-0.47,24.04,18.58,20.39,0.77,4,-1,-1
162,75,523.05,190.01,14.36,28.05,0.97,1,-1,-1
162,205,451.53,440.95,15.71,36.27,0.90,1,-1,-1
162,116,640.55,40.87,12.67,21.83,0.62,1,-1,-1
162,232,1034.15,157.98,15.18,26.90,0.62,1,-1,-1
162,173,987.13,206.42,12.41,24.54,0.43,1,-1,-1
162,238,978.27,194.60,11.95,28.17,0.40,1,-1,-1
162,126,533.74,2.68,40.40,23.45,0.67,4,-1,-1
162,242,1025.33,202.97,12.47,23.14,0.57,1,-1,-1
162,243,459.92,452.48,16.63,36.47,0.97,1,-1,-1
162,249,191.87,1.59,31.24,24.22,0.24,4,-1,-1
162,237,1217.43,15.57,8.55,19.62,0.35,1,-1,-1
163,18,1202.20,467.90,122.58,59.37,1.00,4,-1,-1
163,23,1187.42,433.89,114.56,51.45,1.00,4,-1,-1
163,24,472.68,465.09,16.60,31.82,0.98,1,-1,-1
163,25,510.53,468.61,17.37,38.10,0.89,1,-1,-1
163,26,515.67,450.74,14.19,34.92,0.84,1,-1,-1
163,28,505.97,448.11,13.85,32.65,0.84,1,-1,-1
163,31,276.02,438.72,113.96,47.28,0.99,4,-1,-1
163,39,499.52,424.04,15.70,34.05,0.97,1,-1,-1
163,42,301.50,399.88,104.91,43.27,0.99,4,-1,-1
163,47,1130.85,338.06,98.86,51.90,0.99,4,-1,-1
163,48,326.46,357.80,98.73,43.05,0.99,4,-1,-1
163,54,433.83,705.09,75.45,61.35,0.64,4,-1,-1
163,55,1100.43,296.82,76.93,36.74,1.00,4,-1,-1
163,38,447.30,438.24,14.90,36.83,0.92,1,-1,-1
163,59,700.40,296.35,81.73,37.75,0.99,4,-1,-1
163,60,364.94,286.01,76.00,39.14,0.99,4,-1,-1
163,61,1085.21,259.05,71.65,33.96,0.99,4,-1,-1
163,63,405.09,221.61,72.84,33.53,0.99,4,-1,-1
163,64,701.70,222.36,68.01,26.96,1.00,4,-1,-1
163,65,709.05,237.77,70.97,34.08,0.98,4,-1,-1
163,66,978.12,206.73,13.10,24.89,0.68,1,-1,-1
163,69,1016.84,225.23,17.14,28.59,0.47,1,-1,-1
163,70,1052.25,223.67,67.97,24.68,0.97,4,-1,-1
163,71,1067.75,238.04,72.91,32.41,0.96,4,-1,-1
163,72,1251.96,221.95,76.93,30.37,0.99,4,-1,-1
163,73,409.11,201.67,72.45,31.23,0.98,4,-1,-1
163,74,431.25,172.69,64.79,24.54,0.97,4,-1,-1
163,76,530.91,185.50,37.63,44.05,0.79,4,-1,-1
163,77,687.20,168.91,64.64,28.12,0.99,4,-1,-1
163,78,696.23,187.29,64.24,25.59,0.99,4,-1,-1
163,79,706.68,204.01,59.57,26.94,0.99,4,-1,-1
163,80,1004.42,159.11,13.66,25.28,0.84,1,-1,-1
163,81,1013.08,174.36,64.55,25.30,0.97,4,-1,-1
163,82,1019.57,188.97,67.95,24.88,0.98,4,-1,-1
163,83,1041.69,203.31,61.38,26.27,0.96,4,-1,-1
163,88,715.26,112.93,29.34,29.85,0.98,4,-1,-1
163,89,752.29,114.82,28.88,27.70,0.98,4,-1,-1
163,90,780.17,114.09,30.51,28.00,0.95,4,-1,-1
163,91,813.75,115.32,28.86,29.41,0.99,4,-1,-1
163,92,959.22,114.50,31.87,27.66,0.98,4,-1,-1
163,94,1027.17,154.36,13.66,27.54,0.46,1,-1,-1
163,95,990.47,114.21,32.39,29.81,0.99,4,-1,-1
163,98,1019.53,117.29,35.90,29.38,0.99,4,-1,-1
163,99,1230.29,114.80,46.15,30.26,0.99,4,-1,-1
163,101,420.17,186.12,67.02,26.09,0.98,4,-1,-1
163,102,683.33,111.38,27.34,27.63,0.98,4,-1,-1
163,104,1136.84,113.63,14.81,26.14,0.75,1,-1,-1
163,105,374.41,264.70,79.25,33.21,0.98,4,-1,-1
163,111,1150.06,223.21,13.84,27.03,0.98,1,-1,-1
163,113,34.47,34.12,54.11,22.83,0.99,4,-1,-1
163,114,193.82,33.57,53.09,23.72,0.99,4,-1,-1
163,117,587.70,36.91,47.71,21.08,0.97,4,-1,-1
163,119,997.34,209.13,14.78,26.42,0.81,1,-1,-1
163,123,35.00,7.00,42.66,21.43,0.97,4,-1,-1
163,125,113.60,3.67,46.67,24.65,0.99,4,-1,-1
163,130,1260.24,8.43,27.34,22.78,0.97,4,-1,-1
163,131,1286.07,23.42,36.09,23.78,0.97,4,-1,-1
163,135,10.17,6.12,35.47,20.46,0.92,4,-1,-1
163,137,451.76,8.68,26.22,21.86,0.98,4,-1,-1
163,138,736.20,7.27,42.18,22.58,0.90,4,-1,-1
163,156,288.01,3.98,33.36,24.82,0.94,4,-1,-1
163,167,558.77,29.00,49.09,20.61,0.96,4,-1,-1
163,169,191.09,1.40,30.32,25.21,0.84,5,-1,-1
163,84,1142.57,225.48,12.55,25.16,0.91,1,-1,-1
163,177,-0.39,6.29,18.94,19.20,0.63,4,-1,-1
163,124,-0.40,25.18,16.19,19.40,0.69,4,-1,-1
163,75,522.47,191.50,14.47,28.47,0.97,1,-1,-1
163,205,450.33,445.16,15.50,37.14,0.89,1,-1,-1
163,116,639.82,40.95,13.95,22.81,0.59,1,-1,-1
163,232,1036.23,158.96,14.31,26.16,0.45,1,-1,-1
163,173,988.38,206.50,12.12,25.25,0.43,1,-1,-1
163,238,978.76,195.56,13.09,28.00,0.27,1,-1,-1
163,126,533.59,2.89,40.79,24.08,0.47,4,-1,-1
163,242,1025.78,203.91,13.26,23.48,0.40,1,-1,-1
163,243,459.57,455.79,16.40,35.50,0.95,1,-1,-1
163,250,228.60,21.09,39.70,24.37,0.83,8,-1,-1
164,18,1204.45,471.25,123.13,59.81,0.99,4,-1,-1
164,23,1189.33,437.06,114.63,51.98,0.99,4,-1,-1
164,24,472.83,467.89,16.32,31.63,0.99,1,-1,-1
164,25,509.62,472.24,17.25,38.44,0.94,1,-1,-1
164,26,515.80,453.69,14.38,34.42,0.94,1,-1,-1
164,28,506.31,450.52,13.71,31.92,0.85,1,-1,-1
164,31,274.76,442.07,113.05,47.16,1.00,4,-1,-1
164,39,500.02,427.00,14.91,33.11,0.97,1,-1,-1
164,42,299.70,402.72,105.11,43.37,1.00,4,-1,-1
164,47,1132.74,340.43,99.14,52.14,0.99,4,-1,-1
164,48,324.75,360.42,99.32,43.17,1.00,4,-1,-1
164,54,433.44,717.00,72.43,49.10,0.43,4,-1,-1
164,55,1101.53,299.27,78.09,36.79,1.00,4,-1,-1
164,38,446.09,441.98,14.63,37.27,0.87,1,-1,-1
164,59,700.45,298.40,82.00,37.97,0.99,4,-1,-1
164,60,363.83,287.98,75.94,38.98,1.00,4,-1,-1
164,61,1087.26,261.00,70.70,33.56,0.99,4,-1,-1
164,63,404.18,223.51,72.75,33.71,0.99,4,-1,-1
164,64,701.45,224.06,68.30,27.24,0.99,4,-1,-1
164,65,709.32,239.22,71.00,34.72,0.99,4,-1,-1
164,66,979.06,207.87,12.42,24.57,0.80,1,-1,-1
164,69,1018.29,226.51,17.15,28.36,0.52,1,-1,-1
164,70,1052.39,225.09,69.38,25.05,0.96,4,-1,-1
164,71,1068.39,239.85,73.31,32.21,0.96,4,-1,-1
164,72,1253.49,223.39,76.94,30.90,0.99,4,-1,-1
164,73,407.95,203.02,73.30,31.53,0.99,4,-1,-1
164,74,430.57,174.11,64.41,24.42,0.99,4,-1,-1
164,76,529.98,186.67,38.17,45.01,0.89,4,-1,-1
164,77,687.22,169.80,64.89,29.19,0.99,4,-1,-1
164,78,696.77,188.56,63.64,25.26,0.99,4,-1,-1
164,79,707.08,205.26,59.25,26.95,0.99,4,-1,-1
164,80,1006.45,160.02,13.66,24.82,0.88,1,-1,-1
164,81,1012.53,175.68,65.96,25.00,0.99,4,-1,-1
164,82,1020.38,190.34,68.26,25.10,0.96,4,-1,-1
164,83,1042.56,205.21,61.52,25.98,0.93,4,-1,-1
164,88,715.14,113.70,29.70,30.31,0.96,4,-1,-1
164,89,752.82,115.84,28.45,27.61,0.97,4,-1,-1
164,90,780.35,114.81,30.70,28.42,0.96,4,-1,-1
164,91,814.35,116.33,28.46,29.63,0.99,4,-1,-1
164,92,959.75,115.22,32.29,28.02,0.98,4,-1,-1
164,94,1028.81,155.64,13.69,26.92,0.56,1,-1,-1
164,95,991.24,115.05,32.49,29.90,0.99,4,-1,-1
164,98,1020.85,118.42,35.95,29.20,0.99,4,-1,-1
164,99,1231.92,115.68,46.20,30.34,0.99,4,-1,-1
164,101,419.07,187.51,66.98,25.54,0.99,4,-1,-1
164,102,682.83,112.40,27.90,27.73,0.97,4,-1,-1
164,104,1138.07,113.82,14.14,26.79,0.81,1,-1,-1
164,105,373.41,266.57,79.44,33.59,0.99,4,-1,-1
164,111,1151.84,225.48,13.73,27.25,0.97,1,-1,-1
164,113,30.11,34.79,54.31,22.77,0.99,4,-1,-1
164,114,189.98,34.05,52.93,23.89,1.00,4,-1,-1
164,117,580.41,37.76,48.96,21.33,0.96,4,-1,-1
164,119,998.09,210.42,15.20,26.76,0.80,1,-1,-1
164,123,33.84,7.71,42.62,21.19,0.96,4,-1,-1
164,125,112.65,4.23,46.50,24.81,0.99,4,-1,-1
164,130,1260.68,8.91,28.47,22.90,0.94,4,-1,-1
164,131,1286.96,24.01,37.08,23.71,0.96,4,-1,-1
164,135,8.94,6.56,34.63,20.48,0.93,4,-1,-1
164,137,450.64,8.96,26.96,22.27,0.97,4,-1,-1
164,138,736.09,7.70,42.52,22.70,0.90,4,-1,-1
164,156,287.06,4.48,33.92,25.33,0.95,4,-1,-1
164,167,556.17,29.52,48.84,21.23,0.94,4,-1,-1
164,169,190.23,1.76,30.02,25.36,0.70,5,-1,-1
164,84,1144.23,227.51,13.29,25.49,0.90,1,-1,-1
164,177,-0.30,6.02,17.78,19.47,0.45,4,-1,-1
164,124,-0.37,25.98,13.08,19.04,0.51,4,-1,-1
164,75,522.27,193.10,13.95,28.41,0.95,1,-1,-1
164,205,449.07,448.05,15.42,38.58,0.93,1,-1,-1
164,116,639.26,41.82,14.42,22.81,0.75,1,-1,-1
164,232,1038.07,160.25,13.93,25.57,0.55,1,-1,-1
164,173,989.35,207.03,12.01,25.72,0.39,1,-1,-1
164,238,979.44,196.76,12.41,27.21,0.34,1,-1,-1
164,126,533.25,3.23,40.93,24.03,0.39,4,-1,-1
164,242,1026.46,205.32,13.53,22.41,0.24,1,-1,-1
164,243,459.46,459.20,16.31,35.71,0.98,1,-1,-1
164,250,227.79,21.51,39.74,24.11,0.60,4,-1,-1
164,251,228.18,21.61,37.99,23.48,0.73,8,-1,-1
165,18,1207.10,475.31,123.35,59.41,0.99,4,-1,-1
165,23,1191.26,440.76,115.80,51.07,0.98,4,-1,-1
165,24,473.12,470.91,16.22,32.71,0.98,1,-1,-1
165,25,508.41,476.69,17.20,37.44,0.94,1,-1,-1
165,26,515.79,456.49,14.45,34.81,0.92,1,-1,-1
165,28,506.94,452.82,13.66,32.81,0.90,1,-1,-1
165,31,271.82,445.85,114.12,47.12,0.99,4,-1,-1
165,39,499.58,430.22,15.20,33.78,0.97,1,-1,-1
165,42,298.13,406.03,104.36,43.69,0.99,4,-1,-1
165,47,1134.66,343.13,100.39,51.95,0.99,4,-1,-1
165,48,322.50,363.35,99.84,42.94,0.99,4,-1,-1
165,54,433.39,730.48,69.58,35.14,0.18,4,-1,-1
165,55,1103.15,301.71,77.41,36.53,1.00,4,-1,-1
165,38,445.33,445.61,15.11,39.72,0.62,1,-1,-1
165,59,700.75,300.27,82.12,38.62,1.00,4,-1,-1
165,60,361.95,289.67,76.78,39.22,0.99,4,-1,-1
165,61,1088.68,262.68,71.48,33.98,0.99,4,-1,-1
165,63,403.08,225.18,73.44,33.78,0.99,4,-1,-1
165,64,701.37,225.65,68.99,27.91,0.98,4,-1,-1
165,65,708.86,240.85,72.15,34.97,0.99,4,-1,-1
165,66,979.50,208.84,13.27,25.02,0.76,1,-1,-1
165,69,1019.48,227.67,17.16,28.27,0.29,1,-1,-1
165,70,1053.64,226.99,69.92,24.91,0.96,4,-1,-1
165,71,1069.83,241.76,73.48,32.14,0.97,4,-1,-1
165,72,1255.87,224.87,76.95,31.39,0.99,4,-1,-1
165,73,406.90,204.69,73.64,31.43,0.99,4,-1,-1
165,74,430.84,175.16,63.70,24.95,0.99,4,-1,-1
165,76,529.32,187.78,38.38,46.08,0.64,4,-1,-1
165,77,686.94,171.00,65.56,29.74,0.98,4,-1,-1
165,78,696.70,190.05,63.99,25.27,0.99,4,-1,-1
165,79,707.25,206.68,58.57,26.96,0.99,4,-1,-1
165,80,1008.38,160.67,13.67,25.64,0.78,1,-1,-1
165,81,1014.07,176.76,65.38,24.61,0.98,4,-1,-1
165,82,1020.75,191.30,69.52,25.75,0.92,4,-1,-1
165,83,1042.96,206.87,62.72,25.72,0.96,4,-1,-1
165,88,714.82,114.44,30.40,31.05,0.98,4,-1,-1
165,89,753.04,116.51,28.29,28.01,0.97,4,-1,-1
165,90,780.44,115.87,30.78,28.31,0.97,4,-1,-1
165,91,814.32,117.30,28.88,29.71,0.98,4,-1,-1
165,92,960.01,115.93,32.46,28.45,0.97,4,-1,-1
165,94,1030.04,156.86,13.71,25.96,0.63,1,-1,-1
165,95,991.60,115.66,32.53,30.22,0.99,4,-1,-1
165,98,1021.99,119.28,34.84,29.41,0.99,4,-1,-1
165,99,1233.21,116.65,46.22,30.52,0.99,4,-1,-1
165,101,418.32,188.77,66.69,25.62,0.99,4,-1,-1
165,102,682.64,113.15,28.68,28.34,0.98,4,-1,-1
165,104,1138.62,113.91,15.00,27.46,0.77,1,-1,-1
165,105,372.56,268.79,79.38,33.74,0.99,4,-1,-1
165,111,1154.28,227.39,13.70,26.77,0.96,1,-1,-1
165,113,25.70,35.52,54.12,22.61,0.99,4,-1,-1
165,114,185.83,34.71,52.74,23.83,1.00,4,-1,-1
165,117,573.30,38.25,50.00,22.17,0.96,4,-1,-1
165,119,999.00,212.07,15.36,26.96,0.65,1,-1,-1
165,123,32.10,8.17,43.14,21.15,0.97,4,-1,-1
165,125,111.60,4.85,46.16,24.54,0.99,4,-1,-1
165,130,1262.11,9.39,28.90,22.83,0.97,4,-1,-1
165,131,1287.99,24.17,37.46,24.60,0.97,4,-1,-1
165,135,6.76,6.96,34.98,20.52,0.92,4,-1,-1
165,137,449.89,9.31,27.25,22.54,0.96,4,-1,-1
165,138,736.05,8.24,42.67,22.50,0.94,4,-1,-1
165,156,285.63,4.79,34.70,25.44,0.96,4,-1,-1
165,167,552.99,30.10,49.33,21.64,0.88,4,-1,-1
165,169,188.88,2.27,30.99,25.54,0.90,5,-1,-1
165,84,1146.07,229.62,13.55,25.34,0.91,1,-1,-1
165,177,-0.49,5.87,17.01,19.79,0.24,4,-1,-1
165,124,-0.44,26.70,10.28,18.85,0.49,4,-1,-1
165,75,522.18,194.79,13.17,27.83,0.90,1,-1,-1
165,205,446.87,451.09,16.54,40.25,0.96,1,-1,-1
165,116,638.48,42.42,14.59,22.82,0.83,1,-1,-1
165,232,1039.94,161.82,13.80,24.07,0.55,1,-1,-1
165,173,989.21,208.82,13.12,25.70,0.44,1,-1,-1
165,238,979.74,198.53,13.27,28.84,0.38,1,-1,-1
165,126,532.80,3.50,41.56,24.27,0.53,4,-1,-1
165,242,1027.34,206.02,13.64,21.93,0.27,1,-1,-1
165,243,458.81,462.72,16.28,35.80,0.98,1,-1,-1
165,250,226.47,22.60,40.09,23.27,0.96,8,-1,-1
165,251,226.43,22.58,40.08,23.24,0.89,6,-1,-1
166,18,1208.33,478.51,124.47,59.79,0.99,4,-1,-1
166,23,1193.36,443.00,116.17,52.39,0.99,4,-1,-1
166,24,473.27,473.68,16.18,32.54,0.94,1,-1,-1
166,25,507.74,481.98,16.60,35.89,0.94,1,-1,-1
166,26,516.09,459.74,13.90,34.38,0.95,1,-1,-1
166,28,507.48,455.34,13.07,32.56,0.87,1,-1,-1
166,31,270.36,448.33,114.18,48.21,0.99,4,-1,-1
166,39,499.18,433.08,15.86,34.02,0.97,1,-1,-1
166,42,296.45,408.63,104.86,44.08,1.00,4,-1,-1
166,47,1135.68,345.19,100.80,52.70,0.99,4,-1,-1
166,48,321.12,365.14,99.69,43.96,1.00,4,-1,-1
166,55,1104.64,303.56,77.10,36.70,0.99,4,-1,-1
166,38,444.29,449.43,15.27,39.51,0.28,1,-1,-1
166,59,700.84,302.29,82.11,38.57,0.99,4,-1,-1
166,60,360.41,291.04,77.47,40.14,1.00,4,-1,-1
166,61,1089.54,264.70,71.73,33.85,0.99,4,-1,-1
166,63,402.24,226.31,73.94,34.07,0.99,4,-1,-1
166,64,701.59,226.91,68.64,27.87,0.99,4,-1,-1
166,65,709.22,241.84,71.98,35.61,0.99,4,-1,-1
166,66,979.51,208.65,13.57,26.30,0.60,1,-1,-1
166,69,1020.29,228.66,17.14,28.79,0.66,1,-1,-1
166,70,1054.46,228.68,70.09,24.84,0.96,4,-1,-1
166,71,1070.71,243.31,74.63,32.67,0.97,4,-1,-1
166,72,1258.13,226.42,76.92,31.29,0.98,4,-1,-1
166,73,406.36,206.12,73.73,31.66,0.99,4,-1,-1
166,74,430.50,176.44,63.40,25.14,0.99,4,-1,-1
166,76,528.86,189.21,37.87,45.98,0.86,4,-1,-1
166,77,686.83,172.36,65.78,29.52,0.99,4,-1,-1
166,78,696.09,191.36,65.21,25.12,0.98,4,-1,-1
166,79,707.00,208.03,58.84,27.23,0.99,4,-1,-1
166,80,1010.02,161.59,13.66,26.08,0.65,1,-1,-1
166,81,1015.04,177.53,66.24,25.30,0.97,4,-1,-1
166,82,1021.25,192.37,68.83,26.13,0.91,4,-1,-1
166,83,1043.47,207.28,63.13,26.53,0.95,4,-1,-1
166,88,714.96,115.37,30.09,30.90,0.97,4,-1,-1
166,89,752.79,117.08,28.78,28.43,0.98,4,-1,-1
166,90,780.70,116.52,30.79,28.53,0.96,4,-1,-1
166,91,814.51,118.12,29.01,29.87,0.98,4,-1,-1
166,92,960.52,116.74,32.50,28.60,0.97,4,-1,-1
166,95,992.69,116.43,32.52,30.46,0.99,4,-1,-1
166,98,1022.80,120.29,34.39,29.48,0.98,4,-1,-1
166,99,1234.53,117.23,46.20,30.86,0.99,4,-1,-1
166,101,417.61,189.77,66.54,26.35,1.00,4,-1,-1
166,102,682.84,113.67,28.40,28.56,0.99,4,-1,-1
166,104,1140.26,115.68,14.19,26.72,0.78,1,-1,-1
166,105,371.12,270.24,79.46,34.06,0.99,4,-1,-1
166,111,1156.04,229.77,13.67,26.57,0.96,1,-1,-1
166,113,21.19,35.91,54.44,22.65,0.99,4,-1,-1
166,114,182.21,35.20,52.92,23.76,0.99,4,-1,-1
166,117,566.89,38.14,50.93,23.35,0.96,4,-1,-1
166,119,999.73,213.40,15.41,26.74,0.70,1,-1,-1
166,123,30.92,8.15,43.18,21.59,0.98,4,-1,-1
166,125,110.51,5.16,46.43,24.62,0.99,4,-1,-1
166,130,1262.91,9.58,29.05,23.27,0.96,4,-1,-1
166,131,1289.20,24.90,37.58,24.49,0.98,4,-1,-1
166,135,5.31,6.92,35.85,20.92,0.91,4,-1,-1
166,137,448.88,9.63,27.91,22.75,0.96,4,-1,-1
166,138,736.01,8.38,43.26,22.91,0.90,4,-1,-1
166,156,284.87,5.45,35.53,25.29,0.94,4,-1,-1
166,167,549.68,30.50,50.05,21.86,0.86,4,-1,-1
166,169,188.12,3.12,30.13,25.15,0.87,5,-1,-1
166,84,1147.60,232.22,13.64,24.70,0.83,1,-1,-1
166,124,-0.16,24.76,8.10,21.20,0.23,4,-1,-1
166,75,521.64,196.16,12.88,28.10,0.87,1,-1,-1
166,205,445.31,453.29,16.93,40.31,0.97,1,-1,-1
166,116,638.47,42.75,13.53,22.92,0.97,1,-1,-1
166,232,1040.98,163.00,13.73,23.49,0.41,1,-1,-1
166,173,989.56,209.65,12.41,26.24,0.36,1,-1,-1
166,238,979.70,199.76,13.57,31.08,0.70,1,-1,-1
166,126,532.70,3.87,41.78,24.66,0.46,4,-1,-1
166,242,1028.04,206.86,13.67,21.76,0.39,1,-1,-1
166,243,458.64,465.95,15.68,36.40,0.97,1,-1,-1
166,250,225.12,23.20,40.50,22.60,0.85,8,-1,-1
166,251,225.42,22.95,39.51,22.86,0.74,4,-1,-1
167,18,1211.73,482.20,124.93,60.46,1.00,4,-1,-1
167,23,1195.38,446.61,117.48,52.85,1.00,4,-1,-1
167,24,472.99,477.20,16.18,33.62,0.98,1,-1,-1
167,25,506.07,487.58,16.95,34.73,0.96,1,-1,-1
167,26,515.56,463.43,14.87,34.79,0.92,1,-1,-1
167,28,507.03,459.04,14.02,32.48,0.88,1,-1,-1
167,31,268.47,452.63,113.11,48.03,0.98,4,-1,-1
167,39,498.96,436.75,16.13,34.26,0.97,1,-1,-1
167,42,293.76,411.70,107.07,44.91,0.99,4,-1,-1
167,47,1137.82,347.90,100.98,52.95,0.99,4,-1,-1
167,48,319.38,368.32,100.52,44.04,0.99,4,-1,-1
167,55,1105.24,305.91,79.28,37.31,1.00,4,-1,-1
167,38,443.58,455.89,16.48,39.99,0.95,1,-1,-1
167,59,700.83,304.71,82.14,38.52,0.99,4,-1,-1
167,60,359.00,293.75,77.48,40.19,1.00,4,-1,-1
167,61,1091.02,266.41,71.85,34.35,0.99,4,-1,-1
167,63,400.37,228.06,74.72,34.45,0.99,4,-1,-1
167,64,701.33,228.61,69.10,27.55,0.99,4,-1,-1
167,65,709.30,243.99,71.94,35.28,0.99,4,-1,-1
167,66,980.07,208.74,13.70,27.06,0.71,1,-1,-1
167,69,1020.60,230.30,17.15,28.99,0.54,1,-1,-1
167,70,1055.91,230.14,70.17,25.65,0.97,4,-1,-1
167,71,1072.19,244.85,75.10,32.84,0.96,4,-1,-1
167,72,1259.04,227.90,78.07,31.22,0.98,4,-1,-1
167,73,404.89,207.56,74.35,32.58,0.98,4,-1,-1
167,74,427.81,177.68,65.15,25.34,0.98,4,-1,-1
167,76,528.00,190.76,38.27,45.65,0.87,4,-1,-1
167,77,686.69,173.82,65.88,29.41,0.99,4,-1,-1
167,78,695.50,192.65,65.69,26.18,0.98,4,-1,-1
167,79,705.99,209.83,60.67,27.53,0.99,4,-1,-1
167,80,1012.29,162.98,13.67,25.54,0.82,1,-1,-1
167,81,1016.51,178.86,66.59,26.10,0.95,4,-1,-1
167,82,1022.57,194.16,69.72,25.83,0.95,4,-1,-1
167,83,1044.79,209.03,63.31,27.03,0.96,4,-1,-1
167,88,714.62,116.36,30.55,31.12,0.97,4,-1,-1
167,89,752.88,118.20,28.99,28.58,0.98,4,-1,-1
167,90,780.99,117.37,30.81,28.75,0.97,4,-1,-1
167,91,814.78,119.17,29.08,30.21,0.98,4,-1,-1
167,92,961.23,117.67,32.53,28.79,0.99,4,-1,-1
167,95,993.07,117.27,32.53,30.69,0.99,4,-1,-1
167,98,1023.07,121.27,35.39,29.64,0.98,4,-1,-1
167,99,1236.18,118.47,46.22,30.55,0.99,4,-1,-1
167,101,415.92,191.32,67.22,27.02,0.99,4,-1,-1
167,102,682.81,114.79,28.30,28.49,0.99,4,-1,-1
167,104,1142.61,116.93,12.73,25.43,0.84,1,-1,-1
167,105,368.90,272.41,81.07,34.73,0.99,4,-1,-1
167,111,1157.84,232.13,13.68,27.07,0.96,1,-1,-1
167,113,16.70,36.81,54.59,22.62,0.99,4,-1,-1
167,114,177.91,35.87,52.79,24.21,0.99,4,-1,-1
167,117,561.37,38.80,50.18,23.79,0.98,4,-1,-1
167,119,1001.13,214.61,14.32,26.09,0.64,1,-1,-1
167,123,29.03,8.93,43.77,21.66,0.97,4,-1,-1
167,125,108.88,5.64,46.83,24.87,1.00,4,-1,-1
167,130,1264.34,9.83,29.11,23.48,0.92,4,-1,-1
167,131,1290.23,25.05,37.64,24.88,0.97,4,-1,-1
167,135,3.71,7.86,36.18,20.64,0.90,4,-1,-1
167,137,448.56,10.44,27.05,22.27,0.97,4,-1,-1
167,138,735.86,8.93,43.51,22.91,0.93,4,-1,-1
167,156,283.76,6.19,36.14,25.61,0.94,4,-1,-1
167,167,546.08,31.01,50.34,22.11,0.93,4,-1,-1
167,169,186.64,3.84,30.68,25.74,0.91,5,-1,-1
167,84,1149.88,234.95,13.69,24.46,0.83,1,-1,-1
167,75,520.18,197.53,13.95,28.63,0.91,1,-1,-1
167,116,638.05,43.38,13.10,23.14,0.97,1,-1,-1
167,232,1042.47,163.98,13.72,25.03,0.48,1,-1,-1
167,173,989.69,210.67,13.27,26.44,0.30,1,-1,-1
167,238,980.77,200.87,12.59,29.96,0.69,1,-1,-1
167,126,532.46,4.48,41.31,24.65,0.47,4,-1,-1
167,242,1028.30,208.09,13.69,22.21,0.52,1,-1,-1
167,243,457.97,470.20,15.47,36.06,0.98,1,-1,-1
167,94,1033.72,159.13,13.71,25.72,0.52,1,-1,-1
168,18,1214.77,486.80,125.06,60.19,1.00,4,-1,-1
168,23,1198.47,451.19,117.94,52.51,1.00,4,-1,-1
168,24,472.95,480.61,16.18,34.02,0.98,1,-1,-1
168,25,504.70,492.03,17.07,34.89,0.95,1,-1,-1
168,26,515.72,466.64,15.21,34.95,0.95,1,-1,-1
168,28,507.22,462.54,13.79,32.45,0.90,1,-1,-1
168,31,264.92,456.53,116.08,48.00,0.99,4,-1,-1
168,39,498.69,440.09,16.22,34.21,0.97,1,-1,-1
168,42,291.90,415.01,106.76,45.12,1.00,4,-1,-1
168,47,1140.44,350.87,101.02,52.80,0.99,4,-1,-1
168,48,317.46,370.84,100.82,44.67,0.98,4,-1,-1
168,55,1107.30,307.89,78.96,37.57,1.00,4,-1,-1
168,38,442.58,459.54,16.37,41.29,0.94,1,-1,-1
168,59,700.98,306.84,82.69,38.82,1.00,4,-1,-1
168,60,357.95,295.85,77.18,40.52,1.00,4,-1,-1
168,61,1094.00,268.42,70.75,34.85,0.99,4,-1,-1
168,63,399.17,230.24,75.41,34.34,0.98,4,-1,-1
168,64,701.70,230.76,68.69,27.17,0.99,4,-1,-1
168,65,709.51,245.61,71.90,35.45,0.99,4,-1,-1
168,66,981.60,211.42,12.62,25.90,0.74,1,-1,-1
168,69,1022.02,232.14,17.14,28.79,0.61,1,-1,-1
168,70,1056.63,231.77,71.31,25.98,0.98,4,-1,-1
168,71,1074.04,247.08,75.25,32.94,0.97,4,-1,-1
168,72,1261.23,229.90,78.49,31.23,0.98,4,-1,-1
168,73,403.13,209.13,75.13,32.60,0.98,4,-1,-1
168,74,426.31,178.84,65.66,25.16,0.99,4,-1,-1
168,76,527.60,192.07,38.40,46.10,0.91,4,-1,-1
168,77,687.14,175.09,65.33,29.11,0.99,4,-1,-1
168,78,696.32,193.94,64.73,26.74,0.96,4,-1,-1
168,79,706.64,211.87,60.22,27.25,0.99,4,-1,-1
168,80,1015.01,163.74,13.66,25.76,0.85,1,-1,-1
168,81,1017.27,180.09,66.71,26.85,0.94,4,-1,-1
168,82,1024.38,195.77,68.91,25.74,0.98,4,-1,-1
168,83,1046.04,210.92,64.48,27.52,0.94,4,-1,-1
168,88,715.01,117.34,30.71,31.21,0.97,4,-1,-1
168,89,753.14,119.38,29.05,28.37,0.97,4,-1,-1
168,90,781.62,118.40,30.80,28.71,0.97,4,-1,-1
168,91,815.40,120.35,29.09,30.06,0.99,4,-1,-1
168,92,962.29,118.86,32.52,28.87,0.99,4,-1,-1
168,95,994.00,118.72,32.52,30.37,0.99,4,-1,-1
168,98,1023.96,122.23,35.74,29.72,0.99,4,-1,-1
168,99,1238.71,119.33,46.20,31.01,0.99,4,-1,-1
168,101,414.65,192.87,68.03,26.61,0.99,4,-1,-1
168,102,683.03,115.67,28.25,28.76,0.98,4,-1,-1
168,104,1143.66,117.95,13.35,25.97,0.81,1,-1,-1
168,105,367.68,274.45,81.38,34.45,0.99,4,-1,-1
168,111,1159.80,234.97,14.81,27.55,0.93,1,-1,-1
168,113,12.34,37.29,54.57,22.65,1.00,4,-1,-1
168,114,174.54,36.26,52.73,24.35,0.99,4,-1,-1
168,117,555.79,39.68,49.86,23.41,0.96,4,-1,-1
168,119,1001.82,215.42,15.03,26.14,0.70,1,-1,-1
168,123,27.73,9.12,43.97,21.90,0.97,4,-1,-1
168,125,107.67,5.60,47.08,25.19,1.00,4,-1,-1
168,130,1265.71,10.34,29.12,23.88,0.95,4,-1,-1
168,131,1291.44,25.83,37.65,25.14,0.97,4,-1,-1
168,135,2.16,8.10,36.90,20.85,0.90,4,-1,-1
168,137,448.16,10.90,27.27,22.33,0.97,4,-1,-1
168,138,736.08,9.53,43.59,22.72,0.92,4,-1,-1
168,156,282.50,6.81,34.96,25.05,0.93,4,-1,-1
168,167,543.67,31.87,50.44,21.90,0.85,4,-1,-1
168,169,185.02,3.60,32.00,26.39,0.96,5,-1,-1
168,84,1153.15,237.92,13.69,24.38,0.67,1,-1,-1
168,75,519.28,198.70,14.32,29.34,0.95,1,-1,-1
168,116,637.58,44.31,12.93,23.15,0.97,1,-1,-1
168,232,1044.91,165.36,13.70,25.72,0.53,1,-1,-1
168,173,990.50,212.69,13.57,26.24,0.15,1,-1,-1
168,238,981.36,202.28,12.17,28.28,0.73,1,-1,-1
168,126,532.36,4.91,41.69,24.66,0.57,4,-1,-1
168,242,1029.14,209.22,13.69,23.66,0.50,1,-1,-1
168,243,456.95,473.86,15.39,36.51,0.97,1,-1,-1
168,94,1036.34,160.00,12.53,26.26,0.65,1,-1,-1
168,250,222.96,23.45,42.10,24.83,0.62,8,-1,-1
169,18,1216.94,490.91,126.21,60.60,0.99,4,-1,-1
169,23,1201.79,454.74,118.10,52.89,1.00,4,-1,-1
169,24,472.66,484.44,16.19,34.17,0.98,1,-1,-1
169,25,503.09,495.93,17.11,34.95,0.96,1,-1,-1
169,26,515.77,469.82,15.34,35.58,0.91,1,-1,-1
169,28,507.28,466.41,14.28,33.01,0.89,1,-1,-1
169,31,262.95,460.31,116.34,48.52,0.99,4,-1,-1
169,39,498.58,444.46,16.25,34.19,0.96,1,-1,-1
169,42,290.41,418.72,106.06,44.74,0.99,4,-1,-1
169,47,1141.88,353.98,102.15,52.99,0.99,4,-1,-1
169,48,314.81,374.40,102.33,44.59,0.99,4,-1,-1
169,55,1109.66,310.36,78.82,37.92,0.99,4,-1,-1
169,38,441.68,461.50,15.20,38.99,0.91,1,-1,-1
169,59,700.71,309.47,82.90,38.62,0.99,4,-1,-1
169,60,356.30,298.55,77.91,40.90,1.00,4,-1,-1
169,61,1094.43,270.79,72.60,35.29,0.99,4,-1,-1
169,63,397.99,232.14,75.53,34.27,0.99,4,-1,-1
169,64,701.50,232.71,69.09,27.29,0.99,4,-1,-1
169,65,709.53,247.92,71.88,35.50,0.99,4,-1,-1
169,66,982.65,211.94,12.18,26.63,0.33,1,-1,-1
169,69,1023.01,233.77,17.13,28.70,0.59,1,-1,-1
169,70,1058.47,233.16,71.74,26.36,0.97,4,-1,-1
169,71,1075.75,248.97,75.30,33.23,0.98,4,-1,-1
169,72,1263.60,231.52,78.64,31.49,0.98,4,-1,-1
169,73,402.02,210.73,75.84,32.79,0.99,4,-1,-1
169,74,426.00,180.56,65.84,25.21,1.00,4,-1,-1
169,76,527.12,194.04,38.46,45.69,0.98,4,-1,-1
169,77,686.95,176.38,65.69,29.39,1.00,4,-1,-1
169,78,696.57,195.30,64.92,26.65,0.98,4,-1,-1
169,79,707.12,213.43,59.47,27.04,0.99,4,-1,-1
169,80,1017.00,164.70,13.67,26.26,0.91,1,-1,-1
169,81,1017.43,181.50,67.87,27.12,0.97,4,-1,-1
169,82,1025.51,197.24,69.73,25.76,0.95,4,-1,-1
169,83,1046.97,213.19,64.92,26.64,0.97,4,-1,-1
169,88,715.35,118.52,30.21,31.23,0.98,4,-1,-1
169,89,753.15,120.34,29.08,28.56,0.97,4,-1,-1
169,90,781.47,119.58,31.36,28.68,0.96,4,-1,-1
169,91,816.09,121.80,29.10,29.71,0.98,4,-1,-1
169,92,963.13,120.07,32.52,29.03,0.98,4,-1,-1
169,95,994.79,119.81,32.52,30.51,0.99,4,-1,-1
169,98,1025.29,123.12,35.88,29.73,0.99,4,-1,-1
169,99,1240.07,120.35,46.20,31.17,1.00,4,-1,-1
169,101,413.72,194.11,68.19,26.85,1.00,4,-1,-1
169,102,683.59,116.89,27.67,28.71,0.97,4,-1,-1
169,104,1144.50,119.76,13.56,26.16,0.79,1,-1,-1
169,105,366.52,277.00,81.07,33.74,0.99,4,-1,-1
169,111,1162.63,238.03,14.13,27.44,0.96,1,-1,-1
169,113,7.85,38.19,54.50,22.63,1.00,4,-1,-1
169,114,170.64,37.46,53.28,23.89,0.99,4,-1,-1
169,117,548.71,41.17,50.87,22.93,0.98,4,-1,-1
169,119,1002.56,216.39,15.29,26.15,0.75,1,-1,-1
169,123,25.69,9.79,44.62,22.32,0.96,4,-1,-1
169,125,106.53,6.35,46.75,25.12,1.00,4,-1,-1
169,130,1267.18,10.92,29.12,23.82,0.97,4,-1,-1
169,131,1292.84,26.32,38.78,25.48,0.98,4,-1,-1
169,135,0.51,8.88,37.47,21.04,0.92,4,-1,-1
169,137,448.22,11.71,26.78,22.23,0.96,4,-1,-1
169,138,736.32,10.07,43.62,22.81,0.93,4,-1,-1
169,156,281.40,7.64,34.78,25.17,0.95,4,-1,-1
169,167,540.22,32.63,49.91,22.34,0.86,4,-1,-1
169,169,184.06,4.27,32.50,26.47,0.98,5,-1,-1
169,84,1155.36,240.32,13.70,24.63,0.84,1,-1,-1
169,75,518.61,200.62,13.92,28.89,0.93,1,-1,-1
169,116,636.74,45.31,13.44,23.20,0.94,1,-1,-1
169,232,1046.81,166.47,13.70,25.99,0.74,1,-1,-1
169,173,991.83,212.42,13.69,27.00,0.40,1,-1,-1
169,238,981.47,203.54,13.18,29.42,0.79,1,-1,-1
169,126,532.51,5.43,41.27,25.04,0.65,4,-1,-1
169,242,1030.47,210.24,13.69,24.41,0.71,1,-1,-1
169,243,456.03,478.07,15.36,36.10,0.97,1,-1,-1
169,94,1037.70,160.93,13.29,27.02,0.84,1,-1,-1
169,250,221.82,24.78,41.14,24.21,0.67,8,-1,-1
169,252,442.27,468.31,16.22,37.57,0.95,1,-1,-1
169,253,1159.45,238.42,15.37,26.89,0.80,1,-1,-1
170,18,1220.55,494.63,126.64,62.45,1.00,4,-1,-1
170,23,1204.70,458.54,118.16,53.61,0.99,4,-1,-1
170,24,472.49,487.77,16.19,35.35,0.98,1,-1,-1
170,25,501.34,500.09,17.13,35.55,0.97,1,-1,-1
170,26,515.72,473.46,15.95,35.81,0.92,1,-1,-1
170,28,507.79,470.59,14.46,33.22,0.90,1,-1,-1
170,31,261.21,463.87,115.02,49.28,0.98,4,-1,-1
170,39,498.20,447.97,16.27,34.18,0.98,1,-1,-1
170,42,287.56,422.54,106.92,45.16,1.00,4,-1,-1
170,47,1144.10,357.21,102.58,52.78,0.99,4,-1,-1
170,48,312.93,377.60,102.62,44.56,0.99,4,-1,-1
170,55,1110.53,313.21,81.03,38.06,1.00,4,-1,-1
170,38,440.18,467.76,16.48,40.36,0.97,1,-1,-1
170,59,700.59,312.07,83.54,38.83,0.99,4,-1,-1
170,60,354.66,301.02,78.47,40.48,0.99,4,-1,-1
170,61,1096.27,273.03,73.29,35.19,0.99,4,-1,-1
170,63,396.82,233.74,75.43,34.53,0.99,4,-1,-1
170,64,701.69,234.35,69.24,27.63,1.00,4,-1,-1
170,65,709.80,249.56,71.87,35.80,0.99,4,-1,-1
170,66,985.34,214.97,12.03,25.01,0.66,1,-1,-1
170,69,1024.50,235.60,17.13,28.39,0.71,1,-1,-1
170,70,1059.73,235.03,71.89,25.95,0.99,4,-1,-1
170,71,1076.95,250.61,75.32,33.35,0.96,4,-1,-1
170,72,1265.62,233.64,78.70,31.03,0.98,4,-1,-1
170,73,400.74,212.09,76.67,33.00,0.99,4,-1,-1
170,74,425.30,181.83,65.35,25.66,0.99,4,-1,-1
170,76,525.79,195.97,39.05,45.81,0.99,4,-1,-1
170,77,687.15,177.85,65.82,29.64,0.98,4,-1,-1
170,78,696.36,197.14,65.56,26.19,0.98,4,-1,-1
170,79,707.00,214.50,60.31,27.83,0.99,4,-1,-1
170,80,1019.41,166.14,13.67,25.61,0.88,1,-1,-1
170,81,1019.18,182.96,68.31,26.94,0.98,4,-1,-1
170,82,1026.50,198.80,70.03,25.98,0.97,4,-1,-1
170,83,1047.87,214.69,65.08,26.29,0.98,4,-1,-1
170,88,715.46,119.53,30.02,31.38,0.98,4,-1,-1
170,89,753.42,121.13,29.09,29.06,0.97,4,-1,-1
170,90,781.97,120.59,31.01,28.67,0.95,4,-1,-1
170,91,816.35,122.98,29.10,29.72,0.96,4,-1,-1
170,92,964.01,121.24,32.52,29.09,0.99,4,-1,-1
170,95,996.22,120.94,32.52,30.57,0.99,4,-1,-1
170,98,1026.36,124.11,35.93,29.74,0.98,4,-1,-1
170,99,1241.15,121.74,47.33,30.81,0.99,4,-1,-1
170,101,412.08,195.41,68.95,27.29,0.99,4,-1,-1
170,102,683.51,118.19,27.45,28.26,0.95,4,-1,-1
170,104,1145.95,121.24,13.64,26.09,0.77,1,-1,-1
170,105,364.93,278.84,81.23,34.91,0.99,4,-1,-1
170,111,1165.39,240.52,13.84,27.40,0.96,1,-1,-1
170,113,3.09,38.68,54.83,23.00,0.99,4,-1,-1
170,114,166.54,38.32,53.62,23.49,0.99,4,-1,-1
170,117,541.98,42.68,50.68,21.72,0.97,4,-1,-1
170,119,1003.96,217.98,15.39,26.16,0.83,1,-1,-1
170,123,24.06,10.26,44.64,22.32,0.93,4,-1,-1
170,125,104.97,7.04,46.52,24.83,0.98,4,-1,-1
170,130,1268.32,11.49,29.12,23.73,0.97,4,-1,-1
170,131,1293.97,27.14,39.21,24.69,0.99,4,-1,-1
170,135,-0.53,9.11,38.03,21.41,0.82,4,-1,-1
170,137,447.94,12.29,26.60,22.02,0.97,4,-1,-1
170,138,736.41,10.53,43.63,22.91,0.92,4,-1,-1
170,156,280.81,8.25,35.84,25.50,0.95,4,-1,-1
170,167,536.72,33.43,50.84,22.65,0.89,4,-1,-1
170,169,182.82,4.72,32.27,26.34,0.98,5,-1,-1
170,84,1157.86,242.84,13.70,24.44,0.90,1,-1,-1
170,75,517.78,202.24,14.32,28.58,0.96,1,-1,-1
170,116,636.14,46.16,13.63,22.99,0.95,1,-1,-1
170,232,1048.06,168.31,14.83,26.23,0.67,1,-1,-1
170,173,992.35,215.09,13.73,25.61,0.17,1,-1,-1
170,238,982.64,205.10,12.43,28.43,0.81,1,-1,-1
170,126,531.98,5.56,41.11,25.25,0.53,4,-1,-1
170,242,1031.54,211.42,13.69,24.15,0.56,1,-1,-1
170,243,454.78,482.64,15.36,35.95,0.95,1,-1,-1
170,94,1039.90,162.57,12.42,26.04,0.66,1,-1,-1
170,250,220.66,25.57,39.90,23.61,0.63,8,-1,-1
170,254,220.71,25.63,39.70,23.47,0.62,8,-1,-1
171,18,1224.02,499.76,126.74,62.56,1.00,4,-1,-1
171,23,1207.92,462.89,118.13,53.85,1.00,4,-1,-1
171,24,472.56,491.67,16.20,34.67,0.98,1,-1,-1
171,25,499.99,505.14,17.13,35.76,0.99,1,-1,-1
171,26,516.10,477.21,16.18,35.89,0.94,1,-1,-1
171,28,508.09,474.84,14.52,32.73,0.91,1,-1,-1
171,31,258.54,468.71,115.60,48.99,0.99,4,-1,-1
171,39,497.90,451.96,16.83,34.17,0.98,1,-1,-1
171,42,285.04,426.66,107.78,44.73,0.99,4,-1,-1
171,47,1145.95,360.12,103.82,53.52,0.99,4,-1,-1
171,48,311.75,381.10,102.41,45.09,0.99,4,-1,-1
171,55,1112.46,315.73,81.83,38.09,1.00,4,-1,-1
171,38,438.95,474.41,16.92,39.16,0.95,1,-1,-1
171,59,700.32,314.51,84.32,39.74,0.99,4,-1,-1
171,60,352.98,303.14,78.65,41.15,1.00,4,-1,-1
171,61,1098.01,274.78,73.52,35.69,0.99,4,-1,-1
171,63,395.29,235.71,75.78,35.17,0.99,4,-1,-1
171,64,701.26,236.04,69.84,28.31,0.99,4,-1,-1
171,65,709.68,251.52,72.41,36.74,0.99,4,-1,-1
171,66,985.13,215.29,13.12,26.01,0.79,1,-1,-1
171,69,1025.57,237.22,17.12,28.54,0.73,1,-1,-1
171,70,1061.83,237.23,70.79,25.77,0.98,4,-1,-1
171,71,1079.01,252.99,75.30,33.37,0.97,4,-1,-1
171,72,1267.93,235.35,78.69,31.41,0.98,4,-1,-1
171,73,399.30,213.84,76.96,33.77,0.99,4,-1,-1
171,74,424.07,183.55,65.69,26.09,0.98,4,-1,-1
171,76,524.85,197.93,39.82,45.99,0.96,4,-1,-1
171,77,687.01,179.72,66.42,29.30,0.99,4,-1,-1
171,78,696.63,199.50,65.22,25.71,0.91,4,-1,-1
171,79,706.73,216.20,61.17,28.17,0.99,4,-1,-1
171,80,1021.92,168.01,12.53,25.63,0.90,1,-1,-1
171,81,1020.35,184.88,69.58,27.13,0.95,4,-1,-1
171,82,1027.37,201.17,71.25,25.49,0.98,4,-1,-1
171,83,1049.28,216.62,65.11,26.72,0.96,4,-1,-1
171,88,715.27,120.47,30.51,31.85,0.98,4,-1,-1
171,89,753.85,122.48,29.08,29.23,0.97,4,-1,-1
171,90,782.18,121.88,31.43,28.65,0.95,4,-1,-1
171,91,816.46,123.98,29.09,30.14,0.94,4,-1,-1
171,92,965.44,121.96,32.51,29.66,0.98,4,-1,-1
171,95,997.27,122.06,32.51,30.72,0.98,4,-1,-1
171,98,1027.27,125.24,35.94,30.15,0.99,4,-1,-1
171,99,1242.55,123.10,47.74,30.94,0.99,4,-1,-1
171,101,410.78,197.07,70.34,28.08,0.99,4,-1,-1
171,102,682.68,119.53,28.50,28.37,0.98,4,-1,-1
171,104,1147.52,122.49,13.67,25.78,0.78,1,-1,-1
171,105,363.40,281.30,81.82,35.32,0.99,4,-1,-1
171,111,1168.56,242.91,13.73,27.37,0.96,1,-1,-1
171,113,-0.15,39.75,53.46,22.80,0.99,4,-1,-1
171,114,163.14,39.13,53.95,24.02,0.99,4,-1,-1
171,117,536.92,43.51,49.45,21.28,0.94,4,-1,-1
171,119,1005.01,220.16,15.41,25.80,0.81,1,-1,-1
171,123,22.73,10.64,44.26,22.63,0.97,4,-1,-1
171,125,103.36,7.68,46.84,25.01,0.99,4,-1,-1
171,130,1269.74,11.95,29.11,24.29,0.97,4,-1,-1
171,131,1295.38,28.04,39.35,25.16,0.98,4,-1,-1
171,135,-0.68,9.80,35.69,21.42,0.83,4,-1,-1
171,137,447.69,12.99,26.52,22.24,0.97,4,-1,-1
171,138,736.77,11.11,43.62,23.27,0.88,4,-1,-1
171,156,279.80,8.88,35.38,25.73,0.96,4,-1,-1
171,167,533.92,34.23,50.61,23.07,0.78,4,-1,-1
171,169,181.74,5.60,32.17,26.05,0.91,5,-1,-1
171,84,1160.36,245.52,13.69,24.65,0.90,1,-1,-1
171,75,517.03,204.08,14.47,28.60,0.98,1,-1,-1
171,116,635.72,46.63,13.69,23.48,0.96,1,-1,-1
171,232,1050.13,169.96,14.14,27.01,0.71,1,-1,-1
171,173,994.19,216.92,12.61,25.62,0.29,1,-1,-1
171,238,984.19,206.56,12.12,28.66,0.72,1,-1,-1
171,126,531.88,5.89,40.47,25.82,0.58,4,-1,-1
171,242,1032.44,212.74,13.69,23.82,0.55,1,-1,-1
171,243,453.62,487.30,15.35,35.89,0.98,1,-1,-1
171,94,1042.35,164.08,12.08,25.49,0.77,1,-1,-1
171,250,220.48,26.90,39.14,23.25,0.43,4,-1,-1
172,18,1226.98,504.82,127.92,63.16,0.99,4,-1,-1
172,23,1210.20,467.35,119.27,53.95,0.99,4,-1,-1
172,24,472.08,495.70,16.20,34.40,0.97,1,-1,-1
172,25,497.90,510.43,17.70,35.86,0.97,1,-1,-1
172,26,516.30,481.18,16.27,37.06,0.94,1,-1,-1
172,28,507.99,478.99,14.55,31.98,0.89,1,-1,-1
172,31,255.20,473.65,116.41,48.87,1.00,4,-1,-1
172,39,497.30,456.01,17.05,34.75,0.96,1,-1,-1
172,42,283.02,430.90,107.56,44.72,1.00,4,-1,-1
172,47,1148.29,363.19,104.31,54.09,0.99,4,-1,-1
172,48,309.54,384.39,101.78,45.58,0.99,4,-1,-1
172,55,1114.82,318.64,81.03,38.10,1.00,4,-1,-1
172,38,437.72,481.46,16.54,38.13,0.97,1,-1,-1
172,59,700.08,317.53,84.63,39.81,1.00,4,-1,-1
172,60,351.28,306.33,78.73,40.85,1.00,4,-1,-1
172,61,1099.17,277.39,74.75,35.60,0.99,4,-1,-1
172,63,394.08,237.71,76.07,35.43,0.99,4,-1,-1
172,64,700.95,238.63,70.08,28.01,0.99,4,-1,-1
172,65,709.49,254.22,72.63,36.27,0.99,4,-1,-1
172,66,985.56,217.61,13.52,25.74,0.60,1,-1,-1
172,69,1026.46,239.09,17.12,28.61,0.74,1,-1,-1
172,70,1063.69,239.45,71.52,25.99,0.98,4,-1,-1
172,71,1080.29,255.71,76.44,33.39,0.98,4,-1,-1
172,72,1270.47,237.67,78.71,31.57,0.97,4,-1,-1
172,73,397.99,216.52,76.79,32.73,0.99,4,-1,-1
172,74,423.12,185.38,64.71,25.98,0.99,4,-1,-1
172,76,524.02,199.71,39.56,46.13,0.96,4,-1,-1
172,77,686.52,181.60,66.65,29.03,0.99,4,-1,-1
172,78,696.87,201.21,64.53,25.68,0.98,4,-1,-1
172,79,707.61,219.01,59.83,27.12,0.99,4,-1,-1
172,80,1023.28,169.60,13.27,26.50,0.91,1,-1,-1
172,81,1020.72,186.71,70.07,26.64,0.97,4,-1,-1
172,82,1028.20,202.46,71.73,26.30,0.98,4,-1,-1
172,83,1050.31,218.59,66.25,27.16,0.95,4,-1,-1
172,88,715.06,121.49,30.70,32.17,0.98,4,-1,-1
172,89,753.59,123.59,29.65,29.87,0.97,4,-1,-1
172,90,782.70,123.04,31.03,29.08,0.95,4,-1,-1
172,91,816.66,125.24,29.09,30.16,0.97,4,-1,-1
172,92,965.89,123.25,32.51,29.74,0.99,4,-1,-1
172,95,998.16,123.15,32.51,30.78,0.98,4,-1,-1
172,98,1028.68,126.90,35.95,29.89,0.99,4,-1,-1
172,99,1244.75,124.21,47.90,31.42,0.99,4,-1,-1
172,101,409.80,199.36,70.32,27.40,0.99,4,-1,-1
172,102,682.78,120.77,28.34,28.41,0.98,4,-1,-1
172,104,1149.21,123.62,13.68,26.38,0.70,1,-1,-1
172,105,361.48,284.05,82.35,35.48,1.00,4,-1,-1
172,111,1170.81,245.73,13.69,27.08,0.98,1,-1,-1
172,113,-2.03,40.99,49.98,22.48,0.99,4,-1,-1
172,114,159.19,40.33,53.66,23.40,0.99,4,-1,-1
172,117,531.08,44.39,47.85,21.29,0.96,4,-1,-1
172,119,1005.89,221.82,15.43,25.96,0.81,1,-1,-1
172,123,20.74,11.24,44.13,22.77,0.99,4,-1,-1
172,125,101.40,8.21,47.12,25.03,0.99,4,-1,-1
172,130,1270.84,12.57,29.11,24.19,0.98,4,-1,-1
172,131,1296.48,28.41,39.41,25.44,0.98,4,-1,-1
172,135,-0.96,10.75,33.72,21.23,0.77,4,-1,-1
172,137,447.10,13.66,26.50,22.30,0.97,4,-1,-1
172,138,736.48,11.76,43.63,23.32,0.92,4,-1,-1
172,156,278.18,9.39,35.77,25.89,0.97,4,-1,-1
172,167,531.07,34.89,49.40,22.37,0.72,4,-1,-1
172,169,179.92,6.52,32.84,25.98,0.97,5,-1,-1
172,84,1163.50,249.03,12.56,24.17,0.85,1,-1,-1
172,75,516.28,206.52,13.97,28.68,0.97,1,-1,-1
172,116,634.83,47.53,13.72,23.18,0.96,1,-1,-1
172,232,1052.53,171.61,13.86,26.75,0.72,1,-1,-1
172,173,994.81,218.72,12.17,25.63,0.38,1,-1,-1
172,238,985.26,208.86,13.16,29.81,0.84,1,-1,-1
172,126,530.51,6.33,41.38,25.76,0.60,4,-1,-1
172,242,1033.28,213.79,13.69,24.55,0.76,1,-1,-1
172,243,452.71,492.15,14.79,35.88,0.98,1,-1,-1
172,94,1043.71,166.04,11.96,25.87,0.68,1,-1,-1
172,250,219.00,27.44,39.19,23.15,0.76,4,-1,-1
172,255,998.94,208.54,13.66,26.04,0.62,1,-1,-1
173,18,1229.74,509.37,127.21,64.48,0.99,4,-1,-1
173,23,1213.84,471.98,119.68,54.52,0.99,4,-1,-1
173,24,471.75,500.25,16.21,34.85,0.97,1,-1,-1
173,25,496.44,515.42,17.91,37.02,0.97,1,-1,-1
173,26,516.49,485.70,17.42,37.49,0.94,1,-1,-1
173,28,508.34,483.01,15.12,32.84,0.93,1,-1,-1
173,31,252.62,477.99,116.70,49.94,0.99,4,-1,-1
173,39,497.47,460.00,16.57,35.52,0.96,1,-1,-1
173,42,280.35,435.12,108.30,45.68,1.00,4,-1,-1
173,47,1150.84,366.63,105.60,54.57,0.99,4,-1,-1
173,48,307.06,388.55,103.22,45.18,0.99,4,-1,-1
173,55,1116.82,321.63,81.82,38.37,1.00,4,-1,-1
173,38,436.44,487.10,16.52,37.73,0.88,1,-1,-1
173,59,700.63,320.46,84.16,39.82,1.00,4,-1,-1
173,60,348.84,309.22,79.59,41.56,1.00,4,-1,-1
173,61,1101.84,279.72,74.07,35.83,0.99,4,-1,-1
173,63,392.93,240.17,75.59,35.22,0.99,4,-1,-1
173,64,701.47,240.73,70.16,28.16,0.99,4,-1,-1
173,65,709.77,256.63,72.70,36.06,0.99,4,-1,-1
173,66,986.29,219.95,13.67,25.41,0.63,1,-1,-1
173,69,1027.93,240.74,17.12,28.91,0.62,1,-1,-1
173,70,1064.93,241.64,71.77,26.06,0.98,4,-1,-1
173,71,1081.88,257.51,76.85,33.66,0.97,4,-1,-1
173,72,1272.49,239.88,79.83,31.89,0.98,4,-1,-1
173,73,397.22,218.83,76.56,32.59,0.99,4,-1,-1
173,74,422.76,187.30,65.03,26.21,0.99,4,-1,-1
173,76,523.26,201.58,40.01,46.53,0.93,4,-1,-1
173,77,686.69,183.08,66.73,29.62,0.99,4,-1,-1
173,78,696.17,203.26,65.39,25.80,0.99,4,-1,-1
173,79,707.45,221.33,59.85,27.26,0.99,4,-1,-1
173,80,1025.48,171.38,13.53,25.69,0.86,1,-1,-1
173,81,1022.54,188.21,69.11,27.00,0.98,4,-1,-1
173,82,1030.19,204.04,71.89,26.87,0.97,4,-1,-1
173,83,1051.82,220.28,66.67,27.60,0.97,4,-1,-1
173,88,715.31,123.17,30.77,31.72,0.99,4,-1,-1
173,89,753.54,125.09,29.86,29.96,0.98,4,-1,-1
173,90,782.94,124.48,31.44,29.51,0.95,4,-1,-1
173,91,816.77,126.50,29.65,30.72,0.99,4,-1,-1
173,92,966.62,124.79,32.51,29.34,0.99,4,-1,-1
173,95,998.49,124.47,33.64,31.08,0.99,4,-1,-1
173,98,1029.76,128.37,35.94,30.06,1.00,4,-1,-1
173,99,1246.66,125.23,47.95,31.73,0.99,4,-1,-1
173,101,409.15,201.53,69.30,26.97,0.99,4,-1,-1
173,102,683.17,122.04,27.70,28.71,0.98,4,-1,-1
173,104,1151.50,124.65,13.69,26.74,0.56,1,-1,-1
173,105,360.21,286.50,82.11,35.52,0.99,4,-1,-1
173,111,1173.29,249.11,13.68,27.54,0.96,1,-1,-1
173,113,-2.19,41.87,45.65,22.64,0.99,4,-1,-1
173,114,155.00,41.06,53.82,23.59,1.00,4,-1,-1
173,117,524.92,44.89,48.96,21.95,0.98,4,-1,-1
173,119,1006.79,223.40,15.43,25.73,0.77,1,-1,-1
173,123,19.09,11.91,43.93,22.96,0.99,4,-1,-1
173,125,99.98,9.14,47.35,25.04,0.99,4,-1,-1
173,130,1272.88,13.20,29.10,23.88,0.98,4,-1,-1
173,131,1299.08,29.09,38.29,24.87,0.98,4,-1,-1
173,135,-0.96,11.57,31.89,21.37,0.82,4,-1,-1
173,137,446.41,14.24,26.49,22.27,0.97,4,-1,-1
173,138,736.41,12.44,44.19,23.52,0.93,4,-1,-1
173,156,277.42,10.20,35.35,26.11,0.96,4,-1,-1
173,167,527.64,35.92,49.50,21.93,0.77,4,-1,-1
173,169,178.61,7.24,33.09,25.69,0.88,5,-1,-1
173,84,1166.31,252.38,12.12,24.84,0.90,1,-1,-1
173,75,515.55,208.51,13.77,28.92,0.93,1,-1,-1
173,116,634.30,48.84,13.16,22.91,0.97,1,-1,-1
173,232,1055.09,173.05,13.75,25.93,0.74,1,-1,-1
173,173,995.62,220.65,12.02,25.06,0.39,1,-1,-1
173,238,986.23,210.27,13.53,29.40,0.79,1,-1,-1
173,126,530.08,7.50,41.16,24.82,0.68,4,-1,-1
173,242,1034.15,215.36,13.69,25.58,0.71,1,-1,-1
173,243,451.09,496.99,15.16,36.44,0.96,1,-1,-1
173,94,1045.31,167.25,13.08,26.43,0.81,1,-1,-1
173,250,217.16,27.93,40.08,23.49,0.61,4,-1,-1
173,255,999.27,210.13,13.68,27.01,0.59,1,-1,-1
173,256,438.00,475.56,16.22,39.27,0.85,1,-1,-1
173,257,1245.69,-0.11,29.03,18.52,0.67,4,-1,-1
174,18,1232.90,515.04,125.77,63.87,1.00,4,-1,-1
174,23,1216.21,476.56,120.94,54.74,1.00,4,-1,-1
174,24,471.56,505.00,15.64,34.46,0.97,1,-1,-1
174,25,494.73,521.15,17.98,38.02,0.96,1,-1,-1
174,26,516.49,490.73,17.85,37.65,0.97,1,-1,-1
174,28,508.67,487.85,15.33,33.73,0.96,1,-1,-1
174,31,249.11,483.45,118.77,49.79,0.99,4,-1,-1
174,39,497.21,464.81,16.37,35.81,0.98,1,-1,-1
174,42,277.23,439.16,109.41,46.62,0.99,4,-1,-1
174,47,1153.40,370.08,106.06,55.31,0.99,4,-1,-1
174,48,304.86,392.02,103.18,46.02,1.00,4,-1,-1
174,55,1119.19,324.63,82.10,38.76,1.00,4,-1,-1
174,38,435.37,492.48,15.94,38.17,0.92,1,-1,-1
174,59,700.24,323.67,84.53,40.10,0.99,4,-1,-1
174,60,346.93,312.79,80.19,41.27,1.00,4,-1,-1
174,61,1103.91,282.90,73.79,35.64,0.99,4,-1,-1
174,63,391.23,242.61,76.11,35.43,0.99,4,-1,-1
174,64,701.37,243.07,70.17,27.94,0.99,4,-1,-1
174,65,709.85,259.09,72.72,36.27,0.99,4,-1,-1
174,66,987.65,222.73,12.60,24.43,0.68,1,-1,-1
174,69,1028.99,242.82,17.12,28.74,0.37,1,-1,-1
174,70,1066.47,243.93,71.86,26.38,0.98,4,-1,-1
174,71,1083.54,260.36,77.00,33.20,0.98,4,-1,-1
174,72,1274.87,241.78,80.25,32.59,0.98,4,-1,-1
174,73,395.95,220.65,76.60,33.39,0.99,4,-1,-1
174,74,421.35,189.13,65.57,26.30,0.99,4,-1,-1
174,76,522.69,203.69,40.18,46.96,0.87,4,-1,-1
174,77,686.74,185.06,66.75,29.71,1.00,4,-1,-1
174,78,695.89,205.38,65.71,25.35,0.98,4,-1,-1
174,79,706.80,223.76,61.00,27.04,0.99,4,-1,-1
174,80,1027.92,172.75,13.63,25.09,0.84,1,-1,-1
174,81,1023.19,190.11,69.85,27.14,0.98,4,-1,-1
174,82,1031.46,206.24,71.93,26.68,0.96,4,-1,-1
174,83,1054.59,223.50,65.68,26.93,0.97,4,-1,-1
174,88,715.40,124.96,30.79,31.26,0.98,4,-1,-1
174,89,753.79,126.74,29.94,29.56,0.98,4,-1,-1
174,90,783.01,126.46,31.59,28.83,0.97,4,-1,-1
174,91,817.36,128.14,29.30,30.66,0.99,4,-1,-1
174,92,966.87,126.49,33.64,29.04,0.99,4,-1,-1
174,95,999.71,126.23,34.06,30.91,0.99,4,-1,-1
174,98,1030.70,129.83,35.94,29.99,0.99,4,-1,-1
174,99,1248.45,126.91,47.96,31.99,0.99,4,-1,-1
174,101,407.51,203.30,69.74,27.39,1.00,4,-1,-1
174,102,683.03,123.67,27.45,28.25,0.95,4,-1,-1
174,104,1152.88,126.95,14.82,27.44,0.67,1,-1,-1
174,105,357.48,289.35,83.42,35.54,0.99,4,-1,-1
174,111,1176.39,252.96,13.67,26.86,0.96,1,-1,-1
174,113,-2.27,42.98,40.42,22.65,0.96,4,-1,-1
174,114,150.85,42.12,54.16,23.69,1.00,4,-1,-1
174,117,518.00,45.94,49.37,21.71,0.98,4,-1,-1
174,119,1008.21,224.89,15.42,25.93,0.78,1,-1,-1
174,123,17.15,12.70,44.18,22.96,0.98,4,-1,-1
174,125,98.21,10.19,47.44,24.92,1.00,4,-1,-1
174,130,1274.19,13.92,29.10,23.71,0.99,4,-1,-1
174,131,1301.17,29.86,37.85,24.72,0.98,4,-1,-1
174,135,-0.94,12.29,29.31,21.69,0.72,4,-1,-1
174,137,445.31,15.11,26.49,21.93,0.97,4,-1,-1
174,138,736.39,13.33,44.39,23.37,0.95,4,-1,-1
174,156,276.46,11.19,34.32,25.52,0.94,4,-1,-1
174,167,523.90,37.16,49.54,21.26,0.95,4,-1,-1
174,169,177.44,8.19,32.47,25.48,0.95,5,-1,-1
174,84,1168.38,255.79,13.13,25.37,0.91,1,-1,-1
174,75,515.00,210.72,13.70,28.66,0.90,1,-1,-1
174,116,633.83,50.31,12.94,22.67,0.96,1,-1,-1
174,232,1057.11,174.42,13.70,25.32,0.71,1,-1,-1
174,173,995.88,223.27,11.96,24.56,0.29,1,-1,-1
174,238,987.68,212.40,12.56,28.94,0.70,1,-1,-1
174,126,529.93,8.86,41.07,23.91,0.58,4,-1,-1
174,242,1035.00,217.43,13.69,24.59,0.69,1,-1,-1
174,243,449.32,502.39,15.29,36.65,0.95,1,-1,-1
174,94,1047.55,169.03,13.48,26.50,0.76,1,-1,-1
174,250,215.07,29.16,41.85,23.84,0.65,4,-1,-1
174,255,1000.06,212.83,13.69,26.64,0.45,1,-1,-1
174,256,436.92,480.61,15.56,37.96,0.85,1,-1,-1
174,257,1247.70,0.14,29.07,19.10,0.78,4,-1,-1
174,213,1237.91,25.51,8.59,20.34,0.63,1,-1,-1
175,18,1236.85,520.34,122.90,64.73,0.99,4,-1,-1
175,23,1219.30,481.47,121.38,55.38,0.99,4,-1,-1
175,24,470.15,509.63,17.16,35.44,0.96,1,-1,-1
175,25,493.10,527.53,18.00,38.95,0.99,1,-1,-1
175,26,516.85,495.75,18.00,37.13,0.97,1,-1,-1
175,28,508.61,492.80,15.40,34.06,0.97,1,-1,-1
175,31,245.73,488.62,119.80,50.28,1.00,4,-1,-1
175,39,497.21,469.75,16.29,36.48,0.97,1,-1,-1
175,42,275.40,443.51,108.96,46.97,1.00,4,-1,-1
175,47,1156.02,374.03,106.19,55.31,0.99,4,-1,-1
175,48,302.38,396.18,103.14,46.05,0.98,4,-1,-1
175,55,1121.76,328.28,81.05,38.63,0.99,4,-1,-1
175,38,433.40,497.88,16.86,38.90,0.92,1,-1,-1
175,59,700.18,326.66,85.22,40.49,0.99,4,-1,-1
175,60,344.84,315.76,80.67,41.15,0.99,4,-1,-1
175,61,1105.81,286.22,73.66,35.28,0.99,4,-1,-1
175,63,389.91,245.46,76.57,34.94,0.99,4,-1,-1
175,64,701.42,245.77,70.16,28.13,0.99,4,-1,-1
175,65,709.69,262.11,73.27,36.06,0.99,4,-1,-1
175,66,988.18,224.50,12.17,24.64,0.78,1,-1,-1
175,69,1030.54,245.61,17.11,28.39,0.64,1,-1,-1
175,70,1068.18,246.92,73.01,26.21,0.97,4,-1,-1
175,71,1085.30,262.85,77.03,33.59,0.97,4,-1,-1
175,72,1277.98,244.36,79.25,32.01,0.95,4,-1,-1
175,73,393.94,223.13,77.44,33.13,0.98,4,-1,-1
175,74,419.29,191.49,67.46,25.76,0.99,4,-1,-1
175,76,522.05,205.51,40.22,47.33,0.95,4,-1,-1
175,77,686.58,187.15,67.30,29.46,0.99,4,-1,-1
175,78,696.45,207.36,65.25,26.11,1.00,4,-1,-1
175,79,706.93,225.79,60.85,27.53,1.00,4,-1,-1
175,80,1029.97,174.43,13.66,25.29,0.85,1,-1,-1
175,81,1025.15,192.19,70.11,27.68,0.94,4,-1,-1
175,82,1033.09,208.64,71.93,26.59,0.96,4,-1,-1
175,83,1055.66,224.72,66.41,28.09,0.98,4,-1,-1
175,88,715.53,126.36,30.79,31.65,0.97,4,-1,-1
175,89,753.98,128.37,29.95,29.26,0.99,4,-1,-1
175,90,783.12,127.66,31.64,29.28,0.97,4,-1,-1
175,91,817.94,129.63,29.15,30.62,0.99,4,-1,-1
175,92,968.70,128.01,32.93,29.21,0.99,4,-1,-1
175,95,1001.34,127.64,33.08,31.26,0.99,4,-1,-1
175,98,1031.65,131.13,37.06,30.52,0.98,4,-1,-1
175,99,1250.25,128.45,47.95,31.94,0.99,4,-1,-1
175,101,405.92,205.63,71.02,27.68,0.99,4,-1,-1
175,102,683.08,125.43,27.36,27.79,0.98,4,-1,-1
175,104,1155.10,128.02,15.23,27.14,0.18,1,-1,-1
175,105,355.92,292.19,83.46,36.11,0.99,4,-1,-1
175,111,1179.22,256.38,12.52,27.74,0.97,1,-1,-1
175,113,-1.69,43.56,34.95,22.57,0.94,4,-1,-1
175,114,147.55,43.02,53.42,23.37,0.99,4,-1,-1
175,117,510.64,47.22,48.95,21.74,0.98,4,-1,-1
175,119,1009.34,227.03,15.41,26.29,0.83,1,-1,-1
175,123,15.20,13.52,44.31,23.21,0.99,4,-1,-1
175,125,96.71,11.25,47.32,24.34,1.00,4,-1,-1
175,130,1275.25,14.66,30.22,24.12,0.99,4,-1,-1
175,131,1303.08,30.67,38.82,25.46,0.98,4,-1,-1
175,135,-0.61,13.13,28.22,21.61,0.85,4,-1,-1
175,137,444.78,16.02,26.48,21.49,0.98,4,-1,-1
175,138,736.49,14.15,44.46,23.26,0.94,4,-1,-1
175,156,275.16,11.93,34.50,25.25,0.96,4,-1,-1
175,167,519.33,38.04,50.11,21.27,0.96,4,-1,-1
175,169,176.23,8.89,33.07,25.33,0.86,5,-1,-1
175,84,1170.84,258.76,12.37,25.85,0.93,1,-1,-1
175,75,514.07,212.58,13.66,29.49,0.92,1,-1,-1
175,116,633.50,51.29,12.85,22.58,0.96,1,-1,-1
175,232,1059.56,176.60,13.68,26.39,0.71,1,-1,-1
175,173,996.58,223.24,11.94,25.82,0.25,1,-1,-1
175,238,988.82,216.07,12.16,30.76,0.79,1,-1,-1
175,126,528.87,9.46,41.59,24.39,0.73,4,-1,-1
175,242,1035.91,219.38,13.68,24.46,0.67,1,-1,-1
175,243,447.36,507.81,15.90,36.73,0.97,1,-1,-1
175,94,1049.53,171.51,13.63,26.38,0.77,1,-1,-1
175,250,213.91,30.07,41.93,23.85,0.62,4,-1,-1
175,255,1000.18,214.89,13.68,27.49,0.69,1,-1,-1
175,256,435.88,485.66,15.60,37.71,0.76,1,-1,-1
175,257,1248.26,0.37,30.40,19.82,0.91,4,-1,-1
175,213,1239.36,26.96,9.83,20.02,0.40,1,-1,-1
176,18,1241.18,526.36,119.54,64.46,0.99,4,-1,-1
176,23,1223.29,486.79,121.55,56.15,0.99,4,-1,-1
176,24,469.68,515.30,17.15,35.24,0.96,1,-1,-1
176,25,491.74,534.11,18.01,39.30,0.98,1,-1,-1
176,26,516.75,501.57,18.62,36.92,0.97,1,-1,-1
176,28,508.33,497.74,16.00,34.74,0.95,1,-1,-1
176,31,242.15,494.52,120.75,50.44,0.99,4,-1,-1
176,39,497.25,474.69,16.26,36.73,0.97,1,-1,-1
176,42,271.69,448.83,110.49,47.08,1.00,4,-1,-1
176,47,1158.71,378.18,106.24,55.55,0.99,4,-1,-1
176,48,299.53,400.31,104.54,46.32,0.99,4,-1,-1
176,55,1123.28,331.21,82.92,39.40,1.00,4,-1,-1
176,38,432.17,503.24,16.64,39.17,0.92,1,-1,-1
176,59,700.18,330.42,85.48,40.33,1.00,4,-1,-1
176,60,343.24,318.87,80.86,41.65,1.00,4,-1,-1
176,61,1108.21,289.17,73.62,35.41,0.99,4,-1,-1
176,63,388.58,248.26,76.74,34.73,0.99,4,-1,-1
176,64,701.16,248.16,70.73,28.19,0.99,4,-1,-1
176,65,709.63,264.90,73.49,36.25,0.99,4,-1,-1
176,66,988.94,226.20,12.02,25.57,0.57,1,-1,-1
176,69,1032.82,248.11,15.97,28.54,0.58,1,-1,-1
176,70,1069.95,249.34,73.44,26.42,0.98,4,-1,-1
176,71,1086.51,265.21,78.17,34.29,0.95,4,-1,-1
176,72,1280.83,246.86,77.74,32.05,0.97,4,-1,-1
176,73,392.91,225.79,77.49,33.01,0.98,4,-1,-1
176,74,417.66,193.53,68.18,25.68,1.00,4,-1,-1
176,76,521.25,207.90,40.25,47.45,0.96,4,-1,-1
176,77,686.50,189.32,67.52,29.77,0.99,4,-1,-1
176,78,696.37,209.35,66.22,26.38,1.00,4,-1,-1
176,79,706.70,227.79,61.36,28.26,1.00,4,-1,-1
176,80,1032.37,175.89,13.68,26.22,0.83,1,-1,-1
176,81,1027.01,193.65,70.20,28.36,0.95,4,-1,-1
176,82,1034.82,210.36,71.92,27.33,0.94,4,-1,-1
176,83,1057.18,226.77,66.69,27.94,0.95,4,-1,-1
176,88,715.27,127.77,30.79,31.93,0.99,4,-1,-1
176,89,754.31,130.01,29.40,29.00,0.99,4,-1,-1
176,90,783.71,129.26,31.09,29.01,0.98,4,-1,-1
176,91,818.71,131.13,28.53,30.60,0.97,4,-1,-1
176,92,968.80,129.21,33.79,29.97,0.98,4,-1,-1
176,95,1001.92,129.36,33.84,31.39,0.99,4,-1,-1
176,98,1033.11,132.93,36.36,30.57,0.99,4,-1,-1
176,99,1252.02,129.73,49.08,32.47,0.98,4,-1,-1
176,101,404.48,207.60,71.23,27.99,1.00,4,-1,-1
176,102,683.07,127.12,27.33,27.76,0.98,4,-1,-1
176,104,1157.04,128.92,14.29,27.02,0.51,1,-1,-1
176,105,354.52,295.13,83.76,36.31,0.99,4,-1,-1
176,111,1181.91,259.33,13.27,28.63,0.93,1,-1,-1
176,113,-1.18,44.90,29.14,21.68,0.89,4,-1,-1
176,114,142.75,43.96,54.28,23.80,1.00,4,-1,-1
176,117,503.21,48.69,49.36,21.84,0.95,4,-1,-1
176,119,1010.89,229.30,15.42,26.43,0.80,1,-1,-1
176,123,13.41,14.77,44.41,23.11,0.99,4,-1,-1
176,125,94.61,11.95,47.84,24.69,1.00,4,-1,-1
176,130,1277.30,15.45,29.53,24.29,0.99,4,-1,-1
176,131,1303.77,31.41,40.31,26.03,0.99,4,-1,-1
176,135,-0.59,14.38,27.02,21.42,0.86,4,-1,-1
176,137,443.95,17.07,26.48,21.41,0.97,4,-1,-1
176,138,736.76,14.90,44.49,23.21,0.93,4,-1,-1
176,156,274.19,12.78,34.29,25.25,0.93,4,-1,-1
176,167,515.68,38.82,50.90,21.48,0.96,4,-1,-1
176,169,174.09,9.33,34.42,25.91,0.84,5,-1,-1
176,84,1173.40,261.54,13.23,26.60,0.92,1,-1,-1
176,75,513.16,215.05,13.66,29.30,0.94,1,-1,-1
176,116,632.77,52.24,12.82,22.61,0.87,1,-1,-1
176,232,1061.57,178.58,13.68,26.91,0.48,1,-1,-1
176,173,997.41,225.98,11.94,25.43,0.29,1,-1,-1
176,238,989.79,216.25,12.02,29.48,0.68,1,-1,-1
176,126,528.14,10.02,41.80,24.72,0.57,4,-1,-1
176,242,1037.38,221.29,12.55,23.28,0.61,1,-1,-1
176,243,446.13,513.20,16.14,37.32,0.97,1,-1,-1
176,94,1051.92,173.33,13.69,27.33,0.64,1,-1,-1
176,250,211.81,30.36,43.88,24.81,0.63,8,-1,-1
176,255,1001.44,216.65,12.39,26.81,0.59,1,-1,-1
176,256,434.74,490.58,16.28,42.31,0.85,1,-1,-1
176,257,1250.08,0.46,29.53,20.51,0.89,4,-1,-1
176,258,433.51,495.20,17.29,46.10,0.61,1,-1,-1
177,18,1244.82,532.46,115.97,64.35,0.99,4,-1,-1
177,23,1226.25,492.35,122.71,56.44,0.99,4,-1,-1
177,24,469.13,521.49,17.14,34.58,0.98,1,-1,-1
177,25,490.60,541.46,17.44,38.86,0.98,1,-1,-1
177,26,516.32,506.97,18.84,37.41,0.96,1,-1,-1
177,28,507.83,503.09,15.66,35.00,0.94,1,-1,-1
177,31,238.83,500.20,121.36,50.50,0.99,4,-1,-1
177,39,496.31,480.32,16.82,35.69,0.98,1,-1,-1
177,42,268.58,453.75,111.04,47.11,1.00,4,-1,-1
177,47,1161.78,382.35,107.36,55.93,0.99,4,-1,-1
177,48,296.89,404.93,105.05,46.84,1.00,4,-1,-1
177,55,1125.37,334.50,83.60,39.97,1.00,4,-1,-1
177,38,431.09,508.42,16.26,39.28,0.93,1,-1,-1
177,59,699.51,333.42,86.69,41.12,1.00,4,-1,-1
177,60,341.35,322.73,80.90,41.56,1.00,4,-1,-1
177,61,1110.07,291.92,74.72,36.32,0.99,4,-1,-1
177,63,386.50,250.60,77.22,34.94,0.99,4,-1,-1
177,64,700.69,250.67,71.49,28.78,0.99,4,-1,-1
177,65,708.94,267.27,74.69,37.17,0.99,4,-1,-1
177,66,989.66,226.11,11.96,27.32,0.28,1,-1,-1
177,69,1034.66,250.13,15.53,29.16,0.35,1,-1,-1
177,70,1071.58,251.76,73.59,26.49,0.99,4,-1,-1
177,71,1089.62,268.45,77.46,34.55,0.98,4,-1,-1
177,72,1283.96,249.47,74.86,32.06,0.97,4,-1,-1
177,73,390.94,227.67,77.62,33.53,0.99,4,-1,-1
177,74,416.58,195.62,68.29,25.94,0.99,4,-1,-1
177,76,520.32,210.40,40.24,47.78,0.96,4,-1,-1
177,77,686.39,191.76,67.58,29.61,1.00,4,-1,-1
177,78,696.25,211.58,66.00,26.20,1.00,4,-1,-1
177,79,706.80,230.44,61.54,28.26,0.99,4,-1,-1
177,80,1034.23,177.82,13.68,26.71,0.92,1,-1,-1
177,81,1027.00,196.49,72.48,28.13,0.98,4,-1,-1
177,82,1036.45,212.94,71.91,27.18,0.95,4,-1,-1
177,83,1058.72,229.62,67.90,28.16,0.97,4,-1,-1
177,88,715.09,129.53,30.79,31.89,0.99,4,-1,-1
177,89,754.63,131.57,29.18,29.04,0.98,4,-1,-1
177,90,783.83,130.75,31.45,29.19,0.98,4,-1,-1
177,91,818.32,133.14,29.44,30.31,0.99,4,-1,-1
177,92,969.84,130.63,34.11,30.54,0.99,4,-1,-1
177,95,1003.14,130.48,34.12,31.86,0.99,4,-1,-1
177,98,1034.09,134.66,37.22,30.45,1.00,4,-1,-1
177,99,1254.21,131.42,49.49,32.11,0.99,4,-1,-1
177,101,403.06,209.38,72.13,28.81,1.00,4,-1,-1
177,102,683.27,128.49,27.32,28.03,0.99,4,-1,-1
177,104,1159.30,130.67,13.89,26.83,0.25,1,-1,-1
177,105,353.26,298.50,83.29,35.53,0.99,4,-1,-1
177,111,1185.00,263.47,12.40,27.57,0.97,1,-1,-1
177,113,-0.97,46.01,23.54,22.00,0.90,4,-1,-1
177,114,138.36,44.92,55.16,24.22,1.00,4,-1,-1
177,117,495.78,49.40,48.95,22.02,0.95,4,-1,-1
177,119,1011.89,231.11,15.41,26.48,0.75,1,-1,-1
177,123,11.43,15.90,44.44,23.18,0.99,4,-1,-1
177,125,92.67,12.70,47.78,24.70,1.00,4,-1,-1
177,130,1279.05,16.52,29.24,23.93,0.98,4,-1,-1
177,131,1304.99,32.55,40.87,25.84,0.98,4,-1,-1
177,135,-0.61,15.17,23.43,22.19,0.86,4,-1,-1
177,137,443.05,17.96,26.48,21.74,0.97,4,-1,-1
177,138,736.79,15.69,45.06,23.19,0.93,4,-1,-1
177,156,272.55,13.74,34.78,25.42,0.95,4,-1,-1
177,167,512.11,39.59,51.19,21.64,0.95,4,-1,-1
177,169,172.58,9.94,33.81,26.42,0.86,5,-1,-1
177,84,1175.32,265.34,13.53,25.76,0.93,1,-1,-1
177,75,511.92,217.94,13.66,29.15,0.83,1,-1,-1
177,116,631.60,53.34,13.38,22.70,0.97,1,-1,-1
177,232,1063.27,180.51,13.68,27.11,0.44,1,-1,-1
177,173,999.30,227.42,13.08,26.13,0.21,1,-1,-1
177,238,990.59,217.57,11.97,31.31,0.62,1,-1,-1
177,126,527.54,10.94,41.87,24.96,0.45,4,-1,-1
177,242,1038.34,222.96,13.28,23.40,0.39,1,-1,-1
177,243,444.76,518.98,15.67,37.54,0.98,1,-1,-1
177,94,1054.90,175.82,12.58,27.25,0.42,1,-1,-1
177,250,209.88,31.38,43.76,24.65,0.54,4,-1,-1
177,255,1002.34,218.60,13.27,28.98,0.43,1,-1,-1
177,256,433.74,495.64,15.85,40.70,0.93,1,-1,-1
177,257,1251.08,0.61,29.18,21.06,0.87,4,-1,-1
178,18,1247.85,538.66,112.35,64.31,0.99,4,-1,-1
178,23,1230.76,498.08,121.99,56.56,1.00,4,-1,-1
178,24,468.46,527.07,17.69,35.47,0.97,1,-1,-1
178,25,488.90,549.14,17.78,39.24,0.96,1,-1,-1
178,26,516.52,512.53,18.91,38.15,0.97,1,-1,-1
178,28,507.72,508.07,16.08,35.65,0.94,1,-1,-1
178,31,235.23,505.81,122.40,51.10,1.00,4,-1,-1
178,39,496.07,485.97,16.46,35.28,0.98,1,-1,-1
178,42,266.05,459.09,111.22,47.13,1.00,4,-1,-1
178,47,1163.55,386.31,108.88,56.49,0.99,4,-1,-1
178,48,294.11,409.34,106.06,47.33,0.99,4,-1,-1
178,55,1127.35,338.14,84.97,40.76,1.00,4,-1,-1
178,38,429.55,513.57,16.25,41.02,0.93,1,-1,-1
178,59,699.96,337.02,86.57,41.14,0.99,4,-1,-1
178,60,339.27,326.45,81.18,41.53,1.00,4,-1,-1
178,61,1111.41,294.80,76.25,37.22,0.99,4,-1,-1
178,63,385.05,253.36,77.94,35.31,1.00,4,-1,-1
178,64,700.65,253.68,72.33,28.45,0.97,4,-1,-1
178,65,709.39,270.79,74.56,36.40,0.99,4,-1,-1
178,66,991.19,229.71,11.94,26.33,0.46,1,-1,-1
178,69,1036.57,252.61,16.54,29.12,0.59,1,-1,-1
178,70,1073.41,254.52,74.75,26.81,0.97,4,-1,-1
178,71,1091.45,271.39,78.30,34.38,0.97,4,-1,-1
178,72,1286.31,252.63,72.63,31.51,0.94,4,-1,-1
178,73,390.25,230.97,77.23,32.89,0.99,4,-1,-1
178,74,415.10,198.09,68.45,25.84,1.00,4,-1,-1
178,76,519.58,212.62,40.22,47.69,0.97,4,-1,-1
178,77,686.50,194.06,67.59,29.69,0.99,4,-1,-1
178,78,696.92,214.15,65.91,26.64,0.99,4,-1,-1
178,79,706.98,233.23,61.59,27.70,1.00,4,-1,-1
178,80,1037.27,179.79,12.54,25.77,0.83,1,-1,-1
178,81,1029.36,198.93,72.21,28.25,0.96,4,-1,-1
178,82,1037.73,215.70,74.15,27.34,0.94,4,-1,-1
178,83,1059.41,231.71,69.47,29.10,0.97,4,-1,-1
178,88,715.47,131.09,30.78,32.16,0.99,4,-1,-1
178,89,754.90,133.34,29.09,28.63,0.98,4,-1,-1
178,90,784.03,132.29,31.57,29.12,0.97,4,-1,-1
178,91,819.17,134.89,29.20,29.91,0.99,4,-1,-1
178,92,971.50,132.53,33.09,30.62,0.99,4,-1,-1
178,95,1004.30,132.20,34.21,32.32,0.99,4,-1,-1
178,98,1035.71,136.19,37.52,30.69,0.99,4,-1,-1
178,99,1256.27,133.33,49.63,31.97,0.99,4,-1,-1
178,101,401.59,212.63,72.46,27.73,0.99,4,-1,-1
178,102,683.79,130.10,26.74,28.00,0.98,4,-1,-1
178,104,1160.23,132.65,14.89,26.76,0.35,1,-1,-1
178,105,350.86,301.63,83.94,36.09,0.99,4,-1,-1
178,111,1187.89,266.73,13.22,28.00,0.96,1,-1,-1
178,113,-0.45,47.15,17.29,22.41,0.61,4,-1,-1
178,114,134.05,45.84,55.91,24.48,0.99,4,-1,-1
178,117,488.86,50.22,50.49,22.30,0.97,4,-1,-1
178,119,1013.51,233.50,15.40,26.50,0.75,1,-1,-1
178,123,9.10,16.51,45.25,23.67,0.99,4,-1,-1
178,125,91.08,13.54,47.58,24.93,1.00,4,-1,-1
178,130,1280.97,18.01,29.13,23.38,0.99,4,-1,-1
178,131,1307.27,33.65,41.07,25.48,0.99,4,-1,-1
178,135,-0.39,15.38,22.04,22.81,0.85,4,-1,-1
178,137,442.62,19.03,26.48,21.70,0.98,4,-1,-1
178,138,736.97,16.63,45.26,23.30,0.96,4,-1,-1
178,156,271.44,14.45,34.95,25.43,0.91,4,-1,-1
178,167,508.51,40.84,50.73,21.60,0.95,4,-1,-1
178,169,171.32,11.11,33.84,26.27,0.96,5,-1,-1
178,84,1178.90,268.75,13.64,26.85,0.92,1,-1,-1
178,75,511.06,220.51,13.65,29.10,0.94,1,-1,-1
178,116,631.06,54.73,13.03,22.52,0.98,1,-1,-1
178,232,1066.26,182.75,12.53,26.76,0.68,1,-1,-1
178,173,1000.69,229.67,12.39,26.39,0.22,1,-1,-1
178,238,991.56,219.72,11.94,32.73,0.48,1,-1,-1
178,126,527.80,11.70,41.32,24.61,0.59,4,-1,-1
178,243,442.67,524.37,16.04,38.19,0.96,1,-1,-1
178,94,1057.81,177.21,12.14,26.94,0.79,1,-1,-1
178,250,208.60,32.56,42.91,24.58,0.62,8,-1,-1
178,255,1003.95,220.39,12.33,29.48,0.31,1,-1,-1
178,256,432.64,501.08,15.67,40.53,0.93,1,-1,-1
178,257,1252.72,0.91,29.06,21.55,0.92,4,-1,-1
178,259,566.92,54.30,12.81,22.23,0.89,1,-1,-1
178,260,1054.44,255.28,18.78,29.03,0.65,1,-1,-1
179,18,1251.72,544.69,107.60,63.68,0.99,4,-1,-1
179,23,1234.61,503.66,121.73,56.55,1.00,4,-1,-1
179,24,467.81,532.84,17.91,35.80,0.98,1,-1,-1
179,25,487.07,557.08,17.92,38.81,0.98,1,-1,-1
179,26,517.03,518.28,18.39,38.42,0.97,1,-1,-1
179,28,507.27,513.89,16.80,36.46,0.97,1,-1,-1
179,31,231.82,512.22,123.09,51.28,1.00,4,-1,-1
179,39,495.29,491.47,16.90,35.12,0.98,1,-1,-1
179,42,263.03,464.85,111.30,47.10,1.00,4,-1,-1
179,47,1166.32,390.55,110.59,57.09,1.00,4,-1,-1
179,48,290.97,414.32,107.31,47.62,0.99,4,-1,-1
179,55,1129.63,341.86,85.50,40.75,0.99,4,-1,-1
179,38,427.61,518.89,17.54,42.23,0.98,1,-1,-1
179,59,699.70,340.87,87.66,41.68,0.99,4,-1,-1
179,60,336.79,329.90,82.15,42.06,1.00,4,-1,-1
179,61,1113.44,297.96,76.84,37.27,0.99,4,-1,-1
179,63,383.20,256.44,78.51,35.43,0.99,4,-1,-1
179,64,700.46,256.33,72.66,28.30,0.98,4,-1,-1
179,65,709.39,273.48,75.09,36.64,0.99,4,-1,-1
179,66,992.73,233.26,11.94,25.91,0.63,1,-1,-1
179,69,1038.25,255.23,16.91,29.95,0.75,1,-1,-1
179,70,1074.50,257.09,75.20,27.48,0.97,4,-1,-1
179,71,1091.97,274.15,80.89,35.13,0.98,4,-1,-1
179,72,1289.29,254.99,69.53,31.85,0.95,4,-1,-1
179,73,388.11,233.26,78.51,33.76,0.99,4,-1,-1
179,74,413.92,200.48,68.38,26.06,0.99,4,-1,-1
179,76,517.98,214.81,41.37,48.70,0.92,4,-1,-1
179,77,686.07,196.09,68.17,30.20,0.99,4,-1,-1
179,78,696.42,216.42,67.02,26.85,0.99,4,-1,-1
179,79,706.59,235.79,62.19,28.04,0.99,4,-1,-1
179,80,1039.30,181.80,13.29,26.54,0.84,1,-1,-1
179,81,1030.63,200.48,72.09,28.48,0.97,4,-1,-1
179,82,1038.60,217.51,75.00,28.58,0.92,4,-1,-1
179,83,1060.62,233.75,70.07,29.98,0.98,4,-1,-1
179,88,715.39,132.84,30.79,32.12,0.97,4,-1,-1
179,89,754.79,134.88,29.64,29.19,0.98,4,-1,-1
179,90,784.17,134.08,31.63,28.94,0.97,4,-1,-1
179,91,819.85,136.67,29.12,29.90,0.98,4,-1,-1
179,92,973.06,134.05,32.70,31.05,0.99,4,-1,-1
179,95,1005.09,133.85,34.26,32.48,0.99,4,-1,-1
179,98,1036.69,137.61,37.65,31.19,0.99,4,-1,-1
179,99,1258.54,134.90,49.69,31.76,0.98,4,-1,-1
179,101,399.85,215.34,72.16,27.70,1.00,4,-1,-1
179,102,683.77,131.82,25.96,27.70,0.96,4,-1,-1
179,104,1162.10,134.28,15.26,27.15,0.45,1,-1,-1
179,105,348.66,304.85,84.77,37.13,0.98,4,-1,-1
179,111,1190.51,270.13,13.52,28.44,0.95,1,-1,-1
179,113,-0.33,48.05,11.58,23.71,0.27,4,-1,-1
179,114,129.70,46.81,56.06,25.21,1.00,4,-1,-1
179,117,481.12,51.47,50.52,21.95,0.98,4,-1,-1
179,119,1014.50,235.69,15.41,26.50,0.80,1,-1,-1
179,123,6.06,17.66,46.18,23.81,0.98,4,-1,-1
179,125,88.85,14.37,48.07,25.47,1.00,4,-1,-1
179,130,1283.17,18.94,27.95,23.05,0.99,4,-1,-1
179,131,1309.61,34.64,40.03,24.74,0.98,4,-1,-1
179,135,-0.58,15.74,22.53,23.54,0.67,4,-1,-1
179,137,441.91,20.11,25.92,21.39,0.98,4,-1,-1
179,138,736.79,17.63,45.35,23.40,0.96,4,-1,-1
179,156,269.75,15.17,35.31,25.78,0.95,4,-1,-1
179,167,504.75,42.08,50.56,21.03,0.98,4,-1,-1
179,169,169.78,12.38,33.00,26.35,0.75,5,-1,-1
179,84,1181.21,272.35,13.69,26.40,0.92,1,-1,-1
179,75,510.27,223.47,13.66,28.50,0.97,1,-1,-1
179,116,630.64,55.69,12.32,22.73,0.95,1,-1,-1
179,232,1068.87,184.78,12.10,26.33,0.67,1,-1,-1
179,173,1001.61,233.51,12.11,25.08,0.39,1,-1,-1
179,238,993.46,222.23,11.95,29.96,0.61,1,-1,-1
179,126,527.35,12.46,41.12,24.48,0.32,4,-1,-1
179,243,440.11,530.35,17.32,38.99,0.97,1,-1,-1
179,94,1059.80,178.99,11.99,26.95,0.60,1,-1,-1
179,250,206.36,33.55,43.51,25.20,0.23,8,-1,-1
179,255,1005.56,223.07,12.00,27.90,0.34,1,-1,-1
179,256,430.98,507.09,16.85,40.44,0.19,1,-1,-1
179,257,1253.65,1.46,30.25,21.44,0.93,4,-1,-1
179,259,566.25,55.76,12.83,21.98,0.88,1,-1,-1
179,260,1055.59,257.96,18.82,29.07,0.74,1,-1,-1
179,261,1215.80,22.01,10.25,19.80,0.62,10,-1,-1
180,18,1255.84,550.98,103.56,63.43,0.99,4,-1,-1
180,23,1237.58,509.53,120.44,57.10,0.99,4,-1,-1
180,24,467.38,538.71,18.54,35.35,0.98,1,-1,-1
180,25,485.38,564.87,17.97,38.63,0.99,1,-1,-1
180,26,517.59,524.44,17.59,38.51,0.97,1,-1,-1
180,28,507.45,519.51,15.96,35.63,0.98,1,-1,-1
180,31,228.23,518.32,124.14,51.91,1.00,4,-1,-1
180,39,494.80,497.55,17.05,34.49,0.97,1,-1,-1
180,42,260.27,470.16,112.14,47.65,1.00,4,-1,-1
180,47,1168.95,394.84,111.19,57.87,0.99,4,-1,-1
180,48,288.01,419.09,108.02,48.28,1.00,4,-1,-1
180,55,1131.53,345.42,86.78,41.29,0.99,4,-1,-1
180,38,426.58,524.86,17.60,42.12,0.97,1,-1,-1
180,59,700.22,344.86,86.91,41.60,1.00,4,-1,-1
180,60,334.90,333.57,81.92,42.54,1.00,4,-1,-1
180,61,1115.81,301.46,77.03,37.27,0.99,4,-1,-1
180,63,381.68,259.73,78.56,35.19,1.00,4,-1,-1
180,64,700.45,259.63,72.76,28.52,0.99,4,-1,-1
180,65,709.45,276.79,75.26,37.01,0.99,4,-1,-1
180,66,993.85,235.81,11.94,26.32,0.71,1,-1,-1
180,69,1038.83,258.13,18.17,29.97,0.82,1,-1,-1
180,70,1076.53,260.10,76.47,27.72,0.98,4,-1,-1
180,71,1094.34,276.81,80.72,35.69,0.96,4,-1,-1
180,72,1291.97,257.80,67.23,31.98,0.92,4,-1,-1
180,73,385.91,235.85,79.39,34.07,0.99,4,-1,-1
180,74,413.07,202.49,67.75,26.78,0.98,4,-1,-1
180,76,517.21,217.80,41.22,48.79,0.99,4,-1,-1
180,77,686.25,198.47,68.37,29.97,0.99,4,-1,-1
180,78,696.01,219.02,67.42,27.21,0.99,4,-1,-1
180,79,706.78,238.36,61.83,28.44,1.00,4,-1,-1
180,80,1041.70,183.44,14.66,26.96,0.86,1,-1,-1
180,81,1031.64,202.64,73.15,28.77,0.98,4,-1,-1
180,82,1040.57,220.04,75.30,28.69,0.95,4,-1,-1
180,83,1063.27,236.29,70.26,30.32,0.98,4,-1,-1
180,88,715.14,134.23,31.35,33.22,0.97,4,-1,-1
180,89,755.08,136.47,29.84,29.96,0.99,4,-1,-1
180,90,784.27,135.77,32.21,29.30,0.96,4,-1,-1
180,91,820.42,138.14,29.08,30.46,0.86,4,-1,-1
180,92,973.62,135.79,33.69,31.35,0.99,4,-1,-1
180,95,1006.50,135.58,34.26,32.67,0.99,4,-1,-1
180,98,1038.15,139.25,37.68,31.65,0.99,4,-1,-1
180,99,1261.56,136.61,48.56,31.81,0.99,4,-1,-1
180,101,398.23,218.01,72.01,28.33,0.99,4,-1,-1
180,102,683.25,133.54,27.41,28.58,0.98,4,-1,-1
180,104,1163.85,136.22,14.28,26.02,0.54,1,-1,-1
180,105,347.17,308.60,84.77,37.23,1.00,4,-1,-1
180,111,1193.06,274.13,14.76,28.88,0.95,1,-1,-1
180,114,125.35,47.80,56.23,25.70,0.99,4,-1,-1
180,117,472.91,52.43,51.64,22.68,0.98,4,-1,-1
180,119,1015.97,237.72,15.40,27.06,0.89,1,-1,-1
180,123,4.44,18.72,46.13,23.82,0.97,4,-1,-1
180,125,86.92,15.53,48.25,25.46,1.00,4,-1,-1
180,130,1285.04,20.16,27.50,22.93,0.98,4,-1,-1
180,131,1311.52,35.86,39.60,24.68,0.98,4,-1,-1
180,135,-0.48,16.48,21.73,22.94,0.54,4,-1,-1
180,137,440.95,21.04,26.27,21.51,0.98,4,-1,-1
180,138,737.07,18.47,45.36,23.65,0.96,4,-1,-1
180,156,268.90,16.48,34.59,25.38,0.95,4,-1,-1
180,167,501.02,43.24,50.48,21.85,0.97,4,-1,-1
180,169,168.03,13.18,33.53,26.56,0.90,5,-1,-1
180,84,1184.78,276.30,13.70,26.50,0.84,1,-1,-1
180,75,509.82,226.03,13.09,28.85,0.96,1,-1,-1
180,116,629.44,57.27,13.22,22.81,0.91,1,-1,-1
180,232,1070.30,186.98,13.12,25.45,0.71,1,-1,-1
180,173,1003.06,235.31,12.00,26.59,0.55,1,-1,-1
180,238,994.70,224.54,11.95,31.12,0.68,1,-1,-1
180,126,526.73,13.46,41.04,24.85,0.41,4,-1,-1
180,243,438.71,536.30,17.25,39.28,0.94,1,-1,-1
180,94,1062.17,181.32,11.94,26.53,0.58,1,-1,-1
180,250,205.10,34.88,43.36,25.29,0.48,8,-1,-1
180,255,1005.46,226.32,13.10,30.23,0.52,1,-1,-1
180,256,429.50,513.66,16.52,39.18,0.92,1,-1,-1
180,257,1255.68,2.19,29.49,21.86,0.96,4,-1,-1
180,259,564.80,55.83,14.16,23.34,0.68,1,-1,-1
180,260,1057.88,261.25,17.51,28.75,0.70,1,-1,-1
180,262,1063.83,183.25,13.66,25.19,0.60,1,-1,-1
181,18,1260.64,557.91,98.63,62.20,0.96,4,-1,-1
181,23,1241.36,515.46,117.64,56.18,0.99,4,-1,-1
181,24,467.26,545.14,17.66,35.73,0.98,1,-1,-1
181,25,483.41,572.82,17.97,37.99,0.98,1,-1,-1
181,26,517.53,530.41,17.28,38.54,0.97,1,-1,-1
181,28,507.56,524.44,16.18,36.43,0.95,1,-1,-1
181,31,224.37,524.79,125.06,52.70,0.99,4,-1,-1
181,39,494.38,503.50,17.10,34.25,0.96,1,-1,-1
181,42,256.28,475.80,113.83,48.41,1.00,4,-1,-1
181,47,1172.08,399.24,112.50,58.86,0.99,4,-1,-1
181,48,285.49,424.13,107.97,48.10,0.99,4,-1,-1
181,55,1133.85,349.41,87.24,41.49,0.99,4,-1,-1
181,38,425.30,530.72,17.74,42.05,0.95,1,-1,-1
181,59,699.88,348.84,87.73,41.56,0.99,4,-1,-1
181,60,332.49,337.25,82.65,43.28,1.00,4,-1,-1
181,61,1117.76,305.17,78.21,37.55,0.99,4,-1,-1
181,63,379.68,262.46,79.25,35.95,1.00,4,-1,-1
181,64,700.49,262.11,73.33,28.89,0.99,4,-1,-1
181,65,709.22,279.55,75.86,37.72,0.99,4,-1,-1
181,66,994.23,237.91,13.08,26.75,0.44,1,-1,-1
181,69,1040.67,261.07,17.54,29.68,0.66,1,-1,-1
181,70,1078.37,262.94,76.92,28.09,0.97,4,-1,-1
181,71,1096.86,280.07,80.61,35.90,0.98,4,-1,-1
181,72,1295.12,261.01,64.09,31.46,0.91,4,-1,-1
181,73,384.92,238.46,79.42,34.76,0.98,4,-1,-1
181,74,411.03,204.76,69.34,27.19,0.98,4,-1,-1
181,76,516.45,220.02,41.71,48.81,0.97,4,-1,-1
181,77,686.09,200.91,68.42,29.87,1.00,4,-1,-1
181,78,696.17,221.40,67.55,27.34,0.99,4,-1,-1
181,79,706.89,240.86,62.24,28.88,1.00,4,-1,-1
181,80,1044.22,185.23,15.18,26.97,0.72,1,-1,-1
181,81,1033.10,205.10,74.64,29.65,0.96,4,-1,-1
181,82,1042.39,222.98,75.38,28.44,0.96,4,-1,-1
181,83,1065.36,238.39,70.30,30.72,0.98,4,-1,-1
181,88,715.09,135.97,31.55,33.49,0.99,4,-1,-1
181,89,755.22,138.22,29.90,30.24,0.99,4,-1,-1
181,90,784.33,137.49,32.42,30.00,0.95,4,-1,-1
181,91,820.94,139.71,29.63,30.67,0.99,4,-1,-1
181,92,974.38,137.62,34.05,31.17,0.99,4,-1,-1
181,95,1008.14,137.19,34.24,32.74,0.99,4,-1,-1
181,98,1039.23,140.91,37.68,31.83,0.99,4,-1,-1
181,99,1263.74,138.88,49.25,31.27,1.00,4,-1,-1
181,101,396.89,220.53,72.22,28.00,0.98,4,-1,-1
181,102,683.39,135.26,27.36,29.05,0.99,4,-1,-1
181,104,1166.15,138.21,15.03,26.45,0.48,1,-1,-1
181,105,343.76,312.04,86.72,37.26,0.99,4,-1,-1
181,111,1196.70,278.87,14.12,28.48,0.97,1,-1,-1
181,114,121.09,49.42,56.28,24.83,1.00,4,-1,-1
181,117,464.77,53.71,52.04,22.82,0.99,4,-1,-1
181,119,1017.61,239.92,15.40,26.99,0.78,1,-1,-1
181,123,3.06,19.49,45.39,23.99,0.94,4,-1,-1
181,125,85.11,16.58,48.87,25.56,1.00,4,-1,-1
181,130,1286.80,21.20,28.49,22.88,0.98,4,-1,-1
181,131,1312.73,37.38,40.57,24.12,0.97,4,-1,-1
181,135,-0.29,17.45,16.88,22.05,0.25,4,-1,-1
181,137,440.41,21.86,26.40,21.53,0.98,4,-1,-1
181,138,737.51,19.35,44.79,23.56,0.96,4,-1,-1
181,156,267.60,17.52,34.88,25.63,0.90,4,-1,-1
181,167,496.99,44.33,51.01,21.88,0.99,4,-1,-1
181,169,166.83,14.37,33.57,26.29,0.95,5,-1,-1
181,84,1187.70,280.31,13.70,26.25,0.89,1,-1,-1
181,75,508.88,228.79,13.45,28.97,0.93,1,-1,-1
181,116,628.51,58.78,13.53,22.63,0.91,1,-1,-1
181,232,1072.48,188.90,13.48,26.27,0.58,1,-1,-1
181,173,1003.56,236.59,13.11,27.68,0.31,1,-1,-1
181,238,994.55,228.38,13.09,31.80,0.66,1,-1,-1
181,126,526.03,14.79,41.57,24.42,0.72,4,-1,-1
181,243,437.42,542.73,17.20,39.38,0.98,1,-1,-1
181,94,1064.11,183.36,13.07,26.65,0.63,1,-1,-1
181,250,203.81,36.30,44.99,25.15,0.47,8,-1,-1
181,255,1006.57,227.96,13.47,30.75,0.51,1,-1,-1
181,256,428.18,520.08,16.66,40.48,0.93,1,-1,-1
181,257,1257.53,3.07,29.18,21.95,0.94,4,-1,-1
181,259,564.46,57.08,13.97,23.14,0.89,1,-1,-1
181,260,1059.69,264.46,17.05,28.29,0.68,1,-1,-1
181,263,1219.22,25.63,10.25,18.61,0.60,1,-1,-1
181,264,1243.12,29.67,10.25,20.49,0.68,10,-1,-1
181,213,1252.85,34.21,10.25,20.41,0.76,1,-1,-1
182,18,1264.60,564.65,94.63,62.31,0.97,4,-1,-1
182,23,1246.12,521.55,113.17,56.38,0.99,4,-1,-1
182,24,466.81,552.07,17.31,35.88,0.99,1,-1,-1
182,25,481.16,581.13,18.55,37.74,0.98,1,-1,-1
182,26,517.07,536.59,17.17,39.68,0.97,1,-1,-1
182,28,506.88,530.52,16.26,37.29,0.97,1,-1,-1
182,31,219.97,531.18,126.26,53.56,1.00,4,-1,-1
182,39,494.08,509.38,17.13,35.31,0.93,1,-1,-1
182,42,252.67,481.60,115.06,48.70,1.00,4,-1,-1
182,47,1175.45,404.62,113.01,58.52,0.99,4,-1,-1
182,48,282.72,429.99,107.68,48.02,1.00,4,-1,-1
182,55,1137.47,353.39,86.28,41.56,1.00,4,-1,-1
182,38,423.99,536.86,17.38,41.46,0.91,1,-1,-1
182,59,699.63,353.00,88.61,42.10,0.99,4,-1,-1
182,60,329.74,341.75,83.51,42.43,0.99,4,-1,-1
182,61,1120.11,308.49,78.66,37.93,0.99,4,-1,-1
182,63,378.20,265.47,78.96,35.95,0.99,4,-1,-1
182,64,700.10,265.42,74.12,29.31,1.00,4,-1,-1
182,65,709.29,282.82,76.10,37.70,0.99,4,-1,-1
182,66,995.42,241.90,13.50,26.63,0.61,1,-1,-1
182,69,1042.99,264.10,18.42,29.58,0.77,1,-1,-1
182,70,1080.11,266.20,77.10,28.23,0.98,4,-1,-1
182,71,1098.30,283.35,81.71,35.97,0.98,4,-1,-1
182,72,1298.53,263.83,60.67,31.84,0.87,4,-1,-1
182,73,383.12,241.71,79.58,34.17,0.99,4,-1,-1
182,74,409.67,207.38,69.25,26.85,1.00,4,-1,-1
182,76,515.45,222.97,41.90,49.66,0.94,4,-1,-1
182,77,685.61,203.36,69.02,30.55,1.00,4,-1,-1
182,78,695.82,224.53,68.17,26.82,0.99,4,-1,-1
182,79,706.25,244.03,62.97,28.47,1.00,4,-1,-1
182,80,1047.30,187.33,14.28,27.12,0.68,1,-1,-1
182,81,1035.26,207.46,72.98,29.35,0.98,4,-1,-1
182,82,1044.12,225.31,75.41,29.19,0.96,4,-1,-1
182,83,1067.19,242.22,71.45,30.30,0.96,4,-1,-1
182,88,715.23,138.01,31.64,33.60,0.98,4,-1,-1
182,89,755.15,140.19,30.50,30.49,0.99,4,-1,-1
182,90,784.80,139.59,32.50,30.26,0.97,4,-1,-1
182,91,821.29,141.89,29.84,30.61,0.99,4,-1,-1
182,92,975.13,139.67,34.19,31.10,0.99,4,-1,-1
182,95,1009.23,139.09,34.25,32.62,0.99,4,-1,-1
182,98,1040.68,142.89,37.68,31.89,0.99,4,-1,-1
182,99,1265.63,140.65,49.52,31.78,0.98,4,-1,-1
182,101,395.39,222.60,72.87,29.01,1.00,4,-1,-1
182,102,683.03,137.08,27.92,29.37,0.97,4,-1,-1
182,104,1168.07,140.52,15.31,27.32,0.26,1,-1,-1
182,105,341.48,315.74,86.91,37.83,0.99,4,-1,-1
182,111,1200.27,282.97,13.85,28.32,0.94,1,-1,-1
182,114,116.09,50.64,56.87,24.82,1.00,4,-1,-1
182,117,456.38,55.25,51.64,22.66,0.99,4,-1,-1
182,119,1018.15,242.97,16.53,27.25,0.71,1,-1,-1
182,123,1.01,20.57,45.12,24.45,0.95,4,-1,-1
182,125,83.05,17.84,48.69,25.38,1.00,4,-1,-1
182,130,1288.55,22.27,28.86,22.80,0.99,4,-1,-1
182,131,1315.40,38.43,39.81,24.09,0.97,4,-1,-1
182,137,439.74,23.28,25.89,21.26,0.97,4,-1,-1
182,138,737.54,20.20,44.57,23.73,0.97,4,-1,-1
182,156,265.90,18.70,36.13,26.07,0.93,4,-1,-1
182,167,493.14,45.71,50.65,21.68,0.99,4,-1,-1
182,169,164.94,15.50,32.60,26.39,0.92,5,-1,-1
182,84,1191.55,284.55,13.70,25.87,0.91,1,-1,-1
182,75,507.54,231.66,13.02,28.46,0.96,1,-1,-1
182,116,627.46,60.28,13.65,22.49,0.93,1,-1,-1
182,232,1074.33,191.12,13.62,26.15,0.54,1,-1,-1
182,238,995.55,229.96,13.51,29.82,0.61,1,-1,-1
182,126,525.87,16.43,40.65,23.51,0.80,4,-1,-1
182,243,435.13,549.37,17.75,39.98,0.96,1,-1,-1
182,94,1066.99,185.56,13.49,26.84,0.45,1,-1,-1
182,250,202.03,37.36,44.42,25.67,0.64,8,-1,-1
182,255,1008.05,230.35,13.62,30.37,0.47,1,-1,-1
182,256,426.72,526.99,17.58,42.68,0.97,1,-1,-1
182,257,1258.72,3.91,30.25,22.28,0.94,4,-1,-1
182,259,564.65,58.59,12.56,22.93,0.92,1,-1,-1
182,260,1061.39,267.53,16.96,28.16,0.79,1,-1,-1
182,213,1254.62,35.74,10.28,20.32,0.70,1,-1,-1
183,18,1270.50,572.02,88.53,61.77,0.97,4,-1,-1
183,23,1250.55,528.42,109.15,56.45,0.99,4,-1,-1
183,24,465.92,558.84,17.74,35.92,0.99,1,-1,-1
183,25,479.09,589.51,18.75,38.21,0.97,1,-1,-1
183,26,517.02,543.09,17.12,40.09,0.97,1,-1,-1
183,28,506.75,536.99,16.28,37.04,0.97,1,-1,-1
183,31,216.72,538.27,126.58,53.31,0.99,4,-1,-1
183,39,494.11,515.78,17.12,36.26,0.97,1,-1,-1
183,42,249.35,487.66,115.46,49.36,1.00,4,-1,-1
183,47,1178.29,409.17,114.25,59.36,0.99,4,-1,-1
183,48,279.85,434.56,108.64,48.97,1.00,4,-1,-1
183,55,1140.44,357.57,87.00,42.13,1.00,4,-1,-1
183,38,422.71,543.60,17.08,40.64,0.93,1,-1,-1
183,59,699.64,357.04,89.47,42.58,1.00,4,-1,-1
183,60,327.99,345.59,83.22,42.95,1.00,4,-1,-1
183,61,1122.61,312.15,78.78,38.07,0.99,4,-1,-1
183,63,376.21,268.94,79.66,35.94,0.99,4,-1,-1
183,64,700.06,268.49,74.39,29.18,0.98,4,-1,-1
183,65,709.14,286.58,76.72,37.40,0.99,4,-1,-1
183,66,996.44,244.88,13.66,26.57,0.66,1,-1,-1
183,69,1044.94,266.84,17.62,30.38,0.66,1,-1,-1
183,70,1082.40,268.89,77.12,28.56,0.98,4,-1,-1
183,71,1101.03,286.75,82.08,35.99,0.98,4,-1,-1
183,72,1301.33,266.66,58.31,32.26,0.80,4,-1,-1
183,73,381.99,244.87,79.17,34.21,0.98,4,-1,-1
183,74,408.41,209.97,69.31,27.49,0.99,4,-1,-1
183,76,514.71,225.76,41.38,49.69,0.98,4,-1,-1
183,77,685.55,205.93,69.22,31.01,0.99,4,-1,-1
183,78,696.09,226.99,68.38,27.76,0.99,4,-1,-1
183,79,706.39,247.07,63.22,28.60,0.98,4,-1,-1
183,80,1049.53,189.20,15.05,27.73,0.87,1,-1,-1
183,81,1036.62,210.04,74.55,29.44,0.98,4,-1,-1
183,82,1045.87,228.22,75.38,28.62,0.96,4,-1,-1
183,83,1069.53,245.72,70.72,29.84,0.97,4,-1,-1
183,88,715.40,139.83,31.65,33.90,0.99,4,-1,-1
183,89,755.51,142.20,30.71,30.72,0.99,4,-1,-1
183,90,785.35,141.51,32.52,30.35,0.98,4,-1,-1
183,91,821.79,143.42,29.91,31.43,0.99,4,-1,-1
183,92,976.56,141.46,34.22,31.34,0.98,4,-1,-1
183,95,1010.77,140.75,34.23,33.27,0.99,4,-1,-1
183,98,1041.78,144.59,38.80,32.18,0.98,4,-1,-1
183,99,1268.50,142.51,49.59,31.82,0.98,4,-1,-1
183,101,393.51,225.75,73.79,28.54,0.99,4,-1,-1
183,102,682.45,138.96,28.68,29.76,0.99,4,-1,-1
183,104,1170.41,142.78,14.28,26.23,0.45,1,-1,-1
183,105,340.33,319.45,85.80,37.76,0.99,4,-1,-1
183,111,1203.17,286.93,14.88,28.54,0.96,1,-1,-1
183,114,111.49,51.82,57.06,24.81,1.00,4,-1,-1
183,117,448.59,56.53,50.89,22.53,0.99,4,-1,-1
183,119,1018.90,245.31,16.95,27.90,0.78,1,-1,-1
183,123,-0.37,21.77,44.99,24.61,0.93,4,-1,-1
183,125,81.03,18.95,49.02,24.99,1.00,4,-1,-1
183,130,1290.25,23.35,28.99,22.71,0.99,4,-1,-1
183,131,1317.45,39.26,39.49,24.30,0.98,4,-1,-1
183,137,439.45,24.45,25.11,20.76,0.99,4,-1,-1
183,138,737.68,21.12,45.05,23.92,0.96,4,-1,-1
183,156,264.58,19.70,36.02,25.88,0.95,4,-1,-1
183,167,489.77,46.96,49.92,21.59,0.98,4,-1,-1
183,169,163.38,16.45,32.64,26.51,0.93,5,-1,-1
183,84,1195.13,288.43,13.70,26.29,0.90,1,-1,-1
183,75,506.66,233.83,13.43,29.40,0.94,1,-1,-1
183,116,627.24,62.02,13.12,21.79,0.93,1,-1,-1
183,232,1076.65,193.03,13.67,26.30,0.74,1,-1,-1
183,238,996.49,232.28,13.66,29.30,0.56,1,-1,-1
183,126,525.45,17.70,40.28,23.07,0.92,4,-1,-1
183,243,433.47,556.02,17.80,40.75,0.95,1,-1,-1
183,94,1070.27,188.10,12.52,26.76,0.48,1,-1,-1
183,250,200.14,38.36,44.30,25.54,0.84,8,-1,-1
183,255,1009.74,232.58,13.67,30.47,0.47,1,-1,-1
183,256,425.65,534.03,17.20,41.22,0.92,1,-1,-1
183,257,1260.25,4.83,30.63,22.53,0.94,4,-1,-1
183,259,564.63,60.53,12.06,22.37,0.96,1,-1,-1
183,260,1062.45,270.39,18.21,28.75,0.79,1,-1,-1
183,213,1256.35,37.49,10.28,19.48,0.79,1,-1,-1
183,265,199.89,38.34,44.50,25.05,0.71,4,-1,-1
184,18,1274.70,578.49,84.11,62.14,0.98,4,-1,-1
184,23,1254.26,535.02,105.37,55.90,0.99,4,-1,-1
184,24,465.11,565.35,17.89,35.93,0.99,1,-1,-1
184,25,477.02,598.26,19.38,38.95,0.99,1,-1,-1
184,26,516.77,549.79,17.09,40.23,0.97,1,-1,-1
184,28,506.48,543.69,16.28,36.92,0.98,1,-1,-1
184,31,212.42,544.61,128.12,54.33,1.00,4,-1,-1
184,39,494.20,522.17,16.55,36.62,0.98,1,-1,-1
184,42,246.20,493.63,116.12,49.60,1.00,4,-1,-1
184,47,1181.46,413.83,114.66,59.94,0.99,4,-1,-1
184,48,276.57,439.86,109.53,48.90,0.99,4,-1,-1
184,55,1142.55,361.84,88.36,42.06,1.00,4,-1,-1
184,38,421.36,550.95,16.81,40.32,0.96,1,-1,-1
184,59,699.68,360.94,89.76,43.04,0.99,4,-1,-1
184,60,325.53,349.55,83.92,43.70,1.00,4,-1,-1
184,61,1125.13,315.55,78.79,38.39,0.99,4,-1,-1
184,63,374.34,272.24,80.32,35.93,0.99,4,-1,-1
184,64,700.10,271.65,74.45,29.69,0.99,4,-1,-1
184,65,709.13,289.42,77.49,38.41,0.99,4,-1,-1
184,66,998.45,247.76,13.71,26.54,0.61,1,-1,-1
184,69,1046.73,269.63,17.28,30.67,0.59,1,-1,-1
184,70,1084.87,272.50,77.09,28.11,0.98,4,-1,-1
184,71,1103.09,290.19,82.18,35.98,0.98,4,-1,-1
184,72,1303.89,269.35,55.17,32.70,0.65,4,-1,-1
184,73,379.88,247.49,80.26,35.08,0.99,4,-1,-1
184,74,406.68,212.40,70.44,28.29,0.99,4,-1,-1
184,76,513.69,228.12,41.73,50.24,0.86,4,-1,-1
184,77,685.58,208.22,69.83,31.46,0.99,4,-1,-1
184,78,695.96,229.24,68.99,27.82,0.99,4,-1,-1
184,79,706.21,249.52,64.42,29.49,0.99,4,-1,-1
184,80,1053.63,191.77,13.09,25.42,0.87,1,-1,-1
184,81,1038.19,212.72,75.11,29.81,0.99,4,-1,-1
184,82,1047.58,230.66,75.34,28.96,0.96,4,-1,-1
184,83,1070.32,248.08,71.53,30.79,0.98,4,-1,-1
184,88,715.22,141.67,32.21,34.15,0.98,4,-1,-1
184,89,755.96,143.97,30.21,30.65,0.98,4,-1,-1
184,90,785.87,143.45,32.51,30.24,0.98,4,-1,-1
184,91,822.26,145.72,29.92,31.17,0.99,4,-1,-1
184,92,978.19,143.16,34.22,31.85,0.99,4,-1,-1
184,95,1012.43,142.55,34.21,33.50,0.99,4,-1,-1
184,98,1043.26,146.82,39.20,32.14,0.99,4,-1,-1
184,99,1270.57,143.97,50.74,33.11,0.99,4,-1,-1
184,101,392.25,228.67,73.40,29.20,0.99,4,-1,-1
184,102,682.29,141.02,28.40,29.62,0.99,4,-1,-1
184,104,1172.31,144.15,15.02,26.96,0.68,1,-1,-1
184,105,338.24,323.36,86.76,38.57,0.99,4,-1,-1
184,111,1206.92,290.84,15.25,28.61,0.96,1,-1,-1
184,114,107.47,53.14,56.69,24.88,1.00,4,-1,-1
184,117,440.37,57.75,50.58,22.61,0.99,4,-1,-1
184,119,1020.24,248.38,15.98,27.02,0.83,1,-1,-1
184,123,-0.74,22.75,43.55,24.77,0.90,4,-1,-1
184,125,79.28,19.98,49.23,25.10,1.00,4,-1,-1
184,130,1291.90,24.45,29.03,22.88,0.98,4,-1,-1
184,131,1319.79,39.92,38.22,25.34,0.94,4,-1,-1
184,137,438.90,25.38,25.40,21.08,0.99,4,-1,-1
184,138,737.77,22.17,45.78,24.40,0.96,4,-1,-1
184,156,263.14,20.84,36.53,26.61,0.96,4,-1,-1
184,167,485.60,48.28,50.78,21.62,0.96,4,-1,-1
184,169,162.01,17.56,33.36,26.43,0.98,5,-1,-1
184,84,1198.58,292.88,13.69,26.43,0.96,1,-1,-1
184,75,505.59,236.52,13.57,29.75,0.89,1,-1,-1
184,116,626.69,63.24,12.91,21.89,0.95,1,-1,-1
184,232,1079.69,195.11,12.54,25.79,0.76,1,-1,-1
184,238,998.47,234.50,13.71,29.11,0.58,1,-1,-1
184,126,525.41,18.44,40.14,23.40,0.80,4,-1,-1
184,243,432.27,562.75,17.95,41.03,0.97,1,-1,-1
184,94,1073.69,190.63,12.13,26.44,0.71,1,-1,-1
184,250,198.37,40.00,44.94,25.90,0.57,8,-1,-1
184,255,1011.46,235.33,13.68,29.64,0.43,1,-1,-1
184,256,425.10,541.52,16.74,38.85,0.90,1,-1,-1
184,257,1262.43,5.93,30.76,22.60,0.92,4,-1,-1
184,259,564.07,62.01,11.91,22.86,0.93,1,-1,-1
184,260,1065.12,273.94,17.44,28.64,0.65,1,-1,-1
184,213,1258.57,38.90,10.27,19.99,0.57,1,-1,-1
184,265,198.23,40.32,43.80,24.94,0.51,4,-1,-1
185,18,1278.39,585.57,80.35,61.72,0.97,4,-1,-1
185,23,1258.98,541.59,100.56,56.83,0.98,4,-1,-1
185,24,464.13,572.18,17.95,37.07,0.98,1,-1,-1
185,25,475.04,606.74,19.06,40.92,0.99,1,-1,-1
185,26,515.70,556.98,17.66,39.72,0.98,1,-1,-1
185,28,505.41,550.61,16.28,37.44,0.98,1,-1,-1
185,31,207.91,552.49,129.27,54.14,0.99,4,-1,-1
185,39,493.56,528.67,16.90,36.75,0.99,1,-1,-1
185,42,242.26,499.99,116.37,50.25,1.00,4,-1,-1
185,47,1184.83,419.55,115.94,59.45,0.99,4,-1,-1
185,48,273.28,445.41,109.87,49.43,1.00,4,-1,-1
185,55,1145.53,366.02,88.87,42.59,0.99,4,-1,-1
185,38,419.93,558.09,17.86,40.78,0.97,1,-1,-1
185,59,699.62,365.13,90.43,43.49,0.99,4,-1,-1
185,60,322.83,354.17,84.20,43.13,1.00,4,-1,-1
185,61,1127.14,319.40,79.92,38.51,1.00,4,-1,-1
185,63,372.14,275.64,81.13,36.21,0.99,4,-1,-1
185,64,700.03,274.72,75.04,29.04,0.98,4,-1,-1
185,65,709.04,293.21,77.78,38.23,0.99,4,-1,-1
185,66,1000.29,250.44,13.73,26.53,0.78,1,-1,-1
185,69,1049.03,272.56,17.16,31.06,0.85,1,-1,-1
185,70,1086.29,275.45,78.21,28.50,0.97,4,-1,-1
185,71,1104.92,293.50,83.34,36.83,0.98,4,-1,-1
185,72,1307.68,272.94,51.77,32.02,0.57,4,-1,-1
185,73,377.72,250.36,80.54,35.68,0.99,4,-1,-1
185,74,405.92,215.55,69.18,27.83,0.98,4,-1,-1
185,76,512.65,230.61,41.87,51.30,0.92,4,-1,-1
185,77,685.23,210.55,70.63,32.19,0.99,4,-1,-1
185,78,695.82,232.68,69.23,28.12,0.99,4,-1,-1
185,79,706.62,252.60,63.75,29.54,0.99,4,-1,-1
185,80,1055.63,194.21,13.47,26.48,0.92,1,-1,-1
185,81,1039.84,215.26,74.19,29.46,0.98,4,-1,-1
185,82,1049.29,233.18,76.46,29.08,0.97,4,-1,-1
185,83,1072.25,251.27,71.83,30.30,0.98,4,-1,-1
185,88,715.36,143.54,31.86,34.38,0.98,4,-1,-1
185,89,755.76,145.96,30.59,30.63,0.98,4,-1,-1
185,90,785.70,145.16,33.08,30.62,0.98,4,-1,-1
185,91,822.08,148.12,30.50,31.35,0.98,4,-1,-1
185,92,978.74,145.12,35.36,32.18,0.99,4,-1,-1
185,95,1012.98,144.55,35.34,33.59,0.99,4,-1,-1
185,98,1044.33,148.28,39.35,32.69,0.99,4,-1,-1
185,99,1272.43,145.69,51.17,33.59,0.99,4,-1,-1
185,101,390.56,231.37,73.82,29.72,0.99,4,-1,-1
185,102,682.42,142.99,28.29,29.71,0.99,4,-1,-1
185,104,1175.23,146.49,14.16,27.08,0.46,1,-1,-1
185,105,335.38,327.14,87.69,38.87,0.99,4,-1,-1
185,111,1211.07,295.15,14.28,29.21,0.97,1,-1,-1
185,114,102.80,54.58,56.83,24.90,0.99,4,-1,-1
185,117,431.61,58.55,51.76,23.36,0.99,4,-1,-1
185,119,1021.82,250.71,15.59,26.96,0.88,1,-1,-1
185,123,-1.11,23.51,42.18,25.01,0.89,4,-1,-1
185,125,77.02,20.76,49.35,25.56,1.00,4,-1,-1
185,130,1294.19,25.25,29.05,23.16,0.97,4,-1,-1
185,131,1321.77,40.95,36.59,24.68,0.94,4,-1,-1
185,137,438.00,26.52,24.94,20.92,0.98,4,-1,-1
185,138,737.44,23.11,46.06,24.90,0.95,4,-1,-1
185,156,261.61,21.84,35.59,26.29,0.93,4,-1,-1
185,167,480.08,49.33,52.24,21.96,0.98,4,-1,-1
185,169,160.15,18.52,33.64,26.98,0.99,5,-1,-1
185,84,1200.91,297.67,14.82,27.06,0.88,1,-1,-1
185,75,504.53,239.28,13.63,30.44,0.93,1,-1,-1
185,116,626.41,64.11,11.69,22.36,0.98,1,-1,-1
185,232,1082.45,197.49,12.11,26.03,0.85,1,-1,-1
185,238,999.17,236.94,13.73,28.76,0.73,1,-1,-1
185,126,524.71,19.05,41.24,24.14,0.79,4,-1,-1
185,243,430.61,570.51,18.56,41.13,0.97,1,-1,-1
185,94,1076.56,192.47,11.99,27.25,0.82,1,-1,-1
185,250,196.51,41.21,45.26,25.79,0.30,8,-1,-1
185,255,1012.62,238.25,14.83,29.59,0.60,1,-1,-1
185,256,423.81,549.01,16.71,39.73,0.80,1,-1,-1
185,257,1264.35,6.85,30.80,22.57,0.94,4,-1,-1
185,259,563.50,62.92,11.87,23.25,0.93,1,-1,-1
185,260,1067.18,277.13,17.15,28.61,0.84,1,-1,-1
185,213,1261.05,40.08,10.27,20.02,0.75,1,-1,-1
185,265,196.93,41.13,43.43,25.09,0.28,4,-1,-1
185,266,524.23,18.49,41.84,24.81,0.64,5,-1,-1
185,267,1252.52,34.69,10.25,19.85,0.61,1,-1,-1
185,173,1000.76,242.89,13.65,31.61,0.77,1,-1,-1
186,18,1283.13,593.65,75.60,62.12,0.97,4,-1,-1
186,23,1262.90,548.64,96.53,56.59,0.98,4,-1,-1
186,24,462.72,579.14,18.54,37.48,0.97,1,-1,-1
186,25,473.03,616.23,18.93,41.66,1.00,1,-1,-1
186,26,514.81,564.65,17.87,38.93,0.97,1,-1,-1
186,28,505.08,558.17,16.27,36.50,0.97,1,-1,-1
186,31,203.17,559.59,130.51,55.17,1.00,4,-1,-1
186,39,493.11,535.51,17.04,36.79,0.97,1,-1,-1
186,42,238.41,506.81,117.01,50.46,0.99,4,-1,-1
186,47,1188.87,424.94,116.40,59.79,0.99,4,-1,-1
186,48,269.79,451.10,110.82,50.17,1.00,4,-1,-1
186,55,1148.30,370.42,90.18,43.05,1.00,4,-1,-1
186,38,418.51,564.59,17.96,42.08,0.96,1,-1,-1
186,59,699.63,370.01,90.67,43.07,1.00,4,-1,-1
186,60,320.10,358.42,85.13,43.75,1.00,4,-1,-1
186,61,1130.10,323.27,80.34,38.81,0.99,4,-1,-1
186,63,370.70,279.02,81.01,36.31,0.99,4,-1,-1
186,64,700.04,278.08,75.25,29.92,0.99,4,-1,-1
186,65,709.32,296.99,77.88,38.14,0.99,4,-1,-1
186,66,1002.65,253.21,12.61,25.95,0.65,1,-1,-1
186,69,1050.99,276.25,17.11,30.08,0.88,1,-1,-1
186,70,1089.04,279.00,78.62,28.91,0.99,4,-1,-1
186,71,1108.39,297.32,82.64,36.57,0.98,4,-1,-1
186,72,1311.28,276.15,48.28,32.04,0.67,4,-1,-1
186,73,376.01,253.69,80.77,35.61,0.99,4,-1,-1
186,74,402.88,218.15,71.53,28.05,0.98,4,-1,-1
186,76,510.91,233.50,42.48,51.40,0.97,4,-1,-1
186,77,685.12,213.44,70.93,31.82,1.00,4,-1,-1
186,78,695.52,235.34,69.87,28.22,1.00,4,-1,-1
186,79,706.24,255.98,64.61,29.55,0.99,4,-1,-1
186,80,1058.03,196.68,13.60,26.49,0.89,1,-1,-1
186,81,1041.56,217.76,74.95,29.80,0.98,4,-1,-1
186,82,1051.59,236.02,75.74,29.68,0.98,4,-1,-1
186,83,1074.63,254.08,71.93,30.66,0.96,4,-1,-1
186,88,714.85,145.65,32.29,34.17,0.97,4,-1,-1
186,89,756.26,148.03,30.17,30.61,0.99,4,-1,-1
186,90,786.20,147.26,32.72,30.61,0.98,4,-1,-1
186,91,822.85,149.98,30.15,31.55,0.96,4,-1,-1
186,92,979.48,147.08,35.78,32.16,0.98,4,-1,-1
186,95,1014.85,146.52,34.64,33.61,0.99,4,-1,-1
186,98,1046.38,150.47,38.27,32.61,0.99,4,-1,-1
186,99,1274.75,147.46,51.33,33.62,0.99,4,-1,-1
186,101,388.73,234.08,74.39,30.19,0.98,4,-1,-1
186,102,682.78,145.27,27.68,29.45,0.98,4,-1,-1
186,104,1176.82,148.28,14.98,27.41,0.46,1,-1,-1
186,105,333.43,331.07,88.03,39.24,0.99,4,-1,-1
186,111,1214.24,299.86,15.04,29.99,0.94,1,-1,-1
186,114,97.79,56.61,57.55,24.33,1.00,4,-1,-1
186,117,422.66,60.09,51.63,23.14,0.99,4,-1,-1
186,119,1022.95,253.22,15.45,26.64,0.80,1,-1,-1
186,123,-1.04,24.79,39.70,25.12,0.79,4,-1,-1
186,125,74.95,22.30,49.29,25.13,1.00,4,-1,-1
186,130,1296.10,26.05,29.06,23.41,0.99,4,-1,-1
186,131,1322.97,42.18,36.00,24.04,0.94,4,-1,-1
186,137,436.99,27.78,25.21,20.65,0.99,4,-1,-1
186,138,737.59,24.35,46.16,24.90,0.94,4,-1,-1
186,156,260.54,22.95,34.94,25.84,0.95,4,-1,-1
186,167,476.16,50.93,51.67,21.76,0.99,4,-1,-1
186,169,158.04,20.18,33.88,26.74,0.96,5,-1,-1
186,84,1204.52,302.57,15.24,27.57,0.85,1,-1,-1
186,75,503.64,242.27,13.66,30.14,0.82,1,-1,-1
186,116,625.77,65.72,11.23,22.53,0.98,1,-1,-1
186,232,1085.11,199.66,11.96,25.47,0.82,1,-1,-1
186,238,1000.54,238.92,12.61,29.20,0.77,1,-1,-1
186,126,523.62,20.21,41.65,23.39,0.59,4,-1,-1
186,243,429.12,578.10,18.93,41.15,0.97,1,-1,-1
186,94,1078.68,195.63,11.95,26.84,0.78,1,-1,-1
186,250,194.19,42.64,45.08,25.58,0.82,8,-1,-1
186,255,1014.70,240.69,14.15,29.00,0.43,1,-1,-1
186,256,421.73,556.76,17.28,43.47,0.92,1,-1,-1
186,257,1265.57,7.80,30.82,22.37,0.98,4,-1,-1
186,259,562.73,64.42,12.47,23.39,0.92,1,-1,-1
186,260,1070.23,280.20,15.86,28.60,0.88,1,-1,-1
186,213,1263.02,41.38,10.27,20.49,0.55,1,-1,-1
186,265,193.78,42.97,45.45,25.26,0.18,6,-1,-1
186,266,523.19,19.80,41.90,23.69,0.68,5,-1,-1
186,268,1302.89,99.41,11.95,22.04,0.74,1,-1,-1
187,18,1288.00,601.67,70.49,61.69,0.98,4,-1,-1
187,23,1267.48,555.17,91.61,58.19,0.97,4,-1,-1
187,24,461.41,586.11,18.75,38.19,0.98,1,-1,-1
187,25,470.96,626.34,18.87,41.36,0.99,1,-1,-1
187,26,513.37,572.20,19.07,39.19,0.98,1,-1,-1
187,28,504.42,565.41,16.83,35.54,0.94,1,-1,-1
187,31,198.74,567.16,131.54,55.54,1.00,4,-1,-1
187,39,492.14,542.19,17.64,37.36,0.99,1,-1,-1
187,42,234.65,513.76,117.75,51.09,1.00,4,-1,-1
187,47,1192.94,430.21,115.36,60.32,0.99,4,-1,-1
187,48,266.30,457.38,111.41,49.86,1.00,4,-1,-1
187,55,1150.23,374.66,91.74,43.77,0.99,4,-1,-1
187,38,416.68,572.50,18.55,41.99,0.95,1,-1,-1
187,59,699.35,374.11,90.71,43.74,0.99,4,-1,-1
187,60,317.28,362.68,86.00,44.81,1.00,4,-1,-1
187,61,1132.13,327.06,81.58,39.20,0.99,4,-1,-1
187,63,368.34,282.44,81.76,36.61,0.99,4,-1,-1
187,64,699.76,281.53,75.29,29.67,0.98,4,-1,-1
187,65,708.85,300.72,79.01,38.38,0.99,4,-1,-1
187,66,1004.56,256.77,13.32,25.43,0.67,1,-1,-1
187,69,1052.68,279.31,17.09,30.54,0.73,1,-1,-1
187,70,1091.02,281.99,78.73,29.34,0.98,4,-1,-1
187,71,1110.06,300.96,83.46,36.73,0.98,4,-1,-1
187,72,1313.39,279.31,45.98,32.32,0.60,4,-1,-1
187,73,373.69,256.55,81.53,35.85,0.99,4,-1,-1
187,74,401.75,221.11,71.10,27.35,1.00,4,-1,-1
187,76,509.50,236.22,43.25,51.97,0.97,4,-1,-1
187,77,684.53,216.04,71.00,31.95,1.00,4,-1,-1
187,78,695.40,238.41,70.08,28.25,1.00,4,-1,-1
187,79,705.82,259.16,64.90,29.26,1.00,4,-1,-1
187,80,1060.99,198.75,12.50,25.35,0.83,1,-1,-1
187,81,1042.61,220.39,75.20,29.64,0.99,4,-1,-1
187,82,1052.85,239.05,76.56,29.61,0.96,4,-1,-1
187,83,1075.91,257.22,73.06,30.78,0.97,4,-1,-1
187,88,714.95,147.50,32.43,34.64,0.98,4,-1,-1
187,89,756.44,149.80,30.56,31.30,0.97,4,-1,-1
187,90,786.65,149.12,33.14,31.16,0.94,4,-1,-1
187,91,823.10,151.89,30.57,31.90,0.94,4,-1,-1
187,92,980.21,148.70,35.92,32.55,0.99,4,-1,-1
187,95,1015.41,148.36,35.48,33.89,0.99,4,-1,-1
187,98,1047.01,152.46,38.98,32.70,0.99,4,-1,-1
187,99,1277.07,149.38,51.36,33.90,0.99,4,-1,-1
187,101,386.64,236.29,75.56,30.64,1.00,4,-1,-1
187,102,682.35,147.33,28.01,29.62,0.98,4,-1,-1
187,104,1178.35,150.48,15.26,27.80,0.15,1,-1,-1
187,105,330.62,334.95,89.24,39.65,1.00,4,-1,-1
187,111,1217.42,304.66,15.30,30.27,0.95,1,-1,-1
187,114,92.88,58.12,57.93,24.47,1.00,4,-1,-1
187,117,413.59,61.23,51.98,23.47,0.98,4,-1,-1
187,119,1024.36,255.97,15.39,27.09,0.75,1,-1,-1
187,123,-0.49,26.14,37.07,25.05,0.89,4,-1,-1
187,125,72.72,23.41,49.63,25.49,1.00,4,-1,-1
187,130,1297.72,26.92,29.05,23.79,0.98,4,-1,-1
187,131,1324.32,43.08,34.62,24.80,0.90,4,-1,-1
187,137,436.03,28.68,25.44,20.79,0.97,4,-1,-1
187,138,737.65,25.40,46.18,24.97,0.95,4,-1,-1
187,156,259.07,24.44,34.97,25.33,0.96,4,-1,-1
187,167,471.81,52.06,51.98,22.14,0.97,4,-1,-1
187,169,156.01,21.44,33.81,26.70,0.85,5,-1,-1
187,84,1208.43,307.44,14.28,27.75,0.83,1,-1,-1
187,75,502.83,245.16,13.66,30.29,0.50,1,-1,-1
187,116,625.02,67.32,11.07,22.45,0.97,1,-1,-1
187,232,1087.03,202.18,11.91,25.69,0.75,1,-1,-1
187,238,1000.91,241.77,13.32,28.50,0.70,1,-1,-1
187,126,523.02,21.35,41.79,23.20,0.55,4,-1,-1
187,243,427.41,585.87,19.48,40.57,0.95,1,-1,-1
187,94,1081.54,198.18,11.93,26.46,0.76,1,-1,-1
187,250,192.70,43.90,44.42,24.98,0.64,8,-1,-1
187,255,1016.51,243.42,13.85,28.47,0.38,1,-1,-1
187,256,420.49,564.28,17.76,42.62,0.94,1,-1,-1
187,257,1266.37,8.81,31.94,22.56,0.98,4,-1,-1
187,259,562.24,65.62,12.68,23.64,0.78,1,-1,-1
187,260,1071.69,283.28,16.62,28.88,0.71,1,-1,-1
187,265,192.60,43.94,44.49,25.18,0.59,8,-1,-1
187,266,522.64,21.79,41.92,23.14,0.59,4,-1,-1
187,268,1304.98,100.84,11.97,22.84,0.85,1,-1,-1
187,269,1232.03,0.09,32.44,11.55,0.69,4,-1,-1
188,18,1293.88,610.56,65.30,60.97,0.99,4,-1,-1
188,23,1272.05,562.36,87.62,57.67,0.99,4,-1,-1
188,24,460.32,593.26,19.39,38.46,0.98,1,-1,-1
188,25,468.51,636.06,18.85,41.80,0.99,1,-1,-1
188,26,511.69,580.11,20.07,38.73,0.98,1,-1,-1
188,28,504.14,572.65,17.04,35.18,0.96,1,-1,-1
188,31,193.62,574.82,133.28,56.23,1.00,4,-1,-1
188,39,491.18,549.78,17.88,37.58,0.98,1,-1,-1
188,42,230.68,520.91,118.05,50.76,0.99,4,-1,-1
188,47,1195.65,435.12,117.24,61.22,0.99,4,-1,-1
188,48,261.85,463.16,113.90,50.87,0.99,4,-1,-1
188,55,1154.39,379.04,90.10,44.04,1.00,4,-1,-1
188,38,415.40,580.29,18.78,41.96,0.95,1,-1,-1
188,59,699.53,378.61,91.30,44.28,0.99,4,-1,-1
188,60,314.06,367.41,87.20,44.65,0.99,4,-1,-1
188,61,1134.63,330.57,82.05,39.91,1.00,4,-1,-1
188,63,366.13,286.16,82.48,36.45,0.99,4,-1,-1
188,64,699.93,285.09,75.32,30.42,0.99,4,-1,-1
188,65,708.68,304.52,80.01,38.75,0.99,4,-1,-1
188,66,1006.42,259.64,13.57,26.40,0.77,1,-1,-1
188,69,1054.48,282.55,17.09,30.71,0.83,1,-1,-1
188,70,1092.94,285.49,79.91,29.50,0.98,4,-1,-1
188,71,1111.86,304.28,84.90,37.08,0.98,4,-1,-1
188,72,1316.55,282.58,42.90,32.71,0.63,4,-1,-1
188,73,371.49,259.91,82.81,35.94,0.98,4,-1,-1
188,74,400.00,223.80,71.65,27.93,0.99,4,-1,-1
188,76,510.05,239.24,41.31,51.91,0.84,4,-1,-1
188,77,684.86,218.93,71.03,31.78,1.00,4,-1,-1
188,78,695.35,241.41,70.17,28.26,0.99,4,-1,-1
188,79,706.50,262.62,63.89,29.43,0.98,4,-1,-1
188,80,1063.81,201.21,12.08,25.06,0.86,1,-1,-1
188,81,1044.74,223.05,75.30,30.14,0.99,4,-1,-1
188,82,1054.49,242.29,76.88,30.15,0.96,4,-1,-1
188,83,1077.57,260.36,74.62,31.67,0.98,4,-1,-1
188,88,714.98,149.76,32.50,34.26,0.98,4,-1,-1
188,89,756.78,152.16,30.71,31.14,0.98,4,-1,-1
188,90,787.09,151.43,33.30,31.23,0.97,4,-1,-1
188,91,823.48,153.95,31.29,32.18,0.99,4,-1,-1
188,92,982.20,150.56,34.85,32.98,0.99,4,-1,-1
188,95,1016.79,150.23,35.81,34.27,0.99,4,-1,-1
188,98,1048.98,154.66,39.25,32.59,0.99,4,-1,-1
188,99,1280.27,151.47,51.37,33.87,0.99,4,-1,-1
188,101,384.82,239.97,75.59,30.24,0.99,4,-1,-1
188,102,681.89,149.37,28.70,29.97,0.97,4,-1,-1
188,104,1180.11,151.77,15.38,29.08,0.15,1,-1,-1
188,105,327.54,339.26,89.99,40.08,0.99,4,-1,-1
188,111,1222.59,308.82,14.29,30.66,0.95,1,-1,-1
188,114,87.78,59.39,57.98,25.17,1.00,4,-1,-1
188,117,404.56,62.35,52.26,23.94,0.99,4,-1,-1
188,119,1025.50,258.55,15.38,27.55,0.79,1,-1,-1
188,123,-0.41,27.35,34.39,25.48,0.88,4,-1,-1
188,125,70.08,24.47,50.29,26.09,1.00,4,-1,-1
188,130,1300.11,28.10,29.05,24.07,0.99,4,-1,-1
188,131,1326.63,44.34,32.97,24.72,0.88,4,-1,-1
188,137,435.16,29.94,25.40,21.07,0.97,4,-1,-1
188,138,737.94,26.54,46.19,24.67,0.95,4,-1,-1
188,156,257.13,25.54,35.85,25.76,0.96,4,-1,-1
188,167,467.40,53.71,52.11,21.92,0.98,4,-1,-1
188,169,153.84,22.41,33.94,27.03,0.88,5,-1,-1
188,84,1212.21,311.19,15.04,28.95,0.90,1,-1,-1
188,75,501.35,247.96,14.23,30.92,0.84,1,-1,-1
188,116,624.44,69.01,11.03,22.78,0.96,1,-1,-1
188,232,1090.04,204.66,10.74,25.35,0.73,1,-1,-1
188,238,1002.23,243.96,13.58,29.40,0.68,1,-1,-1
188,126,522.16,22.83,41.86,23.14,0.83,4,-1,-1
188,243,425.62,593.88,19.69,40.35,0.97,1,-1,-1
188,94,1084.89,200.60,10.78,25.96,0.68,1,-1,-1
188,250,190.69,44.80,44.82,25.35,0.80,8,-1,-1
188,255,1018.36,245.84,13.74,30.00,0.28,1,-1,-1
188,256,419.15,571.92,18.22,42.25,0.98,1,-1,-1
188,257,1268.46,9.58,31.25,22.99,0.98,4,-1,-1
188,259,562.01,67.21,11.61,23.02,0.87,1,-1,-1
188,260,1073.99,286.67,16.88,29.28,0.62,1,-1,-1
188,268,1308.92,103.18,10.66,21.78,0.82,1,-1,-1
188,269,1234.09,0.37,32.49,12.28,0.76,4,-1,-1
188,270,572.90,26.73,35.01,24.76,0.63,4,-1,-1
189,18,1299.35,619.10,60.09,61.28,0.98,4,-1,-1
189,23,1276.50,569.73,82.77,58.60,0.99,4,-1,-1
189,24,459.64,601.13,19.08,37.99,0.98,1,-1,-1
189,25,466.51,646.53,18.27,41.40,0.99,1,-1,-1
189,26,510.76,588.56,20.46,37.98,0.98,1,-1,-1
189,28,503.76,580.29,17.12,35.06,0.95,1,-1,-1
189,31,188.19,582.59,135.11,57.05,1.00,4,-1,-1
189,39,490.26,556.70,18.52,38.22,0.98,1,-1,-1
189,42,226.17,527.94,120.12,51.76,1.00,4,-1,-1
189,47,1199.44,440.81,117.94,61.56,0.98,4,-1,-1
189,48,258.14,469.40,113.99,51.81,0.99,4,-1,-1
189,55,1157.06,383.99,90.57,44.13,0.99,4,-1,-1
189,38,415.09,588.39,18.86,41.38,0.93,1,-1,-1
189,59,699.90,383.58,90.95,44.48,0.99,4,-1,-1
189,60,311.65,372.31,87.07,44.58,1.00,4,-1,-1
189,61,1137.82,335.06,82.22,39.89,0.99,4,-1,-1
189,63,363.81,289.99,83.17,36.38,0.99,4,-1,-1
189,64,699.46,288.46,76.45,30.42,0.98,4,-1,-1
189,65,708.63,307.98,80.37,39.17,0.99,4,-1,-1
189,66,1008.25,262.91,13.67,25.91,0.74,1,-1,-1
189,69,1056.28,286.25,17.09,30.50,0.84,1,-1,-1
189,70,1095.34,289.00,80.34,29.56,0.99,4,-1,-1
189,71,1114.22,308.14,85.44,37.20,0.98,4,-1,-1
189,72,1320.59,286.57,38.31,32.30,0.51,4,-1,-1
189,73,369.60,263.06,83.01,36.82,0.98,4,-1,-1
189,74,398.56,226.99,71.84,28.15,0.99,4,-1,-1
189,76,507.76,242.41,42.84,52.44,0.94,4,-1,-1
189,77,684.73,221.64,71.04,32.28,0.99,4,-1,-1
189,78,695.36,244.29,70.76,28.83,1.00,4,-1,-1
189,79,705.93,265.54,65.20,30.06,1.00,4,-1,-1
189,80,1066.52,203.36,13.11,25.69,0.89,1,-1,-1
189,81,1046.68,225.98,75.33,29.76,0.98,4,-1,-1
189,82,1056.23,244.86,78.12,30.63,0.96,4,-1,-1
189,83,1079.88,263.04,75.20,32.57,0.98,4,-1,-1
189,88,715.30,152.11,32.51,34.39,0.96,4,-1,-1
189,89,756.65,154.48,31.34,31.35,0.98,4,-1,-1
189,90,787.29,153.67,33.92,31.53,0.97,4,-1,-1
189,91,823.93,155.87,31.57,32.42,0.98,4,-1,-1
189,92,983.54,152.63,35.57,33.43,0.98,4,-1,-1
189,95,1018.46,152.52,35.92,34.42,0.99,4,-1,-1
189,98,1050.87,156.73,39.34,32.83,0.98,4,-1,-1
189,99,1282.61,153.44,51.37,33.99,0.99,4,-1,-1
189,101,383.06,243.53,75.02,30.08,1.00,4,-1,-1
189,102,681.47,151.29,28.97,30.53,0.98,4,-1,-1
189,104,1183.03,154.61,15.41,28.31,0.14,1,-1,-1
189,105,325.60,343.45,89.98,40.24,0.99,4,-1,-1
189,111,1226.20,313.38,15.03,30.53,0.97,1,-1,-1
189,114,82.69,60.79,57.99,25.01,1.00,4,-1,-1
189,117,394.96,63.46,53.21,24.61,0.99,4,-1,-1
189,119,1027.07,261.45,15.37,27.44,0.82,1,-1,-1
189,123,-0.22,28.41,31.54,26.27,0.83,4,-1,-1
189,125,68.01,26.13,49.84,25.50,1.00,4,-1,-1
189,130,1302.15,29.26,29.05,23.75,0.99,4,-1,-1
189,131,1329.81,45.38,30.04,24.88,0.93,4,-1,-1
189,137,434.03,31.16,25.67,21.21,0.99,4,-1,-1
189,138,737.80,27.61,46.76,24.98,0.93,4,-1,-1
189,156,255.03,26.49,36.74,26.03,0.93,4,-1,-1
189,167,463.07,55.10,52.16,21.69,0.97,4,-1,-1
189,169,151.73,23.79,33.56,27.05,0.95,5,-1,-1
189,84,1216.40,315.47,15.32,28.56,0.87,1,-1,-1
189,75,500.28,250.76,14.45,31.43,0.86,1,-1,-1
189,116,623.12,70.45,12.18,22.98,0.93,1,-1,-1
189,232,1092.24,207.10,11.52,24.94,0.82,1,-1,-1
189,238,1003.87,246.57,13.67,30.01,0.40,1,-1,-1
189,126,521.31,24.16,42.45,23.16,0.77,4,-1,-1
189,243,423.87,602.92,19.76,40.26,0.97,1,-1,-1
189,94,1086.61,203.65,11.54,25.57,0.71,1,-1,-1
189,250,189.14,46.21,43.69,25.42,0.33,8,-1,-1
189,255,1019.61,248.40,14.84,29.44,0.33,1,-1,-1
189,256,417.83,579.39,18.39,41.53,0.97,1,-1,-1
189,257,1271.55,10.47,29.82,23.00,0.98,4,-1,-1
189,259,560.80,68.63,12.40,23.79,0.78,1,-1,-1
189,260,1075.96,289.99,16.98,29.72,0.78,1,-1,-1
189,268,1311.03,104.43,10.22,22.03,0.90,1,-1,-1
189,269,1237.31,0.46,31.20,13.02,0.80,4,-1,-1
190,18,1304.56,627.69,54.87,61.41,0.95,4,-1,-1
190,23,1281.39,577.34,77.60,58.94,0.99,4,-1,-1
190,24,459.13,608.55,18.93,38.93,0.99,1,-1,-1
190,25,463.84,656.84,18.61,41.22,0.99,1,-1,-1
190,26,509.31,596.48,21.15,39.42,0.97,1,-1,-1
190,28,503.62,587.91,17.14,35.01,0.94,1,-1,-1
190,31,183.21,590.48,136.31,57.92,1.00,4,-1,-1
190,39,489.09,563.77,18.76,39.01,0.98,1,-1,-1
190,42,221.23,534.46,122.55,52.13,1.00,4,-1,-1
190,47,1201.85,446.71,121.54,62.24,0.99,4,-1,-1
190,48,254.21,475.39,115.67,52.17,1.00,4,-1,-1
190,55,1159.64,388.65,92.98,44.72,0.99,4,-1,-1
190,38,413.92,596.45,18.59,41.15,0.95,1,-1,-1
190,59,699.19,388.48,92.49,44.55,0.99,4,-1,-1
190,60,309.04,377.14,86.98,44.84,1.00,4,-1,-1
190,61,1139.47,339.43,84.51,39.88,0.99,4,-1,-1
190,63,362.34,293.47,82.41,36.93,0.99,4,-1,-1
190,64,699.01,291.95,76.86,30.70,1.00,4,-1,-1
190,65,708.63,312.06,80.48,38.77,0.99,4,-1,-1
190,66,1010.58,265.85,13.70,26.00,0.81,1,-1,-1
190,69,1058.57,289.92,17.08,30.69,0.88,1,-1,-1
190,70,1097.85,292.59,80.48,29.58,0.99,4,-1,-1
190,71,1117.27,311.86,85.61,37.82,0.98,4,-1,-1
190,72,1324.20,289.67,34.43,33.57,0.40,4,-1,-1
190,73,368.01,266.99,83.19,36.03,0.99,4,-1,-1
190,74,396.84,229.69,72.04,28.23,0.99,4,-1,-1
190,76,506.70,245.40,43.38,52.91,0.95,4,-1,-1
190,77,684.43,224.34,71.59,32.75,1.00,4,-1,-1
190,78,694.82,247.48,71.52,29.04,0.99,4,-1,-1
190,79,705.74,268.58,65.11,30.58,0.99,4,-1,-1
190,80,1068.58,205.91,13.47,24.92,0.96,1,-1,-1
190,81,1047.91,228.38,76.45,30.47,0.98,4,-1,-1
190,82,1057.95,247.83,78.57,31.09,0.94,4,-1,-1
190,83,1081.81,265.90,75.38,32.63,0.98,4,-1,-1
190,88,715.17,154.28,32.51,34.43,0.98,4,-1,-1
190,89,756.90,156.58,31.00,31.57,0.97,4,-1,-1
190,90,787.38,155.74,34.15,31.50,0.98,4,-1,-1
190,91,824.67,158.31,31.09,32.51,0.99,4,-1,-1
190,92,985.14,154.94,34.70,33.17,0.99,4,-1,-1
190,95,1019.61,154.64,35.95,34.61,0.99,4,-1,-1
190,98,1052.10,158.83,39.36,33.34,0.99,4,-1,-1
190,99,1285.08,155.39,52.49,34.88,0.99,4,-1,-1
190,101,380.95,246.79,74.92,30.02,0.99,4,-1,-1
190,102,681.35,153.36,29.06,30.31,0.99,4,-1,-1
190,104,1184.62,156.46,15.42,28.70,0.20,1,-1,-1
190,105,323.16,347.46,89.94,40.86,1.00,4,-1,-1
190,111,1230.23,318.19,15.29,29.90,0.96,1,-1,-1
190,114,77.36,61.95,58.76,24.80,1.00,4,-1,-1
190,117,385.64,64.76,54.54,24.73,0.98,4,-1,-1
190,119,1028.74,264.54,15.36,26.82,0.92,1,-1,-1
190,123,-0.17,29.24,29.39,27.27,0.74,4,-1,-1
190,125,65.11,26.84,50.54,26.27,1.00,4,-1,-1
190,130,1303.41,30.45,30.19,23.13,0.99,4,-1,-1
190,131,1332.02,46.17,27.82,25.39,0.86,4,-1,-1
190,137,432.71,31.93,26.20,21.98,0.99,4,-1,-1
190,138,737.79,28.60,46.96,24.89,0.95,4,-1,-1
190,156,253.81,27.43,36.23,26.10,0.95,4,-1,-1
190,167,458.26,56.30,52.73,21.96,0.99,4,-1,-1
190,169,149.90,24.92,33.54,27.05,0.91,5,-1,-1
190,84,1220.11,320.45,15.41,28.11,0.90,1,-1,-1
190,75,499.66,253.47,13.40,31.06,0.94,1,-1,-1
190,116,622.14,72.29,12.03,22.63,0.93,1,-1,-1
190,232,1094.70,209.84,11.76,25.29,0.75,1,-1,-1
190,238,1006.14,249.42,12.57,30.25,0.63,1,-1,-1
190,126,520.80,25.16,42.09,23.35,0.73,4,-1,-1
190,243,422.56,611.04,19.63,40.22,0.98,1,-1,-1
190,94,1090.03,206.03,11.79,25.78,0.86,1,-1,-1
190,250,187.37,47.20,43.89,25.75,0.30,8,-1,-1
190,255,1020.61,251.64,15.24,28.35,0.48,1,-1,-1
190,256,416.83,586.64,17.88,41.81,0.97,1,-1,-1
190,257,1273.21,11.49,30.43,22.69,0.99,4,-1,-1
190,259,560.72,70.51,11.53,22.72,0.75,1,-1,-1
190,260,1078.31,293.07,17.02,30.16,0.82,1,-1,-1
190,268,1313.42,105.80,10.13,22.00,0.67,1,-1,-1
190,269,1238.59,0.33,30.73,13.83,0.82,4,-1,-1
190,271,1092.00,207.05,11.95,26.89,0.66,1,-1,-1
191,18,1309.72,636.90,49.66,61.45,0.89,4,-1,-1
191,23,1285.86,584.51,73.56,60.19,0.98,4,-1,-1
191,24,458.42,616.75,18.87,39.27,0.99,1,-1,-1
191,25,461.23,667.48,18.74,41.15,0.99,1,-1,-1
191,26,508.22,605.70,20.30,38.81,0.96,1,-1,-1
191,28,503.32,595.63,16.57,34.42,0.90,1,-1,-1
191,31,177.98,598.56,137.70,58.79,1.00,4,-1,-1
191,39,488.68,570.72,18.28,38.75,0.99,1,-1,-1
191,42,217.33,541.77,122.81,52.82,1.00,4,-1,-1
191,47,1206.58,452.45,121.75,63.05,0.99,4,-1,-1
191,48,250.89,481.68,115.14,52.85,1.00,4,-1,-1
191,55,1162.77,393.53,92.74,45.50,0.99,4,-1,-1
191,38,412.41,604.89,18.48,41.63,0.94,1,-1,-1
191,59,698.95,393.01,93.05,44.99,0.99,4,-1,-1
191,60,305.62,381.78,88.06,45.49,1.00,4,-1,-1
191,61,1143.39,343.51,84.23,40.71,0.99,4,-1,-1
191,63,359.48,297.07,83.66,37.42,0.99,4,-1,-1
191,64,699.15,295.42,76.99,30.80,0.99,4,-1,-1
191,65,708.37,315.60,81.06,39.45,0.99,4,-1,-1
191,66,1012.54,269.13,13.70,26.32,0.85,1,-1,-1
191,69,1060.51,293.61,17.08,31.04,0.81,1,-1,-1
191,70,1098.73,296.11,82.77,30.42,0.96,4,-1,-1
191,71,1118.91,315.98,86.78,38.04,0.97,4,-1,-1
191,72,1327.05,293.29,32.12,34.31,0.28,4,-1,-1
191,73,365.81,270.21,83.24,36.27,0.98,4,-1,-1
191,74,394.87,232.46,72.94,28.54,1.00,4,-1,-1
191,76,505.52,248.84,43.57,52.79,0.94,4,-1,-1
191,77,684.06,227.26,72.35,32.64,0.99,4,-1,-1
191,78,695.21,249.86,71.23,29.68,0.99,4,-1,-1
191,79,705.69,271.75,65.62,31.05,0.99,4,-1,-1
191,80,1072.08,208.73,12.48,24.99,0.90,1,-1,-1
191,81,1049.45,231.05,77.99,31.85,0.99,4,-1,-1
191,82,1060.24,251.27,78.72,31.26,0.96,4,-1,-1
191,83,1083.60,269.43,76.56,33.48,0.97,4,-1,-1
191,88,715.43,156.38,31.93,34.73,0.99,4,-1,-1
191,89,757.01,158.65,30.86,31.65,0.99,4,-1,-1
191,90,787.70,157.80,33.66,31.34,0.98,4,-1,-1
191,91,825.52,160.53,30.90,32.25,0.99,4,-1,-1
191,92,986.28,156.90,35.50,33.62,0.99,4,-1,-1
191,95,1021.14,156.45,35.95,34.81,0.99,4,-1,-1
191,98,1054.21,160.85,39.36,33.67,0.99,4,-1,-1
191,99,1288.19,158.06,51.77,34.09,0.99,4,-1,-1
191,101,379.40,249.05,75.44,30.27,0.99,4,-1,-1
191,102,681.61,155.64,28.52,30.22,0.98,4,-1,-1
191,105,320.51,352.08,90.47,40.52,0.99,4,-1,-1
191,111,1234.45,322.84,15.39,31.36,0.92,1,-1,-1
191,114,72.53,63.98,58.75,24.08,1.00,4,-1,-1
191,117,375.82,66.03,55.60,25.47,0.98,4,-1,-1
191,119,1029.88,267.61,15.36,27.16,0.91,1,-1,-1
191,123,-0.03,30.16,26.89,27.14,0.48,4,-1,-1
191,125,62.62,28.07,51.18,26.31,1.00,4,-1,-1
191,130,1305.52,31.46,30.60,23.54,0.98,4,-1,-1
191,131,1333.87,47.40,25.89,25.42,0.85,4,-1,-1
191,137,431.85,32.92,25.97,22.44,0.98,4,-1,-1
191,138,737.80,29.58,47.03,25.02,0.97,4,-1,-1
191,156,252.04,28.61,36.59,26.24,0.97,4,-1,-1
191,167,453.24,57.18,53.50,22.99,0.99,4,-1,-1
191,169,147.90,26.37,33.96,27.05,0.95,5,-1,-1
191,84,1224.20,325.01,15.44,28.78,0.85,1,-1,-1
191,75,498.35,256.37,13.56,30.90,0.90,1,-1,-1
191,116,620.97,73.87,12.54,22.63,0.96,1,-1,-1
191,232,1098.37,211.79,11.86,25.85,0.72,1,-1,-1
191,238,1006.94,251.98,13.30,30.33,0.82,1,-1,-1
191,126,519.80,26.20,42.52,23.68,0.67,4,-1,-1
191,243,420.87,618.92,19.14,40.77,0.97,1,-1,-1
191,94,1092.93,209.06,11.88,25.93,0.71,1,-1,-1
191,250,184.67,48.58,45.81,26.13,0.73,8,-1,-1
191,255,1022.62,254.63,14.27,27.65,0.55,1,-1,-1
191,256,415.10,594.48,17.67,43.05,0.95,1,-1,-1
191,257,1274.91,12.43,30.65,22.93,0.98,4,-1,-1
191,259,559.87,71.96,11.78,22.66,0.85,1,-1,-1
191,260,1080.83,296.54,17.04,30.61,0.81,1,-1,-1
191,268,1315.91,107.78,10.12,21.96,0.27,1,-1,-1
191,269,1240.08,0.28,30.62,14.91,0.87,4,-1,-1
191,272,519.53,26.17,42.69,23.75,0.75,4,-1,-1
192,18,1315.48,645.11,43.21,63.18,0.93,4,-1,-1
192,23,1291.39,591.71,67.51,62.33,0.97,4,-1,-1
192,24,457.28,625.58,18.85,38.83,0.99,1,-1,-1
192,25,459.14,678.29,18.22,39.97,1.00,1,-1,-1
192,26,507.21,614.07,19.38,39.14,0.94,1,-1,-1
192,28,502.01,603.72,16.93,34.78,0.93,1,-1,-1
192,31,172.21,607.38,139.40,59.65,1.00,4,-1,-1
192,39,487.92,578.24,17.52,39.19,0.99,1,-1,-1
192,42,212.75,549.19,124.08,54.18,0.99,4,-1,-1
192,47,1210.46,458.61,121.79,62.76,0.99,4,-1,-1
192,48,245.86,488.17,117.47,53.64,1.00,4,-1,-1
192,55,1165.48,398.54,93.76,45.49,0.99,4,-1,-1
192,38,410.70,612.66,19.01,42.94,0.89,1,-1,-1
192,59,699.06,398.25,92.68,45.13,1.00,4,-1,-1
192,60,302.64,386.83,88.18,46.00,1.00,4,-1,-1
192,61,1145.85,347.39,85.22,41.57,1.00,4,-1,-1
192,63,356.81,301.18,84.26,37.58,1.00,4,-1,-1
192,64,699.11,299.45,77.03,31.11,1.00,4,-1,-1
192,65,707.90,319.78,81.84,39.41,0.99,4,-1,-1
192,66,1014.26,272.06,13.71,26.72,0.85,1,-1,-1
192,69,1062.78,297.10,17.08,31.17,0.88,1,-1,-1
192,70,1101.15,299.67,82.50,30.45,0.99,4,-1,-1
192,71,1121.62,319.47,86.08,38.67,0.98,4,-1,-1
192,72,1330.87,296.30,27.76,34.59,0.42,4,-1,-1
192,73,363.24,273.35,84.10,37.20,0.99,4,-1,-1
192,74,391.95,235.43,74.26,28.64,0.99,4,-1,-1
192,76,503.87,252.04,44.21,53.86,0.86,4,-1,-1
192,77,684.10,230.25,72.06,32.58,1.00,4,-1,-1
192,78,695.26,252.92,71.11,30.18,0.99,4,-1,-1
192,79,705.58,275.53,65.82,30.94,0.99,4,-1,-1
192,80,1075.49,210.99,12.09,25.09,0.86,1,-1,-1
192,81,1051.57,234.04,77.44,31.53,0.99,4,-1,-1
192,82,1061.51,253.69,79.90,31.58,0.97,4,-1,-1
192,83,1085.82,273.15,76.99,33.22,0.98,4,-1,-1
192,88,715.12,158.38,32.29,35.11,0.98,4,-1,-1
192,89,756.93,160.70,30.81,31.67,0.99,4,-1,-1
192,90,787.98,160.05,33.47,30.99,0.98,4,-1,-1
192,91,825.42,162.40,31.40,32.28,0.99,4,-1,-1
192,92,987.12,159.08,35.79,33.78,0.99,4,-1,-1
192,95,1022.69,158.36,35.95,35.30,0.99,4,-1,-1
192,98,1055.42,162.90,39.36,33.79,0.99,4,-1,-1
192,99,1290.30,160.34,52.62,33.62,0.97,4,-1,-1
192,101,376.93,252.67,76.62,30.35,0.99,4,-1,-1
192,102,681.32,157.63,28.31,30.75,0.98,4,-1,-1
192,105,316.67,356.86,91.79,40.93,0.99,4,-1,-1
192,111,1238.09,328.31,15.42,31.05,0.95,1,-1,-1
192,114,66.75,65.59,59.06,24.16,0.99,4,-1,-1
192,117,365.80,67.57,56.83,26.08,0.98,4,-1,-1
192,119,1031.31,270.75,15.36,27.56,0.88,1,-1,-1
192,123,-0.21,31.10,24.35,27.25,0.19,4,-1,-1
192,125,59.81,29.42,51.31,26.31,1.00,4,-1,-1
192,130,1306.69,32.39,31.89,24.04,0.97,4,-1,-1
192,131,1335.51,47.87,24.08,25.60,0.57,4,-1,-1
192,137,430.28,34.32,26.74,22.29,0.99,4,-1,-1
192,138,737.67,30.66,47.05,25.13,0.97,4,-1,-1
192,156,250.15,30.15,36.44,25.96,0.93,4,-1,-1
192,167,448.26,58.39,53.79,23.36,0.99,4,-1,-1
192,169,145.80,27.77,33.98,26.97,0.92,5,-1,-1
192,84,1228.36,330.74,15.45,27.90,0.84,1,-1,-1
192,75,497.52,259.66,13.63,31.12,0.95,1,-1,-1
192,116,619.58,75.48,13.30,22.85,0.92,1,-1,-1
192,232,1100.70,214.93,11.91,25.92,0.77,1,-1,-1
192,238,1008.25,254.79,13.56,29.79,0.79,1,-1,-1
192,126,519.59,26.80,42.11,24.81,0.78,4,-1,-1
192,243,418.97,627.33,19.38,40.97,0.96,1,-1,-1
192,94,1095.53,211.61,11.93,26.28,0.74,1,-1,-1
192,250,182.73,50.50,45.13,25.08,0.78,8,-1,-1
192,255,1023.80,257.60,13.88,27.10,0.51,1,-1,-1
192,256,413.02,602.04,18.17,43.50,0.97,1,-1,-1
192,257,1275.92,13.35,31.87,23.17,0.99,4,-1,-1
192,259,558.60,73.24,12.44,23.50,0.84,1,-1,-1
192,260,1082.74,300.37,17.05,31.05,0.89,1,-1,-1
192,268,1318.35,109.35,11.37,22.41,0.53,1,-1,-1
192,269,1240.97,0.14,31.87,16.11,0.90,4,-1,-1
192,273,577.17,22.15,30.74,35.38,0.89,6,-1,-1
193,18,1322.12,654.64,36.33,63.25,0.89,4,-1,-1
193,23,1297.32,600.32,61.96,61.45,0.95,4,-1,-1
193,24,455.52,634.51,19.97,38.64,0.98,1,-1,-1
193,25,456.79,688.72,18.59,40.09,0.99,1,-1,-1
193,26,505.77,622.52,19.59,39.83,0.96,1,-1,-1
193,28,501.31,612.37,16.49,33.20,0.94,1,-1,-1
193,31,166.96,615.99,140.62,60.52,1.00,4,-1,-1
193,39,487.14,585.83,17.23,39.35,0.98,1,-1,-1
193,42,207.57,557.02,125.36,54.12,0.99,4,-1,-1
193,47,1214.07,464.37,124.01,63.76,0.99,4,-1,-1
193,48,241.77,494.84,117.74,53.92,1.00,4,-1,-1
193,55,1169.23,403.63,94.11,45.75,0.99,4,-1,-1
193,38,408.48,621.73,19.20,43.42,0.93,1,-1,-1
193,59,698.58,403.11,94.22,45.74,0.99,4,-1,-1
193,60,299.43,392.02,88.76,45.90,1.00,4,-1,-1
193,61,1148.39,351.37,85.57,41.88,1.00,4,-1,-1
193,63,354.83,304.95,84.18,37.36,1.00,4,-1,-1
193,64,698.59,302.77,78.16,31.50,0.99,4,-1,-1
193,65,707.77,323.29,82.11,40.24,0.99,4,-1,-1
193,66,1016.01,275.42,13.70,26.58,0.87,1,-1,-1
193,69,1064.15,300.81,17.08,31.50,0.86,1,-1,-1
193,70,1103.72,303.11,84.61,30.73,0.98,4,-1,-1
193,71,1124.28,323.31,86.92,38.62,0.98,4,-1,-1
193,72,1334.43,300.11,24.00,34.40,0.47,4,-1,-1
193,73,361.58,276.61,83.55,37.82,0.99,4,-1,-1
193,74,390.56,238.65,74.04,29.24,1.00,4,-1,-1
193,76,502.51,255.07,44.44,54.52,0.93,4,-1,-1
193,77,684.18,233.21,71.93,32.27,1.00,4,-1,-1
193,78,695.33,256.60,71.04,29.81,1.00,4,-1,-1
193,79,705.30,279.19,66.44,30.60,0.99,4,-1,-1
193,80,1077.79,213.29,13.12,25.13,0.90,1,-1,-1
193,81,1052.91,237.02,78.33,31.38,0.99,4,-1,-1
193,82,1063.08,257.15,80.32,30.57,0.98,4,-1,-1
193,83,1088.87,276.25,75.99,32.82,0.98,4,-1,-1
193,88,715.06,160.57,32.41,35.53,0.99,4,-1,-1
193,89,756.94,162.63,31.35,32.52,0.99,4,-1,-1
193,90,788.12,162.06,33.95,31.56,0.97,4,-1,-1
193,91,826.26,164.41,31.01,32.86,0.98,4,-1,-1
193,92,988.56,161.15,35.89,33.83,0.99,4,-1,-1
193,95,1024.39,160.39,35.94,35.33,0.99,4,-1,-1
193,98,1056.97,165.13,39.35,33.96,0.99,4,-1,-1
193,99,1293.28,162.02,52.93,33.86,0.99,4,-1,-1
193,101,374.59,255.85,77.75,31.51,1.00,4,-1,-1
193,102,680.41,159.89,29.37,30.94,0.99,4,-1,-1
193,105,314.12,361.55,92.27,40.79,1.00,4,-1,-1
193,111,1243.86,333.87,14.30,30.63,0.94,1,-1,-1
193,114,61.80,66.93,58.91,24.41,1.00,4,-1,-1
193,117,356.77,69.11,56.44,25.61,0.99,4,-1,-1
193,119,1032.96,273.64,15.36,27.15,0.89,1,-1,-1
193,123,-0.08,32.06,21.89,28.44,0.16,4,-1,-1
193,125,57.01,30.92,52.05,26.31,1.00,4,-1,-1
193,130,1308.21,33.41,32.36,24.19,0.98,4,-1,-1
193,131,1337.18,48.76,22.32,25.15,0.69,4,-1,-1
193,137,429.67,35.75,26.03,22.23,0.99,4,-1,-1
193,138,737.97,31.70,47.05,25.31,0.97,4,-1,-1
193,156,248.32,31.31,36.94,26.27,0.96,4,-1,-1
193,167,444.36,60.30,53.32,22.80,0.98,4,-1,-1
193,169,143.70,29.04,33.98,27.37,0.96,5,-1,-1
193,84,1234.33,336.26,14.31,27.55,0.87,1,-1,-1
193,75,496.75,263.14,13.08,31.48,0.93,1,-1,-1
193,116,619.14,77.05,12.47,22.57,0.97,1,-1,-1
193,232,1103.20,218.20,11.92,25.16,0.82,1,-1,-1
193,238,1009.30,257.28,13.66,29.58,0.80,1,-1,-1
193,126,519.62,27.75,41.38,25.07,0.69,4,-1,-1
193,243,417.10,635.80,19.60,41.03,0.98,1,-1,-1
193,94,1098.69,214.07,11.94,25.62,0.79,1,-1,-1
193,250,180.48,51.73,45.83,25.73,0.82,8,-1,-1
193,255,1025.93,261.00,12.58,24.58,0.57,1,-1,-1
193,256,411.51,609.63,17.78,43.66,0.99,1,-1,-1
193,257,1277.39,14.20,32.32,23.35,0.99,4,-1,-1
193,259,558.50,74.77,11.56,23.52,0.90,1,-1,-1
193,260,1085.10,303.92,17.05,30.64,0.86,1,-1,-1
193,268,1320.32,110.93,11.79,23.01,0.61,1,-1,-1
193,269,1242.41,0.07,32.29,16.94,0.91,4,-1,-1
193,273,575.53,23.07,31.47,35.47,0.71,6,-1,-1
194,18,1327.07,663.70,32.05,63.28,0.64,4,-1,-1
194,23,1302.82,608.79,56.65,62.22,0.87,4,-1,-1
194,24,454.27,643.98,20.39,38.57,0.98,1,-1,-1
194,25,454.53,699.53,18.74,40.14,0.98,1,-1,-1
194,26,504.09,630.66,20.24,41.22,0.97,1,-1,-1
194,28,499.88,620.60,16.32,34.35,0.94,1,-1,-1
194,31,161.45,625.34,141.84,61.39,1.00,4,-1,-1
194,39,485.98,594.24,17.70,38.84,0.99,1,-1,-1
194,42,203.11,565.26,126.97,54.64,1.00,4,-1,-1
194,47,1219.33,470.65,123.72,64.13,1.00,4,-1,-1
194,48,237.15,502.09,119.25,54.01,0.99,4,-1,-1
194,55,1172.88,409.39,95.36,45.55,0.99,4,-1,-1
194,38,406.08,630.96,19.55,43.61,0.94,1,-1,-1
194,59,698.67,408.68,94.80,45.82,0.99,4,-1,-1
194,60,296.11,397.32,90.11,46.13,0.99,4,-1,-1
194,61,1150.45,355.59,87.95,42.55,0.99,4,-1,-1
194,63,352.38,308.87,84.57,37.83,0.99,4,-1,-1
194,64,698.09,306.79,78.59,31.36,0.99,4,-1,-1
194,65,708.27,327.80,82.21,39.98,0.99,4,-1,-1
194,66,1018.33,278.74,13.70,26.53,0.87,1,-1,-1
194,69,1066.90,304.53,15.94,31.33,0.90,1,-1,-1
194,70,1106.35,307.01,84.29,31.11,0.99,4,-1,-1
194,71,1126.38,327.07,88.36,39.72,0.98,4,-1,-1
194,72,1337.96,303.71,20.49,34.32,0.55,4,-1,-1
194,73,358.52,281.20,84.62,37.49,0.99,4,-1,-1
194,74,388.89,241.82,73.09,29.18,0.99,4,-1,-1
194,76,501.13,258.29,44.52,55.05,0.96,4,-1,-1
194,77,683.61,236.26,72.46,32.71,0.99,4,-1,-1
194,78,694.20,259.79,72.73,30.22,0.99,4,-1,-1
194,79,704.61,282.92,67.80,30.46,1.00,4,-1,-1
194,80,1080.31,215.86,13.49,25.79,0.80,1,-1,-1
194,81,1054.52,240.05,78.66,31.60,0.99,4,-1,-1
194,82,1064.21,260.22,81.60,31.31,0.95,4,-1,-1
194,83,1090.56,279.18,77.87,34.08,0.95,4,-1,-1
194,88,714.73,162.56,33.03,35.97,0.98,4,-1,-1
194,89,756.64,164.73,32.12,32.97,0.98,4,-1,-1
194,90,787.86,164.12,34.71,32.48,0.96,4,-1,-1
194,91,827.12,166.53,30.86,33.35,0.99,4,-1,-1
194,92,989.64,163.21,35.94,34.27,0.99,4,-1,-1
194,95,1026.14,162.45,35.94,35.91,0.99,4,-1,-1
194,98,1058.10,166.98,40.49,34.73,0.98,4,-1,-1
194,99,1296.08,163.99,53.04,34.66,0.99,4,-1,-1
194,101,371.99,259.14,78.46,31.94,0.99,4,-1,-1
194,102,680.61,161.77,29.21,32.00,0.98,4,-1,-1
194,105,311.04,366.24,92.73,41.29,0.99,4,-1,-1
194,111,1248.24,339.37,15.03,30.47,0.94,1,-1,-1
194,114,56.07,68.75,58.93,24.07,1.00,4,-1,-1
194,117,347.09,70.26,56.84,25.98,1.00,4,-1,-1
194,119,1034.69,276.35,15.37,26.99,0.91,1,-1,-1
194,125,54.99,32.60,51.56,25.78,1.00,4,-1,-1
194,130,1310.47,34.40,32.54,24.57,0.98,4,-1,-1
194,131,1339.55,49.45,19.33,25.41,0.77,4,-1,-1
194,137,428.54,37.17,25.76,22.06,0.99,4,-1,-1
194,138,738.04,32.76,47.05,25.54,0.97,4,-1,-1
194,156,246.29,33.06,36.57,26.00,0.92,4,-1,-1
194,167,439.29,61.72,54.28,23.29,0.99,4,-1,-1
194,169,141.28,30.20,34.41,27.23,0.97,5,-1,-1
194,84,1238.21,341.02,15.04,27.99,0.89,1,-1,-1
194,75,495.58,266.39,13.45,32.18,0.90,1,-1,-1
194,116,618.12,78.32,12.71,23.32,0.96,1,-1,-1
194,232,1106.35,221.06,11.93,25.16,0.85,1,-1,-1
194,238,1010.80,260.00,13.69,29.79,0.63,1,-1,-1
194,126,518.44,29.05,42.26,25.13,0.68,4,-1,-1
194,243,415.28,645.36,19.13,41.06,0.96,1,-1,-1
194,94,1100.95,216.48,11.95,25.52,0.68,1,-1,-1
194,250,177.59,53.27,46.53,25.97,0.60,8,-1,-1
194,255,1026.66,263.89,13.29,25.16,0.47,1,-1,-1
194,256,409.52,617.73,17.34,42.01,0.97,1,-1,-1
194,257,1279.07,14.96,32.49,23.62,0.99,4,-1,-1
194,259,557.57,76.67,11.80,23.25,0.36,1,-1,-1
194,260,1087.65,308.00,17.06,30.48,0.77,1,-1,-1
194,268,1322.72,112.66,11.95,22.94,0.59,1,-1,-1
194,269,1244.66,0.03,31.26,17.78,0.95,4,-1,-1
194,273,575.11,24.89,30.97,34.61,0.73,6,-1,-1
194,274,60.78,79.78,28.28,17.08,0.68,10,-1,-1
194,275,1213.24,23.67,10.25,19.05,0.67,10,-1,-1
195,18,1332.64,671.82,25.82,63.85,0.26,4,-1,-1
195,23,1307.88,616.73,51.40,63.61,0.90,4,-1,-1
195,24,452.32,653.06,20.54,39.09,0.99,1,-1,-1
195,25,451.67,711.01,19.35,39.01,0.99,1,-1,-1
195,26,501.40,639.23,21.03,42.29,0.96,1,-1,-1
195,28,498.68,628.37,16.25,35.33,0.97,1,-1,-1
195,31,154.82,635.18,143.63,61.70,1.00,4,-1,-1
195,39,484.61,602.95,17.30,37.49,0.98,1,-1,-1
195,42,197.50,573.31,127.87,55.39,0.99,4,-1,-1
195,47,1222.67,476.72,123.54,64.81,0.98,4,-1,-1
195,48,232.38,508.97,119.76,54.60,0.99,4,-1,-1
195,55,1175.64,413.75,95.79,47.02,0.99,4,-1,-1
195,38,403.44,639.38,19.96,44.22,0.96,1,-1,-1
195,59,697.73,413.62,96.10,46.40,0.99,4,-1,-1
195,60,291.93,402.41,91.14,46.78,1.00,4,-1,-1
195,61,1153.18,360.25,88.81,42.51,1.00,4,-1,-1
195,63,349.77,313.07,84.69,37.73,1.00,4,-1,-1
195,64,697.22,310.36,79.28,32.43,0.99,4,-1,-1
195,65,707.21,331.41,83.34,40.72,0.99,4,-1,-1
195,66,1018.97,281.25,14.83,27.93,0.91,1,-1,-1
195,69,1067.65,307.75,16.68,32.12,0.90,1,-1,-1
195,70,1108.21,310.58,84.11,31.24,0.99,4,-1,-1
195,71,1128.59,331.28,88.87,39.84,0.99,4,-1,-1
195,72,1341.26,306.06,17.03,35.70,0.20,4,-1,-1
195,73,355.13,283.98,86.40,38.20,0.99,4,-1,-1
195,74,386.28,245.21,74.13,28.87,0.98,4,-1,-1
195,76,499.16,261.57,44.53,55.23,0.81,4,-1,-1
195,77,682.73,239.36,73.19,32.59,1.00,4,-1,-1
195,78,693.94,263.07,72.77,30.65,1.00,4,-1,-1
195,79,703.39,286.54,68.86,30.69,0.99,4,-1,-1
195,80,1082.11,218.20,13.62,25.97,0.94,1,-1,-1
195,81,1056.02,242.76,79.88,31.96,0.99,4,-1,-1
195,82,1064.96,263.36,83.18,31.29,0.98,4,-1,-1
195,83,1093.19,282.53,77.42,34.54,0.98,4,-1,-1
195,88,714.21,164.66,33.26,36.41,0.98,4,-1,-1
195,89,756.40,167.09,32.40,33.00,0.99,4,-1,-1
195,90,788.19,166.33,34.42,32.54,0.99,4,-1,-1
195,91,827.30,168.63,30.80,33.82,0.99,4,-1,-1
195,92,989.85,165.45,37.07,34.56,0.99,4,-1,-1
195,95,1026.58,164.97,37.06,36.11,0.98,4,-1,-1
195,98,1058.87,169.27,40.90,35.01,0.99,4,-1,-1
195,99,1298.53,166.22,53.07,34.68,0.98,4,-1,-1
195,101,369.74,262.15,78.28,31.54,0.99,4,-1,-1
195,102,680.31,163.69,29.13,32.67,0.99,4,-1,-1
195,105,307.65,370.98,92.58,41.76,0.99,4,-1,-1
195,111,1251.79,344.06,15.28,30.40,0.96,1,-1,-1
195,114,50.76,70.81,59.09,23.81,1.00,4,-1,-1
195,117,337.09,71.70,56.97,26.25,0.99,4,-1,-1
195,119,1036.25,278.79,15.36,27.50,0.92,1,-1,-1
195,125,52.53,34.19,51.33,25.46,1.00,4,-1,-1
195,130,1312.18,35.50,32.59,24.67,0.98,4,-1,-1
195,131,1341.93,50.34,17.18,25.29,0.57,4,-1,-1
195,137,427.11,38.41,26.08,21.92,0.99,4,-1,-1
195,138,737.68,34.33,47.03,25.12,0.97,4,-1,-1
195,156,243.87,34.10,36.98,26.61,0.94,4,-1,-1
195,167,434.10,63.24,55.18,23.68,0.99,4,-1,-1
195,169,138.46,31.42,34.42,27.35,0.85,5,-1,-1
195,84,1242.15,345.59,15.28,28.15,0.82,1,-1,-1
195,75,493.97,270.24,13.02,31.59,0.37,1,-1,-1
195,116,616.26,80.18,13.36,23.25,0.86,1,-1,-1
195,232,1108.39,223.57,13.08,26.30,0.86,1,-1,-1
195,238,1011.72,262.87,13.70,29.29,0.66,1,-1,-1
195,126,516.54,30.31,43.70,25.34,0.65,4,-1,-1
195,243,412.85,654.74,19.21,41.06,0.96,1,-1,-1
195,94,1103.21,219.18,11.95,26.13,0.83,1,-1,-1
195,250,175.72,55.41,45.22,25.49,0.66,8,-1,-1
195,255,1027.30,266.53,13.52,27.38,0.48,1,-1,-1
195,256,406.73,626.02,17.74,42.51,0.96,1,-1,-1
195,257,1280.59,16.18,32.54,23.66,0.99,4,-1,-1
195,259,556.61,78.27,11.31,22.85,0.93,1,-1,-1
195,260,1088.91,310.93,18.20,30.98,0.81,1,-1,-1
195,268,1325.02,114.11,12.00,23.05,0.49,1,-1,-1
195,269,1245.81,0.06,32.06,18.52,0.97,4,-1,-1
195,273,573.77,26.55,32.11,34.02,0.60,6,-1,-1
195,274,53.07,80.35,29.37,17.95,0.65,10,-1,-1
196,18,1337.73,679.72,20.41,63.49,0.13,4,-1,-1
196,23,1311.53,625.44,47.46,64.69,0.58,4,-1,-1
196,24,449.89,662.36,20.58,39.85,0.99,1,-1,-1
196,25,448.08,722.30,19.57,38.01,0.99,1,-1,-1
196,26,498.41,647.50,21.33,43.82,0.96,1,-1,-1
196,28,495.67,636.92,16.80,35.70,0.95,1,-1,-1
196,31,147.10,645.03,145.39,62.37,1.00,4,-1,-1
196,39,481.82,611.89,17.72,37.55,0.99,1,-1,-1
196,42,190.84,581.94,129.15,56.23,1.00,4,-1,-1
196,47,1225.21,482.80,124.56,65.63,0.99,4,-1,-1
196,48,226.88,516.07,122.74,55.38,1.00,4,-1,-1
196,55,1177.43,418.36,97.05,47.58,1.00,4,-1,-1
196,38,400.20,648.14,20.66,44.45,0.92,1,-1,-1
196,59,695.97,418.54,97.14,47.33,0.99,4,-1,-1
196,60,287.48,408.18,90.67,46.60,1.00,4,-1,-1
196,61,1154.99,364.57,89.10,43.06,1.00,4,-1,-1
196,63,345.63,317.14,85.56,37.97,0.99,4,-1,-1
196,64,695.78,314.23,80.09,32.28,0.99,4,-1,-1
196,65,705.70,335.57,83.75,41.00,1.00,4,-1,-1
196,66,1020.01,283.93,14.14,27.89,0.82,1,-1,-1
196,69,1068.19,311.25,16.93,32.41,0.89,1,-1,-1
196,70,1109.70,314.08,85.15,32.14,0.98,4,-1,-1
196,71,1130.21,335.16,89.03,39.89,0.99,4,-1,-1
196,73,351.67,287.52,87.06,39.03,0.99,4,-1,-1
196,74,382.69,248.44,75.49,29.32,0.99,4,-1,-1
196,76,495.93,265.04,45.65,55.57,0.97,4,-1,-1
196,77,681.01,242.23,74.03,33.12,0.99,4,-1,-1
196,78,692.17,266.00,73.90,31.09,0.99,4,-1,-1
196,79,701.82,289.87,69.24,31.63,1.00,4,-1,-1
196,80,1083.00,221.13,13.67,25.75,0.81,1,-1,-1
196,81,1057.40,245.67,79.20,32.10,0.99,4,-1,-1
196,82,1065.49,266.14,84.88,32.14,0.97,4,-1,-1
196,83,1093.30,285.40,78.34,35.84,0.98,4,-1,-1
196,88,712.92,167.04,33.33,36.71,0.98,4,-1,-1
196,89,755.49,169.15,32.50,33.28,0.98,4,-1,-1
196,90,787.22,168.55,34.86,32.84,0.98,4,-1,-1
196,91,826.24,170.81,31.34,33.99,0.99,4,-1,-1
196,92,989.64,167.56,37.49,34.81,0.99,4,-1,-1
196,95,1026.45,167.19,37.47,36.19,0.99,4,-1,-1
196,98,1058.86,171.27,42.17,35.25,0.99,4,-1,-1
196,99,1299.68,168.15,54.19,35.11,0.99,4,-1,-1
196,101,366.16,266.07,78.18,31.95,0.99,4,-1,-1
196,102,678.82,165.92,29.66,32.78,0.99,4,-1,-1
196,105,303.50,375.79,92.78,42.22,0.99,4,-1,-1
196,111,1255.55,348.37,15.36,31.51,0.93,1,-1,-1
196,114,43.79,72.09,59.52,24.79,1.00,4,-1,-1
196,117,325.50,73.07,58.12,26.50,0.99,4,-1,-1
196,119,1036.53,281.45,15.36,28.25,0.87,1,-1,-1
196,125,48.69,34.97,51.67,25.94,1.00,4,-1,-1
196,130,1313.10,36.54,32.60,24.46,0.98,4,-1,-1
196,131,1342.38,51.67,16.63,25.52,0.67,4,-1,-1
196,137,424.81,39.73,25.77,21.77,0.97,4,-1,-1
196,138,736.46,35.36,47.02,25.27,0.97,4,-1,-1
196,156,240.94,34.99,37.70,26.87,0.93,4,-1,-1
196,167,427.97,64.79,55.09,23.90,0.98,4,-1,-1
196,169,134.61,32.41,35.55,27.86,0.85,5,-1,-1
196,84,1245.49,351.12,15.37,29.34,0.84,1,-1,-1
196,75,490.85,274.08,13.43,32.21,0.51,1,-1,-1
196,116,613.66,81.34,13.60,23.85,0.94,1,-1,-1
196,232,1110.50,225.86,12.39,26.17,0.75,1,-1,-1
196,238,1011.77,265.84,13.69,30.25,0.80,1,-1,-1
196,126,513.64,31.28,45.36,26.11,0.85,4,-1,-1
196,243,409.00,664.73,20.09,41.05,0.97,1,-1,-1
196,94,1105.41,222.53,11.95,25.79,0.64,1,-1,-1
196,250,170.65,56.78,47.92,26.45,0.39,8,-1,-1
196,255,1027.24,269.14,13.61,28.47,0.61,1,-1,-1
196,256,403.46,634.46,18.73,43.26,0.98,1,-1,-1
196,257,1281.44,17.25,32.55,23.39,0.97,4,-1,-1
196,259,555.19,79.72,11.13,23.13,0.78,1,-1,-1
196,260,1089.05,314.74,19.73,30.88,0.57,1,-1,-1
196,268,1326.13,115.98,12.01,22.65,0.39,1,-1,-1
196,269,1245.95,0.12,32.34,19.07,0.97,4,-1,-1
196,273,567.84,26.73,36.89,35.83,0.23,6,-1,-1
196,276,1108.23,223.48,11.95,26.04,0.73,1,-1,-1
197,23,1315.64,633.73,42.70,65.07,0.58,4,-1,-1
197,24,446.37,672.95,21.18,40.13,0.99,1,-1,-1
197,25,443.92,734.13,19.11,32.42,0.96,1,-1,-1
197,26,495.24,657.67,20.90,43.83,0.98,1,-1,-1
197,28,492.77,646.09,16.45,35.28,0.96,1,-1,-1
197,31,139.11,655.68,146.63,63.11,1.00,4,-1,-1
197,39,478.71,621.48,17.89,38.14,0.99,1,-1,-1
197,42,183.42,591.01,130.85,57.05,1.00,4,-1,-1
197,47,1228.27,489.03,124.97,64.75,0.99,4,-1,-1
197,48,220.22,524.28,124.73,55.05,1.00,4,-1,-1
197,55,1179.05,423.38,97.55,47.31,0.99,4,-1,-1
197,38,397.22,658.55,20.39,42.27,0.93,1,-1,-1
197,59,694.30,424.32,97.55,47.35,1.00,4,-1,-1
197,60,281.85,414.20,91.34,47.06,1.00,4,-1,-1
197,61,1156.05,368.66,89.22,43.22,1.00,4,-1,-1
197,63,340.89,321.66,86.19,38.31,0.99,4,-1,-1
197,64,693.62,318.10,80.41,33.02,0.99,4,-1,-1
197,65,703.80,340.38,84.48,40.79,1.00,4,-1,-1
197,66,1020.18,286.35,13.86,28.43,0.89,1,-1,-1
197,69,1068.75,314.66,17.04,32.51,0.89,1,-1,-1
197,70,1110.05,317.47,86.68,31.88,0.99,4,-1,-1
197,71,1130.61,338.96,90.24,40.42,0.99,4,-1,-1
197,73,347.47,291.70,87.04,39.02,0.99,4,-1,-1
197,74,378.42,252.35,76.16,29.45,1.00,4,-1,-1
197,76,493.07,268.85,45.54,55.39,0.96,4,-1,-1
197,77,678.71,245.31,74.92,33.28,0.99,4,-1,-1
197,78,689.30,269.80,74.90,31.22,0.99,4,-1,-1
197,79,700.17,293.11,69.39,32.51,1.00,4,-1,-1
197,80,1083.62,223.63,12.57,25.38,0.85,1,-1,-1
197,81,1057.12,248.45,80.08,32.68,0.99,4,-1,-1
197,82,1066.03,269.14,84.42,32.14,0.97,4,-1,-1
197,83,1093.68,288.70,78.71,35.18,0.99,4,-1,-1
197,88,710.46,169.44,33.94,37.09,0.98,4,-1,-1
197,89,753.75,171.48,32.55,33.37,0.98,4,-1,-1
197,90,785.44,170.70,35.04,33.22,0.97,4,-1,-1
197,91,824.44,173.01,32.12,34.32,0.98,4,-1,-1
197,92,989.29,169.51,37.66,35.03,0.99,4,-1,-1
197,95,1025.57,168.74,37.64,36.48,0.99,4,-1,-1
197,98,1058.59,173.01,42.67,35.60,0.99,4,-1,-1
197,99,1299.86,169.89,54.64,35.10,0.99,4,-1,-1
197,101,361.33,269.97,79.72,32.34,1.00,4,-1,-1
197,102,676.00,168.49,29.87,32.52,0.98,4,-1,-1
197,105,298.52,381.58,93.72,42.06,1.00,4,-1,-1
197,111,1257.86,353.50,15.41,32.20,0.92,1,-1,-1
197,114,35.73,74.03,59.57,24.78,0.99,4,-1,-1
197,117,313.57,74.85,57.73,26.70,0.99,4,-1,-1
197,119,1036.42,284.01,15.38,28.54,0.92,1,-1,-1
197,125,43.03,36.56,52.58,26.05,1.00,4,-1,-1
197,130,1313.16,37.18,31.48,24.19,0.98,4,-1,-1
197,131,1342.29,52.16,16.52,26.25,0.61,4,-1,-1
197,137,421.32,41.29,25.96,21.81,0.99,4,-1,-1
197,138,734.25,36.52,47.60,25.25,0.96,4,-1,-1
197,156,236.64,36.57,37.70,26.97,0.92,4,-1,-1
197,167,420.92,66.73,55.35,23.46,0.99,4,-1,-1
197,169,129.67,33.99,35.99,27.65,0.99,5,-1,-1
197,84,1248.22,356.58,15.42,29.50,0.75,1,-1,-1
197,75,487.47,277.89,13.59,33.28,0.79,1,-1,-1
197,116,610.67,83.43,13.14,23.23,0.97,1,-1,-1
197,232,1111.03,228.37,13.26,25.82,0.83,1,-1,-1
197,238,1010.99,268.53,13.71,30.04,0.75,1,-1,-1
197,126,511.32,32.41,44.34,26.15,0.79,4,-1,-1
197,243,404.27,674.45,21.83,42.76,0.95,1,-1,-1
197,94,1105.96,224.88,11.96,25.38,0.83,1,-1,-1
197,250,166.54,58.70,47.46,26.01,0.96,8,-1,-1
197,255,1026.99,271.95,13.66,29.17,0.57,1,-1,-1
197,256,399.90,644.48,18.29,41.84,0.98,1,-1,-1
197,257,1280.89,17.93,32.56,23.13,0.99,4,-1,-1
197,259,552.34,81.92,10.50,22.45,0.97,1,-1,-1
197,260,1089.44,317.84,20.34,30.84,0.68,1,-1,-1
197,268,1326.26,117.05,12.02,22.50,0.67,1,-1,-1
197,269,1245.69,-0.07,31.31,19.50,0.97,4,-1,-1
197,273,567.18,29.13,34.49,34.77,0.47,6,-1,-1
197,277,511.42,31.96,43.54,26.47,0.72,5,-1,-1
197,104,1195.39,170.82,15.42,28.49,0.53,1,-1,-1
197,274,41.96,82.83,24.69,19.87,0.55,10,-1,-1
198,23,1317.58,641.17,40.20,65.74,0.73,4,-1,-1
198,24,442.14,682.85,21.38,40.21,0.97,1,-1,-1
198,25,438.06,745.87,19.48,21.72,0.36,1,-1,-1
198,26,490.83,668.27,21.27,43.24,0.98,1,-1,-1
198,28,488.44,654.92,17.45,36.24,0.96,1,-1,-1
198,31,129.31,666.69,149.30,63.36,1.00,4,-1,-1
198,39,474.61,631.04,18.51,38.35,0.99,1,-1,-1
198,42,175.13,600.08,132.52,57.89,1.00,4,-1,-1
198,47,1229.42,494.41,125.03,65.51,0.99,4,-1,-1
198,48,212.68,532.25,126.44,56.02,1.00,4,-1,-1
198,55,1179.15,427.51,98.79,48.32,0.99,4,-1,-1
198,38,392.40,668.11,20.82,41.39,0.94,1,-1,-1
198,59,691.78,429.68,97.63,47.19,1.00,4,-1,-1
198,60,275.70,420.31,92.10,47.20,1.00,4,-1,-1
198,61,1155.96,372.20,89.19,43.82,1.00,4,-1,-1
198,63,335.47,326.30,86.94,38.42,0.99,4,-1,-1
198,64,690.93,322.25,81.04,33.01,0.99,4,-1,-1
198,65,700.63,344.02,85.26,41.54,0.99,4,-1,-1
198,66,1019.30,288.75,13.75,28.33,0.90,1,-1,-1
198,69,1067.41,317.98,17.08,33.09,0.85,1,-1,-1
198,70,1109.73,321.06,86.08,32.04,0.98,4,-1,-1
198,71,1130.30,342.69,90.64,40.60,0.99,4,-1,-1
198,73,341.68,296.95,87.82,38.15,0.99,4,-1,-1
198,74,373.71,255.70,75.23,29.49,0.99,4,-1,-1
198,76,488.54,272.30,46.02,55.85,0.94,4,-1,-1
198,77,675.13,248.37,75.78,33.90,0.99,4,-1,-1
198,78,686.90,273.26,74.67,31.26,0.99,4,-1,-1
198,79,697.10,297.17,69.96,32.28,0.98,4,-1,-1
198,80,1082.24,225.54,12.13,25.23,0.82,1,-1,-1
198,81,1056.05,251.01,80.36,33.16,0.99,4,-1,-1
198,82,1064.70,271.78,85.29,32.68,0.96,4,-1,-1
198,83,1093.39,291.58,78.79,36.02,0.98,4,-1,-1
198,88,707.37,171.46,34.15,37.49,0.98,4,-1,-1
198,89,750.90,173.55,32.54,33.67,0.98,4,-1,-1
198,90,782.85,172.71,35.08,33.34,0.98,4,-1,-1
198,91,822.10,175.46,31.84,34.14,0.99,4,-1,-1
198,92,987.69,171.75,37.69,34.95,0.99,4,-1,-1
198,95,1024.30,170.55,37.68,36.71,1.00,4,-1,-1
198,98,1056.98,174.53,42.82,36.00,0.98,4,-1,-1
198,99,1299.96,171.30,53.64,35.37,0.99,4,-1,-1
198,101,356.14,273.57,80.25,32.76,1.00,4,-1,-1
198,102,673.35,170.65,29.37,32.68,0.97,4,-1,-1
198,105,292.47,387.08,94.30,42.55,1.00,4,-1,-1
198,111,1259.28,358.84,15.42,31.61,0.93,1,-1,-1
198,114,26.44,76.44,60.19,23.98,0.99,4,-1,-1
198,117,300.79,76.36,58.37,26.69,1.00,4,-1,-1
198,119,1034.85,286.90,15.37,28.06,0.94,1,-1,-1
198,125,37.08,38.85,52.34,25.56,1.00,4,-1,-1
198,130,1311.55,37.82,31.02,24.41,0.97,4,-1,-1
198,131,1340.60,52.81,17.76,26.67,0.76,4,-1,-1
198,137,417.02,42.81,26.16,21.67,0.99,4,-1,-1
198,138,731.53,37.55,47.79,25.36,0.97,4,-1,-1
198,156,232.00,38.20,37.11,26.17,0.90,4,-1,-1
198,167,413.43,68.59,54.98,23.07,0.99,4,-1,-1
198,169,124.70,36.04,34.58,27.18,0.98,5,-1,-1
198,84,1249.80,362.04,15.42,28.98,0.73,1,-1,-1
198,75,483.60,281.18,13.08,32.83,0.86,1,-1,-1
198,116,606.62,85.61,12.94,22.91,0.96,1,-1,-1
198,232,1111.33,230.72,12.46,25.68,0.84,1,-1,-1
198,238,1009.21,271.20,13.70,29.94,0.78,1,-1,-1
198,126,507.85,33.73,44.46,25.78,0.90,4,-1,-1
198,243,399.34,685.11,23.03,42.25,0.98,1,-1,-1
198,94,1106.28,226.44,11.96,25.50,0.87,1,-1,-1
198,250,162.10,60.45,46.24,25.69,0.53,8,-1,-1
198,255,1025.39,274.66,13.67,28.31,0.47,1,-1,-1
198,256,395.84,653.91,18.95,42.41,0.99,1,-1,-1
198,257,1279.65,18.48,32.54,23.09,0.99,4,-1,-1
198,259,548.63,84.05,10.85,22.04,0.94,1,-1,-1
198,260,1088.59,320.89,20.56,31.37,0.58,1,-1,-1
198,268,1325.79,118.04,12.02,22.87,0.62,1,-1,-1
198,269,1244.01,-0.12,30.89,20.19,0.98,4,-1,-1
198,273,565.14,28.38,33.29,36.72,0.20,6,-1,-1
198,274,32.49,86.86,25.71,17.88,0.67,10,-1,-1
198,278,37.25,86.07,15.31,17.50,0.62,2,-1,-1
199,23,1318.49,648.56,39.65,66.55,0.59,4,-1,-1
199,24,436.66,694.33,21.04,40.24,0.98,1,-1,-1
199,26,484.60,678.33,21.97,44.70,0.98,1,-1,-1
199,28,483.63,664.86,17.27,36.60,0.97,1,-1,-1
199,31,117.78,678.05,152.21,64.55,1.00,4,-1,-1
199,39,469.88,640.99,18.19,38.43,0.97,1,-1,-1
199,42,164.22,610.43,134.83,58.75,1.00,4,-1,-1
199,47,1228.36,499.93,126.20,65.22,0.99,4,-1,-1
199,48,203.37,541.07,127.44,56.38,1.00,4,-1,-1
199,55,1178.27,432.02,99.26,48.68,1.00,4,-1,-1
199,38,386.43,678.63,21.26,41.66,0.94,1,-1,-1
199,59,687.37,435.82,98.23,47.12,1.00,4,-1,-1
199,60,267.25,426.77,93.53,48.10,1.00,4,-1,-1
199,61,1154.45,376.21,90.31,44.04,1.00,4,-1,-1
199,63,327.97,330.94,87.80,38.74,0.99,4,-1,-1
199,64,686.45,326.26,82.41,32.71,0.99,4,-1,-1
199,65,696.25,347.98,86.13,42.38,0.99,4,-1,-1
199,66,1016.91,290.96,13.71,29.14,0.92,1,-1,-1
199,69,1065.44,321.08,17.09,33.03,0.88,1,-1,-1
199,70,1108.14,324.12,86.97,32.66,0.99,4,-1,-1
199,71,1128.15,345.80,91.92,40.94,0.99,4,-1,-1
199,73,334.18,300.41,89.52,40.09,0.98,4,-1,-1
199,74,367.03,259.29,76.58,29.78,1.00,4,-1,-1
199,76,482.23,275.92,46.77,56.59,0.95,4,-1,-1
199,77,670.87,251.42,76.11,34.12,0.99,4,-1,-1
199,78,682.25,276.31,75.15,31.83,1.00,4,-1,-1
199,79,693.33,300.60,70.18,32.74,1.00,4,-1,-1
199,80,1079.07,227.85,11.98,25.18,0.92,1,-1,-1
199,81,1054.17,253.56,79.34,33.06,0.99,4,-1,-1
199,82,1062.73,274.35,85.62,32.88,0.97,4,-1,-1
199,83,1090.67,295.22,79.95,35.76,0.98,4,-1,-1
199,88,703.57,173.62,34.24,37.50,0.97,4,-1,-1
199,89,747.49,175.65,31.98,33.92,0.98,4,-1,-1
199,90,778.97,174.93,35.67,33.53,0.98,4,-1,-1
199,91,818.31,177.56,32.30,33.93,0.99,4,-1,-1
199,92,984.48,173.33,37.71,35.19,0.99,4,-1,-1
199,95,1021.22,172.11,37.70,36.65,0.99,4,-1,-1
199,98,1054.34,176.27,42.88,35.86,0.99,4,-1,-1
199,99,1297.41,172.27,54.39,36.03,0.99,4,-1,-1
199,101,349.43,277.55,81.02,32.91,0.99,4,-1,-1
199,102,669.45,173.22,28.61,32.32,0.99,4,-1,-1
199,105,284.60,393.02,95.10,43.29,0.99,4,-1,-1
199,111,1259.45,363.64,15.42,32.22,0.95,1,-1,-1
199,114,15.22,78.52,60.42,24.12,0.99,4,-1,-1
199,117,285.81,78.54,60.03,26.61,0.99,4,-1,-1
199,119,1032.23,289.86,15.38,28.45,0.95,1,-1,-1
199,125,29.25,40.72,52.26,25.94,1.00,4,-1,-1
199,130,1308.94,38.01,30.85,24.93,0.97,4,-1,-1
199,131,1337.40,53.27,20.52,26.11,0.89,4,-1,-1
199,137,411.73,44.30,26.10,21.43,0.99,4,-1,-1
199,138,727.59,38.64,47.87,25.36,0.96,4,-1,-1
199,156,225.00,39.75,37.17,26.09,0.93,4,-1,-1
199,167,403.68,70.29,55.56,23.06,0.99,4,-1,-1
199,169,116.79,37.73,35.19,27.11,0.98,5,-1,-1
199,84,1249.46,366.88,15.43,29.06,0.79,1,-1,-1
199,75,476.93,285.59,14.04,32.37,0.79,1,-1,-1
199,116,601.34,87.44,12.30,22.86,0.85,1,-1,-1
199,232,1109.96,232.32,12.13,25.63,0.86,1,-1,-1
199,238,1006.50,273.93,13.70,30.20,0.78,1,-1,-1
199,126,503.03,35.60,43.95,24.66,0.84,4,-1,-1
199,243,393.19,695.77,22.96,43.18,0.98,1,-1,-1
199,94,1104.89,227.90,11.96,26.12,0.86,1,-1,-1
199,250,154.19,61.98,47.64,26.50,0.76,8,-1,-1
199,255,1022.19,278.12,13.68,29.39,0.45,1,-1,-1
199,256,389.59,664.37,20.87,42.07,0.99,1,-1,-1
199,257,1276.04,18.78,32.54,23.11,0.98,4,-1,-1
199,259,543.73,85.88,10.41,21.75,0.95,1,-1,-1
199,260,1086.24,323.90,19.52,31.85,0.71,1,-1,-1
199,268,1322.46,118.70,13.15,23.15,0.82,1,-1,-1
199,269,1239.62,-0.21,31.92,20.69,0.98,4,-1,-1
199,273,561.77,31.57,31.64,34.50,0.25,6,-1,-1
199,274,20.01,88.80,26.20,18.71,0.51,10,-1,-1
199,279,1337.04,33.06,22.20,22.76,0.63,4,-1,-1
200,23,1317.64,655.05,39.62,66.26,0.78,4,-1,-1
200,24,429.08,705.90,21.20,40.23,0.96,1,-1,-1
200,26,476.47,689.88,21.70,44.66,0.94,1,-1,-1
200,28,476.58,675.57,18.34,37.86,0.97,1,-1,-1
200,31,104.62,691.70,154.19,63.78,1.00,4,-1,-1
200,39,462.56,651.99,18.64,38.45,0.97,1,-1,-1
200,42,151.42,621.47,137.67,60.11,1.00,4,-1,-1
200,47,1226.17,504.98,127.78,65.60,1.00,4,-1,-1
200,48,191.33,550.97,129.85,56.43,1.00,4,-1,-1
200,55,1175.01,436.17,99.45,48.19,0.99,4,-1,-1
200,38,377.98,690.99,21.45,41.18,0.85,1,-1,-1
200,59,681.17,441.40,99.03,47.60,1.00,4,-1,-1
200,60,257.35,433.95,93.51,48.53,1.00,4,-1,-1
200,61,1150.37,378.66,90.74,44.63,1.00,4,-1,-1
200,63,318.78,336.60,88.69,38.81,0.99,4,-1,-1
200,64,679.89,330.23,82.37,33.97,1.00,4,-1,-1
200,65,690.86,352.90,85.90,41.80,1.00,4,-1,-1
200,66,1012.48,293.68,13.71,28.31,0.91,1,-1,-1
200,69,1061.17,323.82,17.12,32.99,0.93,1,-1,-1
200,70,1103.45,327.10,88.43,33.12,0.99,4,-1,-1
200,71,1124.38,348.77,92.40,41.30,0.99,4,-1,-1
200,73,325.81,305.35,89.06,39.63,0.99,4,-1,-1
200,74,357.96,263.28,77.23,30.42,0.98,4,-1,-1
200,76,474.70,280.01,47.08,57.68,0.90,4,-1,-1
200,77,664.92,254.77,76.24,33.88,1.00,4,-1,-1
200,78,676.16,279.80,75.33,31.72,1.00,4,-1,-1
200,79,686.74,304.49,70.83,32.87,1.00,4,-1,-1
200,80,1072.58,229.89,13.10,26.03,0.82,1,-1,-1
200,81,1049.35,255.40,80.09,33.25,0.99,4,-1,-1
200,82,1058.45,276.62,85.74,33.19,0.98,4,-1,-1
200,83,1086.11,297.88,80.40,35.89,0.97,4,-1,-1
200,88,697.19,176.02,34.28,37.48,0.98,4,-1,-1
200,89,740.96,178.08,32.92,34.28,0.99,4,-1,-1
200,90,772.82,177.03,35.91,34.00,0.97,4,-1,-1
200,91,812.20,179.59,33.05,34.39,0.99,4,-1,-1
200,92,979.13,174.74,37.73,35.12,0.99,4,-1,-1
200,95,1015.35,173.78,38.85,36.46,0.99,4,-1,-1
200,98,1049.20,177.84,42.91,35.92,1.00,4,-1,-1
200,99,1292.28,173.14,54.69,35.54,0.99,4,-1,-1
200,101,340.78,282.11,81.31,33.20,1.00,4,-1,-1
200,102,662.46,175.29,29.49,33.30,0.98,4,-1,-1
200,105,274.33,399.18,96.25,43.79,1.00,4,-1,-1
200,111,1257.63,367.71,15.44,31.88,0.96,1,-1,-1
200,114,1.27,81.03,60.66,24.64,0.99,4,-1,-1
200,117,269.11,81.51,59.54,26.25,1.00,4,-1,-1
200,119,1027.15,292.30,15.39,28.30,0.96,1,-1,-1
200,125,17.73,42.71,52.90,26.53,1.00,4,-1,-1
200,130,1302.60,37.92,31.95,24.77,0.98,4,-1,-1
200,131,1332.00,53.67,24.83,26.93,0.94,4,-1,-1
200,137,403.33,45.93,26.65,22.01,0.97,4,-1,-1
200,138,721.36,39.92,47.34,25.25,0.97,4,-1,-1
200,156,215.26,42.07,37.49,26.01,0.96,4,-1,-1
200,167,392.19,72.40,55.64,23.10,0.98,4,-1,-1
200,169,106.44,40.14,35.00,27.05,0.92,5,-1,-1
200,84,1246.89,370.40,15.44,29.93,0.89,1,-1,-1
200,75,469.00,289.98,13.85,32.74,0.85,1,-1,-1
200,116,593.83,89.22,12.07,22.91,0.81,1,-1,-1
200,232,1105.26,232.51,12.03,27.32,0.89,1,-1,-1
200,238,1001.96,276.59,12.58,29.14,0.86,1,-1,-1
200,126,495.36,37.18,44.33,25.09,0.84,4,-1,-1
200,243,384.84,707.88,22.93,43.51,0.93,1,-1,-1
200,94,1101.90,230.03,11.98,27.49,0.70,1,-1,-1
200,250,143.29,64.16,48.45,26.63,0.76,8,-1,-1
200,255,1017.46,279.76,13.70,29.50,0.50,1,-1,-1
200,256,381.73,676.45,20.00,41.91,0.98,1,-1,-1
200,257,1270.46,18.49,32.54,23.13,0.98,4,-1,-1
200,259,536.05,87.70,10.85,22.11,0.86,1,-1,-1
200,260,1081.82,326.73,19.12,31.74,0.87,1,-1,-1
200,268,1317.59,119.25,12.49,23.25,0.76,1,-1,-1
200,269,1232.62,-0.47,33.44,20.88,0.98,4,-1,-1
200,274,6.38,93.29,25.92,17.38,0.78,10,-1,-1
200,279,1331.08,33.58,27.71,22.55,0.69,4,-1,-1
200,280,12.51,88.90,13.93,20.28,0.66,2,-1,-1
200,281,1047.61,273.64,15.37,29.03,0.62,1,-1,-1
200,282,1099.69,232.23,11.95,26.89,0.70,1,-1,-1
200,213,1276.50,59.41,13.63,21.05,0.56,1,-1,-1
201,23,1315.54,661.20,40.95,65.53,0.60,4,-1,-1
201,24,420.08,717.98,22.10,40.78,0.94,1,-1,-1
201,26,467.52,701.68,21.58,44.61,0.94,1,-1,-1
201,28,468.03,686.48,18.73,37.19,0.96,1,-1,-1
201,31,88.91,705.18,156.92,58.30,0.99,4,-1,-1
201,39,454.47,663.04,18.25,38.44,0.98,1,-1,-1
201,42,137.05,633.42,139.45,61.13,1.00,4,-1,-1
201,47,1221.87,508.44,128.32,66.27,0.99,4,-1,-1
201,48,177.36,560.59,132.57,58.10,1.00,4,-1,-1
201,55,1169.20,439.09,100.59,48.53,0.99,4,-1,-1
201,38,368.26,702.82,22.35,42.14,0.90,1,-1,-1
201,59,673.39,446.88,100.42,47.75,1.00,4,-1,-1
201,60,244.87,440.92,95.72,49.78,1.00,4,-1,-1
201,61,1145.39,381.40,89.72,44.53,0.99,4,-1,-1
201,63,307.36,342.08,89.27,39.10,0.99,4,-1,-1
201,64,672.24,334.33,82.31,33.56,1.00,4,-1,-1
201,65,683.10,356.64,86.33,42.68,0.99,4,-1,-1
201,66,1005.74,295.34,13.71,28.82,0.89,1,-1,-1
201,69,1054.48,325.87,17.12,33.24,0.83,1,-1,-1
201,70,1097.14,329.10,88.95,32.98,0.98,4,-1,-1
201,71,1118.41,351.46,92.54,41.12,0.99,4,-1,-1
201,73,313.71,310.44,91.37,40.55,0.99,4,-1,-1
201,74,346.83,267.47,78.29,30.63,0.99,4,-1,-1
201,76,464.81,283.93,47.74,58.05,0.97,4,-1,-1
201,77,656.94,257.85,76.25,34.05,1.00,4,-1,-1
201,78,668.12,283.47,75.36,32.21,1.00,4,-1,-1
201,79,679.35,308.44,69.92,33.18,1.00,4,-1,-1
201,80,1065.06,231.32,13.50,26.61,0.90,1,-1,-1
201,81,1041.88,257.17,81.47,33.01,0.99,4,-1,-1
201,82,1051.76,278.39,85.74,33.28,0.98,4,-1,-1
201,83,1079.86,299.64,80.52,36.19,0.99,4,-1,-1
201,88,689.01,178.29,34.28,37.87,0.97,4,-1,-1
201,89,732.70,180.14,33.26,34.95,0.98,4,-1,-1
201,90,764.99,179.11,35.98,34.01,0.99,4,-1,-1
201,91,804.07,181.43,33.32,35.11,0.98,4,-1,-1
201,92,970.93,175.61,38.85,35.64,0.99,4,-1,-1
201,95,1008.62,174.82,38.15,36.65,0.99,4,-1,-1
201,98,1042.18,178.98,42.90,36.06,0.99,4,-1,-1
201,99,1284.59,173.58,55.91,35.33,0.99,4,-1,-1
201,101,329.41,286.51,82.51,33.85,0.99,4,-1,-1
201,102,653.78,177.72,30.37,33.50,0.98,4,-1,-1
201,105,261.84,405.50,98.05,44.79,0.99,4,-1,-1
201,111,1252.86,370.59,16.57,32.87,0.97,1,-1,-1
201,114,-4.58,84.24,50.99,24.83,0.96,4,-1,-1
201,117,249.90,83.96,59.59,26.13,1.00,4,-1,-1
201,119,1020.18,293.86,15.40,28.80,0.95,1,-1,-1
201,125,4.74,45.52,52.79,26.47,1.00,4,-1,-1
201,130,1293.34,37.36,32.34,25.51,0.98,4,-1,-1
201,131,1323.15,53.93,31.78,27.16,0.95,4,-1,-1
201,137,393.08,47.60,27.42,22.31,0.99,4,-1,-1
201,138,712.65,40.94,47.70,25.25,0.96,4,-1,-1
201,156,204.18,44.31,36.75,25.85,0.96,4,-1,-1
201,167,378.38,74.62,55.92,23.10,0.99,4,-1,-1
201,169,94.07,42.92,34.59,26.65,0.81,5,-1,-1
201,84,1241.84,372.94,16.58,31.09,0.85,1,-1,-1
201,75,459.24,293.87,14.33,33.72,0.86,1,-1,-1
201,116,584.44,90.41,11.41,23.38,0.91,1,-1,-1
201,232,1098.93,232.83,11.99,27.65,0.87,1,-1,-1
201,238,994.64,278.52,13.31,29.03,0.85,1,-1,-1
201,126,485.63,39.08,44.45,24.26,0.95,4,-1,-1
201,243,375.30,720.15,23.18,42.48,0.90,1,-1,-1
201,94,1095.63,231.76,11.98,27.43,0.87,1,-1,-1
201,250,130.60,67.02,49.72,26.80,0.31,6,-1,-1
201,255,1011.20,281.30,13.70,29.81,0.19,1,-1,-1
201,256,372.93,688.47,20.17,42.41,0.96,1,-1,-1
201,257,1261.49,18.51,32.53,23.28,0.98,4,-1,-1
201,259,526.88,89.61,10.43,22.17,0.88,1,-1,-1
201,260,1075.06,328.81,18.96,31.96,0.66,1,-1,-1
201,268,1309.97,119.39,12.19,23.13,0.76,1,-1,-1
201,269,1224.26,-0.68,32.89,21.13,0.97,4,-1,-1
201,279,1321.68,32.43,36.08,23.04,0.83,4,-1,-1
201,282,1093.01,232.27,11.99,27.27,0.72,1,-1,-1
201,283,1315.70,-0.05,29.03,15.27,0.63,4,-1,-1
201,284,1334.48,323.37,23.91,35.43,0.69,4,-1,-1
202,23,1311.53,667.17,45.03,65.86,0.52,4,-1,-1
202,24,410.23,730.70,21.75,34.78,0.77,1,-1,-1
202,26,457.01,714.31,22.11,44.61,0.87,1,-1,-1
202,28,458.78,698.52,20.56,37.52,0.98,1,-1,-1
202,31,76.38,720.48,155.87,47.38,0.98,4,-1,-1
202,39,445.12,674.80,18.10,39.02,0.99,1,-1,-1
202,42,120.66,646.65,142.21,62.09,1.00,4,-1,-1
202,47,1217.11,512.82,128.59,65.41,1.00,4,-1,-1
202,48,162.17,571.79,134.51,58.74,1.00,4,-1,-1
202,55,1163.30,442.40,101.07,48.68,0.99,4,-1,-1
202,38,356.86,716.28,23.26,42.52,0.84,1,-1,-1
202,59,664.82,452.56,100.99,48.39,1.00,4,-1,-1
202,60,231.39,449.14,96.60,50.27,1.00,4,-1,-1
202,61,1138.10,384.07,91.64,44.51,0.99,4,-1,-1
202,63,294.44,347.87,90.37,39.79,0.99,4,-1,-1
202,64,663.73,338.34,82.89,33.98,1.00,4,-1,-1
202,65,673.69,361.51,87.67,42.74,0.99,4,-1,-1
202,66,998.85,297.58,13.71,28.18,0.88,1,-1,-1
202,69,1047.64,328.12,17.14,33.35,0.93,1,-1,-1
202,70,1089.89,331.04,89.17,33.51,0.99,4,-1,-1
202,71,1111.30,353.95,93.76,41.06,0.99,4,-1,-1
202,73,301.09,315.80,92.29,40.90,0.99,4,-1,-1
202,74,334.30,272.06,80.14,30.72,1.00,4,-1,-1
202,76,454.21,288.42,47.45,58.78,0.97,4,-1,-1
202,77,647.44,261.02,76.29,33.84,1.00,4,-1,-1
202,78,658.89,286.88,75.98,32.13,0.99,4,-1,-1
202,79,670.67,311.96,70.73,33.31,0.99,4,-1,-1
202,80,1056.22,232.59,13.67,26.84,0.93,1,-1,-1
202,81,1034.74,258.72,80.91,33.50,0.99,4,-1,-1
202,82,1043.79,280.09,86.90,33.60,0.98,4,-1,-1
202,83,1071.50,301.62,81.74,36.03,0.98,4,-1,-1
202,88,680.02,180.85,33.74,37.47,0.99,4,-1,-1
202,89,723.70,182.48,32.84,34.38,0.98,4,-1,-1
202,90,756.16,181.31,36.03,33.89,0.97,4,-1,-1
202,91,795.72,183.40,32.88,35.12,0.99,4,-1,-1
202,92,962.92,177.08,38.17,35.71,0.99,4,-1,-1
202,95,1000.64,175.86,37.88,37.02,1.00,4,-1,-1
202,98,1034.09,180.14,42.91,36.13,0.99,4,-1,-1
202,99,1275.82,173.70,56.40,35.55,1.00,4,-1,-1
202,101,316.50,291.46,84.40,34.94,1.00,4,-1,-1
202,102,644.29,180.20,30.16,33.59,0.98,4,-1,-1
202,105,248.91,413.46,98.51,44.34,1.00,4,-1,-1
202,111,1247.96,373.13,17.01,32.40,0.95,1,-1,-1
202,114,-5.90,86.73,33.11,25.59,0.48,4,-1,-1
202,117,228.46,86.43,60.76,26.60,0.99,4,-1,-1
202,119,1012.65,295.78,15.41,28.72,0.90,1,-1,-1
202,125,-3.34,48.23,45.15,26.71,0.96,4,-1,-1
202,130,1284.00,37.07,32.52,25.13,0.98,4,-1,-1
202,131,1314.08,53.76,38.69,28.16,0.99,4,-1,-1
202,137,381.17,49.22,27.45,22.96,0.99,4,-1,-1
202,138,702.61,41.92,47.86,25.09,0.95,4,-1,-1
202,156,189.35,46.55,38.27,26.30,0.96,4,-1,-1
202,167,362.14,76.56,57.19,23.90,0.99,4,-1,-1
202,169,78.32,45.27,35.63,27.36,0.95,5,-1,-1
202,84,1236.27,376.33,17.01,30.42,0.83,1,-1,-1
202,75,447.57,298.75,15.08,33.83,0.88,1,-1,-1
202,116,573.25,92.46,11.76,23.08,0.85,1,-1,-1
202,232,1091.65,233.40,11.98,26.95,0.86,1,-1,-1
202,238,986.97,280.29,13.58,29.29,0.86,1,-1,-1
202,126,474.53,40.43,45.09,24.81,0.70,4,-1,-1
202,243,365.51,731.84,23.27,35.81,0.62,1,-1,-1
202,94,1088.94,232.59,11.99,26.85,0.87,1,-1,-1
202,250,116.01,69.41,49.24,27.30,0.77,8,-1,-1
202,255,1003.94,282.92,13.71,29.94,0.53,1,-1,-1
202,256,362.99,701.45,19.67,40.92,0.95,1,-1,-1
202,257,1251.67,17.84,32.55,23.46,0.99,4,-1,-1
202,259,515.72,91.24,10.87,22.53,0.88,1,-1,-1
202,260,1067.63,331.08,18.91,31.78,0.87,1,-1,-1
202,268,1300.66,119.21,12.08,23.24,0.68,1,-1,-1
202,269,1213.51,-0.97,33.82,21.08,0.99,4,-1,-1
202,279,1309.94,31.71,42.79,22.61,0.99,4,-1,-1
202,282,1086.20,233.45,12.01,26.70,0.80,1,-1,-1
202,285,115.16,69.10,50.80,28.28,0.62,6,-1,-1
202,286,1327.65,0.22,23.91,20.43,0.86,4,-1,-1
203,23,1307.58,672.21,48.71,65.31,0.79,4,-1,-1
203,24,400.09,742.51,20.99,24.45,0.34,1,-1,-1
203,26,446.73,727.41,21.14,38.30,0.80,1,-1,-1
203,28,449.77,710.58,21.24,37.02,0.99,1,-1,-1
203,31,63.80,734.72,154.88,32.67,0.77,4,-1,-1
203,39,436.53,686.51,17.88,39.19,0.99,1,-1,-1
203,42,104.52,659.53,144.64,63.47,1.00,4,-1,-1
203,47,1211.27,516.37,128.50,65.00,1.00,4,-1,-1
203,48,147.45,582.90,136.29,59.46,1.00,4,-1,-1
203,55,1155.99,445.40,101.10,48.09,1.00,4,-1,-1
203,38,347.87,730.28,22.18,35.21,0.51,1,-1,-1
203,59,656.08,458.11,101.63,48.56,1.00,4,-1,-1
203,60,217.13,457.34,98.55,50.94,1.00,4,-1,-1
203,61,1130.87,386.49,91.11,44.43,0.99,4,-1,-1
203,63,281.60,354.06,90.95,39.99,0.99,4,-1,-1
203,64,654.44,342.18,82.99,34.66,1.00,4,-1,-1
203,65,664.89,366.48,87.49,42.14,1.00,4,-1,-1
203,66,989.71,298.85,13.70,28.75,0.87,1,-1,-1
203,69,1039.59,330.48,17.12,32.78,0.91,1,-1,-1
203,70,1081.61,333.27,89.13,33.37,0.99,4,-1,-1
203,71,1103.06,355.93,94.09,40.98,0.99,4,-1,-1
203,73,287.80,321.45,93.62,41.54,0.99,4,-1,-1
203,74,322.40,276.78,79.88,31.28,0.99,4,-1,-1
203,76,442.75,292.79,48.40,59.82,0.96,4,-1,-1
203,77,638.08,264.24,76.19,34.01,0.99,4,-1,-1
203,78,649.62,290.14,76.11,32.61,1.00,4,-1,-1
203,79,660.73,316.08,71.51,33.59,1.00,4,-1,-1
203,80,1046.82,234.02,13.72,27.18,0.90,1,-1,-1
203,81,1024.89,260.49,82.85,33.63,0.99,4,-1,-1
203,82,1036.44,282.03,84.97,33.11,0.98,4,-1,-1
203,83,1063.40,303.49,80.96,35.63,0.97,4,-1,-1
203,88,669.69,183.18,34.62,37.97,0.98,4,-1,-1
203,89,713.59,184.66,33.20,34.68,0.98,4,-1,-1
203,90,746.07,183.23,35.99,33.93,0.98,4,-1,-1
203,91,786.04,185.30,32.66,35.21,0.99,4,-1,-1
203,92,954.01,178.38,37.85,36.11,0.99,4,-1,-1
203,95,990.54,177.07,38.87,37.11,1.00,4,-1,-1
203,98,1023.91,181.10,43.99,36.38,0.99,4,-1,-1
203,99,1265.62,173.79,56.51,35.30,0.99,4,-1,-1
203,101,303.35,297.13,85.30,34.47,0.99,4,-1,-1
203,102,634.38,182.71,30.04,33.57,0.98,4,-1,-1
203,105,235.73,420.94,99.38,44.81,0.99,4,-1,-1
203,111,1241.43,375.90,17.15,32.17,0.95,1,-1,-1
203,117,206.91,89.56,60.90,26.92,1.00,4,-1,-1
203,119,1003.84,297.22,15.40,28.65,0.90,1,-1,-1
203,125,-4.51,51.06,29.86,26.56,0.73,4,-1,-1
203,130,1272.47,36.69,32.53,24.94,0.98,4,-1,-1
203,131,1302.58,53.72,41.65,28.07,0.99,4,-1,-1
203,137,368.99,51.33,27.70,22.77,0.99,4,-1,-1
203,138,692.13,43.04,47.86,24.74,0.97,4,-1,-1
203,156,175.44,49.09,38.16,26.10,0.97,4,-1,-1
203,167,345.80,79.06,58.44,24.37,0.97,4,-1,-1
203,169,62.79,47.90,36.96,27.58,0.80,5,-1,-1
203,84,1228.94,379.56,17.15,29.25,0.89,1,-1,-1
203,75,436.40,303.13,15.22,35.79,0.84,1,-1,-1
203,116,561.10,94.30,11.88,23.01,0.70,1,-1,-1
203,232,1083.93,236.15,11.97,26.35,0.73,1,-1,-1
203,238,978.14,282.27,13.67,29.64,0.75,1,-1,-1
203,126,463.09,42.09,45.27,24.90,0.70,4,-1,-1
203,94,1081.43,233.00,10.85,26.87,0.46,1,-1,-1
203,250,100.67,72.34,50.36,27.81,0.34,8,-1,-1
203,255,994.67,285.24,13.70,29.94,0.48,1,-1,-1
203,256,352.61,713.61,19.16,40.88,0.94,1,-1,-1
203,257,1240.02,17.70,32.51,23.29,0.99,4,-1,-1
203,259,503.93,93.53,11.58,22.61,0.89,1,-1,-1
203,260,1059.34,333.58,18.87,31.38,0.82,1,-1,-1
203,268,1289.12,119.06,13.17,23.12,0.82,1,-1,-1
203,269,1201.57,-0.89,34.13,20.53,0.98,4,-1,-1
203,279,1296.03,31.00,45.44,22.39,0.98,4,-1,-1
203,282,1078.86,234.06,10.65,26.79,0.82,1,-1,-1
203,286,1316.54,-0.20,23.95,20.25,0.87,5,-1,-1
203,287,462.76,41.89,45.25,25.13,0.69,5,-1,-1
203,288,1189.34,36.87,13.66,15.96,0.65,3,-1,-1
203,289,1291.79,-0.06,27.32,13.74,0.70,4,-1,-1
204,23,1304.32,678.80,52.42,64.58,0.78,4,-1,-1
204,26,435.39,740.67,20.61,27.40,0.28,1,-1,-1
204,28,442.13,723.40,20.96,37.42,0.92,1,-1,-1
204,39,426.82,700.00,18.38,38.17,0.99,1,-1,-1
204,42,87.12,673.69,148.33,65.17,1.00,4,-1,-1
204,47,1205.52,520.88,129.70,64.91,1.00,4,-1,-1
204,48,131.88,595.52,138.74,60.34,1.00,4,-1,-1
204,55,1150.80,448.51,101.19,48.49,0.99,4,-1,-1
204,59,647.94,464.96,100.83,48.11,1.00,4,-1,-1
204,60,202.40,466.27,100.98,51.80,1.00,4,-1,-1
204,61,1124.01,389.79,92.11,43.88,0.99,4,-1,-1
204,63,268.38,360.47,91.80,40.96,1.00,4,-1,-1
204,64,645.83,346.76,83.10,34.95,0.99,4,-1,-1
204,65,656.20,370.80,88.05,43.09,1.00,4,-1,-1
204,66,983.14,300.24,13.71,29.55,0.89,1,-1,-1
204,69,1032.35,333.28,17.13,32.87,0.93,1,-1,-1
204,70,1074.33,335.74,89.19,33.07,0.98,4,-1,-1
204,71,1096.36,358.74,94.29,40.99,0.99,4,-1,-1
204,73,274.70,326.66,94.76,42.94,0.99,4,-1,-1
204,74,309.14,282.03,81.54,31.52,0.98,4,-1,-1
204,76,431.58,298.08,48.37,59.98,0.98,4,-1,-1
204,77,628.30,267.68,77.36,34.39,1.00,4,-1,-1
204,78,640.17,293.62,76.78,33.39,0.99,4,-1,-1
204,79,651.88,319.89,71.29,34.29,1.00,4,-1,-1
204,80,1038.53,236.26,12.62,27.04,0.92,1,-1,-1
204,81,1016.98,262.46,82.53,33.44,0.99,4,-1,-1
204,82,1028.91,284.06,85.43,32.96,0.99,4,-1,-1
204,83,1056.74,305.80,80.72,35.80,0.97,4,-1,-1
204,88,660.13,185.74,34.42,38.41,0.99,4,-1,-1
204,89,704.16,187.03,33.37,35.03,0.98,4,-1,-1
204,90,736.68,185.50,36.01,34.06,0.98,4,-1,-1
204,91,777.13,187.71,32.60,35.07,0.99,4,-1,-1
204,92,945.25,179.60,38.89,36.58,0.99,4,-1,-1
204,95,983.07,178.61,38.15,37.18,0.99,4,-1,-1
204,98,1015.87,182.20,43.31,36.66,0.99,4,-1,-1
204,99,1256.69,174.02,56.59,35.67,0.99,4,-1,-1
204,101,290.03,302.76,85.98,34.88,1.00,4,-1,-1
204,102,624.68,185.55,30.01,33.60,0.99,4,-1,-1
204,105,220.94,428.72,101.75,46.44,0.99,4,-1,-1
204,111,1237.15,379.58,16.10,32.96,0.94,1,-1,-1
204,117,184.04,92.67,61.50,27.56,0.99,4,-1,-1
204,119,996.29,298.94,14.27,28.65,0.87,1,-1,-1
204,130,1261.96,36.49,32.57,24.90,0.99,4,-1,-1
204,131,1292.19,53.83,42.95,28.05,0.99,4,-1,-1
204,137,356.64,53.48,27.82,22.55,0.99,4,-1,-1
204,138,682.00,44.30,47.90,24.86,0.95,4,-1,-1
204,156,161.05,51.58,38.14,25.83,0.98,4,-1,-1
204,167,329.45,81.89,58.69,24.09,0.99,4,-1,-1
204,169,46.22,50.20,36.68,28.00,0.92,5,-1,-1
204,84,1223.80,383.13,17.21,29.99,0.81,1,-1,-1
204,75,425.19,308.15,15.00,34.89,0.89,1,-1,-1
204,116,549.95,96.14,11.93,23.76,0.98,1,-1,-1
204,232,1076.27,238.32,11.97,26.44,0.82,1,-1,-1
204,238,970.56,284.46,13.71,29.81,0.84,1,-1,-1
204,126,451.54,43.56,44.81,25.27,0.64,4,-1,-1
204,94,1074.37,233.86,10.41,27.19,0.40,1,-1,-1
204,250,84.51,76.00,51.94,27.88,0.32,8,-1,-1
204,255,986.94,287.58,13.71,31.10,0.43,1,-1,-1
204,256,342.16,727.25,18.69,36.32,0.91,1,-1,-1
204,257,1229.99,17.38,32.53,23.52,0.99,4,-1,-1
204,259,492.56,96.02,11.86,22.98,0.90,1,-1,-1
204,260,1051.45,335.58,18.86,31.54,0.87,1,-1,-1
204,268,1279.77,119.10,12.48,23.37,0.64,1,-1,-1
204,269,1191.98,-0.87,33.14,20.19,0.98,4,-1,-1
204,279,1284.51,30.35,45.20,22.22,0.97,4,-1,-1
204,282,1071.71,235.27,11.60,26.87,0.86,1,-1,-1
204,286,1306.77,-0.35,22.67,19.46,0.81,4,-1,-1
204,287,450.89,43.75,45.36,25.61,0.71,4,-1,-1
204,288,1179.87,36.48,13.70,15.97,0.74,3,-1,-1
204,289,1281.11,-0.29,28.75,13.15,0.67,4,-1,-1
204,290,979.30,298.40,13.66,29.46,0.84,1,-1,-1
204,291,1312.28,324.87,46.10,35.43,0.61,4,-1,-1
205,23,1301.88,685.09,54.96,64.26,0.54,4,-1,-1
205,28,433.87,736.19,20.81,30.19,0.73,1,-1,-1
205,39,417.60,712.22,18.70,38.33,0.99,1,-1,-1
205,42,70.73,688.16,151.24,66.31,1.00,4,-1,-1
205,47,1201.12,525.40,130.08,64.27,1.00,4,-1,-1
205,48,116.49,608.35,141.26,60.63,1.00,4,-1,-1
205,55,1144.96,452.29,101.16,48.05,0.99,4,-1,-1
205,59,639.91,471.53,102.14,48.48,1.00,4,-1,-1
205,60,188.66,475.01,101.84,53.21,0.99,4,-1,-1
205,61,1117.58,392.40,92.42,44.21,0.99,4,-1,-1
205,63,255.43,367.08,93.47,41.86,1.00,4,-1,-1
205,64,637.04,351.29,83.66,35.31,0.99,4,-1,-1
205,65,646.81,375.63,89.90,43.70,0.99,4,-1,-1
205,66,975.77,303.05,13.70,29.28,0.87,1,-1,-1
205,69,1025.26,335.61,17.13,33.18,0.94,1,-1,-1
205,70,1067.76,338.66,89.15,32.93,0.99,4,-1,-1
205,71,1089.44,361.06,94.30,41.26,0.99,4,-1,-1
205,73,261.79,332.70,95.41,43.72,0.99,4,-1,-1
205,74,296.15,287.01,82.95,31.87,0.99,4,-1,-1
205,76,419.85,302.77,49.31,60.84,0.94,4,-1,-1
205,77,618.80,271.28,78.32,34.51,1.00,4,-1,-1
205,78,630.78,297.92,77.57,33.38,0.99,4,-1,-1
205,79,642.43,324.44,72.87,34.25,1.00,4,-1,-1
205,80,1029.32,238.03,13.34,27.55,0.93,1,-1,-1
205,81,1009.65,264.67,82.35,33.06,0.99,4,-1,-1
205,82,1020.59,285.87,86.68,33.45,0.98,4,-1,-1
205,83,1049.30,308.26,81.71,35.56,0.99,4,-1,-1
205,88,650.71,188.43,34.32,38.48,0.98,4,-1,-1
205,89,695.04,189.44,33.41,35.14,0.99,4,-1,-1
205,90,727.55,187.95,36.56,34.29,0.97,4,-1,-1
205,91,768.16,189.86,32.56,34.99,0.99,4,-1,-1
205,92,936.53,181.09,39.27,36.45,0.99,4,-1,-1
205,95,974.25,180.02,38.98,37.47,0.99,4,-1,-1
205,98,1007.96,183.79,43.01,36.53,0.99,4,-1,-1
205,99,1247.75,173.96,56.58,36.22,1.00,4,-1,-1
205,101,277.59,308.14,87.01,35.85,1.00,4,-1,-1
205,102,614.36,188.13,30.56,33.87,0.99,4,-1,-1
205,105,207.02,436.78,104.56,46.73,0.99,4,-1,-1
205,111,1232.15,383.02,16.81,33.53,0.93,1,-1,-1
205,117,162.11,95.97,62.11,27.54,1.00,4,-1,-1
205,119,989.15,300.77,13.83,28.92,0.87,1,-1,-1
205,130,1251.31,36.51,32.56,24.62,0.97,4,-1,-1
205,131,1281.53,53.44,44.48,28.02,0.99,4,-1,-1
205,137,344.49,55.89,28.13,22.75,0.99,4,-1,-1
205,138,671.77,45.57,47.89,25.04,0.95,4,-1,-1
205,156,146.63,54.58,38.26,25.50,0.97,4,-1,-1
205,167,312.99,84.12,59.86,24.81,0.99,4,-1,-1
205,169,30.30,53.01,36.81,28.34,0.88,5,-1,-1
205,84,1218.48,387.09,17.22,30.24,0.80,1,-1,-1
205,75,413.88,313.43,15.32,35.35,0.74,1,-1,-1
205,116,538.31,98.65,12.52,23.64,0.92,1,-1,-1
205,232,1067.85,239.49,11.97,27.32,0.47,1,-1,-1
205,238,962.83,286.46,13.72,29.86,0.72,1,-1,-1
205,126,439.77,45.25,45.18,25.56,0.54,4,-1,-1
205,250,69.58,78.89,51.71,27.75,0.95,8,-1,-1
205,255,979.71,289.22,13.70,29.84,0.41,1,-1,-1
205,256,331.73,740.67,18.76,26.75,0.76,1,-1,-1
205,257,1218.98,17.23,32.52,23.53,0.98,4,-1,-1
205,259,481.13,98.28,12.52,23.36,0.90,1,-1,-1
205,260,1044.12,338.04,18.85,31.87,0.74,1,-1,-1
205,268,1270.05,119.00,12.17,23.03,0.51,1,-1,-1
205,269,1180.57,-0.74,33.88,20.06,0.97,4,-1,-1
205,279,1271.72,29.53,45.91,22.07,0.99,4,-1,-1
205,282,1065.29,237.14,11.86,27.82,0.85,1,-1,-1
205,286,1294.50,-0.27,23.57,19.12,0.90,5,-1,-1
205,287,437.95,45.73,47.37,25.86,0.83,4,-1,-1
205,288,1169.77,36.38,13.71,16.55,0.52,3,-1,-1
205,289,1271.49,-0.36,29.04,12.56,0.68,4,-1,-1
205,290,971.67,301.34,13.71,28.47,0.71,1,-1,-1
205,291,1305.23,326.68,53.04,34.76,0.75,4,-1,-1
205,292,68.62,78.60,52.51,27.64,0.95,6,-1,-1
205,293,1293.50,-0.01,23.91,19.42,0.68,4,-1,-1
206,23,1300.53,691.46,57.07,65.31,0.79,4,-1,-1
206,39,408.93,725.01,19.38,37.84,0.97,1,-1,-1
206,42,54.39,702.56,155.13,62.87,0.98,4,-1,-1
206,47,1197.39,529.96,131.35,64.66,0.99,4,-1,-1
206,48,101.76,620.47,143.86,62.46,1.00,4,-1,-1
206,55,1140.15,455.73,102.27,49.05,0.99,4,-1,-1
206,59,632.50,478.09,103.20,49.22,1.00,4,-1,-1
206,60,175.41,483.94,102.71,54.34,0.99,4,-1,-1
206,61,1113.12,395.96,91.41,44.09,0.99,4,-1,-1
206,63,243.35,373.83,94.39,42.23,0.99,4,-1,-1
206,64,628.82,356.12,85.00,36.32,1.00,4,-1,-1
206,65,640.03,381.28,89.49,43.40,1.00,4,-1,-1
206,66,970.98,306.54,12.56,27.75,0.91,1,-1,-1
206,69,1019.44,337.90,17.12,33.87,0.94,1,-1,-1
206,70,1062.15,341.33,89.13,33.20,0.99,4,-1,-1
206,71,1084.24,364.50,94.30,41.11,0.99,4,-1,-1
206,73,250.57,338.82,95.93,44.05,0.99,4,-1,-1
206,74,284.90,292.17,83.20,32.59,0.99,4,-1,-1
206,76,409.80,307.31,50.08,62.02,0.99,4,-1,-1
206,77,610.33,275.05,78.69,35.15,1.00,4,-1,-1
206,78,623.20,301.82,77.87,33.40,1.00,4,-1,-1
206,79,634.82,328.71,73.46,35.39,1.00,4,-1,-1
206,80,1021.65,240.12,13.59,26.90,0.95,1,-1,-1
206,81,1002.64,266.78,83.41,32.94,0.99,4,-1,-1
206,82,1014.88,288.67,86.04,33.38,0.98,4,-1,-1
206,83,1042.80,310.89,82.09,35.78,0.98,4,-1,-1
206,88,642.01,191.02,34.85,39.09,0.99,4,-1,-1
206,89,687.03,191.93,33.42,35.62,0.99,4,-1,-1
206,90,718.99,190.33,36.77,34.96,0.99,4,-1,-1
206,91,759.94,192.28,33.12,35.40,1.00,4,-1,-1
206,92,929.57,182.62,38.27,36.98,0.99,4,-1,-1
206,95,966.70,181.38,39.29,37.74,1.00,4,-1,-1
206,98,1001.33,184.89,42.89,37.27,0.99,4,-1,-1
206,99,1240.22,174.65,56.58,36.59,0.99,4,-1,-1
206,101,265.86,313.73,88.24,36.80,1.00,4,-1,-1
206,102,606.17,190.53,30.20,34.41,0.99,4,-1,-1
206,105,194.61,445.04,105.69,48.14,0.99,4,-1,-1
206,111,1228.80,387.17,17.07,33.19,0.95,1,-1,-1
206,117,141.17,99.24,61.92,27.44,1.00,4,-1,-1
206,119,982.73,303.02,13.67,29.32,0.91,1,-1,-1
206,130,1242.09,36.65,32.56,24.43,0.98,4,-1,-1
206,131,1272.34,53.39,45.07,28.00,0.99,4,-1,-1
206,137,333.20,57.71,28.25,23.11,0.99,4,-1,-1
206,138,662.82,46.83,47.90,24.83,0.98,4,-1,-1
206,156,133.69,56.76,38.30,25.69,0.98,4,-1,-1
206,167,297.78,86.82,60.03,25.07,0.99,4,-1,-1
206,169,15.33,56.08,37.07,28.41,0.95,5,-1,-1
206,84,1215.01,391.02,17.22,30.34,0.90,1,-1,-1
206,75,403.84,319.18,15.15,35.80,0.79,1,-1,-1
206,116,528.52,101.07,12.18,23.66,0.94,1,-1,-1
206,232,1060.98,240.51,11.97,28.22,0.67,1,-1,-1
206,238,957.35,288.49,12.58,30.16,0.81,1,-1,-1
206,126,428.79,46.68,46.45,25.76,0.82,4,-1,-1
206,250,54.76,82.86,51.69,26.37,0.85,8,-1,-1
206,255,973.85,291.95,13.70,29.92,0.43,1,-1,-1
206,257,1209.62,17.00,32.51,23.80,0.98,4,-1,-1
206,259,471.38,100.69,12.22,23.47,0.95,1,-1,-1
206,260,1038.21,341.38,18.84,31.45,0.90,1,-1,-1
206,268,1262.28,119.55,12.05,23.20,0.76,1,-1,-1
206,269,1171.08,-0.63,34.16,19.72,0.99,4,-1,-1
206,279,1261.14,28.98,44.95,21.67,0.99,4,-1,-1
206,282,1059.11,238.97,11.95,28.45,0.87,1,-1,-1
206,286,1284.74,-0.24,23.85,18.44,0.72,5,-1,-1
206,287,428.79,46.87,45.89,25.52,0.22,4,-1,-1
206,289,1261.43,-0.17,29.10,12.19,0.66,4,-1,-1
206,290,965.00,303.19,12.41,27.61,0.76,1,-1,-1
206,291,1300.29,328.00,58.17,34.97,0.75,4,-1,-1
206,293,1285.16,-0.23,23.97,18.53,0.82,4,-1,-1
206,294,1332.77,61.63,25.61,28.50,0.84,4,-1,-1
207,23,1300.33,699.05,57.87,64.55,0.52,4,-1,-1
207,39,401.71,738.17,19.05,29.61,0.81,1,-1,-1
207,42,40.65,717.71,157.51,51.12,0.92,4,-1,-1
207,47,1195.25,535.27,131.76,65.38,1.00,4,-1,-1
207,48,87.75,633.09,147.39,63.14,1.00,4,-1,-1
207,55,1136.53,460.08,103.78,49.42,0.99,4,-1,-1
207,59,626.13,484.90,104.69,49.49,1.00,4,-1,-1
207,60,162.94,492.95,105.29,55.31,1.00,4,-1,-1
207,61,1107.97,399.41,93.25,44.18,1.00,4,-1,-1
207,63,232.33,380.71,96.38,42.36,0.99,4,-1,-1
207,64,622.45,360.80,84.91,36.42,1.00,4,-1,-1
207,65,633.66,386.83,89.84,42.99,0.99,4,-1,-1
207,66,965.76,309.12,13.29,28.33,0.84,1,-1,-1
207,69,1014.96,340.74,17.11,33.28,0.87,1,-1,-1
207,70,1057.17,343.89,91.34,34.14,0.99,4,-1,-1
207,71,1080.55,367.77,94.25,41.62,0.98,4,-1,-1
207,73,239.74,345.05,96.64,44.43,0.99,4,-1,-1
207,74,274.76,297.52,83.81,32.86,0.98,4,-1,-1
207,76,401.03,312.43,50.48,62.45,0.98,4,-1,-1
207,77,603.05,278.53,79.35,35.67,1.00,4,-1,-1
207,78,615.68,305.76,79.07,33.96,0.99,4,-1,-1
207,79,628.13,332.92,74.22,35.81,1.00,4,-1,-1
207,80,1014.81,243.09,13.68,27.78,0.95,1,-1,-1
207,81,997.18,269.30,84.91,33.18,1.00,4,-1,-1
207,82,1009.34,291.17,86.88,33.92,0.98,4,-1,-1
207,83,1037.50,313.31,83.32,37.00,0.99,4,-1,-1
207,88,634.65,193.83,35.03,39.30,0.98,4,-1,-1
207,89,679.63,194.79,33.97,35.86,0.98,4,-1,-1
207,90,712.21,192.73,37.39,35.42,0.98,4,-1,-1
207,91,752.71,194.77,33.87,36.12,0.99,4,-1,-1
207,92,923.62,185.03,39.01,36.68,0.98,4,-1,-1
207,95,960.51,183.17,39.39,38.04,1.00,4,-1,-1
207,98,994.32,186.44,43.97,37.05,0.99,4,-1,-1
207,99,1233.97,175.76,56.55,36.73,0.99,4,-1,-1
207,101,255.25,319.22,89.51,37.44,1.00,4,-1,-1
207,102,598.74,193.68,30.61,34.46,0.98,4,-1,-1
207,105,183.65,453.27,105.79,48.10,0.99,4,-1,-1
207,111,1226.81,391.54,17.15,32.76,0.97,1,-1,-1
207,117,121.31,102.34,62.93,27.68,1.00,4,-1,-1
207,119,976.91,305.86,14.78,29.47,0.90,1,-1,-1
207,130,1234.12,36.83,32.54,24.50,0.98,4,-1,-1
207,131,1263.81,53.98,46.32,28.22,1.00,4,-1,-1
207,137,323.46,59.67,28.56,23.60,0.99,4,-1,-1
207,138,655.11,48.05,47.88,25.18,0.97,4,-1,-1
207,156,121.79,59.25,38.86,26.26,0.98,4,-1,-1
207,167,284.02,89.49,60.34,25.13,0.99,4,-1,-1
207,169,2.37,58.49,37.85,29.28,0.91,5,-1,-1
207,84,1212.43,395.29,17.20,30.66,0.94,1,-1,-1
207,75,394.37,324.18,15.64,36.25,0.82,1,-1,-1
207,116,518.86,103.41,13.18,24.18,0.86,1,-1,-1
207,232,1056.11,242.80,11.97,27.71,0.88,1,-1,-1
207,238,951.92,290.95,13.31,30.29,0.50,1,-1,-1
207,126,420.80,49.28,45.65,25.28,0.92,4,-1,-1
207,250,42.30,84.49,53.19,27.86,0.66,8,-1,-1
207,255,968.83,294.98,13.69,31.64,0.28,1,-1,-1
207,257,1201.61,17.43,32.50,23.54,0.98,4,-1,-1
207,259,462.60,103.65,12.09,22.94,0.93,1,-1,-1
207,260,1033.14,344.20,18.83,32.13,0.95,1,-1,-1
207,268,1255.38,120.20,12.00,22.83,0.76,1,-1,-1
207,269,1163.05,-0.35,34.24,19.80,0.98,4,-1,-1
207,279,1251.53,28.43,44.38,21.94,0.98,4,-1,-1
207,282,1053.90,241.12,11.97,28.07,0.69,1,-1,-1
207,286,1275.98,-0.09,23.93,18.12,0.90,5,-1,-1
207,289,1251.81,0.03,29.10,12.22,0.58,4,-1,-1
207,290,959.67,305.54,11.95,28.00,0.64,1,-1,-1
207,291,1295.20,329.98,63.77,35.69,0.71,4,-1,-1
207,294,1326.12,61.82,28.41,27.50,0.90,4,-1,-1
207,288,1153.13,36.38,13.70,16.92,0.63,3,-1,-1
208,23,1300.33,706.92,58.13,59.69,0.53,4,-1,-1
208,42,30.71,732.40,155.84,36.10,0.44,4,-1,-1
208,47,1192.96,541.19,132.99,65.12,0.99,4,-1,-1
208,48,74.28,645.12,149.68,63.98,1.00,4,-1,-1
208,55,1134.31,464.82,103.17,49.59,1.00,4,-1,-1
208,59,620.20,491.99,105.76,49.62,1.00,4,-1,-1
208,60,151.94,502.33,105.52,55.69,1.00,4,-1,-1
208,61,1104.66,403.82,92.77,43.96,1.00,4,-1,-1
208,63,222.33,387.13,96.24,42.99,1.00,4,-1,-1
208,64,616.31,365.61,85.40,36.47,1.00,4,-1,-1
208,65,627.78,391.09,90.47,44.56,1.00,4,-1,-1
208,66,961.38,312.49,13.53,27.68,0.86,1,-1,-1
208,69,1010.83,344.36,17.09,31.90,0.95,1,-1,-1
208,70,1053.96,347.41,89.89,34.53,0.99,4,-1,-1
208,71,1076.11,371.41,95.32,42.12,0.99,4,-1,-1
208,73,229.25,351.54,97.69,44.60,0.98,4,-1,-1
208,74,265.37,303.01,84.28,33.26,0.99,4,-1,-1
208,76,393.24,317.47,50.02,62.88,0.94,4,-1,-1
208,77,596.33,282.22,80.13,35.89,1.00,4,-1,-1
208,78,609.68,310.17,78.93,34.20,1.00,4,-1,-1
208,79,621.87,337.70,74.47,35.70,1.00,4,-1,-1
208,80,1009.28,246.65,13.70,26.98,0.96,1,-1,-1
208,81,992.73,272.25,84.31,33.30,0.99,4,-1,-1
208,82,1005.97,293.96,84.89,34.44,0.97,4,-1,-1
208,83,1033.63,316.64,82.62,36.64,0.98,4,-1,-1
208,88,627.92,196.32,35.64,39.81,0.99,4,-1,-1
208,89,673.44,197.11,34.16,36.31,0.99,4,-1,-1
208,90,705.68,195.59,37.60,35.38,0.98,4,-1,-1
208,91,747.12,196.84,33.57,36.74,0.99,4,-1,-1
208,92,917.91,186.66,39.26,37.13,0.99,4,-1,-1
208,95,955.27,185.15,39.39,38.30,0.99,4,-1,-1
208,98,989.34,188.28,44.34,37.33,0.99,4,-1,-1
208,99,1228.66,176.85,56.50,37.07,1.00,4,-1,-1
208,101,245.55,325.02,90.22,37.42,1.00,4,-1,-1
208,102,591.42,196.50,30.74,34.98,0.99,4,-1,-1
208,105,172.18,461.26,106.80,48.10,1.00,4,-1,-1
208,111,1225.19,395.90,17.16,32.59,0.97,1,-1,-1
208,117,102.18,104.91,63.43,27.65,0.99,4,-1,-1
208,119,972.31,309.07,14.04,29.23,0.91,1,-1,-1
208,130,1228.27,37.57,32.51,24.68,0.97,4,-1,-1
208,131,1257.66,54.49,45.68,28.24,0.99,4,-1,-1
208,137,314.15,61.69,29.22,24.07,0.99,4,-1,-1
208,138,648.03,49.21,48.42,25.77,0.97,4,-1,-1
208,156,111.31,61.59,38.78,26.06,0.97,4,-1,-1
208,167,270.09,91.79,61.54,25.76,0.99,4,-1,-1
208,169,-3.02,60.26,31.63,30.60,0.49,5,-1,-1
208,84,1210.03,400.31,17.17,30.49,0.90,1,-1,-1
208,75,386.45,329.87,14.68,35.55,0.94,1,-1,-1
208,116,510.79,105.92,12.98,24.22,0.94,1,-1,-1
208,232,1052.43,244.87,13.10,28.09,0.21,1,-1,-1
208,238,948.04,294.01,12.41,28.62,0.64,1,-1,-1
208,126,412.71,50.98,45.73,25.95,0.78,4,-1,-1
208,250,29.51,87.14,54.07,28.34,0.25,8,-1,-1
208,255,964.54,297.68,13.68,33.67,0.37,1,-1,-1
208,257,1195.20,18.02,32.48,23.67,0.98,4,-1,-1
208,259,454.30,106.19,12.59,22.99,0.96,1,-1,-1
208,260,1028.78,347.67,18.81,32.39,0.90,1,-1,-1
208,268,1248.73,120.99,13.12,23.70,0.78,1,-1,-1
208,269,1156.64,-0.05,34.25,20.25,0.99,4,-1,-1
208,279,1243.38,28.50,44.03,21.91,0.99,4,-1,-1
208,282,1050.10,243.55,13.14,28.51,0.91,1,-1,-1
208,286,1268.77,0.15,23.94,18.38,0.60,5,-1,-1
208,289,1244.90,0.28,29.08,12.35,0.62,4,-1,-1
208,290,953.96,308.58,11.84,26.19,0.66,1,-1,-1
208,291,1291.29,332.56,66.84,35.60,0.85,4,-1,-1
208,294,1319.79,61.66,28.96,27.81,0.92,4,-1,-1
208,288,1146.71,37.29,13.69,16.47,0.54,3,-1,-1
208,295,411.96,62.38,12.81,23.59,0.82,1,-1,-1
208,296,412.81,50.51,45.25,26.81,0.84,5,-1,-1
208,297,418.57,60.35,13.23,23.05,0.77,1,-1,-1
208,298,1325.94,1.07,30.74,20.88,0.69,4,-1,-1
208,293,1269.81,-0.05,23.97,18.61,0.89,4,-1,-1
209,23,1300.72,715.10,58.18,51.92,0.39,4,-1,-1
209,47,1191.46,547.03,133.38,65.00,1.00,4,-1,-1
209,48,60.66,656.42,152.81,65.94,1.00,4,-1,-1
209,55,1132.33,469.43,102.87,49.63,0.99,4,-1,-1
209,59,613.98,498.81,107.79,50.21,1.00,4,-1,-1
209,60,140.39,511.36,106.28,56.36,0.99,4,-1,-1
209,61,1101.74,407.21,92.53,44.43,0.99,4,-1,-1
209,63,211.93,393.45,97.73,44.05,1.00,4,-1,-1
209,64,610.01,370.26,86.10,37.31,0.99,4,-1,-1
209,65,621.57,396.64,91.81,44.57,1.00,4,-1,-1
209,66,956.99,315.56,13.61,27.71,0.91,1,-1,-1
209,69,1005.94,347.19,17.07,33.11,0.93,1,-1,-1
209,70,1050.55,350.36,89.27,34.66,0.99,4,-1,-1
209,71,1072.77,374.53,95.68,42.57,0.99,4,-1,-1
209,73,218.88,356.66,99.71,46.03,0.99,4,-1,-1
209,74,255.54,307.78,85.24,33.95,0.99,4,-1,-1
209,76,384.49,322.35,50.94,64.13,0.98,4,-1,-1
209,77,589.83,285.65,80.94,36.80,1.00,4,-1,-1
209,78,603.18,314.15,79.39,34.26,0.99,4,-1,-1
209,79,615.82,341.80,74.50,37.05,1.00,4,-1,-1
209,80,1003.34,249.11,13.69,27.51,0.95,1,-1,-1
209,81,987.75,274.60,84.02,33.62,0.98,4,-1,-1
209,82,1000.82,296.67,86.39,34.61,0.97,4,-1,-1
209,83,1029.98,319.82,82.30,37.33,0.99,4,-1,-1
209,88,621.13,199.01,36.42,40.47,0.97,4,-1,-1
209,89,667.11,199.74,34.21,36.95,0.98,4,-1,-1
209,90,699.78,198.08,37.66,35.92,0.97,4,-1,-1
209,91,740.71,199.38,34.58,37.03,0.97,4,-1,-1
209,92,912.51,188.36,39.33,37.77,0.99,4,-1,-1
209,95,950.03,186.56,39.37,38.59,0.99,4,-1,-1
209,98,983.61,190.27,44.46,37.27,0.99,4,-1,-1
209,99,1222.74,177.67,57.60,37.47,0.99,4,-1,-1
209,101,235.05,330.18,92.11,38.50,1.00,4,-1,-1
209,102,584.15,199.03,31.91,35.65,0.99,4,-1,-1
209,105,161.76,469.24,107.66,49.76,0.99,4,-1,-1
209,111,1223.36,400.52,17.15,33.65,0.97,1,-1,-1
209,117,83.10,107.93,63.01,27.62,1.00,4,-1,-1
209,119,967.29,311.79,13.74,29.12,0.92,1,-1,-1
209,130,1222.20,37.91,32.49,24.91,0.97,4,-1,-1
209,131,1250.88,54.77,45.34,27.95,0.99,4,-1,-1
209,137,305.28,63.66,28.89,24.31,0.99,4,-1,-1
209,138,641.11,50.56,48.61,25.93,0.97,4,-1,-1
209,156,100.76,63.71,38.47,26.05,0.97,4,-1,-1
209,167,256.67,94.34,62.25,25.88,0.99,4,-1,-1
209,84,1207.92,405.32,17.15,30.98,0.88,1,-1,-1
209,75,377.50,334.70,15.45,37.26,0.89,1,-1,-1
209,116,503.03,107.85,11.76,24.46,0.95,1,-1,-1
209,232,1047.16,245.64,13.50,29.05,0.94,1,-1,-1
209,238,942.72,296.38,13.23,28.86,0.50,1,-1,-1
209,126,404.82,52.40,45.32,26.24,0.54,4,-1,-1
209,255,959.05,300.20,14.80,32.25,0.35,1,-1,-1
209,257,1188.35,18.25,32.46,23.66,0.98,4,-1,-1
209,259,447.01,108.69,11.65,22.89,0.97,1,-1,-1
209,260,1024.38,349.89,19.94,33.61,0.88,1,-1,-1
209,268,1242.86,121.11,13.52,24.85,0.72,1,-1,-1
209,269,1149.82,0.09,34.24,20.36,0.98,4,-1,-1
209,279,1235.33,27.90,43.79,22.08,0.98,4,-1,-1
209,286,1262.24,0.20,23.93,18.31,0.88,5,-1,-1
209,289,1237.28,0.30,29.06,12.28,0.62,4,-1,-1
209,290,948.58,311.06,11.82,26.25,0.68,1,-1,-1
209,291,1287.50,334.59,71.28,35.84,0.81,4,-1,-1
209,294,1311.72,61.20,30.41,27.73,0.97,4,-1,-1
209,288,1139.87,37.51,13.68,16.85,0.68,10,-1,-1
209,296,403.87,52.82,45.85,25.38,0.79,4,-1,-1
209,298,1319.98,1.02,30.80,21.05,0.90,4,-1,-1
210,23,1299.83,722.96,59.32,43.63,0.34,4,-1,-1
210,47,1189.88,552.38,133.52,64.93,0.99,4,-1,-1
210,48,47.01,669.78,155.09,66.08,1.00,4,-1,-1
210,55,1128.88,474.07,103.90,49.05,0.99,4,-1,-1
210,59,608.15,506.01,107.43,50.97,1.00,4,-1,-1
210,60,128.31,520.29,109.08,57.69,1.00,4,-1,-1
210,61,1099.07,411.00,92.44,44.16,0.99,4,-1,-1
210,63,201.29,400.55,98.64,44.42,0.99,4,-1,-1
210,64,603.86,375.14,86.36,37.88,1.00,4,-1,-1
210,65,615.17,402.28,92.87,44.54,1.00,4,-1,-1
210,66,952.63,318.28,13.65,28.29,0.88,1,-1,-1
210,69,1000.84,349.82,18.22,33.55,0.91,1,-1,-1
210,70,1045.99,353.72,91.32,34.96,0.99,4,-1,-1
210,71,1069.38,378.37,95.82,42.16,0.99,4,-1,-1
210,73,208.17,363.03,100.75,46.55,0.99,4,-1,-1
210,74,245.72,312.91,86.16,34.19,1.00,4,-1,-1
210,76,376.04,327.37,51.01,65.14,0.98,4,-1,-1
210,77,583.31,289.54,81.25,37.40,1.00,4,-1,-1
210,78,596.66,318.09,80.12,34.83,1.00,4,-1,-1
210,79,609.47,346.34,75.09,36.97,1.00,4,-1,-1
210,80,997.87,251.75,12.56,27.41,0.94,1,-1,-1
210,81,983.20,276.92,85.05,33.43,0.99,4,-1,-1
210,82,996.19,299.40,86.95,34.37,0.98,4,-1,-1
210,83,1025.92,323.13,82.19,36.44,0.98,4,-1,-1
210,88,614.49,201.87,36.15,40.36,0.99,4,-1,-1
210,89,660.64,202.35,34.24,37.46,0.98,4,-1,-1
210,90,693.19,200.43,38.25,36.32,0.98,4,-1,-1
210,91,735.05,202.03,34.39,37.19,0.98,4,-1,-1
210,92,906.65,190.32,39.36,37.73,0.99,4,-1,-1
210,95,944.23,188.40,39.37,38.83,1.00,4,-1,-1
210,98,978.20,192.12,44.51,37.59,0.99,4,-1,-1
210,99,1217.26,178.98,58.01,37.32,0.99,4,-1,-1
210,101,225.26,336.01,91.98,39.17,0.99,4,-1,-1
210,102,577.04,202.04,31.80,35.89,0.99,4,-1,-1
210,105,149.24,477.78,109.95,50.35,0.99,4,-1,-1
210,111,1221.62,405.85,17.15,33.76,0.91,1,-1,-1
210,117,63.04,111.51,64.30,27.31,0.99,4,-1,-1
210,119,962.74,314.11,13.65,29.37,0.78,1,-1,-1
210,130,1214.98,38.10,33.62,25.07,0.97,4,-1,-1
210,131,1244.51,54.79,45.17,28.26,0.99,4,-1,-1
210,137,296.19,66.18,28.76,24.25,0.99,4,-1,-1
210,138,633.84,52.12,48.69,25.82,0.98,4,-1,-1
210,156,88.47,66.59,39.90,25.68,0.95,4,-1,-1
210,167,242.63,96.94,63.07,26.33,1.00,4,-1,-1
210,84,1206.09,410.38,17.14,31.16,0.76,1,-1,-1
210,75,369.13,340.39,15.73,37.60,0.80,1,-1,-1
210,116,494.95,110.46,10.69,24.13,0.97,1,-1,-1
210,232,1040.77,247.22,12.55,28.00,0.46,1,-1,-1
210,238,938.03,298.57,13.52,30.37,0.40,1,-1,-1
210,126,396.78,54.23,44.74,25.88,0.95,4,-1,-1
210,255,954.84,302.58,14.12,31.62,0.32,1,-1,-1
210,257,1181.42,18.32,32.46,23.84,0.99,4,-1,-1
210,259,439.08,111.45,11.28,22.57,0.96,1,-1,-1
210,260,1020.03,352.70,20.36,34.34,0.87,1,-1,-1
210,268,1236.87,122.15,13.68,24.45,0.81,1,-1,-1
210,269,1142.90,0.03,34.23,20.57,0.98,4,-1,-1
210,279,1226.29,27.47,43.63,21.92,0.99,4,-1,-1
210,286,1254.87,0.05,23.93,18.51,0.69,5,-1,-1
210,289,1230.69,0.21,29.05,12.54,0.72,4,-1,-1
210,290,943.34,313.74,11.84,26.90,0.60,1,-1,-1
210,291,1284.50,336.31,73.97,36.81,0.87,4,-1,-1
210,294,1304.28,60.61,30.87,27.92,0.97,4,-1,-1
210,288,1133.53,37.77,13.68,16.91,0.46,3,-1,-1
210,298,1312.75,0.73,32.14,21.17,0.88,4,-1,-1
210,299,1255.08,-0.04,23.91,19.10,0.84,4,-1,-1
210,94,1044.28,247.87,11.91,28.19,0.91,1,-1,-1
210,282,1042.91,245.82,12.31,27.98,0.75,1,-1,-1
211,23,1298.57,730.57,60.82,35.25,0.16,4,-1,-1
211,47,1187.35,557.43,135.74,66.02,0.99,4,-1,-1
211,48,33.02,682.65,157.45,67.21,1.00,4,-1,-1
211,55,1125.70,478.07,104.21,49.95,0.99,4,-1,-1
211,59,601.56,513.40,108.34,51.23,1.00,4,-1,-1
211,60,115.37,529.64,110.49,58.72,1.00,4,-1,-1
211,61,1093.96,414.44,94.62,44.89,0.99,4,-1,-1
211,63,189.80,407.23,100.31,45.52,0.99,4,-1,-1
211,64,596.88,380.08,87.54,38.36,1.00,4,-1,-1
211,65,608.94,407.49,92.64,45.07,1.00,4,-1,-1
211,66,946.98,320.67,14.80,29.36,0.85,1,-1,-1
211,69,996.56,352.87,17.52,33.97,0.85,1,-1,-1
211,70,1040.78,356.62,93.17,35.06,0.98,4,-1,-1
211,71,1064.60,381.43,95.80,42.55,0.99,4,-1,-1
211,73,197.29,369.05,101.28,47.55,0.99,4,-1,-1
211,74,234.65,318.37,88.14,34.54,0.99,4,-1,-1
211,76,366.52,332.36,51.85,65.48,0.98,4,-1,-1
211,77,575.94,293.47,81.88,37.33,1.00,4,-1,-1
211,78,589.84,322.44,80.35,35.03,1.00,4,-1,-1
211,79,602.99,351.03,75.26,37.20,1.00,4,-1,-1
211,80,991.26,254.30,13.29,27.66,0.96,1,-1,-1
211,81,978.03,279.75,85.39,33.07,0.99,4,-1,-1
211,82,990.99,301.81,87.11,35.12,0.98,4,-1,-1
211,83,1020.92,325.46,83.22,37.79,0.98,4,-1,-1
211,88,607.35,204.63,36.59,40.85,0.98,4,-1,-1
211,89,653.55,205.17,34.79,37.63,0.98,4,-1,-1
211,90,686.60,202.86,38.44,36.87,0.98,4,-1,-1
211,91,728.22,204.37,34.86,37.31,0.99,4,-1,-1
211,92,900.51,192.15,39.35,37.75,0.99,4,-1,-1
211,95,937.52,189.99,40.48,39.04,1.00,4,-1,-1
211,98,972.76,193.57,44.50,38.12,0.98,4,-1,-1
211,99,1211.70,179.63,58.13,38.09,0.99,4,-1,-1
211,101,214.01,341.98,94.31,39.67,1.00,4,-1,-1
211,102,569.76,204.78,32.29,36.02,0.99,4,-1,-1
211,105,138.07,485.92,111.29,51.66,0.99,4,-1,-1
211,111,1218.45,410.43,18.27,34.64,0.87,1,-1,-1
211,117,43.01,114.90,64.54,27.61,1.00,4,-1,-1
211,119,957.59,316.64,13.61,28.88,0.80,1,-1,-1
211,130,1207.67,38.18,32.90,25.14,0.97,4,-1,-1
211,131,1237.50,54.96,45.04,28.50,0.99,4,-1,-1
211,137,285.93,68.24,29.83,24.21,0.99,4,-1,-1
211,138,625.91,53.34,49.26,26.00,0.98,4,-1,-1
211,156,77.36,69.26,39.56,25.53,0.98,4,-1,-1
211,167,228.41,99.70,63.05,26.49,0.98,4,-1,-1
211,84,1202.91,414.83,18.27,32.34,0.51,1,-1,-1
211,75,359.52,346.18,15.82,37.14,0.86,1,-1,-1
211,116,485.62,113.02,10.91,23.71,0.94,1,-1,-1
211,238,933.41,301.21,12.50,30.34,0.57,1,-1,-1
211,126,387.69,56.57,45.93,25.50,0.60,4,-1,-1
211,255,949.29,305.28,13.82,30.80,0.40,1,-1,-1
211,257,1174.82,18.46,32.44,23.93,0.99,4,-1,-1
211,259,430.43,113.84,11.43,22.87,0.96,1,-1,-1
211,260,1016.04,356.09,20.51,34.03,0.84,1,-1,-1
211,268,1230.55,122.54,13.73,24.55,0.80,1,-1,-1
211,269,1135.75,0.07,34.21,20.90,0.97,4,-1,-1
211,279,1217.21,26.76,43.48,21.94,0.98,4,-1,-1
211,286,1246.97,0.05,23.92,18.46,0.87,5,-1,-1
211,289,1222.49,0.22,29.04,12.71,0.64,4,-1,-1
211,290,937.39,316.12,13.06,27.74,0.59,1,-1,-1
211,291,1280.34,338.38,77.08,36.83,0.91,4,-1,-1
211,294,1295.65,60.35,32.19,28.21,0.97,4,-1,-1
211,288,1126.60,38.36,13.67,16.33,0.78,3,-1,-1
211,298,1304.46,0.61,32.56,20.99,0.88,4,-1,-1
211,94,1039.65,251.83,12.01,26.45,0.93,1,-1,-1
211,282,1037.52,248.17,12.06,28.12,0.89,1,-1,-1
211,300,1115.06,31.64,10.25,18.84,0.62,10,-1,-1
211,296,386.44,56.67,46.55,25.41,0.68,5,-1,-1
212,47,1184.79,563.16,136.61,65.84,1.00,4,-1,-1
212,48,17.23,697.92,160.78,64.77,0.99,4,-1,-1
212,55,1122.35,482.31,104.34,50.84,0.99,4,-1,-1
212,59,595.22,521.25,108.13,51.30,1.00,4,-1,-1
212,60,101.94,539.99,111.40,60.75,1.00,4,-1,-1
212,61,1089.87,418.20,94.34,45.15,0.99,4,-1,-1
212,63,177.55,414.75,101.79,46.04,0.99,4,-1,-1
212,64,589.24,385.34,88.56,38.51,1.00,4,-1,-1
212,65,601.87,413.40,93.13,45.25,1.00,4,-1,-1
212,66,942.07,323.38,14.13,30.03,0.64,1,-1,-1
212,69,991.11,355.95,17.24,33.57,0.93,1,-1,-1
212,70,1036.08,359.92,92.75,35.35,0.99,4,-1,-1
212,71,1060.06,384.92,96.95,42.67,0.99,4,-1,-1
212,73,185.18,376.05,102.68,47.90,1.00,4,-1,-1
212,74,222.81,323.90,89.72,35.49,1.00,4,-1,-1
212,76,355.82,337.97,53.58,66.99,0.98,4,-1,-1
212,77,568.43,297.52,82.12,37.56,1.00,4,-1,-1
212,78,582.25,326.92,81.01,35.36,0.99,4,-1,-1
212,79,594.97,355.78,76.45,38.67,1.00,4,-1,-1
212,80,983.78,257.20,14.68,28.32,0.95,1,-1,-1
212,81,972.79,282.20,85.52,33.20,0.99,4,-1,-1
212,82,985.73,305.08,87.20,34.53,0.98,4,-1,-1
212,83,1015.73,327.85,83.64,37.99,0.96,4,-1,-1
212,88,599.34,207.96,36.76,40.75,0.99,4,-1,-1
212,89,646.12,208.16,35.01,37.75,0.98,4,-1,-1
212,90,679.08,205.71,38.53,36.86,0.98,4,-1,-1
212,91,721.19,207.32,34.48,37.27,0.99,4,-1,-1
212,92,893.74,193.89,39.35,38.39,0.99,4,-1,-1
212,95,931.11,192.06,40.91,39.18,1.00,4,-1,-1
212,98,965.70,195.22,45.64,38.30,0.99,4,-1,-1
212,99,1205.22,180.45,58.19,38.30,0.99,4,-1,-1
212,101,202.61,347.99,94.70,40.95,1.00,4,-1,-1
212,102,561.41,208.19,32.48,36.28,0.98,4,-1,-1
212,105,125.27,494.68,112.92,53.24,1.00,4,-1,-1
212,111,1216.17,415.27,17.59,34.82,0.96,1,-1,-1
212,117,21.47,119.02,64.71,27.57,0.99,4,-1,-1
212,119,951.78,319.13,14.76,29.28,0.78,1,-1,-1
212,130,1199.98,38.34,32.63,24.89,0.97,4,-1,-1
212,131,1229.92,54.85,46.09,28.66,1.00,4,-1,-1
212,137,274.88,70.42,30.24,24.54,0.99,4,-1,-1
212,138,617.58,54.60,49.49,26.39,0.97,4,-1,-1
212,156,64.55,72.38,39.86,25.33,0.98,4,-1,-1
212,167,213.06,102.41,64.17,27.37,0.99,4,-1,-1
212,84,1201.18,419.77,17.58,31.94,0.85,1,-1,-1
212,75,350.04,352.52,15.58,37.51,0.46,1,-1,-1
212,116,475.68,115.45,11.58,24.13,0.90,1,-1,-1
212,238,927.23,304.73,13.28,31.77,0.51,1,-1,-1
212,126,377.36,58.48,45.81,25.71,0.60,4,-1,-1
212,255,943.32,307.83,13.72,31.64,0.28,1,-1,-1
212,257,1166.81,18.54,32.45,23.68,0.98,4,-1,-1
212,259,420.99,116.29,11.78,23.70,0.93,1,-1,-1
212,260,1011.26,359.03,20.57,33.90,0.94,1,-1,-1
212,268,1223.79,123.12,13.75,24.45,0.74,1,-1,-1
212,269,1128.67,0.03,33.08,20.91,0.98,4,-1,-1
212,279,1208.33,26.03,43.38,21.93,0.96,4,-1,-1
212,286,1239.08,0.05,23.92,18.76,0.73,5,-1,-1
212,289,1214.48,0.13,29.04,12.42,0.79,4,-1,-1
212,290,932.42,319.58,12.36,28.61,0.59,1,-1,-1
212,291,1274.95,340.36,81.52,37.10,0.93,4,-1,-1
212,294,1286.90,60.11,33.81,28.14,0.99,4,-1,-1
212,288,1119.61,38.00,12.50,17.23,0.65,3,-1,-1
212,298,1295.69,0.22,32.65,20.95,0.93,4,-1,-1
212,94,1035.13,254.18,13.18,26.75,0.92,1,-1,-1
212,296,376.30,58.78,46.96,25.64,0.66,5,-1,-1
212,301,1238.86,-0.09,23.91,18.69,0.91,5,-1,-1
212,232,1030.81,250.39,13.48,28.87,0.86,1,-1,-1
213,47,1182.57,569.05,135.77,65.20,1.00,4,-1,-1
213,48,1.99,714.54,162.71,52.35,0.99,4,-1,-1
213,55,1118.16,487.10,104.38,50.04,0.99,4,-1,-1
213,59,587.49,529.55,109.70,51.32,1.00,4,-1,-1
213,60,87.85,550.55,112.33,62.06,0.99,4,-1,-1
213,61,1085.44,422.28,94.20,44.68,1.00,4,-1,-1
213,63,164.64,422.93,103.03,46.23,1.00,4,-1,-1
213,64,581.32,390.49,89.48,39.40,1.00,4,-1,-1
213,65,593.59,418.92,94.97,46.30,1.00,4,-1,-1
213,66,936.28,326.66,13.84,30.28,0.82,1,-1,-1
213,69,984.50,359.09,17.14,33.41,0.95,1,-1,-1
213,70,1030.88,362.99,92.56,35.75,0.99,4,-1,-1
213,71,1054.91,388.34,97.36,43.00,0.99,4,-1,-1
213,73,172.55,382.65,103.65,49.42,1.00,4,-1,-1
213,74,210.32,330.24,90.86,35.56,0.99,4,-1,-1
213,76,345.55,343.79,53.67,67.82,0.96,4,-1,-1
213,77,559.73,301.54,82.75,38.20,1.00,4,-1,-1
213,78,573.52,331.24,82.37,35.76,1.00,4,-1,-1
213,79,587.19,360.60,76.89,39.49,1.00,4,-1,-1
213,80,975.90,260.70,15.20,28.56,0.93,1,-1,-1
213,81,966.28,284.97,85.55,33.25,0.98,4,-1,-1
213,82,979.20,308.02,88.34,34.87,0.98,4,-1,-1
213,83,1009.78,331.15,83.78,38.06,0.97,4,-1,-1
213,88,590.46,210.76,37.38,41.54,0.99,4,-1,-1
213,89,637.44,210.84,35.65,37.65,0.99,4,-1,-1
213,90,670.93,208.48,39.11,37.41,0.98,4,-1,-1
213,91,713.22,210.06,34.89,37.46,0.99,4,-1,-1
213,92,886.13,195.79,40.49,38.70,0.99,4,-1,-1
213,95,924.20,193.79,41.06,39.87,1.00,4,-1,-1
213,98,958.53,196.73,46.06,38.65,1.00,4,-1,-1
213,99,1198.26,180.71,58.19,38.94,0.99,4,-1,-1
213,101,190.02,354.64,96.50,41.15,1.00,4,-1,-1
213,102,552.69,211.01,32.55,36.65,1.00,4,-1,-1
213,105,111.19,504.39,114.91,53.83,1.00,4,-1,-1
213,111,1212.95,419.73,18.44,34.60,0.97,1,-1,-1
213,117,0.78,122.86,64.14,27.84,0.98,4,-1,-1
213,119,945.61,322.06,14.07,30.26,0.86,1,-1,-1
213,130,1192.07,38.19,32.52,25.55,0.97,4,-1,-1
213,131,1221.45,54.85,46.46,29.70,1.00,4,-1,-1
213,137,263.53,72.69,30.38,25.15,0.99,4,-1,-1
213,138,608.31,56.22,50.13,26.04,0.98,4,-1,-1
213,156,50.88,75.05,40.24,26.48,0.94,4,-1,-1
213,167,196.36,105.72,65.34,27.67,0.99,4,-1,-1
213,84,1197.64,423.69,17.29,32.33,0.93,1,-1,-1
213,75,338.97,359.16,16.05,37.65,0.54,1,-1,-1
213,116,464.72,118.14,12.38,24.29,0.88,1,-1,-1
213,238,920.37,307.61,13.54,30.34,0.54,2,-1,-1
213,126,366.53,60.45,47.18,25.57,0.85,4,-1,-1
213,255,936.54,310.63,13.68,31.38,0.49,1,-1,-1
213,257,1158.21,18.56,32.45,23.87,0.99,4,-1,-1
213,259,411.34,118.98,11.62,23.86,0.87,1,-1,-1
213,260,1006.03,362.25,20.58,34.13,0.90,1,-1,-1
213,268,1215.62,123.43,14.87,24.83,0.55,1,-1,-1
213,269,1120.44,-0.02,32.64,21.09,0.98,4,-1,-1
213,279,1198.31,25.28,43.28,22.33,0.99,4,-1,-1
213,286,1229.39,0.03,25.08,18.67,0.80,5,-1,-1
213,289,1205.32,0.09,29.04,12.49,0.71,4,-1,-1
213,290,924.88,321.99,13.25,29.24,0.65,1,-1,-1
213,291,1269.98,342.42,85.35,37.18,0.96,4,-1,-1
213,294,1276.28,59.52,35.53,28.63,0.99,4,-1,-1
213,288,1111.39,37.85,13.27,17.90,0.80,3,-1,-1
213,298,1286.17,0.02,32.64,20.88,0.97,4,-1,-1
213,94,1028.87,256.49,13.61,27.13,0.92,1,-1,-1
213,296,366.83,60.20,46.45,25.56,0.41,5,-1,-1
213,301,1230.23,-0.17,25.32,18.49,0.72,5,-1,-1
213,232,1024.37,252.16,13.70,28.48,0.91,1,-1,-1
213,302,1111.64,37.41,13.66,18.46,0.80,10,-1,-1
213,303,1319.11,4.60,34.15,24.16,0.91,4,-1,-1
214,47,1177.67,574.08,136.60,65.57,1.00,4,-1,-1
214,48,-5.60,731.18,154.50,36.97,0.67,4,-1,-1
214,55,1112.52,491.45,104.42,49.75,0.99,4,-1,-1
214,59,577.86,537.09,112.00,52.48,1.00,4,-1,-1
214,60,70.35,562.52,116.27,62.57,1.00,4,-1,-1
214,61,1078.03,425.35,96.44,45.52,0.99,4,-1,-1
214,63,149.21,430.93,104.76,47.43,1.00,4,-1,-1
214,64,571.34,395.86,90.41,40.59,1.00,4,-1,-1
214,65,584.59,425.55,95.14,46.29,1.00,4,-1,-1
214,66,928.30,329.13,13.74,30.39,0.76,1,-1,-1
214,69,976.82,362.08,17.10,33.65,0.89,1,-1,-1
214,70,1023.17,366.24,93.65,35.91,0.99,4,-1,-1
214,71,1047.79,392.01,97.54,42.58,0.99,4,-1,-1
214,73,157.70,390.05,104.81,50.70,1.00,4,-1,-1
214,74,196.60,336.30,91.29,36.44,0.99,4,-1,-1
214,76,333.11,349.81,53.98,69.26,0.98,4,-1,-1
214,77,549.46,305.78,84.14,38.46,1.00,4,-1,-1
214,78,564.08,335.87,82.90,36.21,0.99,4,-1,-1
214,79,576.70,365.71,78.21,39.53,1.00,4,-1,-1
214,80,966.65,262.83,15.40,28.94,0.95,1,-1,-1
214,81,958.09,286.96,85.59,33.29,0.99,4,-1,-1
214,82,971.56,310.64,87.68,34.45,0.97,4,-1,-1
214,83,1002.36,334.62,83.86,37.25,0.99,4,-1,-1
214,88,580.43,213.90,37.06,41.64,0.99,4,-1,-1
214,89,627.78,213.94,35.89,37.97,0.98,4,-1,-1
214,90,661.76,211.05,38.77,37.13,0.99,4,-1,-1
214,91,704.41,212.70,34.49,37.82,1.00,4,-1,-1
214,92,877.51,197.57,40.92,38.96,0.99,4,-1,-1
214,95,915.86,195.38,41.12,39.99,1.00,4,-1,-1
214,98,949.55,197.96,47.35,39.08,0.99,4,-1,-1
214,99,1189.46,181.63,58.21,38.49,0.99,4,-1,-1
214,101,175.55,361.23,97.75,41.78,1.00,4,-1,-1
214,102,542.43,214.01,32.57,37.15,0.99,4,-1,-1
214,105,94.64,514.94,116.89,54.62,1.00,4,-1,-1
214,111,1208.80,423.62,17.64,33.38,0.98,1,-1,-1
214,117,-7.60,126.07,49.10,28.83,0.85,4,-1,-1
214,119,937.53,324.68,13.79,30.64,0.61,1,-1,-1
214,130,1182.38,38.00,32.49,25.47,0.98,4,-1,-1
214,131,1212.69,54.84,45.47,29.90,0.99,4,-1,-1
214,137,250.11,75.47,30.72,25.18,0.99,4,-1,-1
214,138,597.88,57.41,50.39,26.35,0.97,4,-1,-1
214,156,34.57,78.03,40.89,27.13,0.96,4,-1,-1
214,167,177.87,109.03,65.59,27.68,0.98,4,-1,-1
214,84,1192.80,427.95,17.18,31.37,0.92,1,-1,-1
214,75,325.95,366.05,15.95,37.98,0.72,1,-1,-1
214,116,452.78,120.71,12.69,24.63,0.97,1,-1,-1
214,238,912.02,309.92,13.65,30.63,0.40,1,-1,-1
214,126,354.04,62.85,47.71,26.10,0.91,4,-1,-1
214,255,927.65,313.33,13.67,31.85,0.24,1,-1,-1
214,257,1148.25,18.53,32.46,23.84,0.99,4,-1,-1
214,259,399.57,121.53,12.14,24.79,0.93,1,-1,-1
214,260,998.88,364.70,20.59,34.22,0.85,1,-1,-1
214,268,1206.94,123.74,14.20,24.41,0.91,1,-1,-1
214,269,1109.46,-0.07,33.64,21.24,0.98,4,-1,-1
214,279,1187.90,24.58,42.09,22.28,0.98,4,-1,-1
214,289,1195.18,-0.01,29.05,12.46,0.69,4,-1,-1
214,290,916.86,324.70,13.56,29.19,0.40,1,-1,-1
214,291,1262.51,344.34,91.16,37.21,0.95,4,-1,-1
214,294,1265.04,58.78,36.16,28.89,0.98,4,-1,-1
214,288,1101.51,38.25,13.53,17.46,0.65,3,-1,-1
214,298,1275.28,-0.06,32.62,20.74,0.96,4,-1,-1
214,94,1021.89,258.88,13.78,26.43,0.92,1,-1,-1
214,296,354.06,62.70,46.88,25.92,0.26,5,-1,-1
214,232,1016.77,253.22,13.78,28.34,0.91,1,-1,-1
214,303,1309.14,4.10,34.23,23.84,0.95,4,-1,-1
214,304,1089.44,32.66,10.25,19.58,0.75,10,-1,-1
214,305,1089.44,32.92,10.25,19.10,0.64,3,-1,-1
214,306,1150.06,59.29,13.66,22.84,0.67,10,-1,-1
215,47,1169.40,577.89,136.92,65.03,1.00,4,-1,-1
215,55,1103.41,494.82,104.43,48.99,0.99,4,-1,-1
215,59,565.76,545.60,113.43,52.82,1.00,4,-1,-1
215,60,49.79,575.54,119.73,64.31,1.00,4,-1,-1
215,61,1069.36,427.45,95.03,45.47,1.00,4,-1,-1
215,63,130.72,440.22,106.65,48.91,1.00,4,-1,-1
215,64,559.32,401.54,91.31,41.52,1.00,4,-1,-1
215,65,572.68,431.83,95.74,46.77,1.00,4,-1,-1
215,66,917.72,331.58,13.72,29.27,0.81,1,-1,-1
215,69,966.36,364.11,17.11,34.00,0.96,1,-1,-1
215,70,1012.69,368.62,94.05,35.60,0.98,4,-1,-1
215,71,1037.53,394.37,98.73,43.05,0.99,4,-1,-1
215,73,139.40,398.43,106.22,51.51,1.00,4,-1,-1
215,74,179.07,343.75,92.28,36.69,0.99,4,-1,-1
215,76,318.41,356.74,53.55,69.46,0.97,4,-1,-1
215,77,536.72,310.11,84.09,39.05,1.00,4,-1,-1
215,78,551.39,340.60,83.66,36.30,1.00,4,-1,-1
215,79,564.18,371.02,78.69,40.31,1.00,4,-1,-1
215,80,955.00,265.15,14.38,28.48,0.95,1,-1,-1
215,81,947.40,288.94,85.58,34.10,0.99,4,-1,-1
215,82,960.53,312.56,88.54,34.79,0.99,4,-1,-1
215,83,991.98,336.40,83.87,37.73,0.99,4,-1,-1
215,88,567.16,217.06,36.95,41.57,0.99,4,-1,-1
215,89,614.91,216.85,36.00,38.05,0.99,4,-1,-1
215,90,648.79,213.68,39.22,37.76,0.99,4,-1,-1
215,91,692.12,215.31,34.91,37.99,0.99,4,-1,-1
215,92,865.23,199.28,41.38,39.02,0.99,4,-1,-1
215,95,903.40,196.43,41.16,40.14,1.00,4,-1,-1
215,98,937.39,198.93,47.85,39.26,0.99,4,-1,-1
215,99,1177.32,181.52,58.22,38.33,0.99,4,-1,-1
215,101,157.07,369.31,99.32,42.49,1.00,4,-1,-1
215,102,529.37,217.71,32.03,36.95,1.00,4,-1,-1
215,105,75.41,527.14,118.78,55.36,1.00,4,-1,-1
215,111,1200.14,426.75,18.47,33.76,0.96,1,-1,-1
215,119,926.36,327.19,13.71,30.77,0.75,1,-1,-1
215,130,1168.15,37.42,32.49,25.28,0.98,4,-1,-1
215,131,1198.27,53.76,46.18,29.86,1.00,4,-1,-1
215,137,232.92,78.70,30.85,25.09,0.99,4,-1,-1
215,138,584.36,59.02,49.92,26.21,0.98,4,-1,-1
215,156,14.81,81.89,41.06,27.91,0.95,4,-1,-1
215,167,154.73,113.12,67.07,27.90,0.98,4,-1,-1
215,84,1184.47,431.09,18.30,31.98,0.79,1,-1,-1
215,75,310.62,373.44,15.92,38.37,0.67,1,-1,-1
215,116,436.69,123.64,13.25,24.61,0.96,1,-1,-1
215,238,901.29,311.92,12.58,30.71,0.51,1,-1,-1
215,126,338.97,65.44,47.07,25.77,0.72,4,-1,-1
215,255,916.16,315.61,13.68,30.03,0.41,1,-1,-1
215,257,1134.50,17.79,32.47,23.98,0.99,4,-1,-1
215,259,384.66,124.56,12.06,24.83,0.97,1,-1,-1
215,260,988.61,366.66,20.60,33.95,0.84,1,-1,-1
215,268,1193.72,122.89,13.92,25.09,0.67,1,-1,-1
215,269,1095.31,-0.41,34.02,21.01,0.98,4,-1,-1
215,279,1171.75,23.16,42.74,22.37,0.99,4,-1,-1
215,289,1179.05,-0.34,27.91,11.74,0.62,4,-1,-1
215,290,905.72,326.83,12.57,27.98,0.61,1,-1,-1
215,291,1251.49,344.82,93.39,36.85,0.97,4,-1,-1
215,294,1249.10,57.33,37.49,29.02,0.97,4,-1,-1
215,288,1087.79,37.80,13.64,17.37,0.68,3,-1,-1
215,298,1259.96,-0.48,32.61,19.65,0.94,4,-1,-1
215,94,1011.60,259.83,12.74,26.42,0.90,1,-1,-1
215,296,338.52,65.28,47.03,26.01,0.87,5,-1,-1
215,232,1006.27,254.30,12.70,28.54,0.93,1,-1,-1
215,303,1294.23,2.99,34.27,23.35,0.96,4,-1,-1
215,305,1076.27,32.73,10.29,19.89,0.54,10,-1,-1
215,307,1010.04,256.78,11.95,26.89,0.86,1,-1,-1
215,308,1203.85,-0.10,23.91,17.63,0.78,4,-1,-1
215,309,1318.26,1.22,37.57,23.43,0.75,4,-1,-1
215,286,1203.90,-0.46,24.28,17.75,0.66,5,-1,-1
216,47,1161.47,581.48,137.07,64.84,1.00,4,-1,-1
216,55,1094.59,497.69,104.46,49.28,0.99,4,-1,-1
216,59,553.75,554.66,114.55,53.50,1.00,4,-1,-1
216,60,27.62,589.42,123.36,66.62,1.00,4,-1,-1
216,61,1058.43,430.43,96.79,44.88,0.99,4,-1,-1
216,63,111.03,451.02,106.70,49.46,1.00,4,-1,-1
216,64,545.91,407.57,92.25,42.14,1.00,4,-1,-1
216,65,559.32,438.36,97.68,47.51,1.00,4,-1,-1
216,66,904.90,333.40,14.85,29.15,0.79,1,-1,-1
216,69,955.32,366.65,17.12,33.57,0.92,1,-1,-1
216,70,1002.78,370.71,94.21,36.34,1.00,4,-1,-1
216,71,1027.14,396.87,98.08,43.23,1.00,4,-1,-1
216,73,119.64,408.05,107.61,52.63,1.00,4,-1,-1
216,74,159.61,351.76,94.34,37.33,1.00,4,-1,-1
216,76,302.28,364.25,54.24,70.37,0.98,4,-1,-1
216,77,522.48,314.51,85.78,39.82,1.00,4,-1,-1
216,78,537.16,345.15,85.07,37.75,0.99,4,-1,-1
216,79,550.88,376.21,80.02,41.16,1.00,4,-1,-1
216,80,941.85,267.34,13.97,28.89,0.95,1,-1,-1
216,81,935.69,291.02,85.62,33.84,0.99,4,-1,-1
216,82,949.26,314.62,88.89,34.91,0.98,4,-1,-1
216,83,979.84,338.13,85.03,38.75,0.98,4,-1,-1
216,88,552.70,220.31,37.48,42.11,0.99,4,-1,-1
216,89,601.18,219.72,36.05,38.65,0.98,4,-1,-1
216,90,635.30,216.79,39.40,37.64,0.99,4,-1,-1
216,91,678.34,217.86,35.65,38.70,0.98,4,-1,-1
216,92,852.64,200.99,41.28,38.90,1.00,4,-1,-1
216,95,890.46,197.67,41.18,40.13,1.00,4,-1,-1
216,98,925.14,200.06,46.93,39.05,0.99,4,-1,-1
216,99,1164.03,181.67,58.25,37.70,0.99,4,-1,-1
216,101,137.25,377.97,102.17,43.58,1.00,4,-1,-1
216,102,514.13,221.31,32.97,37.44,0.98,4,-1,-1
216,105,54.02,539.61,121.88,56.74,1.00,4,-1,-1
216,111,1190.95,429.92,18.79,34.62,0.96,1,-1,-1
216,119,913.90,329.62,14.83,30.83,0.78,1,-1,-1
216,130,1152.97,36.80,32.50,24.88,0.98,4,-1,-1
216,131,1183.60,52.65,45.33,30.12,0.99,4,-1,-1
216,137,214.37,81.85,31.75,25.41,0.99,4,-1,-1
216,138,568.68,60.54,50.32,26.66,0.97,4,-1,-1
216,156,-1.81,85.93,35.89,29.19,0.68,4,-1,-1
216,167,130.47,117.90,68.21,27.98,0.98,4,-1,-1
216,84,1174.84,434.68,18.72,31.35,0.84,1,-1,-1
216,75,294.39,381.40,14.79,38.49,0.72,1,-1,-1
216,116,419.47,126.44,13.61,25.31,0.79,1,-1,-1
216,238,889.57,314.16,12.16,30.75,0.49,1,-1,-1
216,126,321.53,67.52,47.96,26.22,0.54,4,-1,-1
216,255,904.16,318.10,13.70,30.20,0.49,1,-1,-1
216,257,1119.49,17.25,32.50,23.69,0.99,4,-1,-1
216,259,367.86,127.82,12.89,25.28,0.83,1,-1,-1
216,260,978.21,369.45,19.48,32.98,0.84,1,-1,-1
216,268,1179.48,122.46,13.82,24.92,0.81,1,-1,-1
216,269,1080.71,-0.64,33.05,20.72,0.98,4,-1,-1
216,279,1155.32,21.47,41.85,22.41,0.99,4,-1,-1
216,289,1162.56,-0.70,27.49,11.25,0.71,4,-1,-1
216,290,893.26,328.53,13.34,27.84,0.61,1,-1,-1
216,291,1239.76,344.92,95.25,37.29,0.98,4,-1,-1
216,294,1232.20,55.78,37.99,28.63,0.98,4,-1,-1
216,288,1072.75,37.38,13.69,16.62,0.46,3,-1,-1
216,298,1243.80,-0.75,32.61,18.62,0.89,4,-1,-1
216,94,1000.04,259.65,12.31,27.58,0.92,1,-1,-1
216,296,320.74,67.33,47.97,26.71,0.55,5,-1,-1
216,232,995.81,255.06,11.10,29.18,0.94,1,-1,-1
216,303,1276.25,1.53,35.58,23.74,0.95,4,-1,-1
216,305,1061.33,32.51,10.31,19.36,0.58,10,-1,-1
216,309,1302.66,-0.19,37.67,23.40,0.92,4,-1,-1
216,286,1187.93,-0.62,24.08,16.97,0.79,5,-1,-1
216,310,1275.57,48.51,54.64,27.53,0.66,4,-1,-1
216,311,1335.33,5.42,23.91,25.08,0.65,4,-1,-1
217,47,1151.99,584.17,136.97,65.15,1.00,4,-1,-1
217,55,1084.81,500.31,104.37,49.24,0.99,4,-1,-1
217,59,541.64,563.63,115.41,54.14,0.99,4,-1,-1
217,60,6.65,605.43,125.26,67.82,1.00,4,-1,-1
217,61,1047.30,432.67,96.22,44.52,1.00,4,-1,-1
217,63,91.68,461.80,108.14,51.18,1.00,4,-1,-1
217,64,532.59,413.98,93.06,42.78,1.00,4,-1,-1
217,65,546.29,445.73,98.89,47.62,1.00,4,-1,-1
217,66,893.14,335.11,14.19,29.59,0.82,1,-1,-1
217,69,942.54,368.92,17.14,33.35,0.95,1,-1,-1
217,70,990.37,372.76,94.17,36.48,0.99,4,-1,-1
217,71,1016.23,398.87,97.73,43.00,1.00,4,-1,-1
217,73,99.50,417.90,110.29,53.98,1.00,4,-1,-1
217,74,141.27,360.47,94.67,37.71,0.99,4,-1,-1
217,76,286.27,372.20,53.94,71.81,0.99,4,-1,-1
217,77,507.93,319.77,86.89,40.54,1.00,4,-1,-1
217,78,523.46,351.11,85.54,37.58,1.00,4,-1,-1
217,79,537.54,382.20,80.45,41.61,1.00,4,-1,-1
217,80,927.70,269.79,13.83,29.83,0.95,1,-1,-1
217,81,923.21,292.96,85.54,33.90,0.99,4,-1,-1
217,82,936.37,316.79,88.93,35.12,0.97,4,-1,-1
217,83,967.71,340.25,85.40,38.72,0.98,4,-1,-1
217,88,538.22,224.41,37.67,42.21,0.98,4,-1,-1
217,89,587.19,223.49,36.05,38.78,0.98,4,-1,-1
217,90,621.08,220.13,40.01,37.86,0.99,4,-1,-1
217,91,664.49,221.09,35.36,38.80,0.99,4,-1,-1
217,92,839.00,202.86,40.94,39.04,0.99,4,-1,-1
217,95,876.92,199.41,41.17,39.81,0.99,4,-1,-1
217,98,911.27,201.60,47.66,38.79,1.00,4,-1,-1
217,99,1148.89,181.32,58.21,37.65,0.99,4,-1,-1
217,101,118.34,387.20,103.55,44.38,1.00,4,-1,-1
217,102,499.13,225.15,33.31,38.10,0.99,4,-1,-1
217,105,33.29,553.73,124.00,58.17,0.99,4,-1,-1
217,111,1180.80,432.79,18.92,35.58,0.98,1,-1,-1
217,119,901.16,331.83,14.15,30.20,0.85,1,-1,-1
217,130,1135.34,36.17,33.63,24.94,0.98,4,-1,-1
217,131,1166.12,51.80,46.07,30.14,0.99,4,-1,-1
217,137,194.99,86.28,32.00,25.53,0.99,4,-1,-1
217,138,552.74,63.01,51.00,26.67,0.98,4,-1,-1
217,167,105.98,123.60,68.55,28.18,0.99,4,-1,-1
217,84,1164.54,437.44,18.89,32.05,0.92,1,-1,-1
217,75,277.36,390.02,14.94,38.49,0.88,1,-1,-1
217,116,401.53,129.87,13.47,25.52,0.88,1,-1,-1
217,238,876.60,316.90,13.18,30.18,0.69,1,-1,-1
217,126,302.47,71.22,49.66,26.65,0.49,4,-1,-1
217,255,891.06,320.77,13.72,31.36,0.60,1,-1,-1
217,257,1101.94,16.88,33.62,23.94,0.97,4,-1,-1
217,259,351.51,132.53,12.11,25.52,0.91,1,-1,-1
217,260,966.21,371.08,20.21,33.72,0.88,1,-1,-1
217,268,1163.36,121.77,14.92,25.39,0.69,1,-1,-1
217,269,1063.37,-0.42,33.80,20.39,0.97,4,-1,-1
217,279,1136.13,19.97,42.59,22.07,0.99,4,-1,-1
217,289,1145.04,-0.57,26.16,10.45,0.62,4,-1,-1
217,290,880.02,331.20,13.62,28.31,0.81,1,-1,-1
217,291,1226.28,344.81,95.76,37.31,0.98,4,-1,-1
217,294,1212.70,54.38,39.24,27.97,0.98,4,-1,-1
217,288,1056.40,37.10,13.70,17.25,0.49,3,-1,-1
217,298,1226.29,-0.61,31.40,17.48,0.91,4,-1,-1
217,94,988.05,262.32,12.16,26.27,0.93,1,-1,-1
217,296,302.39,71.29,50.01,26.95,0.69,5,-1,-1
217,232,983.14,256.26,10.51,28.81,0.93,1,-1,-1
217,303,1258.25,0.64,34.70,23.14,0.92,4,-1,-1
217,309,1285.18,-0.73,36.39,22.47,0.94,4,-1,-1
217,286,1170.57,-0.61,22.85,16.06,0.80,5,-1,-1
217,310,1259.88,47.23,54.77,26.95,0.81,4,-1,-1
217,311,1318.29,3.92,36.23,24.19,0.55,4,-1,-1
217,312,1123.59,63.77,15.37,24.87,0.61,10,-1,-1
217,313,1164.58,122.09,13.66,24.76,0.63,10,-1,-1
218,47,1142.71,587.66,136.82,65.40,1.00,4,-1,-1
218,55,1073.87,503.19,104.26,49.33,0.99,4,-1,-1
218,59,528.28,572.65,118.43,55.04,1.00,4,-1,-1
218,60,-3.92,619.73,116.40,69.52,0.99,4,-1,-1
218,61,1037.12,434.96,95.90,44.91,1.00,4,-1,-1
218,63,70.85,471.86,111.59,53.01,1.00,4,-1,-1
218,64,518.97,419.46,93.83,44.08,1.00,4,-1,-1
218,65,532.73,452.55,99.80,48.32,1.00,4,-1,-1
218,66,881.26,337.94,13.86,28.93,0.78,1,-1,-1
218,69,930.17,371.01,18.24,33.87,0.96,1,-1,-1
218,70,978.66,374.81,94.09,36.34,0.99,4,-1,-1
218,71,1004.48,401.20,98.65,43.02,0.99,4,-1,-1
218,73,78.91,426.81,112.03,56.25,1.00,4,-1,-1
218,74,121.23,367.92,96.71,38.77,0.98,4,-1,-1
218,76,268.73,379.66,55.41,72.25,0.98,4,-1,-1
218,77,493.41,324.43,87.23,41.16,1.00,4,-1,-1
218,78,509.23,356.17,86.76,37.88,0.99,4,-1,-1
218,79,523.40,387.55,81.65,42.41,1.00,4,-1,-1
218,80,914.42,272.40,13.73,29.36,0.91,1,-1,-1
218,81,910.48,294.94,86.58,34.01,0.99,4,-1,-1
218,82,924.58,318.99,88.89,35.00,0.98,4,-1,-1
218,83,956.17,342.31,85.48,38.23,0.97,4,-1,-1
218,88,523.56,227.88,38.25,42.56,0.99,4,-1,-1
218,89,572.42,226.61,37.13,39.14,0.98,4,-1,-1
218,90,606.76,223.14,40.18,37.97,0.99,4,-1,-1
218,91,650.03,223.82,36.32,38.87,0.99,4,-1,-1
218,92,825.72,204.46,41.03,39.42,0.99,4,-1,-1
218,95,864.24,201.09,40.82,40.23,1.00,4,-1,-1
218,98,897.58,202.89,47.87,39.31,0.99,4,-1,-1
218,99,1134.72,181.44,57.00,37.19,0.99,4,-1,-1
218,101,97.42,395.64,105.88,45.61,1.00,4,-1,-1
218,102,484.29,228.75,33.39,38.09,0.99,4,-1,-1
218,105,12.16,566.31,125.29,60.48,1.00,4,-1,-1
218,111,1171.44,436.31,18.91,34.69,0.97,1,-1,-1
218,119,888.34,334.01,13.83,29.98,0.82,1,-1,-1
218,130,1119.86,35.64,32.89,24.93,0.97,4,-1,-1
218,131,1150.67,51.54,45.17,29.83,0.99,4,-1,-1
218,137,175.50,89.78,32.54,25.49,0.99,4,-1,-1
218,138,537.73,64.84,50.64,26.51,0.98,4,-1,-1
218,167,80.32,127.95,69.74,28.46,0.98,4,-1,-1
218,84,1155.14,439.90,18.90,32.88,0.96,1,-1,-1
218,75,259.85,397.71,15.52,39.07,0.88,1,-1,-1
218,116,384.93,133.11,12.53,24.75,0.82,1,-1,-1
218,238,863.92,318.68,12.68,30.51,0.82,1,-1,-1
218,126,285.09,73.82,49.42,26.51,0.76,4,-1,-1
218,255,877.52,322.68,13.69,30.67,0.61,1,-1,-1
218,257,1085.97,16.35,32.88,24.17,0.98,4,-1,-1
218,259,334.39,136.37,12.31,24.93,0.96,1,-1,-1
218,260,954.10,373.66,20.43,33.72,0.72,1,-1,-1
218,268,1148.29,122.03,14.19,24.99,0.72,1,-1,-1
218,269,1047.50,-0.15,34.04,19.61,0.98,4,-1,-1
218,279,1119.02,19.07,41.68,21.64,0.98,4,-1,-1
218,289,1127.45,-0.10,26.85,9.37,0.65,4,-1,-1
218,290,866.99,333.82,13.69,27.64,0.76,1,-1,-1
218,291,1213.00,344.96,95.75,37.41,0.97,4,-1,-1
218,294,1194.80,53.55,39.64,26.96,0.97,4,-1,-1
218,288,1040.29,36.55,14.83,17.91,0.54,3,-1,-1
218,298,1208.66,-0.26,30.92,16.31,0.87,4,-1,-1
218,94,975.51,263.82,12.06,26.64,0.92,1,-1,-1
218,296,284.87,74.05,49.87,26.43,0.79,5,-1,-1
218,232,970.35,257.50,11.47,28.43,0.96,1,-1,-1
218,303,1240.42,0.30,34.33,22.64,0.92,4,-1,-1
218,309,1266.94,-0.45,34.52,21.14,0.94,4,-1,-1
218,286,1153.03,-0.33,23.53,15.30,0.76,5,-1,-1
218,310,1242.58,46.18,57.41,28.29,0.80,4,-1,-1
218,311,1301.28,3.41,37.25,23.38,0.92,4,-1,-1
218,312,1109.18,63.59,14.06,24.01,0.66,10,-1,-1
218,314,1091.15,60.30,13.66,21.45,0.63,10,-1,-1
219,47,1133.90,591.20,136.76,65.53,1.00,4,-1,-1
219,55,1063.35,506.22,105.35,49.39,0.99,4,-1,-1
219,59,515.72,582.27,117.87,55.97,0.99,4,-1,-1
219,60,-6.80,633.63,98.94,71.88,0.98,4,-1,-1
219,61,1027.48,437.50,94.64,45.09,0.99,4,-1,-1
219,63,49.11,482.89,114.80,54.27,1.00,4,-1,-1
219,64,505.22,425.69,94.68,44.99,1.00,4,-1,-1
219,65,519.58,459.42,100.12,49.16,1.00,4,-1,-1
219,66,869.03,339.52,14.02,30.41,0.79,1,-1,-1
219,69,918.01,373.62,17.53,33.76,0.92,1,-1,-1
219,70,966.79,376.40,95.15,38.00,0.99,4,-1,-1
219,71,992.56,403.61,98.98,43.76,0.99,4,-1,-1
219,73,57.39,436.86,114.03,57.67,1.00,4,-1,-1
219,74,101.36,376.34,98.17,39.46,1.00,4,-1,-1
219,76,250.35,387.14,56.78,73.94,0.98,4,-1,-1
219,77,478.52,329.40,87.91,41.69,1.00,4,-1,-1
219,78,494.43,361.57,88.32,38.28,1.00,4,-1,-1
219,79,509.75,393.18,82.08,43.70,1.00,4,-1,-1
219,80,900.32,275.04,13.70,29.74,0.95,1,-1,-1
219,81,897.67,297.07,86.98,34.07,0.99,4,-1,-1
219,82,911.56,321.20,90.00,35.26,0.97,4,-1,-1
219,83,943.80,344.63,85.48,38.91,0.98,4,-1,-1
219,88,508.37,231.16,39.02,43.26,0.99,4,-1,-1
219,89,557.73,229.92,37.52,39.56,0.99,4,-1,-1
219,90,592.83,226.13,40.24,38.87,0.99,4,-1,-1
219,91,636.03,226.44,37.23,39.74,0.96,4,-1,-1
219,92,811.90,206.16,41.05,39.85,0.99,4,-1,-1
219,95,850.08,202.34,41.53,40.74,0.99,4,-1,-1
219,98,883.90,204.21,47.94,39.79,1.00,4,-1,-1
219,99,1120.92,181.19,56.53,37.54,0.99,4,-1,-1
219,101,76.72,404.97,108.07,46.35,1.00,4,-1,-1
219,102,468.75,232.35,33.97,38.93,0.99,4,-1,-1
219,105,-1.96,580.16,118.87,61.95,0.99,4,-1,-1
219,111,1162.08,439.03,18.89,34.34,0.98,1,-1,-1
219,119,875.50,336.21,13.70,30.76,0.70,1,-1,-1
219,130,1103.98,35.39,32.60,24.64,0.99,4,-1,-1
219,131,1134.21,51.24,45.93,29.15,0.99,4,-1,-1
219,137,155.12,93.11,32.46,25.80,0.98,4,-1,-1
219,138,521.89,66.83,50.50,26.54,0.98,4,-1,-1
219,167,53.45,132.45,70.89,29.42,0.98,4,-1,-1
219,84,1146.32,442.79,17.77,32.63,0.92,1,-1,-1
219,75,241.49,406.09,16.58,39.72,0.39,1,-1,-1
219,116,367.10,136.69,12.44,24.75,0.93,1,-1,-1
219,238,851.17,320.87,12.19,31.21,0.83,1,-1,-1
219,126,266.96,76.38,49.59,27.11,0.52,4,-1,-1
219,255,865.27,325.08,12.81,30.11,0.65,1,-1,-1
219,257,1069.89,15.96,32.59,24.45,0.99,4,-1,-1
219,259,316.91,139.95,12.10,25.40,0.91,1,-1,-1
219,260,942.06,375.89,20.51,34.29,0.91,1,-1,-1
219,268,1133.10,121.65,13.88,25.26,0.74,1,-1,-1
219,269,1032.02,-0.03,33.00,19.09,0.99,4,-1,-1
219,279,1102.01,18.27,41.31,21.24,0.99,4,-1,-1
219,289,1111.92,0.15,25.95,8.47,0.61,4,-1,-1
219,290,855.48,335.63,13.14,27.67,0.70,1,-1,-1
219,291,1201.10,345.09,94.51,37.75,0.98,4,-1,-1
219,294,1176.88,52.14,39.75,27.12,0.98,4,-1,-1
219,288,1024.08,36.71,15.24,17.60,0.42,3,-1,-1
219,298,1191.42,-0.04,30.74,15.37,0.79,4,-1,-1
219,94,963.90,265.38,12.02,26.78,0.93,1,-1,-1
219,296,266.56,76.12,49.77,27.91,0.60,5,-1,-1
219,232,956.93,258.53,11.79,28.55,0.89,1,-1,-1
219,303,1222.52,0.14,34.20,21.81,0.91,4,-1,-1
219,309,1248.06,-0.14,35.33,19.94,0.83,4,-1,-1
219,286,1136.35,-0.09,22.63,14.35,0.78,5,-1,-1
219,310,1224.40,45.39,60.86,29.55,0.77,4,-1,-1
219,311,1282.37,2.54,37.64,22.86,0.98,4,-1,-1
219,312,1094.00,63.45,12.44,24.27,0.37,1,-1,-1
219,315,872.58,338.32,15.37,30.74,0.65,1,-1,-1
219,316,1060.41,49.97,13.66,21.58,0.76,10,-1,-1
219,317,1308.01,3.51,34.15,21.58,0.86,4,-1,-1
