1,1,281.97,384.63,167.56,221.99,1.00,6,-1,-1
1,2,402.35,238.42,84.31,103.74,0.99,4,-1,-1
1,3,459.77,105.76,77.70,102.67,0.99,6,-1,-1
1,4,471.29,432.02,100.75,147.71,1.00,4,-1,-1
1,5,533.19,6.52,44.40,43.96,0.90,4,-1,-1
1,6,566.92,5.78,16.22,35.74,0.92,1,-1,-1
1,7,573.75,51.97,48.67,50.69,1.00,4,-1,-1
1,8,579.30,4.51,17.08,37.83,0.83,1,-1,-1
1,9,629.25,0.08,69.16,79.54,0.99,6,-1,-1
1,10,631.81,365.21,87.09,127.00,1.00,4,-1,-1
1,11,635.65,82.02,75.99,107.74,1.00,6,-1,-1
1,12,685.60,219.00,70.01,79.40,1.00,4,-1,-1
1,13,706.94,9.42,58.06,80.44,0.99,6,-1,-1
1,14,776.95,280.47,160.51,79.40,1.00,4,-1,-1
1,15,777.38,0.01,51.23,52.66,0.63,5,-1,-1
1,16,781.22,173.53,65.74,65.32,1.00,4,-1,-1
1,17,817.51,413.02,149.84,135.11,1.00,4,-1,-1
1,18,836.29,20.66,96.05,42.36,0.97,4,-1,-1
1,19,860.62,232.66,114.41,64.03,0.99,4,-1,-1
1,20,867.46,79.99,116.12,54.59,0.97,4,-1,-1
1,21,944.30,285.17,44.40,52.51,0.96,10,-1,-1
1,22,1103.96,226.04,27.32,52.94,0.97,1,-1,-1
2,1,277.15,388.09,167.74,227.28,0.99,6,-1,-1
2,2,397.77,243.22,85.33,99.34,1.00,4,-1,-1
2,3,455.37,106.28,78.52,104.57,0.99,6,-1,-1
2,4,469.59,429.89,100.12,147.04,1.00,4,-1,-1
2,5,528.82,6.78,43.70,44.77,0.76,4,-1,-1
2,6,562.57,5.82,16.24,35.76,0.91,1,-1,-1
2,7,569.79,51.08,49.46,51.18,1.00,4,-1,-1
2,8,576.07,5.10,15.62,37.24,0.76,1,-1,-1
2,9,625.31,-0.15,67.75,80.06,0.99,6,-1,-1
2,10,628.35,365.77,88.67,127.99,1.00,4,-1,-1
2,11,631.74,81.91,76.07,106.59,0.99,6,-1,-1
2,12,682.50,218.88,71.57,80.18,1.00,4,-1,-1
2,13,702.32,8.87,58.86,82.43,0.99,6,-1,-1
2,14,775.05,282.04,160.65,79.41,1.00,4,-1,-1
2,15,774.29,0.08,50.54,52.35,0.90,5,-1,-1
2,16,778.18,174.37,67.29,65.99,1.00,4,-1,-1
2,17,816.05,415.04,150.36,137.20,1.00,4,-1,-1
2,18,833.99,21.01,95.76,41.99,0.98,4,-1,-1
2,19,857.66,233.43,116.36,64.79,1.00,4,-1,-1
2,20,864.45,80.18,116.59,54.22,0.99,4,-1,-1
2,21,942.52,287.24,42.96,51.42,0.97,10,-1,-1
2,22,1099.31,227.84,30.32,52.97,0.97,1,-1,-1
3,1,268.88,392.22,169.86,226.23,1.00,6,-1,-1
3,2,390.69,244.15,85.71,101.30,0.99,4,-1,-1
3,3,449.47,107.48,78.04,104.58,0.99,6,-1,-1
3,4,464.57,427.36,100.06,145.60,1.00,4,-1,-1
3,5,522.26,7.80,42.93,44.29,0.84,4,-1,-1
3,6,556.68,6.34,16.26,35.87,0.84,1,-1,-1
3,7,563.64,50.02,49.62,51.20,1.00,4,-1,-1
3,8,570.08,5.49,15.38,36.78,0.63,1,-1,-1
3,9,619.18,-0.10,68.88,80.19,0.99,6,-1,-1
3,10,623.04,366.00,88.99,127.17,1.00,4,-1,-1
3,11,625.30,81.62,76.79,106.40,1.00,6,-1,-1
3,12,677.56,218.62,71.21,80.32,1.00,4,-1,-1
3,13,697.08,9.70,58.37,81.81,0.95,6,-1,-1
3,14,770.37,283.55,160.39,79.73,1.00,4,-1,-1
3,15,769.00,0.06,51.11,53.02,0.74,5,-1,-1
3,16,772.94,175.49,66.27,65.86,1.00,4,-1,-1
3,17,811.47,417.66,150.84,137.40,0.99,4,-1,-1
3,18,828.19,20.69,98.41,42.26,0.98,4,-1,-1
3,19,852.46,234.28,117.40,65.24,0.99,4,-1,-1
3,20,858.88,80.27,117.70,54.36,0.99,4,-1,-1
3,21,938.90,289.15,41.38,50.56,0.99,10,-1,-1
3,22,1094.54,229.32,30.87,53.64,0.99,1,-1,-1
4,1,258.55,395.81,172.61,228.80,1.00,6,-1,-1
4,2,382.96,246.45,85.96,101.92,0.99,4,-1,-1
4,3,441.26,108.47,77.86,105.15,0.96,6,-1,-1
4,4,459.22,424.00,100.04,144.61,1.00,4,-1,-1
4,5,514.48,7.99,42.03,44.97,0.79,4,-1,-1
4,6,548.43,6.85,16.26,35.81,0.86,1,-1,-1
4,7,556.28,49.31,49.64,50.97,1.00,4,-1,-1
4,8,561.75,5.63,16.00,37.22,0.49,1,-1,-1
4,9,612.12,0.13,67.94,79.44,0.98,6,-1,-1
4,10,616.92,366.08,89.05,127.34,1.00,4,-1,-1
4,11,617.17,81.08,77.66,106.40,1.00,6,-1,-1
4,12,672.19,218.28,71.05,80.31,1.00,4,-1,-1
4,13,689.65,9.44,58.84,82.62,0.98,6,-1,-1
4,14,764.36,284.86,160.92,79.46,1.00,4,-1,-1
4,15,761.50,0.06,50.64,52.90,0.65,5,-1,-1
4,16,766.45,176.15,66.54,66.68,1.00,4,-1,-1
4,17,805.50,419.74,152.26,138.17,0.99,4,-1,-1
4,18,820.81,20.87,98.26,41.83,0.98,4,-1,-1
4,19,845.96,234.91,117.99,65.33,1.00,4,-1,-1
4,20,852.24,80.07,118.99,55.19,0.99,4,-1,-1
4,21,933.84,289.72,38.24,50.30,0.99,10,-1,-1
4,22,1089.07,230.76,29.72,54.15,0.99,1,-1,-1
5,1,251.10,399.74,173.06,230.89,0.99,6,-1,-1
5,2,375.41,248.51,86.14,103.70,0.99,4,-1,-1
5,3,433.73,109.54,79.03,105.97,1.00,6,-1,-1
5,4,454.66,420.77,99.98,143.57,1.00,4,-1,-1
5,5,507.11,8.36,42.41,45.07,0.86,4,-1,-1
5,6,540.59,7.16,16.88,36.19,0.86,1,-1,-1
5,7,549.98,48.22,48.99,51.24,0.99,4,-1,-1
5,8,553.87,5.65,16.19,38.04,0.36,1,-1,-1
5,9,604.98,0.10,69.49,78.17,0.97,6,-1,-1
5,10,612.46,365.98,88.37,127.73,1.00,4,-1,-1
5,11,610.92,80.74,77.25,106.98,1.00,6,-1,-1
5,12,667.37,217.68,71.59,80.55,1.00,4,-1,-1
5,13,682.99,9.48,59.60,83.26,0.98,6,-1,-1
5,14,758.67,285.78,162.31,80.36,1.00,4,-1,-1
5,15,754.48,0.13,51.09,53.16,0.82,5,-1,-1
5,16,760.97,177.13,65.99,66.24,1.00,4,-1,-1
5,17,801.65,422.15,153.90,138.44,1.00,4,-1,-1
5,18,814.16,20.86,96.86,41.57,0.99,4,-1,-1
5,19,840.76,235.35,118.11,66.01,0.99,4,-1,-1
5,20,846.12,80.40,117.16,54.36,0.98,4,-1,-1
5,21,929.67,291.09,40.02,50.27,0.98,10,-1,-1
5,22,1083.59,232.62,30.52,54.31,0.98,1,-1,-1
6,1,243.63,403.66,175.18,233.52,0.99,6,-1,-1
6,2,368.47,250.23,87.68,104.28,0.99,4,-1,-1
6,3,427.26,110.39,78.93,106.68,1.00,6,-1,-1
6,4,451.94,417.21,98.69,142.64,1.00,4,-1,-1
6,5,500.85,8.75,43.15,45.07,0.64,4,-1,-1
6,6,534.18,7.45,16.47,36.10,0.85,1,-1,-1
6,7,544.35,47.23,49.36,51.34,0.99,4,-1,-1
6,8,547.43,5.82,16.24,37.96,0.50,1,-1,-1
6,9,598.77,0.02,69.36,77.19,0.96,6,-1,-1
6,10,607.95,365.69,88.69,128.33,1.00,4,-1,-1
6,11,604.71,80.14,77.66,106.57,1.00,6,-1,-1
6,12,663.04,217.21,71.13,80.71,1.00,4,-1,-1
6,13,676.93,9.98,59.82,82.55,0.95,6,-1,-1
6,14,754.33,287.38,162.73,80.38,1.00,4,-1,-1
6,15,749.20,-0.02,50.61,53.62,0.67,5,-1,-1
6,16,756.14,177.63,65.78,66.77,0.99,4,-1,-1
6,17,798.51,424.35,154.36,139.73,1.00,4,-1,-1
6,18,808.98,20.93,95.70,41.48,0.97,4,-1,-1
6,19,836.00,236.23,119.31,65.94,0.99,4,-1,-1
6,20,841.39,80.96,114.92,53.65,0.99,4,-1,-1
6,21,924.54,291.49,41.77,51.51,0.98,10,-1,-1
6,22,1079.90,234.15,30.76,54.04,0.99,1,-1,-1
7,1,236.11,407.65,177.38,237.34,0.99,6,-1,-1
7,2,362.42,253.65,87.92,103.84,0.99,4,-1,-1
7,3,421.06,112.04,79.50,107.20,0.99,6,-1,-1
7,4,448.18,414.49,97.65,140.39,1.00,4,-1,-1
7,5,494.41,9.12,42.82,45.35,0.69,4,-1,-1
7,6,528.59,8.43,15.71,35.36,0.87,1,-1,-1
7,7,538.71,46.60,49.49,51.01,1.00,4,-1,-1
7,8,541.83,6.28,15.06,37.70,0.50,1,-1,-1
7,9,592.93,-0.11,69.31,76.32,0.98,6,-1,-1
7,10,603.59,365.92,89.42,128.52,1.00,4,-1,-1
7,11,598.58,79.75,77.80,106.04,1.00,6,-1,-1
7,12,658.71,216.86,70.37,80.52,1.00,4,-1,-1
7,13,671.13,10.38,59.89,83.56,0.92,6,-1,-1
7,14,750.02,288.95,164.06,80.35,1.00,4,-1,-1
7,15,743.07,0.02,51.65,54.11,0.76,5,-1,-1
7,16,751.35,178.16,65.72,67.47,0.99,4,-1,-1
7,17,794.90,426.39,155.99,140.89,0.98,4,-1,-1
7,18,802.88,20.86,96.82,41.74,0.98,4,-1,-1
7,19,832.14,236.96,119.71,66.78,1.00,4,-1,-1
7,20,835.44,80.73,116.87,54.42,0.99,4,-1,-1
7,21,921.10,293.07,42.41,51.64,0.99,10,-1,-1
7,22,1076.41,236.10,29.66,53.32,0.99,1,-1,-1
8,1,233.56,411.15,176.26,237.54,0.99,6,-1,-1
8,2,359.69,254.86,87.20,105.45,1.00,4,-1,-1
8,3,418.03,113.42,78.32,107.39,0.99,6,-1,-1
8,4,447.10,411.66,97.84,138.64,1.00,4,-1,-1
8,5,490.59,9.92,43.88,45.22,0.97,4,-1,-1
8,6,525.06,8.85,16.64,35.68,0.90,1,-1,-1
8,7,536.62,45.72,48.93,50.44,1.00,4,-1,-1
8,8,537.98,6.26,15.84,37.61,0.42,1,-1,-1
8,9,590.49,-0.40,69.25,76.48,0.97,6,-1,-1
8,10,601.77,366.45,90.21,128.18,1.00,4,-1,-1
8,11,596.01,79.61,76.61,105.77,1.00,6,-1,-1
8,12,657.55,216.49,70.66,81.07,1.00,4,-1,-1
8,13,668.40,10.36,59.87,84.14,0.96,6,-1,-1
8,14,748.55,290.86,164.48,80.40,1.00,4,-1,-1
8,15,740.53,0.26,51.41,53.80,0.64,5,-1,-1
8,16,749.17,179.35,66.27,67.66,1.00,4,-1,-1
8,17,794.18,429.03,157.65,141.78,0.99,4,-1,-1
8,18,800.04,20.74,98.08,42.47,0.98,4,-1,-1
8,19,830.86,238.63,118.62,66.53,1.00,4,-1,-1
8,20,833.79,80.94,115.48,54.85,0.99,4,-1,-1
8,21,920.50,294.48,41.45,51.99,0.99,10,-1,-1
8,22,1077.02,237.97,29.21,53.66,0.99,1,-1,-1
9,1,230.31,414.46,177.93,239.96,1.00,6,-1,-1
9,2,358.52,256.06,87.13,106.58,0.99,4,-1,-1
9,3,417.20,114.08,77.95,107.85,0.99,6,-1,-1
9,4,448.08,407.93,97.25,138.05,1.00,4,-1,-1
9,5,489.36,9.90,44.80,45.91,0.96,4,-1,-1
9,6,524.23,9.40,16.35,35.75,0.91,1,-1,-1
9,7,536.23,44.93,49.27,50.03,1.00,4,-1,-1
9,8,537.33,6.30,16.07,37.65,0.58,1,-1,-1
9,9,590.28,-0.33,68.57,76.08,0.98,6,-1,-1
9,10,601.58,366.96,90.40,128.17,1.00,4,-1,-1
9,11,595.14,79.01,76.10,105.78,1.00,6,-1,-1
9,12,657.91,216.48,71.30,81.11,1.00,4,-1,-1
9,13,668.63,10.90,59.21,84.11,0.94,6,-1,-1
9,14,749.04,292.63,164.80,81.03,1.00,4,-1,-1
9,15,740.20,0.34,51.27,54.61,0.54,5,-1,-1
9,16,749.18,180.57,66.42,67.64,1.00,4,-1,-1
9,17,795.71,432.16,157.51,142.66,0.99,4,-1,-1
9,18,799.58,20.89,97.61,43.00,0.99,4,-1,-1
9,19,831.11,240.25,118.11,66.73,0.99,4,-1,-1
9,20,834.29,81.83,116.97,54.15,0.99,4,-1,-1
9,21,920.91,295.71,42.24,52.99,0.97,10,-1,-1
9,22,1078.42,241.47,30.20,53.49,0.99,1,-1,-1
10,1,227.44,417.75,180.28,243.60,0.99,6,-1,-1
10,2,357.87,259.16,86.54,106.15,1.00,4,-1,-1
10,3,416.85,114.66,77.70,108.19,1.00,6,-1,-1
10,4,449.30,404.28,96.50,138.97,0.99,4,-1,-1
10,5,488.74,10.15,45.16,46.35,0.93,4,-1,-1
10,6,524.04,9.95,16.25,35.67,0.80,1,-1,-1
10,7,536.48,43.64,49.41,50.55,0.99,4,-1,-1
10,8,536.65,6.21,16.74,37.82,0.29,1,-1,-1
10,9,590.34,-0.26,68.93,75.02,0.96,6,-1,-1
10,10,602.17,367.18,90.49,128.50,1.00,4,-1,-1
10,11,594.67,78.65,76.52,105.43,1.00,6,-1,-1
10,12,658.72,216.41,71.55,80.93,1.00,4,-1,-1
10,13,668.87,12.18,59.56,83.88,0.92,6,-1,-1
10,14,750.51,294.98,164.94,81.28,1.00,4,-1,-1
10,15,740.56,0.35,51.23,55.43,0.52,5,-1,-1
10,16,749.91,182.13,66.50,67.22,0.99,4,-1,-1
10,17,797.26,435.89,157.75,143.58,0.99,4,-1,-1
10,18,799.90,21.22,98.33,43.57,0.98,4,-1,-1
10,19,832.24,242.26,118.83,66.82,1.00,4,-1,-1
10,20,834.67,82.82,117.54,54.86,1.00,4,-1,-1
10,21,922.40,298.02,40.22,53.65,0.97,10,-1,-1
10,22,1080.90,245.60,30.56,51.70,0.97,1,-1,-1
11,1,224.63,420.32,182.49,244.87,0.99,6,-1,-1
11,2,357.27,260.05,86.72,107.67,1.00,4,-1,-1
11,3,416.07,115.31,78.31,108.79,0.99,6,-1,-1
11,4,449.70,400.69,96.81,138.91,1.00,4,-1,-1
11,5,488.60,10.18,46.41,46.90,0.92,4,-1,-1
11,6,524.04,10.23,16.20,35.23,0.83,1,-1,-1
11,7,536.62,42.37,49.45,50.60,0.99,4,-1,-1
11,8,536.20,6.18,16.41,37.81,0.22,1,-1,-1
11,9,590.99,-0.42,69.04,74.74,0.95,6,-1,-1
11,10,602.07,367.22,91.06,129.62,1.00,4,-1,-1
11,11,595.13,78.42,76.66,105.62,1.00,6,-1,-1
11,12,659.56,216.46,71.63,81.07,1.00,4,-1,-1
11,13,668.70,12.05,59.67,84.53,0.99,6,-1,-1
11,14,751.00,296.49,166.10,81.95,1.00,4,-1,-1
11,15,740.71,-0.03,51.78,56.27,0.43,5,-1,-1
11,16,751.02,183.24,65.94,67.91,1.00,4,-1,-1
11,17,798.88,438.16,159.50,145.61,1.00,4,-1,-1
11,18,800.61,21.80,98.57,43.42,0.97,4,-1,-1
11,19,833.47,243.97,118.20,67.13,0.99,4,-1,-1
11,20,835.94,83.12,115.43,55.12,1.00,4,-1,-1
11,21,923.99,300.12,40.63,53.89,0.98,10,-1,-1
11,22,1083.42,249.38,31.83,50.73,0.98,1,-1,-1
12,1,223.26,423.43,183.63,246.93,0.99,6,-1,-1
12,2,356.51,262.40,87.11,106.49,0.99,4,-1,-1
12,3,415.77,116.45,78.57,108.98,1.00,6,-1,-1
12,4,450.41,398.57,96.98,138.32,0.99,4,-1,-1
12,5,488.51,10.88,47.45,46.69,0.88,4,-1,-1
12,6,524.29,10.52,15.62,35.20,0.89,1,-1,-1
12,7,537.48,42.11,48.91,49.81,1.00,4,-1,-1
12,8,535.98,6.66,16.87,38.19,0.42,1,-1,-1
12,9,590.88,-0.50,70.26,75.34,0.95,6,-1,-1
12,10,602.90,367.83,90.73,129.58,1.00,4,-1,-1
12,11,595.27,78.23,77.89,106.69,1.00,6,-1,-1
12,12,660.40,216.43,71.68,81.18,1.00,4,-1,-1
12,13,668.88,12.52,59.73,84.79,0.99,6,-1,-1
12,14,751.75,298.84,167.11,82.43,1.00,4,-1,-1
12,15,741.01,0.02,52.00,56.91,0.68,5,-1,-1
12,16,751.98,184.39,66.33,68.79,1.00,4,-1,-1
12,17,799.77,441.32,160.45,146.30,0.99,4,-1,-1
12,18,801.12,22.87,99.53,43.08,0.97,4,-1,-1
12,19,834.19,245.95,119.99,67.21,1.00,4,-1,-1
12,20,836.65,84.07,114.95,54.58,1.00,4,-1,-1
12,21,926.30,302.07,39.64,54.24,0.97,10,-1,-1
12,22,1086.61,252.58,33.44,51.56,0.93,1,-1,-1
13,1,221.05,427.68,185.17,250.45,0.98,6,-1,-1
13,2,355.88,264.56,87.84,107.43,0.99,4,-1,-1
13,3,415.15,117.89,79.12,109.31,1.00,6,-1,-1
13,4,451.13,395.96,96.50,137.55,1.00,4,-1,-1
13,5,488.95,11.31,46.15,47.09,0.85,4,-1,-1
13,6,524.00,11.18,15.99,35.77,0.86,1,-1,-1
13,7,537.97,41.30,49.29,49.88,1.00,4,-1,-1
13,8,535.53,7.15,17.04,38.90,0.28,1,-1,-1
13,9,590.74,-0.54,71.28,74.67,0.95,6,-1,-1
13,10,604.26,368.09,89.47,130.41,1.00,4,-1,-1
13,11,596.66,78.12,77.22,106.59,1.00,6,-1,-1
13,12,661.45,216.30,72.28,81.77,1.00,4,-1,-1
13,13,668.83,12.98,60.91,85.44,0.96,6,-1,-1
13,14,752.77,300.96,167.76,82.86,1.00,4,-1,-1
13,15,741.57,0.06,52.08,57.54,0.80,5,-1,-1
13,16,752.80,185.65,67.06,69.24,1.00,4,-1,-1
13,17,801.41,444.70,161.64,147.64,0.99,4,-1,-1
13,18,802.34,23.40,99.88,42.97,0.98,4,-1,-1
13,19,835.49,247.36,120.66,67.50,1.00,4,-1,-1
13,20,837.37,84.69,115.37,54.78,1.00,4,-1,-1
13,21,928.16,302.89,39.29,55.49,0.98,10,-1,-1
13,22,1091.59,255.64,32.94,53.30,0.98,1,-1,-1
14,1,217.74,431.27,188.42,254.35,0.98,6,-1,-1
14,2,355.02,267.15,88.80,108.03,1.00,4,-1,-1
14,3,415.43,119.07,78.31,109.76,1.00,6,-1,-1
14,4,452.25,393.54,95.75,136.27,1.00,4,-1,-1
14,5,489.20,11.88,45.62,47.07,0.91,4,-1,-1
14,6,523.96,11.68,16.13,36.27,0.88,1,-1,-1
14,7,539.05,40.27,48.85,49.78,1.00,4,-1,-1
14,8,535.71,7.63,17.09,39.33,0.33,1,-1,-1
14,9,591.00,-0.14,72.22,73.07,0.98,6,-1,-1
14,10,604.77,368.47,89.55,130.98,1.00,4,-1,-1
14,11,597.23,77.86,76.38,106.54,1.00,6,-1,-1
14,12,662.68,216.65,71.92,81.77,1.00,4,-1,-1
14,13,669.41,13.89,61.33,84.75,0.98,6,-1,-1
14,14,754.26,303.41,168.53,82.72,1.00,4,-1,-1
14,15,742.09,0.13,52.10,58.32,0.78,5,-1,-1
14,16,753.66,186.89,67.89,69.89,1.00,4,-1,-1
14,17,802.81,448.42,162.31,148.66,0.99,4,-1,-1
14,18,802.52,23.52,101.98,43.47,0.98,4,-1,-1
14,19,837.08,249.43,120.88,67.31,1.00,4,-1,-1
14,20,838.47,85.56,114.65,54.75,1.00,4,-1,-1
14,21,928.77,304.58,43.80,55.95,0.98,10,-1,-1
14,22,1095.67,259.57,32.71,54.51,0.98,1,-1,-1
15,1,216.43,433.56,189.10,256.30,0.99,6,-1,-1
15,2,353.94,267.84,89.72,109.93,0.99,4,-1,-1
15,3,415.19,119.98,79.00,110.04,1.00,6,-1,-1
15,4,453.54,390.24,94.91,135.68,1.00,4,-1,-1
15,5,489.08,12.61,45.41,46.81,0.91,4,-1,-1
15,6,524.30,12.21,15.61,36.81,0.85,1,-1,-1
15,7,540.07,39.78,48.69,49.15,0.99,4,-1,-1
15,8,535.57,8.40,17.11,39.29,0.39,1,-1,-1
15,9,591.73,-0.02,71.99,72.56,0.96,6,-1,-1
15,10,605.27,369.09,90.15,132.02,1.00,4,-1,-1
15,11,597.78,77.70,74.91,106.08,1.00,6,-1,-1
15,12,663.72,216.78,71.78,81.69,1.00,4,-1,-1
15,13,670.25,15.06,60.92,84.35,0.98,6,-1,-1
15,14,755.68,305.60,168.50,82.93,1.00,4,-1,-1
15,15,743.17,0.13,51.53,58.66,0.85,5,-1,-1
15,16,754.28,188.81,68.20,69.55,1.00,4,-1,-1
15,17,803.89,451.90,163.66,148.99,0.99,4,-1,-1
15,18,803.47,24.96,101.34,42.54,0.98,4,-1,-1
15,19,838.53,251.36,120.08,67.22,1.00,4,-1,-1
15,20,839.47,86.58,116.68,55.30,1.00,4,-1,-1
15,21,930.70,307.06,44.29,55.82,0.96,10,-1,-1
15,22,1098.28,262.85,33.75,54.40,0.95,1,-1,-1
16,1,214.28,437.32,190.69,259.32,0.99,6,-1,-1
16,2,353.93,270.51,89.06,110.05,0.99,4,-1,-1
16,3,414.48,121.21,79.82,110.83,1.00,6,-1,-1
16,4,454.20,387.49,95.19,134.33,1.00,4,-1,-1
16,5,489.83,13.06,44.75,46.61,0.86,4,-1,-1
16,6,524.36,12.95,15.41,36.32,0.90,1,-1,-1
16,7,540.65,39.14,48.63,48.99,1.00,4,-1,-1
16,8,535.46,9.23,17.11,38.77,0.73,1,-1,-1
16,9,592.20,0.06,71.32,72.08,0.97,6,-1,-1
16,10,605.64,369.95,90.37,132.39,1.00,4,-1,-1
16,11,597.03,77.74,76.10,106.61,1.00,6,-1,-1
16,12,664.84,216.98,71.15,81.43,1.00,4,-1,-1
16,13,670.47,15.83,61.31,84.31,0.94,6,-1,-1
16,14,756.38,307.84,169.31,83.84,1.00,4,-1,-1
16,15,743.77,0.24,51.89,59.13,0.92,5,-1,-1
16,16,754.97,190.41,68.31,70.25,0.99,4,-1,-1
16,17,804.72,455.14,165.25,151.33,0.99,4,-1,-1
16,18,804.29,25.78,101.06,42.89,0.99,4,-1,-1
16,19,839.79,253.66,120.62,67.45,0.99,4,-1,-1
16,20,839.73,87.30,117.43,55.64,1.00,4,-1,-1
16,21,932.40,310.69,43.35,55.18,0.97,10,-1,-1
16,22,1101.32,267.01,33.00,53.78,0.98,1,-1,-1
17,1,212.26,440.84,190.70,260.39,0.99,6,-1,-1
17,2,351.97,272.37,90.22,110.36,1.00,4,-1,-1
17,3,413.24,122.98,80.28,110.56,0.99,6,-1,-1
17,4,454.99,385.10,94.17,133.87,1.00,4,-1,-1
17,5,488.99,14.34,43.94,46.09,0.92,4,-1,-1
17,6,524.12,13.49,15.34,36.69,0.90,1,-1,-1
17,7,540.86,38.50,48.04,48.87,0.99,4,-1,-1
17,8,534.87,9.65,17.11,39.25,0.64,1,-1,-1
17,9,592.10,0.07,71.63,72.43,0.96,6,-1,-1
17,10,605.49,370.62,90.46,132.66,1.00,4,-1,-1
17,11,596.21,77.26,75.97,106.68,1.00,6,-1,-1
17,12,665.53,217.13,70.92,81.19,1.00,4,-1,-1
17,13,670.28,16.17,61.47,84.81,0.97,6,-1,-1
17,14,756.91,309.96,169.60,84.46,1.00,4,-1,-1
17,15,743.72,0.19,51.45,59.60,0.92,5,-1,-1
17,16,754.66,191.74,68.35,70.79,0.99,4,-1,-1
17,17,806.15,458.74,165.55,152.75,0.99,4,-1,-1
17,18,805.18,26.53,101.81,43.36,0.99,4,-1,-1
17,19,840.55,255.51,120.25,68.11,1.00,4,-1,-1
17,20,839.54,88.20,119.99,56.43,0.99,4,-1,-1
17,21,933.31,311.91,42.97,56.91,0.98,10,-1,-1
17,22,1104.40,271.35,31.56,51.83,0.97,1,-1,-1
18,1,207.08,445.38,193.31,261.75,0.99,6,-1,-1
18,2,348.10,274.16,92.40,111.83,1.00,4,-1,-1
18,3,409.99,124.59,80.92,110.40,1.00,6,-1,-1
18,4,453.83,382.45,93.88,132.55,1.00,4,-1,-1
18,5,487.11,15.25,43.08,46.02,0.81,4,-1,-1
18,6,521.89,14.14,14.77,36.25,0.93,1,-1,-1
18,7,538.79,37.57,48.42,48.88,0.99,4,-1,-1
18,8,533.09,10.24,15.99,39.03,0.79,1,-1,-1
18,9,589.91,0.08,72.34,72.16,0.97,6,-1,-1
18,10,603.15,371.20,91.69,132.71,1.00,4,-1,-1
18,11,593.50,77.02,76.55,105.99,1.00,6,-1,-1
18,12,663.70,217.13,71.45,81.42,1.00,4,-1,-1
18,13,668.35,16.55,61.56,85.09,0.97,6,-1,-1
18,14,755.64,312.08,170.59,84.60,1.00,4,-1,-1
18,15,741.83,0.08,51.32,60.23,0.89,5,-1,-1
18,16,753.31,192.67,68.39,71.31,0.99,4,-1,-1
18,17,805.55,462.49,166.27,152.61,0.99,4,-1,-1
18,18,802.80,27.20,103.51,43.91,0.98,4,-1,-1
18,19,839.05,256.80,121.28,68.86,1.00,4,-1,-1
18,20,837.64,89.12,122.10,56.57,0.99,4,-1,-1
18,21,933.02,313.63,42.85,57.25,0.98,10,-1,-1
18,22,1104.87,274.67,31.03,53.10,0.93,1,-1,-1
19,1,199.67,449.33,197.56,261.61,0.98,6,-1,-1
19,2,344.93,276.17,91.64,112.63,0.99,4,-1,-1
19,3,405.65,125.61,82.83,111.31,0.99,6,-1,-1
19,4,451.87,379.44,93.75,132.09,1.00,4,-1,-1
19,5,483.26,15.71,44.48,46.26,0.93,4,-1,-1
19,6,518.77,14.75,14.55,35.32,0.83,1,-1,-1
19,7,536.55,36.68,48.56,48.82,1.00,4,-1,-1
19,8,529.28,11.10,16.13,38.64,0.79,1,-1,-1
19,9,587.64,0.25,73.72,71.13,0.96,6,-1,-1
19,10,601.04,371.71,92.12,133.13,1.00,4,-1,-1
19,11,590.18,76.51,77.31,105.73,1.00,6,-1,-1
19,12,662.06,216.76,72.20,81.79,1.00,4,-1,-1
19,13,665.88,17.06,61.00,85.27,0.99,6,-1,-1
19,14,753.34,313.84,172.03,85.22,1.00,4,-1,-1
19,15,739.36,-0.05,51.25,60.52,0.86,5,-1,-1
19,16,751.29,193.81,68.95,71.42,1.00,4,-1,-1
19,17,804.30,465.38,167.31,154.77,0.98,4,-1,-1
19,18,799.85,27.63,103.84,43.74,0.98,4,-1,-1
19,19,837.21,258.57,122.19,68.86,1.00,4,-1,-1
19,20,835.97,90.21,122.03,56.80,0.99,4,-1,-1
19,21,931.03,314.42,43.92,59.33,0.98,10,-1,-1
19,22,1105.39,277.88,30.83,52.70,0.60,1,-1,-1
20,1,195.63,454.30,198.64,264.27,0.99,6,-1,-1
20,2,340.49,278.44,92.76,113.75,1.00,4,-1,-1
20,3,402.41,126.93,82.87,112.20,1.00,6,-1,-1
20,4,449.95,377.16,93.19,131.37,1.00,4,-1,-1
20,5,479.77,16.58,44.44,46.19,0.90,4,-1,-1
20,6,515.84,15.04,15.06,36.37,0.78,1,-1,-1
20,7,534.21,35.80,48.06,49.01,1.00,4,-1,-1
20,8,525.82,11.55,15.62,39.18,0.58,1,-1,-1
20,9,585.01,0.30,72.56,71.21,0.91,6,-1,-1
20,10,598.82,372.43,91.74,132.85,1.00,4,-1,-1
20,11,586.90,76.28,77.06,105.49,1.00,6,-1,-1
20,12,660.25,216.58,71.93,82.49,1.00,4,-1,-1
20,13,662.62,17.58,61.37,85.33,0.98,6,-1,-1
20,14,751.03,316.07,173.44,85.41,1.00,4,-1,-1
20,15,736.10,0.19,51.81,61.01,0.92,5,-1,-1
20,16,749.08,195.33,68.61,72.07,1.00,4,-1,-1
20,17,803.26,468.71,167.71,155.53,0.99,4,-1,-1
20,18,797.55,28.13,103.96,43.73,0.97,4,-1,-1
20,19,835.65,260.51,122.84,68.83,1.00,4,-1,-1
20,20,834.45,91.10,120.58,56.40,1.00,4,-1,-1
20,21,930.26,316.67,44.34,57.87,0.97,10,-1,-1
20,22,1105.52,280.67,29.62,51.41,0.81,1,-1,-1
20,23,990.40,365.21,32.44,68.73,0.96,1,-1,-1
21,1,188.20,459.00,202.11,265.17,0.99,6,-1,-1
21,2,336.74,281.03,92.91,114.98,1.00,4,-1,-1
21,3,398.95,128.20,82.32,112.79,1.00,6,-1,-1
21,4,447.81,374.51,93.59,131.70,1.00,4,-1,-1
21,5,475.90,17.50,45.00,46.02,0.98,4,-1,-1
21,6,511.88,15.93,15.25,36.09,0.87,1,-1,-1
21,7,531.60,34.98,47.88,48.46,1.00,4,-1,-1
21,8,521.38,12.68,16.01,38.85,0.80,1,-1,-1
21,9,581.72,0.37,73.81,71.51,0.93,6,-1,-1
21,10,596.58,373.46,91.61,132.57,1.00,4,-1,-1
21,11,583.39,75.81,76.98,106.85,1.00,6,-1,-1
21,12,657.84,216.70,72.41,82.17,1.00,4,-1,-1
21,13,660.23,18.09,60.39,86.47,1.00,6,-1,-1
21,14,748.45,318.43,173.96,85.44,1.00,4,-1,-1
21,15,733.41,0.31,51.47,61.31,0.94,5,-1,-1
21,16,746.24,196.82,69.62,72.23,0.99,4,-1,-1
21,17,801.73,471.85,168.99,155.75,0.99,4,-1,-1
21,18,795.22,28.96,104.85,42.78,0.99,4,-1,-1
21,19,833.62,261.76,123.36,69.64,1.00,4,-1,-1
21,20,832.15,91.99,120.02,56.08,1.00,4,-1,-1
21,21,928.80,319.03,44.49,57.83,0.97,10,-1,-1
21,22,1106.07,283.55,28.02,50.64,0.85,1,-1,-1
21,23,985.37,369.26,33.87,67.76,0.94,1,-1,-1
22,1,187.79,463.28,199.64,268.31,0.99,6,-1,-1
22,2,332.90,283.73,93.22,115.72,0.99,4,-1,-1
22,3,395.10,129.86,82.93,112.88,0.99,6,-1,-1
22,4,446.04,372.07,93.73,130.74,1.00,4,-1,-1
22,5,472.75,17.68,45.21,46.89,0.84,4,-1,-1
22,6,508.70,16.71,14.76,36.13,0.82,1,-1,-1
22,7,528.89,33.89,48.38,48.25,0.99,4,-1,-1
22,8,517.18,13.37,16.72,39.33,0.67,1,-1,-1
22,9,578.50,0.29,74.83,71.64,0.95,6,-1,-1
22,10,594.81,374.13,90.97,132.62,1.00,4,-1,-1
22,11,580.66,75.67,76.37,106.07,1.00,6,-1,-1
22,12,656.31,216.63,72.58,82.34,1.00,4,-1,-1
22,13,657.35,18.83,60.57,86.14,0.99,6,-1,-1
22,14,747.41,320.84,173.85,85.47,0.99,4,-1,-1
22,15,730.72,0.07,50.76,62.03,0.97,5,-1,-1
22,16,744.85,198.63,68.30,71.44,0.99,4,-1,-1
22,17,801.04,475.11,169.71,156.96,0.99,4,-1,-1
22,18,792.38,29.28,106.29,42.97,0.99,4,-1,-1
22,19,832.23,263.22,123.26,69.96,1.00,4,-1,-1
22,20,830.42,92.48,117.53,56.12,1.00,4,-1,-1
22,21,927.33,320.77,44.54,58.09,0.98,10,-1,-1
22,22,1105.86,287.03,27.43,49.22,0.97,1,-1,-1
22,23,979.25,373.39,34.15,67.58,0.98,1,-1,-1
23,1,184.37,469.76,199.51,268.29,0.98,6,-1,-1
23,2,329.64,285.94,92.72,116.81,1.00,4,-1,-1
23,3,391.41,131.31,84.39,114.03,0.99,6,-1,-1
23,4,444.30,369.40,93.20,129.11,1.00,4,-1,-1
23,5,468.90,18.19,45.84,47.75,0.90,4,-1,-1
23,6,504.53,17.38,15.72,37.19,0.66,1,-1,-1
23,7,525.73,33.02,49.12,48.55,0.99,4,-1,-1
23,8,513.50,14.46,16.98,38.80,0.61,1,-1,-1
23,9,576.00,0.31,73.49,71.22,0.93,6,-1,-1
23,10,592.50,374.66,90.69,133.20,1.00,4,-1,-1
23,11,577.21,75.51,76.68,105.80,1.00,6,-1,-1
23,12,654.66,216.37,72.62,82.69,1.00,4,-1,-1
23,13,654.41,19.27,60.62,87.94,0.98,6,-1,-1
23,14,745.92,322.99,173.73,85.77,1.00,4,-1,-1
23,15,727.83,0.07,51.05,62.75,0.95,5,-1,-1
23,16,743.26,200.18,67.76,71.69,1.00,4,-1,-1
23,17,800.47,478.50,170.74,159.07,0.99,4,-1,-1
23,18,789.41,29.62,106.51,43.41,0.98,4,-1,-1
23,19,830.59,265.61,123.18,69.51,1.00,4,-1,-1
23,20,828.13,93.01,117.69,56.29,0.99,4,-1,-1
23,21,926.19,322.42,44.53,58.74,0.99,10,-1,-1
23,22,1106.86,290.45,26.06,49.28,0.81,1,-1,-1
23,23,975.85,377.90,31.57,66.48,0.98,1,-1,-1
24,1,178.52,475.31,201.93,269.31,0.99,6,-1,-1
24,2,325.97,288.77,93.10,117.47,1.00,4,-1,-1
24,3,388.11,132.82,84.67,114.50,0.99,6,-1,-1
24,4,442.84,366.90,92.46,127.67,1.00,4,-1,-1
24,5,465.23,18.93,47.21,48.14,0.94,4,-1,-1
24,6,501.58,18.10,15.51,37.05,0.76,1,-1,-1
24,7,523.42,32.10,48.29,48.86,0.99,4,-1,-1
24,8,509.34,15.21,17.64,39.83,0.69,1,-1,-1
24,9,573.40,0.47,73.54,70.85,0.90,6,-1,-1
24,10,590.57,375.33,91.17,133.82,0.99,4,-1,-1
24,11,573.42,75.02,77.38,106.91,0.98,6,-1,-1
24,12,652.93,216.18,72.08,82.80,1.00,4,-1,-1
24,13,651.06,20.17,62.35,88.40,0.96,6,-1,-1
24,14,744.00,325.31,175.10,85.56,0.99,4,-1,-1
24,15,724.50,-0.02,51.74,63.47,0.97,5,-1,-1
24,16,741.01,201.52,68.14,72.27,1.00,4,-1,-1
24,17,799.18,481.39,172.26,160.37,0.99,4,-1,-1
24,18,787.47,29.85,104.60,44.41,0.98,4,-1,-1
24,19,828.60,267.74,123.43,69.88,1.00,4,-1,-1
24,20,825.02,93.83,120.05,56.47,1.00,4,-1,-1
24,21,925.23,324.39,43.40,59.81,0.99,10,-1,-1
24,22,1106.63,294.27,25.59,47.31,0.75,1,-1,-1
24,23,973.77,381.51,29.41,65.98,0.97,1,-1,-1
25,1,173.03,480.23,204.43,267.95,0.98,6,-1,-1
25,2,322.97,291.08,93.49,117.70,1.00,4,-1,-1
25,3,385.84,134.41,83.33,114.95,1.00,6,-1,-1
25,4,441.43,363.86,92.17,127.32,1.00,4,-1,-1
25,5,462.81,19.90,45.47,47.87,0.92,4,-1,-1
25,6,498.89,19.07,14.85,36.65,0.72,1,-1,-1
25,7,521.50,31.30,48.52,48.79,1.00,4,-1,-1
25,8,506.46,15.95,17.33,40.14,0.80,1,-1,-1
25,9,570.52,0.48,75.24,71.58,0.96,6,-1,-1
25,10,588.42,376.08,92.46,134.62,1.00,4,-1,-1
25,11,570.94,74.96,77.06,107.19,1.00,6,-1,-1
25,12,652.01,216.51,71.28,82.28,1.00,4,-1,-1
25,13,649.03,21.24,62.42,88.56,0.97,6,-1,-1
25,14,742.70,327.79,175.29,85.78,1.00,4,-1,-1
25,15,722.75,0.03,51.42,64.52,0.94,5,-1,-1
25,16,738.76,202.95,68.83,72.77,1.00,4,-1,-1
25,17,798.07,485.45,173.04,160.85,0.99,4,-1,-1
25,18,784.25,30.26,105.55,44.50,0.97,4,-1,-1
25,19,827.27,269.05,124.35,70.59,1.00,4,-1,-1
25,20,823.60,95.11,119.78,55.98,1.00,4,-1,-1
25,21,925.12,327.62,42.95,58.53,0.96,10,-1,-1
25,22,1108.47,299.21,23.09,44.55,0.43,1,-1,-1
25,23,969.56,384.83,30.12,65.06,0.98,1,-1,-1
26,1,170.95,485.48,202.97,267.39,0.98,6,-1,-1
26,2,319.51,293.04,94.17,119.45,1.00,4,-1,-1
26,3,382.23,135.57,84.34,115.54,1.00,6,-1,-1
26,4,440.17,360.48,92.06,126.95,1.00,4,-1,-1
26,5,460.16,20.18,46.49,48.39,0.94,4,-1,-1
26,6,496.41,19.73,15.18,36.71,0.77,1,-1,-1
26,7,519.55,30.32,48.60,48.90,1.00,4,-1,-1
26,8,503.65,16.37,17.19,40.56,0.78,1,-1,-1
26,9,567.95,0.39,76.98,71.83,0.97,6,-1,-1
26,10,586.34,376.84,92.92,134.92,1.00,4,-1,-1
26,11,569.38,74.68,76.35,106.94,1.00,6,-1,-1
26,12,650.95,216.16,70.97,82.09,1.00,4,-1,-1
26,13,646.77,21.70,61.86,89.26,0.99,6,-1,-1
26,14,741.77,330.29,175.31,85.88,1.00,4,-1,-1
26,15,720.61,0.08,52.43,65.50,0.91,5,-1,-1
26,16,737.78,204.11,69.08,73.09,1.00,4,-1,-1
26,17,798.00,489.09,174.12,162.13,0.99,4,-1,-1
26,18,782.95,31.34,105.04,43.92,0.96,4,-1,-1
26,19,826.62,270.86,124.39,70.87,1.00,4,-1,-1
26,20,821.82,96.61,118.81,55.24,0.99,4,-1,-1
26,21,924.03,328.61,42.77,59.73,0.94,10,-1,-1
26,22,1106.74,302.75,24.63,43.00,0.31,1,-1,-1
26,23,964.10,387.73,31.57,65.55,0.98,1,-1,-1
27,1,167.18,489.12,204.99,268.81,0.99,6,-1,-1
27,2,317.33,295.80,94.72,120.36,1.00,4,-1,-1
27,3,379.42,137.06,85.72,115.87,1.00,6,-1,-1
27,4,440.31,357.44,91.48,125.70,1.00,4,-1,-1
27,5,457.82,21.13,45.74,48.44,0.90,4,-1,-1
27,6,493.85,20.18,15.30,37.20,0.79,1,-1,-1
27,7,518.30,29.64,48.64,48.51,1.00,4,-1,-1
27,8,500.97,17.07,17.14,40.75,0.85,1,-1,-1
27,9,566.18,0.49,77.64,71.12,0.96,6,-1,-1
27,10,585.35,377.34,93.67,135.15,1.00,4,-1,-1
27,11,568.02,74.27,76.10,108.23,1.00,6,-1,-1
27,12,650.88,216.11,70.30,81.72,1.00,4,-1,-1
27,13,644.85,22.30,62.79,89.63,0.98,6,-1,-1
27,14,741.77,332.93,175.88,86.17,1.00,4,-1,-1
27,15,719.00,0.18,52.81,66.53,0.97,5,-1,-1
27,16,737.19,205.83,68.61,73.06,1.00,4,-1,-1
27,17,797.76,492.67,175.65,163.12,0.99,4,-1,-1
27,18,782.52,32.10,104.55,44.32,0.97,4,-1,-1
27,19,826.15,272.81,125.53,71.52,1.00,4,-1,-1
27,20,820.65,97.33,119.30,55.67,0.99,4,-1,-1
27,21,923.95,330.38,44.99,60.72,0.96,10,-1,-1
27,22,1107.06,306.67,25.13,41.90,0.59,1,-1,-1
27,23,959.65,390.71,33.28,67.23,0.99,1,-1,-1
28,1,163.89,492.40,206.78,269.92,0.98,6,-1,-1
28,2,316.06,298.15,94.88,120.99,1.00,4,-1,-1
28,3,378.23,138.48,86.20,116.36,1.00,6,-1,-1
28,4,440.68,354.30,91.25,124.44,1.00,4,-1,-1
28,5,457.12,21.44,46.00,48.89,0.87,4,-1,-1
28,6,491.92,20.70,15.90,37.38,0.65,1,-1,-1
28,7,518.26,28.73,48.08,48.27,1.00,4,-1,-1
28,8,499.30,17.13,17.68,41.28,0.85,1,-1,-1
28,9,565.41,0.40,78.42,70.58,0.97,6,-1,-1
28,10,585.31,377.70,93.35,134.97,1.00,4,-1,-1
28,11,566.53,74.02,77.12,108.73,1.00,6,-1,-1
28,12,651.50,215.30,70.61,81.89,1.00,4,-1,-1
28,13,644.58,23.02,62.54,89.30,0.98,6,-1,-1
28,14,742.39,335.05,176.91,86.88,1.00,4,-1,-1
28,15,718.29,0.14,53.50,67.34,0.95,5,-1,-1
28,16,737.35,206.94,68.99,74.33,1.00,4,-1,-1
28,17,799.08,495.84,177.28,165.20,0.99,4,-1,-1
28,18,781.95,32.68,104.07,44.66,0.98,4,-1,-1
28,19,826.61,274.58,126.22,72.07,1.00,4,-1,-1
28,20,820.62,98.16,119.47,56.28,0.99,4,-1,-1
28,21,924.82,333.08,44.68,60.54,0.93,10,-1,-1
28,22,1110.32,310.01,24.19,40.08,0.52,1,-1,-1
28,23,956.14,395.44,35.05,68.72,0.97,1,-1,-1
29,1,159.67,496.66,210.47,268.05,0.97,6,-1,-1
29,2,315.62,300.37,95.17,121.48,1.00,4,-1,-1
29,3,377.70,140.21,85.76,116.32,1.00,6,-1,-1
29,4,442.02,350.57,91.13,124.00,1.00,4,-1,-1
29,5,457.06,21.98,44.94,49.22,0.90,4,-1,-1
29,6,491.97,21.13,15.56,37.56,0.69,1,-1,-1
29,7,518.97,27.79,47.85,48.09,1.00,4,-1,-1
29,8,499.18,17.60,17.31,41.30,0.82,1,-1,-1
29,9,565.86,0.42,78.66,70.68,0.97,6,-1,-1
29,10,585.36,378.31,94.31,135.46,1.00,4,-1,-1
29,11,566.98,73.59,76.90,107.82,1.00,6,-1,-1
29,12,652.93,214.68,70.69,82.81,1.00,4,-1,-1
29,13,644.63,23.61,62.98,89.60,0.99,6,-1,-1
29,14,743.78,337.01,176.95,87.74,1.00,4,-1,-1
29,15,718.74,0.23,53.73,68.37,0.96,5,-1,-1
29,16,738.33,208.28,69.09,74.80,0.99,4,-1,-1
29,17,800.94,499.97,177.79,166.53,0.99,4,-1,-1
29,18,782.99,33.72,104.14,44.34,0.98,4,-1,-1
29,19,828.22,276.31,126.42,72.28,1.00,4,-1,-1
29,20,821.55,98.37,120.64,56.99,0.99,4,-1,-1
29,21,926.53,336.45,43.39,59.88,0.95,10,-1,-1
29,23,954.59,401.09,34.56,68.40,0.98,1,-1,-1
30,1,157.67,501.51,212.00,264.48,0.98,6,-1,-1
30,2,315.45,302.24,94.99,121.93,1.00,4,-1,-1
30,3,376.93,140.99,86.44,117.21,0.99,6,-1,-1
30,4,443.88,347.44,89.98,122.89,1.00,4,-1,-1
30,5,457.02,22.82,44.55,49.12,0.96,4,-1,-1
30,6,491.69,21.73,15.99,38.18,0.62,1,-1,-1
30,7,519.77,26.96,47.77,47.80,1.00,4,-1,-1
30,8,498.85,17.97,17.73,41.67,0.82,1,-1,-1
30,9,566.59,0.31,78.18,70.90,0.97,6,-1,-1
30,10,585.64,378.93,95.23,136.36,1.00,4,-1,-1
30,11,567.15,73.46,76.82,107.54,1.00,6,-1,-1
30,12,654.27,214.14,70.74,82.03,1.00,4,-1,-1
30,13,645.78,24.26,62.58,90.33,0.98,6,-1,-1
30,14,744.85,339.48,178.09,88.06,1.00,4,-1,-1
30,15,719.47,0.20,53.82,69.10,0.94,5,-1,-1
30,16,739.53,210.04,69.71,74.62,0.99,4,-1,-1
30,17,802.75,503.95,180.23,167.56,0.99,4,-1,-1
30,18,783.95,34.21,104.17,44.75,0.98,4,-1,-1
30,19,829.66,278.28,127.35,72.64,1.00,4,-1,-1
30,20,822.75,99.17,120.24,57.37,0.99,4,-1,-1
30,21,929.44,340.45,40.61,59.06,0.95,10,-1,-1
30,23,954.71,406.47,32.06,67.69,0.95,1,-1,-1
30,22,1114.74,318.47,25.25,40.28,0.59,1,-1,-1
31,1,155.20,506.13,213.99,259.11,0.98,6,-1,-1
31,2,314.87,304.49,95.22,122.35,0.99,4,-1,-1
31,3,376.81,141.99,86.42,118.38,0.99,6,-1,-1
31,4,444.72,344.18,90.16,121.37,1.00,4,-1,-1
31,5,456.60,23.13,44.98,49.76,0.94,4,-1,-1
31,6,495.40,19.97,17.84,41.00,0.82,2,-1,-1
31,7,520.49,25.88,47.76,47.56,1.00,4,-1,-1
31,8,497.77,18.84,18.45,41.92,0.80,1,-1,-1
31,9,567.01,0.30,78.57,70.65,0.96,6,-1,-1
31,10,586.78,379.47,95.04,136.69,1.00,4,-1,-1
31,11,566.81,72.98,77.39,108.04,1.00,6,-1,-1
31,12,655.49,213.69,70.79,80.88,1.00,4,-1,-1
31,13,646.09,24.92,63.01,90.51,0.98,6,-1,-1
31,14,745.99,341.90,178.82,88.15,1.00,4,-1,-1
31,15,719.91,0.33,54.43,69.41,0.91,5,-1,-1
31,16,740.44,211.51,69.39,75.10,0.99,4,-1,-1
31,17,804.46,507.05,181.15,170.15,0.98,4,-1,-1
31,18,783.91,34.70,106.19,44.89,0.98,4,-1,-1
31,19,831.22,280.79,127.15,72.19,1.00,4,-1,-1
31,20,823.65,99.99,120.67,57.92,0.99,4,-1,-1
31,21,931.54,343.15,40.76,59.03,0.91,10,-1,-1
31,23,955.41,410.89,29.93,66.85,0.95,1,-1,-1
32,1,149.46,509.79,219.09,254.74,0.91,6,-1,-1
32,2,314.13,306.56,95.54,123.58,1.00,4,-1,-1
32,3,377.23,143.68,85.52,118.50,0.99,6,-1,-1
32,4,445.66,340.99,90.21,120.24,1.00,4,-1,-1
32,5,456.88,23.89,45.13,49.52,0.88,4,-1,-1
32,6,493.69,21.51,17.98,40.25,0.35,1,-1,-1
32,7,520.86,24.74,47.74,48.02,1.00,4,-1,-1
32,8,497.24,19.48,19.27,42.23,0.74,1,-1,-1
32,9,567.84,0.31,78.10,70.67,0.96,6,-1,-1
32,10,588.11,379.98,94.35,137.19,1.00,4,-1,-1
32,11,567.08,72.80,77.00,107.92,1.00,6,-1,-1
32,12,656.82,213.20,71.35,79.57,1.00,4,-1,-1
32,13,646.56,25.75,62.57,90.86,0.98,6,-1,-1
32,14,747.25,344.07,179.30,89.01,1.00,4,-1,-1
32,15,720.70,0.54,54.06,69.83,0.98,5,-1,-1
32,16,741.92,212.67,68.67,76.38,0.99,4,-1,-1
32,17,806.73,511.07,182.52,170.50,0.99,4,-1,-1
32,18,784.48,35.27,106.34,44.90,0.97,4,-1,-1
32,19,832.34,282.04,128.14,73.41,1.00,4,-1,-1
32,20,824.84,101.12,119.94,56.99,0.99,4,-1,-1
32,21,933.37,344.15,41.94,61.26,0.88,10,-1,-1
32,23,955.10,414.57,30.35,68.24,0.99,1,-1,-1
33,1,157.42,513.73,209.48,249.73,0.90,6,-1,-1
33,2,313.19,308.79,96.54,124.60,1.00,4,-1,-1
33,3,377.15,144.90,86.48,118.82,0.99,6,-1,-1
33,4,447.04,337.18,89.71,119.30,1.00,4,-1,-1
33,5,457.17,24.81,44.64,49.25,0.86,4,-1,-1
33,6,492.59,22.93,16.92,39.84,0.49,1,-1,-1
33,7,521.74,23.83,47.19,47.90,0.99,4,-1,-1
33,8,497.51,20.18,19.04,42.55,0.77,1,-1,-1
33,9,568.62,0.27,77.94,69.11,0.93,6,-1,-1
33,10,589.12,380.67,94.11,136.96,1.00,4,-1,-1
33,11,567.67,72.73,76.89,109.06,1.00,6,-1,-1
33,12,658.93,212.79,71.02,79.10,1.00,4,-1,-1
33,13,646.95,26.43,62.43,90.18,0.99,6,-1,-1
33,14,749.10,347.13,179.23,88.76,1.00,4,-1,-1
33,15,721.22,0.75,54.50,70.54,0.93,5,-1,-1
33,16,742.71,214.65,68.99,75.74,1.00,4,-1,-1
33,17,808.69,515.39,184.19,171.73,0.99,4,-1,-1
33,18,785.22,35.87,106.98,44.96,0.97,4,-1,-1
33,19,833.58,284.33,129.38,73.30,1.00,4,-1,-1
33,20,825.81,102.29,119.69,56.62,1.00,4,-1,-1
33,21,936.31,345.63,42.40,62.10,0.97,10,-1,-1
33,23,952.77,418.70,31.67,71.04,0.98,1,-1,-1
33,24,235.65,513.13,130.63,96.48,0.63,5,-1,-1
34,1,159.79,516.98,206.94,246.73,0.93,6,-1,-1
34,2,312.74,311.21,96.90,125.23,1.00,4,-1,-1
34,3,377.15,145.72,88.24,119.62,0.99,6,-1,-1
34,4,448.65,333.72,89.53,117.70,1.00,4,-1,-1
34,5,457.00,25.23,45.02,49.50,0.84,4,-1,-1
34,6,491.86,23.54,17.06,39.93,0.35,1,-1,-1
34,7,522.89,22.85,46.41,47.79,0.97,4,-1,-1
34,8,497.36,20.76,18.93,42.77,0.62,1,-1,-1
34,9,569.18,0.22,78.43,69.13,0.95,6,-1,-1
34,10,590.33,381.44,94.02,136.85,1.00,4,-1,-1
34,11,567.32,72.28,77.41,109.89,1.00,6,-1,-1
34,12,661.09,211.19,71.46,79.79,1.00,4,-1,-1
34,13,647.36,26.82,62.94,89.65,0.99,6,-1,-1
34,14,750.30,349.29,181.43,89.48,1.00,4,-1,-1
34,15,721.95,0.93,54.10,71.01,0.97,5,-1,-1
34,16,743.80,216.30,69.67,75.75,1.00,4,-1,-1
34,17,810.48,518.25,185.89,174.38,0.99,4,-1,-1
34,18,785.74,36.28,106.92,44.93,0.97,4,-1,-1
34,19,835.39,286.36,129.55,73.79,1.00,4,-1,-1
34,20,827.26,103.63,119.59,56.65,1.00,4,-1,-1
34,21,938.45,349.99,40.32,60.16,0.97,10,-1,-1
34,23,950.22,423.44,33.30,72.36,0.99,1,-1,-1
34,24,234.93,517.59,130.42,95.20,0.52,5,-1,-1
35,1,163.17,520.58,203.97,243.38,0.83,6,-1,-1
35,2,312.21,313.32,97.58,126.00,1.00,4,-1,-1
35,3,376.64,146.90,89.72,120.54,1.00,6,-1,-1
35,4,450.09,330.14,89.47,117.00,1.00,4,-1,-1
35,5,457.56,25.60,44.59,49.79,0.72,4,-1,-1
35,6,495.59,22.33,18.80,41.82,0.71,1,-1,-1
35,7,523.91,21.57,46.12,48.06,0.99,4,-1,-1
35,8,497.37,21.57,18.88,42.64,0.58,1,-1,-1
35,9,569.71,0.45,79.16,68.00,0.96,6,-1,-1
35,10,590.77,381.87,95.10,137.22,1.00,4,-1,-1
35,11,567.80,72.07,77.03,110.27,1.00,6,-1,-1
35,12,662.73,210.71,71.62,79.41,1.00,4,-1,-1
35,13,648.11,27.95,63.68,88.68,0.99,6,-1,-1
35,14,751.01,351.88,183.64,89.90,0.99,4,-1,-1
35,15,722.82,1.23,53.93,71.53,0.94,5,-1,-1
35,16,745.05,217.47,69.92,76.03,1.00,4,-1,-1
35,17,812.78,522.60,186.48,175.35,0.99,4,-1,-1
35,18,786.52,36.77,106.88,45.27,0.97,4,-1,-1
35,19,837.17,288.35,130.15,74.26,1.00,4,-1,-1
35,20,828.93,104.67,119.54,57.20,1.00,4,-1,-1
35,21,940.32,352.74,40.67,60.25,0.86,10,-1,-1
35,23,947.63,429.20,33.91,71.03,0.98,1,-1,-1
35,24,232.81,521.20,133.69,94.30,0.63,5,-1,-1
35,22,1127.30,338.18,22.53,35.90,0.65,1,-1,-1
36,1,150.54,525.18,215.57,238.75,0.67,6,-1,-1
36,2,311.57,315.95,97.87,126.26,1.00,4,-1,-1
36,3,376.67,148.48,88.78,120.72,1.00,6,-1,-1
36,4,451.85,326.70,88.93,116.07,1.00,4,-1,-1
36,5,457.55,26.17,44.45,50.04,0.66,4,-1,-1
36,6,493.23,24.59,18.37,40.48,0.46,1,-1,-1
36,7,524.05,20.16,46.62,48.37,0.99,4,-1,-1
36,8,497.17,22.16,19.43,42.73,0.80,1,-1,-1
36,9,570.81,0.65,78.89,68.15,0.94,6,-1,-1
36,10,591.65,382.74,94.98,137.07,1.00,4,-1,-1
36,11,567.21,72.30,77.49,109.17,1.00,6,-1,-1
36,12,664.27,210.31,72.84,79.06,1.00,4,-1,-1
36,13,648.75,28.64,63.43,89.33,0.98,6,-1,-1
36,14,752.83,354.59,183.37,90.57,1.00,4,-1,-1
36,15,723.50,1.73,53.88,72.02,0.96,5,-1,-1
36,16,745.92,218.94,70.04,76.96,1.00,4,-1,-1
36,17,814.67,526.79,186.72,177.33,0.98,4,-1,-1
36,18,787.47,37.63,108.30,45.86,0.97,4,-1,-1
36,19,838.55,290.12,131.24,75.24,1.00,4,-1,-1
36,20,830.52,105.76,119.56,57.48,1.00,4,-1,-1
36,21,942.59,356.02,40.82,60.55,0.93,10,-1,-1
36,23,946.64,434.71,33.04,71.05,0.95,1,-1,-1
36,24,231.61,525.86,134.10,95.96,0.56,5,-1,-1
37,1,154.07,530.58,211.35,232.50,0.60,6,-1,-1
37,2,310.81,318.27,98.50,128.16,1.00,4,-1,-1
37,3,376.60,149.54,88.79,121.13,1.00,6,-1,-1
37,4,453.32,322.86,88.72,115.19,0.99,4,-1,-1
37,5,457.59,26.98,45.53,50.15,0.79,4,-1,-1
37,6,496.21,23.89,19.28,41.54,0.81,1,-1,-1
37,7,524.98,19.08,46.23,48.06,0.99,4,-1,-1
37,8,497.71,22.85,19.07,42.84,0.71,1,-1,-1
37,9,571.53,0.61,78.76,67.95,0.95,6,-1,-1
37,10,592.23,383.50,94.91,137.85,1.00,4,-1,-1
37,11,567.88,71.95,76.51,108.45,1.00,6,-1,-1
37,12,665.94,209.38,73.85,79.51,1.00,4,-1,-1
37,13,649.58,28.99,63.31,90.15,0.98,6,-1,-1
37,14,754.02,356.98,184.34,91.53,0.99,4,-1,-1
37,15,724.06,2.19,53.29,72.04,0.97,5,-1,-1
37,16,747.07,220.77,69.50,76.74,1.00,4,-1,-1
37,17,816.97,530.69,187.87,178.61,0.98,4,-1,-1
37,18,788.96,38.44,108.81,45.39,0.98,4,-1,-1
37,19,840.13,292.61,131.62,74.49,1.00,4,-1,-1
37,20,831.37,107.10,118.70,56.93,0.99,4,-1,-1
37,21,944.47,358.37,40.88,60.38,0.95,10,-1,-1
37,23,946.30,439.66,31.53,69.92,0.94,1,-1,-1
37,24,230.70,530.14,134.08,95.21,0.81,5,-1,-1
38,1,155.38,534.88,209.26,227.94,0.55,6,-1,-1
38,2,309.90,320.58,98.42,128.97,1.00,4,-1,-1
38,3,375.93,151.37,87.90,121.31,1.00,6,-1,-1
38,4,454.84,319.54,87.49,113.74,0.99,4,-1,-1
38,5,457.23,27.43,45.36,50.50,0.80,4,-1,-1
38,6,494.46,25.48,17.96,40.54,0.48,1,-1,-1
38,7,525.18,18.04,46.07,48.00,0.99,4,-1,-1
38,8,497.26,23.63,19.48,42.32,0.76,1,-1,-1
38,9,571.95,0.70,78.68,67.37,0.96,6,-1,-1
38,10,592.54,384.15,94.84,138.25,1.00,4,-1,-1
38,11,567.72,71.69,76.69,109.19,1.00,6,-1,-1
38,12,667.20,208.42,74.77,79.31,1.00,4,-1,-1
38,13,649.16,29.17,64.38,91.54,0.98,6,-1,-1
38,14,755.64,359.18,184.35,92.71,1.00,4,-1,-1
38,15,724.08,2.89,53.61,71.60,0.96,5,-1,-1
38,16,747.84,222.26,69.27,77.20,0.99,4,-1,-1
38,17,818.11,534.77,190.46,179.57,0.99,4,-1,-1
38,18,789.60,39.44,109.25,45.13,0.99,4,-1,-1
38,19,841.60,294.89,131.70,75.03,1.00,4,-1,-1
38,20,831.74,107.88,119.20,57.13,0.99,4,-1,-1
38,21,946.57,360.41,42.03,60.58,0.79,10,-1,-1
38,23,944.87,443.57,30.96,69.46,0.88,1,-1,-1
38,24,230.12,534.98,134.28,96.17,0.52,5,-1,-1
39,1,154.50,536.64,212.84,226.40,0.31,6,-1,-1
39,2,308.65,322.95,98.96,129.95,1.00,4,-1,-1
39,3,375.17,153.08,88.86,121.86,0.99,6,-1,-1
39,4,455.30,316.17,87.64,112.68,0.99,4,-1,-1
39,5,456.72,28.51,44.17,49.92,0.91,4,-1,-1
39,6,493.09,26.69,17.41,39.89,0.45,1,-1,-1
39,7,524.87,16.84,46.61,48.35,0.99,4,-1,-1
39,8,497.85,24.31,19.08,42.03,0.76,1,-1,-1
39,9,572.01,0.40,78.66,67.41,0.94,6,-1,-1
39,10,592.89,384.53,94.84,139.39,1.00,4,-1,-1
39,11,567.59,71.17,76.78,108.59,1.00,6,-1,-1
39,12,668.43,207.48,75.69,79.25,1.00,4,-1,-1
39,13,648.92,29.38,64.79,92.69,0.98,6,-1,-1
39,14,756.20,361.60,184.93,93.42,1.00,4,-1,-1
39,15,724.31,3.25,53.75,71.69,0.98,5,-1,-1
39,16,748.36,223.86,69.20,77.36,0.99,4,-1,-1
39,17,820.19,539.57,191.45,181.01,0.99,4,-1,-1
39,18,789.78,40.56,108.85,44.72,0.99,4,-1,-1
39,19,842.10,296.49,132.87,76.06,1.00,4,-1,-1
39,20,832.10,108.82,120.26,57.24,0.99,4,-1,-1
39,21,947.88,362.75,41.35,61.51,0.93,10,-1,-1
39,23,940.97,447.68,33.06,69.29,0.96,1,-1,-1
39,24,227.82,540.14,135.85,96.48,0.87,5,-1,-1
40,1,131.58,543.88,232.69,217.25,0.31,6,-1,-1
40,2,306.90,325.73,99.72,130.41,1.00,4,-1,-1
40,3,374.55,154.67,89.21,122.17,1.00,6,-1,-1
40,4,456.21,313.04,86.58,111.73,0.99,4,-1,-1
40,5,455.60,29.68,44.29,49.61,0.95,4,-1,-1
40,6,492.49,27.38,17.21,39.44,0.51,1,-1,-1
40,7,524.63,16.16,46.24,48.29,0.99,4,-1,-1
40,8,497.45,25.45,18.92,41.51,0.84,1,-1,-1
40,9,571.91,0.70,79.21,67.37,0.97,6,-1,-1
40,10,592.65,385.74,94.84,138.80,1.00,4,-1,-1
40,11,567.44,71.16,76.82,109.58,1.00,6,-1,-1
40,12,669.03,206.92,77.15,79.00,1.00,4,-1,-1
40,13,649.28,30.70,63.25,91.69,0.99,6,-1,-1
40,14,756.56,364.35,185.96,93.78,1.00,4,-1,-1
40,15,723.69,3.95,54.36,71.49,0.97,5,-1,-1
40,16,748.13,225.65,70.88,77.96,1.00,4,-1,-1
40,17,821.40,543.57,191.77,183.71,0.99,4,-1,-1
40,18,789.70,41.25,106.98,44.65,0.99,4,-1,-1
40,19,842.70,298.94,133.29,75.85,1.00,4,-1,-1
40,20,831.80,109.71,120.94,57.65,0.99,4,-1,-1
40,21,948.75,365.02,42.23,62.40,0.92,10,-1,-1
40,23,936.13,452.51,36.05,69.79,0.92,1,-1,-1
40,24,224.24,546.02,138.43,97.15,0.69,5,-1,-1
41,1,91.15,547.67,271.70,212.88,0.71,6,-1,-1
41,2,304.93,328.41,100.55,132.12,1.00,4,-1,-1
41,3,373.45,156.09,89.32,122.84,1.00,6,-1,-1
41,4,456.17,309.63,87.33,111.44,0.99,4,-1,-1
41,5,454.03,30.31,45.47,49.85,0.95,4,-1,-1
41,6,491.41,28.24,16.56,40.12,0.44,1,-1,-1
41,7,524.23,15.39,46.11,48.19,0.99,4,-1,-1
41,8,495.59,26.20,19.42,42.32,0.67,1,-1,-1
41,9,571.00,0.67,79.97,67.68,0.91,6,-1,-1
41,10,592.47,386.80,94.82,139.00,1.00,4,-1,-1
41,11,566.80,70.98,76.82,109.15,1.00,6,-1,-1
41,12,670.01,206.30,78.24,78.86,1.00,4,-1,-1
41,13,649.12,32.10,63.21,90.72,0.99,6,-1,-1
41,14,756.88,367.64,186.60,94.06,1.00,4,-1,-1
41,15,723.15,4.41,54.59,71.66,0.94,5,-1,-1
41,16,747.98,227.33,70.94,78.18,1.00,4,-1,-1
41,17,822.55,547.71,193.24,185.28,0.99,4,-1,-1
41,18,789.07,41.37,107.40,45.48,0.99,4,-1,-1
41,19,843.96,301.44,133.42,76.06,1.00,4,-1,-1
41,20,831.35,110.16,122.60,58.80,0.99,4,-1,-1
41,21,950.09,367.17,43.68,63.02,0.90,10,-1,-1
41,23,932.05,458.10,37.19,70.54,0.88,1,-1,-1
41,24,220.31,550.75,140.77,99.73,0.23,5,-1,-1
42,1,64.29,553.82,297.37,205.57,0.65,6,-1,-1
42,2,303.77,331.45,100.29,132.85,1.00,4,-1,-1
42,3,372.15,157.92,88.93,123.27,0.99,6,-1,-1
42,4,456.76,306.05,87.62,110.50,1.00,4,-1,-1
42,5,452.66,31.21,45.35,49.74,0.94,4,-1,-1
42,6,490.20,29.52,16.90,39.95,0.46,1,-1,-1
42,7,523.83,15.06,45.49,47.66,0.99,4,-1,-1
42,8,494.38,26.70,19.61,42.52,0.54,1,-1,-1
42,9,570.40,0.70,80.25,66.71,0.95,6,-1,-1
42,10,592.19,387.56,95.39,140.88,1.00,4,-1,-1
42,11,566.05,70.86,76.83,109.49,1.00,6,-1,-1
42,12,670.95,205.70,79.77,78.86,1.00,4,-1,-1
42,13,647.95,33.19,64.34,90.51,0.99,6,-1,-1
42,14,757.31,370.28,188.22,94.26,1.00,4,-1,-1
42,15,722.41,5.13,55.23,71.68,0.90,5,-1,-1
42,16,748.23,229.27,70.39,78.24,1.00,4,-1,-1
42,17,823.58,552.14,194.88,186.34,0.99,4,-1,-1
42,18,787.71,42.28,112.08,45.47,0.98,4,-1,-1
42,19,844.73,303.37,134.29,76.95,1.00,4,-1,-1
42,20,831.18,110.74,123.78,59.21,0.99,4,-1,-1
42,21,951.15,370.19,43.11,62.95,0.92,10,-1,-1
42,23,928.38,463.33,38.74,72.50,0.93,1,-1,-1
42,24,218.63,556.32,141.02,99.49,0.35,5,-1,-1
42,25,984.43,268.52,29.03,51.23,0.77,1,-1,-1
43,1,132.03,559.98,229.14,201.38,0.37,6,-1,-1
43,2,301.97,334.24,101.30,133.67,1.00,4,-1,-1
43,3,369.87,159.65,90.33,123.79,1.00,6,-1,-1
43,4,456.98,303.63,87.74,109.06,0.99,4,-1,-1
43,5,451.94,31.86,45.30,50.46,0.80,4,-1,-1
43,6,489.26,30.82,16.45,39.65,0.60,1,-1,-1
43,7,522.87,14.46,45.84,47.46,0.99,4,-1,-1
43,8,493.73,27.90,19.11,41.97,0.76,1,-1,-1
43,9,569.95,0.71,79.78,66.97,0.92,6,-1,-1
43,10,592.39,388.59,95.03,141.73,1.00,4,-1,-1
43,11,564.42,70.98,77.40,108.82,0.99,6,-1,-1
43,12,672.44,205.42,80.33,78.60,1.00,4,-1,-1
43,13,647.01,33.72,64.75,91.47,0.99,6,-1,-1
43,14,757.78,373.24,189.66,94.90,1.00,4,-1,-1
43,15,721.92,5.78,55.47,72.09,0.96,5,-1,-1
43,16,748.65,231.00,71.31,78.83,1.00,4,-1,-1
43,17,825.36,556.31,196.31,188.41,0.99,4,-1,-1
43,18,787.83,42.11,113.82,46.76,0.98,4,-1,-1
43,19,845.33,306.50,134.89,76.44,1.00,4,-1,-1
43,20,831.18,112.26,123.66,59.38,0.99,4,-1,-1
43,21,953.25,373.89,41.74,62.92,0.79,10,-1,-1
43,23,926.53,468.35,37.13,74.36,0.89,1,-1,-1
43,24,216.59,561.12,142.27,102.83,0.82,5,-1,-1
43,25,982.65,267.97,30.43,53.32,0.68,1,-1,-1
44,1,125.65,565.65,237.76,197.14,0.93,6,-1,-1
44,2,300.70,336.78,101.65,135.36,1.00,4,-1,-1
44,3,368.41,161.20,89.85,124.32,1.00,6,-1,-1
44,4,457.65,301.48,87.22,107.13,0.99,4,-1,-1
44,5,450.92,32.40,46.41,51.15,0.61,4,-1,-1
44,6,487.57,31.62,17.42,39.55,0.43,1,-1,-1
44,7,522.59,13.85,45.97,47.32,0.99,4,-1,-1
44,8,493.02,28.85,19.48,41.60,0.58,1,-1,-1
44,9,569.58,0.63,79.58,66.87,0.95,6,-1,-1
44,10,592.51,389.57,95.44,141.34,1.00,4,-1,-1
44,11,563.89,70.81,77.03,108.14,0.99,6,-1,-1
44,12,673.87,204.76,82.19,78.58,1.00,4,-1,-1
44,13,645.88,35.03,65.46,92.30,0.99,6,-1,-1
44,14,758.24,376.15,191.00,95.13,1.00,4,-1,-1
44,15,721.52,6.52,55.55,72.04,0.98,5,-1,-1
44,16,748.56,233.21,71.64,78.48,1.00,4,-1,-1
44,17,826.84,560.75,199.31,188.58,0.99,4,-1,-1
44,18,787.94,43.43,112.79,46.62,0.98,4,-1,-1
44,19,846.68,308.94,135.08,76.81,1.00,4,-1,-1
44,20,831.79,113.16,124.15,59.72,0.99,4,-1,-1
44,21,954.58,376.95,41.21,63.04,0.90,10,-1,-1
44,23,925.43,474.21,34.17,73.38,0.95,1,-1,-1
44,24,214.03,566.57,144.03,103.49,0.21,5,-1,-1
44,25,983.69,270.21,26.81,52.43,0.43,1,-1,-1
45,1,121.49,571.66,241.37,191.72,0.75,6,-1,-1
45,2,299.06,339.97,103.18,136.82,1.00,4,-1,-1
45,3,367.83,162.71,89.51,125.28,1.00,6,-1,-1
45,4,458.79,298.02,87.04,106.47,1.00,4,-1,-1
45,5,449.51,33.62,46.82,50.64,0.89,4,-1,-1
45,6,485.93,32.44,17.22,40.01,0.45,1,-1,-1
45,7,522.28,13.31,46.02,47.03,0.98,4,-1,-1
45,8,492.29,29.48,19.61,42.39,0.50,1,-1,-1
45,9,569.24,0.47,80.08,67.52,0.91,6,-1,-1
45,10,592.62,390.83,96.16,141.18,1.00,4,-1,-1
45,11,563.50,70.98,76.90,107.85,0.99,6,-1,-1
45,12,675.30,204.17,84.00,78.72,1.00,4,-1,-1
45,13,645.27,35.90,66.29,92.97,0.99,6,-1,-1
45,14,759.05,379.34,191.49,95.63,1.00,4,-1,-1
45,15,721.47,7.27,55.57,72.70,0.98,5,-1,-1
45,16,748.88,234.61,71.76,79.75,1.00,4,-1,-1
45,17,828.85,566.31,199.02,188.60,0.99,4,-1,-1
45,18,788.35,44.33,111.51,47.50,0.97,4,-1,-1
45,19,847.83,311.26,136.27,77.22,1.00,4,-1,-1
45,20,832.11,114.22,124.33,60.27,0.99,4,-1,-1
45,21,956.26,379.07,42.17,63.50,0.85,10,-1,-1
45,23,924.11,478.59,33.02,74.11,0.94,1,-1,-1
45,25,982.46,270.08,28.36,55.44,0.31,1,-1,-1
46,1,138.27,576.70,221.54,184.15,0.43,6,-1,-1
46,2,298.66,342.98,103.43,137.36,1.00,4,-1,-1
46,3,367.15,164.30,90.34,125.93,1.00,6,-1,-1
46,4,459.94,294.40,86.38,107.15,1.00,4,-1,-1
46,5,449.24,34.72,46.96,50.39,0.93,4,-1,-1
46,6,486.13,33.36,17.69,40.56,0.31,1,-1,-1
46,7,522.70,12.46,45.47,47.44,0.98,4,-1,-1
46,8,492.00,30.24,20.21,43.22,0.46,1,-1,-1
46,9,569.36,0.44,80.24,67.24,0.89,6,-1,-1
46,10,593.94,391.84,95.26,141.12,1.00,4,-1,-1
46,11,563.61,71.09,76.82,108.22,0.99,6,-1,-1
46,12,677.40,203.86,85.75,78.66,0.99,4,-1,-1
46,13,645.56,36.96,66.01,93.40,0.99,6,-1,-1
46,14,760.89,382.74,192.46,96.13,1.00,4,-1,-1
46,15,721.98,8.14,55.56,73.09,0.97,5,-1,-1
46,16,749.74,236.38,72.34,81.07,1.00,4,-1,-1
46,17,830.79,571.40,201.04,188.03,0.99,4,-1,-1
46,18,789.02,45.01,110.14,48.11,0.96,4,-1,-1
46,19,849.51,313.67,136.67,77.96,1.00,4,-1,-1
46,20,832.70,116.34,124.65,59.79,1.00,4,-1,-1
46,21,958.67,382.39,42.50,63.96,0.64,10,-1,-1
46,23,919.78,484.64,34.90,76.63,0.96,1,-1,-1
46,25,981.61,270.97,28.78,56.69,0.45,1,-1,-1
47,1,149.83,583.32,210.95,180.39,0.44,6,-1,-1
47,2,298.36,346.14,103.28,138.20,1.00,4,-1,-1
47,3,366.94,166.63,90.28,125.84,1.00,6,-1,-1
47,4,461.12,292.39,86.20,105.41,0.99,4,-1,-1
47,5,449.00,35.98,46.47,50.47,0.89,4,-1,-1
47,6,485.50,33.58,20.13,43.00,0.23,1,-1,-1
47,7,523.25,11.71,45.28,47.73,0.98,4,-1,-1
47,8,491.18,31.62,20.46,43.00,0.31,1,-1,-1
47,9,569.52,0.55,80.89,67.79,0.80,6,-1,-1
47,10,594.70,393.05,95.55,141.20,1.00,4,-1,-1
47,11,564.37,71.52,76.27,107.45,1.00,6,-1,-1
47,12,679.47,203.23,87.55,79.39,1.00,4,-1,-1
47,13,646.10,37.75,66.50,93.35,0.99,6,-1,-1
47,14,762.68,386.13,192.28,96.37,0.99,4,-1,-1
47,15,722.29,9.11,55.58,73.34,0.97,5,-1,-1
47,16,750.83,238.06,72.59,81.82,1.00,4,-1,-1
47,17,834.08,576.92,201.58,185.43,0.99,4,-1,-1
47,18,789.69,46.63,109.07,47.43,0.96,4,-1,-1
47,19,850.65,316.37,137.98,78.46,1.00,4,-1,-1
47,20,833.94,117.42,124.79,60.25,0.99,4,-1,-1
47,21,961.23,384.54,42.66,65.10,0.95,10,-1,-1
47,23,916.09,491.56,36.72,76.45,0.97,1,-1,-1
47,25,981.88,271.48,27.72,58.89,0.81,1,-1,-1
48,1,147.10,589.53,212.92,174.59,0.54,5,-1,-1
48,2,297.49,349.32,103.48,139.76,1.00,4,-1,-1
48,3,366.55,168.55,89.95,127.22,0.99,6,-1,-1
48,4,462.87,290.62,84.42,103.67,0.99,4,-1,-1
48,5,449.17,36.96,46.27,51.01,0.83,4,-1,-1
48,6,485.22,33.98,21.57,44.33,0.21,1,-1,-1
48,7,523.41,10.99,45.79,47.95,0.99,4,-1,-1
48,8,490.84,32.47,20.54,43.33,0.23,1,-1,-1
48,9,569.54,0.47,81.69,67.76,0.83,6,-1,-1
48,10,594.89,393.91,96.21,141.66,1.00,4,-1,-1
48,11,564.05,71.64,76.63,107.93,1.00,6,-1,-1
48,12,682.39,202.45,88.76,79.68,0.99,4,-1,-1
48,13,646.55,38.56,66.67,93.21,0.97,6,-1,-1
48,14,764.10,389.31,193.03,97.31,1.00,4,-1,-1
48,15,722.95,10.14,55.58,73.37,0.98,5,-1,-1
48,16,751.45,240.34,73.24,82.39,0.99,4,-1,-1
48,17,836.31,582.55,203.41,181.03,0.99,4,-1,-1
48,18,791.33,47.60,107.24,47.26,0.97,4,-1,-1
48,19,852.39,319.46,138.17,78.66,1.00,4,-1,-1
48,20,834.92,118.87,124.83,60.44,0.99,4,-1,-1
48,21,963.21,388.40,42.71,65.52,0.85,10,-1,-1
48,23,913.57,498.57,36.31,75.23,0.95,1,-1,-1
48,25,980.70,271.95,28.58,60.22,0.45,1,-1,-1
49,1,171.31,596.51,185.62,167.36,0.66,6,-1,-1
49,2,295.29,352.83,104.68,140.97,1.00,4,-1,-1
49,3,364.61,170.37,90.40,128.24,1.00,6,-1,-1
49,4,462.82,288.35,84.35,103.61,1.00,4,-1,-1
49,5,447.39,38.33,46.76,50.64,0.79,4,-1,-1
49,6,484.10,35.94,19.46,42.58,0.35,1,-1,-1
49,7,522.15,10.18,45.98,48.17,0.99,4,-1,-1
49,8,490.27,33.31,20.01,43.44,0.52,1,-1,-1
49,9,569.06,0.51,81.43,67.72,0.83,6,-1,-1
49,10,593.99,394.83,96.47,141.92,1.00,4,-1,-1
49,11,563.48,71.96,75.65,107.93,1.00,6,-1,-1
49,12,683.56,202.19,90.31,79.40,0.99,4,-1,-1
49,13,645.39,39.90,67.30,92.45,0.99,6,-1,-1
49,14,764.74,392.40,193.27,98.01,1.00,4,-1,-1
49,15,722.41,11.04,55.58,73.49,0.96,5,-1,-1
49,16,751.49,242.74,73.48,81.98,1.00,4,-1,-1
49,17,837.82,586.88,202.95,177.54,0.98,4,-1,-1
49,18,790.87,48.56,105.98,47.07,0.93,4,-1,-1
49,19,852.83,322.25,137.37,78.39,1.00,4,-1,-1
49,20,834.77,120.49,123.69,59.90,0.99,4,-1,-1
49,21,964.56,390.59,42.74,66.92,0.92,10,-1,-1
49,23,910.61,505.09,35.00,73.58,0.95,1,-1,-1
49,25,978.69,272.66,28.89,60.92,0.80,1,-1,-1
50,1,155.73,603.59,199.40,160.87,0.51,6,-1,-1
50,2,291.43,356.56,104.88,141.81,1.00,4,-1,-1
50,3,361.22,172.78,90.74,129.16,0.99,6,-1,-1
50,4,461.08,286.56,84.94,102.18,1.00,4,-1,-1
50,5,445.02,38.85,46.39,51.53,0.63,4,-1,-1
50,6,482.04,37.62,17.96,41.31,0.40,1,-1,-1
50,7,519.67,9.94,46.07,47.76,0.99,4,-1,-1
50,8,487.53,34.66,19.24,42.93,0.30,2,-1,-1
50,9,566.61,0.58,80.77,67.11,0.65,6,-1,-1
50,10,592.28,396.06,96.03,142.56,1.00,4,-1,-1
50,11,560.44,72.45,75.87,107.61,0.99,6,-1,-1
50,12,683.11,202.29,92.00,79.00,1.00,4,-1,-1
50,13,642.69,41.62,66.99,93.47,0.99,6,-1,-1
50,14,763.60,396.17,194.78,98.37,0.99,4,-1,-1
50,15,720.50,11.98,55.03,73.54,0.91,5,-1,-1
50,16,749.83,244.45,74.15,82.37,1.00,4,-1,-1
50,17,837.59,592.33,204.73,172.21,0.99,4,-1,-1
50,18,787.27,49.05,103.24,47.42,0.93,4,-1,-1
50,19,851.61,324.91,137.34,78.53,0.99,4,-1,-1
50,20,833.31,122.61,123.56,59.24,0.99,4,-1,-1
50,21,964.52,393.98,41.63,66.73,0.94,10,-1,-1
50,23,907.46,510.75,33.36,74.08,0.94,1,-1,-1
50,25,975.18,275.88,29.02,60.26,0.14,1,-1,-1
51,1,166.54,611.59,182.71,151.11,0.70,6,-1,-1
51,2,287.15,360.57,104.90,142.92,1.00,4,-1,-1
51,3,356.84,174.87,91.26,129.69,1.00,6,-1,-1
51,4,459.36,284.63,83.44,101.40,1.00,4,-1,-1
51,5,440.60,40.15,47.37,51.44,0.86,4,-1,-1
51,6,477.40,39.14,18.55,40.61,0.27,1,-1,-1
51,7,516.30,9.22,46.10,48.14,0.99,4,-1,-1
51,8,483.52,36.27,19.52,42.66,0.62,1,-1,-1
51,9,562.40,0.62,82.19,66.17,0.60,6,-1,-1
51,10,590.00,397.09,95.84,143.21,1.00,4,-1,-1
51,11,556.58,72.60,75.94,107.67,1.00,6,-1,-1
51,12,681.82,202.28,93.71,78.85,0.99,4,-1,-1
51,13,639.51,42.61,67.40,91.59,0.99,6,-1,-1
51,14,761.48,399.80,194.45,97.79,1.00,4,-1,-1
51,15,716.76,12.62,55.94,74.11,0.98,5,-1,-1
51,16,747.26,246.52,73.81,82.78,1.00,4,-1,-1
51,17,837.16,597.79,204.20,166.78,0.99,4,-1,-1
51,18,784.59,50.10,103.38,47.50,0.94,4,-1,-1
51,19,850.01,327.73,138.14,78.58,1.00,4,-1,-1
51,20,830.25,124.24,123.48,59.13,0.99,4,-1,-1
51,21,962.48,396.36,43.48,67.34,0.93,10,-1,-1
51,23,901.00,515.97,35.05,73.14,0.92,1,-1,-1
52,1,169.11,618.85,175.94,144.39,0.59,6,-1,-1
52,2,282.06,364.50,105.73,144.43,1.00,4,-1,-1
52,3,352.41,177.51,91.44,129.93,1.00,6,-1,-1
52,4,456.69,281.88,82.88,102.59,1.00,4,-1,-1
52,5,435.85,41.82,47.73,51.32,0.89,4,-1,-1
52,6,473.71,40.44,17.63,41.20,0.22,1,-1,-1
52,7,512.22,8.74,46.67,48.05,0.99,4,-1,-1
52,8,478.93,37.37,20.18,43.25,0.35,1,-1,-1
52,9,558.27,0.51,81.58,67.31,0.64,6,-1,-1
52,10,586.85,398.30,96.31,144.00,0.99,4,-1,-1
52,11,551.46,72.68,77.10,108.26,1.00,6,-1,-1
52,12,680.13,202.53,95.42,78.30,0.99,4,-1,-1
52,13,635.21,43.39,68.11,93.57,0.99,6,-1,-1
52,14,759.21,402.48,195.68,99.25,1.00,4,-1,-1
52,15,712.51,13.66,56.27,73.76,0.98,5,-1,-1
52,16,743.72,248.66,74.23,83.20,0.99,4,-1,-1
52,17,835.77,602.78,203.92,161.94,0.98,4,-1,-1
52,18,781.30,51.05,107.44,47.71,0.96,4,-1,-1
52,19,847.36,330.28,139.26,79.16,1.00,4,-1,-1
52,20,826.81,124.83,125.14,59.66,0.99,4,-1,-1
52,21,960.48,398.60,44.15,68.67,0.92,10,-1,-1
52,23,891.87,521.42,37.88,73.34,0.96,1,-1,-1
52,24,179.18,618.86,165.81,142.70,0.73,5,-1,-1
53,1,171.63,627.20,169.41,136.97,0.88,6,-1,-1
53,2,277.80,368.38,105.78,145.96,1.00,4,-1,-1
53,3,348.09,179.97,93.23,131.36,0.99,6,-1,-1
53,4,454.41,280.03,82.72,101.93,1.00,4,-1,-1
53,5,431.55,42.96,48.30,51.99,0.88,4,-1,-1
53,6,469.70,42.18,17.28,40.58,0.47,1,-1,-1
53,7,508.58,9.27,46.34,47.20,0.97,4,-1,-1
53,8,475.10,38.83,18.76,42.97,0.51,1,-1,-1
53,9,554.35,0.55,81.93,67.76,0.86,6,-1,-1
53,10,583.90,399.78,97.10,144.73,1.00,4,-1,-1
53,11,547.74,72.68,77.00,109.02,1.00,6,-1,-1
53,12,679.08,202.80,96.63,77.53,0.99,4,-1,-1
53,13,631.52,44.17,68.39,94.84,0.96,6,-1,-1
53,14,757.16,405.97,196.46,99.78,1.00,4,-1,-1
53,15,708.57,14.38,56.41,74.50,0.98,5,-1,-1
53,16,740.91,250.69,74.96,83.63,1.00,4,-1,-1
53,17,835.19,608.24,204.68,156.18,0.99,4,-1,-1
53,18,778.57,52.55,103.92,47.23,0.96,4,-1,-1
53,19,845.46,332.59,139.71,80.21,1.00,4,-1,-1
53,20,823.47,126.19,125.79,59.85,1.00,4,-1,-1
53,21,959.39,403.72,44.42,66.51,0.67,10,-1,-1
53,23,884.87,527.57,38.98,73.42,0.96,1,-1,-1
54,1,155.35,634.85,184.39,129.31,0.86,6,-1,-1
54,2,273.50,372.64,106.35,147.50,1.00,4,-1,-1
54,3,344.35,182.62,93.19,131.75,1.00,6,-1,-1
54,4,452.36,279.14,81.54,100.59,1.00,4,-1,-1
54,5,427.41,44.26,46.54,52.17,0.91,4,-1,-1
54,6,464.50,43.28,17.72,40.90,0.52,1,-1,-1
54,7,504.66,8.55,46.21,47.49,0.99,4,-1,-1
54,8,471.44,40.17,18.77,42.80,0.68,1,-1,-1
54,9,551.47,0.50,80.93,68.17,0.81,6,-1,-1
54,10,581.61,400.72,97.38,145.15,1.00,4,-1,-1
54,11,543.24,72.99,78.09,107.98,0.99,6,-1,-1
54,12,678.61,203.18,97.60,76.68,0.99,4,-1,-1
54,13,628.17,45.00,69.05,95.36,0.98,6,-1,-1
54,14,755.49,409.29,198.43,100.12,1.00,4,-1,-1
54,15,705.12,15.15,56.46,74.14,0.97,5,-1,-1
54,16,738.97,252.65,74.67,84.64,1.00,4,-1,-1
54,17,834.59,614.10,207.76,150.70,0.98,4,-1,-1
54,18,775.29,53.17,103.41,47.83,0.97,4,-1,-1
54,19,843.29,335.06,140.43,80.62,1.00,4,-1,-1
54,20,820.80,126.78,124.90,60.79,0.99,4,-1,-1
54,21,959.20,406.43,43.39,66.51,0.95,10,-1,-1
54,23,879.19,533.95,39.39,75.72,0.96,1,-1,-1
55,1,150.72,642.59,186.07,121.58,0.86,6,-1,-1
55,2,269.93,376.70,106.77,148.05,1.00,4,-1,-1
55,3,340.30,184.48,93.52,132.71,1.00,6,-1,-1
55,4,449.80,277.15,82.22,100.99,1.00,4,-1,-1
55,5,423.36,45.66,46.97,51.81,0.94,4,-1,-1
55,6,461.47,44.01,17.87,41.46,0.45,1,-1,-1
55,7,501.81,8.05,46.14,47.18,0.99,4,-1,-1
55,8,467.27,41.02,19.33,43.52,0.47,1,-1,-1
55,9,547.87,0.36,81.07,67.72,0.92,6,-1,-1
55,10,579.51,401.71,97.43,145.86,1.00,4,-1,-1
55,11,540.15,72.70,77.89,108.86,1.00,6,-1,-1
55,12,678.59,203.22,99.01,76.39,0.99,4,-1,-1
55,13,625.78,46.59,68.68,95.97,0.98,6,-1,-1
55,14,753.56,412.70,200.49,100.12,1.00,4,-1,-1
55,15,702.12,16.11,56.44,74.01,0.99,5,-1,-1
55,16,737.02,254.62,74.51,85.01,1.00,4,-1,-1
55,17,834.93,619.66,209.37,144.76,0.99,4,-1,-1
55,18,772.03,53.66,103.77,48.07,0.97,4,-1,-1
55,19,841.73,337.36,141.48,81.62,1.00,4,-1,-1
55,20,818.29,128.66,123.94,60.45,1.00,4,-1,-1
55,21,956.91,408.25,46.38,68.34,0.80,10,-1,-1
55,23,873.88,539.70,40.62,77.69,0.97,1,-1,-1
56,1,152.39,650.67,182.53,113.21,0.85,6,-1,-1
56,2,266.43,380.40,108.04,150.46,1.00,4,-1,-1
56,3,336.90,186.90,93.35,133.54,1.00,6,-1,-1
56,4,448.30,275.69,81.91,100.59,1.00,4,-1,-1
56,5,419.52,47.03,48.68,52.52,0.96,4,-1,-1
56,6,457.31,45.19,19.06,41.95,0.35,1,-1,-1
56,7,499.10,8.00,45.54,46.63,0.99,4,-1,-1
56,8,463.80,42.09,20.67,44.28,0.25,1,-1,-1
56,9,545.44,0.36,80.55,69.09,0.72,6,-1,-1
56,10,577.62,402.77,98.56,146.24,1.00,4,-1,-1
56,11,536.52,72.84,78.37,109.26,1.00,6,-1,-1
56,12,679.13,203.43,100.61,76.58,0.99,4,-1,-1
56,13,622.68,47.97,68.53,96.67,0.99,6,-1,-1
56,14,753.12,416.15,200.10,100.10,1.00,4,-1,-1
56,15,699.92,17.44,55.86,73.78,0.99,5,-1,-1
56,16,735.74,256.88,74.43,85.69,1.00,4,-1,-1
56,17,835.31,624.97,205.98,139.23,0.99,4,-1,-1
56,18,769.15,54.18,104.77,48.22,0.96,4,-1,-1
56,19,840.86,340.28,141.85,81.71,1.00,4,-1,-1
56,20,816.82,130.43,124.43,60.60,1.00,4,-1,-1
56,21,956.31,411.40,46.35,68.45,0.92,10,-1,-1
56,23,871.96,545.37,37.48,79.54,0.96,1,-1,-1
57,1,144.70,657.07,190.10,106.51,0.64,6,-1,-1
57,2,265.59,383.74,108.70,151.34,0.99,4,-1,-1
57,3,336.42,189.25,92.64,134.19,1.00,6,-1,-1
57,4,449.26,273.72,81.19,99.90,1.00,4,-1,-1
57,5,419.34,48.20,47.47,52.36,0.94,4,-1,-1
57,6,456.85,46.09,18.92,42.98,0.25,1,-1,-1
57,7,498.60,7.54,45.86,46.60,0.99,4,-1,-1
57,8,462.22,43.33,21.15,45.19,0.25,1,-1,-1
57,9,545.34,0.42,80.31,69.28,0.56,6,-1,-1
57,10,578.39,403.49,98.35,147.36,1.00,4,-1,-1
57,11,536.23,73.34,77.92,109.02,1.00,6,-1,-1
57,12,682.50,204.08,101.69,76.67,1.00,4,-1,-1
57,13,622.57,49.60,68.41,95.80,0.99,6,-1,-1
57,14,754.93,419.73,200.40,100.84,1.00,4,-1,-1
57,15,699.56,18.59,56.16,73.49,0.99,5,-1,-1
57,16,736.18,258.67,74.92,86.78,0.99,4,-1,-1
57,17,838.43,629.84,201.69,135.10,0.99,4,-1,-1
57,18,768.78,55.22,104.84,48.09,0.96,4,-1,-1
57,19,842.23,343.44,142.76,82.04,1.00,4,-1,-1
57,20,817.50,131.83,124.84,60.96,1.00,4,-1,-1
57,21,959.11,415.65,45.17,69.05,0.92,10,-1,-1
57,23,871.14,551.24,36.14,79.12,0.96,1,-1,-1
58,1,149.35,663.66,184.14,99.77,0.56,6,-1,-1
58,2,265.09,386.98,109.20,152.23,0.99,4,-1,-1
58,3,336.67,190.81,92.91,134.94,1.00,6,-1,-1
58,4,450.96,272.53,80.36,98.56,1.00,4,-1,-1
58,5,419.30,49.45,47.84,51.89,0.93,4,-1,-1
58,6,457.00,47.59,18.86,42.46,0.39,1,-1,-1
58,7,499.01,6.87,45.98,46.63,0.99,4,-1,-1
58,8,462.77,44.41,20.77,44.84,0.38,1,-1,-1
58,9,546.18,-0.11,79.66,70.20,0.66,6,-1,-1
58,10,579.18,404.49,98.24,147.25,1.00,4,-1,-1
58,11,536.73,73.35,77.74,109.35,1.00,6,-1,-1
58,12,686.53,204.39,102.61,76.75,1.00,4,-1,-1
58,13,622.85,50.17,70.05,95.79,0.99,6,-1,-1
58,14,756.68,423.59,201.34,101.01,1.00,4,-1,-1
58,15,700.06,19.61,56.84,73.65,0.99,5,-1,-1
58,16,737.47,260.89,75.65,87.21,0.99,4,-1,-1
58,17,841.16,635.76,195.78,129.13,0.98,4,-1,-1
58,18,770.11,56.48,104.87,48.70,0.97,4,-1,-1
58,19,844.69,346.34,142.52,82.19,1.00,4,-1,-1
58,20,818.93,132.93,124.72,62.12,1.00,4,-1,-1
58,21,962.10,419.82,43.55,69.13,0.92,10,-1,-1
58,23,870.32,557.75,34.77,78.94,0.97,1,-1,-1
59,1,146.71,670.45,186.97,92.97,0.29,6,-1,-1
59,2,264.20,390.21,110.51,154.63,1.00,4,-1,-1
59,3,336.32,192.82,93.02,135.69,1.00,6,-1,-1
59,4,452.37,270.06,79.50,98.66,1.00,4,-1,-1
59,5,418.99,50.28,48.83,52.20,0.93,4,-1,-1
59,6,457.04,48.39,18.83,42.74,0.27,1,-1,-1
59,7,499.69,6.24,46.03,46.54,0.99,4,-1,-1
59,8,463.23,45.50,20.61,44.55,0.32,1,-1,-1
59,9,546.74,-0.06,80.55,69.77,0.92,6,-1,-1
59,10,579.70,405.27,98.20,147.04,1.00,4,-1,-1
59,11,537.17,73.25,77.67,109.22,1.00,6,-1,-1
59,12,690.47,204.80,103.48,76.79,0.99,4,-1,-1
59,13,623.76,51.27,70.10,95.27,0.98,6,-1,-1
59,14,758.38,427.05,201.10,102.33,1.00,4,-1,-1
59,15,700.48,20.60,57.09,74.13,0.98,5,-1,-1
59,16,739.02,263.21,75.93,87.91,1.00,4,-1,-1
59,17,843.47,641.18,191.57,123.62,0.99,4,-1,-1
59,18,770.28,56.92,106.88,49.77,0.97,4,-1,-1
59,19,846.66,349.59,142.98,82.23,1.00,4,-1,-1
59,20,820.24,134.29,126.65,62.26,0.99,4,-1,-1
59,21,964.81,423.96,42.94,68.16,0.88,10,-1,-1
59,23,865.45,565.06,37.76,80.55,0.98,1,-1,-1
60,1,147.62,677.31,185.55,85.51,0.19,6,-1,-1
60,2,263.70,393.44,110.70,155.07,1.00,4,-1,-1
60,3,336.00,194.87,93.05,136.85,1.00,6,-1,-1
60,4,453.36,268.39,79.21,98.14,1.00,4,-1,-1
60,5,419.24,51.35,48.21,52.66,0.73,4,-1,-1
60,6,457.28,49.09,18.82,42.84,0.31,1,-1,-1
60,7,500.43,5.54,45.48,46.72,0.99,4,-1,-1
60,8,463.63,46.28,19.99,44.71,0.47,1,-1,-1
60,9,547.43,0.07,80.33,70.31,0.87,6,-1,-1
60,10,580.67,406.24,98.18,147.07,1.00,4,-1,-1
60,11,537.55,73.30,77.65,109.16,1.00,6,-1,-1
60,12,694.05,205.88,103.77,75.45,1.00,4,-1,-1
60,13,624.59,52.45,70.11,94.97,0.99,6,-1,-1
60,14,760.04,430.34,202.68,103.21,1.00,4,-1,-1
60,15,701.11,21.58,57.18,74.37,0.99,5,-1,-1
60,16,740.63,265.56,74.89,87.59,1.00,4,-1,-1
60,17,845.89,646.39,185.45,118.29,0.99,4,-1,-1
60,18,770.53,57.79,107.35,50.09,0.96,4,-1,-1
60,19,848.13,352.40,143.41,82.78,0.99,4,-1,-1
60,20,820.92,136.16,127.66,62.15,0.99,4,-1,-1
60,21,967.39,428.36,42.72,67.35,0.89,10,-1,-1
60,23,862.31,573.21,37.97,79.46,0.99,1,-1,-1
61,1,147.35,684.00,184.24,79.12,0.44,6,-1,-1
61,2,263.39,396.77,110.79,155.36,0.99,4,-1,-1
61,3,336.03,196.62,92.53,137.01,1.00,6,-1,-1
61,4,454.99,266.64,78.00,97.71,1.00,4,-1,-1
61,5,419.07,52.11,48.97,53.43,0.92,4,-1,-1
61,6,457.53,48.69,21.64,44.93,0.42,1,-1,-1
61,7,500.86,4.64,45.29,47.48,0.99,4,-1,-1
61,8,463.67,47.23,20.90,44.97,0.30,1,-1,-1
61,9,547.57,0.18,81.40,69.23,0.95,6,-1,-1
61,10,581.78,406.80,98.20,147.24,1.00,4,-1,-1
61,11,537.59,73.37,77.10,107.99,0.99,6,-1,-1
61,12,697.78,206.40,104.42,74.89,1.00,4,-1,-1
61,13,624.81,53.23,70.69,94.07,0.99,6,-1,-1
61,14,761.98,434.65,204.15,103.55,1.00,4,-1,-1
61,15,701.84,22.48,57.80,74.76,0.98,5,-1,-1
61,16,741.71,268.26,74.51,87.74,1.00,4,-1,-1
61,17,848.69,651.96,181.85,112.46,0.98,4,-1,-1
61,18,771.97,58.90,105.02,49.92,0.96,4,-1,-1
61,19,850.30,355.40,143.60,83.69,1.00,4,-1,-1
61,20,822.23,137.39,128.06,62.39,1.00,4,-1,-1
61,21,971.12,432.80,40.37,64.77,0.90,10,-1,-1
61,23,858.94,581.28,39.75,78.46,0.98,1,-1,-1
62,1,147.56,691.36,182.91,71.79,0.40,6,-1,-1
62,2,262.47,400.25,111.93,156.94,1.00,4,-1,-1
62,3,336.06,198.31,93.45,138.15,1.00,6,-1,-1
62,4,455.96,266.04,77.57,96.13,0.99,4,-1,-1
62,5,420.14,53.16,48.27,53.05,0.89,4,-1,-1
62,6,457.51,50.72,19.99,43.27,0.41,1,-1,-1
62,7,501.70,4.39,45.22,47.04,0.99,4,-1,-1
62,8,464.10,48.26,20.67,44.80,0.65,1,-1,-1
62,9,548.58,0.15,81.23,69.96,0.87,6,-1,-1
62,10,582.58,407.49,98.20,146.70,1.00,4,-1,-1
62,11,538.30,73.48,76.89,108.56,1.00,6,-1,-1
62,12,700.33,206.90,105.75,74.75,1.00,4,-1,-1
62,13,625.55,54.34,70.89,93.75,0.97,6,-1,-1
62,14,764.18,438.06,204.38,104.19,1.00,4,-1,-1
62,15,702.77,23.27,58.02,74.94,0.96,5,-1,-1
62,16,743.03,270.28,74.93,88.61,1.00,4,-1,-1
62,17,851.15,657.75,179.73,106.43,0.97,4,-1,-1
62,18,772.30,60.07,105.54,49.87,0.97,4,-1,-1
62,19,852.29,358.06,144.77,84.29,1.00,4,-1,-1
62,20,823.35,138.68,128.19,62.60,1.00,4,-1,-1
62,21,972.47,435.22,44.16,67.68,0.87,10,-1,-1
62,23,858.68,588.79,37.36,78.05,0.98,1,-1,-1
63,1,147.49,698.33,182.46,65.44,0.43,6,-1,-1
63,2,261.74,403.22,112.34,158.49,1.00,4,-1,-1
63,3,335.68,200.08,94.36,139.12,0.99,6,-1,-1
63,4,456.72,263.71,78.01,96.14,1.00,4,-1,-1
63,5,420.29,54.15,47.84,53.30,0.94,4,-1,-1
63,6,457.36,52.30,19.24,42.75,0.36,1,-1,-1
63,7,502.73,4.09,45.20,46.74,0.99,4,-1,-1
63,8,464.14,49.16,20.57,44.86,0.44,1,-1,-1
63,9,549.39,0.05,80.60,70.89,0.88,6,-1,-1
63,10,583.29,407.80,98.20,146.91,1.00,4,-1,-1
63,11,538.72,73.60,76.82,108.64,1.00,6,-1,-1
63,12,703.03,207.24,106.22,74.93,1.00,4,-1,-1
63,13,625.98,55.00,70.40,96.71,0.99,6,-1,-1
63,14,765.95,441.99,204.44,104.42,1.00,4,-1,-1
63,15,703.55,23.81,58.10,75.73,0.92,5,-1,-1
63,16,743.37,272.03,76.79,89.21,1.00,4,-1,-1
63,17,853.85,663.65,172.97,100.36,0.95,4,-1,-1
63,18,773.71,61.12,105.45,50.13,0.94,4,-1,-1
63,19,853.98,360.60,145.20,85.06,1.00,4,-1,-1
63,20,824.46,139.83,129.08,62.96,1.00,4,-1,-1
63,21,975.63,439.64,42.14,67.04,0.88,10,-1,-1
63,23,857.49,596.13,35.23,77.33,0.97,1,-1,-1
64,1,160.15,705.92,166.35,57.45,0.25,6,-1,-1
64,2,258.58,406.85,113.07,159.84,1.00,4,-1,-1
64,3,333.57,202.46,94.17,139.43,0.99,6,-1,-1
64,4,455.99,262.41,77.07,95.29,1.00,4,-1,-1
64,5,418.90,55.04,47.84,53.33,0.90,4,-1,-1
64,6,456.29,53.98,18.40,42.26,0.57,1,-1,-1
64,7,501.50,3.42,45.21,46.78,0.99,4,-1,-1
64,8,462.56,50.15,20.54,45.16,0.64,1,-1,-1
64,9,548.63,0.05,80.37,71.50,0.93,6,-1,-1
64,10,582.01,408.04,98.23,147.66,1.00,4,-1,-1
64,11,537.28,73.26,76.24,108.07,0.98,6,-1,-1
64,12,703.78,207.43,108.05,75.76,1.00,4,-1,-1
64,13,624.80,56.29,70.78,97.09,0.98,6,-1,-1
64,14,764.76,445.29,206.14,104.99,1.00,4,-1,-1
64,15,702.49,24.53,58.14,75.98,0.98,5,-1,-1
64,16,742.74,274.29,77.50,89.11,1.00,4,-1,-1
64,17,853.83,669.28,171.47,94.86,0.90,4,-1,-1
64,18,772.89,62.28,106.57,50.01,0.97,4,-1,-1
64,19,853.58,363.52,146.20,85.44,1.00,4,-1,-1
64,20,824.38,141.46,129.69,62.48,1.00,4,-1,-1
64,21,976.05,443.36,42.48,67.34,0.89,10,-1,-1
64,23,852.78,602.82,35.91,74.75,0.96,1,-1,-1
65,1,160.51,715.49,160.60,47.62,0.15,6,-1,-1
65,2,253.42,411.62,112.85,161.24,1.00,4,-1,-1
65,3,328.42,205.22,95.85,139.47,1.00,6,-1,-1
65,4,452.75,261.33,77.36,94.96,1.00,4,-1,-1
65,5,413.52,56.37,49.70,53.10,0.93,4,-1,-1
65,6,451.74,54.75,19.83,42.34,0.34,1,-1,-1
65,7,497.12,3.25,45.23,46.08,0.99,4,-1,-1
65,8,456.68,51.26,21.68,45.69,0.56,1,-1,-1
65,9,545.29,0.03,79.19,71.24,0.56,6,-1,-1
65,10,578.65,408.08,98.31,148.88,1.00,4,-1,-1
65,11,532.88,73.48,76.65,108.39,1.00,6,-1,-1
65,12,702.40,208.33,108.19,75.24,1.00,4,-1,-1
65,13,620.76,57.82,70.97,96.34,0.99,6,-1,-1
65,14,762.26,448.69,207.37,105.09,1.00,4,-1,-1
65,15,698.19,25.43,58.75,75.97,0.98,5,-1,-1
65,16,740.67,275.96,76.11,89.87,0.99,4,-1,-1
65,17,851.88,674.56,171.07,89.53,0.94,4,-1,-1
65,18,769.54,63.03,105.03,49.80,0.97,4,-1,-1
65,19,851.34,366.06,146.60,85.64,1.00,4,-1,-1
65,20,821.05,142.30,129.93,62.94,1.00,4,-1,-1
65,21,973.58,445.97,42.64,68.56,0.90,10,-1,-1
65,23,843.26,609.60,38.74,74.35,0.96,1,-1,-1
66,1,161.12,724.39,155.07,38.61,0.19,6,-1,-1
66,2,247.56,415.87,113.87,162.26,1.00,4,-1,-1
66,3,322.79,207.50,95.64,140.85,1.00,6,-1,-1
66,4,448.62,260.16,78.06,95.14,1.00,4,-1,-1
66,5,407.91,57.66,49.14,53.70,0.63,4,-1,-1
66,6,446.56,56.04,19.24,42.92,0.44,1,-1,-1
66,7,492.29,2.84,45.25,46.02,0.99,4,-1,-1
66,8,451.84,52.82,21.00,45.44,0.49,1,-1,-1
66,9,541.13,0.20,79.31,71.23,0.88,6,-1,-1
66,10,574.50,408.21,99.47,149.45,1.00,4,-1,-1
66,11,527.77,73.56,76.82,107.61,1.00,6,-1,-1
66,12,699.75,209.09,109.32,75.90,1.00,4,-1,-1
66,13,615.77,58.06,71.60,98.62,0.99,6,-1,-1
66,14,759.53,451.51,208.36,106.21,1.00,4,-1,-1
66,15,693.65,25.93,58.98,76.94,0.98,5,-1,-1
66,16,736.99,277.49,76.71,90.97,0.99,4,-1,-1
66,17,849.62,680.29,172.44,83.71,0.84,4,-1,-1
66,18,765.08,63.74,106.72,49.88,0.96,4,-1,-1
66,19,848.40,368.02,147.01,86.80,1.00,4,-1,-1
66,20,816.86,143.62,131.14,62.66,1.00,4,-1,-1
66,21,971.38,448.76,42.71,68.44,0.67,10,-1,-1
66,23,831.36,616.38,44.21,75.93,0.99,1,-1,-1
67,2,244.54,419.30,115.27,164.34,1.00,4,-1,-1
67,3,320.67,209.31,95.17,141.96,1.00,6,-1,-1
67,4,447.10,258.64,78.84,95.27,1.00,4,-1,-1
67,5,405.45,58.53,49.73,54.20,0.90,4,-1,-1
67,6,443.99,56.85,18.39,42.65,0.41,1,-1,-1
67,7,489.83,2.84,45.23,45.91,0.99,4,-1,-1
67,8,449.99,54.03,19.55,45.35,0.61,1,-1,-1
67,9,538.34,0.24,79.89,71.47,0.88,6,-1,-1
67,10,573.46,408.41,99.25,149.13,1.00,4,-1,-1
67,11,525.75,74.05,76.24,107.22,1.00,6,-1,-1
67,12,699.87,210.19,109.66,76.48,0.99,4,-1,-1
67,13,612.66,58.24,72.90,100.79,0.99,6,-1,-1
67,14,758.96,454.99,209.76,106.16,1.00,4,-1,-1
67,15,691.57,26.72,59.01,76.83,0.99,5,-1,-1
67,16,736.18,279.54,76.86,91.97,1.00,4,-1,-1
67,17,851.34,685.33,172.96,78.44,0.68,4,-1,-1
67,18,763.27,64.50,108.44,50.10,0.96,4,-1,-1
67,19,848.08,371.12,147.37,86.32,0.99,4,-1,-1
67,20,815.66,144.69,132.37,63.89,1.00,4,-1,-1
67,21,972.67,452.35,41.55,68.97,0.64,10,-1,-1
67,23,825.60,624.11,45.74,76.51,0.99,1,-1,-1
67,26,1131.28,282.61,18.78,42.26,0.71,1,-1,-1
68,2,244.29,422.91,115.16,165.14,1.00,4,-1,-1
68,3,320.25,211.25,96.36,142.67,1.00,6,-1,-1
68,4,447.97,257.25,77.98,95.08,1.00,4,-1,-1
68,5,404.81,59.35,50.63,54.43,0.96,4,-1,-1
68,6,443.72,57.63,18.63,43.27,0.56,1,-1,-1
68,7,490.18,2.36,45.21,46.04,0.99,4,-1,-1
68,8,448.82,54.60,20.74,45.68,0.73,1,-1,-1
68,9,538.85,0.22,79.52,72.17,0.78,6,-1,-1
68,10,574.20,408.62,99.12,149.46,1.00,4,-1,-1
68,11,525.40,74.10,76.57,107.57,1.00,6,-1,-1
68,12,702.46,211.34,109.73,77.59,0.99,4,-1,-1
68,13,613.60,59.96,72.79,100.02,0.98,6,-1,-1
68,14,760.68,458.79,210.80,107.32,1.00,4,-1,-1
68,15,692.07,27.58,58.99,76.94,0.98,5,-1,-1
68,16,737.04,281.99,77.46,91.80,1.00,4,-1,-1
68,17,854.10,691.74,175.22,72.10,0.73,4,-1,-1
68,18,764.69,65.58,106.82,50.29,0.96,4,-1,-1
68,19,849.92,373.98,147.46,86.73,1.00,4,-1,-1
68,20,816.71,146.11,132.81,64.54,1.00,4,-1,-1
68,21,975.65,456.82,42.25,68.62,0.91,10,-1,-1
68,23,823.20,632.24,46.30,76.76,0.99,1,-1,-1
68,27,1091.15,516.12,42.69,66.60,0.64,1,-1,-1
69,2,243.54,426.36,115.38,165.96,1.00,4,-1,-1
69,3,319.29,213.41,97.35,143.20,0.98,6,-1,-1
69,4,448.84,255.77,77.10,94.18,1.00,4,-1,-1
69,5,404.88,60.43,50.12,54.16,0.87,4,-1,-1
69,6,443.37,58.80,18.15,43.49,0.44,1,-1,-1
69,7,490.62,2.54,45.77,45.02,0.99,4,-1,-1
69,8,448.74,55.09,20.59,46.08,0.79,1,-1,-1
69,9,539.05,0.17,79.96,73.13,0.87,6,-1,-1
69,10,574.75,408.65,99.06,149.57,1.00,4,-1,-1
69,11,526.14,74.08,76.13,108.56,1.00,6,-1,-1
69,12,703.64,212.22,111.41,77.52,1.00,4,-1,-1
69,13,613.98,60.97,73.29,99.70,0.98,6,-1,-1
69,14,763.27,463.46,210.88,107.19,0.99,4,-1,-1
69,15,692.55,28.10,58.97,77.17,0.98,5,-1,-1
69,16,738.20,283.80,77.67,93.12,1.00,4,-1,-1
69,17,856.75,697.25,172.69,66.58,0.77,4,-1,-1
69,18,765.52,66.38,106.76,50.25,0.95,4,-1,-1
69,19,851.15,376.77,148.61,88.14,0.99,4,-1,-1
69,20,817.95,147.27,133.24,64.64,1.00,4,-1,-1
69,21,978.40,460.06,42.50,69.05,0.62,10,-1,-1
69,23,822.40,639.83,44.84,76.85,0.98,1,-1,-1
69,27,1090.34,522.68,45.46,65.97,0.93,1,-1,-1
70,2,242.45,429.88,116.02,167.88,1.00,4,-1,-1
70,3,319.48,215.39,97.17,143.91,0.99,6,-1,-1
70,4,449.96,254.52,76.79,93.55,1.00,4,-1,-1
70,5,405.02,61.43,50.62,54.36,0.95,4,-1,-1
70,6,443.20,60.75,18.55,42.79,0.48,1,-1,-1
70,7,491.00,2.01,45.98,45.19,0.99,4,-1,-1
70,8,448.67,55.84,20.53,46.58,0.89,1,-1,-1
70,9,539.34,0.21,79.56,73.57,0.84,6,-1,-1
70,10,575.48,408.70,99.04,150.15,1.00,4,-1,-1
70,11,526.38,73.99,75.97,109.16,1.00,6,-1,-1
70,12,704.80,213.16,113.14,77.61,1.00,4,-1,-1
70,13,614.34,62.38,74.04,98.70,0.98,6,-1,-1
70,14,764.45,466.54,212.84,108.78,1.00,4,-1,-1
70,15,693.22,29.13,58.96,77.25,0.99,5,-1,-1
70,16,738.83,285.86,78.31,94.43,0.99,4,-1,-1
70,17,859.34,703.72,170.07,60.08,0.72,4,-1,-1
70,18,766.02,67.21,107.30,51.06,0.94,4,-1,-1
70,19,853.20,379.72,149.59,89.20,1.00,4,-1,-1
70,20,819.16,148.98,133.66,64.50,1.00,4,-1,-1
70,21,980.42,463.69,42.61,68.62,0.52,10,-1,-1
70,23,822.25,646.67,40.85,76.30,0.98,1,-1,-1
70,27,1090.95,528.70,44.71,65.86,0.64,1,-1,-1
71,2,241.55,432.90,116.82,169.85,1.00,4,-1,-1
71,3,318.78,217.29,98.22,144.73,1.00,6,-1,-1
71,4,450.99,253.23,76.12,93.07,1.00,4,-1,-1
71,5,405.16,62.87,50.25,54.05,0.92,4,-1,-1
71,6,443.50,61.77,18.70,42.81,0.51,1,-1,-1
71,7,491.78,1.45,45.51,45.04,0.99,4,-1,-1
71,8,448.73,56.61,20.51,46.76,0.85,1,-1,-1
71,9,540.37,0.16,78.85,74.59,0.75,6,-1,-1
71,10,576.10,408.83,99.05,150.51,1.00,4,-1,-1
71,11,525.97,73.74,76.49,109.54,1.00,6,-1,-1
71,12,706.65,214.51,113.78,77.16,1.00,4,-1,-1
71,13,614.56,63.24,74.32,100.30,1.00,6,-1,-1
71,14,766.07,470.94,213.58,108.81,1.00,4,-1,-1
71,15,694.13,30.20,59.53,77.35,0.98,5,-1,-1
71,16,740.27,288.51,77.43,94.35,1.00,4,-1,-1
71,17,862.62,709.58,170.90,54.54,0.72,4,-1,-1
71,18,766.58,67.84,107.52,51.79,0.94,4,-1,-1
71,19,855.17,383.39,149.96,88.33,0.99,4,-1,-1
71,20,819.99,150.73,133.53,64.59,1.00,4,-1,-1
71,21,983.50,468.60,42.65,67.90,0.82,10,-1,-1
71,23,821.35,654.08,38.69,76.67,0.98,1,-1,-1
71,27,1090.93,534.62,43.09,65.79,0.82,1,-1,-1
72,2,241.02,436.46,116.50,171.51,1.00,4,-1,-1
72,3,318.32,219.40,97.73,145.84,0.94,6,-1,-1
72,4,451.23,251.89,76.44,92.61,1.00,4,-1,-1
72,5,404.99,63.97,51.93,53.63,0.97,4,-1,-1
72,6,443.26,63.56,18.75,41.68,0.63,1,-1,-1
72,7,492.25,1.02,45.31,44.72,0.97,4,-1,-1
72,8,449.24,57.26,20.49,46.12,0.90,1,-1,-1
72,9,541.21,0.08,78.57,74.21,0.78,6,-1,-1
72,10,576.17,408.91,99.02,150.47,1.00,4,-1,-1
72,11,526.29,73.69,76.11,109.74,1.00,6,-1,-1
72,12,708.25,215.95,113.39,77.26,0.99,4,-1,-1
72,13,615.37,64.44,74.39,101.48,1.00,6,-1,-1
72,14,766.73,475.20,215.19,109.36,0.99,4,-1,-1
72,15,694.33,31.14,59.72,77.53,0.99,5,-1,-1
72,16,741.18,290.36,78.20,95.41,1.00,4,-1,-1
72,17,864.95,716.71,168.08,47.41,0.55,4,-1,-1
72,18,766.91,68.70,109.27,52.59,0.97,4,-1,-1
72,19,857.07,386.87,150.32,88.25,1.00,4,-1,-1
72,20,820.67,152.08,134.57,65.31,1.00,4,-1,-1
72,21,987.75,473.93,40.38,67.61,0.22,10,-1,-1
72,23,817.46,662.71,39.64,79.06,0.99,1,-1,-1
72,27,1092.57,540.93,41.29,66.40,0.69,1,-1,-1
73,2,239.91,440.30,117.50,173.25,1.00,4,-1,-1
73,3,318.22,221.59,97.26,145.98,1.00,6,-1,-1
73,4,451.92,250.10,76.58,93.33,1.00,4,-1,-1
73,5,405.30,64.81,52.27,54.12,0.95,4,-1,-1
73,6,443.25,64.30,18.77,41.61,0.47,1,-1,-1
73,7,492.51,0.71,45.24,44.26,0.96,4,-1,-1
73,8,449.53,58.04,20.48,46.22,0.77,1,-1,-1
73,9,541.89,0.11,78.48,73.98,0.76,6,-1,-1
73,10,577.11,409.31,98.44,149.91,1.00,4,-1,-1
73,11,526.50,73.96,75.97,109.09,1.00,6,-1,-1
73,12,709.43,217.38,114.35,78.73,1.00,4,-1,-1
73,13,615.20,65.41,74.98,102.14,1.00,6,-1,-1
73,14,768.16,479.33,216.35,109.57,0.99,4,-1,-1
73,15,695.07,32.12,59.79,77.78,0.99,5,-1,-1
73,16,743.01,293.18,77.35,94.97,0.99,4,-1,-1
73,17,868.97,723.17,162.79,41.06,0.67,4,-1,-1
73,18,767.70,69.41,109.94,52.75,0.96,4,-1,-1
73,19,858.98,390.01,150.46,88.93,0.99,4,-1,-1
73,20,821.58,153.25,137.21,66.16,0.99,4,-1,-1
73,21,990.52,476.74,40.69,69.22,0.73,10,-1,-1
73,23,813.67,672.59,40.55,78.85,0.98,1,-1,-1
73,27,1091.86,546.24,42.05,68.47,0.80,1,-1,-1
74,2,238.77,443.90,118.17,174.39,1.00,4,-1,-1
74,3,317.55,223.49,97.66,147.10,0.98,6,-1,-1
74,4,452.92,248.77,76.09,93.60,1.00,4,-1,-1
74,5,405.30,65.58,52.40,54.57,0.92,4,-1,-1
74,6,443.42,65.49,18.21,41.09,0.65,1,-1,-1
74,7,493.03,0.62,45.23,43.61,0.97,4,-1,-1
74,8,449.51,58.96,20.49,45.55,0.90,1,-1,-1
74,9,542.56,0.12,77.89,73.62,0.75,6,-1,-1
74,10,577.95,409.40,97.68,149.09,1.00,4,-1,-1
74,11,526.74,73.83,75.94,109.10,1.00,6,-1,-1
74,12,709.99,218.96,114.69,79.25,1.00,4,-1,-1
74,13,615.57,66.43,75.20,103.09,1.00,6,-1,-1
74,14,770.56,482.92,217.05,110.71,1.00,4,-1,-1
74,15,695.48,33.01,59.83,77.66,0.98,5,-1,-1
74,16,744.14,294.95,78.18,96.16,0.99,4,-1,-1
74,17,874.67,729.53,149.03,34.29,0.41,4,-1,-1
74,18,768.13,70.91,111.60,52.29,0.96,4,-1,-1
74,19,860.70,393.25,151.63,89.70,1.00,4,-1,-1
74,20,822.91,154.96,139.32,66.16,0.99,4,-1,-1
74,21,993.10,481.21,40.81,68.68,0.65,10,-1,-1
74,23,810.92,683.31,40.34,74.78,0.98,1,-1,-1
74,27,1089.74,551.59,43.55,72.73,0.84,1,-1,-1
75,2,237.58,447.35,119.52,177.04,1.00,4,-1,-1
75,3,316.69,225.35,99.21,148.09,0.98,6,-1,-1
75,4,453.92,248.17,75.91,92.88,1.00,4,-1,-1
75,5,405.28,66.42,50.60,54.89,0.97,4,-1,-1
75,6,443.60,66.66,18.58,41.12,0.87,1,-1,-1
75,7,493.62,0.52,45.22,43.07,0.95,4,-1,-1
75,8,450.20,59.87,19.92,45.36,0.93,1,-1,-1
75,9,543.20,-0.15,77.11,74.15,0.93,6,-1,-1
75,10,578.61,409.43,97.39,148.80,1.00,4,-1,-1
75,11,527.23,73.75,75.36,108.84,1.00,6,-1,-1
75,12,711.93,221.79,113.10,77.49,0.99,4,-1,-1
75,13,616.67,67.78,74.71,102.50,1.00,6,-1,-1
75,14,772.08,487.00,218.41,111.16,1.00,4,-1,-1
75,15,696.61,34.17,59.83,77.74,0.96,5,-1,-1
75,16,745.20,297.38,79.04,96.61,0.99,4,-1,-1
75,18,770.11,72.28,109.40,52.11,0.94,4,-1,-1
75,19,862.81,396.65,152.91,89.44,0.99,4,-1,-1
75,20,824.36,157.26,138.71,65.46,0.99,4,-1,-1
75,21,996.35,485.93,39.72,69.05,0.13,10,-1,-1
75,23,809.52,693.66,39.10,69.18,0.97,1,-1,-1
75,27,1087.32,559.74,45.27,72.53,0.87,1,-1,-1
76,2,236.35,450.73,120.57,177.98,1.00,4,-1,-1
76,3,316.26,227.37,99.49,148.98,0.97,6,-1,-1
76,4,455.11,248.27,75.28,91.18,0.99,4,-1,-1
76,5,405.27,67.11,50.47,55.35,0.74,4,-1,-1
76,6,443.95,67.76,18.71,40.84,0.78,1,-1,-1
76,7,494.66,0.38,44.65,42.39,0.96,4,-1,-1
76,8,450.45,60.70,19.70,45.36,0.92,1,-1,-1
76,9,543.69,-0.08,77.39,73.66,0.87,6,-1,-1
76,10,579.11,409.24,97.28,148.81,1.00,4,-1,-1
76,11,527.68,73.77,75.14,108.29,1.00,6,-1,-1
76,12,711.98,223.21,114.15,79.36,0.99,4,-1,-1
76,13,617.06,68.48,75.06,102.77,0.98,6,-1,-1
76,14,774.82,491.14,218.87,111.85,1.00,4,-1,-1
76,15,697.27,34.94,59.82,78.15,0.97,5,-1,-1
76,16,746.66,299.16,79.36,97.59,0.99,4,-1,-1
76,18,770.50,73.70,109.95,51.64,0.95,4,-1,-1
76,19,864.63,399.60,153.92,90.30,1.00,4,-1,-1
76,20,825.68,158.96,138.70,65.67,0.99,4,-1,-1
76,21,999.11,489.18,40.47,68.60,0.35,10,-1,-1
76,23,809.40,703.10,35.75,62.41,0.83,1,-1,-1
76,27,1086.37,565.93,44.74,72.94,0.57,1,-1,-1
77,2,234.84,454.71,120.67,177.71,0.99,4,-1,-1
77,3,316.02,229.19,99.31,150.12,0.99,6,-1,-1
77,4,455.14,247.09,75.63,91.42,1.00,4,-1,-1
77,5,405.18,67.84,49.85,55.66,0.84,4,-1,-1
77,6,443.99,68.84,18.76,41.10,0.90,1,-1,-1
77,7,494.94,0.40,45.01,42.06,0.95,4,-1,-1
77,8,451.02,61.41,19.06,45.50,0.94,1,-1,-1
77,9,544.60,-0.02,76.37,73.16,0.71,6,-1,-1
77,10,579.17,408.73,97.82,148.66,1.00,4,-1,-1
77,11,528.32,73.43,74.50,108.80,1.00,6,-1,-1
77,12,712.96,225.68,113.96,79.20,0.99,4,-1,-1
77,13,617.09,69.55,75.76,103.14,0.99,6,-1,-1
77,14,775.98,495.10,219.84,112.08,1.00,4,-1,-1
77,15,697.96,35.75,59.81,78.52,0.99,5,-1,-1
77,16,747.92,302.00,79.47,97.66,1.00,4,-1,-1
77,18,770.81,74.73,110.43,51.27,0.97,4,-1,-1
77,19,867.13,402.57,153.99,91.17,1.00,4,-1,-1
77,20,826.88,160.04,137.26,65.94,0.99,4,-1,-1
77,21,1001.08,491.93,41.89,70.70,0.93,10,-1,-1
77,23,806.49,712.27,35.69,54.02,0.89,1,-1,-1
77,27,1085.94,573.43,43.37,72.47,0.85,1,-1,-1
78,2,233.46,458.08,121.53,180.94,1.00,4,-1,-1
78,3,315.10,231.23,99.79,150.82,0.95,6,-1,-1
78,4,455.70,246.01,75.21,90.67,1.00,4,-1,-1
78,5,405.15,68.87,51.04,55.56,0.97,4,-1,-1
78,6,444.01,69.85,18.78,41.34,0.91,1,-1,-1
78,7,495.89,0.56,45.15,41.31,0.94,4,-1,-1
78,8,451.24,62.44,18.82,45.70,0.94,1,-1,-1
78,9,545.51,-0.02,76.00,73.65,0.82,6,-1,-1
78,10,579.19,408.42,98.60,148.76,1.00,4,-1,-1
78,11,528.27,73.25,74.27,108.99,1.00,6,-1,-1
78,12,714.98,227.86,113.30,78.57,0.99,4,-1,-1
78,13,618.52,71.09,74.88,102.73,0.99,6,-1,-1
78,14,776.95,498.74,221.88,114.41,0.99,4,-1,-1
78,15,698.50,36.63,60.38,78.55,0.98,5,-1,-1
78,16,749.50,304.57,78.37,97.66,0.99,4,-1,-1
78,18,772.05,75.37,111.17,51.92,0.96,4,-1,-1
78,19,868.59,405.86,155.13,91.48,1.00,4,-1,-1
78,20,828.17,160.96,138.11,66.61,0.99,4,-1,-1
78,21,1004.02,497.09,42.42,69.80,0.74,10,-1,-1
78,23,805.28,722.00,35.09,44.40,0.65,1,-1,-1
78,27,1082.92,579.73,46.37,71.67,0.48,1,-1,-1
78,28,1159.45,306.30,18.78,41.41,0.67,1,-1,-1
79,2,231.86,461.99,122.10,182.11,1.00,4,-1,-1
79,3,314.93,233.59,99.67,151.61,0.95,6,-1,-1
79,4,456.45,245.36,74.48,90.12,1.00,4,-1,-1
79,5,405.03,70.26,50.77,54.95,0.90,4,-1,-1
79,6,444.04,70.60,18.78,41.51,0.90,1,-1,-1
79,7,496.53,0.37,44.63,41.06,0.95,4,-1,-1
79,8,451.62,63.41,18.73,45.20,0.91,1,-1,-1
79,9,546.12,0.00,75.87,73.57,0.78,6,-1,-1
79,10,579.45,408.27,98.88,148.79,1.00,4,-1,-1
79,11,528.83,73.27,74.18,109.59,1.00,6,-1,-1
79,12,715.10,229.47,114.72,80.02,1.00,4,-1,-1
79,13,618.20,71.67,76.23,104.08,1.00,6,-1,-1
79,14,780.04,503.33,222.60,115.27,0.99,4,-1,-1
79,15,699.26,37.65,60.58,78.68,0.98,5,-1,-1
79,16,750.89,307.00,77.94,97.64,0.99,4,-1,-1
79,18,772.78,75.99,111.72,52.51,0.96,4,-1,-1
79,19,870.18,408.94,156.65,92.15,0.99,4,-1,-1
79,20,829.73,162.88,139.53,66.08,0.99,4,-1,-1
79,21,1007.25,500.29,42.62,71.70,0.69,10,-1,-1
79,23,803.17,732.83,34.31,33.06,0.46,1,-1,-1
79,27,1082.37,586.10,44.05,69.04,0.73,1,-1,-1
79,29,930.64,316.33,30.74,51.65,0.74,1,-1,-1
80,2,230.57,465.98,122.63,183.62,1.00,4,-1,-1
80,3,313.70,235.73,100.79,152.73,0.81,6,-1,-1
80,4,456.96,244.33,74.25,89.65,1.00,4,-1,-1
80,5,404.34,70.76,53.52,55.85,0.77,4,-1,-1
80,6,443.99,71.36,18.79,41.26,0.88,1,-1,-1
80,7,497.25,0.23,44.45,40.60,0.95,4,-1,-1
80,8,451.40,63.95,19.30,44.94,0.93,1,-1,-1
80,9,546.83,-0.04,75.28,73.52,0.85,6,-1,-1
80,10,580.12,408.09,99.03,148.66,1.00,4,-1,-1
80,11,528.98,72.84,74.19,109.97,1.00,6,-1,-1
80,12,715.95,231.27,115.28,80.27,1.00,4,-1,-1
80,13,618.60,72.12,76.76,105.68,1.00,6,-1,-1
80,14,780.95,506.90,224.86,116.67,1.00,4,-1,-1
80,15,699.77,38.31,60.67,78.98,0.99,5,-1,-1
80,16,752.53,308.79,77.80,99.30,1.00,4,-1,-1
80,18,773.86,76.48,111.66,52.93,0.96,4,-1,-1
80,19,872.48,412.51,157.25,92.37,0.99,4,-1,-1
80,20,830.87,163.83,142.34,67.20,0.99,4,-1,-1
80,21,1011.30,504.14,41.58,71.29,0.76,10,-1,-1
80,23,798.56,743.42,35.22,21.79,0.16,2,-1,-1
80,27,1077.14,592.47,48.93,69.77,0.89,1,-1,-1
80,29,932.46,316.49,30.77,53.41,0.86,1,-1,-1
81,2,229.25,469.91,123.91,184.71,1.00,4,-1,-1
81,3,312.83,237.62,102.02,153.41,0.99,6,-1,-1
81,4,457.40,243.18,74.16,90.07,1.00,4,-1,-1
81,5,404.39,71.72,53.14,56.04,0.88,4,-1,-1
81,6,443.98,72.26,19.36,41.70,0.89,1,-1,-1
81,7,498.09,0.23,44.38,39.87,0.95,4,-1,-1
81,8,451.62,64.98,19.50,44.82,0.87,1,-1,-1
81,9,547.09,0.01,75.07,74.07,0.89,6,-1,-1
81,10,580.62,407.94,99.06,149.33,1.00,4,-1,-1
81,11,529.33,72.95,74.19,110.03,1.00,6,-1,-1
81,12,716.48,232.81,116.02,81.21,1.00,4,-1,-1
81,13,619.02,72.92,76.94,105.46,1.00,6,-1,-1
81,14,782.32,511.84,226.79,116.63,1.00,4,-1,-1
81,15,700.52,38.83,60.69,79.22,0.99,5,-1,-1
81,16,753.37,310.87,79.45,100.20,1.00,4,-1,-1
81,18,774.82,76.84,112.75,53.58,0.98,4,-1,-1
81,19,874.95,416.07,157.43,93.01,0.99,4,-1,-1
81,20,831.53,165.63,144.21,67.62,0.99,4,-1,-1
81,21,1013.81,508.08,42.32,72.25,0.79,10,-1,-1
81,27,1072.52,600.12,52.83,69.45,0.88,1,-1,-1
81,29,932.89,316.53,30.78,56.70,0.96,1,-1,-1
82,2,227.30,482.04,125.50,187.25,1.00,4,-1,-1
82,3,312.08,245.71,102.20,155.26,0.95,6,-1,-1
82,4,458.18,247.96,74.14,91.63,1.00,4,-1,-1
82,5,405.46,78.19,52.27,55.80,0.87,4,-1,-1
82,6,444.59,78.68,18.45,41.14,0.73,1,-1,-1
82,7,498.40,2.24,44.93,41.88,0.98,4,-1,-1
82,8,452.31,71.54,19.02,45.04,0.60,1,-1,-1
82,9,548.03,2.11,75.00,77.54,0.67,6,-1,-1
82,10,581.43,414.81,99.08,150.51,1.00,4,-1,-1
82,11,530.04,78.50,73.06,108.70,1.00,6,-1,-1
82,12,717.20,240.57,117.40,82.64,1.00,4,-1,-1
82,13,619.74,78.67,76.99,106.90,1.00,6,-1,-1
82,14,784.52,523.95,228.56,118.20,0.99,4,-1,-1
82,15,700.76,44.34,61.26,80.43,1.00,5,-1,-1
82,16,754.21,319.62,80.62,102.17,0.99,4,-1,-1
82,18,776.24,83.36,113.69,53.64,0.98,4,-1,-1
82,19,877.51,426.43,157.45,94.17,1.00,4,-1,-1
82,20,832.83,172.22,146.00,68.15,0.98,4,-1,-1
82,21,1017.46,520.61,41.46,73.13,0.31,10,-1,-1
82,27,1071.80,615.66,51.10,71.59,0.88,1,-1,-1
82,29,934.76,323.31,29.44,59.40,0.69,1,-1,-1
83,2,224.33,503.11,127.15,189.30,1.00,4,-1,-1
83,3,311.29,264.63,102.20,156.80,0.84,6,-1,-1
83,4,458.33,263.40,74.69,91.95,1.00,4,-1,-1
83,5,405.52,95.74,54.74,56.49,0.87,4,-1,-1
83,6,445.63,96.86,18.08,40.86,0.81,1,-1,-1
83,7,499.87,16.48,43.99,44.06,1.00,4,-1,-1
83,8,452.79,90.37,18.82,43.18,0.72,1,-1,-1
83,9,549.73,6.29,73.25,90.37,0.90,6,-1,-1
83,10,581.55,431.31,99.60,151.54,1.00,4,-1,-1
83,11,530.52,95.75,72.61,107.67,1.00,6,-1,-1
83,12,717.58,259.08,117.87,83.48,1.00,4,-1,-1
83,13,619.92,96.65,76.97,106.95,0.99,6,-1,-1
83,14,786.21,546.26,230.27,119.38,1.00,4,-1,-1
83,15,701.61,62.22,60.88,81.05,1.00,5,-1,-1
83,16,754.34,338.91,82.15,102.63,0.99,4,-1,-1
83,18,775.54,102.09,112.88,52.98,0.96,4,-1,-1
83,19,879.34,447.16,158.52,94.20,1.00,4,-1,-1
83,20,834.29,191.52,145.49,66.75,0.99,4,-1,-1
83,21,1020.78,542.32,42.25,75.71,0.57,10,-1,-1
83,27,1074.76,641.21,40.13,71.25,0.89,1,-1,-1
83,29,932.49,341.38,30.32,61.47,0.69,1,-1,-1
83,30,1092.86,642.91,32.44,73.43,0.72,1,-1,-1
84,2,221.52,523.62,128.86,193.32,1.00,4,-1,-1
84,3,310.49,283.75,102.75,157.15,0.97,6,-1,-1
84,4,458.65,279.61,74.89,90.91,1.00,4,-1,-1
84,5,405.68,114.26,55.50,56.86,0.75,4,-1,-1
84,6,446.85,115.90,17.37,41.18,0.83,1,-1,-1
84,7,501.21,33.39,43.63,43.89,0.99,4,-1,-1
84,8,453.51,109.83,18.18,43.61,0.71,1,-1,-1
84,9,550.28,8.52,75.48,106.80,0.52,6,-1,-1
84,10,582.14,447.94,98.66,152.42,1.00,4,-1,-1
84,11,531.50,113.30,71.88,108.43,1.00,6,-1,-1
84,12,718.46,278.14,117.44,83.46,1.00,4,-1,-1
84,13,619.91,115.41,77.51,107.36,0.99,6,-1,-1
84,14,788.15,568.82,232.23,120.29,1.00,4,-1,-1
84,15,701.24,80.39,61.86,81.78,1.00,5,-1,-1
84,16,756.25,358.07,79.91,103.43,1.00,4,-1,-1
84,18,776.26,120.73,113.10,52.97,0.97,4,-1,-1
84,19,881.01,468.05,160.01,95.27,0.99,4,-1,-1
84,20,834.42,211.10,145.51,65.81,0.97,4,-1,-1
84,21,1024.64,564.88,41.42,74.42,0.18,10,-1,-1
84,27,1077.39,665.12,43.07,75.62,0.87,1,-1,-1
84,29,930.44,358.61,31.83,63.57,0.61,1,-1,-1
84,31,389.97,0.07,66.81,25.77,0.96,5,-1,-1
85,2,217.92,545.38,130.59,194.87,1.00,4,-1,-1
85,3,309.41,302.99,103.27,158.71,0.65,6,-1,-1
85,4,459.27,296.04,75.01,90.85,1.00,4,-1,-1
85,5,406.65,133.04,55.11,56.31,0.96,4,-1,-1
85,6,447.82,134.44,18.28,42.31,0.81,1,-1,-1
85,7,502.22,50.82,44.09,43.69,0.99,4,-1,-1
85,8,454.01,128.72,17.96,43.65,0.39,1,-1,-1
85,9,552.42,11.23,74.64,121.42,0.77,6,-1,-1
85,10,582.07,464.12,98.91,153.37,1.00,4,-1,-1
85,11,532.41,131.03,71.65,108.83,1.00,6,-1,-1
85,12,719.09,296.94,117.87,84.03,1.00,4,-1,-1
85,13,620.20,134.27,77.74,108.17,1.00,6,-1,-1
85,14,789.48,590.52,235.83,122.34,1.00,4,-1,-1
85,15,701.43,99.40,61.68,81.33,1.00,5,-1,-1
85,16,757.01,377.48,81.34,104.17,0.99,4,-1,-1
85,18,776.59,139.82,112.09,52.27,0.98,4,-1,-1
85,19,883.96,488.25,160.61,96.26,1.00,4,-1,-1
85,20,835.38,229.50,145.26,66.33,0.99,4,-1,-1
85,21,1028.45,586.59,42.25,76.74,0.47,10,-1,-1
85,27,1078.26,689.79,45.07,73.38,0.85,1,-1,-1
85,29,929.27,377.07,32.37,63.54,0.63,1,-1,-1
85,31,391.03,5.89,66.35,37.94,0.99,5,-1,-1
85,32,632.66,0.00,58.91,62.54,0.98,6,-1,-1
85,33,1190.19,393.39,25.61,53.58,0.84,1,-1,-1
86,2,213.43,567.04,133.80,193.16,0.99,4,-1,-1
86,3,308.58,321.94,103.44,159.41,0.88,6,-1,-1
86,4,459.74,311.94,74.49,89.13,1.00,4,-1,-1
86,5,406.16,150.95,58.31,56.95,0.77,4,-1,-1
86,6,448.43,152.46,18.61,43.01,0.82,1,-1,-1
86,7,503.13,67.72,44.26,44.11,0.99,4,-1,-1
86,8,453.31,148.15,18.46,42.82,0.22,1,-1,-1
86,9,552.92,25.16,73.75,125.17,0.59,6,-1,-1
86,10,581.72,480.17,99.57,153.72,1.00,4,-1,-1
86,11,533.29,148.09,71.01,107.71,1.00,6,-1,-1
86,12,719.26,315.34,118.58,84.51,1.00,4,-1,-1
86,13,620.56,152.92,77.81,107.97,0.99,6,-1,-1
86,14,792.14,612.98,238.27,123.09,0.99,4,-1,-1
86,15,702.03,118.41,61.04,81.00,1.00,5,-1,-1
86,16,758.36,396.77,80.73,105.41,0.99,4,-1,-1
86,18,775.82,158.36,113.11,51.87,0.97,4,-1,-1
86,19,886.10,508.51,163.06,97.74,0.99,4,-1,-1
86,20,836.25,248.17,146.27,65.96,0.99,4,-1,-1
86,21,1033.68,607.39,41.43,78.71,0.27,10,-1,-1
86,27,1083.64,715.29,41.34,56.51,0.71,1,-1,-1
86,29,928.24,395.66,32.55,63.70,0.95,1,-1,-1
86,31,391.37,23.56,65.45,38.77,0.99,5,-1,-1
86,32,633.07,11.32,57.60,68.21,0.92,6,-1,-1
86,34,552.41,0.25,38.42,31.39,0.94,4,-1,-1
87,2,209.74,588.94,135.98,181.09,0.99,4,-1,-1
87,3,307.83,340.69,104.02,160.44,0.82,6,-1,-1
87,4,460.24,327.84,74.27,87.61,1.00,4,-1,-1
87,5,406.89,169.53,58.10,56.74,0.87,4,-1,-1
87,6,449.00,171.01,18.16,43.40,0.81,1,-1,-1
87,7,504.36,84.67,44.32,44.61,0.99,4,-1,-1
87,8,452.83,166.52,19.20,44.80,0.59,1,-1,-1
87,9,553.12,42.23,73.98,126.40,0.55,6,-1,-1
87,10,581.60,496.47,99.78,154.37,1.00,4,-1,-1
87,11,533.94,165.12,70.76,106.69,0.99,6,-1,-1
87,12,720.41,334.19,118.23,84.38,1.00,4,-1,-1
87,13,622.41,171.86,76.67,106.79,0.98,6,-1,-1
87,14,794.47,636.02,241.59,122.19,1.00,4,-1,-1
87,15,701.97,136.93,61.34,80.85,1.00,5,-1,-1
87,16,759.95,415.51,81.59,106.53,1.00,4,-1,-1
87,18,775.79,177.19,113.74,51.42,0.98,4,-1,-1
87,19,887.91,529.65,165.04,97.70,0.99,4,-1,-1
87,20,837.08,267.02,146.58,65.52,0.99,4,-1,-1
87,21,1037.71,630.63,42.24,77.75,0.86,10,-1,-1
87,29,928.99,414.47,31.42,63.82,0.91,1,-1,-1
87,31,393.46,42.01,63.93,38.62,0.99,5,-1,-1
87,32,633.51,28.83,58.00,69.06,0.96,6,-1,-1
87,34,553.79,15.97,38.45,33.49,0.95,4,-1,-1
87,35,676.21,0.80,56.35,30.20,0.94,4,-1,-1
88,2,211.23,610.35,131.91,161.97,0.98,4,-1,-1
88,3,305.99,359.52,105.65,162.54,0.98,6,-1,-1
88,4,461.26,344.18,73.64,86.80,1.00,4,-1,-1
88,5,406.90,187.18,59.95,57.67,0.97,4,-1,-1
88,6,449.79,188.65,19.13,44.19,0.91,1,-1,-1
88,7,505.67,102.67,43.78,43.54,0.99,4,-1,-1
88,9,554.34,59.31,73.50,127.29,0.88,6,-1,-1
88,10,581.54,513.11,99.87,154.64,1.00,4,-1,-1
88,11,534.19,182.67,70.69,107.77,0.99,6,-1,-1
88,12,721.43,352.71,118.66,84.91,1.00,4,-1,-1
88,13,622.29,190.66,77.94,105.36,0.74,4,-1,-1
88,14,796.45,659.32,243.95,109.45,0.99,4,-1,-1
88,15,702.56,156.00,60.88,80.38,1.00,5,-1,-1
88,16,760.84,434.96,81.92,107.53,1.00,4,-1,-1
88,18,777.82,196.53,110.88,50.42,0.99,4,-1,-1
88,19,890.84,551.14,165.78,98.26,0.98,4,-1,-1
88,20,837.44,285.51,147.83,65.67,0.98,4,-1,-1
88,21,1042.58,653.49,41.42,78.50,0.84,10,-1,-1
88,29,929.98,433.44,29.81,63.24,0.97,1,-1,-1
88,31,395.08,60.68,63.17,38.32,0.99,5,-1,-1
88,32,633.65,47.21,57.45,69.94,0.97,6,-1,-1
88,34,555.41,34.12,37.80,33.06,0.97,4,-1,-1
88,35,676.36,20.14,55.71,29.46,0.80,4,-1,-1
88,36,432.45,21.63,61.47,30.78,0.70,4,-1,-1
88,37,621.99,190.61,76.84,105.87,0.98,6,-1,-1
88,38,633.94,0.92,58.06,30.30,0.61,4,-1,-1
89,2,210.54,632.13,130.20,139.35,0.96,4,-1,-1
89,3,304.94,378.72,106.55,164.38,0.86,6,-1,-1
89,4,461.64,359.70,73.99,89.08,1.00,4,-1,-1
89,5,408.01,205.75,58.43,56.94,0.95,4,-1,-1
89,6,450.06,205.73,19.49,45.46,0.94,1,-1,-1
89,7,506.96,119.96,43.01,43.40,0.99,4,-1,-1
89,9,555.02,78.22,72.79,126.98,0.94,6,-1,-1
89,10,581.00,530.10,100.48,155.26,1.00,4,-1,-1
89,11,535.11,200.65,69.55,105.40,1.00,6,-1,-1
89,12,722.63,371.16,119.37,85.91,1.00,4,-1,-1
89,13,623.35,207.34,77.29,108.56,0.99,6,-1,-1
89,14,799.72,683.16,241.15,88.43,0.96,4,-1,-1
89,15,703.31,174.70,60.15,80.18,1.00,5,-1,-1
89,16,762.00,453.73,83.17,110.09,1.00,4,-1,-1
89,18,777.97,215.01,111.49,50.89,0.98,4,-1,-1
89,19,894.72,571.72,166.03,101.22,0.99,4,-1,-1
89,20,838.65,304.08,147.15,66.26,0.99,4,-1,-1
89,21,1047.73,674.52,43.39,81.55,0.72,10,-1,-1
89,29,930.95,452.04,28.05,63.53,0.97,1,-1,-1
89,31,395.85,79.46,62.97,37.89,0.99,5,-1,-1
89,32,633.62,66.72,56.62,67.64,0.99,6,-1,-1
89,34,557.92,52.39,38.24,32.96,0.98,4,-1,-1
89,35,676.71,39.87,55.60,28.86,0.87,4,-1,-1
89,36,431.01,40.59,63.57,30.62,0.85,4,-1,-1
89,38,634.72,18.27,55.37,31.81,0.69,4,-1,-1
89,39,505.45,9.50,37.57,44.18,0.61,4,-1,-1
89,40,548.99,0.96,29.03,28.34,0.63,4,-1,-1
89,41,551.12,14.83,33.30,38.10,0.76,4,-1,-1
90,2,207.29,654.22,130.69,116.21,0.97,4,-1,-1
90,3,303.40,398.13,106.88,165.65,0.78,6,-1,-1
90,4,461.89,375.59,74.13,90.24,1.00,4,-1,-1
90,5,407.59,224.30,59.35,56.88,0.98,4,-1,-1
90,6,450.57,223.42,19.63,45.46,0.85,1,-1,-1
90,7,507.57,137.07,43.31,43.64,0.99,4,-1,-1
90,9,555.43,96.02,71.96,126.18,0.89,6,-1,-1
90,10,581.21,546.56,100.72,156.65,0.99,4,-1,-1
90,11,535.60,218.24,69.14,103.96,1.00,6,-1,-1
90,12,723.52,390.05,119.08,86.02,1.00,4,-1,-1
90,13,624.20,226.95,76.48,106.69,0.98,6,-1,-1
90,14,802.76,706.92,245.97,63.98,0.85,4,-1,-1
90,15,702.93,193.02,61.02,80.48,1.00,5,-1,-1
90,16,763.43,473.29,84.20,111.63,1.00,4,-1,-1
90,18,777.10,233.19,113.73,50.52,0.98,4,-1,-1
90,19,896.61,592.82,168.37,102.36,0.99,4,-1,-1
90,20,839.30,322.88,149.43,66.23,0.98,4,-1,-1
90,21,1053.41,696.89,46.35,72.73,0.17,10,-1,-1
90,29,931.26,469.89,28.62,64.19,0.98,1,-1,-1
90,31,397.00,97.45,62.80,38.56,0.93,5,-1,-1
90,32,634.15,85.84,55.73,67.30,0.97,6,-1,-1
90,34,559.52,70.26,35.83,32.15,0.97,4,-1,-1
90,35,676.38,58.19,52.20,29.29,0.73,4,-1,-1
90,36,432.42,58.74,62.53,30.58,0.86,4,-1,-1
90,38,634.49,37.13,53.52,31.35,0.85,4,-1,-1
90,42,582.71,-0.05,35.01,38.39,0.94,6,-1,-1
90,43,631.81,10.05,26.47,24.16,0.67,4,-1,-1
91,2,207.42,676.80,128.88,91.69,0.86,4,-1,-1
91,3,300.44,417.60,108.69,167.62,0.87,6,-1,-1
91,4,461.37,391.86,74.77,91.39,1.00,4,-1,-1
91,5,407.52,241.77,62.07,57.70,0.97,4,-1,-1
91,6,450.98,241.29,19.68,45.72,0.75,1,-1,-1
91,7,508.00,154.12,43.43,43.44,1.00,4,-1,-1
91,9,555.49,114.17,72.83,125.35,0.95,6,-1,-1
91,10,581.00,563.41,100.82,156.58,1.00,4,-1,-1
91,11,536.01,235.44,69.02,103.36,1.00,6,-1,-1
91,12,724.35,408.87,119.53,86.87,1.00,4,-1,-1
91,13,623.03,245.38,77.88,106.21,1.00,6,-1,-1
91,14,805.26,728.55,229.54,40.17,0.23,4,-1,-1
91,15,703.29,211.72,60.79,80.09,1.00,5,-1,-1
91,16,764.76,492.63,85.16,113.84,1.00,4,-1,-1
91,18,778.11,252.32,112.03,49.51,0.99,4,-1,-1
91,19,899.48,614.62,170.35,103.30,0.99,4,-1,-1
91,20,840.31,341.36,148.31,66.20,0.99,4,-1,-1
91,29,932.50,488.30,26.51,64.96,0.98,1,-1,-1
91,31,397.76,116.15,62.62,38.06,0.95,5,-1,-1
91,32,634.88,104.87,54.84,65.94,0.94,6,-1,-1
91,34,560.86,88.02,35.68,31.73,0.98,4,-1,-1
91,35,676.86,77.44,55.14,28.46,0.94,4,-1,-1
91,36,433.12,77.68,62.30,30.21,0.82,4,-1,-1
91,38,634.69,55.57,53.58,31.51,0.92,4,-1,-1
91,42,582.32,14.39,36.41,42.53,0.94,6,-1,-1
91,43,632.14,28.78,27.18,24.11,0.86,4,-1,-1
91,44,508.43,48.96,35.01,41.12,0.63,4,-1,-1
91,45,552.41,53.42,33.30,37.99,0.95,4,-1,-1
91,46,623.27,245.89,78.55,103.31,0.87,4,-1,-1
91,47,635.65,105.23,54.64,64.89,0.91,4,-1,-1
92,2,208.21,685.08,127.16,78.95,0.82,4,-1,-1
92,3,298.26,424.54,112.62,167.28,0.98,6,-1,-1
92,4,461.96,396.35,74.39,90.24,1.00,4,-1,-1
92,5,407.38,250.09,62.07,56.29,0.97,4,-1,-1
92,6,453.37,247.08,19.11,46.91,0.79,1,-1,-1
92,7,508.67,160.07,43.45,43.64,1.00,4,-1,-1
92,9,555.45,127.26,71.96,120.41,0.89,6,-1,-1
92,10,581.04,567.04,100.76,155.34,0.99,4,-1,-1
92,11,536.94,242.33,67.79,100.83,1.00,6,-1,-1
92,12,725.28,416.11,120.16,86.60,1.00,4,-1,-1
92,13,623.61,253.40,77.77,104.28,1.00,6,-1,-1
92,14,808.66,734.81,216.16,29.13,0.24,4,-1,-1
92,15,703.55,219.31,60.65,79.05,1.00,5,-1,-1
92,16,766.39,499.16,85.43,114.06,1.00,4,-1,-1
92,18,778.29,259.50,112.15,49.14,0.98,4,-1,-1
92,19,902.12,622.29,172.07,105.29,1.00,4,-1,-1
92,20,841.27,348.26,147.74,67.32,0.99,4,-1,-1
92,29,932.34,494.00,26.90,65.19,0.98,1,-1,-1
92,31,398.00,124.17,62.54,37.72,0.98,5,-1,-1
92,32,635.00,112.81,55.11,65.34,0.97,6,-1,-1
92,34,562.67,95.97,35.63,31.06,0.96,4,-1,-1
92,35,676.54,85.41,53.55,29.33,0.97,4,-1,-1
92,36,433.23,85.73,62.22,31.06,0.90,4,-1,-1
92,38,635.22,64.28,52.32,31.56,0.77,5,-1,-1
92,42,583.05,22.83,36.01,42.22,0.94,6,-1,-1
92,43,632.67,38.31,26.00,22.98,0.93,4,-1,-1
92,44,508.81,59.53,34.34,38.65,0.77,4,-1,-1
92,45,551.79,61.02,32.63,37.34,0.88,4,-1,-1
92,48,451.23,250.59,17.93,43.12,0.84,1,-1,-1
92,21,1067.11,729.36,42.38,42.06,0.61,10,-1,-1
93,2,209.70,689.11,124.16,72.79,0.81,4,-1,-1
93,3,296.46,426.92,114.74,168.70,1.00,6,-1,-1
93,4,462.05,396.05,74.30,89.25,1.00,4,-1,-1
93,5,407.28,252.22,58.86,55.47,0.98,4,-1,-1
93,6,452.69,251.02,17.77,44.30,0.88,1,-1,-1
93,7,509.60,160.44,42.92,43.01,0.98,4,-1,-1
93,9,555.85,128.22,71.13,120.10,0.93,6,-1,-1
93,10,581.04,566.15,101.38,156.04,1.00,4,-1,-1
93,11,536.86,243.06,67.98,100.52,1.00,6,-1,-1
93,12,725.90,417.95,121.03,86.91,1.00,4,-1,-1
93,13,624.32,254.64,77.79,105.30,1.00,6,-1,-1
93,14,813.45,738.17,203.23,24.91,0.22,4,-1,-1
93,15,704.18,220.64,60.64,78.69,1.00,5,-1,-1
93,16,767.87,502.84,85.02,112.44,1.00,4,-1,-1
93,18,779.21,260.81,112.54,49.01,0.99,4,-1,-1
93,19,904.88,626.10,173.92,106.58,0.99,4,-1,-1
93,20,842.51,350.19,147.32,67.17,0.99,4,-1,-1
93,29,931.83,495.39,28.23,66.40,0.97,1,-1,-1
93,31,398.29,125.60,62.42,37.31,0.98,5,-1,-1
93,32,634.94,112.93,55.86,65.61,0.99,6,-1,-1
93,34,563.70,96.49,36.86,31.16,0.93,4,-1,-1
93,35,676.94,86.46,51.79,29.47,0.97,4,-1,-1
93,36,432.90,87.50,62.71,30.69,0.96,4,-1,-1
93,38,635.61,65.34,51.33,31.73,0.97,4,-1,-1
93,42,583.16,24.06,35.88,41.79,0.92,6,-1,-1
93,43,633.05,39.67,24.92,23.01,0.93,4,-1,-1
93,44,508.46,62.02,34.89,36.82,0.91,4,-1,-1
93,45,551.25,61.74,34.51,38.05,0.91,4,-1,-1
93,48,454.89,249.37,17.95,45.20,0.82,1,-1,-1
93,21,1072.88,734.91,42.52,30.59,0.52,10,-1,-1
94,2,210.77,694.07,121.55,68.28,0.76,4,-1,-1
94,3,295.92,429.51,113.32,170.37,0.93,6,-1,-1
94,4,462.37,395.77,74.29,88.92,1.00,4,-1,-1
94,5,406.97,253.29,59.88,56.04,0.99,4,-1,-1
94,6,453.88,251.26,18.43,46.14,0.87,1,-1,-1
94,7,510.25,160.67,42.73,42.22,1.00,4,-1,-1
94,9,556.32,132.85,70.28,116.03,0.90,6,-1,-1
94,10,581.08,566.25,101.63,155.77,0.99,4,-1,-1
94,11,536.87,243.35,68.07,100.75,1.00,6,-1,-1
94,12,727.04,420.23,121.94,87.19,1.00,4,-1,-1
94,13,624.64,256.24,78.37,105.43,1.00,6,-1,-1
94,14,821.91,743.86,181.92,19.24,0.17,4,-1,-1
94,15,704.78,221.98,61.22,78.58,1.00,5,-1,-1
94,16,769.05,504.85,85.99,114.63,1.00,4,-1,-1
94,18,780.22,262.15,112.72,48.99,0.99,4,-1,-1
94,19,907.10,630.94,175.74,105.97,0.99,4,-1,-1
94,20,843.92,351.65,149.16,67.98,0.99,4,-1,-1
94,29,932.34,496.29,28.73,67.97,0.98,1,-1,-1
94,31,398.23,126.27,62.26,37.17,0.99,5,-1,-1
94,32,635.28,113.64,55.57,65.60,0.98,6,-1,-1
94,34,564.95,96.51,39.65,31.03,0.93,4,-1,-1
94,35,677.76,87.04,52.43,29.90,0.98,4,-1,-1
94,36,432.35,88.40,63.05,30.40,0.92,4,-1,-1
94,38,635.78,66.00,51.05,31.80,0.99,4,-1,-1
94,42,582.91,24.58,36.49,42.19,0.88,6,-1,-1
94,43,633.20,40.06,25.30,22.90,0.94,4,-1,-1
94,44,508.40,61.75,35.06,37.70,0.86,4,-1,-1
94,45,551.45,62.35,34.48,38.19,0.91,4,-1,-1
94,48,451.98,252.49,16.64,44.97,0.33,1,-1,-1
94,49,548.99,48.00,29.88,27.35,0.71,4,-1,-1
94,50,724.44,135.75,76.84,33.51,0.72,4,-1,-1
94,51,1226.05,525.08,23.91,56.35,0.65,1,-1,-1
95,2,209.51,699.99,121.15,62.23,0.66,4,-1,-1
95,3,294.21,431.52,115.23,172.17,0.80,6,-1,-1
95,4,462.69,395.26,74.27,88.76,1.00,4,-1,-1
95,5,406.65,254.09,57.27,56.80,0.98,4,-1,-1
95,6,454.78,252.05,18.10,47.61,0.95,1,-1,-1
95,7,510.64,159.88,42.66,42.48,1.00,4,-1,-1
95,9,556.64,134.30,69.96,114.62,0.96,6,-1,-1
95,10,581.29,565.51,101.70,156.17,0.99,4,-1,-1
95,11,537.03,243.18,68.12,100.25,1.00,6,-1,-1
95,12,727.57,421.97,122.80,88.37,1.00,4,-1,-1
95,13,624.34,257.21,79.13,105.72,1.00,6,-1,-1
95,15,705.40,223.14,60.86,78.23,1.00,5,-1,-1
95,16,771.83,507.54,85.21,115.39,1.00,4,-1,-1
95,18,781.26,263.44,111.90,48.69,0.99,4,-1,-1
95,19,909.92,635.19,176.34,106.20,0.99,4,-1,-1
95,20,845.64,353.08,147.83,68.25,1.00,4,-1,-1
95,29,932.90,497.19,28.92,69.08,0.99,1,-1,-1
95,31,398.24,126.46,61.77,37.54,0.99,5,-1,-1
95,32,634.95,113.67,56.63,66.03,0.99,6,-1,-1
95,34,566.09,96.32,40.10,30.77,0.90,4,-1,-1
95,35,677.59,87.42,54.42,29.71,0.98,4,-1,-1
95,36,432.35,88.82,63.15,30.32,0.96,4,-1,-1
95,38,635.39,65.92,52.19,32.11,0.88,5,-1,-1
95,42,583.01,24.46,36.07,42.18,0.94,6,-1,-1
95,43,633.42,40.30,25.43,22.95,0.93,4,-1,-1
95,44,508.31,61.27,35.09,38.46,0.77,4,-1,-1
95,45,551.11,62.48,34.38,38.28,0.84,4,-1,-1
95,48,451.03,254.61,16.19,44.85,0.12,1,-1,-1
95,49,549.95,48.48,29.23,27.52,0.65,4,-1,-1
95,50,725.23,136.23,75.55,33.53,0.54,4,-1,-1
96,2,211.23,705.14,119.00,57.71,0.63,4,-1,-1
96,3,293.79,434.14,116.45,173.51,0.98,6,-1,-1
96,4,463.80,394.95,74.25,88.71,1.00,4,-1,-1
96,5,407.84,255.60,54.22,56.81,0.97,4,-1,-1
96,6,455.25,253.42,18.54,48.73,0.97,1,-1,-1
96,7,512.35,159.81,42.06,42.44,0.99,4,-1,-1
96,9,558.33,143.98,68.13,105.08,0.94,6,-1,-1
96,10,582.34,565.09,101.70,156.87,0.99,4,-1,-1
96,11,538.38,243.38,68.13,100.95,1.00,6,-1,-1
96,12,729.56,424.96,123.09,88.81,1.00,4,-1,-1
96,13,625.50,259.23,79.96,106.11,1.00,6,-1,-1
96,15,706.91,224.54,61.27,78.10,1.00,5,-1,-1
96,16,774.10,511.72,85.43,115.64,1.00,4,-1,-1
96,18,783.19,264.88,112.14,48.87,0.99,4,-1,-1
96,19,913.54,640.46,177.62,106.26,0.99,4,-1,-1
96,20,848.08,355.85,148.70,68.06,1.00,4,-1,-1
96,29,935.21,499.33,27.85,67.23,0.99,1,-1,-1
96,31,398.39,127.25,62.17,37.26,0.99,5,-1,-1
96,32,636.41,114.87,56.43,65.33,0.99,6,-1,-1
96,34,568.34,96.03,39.68,30.80,0.82,4,-1,-1
96,35,678.81,87.98,55.72,29.67,0.98,4,-1,-1
96,36,432.80,89.27,63.18,30.23,0.91,4,-1,-1
96,38,636.55,66.36,52.01,32.15,0.98,5,-1,-1
96,42,583.75,24.83,35.91,41.97,0.90,6,-1,-1
96,43,634.49,40.62,24.88,23.13,0.88,4,-1,-1
96,44,509.60,60.97,34.46,39.10,0.63,4,-1,-1
96,45,551.70,62.81,34.94,38.21,0.74,4,-1,-1
96,49,550.76,48.96,28.44,26.96,0.87,4,-1,-1
96,50,726.68,136.95,71.99,33.05,0.60,4,-1,-1
96,52,509.29,60.51,35.01,39.38,0.80,6,-1,-1
96,53,572.04,127.00,53.79,43.97,0.80,4,-1,-1
97,2,213.41,710.51,117.08,52.29,0.62,4,-1,-1
97,3,294.87,437.29,116.83,174.47,0.99,6,-1,-1
97,4,466.02,394.21,74.22,89.31,1.00,4,-1,-1
97,5,409.55,257.12,53.08,56.55,0.99,4,-1,-1
97,6,457.57,256.30,18.12,47.49,0.96,1,-1,-1
97,7,515.15,159.18,41.83,42.46,0.99,4,-1,-1
97,9,560.86,133.06,69.75,116.12,0.95,6,-1,-1
97,10,585.06,564.65,101.64,156.06,1.00,4,-1,-1
97,11,540.46,243.50,68.69,101.55,1.00,6,-1,-1
97,12,732.97,427.74,123.16,89.02,1.00,4,-1,-1
97,13,627.82,260.17,80.80,107.16,0.99,6,-1,-1
97,15,709.66,225.41,62.54,79.23,0.99,5,-1,-1
97,16,778.12,516.09,84.91,114.63,1.00,4,-1,-1
97,18,786.38,266.38,113.08,48.72,0.99,4,-1,-1
97,19,917.45,645.55,179.16,106.91,0.99,4,-1,-1
97,20,851.70,358.30,146.75,68.34,0.99,4,-1,-1
97,29,937.04,501.64,28.58,66.48,0.98,1,-1,-1
97,31,400.76,127.55,62.18,37.47,0.99,5,-1,-1
97,32,639.76,115.91,56.35,65.98,1.00,6,-1,-1
97,34,571.63,95.69,37.78,31.24,0.93,4,-1,-1
97,35,681.23,88.25,52.21,29.43,0.98,4,-1,-1
97,36,435.31,89.29,63.05,30.15,0.95,4,-1,-1
97,38,639.81,66.76,51.37,32.11,0.88,5,-1,-1
97,42,586.88,24.98,35.25,42.16,0.73,6,-1,-1
97,43,637.43,40.53,24.70,23.47,0.93,4,-1,-1
97,44,512.31,61.37,33.62,39.10,0.84,4,-1,-1
97,45,553.87,62.98,35.70,37.97,0.80,4,-1,-1
97,49,552.28,48.33,29.52,27.21,0.76,4,-1,-1
97,50,728.64,137.37,70.78,32.73,0.84,4,-1,-1
97,54,584.85,96.48,50.37,58.70,0.61,6,-1,-1
98,2,211.29,714.79,119.58,48.49,0.53,4,-1,-1
98,3,295.83,439.83,117.51,174.78,1.00,6,-1,-1
98,4,468.75,393.69,74.22,89.54,1.00,4,-1,-1
98,5,411.40,257.93,52.25,57.02,0.98,4,-1,-1
98,6,459.17,258.37,18.54,46.98,0.97,1,-1,-1
98,7,517.79,158.96,42.33,42.46,0.99,4,-1,-1
98,9,563.99,129.63,70.35,119.18,0.95,6,-1,-1
98,10,587.73,564.81,101.06,155.17,0.99,4,-1,-1
98,11,542.01,243.26,70.05,102.36,1.00,6,-1,-1
98,12,736.14,430.13,123.74,90.21,1.00,4,-1,-1
98,13,631.15,261.46,79.99,107.55,0.99,6,-1,-1
98,15,712.59,226.68,62.45,79.38,1.00,5,-1,-1
98,16,781.51,518.22,85.27,117.03,1.00,4,-1,-1
98,18,788.90,266.87,115.42,50.09,0.99,4,-1,-1
98,19,922.18,651.26,180.84,106.56,0.99,4,-1,-1
98,20,855.22,359.72,150.56,69.85,0.99,4,-1,-1
98,29,938.25,503.86,29.98,66.18,0.98,1,-1,-1
98,31,401.97,127.77,63.20,37.55,1.00,5,-1,-1
98,32,642.62,116.25,56.32,65.94,0.99,6,-1,-1
98,34,575.28,95.15,38.21,31.58,0.84,4,-1,-1
98,35,684.01,88.40,51.43,29.44,0.97,4,-1,-1
98,36,436.57,89.32,64.30,30.34,0.94,4,-1,-1
98,38,641.46,67.57,52.91,30.94,0.63,5,-1,-1
98,42,589.36,24.68,35.62,42.91,0.94,6,-1,-1
98,43,639.82,40.60,25.24,23.45,0.93,4,-1,-1
98,44,514.33,61.61,34.53,38.79,0.90,4,-1,-1
98,45,556.61,63.27,35.37,37.13,0.81,4,-1,-1
98,49,555.18,48.56,28.59,27.22,0.74,4,-1,-1
98,50,731.00,137.76,71.83,33.44,0.44,4,-1,-1
98,54,588.86,98.03,47.68,45.75,0.55,4,-1,-1
99,2,209.92,720.08,122.23,43.18,0.37,4,-1,-1
99,3,296.84,441.92,117.20,177.66,0.90,6,-1,-1
99,4,471.08,393.44,74.24,89.20,0.99,4,-1,-1
99,5,413.10,259.24,51.98,56.91,0.98,4,-1,-1
99,6,462.21,260.42,18.13,46.21,0.94,1,-1,-1
99,7,520.62,158.78,41.96,42.18,0.99,4,-1,-1
99,9,566.43,128.05,70.61,121.73,0.97,6,-1,-1
99,10,590.35,564.93,100.86,154.82,0.98,4,-1,-1
99,11,544.73,243.62,70.02,102.67,1.00,6,-1,-1
99,12,739.47,433.10,124.52,89.92,1.00,4,-1,-1
99,13,633.70,262.63,80.25,108.53,1.00,6,-1,-1
99,15,715.27,227.54,62.99,80.28,1.00,5,-1,-1
99,16,785.21,522.04,85.42,117.90,1.00,4,-1,-1
99,18,792.83,268.15,113.78,50.59,0.99,4,-1,-1
99,19,926.65,656.39,182.57,105.81,0.98,4,-1,-1
99,20,858.40,361.46,152.82,70.67,0.99,4,-1,-1
99,29,939.22,506.63,31.63,65.48,0.99,1,-1,-1
99,31,404.68,128.07,63.17,37.71,1.00,5,-1,-1
99,32,644.68,116.63,56.89,66.78,1.00,6,-1,-1
99,34,579.30,94.78,37.80,32.11,0.79,4,-1,-1
99,35,686.62,88.53,49.43,29.68,0.97,4,-1,-1
99,36,438.90,89.66,64.19,29.93,0.88,4,-1,-1
99,38,644.22,67.14,52.34,31.95,0.93,5,-1,-1
99,42,591.55,24.43,36.34,43.53,0.96,6,-1,-1
99,43,642.28,40.44,26.03,23.75,0.92,4,-1,-1
99,44,516.37,61.71,35.45,39.18,0.94,4,-1,-1
99,45,558.91,62.30,35.82,38.75,0.71,4,-1,-1
99,49,557.53,49.31,28.88,28.07,0.74,4,-1,-1
99,50,733.48,139.02,69.72,33.21,0.62,4,-1,-1
99,54,591.70,97.76,48.50,48.75,0.20,6,-1,-1
99,55,577.17,127.43,56.35,58.06,0.62,4,-1,-1
100,2,210.70,726.17,122.87,37.42,0.37,4,-1,-1
100,3,298.46,444.52,117.30,178.70,0.97,6,-1,-1
100,4,473.96,393.04,73.67,89.35,1.00,4,-1,-1
100,5,415.78,261.06,51.31,56.29,0.93,4,-1,-1
100,6,465.35,260.96,17.40,46.76,0.98,1,-1,-1
100,7,523.95,158.91,41.25,41.22,0.99,4,-1,-1
100,9,569.62,145.60,69.00,103.96,0.90,6,-1,-1
100,10,592.47,564.35,101.33,155.24,0.98,4,-1,-1
100,11,547.47,243.85,69.42,101.65,0.99,6,-1,-1
100,12,743.23,435.79,124.78,90.63,1.00,4,-1,-1
100,13,636.36,263.70,80.88,109.44,1.00,6,-1,-1
100,15,718.80,228.93,62.05,79.48,0.98,5,-1,-1
100,16,789.35,525.86,86.30,119.87,1.00,4,-1,-1
100,18,796.54,269.97,114.24,50.21,0.99,4,-1,-1
100,19,931.59,662.32,184.27,102.09,0.96,4,-1,-1
100,20,862.35,363.29,154.76,70.97,0.99,4,-1,-1
100,29,941.78,509.26,31.15,65.19,0.99,1,-1,-1
100,31,407.16,128.41,63.15,38.06,1.00,5,-1,-1
100,32,647.72,117.29,57.10,66.24,1.00,6,-1,-1
100,34,582.76,94.33,37.64,32.52,0.75,4,-1,-1
100,35,689.58,89.10,51.05,29.70,0.98,4,-1,-1
100,36,442.67,89.84,62.99,29.74,0.95,4,-1,-1
100,38,647.83,67.50,51.54,32.23,0.88,5,-1,-1
100,42,595.24,25.05,36.03,43.26,0.96,6,-1,-1
100,43,645.77,40.94,25.18,23.37,0.92,4,-1,-1
100,44,519.73,61.73,34.62,39.16,0.92,4,-1,-1
100,45,560.93,61.98,36.54,39.32,0.86,6,-1,-1
100,49,560.75,50.06,28.98,27.67,0.94,4,-1,-1
100,50,737.33,139.79,72.74,32.82,0.72,4,-1,-1
100,54,596.06,98.59,46.74,43.25,0.26,6,-1,-1
100,55,581.90,127.85,53.66,48.56,0.90,4,-1,-1
100,56,565.21,25.11,38.42,20.54,0.71,4,-1,-1
101,2,209.69,730.23,124.90,33.51,0.31,4,-1,-1
101,3,300.24,447.07,117.01,179.59,0.97,6,-1,-1
101,4,476.71,392.75,74.02,88.98,0.99,4,-1,-1
101,5,418.92,262.24,50.65,56.05,0.92,4,-1,-1
101,6,468.20,261.51,17.71,47.52,0.99,1,-1,-1
101,7,527.43,158.10,41.56,41.58,0.99,4,-1,-1
101,9,573.05,139.65,68.96,110.67,0.84,6,-1,-1
101,10,594.94,563.83,102.07,155.39,0.98,4,-1,-1
101,11,551.03,243.91,68.63,101.56,1.00,6,-1,-1
101,12,747.13,438.25,124.85,91.31,1.00,4,-1,-1
101,13,639.31,265.30,81.11,109.49,1.00,6,-1,-1
101,15,722.36,229.81,62.24,79.45,1.00,5,-1,-1
101,16,793.66,529.99,86.61,121.15,1.00,4,-1,-1
101,18,799.87,271.01,115.82,50.07,0.98,4,-1,-1
101,19,936.15,667.48,185.98,97.79,0.94,4,-1,-1
101,20,866.60,365.58,154.34,71.36,0.99,4,-1,-1
101,29,943.28,511.87,33.19,66.21,0.99,1,-1,-1
101,31,411.06,128.84,63.00,37.76,0.99,5,-1,-1
101,32,651.39,118.19,56.03,66.61,0.99,6,-1,-1
101,34,586.84,94.21,37.57,32.32,0.50,4,-1,-1
101,35,692.94,89.84,55.06,29.35,0.98,4,-1,-1
101,36,444.91,90.14,63.68,29.97,0.92,4,-1,-1
101,38,650.85,68.15,52.40,32.13,0.82,5,-1,-1
101,42,598.02,25.20,35.90,43.49,0.96,6,-1,-1
101,43,649.04,40.97,24.85,23.14,0.93,4,-1,-1
101,44,522.69,61.78,34.88,39.29,0.87,4,-1,-1
101,45,563.96,61.94,36.79,40.31,0.74,8,-1,-1
101,49,565.12,50.73,27.83,27.83,0.83,4,-1,-1
101,50,740.99,140.24,72.58,32.54,0.74,4,-1,-1
101,55,585.31,128.00,53.81,51.83,0.82,4,-1,-1
101,56,565.58,25.90,37.77,19.30,0.94,4,-1,-1
101,57,563.93,62.22,36.71,39.81,0.72,6,-1,-1
101,58,1267.89,552.83,27.32,59.77,0.64,1,-1,-1
102,2,214.32,733.81,122.21,30.07,0.16,4,-1,-1
102,3,301.87,449.17,118.88,180.99,0.99,6,-1,-1
102,4,479.92,392.45,74.16,88.83,1.00,4,-1,-1
102,5,421.55,262.27,52.02,57.38,0.94,4,-1,-1
102,6,470.86,262.44,17.83,47.52,0.98,1,-1,-1
102,7,531.43,157.36,41.12,42.14,1.00,4,-1,-1
102,9,576.75,157.31,66.70,93.00,0.72,6,-1,-1
102,10,597.22,563.70,102.36,154.86,1.00,4,-1,-1
102,11,554.23,243.83,68.92,102.09,1.00,6,-1,-1
102,12,750.74,440.82,126.00,92.09,1.00,4,-1,-1
102,13,642.58,266.88,81.20,109.20,1.00,6,-1,-1
102,15,725.84,230.69,62.32,80.00,1.00,5,-1,-1
102,16,797.14,533.73,87.58,122.15,1.00,4,-1,-1
102,18,803.83,272.79,115.85,49.71,0.99,4,-1,-1
102,19,941.68,673.23,186.59,92.70,0.96,4,-1,-1
102,20,870.90,368.23,151.89,71.89,0.99,4,-1,-1
102,29,947.14,514.48,31.76,66.58,0.98,1,-1,-1
102,31,413.24,129.39,64.09,37.78,1.00,5,-1,-1
102,32,654.90,118.60,56.78,66.74,1.00,6,-1,-1
102,34,591.02,93.92,38.13,32.09,0.88,4,-1,-1
102,35,696.33,90.33,54.88,29.00,0.97,4,-1,-1
102,36,448.19,90.75,63.94,29.94,0.95,4,-1,-1
102,38,654.12,68.69,52.72,31.22,0.82,5,-1,-1
102,42,601.76,25.72,35.29,43.60,0.83,6,-1,-1
102,43,652.10,41.32,25.32,23.48,0.95,4,-1,-1
102,44,525.94,62.16,34.41,39.33,0.94,4,-1,-1
102,45,567.53,62.42,36.30,39.33,0.83,4,-1,-1
102,49,568.60,51.39,27.41,27.51,0.29,4,-1,-1
102,50,743.92,140.31,71.36,33.17,0.41,4,-1,-1
102,55,588.04,127.69,54.50,52.93,0.70,4,-1,-1
102,56,563.76,26.06,39.64,18.96,0.86,4,-1,-1
103,2,223.28,738.53,114.98,25.44,0.15,4,-1,-1
103,3,303.91,451.54,119.84,181.52,0.99,6,-1,-1
103,4,483.52,391.78,73.65,88.80,1.00,4,-1,-1
103,5,424.25,263.75,51.25,56.76,0.99,4,-1,-1
103,6,473.70,263.56,17.87,47.80,0.98,1,-1,-1
103,7,534.78,156.56,41.53,42.22,0.99,4,-1,-1
103,9,580.00,141.26,68.75,109.92,0.83,6,-1,-1
103,10,600.76,563.41,102.46,154.13,1.00,4,-1,-1
103,11,557.86,244.06,68.46,100.90,1.00,6,-1,-1
103,12,754.23,443.43,126.99,92.97,1.00,4,-1,-1
103,13,645.95,267.84,82.35,110.52,1.00,6,-1,-1
103,15,729.31,231.67,62.35,80.79,1.00,5,-1,-1
103,16,802.24,537.61,86.81,121.96,1.00,4,-1,-1
103,18,807.19,273.69,117.84,50.17,0.99,4,-1,-1
103,19,946.41,678.98,189.03,86.80,0.97,4,-1,-1
103,20,875.22,370.89,152.09,72.11,0.99,4,-1,-1
103,29,950.81,517.43,31.15,66.72,0.98,1,-1,-1
103,31,414.37,129.79,65.77,37.66,1.00,5,-1,-1
103,32,657.54,118.48,57.63,67.37,0.98,6,-1,-1
103,34,595.58,93.51,37.77,31.77,0.83,4,-1,-1
103,35,700.36,90.59,55.93,29.38,0.98,4,-1,-1
103,36,451.29,90.89,64.60,29.87,0.93,4,-1,-1
103,38,657.81,68.89,52.85,31.54,0.96,5,-1,-1
103,42,605.93,26.22,33.91,42.70,0.85,6,-1,-1
103,43,655.44,41.74,25.49,23.08,0.94,4,-1,-1
103,44,529.04,62.02,35.38,39.64,0.91,4,-1,-1
103,45,570.77,62.95,36.67,40.01,0.86,4,-1,-1
103,49,572.37,51.33,27.27,27.67,0.82,4,-1,-1
103,50,747.79,140.36,73.87,34.14,0.67,4,-1,-1
103,55,591.91,127.59,54.71,50.29,0.67,4,-1,-1
103,56,561.54,25.23,41.55,19.60,0.86,4,-1,-1
103,59,570.76,62.59,36.71,41.20,0.70,6,-1,-1
103,60,570.76,62.91,36.71,40.98,0.87,4,-1,-1
103,61,729.14,120.71,14.51,30.74,0.73,1,-1,-1
103,62,1292.65,599.36,49.52,46.10,0.63,10,-1,-1
104,3,308.17,453.68,119.82,182.78,0.99,6,-1,-1
104,4,489.69,391.53,72.86,87.94,1.00,4,-1,-1
104,5,429.85,264.54,51.24,57.37,0.90,4,-1,-1
104,6,479.04,264.93,18.44,47.60,0.97,1,-1,-1
104,7,540.88,155.81,41.67,42.82,0.99,4,-1,-1
104,9,585.50,145.98,68.89,104.70,0.71,6,-1,-1
104,10,606.29,562.99,101.87,153.84,0.99,4,-1,-1
104,11,563.77,244.16,68.83,101.30,1.00,6,-1,-1
104,12,760.53,446.33,127.57,93.84,1.00,4,-1,-1
104,13,652.59,269.46,81.61,111.00,1.00,6,-1,-1
104,15,735.68,232.91,62.89,81.36,1.00,5,-1,-1
104,16,808.55,540.67,88.44,125.22,1.00,4,-1,-1
104,18,814.05,275.75,118.25,49.51,0.99,4,-1,-1
104,19,953.88,685.83,189.85,80.01,0.94,4,-1,-1
104,20,882.67,372.87,152.10,73.17,0.99,4,-1,-1
104,29,956.31,520.50,30.89,66.75,0.98,1,-1,-1
104,31,419.12,130.08,66.38,37.91,0.99,5,-1,-1
104,32,663.92,119.25,56.79,66.90,1.00,6,-1,-1
104,34,602.66,93.50,39.90,32.22,0.76,4,-1,-1
104,35,706.13,91.21,54.62,29.49,0.98,4,-1,-1
104,36,457.92,91.71,63.70,29.03,0.92,4,-1,-1
104,38,664.32,69.74,52.31,31.23,0.96,5,-1,-1
104,42,612.34,26.32,33.97,42.93,0.97,6,-1,-1
104,43,661.82,42.22,24.98,22.60,0.95,4,-1,-1
104,44,535.66,62.98,34.58,38.25,0.91,4,-1,-1
104,45,576.57,63.52,36.21,39.20,0.67,4,-1,-1
104,49,577.17,59.59,33.08,35.53,0.86,8,-1,-1
104,50,754.62,142.16,69.59,32.65,0.80,4,-1,-1
104,55,597.86,128.47,54.12,49.45,0.84,4,-1,-1
105,3,309.83,456.18,120.99,184.35,1.00,6,-1,-1
105,4,493.73,391.64,73.17,87.48,1.00,4,-1,-1
105,5,433.64,265.23,52.41,57.59,0.96,4,-1,-1
105,6,483.03,265.97,19.23,47.53,0.95,1,-1,-1
105,7,545.40,155.37,41.75,42.90,1.00,4,-1,-1
105,9,590.65,158.46,66.73,92.50,0.69,6,-1,-1
105,10,609.60,562.61,101.14,153.74,0.98,4,-1,-1
105,11,567.69,244.17,69.01,100.61,1.00,6,-1,-1
105,12,764.96,449.00,128.39,94.71,1.00,4,-1,-1
105,13,656.81,269.84,81.92,112.86,1.00,6,-1,-1
105,15,740.37,233.83,63.13,81.86,1.00,5,-1,-1
105,16,813.84,545.07,89.37,124.75,1.00,4,-1,-1
105,18,819.51,277.39,118.15,50.09,0.99,4,-1,-1
105,19,959.37,692.16,193.54,73.46,0.84,4,-1,-1
105,20,888.66,375.45,152.13,72.42,0.99,4,-1,-1
105,29,960.54,522.94,30.81,67.33,0.99,1,-1,-1
105,31,423.53,130.43,66.49,37.99,1.00,5,-1,-1
105,32,668.87,119.50,57.06,67.72,0.99,6,-1,-1
105,34,608.10,93.25,41.25,32.42,0.72,4,-1,-1
105,35,711.13,91.64,55.25,29.63,0.98,4,-1,-1
105,36,462.06,91.41,63.37,30.26,0.92,4,-1,-1
105,38,669.30,70.23,52.13,30.61,0.76,5,-1,-1
105,42,616.69,26.41,34.59,43.11,0.97,6,-1,-1
105,43,666.75,42.32,24.80,23.01,0.97,4,-1,-1
105,44,539.51,62.70,34.87,39.37,0.91,4,-1,-1
105,45,581.00,63.70,36.62,39.09,0.35,4,-1,-1
105,49,581.25,54.88,30.28,31.08,0.93,4,-1,-1
105,50,759.76,142.28,73.26,32.93,0.72,4,-1,-1
105,55,602.06,128.61,54.53,49.95,0.90,4,-1,-1
106,3,310.87,458.18,123.66,186.55,0.98,6,-1,-1
106,4,497.42,390.99,72.73,87.72,1.00,4,-1,-1
106,5,436.69,266.18,52.85,57.95,0.96,4,-1,-1
106,6,486.41,267.74,18.98,46.92,0.96,1,-1,-1
106,7,549.51,155.32,41.78,42.21,0.99,4,-1,-1
106,9,594.42,157.10,67.65,94.85,0.79,6,-1,-1
106,10,611.89,562.45,102.00,153.68,0.99,4,-1,-1
106,11,571.60,244.32,69.08,99.77,1.00,6,-1,-1
106,12,769.30,451.87,128.95,95.55,1.00,4,-1,-1
106,13,660.53,271.63,82.03,112.69,1.00,6,-1,-1
106,15,744.24,234.84,63.21,82.02,1.00,5,-1,-1
106,16,818.21,548.82,89.14,125.05,1.00,4,-1,-1
106,18,824.22,278.79,117.24,50.58,0.99,4,-1,-1
106,19,966.58,698.83,193.76,66.45,0.80,4,-1,-1
106,20,893.27,377.86,152.12,72.79,0.99,4,-1,-1
106,29,963.97,525.69,30.78,67.52,0.99,1,-1,-1
106,31,427.65,131.08,65.38,37.72,1.00,5,-1,-1
106,32,672.56,120.65,57.16,67.58,1.00,6,-1,-1
106,34,613.36,93.15,40.65,32.17,0.58,4,-1,-1
106,35,714.83,92.08,53.22,30.10,0.99,4,-1,-1
106,36,465.49,91.79,63.81,29.88,0.94,4,-1,-1
106,38,673.00,70.59,52.07,30.95,0.94,5,-1,-1
106,42,620.15,26.53,34.83,43.25,0.97,6,-1,-1
106,43,670.71,42.66,24.74,22.97,0.98,4,-1,-1
106,44,543.39,62.81,34.97,40.20,0.72,4,-1,-1
106,45,584.51,63.65,36.76,40.10,0.80,4,-1,-1
106,49,586.05,53.32,28.37,28.58,0.53,4,-1,-1
106,50,763.22,142.74,72.84,33.17,0.55,4,-1,-1
106,55,607.27,128.45,53.47,46.82,0.78,4,-1,-1
107,3,311.02,460.87,123.30,187.88,0.99,6,-1,-1
107,4,498.65,390.76,72.59,87.23,1.00,4,-1,-1
107,5,437.79,267.49,52.34,57.50,0.95,4,-1,-1
107,6,487.20,269.06,18.89,46.68,0.97,1,-1,-1
107,7,551.10,154.92,41.81,41.80,1.00,4,-1,-1
107,9,595.89,162.29,67.45,89.64,0.85,6,-1,-1
107,10,612.66,562.08,101.80,153.64,0.99,4,-1,-1
107,11,572.58,244.33,69.14,99.74,1.00,6,-1,-1
107,12,771.07,454.75,129.74,95.82,1.00,4,-1,-1
107,13,661.74,272.90,82.66,113.43,1.00,6,-1,-1
107,15,745.77,235.93,63.83,82.06,1.00,5,-1,-1
107,16,820.00,552.28,90.77,126.80,1.00,4,-1,-1
107,18,826.08,280.14,118.03,50.44,0.99,4,-1,-1
107,19,968.91,703.73,193.81,61.14,0.69,4,-1,-1
107,20,895.66,380.13,152.14,72.74,0.99,4,-1,-1
107,29,964.89,527.63,31.92,68.71,0.99,1,-1,-1
107,31,430.25,131.64,63.97,37.61,1.00,5,-1,-1
107,32,674.56,120.70,56.66,67.09,0.99,6,-1,-1
107,34,615.33,92.48,42.11,32.63,0.56,4,-1,-1
107,35,716.26,92.30,53.02,29.94,0.98,4,-1,-1
107,36,466.81,92.32,63.99,29.51,0.94,4,-1,-1
107,38,674.42,70.66,52.62,30.77,0.95,5,-1,-1
107,42,621.47,26.17,35.50,43.51,0.97,6,-1,-1
107,43,672.51,42.49,24.72,22.97,0.97,4,-1,-1
107,44,544.60,63.00,35.02,40.22,0.82,4,-1,-1
107,45,585.59,63.70,36.82,40.40,0.77,4,-1,-1
107,49,586.73,52.20,28.25,27.48,0.85,4,-1,-1
107,50,765.15,143.08,74.97,33.24,0.84,4,-1,-1
107,55,608.40,129.01,53.10,47.19,0.86,4,-1,-1
107,63,488.80,262.76,18.78,43.12,0.64,1,-1,-1
108,3,308.95,463.23,125.10,190.00,0.96,6,-1,-1
108,4,498.30,390.42,73.12,87.33,1.00,4,-1,-1
108,5,436.71,268.81,52.86,57.32,0.99,4,-1,-1
108,6,486.98,270.23,18.85,46.30,0.97,1,-1,-1
108,7,551.43,153.46,41.82,42.64,0.99,4,-1,-1
108,9,595.63,142.86,69.67,109.79,0.75,6,-1,-1
108,10,612.74,561.39,101.73,153.61,0.99,4,-1,-1
108,11,572.14,244.20,69.73,100.58,1.00,6,-1,-1
108,12,771.75,457.43,130.58,96.45,1.00,4,-1,-1
108,13,661.66,274.32,83.46,113.39,1.00,6,-1,-1
108,15,746.37,236.73,64.05,82.62,1.00,5,-1,-1
108,16,821.80,554.86,90.82,129.10,1.00,4,-1,-1
108,18,827.06,280.87,119.16,51.24,0.99,4,-1,-1
108,19,970.87,708.75,193.76,55.87,0.76,4,-1,-1
108,20,897.12,382.30,152.13,72.70,0.99,4,-1,-1
108,29,964.71,529.11,32.35,70.82,0.98,1,-1,-1
108,31,430.15,131.93,64.01,37.56,1.00,5,-1,-1
108,32,674.77,121.34,57.03,67.32,1.00,6,-1,-1
108,34,616.06,92.32,43.75,32.38,0.47,4,-1,-1
108,35,716.25,92.13,53.52,30.48,0.98,4,-1,-1
108,36,467.07,92.56,64.05,29.11,0.97,4,-1,-1
108,38,674.41,70.74,52.84,30.78,0.77,5,-1,-1
108,42,621.43,25.92,35.76,43.93,0.98,6,-1,-1
108,43,672.64,42.00,24.72,23.36,0.96,4,-1,-1
108,44,544.52,63.41,35.04,39.57,0.86,4,-1,-1
108,45,585.18,62.57,36.83,41.91,0.77,4,-1,-1
108,49,587.03,51.81,27.64,27.15,0.84,4,-1,-1
108,50,764.75,143.54,74.63,33.83,0.88,4,-1,-1
108,55,605.94,129.71,55.90,60.01,0.72,4,-1,-1
108,64,585.28,61.95,36.71,42.58,0.84,6,-1,-1
108,54,624.15,103.11,43.61,39.11,0.69,4,-1,-1
109,3,307.16,466.66,126.34,190.75,1.00,6,-1,-1
109,4,498.52,389.81,73.33,87.66,1.00,4,-1,-1
109,5,436.08,269.47,54.48,58.38,0.99,4,-1,-1
109,6,486.95,270.97,18.84,46.73,0.98,1,-1,-1
109,7,552.14,153.12,41.27,42.25,0.99,4,-1,-1
109,9,596.11,134.90,69.95,118.02,0.76,6,-1,-1
109,10,613.44,561.20,101.15,153.60,0.99,4,-1,-1
109,11,572.58,244.20,69.41,101.47,1.00,6,-1,-1
109,12,772.91,460.08,131.17,97.21,1.00,4,-1,-1
109,13,661.96,275.28,83.77,114.20,1.00,6,-1,-1
109,15,747.19,237.59,64.15,83.38,1.00,5,-1,-1
109,16,823.38,558.83,90.55,129.38,1.00,4,-1,-1
109,18,828.59,282.25,118.46,50.95,0.97,4,-1,-1
109,19,975.05,714.78,192.58,49.36,0.32,4,-1,-1
109,20,898.83,384.62,153.27,72.51,0.99,4,-1,-1
109,29,966.43,531.29,31.40,71.06,0.98,1,-1,-1
109,31,429.56,132.43,64.03,37.82,0.99,5,-1,-1
109,32,674.87,121.30,57.75,68.82,1.00,6,-1,-1
109,34,617.44,91.67,43.28,32.84,0.62,4,-1,-1
109,35,716.84,92.11,53.71,30.99,0.99,4,-1,-1
109,36,466.63,92.90,64.64,29.32,0.92,4,-1,-1
109,38,674.14,70.75,53.49,31.42,0.81,5,-1,-1
109,42,621.71,25.82,35.86,43.98,0.93,6,-1,-1
109,43,672.70,41.98,25.30,23.26,0.96,4,-1,-1
109,44,544.80,63.43,35.05,39.82,0.85,4,-1,-1
109,45,585.06,61.91,36.83,42.33,0.75,4,-1,-1
109,49,586.88,51.73,27.41,27.17,0.76,4,-1,-1
109,50,765.20,144.07,71.65,33.90,0.88,4,-1,-1
109,55,606.22,130.00,55.78,59.90,0.81,4,-1,-1
109,54,623.82,102.94,44.13,38.53,0.34,4,-1,-1
110,3,305.41,468.98,127.32,193.25,0.99,6,-1,-1
110,4,498.88,389.75,72.84,87.37,1.00,4,-1,-1
110,5,435.87,270.66,54.80,58.78,0.99,4,-1,-1
110,6,486.68,271.76,19.40,47.74,0.98,1,-1,-1
110,7,552.99,152.94,40.48,41.67,1.00,4,-1,-1
110,9,596.60,133.22,70.05,120.49,0.89,6,-1,-1
110,10,613.41,561.17,101.49,153.61,0.99,4,-1,-1
110,11,573.05,243.92,69.84,101.82,1.00,6,-1,-1
110,12,774.45,462.15,131.36,98.62,1.00,4,-1,-1
110,13,662.93,276.74,83.29,114.22,1.00,6,-1,-1
110,15,748.08,238.46,64.73,83.96,1.00,5,-1,-1
110,16,824.77,563.08,91.83,130.01,1.00,4,-1,-1
110,18,830.30,283.46,119.30,51.14,0.98,4,-1,-1
110,19,978.21,720.88,193.20,43.12,0.12,4,-1,-1
110,20,900.57,386.44,153.68,72.59,0.99,4,-1,-1
110,29,968.24,533.22,29.86,71.69,0.98,1,-1,-1
110,31,429.52,132.73,63.89,38.07,0.99,5,-1,-1
110,32,675.22,121.57,58.01,68.82,1.00,6,-1,-1
110,34,618.81,91.44,41.93,32.45,0.74,4,-1,-1
110,35,717.09,92.59,53.78,30.69,0.99,4,-1,-1
110,36,467.35,93.00,63.73,29.55,0.95,4,-1,-1
110,38,674.07,71.07,54.29,31.32,0.91,5,-1,-1
110,42,621.86,25.94,35.89,44.23,0.97,6,-1,-1
110,43,672.76,42.30,25.51,23.05,0.97,4,-1,-1
110,44,544.95,63.50,35.05,39.91,0.71,4,-1,-1
110,45,584.78,60.74,37.39,44.24,0.92,4,-1,-1
110,49,587.74,51.69,26.75,26.97,0.41,4,-1,-1
110,50,765.97,144.99,70.50,33.37,0.92,4,-1,-1
110,55,606.67,130.52,55.13,57.59,0.65,4,-1,-1
110,54,623.46,103.71,44.86,38.50,0.81,4,-1,-1
111,3,304.03,471.92,128.17,194.10,0.98,6,-1,-1
111,4,499.45,389.40,72.63,87.24,1.00,4,-1,-1
111,5,436.13,271.04,55.88,60.04,0.98,4,-1,-1
111,6,486.74,272.41,19.60,48.67,0.98,1,-1,-1
111,7,553.43,152.34,40.76,41.88,0.99,4,-1,-1
111,9,597.19,132.38,70.62,122.72,0.73,6,-1,-1
111,10,613.51,560.78,101.57,153.58,0.99,4,-1,-1
111,11,573.37,243.94,70.54,102.21,1.00,6,-1,-1
111,12,775.91,464.74,131.64,99.11,1.00,4,-1,-1
111,13,663.40,277.36,83.63,115.03,1.00,6,-1,-1
111,15,748.77,239.46,64.92,83.86,1.00,5,-1,-1
111,16,827.27,566.15,91.41,131.30,1.00,4,-1,-1
111,18,831.53,284.28,120.69,52.05,0.98,4,-1,-1
111,19,981.00,725.52,194.47,38.29,0.18,4,-1,-1
111,20,902.90,388.85,152.64,72.18,0.99,4,-1,-1
111,29,970.07,534.92,29.27,69.64,0.97,1,-1,-1
111,31,428.99,133.11,64.53,38.72,0.99,5,-1,-1
111,32,675.73,121.96,58.65,69.36,1.00,6,-1,-1
111,34,619.98,91.14,40.81,31.62,0.74,4,-1,-1
111,35,717.85,92.87,56.06,30.85,0.99,4,-1,-1
111,36,467.52,93.08,63.93,29.60,0.90,4,-1,-1
111,38,674.72,71.15,54.01,31.91,0.95,5,-1,-1
111,42,621.76,25.23,37.02,45.47,0.95,6,-1,-1
111,43,672.61,42.63,26.15,22.94,0.97,4,-1,-1
111,44,545.16,63.45,35.60,40.07,0.58,4,-1,-1
111,45,584.82,61.11,37.58,43.83,0.84,4,-1,-1
111,49,588.48,51.86,25.92,27.10,0.30,4,-1,-1
111,50,766.61,145.55,71.79,33.73,0.93,4,-1,-1
111,55,607.55,130.59,54.28,54.15,0.69,4,-1,-1
111,54,624.31,104.22,43.97,38.64,0.76,4,-1,-1
111,65,544.72,62.97,36.71,40.77,0.65,6,-1,-1
111,66,1287.52,565.21,52.94,43.54,0.68,10,-1,-1
112,3,302.51,475.05,128.22,197.21,0.98,6,-1,-1
112,4,499.48,389.09,73.15,87.50,1.00,4,-1,-1
112,5,435.90,271.35,57.84,61.36,0.96,4,-1,-1
112,6,486.58,274.23,19.68,48.75,0.97,1,-1,-1
112,7,554.26,151.95,40.31,41.82,0.98,4,-1,-1
112,9,597.24,131.17,70.29,124.10,0.91,6,-1,-1
112,10,614.00,560.78,101.07,153.61,0.99,4,-1,-1
112,11,573.88,244.00,70.26,102.94,1.00,6,-1,-1
112,12,777.19,467.41,132.62,99.85,1.00,4,-1,-1
112,13,663.44,278.73,84.35,115.34,1.00,6,-1,-1
112,15,749.17,240.53,65.57,84.39,1.00,5,-1,-1
112,16,828.94,569.28,92.12,132.91,1.00,4,-1,-1
112,18,831.03,285.85,123.78,51.54,0.98,4,-1,-1
112,19,987.03,730.26,196.09,33.89,0.15,4,-1,-1
112,20,904.23,390.31,154.55,73.73,0.99,4,-1,-1
112,29,970.69,536.43,29.07,69.41,0.97,1,-1,-1
112,31,430.00,133.69,63.10,38.54,0.99,5,-1,-1
112,32,675.77,121.88,58.34,69.86,1.00,6,-1,-1
112,34,621.07,90.98,40.40,31.10,0.43,4,-1,-1
112,35,717.98,93.21,58.04,30.80,0.98,4,-1,-1
112,36,467.38,93.75,64.02,29.76,0.95,4,-1,-1
112,38,674.53,71.52,54.48,32.20,0.92,5,-1,-1
112,42,622.11,25.68,36.90,45.00,0.97,6,-1,-1
112,43,672.96,43.03,25.84,22.93,0.97,4,-1,-1
112,44,545.05,63.71,35.82,40.35,0.57,4,-1,-1
112,45,584.67,60.73,37.66,44.63,0.89,4,-1,-1
112,49,588.87,52.07,25.64,27.39,0.19,4,-1,-1
112,50,767.29,146.04,72.86,34.01,0.91,4,-1,-1
112,55,606.28,131.04,55.70,57.72,0.49,4,-1,-1
112,67,749.20,125.29,14.51,30.74,0.64,1,-1,-1
113,3,301.61,478.02,129.03,197.80,0.99,6,-1,-1
113,4,500.39,388.79,72.20,87.47,1.00,4,-1,-1
113,5,435.74,272.34,59.83,61.86,0.97,4,-1,-1
113,6,485.74,274.53,20.26,49.90,0.98,1,-1,-1
113,7,554.91,151.77,40.14,41.38,0.99,4,-1,-1
113,9,598.45,130.30,69.02,125.11,0.95,6,-1,-1
113,10,614.21,561.02,101.43,153.06,0.99,4,-1,-1
113,11,574.42,244.10,70.14,102.66,1.00,6,-1,-1
113,12,778.24,470.27,133.51,100.12,1.00,4,-1,-1
113,13,664.34,280.01,84.59,115.73,1.00,6,-1,-1
113,15,749.65,241.72,65.79,84.30,1.00,5,-1,-1
113,16,831.24,572.84,92.35,134.05,1.00,4,-1,-1
113,18,831.98,287.08,122.68,51.36,0.99,4,-1,-1
113,20,905.29,391.47,155.25,75.30,0.99,4,-1,-1
113,29,969.20,538.32,31.29,69.32,0.94,1,-1,-1
113,31,428.18,133.96,64.83,38.62,0.99,5,-1,-1
113,32,676.14,122.29,58.78,69.34,1.00,6,-1,-1
113,34,622.36,90.52,39.10,29.77,0.33,4,-1,-1
113,35,718.10,93.53,56.56,30.89,0.99,4,-1,-1
113,36,467.41,93.96,64.05,29.87,0.95,4,-1,-1
113,38,674.54,71.67,54.65,32.32,0.92,5,-1,-1
113,42,622.61,25.67,36.83,45.15,0.98,6,-1,-1
113,43,673.45,43.22,25.71,22.98,0.97,4,-1,-1
113,44,545.95,64.49,34.76,39.75,0.66,4,-1,-1
113,45,584.42,62.15,37.67,42.97,0.90,4,-1,-1
113,49,589.09,52.40,26.12,26.79,0.91,4,-1,-1
113,50,767.60,146.94,73.83,33.70,0.92,4,-1,-1
113,55,606.17,131.43,55.65,58.99,0.33,4,-1,-1
113,67,749.72,125.44,14.53,31.28,0.69,1,-1,-1
114,3,300.63,481.92,129.88,197.95,1.00,6,-1,-1
114,4,500.43,388.45,72.42,87.17,1.00,4,-1,-1
114,5,434.99,273.44,61.55,62.31,0.97,4,-1,-1
114,6,485.41,275.49,20.48,50.04,0.98,1,-1,-1
114,7,555.10,151.18,40.65,41.50,0.99,4,-1,-1
114,9,598.58,130.89,69.11,124.87,0.97,6,-1,-1
114,10,614.58,561.16,101.01,153.42,0.99,4,-1,-1
114,11,574.87,244.32,70.10,102.54,1.00,6,-1,-1
114,12,779.44,472.12,134.12,101.87,1.00,4,-1,-1
114,13,664.66,281.45,85.25,116.42,1.00,6,-1,-1
114,15,750.64,242.85,65.31,84.25,1.00,5,-1,-1
114,16,832.90,576.89,93.28,135.56,1.00,4,-1,-1
114,18,834.55,288.50,121.66,50.99,0.99,4,-1,-1
114,20,906.75,393.53,155.51,75.60,0.99,4,-1,-1
114,29,968.66,540.66,33.22,68.71,0.94,1,-1,-1
114,31,427.90,134.44,65.05,38.79,0.99,5,-1,-1
114,32,676.51,122.66,58.37,69.55,1.00,6,-1,-1
114,34,623.62,90.13,38.61,29.31,0.40,4,-1,-1
114,35,718.39,93.84,57.66,30.67,0.98,4,-1,-1
114,36,466.82,94.20,64.63,30.05,0.96,4,-1,-1
114,38,675.06,71.46,54.71,32.43,0.98,5,-1,-1
114,42,622.48,25.27,37.37,45.91,0.99,6,-1,-1
114,43,673.31,43.15,26.23,23.58,0.97,4,-1,-1
114,44,546.25,64.57,34.35,39.66,0.48,4,-1,-1
114,45,584.30,61.71,37.67,43.65,0.90,4,-1,-1
114,49,588.27,52.50,27.44,27.00,0.85,4,-1,-1
114,50,768.24,147.14,75.89,33.85,0.83,4,-1,-1
114,55,606.10,131.60,55.62,60.69,0.34,4,-1,-1
114,67,749.83,126.08,15.20,31.06,0.57,1,-1,-1
115,3,298.42,484.70,131.29,201.34,0.99,6,-1,-1
115,4,500.66,387.91,72.51,87.50,1.00,4,-1,-1
115,5,434.78,274.79,60.12,62.47,0.96,4,-1,-1
115,6,485.24,276.36,20.56,50.37,0.99,1,-1,-1
115,7,555.11,151.05,40.85,41.13,0.99,4,-1,-1
115,9,598.86,130.75,69.15,124.56,0.95,6,-1,-1
115,10,614.94,561.51,101.42,153.57,0.99,4,-1,-1
115,11,574.99,244.25,70.64,102.50,1.00,6,-1,-1
115,12,780.66,474.43,134.61,103.08,1.00,4,-1,-1
115,13,665.29,283.51,85.48,116.10,1.00,6,-1,-1
115,15,750.95,244.51,66.25,83.95,1.00,5,-1,-1
115,16,834.84,580.57,93.90,136.66,1.00,4,-1,-1
115,18,834.88,289.84,121.82,51.14,0.98,4,-1,-1
115,20,908.34,395.66,156.72,76.26,0.99,4,-1,-1
115,29,968.95,543.19,33.96,69.04,0.96,1,-1,-1
115,31,427.06,134.87,66.12,39.13,0.97,5,-1,-1
115,32,676.61,123.20,58.78,69.91,1.00,6,-1,-1
115,34,624.86,89.85,36.71,28.73,0.42,4,-1,-1
115,35,718.45,94.07,57.50,30.73,0.98,4,-1,-1
115,36,466.84,94.41,64.28,30.12,0.96,4,-1,-1
115,38,675.22,71.71,54.73,32.75,0.92,5,-1,-1
115,42,622.38,25.00,37.01,46.47,0.97,6,-1,-1
115,43,673.50,43.18,26.42,23.88,0.97,4,-1,-1
115,44,546.03,64.64,34.78,39.69,0.40,4,-1,-1
115,45,584.51,61.92,37.67,43.55,0.93,4,-1,-1
115,49,588.48,52.55,27.38,27.19,0.60,4,-1,-1
115,50,768.43,147.54,76.10,33.49,0.62,4,-1,-1
115,55,609.45,130.81,51.63,47.99,0.15,4,-1,-1
115,67,750.09,126.37,15.41,31.47,0.48,1,-1,-1
116,3,296.82,487.60,133.47,203.70,0.98,6,-1,-1
116,4,501.19,387.29,72.53,88.05,1.00,4,-1,-1
116,5,434.62,276.94,58.39,61.67,0.99,4,-1,-1
116,6,485.08,276.93,21.70,51.05,0.99,1,-1,-1
116,7,556.41,150.73,39.79,41.13,0.99,4,-1,-1
116,9,599.98,130.89,68.58,123.95,0.98,6,-1,-1
116,10,615.80,561.94,101.56,153.63,0.99,4,-1,-1
116,11,576.05,244.22,70.84,103.62,0.99,6,-1,-1
116,12,782.65,477.75,135.04,103.52,1.00,4,-1,-1
116,13,666.25,284.24,86.11,117.67,1.00,6,-1,-1
116,15,752.35,244.96,66.59,84.96,1.00,5,-1,-1
116,16,836.23,584.10,95.23,138.17,1.00,4,-1,-1
116,18,836.84,291.29,122.99,51.77,0.99,4,-1,-1
116,20,910.74,397.67,157.16,76.93,0.99,4,-1,-1
116,29,969.77,546.63,34.23,69.17,0.96,1,-1,-1
116,31,425.80,135.22,67.64,39.54,0.99,5,-1,-1
116,32,677.38,123.82,59.49,69.34,1.00,6,-1,-1
116,34,626.02,89.72,37.18,29.29,0.59,4,-1,-1
116,35,719.49,94.19,56.85,31.00,0.97,4,-1,-1
116,36,467.31,94.21,64.14,30.32,0.96,4,-1,-1
116,38,676.31,71.98,54.16,32.80,0.92,5,-1,-1
116,42,622.82,25.07,36.86,46.68,0.98,6,-1,-1
116,43,674.31,43.45,25.93,23.48,0.98,4,-1,-1
116,44,546.13,64.34,35.50,40.06,0.48,4,-1,-1
116,45,585.06,61.97,37.65,43.35,0.96,6,-1,-1
116,49,589.31,52.42,26.78,26.91,0.70,4,-1,-1
116,50,770.36,147.97,77.29,33.64,0.33,4,-1,-1
116,55,610.04,131.20,50.08,44.52,0.26,4,-1,-1
116,67,751.87,127.06,14.83,30.64,0.83,1,-1,-1
117,3,295.85,491.25,132.88,205.13,0.99,6,-1,-1
117,4,501.55,387.03,73.13,87.85,1.00,4,-1,-1
117,5,434.45,278.09,57.72,62.21,0.97,4,-1,-1
117,6,485.18,277.90,22.13,51.58,0.98,1,-1,-1
117,7,556.76,149.91,39.97,41.71,0.98,4,-1,-1
117,9,600.85,131.35,68.96,123.53,0.90,6,-1,-1
117,10,616.02,562.50,101.06,153.67,0.99,4,-1,-1
117,11,576.33,244.57,70.92,103.77,1.00,6,-1,-1
117,12,784.14,480.71,135.48,104.23,1.00,4,-1,-1
117,13,667.07,286.10,85.79,118.53,1.00,6,-1,-1
117,15,753.34,245.74,66.72,85.90,1.00,5,-1,-1
117,16,838.32,588.79,95.73,138.71,1.00,4,-1,-1
117,18,837.18,292.02,123.15,52.86,0.99,4,-1,-1
117,20,912.66,400.29,157.32,77.04,0.99,4,-1,-1
117,29,970.03,549.65,34.33,69.78,0.95,1,-1,-1
117,31,425.77,135.75,68.22,39.70,0.96,5,-1,-1
117,32,678.13,124.45,59.76,69.12,1.00,6,-1,-1
117,34,627.44,89.50,36.78,29.18,0.15,4,-1,-1
117,35,719.78,94.53,56.04,31.14,0.97,4,-1,-1
117,36,466.80,94.55,65.23,30.33,0.89,4,-1,-1
117,38,677.75,71.81,53.94,33.03,0.97,5,-1,-1
117,42,623.15,25.78,37.37,46.20,0.98,6,-1,-1
117,43,675.37,43.62,25.74,23.42,0.96,4,-1,-1
117,44,546.61,65.10,35.77,39.43,0.66,4,-1,-1
117,45,584.88,62.40,38.22,42.57,0.98,6,-1,-1
117,49,589.51,52.83,27.13,27.40,0.73,4,-1,-1
117,50,771.82,148.53,74.37,33.41,0.33,4,-1,-1
117,55,608.10,131.68,54.79,56.23,0.17,4,-1,-1
117,67,752.34,127.38,15.24,31.15,0.66,1,-1,-1
118,3,293.56,494.01,133.98,208.94,0.99,6,-1,-1
118,4,501.92,386.36,72.76,88.18,1.00,4,-1,-1
118,5,433.81,279.18,58.58,62.67,0.98,4,-1,-1
118,6,484.64,278.92,22.84,52.04,0.99,1,-1,-1
118,7,556.84,149.08,40.60,42.07,0.99,4,-1,-1
118,9,600.55,131.24,70.21,124.77,0.79,6,-1,-1
118,10,616.31,562.52,100.84,153.66,0.99,4,-1,-1
118,11,576.38,244.42,71.49,104.93,1.00,6,-1,-1
118,12,785.40,483.82,135.88,105.02,1.00,4,-1,-1
118,13,667.58,287.60,86.19,118.82,1.00,6,-1,-1
118,15,753.61,246.57,67.30,86.24,1.00,5,-1,-1
118,16,840.06,592.79,94.75,139.41,1.00,4,-1,-1
118,18,838.86,293.38,122.04,52.70,0.99,4,-1,-1
118,20,914.33,402.46,157.33,77.62,1.00,4,-1,-1
118,29,969.97,552.23,34.34,69.43,0.96,1,-1,-1
118,31,425.20,136.02,68.41,40.03,0.96,5,-1,-1
118,32,678.34,124.92,60.40,69.73,1.00,6,-1,-1
118,34,628.74,89.25,35.49,29.00,0.31,4,-1,-1
118,35,720.38,94.65,54.00,31.29,0.97,4,-1,-1
118,36,466.31,94.83,65.62,30.33,0.93,4,-1,-1
118,38,679.07,71.64,52.71,33.11,0.96,5,-1,-1
118,42,622.94,25.89,38.11,46.21,0.97,6,-1,-1
118,43,675.70,43.53,25.66,23.45,0.96,4,-1,-1
118,44,547.05,65.16,35.87,39.32,0.47,4,-1,-1
118,45,584.77,62.50,38.41,42.47,0.98,6,-1,-1
118,49,589.54,52.88,27.25,27.36,0.46,4,-1,-1
118,50,772.00,148.53,75.49,34.04,0.42,4,-1,-1
118,55,607.09,131.94,56.98,60.72,0.45,4,-1,-1
118,67,753.01,127.38,14.77,31.31,0.72,1,-1,-1
118,68,1319.11,602.78,39.27,32.44,0.69,10,-1,-1
119,3,291.29,497.59,135.21,210.36,0.99,6,-1,-1
119,4,502.01,386.23,73.20,87.75,1.00,4,-1,-1
119,5,433.54,279.93,61.15,63.69,0.98,4,-1,-1
119,6,484.95,281.06,21.99,51.64,0.99,1,-1,-1
119,7,557.10,148.67,40.27,41.78,0.99,4,-1,-1
119,9,601.24,131.62,68.99,124.09,0.91,6,-1,-1
119,10,616.09,563.22,101.33,153.67,1.00,4,-1,-1
119,11,576.35,244.61,71.70,105.09,1.00,6,-1,-1
119,12,786.65,487.00,136.29,105.87,1.00,4,-1,-1
119,13,668.01,289.50,86.33,118.64,1.00,6,-1,-1
119,15,754.51,247.80,66.95,86.64,0.99,5,-1,-1
119,16,842.04,596.84,94.63,141.34,1.00,4,-1,-1
119,18,840.58,295.10,121.60,52.63,0.98,4,-1,-1
119,20,916.02,405.03,158.46,77.83,0.99,4,-1,-1
119,29,971.05,555.52,33.21,68.73,0.97,1,-1,-1
119,31,426.23,136.41,67.77,40.16,0.97,5,-1,-1
119,32,679.51,125.53,59.51,69.97,0.99,6,-1,-1
119,34,629.43,88.98,35.02,29.95,0.32,4,-1,-1
119,35,720.87,95.18,54.38,31.10,0.99,4,-1,-1
119,36,466.38,95.26,65.76,30.79,0.93,4,-1,-1
119,38,678.39,71.84,53.40,33.35,0.98,5,-1,-1
119,42,623.12,26.77,38.39,45.63,0.99,6,-1,-1
119,43,675.79,43.78,25.63,23.55,0.97,4,-1,-1
119,44,546.90,65.85,36.46,38.78,0.75,4,-1,-1
119,45,585.28,63.23,37.92,42.22,0.99,6,-1,-1
119,49,590.09,53.36,26.74,27.22,0.65,4,-1,-1
119,50,772.59,149.55,74.20,33.85,0.22,4,-1,-1
119,67,753.50,127.75,14.59,31.67,0.67,1,-1,-1
119,54,626.57,104.55,46.90,54.88,0.64,4,-1,-1
120,3,289.36,501.47,136.25,210.85,1.00,6,-1,-1
120,4,502.34,385.97,72.81,87.60,1.00,4,-1,-1
120,5,432.06,280.63,66.58,65.19,0.98,4,-1,-1
120,6,484.83,283.42,21.65,50.63,0.99,1,-1,-1
120,7,557.77,148.46,40.16,41.54,0.99,4,-1,-1
120,9,601.22,132.99,69.68,124.57,0.92,6,-1,-1
120,10,615.78,563.84,102.12,153.70,0.99,4,-1,-1
120,11,576.93,245.55,71.23,105.44,1.00,6,-1,-1
120,12,788.31,489.84,137.59,107.29,1.00,4,-1,-1
120,13,668.49,290.89,86.40,118.85,1.00,6,-1,-1
120,15,755.46,249.36,66.82,86.79,0.99,5,-1,-1
120,16,844.53,601.67,95.17,142.61,1.00,4,-1,-1
120,18,842.69,296.54,121.17,52.60,0.98,4,-1,-1
120,20,917.27,407.21,160.03,78.60,0.99,4,-1,-1
120,29,972.73,558.40,32.77,68.47,0.97,1,-1,-1
120,31,425.07,136.90,68.80,40.48,0.98,5,-1,-1
120,32,679.99,126.22,59.18,70.06,1.00,6,-1,-1
120,34,630.53,88.97,34.30,29.99,0.43,4,-1,-1
120,35,721.36,95.54,56.82,31.17,0.98,4,-1,-1
120,36,466.41,95.37,65.83,31.21,0.90,4,-1,-1
120,38,678.44,72.27,53.66,33.37,0.97,5,-1,-1
120,42,623.21,27.04,37.93,45.87,0.99,6,-1,-1
120,43,676.13,44.05,25.62,23.58,0.98,4,-1,-1
120,44,546.84,66.11,37.26,38.87,0.73,4,-1,-1
120,45,585.49,64.19,37.73,41.27,0.78,6,-1,-1
120,49,590.59,53.54,26.55,27.10,0.76,4,-1,-1
120,67,754.28,128.05,13.94,31.36,0.48,1,-1,-1
120,54,626.96,104.97,46.48,52.59,0.75,4,-1,-1
120,69,585.28,63.93,37.57,41.20,0.97,6,-1,-1
121,3,286.58,505.61,139.11,212.61,0.97,6,-1,-1
121,4,502.70,385.73,72.65,87.38,1.00,4,-1,-1
121,5,432.14,282.97,63.60,64.34,0.98,4,-1,-1
121,6,484.46,284.84,21.51,51.08,0.98,1,-1,-1
121,7,557.94,148.23,40.12,41.58,0.99,4,-1,-1
121,9,601.42,132.37,69.36,125.89,0.87,6,-1,-1
121,10,615.03,564.59,102.96,154.24,1.00,4,-1,-1
121,11,576.79,246.34,71.60,105.25,1.00,6,-1,-1
121,12,789.07,492.75,138.88,108.34,1.00,4,-1,-1
121,13,669.14,291.65,86.40,120.86,1.00,6,-1,-1
121,15,755.69,250.49,67.88,87.38,0.99,5,-1,-1
121,16,846.15,605.84,95.62,144.14,0.99,4,-1,-1
121,18,843.03,298.45,121.27,52.29,0.99,4,-1,-1
121,20,918.68,410.18,159.45,78.58,0.99,4,-1,-1
121,29,973.21,561.04,33.74,69.49,0.99,1,-1,-1
121,31,425.32,137.96,68.18,40.17,0.98,5,-1,-1
121,32,680.06,126.57,59.61,70.50,0.99,6,-1,-1
121,34,630.80,88.78,34.05,29.40,0.78,4,-1,-1
121,35,721.72,96.00,55.47,31.04,0.99,4,-1,-1
121,36,465.25,95.99,66.97,31.11,0.86,4,-1,-1
121,38,678.36,72.48,53.76,33.57,0.96,5,-1,-1
121,42,623.73,26.98,37.18,46.20,0.97,6,-1,-1
121,43,676.44,44.13,25.62,23.81,0.96,4,-1,-1
121,44,546.76,66.14,36.99,39.19,0.71,4,-1,-1
121,45,584.94,63.38,38.22,42.77,0.98,6,-1,-1
121,49,589.85,53.47,27.04,27.39,0.65,4,-1,-1
121,67,754.43,128.55,14.30,31.53,0.67,1,-1,-1
121,54,626.73,104.88,46.90,51.63,0.64,4,-1,-1
122,3,283.71,509.01,140.16,215.51,0.98,6,-1,-1
122,4,502.82,385.06,73.17,87.61,1.00,4,-1,-1
122,5,431.80,284.76,64.14,64.00,0.95,4,-1,-1
122,6,484.05,286.42,22.01,51.26,0.99,1,-1,-1
122,7,557.74,147.81,40.67,41.61,0.99,4,-1,-1
122,9,601.81,132.81,69.24,125.67,0.92,6,-1,-1
122,10,614.46,565.17,103.27,154.49,1.00,4,-1,-1
122,11,577.04,247.01,71.74,106.33,1.00,6,-1,-1
122,12,790.47,496.03,138.79,109.31,1.00,4,-1,-1
122,13,670.25,293.41,86.39,121.92,1.00,6,-1,-1
122,15,756.38,251.84,68.28,87.62,0.99,5,-1,-1
122,16,848.41,610.15,95.78,145.28,1.00,4,-1,-1
122,18,843.46,299.54,121.59,52.76,0.99,4,-1,-1
122,20,920.35,412.67,160.35,79.15,0.99,4,-1,-1
122,29,974.55,563.98,32.96,70.46,0.99,1,-1,-1
122,31,425.30,138.76,67.79,39.77,0.99,5,-1,-1
122,32,680.98,127.20,58.63,70.82,1.00,6,-1,-1
122,34,631.49,88.69,32.82,29.15,0.72,4,-1,-1
122,35,722.19,96.43,58.37,31.11,0.98,4,-1,-1
122,36,465.40,96.51,66.83,31.05,0.86,4,-1,-1
122,38,679.24,72.84,53.79,33.66,0.98,5,-1,-1
122,42,623.69,27.28,37.46,45.96,0.94,6,-1,-1
122,43,676.62,44.45,25.62,23.89,0.95,4,-1,-1
122,44,546.49,66.82,36.87,39.17,0.74,4,-1,-1
122,45,585.06,63.26,38.40,42.98,0.85,6,-1,-1
122,49,586.51,59.98,34.58,37.83,0.98,6,-1,-1
122,67,754.24,129.03,15.01,31.74,0.61,1,-1,-1
122,54,627.25,105.82,46.49,51.38,0.66,6,-1,-1
123,3,281.89,512.42,140.80,218.20,0.98,6,-1,-1
123,4,503.15,384.82,73.36,87.11,1.00,4,-1,-1
123,5,431.13,286.39,63.19,64.13,0.92,4,-1,-1
123,6,483.91,288.24,21.64,51.02,0.97,1,-1,-1
123,7,558.20,147.83,40.32,41.32,0.99,4,-1,-1
123,9,601.63,132.80,69.76,127.44,0.90,6,-1,-1
123,10,614.25,566.19,103.38,154.55,0.99,4,-1,-1
123,11,576.55,247.54,72.35,106.14,1.00,6,-1,-1
123,12,791.78,499.65,139.00,110.18,1.00,4,-1,-1
123,13,669.78,294.72,88.07,122.55,0.99,6,-1,-1
123,15,756.86,253.43,68.41,87.67,0.98,5,-1,-1
123,16,849.75,614.94,96.95,145.64,0.99,4,-1,-1
123,18,844.11,301.15,122.27,53.48,0.99,4,-1,-1
123,20,922.58,415.59,158.40,78.90,0.99,4,-1,-1
123,29,976.15,566.61,32.66,71.93,0.99,1,-1,-1
123,31,425.74,139.27,67.49,39.89,0.99,5,-1,-1
123,32,681.28,126.79,58.83,71.48,1.00,6,-1,-1
123,34,631.66,88.14,32.97,29.02,0.70,4,-1,-1
123,35,722.59,96.83,57.19,31.16,0.98,4,-1,-1
123,36,465.18,97.33,66.76,30.48,0.92,4,-1,-1
123,38,679.23,73.20,53.80,33.68,0.98,5,-1,-1
123,42,623.92,27.75,37.56,45.56,0.96,6,-1,-1
123,43,676.91,44.68,25.62,23.78,0.94,4,-1,-1
123,44,546.36,67.27,36.26,39.45,0.83,6,-1,-1
123,45,584.80,63.87,38.46,42.55,0.97,6,-1,-1
123,49,588.62,56.80,30.05,32.12,0.74,4,-1,-1
123,67,754.68,129.41,14.70,31.81,0.64,1,-1,-1
123,54,627.41,105.74,46.88,52.32,0.63,6,-1,-1
124,3,279.36,516.62,142.67,221.38,0.99,6,-1,-1
124,4,503.57,384.41,72.29,86.34,1.00,4,-1,-1
124,5,430.36,287.34,66.76,65.01,0.93,4,-1,-1
124,6,483.61,290.39,21.48,50.07,0.99,1,-1,-1
124,7,558.66,148.05,40.18,40.50,0.99,4,-1,-1
124,9,601.85,133.34,69.95,128.48,0.98,6,-1,-1
124,10,614.48,566.77,103.41,155.12,1.00,4,-1,-1
124,11,576.66,248.40,72.57,106.90,1.00,6,-1,-1
124,12,793.08,502.83,139.32,111.03,1.00,4,-1,-1
124,13,670.16,296.24,88.69,123.89,1.00,6,-1,-1
124,15,757.59,254.51,68.45,88.24,0.99,5,-1,-1
124,16,851.88,619.63,97.37,143.46,1.00,4,-1,-1
124,18,845.15,302.37,123.92,54.31,0.99,4,-1,-1
124,20,923.90,417.96,157.62,79.35,0.99,4,-1,-1
124,29,977.28,569.13,33.67,74.16,0.99,1,-1,-1
124,31,426.65,139.71,66.37,39.93,0.99,5,-1,-1
124,32,681.38,127.44,58.89,71.15,1.00,6,-1,-1
124,34,632.28,87.89,32.46,29.01,0.79,4,-1,-1
124,35,722.74,96.98,55.56,31.35,0.98,4,-1,-1
124,36,464.28,97.32,67.85,31.26,0.84,4,-1,-1
124,38,679.80,73.23,53.23,33.96,0.98,5,-1,-1
124,42,624.59,28.26,37.02,45.18,0.98,6,-1,-1
124,43,677.02,44.75,25.61,24.23,0.95,4,-1,-1
124,44,546.33,66.98,36.58,39.62,0.61,4,-1,-1
124,45,585.01,64.11,38.48,42.45,0.98,6,-1,-1
124,49,589.72,54.90,27.76,27.95,0.73,4,-1,-1
124,67,754.82,129.94,15.16,32.12,0.70,1,-1,-1
124,54,627.77,106.34,46.45,52.61,0.54,6,-1,-1
124,70,546.43,66.92,36.71,39.49,0.60,8,-1,-1
125,3,276.22,520.32,144.17,221.96,0.98,6,-1,-1
125,4,503.43,383.98,72.44,86.06,1.00,4,-1,-1
125,5,429.80,289.48,61.98,64.48,0.92,4,-1,-1
125,6,482.94,292.14,21.42,49.70,0.98,1,-1,-1
125,7,559.11,147.65,40.12,40.20,0.99,4,-1,-1
125,9,601.64,134.08,70.01,130.17,0.97,6,-1,-1
125,10,613.98,567.26,103.39,155.33,1.00,4,-1,-1
125,11,576.69,249.43,72.63,106.89,1.00,6,-1,-1
125,12,794.06,506.18,139.98,111.88,1.00,4,-1,-1
125,13,669.99,298.19,89.46,124.36,1.00,6,-1,-1
125,15,758.11,255.88,69.57,88.44,1.00,5,-1,-1
125,16,853.70,624.08,97.50,140.31,1.00,4,-1,-1
125,18,847.18,303.92,122.27,54.33,0.99,4,-1,-1
125,20,925.44,420.62,159.58,79.08,0.98,4,-1,-1
125,29,979.31,572.53,32.92,74.44,0.98,1,-1,-1
125,31,426.88,140.07,65.79,40.22,0.99,5,-1,-1
125,32,682.25,129.03,58.34,70.03,1.00,6,-1,-1
125,34,633.05,87.54,31.71,28.59,0.73,4,-1,-1
125,35,722.77,97.68,56.09,31.14,0.98,4,-1,-1
125,36,464.52,97.56,67.69,31.23,0.88,4,-1,-1
125,38,680.85,73.47,52.44,33.99,0.97,5,-1,-1
125,42,625.41,28.63,36.24,45.13,0.93,6,-1,-1
125,43,677.06,44.79,26.18,24.54,0.95,4,-1,-1
125,44,546.61,67.41,36.70,38.97,0.82,4,-1,-1
125,45,584.81,64.08,38.47,42.40,0.97,6,-1,-1
125,49,589.83,54.15,26.93,27.31,0.60,4,-1,-1
125,67,755.13,130.50,15.32,31.94,0.68,1,-1,-1
125,54,628.18,107.08,45.71,52.13,0.36,6,-1,-1
125,70,546.31,67.32,36.75,39.19,0.64,6,-1,-1
126,3,273.41,524.48,145.27,225.49,0.98,6,-1,-1
126,4,503.38,383.74,71.94,86.11,1.00,4,-1,-1
126,5,428.62,291.69,60.14,64.27,0.98,4,-1,-1
126,6,482.42,293.62,21.96,50.43,0.98,1,-1,-1
126,7,558.99,147.47,40.11,40.38,1.00,4,-1,-1
126,9,601.28,137.12,70.60,127.63,0.94,6,-1,-1
126,10,613.54,568.06,103.96,155.41,1.00,4,-1,-1
126,11,576.71,250.54,72.66,107.73,1.00,6,-1,-1
126,12,794.99,510.49,140.78,112.74,1.00,4,-1,-1
126,13,670.22,299.75,89.75,125.09,1.00,6,-1,-1
126,15,758.60,257.23,69.99,89.07,1.00,5,-1,-1
126,16,855.50,629.05,97.54,136.24,1.00,4,-1,-1
126,18,848.81,305.76,120.78,54.34,0.98,4,-1,-1
126,20,927.71,423.27,158.06,80.67,0.99,4,-1,-1
126,29,982.42,575.75,31.48,74.52,0.98,1,-1,-1
126,31,427.25,140.70,65.59,40.05,0.99,5,-1,-1
126,32,682.31,129.99,58.71,69.88,1.00,6,-1,-1
126,34,633.60,87.22,30.88,27.50,0.73,4,-1,-1
126,35,723.09,98.02,56.28,31.20,0.98,4,-1,-1
126,36,464.63,98.04,67.05,31.11,0.90,4,-1,-1
126,38,681.83,73.78,52.73,34.21,0.97,5,-1,-1
126,42,624.58,28.26,37.10,45.83,0.96,6,-1,-1
126,43,677.08,44.91,26.39,24.51,0.95,4,-1,-1
126,45,585.04,63.85,37.91,42.89,0.93,6,-1,-1
126,49,586.13,60.15,34.70,38.61,0.95,4,-1,-1
126,67,755.55,131.07,15.38,31.87,0.82,1,-1,-1
126,54,628.34,107.61,45.99,51.67,0.33,6,-1,-1
127,3,270.10,528.71,146.97,226.25,0.99,6,-1,-1
127,4,503.05,383.43,71.73,85.88,1.00,4,-1,-1
127,5,427.65,292.92,60.01,65.06,0.97,4,-1,-1
127,6,481.97,294.31,22.14,51.84,0.99,1,-1,-1
127,7,559.28,147.34,40.09,40.04,0.99,4,-1,-1
127,9,601.21,136.96,70.78,127.05,0.95,6,-1,-1
127,10,613.01,569.28,104.12,156.05,0.99,4,-1,-1
127,11,576.75,251.72,72.62,107.49,1.00,6,-1,-1
127,12,795.80,514.41,141.59,113.65,0.99,4,-1,-1
127,13,670.59,302.23,89.80,125.37,1.00,6,-1,-1
127,15,759.35,258.68,69.54,89.04,1.00,5,-1,-1
127,16,857.43,634.62,97.78,131.29,0.99,4,-1,-1
127,18,849.66,307.55,121.05,54.94,0.98,4,-1,-1
127,20,929.61,426.50,158.58,81.17,0.99,4,-1,-1
127,29,984.04,579.34,30.92,73.42,0.98,1,-1,-1
127,31,424.03,141.43,68.07,40.43,0.99,5,-1,-1
127,32,682.10,130.36,59.39,70.28,0.99,6,-1,-1
127,34,634.14,86.87,31.18,27.01,0.81,4,-1,-1
127,35,723.56,98.54,56.91,31.24,0.96,4,-1,-1
127,36,465.05,98.70,66.22,30.90,0.89,4,-1,-1
127,38,681.13,74.20,53.96,34.24,0.96,5,-1,-1
127,42,624.37,28.90,37.40,45.41,0.92,6,-1,-1
127,43,677.47,45.26,26.46,24.45,0.94,4,-1,-1
127,45,584.65,64.09,38.24,42.87,0.97,6,-1,-1
127,49,584.97,62.83,37.34,41.86,0.98,4,-1,-1
127,67,756.04,131.75,15.39,32.14,0.62,1,-1,-1
127,54,628.76,107.86,46.08,52.07,0.53,6,-1,-1
128,3,267.48,532.81,147.68,227.54,0.99,6,-1,-1
128,4,503.12,383.31,71.69,84.35,1.00,4,-1,-1
128,5,426.19,294.59,61.57,65.32,0.98,4,-1,-1
128,6,481.12,295.76,22.23,52.36,0.99,1,-1,-1
128,7,558.91,147.23,39.54,40.05,0.99,4,-1,-1
128,9,601.28,136.95,70.90,127.22,0.81,6,-1,-1
128,10,611.70,570.23,105.38,156.25,0.99,4,-1,-1
128,11,576.62,252.64,72.66,108.22,1.00,6,-1,-1
128,12,796.63,517.33,142.50,115.59,1.00,4,-1,-1
128,13,671.18,303.71,89.86,126.55,1.00,6,-1,-1
128,15,759.50,260.02,69.97,89.28,1.00,5,-1,-1
128,16,858.99,639.79,98.77,126.54,0.98,4,-1,-1
128,18,850.14,308.84,122.61,55.39,0.99,4,-1,-1
128,20,930.80,429.67,162.22,81.28,0.98,4,-1,-1
128,29,984.62,581.78,31.90,72.97,0.96,1,-1,-1
128,31,422.93,142.10,68.73,40.69,1.00,5,-1,-1
128,32,682.11,130.63,59.68,70.69,0.98,6,-1,-1
128,34,634.11,86.66,31.31,26.97,0.89,4,-1,-1
128,35,723.25,98.89,56.60,31.62,0.99,4,-1,-1
128,36,464.44,99.22,65.92,31.26,0.93,4,-1,-1
128,38,680.08,74.40,55.01,34.50,0.86,5,-1,-1
128,42,624.06,29.27,37.54,45.16,0.82,6,-1,-1
128,43,677.39,45.42,26.50,24.31,0.94,4,-1,-1
128,45,584.29,62.84,38.39,44.41,0.98,6,-1,-1
128,67,756.32,132.19,15.40,32.23,0.81,1,-1,-1
128,54,628.15,108.58,46.70,50.61,0.74,6,-1,-1
129,3,264.78,537.80,149.29,225.68,0.98,6,-1,-1
129,4,502.87,382.78,71.68,84.20,1.00,4,-1,-1
129,5,425.25,295.96,62.85,65.97,0.99,4,-1,-1
129,6,480.54,297.46,22.26,52.54,0.98,1,-1,-1
129,7,559.05,146.88,39.33,39.91,0.99,4,-1,-1
129,9,601.01,136.33,71.50,126.54,0.97,6,-1,-1
129,10,610.91,571.05,105.83,156.87,0.98,4,-1,-1
129,11,576.28,253.77,73.22,107.34,1.00,6,-1,-1
129,12,797.43,521.33,143.93,116.85,1.00,4,-1,-1
129,13,671.09,304.72,90.43,128.37,0.99,6,-1,-1
129,15,759.51,260.99,70.68,90.19,1.00,5,-1,-1
129,16,860.88,644.88,99.40,121.33,0.98,4,-1,-1
129,18,851.38,310.49,124.31,55.26,0.98,4,-1,-1
129,20,931.71,431.98,164.68,82.29,0.98,4,-1,-1
129,29,984.19,585.35,34.52,72.79,0.97,1,-1,-1
129,31,424.93,142.71,66.29,40.78,1.00,5,-1,-1
129,32,681.52,131.53,60.35,71.12,0.98,6,-1,-1
129,34,634.64,86.41,30.80,27.04,0.85,4,-1,-1
129,35,723.68,99.12,58.74,31.90,0.98,4,-1,-1
129,36,463.94,99.83,66.37,31.64,0.83,4,-1,-1
129,38,681.35,74.97,53.15,34.24,0.99,5,-1,-1
129,42,623.66,29.21,38.15,45.76,0.92,6,-1,-1
129,43,677.34,45.60,26.51,24.57,0.94,4,-1,-1
129,45,584.16,62.10,37.87,45.60,0.97,6,-1,-1
129,67,756.11,132.79,15.97,32.68,0.85,1,-1,-1
129,54,627.62,108.45,47.49,54.57,0.85,6,-1,-1
129,71,202.56,543.87,38.42,39.27,0.61,1,-1,-1
130,3,261.48,541.70,150.95,224.33,0.99,6,-1,-1
130,4,502.53,382.53,71.66,84.17,1.00,4,-1,-1
130,5,424.84,297.61,62.05,66.50,0.98,4,-1,-1
130,6,480.40,299.25,21.69,52.61,0.98,1,-1,-1
130,7,559.74,146.70,38.68,39.72,0.99,4,-1,-1
130,9,601.27,136.68,71.70,127.76,0.97,6,-1,-1
130,10,610.65,571.55,105.40,158.23,0.99,4,-1,-1
130,11,575.93,254.67,73.98,107.28,1.00,6,-1,-1
130,12,798.00,524.66,144.71,118.43,1.00,4,-1,-1
130,13,670.82,306.81,91.17,128.76,1.00,6,-1,-1
130,15,759.83,262.12,70.92,91.38,1.00,5,-1,-1
130,16,862.10,649.69,100.73,116.00,0.96,4,-1,-1
130,18,852.98,312.15,123.81,55.79,0.98,4,-1,-1
130,20,932.58,434.57,167.84,82.81,0.95,4,-1,-1
130,29,984.01,588.83,35.49,72.71,0.98,1,-1,-1
130,31,423.23,143.13,67.62,41.24,1.00,5,-1,-1
130,32,682.21,132.15,60.02,71.85,0.98,6,-1,-1
130,34,634.89,86.21,31.20,27.15,0.79,4,-1,-1
130,35,723.90,99.50,58.41,32.01,0.99,4,-1,-1
130,36,463.28,100.78,67.10,31.33,0.92,4,-1,-1
130,38,681.35,75.62,52.99,33.79,0.87,5,-1,-1
130,42,623.31,29.40,38.37,45.79,0.97,6,-1,-1
130,43,677.40,45.94,26.50,24.86,0.93,4,-1,-1
130,45,584.21,62.29,37.67,45.71,0.99,6,-1,-1
130,67,756.65,133.32,15.62,32.71,0.78,1,-1,-1
130,54,626.65,108.59,48.34,54.88,0.87,6,-1,-1
131,3,254.65,546.64,156.38,218.70,0.97,6,-1,-1
131,4,502.24,382.29,71.13,84.18,1.00,4,-1,-1
131,5,423.11,298.87,64.60,67.53,0.99,4,-1,-1
131,6,478.76,301.11,22.63,52.63,0.97,1,-1,-1
131,7,559.52,146.42,39.03,39.66,0.99,4,-1,-1
131,9,600.62,137.36,72.38,128.43,0.97,6,-1,-1
131,10,609.34,572.17,105.85,159.89,0.97,4,-1,-1
131,11,575.35,255.78,74.30,107.27,1.00,6,-1,-1
131,12,798.40,527.89,145.89,120.12,1.00,4,-1,-1
131,13,670.29,308.62,92.05,129.73,1.00,6,-1,-1
131,15,760.10,263.40,71.03,91.82,1.00,5,-1,-1
131,16,863.89,654.57,100.98,110.64,0.93,4,-1,-1
131,18,852.33,313.62,125.35,56.53,0.99,4,-1,-1
131,20,934.51,437.50,165.70,83.55,0.99,4,-1,-1
131,29,984.46,592.96,36.99,72.12,0.99,1,-1,-1
131,31,421.40,143.77,69.12,41.69,0.99,5,-1,-1
131,32,682.31,132.61,59.92,71.98,0.98,6,-1,-1
131,34,635.35,86.11,30.80,27.35,0.92,4,-1,-1
131,35,723.83,99.65,59.41,32.33,0.98,4,-1,-1
131,36,462.53,101.29,67.40,31.09,0.89,4,-1,-1
131,38,681.17,75.66,52.95,34.19,0.89,5,-1,-1
131,42,623.55,30.10,37.90,45.61,0.97,6,-1,-1
131,43,677.24,46.24,26.51,24.67,0.94,4,-1,-1
131,45,584.03,62.19,37.61,45.67,0.93,6,-1,-1
131,67,756.71,133.95,15.48,32.72,0.80,1,-1,-1
131,54,626.66,109.47,48.12,52.90,0.77,6,-1,-1
132,3,254.11,550.77,154.18,214.73,0.93,6,-1,-1
132,4,501.97,381.86,70.90,84.46,1.00,4,-1,-1
132,5,421.65,301.49,62.31,66.77,0.98,4,-1,-1
132,6,477.73,301.99,22.96,53.75,0.99,1,-1,-1
132,7,559.25,146.18,39.15,39.78,0.99,4,-1,-1
132,9,600.48,138.32,72.60,129.06,0.97,6,-1,-1
132,10,608.94,572.82,105.40,161.59,0.99,4,-1,-1
132,11,574.96,256.56,74.38,108.08,1.00,6,-1,-1
132,12,799.39,531.14,147.10,121.82,1.00,4,-1,-1
132,13,670.72,310.34,92.33,129.76,1.00,6,-1,-1
132,15,760.52,264.94,71.04,91.95,1.00,5,-1,-1
132,16,865.35,659.51,101.86,105.26,0.93,4,-1,-1
132,18,852.92,315.50,125.03,56.51,0.99,4,-1,-1
132,20,936.31,440.98,165.91,83.23,0.99,4,-1,-1
132,29,985.13,596.85,37.55,72.44,0.98,1,-1,-1
132,31,419.76,144.40,70.23,41.98,0.99,5,-1,-1
132,32,682.42,133.05,59.85,72.15,0.99,6,-1,-1
132,34,635.60,85.92,30.65,27.88,0.93,4,-1,-1
132,35,724.42,100.38,59.77,32.27,0.97,4,-1,-1
132,36,462.69,101.76,66.92,31.00,0.87,4,-1,-1
132,38,680.32,76.33,54.63,33.97,0.87,5,-1,-1
132,42,624.61,30.66,37.14,45.73,0.97,6,-1,-1
132,43,677.27,46.50,26.50,24.47,0.94,4,-1,-1
132,45,583.52,62.60,38.14,45.35,0.98,6,-1,-1
132,67,757.06,134.46,15.43,32.57,0.78,1,-1,-1
132,54,627.06,110.81,47.44,50.80,0.63,6,-1,-1
132,50,777.29,157.22,76.89,35.65,0.69,4,-1,-1
133,3,244.65,555.46,161.93,209.85,0.96,6,-1,-1
133,4,501.38,381.10,71.38,84.58,1.00,4,-1,-1
133,5,420.24,303.35,61.22,66.48,0.99,4,-1,-1
133,6,477.18,304.46,21.95,52.76,0.99,1,-1,-1
133,7,559.57,146.06,38.62,39.55,0.99,4,-1,-1
133,9,600.00,139.21,73.21,128.87,0.93,6,-1,-1
133,10,608.85,574.15,105.19,162.24,0.98,4,-1,-1
133,11,574.93,257.22,74.38,108.68,1.00,6,-1,-1
133,12,800.34,534.80,148.06,123.02,1.00,4,-1,-1
133,13,670.98,311.75,92.39,132.02,1.00,6,-1,-1
133,15,761.06,266.62,71.57,92.57,1.00,5,-1,-1
133,16,867.82,665.21,101.31,99.35,0.95,4,-1,-1
133,18,854.62,317.45,125.73,56.80,0.99,4,-1,-1
133,20,938.12,443.94,162.55,83.13,0.99,4,-1,-1
133,29,985.95,601.08,37.73,72.57,0.97,1,-1,-1
133,31,419.29,144.83,70.07,42.25,0.99,5,-1,-1
133,32,682.31,133.33,60.94,72.64,0.99,6,-1,-1
133,34,635.82,85.73,30.60,28.48,0.93,4,-1,-1
133,35,724.79,100.54,58.75,32.43,0.98,4,-1,-1
133,36,462.63,101.85,66.72,30.98,0.71,4,-1,-1
133,38,680.44,76.63,54.68,34.18,0.91,5,-1,-1
133,42,624.88,31.22,36.84,45.18,0.98,6,-1,-1
133,43,677.44,46.81,26.49,24.52,0.95,4,-1,-1
133,45,583.20,61.67,38.33,46.99,0.99,6,-1,-1
133,67,757.32,134.99,15.39,32.51,0.69,1,-1,-1
133,54,627.36,110.77,47.73,55.90,0.92,6,-1,-1
133,50,777.41,158.27,76.33,35.56,0.82,4,-1,-1
133,72,195.09,559.24,32.87,38.42,0.75,1,-1,-1
133,73,479.83,299.47,22.20,46.10,0.91,1,-1,-1
133,74,512.28,48.35,42.69,32.44,0.61,8,-1,-1
134,3,243.58,558.53,160.95,205.71,0.80,6,-1,-1
134,4,500.61,380.41,72.14,85.34,1.00,4,-1,-1
134,5,419.18,304.86,60.25,66.91,0.99,4,-1,-1
134,6,476.71,306.92,21.56,51.79,0.99,1,-1,-1
134,7,559.65,145.46,38.44,39.89,0.99,4,-1,-1
134,9,599.22,139.54,74.02,128.34,0.98,6,-1,-1
134,10,608.32,576.32,105.70,161.32,0.99,4,-1,-1
134,11,574.63,257.72,74.39,109.73,1.00,6,-1,-1
134,12,800.99,538.56,148.71,124.53,1.00,4,-1,-1
134,13,669.94,313.90,94.12,131.99,1.00,6,-1,-1
134,15,761.24,268.01,72.35,92.77,1.00,5,-1,-1
134,16,869.05,669.92,102.51,94.43,0.89,4,-1,-1
134,18,854.66,319.49,125.99,56.03,0.99,4,-1,-1
134,20,939.92,446.30,164.69,84.17,0.99,4,-1,-1
134,29,987.42,605.59,37.80,72.60,0.98,1,-1,-1
134,31,417.84,145.50,70.70,42.61,0.99,5,-1,-1
134,32,681.95,133.67,61.93,73.24,0.99,6,-1,-1
134,34,636.12,85.44,30.60,28.70,0.96,4,-1,-1
134,35,725.17,100.80,61.20,32.51,0.98,4,-1,-1
134,36,462.01,101.96,67.22,31.10,0.86,4,-1,-1
134,38,680.15,76.92,55.27,33.90,0.90,5,-1,-1
134,42,624.36,31.41,37.31,45.07,0.97,6,-1,-1
134,43,677.45,47.04,26.49,24.35,0.95,4,-1,-1
134,45,583.05,60.96,38.41,47.73,0.98,6,-1,-1
134,67,757.66,135.57,15.39,32.49,0.73,1,-1,-1
134,54,627.15,111.43,47.84,58.39,0.93,6,-1,-1
134,50,777.71,159.79,75.59,34.66,0.68,4,-1,-1
134,73,480.62,301.23,20.86,45.13,0.84,1,-1,-1
135,3,236.25,563.27,167.47,201.93,0.92,6,-1,-1
135,4,500.28,380.21,71.87,85.07,1.00,4,-1,-1
135,5,418.36,306.82,59.75,66.80,0.99,4,-1,-1
135,6,475.67,309.52,21.41,50.86,0.98,1,-1,-1
135,7,559.66,145.28,38.37,39.89,0.99,4,-1,-1
135,9,599.48,139.82,73.75,127.71,0.99,6,-1,-1
135,10,607.24,578.60,107.01,160.39,0.98,4,-1,-1
135,11,574.50,258.91,74.38,109.29,1.00,6,-1,-1
135,12,802.02,542.19,149.76,126.20,1.00,4,-1,-1
135,13,670.08,315.83,94.75,133.36,1.00,6,-1,-1
135,15,761.56,269.11,72.62,93.40,1.00,5,-1,-1
135,16,870.54,675.59,103.50,88.70,0.78,4,-1,-1
135,18,854.91,320.82,127.50,56.88,0.99,4,-1,-1
135,20,941.08,448.58,163.21,85.70,1.00,4,-1,-1
135,29,989.05,610.66,37.80,72.62,0.98,1,-1,-1
135,31,417.71,146.03,70.51,42.75,0.99,5,-1,-1
135,32,682.36,134.24,61.73,73.60,1.00,6,-1,-1
135,34,636.49,85.38,30.61,28.86,0.96,4,-1,-1
135,35,725.29,101.03,59.31,32.79,0.98,4,-1,-1
135,36,461.20,102.14,67.41,31.58,0.61,4,-1,-1
135,38,680.04,77.09,55.49,34.11,0.82,5,-1,-1
135,42,624.16,31.49,37.48,45.35,0.98,6,-1,-1
135,43,677.73,47.33,26.49,24.26,0.96,4,-1,-1
135,45,582.98,60.80,37.87,47.66,0.90,6,-1,-1
135,67,758.05,135.87,15.38,32.76,0.54,1,-1,-1
135,54,626.78,112.13,48.44,61.15,0.94,6,-1,-1
135,50,777.81,160.17,77.03,35.04,0.65,4,-1,-1
135,73,480.40,302.31,20.60,44.95,0.92,1,-1,-1
135,75,190.18,567.77,33.51,40.98,0.63,1,-1,-1
136,3,235.55,568.17,165.97,196.46,0.95,6,-1,-1
136,4,499.96,379.77,71.74,85.22,1.00,4,-1,-1
136,5,417.61,308.27,60.12,67.28,0.99,4,-1,-1
136,6,475.67,311.06,20.78,50.49,0.98,1,-1,-1
136,7,559.68,144.76,38.92,40.01,0.98,4,-1,-1
136,9,599.04,140.73,74.75,128.27,0.99,6,-1,-1
136,10,606.62,580.65,107.48,159.96,0.99,4,-1,-1
136,11,574.21,259.68,74.93,109.62,1.00,6,-1,-1
136,12,802.64,546.05,150.37,126.73,1.00,4,-1,-1
136,13,670.15,317.52,94.95,134.08,1.00,6,-1,-1
136,15,761.63,270.36,73.27,93.87,0.99,5,-1,-1
136,16,871.58,681.00,104.96,83.26,0.81,4,-1,-1
136,18,855.48,321.85,129.14,57.72,1.00,4,-1,-1
136,20,941.95,451.13,167.14,86.78,0.99,4,-1,-1
136,29,990.13,615.02,37.78,73.73,0.99,1,-1,-1
136,31,416.35,146.61,71.82,43.33,0.95,5,-1,-1
136,32,682.22,134.33,62.19,74.69,1.00,6,-1,-1
136,34,636.90,85.13,30.62,28.77,0.96,4,-1,-1
136,35,725.30,101.28,54.53,32.87,0.98,4,-1,-1
136,36,460.69,102.40,67.46,31.60,0.86,4,-1,-1
136,38,679.69,77.15,56.11,34.42,0.86,5,-1,-1
136,42,623.51,31.30,38.67,45.98,0.99,6,-1,-1
136,43,677.81,47.18,26.48,24.66,0.95,4,-1,-1
136,45,582.98,62.95,37.66,45.48,0.61,6,-1,-1
136,67,758.15,136.63,15.95,32.85,0.53,1,-1,-1
136,54,626.08,112.76,49.22,62.58,0.96,6,-1,-1
136,50,777.79,160.58,76.40,34.88,0.64,4,-1,-1
136,73,480.85,303.56,19.82,44.18,0.93,1,-1,-1
136,76,583.14,64.03,36.71,44.40,0.86,6,-1,-1
136,44,544.21,71.25,37.61,41.61,0.52,4,-1,-1
137,3,221.71,572.78,177.65,192.28,0.88,6,-1,-1
137,4,499.54,379.14,71.14,85.31,1.00,4,-1,-1
137,5,416.77,309.94,60.56,67.76,0.99,4,-1,-1
137,6,475.39,312.34,20.55,51.52,0.98,1,-1,-1
137,7,559.72,144.68,39.13,39.79,0.99,4,-1,-1
137,9,598.07,141.24,76.25,129.51,0.99,6,-1,-1
137,10,605.55,582.41,107.65,160.42,0.98,4,-1,-1
137,11,574.12,261.00,74.56,110.63,1.00,6,-1,-1
137,12,804.01,550.39,150.60,128.07,0.99,4,-1,-1
137,13,670.77,319.05,95.01,135.22,1.00,6,-1,-1
137,15,762.29,271.88,73.50,94.07,1.00,5,-1,-1
137,16,873.64,686.75,105.51,77.40,0.85,4,-1,-1
137,18,856.33,323.86,129.77,58.06,1.00,4,-1,-1
137,20,943.45,454.72,170.87,86.66,0.99,4,-1,-1
137,29,991.17,619.59,37.76,74.17,0.98,1,-1,-1
137,31,415.44,147.52,71.89,43.29,0.96,5,-1,-1
137,32,682.23,135.16,62.93,75.12,1.00,6,-1,-1
137,34,637.38,85.21,30.06,28.39,0.96,4,-1,-1
137,35,725.67,101.97,54.49,32.64,0.99,4,-1,-1
137,36,459.66,102.45,68.05,31.80,0.69,4,-1,-1
137,38,680.21,77.61,55.22,34.27,0.94,5,-1,-1
137,42,623.90,31.12,38.00,46.30,0.98,6,-1,-1
137,43,678.21,47.19,25.91,25.04,0.94,4,-1,-1
137,45,583.04,64.66,37.01,44.46,0.97,6,-1,-1
137,67,758.55,137.59,15.59,32.61,0.54,1,-1,-1
137,54,626.72,113.31,48.38,59.41,0.94,6,-1,-1
137,50,778.73,161.48,75.03,34.55,0.63,4,-1,-1
137,73,479.68,305.19,20.26,44.61,0.84,1,-1,-1
137,44,543.91,70.99,37.61,42.22,0.71,4,-1,-1
137,77,851.66,278.34,108.01,49.52,0.73,4,-1,-1
138,3,222.14,577.53,175.17,187.93,0.89,6,-1,-1
138,4,499.06,378.64,70.93,85.92,1.00,4,-1,-1
138,5,415.43,311.51,61.17,68.50,0.98,4,-1,-1
138,6,473.82,314.32,21.05,51.62,0.99,1,-1,-1
138,7,559.66,144.15,39.22,40.00,1.00,4,-1,-1
138,9,597.65,141.46,76.82,131.17,0.99,6,-1,-1
138,10,604.58,583.89,107.73,160.58,0.99,4,-1,-1
138,11,573.19,262.02,75.57,111.01,1.00,6,-1,-1
138,12,805.07,554.43,151.81,129.09,1.00,4,-1,-1
138,13,670.41,320.67,95.60,136.18,1.00,6,-1,-1
138,15,762.77,273.07,73.59,94.41,1.00,5,-1,-1
138,16,871.01,692.08,109.65,71.97,0.79,4,-1,-1
138,18,857.16,325.79,130.01,57.89,1.00,4,-1,-1
138,20,945.09,457.91,170.05,87.14,0.99,4,-1,-1
138,29,992.68,624.26,37.75,73.76,0.99,1,-1,-1
138,31,414.61,148.41,72.34,42.69,0.98,5,-1,-1
138,32,681.90,135.49,63.21,75.27,0.99,6,-1,-1
138,34,637.76,85.04,29.87,28.42,0.96,4,-1,-1
138,35,725.45,102.71,55.64,32.08,0.99,4,-1,-1
138,36,459.21,103.50,68.28,31.72,0.81,4,-1,-1
138,38,681.19,77.95,54.88,34.14,0.96,5,-1,-1
138,42,624.26,31.62,37.74,46.12,0.98,6,-1,-1
138,43,678.29,47.06,25.70,25.31,0.94,4,-1,-1
138,45,582.71,64.72,37.35,44.77,0.83,6,-1,-1
138,67,758.64,138.24,16.03,32.37,0.56,1,-1,-1
138,54,626.34,113.82,49.20,60.77,0.93,6,-1,-1
138,50,779.03,162.25,74.52,34.42,0.66,4,-1,-1
138,73,478.36,306.11,20.40,44.75,0.92,1,-1,-1
138,44,543.45,71.27,38.20,42.60,0.44,4,-1,-1
138,77,852.86,279.88,106.43,48.89,0.54,4,-1,-1
138,78,582.29,64.62,37.57,45.30,0.98,6,-1,-1
138,79,826.90,554.54,24.76,52.94,0.69,1,-1,-1
139,3,222.62,582.77,172.25,180.00,0.94,6,-1,-1
139,4,498.98,378.62,70.83,85.70,1.00,4,-1,-1
139,5,414.38,313.60,61.51,67.91,0.99,4,-1,-1
139,6,472.79,316.43,21.79,51.64,0.99,1,-1,-1
139,7,560.00,144.11,39.24,39.64,0.99,4,-1,-1
139,9,597.00,141.97,76.99,130.69,0.99,6,-1,-1
139,10,603.99,584.90,107.70,161.72,0.98,4,-1,-1
139,11,572.64,263.40,76.48,111.67,1.00,6,-1,-1
139,12,806.25,558.60,152.46,131.08,1.00,4,-1,-1
139,13,670.58,322.94,95.21,137.04,1.00,6,-1,-1
139,15,763.22,274.23,73.58,95.34,1.00,5,-1,-1
139,16,872.97,698.13,108.65,66.08,0.77,4,-1,-1
139,18,857.70,327.77,130.31,57.80,1.00,4,-1,-1
139,20,947.29,461.56,166.24,87.28,0.99,4,-1,-1
139,29,994.81,629.50,35.46,72.44,0.98,1,-1,-1
139,31,414.46,149.14,71.91,42.44,0.98,5,-1,-1
139,32,681.80,136.04,63.28,75.85,1.00,6,-1,-1
139,34,637.93,85.12,29.79,28.25,0.96,4,-1,-1
139,35,725.67,103.39,54.91,32.18,0.99,4,-1,-1
139,36,458.61,103.76,68.90,32.04,0.79,4,-1,-1
139,38,680.75,78.46,55.87,34.43,0.93,5,-1,-1
139,42,624.46,31.90,37.62,46.12,0.99,6,-1,-1
139,43,678.07,47.39,26.19,25.49,0.96,4,-1,-1
139,45,582.95,63.91,36.90,45.94,0.97,6,-1,-1
139,67,758.96,138.98,16.18,32.42,0.88,1,-1,-1
139,54,626.54,114.44,48.91,61.10,0.95,6,-1,-1
139,50,779.42,163.03,74.30,34.23,0.80,4,-1,-1
139,73,477.41,307.89,20.45,45.40,0.91,1,-1,-1
139,44,543.10,70.52,38.96,44.16,0.51,4,-1,-1
139,77,854.76,280.27,113.07,49.43,0.36,4,-1,-1
139,78,582.17,63.86,37.61,46.54,0.97,6,-1,-1
139,79,824.66,557.25,25.47,57.77,0.89,1,-1,-1
139,80,180.15,586.98,39.70,41.84,0.87,1,-1,-1
140,3,163.36,586.55,229.43,177.30,0.82,6,-1,-1
140,4,498.08,378.51,71.37,85.78,1.00,4,-1,-1
140,5,413.56,315.18,61.51,68.54,0.97,4,-1,-1
140,6,472.12,318.02,21.51,51.95,0.99,1,-1,-1
140,7,560.14,144.01,38.12,39.52,0.99,4,-1,-1
140,9,596.23,142.55,77.61,131.51,0.99,6,-1,-1
140,10,603.50,585.89,108.26,162.76,0.98,4,-1,-1
140,11,572.73,264.60,76.25,111.09,1.00,6,-1,-1
140,12,806.41,562.96,154.67,132.96,0.99,4,-1,-1
140,13,670.95,324.61,95.61,138.50,1.00,6,-1,-1
140,15,764.00,275.63,73.58,95.99,1.00,5,-1,-1
140,16,875.42,703.66,110.48,60.71,0.59,4,-1,-1
140,18,859.08,329.77,130.99,58.35,1.00,4,-1,-1
140,20,948.70,464.04,168.21,89.04,0.99,4,-1,-1
140,29,996.81,634.86,34.56,71.39,0.99,1,-1,-1
140,31,414.56,149.50,71.31,42.79,0.99,5,-1,-1
140,32,682.10,137.06,63.31,75.94,1.00,6,-1,-1
140,34,638.31,85.06,29.78,28.27,0.95,4,-1,-1
140,35,726.10,103.90,56.37,32.51,0.99,4,-1,-1
140,36,457.83,104.54,69.15,32.07,0.90,4,-1,-1
140,38,680.92,78.96,55.68,34.42,0.91,5,-1,-1
140,42,624.01,32.40,38.15,46.26,0.99,6,-1,-1
140,43,678.32,47.80,26.37,25.48,0.97,4,-1,-1
140,67,759.42,139.66,15.67,32.44,0.73,1,-1,-1
140,54,626.37,114.78,49.37,62.47,0.95,6,-1,-1
140,50,779.91,163.86,75.39,34.45,0.77,4,-1,-1
140,73,476.50,309.64,21.07,45.94,0.94,1,-1,-1
140,44,543.27,71.03,39.25,44.41,0.61,4,-1,-1
140,77,855.37,281.38,112.67,51.59,0.41,4,-1,-1
140,79,823.31,562.52,24.96,58.07,0.88,1,-1,-1
141,3,130.71,591.97,259.97,172.36,0.84,6,-1,-1
141,4,497.72,378.72,71.03,85.39,1.00,4,-1,-1
141,5,412.39,317.23,61.52,68.77,0.99,4,-1,-1
141,6,471.86,320.76,20.84,51.21,0.99,1,-1,-1
141,7,559.84,143.90,38.28,39.48,0.99,4,-1,-1
141,9,595.61,143.09,78.41,130.96,0.98,6,-1,-1
141,10,603.35,587.46,108.49,163.70,0.99,4,-1,-1
141,11,572.73,266.09,76.18,111.14,1.00,6,-1,-1
141,12,807.87,567.65,155.24,134.19,0.99,4,-1,-1
141,13,670.50,327.08,96.91,138.60,1.00,6,-1,-1
141,15,764.54,277.72,74.15,96.22,1.00,5,-1,-1
141,16,876.34,709.59,111.17,54.86,0.70,4,-1,-1
141,18,859.85,331.64,131.54,59.10,0.99,4,-1,-1
141,20,950.90,468.30,166.70,88.56,0.99,4,-1,-1
141,29,998.70,641.03,34.25,70.43,0.98,1,-1,-1
141,31,413.84,150.47,71.52,42.21,0.97,5,-1,-1
141,32,682.16,137.83,63.32,75.54,1.00,6,-1,-1
141,34,638.95,84.91,29.79,28.45,0.97,4,-1,-1
141,35,726.49,104.46,59.19,32.49,0.99,4,-1,-1
141,36,457.48,104.64,69.24,32.39,0.86,4,-1,-1
141,38,680.92,79.39,55.61,34.69,0.96,5,-1,-1
141,42,623.50,32.18,38.93,46.75,0.99,6,-1,-1
141,43,678.64,48.22,25.88,25.27,0.96,4,-1,-1
141,67,759.83,140.63,15.48,32.74,0.72,1,-1,-1
141,54,626.25,115.36,49.55,61.72,0.97,6,-1,-1
141,50,780.05,164.32,76.94,35.10,0.44,4,-1,-1
141,73,476.44,311.46,20.13,45.83,0.97,1,-1,-1
141,44,543.00,72.08,39.36,43.68,0.70,4,-1,-1
141,77,855.77,284.06,115.77,52.25,0.51,4,-1,-1
141,79,822.08,566.97,24.78,59.45,0.93,1,-1,-1
141,45,582.02,65.49,37.45,45.46,0.96,6,-1,-1
142,3,117.13,597.83,271.71,165.96,0.79,6,-1,-1
142,4,496.98,378.95,71.47,85.64,1.00,4,-1,-1
142,5,411.80,319.23,60.53,69.39,0.99,4,-1,-1
142,6,470.88,323.72,20.01,50.35,0.98,1,-1,-1
142,7,559.90,143.90,37.77,39.31,0.99,4,-1,-1
142,9,594.43,144.15,79.83,131.12,0.98,6,-1,-1
142,10,602.71,589.62,108.57,162.86,0.98,4,-1,-1
142,11,572.09,267.74,76.71,111.68,1.00,6,-1,-1
142,12,808.87,572.28,155.97,135.67,1.00,4,-1,-1
142,13,670.51,329.18,97.39,140.10,1.00,6,-1,-1
142,15,764.60,279.97,74.92,96.25,1.00,5,-1,-1
142,16,879.94,717.36,110.25,46.93,0.63,4,-1,-1
142,18,860.25,333.62,132.55,59.34,0.99,4,-1,-1
142,20,952.10,471.68,169.50,89.43,0.99,4,-1,-1
142,29,1000.96,647.01,34.15,70.63,0.99,1,-1,-1
142,31,413.24,151.35,71.86,42.24,0.97,5,-1,-1
142,32,682.62,138.46,62.75,75.91,0.99,6,-1,-1
142,34,638.75,84.85,30.37,28.47,0.98,4,-1,-1
142,35,726.20,104.80,58.57,32.89,1.00,4,-1,-1
142,36,457.00,105.53,69.26,32.45,0.89,4,-1,-1
142,38,681.92,79.45,55.57,34.88,0.94,5,-1,-1
142,42,623.72,32.48,38.65,46.56,0.99,6,-1,-1
142,43,678.33,49.00,26.26,25.21,0.96,4,-1,-1
142,67,760.11,141.18,15.41,32.84,0.61,1,-1,-1
142,54,625.81,116.01,49.61,63.34,0.96,6,-1,-1
142,50,780.22,164.88,77.51,35.47,0.55,4,-1,-1
142,73,476.13,313.37,19.77,45.77,0.95,1,-1,-1
142,44,542.79,73.16,38.82,43.29,0.78,4,-1,-1
142,77,856.95,285.02,115.48,51.77,0.91,4,-1,-1
142,79,819.39,571.22,26.67,61.12,0.91,1,-1,-1
142,45,581.95,65.01,37.62,46.19,0.78,6,-1,-1
142,81,581.86,64.35,37.57,46.96,0.96,6,-1,-1
143,3,157.14,603.43,231.01,160.34,0.57,6,-1,-1
143,4,496.82,379.16,71.05,85.32,1.00,4,-1,-1
143,5,410.88,321.13,60.99,69.90,0.99,4,-1,-1
143,6,470.66,325.42,19.70,50.89,0.99,1,-1,-1
143,7,560.08,143.96,37.58,39.11,0.99,4,-1,-1
143,9,593.03,144.66,81.44,131.32,0.99,6,-1,-1
143,10,601.98,591.23,108.55,163.11,0.98,4,-1,-1
143,11,571.98,269.16,76.88,112.73,1.00,6,-1,-1
143,12,809.55,576.45,157.02,137.34,1.00,4,-1,-1
143,13,670.34,331.19,98.08,142.21,1.00,6,-1,-1
143,15,765.01,282.07,75.18,95.98,1.00,5,-1,-1
143,16,882.41,723.95,108.72,40.32,0.23,4,-1,-1
143,18,861.33,335.77,133.18,60.01,0.99,4,-1,-1
143,20,953.70,474.88,172.76,90.90,1.00,4,-1,-1
143,29,1003.50,653.40,32.95,70.15,0.99,1,-1,-1
143,31,412.76,152.18,72.40,42.84,1.00,5,-1,-1
143,32,682.94,138.96,62.51,77.05,0.99,6,-1,-1
143,34,639.11,84.72,30.58,28.67,0.98,4,-1,-1
143,35,726.24,105.50,57.17,32.91,0.99,4,-1,-1
143,36,457.56,106.45,68.68,32.48,0.93,4,-1,-1
143,38,681.60,80.28,56.11,34.99,0.95,5,-1,-1
143,42,623.99,32.75,38.53,47.28,0.98,6,-1,-1
143,43,678.38,49.74,26.40,25.00,0.98,4,-1,-1
143,67,760.64,142.45,15.38,32.45,0.74,1,-1,-1
143,54,625.80,116.37,49.61,61.42,0.95,6,-1,-1
143,50,780.42,166.29,78.28,35.34,0.53,4,-1,-1
143,73,475.57,314.98,20.23,46.61,0.97,1,-1,-1
143,44,542.32,72.65,39.17,44.67,0.65,4,-1,-1
143,77,858.03,286.37,120.04,52.48,0.67,4,-1,-1
143,79,816.19,576.43,27.87,64.09,0.66,1,-1,-1
143,45,581.52,64.62,38.24,47.23,0.84,6,-1,-1
144,3,119.19,608.48,266.32,154.96,0.40,6,-1,-1
144,4,496.22,379.69,71.47,85.90,1.00,4,-1,-1
144,5,409.60,323.79,61.31,69.80,0.99,4,-1,-1
144,6,469.46,327.99,20.18,50.52,0.99,1,-1,-1
144,7,560.14,144.08,36.94,39.18,0.99,4,-1,-1
144,9,592.23,145.49,82.60,131.02,0.99,6,-1,-1
144,10,600.90,593.21,109.11,163.18,0.99,4,-1,-1
144,11,571.96,270.65,76.94,112.27,1.00,6,-1,-1
144,12,810.64,581.25,158.24,139.04,0.99,4,-1,-1
144,13,670.29,333.15,98.90,143.10,1.00,6,-1,-1
144,15,765.44,283.93,75.83,96.99,0.99,5,-1,-1
144,16,885.01,730.09,109.25,34.14,0.13,4,-1,-1
144,18,862.84,337.91,133.39,60.25,1.00,4,-1,-1
144,20,955.38,479.05,173.98,90.86,0.98,4,-1,-1
144,29,1004.98,658.71,33.67,71.12,0.99,1,-1,-1
144,31,413.74,152.84,70.90,43.19,1.00,5,-1,-1
144,32,683.05,140.55,62.99,76.61,1.00,6,-1,-1
144,34,639.79,84.45,30.10,28.91,0.98,4,-1,-1
144,35,725.95,106.25,57.77,33.05,0.98,4,-1,-1
144,36,457.22,107.47,69.03,32.38,0.90,4,-1,-1
144,38,681.75,81.02,55.75,35.03,0.94,5,-1,-1
144,42,624.09,33.22,38.48,47.40,0.98,6,-1,-1
144,43,678.38,50.01,26.45,25.06,0.97,4,-1,-1
144,67,760.81,142.83,15.94,33.16,0.56,1,-1,-1
144,54,625.23,116.93,50.74,67.03,0.98,6,-1,-1
144,50,780.76,167.94,77.43,34.71,0.52,4,-1,-1
144,73,475.40,317.39,20.39,46.06,0.95,1,-1,-1
144,44,542.14,73.03,39.30,45.10,0.77,4,-1,-1
144,77,858.09,288.99,116.09,52.40,0.81,4,-1,-1
144,79,813.05,582.50,30.04,66.27,0.86,1,-1,-1
144,45,581.92,66.18,37.34,46.49,0.84,6,-1,-1
144,82,691.15,92.96,17.93,36.93,0.68,1,-1,-1
145,3,184.20,618.38,199.33,149.69,0.13,5,-1,-1
145,4,495.66,383.26,71.70,86.99,0.99,4,-1,-1
145,5,408.18,328.66,62.05,70.33,0.97,4,-1,-1
145,6,468.10,333.36,20.95,50.69,0.98,1,-1,-1
145,7,560.33,145.79,36.74,39.36,0.98,4,-1,-1
145,9,591.29,148.21,84.24,132.15,0.94,6,-1,-1
145,10,600.60,599.32,108.87,161.53,0.98,4,-1,-1
145,11,571.90,273.89,77.60,114.37,1.00,6,-1,-1
145,12,812.06,590.50,159.09,141.89,1.00,4,-1,-1
145,13,670.85,338.50,98.73,144.01,1.00,6,-1,-1
145,15,765.63,286.94,76.71,100.48,1.00,5,-1,-1
145,18,864.64,343.41,132.42,59.74,1.00,4,-1,-1
145,20,958.45,486.87,177.92,91.93,0.99,4,-1,-1
145,29,1009.78,670.08,30.57,71.50,0.98,1,-1,-1
145,31,412.39,155.78,71.08,43.74,1.00,5,-1,-1
145,32,682.47,143.23,64.35,77.79,0.99,6,-1,-1
145,34,640.22,85.81,29.95,28.79,0.97,4,-1,-1
145,35,726.37,108.37,57.47,33.23,0.99,4,-1,-1
145,36,456.65,109.55,69.77,32.29,0.86,4,-1,-1
145,38,682.58,83.28,54.51,34.82,0.89,5,-1,-1
145,42,623.43,34.70,39.07,47.75,1.00,6,-1,-1
145,43,678.29,51.93,26.49,24.53,0.96,4,-1,-1
145,67,761.14,145.74,16.16,33.29,0.72,1,-1,-1
145,54,625.21,119.00,51.21,70.85,0.97,6,-1,-1
145,50,781.46,170.52,78.28,36.03,0.71,4,-1,-1
145,73,475.27,321.71,20.49,46.14,0.98,1,-1,-1
145,44,541.65,75.58,39.38,44.70,0.81,4,-1,-1
145,77,859.32,293.22,117.45,51.15,0.52,4,-1,-1
145,79,811.57,593.97,30.31,68.19,0.88,1,-1,-1
145,45,581.68,67.84,37.58,46.23,0.90,6,-1,-1
145,82,691.10,93.79,17.97,37.78,0.66,1,-1,-1
146,3,214.12,647.44,166.05,124.36,0.21,6,-1,-1
146,4,494.36,404.26,71.23,87.27,1.00,4,-1,-1
146,5,405.70,350.91,62.91,71.09,0.99,4,-1,-1
146,6,466.78,356.51,20.68,49.63,0.98,1,-1,-1
146,7,559.87,165.55,36.68,39.43,0.97,4,-1,-1
146,9,590.67,169.25,84.30,131.87,0.94,6,-1,-1
146,10,599.15,623.96,108.78,146.67,0.96,4,-1,-1
146,11,571.06,295.41,77.86,115.73,1.00,6,-1,-1
146,12,814.04,617.61,160.25,142.95,0.99,4,-1,-1
146,13,670.26,361.08,99.23,145.74,0.99,6,-1,-1
146,15,765.18,308.78,77.61,101.80,1.00,5,-1,-1
146,18,864.52,365.75,133.46,60.96,1.00,4,-1,-1
146,20,960.20,512.60,179.42,92.32,0.97,4,-1,-1
146,29,1013.44,699.11,30.56,66.55,0.95,1,-1,-1
146,31,411.77,177.18,71.02,43.39,0.98,5,-1,-1
146,32,682.01,164.68,64.32,78.38,0.99,6,-1,-1
146,34,638.99,105.32,31.04,29.00,0.99,4,-1,-1
146,35,726.30,129.39,59.07,32.46,0.98,4,-1,-1
146,36,456.73,130.34,68.93,31.83,0.49,4,-1,-1
146,38,682.96,103.68,53.48,34.57,0.90,5,-1,-1
146,42,622.65,54.54,39.29,48.85,0.96,6,-1,-1
146,43,677.17,71.42,27.65,25.68,0.94,4,-1,-1
146,54,625.23,139.22,50.83,69.76,0.86,6,-1,-1
146,50,781.50,191.30,79.18,36.73,0.38,4,-1,-1
146,73,474.14,344.05,20.52,46.75,0.94,1,-1,-1
146,44,540.37,94.49,40.54,46.45,0.44,4,-1,-1
146,77,858.98,314.94,115.89,52.14,0.68,4,-1,-1
146,79,810.31,623.06,29.23,68.28,0.91,1,-1,-1
146,45,580.21,85.86,38.24,48.27,0.66,6,-1,-1
146,82,690.06,112.38,19.30,38.66,0.35,1,-1,-1
147,3,229.13,676.88,146.10,94.05,0.32,6,-1,-1
147,4,493.69,426.40,70.95,88.32,0.99,4,-1,-1
147,5,404.43,374.30,63.71,72.18,0.99,4,-1,-1
147,6,465.89,380.10,21.11,49.77,0.96,1,-1,-1
147,7,560.12,187.39,36.62,39.59,0.98,4,-1,-1
147,9,590.32,192.47,84.14,130.26,0.95,6,-1,-1
147,10,599.09,648.86,106.86,123.73,0.87,4,-1,-1
147,11,570.27,318.24,78.39,115.89,1.00,6,-1,-1
147,12,816.18,645.39,161.87,126.99,0.94,4,-1,-1
147,13,670.57,384.71,99.25,146.99,0.98,6,-1,-1
147,15,765.75,331.95,77.82,102.51,1.00,5,-1,-1
147,18,865.08,389.81,134.27,61.13,1.00,4,-1,-1
147,20,961.87,538.08,176.37,94.14,0.99,4,-1,-1
147,29,1017.37,728.79,32.84,44.11,0.53,1,-1,-1
147,31,412.25,200.02,70.49,43.53,0.99,5,-1,-1
147,32,681.60,188.02,64.77,79.47,0.99,6,-1,-1
147,34,639.46,127.96,31.41,28.89,0.95,4,-1,-1
147,35,726.56,152.78,57.91,32.16,0.98,4,-1,-1
147,36,457.90,153.30,68.52,31.52,0.79,4,-1,-1
147,38,683.44,127.09,53.04,34.01,0.89,5,-1,-1
147,42,623.07,78.83,38.75,47.66,0.93,6,-1,-1
147,43,677.39,94.27,27.48,25.95,0.92,4,-1,-1
147,54,625.37,162.62,51.16,71.72,0.95,6,-1,-1
147,50,781.44,214.62,78.86,36.44,0.28,4,-1,-1
147,73,473.86,367.66,20.50,46.37,0.94,1,-1,-1
147,44,541.21,115.63,39.79,48.33,0.30,4,-1,-1
147,77,859.50,338.39,113.97,50.78,0.29,4,-1,-1
147,79,809.11,652.99,27.54,69.34,0.91,1,-1,-1
147,45,580.39,108.62,38.43,49.17,0.73,6,-1,-1
147,82,690.40,135.31,19.07,39.90,0.32,1,-1,-1
148,4,495.23,467.12,68.25,92.05,0.99,4,-1,-1
148,5,405.44,418.10,61.82,72.52,0.99,4,-1,-1
148,6,466.66,422.16,20.27,51.68,0.96,1,-1,-1
148,7,561.59,224.84,35.57,40.19,0.99,4,-1,-1
148,9,591.60,232.49,82.71,129.58,0.93,6,-1,-1
148,10,599.41,698.16,107.55,78.24,0.53,4,-1,-1
148,11,572.73,357.82,76.63,117.57,0.97,6,-1,-1
148,13,673.37,426.82,98.50,153.41,0.96,5,-1,-1
148,15,768.63,371.98,75.91,104.79,1.00,5,-1,-1
148,18,868.13,431.56,134.78,62.41,0.99,4,-1,-1
148,20,967.36,584.48,189.08,96.79,0.97,4,-1,-1
148,31,412.88,240.07,69.30,42.63,0.97,5,-1,-1
148,32,682.92,226.64,62.89,81.50,0.99,6,-1,-1
148,34,640.95,164.08,30.50,30.67,0.92,4,-1,-1
148,35,728.41,192.06,55.86,29.81,0.93,4,-1,-1
148,36,461.59,190.82,63.94,30.60,0.55,4,-1,-1
148,38,687.86,164.93,46.69,34.02,0.92,5,-1,-1
148,42,621.90,102.28,40.95,60.63,0.77,6,-1,-1
148,43,678.50,131.73,25.80,26.30,0.83,4,-1,-1
148,54,628.19,201.04,48.66,73.29,0.94,6,-1,-1
148,73,474.86,408.86,19.47,48.21,0.94,1,-1,-1
148,44,542.77,148.52,40.19,52.75,0.48,4,-1,-1
148,79,811.26,707.38,25.86,58.91,0.91,1,-1,-1
148,45,581.42,145.75,38.06,49.65,0.13,6,-1,-1
149,4,496.67,536.35,67.65,94.56,0.99,4,-1,-1
149,5,406.86,489.21,61.51,73.78,0.99,4,-1,-1
149,6,468.79,491.97,19.86,53.64,0.95,1,-1,-1
149,7,566.06,292.68,33.96,40.14,0.99,4,-1,-1
149,9,594.58,302.00,81.91,127.90,0.73,6,-1,-1
149,11,574.31,425.32,78.04,123.53,0.99,6,-1,-1
149,13,678.05,496.99,99.10,158.56,0.96,6,-1,-1
149,15,772.74,439.98,76.12,108.02,1.00,5,-1,-1
149,18,873.56,501.23,135.07,64.08,0.99,4,-1,-1
149,20,975.38,658.63,196.85,99.54,0.93,4,-1,-1
149,31,415.84,308.69,69.75,43.76,0.98,5,-1,-1
149,32,685.81,294.85,61.44,80.86,0.93,6,-1,-1
149,34,644.28,231.91,30.67,31.05,0.93,4,-1,-1
149,35,730.62,260.02,51.54,29.13,0.90,4,-1,-1
149,36,467.03,259.61,62.67,31.75,0.21,4,-1,-1
149,38,690.17,233.15,46.00,34.34,0.59,5,-1,-1
149,42,624.54,166.82,42.25,64.98,0.54,6,-1,-1
149,43,681.42,201.07,24.51,26.58,0.87,4,-1,-1
149,54,632.04,269.48,47.54,71.02,0.64,6,-1,-1
149,73,477.32,479.64,17.83,48.03,0.90,1,-1,-1
149,45,584.09,214.99,37.83,48.84,0.25,6,-1,-1
149,83,679.19,497.34,98.19,159.66,0.95,6,-1,-1
150,4,495.06,602.72,69.11,95.02,0.99,4,-1,-1
150,5,404.61,557.27,63.21,75.43,0.98,4,-1,-1
150,6,467.76,561.24,19.68,52.74,0.97,1,-1,-1
150,7,568.04,358.13,34.53,40.15,0.98,4,-1,-1
150,9,595.50,367.91,83.21,129.38,0.95,6,-1,-1
150,11,573.75,491.63,80.74,127.51,0.99,6,-1,-1
150,13,678.31,564.91,102.60,160.62,0.94,6,-1,-1
150,15,775.38,507.17,78.39,109.86,1.00,5,-1,-1
150,18,878.08,569.69,137.42,64.26,0.99,4,-1,-1
150,31,419.41,375.97,68.05,43.11,0.95,5,-1,-1
150,32,686.98,361.77,62.57,80.09,0.98,6,-1,-1
150,34,645.92,299.10,31.85,30.10,0.83,4,-1,-1
150,35,731.52,326.35,51.11,29.82,0.94,4,-1,-1
150,36,470.50,327.01,62.24,31.66,0.54,4,-1,-1
150,38,691.12,300.80,46.36,34.22,0.72,5,-1,-1
150,43,682.05,269.97,25.20,25.73,0.53,4,-1,-1
150,54,633.84,335.45,48.25,70.97,0.65,6,-1,-1
150,73,476.32,547.35,18.40,49.12,0.91,1,-1,-1
150,45,586.38,284.66,37.70,47.41,0.19,6,-1,-1
150,82,691.48,302.46,43.84,34.44,0.74,4,-1,-1
151,4,491.75,624.04,71.23,91.82,1.00,4,-1,-1
151,5,400.61,579.38,65.70,76.62,0.99,4,-1,-1
151,6,464.70,584.72,21.28,52.93,0.96,1,-1,-1
151,7,567.63,382.74,36.41,38.75,0.99,4,-1,-1
151,9,593.01,391.54,85.77,127.39,0.99,6,-1,-1
151,11,572.56,516.38,81.57,121.82,1.00,6,-1,-1
151,13,676.44,588.65,106.49,161.35,1.00,6,-1,-1
151,15,775.25,531.62,80.77,108.87,0.99,5,-1,-1
151,18,879.35,592.72,139.26,64.41,1.00,4,-1,-1
151,31,418.53,400.51,69.93,43.04,0.99,5,-1,-1
151,32,686.50,387.01,63.44,75.55,0.99,6,-1,-1
151,34,647.12,326.64,31.68,27.74,0.98,4,-1,-1
151,35,730.09,352.72,55.58,30.68,0.99,4,-1,-1
151,36,467.23,354.37,66.66,30.81,0.77,4,-1,-1
151,38,688.87,328.22,48.78,33.07,0.95,5,-1,-1
151,43,682.07,298.92,25.40,23.11,0.80,4,-1,-1
151,54,632.21,362.96,47.84,69.80,0.97,6,-1,-1
151,73,472.77,569.42,20.27,49.51,0.96,1,-1,-1
151,45,587.32,313.64,37.01,44.59,0.77,6,-1,-1
151,84,587.41,315.48,36.71,44.40,0.81,6,-1,-1
151,85,692.85,338.96,18.78,34.15,0.65,1,-1,-1
151,67,764.53,389.65,14.70,30.97,0.81,1,-1,-1
152,4,491.11,623.87,71.48,90.46,1.00,4,-1,-1
152,5,399.74,580.89,65.79,76.42,1.00,4,-1,-1
152,6,463.63,586.73,21.31,52.96,0.96,1,-1,-1
152,7,567.89,384.37,37.10,37.60,0.99,4,-1,-1
152,9,591.65,392.43,87.30,127.24,0.99,6,-1,-1
152,11,572.31,518.39,81.89,122.78,1.00,6,-1,-1
152,13,675.89,590.65,108.52,161.41,1.00,6,-1,-1
152,15,775.26,533.63,81.66,108.33,1.00,5,-1,-1
152,18,880.97,594.62,139.90,64.34,1.00,4,-1,-1
152,31,417.72,402.10,71.58,43.38,1.00,5,-1,-1
152,32,687.23,389.78,62.65,72.85,0.99,6,-1,-1
152,34,648.16,328.94,32.18,27.10,0.97,4,-1,-1
152,35,729.61,354.88,56.02,30.97,0.99,4,-1,-1
152,36,466.22,357.22,68.24,29.87,0.78,4,-1,-1
152,38,687.23,330.40,51.36,33.45,0.98,5,-1,-1
152,43,682.66,302.73,24.91,21.79,0.93,4,-1,-1
152,54,631.66,366.06,47.70,70.11,0.96,6,-1,-1
152,73,471.50,570.35,20.96,49.61,0.98,1,-1,-1
152,45,587.73,318.20,36.75,42.61,0.85,6,-1,-1
152,67,764.70,390.94,14.52,30.44,0.76,1,-1,-1
152,77,873.85,542.04,111.50,51.21,0.64,4,-1,-1
152,44,550.85,322.92,36.46,42.31,0.69,4,-1,-1
153,4,491.36,623.68,72.72,89.98,1.00,4,-1,-1
153,5,399.89,582.37,66.39,76.91,0.99,4,-1,-1
153,6,463.70,588.69,21.89,52.99,0.97,1,-1,-1
153,7,569.60,384.79,38.50,36.92,0.99,4,-1,-1
153,9,591.95,392.69,88.99,127.11,1.00,6,-1,-1
153,11,573.57,519.51,82.57,122.60,1.00,6,-1,-1
153,13,676.77,592.62,110.41,160.87,1.00,6,-1,-1
153,15,777.50,535.35,82.00,108.70,1.00,5,-1,-1
153,18,883.25,596.58,141.28,64.90,1.00,4,-1,-1
153,31,419.41,403.02,70.68,42.96,1.00,5,-1,-1
153,32,689.18,390.56,61.79,72.50,0.99,6,-1,-1
153,34,650.21,329.82,34.05,26.60,0.96,4,-1,-1
153,35,731.41,355.76,56.78,31.10,0.98,4,-1,-1
153,36,467.69,358.45,67.75,29.54,0.84,4,-1,-1
153,38,688.02,331.53,51.80,33.05,0.96,5,-1,-1
153,43,684.28,304.09,24.74,21.06,0.95,4,-1,-1
153,54,632.54,367.83,48.24,70.80,0.96,6,-1,-1
153,73,471.78,571.34,21.78,49.10,0.98,1,-1,-1
153,45,588.96,318.27,37.24,43.39,0.96,6,-1,-1
153,67,766.78,391.63,13.88,30.29,0.86,1,-1,-1
153,77,876.24,543.97,112.30,52.50,0.93,4,-1,-1
153,44,552.79,325.88,35.94,40.78,0.69,4,-1,-1
153,50,787.36,415.53,76.38,33.74,0.87,4,-1,-1
153,42,632.81,281.76,35.97,47.56,0.65,6,-1,-1
154,4,492.76,623.30,73.18,89.77,1.00,4,-1,-1
154,5,400.72,583.41,67.17,77.62,0.99,4,-1,-1
154,6,465.04,589.89,22.10,52.98,0.96,1,-1,-1
154,7,572.03,384.79,37.36,36.96,0.99,4,-1,-1
154,9,592.20,393.32,90.74,126.48,1.00,6,-1,-1
154,11,575.31,520.72,82.82,122.47,1.00,6,-1,-1
154,13,678.62,594.09,111.10,160.56,1.00,6,-1,-1
154,15,780.38,537.30,82.11,108.78,0.99,5,-1,-1
154,18,886.40,598.59,141.76,65.07,1.00,4,-1,-1
154,31,424.00,403.77,67.91,42.93,1.00,5,-1,-1
154,32,691.12,390.94,62.04,72.22,0.99,6,-1,-1
154,34,653.03,329.98,34.75,26.71,0.98,4,-1,-1
154,35,733.29,356.17,57.63,31.42,0.99,4,-1,-1
154,36,470.03,359.30,66.98,29.42,0.96,4,-1,-1
154,38,690.08,332.18,51.97,33.17,0.94,5,-1,-1
154,43,686.37,304.51,24.68,21.41,0.97,4,-1,-1
154,54,635.23,368.59,47.88,70.88,0.96,6,-1,-1
154,73,472.90,573.06,21.55,49.44,0.97,1,-1,-1
154,45,590.92,318.25,37.42,43.95,0.84,6,-1,-1
154,67,769.03,391.96,14.24,30.81,0.85,1,-1,-1
154,77,878.33,545.39,118.26,54.04,0.84,4,-1,-1
154,44,554.77,326.69,36.35,40.63,0.70,4,-1,-1
154,50,789.18,416.16,77.86,34.00,0.78,4,-1,-1
154,42,635.15,286.64,35.12,43.48,0.71,6,-1,-1
155,4,494.15,622.85,72.78,90.28,1.00,4,-1,-1
155,5,400.91,585.10,68.14,77.88,0.99,4,-1,-1
155,6,465.84,591.36,22.18,52.98,0.96,1,-1,-1
155,7,574.33,384.75,35.76,36.99,0.99,4,-1,-1
155,9,592.32,393.49,91.37,126.27,1.00,6,-1,-1
155,11,575.97,521.96,84.01,122.98,1.00,6,-1,-1
155,13,680.43,596.53,111.30,162.10,1.00,6,-1,-1
155,15,782.01,539.10,82.68,109.36,0.99,5,-1,-1
155,18,888.39,600.69,143.05,65.13,1.00,4,-1,-1
155,31,424.24,404.67,69.18,42.50,0.98,5,-1,-1
155,32,693.28,391.29,62.14,72.73,0.99,6,-1,-1
155,34,655.49,329.98,36.13,26.48,0.97,4,-1,-1
155,35,735.15,356.54,59.07,31.83,0.99,4,-1,-1
155,36,471.17,359.80,67.25,29.39,0.98,4,-1,-1
155,38,690.60,332.77,53.72,32.66,0.97,5,-1,-1
155,43,688.59,305.30,24.10,20.68,0.96,4,-1,-1
155,54,636.53,368.66,48.88,72.74,0.95,6,-1,-1
155,73,473.33,574.46,22.00,49.57,0.96,1,-1,-1
155,45,592.51,321.14,36.92,41.33,0.87,6,-1,-1
155,67,770.74,392.17,14.37,31.58,0.86,1,-1,-1
155,77,880.51,547.27,117.07,54.07,0.96,4,-1,-1
155,44,555.80,326.87,37.65,41.19,0.78,4,-1,-1
155,50,791.63,417.33,74.33,33.08,0.92,4,-1,-1
155,42,637.23,288.12,34.27,42.45,0.83,6,-1,-1
155,86,591.68,321.67,37.57,40.98,0.76,4,-1,-1
156,4,493.25,622.70,72.63,89.86,1.00,4,-1,-1
156,5,399.87,586.84,68.22,78.49,0.99,4,-1,-1
156,6,464.73,593.00,22.77,53.53,0.95,1,-1,-1
156,7,574.50,384.48,34.59,37.28,0.99,4,-1,-1
156,9,590.87,393.56,93.27,126.17,1.00,6,-1,-1
156,11,576.15,522.96,83.34,123.67,1.00,6,-1,-1
156,13,680.75,597.92,111.36,163.14,1.00,6,-1,-1
156,15,781.66,540.54,83.45,110.08,1.00,5,-1,-1
156,18,889.54,602.48,143.49,65.66,1.00,4,-1,-1
156,31,423.15,405.33,69.64,43.17,1.00,5,-1,-1
156,32,693.39,391.82,62.75,73.33,1.00,6,-1,-1
156,34,656.26,329.70,37.19,26.68,0.97,4,-1,-1
156,35,735.43,356.93,59.04,31.97,0.99,4,-1,-1
156,36,470.38,360.72,67.92,29.37,0.96,4,-1,-1
156,38,691.77,332.97,52.70,33.03,0.95,5,-1,-1
156,43,688.42,305.69,24.46,20.71,0.97,4,-1,-1
156,54,636.05,369.51,48.70,73.39,0.95,6,-1,-1
156,73,472.36,575.53,22.18,50.72,0.96,1,-1,-1
156,45,592.98,321.35,36.74,41.50,0.93,6,-1,-1
156,67,770.68,392.64,14.43,31.58,0.86,1,-1,-1
156,77,881.16,548.72,115.43,53.46,0.97,4,-1,-1
156,44,555.78,327.23,37.57,41.70,0.88,4,-1,-1
156,50,791.85,417.86,75.31,33.45,0.93,4,-1,-1
156,42,637.00,288.88,34.57,42.74,0.83,6,-1,-1
157,4,492.56,622.81,72.60,89.73,1.00,4,-1,-1
157,5,399.11,588.73,67.43,78.72,0.99,4,-1,-1
157,6,463.94,595.39,22.45,53.18,0.95,1,-1,-1
157,7,574.45,384.17,34.77,37.41,0.99,4,-1,-1
157,9,589.14,393.07,94.57,126.74,0.99,6,-1,-1
157,11,575.59,524.27,83.67,123.95,1.00,6,-1,-1
157,13,681.12,600.48,111.40,161.85,1.00,6,-1,-1
157,15,781.77,541.98,84.33,110.36,0.99,5,-1,-1
157,18,889.97,604.32,144.82,65.86,1.00,4,-1,-1
157,31,421.31,405.92,70.83,43.71,1.00,5,-1,-1
157,32,693.66,392.76,62.45,73.45,1.00,6,-1,-1
157,34,657.28,329.48,38.16,26.76,0.98,4,-1,-1
157,35,735.49,357.37,57.36,32.31,0.99,4,-1,-1
157,36,470.78,361.09,67.06,29.65,0.95,4,-1,-1
157,38,691.04,333.33,53.45,33.17,0.96,5,-1,-1
157,43,688.29,305.68,24.61,21.03,0.98,4,-1,-1
157,54,636.36,369.99,48.66,73.22,0.93,6,-1,-1
157,73,470.78,577.16,22.81,50.60,0.98,1,-1,-1
157,45,592.77,322.58,36.69,41.00,0.92,6,-1,-1
157,67,770.90,393.26,14.46,31.59,0.89,1,-1,-1
157,77,881.96,551.00,113.69,52.08,0.93,4,-1,-1
157,44,555.64,327.79,37.56,41.63,0.92,4,-1,-1
157,50,791.62,418.36,76.26,33.59,0.96,4,-1,-1
157,42,636.52,287.93,34.72,43.49,0.67,6,-1,-1
158,4,492.12,622.53,72.00,89.67,1.00,4,-1,-1
158,5,398.39,590.46,67.65,78.78,0.99,4,-1,-1
158,6,463.19,597.60,22.31,52.47,0.97,1,-1,-1
158,7,574.20,383.33,35.97,38.60,0.98,4,-1,-1
158,9,587.46,392.71,96.12,127.10,0.99,6,-1,-1
158,11,575.44,524.98,83.75,124.58,0.99,6,-1,-1
158,13,680.73,602.48,112.48,160.15,1.00,6,-1,-1
158,15,782.11,543.30,84.62,110.99,0.99,5,-1,-1
158,18,890.09,606.34,146.39,65.92,1.00,4,-1,-1
158,31,420.99,406.50,70.99,44.05,0.99,5,-1,-1
158,32,693.52,392.36,62.88,74.77,0.99,6,-1,-1
158,34,658.28,329.25,39.06,26.80,0.97,4,-1,-1
158,35,735.28,357.65,57.26,32.43,0.99,4,-1,-1
158,36,469.31,361.18,68.43,30.34,0.93,4,-1,-1
158,38,691.12,333.44,53.71,33.52,0.97,5,-1,-1
158,43,688.59,305.64,24.66,21.44,0.97,4,-1,-1
158,54,635.97,371.41,49.76,70.73,0.99,6,-1,-1
158,73,470.01,578.81,22.48,50.54,0.97,1,-1,-1
158,45,592.47,323.28,36.66,40.84,0.96,6,-1,-1
158,67,771.31,393.76,14.47,31.59,0.84,1,-1,-1
158,77,882.81,552.36,115.29,53.26,0.91,4,-1,-1
158,44,555.38,327.95,37.54,41.63,0.75,4,-1,-1
158,50,792.13,418.96,77.74,34.07,0.89,4,-1,-1
158,42,636.69,287.98,34.20,43.51,0.63,6,-1,-1
159,4,491.69,622.17,71.78,89.64,1.00,4,-1,-1
159,5,397.02,592.48,68.58,78.78,0.99,4,-1,-1
159,6,462.65,599.51,22.25,52.77,0.98,1,-1,-1
159,7,574.92,382.89,35.86,39.32,0.98,4,-1,-1
159,9,585.71,392.57,97.80,127.24,0.99,6,-1,-1
159,11,575.10,525.50,84.34,127.05,1.00,6,-1,-1
159,13,680.57,604.86,112.31,158.34,1.00,6,-1,-1
159,15,782.77,544.87,84.15,111.20,1.00,5,-1,-1
159,18,891.21,608.43,146.96,65.92,0.99,4,-1,-1
159,31,419.01,407.13,72.61,44.03,0.99,5,-1,-1
159,32,693.44,393.17,63.06,74.57,1.00,6,-1,-1
159,34,659.16,329.01,41.05,27.10,0.97,4,-1,-1
159,35,734.89,357.87,57.79,32.75,0.99,4,-1,-1
159,36,469.02,361.48,68.94,30.31,0.88,4,-1,-1
159,38,691.12,333.59,53.81,33.93,0.96,5,-1,-1
159,43,688.38,305.88,25.26,21.60,0.98,4,-1,-1
159,54,636.36,371.91,49.62,69.46,0.98,6,-1,-1
159,73,468.90,580.53,22.91,49.94,0.98,1,-1,-1
159,45,592.04,323.20,37.23,41.08,0.98,6,-1,-1
159,67,771.43,394.20,14.48,31.59,0.88,1,-1,-1
159,77,883.64,553.93,115.88,53.13,0.94,4,-1,-1
159,44,555.24,328.69,37.54,41.35,0.81,4,-1,-1
159,50,792.30,419.42,77.74,34.25,0.88,4,-1,-1
159,42,636.42,288.08,34.61,44.14,0.57,6,-1,-1
160,4,491.27,621.74,71.69,89.63,1.00,4,-1,-1
160,5,395.14,594.01,70.03,79.32,0.99,4,-1,-1
160,6,461.35,600.71,22.79,53.44,0.97,1,-1,-1
160,7,574.91,382.45,35.25,39.60,0.97,4,-1,-1
160,9,584.53,392.80,99.51,127.86,0.99,6,-1,-1
160,11,574.71,526.78,85.10,125.72,1.00,6,-1,-1
160,13,680.78,606.82,112.75,157.06,1.00,6,-1,-1
160,15,782.71,545.98,85.07,111.25,0.99,5,-1,-1
160,18,891.58,610.30,147.13,65.91,1.00,4,-1,-1
160,31,417.73,407.62,73.76,44.31,0.99,5,-1,-1
160,32,693.97,394.60,62.54,73.35,0.99,6,-1,-1
160,34,660.59,328.93,41.80,26.94,0.98,4,-1,-1
160,35,735.32,358.37,57.41,32.87,0.99,4,-1,-1
160,36,467.51,361.55,69.68,30.87,0.81,4,-1,-1
160,38,691.13,334.34,53.83,33.52,0.96,5,-1,-1
160,43,688.59,305.95,24.92,21.95,0.98,4,-1,-1
160,54,636.52,372.78,48.98,68.84,0.99,6,-1,-1
160,73,467.67,582.26,23.06,49.70,0.98,1,-1,-1
160,45,591.89,322.86,37.43,41.75,0.93,6,-1,-1
160,67,771.75,394.93,14.48,31.30,0.89,1,-1,-1
160,77,883.91,555.33,118.35,53.63,0.85,4,-1,-1
160,44,554.63,329.07,38.10,41.26,0.72,4,-1,-1
160,50,792.63,420.16,78.29,34.61,0.91,4,-1,-1
160,42,636.04,288.67,34.76,43.82,0.74,6,-1,-1
161,4,491.10,621.34,71.09,89.63,1.00,4,-1,-1
161,5,394.15,595.68,70.57,79.52,0.99,4,-1,-1
161,6,460.57,602.25,22.99,54.26,0.96,1,-1,-1
161,7,575.13,382.17,34.45,39.42,0.92,4,-1,-1
161,9,582.68,392.47,101.25,129.09,0.99,6,-1,-1
161,11,574.25,527.55,85.39,125.18,1.00,6,-1,-1
161,13,680.54,609.21,112.90,154.86,1.00,6,-1,-1
161,15,783.20,547.50,85.41,112.38,0.99,5,-1,-1
161,18,892.22,611.80,147.17,66.46,1.00,4,-1,-1
161,31,418.05,408.22,73.07,44.27,0.99,5,-1,-1
161,32,693.56,395.84,62.92,72.47,0.98,6,-1,-1
161,34,661.90,329.05,42.62,26.88,0.98,4,-1,-1
161,35,735.16,358.82,56.70,32.91,0.99,4,-1,-1
161,36,467.18,361.58,69.96,31.36,0.83,4,-1,-1
161,38,691.95,334.76,53.27,33.65,0.95,5,-1,-1
161,43,688.62,306.10,24.79,22.09,0.97,4,-1,-1
161,54,635.96,372.52,49.31,71.17,0.89,6,-1,-1
161,73,466.64,583.73,22.55,50.17,0.97,1,-1,-1
161,45,591.22,323.28,38.08,41.45,0.98,6,-1,-1
161,67,772.11,395.48,14.48,31.48,0.86,1,-1,-1
161,77,884.51,556.66,121.52,54.94,0.94,4,-1,-1
161,44,554.35,328.91,38.32,41.53,0.93,4,-1,-1
161,50,793.00,420.98,76.80,34.46,0.92,4,-1,-1
161,42,635.84,289.30,34.83,43.44,0.59,6,-1,-1
162,4,491.11,620.94,70.87,89.61,1.00,4,-1,-1
162,5,393.02,597.13,70.76,80.69,0.99,4,-1,-1
162,6,459.79,603.63,23.06,54.56,0.97,1,-1,-1
162,7,575.20,382.24,33.59,39.06,0.94,4,-1,-1
162,9,580.63,392.51,104.10,129.68,0.99,6,-1,-1
162,11,574.39,528.10,85.48,126.07,1.00,6,-1,-1
162,13,680.19,611.17,113.50,152.86,1.00,6,-1,-1
162,15,783.66,548.58,85.52,113.33,0.99,5,-1,-1
162,18,892.99,613.97,148.27,66.64,1.00,4,-1,-1
162,31,417.80,409.03,73.22,43.95,0.99,5,-1,-1
162,32,693.68,396.29,63.07,73.57,0.99,6,-1,-1
162,34,663.21,329.12,43.47,26.85,0.96,4,-1,-1
162,35,735.09,359.13,58.14,33.20,0.99,4,-1,-1
162,36,466.52,362.16,70.61,31.25,0.83,4,-1,-1
162,38,691.12,335.61,54.75,33.12,0.95,5,-1,-1
162,43,688.34,306.30,25.31,22.42,0.98,4,-1,-1
162,54,636.04,372.56,48.87,72.16,0.94,6,-1,-1
162,73,465.47,585.10,22.35,50.90,0.96,1,-1,-1
162,45,590.98,324.15,38.32,40.76,0.99,6,-1,-1
162,67,771.95,396.38,15.06,31.54,0.89,1,-1,-1
162,77,885.27,557.66,121.58,54.30,0.98,4,-1,-1
162,44,553.96,329.00,38.40,41.92,0.91,4,-1,-1
162,50,793.42,422.13,75.08,34.11,0.97,4,-1,-1
162,42,636.05,290.67,35.44,42.46,0.86,6,-1,-1
163,4,490.88,620.71,70.80,89.05,1.00,4,-1,-1
163,5,392.25,598.64,70.96,81.12,0.99,4,-1,-1
163,6,459.27,605.11,23.09,54.67,0.97,1,-1,-1
163,7,575.26,381.75,32.71,39.20,0.64,4,-1,-1
163,9,579.38,392.26,105.72,130.33,0.99,6,-1,-1
163,11,574.22,528.17,86.07,126.39,1.00,6,-1,-1
163,13,680.67,612.29,113.15,151.56,1.00,6,-1,-1
163,15,784.16,550.25,85.55,113.68,0.99,5,-1,-1
163,18,893.88,615.47,148.68,66.70,1.00,4,-1,-1
163,31,416.33,409.33,74.11,44.26,0.99,5,-1,-1
163,32,693.49,396.17,63.69,74.13,0.99,6,-1,-1
163,34,664.29,328.88,46.53,26.85,0.97,4,-1,-1
163,35,735.13,359.11,58.68,33.87,0.99,4,-1,-1
163,36,466.87,362.25,70.30,31.50,0.75,4,-1,-1
163,38,690.87,335.94,54.74,32.93,0.97,5,-1,-1
163,43,688.57,306.09,25.51,22.55,0.98,4,-1,-1
163,54,635.27,372.72,49.84,73.66,0.96,6,-1,-1
163,73,464.26,586.59,22.27,50.62,0.96,1,-1,-1
163,45,591.21,323.90,38.41,41.09,0.99,6,-1,-1
163,67,772.23,397.01,15.27,31.28,0.91,1,-1,-1
163,77,885.59,559.29,119.33,53.47,0.94,4,-1,-1
163,44,554.14,329.17,38.42,42.08,0.91,4,-1,-1
163,50,793.91,422.56,75.02,34.12,0.94,4,-1,-1
163,42,636.17,290.74,35.67,42.41,0.97,6,-1,-1
164,4,490.21,619.81,71.35,89.41,1.00,4,-1,-1
164,5,391.24,600.03,71.17,81.27,1.00,4,-1,-1
164,6,458.51,605.92,23.66,56.40,0.96,1,-1,-1
164,7,575.52,380.58,32.98,40.11,0.41,4,-1,-1
164,9,577.79,392.17,107.41,130.02,0.99,6,-1,-1
164,11,573.57,528.47,86.85,127.08,1.00,6,-1,-1
164,13,680.56,613.80,113.57,149.96,1.00,6,-1,-1
164,15,784.05,551.41,86.12,113.80,0.99,5,-1,-1
164,18,895.32,616.84,148.82,66.72,1.00,4,-1,-1
164,31,416.03,409.85,73.89,43.95,1.00,5,-1,-1
164,32,693.68,396.53,63.93,74.77,0.99,6,-1,-1
164,34,665.75,328.36,47.16,27.14,0.97,4,-1,-1
164,35,735.41,358.94,58.88,34.12,0.99,4,-1,-1
164,36,466.41,362.68,70.74,31.31,0.75,4,-1,-1
164,38,690.76,336.03,54.74,32.86,0.95,5,-1,-1
164,43,688.35,306.26,25.58,22.60,0.97,4,-1,-1
164,54,634.96,373.17,50.77,73.52,0.93,6,-1,-1
164,73,462.38,587.70,23.37,52.20,0.96,1,-1,-1
164,45,591.27,323.63,38.45,41.51,0.99,6,-1,-1
164,67,772.31,397.08,15.35,31.47,0.93,1,-1,-1
164,77,886.82,560.44,118.45,53.72,0.97,4,-1,-1
164,44,554.46,329.35,37.87,42.15,0.78,4,-1,-1
164,50,793.79,422.84,75.02,34.27,0.90,4,-1,-1
164,42,636.18,290.44,35.77,42.99,0.96,6,-1,-1
165,4,489.48,618.16,72.14,88.97,1.00,4,-1,-1
165,5,390.55,600.59,70.82,81.31,0.99,4,-1,-1
165,6,458.03,605.98,23.32,57.04,0.96,1,-1,-1
165,9,575.88,390.80,108.03,129.88,0.98,6,-1,-1
165,11,573.95,527.78,86.02,126.18,1.00,6,-1,-1
165,13,680.57,614.65,114.29,149.37,1.00,6,-1,-1
165,15,784.33,551.57,86.33,113.81,0.99,5,-1,-1
165,18,896.45,617.62,148.85,66.70,1.00,4,-1,-1
165,31,414.85,409.56,75.21,44.11,0.99,5,-1,-1
165,32,693.79,396.28,64.03,74.59,0.99,6,-1,-1
165,34,667.98,327.25,47.37,27.24,0.97,4,-1,-1
165,35,735.83,358.64,60.65,33.92,0.99,4,-1,-1
165,36,466.56,362.07,70.33,31.22,0.68,4,-1,-1
165,38,690.75,335.26,55.29,33.12,0.99,5,-1,-1
165,43,688.57,305.53,25.61,22.90,0.96,4,-1,-1
165,54,634.60,372.97,51.69,74.71,0.93,6,-1,-1
165,73,461.50,588.15,23.23,52.78,0.98,1,-1,-1
165,45,591.61,323.73,37.90,40.82,0.99,6,-1,-1
165,67,772.66,396.58,15.38,31.54,0.92,1,-1,-1
165,77,887.87,560.86,119.25,53.80,0.99,4,-1,-1
165,44,554.04,328.77,38.23,42.17,0.90,4,-1,-1
165,50,794.06,422.41,75.02,34.61,0.95,4,-1,-1
165,42,636.21,290.52,35.81,42.08,0.71,6,-1,-1
166,4,489.49,615.94,71.86,88.82,1.00,4,-1,-1
166,5,389.33,600.52,71.65,81.31,1.00,4,-1,-1
166,6,457.87,606.01,22.60,56.72,0.97,1,-1,-1
166,9,574.38,389.95,108.19,129.70,0.98,6,-1,-1
166,11,574.11,526.46,85.67,126.97,1.00,6,-1,-1
166,13,680.28,615.30,115.08,148.62,1.00,6,-1,-1
166,15,784.70,551.71,86.37,113.80,0.99,5,-1,-1
166,18,896.82,617.99,149.95,66.71,1.00,4,-1,-1
166,31,412.61,408.64,76.95,44.74,0.97,5,-1,-1
166,32,693.56,395.71,64.61,74.24,0.98,6,-1,-1
166,34,669.95,325.81,47.96,27.01,0.97,4,-1,-1
166,35,736.02,357.64,59.62,33.84,0.99,4,-1,-1
166,36,466.93,360.91,69.60,31.20,0.79,4,-1,-1
166,38,690.50,333.65,55.49,33.50,0.96,5,-1,-1
166,43,688.69,304.22,25.62,23.29,0.96,4,-1,-1
166,54,634.21,371.85,53.14,73.75,0.79,6,-1,-1
166,73,460.91,587.78,23.15,53.56,0.97,1,-1,-1
166,45,591.76,322.71,37.68,41.14,0.95,6,-1,-1
166,67,772.80,395.36,15.39,32.14,0.91,1,-1,-1
166,77,887.67,561.11,120.65,53.84,0.97,4,-1,-1
166,44,553.63,327.49,38.36,42.48,0.82,4,-1,-1
166,50,793.88,421.51,76.17,34.74,0.86,4,-1,-1
166,42,635.97,288.92,35.82,42.62,0.95,6,-1,-1
167,4,489.50,612.96,71.18,88.17,0.99,4,-1,-1
167,5,388.48,599.71,71.52,81.83,1.00,4,-1,-1
167,6,457.26,605.22,22.91,56.56,0.95,1,-1,-1
167,9,572.94,385.09,108.21,131.99,0.96,6,-1,-1
167,11,574.40,524.34,84.96,125.52,0.99,6,-1,-1
167,13,680.40,614.12,115.36,149.46,1.00,6,-1,-1
167,15,784.73,550.36,86.94,114.31,0.99,5,-1,-1
167,18,896.83,617.24,151.46,66.66,1.00,4,-1,-1
167,31,413.27,406.87,75.78,45.38,0.97,5,-1,-1
167,32,693.94,393.60,64.27,74.94,0.99,6,-1,-1
167,34,671.94,323.69,48.71,26.91,0.96,4,-1,-1
167,35,735.97,356.22,60.90,33.51,0.99,4,-1,-1
167,36,465.32,359.75,70.44,31.45,0.89,4,-1,-1
167,38,690.02,331.73,55.55,33.92,0.96,5,-1,-1
167,43,688.34,302.56,25.62,23.43,0.96,4,-1,-1
167,54,633.98,370.96,53.13,70.23,0.98,6,-1,-1
167,73,459.87,586.57,23.69,53.83,0.95,1,-1,-1
167,45,590.88,319.90,38.16,42.11,0.95,6,-1,-1
167,67,773.02,393.84,14.83,32.07,0.91,1,-1,-1
167,77,888.02,559.49,121.16,53.82,0.99,4,-1,-1
167,44,553.68,326.57,37.84,41.73,0.83,4,-1,-1
167,50,794.26,420.09,78.28,34.77,0.72,4,-1,-1
167,42,636.06,286.88,35.83,42.82,0.89,6,-1,-1
168,4,489.20,608.87,70.93,88.52,1.00,4,-1,-1
168,5,387.46,597.46,72.45,81.48,0.99,4,-1,-1
168,6,456.45,603.00,23.01,56.50,0.98,1,-1,-1
168,9,571.62,379.41,109.84,135.69,0.98,6,-1,-1
168,11,573.95,520.53,85.82,124.99,1.00,6,-1,-1
168,13,680.44,611.49,116.01,150.97,1.00,6,-1,-1
168,15,785.04,547.41,87.14,115.08,0.99,5,-1,-1
168,18,896.83,614.81,152.02,67.24,1.00,4,-1,-1
168,31,412.99,403.56,75.87,45.78,0.99,5,-1,-1
168,32,693.83,391.05,64.69,75.08,1.00,6,-1,-1
168,34,673.82,319.75,48.97,26.88,0.98,4,-1,-1
168,35,736.28,353.10,61.37,33.40,0.99,4,-1,-1
168,36,465.29,356.12,70.20,31.85,0.95,4,-1,-1
168,38,689.89,328.55,56.14,33.53,0.99,5,-1,-1
168,43,688.25,299.05,26.18,23.49,0.93,4,-1,-1
168,54,633.64,366.87,54.23,73.64,0.91,6,-1,-1
168,73,459.75,584.19,22.76,52.81,0.96,1,-1,-1
168,45,590.58,315.80,38.90,43.04,0.97,6,-1,-1
168,67,773.43,390.70,14.61,31.77,0.93,1,-1,-1
168,77,888.16,556.46,122.47,54.40,0.98,4,-1,-1
168,44,553.44,322.60,38.21,42.04,0.70,4,-1,-1
168,50,794.73,416.99,77.40,34.94,0.89,4,-1,-1
168,42,635.85,283.49,36.40,43.49,0.97,6,-1,-1
169,4,489.19,604.64,70.83,87.52,0.99,4,-1,-1
169,5,387.06,594.98,72.08,81.32,0.99,4,-1,-1
169,6,456.27,600.52,23.05,56.47,0.98,1,-1,-1
169,9,570.13,376.39,109.86,134.42,0.94,6,-1,-1
169,11,574.15,516.65,85.00,124.77,1.00,6,-1,-1
169,13,680.25,609.42,116.23,152.67,1.00,6,-1,-1
169,15,785.50,544.95,87.20,115.91,0.98,5,-1,-1
169,18,897.43,612.53,152.20,67.44,1.00,4,-1,-1
169,31,412.85,400.02,76.03,46.06,1.00,5,-1,-1
169,32,694.14,387.94,64.28,75.12,0.99,6,-1,-1
169,34,675.69,316.13,48.49,26.87,0.97,4,-1,-1
169,35,736.75,349.63,60.98,33.63,0.98,4,-1,-1
169,36,465.37,352.89,69.53,32.27,0.97,4,-1,-1
169,38,690.19,325.06,56.35,33.37,0.98,5,-1,-1
169,43,688.29,295.30,26.39,23.51,0.97,4,-1,-1
169,54,634.16,364.58,53.52,71.65,0.96,6,-1,-1
169,73,459.57,581.95,22.96,52.39,0.98,1,-1,-1
169,45,591.11,313.36,37.50,41.72,0.97,6,-1,-1
169,67,773.35,387.35,15.10,31.93,0.90,1,-1,-1
169,77,889.38,554.24,122.94,55.17,0.98,4,-1,-1
169,44,553.71,320.10,37.22,41.58,0.64,4,-1,-1
169,50,795.25,414.08,77.61,34.30,0.65,4,-1,-1
169,42,635.84,280.06,36.04,43.46,0.99,6,-1,-1
169,87,553.26,320.60,37.57,41.41,0.80,6,-1,-1
170,4,489.17,599.82,70.81,86.58,1.00,4,-1,-1
170,5,387.33,592.45,71.23,81.82,1.00,4,-1,-1
170,6,456.18,598.28,22.50,55.88,0.97,1,-1,-1
170,9,567.87,372.59,112.08,135.02,0.97,6,-1,-1
170,11,574.47,512.48,85.26,124.12,1.00,6,-1,-1
170,13,680.43,607.01,116.31,155.01,1.00,6,-1,-1
170,15,786.19,542.40,86.65,115.64,0.99,5,-1,-1
170,18,898.17,610.03,152.24,67.50,0.99,4,-1,-1
170,31,412.33,397.12,76.23,45.59,0.99,5,-1,-1
170,32,694.21,384.04,64.70,75.98,0.99,6,-1,-1
170,34,677.69,312.64,49.39,26.58,0.96,4,-1,-1
170,35,737.15,346.16,60.25,33.71,0.99,4,-1,-1
170,36,465.35,349.25,69.84,31.58,0.87,4,-1,-1
170,38,689.98,321.74,56.42,33.31,0.98,5,-1,-1
170,43,688.25,291.60,26.47,23.51,0.92,4,-1,-1
170,54,634.02,360.17,53.79,75.12,0.96,6,-1,-1
170,73,459.20,578.95,23.04,52.23,0.97,1,-1,-1
170,45,590.97,308.75,38.10,42.62,0.98,6,-1,-1
170,67,773.55,384.08,15.28,32.28,0.96,1,-1,-1
170,77,889.79,551.50,124.23,56.01,0.98,4,-1,-1
170,44,553.18,316.01,37.99,42.27,0.69,4,-1,-1
170,50,795.95,410.39,77.69,34.75,0.47,4,-1,-1
170,42,635.49,276.33,36.48,43.45,0.99,6,-1,-1
171,4,488.82,594.72,70.79,86.24,1.00,4,-1,-1
171,5,386.98,589.82,71.30,82.00,0.99,4,-1,-1
171,6,455.54,596.04,22.85,55.65,0.98,1,-1,-1
171,9,566.74,368.31,112.30,135.10,0.97,6,-1,-1
171,11,575.10,508.18,84.20,123.88,0.99,6,-1,-1
171,13,680.69,605.30,116.29,157.02,1.00,6,-1,-1
171,15,786.07,539.83,86.98,116.09,1.00,5,-1,-1
171,18,898.33,607.19,152.22,68.10,1.00,4,-1,-1
171,31,410.43,393.69,77.69,45.84,0.97,5,-1,-1
171,32,694.18,380.98,64.83,76.03,0.99,6,-1,-1
171,34,679.49,308.91,50.26,26.48,0.99,4,-1,-1
171,35,736.97,342.57,59.96,33.75,0.99,4,-1,-1
171,36,464.47,345.41,70.52,32.46,0.86,4,-1,-1
171,38,689.58,317.49,56.43,33.58,0.93,5,-1,-1
171,43,688.48,287.64,26.49,23.79,0.91,4,-1,-1
171,54,633.66,356.63,54.99,76.67,0.73,6,-1,-1
171,73,458.75,576.15,23.06,52.73,0.97,1,-1,-1
171,45,591.17,305.70,37.74,42.12,0.96,6,-1,-1
171,67,773.57,380.42,15.34,32.69,0.96,1,-1,-1
171,77,890.40,548.87,122.44,54.66,0.97,4,-1,-1
171,44,552.68,312.59,38.26,42.25,0.56,4,-1,-1
171,50,796.43,406.58,78.84,35.78,0.42,4,-1,-1
171,42,635.61,272.63,36.63,43.74,0.99,6,-1,-1
172,4,488.71,589.95,70.81,85.55,1.00,4,-1,-1
172,5,386.03,586.78,72.20,82.05,0.99,4,-1,-1
172,6,455.33,592.56,22.43,56.13,0.96,1,-1,-1
172,9,566.05,365.20,113.51,135.10,0.94,6,-1,-1
172,11,575.91,503.92,84.41,124.92,1.00,6,-1,-1
172,13,680.56,602.81,116.88,160.02,0.99,6,-1,-1
172,15,786.35,536.72,87.14,116.80,0.98,5,-1,-1
172,18,899.01,604.50,152.23,68.29,1.00,4,-1,-1
172,31,410.94,390.48,76.71,45.49,0.99,5,-1,-1
172,32,693.88,377.13,64.91,76.32,0.98,6,-1,-1
172,34,681.49,304.82,50.59,26.72,0.99,4,-1,-1
172,35,737.45,338.94,59.87,33.75,0.99,4,-1,-1
172,36,464.66,341.89,70.22,31.92,0.78,4,-1,-1
172,38,689.97,313.48,56.44,33.95,0.98,5,-1,-1
172,43,689.09,283.73,25.94,23.61,0.87,4,-1,-1
172,54,632.38,353.04,56.03,78.92,0.97,6,-1,-1
172,73,458.90,573.60,22.52,52.92,0.98,1,-1,-1
172,45,590.64,301.74,38.19,42.77,0.90,6,-1,-1
172,67,773.86,377.03,15.38,32.56,0.96,1,-1,-1
172,77,890.67,545.70,124.03,55.24,0.90,4,-1,-1
172,44,552.72,309.06,37.82,41.95,0.68,4,-1,-1
172,50,796.90,403.69,80.69,35.45,0.50,4,-1,-1
172,42,635.61,268.55,36.71,43.57,0.99,6,-1,-1
172,88,552.83,309.07,37.57,41.84,0.74,6,-1,-1
173,4,488.62,585.25,70.82,85.88,1.00,4,-1,-1
173,5,385.22,584.04,72.95,82.63,0.99,4,-1,-1
173,6,454.65,590.52,22.27,55.18,0.96,1,-1,-1
173,9,564.96,364.08,112.80,130.44,0.83,6,-1,-1
173,11,575.60,499.67,83.91,124.76,1.00,6,-1,-1
173,13,680.45,599.75,117.08,163.38,0.99,6,-1,-1
173,15,786.38,533.72,87.17,117.63,0.98,5,-1,-1
173,18,898.61,601.67,153.34,68.37,1.00,4,-1,-1
173,31,410.27,386.74,76.88,45.64,0.99,5,-1,-1
173,32,694.56,373.59,64.36,76.99,0.99,6,-1,-1
173,34,683.84,300.65,51.24,26.82,0.99,4,-1,-1
173,35,737.59,335.35,60.39,34.32,0.99,4,-1,-1
173,36,464.99,338.04,69.54,32.29,0.66,4,-1,-1
173,38,690.09,310.73,56.44,33.25,0.85,5,-1,-1
173,43,689.58,280.18,25.73,23.26,0.72,4,-1,-1
173,54,633.25,349.18,55.28,77.00,0.97,6,-1,-1
173,73,458.93,570.79,22.30,52.42,0.98,1,-1,-1
173,45,590.41,297.60,38.35,43.58,0.98,6,-1,-1
173,67,773.64,373.68,15.95,32.79,0.91,1,-1,-1
173,77,890.69,542.41,125.73,55.46,0.98,4,-1,-1
173,44,553.00,305.63,37.64,42.13,0.56,4,-1,-1
173,50,796.46,400.39,79.15,35.47,0.81,4,-1,-1
173,42,635.02,264.92,37.29,43.80,0.99,6,-1,-1
173,89,690.29,310.78,57.20,32.44,0.72,4,-1,-1
173,7,574.74,351.16,38.24,38.93,0.72,4,-1,-1
174,4,488.13,580.83,70.82,85.43,1.00,4,-1,-1
174,5,385.18,581.14,72.52,83.96,0.99,4,-1,-1
174,6,453.94,588.15,22.78,55.38,0.98,1,-1,-1
174,9,563.83,360.29,114.73,130.77,0.89,6,-1,-1
174,11,575.83,495.38,84.29,126.37,0.99,6,-1,-1
174,13,680.19,596.69,118.26,166.29,1.00,6,-1,-1
174,15,786.44,530.98,87.74,118.47,0.98,5,-1,-1
174,18,900.18,599.25,152.60,68.94,1.00,4,-1,-1
174,31,411.68,383.78,75.38,45.12,0.99,5,-1,-1
174,32,694.59,370.13,64.72,76.95,0.99,6,-1,-1
174,34,686.40,296.55,50.90,26.57,0.96,4,-1,-1
174,35,737.97,331.74,58.88,34.24,0.99,4,-1,-1
174,36,465.20,334.91,68.70,31.85,0.81,4,-1,-1
174,38,691.04,306.45,55.30,33.83,0.97,5,-1,-1
174,43,689.81,276.46,25.65,23.69,0.84,4,-1,-1
174,54,633.66,345.60,54.41,77.60,0.99,6,-1,-1
174,73,459.35,568.42,21.65,51.65,0.97,1,-1,-1
174,45,590.38,294.92,37.85,42.47,0.96,6,-1,-1
174,67,773.87,370.43,15.61,32.87,0.96,1,-1,-1
174,77,891.28,539.56,124.10,55.52,0.95,4,-1,-1
174,44,553.17,302.80,37.01,40.78,0.64,4,-1,-1
174,50,796.61,396.87,79.37,36.59,0.77,4,-1,-1
174,42,635.41,260.88,36.95,44.16,0.97,6,-1,-1
174,7,573.52,347.78,41.33,42.17,0.15,4,-1,-1
175,4,487.99,579.05,71.38,86.44,1.00,4,-1,-1
175,5,384.67,581.81,73.18,84.47,0.99,4,-1,-1
175,6,453.73,589.33,22.39,54.90,0.98,1,-1,-1
175,9,562.15,357.87,115.97,132.35,0.92,6,-1,-1
175,11,576.27,494.49,83.28,127.57,1.00,6,-1,-1
175,13,680.44,597.64,118.67,166.86,1.00,6,-1,-1
175,15,787.38,531.81,87.65,118.80,0.96,5,-1,-1
175,18,900.83,601.06,153.43,68.63,1.00,4,-1,-1
175,31,413.88,383.89,73.51,44.66,0.99,5,-1,-1
175,32,694.71,370.11,64.84,76.94,0.99,6,-1,-1
175,34,689.14,296.16,50.75,25.64,0.95,4,-1,-1
175,35,738.22,331.53,58.87,34.22,0.98,4,-1,-1
175,36,464.52,334.40,69.53,31.98,0.84,4,-1,-1
175,38,690.95,305.56,55.42,34.06,0.97,5,-1,-1
175,43,690.02,276.47,25.61,23.29,0.84,4,-1,-1
175,54,633.93,345.67,54.05,76.99,0.98,6,-1,-1
175,73,458.99,569.32,21.98,51.93,0.97,1,-1,-1
175,45,590.21,294.04,38.22,42.90,0.95,6,-1,-1
175,67,774.64,370.65,14.89,32.34,0.94,1,-1,-1
175,77,891.01,540.65,126.85,56.14,0.95,4,-1,-1
175,50,797.05,396.98,79.17,36.75,0.75,4,-1,-1
175,42,635.69,260.34,36.81,44.60,0.97,6,-1,-1
175,7,573.46,346.89,41.90,43.44,0.15,4,-1,-1
176,4,489.30,578.60,71.60,86.26,0.99,4,-1,-1
176,5,385.42,583.34,73.00,84.10,1.00,4,-1,-1
176,6,455.02,590.19,22.82,55.85,0.98,1,-1,-1
176,9,563.47,359.82,115.85,129.99,0.82,6,-1,-1
176,11,578.07,494.06,82.91,126.90,0.98,6,-1,-1
176,13,681.62,598.71,119.94,166.48,1.00,6,-1,-1
176,15,789.10,533.12,87.33,118.91,0.97,5,-1,-1
176,18,903.28,602.46,153.74,69.07,1.00,4,-1,-1
176,31,415.34,383.94,73.82,45.05,0.99,5,-1,-1
176,32,696.12,370.69,65.45,76.80,1.00,6,-1,-1
176,34,693.16,295.77,50.11,25.58,0.98,4,-1,-1
176,35,739.68,331.33,58.31,34.78,0.99,4,-1,-1
176,36,465.34,334.80,70.97,31.75,0.63,4,-1,-1
176,38,693.70,304.83,53.78,34.99,0.98,5,-1,-1
176,43,691.74,276.93,25.60,23.14,0.89,4,-1,-1
176,54,635.96,346.99,53.35,74.21,0.96,6,-1,-1
176,73,460.79,570.65,22.10,52.61,0.93,1,-1,-1
176,45,592.07,294.72,37.79,42.50,0.90,6,-1,-1
176,67,776.87,371.03,14.62,32.70,0.93,1,-1,-1
176,77,892.56,541.78,128.99,57.50,0.91,4,-1,-1
176,50,798.58,397.05,79.94,37.65,0.59,4,-1,-1
176,42,637.44,260.02,36.75,44.48,0.87,6,-1,-1
176,44,554.70,301.73,38.11,41.94,0.62,4,-1,-1
177,4,490.65,577.62,71.11,85.06,1.00,4,-1,-1
177,5,386.58,584.45,72.92,83.92,0.99,4,-1,-1
177,6,456.38,592.16,22.41,55.08,0.97,1,-1,-1
177,9,565.12,360.30,114.64,129.92,0.96,6,-1,-1
177,11,579.86,493.62,83.35,126.61,1.00,6,-1,-1
177,13,683.16,600.17,120.40,165.14,0.99,6,-1,-1
177,15,790.82,534.40,87.77,119.48,0.82,5,-1,-1
177,18,905.26,604.02,154.95,69.21,1.00,4,-1,-1
177,31,414.59,384.40,75.78,44.91,1.00,5,-1,-1
177,32,698.01,370.76,65.11,78.28,0.99,6,-1,-1
177,34,697.10,295.78,50.97,26.13,0.87,4,-1,-1
177,35,741.30,331.95,59.80,34.13,0.99,4,-1,-1
177,36,467.04,334.96,70.95,31.65,0.75,4,-1,-1
177,38,695.53,304.42,54.29,35.34,0.97,5,-1,-1
177,43,693.74,277.11,25.60,23.36,0.83,4,-1,-1
177,54,638.39,347.77,52.51,71.40,0.98,6,-1,-1
177,73,462.33,572.24,22.15,52.29,0.96,1,-1,-1
177,45,593.87,294.00,38.20,43.48,0.89,6,-1,-1
177,67,779.06,371.58,14.53,32.55,0.93,1,-1,-1
177,77,894.77,543.82,127.53,57.43,0.97,4,-1,-1
177,50,800.23,397.34,80.78,37.41,0.83,4,-1,-1
177,42,639.18,260.48,36.16,44.15,0.99,6,-1,-1
177,44,556.63,301.27,38.38,43.38,0.42,4,-1,-1
178,4,492.29,576.71,70.35,84.04,1.00,4,-1,-1
178,5,387.60,585.93,73.16,83.29,0.99,4,-1,-1
178,6,457.45,593.41,22.82,54.78,0.93,1,-1,-1
178,9,566.08,360.19,114.70,129.91,0.99,6,-1,-1
178,11,581.93,493.18,83.51,127.07,1.00,6,-1,-1
178,13,685.43,602.65,119.99,162.35,1.00,6,-1,-1
178,15,793.15,535.14,88.48,120.25,0.97,5,-1,-1
178,18,907.67,605.43,155.40,69.83,1.00,4,-1,-1
178,31,417.28,384.96,74.40,44.29,1.00,5,-1,-1
178,32,700.71,371.47,64.41,77.86,0.99,6,-1,-1
178,34,701.07,295.37,50.72,26.05,0.96,4,-1,-1
178,35,743.61,332.33,60.36,34.17,0.99,4,-1,-1
178,36,467.98,335.28,72.06,31.90,0.91,4,-1,-1
178,38,698.49,304.97,53.35,35.18,0.98,5,-1,-1
178,43,695.63,277.31,25.60,22.88,0.93,4,-1,-1
178,54,639.29,347.61,53.34,72.09,0.95,6,-1,-1
178,73,463.76,573.92,22.17,51.60,0.94,1,-1,-1
178,45,595.97,294.14,38.35,43.84,0.96,6,-1,-1
178,67,781.00,371.93,14.49,32.49,0.90,1,-1,-1
178,77,897.28,545.70,130.32,57.40,0.87,4,-1,-1
178,50,802.54,398.42,81.65,36.76,0.73,4,-1,-1
178,42,641.55,261.07,35.94,43.74,0.97,6,-1,-1
178,44,558.78,301.10,37.35,43.35,0.60,4,-1,-1
179,4,494.94,575.77,69.50,83.66,1.00,4,-1,-1
179,5,388.49,586.66,73.66,83.02,0.99,4,-1,-1
179,6,459.62,594.61,21.85,55.23,0.98,1,-1,-1
179,9,566.51,359.39,115.82,130.89,0.97,6,-1,-1
179,11,583.86,492.67,83.56,126.08,1.00,6,-1,-1
179,13,686.87,603.73,120.93,161.23,1.00,6,-1,-1
179,15,795.15,536.15,89.30,120.50,0.98,5,-1,-1
179,18,910.24,606.94,156.65,70.04,0.99,4,-1,-1
179,31,419.92,385.12,73.72,44.05,1.00,5,-1,-1
179,32,702.86,371.96,64.70,77.95,1.00,6,-1,-1
179,34,705.03,295.04,51.17,27.16,0.93,4,-1,-1
179,35,745.89,332.70,61.12,34.17,0.99,4,-1,-1
179,36,469.79,335.22,72.47,32.27,0.89,4,-1,-1
179,38,700.16,305.14,55.28,35.68,0.96,5,-1,-1
179,43,697.76,277.34,25.60,22.98,0.92,4,-1,-1
179,54,641.35,348.49,53.63,72.91,0.99,6,-1,-1
179,73,466.05,575.00,21.60,51.33,0.96,1,-1,-1
179,45,598.19,294.16,38.40,43.69,0.92,6,-1,-1
179,67,783.14,371.99,15.05,32.75,0.94,1,-1,-1
179,77,901.01,547.14,127.98,57.36,0.94,4,-1,-1
179,50,805.09,398.91,80.27,36.49,0.84,4,-1,-1
179,42,644.14,260.97,35.85,43.87,0.94,6,-1,-1
179,44,561.31,301.97,36.94,42.47,0.54,4,-1,-1
179,90,560.94,302.03,37.57,42.26,0.66,8,-1,-1
180,4,496.72,574.31,69.75,84.11,1.00,4,-1,-1
180,5,389.92,587.74,74.40,82.92,1.00,4,-1,-1
180,6,461.24,595.86,22.04,54.83,0.98,1,-1,-1
180,9,567.50,358.81,116.21,130.69,0.95,6,-1,-1
180,11,585.94,492.50,83.02,123.44,1.00,6,-1,-1
180,13,689.04,605.22,120.70,159.67,1.00,6,-1,-1
180,15,797.52,537.62,89.60,120.01,0.99,5,-1,-1
180,18,912.81,608.59,157.11,70.11,1.00,4,-1,-1
180,31,422.26,385.44,73.46,44.25,1.00,5,-1,-1
180,32,705.01,372.14,64.81,77.41,1.00,6,-1,-1
180,34,709.50,295.07,50.76,26.18,0.99,4,-1,-1
180,35,748.38,332.69,60.84,34.74,0.99,4,-1,-1
180,36,472.68,335.61,71.48,32.13,0.78,4,-1,-1
180,38,703.26,306.05,54.87,35.02,0.95,5,-1,-1
180,43,700.18,277.50,25.03,23.02,0.91,4,-1,-1
180,54,643.76,347.96,53.74,74.35,0.97,6,-1,-1
180,73,468.28,576.20,21.39,50.67,0.95,1,-1,-1
180,45,600.10,294.87,38.41,43.34,0.92,6,-1,-1
180,67,785.56,372.42,15.26,32.84,0.93,1,-1,-1
180,77,904.03,548.20,128.16,56.78,0.96,4,-1,-1
180,50,807.68,399.92,80.30,35.53,0.86,4,-1,-1
180,42,645.61,260.79,36.39,44.20,0.94,6,-1,-1
180,44,563.05,302.03,37.93,42.96,0.74,4,-1,-1
180,90,562.78,301.93,38.26,42.97,0.54,4,-1,-1
181,4,498.65,573.28,69.87,83.16,0.99,4,-1,-1
181,5,391.42,588.72,73.85,84.02,1.00,4,-1,-1
181,6,462.54,597.18,22.13,54.69,0.97,1,-1,-1
181,9,568.59,357.32,116.93,131.91,0.94,6,-1,-1
181,11,588.25,492.18,82.27,123.03,1.00,6,-1,-1
181,13,691.43,606.61,120.63,157.96,0.99,6,-1,-1
181,15,799.70,538.72,89.45,120.39,0.98,5,-1,-1
181,18,915.93,610.04,157.29,70.70,1.00,4,-1,-1
181,31,424.08,385.85,73.39,44.61,1.00,5,-1,-1
181,32,707.36,372.32,64.30,77.36,0.98,6,-1,-1
181,34,713.50,294.93,51.16,26.36,0.96,4,-1,-1
181,35,750.58,332.94,60.74,34.95,0.99,4,-1,-1
181,36,475.00,336.17,71.68,32.36,0.91,4,-1,-1
181,38,706.54,306.52,53.58,34.76,0.96,5,-1,-1
181,43,702.64,277.80,24.82,22.75,0.95,4,-1,-1
181,54,645.92,348.44,54.36,74.63,0.97,6,-1,-1
181,73,469.22,577.22,22.47,51.00,0.98,1,-1,-1
181,45,602.34,294.69,38.99,43.78,0.98,6,-1,-1
181,67,787.47,372.70,15.90,33.16,0.96,1,-1,-1
181,77,906.75,549.70,125.99,56.55,0.98,4,-1,-1
181,50,810.21,400.56,79.75,36.03,0.66,4,-1,-1
181,42,647.14,261.26,37.17,44.05,0.98,6,-1,-1
181,44,564.66,302.60,38.30,42.87,0.70,4,-1,-1
181,90,564.82,302.57,38.40,43.11,0.51,4,-1,-1
182,4,500.44,571.74,69.35,83.38,1.00,4,-1,-1
182,5,392.52,589.84,73.91,84.42,1.00,4,-1,-1
182,6,463.82,598.42,22.73,55.20,0.98,1,-1,-1
182,9,570.37,358.13,116.61,130.95,0.95,6,-1,-1
182,11,590.45,491.74,82.00,122.87,1.00,6,-1,-1
182,13,693.38,607.86,120.58,156.17,0.99,6,-1,-1
182,15,801.84,540.15,90.22,120.51,0.96,5,-1,-1
182,18,918.12,611.29,158.46,71.46,1.00,4,-1,-1
182,31,425.82,386.09,73.93,44.75,0.99,5,-1,-1
182,32,709.28,373.46,64.68,77.89,1.00,6,-1,-1
182,34,717.94,295.12,50.74,25.86,0.98,4,-1,-1
182,35,753.01,333.40,62.96,34.74,0.99,4,-1,-1
182,36,477.50,335.91,71.18,32.72,0.73,4,-1,-1
182,38,708.51,307.63,54.24,33.80,0.97,5,-1,-1
182,43,704.58,278.01,25.32,22.65,0.98,4,-1,-1
182,54,647.78,349.41,54.03,74.16,0.99,6,-1,-1
182,73,471.22,577.79,22.86,52.25,0.97,1,-1,-1
182,45,604.51,296.12,38.65,42.81,0.91,6,-1,-1
182,67,789.78,372.88,16.15,33.56,0.94,1,-1,-1
182,77,908.79,550.71,128.55,57.01,0.98,4,-1,-1
182,50,812.48,401.29,79.82,36.07,0.83,4,-1,-1
182,42,649.31,261.10,37.46,44.27,0.98,6,-1,-1
182,44,566.31,302.20,39.00,43.66,0.44,4,-1,-1
182,91,604.06,296.05,39.27,43.12,0.94,6,-1,-1
183,4,502.49,570.64,69.15,82.90,1.00,4,-1,-1
183,5,394.06,590.50,74.20,84.56,0.99,4,-1,-1
183,6,465.14,598.84,23.51,55.96,0.98,1,-1,-1
183,9,571.34,358.62,117.58,129.58,0.87,6,-1,-1
183,11,592.64,491.03,81.32,123.39,0.99,6,-1,-1
183,13,695.47,609.14,119.97,154.36,1.00,6,-1,-1
183,15,804.54,541.24,89.65,121.66,0.96,5,-1,-1
183,18,921.10,613.15,158.87,71.18,1.00,4,-1,-1
183,31,426.60,386.04,75.40,45.36,1.00,5,-1,-1
183,32,711.36,373.20,65.37,79.07,1.00,6,-1,-1
183,34,722.31,294.53,49.43,26.81,0.96,4,-1,-1
183,35,755.00,333.89,63.21,34.66,0.99,4,-1,-1
183,36,479.55,336.53,70.98,32.01,0.88,4,-1,-1
183,38,710.89,307.80,54.48,34.01,0.98,5,-1,-1
183,43,706.68,277.98,25.50,22.90,0.94,4,-1,-1
183,54,650.13,349.37,53.89,74.82,0.92,6,-1,-1
183,73,473.36,578.81,22.45,52.72,0.96,1,-1,-1
183,45,606.98,297.42,37.94,41.86,0.63,6,-1,-1
183,67,792.28,373.53,16.23,33.14,0.92,1,-1,-1
183,77,911.15,551.92,129.48,58.31,0.93,4,-1,-1
183,50,814.95,401.72,80.40,36.22,0.89,4,-1,-1
183,42,652.06,261.22,37.00,44.07,0.91,6,-1,-1
183,44,569.16,302.64,38.69,43.11,0.39,4,-1,-1
183,91,606.58,296.96,38.60,42.45,0.86,4,-1,-1
183,92,571.62,358.17,116.97,129.78,0.66,8,-1,-1
184,4,504.26,569.99,69.09,81.61,1.00,4,-1,-1
184,5,395.49,590.99,75.01,85.18,0.99,4,-1,-1
184,6,466.35,599.79,23.80,55.69,0.95,1,-1,-1
184,9,573.02,358.21,118.50,129.09,0.69,8,-1,-1
184,11,595.03,490.77,80.51,121.34,0.99,6,-1,-1
184,13,696.98,610.43,120.30,153.16,1.00,6,-1,-1
184,15,807.43,542.18,89.71,122.11,0.99,5,-1,-1
184,18,923.80,614.94,159.01,71.08,1.00,4,-1,-1
184,31,428.86,386.26,75.26,45.04,1.00,5,-1,-1
184,32,713.73,373.49,65.64,79.38,0.98,6,-1,-1
184,34,726.60,294.42,48.36,26.61,0.98,4,-1,-1
184,35,757.32,334.04,63.31,34.92,0.99,4,-1,-1
184,36,481.59,336.59,70.91,32.02,0.81,4,-1,-1
184,38,713.65,308.25,54.58,33.53,0.98,5,-1,-1
184,43,708.77,278.07,26.14,22.71,0.95,4,-1,-1
184,54,652.59,349.74,53.84,73.95,0.97,6,-1,-1
184,73,475.16,580.28,22.29,52.34,0.96,1,-1,-1
184,45,609.49,296.85,38.24,42.09,0.75,6,-1,-1
184,67,794.25,373.61,16.82,33.27,0.95,1,-1,-1
184,77,914.19,552.63,128.70,56.57,0.98,4,-1,-1
184,50,816.62,401.99,82.04,35.86,0.66,4,-1,-1
184,42,654.40,261.08,36.82,44.57,0.94,6,-1,-1
184,44,571.24,302.77,39.13,42.90,0.67,4,-1,-1
184,92,573.07,358.56,118.37,128.49,0.85,6,-1,-1
184,93,468.31,304.16,60.62,35.43,0.62,4,-1,-1
185,4,506.28,568.37,69.08,82.28,1.00,4,-1,-1
185,5,396.98,591.70,74.90,85.97,0.99,4,-1,-1
185,6,467.61,600.11,23.92,56.15,0.96,1,-1,-1
185,9,574.76,357.49,116.58,129.20,0.50,6,-1,-1
185,11,597.27,489.83,80.80,122.86,1.00,6,-1,-1
185,13,698.62,610.85,122.69,152.17,0.99,6,-1,-1
185,15,809.58,543.05,90.29,122.26,0.99,5,-1,-1
185,18,926.45,616.41,160.18,71.03,1.00,4,-1,-1
185,31,431.35,386.61,74.64,44.35,1.00,5,-1,-1
185,32,715.97,374.42,66.31,78.09,0.99,6,-1,-1
185,34,730.62,294.24,48.54,26.52,0.68,4,-1,-1
185,35,759.55,334.35,63.33,35.01,0.99,4,-1,-1
185,36,483.42,336.45,70.89,32.88,0.87,4,-1,-1
185,38,715.18,308.11,55.75,34.21,1.00,5,-1,-1
185,43,710.91,278.37,25.82,22.64,0.98,4,-1,-1
185,54,655.15,350.42,53.25,71.34,0.98,6,-1,-1
185,73,477.19,581.36,22.23,52.20,0.98,1,-1,-1
185,45,611.49,296.48,38.36,42.75,0.90,6,-1,-1
185,67,796.89,373.76,16.49,33.60,0.90,1,-1,-1
185,77,916.96,552.83,129.53,57.59,0.97,4,-1,-1
185,50,820.00,402.91,80.97,36.29,0.77,4,-1,-1
185,42,656.91,261.57,36.19,44.47,0.97,6,-1,-1
185,44,573.09,302.66,39.29,43.38,0.64,4,-1,-1
186,4,508.75,566.89,68.49,82.51,0.99,4,-1,-1
186,5,398.46,592.44,75.10,85.66,0.99,4,-1,-1
186,6,469.53,600.40,23.39,56.30,0.97,1,-1,-1
186,9,575.70,357.11,116.35,129.62,0.92,6,-1,-1
186,11,599.20,489.18,80.89,122.82,1.00,6,-1,-1
186,13,700.87,611.45,122.97,151.19,0.99,6,-1,-1
186,15,811.39,543.84,90.47,122.81,0.94,5,-1,-1
186,18,928.95,617.37,160.55,71.53,1.00,4,-1,-1
186,31,432.74,386.61,75.37,44.63,1.00,5,-1,-1
186,32,717.85,375.19,66.53,77.40,1.00,6,-1,-1
186,34,735.34,294.22,46.88,26.76,0.58,4,-1,-1
186,35,761.96,334.63,62.74,35.02,0.99,4,-1,-1
186,36,484.96,336.57,71.98,32.90,0.87,4,-1,-1
186,38,716.78,308.65,56.17,33.88,0.99,5,-1,-1
186,43,713.02,278.38,25.68,22.61,0.98,4,-1,-1
186,54,656.89,349.83,54.15,74.93,0.97,6,-1,-1
186,73,479.40,581.94,21.63,52.68,0.96,1,-1,-1
186,45,613.60,296.94,37.83,42.98,0.76,6,-1,-1
186,67,799.18,374.37,16.35,33.14,0.92,1,-1,-1
186,77,918.96,553.92,134.29,59.62,0.94,4,-1,-1
186,50,822.28,403.09,81.65,36.29,0.70,4,-1,-1
186,42,660.04,261.25,35.37,44.70,0.69,6,-1,-1
186,44,575.44,303.23,38.77,42.97,0.69,4,-1,-1
186,94,613.02,296.69,38.42,43.12,0.97,6,-1,-1
187,4,510.92,565.25,67.72,82.64,1.00,4,-1,-1
187,5,399.40,592.96,75.74,86.13,0.99,4,-1,-1
187,6,471.22,600.77,23.74,56.93,0.98,1,-1,-1
187,9,577.93,356.77,115.14,129.41,0.90,6,-1,-1
187,11,601.20,488.66,80.95,121.15,1.00,6,-1,-1
187,13,702.73,613.08,122.52,150.34,0.99,6,-1,-1
187,15,813.68,544.69,90.55,123.05,0.85,5,-1,-1
187,18,931.52,618.30,160.71,72.31,1.00,4,-1,-1
187,31,435.77,386.40,74.11,45.33,1.00,5,-1,-1
187,32,720.43,375.43,65.50,77.18,0.99,6,-1,-1
187,34,739.50,294.16,46.27,27.43,0.60,4,-1,-1
187,35,764.21,334.39,63.09,35.33,0.99,4,-1,-1
187,36,487.08,336.53,71.85,32.92,0.92,4,-1,-1
187,38,719.26,308.79,55.77,34.05,0.99,5,-1,-1
187,43,715.43,278.32,25.64,22.33,0.98,4,-1,-1
187,54,658.85,350.39,54.49,75.13,0.99,6,-1,-1
187,73,480.89,582.97,21.41,51.75,0.94,1,-1,-1
187,45,615.69,296.75,38.77,43.08,0.87,6,-1,-1
187,67,801.38,374.56,16.29,33.26,0.93,1,-1,-1
187,77,921.90,555.46,132.75,58.75,0.90,4,-1,-1
187,50,824.47,403.83,81.64,36.17,0.86,4,-1,-1
187,42,661.38,261.33,36.22,43.95,0.85,6,-1,-1
187,44,577.90,303.23,38.00,43.11,0.59,4,-1,-1
187,95,577.17,303.31,38.42,43.12,0.79,6,-1,-1
188,4,512.08,563.61,68.58,81.56,1.00,4,-1,-1
188,5,399.84,593.76,76.55,86.86,0.99,4,-1,-1
188,6,471.67,601.78,24.44,57.17,0.98,1,-1,-1
188,9,579.15,357.00,114.68,129.05,0.90,6,-1,-1
188,11,603.14,487.97,80.42,121.10,1.00,6,-1,-1
188,13,704.35,614.55,122.91,148.91,1.00,6,-1,-1
188,15,815.45,545.59,91.14,123.12,0.99,5,-1,-1
188,18,934.51,619.49,160.75,72.59,1.00,4,-1,-1
188,31,437.25,386.93,74.20,45.30,1.00,5,-1,-1
188,32,722.03,375.69,65.67,77.52,0.99,6,-1,-1
188,34,743.59,294.19,46.63,26.84,0.95,4,-1,-1
188,35,765.95,334.76,63.22,35.15,1.00,4,-1,-1
188,36,489.63,337.00,70.67,32.64,0.96,4,-1,-1
188,38,721.38,309.31,55.62,33.55,0.99,5,-1,-1
188,43,717.80,278.47,25.05,22.22,0.99,4,-1,-1
188,54,660.20,350.93,55.19,75.76,0.98,6,-1,-1
188,73,481.81,583.67,21.33,51.96,0.96,1,-1,-1
188,45,617.37,295.88,38.56,43.96,0.81,8,-1,-1
188,67,803.67,374.95,15.70,33.30,0.92,1,-1,-1
188,77,923.91,556.61,134.38,59.51,0.99,4,-1,-1
188,50,826.48,403.84,83.04,36.68,0.79,4,-1,-1
188,42,663.07,261.27,37.10,44.24,0.93,6,-1,-1
188,44,579.43,303.28,38.28,43.44,0.50,4,-1,-1
189,4,511.60,562.71,68.35,81.14,1.00,4,-1,-1
189,5,399.69,594.55,76.29,87.10,0.99,4,-1,-1
189,6,470.65,602.64,24.71,57.24,0.98,1,-1,-1
189,9,578.09,356.49,114.51,129.16,0.94,6,-1,-1
189,11,603.76,487.11,79.67,120.50,1.00,6,-1,-1
189,13,704.30,615.53,123.62,147.22,0.99,6,-1,-1
189,15,816.26,546.35,90.52,123.67,0.97,5,-1,-1
189,18,934.93,620.60,161.87,72.65,0.99,4,-1,-1
189,31,437.15,386.97,73.66,45.56,0.99,5,-1,-1
189,32,722.48,375.71,65.73,78.19,1.00,6,-1,-1
189,34,745.17,293.87,48.48,27.16,0.90,4,-1,-1
189,35,765.88,334.55,64.95,35.35,1.00,4,-1,-1
189,36,490.48,337.43,69.64,32.51,0.95,4,-1,-1
189,38,720.88,309.15,56.12,33.63,0.99,5,-1,-1
189,43,718.25,278.62,24.83,22.17,0.98,4,-1,-1
189,54,660.29,350.09,55.45,77.38,0.98,6,-1,-1
189,73,481.53,584.69,21.31,51.47,0.97,1,-1,-1
189,45,616.73,295.37,39.04,44.56,0.82,6,-1,-1
189,67,804.38,375.14,15.48,33.03,0.92,1,-1,-1
189,77,925.06,557.17,131.59,58.07,0.98,4,-1,-1
189,50,826.78,403.75,81.59,36.29,0.84,4,-1,-1
189,42,663.26,261.63,36.87,43.77,0.95,6,-1,-1
189,44,579.31,303.26,38.39,43.83,0.58,4,-1,-1
190,4,511.09,561.28,68.27,80.42,1.00,4,-1,-1
190,5,399.05,595.38,75.90,87.18,0.99,4,-1,-1
190,6,469.68,603.21,25.37,57.26,0.98,1,-1,-1
190,9,578.24,356.57,113.33,129.21,0.94,6,-1,-1
190,11,603.66,486.51,79.40,120.28,1.00,6,-1,-1
190,13,704.25,615.83,123.32,147.20,0.98,6,-1,-1
190,15,815.95,546.58,91.42,124.42,0.98,5,-1,-1
190,18,935.03,621.23,162.28,73.22,1.00,4,-1,-1
190,31,437.62,387.11,72.90,45.36,1.00,5,-1,-1
190,32,722.59,375.69,65.76,77.87,1.00,6,-1,-1
190,34,747.04,293.45,48.05,28.12,0.84,4,-1,-1
190,35,766.07,334.43,66.15,35.42,1.00,4,-1,-1
190,36,490.45,337.16,69.83,32.46,0.90,4,-1,-1
190,38,720.63,309.06,56.31,33.67,0.98,5,-1,-1
190,43,718.35,278.22,24.76,22.44,0.98,4,-1,-1
190,54,660.55,349.88,54.99,77.70,0.98,6,-1,-1
190,73,480.82,585.60,21.88,51.85,0.96,1,-1,-1
190,45,616.99,295.58,38.66,44.23,0.90,6,-1,-1
190,67,804.58,375.18,15.40,32.92,0.92,1,-1,-1
190,77,924.88,557.59,131.63,58.07,0.97,4,-1,-1
190,50,826.85,403.81,81.59,36.28,0.87,4,-1,-1
190,42,663.28,261.88,36.78,43.59,0.90,6,-1,-1
190,44,579.49,303.37,37.87,43.69,0.53,4,-1,-1
191,4,511.43,560.09,67.71,81.34,0.99,4,-1,-1
191,5,398.05,596.39,76.47,87.23,0.99,4,-1,-1
191,6,469.27,604.40,25.06,57.28,0.99,1,-1,-1
191,9,577.75,356.13,112.91,129.00,0.86,6,-1,-1
191,11,603.61,486.15,79.34,119.69,1.00,6,-1,-1
191,13,703.97,617.21,123.79,146.14,0.99,6,-1,-1
191,15,816.17,547.34,92.06,124.74,0.99,5,-1,-1
191,18,935.71,622.44,162.47,73.45,1.00,4,-1,-1
191,31,436.32,387.24,73.78,45.59,1.00,5,-1,-1
191,32,722.95,375.89,65.79,78.20,1.00,6,-1,-1
191,34,749.12,293.22,47.90,28.77,0.84,4,-1,-1
191,35,766.19,334.32,64.95,35.74,0.99,4,-1,-1
191,36,490.68,336.69,69.37,32.74,0.92,4,-1,-1
191,38,720.29,309.09,56.96,33.97,0.99,5,-1,-1
191,43,718.42,278.13,24.74,22.55,0.98,4,-1,-1
191,54,660.66,349.74,54.82,78.68,0.96,6,-1,-1
191,73,480.51,586.62,22.10,52.01,0.96,1,-1,-1
191,45,616.81,295.15,39.09,44.67,0.88,6,-1,-1
191,67,804.99,374.99,15.38,33.17,0.94,1,-1,-1
191,77,925.46,558.15,131.68,58.66,0.96,4,-1,-1
191,50,827.21,404.35,81.33,36.15,0.91,4,-1,-1
191,42,663.30,261.74,36.76,44.11,0.97,6,-1,-1
191,44,579.26,303.34,38.24,43.92,0.33,4,-1,-1
192,4,511.00,558.82,68.05,81.12,0.99,4,-1,-1
192,5,397.00,597.55,77.09,87.23,1.00,4,-1,-1
192,6,468.58,605.92,24.93,56.72,0.97,1,-1,-1
192,9,577.03,356.40,113.31,128.49,0.55,6,-1,-1
192,11,603.86,485.74,79.31,119.47,1.00,6,-1,-1
192,13,703.84,618.80,123.37,144.63,0.99,6,-1,-1
192,15,816.50,548.45,91.99,124.84,0.98,5,-1,-1
192,18,937.02,623.42,162.50,74.10,1.00,4,-1,-1
192,31,436.70,387.42,72.97,45.67,1.00,5,-1,-1
192,32,723.07,376.11,65.79,79.03,0.99,6,-1,-1
192,34,751.23,292.74,46.14,28.73,0.79,4,-1,-1
192,35,766.22,334.44,64.45,35.86,1.00,4,-1,-1
192,36,489.35,336.94,70.89,32.56,0.89,4,-1,-1
192,38,720.14,309.25,57.19,33.81,0.99,5,-1,-1
192,43,718.43,277.69,24.73,23.16,0.98,4,-1,-1
192,54,660.70,349.69,54.74,79.03,0.98,6,-1,-1
192,73,479.56,588.08,22.18,51.50,0.94,1,-1,-1
192,45,616.75,294.73,39.25,45.11,0.89,6,-1,-1
192,67,805.11,375.36,15.36,32.99,0.91,1,-1,-1
192,77,926.18,559.46,130.54,58.88,0.97,4,-1,-1
192,50,827.88,404.55,80.09,36.38,0.95,4,-1,-1
192,42,663.02,261.71,37.31,44.30,0.91,6,-1,-1
192,44,579.18,304.32,38.38,42.88,0.47,4,-1,-1
193,4,510.60,557.96,68.76,80.49,0.99,4,-1,-1
193,5,395.95,598.66,77.18,87.80,0.99,4,-1,-1
193,6,467.82,606.88,25.44,58.21,0.96,1,-1,-1
193,9,576.84,356.62,109.51,127.19,0.71,6,-1,-1
193,11,604.01,485.45,78.75,119.99,1.00,6,-1,-1
193,13,703.87,620.64,124.34,142.98,0.99,6,-1,-1
193,15,817.26,549.82,91.96,126.01,0.95,5,-1,-1
193,18,938.16,625.59,162.51,73.79,1.00,4,-1,-1
193,31,435.89,387.73,73.67,45.99,1.00,5,-1,-1
193,32,723.18,376.30,65.79,78.79,0.98,6,-1,-1
193,34,753.16,292.25,44.90,29.00,0.75,4,-1,-1
193,35,766.31,334.73,64.83,35.90,1.00,4,-1,-1
193,36,489.47,336.99,70.34,32.78,0.91,4,-1,-1
193,38,720.45,309.27,56.72,34.04,0.99,5,-1,-1
193,43,718.51,277.62,25.30,23.39,0.96,4,-1,-1
193,54,660.50,350.62,55.28,77.20,0.97,6,-1,-1
193,73,478.69,589.29,22.77,52.45,0.95,1,-1,-1
193,45,617.07,294.95,39.31,45.00,0.93,6,-1,-1
193,67,805.52,375.88,15.36,32.92,0.93,1,-1,-1
193,77,927.67,561.20,128.97,58.40,0.97,4,-1,-1
193,50,828.21,404.74,80.76,36.19,0.94,4,-1,-1
193,42,663.26,261.93,36.96,44.10,0.97,6,-1,-1
193,44,579.21,304.93,38.43,42.48,0.69,4,-1,-1
193,96,616.87,295.41,39.27,44.40,0.93,8,-1,-1
194,4,510.72,557.10,68.46,80.27,1.00,4,-1,-1
194,5,394.57,599.86,78.19,88.58,0.99,4,-1,-1
194,6,467.25,608.04,25.06,58.76,0.98,1,-1,-1
194,9,575.66,356.13,109.78,126.72,0.92,6,-1,-1
194,11,604.04,485.36,78.54,120.20,1.00,6,-1,-1
194,13,703.58,621.85,124.13,141.27,0.99,6,-1,-1
194,15,817.81,550.88,92.78,127.57,0.90,5,-1,-1
194,18,938.54,627.51,163.62,73.67,1.00,4,-1,-1
194,31,433.75,387.96,75.21,46.40,1.00,5,-1,-1
194,32,723.22,376.08,66.35,80.11,1.00,6,-1,-1
194,34,755.80,292.36,43.30,29.38,0.73,4,-1,-1
194,35,766.90,335.12,64.96,35.64,0.99,4,-1,-1
194,36,488.66,338.11,70.70,32.30,0.94,4,-1,-1
194,38,720.85,309.14,57.09,34.41,0.99,5,-1,-1
194,43,718.53,277.74,25.51,23.76,0.97,4,-1,-1
194,54,660.14,351.25,55.47,77.33,0.99,6,-1,-1
194,73,477.79,590.82,22.43,52.25,0.97,1,-1,-1
194,45,617.20,295.74,38.76,44.39,0.92,6,-1,-1
194,67,805.66,376.37,15.36,32.89,0.94,1,-1,-1
194,77,928.75,562.97,130.65,58.23,0.98,4,-1,-1
194,50,827.75,405.37,81.01,36.13,0.92,4,-1,-1
194,42,663.36,261.87,37.38,44.31,0.96,6,-1,-1
194,44,578.95,304.85,38.45,42.62,0.71,4,-1,-1
194,96,617.20,296.01,38.61,44.09,0.94,8,-1,-1
195,4,510.82,556.53,67.81,79.61,1.00,4,-1,-1
195,5,394.00,601.71,78.16,88.28,0.99,4,-1,-1
195,6,465.99,610.12,25.49,58.40,0.98,1,-1,-1
195,9,575.51,356.48,111.64,125.95,0.86,6,-1,-1
195,11,603.22,485.01,79.07,120.27,1.00,6,-1,-1
195,13,704.10,623.60,124.64,140.07,0.99,6,-1,-1
195,15,818.05,552.26,93.68,128.11,0.89,5,-1,-1
195,18,939.29,629.45,165.18,73.56,1.00,4,-1,-1
195,31,431.82,388.18,76.92,46.81,1.00,5,-1,-1
195,32,723.21,376.61,67.15,80.72,0.98,6,-1,-1
195,34,758.09,291.76,47.96,30.06,0.92,4,-1,-1
195,35,767.38,335.31,65.57,35.52,0.99,4,-1,-1
195,36,488.62,338.38,70.84,32.38,0.92,4,-1,-1
195,38,721.25,309.42,56.68,34.25,0.99,5,-1,-1
195,43,718.78,277.85,25.60,23.89,0.97,4,-1,-1
195,54,660.27,350.99,55.57,78.21,0.98,6,-1,-1
195,73,476.39,592.76,22.88,51.59,0.97,1,-1,-1
195,45,616.92,296.69,39.13,43.29,0.95,6,-1,-1
195,67,806.26,376.43,15.37,33.16,0.94,1,-1,-1
195,77,930.31,563.45,132.43,58.68,0.90,4,-1,-1
195,50,828.70,405.76,82.25,36.08,0.86,4,-1,-1
195,42,663.35,261.77,37.55,44.09,0.96,6,-1,-1
195,44,578.53,304.21,39.03,43.23,0.69,4,-1,-1
196,4,510.55,556.17,67.55,79.40,1.00,4,-1,-1
196,5,392.91,603.58,78.70,88.75,0.99,4,-1,-1
196,6,464.93,612.10,25.64,58.26,0.97,1,-1,-1
196,9,574.67,356.12,112.90,127.72,0.93,6,-1,-1
196,11,602.92,485.57,78.70,120.34,0.99,6,-1,-1
196,13,704.58,625.49,125.37,138.57,0.97,6,-1,-1
196,15,818.72,554.05,94.00,128.91,0.87,5,-1,-1
196,18,940.71,631.76,164.63,74.13,1.00,4,-1,-1
196,31,433.48,388.59,74.63,46.98,1.00,5,-1,-1
196,32,723.55,377.49,67.44,80.69,0.99,6,-1,-1
196,34,760.09,291.65,49.04,29.50,0.95,4,-1,-1
196,35,767.63,335.64,65.80,35.49,0.99,4,-1,-1
196,36,488.07,338.81,70.90,33.00,0.97,4,-1,-1
196,38,721.19,309.63,57.08,34.49,0.99,5,-1,-1
196,43,718.95,278.27,25.63,23.67,0.98,4,-1,-1
196,54,660.37,351.27,55.59,79.40,0.98,6,-1,-1
196,73,475.56,594.67,22.47,51.36,0.97,1,-1,-1
196,45,616.88,297.13,38.69,43.46,0.90,6,-1,-1
196,67,806.54,377.01,15.37,33.27,0.93,1,-1,-1
196,77,930.92,565.77,131.97,57.20,0.83,4,-1,-1
196,50,829.11,406.19,82.16,36.51,0.85,4,-1,-1
196,42,663.42,262.10,37.61,44.03,0.95,6,-1,-1
196,44,578.43,304.46,39.24,43.19,0.72,4,-1,-1
197,4,510.48,555.51,67.47,79.32,1.00,4,-1,-1
197,5,391.30,605.12,79.32,89.46,0.99,4,-1,-1
197,6,463.75,613.66,26.25,59.33,0.97,1,-1,-1
197,9,574.36,355.87,112.27,129.07,0.94,6,-1,-1
197,11,603.38,485.51,78.58,119.79,1.00,6,-1,-1
197,13,704.78,627.54,125.65,136.32,0.99,6,-1,-1
197,15,819.53,555.78,94.12,129.16,0.95,5,-1,-1
197,18,942.35,633.65,165.53,74.88,1.00,4,-1,-1
197,31,433.45,389.61,74.44,46.75,0.99,5,-1,-1
197,32,723.65,377.93,67.55,81.64,0.99,6,-1,-1
197,34,762.42,291.88,48.91,28.69,0.95,4,-1,-1
197,35,767.69,336.16,66.44,35.18,0.99,4,-1,-1
197,36,488.43,339.14,70.35,33.22,0.96,4,-1,-1
197,38,720.85,309.69,57.23,34.57,0.99,5,-1,-1
197,43,718.97,278.70,25.65,23.01,0.98,4,-1,-1
197,54,660.67,352.21,55.60,79.55,1.00,6,-1,-1
197,73,474.46,597.34,22.89,51.26,0.96,1,-1,-1
197,45,617.12,297.29,39.10,43.80,0.89,6,-1,-1
197,67,806.90,377.33,15.37,33.59,0.95,1,-1,-1
197,77,931.69,567.39,132.92,57.75,0.96,4,-1,-1
197,50,829.52,407.01,80.14,36.80,0.91,4,-1,-1
197,42,663.41,262.51,37.63,43.99,0.88,6,-1,-1
197,44,578.37,305.13,39.33,43.17,0.75,4,-1,-1
198,4,510.72,555.12,66.88,79.35,1.00,4,-1,-1
198,5,390.08,607.15,79.54,90.34,0.99,4,-1,-1
198,6,462.42,616.01,27.03,59.75,0.98,1,-1,-1
198,9,573.76,356.25,112.03,128.11,0.95,6,-1,-1
198,11,603.86,485.60,78.53,120.22,1.00,6,-1,-1
198,13,704.87,630.43,126.87,133.89,0.94,6,-1,-1
198,15,820.18,557.43,94.99,129.87,0.93,5,-1,-1
198,18,943.60,636.25,167.01,75.22,1.00,4,-1,-1
198,31,433.02,390.30,74.81,47.26,1.00,5,-1,-1
198,32,723.78,378.62,68.71,81.90,0.99,6,-1,-1
198,34,765.04,291.64,48.85,28.68,0.96,4,-1,-1
198,35,767.83,336.60,65.00,35.38,0.99,4,-1,-1
198,36,487.74,339.55,70.73,33.34,0.88,4,-1,-1
198,38,721.11,309.80,57.86,35.19,0.99,5,-1,-1
198,43,719.38,278.93,25.65,23.06,0.98,4,-1,-1
198,54,660.87,352.78,55.59,81.33,0.99,6,-1,-1
198,73,472.60,600.10,24.16,51.25,0.97,1,-1,-1
198,45,617.30,296.83,38.69,44.24,0.95,6,-1,-1
198,67,807.42,377.99,15.37,34.01,0.94,1,-1,-1
198,77,932.05,569.32,133.29,59.14,0.92,4,-1,-1
198,50,830.35,407.59,81.09,37.37,0.88,4,-1,-1
198,42,663.51,262.29,37.64,44.58,0.96,6,-1,-1
198,44,578.42,304.71,39.35,43.75,0.71,4,-1,-1
198,97,546.86,278.55,43.54,31.59,0.65,8,-1,-1
199,4,510.48,555.07,66.68,79.34,1.00,4,-1,-1
199,5,388.78,609.95,79.92,90.06,1.00,4,-1,-1
199,6,461.92,619.18,26.24,59.32,0.92,1,-1,-1
199,9,573.71,357.16,110.84,127.26,0.64,6,-1,-1
199,11,603.96,486.53,78.56,119.78,1.00,6,-1,-1
199,13,705.44,632.56,127.93,131.26,0.87,6,-1,-1
199,15,820.91,559.36,95.35,130.08,0.91,5,-1,-1
199,18,945.13,638.47,168.70,75.84,1.00,4,-1,-1
199,31,431.35,391.49,75.80,46.85,1.00,5,-1,-1
199,32,723.69,379.14,69.73,82.23,0.99,6,-1,-1
199,34,766.36,291.40,48.83,28.94,0.92,4,-1,-1
199,35,768.29,337.15,65.01,35.43,0.99,4,-1,-1
199,36,488.50,340.06,69.74,33.35,0.95,4,-1,-1
199,38,721.34,310.39,57.53,35.12,0.99,5,-1,-1
199,43,719.37,279.15,25.66,23.06,0.97,4,-1,-1
199,54,661.09,353.28,55.61,81.96,1.00,6,-1,-1
199,73,470.78,602.85,24.65,50.67,0.96,1,-1,-1
199,45,617.21,297.53,38.54,44.38,0.91,8,-1,-1
199,67,807.76,378.75,15.38,33.60,0.97,1,-1,-1
199,77,933.23,571.31,136.82,61.30,0.91,4,-1,-1
199,50,830.52,408.17,81.45,37.69,0.90,4,-1,-1
199,42,663.67,262.50,37.08,44.78,0.95,6,-1,-1
199,44,578.57,305.72,38.81,43.39,0.73,4,-1,-1
200,4,510.45,554.97,66.60,79.34,1.00,4,-1,-1
200,5,387.55,612.80,79.47,89.94,0.99,4,-1,-1
200,6,461.26,622.46,25.33,58.58,0.91,1,-1,-1
200,9,573.22,357.42,111.51,127.51,0.93,6,-1,-1
200,11,604.33,486.50,78.56,121.31,1.00,6,-1,-1
200,13,705.96,636.05,123.22,128.04,0.66,6,-1,-1
200,15,822.03,561.66,95.73,131.25,0.66,5,-1,-1
200,18,946.79,641.43,169.29,76.07,0.99,4,-1,-1
200,31,429.12,392.25,77.85,46.55,0.99,5,-1,-1
200,32,723.98,379.95,68.97,83.05,1.00,6,-1,-1
200,34,768.80,291.26,49.94,29.60,0.88,4,-1,-1
200,35,768.79,337.29,67.27,35.73,0.99,4,-1,-1
200,36,487.73,340.30,70.50,33.63,0.94,4,-1,-1
200,38,721.76,310.82,57.39,35.09,0.99,5,-1,-1
200,43,719.41,279.46,25.65,23.35,0.96,4,-1,-1
200,54,660.95,353.81,56.17,82.46,0.99,6,-1,-1
200,73,469.05,606.54,24.83,49.31,0.93,1,-1,-1
200,45,617.25,298.43,39.05,43.87,0.93,8,-1,-1
200,67,808.19,378.96,15.38,34.00,0.93,1,-1,-1
200,77,934.77,572.80,138.12,61.56,0.99,4,-1,-1
200,50,831.45,408.73,82.42,38.23,0.84,4,-1,-1
200,42,663.79,263.08,38.00,44.85,0.92,6,-1,-1
200,44,578.71,305.60,39.15,44.09,0.75,4,-1,-1
201,4,510.57,554.92,66.54,79.34,1.00,4,-1,-1
201,5,386.84,615.14,78.82,91.57,0.99,4,-1,-1
201,6,460.31,624.97,25.54,59.42,0.96,1,-1,-1
201,9,573.49,357.11,110.58,128.60,0.89,6,-1,-1
201,11,604.30,487.06,79.08,121.88,1.00,6,-1,-1
201,13,706.49,639.56,120.17,124.61,0.71,6,-1,-1
201,15,822.77,563.92,96.65,132.24,0.71,5,-1,-1
201,18,948.51,644.50,169.43,76.73,1.00,4,-1,-1
201,31,428.62,393.33,78.46,46.44,0.99,5,-1,-1
201,32,725.62,381.00,67.49,83.20,0.99,6,-1,-1
201,34,771.46,291.30,50.89,29.86,0.71,4,-1,-1
201,35,769.37,338.39,64.73,35.01,0.99,4,-1,-1
201,36,487.91,340.80,70.19,33.75,0.94,4,-1,-1
201,38,721.48,311.05,58.45,35.93,0.99,5,-1,-1
201,43,719.56,279.64,26.21,23.74,0.96,4,-1,-1
201,54,661.31,354.74,55.78,82.91,0.99,6,-1,-1
201,73,466.57,610.92,25.43,48.23,0.90,1,-1,-1
201,45,617.70,298.94,38.65,43.67,0.92,8,-1,-1
201,67,808.44,379.81,15.94,34.14,0.89,1,-1,-1
201,77,936.47,575.05,139.67,62.23,0.96,4,-1,-1
201,50,831.31,409.98,83.89,38.30,0.90,4,-1,-1
201,42,663.99,263.50,38.32,44.87,0.96,6,-1,-1
201,44,578.65,306.14,39.26,44.07,0.70,4,-1,-1
201,98,578.02,306.09,40.13,44.40,0.87,6,-1,-1
202,4,510.20,554.63,66.55,79.91,1.00,4,-1,-1
202,5,385.22,618.24,79.87,91.60,0.99,4,-1,-1
202,6,458.75,626.42,26.19,61.42,0.96,1,-1,-1
202,9,573.16,356.52,109.70,128.85,0.86,6,-1,-1
202,11,603.58,487.51,79.88,122.65,1.00,6,-1,-1
202,13,706.87,643.01,117.94,121.09,0.80,6,-1,-1
202,15,823.77,566.03,97.31,133.69,0.72,5,-1,-1
202,18,950.18,647.44,171.74,77.50,1.00,4,-1,-1
202,31,428.14,394.29,78.83,46.94,0.99,5,-1,-1
202,32,725.79,381.72,68.09,83.09,0.98,6,-1,-1
202,34,773.34,291.08,51.81,30.78,0.60,4,-1,-1
202,35,769.69,338.84,64.30,35.28,0.99,4,-1,-1
202,36,486.67,340.95,71.22,34.33,0.95,4,-1,-1
202,38,721.20,311.32,58.85,36.23,0.99,5,-1,-1
202,43,719.15,279.48,26.98,24.44,0.94,4,-1,-1
202,54,661.28,355.29,55.65,83.61,0.99,6,-1,-1
202,73,464.44,615.91,25.66,49.57,0.87,1,-1,-1
202,45,617.40,298.78,39.08,44.16,0.98,8,-1,-1
202,67,808.65,380.85,16.15,34.19,0.96,1,-1,-1
202,77,938.11,576.85,140.25,63.56,0.97,4,-1,-1
202,50,831.66,410.75,85.01,38.73,0.89,4,-1,-1
202,42,663.87,263.86,38.45,45.16,0.97,6,-1,-1
202,44,578.16,306.15,39.88,44.62,0.68,4,-1,-1
203,4,509.74,555.27,66.58,80.16,1.00,4,-1,-1
203,5,383.70,621.22,81.40,92.76,0.99,4,-1,-1
203,6,457.55,628.50,26.44,63.31,0.98,1,-1,-1
203,9,573.05,357.11,108.83,127.72,0.93,6,-1,-1
203,11,603.58,488.68,80.20,122.99,1.00,6,-1,-1
203,13,707.31,647.57,120.03,116.45,0.60,6,-1,-1
203,15,824.75,569.23,98.12,134.84,0.74,5,-1,-1
203,18,951.98,651.25,173.76,78.38,1.00,4,-1,-1
203,31,427.92,395.29,78.70,47.16,1.00,5,-1,-1
203,32,726.45,383.23,68.32,83.92,0.98,6,-1,-1
203,34,776.29,291.80,51.05,30.58,0.61,4,-1,-1
203,35,770.43,339.82,63.59,35.12,0.99,4,-1,-1
203,36,485.33,341.79,72.76,34.01,0.96,4,-1,-1
203,38,722.26,312.22,57.88,36.07,0.99,5,-1,-1
203,43,719.04,279.93,27.28,24.72,0.94,4,-1,-1
203,54,661.29,356.58,56.17,84.32,0.99,6,-1,-1
203,73,462.75,621.81,26.30,50.08,0.88,1,-1,-1
203,45,617.59,300.07,38.68,43.79,0.96,8,-1,-1
203,67,809.07,382.07,16.24,34.50,0.91,1,-1,-1
203,77,939.93,579.94,139.36,64.65,0.98,4,-1,-1
203,50,832.98,412.15,84.33,38.48,0.91,4,-1,-1
203,42,664.42,264.35,37.38,44.71,0.96,6,-1,-1
203,44,578.26,307.49,39.56,43.99,0.84,4,-1,-1
204,4,509.27,556.03,66.59,79.69,0.99,4,-1,-1
204,5,382.17,624.46,82.12,93.75,0.98,4,-1,-1
204,6,456.83,631.68,26.53,64.02,0.97,1,-1,-1
204,9,572.15,357.25,107.38,128.43,0.93,6,-1,-1
204,11,603.84,489.61,79.76,123.67,1.00,6,-1,-1
204,13,707.73,651.08,121.39,113.11,0.63,6,-1,-1
204,15,826.77,572.27,97.86,135.81,0.68,5,-1,-1
204,18,954.30,655.07,174.50,78.70,1.00,4,-1,-1
204,31,427.98,396.56,78.21,47.09,1.00,5,-1,-1
204,32,726.39,384.55,68.97,83.94,0.99,6,-1,-1
204,34,778.71,292.28,49.61,30.49,0.65,4,-1,-1
204,35,770.67,340.23,63.32,35.63,0.99,4,-1,-1
204,36,484.81,342.45,73.34,33.88,0.97,4,-1,-1
204,38,722.36,312.62,58.64,36.57,0.99,5,-1,-1
204,43,719.25,280.15,27.39,24.82,0.92,4,-1,-1
204,54,661.55,357.12,56.37,84.70,0.97,6,-1,-1
204,73,462.13,627.84,26.54,49.15,0.88,1,-1,-1
204,45,617.92,300.33,38.53,43.94,0.92,8,-1,-1
204,67,809.48,383.00,16.27,34.61,0.94,1,-1,-1
204,77,941.69,582.94,142.38,65.60,0.98,4,-1,-1
204,50,834.58,413.99,84.05,38.09,0.94,4,-1,-1
204,42,664.61,264.59,37.53,45.68,0.97,6,-1,-1
204,44,578.56,307.07,39.43,44.60,0.47,4,-1,-1
205,4,508.92,556.65,66.62,79.49,1.00,4,-1,-1
205,5,380.77,627.37,83.09,95.20,0.99,4,-1,-1
205,6,456.16,636.51,26.57,62.59,0.96,1,-1,-1
205,9,571.89,357.49,108.01,129.09,0.95,6,-1,-1
205,11,603.46,490.82,80.74,125.02,1.00,6,-1,-1
205,13,709.13,654.55,120.79,109.64,0.89,6,-1,-1
205,15,827.88,575.30,98.04,137.24,0.75,5,-1,-1
205,18,957.48,659.18,174.75,78.75,1.00,4,-1,-1
205,31,427.40,397.79,78.16,46.90,1.00,5,-1,-1
205,32,726.68,386.01,69.23,83.77,0.99,6,-1,-1
205,34,780.41,292.04,50.19,31.28,0.48,4,-1,-1
205,35,771.07,340.79,66.08,35.80,0.99,4,-1,-1
205,36,483.84,343.59,74.11,33.80,0.97,4,-1,-1
205,38,723.27,313.05,58.36,36.73,1.00,5,-1,-1
205,43,719.64,280.66,27.43,24.84,0.96,4,-1,-1
205,54,661.98,357.74,56.45,84.39,0.98,6,-1,-1
205,73,462.62,634.30,25.52,47.06,0.67,1,-1,-1
205,45,617.80,300.87,39.05,44.26,0.83,8,-1,-1
205,67,809.66,384.15,16.84,34.65,0.91,1,-1,-1
205,77,944.08,585.65,142.38,65.35,0.98,4,-1,-1
205,50,835.78,415.48,83.94,38.49,0.95,4,-1,-1
205,42,664.98,264.84,38.16,46.02,0.95,6,-1,-1
205,44,578.15,307.51,39.38,45.09,0.73,4,-1,-1
206,4,508.11,557.15,67.75,80.01,1.00,4,-1,-1
206,5,378.59,631.15,84.70,95.77,0.99,4,-1,-1
206,6,454.95,641.63,27.13,62.58,0.98,1,-1,-1
206,9,571.74,357.26,108.25,130.22,0.97,6,-1,-1
206,11,604.06,491.82,80.52,125.55,1.00,6,-1,-1
206,13,709.52,658.33,121.12,105.61,0.63,6,-1,-1
206,15,829.02,578.11,98.91,138.35,0.77,5,-1,-1
206,18,959.66,663.54,177.06,79.37,1.00,4,-1,-1
206,31,426.40,398.73,78.55,47.41,1.00,5,-1,-1
206,32,726.72,386.26,70.43,85.13,0.99,6,-1,-1
206,35,770.88,341.28,67.10,36.16,0.99,4,-1,-1
206,36,483.69,343.95,73.83,34.08,0.98,4,-1,-1
206,38,722.71,313.76,59.38,36.81,0.98,5,-1,-1
206,43,719.46,281.13,28.00,25.13,0.95,4,-1,-1
206,54,662.36,358.23,56.47,84.83,0.98,6,-1,-1
206,73,463.88,640.55,24.52,45.15,0.81,1,-1,-1
206,45,618.26,301.03,38.67,44.40,0.92,8,-1,-1
206,67,810.23,385.30,16.50,34.38,0.95,1,-1,-1
206,77,945.98,589.49,141.21,65.83,0.98,4,-1,-1
206,50,836.71,416.47,85.02,39.08,0.94,4,-1,-1
206,42,664.79,265.04,38.96,46.44,0.98,6,-1,-1
206,44,577.94,308.19,39.36,44.72,0.82,4,-1,-1
207,4,507.64,557.84,67.60,80.21,1.00,4,-1,-1
207,5,375.96,634.95,86.11,97.64,0.98,4,-1,-1
207,6,453.51,646.21,27.33,62.56,0.98,1,-1,-1
207,9,571.82,357.70,107.18,130.92,0.95,6,-1,-1
207,11,604.11,492.42,80.98,126.29,1.00,6,-1,-1
207,13,710.00,663.02,122.93,100.75,0.61,6,-1,-1
207,15,830.33,581.31,100.05,138.73,0.96,5,-1,-1
207,18,961.59,667.31,179.00,80.16,1.00,4,-1,-1
207,31,426.18,399.57,78.67,48.45,0.99,5,-1,-1
207,32,727.38,387.43,70.86,85.34,0.99,6,-1,-1
207,35,771.45,342.14,67.47,36.30,0.99,4,-1,-1
207,36,484.35,344.87,73.13,33.89,0.98,4,-1,-1
207,38,722.88,314.28,59.74,37.11,0.97,5,-1,-1
207,43,719.78,281.15,28.20,25.52,0.94,4,-1,-1
207,54,662.31,359.35,57.02,84.84,0.99,6,-1,-1
207,73,462.50,644.91,25.86,46.80,0.85,1,-1,-1
207,45,618.26,302.05,39.09,43.87,0.73,8,-1,-1
207,67,811.07,386.39,16.92,34.27,0.95,1,-1,-1
207,77,948.39,593.09,140.70,65.44,1.00,4,-1,-1
207,50,837.12,418.06,85.40,38.31,0.94,4,-1,-1
207,42,665.11,265.52,38.68,46.59,0.94,6,-1,-1
207,44,578.27,308.41,39.33,44.85,0.85,4,-1,-1
207,99,618.15,302.03,39.27,43.97,0.92,8,-1,-1
208,4,506.53,558.17,68.69,81.42,0.99,4,-1,-1
208,5,373.36,638.64,87.07,97.77,0.99,4,-1,-1
208,6,452.35,648.77,27.41,64.24,0.98,1,-1,-1
208,9,571.19,357.19,107.96,132.16,0.98,6,-1,-1
208,11,604.04,493.23,81.17,127.69,1.00,6,-1,-1
208,13,710.11,667.55,122.50,96.20,0.82,6,-1,-1
208,15,831.86,585.01,101.62,140.54,0.73,5,-1,-1
208,18,963.92,671.47,180.85,80.43,1.00,4,-1,-1
208,31,425.72,400.33,78.72,49.54,1.00,5,-1,-1
208,32,728.10,388.42,71.03,85.97,1.00,6,-1,-1
208,35,772.13,343.31,65.92,36.06,0.99,4,-1,-1
208,36,483.08,345.53,74.57,34.39,0.95,4,-1,-1
208,38,724.25,314.90,59.32,36.93,0.99,5,-1,-1
208,43,720.07,281.86,28.28,25.38,0.93,4,-1,-1
208,54,663.04,360.20,56.67,85.81,0.99,6,-1,-1
208,73,461.92,649.03,25.23,47.39,0.67,1,-1,-1
208,45,618.44,303.01,38.69,43.67,0.61,8,-1,-1
208,67,811.58,387.64,16.51,34.23,0.95,1,-1,-1
208,77,949.77,597.22,141.64,65.26,0.99,4,-1,-1
208,50,837.73,419.77,85.55,38.00,0.96,4,-1,-1
208,42,665.40,265.99,38.58,46.36,0.94,6,-1,-1
208,44,577.72,308.65,40.47,44.90,0.78,4,-1,-1
208,99,618.10,302.77,39.33,44.37,0.98,8,-1,-1
209,4,506.25,557.59,69.10,81.29,1.00,4,-1,-1
209,5,371.59,641.50,86.71,98.90,0.99,4,-1,-1
209,6,451.24,651.46,28.00,64.86,0.98,1,-1,-1
209,9,571.35,356.45,107.69,133.31,0.98,6,-1,-1
209,11,604.12,493.10,81.80,127.06,1.00,6,-1,-1
209,13,711.11,670.96,121.19,92.35,0.73,6,-1,-1
209,15,833.36,587.01,102.48,142.29,0.75,5,-1,-1
209,18,967.08,675.01,182.63,81.06,1.00,4,-1,-1
209,31,422.15,400.33,81.99,50.35,0.99,5,-1,-1
209,32,728.74,388.35,71.08,85.62,0.99,6,-1,-1
209,35,772.74,342.88,65.88,36.53,0.99,4,-1,-1
209,36,483.29,345.21,73.97,34.28,0.98,4,-1,-1
209,38,724.86,314.42,59.14,36.85,1.00,5,-1,-1
209,43,720.27,281.28,28.86,25.32,0.95,4,-1,-1
209,54,663.42,359.94,56.53,86.01,1.00,6,-1,-1
209,73,461.32,652.55,24.40,48.19,0.31,1,-1,-1
209,67,812.13,387.51,16.35,33.92,0.95,1,-1,-1
209,77,952.58,598.51,141.97,66.85,1.00,4,-1,-1
209,50,838.88,419.80,85.30,38.30,0.98,4,-1,-1
209,42,665.88,265.33,38.53,46.26,0.97,6,-1,-1
209,44,577.62,308.19,40.33,44.91,0.79,4,-1,-1
210,4,505.73,556.85,69.25,81.84,1.00,4,-1,-1
210,5,369.51,644.51,87.25,98.78,0.99,4,-1,-1
210,6,450.11,654.42,28.22,64.53,0.98,1,-1,-1
210,9,571.33,356.73,107.04,132.65,0.92,6,-1,-1
210,11,604.32,493.07,81.48,126.84,1.00,6,-1,-1
210,13,711.64,674.48,121.85,88.81,0.53,6,-1,-1
210,15,834.39,588.90,103.92,144.10,0.77,5,-1,-1
210,18,969.88,678.62,183.30,81.32,1.00,4,-1,-1
210,31,418.86,400.43,84.47,50.82,0.97,5,-1,-1
210,32,728.89,388.60,71.66,85.78,1.00,6,-1,-1
210,35,773.48,342.30,67.01,36.72,0.99,4,-1,-1
210,36,483.55,344.78,73.18,34.25,0.99,4,-1,-1
210,38,725.01,313.67,59.65,37.11,1.00,5,-1,-1
210,43,720.29,280.34,29.08,25.29,0.91,4,-1,-1
210,54,664.03,359.83,55.91,86.95,0.99,6,-1,-1
210,67,812.56,387.46,16.86,34.10,0.93,1,-1,-1
210,77,954.69,601.00,143.24,66.36,0.99,4,-1,-1
210,50,840.09,419.68,85.50,38.58,0.97,4,-1,-1
210,42,665.70,264.34,38.52,46.23,0.91,6,-1,-1
210,44,577.77,307.99,39.71,44.92,0.71,4,-1,-1
210,45,618.56,301.19,39.23,44.99,0.92,8,-1,-1
211,4,505.06,553.79,69.85,82.01,1.00,4,-1,-1
211,5,367.92,644.70,87.26,99.23,0.98,4,-1,-1
211,6,449.26,654.86,28.28,64.93,0.99,1,-1,-1
211,9,571.68,353.42,106.77,133.33,0.97,6,-1,-1
211,11,604.16,490.28,81.88,128.40,1.00,6,-1,-1
211,13,712.68,675.40,122.06,87.12,0.22,6,-1,-1
211,15,835.83,588.43,104.40,145.83,0.73,5,-1,-1
211,18,972.46,679.03,184.56,81.95,1.00,4,-1,-1
211,31,418.99,397.85,83.85,50.55,0.98,5,-1,-1
211,32,730.08,386.94,71.28,85.95,0.98,6,-1,-1
211,35,774.58,339.64,66.28,36.77,0.99,4,-1,-1
211,36,484.33,342.31,72.27,33.94,0.98,4,-1,-1
211,38,725.92,310.96,59.81,36.63,1.00,5,-1,-1
211,43,720.86,277.30,29.14,25.27,0.95,4,-1,-1
211,54,664.00,357.63,56.80,86.97,0.99,6,-1,-1
211,67,813.53,385.55,16.48,33.87,0.97,1,-1,-1
211,77,957.60,599.90,143.64,68.95,1.00,4,-1,-1
211,50,841.34,417.44,86.39,38.10,0.96,4,-1,-1
211,42,665.38,261.01,38.49,46.20,0.87,6,-1,-1
211,44,577.32,305.07,41.16,46.04,0.58,4,-1,-1
211,45,618.57,298.79,39.35,44.44,0.92,8,-1,-1
212,4,505.14,547.82,69.52,81.50,1.00,4,-1,-1
212,5,366.00,642.14,87.55,99.94,0.99,4,-1,-1
212,6,448.45,652.67,27.74,64.51,0.99,1,-1,-1
212,9,571.27,348.31,104.99,132.58,0.96,6,-1,-1
212,11,604.41,484.95,82.05,127.85,1.00,6,-1,-1
212,13,713.98,673.62,123.30,87.85,0.35,6,-1,-1
212,15,837.54,586.13,104.58,147.01,0.77,5,-1,-1
212,18,975.17,677.03,187.28,82.71,1.00,4,-1,-1
212,31,415.72,392.59,86.41,50.98,0.99,5,-1,-1
212,32,730.55,381.41,71.71,86.85,1.00,6,-1,-1
212,35,775.87,334.17,66.57,36.78,0.99,4,-1,-1
212,36,483.21,336.38,73.08,34.67,0.96,4,-1,-1
212,38,727.12,305.48,58.75,36.44,0.99,5,-1,-1
212,43,721.66,270.99,28.60,25.54,0.92,4,-1,-1
212,54,663.72,351.91,57.71,88.38,0.99,6,-1,-1
212,67,813.63,380.35,16.90,34.36,0.92,1,-1,-1
212,77,959.86,596.79,146.06,69.90,1.00,4,-1,-1
212,50,842.68,411.96,87.01,38.76,0.95,4,-1,-1
212,42,665.83,254.02,38.49,47.32,0.89,6,-1,-1
212,44,577.72,299.81,40.03,45.33,0.85,4,-1,-1
212,45,618.01,292.87,39.97,44.80,0.93,8,-1,-1
213,4,505.14,542.46,68.82,81.31,1.00,4,-1,-1
213,5,364.58,639.95,87.79,101.32,0.99,4,-1,-1
213,6,446.44,650.33,28.67,65.47,0.99,1,-1,-1
213,9,570.78,341.99,103.78,132.71,0.92,6,-1,-1
213,11,604.74,479.80,82.12,126.49,1.00,6,-1,-1
213,13,715.27,671.68,123.77,89.97,0.51,6,-1,-1
213,15,840.09,583.19,104.36,147.98,0.86,5,-1,-1
213,18,978.35,675.29,189.41,83.55,0.99,4,-1,-1
213,31,414.17,386.77,87.08,52.41,0.99,5,-1,-1
213,32,730.94,375.19,72.43,89.01,0.99,6,-1,-1
213,35,776.85,328.53,65.54,36.78,1.00,4,-1,-1
213,36,482.45,330.87,73.39,34.38,0.98,4,-1,-1
213,38,728.08,299.13,58.34,37.22,1.00,5,-1,-1
213,43,722.19,264.91,28.39,25.64,0.92,4,-1,-1
213,54,664.41,346.61,58.06,87.77,0.99,6,-1,-1
213,67,815.03,375.09,17.62,34.82,0.95,1,-1,-1
213,77,961.76,594.37,146.97,70.80,0.99,4,-1,-1
213,50,843.96,407.30,84.70,38.44,0.97,4,-1,-1
213,42,666.22,248.25,38.49,47.18,0.98,6,-1,-1
213,44,577.83,293.41,40.15,45.91,0.62,4,-1,-1
213,45,618.31,286.36,40.20,44.93,0.61,8,-1,-1
214,4,504.92,535.01,69.12,81.78,1.00,4,-1,-1
214,5,362.21,635.57,89.27,103.49,0.99,4,-1,-1
214,6,445.22,647.29,29.01,64.68,0.95,1,-1,-1
214,9,570.64,334.62,103.34,133.15,0.95,6,-1,-1
214,11,604.90,472.41,82.71,127.64,0.99,6,-1,-1
214,13,715.77,668.47,124.50,92.53,0.61,6,-1,-1
214,15,841.60,578.50,106.50,149.41,0.80,5,-1,-1
214,18,981.74,671.56,190.15,85.51,1.00,4,-1,-1
214,31,414.52,380.26,86.18,51.52,1.00,5,-1,-1
214,32,730.52,369.21,73.82,88.82,1.00,6,-1,-1
214,35,777.77,321.53,65.71,36.49,1.00,4,-1,-1
214,36,482.50,324.22,72.93,34.53,0.96,4,-1,-1
214,38,729.00,292.02,58.18,37.22,0.99,5,-1,-1
214,43,722.95,257.19,27.73,25.10,0.93,4,-1,-1
214,54,664.68,340.02,58.18,88.35,0.98,6,-1,-1
214,67,816.11,368.91,16.78,33.57,0.91,1,-1,-1
214,77,964.10,589.87,150.65,72.78,0.99,4,-1,-1
214,50,845.55,400.91,84.93,38.59,0.96,4,-1,-1
214,42,666.66,240.10,39.06,47.95,0.92,6,-1,-1
214,44,577.61,286.01,40.19,45.54,0.69,4,-1,-1
214,45,618.73,279.34,39.71,44.67,0.88,8,-1,-1
215,4,504.73,527.86,68.62,81.40,1.00,4,-1,-1
215,5,360.11,631.92,90.88,103.74,0.99,4,-1,-1
215,6,443.81,643.62,28.54,65.50,0.99,1,-1,-1
215,9,570.83,325.70,103.71,135.17,0.94,6,-1,-1
215,11,604.56,465.02,83.43,128.65,1.00,6,-1,-1
215,13,716.86,665.67,125.85,95.28,0.59,6,-1,-1
215,15,842.49,573.54,108.91,152.73,0.60,5,-1,-1
215,18,983.81,668.10,192.57,86.85,1.00,4,-1,-1
215,31,416.79,373.72,83.07,51.75,0.99,5,-1,-1
215,32,731.38,361.99,73.73,89.44,0.98,6,-1,-1
215,35,778.29,313.81,66.32,36.96,0.99,4,-1,-1
215,36,479.36,316.25,76.14,35.46,0.97,4,-1,-1
215,38,728.97,284.12,59.24,37.79,0.99,5,-1,-1
215,43,723.75,249.22,27.46,25.19,0.98,4,-1,-1
215,54,664.70,332.69,58.74,89.41,0.99,6,-1,-1
215,67,817.24,361.64,17.57,33.96,0.96,1,-1,-1
215,77,966.38,585.04,153.09,74.11,0.99,4,-1,-1
215,50,845.98,394.28,84.99,39.37,0.98,4,-1,-1
215,42,667.06,232.51,38.68,47.68,0.92,6,-1,-1
215,44,577.21,278.66,40.74,45.69,0.86,4,-1,-1
215,45,618.85,271.58,39.49,44.57,0.86,8,-1,-1
215,100,579.73,259.77,40.98,28.60,0.87,4,-1,-1
216,4,504.15,520.57,69.05,81.86,1.00,4,-1,-1
216,5,357.95,628.77,91.26,104.97,0.99,4,-1,-1
216,6,442.50,640.72,29.52,66.39,0.97,1,-1,-1
216,9,570.09,318.20,100.52,134.28,0.97,6,-1,-1
216,11,604.80,458.43,83.20,128.50,0.99,6,-1,-1
216,13,717.71,663.60,128.13,98.08,0.57,6,-1,-1
216,15,844.42,570.04,109.61,152.90,0.86,5,-1,-1
216,18,987.10,665.73,192.43,87.35,1.00,4,-1,-1
216,31,414.24,366.86,85.35,52.11,0.99,5,-1,-1
216,32,732.39,355.80,74.30,88.98,0.99,6,-1,-1
216,35,779.46,306.13,67.16,37.71,1.00,4,-1,-1
216,36,479.31,308.82,76.26,36.09,0.97,4,-1,-1
216,38,729.06,276.65,60.24,38.01,0.98,5,-1,-1
216,43,724.42,240.86,27.96,25.79,0.93,4,-1,-1
216,54,664.79,325.33,59.00,91.24,1.00,6,-1,-1
216,67,818.67,355.13,16.76,33.26,0.97,1,-1,-1
216,77,969.18,581.57,155.21,74.61,0.99,4,-1,-1
216,50,848.29,387.44,86.48,39.95,0.97,4,-1,-1
216,42,667.57,224.59,38.56,47.87,0.83,6,-1,-1
216,44,576.81,270.72,40.98,46.32,0.77,4,-1,-1
216,45,619.23,263.76,39.43,45.12,0.94,8,-1,-1
216,101,464.46,272.57,66.60,39.27,0.79,4,-1,-1
216,102,597.66,236.71,45.25,25.19,0.79,4,-1,-1
216,103,618.57,263.40,40.13,45.68,0.92,8,-1,-1
217,4,503.85,513.38,69.21,82.03,1.00,4,-1,-1
217,5,355.97,626.13,91.66,104.84,0.98,4,-1,-1
217,6,441.38,638.45,29.88,66.72,0.97,1,-1,-1
217,9,570.61,309.65,99.33,136.33,0.96,6,-1,-1
217,11,605.36,451.77,83.09,128.43,1.00,6,-1,-1
217,13,718.20,661.64,130.11,100.30,0.40,6,-1,-1
217,15,846.42,565.62,110.68,156.28,0.63,5,-1,-1
217,18,990.42,663.39,193.44,88.08,1.00,4,-1,-1
217,31,410.97,360.22,87.87,52.53,0.99,5,-1,-1
217,32,733.23,348.29,75.07,91.20,0.98,6,-1,-1
217,35,780.35,299.07,66.34,37.70,0.99,4,-1,-1
217,36,478.67,301.41,76.85,35.77,0.97,4,-1,-1
217,38,729.27,269.53,61.18,37.53,0.97,5,-1,-1
217,43,724.85,233.13,28.14,25.74,0.96,4,-1,-1
217,54,665.29,318.51,59.08,90.51,0.99,6,-1,-1
217,67,819.37,348.20,17.00,33.86,0.96,1,-1,-1
217,77,972.33,578.28,155.97,75.33,0.99,4,-1,-1
217,50,849.89,380.96,85.06,40.17,0.99,4,-1,-1
217,42,667.09,215.89,39.08,49.64,0.90,6,-1,-1
217,44,576.86,262.70,41.07,47.12,0.71,4,-1,-1
217,45,619.00,256.65,39.97,44.75,0.88,8,-1,-1
217,101,469.20,264.76,61.26,39.69,0.64,4,-1,-1
218,4,503.59,506.42,69.82,83.20,1.00,4,-1,-1
218,5,354.47,623.59,91.35,106.43,0.99,4,-1,-1
218,6,440.02,635.75,30.56,67.38,0.98,1,-1,-1
218,9,570.33,301.38,100.07,137.35,0.98,6,-1,-1
218,11,605.68,445.29,83.61,128.93,1.00,6,-1,-1
218,13,719.30,659.86,130.82,102.27,0.41,6,-1,-1
218,15,848.05,562.68,111.32,158.05,0.82,5,-1,-1
218,18,994.46,661.75,194.87,88.87,1.00,4,-1,-1
218,31,408.49,353.49,89.93,52.94,0.99,5,-1,-1
218,32,734.18,342.89,75.33,89.89,0.99,6,-1,-1
218,35,781.30,292.03,67.72,37.69,1.00,4,-1,-1
218,36,479.13,294.12,76.48,36.47,0.96,4,-1,-1
218,38,729.97,261.92,61.52,37.89,0.96,5,-1,-1
218,43,725.64,225.03,28.20,26.27,0.96,4,-1,-1
218,54,664.99,311.28,60.23,92.45,0.99,6,-1,-1
218,67,820.81,342.04,15.95,33.50,0.93,1,-1,-1
218,77,974.62,574.92,157.31,74.99,0.99,4,-1,-1
218,50,851.07,374.38,85.63,40.23,0.99,4,-1,-1
218,42,667.83,208.21,39.27,48.39,0.91,6,-1,-1
218,44,576.70,254.35,41.09,47.69,0.72,4,-1,-1
218,45,619.29,249.20,39.60,44.59,0.78,8,-1,-1
218,101,467.15,257.45,62.90,39.12,0.72,4,-1,-1
218,104,596.80,220.71,46.96,26.47,0.73,4,-1,-1
218,105,619.00,248.88,40.13,44.82,0.88,8,-1,-1
218,106,847.82,563.50,110.99,156.24,0.71,9,-1,-1
219,4,503.20,500.67,71.18,84.23,1.00,4,-1,-1
219,5,352.93,621.63,91.62,108.15,0.98,4,-1,-1
219,6,438.93,634.30,29.69,68.19,0.98,1,-1,-1
219,9,570.25,295.42,101.51,139.15,0.98,6,-1,-1
219,11,605.50,439.43,84.35,130.27,1.00,6,-1,-1
219,13,720.50,659.08,131.62,103.61,0.54,6,-1,-1
219,15,850.02,560.67,111.80,159.82,0.83,5,-1,-1
219,18,997.58,661.35,197.63,89.74,1.00,4,-1,-1
219,31,409.12,347.77,88.87,53.39,1.00,5,-1,-1
219,32,734.82,337.03,75.97,91.08,0.99,6,-1,-1
219,35,782.51,285.42,67.10,37.97,0.99,4,-1,-1
219,36,476.79,287.93,78.03,36.75,0.98,4,-1,-1
219,38,730.82,255.09,61.64,37.76,0.96,5,-1,-1
219,43,726.53,217.73,28.22,26.47,0.97,4,-1,-1
219,54,665.18,304.86,61.21,93.74,1.00,6,-1,-1
219,67,822.49,336.03,16.12,33.66,0.95,1,-1,-1
219,77,977.67,572.49,157.77,74.85,0.98,4,-1,-1
219,50,852.06,368.36,86.98,41.12,0.99,4,-1,-1
219,42,668.15,200.56,39.34,49.25,0.86,6,-1,-1
219,44,576.38,246.79,41.09,49.60,0.58,4,-1,-1
219,45,619.42,242.41,40.01,44.82,0.96,8,-1,-1
219,101,466.31,249.73,63.37,39.23,0.47,4,-1,-1
219,104,597.41,213.93,46.37,25.24,0.54,4,-1,-1
219,107,575.88,246.32,41.84,49.95,0.62,6,-1,-1
219,108,585.28,228.82,35.86,29.03,0.72,4,-1,-1
220,4,502.76,494.88,70.57,84.03,1.00,4,-1,-1
220,5,350.15,620.00,93.41,109.89,1.00,4,-1,-1
220,6,436.59,632.84,31.05,69.04,0.97,1,-1,-1
220,9,570.17,288.86,101.51,139.80,0.97,6,-1,-1
220,11,605.40,433.86,84.64,131.88,1.00,6,-1,-1
220,13,721.78,658.65,133.60,104.67,0.59,6,-1,-1
220,15,852.10,558.97,113.94,160.98,0.83,5,-1,-1
220,18,1001.48,661.32,198.64,90.01,1.00,4,-1,-1
220,31,406.28,341.85,91.25,54.66,0.98,5,-1,-1
220,32,735.56,330.30,76.21,94.61,1.00,6,-1,-1
220,35,783.44,278.99,68.57,38.35,0.99,4,-1,-1
220,36,477.28,281.70,76.91,37.11,0.98,4,-1,-1
220,38,731.91,248.44,61.11,37.69,0.98,5,-1,-1
220,43,727.06,210.72,28.23,26.47,0.95,4,-1,-1
220,54,665.19,299.21,62.15,94.76,0.99,6,-1,-1
220,67,823.60,330.36,17.33,34.57,0.97,1,-1,-1
220,77,980.99,570.03,160.16,74.75,0.99,4,-1,-1
220,50,852.92,363.11,87.49,41.43,0.99,4,-1,-1
220,42,668.19,193.50,39.93,49.84,0.98,6,-1,-1
220,44,576.21,240.32,41.66,49.20,0.77,4,-1,-1
220,45,619.41,234.94,40.17,45.46,0.94,8,-1,-1
220,101,464.51,243.79,64.74,40.88,0.71,4,-1,-1
220,104,596.48,207.08,48.26,26.25,0.68,4,-1,-1
220,109,619.43,234.58,40.13,45.68,0.91,4,-1,-1
221,4,501.76,493.69,70.93,84.01,1.00,4,-1,-1
221,5,346.77,623.98,94.98,111.18,1.00,4,-1,-1
221,6,433.56,637.19,32.26,69.41,0.97,1,-1,-1
221,9,570.23,286.95,99.87,139.00,0.98,6,-1,-1
221,11,604.87,432.13,85.35,134.28,1.00,6,-1,-1
221,13,722.94,663.15,133.29,101.21,0.49,6,-1,-1
221,15,854.50,560.99,114.79,164.32,0.88,5,-1,-1
221,18,1006.32,666.01,201.36,91.88,0.99,4,-1,-1
221,31,407.14,340.02,89.11,53.78,0.99,5,-1,-1
221,32,735.73,328.06,78.03,95.17,0.99,6,-1,-1
221,35,784.29,275.57,69.16,38.80,0.99,4,-1,-1
221,36,476.10,277.76,78.22,37.56,0.97,4,-1,-1
221,38,733.08,244.77,60.36,38.55,0.99,5,-1,-1
221,43,727.73,206.54,28.25,26.56,0.98,4,-1,-1
221,54,666.17,296.37,61.40,96.04,1.00,6,-1,-1
221,67,824.26,328.82,17.79,34.38,0.95,1,-1,-1
221,77,985.05,573.50,158.89,71.93,0.98,4,-1,-1
221,50,854.89,361.18,90.57,42.14,0.99,4,-1,-1
221,42,668.36,189.37,40.74,50.52,0.98,6,-1,-1
221,44,575.67,237.56,41.89,48.49,0.91,4,-1,-1
221,45,618.67,231.24,41.39,46.59,0.96,8,-1,-1
221,101,455.42,239.85,73.83,42.06,0.74,4,-1,-1
221,104,597.09,203.46,48.87,27.16,0.38,4,-1,-1
221,110,578.87,217.93,41.84,29.03,0.73,4,-1,-1
222,4,500.84,495.67,71.56,85.62,0.99,4,-1,-1
222,5,343.74,631.06,96.02,112.65,0.99,4,-1,-1
222,6,431.83,644.96,31.44,70.03,0.97,1,-1,-1
222,9,569.93,287.74,98.01,139.39,0.98,6,-1,-1
222,11,605.15,434.24,85.52,135.05,1.00,6,-1,-1
222,13,724.28,672.37,133.57,94.02,0.40,6,-1,-1
222,15,857.01,567.14,116.09,166.51,0.81,5,-1,-1
222,18,1010.67,675.28,204.40,88.54,0.99,4,-1,-1
222,31,409.25,342.32,86.28,53.93,1.00,5,-1,-1
222,32,735.57,330.22,79.19,96.11,1.00,6,-1,-1
222,35,785.46,276.79,69.30,38.93,1.00,4,-1,-1
222,36,475.99,279.05,78.06,37.41,0.97,4,-1,-1
222,38,734.72,245.23,59.44,38.55,1.00,5,-1,-1
222,43,728.06,206.71,28.23,26.56,0.98,4,-1,-1
222,54,666.70,298.06,61.60,96.42,1.00,6,-1,-1
222,67,825.59,331.25,17.94,33.98,0.97,1,-1,-1
222,77,988.02,579.91,158.17,70.75,0.91,4,-1,-1
222,50,856.69,363.57,89.39,42.65,0.99,4,-1,-1
222,42,669.13,190.06,40.44,50.37,0.96,6,-1,-1
222,44,575.71,238.36,41.93,48.44,0.89,4,-1,-1
222,45,618.87,232.25,41.24,46.68,0.98,8,-1,-1
222,101,458.57,240.48,70.64,41.52,0.71,4,-1,-1
222,104,596.56,204.24,49.59,27.71,0.14,4,-1,-1
222,110,581.12,218.46,40.56,29.43,0.69,4,-1,-1
222,111,586.98,179.83,55.50,26.68,0.89,4,-1,-1
223,4,499.99,497.79,71.79,86.73,0.99,4,-1,-1
223,5,340.57,638.37,96.95,114.23,1.00,4,-1,-1
223,6,429.24,653.33,30.39,69.64,0.98,1,-1,-1
223,9,569.78,288.49,97.36,140.57,0.98,6,-1,-1
223,11,604.97,436.67,86.16,136.37,1.00,6,-1,-1
223,13,725.35,680.90,133.63,85.96,0.31,6,-1,-1
223,15,858.98,573.40,118.81,169.43,0.90,5,-1,-1
223,18,1014.97,683.46,207.72,82.49,0.99,4,-1,-1
223,31,407.11,344.49,87.34,54.78,1.00,5,-1,-1
223,32,735.97,331.68,80.18,96.94,1.00,6,-1,-1
223,35,786.04,278.33,69.33,38.94,1.00,4,-1,-1
223,36,475.40,280.72,77.96,37.30,0.99,4,-1,-1
223,38,734.33,246.38,60.24,38.80,0.98,5,-1,-1
223,43,728.32,207.64,28.22,26.25,0.98,4,-1,-1
223,54,666.25,299.80,62.80,97.04,1.00,6,-1,-1
223,67,827.07,332.90,18.00,34.67,0.98,1,-1,-1
223,77,991.80,585.65,161.24,73.12,0.92,4,-1,-1
223,50,857.78,365.33,91.16,43.35,0.99,4,-1,-1
223,42,669.30,190.58,40.88,50.90,0.99,6,-1,-1
223,44,575.67,240.27,41.94,48.39,0.89,4,-1,-1
223,45,618.87,232.95,41.17,47.81,0.98,8,-1,-1
223,101,460.76,241.66,67.84,40.36,0.59,4,-1,-1
223,104,595.40,204.98,51.01,27.07,0.38,4,-1,-1
223,110,579.16,219.52,41.65,29.18,0.63,4,-1,-1
223,111,581.00,180.43,56.97,26.55,0.95,4,-1,-1
224,4,499.12,499.63,71.86,86.59,1.00,4,-1,-1
224,5,336.86,645.68,98.39,114.81,0.99,4,-1,-1
224,6,426.57,661.91,29.68,70.05,0.97,1,-1,-1
224,9,569.77,288.98,98.86,143.29,0.99,6,-1,-1
224,11,604.63,438.92,86.93,137.99,1.00,6,-1,-1
224,13,726.27,690.46,132.48,75.98,0.21,6,-1,-1
224,15,861.08,579.58,121.20,172.76,0.95,5,-1,-1
224,18,1019.30,692.35,208.92,74.39,0.98,4,-1,-1
224,31,403.93,347.16,89.57,54.55,0.99,5,-1,-1
224,32,736.99,334.13,80.52,98.37,1.00,6,-1,-1
224,35,787.13,279.71,69.90,39.23,1.00,4,-1,-1
224,36,475.80,283.09,76.78,36.13,0.96,4,-1,-1
224,38,734.22,247.61,61.10,38.90,0.98,5,-1,-1
224,43,729.03,208.66,28.21,26.43,0.97,4,-1,-1
224,54,666.67,301.37,63.23,97.82,1.00,6,-1,-1
224,67,828.49,334.17,18.58,35.78,0.96,1,-1,-1
224,77,995.40,592.22,163.49,76.27,0.98,4,-1,-1
224,50,859.32,367.49,91.80,43.91,0.99,4,-1,-1
224,42,669.42,191.50,40.47,50.75,0.99,6,-1,-1
224,44,575.99,240.48,41.37,49.51,0.43,4,-1,-1
224,45,619.20,233.86,41.13,47.68,0.98,8,-1,-1
224,101,455.77,242.87,72.06,42.91,0.57,4,-1,-1
224,104,595.64,205.22,50.28,26.13,0.59,4,-1,-1
224,111,575.25,180.75,55.32,26.37,0.98,4,-1,-1
224,73,437.95,661.87,26.49,53.80,0.66,1,-1,-1
225,4,498.23,501.61,72.44,87.05,1.00,4,-1,-1
225,5,332.50,653.80,100.59,111.56,0.97,4,-1,-1
225,6,423.54,670.76,29.27,69.60,0.95,1,-1,-1
225,9,570.00,292.22,97.72,142.27,0.99,6,-1,-1
225,11,605.02,441.32,86.65,137.97,1.00,6,-1,-1
225,15,863.41,586.11,122.62,173.90,0.92,5,-1,-1
225,18,1023.52,702.46,205.89,64.21,0.97,4,-1,-1
225,31,402.07,349.63,90.52,54.70,0.99,5,-1,-1
225,32,737.83,336.48,81.18,99.13,1.00,6,-1,-1
225,35,787.68,280.84,70.09,39.60,1.00,4,-1,-1
225,36,473.94,284.63,78.02,36.81,0.98,4,-1,-1
225,38,734.91,248.70,61.41,38.91,0.98,5,-1,-1
225,43,729.17,209.77,28.77,26.26,0.98,4,-1,-1
225,54,667.31,303.13,63.38,98.34,1.00,6,-1,-1
225,67,830.56,336.62,17.67,35.62,0.95,1,-1,-1
225,77,999.36,599.15,162.02,74.05,0.73,4,-1,-1
225,50,861.43,370.26,92.01,44.08,0.99,4,-1,-1
225,42,669.07,191.95,40.87,50.95,1.00,6,-1,-1
225,44,575.49,241.64,41.71,50.18,0.66,4,-1,-1
225,45,618.97,234.85,41.10,47.87,0.98,8,-1,-1
225,101,453.99,244.00,73.52,42.93,0.61,4,-1,-1
225,104,595.69,206.01,49.95,26.08,0.43,4,-1,-1
225,111,568.62,181.09,56.03,26.62,0.99,4,-1,-1
225,73,435.79,669.88,26.69,50.35,0.89,1,-1,-1
225,112,619.43,234.58,40.98,48.24,0.96,4,-1,-1
226,4,497.18,503.94,73.25,87.85,1.00,4,-1,-1
226,5,327.81,662.06,102.58,104.62,0.99,4,-1,-1
226,6,420.53,679.00,29.71,70.61,0.88,1,-1,-1
226,9,569.42,293.35,99.66,144.37,1.00,6,-1,-1
226,11,605.08,443.77,87.13,139.72,1.00,6,-1,-1
226,15,866.83,593.52,123.46,171.58,0.86,5,-1,-1
226,18,1029.70,711.36,195.65,55.24,0.93,4,-1,-1
226,31,403.16,351.59,88.66,55.08,0.99,5,-1,-1
226,32,738.42,338.99,82.01,99.75,1.00,6,-1,-1
226,35,788.18,282.31,70.76,40.05,0.99,4,-1,-1
226,36,471.40,285.80,79.66,37.65,0.99,4,-1,-1
226,38,735.16,249.86,62.13,39.22,0.98,5,-1,-1
226,43,729.50,210.49,29.00,26.22,0.98,4,-1,-1
226,54,666.94,304.83,64.02,99.43,1.00,6,-1,-1
226,67,832.24,339.75,16.74,34.44,0.92,1,-1,-1
226,77,1003.75,606.74,158.09,73.21,0.97,4,-1,-1
226,50,863.40,373.25,95.53,44.45,0.99,4,-1,-1
226,42,669.19,192.55,41.61,51.05,0.99,6,-1,-1
226,44,575.21,242.81,41.86,50.47,0.56,4,-1,-1
226,45,619.10,236.38,41.11,47.12,0.98,8,-1,-1
226,101,451.51,245.43,75.19,42.94,0.77,4,-1,-1
226,104,594.76,206.43,51.59,26.97,0.36,4,-1,-1
226,111,562.22,181.63,56.94,26.38,0.99,4,-1,-1
226,73,432.40,678.93,27.19,48.07,0.49,2,-1,-1
226,110,580.21,222.31,40.33,29.47,0.57,4,-1,-1
227,4,496.76,506.41,72.91,88.10,1.00,4,-1,-1
227,5,322.21,669.87,105.72,97.24,0.98,4,-1,-1
227,6,418.86,686.50,28.97,72.07,0.86,1,-1,-1
227,9,569.46,293.99,99.71,146.06,1.00,6,-1,-1
227,11,604.44,447.19,87.77,141.99,1.00,6,-1,-1
227,15,869.46,599.52,125.57,167.67,0.88,5,-1,-1
227,18,1034.57,720.77,200.82,44.89,0.96,4,-1,-1
227,31,400.27,353.97,90.71,55.20,1.00,5,-1,-1
227,32,739.89,341.28,82.22,100.61,0.99,6,-1,-1
227,35,789.03,283.85,70.38,40.21,1.00,4,-1,-1
227,36,470.50,287.27,80.20,37.69,0.99,4,-1,-1
227,38,735.11,251.02,62.91,39.33,0.96,5,-1,-1
227,43,730.36,211.23,28.49,26.76,0.97,4,-1,-1
227,54,666.99,305.97,64.17,100.90,1.00,6,-1,-1
227,67,833.16,343.01,15.78,33.68,0.91,1,-1,-1
227,77,1006.87,613.12,158.72,72.32,0.93,4,-1,-1
227,50,864.71,375.72,96.76,44.86,0.99,4,-1,-1
227,42,669.74,193.24,42.40,51.62,0.99,6,-1,-1
227,44,574.81,243.35,42.44,51.11,0.70,4,-1,-1
227,45,619.39,237.65,41.06,47.09,0.95,8,-1,-1
227,101,451.55,246.33,75.15,42.63,0.91,4,-1,-1
227,104,594.97,206.89,51.56,26.99,0.79,4,-1,-1
227,111,556.56,182.08,55.96,26.61,0.99,4,-1,-1
227,73,430.15,686.73,26.35,49.58,0.61,1,-1,-1
227,110,579.28,223.09,41.39,29.84,0.61,4,-1,-1
227,113,619.43,237.78,40.98,46.96,0.92,8,-1,-1
227,114,869.59,600.22,125.93,163.07,0.83,9,-1,-1
228,4,495.41,509.15,73.39,89.29,1.00,4,-1,-1
228,5,319.69,678.52,105.56,88.63,0.95,4,-1,-1
228,6,415.15,694.97,30.46,69.79,0.81,1,-1,-1
228,9,569.89,295.43,99.25,147.50,1.00,6,-1,-1
228,11,603.82,449.66,88.65,142.24,1.00,6,-1,-1
228,15,871.81,606.14,127.82,161.52,0.89,5,-1,-1
228,18,1040.89,729.60,189.13,35.29,0.97,4,-1,-1
228,31,395.53,356.54,94.75,56.06,1.00,5,-1,-1
228,32,740.31,343.24,83.47,102.87,1.00,6,-1,-1
228,35,789.47,285.38,70.25,40.23,1.00,4,-1,-1
228,36,470.29,288.62,79.86,37.95,0.99,4,-1,-1
228,38,734.64,252.29,64.36,39.06,0.98,5,-1,-1
228,43,730.78,212.00,28.30,26.89,0.98,4,-1,-1
228,54,666.29,307.68,65.40,101.70,1.00,6,-1,-1
228,67,833.35,346.43,16.04,32.82,0.95,1,-1,-1
228,77,1011.39,620.39,160.14,73.07,0.94,4,-1,-1
228,50,865.36,378.25,96.39,44.69,0.99,4,-1,-1
228,42,669.75,193.74,42.16,51.75,1.00,6,-1,-1
228,44,574.48,244.61,42.12,52.46,0.67,4,-1,-1
228,45,619.04,238.16,41.64,48.49,0.96,8,-1,-1
228,101,450.88,247.05,75.66,42.48,0.85,4,-1,-1
228,104,595.74,207.90,49.81,27.63,0.88,4,-1,-1
228,111,553.17,182.74,52.57,26.37,0.97,4,-1,-1
228,73,426.93,695.31,27.05,48.97,0.63,1,-1,-1
228,110,578.54,223.85,42.32,30.24,0.92,4,-1,-1
228,114,870.73,606.84,128.28,158.61,0.83,9,-1,-1
228,115,574.18,244.83,42.69,52.51,0.73,6,-1,-1
229,4,493.93,510.93,74.05,90.26,1.00,4,-1,-1
229,5,317.81,686.48,105.04,79.58,0.92,4,-1,-1
229,6,412.70,704.27,31.10,61.94,0.65,1,-1,-1
229,9,569.94,297.47,100.13,147.95,1.00,6,-1,-1
229,11,604.25,451.40,88.86,144.49,1.00,6,-1,-1
229,15,874.19,613.87,130.74,153.33,0.84,9,-1,-1
229,18,1050.38,738.76,184.40,25.51,0.84,4,-1,-1
229,31,395.71,358.88,93.39,56.08,0.99,5,-1,-1
229,32,740.77,345.60,84.39,103.79,1.00,6,-1,-1
229,35,790.49,286.96,71.85,40.23,1.00,4,-1,-1
229,36,469.91,290.02,80.22,38.32,0.97,4,-1,-1
229,38,735.65,253.21,64.28,39.52,1.00,5,-1,-1
229,43,731.00,212.42,28.78,27.14,0.98,4,-1,-1
229,54,665.84,309.69,66.34,102.21,1.00,6,-1,-1
229,67,833.66,349.67,16.70,31.91,0.95,1,-1,-1
229,77,1016.16,627.79,159.39,73.92,0.90,4,-1,-1
229,50,866.92,381.00,96.42,44.61,0.99,4,-1,-1
229,42,670.16,194.90,42.58,51.27,0.99,6,-1,-1
229,44,573.97,245.49,42.52,52.94,0.83,4,-1,-1
229,45,618.77,239.06,42.38,49.55,0.91,8,-1,-1
229,101,451.51,247.97,73.47,42.69,0.78,4,-1,-1
229,104,596.21,208.88,49.66,27.71,0.91,4,-1,-1
229,111,548.21,183.24,51.35,26.43,0.95,4,-1,-1
229,73,422.66,703.52,27.98,47.56,0.51,1,-1,-1
229,110,577.87,224.86,43.20,29.78,0.90,4,-1,-1
229,114,874.57,613.81,129.70,152.40,0.89,5,-1,-1
230,4,492.43,513.84,74.91,90.71,1.00,4,-1,-1
230,5,315.90,695.62,104.32,70.54,0.88,4,-1,-1
230,6,408.93,714.85,30.93,51.82,0.73,1,-1,-1
230,9,569.67,298.61,99.95,149.66,0.99,6,-1,-1
230,11,603.84,453.68,89.55,147.15,1.00,6,-1,-1
230,15,876.36,621.57,133.02,145.79,0.93,5,-1,-1
230,18,1061.51,745.50,165.42,18.72,0.19,4,-1,-1
230,31,395.83,361.82,91.88,55.87,0.99,5,-1,-1
230,32,741.64,348.34,85.34,104.51,1.00,6,-1,-1
230,35,791.62,288.82,71.93,40.28,1.00,4,-1,-1
230,36,468.56,291.32,81.54,38.80,0.96,4,-1,-1
230,38,735.61,254.51,65.41,40.30,1.00,5,-1,-1
230,43,731.52,213.35,28.98,27.12,0.98,4,-1,-1
230,54,666.03,311.97,67.29,103.05,1.00,6,-1,-1
230,67,834.54,352.28,16.95,31.91,0.94,1,-1,-1
230,77,1019.87,635.43,156.94,73.77,0.85,4,-1,-1
230,50,869.13,383.50,97.33,45.76,0.99,4,-1,-1
230,42,670.71,196.16,42.76,51.35,0.91,6,-1,-1
230,44,573.80,246.44,42.69,53.16,0.66,4,-1,-1
230,45,618.73,240.59,42.11,49.44,0.87,8,-1,-1
230,101,453.45,249.06,70.89,41.39,0.51,4,-1,-1
230,104,596.42,209.56,49.64,28.06,0.96,4,-1,-1
230,111,539.48,183.64,54.65,27.23,0.88,4,-1,-1
230,73,419.90,712.19,28.21,47.67,0.80,1,-1,-1
230,110,575.05,225.84,45.86,29.93,0.85,4,-1,-1
230,114,876.46,620.85,132.76,145.54,0.86,5,-1,-1
230,116,618.15,241.41,42.69,48.24,0.80,4,-1,-1
231,4,491.03,516.40,75.23,90.23,0.99,4,-1,-1
231,5,318.39,704.30,99.16,60.78,0.73,4,-1,-1
231,6,406.12,723.66,30.87,42.65,0.55,1,-1,-1
231,9,569.44,300.01,99.91,150.47,1.00,6,-1,-1
231,11,603.33,456.25,89.82,148.61,1.00,6,-1,-1
231,15,879.25,628.44,132.73,138.29,0.92,5,-1,-1
231,31,393.18,363.91,94.00,56.29,0.99,5,-1,-1
231,32,742.06,349.95,86.25,105.52,1.00,6,-1,-1
231,35,792.38,289.83,71.94,40.81,1.00,4,-1,-1
231,36,467.14,292.52,82.58,40.06,0.97,4,-1,-1
231,38,735.67,255.35,65.82,40.84,0.99,5,-1,-1
231,43,731.77,213.52,29.05,27.94,0.96,4,-1,-1
231,54,665.67,313.75,68.21,103.84,1.00,6,-1,-1
231,67,835.50,354.79,17.05,31.62,0.90,1,-1,-1
231,77,1024.40,642.50,161.71,77.04,0.92,4,-1,-1
231,50,870.85,385.23,97.63,46.70,0.99,4,-1,-1
231,42,669.58,196.34,43.96,52.20,0.97,6,-1,-1
231,44,573.32,248.49,43.32,52.35,0.71,4,-1,-1
231,45,618.55,241.44,42.58,49.34,0.86,8,-1,-1
231,101,455.30,250.81,68.73,39.97,0.86,4,-1,-1
231,104,596.05,210.12,49.62,28.43,0.96,4,-1,-1
231,73,410.11,723.55,29.42,41.92,0.57,1,-1,-1
231,110,576.11,226.65,44.58,30.53,0.90,4,-1,-1
231,114,879.97,628.86,132.39,136.28,0.59,9,-1,-1
231,117,465.74,277.27,63.18,34.58,0.69,4,-1,-1
232,4,490.29,518.25,74.18,91.14,1.00,4,-1,-1
232,5,316.71,713.10,97.12,51.52,0.71,4,-1,-1
232,6,402.66,732.46,32.25,33.40,0.59,1,-1,-1
232,9,569.39,300.10,98.73,151.83,1.00,6,-1,-1
232,11,602.59,458.40,90.44,150.76,1.00,6,-1,-1
232,15,881.90,635.74,133.62,130.31,0.64,5,-1,-1
232,31,394.99,365.75,90.93,57.27,1.00,5,-1,-1
232,32,742.46,352.04,87.11,106.40,1.00,6,-1,-1
232,35,793.17,290.90,71.34,41.28,1.00,4,-1,-1
232,36,466.11,293.94,83.50,39.95,0.97,4,-1,-1
232,38,735.94,256.09,66.51,41.31,0.99,5,-1,-1
232,43,731.83,213.82,29.64,28.44,0.96,4,-1,-1
232,54,665.53,315.08,69.08,105.49,1.00,6,-1,-1
232,67,836.62,357.80,17.65,30.35,0.91,1,-1,-1
232,77,1028.70,649.25,169.08,78.79,0.89,4,-1,-1
232,50,872.81,387.35,99.67,47.31,0.99,4,-1,-1
232,42,669.42,196.44,43.82,52.49,0.98,6,-1,-1
232,44,572.88,249.13,43.55,52.86,0.59,4,-1,-1
232,45,618.49,241.76,42.73,49.57,0.88,8,-1,-1
232,101,458.11,251.61,65.57,40.61,0.90,4,-1,-1
232,104,595.64,210.50,49.60,28.56,0.94,4,-1,-1
232,73,411.02,730.59,31.12,36.07,0.71,1,-1,-1
232,110,576.32,227.11,44.60,30.45,0.93,4,-1,-1
232,114,882.19,635.95,133.34,128.53,0.85,5,-1,-1
232,118,537.04,218.78,45.25,39.27,0.67,8,-1,-1
233,4,489.54,520.35,74.32,92.04,1.00,4,-1,-1
233,5,309.73,723.47,101.27,41.20,0.46,4,-1,-1
233,6,400.21,741.13,33.87,24.16,0.23,1,-1,-1
233,9,569.16,301.57,98.84,153.73,0.98,6,-1,-1
233,11,602.66,460.91,91.21,149.85,1.00,6,-1,-1
233,15,884.54,643.16,133.88,122.25,0.68,5,-1,-1
233,31,391.24,368.12,93.15,57.93,1.00,5,-1,-1
233,32,743.21,354.13,87.95,107.98,1.00,6,-1,-1
233,35,794.07,292.06,71.66,41.74,1.00,4,-1,-1
233,36,466.69,295.49,82.70,39.62,0.97,4,-1,-1
233,38,736.67,257.14,66.18,41.20,0.99,5,-1,-1
233,43,732.48,214.16,29.28,29.20,0.98,4,-1,-1
233,54,665.54,316.60,69.94,106.38,1.00,6,-1,-1
233,67,837.92,360.64,17.87,28.72,0.75,1,-1,-1
233,77,1032.48,657.33,172.95,78.33,0.58,5,-1,-1
233,50,873.83,389.73,102.95,47.82,1.00,4,-1,-1
233,42,669.16,196.90,44.88,52.95,0.98,6,-1,-1
233,44,572.81,249.27,43.61,54.17,0.45,5,-1,-1
233,45,618.27,242.50,43.34,49.92,0.91,8,-1,-1
233,101,456.01,253.08,66.75,39.70,0.91,4,-1,-1
233,104,595.57,210.91,49.58,28.96,0.90,4,-1,-1
233,73,406.81,739.32,35.62,27.26,0.22,1,-1,-1
233,110,576.78,227.76,44.01,30.42,0.91,4,-1,-1
233,114,885.27,643.92,133.59,120.08,0.70,5,-1,-1
234,4,488.41,522.78,74.97,92.91,1.00,4,-1,-1
234,9,569.00,303.21,98.94,154.11,0.99,6,-1,-1
234,11,602.37,463.17,92.09,152.25,1.00,6,-1,-1
234,15,888.87,650.75,131.70,114.16,0.86,5,-1,-1
234,31,390.82,369.81,92.70,59.27,0.99,5,-1,-1
234,32,743.98,356.05,88.84,108.94,1.00,6,-1,-1
234,35,794.58,292.94,72.93,42.45,1.00,4,-1,-1
234,36,464.87,297.03,84.08,40.03,0.98,4,-1,-1
234,38,737.42,258.15,66.61,41.13,0.99,5,-1,-1
234,43,732.90,214.97,29.72,29.12,0.98,4,-1,-1
234,54,665.76,317.93,70.27,107.51,1.00,6,-1,-1
234,67,838.89,363.83,18.52,27.56,0.81,2,-1,-1
234,77,1037.75,663.98,178.90,81.48,0.61,4,-1,-1
234,50,876.36,393.00,104.19,47.40,1.00,4,-1,-1
234,42,669.23,197.22,44.72,53.03,0.99,6,-1,-1
234,44,572.70,250.40,43.65,54.08,0.55,4,-1,-1
234,45,618.09,243.43,43.58,50.61,0.89,8,-1,-1
234,101,455.47,253.59,66.61,40.79,0.86,4,-1,-1
234,104,595.15,211.59,50.15,29.09,0.59,4,-1,-1
234,110,576.59,228.52,43.78,30.39,0.79,4,-1,-1
234,119,572.04,250.59,44.40,54.22,0.65,6,-1,-1
234,120,838.85,364.14,18.78,27.32,0.78,1,-1,-1
235,4,487.30,524.31,75.78,93.79,1.00,4,-1,-1
235,9,569.08,304.87,99.00,154.65,1.00,6,-1,-1
235,11,602.13,465.47,92.42,155.96,1.00,6,-1,-1
235,15,892.02,659.81,130.81,104.91,0.76,5,-1,-1
235,31,384.43,372.17,97.80,59.77,0.99,5,-1,-1
235,32,744.13,357.93,90.29,110.41,1.00,6,-1,-1
235,35,795.48,294.16,72.84,43.00,1.00,4,-1,-1
235,36,463.49,298.07,84.60,40.18,0.99,4,-1,-1
235,38,738.70,259.42,66.21,40.81,0.98,5,-1,-1
235,43,733.20,216.12,29.89,28.58,0.98,4,-1,-1
235,54,665.99,320.15,70.38,108.76,1.00,6,-1,-1
235,67,839.67,366.70,18.21,26.29,0.86,1,-1,-1
235,77,1042.91,672.58,175.59,80.42,0.82,4,-1,-1
235,50,878.30,395.24,104.63,48.23,0.99,4,-1,-1
235,42,669.41,197.89,44.65,53.42,0.99,6,-1,-1
235,44,571.96,251.16,44.23,54.60,0.52,4,-1,-1
235,45,617.89,244.67,43.67,50.58,0.89,8,-1,-1
235,101,454.84,254.40,67.15,41.20,0.88,4,-1,-1
235,104,594.86,212.11,50.37,28.92,0.90,4,-1,-1
235,110,575.52,229.29,44.85,30.37,0.90,4,-1,-1
236,4,485.85,527.17,76.60,94.11,0.99,4,-1,-1
236,9,569.24,306.31,98.96,155.81,1.00,6,-1,-1
236,11,602.11,468.36,93.60,157.32,1.00,6,-1,-1
236,15,894.20,667.63,133.81,97.16,0.57,5,-1,-1
236,31,380.96,374.91,100.07,59.11,0.99,5,-1,-1
236,32,745.93,360.31,90.20,111.36,1.00,6,-1,-1
236,35,796.16,295.36,73.34,42.93,0.99,4,-1,-1
236,36,461.72,299.10,85.88,40.81,0.99,4,-1,-1
236,38,738.41,260.36,67.15,41.27,1.00,5,-1,-1
236,43,733.70,216.89,29.93,28.66,0.98,4,-1,-1
236,54,666.46,321.96,70.36,109.21,1.00,6,-1,-1
236,77,1048.06,681.21,175.24,79.43,0.58,4,-1,-1
236,50,879.58,397.64,106.98,49.39,0.99,4,-1,-1
236,42,669.04,197.97,45.72,54.05,0.98,6,-1,-1
236,44,571.82,252.28,44.42,55.07,0.72,4,-1,-1
236,45,617.95,245.43,43.67,51.12,0.88,8,-1,-1
236,101,453.34,255.51,68.48,40.51,0.88,4,-1,-1
236,104,594.90,212.75,50.42,28.99,0.91,4,-1,-1
236,110,574.99,229.71,45.22,30.66,0.95,4,-1,-1
236,121,537.46,221.35,47.81,43.54,0.76,8,-1,-1
236,122,855.08,227.11,52.51,28.18,0.78,4,-1,-1
237,4,484.87,529.35,77.47,94.76,1.00,4,-1,-1
237,9,569.66,308.71,98.39,156.62,0.96,6,-1,-1
237,11,601.91,471.12,94.60,160.02,0.99,6,-1,-1
237,15,897.28,675.70,134.90,88.68,0.39,5,-1,-1
237,31,379.36,377.35,101.05,59.39,0.99,5,-1,-1
237,32,746.66,363.15,91.26,112.51,1.00,6,-1,-1
237,35,797.01,297.22,73.51,42.60,1.00,4,-1,-1
237,36,461.17,300.21,85.78,41.03,0.99,4,-1,-1
237,38,739.76,261.57,66.36,40.86,0.99,5,-1,-1
237,43,733.93,217.56,30.51,28.75,0.99,4,-1,-1
237,54,666.71,324.04,70.89,110.45,1.00,6,-1,-1
237,77,1053.88,689.29,172.79,76.15,0.48,4,-1,-1
237,50,881.19,400.18,108.95,50.36,0.99,4,-1,-1
237,42,669.52,198.53,45.55,54.34,0.99,6,-1,-1
237,44,571.28,252.87,45.05,55.79,0.61,4,-1,-1
237,45,618.03,245.60,43.66,52.16,0.84,8,-1,-1
237,101,455.43,256.67,66.13,40.52,0.86,4,-1,-1
237,104,594.69,213.52,51.01,29.94,0.82,4,-1,-1
237,110,572.02,230.47,48.19,30.47,0.93,4,-1,-1
237,122,855.78,227.43,52.97,28.57,0.85,4,-1,-1
237,123,618.15,245.68,43.54,51.65,0.79,6,-1,-1
238,4,483.99,531.57,77.21,96.11,1.00,4,-1,-1
238,9,569.54,309.64,98.75,158.28,0.97,6,-1,-1
238,11,602.14,474.11,94.95,162.09,1.00,6,-1,-1
238,15,900.59,684.51,139.79,79.99,0.43,5,-1,-1
238,31,379.84,379.81,99.26,60.76,0.99,5,-1,-1
238,32,747.47,366.05,92.20,112.75,1.00,6,-1,-1
238,35,798.14,298.66,72.99,43.02,1.00,4,-1,-1
238,36,461.02,301.93,85.14,40.53,0.98,4,-1,-1
238,38,740.83,262.34,66.60,41.26,0.99,5,-1,-1
238,43,734.56,218.22,30.16,28.98,0.99,4,-1,-1
238,54,666.80,325.83,71.64,111.73,1.00,6,-1,-1
238,77,1058.72,698.64,166.08,67.94,0.67,4,-1,-1
238,50,883.42,402.95,109.66,50.57,0.99,4,-1,-1
238,42,669.71,199.37,45.47,54.58,0.99,6,-1,-1
238,44,571.38,253.99,44.15,55.48,0.62,4,-1,-1
238,45,618.65,246.84,43.08,51.13,0.85,8,-1,-1
238,101,455.41,257.86,65.21,40.53,0.90,4,-1,-1
238,104,594.63,214.30,51.22,30.56,0.83,4,-1,-1
238,110,573.71,231.52,46.51,30.39,0.94,4,-1,-1
238,122,855.65,227.94,54.72,29.31,0.92,4,-1,-1
238,123,618.35,247.15,42.96,50.73,0.92,8,-1,-1
238,124,571.19,254.22,44.40,55.07,0.62,6,-1,-1
238,125,734.69,273.00,18.78,35.43,0.79,1,-1,-1
238,67,845.56,373.64,19.50,27.15,0.57,1,-1,-1
239,4,483.23,534.99,77.06,95.45,1.00,4,-1,-1
239,9,569.59,311.26,98.85,159.69,0.97,6,-1,-1
239,11,601.73,476.72,96.14,162.23,1.00,6,-1,-1
239,15,903.96,694.04,135.95,70.00,0.56,5,-1,-1
239,31,378.99,382.36,99.49,61.68,1.00,5,-1,-1
239,32,747.78,368.97,94.17,113.35,1.00,6,-1,-1
239,35,799.13,299.80,73.90,43.74,1.00,4,-1,-1
239,36,460.27,303.71,85.42,40.61,0.97,4,-1,-1
239,38,740.68,263.68,67.80,41.12,0.99,5,-1,-1
239,43,734.55,219.25,30.57,28.50,0.99,4,-1,-1
239,54,667.46,327.63,71.87,113.14,1.00,6,-1,-1
239,77,1065.43,707.14,159.98,59.46,0.40,4,-1,-1
239,50,885.89,405.53,109.84,51.76,0.99,4,-1,-1
239,42,669.57,200.12,45.97,55.28,0.99,6,-1,-1
239,44,571.25,255.16,44.34,54.76,0.84,4,-1,-1
239,45,618.39,248.21,43.40,51.27,0.92,8,-1,-1
239,101,457.86,259.18,62.55,40.53,0.83,4,-1,-1
239,104,594.42,215.01,51.84,30.72,0.67,4,-1,-1
239,110,573.68,232.39,46.35,30.64,0.86,4,-1,-1
239,122,858.72,228.22,53.93,30.19,0.74,4,-1,-1
239,67,848.67,375.02,19.68,28.85,0.45,1,-1,-1
240,4,482.66,537.40,77.00,96.32,1.00,4,-1,-1
240,9,569.88,313.13,97.76,160.63,0.99,6,-1,-1
240,11,601.28,480.21,96.58,163.92,1.00,6,-1,-1
240,15,907.41,703.99,130.95,60.26,0.39,5,-1,-1
240,31,374.57,385.11,102.82,61.88,1.00,5,-1,-1
240,32,748.17,371.72,95.47,114.96,1.00,6,-1,-1
240,35,800.34,301.34,73.95,44.00,1.00,4,-1,-1
240,36,460.00,305.64,84.95,40.36,0.99,4,-1,-1
240,38,740.33,264.88,68.82,41.35,0.99,5,-1,-1
240,43,734.83,219.92,30.73,28.88,0.98,4,-1,-1
240,54,667.71,329.41,72.51,113.94,1.00,6,-1,-1
240,77,1071.80,717.36,164.75,49.20,0.88,4,-1,-1
240,50,887.92,408.86,111.00,51.78,0.99,4,-1,-1
240,42,669.80,201.04,46.16,55.34,0.98,6,-1,-1
240,44,570.91,256.29,44.41,54.76,0.89,4,-1,-1
240,45,618.29,249.99,43.53,50.75,0.98,8,-1,-1
240,101,460.78,260.08,59.25,40.53,0.70,4,-1,-1
240,104,594.62,215.62,51.51,29.99,0.86,4,-1,-1
240,110,573.95,233.14,45.71,30.45,0.96,4,-1,-1
240,122,858.36,227.63,56.82,32.03,0.94,4,-1,-1
240,67,850.92,377.22,19.75,29.46,0.82,1,-1,-1
240,126,627.11,233.94,33.30,29.46,0.69,4,-1,-1
241,4,481.59,538.73,76.98,98.31,1.00,4,-1,-1
241,9,570.18,314.14,96.81,161.34,0.98,6,-1,-1
241,11,601.06,483.06,96.75,167.86,1.00,6,-1,-1
241,15,911.44,713.19,127.88,50.62,0.26,5,-1,-1
241,31,373.59,387.88,102.24,62.33,1.00,5,-1,-1
241,32,749.61,373.98,95.38,116.93,1.00,6,-1,-1
241,35,800.94,302.76,74.25,43.79,1.00,4,-1,-1
241,36,457.56,307.12,86.47,41.09,0.98,4,-1,-1
241,38,740.92,266.04,68.63,41.42,1.00,5,-1,-1
241,43,734.80,220.33,31.35,29.30,0.99,4,-1,-1
241,54,667.70,331.21,73.31,115.45,1.00,6,-1,-1
241,77,1076.23,725.06,198.37,40.78,0.65,4,-1,-1
241,50,890.23,411.73,112.53,52.15,1.00,4,-1,-1
241,42,669.76,201.56,46.23,55.47,0.98,6,-1,-1
241,44,570.68,257.19,45.02,55.60,0.68,4,-1,-1
241,45,618.14,251.12,44.15,51.39,0.95,8,-1,-1
241,101,457.59,261.05,61.06,40.52,0.78,4,-1,-1
241,104,594.58,216.41,51.95,30.33,0.93,4,-1,-1
241,110,574.25,234.03,45.47,30.36,0.95,4,-1,-1
241,122,859.31,228.04,57.74,32.02,0.81,4,-1,-1
241,67,853.32,378.98,19.20,29.94,0.73,1,-1,-1
241,126,626.98,234.81,33.37,29.17,0.88,4,-1,-1
241,127,534.48,226.68,46.10,45.68,0.70,6,-1,-1
242,4,480.34,541.69,77.54,98.47,1.00,4,-1,-1
242,9,569.68,315.03,97.04,162.98,0.89,6,-1,-1
242,11,600.39,486.29,97.36,168.18,1.00,6,-1,-1
242,15,915.66,722.26,124.43,41.77,0.21,5,-1,-1
242,31,374.56,390.95,99.84,62.34,1.00,5,-1,-1
242,32,749.82,376.71,96.44,117.92,1.00,6,-1,-1
242,35,801.67,304.07,75.49,44.27,1.00,4,-1,-1
242,36,455.51,309.03,88.16,41.64,0.99,4,-1,-1
242,38,741.95,267.13,68.54,41.44,0.99,5,-1,-1
242,43,734.74,220.87,31.58,29.16,0.98,4,-1,-1
242,54,667.94,332.65,73.60,116.83,1.00,6,-1,-1
242,50,891.58,414.54,113.08,52.70,0.99,4,-1,-1
242,42,670.00,202.08,46.24,55.30,0.99,6,-1,-1
242,44,570.30,258.04,45.24,56.76,0.72,4,-1,-1
242,45,617.49,251.92,44.94,52.20,0.97,8,-1,-1
242,101,455.00,262.07,62.85,39.95,0.84,4,-1,-1
242,104,593.97,216.73,52.11,30.38,0.90,4,-1,-1
242,110,574.34,234.90,45.37,30.61,0.98,4,-1,-1
242,122,859.27,228.02,59.50,32.85,0.92,4,-1,-1
242,67,855.56,381.10,18.41,30.39,0.18,1,-1,-1
242,126,627.24,236.03,33.40,29.12,0.36,4,-1,-1
242,127,533.45,228.24,46.89,45.42,0.66,8,-1,-1
242,128,532.77,227.75,46.96,45.68,0.88,6,-1,-1
242,129,569.91,258.27,45.25,57.20,0.77,6,-1,-1
243,4,478.89,541.84,78.28,100.23,1.00,4,-1,-1
243,9,569.38,315.30,96.53,164.44,0.98,6,-1,-1
243,11,599.99,488.26,98.66,170.51,1.00,6,-1,-1
243,15,920.04,730.82,123.17,33.17,0.19,5,-1,-1
243,31,368.43,392.23,104.46,63.49,0.99,5,-1,-1
243,32,750.60,378.26,97.34,118.84,1.00,6,-1,-1
243,35,803.23,304.72,74.81,44.74,1.00,4,-1,-1
243,36,454.39,309.51,89.34,41.58,0.99,4,-1,-1
243,38,742.22,267.40,69.05,41.74,1.00,5,-1,-1
243,43,735.76,220.52,31.09,29.69,0.97,4,-1,-1
243,54,668.48,334.28,72.52,117.33,1.00,6,-1,-1
243,50,892.16,417.00,116.61,53.20,1.00,4,-1,-1
243,42,670.29,202.21,46.79,55.59,0.99,6,-1,-1
243,44,569.78,258.04,45.87,57.20,0.56,4,-1,-1
243,45,617.72,251.76,45.22,53.07,0.93,8,-1,-1
243,101,453.94,262.39,63.52,40.04,0.85,4,-1,-1
243,104,593.66,216.41,52.15,29.83,0.90,4,-1,-1
243,110,572.86,234.91,47.03,30.43,0.97,4,-1,-1
243,122,860.86,228.38,59.80,32.55,0.84,4,-1,-1
243,126,624.86,235.88,36.03,28.74,0.19,4,-1,-1
243,127,533.97,230.38,47.06,42.74,0.76,8,-1,-1
243,129,569.41,258.51,46.03,57.32,0.58,6,-1,-1
244,4,477.20,542.05,79.69,101.97,1.00,4,-1,-1
244,9,568.90,316.16,96.93,165.77,0.98,6,-1,-1
244,11,599.50,489.69,99.70,172.42,1.00,6,-1,-1
244,31,366.88,394.02,104.59,63.89,1.00,5,-1,-1
244,32,751.05,379.25,98.78,121.38,1.00,6,-1,-1
244,35,803.95,305.12,75.38,44.89,1.00,4,-1,-1
244,36,453.08,310.04,90.32,42.10,0.99,4,-1,-1
244,38,743.05,267.55,69.22,41.84,0.99,5,-1,-1
244,43,736.02,219.89,31.46,30.15,0.97,4,-1,-1
244,54,668.88,335.06,73.24,118.87,1.00,6,-1,-1
244,50,893.35,419.15,119.02,53.63,1.00,4,-1,-1
244,42,670.30,201.84,46.99,55.60,0.99,6,-1,-1
244,44,569.51,257.83,45.53,57.33,0.21,4,-1,-1
244,45,617.72,251.90,45.32,53.38,0.95,8,-1,-1
244,101,451.77,262.59,64.93,40.35,0.92,4,-1,-1
244,104,593.74,216.16,52.15,29.97,0.96,4,-1,-1
244,110,571.67,234.71,48.21,30.35,0.97,4,-1,-1
244,122,862.16,227.86,60.13,32.38,0.88,4,-1,-1
244,126,624.34,235.09,36.23,29.26,0.79,4,-1,-1
244,127,532.90,228.34,47.05,44.91,0.79,8,-1,-1
244,129,569.23,259.05,45.54,56.36,0.75,6,-1,-1
244,67,857.66,384.71,18.76,29.53,0.78,1,-1,-1
245,4,475.96,542.61,80.23,102.60,1.00,4,-1,-1
245,9,568.63,316.83,96.55,166.93,0.99,6,-1,-1
245,11,598.97,490.40,100.10,174.21,1.00,6,-1,-1
245,31,366.99,395.31,103.34,64.15,1.00,5,-1,-1
245,32,752.53,380.34,99.32,122.86,1.00,6,-1,-1
245,35,804.39,305.31,75.31,45.22,1.00,4,-1,-1
245,36,451.68,310.31,91.25,42.28,0.99,4,-1,-1
245,38,742.69,267.23,70.42,42.44,0.99,5,-1,-1
245,43,736.29,219.15,31.60,30.04,0.97,4,-1,-1
245,54,668.65,335.67,73.51,119.55,1.00,6,-1,-1
245,50,895.36,420.64,119.92,54.33,1.00,4,-1,-1
245,42,669.62,200.91,47.63,55.88,1.00,6,-1,-1
245,44,569.31,257.68,45.41,57.37,0.86,4,-1,-1
245,45,617.62,251.60,45.93,53.19,0.52,8,-1,-1
245,101,456.24,262.75,59.80,39.61,0.93,4,-1,-1
245,104,593.66,215.58,51.59,30.29,0.93,4,-1,-1
245,110,571.39,234.14,48.09,30.32,0.97,4,-1,-1
245,122,863.66,227.60,60.22,31.71,0.40,4,-1,-1
245,126,625.37,234.76,35.62,29.12,0.59,4,-1,-1
245,127,532.85,229.42,47.04,44.28,0.73,8,-1,-1
245,129,568.89,257.72,46.00,57.66,0.28,5,-1,-1
245,67,858.36,386.42,18.85,28.33,0.85,1,-1,-1
245,130,290.93,499.04,24.76,54.64,0.93,1,-1,-1
245,131,617.29,251.02,46.10,53.36,0.95,8,-1,-1
246,4,474.77,540.32,81.53,102.80,1.00,4,-1,-1
246,9,568.90,314.23,96.39,168.58,0.99,6,-1,-1
246,11,598.85,489.00,100.76,175.94,1.00,6,-1,-1
246,31,362.38,393.72,106.51,65.22,1.00,5,-1,-1
246,32,753.41,378.84,100.02,124.49,1.00,6,-1,-1
246,35,805.43,302.54,76.68,45.33,1.00,4,-1,-1
246,36,451.57,307.82,91.56,42.34,0.98,4,-1,-1
246,38,743.16,264.00,70.85,42.37,0.99,5,-1,-1
246,43,737.02,215.50,31.64,30.55,0.98,4,-1,-1
246,54,668.90,333.31,74.72,121.03,1.00,6,-1,-1
246,50,897.22,419.02,121.30,54.86,1.00,4,-1,-1
246,42,669.73,197.05,47.85,55.69,0.99,6,-1,-1
246,44,569.06,254.65,45.34,57.65,0.75,4,-1,-1
246,45,617.10,247.24,46.13,54.24,0.97,8,-1,-1
246,101,458.44,259.39,57.20,39.91,0.95,4,-1,-1
246,104,593.45,211.49,52.50,31.48,0.87,4,-1,-1
246,110,575.09,230.68,45.18,31.16,0.94,4,-1,-1
246,122,864.81,224.58,60.20,31.72,0.54,4,-1,-1
246,126,624.66,230.47,36.55,30.28,0.79,4,-1,-1
246,127,532.96,224.93,47.64,45.92,0.42,8,-1,-1
246,129,568.90,254.77,45.48,57.42,0.46,4,-1,-1
246,67,858.62,384.88,19.44,27.91,0.86,1,-1,-1
246,130,287.48,499.45,25.50,54.74,0.91,1,-1,-1
247,4,474.12,538.89,81.43,102.25,0.99,4,-1,-1
247,9,568.74,310.88,96.34,170.41,0.91,6,-1,-1
247,11,597.43,487.88,102.12,176.50,1.00,6,-1,-1
247,31,359.37,391.56,109.06,66.01,1.00,5,-1,-1
247,32,754.00,376.98,101.38,126.87,1.00,6,-1,-1
247,35,806.63,299.39,77.47,45.92,1.00,4,-1,-1
247,36,450.19,304.52,91.64,43.19,0.99,4,-1,-1
247,38,744.45,260.55,70.99,42.61,1.00,5,-1,-1
247,43,738.12,211.64,30.51,30.17,0.95,4,-1,-1
247,54,669.00,330.74,75.72,122.38,1.00,6,-1,-1
247,50,899.54,417.50,121.76,55.30,1.00,4,-1,-1
247,42,670.05,192.84,48.49,55.88,0.99,6,-1,-1
247,45,616.63,243.24,46.77,55.18,0.94,8,-1,-1
247,101,457.46,255.49,57.49,40.30,0.96,4,-1,-1
247,104,593.94,207.47,52.27,31.63,0.96,4,-1,-1
247,110,573.63,226.89,46.37,30.90,0.95,4,-1,-1
247,122,867.75,221.09,59.86,30.56,0.81,4,-1,-1
247,126,623.54,225.94,36.86,29.79,0.18,4,-1,-1
247,127,532.13,220.33,50.25,47.06,0.52,8,-1,-1
247,67,859.23,383.42,20.22,26.89,0.94,1,-1,-1
247,130,284.74,499.50,25.66,54.78,0.95,1,-1,-1
248,4,473.19,535.99,81.89,104.27,1.00,4,-1,-1
248,9,568.24,308.07,96.84,171.16,0.89,6,-1,-1
248,11,596.71,486.53,103.10,177.17,1.00,6,-1,-1
248,31,360.17,389.80,107.15,66.30,1.00,5,-1,-1
248,32,755.10,374.73,101.81,129.25,1.00,6,-1,-1
248,35,807.68,295.88,78.85,46.69,1.00,4,-1,-1
248,36,448.47,301.28,93.31,44.64,0.98,4,-1,-1
248,38,745.02,256.79,70.99,43.27,1.00,5,-1,-1
248,43,738.63,207.83,30.64,29.94,0.98,4,-1,-1
248,54,669.14,328.51,76.03,122.40,1.00,6,-1,-1
248,50,901.50,415.52,122.96,56.03,1.00,4,-1,-1
248,42,670.30,188.74,48.69,56.44,0.99,6,-1,-1
248,45,617.44,239.68,46.41,54.95,0.85,8,-1,-1
248,101,457.87,252.21,57.01,40.16,0.96,4,-1,-1
248,104,593.72,203.49,52.15,31.39,0.95,4,-1,-1
248,110,572.99,222.84,46.77,31.37,0.98,4,-1,-1
248,122,870.02,216.86,59.10,30.33,0.74,4,-1,-1
248,126,623.29,221.78,38.09,29.89,0.95,4,-1,-1
248,127,531.14,215.75,52.88,47.67,0.67,8,-1,-1
248,67,861.68,381.18,18.82,27.10,0.93,1,-1,-1
248,130,282.18,499.36,25.00,54.72,0.91,1,-1,-1
248,132,530.21,216.12,51.23,46.64,0.72,6,-1,-1
248,133,617.29,239.70,46.10,54.64,0.97,8,-1,-1
248,134,862.33,381.22,17.93,27.32,0.88,1,-1,-1
248,44,568.35,248.31,46.05,58.46,0.60,4,-1,-1
249,4,472.18,533.74,82.09,103.91,1.00,4,-1,-1
249,9,568.22,305.36,96.52,172.16,0.88,6,-1,-1
249,11,596.93,485.37,103.51,178.54,1.00,6,-1,-1
249,31,359.82,388.35,106.41,66.25,1.00,5,-1,-1
249,32,756.01,372.88,102.55,129.59,1.00,6,-1,-1
249,35,808.85,293.00,77.98,46.42,1.00,4,-1,-1
249,36,448.54,297.99,92.27,44.06,0.99,4,-1,-1
249,38,745.15,253.55,71.58,42.95,0.98,5,-1,-1
249,43,739.01,204.07,30.70,29.93,0.99,4,-1,-1
249,54,669.38,325.71,76.74,124.52,1.00,6,-1,-1
249,50,903.89,414.19,123.42,56.43,1.00,4,-1,-1
249,42,670.57,184.52,48.78,57.22,1.00,6,-1,-1
249,45,616.79,235.97,47.42,55.43,0.93,8,-1,-1
249,101,455.52,248.48,58.05,40.40,0.91,4,-1,-1
249,104,593.22,199.98,52.69,31.80,0.92,4,-1,-1
249,110,572.33,218.94,47.51,31.26,0.97,4,-1,-1
249,122,869.92,212.71,60.83,30.82,0.32,4,-1,-1
249,126,624.82,218.27,36.83,30.51,0.75,4,-1,-1
249,127,530.35,212.60,51.58,47.37,0.79,8,-1,-1
249,67,863.43,378.91,19.70,27.76,0.86,1,-1,-1
249,130,278.67,499.14,25.44,55.35,0.92,1,-1,-1
249,134,863.73,378.86,19.67,28.39,0.75,1,-1,-1
249,44,568.13,244.44,45.67,58.65,0.72,4,-1,-1
250,4,471.21,529.27,81.59,105.42,1.00,4,-1,-1
250,9,567.56,301.87,97.56,173.04,0.93,6,-1,-1
250,11,597.24,481.85,103.64,182.38,1.00,6,-1,-1
250,31,356.84,385.30,108.38,66.77,1.00,5,-1,-1
250,32,756.80,370.09,103.37,129.22,1.00,6,-1,-1
250,35,809.73,288.87,78.19,46.86,1.00,4,-1,-1
250,36,447.11,294.15,92.40,43.81,0.99,4,-1,-1
250,38,746.78,248.87,70.66,42.81,1.00,5,-1,-1
250,43,739.61,198.36,30.72,30.77,0.96,4,-1,-1
250,54,669.37,322.44,77.56,125.56,1.00,6,-1,-1
250,50,905.76,411.29,123.54,56.69,1.00,4,-1,-1
250,42,670.57,179.22,49.37,57.36,0.99,6,-1,-1
250,45,616.73,231.27,47.23,55.59,0.86,8,-1,-1
250,101,449.41,244.06,63.04,40.77,0.89,4,-1,-1
250,104,592.66,194.66,52.90,30.38,0.96,4,-1,-1
250,110,573.13,213.90,46.08,31.78,0.95,4,-1,-1
250,122,868.61,207.70,63.72,31.71,0.65,4,-1,-1
250,126,624.19,213.37,37.46,30.15,0.98,4,-1,-1
250,127,531.15,210.89,53.33,44.03,0.63,4,-1,-1
250,67,864.23,375.52,20.30,28.29,0.93,1,-1,-1
250,130,275.78,497.27,25.59,56.78,0.55,1,-1,-1
250,134,864.37,375.31,20.34,28.61,0.79,1,-1,-1
250,44,567.40,239.68,46.10,58.98,0.94,4,-1,-1
250,135,442.69,275.35,73.43,39.27,0.77,4,-1,-1
250,136,531.49,211.42,53.79,43.86,0.76,8,-1,-1
250,137,616.44,231.16,46.96,56.35,0.82,8,-1,-1
250,138,741.09,260.41,19.64,37.14,0.71,1,-1,-1
251,4,470.81,522.47,81.36,106.53,1.00,4,-1,-1
251,9,572.39,314.47,91.66,154.62,0.23,6,-1,-1
251,11,597.29,475.96,103.63,182.64,1.00,6,-1,-1
251,31,353.49,379.60,110.49,67.51,1.00,5,-1,-1
251,32,757.83,364.53,104.18,130.42,1.00,6,-1,-1
251,35,810.79,281.72,79.38,47.58,1.00,4,-1,-1
251,36,446.28,287.50,92.98,43.99,0.98,4,-1,-1
251,38,747.01,241.38,71.99,43.90,1.00,5,-1,-1
251,43,740.02,191.29,31.29,30.59,0.99,4,-1,-1
251,54,670.14,315.87,77.27,126.74,1.00,6,-1,-1
251,50,907.70,406.24,124.65,56.77,1.00,4,-1,-1
251,42,671.08,171.10,49.57,58.25,0.99,6,-1,-1
251,45,616.66,224.49,47.13,55.63,0.93,8,-1,-1
251,101,455.21,236.65,56.52,40.63,0.90,4,-1,-1
251,104,592.11,186.66,54.09,31.20,0.95,4,-1,-1
251,110,572.52,206.28,46.66,31.69,0.98,4,-1,-1
251,122,872.18,200.27,62.55,30.91,0.93,4,-1,-1
251,126,623.90,205.96,38.24,30.29,0.85,4,-1,-1
251,127,529.43,200.72,52.23,46.84,0.82,8,-1,-1
251,130,273.35,493.37,25.02,56.05,0.95,1,-1,-1
251,44,566.81,232.30,47.36,59.37,0.93,4,-1,-1
251,135,441.34,268.51,74.93,41.72,0.81,4,-1,-1
251,136,528.23,200.35,52.52,47.69,0.84,6,-1,-1
252,4,470.37,515.08,80.70,106.93,0.99,4,-1,-1
252,9,568.91,293.97,95.86,169.50,0.88,6,-1,-1
252,11,597.00,471.42,103.61,180.98,1.00,6,-1,-1
252,31,350.67,374.13,112.54,68.49,0.99,5,-1,-1
252,32,758.17,358.55,105.60,132.68,1.00,6,-1,-1
252,35,811.70,274.75,79.82,47.85,1.00,4,-1,-1
252,36,445.11,281.00,93.76,44.05,0.98,4,-1,-1
252,38,746.78,233.88,73.05,44.58,1.00,5,-1,-1
252,43,740.71,183.03,31.51,30.87,0.99,4,-1,-1
252,54,670.11,309.38,78.27,128.58,1.00,6,-1,-1
252,50,908.93,400.73,126.17,57.21,1.00,4,-1,-1
252,42,670.95,162.80,50.77,59.01,0.99,6,-1,-1
252,45,616.60,216.76,47.65,56.42,0.89,8,-1,-1
252,101,457.00,228.89,54.43,40.86,0.97,4,-1,-1
252,104,592.44,178.26,53.98,31.49,0.96,4,-1,-1
252,110,572.56,198.31,46.88,32.37,0.98,4,-1,-1
252,122,873.80,191.72,62.33,31.39,0.94,4,-1,-1
252,126,622.35,196.99,39.66,30.99,0.96,4,-1,-1
252,127,528.44,192.23,55.21,48.16,0.87,8,-1,-1
252,130,270.79,489.24,25.42,56.36,0.96,1,-1,-1
252,44,566.28,224.84,47.83,60.35,0.62,4,-1,-1
252,135,440.98,262.18,74.60,39.94,0.86,4,-1,-1
252,136,526.88,192.06,55.62,48.76,0.87,6,-1,-1
252,139,364.14,145.15,67.88,33.51,0.65,4,-1,-1
252,140,615.59,216.86,48.67,56.78,0.92,8,-1,-1
252,134,869.39,363.50,20.17,29.41,0.51,1,-1,-1
253,4,469.38,507.76,82.12,107.59,0.99,4,-1,-1
253,9,567.14,283.43,97.84,173.94,0.89,6,-1,-1
253,11,595.73,464.61,104.66,184.79,1.00,6,-1,-1
253,31,350.15,367.54,111.69,68.83,0.99,5,-1,-1
253,32,758.48,352.39,107.18,134.59,1.00,6,-1,-1
253,35,813.35,267.17,79.65,48.22,1.00,4,-1,-1
253,36,443.33,272.55,95.70,46.05,0.99,4,-1,-1
253,38,748.31,226.53,72.84,43.98,1.00,5,-1,-1
253,43,741.75,174.31,31.58,31.67,0.99,4,-1,-1
253,54,670.62,302.50,78.03,129.76,1.00,6,-1,-1
253,50,910.89,395.18,126.65,56.94,1.00,4,-1,-1
253,42,672.01,154.91,49.50,59.20,1.00,6,-1,-1
253,45,616.29,208.61,48.38,57.12,0.97,8,-1,-1
253,101,452.37,220.70,58.40,41.51,0.93,4,-1,-1
253,104,591.73,170.10,55.03,31.74,0.97,4,-1,-1
253,110,572.87,190.22,46.37,32.47,0.98,4,-1,-1
253,122,873.99,183.62,64.19,31.41,0.74,4,-1,-1
253,126,622.61,189.18,39.60,30.88,0.94,4,-1,-1
253,127,527.56,183.15,52.91,50.27,0.79,8,-1,-1
253,130,268.16,484.75,25.84,56.44,0.87,1,-1,-1
253,44,566.39,216.43,47.40,60.20,0.48,4,-1,-1
253,135,440.11,253.62,75.05,40.97,0.65,4,-1,-1
253,134,869.72,356.93,20.40,29.22,0.71,1,-1,-1
253,67,869.13,356.97,20.56,28.99,0.82,1,-1,-1
254,4,469.35,501.03,80.96,106.68,0.99,4,-1,-1
254,9,566.75,273.01,98.63,178.88,0.84,6,-1,-1
254,11,595.85,458.58,105.06,186.17,1.00,6,-1,-1
254,31,347.62,361.62,113.18,69.22,1.00,5,-1,-1
254,32,759.16,345.88,108.33,136.53,1.00,6,-1,-1
254,35,814.24,259.31,81.58,48.90,1.00,4,-1,-1
254,36,441.56,264.67,96.98,46.78,0.99,4,-1,-1
254,38,748.60,218.35,73.90,44.59,1.00,5,-1,-1
254,43,742.99,165.33,31.03,32.11,0.99,4,-1,-1
254,54,670.53,295.60,79.07,131.01,1.00,6,-1,-1
254,50,912.74,389.15,127.94,57.51,0.99,4,-1,-1
254,42,671.83,145.91,50.14,59.68,0.99,6,-1,-1
254,45,616.46,199.93,48.66,57.86,0.74,8,-1,-1
254,101,448.53,212.38,62.03,42.03,0.98,4,-1,-1
254,104,590.90,161.22,55.43,31.97,0.98,4,-1,-1
254,110,572.41,181.79,46.18,32.36,0.99,4,-1,-1
254,122,876.29,174.72,63.76,31.84,0.93,4,-1,-1
254,126,621.88,180.28,40.12,30.98,0.97,4,-1,-1
254,127,526.66,173.86,54.82,50.57,0.76,8,-1,-1
254,130,265.14,480.14,26.00,56.46,0.84,1,-1,-1
254,44,565.87,208.36,47.80,60.90,0.69,4,-1,-1
254,135,439.90,246.08,74.54,40.66,0.76,4,-1,-1
254,141,353.04,127.11,62.75,32.44,0.72,4,-1,-1
254,142,565.64,209.07,47.81,60.94,0.66,6,-1,-1
255,4,469.09,494.62,81.09,105.76,0.98,4,-1,-1
255,9,566.35,265.84,98.95,180.35,0.85,6,-1,-1
255,11,595.09,452.10,106.35,187.81,1.00,6,-1,-1
255,31,347.28,355.72,112.05,69.08,1.00,5,-1,-1
255,32,760.02,339.36,109.88,138.52,1.00,6,-1,-1
255,35,814.91,251.73,81.45,49.16,0.99,4,-1,-1
255,36,440.64,257.08,96.91,47.34,0.98,4,-1,-1
255,38,749.32,210.37,74.29,44.82,0.97,5,-1,-1
255,43,743.21,156.64,31.98,32.70,0.98,4,-1,-1
255,54,671.11,288.51,79.46,132.32,0.99,6,-1,-1
255,50,915.17,383.09,128.41,58.16,0.99,4,-1,-1
255,42,671.25,136.42,50.95,60.15,0.98,6,-1,-1
255,45,616.56,191.27,48.77,58.64,0.95,8,-1,-1
255,101,440.81,203.35,69.15,43.65,0.94,4,-1,-1
255,104,591.47,152.13,55.02,32.20,0.97,4,-1,-1
255,110,572.55,173.36,46.12,32.74,0.97,4,-1,-1
255,122,876.09,166.34,65.84,32.43,0.84,4,-1,-1
255,126,622.78,172.11,40.31,31.44,0.98,4,-1,-1
255,127,526.65,165.31,53.27,50.24,0.39,8,-1,-1
255,130,262.52,475.84,26.06,56.46,0.86,1,-1,-1
255,44,565.72,200.29,47.94,61.16,0.42,4,-1,-1
255,135,440.83,238.30,73.12,39.94,0.91,4,-1,-1
255,143,616.44,191.25,48.67,58.48,0.92,4,-1,-1
255,144,1109.93,604.49,49.52,77.70,0.61,7,-1,-1
255,67,871.21,343.90,21.93,29.46,0.80,1,-1,-1
256,4,468.01,485.98,82.26,107.68,1.00,4,-1,-1
256,9,566.35,259.51,98.47,180.56,0.63,6,-1,-1
256,11,594.93,446.25,106.79,188.38,1.00,6,-1,-1
256,31,342.40,349.51,115.12,69.86,1.00,5,-1,-1
256,32,761.00,333.08,110.42,138.80,1.00,6,-1,-1
256,35,816.09,244.40,81.94,49.25,1.00,4,-1,-1
256,36,440.19,249.85,96.27,47.27,0.98,4,-1,-1
256,38,749.43,202.19,75.55,45.76,0.99,5,-1,-1
256,43,743.41,148.42,32.32,32.35,0.99,4,-1,-1
256,54,671.16,281.76,80.14,133.62,1.00,6,-1,-1
256,50,916.41,377.55,129.67,57.97,1.00,4,-1,-1
256,42,670.88,127.76,51.80,61.02,1.00,6,-1,-1
256,45,616.74,183.11,48.22,58.64,0.96,8,-1,-1
256,101,441.38,195.59,67.40,43.42,0.96,4,-1,-1
256,104,590.13,143.40,56.55,32.71,0.97,4,-1,-1
256,110,572.47,164.80,46.09,33.45,0.97,4,-1,-1
256,122,878.07,157.83,65.47,31.95,0.16,4,-1,-1
256,126,621.31,163.16,42.05,32.60,0.96,4,-1,-1
256,127,525.39,156.28,54.33,51.65,0.73,8,-1,-1
256,130,259.79,471.56,26.36,56.45,0.96,1,-1,-1
256,44,565.25,191.85,47.97,61.74,0.56,4,-1,-1
256,135,436.16,229.95,76.93,41.85,0.41,4,-1,-1
256,143,616.36,182.80,48.76,59.61,0.84,8,-1,-1
256,144,1113.49,601.35,53.71,75.78,0.56,7,-1,-1
256,67,872.54,337.54,21.08,28.96,0.92,1,-1,-1
257,4,467.29,477.96,82.66,108.40,1.00,4,-1,-1
257,9,566.36,251.85,98.24,182.29,0.91,6,-1,-1
257,11,594.84,440.41,106.88,188.56,1.00,6,-1,-1
257,31,343.70,342.76,112.85,71.30,0.99,5,-1,-1
257,32,761.61,326.57,111.67,140.85,1.00,6,-1,-1
257,35,817.36,236.71,81.81,49.58,1.00,4,-1,-1
257,36,438.94,242.09,96.56,47.81,0.99,4,-1,-1
257,38,751.43,193.67,74.31,45.49,1.00,5,-1,-1
257,43,744.35,139.41,31.87,32.50,0.99,4,-1,-1
257,54,671.73,274.36,80.34,135.50,1.00,6,-1,-1
257,50,918.48,370.92,130.09,59.33,0.99,4,-1,-1
257,42,671.34,118.71,52.10,60.93,0.99,6,-1,-1
257,45,616.84,175.14,48.55,58.28,0.87,8,-1,-1
257,101,443.73,187.52,64.88,43.19,0.98,4,-1,-1
257,104,589.67,134.23,56.54,31.92,0.97,4,-1,-1
257,110,572.19,155.68,46.65,34.01,0.99,4,-1,-1
257,122,879.38,149.02,66.42,32.63,0.48,4,-1,-1
257,126,619.95,153.83,43.24,32.48,0.99,4,-1,-1
257,127,524.13,147.61,56.96,51.90,0.90,8,-1,-1
257,130,257.28,467.02,26.74,57.02,0.95,1,-1,-1
257,44,563.98,182.91,49.09,63.01,0.62,4,-1,-1
257,135,438.41,222.69,73.53,41.35,0.86,4,-1,-1
257,143,616.34,175.01,48.78,59.53,0.64,8,-1,-1
257,144,1116.26,598.28,55.81,78.76,0.75,7,-1,-1
257,145,523.80,147.71,57.20,52.08,0.69,8,-1,-1
257,146,562.65,183.35,50.37,62.97,0.70,6,-1,-1
257,147,745.36,206.30,18.78,40.24,0.71,1,-1,-1
258,4,466.88,470.46,82.85,108.60,1.00,4,-1,-1
258,9,569.52,253.79,94.23,174.65,0.91,6,-1,-1
258,11,593.77,433.64,108.10,190.77,1.00,6,-1,-1
258,31,339.82,337.04,115.65,71.49,1.00,5,-1,-1
258,32,762.40,320.06,112.16,143.77,1.00,6,-1,-1
258,35,818.63,229.07,82.61,50.21,0.99,4,-1,-1
258,36,437.95,235.02,96.66,47.67,0.99,4,-1,-1
258,38,752.72,185.77,74.39,46.04,0.99,5,-1,-1
258,43,745.19,130.79,32.28,33.09,0.99,4,-1,-1
258,54,671.95,267.72,81.02,136.12,1.00,6,-1,-1
258,50,919.79,365.40,131.36,59.21,1.00,4,-1,-1
258,42,672.02,110.25,51.65,61.27,1.00,6,-1,-1
258,45,616.27,167.09,49.26,58.66,0.93,8,-1,-1
258,101,444.69,179.58,63.33,42.42,0.96,4,-1,-1
258,104,589.75,125.76,56.53,32.15,0.98,4,-1,-1
258,110,571.48,147.85,46.86,33.34,0.98,4,-1,-1
258,122,882.02,140.76,65.64,32.84,0.79,4,-1,-1
258,126,620.23,145.78,43.14,32.82,0.97,4,-1,-1
258,127,524.48,141.34,54.06,51.09,0.80,8,-1,-1
258,130,254.86,462.23,27.18,58.36,0.92,1,-1,-1
258,44,563.77,175.07,49.52,63.17,0.83,4,-1,-1
258,135,433.40,215.59,77.59,41.33,0.73,4,-1,-1
258,144,1120.77,595.38,55.24,79.65,0.86,7,-1,-1
258,147,745.84,198.86,18.82,39.87,0.54,1,-1,-1
258,67,875.77,325.01,22.04,28.43,0.85,1,-1,-1
259,4,466.32,462.68,82.89,108.63,1.00,4,-1,-1
259,9,566.77,238.62,97.32,183.39,0.63,6,-1,-1
259,11,593.77,427.93,109.65,191.09,1.00,6,-1,-1
259,31,340.85,331.05,114.67,71.52,0.99,5,-1,-1
259,32,763.03,313.63,113.13,144.37,1.00,6,-1,-1
259,35,819.69,221.15,82.88,50.71,0.99,4,-1,-1
259,36,438.05,228.02,96.09,47.02,0.99,4,-1,-1
259,38,754.38,177.56,73.82,46.02,1.00,5,-1,-1
259,43,745.28,122.13,33.55,33.16,0.99,4,-1,-1
259,54,672.68,260.43,81.24,137.68,1.00,6,-1,-1
259,50,921.94,359.19,132.90,59.69,1.00,4,-1,-1
259,42,671.51,101.14,52.59,62.18,0.99,6,-1,-1
259,45,616.17,158.35,49.51,60.34,0.92,8,-1,-1
259,101,441.79,171.22,65.59,43.18,0.97,4,-1,-1
259,104,589.90,116.96,57.06,32.51,0.97,4,-1,-1
259,110,571.33,139.28,46.93,33.07,0.98,4,-1,-1
259,122,884.16,132.81,65.29,32.35,0.53,4,-1,-1
259,126,620.19,137.05,44.18,33.08,0.98,4,-1,-1
259,127,524.21,132.29,55.14,51.03,0.67,8,-1,-1
259,130,252.12,457.61,27.90,58.27,0.98,1,-1,-1
259,44,563.54,167.12,49.66,63.05,0.64,4,-1,-1
259,135,432.40,208.01,78.41,43.07,0.89,4,-1,-1
259,144,1124.53,592.64,56.21,83.64,0.80,7,-1,-1
259,147,746.01,190.93,19.49,40.55,0.55,1,-1,-1
259,67,876.41,318.23,22.23,28.58,0.43,1,-1,-1
260,4,466.04,456.12,82.88,106.94,1.00,4,-1,-1
260,9,565.74,228.55,98.98,188.77,0.88,6,-1,-1
260,11,592.01,421.85,111.31,193.73,1.00,6,-1,-1
260,31,338.56,324.38,115.25,72.38,1.00,5,-1,-1
260,32,764.02,307.30,113.72,146.82,1.00,6,-1,-1
260,35,820.30,213.18,83.81,51.47,1.00,4,-1,-1
260,36,436.65,220.04,97.57,47.35,0.99,4,-1,-1
260,38,754.37,169.13,74.74,46.86,1.00,5,-1,-1
260,43,745.83,113.26,33.46,33.19,0.98,4,-1,-1
260,54,672.89,253.22,81.85,139.09,1.00,6,-1,-1
260,50,924.33,353.09,132.31,60.17,0.99,4,-1,-1
260,42,671.57,92.12,52.93,62.98,0.99,6,-1,-1
260,45,615.81,149.49,50.15,61.25,0.73,8,-1,-1
260,101,437.19,163.03,69.34,43.90,0.97,4,-1,-1
260,104,589.37,107.93,57.25,32.65,0.98,4,-1,-1
260,110,571.25,130.62,46.95,33.68,0.98,4,-1,-1
260,122,886.03,124.01,65.14,32.30,0.34,4,-1,-1
260,126,620.44,128.34,43.99,33.17,0.98,4,-1,-1
260,127,524.10,123.66,57.21,51.99,0.34,8,-1,-1
260,130,249.81,453.52,27.60,57.65,0.80,1,-1,-1
260,44,562.87,159.25,50.25,63.56,0.96,4,-1,-1
260,135,431.74,199.94,78.11,42.43,0.87,4,-1,-1
260,144,1128.58,589.58,54.05,85.52,0.74,7,-1,-1
260,147,746.28,182.91,20.35,41.50,0.55,1,-1,-1
260,67,877.68,311.36,22.29,28.92,0.53,1,-1,-1
260,148,614.73,148.77,51.23,62.33,0.91,8,-1,-1
260,149,877.70,311.21,22.20,29.03,0.72,2,-1,-1
261,4,466.29,448.86,81.75,106.25,1.00,4,-1,-1
261,9,564.48,219.65,100.22,192.16,0.93,6,-1,-1
261,11,592.23,416.10,111.96,193.80,1.00,6,-1,-1
261,31,338.05,317.78,115.17,73.51,0.99,5,-1,-1
261,32,765.50,300.86,114.51,147.66,1.00,6,-1,-1
261,35,821.30,205.23,84.44,52.21,1.00,4,-1,-1
261,36,437.83,212.68,95.85,47.15,0.99,4,-1,-1
261,38,755.43,160.62,75.08,47.44,0.99,5,-1,-1
261,43,746.24,103.80,33.99,34.35,0.99,4,-1,-1
261,54,673.22,246.07,82.09,140.69,1.00,6,-1,-1
261,50,926.30,346.97,133.19,60.86,0.99,4,-1,-1
261,42,672.38,82.84,53.05,63.36,0.99,6,-1,-1
261,45,615.35,141.07,50.97,62.27,0.84,8,-1,-1
261,101,437.79,154.84,67.87,43.86,0.97,4,-1,-1
261,104,589.12,99.13,57.32,32.26,0.98,4,-1,-1
261,110,571.17,121.87,46.97,33.61,0.98,4,-1,-1
261,122,886.05,114.49,66.21,34.12,0.18,4,-1,-1
261,126,620.50,119.36,43.90,33.47,0.99,4,-1,-1
261,127,523.46,115.57,56.31,51.76,0.68,8,-1,-1
261,130,247.82,448.83,26.91,57.97,0.88,1,-1,-1
261,44,562.30,150.23,51.04,64.43,0.92,4,-1,-1
261,135,431.25,191.54,78.56,42.57,0.39,4,-1,-1
261,144,1131.64,586.73,54.48,86.67,0.80,7,-1,-1
261,147,746.62,175.21,19.99,40.65,0.77,1,-1,-1
261,67,879.24,304.56,22.31,28.75,0.23,1,-1,-1
262,4,466.14,440.34,81.32,106.56,0.99,4,-1,-1
262,9,564.32,211.94,100.68,193.39,0.99,6,-1,-1
262,11,591.23,409.24,113.87,196.88,1.00,6,-1,-1
262,31,336.40,311.17,116.11,73.91,0.99,5,-1,-1
262,32,766.33,294.04,116.18,149.04,0.99,6,-1,-1
262,35,822.51,196.97,84.94,52.26,1.00,4,-1,-1
262,36,435.22,203.78,98.03,48.99,0.98,4,-1,-1
262,38,756.10,151.81,75.76,47.78,1.00,5,-1,-1
262,43,746.68,94.86,34.18,34.00,0.98,4,-1,-1
262,54,673.64,238.01,82.17,142.65,1.00,6,-1,-1
262,50,927.55,339.83,134.61,61.95,0.99,4,-1,-1
262,42,672.71,73.38,53.09,63.80,1.00,6,-1,-1
262,45,615.20,132.16,51.26,63.20,0.58,8,-1,-1
262,101,436.16,145.80,68.92,44.55,0.96,4,-1,-1
262,104,589.06,89.95,57.89,32.75,0.98,4,-1,-1
262,110,570.61,112.77,47.54,33.43,0.98,4,-1,-1
262,122,886.02,105.67,67.73,34.78,0.76,4,-1,-1
262,126,620.28,109.96,44.40,33.85,0.97,4,-1,-1
262,127,522.42,106.08,57.06,53.07,0.76,8,-1,-1
262,130,245.65,443.14,26.93,58.65,0.99,1,-1,-1
262,44,561.85,141.23,51.32,64.74,0.96,4,-1,-1
262,135,428.43,182.68,79.99,42.83,0.90,4,-1,-1
262,144,1134.93,583.39,55.82,86.40,0.96,7,-1,-1
262,147,746.74,166.80,20.44,41.26,0.80,1,-1,-1
262,67,882.05,297.46,22.31,29.25,0.66,1,-1,-1
262,150,882.82,297.97,22.20,29.03,0.83,2,-1,-1
263,4,465.86,431.57,81.73,107.81,1.00,4,-1,-1
263,9,564.31,203.24,100.84,196.01,0.96,6,-1,-1
263,11,591.46,402.75,114.56,196.85,1.00,6,-1,-1
263,31,332.62,304.93,119.13,73.75,1.00,5,-1,-1
263,32,766.92,287.29,117.06,149.49,1.00,6,-1,-1
263,35,824.08,189.24,85.10,52.05,1.00,4,-1,-1
263,36,434.02,196.24,98.83,48.89,0.99,4,-1,-1
263,38,757.19,143.60,76.01,47.47,1.00,5,-1,-1
263,43,747.97,86.10,33.11,33.32,0.99,4,-1,-1
263,54,674.38,230.83,82.18,143.90,1.00,6,-1,-1
263,50,929.66,333.64,135.11,61.78,1.00,4,-1,-1
263,42,673.41,64.43,53.65,63.49,0.99,6,-1,-1
263,45,615.46,123.01,51.36,63.81,0.86,8,-1,-1
263,101,434.64,137.38,70.00,44.23,0.96,4,-1,-1
263,104,589.07,80.82,58.67,33.24,0.99,4,-1,-1
263,110,570.42,103.91,48.31,33.50,0.97,4,-1,-1
263,122,887.66,97.61,68.29,34.19,0.18,4,-1,-1
263,126,619.38,100.85,45.70,33.56,0.99,4,-1,-1
263,127,522.64,97.78,56.76,53.13,0.53,8,-1,-1
263,130,243.13,437.89,27.51,59.46,0.95,1,-1,-1
263,44,561.16,132.75,51.98,65.54,0.98,4,-1,-1
263,135,423.05,175.38,86.03,44.06,0.87,4,-1,-1
263,144,1138.89,579.78,56.29,86.20,0.90,7,-1,-1
263,147,747.38,158.81,20.59,41.30,0.66,1,-1,-1
263,67,883.65,290.76,21.17,28.87,0.40,1,-1,-1
263,151,522.95,96.69,56.35,54.64,0.73,6,-1,-1
263,152,615.59,123.27,51.23,63.18,0.84,4,-1,-1
264,4,465.54,422.94,82.42,108.70,1.00,4,-1,-1
264,9,563.85,194.19,101.97,199.41,0.99,6,-1,-1
264,11,590.49,396.24,116.42,198.21,1.00,6,-1,-1
264,31,333.59,297.74,117.41,74.83,1.00,5,-1,-1
264,32,768.31,280.60,118.43,149.91,0.98,6,-1,-1
264,35,826.14,181.11,84.85,52.54,0.99,4,-1,-1
264,36,434.57,187.87,97.96,48.22,0.99,4,-1,-1
264,38,758.53,134.81,76.07,47.92,1.00,5,-1,-1
264,43,748.84,76.98,33.83,33.84,0.99,4,-1,-1
264,54,675.30,223.27,82.69,144.61,1.00,6,-1,-1
264,50,931.57,326.91,136.37,62.57,0.99,4,-1,-1
264,42,673.52,54.67,54.96,64.55,0.98,6,-1,-1
264,45,615.68,114.04,51.93,64.59,0.96,8,-1,-1
264,101,435.78,128.56,68.55,44.40,0.97,4,-1,-1
264,104,589.22,71.48,58.37,33.12,0.99,4,-1,-1
264,110,571.62,94.91,47.46,33.68,0.98,4,-1,-1
264,126,620.58,92.09,45.05,33.41,0.98,4,-1,-1
264,127,523.16,90.53,55.47,51.02,0.84,8,-1,-1
264,130,241.50,432.11,27.98,60.19,0.97,1,-1,-1
264,44,561.60,123.95,51.62,65.84,0.97,4,-1,-1
264,135,422.59,166.89,86.05,45.38,0.94,4,-1,-1
264,144,1141.90,576.91,57.59,88.96,0.89,7,-1,-1
264,147,748.87,150.56,19.43,39.96,0.89,1,-1,-1
264,67,885.39,283.69,20.71,29.00,0.90,1,-1,-1
265,4,465.32,416.31,82.15,109.60,1.00,4,-1,-1
265,9,563.54,188.54,102.45,202.67,0.93,6,-1,-1
265,11,591.16,393.00,116.61,199.68,1.00,6,-1,-1
265,31,329.04,293.45,120.44,74.92,1.00,5,-1,-1
265,32,769.27,275.82,118.98,153.68,1.00,6,-1,-1
265,35,827.05,174.96,85.61,53.26,1.00,4,-1,-1
265,36,433.50,181.85,98.78,49.21,0.98,4,-1,-1
265,38,758.59,127.93,77.25,48.50,1.00,5,-1,-1
265,43,749.29,69.63,34.66,34.17,0.99,4,-1,-1
265,54,675.51,218.34,83.49,145.69,1.00,6,-1,-1
265,50,933.31,322.91,137.98,62.83,0.99,4,-1,-1
265,42,674.23,46.88,54.91,65.30,0.95,6,-1,-1
265,45,615.32,106.79,52.72,65.70,0.54,8,-1,-1
265,101,434.23,121.75,69.26,44.58,0.96,4,-1,-1
265,104,588.53,63.70,59.96,33.20,0.98,4,-1,-1
265,110,571.34,87.57,47.71,34.30,0.97,4,-1,-1
265,126,620.04,84.81,45.91,33.74,0.98,4,-1,-1
265,127,521.76,82.18,57.85,53.17,0.88,8,-1,-1
265,130,239.13,429.18,28.46,60.59,0.98,1,-1,-1
265,44,561.33,116.97,52.06,66.50,0.97,4,-1,-1
265,135,422.87,160.62,84.89,45.15,0.93,4,-1,-1
265,144,1145.79,576.38,58.08,88.23,0.96,7,-1,-1
265,147,748.96,144.21,19.59,40.51,0.82,1,-1,-1
265,67,886.48,278.75,22.86,29.33,0.96,1,-1,-1
265,153,520.81,81.64,58.91,53.26,0.87,6,-1,-1
265,154,885.39,278.76,23.91,29.03,0.77,1,-1,-1
266,4,465.25,414.38,81.40,108.21,1.00,4,-1,-1
266,9,563.47,187.40,102.50,202.39,0.90,6,-1,-1
266,11,589.41,393.19,118.77,202.40,1.00,6,-1,-1
266,31,327.78,292.78,120.91,74.94,1.00,5,-1,-1
266,32,770.09,274.72,119.04,154.76,1.00,6,-1,-1
266,35,827.85,172.95,86.40,53.88,1.00,4,-1,-1
266,36,431.80,179.61,100.15,49.80,0.99,4,-1,-1
266,38,758.56,125.24,78.19,48.99,1.00,5,-1,-1
266,43,749.44,66.80,34.95,34.43,0.99,4,-1,-1
266,54,675.55,216.28,84.25,147.21,1.00,6,-1,-1
266,50,934.86,322.56,138.48,63.50,0.99,4,-1,-1
266,42,674.82,43.94,54.26,65.99,0.99,6,-1,-1
266,45,615.52,104.48,52.40,64.84,0.81,8,-1,-1
266,101,429.00,119.40,74.27,44.94,0.97,4,-1,-1
266,104,588.64,60.84,59.95,33.44,0.98,4,-1,-1
266,110,571.30,84.81,47.77,34.04,0.98,4,-1,-1
266,126,620.17,81.88,46.19,34.21,0.98,4,-1,-1
266,127,521.08,77.46,60.36,55.10,0.63,8,-1,-1
266,130,236.29,429.86,29.45,61.28,0.97,1,-1,-1
266,44,561.31,114.04,52.17,67.42,0.99,4,-1,-1
266,135,419.62,158.00,89.31,46.75,0.96,4,-1,-1
266,144,1149.04,579.01,58.19,90.72,0.96,7,-1,-1
266,147,748.08,142.49,20.80,41.28,0.86,1,-1,-1
266,67,888.39,278.20,22.51,29.45,0.91,1,-1,-1
266,153,520.32,78.18,59.67,54.61,0.91,6,-1,-1
266,154,887.78,278.37,22.57,29.07,0.69,1,-1,-1
266,155,615.16,105.02,52.94,64.25,0.67,8,-1,-1
266,122,889.91,78.22,71.43,35.97,0.61,4,-1,-1
267,4,465.21,411.89,81.17,108.94,0.99,4,-1,-1
267,9,563.08,186.51,102.58,201.41,0.85,6,-1,-1
267,11,589.58,394.09,119.07,203.93,1.00,6,-1,-1
267,31,324.59,292.58,122.93,75.75,1.00,5,-1,-1
267,32,770.61,274.64,120.51,155.66,1.00,6,-1,-1
267,35,828.33,171.49,86.42,53.87,0.99,4,-1,-1
267,36,429.39,178.11,101.81,50.55,0.99,4,-1,-1
267,38,758.15,123.41,79.12,49.15,1.00,5,-1,-1
267,43,749.93,64.59,34.50,34.23,0.99,4,-1,-1
267,54,676.05,215.18,84.02,148.30,1.00,6,-1,-1
267,50,936.51,322.56,138.67,63.70,0.99,4,-1,-1
267,42,675.19,41.52,53.46,66.35,0.98,6,-1,-1
267,45,614.92,101.58,53.42,66.02,0.94,8,-1,-1
267,101,425.84,117.31,77.24,45.90,0.96,4,-1,-1
267,104,588.84,58.56,58.82,32.88,0.99,4,-1,-1
267,110,571.45,82.57,47.81,33.82,0.97,4,-1,-1
267,126,619.55,79.45,46.86,34.79,0.97,4,-1,-1
267,127,520.69,75.56,59.66,55.53,0.77,8,-1,-1
267,130,234.11,431.15,30.12,61.67,0.97,1,-1,-1
267,44,561.48,112.40,51.66,67.04,0.99,4,-1,-1
267,135,418.74,156.36,89.42,47.32,0.94,4,-1,-1
267,144,1153.64,582.26,59.39,90.47,0.98,7,-1,-1
267,147,747.96,141.37,20.68,41.70,0.85,1,-1,-1
267,67,889.62,277.45,22.36,29.48,0.73,1,-1,-1
267,154,889.60,277.88,22.32,29.08,0.90,2,-1,-1
268,4,464.88,410.85,81.09,109.78,1.00,4,-1,-1
268,9,562.90,187.11,103.19,205.14,0.94,6,-1,-1
268,11,589.08,396.37,120.30,207.72,1.00,6,-1,-1
268,31,326.06,294.45,120.73,76.61,1.00,5,-1,-1
268,32,770.77,275.84,122.17,158.21,0.98,6,-1,-1
268,35,829.03,171.92,86.99,54.56,1.00,4,-1,-1
268,36,430.00,178.89,100.61,50.34,0.99,4,-1,-1
268,38,756.83,123.58,81.73,49.34,1.00,5,-1,-1
268,43,750.07,64.55,34.89,34.08,0.99,4,-1,-1
268,54,675.92,216.65,85.06,149.45,1.00,6,-1,-1
268,50,938.77,324.49,138.72,64.89,1.00,4,-1,-1
268,42,675.29,41.16,53.73,66.86,0.98,6,-1,-1
268,45,615.22,102.13,52.68,66.03,0.65,8,-1,-1
268,101,419.35,117.25,82.81,46.53,0.95,4,-1,-1
268,104,588.88,58.54,58.94,33.09,0.99,4,-1,-1
268,110,571.19,82.63,47.83,33.77,0.98,4,-1,-1
268,126,619.56,79.69,47.10,34.94,0.98,4,-1,-1
268,127,519.39,74.18,60.48,56.52,0.30,8,-1,-1
268,130,231.63,435.24,29.53,61.10,0.96,1,-1,-1
268,44,560.95,112.65,52.03,67.31,0.99,4,-1,-1
268,135,418.84,157.52,88.16,47.24,0.97,4,-1,-1
268,144,1157.55,587.71,59.83,93.16,0.97,7,-1,-1
268,147,747.60,142.57,20.62,41.85,0.90,1,-1,-1
269,4,463.59,410.26,82.19,109.52,1.00,4,-1,-1
269,9,562.83,188.52,103.36,205.56,0.96,6,-1,-1
269,11,589.98,399.53,120.12,211.06,1.00,6,-1,-1
269,31,325.58,296.74,120.38,77.21,1.00,5,-1,-1
269,32,772.14,278.35,121.89,158.28,1.00,6,-1,-1
269,35,830.05,173.37,86.33,54.39,1.00,4,-1,-1
269,36,429.71,180.00,100.67,50.24,0.99,4,-1,-1
269,38,756.55,124.52,82.68,49.55,1.00,5,-1,-1
269,43,750.64,65.44,34.46,33.80,0.98,4,-1,-1
269,54,676.38,218.16,85.41,149.83,1.00,6,-1,-1
269,50,939.47,326.86,140.95,65.62,1.00,4,-1,-1
269,42,674.73,41.66,54.37,67.26,0.99,6,-1,-1
269,45,615.33,103.07,53.50,65.73,0.98,8,-1,-1
269,101,421.36,118.63,80.16,45.64,0.96,4,-1,-1
269,104,589.18,58.86,58.41,32.96,0.99,4,-1,-1
269,110,571.36,83.21,47.82,33.64,0.96,4,-1,-1
269,126,620.41,79.99,46.04,35.02,0.98,4,-1,-1
269,127,519.19,76.48,60.20,54.71,0.89,8,-1,-1
269,130,228.93,438.69,29.84,62.57,0.97,1,-1,-1
269,44,560.47,113.39,52.71,67.81,0.99,4,-1,-1
269,135,417.68,158.42,89.44,46.77,0.93,4,-1,-1
269,144,1162.13,593.68,58.83,94.68,0.95,7,-1,-1
269,147,747.42,144.74,20.01,41.61,0.86,1,-1,-1
269,67,892.09,281.23,22.31,30.19,0.82,1,-1,-1
270,4,462.87,409.35,82.59,109.39,0.99,4,-1,-1
270,9,561.98,189.43,104.55,208.22,0.94,6,-1,-1
270,11,590.65,402.63,119.45,214.90,1.00,6,-1,-1
270,31,326.64,299.13,117.95,77.11,1.00,5,-1,-1
270,32,772.07,280.11,123.43,158.49,1.00,6,-1,-1
270,35,830.37,174.64,87.19,54.29,1.00,4,-1,-1
270,36,429.53,181.38,100.24,50.54,0.99,4,-1,-1
270,38,756.41,124.99,83.57,50.03,1.00,5,-1,-1
270,43,751.11,65.92,34.28,33.90,0.99,4,-1,-1
270,54,676.54,219.86,86.09,150.47,1.00,6,-1,-1
270,50,940.21,329.37,142.87,65.85,0.99,4,-1,-1
270,42,674.78,41.89,54.61,67.47,0.98,6,-1,-1
270,45,615.65,104.34,53.23,64.87,0.93,8,-1,-1
270,101,423.63,119.51,77.97,45.28,0.98,4,-1,-1
270,104,589.59,59.34,58.19,32.90,0.98,4,-1,-1
270,110,571.15,83.79,47.81,33.80,0.97,4,-1,-1
270,126,619.89,80.54,46.74,35.39,0.98,4,-1,-1
270,127,519.44,79.14,60.06,53.07,0.96,8,-1,-1
270,130,227.37,442.59,29.39,61.97,0.98,1,-1,-1
270,44,559.74,114.15,53.51,68.26,0.99,4,-1,-1
270,135,416.20,159.58,89.88,47.56,0.97,4,-1,-1
270,144,1165.96,598.94,59.56,95.20,0.91,7,-1,-1
270,147,746.76,146.57,19.77,41.08,0.94,1,-1,-1
270,67,893.02,282.99,22.27,30.05,0.95,1,-1,-1
271,4,462.66,409.31,82.16,108.20,1.00,4,-1,-1
271,9,561.73,190.50,104.95,210.01,0.84,6,-1,-1
271,11,590.95,405.71,120.25,218.55,1.00,6,-1,-1
271,31,321.86,301.37,122.01,77.92,1.00,5,-1,-1
271,32,772.62,282.61,125.08,161.21,1.00,6,-1,-1
271,35,830.80,175.59,88.34,54.68,1.00,4,-1,-1
271,36,428.57,182.59,101.90,51.50,0.98,4,-1,-1
271,38,756.98,126.08,84.43,50.21,1.00,5,-1,-1
271,43,751.34,66.67,34.78,34.01,0.98,4,-1,-1
271,54,677.22,221.36,86.30,152.08,1.00,6,-1,-1
271,50,942.15,332.30,143.55,65.66,0.99,4,-1,-1
271,42,674.60,42.54,55.24,67.61,0.99,6,-1,-1
271,45,615.29,105.29,54.23,65.96,0.98,8,-1,-1
271,101,424.08,120.12,77.08,45.57,0.98,4,-1,-1
271,104,589.54,60.04,58.67,33.31,0.98,4,-1,-1
271,110,571.15,84.58,47.80,34.18,0.97,4,-1,-1
271,126,620.35,81.32,46.42,35.21,0.97,4,-1,-1
271,127,519.36,78.76,60.55,53.64,0.96,8,-1,-1
271,130,225.22,447.01,29.19,61.72,0.99,1,-1,-1
271,44,560.12,115.47,52.67,67.71,0.98,4,-1,-1
271,135,415.20,160.08,90.57,48.13,0.93,4,-1,-1
271,144,1169.50,605.07,60.94,95.91,0.94,7,-1,-1
271,147,746.01,148.21,20.25,41.16,0.93,1,-1,-1
271,67,893.35,285.22,23.39,30.00,0.97,1,-1,-1
272,4,462.26,407.81,83.15,108.19,1.00,4,-1,-1
272,9,561.60,191.00,105.69,214.09,0.96,6,-1,-1
272,11,590.20,409.96,121.71,218.21,1.00,6,-1,-1
272,31,318.52,303.22,124.78,79.05,1.00,5,-1,-1
272,32,773.07,284.65,125.99,164.17,1.00,6,-1,-1
272,35,832.33,176.86,87.93,54.89,1.00,4,-1,-1
272,36,427.31,183.65,102.53,51.99,0.98,4,-1,-1
272,38,757.16,127.34,84.75,50.12,1.00,5,-1,-1
272,43,751.94,67.46,34.40,34.05,0.99,4,-1,-1
272,54,677.43,223.61,86.96,153.23,1.00,6,-1,-1
272,50,943.97,334.76,143.80,65.84,0.99,4,-1,-1
272,42,674.75,43.31,55.49,67.57,0.97,6,-1,-1
272,45,614.82,106.03,54.61,66.78,0.92,8,-1,-1
272,101,417.28,120.19,83.96,46.80,0.98,4,-1,-1
272,104,589.17,60.59,59.42,33.81,0.98,4,-1,-1
272,110,570.81,85.58,48.38,34.50,0.97,4,-1,-1
272,126,619.90,82.40,47.43,35.16,0.98,4,-1,-1
272,127,518.42,78.09,61.30,55.48,0.91,8,-1,-1
272,130,222.72,451.78,29.41,62.19,0.95,1,-1,-1
272,44,560.22,116.63,52.35,67.77,0.99,4,-1,-1
272,135,414.52,161.01,90.81,49.04,0.94,4,-1,-1
272,144,1173.60,610.89,61.46,95.58,0.93,7,-1,-1
272,147,745.99,149.94,18.73,40.48,0.90,1,-1,-1
272,67,895.12,287.30,22.70,29.97,0.86,1,-1,-1
273,4,462.06,407.50,82.97,107.61,1.00,4,-1,-1
273,9,560.92,193.08,106.54,215.58,0.94,6,-1,-1
273,11,589.85,415.38,122.25,220.24,1.00,6,-1,-1
273,31,320.30,306.48,121.62,79.74,1.00,5,-1,-1
273,32,773.44,288.10,127.16,164.41,1.00,6,-1,-1
273,35,832.82,179.50,87.76,54.38,1.00,4,-1,-1
273,36,427.62,185.52,101.92,52.30,0.96,4,-1,-1
273,38,757.43,129.58,84.86,50.07,1.00,5,-1,-1
273,43,752.08,68.52,34.83,34.27,0.99,4,-1,-1
273,54,677.43,226.46,87.21,153.91,1.00,6,-1,-1
273,50,945.13,337.80,144.99,66.74,1.00,4,-1,-1
273,42,674.73,44.97,55.58,67.46,0.98,6,-1,-1
273,45,615.12,107.29,53.63,67.36,0.86,8,-1,-1
273,101,420.97,122.40,79.38,46.42,0.97,4,-1,-1
273,104,588.95,62.18,59.71,33.64,0.98,4,-1,-1
273,110,570.60,87.20,47.46,34.86,0.98,4,-1,-1
273,126,620.22,84.08,46.12,34.22,0.99,4,-1,-1
273,127,518.00,80.76,60.45,54.73,0.85,8,-1,-1
273,130,220.66,457.65,28.92,62.36,0.95,1,-1,-1
273,44,559.62,118.41,52.79,68.63,0.96,4,-1,-1
273,135,414.50,163.82,90.32,48.66,0.95,4,-1,-1
273,144,1177.83,617.33,61.65,98.79,0.85,7,-1,-1
273,147,745.35,152.61,18.73,40.22,0.98,1,-1,-1
273,67,895.71,290.20,22.41,30.24,0.88,1,-1,-1
274,4,461.54,406.71,82.85,107.10,0.99,4,-1,-1
274,9,561.37,196.47,105.64,214.49,0.83,6,-1,-1
274,11,590.37,419.50,122.35,222.04,1.00,6,-1,-1
274,31,317.54,310.05,123.73,80.27,0.99,5,-1,-1
274,32,773.90,291.30,127.78,164.42,1.00,6,-1,-1
274,35,833.60,181.90,88.22,54.33,1.00,4,-1,-1
274,36,426.52,188.10,102.77,52.70,0.99,4,-1,-1
274,38,757.91,131.97,84.27,49.49,1.00,5,-1,-1
274,43,752.79,70.09,34.40,34.07,0.99,4,-1,-1
274,54,677.22,229.16,87.79,154.10,1.00,6,-1,-1
274,50,946.64,341.68,145.37,66.24,1.00,4,-1,-1
274,42,674.85,46.55,55.58,67.95,0.97,6,-1,-1
274,45,614.82,109.93,53.77,66.99,0.75,8,-1,-1
274,101,428.26,125.23,71.07,45.13,0.98,4,-1,-1
274,104,588.74,64.02,59.79,33.86,0.99,4,-1,-1
274,110,570.96,89.31,47.09,34.54,0.98,4,-1,-1
274,126,619.64,85.88,46.72,34.32,0.99,4,-1,-1
274,127,516.89,81.15,60.64,56.16,0.83,4,-1,-1
274,130,218.42,463.50,28.71,62.41,0.97,1,-1,-1
274,44,559.55,120.66,52.93,68.80,0.99,4,-1,-1
274,135,412.88,166.49,91.34,48.93,0.95,4,-1,-1
274,144,1181.99,623.51,61.67,102.74,0.92,7,-1,-1
274,147,744.93,155.70,18.14,39.83,0.98,1,-1,-1
274,67,897.04,293.08,22.29,30.62,0.37,1,-1,-1
275,4,461.06,405.61,82.82,106.76,0.99,4,-1,-1
275,9,562.08,199.59,104.75,215.10,0.93,6,-1,-1
275,11,590.01,423.92,122.96,224.87,1.00,6,-1,-1
275,31,315.12,313.79,125.63,80.71,1.00,5,-1,-1
275,32,774.30,294.25,128.85,166.04,1.00,6,-1,-1
275,35,834.38,183.87,88.39,55.00,1.00,4,-1,-1
275,36,424.81,190.64,103.79,52.11,0.99,4,-1,-1
275,38,758.02,133.76,84.60,49.67,1.00,5,-1,-1
275,43,752.69,71.22,35.38,34.98,0.99,4,-1,-1
275,54,677.66,231.68,87.46,154.68,1.00,6,-1,-1
275,50,948.26,345.85,145.48,65.71,0.98,4,-1,-1
275,42,674.54,48.16,56.15,68.23,0.95,6,-1,-1
275,45,614.93,112.14,53.83,67.54,0.47,8,-1,-1
275,101,428.98,127.32,70.25,45.49,0.98,4,-1,-1
275,104,588.88,65.57,59.25,34.07,0.97,4,-1,-1
275,110,571.04,91.07,46.39,34.22,0.98,4,-1,-1
275,126,619.64,87.73,46.94,34.81,0.97,4,-1,-1
275,127,517.55,84.24,60.71,55.09,0.73,4,-1,-1
275,130,215.97,468.89,28.64,62.41,0.96,1,-1,-1
275,44,559.47,122.79,52.98,68.84,0.98,4,-1,-1
275,135,415.22,168.50,88.75,47.73,0.95,4,-1,-1
275,144,1185.72,629.63,62.81,103.66,0.88,7,-1,-1
275,147,744.15,159.59,17.93,39.69,0.98,1,-1,-1
275,67,898.61,295.75,22.24,30.47,0.71,1,-1,-1
275,156,490.08,78.12,67.45,35.65,0.77,4,-1,-1
276,4,460.70,405.17,82.77,106.64,1.00,4,-1,-1
276,9,561.61,201.58,105.48,217.52,0.96,6,-1,-1
276,11,588.80,428.70,124.79,226.58,1.00,6,-1,-1
276,31,315.37,316.74,124.47,80.87,1.00,5,-1,-1
276,32,774.78,297.86,129.45,167.18,1.00,6,-1,-1
276,35,834.73,185.99,88.99,55.33,1.00,4,-1,-1
276,36,423.35,192.24,105.40,53.88,0.99,4,-1,-1
276,38,758.73,135.88,84.11,49.89,1.00,5,-1,-1
276,43,753.05,73.26,35.16,35.18,0.99,4,-1,-1
276,54,677.92,233.58,87.84,157.13,1.00,6,-1,-1
276,50,949.42,348.95,146.59,66.95,0.98,4,-1,-1
276,42,675.12,50.12,55.76,67.94,0.97,6,-1,-1
276,45,614.82,113.89,54.40,67.87,0.96,8,-1,-1
276,101,428.94,129.40,70.38,45.63,0.98,4,-1,-1
276,104,589.08,67.48,59.02,33.88,0.98,4,-1,-1
276,110,570.92,93.09,46.69,33.90,0.97,4,-1,-1
276,126,619.79,90.28,46.43,35.00,0.98,4,-1,-1
276,127,517.70,85.03,60.14,56.27,0.73,4,-1,-1
276,130,212.81,474.32,29.45,62.40,0.98,1,-1,-1
276,44,559.02,124.29,54.11,70.12,0.98,4,-1,-1
276,135,413.60,171.11,90.99,48.06,0.93,4,-1,-1
276,144,1189.73,636.34,63.19,106.74,0.74,7,-1,-1
276,147,744.27,163.88,17.27,38.64,0.96,1,-1,-1
276,67,899.21,298.74,23.35,30.69,0.48,1,-1,-1
276,156,488.84,79.18,69.57,36.11,0.62,4,-1,-1
277,4,459.98,404.55,83.34,105.89,1.00,4,-1,-1
277,9,561.41,204.19,105.76,218.38,0.96,6,-1,-1
277,11,587.22,433.14,126.61,228.84,1.00,6,-1,-1
277,31,314.79,319.41,124.15,81.76,1.00,5,-1,-1
277,32,774.64,301.17,131.06,167.14,1.00,6,-1,-1
277,35,835.09,187.99,90.06,55.65,1.00,4,-1,-1
277,36,423.62,194.14,105.17,53.68,0.95,4,-1,-1
277,38,758.68,136.91,85.05,51.24,0.98,5,-1,-1
277,43,753.69,75.40,35.08,34.61,0.98,4,-1,-1
277,54,677.69,235.71,88.55,158.58,1.00,6,-1,-1
277,50,951.48,352.18,145.86,67.39,0.99,4,-1,-1
277,42,675.01,51.90,55.62,67.66,0.99,6,-1,-1
277,45,614.46,115.43,54.61,68.41,0.96,8,-1,-1
277,101,429.17,131.86,69.30,44.96,0.99,4,-1,-1
277,104,588.26,69.13,60.08,34.08,0.99,4,-1,-1
277,110,570.55,94.66,47.38,34.20,0.98,4,-1,-1
277,126,620.09,92.23,46.24,34.75,0.97,4,-1,-1
277,127,518.57,89.53,58.78,53.74,0.90,4,-1,-1
277,130,209.78,479.29,29.41,62.39,0.97,1,-1,-1
277,44,558.82,126.65,53.97,69.33,0.99,4,-1,-1
277,135,412.85,173.61,91.38,49.23,0.94,4,-1,-1
277,144,1193.40,643.62,63.33,110.09,0.67,7,-1,-1
277,147,743.43,168.11,17.63,37.39,0.98,1,-1,-1
277,67,900.50,301.67,22.65,30.76,0.82,1,-1,-1
277,156,491.13,81.21,66.09,35.17,0.34,4,-1,-1
278,4,459.39,403.90,82.96,104.63,1.00,4,-1,-1
278,9,560.47,205.27,107.53,221.62,0.76,6,-1,-1
278,11,586.56,436.96,127.23,230.77,1.00,6,-1,-1
278,31,311.61,322.55,126.40,82.93,1.00,5,-1,-1
278,32,775.09,304.35,132.74,169.34,1.00,6,-1,-1
278,35,835.46,190.51,90.16,55.70,1.00,4,-1,-1
278,36,422.47,196.78,105.75,53.32,1.00,4,-1,-1
278,38,758.63,139.27,85.38,51.05,1.00,5,-1,-1
278,43,753.35,77.37,35.04,34.68,0.99,4,-1,-1
278,54,677.57,238.73,89.34,158.25,1.00,6,-1,-1
278,50,952.72,355.49,146.67,67.85,1.00,4,-1,-1
278,42,675.54,53.60,54.41,68.17,0.98,6,-1,-1
278,45,614.89,117.83,54.10,68.18,0.89,8,-1,-1
278,101,421.46,133.65,76.12,46.00,0.99,4,-1,-1
278,104,587.40,70.95,61.03,34.23,0.99,4,-1,-1
278,110,570.69,96.54,47.07,34.28,0.98,4,-1,-1
278,126,619.63,93.56,47.29,35.90,0.98,4,-1,-1
278,127,517.77,90.36,61.12,55.06,0.79,4,-1,-1
278,130,206.05,484.32,30.58,62.95,0.97,1,-1,-1
278,44,558.75,128.79,53.32,69.01,0.98,4,-1,-1
278,135,409.90,175.47,93.90,49.39,0.89,4,-1,-1
278,144,1197.92,650.50,63.34,109.68,0.96,7,-1,-1
278,147,742.83,172.00,17.18,36.80,0.94,1,-1,-1
278,67,901.47,304.45,22.36,31.07,0.95,1,-1,-1
278,156,490.72,82.52,66.20,36.07,0.13,4,-1,-1
278,157,516.97,90.08,60.62,55.50,0.70,4,-1,-1
278,158,614.73,118.46,54.64,67.88,0.80,6,-1,-1
279,4,458.99,403.15,82.25,103.73,1.00,4,-1,-1
279,9,560.47,208.90,107.06,221.93,0.89,6,-1,-1
279,11,587.26,441.12,127.44,232.95,1.00,6,-1,-1
279,31,308.29,325.66,128.78,83.63,1.00,5,-1,-1
279,32,775.31,306.88,134.47,172.23,1.00,6,-1,-1
279,35,836.19,192.62,89.62,55.92,1.00,4,-1,-1
279,36,421.43,198.90,106.09,54.29,0.99,4,-1,-1
279,38,758.66,141.35,86.05,51.24,1.00,5,-1,-1
279,43,753.54,79.16,35.02,34.70,0.98,4,-1,-1
279,54,677.30,241.38,89.63,158.92,1.00,6,-1,-1
279,50,953.76,359.03,148.08,68.00,0.99,4,-1,-1
279,42,675.50,55.19,55.67,68.11,1.00,6,-1,-1
279,45,615.11,120.01,53.90,67.50,0.85,8,-1,-1
279,101,425.41,135.46,72.20,45.96,0.98,4,-1,-1
279,104,587.13,72.71,61.38,34.35,0.98,4,-1,-1
279,110,569.95,98.25,47.52,34.59,0.97,4,-1,-1
279,126,619.52,94.73,48.24,36.35,0.98,4,-1,-1
279,127,516.42,89.77,63.10,58.21,0.68,4,-1,-1
279,130,203.14,489.64,30.73,62.59,0.98,1,-1,-1
279,44,558.50,130.80,53.64,69.16,0.98,4,-1,-1
279,135,409.73,177.23,93.15,50.49,0.94,4,-1,-1
279,144,1201.82,656.94,64.46,106.63,0.85,7,-1,-1
279,147,741.81,175.29,17.03,36.01,0.97,1,-1,-1
279,67,902.43,307.26,22.25,31.18,0.88,1,-1,-1
279,158,614.32,120.44,55.38,67.60,0.90,6,-1,-1
279,159,902.46,307.58,22.20,30.74,0.72,1,-1,-1
280,4,458.74,403.31,81.43,102.28,1.00,4,-1,-1
280,9,559.82,211.64,107.46,226.31,0.98,6,-1,-1
280,11,586.04,445.78,128.65,237.11,1.00,6,-1,-1
280,31,305.68,328.97,130.25,83.88,0.99,5,-1,-1
280,32,776.16,309.81,134.84,172.75,1.00,6,-1,-1
280,35,836.68,194.78,90.27,56.35,1.00,4,-1,-1
280,36,420.94,201.28,105.94,54.09,0.98,4,-1,-1
280,38,759.16,143.43,86.31,51.45,1.00,5,-1,-1
280,43,753.53,81.27,35.02,34.43,0.98,4,-1,-1
280,54,677.39,243.81,89.75,161.13,1.00,6,-1,-1
280,50,954.08,361.77,149.75,69.18,1.00,4,-1,-1
280,42,675.39,57.01,56.14,68.58,0.99,6,-1,-1
280,45,614.81,122.27,54.41,67.53,0.44,8,-1,-1
280,101,420.77,136.80,76.48,46.94,0.98,4,-1,-1
280,104,587.49,74.63,60.95,34.11,0.98,4,-1,-1
280,110,569.86,100.01,47.70,35.17,0.98,4,-1,-1
280,126,619.67,96.82,48.05,35.68,0.99,4,-1,-1
280,127,514.68,90.29,62.74,59.95,0.67,4,-1,-1
280,130,200.01,494.44,31.22,63.59,0.99,1,-1,-1
280,44,558.32,133.27,53.20,69.36,0.99,4,-1,-1
280,135,407.46,179.19,95.54,50.90,0.97,4,-1,-1
280,144,1206.00,663.23,64.89,101.99,0.85,7,-1,-1
280,147,739.94,177.90,17.56,36.33,0.93,1,-1,-1
280,67,903.27,310.72,22.21,30.94,0.79,1,-1,-1
280,158,614.49,122.19,54.89,68.22,0.95,6,-1,-1
281,4,459.07,402.78,79.99,101.20,1.00,4,-1,-1
281,9,559.43,214.47,107.60,226.33,0.92,6,-1,-1
281,11,584.87,449.65,130.20,238.66,1.00,6,-1,-1
281,31,306.96,332.05,127.98,83.40,1.00,5,-1,-1
281,32,777.19,313.05,134.93,173.75,1.00,6,-1,-1
281,35,837.00,196.98,90.51,57.01,0.99,4,-1,-1
281,36,419.64,203.48,106.58,54.86,0.99,4,-1,-1
281,38,759.22,145.53,86.39,51.11,1.00,5,-1,-1
281,43,753.68,83.11,35.58,33.83,0.99,4,-1,-1
281,54,677.85,247.43,89.78,161.68,1.00,6,-1,-1
281,50,955.43,364.94,150.36,69.90,0.99,4,-1,-1
281,42,675.79,58.75,56.32,69.75,0.97,6,-1,-1
281,101,421.34,138.90,75.37,46.46,0.99,4,-1,-1
281,104,588.07,76.15,60.22,34.38,0.99,4,-1,-1
281,110,569.12,102.10,48.91,34.86,0.98,4,-1,-1
281,126,619.31,98.33,47.96,35.45,0.98,4,-1,-1
281,127,514.72,92.48,63.14,59.37,0.61,4,-1,-1
281,130,196.89,499.43,31.53,64.53,0.99,1,-1,-1
281,44,557.83,135.37,53.60,69.86,0.99,4,-1,-1
281,135,405.93,181.15,96.42,51.55,0.97,4,-1,-1
281,144,1209.30,669.93,66.16,96.75,0.55,7,-1,-1
281,147,738.29,180.30,18.33,38.62,0.99,1,-1,-1
282,4,458.55,400.62,80.04,102.82,1.00,4,-1,-1
282,9,558.61,215.43,108.23,233.33,0.71,6,-1,-1
282,11,583.52,454.06,131.91,239.67,0.99,6,-1,-1
282,31,304.76,335.13,129.05,83.73,1.00,5,-1,-1
282,32,778.56,315.71,134.38,175.31,1.00,6,-1,-1
282,35,837.50,199.28,90.59,57.51,0.99,4,-1,-1
282,36,419.07,205.70,106.80,54.83,0.99,4,-1,-1
282,38,759.37,147.76,86.41,50.95,1.00,5,-1,-1
282,43,753.56,84.40,35.80,34.45,0.99,4,-1,-1
282,54,677.89,249.85,89.79,162.65,1.00,6,-1,-1
282,50,956.89,368.65,150.56,69.85,0.99,4,-1,-1
282,42,674.65,60.23,57.52,69.81,1.00,6,-1,-1
282,101,418.94,141.53,77.45,45.97,0.97,4,-1,-1
282,104,587.30,78.12,60.50,34.53,0.99,4,-1,-1
282,110,567.86,104.29,49.92,34.73,0.98,4,-1,-1
282,126,619.60,100.40,47.35,35.60,0.98,4,-1,-1
282,127,515.75,96.15,62.16,57.55,0.74,4,-1,-1
282,130,193.31,504.85,32.56,64.86,0.99,1,-1,-1
282,44,557.80,137.48,53.75,70.03,0.98,4,-1,-1
282,135,405.41,183.99,96.58,50.92,0.98,4,-1,-1
282,144,1213.11,676.03,66.63,90.70,0.60,7,-1,-1
282,147,736.14,183.37,19.18,40.71,0.98,1,-1,-1
282,160,515.69,96.64,64.03,57.47,0.85,8,-1,-1
282,156,489.65,89.24,64.97,36.72,0.56,4,-1,-1
282,45,614.43,125.81,55.35,68.59,0.99,8,-1,-1
282,67,904.40,316.07,22.23,30.84,0.56,1,-1,-1
283,4,458.17,399.61,80.05,102.43,1.00,4,-1,-1
283,9,556.98,216.11,110.68,234.92,0.65,6,-1,-1
283,11,583.35,459.18,133.04,241.08,0.99,6,-1,-1
283,31,300.99,338.63,131.67,84.41,1.00,5,-1,-1
283,32,779.95,318.55,134.94,177.25,1.00,6,-1,-1
283,35,838.01,201.48,90.87,57.98,1.00,4,-1,-1
283,36,419.98,208.17,105.58,54.32,0.98,4,-1,-1
283,38,760.33,150.29,86.38,50.89,1.00,5,-1,-1
283,43,754.15,86.49,35.30,34.79,0.98,4,-1,-1
283,54,677.69,253.32,90.32,162.41,1.00,6,-1,-1
283,50,958.53,372.74,151.70,70.11,0.95,4,-1,-1
283,42,674.87,62.00,57.38,70.25,0.99,6,-1,-1
283,101,419.03,143.68,76.80,46.21,0.98,4,-1,-1
283,104,587.11,79.82,60.59,34.70,0.99,4,-1,-1
283,110,568.61,106.27,49.17,34.78,0.98,4,-1,-1
283,126,619.81,103.06,47.11,35.41,0.98,4,-1,-1
283,127,515.42,98.03,62.32,58.40,0.64,4,-1,-1
283,130,189.83,510.82,33.70,64.97,0.98,1,-1,-1
283,44,557.05,139.31,54.92,70.65,0.98,4,-1,-1
283,135,406.64,186.07,95.04,50.24,0.97,4,-1,-1
283,144,1216.60,682.31,67.89,83.79,0.39,7,-1,-1
283,147,734.30,187.83,19.50,40.34,0.97,1,-1,-1
283,156,487.73,91.67,65.55,35.89,0.52,4,-1,-1
283,45,614.91,128.25,54.40,67.51,0.67,8,-1,-1
283,67,906.21,318.90,22.24,31.68,0.24,1,-1,-1
283,161,372.47,62.86,64.03,35.54,0.80,4,-1,-1
283,162,614.31,128.07,54.64,67.88,0.95,6,-1,-1
284,4,457.95,399.41,78.95,101.16,1.00,4,-1,-1
284,9,558.25,222.42,108.83,234.75,0.87,6,-1,-1
284,11,581.85,464.21,134.61,243.25,1.00,6,-1,-1
284,31,301.60,342.56,129.02,84.93,1.00,5,-1,-1
284,32,780.68,322.70,136.02,178.23,1.00,6,-1,-1
284,35,838.69,204.00,91.55,58.14,1.00,4,-1,-1
284,36,419.24,211.21,105.83,54.03,1.00,4,-1,-1
284,38,760.90,152.73,86.38,51.28,1.00,5,-1,-1
284,43,754.57,88.28,35.11,35.13,0.98,4,-1,-1
284,54,677.81,256.05,90.54,163.70,1.00,6,-1,-1
284,50,959.66,376.22,152.14,70.74,0.98,4,-1,-1
284,42,674.85,64.17,57.34,70.26,0.99,6,-1,-1
284,101,421.52,146.67,73.71,45.16,0.98,4,-1,-1
284,104,587.21,82.26,60.07,33.83,0.98,4,-1,-1
284,110,568.52,108.17,48.88,34.94,0.97,4,-1,-1
284,126,619.21,104.29,47.59,36.75,0.97,4,-1,-1
284,127,514.90,101.74,61.83,56.59,0.91,4,-1,-1
284,130,186.05,517.34,34.35,65.01,0.99,1,-1,-1
284,44,556.94,141.30,54.25,71.30,0.98,4,-1,-1
284,135,409.02,188.89,91.04,48.97,0.96,4,-1,-1
284,144,1220.67,689.04,67.25,76.59,0.54,7,-1,-1
284,147,733.27,192.48,19.07,38.48,0.99,1,-1,-1
284,156,488.77,93.68,64.57,35.42,0.26,4,-1,-1
284,45,614.43,130.10,55.21,68.97,0.82,8,-1,-1
284,67,906.24,322.06,23.39,31.69,0.33,1,-1,-1
284,161,369.52,65.24,62.06,34.03,0.55,4,-1,-1
285,4,457.82,399.24,78.55,99.70,1.00,4,-1,-1
285,9,557.56,226.47,109.23,233.75,0.62,6,-1,-1
285,11,581.52,468.23,135.74,248.49,0.99,6,-1,-1
285,31,299.31,345.92,129.66,85.95,1.00,5,-1,-1
285,32,780.02,326.01,137.80,180.66,1.00,6,-1,-1
285,35,838.85,206.93,91.80,58.11,1.00,4,-1,-1
285,36,418.92,214.42,105.35,54.48,0.99,4,-1,-1
285,38,760.46,155.08,86.93,51.70,0.99,5,-1,-1
285,43,754.36,90.50,35.61,35.21,0.99,4,-1,-1
285,54,678.07,258.27,90.62,165.85,1.00,6,-1,-1
285,50,960.53,379.95,153.40,70.96,0.97,4,-1,-1
285,42,674.49,66.58,57.88,70.32,1.00,6,-1,-1
285,101,428.06,149.15,66.62,44.91,0.98,4,-1,-1
285,104,586.91,84.45,60.44,34.68,0.97,4,-1,-1
285,110,568.14,110.33,49.33,35.00,0.97,4,-1,-1
285,126,619.49,106.86,47.20,36.51,0.96,4,-1,-1
285,127,514.93,105.39,62.77,55.73,0.96,4,-1,-1
285,130,182.06,523.57,35.35,66.14,0.99,1,-1,-1
285,44,556.57,143.63,53.98,71.53,0.96,4,-1,-1
285,135,407.88,191.95,91.81,50.27,0.98,4,-1,-1
285,144,1222.57,694.95,70.37,70.55,0.37,7,-1,-1
285,147,731.16,196.32,20.03,38.70,0.99,1,-1,-1
285,156,488.54,95.58,66.54,35.40,0.45,4,-1,-1
285,45,614.46,132.73,54.94,68.66,0.78,8,-1,-1
285,161,367.85,67.87,64.01,32.82,0.86,4,-1,-1
286,4,457.33,399.03,78.97,99.02,1.00,4,-1,-1
286,9,558.84,236.39,107.63,232.70,0.81,6,-1,-1
286,11,582.35,473.50,135.53,248.14,1.00,6,-1,-1
286,31,296.52,349.59,132.12,85.75,1.00,5,-1,-1
286,32,780.37,329.98,137.86,179.82,1.00,6,-1,-1
286,35,838.95,209.62,92.43,58.72,0.99,4,-1,-1
286,36,416.83,217.25,106.99,54.64,0.99,4,-1,-1
286,38,760.37,157.76,87.11,51.57,0.99,5,-1,-1
286,43,753.78,93.30,36.36,35.38,0.98,4,-1,-1
286,54,678.25,260.86,91.17,167.45,1.00,6,-1,-1
286,50,961.97,383.93,153.82,71.16,0.99,4,-1,-1
286,42,675.01,69.03,56.93,69.90,0.97,6,-1,-1
286,101,427.25,150.95,67.37,45.52,0.97,4,-1,-1
286,104,586.91,87.16,61.13,34.21,0.98,4,-1,-1
286,110,568.11,113.17,48.36,35.16,0.98,4,-1,-1
286,126,619.13,109.44,47.61,36.41,0.98,4,-1,-1
286,127,513.10,104.90,65.35,58.84,0.80,4,-1,-1
286,130,178.00,531.03,36.54,63.74,0.98,1,-1,-1
286,44,556.26,146.79,54.43,70.75,0.99,4,-1,-1
286,135,407.46,194.16,91.64,50.88,0.97,4,-1,-1
286,144,1225.38,701.47,71.50,63.74,0.29,7,-1,-1
286,147,729.91,200.86,19.27,40.27,0.99,1,-1,-1
286,156,485.45,96.02,68.37,38.14,0.60,4,-1,-1
286,45,614.30,136.03,54.81,68.23,0.88,8,-1,-1
286,161,366.29,70.23,66.91,32.76,0.96,4,-1,-1
286,163,525.51,89.06,51.23,36.02,0.69,4,-1,-1
286,164,613.88,136.29,55.50,68.73,0.95,6,-1,-1
287,4,457.39,399.01,78.57,98.79,0.99,4,-1,-1
287,9,556.71,231.71,110.46,241.15,0.76,6,-1,-1
287,11,581.24,480.44,135.99,247.33,0.99,6,-1,-1
287,31,296.18,353.72,132.19,85.92,1.00,5,-1,-1
287,32,780.16,333.20,139.27,182.11,1.00,6,-1,-1
287,35,839.20,212.73,92.38,58.16,1.00,4,-1,-1
287,36,416.71,220.10,106.89,54.97,1.00,4,-1,-1
287,38,760.83,160.68,86.61,50.80,0.99,5,-1,-1
287,43,753.78,95.14,36.64,35.58,0.97,4,-1,-1
287,54,677.98,264.29,91.95,167.45,0.99,6,-1,-1
287,50,962.99,387.69,153.96,71.36,0.98,4,-1,-1
287,42,674.86,71.49,57.14,70.12,0.99,6,-1,-1
287,101,429.07,154.20,64.90,45.04,0.97,4,-1,-1
287,104,586.56,89.47,60.82,33.60,0.98,4,-1,-1
287,110,566.62,115.60,49.70,35.21,0.98,4,-1,-1
287,126,618.65,111.84,47.77,36.36,0.98,4,-1,-1
287,127,512.35,106.16,64.66,60.00,0.82,4,-1,-1
287,130,172.98,537.37,40.30,64.51,0.98,1,-1,-1
287,44,556.10,149.13,54.60,71.72,0.99,4,-1,-1
287,135,406.13,197.27,93.58,51.74,0.96,4,-1,-1
287,144,1229.11,709.13,73.03,56.05,0.43,7,-1,-1
287,147,728.31,205.97,18.96,39.73,0.97,1,-1,-1
287,156,502.62,103.22,64.52,52.66,0.87,6,-1,-1
287,45,613.33,138.55,55.89,68.48,0.71,8,-1,-1
287,161,365.34,72.43,65.91,32.27,0.95,4,-1,-1
287,163,523.90,91.91,54.01,35.41,0.56,4,-1,-1
287,67,908.31,332.45,22.47,32.04,0.51,1,-1,-1
288,4,456.99,398.76,79.01,98.58,1.00,4,-1,-1
288,9,557.73,235.91,109.26,241.46,0.87,6,-1,-1
288,11,579.56,484.46,138.39,252.01,0.99,6,-1,-1
288,31,293.85,357.58,133.32,86.52,1.00,5,-1,-1
288,32,780.74,337.12,139.78,183.62,1.00,6,-1,-1
288,35,839.66,215.38,92.07,58.36,1.00,4,-1,-1
288,36,416.53,222.52,106.85,55.08,1.00,4,-1,-1
288,38,760.25,163.20,87.54,51.36,1.00,5,-1,-1
288,43,754.16,97.23,36.17,35.68,0.98,4,-1,-1
288,54,678.27,268.32,91.68,167.96,1.00,6,-1,-1
288,50,964.57,391.09,153.98,72.25,0.99,4,-1,-1
288,42,674.63,73.39,57.21,70.44,1.00,6,-1,-1
288,101,428.24,156.93,65.62,44.86,0.98,4,-1,-1
288,104,586.26,91.79,61.27,34.29,0.99,4,-1,-1
288,110,566.74,118.23,50.19,34.94,0.99,4,-1,-1
288,126,618.58,114.61,47.82,36.05,0.97,4,-1,-1
288,127,511.62,107.54,64.36,61.52,0.64,4,-1,-1
288,130,169.43,544.53,41.47,62.52,0.97,1,-1,-1
288,44,555.59,151.66,55.23,71.65,0.98,4,-1,-1
288,135,405.77,199.87,93.73,50.99,0.96,4,-1,-1
288,144,1233.32,715.49,73.59,49.37,0.23,6,-1,-1
288,147,726.44,210.47,18.28,39.65,0.99,1,-1,-1
288,156,510.05,106.94,65.33,57.99,0.72,4,-1,-1
288,45,613.36,140.37,55.73,68.56,0.68,8,-1,-1
288,161,366.62,74.29,66.68,33.16,0.93,4,-1,-1
288,163,526.19,94.15,50.67,34.79,0.45,4,-1,-1
288,67,909.82,335.96,23.47,32.06,0.55,1,-1,-1
289,4,456.80,398.09,78.58,98.11,1.00,4,-1,-1
289,9,557.56,238.54,108.71,246.97,0.92,6,-1,-1
289,11,578.30,488.47,140.87,254.28,0.99,6,-1,-1
289,31,292.59,360.11,133.41,88.17,1.00,5,-1,-1
289,32,781.44,339.11,139.88,187.40,1.00,6,-1,-1
289,35,839.79,218.28,91.91,57.94,0.99,4,-1,-1
289,36,415.08,225.29,108.49,55.14,0.99,4,-1,-1
289,38,760.30,165.33,87.86,51.86,1.00,5,-1,-1
289,43,754.31,99.72,36.55,36.50,0.98,4,-1,-1
289,54,678.34,271.18,92.07,169.11,1.00,6,-1,-1
289,50,965.60,394.46,155.06,72.61,0.99,4,-1,-1
289,42,675.12,75.75,56.08,69.75,0.99,6,-1,-1
289,101,425.66,158.99,67.89,45.52,0.99,4,-1,-1
289,104,585.89,93.74,61.42,34.35,0.98,4,-1,-1
289,110,566.82,120.37,49.79,34.99,0.98,4,-1,-1
289,126,618.86,117.17,47.82,35.79,0.99,4,-1,-1
289,127,513.09,111.35,63.65,59.73,0.87,4,-1,-1
289,130,164.86,551.29,42.84,60.04,0.98,1,-1,-1
289,44,554.85,153.46,56.00,72.82,0.96,4,-1,-1
289,135,405.10,202.50,93.47,50.36,0.94,4,-1,-1
289,144,1236.28,721.23,73.75,43.09,0.23,7,-1,-1
289,147,723.76,214.06,18.59,40.90,0.99,1,-1,-1
289,156,497.55,106.57,64.46,45.95,0.74,4,-1,-1
289,45,612.82,142.06,56.20,70.29,0.97,8,-1,-1
289,161,367.00,76.08,66.58,34.23,0.89,4,-1,-1
289,163,527.14,96.69,49.47,34.41,0.71,4,-1,-1
289,67,910.25,339.51,23.78,31.50,0.69,1,-1,-1
290,4,456.77,397.07,78.45,96.95,1.00,4,-1,-1
290,9,555.25,236.55,111.37,248.43,0.57,6,-1,-1
290,11,578.17,492.82,141.26,252.82,0.98,6,-1,-1
290,31,290.35,362.00,134.56,88.77,1.00,5,-1,-1
290,32,782.58,341.72,140.75,188.36,1.00,6,-1,-1
290,35,840.41,219.72,91.86,57.77,1.00,4,-1,-1
290,36,413.44,226.72,110.24,55.14,1.00,4,-1,-1
290,38,760.34,166.21,88.55,52.18,1.00,5,-1,-1
290,43,754.37,100.11,36.69,37.15,0.98,4,-1,-1
290,54,678.68,272.89,92.23,169.51,1.00,6,-1,-1
290,50,965.99,397.29,156.59,72.86,0.88,4,-1,-1
290,42,675.60,76.49,55.66,69.65,1.00,6,-1,-1
290,101,424.28,160.16,68.61,45.76,0.99,4,-1,-1
290,104,586.04,94.55,61.48,34.33,0.98,4,-1,-1
290,110,566.87,121.00,49.64,35.14,0.97,4,-1,-1
290,126,618.40,118.23,47.83,35.55,0.99,4,-1,-1
290,127,512.24,111.88,62.81,60.13,0.84,4,-1,-1
290,130,161.91,557.26,42.94,54.49,0.94,1,-1,-1
290,44,554.59,154.02,56.30,73.46,0.98,6,-1,-1
290,135,402.75,204.17,95.50,51.24,0.96,4,-1,-1
290,147,721.15,216.77,18.70,42.13,0.98,1,-1,-1
290,156,492.75,107.17,64.14,39.38,0.48,4,-1,-1
290,45,613.20,142.79,55.81,70.78,0.63,8,-1,-1
290,161,366.72,76.59,66.51,34.31,0.87,4,-1,-1
290,163,529.35,97.86,47.23,33.98,0.91,4,-1,-1
291,4,456.74,395.26,77.82,97.10,1.00,4,-1,-1
291,9,555.20,238.61,111.20,249.56,0.92,6,-1,-1
291,11,576.71,493.96,142.45,256.08,0.99,6,-1,-1
291,31,289.01,364.52,135.24,88.12,0.99,5,-1,-1
291,32,782.35,344.11,141.60,187.37,1.00,6,-1,-1
291,35,840.83,220.86,92.10,57.98,1.00,4,-1,-1
291,36,413.53,227.87,109.61,54.28,0.99,4,-1,-1
291,38,760.27,167.16,88.78,52.08,1.00,5,-1,-1
291,43,754.60,100.54,36.17,37.39,0.99,4,-1,-1
291,54,678.46,273.84,92.83,170.86,1.00,6,-1,-1
291,50,967.11,399.04,157.12,73.49,0.93,4,-1,-1
291,42,675.72,77.21,55.49,69.46,0.99,6,-1,-1
291,101,428.00,161.08,64.35,45.28,0.99,4,-1,-1
291,104,585.78,94.96,62.05,34.35,0.98,4,-1,-1
291,110,566.29,121.51,50.14,35.34,0.98,4,-1,-1
291,126,618.47,118.84,47.82,36.17,0.99,4,-1,-1
291,127,512.48,114.27,60.77,58.43,0.92,4,-1,-1
291,130,158.22,562.03,43.77,56.04,0.92,1,-1,-1
291,44,554.19,154.79,56.39,73.32,0.99,6,-1,-1
291,135,401.32,205.54,96.24,51.28,0.97,4,-1,-1
291,147,719.02,220.59,18.18,42.59,0.92,1,-1,-1
291,156,488.07,107.30,66.30,37.00,0.68,4,-1,-1
291,45,612.74,143.56,56.21,70.95,0.84,8,-1,-1
291,161,368.68,77.22,63.81,33.38,0.91,4,-1,-1
291,163,525.15,98.57,51.11,34.37,0.44,4,-1,-1
291,165,525.51,46.26,143.44,65.58,0.92,6,-1,-1
292,4,456.69,393.53,77.06,96.35,1.00,4,-1,-1
292,9,554.33,238.62,111.74,252.37,0.98,6,-1,-1
292,11,576.72,497.98,143.48,256.77,0.99,6,-1,-1
292,31,288.88,367.12,134.38,87.30,1.00,5,-1,-1
292,32,782.29,345.51,142.50,189.24,1.00,6,-1,-1
292,35,841.04,221.63,92.21,58.63,1.00,4,-1,-1
292,36,412.11,228.37,110.23,54.24,1.00,4,-1,-1
292,38,760.56,168.06,88.89,51.69,0.99,5,-1,-1
292,43,754.71,101.17,35.97,37.06,0.99,4,-1,-1
292,54,678.38,275.66,93.08,171.25,1.00,6,-1,-1
292,50,968.17,401.45,157.34,73.03,0.99,4,-1,-1
292,42,675.77,77.65,55.45,69.55,0.98,6,-1,-1
292,101,431.56,162.05,60.27,44.68,0.99,4,-1,-1
292,104,585.66,94.99,61.72,34.40,0.98,4,-1,-1
292,110,565.48,122.18,50.34,34.99,0.98,4,-1,-1
292,126,618.21,119.39,47.83,35.98,0.99,4,-1,-1
292,127,512.25,114.17,60.02,58.06,0.73,4,-1,-1
292,130,155.04,567.70,43.66,54.86,0.88,1,-1,-1
292,44,554.01,155.21,56.44,73.49,0.99,6,-1,-1
292,135,403.82,206.06,93.16,50.38,0.95,4,-1,-1
292,147,717.18,224.16,17.99,41.37,0.99,1,-1,-1
292,156,503.47,111.63,62.61,52.46,0.88,4,-1,-1
292,45,612.28,144.89,56.94,70.59,0.97,8,-1,-1
292,161,367.43,77.65,64.28,33.54,0.94,4,-1,-1
292,163,526.17,98.74,50.56,34.02,0.92,4,-1,-1
292,165,528.38,46.18,142.89,65.67,0.90,6,-1,-1
293,4,456.53,391.66,77.35,95.65,1.00,4,-1,-1
293,9,556.11,238.31,111.91,250.53,0.89,6,-1,-1
293,11,576.04,500.20,144.94,258.05,0.98,6,-1,-1
293,31,286.93,368.42,136.00,88.24,1.00,5,-1,-1
293,32,783.19,346.65,143.65,190.29,0.99,6,-1,-1
293,35,842.03,222.29,91.96,59.15,1.00,4,-1,-1
293,36,411.32,229.50,110.29,54.51,1.00,4,-1,-1
293,38,761.05,168.87,88.90,51.75,0.99,5,-1,-1
293,43,754.84,101.85,35.90,36.88,0.99,4,-1,-1
293,54,678.46,276.71,93.72,171.76,1.00,6,-1,-1
293,50,969.16,402.68,158.51,74.38,1.00,4,-1,-1
293,42,675.60,78.45,56.01,69.57,0.99,6,-1,-1
293,101,432.36,162.31,59.41,45.31,0.99,4,-1,-1
293,104,585.74,94.88,62.14,34.95,0.98,4,-1,-1
293,110,565.31,122.56,50.96,35.28,0.99,4,-1,-1
293,126,618.51,119.58,47.82,36.47,0.98,4,-1,-1
293,127,511.44,114.32,62.04,59.63,0.89,4,-1,-1
293,130,152.37,572.13,42.89,52.12,0.94,1,-1,-1
293,44,553.52,155.84,57.01,73.60,0.99,6,-1,-1
293,135,404.68,206.34,91.94,50.17,0.95,4,-1,-1
293,147,715.52,226.26,18.49,42.29,0.97,1,-1,-1
293,156,509.08,113.52,62.89,58.76,0.92,4,-1,-1
293,45,611.94,145.52,57.20,70.86,0.94,8,-1,-1
293,161,366.98,77.94,64.72,33.24,0.96,4,-1,-1
293,163,522.82,98.77,54.53,34.80,0.87,4,-1,-1
293,165,531.29,47.32,141.47,64.15,0.96,6,-1,-1
293,166,912.71,345.57,23.91,32.02,0.70,2,-1,-1
293,67,913.48,345.57,23.94,32.00,0.73,1,-1,-1
294,4,456.68,390.57,76.33,94.13,0.99,4,-1,-1
294,9,556.16,238.10,111.96,251.70,0.91,6,-1,-1
294,11,575.72,503.98,144.89,256.21,0.98,6,-1,-1
294,31,286.17,369.78,135.74,89.29,1.00,5,-1,-1
294,32,784.01,348.52,144.61,191.91,1.00,6,-1,-1
294,35,842.32,222.75,92.99,59.62,1.00,4,-1,-1
294,36,411.11,230.41,109.87,54.89,1.00,4,-1,-1
294,38,760.87,169.45,89.47,51.98,0.99,5,-1,-1
294,43,755.10,102.23,36.44,36.85,0.99,4,-1,-1
294,54,678.69,278.14,93.38,172.77,1.00,6,-1,-1
294,50,970.55,404.71,158.92,74.88,0.99,4,-1,-1
294,42,675.47,78.97,56.21,69.58,0.99,6,-1,-1
294,101,430.95,162.62,59.88,46.11,0.99,4,-1,-1
294,104,585.14,94.78,62.87,35.71,0.98,4,-1,-1
294,110,566.02,122.84,50.07,35.53,0.99,4,-1,-1
294,126,617.99,120.08,48.39,36.51,0.97,4,-1,-1
294,127,510.51,113.62,62.79,61.05,0.91,4,-1,-1
294,130,149.51,576.39,42.97,55.29,0.95,1,-1,-1
294,44,553.27,156.08,57.21,74.13,0.97,6,-1,-1
294,135,406.37,206.58,89.78,49.73,0.94,4,-1,-1
294,147,713.47,229.17,18.68,44.03,0.96,1,-1,-1
294,45,612.32,146.39,56.72,70.52,0.68,8,-1,-1
294,161,365.61,78.13,64.88,33.27,0.97,4,-1,-1
294,163,524.98,98.96,52.51,35.48,0.86,4,-1,-1
294,165,534.31,48.22,140.93,64.16,0.93,6,-1,-1
294,67,914.34,347.13,23.94,32.35,0.19,1,-1,-1
295,4,456.82,388.33,75.97,94.15,1.00,4,-1,-1
295,9,554.83,239.91,112.00,254.75,0.98,6,-1,-1
295,11,574.87,506.50,145.42,256.00,0.97,6,-1,-1
295,31,284.88,371.18,136.76,90.22,1.00,5,-1,-1
295,32,783.80,350.62,145.53,193.03,1.00,6,-1,-1
295,35,842.18,223.91,93.66,59.50,0.99,4,-1,-1
295,36,410.55,231.37,110.27,55.58,1.00,4,-1,-1
295,38,760.85,169.77,89.67,52.55,0.99,5,-1,-1
295,43,755.23,102.59,36.64,36.65,0.99,4,-1,-1
295,54,679.12,279.54,93.26,173.11,1.00,6,-1,-1
295,50,972.23,406.57,159.06,74.75,0.99,4,-1,-1
295,42,675.16,79.35,56.87,70.00,0.99,6,-1,-1
295,101,430.03,163.65,60.51,45.70,0.99,4,-1,-1
295,104,584.95,95.26,63.14,35.89,0.98,4,-1,-1
295,110,565.21,123.36,50.86,35.62,0.99,4,-1,-1
295,126,617.55,120.18,49.17,36.94,0.97,4,-1,-1
295,127,510.50,113.98,64.77,61.99,0.82,4,-1,-1
295,130,147.93,579.93,42.57,55.81,0.95,1,-1,-1
295,44,552.67,156.79,57.85,74.31,0.98,6,-1,-1
295,135,404.18,207.09,92.43,51.05,0.93,4,-1,-1
295,147,711.12,232.90,18.75,44.41,0.98,1,-1,-1
295,45,612.23,146.49,57.10,71.09,0.86,8,-1,-1
295,161,364.86,78.75,64.65,32.80,0.97,4,-1,-1
295,163,518.63,99.45,58.10,36.02,0.79,4,-1,-1
295,165,533.60,48.21,144.66,65.06,0.89,6,-1,-1
295,67,914.70,348.53,25.08,32.18,0.98,1,-1,-1
295,167,510.14,114.09,66.60,61.05,0.79,4,-1,-1
296,4,456.83,386.64,75.27,93.35,1.00,4,-1,-1
296,9,555.46,239.52,111.97,254.33,0.92,6,-1,-1
296,11,574.53,509.56,146.12,253.65,0.95,6,-1,-1
296,31,282.15,372.67,139.10,91.42,0.99,5,-1,-1
296,32,784.55,352.18,146.68,194.56,1.00,6,-1,-1
296,35,842.98,225.14,94.19,59.18,0.99,4,-1,-1
296,36,410.35,231.89,109.85,55.86,0.99,4,-1,-1
296,38,760.86,170.02,90.31,53.13,1.00,5,-1,-1
296,43,755.31,102.69,36.71,36.75,0.99,4,-1,-1
296,54,678.99,280.68,93.75,173.66,1.00,6,-1,-1
296,50,973.40,407.91,159.09,75.14,0.99,4,-1,-1
296,42,675.36,79.76,57.11,70.03,1.00,6,-1,-1
296,101,429.25,163.99,60.92,45.83,0.99,4,-1,-1
296,104,584.91,95.85,63.23,35.89,0.99,4,-1,-1
296,110,564.93,123.74,51.15,35.80,0.98,4,-1,-1
296,126,617.97,120.69,48.89,36.83,0.98,4,-1,-1
296,127,510.23,114.15,64.95,61.38,0.94,4,-1,-1
296,130,145.96,583.23,42.81,57.75,0.97,1,-1,-1
296,44,552.18,157.10,58.64,74.67,0.99,6,-1,-1
296,135,404.23,207.79,92.84,50.37,0.91,4,-1,-1
296,147,708.62,236.14,18.78,44.26,0.97,1,-1,-1
296,45,612.21,146.78,57.23,71.45,0.96,8,-1,-1
296,161,364.02,79.06,66.56,32.64,0.98,4,-1,-1
296,163,521.10,100.06,55.65,36.40,0.79,4,-1,-1
296,165,533.62,48.95,147.71,64.59,0.99,6,-1,-1
296,67,914.83,349.98,25.50,32.11,0.71,1,-1,-1
296,168,914.41,349.63,25.61,32.44,0.86,1,-1,-1
296,169,1057.00,259.55,20.49,37.57,0.71,1,-1,-1
297,4,457.15,385.60,74.44,91.78,0.99,4,-1,-1
297,9,556.01,247.47,110.23,254.34,0.95,6,-1,-1
297,11,574.70,511.07,146.31,254.95,0.98,6,-1,-1
297,31,279.95,373.94,140.21,92.41,1.00,5,-1,-1
297,32,784.79,354.05,147.62,193.94,1.00,6,-1,-1
297,35,843.52,225.81,94.08,59.33,1.00,4,-1,-1
297,36,409.91,232.71,110.09,55.68,0.99,4,-1,-1
297,38,761.40,170.49,89.95,53.20,1.00,5,-1,-1
297,43,755.60,103.32,36.16,36.43,0.99,4,-1,-1
297,54,679.21,281.71,93.91,174.23,1.00,6,-1,-1
297,50,974.30,409.69,160.18,75.26,1.00,4,-1,-1
297,42,675.43,79.95,57.19,70.45,0.99,6,-1,-1
297,101,428.41,164.33,61.66,45.88,0.99,4,-1,-1
297,104,584.91,96.42,63.25,35.64,0.99,4,-1,-1
297,110,565.69,124.26,50.68,35.72,0.98,4,-1,-1
297,126,617.86,120.77,48.77,37.06,0.98,4,-1,-1
297,127,509.88,115.45,66.68,61.54,0.93,4,-1,-1
297,130,143.70,587.02,43.72,58.48,0.97,1,-1,-1
297,44,552.30,157.80,57.80,74.29,0.99,6,-1,-1
297,135,401.88,209.47,94.25,51.44,0.93,4,-1,-1
297,147,706.32,238.22,18.21,44.46,0.99,1,-1,-1
297,45,612.22,147.12,57.26,71.28,0.76,8,-1,-1
297,161,363.92,79.39,67.81,32.48,0.99,4,-1,-1
297,163,519.63,100.46,56.86,36.39,0.73,4,-1,-1
297,165,534.50,49.50,148.72,64.15,0.98,6,-1,-1
297,67,915.91,351.41,24.53,32.36,0.74,1,-1,-1
297,169,1058.65,260.46,19.14,36.91,0.68,1,-1,-1
298,4,456.98,383.43,75.29,91.95,1.00,4,-1,-1
298,9,554.80,243.95,111.83,254.33,0.68,6,-1,-1
298,11,574.51,513.25,147.48,251.49,0.96,6,-1,-1
298,31,278.72,375.32,140.90,92.65,1.00,5,-1,-1
298,32,784.61,354.57,148.78,196.65,1.00,6,-1,-1
298,35,844.04,226.33,94.88,59.67,1.00,4,-1,-1
298,36,408.77,233.10,111.16,55.90,0.99,4,-1,-1
298,38,762.22,170.99,89.82,53.16,1.00,5,-1,-1
298,43,755.47,103.54,36.52,36.60,0.99,4,-1,-1
298,54,679.04,283.19,95.66,174.73,1.00,6,-1,-1
298,50,975.21,411.46,160.58,75.88,0.98,4,-1,-1
298,42,676.07,80.06,56.65,70.34,0.99,6,-1,-1
298,101,427.81,164.55,61.96,46.05,0.99,4,-1,-1
298,104,584.66,96.71,63.25,35.58,0.99,4,-1,-1
298,110,566.02,124.77,49.93,35.70,0.98,4,-1,-1
298,126,618.42,121.46,48.16,36.73,0.99,4,-1,-1
298,127,510.07,116.46,65.65,61.04,0.93,4,-1,-1
298,130,141.90,589.69,44.05,59.33,0.98,1,-1,-1
298,44,552.38,158.38,57.46,73.93,0.99,6,-1,-1
298,135,402.85,209.34,92.96,50.03,0.96,4,-1,-1
298,147,703.56,240.46,19.15,46.22,0.98,1,-1,-1
298,45,611.97,147.64,57.83,72.14,0.98,8,-1,-1
298,161,363.76,79.45,68.28,32.57,0.99,4,-1,-1
298,163,518.58,100.66,57.85,36.42,0.88,4,-1,-1
298,165,537.17,48.82,147.84,64.77,0.98,6,-1,-1
298,67,916.91,352.49,25.28,33.02,0.81,1,-1,-1
298,169,1059.72,261.52,18.87,36.79,0.61,1,-1,-1
298,170,558.38,300.96,105.02,199.79,0.77,6,-1,-1
298,171,916.12,352.40,25.61,32.87,0.86,2,-1,-1
299,4,456.90,381.26,74.49,91.74,1.00,4,-1,-1
299,9,554.60,242.85,114.14,254.79,0.68,6,-1,-1
299,11,573.60,517.61,149.03,246.68,0.97,6,-1,-1
299,31,279.02,376.79,139.72,92.83,1.00,5,-1,-1
299,32,784.76,356.06,149.49,197.31,1.00,6,-1,-1
299,35,844.42,227.01,95.46,59.50,1.00,4,-1,-1
299,36,408.06,233.80,111.56,56.23,0.99,4,-1,-1
299,38,762.16,171.20,90.32,53.48,1.00,5,-1,-1
299,43,755.61,103.44,36.66,36.93,0.99,4,-1,-1
299,54,678.91,284.09,96.32,176.41,1.00,6,-1,-1
299,50,976.57,413.39,160.71,75.51,1.00,4,-1,-1
299,42,675.93,80.08,57.01,70.70,0.99,6,-1,-1
299,101,427.54,165.05,62.08,45.95,0.99,4,-1,-1
299,104,584.22,96.84,63.24,35.50,0.99,4,-1,-1
299,110,565.79,125.17,49.65,35.81,0.98,4,-1,-1
299,126,617.99,121.57,48.49,36.87,0.99,4,-1,-1
299,127,508.95,115.29,67.50,63.22,0.96,4,-1,-1
299,130,140.60,591.41,44.02,61.89,0.96,1,-1,-1
299,44,551.79,158.72,57.90,74.34,0.99,6,-1,-1
299,135,399.36,210.42,95.72,51.74,0.97,4,-1,-1
299,147,701.14,244.53,18.93,45.48,0.89,1,-1,-1
299,45,611.25,147.74,58.61,72.65,0.92,8,-1,-1
299,161,364.24,79.72,68.16,32.24,0.99,4,-1,-1
299,163,518.98,100.92,57.65,37.23,0.65,4,-1,-1
299,165,537.74,49.21,148.62,64.25,0.98,6,-1,-1
299,169,1060.49,262.84,20.14,35.73,0.22,1,-1,-1
299,170,557.95,301.89,105.79,200.27,0.78,6,-1,-1
300,4,457.17,379.75,74.79,91.13,1.00,4,-1,-1
300,9,552.88,240.05,115.59,263.85,0.18,6,-1,-1
300,11,573.59,517.51,149.06,247.19,0.94,6,-1,-1
300,31,274.79,378.35,142.66,93.31,1.00,5,-1,-1
300,32,785.43,357.49,150.87,198.39,1.00,6,-1,-1
300,35,844.63,227.42,95.68,60.28,1.00,4,-1,-1
300,36,407.95,234.65,111.29,56.37,0.99,4,-1,-1
300,38,762.48,171.72,90.52,53.46,1.00,5,-1,-1
300,43,755.72,103.77,36.71,36.99,0.99,4,-1,-1
300,54,679.20,284.86,96.57,177.47,1.00,6,-1,-1
300,50,977.71,415.11,161.89,75.50,1.00,4,-1,-1
300,42,676.50,80.20,57.16,70.74,0.99,6,-1,-1
300,101,426.32,165.69,63.29,45.64,0.99,4,-1,-1
300,104,584.09,97.01,63.25,35.30,0.99,4,-1,-1
300,110,566.88,125.47,48.41,35.86,0.98,4,-1,-1
300,126,618.15,121.83,48.62,36.79,0.98,4,-1,-1
300,127,508.57,114.58,68.19,63.62,0.84,4,-1,-1
300,130,139.96,594.00,43.44,62.86,0.98,1,-1,-1
300,44,551.61,159.15,58.06,74.36,0.98,6,-1,-1
300,135,398.36,211.19,96.20,51.74,0.98,4,-1,-1
300,147,699.23,247.88,19.41,45.17,0.94,1,-1,-1
300,45,611.31,148.00,58.35,73.34,0.97,8,-1,-1
300,161,364.15,80.04,68.96,32.05,0.96,4,-1,-1
300,163,522.30,101.12,54.16,36.80,0.63,4,-1,-1
300,165,539.38,49.14,148.31,64.71,0.96,6,-1,-1
300,169,1062.04,263.21,20.53,36.39,0.43,1,-1,-1
300,170,557.88,300.99,106.62,202.88,0.94,6,-1,-1
300,172,918.68,354.75,25.61,33.30,0.71,2,-1,-1
300,67,918.67,354.89,25.60,32.97,0.69,1,-1,-1
301,4,457.23,377.37,74.90,92.22,1.00,4,-1,-1
301,11,572.98,521.89,150.69,241.15,0.91,6,-1,-1
301,31,274.05,379.81,142.61,93.63,1.00,5,-1,-1
301,32,785.63,358.79,151.35,198.48,1.00,6,-1,-1
301,35,845.22,227.67,95.74,60.86,1.00,4,-1,-1
301,36,407.48,235.17,111.31,56.98,0.99,4,-1,-1
301,38,762.56,172.37,90.58,53.24,1.00,5,-1,-1
301,43,755.73,104.08,37.29,36.80,0.99,4,-1,-1
301,54,679.54,285.93,96.64,178.41,1.00,6,-1,-1
301,50,978.61,416.54,162.31,75.79,1.00,4,-1,-1
301,42,676.40,80.38,57.20,71.00,0.99,6,-1,-1
301,101,424.99,165.72,63.74,46.09,0.99,4,-1,-1
301,104,583.74,96.86,63.81,35.55,0.99,4,-1,-1
301,110,565.83,125.88,49.67,35.60,0.98,4,-1,-1
301,126,617.63,121.89,49.23,36.76,0.99,4,-1,-1
301,127,508.42,114.55,67.87,64.05,0.95,4,-1,-1
301,130,139.91,596.73,41.77,63.23,0.98,1,-1,-1
301,44,551.25,159.82,58.68,74.65,0.99,6,-1,-1
301,135,397.00,212.18,96.50,52.66,0.99,4,-1,-1
301,147,697.41,249.72,20.14,45.32,0.97,1,-1,-1
301,45,610.74,147.99,59.36,74.09,0.98,8,-1,-1
301,161,364.25,80.24,69.24,31.99,0.98,4,-1,-1
301,163,524.75,101.36,51.04,36.05,0.63,4,-1,-1
301,165,538.78,48.01,151.03,66.39,0.94,6,-1,-1
301,169,1063.07,263.91,20.63,36.91,0.77,1,-1,-1
301,170,557.21,295.39,106.84,209.13,0.90,6,-1,-1
301,172,918.89,355.89,25.64,32.98,0.88,1,-1,-1
301,67,918.97,355.75,25.65,33.22,0.89,1,-1,-1
301,173,1314.84,532.34,23.91,40.13,0.74,2,-1,-1
302,4,457.56,375.41,74.39,90.91,1.00,4,-1,-1
302,11,572.52,521.37,151.85,240.54,0.80,6,-1,-1
302,31,273.33,381.45,142.27,93.41,1.00,5,-1,-1
302,32,786.22,359.19,152.06,200.67,1.00,6,-1,-1
302,35,845.65,227.99,95.47,61.33,1.00,4,-1,-1
302,36,406.78,235.65,111.87,56.90,1.00,4,-1,-1
302,38,763.09,172.52,90.58,53.77,1.00,5,-1,-1
302,43,755.96,104.08,37.51,37.18,0.99,4,-1,-1
302,54,679.65,286.84,96.65,179.54,1.00,6,-1,-1
302,50,979.98,417.78,162.42,76.13,0.99,4,-1,-1
302,42,676.03,80.46,57.78,71.36,0.99,6,-1,-1
302,101,424.50,166.45,63.91,45.82,0.99,4,-1,-1
302,104,583.59,96.82,64.00,36.05,0.99,4,-1,-1
302,110,565.14,126.12,50.12,35.77,0.98,4,-1,-1
302,126,617.39,122.05,49.46,36.87,0.99,4,-1,-1
302,127,508.07,115.12,67.16,64.45,0.96,4,-1,-1
302,130,139.04,598.75,41.41,64.46,0.99,1,-1,-1
302,44,551.10,160.08,58.90,74.87,0.99,6,-1,-1
302,135,396.66,212.77,96.45,52.07,0.98,4,-1,-1
302,147,695.37,252.55,20.98,46.21,0.97,1,-1,-1
302,45,611.07,148.40,59.16,74.33,0.99,8,-1,-1
302,161,364.16,80.47,69.04,32.21,0.97,4,-1,-1
302,163,522.42,101.58,53.41,36.36,0.84,4,-1,-1
302,165,540.77,46.60,151.42,68.27,0.95,6,-1,-1
302,169,1062.70,264.64,21.84,36.79,0.78,1,-1,-1
302,172,920.25,356.77,24.33,32.92,0.68,2,-1,-1
302,67,919.57,356.67,25.66,33.02,0.62,1,-1,-1
302,9,554.38,241.33,112.90,260.54,0.91,6,-1,-1
303,4,457.96,373.91,73.64,89.31,0.99,4,-1,-1
303,11,572.35,524.53,152.81,236.96,0.83,6,-1,-1
303,31,271.96,382.70,143.24,94.60,1.00,5,-1,-1
303,32,786.74,360.29,153.13,203.31,1.00,6,-1,-1
303,35,846.68,228.53,94.50,61.24,1.00,4,-1,-1
303,36,406.25,236.20,112.07,57.16,1.00,4,-1,-1
303,38,763.61,173.12,90.58,53.41,1.00,5,-1,-1
303,43,756.36,103.96,37.59,37.71,0.99,4,-1,-1
303,54,679.70,287.43,97.20,180.24,1.00,6,-1,-1
303,50,981.06,419.07,163.59,76.84,1.00,4,-1,-1
303,42,675.92,80.64,58.00,71.61,0.99,6,-1,-1
303,101,426.03,166.83,62.29,46.01,1.00,4,-1,-1
303,104,583.84,96.85,64.08,36.52,0.99,4,-1,-1
303,110,563.77,126.18,51.43,35.98,0.98,4,-1,-1
303,126,617.62,122.59,48.97,36.92,0.99,4,-1,-1
303,127,507.69,114.61,68.57,65.31,0.96,4,-1,-1
303,130,138.31,600.23,40.42,66.03,0.99,1,-1,-1
303,44,551.07,160.36,58.98,75.17,0.99,6,-1,-1
303,135,398.11,213.01,94.30,53.05,0.98,4,-1,-1
303,147,693.84,256.34,20.74,46.26,0.96,1,-1,-1
303,45,610.66,148.82,59.08,74.43,0.98,8,-1,-1
303,161,364.42,80.72,68.38,32.09,0.98,4,-1,-1
303,163,521.90,101.44,53.67,36.66,0.77,4,-1,-1
303,165,542.65,46.76,151.53,68.70,0.98,6,-1,-1
303,169,1064.31,265.19,21.11,37.04,0.84,1,-1,-1
303,67,921.50,357.57,24.53,33.51,0.67,1,-1,-1
303,9,554.78,242.55,112.21,258.81,0.85,6,-1,-1
304,4,457.80,372.14,74.50,88.58,1.00,4,-1,-1
304,11,571.99,527.30,152.57,241.36,0.87,6,-1,-1
304,31,271.64,383.95,143.01,94.46,1.00,5,-1,-1
304,32,786.58,362.05,153.78,203.13,1.00,6,-1,-1
304,35,846.99,229.41,94.13,60.61,1.00,4,-1,-1
304,36,406.06,236.96,112.13,57.25,0.99,4,-1,-1
304,38,763.74,173.55,90.56,53.76,1.00,5,-1,-1
304,43,756.45,102.20,37.61,40.33,0.99,4,-1,-1
304,54,679.67,288.73,97.39,180.45,1.00,6,-1,-1
304,50,981.91,420.46,163.99,77.50,0.97,4,-1,-1
304,42,676.11,80.83,58.07,71.58,0.99,6,-1,-1
304,101,426.32,167.10,61.66,46.22,1.00,4,-1,-1
304,104,583.91,97.08,64.09,36.41,0.99,4,-1,-1
304,110,563.51,126.41,51.35,35.77,0.98,4,-1,-1
304,126,617.67,123.00,48.78,36.94,0.99,4,-1,-1
304,127,506.97,114.85,69.09,64.91,0.97,4,-1,-1
304,130,136.63,601.49,40.19,67.72,0.98,1,-1,-1
304,44,550.76,160.38,58.43,75.20,0.98,6,-1,-1
304,135,397.40,213.86,95.04,51.64,0.98,4,-1,-1
304,147,691.61,260.07,21.20,46.54,0.87,1,-1,-1
304,45,610.76,149.18,59.03,73.94,0.99,8,-1,-1
304,161,364.52,80.82,67.55,31.90,0.96,4,-1,-1
304,163,520.27,101.50,54.90,36.59,0.56,4,-1,-1
304,165,544.14,41.50,154.93,74.18,0.93,6,-1,-1
304,169,1064.80,265.78,20.79,37.71,0.68,1,-1,-1
304,67,922.14,358.84,24.09,34.25,0.38,1,-1,-1
304,9,554.89,244.09,111.96,258.74,0.85,6,-1,-1
305,4,457.73,370.28,74.27,88.21,1.00,4,-1,-1
305,11,571.58,528.55,152.43,233.40,0.82,6,-1,-1
305,31,271.13,385.07,142.62,95.38,1.00,5,-1,-1
305,32,786.52,362.97,155.68,205.84,1.00,6,-1,-1
305,35,847.40,230.01,94.27,60.38,0.99,4,-1,-1
305,36,405.43,237.49,112.15,57.00,1.00,4,-1,-1
305,38,764.08,173.91,90.56,53.82,1.00,5,-1,-1
305,43,756.50,102.77,37.61,39.80,0.99,4,-1,-1
305,54,680.23,289.90,97.45,180.66,1.00,6,-1,-1
305,50,982.78,422.50,165.25,77.34,0.97,4,-1,-1
305,42,675.92,81.16,58.66,71.57,1.00,6,-1,-1
305,101,424.71,167.60,62.58,46.16,0.99,4,-1,-1
305,104,583.95,97.50,64.09,35.81,0.99,4,-1,-1
305,110,563.71,126.69,51.32,35.84,0.98,4,-1,-1
305,126,617.70,123.35,48.71,36.94,0.99,4,-1,-1
305,127,506.70,115.21,68.71,65.30,0.96,6,-1,-1
305,130,135.04,602.70,40.11,69.47,0.99,1,-1,-1
305,44,550.08,160.79,58.78,75.07,1.00,6,-1,-1
305,135,396.44,213.93,95.45,51.88,0.95,4,-1,-1
305,147,689.17,262.51,20.81,46.08,0.90,1,-1,-1
305,45,610.52,149.51,59.01,74.25,0.98,8,-1,-1
305,161,364.70,80.90,65.24,31.41,0.98,4,-1,-1
305,163,520.51,101.93,54.80,36.27,0.88,4,-1,-1
305,165,547.20,46.35,152.24,69.40,0.99,6,-1,-1
305,169,1066.13,266.27,20.66,37.96,0.62,1,-1,-1
305,67,922.93,360.13,23.93,34.25,0.23,1,-1,-1
305,9,554.36,244.64,112.43,259.01,0.88,6,-1,-1
306,4,457.90,368.64,73.06,87.38,1.00,4,-1,-1
306,11,570.53,529.73,152.94,230.39,0.82,6,-1,-1
306,31,270.06,385.99,142.46,96.27,1.00,5,-1,-1
306,32,786.97,364.20,155.26,207.24,1.00,6,-1,-1
306,35,847.73,230.44,94.04,60.56,0.99,4,-1,-1
306,36,405.41,238.07,111.87,56.89,0.99,4,-1,-1
306,38,764.12,174.47,90.55,53.20,1.00,5,-1,-1
306,43,756.71,103.86,37.05,38.72,0.99,4,-1,-1
306,54,680.36,290.96,97.47,180.56,1.00,6,-1,-1
306,50,983.57,423.86,165.72,77.67,0.94,4,-1,-1
306,42,675.75,81.27,58.32,71.67,1.00,6,-1,-1
306,101,426.29,168.03,60.67,46.13,1.00,4,-1,-1
306,104,583.87,97.66,64.09,35.89,0.99,4,-1,-1
306,110,563.70,126.82,51.30,36.00,0.98,4,-1,-1
306,126,617.62,123.72,48.68,36.52,0.99,4,-1,-1
306,127,505.68,115.02,67.99,65.44,0.97,6,-1,-1
306,130,132.95,604.45,39.66,70.12,0.97,1,-1,-1
306,44,549.75,160.69,58.92,75.79,1.00,6,-1,-1
306,135,396.43,214.55,94.62,51.47,0.96,4,-1,-1
306,147,687.39,264.40,20.08,44.75,0.84,1,-1,-1
306,45,610.35,149.59,59.00,74.78,0.98,8,-1,-1
306,161,364.96,80.94,61.78,30.69,0.97,4,-1,-1
306,163,521.09,102.23,54.19,35.97,0.84,4,-1,-1
306,165,547.94,31.31,158.55,84.90,0.98,6,-1,-1
306,169,1067.66,267.21,19.45,36.89,0.68,1,-1,-1
306,67,923.69,361.37,23.88,33.40,0.73,1,-1,-1
306,9,553.80,245.21,113.19,259.25,0.88,6,-1,-1
306,174,923.81,361.58,23.91,32.87,0.62,1,-1,-1
307,4,457.73,366.55,73.19,87.24,0.99,4,-1,-1
307,11,570.77,531.24,152.55,229.35,0.72,6,-1,-1
307,31,267.05,386.72,144.65,96.45,1.00,5,-1,-1
307,32,787.76,365.33,155.64,206.18,1.00,6,-1,-1
307,35,847.62,230.72,95.38,60.91,0.99,4,-1,-1
307,36,404.89,238.55,112.33,56.56,1.00,4,-1,-1
307,38,764.46,174.52,90.55,53.67,1.00,5,-1,-1
307,43,756.55,104.41,37.40,38.01,0.99,4,-1,-1
307,54,680.46,291.61,98.04,181.35,1.00,6,-1,-1
307,50,985.03,425.02,165.88,77.93,0.99,4,-1,-1
307,42,676.30,81.50,57.62,71.35,0.99,6,-1,-1
307,101,426.09,168.46,61.10,45.70,0.98,4,-1,-1
307,104,583.89,97.77,63.53,35.63,0.99,4,-1,-1
307,110,564.32,126.85,50.16,35.92,0.97,4,-1,-1
307,126,617.64,123.76,48.68,36.50,0.99,4,-1,-1
307,127,506.20,116.07,67.71,64.07,0.99,6,-1,-1
307,130,130.64,605.88,40.36,71.45,0.97,1,-1,-1
307,44,549.40,160.84,59.53,75.42,1.00,6,-1,-1
307,135,395.77,214.76,95.30,49.89,0.95,4,-1,-1
307,147,685.45,267.13,19.80,48.53,0.90,1,-1,-1
307,45,610.34,149.60,58.99,74.83,0.98,8,-1,-1
307,161,365.10,80.83,61.09,30.90,0.97,4,-1,-1
307,163,520.23,102.42,54.52,35.75,0.87,4,-1,-1
307,165,549.34,36.52,156.42,79.43,0.98,6,-1,-1
307,169,1069.44,267.95,18.98,36.77,0.39,1,-1,-1
307,67,924.59,362.07,23.87,33.06,0.28,1,-1,-1
307,9,553.08,245.24,113.49,260.90,0.85,6,-1,-1
308,4,457.76,364.44,73.82,87.21,1.00,4,-1,-1
308,11,569.85,534.00,154.63,227.87,0.83,6,-1,-1
308,31,266.21,388.23,145.18,96.63,1.00,5,-1,-1
308,32,788.14,366.14,156.31,208.67,1.00,6,-1,-1
308,35,848.21,231.24,96.44,61.04,0.99,4,-1,-1
308,36,404.12,239.15,113.20,56.71,1.00,4,-1,-1
308,38,764.38,174.68,91.11,53.98,1.00,5,-1,-1
308,43,756.86,105.06,37.53,37.45,0.98,4,-1,-1
308,54,680.58,292.11,98.24,182.46,1.00,6,-1,-1
308,50,986.18,425.69,167.04,78.85,1.00,4,-1,-1
308,42,676.60,81.26,57.92,71.57,0.99,6,-1,-1
308,101,425.83,168.55,61.27,45.95,0.98,4,-1,-1
308,104,583.72,97.69,63.30,35.53,0.99,4,-1,-1
308,110,564.09,126.94,50.87,35.89,0.98,4,-1,-1
308,126,617.74,123.51,48.67,36.77,0.99,4,-1,-1
308,127,505.37,116.57,68.16,63.24,0.99,6,-1,-1
308,130,128.33,606.90,40.90,74.16,0.98,1,-1,-1
308,44,549.94,160.63,58.63,75.70,0.98,6,-1,-1
308,135,393.96,215.19,97.24,50.37,0.98,4,-1,-1
308,147,684.32,271.14,19.13,47.69,0.94,1,-1,-1
308,45,610.15,150.18,59.55,74.41,0.98,8,-1,-1
308,161,365.68,80.70,61.15,31.37,0.93,4,-1,-1
308,163,520.02,102.37,54.64,35.95,0.88,4,-1,-1
308,165,550.48,32.46,158.90,82.89,0.99,6,-1,-1
308,169,1070.09,268.20,19.99,37.30,0.83,1,-1,-1
308,67,924.40,362.87,25.01,32.94,0.87,1,-1,-1
308,9,552.06,245.25,114.72,263.20,0.87,6,-1,-1
309,4,458.04,362.66,73.48,86.67,1.00,4,-1,-1
309,11,569.75,535.91,154.23,224.57,0.81,6,-1,-1
309,31,265.49,390.06,145.63,96.58,1.00,5,-1,-1
309,32,789.96,367.67,156.50,209.06,0.99,6,-1,-1
309,35,848.74,232.12,97.11,61.10,0.99,4,-1,-1
309,36,402.71,239.26,114.08,57.36,0.99,4,-1,-1
309,38,764.67,175.41,91.31,53.98,1.00,5,-1,-1
309,43,757.03,105.41,37.57,37.54,0.98,4,-1,-1
309,54,680.63,293.08,99.41,182.75,0.99,6,-1,-1
309,50,987.71,427.48,167.45,79.23,1.00,4,-1,-1
309,42,677.05,81.43,57.45,71.71,0.99,6,-1,-1
309,101,426.75,168.63,59.77,46.63,0.99,4,-1,-1
309,104,583.13,97.77,64.35,35.62,0.99,4,-1,-1
309,110,564.33,127.05,50.56,36.17,0.97,4,-1,-1
309,126,617.54,123.56,49.23,36.89,0.99,4,-1,-1
309,127,505.39,117.02,67.18,62.94,0.98,6,-1,-1
309,130,126.38,609.17,39.82,74.08,0.97,1,-1,-1
309,44,550.47,161.39,58.26,75.46,0.99,6,-1,-1
309,135,392.46,215.74,98.53,50.64,0.98,4,-1,-1
309,147,682.58,274.11,18.87,47.05,0.89,1,-1,-1
309,45,610.13,149.84,59.74,75.46,0.98,8,-1,-1
309,161,366.21,80.79,60.62,31.39,0.94,4,-1,-1
309,163,520.55,102.69,54.11,35.62,0.59,4,-1,-1
309,165,552.89,26.39,159.79,89.26,0.99,6,-1,-1
309,169,1070.92,269.31,20.34,36.37,0.72,1,-1,-1
309,67,925.44,364.00,25.42,34.03,0.93,1,-1,-1
309,9,551.42,246.44,115.13,264.94,0.90,6,-1,-1
310,4,457.99,360.95,73.39,86.77,0.99,4,-1,-1
310,11,569.36,537.68,153.56,222.82,0.82,6,-1,-1
310,31,263.97,391.89,146.38,97.36,1.00,5,-1,-1
310,32,791.10,369.40,157.18,210.69,0.99,6,-1,-1
310,35,849.08,232.62,97.10,61.11,0.99,4,-1,-1
310,36,402.16,240.42,114.29,56.45,1.00,4,-1,-1
310,38,764.62,175.80,91.98,53.88,1.00,5,-1,-1
310,43,756.91,105.83,37.60,37.10,0.98,4,-1,-1
310,54,680.51,294.63,99.33,182.69,1.00,6,-1,-1
310,50,989.31,429.54,167.63,78.91,1.00,4,-1,-1
310,42,677.02,81.45,56.73,71.93,0.99,6,-1,-1
310,101,425.90,168.64,60.24,47.02,1.00,4,-1,-1
310,104,582.71,97.71,64.20,35.74,0.99,4,-1,-1
310,110,563.66,127.04,51.02,36.55,0.97,4,-1,-1
310,126,617.28,123.30,49.46,37.07,0.99,4,-1,-1
310,127,504.65,116.59,66.26,63.39,0.96,6,-1,-1
310,130,123.03,611.20,40.87,75.67,0.99,1,-1,-1
310,44,549.07,161.57,59.29,75.43,0.99,6,-1,-1
310,135,391.43,216.07,97.91,51.86,0.98,4,-1,-1
310,147,681.01,276.19,18.79,47.36,0.94,1,-1,-1
310,45,609.94,149.93,59.83,75.84,0.97,8,-1,-1
310,161,365.89,80.54,60.46,32.24,0.83,4,-1,-1
310,163,521.98,102.84,52.78,36.05,0.51,4,-1,-1
310,165,554.38,28.77,158.44,86.83,0.99,6,-1,-1
310,169,1071.66,269.97,20.48,36.87,0.71,1,-1,-1
310,67,926.85,365.13,25.59,34.44,0.97,1,-1,-1
310,9,550.74,247.12,115.92,265.59,0.91,6,-1,-1
311,4,457.70,359.07,73.94,87.26,1.00,4,-1,-1
311,11,569.25,539.67,156.68,224.57,0.74,6,-1,-1
311,31,263.44,393.20,145.80,98.08,1.00,5,-1,-1
311,32,791.55,370.56,158.54,212.98,1.00,6,-1,-1
311,35,849.80,233.04,96.52,61.40,1.00,4,-1,-1
311,36,402.13,241.08,113.94,56.11,1.00,4,-1,-1
311,38,764.64,175.90,92.22,54.14,1.00,5,-1,-1
311,43,757.48,105.30,37.61,37.80,0.99,4,-1,-1
311,54,680.78,295.44,99.28,184.07,1.00,6,-1,-1
311,50,990.49,430.83,168.81,79.92,0.99,4,-1,-1
311,42,677.05,81.44,57.03,71.84,1.00,6,-1,-1
311,101,426.60,168.72,58.86,47.17,1.00,4,-1,-1
311,104,582.60,97.67,64.14,35.83,0.99,4,-1,-1
311,110,564.58,126.98,50.06,36.55,0.97,4,-1,-1
311,126,617.50,123.23,48.98,36.71,0.99,4,-1,-1
311,127,504.13,116.65,67.05,63.00,0.97,6,-1,-1
311,130,120.27,613.82,40.97,76.26,0.97,1,-1,-1
311,44,548.86,161.37,59.10,76.34,0.98,6,-1,-1
311,135,390.53,216.63,98.22,52.54,0.97,4,-1,-1
311,147,679.11,278.96,19.33,50.01,0.93,1,-1,-1
311,45,609.91,150.41,59.86,74.79,0.94,8,-1,-1
311,161,365.94,79.99,63.86,33.73,0.92,4,-1,-1
311,163,522.28,102.42,52.28,35.65,0.85,4,-1,-1
311,165,557.48,26.18,156.18,89.36,0.99,6,-1,-1
311,169,1072.53,270.61,20.53,37.06,0.89,1,-1,-1
311,67,927.97,366.07,25.65,35.15,0.76,1,-1,-1
311,9,549.39,249.58,116.77,271.48,0.93,6,-1,-1
312,4,457.73,357.46,74.69,87.03,1.00,4,-1,-1
312,11,567.63,540.89,157.22,221.27,0.92,6,-1,-1
312,31,263.32,394.18,144.96,98.34,1.00,5,-1,-1
312,32,792.63,371.83,158.70,213.23,1.00,6,-1,-1
312,35,850.44,233.53,97.13,61.79,1.00,4,-1,-1
312,36,400.74,241.74,115.05,55.99,1.00,4,-1,-1
312,38,765.03,176.20,92.29,54.30,1.00,5,-1,-1
312,43,757.53,105.28,38.17,38.09,0.99,4,-1,-1
312,54,680.99,296.59,99.78,184.28,1.00,6,-1,-1
312,50,992.07,432.44,169.20,79.73,1.00,4,-1,-1
312,42,677.19,81.54,57.13,71.48,1.00,6,-1,-1
312,101,426.89,168.98,58.19,47.22,1.00,4,-1,-1
312,104,582.15,97.49,64.10,36.01,0.99,4,-1,-1
312,110,563.94,127.07,50.83,36.69,0.98,4,-1,-1
312,126,617.45,123.18,49.35,37.00,0.99,4,-1,-1
312,127,504.10,119.13,66.76,60.57,0.96,6,-1,-1
312,130,117.63,615.78,40.99,78.67,0.99,1,-1,-1
312,44,548.66,161.67,59.01,75.90,0.99,6,-1,-1
312,135,390.09,216.90,98.87,52.87,0.99,4,-1,-1
312,147,677.17,282.60,19.53,50.44,0.94,1,-1,-1
312,45,609.76,150.49,60.41,75.08,0.97,8,-1,-1
312,161,365.85,79.47,65.38,34.50,0.93,4,-1,-1
312,163,521.40,102.54,53.24,35.68,0.90,4,-1,-1
312,165,560.16,26.12,154.70,89.53,0.99,6,-1,-1
312,169,1074.01,270.90,20.54,37.41,0.90,1,-1,-1
312,67,928.43,366.73,26.79,35.70,0.43,1,-1,-1
312,9,549.03,251.91,116.47,271.13,0.93,6,-1,-1
312,175,876.85,125.61,29.03,23.05,0.66,10,-1,-1
313,4,457.86,356.26,74.46,86.26,1.00,4,-1,-1
313,11,567.79,540.75,157.50,220.68,0.77,6,-1,-1
313,31,259.85,395.45,147.53,99.54,1.00,5,-1,-1
313,32,793.24,373.36,159.68,214.42,1.00,6,-1,-1
313,35,851.43,233.61,96.54,62.49,0.99,4,-1,-1
313,36,399.89,242.14,115.36,56.79,1.00,4,-1,-1
313,38,765.62,176.43,92.35,54.43,0.99,5,-1,-1
313,43,757.97,105.20,37.83,38.31,0.98,4,-1,-1
313,54,680.95,297.38,100.04,184.78,1.00,6,-1,-1
313,50,993.20,432.92,170.52,81.32,0.99,4,-1,-1
313,42,677.08,81.24,57.77,71.95,1.00,6,-1,-1
313,101,425.34,169.00,59.13,47.66,1.00,4,-1,-1
313,104,580.94,97.37,65.24,36.21,0.99,4,-1,-1
313,110,564.08,127.19,50.57,36.60,0.98,4,-1,-1
313,126,616.69,123.17,50.07,37.82,0.99,4,-1,-1
313,127,502.77,118.44,68.96,61.24,0.95,6,-1,-1
313,130,114.40,619.17,40.89,79.58,0.98,1,-1,-1
313,44,547.84,161.68,59.57,76.23,0.99,6,-1,-1
313,135,388.33,217.01,100.28,52.98,0.99,4,-1,-1
313,147,675.54,285.84,19.06,49.19,0.66,1,-1,-1
313,45,609.25,150.75,60.65,75.33,0.94,8,-1,-1
313,161,365.69,79.04,66.27,34.71,0.97,4,-1,-1
313,163,520.58,102.90,53.62,35.05,0.92,4,-1,-1
313,165,562.88,29.67,152.48,85.23,0.99,6,-1,-1
313,169,1075.65,271.56,20.55,37.55,0.88,1,-1,-1
313,67,930.23,368.13,26.12,34.78,0.13,1,-1,-1
313,9,549.32,250.79,117.00,270.98,0.89,6,-1,-1
313,175,874.96,125.86,30.43,22.90,0.88,10,-1,-1
314,4,457.62,355.22,74.37,85.99,0.99,4,-1,-1
314,11,566.46,542.53,159.82,218.83,0.84,6,-1,-1
314,31,259.56,397.46,145.39,98.86,1.00,5,-1,-1
314,32,794.02,374.66,160.02,218.22,1.00,6,-1,-1
314,35,852.66,234.66,96.02,62.19,0.99,4,-1,-1
314,36,398.76,242.86,116.03,57.37,1.00,4,-1,-1
314,38,765.86,177.11,92.93,54.48,1.00,5,-1,-1
314,43,758.16,105.52,37.70,38.57,0.99,4,-1,-1
314,54,680.94,298.26,100.11,186.51,1.00,6,-1,-1
314,50,994.73,434.96,172.13,81.92,0.96,4,-1,-1
314,42,677.06,81.08,58.01,72.27,1.00,6,-1,-1
314,101,426.06,169.80,57.93,47.26,1.00,4,-1,-1
314,104,579.95,97.56,66.23,36.01,0.99,4,-1,-1
314,110,563.60,127.55,51.03,36.85,0.98,4,-1,-1
314,126,616.71,123.62,50.34,38.27,0.99,4,-1,-1
314,127,502.01,117.64,70.34,62.64,0.97,6,-1,-1
314,130,110.41,623.35,41.55,79.90,0.98,1,-1,-1
314,44,547.56,162.06,59.78,75.86,0.99,6,-1,-1
314,135,388.26,217.91,99.68,50.48,0.99,4,-1,-1
314,147,673.03,287.98,19.44,50.11,0.95,1,-1,-1
314,45,609.37,151.30,60.73,75.14,0.96,8,-1,-1
314,161,365.79,79.40,68.01,34.79,0.94,4,-1,-1
314,163,519.17,103.12,54.33,35.32,0.89,4,-1,-1
314,165,564.42,35.85,151.64,79.00,0.99,6,-1,-1
314,169,1076.83,272.13,20.55,38.17,0.87,1,-1,-1
314,67,932.05,369.68,25.84,35.27,0.63,1,-1,-1
314,175,875.31,126.85,29.41,22.22,0.71,10,-1,-1
314,170,550.27,300.81,111.86,220.72,0.90,6,-1,-1
315,4,457.74,354.34,73.76,85.91,0.99,4,-1,-1
315,11,565.03,545.73,164.04,219.37,0.31,6,-1,-1
315,31,252.88,398.60,151.08,101.01,1.00,5,-1,-1
315,32,794.80,376.84,160.67,219.09,1.00,6,-1,-1
315,35,853.63,235.50,95.83,62.37,0.99,4,-1,-1
315,36,397.29,243.82,116.70,57.33,1.00,4,-1,-1
315,38,765.90,177.67,93.14,54.64,0.98,5,-1,-1
315,43,758.18,105.81,38.21,38.81,0.99,4,-1,-1
315,54,680.88,299.01,100.69,189.00,1.00,6,-1,-1
315,50,996.34,437.43,172.72,82.15,1.00,4,-1,-1
315,42,677.29,81.32,58.09,72.82,1.00,6,-1,-1
315,101,426.28,170.72,57.20,46.97,0.99,4,-1,-1
315,104,578.41,97.89,67.16,35.90,0.99,4,-1,-1
315,110,562.80,127.83,51.77,37.23,0.97,4,-1,-1
315,126,616.39,124.22,50.44,38.30,0.99,4,-1,-1
315,127,501.68,120.58,69.17,60.49,0.96,6,-1,-1
315,130,106.18,627.95,42.22,79.98,0.99,1,-1,-1
315,44,547.13,162.56,60.42,76.08,0.99,6,-1,-1
315,135,387.07,218.80,99.99,51.25,0.99,4,-1,-1
315,147,670.69,291.12,19.02,51.85,0.95,1,-1,-1
315,45,609.37,151.72,60.19,75.00,0.94,8,-1,-1
315,161,365.75,79.77,71.88,35.14,0.95,4,-1,-1
315,163,519.43,103.56,54.03,35.21,0.96,4,-1,-1
315,165,566.88,35.45,151.33,79.98,0.99,6,-1,-1
315,169,1078.33,273.38,20.55,38.68,0.90,1,-1,-1
315,67,932.64,371.41,24.60,34.61,0.70,1,-1,-1
315,175,873.27,127.49,30.38,22.32,0.80,10,-1,-1
315,170,549.68,305.98,112.03,221.03,0.96,6,-1,-1
316,4,457.65,353.11,74.09,86.03,1.00,4,-1,-1
316,11,563.23,547.98,164.45,219.59,0.42,6,-1,-1
316,31,253.14,400.67,149.23,101.79,1.00,5,-1,-1
316,32,794.59,378.78,163.11,221.02,1.00,6,-1,-1
316,35,853.76,236.58,97.15,62.42,0.99,4,-1,-1
316,36,396.08,244.62,117.47,58.15,1.00,4,-1,-1
316,38,766.00,178.37,93.76,54.98,0.99,5,-1,-1
316,43,758.57,106.64,37.83,38.18,0.99,4,-1,-1
316,54,681.52,300.85,100.86,189.46,1.00,6,-1,-1
316,50,998.07,439.76,172.87,82.78,1.00,4,-1,-1
316,42,677.77,81.86,57.54,73.16,0.99,6,-1,-1
316,101,425.38,170.98,57.79,47.56,1.00,4,-1,-1
316,104,577.70,98.17,66.93,35.71,0.99,4,-1,-1
316,110,563.20,128.36,51.48,37.08,0.98,4,-1,-1
316,126,616.96,124.67,49.90,38.30,0.99,4,-1,-1
316,127,500.89,118.39,69.82,62.82,0.92,6,-1,-1
316,130,102.24,632.64,42.56,79.96,0.97,1,-1,-1
316,44,547.12,163.02,60.63,76.07,0.99,6,-1,-1
316,135,387.38,219.59,99.51,50.96,0.98,4,-1,-1
316,147,668.00,295.48,19.42,51.93,0.79,1,-1,-1
316,45,609.22,152.80,60.53,74.93,0.72,8,-1,-1
316,161,365.65,80.20,70.98,34.76,0.92,4,-1,-1
316,163,520.26,104.47,52.77,34.64,0.96,4,-1,-1
316,165,568.73,33.74,152.32,82.20,0.99,6,-1,-1
316,169,1078.88,275.17,21.67,37.46,0.87,1,-1,-1
316,67,933.44,373.48,25.27,34.91,0.73,1,-1,-1
316,175,872.06,127.87,30.68,22.68,0.91,10,-1,-1
316,9,547.99,251.95,118.74,274.96,0.88,6,-1,-1
317,4,457.32,352.29,74.79,85.95,1.00,4,-1,-1
317,11,563.14,549.62,167.39,215.74,0.75,6,-1,-1
317,31,252.89,403.82,148.19,101.92,1.00,5,-1,-1
317,32,795.34,381.99,164.87,220.01,1.00,6,-1,-1
317,35,854.08,237.36,98.50,63.00,0.99,4,-1,-1
317,36,396.62,245.89,116.21,57.89,1.00,4,-1,-1
317,38,766.04,178.95,95.12,55.46,0.99,5,-1,-1
317,43,759.28,107.55,37.68,37.09,0.99,4,-1,-1
317,54,682.05,302.49,100.37,191.16,1.00,6,-1,-1
317,50,1000.96,442.54,172.91,83.56,0.99,4,-1,-1
317,42,677.94,82.31,57.34,73.42,1.00,6,-1,-1
317,101,425.45,171.76,57.32,47.29,1.00,4,-1,-1
317,104,576.59,98.21,67.40,35.96,0.99,4,-1,-1
317,110,563.35,128.89,51.36,37.31,0.98,4,-1,-1
317,126,617.18,125.52,49.69,38.30,0.99,4,-1,-1
317,127,500.30,118.78,69.50,62.54,0.96,6,-1,-1
317,130,97.38,637.74,43.68,80.49,0.98,1,-1,-1
317,44,546.83,164.09,60.72,75.86,0.99,6,-1,-1
317,135,386.10,220.43,99.89,53.70,0.99,4,-1,-1
317,147,665.94,299.56,19.01,51.38,0.88,1,-1,-1
317,45,609.16,153.46,61.22,75.47,0.95,8,-1,-1
317,161,365.43,80.57,70.87,35.32,0.93,4,-1,-1
317,163,516.85,105.07,55.73,34.71,0.88,4,-1,-1
317,165,570.18,27.08,152.71,89.38,0.99,6,-1,-1
317,169,1081.33,276.20,20.98,37.55,0.76,1,-1,-1
317,67,934.87,375.47,25.51,35.30,0.79,1,-1,-1
317,175,871.07,128.78,30.78,22.50,0.93,10,-1,-1
317,9,546.46,254.03,120.10,275.98,0.92,6,-1,-1
318,4,457.42,351.87,75.03,85.20,1.00,4,-1,-1
318,11,563.03,553.93,172.34,211.43,0.87,6,-1,-1
318,31,250.15,406.32,149.73,102.91,1.00,5,-1,-1
318,32,796.87,385.80,164.62,221.22,1.00,6,-1,-1
318,35,855.16,238.63,97.85,63.48,0.99,4,-1,-1
318,36,395.54,246.90,117.24,58.34,1.00,4,-1,-1
318,38,766.19,179.88,95.60,55.76,1.00,5,-1,-1
318,43,759.70,107.95,37.61,37.49,0.99,4,-1,-1
318,54,681.84,303.06,101.27,193.56,0.99,6,-1,-1
318,50,1002.37,445.05,175.12,84.95,0.98,4,-1,-1
318,42,678.18,82.73,57.24,74.06,1.00,6,-1,-1
318,101,424.44,172.48,57.28,47.59,1.00,4,-1,-1
318,104,574.98,98.65,68.11,35.66,0.99,4,-1,-1
318,110,563.34,129.46,51.30,37.52,0.98,4,-1,-1
318,126,617.17,126.42,49.59,37.86,0.99,4,-1,-1
318,127,499.47,118.73,69.35,62.98,0.96,6,-1,-1
318,130,92.81,643.52,44.67,80.07,0.98,1,-1,-1
318,44,546.37,164.14,60.72,76.82,0.99,6,-1,-1
318,135,385.32,221.43,99.99,53.87,0.98,4,-1,-1
318,147,664.29,302.81,18.85,51.42,0.91,1,-1,-1
318,45,608.77,154.07,61.46,76.15,0.98,8,-1,-1
318,161,365.32,80.98,70.51,36.25,0.93,4,-1,-1
318,163,517.77,105.74,55.12,34.16,0.91,4,-1,-1
318,165,571.71,34.71,152.25,82.62,0.99,6,-1,-1
318,169,1082.58,277.70,20.69,38.15,0.87,1,-1,-1
318,67,936.32,377.71,25.60,35.72,0.43,1,-1,-1
318,175,870.62,129.52,30.80,22.73,0.91,10,-1,-1
318,170,546.94,299.78,115.78,239.19,0.96,6,-1,-1
319,4,457.56,351.18,75.18,84.92,1.00,4,-1,-1
319,11,561.57,558.30,173.76,208.71,0.29,6,-1,-1
319,31,248.14,408.84,150.08,103.93,1.00,5,-1,-1
319,32,797.63,387.73,165.74,225.69,1.00,6,-1,-1
319,35,855.41,239.71,99.05,63.62,1.00,4,-1,-1
319,36,394.51,248.23,117.81,58.75,1.00,4,-1,-1
319,38,766.92,180.44,95.25,56.12,1.00,5,-1,-1
319,43,759.63,108.35,38.18,37.10,0.99,4,-1,-1
319,54,682.46,304.10,101.71,196.26,1.00,6,-1,-1
319,50,1004.82,447.39,176.00,85.96,1.00,4,-1,-1
319,42,677.74,82.85,58.39,74.72,1.00,6,-1,-1
319,101,423.09,173.04,58.31,47.76,0.99,4,-1,-1
319,104,574.14,98.50,68.40,36.05,0.99,4,-1,-1
319,110,562.24,129.97,52.44,37.16,0.97,4,-1,-1
319,126,617.21,126.68,49.59,37.39,0.99,4,-1,-1
319,127,499.77,120.18,69.33,62.28,0.95,6,-1,-1
319,130,88.05,648.91,46.21,81.58,0.99,1,-1,-1
319,44,545.98,164.34,60.77,77.45,0.98,6,-1,-1
319,135,384.10,222.62,100.78,55.29,0.98,4,-1,-1
319,147,662.75,305.64,19.38,53.68,0.95,1,-1,-1
319,45,608.97,154.15,61.59,76.39,0.94,8,-1,-1
319,161,363.98,81.66,70.94,36.99,0.81,4,-1,-1
319,163,515.92,105.73,56.59,34.67,0.76,4,-1,-1
319,165,573.34,38.60,153.29,79.13,0.99,6,-1,-1
319,169,1083.78,278.77,21.73,37.80,0.88,1,-1,-1
319,67,938.76,379.97,25.65,35.59,0.31,1,-1,-1
319,175,869.71,130.27,31.11,22.51,0.96,10,-1,-1
319,170,547.52,310.78,115.24,230.61,0.96,6,-1,-1
320,4,458.49,350.55,75.19,85.15,1.00,4,-1,-1
320,11,561.23,561.89,175.25,204.44,0.27,6,-1,-1
320,31,245.58,411.59,152.41,104.38,1.00,5,-1,-1
320,32,799.33,391.82,168.28,225.07,0.99,6,-1,-1
320,35,858.13,241.58,98.90,63.45,1.00,4,-1,-1
320,36,394.22,249.51,118.55,59.24,0.99,4,-1,-1
320,38,769.30,181.51,95.07,56.03,1.00,5,-1,-1
320,43,760.90,108.78,38.37,37.26,0.99,4,-1,-1
320,54,683.60,306.97,102.89,197.45,0.99,6,-1,-1
320,50,1007.10,452.45,178.53,85.31,0.92,4,-1,-1
320,42,678.32,83.28,59.35,75.13,1.00,6,-1,-1
320,101,423.71,173.92,58.25,48.00,1.00,4,-1,-1
320,104,573.73,98.64,69.04,36.38,0.99,4,-1,-1
320,110,563.11,130.41,52.84,37.47,0.98,4,-1,-1
320,126,617.95,127.76,50.13,36.96,0.98,4,-1,-1
320,127,500.05,119.52,70.42,63.91,0.90,6,-1,-1
320,130,84.61,654.58,47.06,82.71,0.99,1,-1,-1
320,44,546.25,165.57,61.30,77.16,0.99,6,-1,-1
320,135,382.63,223.85,102.45,55.88,0.98,4,-1,-1
320,147,661.74,309.67,20.12,52.87,0.95,1,-1,-1
320,45,609.75,154.88,62.16,76.16,0.93,8,-1,-1
320,161,364.21,81.96,71.92,37.83,0.91,4,-1,-1
320,163,516.24,106.06,57.12,35.20,0.83,4,-1,-1
320,165,576.64,41.09,154.20,76.69,0.99,6,-1,-1
320,169,1089.06,281.33,19.87,37.68,0.68,1,-1,-1
320,67,941.09,382.74,26.78,35.83,0.90,1,-1,-1
320,175,871.00,131.23,30.62,22.00,0.96,10,-1,-1
320,170,548.07,314.04,115.50,232.00,0.97,6,-1,-1
321,4,461.29,350.31,75.75,85.27,1.00,4,-1,-1
321,11,561.31,566.55,181.91,199.52,0.39,6,-1,-1
321,31,247.09,414.88,152.15,104.98,1.00,5,-1,-1
321,32,803.27,394.71,170.32,228.19,1.00,6,-1,-1
321,35,861.93,243.37,99.97,63.96,0.99,4,-1,-1
321,36,395.33,251.02,119.53,59.45,1.00,4,-1,-1
321,38,772.41,183.06,95.00,55.65,1.00,5,-1,-1
321,43,764.45,109.31,37.88,38.05,1.00,4,-1,-1
321,54,687.07,310.24,102.75,198.18,1.00,6,-1,-1
321,50,1012.37,456.87,179.46,85.63,0.99,4,-1,-1
321,42,680.76,83.91,60.27,75.19,1.00,6,-1,-1
321,101,425.71,175.21,58.09,47.74,1.00,4,-1,-1
321,104,574.70,99.15,69.84,36.27,0.99,4,-1,-1
321,110,565.93,131.21,52.43,37.46,0.98,4,-1,-1
321,126,620.44,128.31,50.90,37.23,0.99,4,-1,-1
321,127,501.81,119.41,70.25,65.79,0.88,6,-1,-1
321,130,82.45,660.74,47.39,82.57,0.99,1,-1,-1
321,44,549.14,166.66,60.93,77.34,1.00,6,-1,-1
321,135,384.14,224.91,103.22,56.11,0.99,4,-1,-1
321,147,661.94,313.44,20.95,52.53,0.91,1,-1,-1
321,45,612.55,156.28,61.80,76.58,0.96,8,-1,-1
321,161,364.95,81.73,75.37,39.37,0.96,4,-1,-1
321,163,517.74,106.56,57.88,34.68,0.87,4,-1,-1
321,165,581.45,41.44,154.55,76.73,0.98,6,-1,-1
321,169,1093.26,283.54,20.28,38.21,0.71,1,-1,-1
321,67,944.16,385.57,28.32,36.77,0.79,1,-1,-1
321,175,872.59,131.96,31.02,22.42,0.95,10,-1,-1
321,170,550.20,319.68,116.12,233.36,0.98,6,-1,-1
321,176,943.44,385.49,29.03,37.14,0.76,1,-1,-1
322,4,464.08,350.00,75.40,84.47,1.00,4,-1,-1
322,11,563.37,571.04,175.52,194.32,0.44,6,-1,-1
322,31,245.65,418.19,155.41,105.88,1.00,5,-1,-1
322,32,807.02,397.14,172.19,234.93,1.00,6,-1,-1
322,35,866.18,245.15,99.80,64.70,1.00,4,-1,-1
322,36,396.79,252.28,120.31,59.51,0.99,4,-1,-1
322,38,775.85,184.19,95.53,56.20,1.00,5,-1,-1
322,43,767.78,109.73,38.26,38.76,1.00,4,-1,-1
322,54,689.52,311.16,104.38,202.06,1.00,6,-1,-1
322,50,1017.72,460.15,180.91,87.41,1.00,4,-1,-1
322,42,684.24,84.26,60.05,75.58,0.99,6,-1,-1
322,101,427.92,175.91,58.61,48.28,0.99,4,-1,-1
322,104,577.08,99.31,69.57,36.61,0.99,4,-1,-1
322,110,569.01,132.15,52.26,37.31,0.98,4,-1,-1
322,126,623.39,129.01,51.19,37.90,0.99,4,-1,-1
322,127,503.93,118.40,70.18,66.64,0.83,6,-1,-1
322,130,80.96,667.17,47.02,81.91,0.99,1,-1,-1
322,44,551.67,167.71,60.78,77.61,0.99,6,-1,-1
322,135,386.19,226.29,103.49,55.34,0.99,4,-1,-1
322,147,662.11,316.15,21.83,52.66,0.92,1,-1,-1
322,45,615.32,157.16,62.22,76.80,0.87,8,-1,-1
322,161,366.27,82.00,77.07,40.44,0.94,4,-1,-1
322,163,520.89,106.85,57.03,35.30,0.85,4,-1,-1
322,165,586.04,42.34,156.37,76.76,0.98,6,-1,-1
322,169,1097.64,285.18,21.56,39.25,0.93,1,-1,-1
322,67,948.67,388.84,27.80,36.84,0.29,1,-1,-1
322,175,875.80,132.14,30.87,23.29,0.92,10,-1,-1
322,170,551.33,320.93,117.46,238.34,0.99,6,-1,-1
323,4,467.01,350.21,75.83,85.05,0.99,4,-1,-1
323,11,564.07,574.90,174.58,189.66,0.25,6,-1,-1
323,31,242.94,421.62,159.72,106.79,1.00,5,-1,-1
323,32,811.17,401.10,172.86,238.60,0.99,6,-1,-1
323,35,869.69,246.93,100.57,64.99,0.99,4,-1,-1
323,36,399.54,254.40,119.47,59.82,0.99,4,-1,-1
323,38,779.91,185.44,95.44,56.84,1.00,5,-1,-1
323,43,771.52,110.57,38.40,39.32,1.00,4,-1,-1
323,54,692.35,313.44,104.98,204.64,1.00,6,-1,-1
323,50,1023.59,464.73,181.43,89.22,1.00,4,-1,-1
323,42,687.76,84.51,59.95,76.44,0.99,6,-1,-1
323,101,430.37,177.05,58.81,48.56,1.00,4,-1,-1
323,104,578.80,99.84,70.58,37.31,0.99,4,-1,-1
323,110,571.23,133.04,52.76,37.39,0.97,4,-1,-1
323,126,625.85,129.88,51.86,38.16,0.99,4,-1,-1
323,127,506.08,117.91,71.85,67.24,0.90,6,-1,-1
323,130,78.81,673.14,47.56,82.78,0.98,1,-1,-1
323,44,554.55,169.28,60.72,77.08,0.99,6,-1,-1
323,135,387.75,227.61,104.15,55.60,0.99,4,-1,-1
323,147,663.58,318.48,22.16,54.69,0.93,1,-1,-1
323,45,618.28,158.81,62.38,77.10,0.95,8,-1,-1
323,161,365.58,82.66,79.94,40.81,0.98,4,-1,-1
323,163,521.74,107.24,58.96,35.43,0.82,4,-1,-1
323,165,590.47,44.06,155.93,76.38,0.99,6,-1,-1
323,169,1103.74,287.62,20.92,39.65,0.82,1,-1,-1
323,67,953.11,392.58,28.70,36.30,0.82,1,-1,-1
323,175,879.26,133.12,30.81,22.91,0.90,10,-1,-1
323,170,553.96,321.21,117.39,240.91,0.97,6,-1,-1
324,4,469.61,350.05,75.43,84.69,1.00,4,-1,-1
324,11,565.90,579.92,169.09,183.97,0.54,6,-1,-1
324,31,242.93,424.55,161.05,108.21,0.99,5,-1,-1
324,32,815.02,405.29,175.05,241.01,0.99,6,-1,-1
324,35,873.00,249.08,101.98,65.35,0.99,4,-1,-1
324,36,400.40,256.31,120.82,59.91,1.00,4,-1,-1
324,38,783.15,187.14,96.25,56.78,0.99,5,-1,-1
324,43,774.92,111.56,38.45,39.66,0.99,4,-1,-1
324,54,695.45,316.48,105.77,205.54,1.00,6,-1,-1
324,50,1028.89,470.23,182.71,88.74,0.99,4,-1,-1
324,42,690.81,84.87,59.91,77.30,0.98,6,-1,-1
324,101,431.37,178.11,60.02,48.57,1.00,4,-1,-1
324,104,580.36,100.33,70.95,37.42,0.99,4,-1,-1
324,110,573.25,133.72,53.51,37.56,0.98,4,-1,-1
324,126,628.79,130.68,52.11,38.53,0.99,4,-1,-1
324,127,507.82,118.65,71.35,67.59,0.90,6,-1,-1
324,130,75.44,680.04,48.63,81.38,0.98,1,-1,-1
324,44,557.67,169.92,60.13,77.21,1.00,6,-1,-1
324,135,387.32,229.51,106.64,55.39,1.00,4,-1,-1
324,147,665.67,322.19,21.17,54.60,0.86,1,-1,-1
324,45,621.42,159.55,61.86,77.05,0.43,8,-1,-1
324,161,369.13,83.50,78.66,40.92,0.95,4,-1,-1
324,163,523.26,107.33,59.67,35.75,0.93,4,-1,-1
324,165,594.64,46.20,154.61,74.99,0.99,6,-1,-1
324,169,1109.11,290.40,20.66,39.50,0.72,1,-1,-1
324,67,958.44,395.98,27.92,36.65,0.94,1,-1,-1
324,175,882.02,134.51,30.79,22.89,0.93,10,-1,-1
324,170,555.32,321.66,119.04,246.15,0.96,6,-1,-1
325,4,470.26,349.97,75.88,84.26,1.00,4,-1,-1
325,11,565.54,586.07,167.05,178.52,0.37,6,-1,-1
325,31,241.95,428.72,159.90,109.11,1.00,5,-1,-1
325,32,817.34,409.60,177.08,241.28,0.99,6,-1,-1
325,35,875.06,250.78,102.55,65.74,1.00,4,-1,-1
325,36,399.96,258.23,121.79,60.20,1.00,4,-1,-1
325,38,783.47,188.56,97.71,57.01,1.00,5,-1,-1
325,43,775.84,112.72,39.06,39.50,0.99,4,-1,-1
325,54,696.03,320.84,106.70,206.81,0.99,6,-1,-1
325,50,1032.35,473.57,186.61,91.30,0.99,4,-1,-1
325,42,691.87,86.24,60.50,77.33,0.99,6,-1,-1
325,101,430.94,179.34,60.65,49.06,1.00,4,-1,-1
325,104,579.75,101.22,71.67,37.16,0.99,4,-1,-1
325,110,574.76,134.82,52.69,37.46,0.98,4,-1,-1
325,126,630.38,131.32,51.09,39.37,0.99,4,-1,-1
325,127,507.52,118.90,71.18,68.25,0.96,6,-1,-1
325,130,70.12,688.44,49.41,76.26,0.99,1,-1,-1
325,44,558.49,171.02,59.94,77.26,1.00,6,-1,-1
325,135,386.79,230.71,107.04,55.85,1.00,4,-1,-1
325,147,665.41,326.04,20.79,54.82,0.73,1,-1,-1
325,45,621.68,160.44,62.84,78.22,0.98,8,-1,-1
325,161,373.04,84.17,74.61,40.15,0.96,4,-1,-1
325,163,526.26,107.94,57.15,35.72,0.89,4,-1,-1
325,165,598.01,45.69,154.15,76.50,0.99,6,-1,-1
325,169,1113.13,292.69,20.58,39.44,0.82,1,-1,-1
325,67,960.77,399.53,27.62,36.20,0.43,1,-1,-1
325,175,882.76,135.56,30.79,23.02,0.92,10,-1,-1
325,170,554.98,328.15,120.32,245.99,0.98,6,-1,-1
325,9,552.48,258.79,129.64,304.16,0.57,6,-1,-1
326,4,470.16,350.01,76.05,84.39,1.00,4,-1,-1
326,11,563.69,590.19,167.99,174.35,0.61,6,-1,-1
326,31,239.80,432.51,160.24,109.69,1.00,5,-1,-1
326,32,819.22,414.27,178.09,244.08,0.99,6,-1,-1
326,35,876.57,252.53,102.74,66.15,1.00,4,-1,-1
326,36,398.49,260.08,122.83,61.42,1.00,4,-1,-1
326,38,784.05,190.01,98.53,57.29,1.00,5,-1,-1
326,43,776.36,113.67,39.28,39.28,0.99,4,-1,-1
326,54,695.88,323.31,108.17,209.47,1.00,6,-1,-1
326,50,1034.89,478.11,188.05,92.23,0.99,4,-1,-1
326,42,692.17,87.14,60.71,77.46,0.99,6,-1,-1
326,101,430.45,180.75,60.32,49.45,1.00,4,-1,-1
326,104,578.61,102.17,71.92,36.77,0.99,4,-1,-1
326,110,575.27,135.69,52.36,37.85,0.98,4,-1,-1
326,126,630.62,132.16,50.68,39.67,0.99,4,-1,-1
326,127,507.36,120.03,71.10,68.20,0.95,6,-1,-1
326,130,64.46,696.55,49.66,69.61,0.95,1,-1,-1
326,44,557.31,171.24,61.01,79.04,1.00,6,-1,-1
326,135,386.44,233.02,106.74,55.15,0.99,4,-1,-1
326,147,663.88,329.95,21.21,54.89,0.65,1,-1,-1
326,45,621.42,161.30,63.20,79.42,0.98,8,-1,-1
326,161,373.96,84.93,72.71,39.16,0.96,4,-1,-1
326,163,526.82,108.42,56.13,35.56,0.91,4,-1,-1
326,165,600.54,47.21,157.38,77.02,0.99,6,-1,-1
326,169,1115.87,295.63,20.54,38.84,0.59,1,-1,-1
326,67,962.35,403.34,27.50,36.31,0.45,1,-1,-1
326,175,882.67,136.54,30.79,23.21,0.95,10,-1,-1
326,170,553.95,327.66,122.47,251.87,0.97,6,-1,-1
326,177,349.20,96.80,52.94,30.95,0.71,7,-1,-1
327,4,470.17,349.89,76.68,85.01,1.00,4,-1,-1
327,11,562.52,598.22,164.35,165.96,0.28,6,-1,-1
327,31,234.34,436.80,164.00,111.43,1.00,5,-1,-1
327,32,820.79,416.46,179.83,250.68,0.98,6,-1,-1
327,35,878.27,254.24,102.79,67.14,0.99,4,-1,-1
327,36,396.48,261.57,123.92,62.14,1.00,4,-1,-1
327,38,784.57,191.28,99.11,58.17,0.99,5,-1,-1
327,43,776.86,114.48,39.36,39.05,0.99,4,-1,-1
327,54,696.14,325.83,109.83,211.54,1.00,6,-1,-1
327,50,1038.63,483.33,189.67,93.10,0.99,4,-1,-1
327,42,692.88,87.66,60.21,77.63,0.97,6,-1,-1
327,101,429.77,182.02,60.75,50.22,1.00,4,-1,-1
327,104,577.70,102.85,72.00,36.75,0.99,4,-1,-1
327,110,575.23,136.97,52.23,38.27,0.99,4,-1,-1
327,126,630.18,132.64,51.10,39.36,0.97,4,-1,-1
327,127,506.52,120.37,69.36,69.15,0.92,6,-1,-1
327,130,58.85,706.26,48.11,60.64,0.90,1,-1,-1
327,44,556.63,172.62,61.98,79.34,0.99,6,-1,-1
327,135,385.14,234.25,107.58,57.44,1.00,4,-1,-1
327,147,663.41,333.39,20.81,54.33,0.57,1,-1,-1
327,45,621.36,162.28,63.33,79.44,0.99,8,-1,-1
327,161,374.92,85.76,70.86,36.90,0.89,4,-1,-1
327,163,527.08,108.89,55.75,35.81,0.94,4,-1,-1
327,165,602.87,49.59,158.59,76.07,0.99,6,-1,-1
327,169,1117.42,297.33,21.67,40.03,0.79,1,-1,-1
327,67,964.63,406.49,29.72,38.19,0.80,1,-1,-1
327,175,882.69,138.20,30.79,22.85,0.96,10,-1,-1
327,170,552.51,324.60,124.39,261.29,0.89,6,-1,-1
327,178,578.45,257.63,76.84,58.91,0.60,4,-1,-1
328,4,469.66,350.29,77.46,85.53,1.00,4,-1,-1
328,11,563.88,605.18,160.62,161.36,0.18,5,-1,-1
328,31,231.43,440.40,166.20,112.62,1.00,5,-1,-1
328,32,823.04,421.97,181.53,251.30,0.99,6,-1,-1
328,35,878.89,256.29,103.91,67.22,0.99,4,-1,-1
328,36,394.82,263.35,124.71,62.41,0.99,4,-1,-1
328,38,785.34,192.18,99.86,58.77,1.00,5,-1,-1
328,43,776.78,115.02,39.94,38.95,1.00,4,-1,-1
328,54,696.54,328.99,110.41,214.64,0.99,6,-1,-1
328,50,1042.77,487.90,189.08,94.54,1.00,4,-1,-1
328,42,692.90,88.80,60.57,77.54,0.98,6,-1,-1
328,101,429.03,183.04,60.89,50.64,1.00,4,-1,-1
328,104,577.16,103.01,71.43,36.85,0.99,4,-1,-1
328,110,574.70,137.52,52.74,38.99,0.98,4,-1,-1
328,126,629.78,132.90,51.24,39.65,0.98,4,-1,-1
328,127,506.01,120.72,70.97,69.49,0.87,6,-1,-1
328,130,52.49,715.47,44.17,50.76,0.71,1,-1,-1
328,44,556.44,172.93,62.33,80.51,0.99,6,-1,-1
328,135,382.49,235.25,109.56,58.84,1.00,4,-1,-1
328,147,663.35,335.99,21.21,56.08,0.50,1,-1,-1
328,45,621.11,162.79,64.48,80.56,0.98,8,-1,-1
328,161,374.50,86.31,71.59,36.08,0.87,4,-1,-1
328,163,527.54,109.08,55.03,36.19,0.92,4,-1,-1
328,165,605.72,50.27,159.57,75.79,0.99,6,-1,-1
328,169,1119.62,299.53,22.08,39.62,0.27,1,-1,-1
328,67,966.01,409.46,30.53,38.61,0.52,1,-1,-1
328,175,883.29,138.64,30.78,23.14,0.94,10,-1,-1
328,170,551.19,314.08,126.18,275.92,0.92,6,-1,-1
328,178,578.26,259.73,78.34,59.00,0.79,4,-1,-1
328,179,505.87,122.41,75.13,68.73,0.66,4,-1,-1
329,4,469.69,349.92,77.77,85.74,1.00,4,-1,-1
329,11,563.27,613.56,158.13,151.06,0.16,6,-1,-1
329,31,226.69,444.67,169.01,113.60,1.00,5,-1,-1
329,32,824.70,423.96,185.27,256.64,0.99,6,-1,-1
329,35,880.21,257.96,104.34,67.24,1.00,4,-1,-1
329,36,393.32,264.68,126.14,62.50,1.00,4,-1,-1
329,38,786.16,192.73,100.15,58.99,1.00,5,-1,-1
329,43,777.55,115.15,40.17,38.92,0.99,4,-1,-1
329,54,698.08,332.49,109.52,215.78,1.00,6,-1,-1
329,50,1044.86,491.59,192.23,95.61,0.99,4,-1,-1
329,42,692.85,89.03,61.29,77.92,0.99,6,-1,-1
329,101,428.70,183.74,60.96,50.44,1.00,4,-1,-1
329,104,575.80,102.89,71.78,36.89,0.99,4,-1,-1
329,110,574.72,137.68,52.94,39.26,0.98,4,-1,-1
329,126,628.72,132.95,52.44,39.62,0.98,4,-1,-1
329,127,505.76,121.32,73.28,70.45,0.65,6,-1,-1
329,44,556.03,173.21,62.47,80.59,1.00,6,-1,-1
329,135,381.45,236.16,109.75,59.64,1.00,4,-1,-1
329,147,664.19,338.69,20.24,56.17,0.68,1,-1,-1
329,45,621.24,163.07,64.37,80.70,0.98,8,-1,-1
329,161,373.82,86.28,69.45,35.42,0.89,4,-1,-1
329,163,526.50,108.76,54.77,36.69,0.92,4,-1,-1
329,165,608.35,49.93,159.95,76.42,0.99,6,-1,-1
329,169,1122.10,301.07,23.37,40.31,0.65,1,-1,-1
329,67,968.73,412.84,29.74,38.19,0.91,1,-1,-1
329,175,884.09,138.71,30.78,23.53,0.90,10,-1,-1
329,170,549.82,325.79,127.44,271.62,0.94,6,-1,-1
329,178,581.75,260.31,73.43,57.05,0.65,4,-1,-1
329,179,505.84,121.14,71.87,70.37,0.67,6,-1,-1
329,180,969.06,412.81,29.03,38.42,0.93,2,-1,-1
330,4,470.33,349.99,77.29,85.53,1.00,4,-1,-1
330,11,564.56,618.86,152.00,145.84,0.15,6,-1,-1
330,31,220.85,448.32,172.24,116.20,0.99,5,-1,-1
330,32,823.07,426.92,189.97,257.03,0.97,6,-1,-1
330,35,881.26,259.06,104.46,67.51,0.99,4,-1,-1
330,36,392.59,265.90,126.07,63.08,1.00,4,-1,-1
330,38,787.06,193.20,100.22,59.28,0.99,5,-1,-1
330,43,778.16,115.22,40.24,38.90,0.99,4,-1,-1
330,54,698.97,335.64,110.80,216.69,0.99,6,-1,-1
330,50,1048.36,495.90,194.47,96.55,0.99,4,-1,-1
330,42,693.45,88.98,60.97,78.19,0.99,6,-1,-1
330,101,428.83,183.89,60.26,50.78,1.00,4,-1,-1
330,104,574.26,102.24,72.46,37.22,0.99,4,-1,-1
330,110,574.52,137.73,53.01,39.50,0.98,4,-1,-1
330,126,628.38,132.75,52.32,39.17,0.99,4,-1,-1
330,127,504.64,120.84,75.26,71.08,0.64,6,-1,-1
330,44,555.39,173.23,63.06,81.02,1.00,6,-1,-1
330,135,380.91,237.35,109.48,59.65,1.00,4,-1,-1
330,147,664.94,341.35,19.84,56.75,0.85,1,-1,-1
330,45,620.79,163.23,64.86,80.44,0.97,8,-1,-1
330,161,373.53,85.93,68.77,35.01,0.95,4,-1,-1
330,163,526.48,108.43,54.10,36.87,0.93,4,-1,-1
330,165,610.75,50.14,160.61,75.98,1.00,6,-1,-1
330,169,1125.20,302.42,22.74,40.28,0.82,1,-1,-1
330,67,971.97,415.95,29.39,38.59,0.86,1,-1,-1
330,175,884.42,138.90,30.78,23.68,0.93,10,-1,-1
330,170,549.39,325.35,128.40,279.73,0.75,6,-1,-1
330,178,586.20,260.33,67.54,54.65,0.71,4,-1,-1
330,179,505.49,120.83,71.90,70.39,0.87,6,-1,-1
331,4,470.42,347.16,77.66,86.29,1.00,4,-1,-1
331,11,564.61,624.36,149.76,140.65,0.15,6,-1,-1
331,31,216.94,449.54,173.12,117.12,1.00,5,-1,-1
331,32,823.58,428.13,193.93,261.23,0.99,6,-1,-1
331,35,883.37,258.09,103.34,68.15,1.00,4,-1,-1
331,36,391.37,265.01,127.13,63.28,1.00,4,-1,-1
331,38,788.00,192.18,100.78,59.36,1.00,5,-1,-1
331,43,779.00,113.00,40.25,40.17,0.99,4,-1,-1
331,54,699.39,335.28,112.39,219.75,0.99,6,-1,-1
331,50,1051.89,497.30,195.25,97.97,0.99,4,-1,-1
331,42,693.45,87.24,61.40,77.84,1.00,6,-1,-1
331,101,427.02,182.21,61.69,51.59,0.99,4,-1,-1
331,104,572.96,99.51,72.69,37.62,0.99,4,-1,-1
331,110,573.97,136.30,53.59,39.00,0.98,4,-1,-1
331,126,627.49,130.80,53.39,39.27,0.99,4,-1,-1
331,44,554.98,170.86,63.27,81.79,0.99,6,-1,-1
331,135,377.64,236.75,112.03,59.90,1.00,4,-1,-1
331,147,665.64,341.89,19.12,56.66,0.89,1,-1,-1
331,45,620.71,161.33,65.59,81.09,0.96,6,-1,-1
331,161,373.26,84.06,69.96,35.11,0.93,4,-1,-1
331,163,522.56,106.20,57.30,37.67,0.91,4,-1,-1
331,165,611.66,47.38,163.09,76.82,1.00,6,-1,-1
331,169,1129.14,302.36,22.47,39.96,0.69,1,-1,-1
331,67,973.74,416.79,30.38,38.86,0.48,1,-1,-1
331,175,885.73,136.94,29.63,23.72,0.98,10,-1,-1
331,178,588.76,259.02,63.33,51.34,0.84,4,-1,-1
331,181,895.63,127.75,15.37,27.53,0.69,2,-1,-1
331,9,548.74,278.02,133.55,320.95,0.81,6,-1,-1
332,4,470.04,343.61,78.39,86.89,0.99,4,-1,-1
332,11,563.99,628.68,146.16,134.96,0.12,6,-1,-1
332,31,212.81,449.68,174.86,118.04,1.00,5,-1,-1
332,32,824.33,427.42,197.70,265.65,0.99,6,-1,-1
332,35,884.73,255.56,105.22,68.98,0.99,4,-1,-1
332,36,390.23,262.51,126.99,63.93,1.00,4,-1,-1
332,38,788.91,189.55,101.58,59.47,0.99,5,-1,-1
332,43,779.58,108.92,40.83,40.37,1.00,4,-1,-1
332,54,700.06,334.24,113.58,221.50,0.99,6,-1,-1
332,50,1054.93,498.07,197.82,99.08,0.99,4,-1,-1
332,42,694.26,82.54,61.01,79.57,1.00,6,-1,-1
332,101,424.26,178.77,63.37,52.12,1.00,4,-1,-1
332,104,572.15,95.16,71.66,37.64,0.99,4,-1,-1
332,110,571.99,132.16,55.52,39.39,0.99,4,-1,-1
332,126,626.26,126.76,54.93,39.46,0.99,4,-1,-1
332,44,554.75,168.64,63.37,81.11,1.00,6,-1,-1
332,135,375.86,234.22,112.88,58.59,1.00,4,-1,-1
332,147,665.90,340.60,18.87,57.48,0.73,1,-1,-1
332,45,621.19,157.95,64.76,80.29,0.97,6,-1,-1
332,161,372.02,79.60,70.00,35.96,0.83,4,-1,-1
332,163,521.88,102.26,56.81,37.98,0.89,4,-1,-1
332,165,614.39,43.95,163.50,76.28,0.99,6,-1,-1
332,169,1132.37,300.32,22.37,40.42,0.60,1,-1,-1
332,67,976.68,416.09,29.64,37.98,0.53,1,-1,-1
332,175,886.26,133.31,30.36,23.75,0.97,10,-1,-1
332,178,587.32,256.13,65.64,54.68,0.61,4,-1,-1
332,9,547.75,268.33,136.67,332.69,0.67,6,-1,-1
332,182,378.02,249.31,108.65,46.53,0.84,4,-1,-1
332,127,503.51,115.68,75.51,71.01,0.97,6,-1,-1
332,170,548.97,341.19,128.84,266.61,0.92,6,-1,-1
333,4,470.14,339.86,78.64,86.54,1.00,4,-1,-1
333,11,564.01,631.54,148.39,130.83,0.15,6,-1,-1
333,31,207.90,450.26,177.76,118.91,1.00,5,-1,-1
333,32,831.47,428.43,194.84,271.85,0.99,6,-1,-1
333,35,887.38,253.30,104.76,68.71,1.00,4,-1,-1
333,36,388.69,259.94,127.45,64.73,0.99,4,-1,-1
333,38,789.73,186.00,101.85,59.50,1.00,5,-1,-1
333,43,780.57,104.88,41.04,40.47,0.99,4,-1,-1
333,54,700.52,332.91,114.54,225.59,0.99,6,-1,-1
333,50,1059.25,499.49,199.84,98.90,0.99,4,-1,-1
333,42,694.51,78.80,61.98,79.79,1.00,6,-1,-1
333,101,422.50,175.31,64.13,52.45,0.99,4,-1,-1
333,104,571.28,90.48,71.24,37.79,0.99,4,-1,-1
333,110,571.49,128.68,56.24,38.96,0.99,4,-1,-1
333,126,625.19,122.62,55.50,39.25,1.00,4,-1,-1
333,44,553.50,165.46,64.51,81.61,1.00,6,-1,-1
333,135,374.80,231.22,113.01,58.07,0.99,4,-1,-1
333,147,666.25,339.29,18.77,57.77,0.87,1,-1,-1
333,45,620.76,154.40,64.97,81.54,0.98,6,-1,-1
333,161,370.69,74.93,70.59,36.28,0.87,4,-1,-1
333,163,519.06,97.81,58.30,37.81,0.95,4,-1,-1
333,165,617.30,38.86,163.59,77.26,1.00,6,-1,-1
333,169,1135.65,298.38,22.32,40.59,0.60,1,-1,-1
333,175,886.95,130.25,30.63,23.61,0.95,10,-1,-1
333,178,589.89,253.46,61.44,55.11,0.95,4,-1,-1
333,9,547.64,273.92,137.68,330.34,0.86,6,-1,-1
333,127,503.00,112.88,73.15,70.05,0.88,6,-1,-1
333,183,324.87,89.01,52.08,29.67,0.81,7,-1,-1
334,4,469.70,335.71,79.86,86.40,0.99,4,-1,-1
334,11,563.25,635.96,146.93,125.45,0.14,6,-1,-1
334,31,205.34,450.98,179.00,119.77,1.00,5,-1,-1
334,32,830.02,428.08,201.22,273.98,0.99,6,-1,-1
334,35,889.55,250.65,104.56,69.16,1.00,4,-1,-1
334,36,387.41,257.58,128.16,65.02,1.00,4,-1,-1
334,38,791.51,182.67,102.21,59.86,1.00,5,-1,-1
334,43,781.86,101.08,40.54,39.62,1.00,4,-1,-1
334,54,700.76,331.13,115.98,229.19,0.99,6,-1,-1
334,50,1062.53,501.11,201.66,99.93,0.98,4,-1,-1
334,42,694.40,73.98,62.90,79.89,1.00,6,-1,-1
334,101,422.53,172.01,63.00,52.35,1.00,4,-1,-1
334,104,570.24,85.63,71.07,37.84,0.99,4,-1,-1
334,110,570.56,124.18,57.62,40.08,0.98,4,-1,-1
334,126,624.61,117.59,56.26,40.30,0.99,4,-1,-1
334,44,553.14,161.50,64.93,81.93,1.00,6,-1,-1
334,135,374.14,228.14,112.59,57.58,1.00,4,-1,-1
334,147,665.33,337.20,20.48,58.72,0.70,1,-1,-1
334,45,620.70,150.23,65.04,81.35,0.99,6,-1,-1
334,161,369.17,70.10,70.24,36.01,0.89,4,-1,-1
334,163,519.54,93.10,57.72,38.30,0.96,4,-1,-1
334,165,620.68,34.82,163.59,76.80,0.99,6,-1,-1
334,169,1139.12,296.98,23.43,40.08,0.65,1,-1,-1
334,175,887.85,126.21,30.72,23.70,0.98,10,-1,-1
334,178,590.13,250.23,60.14,57.69,0.95,4,-1,-1
334,9,544.60,254.33,140.85,354.45,0.22,6,-1,-1
334,127,503.21,108.66,72.29,70.24,0.85,6,-1,-1
334,183,320.06,83.95,56.29,30.44,0.65,7,-1,-1
334,184,248.03,51.39,74.71,45.89,0.71,4,-1,-1
334,170,547.86,337.59,132.19,277.06,0.89,6,-1,-1
335,4,469.33,331.99,80.86,87.76,0.99,4,-1,-1
335,11,562.47,642.24,143.54,119.02,0.24,6,-1,-1
335,31,201.38,451.65,181.64,121.16,0.99,5,-1,-1
335,32,830.89,428.05,204.39,276.32,0.99,6,-1,-1
335,35,890.90,248.29,105.59,69.59,0.99,4,-1,-1
335,36,386.06,255.20,129.39,65.67,1.00,4,-1,-1
335,38,792.47,179.01,102.59,60.76,1.00,5,-1,-1
335,43,782.64,96.59,40.90,40.32,1.00,4,-1,-1
335,54,701.73,329.76,117.62,232.14,0.99,6,-1,-1
335,50,1066.50,502.63,204.53,100.83,0.99,4,-1,-1
335,42,694.68,68.98,63.80,81.42,1.00,6,-1,-1
335,101,420.24,168.67,64.96,52.79,1.00,4,-1,-1
335,104,568.52,80.32,71.57,38.49,0.99,4,-1,-1
335,110,570.00,120.05,58.13,40.34,0.98,4,-1,-1
335,126,623.05,112.92,58.21,41.25,0.99,4,-1,-1
335,44,552.51,156.63,65.64,83.66,1.00,6,-1,-1
335,135,372.04,225.21,114.08,59.95,1.00,4,-1,-1
335,147,665.06,335.83,21.65,58.77,0.68,1,-1,-1
335,45,619.87,146.21,66.19,82.11,0.99,6,-1,-1
335,161,368.12,65.04,71.81,36.98,0.76,4,-1,-1
335,163,517.83,88.62,58.05,38.97,0.97,4,-1,-1
335,165,622.20,29.57,165.82,77.75,0.99,6,-1,-1
335,169,1143.72,294.91,22.72,40.73,0.76,1,-1,-1
335,175,888.77,122.09,31.90,24.01,0.96,10,-1,-1
335,178,590.18,246.67,61.03,55.13,0.99,4,-1,-1
335,9,544.11,269.79,142.00,339.37,0.94,6,-1,-1
335,127,501.65,106.67,75.40,68.90,0.69,6,-1,-1
335,183,315.77,78.84,57.44,30.48,0.75,7,-1,-1
335,184,250.95,49.08,69.74,43.06,0.89,4,-1,-1
335,185,898.19,110.78,17.08,29.24,0.82,2,-1,-1
336,4,469.40,328.32,81.25,88.82,0.99,4,-1,-1
336,11,563.36,646.78,143.54,115.24,0.19,6,-1,-1
336,31,196.78,452.36,184.08,123.32,1.00,5,-1,-1
336,32,832.24,428.55,208.37,281.14,0.99,6,-1,-1
336,35,893.55,245.98,104.85,70.01,1.00,4,-1,-1
336,36,384.67,252.83,130.12,66.44,1.00,4,-1,-1
336,38,793.57,176.19,103.02,60.72,0.98,5,-1,-1
336,43,783.38,92.88,41.04,39.54,0.99,4,-1,-1
336,54,702.29,327.97,119.38,236.54,0.99,6,-1,-1
336,50,1071.25,503.80,205.58,101.67,0.99,4,-1,-1
336,42,694.94,64.84,64.15,81.42,1.00,6,-1,-1
336,101,419.60,165.32,65.12,53.71,1.00,4,-1,-1
336,104,566.67,74.96,71.76,39.28,1.00,4,-1,-1
336,110,569.70,115.89,58.31,40.85,0.98,4,-1,-1
336,126,622.64,108.63,58.39,41.17,1.00,4,-1,-1
336,44,551.92,153.40,65.90,83.51,1.00,6,-1,-1
336,135,370.51,222.23,114.50,60.81,1.00,4,-1,-1
336,147,665.19,334.73,21.56,58.48,0.87,1,-1,-1
336,45,619.75,141.73,67.19,83.72,0.98,6,-1,-1
336,161,367.35,61.19,73.25,36.76,0.88,4,-1,-1
336,163,516.27,84.08,58.73,39.27,0.98,4,-1,-1
336,165,624.83,26.01,166.65,76.53,0.96,6,-1,-1
336,169,1148.13,292.25,22.44,41.81,0.85,1,-1,-1
336,175,889.57,118.31,31.21,23.98,0.96,10,-1,-1
336,178,590.39,243.54,60.82,56.20,0.99,4,-1,-1
336,9,544.16,272.69,143.57,339.13,0.93,6,-1,-1
336,127,499.87,99.94,76.55,71.54,0.96,6,-1,-1
336,183,311.61,74.25,56.81,30.96,0.85,7,-1,-1
336,184,250.39,45.22,69.44,42.58,0.94,4,-1,-1
336,185,899.96,107.41,17.12,28.78,0.64,2,-1,-1
337,4,469.20,324.29,81.93,89.50,1.00,4,-1,-1
337,11,561.97,651.69,141.84,109.98,0.62,6,-1,-1
337,31,191.92,453.06,186.25,125.79,1.00,5,-1,-1
337,32,833.01,428.54,213.96,286.93,0.99,6,-1,-1
337,35,895.09,243.31,105.67,71.01,1.00,4,-1,-1
337,36,382.42,249.79,132.48,67.86,1.00,4,-1,-1
337,38,794.56,172.20,103.71,61.97,1.00,5,-1,-1
337,43,784.53,88.16,41.65,40.39,1.00,4,-1,-1
337,54,703.65,327.54,119.42,241.49,0.99,6,-1,-1
337,50,1075.18,504.73,208.14,102.53,1.00,4,-1,-1
337,42,695.38,60.25,64.25,81.46,1.00,6,-1,-1
337,101,417.64,161.39,66.43,54.48,1.00,4,-1,-1
337,104,565.24,69.73,71.24,39.44,0.99,4,-1,-1
337,110,569.95,111.76,57.79,40.90,0.99,4,-1,-1
337,126,622.30,104.04,58.42,41.14,1.00,4,-1,-1
337,44,551.21,148.82,66.54,84.71,1.00,6,-1,-1
337,135,368.08,219.39,115.46,61.98,1.00,4,-1,-1
337,147,666.71,333.98,21.50,58.35,0.62,1,-1,-1
337,45,620.06,138.53,66.42,83.89,0.97,6,-1,-1
337,161,366.04,56.36,74.92,36.89,0.96,4,-1,-1
337,163,514.37,79.14,60.11,39.42,0.96,4,-1,-1
337,165,628.08,21.37,166.34,76.29,0.99,6,-1,-1
337,169,1151.94,289.86,22.32,42.50,0.89,1,-1,-1
337,175,889.90,113.64,32.08,24.39,0.97,10,-1,-1
337,178,590.15,240.13,60.82,56.01,0.98,4,-1,-1
337,9,543.14,272.30,144.64,341.21,0.90,6,-1,-1
337,127,499.56,94.77,76.40,72.40,0.62,6,-1,-1
337,183,307.89,70.36,57.18,30.70,0.83,7,-1,-1
337,184,249.54,39.65,69.94,43.23,0.97,4,-1,-1
337,185,901.08,103.45,17.13,28.24,0.77,2,-1,-1
337,186,499.47,98.19,78.55,70.44,0.79,4,-1,-1
338,4,469.20,320.52,82.13,89.18,0.99,4,-1,-1
338,11,561.76,651.96,146.45,110.26,0.18,6,-1,-1
338,31,188.18,454.65,187.51,126.72,0.99,5,-1,-1
338,32,835.21,429.87,216.20,291.13,0.99,6,-1,-1
338,35,896.76,241.22,107.08,71.95,0.99,4,-1,-1
338,36,380.16,247.60,133.73,68.11,0.99,4,-1,-1
338,38,795.81,168.99,104.21,62.38,1.00,5,-1,-1
338,43,785.30,83.72,41.86,41.62,0.99,4,-1,-1
338,54,705.04,326.35,119.88,246.09,0.99,6,-1,-1
338,50,1079.31,506.85,208.99,102.86,1.00,4,-1,-1
338,42,696.20,55.63,64.24,82.53,0.99,6,-1,-1
338,101,418.32,158.12,64.49,54.76,0.99,4,-1,-1
338,104,564.01,64.65,71.02,39.85,0.99,4,-1,-1
338,110,569.88,107.63,58.11,41.33,0.99,4,-1,-1
338,126,622.00,99.26,58.96,41.40,0.99,4,-1,-1
338,44,550.77,144.37,67.31,86.63,0.99,6,-1,-1
338,135,367.75,216.58,115.34,62.42,0.99,4,-1,-1
338,147,667.64,332.92,22.02,59.14,0.68,1,-1,-1
338,45,620.27,134.13,66.64,84.22,0.94,6,-1,-1
338,161,364.59,51.62,75.80,37.37,0.86,4,-1,-1
338,163,514.36,74.67,59.48,39.57,0.96,4,-1,-1
338,165,631.31,16.45,166.15,77.22,0.99,6,-1,-1
338,169,1156.65,288.62,21.12,42.47,0.62,1,-1,-1
338,175,892.32,110.08,31.25,23.69,0.93,10,-1,-1
338,178,589.50,237.16,61.45,55.95,0.99,4,-1,-1
338,9,542.28,266.27,146.03,349.81,0.93,6,-1,-1
338,127,498.46,91.54,76.86,70.98,0.69,6,-1,-1
338,183,303.88,65.89,57.90,30.84,0.69,7,-1,-1
338,184,249.21,35.52,70.07,42.24,0.97,4,-1,-1
338,185,901.91,99.91,17.11,28.00,0.71,2,-1,-1
338,186,497.81,93.15,80.08,70.52,0.78,4,-1,-1
338,67,994.69,415.07,30.80,40.71,0.54,1,-1,-1
339,4,468.99,316.60,82.26,89.89,1.00,4,-1,-1
339,11,561.09,659.04,147.67,102.76,0.32,6,-1,-1
339,31,184.69,456.44,188.60,127.54,1.00,5,-1,-1
339,32,835.41,430.16,221.63,296.54,0.99,6,-1,-1
339,35,898.93,238.08,107.66,72.83,1.00,4,-1,-1
339,36,378.67,244.93,133.82,69.00,0.99,4,-1,-1
339,38,796.92,165.06,104.72,62.49,1.00,5,-1,-1
339,43,786.20,78.90,41.96,41.51,0.99,4,-1,-1
339,54,705.69,326.86,122.99,244.42,0.98,6,-1,-1
339,50,1083.64,508.46,212.74,103.45,1.00,4,-1,-1
339,42,696.53,51.51,64.28,81.69,0.99,6,-1,-1
339,101,415.49,154.26,66.62,54.98,1.00,4,-1,-1
339,104,561.59,59.34,71.55,39.63,0.99,4,-1,-1
339,110,569.04,102.92,59.39,41.73,0.99,4,-1,-1
339,126,621.09,94.57,59.18,40.81,1.00,4,-1,-1
339,44,550.36,140.93,67.08,86.22,1.00,6,-1,-1
339,135,366.84,213.62,114.76,62.19,0.99,4,-1,-1
339,147,668.13,332.09,22.25,59.14,0.89,1,-1,-1
339,45,620.68,129.40,66.21,85.46,0.98,6,-1,-1
339,161,362.57,46.27,77.29,37.74,0.82,4,-1,-1
339,163,512.41,69.69,60.96,39.54,0.98,4,-1,-1
339,165,634.14,10.17,167.27,79.38,0.99,6,-1,-1
339,169,1159.96,285.70,21.85,42.73,0.17,1,-1,-1
339,175,893.06,105.80,32.09,23.81,0.95,10,-1,-1
339,178,589.04,234.43,61.18,54.76,0.99,4,-1,-1
339,9,541.22,266.68,149.53,352.46,0.92,6,-1,-1
339,127,496.93,85.38,78.78,73.28,0.89,6,-1,-1
339,183,298.28,60.90,59.06,31.02,0.57,7,-1,-1
339,184,241.66,29.23,76.69,45.33,0.81,4,-1,-1
339,185,903.23,94.47,17.11,29.15,0.86,2,-1,-1
339,186,496.57,88.38,81.11,72.41,0.60,4,-1,-1
339,67,998.07,414.02,30.86,40.60,0.36,1,-1,-1
340,4,468.84,312.40,83.92,91.28,0.99,4,-1,-1
340,11,560.32,668.81,149.20,93.10,0.19,6,-1,-1
340,31,178.73,457.46,193.03,128.38,1.00,5,-1,-1
340,32,836.56,431.17,225.62,301.78,0.99,6,-1,-1
340,35,900.86,235.04,108.92,73.72,1.00,4,-1,-1
340,36,376.74,242.56,135.43,69.33,1.00,4,-1,-1
340,38,797.71,161.88,106.24,62.81,1.00,5,-1,-1
340,43,786.38,74.04,43.09,42.38,1.00,4,-1,-1
340,54,706.30,324.34,124.54,253.17,0.99,6,-1,-1
340,50,1088.38,510.28,212.84,104.24,0.99,4,-1,-1
340,42,696.28,45.99,65.93,82.80,0.99,6,-1,-1
340,101,415.04,150.33,66.78,56.18,0.99,4,-1,-1
340,104,559.58,54.02,70.56,40.11,1.00,4,-1,-1
340,110,568.98,98.80,59.26,42.05,0.99,4,-1,-1
340,126,620.42,89.15,60.33,41.97,1.00,4,-1,-1
340,44,549.91,135.96,67.47,88.07,0.99,6,-1,-1
340,135,365.01,210.24,116.29,62.73,1.00,4,-1,-1
340,147,668.16,330.14,23.42,59.12,0.85,1,-1,-1
340,45,620.20,125.59,66.54,84.91,0.98,6,-1,-1
340,161,361.08,41.03,77.78,37.82,0.89,4,-1,-1
340,163,515.37,65.05,57.51,39.66,0.97,4,-1,-1
340,165,637.91,5.12,167.56,79.87,0.99,6,-1,-1
340,169,1163.83,283.65,22.08,43.66,0.51,1,-1,-1
340,175,893.97,101.54,32.38,23.89,0.97,10,-1,-1
340,178,588.16,231.31,62.24,55.78,0.99,4,-1,-1
340,9,539.35,266.07,152.29,357.18,0.92,6,-1,-1
340,127,495.82,80.83,80.54,73.97,0.93,6,-1,-1
340,183,294.74,56.16,58.24,30.79,0.52,7,-1,-1
340,184,237.48,22.43,80.32,47.84,0.87,4,-1,-1
340,185,904.30,89.61,17.09,30.52,0.91,2,-1,-1
341,4,468.59,309.38,84.57,90.67,1.00,4,-1,-1
341,11,558.82,674.34,152.70,88.29,0.27,6,-1,-1
341,31,174.50,458.76,195.02,131.48,1.00,5,-1,-1
341,32,838.86,432.76,229.15,306.37,0.99,6,-1,-1
341,35,903.16,232.85,109.43,74.04,0.99,4,-1,-1
341,36,375.40,240.88,134.79,69.44,0.99,4,-1,-1
341,38,798.42,158.38,107.41,63.77,1.00,5,-1,-1
341,43,787.69,69.76,42.40,42.56,0.99,4,-1,-1
341,54,707.79,323.78,125.19,256.31,0.96,6,-1,-1
341,50,1093.49,512.55,215.15,105.64,1.00,4,-1,-1
341,42,697.13,41.27,66.01,83.95,0.99,6,-1,-1
341,101,412.69,146.91,67.42,56.49,1.00,4,-1,-1
341,104,557.81,48.93,70.21,39.86,0.99,4,-1,-1
341,110,568.48,94.72,59.78,42.72,0.99,4,-1,-1
341,126,619.71,84.40,60.77,42.44,0.99,4,-1,-1
341,44,549.26,132.83,67.08,87.36,0.99,6,-1,-1
341,135,362.70,207.75,116.89,63.20,1.00,4,-1,-1
341,147,667.76,328.38,23.87,56.26,0.82,1,-1,-1
341,45,619.55,121.41,67.26,85.40,0.99,6,-1,-1
341,161,358.98,35.92,79.82,39.19,0.72,4,-1,-1
341,163,516.95,61.67,55.59,38.92,0.99,4,-1,-1
341,165,640.44,1.12,168.29,79.13,0.99,6,-1,-1
341,169,1168.60,282.34,22.19,43.45,0.37,1,-1,-1
341,175,895.33,97.23,32.50,24.38,0.96,10,-1,-1
341,178,588.22,229.03,62.11,55.87,0.98,4,-1,-1
341,9,539.04,267.52,155.10,360.08,0.93,6,-1,-1
341,127,493.78,77.23,81.24,74.36,0.97,6,-1,-1
341,183,288.95,51.16,59.12,30.92,0.58,7,-1,-1
341,184,233.96,15.64,83.66,50.60,0.77,4,-1,-1
341,185,904.53,85.48,18.31,30.25,0.94,2,-1,-1
342,4,468.80,305.47,84.79,91.25,1.00,4,-1,-1
342,11,558.60,677.45,154.56,84.48,0.30,7,-1,-1
342,31,170.88,460.41,196.80,133.69,1.00,5,-1,-1
342,32,841.62,435.47,232.32,310.29,0.99,6,-1,-1
342,35,905.03,230.58,109.58,74.40,0.99,4,-1,-1
342,36,374.00,238.28,135.20,70.00,1.00,4,-1,-1
342,38,799.45,155.18,107.53,64.02,1.00,5,-1,-1
342,43,788.12,65.05,43.26,42.25,0.99,4,-1,-1
342,54,709.44,323.08,125.38,260.69,0.92,6,-1,-1
342,50,1096.90,515.59,217.06,104.97,1.00,4,-1,-1
342,42,697.40,36.73,66.58,84.43,1.00,6,-1,-1
342,101,412.14,143.71,66.51,56.57,0.99,4,-1,-1
342,104,556.05,43.45,69.50,40.10,0.99,4,-1,-1
342,110,567.72,90.47,60.52,43.06,0.99,4,-1,-1
342,126,618.59,79.52,61.48,42.80,0.99,4,-1,-1
342,44,548.18,128.47,68.61,89.37,1.00,6,-1,-1
342,135,361.35,205.43,117.08,64.19,1.00,4,-1,-1
342,147,666.76,326.03,24.04,56.01,0.24,1,-1,-1
342,45,618.72,117.14,68.09,86.55,0.99,6,-1,-1
342,161,357.95,31.93,77.34,38.57,0.81,4,-1,-1
342,163,516.38,57.71,56.05,38.84,0.97,4,-1,-1
342,165,642.95,-0.48,170.80,76.47,0.99,6,-1,-1
342,169,1172.43,279.95,22.23,44.19,0.32,1,-1,-1
342,175,895.74,92.96,33.67,24.49,0.97,10,-1,-1
342,178,588.52,225.92,62.08,55.32,0.99,4,-1,-1
342,9,537.57,268.74,158.36,362.66,0.92,6,-1,-1
342,127,492.75,73.15,82.60,74.19,0.95,6,-1,-1
342,183,284.28,46.14,58.83,31.32,0.43,7,-1,-1
342,184,230.08,11.41,86.54,51.65,0.78,4,-1,-1
342,185,905.67,81.00,18.73,29.74,0.91,2,-1,-1
342,67,1008.26,414.79,30.91,41.82,0.60,1,-1,-1
343,4,468.78,304.72,84.31,91.17,0.99,4,-1,-1
343,11,556.78,693.40,152.47,70.59,0.34,6,-1,-1
343,31,164.48,464.48,199.97,135.60,1.00,5,-1,-1
343,32,844.55,440.71,233.77,314.44,0.99,6,-1,-1
343,35,906.74,230.34,111.91,75.36,0.99,4,-1,-1
343,36,372.00,238.11,135.91,71.03,1.00,4,-1,-1
343,38,800.29,153.28,109.27,65.16,1.00,5,-1,-1
343,43,788.99,62.62,43.01,42.48,0.99,4,-1,-1
343,54,710.25,325.25,127.72,265.22,0.94,6,-1,-1
343,50,1101.99,520.05,217.74,108.07,0.99,4,-1,-1
343,42,697.10,33.91,67.37,85.46,1.00,6,-1,-1
343,101,411.58,142.42,65.58,57.29,1.00,4,-1,-1
343,104,553.33,39.16,70.40,41.25,0.99,4,-1,-1
343,110,567.61,88.46,60.23,43.21,0.99,4,-1,-1
343,126,617.51,76.44,62.30,43.32,0.99,4,-1,-1
343,44,547.10,127.10,68.63,89.55,0.99,6,-1,-1
343,135,359.22,204.97,117.85,64.54,1.00,4,-1,-1
343,45,617.73,115.23,68.97,87.53,0.98,6,-1,-1
343,161,355.77,28.78,78.05,38.98,0.83,4,-1,-1
343,163,515.77,55.39,56.23,38.87,0.99,4,-1,-1
343,165,645.94,-0.05,171.18,73.31,0.99,6,-1,-1
343,169,1175.39,280.88,23.39,43.90,0.48,1,-1,-1
343,175,897.47,90.84,32.99,24.27,0.98,10,-1,-1
343,178,587.95,225.41,62.68,54.83,1.00,4,-1,-1
343,9,536.65,270.09,160.17,368.61,0.93,6,-1,-1
343,127,491.42,70.62,83.10,74.89,0.97,6,-1,-1
343,183,277.83,41.04,61.32,33.85,0.20,7,-1,-1
343,184,228.27,8.15,86.17,52.39,0.93,4,-1,-1
343,185,906.56,78.23,18.88,30.87,0.94,2,-1,-1
343,187,880.26,0.56,249.31,87.06,0.68,6,-1,-1
343,188,970.76,78.44,80.26,45.14,0.67,4,-1,-1
344,4,468.49,307.24,85.72,92.81,1.00,4,-1,-1
344,11,555.36,709.46,152.10,56.02,0.27,6,-1,-1
344,31,160.83,472.81,200.73,138.51,1.00,5,-1,-1
344,32,847.03,448.08,240.40,315.79,0.98,6,-1,-1
344,35,907.93,233.90,113.80,77.39,1.00,4,-1,-1
344,36,371.09,242.63,135.48,71.13,1.00,4,-1,-1
344,38,802.40,156.38,108.69,66.00,0.99,5,-1,-1
344,43,789.76,64.74,43.44,42.34,0.99,4,-1,-1
344,54,709.25,331.09,131.77,264.06,0.88,6,-1,-1
344,50,1106.43,529.38,220.03,108.66,1.00,4,-1,-1
344,42,697.78,35.99,67.58,86.50,0.99,6,-1,-1
344,101,411.22,145.21,65.16,57.53,1.00,4,-1,-1
344,104,551.26,40.46,69.54,40.90,0.99,4,-1,-1
344,110,567.32,90.30,60.62,44.39,0.99,4,-1,-1
344,126,617.40,78.13,61.41,43.29,1.00,4,-1,-1
344,44,546.45,127.38,69.68,92.46,1.00,6,-1,-1
344,135,359.28,208.69,117.04,63.25,0.99,4,-1,-1
344,45,618.19,117.75,69.23,88.56,0.98,6,-1,-1
344,161,355.28,31.06,77.40,38.14,0.72,4,-1,-1
344,163,516.47,57.38,55.68,38.73,0.95,4,-1,-1
344,165,649.53,1.57,171.72,73.81,0.99,6,-1,-1
344,169,1176.29,285.50,26.02,43.19,0.85,1,-1,-1
344,175,898.79,92.32,32.67,25.04,0.94,10,-1,-1
344,178,587.39,229.07,64.01,58.38,1.00,4,-1,-1
344,9,535.47,277.13,162.25,373.41,0.92,6,-1,-1
344,127,490.74,72.29,83.75,74.94,0.99,6,-1,-1
344,183,274.05,43.67,60.49,32.82,0.39,7,-1,-1
344,184,224.71,9.35,88.94,53.43,0.75,4,-1,-1
344,185,908.11,80.45,17.75,30.82,0.95,2,-1,-1
344,188,972.65,80.48,84.52,47.00,0.88,4,-1,-1
345,4,468.43,309.20,86.76,94.25,0.99,4,-1,-1
345,31,156.27,480.06,203.58,141.25,1.00,5,-1,-1
345,32,849.22,454.57,245.17,312.71,0.98,6,-1,-1
345,35,909.94,237.47,113.32,78.70,1.00,4,-1,-1
345,36,369.06,246.00,136.51,72.28,0.98,4,-1,-1
345,38,803.15,159.60,109.52,66.24,0.99,5,-1,-1
345,43,790.31,67.25,43.56,42.38,0.99,4,-1,-1
345,54,709.37,335.25,134.28,268.34,0.92,6,-1,-1
345,50,1110.02,538.05,224.12,109.42,0.99,4,-1,-1
345,42,698.35,38.66,66.46,86.08,1.00,6,-1,-1
345,101,411.80,148.42,63.82,57.47,1.00,4,-1,-1
345,104,548.64,41.66,69.76,41.44,0.99,4,-1,-1
345,110,567.30,93.09,60.72,44.12,0.99,4,-1,-1
345,126,616.31,79.85,62.15,43.69,0.99,4,-1,-1
345,44,546.02,131.03,70.02,91.49,1.00,6,-1,-1
345,135,357.62,212.57,117.94,62.67,0.99,4,-1,-1
345,45,618.43,120.09,68.69,89.20,0.98,6,-1,-1
345,161,355.44,33.36,76.81,38.22,0.85,4,-1,-1
345,163,517.42,60.47,54.88,38.04,0.99,4,-1,-1
345,165,653.11,1.99,172.95,76.02,0.95,6,-1,-1
345,169,1180.21,289.78,25.92,43.76,0.86,1,-1,-1
345,175,899.21,94.78,33.68,25.68,0.95,10,-1,-1
345,178,587.49,232.75,63.91,57.71,0.99,4,-1,-1
345,9,535.65,281.71,163.38,377.70,0.94,6,-1,-1
345,127,490.63,77.76,83.36,72.07,0.98,6,-1,-1
345,183,268.42,44.93,63.27,33.38,0.53,7,-1,-1
345,184,225.48,11.42,87.92,54.00,0.53,4,-1,-1
345,185,908.61,82.39,18.47,32.05,0.95,2,-1,-1
345,188,973.10,83.07,85.35,47.09,0.90,4,-1,-1
345,189,887.95,2.88,237.35,88.10,0.72,6,-1,-1
345,67,1016.91,431.26,33.83,43.63,0.74,1,-1,-1
346,4,468.74,310.51,87.14,94.47,0.99,4,-1,-1
346,31,152.13,486.60,205.72,141.63,0.99,5,-1,-1
346,32,851.43,459.86,247.75,307.88,0.99,6,-1,-1
346,35,911.75,240.10,113.10,78.59,1.00,4,-1,-1
346,36,367.54,248.65,137.72,72.10,0.99,4,-1,-1
346,38,803.66,161.24,110.66,66.91,0.99,5,-1,-1
346,43,790.74,67.93,43.60,43.05,0.99,4,-1,-1
346,54,709.98,339.20,136.35,270.36,0.94,6,-1,-1
346,50,1115.20,544.92,226.73,110.75,1.00,4,-1,-1
346,42,699.10,39.58,66.03,85.40,1.00,6,-1,-1
346,101,411.50,150.28,63.32,57.40,1.00,4,-1,-1
346,104,548.30,41.56,68.13,41.85,0.99,4,-1,-1
346,110,566.73,94.34,61.31,44.37,0.99,4,-1,-1
346,126,614.78,80.41,63.54,44.56,0.99,4,-1,-1
346,44,545.03,132.58,70.70,92.18,0.99,6,-1,-1
346,135,367.18,214.78,108.75,57.05,0.98,4,-1,-1
346,45,619.09,121.18,67.92,89.82,0.99,6,-1,-1
346,161,354.84,34.22,78.00,38.65,0.91,4,-1,-1
346,163,518.92,61.70,53.44,38.05,0.99,4,-1,-1
346,165,655.73,1.57,173.38,77.29,0.97,6,-1,-1
346,169,1183.27,292.89,26.97,43.38,0.25,1,-1,-1
346,175,900.43,96.22,32.92,25.56,0.93,10,-1,-1
346,178,587.26,235.09,63.89,58.84,1.00,4,-1,-1
346,9,535.23,282.59,163.23,383.75,0.90,6,-1,-1
346,127,489.77,80.31,83.75,71.08,0.86,6,-1,-1
346,183,262.83,43.81,64.27,35.34,0.16,7,-1,-1
346,184,231.47,12.71,80.89,52.79,0.13,5,-1,-1
346,185,909.29,83.49,18.73,32.76,0.97,2,-1,-1
346,188,974.91,84.04,84.23,47.94,0.76,4,-1,-1
346,189,890.98,3.93,247.32,89.90,0.60,6,-1,-1
346,67,1020.61,436.58,33.08,43.55,0.69,1,-1,-1
347,4,469.04,311.31,87.77,94.80,1.00,4,-1,-1
347,31,149.14,492.87,206.34,143.94,0.99,5,-1,-1
347,32,854.46,465.85,258.51,301.32,0.95,6,-1,-1
347,35,913.54,243.17,112.93,79.07,0.99,4,-1,-1
347,36,365.70,251.45,139.93,72.86,1.00,4,-1,-1
347,38,804.76,163.61,111.30,66.80,0.99,5,-1,-1
347,43,792.14,69.44,43.02,43.36,0.99,4,-1,-1
347,54,710.84,343.90,138.09,272.07,0.94,6,-1,-1
347,50,1120.29,552.34,225.29,111.80,0.99,4,-1,-1
347,42,700.38,40.86,65.25,85.64,1.00,6,-1,-1
347,101,410.79,151.74,63.69,58.21,1.00,4,-1,-1
347,104,548.18,42.96,65.77,40.87,0.99,4,-1,-1
347,110,567.29,95.99,60.92,44.38,0.99,4,-1,-1
347,126,614.13,81.38,63.45,44.63,1.00,4,-1,-1
347,44,545.16,132.70,70.90,94.23,1.00,6,-1,-1
347,135,359.54,217.34,114.68,60.83,1.00,4,-1,-1
347,45,619.80,122.56,67.00,90.02,0.99,6,-1,-1
347,161,354.50,35.21,78.69,39.36,0.73,4,-1,-1
347,163,518.24,63.14,54.64,37.70,0.93,4,-1,-1
347,165,659.34,1.77,174.00,78.71,0.93,6,-1,-1
347,169,1187.05,296.88,26.23,42.37,0.70,1,-1,-1
347,175,901.52,98.24,33.75,24.93,0.96,10,-1,-1
347,178,587.03,237.71,65.00,61.79,0.99,4,-1,-1
347,9,534.14,285.80,166.34,387.52,0.90,6,-1,-1
347,127,488.30,83.00,86.09,70.14,0.98,6,-1,-1
347,185,910.74,85.73,18.80,32.35,0.92,2,-1,-1
347,188,976.07,86.65,83.79,47.64,0.82,4,-1,-1
347,189,894.31,6.81,311.77,87.93,0.32,6,-1,-1
347,67,1023.55,441.09,32.76,44.22,0.18,1,-1,-1
348,4,470.18,311.95,87.96,95.20,1.00,4,-1,-1
348,31,147.53,498.38,206.43,144.23,0.99,5,-1,-1
348,32,855.94,470.27,270.41,297.06,0.96,6,-1,-1
348,35,915.41,245.55,113.95,79.24,1.00,4,-1,-1
348,36,365.42,253.90,140.28,72.87,1.00,4,-1,-1
348,38,805.87,165.47,111.48,67.03,1.00,5,-1,-1
348,43,793.09,70.66,43.35,43.68,0.99,4,-1,-1
348,54,712.13,345.38,139.73,277.09,0.96,6,-1,-1
348,50,1124.36,559.02,224.59,112.19,0.99,4,-1,-1
348,42,700.75,41.31,66.64,86.53,1.00,6,-1,-1
348,101,410.78,153.60,63.23,58.23,1.00,4,-1,-1
348,104,548.13,43.82,63.73,40.37,0.99,4,-1,-1
348,110,567.44,97.25,61.31,44.76,0.99,4,-1,-1
348,126,613.84,81.99,63.38,44.68,0.99,4,-1,-1
348,44,545.16,133.88,70.92,94.91,1.00,6,-1,-1
348,135,357.89,219.54,115.97,60.15,1.00,4,-1,-1
348,45,619.68,123.26,67.78,90.63,0.98,6,-1,-1
348,161,353.67,35.82,80.33,40.43,0.68,4,-1,-1
348,163,516.51,63.68,56.78,38.22,0.96,4,-1,-1
348,165,664.19,1.64,173.60,79.86,0.89,6,-1,-1
348,169,1189.57,299.48,27.03,42.56,0.83,1,-1,-1
348,175,902.05,99.53,34.04,25.12,0.94,10,-1,-1
348,178,587.13,239.99,66.53,62.89,1.00,4,-1,-1
348,9,534.50,286.98,166.22,395.52,0.94,6,-1,-1
348,127,488.29,84.36,86.36,69.66,0.98,6,-1,-1
348,185,912.54,87.05,18.81,32.44,0.94,2,-1,-1
348,188,977.10,88.16,84.87,48.45,0.70,4,-1,-1
348,189,897.94,7.31,277.81,87.39,0.39,6,-1,-1
348,67,1026.31,445.88,32.62,42.77,0.41,1,-1,-1
349,4,470.49,312.92,89.16,95.85,0.99,4,-1,-1
349,31,143.66,503.48,208.95,145.87,1.00,5,-1,-1
349,32,858.25,475.04,288.42,291.88,0.96,6,-1,-1
349,35,917.56,248.12,113.19,78.95,1.00,4,-1,-1
349,36,364.54,256.38,141.09,73.64,1.00,4,-1,-1
349,38,806.89,167.57,111.25,67.13,1.00,5,-1,-1
349,43,793.77,72.18,43.47,43.67,0.99,4,-1,-1
349,54,713.58,349.15,140.92,280.50,0.96,6,-1,-1
349,50,1127.30,563.93,219.73,112.79,0.99,4,-1,-1
349,42,701.50,42.96,66.04,86.05,0.99,6,-1,-1
349,101,410.35,155.47,63.65,58.47,1.00,4,-1,-1
349,104,549.13,44.95,60.70,39.54,0.98,4,-1,-1
349,110,567.60,99.04,61.45,44.77,0.99,4,-1,-1
349,126,612.42,82.64,63.90,44.56,0.99,4,-1,-1
349,44,544.71,136.11,71.50,94.47,1.00,6,-1,-1
349,135,358.01,222.10,116.19,58.12,1.00,4,-1,-1
349,45,620.59,124.65,67.51,89.82,0.97,6,-1,-1
349,161,352.79,36.82,81.50,41.08,0.73,4,-1,-1
349,163,514.83,63.81,58.71,39.81,0.97,4,-1,-1
349,165,667.92,1.60,174.56,81.18,0.91,6,-1,-1
349,169,1193.00,301.88,27.33,44.04,0.91,1,-1,-1
349,175,904.25,100.91,33.01,24.75,0.90,10,-1,-1
349,178,587.02,242.09,67.11,62.71,0.99,4,-1,-1
349,9,533.97,295.02,167.89,393.98,0.94,6,-1,-1
349,127,487.57,85.42,86.44,69.28,0.97,6,-1,-1
349,185,914.65,88.63,17.68,32.71,0.88,2,-1,-1
349,188,978.37,90.19,82.83,46.74,0.93,4,-1,-1
349,189,901.36,5.64,241.62,90.88,0.35,6,-1,-1
349,67,1029.93,450.20,31.42,42.75,0.36,1,-1,-1
350,4,472.41,312.06,89.01,94.93,1.00,4,-1,-1
350,31,141.54,506.20,210.35,145.84,1.00,5,-1,-1
350,32,860.51,477.67,294.95,288.16,0.96,6,-1,-1
350,35,919.46,249.38,112.86,78.80,0.99,4,-1,-1
350,36,364.68,257.59,141.05,73.90,0.99,4,-1,-1
350,38,808.15,167.99,111.40,67.42,1.00,5,-1,-1
350,43,794.62,72.57,42.94,43.09,0.99,4,-1,-1
350,54,715.02,351.35,142.40,282.04,0.96,6,-1,-1
350,50,1131.07,567.12,212.07,111.27,1.00,4,-1,-1
350,42,702.41,43.40,65.22,85.92,1.00,6,-1,-1
350,101,410.06,156.01,63.80,58.40,1.00,4,-1,-1
350,104,549.95,43.16,57.86,40.81,0.97,4,-1,-1
350,110,567.76,99.35,61.48,44.72,0.99,4,-1,-1
350,126,611.73,81.90,63.50,44.39,0.99,4,-1,-1
350,44,544.96,137.26,71.69,93.33,1.00,6,-1,-1
350,135,361.22,223.10,112.68,55.03,1.00,4,-1,-1
350,45,620.45,125.06,68.53,91.61,0.98,6,-1,-1
350,161,352.49,36.82,81.63,40.89,0.79,4,-1,-1
350,163,515.72,64.33,58.31,39.21,0.97,4,-1,-1
350,165,671.83,0.94,175.43,81.69,0.90,6,-1,-1
350,169,1196.97,302.76,26.31,44.58,0.89,1,-1,-1
350,175,905.66,101.33,32.61,24.17,0.93,10,-1,-1
350,178,587.35,242.62,66.75,62.88,0.99,4,-1,-1
350,9,534.47,298.61,167.30,394.10,0.95,6,-1,-1
350,127,487.16,88.86,86.43,65.91,0.97,6,-1,-1
350,185,915.43,88.94,17.24,31.97,0.92,2,-1,-1
350,188,979.97,90.84,82.08,45.79,0.92,4,-1,-1
350,189,904.20,7.53,236.13,90.49,0.29,6,-1,-1
350,67,1032.88,452.42,32.10,43.29,0.25,1,-1,-1
350,184,228.91,16.75,85.89,52.98,0.50,4,-1,-1
351,4,474.49,305.14,88.90,94.25,1.00,4,-1,-1
351,31,140.25,502.49,211.59,147.40,1.00,5,-1,-1
351,32,861.72,473.34,309.02,290.15,0.96,6,-1,-1
351,35,920.76,243.60,114.96,79.83,0.99,4,-1,-1
351,36,364.63,251.95,141.67,74.24,1.00,4,-1,-1
351,38,809.26,162.37,111.97,67.21,1.00,5,-1,-1
351,43,795.30,66.27,43.29,43.16,0.99,4,-1,-1
351,54,717.10,346.29,142.31,283.11,0.96,6,-1,-1
351,50,1134.62,563.21,206.82,111.17,0.99,4,-1,-1
351,42,702.58,37.56,66.03,86.65,0.99,6,-1,-1
351,101,409.50,150.12,64.55,58.91,1.00,4,-1,-1
351,104,549.86,34.63,56.30,42.96,0.95,4,-1,-1
351,110,568.30,93.47,61.47,44.81,0.98,4,-1,-1
351,126,610.26,74.60,64.45,45.43,0.99,4,-1,-1
351,44,544.98,131.19,72.29,93.34,1.00,6,-1,-1
351,135,359.26,217.39,114.48,57.72,1.00,4,-1,-1
351,45,621.43,118.56,68.33,92.65,0.98,6,-1,-1
351,161,353.08,31.09,80.78,39.97,0.88,4,-1,-1
351,163,518.83,59.08,55.29,38.81,0.99,4,-1,-1
351,165,675.29,-1.38,175.69,78.66,0.96,6,-1,-1
351,169,1198.35,297.78,27.02,43.07,0.81,1,-1,-1
351,175,906.79,94.82,33.59,24.81,0.96,10,-1,-1
351,178,587.94,237.16,67.15,64.87,0.99,4,-1,-1
351,9,534.61,296.47,171.49,394.44,0.97,6,-1,-1
351,127,486.69,84.40,85.80,63.59,0.95,6,-1,-1
351,185,916.91,82.16,18.24,32.78,0.96,2,-1,-1
351,188,981.12,83.91,84.17,46.79,0.87,4,-1,-1
351,189,906.28,5.77,234.52,86.49,0.49,6,-1,-1
351,67,1035.07,447.40,33.47,44.61,0.20,1,-1,-1
351,184,230.23,11.00,83.71,50.81,0.28,4,-1,-1
351,190,1268.74,139.17,40.98,71.93,0.60,1,-1,-1
352,4,475.55,297.91,89.45,94.27,1.00,4,-1,-1
352,31,140.00,499.23,212.36,147.93,1.00,5,-1,-1
352,32,862.00,469.43,287.73,293.18,0.98,6,-1,-1
352,35,921.57,237.34,115.77,81.32,0.99,4,-1,-1
352,36,363.91,246.29,142.08,74.33,1.00,4,-1,-1
352,38,809.71,156.14,112.49,67.46,0.99,5,-1,-1
352,43,796.42,59.54,42.87,42.62,0.99,4,-1,-1
352,54,718.49,341.16,143.43,285.83,0.97,6,-1,-1
352,50,1136.86,559.94,203.85,110.54,0.99,4,-1,-1
352,42,702.65,30.41,66.93,86.71,1.00,6,-1,-1
352,101,408.85,143.30,65.28,59.93,1.00,4,-1,-1
352,104,548.97,27.28,55.24,42.51,0.96,4,-1,-1
352,110,568.78,86.48,61.48,45.19,0.99,4,-1,-1
352,126,608.61,66.62,64.82,45.43,0.99,4,-1,-1
352,44,544.71,124.56,73.11,93.97,1.00,6,-1,-1
352,135,358.84,211.12,114.89,57.51,1.00,4,-1,-1
352,45,621.79,111.27,68.28,91.76,0.97,6,-1,-1
352,161,351.83,24.03,83.31,40.64,0.90,4,-1,-1
352,163,519.10,51.30,54.74,40.01,0.97,4,-1,-1
352,165,677.86,-2.39,177.53,72.62,0.89,6,-1,-1
352,169,1200.92,292.19,27.29,43.92,0.86,1,-1,-1
352,175,908.10,87.49,32.84,25.29,0.88,10,-1,-1
352,178,588.47,231.38,66.20,63.65,0.99,4,-1,-1
352,9,535.27,291.05,172.58,397.74,0.95,6,-1,-1
352,127,485.66,74.16,86.71,67.32,0.96,6,-1,-1
352,185,917.77,75.05,18.60,33.39,0.94,2,-1,-1
352,188,982.46,76.92,86.11,46.78,0.93,4,-1,-1
352,67,1036.81,442.64,32.88,43.97,0.36,1,-1,-1
352,184,227.08,3.21,85.82,50.03,0.88,4,-1,-1
353,4,477.19,275.70,87.77,92.88,0.99,4,-1,-1
353,31,143.87,475.13,210.28,147.09,1.00,5,-1,-1
353,32,863.62,448.74,271.97,306.90,0.98,6,-1,-1
353,35,923.95,218.49,113.62,79.13,1.00,4,-1,-1
353,36,362.83,225.91,142.86,73.89,1.00,4,-1,-1
353,38,811.30,136.35,112.23,67.12,1.00,5,-1,-1
353,43,798.69,39.63,40.92,43.49,0.98,4,-1,-1
353,54,718.32,319.87,143.93,282.08,0.80,6,-1,-1
353,50,1137.46,537.71,194.45,106.46,0.98,4,-1,-1
353,42,701.79,10.39,69.39,89.80,0.99,6,-1,-1
353,101,409.13,123.69,63.89,59.07,0.99,4,-1,-1
353,104,552.57,6.36,48.97,42.49,0.48,4,-1,-1
353,110,568.98,66.21,60.81,46.63,0.98,4,-1,-1
353,126,607.75,46.46,64.27,45.87,0.99,4,-1,-1
353,44,543.21,103.18,74.37,94.70,0.98,6,-1,-1
353,135,354.33,190.71,118.73,58.66,0.98,4,-1,-1
353,45,621.87,90.45,68.10,92.96,0.96,6,-1,-1
353,161,351.53,4.48,83.00,40.53,0.41,4,-1,-1
353,163,518.13,31.65,55.03,41.04,0.84,4,-1,-1
353,165,698.55,-7.22,161.56,58.81,0.75,6,-1,-1
353,169,1204.75,272.59,26.19,44.51,0.74,1,-1,-1
353,175,908.04,66.21,35.93,29.94,0.46,10,-1,-1
353,178,588.78,210.83,66.28,66.00,0.98,4,-1,-1
353,9,538.46,270.85,167.83,396.67,0.91,6,-1,-1
353,127,485.11,54.14,86.34,68.67,0.49,6,-1,-1
353,188,984.63,57.98,86.71,46.90,0.77,4,-1,-1
354,4,475.55,231.36,86.93,93.29,0.99,4,-1,-1
354,31,145.40,434.22,207.96,146.71,1.00,5,-1,-1
354,32,862.89,407.82,266.06,330.73,0.98,6,-1,-1
354,35,924.98,175.03,112.08,79.11,0.99,4,-1,-1
354,36,358.58,182.99,143.76,74.78,1.00,4,-1,-1
354,38,811.64,92.07,111.38,66.85,1.00,5,-1,-1
354,43,797.68,-2.08,40.94,40.60,0.99,4,-1,-1
354,54,716.40,279.14,144.93,279.70,0.88,6,-1,-1
354,50,1135.90,493.90,194.05,103.65,0.98,4,-1,-1
354,42,699.33,-12.06,71.73,65.64,0.96,6,-1,-1
354,101,403.31,79.24,65.18,60.65,0.99,4,-1,-1
354,110,565.27,20.76,61.35,48.52,0.98,4,-1,-1
354,126,604.03,1.28,63.17,45.54,0.99,4,-1,-1
354,44,538.89,58.54,75.74,94.04,0.99,6,-1,-1
354,135,345.94,147.62,123.47,59.47,0.98,4,-1,-1
354,45,618.58,44.80,67.80,93.34,0.84,6,-1,-1
354,163,510.98,-4.67,57.63,31.96,0.85,4,-1,-1
354,169,1207.10,228.45,25.90,44.79,0.67,1,-1,-1
354,175,909.49,21.25,34.98,29.21,0.72,10,-1,-1
354,178,586.84,166.71,66.02,68.44,0.98,4,-1,-1
354,9,538.43,224.36,164.82,401.90,0.94,6,-1,-1
354,127,476.97,4.87,89.33,72.57,0.48,6,-1,-1
354,188,986.61,11.36,82.65,47.20,0.37,4,-1,-1
354,185,921.11,9.77,18.78,33.99,0.79,2,-1,-1
355,4,475.30,183.82,86.56,93.03,0.99,4,-1,-1
355,31,144.35,390.56,210.57,144.74,1.00,5,-1,-1
355,32,863.49,362.64,264.54,341.02,0.98,6,-1,-1
355,35,925.81,128.20,115.97,79.68,0.98,4,-1,-1
355,36,356.11,137.42,143.39,74.69,0.98,4,-1,-1
355,38,812.04,43.52,112.94,68.06,0.98,5,-1,-1
355,54,716.39,233.86,145.22,279.66,0.92,6,-1,-1
355,50,1135.04,447.76,179.98,100.16,0.99,4,-1,-1
355,101,400.74,32.40,63.37,61.24,0.98,4,-1,-1
355,44,536.16,9.44,75.64,94.16,0.99,6,-1,-1
355,135,341.20,101.40,125.04,60.10,0.98,4,-1,-1
355,45,617.53,-1.00,66.51,90.09,0.63,6,-1,-1
355,169,1210.39,180.92,25.78,45.12,0.34,1,-1,-1
355,178,585.24,119.77,67.02,71.21,0.97,4,-1,-1
355,9,540.47,176.64,162.49,402.39,0.93,6,-1,-1
356,4,472.80,131.37,86.97,94.56,0.99,4,-1,-1
356,31,143.56,343.62,209.83,143.95,1.00,5,-1,-1
356,32,862.19,313.56,259.61,345.70,0.99,6,-1,-1
356,35,926.67,76.40,117.41,80.66,0.99,4,-1,-1
356,36,351.27,86.37,144.23,76.71,1.00,4,-1,-1
356,38,811.61,-2.66,115.24,61.19,0.98,5,-1,-1
356,54,714.88,183.19,145.78,281.79,0.85,6,-1,-1
356,50,1132.80,398.02,184.34,99.46,0.97,4,-1,-1
356,101,393.58,-6.18,65.97,48.31,0.94,4,-1,-1
356,44,532.57,-14.33,75.55,64.87,0.87,6,-1,-1
356,135,339.57,49.95,122.00,58.44,0.98,4,-1,-1
356,178,582.03,68.04,66.83,68.85,0.98,4,-1,-1
356,9,538.86,125.45,163.20,405.66,0.96,6,-1,-1
356,191,568.63,117.61,93.92,49.95,0.78,5,-1,-1
357,4,469.94,78.04,87.65,96.38,0.99,4,-1,-1
357,31,142.26,295.62,211.10,144.60,1.00,5,-1,-1
357,32,860.98,266.41,260.13,348.37,0.99,6,-1,-1
357,35,926.59,22.99,121.26,83.12,0.99,4,-1,-1
357,36,345.83,33.95,145.44,79.82,0.99,4,-1,-1
357,54,715.41,133.29,145.29,284.72,0.89,6,-1,-1
357,50,1130.90,349.12,188.11,99.94,0.97,4,-1,-1
357,135,332.82,0.09,122.85,55.13,0.99,4,-1,-1
357,178,578.33,15.24,68.41,69.06,0.95,4,-1,-1
357,9,536.89,74.91,166.18,407.95,0.95,6,-1,-1
358,4,471.02,47.11,89.90,97.81,0.99,4,-1,-1
358,31,143.21,277.50,211.85,146.56,1.00,5,-1,-1
358,32,867.22,242.50,264.00,349.05,0.98,6,-1,-1
358,35,931.66,-5.15,124.85,80.15,0.99,4,-1,-1
358,36,340.55,2.88,151.01,84.19,1.00,4,-1,-1
358,54,719.07,105.33,146.57,290.35,0.96,6,-1,-1
358,50,1137.53,324.61,196.53,104.54,0.99,4,-1,-1
358,135,324.16,-8.83,132.11,48.82,0.76,4,-1,-1
358,178,577.76,-6.28,71.89,57.68,0.99,4,-1,-1
358,9,536.22,46.06,174.99,415.83,0.94,6,-1,-1
358,192,565.21,37.30,99.04,51.65,0.60,4,-1,-1
358,193,1037.36,211.42,37.57,44.93,0.87,2,-1,-1
358,169,1220.91,45.50,31.66,48.10,0.77,1,-1,-1
359,4,471.51,45.16,89.57,98.25,0.99,4,-1,-1
359,31,145.39,279.04,208.32,147.69,1.00,5,-1,-1
359,32,865.12,246.25,263.57,346.90,0.99,6,-1,-1
359,35,930.36,-1.51,124.81,78.85,0.98,4,-1,-1
359,36,339.40,1.67,151.51,86.14,1.00,4,-1,-1
359,54,718.08,105.21,144.23,291.99,0.96,6,-1,-1
359,50,1133.65,328.77,200.22,107.05,0.99,4,-1,-1
359,135,321.91,-1.84,134.15,47.11,0.43,4,-1,-1
359,178,577.77,-1.91,71.21,53.72,0.99,4,-1,-1
359,9,535.47,44.17,174.21,421.16,0.95,6,-1,-1
359,193,1038.88,211.45,37.58,44.94,0.83,2,-1,-1
359,169,1220.66,46.59,32.34,49.14,0.84,1,-1,-1
360,4,472.52,43.87,88.88,97.92,0.99,4,-1,-1
360,31,144.24,280.03,209.32,148.44,1.00,5,-1,-1
360,32,864.95,248.18,260.58,347.33,0.98,6,-1,-1
360,35,930.50,-0.04,124.77,78.56,0.99,4,-1,-1
360,36,338.73,1.43,151.98,87.01,1.00,4,-1,-1
360,54,718.59,105.67,142.21,291.65,0.97,6,-1,-1
360,50,1133.43,330.77,200.55,108.07,0.99,4,-1,-1
360,135,321.41,0.47,135.19,47.00,0.67,4,-1,-1
360,178,577.26,-0.42,71.50,52.06,0.99,4,-1,-1
360,9,536.62,47.38,172.16,418.78,0.95,6,-1,-1
360,193,1039.88,211.66,36.26,45.19,0.85,2,-1,-1
360,169,1220.65,47.78,32.58,48.10,0.84,1,-1,-1
360,194,1040.78,211.74,35.86,44.82,0.68,1,-1,-1
361,4,473.19,42.53,89.22,97.33,0.99,4,-1,-1
361,31,144.80,280.98,208.34,148.70,1.00,5,-1,-1
361,32,865.57,249.78,256.72,350.77,0.98,6,-1,-1
361,35,930.62,0.58,124.76,78.80,0.99,4,-1,-1
361,36,338.10,1.66,152.59,87.29,1.00,4,-1,-1
361,54,718.84,106.99,143.24,292.14,0.94,6,-1,-1
361,50,1133.56,332.37,201.88,109.28,0.98,4,-1,-1
361,135,321.44,1.35,135.70,47.06,0.75,4,-1,-1
361,178,577.12,0.18,72.19,52.17,0.99,4,-1,-1
361,9,535.94,47.88,173.75,418.95,0.95,6,-1,-1
361,193,1040.83,212.47,35.82,45.35,0.87,2,-1,-1
361,169,1220.76,48.45,32.66,47.42,0.82,1,-1,-1
361,194,1040.99,212.70,35.87,45.09,0.77,1,-1,-1
362,4,474.19,41.13,89.94,96.17,0.99,4,-1,-1
362,31,144.71,282.20,208.28,149.00,1.00,5,-1,-1
362,32,866.60,250.54,259.10,352.73,0.98,6,-1,-1
362,35,931.09,0.72,124.75,79.24,0.99,4,-1,-1
362,36,338.54,1.80,152.11,87.68,1.00,4,-1,-1
362,54,718.84,109.36,143.68,291.73,0.97,6,-1,-1
362,50,1134.13,333.89,201.29,109.12,0.99,4,-1,-1
362,135,321.74,1.59,134.45,47.99,0.59,4,-1,-1
362,178,576.99,0.35,72.45,52.99,0.99,4,-1,-1
362,9,535.88,43.57,173.29,428.18,0.94,6,-1,-1
362,193,1041.61,213.34,37.03,45.63,0.91,2,-1,-1
362,169,1220.07,48.67,33.79,46.86,0.85,1,-1,-1
362,194,1042.31,213.53,35.88,45.79,0.86,1,-1,-1
363,4,475.46,39.46,89.09,96.15,0.99,4,-1,-1
363,31,145.42,282.86,207.44,149.39,1.00,5,-1,-1
363,32,867.36,251.00,258.61,355.09,0.97,6,-1,-1
363,35,931.36,0.73,124.73,79.52,0.99,4,-1,-1
363,36,339.39,2.05,151.35,87.61,1.00,4,-1,-1
363,54,720.06,111.03,143.30,291.28,0.97,6,-1,-1
363,50,1135.08,334.92,201.10,108.77,0.99,4,-1,-1
363,135,322.13,1.57,134.65,47.92,0.86,4,-1,-1
363,178,577.61,0.40,71.98,52.93,0.99,4,-1,-1
363,9,536.22,46.45,173.12,424.00,0.93,6,-1,-1
363,193,1043.13,214.44,36.20,46.71,0.73,1,-1,-1
363,169,1220.46,48.83,34.21,46.13,0.81,1,-1,-1
363,194,1043.39,214.54,35.87,46.52,0.86,2,-1,-1
364,4,476.70,37.76,88.79,96.13,0.99,4,-1,-1
364,31,145.25,283.97,206.91,148.70,1.00,5,-1,-1
364,32,869.09,251.44,259.94,357.65,0.97,6,-1,-1
364,35,932.61,0.74,124.74,80.22,0.99,4,-1,-1
364,36,339.79,2.29,150.94,87.74,1.00,4,-1,-1
364,54,720.50,112.22,144.34,291.14,0.97,6,-1,-1
364,50,1136.10,336.29,201.09,108.22,0.99,4,-1,-1
364,135,322.09,1.45,134.86,48.50,0.92,4,-1,-1
364,178,578.10,0.36,71.81,53.37,0.99,4,-1,-1
364,9,535.72,48.64,174.22,419.62,0.91,6,-1,-1
364,193,1044.23,215.73,35.91,46.64,0.90,2,-1,-1
364,169,1221.25,49.25,34.36,46.88,0.84,1,-1,-1
364,194,1044.31,215.50,35.87,47.06,0.85,1,-1,-1
365,4,478.57,36.78,88.12,95.39,0.99,4,-1,-1
365,31,144.92,285.27,208.16,148.69,1.00,5,-1,-1
365,32,869.20,252.28,260.50,356.41,0.98,6,-1,-1
365,35,933.09,0.61,124.74,81.14,0.99,4,-1,-1
365,36,339.99,2.50,150.79,88.12,1.00,4,-1,-1
365,54,721.53,112.82,144.19,291.48,0.97,6,-1,-1
365,50,1137.69,337.58,198.86,108.27,0.99,4,-1,-1
365,135,321.30,1.37,135.76,49.77,0.85,4,-1,-1
365,178,578.88,0.38,71.75,53.36,0.99,4,-1,-1
365,9,536.97,55.82,172.98,414.70,0.93,6,-1,-1
365,193,1045.78,216.48,35.82,46.88,0.81,2,-1,-1
365,169,1224.34,50.33,32.18,47.51,0.81,1,-1,-1
365,194,1046.42,216.41,35.87,47.21,0.16,1,-1,-1
366,4,480.15,35.51,88.48,95.42,0.99,4,-1,-1
366,31,144.42,286.33,208.43,149.59,0.99,5,-1,-1
366,32,870.81,252.91,262.78,358.65,0.98,6,-1,-1
366,35,934.03,0.59,124.76,81.42,0.99,4,-1,-1
366,36,340.10,2.59,151.05,88.76,1.00,4,-1,-1
366,54,722.88,114.67,143.60,289.79,0.96,6,-1,-1
366,50,1139.70,338.71,199.24,108.19,0.99,4,-1,-1
366,135,321.60,1.37,136.69,50.53,0.94,4,-1,-1
366,178,578.70,0.18,72.31,54.34,0.99,4,-1,-1
366,9,538.35,56.44,173.11,415.17,0.95,6,-1,-1
366,193,1047.65,217.41,34.62,46.10,0.72,2,-1,-1
366,169,1226.42,51.26,31.30,47.41,0.91,1,-1,-1
366,194,1047.88,217.62,34.67,45.68,0.68,1,-1,-1
367,4,481.19,34.43,88.04,94.97,0.99,4,-1,-1
367,31,144.50,287.74,207.94,149.32,0.99,5,-1,-1
367,32,871.55,254.54,262.77,358.22,0.98,6,-1,-1
367,35,934.21,0.60,125.87,82.38,0.98,4,-1,-1
367,36,340.10,3.21,151.12,89.18,0.99,4,-1,-1
367,54,723.54,114.48,142.81,292.11,0.96,6,-1,-1
367,50,1140.85,340.20,199.37,109.26,0.99,4,-1,-1
367,135,321.43,1.37,137.27,50.38,0.97,4,-1,-1
367,178,579.67,0.23,71.94,54.83,0.99,4,-1,-1
367,9,539.63,53.96,172.02,419.43,0.94,6,-1,-1
367,193,1048.09,218.18,35.37,46.66,0.46,2,-1,-1
367,169,1226.96,51.70,32.10,48.12,0.91,1,-1,-1
367,194,1048.14,218.41,35.44,46.22,0.54,1,-1,-1
367,195,685.17,531.91,52.94,62.33,0.63,10,-1,-1
368,4,482.73,33.22,87.88,94.47,0.99,4,-1,-1
368,31,144.20,289.24,208.92,149.67,0.99,5,-1,-1
368,32,871.90,256.07,267.30,357.22,0.99,6,-1,-1
368,35,935.52,0.69,126.29,83.36,0.99,4,-1,-1
368,36,340.44,3.98,150.87,89.08,0.99,4,-1,-1
368,54,723.85,114.17,143.64,293.04,0.96,6,-1,-1
368,50,1143.10,341.71,197.19,108.85,0.99,4,-1,-1
368,135,321.84,1.32,137.06,50.67,0.98,4,-1,-1
368,178,580.12,0.29,71.80,55.18,0.99,4,-1,-1
368,9,539.59,52.20,172.72,421.10,0.88,6,-1,-1
368,169,1228.43,52.92,32.39,48.55,0.91,1,-1,-1
368,196,574.18,548.56,164.78,142.58,0.64,7,-1,-1
369,4,484.29,32.25,86.72,94.60,0.99,4,-1,-1
369,31,144.65,291.75,209.06,149.66,1.00,5,-1,-1
369,32,872.55,256.95,269.07,358.49,0.98,6,-1,-1
369,35,936.51,0.74,126.47,83.93,0.98,4,-1,-1
369,36,340.31,5.09,151.23,89.24,0.99,4,-1,-1
369,54,723.60,112.33,146.84,298.83,0.97,6,-1,-1
369,50,1145.09,342.98,197.57,109.39,0.98,4,-1,-1
369,135,321.90,1.32,136.70,50.74,0.98,4,-1,-1
369,178,580.18,0.32,72.33,55.18,0.99,4,-1,-1
369,9,540.87,56.10,170.79,420.62,0.95,6,-1,-1
369,169,1229.53,54.02,32.51,48.73,0.92,1,-1,-1
369,193,1051.09,221.55,34.39,46.29,0.81,2,-1,-1
370,4,485.48,31.90,86.29,94.65,0.99,4,-1,-1
370,31,144.50,293.87,208.83,150.47,1.00,5,-1,-1
370,32,873.42,258.55,269.75,360.15,0.98,6,-1,-1
370,35,937.50,0.85,126.52,85.18,0.98,4,-1,-1
370,36,340.92,6.17,150.80,89.60,0.99,4,-1,-1
370,54,726.09,116.25,145.81,297.53,0.96,6,-1,-1
370,50,1147.60,345.83,195.47,109.14,0.98,4,-1,-1
370,135,320.62,1.34,137.67,50.87,0.97,4,-1,-1
370,178,580.56,0.52,72.53,55.54,0.99,4,-1,-1
370,9,540.85,52.62,171.80,428.78,0.94,6,-1,-1
370,169,1231.09,54.76,32.54,48.91,0.91,1,-1,-1
370,193,1052.77,223.38,34.22,46.46,0.80,2,-1,-1
370,197,689.44,540.03,52.08,64.03,0.74,10,-1,-1
370,198,1052.73,223.48,34.15,46.10,0.86,2,-1,-1
371,4,486.05,31.53,86.71,94.41,0.99,4,-1,-1
371,31,143.46,295.75,209.60,151.06,1.00,5,-1,-1
371,32,875.31,261.81,271.10,359.75,0.98,6,-1,-1
371,35,939.44,1.05,125.40,85.93,0.98,4,-1,-1
371,36,341.47,7.72,150.77,89.25,1.00,4,-1,-1
371,54,727.20,120.07,145.96,296.22,0.97,6,-1,-1
371,50,1148.98,348.58,194.70,109.06,0.99,4,-1,-1
371,135,321.03,1.37,137.59,51.50,0.96,4,-1,-1
371,178,580.60,0.56,72.60,56.63,0.99,4,-1,-1
371,9,540.99,51.03,172.73,431.84,0.93,6,-1,-1
371,169,1233.25,55.90,31.42,47.98,0.75,1,-1,-1
371,193,1053.23,225.06,35.31,45.95,0.91,2,-1,-1
372,4,486.86,31.47,86.90,94.29,0.99,4,-1,-1
372,31,142.69,298.06,210.21,151.41,1.00,5,-1,-1
372,32,876.12,263.03,275.02,362.38,0.98,6,-1,-1
372,35,940.81,1.33,124.98,87.12,0.98,4,-1,-1
372,36,341.74,9.16,151.06,89.00,1.00,4,-1,-1
372,54,728.25,122.58,148.31,295.36,0.96,6,-1,-1
372,50,1150.75,350.85,200.15,111.13,0.98,4,-1,-1
372,135,322.81,1.36,135.45,51.95,0.95,4,-1,-1
372,178,580.39,0.70,73.20,57.20,0.99,4,-1,-1
372,9,542.51,51.45,171.45,437.32,0.95,6,-1,-1
372,169,1234.72,57.32,32.13,47.41,0.89,1,-1,-1
372,193,1055.19,226.95,35.72,46.33,0.87,2,-1,-1
372,199,1055.29,226.68,35.86,46.53,0.92,2,-1,-1
373,4,488.23,31.30,85.86,94.50,0.99,4,-1,-1
373,31,141.89,301.15,211.61,152.12,0.99,5,-1,-1
373,32,877.58,265.69,275.42,367.32,0.97,6,-1,-1
373,35,941.92,1.57,125.97,88.32,0.98,4,-1,-1
373,36,341.51,10.48,151.76,88.56,1.00,4,-1,-1
373,54,729.49,124.09,150.06,296.82,0.93,6,-1,-1
373,50,1154.29,353.34,198.86,111.64,0.99,4,-1,-1
373,135,322.32,1.30,135.20,52.07,0.98,4,-1,-1
373,178,580.30,0.62,73.43,58.00,0.99,4,-1,-1
373,9,544.19,54.38,171.00,438.85,0.92,6,-1,-1
373,169,1236.48,59.13,32.39,47.20,0.89,1,-1,-1
373,193,1057.10,229.17,35.88,47.05,0.72,2,-1,-1
373,199,1057.14,229.25,35.89,46.90,0.73,2,-1,-1
374,4,488.94,31.37,86.07,94.76,0.99,4,-1,-1
374,31,140.85,304.22,212.84,154.22,0.99,5,-1,-1
374,32,878.75,267.97,284.64,369.07,0.98,6,-1,-1
374,35,942.94,1.83,126.39,89.87,0.98,4,-1,-1
374,36,341.06,11.85,152.63,88.75,1.00,4,-1,-1
374,54,730.24,127.48,151.62,297.42,0.95,6,-1,-1
374,50,1156.32,356.52,198.43,111.83,0.98,4,-1,-1
374,135,322.62,1.36,135.43,52.76,0.98,4,-1,-1
374,178,580.24,0.60,73.54,58.84,1.00,4,-1,-1
374,9,544.21,56.65,172.62,440.02,0.88,6,-1,-1
374,169,1238.38,60.35,33.63,48.48,0.90,1,-1,-1
374,193,1059.58,231.70,35.94,47.90,0.69,2,-1,-1
374,199,1059.00,231.55,37.23,48.30,0.56,1,-1,-1
374,200,576.74,579.73,182.71,176.74,0.61,7,-1,-1
375,4,490.27,31.92,84.99,94.49,0.99,4,-1,-1
375,31,140.99,308.21,212.29,153.44,0.99,5,-1,-1
375,32,880.10,271.77,284.61,371.42,0.98,6,-1,-1
375,35,943.69,2.72,127.62,90.61,0.98,4,-1,-1
375,36,340.48,13.61,153.32,88.78,1.00,4,-1,-1
375,54,731.50,129.19,150.43,300.66,0.93,6,-1,-1
375,50,1159.59,360.52,195.93,112.16,0.99,4,-1,-1
375,135,322.63,1.36,135.60,54.03,0.99,4,-1,-1
375,178,581.01,0.72,72.98,59.90,0.99,4,-1,-1
375,9,544.14,60.93,175.38,439.15,0.88,6,-1,-1
375,169,1241.04,62.00,32.96,49.93,0.94,1,-1,-1
375,193,1061.93,234.79,34.81,47.92,0.55,2,-1,-1
375,199,1061.82,234.73,35.04,47.44,0.74,2,-1,-1
375,200,577.19,580.34,196.53,182.32,0.67,7,-1,-1
376,4,491.31,32.33,85.74,95.37,0.99,4,-1,-1
376,31,140.69,311.54,212.65,154.78,0.99,5,-1,-1
376,32,881.74,275.65,281.19,372.90,0.98,6,-1,-1
376,35,945.07,4.64,126.95,90.43,0.99,4,-1,-1
376,36,340.71,15.82,153.16,88.97,1.00,4,-1,-1
376,54,732.53,131.82,151.11,303.03,0.94,6,-1,-1
376,50,1162.51,364.99,192.72,112.11,0.99,4,-1,-1
376,135,322.51,1.54,136.37,56.14,0.97,4,-1,-1
376,178,581.30,0.97,73.33,62.27,0.99,4,-1,-1
376,9,544.39,61.28,176.48,443.50,0.87,6,-1,-1
376,169,1242.56,63.93,33.82,50.13,0.94,1,-1,-1
376,200,582.51,591.92,192.77,172.31,0.68,7,-1,-1
377,4,492.23,33.04,85.50,95.81,0.99,4,-1,-1
377,31,139.73,316.29,213.36,156.00,1.00,5,-1,-1
377,32,883.62,277.97,286.74,378.40,0.98,6,-1,-1
377,35,947.40,6.02,126.74,91.31,0.99,4,-1,-1
377,36,341.04,17.96,153.43,89.47,1.00,4,-1,-1
377,54,735.52,134.23,151.16,304.12,0.94,6,-1,-1
377,50,1166.08,370.06,185.91,112.23,0.97,4,-1,-1
377,135,322.00,1.54,137.12,58.31,0.98,4,-1,-1
377,178,580.88,0.95,74.63,66.24,0.99,4,-1,-1
377,9,544.49,57.50,177.56,455.47,0.82,6,-1,-1
377,169,1243.92,66.00,35.27,48.59,0.86,1,-1,-1
377,200,582.71,594.52,194.04,169.54,0.79,5,-1,-1
377,201,583.14,586.56,186.98,175.88,0.80,7,-1,-1
377,193,1065.14,241.35,37.04,47.59,0.81,2,-1,-1
378,4,493.48,34.27,84.25,95.91,0.99,4,-1,-1
378,31,139.09,321.27,213.57,155.67,0.99,5,-1,-1
378,32,886.00,283.41,288.66,381.64,0.97,6,-1,-1
378,35,948.91,7.56,127.75,92.50,0.99,4,-1,-1
378,36,340.56,20.24,154.48,89.87,1.00,4,-1,-1
378,54,737.53,136.84,150.77,308.48,0.96,6,-1,-1
378,50,1169.03,375.62,185.67,112.19,0.98,4,-1,-1
378,135,322.91,1.55,136.96,59.11,0.99,4,-1,-1
378,178,581.37,0.92,73.96,68.30,0.99,4,-1,-1
378,9,545.15,60.68,176.68,460.15,0.86,6,-1,-1
378,169,1246.71,68.53,34.70,48.84,0.89,1,-1,-1
378,200,583.81,605.68,187.43,157.26,0.68,7,-1,-1
378,201,583.32,601.83,185.13,160.35,0.69,7,-1,-1
378,193,1066.91,245.22,37.53,47.79,0.79,2,-1,-1
378,202,1066.39,245.04,37.57,47.39,0.82,1,-1,-1
379,4,493.98,35.63,84.39,96.11,0.99,4,-1,-1
379,31,137.79,326.05,214.66,157.13,1.00,5,-1,-1
379,32,889.50,288.70,288.31,383.22,0.98,6,-1,-1
379,35,949.74,9.73,128.15,92.62,0.99,4,-1,-1
379,36,340.32,22.48,154.46,90.86,1.00,4,-1,-1
379,54,739.17,141.43,151.83,310.03,0.96,6,-1,-1
379,50,1171.60,380.56,185.64,113.22,0.97,4,-1,-1
379,135,329.85,1.56,128.42,51.25,0.99,4,-1,-1
379,178,581.61,0.91,74.28,70.44,1.00,4,-1,-1
379,9,545.74,64.19,176.46,466.20,0.90,6,-1,-1
379,169,1248.56,71.48,35.59,47.72,0.87,1,-1,-1
379,200,584.65,617.22,188.45,146.47,0.54,5,-1,-1
379,201,582.70,615.85,191.45,148.39,0.71,7,-1,-1
379,193,1069.58,249.60,36.60,47.57,0.76,2,-1,-1
379,202,1070.39,249.50,36.25,47.08,0.77,1,-1,-1
379,203,702.25,594.24,54.64,68.30,0.62,10,-1,-1
380,4,494.49,36.84,84.45,96.50,0.99,4,-1,-1
380,31,136.63,331.71,216.06,157.56,1.00,5,-1,-1
380,32,892.02,292.64,289.23,389.28,0.92,6,-1,-1
380,35,951.83,12.04,128.29,93.36,0.99,4,-1,-1
380,36,339.74,25.02,155.58,90.84,1.00,4,-1,-1
380,54,740.41,145.73,153.33,311.23,0.97,6,-1,-1
380,50,1175.45,385.93,184.55,114.19,0.98,4,-1,-1
380,135,337.55,1.14,119.60,47.18,0.99,4,-1,-1
380,178,582.07,-0.27,74.40,74.22,0.99,4,-1,-1
380,9,546.04,67.89,177.47,463.71,0.87,6,-1,-1
380,169,1252.17,74.29,34.80,48.58,0.77,1,-1,-1
380,200,586.74,623.17,185.83,139.07,0.18,6,-1,-1
380,201,584.42,623.47,184.93,139.12,0.81,7,-1,-1
380,193,1072.92,253.08,36.22,47.49,0.73,2,-1,-1
380,202,1072.01,252.98,37.33,47.37,0.81,2,-1,-1
381,4,495.75,38.40,83.32,96.68,0.99,4,-1,-1
381,31,134.10,337.32,217.50,159.80,0.99,5,-1,-1
381,32,893.92,298.25,299.59,390.48,0.95,6,-1,-1
381,35,953.60,14.76,128.30,93.59,0.99,4,-1,-1
381,36,339.81,28.17,155.38,90.90,0.99,4,-1,-1
381,54,741.60,149.90,154.11,313.91,0.97,6,-1,-1
381,50,1179.47,392.35,179.56,114.68,0.96,4,-1,-1
381,135,336.93,1.37,120.37,49.68,0.99,4,-1,-1
381,178,582.48,0.42,74.41,77.49,0.99,4,-1,-1
381,9,545.52,72.51,180.59,465.06,0.85,6,-1,-1
381,169,1255.57,77.70,34.47,49.39,0.90,1,-1,-1
381,193,1075.65,258.42,36.06,47.45,0.73,2,-1,-1
381,202,1075.42,258.30,36.34,47.77,0.66,1,-1,-1
382,4,496.68,40.38,82.35,96.88,0.99,4,-1,-1
382,31,132.68,343.76,218.22,160.74,0.99,5,-1,-1
382,32,896.26,302.47,297.97,399.81,0.96,6,-1,-1
382,35,955.30,18.05,128.32,93.54,0.99,4,-1,-1
382,36,339.47,31.00,155.89,91.33,1.00,4,-1,-1
382,54,741.95,153.88,155.02,318.26,0.95,6,-1,-1
382,50,1182.61,398.78,176.63,115.68,0.97,4,-1,-1
382,135,337.30,1.44,119.40,50.00,1.00,4,-1,-1
382,178,582.55,1.90,74.43,78.80,0.99,4,-1,-1
382,9,545.52,75.75,181.85,472.65,0.88,6,-1,-1
382,169,1257.89,80.77,34.34,48.21,0.70,1,-1,-1
382,193,1078.87,263.64,36.00,47.43,0.85,2,-1,-1
382,202,1078.96,263.67,35.98,47.88,0.73,2,-1,-1
382,204,703.53,620.71,59.77,73.43,0.61,10,-1,-1
383,4,497.07,42.50,82.58,96.52,0.99,4,-1,-1
383,31,129.76,349.81,220.03,162.68,1.00,5,-1,-1
383,32,899.47,309.87,306.24,402.25,0.96,6,-1,-1
383,35,956.63,20.47,129.46,94.83,0.99,4,-1,-1
383,36,339.27,33.94,155.94,91.04,1.00,4,-1,-1
383,54,743.85,157.04,156.45,321.54,0.96,6,-1,-1
383,50,1187.27,405.94,173.33,115.81,0.98,4,-1,-1
383,135,334.28,1.33,122.00,52.04,0.99,4,-1,-1
383,178,582.68,3.78,75.01,79.43,0.99,4,-1,-1
383,9,547.29,78.83,183.40,482.55,0.85,6,-1,-1
383,169,1262.30,84.54,33.16,48.94,0.83,1,-1,-1
383,193,1081.87,268.37,37.11,48.01,0.94,2,-1,-1
383,200,587.89,656.43,181.69,107.74,0.67,7,-1,-1
384,4,497.30,44.83,82.12,97.08,0.99,4,-1,-1
384,31,127.05,356.68,221.70,162.90,0.99,5,-1,-1
384,32,902.17,314.87,313.83,407.88,0.96,6,-1,-1
384,35,958.57,23.14,129.89,95.49,0.99,4,-1,-1
384,36,338.76,36.85,156.52,91.40,1.00,4,-1,-1
384,54,745.21,161.12,157.88,323.02,0.96,6,-1,-1
384,50,1191.04,413.57,169.89,116.21,0.98,4,-1,-1
384,135,333.26,1.44,122.70,54.86,0.99,4,-1,-1
384,178,582.81,5.79,75.23,80.59,0.99,4,-1,-1
384,9,546.66,78.54,185.74,486.71,0.81,6,-1,-1
384,169,1266.51,87.72,32.70,49.41,0.75,1,-1,-1
384,193,1085.57,273.73,36.41,48.21,0.69,2,-1,-1
384,200,590.24,669.34,175.34,95.51,0.31,7,-1,-1
384,205,549.84,80.47,178.44,468.52,0.82,9,-1,-1
385,4,497.48,47.43,83.10,97.44,0.99,4,-1,-1
385,31,123.61,363.63,223.70,165.10,0.99,5,-1,-1
385,32,903.25,319.84,309.92,420.75,0.96,6,-1,-1
385,35,961.10,25.97,130.03,95.88,0.99,4,-1,-1
385,36,337.72,40.01,157.70,91.83,1.00,4,-1,-1
385,54,746.09,166.59,160.32,326.21,0.94,6,-1,-1
385,50,1196.45,421.52,165.22,116.81,0.97,4,-1,-1
385,135,330.71,1.13,125.27,58.79,0.98,4,-1,-1
385,178,582.44,7.42,76.43,81.83,1.00,4,-1,-1
385,9,548.78,80.09,184.85,494.21,0.86,6,-1,-1
385,169,1269.27,91.44,33.68,49.14,0.83,1,-1,-1
385,193,1088.14,279.16,37.25,48.01,0.37,2,-1,-1
385,200,588.70,682.60,176.17,82.09,0.24,7,-1,-1
385,205,551.87,84.35,178.11,455.28,0.71,9,-1,-1
386,4,496.95,50.80,84.60,98.06,0.99,4,-1,-1
386,31,121.26,371.25,224.70,166.45,0.99,5,-1,-1
386,32,904.12,326.26,317.28,433.72,0.98,6,-1,-1
386,35,963.09,29.52,130.06,96.68,0.99,4,-1,-1
386,36,337.20,43.52,157.99,92.00,1.00,4,-1,-1
386,54,747.77,171.15,163.19,332.39,0.95,6,-1,-1
386,50,1201.74,429.72,158.94,117.28,0.98,4,-1,-1
386,135,330.30,1.70,125.97,63.17,0.99,4,-1,-1
386,178,582.56,9.50,76.31,82.14,0.99,4,-1,-1
386,9,549.29,83.35,183.92,505.42,0.85,6,-1,-1
386,169,1273.56,95.44,32.91,49.41,0.57,1,-1,-1
386,193,1091.25,285.35,37.56,48.20,0.68,2,-1,-1
386,206,1091.15,285.38,37.57,48.24,0.69,1,-1,-1
387,4,496.98,54.68,85.17,100.00,0.99,4,-1,-1
387,31,119.14,378.85,225.17,167.63,1.00,5,-1,-1
387,32,907.14,334.15,321.07,432.47,0.96,6,-1,-1
387,35,964.88,33.28,131.19,96.67,0.99,4,-1,-1
387,36,335.73,46.55,159.35,93.64,1.00,4,-1,-1
387,54,750.57,177.11,163.12,333.67,0.96,6,-1,-1
387,50,1206.37,438.70,153.25,117.31,0.99,4,-1,-1
387,135,327.30,2.59,128.51,67.53,1.00,4,-1,-1
387,178,582.30,11.30,76.81,82.84,0.99,4,-1,-1
387,9,549.72,92.48,184.63,506.64,0.93,6,-1,-1
387,169,1276.15,99.41,34.90,50.93,0.88,1,-1,-1
387,193,1094.55,291.78,37.67,48.28,0.66,2,-1,-1
387,206,1094.64,291.74,37.63,48.64,0.67,2,-1,-1
388,4,497.31,58.48,85.34,100.41,0.99,4,-1,-1
388,31,115.54,386.75,228.26,170.04,0.99,5,-1,-1
388,32,910.94,345.08,321.10,422.89,0.97,6,-1,-1
388,35,967.16,36.63,131.55,97.55,0.99,4,-1,-1
388,36,335.55,50.43,159.50,93.90,0.99,4,-1,-1
388,54,752.97,183.18,163.75,336.08,0.96,6,-1,-1
388,50,1210.62,446.82,148.93,119.59,0.99,4,-1,-1
388,135,326.55,4.90,128.86,68.68,1.00,4,-1,-1
388,178,581.67,13.38,77.51,83.48,1.00,4,-1,-1
388,9,548.48,94.96,186.97,509.78,0.89,6,-1,-1
388,169,1281.97,104.17,32.26,51.10,0.62,1,-1,-1
388,193,1098.39,298.86,37.68,47.45,0.62,2,-1,-1
388,206,1098.68,298.60,37.64,47.41,0.78,1,-1,-1
389,4,496.57,62.22,85.99,100.96,0.99,4,-1,-1
389,31,115.57,395.01,228.02,172.14,1.00,5,-1,-1
389,32,913.51,351.70,327.83,418.94,0.97,6,-1,-1
389,35,969.11,39.35,132.83,99.07,0.99,4,-1,-1
389,36,335.37,54.49,159.42,94.52,1.00,4,-1,-1
389,54,753.59,186.68,167.13,341.88,0.95,6,-1,-1
389,50,1215.60,455.64,144.04,119.84,0.99,4,-1,-1
389,135,326.27,8.20,129.01,69.26,1.00,4,-1,-1
389,178,581.72,15.67,77.79,83.58,1.00,4,-1,-1
389,9,547.73,94.14,189.63,523.29,0.89,6,-1,-1
389,169,1284.09,107.73,34.69,52.85,0.69,1,-1,-1
389,193,1102.64,304.53,37.69,48.84,0.63,2,-1,-1
390,4,496.86,65.69,86.79,102.82,0.99,4,-1,-1
390,31,110.77,403.05,232.59,173.26,1.00,5,-1,-1
390,32,918.31,358.64,359.34,410.43,0.97,6,-1,-1
390,35,971.41,43.42,133.28,99.11,0.99,4,-1,-1
390,36,334.25,57.52,160.76,96.08,1.00,4,-1,-1
390,54,755.44,193.78,168.37,344.05,0.94,6,-1,-1
390,50,1220.08,463.90,138.90,119.88,0.99,4,-1,-1
390,135,324.81,11.39,130.46,69.73,0.99,4,-1,-1
390,178,580.90,17.26,79.00,85.04,0.99,4,-1,-1
390,9,548.86,97.17,190.05,526.89,0.86,6,-1,-1
390,169,1285.30,111.98,36.65,51.53,0.63,1,-1,-1
390,193,1105.21,310.86,37.68,48.22,0.82,2,-1,-1
391,4,496.96,69.46,87.08,103.24,0.99,4,-1,-1
391,31,110.11,410.98,232.58,174.37,0.99,5,-1,-1
391,32,920.63,365.67,416.76,403.00,0.94,6,-1,-1
391,35,973.36,47.38,133.42,98.82,0.99,4,-1,-1
391,36,333.55,61.30,161.82,96.25,1.00,4,-1,-1
391,54,757.22,199.53,170.46,349.15,0.92,6,-1,-1
391,50,1224.43,472.13,134.87,119.88,0.99,4,-1,-1
391,135,323.86,14.72,130.57,70.44,0.99,4,-1,-1
391,178,580.32,19.39,79.44,85.14,1.00,4,-1,-1
391,9,549.57,104.19,190.69,531.58,0.85,6,-1,-1
391,169,1288.45,116.01,37.40,51.99,0.79,1,-1,-1
391,193,1109.46,317.29,37.67,48.83,0.63,2,-1,-1
392,4,496.44,72.71,87.75,103.94,0.99,4,-1,-1
392,31,105.65,418.61,235.97,177.56,0.99,5,-1,-1
392,32,924.71,373.15,400.36,394.57,0.94,6,-1,-1
392,35,975.75,50.57,133.46,99.24,0.99,4,-1,-1
392,36,333.47,64.92,161.49,95.91,1.00,4,-1,-1
392,54,759.26,204.30,169.23,353.38,0.96,6,-1,-1
392,50,1230.53,481.02,128.89,120.44,0.99,4,-1,-1
392,135,322.97,18.03,131.17,71.14,0.99,4,-1,-1
392,178,580.40,20.82,79.03,85.56,0.99,4,-1,-1
392,9,550.97,109.81,190.32,538.09,0.89,6,-1,-1
392,169,1291.26,119.91,38.79,51.73,0.43,1,-1,-1
392,193,1112.66,323.57,37.65,48.77,0.76,2,-1,-1
393,4,496.58,76.09,87.98,105.32,0.99,4,-1,-1
393,31,106.05,425.90,233.23,178.75,0.99,5,-1,-1
393,32,927.94,380.22,416.56,386.28,0.95,6,-1,-1
393,35,978.32,53.25,133.43,101.10,0.99,4,-1,-1
393,36,332.97,68.19,161.88,96.90,1.00,4,-1,-1
393,54,760.30,208.07,169.50,356.64,0.97,6,-1,-1
393,50,1234.84,488.89,124.57,121.77,0.99,4,-1,-1
393,135,323.16,21.06,131.23,72.16,0.99,4,-1,-1
393,178,580.22,21.39,79.41,86.81,0.99,4,-1,-1
393,9,549.00,113.29,194.61,539.69,0.86,6,-1,-1
393,169,1295.05,123.16,39.30,52.48,0.51,1,-1,-1
393,193,1115.46,329.68,37.64,47.90,0.80,2,-1,-1
394,4,496.75,79.46,88.06,105.53,0.99,4,-1,-1
394,31,103.20,433.24,235.81,181.37,0.99,5,-1,-1
394,32,928.99,388.00,426.95,378.01,0.97,6,-1,-1
394,35,979.62,56.66,134.55,101.49,0.99,4,-1,-1
394,36,331.65,71.37,163.29,97.67,0.99,4,-1,-1
394,54,761.61,214.30,175.81,358.11,0.95,6,-1,-1
394,50,1239.61,497.18,119.69,121.11,0.99,4,-1,-1
394,135,321.12,24.08,133.22,72.90,0.99,4,-1,-1
394,178,580.00,22.85,79.54,86.35,0.99,4,-1,-1
394,9,548.94,115.19,195.66,542.16,0.88,6,-1,-1
394,169,1297.92,127.58,39.48,52.18,0.51,1,-1,-1
394,193,1117.95,335.41,38.76,48.13,0.82,2,-1,-1
394,207,553.26,125.72,189.54,477.06,0.73,9,-1,-1
394,208,841.41,-0.13,132.77,30.18,0.77,5,-1,-1
395,4,496.24,83.19,88.63,106.42,1.00,4,-1,-1
395,31,98.75,440.83,237.90,183.92,0.99,5,-1,-1
395,32,930.31,394.55,404.30,371.42,0.92,6,-1,-1
395,35,980.47,59.11,136.06,102.91,0.99,4,-1,-1
395,36,330.65,74.86,163.77,98.18,1.00,4,-1,-1
395,54,762.84,220.21,176.74,361.72,0.94,6,-1,-1
395,50,1243.31,505.82,115.78,119.66,0.99,4,-1,-1
395,135,319.84,27.21,133.94,73.39,1.00,4,-1,-1
395,178,579.05,24.52,80.13,86.25,0.99,4,-1,-1
395,9,551.71,119.64,193.20,541.16,0.90,6,-1,-1
395,169,1303.16,132.89,37.29,52.46,0.41,1,-1,-1
395,193,1121.45,341.37,39.18,49.05,0.74,2,-1,-1
395,208,842.69,0.55,133.26,33.42,0.93,5,-1,-1
395,209,1121.89,340.88,39.27,50.80,0.69,1,-1,-1
396,4,495.57,86.35,89.95,107.17,0.99,4,-1,-1
396,31,97.99,447.90,236.84,184.30,0.99,5,-1,-1
396,32,933.56,401.35,418.29,363.95,0.95,6,-1,-1
396,35,981.92,62.61,136.60,103.99,1.00,4,-1,-1
396,36,330.55,78.37,164.05,98.37,1.00,4,-1,-1
396,54,765.28,225.97,177.25,363.27,0.93,6,-1,-1
396,50,1247.99,513.96,111.02,119.67,0.98,4,-1,-1
396,135,317.52,30.50,136.43,76.00,0.99,4,-1,-1
396,178,578.79,26.20,80.33,86.81,0.99,4,-1,-1
396,9,551.44,119.65,194.97,552.60,0.85,6,-1,-1
396,193,1124.96,347.30,39.32,48.83,0.73,2,-1,-1
396,208,844.02,1.04,132.39,36.15,0.96,5,-1,-1
396,209,1125.28,347.20,39.33,49.49,0.62,2,-1,-1
396,210,551.98,128.07,192.10,503.74,0.83,9,-1,-1
397,4,495.66,89.85,89.83,106.83,1.00,4,-1,-1
397,31,98.47,455.23,236.21,184.89,0.99,5,-1,-1
397,32,935.13,409.03,410.93,355.47,0.96,6,-1,-1
397,35,983.42,65.88,136.72,104.36,1.00,4,-1,-1
397,36,329.67,81.64,164.77,99.81,1.00,4,-1,-1
397,54,766.11,229.66,177.28,367.00,0.95,6,-1,-1
397,50,1251.58,521.21,107.14,119.06,0.98,4,-1,-1
397,135,317.37,33.54,136.73,74.91,0.99,4,-1,-1
397,178,578.46,27.31,80.35,87.05,0.99,4,-1,-1
397,9,550.79,123.77,197.74,554.63,0.91,6,-1,-1
397,193,1128.23,352.85,38.21,48.45,0.65,2,-1,-1
397,208,844.92,0.73,131.98,38.92,0.98,5,-1,-1
397,169,1308.06,141.43,38.94,53.09,0.51,1,-1,-1
398,4,495.46,92.27,90.30,107.16,0.99,4,-1,-1
398,31,97.23,459.88,236.86,186.19,0.99,5,-1,-1
398,32,936.67,415.66,396.26,348.48,0.94,6,-1,-1
398,35,985.59,69.20,136.70,103.34,1.00,4,-1,-1
398,36,329.01,84.00,165.40,100.21,1.00,4,-1,-1
398,54,766.90,233.99,184.49,369.68,0.92,6,-1,-1
398,50,1255.50,527.09,102.38,118.82,0.96,4,-1,-1
398,135,318.15,35.54,135.51,74.77,0.99,4,-1,-1
398,178,578.11,27.06,80.88,87.89,0.99,4,-1,-1
398,9,551.14,131.42,198.06,545.28,0.89,6,-1,-1
398,193,1130.95,357.05,37.77,48.58,0.53,2,-1,-1
398,208,846.09,0.36,131.51,40.91,0.96,5,-1,-1
398,169,1309.75,140.24,41.54,57.25,0.21,1,-1,-1
399,4,495.96,94.78,89.90,107.58,0.99,4,-1,-1
399,31,94.59,464.13,238.89,188.79,0.99,5,-1,-1
399,32,939.42,420.78,389.23,343.10,0.96,6,-1,-1
399,35,986.82,71.26,136.67,103.73,0.99,4,-1,-1
399,36,328.55,85.77,165.60,100.67,1.00,4,-1,-1
399,54,766.04,237.28,187.17,370.19,0.90,6,-1,-1
399,50,1258.42,531.83,99.75,119.25,0.98,4,-1,-1
399,135,316.39,36.92,137.13,76.45,1.00,4,-1,-1
399,178,577.98,27.09,80.51,87.71,0.99,4,-1,-1
399,9,549.01,135.27,201.02,541.36,0.89,6,-1,-1
399,193,1132.35,361.16,38.74,48.90,0.73,2,-1,-1
399,208,846.96,0.11,132.61,42.64,0.97,5,-1,-1
400,4,496.21,96.37,90.30,107.62,0.99,4,-1,-1
400,31,94.82,468.65,239.17,188.55,0.99,5,-1,-1
400,32,939.78,423.86,388.71,340.09,0.95,6,-1,-1
400,35,987.74,72.71,136.62,104.10,0.99,4,-1,-1
400,36,328.64,87.51,165.78,100.72,0.99,4,-1,-1
400,54,767.61,239.39,186.73,374.26,0.93,6,-1,-1
400,50,1260.99,535.85,96.64,118.81,0.97,4,-1,-1
400,135,317.96,38.04,135.59,75.38,1.00,4,-1,-1
400,178,577.98,26.51,79.77,87.62,0.99,4,-1,-1
400,9,549.66,137.67,200.41,539.50,0.89,6,-1,-1
400,193,1134.41,363.93,39.10,49.85,0.55,2,-1,-1
400,208,848.39,-0.22,131.76,43.58,0.95,5,-1,-1
400,211,379.94,-0.24,74.71,21.69,0.67,4,-1,-1
401,4,496.41,97.29,90.98,107.49,1.00,4,-1,-1
401,31,93.85,471.88,240.55,188.42,0.98,5,-1,-1
401,32,942.15,426.67,397.44,336.93,0.87,6,-1,-1
401,35,989.26,73.85,136.57,104.52,0.99,4,-1,-1
401,36,328.95,89.13,165.95,99.71,0.99,4,-1,-1
401,54,769.38,241.04,193.72,375.72,0.85,6,-1,-1
401,50,1264.14,539.30,93.36,118.65,0.98,4,-1,-1
401,135,317.58,39.97,136.10,76.30,0.99,4,-1,-1
401,178,577.54,25.88,80.05,87.12,0.99,4,-1,-1
401,9,551.71,140.01,198.93,534.76,0.93,6,-1,-1
401,193,1136.27,366.12,39.22,49.65,0.57,2,-1,-1
401,208,849.54,-0.42,132.64,44.85,0.97,5,-1,-1
401,211,379.80,0.16,74.91,22.49,0.78,4,-1,-1
402,4,496.68,97.73,91.22,108.25,0.99,4,-1,-1
402,31,93.18,473.85,240.92,187.15,0.98,5,-1,-1
402,32,942.81,429.32,408.41,333.60,0.93,6,-1,-1
402,35,990.17,74.86,136.52,104.36,1.00,4,-1,-1
402,36,329.31,90.00,165.68,99.75,0.99,4,-1,-1
402,54,770.16,241.80,200.97,378.49,0.89,6,-1,-1
402,50,1265.48,541.57,92.39,118.57,0.96,4,-1,-1
402,135,317.54,41.27,136.11,76.65,1.00,4,-1,-1
402,178,577.85,23.90,79.00,87.31,1.00,4,-1,-1
402,9,551.82,140.51,198.87,538.93,0.93,6,-1,-1
402,193,1136.68,367.74,40.38,49.84,0.59,2,-1,-1
402,208,849.76,-0.61,132.93,46.02,0.98,5,-1,-1
402,211,381.08,0.25,73.95,22.88,0.81,4,-1,-1
402,212,552.41,130.84,198.08,522.31,0.89,9,-1,-1
403,4,496.97,98.07,91.30,108.51,0.99,4,-1,-1
403,31,92.73,475.80,241.68,187.16,0.99,5,-1,-1
403,32,941.81,429.29,405.80,333.83,0.85,6,-1,-1
403,35,990.93,75.36,136.50,104.41,1.00,4,-1,-1
403,36,329.23,90.49,166.00,100.13,0.99,4,-1,-1
403,54,771.16,243.30,196.84,376.03,0.92,6,-1,-1
403,50,1266.35,543.22,91.03,118.52,0.94,4,-1,-1
403,135,317.74,41.74,136.11,77.40,0.99,4,-1,-1
403,178,577.32,21.42,79.18,87.72,1.00,4,-1,-1
403,9,549.78,140.27,200.57,537.59,0.92,6,-1,-1
403,193,1137.23,368.37,40.82,50.46,0.58,2,-1,-1
403,208,850.27,-0.74,133.04,46.61,0.96,5,-1,-1
403,211,381.29,0.09,74.12,23.26,0.83,4,-1,-1
403,212,547.31,129.67,202.25,524.43,0.89,9,-1,-1
404,4,497.38,97.94,91.31,109.24,0.99,4,-1,-1
404,31,90.32,476.46,244.45,188.30,0.98,5,-1,-1
404,32,943.57,429.77,398.94,332.84,0.90,6,-1,-1
404,35,991.18,75.29,136.47,105.27,1.00,4,-1,-1
404,36,329.37,90.66,166.24,100.56,0.99,4,-1,-1
404,54,771.79,244.23,193.04,373.33,0.91,6,-1,-1
404,50,1267.09,544.76,90.69,117.95,0.96,4,-1,-1
404,135,317.71,42.03,136.51,77.92,0.99,4,-1,-1
404,178,577.73,19.45,78.10,87.21,0.99,4,-1,-1
404,9,551.56,136.44,199.42,541.16,0.89,6,-1,-1
404,193,1138.46,369.28,39.85,50.14,0.63,2,-1,-1
404,208,851.31,-0.85,132.78,46.71,0.97,5,-1,-1
404,211,380.89,-0.12,74.35,23.59,0.83,4,-1,-1
405,4,497.52,97.89,91.33,109.16,0.99,4,-1,-1
405,31,89.69,477.04,244.96,189.84,0.98,5,-1,-1
405,32,945.42,431.37,406.50,331.52,0.93,6,-1,-1
405,35,991.89,75.78,136.48,104.89,1.00,4,-1,-1
405,36,329.26,90.97,166.21,100.83,0.99,4,-1,-1
405,54,772.89,245.18,191.87,375.68,0.91,6,-1,-1
405,50,1267.98,545.87,89.55,117.76,0.96,4,-1,-1
405,135,317.11,42.12,137.25,78.20,0.99,4,-1,-1
405,178,577.62,17.60,77.71,86.24,1.00,4,-1,-1
405,9,552.53,130.97,199.60,545.51,0.90,6,-1,-1
405,193,1139.56,370.34,39.47,49.45,0.56,2,-1,-1
405,208,852.00,-0.80,132.99,46.85,0.98,5,-1,-1
405,211,381.50,-0.14,73.66,23.76,0.86,4,-1,-1
405,213,557.53,131.06,191.25,504.59,0.88,9,-1,-1
406,4,497.84,97.84,91.32,109.38,0.99,4,-1,-1
406,31,90.88,477.67,243.90,190.36,0.99,5,-1,-1
406,32,946.56,432.34,395.76,329.97,0.92,6,-1,-1
406,35,992.61,76.11,136.47,105.14,1.00,4,-1,-1
406,36,329.66,91.27,166.04,100.83,0.99,4,-1,-1
406,54,773.23,245.41,195.89,377.30,0.92,6,-1,-1
406,50,1268.71,546.61,89.25,118.24,0.93,4,-1,-1
406,135,318.45,42.53,135.67,77.11,1.00,4,-1,-1
406,178,577.56,15.82,77.00,85.07,1.00,4,-1,-1
406,9,551.74,126.18,200.22,549.14,0.87,6,-1,-1
406,193,1141.53,370.85,38.19,49.46,0.63,2,-1,-1
406,208,851.88,-0.78,133.34,47.22,0.97,5,-1,-1
406,211,381.41,-0.17,74.33,23.82,0.87,4,-1,-1
407,4,497.88,97.65,91.32,108.90,0.99,4,-1,-1
407,31,90.48,478.66,243.98,189.98,0.99,5,-1,-1
407,32,946.90,432.63,398.36,330.15,0.90,6,-1,-1
407,35,992.81,76.49,136.48,105.23,1.00,4,-1,-1
407,36,329.58,91.41,166.12,100.76,0.99,4,-1,-1
407,54,772.99,246.01,191.50,377.89,0.91,6,-1,-1
407,50,1269.45,547.38,88.10,117.87,0.91,4,-1,-1
407,135,319.58,42.69,134.37,76.37,0.99,4,-1,-1
407,178,576.91,13.43,76.75,84.64,1.00,4,-1,-1
407,9,550.80,114.94,199.31,556.84,0.79,6,-1,-1
407,193,1141.04,371.56,40.00,49.47,0.68,2,-1,-1
407,208,852.04,-0.75,133.19,47.55,0.97,5,-1,-1
407,211,381.61,-0.23,73.98,23.92,0.87,4,-1,-1
408,4,498.18,97.07,91.32,108.85,1.00,4,-1,-1
408,31,93.39,480.43,240.68,188.69,0.99,5,-1,-1
408,32,947.57,432.73,390.27,330.34,0.85,6,-1,-1
408,35,992.88,76.82,136.48,105.12,1.00,4,-1,-1
408,36,329.41,91.55,166.29,101.05,0.99,4,-1,-1
408,54,772.88,246.82,190.31,375.54,0.92,6,-1,-1
408,50,1270.26,548.20,87.78,117.17,0.90,4,-1,-1
408,135,319.02,43.02,135.16,76.58,1.00,4,-1,-1
408,178,576.41,10.71,76.10,84.48,0.99,4,-1,-1
408,9,553.27,120.88,195.01,544.29,0.90,6,-1,-1
408,193,1141.96,371.84,39.54,50.32,0.58,2,-1,-1
408,208,852.38,-0.67,132.85,47.41,0.98,5,-1,-1
408,211,381.98,-0.22,73.56,23.97,0.87,4,-1,-1
409,4,498.31,96.66,91.31,108.42,1.00,4,-1,-1
409,31,92.50,480.97,241.41,188.21,0.99,5,-1,-1
409,32,948.97,434.97,403.10,328.30,0.92,6,-1,-1
409,35,993.53,77.05,136.49,105.23,1.00,4,-1,-1
409,36,328.94,91.52,167.07,101.45,0.99,4,-1,-1
409,54,773.14,246.63,190.68,375.92,0.94,6,-1,-1
409,50,1270.56,549.03,87.75,116.93,0.91,4,-1,-1
409,135,319.53,43.08,135.04,76.92,0.99,4,-1,-1
409,178,576.84,8.54,75.30,83.77,0.99,4,-1,-1
409,9,555.38,120.66,192.22,542.28,0.91,6,-1,-1
409,193,1141.21,372.46,40.49,49.53,0.54,2,-1,-1
409,208,853.13,-0.64,132.73,47.39,0.98,5,-1,-1
409,211,382.44,-0.30,73.12,24.00,0.87,4,-1,-1
410,4,498.65,96.03,91.31,108.53,0.99,4,-1,-1
410,31,90.40,481.79,243.73,188.59,0.99,5,-1,-1
410,32,948.36,436.13,406.70,327.09,0.93,6,-1,-1
410,35,993.78,77.22,136.50,105.41,1.00,4,-1,-1
410,36,329.05,91.80,167.36,101.60,0.99,4,-1,-1
410,54,772.96,246.20,189.41,378.44,0.95,6,-1,-1
410,50,1271.23,549.37,87.81,117.42,0.86,4,-1,-1
410,135,320.28,43.31,134.16,76.03,0.99,4,-1,-1
410,178,576.74,6.51,75.02,83.19,1.00,4,-1,-1
410,9,557.02,121.15,190.08,538.00,0.90,6,-1,-1
410,193,1142.05,373.04,39.72,50.07,0.38,2,-1,-1
410,208,853.13,-0.52,132.98,47.29,0.98,5,-1,-1
410,211,382.89,-0.22,72.97,24.06,0.87,4,-1,-1
411,4,498.98,95.55,90.77,108.44,1.00,4,-1,-1
411,31,91.38,482.45,242.69,188.72,0.99,5,-1,-1
411,32,948.13,434.83,405.88,329.01,0.83,6,-1,-1
411,35,993.86,77.07,137.66,105.86,1.00,4,-1,-1
411,36,329.42,92.17,166.80,101.36,0.99,4,-1,-1
411,54,774.28,246.88,200.57,379.68,0.90,6,-1,-1
411,50,1272.10,550.00,86.79,117.61,0.83,4,-1,-1
411,135,322.02,43.61,132.30,75.44,0.99,4,-1,-1
411,178,577.22,4.48,74.38,82.68,1.00,4,-1,-1
411,9,556.70,117.43,191.68,536.44,0.90,6,-1,-1
411,193,1143.54,373.49,38.30,49.71,0.52,2,-1,-1
411,208,853.08,-0.47,133.10,47.35,0.97,5,-1,-1
411,211,383.11,-0.17,72.50,24.24,0.86,4,-1,-1
412,4,499.39,94.51,90.57,109.12,1.00,4,-1,-1
412,31,93.96,482.91,239.89,188.23,0.99,5,-1,-1
412,32,949.71,434.90,396.50,328.73,0.91,6,-1,-1
412,35,993.93,77.40,138.11,105.79,1.00,4,-1,-1
412,36,329.55,92.33,166.87,101.15,0.99,4,-1,-1
412,54,774.77,247.40,202.47,380.16,0.89,6,-1,-1
412,50,1272.41,550.25,86.47,118.28,0.86,4,-1,-1
412,135,322.66,43.64,131.90,74.98,1.00,4,-1,-1
412,178,577.71,2.11,73.02,81.63,0.99,4,-1,-1
412,9,557.98,119.61,188.87,527.86,0.91,6,-1,-1
412,193,1143.53,373.68,38.91,49.87,0.55,2,-1,-1
412,208,853.66,-0.47,133.15,47.23,0.98,5,-1,-1
412,211,383.33,-0.20,72.19,24.25,0.86,4,-1,-1
412,214,1143.23,373.54,39.27,49.52,0.66,1,-1,-1
413,4,499.87,93.81,89.91,108.88,1.00,4,-1,-1
413,31,94.46,482.72,239.36,188.02,0.99,5,-1,-1
413,32,950.28,435.17,388.27,328.11,0.90,6,-1,-1
413,35,995.07,77.71,137.13,105.61,1.00,4,-1,-1
413,36,329.67,92.38,166.88,101.94,1.00,4,-1,-1
413,54,774.69,247.45,192.79,378.16,0.94,6,-1,-1
413,50,1272.44,550.86,86.40,117.96,0.86,4,-1,-1
413,135,322.10,43.81,132.32,75.25,1.00,4,-1,-1
413,178,577.66,-0.01,73.10,80.10,1.00,4,-1,-1
413,9,558.49,117.67,187.81,519.77,0.90,6,-1,-1
413,193,1144.05,374.30,39.12,49.92,0.60,2,-1,-1
413,208,853.88,-0.36,133.15,47.46,0.98,5,-1,-1
413,211,383.62,-0.18,72.22,24.21,0.88,4,-1,-1
413,214,1143.30,374.27,39.28,49.87,0.60,2,-1,-1
414,4,500.31,92.65,89.66,109.42,1.00,4,-1,-1
414,31,93.97,482.89,239.52,188.52,0.99,5,-1,-1
414,32,948.73,434.57,389.76,329.54,0.87,6,-1,-1
414,35,995.49,77.75,136.75,105.94,1.00,4,-1,-1
414,36,329.84,92.46,166.45,101.89,0.99,4,-1,-1
414,54,775.47,247.63,189.78,377.53,0.93,6,-1,-1
414,50,1273.53,551.11,85.28,117.84,0.83,4,-1,-1
414,135,320.17,43.65,134.46,76.43,0.99,4,-1,-1
414,178,577.64,-0.95,72.57,77.82,1.00,4,-1,-1
414,9,558.93,111.30,187.42,520.26,0.92,6,-1,-1
414,193,1144.77,374.42,39.21,49.94,0.53,2,-1,-1
414,208,853.95,-0.28,133.15,47.49,0.97,5,-1,-1
414,211,384.00,-0.17,71.96,24.13,0.87,4,-1,-1
414,214,1145.28,374.28,37.96,49.94,0.56,1,-1,-1
415,4,501.28,91.51,89.03,108.76,0.99,4,-1,-1
415,31,94.80,482.97,238.64,189.23,0.99,5,-1,-1
415,32,950.44,435.34,380.21,328.37,0.90,6,-1,-1
415,35,995.61,77.90,136.63,105.50,1.00,4,-1,-1
415,36,330.43,92.68,166.03,101.59,0.99,4,-1,-1
415,54,776.03,248.17,186.75,376.12,0.93,6,-1,-1
415,50,1273.98,551.00,84.93,117.79,0.85,4,-1,-1
415,135,321.08,43.86,133.61,75.75,1.00,4,-1,-1
415,178,578.16,-1.19,71.84,74.70,1.00,4,-1,-1
415,9,559.90,106.40,186.27,519.64,0.89,6,-1,-1
415,193,1145.05,374.02,39.25,50.23,0.51,2,-1,-1
415,208,854.78,-0.34,132.88,47.32,0.98,5,-1,-1
415,211,383.51,-0.20,72.44,24.03,0.87,4,-1,-1
415,214,1145.25,373.82,38.88,50.28,0.54,1,-1,-1
416,4,501.94,90.43,88.23,108.23,0.99,4,-1,-1
416,31,94.38,483.56,239.01,188.94,0.99,5,-1,-1
416,32,950.50,434.69,378.89,329.28,0.90,6,-1,-1
416,35,996.23,78.16,136.58,105.20,1.00,4,-1,-1
416,36,330.38,92.71,166.15,101.63,0.99,4,-1,-1
416,54,775.95,248.27,183.61,376.01,0.96,6,-1,-1
416,50,1275.26,551.02,83.71,118.91,0.87,4,-1,-1
416,135,320.02,43.93,134.69,76.80,0.99,4,-1,-1
416,178,579.81,-1.08,70.44,71.04,1.00,4,-1,-1
416,9,559.69,103.68,185.84,520.78,0.93,6,-1,-1
416,193,1145.14,374.35,39.26,50.34,0.56,2,-1,-1
416,208,854.82,-0.26,133.06,47.32,0.98,5,-1,-1
416,211,383.49,-0.19,72.77,24.02,0.88,4,-1,-1
417,4,502.49,89.37,87.93,108.46,1.00,4,-1,-1
417,31,93.42,483.46,240.28,189.39,0.99,5,-1,-1
417,32,951.08,434.88,376.16,330.10,0.89,6,-1,-1
417,35,996.47,78.01,136.55,105.23,1.00,4,-1,-1
417,36,330.68,92.81,166.19,101.22,0.99,4,-1,-1
417,54,776.49,248.04,181.30,377.93,0.95,6,-1,-1
417,50,1275.69,551.31,83.29,118.77,0.84,4,-1,-1
417,135,321.50,43.99,133.26,76.06,1.00,4,-1,-1
417,178,582.18,-0.81,68.22,67.82,0.99,4,-1,-1
417,9,561.33,100.22,183.99,518.15,0.90,6,-1,-1
417,193,1146.29,374.78,38.13,48.69,0.77,2,-1,-1
417,208,855.70,-0.20,132.84,47.45,0.98,5,-1,-1
417,211,383.38,-0.15,73.32,24.07,0.88,4,-1,-1
417,215,1146.65,375.03,37.57,47.81,0.66,1,-1,-1
418,4,502.61,87.51,87.84,108.75,1.00,4,-1,-1
418,31,94.76,483.44,239.30,189.54,0.99,5,-1,-1
418,32,952.95,435.04,379.79,330.00,0.92,6,-1,-1
418,35,997.06,78.13,136.56,105.23,1.00,4,-1,-1
418,36,330.71,92.79,166.22,101.33,0.99,4,-1,-1
418,54,776.91,248.63,183.07,378.79,0.95,6,-1,-1
418,50,1276.95,551.35,82.05,119.28,0.87,4,-1,-1
418,135,321.27,43.93,133.72,75.72,0.99,4,-1,-1
418,178,582.97,-0.76,67.43,65.08,0.99,4,-1,-1
418,9,563.56,96.88,182.80,509.14,0.86,6,-1,-1
418,193,1146.10,374.74,38.85,48.62,0.68,2,-1,-1
418,208,855.95,-0.19,132.77,47.45,0.98,5,-1,-1
418,211,383.54,-0.12,72.96,24.12,0.86,4,-1,-1
419,4,502.92,86.05,87.81,107.95,0.99,4,-1,-1
419,31,94.19,483.67,239.99,190.17,0.99,5,-1,-1
419,32,952.50,434.66,385.72,330.15,0.89,6,-1,-1
419,35,996.71,77.99,137.69,105.63,0.99,4,-1,-1
419,36,331.00,92.76,165.95,101.24,0.99,4,-1,-1
419,54,777.34,248.41,185.73,378.68,0.94,6,-1,-1
419,50,1277.39,551.34,81.63,119.47,0.76,4,-1,-1
419,135,322.45,43.95,132.63,75.18,1.00,4,-1,-1
419,178,584.39,-0.90,66.03,62.14,1.00,4,-1,-1
419,9,562.66,95.57,182.96,506.55,0.94,6,-1,-1
419,193,1147.71,374.99,37.99,48.89,0.74,2,-1,-1
419,208,856.04,-0.16,132.74,47.48,0.98,5,-1,-1
419,211,383.74,-0.14,72.97,23.95,0.88,4,-1,-1
419,216,1148.35,375.03,37.57,49.09,0.65,1,-1,-1
420,4,504.44,84.83,85.55,106.93,1.00,4,-1,-1
420,31,93.00,483.75,240.96,189.82,0.99,5,-1,-1
420,32,952.86,434.91,378.98,329.51,0.89,6,-1,-1
420,35,997.11,78.23,136.99,105.24,1.00,4,-1,-1
420,36,331.24,92.76,165.71,101.05,0.99,4,-1,-1
420,54,777.76,248.16,188.16,378.19,0.94,6,-1,-1
420,50,1277.51,551.28,81.51,119.53,0.79,4,-1,-1
420,135,323.31,44.07,131.51,74.16,1.00,4,-1,-1
420,178,585.75,-0.87,64.39,58.90,1.00,4,-1,-1
420,9,562.85,94.61,182.50,503.95,0.94,6,-1,-1
420,193,1147.15,374.77,38.80,49.56,0.86,2,-1,-1
420,208,856.04,-0.15,132.17,47.39,0.99,5,-1,-1
420,211,383.80,-0.14,72.98,23.76,0.88,4,-1,-1
421,4,504.71,83.41,85.85,106.70,1.00,4,-1,-1
421,31,93.38,483.76,240.49,189.69,0.99,5,-1,-1
421,32,954.13,434.72,383.24,329.87,0.90,6,-1,-1
421,35,996.70,78.47,137.86,105.23,1.00,4,-1,-1
421,36,331.04,92.68,165.91,101.27,0.99,4,-1,-1
421,54,777.63,248.63,187.12,379.98,0.95,6,-1,-1
421,50,1278.12,551.82,80.37,118.43,0.82,4,-1,-1
421,135,322.62,44.04,132.10,74.56,0.99,4,-1,-1
421,178,586.23,-0.78,64.41,55.08,0.99,4,-1,-1
421,9,563.76,93.91,181.79,500.12,0.96,6,-1,-1
421,193,1147.51,374.82,39.11,49.81,0.80,2,-1,-1
421,208,856.05,-0.13,132.52,47.29,0.98,5,-1,-1
421,211,383.82,-0.14,72.98,23.80,0.88,4,-1,-1
422,4,505.35,81.80,84.83,106.76,1.00,4,-1,-1
422,31,93.57,483.44,240.36,190.21,0.99,5,-1,-1
422,32,953.42,436.65,397.23,327.80,0.90,6,-1,-1
422,35,997.65,78.95,137.05,104.53,0.99,4,-1,-1
422,36,330.68,92.47,166.54,101.61,0.99,4,-1,-1
422,54,777.55,248.83,185.00,378.40,0.97,6,-1,-1
422,50,1278.27,551.78,79.98,118.01,0.72,4,-1,-1
422,135,322.92,43.93,132.32,74.76,1.00,4,-1,-1
422,178,586.95,-0.58,64.44,51.35,0.98,4,-1,-1
422,9,564.35,91.34,180.95,498.36,0.96,6,-1,-1
422,193,1148.72,375.02,38.09,49.63,0.61,2,-1,-1
422,208,856.03,-0.13,132.09,47.30,0.97,5,-1,-1
422,211,382.98,-0.15,73.83,23.90,0.88,4,-1,-1
422,217,1149.21,375.24,37.57,49.09,0.70,2,-1,-1
423,4,505.88,79.74,83.90,107.00,0.99,4,-1,-1
423,31,92.49,483.59,241.38,190.39,0.98,5,-1,-1
423,32,954.28,436.07,384.67,328.01,0.91,6,-1,-1
423,35,997.46,78.61,137.87,104.97,0.99,4,-1,-1
423,36,330.84,92.36,166.50,101.48,0.99,4,-1,-1
423,54,777.81,249.02,184.50,377.92,0.95,6,-1,-1
423,50,1278.90,551.71,79.87,117.86,0.84,4,-1,-1
423,135,322.62,43.71,132.55,74.65,1.00,4,-1,-1
423,178,587.78,-0.50,64.49,48.07,0.99,4,-1,-1
423,9,565.14,89.45,179.55,485.72,0.95,6,-1,-1
423,193,1148.05,374.92,38.85,49.56,0.85,2,-1,-1
423,208,856.32,-0.08,131.65,47.21,0.97,5,-1,-1
423,211,382.97,-0.15,73.86,23.77,0.88,4,-1,-1
424,4,506.59,77.86,82.44,106.53,1.00,4,-1,-1
424,31,90.43,483.37,243.82,190.45,0.99,5,-1,-1
424,32,954.01,437.08,397.91,326.56,0.89,6,-1,-1
424,35,997.35,78.38,138.19,104.99,1.00,4,-1,-1
424,36,330.72,92.06,166.35,101.68,0.99,4,-1,-1
424,54,778.16,248.21,188.02,378.58,0.93,6,-1,-1
424,50,1279.12,551.64,79.86,118.36,0.75,4,-1,-1
424,135,322.18,43.57,132.93,74.81,1.00,4,-1,-1
424,178,588.60,-0.38,63.97,44.60,0.98,4,-1,-1
424,9,565.09,84.53,180.79,487.41,0.92,6,-1,-1
424,193,1147.78,374.83,39.13,49.53,0.74,2,-1,-1
424,208,856.11,-0.10,132.34,47.26,0.97,5,-1,-1
424,211,383.06,-0.16,73.74,23.82,0.88,4,-1,-1
425,4,506.25,75.41,83.06,105.62,0.99,4,-1,-1
425,31,91.52,482.75,242.71,191.03,0.99,5,-1,-1
425,32,955.04,436.20,381.59,327.61,0.91,6,-1,-1
425,35,997.32,78.11,138.31,105.47,0.99,4,-1,-1
425,36,330.36,91.83,166.87,101.75,0.99,4,-1,-1
425,54,778.57,247.49,194.69,377.85,0.89,6,-1,-1
425,50,1279.21,551.34,79.90,118.56,0.76,4,-1,-1
425,135,321.41,43.33,133.94,75.28,1.00,4,-1,-1
425,178,589.15,-0.32,63.81,41.41,0.98,4,-1,-1
425,9,564.48,81.38,181.29,486.17,0.92,6,-1,-1
425,193,1147.13,374.68,40.36,49.80,0.86,2,-1,-1
425,208,856.59,-0.10,132.61,47.52,0.98,5,-1,-1
425,211,383.21,-0.16,73.27,23.73,0.88,4,-1,-1
426,4,506.95,74.32,82.17,105.01,0.99,4,-1,-1
426,31,92.68,483.56,241.78,190.70,0.98,5,-1,-1
426,32,953.68,439.07,401.41,324.80,0.87,6,-1,-1
426,35,997.29,78.96,138.35,105.65,1.00,4,-1,-1
426,36,329.92,92.97,167.63,102.25,1.00,4,-1,-1
426,54,778.69,248.58,193.85,379.85,0.95,6,-1,-1
426,50,1280.33,553.73,78.80,118.08,0.68,4,-1,-1
426,135,323.78,44.41,131.36,74.65,1.00,4,-1,-1
426,178,589.60,0.04,63.77,38.95,0.99,4,-1,-1
426,9,563.93,78.52,182.05,485.85,0.95,6,-1,-1
426,193,1147.97,376.27,40.82,50.47,0.78,2,-1,-1
426,208,856.47,0.41,133.00,48.50,0.98,5,-1,-1
426,211,383.68,0.34,72.95,24.19,0.90,4,-1,-1
427,4,507.54,75.97,80.71,104.21,1.00,4,-1,-1
427,31,90.52,486.17,243.94,191.69,0.99,5,-1,-1
427,32,954.31,442.18,377.45,322.62,0.93,6,-1,-1
427,35,997.30,82.58,138.35,104.84,1.00,4,-1,-1
427,36,329.69,96.27,168.04,102.11,1.00,4,-1,-1
427,54,777.92,252.17,189.82,381.14,0.95,6,-1,-1
427,50,1280.16,556.96,79.54,119.02,0.85,4,-1,-1
427,135,323.76,47.72,131.93,74.20,0.99,4,-1,-1
427,178,590.65,0.70,64.34,38.46,0.99,4,-1,-1
427,9,564.90,79.04,181.20,483.25,0.94,6,-1,-1
427,193,1149.41,379.91,38.76,50.44,0.69,2,-1,-1
427,208,856.74,1.40,132.29,50.71,0.98,5,-1,-1
427,211,382.80,1.14,73.96,27.05,0.94,4,-1,-1
427,218,1150.06,379.94,37.57,50.80,0.72,1,-1,-1
428,4,508.76,78.33,79.08,103.49,1.00,4,-1,-1
428,31,90.15,490.93,244.18,193.71,0.98,5,-1,-1
428,32,954.54,446.66,369.05,320.07,0.90,6,-1,-1
428,35,997.79,87.02,137.25,104.50,1.00,4,-1,-1
428,36,330.04,100.84,167.38,101.50,0.99,4,-1,-1
428,54,777.56,256.87,188.91,381.60,0.95,6,-1,-1
428,50,1280.69,562.82,78.74,118.81,0.74,4,-1,-1
428,135,321.35,51.60,134.71,75.30,1.00,4,-1,-1
428,178,591.46,1.18,65.15,38.96,0.98,4,-1,-1
428,9,565.42,81.02,179.88,480.68,0.95,6,-1,-1
428,193,1149.95,384.55,37.96,50.70,0.75,2,-1,-1
428,208,856.74,1.90,132.60,54.20,0.98,5,-1,-1
428,211,380.78,1.98,75.89,30.53,0.95,4,-1,-1
429,4,509.79,90.31,77.87,103.08,1.00,4,-1,-1
429,31,92.19,504.50,242.29,194.45,0.98,5,-1,-1
429,32,955.54,459.48,372.72,311.18,0.95,6,-1,-1
429,35,997.24,101.39,135.63,104.38,1.00,4,-1,-1
429,36,330.81,114.95,166.76,100.70,0.99,4,-1,-1
429,54,777.86,270.37,196.33,382.80,0.90,6,-1,-1
429,50,1282.78,577.90,76.12,119.83,0.58,4,-1,-1
429,135,318.84,65.58,137.65,76.04,0.99,4,-1,-1
429,178,592.30,4.17,66.56,46.34,0.98,4,-1,-1
429,9,566.44,94.76,179.80,474.58,0.95,6,-1,-1
429,193,1149.86,398.49,38.78,50.65,0.54,2,-1,-1
429,208,856.06,5.71,133.23,63.50,0.99,5,-1,-1
429,211,379.80,5.82,77.98,41.89,0.98,4,-1,-1
430,4,510.41,103.68,77.46,101.36,1.00,4,-1,-1
430,31,90.54,519.90,242.77,196.37,0.98,5,-1,-1
430,32,955.88,475.38,345.81,294.68,0.95,6,-1,-1
430,35,996.42,116.96,135.02,103.68,1.00,4,-1,-1
430,36,332.51,130.42,165.67,100.03,0.99,4,-1,-1
430,54,777.67,285.14,195.48,387.14,0.94,6,-1,-1
430,50,1284.68,592.62,74.03,121.32,0.42,4,-1,-1
430,135,318.86,81.52,138.07,75.49,0.99,4,-1,-1
430,178,593.97,5.93,68.22,56.88,0.99,4,-1,-1
430,9,566.79,107.05,180.38,466.53,0.96,6,-1,-1
430,193,1149.22,413.51,39.09,50.48,0.55,2,-1,-1
430,208,855.20,8.67,133.46,76.31,0.99,5,-1,-1
430,211,379.01,8.11,79.18,55.20,0.97,4,-1,-1
430,219,1149.21,413.66,39.27,50.37,0.63,1,-1,-1
431,4,511.31,124.56,76.80,100.45,0.99,4,-1,-1
431,31,91.76,543.30,239.91,197.61,0.98,5,-1,-1
431,32,957.13,497.34,329.82,274.68,0.91,6,-1,-1
431,35,995.43,140.28,133.71,102.48,1.00,4,-1,-1
431,36,332.96,153.27,165.59,99.12,1.00,4,-1,-1
431,54,778.04,306.74,201.95,393.81,0.87,6,-1,-1
431,50,1287.09,617.49,72.18,121.32,0.47,4,-1,-1
431,135,320.08,104.56,137.39,74.91,0.99,4,-1,-1
431,178,595.50,16.91,67.75,65.16,1.00,4,-1,-1
431,9,568.99,127.69,176.77,464.11,0.96,6,-1,-1
431,193,1148.36,435.85,40.34,51.96,0.23,2,-1,-1
431,208,854.16,26.29,132.45,81.53,0.98,5,-1,-1
431,211,384.07,17.22,73.81,69.63,0.95,4,-1,-1
432,4,511.93,148.94,75.96,100.92,0.99,4,-1,-1
432,31,91.72,570.81,236.80,190.25,0.98,5,-1,-1
432,32,957.98,523.19,314.81,247.67,0.86,6,-1,-1
432,35,993.86,167.30,133.17,102.07,1.00,4,-1,-1
432,36,335.15,179.81,163.80,97.76,1.00,4,-1,-1
432,54,778.08,333.84,198.63,394.61,0.86,6,-1,-1
432,50,1290.55,645.08,68.02,117.94,0.17,4,-1,-1
432,135,320.78,131.65,137.77,75.03,0.99,4,-1,-1
432,178,596.96,38.23,67.53,68.36,1.00,4,-1,-1
432,9,568.13,156.08,178.08,457.18,0.94,6,-1,-1
432,193,1148.36,461.51,41.90,50.98,0.65,2,-1,-1
432,208,852.63,52.26,130.88,82.66,0.99,5,-1,-1
432,211,388.65,42.25,70.04,72.02,0.97,4,-1,-1
433,4,512.25,175.03,75.76,101.22,0.99,4,-1,-1
433,31,94.09,601.44,234.85,171.46,0.98,5,-1,-1
433,32,961.38,552.36,292.36,219.78,0.73,6,-1,-1
433,35,992.82,196.37,131.95,101.38,0.99,4,-1,-1
433,36,335.13,208.56,164.67,97.91,1.00,4,-1,-1
433,54,777.29,362.85,202.29,393.92,0.82,6,-1,-1
433,50,1293.37,675.13,65.45,98.47,0.21,4,-1,-1
433,135,322.99,160.50,136.60,75.93,0.99,4,-1,-1
433,178,598.71,63.82,66.95,68.90,1.00,4,-1,-1
433,9,568.48,181.61,176.00,458.12,0.95,6,-1,-1
433,193,1148.65,490.48,42.53,51.74,0.38,2,-1,-1
433,208,851.78,81.40,130.11,82.49,1.00,5,-1,-1
433,211,390.03,70.28,69.60,73.61,0.97,4,-1,-1
433,220,550.27,0.03,70.01,27.72,0.80,4,-1,-1
433,221,874.29,5.90,39.27,31.03,0.95,10,-1,-1
433,222,887.09,0.05,22.20,33.11,0.88,2,-1,-1
433,223,1039.07,0.11,92.21,27.32,0.68,4,-1,-1
434,4,513.44,209.79,74.46,100.17,0.99,4,-1,-1
434,31,103.17,640.46,220.64,136.64,0.96,5,-1,-1
434,32,963.49,590.75,309.44,181.23,0.15,6,-1,-1
434,35,991.13,234.23,131.35,101.39,1.00,4,-1,-1
434,36,335.61,245.68,165.24,96.85,0.99,4,-1,-1
434,54,776.62,393.84,349.39,378.61,0.84,6,-1,-1
434,135,324.95,197.98,135.56,74.03,0.99,4,-1,-1
434,178,600.70,99.16,66.63,68.89,1.00,4,-1,-1
434,9,568.79,213.20,174.85,458.15,0.93,6,-1,-1
434,193,1152.17,528.83,40.48,49.20,0.25,2,-1,-1
434,208,850.06,120.03,129.39,81.91,0.99,5,-1,-1
434,211,393.31,109.10,67.22,71.84,0.98,4,-1,-1
434,220,554.53,20.56,64.53,44.77,0.97,4,-1,-1
434,221,870.57,46.46,39.25,31.05,0.94,10,-1,-1
434,222,883.37,33.26,20.82,39.53,0.91,2,-1,-1
434,223,1036.61,18.06,94.94,49.10,0.89,4,-1,-1
434,224,619.43,0.15,72.57,43.13,0.67,4,-1,-1
435,4,514.41,245.47,73.46,97.81,0.99,4,-1,-1
435,31,100.07,680.06,219.61,95.82,0.57,5,-1,-1
435,32,964.24,629.95,235.67,140.40,0.20,8,-1,-1
435,35,990.01,271.34,130.05,101.12,1.00,4,-1,-1
435,36,335.89,283.07,165.36,95.31,1.00,4,-1,-1
435,54,775.80,431.25,343.76,346.08,0.52,6,-1,-1
435,135,325.36,236.06,136.04,72.15,0.98,4,-1,-1
435,178,602.23,135.87,66.53,67.46,1.00,4,-1,-1
435,9,565.77,250.84,177.96,451.36,0.95,6,-1,-1
435,208,847.75,158.87,128.60,80.50,0.99,5,-1,-1
435,211,395.90,148.06,65.52,70.87,0.97,4,-1,-1
435,220,555.35,57.07,62.76,46.40,0.97,4,-1,-1
435,221,865.17,87.52,39.25,31.21,0.96,10,-1,-1
435,222,878.57,72.59,20.55,40.41,0.80,2,-1,-1
435,223,1032.82,54.94,91.51,51.60,0.84,4,-1,-1
435,225,775.67,4.51,65.74,47.97,0.94,4,-1,-1
435,226,780.80,432.23,210.46,328.50,0.79,6,-1,-1
436,4,514.95,281.18,72.61,95.87,0.99,4,-1,-1
436,35,989.32,308.89,129.69,100.24,1.00,4,-1,-1
436,36,336.18,320.51,165.69,95.09,1.00,4,-1,-1
436,54,777.73,468.37,280.05,308.34,0.82,6,-1,-1
436,135,322.59,273.87,139.85,73.49,0.98,4,-1,-1
436,178,603.86,172.40,66.56,66.21,1.00,4,-1,-1
436,9,563.74,285.87,179.87,451.69,0.93,6,-1,-1
436,208,845.93,197.98,128.43,79.71,0.99,5,-1,-1
436,211,397.49,187.50,64.98,69.05,0.98,4,-1,-1
436,220,554.28,95.34,62.93,47.11,0.96,4,-1,-1
436,221,858.98,127.11,39.28,33.02,0.91,10,-1,-1
436,222,872.92,113.14,20.82,40.46,0.85,2,-1,-1
436,223,1029.91,93.07,94.44,52.20,0.85,4,-1,-1
436,225,773.72,45.62,64.37,45.12,0.96,4,-1,-1
437,4,515.25,316.04,72.33,94.29,0.99,4,-1,-1
437,35,989.12,346.70,128.43,99.46,1.00,4,-1,-1
437,36,335.75,357.11,166.21,95.41,1.00,4,-1,-1
437,54,779.91,504.75,223.89,271.52,0.90,6,-1,-1
437,135,328.12,310.75,134.57,71.42,0.98,4,-1,-1
437,178,605.94,208.65,66.00,64.27,1.00,4,-1,-1
437,9,562.53,320.63,182.88,440.89,0.88,6,-1,-1
437,208,845.04,236.29,128.07,78.41,1.00,5,-1,-1
437,211,398.88,225.20,64.38,68.43,0.97,4,-1,-1
437,220,554.37,133.80,62.38,46.86,0.92,4,-1,-1
437,221,853.08,166.87,40.24,33.11,0.90,10,-1,-1
437,222,866.56,152.59,21.87,40.75,0.85,2,-1,-1
437,223,1026.57,132.93,89.06,51.28,0.92,4,-1,-1
437,225,771.34,84.76,62.78,43.88,0.96,4,-1,-1
437,227,319.96,25.13,112.70,60.41,0.75,6,-1,-1
438,4,515.48,349.92,72.21,93.66,0.99,4,-1,-1
438,35,989.12,383.40,127.89,99.37,1.00,4,-1,-1
438,36,335.45,393.55,166.14,95.32,0.99,4,-1,-1
438,54,780.62,541.79,203.56,229.77,0.42,6,-1,-1
438,135,329.71,347.60,133.23,68.57,0.99,4,-1,-1
438,178,607.87,244.23,65.18,63.43,1.00,4,-1,-1
438,9,561.64,353.91,198.44,416.71,0.74,6,-1,-1
438,208,845.19,274.06,126.44,77.21,0.99,5,-1,-1
438,211,401.13,263.33,63.43,67.25,0.98,4,-1,-1
438,220,554.71,170.83,61.56,46.86,0.92,4,-1,-1
438,221,847.79,205.84,40.53,31.93,0.91,10,-1,-1
438,222,862.01,192.16,21.89,39.90,0.80,2,-1,-1
438,223,1023.74,172.15,84.63,50.42,0.78,4,-1,-1
438,225,770.13,123.82,60.88,42.27,0.95,4,-1,-1
438,227,320.95,65.32,102.40,56.74,0.59,6,-1,-1
439,4,515.45,384.01,71.69,93.55,0.99,4,-1,-1
439,35,989.50,419.20,128.96,100.16,1.00,4,-1,-1
439,36,332.96,430.12,167.82,96.66,0.99,4,-1,-1
439,54,781.30,580.42,183.18,190.43,0.68,6,-1,-1
439,135,327.47,384.11,135.70,70.63,1.00,4,-1,-1
439,178,609.96,279.19,64.94,62.31,1.00,4,-1,-1
439,9,563.19,386.31,198.45,383.33,0.82,6,-1,-1
439,208,843.79,310.92,126.53,77.33,0.99,5,-1,-1
439,211,400.71,300.20,63.89,67.06,0.97,4,-1,-1
439,220,554.46,205.71,61.36,49.36,0.94,4,-1,-1
439,221,843.06,243.96,40.35,32.04,0.74,10,-1,-1
439,222,858.15,230.28,21.60,39.47,0.77,2,-1,-1
439,223,1021.39,210.14,87.09,50.06,0.59,4,-1,-1
439,225,768.98,162.82,58.45,41.22,0.94,4,-1,-1
439,227,319.66,104.87,105.15,56.09,0.53,6,-1,-1
440,4,515.58,417.52,70.38,91.84,0.99,4,-1,-1
440,35,990.15,455.83,128.26,99.91,1.00,4,-1,-1
440,36,330.47,466.03,169.03,97.05,1.00,4,-1,-1
440,54,782.03,616.21,176.33,152.75,0.69,6,-1,-1
440,135,327.90,420.29,134.39,68.99,1.00,4,-1,-1
440,178,611.72,313.76,64.29,60.75,1.00,4,-1,-1
440,9,565.65,419.51,187.80,349.67,0.95,6,-1,-1
440,208,843.50,347.13,126.31,76.80,0.99,5,-1,-1
440,211,400.68,337.22,64.08,65.84,0.98,4,-1,-1
440,220,554.87,241.85,59.52,48.85,0.92,4,-1,-1
440,221,839.45,281.69,38.80,31.48,0.90,10,-1,-1
440,222,853.95,268.29,20.30,38.44,0.71,2,-1,-1
440,223,1020.64,247.92,84.38,48.85,0.84,4,-1,-1
440,225,766.70,199.43,57.77,40.87,0.98,4,-1,-1
440,227,317.19,144.26,108.34,55.22,0.94,6,-1,-1
441,4,515.21,426.58,71.02,90.06,1.00,4,-1,-1
441,35,990.36,466.01,129.08,100.36,1.00,4,-1,-1
441,36,329.94,476.44,169.24,97.18,1.00,4,-1,-1
441,54,782.90,624.76,168.56,137.00,0.91,6,-1,-1
441,135,328.45,431.66,133.11,71.22,1.00,4,-1,-1
441,178,612.75,325.03,64.59,58.70,1.00,4,-1,-1
441,9,565.63,427.01,183.97,334.08,0.95,6,-1,-1
441,208,843.45,359.75,126.18,76.25,1.00,5,-1,-1
441,211,396.74,346.22,69.40,69.21,0.98,4,-1,-1
441,220,552.48,252.75,60.65,50.89,0.98,4,-1,-1
441,221,836.05,296.73,38.79,29.50,0.94,10,-1,-1
441,222,848.22,283.17,21.60,37.75,0.98,2,-1,-1
441,223,1018.67,261.88,84.62,49.25,0.99,4,-1,-1
441,225,759.63,214.49,63.13,41.02,0.97,4,-1,-1
441,227,313.06,160.80,112.08,55.29,0.81,6,-1,-1
441,228,252.30,206.30,132.77,66.49,0.95,6,-1,-1
441,229,600.22,195.31,84.53,87.09,0.73,6,-1,-1
442,4,515.02,424.20,71.31,88.33,1.00,4,-1,-1
442,35,990.61,465.98,129.45,100.02,1.00,4,-1,-1
442,36,328.91,475.91,170.93,97.28,0.98,4,-1,-1
442,54,782.94,623.35,166.21,134.51,0.88,6,-1,-1
442,135,330.64,431.19,130.56,70.39,1.00,4,-1,-1
442,178,614.21,322.90,64.73,58.53,1.00,4,-1,-1
442,9,567.02,424.45,180.34,331.23,0.96,6,-1,-1
442,208,843.57,359.92,126.19,76.05,1.00,5,-1,-1
442,211,395.90,345.38,70.68,70.21,0.99,4,-1,-1
442,220,551.93,252.60,60.51,50.81,0.98,4,-1,-1
442,221,832.78,298.06,39.10,29.39,0.91,10,-1,-1
442,222,844.73,284.57,22.05,37.54,0.98,2,-1,-1
442,223,1018.23,262.42,84.79,49.72,0.98,4,-1,-1
442,225,757.09,214.86,64.38,41.42,0.97,4,-1,-1
442,227,309.05,162.62,112.98,53.34,0.96,6,-1,-1
442,228,250.31,206.70,133.10,65.55,0.91,6,-1,-1
443,4,515.46,422.10,70.87,86.73,0.99,4,-1,-1
443,35,990.69,465.09,129.61,100.47,1.00,4,-1,-1
443,36,329.05,475.13,171.01,97.89,0.99,4,-1,-1
443,54,783.50,622.95,164.89,134.23,0.74,6,-1,-1
443,135,331.68,430.55,129.62,70.23,1.00,4,-1,-1
443,178,615.81,320.03,64.23,58.48,1.00,4,-1,-1
443,9,567.78,421.57,179.57,331.85,0.92,6,-1,-1
443,208,843.32,360.11,126.50,75.67,1.00,5,-1,-1
443,211,393.97,343.96,72.72,71.66,0.99,4,-1,-1
443,220,552.86,250.98,58.74,51.59,0.97,4,-1,-1
443,221,829.71,298.57,39.22,29.06,0.93,10,-1,-1
443,222,842.14,285.40,21.65,36.89,0.96,2,-1,-1
443,223,1017.55,262.53,84.90,49.89,0.98,4,-1,-1
443,225,755.94,214.15,64.27,41.59,0.97,4,-1,-1
443,227,305.17,163.05,112.87,51.93,0.98,6,-1,-1
443,228,246.47,205.74,134.49,65.71,0.92,6,-1,-1
444,4,515.82,419.00,70.17,86.04,1.00,4,-1,-1
444,35,990.65,464.73,129.68,100.63,0.99,4,-1,-1
444,36,329.06,474.89,171.02,97.54,0.99,4,-1,-1
444,54,783.93,622.86,164.21,134.74,0.74,6,-1,-1
444,135,331.26,430.65,130.00,69.02,0.99,4,-1,-1
444,178,617.39,318.23,63.49,57.60,1.00,4,-1,-1
444,9,569.40,418.64,177.62,335.38,0.93,6,-1,-1
444,208,843.16,359.91,127.20,75.49,1.00,5,-1,-1
444,211,394.25,344.04,72.39,71.34,0.98,4,-1,-1
444,220,553.42,250.67,56.36,50.18,0.96,4,-1,-1
444,221,826.93,298.67,38.69,29.54,0.95,10,-1,-1
444,222,839.28,285.76,21.49,38.41,0.96,2,-1,-1
444,223,1017.85,262.51,84.98,49.38,0.99,4,-1,-1
444,225,755.55,212.82,62.49,42.24,0.98,4,-1,-1
444,227,301.32,162.43,113.02,51.63,0.99,6,-1,-1
444,228,241.30,204.65,136.94,66.41,0.94,6,-1,-1
445,4,516.24,416.58,69.34,85.25,0.99,4,-1,-1
445,35,990.62,464.39,129.71,100.69,0.99,4,-1,-1
445,36,329.38,474.87,170.72,97.40,0.99,4,-1,-1
445,54,784.06,622.91,164.62,135.39,0.85,6,-1,-1
445,135,331.26,430.60,130.29,69.01,0.99,4,-1,-1
445,178,619.07,316.31,62.64,57.27,1.00,4,-1,-1
445,9,568.30,414.86,179.16,339.28,0.97,6,-1,-1
445,208,843.68,359.93,126.89,75.11,1.00,5,-1,-1
445,211,394.38,344.32,72.51,70.87,0.98,4,-1,-1
445,220,554.24,251.80,54.35,47.89,0.96,4,-1,-1
445,221,825.21,299.44,37.34,29.14,0.95,10,-1,-1
445,222,836.38,286.49,21.42,37.26,0.96,2,-1,-1
445,223,1018.01,262.84,83.89,48.61,0.99,4,-1,-1
445,225,756.11,212.23,60.07,41.92,0.96,4,-1,-1
445,227,296.90,162.14,112.99,51.41,0.95,6,-1,-1
445,228,236.01,202.70,138.94,67.34,0.88,6,-1,-1
446,4,516.38,413.60,69.05,85.15,1.00,4,-1,-1
446,35,991.19,464.01,129.72,100.73,1.00,4,-1,-1
446,36,329.50,474.82,171.15,97.37,0.99,4,-1,-1
446,54,783.80,622.06,164.54,136.63,0.85,6,-1,-1
446,135,332.22,430.54,129.71,69.03,0.99,4,-1,-1
446,178,621.08,314.25,61.19,56.31,1.00,4,-1,-1
446,9,570.14,411.41,177.46,343.47,0.97,6,-1,-1
446,208,844.20,359.95,126.50,74.97,1.00,5,-1,-1
446,211,394.71,344.70,73.10,70.38,0.99,4,-1,-1
446,220,554.55,251.64,53.07,46.15,0.96,4,-1,-1
446,221,823.04,300.38,36.26,28.72,0.94,10,-1,-1
446,222,833.49,287.11,21.39,36.54,0.97,2,-1,-1
446,223,1018.17,262.65,83.51,48.62,0.99,4,-1,-1
446,225,757.05,211.39,58.01,41.52,0.98,4,-1,-1
446,227,293.13,162.11,112.34,50.35,0.92,6,-1,-1
446,228,234.71,195.59,136.49,73.78,0.76,6,-1,-1
447,4,516.33,411.05,68.97,84.43,1.00,4,-1,-1
447,35,991.33,463.56,129.74,100.73,1.00,4,-1,-1
447,36,329.47,474.32,171.32,97.90,0.99,4,-1,-1
447,54,784.78,622.08,163.45,137.35,0.85,6,-1,-1
447,135,333.46,430.30,128.52,68.46,0.99,4,-1,-1
447,178,622.52,312.32,60.68,55.96,1.00,4,-1,-1
447,9,571.58,407.85,178.59,347.36,0.96,6,-1,-1
447,208,843.75,359.96,126.37,74.61,1.00,5,-1,-1
447,211,394.31,344.23,73.74,70.71,0.98,4,-1,-1
447,220,555.43,251.62,50.92,45.22,0.95,4,-1,-1
447,221,820.85,300.66,35.31,29.14,0.97,10,-1,-1
447,222,831.60,287.56,20.81,36.57,0.97,2,-1,-1
447,223,1018.17,262.37,84.56,48.33,0.99,4,-1,-1
447,225,755.02,210.70,57.87,40.73,0.88,4,-1,-1
447,227,288.74,161.00,111.48,51.01,0.84,6,-1,-1
447,228,232.86,200.10,133.74,68.50,0.42,6,-1,-1
448,4,516.70,408.40,68.94,84.78,1.00,4,-1,-1
448,35,991.44,464.23,129.73,100.75,1.00,4,-1,-1
448,36,330.15,474.86,171.05,98.12,0.99,4,-1,-1
448,54,785.19,622.89,163.63,137.31,0.82,6,-1,-1
448,135,335.73,430.51,126.65,68.42,0.99,4,-1,-1
448,178,623.96,310.63,59.92,56.13,1.00,4,-1,-1
448,9,572.78,405.98,176.12,349.56,0.96,6,-1,-1
448,208,844.24,360.52,126.30,74.76,1.00,5,-1,-1
448,211,394.99,344.82,73.25,70.53,0.99,4,-1,-1
448,220,554.99,250.10,50.17,46.61,0.96,4,-1,-1
448,221,819.43,301.26,33.80,29.59,0.95,10,-1,-1
448,222,828.59,288.93,21.73,36.02,0.96,2,-1,-1
448,223,1018.87,262.54,84.95,48.81,0.99,4,-1,-1
448,225,753.89,210.24,57.83,40.60,0.95,4,-1,-1
448,227,285.57,160.67,109.38,51.86,0.63,4,-1,-1
448,228,231.93,194.13,131.53,74.24,0.34,6,-1,-1
449,4,516.77,406.44,68.39,83.80,1.00,4,-1,-1
449,35,991.44,465.37,129.74,100.18,1.00,4,-1,-1
449,36,329.94,475.44,171.10,98.19,0.99,4,-1,-1
449,54,785.58,623.25,162.34,137.51,0.85,6,-1,-1
449,135,337.78,431.25,124.69,68.12,0.99,4,-1,-1
449,178,625.52,309.30,59.09,55.91,1.00,4,-1,-1
449,9,575.71,404.19,173.53,352.36,0.96,6,-1,-1
449,208,844.67,361.06,126.01,75.08,1.00,5,-1,-1
449,211,395.32,345.16,72.36,70.71,0.99,4,-1,-1
449,220,554.19,248.78,49.96,47.40,0.98,4,-1,-1
449,221,817.84,302.89,32.70,30.04,0.83,10,-1,-1
449,222,825.55,290.57,22.63,35.82,0.98,2,-1,-1
449,223,1019.11,263.03,86.25,49.27,0.99,4,-1,-1
449,225,757.49,210.47,52.68,40.20,0.98,4,-1,-1
449,227,282.17,161.24,109.43,51.33,0.95,6,-1,-1
450,4,517.31,405.18,67.06,82.47,1.00,4,-1,-1
450,35,990.84,466.79,130.87,99.98,0.99,4,-1,-1
450,36,330.09,476.88,171.10,98.23,0.99,4,-1,-1
450,54,785.95,624.66,162.75,136.06,0.83,6,-1,-1
450,135,337.61,432.32,124.85,67.60,0.99,4,-1,-1
450,178,626.57,307.99,58.80,55.85,1.00,4,-1,-1
450,9,577.88,403.44,171.42,353.83,0.96,6,-1,-1
450,208,845.09,361.81,126.19,75.63,1.00,5,-1,-1
450,211,394.83,346.37,72.28,70.48,0.99,4,-1,-1
450,220,552.71,246.84,50.50,48.83,0.96,4,-1,-1
450,221,815.33,304.99,32.91,31.07,0.76,10,-1,-1
450,222,823.09,292.10,22.97,36.05,0.98,2,-1,-1
450,223,1019.20,264.03,85.62,49.45,0.99,4,-1,-1
450,225,757.75,210.79,50.76,39.78,0.97,4,-1,-1
450,227,283.30,161.92,105.16,51.44,0.92,6,-1,-1
450,230,1304.60,250.16,18.78,36.71,0.66,1,-1,-1
450,228,226.33,190.00,110.67,57.46,0.90,6,-1,-1
451,4,517.21,403.19,67.15,83.00,1.00,4,-1,-1
451,35,991.15,468.92,130.17,99.89,1.00,4,-1,-1
451,36,330.17,478.54,171.09,98.21,1.00,4,-1,-1
451,54,784.66,626.24,164.93,135.10,0.86,6,-1,-1
451,135,337.38,433.84,125.35,67.97,0.99,4,-1,-1
451,178,628.02,307.40,58.14,55.54,1.00,4,-1,-1
451,9,579.21,401.96,170.70,355.70,0.96,6,-1,-1
451,208,844.37,363.44,126.54,75.81,1.00,5,-1,-1
451,211,393.52,348.11,73.94,70.63,0.98,4,-1,-1
451,220,551.87,249.04,50.16,47.13,0.93,4,-1,-1
451,221,814.48,306.68,30.70,32.56,0.73,10,-1,-1
451,222,820.29,295.25,23.65,35.57,0.96,2,-1,-1
451,223,1019.78,265.86,84.26,48.94,0.98,4,-1,-1
451,225,756.95,212.42,50.13,38.77,0.96,4,-1,-1
451,227,287.22,164.28,94.00,49.77,0.40,6,-1,-1
451,230,1297.77,252.06,21.52,36.71,0.63,1,-1,-1
451,228,225.54,190.86,107.59,51.31,0.69,6,-1,-1
452,4,517.45,401.94,66.65,82.09,1.00,4,-1,-1
452,35,990.76,470.23,131.06,100.42,1.00,4,-1,-1
452,36,330.19,480.55,171.10,98.21,1.00,4,-1,-1
452,54,785.90,628.79,164.11,133.19,0.89,6,-1,-1
452,135,334.56,435.64,128.27,69.67,0.99,4,-1,-1
452,178,629.37,307.06,57.35,55.15,0.99,4,-1,-1
452,9,581.09,399.19,169.36,357.64,0.97,6,-1,-1
452,208,844.42,365.26,126.42,75.73,1.00,5,-1,-1
452,211,392.45,345.23,74.85,74.61,0.99,4,-1,-1
452,220,551.28,250.41,49.50,46.17,0.94,4,-1,-1
452,221,813.20,310.82,29.91,31.20,0.69,3,-1,-1
452,222,818.24,297.73,23.91,34.83,0.99,2,-1,-1
452,223,1019.49,267.71,83.77,48.18,0.99,4,-1,-1
452,225,755.84,213.86,49.96,38.48,0.97,4,-1,-1
452,228,228.86,191.96,105.79,50.54,0.54,6,-1,-1
452,231,813.24,310.35,30.74,31.16,0.65,10,-1,-1
453,4,517.53,401.87,66.48,81.78,1.00,4,-1,-1
453,35,991.73,472.45,130.26,100.63,1.00,4,-1,-1
453,36,330.19,483.31,170.82,98.21,1.00,4,-1,-1
453,54,786.07,632.05,164.67,130.91,0.81,6,-1,-1
453,135,333.90,438.46,129.52,69.33,0.99,4,-1,-1
453,178,630.66,308.17,56.51,54.45,1.00,4,-1,-1
453,9,582.88,398.00,168.32,357.31,0.96,6,-1,-1
453,208,845.01,367.96,126.37,75.97,1.00,5,-1,-1
453,211,391.62,348.23,75.60,74.16,0.99,4,-1,-1
453,220,551.36,255.24,47.56,43.25,0.95,4,-1,-1
453,221,811.08,314.24,30.25,31.21,0.85,10,-1,-1
453,222,817.01,301.33,23.44,34.28,0.98,2,-1,-1
453,223,1019.97,270.12,83.60,48.47,0.99,4,-1,-1
453,225,752.28,215.91,51.67,39.18,0.87,4,-1,-1
453,228,232.91,194.12,104.40,52.32,0.23,6,-1,-1
453,232,411.32,197.97,69.37,35.11,0.74,4,-1,-1
454,4,517.57,401.80,65.85,81.09,0.99,4,-1,-1
454,35,991.42,475.32,131.06,100.67,0.99,4,-1,-1
454,36,330.71,486.46,170.52,98.16,1.00,4,-1,-1
454,54,786.10,635.29,163.73,127.28,0.70,6,-1,-1
454,135,334.44,441.37,128.70,69.73,1.00,4,-1,-1
454,178,631.64,309.26,55.64,53.89,1.00,4,-1,-1
454,9,585.22,397.80,166.25,354.28,0.95,6,-1,-1
454,208,845.15,370.37,126.33,76.16,1.00,5,-1,-1
454,211,393.32,353.51,74.74,71.95,0.98,4,-1,-1
454,220,550.54,257.81,46.87,42.14,0.95,4,-1,-1
454,221,810.61,317.45,28.65,31.76,0.69,10,-1,-1
454,222,816.04,305.18,22.69,34.36,0.97,2,-1,-1
454,223,1020.59,272.84,83.52,47.70,0.98,4,-1,-1
454,225,756.06,219.40,46.63,37.16,0.94,4,-1,-1
454,228,227.00,197.36,110.76,55.16,0.83,6,-1,-1
454,232,407.07,200.55,76.03,35.19,0.56,4,-1,-1
455,4,517.48,405.84,64.51,79.07,0.99,4,-1,-1
455,35,992.03,482.08,130.28,100.77,1.00,4,-1,-1
455,36,330.12,492.60,171.05,99.36,1.00,4,-1,-1
455,54,786.95,641.36,163.74,122.15,0.57,6,-1,-1
455,135,335.97,447.39,127.18,68.83,0.99,4,-1,-1
455,178,632.78,312.83,54.78,53.74,1.00,4,-1,-1
455,9,586.26,401.39,166.66,350.60,0.93,6,-1,-1
455,208,845.02,376.29,126.65,76.30,1.00,5,-1,-1
455,211,394.39,362.56,73.58,68.86,0.99,4,-1,-1
455,220,549.63,263.38,46.67,41.79,0.94,4,-1,-1
455,221,809.49,324.58,27.52,31.71,0.56,10,-1,-1
455,222,814.48,312.12,22.40,34.71,0.93,2,-1,-1
455,223,1019.92,278.42,84.68,48.60,0.98,4,-1,-1
455,225,756.23,224.19,44.74,36.73,0.93,4,-1,-1
455,228,235.64,203.44,102.60,49.94,0.43,6,-1,-1
455,232,405.41,205.84,73.94,34.81,0.47,4,-1,-1
456,4,516.86,413.42,64.59,79.03,1.00,4,-1,-1
456,35,991.55,492.92,131.09,101.89,1.00,4,-1,-1
456,36,329.82,503.86,170.78,99.77,1.00,4,-1,-1
456,54,786.92,653.06,161.19,112.79,0.24,5,-1,-1
456,135,336.03,458.89,126.58,68.45,0.99,4,-1,-1
456,178,633.39,321.51,54.48,54.24,1.00,4,-1,-1
456,9,588.00,408.96,164.01,345.17,0.96,6,-1,-1
456,208,845.43,388.00,126.18,75.74,1.00,5,-1,-1
456,211,393.97,373.24,73.39,70.37,0.99,4,-1,-1
456,220,547.56,273.32,47.77,43.10,0.63,4,-1,-1
456,221,807.32,336.73,27.14,32.52,0.49,10,-1,-1
456,222,812.76,324.05,22.28,35.69,0.97,2,-1,-1
456,223,1020.07,289.86,83.98,48.35,0.99,4,-1,-1
456,225,752.08,235.26,47.07,36.86,0.94,4,-1,-1
456,232,401.34,216.74,76.00,35.92,0.81,4,-1,-1
457,4,515.73,421.31,64.64,77.90,1.00,4,-1,-1
457,35,991.91,504.20,131.39,102.31,1.00,4,-1,-1
457,36,328.80,515.57,171.52,99.36,0.99,4,-1,-1
457,54,786.86,665.56,159.68,101.29,0.25,6,-1,-1
457,135,332.59,470.70,129.19,68.88,0.99,4,-1,-1
457,178,634.10,330.79,53.83,54.15,1.00,4,-1,-1
457,9,588.55,417.71,163.05,339.81,0.94,6,-1,-1
457,208,844.71,399.05,126.29,76.37,1.00,5,-1,-1
457,211,394.76,384.32,72.33,70.50,0.99,4,-1,-1
457,221,805.43,347.90,26.45,33.93,0.49,10,-1,-1
457,222,810.48,335.98,22.81,36.34,0.96,2,-1,-1
457,223,1020.11,301.07,82.59,47.98,0.98,4,-1,-1
457,225,750.34,245.77,47.31,37.49,0.91,4,-1,-1
457,232,398.36,228.39,78.09,34.70,0.91,4,-1,-1
458,4,514.47,429.35,65.24,77.51,0.99,4,-1,-1
458,35,992.58,515.98,131.49,102.47,0.99,4,-1,-1
458,36,327.88,527.19,171.78,99.20,1.00,4,-1,-1
458,54,787.10,677.15,157.70,89.02,0.24,6,-1,-1
458,135,332.30,482.08,129.46,68.49,0.98,4,-1,-1
458,178,635.18,340.05,52.46,53.56,1.00,4,-1,-1
458,9,589.57,425.81,162.14,335.03,0.89,6,-1,-1
458,208,844.99,410.32,126.33,76.18,1.00,5,-1,-1
458,211,394.79,396.28,71.92,69.69,0.98,4,-1,-1
458,221,803.67,359.61,27.40,35.02,0.63,10,-1,-1
458,222,809.14,347.83,23.00,36.59,0.97,2,-1,-1
458,223,1020.12,311.99,83.20,48.41,0.98,4,-1,-1
458,225,745.17,256.71,49.72,38.31,0.91,4,-1,-1
458,232,394.29,239.56,78.93,34.26,0.98,4,-1,-1
459,4,513.54,437.99,65.49,76.25,1.00,4,-1,-1
459,35,992.40,526.44,132.67,103.64,1.00,4,-1,-1
459,36,327.36,538.50,172.18,99.68,1.00,4,-1,-1
459,54,788.17,689.92,143.62,74.65,0.14,6,-1,-1
459,135,329.33,493.29,132.25,71.16,1.00,4,-1,-1
459,178,635.62,349.10,51.99,53.63,1.00,4,-1,-1
459,9,591.42,433.90,159.04,328.22,0.95,6,-1,-1
459,208,844.94,421.58,127.20,76.24,1.00,5,-1,-1
459,211,392.48,403.46,73.90,73.34,0.99,4,-1,-1
459,221,803.76,371.56,24.91,34.88,0.47,10,-1,-1
459,222,807.71,359.97,23.07,36.13,0.92,2,-1,-1
459,223,1019.68,323.79,82.32,48.00,0.98,4,-1,-1
459,225,745.06,264.62,47.83,41.43,0.92,4,-1,-1
459,232,390.35,250.98,81.87,34.73,0.99,4,-1,-1
459,228,243.05,249.77,103.04,51.73,0.54,6,-1,-1
460,4,513.00,439.83,65.55,75.79,1.00,4,-1,-1
460,35,992.72,531.72,131.91,103.48,1.00,4,-1,-1
460,36,328.62,543.72,170.39,99.27,1.00,4,-1,-1
460,54,789.65,694.57,146.52,67.96,0.17,6,-1,-1
460,135,330.08,498.78,130.98,70.46,1.00,4,-1,-1
460,178,636.06,352.98,51.81,53.36,1.00,4,-1,-1
460,9,594.11,436.41,157.80,323.94,0.92,6,-1,-1
460,208,845.12,427.34,126.61,76.09,1.00,5,-1,-1
460,211,394.72,411.13,71.66,71.33,0.98,4,-1,-1
460,221,803.31,377.29,24.57,35.90,0.50,10,-1,-1
460,222,806.36,366.89,23.08,36.50,0.94,2,-1,-1
460,223,1018.80,329.55,84.22,48.12,0.99,4,-1,-1
460,225,744.26,271.54,47.08,40.67,0.92,4,-1,-1
460,232,386.31,257.26,84.01,34.00,0.99,4,-1,-1
460,228,247.43,257.20,101.52,50.35,0.72,6,-1,-1
461,4,512.74,436.25,65.04,74.67,0.99,4,-1,-1
461,35,993.53,531.72,131.66,102.88,1.00,4,-1,-1
461,36,327.55,543.16,171.75,99.71,0.98,4,-1,-1
461,54,790.21,693.58,148.72,66.97,0.21,6,-1,-1
461,135,331.66,498.31,129.13,70.20,1.00,4,-1,-1
461,178,636.74,351.08,51.22,53.01,1.00,4,-1,-1
461,9,595.88,432.36,155.76,323.76,0.94,6,-1,-1
461,208,844.97,426.93,126.72,76.06,1.00,5,-1,-1
461,211,397.18,412.50,69.38,69.54,0.99,4,-1,-1
461,221,802.95,377.24,25.06,36.85,0.53,10,-1,-1
461,222,805.42,367.85,23.65,37.77,0.93,2,-1,-1
461,223,1019.17,329.64,83.84,47.62,0.99,4,-1,-1
461,225,739.74,270.58,50.27,41.76,0.18,4,-1,-1
461,232,381.95,256.55,87.65,34.93,1.00,4,-1,-1
461,228,246.05,257.66,105.60,51.29,0.93,6,-1,-1
462,4,512.06,432.97,65.43,73.14,0.99,4,-1,-1
462,35,993.81,531.62,131.58,102.64,1.00,4,-1,-1
462,36,328.39,542.90,171.01,99.29,1.00,4,-1,-1
462,54,790.96,692.90,147.91,66.83,0.19,6,-1,-1
462,135,334.35,498.08,126.59,68.96,0.99,4,-1,-1
462,178,636.90,349.10,51.03,53.16,1.00,4,-1,-1
462,9,597.29,429.20,153.37,322.66,0.95,6,-1,-1
462,208,844.89,426.40,126.77,76.03,1.00,5,-1,-1
462,211,397.05,413.54,69.56,68.57,0.99,4,-1,-1
462,221,802.82,377.79,24.11,37.47,0.53,10,-1,-1
462,222,804.54,368.64,24.43,37.69,0.89,2,-1,-1
462,223,1019.85,328.86,84.83,47.99,0.99,4,-1,-1
462,225,733.93,270.00,54.20,42.44,0.14,4,-1,-1
462,232,376.01,256.10,91.36,34.97,0.99,4,-1,-1
462,228,242.00,257.36,111.28,52.46,0.89,6,-1,-1
463,4,512.13,429.95,65.02,72.04,1.00,4,-1,-1
463,35,993.93,531.40,131.53,102.55,1.00,4,-1,-1
463,36,327.91,542.58,171.84,98.58,1.00,4,-1,-1
463,54,791.23,693.05,146.51,67.02,0.20,6,-1,-1
463,135,334.27,498.04,126.76,67.93,0.99,4,-1,-1
463,178,637.26,346.95,50.40,52.95,1.00,4,-1,-1
463,9,598.94,425.94,151.94,318.95,0.93,6,-1,-1
463,208,844.89,426.01,126.78,76.02,1.00,5,-1,-1
463,211,397.60,414.83,69.34,66.79,0.99,4,-1,-1
463,221,802.60,377.65,23.79,38.53,0.49,10,-1,-1
463,222,804.02,369.70,24.16,37.10,0.92,2,-1,-1
463,223,1020.15,328.38,85.20,48.42,0.99,4,-1,-1
463,232,371.25,255.28,87.87,34.71,1.00,4,-1,-1
463,228,241.06,256.89,114.80,54.02,0.97,6,-1,-1
464,4,511.64,426.93,64.86,70.81,1.00,4,-1,-1
464,35,993.99,530.76,131.51,103.08,1.00,4,-1,-1
464,36,327.91,542.43,172.00,98.31,1.00,4,-1,-1
464,54,791.33,692.80,147.17,67.27,0.14,6,-1,-1
464,135,334.69,497.44,126.69,68.69,1.00,4,-1,-1
464,178,637.95,344.95,49.62,52.59,1.00,4,-1,-1
464,9,600.94,423.71,150.31,320.54,0.94,6,-1,-1
464,208,845.48,425.31,126.78,76.59,1.00,5,-1,-1
464,211,397.98,413.72,69.12,67.71,0.97,4,-1,-1
464,221,802.59,379.09,22.53,38.37,0.47,10,-1,-1
464,222,803.66,370.76,24.04,36.30,0.96,2,-1,-1
464,223,1020.85,328.07,84.21,48.30,0.98,4,-1,-1
464,232,366.50,254.10,87.78,35.18,1.00,4,-1,-1
464,228,235.36,244.21,122.75,67.10,0.91,6,-1,-1
465,4,511.75,423.83,64.25,69.38,1.00,4,-1,-1
465,35,994.56,530.55,131.50,102.71,1.00,4,-1,-1
465,36,328.48,542.14,171.78,98.21,0.99,4,-1,-1
465,54,789.93,692.15,151.15,68.10,0.16,6,-1,-1
465,135,337.39,497.26,124.13,67.85,1.00,4,-1,-1
465,178,638.17,343.04,49.36,51.90,1.00,4,-1,-1
465,9,602.48,421.32,148.63,324.05,0.96,6,-1,-1
465,208,845.98,425.36,126.50,76.23,1.00,5,-1,-1
465,211,398.24,415.04,68.91,65.79,0.99,4,-1,-1
465,221,802.93,381.33,22.10,37.45,0.53,10,-1,-1
465,222,803.58,371.87,24.00,35.71,0.97,2,-1,-1
465,223,1021.68,327.70,84.97,48.26,0.99,4,-1,-1
465,232,361.33,253.58,88.69,34.51,1.00,4,-1,-1
465,228,243.77,251.30,116.56,59.79,0.97,6,-1,-1
466,4,510.37,420.05,64.59,69.05,1.00,4,-1,-1
466,35,994.75,529.89,131.49,103.13,1.00,4,-1,-1
466,36,328.26,541.42,172.11,98.74,0.99,4,-1,-1
466,135,338.66,496.86,123.17,67.53,1.00,4,-1,-1
466,178,638.78,341.24,48.71,51.08,1.00,4,-1,-1
466,9,603.83,418.52,146.91,320.36,0.95,6,-1,-1
466,208,846.14,425.08,126.39,76.09,1.00,5,-1,-1
466,211,397.75,414.79,70.26,65.78,0.99,4,-1,-1
466,221,803.07,382.28,21.97,37.36,0.54,10,-1,-1
466,222,803.60,372.64,23.41,35.21,0.96,2,-1,-1
466,223,1022.53,327.40,84.12,48.24,0.98,4,-1,-1
466,232,355.58,252.92,90.40,34.54,0.99,4,-1,-1
466,228,243.73,254.21,119.23,56.74,0.96,6,-1,-1
466,233,365.21,292.42,68.73,52.08,0.90,4,-1,-1
466,234,1096.27,257.63,63.18,37.57,0.68,4,-1,-1
467,4,509.27,417.51,64.73,67.67,1.00,4,-1,-1
467,35,994.81,529.65,131.50,102.72,1.00,4,-1,-1
467,36,328.14,541.19,172.81,98.38,0.98,4,-1,-1
467,135,337.94,496.19,124.26,67.99,1.00,4,-1,-1
467,178,639.24,339.09,47.92,51.07,1.00,4,-1,-1
467,9,605.38,416.48,145.22,317.91,0.95,6,-1,-1
467,208,846.19,424.57,126.36,76.18,1.00,5,-1,-1
467,211,397.65,414.43,70.63,66.08,0.99,4,-1,-1
467,221,803.12,383.31,21.37,37.32,0.60,10,-1,-1
467,222,803.36,373.33,23.18,35.31,0.97,2,-1,-1
467,223,1023.41,326.30,83.81,48.80,0.97,4,-1,-1
467,232,349.29,251.72,91.85,35.40,0.99,4,-1,-1
467,228,245.87,254.62,119.92,56.72,0.97,6,-1,-1
467,233,363.19,291.17,71.12,52.08,0.84,4,-1,-1
467,234,1097.67,257.40,60.45,35.86,0.53,4,-1,-1
468,4,508.28,414.56,64.79,66.48,1.00,4,-1,-1
468,35,994.79,528.73,131.50,103.13,1.00,4,-1,-1
468,36,328.21,540.55,172.92,98.80,0.99,4,-1,-1
468,135,337.07,495.67,125.53,68.16,1.00,4,-1,-1
468,178,638.78,337.24,48.23,50.51,1.00,4,-1,-1
468,9,605.87,413.56,143.50,313.65,0.97,6,-1,-1
468,208,845.90,424.53,126.63,76.07,1.00,5,-1,-1
468,211,397.30,414.01,71.06,66.20,0.99,4,-1,-1
468,221,802.86,384.10,21.76,37.29,0.62,10,-1,-1
468,222,803.58,373.55,22.53,36.20,0.98,2,-1,-1
468,223,1023.70,325.90,83.69,49.01,0.97,4,-1,-1
468,232,342.68,251.29,93.90,35.45,0.99,4,-1,-1
468,228,256.98,256.61,110.39,54.73,0.99,6,-1,-1
468,233,360.52,290.59,69.95,50.11,0.77,4,-1,-1
468,234,1093.93,256.51,62.59,36.86,0.19,4,-1,-1
469,4,506.80,411.84,65.38,65.53,1.00,4,-1,-1
469,35,994.85,528.42,131.51,102.75,1.00,4,-1,-1
469,36,328.35,539.72,172.56,99.00,0.99,4,-1,-1
469,135,336.13,495.15,126.60,68.82,1.00,4,-1,-1
469,178,638.62,335.03,47.79,50.32,0.99,4,-1,-1
469,9,606.86,409.14,142.36,313.35,0.97,6,-1,-1
469,208,845.84,423.95,127.31,76.61,1.00,5,-1,-1
469,211,397.15,412.81,71.22,66.98,0.99,4,-1,-1
469,221,802.55,385.34,21.91,36.99,0.58,10,-1,-1
469,222,803.77,374.43,21.71,35.71,0.99,2,-1,-1
469,223,1023.89,325.75,83.66,48.54,0.97,4,-1,-1
469,232,338.07,250.64,92.43,35.19,0.99,4,-1,-1
469,228,258.14,256.61,111.47,54.81,0.99,6,-1,-1
469,233,357.43,289.54,71.89,50.14,0.95,4,-1,-1
469,235,784.21,245.25,70.86,40.56,0.67,7,-1,-1
470,4,505.43,408.55,65.61,65.34,0.99,4,-1,-1
470,35,995.40,527.96,131.51,102.56,1.00,4,-1,-1
470,36,328.75,539.18,172.41,99.59,1.00,4,-1,-1
470,135,335.96,495.02,127.14,67.91,1.00,4,-1,-1
470,178,638.23,333.17,48.22,49.68,1.00,4,-1,-1
470,9,608.32,405.50,141.46,308.84,0.97,6,-1,-1
470,208,845.50,423.57,127.85,76.64,1.00,5,-1,-1
470,211,398.67,412.70,69.74,66.69,0.99,4,-1,-1
470,221,802.71,386.61,20.85,37.15,0.58,10,-1,-1
470,222,803.28,375.00,21.99,35.79,0.95,2,-1,-1
470,223,1024.45,324.95,83.64,48.90,0.97,4,-1,-1
470,232,334.12,250.08,91.23,35.07,1.00,4,-1,-1
470,228,258.97,257.42,112.69,54.52,1.00,6,-1,-1
470,233,355.11,288.66,73.45,50.50,0.79,4,-1,-1
471,4,504.12,405.59,66.26,65.18,1.00,4,-1,-1
471,35,995.63,527.60,131.50,101.95,1.00,4,-1,-1
471,36,328.75,538.68,172.76,99.85,0.99,4,-1,-1
471,135,338.28,494.39,124.95,67.59,1.00,4,-1,-1
471,178,638.12,331.00,47.82,49.75,1.00,4,-1,-1
471,9,609.41,402.13,140.57,305.43,0.97,6,-1,-1
471,208,846.26,423.07,127.19,76.26,1.00,5,-1,-1
471,211,398.54,411.79,70.45,67.17,0.98,4,-1,-1
471,221,802.83,387.38,19.88,37.49,0.49,10,-1,-1
471,222,803.16,375.93,21.53,36.11,0.97,2,-1,-1
471,223,1025.28,324.45,85.90,48.49,0.98,4,-1,-1
471,232,333.55,250.27,85.94,34.19,0.99,4,-1,-1
471,228,257.86,257.54,115.94,54.14,1.00,6,-1,-1
471,233,351.72,287.91,75.48,49.73,0.38,4,-1,-1
471,236,1168.84,308.65,22.20,42.26,0.64,1,-1,-1
472,4,501.95,402.52,67.63,65.29,1.00,4,-1,-1
472,35,995.69,527.19,131.50,101.70,1.00,4,-1,-1
472,36,328.62,538.57,173.32,99.35,1.00,4,-1,-1
472,135,337.18,493.66,126.68,68.02,0.99,4,-1,-1
472,178,637.75,329.31,48.26,49.50,1.00,4,-1,-1
472,9,611.17,400.48,138.61,298.51,0.97,6,-1,-1
472,208,846.24,422.77,127.79,76.51,1.00,5,-1,-1
472,211,398.35,411.23,71.14,67.34,0.99,4,-1,-1
472,221,801.70,387.37,20.73,38.45,0.70,10,-1,-1
472,222,802.28,376.98,21.93,36.79,0.98,2,-1,-1
472,223,1026.10,324.56,85.63,47.48,0.98,4,-1,-1
472,232,329.68,249.73,84.16,34.71,0.99,4,-1,-1
472,228,253.49,256.96,122.73,54.82,1.00,6,-1,-1
472,233,348.83,287.13,78.82,50.68,0.52,4,-1,-1
473,4,500.34,400.09,68.15,63.93,1.00,4,-1,-1
473,35,996.28,526.77,131.50,101.61,1.00,4,-1,-1
473,36,328.59,537.99,173.52,99.72,1.00,4,-1,-1
473,135,336.49,493.13,127.88,68.75,0.99,4,-1,-1
473,178,637.34,327.22,48.44,49.98,1.00,4,-1,-1
473,9,612.64,397.29,136.80,297.62,0.98,6,-1,-1
473,208,846.52,422.54,127.73,76.18,1.00,5,-1,-1
473,211,398.98,411.04,70.70,67.40,0.98,4,-1,-1
473,221,801.33,387.64,21.03,38.80,0.73,10,-1,-1
473,222,801.99,377.78,22.08,37.33,0.99,2,-1,-1
473,223,1026.41,324.34,84.39,47.38,0.97,4,-1,-1
473,232,326.00,249.70,82.08,34.61,0.98,4,-1,-1
473,228,252.37,256.49,125.30,55.91,0.99,6,-1,-1
473,233,346.73,286.61,82.29,53.68,0.21,4,-1,-1
473,237,236.07,227.54,103.74,58.91,0.82,6,-1,-1
474,4,498.91,397.76,68.34,63.03,1.00,4,-1,-1
474,35,996.52,526.94,131.51,101.02,1.00,4,-1,-1
474,36,328.98,537.25,173.18,99.87,1.00,4,-1,-1
474,135,337.20,492.97,127.36,68.47,1.00,4,-1,-1
474,178,637.17,325.53,48.52,50.18,0.99,4,-1,-1
474,9,614.84,394.82,135.05,294.84,0.98,6,-1,-1
474,208,847.20,422.20,127.15,76.06,1.00,5,-1,-1
474,211,399.20,411.14,70.53,66.73,0.98,4,-1,-1
474,221,801.22,387.59,21.15,40.05,0.74,10,-1,-1
474,222,801.63,378.77,22.14,37.53,0.99,2,-1,-1
474,223,1027.10,324.15,85.05,47.35,0.98,4,-1,-1
474,232,323.22,250.28,78.45,33.17,0.95,4,-1,-1
474,228,251.89,256.46,128.20,55.75,1.00,6,-1,-1
474,233,344.61,286.73,84.39,53.34,0.45,4,-1,-1
474,237,237.30,228.34,103.74,57.55,0.70,6,-1,-1
475,4,497.29,395.31,68.96,62.73,1.00,4,-1,-1
475,35,997.17,526.76,131.51,100.80,1.00,4,-1,-1
475,36,329.70,536.99,173.04,99.93,1.00,4,-1,-1
475,135,339.30,492.92,125.61,67.80,1.00,4,-1,-1
475,178,637.12,324.42,48.55,49.69,0.99,4,-1,-1
475,9,617.04,391.89,132.16,289.22,0.96,6,-1,-1
475,208,847.47,421.82,126.92,76.02,1.00,5,-1,-1
475,211,400.13,411.19,69.90,66.48,0.99,4,-1,-1
475,221,800.92,388.68,21.21,40.24,0.74,10,-1,-1
475,222,802.10,379.70,21.60,37.60,0.98,2,-1,-1
475,223,1027.36,323.97,85.30,47.63,0.98,4,-1,-1
475,232,318.33,250.24,77.70,34.64,0.14,4,-1,-1
475,228,255.98,256.18,125.68,56.25,1.00,6,-1,-1
475,233,343.06,285.52,86.25,56.63,0.45,5,-1,-1
475,237,242.49,227.33,101.12,60.60,0.87,6,-1,-1
475,238,509.29,324.66,46.10,42.69,0.77,4,-1,-1
476,4,495.20,392.62,70.31,63.08,1.00,4,-1,-1
476,35,997.88,526.38,131.51,101.30,1.00,4,-1,-1
476,36,329.43,536.58,173.42,100.51,1.00,4,-1,-1
476,135,338.56,492.32,126.65,68.68,1.00,4,-1,-1
476,178,636.43,323.05,49.14,49.24,0.99,4,-1,-1
476,9,617.69,389.16,132.89,278.07,0.99,6,-1,-1
476,208,847.75,421.79,127.69,75.86,1.00,5,-1,-1
476,211,399.38,409.90,71.23,67.10,0.99,4,-1,-1
476,221,800.45,390.56,21.81,40.02,0.75,10,-1,-1
476,222,801.93,380.25,21.97,38.19,0.97,2,-1,-1
476,223,1027.35,324.15,83.14,47.45,0.99,4,-1,-1
476,228,262.37,256.59,122.93,55.31,0.99,6,-1,-1
476,233,340.91,285.32,87.17,55.60,0.17,4,-1,-1
476,237,249.51,227.47,99.23,59.99,0.62,6,-1,-1
476,238,510.32,323.05,48.16,45.08,0.90,4,-1,-1
477,4,493.36,390.40,71.38,63.24,1.00,4,-1,-1
477,35,998.19,526.09,132.65,101.49,1.00,4,-1,-1
477,36,329.49,536.56,173.98,100.73,1.00,4,-1,-1
477,135,336.04,491.93,129.58,69.58,0.99,4,-1,-1
477,178,635.64,321.29,49.93,49.07,0.99,4,-1,-1
477,9,620.19,386.96,130.36,272.37,0.99,6,-1,-1
477,208,848.18,421.48,127.14,75.95,1.00,5,-1,-1
477,211,399.39,409.68,71.44,67.19,0.98,4,-1,-1
477,221,800.33,391.79,22.04,39.64,0.67,10,-1,-1
477,222,801.93,381.80,21.55,37.01,0.94,2,-1,-1
477,223,1027.95,323.20,85.73,47.96,0.98,4,-1,-1
477,228,266.77,257.28,120.99,54.09,0.99,6,-1,-1
477,233,338.52,284.81,93.05,57.42,0.56,4,-1,-1
477,237,251.32,227.48,100.36,60.31,0.77,6,-1,-1
477,238,510.86,323.76,49.20,45.54,0.94,4,-1,-1
478,4,491.35,388.37,71.77,62.89,1.00,4,-1,-1
478,35,999.44,525.34,131.95,102.12,1.00,4,-1,-1
478,36,329.72,536.81,174.05,100.23,1.00,4,-1,-1
478,135,335.98,492.32,129.84,68.78,0.99,4,-1,-1
478,178,635.37,319.67,50.23,49.02,1.00,4,-1,-1
478,9,622.81,385.93,128.34,269.85,0.99,6,-1,-1
478,208,848.92,421.31,126.93,75.97,1.00,5,-1,-1
478,211,400.14,409.15,70.82,67.93,0.98,4,-1,-1
478,221,799.76,392.16,23.25,40.05,0.85,10,-1,-1
478,222,801.69,382.87,21.96,36.83,0.95,2,-1,-1
478,223,1028.73,322.64,87.80,48.14,0.98,4,-1,-1
478,228,266.59,257.11,123.63,54.75,0.98,6,-1,-1
478,233,335.79,284.48,86.23,55.28,0.36,4,-1,-1
478,237,253.93,227.49,98.92,60.68,0.93,6,-1,-1
478,238,511.71,324.33,50.21,46.35,0.96,4,-1,-1
479,4,489.51,386.30,72.46,62.50,1.00,4,-1,-1
479,35,999.92,525.68,131.67,101.81,1.00,4,-1,-1
479,36,330.06,536.63,173.79,100.62,1.00,4,-1,-1
479,135,337.21,492.20,128.94,68.49,0.99,4,-1,-1
479,178,635.00,318.57,50.35,48.73,0.99,4,-1,-1
479,9,624.30,385.10,127.07,266.82,0.99,6,-1,-1
479,208,848.92,420.86,127.69,76.14,1.00,5,-1,-1
479,211,401.83,410.64,68.88,65.96,0.97,4,-1,-1
479,221,800.13,392.44,23.15,40.47,0.73,10,-1,-1
479,222,801.63,383.82,22.11,37.05,0.94,2,-1,-1
479,223,1029.61,322.06,86.36,48.78,0.98,4,-1,-1
479,228,270.53,257.44,122.36,54.44,0.99,6,-1,-1
479,233,332.13,283.79,102.84,58.12,0.51,6,-1,-1
479,237,254.93,227.78,98.46,58.40,0.76,6,-1,-1
479,238,512.29,325.29,52.40,46.60,0.94,4,-1,-1
479,239,394.03,261.47,70.44,35.43,0.73,4,-1,-1
480,4,487.17,384.08,73.27,62.51,1.00,4,-1,-1
480,35,1000.09,525.50,132.71,101.67,1.00,4,-1,-1
480,36,330.47,536.89,173.69,100.18,1.00,4,-1,-1
480,135,338.39,491.92,127.89,68.36,1.00,4,-1,-1
480,178,634.85,317.38,50.39,48.34,0.99,4,-1,-1
480,9,625.91,379.15,125.55,265.28,0.99,6,-1,-1
480,208,849.47,420.82,127.99,76.04,0.99,5,-1,-1
480,211,401.59,411.25,69.01,65.20,0.99,4,-1,-1
480,221,799.72,393.34,23.67,40.90,0.94,10,-1,-1
480,222,801.61,384.84,22.17,37.12,0.94,2,-1,-1
480,223,1029.91,321.67,86.91,48.74,0.98,4,-1,-1
480,228,273.09,257.33,123.25,54.87,0.71,6,-1,-1
480,233,329.70,283.30,109.69,58.86,0.96,4,-1,-1
480,237,253.91,227.47,100.73,59.34,0.81,6,-1,-1
480,238,513.04,325.76,53.72,46.97,0.97,4,-1,-1
480,239,391.31,260.94,71.48,35.09,0.74,4,-1,-1
481,4,484.89,382.26,73.57,61.68,1.00,4,-1,-1
481,35,1001.22,525.50,131.97,102.19,0.99,4,-1,-1
481,36,330.44,536.75,174.07,100.58,1.00,4,-1,-1
481,135,339.35,491.86,126.92,68.32,1.00,4,-1,-1
481,178,633.36,316.34,51.53,47.63,0.99,4,-1,-1
481,9,627.26,376.39,123.89,262.72,0.99,6,-1,-1
481,208,849.63,421.15,128.10,76.01,0.99,5,-1,-1
481,211,403.58,411.52,66.94,64.93,0.99,4,-1,-1
481,221,800.09,396.09,22.20,39.94,0.93,10,-1,-1
481,222,801.59,385.94,22.19,37.15,0.98,2,-1,-1
481,223,1030.53,321.46,88.24,48.72,0.98,4,-1,-1
481,228,273.97,256.05,125.81,56.44,0.16,6,-1,-1
481,233,326.49,282.75,114.19,61.36,0.91,4,-1,-1
481,237,254.74,227.55,100.98,58.50,0.91,6,-1,-1
481,238,513.26,324.30,56.48,49.76,0.95,4,-1,-1
481,239,390.44,259.05,71.35,35.36,0.89,4,-1,-1
482,4,482.68,380.25,74.77,61.68,0.99,4,-1,-1
482,35,1001.63,525.55,132.81,102.40,1.00,4,-1,-1
482,36,330.56,536.70,174.07,100.74,1.00,4,-1,-1
482,135,339.70,492.11,126.55,67.75,1.00,4,-1,-1
482,178,633.08,315.17,51.40,47.38,0.99,4,-1,-1
482,9,628.56,373.91,122.75,262.93,0.99,6,-1,-1
482,208,850.25,421.31,128.13,76.01,0.99,5,-1,-1
482,211,403.75,411.47,67.02,64.98,0.99,4,-1,-1
482,221,799.97,397.55,22.76,39.70,0.89,10,-1,-1
482,222,801.59,386.91,22.20,37.45,0.94,2,-1,-1
482,223,1031.32,321.56,86.49,48.43,0.98,4,-1,-1
482,233,324.07,281.86,110.23,60.92,0.89,4,-1,-1
482,237,258.43,227.56,99.05,57.90,0.80,6,-1,-1
482,238,514.18,324.35,57.46,50.75,0.98,4,-1,-1
482,239,384.51,257.58,74.62,35.78,0.95,4,-1,-1
483,4,480.77,378.80,75.78,61.41,1.00,4,-1,-1
483,35,1001.80,525.88,133.14,102.47,0.99,4,-1,-1
483,36,330.17,537.04,174.50,100.79,1.00,4,-1,-1
483,135,339.81,492.57,126.71,67.53,1.00,4,-1,-1
483,178,632.14,314.54,51.91,46.73,1.00,4,-1,-1
483,9,629.54,370.00,121.85,259.14,0.99,6,-1,-1
483,208,851.33,421.41,127.31,76.00,1.00,5,-1,-1
483,211,403.63,411.23,67.21,65.86,0.99,4,-1,-1
483,221,800.51,398.52,22.40,40.03,0.91,10,-1,-1
483,222,801.90,388.11,22.21,37.84,0.94,2,-1,-1
483,223,1032.19,321.49,84.68,48.60,0.98,4,-1,-1
483,233,321.26,280.89,114.53,63.50,0.98,4,-1,-1
483,237,258.07,227.48,102.42,58.84,0.94,6,-1,-1
483,238,513.08,326.11,60.04,50.22,0.98,4,-1,-1
483,239,380.92,256.59,74.87,35.90,0.93,4,-1,-1
484,4,478.71,377.35,76.14,60.91,1.00,4,-1,-1
484,35,1002.36,526.35,133.23,102.51,1.00,4,-1,-1
484,36,330.71,537.70,173.65,100.26,1.00,4,-1,-1
484,135,337.86,492.71,128.16,69.73,0.99,4,-1,-1
484,178,631.24,314.11,52.09,46.21,0.99,4,-1,-1
484,9,631.27,370.40,118.66,258.44,0.99,6,-1,-1
484,208,851.42,421.78,127.82,76.02,1.00,5,-1,-1
484,211,403.87,410.70,67.28,66.90,0.98,4,-1,-1
484,221,800.43,399.73,22.83,40.71,0.88,10,-1,-1
484,222,802.01,389.70,22.20,37.98,0.95,2,-1,-1
484,223,1032.47,321.55,85.12,48.95,0.97,4,-1,-1
484,233,317.27,280.38,114.45,62.26,0.96,4,-1,-1
484,237,257.36,227.86,104.76,58.92,0.97,6,-1,-1
484,238,514.05,327.21,60.96,50.84,0.98,4,-1,-1
484,239,374.67,255.84,77.63,35.63,0.97,4,-1,-1
485,4,477.04,376.75,76.26,60.60,1.00,4,-1,-1
485,35,1002.54,527.94,133.29,102.53,0.99,4,-1,-1
485,36,330.53,539.12,173.91,100.06,1.00,4,-1,-1
485,135,336.87,494.21,129.16,69.44,1.00,4,-1,-1
485,178,629.99,313.40,52.72,46.61,0.99,4,-1,-1
485,9,632.64,366.92,117.58,258.32,0.99,6,-1,-1
485,208,851.40,422.75,128.04,76.02,1.00,5,-1,-1
485,211,403.41,410.80,67.19,67.86,0.97,4,-1,-1
485,221,800.35,401.41,22.99,41.67,0.91,10,-1,-1
485,222,801.72,391.80,22.21,38.04,0.93,2,-1,-1
485,223,1032.53,322.25,86.43,49.09,0.98,4,-1,-1
485,233,312.76,280.35,117.35,63.41,0.92,4,-1,-1
485,237,258.15,228.56,107.92,59.51,0.98,6,-1,-1
485,238,513.76,329.44,62.94,50.77,0.99,4,-1,-1
485,239,372.92,255.58,75.47,35.22,0.96,4,-1,-1
486,4,476.27,376.70,75.16,59.93,0.99,4,-1,-1
486,35,1003.18,530.48,133.29,103.09,1.00,4,-1,-1
486,36,331.24,541.28,173.57,100.55,1.00,4,-1,-1
486,135,335.32,496.13,130.78,70.44,1.00,4,-1,-1
486,178,629.32,314.01,52.95,45.92,0.99,4,-1,-1
486,9,634.01,365.25,116.08,255.94,0.99,6,-1,-1
486,208,851.71,424.08,128.38,77.01,0.99,5,-1,-1
486,211,402.03,412.19,69.00,68.79,0.97,4,-1,-1
486,221,800.66,404.93,22.48,41.05,0.84,10,-1,-1
486,222,801.96,394.91,22.20,37.49,0.94,2,-1,-1
486,223,1033.14,323.49,88.04,49.14,0.96,4,-1,-1
486,233,310.79,281.16,113.44,62.99,0.96,6,-1,-1
486,237,259.63,229.34,110.21,60.87,0.92,6,-1,-1
486,238,515.93,331.92,63.09,51.00,0.98,4,-1,-1
486,239,368.17,255.89,76.35,36.86,0.92,4,-1,-1
487,4,476.09,378.29,74.12,58.55,0.99,4,-1,-1
487,35,1003.30,534.17,133.23,102.75,0.99,4,-1,-1
487,36,331.26,544.39,173.94,101.88,1.00,4,-1,-1
487,135,335.76,498.87,130.36,70.27,0.99,4,-1,-1
487,178,629.10,315.43,53.00,45.67,0.99,4,-1,-1
487,9,635.32,365.45,114.94,254.55,0.99,6,-1,-1
487,208,852.61,427.02,128.18,76.83,1.00,5,-1,-1
487,211,400.86,415.34,70.35,67.45,0.98,4,-1,-1
487,221,800.74,408.08,22.84,42.20,0.94,10,-1,-1
487,222,801.73,398.48,22.75,37.84,0.97,2,-1,-1
487,223,1033.84,326.04,85.26,48.31,0.94,4,-1,-1
487,233,308.15,282.29,113.94,63.09,0.97,6,-1,-1
487,237,262.07,231.01,109.62,61.11,0.98,6,-1,-1
487,238,517.65,336.07,63.61,50.50,0.99,4,-1,-1
487,239,363.63,256.16,79.65,39.46,0.95,4,-1,-1
488,4,475.25,379.47,73.17,58.20,0.99,4,-1,-1
488,35,1003.99,538.53,133.24,102.60,0.99,4,-1,-1
488,36,331.01,548.11,174.69,102.35,1.00,4,-1,-1
488,135,334.68,501.89,132.33,72.43,0.99,4,-1,-1
488,178,628.21,313.64,54.15,48.72,0.98,4,-1,-1
488,9,636.63,365.40,114.64,250.86,0.98,6,-1,-1
488,208,852.99,430.28,128.14,77.03,1.00,5,-1,-1
488,211,403.07,419.77,68.51,66.21,0.99,4,-1,-1
488,221,801.11,411.40,22.99,42.91,0.83,10,-1,-1
488,222,802.54,402.50,21.85,38.25,0.92,2,-1,-1
488,223,1034.72,329.25,81.90,47.42,0.96,4,-1,-1
488,233,305.54,283.99,114.37,63.93,0.98,6,-1,-1
488,237,264.88,233.17,109.10,61.17,0.93,6,-1,-1
488,238,519.96,339.82,63.78,51.98,0.98,4,-1,-1
488,239,367.83,257.69,74.50,38.45,0.96,4,-1,-1
489,4,474.44,381.25,72.23,57.90,0.99,4,-1,-1
489,35,1004.69,541.92,133.23,103.60,0.99,4,-1,-1
489,36,331.58,552.87,174.66,101.88,1.00,4,-1,-1
489,135,335.79,506.40,131.64,72.06,0.99,4,-1,-1
489,178,626.73,315.29,55.69,48.97,0.97,4,-1,-1
489,9,637.87,366.71,112.91,249.33,0.99,6,-1,-1
489,208,853.60,433.91,128.10,76.75,1.00,5,-1,-1
489,211,403.98,423.26,68.35,65.85,0.98,4,-1,-1
489,221,801.17,416.72,23.05,42.31,0.85,10,-1,-1
489,222,801.93,406.97,22.64,38.11,0.98,2,-1,-1
489,223,1034.85,332.28,77.20,46.76,0.97,4,-1,-1
489,233,302.04,286.43,114.45,65.57,0.99,6,-1,-1
489,237,267.48,236.35,109.42,61.13,0.95,6,-1,-1
489,238,520.82,343.61,64.35,53.05,0.98,4,-1,-1
489,239,363.06,259.33,76.47,38.83,0.75,4,-1,-1
490,4,474.07,382.88,70.17,56.72,0.98,4,-1,-1
490,35,1005.49,545.48,133.22,104.62,1.00,4,-1,-1
490,36,331.84,556.38,174.37,102.92,1.00,4,-1,-1
490,135,336.01,509.81,130.81,74.22,0.98,4,-1,-1
490,178,626.41,316.60,55.16,48.54,0.94,4,-1,-1
490,9,639.36,366.84,111.68,248.99,0.98,6,-1,-1
490,208,853.80,436.62,128.09,77.01,1.00,5,-1,-1
490,211,405.01,426.58,68.29,66.33,0.98,4,-1,-1
490,221,801.74,420.57,22.49,42.65,0.92,10,-1,-1
490,222,801.96,411.48,22.92,37.64,0.96,2,-1,-1
490,223,1035.53,334.53,75.49,46.57,0.98,4,-1,-1
490,233,300.25,288.45,114.98,65.69,0.96,6,-1,-1
490,237,270.52,238.88,107.84,60.05,0.95,6,-1,-1
490,238,523.54,347.17,63.97,53.48,0.99,4,-1,-1
490,239,358.05,261.10,78.01,38.72,0.53,4,-1,-1
491,4,475.74,385.34,66.54,55.86,0.98,4,-1,-1
491,35,1006.38,550.04,132.10,104.43,0.99,4,-1,-1
491,36,331.98,560.74,173.99,103.29,1.00,4,-1,-1
491,135,333.59,513.57,133.59,76.12,0.99,4,-1,-1
491,178,628.58,318.76,52.69,47.52,0.89,4,-1,-1
491,9,640.16,368.46,110.75,246.23,0.99,6,-1,-1
491,208,854.17,440.20,127.81,76.94,1.00,5,-1,-1
491,211,406.25,429.87,66.58,66.37,0.96,4,-1,-1
491,221,801.98,424.40,22.86,43.33,0.87,10,-1,-1
491,222,802.56,414.98,23.03,38.03,0.90,2,-1,-1
491,223,1036.35,336.64,74.92,47.06,0.96,4,-1,-1
491,233,297.30,290.87,110.94,64.85,0.87,6,-1,-1
491,237,272.45,240.91,108.92,61.32,0.97,6,-1,-1
491,238,524.85,352.34,64.34,52.77,0.99,4,-1,-1
491,228,296.72,289.28,109.89,65.47,0.98,6,-1,-1
492,4,474.40,386.51,66.92,56.30,0.98,4,-1,-1
492,35,1005.99,553.64,132.75,106.06,0.99,4,-1,-1
492,36,332.42,564.88,173.36,103.46,1.00,4,-1,-1
492,135,329.45,516.94,137.52,79.64,1.00,4,-1,-1
492,178,628.87,321.58,51.70,46.01,0.98,4,-1,-1
492,9,640.96,369.27,110.37,243.57,0.95,6,-1,-1
492,208,854.21,443.40,127.09,76.94,1.00,5,-1,-1
492,211,403.85,432.82,68.77,66.39,0.98,4,-1,-1
492,221,801.72,426.96,22.97,45.67,0.61,10,-1,-1
492,222,802.45,419.24,23.06,38.74,0.98,2,-1,-1
492,223,1036.56,339.67,74.73,46.42,0.97,4,-1,-1
492,237,275.17,243.12,109.00,62.65,0.97,6,-1,-1
492,238,528.39,355.89,62.18,53.34,0.99,4,-1,-1
493,4,473.99,390.16,65.95,54.77,0.99,4,-1,-1
493,35,1005.99,557.75,133.04,106.10,1.00,4,-1,-1
493,36,332.50,569.32,173.59,103.50,1.00,4,-1,-1
493,135,333.64,521.63,133.05,76.57,0.99,4,-1,-1
493,178,629.05,325.10,51.93,44.87,0.95,4,-1,-1
493,9,641.84,367.94,108.62,243.26,0.99,6,-1,-1
493,208,854.90,446.82,127.43,76.93,1.00,5,-1,-1
493,211,404.14,436.37,68.46,67.10,0.97,4,-1,-1
493,221,802.57,433.15,22.46,43.81,0.84,10,-1,-1
493,222,802.80,424.43,23.07,37.88,0.93,2,-1,-1
493,223,1036.74,342.70,74.71,45.61,0.98,4,-1,-1
493,237,278.08,246.26,108.47,61.74,0.95,6,-1,-1
493,238,529.48,361.44,62.46,52.13,0.99,4,-1,-1
493,228,293.16,295.13,111.63,65.56,0.98,6,-1,-1
494,4,475.81,393.98,62.19,52.18,0.99,4,-1,-1
494,35,1006.50,561.45,132.05,106.05,1.00,4,-1,-1
494,36,332.08,573.09,174.41,104.57,1.00,4,-1,-1
494,135,330.47,524.96,137.24,79.19,0.99,4,-1,-1
494,178,629.58,328.37,51.46,43.58,0.95,4,-1,-1
494,9,643.17,368.59,106.96,240.48,0.99,6,-1,-1
494,208,854.79,450.06,127.86,77.44,1.00,5,-1,-1
494,211,404.46,440.08,67.80,67.35,0.98,4,-1,-1
494,221,803.10,437.31,22.28,44.29,0.58,10,-1,-1
494,222,803.13,429.02,22.53,38.25,0.94,2,-1,-1
494,223,1036.68,344.89,75.89,46.14,0.99,4,-1,-1
494,237,280.97,249.46,107.14,59.92,0.97,6,-1,-1
494,238,529.18,366.27,64.81,51.62,0.98,4,-1,-1
494,228,290.18,297.44,115.69,65.11,0.97,6,-1,-1
494,239,292.61,274.69,140.09,61.67,0.82,6,-1,-1
495,4,478.33,398.12,57.86,49.52,0.99,4,-1,-1
495,35,1006.02,565.56,132.76,106.04,0.99,4,-1,-1
495,36,332.62,577.31,173.41,103.31,1.00,4,-1,-1
495,135,330.15,528.47,137.34,80.73,1.00,4,-1,-1
495,178,631.24,328.29,50.13,45.43,0.75,4,-1,-1
495,9,644.78,369.77,105.17,236.53,0.99,6,-1,-1
495,208,854.70,453.41,127.98,77.10,1.00,5,-1,-1
495,211,405.87,446.03,66.25,64.64,0.98,4,-1,-1
495,221,802.99,442.65,22.77,43.34,0.69,10,-1,-1
495,222,803.24,433.26,22.87,38.24,0.98,2,-1,-1
495,223,1036.61,347.23,75.20,46.64,0.96,4,-1,-1
495,237,282.76,251.70,108.87,60.11,0.91,6,-1,-1
495,238,531.84,370.68,64.00,52.28,0.98,4,-1,-1
495,228,285.53,299.19,121.03,64.97,1.00,6,-1,-1
495,239,285.21,278.18,146.37,62.05,0.62,4,-1,-1
495,240,450.80,240.77,123.80,54.64,0.63,6,-1,-1
496,4,479.27,399.40,55.19,49.78,0.97,4,-1,-1
496,35,1007.05,569.09,131.92,106.60,1.00,4,-1,-1
496,36,333.09,581.48,173.05,103.96,1.00,4,-1,-1
496,135,331.16,532.08,136.53,81.85,1.00,4,-1,-1
496,9,645.92,369.19,104.02,234.04,0.98,6,-1,-1
496,208,854.72,456.67,128.05,76.97,1.00,5,-1,-1
496,211,399.11,444.56,73.25,68.18,0.97,4,-1,-1
496,221,803.83,447.75,21.83,42.97,0.71,10,-1,-1
496,222,803.89,437.79,22.44,37.82,0.95,2,-1,-1
496,223,1036.08,348.27,76.12,47.97,0.81,4,-1,-1
496,237,285.44,253.84,106.72,60.46,0.96,6,-1,-1
496,238,534.52,373.03,63.09,54.78,0.97,4,-1,-1
496,228,281.78,300.13,125.00,65.77,0.98,6,-1,-1
496,239,284.43,278.51,148.88,64.40,0.37,4,-1,-1
496,240,447.35,242.41,128.61,59.79,0.84,6,-1,-1
497,4,480.50,398.50,52.54,51.47,0.60,4,-1,-1
497,35,1006.82,572.25,132.72,107.36,1.00,4,-1,-1
497,36,333.00,584.60,173.19,105.31,1.00,4,-1,-1
497,135,330.61,535.56,137.17,85.03,0.99,4,-1,-1
497,9,646.00,368.97,103.64,232.05,0.97,6,-1,-1
497,208,855.54,459.46,127.78,76.91,1.00,5,-1,-1
497,211,399.98,450.11,73.02,66.12,0.95,4,-1,-1
497,221,804.42,452.61,21.47,42.82,0.77,10,-1,-1
497,222,804.12,441.59,22.27,38.22,0.90,2,-1,-1
497,223,1035.27,349.70,78.73,49.58,0.94,4,-1,-1
497,237,287.53,255.70,109.00,62.85,0.98,6,-1,-1
497,238,534.36,374.51,64.98,57.92,0.96,4,-1,-1
497,228,277.59,301.92,127.03,65.51,0.99,6,-1,-1
497,239,300.52,284.19,133.48,60.76,0.91,4,-1,-1
497,240,444.41,244.35,120.41,60.13,0.60,6,-1,-1
498,35,1007.38,575.73,131.92,107.62,0.99,4,-1,-1
498,36,333.33,588.43,172.70,105.23,1.00,4,-1,-1
498,135,331.19,538.71,136.98,85.10,0.99,4,-1,-1
498,9,646.32,371.11,103.02,227.96,0.98,6,-1,-1
498,208,855.35,462.29,127.69,76.87,1.00,5,-1,-1
498,211,397.78,449.82,75.28,69.27,0.97,4,-1,-1
498,221,803.85,456.74,21.92,43.33,0.82,10,-1,-1
498,222,803.71,445.88,22.78,38.37,0.96,2,-1,-1
498,223,1034.46,350.88,81.96,50.74,0.94,4,-1,-1
498,237,290.39,257.84,110.13,64.01,0.99,6,-1,-1
498,238,538.23,378.08,62.89,59.11,0.98,4,-1,-1
498,228,274.08,303.14,129.71,65.67,1.00,6,-1,-1
498,239,312.21,287.78,124.09,58.82,0.87,4,-1,-1
498,240,441.06,245.61,120.34,59.89,0.42,6,-1,-1
498,241,430.95,296.91,85.17,41.41,0.83,4,-1,-1
499,35,1006.90,579.36,132.82,108.30,1.00,4,-1,-1
499,36,333.30,592.58,172.89,104.65,1.00,4,-1,-1
499,135,327.89,541.74,140.34,85.65,1.00,4,-1,-1
499,9,646.95,373.75,101.77,223.76,0.99,6,-1,-1
499,208,855.06,465.08,127.17,77.44,1.00,5,-1,-1
499,211,393.61,451.83,79.35,70.44,0.94,4,-1,-1
499,221,804.24,461.39,20.97,42.41,0.86,10,-1,-1
499,222,803.88,450.61,22.43,37.31,0.95,2,-1,-1
499,223,1034.56,353.00,78.80,50.36,0.89,4,-1,-1
499,237,292.15,260.95,111.17,61.94,0.99,6,-1,-1
499,238,541.02,383.92,61.51,57.91,0.96,4,-1,-1
499,228,270.73,304.64,129.65,66.02,1.00,6,-1,-1
499,239,311.37,291.03,127.68,58.31,0.81,4,-1,-1
499,240,437.27,248.16,102.43,55.99,0.69,6,-1,-1
499,241,429.66,298.09,80.77,42.11,0.81,4,-1,-1
500,35,1007.33,582.37,131.94,109.07,1.00,4,-1,-1
500,36,334.27,595.92,172.57,105.52,1.00,4,-1,-1
500,135,327.10,544.98,141.23,86.93,0.99,4,-1,-1
500,9,647.72,378.01,101.26,217.62,0.99,6,-1,-1
500,208,855.40,467.83,127.73,77.63,1.00,5,-1,-1
500,211,393.13,456.42,80.43,68.63,0.97,4,-1,-1
500,221,804.02,466.21,21.17,42.03,0.28,10,-1,-1
500,222,804.15,454.31,21.70,38.60,0.98,2,-1,-1
500,223,1034.71,355.48,82.03,49.62,0.94,4,-1,-1
500,237,294.52,263.00,109.51,61.39,0.97,6,-1,-1
500,238,542.91,389.08,60.94,57.80,0.98,4,-1,-1
500,228,268.47,306.03,129.46,65.87,0.99,6,-1,-1
500,239,301.14,282.43,140.69,69.73,0.82,4,-1,-1
500,240,434.47,249.68,97.05,55.33,0.56,6,-1,-1
500,241,428.78,299.99,74.35,42.90,0.78,4,-1,-1
501,35,1007.93,586.33,131.57,108.89,1.00,4,-1,-1
501,36,334.09,599.07,172.43,105.96,1.00,4,-1,-1
501,135,328.54,548.35,139.83,86.93,0.99,4,-1,-1
501,9,649.03,380.32,99.31,211.54,1.00,6,-1,-1
501,208,854.86,470.76,129.06,78.35,1.00,5,-1,-1
501,211,392.80,459.54,80.79,68.53,0.96,4,-1,-1
501,221,802.69,468.69,22.36,44.18,0.73,10,-1,-1
501,222,803.29,458.38,22.56,39.65,0.97,2,-1,-1
501,223,1034.76,357.71,84.31,49.39,0.82,4,-1,-1
501,237,297.22,264.92,108.85,60.13,0.93,6,-1,-1
501,238,544.87,394.10,60.14,57.23,0.99,4,-1,-1
501,228,265.03,307.38,130.99,65.33,0.98,6,-1,-1
501,239,303.71,291.03,140.67,64.45,0.91,4,-1,-1
501,240,431.32,251.57,85.93,52.45,0.75,6,-1,-1
501,241,424.13,300.15,77.05,42.21,0.99,4,-1,-1
501,242,298.19,275.56,147.92,81.54,0.68,6,-1,-1
502,35,1008.35,590.48,131.47,108.73,0.99,4,-1,-1
502,36,334.86,603.19,171.84,105.47,1.00,4,-1,-1
502,135,327.27,552.30,141.40,88.49,1.00,4,-1,-1
502,9,649.92,383.86,97.56,207.07,1.00,6,-1,-1
502,208,855.11,473.77,128.73,78.56,1.00,5,-1,-1
502,211,394.33,462.25,79.25,68.45,0.95,4,-1,-1
502,221,802.66,473.47,22.82,43.84,0.84,10,-1,-1
502,222,802.88,462.91,23.44,39.48,0.96,2,-1,-1
502,223,1035.45,359.57,85.18,49.53,0.90,4,-1,-1
502,237,299.43,267.83,109.17,60.16,0.92,6,-1,-1
502,238,547.99,399.00,58.72,57.65,0.98,4,-1,-1
502,228,262.28,309.08,132.38,65.06,0.99,6,-1,-1
502,239,309.64,294.18,137.13,63.96,0.84,4,-1,-1
502,240,428.68,253.54,91.52,53.02,0.55,6,-1,-1
502,241,421.86,301.18,77.38,42.89,0.99,4,-1,-1
502,242,299.52,275.23,149.31,84.66,0.54,6,-1,-1
503,35,1008.00,593.29,131.45,109.78,0.99,4,-1,-1
503,36,336.16,607.47,170.94,105.26,1.00,4,-1,-1
503,135,330.06,555.40,139.05,87.93,0.99,4,-1,-1
503,9,650.51,389.43,97.00,200.96,0.99,6,-1,-1
503,208,856.09,477.02,128.34,78.06,1.00,5,-1,-1
503,211,392.16,466.86,81.71,67.28,0.94,4,-1,-1
503,221,802.69,478.77,21.89,43.14,0.87,10,-1,-1
503,222,803.31,466.99,22.12,39.40,0.96,2,-1,-1
503,223,1036.87,360.99,84.40,50.71,0.22,4,-1,-1
503,237,302.42,270.13,107.61,60.73,0.98,6,-1,-1
503,238,549.37,403.38,58.77,58.22,0.99,4,-1,-1
503,228,257.94,310.78,134.83,65.23,0.99,6,-1,-1
503,239,317.91,298.52,131.51,62.61,0.98,4,-1,-1
503,240,425.34,255.17,94.69,53.83,0.74,6,-1,-1
503,241,420.30,302.20,76.91,43.10,0.99,4,-1,-1
504,35,1007.65,596.36,132.54,110.18,1.00,4,-1,-1
504,36,336.64,610.08,170.71,106.33,1.00,4,-1,-1
504,135,331.87,557.58,137.23,89.38,0.99,4,-1,-1
504,9,651.43,392.83,95.64,192.94,1.00,6,-1,-1
504,208,856.30,479.42,128.15,78.45,1.00,5,-1,-1
504,211,394.02,468.23,80.37,67.98,0.96,4,-1,-1
504,221,801.69,482.44,22.07,44.00,0.81,10,-1,-1
504,222,802.76,471.05,22.15,40.50,0.97,2,-1,-1
504,237,303.97,271.50,108.13,61.82,0.98,6,-1,-1
504,238,550.28,407.77,58.78,58.15,0.98,4,-1,-1
504,228,254.34,311.77,135.96,65.60,0.99,6,-1,-1
504,239,332.93,302.10,118.83,61.77,0.97,4,-1,-1
504,240,422.30,256.49,96.74,54.47,0.92,6,-1,-1
504,241,417.24,303.48,77.21,42.58,0.98,4,-1,-1
505,35,1008.72,598.57,131.85,109.69,1.00,4,-1,-1
505,36,336.84,612.94,170.79,106.08,1.00,4,-1,-1
505,135,332.43,560.86,137.12,89.28,0.99,4,-1,-1
505,9,653.22,394.94,93.53,186.80,1.00,6,-1,-1
505,208,856.42,481.47,128.09,77.97,1.00,5,-1,-1
505,211,394.48,472.06,79.68,66.51,0.85,4,-1,-1
505,221,800.54,486.63,23.29,43.18,0.85,10,-1,-1
505,222,802.05,474.26,22.74,40.33,0.98,2,-1,-1
505,237,302.54,273.44,113.41,61.62,0.99,6,-1,-1
505,238,551.18,411.37,59.37,58.77,0.98,4,-1,-1
505,228,251.15,312.73,135.79,65.68,0.98,6,-1,-1
505,239,347.07,306.14,107.11,59.38,0.89,4,-1,-1
505,240,419.90,257.51,95.29,55.27,0.90,6,-1,-1
505,241,408.59,304.35,82.38,42.06,0.99,4,-1,-1
505,243,1039.92,276.63,186.13,90.50,0.71,6,-1,-1
506,35,1008.59,599.58,132.73,110.06,1.00,4,-1,-1
506,36,336.75,614.50,171.27,106.54,1.00,4,-1,-1
506,135,333.89,562.60,135.82,88.64,0.99,4,-1,-1
506,9,653.83,399.32,92.82,177.35,1.00,6,-1,-1
506,208,856.76,482.43,128.93,78.35,1.00,5,-1,-1
506,211,395.08,478.86,79.55,61.38,0.80,4,-1,-1
506,221,799.86,489.20,24.29,42.86,0.86,10,-1,-1
506,222,801.53,477.03,23.52,40.82,0.96,2,-1,-1
506,237,306.78,274.96,110.40,61.25,0.99,6,-1,-1
506,238,551.73,413.59,60.17,60.82,0.99,4,-1,-1
506,228,248.59,313.33,135.40,65.15,0.99,6,-1,-1
506,239,352.16,307.75,104.63,58.70,0.96,6,-1,-1
506,240,416.07,257.85,95.90,54.44,0.92,6,-1,-1
506,241,406.55,305.11,81.23,40.69,0.93,4,-1,-1
506,243,1043.42,276.73,199.82,91.89,0.69,6,-1,-1
507,35,1008.56,600.25,133.06,110.75,1.00,4,-1,-1
507,36,337.16,615.62,171.02,106.71,1.00,4,-1,-1
507,135,335.05,563.51,134.46,87.25,0.98,4,-1,-1
507,9,654.63,402.72,91.45,169.76,1.00,6,-1,-1
507,208,856.91,483.37,128.68,77.93,1.00,5,-1,-1
507,211,395.93,481.99,79.47,58.87,0.94,4,-1,-1
507,221,799.64,491.54,24.13,42.74,0.95,10,-1,-1
507,222,801.37,478.89,23.26,41.00,0.96,2,-1,-1
507,237,311.52,275.27,108.31,61.68,0.99,6,-1,-1
507,238,551.93,415.65,60.47,62.00,0.99,4,-1,-1
507,228,245.79,313.57,134.91,64.10,0.98,6,-1,-1
507,239,355.38,308.92,104.37,58.43,0.98,6,-1,-1
507,240,412.25,258.60,96.76,53.57,0.95,6,-1,-1
507,241,402.57,305.31,80.73,40.50,0.48,4,-1,-1
507,243,1046.70,276.66,210.12,92.17,0.67,6,-1,-1
507,244,286.45,287.30,67.02,33.30,0.89,4,-1,-1
508,35,1009.66,600.86,132.05,110.99,0.99,4,-1,-1
508,36,337.46,616.14,171.08,106.76,1.00,4,-1,-1
508,135,335.20,563.69,134.82,87.25,0.97,4,-1,-1
508,9,655.46,405.54,90.43,163.78,0.99,6,-1,-1
508,208,857.81,483.84,128.29,77.76,1.00,5,-1,-1
508,211,395.14,482.92,80.55,58.59,0.91,4,-1,-1
508,221,799.56,492.47,24.05,43.26,0.93,10,-1,-1
508,222,800.74,480.50,23.72,41.06,0.98,2,-1,-1
508,237,314.48,275.54,107.81,61.83,1.00,6,-1,-1
508,238,551.94,415.95,61.15,64.65,0.99,4,-1,-1
508,228,244.54,313.70,132.43,63.41,0.97,6,-1,-1
508,239,361.68,310.50,100.84,57.45,0.99,6,-1,-1
508,240,410.38,258.76,94.84,52.97,0.95,6,-1,-1
508,241,401.53,305.43,77.65,39.56,0.41,4,-1,-1
508,243,1049.73,277.43,207.38,90.91,0.67,6,-1,-1
508,244,283.02,286.65,67.71,33.65,0.93,4,-1,-1
509,35,1011.16,601.31,131.67,111.06,1.00,4,-1,-1
509,36,337.98,616.86,170.40,106.75,1.00,4,-1,-1
509,135,337.07,564.57,133.11,85.54,0.98,4,-1,-1
509,9,655.69,402.50,90.68,163.84,1.00,6,-1,-1
509,208,858.10,484.54,128.15,77.68,1.00,5,-1,-1
509,211,397.63,485.23,77.31,56.78,0.83,4,-1,-1
509,221,799.23,494.43,24.02,42.89,0.95,10,-1,-1
509,222,801.04,482.15,23.33,40.50,0.96,2,-1,-1
509,237,317.46,275.80,107.06,61.59,0.99,6,-1,-1
509,238,553.00,418.77,60.84,65.09,0.99,4,-1,-1
509,228,243.17,312.92,130.02,63.44,0.97,6,-1,-1
509,239,362.88,311.37,102.62,57.63,1.00,6,-1,-1
509,240,409.08,258.56,95.49,52.19,0.98,6,-1,-1
509,243,1053.11,278.14,189.56,90.17,0.78,6,-1,-1
509,244,277.76,285.88,69.49,33.38,0.97,4,-1,-1
510,35,1011.72,601.49,131.53,111.09,1.00,4,-1,-1
510,36,338.12,617.12,170.72,106.76,1.00,4,-1,-1
510,135,336.44,564.61,134.05,87.15,0.98,4,-1,-1
510,9,656.30,397.64,90.24,165.22,1.00,6,-1,-1
510,208,859.04,484.82,127.81,77.66,1.00,5,-1,-1
510,211,399.86,485.16,74.74,57.33,0.83,4,-1,-1
510,221,798.55,494.84,24.56,44.45,0.88,10,-1,-1
510,222,800.60,483.58,23.74,40.85,0.96,2,-1,-1
510,237,317.73,275.89,108.77,62.92,0.98,6,-1,-1
510,238,553.05,419.83,61.29,67.45,0.99,4,-1,-1
510,228,241.43,312.35,127.97,63.46,0.98,6,-1,-1
510,239,360.50,310.26,107.44,59.39,1.00,6,-1,-1
510,240,406.26,258.07,95.34,52.22,0.98,6,-1,-1
510,243,1055.36,278.52,188.62,89.65,0.52,6,-1,-1
510,244,271.39,284.59,74.67,34.63,0.98,4,-1,-1
511,35,1012.02,602.11,132.62,111.09,1.00,4,-1,-1
511,36,338.66,617.78,170.44,106.19,1.00,4,-1,-1
511,135,336.26,564.63,134.42,87.75,0.97,4,-1,-1
511,9,656.57,398.05,89.56,159.40,1.00,6,-1,-1
511,208,859.20,484.92,127.98,77.66,1.00,5,-1,-1
511,211,396.45,486.83,78.96,55.83,0.88,4,-1,-1
511,221,797.84,495.80,25.32,45.03,0.95,10,-1,-1
511,222,799.98,484.92,24.45,42.11,0.98,2,-1,-1
511,237,320.78,276.22,109.70,63.97,0.98,6,-1,-1
511,238,553.66,423.23,62.02,67.23,1.00,4,-1,-1
511,228,235.80,311.04,130.90,64.61,0.99,6,-1,-1
511,239,355.42,309.99,115.41,60.60,1.00,6,-1,-1
511,240,402.81,257.92,99.33,51.96,0.99,6,-1,-1
511,243,1059.74,278.61,174.98,89.49,0.56,6,-1,-1
511,244,265.64,284.85,76.94,34.39,0.99,4,-1,-1
512,35,1013.24,602.90,131.90,110.53,1.00,4,-1,-1
512,36,338.67,617.96,170.76,106.55,1.00,4,-1,-1
512,135,336.15,564.87,135.13,86.29,0.98,4,-1,-1
512,9,657.21,398.65,88.76,155.87,1.00,6,-1,-1
512,208,859.24,484.66,128.04,78.23,1.00,5,-1,-1
512,211,396.32,484.76,79.64,58.21,0.87,4,-1,-1
512,221,797.02,496.38,26.71,45.81,0.98,10,-1,-1
512,222,798.91,486.21,25.83,42.02,0.98,2,-1,-1
512,237,323.66,276.17,111.46,64.66,0.94,6,-1,-1
512,238,553.29,424.20,63.41,68.78,0.99,4,-1,-1
512,228,231.10,309.67,133.38,65.90,0.97,6,-1,-1
512,239,347.54,308.44,126.55,63.01,0.99,6,-1,-1
512,240,399.23,257.41,105.72,52.46,0.98,6,-1,-1
512,243,1064.19,278.33,171.70,90.07,0.59,6,-1,-1
512,244,260.66,284.01,78.21,35.21,0.98,4,-1,-1
513,35,1013.10,603.19,132.76,110.87,1.00,4,-1,-1
513,36,339.23,618.60,170.60,106.68,1.00,4,-1,-1
513,135,338.63,565.25,132.58,85.71,0.99,4,-1,-1
513,9,658.25,402.39,87.36,147.78,1.00,6,-1,-1
513,208,859.79,484.85,128.07,78.44,1.00,5,-1,-1
513,211,397.53,486.56,78.35,56.82,0.92,4,-1,-1
513,221,796.70,499.08,26.69,44.42,0.97,10,-1,-1
513,222,798.22,487.79,26.35,41.41,0.98,2,-1,-1
513,237,326.21,276.88,114.08,64.63,0.87,6,-1,-1
513,238,554.22,427.31,63.38,68.79,1.00,4,-1,-1
513,228,230.39,310.33,131.51,65.26,0.94,6,-1,-1
513,239,344.58,307.32,131.81,64.74,0.96,6,-1,-1
513,240,396.14,257.26,103.33,51.52,0.86,6,-1,-1
513,243,1066.13,277.79,188.92,91.16,0.71,6,-1,-1
513,244,256.57,283.03,78.25,36.07,1.00,4,-1,-1
514,35,1013.56,604.21,133.08,111.00,1.00,4,-1,-1
514,36,339.80,619.12,170.39,107.30,1.00,4,-1,-1
514,135,338.81,565.97,132.60,84.37,0.98,4,-1,-1
514,9,658.87,395.84,87.44,150.40,1.00,6,-1,-1
514,208,859.96,485.27,128.07,78.53,1.00,5,-1,-1
514,211,396.12,481.22,79.96,62.62,0.81,4,-1,-1
514,221,796.56,500.41,26.66,43.87,0.98,10,-1,-1
514,222,798.21,488.95,25.99,41.17,0.98,2,-1,-1
514,237,328.75,277.03,114.78,64.89,0.93,6,-1,-1
514,238,554.80,430.17,63.91,69.87,1.00,4,-1,-1
514,228,234.74,311.61,122.27,63.89,0.91,7,-1,-1
514,239,345.13,308.30,133.17,64.85,1.00,6,-1,-1
514,240,392.52,257.97,97.55,50.62,0.99,6,-1,-1
514,243,1068.48,278.08,191.33,91.00,0.81,6,-1,-1
514,244,252.22,281.85,78.45,36.66,0.98,4,-1,-1
514,245,471.29,279.19,115.26,64.89,0.66,6,-1,-1
515,35,1014.86,604.30,133.20,111.61,1.00,4,-1,-1
515,36,339.71,620.44,170.61,106.97,1.00,4,-1,-1
515,135,338.14,566.81,133.34,85.57,0.99,4,-1,-1
515,9,659.36,399.33,87.51,144.48,1.00,6,-1,-1
515,208,860.58,485.71,128.08,78.56,1.00,5,-1,-1
515,211,399.65,484.82,76.50,59.76,0.94,4,-1,-1
515,221,796.53,501.14,26.64,44.23,0.92,10,-1,-1
515,222,797.95,490.20,26.40,41.65,0.94,2,-1,-1
515,237,331.43,277.52,112.65,64.42,0.96,6,-1,-1
515,238,556.38,433.72,62.98,70.26,0.99,4,-1,-1
515,228,238.59,313.70,115.24,61.95,0.91,6,-1,-1
515,239,345.49,308.83,135.13,65.13,1.00,6,-1,-1
515,240,389.13,255.82,120.28,54.60,0.71,6,-1,-1
515,243,1072.09,277.60,185.47,91.52,0.68,6,-1,-1
515,244,243.46,280.58,81.32,37.15,0.98,4,-1,-1
515,245,470.30,278.73,119.38,63.54,0.79,6,-1,-1
516,35,1015.99,604.92,133.28,111.83,1.00,4,-1,-1
516,36,339.64,621.35,171.31,107.39,1.00,4,-1,-1
516,135,336.00,567.53,136.06,87.14,0.99,4,-1,-1
516,9,659.79,401.89,87.60,138.41,1.00,6,-1,-1
516,208,861.13,486.47,128.40,78.57,0.99,5,-1,-1
516,211,400.27,486.10,76.16,59.15,0.91,4,-1,-1
516,221,796.28,502.84,27.19,44.37,0.97,10,-1,-1
516,222,797.61,491.51,26.55,42.38,0.96,2,-1,-1
516,237,333.68,278.22,111.27,64.79,0.98,6,-1,-1
516,238,557.21,436.07,63.77,72.20,1.00,4,-1,-1
516,228,235.27,315.60,115.41,60.37,0.80,6,-1,-1
516,239,348.86,310.67,133.92,63.81,1.00,6,-1,-1
516,240,386.05,257.07,112.17,53.26,0.93,6,-1,-1
516,243,1076.81,277.39,196.06,91.98,0.69,6,-1,-1
516,244,239.97,280.38,78.42,36.73,0.97,4,-1,-1
516,245,469.10,279.02,115.64,61.94,0.75,6,-1,-1
517,35,1016.87,606.25,133.27,111.91,0.99,4,-1,-1
517,36,339.23,622.11,171.95,108.12,1.00,4,-1,-1
517,135,334.27,567.95,138.02,87.73,0.99,4,-1,-1
517,9,660.80,398.67,85.92,138.76,1.00,6,-1,-1
517,208,861.86,487.02,129.05,78.57,1.00,5,-1,-1
517,211,402.40,487.61,74.73,57.79,0.93,4,-1,-1
517,221,795.90,505.93,26.27,42.72,0.97,10,-1,-1
517,222,798.03,493.06,25.48,42.65,0.97,2,-1,-1
517,237,336.10,279.41,109.44,64.08,0.98,6,-1,-1
517,238,558.94,438.67,63.47,73.87,1.00,4,-1,-1
517,228,237.42,314.36,109.72,61.24,0.80,6,-1,-1
517,239,349.18,310.89,135.54,64.12,0.99,6,-1,-1
517,240,382.01,256.28,116.44,53.30,0.83,6,-1,-1
517,243,1079.54,278.93,185.23,90.46,0.64,6,-1,-1
517,244,228.58,279.42,84.34,38.27,0.90,4,-1,-1
517,245,466.05,278.89,119.02,61.76,0.55,6,-1,-1
518,35,1017.78,607.39,133.26,111.95,1.00,4,-1,-1
518,36,339.30,623.25,172.20,107.85,0.99,4,-1,-1
518,135,337.76,569.25,134.58,85.72,0.99,4,-1,-1
518,9,661.43,393.66,85.89,142.35,1.00,6,-1,-1
518,208,862.42,487.56,129.58,78.59,0.99,5,-1,-1
518,211,396.01,484.74,80.78,61.87,0.90,4,-1,-1
518,221,797.20,508.25,24.76,41.52,0.99,10,-1,-1
518,222,799.65,495.06,23.91,40.51,0.96,2,-1,-1
518,237,338.16,280.14,108.33,63.53,0.96,6,-1,-1
518,238,560.11,441.02,63.35,76.16,1.00,4,-1,-1
518,228,236.36,312.20,107.97,63.00,0.44,6,-1,-1
518,239,349.28,311.39,137.77,64.52,0.99,6,-1,-1
518,240,378.90,256.56,108.63,52.76,0.71,6,-1,-1
518,243,1082.19,280.14,187.89,90.19,0.63,6,-1,-1
518,244,218.54,278.93,88.68,38.56,0.78,4,-1,-1
518,245,463.57,279.97,116.32,61.43,0.79,6,-1,-1
518,246,621.14,645.04,128.07,118.68,0.63,6,-1,-1
519,35,1018.67,608.04,133.26,111.96,1.00,4,-1,-1
519,36,339.17,623.92,172.44,108.30,1.00,4,-1,-1
519,135,338.40,570.27,133.94,86.08,0.99,4,-1,-1
519,9,662.20,393.69,85.91,138.76,1.00,6,-1,-1
519,208,863.46,488.29,128.94,78.59,1.00,5,-1,-1
519,211,394.39,483.42,82.28,63.90,0.64,4,-1,-1
519,221,797.12,508.72,24.76,42.23,0.99,10,-1,-1
519,222,799.97,496.58,23.31,39.67,0.92,2,-1,-1
519,237,340.53,280.52,108.77,64.17,0.96,6,-1,-1
519,238,561.36,443.77,62.74,77.56,0.99,4,-1,-1
519,228,234.12,312.37,105.39,61.98,0.77,6,-1,-1
519,239,353.04,313.66,135.66,63.25,0.99,6,-1,-1
519,240,375.29,256.66,118.28,54.55,0.79,6,-1,-1
519,243,1085.90,280.39,191.13,90.09,0.60,6,-1,-1
519,244,211.62,278.77,88.95,40.61,0.18,4,-1,-1
519,245,461.88,279.20,116.64,62.60,0.50,6,-1,-1
519,246,623.61,640.45,127.42,123.49,0.87,6,-1,-1
519,247,582.29,290.29,76.84,38.85,0.80,4,-1,-1
520,35,1019.53,609.11,133.25,111.96,1.00,4,-1,-1
520,36,339.12,624.96,172.52,109.03,1.00,4,-1,-1
520,135,340.04,571.17,132.29,85.65,0.99,4,-1,-1
520,9,662.47,392.57,85.93,136.98,1.00,6,-1,-1
520,208,863.55,489.11,129.53,78.59,0.99,5,-1,-1
520,211,394.46,484.52,81.87,63.58,0.66,4,-1,-1
520,221,797.09,509.69,24.76,43.07,0.96,10,-1,-1
520,222,800.37,497.65,22.52,39.37,0.95,2,-1,-1
520,237,341.90,281.20,110.92,64.97,0.98,6,-1,-1
520,238,562.35,446.40,63.06,80.28,1.00,4,-1,-1
520,228,231.90,310.14,102.78,62.73,0.41,6,-1,-1
520,239,351.00,315.20,139.09,62.46,0.99,6,-1,-1
520,240,371.00,258.22,94.15,48.51,0.43,6,-1,-1
520,243,1090.57,281.47,187.84,89.77,0.46,6,-1,-1
520,245,459.29,279.97,106.50,60.30,0.70,6,-1,-1
520,246,625.09,635.06,127.96,128.97,0.90,6,-1,-1
520,247,580.66,291.05,77.55,37.84,0.83,4,-1,-1
521,35,1020.87,610.33,133.26,111.95,1.00,4,-1,-1
521,36,339.11,625.91,172.97,109.30,0.99,4,-1,-1
521,135,337.68,571.78,134.52,87.75,0.99,4,-1,-1
521,9,663.56,392.48,84.84,135.29,1.00,6,-1,-1
521,208,864.31,489.97,129.48,78.59,1.00,5,-1,-1
521,211,389.89,485.23,86.47,64.00,0.77,4,-1,-1
521,221,796.70,511.13,24.76,43.38,0.98,10,-1,-1
521,222,799.84,498.84,22.82,40.40,0.94,2,-1,-1
521,237,341.09,282.14,115.39,65.00,0.96,6,-1,-1
521,238,563.14,449.56,62.62,81.30,1.00,4,-1,-1
521,228,228.41,308.76,102.80,63.02,0.86,6,-1,-1
521,239,351.76,315.90,140.62,63.01,1.00,6,-1,-1
521,240,367.21,258.85,92.17,46.97,0.14,6,-1,-1
521,243,1093.82,282.13,190.02,89.38,0.39,6,-1,-1
521,245,455.31,280.39,104.15,58.57,0.80,6,-1,-1
521,246,625.80,630.52,128.79,133.45,0.88,6,-1,-1
521,247,578.65,290.71,79.00,38.97,0.92,4,-1,-1
522,35,1022.00,611.09,133.25,112.52,0.99,4,-1,-1
522,36,338.89,627.08,173.14,109.41,1.00,4,-1,-1
522,135,339.40,573.11,132.82,85.18,0.99,4,-1,-1
522,9,663.76,393.78,85.01,132.34,1.00,6,-1,-1
522,208,864.96,490.86,129.73,78.60,1.00,5,-1,-1
522,211,391.30,486.90,84.87,62.48,0.42,4,-1,-1
522,221,796.37,512.20,24.76,44.63,0.97,10,-1,-1
522,222,799.74,500.11,22.93,40.23,0.96,2,-1,-1
522,237,339.42,282.48,119.85,66.13,0.95,6,-1,-1
522,238,564.34,453.20,61.88,82.21,0.99,4,-1,-1
522,228,221.08,305.70,107.19,65.95,0.88,6,-1,-1
522,239,351.31,316.28,143.66,64.06,0.99,6,-1,-1
522,240,363.02,259.50,84.99,45.88,0.28,6,-1,-1
522,243,1097.29,282.96,160.32,87.82,0.18,6,-1,-1
522,245,452.05,279.78,113.70,59.50,0.83,6,-1,-1
522,246,627.01,624.78,129.03,139.15,0.94,6,-1,-1
522,247,577.04,290.73,80.80,40.33,0.93,4,-1,-1
522,248,1132.13,268.52,51.23,42.69,0.81,5,-1,-1
523,35,1023.54,612.15,133.26,113.28,1.00,4,-1,-1
523,36,338.95,628.08,173.07,109.42,1.00,4,-1,-1
523,135,340.48,574.46,131.76,83.02,0.99,4,-1,-1
523,9,664.92,394.86,83.97,128.46,1.00,6,-1,-1
523,208,865.75,491.72,129.83,78.59,1.00,5,-1,-1
523,211,392.31,487.82,83.49,61.86,0.38,4,-1,-1
523,221,796.53,512.82,24.77,44.54,0.94,10,-1,-1
523,222,799.98,501.93,22.98,40.16,0.94,2,-1,-1
523,237,346.15,283.04,115.75,66.26,0.92,6,-1,-1
523,238,565.01,457.03,61.61,83.06,0.99,4,-1,-1
523,228,212.86,305.02,112.57,67.60,0.57,6,-1,-1
523,239,352.76,316.85,145.32,64.44,0.98,6,-1,-1
523,240,359.74,259.76,76.02,45.22,0.38,6,-1,-1
523,245,447.51,280.01,114.12,59.54,0.86,6,-1,-1
523,246,629.22,621.14,125.38,142.76,0.54,6,-1,-1
523,247,574.33,290.27,84.49,42.92,0.93,4,-1,-1
523,249,400.22,388.05,79.62,47.81,0.60,4,-1,-1
524,35,1024.53,613.67,133.25,112.44,0.99,4,-1,-1
524,36,338.60,629.24,173.02,109.99,1.00,4,-1,-1
524,135,337.52,575.19,134.62,85.09,0.99,4,-1,-1
524,9,664.96,397.02,84.16,125.43,0.99,6,-1,-1
524,208,865.92,492.32,129.85,78.59,1.00,5,-1,-1
524,211,398.86,492.10,77.00,58.24,0.39,4,-1,-1
524,221,796.50,515.54,24.76,43.94,0.93,10,-1,-1
524,222,799.69,503.42,23.00,40.13,0.98,2,-1,-1
524,237,352.49,284.62,113.35,65.46,0.96,6,-1,-1
524,238,565.71,460.91,61.50,84.46,0.99,4,-1,-1
524,228,211.65,306.15,110.65,66.84,0.51,6,-1,-1
524,239,354.92,318.29,146.16,64.02,0.99,6,-1,-1
524,245,441.82,280.67,114.86,58.13,0.97,6,-1,-1
524,246,629.84,616.77,125.92,146.81,0.68,6,-1,-1
524,247,573.40,290.86,82.68,42.89,0.98,4,-1,-1
524,249,398.46,387.14,81.35,47.49,0.62,4,-1,-1
524,241,320.33,297.71,76.44,39.28,0.84,4,-1,-1
525,35,1026.11,614.16,133.26,113.23,1.00,4,-1,-1
525,36,338.28,630.52,173.30,110.18,1.00,4,-1,-1
525,135,337.76,576.31,133.88,84.71,0.99,4,-1,-1
525,9,665.88,404.04,83.13,113.54,0.99,6,-1,-1
525,208,867.19,493.05,129.87,78.57,1.00,5,-1,-1
525,211,393.76,489.36,81.91,62.06,0.32,4,-1,-1
525,221,796.30,519.03,24.77,42.00,0.96,10,-1,-1
525,222,799.95,505.02,23.02,38.99,0.98,2,-1,-1
525,237,355.25,285.50,112.30,64.85,0.96,6,-1,-1
525,238,566.58,465.08,61.47,84.95,1.00,4,-1,-1
525,228,206.57,316.09,110.77,57.23,0.28,6,-1,-1
525,239,355.37,318.69,147.69,64.11,0.99,6,-1,-1
525,245,443.30,280.76,108.86,57.33,0.98,6,-1,-1
525,246,630.69,611.57,127.34,151.58,0.88,6,-1,-1
525,247,571.72,290.92,84.30,42.19,0.98,4,-1,-1
525,249,397.17,386.83,85.95,53.20,0.43,4,-1,-1
525,241,313.58,297.78,77.32,38.99,0.95,4,-1,-1
525,250,1126.16,268.73,54.64,43.54,0.76,5,-1,-1
526,35,1026.69,615.56,134.39,113.54,1.00,4,-1,-1
526,36,337.82,631.87,173.69,109.71,1.00,4,-1,-1
526,135,339.08,577.04,132.60,85.15,0.99,4,-1,-1
526,9,665.91,398.57,83.90,118.39,0.99,6,-1,-1
526,208,867.94,493.40,130.72,79.72,1.00,5,-1,-1
526,211,401.71,497.36,74.16,55.08,0.14,4,-1,-1
526,221,795.39,520.94,25.90,42.42,0.97,10,-1,-1
526,222,800.06,506.50,23.02,39.14,0.97,2,-1,-1
526,237,358.16,286.55,111.63,64.35,0.97,6,-1,-1
526,238,566.86,469.17,62.03,86.78,1.00,4,-1,-1
526,228,201.07,322.61,111.12,51.03,0.37,6,-1,-1
526,239,365.27,320.40,141.53,62.46,0.98,6,-1,-1
526,245,442.90,280.83,105.42,56.79,0.95,6,-1,-1
526,246,631.52,606.74,126.69,155.52,0.73,6,-1,-1
526,247,570.02,291.00,84.25,41.59,0.98,4,-1,-1
526,249,394.63,384.69,85.10,52.81,0.41,4,-1,-1
526,241,307.06,297.27,79.31,38.62,0.98,4,-1,-1
527,35,1027.96,616.96,134.86,114.26,0.99,4,-1,-1
527,36,337.11,632.95,174.73,108.99,1.00,4,-1,-1
527,135,336.62,577.87,134.86,88.18,1.00,4,-1,-1
527,9,665.76,396.76,84.23,117.73,0.99,6,-1,-1
527,208,868.68,494.09,130.52,80.18,1.00,5,-1,-1
527,211,406.49,502.31,68.96,51.05,0.16,4,-1,-1
527,221,794.38,522.74,27.44,42.03,0.92,10,-1,-1
527,222,799.99,508.16,23.04,39.21,0.98,2,-1,-1
527,237,360.75,286.99,112.97,65.89,0.94,6,-1,-1
527,238,567.03,473.41,62.26,88.58,0.99,4,-1,-1
527,239,365.87,321.24,143.77,62.70,0.99,6,-1,-1
527,245,439.45,280.77,106.58,57.21,0.98,6,-1,-1
527,246,633.65,603.13,124.74,159.74,0.98,6,-1,-1
527,247,569.00,290.81,81.88,40.78,0.99,4,-1,-1
527,249,391.57,383.06,87.67,53.65,0.38,4,-1,-1
527,241,299.88,296.31,82.89,39.35,0.99,4,-1,-1
528,35,1029.01,618.18,135.00,114.48,0.99,4,-1,-1
528,36,336.38,634.68,175.22,108.67,1.00,4,-1,-1
528,135,337.76,579.52,133.29,87.60,0.98,4,-1,-1
528,9,666.36,397.49,84.36,114.12,0.99,6,-1,-1
528,208,869.58,494.82,130.97,80.31,1.00,5,-1,-1
528,221,793.83,524.13,28.58,41.87,0.89,10,-1,-1
528,222,800.06,509.50,23.61,39.23,0.96,2,-1,-1
528,237,363.80,288.44,116.26,65.87,0.98,6,-1,-1
528,238,567.22,477.69,62.34,90.31,1.00,4,-1,-1
528,239,372.70,322.98,137.25,60.49,0.90,6,-1,-1
528,245,436.72,280.64,108.72,57.36,0.96,6,-1,-1
528,246,636.57,599.31,122.26,163.94,0.96,6,-1,-1
528,247,567.97,290.91,80.93,40.72,0.97,4,-1,-1
528,249,389.73,382.25,91.34,53.54,0.48,4,-1,-1
528,241,293.77,296.30,83.66,38.76,0.99,4,-1,-1
529,35,1030.37,619.93,135.01,113.96,0.99,4,-1,-1
529,36,335.17,635.47,176.62,110.78,1.00,4,-1,-1
529,135,339.67,580.59,131.51,87.34,1.00,4,-1,-1
529,9,667.11,397.02,84.39,110.11,0.99,6,-1,-1
529,208,869.53,495.86,131.38,80.33,1.00,5,-1,-1
529,221,793.83,525.09,29.00,42.94,0.87,10,-1,-1
529,222,799.74,511.31,23.81,39.80,0.95,2,-1,-1
529,237,365.90,289.39,112.30,65.27,0.98,6,-1,-1
529,238,567.54,482.50,62.35,90.92,0.99,4,-1,-1
529,239,371.01,322.71,139.21,61.65,0.17,6,-1,-1
529,245,433.84,279.01,110.65,58.84,0.64,6,-1,-1
529,246,637.85,595.12,121.93,167.04,0.87,6,-1,-1
529,247,566.20,291.09,80.55,39.82,0.99,4,-1,-1
529,249,387.13,381.54,92.27,52.82,0.54,4,-1,-1
529,241,287.51,295.59,86.43,38.81,0.99,4,-1,-1
529,251,252.72,310.57,83.24,41.84,0.80,4,-1,-1
529,252,1123.59,270.01,47.81,42.69,0.71,5,-1,-1
530,35,1031.52,620.39,135.03,114.92,1.00,4,-1,-1
530,36,333.82,637.21,178.01,112.17,1.00,4,-1,-1
530,135,337.92,581.30,133.57,87.83,1.00,4,-1,-1
530,9,667.69,395.57,84.42,110.43,0.98,6,-1,-1
530,208,870.13,496.88,131.56,80.37,0.99,5,-1,-1
530,221,793.08,526.04,29.72,43.92,0.98,10,-1,-1
530,222,799.68,512.86,24.46,40.02,0.97,2,-1,-1
530,237,367.83,289.56,112.60,66.20,0.98,6,-1,-1
530,238,567.64,487.36,62.93,92.24,0.99,4,-1,-1
530,245,430.58,277.98,109.72,59.71,0.54,6,-1,-1
530,246,638.86,592.07,121.27,170.37,0.99,6,-1,-1
530,247,565.06,291.45,82.72,39.49,0.98,4,-1,-1
530,249,385.65,380.91,88.76,53.12,0.83,4,-1,-1
530,241,280.67,295.05,88.32,38.84,1.00,4,-1,-1
530,251,255.65,311.19,81.58,41.86,0.87,4,-1,-1
530,252,1120.51,270.46,47.84,42.71,0.50,5,-1,-1
531,35,1032.39,621.60,136.15,115.82,1.00,4,-1,-1
531,36,333.16,638.34,178.93,112.68,1.00,4,-1,-1
531,135,335.98,582.33,135.60,89.12,1.00,4,-1,-1
531,9,668.12,399.79,84.44,104.40,0.98,6,-1,-1
531,208,870.54,497.48,132.45,80.93,0.99,5,-1,-1
531,221,793.56,526.86,29.42,44.84,0.99,10,-1,-1
531,222,799.59,514.75,25.26,40.11,0.97,2,-1,-1
531,237,369.86,290.15,114.96,66.53,1.00,6,-1,-1
531,238,567.89,492.40,63.13,94.36,0.99,4,-1,-1
531,245,425.03,278.56,111.50,57.78,0.27,6,-1,-1
531,246,640.85,588.22,120.47,173.71,0.97,6,-1,-1
531,247,564.07,291.85,82.37,39.93,0.99,4,-1,-1
531,249,383.43,380.98,87.02,52.91,0.86,4,-1,-1
531,241,273.78,294.85,88.73,38.28,1.00,4,-1,-1
531,251,257.84,312.30,81.26,40.88,0.92,4,-1,-1
531,252,1116.61,270.39,50.48,51.94,0.61,5,-1,-1
531,253,332.34,255.07,158.59,60.62,0.61,6,-1,-1
531,228,192.20,320.02,97.46,48.77,0.78,4,-1,-1
532,35,1033.84,623.16,136.57,116.16,0.99,4,-1,-1
532,36,333.20,639.60,178.99,113.42,1.00,4,-1,-1
532,135,334.39,583.56,137.22,91.29,0.99,4,-1,-1
532,9,669.40,402.86,83.32,99.66,0.94,6,-1,-1
532,208,870.98,498.25,133.07,81.13,0.99,5,-1,-1
532,221,794.34,527.97,30.41,45.75,0.96,10,-1,-1
532,222,800.41,516.27,25.56,39.57,0.98,2,-1,-1
532,237,372.20,291.34,114.45,65.81,0.99,6,-1,-1
532,238,567.69,497.84,64.34,95.14,0.98,4,-1,-1
532,245,420.07,279.09,115.13,55.89,0.25,6,-1,-1
532,246,642.97,584.67,120.21,177.65,0.99,6,-1,-1
532,247,562.91,292.43,82.22,39.24,0.99,4,-1,-1
532,249,381.24,381.07,89.57,53.09,0.86,4,-1,-1
532,241,266.86,294.23,88.85,37.50,0.99,4,-1,-1
532,251,259.13,312.12,81.14,40.88,0.92,4,-1,-1
532,252,1113.26,270.93,53.95,60.52,0.19,5,-1,-1
532,228,194.60,314.69,92.49,51.10,0.21,6,-1,-1
533,35,1035.49,624.77,136.68,116.28,0.99,4,-1,-1
533,36,333.08,640.95,179.22,113.14,1.00,4,-1,-1
533,135,333.23,584.36,138.20,91.55,0.99,4,-1,-1
533,9,670.54,402.06,82.31,99.60,0.94,6,-1,-1
533,208,872.59,499.01,132.97,81.22,0.99,5,-1,-1
533,221,794.99,529.36,30.76,46.09,0.99,10,-1,-1
533,222,801.08,518.39,26.22,39.94,0.97,2,-1,-1
533,237,374.59,291.62,112.80,66.10,0.99,6,-1,-1
533,238,568.26,501.89,64.77,98.17,1.00,4,-1,-1
533,246,645.22,581.36,118.37,181.25,0.99,6,-1,-1
533,247,561.25,292.54,82.70,39.27,0.98,4,-1,-1
533,249,379.81,380.41,87.32,53.43,0.93,4,-1,-1
533,241,261.00,293.72,88.28,37.51,0.99,4,-1,-1
533,251,257.54,312.38,84.63,41.23,0.93,4,-1,-1
533,252,1111.62,271.15,55.04,64.83,0.22,5,-1,-1
533,228,186.32,310.70,96.84,54.10,0.23,6,-1,-1
534,35,1037.71,626.17,136.74,116.27,1.00,4,-1,-1
534,36,333.01,642.46,179.32,112.40,1.00,4,-1,-1
534,135,332.75,586.23,138.31,91.03,0.98,4,-1,-1
534,9,670.83,399.54,83.11,103.13,0.86,6,-1,-1
534,208,872.53,499.87,133.51,81.76,0.99,5,-1,-1
534,221,796.28,529.34,30.34,48.44,0.99,10,-1,-1
534,222,802.64,520.31,25.36,39.50,0.96,2,-1,-1
534,237,376.81,292.32,112.04,67.31,0.99,6,-1,-1
534,238,568.10,507.61,66.07,98.71,0.99,4,-1,-1
534,246,647.08,578.11,116.61,185.23,0.99,6,-1,-1
534,247,559.69,292.99,83.45,39.55,0.98,4,-1,-1
534,249,378.24,380.37,86.86,54.66,0.95,4,-1,-1
534,241,253.94,293.77,88.32,37.49,0.98,4,-1,-1
534,251,257.02,313.57,86.07,40.71,0.92,4,-1,-1
534,228,190.65,307.94,88.39,56.03,0.20,6,-1,-1
534,240,322.96,259.31,101.12,54.85,0.85,6,-1,-1
535,35,1039.08,628.11,136.75,116.27,1.00,4,-1,-1
535,36,332.00,644.10,180.04,112.69,1.00,4,-1,-1
535,135,330.74,588.01,139.60,91.95,0.99,4,-1,-1
535,9,671.50,401.47,82.85,100.20,0.71,6,-1,-1
535,208,873.63,500.75,134.26,81.98,0.99,5,-1,-1
535,221,798.48,530.42,30.16,49.87,0.97,10,-1,-1
535,222,803.54,522.69,25.58,38.77,0.86,2,-1,-1
535,237,379.27,293.10,111.47,67.77,1.00,6,-1,-1
535,238,568.31,512.18,66.55,102.21,1.00,4,-1,-1
535,246,648.27,575.06,117.14,188.33,0.99,6,-1,-1
535,247,558.61,293.29,84.85,39.94,0.98,4,-1,-1
535,249,376.46,380.36,85.96,54.55,0.98,4,-1,-1
535,241,249.11,293.91,85.77,36.93,0.98,4,-1,-1
535,251,256.99,314.83,88.32,39.63,0.92,4,-1,-1
535,240,319.86,260.02,101.19,54.44,0.90,6,-1,-1
536,35,1040.63,629.64,136.75,116.84,0.99,4,-1,-1
536,36,331.55,646.06,180.30,112.80,1.00,4,-1,-1
536,135,332.17,589.46,137.82,92.85,0.98,4,-1,-1
536,9,672.24,398.56,82.76,101.66,0.82,6,-1,-1
536,208,874.25,501.61,134.82,82.62,1.00,5,-1,-1
536,221,800.66,533.55,28.95,49.87,0.96,10,-1,-1
536,222,804.09,524.92,26.78,39.64,0.93,2,-1,-1
536,237,381.31,294.03,113.39,68.22,1.00,6,-1,-1
536,238,568.31,517.65,67.28,103.52,1.00,4,-1,-1
536,246,650.30,571.78,116.79,191.61,1.00,6,-1,-1
536,247,557.35,293.93,83.12,39.24,0.97,4,-1,-1
536,249,374.52,379.78,85.18,54.77,0.98,4,-1,-1
536,241,244.37,293.52,83.06,36.73,0.97,4,-1,-1
536,251,259.81,315.81,87.05,39.27,0.95,4,-1,-1
536,240,315.43,258.31,129.63,57.32,0.96,6,-1,-1
536,254,532.34,277.06,75.99,40.56,0.62,5,-1,-1
537,35,1042.52,631.24,136.72,116.99,0.99,4,-1,-1
537,36,332.06,648.20,180.07,112.21,1.00,4,-1,-1
537,135,333.40,590.58,137.11,94.82,0.99,4,-1,-1
537,9,673.60,395.83,83.30,102.78,0.72,6,-1,-1
537,208,876.39,502.74,133.88,82.26,1.00,5,-1,-1
537,221,803.45,537.22,27.90,49.82,0.98,10,-1,-1
537,222,804.84,526.54,27.22,42.77,0.99,2,-1,-1
537,237,384.28,294.89,109.59,66.94,1.00,6,-1,-1
537,238,568.61,522.71,68.10,106.70,1.00,4,-1,-1
537,246,653.28,569.00,112.13,193.25,1.00,6,-1,-1
537,247,555.22,294.24,84.13,39.24,0.98,4,-1,-1
537,249,372.76,379.25,84.88,55.38,0.99,4,-1,-1
537,241,233.46,293.37,85.75,36.64,0.98,4,-1,-1
537,251,261.79,316.37,87.94,40.03,0.93,4,-1,-1
537,240,313.37,259.85,113.50,54.81,0.86,6,-1,-1
538,35,1044.09,633.45,136.70,116.50,1.00,4,-1,-1
538,36,330.88,649.69,181.10,111.45,1.00,4,-1,-1
538,135,332.78,591.69,137.11,92.23,0.99,4,-1,-1
538,9,673.60,390.90,83.50,105.97,0.74,6,-1,-1
538,208,876.97,503.93,134.63,82.13,0.99,5,-1,-1
538,221,806.54,539.62,26.93,49.79,0.98,10,-1,-1
538,222,806.00,528.97,27.94,43.39,0.98,2,-1,-1
538,237,386.36,295.34,109.41,66.46,0.99,6,-1,-1
538,238,568.20,528.56,68.95,109.00,1.00,4,-1,-1
538,246,654.38,565.75,110.39,194.32,1.00,6,-1,-1
538,247,553.43,293.81,84.49,39.54,0.98,4,-1,-1
538,249,370.68,378.94,84.34,53.92,0.99,4,-1,-1
538,241,225.48,292.32,83.92,36.63,0.98,4,-1,-1
538,251,262.85,317.14,89.10,40.04,0.98,4,-1,-1
538,240,310.11,258.78,123.51,56.30,0.95,6,-1,-1
538,255,1047.61,371.61,97.33,56.35,0.63,4,-1,-1
539,35,1045.81,634.84,136.70,116.87,0.99,4,-1,-1
539,36,329.47,651.11,182.75,110.59,1.00,4,-1,-1
539,135,334.25,592.97,135.98,92.89,1.00,4,-1,-1
539,9,673.59,386.31,84.15,109.73,0.91,6,-1,-1
539,208,877.76,504.95,134.92,82.07,0.99,5,-1,-1
539,221,809.70,542.48,26.00,50.33,0.95,10,-1,-1
539,222,808.13,531.29,27.66,44.18,0.97,2,-1,-1
539,237,389.18,296.51,109.23,66.00,0.99,6,-1,-1
539,238,567.48,534.88,70.39,110.94,1.00,4,-1,-1
539,246,655.88,562.46,109.82,195.17,1.00,6,-1,-1
539,247,551.69,293.96,84.63,39.36,0.99,4,-1,-1
539,249,368.54,378.75,83.86,53.05,0.99,4,-1,-1
539,241,219.73,291.85,81.78,36.92,0.98,4,-1,-1
539,251,264.05,316.86,90.07,41.20,0.97,4,-1,-1
539,240,306.73,259.81,109.47,54.35,0.91,6,-1,-1
539,255,1049.23,371.92,98.74,56.72,0.60,4,-1,-1
539,256,1059.56,290.29,66.60,38.42,0.73,4,-1,-1
540,35,1048.18,635.64,136.71,118.16,0.99,4,-1,-1
540,36,327.63,652.46,184.65,109.72,1.00,4,-1,-1
540,135,334.06,594.27,136.28,92.58,0.99,4,-1,-1
540,9,673.30,381.10,85.54,113.56,0.81,6,-1,-1
540,208,878.63,505.32,135.03,83.19,0.99,5,-1,-1
540,221,812.00,545.76,26.25,50.52,0.95,10,-1,-1
540,222,810.93,533.80,26.97,44.48,0.96,2,-1,-1
540,237,391.67,298.03,109.89,66.97,0.99,6,-1,-1
540,238,567.20,541.06,72.04,112.76,1.00,4,-1,-1
540,246,657.81,559.12,110.82,195.41,1.00,6,-1,-1
540,247,549.67,294.13,82.98,38.74,0.98,4,-1,-1
540,249,366.79,378.26,82.99,53.01,0.99,4,-1,-1
540,241,218.26,290.95,76.69,37.60,0.96,4,-1,-1
540,251,265.56,317.13,90.70,41.64,0.99,4,-1,-1
540,240,302.88,260.47,103.18,54.12,0.97,6,-1,-1
540,255,1052.28,368.55,96.41,62.06,0.26,4,-1,-1
540,256,1056.46,291.57,69.37,37.42,0.79,4,-1,-1
541,35,1049.65,637.05,137.82,118.63,0.99,4,-1,-1
541,36,327.39,653.45,184.76,109.40,1.00,4,-1,-1
541,135,335.00,594.98,135.53,93.02,1.00,4,-1,-1
541,9,675.55,384.05,83.80,109.34,0.72,6,-1,-1
541,208,879.60,506.59,136.17,83.05,0.99,5,-1,-1
541,221,813.76,549.21,26.91,51.14,0.79,10,-1,-1
541,222,812.93,536.12,26.69,47.92,0.96,2,-1,-1
541,237,394.66,299.28,109.00,66.49,1.00,6,-1,-1
541,238,567.77,547.73,72.64,114.50,1.00,4,-1,-1
541,246,659.15,556.30,108.92,194.26,1.00,6,-1,-1
541,247,547.99,294.35,82.90,38.79,0.98,4,-1,-1
541,249,364.95,378.24,83.80,53.28,0.99,4,-1,-1
541,241,212.06,291.47,75.16,36.74,0.76,4,-1,-1
541,251,268.54,317.63,90.32,41.81,0.99,4,-1,-1
541,240,299.92,261.29,102.26,53.19,0.98,6,-1,-1
541,255,1055.87,367.54,96.93,64.19,0.54,4,-1,-1
541,256,1053.42,292.71,71.20,36.56,0.88,4,-1,-1
541,257,518.68,277.70,82.82,41.41,0.61,5,-1,-1
542,35,1051.68,638.31,138.24,119.35,0.99,4,-1,-1
542,36,325.61,654.89,186.61,108.70,1.00,4,-1,-1
542,135,334.34,596.04,136.66,93.72,0.99,4,-1,-1
542,9,675.07,375.87,85.41,115.35,0.30,6,-1,-1
542,208,880.89,507.83,135.47,82.97,1.00,5,-1,-1
542,221,815.05,551.80,27.73,52.47,0.91,10,-1,-1
542,222,814.33,538.55,27.15,49.75,0.97,2,-1,-1
542,237,397.21,300.00,108.68,67.14,1.00,6,-1,-1
542,238,566.98,553.43,73.97,117.87,1.00,4,-1,-1
542,246,660.84,553.36,107.69,193.69,1.00,6,-1,-1
542,247,546.10,294.55,82.31,38.53,0.99,4,-1,-1
542,249,362.74,377.81,85.24,54.51,0.99,4,-1,-1
542,241,201.33,290.41,77.68,38.11,0.56,4,-1,-1
542,251,271.30,318.37,89.29,41.86,0.99,4,-1,-1
542,240,296.07,260.88,101.62,54.23,0.94,6,-1,-1
542,256,1047.48,293.48,71.82,35.93,0.81,4,-1,-1
542,257,517.32,277.96,82.18,41.09,0.51,5,-1,-1
543,35,1053.51,640.44,138.38,119.04,0.99,4,-1,-1
543,36,325.42,657.10,187.14,106.74,1.00,4,-1,-1
543,135,332.01,596.98,138.92,95.10,0.99,4,-1,-1
543,9,674.05,366.45,87.13,123.20,0.84,6,-1,-1
543,208,881.92,508.57,135.19,83.50,1.00,5,-1,-1
543,221,817.46,555.80,28.60,52.97,0.94,10,-1,-1
543,222,816.79,541.65,27.88,49.91,0.96,2,-1,-1
543,237,400.64,300.69,108.28,67.38,1.00,6,-1,-1
543,238,566.98,560.18,75.00,120.21,1.00,4,-1,-1
543,246,662.27,550.43,108.99,195.62,1.00,6,-1,-1
543,247,544.34,295.22,82.65,37.86,0.99,4,-1,-1
543,249,360.73,377.41,86.77,55.52,0.99,4,-1,-1
543,241,191.34,289.51,78.96,40.85,0.18,4,-1,-1
543,251,272.32,319.08,90.85,42.44,0.99,4,-1,-1
543,240,292.24,260.63,108.42,55.16,0.96,6,-1,-1
543,256,1042.42,294.17,74.49,35.76,0.78,4,-1,-1
543,257,515.09,278.54,82.72,39.38,0.42,4,-1,-1
543,245,362.43,279.53,102.27,54.28,0.69,6,-1,-1
544,35,1054.91,641.67,139.59,119.51,0.99,4,-1,-1
544,36,325.65,659.20,186.80,104.90,1.00,4,-1,-1
544,135,332.11,598.60,138.54,96.20,0.99,4,-1,-1
544,9,675.42,362.32,85.55,126.11,0.76,6,-1,-1
544,208,882.99,510.11,136.24,83.15,0.99,5,-1,-1
544,221,819.86,559.67,28.38,52.59,0.95,10,-1,-1
544,222,818.39,545.18,28.16,49.95,0.95,2,-1,-1
544,237,403.84,302.14,109.03,66.92,0.99,6,-1,-1
544,238,566.75,567.78,75.95,122.20,1.00,4,-1,-1
544,246,663.97,547.65,108.96,194.10,1.00,6,-1,-1
544,247,542.38,295.83,82.23,37.62,0.98,4,-1,-1
544,249,358.51,377.11,85.54,55.08,0.99,4,-1,-1
544,251,273.91,319.85,91.16,42.95,0.99,4,-1,-1
544,240,288.25,261.17,106.81,55.25,0.96,6,-1,-1
544,256,1037.99,294.59,77.78,35.74,0.91,4,-1,-1
544,257,512.05,278.21,78.24,40.17,0.81,5,-1,-1
544,245,356.28,279.52,104.86,54.84,0.84,6,-1,-1
544,255,1060.66,370.96,98.89,62.38,0.74,4,-1,-1
545,35,1056.38,643.71,140.00,118.57,0.99,4,-1,-1
545,36,325.85,660.81,186.45,103.12,1.00,4,-1,-1
545,135,329.58,600.05,140.88,99.43,0.99,4,-1,-1
545,9,675.06,359.27,86.03,127.50,0.87,6,-1,-1
545,208,883.86,510.84,136.59,83.60,0.99,5,-1,-1
545,221,820.35,562.62,30.53,52.99,0.97,10,-1,-1
545,222,820.56,549.13,27.68,48.82,0.96,2,-1,-1
545,237,406.81,304.02,108.58,65.92,0.98,6,-1,-1
545,238,566.33,575.34,76.81,124.01,1.00,4,-1,-1
545,246,666.19,545.16,108.35,190.62,1.00,6,-1,-1
545,247,540.03,295.61,82.62,38.13,0.99,4,-1,-1
545,249,356.63,376.94,83.90,54.06,0.99,4,-1,-1
545,251,276.19,320.87,90.38,42.88,0.99,4,-1,-1
545,240,284.24,261.71,106.62,54.73,0.97,6,-1,-1
545,256,1032.43,294.81,78.89,36.07,0.92,4,-1,-1
545,257,509.87,278.28,73.50,40.12,0.61,5,-1,-1
545,245,350.62,278.77,109.83,56.17,0.83,5,-1,-1
545,255,1062.33,373.14,100.39,60.31,0.58,4,-1,-1
545,258,350.06,278.34,116.97,57.20,0.82,6,-1,-1
546,35,1058.03,645.45,140.17,117.00,0.98,4,-1,-1
546,36,326.32,661.81,186.32,101.84,1.00,4,-1,-1
546,135,328.84,600.45,141.64,99.46,0.99,4,-1,-1
546,9,675.13,356.85,86.24,127.95,0.87,6,-1,-1
546,208,885.26,511.04,136.73,83.70,1.00,5,-1,-1
546,221,821.63,564.47,31.34,53.67,0.94,10,-1,-1
546,222,822.75,551.66,27.51,50.03,0.97,2,-1,-1
546,237,410.45,304.29,108.86,66.63,0.99,6,-1,-1
546,238,565.64,581.75,78.26,126.82,1.00,4,-1,-1
546,246,668.10,541.57,107.08,187.46,1.00,6,-1,-1
546,247,537.43,294.93,82.21,38.85,0.98,4,-1,-1
546,249,354.55,375.79,84.15,53.62,0.99,4,-1,-1
546,251,278.23,321.03,90.64,42.80,0.99,4,-1,-1
546,240,280.68,261.00,105.95,54.75,0.96,6,-1,-1
546,256,1026.95,294.39,80.37,35.27,0.92,4,-1,-1
546,257,507.32,277.56,76.06,41.02,0.79,5,-1,-1
546,245,344.66,278.25,107.18,56.34,0.85,6,-1,-1
546,255,1063.38,372.28,100.90,59.94,0.28,4,-1,-1
546,258,345.88,278.67,105.09,56.21,0.85,5,-1,-1
546,239,420.68,348.63,90.29,48.00,0.53,6,-1,-1
547,35,1059.69,646.06,140.22,116.43,0.98,4,-1,-1
547,36,326.30,662.60,186.39,100.85,0.99,4,-1,-1
547,135,328.80,601.02,141.62,98.35,0.99,4,-1,-1
547,9,674.86,355.00,87.43,126.84,0.55,6,-1,-1
547,208,885.74,510.79,137.90,84.33,1.00,5,-1,-1
547,221,823.42,566.18,32.20,54.48,0.88,10,-1,-1
547,222,824.92,553.90,27.43,51.59,0.98,2,-1,-1
547,237,412.98,304.40,109.68,67.48,0.99,6,-1,-1
547,238,564.78,588.67,79.89,128.96,1.00,4,-1,-1
547,246,669.57,537.47,106.03,186.26,1.00,6,-1,-1
547,247,534.54,293.88,82.05,39.99,0.97,4,-1,-1
547,249,352.26,374.43,84.67,53.19,0.99,4,-1,-1
547,251,280.06,320.95,91.28,42.78,0.99,4,-1,-1
547,240,275.52,260.61,103.39,54.20,0.97,6,-1,-1
547,256,1021.67,293.48,80.86,35.30,0.93,4,-1,-1
547,257,504.44,276.65,76.88,40.74,0.57,5,-1,-1
547,245,338.62,277.82,104.98,55.85,0.14,4,-1,-1
547,255,1067.17,372.99,98.74,60.16,0.32,4,-1,-1
547,258,339.93,278.48,103.74,55.37,0.87,6,-1,-1
547,239,424.21,348.57,89.97,49.00,0.29,6,-1,-1
548,35,1060.70,645.62,141.31,116.76,0.98,4,-1,-1
548,36,324.84,662.50,187.90,100.50,0.99,4,-1,-1
548,135,328.04,600.87,142.40,97.30,0.99,4,-1,-1
548,9,671.93,355.55,91.22,124.08,0.62,6,-1,-1
548,208,886.38,510.08,138.29,84.53,1.00,5,-1,-1
548,221,824.57,568.66,34.16,54.20,0.93,10,-1,-1
548,222,827.32,556.03,27.39,50.50,0.99,2,-1,-1
548,237,417.13,304.01,108.12,67.22,0.97,6,-1,-1
548,238,564.74,594.97,80.46,130.79,1.00,4,-1,-1
548,246,671.18,532.64,104.50,184.60,1.00,6,-1,-1
548,247,531.57,291.97,82.54,40.13,0.99,4,-1,-1
548,249,350.14,372.26,86.26,53.30,0.99,4,-1,-1
548,251,281.63,319.24,92.33,43.61,0.99,4,-1,-1
548,240,268.99,255.84,143.10,59.08,0.89,6,-1,-1
548,256,1016.34,292.35,83.23,34.73,0.98,4,-1,-1
548,257,501.18,274.78,76.02,40.63,0.62,5,-1,-1
548,255,1071.87,372.25,95.55,58.51,0.57,4,-1,-1
548,239,428.41,348.34,100.16,50.07,0.44,6,-1,-1
548,259,549.42,316.54,79.40,38.85,0.90,4,-1,-1
549,35,1062.80,644.75,141.73,117.46,0.98,4,-1,-1
549,36,324.85,661.79,187.64,100.98,1.00,4,-1,-1
549,135,325.50,600.15,145.24,98.59,0.99,4,-1,-1
549,9,673.05,353.94,92.66,122.29,0.50,6,-1,-1
549,208,887.20,508.56,138.45,85.17,1.00,5,-1,-1
549,221,827.47,571.11,33.83,53.52,0.96,10,-1,-1
549,222,829.91,557.51,27.37,49.47,0.98,2,-1,-1
549,237,420.27,302.88,106.98,67.12,0.98,6,-1,-1
549,238,564.19,600.99,81.78,133.11,1.00,4,-1,-1
549,246,672.58,527.47,104.56,183.98,1.00,6,-1,-1
549,247,529.11,289.86,83.30,39.89,0.99,4,-1,-1
549,249,348.11,369.53,86.59,53.34,1.00,4,-1,-1
549,251,284.24,317.62,92.16,43.92,0.99,4,-1,-1
549,240,265.17,253.52,154.68,59.49,0.24,6,-1,-1
549,256,1011.74,290.35,84.08,34.24,0.98,4,-1,-1
549,257,498.05,273.01,80.50,40.00,0.74,5,-1,-1
549,255,1072.41,369.35,96.71,60.57,0.46,4,-1,-1
549,239,423.36,345.51,95.45,49.89,0.59,7,-1,-1
549,259,547.77,313.83,78.77,40.24,0.86,4,-1,-1
549,245,325.10,274.17,115.44,56.63,0.97,6,-1,-1
550,35,1064.60,643.81,141.87,118.29,0.98,4,-1,-1
550,36,323.83,660.58,188.21,101.76,1.00,4,-1,-1
550,135,327.31,598.39,142.92,99.06,0.99,4,-1,-1
550,9,675.12,364.33,90.40,108.13,0.16,6,-1,-1
550,208,887.99,506.54,139.62,85.97,1.00,5,-1,-1
550,221,829.61,572.78,33.66,53.24,0.98,10,-1,-1
550,222,831.89,559.09,27.36,49.06,0.91,2,-1,-1
550,237,423.13,300.99,105.56,67.64,0.99,6,-1,-1
550,238,563.65,606.40,82.80,135.59,1.00,4,-1,-1
550,246,673.85,522.25,104.61,182.04,1.00,6,-1,-1
550,247,525.68,287.22,85.28,40.09,0.98,4,-1,-1
550,249,346.12,366.24,86.71,53.64,0.99,4,-1,-1
550,251,286.40,315.56,92.35,44.31,0.99,4,-1,-1
550,240,261.99,252.60,120.09,56.57,0.88,6,-1,-1
550,256,1006.18,287.75,85.46,34.37,0.97,4,-1,-1
550,257,495.53,270.04,78.10,40.94,0.61,5,-1,-1
550,255,1075.35,367.29,95.98,58.76,0.92,4,-1,-1
550,239,426.65,343.24,95.34,51.30,0.15,6,-1,-1
550,259,545.12,311.22,79.97,40.18,0.92,4,-1,-1
550,245,317.78,271.25,121.46,57.38,0.97,6,-1,-1
551,35,1065.77,641.47,141.91,120.31,0.99,4,-1,-1
551,36,322.57,658.70,189.83,103.21,0.99,4,-1,-1
551,135,329.27,596.30,141.01,95.85,0.99,4,-1,-1
551,9,681.84,363.64,86.09,104.12,0.21,6,-1,-1
551,208,889.37,504.38,138.92,85.71,0.99,5,-1,-1
551,221,832.03,572.78,32.46,54.26,0.93,10,-1,-1
551,222,833.41,559.63,27.36,48.90,0.96,2,-1,-1
551,237,424.62,298.29,105.62,67.85,0.97,6,-1,-1
551,238,563.14,611.33,83.16,139.26,1.00,4,-1,-1
551,246,674.80,515.92,103.51,179.61,1.00,6,-1,-1
551,247,523.31,283.98,83.78,39.03,0.97,4,-1,-1
551,249,343.99,362.36,86.74,53.76,1.00,4,-1,-1
551,251,287.54,312.53,93.26,45.02,0.99,4,-1,-1
551,240,257.30,250.06,102.10,55.39,0.35,6,-1,-1
551,256,1001.98,284.69,83.70,34.72,0.99,4,-1,-1
551,257,492.96,267.27,82.40,39.57,0.77,5,-1,-1
551,255,1079.23,363.54,94.57,56.36,0.93,4,-1,-1
551,239,428.14,340.97,97.53,50.97,0.28,6,-1,-1
551,259,541.88,307.50,81.67,40.81,0.91,4,-1,-1
551,245,310.42,266.80,125.36,59.06,0.98,6,-1,-1
551,260,718.47,286.88,58.06,37.14,0.81,4,-1,-1
552,35,1067.29,638.64,141.89,122.18,0.98,4,-1,-1
552,36,321.66,656.84,190.40,104.90,1.00,4,-1,-1
552,135,329.71,594.10,140.96,94.59,0.99,4,-1,-1
552,208,889.89,502.20,138.62,85.03,0.99,5,-1,-1
552,221,835.20,574.42,30.27,53.51,0.99,10,-1,-1
552,222,834.80,560.07,27.35,49.96,0.96,2,-1,-1
552,237,427.45,296.18,106.21,68.48,0.97,6,-1,-1
552,238,563.03,616.92,83.24,141.14,1.00,4,-1,-1
552,246,676.01,509.21,103.11,177.55,1.00,6,-1,-1
552,247,520.06,280.17,84.31,40.05,0.96,4,-1,-1
552,249,341.98,358.87,87.02,52.95,1.00,4,-1,-1
552,251,289.30,309.74,93.57,45.00,0.99,4,-1,-1
552,240,252.86,246.92,92.96,54.66,0.37,6,-1,-1
552,256,996.10,281.38,85.19,34.86,0.99,4,-1,-1
552,257,489.37,263.05,78.86,40.78,0.54,5,-1,-1
552,255,1087.50,359.07,88.28,54.34,0.94,4,-1,-1
552,239,425.70,337.60,98.47,50.84,0.44,6,-1,-1
552,259,538.78,303.95,83.43,40.69,0.84,4,-1,-1
552,245,304.04,263.22,125.70,58.85,0.98,6,-1,-1
552,260,716.58,283.19,55.35,37.50,0.60,4,-1,-1
552,241,125.38,272.29,65.45,35.71,0.76,4,-1,-1
553,35,1069.01,635.73,141.91,122.34,0.99,4,-1,-1
553,36,319.10,652.63,193.60,108.95,1.00,4,-1,-1
553,135,330.48,590.04,139.99,93.58,1.00,4,-1,-1
553,208,890.65,497.57,138.53,85.35,0.99,5,-1,-1
553,221,836.30,572.01,30.01,53.78,0.99,10,-1,-1
553,222,835.84,557.77,27.91,50.36,0.99,2,-1,-1
553,237,430.15,291.67,105.77,69.01,0.99,6,-1,-1
553,238,561.82,620.40,84.94,141.83,1.00,4,-1,-1
553,246,678.08,500.47,101.88,177.41,1.00,6,-1,-1
553,247,516.59,275.04,83.96,39.59,0.99,4,-1,-1
553,249,339.77,352.77,87.14,52.94,1.00,4,-1,-1
553,251,291.61,304.85,93.13,45.27,0.99,4,-1,-1
553,240,248.25,241.46,89.31,54.96,0.29,6,-1,-1
553,256,991.85,275.70,85.74,35.21,0.99,4,-1,-1
553,257,486.33,258.34,80.94,40.10,0.67,5,-1,-1
553,255,1094.63,352.98,83.61,52.49,0.97,4,-1,-1
553,239,425.32,333.34,94.41,50.52,0.23,6,-1,-1
553,259,535.34,298.32,84.60,40.65,0.97,4,-1,-1
553,245,296.94,257.06,126.61,59.32,0.87,6,-1,-1
553,260,715.21,277.70,54.83,38.24,0.38,4,-1,-1
553,261,1084.32,231.16,191.25,97.33,0.74,6,-1,-1
554,35,1069.60,629.62,143.03,123.50,0.99,4,-1,-1
554,36,316.94,646.88,195.76,113.25,1.00,4,-1,-1
554,135,330.67,584.36,139.75,93.77,0.99,4,-1,-1
554,208,892.05,491.40,138.48,85.45,0.99,5,-1,-1
554,221,836.96,566.31,29.92,56.13,0.98,10,-1,-1
554,222,836.76,554.65,28.12,49.93,0.99,2,-1,-1
554,237,431.51,285.14,106.32,70.05,0.98,6,-1,-1
554,238,561.40,622.43,85.56,141.44,1.00,4,-1,-1
554,246,679.68,490.38,100.30,175.09,1.00,6,-1,-1
554,247,512.86,268.02,84.38,39.12,0.98,4,-1,-1
554,249,337.36,345.27,87.74,52.94,0.99,4,-1,-1
554,251,293.16,298.33,93.51,45.64,0.99,4,-1,-1
554,240,241.97,233.48,78.89,55.07,0.14,6,-1,-1
554,256,987.05,268.47,85.90,35.63,0.99,4,-1,-1
554,257,483.62,250.64,82.25,40.40,0.17,5,-1,-1
554,255,1097.01,345.15,83.18,55.09,0.95,4,-1,-1
554,259,532.47,290.53,87.32,41.52,0.98,4,-1,-1
554,245,289.18,249.25,127.99,59.48,0.94,6,-1,-1
554,260,719.09,270.84,50.61,38.80,0.35,4,-1,-1
555,35,1070.91,623.80,142.34,123.92,0.99,4,-1,-1
555,36,316.65,641.00,196.02,117.65,1.00,4,-1,-1
555,135,331.25,578.21,139.40,94.97,0.98,4,-1,-1
555,208,892.52,485.29,139.61,84.92,0.99,5,-1,-1
555,221,836.83,562.83,29.90,55.90,0.99,10,-1,-1
555,222,837.02,549.91,28.21,51.45,0.98,2,-1,-1
555,237,433.25,279.20,107.68,70.14,0.99,6,-1,-1
555,238,560.65,624.59,86.35,140.09,1.00,4,-1,-1
555,246,681.59,479.57,98.63,171.97,1.00,6,-1,-1
555,247,508.93,260.95,84.55,39.51,0.97,4,-1,-1
555,249,335.02,337.63,87.98,52.08,0.99,4,-1,-1
555,251,295.13,291.73,93.09,45.49,1.00,4,-1,-1
555,256,982.00,261.11,85.93,35.22,0.99,4,-1,-1
555,257,479.79,243.74,88.39,39.94,0.40,5,-1,-1
555,255,1098.89,338.59,84.25,55.73,0.96,4,-1,-1
555,259,530.88,282.75,85.95,41.53,0.98,4,-1,-1
555,245,281.86,240.49,128.20,60.08,0.81,6,-1,-1
555,260,684.87,262.84,84.39,46.26,0.57,4,-1,-1
556,35,1072.10,616.69,142.00,124.09,0.99,4,-1,-1
556,36,317.15,632.76,196.29,122.69,1.00,4,-1,-1
556,135,332.76,570.17,138.51,94.34,0.99,4,-1,-1
556,208,893.49,477.21,139.97,85.31,0.99,5,-1,-1
556,221,837.81,559.30,28.72,54.10,0.98,10,-1,-1
556,222,837.59,544.48,27.65,52.02,0.96,2,-1,-1
556,237,435.90,271.33,108.73,69.92,0.99,6,-1,-1
556,238,560.08,625.46,86.55,138.95,1.00,4,-1,-1
556,246,683.10,467.82,97.40,169.13,1.00,6,-1,-1
556,247,505.40,251.71,84.02,39.96,0.99,4,-1,-1
556,249,332.92,328.13,88.31,52.35,1.00,4,-1,-1
556,251,296.93,283.29,93.73,46.29,0.99,4,-1,-1
556,256,977.78,253.07,85.88,34.52,0.99,4,-1,-1
556,257,477.18,235.41,86.81,40.08,0.34,5,-1,-1
556,255,1102.60,329.88,83.51,59.43,0.94,4,-1,-1
556,259,529.93,273.69,84.73,41.25,0.95,4,-1,-1
556,245,274.99,232.25,126.49,59.78,0.88,6,-1,-1
556,260,674.35,253.36,94.18,50.16,0.70,4,-1,-1
556,262,1082.61,209.18,189.54,96.91,0.77,6,-1,-1
557,35,1072.78,608.56,143.02,125.81,0.99,4,-1,-1
557,36,316.52,625.71,196.66,124.59,1.00,4,-1,-1
557,135,331.90,562.37,139.33,94.64,0.99,4,-1,-1
557,208,894.09,469.32,140.12,86.00,0.99,5,-1,-1
557,221,837.51,553.33,28.87,55.10,0.99,10,-1,-1
557,222,837.16,539.77,28.58,51.66,0.98,2,-1,-1
557,237,437.31,263.16,109.70,72.34,0.99,6,-1,-1
557,238,559.02,627.24,87.18,137.32,1.00,4,-1,-1
557,246,683.86,456.78,97.01,166.96,1.00,6,-1,-1
557,247,501.28,242.77,83.82,39.27,0.99,4,-1,-1
557,249,330.60,319.00,87.87,51.88,0.99,4,-1,-1
557,251,299.04,275.22,93.97,46.01,0.99,4,-1,-1
557,256,973.21,244.64,85.83,33.96,0.98,4,-1,-1
557,257,472.83,226.82,87.25,40.12,0.30,5,-1,-1
557,255,1103.51,322.04,84.44,60.52,0.96,4,-1,-1
557,259,523.85,264.68,88.31,41.71,0.99,4,-1,-1
557,245,267.21,223.31,126.33,60.19,0.95,6,-1,-1
557,260,668.16,243.85,100.08,54.67,0.63,4,-1,-1
557,262,1082.35,200.57,191.02,96.66,0.85,6,-1,-1
558,35,1074.20,601.68,143.40,125.29,0.99,4,-1,-1
558,36,316.57,618.21,197.76,125.24,1.00,4,-1,-1
558,135,331.25,555.16,140.35,94.73,0.98,4,-1,-1
558,208,895.48,461.45,140.16,85.67,0.99,5,-1,-1
558,221,837.17,547.80,28.93,55.45,0.99,10,-1,-1
558,222,837.34,535.00,28.37,52.06,0.98,2,-1,-1
558,237,439.79,255.82,108.94,71.00,1.00,6,-1,-1
558,238,557.90,629.58,88.53,134.93,1.00,4,-1,-1
558,246,685.31,445.08,95.78,167.34,1.00,6,-1,-1
558,247,497.08,233.90,84.31,38.99,0.99,4,-1,-1
558,249,328.48,310.09,87.41,51.41,0.99,4,-1,-1
558,251,301.26,267.25,93.49,45.60,0.99,4,-1,-1
558,256,967.75,235.31,86.91,34.89,0.98,4,-1,-1
558,257,469.39,217.30,85.70,41.05,0.15,5,-1,-1
558,255,1106.07,313.22,84.82,59.82,0.97,4,-1,-1
558,259,520.34,255.50,89.02,41.86,0.99,4,-1,-1
558,245,259.51,215.60,125.94,58.91,0.92,6,-1,-1
558,260,666.93,235.55,97.85,51.44,0.85,4,-1,-1
558,262,1081.76,191.13,193.97,97.60,0.81,6,-1,-1
559,35,1075.25,593.72,143.53,126.76,0.99,4,-1,-1
559,36,316.78,611.13,198.00,125.98,0.99,4,-1,-1
559,135,332.30,547.36,139.75,94.77,0.99,4,-1,-1
559,208,895.98,452.85,141.30,86.67,0.98,5,-1,-1
559,221,836.14,542.25,29.53,55.58,0.99,10,-1,-1
559,222,836.80,529.46,28.84,52.20,0.98,2,-1,-1
559,237,442.91,248.26,109.20,68.75,0.98,6,-1,-1
559,238,556.11,630.77,91.80,133.42,1.00,4,-1,-1
559,246,686.66,433.34,94.78,168.81,1.00,6,-1,-1
559,247,492.81,225.09,83.92,39.74,0.98,4,-1,-1
559,249,326.08,300.72,87.80,51.52,1.00,4,-1,-1
559,251,302.18,259.33,94.70,45.43,0.99,4,-1,-1
559,256,963.62,226.77,86.17,34.39,0.99,4,-1,-1
559,257,465.68,207.26,82.81,42.52,0.13,5,-1,-1
559,255,1110.90,304.29,82.70,58.97,0.97,4,-1,-1
559,259,516.60,246.30,90.38,42.77,0.99,4,-1,-1
559,245,252.09,206.69,128.57,59.25,0.92,6,-1,-1
559,260,666.00,225.59,97.33,51.22,0.67,4,-1,-1
559,262,1080.66,181.28,204.13,99.20,0.89,6,-1,-1
559,263,1043.34,327.00,18.78,41.41,0.80,1,-1,-1
560,35,1076.74,586.52,143.59,127.31,0.99,4,-1,-1
560,36,316.66,603.17,198.50,127.34,1.00,4,-1,-1
560,135,330.78,539.67,141.66,94.22,0.99,4,-1,-1
560,208,896.70,445.42,141.73,86.48,0.99,5,-1,-1
560,221,835.44,536.74,29.20,56.19,0.98,10,-1,-1
560,222,836.27,524.23,29.02,51.68,0.97,2,-1,-1
560,237,445.06,240.65,108.75,69.04,0.99,6,-1,-1
560,238,554.84,632.99,94.15,131.14,0.99,4,-1,-1
560,246,687.92,421.49,93.89,167.43,1.00,6,-1,-1
560,247,487.86,215.84,84.35,39.25,0.99,4,-1,-1
560,249,323.49,291.49,88.24,51.57,1.00,4,-1,-1
560,251,304.50,251.17,94.60,45.36,1.00,4,-1,-1
560,256,958.29,217.95,86.99,34.49,0.99,4,-1,-1
560,255,1112.00,295.33,84.26,59.50,0.98,4,-1,-1
560,259,512.41,237.41,92.55,42.54,0.99,4,-1,-1
560,245,244.65,192.60,133.18,64.40,0.76,6,-1,-1
560,260,665.40,216.82,95.72,54.46,0.67,5,-1,-1
560,262,1079.66,172.50,199.86,98.72,0.86,6,-1,-1
560,263,1043.77,320.64,18.79,40.76,0.80,1,-1,-1
561,35,1078.42,579.57,143.56,127.46,0.99,4,-1,-1
561,36,318.58,595.62,197.20,128.90,0.99,4,-1,-1
561,135,333.68,532.27,139.37,94.56,0.99,4,-1,-1
561,208,898.15,437.88,141.85,86.38,1.00,5,-1,-1
561,221,834.09,534.86,29.06,53.02,0.97,10,-1,-1
561,222,836.14,518.80,27.95,50.33,0.97,2,-1,-1
561,237,446.83,232.36,109.68,72.25,0.98,6,-1,-1
561,238,553.17,636.09,96.10,127.95,1.00,4,-1,-1
561,246,689.04,410.17,93.57,167.19,1.00,6,-1,-1
561,247,482.65,206.90,86.18,38.98,0.99,4,-1,-1
561,249,321.29,282.07,88.09,51.59,1.00,4,-1,-1
561,251,306.97,242.97,94.52,45.04,0.99,4,-1,-1
561,256,953.15,209.25,88.39,35.09,0.99,4,-1,-1
561,255,1114.06,286.14,84.82,58.00,0.98,4,-1,-1
561,259,508.88,228.83,93.32,42.14,0.99,4,-1,-1
561,245,237.87,186.61,127.92,60.54,0.43,6,-1,-1
561,260,666.25,208.08,95.81,55.29,0.16,4,-1,-1
561,262,1078.10,162.92,205.37,100.96,0.86,6,-1,-1
561,263,1042.66,309.77,18.79,44.60,0.76,1,-1,-1
561,257,458.74,189.40,79.54,42.34,0.50,5,-1,-1
562,35,1079.68,572.81,144.74,128.08,0.99,4,-1,-1
562,36,320.30,588.77,195.92,130.57,1.00,4,-1,-1
562,135,333.63,525.45,139.84,95.84,0.98,4,-1,-1
562,208,899.26,430.61,141.94,86.34,1.00,5,-1,-1
562,221,831.88,529.39,30.74,54.67,0.98,10,-1,-1
562,222,836.06,514.26,26.98,49.24,0.95,2,-1,-1
562,237,450.06,224.67,108.95,72.61,0.97,6,-1,-1
562,238,552.75,640.03,96.87,124.50,0.99,4,-1,-1
562,246,689.92,399.54,93.55,167.04,1.00,6,-1,-1
562,247,477.28,198.08,86.91,38.95,0.98,4,-1,-1
562,249,318.49,272.78,88.35,51.60,1.00,4,-1,-1
562,251,308.46,235.07,94.81,44.63,0.99,4,-1,-1
562,256,949.13,200.08,87.81,35.60,0.99,4,-1,-1
562,255,1118.77,277.06,83.95,58.28,0.95,4,-1,-1
562,259,506.66,220.22,91.92,41.41,0.99,4,-1,-1
562,245,229.23,177.21,132.07,60.97,0.22,6,-1,-1
562,260,666.48,198.69,92.35,54.14,0.98,4,-1,-1
562,262,1077.03,154.89,214.36,99.76,0.79,9,-1,-1
562,263,1040.74,302.61,18.80,45.58,0.53,1,-1,-1
562,257,454.88,180.20,82.96,42.03,0.43,5,-1,-1
563,35,1081.13,573.98,145.16,128.86,0.99,4,-1,-1
563,36,319.64,590.67,196.66,130.61,0.99,4,-1,-1
563,135,335.13,526.54,138.15,96.32,0.97,4,-1,-1
563,208,900.70,430.90,141.94,86.75,1.00,5,-1,-1
563,221,829.60,532.66,31.35,54.70,0.98,10,-1,-1
563,222,835.06,517.02,26.61,49.99,0.99,2,-1,-1
563,237,453.15,224.91,108.65,73.30,0.94,6,-1,-1
563,238,551.73,652.25,97.66,114.57,0.99,4,-1,-1
563,246,691.00,396.44,92.98,163.45,0.98,6,-1,-1
563,247,471.98,196.60,86.03,38.30,0.99,4,-1,-1
563,249,316.53,271.18,87.58,51.04,0.99,4,-1,-1
563,251,310.78,234.39,94.61,44.48,1.00,4,-1,-1
563,256,944.93,198.72,87.55,36.36,0.99,4,-1,-1
563,255,1123.19,275.61,82.49,60.10,0.95,4,-1,-1
563,259,507.07,218.75,89.04,40.85,0.99,4,-1,-1
563,245,226.34,179.82,124.07,56.89,0.23,6,-1,-1
563,260,667.47,197.16,88.94,55.90,0.82,4,-1,-1
563,262,1076.03,153.69,211.72,99.88,0.86,6,-1,-1
563,263,1038.76,305.60,18.79,44.82,0.53,1,-1,-1
563,257,451.58,179.16,84.67,41.43,0.36,5,-1,-1
564,35,1083.85,576.76,145.29,129.15,0.99,4,-1,-1
564,36,320.21,592.54,196.07,131.15,0.99,4,-1,-1
564,135,336.22,528.38,136.93,96.51,0.99,4,-1,-1
564,208,901.75,431.65,143.05,87.20,0.99,5,-1,-1
564,221,827.28,538.11,32.14,52.45,0.91,10,-1,-1
564,222,833.79,521.15,25.32,48.56,0.96,2,-1,-1
564,237,455.91,225.89,108.52,72.43,0.93,6,-1,-1
564,238,549.37,665.99,99.58,101.45,0.95,4,-1,-1
564,246,691.89,393.92,92.22,163.43,0.99,6,-1,-1
564,247,465.88,196.26,87.38,39.07,0.99,4,-1,-1
564,249,314.03,270.52,88.13,51.13,0.99,4,-1,-1
564,251,313.42,235.01,93.95,44.43,1.00,4,-1,-1
564,256,938.44,198.89,89.68,37.35,0.99,4,-1,-1
564,255,1126.42,275.21,81.96,60.50,0.95,4,-1,-1
564,259,503.65,218.21,90.20,41.30,0.99,4,-1,-1
564,245,219.65,179.96,123.70,56.40,0.52,6,-1,-1
564,260,667.00,197.17,85.69,63.93,0.58,4,-1,-1
564,262,1073.96,152.71,217.41,100.72,0.89,6,-1,-1
564,257,447.65,178.84,92.04,41.78,0.20,5,-1,-1
564,264,834.16,298.61,49.52,57.20,0.80,4,-1,-1
565,35,1085.95,578.43,145.32,130.38,1.00,4,-1,-1
565,36,321.21,594.65,195.55,131.89,0.99,4,-1,-1
565,135,335.98,529.36,137.63,98.29,0.98,4,-1,-1
565,208,903.22,432.84,142.34,87.38,1.00,5,-1,-1
565,221,824.14,542.65,34.66,51.59,0.60,10,-1,-1
565,222,831.81,524.92,26.02,50.32,0.98,2,-1,-1
565,237,458.81,227.39,108.48,73.51,0.93,6,-1,-1
565,238,548.98,679.97,99.16,87.18,0.91,4,-1,-1
565,246,693.29,391.73,91.96,162.34,1.00,6,-1,-1
565,247,459.77,196.31,89.57,38.94,0.99,4,-1,-1
565,249,311.44,270.32,88.34,50.90,1.00,4,-1,-1
565,251,315.58,236.10,93.42,45.00,0.99,4,-1,-1
565,256,932.24,199.30,90.48,38.71,0.99,4,-1,-1
565,255,1128.65,274.86,82.93,60.38,0.97,4,-1,-1
565,259,500.47,218.13,90.05,41.12,0.99,4,-1,-1
565,260,667.34,196.90,81.99,68.66,0.35,4,-1,-1
565,262,1072.68,152.50,220.55,101.25,0.88,6,-1,-1
565,257,443.45,178.69,92.08,42.27,0.57,5,-1,-1
565,265,822.20,544.72,36.71,49.52,0.60,10,-1,-1
566,35,1087.92,579.80,146.47,130.84,0.99,4,-1,-1
566,36,320.64,597.33,196.64,131.01,0.99,4,-1,-1
566,135,336.07,531.62,137.49,98.40,0.97,4,-1,-1
566,208,904.96,433.90,143.20,87.87,1.00,5,-1,-1
566,221,820.88,546.71,37.25,51.28,0.88,10,-1,-1
566,222,829.49,529.27,26.84,50.40,1.00,2,-1,-1
566,237,461.54,228.70,108.48,73.35,0.96,6,-1,-1
566,238,549.78,694.85,98.40,71.30,0.91,4,-1,-1
566,246,694.41,389.83,90.76,163.13,1.00,6,-1,-1
566,247,453.72,196.35,88.72,38.54,0.99,4,-1,-1
566,249,309.03,269.79,87.86,51.10,1.00,4,-1,-1
566,251,318.19,236.72,93.51,45.77,1.00,4,-1,-1
566,256,926.21,200.36,90.76,38.40,0.98,4,-1,-1
566,255,1131.18,274.24,83.31,61.18,0.97,4,-1,-1
566,259,496.87,217.76,89.97,41.05,0.99,4,-1,-1
566,260,668.05,197.93,78.71,74.55,0.18,4,-1,-1
566,262,1071.21,153.43,219.35,100.64,0.84,6,-1,-1
566,257,439.21,179.00,89.80,41.76,0.50,5,-1,-1
566,265,819.82,548.59,38.79,48.89,0.58,10,-1,-1
566,266,182.39,222.84,88.26,41.84,0.90,4,-1,-1
567,35,1090.15,581.05,146.89,132.08,0.99,4,-1,-1
567,36,321.67,599.44,195.75,131.71,0.99,4,-1,-1
567,135,336.19,533.58,137.57,98.96,0.98,4,-1,-1
567,208,906.57,435.38,143.50,88.02,0.99,5,-1,-1
567,221,817.32,551.18,39.89,51.17,0.61,10,-1,-1
567,222,826.53,533.58,26.59,52.12,0.98,2,-1,-1
567,237,464.37,230.35,109.03,72.96,0.92,6,-1,-1
567,238,551.19,709.71,97.50,56.18,0.81,4,-1,-1
567,246,695.23,387.53,90.92,161.15,1.00,6,-1,-1
567,247,446.99,196.43,88.36,38.38,0.99,4,-1,-1
567,249,306.03,269.68,88.80,51.16,0.99,4,-1,-1
567,251,320.45,237.99,93.53,46.33,0.99,4,-1,-1
567,256,922.82,200.79,88.58,39.37,0.99,4,-1,-1
567,255,1133.53,274.00,83.46,61.18,0.97,4,-1,-1
567,259,491.29,217.27,92.75,41.86,0.99,4,-1,-1
567,260,662.60,197.34,82.59,66.25,0.28,4,-1,-1
567,262,1069.36,154.32,222.12,100.28,0.75,6,-1,-1
567,257,435.96,180.05,89.41,39.55,0.19,5,-1,-1
567,265,816.15,551.40,41.78,50.75,0.61,10,-1,-1
567,266,182.16,222.45,91.07,42.90,0.92,4,-1,-1
567,263,1026.11,298.49,28.35,55.63,0.66,1,-1,-1
568,35,1092.02,582.58,147.06,133.07,0.99,4,-1,-1
568,36,323.68,601.11,193.73,133.61,1.00,4,-1,-1
568,135,336.13,535.49,137.07,99.14,0.97,4,-1,-1
568,208,907.07,437.03,144.75,88.05,1.00,5,-1,-1
568,221,812.91,554.99,43.08,51.71,0.39,10,-1,-1
568,222,823.37,537.64,27.07,53.32,0.99,2,-1,-1
568,237,468.04,232.83,106.99,66.57,0.34,6,-1,-1
568,238,553.97,724.56,94.31,40.15,0.68,4,-1,-1
568,246,695.98,385.53,91.03,159.43,1.00,6,-1,-1
568,247,439.40,196.60,88.78,38.52,0.99,4,-1,-1
568,249,302.74,268.88,90.01,51.75,1.00,4,-1,-1
568,251,322.93,238.81,94.12,47.93,0.99,4,-1,-1
568,256,921.11,200.66,85.45,39.71,0.99,4,-1,-1
568,255,1135.92,274.02,83.55,60.31,0.98,4,-1,-1
568,259,486.92,216.65,93.79,42.51,1.00,4,-1,-1
568,260,661.12,197.27,85.10,77.43,0.14,4,-1,-1
568,262,1068.05,154.83,221.96,100.32,0.79,6,-1,-1
568,257,431.05,180.36,90.95,38.85,0.47,5,-1,-1
568,265,811.50,556.39,44.74,50.04,0.70,10,-1,-1
568,266,189.21,221.33,87.15,44.75,0.85,4,-1,-1
569,35,1094.26,584.13,147.00,133.99,0.99,4,-1,-1
569,36,322.19,602.44,195.27,135.99,0.99,4,-1,-1
569,135,334.59,536.66,138.50,100.34,0.97,4,-1,-1
569,208,907.80,437.80,145.12,88.64,1.00,5,-1,-1
569,221,808.50,560.06,44.30,50.20,0.66,10,-1,-1
569,222,818.84,541.97,27.22,55.43,0.97,2,-1,-1
569,237,470.99,234.26,107.30,71.43,0.93,6,-1,-1
569,238,553.39,740.62,94.72,23.93,0.14,4,-1,-1
569,246,696.90,383.74,90.44,159.23,1.00,6,-1,-1
569,247,433.06,196.49,87.76,39.30,0.99,4,-1,-1
569,249,300.07,268.36,90.41,51.70,1.00,4,-1,-1
569,251,325.65,239.57,94.56,48.83,0.99,4,-1,-1
569,256,919.65,201.58,81.91,37.89,0.99,4,-1,-1
569,255,1139.53,273.80,83.53,59.42,0.98,4,-1,-1
569,259,482.26,215.98,96.36,42.91,1.00,4,-1,-1
569,260,660.35,196.95,87.06,78.82,0.39,6,-1,-1
569,262,1067.10,156.44,223.91,99.44,0.84,6,-1,-1
569,257,427.23,180.17,90.48,39.05,0.47,5,-1,-1
569,265,806.59,561.56,46.27,49.09,0.66,10,-1,-1
569,266,186.53,220.99,93.61,46.35,0.78,4,-1,-1
570,35,1096.22,586.37,148.15,134.87,0.99,4,-1,-1
570,36,320.54,603.88,196.89,136.30,0.99,4,-1,-1
570,135,333.48,538.04,139.23,100.78,0.97,4,-1,-1
570,208,908.02,438.35,146.43,89.97,1.00,5,-1,-1
570,221,802.15,565.86,48.03,49.07,0.84,10,-1,-1
570,222,814.33,545.78,27.30,56.24,0.99,2,-1,-1
570,237,473.27,236.20,108.02,76.15,0.97,6,-1,-1
570,246,697.42,384.79,90.86,155.08,1.00,6,-1,-1
570,247,426.05,196.65,86.95,40.01,0.99,4,-1,-1
570,249,297.15,268.13,91.14,51.68,0.99,4,-1,-1
570,251,328.40,240.75,94.19,49.15,1.00,4,-1,-1
570,256,915.22,201.53,80.64,38.37,0.98,4,-1,-1
570,255,1143.05,273.09,83.57,61.07,0.96,4,-1,-1
570,259,477.96,216.28,96.22,43.12,1.00,4,-1,-1
570,260,652.55,197.31,90.00,56.95,0.83,4,-1,-1
570,262,1065.63,155.54,225.76,100.37,0.83,6,-1,-1
570,257,422.81,180.36,87.33,38.63,0.13,5,-1,-1
570,265,801.95,566.55,47.33,48.14,0.64,3,-1,-1
570,266,191.71,221.47,91.72,45.88,0.80,4,-1,-1
571,35,1097.92,589.17,148.56,134.62,0.99,4,-1,-1
571,36,319.14,605.51,198.19,135.24,0.99,4,-1,-1
571,135,333.56,539.65,138.08,101.49,0.96,4,-1,-1
571,208,908.54,439.42,146.89,90.47,1.00,5,-1,-1
571,221,796.39,568.42,50.54,49.82,0.31,10,-1,-1
571,222,809.77,550.20,27.32,55.97,0.99,2,-1,-1
571,237,476.23,238.07,108.28,76.31,0.99,6,-1,-1
571,246,697.49,385.49,91.03,151.40,1.00,6,-1,-1
571,247,418.89,196.89,87.06,40.14,0.99,4,-1,-1
571,249,294.26,267.82,91.12,51.67,1.00,4,-1,-1
571,251,330.44,241.92,94.89,49.54,1.00,4,-1,-1
571,256,906.20,201.29,84.81,38.96,0.99,4,-1,-1
571,255,1146.43,273.33,83.58,59.99,0.95,4,-1,-1
571,259,474.70,215.75,97.81,43.75,0.98,4,-1,-1
571,260,647.08,196.77,93.84,47.53,0.95,4,-1,-1
571,262,1064.47,156.12,230.86,100.42,0.71,6,-1,-1
571,265,794.78,568.66,51.70,50.27,0.77,10,-1,-1
571,266,192.70,219.54,94.32,48.40,0.54,4,-1,-1
571,267,1062.97,157.74,230.52,99.47,0.65,6,-1,-1
572,35,1099.54,591.58,148.68,134.47,0.99,4,-1,-1
572,36,319.09,608.60,198.22,135.89,0.99,4,-1,-1
572,135,331.94,541.35,139.61,103.41,0.93,4,-1,-1
572,208,909.78,439.81,147.02,91.75,0.99,5,-1,-1
572,221,789.79,572.66,53.11,48.96,0.37,10,-1,-1
572,222,803.84,554.57,27.89,55.83,0.97,2,-1,-1
572,237,478.67,240.06,108.36,74.64,0.97,6,-1,-1
572,246,698.89,386.74,89.96,146.61,1.00,6,-1,-1
572,247,411.49,197.20,87.23,40.60,0.99,4,-1,-1
572,249,290.78,267.64,91.65,51.66,0.99,4,-1,-1
572,251,333.14,243.39,95.13,50.23,0.99,4,-1,-1
572,256,899.60,201.82,86.30,36.65,0.99,4,-1,-1
572,255,1149.76,273.06,83.58,60.42,0.96,4,-1,-1
572,259,471.09,216.33,98.36,43.42,0.99,4,-1,-1
572,260,642.04,196.67,94.70,44.17,0.86,4,-1,-1
572,262,1061.76,156.56,231.56,100.14,0.84,6,-1,-1
572,265,787.98,573.40,54.38,49.24,0.80,10,-1,-1
572,266,195.86,220.85,93.68,47.78,0.90,4,-1,-1
573,35,1101.46,593.27,148.75,135.51,0.99,4,-1,-1
573,36,318.65,611.23,199.39,132.15,0.98,4,-1,-1
573,135,331.88,543.45,140.07,104.68,0.94,4,-1,-1
573,208,910.41,441.33,148.22,92.21,1.00,5,-1,-1
573,221,782.31,576.66,57.34,48.64,0.31,10,-1,-1
573,222,798.22,558.92,28.67,55.76,0.99,2,-1,-1
573,237,481.85,241.78,107.85,73.97,0.99,6,-1,-1
573,246,700.09,391.07,89.04,140.30,1.00,6,-1,-1
573,247,403.77,197.43,88.87,41.39,0.99,4,-1,-1
573,249,287.53,267.52,91.86,51.65,1.00,4,-1,-1
573,251,335.85,244.68,95.52,51.03,1.00,4,-1,-1
573,256,886.17,201.40,94.78,38.77,0.99,4,-1,-1
573,255,1152.79,273.33,83.60,57.17,0.98,4,-1,-1
573,259,468.54,216.53,96.88,43.48,1.00,4,-1,-1
573,260,637.28,196.65,92.75,42.21,0.94,4,-1,-1
573,262,1059.82,157.14,238.51,100.08,0.81,6,-1,-1
573,265,781.51,576.14,57.03,48.25,0.98,10,-1,-1
573,266,195.93,219.31,96.95,50.03,0.85,4,-1,-1
573,268,845.68,327.00,41.41,53.36,0.74,4,-1,-1
573,269,1058.71,157.20,240.77,100.64,0.80,6,-1,-1
574,35,1103.06,594.94,149.87,136.45,0.99,4,-1,-1
574,36,315.50,613.76,202.35,130.69,0.98,4,-1,-1
574,135,330.86,545.79,140.80,102.34,0.96,4,-1,-1
574,208,911.56,443.24,147.51,91.82,1.00,5,-1,-1
574,221,776.27,580.80,58.46,46.83,0.28,10,-1,-1
574,222,792.92,562.90,28.41,56.85,0.99,2,-1,-1
574,237,485.06,242.59,106.52,72.00,0.99,6,-1,-1
574,246,700.91,392.81,88.13,137.37,1.00,6,-1,-1
574,247,396.58,198.15,87.93,41.13,0.99,4,-1,-1
574,249,284.01,267.55,93.05,51.65,0.99,4,-1,-1
574,251,338.90,245.91,95.37,51.60,1.00,4,-1,-1
574,256,881.59,201.71,93.57,38.33,0.98,4,-1,-1
574,255,1155.92,273.43,83.61,55.64,0.96,4,-1,-1
574,259,465.61,216.91,96.26,42.17,0.99,4,-1,-1
574,260,633.79,197.37,85.69,41.30,0.82,4,-1,-1
574,262,1058.41,157.70,233.25,99.99,0.78,6,-1,-1
574,265,774.80,580.42,59.63,47.31,0.76,10,-1,-1
574,266,196.55,219.46,99.61,50.62,0.74,4,-1,-1
575,35,1104.82,596.91,150.29,136.79,0.99,4,-1,-1
575,36,314.01,615.49,203.59,135.27,0.99,4,-1,-1
575,135,330.17,547.75,140.92,102.55,0.95,4,-1,-1
575,208,913.20,444.78,147.22,91.65,1.00,5,-1,-1
575,221,768.90,582.99,61.01,47.91,0.20,10,-1,-1
575,222,787.45,566.81,28.86,56.69,0.97,2,-1,-1
575,237,487.68,243.83,107.16,71.25,0.95,6,-1,-1
575,246,701.28,395.36,87.81,133.07,1.00,6,-1,-1
575,247,389.25,198.58,88.26,41.02,0.99,4,-1,-1
575,249,280.77,267.31,93.20,51.65,1.00,4,-1,-1
575,251,341.63,247.33,95.31,52.37,1.00,4,-1,-1
575,256,875.75,201.91,94.12,38.22,0.99,4,-1,-1
575,255,1159.91,273.33,83.62,54.81,0.97,4,-1,-1
575,259,461.92,217.35,96.58,41.37,1.00,4,-1,-1
575,260,629.92,198.68,82.85,39.84,0.97,4,-1,-1
575,262,1056.36,158.68,233.30,99.60,0.74,6,-1,-1
575,265,768.59,582.98,61.13,46.98,0.94,10,-1,-1
575,266,197.96,220.41,101.41,50.51,0.91,4,-1,-1
576,35,1106.97,599.24,150.43,136.91,0.99,4,-1,-1
576,36,310.58,616.84,206.71,136.41,0.99,4,-1,-1
576,135,329.29,549.19,141.68,103.75,0.94,4,-1,-1
576,208,913.63,446.38,148.23,92.15,1.00,5,-1,-1
576,221,762.37,587.04,63.06,46.04,0.38,10,-1,-1
576,222,781.67,570.60,29.03,57.74,0.98,2,-1,-1
576,237,489.51,245.71,111.94,74.12,0.95,6,-1,-1
576,246,701.21,398.12,88.29,128.28,1.00,6,-1,-1
576,247,381.89,198.70,87.96,41.34,0.99,4,-1,-1
576,249,276.79,267.12,93.81,51.37,1.00,4,-1,-1
576,251,344.21,248.58,95.57,52.93,0.99,4,-1,-1
576,256,870.23,201.82,94.31,40.10,0.99,4,-1,-1
576,255,1162.29,273.24,84.76,55.11,0.96,4,-1,-1
576,259,457.65,217.28,96.68,41.37,0.99,4,-1,-1
576,260,624.18,199.43,81.23,38.56,0.99,4,-1,-1
576,262,1054.38,158.11,236.65,100.60,0.84,6,-1,-1
576,265,761.46,586.89,63.29,46.30,0.81,10,-1,-1
576,266,200.29,220.95,103.39,49.86,0.85,4,-1,-1
577,35,1108.86,602.06,150.43,136.89,0.98,4,-1,-1
577,36,310.09,619.86,207.53,129.46,0.99,4,-1,-1
577,135,328.63,551.15,141.35,104.17,0.96,4,-1,-1
577,208,913.82,447.59,149.69,92.30,1.00,5,-1,-1
577,222,776.33,574.20,28.51,56.42,1.00,2,-1,-1
577,237,492.53,248.75,114.81,74.04,0.97,6,-1,-1
577,246,701.84,398.03,88.47,126.67,1.00,6,-1,-1
577,247,374.75,199.03,88.11,41.72,0.99,4,-1,-1
577,249,273.50,267.20,94.85,51.26,1.00,4,-1,-1
577,251,347.14,250.28,96.34,53.39,0.99,4,-1,-1
577,256,865.34,202.77,94.04,41.33,0.98,4,-1,-1
577,255,1165.89,273.76,85.17,54.65,0.99,4,-1,-1
577,259,453.53,217.68,97.81,41.93,1.00,4,-1,-1
577,260,619.78,201.38,79.45,36.29,0.98,4,-1,-1
577,262,1052.58,158.53,232.18,101.02,0.88,6,-1,-1
577,266,202.06,221.60,105.61,49.56,0.97,4,-1,-1
578,35,1111.34,605.05,150.45,137.44,0.99,4,-1,-1
578,36,307.70,622.98,209.82,128.47,0.99,4,-1,-1
578,135,328.96,553.01,140.68,104.31,0.98,4,-1,-1
578,208,915.08,449.41,150.26,91.78,0.99,5,-1,-1
578,222,770.85,578.25,28.32,55.33,0.99,2,-1,-1
578,237,494.16,251.69,117.04,72.30,0.95,6,-1,-1
578,246,702.10,399.59,88.57,124.32,1.00,6,-1,-1
578,247,367.50,199.85,88.17,41.29,0.99,4,-1,-1
578,249,269.68,267.26,95.81,50.93,1.00,4,-1,-1
578,251,350.54,252.29,95.66,52.71,0.99,4,-1,-1
578,256,861.25,203.23,93.08,40.13,0.98,4,-1,-1
578,255,1168.39,273.91,87.60,55.65,0.99,4,-1,-1
578,259,449.30,218.11,98.80,42.43,0.99,4,-1,-1
578,260,614.63,202.32,78.81,35.57,0.98,4,-1,-1
578,262,1050.94,158.84,236.08,101.38,0.90,6,-1,-1
578,266,206.15,222.86,105.30,48.86,0.99,4,-1,-1
578,257,386.59,185.53,81.69,36.63,0.65,5,-1,-1
578,221,749.22,594.50,65.59,45.34,0.92,10,-1,-1
579,35,1113.24,605.99,150.46,138.74,1.00,4,-1,-1
579,36,305.61,625.47,209.83,130.38,0.99,4,-1,-1
579,135,327.45,555.04,142.28,105.47,0.98,4,-1,-1
579,208,915.97,450.82,150.47,91.56,0.99,5,-1,-1
579,222,764.60,581.81,28.82,55.48,0.99,2,-1,-1
579,237,496.77,254.11,117.88,74.19,0.92,6,-1,-1
579,246,702.34,397.31,88.64,124.33,1.00,6,-1,-1
579,247,359.93,200.21,89.19,41.61,0.99,4,-1,-1
579,249,266.24,267.28,96.73,50.52,1.00,4,-1,-1
579,251,353.42,253.84,95.26,52.98,0.99,4,-1,-1
579,256,855.28,203.54,92.69,39.28,0.99,4,-1,-1
579,255,1171.34,274.00,88.52,54.60,0.99,4,-1,-1
579,259,444.87,218.31,99.73,43.10,0.99,4,-1,-1
579,260,609.32,202.58,79.15,35.96,0.99,4,-1,-1
579,262,1049.11,159.34,235.26,101.27,0.88,6,-1,-1
579,266,210.33,222.90,104.69,49.13,0.99,4,-1,-1
579,257,386.38,184.77,78.88,38.03,0.55,5,-1,-1
579,221,743.29,597.59,64.09,44.74,0.70,10,-1,-1
579,270,741.52,599.36,64.03,42.69,0.67,10,-1,-1
580,35,1115.12,605.90,150.41,139.20,0.99,4,-1,-1
580,36,306.38,625.57,208.46,130.53,0.99,4,-1,-1
580,135,328.56,554.72,141.14,105.32,0.97,4,-1,-1
580,208,917.00,450.37,150.48,92.03,1.00,5,-1,-1
580,222,758.34,583.17,28.99,54.96,0.99,2,-1,-1
580,237,499.90,254.72,116.46,76.00,0.89,6,-1,-1
580,246,703.17,393.68,88.08,123.69,1.00,6,-1,-1
580,247,353.25,198.68,88.28,41.87,0.99,4,-1,-1
580,249,262.55,264.91,97.59,51.22,1.00,4,-1,-1
580,251,356.39,253.42,95.64,53.63,0.98,4,-1,-1
580,256,850.05,201.83,91.37,39.59,0.99,4,-1,-1
580,255,1174.16,272.18,88.83,54.78,0.98,4,-1,-1
580,259,441.36,216.39,99.47,43.70,0.99,4,-1,-1
580,260,604.62,201.41,78.70,35.33,0.99,4,-1,-1
580,262,1046.95,158.67,239.34,100.81,0.72,6,-1,-1
580,266,212.79,221.66,106.14,49.22,0.99,4,-1,-1
580,257,381.39,183.43,78.44,38.66,0.42,5,-1,-1
580,221,736.02,600.22,65.21,43.37,0.57,10,-1,-1
581,35,1116.16,605.51,151.52,140.52,0.99,4,-1,-1
581,36,307.98,625.74,205.80,131.19,0.99,4,-1,-1
581,135,328.44,554.17,140.99,105.84,0.97,4,-1,-1
581,208,918.31,449.83,150.49,91.67,1.00,5,-1,-1
581,222,750.85,584.05,29.61,56.47,0.99,2,-1,-1
581,237,501.89,254.34,114.76,77.26,0.93,6,-1,-1
581,246,704.11,390.85,87.31,121.86,1.00,6,-1,-1
581,247,345.66,196.68,88.64,42.40,0.99,4,-1,-1
581,249,258.90,262.76,98.19,50.66,1.00,4,-1,-1
581,251,358.44,253.08,96.50,53.32,0.99,4,-1,-1
581,256,843.90,200.18,91.15,39.37,1.00,4,-1,-1
581,255,1177.82,270.62,88.94,53.74,0.98,4,-1,-1
581,259,436.85,213.91,99.93,44.44,1.00,4,-1,-1
581,260,599.72,199.48,78.54,35.54,0.98,4,-1,-1
581,262,1044.96,157.34,243.10,100.25,0.54,6,-1,-1
581,266,216.82,219.91,104.63,48.97,0.99,4,-1,-1
581,257,376.20,181.93,79.61,38.91,0.52,5,-1,-1
581,221,729.02,599.87,65.07,44.61,0.65,10,-1,-1
582,35,1118.44,605.24,151.94,141.63,1.00,4,-1,-1
582,36,308.35,625.51,205.37,132.65,0.99,4,-1,-1
582,135,329.99,554.23,139.11,105.52,0.96,4,-1,-1
582,208,919.56,449.72,150.50,91.01,0.99,5,-1,-1
582,222,744.11,585.25,29.28,57.06,0.99,2,-1,-1
582,237,504.64,254.26,111.84,76.94,0.92,6,-1,-1
582,246,704.31,387.30,87.61,121.91,1.00,6,-1,-1
582,247,338.07,194.46,88.79,42.63,0.99,4,-1,-1
582,249,254.59,260.22,99.54,50.48,1.00,4,-1,-1
582,251,361.03,252.32,96.70,53.51,0.99,4,-1,-1
582,256,838.94,198.46,90.79,38.17,1.00,4,-1,-1
582,255,1181.68,268.46,91.24,54.55,0.98,4,-1,-1
582,259,433.01,211.32,100.52,44.54,0.98,4,-1,-1
582,260,594.82,197.18,79.08,35.95,0.98,4,-1,-1
582,262,1042.90,155.34,244.53,100.39,0.73,6,-1,-1
582,266,220.51,218.05,104.36,49.18,0.99,4,-1,-1
582,257,372.40,179.19,77.94,39.73,0.61,5,-1,-1
582,221,720.75,601.18,66.70,45.65,0.81,10,-1,-1
583,35,1119.78,605.30,153.21,141.98,0.99,4,-1,-1
583,36,308.25,625.43,205.88,134.83,0.99,4,-1,-1
583,135,331.30,553.44,137.82,105.90,0.96,4,-1,-1
583,208,920.00,448.51,151.60,91.85,1.00,5,-1,-1
583,222,735.86,586.98,30.28,56.13,0.99,2,-1,-1
583,237,506.48,253.86,111.85,77.89,0.90,6,-1,-1
583,246,704.69,385.66,87.73,120.68,1.00,6,-1,-1
583,247,330.33,192.29,89.97,42.89,0.99,4,-1,-1
583,249,250.54,257.46,101.98,50.96,0.99,4,-1,-1
583,251,363.70,251.14,96.76,54.38,0.98,4,-1,-1
583,256,833.89,196.41,90.64,37.19,0.99,4,-1,-1
583,255,1185.21,265.97,92.09,55.39,0.99,4,-1,-1
583,259,429.24,209.08,100.15,44.54,0.99,4,-1,-1
583,260,589.23,194.71,79.27,35.83,0.98,4,-1,-1
583,262,1041.00,153.08,248.34,100.39,0.73,6,-1,-1
583,266,224.05,216.53,103.93,48.09,0.99,4,-1,-1
583,257,366.94,177.52,79.04,39.67,0.86,4,-1,-1
583,221,713.10,602.42,67.31,46.59,0.94,10,-1,-1
584,35,1121.85,604.74,152.52,143.21,0.99,4,-1,-1
584,36,308.11,625.56,205.60,135.65,0.99,4,-1,-1
584,135,330.82,552.77,138.31,107.16,0.96,4,-1,-1
584,208,920.10,446.65,153.11,93.30,1.00,5,-1,-1
584,222,728.71,588.35,29.53,55.76,0.99,2,-1,-1
584,237,508.25,253.25,113.54,78.51,0.83,6,-1,-1
584,246,705.38,384.25,87.20,119.73,1.00,6,-1,-1
584,247,322.53,189.85,90.39,43.48,0.99,4,-1,-1
584,249,246.81,255.02,102.59,50.58,1.00,4,-1,-1
584,251,366.64,250.10,96.47,54.43,0.99,4,-1,-1
584,256,828.25,194.28,90.00,36.97,0.99,4,-1,-1
584,255,1188.64,263.29,93.49,55.73,0.98,4,-1,-1
584,259,424.78,206.29,100.68,45.10,1.00,4,-1,-1
584,260,583.65,191.47,81.61,36.75,0.98,4,-1,-1
584,262,1038.65,150.04,251.92,101.11,0.76,6,-1,-1
584,266,226.49,214.62,105.71,47.60,0.99,4,-1,-1
584,257,356.32,178.74,84.57,36.96,0.86,4,-1,-1
584,221,704.73,604.17,68.63,46.38,0.94,10,-1,-1
585,35,1124.24,604.29,152.24,144.19,0.99,4,-1,-1
585,36,306.97,625.45,206.62,136.47,0.99,4,-1,-1
585,135,328.10,552.37,140.78,107.60,0.98,4,-1,-1
585,208,921.22,445.76,153.66,93.82,1.00,5,-1,-1
585,222,720.54,590.29,29.79,55.61,1.00,2,-1,-1
585,237,510.78,253.14,112.48,79.28,0.71,6,-1,-1
585,246,705.59,384.06,87.59,116.70,1.00,6,-1,-1
585,247,314.88,187.66,90.82,43.48,0.99,4,-1,-1
585,249,242.84,251.92,103.91,51.00,1.00,4,-1,-1
585,251,369.18,248.74,96.79,55.54,0.98,4,-1,-1
585,256,821.77,192.07,90.89,37.04,1.00,4,-1,-1
585,255,1192.02,260.29,95.13,55.84,0.99,4,-1,-1
585,259,420.25,203.89,101.01,45.57,0.99,4,-1,-1
585,260,578.32,188.81,81.36,37.16,0.99,4,-1,-1
585,262,1037.76,147.83,255.45,101.14,0.83,6,-1,-1
585,266,228.85,212.71,106.92,48.26,0.99,4,-1,-1
585,257,353.41,173.66,83.30,39.96,0.63,4,-1,-1
585,221,698.10,606.28,66.89,46.28,0.89,10,-1,-1
585,271,511.42,254.00,110.14,80.26,0.61,5,-1,-1
586,35,1125.04,603.60,153.27,145.11,0.99,4,-1,-1
586,36,306.61,625.69,207.14,136.23,0.99,4,-1,-1
586,135,327.56,552.23,141.15,108.90,0.97,4,-1,-1
586,208,922.69,444.62,152.73,94.58,0.99,5,-1,-1
586,222,713.11,593.24,29.33,54.42,0.99,2,-1,-1
586,237,512.13,253.09,110.94,79.84,0.45,6,-1,-1
586,246,705.60,382.22,87.74,115.82,0.99,6,-1,-1
586,247,307.54,185.54,90.70,42.70,0.99,4,-1,-1
586,249,238.99,249.13,104.11,51.44,0.99,4,-1,-1
586,251,371.38,247.53,98.32,56.52,0.99,4,-1,-1
586,256,815.84,190.17,90.95,36.50,0.99,4,-1,-1
586,255,1194.86,257.70,97.96,55.90,0.98,4,-1,-1
586,259,415.38,201.77,101.54,45.19,0.99,4,-1,-1
586,260,573.04,186.24,81.82,37.84,0.99,4,-1,-1
586,262,1036.91,145.30,256.74,101.80,0.90,6,-1,-1
586,266,230.69,210.68,109.04,48.87,0.99,4,-1,-1
586,257,348.39,169.58,83.62,42.11,0.27,4,-1,-1
586,221,690.36,608.73,67.34,47.37,0.75,10,-1,-1
587,35,1127.80,605.51,152.53,145.52,0.99,4,-1,-1
587,36,304.50,626.91,209.63,136.21,0.99,4,-1,-1
587,135,326.81,554.42,142.16,109.44,0.94,4,-1,-1
587,208,924.02,445.72,153.51,94.37,0.99,5,-1,-1
587,222,705.28,598.05,30.28,55.14,0.99,2,-1,-1
587,237,515.24,254.83,106.95,80.65,0.72,5,-1,-1
587,246,706.03,383.76,87.81,114.33,1.00,6,-1,-1
587,247,300.19,184.58,90.66,42.64,0.99,4,-1,-1
587,249,235.32,247.45,104.74,51.94,0.99,4,-1,-1
587,251,374.17,247.84,98.35,57.20,0.99,4,-1,-1
587,256,809.83,189.13,90.70,36.70,0.99,4,-1,-1
587,255,1199.01,256.61,99.04,55.96,0.98,4,-1,-1
587,259,410.84,200.29,101.89,45.43,0.98,4,-1,-1
587,260,568.59,185.32,82.01,37.78,0.99,4,-1,-1
587,262,1035.89,144.43,259.45,102.15,0.86,6,-1,-1
587,266,233.45,210.25,110.69,49.42,0.99,4,-1,-1
587,257,338.88,168.54,88.83,42.16,0.27,4,-1,-1
587,221,684.10,612.78,66.38,47.80,0.68,10,-1,-1
587,272,514.84,254.86,105.87,79.83,0.75,6,-1,-1
588,35,1129.00,608.25,154.51,146.11,1.00,4,-1,-1
588,36,303.21,630.24,210.96,133.80,0.99,4,-1,-1
588,135,327.26,557.03,141.68,108.98,0.90,4,-1,-1
588,208,924.71,447.45,154.91,94.18,0.99,5,-1,-1
588,222,698.11,604.21,30.64,54.81,0.99,2,-1,-1
588,237,517.73,257.42,102.57,81.44,0.58,6,-1,-1
588,246,705.31,385.07,89.00,113.08,0.99,6,-1,-1
588,247,292.36,185.32,91.19,42.14,0.99,4,-1,-1
588,249,231.32,247.95,104.65,51.79,1.00,4,-1,-1
588,251,377.14,250.10,97.20,57.39,0.98,4,-1,-1
588,256,803.15,189.58,90.88,36.52,0.99,4,-1,-1
588,255,1201.66,256.54,100.53,56.22,0.97,4,-1,-1
588,259,406.19,200.52,101.15,45.46,1.00,4,-1,-1
588,260,563.95,186.13,80.36,37.30,0.99,4,-1,-1
588,262,1033.39,144.73,262.60,102.50,0.89,6,-1,-1
588,266,237.55,211.56,109.30,49.07,1.00,4,-1,-1
588,257,336.67,168.41,84.68,42.24,0.54,4,-1,-1
588,221,676.10,619.24,67.13,47.92,0.99,10,-1,-1
589,35,1131.21,610.98,155.22,146.33,0.99,4,-1,-1
589,36,303.15,633.63,210.86,131.19,0.99,4,-1,-1
589,135,327.16,560.16,141.34,109.36,0.92,4,-1,-1
589,208,925.65,449.23,155.42,94.69,0.99,5,-1,-1
589,222,690.68,610.35,30.76,53.56,0.99,2,-1,-1
589,237,519.57,259.58,102.73,81.45,0.48,6,-1,-1
589,246,706.04,381.66,88.86,116.30,0.98,6,-1,-1
589,247,284.49,185.76,91.66,41.89,0.99,4,-1,-1
589,249,227.31,248.24,106.27,51.74,0.99,4,-1,-1
589,251,380.31,252.29,96.75,57.74,0.96,4,-1,-1
589,256,796.52,189.98,91.50,36.54,0.99,4,-1,-1
589,255,1206.09,256.46,99.94,57.18,0.98,4,-1,-1
589,259,401.81,200.72,101.55,45.76,1.00,4,-1,-1
589,260,558.90,186.42,80.86,37.28,0.99,4,-1,-1
589,262,1031.02,144.96,267.06,102.31,0.89,6,-1,-1
589,266,241.60,213.76,108.71,48.31,1.00,4,-1,-1
589,257,340.09,169.03,77.52,42.27,0.44,4,-1,-1
589,221,669.20,626.34,65.71,47.40,0.98,10,-1,-1
590,35,1133.56,614.39,155.47,146.36,1.00,4,-1,-1
590,36,301.57,637.33,212.06,127.91,0.99,4,-1,-1
590,135,327.23,563.20,140.77,110.04,0.95,4,-1,-1
590,208,927.00,450.92,155.58,95.42,0.98,5,-1,-1
590,222,684.10,616.40,30.24,51.93,0.98,2,-1,-1
590,237,522.10,262.40,100.51,82.54,0.44,6,-1,-1
590,246,706.22,375.54,89.37,122.04,0.97,6,-1,-1
590,247,276.10,186.19,92.39,42.08,0.99,4,-1,-1
590,249,223.06,248.49,107.69,52.00,0.99,4,-1,-1
590,251,382.76,254.04,97.71,58.12,0.97,4,-1,-1
590,256,790.20,190.65,92.30,36.69,0.99,4,-1,-1
590,255,1209.77,256.94,101.91,56.97,0.98,4,-1,-1
590,259,396.44,201.21,102.39,46.00,0.99,4,-1,-1
590,260,553.99,186.64,81.61,37.56,0.99,4,-1,-1
590,262,1028.38,146.13,270.90,101.22,0.92,6,-1,-1
590,266,245.22,214.85,109.31,48.57,0.99,4,-1,-1
590,257,338.25,169.47,74.81,42.25,0.17,4,-1,-1
590,221,661.67,631.34,65.73,48.88,0.96,10,-1,-1
591,35,1136.30,617.03,155.59,145.81,0.99,4,-1,-1
591,36,298.63,640.09,214.94,125.57,0.99,4,-1,-1
591,135,326.73,566.29,140.59,109.74,0.95,4,-1,-1
591,208,927.65,452.35,155.66,96.83,1.00,5,-1,-1
591,222,676.89,622.22,30.61,53.08,0.99,2,-1,-1
591,237,524.43,265.05,99.18,83.51,0.41,6,-1,-1
591,246,706.67,373.39,90.72,124.10,0.98,6,-1,-1
591,247,267.71,186.73,92.40,42.43,0.99,4,-1,-1
591,249,218.63,248.85,108.52,52.10,0.99,4,-1,-1
591,251,384.87,256.16,99.08,58.26,0.98,4,-1,-1
591,256,784.49,191.54,92.33,36.33,0.99,4,-1,-1
591,255,1212.97,257.07,103.77,57.18,0.97,4,-1,-1
591,259,392.49,201.63,102.02,46.09,0.99,4,-1,-1
591,260,549.29,187.37,80.78,37.25,0.99,4,-1,-1
591,262,1026.50,146.63,272.35,101.95,0.82,6,-1,-1
591,266,248.59,216.48,109.82,48.96,1.00,4,-1,-1
591,257,334.40,169.65,73.61,42.80,0.67,4,-1,-1
591,221,654.38,637.89,65.19,49.99,0.96,10,-1,-1
592,35,1138.56,619.05,155.59,144.37,0.99,4,-1,-1
592,36,297.47,642.82,215.95,122.35,0.99,4,-1,-1
592,135,326.59,569.18,140.34,111.24,0.94,4,-1,-1
592,208,928.08,453.46,156.76,98.42,0.99,5,-1,-1
592,222,669.12,628.22,30.74,54.05,0.98,2,-1,-1
592,237,525.26,267.85,100.44,83.54,0.22,6,-1,-1
592,246,707.12,376.22,91.21,120.49,0.98,6,-1,-1
592,247,258.92,187.25,94.34,43.46,0.99,4,-1,-1
592,249,214.87,249.38,108.48,51.82,0.99,4,-1,-1
592,251,388.09,258.96,97.45,57.70,0.98,4,-1,-1
592,256,777.73,191.76,92.87,36.74,0.99,4,-1,-1
592,255,1216.94,257.78,103.30,56.37,0.98,4,-1,-1
592,259,387.46,202.31,101.97,45.09,0.99,4,-1,-1
592,260,543.80,187.36,81.57,37.61,0.99,4,-1,-1
592,262,1024.87,147.32,268.22,101.51,0.85,6,-1,-1
592,266,251.33,217.74,110.52,49.35,0.99,4,-1,-1
592,257,329.69,170.33,73.19,42.55,0.80,4,-1,-1
592,221,646.58,643.34,66.10,50.94,0.97,10,-1,-1
593,35,1140.66,621.52,156.72,142.14,0.99,4,-1,-1
593,36,295.12,644.37,218.87,120.66,0.99,4,-1,-1
593,135,325.88,571.66,140.98,111.82,0.92,4,-1,-1
593,208,928.36,455.58,158.30,98.47,0.99,5,-1,-1
593,222,661.45,634.91,30.22,53.87,0.99,2,-1,-1
593,246,707.95,379.40,90.27,116.28,0.97,6,-1,-1
593,247,250.84,188.06,95.08,43.50,0.99,4,-1,-1
593,249,210.52,249.58,108.73,52.01,0.99,4,-1,-1
593,251,390.96,260.68,97.97,58.05,0.98,4,-1,-1
593,256,771.87,192.27,92.52,36.49,0.98,4,-1,-1
593,255,1220.79,258.39,101.97,56.07,0.97,4,-1,-1
593,259,381.97,202.42,102.95,45.43,0.99,4,-1,-1
593,260,538.62,187.50,80.75,37.76,0.99,4,-1,-1
593,262,1023.39,148.08,271.10,101.44,0.74,6,-1,-1
593,266,255.10,219.60,110.22,49.23,1.00,4,-1,-1
593,257,322.55,171.06,75.39,42.46,0.83,4,-1,-1
593,221,639.46,650.09,65.32,51.86,0.98,10,-1,-1
594,35,1142.53,624.63,157.14,139.59,0.99,4,-1,-1
594,36,292.29,647.66,221.63,117.21,0.99,4,-1,-1
594,135,325.33,574.71,140.94,111.47,0.95,4,-1,-1
594,208,929.59,457.44,158.87,97.92,1.00,5,-1,-1
594,222,653.16,641.45,31.16,53.80,0.99,2,-1,-1
594,246,708.27,379.70,89.91,117.05,0.82,6,-1,-1
594,247,242.73,188.64,95.34,43.45,0.99,4,-1,-1
594,249,205.92,249.59,109.93,52.08,0.99,4,-1,-1
594,251,393.35,262.05,97.60,59.02,0.98,4,-1,-1
594,256,765.69,192.90,91.81,36.18,1.00,4,-1,-1
594,255,1224.99,259.02,101.42,55.40,0.97,4,-1,-1
594,259,376.42,202.11,103.60,45.70,0.99,4,-1,-1
594,260,533.20,186.99,81.00,38.60,0.99,4,-1,-1
594,262,1021.25,148.32,272.12,101.43,0.91,6,-1,-1
594,266,258.54,220.62,110.64,49.47,1.00,4,-1,-1
594,257,315.10,170.98,78.48,42.98,0.91,4,-1,-1
594,221,631.09,657.78,65.59,52.76,0.98,10,-1,-1
595,35,1144.77,626.54,157.27,137.46,0.99,4,-1,-1
595,36,296.64,651.15,217.00,113.06,0.99,4,-1,-1
595,135,323.75,576.98,142.04,112.98,0.94,4,-1,-1
595,208,931.08,459.82,159.05,97.09,0.98,5,-1,-1
595,222,645.49,648.85,30.94,56.61,0.99,2,-1,-1
595,246,707.48,380.45,91.46,116.75,0.85,6,-1,-1
595,247,234.76,189.41,95.69,43.41,0.99,4,-1,-1
595,249,201.96,249.73,110.06,52.09,0.99,4,-1,-1
595,251,396.13,263.61,97.44,60.20,0.98,4,-1,-1
595,256,759.58,193.72,91.53,35.70,0.99,4,-1,-1
595,255,1229.14,259.44,100.05,55.42,0.97,4,-1,-1
595,259,372.37,202.83,102.26,45.36,0.99,4,-1,-1
595,260,527.93,187.68,81.65,38.27,0.99,4,-1,-1
595,262,1018.71,148.76,275.77,101.82,0.84,6,-1,-1
595,266,262.41,221.25,110.49,50.38,0.99,4,-1,-1
595,257,310.34,171.23,77.69,43.16,0.87,4,-1,-1
595,221,623.67,664.49,65.12,54.74,0.89,10,-1,-1
596,35,1147.80,629.45,157.29,134.99,0.98,4,-1,-1
596,36,291.82,653.97,221.69,110.47,0.99,4,-1,-1
596,135,324.29,579.92,141.32,112.99,0.95,4,-1,-1
596,208,932.20,461.76,159.08,96.78,0.99,5,-1,-1
596,222,637.77,656.71,31.41,57.09,0.99,2,-1,-1
596,246,706.63,377.12,94.28,121.10,0.86,6,-1,-1
596,247,226.29,189.94,94.68,43.04,0.99,4,-1,-1
596,249,197.67,249.97,110.36,51.54,0.99,4,-1,-1
596,251,398.79,265.74,97.38,60.09,0.98,4,-1,-1
596,256,753.30,194.11,91.42,35.54,0.99,4,-1,-1
596,255,1233.43,260.02,98.36,55.15,0.96,4,-1,-1
596,259,367.09,202.94,102.02,45.31,0.99,4,-1,-1
596,260,523.07,188.44,80.76,37.87,0.99,4,-1,-1
596,262,1016.18,149.03,280.45,101.85,0.89,6,-1,-1
596,266,265.89,220.94,110.13,51.86,0.99,4,-1,-1
596,257,297.84,171.78,84.77,42.94,0.87,4,-1,-1
596,221,616.61,672.10,64.37,56.60,0.98,10,-1,-1
597,35,1149.84,631.55,157.21,132.96,0.99,4,-1,-1
597,36,287.29,655.75,226.13,108.50,0.98,4,-1,-1
597,135,322.72,581.51,142.53,114.11,0.94,4,-1,-1
597,208,933.09,461.81,160.14,98.38,1.00,5,-1,-1
597,222,629.44,664.09,32.68,56.70,0.99,2,-1,-1
597,246,705.77,374.24,95.28,123.70,0.83,6,-1,-1
597,247,217.94,189.48,94.81,43.20,0.99,4,-1,-1
597,249,193.42,249.68,110.97,50.78,0.99,4,-1,-1
597,251,401.23,267.16,97.31,60.04,0.99,4,-1,-1
597,256,747.01,194.46,91.35,35.22,0.99,4,-1,-1
597,255,1238.25,260.02,97.68,55.07,0.96,4,-1,-1
597,259,361.76,202.31,102.17,45.52,0.99,4,-1,-1
597,260,517.88,188.17,82.10,38.02,0.99,4,-1,-1
597,262,1015.31,149.16,278.70,101.64,0.88,6,-1,-1
597,266,269.37,220.17,109.94,53.27,0.99,4,-1,-1
597,257,292.12,171.80,84.84,42.87,0.91,4,-1,-1
597,221,609.93,676.87,63.49,61.16,0.98,10,-1,-1
597,273,635.65,176.52,122.09,133.62,0.74,6,-1,-1
598,35,1151.89,633.46,157.26,131.09,0.99,4,-1,-1
598,36,283.46,658.10,229.71,106.08,0.98,4,-1,-1
598,135,321.24,584.02,143.91,113.39,0.94,4,-1,-1
598,208,934.07,462.42,160.60,99.52,1.00,5,-1,-1
598,222,621.55,672.26,33.74,57.68,0.98,2,-1,-1
598,246,704.60,378.04,97.40,119.38,0.92,6,-1,-1
598,247,209.59,188.88,95.10,43.18,0.99,4,-1,-1
598,249,187.96,249.26,111.79,50.20,0.99,4,-1,-1
598,251,403.47,268.10,97.19,60.56,0.98,4,-1,-1
598,256,740.88,193.78,91.36,35.38,0.99,4,-1,-1
598,255,1242.32,259.24,97.47,55.89,0.92,4,-1,-1
598,259,355.10,201.32,103.55,45.94,0.99,4,-1,-1
598,260,512.05,187.26,83.20,38.28,0.99,4,-1,-1
598,262,1014.54,148.86,275.80,101.64,0.89,6,-1,-1
598,266,271.93,219.91,110.18,54.34,0.99,4,-1,-1
598,257,282.53,170.92,89.63,43.53,0.94,4,-1,-1
598,221,601.81,686.13,62.63,60.74,0.96,10,-1,-1
598,273,633.76,176.04,126.95,136.49,0.67,6,-1,-1
599,35,1154.30,634.19,157.30,129.89,0.98,4,-1,-1
599,36,280.93,659.56,232.05,104.15,0.98,4,-1,-1
599,135,320.00,584.99,144.45,113.68,0.96,4,-1,-1
599,208,934.95,462.67,160.79,99.39,1.00,5,-1,-1
599,222,613.96,679.74,35.26,55.81,0.98,2,-1,-1
599,246,704.36,369.62,98.76,126.88,0.72,6,-1,-1
599,247,200.58,187.25,95.01,43.88,0.99,4,-1,-1
599,249,182.50,247.73,111.82,50.28,1.00,4,-1,-1
599,251,405.50,268.44,98.02,61.32,0.99,4,-1,-1
599,256,734.51,192.27,91.38,35.59,0.99,4,-1,-1
599,255,1246.58,258.55,97.41,55.36,0.94,4,-1,-1
599,259,348.98,199.57,102.95,46.38,0.99,4,-1,-1
599,260,505.42,185.60,84.19,39.02,0.99,4,-1,-1
599,262,1014.33,147.99,274.66,101.44,0.88,6,-1,-1
599,266,275.59,219.67,109.43,54.47,0.99,4,-1,-1
599,257,274.88,169.69,91.99,43.50,0.88,4,-1,-1
599,221,595.85,692.77,61.19,62.72,0.96,10,-1,-1
599,273,631.76,173.71,137.68,142.41,0.61,6,-1,-1
600,35,1155.70,633.44,157.27,130.06,0.99,4,-1,-1
600,36,282.93,658.98,229.77,104.12,0.97,4,-1,-1
600,135,319.38,585.11,144.62,113.77,0.91,4,-1,-1
600,208,936.42,461.50,160.81,99.33,0.99,5,-1,-1
600,222,607.18,686.18,35.27,55.07,0.98,2,-1,-1
600,246,702.97,363.10,101.47,130.96,0.87,6,-1,-1
600,247,190.58,184.17,95.51,44.36,0.99,4,-1,-1
600,249,177.15,244.19,113.13,50.32,0.99,4,-1,-1
600,251,408.13,267.26,98.17,62.15,0.99,4,-1,-1
600,256,728.77,189.56,90.81,35.46,0.98,4,-1,-1
600,255,1251.47,256.57,95.09,54.31,0.85,4,-1,-1
600,259,343.60,196.82,102.12,45.70,0.98,4,-1,-1
600,260,499.85,182.83,84.54,38.95,0.99,4,-1,-1
600,262,1010.98,145.06,274.15,101.38,0.92,6,-1,-1
600,266,278.54,217.40,109.40,54.57,0.99,4,-1,-1
600,257,270.05,166.14,89.28,44.75,0.81,4,-1,-1
600,221,589.70,697.45,60.66,62.36,0.91,10,-1,-1
600,273,631.08,170.90,139.47,135.12,0.82,6,-1,-1
601,35,1156.68,632.54,158.37,130.71,0.98,4,-1,-1
601,36,285.31,658.75,227.09,104.15,0.97,4,-1,-1
601,135,319.13,584.30,144.23,114.33,0.91,4,-1,-1
601,208,938.07,460.23,160.77,99.27,0.99,5,-1,-1
601,222,600.18,692.07,37.49,54.78,0.99,2,-1,-1
601,246,701.91,363.48,101.35,129.17,0.56,6,-1,-1
601,247,183.69,181.32,93.14,44.66,1.00,4,-1,-1
601,249,171.24,240.74,112.81,50.04,0.99,4,-1,-1
601,251,410.51,265.77,98.21,63.00,0.99,4,-1,-1
601,256,723.18,185.97,90.59,37.40,0.98,4,-1,-1
601,255,1255.92,254.93,94.20,52.76,0.79,4,-1,-1
601,259,337.75,194.10,101.08,45.42,0.99,4,-1,-1
601,260,493.21,179.94,85.21,38.91,0.99,4,-1,-1
601,262,1006.35,141.51,273.87,102.89,0.81,6,-1,-1
601,266,281.60,215.19,108.24,54.78,0.99,4,-1,-1
601,257,266.62,163.12,87.28,45.48,0.81,4,-1,-1
601,221,585.77,702.43,57.60,60.48,0.82,10,-1,-1
601,273,629.96,167.71,137.79,134.42,0.85,6,-1,-1
602,35,1157.94,631.91,158.75,130.96,0.99,4,-1,-1
602,36,285.97,656.94,225.99,105.36,0.98,4,-1,-1
602,135,319.75,582.86,143.05,113.38,0.92,4,-1,-1
602,208,937.39,458.38,161.85,99.21,1.00,5,-1,-1
602,222,593.75,698.34,37.76,51.82,0.96,2,-1,-1
602,246,702.82,364.54,101.81,122.34,0.89,6,-1,-1
602,247,177.48,177.51,90.20,44.55,0.99,4,-1,-1
602,249,168.04,236.34,111.23,50.78,0.99,4,-1,-1
602,251,412.81,264.00,98.35,63.02,0.98,4,-1,-1
602,256,717.55,182.43,89.92,37.34,0.99,4,-1,-1
602,255,1260.66,252.30,91.58,51.31,0.82,4,-1,-1
602,259,331.60,190.26,101.10,45.02,0.99,4,-1,-1
602,260,487.45,176.32,84.88,38.32,0.98,4,-1,-1
602,262,1002.84,137.35,277.09,103.85,0.88,6,-1,-1
602,266,284.72,211.81,106.92,55.68,0.99,4,-1,-1
602,257,260.72,160.36,87.04,44.20,0.94,4,-1,-1
602,221,581.42,708.38,53.55,56.86,0.86,10,-1,-1
602,273,628.61,163.99,138.80,137.03,0.86,6,-1,-1
602,237,540.09,279.88,93.33,86.72,0.51,4,-1,-1
603,35,1159.56,629.82,158.89,132.81,0.99,4,-1,-1
603,36,285.97,655.50,225.84,107.02,0.97,4,-1,-1
603,135,318.02,581.55,144.03,114.15,0.82,4,-1,-1
603,208,938.30,455.85,162.25,99.76,1.00,5,-1,-1
603,222,587.69,704.64,38.95,51.29,0.97,2,-1,-1
603,246,703.23,363.65,100.84,119.27,0.81,6,-1,-1
603,247,169.66,173.51,89.55,44.93,0.99,4,-1,-1
603,249,163.64,232.43,110.62,50.79,0.98,4,-1,-1
603,251,414.74,261.46,98.12,64.14,0.98,4,-1,-1
603,256,714.33,178.78,87.40,37.39,0.98,4,-1,-1
603,255,1265.22,247.93,90.64,52.83,0.72,4,-1,-1
603,259,324.85,185.84,100.84,45.60,0.99,4,-1,-1
603,260,481.59,172.35,84.74,38.81,0.99,4,-1,-1
603,262,1000.57,134.39,278.28,103.11,0.79,6,-1,-1
603,266,286.20,207.69,109.58,57.42,0.99,4,-1,-1
603,257,254.37,156.07,90.34,43.98,0.92,4,-1,-1
603,221,577.59,716.02,50.36,49.69,0.57,10,-1,-1
603,273,625.84,159.45,154.58,142.46,0.73,6,-1,-1
603,237,541.43,278.21,91.18,85.89,0.30,6,-1,-1
604,35,1161.76,630.96,158.92,132.41,0.98,4,-1,-1
604,36,279.68,657.06,231.99,106.58,0.98,4,-1,-1
604,135,316.03,582.88,146.51,112.76,0.87,4,-1,-1
604,208,938.58,455.68,163.51,100.55,1.00,5,-1,-1
604,222,581.61,714.34,39.94,48.24,0.85,2,-1,-1
604,246,703.07,367.69,100.99,115.45,0.36,6,-1,-1
604,247,156.58,170.75,92.77,45.64,0.98,4,-1,-1
604,249,158.69,230.58,110.80,50.81,0.97,4,-1,-1
604,251,416.31,260.79,99.31,65.96,0.98,4,-1,-1
604,256,710.52,176.42,85.32,37.98,0.99,4,-1,-1
604,255,1269.62,245.59,86.87,53.68,0.47,4,-1,-1
604,259,316.37,183.45,102.73,45.47,0.99,4,-1,-1
604,260,475.59,169.35,84.69,40.42,0.99,4,-1,-1
604,262,998.68,132.75,280.96,103.35,0.82,6,-1,-1
604,266,287.73,206.51,110.28,57.87,0.99,4,-1,-1
604,257,250.00,154.42,88.77,43.34,0.90,4,-1,-1
604,221,574.38,723.72,48.11,42.20,0.49,10,-1,-1
604,273,623.16,157.40,156.76,143.55,0.61,6,-1,-1
604,237,542.12,278.30,90.52,86.22,0.73,6,-1,-1
605,35,1162.99,634.55,160.05,129.97,0.98,4,-1,-1
605,36,286.60,660.63,223.60,103.55,0.98,4,-1,-1
605,135,315.02,586.08,146.03,112.19,0.83,4,-1,-1
605,208,939.12,458.28,163.96,100.81,1.00,5,-1,-1
605,222,577.54,726.45,38.66,39.48,0.81,2,-1,-1
605,247,145.47,170.87,93.67,46.45,0.96,4,-1,-1
605,249,152.73,230.90,111.57,51.65,0.98,4,-1,-1
605,251,418.73,263.14,99.18,66.34,0.98,4,-1,-1
605,256,704.95,176.76,84.56,37.90,0.99,4,-1,-1
605,255,1273.79,245.99,85.49,53.99,0.33,4,-1,-1
605,259,309.11,183.40,103.15,46.11,0.98,4,-1,-1
605,260,469.24,169.56,85.21,40.73,0.99,4,-1,-1
605,262,999.04,133.33,278.53,103.25,0.84,6,-1,-1
605,266,288.71,207.82,112.51,58.49,0.99,4,-1,-1
605,257,243.75,154.38,88.40,43.78,0.91,4,-1,-1
605,273,622.08,157.24,153.35,140.45,0.76,6,-1,-1
605,237,543.40,281.19,87.42,84.89,0.85,6,-1,-1
606,35,1164.91,637.21,160.44,127.35,0.98,4,-1,-1
606,36,287.04,664.93,221.95,100.15,0.96,4,-1,-1
606,135,313.19,589.95,147.21,113.11,0.79,4,-1,-1
606,208,939.74,460.06,164.09,101.46,0.99,5,-1,-1
606,222,574.25,738.44,37.55,28.14,0.41,2,-1,-1
606,247,141.81,171.87,86.15,43.81,0.92,4,-1,-1
606,249,148.95,232.26,108.71,50.56,0.95,4,-1,-1
606,251,420.63,265.78,98.54,66.18,0.98,4,-1,-1
606,256,696.74,177.39,86.60,38.29,0.99,4,-1,-1
606,255,1277.89,246.19,81.55,55.25,0.14,4,-1,-1
606,259,303.60,183.52,102.16,46.21,0.99,4,-1,-1
606,260,463.34,170.13,84.82,40.42,0.99,4,-1,-1
606,262,994.64,134.22,280.90,103.14,0.87,6,-1,-1
606,266,290.64,209.68,112.48,58.71,0.98,4,-1,-1
606,257,238.36,155.69,87.37,42.82,0.97,4,-1,-1
606,273,620.54,157.41,154.63,142.36,0.81,6,-1,-1
606,237,544.91,284.30,85.70,82.37,0.83,6,-1,-1
607,35,1166.85,640.77,160.58,124.12,0.98,4,-1,-1
607,36,289.86,668.20,219.07,96.65,0.98,4,-1,-1
607,135,310.09,593.64,149.35,112.90,0.89,4,-1,-1
607,208,941.22,462.72,164.12,101.70,0.99,5,-1,-1
607,247,136.25,172.14,84.77,42.19,0.88,4,-1,-1
607,249,146.56,232.82,104.62,50.42,0.97,4,-1,-1
607,251,423.64,269.03,97.73,65.82,0.99,4,-1,-1
607,256,690.63,178.38,86.23,38.16,0.99,4,-1,-1
607,259,296.64,184.16,102.35,45.97,0.99,4,-1,-1
607,260,457.51,171.59,84.67,39.31,0.99,4,-1,-1
607,262,991.53,134.88,278.40,103.25,0.90,6,-1,-1
607,266,293.62,212.23,111.04,58.22,0.99,4,-1,-1
607,257,231.98,156.35,88.11,43.17,0.97,4,-1,-1
607,273,620.15,158.67,160.67,143.34,0.74,6,-1,-1
607,237,545.81,287.27,83.37,83.74,0.52,6,-1,-1
608,35,1169.15,643.28,160.66,121.79,0.94,4,-1,-1
608,36,282.38,671.01,225.60,93.08,0.98,4,-1,-1
608,135,311.48,597.77,147.78,109.96,0.91,4,-1,-1
608,208,941.06,463.84,165.28,103.45,1.00,5,-1,-1
608,247,130.70,172.83,81.44,41.87,0.92,4,-1,-1
608,249,143.16,234.19,102.03,50.07,0.98,4,-1,-1
608,251,425.19,271.57,98.15,66.21,0.99,4,-1,-1
608,256,685.27,179.23,84.98,39.22,0.98,4,-1,-1
608,259,287.96,185.32,103.00,44.66,0.99,4,-1,-1
608,260,450.53,172.24,85.75,39.72,0.99,4,-1,-1
608,262,987.44,135.90,281.97,103.04,0.89,6,-1,-1
608,266,296.00,214.37,110.22,57.78,0.99,4,-1,-1
608,257,225.21,157.73,88.11,42.01,0.91,4,-1,-1
608,273,618.17,159.01,162.89,143.02,0.74,6,-1,-1
608,237,547.07,290.23,82.60,83.10,0.84,6,-1,-1
609,35,1171.65,647.58,159.49,117.53,0.92,4,-1,-1
609,36,290.46,675.87,216.42,88.37,0.98,4,-1,-1
609,135,310.09,602.51,148.10,108.85,0.86,4,-1,-1
609,208,942.18,465.62,165.65,104.11,0.99,5,-1,-1
609,247,122.17,175.35,81.11,41.20,0.79,4,-1,-1
609,249,133.15,234.60,105.93,50.24,0.98,4,-1,-1
609,251,427.43,273.54,98.15,66.91,0.99,4,-1,-1
609,256,682.55,180.68,81.06,38.22,0.99,4,-1,-1
609,259,281.19,185.91,102.37,44.24,0.99,4,-1,-1
609,260,444.08,173.22,86.69,39.46,0.99,4,-1,-1
609,262,986.68,136.69,279.84,103.20,0.92,6,-1,-1
609,266,298.27,215.64,110.44,58.31,0.99,4,-1,-1
609,257,218.88,157.81,87.79,42.58,0.95,4,-1,-1
609,273,617.36,159.50,165.24,146.94,0.45,6,-1,-1
609,237,547.63,293.34,81.18,84.85,0.62,6,-1,-1
610,35,1173.04,651.35,160.21,113.70,0.90,4,-1,-1
610,36,294.95,679.32,210.00,84.99,0.97,4,-1,-1
610,135,307.76,605.36,149.93,108.45,0.67,4,-1,-1
610,208,942.49,468.21,166.93,103.78,1.00,5,-1,-1
610,247,116.51,175.68,75.98,38.94,0.93,4,-1,-1
610,249,126.27,235.50,106.02,50.02,0.99,4,-1,-1
610,251,428.72,276.35,97.73,66.60,0.99,4,-1,-1
610,256,678.53,181.13,78.48,38.60,0.98,4,-1,-1
610,259,273.89,186.44,103.00,43.94,0.99,4,-1,-1
610,260,437.47,174.23,86.49,38.93,0.99,4,-1,-1
610,262,982.43,136.79,281.31,104.09,0.94,6,-1,-1
610,266,300.69,217.03,110.26,59.13,0.99,4,-1,-1
610,257,212.29,158.78,87.67,42.08,0.92,4,-1,-1
610,273,615.84,160.10,167.72,146.41,0.59,6,-1,-1
610,237,547.64,297.26,80.73,83.53,0.83,6,-1,-1
611,35,1174.58,654.48,160.43,110.02,0.90,4,-1,-1
611,36,296.79,682.30,207.63,82.10,0.97,4,-1,-1
611,135,304.17,608.71,151.55,109.43,0.70,4,-1,-1
611,208,943.17,470.42,167.34,104.16,0.99,5,-1,-1
611,249,119.66,236.63,106.10,49.36,0.93,4,-1,-1
611,251,430.28,278.97,97.98,67.00,0.97,4,-1,-1
611,256,674.50,181.47,76.40,38.37,0.98,4,-1,-1
611,259,266.67,187.09,102.63,43.61,1.00,4,-1,-1
611,260,431.43,174.71,86.38,39.00,0.99,4,-1,-1
611,262,979.81,137.22,280.62,104.82,0.87,6,-1,-1
611,266,303.69,218.89,108.74,59.12,0.99,4,-1,-1
611,257,206.18,160.17,87.31,41.45,0.97,4,-1,-1
611,273,614.03,161.15,168.51,147.82,0.40,6,-1,-1
611,237,548.30,299.55,81.74,88.14,0.55,6,-1,-1
612,35,1176.25,657.00,160.54,107.63,0.91,4,-1,-1
612,36,308.10,685.98,195.21,78.23,0.97,4,-1,-1
612,135,295.42,610.79,159.76,113.22,0.67,4,-1,-1
612,208,943.38,472.93,167.51,104.87,0.99,5,-1,-1
612,249,112.70,237.94,106.44,48.55,0.92,4,-1,-1
612,251,432.94,282.05,97.52,66.87,0.99,4,-1,-1
612,256,672.92,182.60,71.05,36.57,0.92,4,-1,-1
612,259,259.40,187.58,102.23,43.71,1.00,4,-1,-1
612,260,425.60,175.40,86.34,39.03,0.99,4,-1,-1
612,262,976.64,138.28,278.11,104.60,0.75,6,-1,-1
612,266,305.43,219.45,108.76,60.52,0.99,4,-1,-1
612,257,199.87,161.42,87.19,41.08,0.92,4,-1,-1
612,273,611.62,162.33,171.52,149.54,0.63,6,-1,-1
612,237,548.71,303.18,81.59,88.44,0.62,6,-1,-1
612,274,61.26,184.53,60.51,36.18,0.86,4,-1,-1
613,35,1178.73,661.38,160.61,102.80,0.88,4,-1,-1
613,36,302.33,690.47,200.97,74.04,0.96,4,-1,-1
613,135,291.34,613.51,162.86,114.12,0.48,4,-1,-1
613,208,943.62,475.56,167.59,105.15,0.99,5,-1,-1
613,249,106.37,239.81,105.04,47.12,0.90,4,-1,-1
613,251,435.04,285.09,96.80,67.10,0.99,4,-1,-1
613,256,670.11,182.68,67.40,37.05,0.45,4,-1,-1
613,259,251.55,187.99,102.95,44.20,1.00,4,-1,-1
613,260,419.03,175.96,87.33,39.34,0.99,4,-1,-1
613,262,972.34,138.77,278.35,105.53,0.71,6,-1,-1
613,266,306.99,220.72,109.36,61.33,0.99,4,-1,-1
613,257,193.41,161.88,87.37,41.82,0.88,4,-1,-1
613,273,610.57,163.37,173.73,152.10,0.91,6,-1,-1
613,237,549.47,307.27,79.87,88.28,0.88,6,-1,-1
614,35,1180.53,664.53,160.57,99.39,0.85,4,-1,-1
614,36,306.60,693.84,195.27,70.31,0.96,4,-1,-1
614,135,293.10,615.43,159.93,118.94,0.40,4,-1,-1
614,208,943.56,478.15,168.67,105.22,0.99,5,-1,-1
614,249,102.17,240.02,102.63,46.89,0.58,4,-1,-1
614,251,436.50,287.70,96.65,67.73,0.99,4,-1,-1
614,259,243.18,189.34,104.32,44.17,0.99,4,-1,-1
614,260,412.62,176.67,87.67,39.88,0.99,4,-1,-1
614,262,972.45,139.88,279.47,105.87,0.84,6,-1,-1
614,266,309.29,222.56,108.98,62.17,0.99,4,-1,-1
614,257,187.32,162.33,86.92,43.51,0.62,4,-1,-1
614,273,608.57,163.17,175.51,156.44,0.96,6,-1,-1
614,237,549.72,311.10,80.96,90.15,0.53,6,-1,-1
614,275,185.38,162.54,90.40,42.26,0.68,4,-1,-1
615,35,1180.11,669.05,162.85,95.35,0.86,4,-1,-1
615,36,308.14,698.19,192.94,66.16,0.91,4,-1,-1
615,135,240.16,615.54,213.88,137.43,0.52,4,-1,-1
615,208,944.15,480.46,169.09,105.80,1.00,5,-1,-1
615,249,83.35,238.64,114.68,49.41,0.90,4,-1,-1
615,251,438.50,290.15,96.47,68.52,0.99,4,-1,-1
615,259,235.29,189.83,104.00,44.87,0.99,4,-1,-1
615,260,406.46,177.54,87.80,40.22,1.00,4,-1,-1
615,262,968.69,141.13,278.79,105.21,0.82,5,-1,-1
615,266,311.42,224.33,108.86,63.04,0.99,4,-1,-1
615,257,181.96,163.03,85.90,43.72,0.65,4,-1,-1
615,273,607.01,163.54,176.13,157.45,0.97,6,-1,-1
615,237,550.92,314.41,80.83,89.73,0.85,6,-1,-1
615,275,182.09,162.74,89.08,43.01,0.51,4,-1,-1
615,276,966.50,141.09,281.75,105.66,0.84,6,-1,-1
616,35,1183.75,672.25,161.44,92.25,0.87,4,-1,-1
616,36,297.85,701.94,202.99,62.46,0.92,4,-1,-1
616,135,217.91,618.28,236.14,142.26,0.62,4,-1,-1
616,208,944.29,482.67,170.34,106.55,0.99,5,-1,-1
616,249,72.88,239.18,117.31,49.48,0.71,4,-1,-1
616,251,440.57,293.29,96.40,68.79,0.99,4,-1,-1
616,259,227.64,190.49,103.58,44.84,0.99,4,-1,-1
616,260,399.54,178.19,87.55,40.34,0.99,4,-1,-1
616,262,966.72,142.26,278.51,105.41,0.87,6,-1,-1
616,266,313.39,225.88,108.24,63.34,0.99,4,-1,-1
616,257,175.79,163.49,85.79,43.37,0.72,4,-1,-1
616,273,606.15,164.49,175.13,158.51,0.96,6,-1,-1
616,237,551.87,318.68,80.80,84.18,0.95,6,-1,-1
616,275,176.21,162.90,88.90,43.00,0.15,4,-1,-1
617,35,1190.32,676.25,157.52,88.34,0.85,4,-1,-1
617,36,296.98,705.52,203.47,58.95,0.93,4,-1,-1
617,135,196.79,617.70,255.96,145.82,0.58,4,-1,-1
617,208,944.97,485.43,170.84,107.41,0.99,5,-1,-1
617,249,65.88,239.06,117.91,50.65,0.93,4,-1,-1
617,251,441.79,295.79,96.97,69.74,0.99,4,-1,-1
617,259,219.71,190.69,103.44,44.98,0.99,4,-1,-1
617,260,393.17,178.66,88.03,40.67,0.99,4,-1,-1
617,262,963.34,143.59,279.59,104.94,0.94,6,-1,-1
617,266,315.39,227.37,107.75,64.28,0.98,4,-1,-1
617,257,168.80,163.88,86.49,43.94,0.91,4,-1,-1
617,273,604.48,164.59,178.62,162.61,0.99,6,-1,-1
617,237,552.47,322.72,79.70,82.03,0.89,6,-1,-1
617,277,178.98,219.64,72.25,39.27,0.87,7,-1,-1
618,35,1193.20,680.38,156.01,84.14,0.82,4,-1,-1
618,36,297.35,708.52,202.68,55.51,0.85,4,-1,-1
618,135,192.87,617.18,258.51,147.15,0.61,4,-1,-1
618,208,945.16,487.42,172.10,108.28,0.99,5,-1,-1
618,249,62.97,238.56,114.58,51.93,0.81,4,-1,-1
618,251,443.04,298.47,97.18,70.93,0.99,4,-1,-1
618,259,211.18,190.60,103.73,45.61,0.99,4,-1,-1
618,260,386.81,179.39,87.62,40.37,0.99,4,-1,-1
618,262,962.72,144.00,277.69,105.63,0.93,6,-1,-1
618,266,317.36,229.15,108.41,65.19,0.98,4,-1,-1
618,257,162.64,163.79,86.17,45.15,0.90,4,-1,-1
618,273,602.80,164.78,181.52,165.80,0.99,6,-1,-1
618,237,553.23,326.53,79.29,80.40,0.82,6,-1,-1
618,277,182.89,217.80,71.18,42.49,0.83,7,-1,-1
619,35,1197.22,683.78,154.35,81.04,0.82,4,-1,-1
619,36,297.54,711.83,201.59,52.09,0.79,4,-1,-1
619,135,192.21,620.76,257.92,143.73,0.66,4,-1,-1
619,208,945.37,489.78,172.59,108.05,1.00,5,-1,-1
619,249,58.99,241.81,111.69,50.19,0.88,4,-1,-1
619,251,444.91,301.20,96.70,71.10,0.98,4,-1,-1
619,259,202.27,190.64,103.49,45.85,0.99,4,-1,-1
619,260,380.04,179.81,88.47,40.90,1.00,4,-1,-1
619,262,961.63,144.78,275.88,105.89,0.92,6,-1,-1
619,266,318.34,231.14,108.68,65.80,0.94,4,-1,-1
619,257,156.61,163.20,86.35,45.88,0.50,4,-1,-1
619,273,602.02,166.04,182.02,165.89,0.97,6,-1,-1
619,237,554.13,330.22,76.89,77.24,0.91,6,-1,-1
619,277,183.79,218.88,73.96,43.04,0.88,7,-1,-1
620,35,1202.53,687.75,150.30,76.50,0.75,4,-1,-1
620,36,300.64,714.59,196.49,49.26,0.84,4,-1,-1
620,135,220.98,634.96,228.43,129.90,0.63,4,-1,-1
620,208,945.94,492.57,172.72,107.92,1.00,5,-1,-1
620,249,53.99,242.01,110.87,51.76,0.43,4,-1,-1
620,251,447.26,304.17,96.51,71.41,0.99,4,-1,-1
620,259,195.29,191.00,101.97,46.20,0.99,4,-1,-1
620,260,373.38,180.94,89.19,40.59,1.00,4,-1,-1
620,262,959.53,146.22,276.29,105.39,0.94,6,-1,-1
620,266,320.63,233.04,107.36,66.28,0.98,4,-1,-1
620,273,600.36,166.93,183.77,167.13,0.97,6,-1,-1
620,237,554.42,333.77,81.21,85.70,0.89,6,-1,-1
620,277,187.69,225.20,74.85,38.62,0.96,7,-1,-1
620,278,217.40,217.82,25.29,35.11,0.89,2,-1,-1
621,35,1206.14,691.34,148.84,72.69,0.78,4,-1,-1
621,36,302.92,720.24,190.86,43.58,0.70,4,-1,-1
621,135,207.63,641.50,240.63,123.18,0.39,4,-1,-1
621,208,946.71,496.61,172.77,106.73,0.99,5,-1,-1
621,251,448.56,306.56,97.03,72.64,0.99,4,-1,-1
621,259,187.20,191.63,101.41,46.48,0.99,4,-1,-1
621,260,366.08,181.64,90.17,40.68,1.00,4,-1,-1
621,262,953.73,147.79,278.75,104.50,0.92,6,-1,-1
621,266,322.60,234.92,107.44,67.00,0.99,4,-1,-1
621,273,597.21,167.96,187.19,169.04,0.96,6,-1,-1
621,237,553.34,337.91,80.53,81.48,0.85,6,-1,-1
621,277,187.22,225.03,79.28,40.86,0.98,7,-1,-1
621,278,218.94,219.58,27.61,35.07,0.81,2,-1,-1
622,35,1209.06,695.34,148.33,68.53,0.66,4,-1,-1
622,36,311.75,725.63,178.29,38.12,0.55,4,-1,-1
622,135,204.21,648.31,241.22,116.10,0.34,4,-1,-1
622,208,948.10,500.55,171.62,105.68,0.99,5,-1,-1
622,251,450.14,309.04,96.08,73.64,0.99,4,-1,-1
622,259,180.83,192.21,98.91,45.79,0.99,4,-1,-1
622,260,359.52,182.65,90.10,40.21,0.99,4,-1,-1
622,262,949.36,148.69,281.92,104.35,0.94,6,-1,-1
622,266,324.72,236.70,106.05,67.24,0.99,4,-1,-1
622,273,594.40,168.88,187.85,169.96,0.98,6,-1,-1
622,237,554.61,341.43,79.14,79.14,0.94,6,-1,-1
622,277,188.65,225.60,82.12,41.18,0.99,7,-1,-1
622,278,223.67,220.63,24.84,34.08,0.79,2,-1,-1
623,35,1211.90,699.37,147.05,64.88,0.79,4,-1,-1
623,36,313.08,730.61,174.81,33.47,0.47,4,-1,-1
623,135,203.57,650.30,241.38,114.17,0.33,4,-1,-1
623,208,948.19,503.98,173.45,105.88,0.99,5,-1,-1
623,251,452.47,311.96,96.30,74.03,0.98,4,-1,-1
623,259,171.71,192.47,99.43,45.69,0.99,4,-1,-1
623,260,353.03,183.30,89.92,40.69,1.00,4,-1,-1
623,262,945.76,149.28,283.15,104.78,0.93,6,-1,-1
623,266,326.52,238.52,105.83,67.34,0.98,4,-1,-1
623,273,595.22,168.76,185.78,173.10,0.98,6,-1,-1
623,237,554.60,345.02,79.77,80.91,0.90,6,-1,-1
623,277,190.01,226.82,85.04,41.03,1.00,7,-1,-1
623,278,230.08,223.96,22.47,33.73,0.42,2,-1,-1
623,279,239.49,227.32,20.92,32.44,0.71,2,-1,-1
624,35,1219.05,703.16,140.87,60.75,0.64,4,-1,-1
624,36,316.57,733.16,170.66,31.00,0.27,4,-1,-1
624,135,201.27,650.33,242.19,114.03,0.42,4,-1,-1
624,208,948.70,507.09,174.11,105.34,0.99,5,-1,-1
624,251,454.39,315.01,96.95,74.40,0.99,4,-1,-1
624,259,165.41,193.46,96.70,44.84,0.99,4,-1,-1
624,260,346.43,184.46,89.55,40.13,1.00,4,-1,-1
624,262,946.07,150.04,281.30,105.15,0.94,6,-1,-1
624,266,327.95,240.24,106.32,68.44,0.96,4,-1,-1
624,273,595.54,169.80,184.32,173.55,0.99,6,-1,-1
624,237,555.12,349.67,81.71,78.98,0.94,6,-1,-1
624,277,191.13,228.17,88.38,40.97,1.00,7,-1,-1
624,278,234.07,224.00,22.26,33.63,0.96,2,-1,-1
624,256,574.38,189.53,78.32,42.20,0.68,4,-1,-1
625,35,1226.19,706.61,133.96,57.09,0.50,4,-1,-1
625,36,327.61,736.91,161.53,27.22,0.14,4,-1,-1
625,135,204.47,656.20,238.25,108.23,0.37,4,-1,-1
625,208,949.44,510.35,174.33,105.12,1.00,5,-1,-1
625,251,455.63,317.43,97.19,75.91,0.98,4,-1,-1
625,259,158.66,193.80,94.90,45.08,0.99,4,-1,-1
625,260,339.56,185.14,89.11,39.91,0.99,4,-1,-1
625,262,945.73,150.46,278.29,105.62,0.93,6,-1,-1
625,266,329.15,241.93,106.51,68.83,0.99,4,-1,-1
625,273,594.04,170.36,185.40,172.86,0.99,6,-1,-1
625,237,555.88,353.93,78.51,73.09,0.98,6,-1,-1
625,277,191.63,227.83,92.31,42.71,0.99,7,-1,-1
625,278,238.81,224.67,24.16,34.55,0.98,2,-1,-1
625,256,567.19,190.78,78.26,41.10,0.62,4,-1,-1
626,35,1231.16,710.84,129.24,53.03,0.65,4,-1,-1
626,135,196.74,660.60,244.73,103.26,0.36,4,-1,-1
626,208,950.39,513.84,174.45,104.54,0.99,5,-1,-1
626,251,456.52,320.03,97.88,77.08,0.99,4,-1,-1
626,259,154.80,194.19,90.20,45.62,0.98,4,-1,-1
626,260,332.74,185.44,88.69,40.22,0.99,4,-1,-1
626,262,943.61,150.53,278.40,106.74,0.94,6,-1,-1
626,266,330.41,243.66,106.62,69.57,0.99,4,-1,-1
626,273,592.70,171.01,186.38,171.51,0.99,6,-1,-1
626,237,556.11,358.36,78.45,71.24,0.88,6,-1,-1
626,277,192.52,228.68,95.78,43.37,0.99,7,-1,-1
626,278,242.97,224.74,26.27,35.79,0.99,2,-1,-1
626,256,560.26,191.75,74.90,40.24,0.88,4,-1,-1
627,35,1235.55,714.71,125.26,48.78,0.51,4,-1,-1
627,135,209.14,663.67,231.20,100.33,0.31,4,-1,-1
627,208,950.11,515.83,176.69,105.99,0.99,5,-1,-1
627,251,457.48,321.91,99.24,78.59,0.98,4,-1,-1
627,259,150.43,195.08,86.34,45.67,0.99,4,-1,-1
627,260,325.07,185.65,89.35,40.81,0.99,4,-1,-1
627,262,941.73,151.16,279.47,107.12,0.95,6,-1,-1
627,266,331.82,245.28,106.63,70.08,0.98,4,-1,-1
627,273,590.91,171.44,187.77,171.72,0.98,6,-1,-1
627,237,555.98,362.12,80.69,71.77,0.93,6,-1,-1
627,277,195.76,228.99,97.20,44.45,0.96,7,-1,-1
627,278,246.99,225.64,27.32,35.93,0.98,2,-1,-1
627,256,553.55,193.35,72.39,38.96,0.92,4,-1,-1
628,35,1241.07,718.21,119.29,45.73,0.54,4,-1,-1
628,135,198.25,671.96,241.33,92.33,0.24,4,-1,-1
628,208,951.08,517.82,177.54,106.54,0.99,5,-1,-1
628,251,459.07,324.43,98.63,78.87,0.98,4,-1,-1
628,259,146.30,195.06,81.87,45.11,0.99,4,-1,-1
628,260,317.49,185.91,89.61,40.89,0.99,4,-1,-1
628,262,935.97,151.95,282.19,107.11,0.92,6,-1,-1
628,266,333.28,247.03,106.66,69.98,0.98,4,-1,-1
628,273,588.77,171.98,189.97,171.99,0.98,6,-1,-1
628,237,556.38,366.45,78.73,70.56,0.97,6,-1,-1
628,277,199.68,229.58,97.72,44.85,0.98,7,-1,-1
628,278,251.32,226.30,27.16,36.26,0.99,2,-1,-1
628,256,546.40,193.27,73.74,39.34,0.91,4,-1,-1
629,35,1246.37,722.19,113.73,41.81,0.58,4,-1,-1
629,208,952.55,520.41,177.83,105.58,0.99,5,-1,-1
629,251,459.92,326.76,98.96,80.05,0.97,4,-1,-1
629,259,139.14,193.93,80.06,45.67,0.98,4,-1,-1
629,260,309.84,186.65,90.54,40.76,0.99,4,-1,-1
629,262,933.83,152.67,280.93,107.05,0.91,6,-1,-1
629,266,334.92,248.85,106.11,70.18,0.99,4,-1,-1
629,273,587.15,172.15,190.76,171.80,0.98,6,-1,-1
629,237,556.24,369.36,81.40,70.14,0.93,6,-1,-1
629,277,204.14,230.57,97.25,44.97,0.99,7,-1,-1
629,278,255.68,227.04,27.36,36.94,0.98,2,-1,-1
629,256,539.75,192.57,78.17,41.02,0.96,4,-1,-1
630,35,1249.95,725.25,110.78,38.90,0.54,4,-1,-1
630,208,953.15,521.32,179.11,107.53,0.98,5,-1,-1
630,251,461.46,329.17,98.55,81.06,0.98,4,-1,-1
630,259,130.99,195.34,79.15,44.34,0.93,4,-1,-1
630,260,301.66,187.69,90.64,40.52,0.99,4,-1,-1
630,262,932.08,153.08,280.54,107.35,0.92,6,-1,-1
630,266,337.42,250.50,105.51,70.26,0.98,4,-1,-1
630,273,583.71,172.21,193.89,172.05,0.99,6,-1,-1
630,237,556.93,373.26,80.73,68.76,0.95,6,-1,-1
630,277,208.37,231.36,97.27,45.02,0.99,7,-1,-1
630,278,260.23,228.16,26.87,36.35,0.99,2,-1,-1
630,256,532.63,192.52,80.96,41.88,0.95,4,-1,-1
630,280,693.28,346.43,91.36,61.05,0.72,5,-1,-1
631,35,1254.03,729.45,106.33,34.39,0.31,4,-1,-1
631,208,953.98,524.36,179.56,107.68,0.95,5,-1,-1
631,251,462.92,331.67,97.81,81.42,0.99,4,-1,-1
631,259,118.29,195.67,83.14,45.20,0.81,4,-1,-1
631,260,293.27,187.79,91.80,40.99,0.99,4,-1,-1
631,262,930.44,153.91,281.50,107.17,0.93,6,-1,-1
631,266,339.10,252.47,105.15,69.99,0.97,4,-1,-1
631,273,580.86,171.94,196.71,172.66,0.97,6,-1,-1
631,237,556.69,377.99,83.87,65.10,0.96,6,-1,-1
631,277,212.69,232.19,97.20,45.02,0.99,7,-1,-1
631,278,264.58,228.98,27.53,36.39,0.99,2,-1,-1
631,256,526.07,192.69,83.68,42.27,0.96,4,-1,-1
631,280,694.88,347.65,90.06,61.15,0.89,5,-1,-1
631,281,341.30,475.14,88.79,81.96,0.68,4,-1,-1
632,35,1259.16,733.32,101.33,30.63,0.32,4,-1,-1
632,208,953.50,526.78,181.92,108.26,0.94,5,-1,-1
632,251,464.17,334.39,97.51,82.05,0.94,4,-1,-1
632,259,108.28,195.65,84.15,45.43,0.70,4,-1,-1
632,260,285.53,188.51,91.64,40.94,0.99,4,-1,-1
632,262,928.57,154.11,281.80,108.04,0.94,6,-1,-1
632,266,340.45,254.49,105.00,69.28,0.98,4,-1,-1
632,273,579.14,172.16,197.69,173.09,0.98,6,-1,-1
632,237,555.93,382.32,87.81,66.29,0.93,6,-1,-1
632,277,217.62,233.82,96.78,44.71,0.99,7,-1,-1
632,278,269.28,230.47,27.20,36.67,0.99,2,-1,-1
632,256,518.70,192.60,87.99,43.17,0.97,4,-1,-1
632,280,696.13,348.80,87.83,63.15,0.88,5,-1,-1
632,281,340.91,477.04,85.43,80.71,0.89,4,-1,-1
633,35,1261.52,737.29,99.78,27.16,0.41,4,-1,-1
633,208,954.60,531.05,182.80,106.82,0.91,5,-1,-1
633,251,465.54,337.67,96.83,81.46,0.98,4,-1,-1
633,259,96.24,196.50,88.40,45.40,0.42,4,-1,-1
633,260,277.33,188.89,92.14,41.43,1.00,4,-1,-1
633,262,927.05,154.43,280.80,108.41,0.92,6,-1,-1
633,266,341.83,256.24,105.25,70.44,0.99,4,-1,-1
633,273,577.03,172.32,198.57,172.43,0.97,6,-1,-1
633,237,556.86,386.90,84.89,65.32,0.95,6,-1,-1
633,277,222.16,234.59,97.42,44.60,0.99,7,-1,-1
633,278,273.67,231.62,26.77,36.21,0.98,2,-1,-1
633,256,511.82,193.75,91.28,41.98,0.97,4,-1,-1
633,280,697.22,349.73,86.38,61.50,0.91,5,-1,-1
633,281,340.52,479.79,75.44,77.85,0.95,4,-1,-1
634,35,1264.79,740.12,95.82,24.39,0.46,4,-1,-1
634,208,955.85,535.68,183.05,105.07,0.92,5,-1,-1
634,251,466.14,340.59,97.70,82.57,0.98,4,-1,-1
634,260,269.21,189.99,92.58,42.02,1.00,4,-1,-1
634,262,921.74,155.56,287.15,108.15,0.92,6,-1,-1
634,266,343.46,258.22,106.03,71.96,0.98,4,-1,-1
634,273,574.42,172.77,199.92,172.09,0.97,6,-1,-1
634,237,556.20,392.80,86.50,63.24,0.80,6,-1,-1
634,277,226.11,235.39,97.86,45.10,0.99,7,-1,-1
634,278,278.78,233.13,27.17,36.30,0.99,2,-1,-1
634,256,505.37,195.52,89.21,39.99,0.97,4,-1,-1
634,280,697.65,350.55,86.64,61.49,0.97,5,-1,-1
634,281,339.42,481.75,71.19,82.94,0.96,4,-1,-1
635,35,1267.88,744.49,94.60,20.53,0.25,4,-1,-1
635,208,958.29,541.41,182.03,102.75,0.96,5,-1,-1
635,251,467.90,343.86,98.04,82.73,0.98,4,-1,-1
635,260,261.61,190.74,93.04,42.26,0.99,4,-1,-1
635,262,920.74,156.87,285.08,107.46,0.93,6,-1,-1
635,266,345.14,260.56,106.21,72.00,0.98,4,-1,-1
635,273,573.17,173.04,198.74,173.15,0.96,6,-1,-1
635,237,556.13,396.84,87.10,64.01,0.96,6,-1,-1
635,277,231.27,236.31,98.28,45.59,0.99,7,-1,-1
635,278,283.77,234.18,27.32,36.34,0.97,2,-1,-1
635,256,498.93,196.86,90.00,38.95,0.98,4,-1,-1
635,280,698.88,351.55,86.80,69.90,0.95,5,-1,-1
635,281,338.91,483.85,70.68,83.25,0.98,4,-1,-1
636,35,1276.67,747.08,86.09,17.68,0.12,4,-1,-1
636,208,959.40,546.52,183.90,101.33,0.97,5,-1,-1
636,251,469.80,346.63,98.18,83.05,0.98,4,-1,-1
636,260,253.79,191.49,92.93,42.34,1.00,4,-1,-1
636,262,920.10,157.96,283.14,107.48,0.94,6,-1,-1
636,266,347.12,262.87,106.43,72.57,0.98,4,-1,-1
636,273,571.80,173.46,200.50,172.69,0.97,6,-1,-1
636,237,556.84,401.55,82.27,70.64,0.86,6,-1,-1
636,277,235.93,237.27,99.25,46.33,0.99,7,-1,-1
636,278,288.17,235.32,27.94,36.64,0.99,2,-1,-1
636,256,492.97,197.68,89.16,39.16,0.99,4,-1,-1
636,280,699.71,352.81,86.27,69.59,0.96,5,-1,-1
636,281,338.10,486.22,69.73,85.11,0.99,4,-1,-1
637,208,963.48,552.15,181.15,99.01,0.97,5,-1,-1
637,251,470.90,349.88,98.22,83.65,0.97,4,-1,-1
637,260,245.39,192.41,92.56,42.40,0.99,4,-1,-1
637,262,918.48,158.78,282.32,107.37,0.95,6,-1,-1
637,266,349.83,265.06,105.22,72.71,0.98,4,-1,-1
637,273,569.46,173.78,200.54,172.88,0.98,6,-1,-1
637,237,558.09,407.11,78.61,66.92,0.92,6,-1,-1
637,277,241.32,239.30,98.70,45.71,1.00,7,-1,-1
637,278,292.84,236.56,28.17,36.73,0.99,2,-1,-1
637,256,486.32,198.78,90.44,38.91,0.98,4,-1,-1
637,280,699.46,354.23,85.49,62.27,0.93,5,-1,-1
637,281,337.37,488.76,70.51,83.28,0.98,4,-1,-1
638,208,964.93,558.20,181.18,94.75,0.96,5,-1,-1
638,251,471.52,352.25,98.78,85.15,0.99,4,-1,-1
638,260,237.29,192.81,93.54,43.14,1.00,4,-1,-1
638,262,915.14,158.91,283.13,108.45,0.96,6,-1,-1
638,266,351.62,267.31,105.32,72.48,0.98,4,-1,-1
638,273,566.96,173.66,202.15,174.18,0.96,6,-1,-1
638,237,558.21,412.18,79.58,61.38,0.78,6,-1,-1
638,277,246.06,240.81,98.42,45.20,1.00,7,-1,-1
638,278,297.96,237.63,27.96,37.33,0.99,2,-1,-1
638,256,479.85,199.00,93.13,39.70,0.99,4,-1,-1
638,280,700.19,354.68,85.23,60.85,0.97,5,-1,-1
638,281,336.96,490.69,72.36,88.51,0.99,4,-1,-1
639,208,961.99,564.05,185.76,91.46,0.95,5,-1,-1
639,251,473.29,355.07,98.44,85.98,0.99,4,-1,-1
639,260,228.87,193.40,92.79,43.27,1.00,4,-1,-1
639,262,912.20,158.85,284.61,109.48,0.95,6,-1,-1
639,266,353.37,268.98,106.38,73.80,0.99,4,-1,-1
639,273,564.29,173.98,203.89,174.44,0.98,6,-1,-1
639,237,557.88,417.21,78.82,64.53,0.82,6,-1,-1
639,277,250.53,241.81,98.59,45.85,0.98,7,-1,-1
639,278,301.99,238.32,29.30,38.68,0.99,2,-1,-1
639,256,473.32,199.22,96.35,40.28,0.98,4,-1,-1
639,280,698.90,355.26,86.96,74.58,0.88,5,-1,-1
639,281,335.87,492.82,73.96,89.77,0.98,4,-1,-1
640,208,960.33,570.36,189.71,88.59,0.93,5,-1,-1
640,251,474.76,357.40,98.31,87.12,0.99,4,-1,-1
640,260,220.21,194.03,93.62,43.11,1.00,4,-1,-1
640,262,907.84,160.03,287.42,108.90,0.96,6,-1,-1
640,266,355.52,270.91,106.07,74.85,0.99,4,-1,-1
640,273,562.25,174.39,205.63,174.75,0.98,6,-1,-1
640,237,557.47,422.57,81.41,59.66,0.93,6,-1,-1
640,277,255.19,242.66,98.05,46.38,1.00,7,-1,-1
640,278,307.44,239.75,28.68,38.91,0.99,2,-1,-1
640,256,466.34,199.16,98.67,41.28,0.99,4,-1,-1
640,280,698.73,356.53,88.16,84.98,0.76,5,-1,-1
640,281,335.65,494.62,74.58,90.19,0.99,4,-1,-1
641,208,964.63,576.44,186.64,85.84,0.98,5,-1,-1
641,251,475.93,360.23,98.22,87.08,0.99,4,-1,-1
641,260,211.49,194.65,94.46,43.46,1.00,4,-1,-1
641,262,905.12,160.49,290.63,109.35,0.96,6,-1,-1
641,266,357.11,272.65,107.48,75.78,0.99,4,-1,-1
641,273,560.79,175.11,206.73,174.24,0.98,6,-1,-1
641,237,558.22,427.02,80.65,62.35,0.96,6,-1,-1
641,277,260.23,243.47,97.78,46.56,1.00,7,-1,-1
641,278,313.02,241.22,27.84,38.70,0.95,2,-1,-1
641,256,459.85,199.60,98.93,41.16,0.99,4,-1,-1
641,280,698.96,357.90,88.57,90.71,0.78,5,-1,-1
641,281,334.87,496.24,76.26,91.40,0.99,4,-1,-1
642,208,966.85,582.79,185.46,82.62,0.97,5,-1,-1
642,251,477.01,363.22,99.36,89.47,0.99,4,-1,-1
642,260,202.19,195.25,94.80,43.60,1.00,4,-1,-1
642,262,903.64,161.33,289.67,109.85,0.95,6,-1,-1
642,266,358.44,274.66,108.46,76.71,0.99,4,-1,-1
642,273,557.95,176.20,208.29,172.68,0.98,6,-1,-1
642,237,556.38,432.27,84.95,62.88,0.84,6,-1,-1
642,277,264.73,245.42,97.40,46.07,1.00,7,-1,-1
642,278,317.43,242.43,27.81,38.90,0.99,2,-1,-1
642,256,452.72,200.58,100.11,40.84,0.99,4,-1,-1
642,280,698.97,358.91,88.17,93.29,0.43,5,-1,-1
642,281,333.70,497.83,77.76,99.77,0.99,4,-1,-1
643,208,965.97,588.12,188.40,80.98,0.84,5,-1,-1
643,251,478.56,366.91,99.20,89.66,0.98,4,-1,-1
643,260,193.70,196.12,94.06,43.23,1.00,4,-1,-1
643,262,902.14,161.81,288.12,110.91,0.94,6,-1,-1
643,266,360.21,277.29,108.68,76.49,0.99,4,-1,-1
643,273,555.34,176.17,211.07,172.96,0.96,6,-1,-1
643,237,556.87,437.90,87.07,61.27,0.90,6,-1,-1
643,277,269.46,246.79,96.67,46.17,1.00,7,-1,-1
643,278,322.38,243.67,28.07,40.38,0.99,2,-1,-1
643,256,445.86,200.99,100.51,41.08,0.99,4,-1,-1
643,280,699.03,360.37,90.30,96.38,0.52,6,-1,-1
643,281,332.34,500.58,80.30,103.44,0.99,4,-1,-1
644,208,967.31,593.76,188.37,79.26,0.86,5,-1,-1
644,251,480.18,370.16,98.59,90.51,0.97,4,-1,-1
644,260,184.65,197.18,94.06,42.63,1.00,4,-1,-1
644,262,895.34,162.67,292.07,110.66,0.94,6,-1,-1
644,266,361.89,279.50,107.92,76.35,0.99,4,-1,-1
644,273,553.49,175.53,212.68,174.14,0.97,6,-1,-1
644,237,556.20,443.18,86.23,62.96,0.82,6,-1,-1
644,277,273.99,248.29,97.24,46.18,1.00,7,-1,-1
644,278,326.98,245.53,27.61,39.53,0.96,2,-1,-1
644,256,438.65,201.46,101.74,41.07,1.00,4,-1,-1
644,280,698.73,361.37,94.50,102.63,0.43,5,-1,-1
644,281,331.44,503.26,81.27,106.45,0.99,4,-1,-1
645,208,971.20,598.92,186.05,77.59,0.36,5,-1,-1
645,251,481.96,373.41,97.77,91.26,0.98,4,-1,-1
645,260,175.81,198.06,94.97,42.71,0.99,4,-1,-1
645,262,895.27,163.23,291.25,111.62,0.93,6,-1,-1
645,266,364.25,282.07,107.60,76.87,0.99,4,-1,-1
645,273,550.19,176.22,215.45,173.43,0.94,6,-1,-1
645,237,556.28,449.55,86.98,63.60,0.72,6,-1,-1
645,277,279.04,249.48,96.86,46.20,0.99,7,-1,-1
645,278,331.32,246.87,28.28,39.18,1.00,2,-1,-1
645,256,431.95,202.53,102.01,41.01,1.00,4,-1,-1
645,280,697.02,362.35,99.95,126.01,0.76,5,-1,-1
645,281,330.33,505.58,85.83,112.53,0.99,4,-1,-1
646,208,979.29,602.67,179.41,76.44,0.49,5,-1,-1
646,251,482.79,376.27,98.58,92.45,0.99,4,-1,-1
646,260,166.94,198.93,94.78,42.43,0.99,4,-1,-1
646,262,894.03,164.03,290.83,111.89,0.93,6,-1,-1
646,266,365.88,284.48,108.31,77.30,0.99,4,-1,-1
646,273,547.51,176.36,215.84,172.85,0.96,6,-1,-1
646,237,554.00,455.88,90.05,63.26,0.69,6,-1,-1
646,277,283.59,250.42,96.41,47.03,1.00,7,-1,-1
646,278,335.45,248.43,28.53,39.02,0.99,2,-1,-1
646,256,424.82,203.02,102.32,41.53,1.00,4,-1,-1
646,280,696.52,363.65,103.10,136.65,0.65,5,-1,-1
646,281,329.67,507.95,90.56,114.79,0.99,4,-1,-1
647,251,484.36,379.99,97.14,93.01,0.99,4,-1,-1
647,260,158.40,199.70,94.11,42.61,0.99,4,-1,-1
647,262,891.22,163.93,291.70,113.14,0.91,6,-1,-1
647,266,367.06,286.92,108.96,77.72,0.99,4,-1,-1
647,273,545.64,177.23,216.41,172.63,0.96,6,-1,-1
647,237,553.54,462.66,86.69,60.30,0.74,6,-1,-1
647,277,287.93,252.49,96.47,46.78,1.00,7,-1,-1
647,278,340.15,250.17,28.32,38.67,0.99,2,-1,-1
647,256,418.23,203.42,101.66,42.01,1.00,4,-1,-1
647,280,695.89,363.38,104.23,129.96,0.74,5,-1,-1
647,281,329.06,509.92,88.20,113.92,0.99,4,-1,-1
648,251,486.78,383.82,96.03,93.97,0.99,4,-1,-1
648,260,148.52,201.05,95.54,42.28,0.99,4,-1,-1
648,262,889.41,165.77,290.81,111.76,0.94,6,-1,-1
648,266,368.33,288.83,109.62,78.65,0.99,4,-1,-1
648,273,541.44,178.08,220.51,171.77,0.97,6,-1,-1
648,237,553.58,470.09,85.90,60.30,0.38,6,-1,-1
648,277,291.70,253.90,97.62,47.47,0.99,7,-1,-1
648,278,343.76,251.57,29.66,39.65,0.99,2,-1,-1
648,256,411.22,204.69,101.76,41.36,0.99,4,-1,-1
648,280,696.03,364.59,102.95,132.45,0.95,5,-1,-1
648,281,327.88,512.27,87.20,110.04,1.00,4,-1,-1
649,251,489.41,387.51,95.09,94.82,0.99,4,-1,-1
649,260,140.23,201.69,94.99,42.36,0.99,4,-1,-1
649,262,888.97,167.11,289.47,111.39,0.95,6,-1,-1
649,266,369.90,291.44,110.19,78.51,0.98,4,-1,-1
649,273,539.01,178.73,222.66,172.28,0.96,6,-1,-1
649,277,297.05,255.47,97.24,48.07,1.00,7,-1,-1
649,278,348.93,253.44,28.49,39.48,0.99,2,-1,-1
649,256,404.14,205.39,102.39,41.45,0.99,4,-1,-1
649,280,696.34,365.75,102.99,136.57,0.95,5,-1,-1
649,281,326.98,515.06,88.50,110.78,0.99,4,-1,-1
650,251,489.09,391.37,97.03,97.02,0.98,4,-1,-1
650,260,135.33,202.48,89.81,42.65,1.00,4,-1,-1
650,262,887.91,168.13,290.16,111.98,0.94,6,-1,-1
650,266,372.73,293.71,108.85,79.37,0.99,4,-1,-1
650,273,536.23,179.92,225.11,171.23,0.95,6,-1,-1
650,277,301.90,256.91,97.39,48.36,1.00,7,-1,-1
650,278,354.01,255.29,28.29,39.16,1.00,2,-1,-1
650,256,396.19,206.18,103.88,41.48,0.99,4,-1,-1
650,280,696.18,366.59,104.06,141.02,0.95,5,-1,-1
650,281,325.90,517.87,90.92,111.66,0.99,4,-1,-1
651,251,490.56,394.82,96.62,98.74,0.99,4,-1,-1
651,260,132.60,203.48,83.17,42.70,0.99,4,-1,-1
651,262,886.77,168.95,290.36,112.34,0.94,6,-1,-1
651,266,373.10,295.81,110.03,80.17,0.99,4,-1,-1
651,273,534.27,180.81,225.97,169.55,0.96,6,-1,-1
651,277,306.63,258.77,96.85,48.40,1.00,7,-1,-1
651,278,358.37,257.15,27.94,40.14,0.98,2,-1,-1
651,256,388.27,206.80,104.40,41.57,1.00,4,-1,-1
651,280,696.00,367.48,106.68,144.06,0.90,5,-1,-1
651,281,324.57,520.27,92.93,114.67,0.98,4,-1,-1
652,251,493.26,399.57,94.78,99.27,0.98,4,-1,-1
652,260,124.25,203.79,81.98,43.02,0.98,4,-1,-1
652,262,883.64,170.25,291.61,111.96,0.95,6,-1,-1
652,266,375.06,298.23,109.92,81.62,0.99,4,-1,-1
652,273,530.20,181.61,227.97,168.92,0.94,6,-1,-1
652,277,311.38,260.69,96.09,48.15,1.00,7,-1,-1
652,278,362.85,259.07,28.09,40.79,0.98,2,-1,-1
652,256,380.94,207.28,105.15,42.05,1.00,4,-1,-1
652,280,695.08,368.69,108.22,145.16,0.97,5,-1,-1
652,281,322.71,522.85,95.91,117.48,0.98,4,-1,-1
652,282,856.36,363.08,110.99,133.41,0.94,6,-1,-1
653,251,494.68,404.16,92.91,99.47,0.98,4,-1,-1
653,260,115.61,205.11,79.79,41.32,0.92,4,-1,-1
653,262,879.57,170.98,293.07,112.80,0.97,6,-1,-1
653,266,375.25,301.65,110.81,81.79,0.99,4,-1,-1
653,273,525.73,182.18,229.68,169.46,0.93,6,-1,-1
653,277,315.08,261.74,96.33,49.12,1.00,7,-1,-1
653,278,367.55,261.24,27.86,40.16,1.00,2,-1,-1
653,256,372.71,208.17,105.07,42.24,1.00,4,-1,-1
653,280,693.63,369.45,109.85,136.62,0.91,5,-1,-1
653,281,320.51,525.91,93.39,112.85,0.99,4,-1,-1
653,282,855.85,366.43,112.39,126.11,0.84,6,-1,-1
654,251,493.92,408.09,92.90,101.81,0.98,4,-1,-1
654,260,94.59,207.28,91.99,66.97,0.68,4,-1,-1
654,262,874.29,171.87,294.12,112.83,0.94,6,-1,-1
654,266,373.79,304.71,112.51,82.70,0.99,4,-1,-1
654,273,522.32,183.83,229.36,168.32,0.92,6,-1,-1
654,277,317.33,264.07,97.35,49.21,1.00,7,-1,-1
654,278,369.92,263.25,27.23,39.36,0.99,2,-1,-1
654,256,363.44,209.56,104.24,42.32,1.00,4,-1,-1
654,280,691.16,370.64,113.91,138.82,0.97,5,-1,-1
654,281,317.42,529.70,94.40,116.09,0.97,4,-1,-1
654,282,855.01,370.01,114.06,133.26,0.89,6,-1,-1
655,251,491.83,412.82,93.44,102.82,0.99,4,-1,-1
655,260,82.99,208.76,101.96,74.11,0.67,4,-1,-1
655,262,869.85,172.17,294.15,113.48,0.95,6,-1,-1
655,266,372.34,307.87,112.54,82.78,0.99,4,-1,-1
655,273,517.79,183.67,230.21,169.31,0.93,6,-1,-1
655,277,319.59,265.98,97.99,48.98,1.00,7,-1,-1
655,278,371.50,264.63,28.71,40.20,0.98,2,-1,-1
655,256,353.21,210.53,104.16,43.00,0.99,4,-1,-1
655,280,687.95,371.14,115.92,141.98,0.98,5,-1,-1
655,281,312.98,532.53,98.36,120.07,0.97,4,-1,-1
655,282,852.62,372.40,114.53,138.12,0.94,6,-1,-1
655,283,1274.72,218.57,81.96,50.80,0.64,4,-1,-1
656,251,489.47,417.64,94.76,105.03,0.99,4,-1,-1
656,260,79.42,210.80,105.75,78.11,0.63,4,-1,-1
656,262,861.86,172.79,296.52,113.83,0.96,6,-1,-1
656,266,370.55,311.12,113.61,83.53,0.99,4,-1,-1
656,273,510.34,183.09,231.49,169.35,0.95,6,-1,-1
656,277,321.81,268.85,97.60,48.81,1.00,7,-1,-1
656,278,373.70,267.13,27.55,40.19,0.99,2,-1,-1
656,256,341.93,212.03,105.45,43.12,1.00,4,-1,-1
656,280,684.50,372.15,116.04,143.50,0.98,6,-1,-1
656,281,309.01,535.78,100.07,123.66,0.96,4,-1,-1
656,282,848.99,373.22,115.87,121.74,0.92,6,-1,-1
656,283,1268.79,220.28,87.49,50.90,0.63,4,-1,-1
657,251,488.18,423.13,94.17,106.45,0.98,4,-1,-1
657,260,78.41,213.24,107.99,79.15,0.59,4,-1,-1
657,262,856.14,174.40,294.85,112.62,0.94,6,-1,-1
657,266,368.30,314.89,114.59,83.43,0.98,4,-1,-1
657,273,504.31,183.81,232.53,169.14,0.94,6,-1,-1
657,277,323.62,272.27,97.46,48.11,1.00,7,-1,-1
657,278,376.08,270.53,26.82,40.72,0.98,2,-1,-1
657,256,330.03,213.78,105.93,43.16,1.00,4,-1,-1
657,280,681.38,373.52,116.09,144.98,1.00,6,-1,-1
657,281,304.36,539.55,106.02,131.56,0.98,4,-1,-1
657,282,845.84,376.59,116.33,133.24,0.86,6,-1,-1
657,283,1260.93,221.19,95.01,51.22,0.93,5,-1,-1
658,251,485.75,428.97,94.54,107.37,0.99,4,-1,-1
658,260,41.61,215.22,143.89,86.03,0.70,4,-1,-1
658,262,850.80,174.93,294.21,112.44,0.94,6,-1,-1
658,266,366.35,318.02,115.79,84.50,0.99,4,-1,-1
658,273,496.85,184.75,232.89,168.21,0.94,6,-1,-1
658,277,324.90,274.87,97.97,47.84,0.99,7,-1,-1
658,278,378.14,273.11,27.71,41.20,0.99,2,-1,-1
658,256,318.00,215.72,106.66,43.10,1.00,4,-1,-1
658,280,677.21,374.66,117.19,147.67,0.98,6,-1,-1
658,281,299.89,543.24,108.01,132.36,0.99,4,-1,-1
658,282,843.68,380.10,115.25,132.43,0.70,6,-1,-1
658,283,1253.04,221.89,96.41,50.96,0.98,5,-1,-1
659,251,484.93,432.73,93.57,109.52,0.99,4,-1,-1
659,260,29.20,218.24,155.78,87.71,0.79,4,-1,-1
659,262,843.72,175.75,294.30,112.37,0.94,6,-1,-1
659,266,364.25,320.35,115.70,84.61,0.99,4,-1,-1
659,273,491.73,185.62,232.46,166.76,0.92,6,-1,-1
659,277,327.14,277.17,98.47,47.45,1.00,7,-1,-1
659,278,380.79,275.26,26.63,40.53,0.99,2,-1,-1
659,256,306.78,217.68,106.65,42.50,1.00,4,-1,-1
659,280,673.27,375.16,118.71,150.29,0.98,6,-1,-1
659,281,295.67,545.57,105.44,128.69,0.99,4,-1,-1
659,282,840.76,381.90,116.04,128.03,0.98,6,-1,-1
659,283,1243.16,221.91,97.87,50.85,0.98,5,-1,-1
660,251,482.51,436.65,94.89,109.65,0.99,4,-1,-1
660,260,24.68,219.80,163.73,88.42,0.92,4,-1,-1
660,262,837.42,175.28,294.18,112.50,0.94,6,-1,-1
660,266,365.22,321.66,113.47,85.97,0.99,4,-1,-1
660,273,486.96,185.53,233.28,165.79,0.90,6,-1,-1
660,277,330.18,278.09,98.88,48.41,1.00,7,-1,-1
660,278,383.55,276.68,27.07,40.53,0.98,2,-1,-1
660,256,296.21,218.73,106.57,41.94,0.99,4,-1,-1
660,280,670.19,375.44,118.66,151.64,0.99,6,-1,-1
660,281,292.65,547.03,103.17,124.77,0.99,4,-1,-1
660,282,837.34,382.92,116.56,128.37,0.97,6,-1,-1
660,283,1234.42,221.63,98.19,50.46,0.98,5,-1,-1
661,251,482.94,439.97,94.72,110.71,0.98,4,-1,-1
661,260,30.87,220.16,162.18,89.36,0.94,4,-1,-1
661,262,832.12,175.12,295.01,112.26,0.93,6,-1,-1
661,266,366.63,323.38,112.07,85.58,0.99,4,-1,-1
661,273,482.78,185.56,232.75,165.68,0.89,6,-1,-1
661,277,335.09,279.02,98.67,48.18,1.00,7,-1,-1
661,278,388.58,277.25,27.49,40.78,0.99,2,-1,-1
661,256,285.65,218.95,107.27,41.73,0.99,4,-1,-1
661,280,668.62,375.35,117.89,151.40,1.00,6,-1,-1
661,281,290.95,547.09,105.54,127.71,0.99,4,-1,-1
661,282,835.78,383.95,116.62,123.75,0.83,6,-1,-1
661,283,1227.36,221.14,96.91,50.61,0.97,5,-1,-1
662,251,485.61,442.96,93.50,112.22,0.99,4,-1,-1
662,260,36.01,220.17,163.58,89.13,0.94,4,-1,-1
662,262,830.06,174.78,292.74,112.82,0.94,6,-1,-1
662,266,367.40,324.53,114.65,85.73,0.98,4,-1,-1
662,273,479.42,184.92,233.60,165.15,0.89,6,-1,-1
662,277,341.74,279.03,98.99,48.69,1.00,7,-1,-1
662,278,395.12,277.28,27.92,41.44,0.98,2,-1,-1
662,256,278.11,218.58,107.23,41.68,0.99,4,-1,-1
662,280,668.09,374.57,117.51,151.94,1.00,6,-1,-1
662,281,290.61,546.88,105.52,127.66,0.99,4,-1,-1
662,282,835.78,384.58,117.17,121.50,0.90,6,-1,-1
662,283,1222.70,220.73,96.34,50.39,0.99,5,-1,-1
662,284,795.31,492.64,29.03,50.37,0.71,1,-1,-1
663,251,485.52,445.98,95.34,112.23,1.00,4,-1,-1
663,260,38.90,220.27,166.86,88.95,0.94,4,-1,-1
663,262,827.38,174.39,294.22,112.80,0.97,6,-1,-1
663,266,370.12,325.63,114.08,86.08,0.99,4,-1,-1
663,273,476.71,183.69,234.50,165.32,0.91,6,-1,-1
663,277,348.63,279.14,99.13,48.89,1.00,7,-1,-1
663,278,401.71,277.53,28.93,40.86,0.99,2,-1,-1
663,256,270.87,217.80,107.79,42.04,0.99,4,-1,-1
663,280,668.07,373.63,117.92,152.52,1.00,6,-1,-1
663,281,290.02,546.81,105.48,127.62,0.99,4,-1,-1
663,282,834.25,384.81,119.09,125.72,0.93,6,-1,-1
663,283,1218.56,220.47,96.10,50.62,0.97,5,-1,-1
664,251,486.57,449.21,96.00,113.88,0.99,4,-1,-1
664,260,42.10,220.32,170.28,89.36,0.96,4,-1,-1
664,262,824.25,174.00,295.87,113.12,0.95,6,-1,-1
664,266,372.37,327.17,114.25,86.77,0.99,4,-1,-1
664,273,474.43,184.13,234.76,163.38,0.93,6,-1,-1
664,277,355.29,279.92,100.01,48.70,0.99,7,-1,-1
664,278,408.52,278.24,28.19,40.35,0.99,2,-1,-1
664,256,263.71,216.50,107.12,43.53,0.99,4,-1,-1
664,280,668.09,372.70,118.01,153.23,1.00,6,-1,-1
664,281,289.68,546.65,105.68,128.70,1.00,4,-1,-1
664,282,834.79,386.11,117.50,134.51,0.98,6,-1,-1
664,283,1213.73,220.40,95.96,51.01,0.96,5,-1,-1
665,251,488.54,452.62,95.15,113.93,1.00,4,-1,-1
665,260,52.54,220.52,166.11,88.89,0.98,4,-1,-1
665,262,821.78,174.29,294.57,112.97,0.96,6,-1,-1
665,266,375.59,329.01,113.77,86.47,0.98,4,-1,-1
665,273,468.25,182.84,239.40,163.34,0.84,6,-1,-1
665,277,362.13,280.93,99.65,48.07,1.00,7,-1,-1
665,278,414.72,278.80,28.61,40.73,0.99,2,-1,-1
665,256,256.40,216.18,107.44,43.81,0.99,4,-1,-1
665,280,667.23,372.41,119.17,154.58,0.99,6,-1,-1
665,281,290.32,546.93,105.74,130.21,1.00,4,-1,-1
665,282,835.01,387.42,117.46,130.03,0.98,6,-1,-1
665,283,1208.74,220.34,97.04,51.15,0.98,5,-1,-1
666,251,489.88,456.75,95.42,114.01,1.00,4,-1,-1
666,260,60.04,220.56,164.71,88.73,1.00,4,-1,-1
666,262,818.84,174.03,296.23,113.93,0.95,6,-1,-1
666,266,378.20,329.81,113.64,88.12,0.99,4,-1,-1
666,273,465.35,182.61,239.55,162.40,0.87,6,-1,-1
666,277,368.79,281.54,100.41,48.46,1.00,7,-1,-1
666,278,421.45,279.81,28.77,41.19,0.99,2,-1,-1
666,256,248.88,216.04,107.05,43.77,0.99,4,-1,-1
666,280,666.89,371.76,120.18,155.87,0.99,6,-1,-1
666,281,289.82,547.42,104.37,128.07,0.99,4,-1,-1
666,282,835.43,388.51,118.62,124.16,0.97,6,-1,-1
666,283,1205.97,220.49,96.33,51.26,0.96,5,-1,-1
667,251,491.66,460.24,94.37,116.23,0.98,4,-1,-1
667,260,65.05,220.56,166.33,88.86,0.99,4,-1,-1
667,262,816.56,173.53,295.65,114.27,0.96,6,-1,-1
667,266,380.32,330.58,114.55,89.83,0.99,4,-1,-1
667,273,462.04,182.68,239.50,161.47,0.84,6,-1,-1
667,277,375.53,282.42,99.54,48.59,1.00,7,-1,-1
667,278,427.37,280.43,29.38,41.92,0.99,2,-1,-1
667,256,241.66,215.84,106.86,44.16,0.99,4,-1,-1
667,280,666.94,372.04,119.39,156.68,1.00,6,-1,-1
667,281,289.04,547.91,104.07,127.17,1.00,4,-1,-1
667,282,835.13,389.82,119.30,125.96,0.93,6,-1,-1
667,283,1201.42,220.79,97.15,51.57,0.93,5,-1,-1
668,251,493.19,464.29,93.98,120.40,0.97,4,-1,-1
668,260,69.22,220.70,167.93,88.58,1.00,4,-1,-1
668,262,815.65,173.52,292.33,113.85,0.97,6,-1,-1
668,266,382.65,331.83,114.47,90.48,0.98,4,-1,-1
668,273,458.17,181.04,240.02,161.45,0.89,6,-1,-1
668,277,381.85,282.74,100.06,49.50,1.00,7,-1,-1
668,278,434.65,281.64,28.63,41.91,0.99,2,-1,-1
668,256,233.92,215.29,106.79,44.38,1.00,4,-1,-1
668,280,666.78,372.21,119.62,159.19,1.00,6,-1,-1
668,281,288.81,547.83,103.66,125.12,0.99,4,-1,-1
668,282,835.40,391.29,119.26,132.44,0.95,6,-1,-1
668,283,1197.73,220.65,96.30,51.40,0.93,5,-1,-1
668,285,791.89,496.05,30.74,56.35,0.62,1,-1,-1
669,251,494.66,468.55,92.71,120.85,0.97,4,-1,-1
669,260,73.30,221.23,171.00,88.40,1.00,4,-1,-1
669,262,812.12,172.92,295.34,114.03,0.96,6,-1,-1
669,266,384.68,333.28,115.00,91.26,0.99,4,-1,-1
669,273,454.95,180.41,241.31,159.83,0.79,6,-1,-1
669,277,387.77,283.31,99.97,49.84,1.00,7,-1,-1
669,278,440.94,282.68,27.77,41.34,0.99,2,-1,-1
669,256,225.05,215.07,109.02,44.38,1.00,4,-1,-1
669,280,666.27,371.91,120.26,160.78,1.00,6,-1,-1
669,281,288.02,548.67,103.50,126.03,0.99,4,-1,-1
669,282,834.18,392.25,120.93,137.49,0.93,6,-1,-1
669,283,1194.04,220.30,95.96,51.61,0.96,5,-1,-1
669,285,791.91,496.32,31.41,56.38,0.58,1,-1,-1
670,251,495.80,473.31,92.27,118.79,0.97,4,-1,-1
670,260,79.59,220.92,171.53,88.60,0.99,4,-1,-1
670,262,808.87,171.63,296.60,115.00,0.96,6,-1,-1
670,266,386.80,334.31,115.24,91.86,0.99,4,-1,-1
670,273,452.24,179.18,241.88,159.82,0.86,6,-1,-1
670,277,393.76,283.58,99.97,49.98,1.00,7,-1,-1
670,278,447.66,282.85,26.31,41.99,0.99,2,-1,-1
670,256,220.53,214.06,105.97,43.83,0.99,4,-1,-1
670,280,665.97,370.81,121.09,162.52,1.00,6,-1,-1
670,281,287.58,548.60,104.60,128.10,0.99,4,-1,-1
670,282,835.36,392.02,121.31,135.18,0.90,6,-1,-1
670,283,1190.93,219.38,95.86,51.71,0.98,5,-1,-1
670,285,793.03,496.69,30.89,56.40,0.59,1,-1,-1
671,251,497.44,476.03,90.96,120.72,0.83,4,-1,-1
671,260,77.79,219.94,179.32,89.17,0.99,4,-1,-1
671,262,804.96,170.10,297.26,115.26,0.95,6,-1,-1
671,266,389.24,335.03,115.15,92.88,0.99,4,-1,-1
671,273,450.91,179.03,240.29,157.52,0.88,6,-1,-1
671,277,398.63,282.09,100.93,51.43,1.00,7,-1,-1
671,278,452.32,282.44,28.08,42.21,0.98,2,-1,-1
671,256,215.43,212.84,102.75,43.60,0.99,4,-1,-1
671,280,665.67,368.81,121.35,164.05,0.99,6,-1,-1
671,281,286.50,548.16,104.13,126.59,0.99,4,-1,-1
671,282,834.99,392.51,121.40,138.26,0.98,6,-1,-1
671,283,1186.71,218.09,95.78,51.52,0.97,5,-1,-1
671,285,793.85,495.95,30.71,59.70,0.48,1,-1,-1
672,251,498.97,479.57,89.88,118.70,0.96,4,-1,-1
672,260,77.13,218.58,187.13,89.45,0.99,4,-1,-1
672,262,804.22,169.84,297.23,114.10,0.95,6,-1,-1
672,266,392.92,335.98,114.67,92.76,0.98,4,-1,-1
672,273,448.24,176.03,240.22,158.26,0.93,6,-1,-1
672,277,403.66,281.24,101.43,52.02,1.00,7,-1,-1
672,278,458.31,281.74,28.13,42.31,0.99,2,-1,-1
672,256,210.88,211.46,98.97,43.43,0.99,4,-1,-1
672,280,665.51,366.83,120.82,165.79,0.99,6,-1,-1
672,281,285.45,547.45,104.19,128.33,0.98,4,-1,-1
672,282,835.10,392.76,122.51,147.14,0.97,6,-1,-1
672,283,1182.85,217.14,96.87,51.42,0.94,5,-1,-1
672,285,794.22,495.88,30.66,60.14,0.59,1,-1,-1
673,251,500.43,480.97,89.58,120.17,0.97,4,-1,-1
673,260,82.03,216.73,187.88,89.17,0.99,4,-1,-1
673,262,803.95,166.17,295.43,114.77,0.95,6,-1,-1
673,266,397.19,335.87,112.73,93.27,0.99,4,-1,-1
673,273,442.82,171.28,243.16,159.44,0.89,6,-1,-1
673,277,408.73,279.59,101.67,51.69,1.00,7,-1,-1
673,278,463.47,280.13,28.18,42.65,0.96,2,-1,-1
673,256,204.99,208.73,96.29,43.28,0.99,4,-1,-1
673,280,665.63,363.64,120.70,167.57,1.00,6,-1,-1
673,281,284.65,546.02,104.29,127.33,0.97,4,-1,-1
673,282,835.96,391.61,121.88,147.68,0.98,6,-1,-1
673,283,1179.68,213.98,97.34,51.67,0.97,5,-1,-1
673,285,794.81,494.53,30.68,60.22,0.91,1,-1,-1
674,251,500.92,483.05,90.60,120.10,0.99,4,-1,-1
674,260,85.18,214.83,190.38,89.56,0.98,4,-1,-1
674,262,801.91,162.76,294.38,115.27,0.93,6,-1,-1
674,266,400.03,335.38,112.68,94.82,0.98,4,-1,-1
674,273,438.95,168.11,243.62,158.66,0.88,6,-1,-1
674,277,413.56,277.31,101.73,52.09,1.00,7,-1,-1
674,278,468.03,278.14,28.75,42.76,0.99,2,-1,-1
674,256,198.16,205.66,95.16,41.80,0.97,4,-1,-1
674,280,665.94,360.92,120.04,168.29,1.00,6,-1,-1
674,281,284.16,544.59,105.42,130.85,0.97,4,-1,-1
674,282,836.76,390.85,121.59,141.35,0.99,6,-1,-1
674,283,1176.19,210.93,97.48,51.82,0.99,5,-1,-1
674,285,795.51,493.14,30.08,59.59,0.81,1,-1,-1
675,251,501.73,482.89,89.81,121.86,0.99,4,-1,-1
675,260,86.75,209.40,195.33,91.07,0.95,4,-1,-1
675,262,800.02,157.51,297.43,116.16,0.96,6,-1,-1
675,266,403.44,332.36,112.07,96.36,0.99,4,-1,-1
675,273,435.67,162.90,245.44,158.99,0.92,6,-1,-1
675,277,418.79,273.20,101.18,51.78,1.00,7,-1,-1
675,278,473.75,274.04,28.95,42.55,0.99,2,-1,-1
675,256,179.02,199.50,105.88,46.21,0.98,4,-1,-1
675,280,665.49,355.66,120.84,169.09,1.00,6,-1,-1
675,281,283.27,540.54,106.90,139.56,0.96,4,-1,-1
675,282,836.83,387.79,123.69,135.95,0.97,6,-1,-1
675,283,1173.37,206.10,97.52,52.25,0.99,5,-1,-1
675,285,796.53,489.71,29.84,59.95,0.92,1,-1,-1
676,251,502.72,481.56,90.10,123.25,0.99,4,-1,-1
676,260,86.48,199.40,202.91,93.34,0.96,4,-1,-1
676,262,798.64,148.52,297.64,117.66,0.95,6,-1,-1
676,266,408.08,327.14,110.32,98.21,0.99,4,-1,-1
676,273,431.78,153.53,245.09,157.48,0.86,6,-1,-1
676,277,424.61,266.03,102.59,52.33,1.00,7,-1,-1
676,278,480.23,267.46,27.89,41.97,0.98,2,-1,-1
676,256,163.46,191.22,108.49,46.58,0.99,4,-1,-1
676,280,664.92,347.48,122.26,170.15,1.00,6,-1,-1
676,281,281.90,533.84,108.30,140.91,0.97,4,-1,-1
676,282,835.17,380.76,129.85,140.96,0.94,6,-1,-1
676,283,1169.75,198.04,98.72,53.02,0.98,5,-1,-1
676,285,798.79,484.32,29.16,63.04,0.98,1,-1,-1
677,251,503.64,478.64,90.31,122.21,0.99,4,-1,-1
677,260,80.60,192.07,215.11,92.69,0.98,4,-1,-1
677,262,795.10,139.57,299.69,117.25,0.96,6,-1,-1
677,266,407.46,321.76,113.53,99.05,0.99,4,-1,-1
677,273,425.12,144.79,249.35,155.27,0.85,6,-1,-1
677,277,429.03,259.03,102.61,51.38,0.99,7,-1,-1
677,278,485.20,260.29,28.09,41.89,0.99,2,-1,-1
677,256,150.48,182.70,112.83,46.52,0.99,4,-1,-1
677,280,663.35,338.62,123.48,170.49,0.99,6,-1,-1
677,281,281.09,526.51,109.19,139.74,0.99,4,-1,-1
677,282,835.44,375.57,129.15,152.41,0.95,6,-1,-1
677,283,1165.40,188.21,97.96,52.66,0.99,5,-1,-1
677,285,799.73,476.85,28.41,62.86,0.98,1,-1,-1
678,251,504.39,474.18,91.45,122.62,0.98,4,-1,-1
678,260,82.36,182.43,220.76,94.25,0.98,4,-1,-1
678,262,790.90,129.59,305.98,118.61,0.97,6,-1,-1
678,266,411.97,315.56,112.44,99.63,0.99,4,-1,-1
678,273,420.25,134.55,253.23,158.02,0.92,6,-1,-1
678,277,434.30,250.39,103.21,51.79,1.00,7,-1,-1
678,278,490.45,251.95,26.99,41.95,0.99,2,-1,-1
678,256,139.33,172.35,115.71,47.21,0.99,4,-1,-1
678,280,663.91,329.91,123.24,170.68,1.00,6,-1,-1
678,281,280.54,518.52,109.69,141.81,0.98,4,-1,-1
678,282,836.55,368.97,129.85,153.68,0.98,6,-1,-1
678,283,1163.84,178.87,98.82,53.29,0.99,5,-1,-1
678,285,801.66,470.68,27.50,61.15,0.98,1,-1,-1
679,251,505.02,470.10,90.63,123.95,0.99,4,-1,-1
679,260,86.25,173.06,222.11,94.27,0.96,4,-1,-1
679,262,788.06,120.16,305.07,119.73,0.91,6,-1,-1
679,266,412.97,309.04,114.20,101.30,0.98,4,-1,-1
679,273,415.01,123.27,253.36,159.21,0.88,6,-1,-1
679,277,438.65,242.46,103.36,52.03,1.00,7,-1,-1
679,278,494.72,243.61,26.54,42.55,0.97,2,-1,-1
679,256,129.66,162.29,115.48,47.91,0.98,4,-1,-1
679,280,664.08,321.17,122.40,170.51,1.00,6,-1,-1
679,281,279.90,511.34,110.29,142.09,0.99,4,-1,-1
679,282,836.86,362.95,129.92,156.53,0.97,6,-1,-1
679,283,1161.10,170.20,100.20,54.03,0.98,5,-1,-1
679,285,802.69,464.60,26.56,60.46,0.99,1,-1,-1
680,251,504.51,464.81,92.82,126.14,0.98,4,-1,-1
680,260,85.59,163.03,227.87,95.56,0.98,4,-1,-1
680,262,787.75,109.72,304.80,119.71,0.93,6,-1,-1
680,266,416.14,302.28,113.23,103.02,0.99,4,-1,-1
680,273,409.36,111.97,255.87,158.36,0.86,6,-1,-1
680,277,442.22,233.28,104.14,52.34,1.00,7,-1,-1
680,278,499.49,235.07,27.02,42.22,0.97,2,-1,-1
680,256,118.82,151.36,115.56,47.95,0.99,4,-1,-1
680,280,664.04,310.71,122.36,171.70,0.99,6,-1,-1
680,281,278.82,504.14,111.31,143.29,1.00,4,-1,-1
680,282,835.09,357.09,133.29,174.27,0.95,6,-1,-1
680,283,1158.75,159.47,100.86,54.05,0.98,5,-1,-1
680,285,802.86,458.10,26.92,61.36,0.98,1,-1,-1
681,251,505.20,459.32,91.84,126.89,0.99,4,-1,-1
681,260,86.46,154.26,233.00,96.24,0.99,4,-1,-1
681,262,786.79,99.15,305.55,120.61,0.97,6,-1,-1
681,266,417.11,295.58,114.73,104.44,0.98,4,-1,-1
681,273,402.95,103.57,260.63,156.35,0.86,6,-1,-1
681,277,446.93,224.22,105.46,53.00,1.00,7,-1,-1
681,278,504.04,225.98,27.74,43.77,0.98,2,-1,-1
681,256,109.80,140.49,115.38,48.36,0.98,4,-1,-1
681,280,663.45,302.17,124.48,172.56,1.00,6,-1,-1
681,281,277.96,496.55,112.68,146.43,1.00,4,-1,-1
681,282,837.07,349.27,134.64,172.61,0.97,6,-1,-1
681,283,1156.76,149.83,101.00,53.60,0.98,5,-1,-1
681,285,803.30,452.35,26.44,62.22,0.98,1,-1,-1
682,251,506.14,455.48,90.11,128.80,0.99,4,-1,-1
682,260,93.87,145.83,230.99,95.42,0.99,4,-1,-1
682,262,786.41,89.58,305.66,121.65,0.96,6,-1,-1
682,266,422.47,290.05,109.82,105.51,0.99,4,-1,-1
682,273,401.82,94.72,258.60,153.81,0.85,6,-1,-1
682,277,451.20,216.28,105.23,53.30,1.00,7,-1,-1
682,278,508.21,217.47,27.95,43.98,0.95,2,-1,-1
682,256,102.98,130.40,113.51,48.71,0.99,4,-1,-1
682,280,662.84,293.56,124.98,172.66,1.00,6,-1,-1
682,281,277.44,489.26,112.92,149.24,1.00,4,-1,-1
682,282,836.64,342.73,137.07,181.58,0.95,6,-1,-1
682,283,1153.65,140.89,102.03,54.32,1.00,5,-1,-1
682,285,802.75,447.12,26.21,63.62,0.98,1,-1,-1
683,251,506.86,451.24,90.27,131.75,0.99,4,-1,-1
683,260,93.24,135.61,237.47,96.78,0.99,4,-1,-1
683,262,785.25,77.71,308.14,123.72,0.92,6,-1,-1
683,266,422.18,283.36,112.81,106.96,1.00,4,-1,-1
683,273,396.06,78.94,259.96,157.75,0.82,6,-1,-1
683,277,455.56,206.99,105.28,53.12,1.00,7,-1,-1
683,278,513.99,208.30,27.54,44.14,0.87,2,-1,-1
683,256,88.99,120.61,116.18,47.48,0.99,4,-1,-1
683,280,662.19,283.52,126.04,175.09,1.00,6,-1,-1
683,281,276.40,481.88,113.83,150.85,1.00,4,-1,-1
683,282,836.56,335.93,139.39,183.92,0.99,6,-1,-1
683,283,1151.65,129.56,102.56,54.66,0.99,5,-1,-1
683,285,802.63,441.00,26.23,64.73,0.98,1,-1,-1
683,286,372.89,659.56,29.46,39.27,0.71,1,-1,-1
684,251,506.54,447.47,90.67,134.45,0.98,4,-1,-1
684,260,98.57,126.18,238.27,99.23,0.98,4,-1,-1
684,262,782.36,68.04,309.94,125.27,0.97,6,-1,-1
684,266,425.58,277.58,110.10,108.87,0.99,4,-1,-1
684,273,391.22,69.33,262.74,157.81,0.88,6,-1,-1
684,277,459.29,199.56,106.25,53.23,1.00,7,-1,-1
684,278,518.18,200.21,26.73,43.68,0.95,2,-1,-1
684,256,78.49,110.97,116.21,47.32,1.00,4,-1,-1
684,280,661.10,275.94,126.67,174.91,1.00,6,-1,-1
684,281,274.86,475.05,114.43,152.46,1.00,4,-1,-1
684,282,833.71,329.51,145.20,193.97,0.92,6,-1,-1
684,283,1148.85,120.75,102.56,54.54,0.99,5,-1,-1
684,285,801.71,435.74,26.75,64.49,0.98,1,-1,-1
685,251,507.59,443.96,92.79,140.03,0.97,4,-1,-1
685,260,103.68,117.73,238.81,98.31,0.99,4,-1,-1
685,262,779.58,57.49,315.41,125.20,0.98,6,-1,-1
685,266,425.78,271.10,113.52,111.01,1.00,4,-1,-1
685,273,388.50,57.33,264.33,157.88,0.92,6,-1,-1
685,277,463.10,190.31,107.39,53.45,1.00,7,-1,-1
685,278,522.77,191.22,25.95,43.17,0.91,2,-1,-1
685,256,67.12,100.93,116.92,47.21,0.99,4,-1,-1
685,280,662.00,266.77,126.70,176.64,0.99,6,-1,-1
685,281,273.63,468.25,115.52,154.27,1.00,4,-1,-1
685,282,836.49,323.66,144.41,203.48,0.94,6,-1,-1
685,283,1148.15,110.18,102.76,54.60,1.00,5,-1,-1
685,285,802.44,429.20,28.19,65.01,0.98,1,-1,-1
686,251,506.74,438.22,94.43,145.93,0.99,4,-1,-1
686,260,102.82,109.23,244.35,98.50,0.98,4,-1,-1
686,262,777.64,45.32,314.43,124.98,0.93,6,-1,-1
686,266,425.57,264.45,114.91,112.53,1.00,4,-1,-1
686,273,380.50,46.70,265.40,154.84,0.77,6,-1,-1
686,277,465.18,181.29,108.32,52.66,1.00,7,-1,-1
686,278,525.30,181.19,27.48,41.84,0.98,2,-1,-1
686,256,55.84,91.93,116.88,46.67,0.99,4,-1,-1
686,280,659.84,256.12,129.85,177.23,1.00,6,-1,-1
686,281,272.05,461.06,116.49,155.24,1.00,4,-1,-1
686,282,833.16,314.16,146.93,211.79,0.95,6,-1,-1
686,283,1143.01,96.62,103.93,55.41,0.99,5,-1,-1
686,285,801.32,421.07,30.00,66.09,0.99,1,-1,-1
687,251,506.93,434.14,95.01,146.68,0.99,4,-1,-1
687,260,107.40,99.59,245.18,99.78,0.99,4,-1,-1
687,262,775.82,34.38,314.86,126.05,0.96,6,-1,-1
687,266,426.43,258.10,115.55,114.24,1.00,4,-1,-1
687,273,371.83,35.08,270.24,154.46,0.85,6,-1,-1
687,277,468.41,172.21,109.79,53.20,1.00,7,-1,-1
687,278,528.13,170.33,27.47,44.04,0.98,2,-1,-1
687,256,44.09,82.62,117.78,46.17,0.99,4,-1,-1
687,280,659.66,247.49,130.42,177.50,1.00,6,-1,-1
687,281,270.27,454.67,117.35,156.18,1.00,4,-1,-1
687,282,833.63,308.09,148.91,217.18,0.93,6,-1,-1
687,283,1140.29,85.58,104.34,55.14,0.99,5,-1,-1
687,285,801.45,415.62,31.24,68.20,0.99,1,-1,-1
688,251,507.14,430.54,95.20,148.98,0.98,4,-1,-1
688,260,107.02,90.49,250.98,99.67,0.99,4,-1,-1
688,262,772.86,23.86,317.50,127.31,0.96,6,-1,-1
688,266,427.84,252.43,115.63,115.97,0.99,4,-1,-1
688,273,365.38,24.34,274.38,154.96,0.85,6,-1,-1
688,277,472.17,164.19,110.31,52.84,1.00,7,-1,-1
688,278,533.42,163.11,27.46,43.00,0.97,2,-1,-1
688,256,31.90,71.74,117.47,47.68,0.98,4,-1,-1
688,280,659.21,239.13,132.27,179.55,1.00,6,-1,-1
688,281,268.95,448.44,118.19,157.05,1.00,4,-1,-1
688,282,836.47,303.41,147.09,223.52,0.96,6,-1,-1
688,283,1138.98,75.63,104.47,55.58,0.99,5,-1,-1
688,285,802.47,411.43,31.71,69.54,0.99,1,-1,-1
689,251,507.19,430.99,95.83,154.71,0.99,4,-1,-1
689,260,115.15,86.25,247.78,100.25,1.00,4,-1,-1
689,262,767.12,18.83,327.25,126.12,0.94,6,-1,-1
689,266,429.57,251.41,115.24,117.74,1.00,4,-1,-1
689,273,359.46,18.57,277.33,154.66,0.85,6,-1,-1
689,277,475.98,159.78,111.07,53.29,1.00,7,-1,-1
689,278,538.37,158.84,26.88,42.89,0.99,2,-1,-1
689,256,21.73,64.72,117.74,49.06,0.99,4,-1,-1
689,280,659.37,234.96,132.39,182.60,0.99,6,-1,-1
689,281,268.27,447.28,117.93,159.62,1.00,4,-1,-1
689,282,838.24,299.56,149.13,244.26,0.87,6,-1,-1
689,283,1137.09,69.69,104.52,55.86,0.99,5,-1,-1
689,285,804.04,412.49,31.88,70.05,0.98,1,-1,-1
690,251,507.08,439.47,96.52,158.65,0.99,4,-1,-1
690,260,115.59,85.78,252.72,103.35,0.98,4,-1,-1
690,262,763.97,20.06,330.77,126.52,0.93,6,-1,-1
690,266,431.01,256.63,115.28,120.65,1.00,4,-1,-1
690,273,354.60,19.89,278.94,154.65,0.83,6,-1,-1
690,277,480.12,163.00,112.41,52.23,1.00,7,-1,-1
690,278,542.65,160.59,27.20,43.71,0.99,2,-1,-1
690,256,11.34,64.81,119.54,50.05,0.99,4,-1,-1
690,280,659.43,237.26,133.39,183.20,1.00,6,-1,-1
690,281,266.28,451.65,118.53,161.70,1.00,4,-1,-1
690,282,838.24,305.98,155.87,255.84,0.88,6,-1,-1
690,283,1134.79,70.52,104.47,56.75,0.99,5,-1,-1
690,285,805.32,419.55,31.89,69.53,0.99,1,-1,-1
691,251,506.75,448.20,96.74,161.77,0.99,4,-1,-1
691,260,121.91,87.88,252.78,104.80,0.98,4,-1,-1
691,262,764.92,22.01,322.73,126.80,0.97,6,-1,-1
691,266,432.23,262.35,115.40,121.72,0.99,4,-1,-1
691,273,356.42,21.66,272.12,154.35,0.81,6,-1,-1
691,277,485.80,164.95,112.32,53.00,1.00,7,-1,-1
691,278,547.23,163.64,27.88,43.17,0.95,2,-1,-1
691,256,3.77,65.85,118.04,51.17,0.99,4,-1,-1
691,280,659.22,240.36,134.27,185.64,1.00,6,-1,-1
691,281,263.75,456.35,119.54,162.45,1.00,4,-1,-1
691,282,838.78,311.09,158.91,268.15,0.81,6,-1,-1
691,283,1132.38,72.34,104.42,56.67,0.99,5,-1,-1
691,285,806.09,427.06,31.87,67.60,0.96,1,-1,-1
691,287,679.62,551.12,101.60,122.09,0.61,4,-1,-1
692,251,505.86,456.30,98.53,164.06,1.00,4,-1,-1
692,260,127.95,89.33,253.39,107.61,0.98,4,-1,-1
692,262,760.53,23.51,329.87,127.06,0.92,6,-1,-1
692,266,433.83,267.90,115.48,123.81,1.00,4,-1,-1
692,273,347.21,22.37,278.02,155.07,0.80,6,-1,-1
692,277,490.71,167.15,113.42,53.30,0.99,7,-1,-1
692,278,551.72,166.05,27.59,41.83,0.93,2,-1,-1
692,256,-2.23,67.26,114.63,51.43,0.99,4,-1,-1
692,280,659.30,242.62,134.61,187.44,1.00,6,-1,-1
692,281,260.71,461.33,120.79,163.87,1.00,4,-1,-1
692,282,838.94,316.71,166.46,280.52,0.67,6,-1,-1
692,283,1128.53,73.95,105.56,56.51,0.99,5,-1,-1
692,285,807.41,433.81,31.85,66.44,0.97,1,-1,-1
692,288,998.09,513.98,210.03,102.46,0.71,5,-1,-1
693,251,505.52,464.52,99.19,166.51,0.99,4,-1,-1
693,260,132.16,90.91,255.46,109.44,0.98,4,-1,-1
693,262,757.25,25.59,333.58,126.47,0.95,6,-1,-1
693,266,435.51,273.83,115.49,125.38,1.00,4,-1,-1
693,273,340.68,22.20,282.26,154.56,0.88,6,-1,-1
693,277,495.51,170.57,114.37,53.34,0.99,7,-1,-1
693,278,556.35,168.50,26.33,40.18,0.96,2,-1,-1
693,256,-6.74,68.68,111.17,51.90,0.99,4,-1,-1
693,280,659.06,245.88,136.39,186.94,1.00,6,-1,-1
693,281,259.20,466.22,121.23,165.47,1.00,4,-1,-1
693,282,836.50,322.13,309.72,306.28,0.83,6,-1,-1
693,283,1125.45,75.91,105.96,56.51,0.99,5,-1,-1
693,285,808.46,440.76,31.84,67.14,0.98,1,-1,-1
693,288,995.14,519.73,215.74,108.71,0.52,6,-1,-1
694,251,504.73,471.53,100.50,170.66,0.99,4,-1,-1
694,260,138.29,91.94,255.28,111.28,0.97,4,-1,-1
694,262,758.52,26.09,328.34,128.86,0.96,6,-1,-1
694,266,437.45,279.81,115.44,127.30,0.99,4,-1,-1
694,273,336.02,23.93,283.84,152.83,0.81,6,-1,-1
694,277,501.05,173.27,114.66,53.27,1.00,7,-1,-1
694,278,562.42,171.20,28.72,41.60,0.99,2,-1,-1
694,256,-5.86,70.35,100.38,51.81,0.96,4,-1,-1
694,280,659.15,248.76,136.97,188.35,0.99,6,-1,-1
694,281,257.40,471.76,121.30,166.54,1.00,4,-1,-1
694,282,839.65,329.10,240.10,315.81,0.76,6,-1,-1
694,283,1121.90,77.57,106.06,57.25,0.99,5,-1,-1
694,285,808.94,448.22,31.80,70.78,0.99,1,-1,-1
694,288,999.07,527.15,214.23,121.56,0.90,5,-1,-1
695,251,505.08,480.24,99.86,173.33,0.99,4,-1,-1
695,260,142.94,92.11,257.26,113.35,0.99,4,-1,-1
695,262,754.23,28.08,334.24,128.75,0.93,6,-1,-1
695,266,439.34,285.92,114.86,129.14,1.00,4,-1,-1
695,273,330.32,26.19,287.22,151.59,0.80,6,-1,-1
695,277,506.76,175.17,114.21,54.06,1.00,7,-1,-1
695,278,569.35,173.67,29.57,43.75,0.98,2,-1,-1
695,256,-4.06,72.05,88.56,51.40,0.89,4,-1,-1
695,280,659.06,251.15,137.73,190.73,1.00,6,-1,-1
695,281,254.97,476.36,122.44,169.19,1.00,4,-1,-1
695,282,841.43,336.56,198.84,320.52,0.94,6,-1,-1
695,283,1119.26,78.60,104.97,58.21,0.97,5,-1,-1
695,285,809.26,456.59,31.78,72.14,0.99,1,-1,-1
695,288,999.00,532.96,218.95,133.59,0.98,5,-1,-1
695,289,679.62,568.63,110.14,125.51,0.78,4,-1,-1
696,251,504.32,487.26,101.24,176.50,0.98,4,-1,-1
696,260,150.87,93.96,255.15,115.12,0.98,4,-1,-1
696,262,751.59,30.03,336.35,128.88,0.96,6,-1,-1
696,266,440.82,292.00,114.61,130.92,1.00,4,-1,-1
696,273,323.89,26.06,289.52,153.37,0.86,6,-1,-1
696,277,512.14,178.57,113.99,53.30,1.00,7,-1,-1
696,278,574.66,176.17,29.89,44.22,0.98,2,-1,-1
696,256,-2.78,73.39,76.69,51.17,0.58,4,-1,-1
696,280,658.74,253.72,138.50,192.73,1.00,6,-1,-1
696,281,253.08,481.86,122.25,170.17,1.00,4,-1,-1
696,282,837.69,340.57,191.35,330.25,0.91,6,-1,-1
696,283,1115.55,80.94,105.66,57.60,0.98,5,-1,-1
696,285,809.59,465.01,31.75,72.10,0.98,1,-1,-1
696,288,1001.28,539.21,219.13,136.47,0.96,5,-1,-1
696,289,680.67,573.45,109.57,141.36,0.96,4,-1,-1
697,251,503.30,496.72,102.32,176.54,0.98,4,-1,-1
697,260,156.45,97.99,254.90,114.34,0.98,4,-1,-1
697,262,749.72,31.69,338.25,128.91,0.95,6,-1,-1
697,266,441.99,298.09,115.10,134.08,1.00,4,-1,-1
697,273,318.94,31.48,290.90,150.21,0.62,6,-1,-1
697,277,517.78,180.70,115.03,54.23,1.00,7,-1,-1
697,278,581.67,179.45,29.44,42.85,0.99,2,-1,-1
697,256,-1.96,74.98,66.84,50.52,0.25,4,-1,-1
697,280,658.77,256.77,139.34,192.49,1.00,6,-1,-1
697,281,250.38,486.93,123.57,172.75,1.00,4,-1,-1
697,282,840.50,347.10,188.29,345.70,0.92,6,-1,-1
697,283,1111.64,83.33,105.92,56.65,1.00,5,-1,-1
697,285,810.70,473.98,32.29,70.93,0.99,1,-1,-1
697,288,1003.31,546.22,221.58,139.94,0.98,5,-1,-1
697,289,681.94,578.90,110.14,143.75,0.93,4,-1,-1
698,251,503.44,503.14,102.15,180.36,0.98,4,-1,-1
698,260,159.70,101.80,258.07,114.44,0.98,4,-1,-1
698,262,745.97,33.39,340.32,129.69,0.95,6,-1,-1
698,266,443.17,304.67,114.71,135.51,0.99,4,-1,-1
698,273,314.41,29.96,291.35,152.55,0.78,6,-1,-1
698,277,523.65,183.56,114.84,54.51,1.00,7,-1,-1
698,278,587.78,181.55,29.83,44.17,0.99,2,-1,-1
698,256,-1.60,75.83,56.15,51.51,0.18,4,-1,-1
698,280,659.04,261.20,140.19,191.49,1.00,6,-1,-1
698,281,247.69,492.33,124.33,174.24,1.00,4,-1,-1
698,282,843.23,354.67,184.63,358.33,0.97,6,-1,-1
698,283,1107.44,84.10,106.02,57.58,0.99,5,-1,-1
698,285,811.63,482.79,32.50,69.33,0.98,1,-1,-1
698,288,1005.69,554.26,223.57,144.95,0.98,5,-1,-1
698,289,681.30,583.43,112.94,148.42,0.98,4,-1,-1
699,251,502.62,510.34,102.60,183.94,0.99,4,-1,-1
699,260,168.00,108.32,255.22,110.35,0.99,4,-1,-1
699,262,742.92,35.00,342.11,130.58,0.94,6,-1,-1
699,266,444.11,311.33,114.54,137.24,1.00,4,-1,-1
699,273,309.54,31.93,293.08,152.25,0.85,6,-1,-1
699,277,529.90,185.48,115.30,55.38,0.99,7,-1,-1
699,278,594.65,183.76,29.96,44.72,0.99,2,-1,-1
699,280,658.83,263.66,140.45,194.17,1.00,6,-1,-1
699,281,245.74,497.83,124.85,175.86,1.00,4,-1,-1
699,282,845.35,362.32,183.99,370.47,0.96,6,-1,-1
699,283,1103.63,85.66,106.02,57.67,1.00,5,-1,-1
699,285,812.74,491.24,31.99,68.13,0.98,1,-1,-1
699,288,1009.88,558.72,223.00,149.99,0.97,5,-1,-1
699,289,681.95,587.70,114.40,162.95,0.98,4,-1,-1
700,251,502.02,521.26,103.87,183.02,0.96,4,-1,-1
700,260,168.36,112.95,260.64,107.75,0.97,4,-1,-1
700,262,740.48,37.25,342.43,130.71,0.94,6,-1,-1
700,266,444.96,317.51,114.47,139.11,1.00,4,-1,-1
700,273,303.68,32.28,294.23,153.06,0.84,6,-1,-1
700,277,536.59,188.57,114.32,55.15,1.00,7,-1,-1
700,278,600.72,186.81,29.43,44.51,0.98,2,-1,-1
700,280,659.04,266.69,141.07,193.89,1.00,6,-1,-1
700,281,243.08,502.89,125.57,178.11,1.00,4,-1,-1
700,282,845.30,368.95,189.44,383.01,0.96,6,-1,-1
700,283,1099.53,87.26,106.01,57.95,0.99,5,-1,-1
700,285,813.42,500.49,32.36,68.82,0.98,1,-1,-1
700,288,1014.82,564.45,222.71,152.26,0.98,5,-1,-1
700,289,681.85,592.61,116.66,170.23,0.98,4,-1,-1
701,251,501.31,527.93,104.32,186.54,0.99,4,-1,-1
701,260,176.36,116.92,259.51,107.42,0.99,4,-1,-1
701,262,738.20,38.53,342.54,131.37,0.95,6,-1,-1
701,266,445.89,323.75,114.45,140.66,1.00,4,-1,-1
701,273,297.97,32.34,296.75,154.14,0.91,6,-1,-1
701,277,542.74,190.21,114.52,56.23,0.99,7,-1,-1
701,278,607.50,189.10,30.36,44.50,0.99,2,-1,-1
701,280,659.02,269.77,141.84,194.23,1.00,6,-1,-1
701,281,240.88,508.75,125.82,179.54,1.00,4,-1,-1
701,282,847.97,377.52,191.06,385.22,0.95,6,-1,-1
701,283,1095.59,88.69,106.02,58.37,0.99,5,-1,-1
701,285,815.22,510.78,31.35,71.37,0.98,1,-1,-1
701,288,1018.44,570.64,222.58,153.52,0.99,5,-1,-1
701,289,682.78,597.37,116.78,169.31,0.98,4,-1,-1
702,251,500.46,538.02,105.05,186.06,0.95,4,-1,-1
702,260,181.73,120.30,260.95,107.49,0.99,4,-1,-1
702,262,736.11,40.42,343.60,131.42,0.95,6,-1,-1
702,266,446.11,329.61,114.45,142.81,1.00,4,-1,-1
702,273,292.37,32.16,298.88,155.48,0.90,6,-1,-1
702,277,549.55,192.55,114.57,56.93,1.00,7,-1,-1
702,278,614.77,191.10,29.58,43.98,0.98,2,-1,-1
702,280,658.60,272.82,143.24,196.23,1.00,6,-1,-1
702,281,238.88,514.24,125.90,181.64,1.00,4,-1,-1
702,282,849.13,383.96,195.18,382.20,0.94,6,-1,-1
702,283,1091.15,90.72,106.00,58.02,0.98,5,-1,-1
702,285,816.65,522.46,31.54,72.86,0.98,1,-1,-1
702,288,1023.57,575.97,222.48,155.36,0.98,5,-1,-1
702,289,682.47,601.44,117.95,166.18,0.98,4,-1,-1
703,251,500.81,542.94,104.19,190.82,0.98,4,-1,-1
703,260,185.86,122.68,263.77,108.36,0.97,4,-1,-1
703,262,733.24,42.48,345.08,130.89,0.94,6,-1,-1
703,266,446.80,336.21,114.46,144.55,1.00,4,-1,-1
703,273,287.02,33.83,300.32,154.95,0.87,6,-1,-1
703,277,556.80,194.84,114.58,57.19,1.00,7,-1,-1
703,278,621.64,193.33,29.84,43.28,0.99,2,-1,-1
703,280,658.54,275.38,143.75,197.36,1.00,6,-1,-1
703,281,236.31,519.47,127.33,184.06,1.00,4,-1,-1
703,282,850.20,390.50,197.72,376.57,0.93,6,-1,-1
703,283,1086.87,93.13,104.86,57.35,0.99,5,-1,-1
703,285,818.94,535.29,31.61,70.05,0.98,1,-1,-1
703,288,1026.58,583.30,223.57,154.74,0.98,5,-1,-1
703,289,682.43,606.13,118.32,161.27,0.97,4,-1,-1
704,251,499.41,550.48,106.11,193.62,0.98,4,-1,-1
704,260,189.01,125.46,267.37,107.63,0.98,4,-1,-1
704,262,730.61,43.98,346.40,130.92,0.94,6,-1,-1
704,266,446.57,342.40,114.47,146.64,1.00,4,-1,-1
704,273,281.78,34.60,301.76,155.81,0.91,6,-1,-1
704,277,564.22,197.90,113.99,56.61,1.00,7,-1,-1
704,278,628.04,195.58,30.50,44.15,0.99,2,-1,-1
704,280,658.05,277.59,145.05,199.82,1.00,6,-1,-1
704,281,233.35,525.31,127.85,185.99,1.00,4,-1,-1
704,282,852.05,396.34,204.14,370.72,0.93,6,-1,-1
704,283,1081.72,93.70,105.55,58.74,1.00,5,-1,-1
704,285,820.73,548.70,31.64,64.90,0.96,1,-1,-1
704,288,1029.09,588.64,225.08,156.49,0.98,5,-1,-1
704,289,682.55,610.27,118.41,156.88,0.97,4,-1,-1
705,251,498.40,557.37,107.30,196.94,0.99,4,-1,-1
705,260,196.44,127.71,265.86,108.43,0.99,4,-1,-1
705,262,728.68,45.82,345.99,131.30,0.95,6,-1,-1
705,266,447.17,348.76,114.42,148.31,1.00,4,-1,-1
705,273,276.07,35.64,303.62,155.61,0.86,6,-1,-1
705,277,571.59,200.20,114.90,57.38,1.00,7,-1,-1
705,278,635.30,198.03,30.72,45.41,0.99,2,-1,-1
705,280,657.83,280.13,146.00,203.92,1.00,6,-1,-1
705,281,230.64,530.94,128.80,187.33,1.00,4,-1,-1
705,282,853.79,402.79,209.37,363.87,0.92,6,-1,-1
705,283,1077.51,94.69,105.80,59.36,0.98,5,-1,-1
705,285,821.22,562.53,32.76,62.41,0.93,1,-1,-1
705,288,1032.89,596.40,225.58,156.61,0.97,5,-1,-1
705,289,682.94,614.36,118.33,152.34,0.90,4,-1,-1
706,251,497.99,563.71,107.81,198.00,0.96,4,-1,-1
706,260,200.80,129.88,267.23,109.19,0.98,4,-1,-1
706,262,725.11,46.92,347.16,131.99,0.96,6,-1,-1
706,266,446.93,354.21,115.02,150.73,1.00,4,-1,-1
706,273,271.02,35.75,305.38,156.49,0.89,6,-1,-1
706,277,578.67,203.58,114.66,56.09,1.00,7,-1,-1
706,278,642.04,200.03,31.38,46.48,0.98,2,-1,-1
706,280,657.22,282.75,147.52,204.17,1.00,6,-1,-1
706,281,228.16,536.50,129.49,189.89,0.99,4,-1,-1
706,282,853.09,409.18,217.48,357.38,0.92,6,-1,-1
706,283,1071.65,95.33,105.89,59.37,0.99,5,-1,-1
706,285,821.80,575.19,32.64,62.09,0.91,1,-1,-1
706,288,1035.16,603.94,228.04,155.75,0.98,5,-1,-1
706,289,683.30,617.94,117.75,148.16,0.92,4,-1,-1
707,251,496.72,576.32,109.06,189.38,0.97,4,-1,-1
707,260,207.49,132.14,268.19,110.39,0.98,4,-1,-1
707,262,722.85,48.46,347.55,132.25,0.96,6,-1,-1
707,266,446.83,360.08,115.22,152.47,1.00,4,-1,-1
707,273,266.31,36.96,305.68,155.72,0.88,6,-1,-1
707,277,586.56,206.12,115.12,55.76,1.00,7,-1,-1
707,278,649.50,202.91,31.62,45.22,0.99,2,-1,-1
707,280,656.78,285.88,148.59,203.83,1.00,6,-1,-1
707,281,225.45,542.11,129.12,191.40,0.99,4,-1,-1
707,282,856.13,418.78,219.87,346.41,0.85,6,-1,-1
707,283,1066.90,96.30,105.92,59.81,0.99,5,-1,-1
707,285,823.12,587.66,32.58,66.07,0.92,1,-1,-1
707,288,1038.74,609.60,228.91,154.78,0.97,5,-1,-1
707,289,683.70,622.68,117.46,143.14,0.96,4,-1,-1
708,251,495.16,581.83,109.51,185.94,0.98,4,-1,-1
708,260,212.69,134.26,268.51,110.87,0.97,4,-1,-1
708,262,719.96,49.27,349.38,133.39,0.94,6,-1,-1
708,266,446.81,365.61,115.29,153.94,1.00,4,-1,-1
708,273,261.98,37.80,306.03,154.02,0.65,6,-1,-1
708,277,594.46,207.69,114.73,56.80,1.00,7,-1,-1
708,278,658.10,204.77,31.70,44.43,0.99,2,-1,-1
708,280,656.99,288.97,149.52,204.39,1.00,6,-1,-1
708,281,222.25,547.58,130.36,193.07,1.00,4,-1,-1
708,282,857.96,425.92,221.14,339.75,0.94,6,-1,-1
708,283,1060.90,97.45,107.06,59.99,0.99,5,-1,-1
708,285,824.79,600.63,32.54,69.20,0.96,1,-1,-1
708,288,1041.76,616.54,230.35,149.81,0.97,5,-1,-1
708,289,683.59,625.88,118.47,139.59,0.89,4,-1,-1
709,251,494.41,589.76,110.74,178.30,0.96,4,-1,-1
709,260,219.61,136.92,268.37,110.04,0.99,4,-1,-1
709,262,717.36,50.14,351.05,134.50,0.94,6,-1,-1
709,266,446.90,370.53,115.28,156.08,1.00,4,-1,-1
709,273,257.36,39.67,306.00,151.94,0.39,6,-1,-1
709,277,602.38,210.24,115.68,56.82,1.00,7,-1,-1
709,278,667.12,206.80,31.71,45.27,0.98,2,-1,-1
709,280,656.03,290.73,150.92,207.77,1.00,6,-1,-1
709,281,219.61,553.00,131.33,194.72,0.99,4,-1,-1
709,282,859.48,431.99,228.88,334.27,0.91,6,-1,-1
709,283,1054.84,98.75,107.46,60.33,1.00,5,-1,-1
709,285,826.24,616.58,33.08,67.05,0.94,1,-1,-1
709,288,1044.43,623.65,233.05,143.18,0.97,5,-1,-1
709,289,683.31,629.67,119.93,135.39,0.74,4,-1,-1
710,251,494.58,596.09,110.59,171.87,0.96,4,-1,-1
710,260,226.18,139.52,268.47,110.37,0.98,4,-1,-1
710,262,716.25,52.21,350.70,134.38,0.95,6,-1,-1
710,266,446.77,375.89,116.39,157.89,1.00,4,-1,-1
710,273,250.63,41.51,309.82,149.39,0.40,6,-1,-1
710,277,611.99,212.33,115.43,57.08,1.00,7,-1,-1
710,278,676.55,209.19,31.69,46.05,0.99,2,-1,-1
710,280,656.89,293.06,151.94,209.77,1.00,6,-1,-1
710,281,217.94,558.26,131.36,195.78,0.99,4,-1,-1
710,282,862.28,440.03,229.47,326.35,0.91,6,-1,-1
710,283,1052.12,100.00,105.31,60.84,1.00,5,-1,-1
710,285,829.07,633.03,33.27,62.72,0.89,1,-1,-1
710,288,1045.32,629.68,239.62,137.10,0.95,5,-1,-1
710,289,684.43,633.74,119.30,130.95,0.81,4,-1,-1
711,251,495.07,603.97,109.97,163.86,0.93,4,-1,-1
711,260,230.90,142.09,270.73,109.27,0.98,4,-1,-1
711,262,716.02,53.45,350.98,134.87,0.93,6,-1,-1
711,266,447.11,380.36,116.83,159.90,0.99,4,-1,-1
711,273,244.42,43.26,312.20,148.68,0.80,6,-1,-1
711,277,621.55,214.84,115.39,56.88,1.00,7,-1,-1
711,278,687.21,211.41,31.13,44.76,0.99,2,-1,-1
711,280,657.22,295.22,153.46,210.64,1.00,6,-1,-1
711,281,215.38,563.75,131.95,196.26,0.99,4,-1,-1
711,282,862.87,447.14,234.85,319.04,0.85,6,-1,-1
711,283,1050.72,101.50,102.25,60.95,0.99,5,-1,-1
711,285,833.79,650.12,32.22,66.40,0.91,1,-1,-1
711,288,1051.03,636.48,238.81,130.90,0.92,5,-1,-1
711,289,685.91,638.12,119.07,126.59,0.79,4,-1,-1
712,251,494.93,613.61,109.73,153.39,0.90,4,-1,-1
712,260,239.01,143.89,272.58,110.93,0.99,4,-1,-1
712,262,714.88,54.86,352.81,135.35,0.95,6,-1,-1
712,266,447.71,385.42,116.45,161.06,1.00,4,-1,-1
712,273,236.96,43.21,288.15,142.11,0.76,6,-1,-1
712,277,631.64,217.78,115.39,56.03,1.00,7,-1,-1
712,278,696.31,213.25,31.48,46.33,0.99,2,-1,-1
712,280,657.89,298.39,154.03,212.23,1.00,6,-1,-1
712,281,213.74,569.40,132.10,194.17,0.99,4,-1,-1
712,282,865.84,455.05,233.49,310.66,0.75,6,-1,-1
712,283,1048.73,103.25,99.98,60.99,0.99,5,-1,-1
712,285,837.51,666.83,31.81,73.30,0.94,1,-1,-1
712,288,1054.83,644.61,241.85,122.82,0.94,5,-1,-1
712,289,687.56,642.54,118.99,122.19,0.82,4,-1,-1
713,251,494.22,620.05,110.20,146.07,0.87,4,-1,-1
713,260,247.91,145.92,272.63,112.56,0.97,4,-1,-1
713,262,712.23,55.57,354.82,136.68,0.96,6,-1,-1
713,266,447.76,390.27,116.88,162.60,1.00,4,-1,-1
713,273,233.81,44.52,303.60,140.28,0.84,6,-1,-1
713,277,641.12,219.25,116.50,57.08,1.00,7,-1,-1
713,278,707.08,215.22,31.05,46.26,0.99,2,-1,-1
713,280,658.75,301.19,155.92,211.97,1.00,6,-1,-1
713,281,212.26,575.21,131.66,190.37,0.99,4,-1,-1
713,282,869.76,462.64,254.35,302.28,0.73,6,-1,-1
713,283,1048.92,104.97,94.53,60.77,0.99,5,-1,-1
713,285,840.37,685.48,32.24,72.07,0.87,1,-1,-1
713,288,1057.60,649.81,245.17,116.88,0.89,5,-1,-1
713,289,688.58,646.65,118.95,117.71,0.59,4,-1,-1
714,251,493.61,628.12,109.71,137.60,0.77,4,-1,-1
714,260,255.96,148.30,272.67,113.07,0.99,4,-1,-1
714,262,710.47,57.68,355.25,136.73,0.95,6,-1,-1
714,266,447.70,395.52,116.95,163.97,1.00,4,-1,-1
714,273,228.49,45.61,310.25,139.70,0.77,6,-1,-1
714,277,651.25,221.50,116.82,57.98,1.00,7,-1,-1
714,278,716.81,217.59,31.42,45.68,0.99,2,-1,-1
714,280,658.85,303.88,156.47,215.17,1.00,6,-1,-1
714,281,209.74,580.54,132.72,185.87,0.98,4,-1,-1
714,282,872.98,471.24,239.12,292.12,0.69,6,-1,-1
714,283,1041.67,107.06,96.00,60.38,0.99,5,-1,-1
714,285,840.72,705.60,34.64,60.75,0.76,1,-1,-1
714,288,1060.23,657.17,249.54,108.85,0.79,5,-1,-1
714,289,689.27,651.36,119.39,112.01,0.42,4,-1,-1
715,251,493.79,635.42,106.70,130.09,0.84,4,-1,-1
715,260,262.48,151.22,276.14,112.19,0.98,4,-1,-1
715,262,707.32,58.95,357.77,137.84,0.96,6,-1,-1
715,266,447.77,400.23,117.57,166.05,0.99,4,-1,-1
715,273,221.94,45.72,314.86,141.42,0.85,6,-1,-1
715,277,661.47,223.31,116.98,59.20,1.00,7,-1,-1
715,278,725.48,219.53,33.83,47.12,0.99,2,-1,-1
715,280,659.37,306.45,157.81,219.80,1.00,6,-1,-1
715,281,207.24,586.35,132.64,180.83,0.97,4,-1,-1
715,282,876.77,479.64,241.50,284.07,0.65,6,-1,-1
715,283,1038.42,108.85,94.28,59.69,0.99,5,-1,-1
715,288,1064.83,664.35,250.11,101.43,0.46,5,-1,-1
715,289,690.26,655.90,119.58,107.23,0.33,4,-1,-1
716,251,493.08,647.02,103.32,118.68,0.62,4,-1,-1
716,260,268.32,155.76,278.21,114.19,0.98,4,-1,-1
716,262,703.85,62.87,359.94,137.77,0.95,6,-1,-1
716,266,446.32,408.18,118.45,168.04,1.00,4,-1,-1
716,273,214.43,48.95,316.90,143.56,0.81,6,-1,-1
716,277,670.88,228.59,118.21,59.06,1.00,7,-1,-1
716,278,735.09,224.28,34.19,47.08,0.99,2,-1,-1
716,280,659.25,312.88,158.40,219.27,1.00,6,-1,-1
716,281,202.81,595.82,133.53,172.04,0.97,4,-1,-1
716,282,880.98,490.61,246.92,273.74,0.53,6,-1,-1
716,283,1033.97,111.82,92.57,60.41,0.99,5,-1,-1
716,288,1070.02,674.89,252.59,91.11,0.20,5,-1,-1
716,289,690.42,664.55,119.70,99.73,0.17,4,-1,-1
716,290,880.26,490.08,353.47,273.21,0.66,6,-1,-1
717,251,491.21,660.13,103.78,105.31,0.54,4,-1,-1
717,260,279.66,162.13,275.50,114.79,0.99,4,-1,-1
717,262,700.77,68.52,360.80,137.31,0.95,6,-1,-1
717,266,445.36,416.75,118.75,169.97,1.00,4,-1,-1
717,273,207.92,53.60,307.11,145.60,0.85,6,-1,-1
717,277,681.21,234.45,118.69,59.63,1.00,7,-1,-1
717,278,745.85,230.11,34.32,47.09,0.99,2,-1,-1
717,280,658.65,319.62,159.12,221.39,1.00,6,-1,-1
717,281,198.82,606.08,133.26,161.93,0.93,4,-1,-1
717,282,880.05,502.11,229.92,263.38,0.80,6,-1,-1
717,283,1030.12,117.38,89.67,60.60,0.98,5,-1,-1
717,288,1069.93,687.01,259.13,79.93,0.17,5,-1,-1
717,289,690.91,673.57,119.74,91.34,0.18,4,-1,-1
718,251,487.09,679.76,104.57,88.10,0.37,4,-1,-1
718,260,289.87,174.72,275.09,114.23,0.99,4,-1,-1
718,262,700.11,78.41,362.08,139.37,0.91,6,-1,-1
718,266,444.69,432.45,118.34,173.53,1.00,4,-1,-1
718,273,200.85,62.69,316.47,148.28,0.90,6,-1,-1
718,277,691.68,246.76,119.47,59.03,1.00,7,-1,-1
718,278,757.36,242.27,33.80,47.39,0.97,2,-1,-1
718,280,658.22,330.76,160.54,224.79,0.99,6,-1,-1
718,281,193.30,625.68,132.05,143.65,0.67,4,-1,-1
718,282,885.49,524.43,209.11,241.76,0.50,6,-1,-1
718,283,1025.66,127.25,86.37,61.12,0.99,5,-1,-1
718,288,1068.39,707.35,262.80,60.79,0.12,5,-1,-1
718,291,1234.59,169.26,122.95,57.20,0.75,4,-1,-1
719,251,484.60,714.37,101.91,56.66,0.12,4,-1,-1
719,260,297.98,201.14,276.81,115.24,0.99,4,-1,-1
719,262,699.57,105.52,362.42,140.47,0.89,6,-1,-1
719,266,443.11,462.29,117.87,178.00,0.99,4,-1,-1
719,273,195.55,88.06,319.14,150.20,0.89,6,-1,-1
719,277,703.04,274.01,119.70,59.93,1.00,7,-1,-1
719,278,768.62,269.75,34.07,47.88,0.98,2,-1,-1
719,280,658.53,358.09,161.79,230.03,1.00,6,-1,-1
719,281,186.15,658.48,127.65,115.03,0.63,4,-1,-1
719,282,889.58,560.86,198.58,213.81,0.37,6,-1,-1
719,283,1020.84,154.45,83.98,60.98,0.99,5,-1,-1
719,291,1230.80,196.96,127.23,58.07,0.86,4,-1,-1
720,260,302.75,229.29,284.81,113.81,0.98,4,-1,-1
720,262,695.25,132.64,363.25,140.30,0.89,6,-1,-1
720,266,440.32,492.30,119.15,181.00,0.99,4,-1,-1
720,273,187.94,115.19,322.63,150.83,0.94,6,-1,-1
720,277,713.65,302.40,119.29,58.85,0.99,7,-1,-1
720,278,778.02,296.82,34.26,47.41,0.99,2,-1,-1
720,280,656.99,384.42,164.34,235.88,1.00,6,-1,-1
720,281,177.68,692.66,123.30,79.24,0.16,4,-1,-1
720,282,890.48,596.01,202.47,176.76,0.55,6,-1,-1
720,283,1013.27,180.39,80.94,61.33,0.97,5,-1,-1
720,291,1225.08,224.22,133.37,57.54,0.92,4,-1,-1
721,260,315.99,262.49,278.82,114.48,0.99,4,-1,-1
721,262,691.70,165.41,371.37,140.54,0.81,6,-1,-1
721,266,436.53,529.22,120.25,184.99,0.99,4,-1,-1
721,273,180.37,148.49,327.24,150.26,0.91,6,-1,-1
721,277,724.08,334.93,120.32,59.32,0.99,7,-1,-1
721,278,790.28,329.57,32.64,47.53,0.97,2,-1,-1
721,280,656.34,419.28,165.35,240.02,0.99,6,-1,-1
721,282,895.97,638.72,190.15,132.54,0.22,6,-1,-1
721,283,1004.99,212.51,78.78,60.73,0.82,5,-1,-1
721,291,1217.61,256.61,138.04,57.66,0.97,4,-1,-1
722,260,326.28,298.28,276.83,114.64,0.99,4,-1,-1
722,262,686.37,200.72,381.84,139.45,0.82,6,-1,-1
722,266,433.44,568.43,120.61,186.35,0.99,4,-1,-1
722,273,174.81,184.59,327.30,148.21,0.92,6,-1,-1
722,277,735.21,369.68,120.64,58.89,0.99,7,-1,-1
722,278,801.52,364.40,32.56,47.82,0.98,2,-1,-1
722,280,656.02,455.18,168.45,242.94,0.99,6,-1,-1
722,291,1210.00,291.28,140.59,57.98,0.97,4,-1,-1
723,260,336.29,331.11,275.53,115.39,0.98,4,-1,-1
723,262,682.39,234.59,370.41,137.20,0.87,6,-1,-1
723,266,429.98,605.16,120.21,169.95,0.99,4,-1,-1
723,273,167.50,217.47,328.63,147.42,0.92,6,-1,-1
723,277,746.09,402.52,121.91,58.99,0.99,7,-1,-1
723,278,814.16,397.41,32.54,48.64,0.98,2,-1,-1
723,280,654.73,487.90,171.33,249.02,0.99,6,-1,-1
723,291,1202.68,323.97,142.51,57.77,0.98,4,-1,-1
723,283,971.85,276.53,93.52,61.52,0.62,5,-1,-1
724,260,345.93,363.48,274.56,115.19,0.99,4,-1,-1
724,262,677.86,266.43,372.76,136.28,0.85,6,-1,-1
724,266,425.89,640.76,118.97,138.69,0.90,4,-1,-1
724,273,159.43,248.79,330.05,147.36,0.91,6,-1,-1
724,277,757.27,433.25,123.27,60.73,1.00,7,-1,-1
724,278,826.86,429.47,31.99,47.68,0.96,2,-1,-1
724,280,652.61,520.60,174.74,246.82,0.99,6,-1,-1
724,291,1197.22,355.11,143.08,57.07,0.97,4,-1,-1
725,260,353.50,393.45,280.97,113.68,0.97,4,-1,-1
725,262,675.05,295.59,369.65,134.97,0.96,6,-1,-1
725,266,423.67,670.69,115.33,104.69,0.82,4,-1,-1
725,273,155.53,278.21,329.68,146.36,0.92,6,-1,-1
725,277,769.67,460.67,124.82,61.65,1.00,7,-1,-1
725,278,840.73,458.21,32.28,47.69,0.97,2,-1,-1
725,280,653.43,551.68,177.83,223.89,0.99,6,-1,-1
725,291,1192.63,382.78,142.74,56.87,0.98,4,-1,-1
726,260,363.22,397.60,281.70,115.30,0.99,4,-1,-1
726,262,673.22,301.24,367.26,133.80,0.96,6,-1,-1
726,266,422.21,676.78,111.35,89.02,0.59,4,-1,-1
726,273,150.38,282.29,329.10,145.24,0.92,6,-1,-1
726,277,782.24,466.32,125.16,61.56,0.99,7,-1,-1
726,278,853.78,463.35,32.28,46.56,0.98,2,-1,-1
726,280,653.30,557.30,180.60,212.10,0.98,6,-1,-1
726,291,1188.55,388.72,143.46,56.39,0.96,4,-1,-1
727,260,372.38,398.63,286.23,117.14,0.98,4,-1,-1
727,262,673.18,302.35,364.65,134.64,0.97,6,-1,-1
727,266,422.09,681.36,107.65,81.32,0.44,4,-1,-1
727,273,144.31,282.22,330.35,145.83,0.88,6,-1,-1
727,277,796.60,467.68,125.75,62.71,0.99,7,-1,-1
727,278,869.25,465.33,31.20,47.91,0.98,2,-1,-1
727,280,655.22,560.51,184.15,205.31,0.97,6,-1,-1
727,291,1186.85,390.24,145.02,57.74,0.98,4,-1,-1
727,292,1.25,410.89,91.06,65.10,0.69,4,-1,-1
728,260,387.25,400.67,283.46,117.20,0.99,4,-1,-1
728,262,672.64,303.49,364.89,136.02,0.97,6,-1,-1
728,266,422.38,686.41,106.10,75.64,0.38,4,-1,-1
728,273,138.29,282.93,330.99,146.00,0.89,6,-1,-1
728,277,810.61,470.02,127.11,63.10,0.99,7,-1,-1
728,278,884.82,468.16,30.81,47.28,0.99,2,-1,-1
728,280,656.52,563.00,184.97,201.19,0.98,6,-1,-1
728,291,1185.88,392.26,145.57,57.62,0.96,4,-1,-1
728,292,1.41,412.45,99.08,65.67,0.83,4,-1,-1
728,293,868.31,469.59,29.03,40.13,0.70,2,-1,-1
729,260,398.39,402.69,284.20,117.68,0.99,4,-1,-1
729,262,670.96,304.78,366.40,136.89,0.96,6,-1,-1
729,266,423.33,691.29,103.70,70.56,0.27,5,-1,-1
729,273,132.81,284.87,331.90,146.12,0.90,6,-1,-1
729,277,825.17,473.21,127.88,62.70,0.99,7,-1,-1
729,278,899.07,470.14,31.82,48.75,0.94,2,-1,-1
729,280,658.22,567.09,185.74,196.93,0.97,6,-1,-1
729,291,1184.46,394.09,146.85,58.04,0.94,4,-1,-1
729,292,0.64,414.12,107.44,66.45,0.90,4,-1,-1
730,260,409.67,404.27,287.00,118.83,0.99,4,-1,-1
730,262,669.97,305.96,367.81,138.07,0.97,6,-1,-1
730,266,423.41,695.98,103.61,66.25,0.22,4,-1,-1
730,273,126.49,285.04,333.40,147.03,0.93,6,-1,-1
730,277,839.91,475.67,128.43,63.09,0.99,7,-1,-1
730,278,913.40,473.25,33.32,48.73,0.98,2,-1,-1
730,280,657.29,569.83,189.32,193.75,0.96,6,-1,-1
730,291,1183.36,396.46,147.27,58.33,0.96,4,-1,-1
730,292,0.41,416.06,117.74,66.68,0.95,4,-1,-1
731,260,422.75,407.04,285.41,118.86,0.98,4,-1,-1
731,262,668.65,307.59,367.85,138.82,0.97,6,-1,-1
731,266,422.54,701.46,100.63,61.51,0.35,4,-1,-1
731,273,118.45,287.29,336.75,145.99,0.88,6,-1,-1
731,277,853.62,478.09,128.64,63.81,0.99,7,-1,-1
731,278,928.60,476.20,32.78,48.16,0.96,2,-1,-1
731,280,656.45,572.62,190.66,191.02,0.98,6,-1,-1
731,291,1179.93,398.68,148.53,58.59,0.96,4,-1,-1
731,292,-0.21,418.09,127.08,66.89,0.97,4,-1,-1
732,260,432.20,409.79,291.54,118.37,0.98,4,-1,-1
732,262,666.04,308.49,368.67,139.45,0.96,6,-1,-1
732,266,421.99,706.64,99.14,56.58,0.32,4,-1,-1
732,273,107.95,287.25,341.53,146.97,0.86,6,-1,-1
732,277,867.12,480.49,129.25,64.04,1.00,7,-1,-1
732,278,942.67,479.37,32.56,48.49,0.97,2,-1,-1
732,280,656.21,573.99,193.89,189.52,0.96,6,-1,-1
732,291,1176.79,400.13,147.81,58.38,0.97,4,-1,-1
732,292,-0.25,420.34,135.06,67.38,0.98,4,-1,-1
733,260,444.71,410.46,290.44,120.31,0.97,4,-1,-1
733,262,661.80,309.63,369.26,139.00,0.95,6,-1,-1
733,266,419.70,711.70,99.11,51.59,0.15,4,-1,-1
733,273,98.69,289.01,341.54,145.66,0.92,6,-1,-1
733,277,880.25,482.34,129.74,64.69,0.99,7,-1,-1
733,278,956.85,481.77,32.48,48.05,0.97,2,-1,-1
733,280,654.75,575.42,196.73,187.96,0.96,6,-1,-1
733,291,1172.18,401.20,148.62,59.01,0.96,4,-1,-1
733,292,-0.37,422.22,143.12,67.99,0.98,4,-1,-1
734,260,457.05,411.37,294.98,122.04,0.96,4,-1,-1
734,262,657.19,310.58,371.63,139.11,0.96,6,-1,-1
734,266,418.64,717.20,99.55,45.90,0.36,4,-1,-1
734,273,90.79,290.21,342.30,144.75,0.92,6,-1,-1
734,277,894.00,484.69,129.87,64.30,0.99,7,-1,-1
734,278,970.94,484.60,32.44,47.86,0.94,2,-1,-1
734,280,654.83,577.62,196.59,185.65,0.97,6,-1,-1
734,291,1168.45,402.10,148.84,59.48,0.96,4,-1,-1
734,292,0.28,424.35,150.96,68.28,0.99,4,-1,-1
735,260,467.89,412.48,294.54,123.32,0.97,4,-1,-1
735,262,652.65,312.11,373.26,138.53,0.97,6,-1,-1
735,266,417.65,722.56,98.81,40.69,0.14,4,-1,-1
735,273,81.02,290.96,343.89,144.23,0.91,6,-1,-1
735,277,907.77,486.68,131.09,65.31,0.99,7,-1,-1
735,278,984.28,487.04,32.44,47.24,0.97,2,-1,-1
735,280,653.66,579.87,197.10,183.29,0.97,6,-1,-1
735,291,1165.12,403.25,147.82,59.68,0.98,4,-1,-1
735,292,0.43,426.90,159.35,68.26,0.99,4,-1,-1
736,260,480.68,414.51,293.68,123.79,0.98,4,-1,-1
736,262,645.74,312.67,375.74,139.74,0.98,6,-1,-1
736,266,415.52,728.70,97.84,34.28,0.11,4,-1,-1
736,273,74.17,290.61,343.02,144.91,0.92,6,-1,-1
736,277,921.50,489.92,132.63,64.56,0.97,7,-1,-1
736,278,999.52,489.04,32.43,47.00,0.96,2,-1,-1
736,280,652.41,582.31,205.59,180.79,0.86,6,-1,-1
736,291,1161.73,404.82,147.36,59.19,0.98,4,-1,-1
736,292,4.68,429.41,163.79,68.23,0.99,4,-1,-1
736,294,987.84,488.37,29.03,43.54,0.64,2,-1,-1
737,260,492.79,415.75,294.45,124.51,0.99,4,-1,-1
737,262,641.93,313.65,376.38,140.19,0.97,6,-1,-1
737,266,413.71,734.45,98.10,28.85,0.15,4,-1,-1
737,273,65.39,292.25,344.83,143.77,0.93,6,-1,-1
737,277,935.87,491.61,133.19,65.96,1.00,7,-1,-1
737,278,1015.01,491.10,32.43,48.63,0.95,2,-1,-1
737,280,651.76,583.38,207.63,179.41,0.82,6,-1,-1
737,291,1157.88,405.90,148.30,59.29,0.99,4,-1,-1
737,292,11.61,431.51,165.63,67.78,0.98,4,-1,-1
738,260,503.29,417.01,297.00,124.79,0.99,4,-1,-1
738,262,637.70,314.83,377.76,140.66,0.96,6,-1,-1
738,273,54.07,293.82,348.68,142.52,0.92,6,-1,-1
738,277,950.31,492.49,134.51,68.16,0.99,7,-1,-1
738,278,1030.42,493.50,32.43,49.24,0.97,2,-1,-1
738,280,650.01,583.13,211.69,179.61,0.76,6,-1,-1
738,291,1153.71,406.97,148.65,59.47,0.98,4,-1,-1
738,292,19.91,433.33,166.28,68.18,0.99,4,-1,-1
739,260,517.66,419.86,294.50,125.03,0.98,4,-1,-1
739,262,635.23,315.57,378.20,141.99,0.97,6,-1,-1
739,273,46.03,293.24,349.47,143.66,0.94,6,-1,-1
739,277,964.92,494.79,134.97,68.44,0.99,7,-1,-1
739,278,1045.93,496.68,31.29,48.34,0.96,2,-1,-1
739,280,646.95,585.30,266.77,175.76,0.58,6,-1,-1
739,291,1150.09,407.86,148.73,60.26,0.99,4,-1,-1
739,292,29.52,435.33,166.41,68.90,0.99,4,-1,-1
740,260,529.41,421.28,296.41,127.22,0.97,4,-1,-1
740,262,630.75,316.74,379.82,141.50,0.97,6,-1,-1
740,273,35.78,294.51,350.85,142.83,0.93,6,-1,-1
740,277,980.14,497.53,135.14,67.97,1.00,7,-1,-1
740,278,1061.50,499.18,30.86,48.00,0.97,2,-1,-1
740,280,645.53,586.59,254.36,175.04,0.77,6,-1,-1
740,291,1146.15,409.07,149.90,60.13,0.99,4,-1,-1
740,292,38.79,437.41,167.08,69.17,0.99,4,-1,-1
741,260,541.30,423.99,298.73,126.27,0.98,4,-1,-1
741,262,626.05,318.00,380.05,141.22,0.97,6,-1,-1
741,273,26.04,294.76,353.42,143.59,0.94,6,-1,-1
741,277,995.43,500.39,136.28,67.73,1.00,7,-1,-1
741,278,1077.43,501.35,31.86,48.42,0.98,2,-1,-1
741,280,644.71,587.80,246.40,174.21,0.76,6,-1,-1
741,291,1141.84,410.67,150.29,59.33,0.98,4,-1,-1
741,292,48.58,439.57,167.34,69.22,1.00,4,-1,-1
742,260,555.58,426.74,296.79,125.36,0.98,4,-1,-1
742,262,620.30,320.07,381.56,140.45,0.96,6,-1,-1
742,273,16.21,295.00,354.11,143.79,0.93,6,-1,-1
742,277,1010.97,501.82,136.71,69.34,1.00,7,-1,-1
742,278,1092.63,503.36,33.35,48.58,0.97,2,-1,-1
742,280,643.97,589.16,239.19,173.46,0.67,6,-1,-1
742,291,1137.72,412.20,150.44,59.61,0.99,4,-1,-1
742,292,58.71,441.77,167.93,69.25,0.99,4,-1,-1
743,260,566.05,427.75,302.83,127.27,0.98,4,-1,-1
743,262,615.34,321.40,382.12,140.46,0.96,6,-1,-1
743,273,5.27,296.35,356.51,143.76,0.92,6,-1,-1
743,277,1026.96,504.30,136.85,69.94,0.98,7,-1,-1
743,278,1109.55,506.05,32.81,49.22,0.99,2,-1,-1
743,280,642.49,589.92,239.08,172.71,0.81,6,-1,-1
743,291,1133.44,413.20,150.48,60.15,0.99,4,-1,-1
743,292,69.10,444.23,167.92,69.26,0.99,4,-1,-1
744,260,577.79,430.07,303.69,127.92,0.98,4,-1,-1
744,262,610.84,322.31,382.34,140.24,0.97,6,-1,-1
744,273,-1.78,298.68,356.00,142.55,0.91,6,-1,-1
744,277,1043.25,506.53,138.02,70.69,0.99,7,-1,-1
744,278,1126.79,509.18,32.59,49.45,0.96,2,-1,-1
744,280,640.09,591.89,241.48,171.32,0.83,6,-1,-1
744,291,1129.23,414.31,151.62,60.89,0.99,4,-1,-1
744,292,79.51,446.92,168.08,69.23,0.99,4,-1,-1
745,260,589.95,434.18,305.40,127.08,0.98,4,-1,-1
745,262,608.75,323.49,381.29,141.22,0.97,6,-1,-1
745,273,-2.89,300.47,350.83,142.17,0.92,6,-1,-1
745,277,1059.06,510.93,139.57,69.30,1.00,7,-1,-1
745,278,1143.50,512.53,32.51,50.10,0.97,2,-1,-1
745,280,636.96,593.92,242.83,169.78,0.84,6,-1,-1
745,291,1125.60,415.65,150.91,61.33,0.99,4,-1,-1
745,292,90.24,449.09,168.29,70.37,1.00,4,-1,-1
746,260,600.87,435.61,306.40,128.41,0.94,4,-1,-1
746,262,602.20,325.32,382.64,142.42,0.97,6,-1,-1
746,273,-2.25,301.88,340.60,141.74,0.91,6,-1,-1
746,277,1075.52,514.77,140.06,68.73,1.00,7,-1,-1
746,278,1160.24,515.10,32.45,51.45,0.98,2,-1,-1
746,280,634.92,594.77,240.83,168.66,0.78,6,-1,-1
746,291,1120.76,417.69,150.54,61.06,0.99,4,-1,-1
746,292,101.64,451.96,168.74,70.22,1.00,4,-1,-1
747,260,614.24,436.48,310.04,128.85,0.97,4,-1,-1
747,262,595.78,326.10,385.02,141.98,0.96,6,-1,-1
747,273,-3.41,302.13,334.39,142.54,0.88,6,-1,-1
747,277,1093.04,516.50,139.06,69.62,0.99,7,-1,-1
747,278,1179.52,516.35,31.29,52.50,0.93,2,-1,-1
747,280,632.37,594.56,247.19,168.27,0.86,6,-1,-1
747,291,1115.73,418.38,150.36,61.35,0.99,4,-1,-1
747,292,113.95,453.37,168.38,70.13,1.00,4,-1,-1
748,260,628.64,437.10,309.43,129.13,0.99,4,-1,-1
748,262,591.49,326.15,383.94,142.77,0.97,6,-1,-1
748,273,-3.22,302.59,326.57,142.12,0.85,6,-1,-1
748,277,1110.33,518.10,139.79,69.93,1.00,7,-1,-1
748,278,1195.76,517.76,32.01,52.33,0.97,2,-1,-1
748,280,629.74,594.94,256.20,167.61,0.73,6,-1,-1
748,291,1111.14,418.78,150.29,61.45,0.99,4,-1,-1
748,292,126.16,454.65,168.71,70.07,1.00,4,-1,-1
749,260,639.03,437.62,311.67,129.67,0.98,4,-1,-1
749,262,586.17,326.06,385.77,143.66,0.96,6,-1,-1
749,273,-2.83,305.99,318.27,138.04,0.86,6,-1,-1
749,277,1127.61,518.88,140.05,70.62,0.99,7,-1,-1
749,278,1211.47,518.49,34.52,53.37,0.96,2,-1,-1
749,280,627.17,592.98,249.05,169.73,0.76,6,-1,-1
749,291,1105.15,419.00,151.38,61.36,0.99,4,-1,-1
749,292,138.71,455.50,168.74,70.06,0.99,4,-1,-1
750,260,657.67,438.00,302.94,129.83,0.96,4,-1,-1
750,262,578.95,326.22,383.91,144.52,0.97,6,-1,-1
750,273,-2.57,307.70,309.36,136.06,0.87,6,-1,-1
750,277,1144.25,518.17,141.25,71.98,0.99,7,-1,-1
750,278,1229.13,518.86,35.46,53.76,0.96,2,-1,-1
750,280,625.12,591.04,249.42,170.54,0.68,6,-1,-1
750,291,1099.10,418.53,151.79,61.44,0.99,4,-1,-1
750,292,151.86,455.75,168.11,70.04,0.99,4,-1,-1
751,260,665.87,437.39,309.19,130.40,0.98,4,-1,-1
751,262,573.85,326.28,384.00,144.09,0.97,6,-1,-1
751,273,-1.51,304.06,299.70,138.04,0.87,6,-1,-1
751,277,1160.57,517.09,142.81,73.58,0.99,7,-1,-1
751,278,1248.07,518.76,33.60,54.44,0.97,2,-1,-1
751,280,623.57,588.73,255.35,173.11,0.81,6,-1,-1
751,291,1093.56,417.32,150.80,61.45,1.00,4,-1,-1
751,292,164.99,455.67,167.51,70.01,0.99,4,-1,-1
752,260,679.25,437.11,310.49,130.10,0.98,4,-1,-1
752,262,568.71,325.53,385.31,144.12,0.98,6,-1,-1
752,273,-1.43,303.62,291.17,137.29,0.79,6,-1,-1
752,277,1178.19,516.66,143.43,73.66,0.99,7,-1,-1
752,278,1267.35,518.69,32.86,54.15,0.96,2,-1,-1
752,280,621.08,587.36,241.22,174.74,0.88,6,-1,-1
752,291,1086.77,415.84,150.47,61.62,1.00,4,-1,-1
752,292,178.28,455.30,166.72,70.02,1.00,4,-1,-1
753,260,689.73,437.35,317.34,130.01,0.98,4,-1,-1
753,262,563.30,324.89,385.43,144.60,0.97,6,-1,-1
753,273,-1.16,303.56,282.69,136.36,0.70,6,-1,-1
753,277,1196.53,516.64,143.61,74.24,0.99,7,-1,-1
753,278,1286.27,519.66,33.71,53.46,0.92,2,-1,-1
753,280,619.03,585.50,234.83,176.52,0.91,6,-1,-1
753,291,1079.24,414.33,151.44,62.27,1.00,4,-1,-1
753,292,191.57,455.11,166.05,70.05,1.00,4,-1,-1
754,260,703.50,438.62,317.25,131.14,0.98,6,-1,-1
754,262,555.16,325.14,387.43,145.77,0.96,6,-1,-1
754,273,-3.23,302.07,275.00,137.18,0.57,6,-1,-1
754,277,1216.09,519.59,141.70,74.76,0.99,7,-1,-1
754,278,1305.10,522.20,34.06,54.48,0.95,2,-1,-1
754,280,616.24,585.74,230.03,178.42,0.90,6,-1,-1
754,291,1072.11,414.80,152.13,63.22,0.99,4,-1,-1
754,292,202.31,456.09,166.39,70.38,1.00,4,-1,-1
755,260,714.23,440.05,318.03,131.61,0.96,6,-1,-1
755,262,549.11,324.86,389.10,146.68,0.96,6,-1,-1
755,273,-3.93,305.07,267.48,133.72,0.44,6,-1,-1
755,277,1235.47,521.72,128.47,74.40,0.97,7,-1,-1
755,278,1324.75,525.03,30.81,52.64,0.85,2,-1,-1
755,280,613.55,586.54,225.40,178.63,0.92,6,-1,-1
755,291,1065.15,415.08,151.28,63.61,0.99,4,-1,-1
755,292,214.23,457.10,165.95,71.09,1.00,4,-1,-1
756,260,727.65,442.33,317.74,131.17,0.97,6,-1,-1
756,262,543.50,325.64,388.88,146.97,0.96,6,-1,-1
756,273,-3.29,310.53,256.81,128.18,0.24,6,-1,-1
756,277,1254.89,523.91,110.33,73.63,0.93,7,-1,-1
756,280,611.11,586.92,228.34,178.67,0.88,6,-1,-1
756,291,1057.23,415.02,152.09,64.14,1.00,4,-1,-1
756,292,226.91,458.73,166.04,70.77,1.00,4,-1,-1
757,260,742.53,443.94,316.35,131.44,0.96,6,-1,-1
757,262,537.71,326.60,389.21,146.80,0.97,6,-1,-1
757,277,1275.76,527.33,89.08,72.10,0.76,3,-1,-1
757,280,611.51,587.78,235.10,177.45,0.81,6,-1,-1
757,291,1049.27,414.98,152.35,64.43,1.00,4,-1,-1
757,292,239.92,460.44,166.29,71.15,1.00,4,-1,-1
757,295,684.74,574.60,40.13,47.81,0.71,10,-1,-1
757,296,1276.42,525.08,81.96,72.57,0.67,7,-1,-1
758,260,760.36,447.64,314.79,133.14,0.97,6,-1,-1
758,262,531.87,328.53,389.54,149.25,0.96,6,-1,-1
758,280,610.24,590.47,238.74,177.33,0.72,6,-1,-1
758,291,1043.22,417.61,151.38,66.16,1.00,4,-1,-1
758,292,252.57,462.91,166.43,71.85,1.00,4,-1,-1
758,295,683.47,578.41,39.47,47.38,0.54,10,-1,-1
759,260,772.80,448.84,316.74,131.72,0.94,6,-1,-1
759,262,526.16,328.46,390.89,147.82,0.97,6,-1,-1
759,280,609.49,591.04,249.53,174.21,0.73,6,-1,-1
759,291,1034.14,415.81,150.73,66.09,1.00,4,-1,-1
759,292,266.33,464.97,166.17,71.32,1.00,4,-1,-1
759,295,681.91,580.25,39.36,45.83,0.70,10,-1,-1
760,260,785.09,450.90,319.05,132.99,0.95,6,-1,-1
760,262,518.31,329.69,392.16,147.67,0.97,6,-1,-1
760,280,607.06,593.25,246.45,171.44,0.74,6,-1,-1
760,291,1024.75,415.77,150.56,66.24,1.00,4,-1,-1
760,292,278.76,467.04,166.43,71.73,1.00,4,-1,-1
760,295,679.53,580.94,40.66,45.29,0.74,10,-1,-1
761,260,784.32,452.11,336.33,131.74,0.92,6,-1,-1
761,262,511.42,330.58,393.91,147.19,0.97,6,-1,-1
761,280,606.10,595.89,258.36,166.95,0.70,6,-1,-1
761,291,1016.62,415.38,149.11,66.99,1.00,4,-1,-1
761,292,293.24,469.27,166.08,72.14,1.00,4,-1,-1
761,295,680.39,582.37,38.48,46.37,0.86,10,-1,-1
761,273,-2.23,305.55,210.04,141.48,0.80,6,-1,-1
762,260,806.80,453.41,325.27,135.82,0.90,6,-1,-1
762,262,504.48,332.23,394.58,148.30,0.96,6,-1,-1
762,280,604.39,599.80,262.74,162.46,0.67,6,-1,-1
762,291,1006.43,416.56,149.72,66.83,1.00,4,-1,-1
762,292,306.06,472.08,166.23,72.86,1.00,4,-1,-1
762,295,678.74,586.55,38.99,46.73,0.91,10,-1,-1
762,273,0.25,311.12,199.34,138.56,0.79,6,-1,-1
763,260,809.00,458.14,341.10,134.04,0.96,6,-1,-1
763,262,497.75,334.67,395.86,149.52,0.97,6,-1,-1
763,280,602.31,603.37,251.10,158.66,0.65,6,-1,-1
763,291,996.84,417.38,150.03,67.37,0.99,4,-1,-1
763,292,318.24,475.96,166.78,72.61,1.00,4,-1,-1
763,295,677.62,589.88,39.17,48.70,0.61,10,-1,-1
763,273,-0.63,314.48,189.22,137.32,0.90,6,-1,-1
764,260,816.84,460.72,353.48,136.21,0.93,6,-1,-1
764,262,489.80,336.52,399.09,150.71,0.97,6,-1,-1
764,280,600.37,607.77,253.18,154.46,0.72,6,-1,-1
764,291,986.66,418.42,150.12,65.74,0.99,4,-1,-1
764,292,330.00,479.53,168.09,73.65,1.00,4,-1,-1
764,295,676.64,593.57,39.23,48.22,0.88,10,-1,-1
764,273,-0.51,316.90,177.97,138.11,0.76,6,-1,-1
765,260,828.79,465.20,358.29,137.05,0.95,6,-1,-1
765,262,481.75,339.31,400.40,151.21,0.97,6,-1,-1
765,280,598.13,612.73,241.00,149.58,0.79,6,-1,-1
765,291,976.30,419.87,150.21,65.70,0.99,4,-1,-1
765,292,341.75,483.50,169.61,75.20,1.00,4,-1,-1
765,295,675.32,597.67,40.44,50.95,0.91,10,-1,-1
765,273,0.28,320.58,165.31,137.15,0.69,6,-1,-1
766,260,842.26,471.07,360.14,137.04,0.91,6,-1,-1
766,262,474.10,342.37,403.28,152.79,0.97,6,-1,-1
766,280,595.23,618.50,232.26,144.60,0.77,6,-1,-1
766,291,965.83,422.16,150.31,66.93,1.00,4,-1,-1
766,292,353.15,488.40,170.80,75.34,1.00,4,-1,-1
766,295,673.41,603.09,41.46,51.41,0.88,10,-1,-1
766,273,0.25,322.35,152.81,138.04,0.81,6,-1,-1
767,260,855.99,474.62,367.40,139.17,0.95,6,-1,-1
767,262,465.87,345.28,408.25,154.11,0.97,6,-1,-1
767,280,593.18,624.30,229.06,139.32,0.80,6,-1,-1
767,291,955.40,423.83,150.33,67.90,1.00,4,-1,-1
767,292,365.58,493.37,171.21,75.32,1.00,4,-1,-1
767,295,670.00,609.02,44.11,53.24,0.91,10,-1,-1
767,273,-0.03,326.43,140.88,136.17,0.82,6,-1,-1
768,260,870.37,479.66,370.02,139.41,0.97,6,-1,-1
768,262,457.97,347.98,410.06,155.03,0.98,6,-1,-1
768,280,592.82,630.79,233.12,131.68,0.53,6,-1,-1
768,291,943.90,425.14,151.47,68.84,1.00,4,-1,-1
768,292,377.77,497.78,172.75,75.87,1.00,4,-1,-1
768,295,668.23,614.07,44.54,52.79,0.96,10,-1,-1
768,273,-0.12,328.42,128.29,134.43,0.86,6,-1,-1
769,260,883.87,485.83,379.81,140.08,0.96,6,-1,-1
769,262,450.21,351.29,411.79,155.68,0.98,6,-1,-1
769,280,590.76,636.59,231.79,126.16,0.35,6,-1,-1
769,291,933.15,427.16,151.89,69.20,1.00,4,-1,-1
769,292,390.42,503.08,173.58,76.09,1.00,4,-1,-1
769,295,667.92,619.93,42.98,53.71,0.86,10,-1,-1
769,273,0.05,330.42,114.48,132.78,0.90,6,-1,-1
770,260,900.34,491.38,384.64,141.91,0.96,6,-1,-1
770,262,441.78,354.65,414.18,157.35,0.98,6,-1,-1
770,280,589.77,641.76,234.25,121.39,0.25,6,-1,-1
770,291,921.51,429.93,152.09,69.14,0.99,4,-1,-1
770,292,403.71,508.16,173.92,77.81,1.00,4,-1,-1
770,295,665.90,626.83,43.51,55.72,0.58,10,-1,-1
770,273,0.03,334.14,101.41,130.14,0.77,6,-1,-1
771,260,915.67,496.34,382.82,142.65,0.94,6,-1,-1
771,262,433.05,357.89,418.25,157.76,0.97,6,-1,-1
771,280,587.75,647.62,246.48,115.18,0.20,6,-1,-1
771,291,909.51,431.56,152.10,69.84,1.00,4,-1,-1
771,292,416.68,513.35,175.51,78.48,1.00,4,-1,-1
771,295,664.62,632.73,43.11,57.01,0.54,10,-1,-1
771,273,0.09,337.11,88.24,130.88,0.51,6,-1,-1
772,260,933.33,501.26,382.92,145.00,0.94,6,-1,-1
772,262,424.76,360.72,421.28,159.11,0.98,6,-1,-1
772,280,584.65,653.50,263.79,108.91,0.17,6,-1,-1
772,291,896.78,434.36,152.05,69.31,1.00,4,-1,-1
772,292,430.57,518.77,176.02,79.76,1.00,4,-1,-1
772,295,663.71,638.56,42.36,56.89,0.75,10,-1,-1
772,273,0.13,341.12,75.03,130.23,0.45,6,-1,-1
773,260,949.14,507.05,386.25,148.22,0.94,6,-1,-1
773,262,416.20,364.24,424.11,160.85,0.98,6,-1,-1
773,291,883.92,436.76,152.04,69.29,1.00,4,-1,-1
773,292,443.72,524.65,177.35,80.85,1.00,4,-1,-1
773,295,661.95,644.95,43.79,56.26,0.64,10,-1,-1
773,273,0.18,343.84,62.37,133.20,0.52,6,-1,-1
774,260,965.93,513.02,388.56,148.80,0.93,6,-1,-1
774,262,407.72,368.08,427.28,161.43,0.98,6,-1,-1
774,291,870.42,439.30,152.06,69.25,1.00,4,-1,-1
774,292,457.80,530.72,178.41,81.78,1.00,4,-1,-1
774,295,660.82,653.16,42.63,52.02,0.32,10,-1,-1
774,273,0.35,346.88,49.45,143.93,0.23,6,-1,-1
775,260,983.57,519.09,380.30,149.52,0.91,6,-1,-1
775,262,397.44,371.46,430.65,163.86,0.98,6,-1,-1
775,291,856.94,442.21,152.35,69.22,0.99,4,-1,-1
775,292,471.08,536.56,181.04,83.23,1.00,4,-1,-1
775,295,657.01,660.38,44.46,50.35,0.34,10,-1,-1
776,260,1000.04,523.03,367.81,152.02,0.94,6,-1,-1
776,262,389.55,375.55,435.18,165.32,0.99,6,-1,-1
776,291,842.55,444.23,153.29,69.78,1.00,4,-1,-1
776,292,486.27,542.63,181.42,83.76,1.00,4,-1,-1
776,295,654.73,666.95,45.11,50.32,0.30,10,-1,-1
777,260,1017.67,531.90,349.13,152.96,0.91,6,-1,-1
777,262,381.17,379.71,440.36,165.88,0.98,6,-1,-1
777,291,828.36,446.56,153.89,71.12,1.00,4,-1,-1
777,292,501.85,549.70,182.61,84.51,1.00,4,-1,-1
777,295,653.49,673.60,45.34,50.32,0.33,10,-1,-1
778,260,1036.12,538.53,328.10,154.35,0.92,6,-1,-1
778,262,373.34,384.22,442.67,168.40,0.99,6,-1,-1
778,291,814.38,450.26,154.63,71.04,1.00,4,-1,-1
778,292,518.01,557.01,183.53,85.31,1.00,4,-1,-1
778,295,652.55,680.99,44.83,49.16,0.66,10,-1,-1
779,260,1055.94,543.67,307.56,157.10,0.88,6,-1,-1
779,262,367.58,387.57,444.76,168.66,0.99,6,-1,-1
779,291,804.15,452.71,151.75,70.44,1.00,4,-1,-1
779,292,536.53,561.50,184.38,87.29,1.00,4,-1,-1
779,295,652.46,685.75,45.75,49.89,0.24,10,-1,-1
780,260,1076.58,547.23,286.28,163.11,0.87,6,-1,-1
780,262,362.43,390.75,446.09,168.80,0.99,6,-1,-1
780,291,796.72,454.82,148.11,70.75,0.99,4,-1,-1
780,292,555.27,567.41,185.82,87.43,1.00,4,-1,-1
780,295,653.26,692.04,46.65,48.45,0.19,10,-1,-1
