1,1,24.97,435.09,25.76,57.38,0.70,2,-1,-1
1,2,44.60,499.34,27.72,61.56,0.61,1,-1,-1
1,3,52.89,564.19,60.81,142.24,0.99,1,-1,-1
1,4,53.79,333.49,21.67,49.61,0.72,1,-1,-1
1,5,62.94,335.29,24.91,53.19,0.78,1,-1,-1
1,6,81.36,519.36,48.11,121.32,0.95,1,-1,-1
1,7,100.11,184.08,20.02,35.26,0.69,1,-1,-1
1,8,119.38,589.89,86.06,153.00,1.00,1,-1,-1
1,9,134.62,493.66,137.76,89.05,0.99,4,-1,-1
1,10,138.96,262.67,17.78,46.32,0.65,1,-1,-1
1,11,150.76,273.13,20.02,44.53,0.76,1,-1,-1
1,12,158.83,188.26,18.83,35.26,0.85,1,-1,-1
1,13,185.42,192.00,17.63,34.37,0.64,1,-1,-1
1,14,224.72,176.31,18.53,35.86,0.95,1,-1,-1
1,15,258.49,517.57,127.30,81.28,0.97,4,-1,-1
1,16,261.62,198.87,19.72,36.76,0.74,1,-1,-1
1,17,268.05,178.85,19.42,33.77,0.87,1,-1,-1
1,18,300.02,401.33,109.37,86.06,0.99,4,-1,-1
1,19,371.44,260.58,19.12,42.13,0.82,1,-1,-1
1,20,388.48,406.41,98.61,90.84,1.00,4,-1,-1
1,21,397.74,326.62,97.42,71.72,0.99,4,-1,-1
1,22,428.52,468.56,112.36,101.00,0.99,4,-1,-1
1,23,433.90,672.36,73.51,147.02,0.98,1,-1,-1
1,24,472.15,633.52,76.50,149.41,0.99,1,-1,-1
1,25,475.14,280.45,71.12,53.64,0.98,4,-1,-1
1,26,486.19,337.38,81.88,66.94,0.98,4,-1,-1
1,27,541.78,235.78,56.78,50.20,0.97,4,-1,-1
1,28,546.26,459.60,109.97,101.00,1.00,4,-1,-1
1,29,551.34,753.64,66.64,137.46,0.91,1,-1,-1
1,30,560.60,253.56,78.89,81.13,0.93,5,-1,-1
1,31,585.11,321.84,80.09,76.50,0.99,4,-1,-1
1,32,588.69,217.55,50.20,37.35,0.96,4,-1,-1
1,33,632.32,231.29,54.98,44.23,0.96,4,-1,-1
1,34,649.05,276.86,64.55,54.54,0.99,4,-1,-1
1,35,682.52,288.37,70.52,56.78,0.98,4,-1,-1
1,36,683.12,324.53,72.91,75.30,0.99,4,-1,-1
1,37,698.06,230.55,52.59,48.11,0.96,4,-1,-1
1,38,757.83,430.91,78.89,73.51,1.00,4,-1,-1
1,39,764.40,233.68,47.81,44.53,0.96,4,-1,-1
1,40,790.10,206.34,44.23,38.55,0.90,4,-1,-1
1,41,809.82,182.88,37.05,32.57,0.96,4,-1,-1
1,42,833.13,297.18,57.38,55.43,1.00,4,-1,-1
1,43,867.80,445.85,76.50,77.10,1.00,4,-1,-1
1,44,886.92,201.41,40.64,39.45,1.00,4,-1,-1
1,45,921.59,249.22,46.62,48.41,1.00,4,-1,-1
1,46,925.17,151.28,34.66,31.45,0.99,4,-1,-1
1,47,937.72,110.79,28.69,27.34,0.98,4,-1,-1
1,48,944.30,57.30,23.91,23.08,0.71,4,-1,-1
1,49,964.62,281.20,53.79,51.40,1.00,4,-1,-1
1,50,966.41,115.50,38.25,47.51,0.86,6,-1,-1
1,51,971.19,55.47,23.91,26.56,0.84,4,-1,-1
1,52,1004.66,410.59,68.13,72.32,1.00,4,-1,-1
1,53,1017.21,92.94,26.30,25.55,0.97,4,-1,-1
1,54,1023.19,119.53,32.27,27.79,0.98,4,-1,-1
1,55,1052.47,200.07,44.23,38.85,0.95,4,-1,-1
1,56,1073.39,222.93,49.01,45.12,0.96,4,-1,-1
1,57,1076.38,344.55,17.93,35.26,0.82,2,-1,-1
1,58,1115.82,360.39,64.55,59.17,1.00,4,-1,-1
1,59,1129.57,416.27,71.72,68.13,0.99,4,-1,-1
1,60,1132.56,476.03,72.91,77.10,1.00,4,-1,-1
1,61,1229.98,537.89,23.91,57.38,0.68,1,-1,-1
1,62,1245.52,470.65,26.30,55.58,0.62,2,-1,-1
1,63,1267.03,565.08,26.30,66.64,0.77,1,-1,-1
1,64,1282.57,579.73,28.69,61.56,0.71,1,-1,-1
1,65,1310.06,406.41,23.91,57.97,0.89,1,-1,-1
1,66,1330.38,409.99,21.52,54.39,0.92,1,-1,-1
1,67,1362.66,641.88,64.55,138.66,0.69,2,-1,-1
1,68,1363.85,640.69,62.16,145.83,0.95,1,-1,-1
1,69,1386.56,389.37,21.52,51.40,0.81,1,-1,-1
1,70,1390.15,487.39,23.91,63.95,0.94,1,-1,-1
1,71,1397.32,309.59,90.84,68.73,0.62,4,-1,-1
1,72,1398.52,507.41,23.91,59.77,0.96,1,-1,-1
1,73,1415.25,374.13,21.52,53.19,0.79,1,-1,-1
1,74,1416.45,512.49,26.30,61.56,0.99,1,-1,-1
1,75,1426.01,363.97,21.52,49.61,0.85,1,-1,-1
1,76,1445.13,250.72,16.73,36.76,0.83,1,-1,-1
1,77,1447.52,425.23,23.91,59.17,0.98,1,-1,-1
1,78,1448.72,225.02,19.12,43.93,0.89,1,-1,-1
1,79,1449.91,393.56,23.91,55.58,0.74,1,-1,-1
1,80,1457.09,244.44,16.73,40.04,0.87,1,-1,-1
1,81,1463.06,227.71,19.12,40.94,0.79,1,-1,-1
1,82,1471.43,382.80,16.73,49.61,0.68,1,-1,-1
1,83,1473.82,424.63,26.30,61.56,0.95,1,-1,-1
1,84,1502.51,624.55,74.11,124.31,0.98,1,-1,-1
1,85,1508.48,429.71,23.91,59.17,0.78,1,-1,-1
1,86,1524.02,434.20,23.91,57.38,0.75,1,-1,-1
1,87,1531.20,540.28,28.69,65.74,0.96,1,-1,-1
1,88,1561.08,551.34,33.47,63.65,0.74,1,-1,-1
1,89,1570.64,698.66,66.94,143.44,0.99,1,-1,-1
1,90,1575.42,489.78,28.69,63.95,0.94,1,-1,-1
1,91,1612.48,533.11,40.64,80.09,0.74,1,-1,-1
1,92,1665.07,524.14,54.98,92.04,0.78,1,-1,-1
2,1,27.20,433.01,25.72,57.38,0.44,2,-1,-1
2,2,44.53,499.33,27.46,60.00,0.56,1,-1,-1
2,3,46.56,563.14,65.45,146.39,0.99,1,-1,-1
2,4,54.95,333.22,21.28,50.12,0.80,1,-1,-1
2,5,63.84,334.49,24.92,54.75,0.86,1,-1,-1
2,6,79.21,518.57,53.04,127.29,0.94,1,-1,-1
2,8,126.83,589.62,80.82,153.78,1.00,1,-1,-1
2,9,131.63,495.21,136.47,88.53,0.99,4,-1,-1
2,10,140.24,261.62,17.91,46.06,0.70,1,-1,-1
2,11,151.40,272.07,20.54,46.08,0.79,1,-1,-1
2,12,157.78,186.82,19.09,35.78,0.64,1,-1,-1
2,13,183.60,192.50,17.89,33.85,0.66,1,-1,-1
2,14,224.71,176.29,19.05,36.12,0.91,1,-1,-1
2,15,252.91,521.97,128.47,79.21,0.99,4,-1,-1
2,16,260.19,198.46,20.76,37.53,0.78,1,-1,-1
2,17,268.95,179.87,19.42,32.99,0.65,1,-1,-1
2,18,296.65,403.13,110.41,86.58,0.99,4,-1,-1
2,19,371.96,260.04,18.61,42.39,0.87,1,-1,-1
2,20,383.81,408.46,99.65,92.92,1.00,4,-1,-1
2,21,395.66,327.38,98.46,71.72,0.99,4,-1,-1
2,22,423.33,473.99,113.40,99.45,0.99,4,-1,-1
2,23,442.98,673.39,65.22,145.99,0.99,1,-1,-1
2,24,481.23,634.02,66.65,146.30,0.98,1,-1,-1
2,25,473.84,280.95,71.64,53.38,0.98,4,-1,-1
2,26,484.38,338.14,82.40,67.46,0.99,4,-1,-1
2,27,541.52,235.75,56.78,50.20,0.96,4,-1,-1
2,28,542.37,463.99,110.75,101.52,1.00,4,-1,-1
2,29,540.45,752.08,68.46,141.61,0.92,1,-1,-1
2,30,558.79,254.44,80.19,81.78,0.94,5,-1,-1
2,31,582.51,323.63,81.13,76.50,0.98,4,-1,-1
2,32,588.17,217.52,50.20,37.09,0.96,4,-1,-1
2,33,630.77,232.05,56.02,43.97,0.96,4,-1,-1
2,34,648.02,277.10,64.55,54.80,0.99,4,-1,-1
2,35,680.97,288.61,71.56,57.82,0.99,4,-1,-1
2,36,682.09,324.76,72.92,76.34,0.99,4,-1,-1
2,37,697.55,231.17,53.63,47.85,0.95,4,-1,-1
2,38,762.50,421.81,77.86,71.44,1.00,4,-1,-1
2,39,764.41,233.79,47.81,44.79,0.96,4,-1,-1
2,40,790.62,206.19,43.19,38.81,0.88,4,-1,-1
2,41,809.31,182.86,37.06,32.57,0.96,4,-1,-1
2,42,835.73,292.49,57.38,54.40,1.00,4,-1,-1
2,43,870.40,437.53,74.43,76.06,1.00,4,-1,-1
2,44,887.45,198.14,41.68,39.71,1.00,4,-1,-1
2,45,922.11,246.08,46.62,48.41,1.00,4,-1,-1
2,46,926.22,149.37,34.67,31.39,0.99,4,-1,-1
2,47,938.77,109.46,28.69,27.21,0.98,4,-1,-1
2,48,944.82,56.95,22.87,22.63,0.68,4,-1,-1
2,49,966.70,277.02,52.75,50.88,1.00,4,-1,-1
2,50,967.46,114.56,37.21,46.48,0.82,5,-1,-1
2,51,971.20,55.18,23.91,26.04,0.85,4,-1,-1
2,52,1005.19,406.94,67.10,72.32,0.99,4,-1,-1
2,53,1017.74,92.52,25.26,25.03,0.97,4,-1,-1
2,54,1023.20,118.79,31.24,27.27,0.99,4,-1,-1
2,55,1053.00,199.52,45.27,38.07,0.97,4,-1,-1
2,56,1073.40,222.51,49.01,44.86,0.96,4,-1,-1
2,57,1076.39,341.15,18.97,35.26,0.90,2,-1,-1
2,58,1115.32,359.32,65.59,59.69,1.00,4,-1,-1
2,59,1128.55,414.95,73.80,69.17,0.99,4,-1,-1
2,60,1132.57,475.23,73.95,78.65,1.00,4,-1,-1
2,61,1229.99,539.16,25.98,66.19,0.66,1,-1,-1
2,62,1246.57,470.11,26.30,55.06,0.77,2,-1,-1
2,63,1267.05,564.80,28.37,66.90,0.75,1,-1,-1
2,64,1282.59,579.44,28.69,61.30,0.71,1,-1,-1
2,65,1312.16,405.60,23.91,57.46,0.89,1,-1,-1
2,66,1331.44,409.45,21.52,53.87,0.93,1,-1,-1
2,67,1358.53,637.71,64.55,149.03,0.86,1,-1,-1
2,68,1358.69,640.67,64.23,147.91,0.82,2,-1,-1
2,69,1386.58,388.83,21.52,52.96,0.86,1,-1,-1
2,70,1390.17,488.14,23.91,64.47,0.90,1,-1,-1
2,71,1397.34,309.04,90.85,69.77,0.60,4,-1,-1
2,72,1399.57,507.13,23.91,59.25,0.96,1,-1,-1
2,73,1414.23,373.59,23.59,54.23,0.77,1,-1,-1
2,74,1417.50,512.21,26.30,61.56,0.98,1,-1,-1
2,75,1424.99,363.68,21.52,50.64,0.79,1,-1,-1
2,76,1445.15,250.43,16.74,36.76,0.85,1,-1,-1
2,77,1447.55,424.43,23.91,57.61,0.97,1,-1,-1
2,78,1447.70,224.60,19.13,44.97,0.90,1,-1,-1
2,79,1450.97,394.05,23.91,54.55,0.80,1,-1,-1
2,80,1455.03,243.37,18.81,41.34,0.86,1,-1,-1
2,81,1462.05,226.90,17.05,40.42,0.83,1,-1,-1
2,82,1470.41,381.47,18.81,50.13,0.52,1,-1,-1
2,83,1472.81,423.05,26.30,61.56,0.91,1,-1,-1
2,84,1514.98,624.53,69.96,124.31,0.99,1,-1,-1
2,85,1507.47,428.39,25.98,59.69,0.73,1,-1,-1
2,86,1523.01,433.39,25.98,58.93,0.73,1,-1,-1
2,87,1530.18,539.48,30.76,66.78,0.94,1,-1,-1
2,88,1559.03,549.50,33.47,65.47,0.69,1,-1,-1
2,89,1576.89,696.04,69.01,144.48,0.99,1,-1,-1
2,90,1574.41,484.31,30.76,68.62,0.90,1,-1,-1
2,91,1613.54,532.30,40.64,80.35,0.78,2,-1,-1
2,92,1666.14,521.78,54.99,94.89,0.84,1,-1,-1
2,93,186.47,451.83,28.99,38.85,0.69,2,-1,-1
2,94,1075.18,352.92,20.32,38.85,0.76,10,-1,-1
2,95,1293.33,403.42,23.91,49.01,0.67,1,-1,-1
2,96,1311.26,576.14,31.08,61.56,0.69,1,-1,-1
2,97,1445.13,375.63,21.52,52.59,0.67,1,-1,-1
3,1,29.48,431.21,25.94,60.17,0.73,2,-1,-1
3,2,44.77,498.35,27.36,60.68,0.68,1,-1,-1
3,3,39.13,564.99,70.47,141.82,1.00,1,-1,-1
3,4,55.87,333.13,21.09,50.21,0.70,1,-1,-1
3,5,64.63,334.32,24.71,54.56,0.78,1,-1,-1
3,6,78.92,517.26,54.01,129.01,0.94,1,-1,-1
3,8,135.29,587.21,73.47,154.85,0.99,1,-1,-1
3,9,126.70,497.77,138.12,87.51,0.98,4,-1,-1
3,10,142.06,261.40,17.99,44.62,0.78,1,-1,-1
3,11,153.38,271.28,19.48,46.47,0.72,1,-1,-1
3,12,156.47,186.06,18.67,36.57,0.69,1,-1,-1
3,13,181.46,189.96,18.17,35.40,0.35,1,-1,-1
3,14,224.86,176.25,18.91,35.93,0.85,1,-1,-1
3,15,245.60,526.92,130.41,75.56,0.97,4,-1,-1
3,16,259.06,198.35,20.71,37.90,0.78,1,-1,-1
3,17,271.00,178.36,19.19,33.80,0.64,1,-1,-1
3,18,293.78,404.56,110.59,87.14,0.99,4,-1,-1
3,19,372.08,259.45,18.99,42.67,0.79,1,-1,-1
3,20,379.79,411.09,101.22,93.28,1.00,4,-1,-1
3,21,394.41,328.40,98.64,72.19,0.98,4,-1,-1
3,22,417.37,479.81,115.44,94.96,0.99,4,-1,-1
3,23,449.90,674.94,68.71,146.75,0.99,1,-1,-1
3,24,489.41,635.02,59.09,143.90,0.98,1,-1,-1
3,25,472.95,281.70,71.73,53.34,0.98,4,-1,-1
3,26,482.70,339.39,82.95,67.55,0.99,4,-1,-1
3,27,541.50,235.60,56.31,49.74,0.95,4,-1,-1
3,28,538.25,468.20,112.51,103.01,0.99,4,-1,-1
3,29,530.09,749.94,71.07,141.41,0.94,1,-1,-1
3,30,557.58,254.67,80.88,82.24,0.93,5,-1,-1
3,31,580.71,324.84,81.30,77.43,0.98,4,-1,-1
3,32,588.58,217.13,50.21,37.28,0.97,4,-1,-1
3,33,630.53,232.61,55.28,44.16,0.97,4,-1,-1
3,34,647.41,277.57,64.55,54.84,0.99,4,-1,-1
3,35,679.35,289.77,72.67,58.46,0.99,4,-1,-1
3,36,681.01,325.70,73.85,76.99,0.99,4,-1,-1
3,37,697.03,231.59,53.81,48.04,0.95,4,-1,-1
3,38,768.02,412.45,75.81,69.67,1.00,4,-1,-1
3,39,763.98,234.01,47.81,45.06,0.97,4,-1,-1
3,40,790.75,206.13,43.01,38.39,0.92,4,-1,-1
3,41,809.26,182.59,37.06,32.57,0.96,4,-1,-1
3,42,838.08,286.85,56.45,53.87,1.00,4,-1,-1
3,43,873.23,428.82,73.13,74.48,1.00,4,-1,-1
3,44,889.42,195.11,40.94,39.29,0.99,4,-1,-1
3,45,923.64,243.07,45.69,48.18,1.00,4,-1,-1
3,46,926.90,146.97,35.60,31.67,1.00,4,-1,-1
3,47,939.45,108.04,28.69,26.84,0.98,4,-1,-1
3,48,944.47,56.47,22.69,22.17,0.75,4,-1,-1
3,49,968.97,273.00,51.64,50.09,0.99,4,-1,-1
3,50,968.61,113.14,36.09,45.65,0.74,5,-1,-1
3,51,971.24,56.30,22.98,23.75,0.91,4,-1,-1
3,52,1006.26,403.95,65.98,71.39,1.00,4,-1,-1
3,53,1018.34,91.47,25.08,24.71,0.95,4,-1,-1
3,54,1023.71,117.93,30.12,26.83,0.99,4,-1,-1
3,55,1054.98,198.57,42.68,38.17,0.96,4,-1,-1
3,56,1073.91,221.82,48.08,44.82,0.96,4,-1,-1
3,57,1075.98,337.51,20.06,36.19,0.84,2,-1,-1
3,58,1115.27,358.88,66.69,59.78,0.99,4,-1,-1
3,59,1129.33,414.69,73.23,69.35,0.99,4,-1,-1
3,60,1133.08,475.07,74.13,78.46,1.00,4,-1,-1
3,61,1230.04,537.82,26.34,64.68,0.77,1,-1,-1
3,62,1246.79,469.76,26.30,55.44,0.82,2,-1,-1
3,63,1267.10,564.50,28.73,68.11,0.75,1,-1,-1
3,64,1282.63,579.37,30.55,61.26,0.73,1,-1,-1
3,65,1313.49,405.20,23.91,57.84,0.86,1,-1,-1
3,66,1332.59,409.33,21.52,53.78,0.92,1,-1,-1
3,67,1354.13,637.86,68.28,149.03,0.90,2,-1,-1
3,68,1356.00,636.01,66.43,151.97,0.34,1,-1,-1
3,69,1385.70,389.39,21.52,54.60,0.91,1,-1,-1
3,70,1390.21,488.48,23.91,64.56,0.87,1,-1,-1
3,71,1396.45,308.45,92.71,70.41,0.48,4,-1,-1
3,72,1398.87,506.82,25.77,60.10,0.96,1,-1,-1
3,73,1415.00,373.23,22.16,54.41,0.87,1,-1,-1
3,74,1417.73,512.37,26.30,61.56,0.99,1,-1,-1
3,75,1424.86,363.38,21.52,48.51,0.74,1,-1,-1
3,76,1443.34,250.00,18.60,36.76,0.81,1,-1,-1
3,77,1448.52,422.85,23.91,57.82,0.97,1,-1,-1
3,78,1447.57,224.38,19.13,45.61,0.89,1,-1,-1
3,79,1451.20,392.70,23.91,53.90,0.71,1,-1,-1
3,80,1455.61,242.70,17.40,40.42,0.89,1,-1,-1
3,81,1459.96,226.26,18.65,39.63,0.87,1,-1,-1
3,82,1471.18,380.76,19.17,51.14,0.65,1,-1,-1
3,83,1473.61,422.06,26.30,62.49,0.93,1,-1,-1
3,84,1534.31,623.57,59.72,123.38,0.98,1,-1,-1
3,85,1508.25,428.60,24.54,58.85,0.79,1,-1,-1
3,86,1523.79,432.77,24.54,58.74,0.77,1,-1,-1
3,87,1528.25,537.93,32.93,66.50,0.94,1,-1,-1
3,88,1557.79,547.54,33.47,67.85,0.74,1,-1,-1
3,89,1590.89,693.72,63.85,144.66,0.99,1,-1,-1
3,90,1575.19,484.91,29.31,65.81,0.91,1,-1,-1
3,91,1615.63,531.21,38.78,81.32,0.81,1,-1,-1
3,92,1671.02,523.88,53.12,96.54,0.75,1,-1,-1
3,93,186.84,451.30,28.51,38.37,0.71,2,-1,-1
3,94,1075.23,349.75,20.32,39.81,0.85,10,-1,-1
3,96,1312.27,575.61,31.08,58.69,0.60,2,-1,-1
3,97,1446.15,376.29,19.60,52.12,0.74,1,-1,-1
3,98,967.61,112.73,37.05,45.35,0.67,6,-1,-1
3,99,1557.49,546.26,33.47,66.94,0.73,2,-1,-1
3,7,101.35,180.59,20.16,37.20,0.84,1,-1,-1
4,1,31.35,429.92,25.94,60.61,0.65,2,-1,-1
4,2,44.90,497.74,27.72,61.36,0.74,1,-1,-1
4,3,31.48,566.00,76.97,137.93,0.99,1,-1,-1
4,4,57.02,332.59,19.95,49.78,0.78,1,-1,-1
4,5,65.57,333.75,24.30,54.91,0.90,1,-1,-1
4,6,78.72,514.50,54.89,133.49,0.98,1,-1,-1
4,8,143.32,586.60,68.65,154.48,1.00,1,-1,-1
4,9,120.87,500.53,140.45,85.37,0.99,4,-1,-1
4,10,143.89,260.60,17.73,43.94,0.79,1,-1,-1
4,11,154.42,269.74,19.35,45.09,0.70,1,-1,-1
4,12,153.97,185.01,18.30,36.36,0.83,1,-1,-1
4,13,179.09,188.55,18.25,35.66,0.46,1,-1,-1
4,14,224.75,175.16,19.30,37.01,0.90,1,-1,-1
4,15,243.09,532.25,127.27,72.62,0.95,4,-1,-1
4,16,257.89,197.71,21.12,38.68,0.86,1,-1,-1
4,17,272.84,176.81,19.57,34.51,0.86,1,-1,-1
4,18,290.49,406.05,111.52,88.21,0.99,4,-1,-1
4,19,372.17,258.99,19.11,42.53,0.81,1,-1,-1
4,20,375.26,415.01,101.69,92.44,1.00,4,-1,-1
4,21,392.29,329.12,99.12,72.33,0.98,4,-1,-1
4,22,411.77,485.17,115.60,92.22,0.99,4,-1,-1
4,23,458.57,676.23,70.63,145.17,0.98,1,-1,-1
4,24,496.04,631.55,56.86,147.83,0.99,1,-1,-1
4,25,471.61,282.45,72.20,53.67,0.98,4,-1,-1
4,26,480.67,340.86,83.11,67.56,0.98,4,-1,-1
4,27,541.32,235.63,57.08,49.36,0.96,4,-1,-1
4,28,532.76,473.24,114.17,103.47,1.00,4,-1,-1
4,29,519.13,747.83,73.66,143.98,0.66,1,-1,-1
4,30,557.28,255.37,80.15,82.15,0.94,5,-1,-1
4,31,579.09,326.05,81.10,77.73,0.98,4,-1,-1
4,32,589.45,216.75,49.97,37.35,0.97,4,-1,-1
4,33,629.62,233.08,55.01,44.68,0.98,4,-1,-1
4,34,646.82,278.02,64.54,54.96,0.98,4,-1,-1
4,35,677.09,290.44,72.99,58.98,0.99,4,-1,-1
4,36,679.82,326.86,74.13,77.62,0.99,4,-1,-1
4,37,696.91,232.25,52.93,48.11,0.95,4,-1,-1
4,38,774.28,402.10,74.26,68.25,1.00,4,-1,-1
4,39,763.87,234.39,47.81,45.37,0.96,4,-1,-1
4,40,791.73,206.09,42.05,38.25,0.92,4,-1,-1
4,41,809.74,182.60,37.05,32.57,0.96,4,-1,-1
4,42,841.08,281.50,55.23,52.34,1.00,4,-1,-1
4,43,875.90,419.33,71.84,73.09,1.00,4,-1,-1
4,44,891.90,192.14,39.75,38.46,0.99,4,-1,-1
4,45,925.04,240.22,45.39,47.42,1.00,4,-1,-1
4,46,928.02,144.60,34.99,31.47,1.00,4,-1,-1
4,47,941.04,106.41,27.77,26.50,1.00,4,-1,-1
4,48,944.85,56.22,21.73,21.17,0.61,4,-1,-1
4,49,971.02,269.06,51.31,48.93,1.00,4,-1,-1
4,50,969.42,111.15,35.77,45.25,0.77,5,-1,-1
4,51,971.27,56.36,22.68,22.59,0.92,4,-1,-1
4,52,1006.57,400.08,65.65,70.17,1.00,4,-1,-1
4,53,1018.53,90.01,25.05,24.85,0.97,4,-1,-1
4,54,1023.87,116.87,29.80,26.71,0.99,4,-1,-1
4,55,1056.54,197.71,43.69,38.22,0.95,4,-1,-1
4,56,1073.61,221.38,48.70,44.58,0.98,4,-1,-1
4,57,1076.72,333.70,19.53,36.49,0.93,2,-1,-1
4,58,1115.71,358.28,66.12,60.25,0.99,4,-1,-1
4,59,1130.05,414.38,73.00,69.84,0.99,4,-1,-1
4,60,1133.23,474.77,74.16,77.91,1.00,4,-1,-1
4,61,1231.82,537.27,26.42,62.96,0.72,1,-1,-1
4,62,1246.82,469.64,26.29,55.57,0.68,2,-1,-1
4,63,1267.09,563.24,28.80,69.16,0.73,1,-1,-1
4,64,1282.62,579.10,31.14,61.47,0.66,1,-1,-1
4,65,1314.76,405.08,22.08,57.05,0.77,1,-1,-1
4,66,1333.82,409.06,21.51,53.30,0.94,1,-1,-1
4,67,1343.91,637.53,71.22,145.18,0.97,2,-1,-1
4,68,1341.80,634.03,77.80,152.33,0.19,1,-1,-1
4,69,1385.39,389.80,21.51,55.11,0.92,1,-1,-1
4,70,1391.11,488.78,23.90,63.21,0.87,1,-1,-1
4,71,1398.86,308.50,87.87,68.78,0.62,5,-1,-1
4,72,1400.35,506.94,24.60,59.91,0.94,1,-1,-1
4,73,1415.26,373.12,23.45,53.99,0.90,1,-1,-1
4,74,1417.74,513.09,26.29,60.64,0.98,1,-1,-1
4,75,1424.81,363.52,21.51,47.81,0.67,1,-1,-1
4,76,1441.88,249.99,19.19,36.07,0.66,1,-1,-1
4,77,1448.79,421.01,23.90,58.82,0.95,1,-1,-1
4,78,1446.61,223.42,19.12,44.89,0.90,1,-1,-1
4,79,1452.13,392.96,22.08,53.72,0.79,1,-1,-1
4,80,1454.92,241.14,16.83,39.62,0.80,1,-1,-1
4,81,1459.36,225.52,19.11,39.86,0.84,1,-1,-1
4,82,1474.09,380.54,17.48,48.75,0.48,1,-1,-1
4,83,1472.93,422.21,26.29,61.88,0.93,1,-1,-1
4,84,1548.31,623.71,56.93,123.09,0.98,1,-1,-1
4,85,1507.56,428.69,23.99,58.57,0.78,1,-1,-1
4,86,1523.10,432.35,23.99,57.73,0.81,1,-1,-1
4,87,1526.69,535.61,33.63,65.47,0.93,1,-1,-1
4,88,1556.47,544.47,35.29,73.27,0.66,1,-1,-1
4,89,1605.55,691.18,58.35,141.95,0.98,1,-1,-1
4,90,1575.42,485.72,28.76,61.51,0.94,1,-1,-1
4,91,1618.07,532.23,38.19,80.72,0.65,1,-1,-1
4,92,1673.39,525.73,52.53,90.49,0.76,1,-1,-1
4,93,186.99,450.64,28.65,38.28,0.87,2,-1,-1
4,94,1075.73,346.58,20.32,38.62,0.89,10,-1,-1
4,96,1314.31,574.76,31.08,58.83,0.54,2,-1,-1
4,97,1445.40,375.92,19.22,52.02,0.77,1,-1,-1
4,98,968.16,110.79,37.05,45.41,0.88,6,-1,-1
4,99,1556.58,543.79,35.38,69.33,0.78,2,-1,-1
4,7,103.21,179.39,19.72,37.22,0.91,1,-1,-1
4,100,176.31,241.15,18.53,40.64,0.67,1,-1,-1
4,101,1219.82,403.12,22.11,49.61,0.60,2,-1,-1
4,102,1295.72,402.22,21.52,48.41,0.70,1,-1,-1
4,103,1457.09,228.01,19.12,41.84,0.73,1,-1,-1
4,104,1671.05,525.64,54.98,88.15,0.68,2,-1,-1
5,1,32.70,428.33,25.96,61.11,0.55,2,-1,-1
5,2,45.20,497.21,27.41,61.14,0.72,1,-1,-1
5,3,26.32,565.68,78.41,136.14,0.99,1,-1,-1
5,4,57.95,331.60,20.00,50.96,0.62,1,-1,-1
5,5,66.38,333.21,24.29,55.46,0.89,1,-1,-1
5,6,78.88,511.77,55.14,136.41,0.98,1,-1,-1
5,8,151.50,585.88,65.45,154.11,0.99,1,-1,-1
5,9,118.72,503.41,139.23,82.93,0.98,4,-1,-1
5,10,146.01,260.10,18.08,43.77,0.77,1,-1,-1
5,11,155.30,269.00,19.11,41.61,0.57,1,-1,-1
5,12,152.55,185.74,17.58,35.60,0.90,1,-1,-1
5,13,177.76,187.77,18.05,35.72,0.68,1,-1,-1
5,14,225.30,174.76,19.43,37.14,0.92,1,-1,-1
5,15,242.15,537.38,122.51,66.85,0.87,4,-1,-1
5,16,257.15,197.89,20.60,38.49,0.81,1,-1,-1
5,17,274.30,175.84,19.70,34.95,0.77,1,-1,-1
5,18,287.27,407.43,110.95,88.98,0.99,4,-1,-1
5,19,372.57,258.37,19.15,42.25,0.75,1,-1,-1
5,20,371.23,418.91,101.81,92.59,1.00,4,-1,-1
5,21,390.72,330.48,98.83,72.37,0.99,4,-1,-1
5,22,405.26,490.72,116.92,85.64,0.99,4,-1,-1
5,23,466.38,675.79,70.81,143.77,0.99,1,-1,-1
5,24,504.52,630.08,59.26,149.99,0.99,1,-1,-1
5,25,470.28,283.17,72.35,53.78,0.98,4,-1,-1
5,26,478.92,342.46,82.71,67.56,0.98,4,-1,-1
5,27,541.22,235.58,57.33,49.26,0.97,4,-1,-1
5,28,529.08,479.41,113.15,100.51,0.99,4,-1,-1
5,29,506.28,745.98,80.47,171.78,0.21,1,-1,-1
5,30,556.07,256.63,80.56,81.77,0.95,5,-1,-1
5,31,576.83,328.21,80.59,77.36,0.97,4,-1,-1
5,32,589.68,216.47,49.90,37.81,0.97,4,-1,-1
5,33,628.41,233.92,54.94,45.06,0.98,4,-1,-1
5,34,646.17,278.65,64.54,55.00,0.98,4,-1,-1
5,35,675.48,291.12,72.19,59.79,0.99,4,-1,-1
5,36,678.55,327.92,75.09,78.25,0.99,4,-1,-1
5,37,696.85,232.72,52.64,48.12,0.95,4,-1,-1
5,38,780.03,392.33,72.95,66.07,1.00,4,-1,-1
5,39,763.37,234.77,47.81,45.46,0.96,4,-1,-1
5,40,791.09,205.90,42.67,38.66,0.93,4,-1,-1
5,41,809.86,182.43,37.05,32.57,0.96,4,-1,-1
5,42,843.25,275.91,54.87,52.45,1.00,4,-1,-1
5,43,876.61,410.01,73.29,71.81,1.00,4,-1,-1
5,44,893.93,188.78,39.39,38.43,1.00,4,-1,-1
5,45,926.74,237.57,44.43,46.74,1.00,4,-1,-1
5,46,929.66,142.34,34.76,31.24,0.99,4,-1,-1
5,47,941.93,104.53,27.48,26.62,1.00,4,-1,-1
5,48,944.93,55.82,21.45,20.63,0.72,4,-1,-1
5,49,972.90,264.76,51.25,48.71,0.99,4,-1,-1
5,50,969.61,109.55,35.71,44.31,0.54,5,-1,-1
5,51,971.25,55.37,22.61,22.35,0.93,4,-1,-1
5,52,1007.07,396.33,65.59,69.37,1.00,4,-1,-1
5,53,1018.98,88.56,25.05,25.35,0.96,4,-1,-1
5,54,1023.44,115.70,30.63,26.79,0.99,4,-1,-1
5,55,1057.83,196.72,44.02,38.23,0.85,4,-1,-1
5,56,1073.49,220.85,48.92,44.51,0.97,4,-1,-1
5,57,1077.85,329.54,19.29,36.56,0.93,2,-1,-1
5,58,1116.29,357.93,65.89,60.40,0.99,4,-1,-1
5,59,1129.82,413.68,73.81,70.43,0.99,4,-1,-1
5,60,1132.81,474.29,75.04,78.61,1.00,4,-1,-1
5,61,1233.28,537.15,26.42,60.59,0.66,1,-1,-1
5,62,1247.69,468.99,26.29,55.16,0.66,2,-1,-1
5,63,1267.95,562.89,28.81,69.91,0.69,1,-1,-1
5,64,1282.61,578.62,31.29,63.31,0.48,1,-1,-1
5,65,1316.00,404.87,23.33,57.23,0.77,1,-1,-1
5,66,1335.06,407.91,21.51,53.60,0.92,1,-1,-1
5,67,1331.14,638.84,77.27,142.93,0.88,2,-1,-1
5,68,1329.81,634.42,83.24,151.45,0.35,1,-1,-1
5,69,1385.31,390.83,21.51,53.92,0.90,1,-1,-1
5,70,1391.39,489.79,23.90,62.77,0.85,1,-1,-1
5,71,1400.58,308.57,86.22,68.67,0.52,4,-1,-1
5,72,1400.00,507.02,25.90,59.84,0.94,1,-1,-1
5,73,1414.48,372.91,23.85,54.28,0.93,1,-1,-1
5,74,1417.74,512.47,26.29,60.80,0.97,1,-1,-1
5,75,1424.80,363.82,21.51,48.52,0.63,1,-1,-1
5,76,1442.24,247.58,17.65,36.97,0.65,1,-1,-1
5,77,1448.86,419.83,23.90,58.71,0.97,1,-1,-1
5,78,1445.43,222.70,19.12,44.41,0.84,1,-1,-1
5,79,1452.40,393.10,21.50,54.13,0.77,1,-1,-1
5,80,1453.81,241.81,16.67,40.06,0.67,1,-1,-1
5,81,1459.23,225.77,17.51,39.73,0.83,1,-1,-1
5,82,1473.25,380.10,18.67,49.72,0.70,1,-1,-1
5,83,1472.70,421.46,26.29,62.54,0.95,1,-1,-1
5,84,1555.22,623.37,60.13,126.55,0.99,1,-1,-1
5,85,1508.25,426.54,23.83,59.83,0.83,1,-1,-1
5,86,1522.89,430.94,23.83,57.85,0.82,1,-1,-1
5,87,1526.20,532.95,33.81,65.14,0.97,1,-1,-1
5,88,1556.10,540.57,34.16,67.10,0.85,2,-1,-1
5,89,1612.12,690.50,62.50,145.52,1.00,1,-1,-1
5,90,1573.71,483.07,28.61,61.59,0.98,1,-1,-1
5,91,1618.76,531.09,39.85,81.60,0.72,1,-1,-1
5,92,1674.02,524.74,54.18,96.32,0.87,1,-1,-1
5,93,187.20,450.07,28.69,37.78,0.92,2,-1,-1
5,94,1077.25,343.46,19.39,36.80,0.70,10,-1,-1
5,97,1444.19,374.22,21.01,52.93,0.80,1,-1,-1
5,98,968.73,109.32,37.05,44.56,0.95,6,-1,-1
5,99,1556.44,541.04,33.93,64.32,0.86,1,-1,-1
5,7,105.55,178.90,19.35,37.63,0.88,1,-1,-1
5,102,1295.78,401.92,21.51,48.41,0.70,1,-1,-1
5,105,56.89,480.52,28.20,66.94,0.72,1,-1,-1
5,106,110.79,180.49,17.93,36.16,0.80,1,-1,-1
5,107,138.58,900.07,237.05,169.73,0.94,4,-1,-1
5,108,220.09,313.77,22.11,56.78,0.62,1,-1,-1
5,109,326.62,329.31,22.11,50.20,0.64,1,-1,-1
5,110,766.20,173.32,38.25,37.65,0.71,4,-1,-1
5,111,1077.57,332.89,19.12,40.64,0.78,2,-1,-1
5,112,1232.37,545.06,26.30,63.95,0.65,1,-1,-1
5,113,1446.33,229.65,19.12,44.82,0.62,1,-1,-1
6,1,25.10,426.99,27.21,60.78,0.22,1,-1,-1
6,2,35.99,497.87,28.20,62.30,0.43,1,-1,-1
6,3,12.94,565.26,76.84,137.32,0.99,1,-1,-1
6,5,58.29,333.10,25.41,55.60,0.74,1,-1,-1
6,6,69.80,511.64,55.14,135.34,0.98,1,-1,-1
6,8,149.92,587.09,68.09,157.30,0.98,1,-1,-1
6,9,106.80,506.83,139.36,79.97,0.80,4,-1,-1
6,10,140.06,259.84,18.99,42.42,0.60,1,-1,-1
6,11,149.67,268.50,20.39,39.80,0.40,1,-1,-1
6,12,144.26,187.26,18.99,34.67,0.43,1,-1,-1
6,13,169.21,188.24,19.89,35.90,0.35,1,-1,-1
6,15,234.65,542.78,115.67,61.55,0.76,4,-1,-1
6,16,249.14,198.20,21.04,37.73,0.80,1,-1,-1
6,17,269.05,175.59,20.16,35.27,0.19,1,-1,-1
6,18,275.82,409.75,112.91,89.15,0.99,4,-1,-1
6,19,366.76,257.20,18.72,42.77,0.73,1,-1,-1
6,20,358.13,422.01,104.73,94.28,1.00,4,-1,-1
6,21,381.74,331.58,99.08,72.75,0.98,4,-1,-1
6,22,392.21,497.14,116.83,82.77,0.99,4,-1,-1
6,23,466.80,675.65,65.25,140.66,0.98,1,-1,-1
6,24,505.24,633.07,65.21,144.67,0.98,1,-1,-1
6,25,461.31,284.30,73.62,53.78,0.98,4,-1,-1
6,26,468.75,344.48,84.65,68.37,0.99,4,-1,-1
6,27,534.29,235.66,57.38,49.20,0.96,4,-1,-1
6,28,515.36,484.49,115.88,97.67,0.99,4,-1,-1
6,30,548.79,257.54,80.22,81.80,0.99,5,-1,-1
6,31,567.50,329.99,81.23,78.45,0.94,4,-1,-1
6,32,583.44,215.95,50.07,38.57,0.97,4,-1,-1
6,33,619.80,234.59,55.75,45.36,0.97,4,-1,-1
6,34,639.01,278.69,64.51,55.40,0.99,4,-1,-1
6,35,667.60,291.89,71.85,60.74,0.99,4,-1,-1
6,36,671.18,329.12,74.50,77.95,0.98,4,-1,-1
6,37,689.84,233.26,53.38,48.31,0.96,4,-1,-1
6,38,778.10,382.35,71.68,65.84,0.99,4,-1,-1
6,39,757.02,234.86,47.78,45.67,0.96,4,-1,-1
6,40,785.09,206.04,42.86,38.35,0.87,4,-1,-1
6,41,803.68,181.84,37.03,32.34,0.95,4,-1,-1
6,42,839.79,270.03,53.90,52.48,1.00,4,-1,-1
6,43,872.66,401.01,71.19,70.53,1.00,4,-1,-1
6,44,889.99,185.21,39.28,37.77,0.99,4,-1,-1
6,45,921.41,233.97,44.98,46.72,1.00,4,-1,-1
6,46,925.16,139.66,34.66,31.14,1.00,4,-1,-1
6,47,936.75,102.35,28.25,27.41,0.99,4,-1,-1
6,48,939.97,55.07,20.50,20.03,0.60,4,-1,-1
6,49,968.42,259.89,50.36,48.85,1.00,4,-1,-1
6,50,963.76,107.29,36.56,43.84,0.39,5,-1,-1
6,51,966.65,54.78,20.87,21.67,0.92,4,-1,-1
6,52,1000.45,391.54,65.55,69.53,0.99,4,-1,-1
6,53,1012.34,86.46,26.76,26.35,0.87,4,-1,-1
6,54,1016.93,113.67,30.90,27.46,0.99,4,-1,-1
6,55,1052.69,195.56,44.98,37.57,0.92,4,-1,-1
6,56,1067.06,219.91,48.96,43.82,0.97,4,-1,-1
6,57,1072.70,326.57,18.34,34.84,0.82,2,-1,-1
6,58,1109.65,356.97,65.77,60.39,0.99,4,-1,-1
6,59,1122.46,412.56,73.18,68.86,0.99,4,-1,-1
6,60,1124.98,472.99,75.29,77.94,0.99,4,-1,-1
6,61,1228.12,538.77,24.69,64.12,0.60,1,-1,-1
6,62,1240.64,467.20,26.28,57.99,0.34,2,-1,-1
6,63,1260.05,561.37,28.77,68.61,0.39,1,-1,-1
6,64,1275.26,576.60,29.60,62.82,0.31,1,-1,-1
6,65,1308.98,403.27,23.70,56.41,0.77,1,-1,-1
6,66,1328.90,406.63,21.50,52.39,0.90,1,-1,-1
6,67,1317.75,636.73,76.07,143.84,0.93,2,-1,-1
6,68,1312.40,632.11,86.66,150.98,0.59,1,-1,-1
6,69,1378.74,390.06,19.79,53.00,0.82,1,-1,-1
6,70,1384.05,489.15,23.89,62.17,0.88,1,-1,-1
6,71,1391.93,306.46,89.19,69.89,0.91,4,-1,-1
6,72,1391.61,504.80,26.29,60.19,0.96,1,-1,-1
6,73,1407.58,372.18,23.97,54.35,0.93,1,-1,-1
6,74,1410.29,510.63,26.28,59.97,0.94,1,-1,-1
6,75,1417.36,363.25,21.50,47.04,0.70,1,-1,-1
6,76,1434.14,246.52,17.01,36.18,0.24,1,-1,-1
6,77,1440.55,418.36,23.89,56.91,0.92,1,-1,-1
6,78,1438.45,221.79,17.40,42.07,0.14,1,-1,-1
6,79,1445.02,391.18,21.34,52.11,0.67,1,-1,-1
6,80,1445.15,239.75,18.36,41.26,0.39,1,-1,-1
6,81,1451.82,224.64,16.89,39.45,0.31,1,-1,-1
6,82,1467.17,378.00,19.02,49.16,0.52,1,-1,-1
6,83,1464.30,420.09,26.28,60.58,0.87,1,-1,-1
6,84,1551.30,622.42,64.54,126.79,0.98,1,-1,-1
6,85,1499.26,424.48,23.79,57.67,0.51,1,-1,-1
6,86,1514.47,428.49,23.79,56.14,0.49,1,-1,-1
6,87,1518.57,528.79,32.12,65.01,0.96,1,-1,-1
6,88,1545.94,535.68,31.97,65.75,0.79,1,-1,-1
6,89,1606.48,688.18,70.44,145.77,0.99,1,-1,-1
6,90,1563.04,480.01,28.57,61.63,0.96,1,-1,-1
6,91,1610.53,527.37,42.07,79.70,0.32,1,-1,-1
6,92,1665.70,523.43,54.71,93.68,0.91,1,-1,-1
6,93,179.29,449.71,28.91,37.61,0.79,2,-1,-1
6,94,1071.85,338.09,19.09,36.74,0.76,10,-1,-1
6,97,1437.26,373.71,19.81,50.51,0.68,1,-1,-1
6,98,964.03,107.71,37.04,43.84,0.78,4,-1,-1
6,99,1547.04,536.30,31.53,64.51,0.72,1,-1,-1
6,7,100.57,177.87,19.78,38.15,0.52,1,-1,-1
6,102,1287.56,400.25,21.51,47.46,0.31,1,-1,-1
6,107,122.58,899.62,245.73,169.66,0.82,4,-1,-1
6,110,760.61,173.17,38.23,36.92,0.57,4,-1,-1
7,2,7.85,502.53,29.51,63.51,0.38,1,-1,-1
7,3,-4.08,566.89,56.46,140.20,0.94,1,-1,-1
7,6,43.75,515.05,54.46,135.59,0.96,1,-1,-1
7,8,133.08,592.46,70.43,155.90,0.99,1,-1,-1
7,9,75.46,513.32,141.92,79.79,0.86,4,-1,-1
7,10,115.17,261.34,20.23,42.84,0.63,1,-1,-1
7,11,124.53,270.86,20.73,41.45,0.33,1,-1,-1
7,12,115.68,189.54,19.35,34.56,0.26,1,-1,-1
7,13,140.27,189.27,20.03,36.34,0.24,1,-1,-1
7,15,213.76,551.39,106.13,56.89,0.26,4,-1,-1
7,16,221.95,199.13,21.04,38.91,0.60,1,-1,-1
7,18,247.27,413.99,114.66,90.32,0.99,4,-1,-1
7,19,342.23,258.45,19.05,42.53,0.41,1,-1,-1
7,20,329.61,426.97,105.89,96.01,1.00,4,-1,-1
7,21,354.84,333.78,101.38,74.03,0.98,4,-1,-1
7,22,360.94,505.39,120.23,82.37,0.98,4,-1,-1
7,23,455.92,678.08,62.55,132.80,0.99,1,-1,-1
7,24,490.72,635.38,72.73,146.12,0.99,1,-1,-1
7,25,436.65,286.19,73.33,54.11,0.98,4,-1,-1
7,26,443.17,347.91,85.44,68.56,0.98,4,-1,-1
7,27,510.47,236.89,57.47,48.72,0.97,4,-1,-1
7,28,488.83,492.00,116.35,92.79,0.99,4,-1,-1
7,30,523.87,259.22,81.06,82.57,0.97,5,-1,-1
7,31,542.01,333.62,81.58,78.74,0.89,4,-1,-1
7,32,560.25,216.81,50.19,38.78,0.97,4,-1,-1
7,33,595.24,236.41,56.12,45.19,0.95,4,-1,-1
7,34,615.43,280.18,65.43,55.05,0.99,4,-1,-1
7,35,643.01,293.81,72.67,60.15,0.98,4,-1,-1
7,36,646.79,332.03,75.23,77.34,0.98,4,-1,-1
7,37,666.25,234.53,53.72,48.11,0.96,4,-1,-1
7,38,760.89,373.52,70.57,64.48,1.00,4,-1,-1
7,39,733.70,235.59,47.85,45.48,0.98,4,-1,-1
7,40,762.27,206.13,42.99,37.99,0.92,4,-1,-1
7,41,781.59,181.96,37.08,32.01,0.97,4,-1,-1
7,42,819.95,265.15,53.68,50.89,1.00,4,-1,-1
7,43,854.55,392.79,68.89,68.39,0.99,4,-1,-1
7,44,869.48,181.88,38.48,37.52,1.00,4,-1,-1
7,45,900.92,231.03,43.59,46.06,0.99,4,-1,-1
7,46,904.02,137.55,33.85,30.60,0.98,4,-1,-1
7,47,914.48,100.77,28.57,26.72,0.99,4,-1,-1
7,48,916.09,52.43,21.10,21.14,0.73,4,-1,-1
7,49,948.29,254.83,49.31,47.72,1.00,4,-1,-1
7,51,943.37,53.47,21.19,21.43,0.89,4,-1,-1
7,52,979.80,386.92,64.83,68.72,1.00,4,-1,-1
7,53,989.98,84.64,26.58,25.64,0.64,4,-1,-1
7,54,993.89,111.92,31.05,27.56,0.97,4,-1,-1
7,55,1031.84,194.87,44.55,35.82,0.74,4,-1,-1
7,56,1044.21,218.86,49.05,42.48,0.96,4,-1,-1
7,57,1050.84,322.24,18.90,35.06,0.83,2,-1,-1
7,58,1087.32,355.06,66.66,60.74,0.99,4,-1,-1
7,59,1102.05,410.82,71.40,68.64,0.99,4,-1,-1
7,60,1104.06,471.20,74.66,78.05,0.99,4,-1,-1
7,61,1206.56,534.74,24.58,60.77,0.81,1,-1,-1
7,62,1217.52,464.67,26.78,56.08,0.54,2,-1,-1
7,63,1240.49,558.13,27.20,67.24,0.62,1,-1,-1
7,64,1254.31,574.61,29.05,62.81,0.70,1,-1,-1
7,65,1287.02,400.69,23.92,57.81,0.79,1,-1,-1
7,66,1306.43,403.72,21.58,52.39,0.82,1,-1,-1
7,67,1291.74,631.97,77.25,145.80,0.92,2,-1,-1
7,68,1292.53,631.97,75.53,145.65,0.83,1,-1,-1
7,69,1355.35,387.43,20.99,52.26,0.58,1,-1,-1
7,70,1362.16,487.86,23.98,59.03,0.74,1,-1,-1
7,71,1368.51,303.56,88.67,69.39,0.96,4,-1,-1
7,72,1368.53,499.84,26.51,62.39,0.96,1,-1,-1
7,73,1384.06,370.17,24.08,53.93,0.87,1,-1,-1
7,74,1388.41,506.61,26.37,60.10,0.95,1,-1,-1
7,75,1393.64,360.44,21.57,48.66,0.51,1,-1,-1
7,76,1410.07,243.63,16.85,36.52,0.15,1,-1,-1
7,77,1418.25,414.67,23.97,56.26,0.91,1,-1,-1
7,78,1412.17,219.56,18.59,40.63,0.44,1,-1,-1
7,79,1422.18,386.40,21.38,52.68,0.79,1,-1,-1
7,80,1420.83,235.13,18.98,41.46,0.41,1,-1,-1
7,81,1427.09,222.09,16.76,38.94,0.49,1,-1,-1
7,82,1444.78,374.21,19.22,50.64,0.58,1,-1,-1
7,83,1441.17,415.51,26.37,59.45,0.90,1,-1,-1
7,84,1533.79,618.15,69.57,126.81,0.98,1,-1,-1
7,85,1475.94,419.41,23.87,56.89,0.50,1,-1,-1
7,86,1490.53,424.76,23.87,54.71,0.56,1,-1,-1
7,87,1494.26,523.07,31.56,68.32,0.98,1,-1,-1
7,88,1521.59,530.58,31.30,65.69,0.88,1,-1,-1
7,89,1589.33,684.27,75.06,143.31,0.99,1,-1,-1
7,90,1535.91,474.76,30.33,62.96,0.98,1,-1,-1
7,91,1585.16,524.55,44.60,76.47,0.74,1,-1,-1
7,92,1643.54,518.17,53.39,96.20,0.96,1,-1,-1
7,93,153.73,452.58,27.27,37.98,0.32,2,-1,-1
7,94,1049.87,333.18,20.82,37.63,0.86,10,-1,-1
7,97,1412.93,371.83,19.38,48.35,0.39,1,-1,-1
7,99,1521.98,530.44,30.94,65.54,0.70,2,-1,-1
7,7,75.19,179.80,21.26,38.73,0.63,1,-1,-1
7,107,90.69,917.49,240.61,151.88,0.97,4,-1,-1
7,110,737.35,172.25,39.19,37.21,0.51,4,-1,-1
7,114,71.20,473.34,33.02,67.54,0.64,1,-1,-1
7,115,153.15,396.84,25.70,50.80,0.66,1,-1,-1
7,116,1173.80,426.13,27.49,59.77,0.64,1,-1,-1
7,117,1435.57,346.64,19.12,47.81,0.65,1,-1,-1
7,118,1494.14,550.14,33.47,66.04,0.61,2,-1,-1
7,4,30.81,335.46,23.00,54.81,0.60,1,-1,-1
7,29,462.43,750.69,75.09,159.34,0.69,1,-1,-1
8,2,2.86,503.15,29.09,62.76,0.47,1,-1,-1
8,3,-2.28,567.40,38.78,138.36,0.83,1,-1,-1
8,6,37.59,516.52,56.78,134.12,0.98,1,-1,-1
8,8,135.73,594.50,70.97,155.68,0.99,1,-1,-1
8,9,66.59,516.94,143.01,78.70,0.87,4,-1,-1
8,10,111.35,260.72,19.86,43.66,0.78,1,-1,-1
8,11,119.67,271.18,20.72,41.73,0.52,1,-1,-1
8,12,106.34,188.51,19.86,35.18,0.83,1,-1,-1
8,13,132.32,190.73,20.06,34.50,0.71,1,-1,-1
8,16,214.39,199.20,20.18,38.75,0.91,1,-1,-1
8,18,239.42,416.41,115.94,91.68,0.99,4,-1,-1
8,19,337.44,257.86,19.13,42.06,0.77,1,-1,-1
8,20,320.30,430.50,108.24,97.98,1.00,4,-1,-1
8,21,348.18,335.37,101.35,74.61,0.98,4,-1,-1
8,22,354.09,512.08,118.55,83.76,0.99,4,-1,-1
8,23,464.65,677.44,60.71,135.39,0.96,1,-1,-1
8,24,497.32,636.06,72.36,145.89,0.99,1,-1,-1
8,25,430.46,287.12,73.99,54.33,0.99,4,-1,-1
8,26,436.61,348.99,86.08,69.56,0.98,4,-1,-1
8,27,504.61,236.32,58.70,50.29,0.96,4,-1,-1
8,28,482.12,498.40,115.18,92.59,0.99,4,-1,-1
8,30,517.83,259.34,82.13,83.99,0.97,5,-1,-1
8,31,535.96,335.89,81.86,78.95,0.95,4,-1,-1
8,32,556.07,216.29,49.81,39.52,0.97,4,-1,-1
8,33,589.00,236.75,57.04,45.81,0.96,4,-1,-1
8,34,610.91,280.34,65.11,55.01,0.99,4,-1,-1
8,35,637.54,294.78,72.11,61.23,0.98,4,-1,-1
8,36,641.75,333.76,75.43,77.22,0.99,4,-1,-1
8,37,661.17,234.54,53.82,48.53,0.96,4,-1,-1
8,38,762.26,364.81,69.36,63.33,1.00,4,-1,-1
8,39,729.56,235.89,47.85,46.09,0.97,4,-1,-1
8,40,757.91,205.72,43.03,38.54,0.90,4,-1,-1
8,41,776.72,181.37,37.90,32.57,0.89,4,-1,-1
8,42,818.57,259.65,52.77,50.53,1.00,4,-1,-1
8,43,854.94,385.21,67.24,66.13,1.00,4,-1,-1
8,44,867.17,178.83,38.20,37.30,1.00,4,-1,-1
8,45,897.80,227.64,43.91,46.12,0.99,4,-1,-1
8,46,900.35,135.22,34.37,30.57,0.99,4,-1,-1
8,47,910.90,98.81,27.85,26.51,0.98,4,-1,-1
8,48,911.16,50.96,21.30,21.49,0.43,4,-1,-1
8,49,946.07,250.28,49.77,48.04,1.00,4,-1,-1
8,51,939.04,52.52,20.47,21.14,0.86,4,-1,-1
8,52,977.36,383.43,64.55,68.14,1.00,4,-1,-1
8,53,985.25,83.53,26.47,25.50,0.84,4,-1,-1
8,54,988.86,110.91,31.08,27.84,0.98,4,-1,-1
8,55,1029.12,193.77,42.71,35.71,0.86,4,-1,-1
8,56,1039.97,217.33,49.88,43.99,0.95,4,-1,-1
8,57,1048.43,319.11,18.25,33.52,0.88,2,-1,-1
8,58,1084.77,354.38,66.94,61.36,0.99,4,-1,-1
8,59,1098.92,410.02,71.55,69.50,0.99,4,-1,-1
8,60,1101.52,470.41,75.18,77.80,1.00,4,-1,-1
8,61,1204.54,533.42,24.91,60.79,0.77,1,-1,-1
8,62,1215.04,464.16,26.50,54.95,0.54,2,-1,-1
8,63,1238.86,557.22,28.23,68.48,0.79,1,-1,-1
8,64,1252.11,573.55,28.81,64.29,0.79,1,-1,-1
8,65,1285.45,400.40,22.31,56.72,0.77,1,-1,-1
8,66,1304.67,402.95,21.56,52.45,0.88,1,-1,-1
8,67,1286.31,628.97,75.87,147.47,0.99,2,-1,-1
8,69,1350.88,387.17,21.35,52.87,0.82,1,-1,-1
8,70,1360.59,488.76,22.30,59.26,0.77,1,-1,-1
8,71,1367.41,303.62,85.15,67.69,0.52,4,-1,-1
8,72,1366.51,496.61,26.52,65.24,0.96,1,-1,-1
8,73,1381.21,369.36,22.43,55.06,0.93,1,-1,-1
8,74,1386.01,504.94,26.34,60.63,0.96,1,-1,-1
8,75,1390.74,360.56,19.90,45.59,0.63,1,-1,-1
8,76,1406.39,243.00,16.77,36.88,0.30,1,-1,-1
8,77,1415.00,413.34,23.95,56.93,0.95,1,-1,-1
8,78,1406.95,218.95,18.95,41.47,0.44,1,-1,-1
8,79,1417.91,385.49,23.05,53.36,0.89,1,-1,-1
8,80,1415.48,236.84,17.58,39.72,0.41,1,-1,-1
8,81,1420.69,220.85,16.69,39.84,0.54,1,-1,-1
8,82,1440.71,372.83,19.24,50.80,0.71,1,-1,-1
8,83,1436.82,413.04,26.34,59.54,0.92,1,-1,-1
8,84,1538.98,617.61,71.36,128.54,0.98,1,-1,-1
8,85,1471.53,417.87,23.86,57.10,0.58,1,-1,-1
8,86,1485.90,422.45,23.86,55.12,0.56,1,-1,-1
8,87,1491.07,520.18,31.29,69.14,0.98,1,-1,-1
8,88,1516.75,528.16,32.72,64.50,0.84,1,-1,-1
8,89,1593.82,686.09,78.27,138.39,0.99,1,-1,-1
8,90,1530.95,472.03,30.91,65.15,0.98,1,-1,-1
8,91,1579.89,523.77,47.06,75.42,0.80,1,-1,-1
8,92,1642.75,517.76,52.82,96.77,0.96,1,-1,-1
8,93,148.85,453.04,28.44,38.58,0.71,2,-1,-1
8,94,1047.39,330.50,19.73,36.72,0.84,10,-1,-1
8,97,1408.18,371.49,19.20,49.02,0.53,1,-1,-1
8,7,70.60,180.19,20.44,36.91,0.92,1,-1,-1
8,107,74.87,952.75,237.76,116.06,0.86,4,-1,-1
8,110,733.75,171.22,38.57,38.29,0.54,4,-1,-1
8,114,69.60,472.59,32.36,69.92,0.56,1,-1,-1
8,115,149.23,397.25,25.48,52.71,0.55,1,-1,-1
8,116,1171.08,425.01,26.56,60.23,0.72,1,-1,-1
8,117,1430.92,345.68,19.14,48.28,0.60,1,-1,-1
8,118,1490.51,548.44,35.40,66.03,0.56,1,-1,-1
8,4,27.38,336.83,23.55,54.74,0.51,1,-1,-1
8,29,446.05,749.15,77.96,161.68,0.85,1,-1,-1
8,119,120.43,315.26,22.71,47.21,0.62,1,-1,-1
8,120,291.36,332.60,22.11,49.01,0.76,1,-1,-1
8,121,806.24,560.00,89.65,85.46,0.96,4,-1,-1
8,122,1490.55,548.35,35.86,63.35,0.81,2,-1,-1
8,14,186.62,175.21,19.72,36.80,0.92,1,-1,-1
8,17,240.61,175.40,19.87,35.06,0.92,1,-1,-1
8,50,937.38,104.16,36.01,43.03,0.82,4,-1,-1
9,2,2.52,502.24,29.14,62.06,0.49,1,-1,-1
9,6,36.78,514.99,57.56,134.73,0.97,1,-1,-1
9,8,142.19,594.78,69.55,156.42,0.99,1,-1,-1
9,9,64.00,520.52,141.43,75.14,0.78,4,-1,-1
9,10,113.17,259.79,19.66,43.98,0.76,1,-1,-1
9,11,119.55,265.46,20.17,44.23,0.31,1,-1,-1
9,12,103.12,187.93,19.92,35.02,0.89,1,-1,-1
9,13,129.65,189.45,19.94,35.03,0.84,1,-1,-1
9,16,212.24,198.76,19.84,38.08,0.93,1,-1,-1
9,18,235.92,418.27,117.43,91.82,1.00,4,-1,-1
9,19,337.51,256.76,19.54,41.70,0.81,1,-1,-1
9,20,315.57,434.16,109.01,98.34,1.00,4,-1,-1
9,21,346.20,336.62,101.67,74.45,0.99,4,-1,-1
9,22,350.92,518.64,117.40,62.54,0.95,4,-1,-1
9,23,470.87,673.27,64.70,146.19,1.00,1,-1,-1
9,24,507.23,636.47,68.39,145.84,0.99,1,-1,-1
9,25,429.04,287.89,73.78,54.14,0.99,4,-1,-1
9,26,434.85,350.28,85.84,70.36,0.99,4,-1,-1
9,27,503.90,236.12,59.11,50.89,0.97,4,-1,-1
9,28,477.27,504.76,117.09,81.46,0.99,4,-1,-1
9,30,516.27,259.76,82.87,84.54,0.95,5,-1,-1
9,31,533.57,338.08,82.52,79.05,0.98,4,-1,-1
9,32,555.96,215.93,49.65,40.01,0.98,4,-1,-1
9,33,587.57,237.50,57.34,46.06,0.97,4,-1,-1
9,34,610.46,280.75,65.36,55.13,0.99,4,-1,-1
9,35,635.56,295.87,71.04,62.36,0.97,4,-1,-1
9,36,640.70,335.02,75.44,77.61,0.99,4,-1,-1
9,37,660.13,235.02,53.82,48.70,0.95,4,-1,-1
9,38,768.14,357.10,66.46,61.35,1.00,4,-1,-1
9,39,729.25,236.43,47.82,46.53,0.97,4,-1,-1
9,40,757.53,205.72,43.01,38.57,0.81,4,-1,-1
9,41,776.56,181.12,38.18,33.40,0.91,4,-1,-1
9,42,821.58,254.90,51.61,49.94,1.00,4,-1,-1
9,43,858.49,377.50,65.00,64.60,1.00,4,-1,-1
9,44,869.08,175.72,38.09,36.84,1.00,4,-1,-1
9,45,899.83,225.03,43.19,45.56,0.99,4,-1,-1
9,46,901.83,132.92,33.73,30.43,0.99,4,-1,-1
9,47,911.20,96.99,28.39,26.96,1.00,4,-1,-1
9,48,911.04,49.26,20.56,21.79,0.47,4,-1,-1
9,49,948.38,246.52,48.29,47.38,1.00,4,-1,-1
9,51,938.71,51.02,21.06,21.60,0.72,4,-1,-1
9,52,978.33,379.73,63.60,67.16,1.00,4,-1,-1
9,53,985.59,82.82,25.59,24.96,0.93,4,-1,-1
9,54,988.68,110.11,30.27,27.55,0.98,4,-1,-1
9,55,1030.48,193.10,41.19,35.70,0.88,4,-1,-1
9,56,1039.61,216.82,50.15,43.93,0.94,4,-1,-1
9,57,1049.47,315.77,17.99,34.22,0.88,2,-1,-1
9,58,1085.34,354.08,66.19,61.61,0.99,4,-1,-1
9,59,1099.64,410.30,70.76,68.63,0.99,4,-1,-1
9,60,1102.44,469.87,75.32,77.74,1.00,4,-1,-1
9,61,1205.56,533.35,25.41,62.46,0.85,1,-1,-1
9,62,1215.58,464.20,26.36,54.15,0.41,2,-1,-1
9,63,1239.60,556.91,26.92,68.72,0.85,1,-1,-1
9,64,1252.66,573.20,28.69,64.23,0.89,1,-1,-1
9,65,1287.14,399.75,21.67,57.14,0.90,1,-1,-1
9,66,1306.28,402.74,19.88,52.08,0.93,1,-1,-1
9,67,1285.19,628.14,65.46,147.30,0.98,2,-1,-1
9,69,1349.92,387.96,21.45,54.31,0.90,1,-1,-1
9,70,1362.27,489.73,21.65,58.15,0.76,1,-1,-1
9,71,1366.86,303.66,85.51,68.04,0.73,4,-1,-1
9,72,1368.01,495.33,26.46,66.29,0.95,1,-1,-1
9,73,1381.68,369.16,21.76,55.48,0.94,1,-1,-1
9,74,1387.35,504.04,26.30,60.84,0.95,1,-1,-1
9,75,1391.21,360.72,19.26,44.45,0.33,1,-1,-1
9,76,1404.16,243.22,16.72,36.41,0.64,1,-1,-1
9,77,1414.45,412.41,23.91,56.79,0.96,1,-1,-1
9,78,1406.65,218.45,19.06,41.58,0.74,1,-1,-1
9,79,1417.83,385.11,23.60,52.81,0.84,1,-1,-1
9,80,1414.29,238.29,18.64,39.49,0.67,1,-1,-1
9,81,1419.99,220.35,16.65,39.57,0.81,1,-1,-1
9,82,1441.49,372.30,19.20,50.86,0.70,1,-1,-1
9,83,1436.71,411.51,26.30,60.01,0.96,1,-1,-1
9,84,1548.37,616.20,71.93,130.79,0.98,1,-1,-1
9,85,1471.39,417.31,23.83,56.38,0.55,1,-1,-1
9,86,1486.50,422.24,22.19,53.25,0.70,1,-1,-1
9,87,1488.88,518.76,32.79,72.26,0.98,1,-1,-1
9,88,1515.62,526.97,33.18,63.67,0.85,1,-1,-1
9,89,1605.26,684.74,77.79,136.65,0.98,1,-1,-1
9,90,1529.83,471.48,29.47,64.36,0.99,1,-1,-1
9,91,1583.22,522.27,46.35,76.34,0.81,2,-1,-1
9,92,1643.78,518.07,52.57,101.43,0.97,1,-1,-1
9,93,148.93,452.79,27.98,38.80,0.79,2,-1,-1
9,94,1048.38,328.37,19.27,36.00,0.81,10,-1,-1
9,97,1407.98,371.06,19.11,49.27,0.63,1,-1,-1
9,7,72.88,179.20,19.76,37.24,0.94,1,-1,-1
9,107,61.09,969.61,235.98,99.93,0.84,4,-1,-1
9,110,733.57,170.76,38.32,38.86,0.53,4,-1,-1
9,114,69.60,472.18,32.52,68.10,0.50,1,-1,-1
9,115,149.87,397.55,25.42,53.53,0.46,1,-1,-1
9,116,1171.35,425.11,25.42,59.87,0.62,1,-1,-1
9,117,1429.90,346.12,20.97,47.46,0.56,1,-1,-1
9,118,1489.64,546.69,37.56,68.57,0.66,2,-1,-1
9,4,27.81,336.22,23.00,53.89,0.22,1,-1,-1
9,29,436.35,747.30,74.68,157.48,0.95,1,-1,-1
9,119,116.87,315.92,24.26,48.17,0.56,1,-1,-1
9,120,291.15,331.58,22.35,49.96,0.79,1,-1,-1
9,121,807.21,550.14,88.69,81.88,0.94,4,-1,-1
9,122,1488.64,546.38,37.77,68.85,0.57,1,-1,-1
9,14,185.87,175.20,19.72,35.90,0.96,1,-1,-1
9,17,242.25,174.43,19.53,34.97,0.87,1,-1,-1
9,50,938.27,102.00,35.87,43.03,0.77,5,-1,-1
9,123,16.46,483.21,29.29,65.14,0.75,1,-1,-1
9,124,1186.35,398.34,25.10,49.61,0.63,2,-1,-1
9,125,1451.11,398.64,21.52,54.39,0.61,1,-1,-1
9,126,1583.79,522.05,45.42,77.10,0.66,1,-1,-1
9,102,1260.93,397.05,23.77,50.57,0.59,1,-1,-1
10,2,2.87,501.61,28.62,59.36,0.58,1,-1,-1
10,6,37.12,512.37,57.64,137.32,0.98,1,-1,-1
10,8,148.74,593.98,69.74,158.29,0.99,1,-1,-1
10,9,61.29,523.24,139.58,72.26,0.85,4,-1,-1
10,10,114.97,258.70,19.57,44.51,0.72,1,-1,-1
10,11,120.67,261.96,20.58,46.72,0.41,1,-1,-1
10,12,101.57,187.16,18.74,35.36,0.91,1,-1,-1
10,13,128.42,188.35,18.68,35.21,0.82,1,-1,-1
10,16,210.88,198.35,19.51,37.82,0.91,1,-1,-1
10,18,232.90,420.62,117.05,91.82,1.00,4,-1,-1
10,19,338.18,256.42,19.28,41.16,0.85,1,-1,-1
10,20,310.83,437.34,110.03,99.23,1.00,4,-1,-1
10,21,343.98,337.78,102.16,74.37,0.98,4,-1,-1
10,22,348.61,524.63,113.71,64.38,0.93,4,-1,-1
10,23,478.74,672.08,70.87,152.45,0.99,1,-1,-1
10,24,516.49,634.51,61.90,147.44,0.99,1,-1,-1
10,25,427.41,288.38,74.08,54.36,0.99,4,-1,-1
10,26,432.72,351.84,86.12,70.64,0.99,4,-1,-1
10,27,503.28,235.89,58.85,50.70,0.97,4,-1,-1
10,28,473.67,511.34,116.56,84.41,0.99,4,-1,-1
10,30,514.56,259.93,83.92,85.42,0.98,5,-1,-1
10,31,530.79,339.95,83.56,79.87,0.98,4,-1,-1
10,32,555.74,215.45,49.99,40.37,0.98,4,-1,-1
10,33,586.92,238.30,57.24,46.14,0.97,4,-1,-1
10,34,609.74,280.92,65.64,55.07,0.99,4,-1,-1
10,35,633.70,297.08,71.45,62.45,0.99,4,-1,-1
10,36,639.17,336.17,76.23,78.15,0.99,4,-1,-1
10,37,659.38,235.12,53.81,49.16,0.97,4,-1,-1
10,38,772.49,348.91,65.50,60.29,0.99,4,-1,-1
10,39,728.35,236.75,48.61,47.28,0.98,4,-1,-1
10,40,756.99,205.67,43.01,38.77,0.81,4,-1,-1
10,41,776.51,180.78,38.27,33.70,0.91,4,-1,-1
10,42,823.78,250.28,51.23,49.14,1.00,4,-1,-1
10,43,860.87,369.89,64.27,63.30,1.00,4,-1,-1
10,44,870.51,172.73,38.07,36.89,1.00,4,-1,-1
10,45,901.33,222.11,42.12,44.96,1.00,4,-1,-1
10,46,903.54,130.85,32.68,30.13,0.99,4,-1,-1
10,47,911.70,95.28,28.58,27.13,0.98,4,-1,-1
10,48,910.58,48.12,20.30,21.71,0.56,4,-1,-1
10,49,949.94,243.24,47.77,46.13,1.00,4,-1,-1
10,51,937.78,49.44,21.27,21.68,0.54,4,-1,-1
10,52,978.66,375.83,63.27,66.83,0.99,4,-1,-1
10,53,985.30,81.95,25.26,24.44,0.93,4,-1,-1
10,54,988.21,109.16,29.96,26.93,0.98,4,-1,-1
10,55,1031.72,191.91,39.00,35.72,0.81,4,-1,-1
10,56,1039.47,215.89,50.24,44.12,0.93,4,-1,-1
10,57,1049.80,311.99,18.72,36.50,0.88,2,-1,-1
10,58,1085.94,353.73,65.90,61.69,0.99,4,-1,-1
10,59,1100.29,409.95,70.48,68.30,0.99,4,-1,-1
10,60,1103.57,469.03,74.55,78.93,1.00,4,-1,-1
10,61,1206.28,533.28,25.99,64.67,0.90,1,-1,-1
10,62,1216.56,463.77,26.30,55.49,0.62,2,-1,-1
10,63,1240.64,556.77,26.43,69.21,0.82,1,-1,-1
10,64,1253.65,572.62,28.64,65.78,0.88,1,-1,-1
10,65,1287.68,399.26,23.12,57.30,0.88,1,-1,-1
10,66,1307.62,401.62,19.26,52.36,0.92,1,-1,-1
10,67,1282.74,627.81,59.62,148.02,0.98,1,-1,-1
10,69,1349.57,388.19,21.49,55.24,0.93,1,-1,-1
10,70,1363.64,490.40,21.44,59.84,0.80,1,-1,-1
10,71,1365.82,303.13,87.29,68.88,0.66,4,-1,-1
10,72,1368.56,494.43,26.43,67.44,0.96,1,-1,-1
10,73,1381.00,368.64,23.18,56.03,0.95,1,-1,-1
10,74,1388.63,503.68,26.28,60.91,0.97,1,-1,-1
10,76,1402.56,243.39,16.70,35.83,0.40,1,-1,-1
10,77,1414.24,410.44,23.89,57.14,0.94,1,-1,-1
10,78,1406.58,217.52,19.10,41.03,0.51,1,-1,-1
10,79,1417.78,384.14,23.82,53.42,0.79,1,-1,-1
10,80,1412.30,237.14,17.43,40.02,0.57,1,-1,-1
10,81,1418.95,219.73,16.65,39.26,0.65,1,-1,-1
10,82,1442.55,371.28,19.18,50.87,0.63,1,-1,-1
10,83,1436.67,410.53,26.28,60.19,0.95,1,-1,-1
10,84,1564.27,615.24,65.75,131.59,0.98,1,-1,-1
10,85,1469.72,416.28,23.82,56.54,0.44,1,-1,-1
10,86,1485.07,421.13,23.26,54.24,0.55,1,-1,-1
10,87,1487.31,517.26,33.32,73.01,0.97,1,-1,-1
10,88,1514.44,524.54,33.36,65.00,0.83,2,-1,-1
10,89,1620.43,680.96,72.76,138.52,0.99,1,-1,-1
10,90,1529.49,468.67,28.91,64.06,0.98,1,-1,-1
10,91,1586.12,520.08,46.01,78.73,0.80,1,-1,-1
10,92,1644.07,518.53,54.11,107.46,0.96,1,-1,-1
10,93,149.33,452.43,27.35,38.47,0.87,2,-1,-1
10,94,1048.68,323.34,19.95,38.26,0.87,10,-1,-1
10,97,1407.09,371.47,19.08,49.38,0.71,1,-1,-1
10,7,75.48,178.92,19.31,37.96,0.87,1,-1,-1
10,107,45.83,980.33,230.14,89.33,0.76,4,-1,-1
10,110,733.93,170.61,38.24,38.59,0.60,4,-1,-1
10,114,71.18,470.86,32.00,67.95,0.68,1,-1,-1
10,115,150.32,396.49,25.16,53.36,0.48,1,-1,-1
10,116,1171.90,424.45,25.06,60.22,0.52,1,-1,-1
10,117,1430.44,346.27,21.59,46.72,0.41,1,-1,-1
10,118,1489.33,542.90,40.10,69.88,0.15,2,-1,-1
10,4,29.11,335.52,22.66,52.34,0.29,1,-1,-1
10,29,425.04,745.20,75.14,165.06,0.89,1,-1,-1
10,119,114.83,316.44,23.99,48.35,0.76,1,-1,-1
10,120,291.25,330.64,22.05,50.14,0.68,1,-1,-1
10,121,806.49,538.36,91.28,61.80,0.57,4,-1,-1
10,14,185.96,175.34,19.31,35.40,0.97,1,-1,-1
10,17,244.04,173.14,20.02,35.55,0.98,1,-1,-1
10,50,938.57,100.43,35.82,42.01,0.69,5,-1,-1
10,123,17.21,482.86,28.75,65.14,0.76,1,-1,-1
10,124,1186.84,398.25,25.10,49.60,0.62,2,-1,-1
10,102,1261.06,396.55,24.00,50.98,0.61,1,-1,-1
10,127,48.75,343.95,24.50,49.01,0.77,2,-1,-1
10,128,130.06,243.69,17.93,44.23,0.68,1,-1,-1
10,129,981.35,48.11,28.69,27.79,0.66,4,-1,-1
10,130,1204.28,426.73,24.50,60.96,0.61,1,-1,-1
11,2,3.63,501.25,27.94,58.76,0.47,1,-1,-1
11,6,37.32,509.32,57.35,140.03,0.97,1,-1,-1
11,8,155.45,592.95,70.40,160.57,1.00,1,-1,-1
11,9,60.06,525.59,137.37,70.50,0.63,4,-1,-1
11,10,116.53,257.79,19.23,44.71,0.60,1,-1,-1
11,11,121.59,260.75,20.42,46.89,0.30,1,-1,-1
11,12,100.02,186.55,18.48,35.89,0.86,1,-1,-1
11,13,126.60,187.73,19.10,35.68,0.66,1,-1,-1
11,16,209.42,198.28,19.60,38.12,0.93,1,-1,-1
11,18,229.11,422.50,118.06,93.00,1.00,4,-1,-1
11,19,339.02,256.09,18.78,40.96,0.78,1,-1,-1
11,20,305.44,440.66,111.17,99.92,1.00,4,-1,-1
11,21,341.82,339.64,102.33,74.32,0.98,4,-1,-1
11,22,345.75,532.56,111.92,47.75,0.67,4,-1,-1
11,23,486.90,673.69,75.90,150.95,0.99,1,-1,-1
11,24,523.55,634.66,61.56,146.43,0.99,1,-1,-1
11,25,425.44,289.20,74.99,54.84,0.99,4,-1,-1
11,26,429.99,353.83,87.01,71.12,0.99,4,-1,-1
11,27,502.66,236.18,60.34,50.43,0.97,4,-1,-1
11,28,471.28,519.00,114.73,77.16,0.96,4,-1,-1
11,30,513.15,260.24,84.31,86.33,0.99,5,-1,-1
11,31,528.02,341.85,84.54,80.96,0.96,4,-1,-1
11,32,555.63,215.25,50.13,40.50,0.98,4,-1,-1
11,33,585.71,238.84,57.40,46.95,0.97,4,-1,-1
11,34,609.48,281.34,66.55,55.35,0.98,4,-1,-1
11,35,632.27,298.27,71.61,62.96,0.99,4,-1,-1
11,36,637.83,337.82,76.52,78.74,0.99,4,-1,-1
11,37,658.71,235.61,53.81,49.53,0.96,4,-1,-1
11,38,776.69,341.50,64.40,58.73,1.00,4,-1,-1
11,39,727.62,237.53,48.91,47.56,0.98,4,-1,-1
11,40,756.78,205.82,43.01,39.05,0.84,4,-1,-1
11,41,776.48,180.64,38.31,34.01,0.93,4,-1,-1
11,42,826.50,245.83,50.31,48.67,0.99,4,-1,-1
11,43,862.00,362.24,64.06,62.90,1.00,4,-1,-1
11,44,872.16,170.31,37.27,36.52,0.99,4,-1,-1
11,45,902.61,219.81,41.76,44.35,0.99,4,-1,-1
11,46,904.91,129.23,32.30,29.62,0.99,4,-1,-1
11,47,912.24,93.57,28.66,27.29,0.99,4,-1,-1
11,48,910.00,47.30,21.04,21.88,0.45,4,-1,-1
11,49,951.64,239.64,46.79,45.49,1.00,4,-1,-1
11,51,937.43,48.98,21.36,21.77,0.69,4,-1,-1
11,52,979.14,371.79,63.17,65.93,1.00,4,-1,-1
11,53,984.78,80.88,25.95,24.77,0.94,4,-1,-1
11,54,988.04,108.31,29.86,26.80,0.99,4,-1,-1
11,55,1032.92,191.07,38.25,35.74,0.85,4,-1,-1
11,56,1039.42,215.34,50.27,44.39,0.91,4,-1,-1
11,57,1050.70,309.58,18.19,36.55,0.85,2,-1,-1
11,58,1085.74,353.50,66.59,61.30,0.99,4,-1,-1
11,59,1100.50,409.72,70.39,68.18,0.99,4,-1,-1
11,60,1103.16,468.81,75.07,78.97,1.00,4,-1,-1
11,61,1207.31,533.74,26.21,67.08,0.85,1,-1,-1
11,62,1216.92,463.51,26.29,55.58,0.48,2,-1,-1
11,63,1240.17,556.62,27.89,70.38,0.80,1,-1,-1
11,64,1254.00,572.31,28.64,66.15,0.86,1,-1,-1
11,65,1288.66,398.38,23.62,56.95,0.86,1,-1,-1
11,66,1308.06,401.10,19.06,51.67,0.92,1,-1,-1
11,67,1277.90,625.02,57.69,149.08,0.99,1,-1,-1
11,69,1349.47,388.94,21.50,54.79,0.91,1,-1,-1
11,70,1364.10,490.90,21.38,60.46,0.86,1,-1,-1
11,71,1366.25,302.92,87.96,68.89,0.73,4,-1,-1
11,72,1369.56,494.42,26.40,68.24,0.96,1,-1,-1
11,73,1381.58,368.13,22.09,55.43,0.95,1,-1,-1
11,74,1389.89,504.66,26.28,60.95,0.96,1,-1,-1
11,76,1401.21,242.53,16.70,36.63,0.30,1,-1,-1
11,77,1414.97,409.23,23.89,57.28,0.94,1,-1,-1
11,78,1405.80,216.55,19.12,41.05,0.74,1,-1,-1
11,79,1419.36,383.69,22.31,53.25,0.78,1,-1,-1
11,80,1410.78,236.00,16.94,40.43,0.79,1,-1,-1
11,81,1418.63,219.49,16.65,39.16,0.74,1,-1,-1
11,82,1443.74,371.01,19.17,51.27,0.59,1,-1,-1
11,83,1436.69,409.29,26.28,60.27,0.94,1,-1,-1
11,84,1580.55,613.79,58.34,131.85,0.99,1,-1,-1
11,85,1469.14,415.22,23.83,57.42,0.62,1,-1,-1
11,86,1483.81,419.23,23.63,55.82,0.54,1,-1,-1
11,87,1485.97,515.49,33.51,74.44,0.96,1,-1,-1
11,88,1510.87,522.22,36.64,67.10,0.85,2,-1,-1
11,89,1636.37,679.31,65.85,137.62,0.99,1,-1,-1
11,90,1528.63,466.57,28.72,63.95,0.98,1,-1,-1
11,91,1583.25,519.18,50.61,78.43,0.88,2,-1,-1
11,92,1646.56,518.99,53.09,111.09,0.98,1,-1,-1
11,93,149.80,452.37,27.34,37.94,0.92,2,-1,-1
11,94,1049.17,318.92,20.19,39.05,0.87,10,-1,-1
11,97,1405.99,370.48,20.71,50.67,0.79,1,-1,-1
11,7,76.32,178.11,18.10,38.42,0.82,1,-1,-1
11,107,38.33,1007.73,216.69,61.55,0.49,4,-1,-1
11,110,734.03,170.46,38.22,38.47,0.63,4,-1,-1
11,114,71.63,470.76,31.37,66.60,0.69,1,-1,-1
11,115,150.74,395.77,25.31,52.38,0.52,1,-1,-1
11,116,1172.06,424.09,25.89,59.89,0.42,1,-1,-1
11,117,1433.28,346.16,20.01,47.42,0.29,1,-1,-1
11,4,29.77,334.72,23.26,51.74,0.34,1,-1,-1
11,29,415.81,744.11,74.53,155.11,0.97,1,-1,-1
11,119,112.09,318.34,24.01,49.80,0.50,1,-1,-1
11,120,291.59,330.65,21.60,48.82,0.62,1,-1,-1
11,121,811.73,524.06,87.56,72.16,0.99,4,-1,-1
11,14,186.10,174.87,19.57,35.64,0.96,1,-1,-1
11,17,245.53,172.36,20.60,35.76,0.97,1,-1,-1
11,50,939.05,98.53,35.00,42.05,0.39,5,-1,-1
11,123,17.94,482.12,28.36,65.60,0.70,1,-1,-1
11,124,1186.02,397.80,26.02,49.60,0.52,2,-1,-1
11,102,1261.11,396.27,24.07,50.69,0.70,1,-1,-1
11,129,980.90,48.34,27.73,27.37,0.62,4,-1,-1
11,131,78.59,179.15,18.83,38.25,0.83,1,-1,-1
11,132,173.92,379.51,23.91,49.61,0.63,1,-1,-1
11,133,1584.98,511.00,38.25,48.41,0.61,2,-1,-1
11,5,43.21,345.79,25.71,48.87,0.73,2,-1,-1
12,2,4.22,500.66,27.34,58.54,0.35,1,-1,-1
12,6,37.82,507.54,57.81,141.59,0.95,1,-1,-1
12,8,163.66,593.66,74.27,158.22,0.99,1,-1,-1
12,9,58.95,527.87,136.33,68.72,0.25,4,-1,-1
12,10,118.56,257.44,18.09,43.99,0.60,1,-1,-1
12,11,126.26,263.18,21.56,45.45,0.54,1,-1,-1
12,12,98.11,186.20,19.50,36.29,0.85,1,-1,-1
12,13,125.50,188.29,19.25,35.25,0.77,1,-1,-1
12,16,208.63,198.33,20.04,38.03,0.93,1,-1,-1
12,18,225.71,424.27,118.49,93.41,0.99,4,-1,-1
12,19,339.70,255.56,19.00,41.10,0.81,1,-1,-1
12,20,300.19,444.31,112.33,101.73,0.99,4,-1,-1
12,21,339.27,340.85,103.16,75.09,0.98,4,-1,-1
12,22,341.60,540.67,110.86,56.13,0.39,4,-1,-1
12,23,494.19,673.88,74.77,151.06,0.99,1,-1,-1
12,24,530.18,631.05,66.31,154.05,0.99,1,-1,-1
12,25,423.33,289.55,76.10,55.90,0.99,4,-1,-1
12,26,427.02,355.28,88.51,72.08,0.99,4,-1,-1
12,27,502.00,235.87,61.27,51.51,0.97,4,-1,-1
12,28,470.51,524.96,110.80,79.28,0.97,4,-1,-1
12,30,511.83,260.61,85.21,87.15,0.99,5,-1,-1
12,31,525.43,344.43,85.28,81.75,0.97,4,-1,-1
12,32,555.73,215.17,50.57,40.72,0.98,4,-1,-1
12,33,584.45,239.68,57.64,47.05,0.96,4,-1,-1
12,34,609.14,281.46,66.87,55.44,0.96,4,-1,-1
12,35,630.33,299.55,72.47,63.42,0.99,4,-1,-1
12,36,636.30,338.95,77.40,79.74,0.99,4,-1,-1
12,37,657.81,236.05,54.60,50.05,0.97,4,-1,-1
12,38,780.55,333.86,63.24,57.82,1.00,4,-1,-1
12,39,727.08,238.09,49.01,48.44,0.98,4,-1,-1
12,40,756.82,205.17,43.81,40.14,0.85,4,-1,-1
12,41,776.58,180.68,38.31,33.92,0.94,4,-1,-1
12,42,829.11,241.46,49.18,48.11,0.99,4,-1,-1
12,43,864.43,355.30,63.22,62.00,1.00,4,-1,-1
12,44,874.00,167.72,36.99,35.58,0.99,4,-1,-1
12,45,904.34,217.35,41.64,43.54,1.00,4,-1,-1
12,46,906.27,127.36,32.18,29.38,1.00,4,-1,-1
12,47,913.31,92.35,27.88,26.85,0.99,4,-1,-1
12,48,910.30,46.47,21.30,21.89,0.14,4,-1,-1
12,49,953.08,236.25,46.46,44.26,1.00,4,-1,-1
12,51,937.40,48.29,21.40,21.32,0.65,4,-1,-1
12,52,980.18,368.01,62.34,66.02,1.00,4,-1,-1
12,53,985.08,79.94,26.19,24.68,0.94,4,-1,-1
12,54,988.48,107.69,29.02,26.55,0.99,4,-1,-1
12,55,1034.19,190.79,38.84,34.95,0.84,4,-1,-1
12,56,1039.10,214.66,50.27,44.49,0.89,4,-1,-1
12,57,1051.08,307.01,18.79,37.35,0.78,2,-1,-1
12,58,1086.13,353.41,66.84,61.14,0.99,4,-1,-1
12,59,1101.04,409.43,70.37,67.73,0.99,4,-1,-1
12,60,1103.47,468.32,75.25,78.97,1.00,4,-1,-1
12,61,1206.53,533.50,26.69,69.94,0.84,1,-1,-1
12,62,1217.10,463.01,26.28,57.60,0.56,2,-1,-1
12,63,1240.06,556.16,28.41,71.20,0.77,1,-1,-1
12,64,1254.17,571.78,28.63,66.66,0.88,1,-1,-1
12,65,1289.84,397.85,23.81,57.22,0.84,1,-1,-1
12,66,1307.41,399.71,20.64,53.03,0.89,1,-1,-1
12,67,1271.47,623.97,55.41,149.45,0.98,1,-1,-1
12,69,1349.50,389.20,21.51,54.60,0.86,1,-1,-1
12,70,1363.47,491.03,22.99,61.11,0.86,1,-1,-1
12,71,1366.45,302.55,88.22,69.20,0.77,4,-1,-1
12,72,1370.77,494.83,26.38,69.28,0.97,1,-1,-1
12,73,1381.85,367.54,23.29,54.79,0.95,1,-1,-1
12,74,1390.39,505.23,27.88,61.76,0.92,1,-1,-1
12,76,1400.81,240.94,16.70,37.32,0.24,1,-1,-1
12,77,1415.29,408.22,23.88,57.33,0.93,1,-1,-1
12,78,1405.60,216.33,19.12,40.26,0.56,1,-1,-1
12,79,1420.82,383.74,21.72,53.98,0.81,1,-1,-1
12,80,1409.52,235.39,16.76,40.37,0.52,1,-1,-1
12,81,1417.80,219.43,16.66,37.91,0.54,1,-1,-1
12,82,1445.80,370.34,19.16,50.22,0.67,1,-1,-1
12,83,1436.75,408.27,26.27,61.10,0.95,1,-1,-1
12,84,1587.51,613.25,60.74,131.11,0.99,1,-1,-1
12,85,1468.99,414.26,23.83,57.35,0.70,1,-1,-1
12,86,1482.61,417.57,25.37,56.81,0.65,1,-1,-1
12,87,1484.76,513.30,33.57,75.73,0.98,1,-1,-1
12,88,1508.09,519.44,37.82,67.09,0.88,2,-1,-1
12,89,1645.06,677.92,66.56,137.30,0.99,1,-1,-1
12,90,1527.60,465.64,28.64,63.11,0.98,1,-1,-1
12,91,1582.24,519.28,52.28,76.31,0.94,2,-1,-1
12,92,1651.49,519.93,51.08,107.01,0.97,1,-1,-1
12,93,150.46,451.69,27.13,38.14,0.95,2,-1,-1
12,94,1050.20,315.18,20.28,39.35,0.90,10,-1,-1
12,97,1405.67,369.32,21.29,51.14,0.85,1,-1,-1
12,7,78.54,177.20,19.87,39.78,0.93,1,-1,-1
12,110,734.58,170.42,38.21,38.40,0.71,4,-1,-1
12,114,70.67,473.12,31.62,64.88,0.49,1,-1,-1
12,115,150.89,395.51,25.58,55.97,0.25,1,-1,-1
12,116,1172.17,423.76,26.17,60.64,0.51,1,-1,-1
12,117,1435.22,346.12,19.38,47.66,0.42,1,-1,-1
12,4,30.81,334.18,22.99,52.72,0.39,1,-1,-1
12,29,406.27,741.47,75.96,166.05,0.94,1,-1,-1
12,119,108.85,319.11,24.14,49.82,0.26,1,-1,-1
12,120,292.14,329.75,22.04,49.76,0.39,1,-1,-1
12,121,815.35,511.93,85.33,76.88,1.00,4,-1,-1
12,14,186.55,174.67,19.66,35.73,0.97,1,-1,-1
12,17,247.12,171.67,21.41,36.24,0.94,1,-1,-1
12,50,940.12,97.55,34.70,41.16,0.83,4,-1,-1
12,123,18.09,481.41,27.92,67.15,0.57,1,-1,-1
12,124,1187.61,397.91,25.42,50.53,0.25,2,-1,-1
12,102,1260.38,396.57,25.68,50.95,0.66,1,-1,-1
12,129,980.89,48.29,27.54,27.23,0.50,4,-1,-1
12,133,1585.97,510.00,36.33,49.36,0.85,2,-1,-1
12,5,42.17,347.73,25.12,49.64,0.83,1,-1,-1
12,134,1252.69,570.76,31.08,68.13,0.83,2,-1,-1
12,135,1453.50,395.95,21.52,56.18,0.71,1,-1,-1
13,2,4.68,500.16,27.10,58.08,0.21,1,-1,-1
13,6,38.32,507.23,57.85,141.55,0.95,1,-1,-1
13,8,170.62,594.46,82.18,157.29,1.00,1,-1,-1
13,9,58.56,530.32,133.16,65.70,0.23,4,-1,-1
13,10,119.87,257.23,18.07,44.12,0.56,1,-1,-1
13,11,128.79,263.48,21.69,45.89,0.43,1,-1,-1
13,12,96.43,186.07,20.26,36.64,0.85,1,-1,-1
13,13,123.82,187.52,20.00,36.09,0.83,1,-1,-1
13,16,207.75,198.33,20.41,38.00,0.93,1,-1,-1
13,18,221.47,426.55,119.83,93.14,1.00,4,-1,-1
13,19,340.81,254.96,18.68,41.36,0.86,1,-1,-1
13,20,294.91,448.04,113.53,102.78,1.00,4,-1,-1
13,21,336.29,342.14,103.87,76.15,0.98,4,-1,-1
13,23,500.29,674.86,73.47,150.29,0.98,1,-1,-1
13,24,537.47,632.95,71.54,156.07,0.99,1,-1,-1
13,25,421.29,290.32,76.52,56.49,0.99,4,-1,-1
13,26,424.49,356.64,89.07,73.21,0.99,4,-1,-1
13,27,501.46,236.40,62.41,51.52,0.98,4,-1,-1
13,28,468.09,532.85,108.12,56.80,0.85,4,-1,-1
13,30,510.67,261.48,85.16,87.53,0.99,5,-1,-1
13,31,522.65,346.99,85.95,82.03,0.97,4,-1,-1
13,32,555.85,215.30,50.74,40.60,0.98,4,-1,-1
13,33,582.93,240.92,58.33,47.07,0.97,4,-1,-1
13,34,608.93,281.64,67.00,55.58,0.97,4,-1,-1
13,35,627.58,300.64,73.59,64.36,0.98,4,-1,-1
13,36,634.10,340.38,79.31,80.51,0.99,4,-1,-1
13,37,657.00,236.65,55.69,50.44,0.96,4,-1,-1
13,38,784.10,326.61,62.89,57.54,1.00,4,-1,-1
13,39,726.00,238.92,49.84,48.95,0.99,4,-1,-1
13,40,756.75,205.66,44.11,40.35,0.90,4,-1,-1
13,41,776.92,180.84,38.31,33.88,0.95,4,-1,-1
13,42,831.09,237.37,49.63,47.53,1.00,4,-1,-1
13,43,866.76,349.10,62.16,60.50,0.99,4,-1,-1
13,44,875.73,165.10,36.91,35.25,0.99,4,-1,-1
13,45,905.64,214.57,40.82,43.46,1.00,4,-1,-1
13,46,907.84,125.62,31.34,28.95,1.00,4,-1,-1
13,47,914.40,91.33,27.59,26.08,0.99,4,-1,-1
13,49,955.08,232.46,45.56,44.04,1.00,4,-1,-1
13,51,936.90,47.55,21.43,21.11,0.70,4,-1,-1
13,52,980.89,365.00,62.06,65.28,1.00,4,-1,-1
13,53,985.52,79.39,25.50,24.26,0.99,4,-1,-1
13,54,988.58,107.11,28.72,26.46,0.99,4,-1,-1
13,55,1035.76,190.73,37.46,34.66,0.79,4,-1,-1
13,56,1039.32,214.45,49.47,44.13,0.84,4,-1,-1
13,57,1051.94,303.82,19.01,36.86,0.84,2,-1,-1
13,58,1086.22,353.43,66.95,61.08,0.99,4,-1,-1
13,59,1101.58,409.37,70.38,67.97,0.98,4,-1,-1
13,60,1103.14,468.21,76.12,78.97,1.00,4,-1,-1
13,61,1205.40,534.83,26.08,69.86,0.79,1,-1,-1
13,62,1217.13,462.48,26.28,56.78,0.61,2,-1,-1
13,63,1239.97,555.86,30.20,68.93,0.75,1,-1,-1
13,64,1254.20,571.45,28.64,65.85,0.86,1,-1,-1
13,65,1291.02,397.50,23.89,56.93,0.90,1,-1,-1
13,66,1307.95,399.05,21.20,53.53,0.90,1,-1,-1
13,67,1259.42,621.69,61.36,151.97,0.97,1,-1,-1
13,69,1349.51,389.50,21.51,54.52,0.88,1,-1,-1
13,70,1363.24,491.88,23.58,61.77,0.71,1,-1,-1
13,71,1366.50,302.34,88.33,69.21,0.71,4,-1,-1
13,72,1372.79,496.23,26.38,70.05,0.94,1,-1,-1
13,73,1381.94,366.74,23.72,55.75,0.96,1,-1,-1
13,74,1391.34,504.69,30.03,63.25,0.93,1,-1,-1
13,76,1400.68,239.77,16.71,37.58,0.46,1,-1,-1
13,77,1415.41,407.51,23.89,56.96,0.98,1,-1,-1
13,78,1405.54,215.76,19.13,42.01,0.69,1,-1,-1
13,79,1421.33,384.40,23.14,55.06,0.77,1,-1,-1
13,80,1409.09,235.08,16.70,40.36,0.61,1,-1,-1
13,81,1416.71,218.92,16.67,39.08,0.67,1,-1,-1
13,82,1446.54,369.53,19.16,51.82,0.80,1,-1,-1
13,83,1436.79,406.75,26.28,62.21,0.95,1,-1,-1
13,84,1593.05,613.50,64.74,129.21,0.99,1,-1,-1
13,85,1469.76,411.56,23.85,58.53,0.85,1,-1,-1
13,86,1483.74,416.01,24.47,55.61,0.57,1,-1,-1
13,87,1485.15,511.39,32.00,76.98,0.97,1,-1,-1
13,88,1508.61,517.12,36.73,67.87,0.85,2,-1,-1
13,89,1648.76,675.48,71.63,140.43,0.99,1,-1,-1
13,90,1526.49,465.18,28.63,62.41,0.94,1,-1,-1
13,91,1587.22,518.97,48.31,77.54,0.67,2,-1,-1
13,92,1653.28,519.92,51.98,110.83,0.97,1,-1,-1
13,93,150.84,451.16,27.52,38.22,0.90,2,-1,-1
13,94,1050.89,311.36,20.32,39.86,0.95,10,-1,-1
13,97,1405.56,368.51,21.51,51.32,0.84,1,-1,-1
13,7,80.91,176.96,20.56,40.87,0.91,1,-1,-1
13,110,734.68,170.05,39.04,38.78,0.80,4,-1,-1
13,114,71.70,475.75,31.90,65.21,0.67,1,-1,-1
13,115,151.21,395.31,25.89,57.58,0.46,1,-1,-1
13,116,1173.00,423.48,25.43,60.49,0.57,1,-1,-1
13,117,1435.81,346.32,19.18,48.18,0.53,1,-1,-1
13,4,32.13,334.87,22.51,52.30,0.35,1,-1,-1
13,29,398.40,740.68,74.93,165.94,0.87,1,-1,-1
13,119,106.70,320.91,23.11,47.21,0.19,1,-1,-1
13,120,291.55,329.34,22.19,49.64,0.31,1,-1,-1
13,121,818.54,499.81,83.80,85.83,1.00,4,-1,-1
13,14,186.78,174.28,19.50,36.17,0.93,1,-1,-1
13,17,249.29,172.01,21.13,35.82,0.95,1,-1,-1
13,50,940.81,96.93,33.80,39.62,0.80,4,-1,-1
13,123,18.49,481.75,27.63,66.30,0.49,1,-1,-1
13,124,1188.13,397.55,25.19,51.71,0.27,2,-1,-1
13,102,1261.66,396.53,24.71,50.23,0.79,1,-1,-1
13,129,980.33,46.88,28.42,28.30,0.63,4,-1,-1
13,133,1585.25,509.59,37.83,52.30,0.89,2,-1,-1
13,5,39.96,348.60,24.72,48.62,0.82,1,-1,-1
13,134,1252.74,570.73,31.08,66.22,0.86,2,-1,-1
13,135,1453.55,393.77,23.43,56.66,0.75,1,-1,-1
13,136,1473.82,367.26,19.12,50.80,0.70,1,-1,-1
13,137,1510.88,516.97,35.86,67.54,0.81,2,-1,-1
13,138,1587.38,518.17,47.81,77.70,0.77,2,-1,-1
14,2,5.38,499.91,26.73,57.92,0.33,1,-1,-1
14,6,39.10,509.27,56.04,138.51,0.97,1,-1,-1
14,8,178.27,595.87,85.73,156.93,1.00,1,-1,-1
14,10,121.36,255.93,18.56,44.77,0.48,1,-1,-1
14,11,129.64,263.97,21.63,45.45,0.53,1,-1,-1
14,12,94.17,184.99,21.33,37.36,0.79,1,-1,-1
14,13,122.04,186.60,20.86,36.59,0.85,1,-1,-1
14,16,206.89,198.10,20.55,38.18,0.92,1,-1,-1
14,18,218.02,429.06,121.09,93.01,1.00,4,-1,-1
14,19,341.61,253.72,18.96,41.65,0.87,1,-1,-1
14,20,290.31,451.63,114.72,104.32,1.00,4,-1,-1
14,21,333.86,343.52,104.90,76.15,0.98,4,-1,-1
14,23,508.57,675.18,70.56,149.96,0.99,1,-1,-1
14,24,546.37,635.23,73.35,153.67,0.99,1,-1,-1
14,25,419.78,291.42,77.05,56.41,0.99,4,-1,-1
14,26,421.63,358.03,89.65,74.41,0.99,4,-1,-1
14,27,500.87,236.67,62.43,51.71,0.98,4,-1,-1
14,28,466.92,541.42,103.11,58.03,0.86,4,-1,-1
14,30,509.29,262.24,85.51,87.95,0.99,5,-1,-1
14,31,519.69,349.22,86.97,83.30,0.97,4,-1,-1
14,32,555.88,215.13,50.80,40.73,0.98,4,-1,-1
14,33,581.60,241.72,58.57,47.27,0.95,4,-1,-1
14,34,608.85,281.86,67.03,55.62,0.97,4,-1,-1
14,35,625.40,302.16,73.21,64.70,0.98,4,-1,-1
14,36,632.11,342.01,80.01,81.57,0.99,4,-1,-1
14,37,656.31,237.22,56.10,50.78,0.97,4,-1,-1
14,38,788.43,320.03,61.19,56.68,1.00,4,-1,-1
14,39,725.20,239.68,50.15,49.14,0.99,4,-1,-1
14,40,756.70,206.02,44.22,40.23,0.89,4,-1,-1
14,41,777.03,180.88,38.30,33.66,0.95,4,-1,-1
14,42,833.31,233.62,49.01,46.74,1.00,4,-1,-1
14,43,869.10,342.68,61.00,59.61,1.00,4,-1,-1
14,44,877.48,162.62,36.89,35.15,0.99,4,-1,-1
14,45,906.43,211.92,41.35,42.84,0.99,4,-1,-1
14,46,908.74,123.93,31.86,28.91,1.00,4,-1,-1
14,47,915.15,89.99,27.49,25.69,0.98,4,-1,-1
14,49,956.11,228.79,45.26,43.99,0.99,4,-1,-1
14,51,937.50,47.42,21.44,20.39,0.50,4,-1,-1
14,52,981.08,361.40,61.98,65.02,1.00,4,-1,-1
14,53,985.65,78.76,25.23,23.90,0.99,4,-1,-1
14,54,988.59,106.02,28.62,26.53,0.99,4,-1,-1
14,55,1036.23,189.82,39.43,33.97,0.75,4,-1,-1
14,56,1039.37,214.08,49.16,43.80,0.83,4,-1,-1
14,57,1052.60,300.63,19.10,35.17,0.89,2,-1,-1
14,58,1086.59,353.43,66.97,60.65,0.99,4,-1,-1
14,59,1101.32,408.94,71.19,67.67,0.99,4,-1,-1
14,60,1103.75,467.76,75.64,78.97,1.00,4,-1,-1
14,61,1204.87,536.31,25.84,69.00,0.80,1,-1,-1
14,62,1217.88,462.08,26.28,57.24,0.54,2,-1,-1
14,63,1240.65,555.55,29.32,69.04,0.77,1,-1,-1
14,64,1253.35,570.92,30.24,66.70,0.85,1,-1,-1
14,65,1292.96,396.78,23.92,57.62,0.90,1,-1,-1
14,66,1308.86,397.63,21.42,54.91,0.88,1,-1,-1
14,67,1252.92,623.61,61.80,145.81,0.97,1,-1,-1
14,69,1348.68,389.99,21.51,54.48,0.90,1,-1,-1
14,70,1363.07,493.16,23.81,62.02,0.73,1,-1,-1
14,71,1367.26,301.97,88.38,69.31,0.82,4,-1,-1
14,72,1374.28,497.18,26.36,71.08,0.97,1,-1,-1
14,73,1381.92,366.65,23.88,55.31,0.95,1,-1,-1
14,74,1393.17,503.31,30.84,64.59,0.97,1,-1,-1
14,76,1399.83,239.45,16.71,36.49,0.17,1,-1,-1
14,77,1415.39,407.49,23.89,56.42,0.98,1,-1,-1
14,78,1405.50,216.06,19.12,41.47,0.57,1,-1,-1
14,79,1423.81,385.06,22.08,54.67,0.80,1,-1,-1
14,80,1408.93,234.48,16.69,39.75,0.45,1,-1,-1
14,81,1415.50,218.35,16.68,39.30,0.48,1,-1,-1
14,82,1447.53,369.25,19.15,50.83,0.76,1,-1,-1
14,83,1435.96,405.43,26.28,62.63,0.95,1,-1,-1
14,84,1598.72,614.81,67.79,127.67,0.98,1,-1,-1
14,85,1470.01,411.38,23.85,57.79,0.83,1,-1,-1
14,86,1484.18,415.26,24.09,53.95,0.58,1,-1,-1
14,87,1484.50,509.75,31.39,77.81,0.99,1,-1,-1
14,88,1509.65,514.94,34.69,68.55,0.92,2,-1,-1
14,89,1654.57,674.23,73.47,141.60,0.99,1,-1,-1
14,90,1526.87,464.67,27.03,62.56,0.90,1,-1,-1
14,91,1586.76,518.29,51.41,77.99,0.76,2,-1,-1
14,92,1657.00,520.69,50.71,103.66,0.98,1,-1,-1
14,93,151.28,450.90,27.07,37.85,0.93,2,-1,-1
14,94,1051.88,308.46,19.53,39.26,0.97,10,-1,-1
14,97,1405.50,367.42,21.59,52.19,0.86,1,-1,-1
14,7,82.77,176.94,19.95,39.52,0.86,1,-1,-1
14,110,734.69,169.71,39.34,38.91,0.78,4,-1,-1
14,114,71.27,475.95,32.78,66.20,0.72,1,-1,-1
14,115,151.72,395.00,25.99,57.74,0.57,1,-1,-1
14,116,1172.41,423.18,26.00,60.84,0.47,1,-1,-1
14,117,1435.93,345.78,19.11,47.95,0.43,1,-1,-1
14,4,31.93,333.29,21.27,48.94,0.42,1,-1,-1
14,29,389.01,740.28,74.56,166.71,0.90,1,-1,-1
14,120,291.43,328.75,22.77,50.02,0.24,1,-1,-1
14,121,822.02,488.32,81.63,89.84,1.00,4,-1,-1
14,14,187.48,173.70,19.64,36.34,0.92,1,-1,-1
14,17,251.86,172.03,20.42,35.26,0.90,1,-1,-1
14,50,942.23,95.39,31.85,39.48,0.61,4,-1,-1
14,123,18.66,481.40,28.36,66.40,0.69,1,-1,-1
14,124,1188.69,397.63,25.11,52.09,0.35,2,-1,-1
14,102,1262.13,396.51,24.28,50.33,0.77,1,-1,-1
14,129,980.15,46.30,27.81,28.14,0.54,4,-1,-1
14,133,1585.88,508.35,38.32,48.36,0.87,2,-1,-1
14,5,35.67,349.82,25.57,47.87,0.75,1,-1,-1
14,134,1253.65,570.49,31.07,67.01,0.75,2,-1,-1
14,135,1453.55,392.20,23.78,57.21,0.43,1,-1,-1
14,136,1475.76,366.28,19.12,50.80,0.68,1,-1,-1
14,138,1585.48,518.39,51.63,79.13,0.74,1,-1,-1
14,139,57.90,438.08,28.54,65.74,0.60,1,-1,-1
14,140,941.91,95.92,32.27,38.10,0.84,4,-1,-1
14,141,1531.20,547.75,40.64,63.35,0.65,1,-1,-1
14,142,1628.02,520.86,38.25,82.48,0.76,1,-1,-1
15,2,5.86,499.76,27.05,58.27,0.36,1,-1,-1
15,6,39.30,507.45,57.69,140.47,0.95,1,-1,-1
15,8,186.84,596.51,83.88,156.78,1.00,1,-1,-1
15,10,123.06,252.03,18.25,45.41,0.70,1,-1,-1
15,11,130.90,264.11,20.91,45.07,0.77,1,-1,-1
15,12,92.78,183.44,20.87,37.03,0.67,1,-1,-1
15,13,120.83,185.89,20.22,36.77,0.93,1,-1,-1
15,16,206.23,198.42,19.42,37.65,0.91,1,-1,-1
15,18,214.00,431.23,123.42,94.52,1.00,4,-1,-1
15,19,342.29,253.17,18.67,41.77,0.90,1,-1,-1
15,20,286.01,455.73,115.15,104.08,1.00,4,-1,-1
15,21,332.04,344.88,105.28,76.91,0.98,4,-1,-1
15,23,519.77,676.98,65.03,148.22,0.98,1,-1,-1
15,24,555.60,638.19,72.69,148.73,0.98,1,-1,-1
15,25,418.48,292.60,77.24,56.66,0.99,4,-1,-1
15,26,418.47,360.17,90.64,75.23,0.99,4,-1,-1
15,27,500.28,237.55,61.63,51.77,0.98,4,-1,-1
15,28,467.09,551.11,97.63,57.71,0.27,4,-1,-1
15,30,508.22,263.78,86.02,87.69,0.98,5,-1,-1
15,31,516.31,352.04,88.13,84.15,0.98,4,-1,-1
15,32,555.69,215.25,51.22,40.57,0.96,4,-1,-1
15,33,580.55,243.16,58.46,47.13,0.96,4,-1,-1
15,34,608.45,282.30,67.04,55.53,0.98,4,-1,-1
15,35,623.07,303.96,73.86,64.80,0.97,4,-1,-1
15,36,630.62,343.84,80.27,83.13,0.99,4,-1,-1
15,37,656.07,238.28,56.25,50.89,0.96,4,-1,-1
15,38,792.65,313.98,59.82,55.19,1.00,4,-1,-1
15,39,724.51,241.10,50.26,49.19,0.98,4,-1,-1
15,40,756.68,206.51,44.26,40.37,0.87,4,-1,-1
15,41,777.46,181.16,38.30,33.57,0.95,4,-1,-1
15,42,835.23,229.66,48.81,46.27,1.00,4,-1,-1
15,43,871.48,336.85,59.82,58.52,1.00,4,-1,-1
15,44,879.25,160.36,36.10,34.72,0.99,4,-1,-1
15,45,907.48,209.20,40.76,42.43,0.99,4,-1,-1
15,46,909.82,122.39,32.06,28.99,1.00,4,-1,-1
15,47,915.79,88.60,27.46,25.95,0.99,4,-1,-1
15,49,957.63,225.53,45.18,43.59,1.00,4,-1,-1
15,52,981.14,357.85,61.97,64.54,1.00,4,-1,-1
15,53,985.68,77.86,25.13,24.07,0.98,4,-1,-1
15,54,988.59,105.19,28.59,26.66,0.98,4,-1,-1
15,55,1037.57,189.24,39.34,33.52,0.54,4,-1,-1
15,56,1039.39,213.90,49.05,43.87,0.71,4,-1,-1
15,57,1053.62,298.41,18.34,34.52,0.72,2,-1,-1
15,58,1087.13,353.68,66.99,60.48,0.99,4,-1,-1
15,59,1101.23,409.03,71.51,67.15,0.99,4,-1,-1
15,60,1104.00,467.65,75.46,78.96,1.00,4,-1,-1
15,61,1205.09,537.11,26.94,69.82,0.74,1,-1,-1
15,62,1218.17,461.97,26.29,57.80,0.63,2,-1,-1
15,63,1240.14,555.48,30.54,69.08,0.72,1,-1,-1
15,64,1253.07,570.57,30.84,67.99,0.76,1,-1,-1
15,65,1294.46,396.75,23.93,57.48,0.87,1,-1,-1
15,66,1309.98,396.36,21.50,55.04,0.85,1,-1,-1
15,67,1247.58,623.24,62.00,145.79,0.97,1,-1,-1
15,69,1348.41,390.78,21.52,54.86,0.85,1,-1,-1
15,70,1362.22,495.41,23.90,60.92,0.89,1,-1,-1
15,71,1367.55,301.85,88.40,69.35,0.91,4,-1,-1
15,72,1376.42,497.97,26.36,70.27,0.98,1,-1,-1
15,73,1381.94,366.84,23.94,55.53,0.94,1,-1,-1
15,74,1395.45,502.23,29.62,65.10,0.98,1,-1,-1
15,77,1415.41,406.93,23.90,56.62,0.98,1,-1,-1
15,78,1404.72,216.31,19.13,40.86,0.26,1,-1,-1
15,79,1426.39,384.94,21.67,53.72,0.76,1,-1,-1
15,80,1408.93,233.48,16.69,39.93,0.29,1,-1,-1
15,81,1415.10,217.96,16.69,39.98,0.34,1,-1,-1
15,82,1447.89,369.19,19.15,50.84,0.70,1,-1,-1
15,83,1436.48,404.98,26.29,61.99,0.94,1,-1,-1
15,84,1603.74,613.73,72.09,131.07,0.97,1,-1,-1
15,85,1469.35,410.78,23.86,56.31,0.75,1,-1,-1
15,86,1484.39,415.45,23.96,52.53,0.63,1,-1,-1
15,87,1483.53,508.43,31.17,78.09,0.99,1,-1,-1
15,88,1510.16,514.02,33.90,69.18,0.94,1,-1,-1
15,89,1665.10,670.64,69.50,142.05,0.98,1,-1,-1
15,90,1524.67,462.94,28.07,64.21,0.95,1,-1,-1
15,91,1592.79,518.26,46.36,58.34,0.84,2,-1,-1
15,92,1659.96,520.57,50.26,99.09,0.99,1,-1,-1
15,93,151.88,450.53,27.11,37.71,0.94,2,-1,-1
15,94,1052.22,305.76,20.04,39.42,0.95,10,-1,-1
15,97,1405.52,366.64,21.61,52.51,0.84,1,-1,-1
15,7,85.46,176.89,19.21,37.97,0.83,1,-1,-1
15,110,735.48,169.66,38.65,38.94,0.76,4,-1,-1
15,114,71.90,475.28,33.08,67.80,0.90,1,-1,-1
15,115,152.25,394.61,25.98,58.56,0.65,1,-1,-1
15,116,1172.63,423.12,26.21,60.96,0.68,1,-1,-1
15,117,1434.31,345.79,20.74,47.45,0.44,1,-1,-1
15,4,32.04,332.61,22.26,48.88,0.65,1,-1,-1
15,29,379.93,739.82,73.66,156.74,0.89,1,-1,-1
15,120,291.29,328.24,23.69,50.57,0.32,1,-1,-1
15,121,825.22,477.73,80.11,89.67,1.00,4,-1,-1
15,14,188.53,173.81,19.70,36.41,0.88,1,-1,-1
15,17,254.16,171.57,20.35,35.65,0.96,1,-1,-1
15,50,942.29,94.58,32.80,37.92,0.85,4,-1,-1
15,123,19.20,480.99,28.72,66.00,0.71,1,-1,-1
15,124,1189.72,397.50,24.24,51.78,0.31,2,-1,-1
15,102,1262.32,396.34,24.12,50.35,0.65,1,-1,-1
15,129,980.10,46.82,27.59,27.19,0.77,4,-1,-1
15,133,1587.03,507.72,40.21,47.79,0.83,2,-1,-1
15,5,31.35,351.55,26.05,47.21,0.63,1,-1,-1
15,134,1253.04,570.22,31.08,67.96,0.78,2,-1,-1
15,135,1455.37,391.93,22.09,55.55,0.32,1,-1,-1
15,136,1477.08,366.33,19.12,50.80,0.54,1,-1,-1
15,138,1580.67,520.50,59.54,73.91,0.80,2,-1,-1
15,139,58.43,438.07,29.08,67.18,0.68,1,-1,-1
15,142,1624.24,521.09,42.07,81.52,0.69,1,-1,-1
16,2,6.27,499.29,27.30,58.41,0.43,1,-1,-1
16,6,39.51,505.99,58.56,141.96,0.96,1,-1,-1
16,8,194.56,596.31,79.75,156.72,1.00,1,-1,-1
16,10,123.30,248.58,19.13,48.01,0.68,1,-1,-1
16,11,132.43,263.57,20.98,45.72,0.60,1,-1,-1
16,12,92.75,180.76,19.69,37.89,0.44,1,-1,-1
16,13,119.24,185.23,19.55,36.64,0.96,1,-1,-1
16,16,204.90,198.23,20.20,38.05,0.79,1,-1,-1
16,18,210.02,433.73,123.88,94.67,1.00,4,-1,-1
16,19,342.69,252.77,18.96,41.42,0.89,1,-1,-1
16,20,280.49,459.90,116.74,104.34,0.99,4,-1,-1
16,21,329.03,346.71,105.80,77.19,0.99,4,-1,-1
16,23,529.20,675.65,65.00,152.31,0.97,1,-1,-1
16,24,565.08,638.87,67.67,150.03,0.99,1,-1,-1
16,25,416.43,293.68,78.08,56.84,0.98,4,-1,-1
16,26,414.77,362.08,92.18,75.91,0.99,4,-1,-1
16,27,499.43,237.85,62.49,52.38,0.98,4,-1,-1
16,30,507.03,266.09,86.21,86.38,0.98,5,-1,-1
16,31,512.91,354.39,89.34,85.63,0.98,4,-1,-1
16,32,555.57,215.37,51.38,40.70,0.96,4,-1,-1
16,33,579.17,244.24,58.61,47.26,0.95,4,-1,-1
16,34,608.07,282.72,67.63,55.59,0.98,4,-1,-1
16,35,620.64,305.06,74.89,64.91,0.99,4,-1,-1
16,36,629.67,346.22,79.55,82.53,0.99,4,-1,-1
16,37,655.56,238.83,56.29,51.12,0.96,4,-1,-1
16,38,796.39,307.61,59.38,53.88,1.00,4,-1,-1
16,39,724.23,242.68,50.30,48.99,0.97,4,-1,-1
16,40,756.24,207.06,44.27,40.41,0.85,4,-1,-1
16,41,777.17,181.43,38.29,33.33,0.94,4,-1,-1
16,42,837.40,225.85,47.96,45.91,1.00,4,-1,-1
16,43,873.82,330.95,58.63,57.77,1.00,4,-1,-1
16,44,880.58,158.40,35.82,33.77,1.00,4,-1,-1
16,45,908.96,206.56,39.75,42.30,1.00,4,-1,-1
16,46,911.32,121.10,31.34,28.83,0.98,4,-1,-1
16,47,916.34,87.46,27.45,25.86,0.98,4,-1,-1
16,49,959.28,222.13,44.37,43.06,0.99,4,-1,-1
16,52,981.49,354.24,61.98,63.19,1.00,4,-1,-1
16,53,986.04,77.33,25.09,23.34,0.95,4,-1,-1
16,54,988.55,104.43,28.59,26.61,0.99,4,-1,-1
16,55,1038.38,188.62,39.32,33.17,0.69,4,-1,-1
16,56,1039.36,213.62,49.02,43.90,0.80,4,-1,-1
16,57,1054.33,295.57,18.05,34.98,0.91,2,-1,-1
16,58,1087.68,353.75,66.20,60.42,0.98,4,-1,-1
16,59,1101.14,409.04,71.63,66.96,0.99,4,-1,-1
16,60,1104.43,467.79,74.60,78.15,1.00,4,-1,-1
16,61,1205.51,537.57,27.74,69.72,0.81,1,-1,-1
16,62,1218.22,461.72,26.29,57.61,0.64,2,-1,-1
16,63,1239.90,555.63,30.99,64.52,0.54,2,-1,-1
16,64,1253.69,570.03,31.06,64.95,0.74,2,-1,-1
16,65,1296.53,396.32,22.35,56.63,0.93,1,-1,-1
16,66,1311.13,395.27,21.54,54.68,0.87,1,-1,-1
16,67,1240.22,624.30,65.26,142.61,0.93,1,-1,-1
16,69,1349.07,391.62,21.52,55.00,0.94,1,-1,-1
16,70,1362.64,496.60,23.93,61.31,0.93,1,-1,-1
16,71,1367.61,301.78,88.42,69.35,0.88,4,-1,-1
16,72,1377.95,498.26,26.35,69.92,0.98,1,-1,-1
16,73,1381.89,366.69,23.96,56.00,0.95,1,-1,-1
16,74,1397.05,501.20,29.10,65.66,0.97,1,-1,-1
16,77,1416.17,406.33,23.90,56.70,0.97,1,-1,-1
16,78,1404.41,215.88,19.13,41.05,0.23,1,-1,-1
16,79,1428.07,384.07,21.52,54.16,0.77,1,-1,-1
16,80,1408.12,233.29,16.69,39.59,0.27,1,-1,-1
16,81,1414.14,217.20,16.70,39.06,0.33,1,-1,-1
16,82,1448.75,368.55,19.15,51.23,0.38,1,-1,-1
16,83,1435.85,404.23,26.29,61.34,0.97,1,-1,-1
16,84,1614.61,613.69,67.60,129.96,0.97,1,-1,-1
16,85,1469.08,409.76,23.87,56.55,0.81,1,-1,-1
16,86,1484.44,414.92,23.91,52.43,0.46,1,-1,-1
16,87,1481.57,507.56,32.69,77.37,0.99,1,-1,-1
16,88,1510.34,513.32,32.01,68.23,0.95,1,-1,-1
16,89,1676.71,667.33,64.66,143.79,1.00,1,-1,-1
16,90,1523.09,460.93,30.02,63.26,0.97,1,-1,-1
16,91,1595.99,518.30,44.21,52.99,0.58,2,-1,-1
16,92,1660.94,521.49,50.10,97.99,0.98,1,-1,-1
16,93,152.20,449.98,27.38,38.06,0.94,2,-1,-1
16,94,1053.07,304.05,19.44,38.28,0.94,10,-1,-1
16,97,1404.72,364.75,21.61,54.60,0.86,1,-1,-1
16,7,88.96,176.17,18.63,37.78,0.84,1,-1,-1
16,110,735.72,169.73,38.38,38.95,0.76,4,-1,-1
16,114,71.17,474.59,34.19,69.61,0.81,1,-1,-1
16,115,152.43,394.25,26.22,58.83,0.71,1,-1,-1
16,116,1172.66,422.67,26.28,61.00,0.68,1,-1,-1
16,117,1436.05,345.56,19.75,48.49,0.42,1,-1,-1
16,4,32.76,332.16,22.37,50.07,0.53,1,-1,-1
16,29,370.07,738.38,73.35,156.18,0.97,1,-1,-1
16,120,291.09,327.64,23.92,51.18,0.19,1,-1,-1
16,121,827.84,467.42,78.82,87.82,1.00,4,-1,-1
16,14,188.79,174.13,20.11,36.44,0.63,1,-1,-1
16,17,256.51,172.48,20.33,35.40,0.77,1,-1,-1
16,50,942.66,94.07,32.34,36.35,0.85,4,-1,-1
16,123,19.25,480.63,29.15,66.68,0.78,1,-1,-1
16,124,1189.61,397.22,24.79,51.63,0.57,2,-1,-1
16,102,1262.34,396.45,24.04,49.55,0.62,1,-1,-1
16,129,979.63,47.87,27.51,25.25,0.72,4,-1,-1
16,133,1588.23,507.54,39.13,47.64,0.90,2,-1,-1
16,5,27.86,354.75,24.49,46.60,0.23,1,-1,-1
16,134,1252.78,569.67,31.08,69.13,0.36,1,-1,-1
16,135,1455.93,391.65,23.37,56.82,0.62,1,-1,-1
16,136,1477.48,365.87,19.13,51.27,0.49,1,-1,-1
16,138,1579.74,520.96,60.72,73.12,0.67,2,-1,-1
16,139,58.74,437.83,29.29,68.82,0.76,1,-1,-1
16,142,1628.88,521.34,39.22,81.80,0.73,1,-1,-1
17,2,6.91,499.04,27.73,59.26,0.46,1,-1,-1
17,6,39.40,504.61,59.36,142.88,0.96,1,-1,-1
17,8,204.24,595.74,73.53,157.47,0.99,1,-1,-1
17,10,124.15,248.22,19.06,48.40,0.61,1,-1,-1
17,11,134.40,263.04,20.86,45.47,0.64,1,-1,-1
17,12,93.57,181.77,19.33,37.81,0.82,1,-1,-1
17,13,118.33,185.04,18.89,36.58,0.96,1,-1,-1
17,16,203.95,198.40,20.08,38.00,0.85,1,-1,-1
17,18,206.27,435.91,124.69,96.28,0.99,4,-1,-1
17,19,343.70,252.39,17.88,41.28,0.90,1,-1,-1
17,20,275.90,464.23,117.49,101.26,1.00,4,-1,-1
17,21,326.69,348.28,105.97,77.67,0.99,4,-1,-1
17,23,537.40,679.39,68.19,151.46,0.99,1,-1,-1
17,24,573.17,638.26,62.03,152.08,0.97,1,-1,-1
17,25,415.01,294.40,77.99,57.29,0.99,4,-1,-1
17,26,411.96,364.26,92.73,76.53,0.99,4,-1,-1
17,27,499.02,238.31,62.02,52.21,0.98,4,-1,-1
17,30,506.12,267.48,86.25,85.87,0.99,5,-1,-1
17,31,510.02,357.50,89.38,85.38,0.97,4,-1,-1
17,32,555.80,215.38,51.82,40.74,0.96,4,-1,-1
17,33,577.98,245.26,59.05,47.50,0.96,4,-1,-1
17,34,607.62,283.12,67.45,55.32,1.00,4,-1,-1
17,35,617.50,306.87,76.05,65.63,0.99,4,-1,-1
17,36,627.86,348.21,80.04,82.67,0.99,4,-1,-1
17,37,654.68,239.37,57.08,51.20,0.97,4,-1,-1
17,38,799.66,301.94,58.45,53.46,1.00,4,-1,-1
17,39,723.82,243.70,50.30,49.10,0.98,4,-1,-1
17,40,755.74,207.53,45.06,40.82,0.90,4,-1,-1
17,41,777.13,181.51,38.29,33.44,0.95,4,-1,-1
17,42,840.18,222.18,46.86,45.20,1.00,4,-1,-1
17,43,875.43,324.80,58.23,57.55,1.00,4,-1,-1
17,44,881.87,155.85,35.73,33.64,1.00,4,-1,-1
17,45,909.92,204.46,39.39,41.66,1.00,4,-1,-1
17,46,912.69,119.58,31.08,28.68,0.98,4,-1,-1
17,47,916.98,86.08,27.45,25.82,0.98,4,-1,-1
17,49,960.27,219.49,44.09,42.28,1.00,4,-1,-1
17,52,982.45,351.01,60.40,62.30,0.99,4,-1,-1
17,53,986.23,76.45,25.08,23.27,0.98,4,-1,-1
17,54,988.99,103.62,27.80,26.49,0.99,4,-1,-1
17,55,1039.88,188.50,38.53,32.05,0.38,4,-1,-1
17,56,1039.00,212.92,49.00,43.91,0.81,4,-1,-1
17,57,1055.01,292.71,17.94,36.05,0.91,2,-1,-1
17,58,1087.51,353.36,66.68,60.79,0.99,4,-1,-1
17,59,1101.92,409.03,70.88,66.50,0.99,4,-1,-1
17,60,1105.02,467.83,74.26,77.85,1.00,4,-1,-1
17,61,1206.08,538.09,28.43,68.08,0.79,1,-1,-1
17,62,1218.27,461.61,26.29,57.13,0.60,2,-1,-1
17,63,1240.61,555.07,31.15,63.38,0.46,1,-1,-1
17,64,1253.95,569.41,31.14,66.93,0.50,1,-1,-1
17,65,1297.27,395.96,23.36,56.31,0.91,1,-1,-1
17,66,1311.57,394.87,21.54,53.74,0.79,1,-1,-1
17,67,1236.10,621.89,61.79,143.82,0.98,1,-1,-1
17,69,1349.36,392.69,21.52,54.25,0.93,1,-1,-1
17,70,1363.60,497.77,23.94,61.06,0.90,1,-1,-1
17,71,1369.24,301.46,86.84,69.26,0.91,4,-1,-1
17,72,1378.52,498.35,26.34,69.36,0.98,1,-1,-1
17,73,1381.91,366.23,23.96,56.57,0.95,1,-1,-1
17,74,1399.22,500.42,27.31,65.47,0.97,1,-1,-1
17,77,1416.48,405.33,23.90,55.54,0.97,1,-1,-1
17,78,1403.56,215.32,17.54,40.13,0.13,1,-1,-1
17,79,1430.29,383.94,21.47,53.13,0.81,1,-1,-1
17,80,1407.89,232.93,16.70,39.27,0.33,1,-1,-1
17,81,1413.06,216.52,16.70,37.11,0.31,1,-1,-1
17,82,1449.07,367.93,19.15,51.38,0.52,1,-1,-1
17,83,1435.66,403.97,26.29,60.69,0.98,1,-1,-1
17,84,1630.42,618.43,60.88,123.16,0.96,1,-1,-1
17,85,1469.01,408.02,23.87,57.44,0.72,1,-1,-1
17,86,1484.50,413.95,23.89,52.40,0.62,1,-1,-1
17,87,1480.89,506.31,31.68,77.06,0.99,1,-1,-1
17,88,1508.86,511.55,31.30,69.04,0.97,1,-1,-1
17,89,1689.55,665.73,61.21,145.23,0.99,1,-1,-1
17,90,1521.77,460.20,29.20,61.30,0.98,1,-1,-1
17,91,1600.35,517.44,41.80,47.58,0.91,2,-1,-1
17,92,1664.43,522.80,48.45,96.19,0.98,1,-1,-1
17,93,152.86,449.72,26.24,37.79,0.92,1,-1,-1
17,94,1054.20,301.34,18.40,37.85,0.95,10,-1,-1
17,97,1404.47,364.43,21.60,54.59,0.88,1,-1,-1
17,7,91.04,175.67,17.01,37.51,0.84,1,-1,-1
17,110,735.46,169.84,39.09,38.54,0.79,4,-1,-1
17,114,71.73,473.65,34.50,71.08,0.83,1,-1,-1
17,115,153.07,393.87,25.91,59.30,0.64,1,-1,-1
17,116,1173.51,422.69,25.50,60.21,0.59,1,-1,-1
17,117,1437.57,345.27,19.33,49.67,0.16,1,-1,-1
17,4,34.04,331.14,22.30,50.91,0.64,1,-1,-1
17,29,360.84,735.40,74.05,152.82,0.97,1,-1,-1
17,121,830.34,458.00,78.43,85.38,1.00,4,-1,-1
17,14,189.28,174.11,20.07,36.05,0.84,1,-1,-1
17,17,258.81,172.70,20.32,34.71,0.86,1,-1,-1
17,50,943.23,92.85,32.18,36.11,0.93,4,-1,-1
17,123,19.27,480.03,30.37,67.73,0.78,1,-1,-1
17,124,1190.41,397.31,24.16,51.16,0.38,2,-1,-1
17,102,1263.18,396.48,24.01,48.84,0.65,1,-1,-1
17,129,980.37,47.16,26.65,24.96,0.51,4,-1,-1
17,133,1590.34,506.64,38.66,46.34,0.95,2,-1,-1
17,5,23.31,356.40,24.81,46.80,0.24,1,-1,-1
17,134,1252.73,569.48,32.81,75.06,0.30,2,-1,-1
17,135,1456.97,390.07,23.76,56.80,0.69,1,-1,-1
17,136,1477.59,365.28,19.12,50.96,0.35,1,-1,-1
17,138,1581.32,520.13,59.09,73.91,0.52,2,-1,-1
17,139,59.76,437.71,28.96,69.39,0.80,1,-1,-1
17,142,1627.69,520.27,40.09,80.03,0.52,1,-1,-1
17,143,173.02,298.83,23.31,46.62,0.61,2,-1,-1
17,144,1203.68,539.68,37.05,64.55,0.62,10,-1,-1
17,145,1628.02,622.76,52.59,65.74,0.79,2,-1,-1
17,118,1502.22,542.16,36.02,69.37,0.52,2,-1,-1
17,119,92.76,327.06,23.96,44.98,0.65,2,-1,-1
18,2,7.18,498.78,27.72,58.40,0.29,1,-1,-1
18,6,40.10,504.73,59.83,142.21,0.96,1,-1,-1
18,8,212.48,595.53,68.95,158.54,1.00,1,-1,-1
18,10,123.59,246.70,17.75,46.78,0.61,1,-1,-1
18,11,136.09,262.39,19.92,44.08,0.65,1,-1,-1
18,12,91.34,179.36,18.79,39.74,0.90,1,-1,-1
18,13,117.23,184.62,19.35,36.74,0.95,1,-1,-1
18,16,202.66,198.59,21.03,38.17,0.83,1,-1,-1
18,18,203.03,438.44,125.56,96.47,1.00,4,-1,-1
18,19,344.27,252.28,17.88,40.84,0.89,1,-1,-1
18,20,271.20,467.12,117.74,98.84,0.99,4,-1,-1
18,21,324.12,350.22,106.41,77.44,0.99,4,-1,-1
18,23,543.96,679.65,71.92,151.88,0.99,1,-1,-1
18,24,581.67,637.62,56.87,150.47,0.99,1,-1,-1
18,25,413.16,295.14,78.33,57.74,0.99,4,-1,-1
18,26,408.84,366.61,93.70,77.14,0.99,4,-1,-1
18,27,498.10,238.38,63.00,52.13,0.98,4,-1,-1
18,30,504.63,268.08,87.04,86.75,0.98,5,-1,-1
18,31,506.86,359.59,90.55,86.83,0.96,4,-1,-1
18,32,556.08,215.30,51.99,40.74,0.96,4,-1,-1
18,33,577.18,246.11,58.81,47.98,0.96,4,-1,-1
18,34,607.27,283.36,67.96,55.11,0.99,4,-1,-1
18,35,614.41,308.69,76.48,66.66,0.99,4,-1,-1
18,36,626.44,350.28,80.22,83.88,0.99,4,-1,-1
18,37,654.75,239.95,56.59,51.02,0.96,4,-1,-1
18,38,803.09,295.80,57.35,52.84,1.00,4,-1,-1
18,39,723.28,245.24,50.29,48.74,0.98,4,-1,-1
18,40,755.56,208.09,45.36,40.96,0.87,4,-1,-1
18,41,777.49,181.43,38.28,33.47,0.95,4,-1,-1
18,42,842.30,218.58,46.48,44.36,1.00,4,-1,-1
18,43,877.14,319.39,58.13,56.70,1.00,4,-1,-1
18,44,883.87,153.80,34.91,33.20,1.00,4,-1,-1
18,45,911.81,201.97,38.48,41.04,0.99,4,-1,-1
18,46,913.93,117.92,31.00,27.93,0.99,4,-1,-1
18,47,917.97,84.66,27.45,25.71,0.98,4,-1,-1
18,49,961.37,216.65,44.01,41.61,0.99,4,-1,-1
18,52,983.17,347.74,59.82,61.59,1.00,4,-1,-1
18,53,986.68,75.57,25.08,23.07,0.96,4,-1,-1
18,54,989.14,102.99,27.51,26.05,0.99,4,-1,-1
18,55,1040.37,187.96,38.24,31.45,0.54,4,-1,-1
18,56,1038.86,212.06,48.99,43.91,0.83,4,-1,-1
18,57,1055.22,290.24,17.91,34.39,0.89,2,-1,-1
18,58,1088.23,353.20,66.08,60.92,0.99,4,-1,-1
18,59,1102.60,408.81,70.61,66.33,0.99,4,-1,-1
18,60,1105.63,467.63,74.14,77.73,1.00,4,-1,-1
18,61,1206.29,539.05,26.36,65.44,0.80,1,-1,-1
18,62,1219.06,461.55,26.29,58.52,0.65,2,-1,-1
18,63,1240.09,554.85,31.20,62.18,0.56,1,-1,-1
18,64,1254.04,568.77,31.16,68.82,0.53,1,-1,-1
18,65,1299.09,395.21,23.72,57.78,0.88,1,-1,-1
18,66,1311.70,393.93,23.12,53.38,0.75,1,-1,-1
18,67,1233.29,619.81,55.57,145.86,0.97,1,-1,-1
18,69,1349.47,392.45,21.52,54.36,0.96,1,-1,-1
18,70,1364.74,498.54,22.36,61.36,0.94,1,-1,-1
18,71,1369.83,301.41,86.24,68.92,0.94,4,-1,-1
18,72,1380.27,498.95,26.34,69.51,0.98,1,-1,-1
18,73,1381.91,365.83,23.96,57.17,0.96,1,-1,-1
18,74,1400.79,500.30,26.62,65.38,0.97,1,-1,-1
18,77,1417.37,404.35,23.90,55.10,0.96,1,-1,-1
18,79,1430.26,383.27,23.05,54.34,0.70,1,-1,-1
18,81,1412.68,215.75,16.70,37.18,0.17,1,-1,-1
18,82,1449.15,366.89,19.14,51.03,0.48,1,-1,-1
18,83,1435.58,403.68,26.29,60.05,0.98,1,-1,-1
18,84,1639.92,617.79,60.00,126.21,0.98,1,-1,-1
18,85,1468.99,408.35,23.88,56.60,0.78,1,-1,-1
18,86,1484.53,412.19,23.89,54.01,0.72,1,-1,-1
18,87,1480.68,505.07,31.28,77.30,0.99,1,-1,-1
18,88,1508.35,509.33,31.06,70.90,0.95,1,-1,-1
18,89,1694.57,665.14,64.92,144.19,0.98,1,-1,-1
18,90,1521.32,458.75,27.28,62.17,0.98,1,-1,-1
18,91,1604.32,517.15,39.29,47.32,0.62,2,-1,-1
18,92,1666.43,524.44,47.86,94.32,0.99,1,-1,-1
18,93,153.43,449.65,26.01,37.69,0.95,2,-1,-1
18,94,1054.57,299.14,18.83,36.99,0.91,10,-1,-1
18,97,1403.60,363.52,21.60,55.75,0.89,1,-1,-1
18,7,93.36,176.02,18.80,38.80,0.84,1,-1,-1
18,110,735.75,169.59,39.35,38.58,0.74,4,-1,-1
18,114,72.34,472.31,34.61,72.02,0.73,1,-1,-1
18,115,153.81,393.55,25.58,59.84,0.58,1,-1,-1
18,116,1174.23,422.29,25.21,59.90,0.58,1,-1,-1
18,117,1437.28,344.14,19.18,50.50,0.29,1,-1,-1
18,4,36.12,330.59,22.02,52.02,0.63,1,-1,-1
18,29,351.60,733.89,75.92,149.21,0.97,1,-1,-1
18,121,833.98,448.74,76.71,83.54,0.99,4,-1,-1
18,14,189.66,173.93,20.45,35.90,0.85,1,-1,-1
18,17,260.20,171.12,20.91,35.64,0.94,1,-1,-1
18,50,944.20,91.89,31.34,35.54,0.96,4,-1,-1
18,123,19.46,479.24,30.49,67.71,0.66,1,-1,-1
18,124,1191.09,397.53,23.11,50.56,0.53,2,-1,-1
18,102,1263.48,396.07,23.99,48.16,0.64,1,-1,-1
18,129,980.22,46.45,26.34,24.72,0.51,4,-1,-1
18,133,1592.72,505.70,36.82,46.34,0.97,2,-1,-1
18,134,1251.07,569.00,35.04,89.58,0.28,2,-1,-1
18,135,1458.96,389.31,23.89,56.37,0.66,1,-1,-1
18,136,1480.18,363.77,17.39,49.12,0.42,1,-1,-1
18,138,1597.33,518.72,46.40,73.36,0.63,2,-1,-1
18,139,60.59,437.49,28.60,69.52,0.73,1,-1,-1
18,142,1628.16,520.36,42.17,80.37,0.58,1,-1,-1
18,143,172.39,299.50,22.11,45.66,0.73,2,-1,-1
18,144,1211.86,536.04,28.93,65.98,0.51,1,-1,-1
18,118,1503.76,540.07,35.75,70.98,0.57,1,-1,-1
18,119,88.93,328.82,24.69,44.79,0.71,1,-1,-1
18,146,99.66,177.65,17.33,37.65,0.76,1,-1,-1
18,147,153.60,449.74,25.40,37.65,0.79,1,-1,-1
18,148,1345.92,366.66,21.52,52.00,0.72,1,-1,-1
19,2,7.47,498.08,28.14,60.46,0.26,1,-1,-1
19,6,42.10,505.00,57.96,140.54,0.97,1,-1,-1
19,8,220.43,595.43,65.07,158.15,0.99,1,-1,-1
19,10,128.92,250.52,17.24,44.55,0.63,1,-1,-1
19,11,138.72,261.45,19.41,43.15,0.53,1,-1,-1
19,12,89.51,180.57,19.50,39.88,0.63,1,-1,-1
19,13,116.27,184.16,19.91,37.20,0.90,1,-1,-1
19,16,201.72,198.93,21.77,37.84,0.77,1,-1,-1
19,18,199.57,440.50,126.83,97.31,1.00,4,-1,-1
19,19,344.65,252.05,17.88,40.47,0.87,1,-1,-1
19,20,266.74,471.04,118.48,96.73,0.99,4,-1,-1
19,21,322.05,351.87,106.56,77.73,0.99,4,-1,-1
19,23,551.83,680.52,70.82,151.24,0.99,1,-1,-1
19,24,590.72,638.15,57.76,146.68,0.99,1,-1,-1
19,25,411.74,296.16,78.05,58.30,0.99,4,-1,-1
19,26,404.41,369.78,96.00,76.95,0.99,4,-1,-1
19,27,496.79,238.98,63.76,51.70,0.98,4,-1,-1
19,30,503.14,268.74,88.11,87.57,0.98,5,-1,-1
19,31,504.19,362.05,91.37,88.14,0.91,4,-1,-1
19,32,556.19,215.25,52.05,40.74,0.94,4,-1,-1
19,33,576.15,246.98,59.11,48.35,0.97,4,-1,-1
19,34,607.16,283.52,68.15,54.93,0.99,4,-1,-1
19,35,612.14,310.50,76.63,67.04,0.99,4,-1,-1
19,36,624.38,352.37,81.05,84.72,0.97,4,-1,-1
19,37,654.82,241.12,56.39,50.55,0.96,4,-1,-1
19,38,807.01,290.02,56.19,51.85,1.00,4,-1,-1
19,39,722.71,246.67,50.29,48.99,0.99,4,-1,-1
19,40,755.11,208.58,45.46,41.01,0.93,4,-1,-1
19,41,777.64,181.59,38.28,33.29,0.96,4,-1,-1
19,42,845.01,215.11,46.37,43.27,1.00,4,-1,-1
19,43,878.89,313.85,57.33,56.03,1.00,4,-1,-1
19,44,885.76,151.68,33.82,32.50,0.99,4,-1,-1
19,45,913.28,199.85,38.16,40.23,0.99,4,-1,-1
19,46,915.16,116.57,30.97,27.26,0.99,4,-1,-1
19,47,919.13,83.67,26.66,25.08,0.98,4,-1,-1
19,49,962.13,212.92,44.00,41.79,1.00,4,-1,-1
19,52,983.44,343.66,59.63,61.36,0.99,4,-1,-1
19,53,987.26,75.52,24.29,22.30,0.95,4,-1,-1
19,54,989.22,102.47,27.42,25.69,0.98,4,-1,-1
19,55,1041.33,187.78,37.35,30.44,0.45,4,-1,-1
19,56,1038.83,211.16,49.79,44.31,0.75,4,-1,-1
19,57,1055.69,287.74,17.90,34.24,0.94,2,-1,-1
19,58,1088.50,352.55,65.85,61.76,0.99,4,-1,-1
19,59,1103.26,408.34,70.51,66.67,0.99,4,-1,-1
19,60,1106.26,467.57,74.10,77.30,1.00,4,-1,-1
19,61,1206.76,539.80,25.12,63.23,0.82,1,-1,-1
19,62,1220.16,461.35,26.29,58.26,0.72,2,-1,-1
19,63,1241.47,554.60,29.64,60.36,0.44,1,-1,-1
19,64,1255.67,568.75,29.59,66.61,0.46,1,-1,-1
19,65,1300.56,394.56,23.86,57.54,0.87,1,-1,-1
19,66,1311.77,393.22,22.17,52.85,0.63,1,-1,-1
19,67,1227.69,617.49,56.58,149.79,0.97,1,-1,-1
19,69,1349.55,392.34,21.52,54.40,0.93,1,-1,-1
19,70,1365.18,499.40,23.37,61.48,0.93,1,-1,-1
19,71,1370.86,301.31,86.03,69.09,0.94,4,-1,-1
19,72,1381.72,499.78,26.33,69.56,0.98,1,-1,-1
19,73,1381.94,365.70,23.95,57.39,0.93,1,-1,-1
19,74,1402.16,500.48,26.38,66.51,0.94,1,-1,-1
19,77,1417.73,403.24,23.90,55.35,0.96,1,-1,-1
19,79,1431.83,382.65,23.63,55.18,0.66,1,-1,-1
19,82,1450.77,365.93,19.14,50.50,0.47,1,-1,-1
19,83,1435.60,403.62,26.29,59.82,0.98,1,-1,-1
19,84,1644.66,618.36,62.93,125.73,0.95,1,-1,-1
19,85,1469.03,406.35,23.88,57.07,0.54,1,-1,-1
19,86,1484.58,411.97,23.89,53.43,0.67,1,-1,-1
19,87,1480.68,503.10,31.13,77.38,0.99,1,-1,-1
19,88,1507.44,506.81,30.98,72.38,0.97,1,-1,-1
19,89,1699.47,666.60,70.93,142.20,0.99,1,-1,-1
19,90,1520.44,458.27,26.55,61.71,0.98,1,-1,-1
19,91,1606.53,516.66,38.40,45.61,0.75,2,-1,-1
19,92,1671.14,526.85,44.44,83.79,0.97,1,-1,-1
19,93,154.72,449.02,25.74,38.05,0.75,2,-1,-1
19,94,1055.11,297.35,18.99,36.17,0.97,10,-1,-1
19,97,1403.32,363.20,21.59,56.18,0.85,1,-1,-1
19,7,94.11,178.39,17.64,39.08,0.43,1,-1,-1
19,110,736.26,169.59,39.44,38.39,0.72,4,-1,-1
19,114,73.09,473.36,34.63,71.97,0.59,1,-1,-1
19,115,154.65,393.24,25.06,59.63,0.40,1,-1,-1
19,116,1175.31,421.96,25.11,59.79,0.56,1,-1,-1
19,117,1436.38,343.53,19.13,50.02,0.32,1,-1,-1
19,4,37.50,330.18,21.66,53.23,0.53,1,-1,-1
19,29,342.14,732.14,78.60,148.76,0.86,1,-1,-1
19,121,837.23,439.34,75.33,81.20,0.99,4,-1,-1
19,14,190.68,173.74,20.39,35.26,0.83,1,-1,-1
19,17,262.24,171.01,20.54,34.81,0.94,1,-1,-1
19,50,944.55,90.57,31.04,35.16,0.96,4,-1,-1
19,123,19.75,479.55,29.43,67.29,0.47,1,-1,-1
19,124,1192.16,397.43,22.74,50.34,0.32,2,-1,-1
19,102,1264.41,395.93,23.98,46.71,0.25,1,-1,-1
19,129,980.61,46.87,25.42,23.57,0.57,4,-1,-1
19,133,1594.40,505.00,36.13,44.71,0.98,2,-1,-1
19,135,1460.50,389.72,23.94,55.39,0.62,1,-1,-1
19,136,1481.96,362.22,16.80,48.49,0.51,1,-1,-1
19,138,1589.38,519.32,56.40,73.65,0.30,2,-1,-1
19,139,61.33,437.41,28.24,68.67,0.71,1,-1,-1
19,142,1633.38,519.12,39.50,77.91,0.38,1,-1,-1
19,143,171.22,300.31,21.88,48.72,0.43,2,-1,-1
19,144,1216.05,535.11,26.74,65.34,0.72,1,-1,-1
19,118,1505.10,539.82,35.65,70.29,0.94,1,-1,-1
19,119,85.89,330.38,24.64,43.51,0.66,1,-1,-1
19,147,154.64,448.96,25.64,38.13,0.76,1,-1,-1
19,148,1346.00,366.62,21.52,52.47,0.63,1,-1,-1
19,149,684.91,210.52,43.03,39.74,0.76,4,-1,-1
19,150,767.99,938.32,138.66,131.48,0.92,4,-1,-1
19,151,1192.92,565.38,28.69,48.41,0.66,2,-1,-1
19,152,1644.75,622.16,52.59,63.35,0.94,2,-1,-1
20,2,7.75,497.49,27.93,60.44,0.42,1,-1,-1
20,6,42.84,502.82,57.59,142.64,0.98,1,-1,-1
20,8,228.17,595.63,66.41,161.75,0.99,1,-1,-1
20,10,131.38,250.75,18.57,43.70,0.56,1,-1,-1
20,11,140.20,259.57,19.63,43.81,0.46,1,-1,-1
20,12,88.51,181.13,19.46,38.94,0.65,1,-1,-1
20,13,114.86,184.25,20.41,37.17,0.75,1,-1,-1
20,16,200.89,199.31,22.24,37.92,0.68,1,-1,-1
20,18,196.60,442.62,127.49,97.21,1.00,4,-1,-1
20,19,344.96,251.33,17.88,40.74,0.85,1,-1,-1
20,20,261.87,476.00,119.12,95.14,0.99,4,-1,-1
20,21,318.97,353.08,108.18,79.01,0.99,4,-1,-1
20,23,560.00,680.47,70.76,153.34,0.98,1,-1,-1
20,24,600.12,639.18,62.92,142.84,0.98,1,-1,-1
20,25,410.45,296.95,77.93,59.28,0.99,4,-1,-1
20,26,401.24,372.14,97.25,77.25,0.99,4,-1,-1
20,27,495.90,239.43,62.47,52.13,0.98,4,-1,-1
20,30,501.42,269.49,88.90,88.17,0.97,5,-1,-1
20,31,501.68,365.49,91.66,88.22,0.94,4,-1,-1
20,32,556.60,215.27,52.07,40.73,0.97,4,-1,-1
20,33,575.19,247.89,59.42,48.67,0.97,4,-1,-1
20,34,607.11,283.80,69.00,54.27,0.99,4,-1,-1
20,35,609.18,312.94,77.66,67.16,0.99,4,-1,-1
20,36,622.07,354.31,82.15,85.41,0.99,4,-1,-1
20,37,654.05,241.67,57.10,50.76,0.95,4,-1,-1
20,38,810.27,284.38,55.01,51.53,1.00,4,-1,-1
20,39,722.10,247.80,50.28,49.27,0.99,4,-1,-1
20,40,754.92,208.98,45.50,41.22,0.93,4,-1,-1
20,41,777.67,181.77,38.28,33.22,0.96,4,-1,-1
20,42,847.10,211.11,46.35,43.70,1.00,4,-1,-1
20,43,880.63,308.49,57.08,55.42,1.00,4,-1,-1
20,44,887.16,149.72,33.43,31.86,0.99,4,-1,-1
20,45,914.55,197.38,37.26,39.74,0.99,4,-1,-1
20,46,916.34,114.80,30.18,27.02,0.98,4,-1,-1
20,47,919.90,82.43,26.37,24.34,0.96,4,-1,-1
20,49,963.53,209.99,44.01,41.47,1.00,4,-1,-1
20,52,983.90,340.31,59.58,60.90,0.99,4,-1,-1
20,53,987.04,75.16,23.99,22.08,0.95,4,-1,-1
20,54,989.63,101.59,27.39,25.56,0.98,4,-1,-1
20,55,1042.02,187.14,36.23,29.89,0.50,4,-1,-1
20,56,1038.02,210.36,50.87,44.86,0.82,4,-1,-1
20,57,1057.02,285.65,16.31,32.89,0.96,2,-1,-1
20,58,1088.98,352.33,65.76,61.68,0.99,4,-1,-1
20,59,1103.48,408.19,71.27,67.20,0.99,4,-1,-1
20,60,1106.47,467.78,74.09,77.13,1.00,4,-1,-1
20,61,1206.91,539.88,24.67,63.63,0.85,1,-1,-1
20,62,1220.16,461.30,26.69,57.36,0.80,2,-1,-1
20,63,1241.18,554.53,30.63,60.52,0.44,1,-1,-1
20,64,1256.27,568.78,28.98,65.71,0.42,1,-1,-1
20,65,1302.63,394.34,23.91,56.66,0.84,1,-1,-1
20,66,1312.53,393.19,21.77,53.05,0.76,1,-1,-1
20,67,1223.03,616.28,54.93,148.15,0.96,1,-1,-1
20,69,1348.78,392.89,21.52,54.41,0.92,1,-1,-1
20,70,1365.33,500.09,23.73,61.92,0.93,1,-1,-1
20,71,1371.22,301.68,85.97,68.96,0.79,4,-1,-1
20,72,1382.22,500.90,26.33,69.55,0.98,1,-1,-1
20,73,1381.93,365.28,23.95,57.47,0.93,1,-1,-1
20,74,1402.61,501.56,26.29,66.93,0.94,1,-1,-1
20,77,1418.64,402.27,23.90,55.45,0.96,1,-1,-1
20,79,1433.95,381.45,22.30,54.71,0.79,1,-1,-1
20,82,1451.34,366.20,19.14,49.91,0.36,1,-1,-1
20,83,1434.81,403.64,27.88,60.13,0.98,1,-1,-1
20,84,1649.36,618.18,67.13,126.35,0.98,1,-1,-1
20,85,1469.05,405.45,23.89,56.47,0.69,1,-1,-1
20,86,1485.40,405.78,23.89,56.79,0.53,1,-1,-1
20,87,1479.91,501.45,31.08,76.59,0.99,1,-1,-1
20,88,1507.13,504.95,30.96,72.93,0.94,1,-1,-1
20,89,1704.99,667.22,74.74,141.44,0.99,1,-1,-1
20,90,1517.73,457.76,27.91,61.54,0.97,1,-1,-1
20,91,1607.23,515.89,39.74,47.28,0.54,2,-1,-1
20,92,1672.76,528.14,46.50,82.36,0.97,1,-1,-1
20,94,1055.66,295.52,19.06,36.18,0.96,10,-1,-1
20,97,1403.22,362.91,21.58,56.72,0.89,1,-1,-1
20,7,99.35,176.91,17.99,39.77,0.64,1,-1,-1
20,110,736.82,169.53,38.69,38.12,0.78,4,-1,-1
20,114,73.71,473.81,34.71,72.72,0.62,1,-1,-1
20,116,1174.88,421.66,25.87,60.55,0.59,1,-1,-1
20,117,1433.61,342.32,19.11,49.42,0.49,1,-1,-1
20,4,37.67,328.92,22.13,55.24,0.63,1,-1,-1
20,29,331.81,731.56,81.57,160.68,0.92,1,-1,-1
20,121,840.71,430.71,73.26,79.06,1.00,4,-1,-1
20,14,191.43,173.53,20.76,35.82,0.86,1,-1,-1
20,17,263.80,170.54,21.00,34.69,0.90,1,-1,-1
20,50,945.04,89.35,30.94,34.84,0.96,4,-1,-1
20,123,20.01,479.13,29.03,66.31,0.74,1,-1,-1
20,124,1192.92,397.21,23.44,50.25,0.46,2,-1,-1
20,102,1264.74,396.10,23.97,46.18,0.50,1,-1,-1
20,129,980.32,47.11,25.10,22.92,0.52,4,-1,-1
20,133,1594.94,504.38,37.54,46.23,0.98,2,-1,-1
20,135,1462.64,388.88,23.95,54.63,0.66,1,-1,-1
20,136,1481.62,361.52,18.34,49.55,0.38,1,-1,-1
20,138,1587.49,518.92,60.53,73.79,0.48,2,-1,-1
20,139,61.82,437.02,28.37,68.35,0.69,1,-1,-1
20,142,1637.81,517.86,38.50,77.52,0.52,2,-1,-1
20,143,169.49,302.10,22.04,49.63,0.46,2,-1,-1
20,144,1219.59,535.77,27.68,64.66,0.72,1,-1,-1
20,118,1504.71,539.16,37.26,70.42,0.82,1,-1,-1
20,119,82.36,331.95,25.11,44.28,0.48,1,-1,-1
20,148,1346.02,366.15,21.52,52.57,0.59,1,-1,-1
20,149,684.51,210.61,43.99,40.46,0.76,4,-1,-1
20,150,767.59,897.65,138.66,172.60,0.85,4,-1,-1
20,151,1192.04,565.82,29.64,49.37,0.63,2,-1,-1
20,153,0.49,614.39,54.42,161.37,0.96,1,-1,-1
20,154,1537.17,543.57,40.64,63.95,0.66,1,-1,-1
21,2,9.22,497.37,26.86,59.64,0.27,1,-1,-1
21,6,43.69,500.75,56.62,144.00,0.98,1,-1,-1
21,8,236.23,597.35,69.61,160.73,1.00,1,-1,-1
21,10,134.97,250.64,18.86,44.00,0.53,1,-1,-1
21,11,142.12,258.20,19.96,44.26,0.38,1,-1,-1
21,12,86.69,182.65,18.96,36.38,0.55,1,-1,-1
21,13,112.29,183.01,20.90,37.74,0.52,1,-1,-1
21,16,199.61,199.73,22.62,38.34,0.23,1,-1,-1
21,18,193.53,444.81,127.61,97.93,1.00,4,-1,-1
21,19,345.02,250.95,18.29,40.65,0.83,1,-1,-1
21,20,257.72,480.97,119.04,91.35,0.99,4,-1,-1
21,21,316.10,354.93,108.78,79.08,0.99,4,-1,-1
21,23,569.29,680.50,67.77,152.54,0.98,1,-1,-1
21,24,608.48,639.20,69.45,144.64,0.99,1,-1,-1
21,25,408.81,298.66,78.27,59.25,0.99,4,-1,-1
21,26,398.15,374.61,97.31,78.51,0.99,4,-1,-1
21,27,494.77,240.05,62.74,52.48,0.98,4,-1,-1
21,30,499.80,271.68,88.80,87.69,0.98,5,-1,-1
21,31,498.65,368.94,92.14,88.22,0.97,4,-1,-1
21,32,556.52,215.35,52.46,40.91,0.97,4,-1,-1
21,33,574.25,249.25,59.72,48.79,0.97,4,-1,-1
21,34,606.68,284.04,69.32,54.71,0.98,4,-1,-1
21,35,606.15,315.25,78.43,68.36,0.99,4,-1,-1
21,36,620.04,356.81,82.55,86.43,0.98,4,-1,-1
21,37,653.35,242.40,57.36,50.83,0.94,4,-1,-1
21,38,813.70,279.41,53.82,50.84,1.00,4,-1,-1
21,39,721.86,249.03,50.27,49.95,0.98,4,-1,-1
21,40,754.83,209.56,45.51,41.88,0.93,4,-1,-1
21,41,777.64,182.18,38.28,33.39,0.96,4,-1,-1
21,42,849.35,207.73,45.57,42.88,1.00,4,-1,-1
21,43,883.17,302.99,56.22,55.63,1.00,4,-1,-1
21,44,888.38,147.78,33.31,31.59,0.99,4,-1,-1
21,45,915.73,194.70,36.95,39.38,0.99,4,-1,-1
21,46,917.49,113.30,29.89,26.54,0.99,4,-1,-1
21,47,920.51,81.67,25.47,23.47,0.98,4,-1,-1
21,49,964.36,206.98,43.24,40.97,1.00,4,-1,-1
21,52,984.42,336.04,58.78,60.75,1.00,4,-1,-1
21,53,987.31,74.48,23.89,21.80,0.96,4,-1,-1
21,54,990.13,101.02,26.59,25.31,0.97,4,-1,-1
21,55,1042.59,186.56,36.64,30.11,0.65,4,-1,-1
21,56,1037.29,209.72,51.28,44.86,0.87,4,-1,-1
21,57,1057.45,283.11,16.53,33.10,0.98,2,-1,-1
21,58,1089.51,352.09,65.74,61.64,0.99,4,-1,-1
21,59,1103.53,407.97,71.57,67.80,0.99,4,-1,-1
21,60,1106.91,467.49,74.09,77.47,1.00,4,-1,-1
21,61,1207.34,539.92,24.91,63.78,0.87,1,-1,-1
21,62,1220.52,461.11,26.45,57.40,0.64,2,-1,-1
21,63,1241.06,554.94,30.99,59.00,0.47,1,-1,-1
21,64,1256.47,568.62,28.76,64.77,0.46,1,-1,-1
21,65,1305.70,393.50,23.93,56.72,0.82,1,-1,-1
21,66,1312.76,391.84,21.62,54.71,0.63,1,-1,-1
21,67,1213.88,617.06,61.23,148.28,0.98,1,-1,-1
21,69,1348.48,394.08,21.52,54.41,0.93,1,-1,-1
21,70,1366.93,501.31,23.87,60.90,0.94,1,-1,-1
21,71,1371.31,301.54,85.96,69.20,0.88,4,-1,-1
21,72,1383.14,502.31,26.33,69.14,0.98,1,-1,-1
21,73,1381.91,364.94,23.95,57.88,0.93,1,-1,-1
21,74,1403.51,502.97,26.27,65.90,0.95,1,-1,-1
21,77,1418.95,401.15,23.91,55.89,0.98,1,-1,-1
21,79,1435.49,380.23,21.77,54.92,0.79,1,-1,-1
21,82,1452.30,365.93,19.14,51.27,0.53,1,-1,-1
21,83,1435.28,402.88,28.47,59.86,0.98,1,-1,-1
21,84,1654.01,619.29,70.28,124.99,0.97,1,-1,-1
21,85,1469.04,403.76,23.89,57.03,0.84,1,-1,-1
21,86,1485.69,404.69,23.90,56.48,0.58,1,-1,-1
21,87,1479.64,499.11,31.07,77.46,0.99,1,-1,-1
21,88,1507.83,503.92,29.37,71.95,0.91,1,-1,-1
21,89,1709.16,667.49,79.31,140.36,0.99,1,-1,-1
21,90,1516.77,457.41,26.84,62.68,0.95,1,-1,-1
21,91,1609.82,515.84,38.64,46.66,0.80,2,-1,-1
21,92,1674.88,530.18,47.21,84.77,0.97,1,-1,-1
21,94,1055.81,293.18,19.09,35.99,0.91,10,-1,-1
21,97,1403.18,362.83,21.58,56.52,0.86,1,-1,-1
21,7,101.49,176.45,18.22,39.44,0.72,1,-1,-1
21,110,736.98,169.76,39.19,38.01,0.76,4,-1,-1
21,114,73.99,474.47,35.35,71.81,0.64,1,-1,-1
21,116,1175.10,421.59,26.16,60.05,0.49,1,-1,-1
21,117,1433.35,342.08,19.11,49.99,0.38,1,-1,-1
21,4,38.07,328.55,22.40,55.23,0.51,1,-1,-1
21,29,322.52,730.67,81.56,162.68,0.94,1,-1,-1
21,121,843.86,422.37,71.76,76.63,1.00,4,-1,-1
21,14,191.77,173.54,20.90,35.83,0.60,1,-1,-1
21,17,265.29,170.16,21.75,35.24,0.82,1,-1,-1
21,50,945.95,88.99,30.13,33.54,0.94,4,-1,-1
21,123,21.02,478.88,28.32,65.94,0.72,1,-1,-1
21,124,1192.76,396.75,23.70,50.62,0.52,2,-1,-1
21,102,1265.62,395.38,23.96,45.99,0.16,1,-1,-1
21,129,980.18,47.18,24.18,21.88,0.42,4,-1,-1
21,133,1596.69,502.76,38.05,47.17,0.97,2,-1,-1
21,135,1465.78,384.72,22.34,55.18,0.43,1,-1,-1
21,136,1484.71,361.71,17.25,50.35,0.59,1,-1,-1
21,138,1598.38,517.34,51.24,75.09,0.50,2,-1,-1
21,139,62.68,437.18,27.54,66.57,0.70,1,-1,-1
21,142,1638.37,516.40,38.18,78.25,0.23,1,-1,-1
21,143,167.74,304.40,22.10,48.18,0.19,2,-1,-1
21,144,1221.37,536.47,27.05,63.11,0.68,1,-1,-1
21,119,78.22,333.36,25.38,45.36,0.39,1,-1,-1
21,148,1345.05,365.55,21.52,52.60,0.40,1,-1,-1
21,149,684.43,211.23,44.17,40.83,0.78,4,-1,-1
21,150,763.39,866.14,152.49,190.76,0.87,4,-1,-1
21,151,1192.80,565.69,29.83,50.69,0.64,2,-1,-1
21,153,0.75,615.38,71.15,160.42,0.99,1,-1,-1
21,155,1302.89,394.15,21.52,55.58,0.73,1,-1,-1
21,1,13.00,429.33,26.07,59.78,0.61,2,-1,-1
21,93,155.46,449.10,25.90,37.74,0.95,2,-1,-1
22,2,9.27,497.19,26.75,59.33,0.44,1,-1,-1
22,6,44.33,500.05,56.48,143.51,0.98,1,-1,-1
22,8,243.78,599.45,69.32,159.13,1.00,1,-1,-1
22,10,136.61,249.91,18.76,43.71,0.36,1,-1,-1
22,11,144.51,259.57,20.14,42.65,0.38,1,-1,-1
22,12,85.55,184.03,19.96,35.60,0.81,1,-1,-1
22,13,110.89,181.27,20.68,38.73,0.84,1,-1,-1
22,18,190.31,447.01,128.19,98.58,0.99,4,-1,-1
22,19,345.03,250.03,18.83,40.81,0.62,1,-1,-1
22,20,253.45,484.95,118.47,93.60,0.99,4,-1,-1
22,21,313.51,356.66,108.97,79.88,0.99,4,-1,-1
22,23,577.76,680.40,65.99,152.21,0.99,1,-1,-1
22,24,617.92,639.91,68.93,143.72,0.99,1,-1,-1
22,25,406.67,299.88,79.56,59.32,0.98,4,-1,-1
22,26,393.92,377.34,98.46,79.37,0.98,4,-1,-1
22,27,493.57,240.29,64.01,53.59,0.95,4,-1,-1
22,30,498.43,273.08,88.73,87.79,0.98,5,-1,-1
22,31,494.82,372.24,94.25,89.38,0.95,4,-1,-1
22,32,556.47,215.30,52.60,41.18,0.98,4,-1,-1
22,33,572.93,250.15,60.02,49.02,0.97,4,-1,-1
22,34,606.51,283.96,69.42,53.80,0.99,4,-1,-1
22,35,602.90,317.37,78.90,68.41,0.99,4,-1,-1
22,36,618.12,359.78,82.67,86.80,0.98,4,-1,-1
22,37,653.09,242.89,57.45,51.25,0.94,4,-1,-1
22,38,816.37,274.18,53.43,49.83,1.00,4,-1,-1
22,39,720.97,250.09,51.05,50.60,0.99,4,-1,-1
22,40,754.78,210.02,45.50,42.13,0.93,4,-1,-1
22,41,777.61,182.39,38.27,33.45,0.97,4,-1,-1
22,42,851.67,204.50,44.49,42.20,1.00,4,-1,-1
22,43,885.59,298.46,55.12,54.85,0.99,4,-1,-1
22,44,889.54,145.42,33.28,31.31,0.99,4,-1,-1
22,45,916.89,192.38,36.85,38.87,1.00,4,-1,-1
22,46,918.65,111.69,29.79,26.48,0.99,4,-1,-1
22,47,921.10,80.76,25.14,23.17,0.98,4,-1,-1
22,49,965.79,204.27,42.16,40.40,0.99,4,-1,-1
22,52,985.35,332.76,57.69,60.32,1.00,4,-1,-1
22,53,987.39,73.64,23.85,21.56,0.95,4,-1,-1
22,54,990.71,100.02,26.30,25.43,0.97,4,-1,-1
22,55,1043.14,186.34,36.00,29.41,0.37,4,-1,-1
22,56,1036.99,208.98,51.43,44.67,0.85,4,-1,-1
22,57,1057.55,280.66,16.60,32.58,0.97,2,-1,-1
22,58,1090.05,352.18,64.93,61.23,0.99,4,-1,-1
22,59,1103.87,407.88,71.67,67.64,0.99,4,-1,-1
22,60,1107.01,467.57,74.09,77.21,1.00,4,-1,-1
22,61,1206.62,539.90,26.59,63.84,0.81,1,-1,-1
22,62,1220.58,460.85,26.35,57.81,0.72,2,-1,-1
22,63,1240.93,555.30,31.11,58.67,0.43,1,-1,-1
22,64,1256.45,568.77,28.68,64.62,0.51,1,-1,-1
22,65,1306.75,392.41,23.93,57.93,0.90,1,-1,-1
22,66,1315.15,390.57,21.56,54.94,0.58,1,-1,-1
22,67,1207.48,618.96,61.89,146.74,0.98,1,-1,-1
22,69,1347.52,394.72,23.10,54.81,0.93,1,-1,-1
22,70,1367.45,501.35,23.91,61.31,0.94,1,-1,-1
22,71,1372.06,301.51,85.95,69.29,0.97,4,-1,-1
22,72,1383.37,503.45,26.32,68.58,0.98,1,-1,-1
22,73,1381.84,365.03,23.94,58.03,0.93,1,-1,-1
22,74,1403.73,503.73,26.25,65.88,0.98,1,-1,-1
22,77,1418.99,399.99,23.90,56.06,0.98,1,-1,-1
22,79,1436.75,379.01,21.57,55.39,0.66,1,-1,-1
22,82,1453.36,364.89,19.14,53.74,0.47,1,-1,-1
22,83,1436.19,401.65,28.68,60.16,0.96,1,-1,-1
22,84,1662.37,615.76,73.03,130.84,0.99,1,-1,-1
22,85,1469.77,402.80,23.89,57.24,0.74,1,-1,-1
22,86,1485.74,403.19,23.89,56.73,0.59,1,-1,-1
22,87,1477.91,497.13,32.64,78.16,0.99,1,-1,-1
22,88,1508.07,502.85,28.78,71.15,0.93,1,-1,-1
22,89,1719.59,666.08,78.01,139.96,0.99,1,-1,-1
22,90,1515.60,455.57,26.42,64.29,0.96,1,-1,-1
22,91,1610.61,515.27,39.86,51.05,0.89,2,-1,-1
22,92,1677.87,534.52,47.49,84.07,0.98,1,-1,-1
22,94,1055.80,290.80,19.09,35.93,0.94,10,-1,-1
22,97,1403.12,363.43,21.57,56.03,0.84,1,-1,-1
22,7,103.61,175.66,17.81,38.91,0.85,1,-1,-1
22,110,737.42,169.90,39.38,37.97,0.77,4,-1,-1
22,114,74.36,473.78,35.48,71.84,0.77,1,-1,-1
22,116,1175.11,421.36,26.27,59.85,0.64,1,-1,-1
22,117,1433.20,341.64,19.11,49.40,0.45,1,-1,-1
22,4,38.33,327.70,22.59,55.99,0.39,1,-1,-1
22,29,313.96,730.23,77.60,150.16,0.93,1,-1,-1
22,121,846.86,413.85,70.45,75.31,1.00,4,-1,-1
22,14,192.48,174.12,21.14,35.64,0.87,1,-1,-1
22,17,267.45,169.54,21.84,35.84,0.79,1,-1,-1
22,50,946.66,85.94,29.83,34.51,0.96,4,-1,-1
22,123,21.95,477.86,28.34,66.60,0.75,1,-1,-1
22,124,1193.02,396.58,23.80,50.76,0.49,2,-1,-1
22,102,1265.89,394.92,23.95,46.73,0.29,1,-1,-1
22,129,979.30,47.19,23.86,21.49,0.39,4,-1,-1
22,133,1599.62,501.43,36.64,48.74,0.89,2,-1,-1
22,135,1468.48,377.62,20.07,59.42,0.20,1,-1,-1
22,136,1486.62,361.44,16.82,51.45,0.65,1,-1,-1
22,138,1605.44,516.19,45.40,73.97,0.52,2,-1,-1
22,139,63.01,436.71,27.63,66.33,0.67,1,-1,-1
22,142,1640.05,515.75,36.42,78.54,0.50,1,-1,-1
22,143,164.72,305.89,23.63,48.04,0.34,2,-1,-1
22,144,1223.92,538.88,26.40,61.32,0.53,2,-1,-1
22,119,74.59,335.10,25.37,48.94,0.39,1,-1,-1
22,148,1344.70,365.17,21.51,53.05,0.45,1,-1,-1
22,149,683.89,212.10,44.23,40.49,0.76,4,-1,-1
22,150,769.37,867.49,138.63,158.59,0.34,4,-1,-1
22,151,1192.98,565.42,28.96,51.38,0.35,2,-1,-1
22,153,1.14,614.56,80.70,162.07,1.00,1,-1,-1
22,155,1301.97,393.65,23.43,56.06,0.72,1,-1,-1
22,1,14.87,428.09,26.53,61.42,0.65,2,-1,-1
22,93,155.76,448.04,26.18,38.48,0.67,2,-1,-1
22,156,155.84,448.24,26.30,38.25,0.89,2,-1,-1
22,157,1045.90,565.98,44.23,69.33,0.87,10,-1,-1
22,158,1048.89,562.69,37.05,63.65,0.62,2,-1,-1
22,159,1583.79,518.77,40.64,69.93,0.75,2,-1,-1
23,2,10.04,497.17,26.74,58.43,0.47,1,-1,-1
23,6,44.11,500.26,57.35,142.52,0.98,1,-1,-1
23,8,250.68,599.69,68.14,161.50,1.00,1,-1,-1
23,10,138.13,248.97,18.04,43.62,0.57,1,-1,-1
23,11,146.97,259.24,19.27,41.84,0.22,1,-1,-1
23,12,84.39,184.34,19.93,35.73,0.95,1,-1,-1
23,13,109.56,178.97,20.30,40.08,0.91,1,-1,-1
23,18,186.95,448.78,129.77,99.21,1.00,4,-1,-1
23,19,345.11,248.93,19.04,41.28,0.65,1,-1,-1
23,20,250.13,489.10,116.66,90.47,1.00,4,-1,-1
23,21,310.16,358.26,110.22,80.18,0.99,4,-1,-1
23,23,586.32,680.40,65.55,151.30,0.99,1,-1,-1
23,24,627.06,638.62,65.55,145.79,0.99,1,-1,-1
23,25,404.25,301.00,80.83,59.05,0.98,4,-1,-1
23,26,390.37,380.28,98.49,79.68,0.99,4,-1,-1
23,27,492.09,241.26,64.88,53.43,0.98,4,-1,-1
23,30,496.31,273.48,89.48,89.11,0.96,5,-1,-1
23,31,491.24,375.57,94.65,89.80,0.96,4,-1,-1
23,32,556.18,215.29,53.05,41.47,0.97,4,-1,-1
23,33,571.03,251.15,60.72,49.30,0.93,4,-1,-1
23,34,605.81,284.01,69.66,53.76,0.99,4,-1,-1
23,35,599.52,319.51,79.65,68.42,0.99,4,-1,-1
23,36,615.82,361.85,84.28,87.32,0.96,4,-1,-1
23,37,652.56,243.54,57.48,51.41,0.95,4,-1,-1
23,38,819.57,269.21,53.34,49.19,1.00,4,-1,-1
23,39,719.82,251.93,51.35,50.26,0.99,4,-1,-1
23,40,754.32,210.47,45.50,42.41,0.93,4,-1,-1
23,41,777.55,182.45,38.27,33.48,0.96,4,-1,-1
23,42,853.59,201.16,44.13,41.57,1.00,4,-1,-1
23,43,887.17,293.74,54.76,53.89,1.00,4,-1,-1
23,44,890.68,143.47,33.29,30.87,0.99,4,-1,-1
23,45,918.04,189.91,36.84,38.70,1.00,4,-1,-1
23,46,919.80,110.18,29.77,26.27,0.99,4,-1,-1
23,47,922.05,79.65,25.03,22.87,0.98,4,-1,-1
23,49,966.63,201.49,41.79,39.81,1.00,4,-1,-1
23,52,985.65,329.50,57.32,59.79,1.00,4,-1,-1
23,53,987.39,72.53,23.85,21.53,0.94,4,-1,-1
23,54,990.49,98.96,27.01,25.67,0.98,4,-1,-1
23,55,1043.68,185.87,36.58,29.18,0.55,4,-1,-1
23,56,1036.47,208.13,51.48,44.79,0.92,4,-1,-1
23,57,1057.94,278.96,16.64,32.10,0.96,2,-1,-1
23,58,1090.22,352.24,65.43,61.08,0.99,4,-1,-1
23,59,1103.59,407.47,72.50,67.58,0.99,4,-1,-1
23,60,1107.41,467.62,74.09,76.72,1.00,4,-1,-1
23,61,1206.35,538.92,26.44,63.48,0.85,1,-1,-1
23,62,1221.38,460.58,26.32,57.57,0.59,2,-1,-1
23,63,1240.88,555.26,31.15,57.98,0.31,1,-1,-1
23,64,1256.45,568.27,28.65,62.78,0.36,1,-1,-1
23,66,1316.03,390.13,21.54,55.03,0.50,1,-1,-1
23,67,1203.30,618.96,60.98,146.16,0.98,1,-1,-1
23,69,1347.18,395.15,23.68,54.57,0.93,1,-1,-1
23,70,1368.43,500.36,23.93,61.87,0.95,1,-1,-1
23,71,1371.56,301.40,87.55,69.43,0.91,4,-1,-1
23,72,1384.24,503.88,26.32,68.75,0.98,1,-1,-1
23,73,1381.83,365.07,23.94,57.69,0.94,1,-1,-1
23,74,1404.59,504.04,26.26,65.87,0.98,1,-1,-1
23,77,1419.02,398.41,23.91,56.92,0.98,1,-1,-1
23,79,1437.20,378.77,21.51,53.21,0.23,1,-1,-1
23,82,1453.76,364.32,19.14,51.97,0.72,1,-1,-1
23,83,1436.57,399.84,28.76,60.28,0.93,1,-1,-1
23,84,1675.42,614.10,69.47,133.79,0.99,1,-1,-1
23,85,1470.09,401.30,23.89,58.12,0.66,1,-1,-1
23,86,1485.79,402.67,23.90,57.22,0.68,1,-1,-1
23,87,1476.54,496.26,33.23,77.64,0.99,1,-1,-1
23,88,1508.21,501.75,28.58,71.63,0.92,1,-1,-1
23,89,1734.36,665.23,72.74,140.63,0.99,1,-1,-1
23,90,1513.65,453.75,26.27,63.34,0.91,1,-1,-1
23,91,1613.28,515.09,38.72,56.11,0.64,2,-1,-1
23,92,1682.14,536.93,46.04,88.30,0.95,1,-1,-1
23,94,1056.55,288.82,18.31,35.12,0.96,10,-1,-1
23,97,1403.14,363.68,21.56,55.05,0.84,1,-1,-1
23,7,106.19,175.18,17.76,39.10,0.63,1,-1,-1
23,110,737.52,169.95,39.45,38.16,0.76,4,-1,-1
23,114,74.90,473.75,35.43,71.06,0.75,1,-1,-1
23,116,1175.50,421.50,25.52,59.39,0.53,1,-1,-1
23,117,1432.38,341.68,20.70,48.78,0.68,1,-1,-1
23,4,38.57,326.83,22.66,56.66,0.41,1,-1,-1
23,29,304.38,728.13,76.76,150.12,0.94,1,-1,-1
23,121,849.01,405.50,70.05,74.04,1.00,4,-1,-1
23,14,193.61,174.16,20.26,34.58,0.84,1,-1,-1
23,17,269.98,168.92,22.07,36.27,0.87,1,-1,-1
23,50,946.86,83.62,30.55,35.96,0.93,4,-1,-1
23,123,22.05,478.13,28.44,66.06,0.80,1,-1,-1
23,124,1193.50,396.33,23.85,50.81,0.55,2,-1,-1
23,102,1265.98,394.57,23.95,47.01,0.24,1,-1,-1
23,129,979.38,45.34,23.77,22.51,0.24,4,-1,-1
23,133,1602.34,500.18,36.09,50.52,0.88,2,-1,-1
23,135,1471.92,368.83,19.27,55.53,0.32,1,-1,-1
23,136,1487.28,360.96,18.33,51.47,0.56,1,-1,-1
23,138,1609.47,515.80,41.74,74.78,0.41,2,-1,-1
23,139,63.19,436.57,27.68,66.27,0.64,1,-1,-1
23,142,1641.43,515.15,35.82,77.05,0.54,1,-1,-1
23,143,161.88,307.83,24.97,46.71,0.67,2,-1,-1
23,144,1224.64,538.40,27.95,61.21,0.48,1,-1,-1
23,119,70.89,336.51,24.78,49.13,0.36,1,-1,-1
23,148,1344.62,364.64,21.52,52.77,0.38,1,-1,-1
23,149,683.68,212.81,44.25,40.38,0.69,4,-1,-1
23,151,1193.01,565.36,29.59,53.33,0.23,1,-1,-1
23,153,6.01,613.89,82.88,162.64,1.00,1,-1,-1
23,155,1306.30,392.18,23.79,57.53,0.87,1,-1,-1
23,1,17.14,427.54,26.17,59.58,0.82,2,-1,-1
23,93,156.04,447.90,26.68,38.35,0.94,2,-1,-1
23,156,156.06,447.74,27.02,38.25,0.71,1,-1,-1
23,157,1045.93,558.08,41.36,67.66,0.80,10,-1,-1
23,158,1048.44,554.31,35.14,59.59,0.67,2,-1,-1
23,159,1582.89,515.41,38.73,68.97,0.78,2,-1,-1
23,160,23.35,410.29,27.79,65.14,0.77,1,-1,-1
23,161,120.50,247.43,18.38,44.53,0.70,1,-1,-1
23,162,1641.16,516.08,35.86,75.90,0.73,1,-1,-1
23,115,155.20,392.48,25.63,58.23,0.58,1,-1,-1
24,2,10.57,496.85,26.86,58.88,0.35,1,-1,-1
24,6,44.44,501.24,57.36,140.91,0.98,1,-1,-1
24,8,258.13,600.60,64.01,156.07,1.00,1,-1,-1
24,10,139.20,248.72,18.36,43.98,0.67,1,-1,-1
24,11,149.06,258.83,18.99,41.55,0.21,1,-1,-1
24,12,83.31,184.25,19.92,35.78,0.96,1,-1,-1
24,13,112.37,177.05,19.16,39.42,0.60,1,-1,-1
24,18,184.21,450.62,130.43,100.20,1.00,4,-1,-1
24,19,345.19,248.21,19.12,41.45,0.67,1,-1,-1
24,20,246.08,494.15,115.44,90.89,0.98,4,-1,-1
24,21,307.87,360.07,109.88,81.05,0.98,4,-1,-1
24,23,594.42,681.20,71.39,152.51,1.00,1,-1,-1
24,24,636.98,638.15,61.00,144.98,0.99,1,-1,-1
24,25,402.66,302.35,80.52,58.82,0.98,4,-1,-1
24,26,386.45,382.96,99.63,80.55,0.99,4,-1,-1
24,27,491.01,242.57,64.81,53.54,0.98,4,-1,-1
24,30,494.82,273.96,89.75,90.47,0.98,5,-1,-1
24,31,487.09,378.57,95.55,92.28,0.96,4,-1,-1
24,32,555.91,215.65,53.21,41.38,0.97,4,-1,-1
24,33,569.60,252.44,60.98,49.39,0.95,4,-1,-1
24,34,605.59,284.28,69.73,54.93,0.99,4,-1,-1
24,35,595.63,323.06,80.31,69.17,0.99,4,-1,-1
24,36,613.48,364.57,84.87,88.66,0.95,4,-1,-1
24,37,652.01,244.02,57.48,51.65,0.95,4,-1,-1
24,38,822.63,264.26,52.54,48.79,1.00,4,-1,-1
24,39,719.42,253.33,51.45,50.89,0.98,4,-1,-1
24,40,753.78,211.17,45.49,42.51,0.92,4,-1,-1
24,41,777.54,182.63,38.27,33.68,0.97,4,-1,-1
24,42,855.83,197.82,44.01,40.95,1.00,4,-1,-1
24,43,888.48,289.07,54.66,53.56,1.00,4,-1,-1
24,44,892.64,141.34,31.71,30.47,0.99,4,-1,-1
24,45,919.21,187.73,36.05,38.45,1.00,4,-1,-1
24,46,921.37,108.69,28.98,25.90,0.98,4,-1,-1
24,47,922.77,78.34,25.00,22.97,0.98,4,-1,-1
24,49,967.29,198.93,41.67,39.41,0.99,4,-1,-1
24,52,985.34,325.66,57.99,59.60,1.00,4,-1,-1
24,53,987.38,71.67,23.85,21.65,0.97,4,-1,-1
24,54,990.39,98.35,27.28,25.67,0.98,4,-1,-1
24,55,1044.25,185.66,36.01,28.90,0.46,4,-1,-1
24,56,1035.88,207.37,52.28,45.03,0.95,4,-1,-1
24,57,1058.46,276.76,16.66,32.03,0.94,2,-1,-1
24,58,1090.28,351.89,65.62,61.41,0.99,4,-1,-1
24,59,1103.86,407.53,72.82,67.55,0.99,4,-1,-1
24,60,1107.56,467.46,74.10,76.93,1.00,4,-1,-1
24,61,1207.03,538.73,27.17,63.35,0.83,1,-1,-1
24,62,1221.27,460.49,26.70,57.08,0.70,2,-1,-1
24,63,1240.07,554.84,31.17,59.75,0.32,1,-1,-1
24,64,1256.43,568.09,28.65,62.89,0.57,1,-1,-1
24,66,1313.15,389.80,23.11,56.63,0.38,1,-1,-1
24,67,1197.63,618.98,60.23,144.35,0.97,1,-1,-1
24,69,1347.05,395.49,23.91,54.46,0.92,1,-1,-1
24,70,1368.77,499.36,25.51,62.86,0.96,1,-1,-1
24,71,1372.12,301.76,88.16,68.88,0.61,4,-1,-1
24,72,1383.73,504.02,27.90,69.60,0.99,1,-1,-1
24,73,1382.60,365.10,23.94,57.94,0.93,1,-1,-1
24,74,1405.66,504.34,26.26,66.25,0.99,1,-1,-1
24,77,1419.00,397.26,23.91,57.24,0.98,1,-1,-1
24,79,1438.09,379.11,21.49,52.36,0.18,1,-1,-1
24,82,1454.64,363.53,19.14,51.24,0.74,1,-1,-1
24,83,1436.70,398.79,28.79,60.32,0.95,1,-1,-1
24,84,1691.22,611.09,63.23,135.68,0.99,1,-1,-1
24,85,1469.39,400.57,23.90,58.45,0.58,1,-1,-1
24,86,1485.78,402.33,23.90,57.79,0.73,1,-1,-1
24,87,1475.24,495.79,33.45,75.83,0.99,1,-1,-1
24,88,1507.46,500.39,28.53,70.62,0.97,1,-1,-1
24,89,1748.42,663.32,67.43,140.87,0.99,1,-1,-1
24,90,1512.16,451.31,26.23,61.38,0.83,1,-1,-1
24,91,1614.98,514.82,38.30,57.29,0.68,2,-1,-1
24,92,1685.20,538.92,47.10,92.98,0.96,1,-1,-1
24,94,1056.80,287.12,18.82,34.73,0.95,10,-1,-1
24,97,1404.72,365.58,21.56,53.87,0.83,1,-1,-1
24,7,109.08,176.09,18.34,40.74,0.95,1,-1,-1
24,110,737.56,170.03,39.47,38.42,0.76,4,-1,-1
24,114,76.12,473.41,35.20,71.15,0.49,1,-1,-1
24,116,1175.63,421.17,26.03,60.01,0.72,1,-1,-1
24,117,1432.05,341.51,21.28,48.54,0.69,1,-1,-1
24,4,38.92,326.41,22.44,56.12,0.39,1,-1,-1
24,29,296.58,727.44,74.17,131.77,0.76,1,-1,-1
24,121,851.31,397.83,69.15,73.16,1.00,4,-1,-1
24,14,193.90,173.36,20.11,33.78,0.72,1,-1,-1
24,17,272.30,168.40,21.95,36.63,0.88,1,-1,-1
24,50,947.31,81.57,30.03,37.20,0.95,4,-1,-1
24,123,23.04,478.12,28.55,65.45,0.72,1,-1,-1
24,124,1193.65,396.06,23.87,50.83,0.58,2,-1,-1
24,102,1267.57,394.45,22.36,47.12,0.28,1,-1,-1
24,133,1601.63,501.67,37.51,54.70,0.39,2,-1,-1
24,135,1474.65,365.45,19.02,55.13,0.38,1,-1,-1
24,136,1488.26,359.21,18.86,54.66,0.55,1,-1,-1
24,138,1611.52,515.25,40.58,76.68,0.45,2,-1,-1
24,139,63.73,436.81,28.21,65.44,0.58,1,-1,-1
24,142,1642.63,514.94,35.64,79.77,0.73,1,-1,-1
24,143,159.67,309.98,25.25,45.80,0.63,2,-1,-1
24,144,1226.47,538.00,28.47,62.04,0.39,1,-1,-1
24,119,66.45,337.87,25.53,49.18,0.34,2,-1,-1
24,148,1343.75,364.27,21.52,53.08,0.39,1,-1,-1
24,149,683.21,213.51,44.25,40.77,0.73,4,-1,-1
24,151,1193.87,565.35,29.80,54.80,0.57,2,-1,-1
24,153,16.27,614.20,76.72,161.86,1.00,1,-1,-1
24,155,1307.82,391.46,23.92,58.49,0.87,1,-1,-1
24,1,20.31,426.01,26.73,60.86,0.80,1,-1,-1
24,93,156.42,447.34,26.86,38.69,0.69,2,-1,-1
24,156,156.95,447.69,26.47,38.25,0.86,2,-1,-1
24,157,1046.89,545.64,34.21,60.13,0.66,2,-1,-1
24,158,1046.02,547.03,36.64,66.31,0.99,10,-1,-1
24,159,1582.71,512.89,38.36,69.25,0.66,1,-1,-1
24,160,25.91,410.08,26.36,60.36,0.77,1,-1,-1
24,161,120.04,248.17,18.62,44.05,0.69,1,-1,-1
24,115,155.69,392.46,25.50,57.16,0.50,1,-1,-1
24,163,1205.47,610.80,55.58,125.51,0.66,1,-1,-1
24,164,1581.40,511.89,40.64,68.13,0.76,2,-1,-1
25,2,11.07,496.88,27.26,59.45,0.49,1,-1,-1
25,6,44.79,500.00,57.94,141.88,0.98,1,-1,-1
25,8,264.69,600.07,66.05,145.97,0.97,1,-1,-1
25,10,140.13,248.71,18.42,43.13,0.76,1,-1,-1
25,11,151.66,258.86,19.44,42.65,0.55,1,-1,-1
25,12,82.37,183.78,18.83,36.20,0.96,1,-1,-1
25,13,110.15,177.37,18.62,40.32,0.92,1,-1,-1
25,18,181.76,452.18,131.43,101.34,1.00,4,-1,-1
25,19,346.23,247.74,19.14,41.91,0.52,1,-1,-1
25,20,239.90,500.02,117.24,83.11,0.98,4,-1,-1
25,21,304.37,361.65,111.29,82.55,0.99,4,-1,-1
25,23,600.58,682.66,74.84,153.74,1.00,1,-1,-1
25,24,644.70,636.37,60.09,146.27,0.99,1,-1,-1
25,25,400.78,303.88,81.16,59.03,0.99,4,-1,-1
25,26,382.94,386.03,99.64,81.64,0.99,4,-1,-1
25,27,489.68,243.63,65.54,53.19,0.98,4,-1,-1
25,30,493.16,275.07,90.22,91.18,0.98,5,-1,-1
25,31,483.09,382.53,96.64,92.81,0.98,4,-1,-1
25,32,555.65,215.78,53.65,41.73,0.97,4,-1,-1
25,33,568.55,253.67,61.26,50.01,0.94,4,-1,-1
25,34,604.96,284.67,70.34,55.08,0.99,4,-1,-1
25,35,591.91,325.52,80.54,70.23,0.98,4,-1,-1
25,36,611.49,367.10,85.07,89.54,0.95,4,-1,-1
25,37,651.85,244.47,57.47,51.74,0.95,4,-1,-1
25,38,824.83,259.69,52.28,48.87,1.00,4,-1,-1
25,39,718.93,254.91,51.48,51.42,0.99,4,-1,-1
25,40,753.61,211.93,45.48,42.34,0.92,4,-1,-1
25,41,777.57,182.80,38.26,33.95,0.97,4,-1,-1
25,42,857.79,194.96,43.98,40.96,0.99,4,-1,-1
25,43,890.10,284.69,53.84,53.17,1.00,4,-1,-1
25,44,893.73,139.52,31.94,30.39,1.00,4,-1,-1
25,45,920.43,185.85,35.78,38.18,0.99,4,-1,-1
25,46,922.74,107.58,28.68,25.77,0.99,4,-1,-1
25,47,923.04,77.13,24.99,23.01,0.98,4,-1,-1
25,49,968.71,196.43,40.83,39.28,1.00,4,-1,-1
25,52,985.63,322.40,58.25,59.16,1.00,4,-1,-1
25,53,987.40,70.87,23.85,21.80,0.97,4,-1,-1
25,54,990.78,97.89,26.59,24.98,0.99,4,-1,-1
25,55,1044.84,185.63,35.81,29.22,0.19,4,-1,-1
25,56,1034.91,206.85,53.35,45.12,0.96,4,-1,-1
25,57,1058.65,275.08,16.67,32.21,0.94,2,-1,-1
25,58,1090.69,352.00,65.69,61.14,0.99,4,-1,-1
25,59,1103.96,407.80,72.92,67.54,0.99,4,-1,-1
25,60,1108.00,467.44,74.09,77.01,1.00,4,-1,-1
25,61,1206.48,538.89,27.43,62.51,0.86,1,-1,-1
25,62,1221.61,460.70,26.45,56.89,0.66,2,-1,-1
25,63,1240.53,554.93,31.16,57.26,0.49,1,-1,-1
25,64,1256.40,568.47,30.23,61.74,0.62,1,-1,-1
25,66,1317.46,390.53,22.15,55.28,0.15,1,-1,-1
25,67,1191.75,615.46,59.13,144.46,0.96,1,-1,-1
25,69,1347.78,395.85,22.43,54.43,0.95,1,-1,-1
25,70,1368.88,499.21,26.09,62.45,0.97,1,-1,-1
25,71,1372.32,301.97,88.38,69.07,0.86,4,-1,-1
25,72,1384.28,504.90,28.48,70.69,0.99,1,-1,-1
25,73,1382.89,365.38,23.93,57.24,0.94,1,-1,-1
25,74,1406.80,505.11,26.26,66.38,0.99,1,-1,-1
25,77,1418.98,396.53,23.90,56.97,0.98,1,-1,-1
25,82,1454.94,362.72,19.13,50.17,0.63,1,-1,-1
25,83,1436.74,398.68,28.78,59.94,0.95,1,-1,-1
25,84,1700.74,610.80,60.82,134.04,0.99,1,-1,-1
25,85,1469.13,401.38,23.90,57.78,0.71,1,-1,-1
25,86,1484.98,403.10,23.90,57.21,0.74,1,-1,-1
25,87,1473.98,494.95,31.96,75.92,0.99,1,-1,-1
25,88,1507.18,499.02,28.52,69.82,0.95,1,-1,-1
25,89,1759.66,664.69,63.81,137.01,0.99,1,-1,-1
25,90,1510.85,450.11,26.21,60.63,0.57,1,-1,-1
25,91,1616.32,513.65,38.15,74.47,0.64,2,-1,-1
25,92,1689.39,539.91,45.91,99.24,0.98,1,-1,-1
25,94,1057.29,285.33,18.21,33.89,0.92,10,-1,-1
25,97,1405.32,368.75,21.55,51.83,0.83,1,-1,-1
25,7,111.46,176.02,19.34,40.58,0.88,1,-1,-1
25,110,737.61,170.28,39.47,38.52,0.75,4,-1,-1
25,114,77.10,472.64,34.41,71.57,0.53,1,-1,-1
25,116,1176.07,421.69,25.43,59.45,0.64,1,-1,-1
25,117,1432.71,341.33,21.50,48.84,0.77,1,-1,-1
25,4,39.29,325.82,22.00,55.49,0.37,1,-1,-1
25,29,289.67,724.68,72.79,124.80,0.16,1,-1,-1
25,121,853.66,390.18,68.87,71.65,0.99,4,-1,-1
25,14,194.44,173.03,19.65,32.49,0.36,1,-1,-1
25,17,274.25,168.68,21.70,36.36,0.88,1,-1,-1
25,50,948.69,80.39,29.04,37.19,0.92,4,-1,-1
25,123,24.02,478.47,28.39,64.82,0.62,1,-1,-1
25,124,1194.10,396.20,23.87,48.85,0.63,2,-1,-1
25,102,1267.36,394.46,23.37,47.16,0.56,1,-1,-1
25,133,1604.48,500.04,36.45,60.48,0.67,2,-1,-1
25,135,1476.36,364.58,18.94,52.58,0.33,1,-1,-1
25,136,1490.16,358.45,19.06,53.50,0.58,1,-1,-1
25,138,1615.46,514.35,38.55,80.16,0.63,2,-1,-1
25,139,64.32,436.86,29.03,64.33,0.40,1,-1,-1
25,142,1643.79,514.77,35.60,83.14,0.52,1,-1,-1
25,143,157.06,311.88,24.93,45.89,0.17,2,-1,-1
25,144,1229.48,537.88,28.66,61.96,0.63,1,-1,-1
25,119,62.70,339.26,25.29,48.79,0.57,2,-1,-1
25,148,1343.47,364.62,21.51,51.95,0.34,1,-1,-1
25,149,682.66,214.04,44.24,40.91,0.80,4,-1,-1
25,151,1194.57,565.39,30.29,53.64,0.42,2,-1,-1
25,153,27.65,612.54,74.58,164.17,0.98,1,-1,-1
25,155,1309.07,391.54,23.95,59.64,0.92,1,-1,-1
25,1,22.91,424.81,28.57,62.13,0.82,1,-1,-1
25,93,156.88,447.29,27.12,38.42,0.60,2,-1,-1
25,156,157.48,447.87,26.51,37.79,0.91,2,-1,-1
25,157,1045.60,534.77,32.06,58.23,0.85,10,-1,-1
25,158,1043.84,538.26,37.12,71.60,0.97,10,-1,-1
25,159,1581.67,510.26,34.47,69.34,0.95,1,-1,-1
25,160,27.22,409.07,27.36,58.48,0.69,1,-1,-1
25,161,119.75,248.64,18.43,42.80,0.79,1,-1,-1
25,115,155.78,392.42,26.44,58.01,0.63,1,-1,-1
25,165,27.53,408.20,27.79,58.57,0.69,2,-1,-1
25,166,117.51,177.50,17.93,37.05,0.74,1,-1,-1
25,167,557.02,842.70,158.98,194.84,0.89,4,-1,-1
25,168,1045.30,533.41,32.27,59.77,0.66,1,-1,-1
25,75,1398.48,360.39,21.49,51.91,0.64,1,-1,-1
25,134,1256.05,569.03,31.30,62.80,0.55,2,-1,-1
26,2,11.56,496.89,27.60,60.06,0.39,1,-1,-1
26,6,45.03,499.16,58.20,142.24,0.98,1,-1,-1
26,8,271.53,600.66,67.56,151.17,0.99,1,-1,-1
26,10,141.44,248.51,18.20,43.21,0.79,1,-1,-1
26,11,154.13,258.27,19.01,42.47,0.55,1,-1,-1
26,12,81.45,183.47,18.50,36.76,0.93,1,-1,-1
26,13,108.38,179.43,19.13,39.49,0.79,1,-1,-1
26,18,179.56,454.06,133.05,100.60,1.00,4,-1,-1
26,19,346.91,247.96,19.15,41.30,0.73,1,-1,-1
26,20,233.98,505.25,118.20,82.65,0.98,4,-1,-1
26,21,300.59,364.13,112.89,82.72,0.99,4,-1,-1
26,23,605.28,684.01,76.18,153.42,0.99,1,-1,-1
26,24,650.74,636.51,66.20,146.77,0.99,1,-1,-1
26,25,399.06,305.30,81.00,59.60,0.99,4,-1,-1
26,26,378.88,388.88,100.80,83.61,0.99,4,-1,-1
26,27,488.54,244.49,65.42,53.25,0.98,4,-1,-1
26,30,491.72,276.62,89.99,91.44,0.99,5,-1,-1
26,31,478.26,386.29,98.21,94.17,0.96,4,-1,-1
26,32,555.27,216.01,53.82,42.06,0.94,4,-1,-1
26,33,567.33,254.69,61.36,50.63,0.94,4,-1,-1
26,34,604.26,284.89,70.56,55.04,0.99,4,-1,-1
26,35,587.97,327.95,81.20,71.41,0.99,4,-1,-1
26,36,608.96,370.53,86.11,89.09,0.96,4,-1,-1
26,37,651.35,245.11,57.46,51.77,0.95,4,-1,-1
26,38,827.06,255.32,51.41,48.54,1.00,4,-1,-1
26,39,718.31,256.55,51.48,51.52,0.99,4,-1,-1
26,40,753.10,212.79,45.47,42.27,0.82,4,-1,-1
26,41,777.12,183.15,39.05,34.06,0.96,4,-1,-1
26,42,859.98,192.14,43.20,40.58,0.99,4,-1,-1
26,43,891.77,280.89,52.77,52.46,1.00,4,-1,-1
26,44,894.83,137.68,32.04,30.53,1.00,4,-1,-1
26,45,921.58,183.95,34.89,37.70,1.00,4,-1,-1
26,46,924.35,106.28,27.79,25.84,0.99,4,-1,-1
26,47,923.07,76.02,25.80,23.04,0.98,4,-1,-1
26,49,969.54,193.53,40.55,39.26,1.00,4,-1,-1
26,52,985.27,319.75,59.16,58.22,1.00,4,-1,-1
26,53,987.76,70.39,23.07,21.47,0.97,4,-1,-1
26,54,990.88,97.29,26.34,24.52,0.99,4,-1,-1
26,55,1045.39,185.44,35.74,29.56,0.15,4,-1,-1
26,56,1034.11,206.58,53.76,44.56,0.97,4,-1,-1
26,57,1058.26,272.97,17.47,33.09,0.95,2,-1,-1
26,58,1090.78,351.86,65.72,61.04,0.99,4,-1,-1
26,59,1103.94,407.73,72.96,68.34,0.99,4,-1,-1
26,60,1108.10,467.26,74.09,77.45,0.99,4,-1,-1
26,61,1206.22,539.18,27.52,62.20,0.85,1,-1,-1
26,62,1221.68,460.62,26.35,56.82,0.73,2,-1,-1
26,63,1240.66,555.01,29.57,55.52,0.37,1,-1,-1
26,64,1256.35,568.66,30.82,60.92,0.58,1,-1,-1
26,67,1186.95,614.21,55.14,143.73,0.99,1,-1,-1
26,69,1347.26,396.39,23.43,55.20,0.94,1,-1,-1
26,70,1368.87,499.76,26.31,62.29,0.97,1,-1,-1
26,71,1372.36,301.97,88.46,69.25,0.84,4,-1,-1
26,72,1384.44,506.44,28.70,70.71,0.99,1,-1,-1
26,73,1382.97,365.71,23.92,56.97,0.95,1,-1,-1
26,74,1407.96,506.41,26.26,68.40,0.99,1,-1,-1
26,77,1418.94,395.73,23.90,56.86,0.97,1,-1,-1
26,82,1455.80,361.28,19.13,50.17,0.68,1,-1,-1
26,83,1438.31,398.11,27.20,60.20,0.94,1,-1,-1
26,84,1707.05,610.57,59.97,132.00,0.99,1,-1,-1
26,85,1469.01,402.17,23.89,56.34,0.55,1,-1,-1
26,86,1484.66,403.48,23.90,55.80,0.67,1,-1,-1
26,87,1473.52,493.94,31.37,76.36,0.99,1,-1,-1
26,88,1506.28,497.23,28.53,69.12,0.95,1,-1,-1
26,89,1764.94,665.33,65.78,136.36,1.00,1,-1,-1
26,90,1509.59,449.55,26.21,59.58,0.61,1,-1,-1
26,91,1617.52,514.35,38.11,79.26,0.62,2,-1,-1
26,92,1692.44,541.07,45.47,103.95,0.99,1,-1,-1
26,94,1057.00,284.07,18.79,33.29,0.90,10,-1,-1
26,97,1405.53,369.97,23.12,51.07,0.81,1,-1,-1
26,7,116.06,175.47,19.14,39.13,0.85,1,-1,-1
26,110,737.55,170.36,39.47,38.96,0.73,4,-1,-1
26,114,78.37,470.36,33.50,71.34,0.46,1,-1,-1
26,116,1176.59,421.92,25.19,59.24,0.68,1,-1,-1
26,117,1432.95,341.50,21.58,49.36,0.68,1,-1,-1
26,4,39.61,325.60,22.68,55.25,0.39,1,-1,-1
26,29,280.95,723.78,72.70,120.07,0.48,1,-1,-1
26,121,855.96,383.34,68.01,70.31,1.00,4,-1,-1
26,14,194.63,172.99,19.88,32.83,0.42,1,-1,-1
26,17,275.61,168.98,21.80,36.07,0.83,1,-1,-1
26,50,949.13,79.15,29.49,37.29,0.97,4,-1,-1
26,123,23.97,478.20,29.27,66.19,0.49,1,-1,-1
26,124,1193.81,396.29,24.67,48.90,0.59,2,-1,-1
26,102,1267.24,394.50,23.73,46.79,0.56,1,-1,-1
26,133,1606.29,500.41,36.03,59.00,0.76,2,-1,-1
26,135,1477.69,364.04,18.94,50.83,0.41,1,-1,-1
26,136,1490.82,358.03,19.13,53.41,0.73,1,-1,-1
26,138,1616.68,514.27,39.61,81.47,0.58,2,-1,-1
26,139,64.05,436.46,29.93,65.16,0.38,1,-1,-1
26,142,1644.13,516.15,37.23,84.02,0.47,1,-1,-1
26,143,154.35,314.31,24.78,46.35,0.35,2,-1,-1
26,144,1232.08,537.65,28.72,61.96,0.64,1,-1,-1
26,119,58.75,341.29,25.31,50.21,0.51,2,-1,-1
26,148,1343.36,364.59,21.51,51.13,0.31,1,-1,-1
26,149,682.42,215.02,44.24,40.96,0.88,4,-1,-1
26,151,1194.76,565.45,29.64,53.55,0.37,2,-1,-1
26,153,40.22,614.08,80.69,163.28,1.00,1,-1,-1
26,155,1309.37,391.20,23.95,60.42,0.93,1,-1,-1
26,1,25.60,424.95,29.30,64.18,0.74,1,-1,-1
26,93,157.72,447.47,27.41,38.32,0.39,2,-1,-1
26,156,157.98,447.93,26.54,37.64,0.91,2,-1,-1
26,157,1044.31,525.46,31.67,57.87,0.96,2,-1,-1
26,158,1042.72,531.13,36.34,67.35,0.97,10,-1,-1
26,159,1580.40,509.10,33.33,70.71,0.93,1,-1,-1
26,160,28.40,407.79,28.55,59.33,0.58,2,-1,-1
26,161,118.75,248.42,18.37,43.10,0.79,1,-1,-1
26,115,156.18,392.40,26.20,58.73,0.72,1,-1,-1
26,75,1398.61,360.70,21.56,52.14,0.68,1,-1,-1
26,169,1602.91,508.31,35.86,58.57,0.61,2,-1,-1
26,118,1512.06,537.00,35.94,58.79,0.65,1,-1,-1
27,2,12.15,497.16,27.55,61.08,0.35,1,-1,-1
27,6,45.40,498.53,59.48,143.54,0.97,1,-1,-1
27,8,279.15,603.67,74.16,154.58,0.99,1,-1,-1
27,10,142.75,248.11,18.32,44.24,0.68,1,-1,-1
27,11,155.66,258.53,19.65,42.61,0.43,1,-1,-1
27,12,81.08,183.72,17.79,36.77,0.79,1,-1,-1
27,13,106.11,182.50,19.02,37.37,0.56,1,-1,-1
27,18,178.04,455.93,132.37,99.48,1.00,4,-1,-1
27,19,347.23,247.52,19.54,41.46,0.60,1,-1,-1
27,20,228.95,510.66,117.47,84.14,0.99,4,-1,-1
27,21,297.85,366.25,113.19,82.76,0.99,4,-1,-1
27,23,613.09,685.71,74.36,153.28,0.99,1,-1,-1
27,24,659.11,638.57,69.91,150.90,0.99,1,-1,-1
27,25,397.76,306.43,81.31,60.19,0.99,4,-1,-1
27,26,374.40,391.88,101.99,85.11,0.99,4,-1,-1
27,27,487.62,245.73,64.97,53.65,0.99,4,-1,-1
27,30,490.31,277.71,90.28,92.00,0.99,5,-1,-1
27,31,473.87,390.20,99.17,95.43,0.99,4,-1,-1
27,32,555.20,216.53,53.87,42.37,0.97,4,-1,-1
27,33,566.40,255.86,60.79,50.66,0.96,4,-1,-1
27,34,603.88,285.30,70.83,56.11,0.99,4,-1,-1
27,35,583.89,329.63,82.21,73.78,0.99,4,-1,-1
27,36,605.78,374.16,88.05,90.05,0.97,4,-1,-1
27,37,650.84,246.05,58.24,51.78,0.95,4,-1,-1
27,38,829.80,251.27,51.13,47.84,1.00,4,-1,-1
27,39,717.36,258.04,51.48,52.03,0.99,4,-1,-1
27,40,752.97,213.62,45.47,42.43,0.83,4,-1,-1
27,41,777.40,183.51,39.35,34.49,0.97,4,-1,-1
27,42,861.55,189.46,42.93,40.06,1.00,4,-1,-1
27,43,893.16,277.03,52.40,51.92,1.00,4,-1,-1
27,44,896.03,136.01,32.09,30.50,1.00,4,-1,-1
27,45,922.40,181.66,35.39,37.74,1.00,4,-1,-1
27,46,925.75,104.98,27.47,25.77,1.00,4,-1,-1
27,47,923.89,74.98,25.32,23.06,0.97,4,-1,-1
27,49,970.65,191.30,40.46,38.86,1.00,4,-1,-1
27,52,986.36,316.72,57.93,57.48,1.00,4,-1,-1
27,53,988.34,69.62,22.77,21.65,0.95,4,-1,-1
27,54,990.96,96.62,26.25,24.66,0.99,4,-1,-1
27,55,1046.01,185.30,35.73,29.89,0.13,4,-1,-1
27,56,1033.88,206.32,53.90,44.15,0.97,4,-1,-1
27,57,1058.94,271.38,16.99,32.92,0.95,2,-1,-1
27,58,1091.26,352.03,65.73,61.00,0.99,4,-1,-1
27,59,1104.38,407.91,72.97,68.24,0.99,4,-1,-1
27,60,1108.58,467.41,74.10,77.62,0.99,4,-1,-1
27,61,1206.96,539.29,26.77,63.29,0.86,1,-1,-1
27,62,1222.55,460.40,26.31,56.79,0.74,2,-1,-1
27,63,1242.37,555.64,28.96,54.91,0.32,1,-1,-1
27,64,1256.38,569.14,31.04,62.23,0.60,1,-1,-1
27,67,1180.25,612.58,51.60,145.84,0.99,1,-1,-1
27,69,1346.34,397.76,23.80,55.49,0.96,1,-1,-1
27,70,1368.90,500.54,26.39,61.83,0.97,1,-1,-1
27,71,1372.41,301.97,88.49,69.32,0.92,4,-1,-1
27,72,1385.31,508.77,28.78,69.92,0.99,1,-1,-1
27,73,1383.04,365.64,23.92,57.65,0.94,1,-1,-1
27,74,1409.20,507.87,26.27,69.93,0.98,1,-1,-1
27,77,1418.96,395.07,23.90,58.01,0.98,1,-1,-1
27,82,1456.93,360.37,19.13,49.77,0.65,1,-1,-1
27,83,1437.35,397.14,28.20,61.09,0.94,1,-1,-1
27,84,1713.09,611.87,61.29,128.62,0.99,1,-1,-1
27,85,1469.81,399.90,25.48,57.39,0.47,1,-1,-1
27,86,1484.60,402.86,23.90,54.86,0.43,1,-1,-1
27,87,1472.65,493.01,31.16,75.72,0.99,1,-1,-1
27,88,1505.22,496.21,28.54,69.65,0.95,1,-1,-1
27,89,1769.09,665.16,68.07,136.93,0.99,1,-1,-1
27,92,1698.31,542.79,42.13,104.44,0.99,1,-1,-1
27,94,1057.73,282.82,18.21,32.58,0.93,10,-1,-1
27,97,1405.66,370.60,23.71,50.80,0.83,1,-1,-1
27,7,118.57,175.43,18.86,38.56,0.78,1,-1,-1
27,110,737.97,170.72,39.47,39.12,0.77,4,-1,-1
27,114,79.46,470.54,33.26,70.45,0.50,1,-1,-1
27,116,1176.83,422.02,25.11,59.17,0.65,1,-1,-1
27,117,1433.10,341.37,21.61,49.55,0.69,1,-1,-1
27,4,40.16,325.40,22.39,53.57,0.46,1,-1,-1
27,29,270.56,724.38,74.68,135.13,0.70,1,-1,-1
27,121,858.77,376.18,66.93,69.03,0.99,4,-1,-1
27,17,277.51,169.25,20.85,35.35,0.44,1,-1,-1
27,50,949.72,77.63,29.66,37.82,0.97,4,-1,-1
27,123,24.70,477.97,28.54,65.91,0.45,1,-1,-1
27,124,1194.14,396.53,24.19,48.92,0.66,2,-1,-1
27,102,1267.24,394.92,23.86,46.65,0.29,1,-1,-1
27,133,1606.96,499.42,37.48,63.73,0.94,2,-1,-1
27,135,1478.13,363.13,18.95,48.58,0.37,1,-1,-1
27,136,1491.86,358.08,19.16,52.57,0.50,1,-1,-1
27,139,65.17,436.58,29.95,64.27,0.24,1,-1,-1
27,142,1645.85,515.70,36.25,83.56,0.55,1,-1,-1
27,143,151.71,316.20,24.31,46.92,0.37,2,-1,-1
27,144,1234.62,537.96,28.74,61.57,0.76,1,-1,-1
27,119,54.15,343.63,26.57,49.17,0.81,2,-1,-1
27,148,1343.38,364.18,21.51,52.06,0.22,1,-1,-1
27,149,681.99,215.59,44.24,41.38,0.87,4,-1,-1
27,151,1194.46,565.47,29.81,54.30,0.29,2,-1,-1
27,153,52.41,614.72,90.63,163.74,1.00,1,-1,-1
27,155,1310.28,391.31,23.94,59.81,0.93,1,-1,-1
27,1,28.83,424.88,29.05,63.39,0.66,1,-1,-1
27,93,158.01,447.80,27.13,37.89,0.89,2,-1,-1
27,156,158.41,448.21,26.56,37.17,0.74,2,-1,-1
27,157,1043.56,516.80,30.75,56.99,0.92,2,-1,-1
27,158,1041.19,523.16,36.04,67.95,0.98,10,-1,-1
27,159,1578.30,508.14,33.07,73.72,0.94,1,-1,-1
27,160,30.77,407.26,27.65,59.62,0.34,1,-1,-1
27,161,118.11,248.96,18.69,43.22,0.84,1,-1,-1
27,115,156.31,392.25,26.69,58.61,0.64,1,-1,-1
27,75,1398.71,360.62,21.58,52.98,0.61,1,-1,-1
27,118,1513.28,537.42,35.85,62.36,0.63,1,-1,-1
27,170,1449.91,349.93,19.12,52.00,0.64,1,-1,-1
28,2,12.77,497.00,27.60,60.67,0.40,1,-1,-1
28,6,46.10,501.20,58.11,140.09,0.97,1,-1,-1
28,8,287.52,606.09,78.05,159.03,0.99,1,-1,-1
28,10,143.84,247.91,18.66,44.23,0.63,1,-1,-1
28,11,157.33,258.76,20.48,42.66,0.63,1,-1,-1
28,12,80.07,184.23,18.34,36.97,0.77,1,-1,-1
28,13,104.63,183.41,18.88,36.95,0.81,1,-1,-1
28,18,176.39,458.06,132.07,98.24,1.00,4,-1,-1
28,19,347.89,247.69,19.30,41.32,0.44,1,-1,-1
28,20,223.07,517.38,117.38,79.13,0.98,4,-1,-1
28,21,294.93,368.88,114.06,83.53,0.99,4,-1,-1
28,23,620.47,688.01,72.83,149.26,0.69,1,-1,-1
28,24,667.47,641.01,72.15,154.00,0.99,1,-1,-1
28,25,395.53,308.11,82.21,60.41,0.99,4,-1,-1
28,26,369.85,395.78,103.59,86.43,0.99,4,-1,-1
28,27,486.49,247.27,65.18,53.80,0.99,4,-1,-1
28,30,488.42,278.79,90.78,92.98,0.99,5,-1,-1
28,31,468.19,394.83,101.07,97.82,0.96,4,-1,-1
28,32,554.74,217.23,53.89,42.68,0.98,4,-1,-1
28,33,565.46,257.25,60.77,50.95,0.96,4,-1,-1
28,34,603.33,286.14,70.92,57.68,0.99,4,-1,-1
28,35,579.29,333.80,83.37,73.50,0.99,4,-1,-1
28,36,603.05,377.90,89.16,90.79,0.96,4,-1,-1
28,37,650.63,247.17,58.53,51.77,0.95,4,-1,-1
28,38,833.06,247.48,50.26,47.41,0.99,4,-1,-1
28,39,716.21,260.23,52.26,52.02,0.98,4,-1,-1
28,40,752.11,214.80,46.25,42.68,0.88,4,-1,-1
28,41,777.46,184.03,39.46,35.23,0.97,4,-1,-1
28,42,863.61,187.40,42.04,39.28,1.00,4,-1,-1
28,43,894.77,273.70,51.50,50.95,0.99,4,-1,-1
28,44,896.78,134.66,32.12,30.20,0.99,4,-1,-1
28,45,923.42,179.59,35.58,37.56,0.99,4,-1,-1
28,46,926.97,104.20,27.37,25.46,1.00,4,-1,-1
28,47,924.53,74.48,25.13,22.58,0.96,4,-1,-1
28,49,971.38,189.37,39.65,38.13,1.00,4,-1,-1
28,52,986.72,314.21,56.68,56.43,1.00,4,-1,-1
28,53,988.90,68.93,22.67,21.94,0.95,4,-1,-1
28,54,991.34,95.99,26.22,24.71,0.99,4,-1,-1
28,55,1046.57,185.35,35.74,30.61,0.22,4,-1,-1
28,56,1033.37,205.94,54.72,44.39,0.96,4,-1,-1
28,57,1059.14,269.88,16.81,32.86,0.98,2,-1,-1
28,58,1091.39,352.57,65.74,60.98,0.99,4,-1,-1
28,59,1104.90,408.26,72.98,68.19,0.99,4,-1,-1
28,60,1108.73,468.14,74.10,76.88,1.00,4,-1,-1
28,61,1207.61,539.79,26.88,65.27,0.87,1,-1,-1
28,62,1222.83,460.80,26.30,57.57,0.74,2,-1,-1
28,63,1242.97,556.15,28.74,58.14,0.48,1,-1,-1
28,64,1257.92,569.79,29.56,63.11,0.77,1,-1,-1
28,67,1169.45,611.68,58.18,148.20,0.99,1,-1,-1
28,69,1345.96,399.12,23.93,55.99,0.96,1,-1,-1
28,70,1369.65,501.08,24.85,62.05,0.97,1,-1,-1
28,71,1372.38,302.14,88.50,69.43,0.95,4,-1,-1
28,72,1386.37,511.28,28.80,70.39,0.99,1,-1,-1
28,73,1383.03,366.08,23.92,57.51,0.93,1,-1,-1
28,74,1409.60,509.66,27.86,69.72,0.96,1,-1,-1
28,77,1418.93,395.31,23.91,57.26,0.96,1,-1,-1
28,82,1457.30,360.31,19.13,49.63,0.60,1,-1,-1
28,83,1437.76,397.65,26.99,60.25,0.94,1,-1,-1
28,84,1718.99,613.23,61.79,127.33,0.99,1,-1,-1
28,85,1470.07,398.17,24.52,57.78,0.42,1,-1,-1
28,86,1484.54,402.53,23.90,54.51,0.33,1,-1,-1
28,87,1471.53,491.99,31.08,75.08,0.99,1,-1,-1
28,88,1504.02,495.76,28.56,70.64,0.93,1,-1,-1
28,89,1776.62,663.19,67.37,137.95,1.00,1,-1,-1
28,92,1697.84,546.17,44.17,110.77,0.99,1,-1,-1
28,94,1057.55,281.52,18.79,32.34,0.91,10,-1,-1
28,97,1406.45,371.48,23.93,49.51,0.84,1,-1,-1
28,7,120.08,175.65,18.45,38.35,0.73,1,-1,-1
28,110,738.09,171.45,39.47,39.17,0.84,4,-1,-1
28,114,79.63,472.14,33.58,71.69,0.36,1,-1,-1
28,116,1177.27,422.33,25.08,59.93,0.59,1,-1,-1
28,117,1433.12,341.60,21.61,50.01,0.67,1,-1,-1
28,4,40.39,325.26,21.83,52.12,0.69,1,-1,-1
28,29,261.84,724.70,74.65,130.10,0.80,1,-1,-1
28,121,861.28,369.57,65.78,67.78,1.00,4,-1,-1
28,17,279.91,169.39,20.49,34.69,0.66,1,-1,-1
28,50,950.27,76.32,29.74,38.02,0.96,4,-1,-1
28,123,25.89,478.21,28.00,63.03,0.45,1,-1,-1
28,124,1194.62,396.90,24.00,48.14,0.68,2,-1,-1
28,102,1267.19,395.16,23.91,47.39,0.37,1,-1,-1
28,133,1608.71,499.51,36.45,59.83,0.83,2,-1,-1
28,135,1478.19,362.77,18.97,46.98,0.36,1,-1,-1
28,136,1494.54,358.39,17.59,51.05,0.41,1,-1,-1
28,139,65.46,436.75,28.77,64.75,0.17,1,-1,-1
28,142,1648.01,515.41,34.28,83.75,0.53,1,-1,-1
28,143,149.14,318.35,23.97,47.53,0.41,2,-1,-1
28,144,1236.25,537.94,28.75,63.46,0.65,1,-1,-1
28,119,50.42,346.37,26.05,49.14,0.91,2,-1,-1
28,148,1343.37,363.91,21.52,51.60,0.29,1,-1,-1
28,149,681.41,216.57,44.24,41.32,0.87,4,-1,-1
28,151,1194.31,565.76,29.06,55.96,0.33,2,-1,-1
28,153,63.65,618.34,95.56,160.62,1.00,1,-1,-1
28,155,1311.33,391.03,23.94,59.96,0.92,1,-1,-1
28,1,32.05,424.60,28.69,63.06,0.48,1,-1,-1
28,93,158.59,448.05,27.21,37.72,0.59,2,-1,-1
28,156,158.61,448.19,27.20,37.87,0.75,2,-1,-1
28,157,1042.01,508.20,31.46,59.40,0.96,2,-1,-1
28,158,1039.87,515.14,35.94,68.10,0.99,10,-1,-1
28,159,1577.65,507.10,31.31,75.57,0.98,1,-1,-1
28,160,32.99,407.01,27.01,59.72,0.29,1,-1,-1
28,161,117.52,249.66,18.59,43.48,0.82,1,-1,-1
28,115,156.52,392.71,26.49,58.56,0.52,1,-1,-1
28,75,1399.47,361.44,21.59,52.52,0.64,1,-1,-1
28,118,1515.26,537.61,35.83,69.23,0.37,1,-1,-1
28,170,1448.99,351.22,19.13,52.00,0.61,1,-1,-1
28,171,1188.74,608.41,48.41,121.92,0.68,1,-1,-1
28,172,1488.16,547.75,33.47,63.95,0.82,1,-1,-1
28,173,1782.21,663.40,57.38,108.77,0.76,1,-1,-1
28,14,194.41,173.22,19.99,33.98,0.56,1,-1,-1
29,2,12.91,496.89,28.14,60.52,0.53,1,-1,-1
29,6,46.88,503.79,58.15,138.76,0.97,1,-1,-1
29,8,296.59,608.52,77.76,159.96,1.00,1,-1,-1
29,10,144.88,247.39,18.39,43.84,0.45,1,-1,-1
29,11,158.28,258.40,19.82,41.50,0.51,1,-1,-1
29,12,78.93,184.65,18.24,37.05,0.85,1,-1,-1
29,13,103.28,183.28,18.73,37.01,0.88,1,-1,-1
29,18,174.78,459.92,132.23,97.38,1.00,4,-1,-1
29,19,348.53,247.42,18.81,41.47,0.31,1,-1,-1
29,20,216.48,524.30,116.94,76.47,0.98,4,-1,-1
29,21,292.83,371.34,113.29,83.82,0.99,4,-1,-1
29,23,627.31,690.03,74.60,150.12,0.99,1,-1,-1
29,24,676.62,645.05,71.46,148.95,0.99,1,-1,-1
29,25,394.17,310.23,82.15,60.09,0.98,4,-1,-1
29,26,365.69,399.30,104.57,86.92,0.99,4,-1,-1
29,27,484.74,248.47,66.04,54.25,0.98,4,-1,-1
29,30,486.79,280.19,91.35,93.64,0.98,5,-1,-1
29,31,463.22,399.96,102.55,98.73,0.98,4,-1,-1
29,32,554.60,217.84,53.49,42.99,0.98,4,-1,-1
29,33,564.00,258.78,61.15,51.55,0.97,4,-1,-1
29,34,604.15,286.90,69.97,57.59,0.99,4,-1,-1
29,35,575.12,336.87,84.38,74.93,0.99,4,-1,-1
29,36,600.53,381.56,89.17,91.84,0.99,4,-1,-1
29,37,650.61,248.23,58.64,51.77,0.97,4,-1,-1
29,38,836.18,243.66,49.17,46.88,1.00,4,-1,-1
29,39,715.44,262.16,52.55,52.60,0.98,4,-1,-1
29,40,751.44,216.08,47.33,42.58,0.92,4,-1,-1
29,41,777.54,184.68,39.50,35.32,0.97,4,-1,-1
29,42,865.94,184.14,41.74,39.43,1.00,4,-1,-1
29,43,896.95,270.24,50.39,50.22,1.00,4,-1,-1
29,44,897.85,132.96,32.14,30.25,0.99,4,-1,-1
29,45,924.61,177.68,35.67,37.52,0.99,4,-1,-1
29,46,927.83,103.18,27.35,25.25,0.99,4,-1,-1
29,47,925.21,73.85,25.07,22.60,0.99,4,-1,-1
29,49,972.06,187.35,39.36,37.47,1.00,4,-1,-1
29,52,986.90,311.60,56.22,56.07,1.00,4,-1,-1
29,53,989.56,68.29,22.64,21.74,0.90,4,-1,-1
29,54,991.54,95.40,26.22,24.64,0.99,4,-1,-1
29,55,1046.81,185.16,35.75,30.70,0.24,4,-1,-1
29,56,1033.64,205.89,54.25,43.89,0.97,4,-1,-1
29,57,1059.26,268.39,16.74,32.25,0.97,2,-1,-1
29,58,1091.89,352.57,65.74,61.37,0.99,4,-1,-1
29,59,1105.54,408.79,72.97,68.18,0.99,4,-1,-1
29,60,1109.22,468.81,74.11,76.62,1.00,4,-1,-1
29,61,1207.51,540.38,27.31,66.03,0.81,1,-1,-1
29,62,1222.99,461.35,26.30,56.30,0.75,2,-1,-1
29,63,1242.44,555.58,28.66,59.31,0.40,1,-1,-1
29,64,1258.58,570.44,28.98,62.67,0.80,1,-1,-1
29,67,1158.84,611.39,64.99,150.68,0.98,1,-1,-1
29,69,1345.91,399.82,23.98,56.57,0.94,1,-1,-1
29,70,1369.99,501.88,24.24,62.53,0.98,1,-1,-1
29,71,1373.23,302.21,88.50,69.88,0.79,4,-1,-1
29,72,1388.39,513.99,28.80,70.96,0.99,1,-1,-1
29,73,1383.11,366.26,23.92,57.46,0.92,1,-1,-1
29,74,1410.59,511.14,28.45,69.24,0.97,1,-1,-1
29,77,1419.00,395.45,23.91,56.57,0.96,1,-1,-1
29,82,1459.08,361.32,19.13,50.77,0.51,1,-1,-1
29,83,1438.81,397.88,26.51,59.92,0.92,1,-1,-1
29,84,1724.93,610.80,61.99,130.25,0.99,1,-1,-1
29,85,1471.07,398.94,24.13,57.14,0.52,1,-1,-1
29,86,1485.41,403.05,23.90,53.60,0.47,1,-1,-1
29,87,1471.23,491.08,31.06,75.63,1.00,1,-1,-1
29,88,1502.88,495.47,28.58,72.19,0.90,1,-1,-1
29,89,1784.78,660.16,67.09,143.10,0.99,1,-1,-1
29,92,1696.99,550.53,48.03,116.59,0.99,1,-1,-1
29,94,1057.93,280.20,19.01,31.97,0.86,10,-1,-1
29,97,1407.62,372.00,22.45,49.85,0.85,1,-1,-1
29,7,122.53,174.97,19.00,39.07,0.89,1,-1,-1
29,110,738.17,171.98,39.47,39.20,0.87,4,-1,-1
29,114,81.17,470.13,32.51,71.77,0.53,1,-1,-1
29,116,1177.50,422.65,25.87,60.62,0.77,1,-1,-1
29,117,1433.23,342.09,21.60,49.40,0.75,1,-1,-1
29,4,40.69,325.57,22.26,51.59,0.75,1,-1,-1
29,29,251.56,724.04,76.62,126.54,0.47,1,-1,-1
29,121,865.35,363.65,62.98,66.15,0.99,4,-1,-1
29,17,282.53,169.08,20.55,35.24,0.57,1,-1,-1
29,50,951.30,75.39,28.98,37.21,0.97,4,-1,-1
29,123,27.42,478.26,28.74,65.16,0.54,1,-1,-1
29,124,1194.06,397.23,24.72,47.46,0.78,2,-1,-1
29,102,1267.23,394.86,23.93,47.68,0.65,1,-1,-1
29,133,1609.41,500.20,37.64,59.31,0.88,2,-1,-1
29,135,1479.84,362.74,17.39,46.85,0.23,1,-1,-1
29,136,1496.40,358.75,16.97,48.87,0.55,1,-1,-1
29,142,1649.64,516.13,33.56,83.43,0.53,1,-1,-1
29,143,147.01,320.22,23.38,48.16,0.54,2,-1,-1
29,144,1236.83,538.34,30.34,64.95,0.66,1,-1,-1
29,119,46.39,348.85,25.83,48.74,0.84,2,-1,-1
29,148,1343.46,364.02,21.52,51.03,0.35,1,-1,-1
29,149,680.84,217.37,44.24,41.51,0.84,4,-1,-1
29,151,1194.30,565.89,29.59,59.32,0.62,1,-1,-1
29,153,74.09,618.00,93.20,161.92,1.00,1,-1,-1
29,155,1312.55,391.36,23.94,59.59,0.93,1,-1,-1
29,1,34.51,423.07,28.93,65.31,0.43,1,-1,-1
29,93,158.97,448.70,27.04,37.27,0.78,2,-1,-1
29,157,1040.73,500.80,31.73,59.43,0.81,2,-1,-1
29,158,1038.68,507.02,35.90,68.51,0.99,10,-1,-1
29,159,1575.83,505.80,30.79,74.59,0.98,1,-1,-1
29,160,34.88,407.76,27.21,60.18,0.22,1,-1,-1
29,161,116.96,250.99,18.55,43.58,0.77,1,-1,-1
29,115,157.36,393.23,26.20,58.95,0.40,1,-1,-1
29,75,1400.63,362.54,21.58,51.93,0.65,1,-1,-1
29,118,1516.83,538.49,37.41,71.76,0.32,1,-1,-1
29,170,1448.88,350.81,19.13,50.62,0.66,1,-1,-1
29,171,1182.59,609.74,49.85,129.82,0.80,1,-1,-1
29,172,1486.34,546.68,35.38,68.26,0.60,1,-1,-1
29,14,195.01,173.34,19.41,35.29,0.74,1,-1,-1
29,174,757.83,142.17,35.86,33.84,0.68,4,-1,-1
29,175,1841.98,554.92,59.77,115.65,0.71,1,-1,-1
29,91,1623.18,515.50,38.19,81.78,0.68,2,-1,-1
30,2,13.32,497.38,28.88,60.45,0.63,1,-1,-1
30,6,47.86,503.90,58.06,139.85,0.98,1,-1,-1
30,8,305.27,610.53,72.93,159.51,0.99,1,-1,-1
30,10,146.26,247.35,18.14,42.90,0.54,1,-1,-1
30,11,159.65,257.83,19.36,40.87,0.67,1,-1,-1
30,12,78.12,184.77,17.91,36.48,0.84,1,-1,-1
30,13,102.25,183.38,18.28,36.83,0.89,1,-1,-1
30,18,173.68,461.68,131.76,97.44,1.00,4,-1,-1
30,19,348.95,247.39,18.62,41.32,0.38,1,-1,-1
30,20,212.40,531.42,113.79,67.82,0.92,4,-1,-1
30,21,290.17,373.53,113.75,84.30,0.98,4,-1,-1
30,23,632.76,693.06,77.58,150.44,0.99,1,-1,-1
30,24,684.88,647.72,69.57,146.94,0.99,1,-1,-1
30,25,392.33,311.93,82.10,60.35,0.99,4,-1,-1
30,26,361.68,402.45,105.69,88.63,0.99,4,-1,-1
30,27,482.73,250.13,65.96,55.40,0.99,4,-1,-1
30,30,485.04,281.72,91.94,94.36,0.99,5,-1,-1
30,31,457.72,404.49,104.24,100.20,0.94,4,-1,-1
30,32,554.14,218.61,53.33,42.90,0.98,4,-1,-1
30,33,562.29,260.36,61.68,51.86,0.97,4,-1,-1
30,34,604.65,287.72,69.39,57.55,0.99,4,-1,-1
30,35,570.10,339.87,84.73,76.62,0.99,4,-1,-1
30,36,598.06,385.37,89.14,92.21,0.95,4,-1,-1
30,37,650.59,249.15,57.88,51.76,0.97,4,-1,-1
30,38,838.37,239.62,48.79,46.50,1.00,4,-1,-1
30,39,714.36,263.99,52.65,53.39,0.99,4,-1,-1
30,40,750.78,216.90,47.73,43.52,0.90,4,-1,-1
30,41,777.53,185.27,39.50,35.74,0.97,4,-1,-1
30,42,867.48,181.73,41.64,38.89,1.00,4,-1,-1
30,43,898.44,266.93,50.01,49.98,1.00,4,-1,-1
30,44,898.97,131.43,32.16,30.33,0.99,4,-1,-1
30,45,926.16,176.24,34.92,36.71,0.99,4,-1,-1
30,46,928.86,102.33,27.35,24.98,0.99,4,-1,-1
30,47,925.40,72.92,25.05,22.60,0.99,4,-1,-1
30,49,972.63,185.18,39.27,37.05,1.00,4,-1,-1
30,52,987.30,308.73,55.27,55.56,1.00,4,-1,-1
30,53,989.76,67.54,22.64,21.79,0.76,4,-1,-1
30,54,991.57,94.84,26.23,24.62,0.98,4,-1,-1
30,55,1047.23,185.27,34.97,30.54,0.53,4,-1,-1
30,56,1032.54,205.56,55.62,44.10,0.97,4,-1,-1
30,57,1059.24,266.99,16.71,32.03,0.96,2,-1,-1
30,58,1092.41,352.93,64.95,61.13,0.99,4,-1,-1
30,59,1105.72,409.35,72.97,68.17,0.99,4,-1,-1
30,60,1108.55,468.63,74.89,77.31,1.00,4,-1,-1
30,61,1207.80,540.76,27.07,66.71,0.85,1,-1,-1
30,62,1222.98,461.92,26.29,55.01,0.62,2,-1,-1
30,63,1242.17,556.29,28.64,58.01,0.33,1,-1,-1
30,64,1258.74,570.85,28.76,62.70,0.82,1,-1,-1
30,67,1152.11,614.40,63.52,149.26,0.97,1,-1,-1
30,69,1346.62,400.62,22.42,56.00,0.95,1,-1,-1
30,70,1370.03,501.93,24.01,62.71,0.97,1,-1,-1
30,71,1374.27,302.70,86.92,69.55,0.90,4,-1,-1
30,72,1389.85,515.73,28.79,71.17,0.99,1,-1,-1
30,73,1383.07,366.69,23.92,57.44,0.92,1,-1,-1
30,74,1412.41,512.62,27.11,68.64,0.97,1,-1,-1
30,77,1419.74,395.31,23.90,57.10,0.96,1,-1,-1
30,82,1459.65,361.50,19.13,51.20,0.36,1,-1,-1
30,83,1439.12,397.77,26.33,59.80,0.92,1,-1,-1
30,84,1734.68,609.49,58.89,131.33,0.99,1,-1,-1
30,85,1470.57,400.03,23.98,56.10,0.38,1,-1,-1
30,86,1485.66,403.84,23.90,52.46,0.49,1,-1,-1
30,87,1470.29,490.95,31.05,75.05,1.00,1,-1,-1
30,88,1501.61,495.57,28.59,72.38,0.94,1,-1,-1
30,89,1792.98,659.01,65.39,145.02,0.99,1,-1,-1
30,92,1698.07,556.15,51.01,116.37,0.98,1,-1,-1
30,94,1058.01,278.46,19.09,31.95,0.84,10,-1,-1
30,97,1408.81,372.54,21.85,49.59,0.79,1,-1,-1
30,7,124.21,174.78,18.70,39.14,0.89,1,-1,-1
30,110,738.16,172.44,39.47,39.40,0.82,4,-1,-1
30,114,82.40,470.10,32.10,72.18,0.63,1,-1,-1
30,116,1178.30,422.74,25.38,61.27,0.77,1,-1,-1
30,117,1433.20,342.85,21.59,48.77,0.77,1,-1,-1
30,4,40.52,325.84,23.01,52.99,0.80,2,-1,-1
30,29,239.94,722.54,83.03,166.52,0.95,1,-1,-1
30,121,867.09,357.55,62.82,64.78,0.99,4,-1,-1
30,17,284.73,169.43,20.58,34.66,0.74,1,-1,-1
30,50,952.03,74.81,28.70,36.73,0.98,4,-1,-1
30,123,28.32,478.22,30.77,66.32,0.56,1,-1,-1
30,124,1194.57,397.72,24.21,48.41,0.73,2,-1,-1
30,102,1267.97,395.31,23.93,48.18,0.67,1,-1,-1
30,133,1611.12,500.05,38.07,61.44,0.79,2,-1,-1
30,135,1480.28,363.17,16.80,46.43,0.15,1,-1,-1
30,136,1496.95,358.67,16.76,48.47,0.48,1,-1,-1
30,142,1649.27,517.18,34.94,84.47,0.70,1,-1,-1
30,143,143.31,322.18,23.75,49.18,0.67,1,-1,-1
30,144,1237.72,538.45,29.36,64.73,0.71,1,-1,-1
30,119,41.59,350.07,25.79,49.36,0.91,2,-1,-1
30,148,1344.24,364.45,21.51,49.62,0.35,1,-1,-1
30,149,680.22,218.60,44.24,41.77,0.84,4,-1,-1
30,151,1194.63,566.48,29.39,59.22,0.56,1,-1,-1
30,153,90.13,617.39,83.07,162.39,1.00,1,-1,-1
30,155,1313.69,391.66,23.93,59.02,0.93,1,-1,-1
30,1,36.16,421.68,29.61,68.47,0.37,1,-1,-1
30,93,159.30,449.08,27.56,37.10,0.86,2,-1,-1
30,157,1039.86,493.16,31.04,58.65,0.88,2,-1,-1
30,158,1038.27,498.22,34.24,69.00,0.98,10,-1,-1
30,159,1572.66,504.54,32.36,73.33,0.97,1,-1,-1
30,161,116.27,252.24,18.84,43.41,0.79,1,-1,-1
30,115,158.17,393.56,26.68,58.31,0.63,1,-1,-1
30,75,1400.98,364.50,21.57,51.29,0.61,1,-1,-1
30,118,1518.08,539.01,37.99,72.37,0.85,1,-1,-1
30,170,1446.90,351.78,20.98,48.74,0.62,1,-1,-1
30,171,1176.82,611.59,50.12,131.09,0.88,1,-1,-1
30,172,1485.97,546.96,33.93,68.62,0.80,1,-1,-1
30,14,195.53,173.45,19.20,35.77,0.71,1,-1,-1
30,174,758.33,142.60,35.86,34.20,0.63,4,-1,-1
30,175,1841.09,556.25,59.77,117.81,0.71,1,-1,-1
30,91,1623.76,515.70,38.24,82.66,0.86,2,-1,-1
30,176,40.01,325.42,23.83,54.98,0.86,1,-1,-1
30,177,1790.58,661.01,64.55,106.38,0.67,1,-1,-1
31,2,13.74,497.89,28.90,60.42,0.74,1,-1,-1
31,6,48.81,508.22,58.62,136.90,0.97,1,-1,-1
31,8,314.23,612.55,67.40,159.31,0.99,1,-1,-1
31,10,147.52,247.78,18.14,42.74,0.64,1,-1,-1
31,11,160.80,257.36,19.58,41.24,0.57,1,-1,-1
31,12,76.77,184.93,17.79,36.07,0.64,1,-1,-1
31,13,101.48,183.74,18.11,36.96,0.91,1,-1,-1
31,18,172.09,463.77,132.55,96.67,1.00,4,-1,-1
31,19,349.69,247.51,18.15,41.27,0.38,1,-1,-1
31,21,286.91,376.38,114.89,84.46,0.99,4,-1,-1
31,23,639.27,695.47,81.02,151.35,0.99,1,-1,-1
31,24,693.22,650.79,64.86,145.39,0.99,1,-1,-1
31,25,390.72,313.43,82.46,61.62,0.98,4,-1,-1
31,26,357.55,405.25,106.47,90.81,1.00,4,-1,-1
31,27,481.02,251.93,66.70,55.53,0.98,4,-1,-1
31,30,483.65,284.64,91.75,94.12,0.98,5,-1,-1
31,31,451.67,409.93,106.41,101.89,0.98,4,-1,-1
31,32,553.58,219.51,53.66,43.25,0.98,4,-1,-1
31,33,560.90,262.12,61.87,52.46,0.95,4,-1,-1
31,34,604.86,288.83,69.17,58.01,0.99,4,-1,-1
31,35,565.37,343.98,85.04,78.02,0.98,4,-1,-1
31,36,594.84,389.78,91.06,93.51,0.93,4,-1,-1
31,37,650.21,250.77,57.58,51.36,0.94,4,-1,-1
31,38,841.07,236.53,47.88,45.39,1.00,4,-1,-1
31,39,713.19,267.00,52.68,53.20,0.99,4,-1,-1
31,40,750.15,218.38,47.88,43.67,0.90,4,-1,-1
31,41,777.14,186.30,39.50,35.70,0.96,4,-1,-1
31,42,869.57,179.38,41.63,38.71,1.00,4,-1,-1
31,43,900.12,263.89,49.10,49.22,0.99,4,-1,-1
31,44,900.13,129.90,31.38,30.02,0.98,4,-1,-1
31,45,927.90,175.00,33.85,35.63,1.00,4,-1,-1
31,46,930.00,101.78,26.56,24.39,0.99,4,-1,-1
31,47,926.24,72.27,24.26,22.35,0.99,4,-1,-1
31,49,973.60,183.30,38.46,36.51,1.00,4,-1,-1
31,52,987.84,305.90,54.13,54.99,1.00,4,-1,-1
31,53,989.83,66.90,22.64,21.86,0.70,4,-1,-1
31,54,991.98,94.56,26.23,24.41,0.99,4,-1,-1
31,55,1048.16,185.63,35.48,31.07,0.20,4,-1,-1
31,56,1031.75,205.47,56.13,44.18,0.97,4,-1,-1
31,57,1059.63,265.97,16.71,31.75,0.98,2,-1,-1
31,58,1092.60,353.38,65.45,61.42,0.99,4,-1,-1
31,59,1106.18,409.67,72.96,69.35,0.99,4,-1,-1
31,60,1108.29,469.66,75.19,76.78,1.00,4,-1,-1
31,61,1208.31,541.40,27.37,66.95,0.76,1,-1,-1
31,62,1223.76,462.84,26.29,54.13,0.41,2,-1,-1
31,63,1242.86,558.46,28.63,60.50,0.24,1,-1,-1
31,64,1259.60,571.70,28.68,61.33,0.84,1,-1,-1
31,67,1145.51,618.07,62.84,145.53,0.98,1,-1,-1
31,69,1346.92,402.38,21.80,54.98,0.94,1,-1,-1
31,70,1370.84,502.44,23.93,61.59,0.97,1,-1,-1
31,71,1373.86,303.29,87.91,69.52,0.67,4,-1,-1
31,72,1391.95,517.44,28.78,71.63,0.98,1,-1,-1
31,73,1382.26,367.36,23.92,56.63,0.92,1,-1,-1
31,74,1413.88,514.85,26.58,67.21,0.98,1,-1,-1
31,77,1420.02,395.39,23.90,57.69,0.96,1,-1,-1
31,82,1460.63,361.89,19.13,50.97,0.31,1,-1,-1
31,83,1439.23,397.66,26.27,58.97,0.91,1,-1,-1
31,84,1741.19,608.72,57.72,131.73,0.98,1,-1,-1
31,85,1470.39,399.98,23.92,56.11,0.30,1,-1,-1
31,86,1485.77,404.67,23.90,52.44,0.44,1,-1,-1
31,87,1469.18,492.05,31.05,73.63,0.99,1,-1,-1
31,88,1501.17,495.77,28.60,70.87,0.94,1,-1,-1
31,89,1798.10,661.06,67.96,144.19,1.00,1,-1,-1
31,92,1699.96,560.16,53.72,117.53,0.98,1,-1,-1
31,94,1058.42,278.30,19.12,30.65,0.77,10,-1,-1
31,97,1409.24,374.03,21.63,50.70,0.83,1,-1,-1
31,7,127.03,175.23,18.49,38.77,0.92,1,-1,-1
31,110,738.55,173.12,39.46,39.66,0.84,4,-1,-1
31,114,83.02,468.64,32.66,72.73,0.87,1,-1,-1
31,116,1178.60,423.47,25.18,61.12,0.58,1,-1,-1
31,117,1433.98,343.65,20.01,49.32,0.70,1,-1,-1
31,4,40.42,325.89,23.83,55.48,0.86,1,-1,-1
31,29,229.98,722.90,86.39,174.85,0.95,1,-1,-1
31,121,868.84,351.92,62.80,63.50,1.00,4,-1,-1
31,17,286.76,170.19,20.79,34.83,0.69,1,-1,-1
31,50,952.28,74.48,28.61,35.83,0.97,4,-1,-1
31,123,28.73,479.32,30.72,66.37,0.78,1,-1,-1
31,124,1194.36,398.61,24.80,48.37,0.60,2,-1,-1
31,102,1268.24,395.99,23.93,48.36,0.75,1,-1,-1
31,133,1614.09,500.71,38.24,59.90,0.81,2,-1,-1
31,136,1498.72,358.56,16.69,44.32,0.31,1,-1,-1
31,142,1651.50,518.28,33.87,82.89,0.63,1,-1,-1
31,143,139.09,324.76,24.04,49.95,0.65,2,-1,-1
31,144,1239.55,538.99,28.96,64.25,0.69,1,-1,-1
31,119,36.21,351.97,25.48,50.77,0.83,2,-1,-1
31,148,1343.75,364.52,21.51,49.10,0.29,1,-1,-1
31,149,680.00,219.85,44.24,42.26,0.78,4,-1,-1
31,151,1195.15,567.22,28.91,60.30,0.45,1,-1,-1
31,153,107.01,618.07,70.66,160.16,1.00,1,-1,-1
31,155,1314.87,392.90,23.93,57.99,0.92,1,-1,-1
31,1,38.02,423.22,28.81,65.43,0.27,1,-1,-1
31,93,160.10,449.75,27.36,37.04,0.91,2,-1,-1
31,157,1039.19,486.39,30.83,57.58,0.92,2,-1,-1
31,158,1037.38,491.56,34.45,67.14,0.96,10,-1,-1
31,159,1569.99,503.63,32.91,73.64,0.97,1,-1,-1
31,161,115.43,253.49,19.15,42.73,0.85,1,-1,-1
31,115,159.34,393.81,26.66,58.46,0.79,1,-1,-1
31,75,1401.89,364.36,21.57,50.25,0.61,1,-1,-1
31,118,1518.53,539.33,38.21,76.87,0.90,1,-1,-1
31,170,1447.98,353.53,19.87,49.15,0.49,1,-1,-1
31,171,1168.37,612.03,52.06,129.47,0.90,1,-1,-1
31,172,1484.87,545.69,33.43,71.50,0.92,1,-1,-1
31,14,196.10,174.11,18.73,35.74,0.46,1,-1,-1
31,174,758.89,143.30,34.94,33.64,0.71,4,-1,-1
31,175,1841.86,558.45,59.77,124.63,0.81,1,-1,-1
31,91,1624.75,516.87,38.26,82.97,0.92,2,-1,-1
31,178,53.00,496.35,36.05,77.70,0.61,1,-1,-1
31,179,177.21,819.39,176.91,200.81,0.63,4,-1,-1
31,180,1516.85,539.38,38.25,78.59,0.87,2,-1,-1
31,181,1598.13,510.40,31.08,70.52,0.66,1,-1,-1
31,90,1504.75,445.32,26.28,59.18,0.54,1,-1,-1
31,160,40.49,406.17,27.03,62.78,0.57,1,-1,-1
32,2,14.89,498.40,28.98,60.81,0.85,1,-1,-1
32,6,50.35,512.37,58.25,134.38,0.99,1,-1,-1
32,8,322.72,614.00,63.70,160.01,0.99,1,-1,-1
32,10,149.23,247.79,17.84,42.29,0.75,1,-1,-1
32,11,162.55,256.93,18.68,39.80,0.36,1,-1,-1
32,12,75.82,185.21,17.54,35.51,0.78,1,-1,-1
32,13,100.51,184.01,18.15,36.82,0.93,1,-1,-1
32,18,170.69,465.59,133.01,96.78,1.00,4,-1,-1
32,19,350.24,247.91,17.97,41.05,0.30,1,-1,-1
32,21,284.29,378.90,115.49,85.30,0.99,4,-1,-1
32,23,645.09,698.66,83.09,150.12,0.99,1,-1,-1
32,24,703.26,652.25,57.37,146.41,0.99,1,-1,-1
32,25,388.49,315.08,83.37,62.49,0.99,4,-1,-1
32,26,352.48,409.67,108.29,90.85,0.99,4,-1,-1
32,27,480.12,253.81,66.97,55.08,0.98,4,-1,-1
32,30,481.50,287.33,92.05,93.72,0.99,5,-1,-1
32,31,445.87,415.54,108.75,103.68,0.98,4,-1,-1
32,32,553.27,220.29,53.78,43.77,0.98,4,-1,-1
32,33,559.92,264.08,61.73,52.68,0.96,4,-1,-1
32,34,604.83,289.88,69.28,58.48,0.99,4,-1,-1
32,35,560.65,347.38,86.31,79.69,0.99,4,-1,-1
32,36,592.61,393.67,91.37,94.76,0.88,4,-1,-1
32,37,649.77,252.11,57.46,51.21,0.94,4,-1,-1
32,38,843.22,233.57,47.58,44.40,1.00,4,-1,-1
32,39,712.07,270.03,53.47,52.91,0.99,4,-1,-1
32,40,750.02,219.58,47.92,44.12,0.91,4,-1,-1
32,41,777.47,187.53,39.49,35.48,0.96,4,-1,-1
32,42,871.55,177.61,40.84,38.27,1.00,4,-1,-1
32,43,901.55,260.93,48.79,48.96,1.00,4,-1,-1
32,44,900.99,128.50,31.09,29.91,0.99,4,-1,-1
32,45,928.97,173.31,33.46,35.64,1.00,4,-1,-1
32,46,931.26,101.17,26.28,24.08,1.00,4,-1,-1
32,47,927.02,71.88,23.96,21.94,0.99,4,-1,-1
32,49,974.80,181.59,38.17,35.73,1.00,4,-1,-1
32,52,988.10,303.46,53.72,54.70,1.00,4,-1,-1
32,53,990.33,66.56,21.85,21.81,0.69,4,-1,-1
32,54,992.21,94.23,26.24,24.34,0.99,4,-1,-1
32,55,1048.96,186.06,34.88,31.47,0.12,4,-1,-1
32,56,1031.16,205.45,56.30,44.01,0.97,4,-1,-1
32,57,1060.23,264.96,16.70,32.05,0.97,2,-1,-1
32,58,1093.12,353.93,64.84,61.93,0.99,4,-1,-1
32,59,1106.41,410.57,72.95,69.40,0.99,4,-1,-1
32,60,1109.43,470.43,74.51,76.59,1.00,4,-1,-1
32,61,1208.15,542.02,27.87,67.82,0.76,1,-1,-1
32,62,1224.10,463.78,26.29,53.01,0.44,2,-1,-1
32,64,1259.95,572.60,28.65,62.21,0.89,1,-1,-1
32,67,1139.78,617.87,58.62,143.31,0.98,1,-1,-1
32,69,1345.48,403.82,23.18,54.59,0.92,1,-1,-1
32,70,1371.97,503.00,23.89,60.76,0.96,1,-1,-1
32,71,1373.76,304.01,88.27,69.81,0.77,4,-1,-1
32,72,1393.55,519.23,28.76,71.79,0.99,1,-1,-1
32,73,1381.23,368.01,25.49,56.72,0.92,1,-1,-1
32,74,1415.23,516.85,26.37,68.25,0.99,1,-1,-1
32,77,1420.97,395.65,23.90,57.13,0.97,1,-1,-1
32,82,1461.03,362.07,19.12,49.30,0.35,1,-1,-1
32,83,1439.32,398.44,24.66,57.86,0.95,1,-1,-1
32,84,1744.90,609.06,60.52,130.89,0.99,1,-1,-1
32,85,1471.17,399.40,23.90,56.52,0.33,1,-1,-1
32,86,1485.07,405.01,23.90,52.85,0.27,1,-1,-1
32,87,1468.85,493.52,31.04,72.30,0.99,1,-1,-1
32,88,1501.09,495.51,27.02,70.28,0.93,1,-1,-1
32,89,1801.42,662.71,72.01,143.84,0.99,1,-1,-1
32,92,1702.20,564.56,54.76,118.89,0.99,1,-1,-1
32,94,1059.43,273.75,17.55,31.81,0.94,2,-1,-1
32,97,1408.65,374.98,23.14,52.69,0.88,1,-1,-1
32,7,129.39,175.14,18.51,39.02,0.91,1,-1,-1
32,110,738.78,173.73,39.46,39.76,0.88,4,-1,-1
32,114,84.01,470.78,32.27,71.75,0.68,1,-1,-1
32,116,1178.76,424.14,25.11,61.46,0.76,1,-1,-1
32,117,1434.34,345.73,21.01,48.74,0.49,1,-1,-1
32,4,42.14,327.00,22.87,53.32,0.71,1,-1,-1
32,29,222.53,723.38,85.86,165.59,0.93,1,-1,-1
32,121,871.86,346.93,62.03,62.27,1.00,4,-1,-1
32,17,289.14,170.82,20.67,34.51,0.59,1,-1,-1
32,50,953.63,74.12,27.79,35.42,0.96,4,-1,-1
32,123,29.16,480.25,30.29,66.78,0.85,1,-1,-1
32,124,1195.13,399.53,24.23,47.97,0.74,2,-1,-1
32,102,1268.40,396.64,23.93,48.83,0.69,1,-1,-1
32,133,1616.78,502.57,36.71,66.73,0.60,2,-1,-1
32,136,1500.18,359.36,18.27,47.75,0.28,1,-1,-1
32,142,1651.51,520.11,35.08,85.45,0.51,1,-1,-1
32,143,135.42,327.17,24.53,52.59,0.79,2,-1,-1
32,144,1240.21,539.77,28.80,64.85,0.75,1,-1,-1
32,119,32.65,354.31,25.61,47.79,0.52,2,-1,-1
32,148,1343.63,365.16,21.51,48.92,0.17,1,-1,-1
32,149,679.63,221.15,44.23,42.44,0.78,4,-1,-1
32,151,1195.79,568.08,29.93,60.88,0.60,1,-1,-1
32,153,121.61,618.63,71.03,162.53,1.00,1,-1,-1
32,155,1316.12,393.78,23.92,57.19,0.93,1,-1,-1
32,1,39.72,423.98,28.46,64.57,0.29,1,-1,-1
32,93,161.18,450.32,27.28,37.02,0.84,2,-1,-1
32,157,1038.64,480.42,29.96,55.18,0.65,2,-1,-1
32,158,1036.36,483.96,34.53,67.19,0.96,10,-1,-1
32,159,1568.31,503.17,33.14,73.73,0.99,1,-1,-1
32,161,114.54,254.16,19.16,42.28,0.93,1,-1,-1
32,115,160.07,394.62,26.84,56.94,0.80,1,-1,-1
32,75,1403.86,365.28,21.56,50.64,0.42,1,-1,-1
32,118,1517.91,539.86,38.29,79.32,0.98,1,-1,-1
32,170,1446.76,355.16,21.12,48.00,0.63,1,-1,-1
32,171,1159.28,612.75,55.29,130.02,0.95,1,-1,-1
32,172,1483.68,543.76,33.31,74.38,0.94,1,-1,-1
32,14,196.71,174.21,19.15,36.31,0.39,1,-1,-1
32,174,759.59,144.03,34.63,32.99,0.76,4,-1,-1
32,175,1843.03,561.18,57.90,128.10,0.70,1,-1,-1
32,91,1626.70,517.90,38.26,85.81,0.89,2,-1,-1
32,179,162.50,833.39,181.80,212.31,0.92,4,-1,-1
32,181,1596.31,510.63,31.07,72.92,0.86,1,-1,-1
32,90,1503.72,445.18,26.29,59.59,0.59,1,-1,-1
32,160,43.60,406.47,26.97,63.30,0.57,1,-1,-1
32,182,1038.13,478.72,31.08,57.38,0.64,1,-1,-1
32,183,1058.45,277.01,19.12,30.48,0.89,10,-1,-1
33,2,15.32,499.42,29.67,61.33,0.81,1,-1,-1
33,6,51.74,516.33,57.88,131.05,0.99,1,-1,-1
33,8,331.75,617.67,61.98,159.46,0.99,1,-1,-1
33,10,150.71,247.96,18.53,42.53,0.79,1,-1,-1
33,11,163.93,257.35,18.94,40.86,0.37,1,-1,-1
33,12,74.67,185.88,17.66,35.71,0.90,1,-1,-1
33,13,99.35,184.27,18.17,36.96,0.94,1,-1,-1
33,18,169.46,468.23,133.35,97.21,1.00,4,-1,-1
33,19,350.81,248.73,18.71,40.77,0.53,1,-1,-1
33,21,281.91,381.21,115.98,86.37,0.99,4,-1,-1
33,23,655.54,702.20,77.69,148.05,0.99,1,-1,-1
33,24,711.78,653.58,54.60,152.31,0.99,1,-1,-1
33,25,387.10,317.47,83.69,62.41,0.99,4,-1,-1
33,26,347.72,415.22,109.73,90.81,0.98,4,-1,-1
33,27,478.61,256.03,67.05,55.39,0.99,4,-1,-1
33,30,479.53,289.54,92.54,94.72,0.96,5,-1,-1
33,31,440.46,421.89,109.60,105.48,0.97,4,-1,-1
33,32,553.12,221.62,53.82,44.16,0.98,4,-1,-1
33,33,558.97,266.21,61.47,52.35,0.97,4,-1,-1
33,34,604.79,291.20,69.31,59.32,0.99,4,-1,-1
33,35,556.79,351.76,86.95,80.69,0.99,4,-1,-1
33,36,590.43,398.41,91.26,95.60,0.92,4,-1,-1
33,37,649.18,253.33,58.20,51.34,0.94,4,-1,-1
33,38,845.84,230.61,46.69,44.06,1.00,4,-1,-1
33,39,710.45,272.84,54.54,53.67,0.99,4,-1,-1
33,40,749.53,221.25,47.92,44.67,0.89,4,-1,-1
33,41,777.54,188.84,39.49,35.58,0.96,4,-1,-1
33,42,873.34,175.84,40.56,37.92,1.00,4,-1,-1
33,43,902.74,258.16,48.70,48.39,1.00,4,-1,-1
33,44,901.60,127.61,30.99,29.68,0.98,4,-1,-1
33,45,929.65,172.23,33.33,35.66,1.00,4,-1,-1
33,46,932.00,100.25,26.18,24.78,0.99,4,-1,-1
33,47,927.22,71.59,23.85,21.89,0.99,4,-1,-1
33,49,975.53,180.12,38.08,35.25,1.00,4,-1,-1
33,52,988.11,301.72,53.59,54.62,1.00,4,-1,-1
33,53,991.24,66.62,21.56,21.80,0.40,4,-1,-1
33,54,992.62,94.05,26.24,24.52,0.98,4,-1,-1
33,55,1049.55,187.28,35.46,31.23,0.19,4,-1,-1
33,56,1030.87,205.81,56.35,43.95,0.97,4,-1,-1
33,57,1060.36,264.01,16.70,32.36,0.96,2,-1,-1
33,58,1093.22,354.98,65.40,62.12,0.99,4,-1,-1
33,59,1107.19,411.73,72.15,69.02,0.99,4,-1,-1
33,60,1110.17,471.53,73.45,76.11,1.00,4,-1,-1
33,61,1208.38,543.25,27.66,66.58,0.74,1,-1,-1
33,62,1224.12,464.95,26.29,53.01,0.71,2,-1,-1
33,64,1259.98,574.15,28.64,62.93,0.83,1,-1,-1
33,67,1133.87,617.81,55.36,142.48,0.99,1,-1,-1
33,69,1344.09,405.75,23.68,55.63,0.94,1,-1,-1
33,70,1373.07,504.22,23.88,60.05,0.93,1,-1,-1
33,71,1375.97,305.91,85.24,67.94,0.76,4,-1,-1
33,72,1394.01,521.46,28.75,71.44,0.99,1,-1,-1
33,73,1381.51,369.28,24.53,56.36,0.91,1,-1,-1
33,74,1415.58,519.18,26.30,69.81,0.99,1,-1,-1
33,77,1421.21,396.60,23.90,56.11,0.95,1,-1,-1
33,82,1461.82,361.78,19.12,49.85,0.36,1,-1,-1
33,83,1438.42,399.58,25.68,57.05,0.95,1,-1,-1
33,84,1748.34,612.39,61.54,128.18,0.99,1,-1,-1
33,85,1471.34,399.24,23.89,56.67,0.33,1,-1,-1
33,86,1484.70,405.18,23.90,51.02,0.14,1,-1,-1
33,87,1467.86,495.52,31.04,71.81,0.99,1,-1,-1
33,88,1500.99,495.68,26.42,70.45,0.90,1,-1,-1
33,89,1804.65,666.52,75.09,139.74,0.99,1,-1,-1
33,92,1706.71,569.88,52.06,119.15,0.99,1,-1,-1
33,94,1059.71,274.61,18.57,31.14,0.73,10,-1,-1
33,97,1407.55,376.53,23.69,53.05,0.89,1,-1,-1
33,7,131.37,175.68,17.72,38.52,0.89,1,-1,-1
33,110,738.42,175.01,40.24,39.79,0.87,4,-1,-1
33,114,84.55,471.25,32.72,72.94,0.78,1,-1,-1
33,116,1179.12,425.41,25.08,61.18,0.77,1,-1,-1
33,117,1434.37,348.35,19.80,47.32,0.44,1,-1,-1
33,4,43.32,327.50,22.39,54.03,0.82,1,-1,-1
33,29,214.57,725.98,84.92,163.79,0.93,1,-1,-1
33,121,874.41,341.83,60.18,61.05,1.00,4,-1,-1
33,17,290.93,170.53,20.42,34.58,0.68,1,-1,-1
33,50,953.63,73.71,28.29,35.47,0.92,4,-1,-1
33,123,29.56,481.63,30.27,66.93,0.90,1,-1,-1
33,124,1195.72,400.70,24.01,48.21,0.60,2,-1,-1
33,102,1269.14,397.52,23.92,48.99,0.55,1,-1,-1
33,133,1616.81,506.14,36.12,78.25,0.53,2,-1,-1
33,136,1501.36,360.49,18.84,50.06,0.17,1,-1,-1
33,142,1655.30,521.80,33.94,87.55,0.25,1,-1,-1
33,143,132.06,329.64,24.71,53.19,0.78,2,-1,-1
33,144,1241.89,541.28,27.15,63.10,0.75,1,-1,-1
33,119,28.80,357.57,25.70,47.80,0.45,2,-1,-1
33,149,679.45,222.56,44.22,43.48,0.90,4,-1,-1
33,151,1196.33,569.41,29.91,62.42,0.77,1,-1,-1
33,153,133.91,621.65,78.88,161.80,1.00,1,-1,-1
33,1,41.48,424.91,27.73,63.44,0.31,1,-1,-1
33,93,161.57,451.57,27.64,37.01,0.78,2,-1,-1
33,157,1038.42,473.35,29.68,55.57,0.81,2,-1,-1
33,158,1035.95,478.47,32.96,64.78,0.94,10,-1,-1
33,159,1567.65,503.28,31.64,71.74,0.96,1,-1,-1
33,161,113.77,255.25,19.26,42.53,0.93,1,-1,-1
33,115,161.11,395.17,26.12,56.36,0.72,1,-1,-1
33,75,1403.69,366.46,21.55,54.33,0.16,1,-1,-1
33,118,1519.08,541.26,36.73,79.09,0.95,1,-1,-1
33,170,1446.27,356.13,19.90,48.08,0.59,1,-1,-1
33,171,1154.19,615.13,50.55,121.60,0.75,1,-1,-1
33,172,1483.22,542.92,31.56,74.69,0.90,1,-1,-1
33,14,197.12,175.10,19.31,36.32,0.32,1,-1,-1
33,174,759.73,145.24,34.56,32.74,0.73,4,-1,-1
33,175,1840.52,563.56,59.14,127.96,0.80,1,-1,-1
33,91,1629.62,520.63,38.25,85.72,0.90,2,-1,-1
33,179,137.82,857.82,220.12,205.43,0.94,4,-1,-1
33,181,1594.98,510.08,29.23,70.19,0.90,1,-1,-1
33,90,1502.47,445.79,26.30,58.13,0.69,1,-1,-1
33,160,46.02,406.25,27.10,60.28,0.47,1,-1,-1
33,183,1058.97,276.76,18.17,30.72,0.87,10,-1,-1
33,184,52.63,497.55,35.30,77.10,0.73,1,-1,-1
33,185,136.71,181.39,17.93,34.66,0.65,1,-1,-1
33,186,1307.67,398.04,19.12,47.21,0.73,1,-1,-1
33,65,1318.59,395.32,23.91,56.82,0.88,1,-1,-1
34,2,16.30,500.81,30.38,64.67,0.78,1,-1,-1
34,6,53.60,518.58,57.56,130.64,0.99,1,-1,-1
34,8,340.77,620.62,64.65,162.39,0.99,1,-1,-1
34,10,152.59,248.76,18.68,42.42,0.63,1,-1,-1
34,11,165.98,258.53,18.83,41.45,0.40,1,-1,-1
34,12,73.75,187.05,18.00,35.38,0.85,1,-1,-1
34,13,98.22,184.80,17.88,36.81,0.89,1,-1,-1
34,18,169.57,470.94,132.28,96.58,1.00,4,-1,-1
34,19,351.20,249.47,19.37,40.66,0.21,1,-1,-1
34,21,279.83,384.59,116.83,86.37,1.00,4,-1,-1
34,23,667.61,706.27,75.45,144.10,0.99,1,-1,-1
34,24,720.18,656.03,57.00,145.95,0.98,1,-1,-1
34,25,384.87,320.13,84.58,62.37,0.98,4,-1,-1
34,26,343.89,421.17,109.46,90.75,0.99,4,-1,-1
34,27,477.29,258.43,67.46,56.08,0.98,4,-1,-1
34,30,477.26,291.93,93.50,95.87,0.98,5,-1,-1
34,31,434.44,428.89,111.44,107.29,0.98,4,-1,-1
34,32,552.28,223.61,54.22,44.10,0.99,4,-1,-1
34,33,557.08,268.67,62.55,52.31,0.97,4,-1,-1
34,34,604.77,293.28,68.53,59.64,0.99,4,-1,-1
34,35,552.51,356.88,86.98,81.04,0.98,4,-1,-1
34,36,587.32,404.25,91.97,95.89,0.78,4,-1,-1
34,37,648.96,255.37,58.47,51.00,0.91,4,-1,-1
34,38,847.88,228.03,46.39,43.56,1.00,4,-1,-1
34,39,709.07,275.84,54.94,54.34,0.99,4,-1,-1
34,40,749.35,223.46,47.91,44.67,0.89,4,-1,-1
34,41,777.17,190.04,39.48,35.81,0.98,4,-1,-1
34,42,875.11,174.23,39.67,37.40,1.00,4,-1,-1
34,43,903.91,256.04,48.69,47.60,1.00,4,-1,-1
34,44,902.96,126.99,30.96,29.10,0.99,4,-1,-1
34,45,930.25,171.44,33.30,35.28,1.00,4,-1,-1
34,46,933.02,99.60,26.16,24.94,0.99,4,-1,-1
34,47,927.65,71.39,23.82,21.61,0.99,4,-1,-1
34,49,976.55,178.80,37.26,34.70,0.99,4,-1,-1
34,52,987.68,299.94,53.56,54.70,1.00,4,-1,-1
34,53,991.95,66.94,21.46,21.62,0.56,4,-1,-1
34,54,992.75,94.24,26.25,24.29,0.98,4,-1,-1
34,55,1050.12,188.27,36.47,31.92,0.19,4,-1,-1
34,56,1030.37,206.09,56.35,44.32,0.96,4,-1,-1
34,57,1060.78,263.56,16.71,32.08,0.97,2,-1,-1
34,58,1093.63,356.39,65.61,61.79,0.99,4,-1,-1
34,59,1107.45,412.79,71.84,69.26,0.98,4,-1,-1
34,60,1110.82,472.97,73.04,75.93,1.00,4,-1,-1
34,61,1209.23,544.53,26.79,65.29,0.75,1,-1,-1
34,62,1224.89,466.60,24.70,53.42,0.49,2,-1,-1
34,64,1259.95,575.54,28.64,61.63,0.77,1,-1,-1
34,67,1125.90,618.22,54.17,146.95,0.98,1,-1,-1
34,69,1343.54,407.07,23.87,56.81,0.96,1,-1,-1
34,70,1372.64,505.88,25.46,59.79,0.95,1,-1,-1
34,71,1376.78,307.45,84.08,67.62,0.71,4,-1,-1
34,72,1394.91,524.07,28.74,71.69,0.99,1,-1,-1
34,73,1380.82,370.97,24.13,56.22,0.87,1,-1,-1
34,74,1416.44,522.80,26.27,69.22,0.99,1,-1,-1
34,77,1420.48,397.01,25.48,55.73,0.96,1,-1,-1
34,82,1462.86,361.93,19.12,52.83,0.17,1,-1,-1
34,83,1438.08,400.25,24.46,56.76,0.91,1,-1,-1
34,84,1749.31,612.91,66.65,130.32,0.99,1,-1,-1
34,85,1471.38,400.03,23.89,56.33,0.42,1,-1,-1
34,86,1484.53,405.48,23.89,51.55,0.30,1,-1,-1
34,87,1466.70,498.12,31.04,69.65,0.99,1,-1,-1
34,88,1500.14,495.81,26.22,71.70,0.92,1,-1,-1
34,89,1809.48,668.02,76.27,141.36,1.00,1,-1,-1
34,92,1710.73,574.60,50.95,118.41,0.98,1,-1,-1
34,94,1059.79,275.47,18.14,30.49,0.84,10,-1,-1
34,97,1407.09,377.54,23.89,52.40,0.87,1,-1,-1
34,7,133.46,177.21,17.52,37.54,0.70,1,-1,-1
34,110,738.66,176.40,39.75,40.00,0.95,4,-1,-1
34,114,85.27,471.85,33.09,73.78,0.85,1,-1,-1
34,116,1179.62,426.71,25.07,61.07,0.76,1,-1,-1
34,117,1435.16,350.74,19.31,46.39,0.25,1,-1,-1
34,4,45.17,329.69,22.95,57.05,0.81,1,-1,-1
34,29,207.08,728.55,83.73,163.82,0.96,1,-1,-1
34,121,876.84,337.46,58.73,60.24,1.00,4,-1,-1
34,17,293.01,171.64,19.84,33.82,0.40,1,-1,-1
34,50,954.00,73.78,28.48,35.15,0.95,4,-1,-1
34,123,29.90,482.77,30.50,67.37,0.88,1,-1,-1
34,124,1195.91,401.57,23.92,48.31,0.72,2,-1,-1
34,102,1269.39,398.87,22.34,48.66,0.56,1,-1,-1
34,133,1615.14,510.01,37.50,84.25,0.66,1,-1,-1
34,142,1655.06,521.90,35.12,91.85,0.60,1,-1,-1
34,143,127.89,333.47,24.33,50.29,0.80,2,-1,-1
34,144,1243.22,543.06,26.51,61.63,0.62,1,-1,-1
34,119,26.03,360.91,24.93,47.01,0.63,2,-1,-1
34,149,679.40,225.16,44.22,43.09,0.90,4,-1,-1
34,151,1196.50,570.54,29.11,63.18,0.75,1,-1,-1
34,153,145.36,625.59,83.16,160.72,1.00,1,-1,-1
34,1,42.08,426.09,27.46,63.80,0.51,1,-1,-1
34,93,162.29,452.05,27.57,38.20,0.54,2,-1,-1
34,157,1037.95,467.88,29.61,53.31,0.88,2,-1,-1
34,158,1035.45,474.39,33.19,61.82,0.96,10,-1,-1
34,159,1565.85,503.82,32.73,71.37,0.98,1,-1,-1
34,161,113.06,256.95,19.79,42.62,0.93,1,-1,-1
34,115,161.98,396.18,26.04,58.54,0.82,1,-1,-1
34,118,1519.45,542.81,37.73,78.75,0.94,1,-1,-1
34,170,1446.11,358.14,19.39,48.13,0.40,1,-1,-1
34,171,1145.53,616.35,51.19,122.14,0.84,1,-1,-1
34,172,1482.24,542.69,30.99,77.19,0.95,1,-1,-1
34,14,198.04,175.38,19.96,37.09,0.24,1,-1,-1
34,174,759.75,146.66,34.56,32.52,0.79,4,-1,-1
34,175,1840.55,565.38,59.55,124.51,0.23,1,-1,-1
34,91,1631.42,524.23,38.25,84.50,0.94,2,-1,-1
34,179,115.67,895.80,235.44,173.95,0.97,4,-1,-1
34,181,1592.59,509.77,28.62,67.83,0.91,1,-1,-1
34,90,1501.23,446.10,26.29,58.38,0.56,1,-1,-1
34,160,48.63,407.63,26.65,57.48,0.64,1,-1,-1
34,183,1060.00,275.88,17.98,30.54,0.77,2,-1,-1
34,184,51.75,499.16,35.89,78.06,0.71,1,-1,-1
34,185,138.07,181.81,17.93,34.43,0.59,1,-1,-1
34,186,1308.65,399.28,19.12,48.17,0.79,1,-1,-1
34,65,1319.63,395.91,23.90,57.18,0.92,1,-1,-1
34,187,48.41,407.30,26.45,58.57,0.75,1,-1,-1
34,188,127.60,334.69,23.61,47.21,0.62,2,-1,-1
34,189,162.26,452.72,27.19,37.65,0.81,2,-1,-1
34,190,1375.80,306.60,83.67,69.33,0.66,4,-1,-1
34,191,1447.52,400.73,23.91,55.58,0.63,1,-1,-1
34,192,1519.24,543.57,38.25,76.80,0.87,2,-1,-1
34,193,1613.67,511.29,38.25,85.46,0.64,2,-1,-1
34,79,1454.54,376.40,21.51,54.90,0.53,1,-1,-1
35,2,17.81,501.76,30.47,65.90,0.85,1,-1,-1
35,6,56.24,520.58,57.02,130.09,0.98,1,-1,-1
35,8,350.02,625.56,67.19,159.51,0.98,1,-1,-1
35,10,154.55,249.64,19.38,42.37,0.54,1,-1,-1
35,11,168.72,259.16,18.80,41.67,0.40,1,-1,-1
35,12,73.35,188.77,18.45,35.06,0.89,1,-1,-1
35,13,97.57,185.88,17.57,36.75,0.87,1,-1,-1
35,18,169.29,473.49,132.62,95.51,1.00,4,-1,-1
35,19,352.14,250.40,19.23,40.81,0.34,1,-1,-1
35,21,278.89,388.18,116.82,86.32,0.99,4,-1,-1
35,23,681.51,708.43,73.02,139.38,0.95,1,-1,-1
35,24,729.11,657.21,65.79,147.36,0.99,1,-1,-1
35,25,383.70,323.09,84.50,62.71,0.99,4,-1,-1
35,26,339.67,426.08,111.25,91.06,0.99,4,-1,-1
35,27,476.04,261.20,67.59,56.22,0.98,4,-1,-1
35,30,475.67,294.38,93.44,96.64,0.98,5,-1,-1
35,31,428.41,435.91,112.85,107.91,0.97,4,-1,-1
35,32,551.93,225.68,54.75,44.05,0.99,4,-1,-1
35,33,555.98,271.46,62.74,52.56,0.96,4,-1,-1
35,34,605.12,295.15,68.82,60.21,0.98,4,-1,-1
35,35,547.66,362.27,87.73,81.50,0.98,4,-1,-1
35,36,583.84,408.71,93.18,97.89,0.94,4,-1,-1
35,37,649.43,257.21,57.78,50.95,0.91,4,-1,-1
35,38,850.21,225.76,46.30,42.98,1.00,4,-1,-1
35,39,707.92,279.08,55.85,54.76,0.99,4,-1,-1
35,40,749.01,226.15,47.89,44.65,0.91,4,-1,-1
35,41,777.12,191.59,39.47,36.08,0.98,4,-1,-1
35,42,876.95,173.07,38.55,37.22,1.00,4,-1,-1
35,43,905.94,254.31,47.11,46.52,1.00,4,-1,-1
35,44,904.68,126.61,30.16,28.73,1.00,4,-1,-1
35,45,930.87,170.64,33.29,35.14,1.00,4,-1,-1
35,46,933.80,99.49,26.16,25.00,0.99,4,-1,-1
35,47,928.24,71.51,23.02,21.48,0.99,4,-1,-1
35,49,977.33,177.72,36.16,34.30,0.99,4,-1,-1
35,52,987.97,298.37,52.76,53.94,0.99,4,-1,-1
35,53,992.22,67.39,21.42,21.42,0.38,4,-1,-1
35,54,993.62,94.81,25.45,23.90,0.99,4,-1,-1
35,55,1050.74,189.73,36.06,31.39,0.48,4,-1,-1
35,56,1029.45,206.90,57.11,44.05,0.96,4,-1,-1
35,57,1061.35,262.95,16.71,31.58,0.97,2,-1,-1
35,58,1093.80,357.66,65.68,61.24,0.99,4,-1,-1
35,59,1107.18,414.11,72.51,68.93,0.99,4,-1,-1
35,60,1110.69,474.21,73.68,76.24,1.00,4,-1,-1
35,61,1209.57,546.08,26.45,64.78,0.77,1,-1,-1
35,62,1225.18,468.31,25.72,54.36,0.67,2,-1,-1
35,64,1259.94,576.53,28.64,61.32,0.76,1,-1,-1
35,67,1118.88,617.88,55.36,148.57,0.96,1,-1,-1
35,69,1343.32,407.07,22.37,58.40,0.94,1,-1,-1
35,70,1373.22,506.77,26.05,60.08,0.94,1,-1,-1
35,71,1376.22,307.75,85.25,69.08,0.65,4,-1,-1
35,72,1395.18,527.25,28.73,70.97,0.99,1,-1,-1
35,73,1379.74,372.31,23.98,56.15,0.88,1,-1,-1
35,74,1416.69,525.40,26.26,68.56,0.99,1,-1,-1
35,77,1420.15,397.69,26.06,55.18,0.95,1,-1,-1
35,82,1462.37,362.50,19.12,51.98,0.21,1,-1,-1
35,83,1437.09,401.22,25.62,56.65,0.90,1,-1,-1
35,84,1754.82,612.93,65.49,130.30,0.99,1,-1,-1
35,85,1470.55,400.65,23.89,56.19,0.32,1,-1,-1
35,87,1467.04,499.38,29.46,68.83,0.99,1,-1,-1
35,88,1499.80,496.76,26.16,72.53,0.93,1,-1,-1
35,89,1815.62,669.17,75.15,138.76,0.99,1,-1,-1
35,92,1710.45,580.05,53.69,121.15,0.98,1,-1,-1
35,97,1406.86,378.99,23.96,52.13,0.89,1,-1,-1
35,7,137.24,179.07,17.90,36.16,0.78,1,-1,-1
35,110,738.45,177.93,40.34,40.25,0.94,4,-1,-1
35,114,86.17,473.29,33.52,73.67,0.72,1,-1,-1
35,116,1180.21,428.30,24.28,60.61,0.84,1,-1,-1
35,117,1435.39,353.33,19.14,45.24,0.25,1,-1,-1
35,4,46.67,330.98,22.96,58.16,0.84,1,-1,-1
35,29,200.95,732.22,80.30,157.47,0.81,1,-1,-1
35,121,879.32,332.70,57.43,59.16,0.99,4,-1,-1
35,17,295.61,173.93,19.92,32.93,0.48,1,-1,-1
35,50,955.34,73.81,27.76,35.25,0.94,4,-1,-1
35,123,30.51,484.00,30.34,67.12,0.84,1,-1,-1
35,124,1195.98,402.80,23.89,48.73,0.74,2,-1,-1
35,102,1269.46,399.89,23.35,48.90,0.62,1,-1,-1
35,133,1613.62,512.23,39.56,84.46,0.66,2,-1,-1
35,142,1654.85,522.18,35.55,89.59,0.49,1,-1,-1
35,143,124.47,337.49,24.38,49.09,0.77,2,-1,-1
35,144,1245.27,544.60,24.68,59.07,0.65,1,-1,-1
35,119,22.76,364.53,25.34,47.89,0.60,2,-1,-1
35,149,679.12,227.23,44.21,42.71,0.89,4,-1,-1
35,151,1197.38,572.21,28.00,61.27,0.59,1,-1,-1
35,153,156.64,628.21,82.75,156.29,1.00,1,-1,-1
35,1,43.38,426.78,25.81,60.36,0.37,1,-1,-1
35,93,164.30,453.24,27.34,38.24,0.74,2,-1,-1
35,157,1037.46,462.33,28.80,52.09,0.85,2,-1,-1
35,158,1035.35,468.69,32.48,61.12,0.96,10,-1,-1
35,159,1565.17,503.93,31.53,69.61,0.97,1,-1,-1
35,161,112.60,258.94,20.18,42.45,0.96,1,-1,-1
35,115,163.55,397.39,25.41,58.55,0.87,1,-1,-1
35,118,1521.08,544.24,36.52,77.19,0.65,1,-1,-1
35,170,1445.20,359.98,19.21,48.58,0.42,1,-1,-1
35,171,1142.42,617.47,48.09,121.51,0.95,1,-1,-1
35,172,1481.90,543.33,30.83,74.80,0.92,1,-1,-1
35,14,198.73,176.17,20.99,37.56,0.59,1,-1,-1
35,174,759.82,147.52,35.41,33.15,0.79,4,-1,-1
35,175,1837.94,565.34,61.38,131.17,0.34,1,-1,-1
35,91,1631.95,527.20,39.83,85.95,0.95,2,-1,-1
35,179,102.96,912.03,237.96,159.12,0.91,4,-1,-1
35,181,1591.88,508.88,26.66,64.91,0.92,1,-1,-1
35,160,52.33,408.19,25.93,58.49,0.61,1,-1,-1
35,184,52.40,500.68,35.34,74.55,0.52,1,-1,-1
35,185,139.61,181.89,18.90,35.30,0.81,1,-1,-1
35,186,1309.74,399.32,19.12,49.72,0.77,1,-1,-1
35,65,1320.75,395.69,23.89,58.47,0.94,1,-1,-1
35,189,164.24,453.42,26.71,38.13,0.84,1,-1,-1
35,192,1521.12,545.01,36.33,73.68,0.82,2,-1,-1
35,193,1612.67,513.22,40.15,84.02,0.66,1,-1,-1
35,79,1455.00,377.27,21.51,55.41,0.45,1,-1,-1
35,194,14.83,410.29,26.56,59.17,0.72,1,-1,-1
35,195,836.12,550.14,86.06,72.02,0.73,4,-1,-1
35,196,1036.93,461.39,29.88,53.79,0.72,1,-1,-1
36,2,20.10,501.99,29.79,64.79,0.80,1,-1,-1
36,6,59.34,519.96,57.20,131.27,0.99,1,-1,-1
36,8,361.40,628.20,65.02,158.33,0.98,1,-1,-1
36,10,157.19,249.54,19.24,42.54,0.81,1,-1,-1
36,11,171.93,259.06,18.19,39.37,0.53,1,-1,-1
36,12,73.46,189.78,18.20,34.73,0.89,1,-1,-1
36,13,97.05,187.35,17.76,36.52,0.85,1,-1,-1
36,18,169.83,475.24,132.30,95.87,0.99,4,-1,-1
36,21,277.60,390.15,117.54,86.64,0.99,4,-1,-1
36,23,694.57,709.14,70.49,140.85,0.97,1,-1,-1
36,24,738.29,657.61,68.23,147.83,0.99,1,-1,-1
36,25,382.85,325.24,84.04,62.80,0.98,4,-1,-1
36,26,335.03,430.25,113.43,91.89,0.99,4,-1,-1
36,27,474.90,263.22,67.61,55.95,0.98,4,-1,-1
36,30,474.03,296.16,93.77,97.67,0.99,5,-1,-1
36,31,423.26,442.02,114.49,110.39,0.97,4,-1,-1
36,32,552.06,227.16,54.54,43.81,0.99,4,-1,-1
36,33,555.27,273.36,62.99,52.63,0.95,4,-1,-1
36,34,605.48,296.83,68.91,59.90,0.98,4,-1,-1
36,35,543.48,366.85,88.76,82.39,0.99,4,-1,-1
36,36,580.90,412.70,95.55,99.76,0.92,4,-1,-1
36,37,649.44,258.59,58.28,50.91,0.86,4,-1,-1
36,38,852.71,222.82,45.48,42.58,1.00,4,-1,-1
36,39,707.33,281.63,56.17,55.38,0.97,4,-1,-1
36,40,749.08,227.85,47.87,44.81,0.90,4,-1,-1
36,41,776.88,192.97,40.24,36.16,0.98,4,-1,-1
36,42,878.88,171.50,38.15,36.55,1.00,4,-1,-1
36,43,908.36,251.66,45.73,46.53,1.00,4,-1,-1
36,44,905.79,125.65,29.87,28.55,1.00,4,-1,-1
36,45,932.38,169.26,32.50,34.89,1.00,4,-1,-1
36,46,934.96,98.76,26.16,25.12,1.00,4,-1,-1
36,47,928.54,71.22,23.53,21.53,0.98,4,-1,-1
36,49,978.49,175.86,35.77,34.36,0.98,4,-1,-1
36,52,988.17,296.01,52.47,53.65,1.00,4,-1,-1
36,53,992.81,67.55,21.41,21.15,0.38,4,-1,-1
36,54,994.03,94.91,25.15,23.65,0.99,4,-1,-1
36,55,1051.03,190.11,35.89,31.36,0.45,4,-1,-1
36,56,1028.82,207.24,57.38,43.93,0.96,4,-1,-1
36,57,1061.64,262.00,16.71,31.98,0.97,2,-1,-1
36,58,1093.54,358.20,66.48,61.81,0.99,4,-1,-1
36,59,1107.14,414.44,72.74,69.17,0.99,4,-1,-1
36,60,1111.11,474.50,73.90,76.73,0.99,4,-1,-1
36,61,1209.74,546.65,26.32,63.77,0.77,1,-1,-1
36,62,1224.54,469.17,26.07,53.52,0.61,2,-1,-1
36,64,1260.76,577.08,28.64,59.80,0.83,1,-1,-1
36,67,1109.48,618.52,56.59,141.29,0.95,1,-1,-1
36,69,1341.66,407.08,23.38,59.76,0.93,1,-1,-1
36,70,1374.21,506.10,26.26,60.97,0.96,1,-1,-1
36,71,1375.99,307.92,85.67,69.59,0.57,4,-1,-1
36,72,1395.24,529.98,28.72,69.88,0.99,1,-1,-1
36,73,1379.33,372.86,23.92,56.11,0.90,1,-1,-1
36,74,1417.53,526.92,26.26,68.28,0.98,1,-1,-1
36,77,1420.77,398.00,24.72,54.16,0.95,1,-1,-1
36,82,1462.92,362.78,19.11,51.62,0.21,1,-1,-1
36,83,1436.71,401.63,26.02,56.60,0.92,1,-1,-1
36,84,1761.27,610.92,63.40,130.24,0.99,1,-1,-1
36,85,1469.41,400.94,23.88,55.72,0.28,1,-1,-1
36,87,1466.40,498.87,28.86,69.33,0.99,1,-1,-1
36,88,1498.87,497.93,26.14,73.60,0.87,1,-1,-1
36,89,1826.20,669.55,69.95,136.93,0.98,1,-1,-1
36,92,1710.97,583.34,53.13,122.68,0.98,1,-1,-1
36,97,1406.76,379.16,23.98,52.41,0.91,1,-1,-1
36,7,140.42,179.64,16.66,34.84,0.92,1,-1,-1
36,110,738.17,178.84,40.55,40.53,0.95,4,-1,-1
36,114,87.32,471.36,34.37,73.99,0.75,1,-1,-1
36,116,1180.47,428.94,23.98,60.02,0.84,1,-1,-1
36,117,1436.25,353.32,19.08,45.61,0.24,1,-1,-1
36,4,48.11,331.59,23.49,58.56,0.90,1,-1,-1
36,121,881.87,327.71,56.99,58.39,1.00,4,-1,-1
36,17,299.50,174.35,19.25,32.99,0.73,1,-1,-1
36,50,956.33,73.83,27.49,34.59,0.93,4,-1,-1
36,123,32.75,484.94,29.77,67.39,0.78,1,-1,-1
36,124,1196.84,403.70,23.08,48.48,0.77,2,-1,-1
36,102,1269.51,400.51,22.13,48.58,0.69,1,-1,-1
36,133,1612.94,511.17,41.88,85.52,0.63,2,-1,-1
36,142,1654.64,521.27,37.29,91.96,0.57,1,-1,-1
36,143,121.07,340.62,24.19,48.63,0.76,2,-1,-1
36,144,1245.97,544.77,24.01,57.31,0.77,1,-1,-1
36,119,19.71,367.51,25.03,46.63,0.70,2,-1,-1
36,149,678.43,228.50,44.99,42.74,0.92,4,-1,-1
36,151,1197.35,572.05,27.99,60.46,0.54,1,-1,-1
36,153,175.61,628.00,73.86,153.78,0.99,1,-1,-1
36,1,52.52,413.62,25.80,58.61,0.76,1,-1,-1
36,93,165.71,453.77,27.84,38.64,0.71,2,-1,-1
36,157,1037.41,455.83,27.70,51.27,0.94,2,-1,-1
36,158,1035.06,462.31,31.41,60.45,0.95,10,-1,-1
36,159,1564.15,503.04,31.08,68.92,0.97,1,-1,-1
36,161,112.54,260.50,20.42,41.38,0.96,1,-1,-1
36,115,165.16,397.74,25.77,58.53,0.89,1,-1,-1
36,118,1520.82,544.96,37.64,75.94,0.71,1,-1,-1
36,170,1444.05,361.71,19.14,47.93,0.41,1,-1,-1
36,171,1131.73,617.46,52.81,137.02,0.87,1,-1,-1
36,172,1480.96,543.06,30.81,74.38,0.96,1,-1,-1
36,14,200.61,177.12,20.60,36.74,0.59,1,-1,-1
36,174,760.00,147.99,36.53,34.19,0.84,4,-1,-1
36,175,1834.45,565.51,63.64,123.93,0.40,1,-1,-1
36,91,1631.25,529.43,41.96,86.46,0.96,2,-1,-1
36,179,97.52,938.95,234.11,131.51,0.88,4,-1,-1
36,181,1589.90,507.44,26.10,63.64,0.96,1,-1,-1
36,160,55.53,407.33,25.86,58.44,0.73,1,-1,-1
36,184,54.31,500.65,34.81,72.42,0.46,1,-1,-1
36,185,144.00,184.42,18.50,34.66,0.88,1,-1,-1
36,186,1310.11,398.75,20.98,51.61,0.73,1,-1,-1
36,65,1321.94,396.24,23.89,58.14,0.93,1,-1,-1
36,189,165.27,454.55,27.77,37.29,0.90,2,-1,-1
36,192,1520.51,545.54,37.82,72.59,0.89,2,-1,-1
36,193,1612.40,512.00,42.32,85.57,0.73,1,-1,-1
36,79,1455.92,377.45,21.50,54.78,0.36,1,-1,-1
36,195,838.69,538.21,84.12,68.41,0.65,4,-1,-1
36,197,114.97,361.88,44.00,37.05,0.85,3,-1,-1
36,198,1213.24,432.11,23.91,54.98,0.66,1,-1,-1
36,63,1244.25,566.05,26.47,60.64,0.51,1,-1,-1
36,94,1060.38,273.09,17.95,30.63,0.93,10,-1,-1
37,2,22.29,502.71,29.69,63.55,0.85,1,-1,-1
37,6,62.34,519.74,57.58,131.14,0.99,1,-1,-1
37,8,371.92,629.37,62.19,156.31,0.99,1,-1,-1
37,10,159.19,249.64,19.58,42.02,0.86,1,-1,-1
37,11,174.03,257.77,17.76,37.09,0.32,1,-1,-1
37,12,72.93,190.69,18.40,34.22,0.88,1,-1,-1
37,13,96.20,187.94,18.13,36.43,0.92,1,-1,-1
37,18,169.90,476.67,132.38,94.43,0.99,4,-1,-1
37,21,276.61,391.84,118.19,86.74,1.00,4,-1,-1
37,23,705.28,708.80,72.79,146.97,0.98,1,-1,-1
37,24,750.24,659.94,63.84,143.29,0.98,1,-1,-1
37,25,381.61,326.43,83.85,63.22,0.98,4,-1,-1
37,26,331.45,434.49,113.84,92.19,0.99,4,-1,-1
37,27,473.14,264.95,68.80,55.84,0.98,4,-1,-1
37,30,472.49,298.47,93.50,98.14,0.96,5,-1,-1
37,31,417.38,448.31,115.07,110.92,0.99,4,-1,-1
37,32,551.53,228.42,54.46,43.71,0.99,4,-1,-1
37,33,554.07,275.14,63.47,52.94,0.96,4,-1,-1
37,34,605.44,298.06,68.95,59.77,0.98,4,-1,-1
37,35,538.91,371.24,90.11,83.09,0.99,4,-1,-1
37,36,577.35,416.67,96.82,100.84,0.98,4,-1,-1
37,37,648.88,259.69,58.47,51.29,0.88,4,-1,-1
37,38,854.95,219.73,45.21,42.46,1.00,4,-1,-1
37,39,706.57,284.31,55.50,55.61,0.99,4,-1,-1
37,40,748.95,228.97,47.07,45.06,0.93,4,-1,-1
37,41,776.62,193.89,40.53,36.19,0.98,4,-1,-1
37,42,880.55,169.55,38.02,36.32,1.00,4,-1,-1
37,43,909.01,248.45,46.06,45.76,0.99,4,-1,-1
37,44,906.39,124.53,30.57,28.64,0.98,4,-1,-1
37,45,933.13,167.75,33.02,35.01,0.99,4,-1,-1
37,46,935.19,97.75,26.97,25.26,1.00,4,-1,-1
37,47,928.48,70.86,23.71,21.36,0.98,4,-1,-1
37,49,978.71,174.08,35.65,34.00,1.00,4,-1,-1
37,52,987.68,293.78,53.18,52.87,1.00,4,-1,-1
37,53,993.24,67.50,21.42,20.95,0.41,4,-1,-1
37,54,994.01,94.64,25.05,23.36,0.99,4,-1,-1
37,55,1050.96,190.66,35.83,31.55,0.57,4,-1,-1
37,56,1027.65,207.20,58.25,43.69,0.96,4,-1,-1
37,57,1061.58,260.63,17.50,32.52,0.97,2,-1,-1
37,58,1094.06,358.81,65.99,61.62,0.99,4,-1,-1
37,59,1107.36,414.98,72.83,68.86,0.99,4,-1,-1
37,60,1111.10,475.02,74.00,76.13,1.00,4,-1,-1
37,61,1209.65,546.69,26.28,63.80,0.73,1,-1,-1
37,62,1224.13,469.51,26.21,53.20,0.70,2,-1,-1
37,64,1260.92,577.31,27.06,59.44,0.82,1,-1,-1
37,67,1102.50,618.23,58.64,142.48,0.95,1,-1,-1
37,69,1340.15,407.45,23.74,59.50,0.93,1,-1,-1
37,70,1374.43,505.47,26.34,62.10,0.96,1,-1,-1
37,71,1375.75,308.39,85.84,69.79,0.70,4,-1,-1
37,72,1395.10,531.76,28.71,69.46,0.99,1,-1,-1
37,73,1379.05,373.27,23.90,56.10,0.91,1,-1,-1
37,74,1416.89,527.87,27.84,67.78,0.97,1,-1,-1
37,77,1420.89,397.56,24.19,54.19,0.94,1,-1,-1
37,82,1462.17,363.11,19.11,52.27,0.18,1,-1,-1
37,83,1436.44,401.01,24.61,56.99,0.93,1,-1,-1
37,84,1768.10,608.03,59.42,130.22,0.99,1,-1,-1
37,85,1468.85,400.10,22.30,56.35,0.30,1,-1,-1
37,87,1465.26,497.91,28.65,70.33,0.99,1,-1,-1
37,88,1497.62,499.98,26.15,72.44,0.88,1,-1,-1
37,89,1834.63,666.73,64.70,137.06,1.00,1,-1,-1
37,92,1707.82,585.86,56.03,123.61,0.99,1,-1,-1
37,97,1406.59,378.43,23.98,53.69,0.88,1,-1,-1
37,7,143.46,179.99,16.70,35.58,0.87,1,-1,-1
37,110,738.27,179.77,39.84,40.43,0.96,4,-1,-1
37,114,90.17,471.67,33.42,73.32,0.65,1,-1,-1
37,116,1180.81,428.79,23.87,60.19,0.70,1,-1,-1
37,117,1436.42,351.73,19.06,47.75,0.35,1,-1,-1
37,4,49.96,332.25,22.82,57.52,0.97,1,-1,-1
37,121,883.74,322.57,56.88,57.35,1.00,4,-1,-1
37,17,302.96,174.14,18.70,33.42,0.53,1,-1,-1
37,50,957.30,73.50,27.40,33.95,0.94,4,-1,-1
37,123,35.13,485.34,30.79,66.31,0.83,1,-1,-1
37,124,1196.21,403.86,23.59,47.60,0.75,2,-1,-1
37,102,1269.38,400.76,21.66,48.46,0.83,1,-1,-1
37,133,1611.75,511.31,44.30,85.49,0.82,2,-1,-1
37,142,1652.85,520.74,37.94,89.92,0.26,1,-1,-1
37,143,116.87,343.54,24.81,48.86,0.85,2,-1,-1
37,144,1246.03,544.45,23.79,57.10,0.65,1,-1,-1
37,119,16.27,370.19,24.46,44.95,0.61,2,-1,-1
37,149,678.01,229.56,45.28,42.55,0.91,4,-1,-1
37,151,1197.18,572.40,27.99,59.94,0.60,1,-1,-1
37,153,193.60,624.54,67.42,158.50,0.99,1,-1,-1
37,1,57.16,408.93,26.38,59.21,0.52,1,-1,-1
37,93,167.11,453.81,27.63,38.78,0.65,2,-1,-1
37,157,1036.05,448.56,28.98,54.27,0.80,2,-1,-1
37,158,1034.44,457.28,31.85,57.81,0.94,10,-1,-1
37,159,1562.92,501.58,30.94,67.88,0.98,1,-1,-1
37,161,111.79,261.70,20.90,41.39,0.97,1,-1,-1
37,115,166.74,398.50,25.31,57.74,0.78,1,-1,-1
37,118,1520.57,545.05,38.05,72.28,0.93,1,-1,-1
37,170,1442.72,360.32,19.12,48.11,0.31,1,-1,-1
37,171,1120.11,617.28,58.32,140.08,0.61,1,-1,-1
37,172,1480.53,541.63,30.82,73.79,0.94,1,-1,-1
37,14,201.77,178.21,20.05,36.21,0.82,1,-1,-1
37,174,760.29,148.33,36.94,34.52,0.84,4,-1,-1
37,175,1829.89,565.16,66.06,117.88,0.49,1,-1,-1
37,91,1630.80,530.45,42.77,84.31,0.96,2,-1,-1
37,179,83.92,961.20,235.71,108.64,0.97,4,-1,-1
37,181,1586.62,506.46,25.98,62.90,0.94,1,-1,-1
37,160,58.28,406.88,26.02,60.03,0.64,1,-1,-1
37,184,57.57,501.21,33.50,71.90,0.44,1,-1,-1
37,185,147.74,183.88,17.88,35.11,0.90,1,-1,-1
37,186,1311.79,399.09,21.57,52.62,0.85,1,-1,-1
37,65,1322.98,397.27,22.31,57.23,0.86,1,-1,-1
37,189,166.57,454.81,27.67,37.01,0.86,2,-1,-1
37,192,1519.33,545.82,38.31,72.48,0.58,1,-1,-1
37,193,1611.36,511.22,44.88,86.09,0.67,1,-1,-1
37,79,1456.08,376.75,21.50,56.51,0.27,1,-1,-1
37,195,841.45,524.54,81.88,76.12,0.99,4,-1,-1
37,197,112.53,363.08,43.21,38.47,0.89,3,-1,-1
37,198,1212.25,432.54,23.90,55.44,0.68,1,-1,-1
37,63,1244.25,564.93,26.28,61.45,0.44,1,-1,-1
37,94,1060.34,271.76,17.92,30.33,0.90,10,-1,-1
37,199,570.16,148.07,105.19,88.15,0.68,9,-1,-1
37,90,1497.43,447.27,24.26,56.46,0.61,1,-1,-1
37,29,182.41,729.26,81.74,159.74,0.92,1,-1,-1
38,2,24.38,502.23,29.63,63.06,0.90,1,-1,-1
38,6,66.27,519.67,55.83,129.73,0.99,1,-1,-1
38,8,383.28,628.00,61.14,156.34,0.98,1,-1,-1
38,10,161.22,249.86,19.70,41.43,0.74,1,-1,-1
38,12,72.90,192.58,18.16,32.63,0.90,1,-1,-1
38,13,95.74,188.52,18.37,36.40,0.92,1,-1,-1
38,18,170.42,477.18,132.19,94.69,0.99,4,-1,-1
38,21,275.77,392.85,118.80,87.55,0.99,4,-1,-1
38,23,715.26,709.66,72.04,146.91,0.98,1,-1,-1
38,24,761.20,657.86,57.19,143.15,0.98,1,-1,-1
38,25,379.66,327.67,84.94,64.15,0.97,4,-1,-1
38,26,328.11,438.39,114.34,93.45,0.99,4,-1,-1
38,27,471.58,266.32,69.22,56.28,0.98,4,-1,-1
38,30,470.63,301.33,94.15,97.12,0.94,5,-1,-1
38,31,410.84,453.93,117.57,113.01,0.98,4,-1,-1
38,32,550.78,229.44,54.81,43.87,0.99,4,-1,-1
38,33,553.10,276.43,64.22,53.25,0.97,4,-1,-1
38,34,605.24,298.87,69.16,59.81,0.98,4,-1,-1
38,35,534.60,375.22,91.37,84.10,0.98,4,-1,-1
38,36,574.35,420.86,97.85,102.00,0.97,4,-1,-1
38,37,648.70,260.55,58.54,51.63,0.89,4,-1,-1
38,38,857.28,216.45,44.33,42.04,1.00,4,-1,-1
38,39,705.54,286.91,56.01,56.46,0.99,4,-1,-1
38,40,748.52,229.64,46.75,45.54,0.92,4,-1,-1
38,41,776.15,194.31,40.63,36.58,0.98,4,-1,-1
38,42,881.90,167.54,37.99,35.66,0.98,4,-1,-1
38,43,910.79,245.73,45.40,45.10,0.99,4,-1,-1
38,44,907.37,123.44,30.83,28.28,0.98,4,-1,-1
38,45,934.17,166.28,32.43,34.47,0.99,4,-1,-1
38,46,935.64,96.89,27.27,24.93,1.00,4,-1,-1
38,47,928.84,70.25,23.79,21.27,0.97,4,-1,-1
38,49,979.16,172.23,35.62,33.49,0.99,4,-1,-1
38,52,987.48,291.37,52.66,52.59,0.99,4,-1,-1
38,53,994.19,67.30,20.63,20.70,0.52,4,-1,-1
38,54,994.00,94.23,25.02,23.26,0.99,4,-1,-1
38,55,1051.30,190.78,35.02,31.23,0.54,4,-1,-1
38,56,1027.61,207.31,57.78,43.21,0.97,4,-1,-1
38,57,1061.53,259.30,17.79,33.12,0.97,2,-1,-1
38,58,1093.84,358.74,65.80,61.55,0.99,4,-1,-1
38,59,1107.42,415.08,72.86,68.35,0.99,4,-1,-1
38,60,1111.46,474.51,73.23,76.30,1.00,4,-1,-1
38,61,1209.18,546.19,25.86,63.02,0.75,1,-1,-1
38,62,1223.94,469.33,26.26,53.89,0.61,2,-1,-1
38,64,1260.94,576.49,26.46,59.71,0.78,1,-1,-1
38,67,1096.16,616.43,57.85,144.50,0.95,1,-1,-1
38,69,1338.77,407.49,23.87,59.77,0.90,1,-1,-1
38,70,1374.46,504.73,26.36,62.91,0.95,1,-1,-1
38,71,1375.61,308.67,85.90,69.86,0.89,4,-1,-1
38,72,1394.97,532.48,28.70,70.10,0.99,1,-1,-1
38,73,1378.13,373.32,23.89,56.10,0.89,1,-1,-1
38,74,1416.57,528.47,28.42,68.37,0.97,1,-1,-1
38,77,1420.88,397.13,23.99,54.61,0.93,1,-1,-1
38,82,1463.41,362.18,19.11,52.50,0.21,1,-1,-1
38,83,1435.52,399.92,25.68,57.14,0.93,1,-1,-1
38,84,1771.10,605.89,57.91,129.61,0.98,1,-1,-1
38,85,1467.81,398.73,21.70,56.98,0.26,1,-1,-1
38,87,1463.23,497.08,28.58,71.90,0.99,1,-1,-1
38,88,1496.34,500.72,26.16,71.98,0.92,1,-1,-1
38,89,1836.49,663.62,64.40,137.91,0.99,1,-1,-1
38,92,1705.75,588.77,54.02,122.94,0.97,1,-1,-1
38,97,1405.70,378.06,23.97,54.95,0.86,1,-1,-1
38,7,146.59,180.08,17.26,35.46,0.92,1,-1,-1
38,110,738.32,180.40,39.56,40.39,0.97,4,-1,-1
38,114,93.53,475.99,32.25,70.69,0.26,1,-1,-1
38,116,1180.11,428.63,24.63,60.26,0.70,1,-1,-1
38,117,1436.45,353.96,19.06,48.93,0.30,1,-1,-1
38,4,52.35,332.16,22.84,57.50,0.97,1,-1,-1
38,121,885.53,317.24,56.87,57.41,1.00,4,-1,-1
38,17,305.68,175.02,18.00,32.60,0.29,1,-1,-1
38,50,957.64,73.16,27.38,33.50,0.89,4,-1,-1
38,123,37.98,485.13,30.78,66.69,0.86,1,-1,-1
38,124,1196.34,403.81,23.77,47.66,0.63,2,-1,-1
38,102,1268.49,400.95,23.10,47.62,0.79,1,-1,-1
38,142,1650.49,520.07,39.74,94.79,0.16,1,-1,-1
38,143,112.87,345.59,25.42,49.73,0.92,2,-1,-1
38,144,1246.77,544.23,23.72,57.44,0.67,1,-1,-1
38,119,13.15,372.16,24.95,47.55,0.51,2,-1,-1
38,149,678.28,230.51,45.39,42.48,0.95,4,-1,-1
38,151,1197.08,572.23,26.80,58.34,0.52,1,-1,-1
38,153,209.64,623.09,68.67,157.87,1.00,1,-1,-1
38,1,60.35,409.71,26.81,66.58,0.21,1,-1,-1
38,93,168.72,453.67,27.35,38.84,0.81,2,-1,-1
38,157,1035.96,442.43,28.63,54.55,0.75,1,-1,-1
38,158,1034.22,451.21,31.22,56.85,0.95,10,-1,-1
38,159,1560.87,499.20,30.89,68.30,0.98,1,-1,-1
38,161,111.48,261.78,20.68,42.40,0.97,1,-1,-1
38,115,168.32,398.84,24.74,57.04,0.63,1,-1,-1
38,118,1518.82,544.00,38.20,73.48,0.85,1,-1,-1
38,170,1440.62,356.49,19.10,50.20,0.40,1,-1,-1
38,171,1118.45,616.69,53.54,134.17,0.82,1,-1,-1
38,172,1479.55,540.46,30.85,72.94,0.92,1,-1,-1
38,14,202.33,178.09,20.43,36.79,0.68,1,-1,-1
38,174,760.80,148.60,36.28,34.59,0.86,4,-1,-1
38,175,1826.56,564.74,63.79,115.49,0.44,1,-1,-1
38,91,1630.51,530.12,46.16,94.34,0.98,1,-1,-1
38,179,63.28,968.68,239.81,101.25,0.71,4,-1,-1
38,181,1583.85,505.49,25.97,64.42,0.93,1,-1,-1
38,160,62.14,406.97,26.08,60.22,0.35,1,-1,-1
38,184,59.14,501.03,32.94,70.06,0.30,1,-1,-1
38,185,151.28,183.79,18.98,35.25,0.93,1,-1,-1
38,186,1312.36,399.16,21.73,53.34,0.81,1,-1,-1
38,65,1323.30,396.38,23.32,57.67,0.75,1,-1,-1
38,192,1518.94,544.26,36.64,74.06,0.89,2,-1,-1
38,79,1456.84,376.42,21.50,60.25,0.22,1,-1,-1
38,195,844.65,509.81,79.27,84.84,0.99,4,-1,-1
38,197,109.46,366.16,42.24,37.37,0.79,3,-1,-1
38,198,1212.02,432.08,23.89,54.60,0.66,1,-1,-1
38,63,1244.19,564.43,26.22,61.31,0.43,1,-1,-1
38,94,1060.31,269.85,18.71,30.62,0.88,10,-1,-1
38,199,571.58,148.32,104.90,88.36,0.66,9,-1,-1
38,90,1495.31,442.32,25.62,60.73,0.64,1,-1,-1
38,29,177.13,726.87,78.21,136.66,0.88,1,-1,-1
38,200,700.45,563.59,100.41,66.94,0.94,4,-1,-1
38,201,1035.74,443.76,29.88,54.39,0.82,2,-1,-1
38,202,1074.59,578.83,35.86,66.04,0.88,10,-1,-1
38,66,1318.60,397.66,23.87,56.75,0.66,1,-1,-1
39,2,28.15,502.18,27.89,59.71,0.90,1,-1,-1
39,6,70.88,519.75,55.09,128.22,0.99,1,-1,-1
39,8,395.69,625.80,61.98,159.51,0.98,1,-1,-1
39,10,163.79,250.01,19.35,41.21,0.75,1,-1,-1
39,12,72.35,192.82,18.28,32.26,0.90,1,-1,-1
39,13,95.56,188.98,18.95,35.80,0.93,1,-1,-1
39,18,171.53,477.65,131.31,93.21,1.00,4,-1,-1
39,21,274.93,393.71,119.79,88.24,1.00,4,-1,-1
39,23,723.74,705.96,68.56,150.04,0.99,1,-1,-1
39,24,770.44,655.43,54.69,143.11,0.99,1,-1,-1
39,25,377.99,328.84,86.52,65.28,0.97,4,-1,-1
39,26,325.59,442.04,113.70,93.51,0.99,4,-1,-1
39,27,471.01,267.83,68.98,56.15,0.99,4,-1,-1
39,30,468.79,303.21,94.78,98.19,0.95,5,-1,-1
39,31,404.61,459.75,119.25,114.15,0.98,4,-1,-1
39,32,550.30,230.36,54.93,44.12,0.99,4,-1,-1
39,33,551.98,277.52,64.89,54.04,0.97,4,-1,-1
39,34,605.55,299.31,69.23,60.21,0.97,4,-1,-1
39,35,529.76,379.50,92.40,84.46,0.99,4,-1,-1
39,36,571.71,424.83,98.21,103.18,0.98,4,-1,-1
39,37,648.22,261.21,59.34,51.76,0.87,4,-1,-1
39,38,859.61,213.59,44.03,41.31,1.00,4,-1,-1
39,39,704.38,289.85,56.19,57.06,0.99,4,-1,-1
39,40,747.96,230.92,47.42,45.71,0.92,4,-1,-1
39,41,775.55,195.22,41.44,36.73,0.98,4,-1,-1
39,42,883.50,165.50,38.00,35.43,1.00,4,-1,-1
39,43,912.16,242.66,45.18,45.29,0.99,4,-1,-1
39,44,908.46,122.55,30.14,28.16,0.98,4,-1,-1
39,45,934.89,164.70,32.21,34.08,0.99,4,-1,-1
39,46,936.93,96.11,26.60,24.50,0.98,4,-1,-1
39,47,928.93,69.48,23.82,21.27,0.96,4,-1,-1
39,49,979.67,170.24,35.62,33.32,0.99,4,-1,-1
39,52,988.17,288.99,50.88,51.91,1.00,4,-1,-1
39,53,994.91,67.14,20.34,20.47,0.29,4,-1,-1
39,54,994.36,93.84,25.01,22.93,0.99,4,-1,-1
39,55,1051.37,191.11,35.51,31.30,0.39,4,-1,-1
39,56,1026.81,207.26,58.37,43.03,0.96,4,-1,-1
39,57,1061.86,257.77,17.90,32.18,0.92,2,-1,-1
39,58,1094.50,358.89,64.93,61.13,0.99,4,-1,-1
39,59,1107.78,414.90,72.07,68.16,0.99,4,-1,-1
39,60,1111.54,474.30,72.94,76.37,1.00,4,-1,-1
39,61,1208.95,545.78,25.71,62.34,0.71,1,-1,-1
39,62,1223.82,469.04,26.27,53.36,0.52,2,-1,-1
39,64,1260.08,575.97,26.25,59.23,0.82,1,-1,-1
39,67,1090.06,614.17,55.15,143.69,0.94,1,-1,-1
39,69,1338.23,408.07,22.35,60.64,0.88,1,-1,-1
39,70,1372.83,505.03,27.92,63.22,0.96,1,-1,-1
39,71,1375.51,308.97,85.92,69.89,0.59,4,-1,-1
39,72,1393.26,532.88,30.27,70.73,0.99,1,-1,-1
39,73,1377.76,373.14,23.88,56.49,0.82,1,-1,-1
39,74,1417.14,529.64,28.64,69.77,0.98,1,-1,-1
39,77,1420.04,395.99,23.91,54.77,0.95,1,-1,-1
39,82,1464.59,362.24,19.11,52.59,0.39,1,-1,-1
39,83,1434.34,398.93,26.05,56.81,0.89,1,-1,-1
39,84,1770.29,603.75,58.98,127.60,0.99,1,-1,-1
39,85,1466.59,398.23,21.48,57.61,0.41,1,-1,-1
39,87,1461.66,497.17,28.56,71.71,0.99,1,-1,-1
39,88,1494.25,501.01,26.17,72.98,0.96,1,-1,-1
39,89,1836.10,659.33,65.90,139.82,0.99,1,-1,-1
39,92,1703.22,587.83,51.59,122.62,0.99,1,-1,-1
39,97,1405.32,378.29,23.96,55.43,0.70,1,-1,-1
39,7,149.75,180.77,17.47,36.02,0.91,1,-1,-1
39,110,737.92,181.00,40.25,40.76,0.97,4,-1,-1
39,114,95.42,474.39,32.01,69.68,0.79,1,-1,-1
39,116,1179.79,428.76,24.91,59.89,0.71,1,-1,-1
39,117,1435.60,354.23,19.06,50.94,0.17,1,-1,-1
39,4,55.28,332.46,22.21,56.69,0.92,1,-1,-1
39,121,887.67,312.69,56.10,55.87,0.99,4,-1,-1
39,17,308.47,175.42,18.26,32.49,0.53,1,-1,-1
39,50,958.51,72.44,27.37,33.36,0.91,4,-1,-1
39,123,40.62,485.18,30.16,65.64,0.85,1,-1,-1
39,124,1196.34,403.98,23.05,48.09,0.66,2,-1,-1
39,102,1268.11,400.62,23.61,48.10,0.77,1,-1,-1
39,142,1648.73,519.24,41.95,101.77,0.15,1,-1,-1
39,143,109.06,347.21,25.26,48.88,0.95,2,-1,-1
39,144,1246.94,543.93,23.71,57.59,0.55,1,-1,-1
39,119,11.74,374.12,24.32,47.31,0.32,2,-1,-1
39,149,678.37,231.40,45.42,42.84,0.97,4,-1,-1
39,151,1196.99,571.36,27.57,56.92,0.39,1,-1,-1
39,153,226.17,622.49,77.21,157.64,0.99,1,-1,-1
39,1,64.84,406.69,26.34,60.16,0.25,1,-1,-1
39,93,171.06,453.56,26.64,38.07,0.85,2,-1,-1
39,157,1035.93,436.46,28.52,51.91,0.77,2,-1,-1
39,158,1034.14,444.21,30.99,56.13,0.95,10,-1,-1
39,159,1558.51,497.18,29.29,67.28,0.99,1,-1,-1
39,161,111.03,261.84,20.09,43.17,0.94,1,-1,-1
39,115,169.95,398.72,24.32,55.59,0.39,1,-1,-1
39,118,1518.07,542.62,36.67,71.74,0.39,1,-1,-1
39,170,1438.23,355.28,20.70,52.54,0.41,1,-1,-1
39,171,1108.33,614.85,56.27,133.36,0.81,1,-1,-1
39,172,1478.36,537.88,30.87,75.60,0.95,1,-1,-1
39,14,202.82,178.10,21.34,37.40,0.80,1,-1,-1
39,174,760.97,148.93,36.82,34.66,0.86,4,-1,-1
39,175,1822.93,567.87,58.01,117.13,0.66,1,-1,-1
39,91,1629.54,529.97,47.44,101.70,0.98,1,-1,-1
39,179,57.62,994.18,225.53,75.66,0.54,4,-1,-1
39,181,1580.42,503.97,26.00,64.99,0.97,1,-1,-1
39,160,65.58,405.59,26.18,58.32,0.33,1,-1,-1
39,184,62.62,501.36,31.84,67.37,0.49,1,-1,-1
39,185,154.08,183.40,19.13,36.13,0.91,1,-1,-1
39,186,1312.49,399.41,21.75,51.88,0.75,1,-1,-1
39,65,1324.90,396.44,22.11,57.05,0.60,1,-1,-1
39,192,1517.95,543.10,36.03,71.36,0.88,2,-1,-1
39,79,1451.50,390.25,23.08,59.76,0.75,1,-1,-1
39,195,847.77,496.13,76.73,86.11,0.99,4,-1,-1
39,197,104.29,368.86,41.34,37.47,0.82,3,-1,-1
39,198,1211.94,432.21,23.89,53.87,0.28,2,-1,-1
39,63,1243.32,564.02,26.19,61.46,0.32,1,-1,-1
39,94,1060.65,268.49,18.21,30.33,0.87,10,-1,-1
39,199,572.60,148.81,105.06,88.15,0.34,9,-1,-1
39,90,1493.70,442.00,24.47,60.17,0.84,1,-1,-1
39,29,172.80,724.70,76.32,131.43,0.82,1,-1,-1
39,200,702.52,552.62,100.35,74.80,0.79,4,-1,-1
39,202,1073.12,572.41,35.84,65.05,0.97,10,-1,-1
39,66,1319.08,397.93,23.91,55.94,0.47,1,-1,-1
39,203,307.49,331.40,23.31,51.40,0.69,1,-1,-1
39,204,1073.99,561.80,33.47,61.56,0.87,2,-1,-1
39,133,1610.16,508.27,45.27,92.25,0.90,2,-1,-1
40,2,31.75,501.99,27.81,58.42,0.90,1,-1,-1
40,6,76.48,520.16,53.79,126.06,0.99,1,-1,-1
40,8,409.49,625.29,62.68,156.74,0.98,1,-1,-1
40,10,166.64,249.84,19.40,40.93,0.82,1,-1,-1
40,12,72.49,192.88,18.52,32.93,0.90,1,-1,-1
40,13,95.60,189.24,19.65,35.97,0.93,1,-1,-1
40,18,173.56,477.98,130.34,90.65,0.99,4,-1,-1
40,21,274.95,395.17,120.11,88.46,0.99,4,-1,-1
40,23,732.20,704.47,67.24,147.26,0.98,1,-1,-1
40,24,779.18,654.07,57.08,143.07,0.99,1,-1,-1
40,25,377.64,330.25,86.30,66.06,0.97,4,-1,-1
40,26,322.28,446.06,114.95,93.87,0.99,4,-1,-1
40,27,470.66,269.51,68.46,56.56,0.98,4,-1,-1
40,30,467.58,305.87,94.97,98.15,0.86,5,-1,-1
40,31,400.29,466.50,119.42,109.08,0.99,4,-1,-1
40,32,550.11,231.55,55.35,44.59,0.99,4,-1,-1
40,33,551.58,279.41,65.31,54.22,0.98,4,-1,-1
40,34,605.83,300.29,69.24,60.34,0.99,4,-1,-1
40,35,525.33,383.98,93.72,85.32,0.99,4,-1,-1
40,36,569.22,428.98,98.48,103.96,0.99,4,-1,-1
40,37,649.00,262.08,58.84,51.99,0.91,4,-1,-1
40,38,862.46,210.77,42.33,40.04,0.99,4,-1,-1
40,39,703.33,292.52,56.23,57.65,0.98,4,-1,-1
40,40,747.89,232.52,47.66,45.17,0.98,4,-1,-1
40,41,775.85,196.41,41.73,36.77,0.99,4,-1,-1
40,42,884.90,163.93,38.01,34.95,1.00,4,-1,-1
40,43,913.88,240.03,43.51,43.97,1.00,4,-1,-1
40,44,909.70,121.58,29.88,28.22,0.99,4,-1,-1
40,45,935.98,163.09,32.13,33.74,0.99,4,-1,-1
40,46,937.84,95.53,26.34,24.05,0.98,4,-1,-1
40,47,929.42,69.05,23.83,21.07,0.97,4,-1,-1
40,49,980.28,168.58,35.63,33.06,0.99,4,-1,-1
40,52,988.08,286.58,50.22,51.37,1.00,4,-1,-1
40,53,995.61,67.54,20.24,20.01,0.31,4,-1,-1
40,54,994.54,93.68,25.00,22.81,0.97,4,-1,-1
40,55,1051.82,191.52,34.90,31.52,0.48,4,-1,-1
40,56,1026.96,207.63,57.78,42.56,0.96,4,-1,-1
40,57,1062.41,256.34,17.93,31.01,0.92,2,-1,-1
40,58,1094.78,358.98,64.59,60.56,0.99,4,-1,-1
40,59,1107.94,414.85,71.75,67.67,0.99,4,-1,-1
40,60,1111.99,474.62,72.03,75.58,1.00,4,-1,-1
40,61,1208.47,545.22,26.04,62.47,0.79,1,-1,-1
40,62,1224.55,469.13,24.70,52.36,0.61,2,-1,-1
40,64,1258.94,575.55,27.77,61.23,0.86,1,-1,-1
40,67,1085.35,612.51,54.92,142.56,0.95,1,-1,-1
40,69,1338.05,409.66,21.75,60.94,0.89,1,-1,-1
40,70,1372.92,505.34,26.96,63.70,0.96,1,-1,-1
40,71,1376.21,309.13,84.33,69.48,0.56,4,-1,-1
40,72,1392.55,533.17,30.84,71.74,0.99,1,-1,-1
40,73,1376.79,373.29,23.87,55.84,0.73,1,-1,-1
40,74,1417.28,531.20,28.71,69.50,0.97,1,-1,-1
40,77,1418.87,394.82,23.87,54.43,0.94,1,-1,-1
40,82,1464.95,362.51,19.10,52.60,0.35,1,-1,-1
40,83,1433.84,398.20,24.63,55.49,0.85,1,-1,-1
40,84,1764.94,599.78,62.52,129.99,0.98,1,-1,-1
40,85,1462.88,398.29,23.01,56.26,0.30,1,-1,-1
40,87,1458.66,498.41,28.55,70.05,0.98,1,-1,-1
40,88,1491.84,502.10,26.17,71.76,0.94,1,-1,-1
40,89,1835.59,656.12,63.29,138.93,0.99,1,-1,-1
40,92,1699.70,589.49,50.65,121.05,0.97,1,-1,-1
40,97,1405.13,380.75,23.94,54.02,0.66,1,-1,-1
40,7,152.99,181.70,17.94,35.83,0.93,1,-1,-1
40,110,737.90,181.99,40.49,40.89,0.96,4,-1,-1
40,114,98.31,474.81,31.71,68.50,0.59,1,-1,-1
40,116,1179.67,428.82,24.23,59.73,0.74,2,-1,-1
40,4,58.12,332.82,21.76,55.57,0.94,1,-1,-1
40,121,890.45,308.14,54.23,54.51,1.00,4,-1,-1
40,17,311.64,177.84,18.76,31.06,0.22,1,-1,-1
40,50,958.88,71.52,27.37,34.01,0.80,4,-1,-1
40,123,44.30,485.21,29.32,64.04,0.89,1,-1,-1
40,124,1196.34,404.45,22.77,47.06,0.75,2,-1,-1
40,102,1268.72,400.91,22.24,47.87,0.85,1,-1,-1
40,142,1650.18,545.61,38.21,88.68,0.80,1,-1,-1
40,143,106.02,349.36,25.08,48.14,0.96,2,-1,-1
40,144,1246.14,543.61,23.72,58.05,0.63,1,-1,-1
40,119,10.24,376.21,24.44,48.00,0.24,2,-1,-1
40,149,678.96,232.37,45.41,42.77,0.97,4,-1,-1
40,151,1196.16,570.42,27.84,56.97,0.61,1,-1,-1
40,153,241.80,620.65,88.08,155.93,1.00,1,-1,-1
40,93,173.96,452.95,26.77,38.55,0.71,2,-1,-1
40,157,1035.99,429.00,27.69,51.32,0.62,2,-1,-1
40,158,1034.58,438.12,30.11,55.08,0.95,10,-1,-1
40,159,1554.40,496.49,30.33,66.48,0.97,1,-1,-1
40,161,111.60,262.39,19.96,43.55,0.99,1,-1,-1
40,115,173.08,398.30,23.77,54.64,0.58,1,-1,-1
40,118,1515.30,542.29,37.67,73.24,0.84,1,-1,-1
40,170,1436.50,355.44,21.27,53.80,0.47,1,-1,-1
40,171,1102.09,611.16,54.87,133.59,0.91,1,-1,-1
40,172,1477.89,535.56,30.88,73.99,0.95,1,-1,-1
40,14,204.65,178.78,20.91,37.02,0.49,1,-1,-1
40,174,761.54,149.54,37.00,34.27,0.82,4,-1,-1
40,175,1819.94,569.55,52.48,109.07,0.72,1,-1,-1
40,91,1628.22,529.67,47.90,98.02,0.97,1,-1,-1
40,179,61.32,1027.05,199.18,43.16,0.19,4,-1,-1
40,181,1575.91,502.25,26.03,64.01,0.95,1,-1,-1
40,184,66.59,501.27,30.12,62.69,0.51,1,-1,-1
40,185,158.91,184.47,18.97,35.20,0.87,1,-1,-1
40,186,1313.28,398.93,21.72,51.69,0.65,1,-1,-1
40,65,1325.45,396.10,21.63,56.40,0.47,1,-1,-1
40,192,1515.87,542.28,35.83,73.80,0.94,1,-1,-1
40,79,1448.66,396.44,23.65,57.95,0.81,1,-1,-1
40,195,851.37,483.15,74.25,84.48,1.00,4,-1,-1
40,197,99.59,371.66,42.23,36.63,0.90,3,-1,-1
40,198,1211.93,431.60,23.89,53.66,0.27,1,-1,-1
40,63,1242.98,562.07,26.19,60.51,0.35,1,-1,-1
40,94,1061.21,266.64,18.01,30.41,0.88,10,-1,-1
40,199,573.86,149.39,105.12,88.09,0.43,9,-1,-1
40,90,1491.51,442.16,25.62,59.14,0.75,1,-1,-1
40,29,169.69,722.27,75.62,137.91,0.69,1,-1,-1
40,200,708.57,540.28,97.55,62.24,0.58,4,-1,-1
40,202,1072.39,565.79,33.98,63.69,0.95,10,-1,-1
40,66,1320.77,398.03,22.35,55.25,0.13,1,-1,-1
40,203,309.21,331.31,23.29,50.89,0.57,1,-1,-1
40,204,1073.97,554.16,31.53,61.28,0.96,2,-1,-1
40,133,1608.94,508.49,45.33,89.03,0.83,2,-1,-1
40,205,49.87,423.14,24.80,57.97,0.65,1,-1,-1
40,206,203.20,334.39,22.41,47.21,0.73,1,-1,-1
40,207,1062.63,266.11,16.73,30.18,0.91,2,-1,-1
40,208,1179.77,428.82,25.10,59.77,0.64,1,-1,-1
40,139,81.82,442.74,26.63,58.68,0.59,1,-1,-1
41,2,34.99,501.79,27.88,56.74,0.91,1,-1,-1
41,6,82.43,519.57,54.90,125.46,0.99,1,-1,-1
41,8,421.40,624.11,70.05,157.20,0.99,1,-1,-1
41,10,169.49,249.64,19.22,40.82,0.71,1,-1,-1
41,12,72.80,193.34,18.83,33.17,0.87,1,-1,-1
41,13,95.72,189.58,19.71,36.22,0.90,1,-1,-1
41,18,176.20,478.32,128.95,89.29,1.00,4,-1,-1
41,21,275.65,396.54,119.78,88.50,0.99,4,-1,-1
41,23,743.47,700.54,61.14,142.18,0.99,1,-1,-1
41,24,787.36,652.59,61.85,146.19,0.98,1,-1,-1
41,25,377.00,332.22,86.95,65.55,0.98,4,-1,-1
41,26,318.86,450.48,116.15,93.96,0.99,4,-1,-1
41,27,469.76,271.60,69.02,56.90,0.99,4,-1,-1
41,30,465.79,307.73,95.79,99.27,0.90,5,-1,-1
41,31,395.14,473.12,120.18,103.43,0.99,4,-1,-1
41,32,549.82,233.00,55.49,44.75,0.99,4,-1,-1
41,33,551.24,281.49,65.43,54.36,0.98,4,-1,-1
41,34,606.08,301.85,69.22,60.07,0.98,4,-1,-1
41,35,520.45,388.59,94.55,85.99,0.98,4,-1,-1
41,36,566.37,433.83,99.89,104.58,0.99,4,-1,-1
41,37,649.43,262.82,58.62,52.55,0.94,4,-1,-1
41,38,864.66,208.25,41.72,39.59,1.00,4,-1,-1
41,39,702.30,294.86,57.00,58.33,0.99,4,-1,-1
41,40,747.59,234.33,47.73,45.14,0.96,4,-1,-1
41,41,776.06,197.69,41.82,37.16,0.99,4,-1,-1
41,42,886.61,162.43,37.22,34.38,0.99,4,-1,-1
41,43,915.29,237.47,42.91,43.29,0.99,4,-1,-1
41,44,910.97,121.17,28.99,27.64,0.99,4,-1,-1
41,45,937.19,162.14,31.31,32.82,0.99,4,-1,-1
41,46,938.60,95.06,26.24,23.67,0.99,4,-1,-1
41,47,929.64,68.70,23.83,20.93,0.97,4,-1,-1
41,49,981.31,167.23,34.84,32.77,0.99,4,-1,-1
41,52,987.67,284.64,49.98,51.27,0.99,4,-1,-1
41,53,995.88,67.44,20.20,20.31,0.38,4,-1,-1
41,54,995.03,93.54,25.00,22.76,0.97,4,-1,-1
41,55,1052.39,191.73,34.66,32.97,0.44,4,-1,-1
41,56,1025.89,207.54,58.31,43.17,0.93,4,-1,-1
41,57,1062.62,255.14,18.72,31.37,0.94,2,-1,-1
41,58,1094.48,359.33,64.44,60.33,0.99,4,-1,-1
41,59,1107.99,414.73,71.62,67.47,0.99,4,-1,-1
41,60,1111.75,474.04,71.67,75.67,1.00,4,-1,-1
41,61,1207.47,544.68,26.16,60.14,0.79,1,-1,-1
41,62,1223.60,468.66,25.30,52.37,0.65,2,-1,-1
41,64,1257.69,574.85,26.76,60.78,0.88,1,-1,-1
41,67,1077.89,609.60,56.41,140.32,0.98,1,-1,-1
41,69,1337.15,412.69,21.53,58.29,0.84,1,-1,-1
41,70,1372.10,505.14,26.55,63.47,0.93,1,-1,-1
41,71,1374.02,309.91,85.30,68.91,0.66,4,-1,-1
41,72,1392.95,533.88,29.49,70.53,0.98,1,-1,-1
41,73,1375.58,373.47,23.86,55.98,0.74,1,-1,-1
41,74,1417.23,532.42,28.72,68.97,0.98,1,-1,-1
41,77,1418.34,393.72,23.86,54.68,0.93,1,-1,-1
41,82,1465.75,361.96,19.09,53.76,0.34,1,-1,-1
41,83,1432.00,397.07,25.68,55.79,0.88,1,-1,-1
41,84,1764.17,596.82,60.73,128.68,0.98,1,-1,-1
41,85,1459.87,397.28,22.01,56.92,0.37,1,-1,-1
41,87,1455.11,498.79,28.55,69.01,0.99,1,-1,-1
41,88,1490.08,502.23,26.17,67.71,0.96,1,-1,-1
41,89,1831.69,650.46,63.90,139.35,0.99,1,-1,-1
41,92,1695.04,589.29,50.29,123.32,0.99,1,-1,-1
41,97,1404.19,382.59,23.92,53.85,0.66,1,-1,-1
41,7,156.27,181.92,18.31,36.55,0.90,1,-1,-1
41,110,738.00,183.29,40.57,40.72,0.95,4,-1,-1
41,114,101.14,472.26,31.20,68.46,0.67,1,-1,-1
41,116,1179.60,428.94,23.96,58.87,0.86,1,-1,-1
41,4,60.81,333.08,21.87,55.13,0.95,1,-1,-1
41,121,892.63,303.54,53.57,53.54,1.00,4,-1,-1
41,17,314.36,176.09,18.54,33.15,0.28,1,-1,-1
41,50,959.43,70.62,27.37,34.45,0.81,4,-1,-1
41,123,48.56,484.90,29.15,64.62,0.94,1,-1,-1
41,124,1196.31,404.54,22.66,46.66,0.73,2,-1,-1
41,102,1268.14,400.54,23.31,47.37,0.57,2,-1,-1
41,142,1648.29,555.29,36.63,82.79,0.61,1,-1,-1
41,143,102.27,351.59,25.40,47.45,0.92,2,-1,-1
41,144,1245.77,542.96,23.72,56.24,0.69,1,-1,-1
41,119,8.76,378.40,24.39,47.84,0.17,2,-1,-1
41,149,679.31,233.54,45.39,43.12,0.98,4,-1,-1
41,151,1196.21,569.53,27.55,54.99,0.50,1,-1,-1
41,153,257.03,616.25,85.73,157.64,0.99,1,-1,-1
41,93,176.85,453.39,27.80,37.93,0.79,2,-1,-1
41,157,1036.46,424.44,26.59,49.11,0.39,2,-1,-1
41,158,1034.80,431.65,28.99,54.31,0.96,10,-1,-1
41,159,1551.24,495.39,29.11,64.99,0.98,1,-1,-1
41,161,112.67,263.70,19.90,44.07,0.98,1,-1,-1
41,115,176.04,398.45,24.17,55.09,0.75,1,-1,-1
41,118,1513.37,540.66,36.46,75.15,0.93,1,-1,-1
41,170,1435.79,359.13,19.93,50.77,0.37,1,-1,-1
41,171,1093.72,608.05,51.89,126.90,0.55,1,-1,-1
41,172,1476.84,534.03,29.29,71.33,0.90,1,-1,-1
41,14,206.63,178.91,21.12,37.45,0.81,1,-1,-1
41,174,762.64,150.69,36.26,33.67,0.84,4,-1,-1
41,175,1816.36,567.78,47.18,104.99,0.93,1,-1,-1
41,91,1627.53,529.20,48.04,95.39,0.94,1,-1,-1
41,181,1572.63,499.95,26.05,61.23,0.96,1,-1,-1
41,184,71.53,501.56,30.30,62.04,0.54,1,-1,-1
41,185,162.22,185.03,19.51,35.44,0.88,1,-1,-1
41,186,1313.49,398.67,21.69,51.18,0.62,1,-1,-1
41,65,1325.55,396.10,21.46,56.14,0.56,1,-1,-1
41,79,1446.65,398.49,23.86,57.21,0.78,1,-1,-1
41,195,854.63,470.25,72.66,82.35,1.00,4,-1,-1
41,197,94.48,374.57,44.78,36.36,0.92,3,-1,-1
41,198,1211.47,431.97,23.45,53.17,0.51,1,-1,-1
41,63,1242.02,562.78,26.18,59.73,0.59,1,-1,-1
41,94,1062.21,265.37,17.93,30.43,0.86,10,-1,-1
41,199,574.30,150.19,105.12,87.84,0.35,9,-1,-1
41,90,1489.83,440.19,26.03,59.91,0.68,1,-1,-1
41,29,168.30,718.04,73.97,134.60,0.93,1,-1,-1
41,200,713.35,525.75,96.64,68.73,0.96,4,-1,-1
41,202,1072.16,554.94,32.42,63.01,0.97,10,-1,-1
41,203,310.76,331.45,24.20,50.77,0.33,1,-1,-1
41,204,1073.97,545.86,29.27,54.52,0.77,2,-1,-1
41,133,1606.75,508.23,45.33,86.99,0.54,2,-1,-1
41,205,53.75,422.42,23.28,57.92,0.71,1,-1,-1
41,206,205.55,334.72,21.91,47.17,0.88,1,-1,-1
41,139,86.11,443.80,27.07,60.14,0.39,1,-1,-1
41,209,14.28,449.74,28.45,65.14,0.66,1,-1,-1
41,210,39.97,408.50,25.03,56.78,0.76,1,-1,-1
41,211,1268.23,401.03,21.52,47.81,0.89,1,-1,-1
41,212,1387.76,374.43,23.91,54.39,0.63,1,-1,-1
41,213,1549.12,545.96,40.64,70.82,0.82,1,-1,-1
41,214,1605.30,508.01,47.81,89.05,0.65,1,-1,-1
41,86,1477.32,401.49,23.88,54.17,0.60,1,-1,-1
41,1,73.91,403.42,26.01,60.20,0.67,1,-1,-1
42,2,39.35,500.93,27.11,55.72,0.94,1,-1,-1
42,6,88.70,515.74,55.00,126.23,0.98,1,-1,-1
42,8,432.59,619.48,76.49,156.56,1.00,1,-1,-1
42,10,172.48,249.23,19.14,39.79,0.71,1,-1,-1
42,12,73.50,193.07,19.03,33.86,0.79,1,-1,-1
42,13,96.33,189.67,19.44,36.31,0.86,1,-1,-1
42,18,179.79,478.00,127.81,89.59,0.99,4,-1,-1
42,21,276.48,397.21,119.70,88.48,0.99,4,-1,-1
42,23,754.53,698.44,62.21,134.66,0.98,1,-1,-1
42,24,795.70,650.25,63.61,144.20,0.99,1,-1,-1
42,25,376.99,333.94,86.77,65.32,0.98,4,-1,-1
42,26,314.95,453.98,118.09,94.73,1.00,4,-1,-1
42,27,469.24,273.18,69.59,56.81,0.99,4,-1,-1
42,30,464.95,309.78,96.06,99.26,0.81,5,-1,-1
42,31,391.97,479.19,119.22,100.08,0.98,4,-1,-1
42,32,549.86,234.18,55.52,44.99,0.99,4,-1,-1
42,33,550.90,282.87,65.84,54.39,0.98,4,-1,-1
42,34,606.68,302.76,69.19,60.24,0.99,4,-1,-1
42,35,516.55,392.78,94.62,87.36,0.99,4,-1,-1
42,36,563.38,437.72,101.33,104.76,0.99,4,-1,-1
42,37,649.71,263.81,58.52,52.46,0.96,4,-1,-1
42,38,866.63,205.77,40.71,39.05,1.00,4,-1,-1
42,39,700.88,298.07,57.26,58.18,0.99,4,-1,-1
42,40,747.57,235.63,47.74,45.50,0.96,4,-1,-1
42,41,776.23,198.63,41.84,37.49,0.99,4,-1,-1
42,42,888.02,160.48,36.93,34.18,0.99,4,-1,-1
42,43,917.00,235.26,41.91,42.26,1.00,4,-1,-1
42,44,912.24,120.50,28.66,26.93,0.98,4,-1,-1
42,45,938.45,160.88,31.01,31.89,0.99,4,-1,-1
42,46,939.68,94.60,25.41,23.44,0.99,4,-1,-1
42,47,930.16,68.60,23.04,20.65,0.97,4,-1,-1
42,49,982.10,165.53,34.55,32.68,0.99,4,-1,-1
42,52,987.55,282.32,49.10,50.65,0.99,4,-1,-1
42,53,996.40,67.82,20.19,19.95,0.44,4,-1,-1
42,54,995.25,93.63,25.00,22.55,0.98,4,-1,-1
42,55,1052.60,192.00,34.56,33.50,0.70,4,-1,-1
42,56,1025.53,207.61,58.49,43.39,0.96,4,-1,-1
42,57,1063.48,253.84,18.23,31.29,0.94,2,-1,-1
42,58,1094.36,359.32,64.38,59.84,0.99,4,-1,-1
42,59,1107.61,414.15,71.55,67.39,0.99,4,-1,-1
42,60,1111.25,473.06,71.52,75.69,1.00,4,-1,-1
42,61,1206.66,543.53,26.59,60.06,0.82,1,-1,-1
42,62,1222.82,467.73,25.89,53.56,0.77,2,-1,-1
42,64,1257.18,573.44,26.36,60.00,0.71,1,-1,-1
42,67,1070.23,606.37,53.03,139.86,0.99,1,-1,-1
42,69,1335.19,416.71,21.44,54.84,0.85,1,-1,-1
42,70,1370.93,503.73,26.38,63.75,0.98,1,-1,-1
42,71,1373.92,309.90,84.07,68.69,0.67,4,-1,-1
42,72,1391.46,533.96,30.53,70.83,0.98,1,-1,-1
42,73,1374.29,373.00,23.85,56.02,0.79,1,-1,-1
42,74,1416.32,532.28,28.71,68.36,0.97,1,-1,-1
42,77,1417.29,392.81,23.84,54.77,0.79,1,-1,-1
42,82,1465.95,361.64,19.08,52.62,0.29,1,-1,-1
42,83,1430.46,395.95,26.04,56.29,0.83,1,-1,-1
42,84,1762.73,591.86,58.40,126.38,0.99,1,-1,-1
42,85,1458.70,395.41,21.60,57.14,0.36,1,-1,-1
42,87,1452.17,497.20,28.54,69.02,0.99,1,-1,-1
42,88,1486.99,501.15,26.17,66.57,0.89,1,-1,-1
42,89,1830.74,644.67,60.93,133.18,0.99,1,-1,-1
42,92,1689.20,589.17,50.13,123.53,0.99,1,-1,-1
42,97,1403.78,383.33,23.90,54.16,0.53,1,-1,-1
42,7,160.20,182.64,18.83,36.81,0.85,1,-1,-1
42,110,738.13,184.35,40.58,40.84,0.96,4,-1,-1
42,114,103.84,470.72,30.61,68.44,0.40,1,-1,-1
42,116,1179.16,428.44,23.85,58.54,0.86,1,-1,-1
42,4,64.17,332.80,22.32,55.74,0.92,1,-1,-1
42,121,894.99,299.37,52.55,52.82,1.00,4,-1,-1
42,17,317.22,176.02,18.86,33.88,0.16,1,-1,-1
42,50,960.45,70.35,26.57,34.02,0.53,4,-1,-1
42,123,51.66,483.98,29.07,63.25,0.89,1,-1,-1
42,124,1195.87,404.04,22.62,46.50,0.58,2,-1,-1
42,102,1267.09,400.07,23.67,47.18,0.85,1,-1,-1
42,142,1646.67,556.82,34.44,79.90,0.36,1,-1,-1
42,143,98.99,353.16,25.60,47.98,0.92,2,-1,-1
42,144,1245.56,541.16,23.73,55.96,0.83,1,-1,-1
42,149,679.56,234.51,44.58,43.04,0.98,4,-1,-1
42,151,1195.01,568.66,27.43,53.84,0.22,1,-1,-1
42,153,277.09,610.85,78.54,156.68,0.99,1,-1,-1
42,93,179.80,451.59,27.97,39.27,0.36,2,-1,-1
42,158,1034.51,422.17,29.40,56.06,0.95,10,-1,-1
42,159,1548.47,492.70,28.65,64.84,0.98,1,-1,-1
42,161,114.11,264.80,20.06,43.67,0.96,1,-1,-1
42,115,178.41,398.12,24.70,56.83,0.71,1,-1,-1
42,118,1510.96,538.13,35.98,74.87,0.91,1,-1,-1
42,170,1434.75,360.10,19.38,49.54,0.25,1,-1,-1
42,171,1086.51,602.32,49.91,125.91,0.81,1,-1,-1
42,172,1474.81,530.79,30.33,71.10,0.90,1,-1,-1
42,14,209.26,179.12,20.60,37.01,0.51,1,-1,-1
42,174,763.92,151.56,35.17,33.48,0.86,4,-1,-1
42,175,1811.77,564.32,43.71,104.22,0.93,1,-1,-1
42,91,1624.78,527.28,48.05,101.79,0.95,1,-1,-1
42,181,1569.82,496.39,26.07,61.07,0.94,1,-1,-1
42,184,75.03,500.83,29.97,61.46,0.66,1,-1,-1
42,185,164.99,184.30,19.69,36.53,0.76,1,-1,-1
42,186,1313.49,397.05,21.65,51.77,0.72,1,-1,-1
42,65,1325.50,395.18,21.40,56.83,0.60,1,-1,-1
42,79,1445.01,398.09,23.93,56.91,0.64,1,-1,-1
42,195,857.33,458.20,71.36,80.16,0.99,4,-1,-1
42,197,89.68,376.13,46.87,36.29,0.73,3,-1,-1
42,198,1210.87,431.14,23.72,53.01,0.66,1,-1,-1
42,63,1240.84,561.49,26.18,59.63,0.62,1,-1,-1
42,94,1062.59,264.06,17.90,30.43,0.81,10,-1,-1
42,199,574.50,151.21,105.96,87.54,0.38,9,-1,-1
42,29,166.38,713.43,72.75,135.81,0.86,1,-1,-1
42,200,718.26,512.03,95.53,78.01,0.99,4,-1,-1
42,202,1070.26,544.98,31.10,58.10,0.99,10,-1,-1
42,203,312.95,331.68,23.60,50.74,0.29,1,-1,-1
42,204,1072.03,534.43,28.57,51.86,0.91,2,-1,-1
42,133,1604.21,506.19,45.32,85.03,0.52,2,-1,-1
42,205,58.50,420.48,23.30,58.81,0.64,1,-1,-1
42,206,208.30,334.62,21.80,47.61,0.85,1,-1,-1
42,139,89.80,442.65,26.28,61.32,0.46,1,-1,-1
42,209,18.37,448.61,28.68,65.55,0.76,1,-1,-1
42,210,46.27,406.47,24.99,57.67,0.64,1,-1,-1
42,211,1267.04,400.52,23.40,46.33,0.77,2,-1,-1
42,212,1388.35,374.44,21.96,54.33,0.56,1,-1,-1
42,213,1545.70,542.44,40.59,75.76,0.88,1,-1,-1
42,86,1474.95,399.36,23.86,55.13,0.24,1,-1,-1
42,1,77.94,402.14,26.43,59.01,0.76,1,-1,-1
42,215,714.20,166.45,37.05,32.87,0.74,4,-1,-1
42,216,870.19,91.67,26.30,25.10,0.67,4,-1,-1
42,217,1373.41,310.48,86.06,68.73,0.71,4,-1,-1
43,2,42.49,500.28,27.15,53.40,0.86,1,-1,-1
43,6,95.35,513.99,53.82,124.06,0.97,1,-1,-1
43,8,444.48,616.05,73.12,154.85,0.99,1,-1,-1
43,10,175.15,248.96,18.73,39.04,0.36,1,-1,-1
43,12,73.08,193.39,20.08,34.14,0.51,1,-1,-1
43,13,95.76,189.74,19.74,36.37,0.71,1,-1,-1
43,18,183.40,477.48,126.10,88.98,0.99,4,-1,-1
43,21,276.97,397.77,119.75,88.12,0.99,4,-1,-1
43,23,761.15,692.75,64.24,136.04,0.96,1,-1,-1
43,24,802.20,647.28,64.36,145.11,0.99,1,-1,-1
43,25,376.05,334.84,86.76,65.65,0.97,4,-1,-1
43,26,311.62,457.14,119.29,95.84,1.00,4,-1,-1
43,27,467.97,274.47,69.86,57.29,0.99,4,-1,-1
43,30,462.99,311.56,97.01,100.09,0.72,5,-1,-1
43,31,389.60,485.83,116.56,95.70,0.99,4,-1,-1
43,32,549.22,235.10,55.97,45.30,0.99,4,-1,-1
43,33,549.75,284.27,65.85,54.33,0.98,4,-1,-1
43,34,606.49,303.43,69.24,60.43,0.99,4,-1,-1
43,35,511.21,397.11,95.86,88.29,0.98,4,-1,-1
43,36,560.53,441.76,102.14,106.03,0.99,4,-1,-1
43,37,649.03,264.48,59.32,52.74,0.96,4,-1,-1
43,38,868.21,202.65,40.40,38.49,0.99,4,-1,-1
43,39,699.23,301.01,57.40,58.13,0.99,4,-1,-1
43,40,746.86,236.66,47.78,45.66,0.97,4,-1,-1
43,41,775.59,199.21,41.87,37.82,0.99,4,-1,-1
43,42,889.04,158.58,36.07,33.55,1.00,4,-1,-1
43,43,918.16,232.15,41.60,42.13,1.00,4,-1,-1
43,44,912.85,119.55,28.57,26.29,0.95,4,-1,-1
43,45,939.07,159.30,30.93,31.38,0.99,4,-1,-1
43,46,940.24,93.89,25.12,23.27,0.99,4,-1,-1
43,47,930.12,68.05,22.76,20.46,0.95,4,-1,-1
43,49,982.19,163.80,34.49,32.08,0.99,4,-1,-1
43,52,987.75,279.87,48.04,49.76,1.00,4,-1,-1
43,53,996.80,67.89,19.42,19.46,0.35,4,-1,-1
43,54,995.15,93.25,25.02,22.39,0.97,4,-1,-1
43,55,1052.94,192.12,34.56,34.50,0.66,4,-1,-1
43,56,1024.89,207.29,58.59,43.31,0.97,4,-1,-1
43,57,1063.70,252.89,18.84,31.88,0.94,2,-1,-1
43,58,1094.24,358.96,63.62,59.30,0.98,4,-1,-1
43,59,1107.80,413.80,70.01,66.61,0.98,4,-1,-1
43,60,1110.62,472.42,71.54,74.95,1.00,4,-1,-1
43,61,1206.01,542.06,26.39,61.67,0.92,1,-1,-1
43,62,1222.17,466.29,24.97,54.83,0.70,2,-1,-1
43,64,1256.28,572.09,26.25,61.54,0.78,1,-1,-1
43,67,1058.78,600.87,57.42,141.18,0.98,1,-1,-1
43,69,1333.81,417.41,21.44,53.20,0.86,1,-1,-1
43,70,1369.86,502.12,26.34,64.29,0.98,1,-1,-1
43,71,1372.44,309.45,85.26,69.04,0.84,4,-1,-1
43,72,1390.28,534.25,30.93,69.42,0.98,1,-1,-1
43,73,1373.18,372.24,23.87,56.07,0.66,1,-1,-1
43,74,1416.15,531.32,28.72,67.77,0.98,1,-1,-1
43,77,1417.07,390.94,23.86,55.24,0.74,1,-1,-1
43,82,1465.41,360.94,19.10,52.99,0.25,1,-1,-1
43,83,1428.51,393.79,26.20,58.09,0.82,1,-1,-1
43,84,1760.91,585.42,56.00,124.01,0.97,1,-1,-1
43,87,1448.96,495.51,28.58,68.28,0.97,1,-1,-1
43,88,1484.54,499.24,26.20,67.41,0.80,1,-1,-1
43,89,1825.05,637.93,61.51,130.12,0.98,1,-1,-1
43,92,1683.47,588.58,46.97,124.25,0.99,1,-1,-1
43,97,1403.01,382.23,23.92,55.09,0.52,1,-1,-1
43,7,163.75,183.33,18.66,36.55,0.43,1,-1,-1
43,110,738.23,185.17,39.84,40.91,0.95,4,-1,-1
43,114,103.71,480.69,33.92,70.07,0.25,1,-1,-1
43,116,1178.20,427.34,23.84,58.46,0.80,1,-1,-1
43,4,66.49,332.05,22.76,56.00,0.92,1,-1,-1
43,121,896.75,294.98,51.45,52.32,1.00,4,-1,-1
43,17,319.35,176.97,19.39,32.82,0.48,1,-1,-1
43,50,961.00,69.83,26.31,33.89,0.78,4,-1,-1
43,123,56.20,482.70,29.32,60.79,0.80,1,-1,-1
43,124,1195.32,403.30,22.63,45.69,0.75,2,-1,-1
43,102,1266.75,398.95,23.84,46.74,0.41,1,-1,-1
43,142,1641.58,525.82,35.30,83.79,0.79,1,-1,-1
43,143,94.30,354.80,25.89,49.39,0.83,2,-1,-1
43,144,1245.52,539.45,23.76,57.51,0.74,1,-1,-1
43,149,679.27,235.33,45.10,43.23,0.98,4,-1,-1
43,153,297.19,604.82,70.52,156.43,0.99,1,-1,-1
43,93,182.39,451.52,27.48,38.23,0.65,2,-1,-1
43,158,1034.32,414.44,29.58,56.35,0.96,10,-1,-1
43,159,1544.60,490.04,28.53,64.45,0.98,1,-1,-1
43,161,114.57,265.29,20.53,43.34,0.95,1,-1,-1
43,115,181.09,397.19,24.54,55.57,0.58,1,-1,-1
43,118,1509.54,535.53,34.25,70.48,0.93,1,-1,-1
43,170,1432.99,356.45,20.80,52.31,0.15,1,-1,-1
43,171,1080.92,597.08,48.43,130.22,0.96,1,-1,-1
43,172,1472.71,527.76,29.15,68.28,0.93,1,-1,-1
43,14,211.04,179.90,20.62,36.47,0.27,1,-1,-1
43,174,764.05,151.94,35.59,33.58,0.83,4,-1,-1
43,175,1803.99,560.73,44.37,104.89,0.96,1,-1,-1
43,91,1620.95,526.41,51.18,107.79,0.92,1,-1,-1
43,181,1566.77,494.83,24.51,59.46,0.95,1,-1,-1
43,184,79.42,499.79,30.73,60.56,0.44,1,-1,-1
43,185,167.04,184.35,20.36,36.94,0.72,1,-1,-1
43,186,1313.56,396.88,20.05,50.41,0.71,1,-1,-1
43,65,1324.76,394.07,21.40,56.35,0.58,1,-1,-1
43,79,1444.59,396.73,23.97,57.23,0.51,1,-1,-1
43,195,860.02,446.14,69.39,78.09,1.00,4,-1,-1
43,197,84.72,378.38,47.27,35.88,0.61,3,-1,-1
43,198,1210.27,431.12,22.60,53.43,0.65,1,-1,-1
43,63,1239.68,559.20,26.21,61.61,0.71,1,-1,-1
43,94,1063.02,261.83,17.90,30.45,0.86,10,-1,-1
43,199,575.59,151.23,105.27,88.16,0.52,9,-1,-1
43,29,164.16,709.00,71.80,140.36,0.77,1,-1,-1
43,200,723.75,498.55,93.55,85.38,0.99,4,-1,-1
43,202,1068.77,536.12,30.79,56.17,0.99,10,-1,-1
43,203,315.04,331.64,22.49,50.32,0.17,1,-1,-1
43,204,1071.00,524.28,27.53,51.80,0.61,2,-1,-1
43,133,1600.45,503.50,45.36,86.73,0.80,2,-1,-1
43,205,62.81,419.44,23.57,57.78,0.39,1,-1,-1
43,206,209.93,334.33,22.26,47.79,0.65,1,-1,-1
43,139,92.95,440.86,27.23,61.81,0.63,1,-1,-1
43,209,21.05,447.98,29.13,63.80,0.71,1,-1,-1
43,210,52.39,404.97,25.37,56.93,0.31,1,-1,-1
43,211,1265.87,399.69,23.76,46.51,0.72,1,-1,-1
43,212,1388.51,373.23,21.59,54.78,0.54,1,-1,-1
43,213,1544.16,540.34,40.59,70.40,0.78,1,-1,-1
43,86,1473.51,398.98,23.87,53.93,0.18,1,-1,-1
43,1,81.26,400.31,28.29,59.42,0.61,1,-1,-1
43,215,715.38,166.37,36.07,32.84,0.73,4,-1,-1
43,216,870.77,92.78,26.28,24.24,0.51,4,-1,-1
43,218,181.84,452.43,26.89,37.05,0.62,2,-1,-1
43,219,462.29,311.98,97.42,100.41,0.76,6,-1,-1
43,220,616.18,168.69,92.04,102.50,0.68,9,-1,-1
43,221,960.43,71.49,26.30,32.42,0.67,4,-1,-1
43,222,1210.25,430.91,23.31,54.98,0.78,1,-1,-1
44,2,47.35,498.11,26.05,51.75,0.84,1,-1,-1
44,6,102.57,508.42,55.22,124.03,0.98,1,-1,-1
44,8,457.92,607.73,69.99,157.92,0.99,1,-1,-1
44,10,178.10,247.87,19.16,39.16,0.58,1,-1,-1
44,12,73.97,193.38,20.62,33.85,0.50,1,-1,-1
44,13,97.03,189.64,19.63,36.38,0.70,1,-1,-1
44,18,185.84,475.95,125.90,86.38,0.99,4,-1,-1
44,21,278.78,397.26,119.29,87.56,0.99,4,-1,-1
44,23,768.53,689.04,67.32,138.89,0.95,1,-1,-1
44,24,812.62,644.15,60.68,139.91,0.98,1,-1,-1
44,25,375.92,335.69,87.08,65.36,0.97,4,-1,-1
44,26,309.68,459.09,118.86,95.05,0.99,4,-1,-1
44,27,467.67,275.22,69.51,57.55,0.98,4,-1,-1
44,30,462.05,313.34,96.90,99.58,0.91,5,-1,-1
44,31,388.04,490.62,114.64,92.07,0.98,4,-1,-1
44,32,549.30,235.38,55.70,45.60,0.99,4,-1,-1
44,33,549.85,285.17,65.60,54.29,0.99,4,-1,-1
44,34,606.68,303.30,69.21,60.88,0.99,4,-1,-1
44,35,506.90,400.93,96.63,88.99,0.98,4,-1,-1
44,36,557.85,444.49,103.12,107.62,0.99,4,-1,-1
44,37,649.43,264.97,58.79,52.24,0.97,4,-1,-1
44,38,870.07,199.31,40.29,38.10,1.00,4,-1,-1
44,39,697.30,303.19,58.19,58.38,0.98,4,-1,-1
44,40,746.82,237.22,47.77,45.90,0.97,4,-1,-1
44,41,775.96,199.54,41.07,37.55,0.99,4,-1,-1
44,42,890.71,156.26,35.75,33.52,0.98,4,-1,-1
44,43,919.47,228.80,41.49,41.10,1.00,4,-1,-1
44,44,914.39,117.96,27.73,26.07,0.99,4,-1,-1
44,45,940.20,157.49,30.90,31.20,1.00,4,-1,-1
44,46,940.97,93.05,25.01,23.22,0.99,4,-1,-1
44,47,930.26,67.26,22.65,20.40,0.95,4,-1,-1
44,49,982.33,161.56,34.46,31.46,0.99,4,-1,-1
44,52,987.93,276.84,47.64,49.25,0.99,4,-1,-1
44,53,997.07,67.42,19.93,19.36,0.38,4,-1,-1
44,54,995.64,92.71,24.23,22.03,0.99,4,-1,-1
44,55,1052.75,192.05,34.54,34.86,0.79,4,-1,-1
44,56,1023.99,206.77,58.58,42.68,0.98,4,-1,-1
44,57,1064.24,251.28,19.04,32.49,0.79,2,-1,-1
44,58,1093.84,357.38,63.30,59.49,0.99,4,-1,-1
44,59,1107.50,412.21,69.39,67.50,0.98,4,-1,-1
44,60,1110.39,470.70,70.71,74.27,0.99,4,-1,-1
44,61,1204.54,539.62,25.11,59.91,0.79,1,-1,-1
44,62,1221.10,464.68,25.39,54.90,0.60,2,-1,-1
44,64,1253.49,569.90,27.77,62.67,0.69,1,-1,-1
44,67,1051.66,597.50,55.81,136.33,0.97,1,-1,-1
44,69,1331.66,416.80,21.42,53.40,0.83,1,-1,-1
44,70,1368.55,499.49,26.30,64.46,0.98,1,-1,-1
44,71,1371.03,308.32,85.65,69.55,0.94,4,-1,-1
44,72,1388.91,533.48,31.05,66.08,0.97,1,-1,-1
44,73,1371.91,371.36,23.86,56.07,0.44,1,-1,-1
44,74,1415.14,529.68,28.70,67.13,0.99,1,-1,-1
44,77,1415.31,389.07,23.85,55.40,0.77,1,-1,-1
44,83,1426.90,391.63,26.24,59.14,0.88,1,-1,-1
44,84,1758.22,579.93,53.46,122.91,0.98,1,-1,-1
44,87,1445.31,493.87,28.57,67.20,0.98,1,-1,-1
44,88,1481.93,497.52,26.19,68.50,0.93,1,-1,-1
44,89,1819.38,631.35,61.68,127.39,0.99,1,-1,-1
44,92,1673.81,586.11,48.97,124.44,0.99,1,-1,-1
44,97,1402.62,381.97,23.90,55.03,0.61,1,-1,-1
44,7,169.11,182.99,19.94,37.42,0.24,1,-1,-1
44,110,738.89,185.39,39.52,40.92,0.97,4,-1,-1
44,116,1177.43,425.87,23.82,58.81,0.79,1,-1,-1
44,4,69.44,331.48,23.39,55.69,0.93,1,-1,-1
44,121,897.84,290.01,51.05,51.27,1.00,4,-1,-1
44,17,322.26,177.09,19.97,31.80,0.25,1,-1,-1
44,50,961.34,69.88,26.20,33.11,0.58,4,-1,-1
44,123,60.40,480.71,28.93,60.27,0.89,1,-1,-1
44,124,1194.31,400.99,22.62,47.37,0.63,2,-1,-1
44,102,1265.80,398.10,23.88,46.57,0.73,1,-1,-1
44,142,1634.78,512.97,37.15,79.66,0.53,1,-1,-1
44,143,90.88,356.22,26.17,47.96,0.89,2,-1,-1
44,144,1245.41,537.14,23.76,58.46,0.69,1,-1,-1
44,149,679.42,235.41,45.27,43.48,0.98,4,-1,-1
44,153,319.23,598.32,63.77,153.73,0.99,1,-1,-1
44,93,185.39,450.43,28.05,37.42,0.83,2,-1,-1
44,158,1033.52,407.36,29.64,55.67,0.96,10,-1,-1
44,159,1541.48,486.32,28.47,64.70,0.99,1,-1,-1
44,161,116.09,265.11,20.20,42.90,0.97,1,-1,-1
44,115,184.44,395.97,24.46,55.86,0.67,1,-1,-1
44,118,1507.27,532.16,33.58,68.76,0.90,1,-1,-1
44,170,1431.44,351.82,22.82,54.07,0.19,1,-1,-1
44,171,1071.91,590.49,50.27,134.89,0.98,1,-1,-1
44,172,1469.41,524.08,30.30,70.02,0.91,1,-1,-1
44,14,213.23,179.92,20.01,35.85,0.14,1,-1,-1
44,174,764.72,151.84,35.72,33.81,0.90,4,-1,-1
44,175,1794.58,557.45,46.23,100.14,0.95,1,-1,-1
44,91,1617.70,523.74,52.30,105.72,0.96,1,-1,-1
44,181,1563.16,492.34,25.56,58.89,0.94,1,-1,-1
44,184,83.04,496.65,31.29,61.94,0.18,1,-1,-1
44,186,1311.04,395.44,21.04,50.26,0.70,1,-1,-1
44,65,1322.79,392.47,22.98,56.54,0.52,1,-1,-1
44,79,1442.75,395.19,23.95,56.93,0.67,1,-1,-1
44,195,863.45,434.44,67.07,74.80,1.00,4,-1,-1
44,197,80.16,377.59,48.44,36.16,0.37,3,-1,-1
44,198,1209.62,430.05,22.59,53.98,0.73,1,-1,-1
44,63,1238.39,557.43,27.78,62.52,0.61,1,-1,-1
44,94,1063.24,258.28,18.68,31.82,0.80,10,-1,-1
44,199,575.85,151.72,105.36,88.32,0.58,9,-1,-1
44,29,163.04,700.48,71.41,139.68,0.88,1,-1,-1
44,200,728.96,485.53,91.18,87.74,0.99,4,-1,-1
44,202,1067.48,525.99,30.71,55.19,0.97,10,-1,-1
44,203,318.61,329.98,21.67,51.04,0.18,1,-1,-1
44,204,1068.96,513.77,28.14,51.86,0.95,2,-1,-1
44,133,1595.67,499.15,46.90,88.11,0.90,2,-1,-1
44,205,68.82,416.56,23.91,56.51,0.48,1,-1,-1
44,206,212.91,333.25,22.17,48.28,0.71,1,-1,-1
44,139,97.68,439.47,28.53,62.76,0.62,1,-1,-1
44,209,25.30,446.18,30.08,66.52,0.76,1,-1,-1
44,210,57.83,402.63,26.09,57.16,0.62,1,-1,-1
44,211,1265.53,397.98,23.88,46.58,0.34,1,-1,-1
44,212,1386.74,371.88,23.37,55.87,0.40,1,-1,-1
44,213,1541.87,535.68,38.73,63.30,0.35,1,-1,-1
44,86,1470.49,398.30,23.86,53.44,0.19,1,-1,-1
44,1,86.10,399.18,28.38,57.59,0.84,1,-1,-1
44,215,716.28,166.15,35.86,32.60,0.76,4,-1,-1
44,216,871.04,93.39,26.26,24.30,0.83,4,-1,-1
44,220,616.20,167.96,91.93,103.35,0.63,9,-1,-1
44,222,1209.58,429.73,22.80,54.93,0.78,1,-1,-1
44,90,1482.90,432.17,26.20,61.20,0.78,1,-1,-1
45,2,52.62,496.11,25.97,51.18,0.90,1,-1,-1
45,6,110.77,504.75,54.65,122.44,0.97,1,-1,-1
45,8,474.27,600.30,63.23,155.52,0.99,1,-1,-1
45,10,181.93,246.99,19.31,39.21,0.62,1,-1,-1
45,12,75.16,192.40,20.53,33.73,0.54,1,-1,-1
45,13,98.40,189.32,19.49,35.79,0.65,1,-1,-1
45,18,191.08,474.33,123.94,82.23,1.00,4,-1,-1
45,21,280.48,396.62,119.37,87.73,0.99,4,-1,-1
45,23,776.30,682.55,66.91,150.17,0.98,1,-1,-1
45,24,821.14,637.03,56.81,140.32,0.98,1,-1,-1
45,25,375.80,335.77,87.56,66.02,0.97,4,-1,-1
45,26,308.19,461.84,118.63,91.97,0.99,4,-1,-1
45,27,467.86,275.77,69.36,57.54,0.98,4,-1,-1
45,30,461.43,313.97,96.83,100.92,0.95,5,-1,-1
45,31,387.30,495.57,111.90,88.36,0.99,4,-1,-1
45,32,549.79,235.78,55.58,45.50,0.99,4,-1,-1
45,33,549.59,285.78,65.28,54.36,0.97,4,-1,-1
45,34,607.19,303.34,68.99,61.33,0.99,4,-1,-1
45,35,502.95,404.40,97.65,89.61,0.99,4,-1,-1
45,36,555.43,448.11,104.41,107.80,0.99,4,-1,-1
45,37,650.22,264.76,59.37,52.64,0.95,4,-1,-1
45,38,872.07,196.17,40.27,37.78,1.00,4,-1,-1
45,39,695.68,305.22,59.24,59.34,0.99,4,-1,-1
45,40,747.04,237.62,47.75,45.98,0.96,4,-1,-1
45,41,775.93,200.07,41.54,37.24,0.98,4,-1,-1
45,42,891.87,154.05,35.64,33.33,1.00,4,-1,-1
45,43,921.29,225.65,40.67,40.54,1.00,4,-1,-1
45,44,915.92,116.59,27.43,25.69,0.99,4,-1,-1
45,45,941.58,155.55,30.10,30.95,1.00,4,-1,-1
45,46,941.80,92.09,24.97,22.90,0.99,4,-1,-1
45,47,930.50,66.62,22.61,20.18,0.94,4,-1,-1
45,49,983.34,159.48,33.66,31.05,0.99,4,-1,-1
45,52,987.78,273.67,47.50,49.07,1.00,4,-1,-1
45,53,997.75,66.65,20.11,19.75,0.20,4,-1,-1
45,54,995.60,92.01,24.73,22.01,0.99,4,-1,-1
45,55,1052.45,191.69,35.32,35.57,0.81,4,-1,-1
45,56,1023.47,206.25,58.56,42.05,0.96,4,-1,-1
45,57,1064.61,248.91,19.11,33.10,0.84,2,-1,-1
45,58,1093.45,356.42,63.18,59.56,0.98,4,-1,-1
45,59,1107.14,410.85,69.15,66.65,0.98,4,-1,-1
45,60,1109.67,468.69,71.19,74.41,1.00,4,-1,-1
45,61,1203.34,536.76,25.42,60.82,0.67,1,-1,-1
45,62,1219.67,463.12,25.93,54.13,0.67,2,-1,-1
45,64,1251.05,567.13,28.32,59.97,0.57,1,-1,-1
45,67,1041.95,591.36,59.91,136.67,0.93,1,-1,-1
45,69,1328.65,415.19,23.00,54.67,0.88,1,-1,-1
45,70,1366.62,496.38,27.84,65.29,0.95,1,-1,-1
45,71,1370.63,307.15,84.22,69.35,0.98,4,-1,-1
45,72,1389.29,532.58,29.52,63.63,0.96,1,-1,-1
45,73,1370.01,370.29,23.84,56.07,0.70,1,-1,-1
45,74,1414.08,528.26,28.68,66.89,0.98,1,-1,-1
45,77,1414.78,388.05,23.84,53.88,0.71,1,-1,-1
45,83,1424.86,390.48,26.25,57.98,0.90,1,-1,-1
45,84,1753.16,573.06,52.55,121.91,0.98,1,-1,-1
45,87,1441.75,493.51,28.56,66.81,0.98,1,-1,-1
45,88,1479.53,496.52,26.18,66.94,0.92,1,-1,-1
45,89,1811.69,625.08,63.34,124.01,1.00,1,-1,-1
45,92,1664.97,584.35,49.65,120.56,0.99,1,-1,-1
45,97,1401.04,381.72,23.88,53.82,0.71,1,-1,-1
45,7,174.33,182.48,20.60,38.32,0.14,1,-1,-1
45,110,739.37,185.60,39.40,40.92,0.97,4,-1,-1
45,116,1176.51,423.97,24.60,59.33,0.62,1,-1,-1
45,4,72.93,330.48,23.91,54.38,0.93,1,-1,-1
45,121,899.55,285.05,50.13,50.11,1.00,4,-1,-1
45,50,962.04,70.18,26.16,32.25,0.78,4,-1,-1
45,123,64.68,478.56,28.70,58.50,0.90,1,-1,-1
45,124,1193.68,399.95,22.61,46.81,0.61,2,-1,-1
45,102,1264.02,396.44,23.88,47.69,0.67,1,-1,-1
45,142,1631.54,504.10,36.28,81.28,0.79,1,-1,-1
45,143,88.43,356.70,26.26,48.19,0.90,2,-1,-1
45,144,1245.48,534.33,23.76,61.16,0.70,1,-1,-1
45,149,680.11,235.54,46.10,43.38,0.98,4,-1,-1
45,153,338.50,592.17,68.07,153.68,0.99,1,-1,-1
45,93,189.43,448.83,27.48,37.11,0.91,2,-1,-1
45,158,1033.02,399.88,30.46,55.82,0.97,10,-1,-1
45,159,1537.32,483.25,28.46,64.79,0.96,1,-1,-1
45,161,118.49,264.54,19.38,43.03,0.98,1,-1,-1
45,115,188.40,394.71,24.23,55.57,0.33,1,-1,-1
45,118,1504.95,528.18,33.34,68.93,0.88,1,-1,-1
45,170,1429.45,357.42,22.08,55.89,0.20,1,-1,-1
45,171,1062.69,583.77,52.49,134.31,0.92,1,-1,-1
45,172,1466.74,519.64,29.13,69.45,0.89,1,-1,-1
45,14,215.17,179.06,20.77,37.00,0.34,1,-1,-1
45,174,765.57,151.83,35.76,33.80,0.90,4,-1,-1
45,175,1788.95,555.10,42.12,97.62,0.87,1,-1,-1
45,91,1617.28,523.30,48.10,102.26,0.95,1,-1,-1
45,181,1558.03,489.31,25.92,58.72,0.90,1,-1,-1
45,184,88.23,494.48,31.11,60.05,0.77,1,-1,-1
45,186,1310.27,392.95,21.37,50.99,0.63,1,-1,-1
45,65,1322.94,390.73,22.01,55.43,0.18,1,-1,-1
45,79,1440.61,393.63,23.93,56.80,0.84,1,-1,-1
45,195,866.36,422.62,65.51,73.13,1.00,4,-1,-1
45,197,79.51,376.60,46.58,37.07,0.23,3,-1,-1
45,198,1208.31,428.68,22.99,54.98,0.66,1,-1,-1
45,63,1237.27,555.80,28.35,59.93,0.40,1,-1,-1
45,94,1063.49,257.79,18.96,30.78,0.70,10,-1,-1
45,199,577.39,151.32,104.96,87.76,0.68,9,-1,-1
45,29,163.03,692.14,72.28,140.22,0.79,1,-1,-1
45,200,734.94,472.56,89.57,88.86,0.99,4,-1,-1
45,202,1065.97,515.13,30.72,54.95,0.98,10,-1,-1
45,204,1067.20,504.07,27.51,48.55,0.45,2,-1,-1
45,133,1590.87,494.80,47.46,91.35,0.95,2,-1,-1
45,205,74.41,414.84,24.36,53.49,0.34,1,-1,-1
45,206,216.08,332.27,21.91,47.57,0.44,1,-1,-1
45,139,103.54,439.72,29.88,64.29,0.56,1,-1,-1
45,209,30.53,444.78,28.83,65.62,0.85,1,-1,-1
45,210,63.94,400.67,26.04,53.68,0.48,1,-1,-1
45,211,1263.83,397.10,23.91,47.94,0.73,1,-1,-1
45,212,1385.43,371.33,23.90,55.76,0.55,1,-1,-1
45,213,1539.54,533.84,38.16,61.50,0.82,1,-1,-1
45,86,1467.93,396.15,23.84,54.81,0.39,1,-1,-1
45,1,90.96,396.87,28.50,55.69,0.83,1,-1,-1
45,215,717.48,165.87,35.80,32.30,0.75,4,-1,-1
45,216,870.69,93.33,27.19,24.91,0.72,4,-1,-1
45,220,616.03,168.56,91.86,103.25,0.76,9,-1,-1
45,222,1208.11,428.70,23.15,55.82,0.61,2,-1,-1
45,90,1479.85,429.51,27.83,61.38,0.62,1,-1,-1
45,223,687.30,940.71,145.83,129.09,0.74,4,-1,-1
45,224,1504.90,527.73,33.47,68.73,0.84,2,-1,-1
46,2,57.49,492.79,25.55,51.40,0.90,1,-1,-1
46,6,118.87,501.04,53.41,120.88,0.98,1,-1,-1
46,8,490.37,592.44,59.11,156.16,0.98,1,-1,-1
46,10,185.39,246.40,19.58,38.25,0.73,1,-1,-1
46,12,75.29,191.21,20.63,34.08,0.62,1,-1,-1
46,13,98.89,188.47,20.13,35.76,0.88,1,-1,-1
46,18,195.24,472.47,122.58,79.07,0.99,4,-1,-1
46,21,282.54,395.84,118.56,86.95,0.99,4,-1,-1
46,23,784.86,675.77,69.19,164.28,0.98,1,-1,-1
46,24,828.41,628.79,53.03,142.04,0.97,1,-1,-1
46,25,375.70,335.61,87.38,66.22,0.96,4,-1,-1
46,26,305.94,462.85,118.96,90.34,1.00,4,-1,-1
46,27,467.07,275.93,69.72,57.51,0.98,4,-1,-1
46,30,460.18,314.54,96.84,101.38,0.95,5,-1,-1
46,31,385.19,500.05,109.33,84.99,0.98,4,-1,-1
46,32,549.47,235.77,55.56,45.63,0.99,4,-1,-1
46,33,549.02,285.93,64.79,54.35,0.98,4,-1,-1
46,34,606.90,303.37,68.55,61.17,0.99,4,-1,-1
46,35,498.62,407.92,97.68,90.55,0.99,4,-1,-1
46,36,553.01,450.91,104.93,107.02,0.99,4,-1,-1
46,37,650.42,264.57,58.82,52.37,0.95,4,-1,-1
46,38,873.82,192.47,39.51,37.07,1.00,4,-1,-1
46,39,693.86,306.98,59.66,59.66,0.99,4,-1,-1
46,40,747.03,237.70,46.98,45.99,0.98,4,-1,-1
46,41,775.42,199.92,41.73,37.29,0.99,4,-1,-1
46,42,892.92,151.14,35.63,32.86,0.99,4,-1,-1
46,43,922.22,221.93,39.61,40.15,0.99,4,-1,-1
46,44,915.51,114.49,28.14,25.86,0.99,4,-1,-1
46,45,941.54,152.69,30.62,31.27,0.99,4,-1,-1
46,46,941.94,90.47,24.97,22.78,0.99,4,-1,-1
46,47,930.04,65.65,22.61,19.50,0.93,4,-1,-1
46,49,983.58,156.67,32.59,30.70,0.99,4,-1,-1
46,52,987.67,270.38,46.71,48.41,1.00,4,-1,-1
46,53,997.45,65.01,20.19,19.91,0.21,4,-1,-1
46,54,995.45,90.92,24.14,21.70,0.99,4,-1,-1
46,55,1052.23,190.88,34.86,35.43,0.74,4,-1,-1
46,56,1021.63,205.32,59.35,41.20,0.94,4,-1,-1
46,57,1064.67,246.82,19.15,32.75,0.92,2,-1,-1
46,58,1092.51,354.62,63.96,59.96,0.99,4,-1,-1
46,59,1105.84,408.91,69.90,65.51,0.99,4,-1,-1
46,60,1109.04,465.92,70.63,74.05,1.00,4,-1,-1
46,61,1202.20,533.24,25.95,58.41,0.72,1,-1,-1
46,62,1218.01,460.47,26.16,54.23,0.91,2,-1,-1
46,64,1249.82,562.64,27.02,58.12,0.74,1,-1,-1
46,67,1035.48,587.54,57.63,132.66,0.97,1,-1,-1
46,69,1325.63,414.76,23.60,53.18,0.84,1,-1,-1
46,70,1364.78,493.46,28.44,66.37,0.97,1,-1,-1
46,71,1369.31,305.33,83.72,68.84,0.98,4,-1,-1
46,72,1388.37,530.47,28.96,63.55,0.98,1,-1,-1
46,73,1368.15,368.71,23.87,55.27,0.81,1,-1,-1
46,74,1413.37,526.54,28.70,66.79,0.99,1,-1,-1
46,77,1412.66,385.93,23.86,54.89,0.62,1,-1,-1
46,83,1422.98,388.11,24.71,57.12,0.83,1,-1,-1
46,84,1747.04,566.31,52.30,120.16,0.98,1,-1,-1
46,87,1437.81,491.80,28.59,65.88,0.95,1,-1,-1
46,88,1476.02,493.59,26.21,67.55,0.87,1,-1,-1
46,89,1803.87,616.75,65.58,123.61,0.99,1,-1,-1
46,92,1654.40,580.17,51.54,116.85,0.98,1,-1,-1
46,97,1399.30,380.03,23.90,54.14,0.86,1,-1,-1
46,7,176.72,180.46,20.87,38.66,0.55,1,-1,-1
46,110,739.03,185.43,40.16,40.51,0.98,4,-1,-1
46,116,1175.02,421.98,24.91,59.13,0.66,1,-1,-1
46,4,76.11,329.51,24.72,53.88,0.94,1,-1,-1
46,121,901.24,279.76,49.06,49.20,1.00,4,-1,-1
46,50,962.52,69.63,25.38,30.56,0.56,4,-1,-1
46,123,69.27,475.40,28.03,58.26,0.91,1,-1,-1
46,124,1193.47,398.09,21.85,47.38,0.68,2,-1,-1
46,102,1262.19,394.89,23.90,46.54,0.60,1,-1,-1
46,142,1626.16,498.30,35.97,78.70,0.60,1,-1,-1
46,143,86.09,357.17,25.34,47.87,0.69,2,-1,-1
46,144,1243.60,531.39,25.37,61.79,0.80,1,-1,-1
46,149,680.27,235.17,45.66,43.51,0.98,4,-1,-1
46,153,354.57,587.10,74.25,148.74,0.99,1,-1,-1
46,93,192.68,446.60,27.08,36.20,0.88,2,-1,-1
46,158,1033.23,393.16,29.23,55.09,0.91,10,-1,-1
46,159,1533.19,479.15,28.50,65.63,0.98,1,-1,-1
46,161,119.71,264.06,19.48,42.88,0.98,1,-1,-1
46,115,191.41,392.61,24.37,54.67,0.22,1,-1,-1
46,118,1500.66,523.16,34.89,72.17,0.91,1,-1,-1
46,170,1426.03,356.27,21.78,54.27,0.39,1,-1,-1
46,171,1056.78,579.29,51.06,129.93,0.80,1,-1,-1
46,172,1463.13,513.88,30.33,72.01,0.91,1,-1,-1
46,14,216.52,177.95,20.68,36.83,0.33,1,-1,-1
46,174,765.74,151.14,35.80,33.73,0.92,4,-1,-1
46,175,1782.04,550.32,39.00,96.99,0.46,1,-1,-1
46,91,1617.74,521.48,43.23,98.10,0.96,1,-1,-1
46,181,1553.53,484.22,26.10,60.69,0.88,1,-1,-1
46,184,92.94,491.89,31.28,57.38,0.79,1,-1,-1
46,186,1310.37,391.28,19.95,49.68,0.33,1,-1,-1
46,65,1322.64,387.76,21.65,54.61,0.20,1,-1,-1
46,79,1439.46,390.44,23.95,56.74,0.91,1,-1,-1
46,195,868.54,410.99,64.25,70.88,1.00,4,-1,-1
46,197,76.95,378.53,45.52,34.61,0.14,3,-1,-1
46,198,1206.69,426.47,23.17,48.99,0.49,1,-1,-1
46,63,1236.54,551.36,27.05,57.33,0.17,1,-1,-1
46,94,1063.11,254.22,19.08,30.95,0.73,10,-1,-1
46,199,578.02,150.90,104.25,87.72,0.55,9,-1,-1
46,29,163.95,682.99,72.48,138.06,0.81,1,-1,-1
46,200,740.20,459.33,87.47,88.32,0.99,4,-1,-1
46,202,1064.35,503.41,29.96,55.35,0.97,10,-1,-1
46,204,1064.66,494.46,28.18,50.94,0.80,2,-1,-1
46,133,1587.97,488.79,46.16,93.72,0.97,2,-1,-1
46,205,78.56,409.56,25.78,55.97,0.59,1,-1,-1
46,206,219.16,331.65,21.42,46.03,0.60,1,-1,-1
46,139,108.29,438.05,28.61,61.74,0.56,1,-1,-1
46,209,35.85,441.99,28.77,66.13,0.68,1,-1,-1
46,210,70.04,397.44,26.96,55.66,0.63,1,-1,-1
46,211,1262.11,395.27,23.93,47.52,0.62,1,-1,-1
46,212,1384.69,370.01,22.39,54.83,0.62,1,-1,-1
46,213,1536.03,528.79,38.04,66.05,0.90,1,-1,-1
46,86,1465.09,393.55,23.87,54.15,0.46,1,-1,-1
46,1,96.29,394.88,27.59,54.60,0.81,1,-1,-1
46,215,717.82,165.04,35.81,32.21,0.75,4,-1,-1
46,216,871.00,93.14,26.62,25.10,0.87,4,-1,-1
46,220,615.30,168.49,91.94,103.95,0.73,9,-1,-1
46,222,1206.06,426.51,23.76,52.01,0.31,1,-1,-1
46,90,1476.83,425.76,26.87,61.04,0.67,1,-1,-1
46,223,697.24,922.18,139.92,144.22,0.60,4,-1,-1
46,225,13.74,482.61,29.67,54.39,0.69,1,-1,-1
47,2,61.15,490.34,25.82,50.36,0.89,1,-1,-1
47,6,126.11,495.49,53.33,121.24,0.99,1,-1,-1
47,8,504.44,586.71,63.01,154.59,0.98,1,-1,-1
47,10,188.40,244.84,20.47,40.13,0.22,1,-1,-1
47,12,75.31,189.17,21.07,36.01,0.35,1,-1,-1
47,13,98.89,188.03,20.10,35.59,0.63,1,-1,-1
47,18,200.65,470.89,119.62,79.28,0.99,4,-1,-1
47,21,283.45,395.20,118.44,86.74,0.99,4,-1,-1
47,23,794.70,668.69,65.45,135.35,0.95,1,-1,-1
47,24,835.85,622.96,52.52,142.83,0.99,1,-1,-1
47,25,375.61,335.94,87.38,65.97,0.98,4,-1,-1
47,26,307.18,465.22,114.86,88.63,1.00,4,-1,-1
47,27,466.61,276.43,69.91,57.64,0.99,4,-1,-1
47,30,458.57,315.90,96.91,101.64,0.95,5,-1,-1
47,31,380.70,505.25,108.86,76.19,0.98,4,-1,-1
47,32,549.24,236.19,55.20,45.53,0.99,4,-1,-1
47,33,547.93,286.43,65.25,54.50,0.99,4,-1,-1
47,34,606.52,303.78,68.84,61.36,0.99,4,-1,-1
47,35,493.82,410.82,98.52,91.76,0.99,4,-1,-1
47,36,550.29,454.75,105.19,100.53,0.97,4,-1,-1
47,37,650.28,264.48,58.66,52.51,0.95,4,-1,-1
47,38,875.57,189.08,39.28,37.07,0.99,4,-1,-1
47,39,691.46,309.56,60.64,59.84,0.99,4,-1,-1
47,40,746.13,238.17,47.51,46.23,0.97,4,-1,-1
47,41,775.13,200.17,41.83,37.35,0.99,4,-1,-1
47,42,894.46,149.05,34.88,32.34,0.99,4,-1,-1
47,43,923.74,218.74,39.28,39.47,1.00,4,-1,-1
47,44,916.55,112.78,27.65,25.76,1.00,4,-1,-1
47,45,941.95,150.85,30.85,30.98,0.99,4,-1,-1
47,46,942.03,89.20,25.00,22.77,0.98,4,-1,-1
47,47,929.91,64.42,22.63,19.55,0.92,4,-1,-1
47,49,983.75,155.02,32.24,29.82,0.98,4,-1,-1
47,52,987.32,267.70,46.47,48.43,1.00,4,-1,-1
47,53,997.82,64.15,20.25,20.10,0.15,4,-1,-1
47,54,995.11,89.80,24.73,22.01,0.99,4,-1,-1
47,55,1051.91,190.25,34.71,35.79,0.47,4,-1,-1
47,56,1020.30,204.65,59.70,40.93,0.94,4,-1,-1
47,57,1065.23,245.32,19.18,33.23,0.68,2,-1,-1
47,58,1092.33,353.66,63.53,59.00,0.99,4,-1,-1
47,59,1105.54,407.36,69.46,65.16,0.98,4,-1,-1
47,60,1108.21,464.72,70.48,73.21,1.00,4,-1,-1
47,61,1200.50,531.25,26.17,57.95,0.75,1,-1,-1
47,62,1217.29,458.72,25.10,52.75,0.88,2,-1,-1
47,64,1248.92,560.32,26.52,54.91,0.41,1,-1,-1
47,67,1028.76,582.76,55.15,130.70,0.97,1,-1,-1
47,69,1324.14,415.18,22.31,51.07,0.80,1,-1,-1
47,70,1363.76,492.84,28.69,66.06,0.97,1,-1,-1
47,71,1368.49,304.65,83.61,68.23,0.98,4,-1,-1
47,72,1387.68,528.35,28.77,65.19,0.97,1,-1,-1
47,73,1367.93,367.68,22.32,54.63,0.83,1,-1,-1
47,74,1412.01,525.97,27.16,66.43,0.97,1,-1,-1
47,77,1411.57,383.75,22.32,55.31,0.49,1,-1,-1
47,83,1420.42,385.65,25.74,57.25,0.84,1,-1,-1
47,84,1740.73,560.50,53.88,119.45,0.99,1,-1,-1
47,87,1434.55,488.87,27.06,65.61,0.98,1,-1,-1
47,88,1472.93,491.59,26.25,66.66,0.90,1,-1,-1
47,89,1799.39,609.43,66.49,122.82,0.99,1,-1,-1
47,92,1642.66,575.55,53.84,115.37,0.99,1,-1,-1
47,97,1398.35,379.34,23.92,53.91,0.78,1,-1,-1
47,7,179.44,180.24,21.37,38.04,0.37,1,-1,-1
47,110,738.37,185.57,40.48,40.59,0.98,4,-1,-1
47,116,1174.32,420.84,25.05,58.33,0.75,1,-1,-1
47,4,78.09,327.97,25.90,54.94,0.95,1,-1,-1
47,121,903.00,275.03,48.74,48.15,1.00,4,-1,-1
47,50,962.77,69.81,25.11,29.45,0.75,4,-1,-1
47,123,73.53,473.19,28.34,56.26,0.87,1,-1,-1
47,124,1192.09,395.60,22.38,49.60,0.46,2,-1,-1
47,102,1261.08,394.10,23.93,45.74,0.56,1,-1,-1
47,142,1621.71,493.19,35.89,79.81,0.91,1,-1,-1
47,143,80.86,358.50,26.68,49.77,0.69,2,-1,-1
47,144,1242.43,528.85,25.99,59.76,0.70,1,-1,-1
47,149,680.52,235.46,45.52,43.01,0.98,4,-1,-1
47,153,370.11,581.79,75.12,146.44,0.99,1,-1,-1
47,93,196.02,444.92,26.95,36.29,0.88,2,-1,-1
47,158,1033.88,389.88,27.99,52.10,0.96,10,-1,-1
47,159,1528.37,475.78,30.13,66.41,0.96,1,-1,-1
47,161,120.74,264.31,20.13,42.96,0.98,1,-1,-1
47,115,194.08,391.52,24.83,54.00,0.71,1,-1,-1
47,118,1498.07,519.47,33.93,73.43,0.94,1,-1,-1
47,170,1424.49,355.62,21.68,53.65,0.69,1,-1,-1
47,171,1047.90,573.48,53.69,127.76,0.95,1,-1,-1
47,172,1461.54,510.51,29.23,71.47,0.93,1,-1,-1
47,14,218.00,177.80,20.65,36.40,0.57,1,-1,-1
47,174,766.08,150.76,35.84,33.94,0.91,4,-1,-1
47,175,1775.58,546.12,39.69,97.72,0.92,1,-1,-1
47,91,1612.09,521.31,43.06,91.83,0.92,1,-1,-1
47,181,1550.18,480.48,26.19,60.30,0.90,1,-1,-1
47,184,96.32,489.68,30.59,53.66,0.56,1,-1,-1
47,186,1309.21,389.46,21.01,49.22,0.15,1,-1,-1
47,65,1319.73,386.83,23.12,52.78,0.21,1,-1,-1
47,79,1437.99,388.41,23.97,56.38,0.73,1,-1,-1
47,195,870.81,400.49,62.29,68.90,0.99,4,-1,-1
47,198,1205.98,423.99,23.65,50.87,0.58,1,-1,-1
47,63,1234.23,548.84,26.55,54.42,0.28,1,-1,-1
47,94,1063.51,251.19,19.14,31.63,0.67,10,-1,-1
47,199,579.18,150.39,102.47,87.18,0.64,9,-1,-1
47,29,165.84,675.66,70.27,128.70,0.62,1,-1,-1
47,200,746.26,447.47,84.38,86.11,1.00,4,-1,-1
47,202,1062.73,493.04,28.91,55.59,0.99,10,-1,-1
47,204,1063.54,484.19,26.81,51.37,0.61,2,-1,-1
47,133,1584.43,483.71,47.26,94.33,0.86,2,-1,-1
47,205,82.98,407.83,26.89,52.75,0.75,1,-1,-1
47,206,222.41,329.73,21.05,47.62,0.66,1,-1,-1
47,139,115.24,438.75,29.78,63.58,0.73,1,-1,-1
47,209,39.77,440.04,28.77,64.68,0.85,1,-1,-1
47,210,74.58,393.47,28.18,52.59,0.28,1,-1,-1
47,211,1261.03,393.72,23.95,47.81,0.50,1,-1,-1
47,212,1383.22,369.24,21.81,54.54,0.62,1,-1,-1
47,213,1531.19,526.53,39.75,68.39,0.71,1,-1,-1
47,86,1462.23,392.01,23.89,52.76,0.42,1,-1,-1
47,1,99.91,392.47,28.24,55.07,0.65,1,-1,-1
47,215,718.23,164.69,35.84,32.21,0.78,4,-1,-1
47,216,871.14,93.01,26.42,25.27,0.80,4,-1,-1
47,220,615.34,169.47,91.14,103.59,0.74,9,-1,-1
47,222,1205.70,424.56,23.96,50.34,0.54,1,-1,-1
47,90,1474.75,423.64,26.51,61.36,0.90,1,-1,-1
47,223,710.72,879.05,128.57,156.78,0.82,4,-1,-1
47,225,18.39,479.58,29.35,54.82,0.83,1,-1,-1
47,226,216.95,378.32,26.60,52.59,0.64,3,-1,-1
48,2,65.68,488.13,25.85,48.41,0.64,1,-1,-1
48,6,134.12,490.19,52.12,120.25,0.98,1,-1,-1
48,8,518.18,582.41,65.12,150.29,0.95,1,-1,-1
48,10,192.07,243.71,20.23,39.46,0.40,1,-1,-1
48,12,76.46,186.76,19.97,36.93,0.20,1,-1,-1
48,13,98.88,186.68,19.59,35.93,0.46,1,-1,-1
48,18,206.17,468.40,115.66,78.23,0.99,4,-1,-1
48,21,285.36,393.83,117.52,86.30,0.98,4,-1,-1
48,23,805.17,660.59,67.15,121.66,0.64,1,-1,-1
48,24,845.85,616.13,49.94,136.90,0.99,1,-1,-1
48,25,375.13,335.71,87.76,65.89,0.98,4,-1,-1
48,26,307.70,468.48,111.28,82.86,1.00,4,-1,-1
48,27,466.02,276.56,69.98,57.61,0.99,4,-1,-1
48,30,457.17,316.65,97.32,102.15,0.97,5,-1,-1
48,31,380.25,510.32,104.34,68.06,0.89,4,-1,-1
48,32,549.33,236.11,55.07,45.70,0.99,4,-1,-1
48,33,547.31,286.97,64.83,54.47,0.99,4,-1,-1
48,34,606.54,303.93,68.36,61.16,0.99,4,-1,-1
48,35,488.75,413.85,100.38,93.00,0.98,4,-1,-1
48,36,549.67,456.99,102.92,91.61,0.98,4,-1,-1
48,37,650.20,263.83,58.60,52.68,0.94,4,-1,-1
48,38,877.37,185.88,38.42,36.10,1.00,4,-1,-1
48,39,689.40,311.37,61.00,59.91,0.99,4,-1,-1
48,40,745.80,238.62,47.71,45.94,0.97,4,-1,-1
48,41,775.43,200.26,41.09,37.38,0.99,4,-1,-1
48,42,895.82,146.80,34.61,31.77,0.99,4,-1,-1
48,43,924.69,215.14,38.39,38.85,0.98,4,-1,-1
48,44,917.36,111.27,27.47,25.14,0.99,4,-1,-1
48,45,942.52,148.58,30.15,30.80,0.99,4,-1,-1
48,46,942.10,87.89,25.02,22.28,0.98,4,-1,-1
48,47,930.31,63.31,21.86,19.28,0.79,4,-1,-1
48,49,984.24,152.29,32.13,29.57,0.99,4,-1,-1
48,52,987.64,264.38,45.61,47.68,1.00,4,-1,-1
48,54,995.05,88.73,24.95,21.84,0.99,4,-1,-1
48,55,1053.03,189.29,33.86,35.54,0.32,4,-1,-1
48,56,1019.49,203.38,59.82,40.86,0.92,4,-1,-1
48,57,1065.89,241.75,19.18,33.42,0.18,2,-1,-1
48,58,1092.33,352.33,62.58,57.87,0.98,4,-1,-1
48,59,1105.09,406.02,69.31,65.06,0.98,4,-1,-1
48,60,1107.16,461.94,71.22,73.71,1.00,4,-1,-1
48,61,1199.13,528.41,26.25,58.21,0.74,1,-1,-1
48,62,1216.31,456.34,24.68,51.80,0.88,2,-1,-1
48,64,1247.88,556.15,26.34,53.94,0.36,1,-1,-1
48,67,1022.19,574.74,53.40,130.06,0.99,1,-1,-1
48,69,1322.15,412.95,23.37,51.13,0.81,1,-1,-1
48,70,1363.47,492.32,28.77,65.16,0.97,1,-1,-1
48,71,1367.51,303.44,83.58,67.83,0.98,4,-1,-1
48,72,1387.52,526.64,27.11,65.44,0.98,1,-1,-1
48,73,1367.21,365.96,21.72,54.41,0.77,1,-1,-1
48,74,1409.98,523.66,26.55,68.29,0.96,1,-1,-1
48,77,1412.12,382.22,21.72,55.49,0.59,1,-1,-1
48,83,1418.84,383.44,26.10,56.13,0.83,1,-1,-1
48,84,1733.82,552.86,56.04,120.24,0.98,1,-1,-1
48,87,1431.12,484.90,26.47,66.34,0.97,1,-1,-1
48,88,1469.58,488.77,24.69,65.56,0.86,1,-1,-1
48,89,1797.05,600.25,65.28,121.82,1.00,1,-1,-1
48,92,1630.69,570.78,54.71,114.85,0.99,1,-1,-1
48,97,1396.55,377.56,23.93,54.62,0.73,1,-1,-1
48,7,182.59,180.28,20.78,36.83,0.14,1,-1,-1
48,110,738.52,185.41,40.61,40.63,0.97,4,-1,-1
48,116,1173.74,419.47,25.10,57.26,0.64,1,-1,-1
48,4,82.23,326.06,25.11,53.00,0.96,1,-1,-1
48,121,905.20,270.04,47.05,47.42,1.00,4,-1,-1
48,50,963.31,69.04,25.02,28.85,0.65,4,-1,-1
48,123,77.60,470.46,28.64,53.54,0.84,1,-1,-1
48,124,1190.08,393.91,23.35,49.29,0.77,2,-1,-1
48,102,1259.97,392.07,23.93,45.46,0.60,1,-1,-1
48,142,1616.30,488.55,35.85,79.07,0.96,1,-1,-1
48,143,76.69,359.17,26.59,50.10,0.62,2,-1,-1
48,144,1243.56,526.40,24.68,58.97,0.69,1,-1,-1
48,149,680.61,235.06,45.47,42.84,0.98,4,-1,-1
48,153,388.40,576.88,70.37,141.48,0.98,1,-1,-1
48,93,199.04,442.81,27.29,36.35,0.78,2,-1,-1
48,158,1033.77,382.16,28.35,54.65,0.77,10,-1,-1
48,159,1525.97,472.90,29.18,63.59,0.94,1,-1,-1
48,161,122.16,263.92,19.98,41.82,0.96,1,-1,-1
48,115,197.72,389.60,24.61,52.58,0.72,1,-1,-1
48,118,1495.66,515.28,33.56,68.49,0.77,1,-1,-1
48,170,1424.07,352.67,20.06,53.03,0.45,1,-1,-1
48,171,1040.90,566.91,52.33,123.62,0.91,1,-1,-1
48,172,1460.33,506.86,28.80,68.51,0.92,1,-1,-1
48,14,219.90,178.07,20.84,36.05,0.27,1,-1,-1
48,174,766.22,150.27,35.86,33.88,0.92,4,-1,-1
48,175,1766.31,540.98,39.94,97.86,0.82,1,-1,-1
48,91,1615.03,517.96,39.81,91.10,0.33,1,-1,-1
48,181,1546.79,476.87,24.65,57.81,0.90,1,-1,-1
48,184,101.51,487.15,29.33,52.00,0.53,1,-1,-1
48,186,1309.65,387.45,19.83,48.66,0.22,1,-1,-1
48,65,1317.97,385.16,23.65,51.71,0.18,1,-1,-1
48,79,1436.79,385.13,23.96,56.25,0.76,1,-1,-1
48,195,872.33,390.04,62.49,67.81,1.00,4,-1,-1
48,198,1205.01,422.95,23.83,51.91,0.65,1,-1,-1
48,63,1232.65,545.39,26.36,54.19,0.70,1,-1,-1
48,94,1064.88,247.44,19.16,32.86,0.81,10,-1,-1
48,199,580.80,149.56,101.00,87.22,0.75,9,-1,-1
48,29,166.78,668.17,70.04,130.08,0.56,1,-1,-1
48,200,751.89,435.89,82.53,84.36,1.00,4,-1,-1
48,202,1060.99,483.17,29.38,54.92,0.96,10,-1,-1
48,204,1061.19,474.33,28.81,52.80,0.79,2,-1,-1
48,133,1580.94,479.17,46.11,94.57,0.97,2,-1,-1
48,205,87.31,405.51,27.49,54.92,0.81,1,-1,-1
48,206,224.96,327.90,21.33,47.79,0.81,1,-1,-1
48,139,116.40,432.82,30.88,61.15,0.77,1,-1,-1
48,209,43.91,437.36,29.75,65.41,0.84,1,-1,-1
48,211,1259.92,392.18,23.95,46.68,0.49,1,-1,-1
48,212,1381.99,367.77,21.60,54.86,0.79,1,-1,-1
48,86,1460.54,389.76,23.90,52.24,0.55,1,-1,-1
48,1,105.01,390.30,27.31,52.50,0.24,1,-1,-1
48,215,718.79,163.85,35.86,32.02,0.78,4,-1,-1
48,216,871.67,92.96,26.34,25.02,0.67,4,-1,-1
48,220,614.94,169.24,91.74,104.14,0.80,9,-1,-1
48,222,1204.84,422.69,24.01,52.12,0.73,1,-1,-1
48,90,1472.57,421.78,26.36,60.33,0.54,1,-1,-1
48,223,722.09,802.14,126.99,190.23,0.84,4,-1,-1
48,225,22.23,476.74,29.82,57.20,0.83,1,-1,-1
49,2,71.09,484.75,25.40,48.54,0.54,1,-1,-1
49,6,143.72,485.32,50.53,118.71,0.99,1,-1,-1
49,8,530.50,576.35,67.12,147.87,0.99,1,-1,-1
49,10,195.03,243.93,20.52,37.82,0.42,1,-1,-1
49,13,99.20,185.82,19.99,36.46,0.36,1,-1,-1
49,18,208.61,466.29,116.65,75.88,0.99,4,-1,-1
49,21,287.65,393.10,116.87,85.74,0.99,4,-1,-1
49,23,813.96,651.89,71.68,145.35,0.92,1,-1,-1
49,24,855.32,609.85,53.10,136.22,0.99,1,-1,-1
49,25,375.65,336.00,87.12,65.45,0.99,4,-1,-1
49,26,309.88,471.38,106.35,77.04,0.99,4,-1,-1
49,27,465.71,277.08,70.39,57.69,0.99,4,-1,-1
49,30,455.98,317.48,97.87,103.10,0.98,5,-1,-1
49,32,549.44,236.37,55.02,45.75,0.99,4,-1,-1
49,33,546.99,287.34,65.26,54.84,0.99,4,-1,-1
49,34,606.43,304.37,68.38,61.07,0.99,4,-1,-1
49,35,484.13,417.44,101.07,93.44,0.99,4,-1,-1
49,36,550.22,460.29,99.85,82.57,0.98,4,-1,-1
49,37,651.04,263.98,58.58,52.54,0.96,4,-1,-1
49,38,879.62,183.03,37.33,35.36,1.00,4,-1,-1
49,39,687.58,313.74,61.12,60.70,1.00,4,-1,-1
49,40,745.37,239.36,47.79,46.02,0.98,4,-1,-1
49,41,775.23,200.67,41.59,37.58,0.99,4,-1,-1
49,42,896.73,145.05,34.53,31.17,0.99,4,-1,-1
49,43,925.45,211.73,38.89,39.05,1.00,4,-1,-1
49,44,918.48,109.52,27.41,25.32,0.99,4,-1,-1
49,45,943.56,147.01,29.90,30.14,0.99,4,-1,-1
49,46,943.35,86.65,24.25,22.10,0.98,4,-1,-1
49,47,930.52,61.85,21.57,19.71,0.53,4,-1,-1
49,49,984.88,150.15,32.10,29.29,0.99,4,-1,-1
49,52,987.83,261.95,45.31,46.92,1.00,4,-1,-1
49,54,995.87,88.05,24.26,21.68,0.99,4,-1,-1
49,55,1053.52,189.22,33.55,35.82,0.72,4,-1,-1
49,56,1018.51,202.22,60.65,40.83,0.95,4,-1,-1
49,57,1066.60,241.61,18.40,33.29,0.77,2,-1,-1
49,58,1092.40,351.24,62.23,57.05,0.99,4,-1,-1
49,59,1105.00,404.34,68.47,64.63,0.99,4,-1,-1
49,60,1106.06,460.13,71.51,73.51,1.00,4,-1,-1
49,61,1198.32,526.00,25.50,53.98,0.18,1,-1,-1
49,62,1215.65,454.48,24.13,50.65,0.49,2,-1,-1
49,67,1015.74,565.70,50.36,132.24,0.97,1,-1,-1
49,69,1319.97,409.72,22.21,52.75,0.71,1,-1,-1
49,70,1361.91,491.56,30.35,64.41,0.95,1,-1,-1
49,71,1366.45,302.39,83.58,67.68,0.99,4,-1,-1
49,72,1385.94,525.38,28.11,66.33,0.98,1,-1,-1
49,73,1366.25,364.53,21.52,53.94,0.79,1,-1,-1
49,74,1408.53,521.61,26.34,67.82,0.96,1,-1,-1
49,77,1411.60,380.69,23.12,55.16,0.46,1,-1,-1
49,83,1416.79,381.84,26.24,56.11,0.89,1,-1,-1
49,84,1730.54,545.57,53.76,119.37,0.98,1,-1,-1
49,87,1428.44,480.87,26.27,67.02,0.98,1,-1,-1
49,88,1464.46,486.74,25.70,64.76,0.93,1,-1,-1
49,89,1794.70,591.79,61.65,120.89,0.99,1,-1,-1
49,92,1614.67,567.60,59.68,112.29,0.99,1,-1,-1
49,97,1394.39,374.91,23.93,56.06,0.67,1,-1,-1
49,110,738.66,185.74,40.65,40.45,0.94,4,-1,-1
49,116,1173.61,417.58,24.34,56.86,0.26,1,-1,-1
49,4,86.59,324.98,24.00,53.45,0.97,1,-1,-1
49,121,906.80,265.90,46.47,46.69,1.00,4,-1,-1
49,50,964.34,70.26,24.21,26.75,0.75,4,-1,-1
49,123,81.91,468.31,29.04,52.58,0.88,1,-1,-1
49,124,1189.40,392.69,22.95,47.98,0.50,2,-1,-1
49,102,1259.64,390.72,23.93,45.76,0.53,1,-1,-1
49,142,1612.85,485.36,34.27,76.82,0.95,1,-1,-1
49,143,73.27,360.18,26.13,51.00,0.35,2,-1,-1
49,144,1244.09,523.93,24.15,57.10,0.61,1,-1,-1
49,149,681.90,235.30,44.66,42.77,0.98,4,-1,-1
49,153,407.69,568.37,62.85,143.90,0.98,1,-1,-1
49,93,202.83,440.28,28.01,35.98,0.87,2,-1,-1
49,158,1034.20,377.70,27.69,52.43,0.53,10,-1,-1
49,159,1522.90,469.70,28.81,61.71,0.97,1,-1,-1
49,161,123.76,263.29,20.31,41.59,0.94,1,-1,-1
49,115,201.87,387.34,24.93,53.65,0.78,1,-1,-1
49,118,1493.31,510.95,31.84,65.72,0.90,1,-1,-1
49,170,1423.28,345.84,21.04,54.76,0.72,1,-1,-1
49,171,1033.11,560.79,48.62,118.87,0.89,1,-1,-1
49,172,1459.22,503.20,27.05,65.38,0.94,1,-1,-1
49,14,221.63,178.00,21.30,35.92,0.31,1,-1,-1
49,174,767.51,150.08,35.08,33.85,0.90,4,-1,-1
49,175,1760.78,536.50,36.86,98.37,0.85,1,-1,-1
49,91,1611.39,515.74,36.95,85.66,0.19,1,-1,-1
49,181,1541.71,473.59,25.68,56.49,0.95,1,-1,-1
49,184,107.02,484.45,29.39,51.07,0.55,1,-1,-1
49,79,1436.44,384.48,22.39,55.02,0.81,1,-1,-1
49,195,875.28,380.61,60.19,65.82,1.00,4,-1,-1
49,198,1204.73,421.38,23.11,53.10,0.51,2,-1,-1
49,63,1231.38,542.76,26.30,52.53,0.40,1,-1,-1
49,94,1065.47,245.39,19.16,32.75,0.72,10,-1,-1
49,199,581.66,150.25,101.08,86.43,0.75,9,-1,-1
49,29,168.41,660.24,67.20,121.07,0.72,1,-1,-1
49,200,757.05,424.85,80.31,81.24,1.00,4,-1,-1
49,202,1059.68,475.27,28.76,53.09,0.96,10,-1,-1
49,204,1060.85,465.41,26.34,50.16,0.76,2,-1,-1
49,133,1575.81,475.91,47.24,93.48,0.95,2,-1,-1
49,205,92.41,403.13,26.33,55.27,0.72,1,-1,-1
49,206,228.11,325.84,21.03,47.84,0.62,1,-1,-1
49,139,123.08,434.35,29.53,60.59,0.65,1,-1,-1
49,209,49.66,435.03,28.04,63.63,0.72,1,-1,-1
49,211,1260.44,390.80,22.32,46.24,0.58,1,-1,-1
49,212,1382.47,366.61,19.88,54.56,0.85,1,-1,-1
49,86,1457.68,387.75,23.90,52.84,0.74,1,-1,-1
49,1,112.58,387.59,25.56,54.37,0.56,1,-1,-1
49,215,719.45,163.53,35.86,32.16,0.80,4,-1,-1
49,216,871.92,93.43,27.14,25.12,0.91,4,-1,-1
49,220,614.89,170.15,91.95,104.10,0.80,9,-1,-1
49,222,1204.65,421.21,22.34,52.72,0.53,1,-1,-1
49,90,1470.32,419.17,26.31,59.14,0.49,1,-1,-1
49,223,724.06,765.91,132.28,181.86,0.93,4,-1,-1
49,225,28.14,474.57,28.64,54.40,0.71,1,-1,-1
49,227,225.91,296.14,20.32,45.42,0.70,1,-1,-1
49,228,439.88,971.79,188.26,98.02,0.65,4,-1,-1
49,229,733.32,141.94,34.66,30.48,0.64,4,-1,-1
49,157,1034.95,370.47,27.39,49.48,0.67,2,-1,-1
49,213,1525.55,517.87,38.51,62.76,0.63,1,-1,-1
50,2,76.09,481.24,25.13,44.98,0.13,1,-1,-1
50,6,152.59,478.29,49.34,119.31,0.98,1,-1,-1
50,8,541.19,568.05,67.47,147.14,0.99,1,-1,-1
50,13,99.92,184.41,20.71,37.03,0.33,1,-1,-1
50,18,213.21,463.19,115.50,75.03,0.99,4,-1,-1
50,21,290.45,391.32,115.89,85.08,0.99,4,-1,-1
50,23,821.35,644.67,73.36,154.25,0.83,1,-1,-1
50,24,863.67,605.04,55.76,131.37,0.98,1,-1,-1
50,25,376.88,335.39,86.83,65.25,0.99,4,-1,-1
50,26,310.64,473.41,104.08,72.89,0.98,4,-1,-1
50,27,465.80,276.97,70.51,57.49,0.99,4,-1,-1
50,30,455.19,318.04,97.63,103.39,0.97,5,-1,-1
50,32,549.83,236.10,54.97,45.74,0.99,4,-1,-1
50,33,546.65,286.98,65.19,55.34,0.99,4,-1,-1
50,34,606.51,304.03,68.75,61.00,0.99,4,-1,-1
50,35,479.58,419.52,102.81,95.08,0.99,4,-1,-1
50,36,549.48,463.07,99.42,73.52,0.96,4,-1,-1
50,37,651.84,263.45,58.55,52.17,0.96,4,-1,-1
50,38,881.95,179.58,36.13,34.89,1.00,4,-1,-1
50,39,685.84,315.44,61.91,61.74,0.98,4,-1,-1
50,40,744.87,239.16,47.80,46.22,0.97,4,-1,-1
50,41,774.80,200.37,41.76,37.64,0.99,4,-1,-1
50,42,897.79,142.18,34.50,31.15,1.00,4,-1,-1
50,43,926.44,208.05,38.28,38.33,0.99,4,-1,-1
50,44,919.23,107.62,27.39,24.99,0.97,4,-1,-1
50,45,944.66,144.93,29.01,28.85,0.99,4,-1,-1
50,46,944.14,84.84,23.95,22.23,0.95,4,-1,-1
50,47,930.55,60.34,22.26,19.74,0.60,4,-1,-1
50,49,985.82,147.07,31.30,29.14,0.99,4,-1,-1
50,52,988.63,258.69,44.40,46.83,1.00,4,-1,-1
50,54,996.11,86.68,23.98,21.42,0.98,4,-1,-1
50,55,1053.20,187.96,34.22,36.10,0.53,4,-1,-1
50,56,1017.69,200.56,60.92,40.42,0.95,4,-1,-1
50,57,1066.75,244.10,18.08,30.47,0.81,10,-1,-1
50,58,1092.73,349.14,61.29,56.73,0.99,4,-1,-1
50,59,1104.87,402.20,67.34,63.66,0.99,4,-1,-1
50,60,1105.94,456.94,70.81,73.80,0.99,4,-1,-1
50,61,1196.71,522.34,26.00,55.61,0.70,1,-1,-1
50,62,1214.08,451.46,24.32,53.41,0.68,2,-1,-1
50,67,1009.60,558.10,47.62,131.44,0.99,1,-1,-1
50,69,1318.20,408.93,21.74,51.37,0.84,1,-1,-1
50,70,1361.09,489.33,30.93,63.30,0.97,1,-1,-1
50,71,1365.84,300.71,81.97,68.19,0.82,4,-1,-1
50,72,1383.57,523.50,28.45,65.86,0.97,1,-1,-1
50,73,1364.10,362.08,21.44,54.14,0.83,1,-1,-1
50,74,1407.77,519.81,24.66,66.02,0.95,1,-1,-1
50,77,1409.61,378.42,23.61,54.62,0.13,1,-1,-1
50,83,1415.02,380.15,26.29,56.08,0.87,1,-1,-1
50,84,1726.56,538.59,52.85,115.05,0.99,1,-1,-1
50,87,1424.11,476.63,27.79,66.86,0.98,1,-1,-1
50,88,1460.83,483.05,26.06,63.65,0.94,1,-1,-1
50,89,1789.45,584.60,61.86,116.36,1.00,1,-1,-1
50,92,1600.03,561.61,61.53,112.89,0.99,1,-1,-1
50,97,1392.58,373.74,23.92,55.41,0.71,1,-1,-1
50,110,738.76,185.51,40.65,40.35,0.96,4,-1,-1
50,116,1172.65,414.76,24.03,57.48,0.59,1,-1,-1
50,4,90.77,322.55,24.15,55.56,0.97,1,-1,-1
50,121,908.49,261.30,45.47,45.63,1.00,4,-1,-1
50,50,965.45,72.28,23.10,22.90,0.70,4,-1,-1
50,123,87.92,464.63,27.63,52.65,0.88,1,-1,-1
50,124,1188.23,390.53,22.78,48.64,0.66,2,-1,-1
50,102,1257.79,388.11,23.92,46.25,0.80,1,-1,-1
50,142,1608.15,479.74,33.65,80.36,0.87,1,-1,-1
50,143,69.45,360.03,26.65,50.54,0.65,2,-1,-1
50,144,1241.73,520.27,25.54,58.36,0.79,1,-1,-1
50,149,682.47,234.71,45.13,42.32,0.98,4,-1,-1
50,153,427.25,560.44,59.21,142.57,0.98,1,-1,-1
50,93,207.42,437.26,27.30,35.43,0.55,2,-1,-1
50,158,1034.70,371.24,25.85,49.95,0.60,10,-1,-1
50,159,1518.40,465.03,30.25,64.21,0.95,1,-1,-1
50,161,125.66,262.02,20.33,42.67,0.94,1,-1,-1
50,115,206.21,385.24,24.45,52.46,0.68,1,-1,-1
50,118,1489.00,506.44,32.81,63.50,0.76,1,-1,-1
50,170,1422.73,341.79,21.37,54.20,0.66,1,-1,-1
50,171,1026.46,552.85,46.37,119.31,0.93,1,-1,-1
50,172,1456.20,496.94,26.40,66.22,0.94,1,-1,-1
50,174,768.41,149.45,34.77,33.98,0.91,4,-1,-1
50,175,1751.24,531.11,35.77,95.98,0.33,1,-1,-1
50,91,1611.48,511.90,34.29,76.27,0.34,1,-1,-1
50,181,1536.50,469.28,26.04,60.83,0.81,1,-1,-1
50,184,112.10,481.38,29.70,49.96,0.31,1,-1,-1
50,79,1434.49,381.71,21.77,54.53,0.75,1,-1,-1
50,195,877.87,370.46,58.58,63.87,1.00,4,-1,-1
50,198,1203.30,418.47,22.42,52.74,0.56,1,-1,-1
50,63,1229.98,538.03,26.27,53.12,0.57,1,-1,-1
50,94,1066.76,243.53,18.37,30.54,0.74,10,-1,-1
50,199,583.47,148.69,99.68,86.49,0.69,9,-1,-1
50,29,168.78,650.59,67.75,129.10,0.62,1,-1,-1
50,200,762.01,413.69,78.74,78.74,1.00,4,-1,-1
50,202,1058.37,465.93,27.73,52.03,0.96,10,-1,-1
50,204,1059.12,455.90,27.01,50.78,0.72,2,-1,-1
50,133,1570.51,470.22,49.19,96.52,0.98,2,-1,-1
50,205,97.45,399.21,26.82,58.20,0.77,1,-1,-1
50,206,231.50,323.62,20.72,48.63,0.47,1,-1,-1
50,139,128.71,432.64,29.20,62.34,0.78,1,-1,-1
50,209,55.18,431.88,29.06,64.16,0.85,1,-1,-1
50,211,1258.03,387.96,23.36,46.87,0.75,1,-1,-1
50,212,1379.95,364.86,20.93,54.02,0.83,1,-1,-1
50,86,1455.60,385.11,22.32,52.64,0.70,1,-1,-1
50,1,119.28,384.78,24.99,54.23,0.43,1,-1,-1
50,215,720.14,162.29,35.85,32.61,0.86,4,-1,-1
50,216,872.39,93.08,27.42,24.93,0.92,4,-1,-1
50,220,614.57,170.14,91.99,104.03,0.71,9,-1,-1
50,222,1203.23,417.91,22.98,52.94,0.55,1,-1,-1
50,90,1467.70,414.51,26.28,59.86,0.84,1,-1,-1
50,223,723.18,751.85,134.85,151.43,0.25,4,-1,-1
50,225,33.46,471.08,27.45,54.72,0.59,1,-1,-1
50,228,443.06,936.28,197.40,131.39,0.76,4,-1,-1
50,229,735.00,141.14,33.67,30.15,0.65,4,-1,-1
50,157,1034.88,364.75,26.68,48.75,0.54,2,-1,-1
50,213,1519.37,512.42,41.57,62.88,0.25,1,-1,-1
50,230,1377.00,963.42,95.62,53.79,0.72,3,-1,-1
51,6,160.46,473.90,48.75,118.03,0.98,1,-1,-1
51,8,554.95,561.66,63.74,145.38,0.98,1,-1,-1
51,13,100.19,184.15,20.61,36.68,0.43,1,-1,-1
51,18,219.05,461.16,111.59,74.00,0.99,4,-1,-1
51,21,293.04,390.71,114.69,84.09,0.99,4,-1,-1
51,23,832.89,639.46,69.42,137.46,0.86,1,-1,-1
51,24,873.32,599.53,53.72,128.44,0.99,1,-1,-1
51,25,377.87,335.37,86.36,64.80,0.99,4,-1,-1
51,26,308.08,476.73,104.54,68.64,0.98,4,-1,-1
51,27,465.61,277.10,70.58,58.02,0.99,4,-1,-1
51,30,454.29,320.39,97.19,102.75,0.98,5,-1,-1
51,32,549.58,236.44,54.99,45.76,0.99,4,-1,-1
51,33,545.75,287.40,65.20,55.94,0.98,4,-1,-1
51,34,606.16,304.68,68.93,60.99,0.99,4,-1,-1
51,35,475.99,424.74,101.57,94.18,0.99,4,-1,-1
51,36,550.47,466.62,96.16,64.58,0.96,4,-1,-1
51,37,652.19,263.62,58.57,52.05,0.96,4,-1,-1
51,38,883.70,176.95,35.73,33.96,1.00,4,-1,-1
51,39,682.95,318.37,63.00,62.15,1.00,4,-1,-1
51,40,744.39,239.81,47.83,46.70,0.97,4,-1,-1
51,41,774.35,200.68,41.84,37.87,0.99,4,-1,-1
51,42,899.48,140.35,32.93,30.53,1.00,4,-1,-1
51,43,927.35,205.35,38.09,37.50,0.99,4,-1,-1
51,44,920.04,106.61,26.61,24.68,0.97,4,-1,-1
51,45,945.64,143.34,28.70,27.99,0.98,4,-1,-1
51,46,944.20,83.98,23.86,22.20,0.99,4,-1,-1
51,47,930.33,59.67,21.75,19.57,0.47,4,-1,-1
51,49,986.36,145.62,31.03,28.52,0.99,4,-1,-1
51,52,988.76,256.25,44.11,45.74,1.00,4,-1,-1
51,54,995.62,86.07,24.69,21.33,0.99,4,-1,-1
51,55,1053.70,187.62,32.92,35.43,0.41,4,-1,-1
51,56,1017.23,199.79,60.27,40.29,0.93,4,-1,-1
51,57,1066.65,241.99,18.77,32.03,0.48,2,-1,-1
51,58,1092.73,348.19,60.98,56.64,0.99,4,-1,-1
51,59,1104.31,400.67,66.96,64.13,0.99,4,-1,-1
51,60,1105.01,455.64,70.58,72.38,0.99,4,-1,-1
51,61,1194.50,519.75,26.20,55.42,0.40,1,-1,-1
51,62,1212.66,449.45,25.20,53.27,0.84,2,-1,-1
51,67,1001.02,551.75,49.95,129.45,0.96,1,-1,-1
51,69,1316.00,407.28,21.57,52.47,0.95,1,-1,-1
51,70,1361.58,487.21,29.63,62.91,0.95,1,-1,-1
51,71,1364.06,299.87,83.00,68.21,0.71,4,-1,-1
51,72,1381.93,522.30,27.03,64.54,0.97,1,-1,-1
51,73,1362.55,360.80,21.43,54.64,0.76,1,-1,-1
51,74,1405.95,518.64,24.05,63.79,0.96,1,-1,-1
51,77,1408.89,378.02,23.82,54.44,0.30,1,-1,-1
51,83,1413.65,379.77,26.32,55.70,0.86,1,-1,-1
51,84,1722.96,532.25,50.97,113.11,0.99,1,-1,-1
51,87,1420.27,473.17,28.36,67.23,0.98,1,-1,-1
51,88,1456.48,478.78,26.21,63.28,0.91,1,-1,-1
51,89,1784.64,577.63,58.81,114.98,0.99,1,-1,-1
51,92,1589.20,558.13,59.23,110.21,0.99,1,-1,-1
51,97,1390.38,372.55,23.93,55.96,0.77,1,-1,-1
51,110,738.48,185.85,40.67,40.34,0.94,4,-1,-1
51,116,1172.23,412.39,23.94,56.96,0.70,1,-1,-1
51,4,94.47,321.70,23.83,55.99,0.91,1,-1,-1
51,121,909.62,256.95,45.16,45.20,1.00,4,-1,-1
51,50,965.64,73.15,23.53,21.51,0.55,4,-1,-1
51,123,92.08,463.03,28.49,55.13,0.72,1,-1,-1
51,124,1187.73,389.38,22.73,48.51,0.69,2,-1,-1
51,102,1257.86,386.59,22.36,46.46,0.82,1,-1,-1
51,142,1604.26,476.82,35.05,80.90,0.91,1,-1,-1
51,143,66.31,360.38,25.99,50.76,0.33,2,-1,-1
51,144,1240.81,517.67,26.06,54.94,0.52,1,-1,-1
51,149,683.12,235.04,44.54,42.18,0.98,4,-1,-1
51,153,443.09,553.79,64.60,140.99,0.99,1,-1,-1
51,93,211.27,434.87,26.64,36.44,0.26,2,-1,-1
51,158,1035.57,367.95,24.37,45.44,0.66,10,-1,-1
51,159,1515.32,462.04,29.25,63.97,0.97,1,-1,-1
51,161,126.91,261.45,20.25,44.07,0.96,1,-1,-1
51,115,209.65,383.75,23.69,51.24,0.49,1,-1,-1
51,118,1485.20,502.33,33.18,66.78,0.85,1,-1,-1
51,170,1420.28,339.69,21.51,52.43,0.42,1,-1,-1
51,171,1018.14,546.21,49.64,125.11,0.81,1,-1,-1
51,172,1453.62,493.81,26.20,66.17,0.93,1,-1,-1
51,174,768.83,149.57,34.67,33.89,0.93,4,-1,-1
51,91,1610.87,509.14,31.75,82.58,0.94,1,-1,-1
51,181,1533.18,466.82,26.19,59.70,0.86,1,-1,-1
51,184,117.02,478.78,29.95,51.29,0.51,1,-1,-1
51,79,1431.46,380.31,21.56,53.98,0.63,1,-1,-1
51,195,880.11,361.76,57.28,62.41,0.99,4,-1,-1
51,198,1202.73,416.06,22.19,52.24,0.76,1,-1,-1
51,63,1229.44,535.64,26.27,52.98,0.23,1,-1,-1
51,94,1067.09,238.29,18.87,33.89,0.27,10,-1,-1
51,199,584.34,148.58,99.83,86.01,0.67,9,-1,-1
51,200,766.98,404.06,76.67,76.21,1.00,4,-1,-1
51,202,1057.01,457.88,27.40,50.90,0.96,10,-1,-1
51,204,1058.40,447.97,25.66,47.84,0.70,2,-1,-1
51,133,1569.43,466.64,45.34,95.37,0.95,2,-1,-1
51,205,101.89,397.48,25.25,56.17,0.80,1,-1,-1
51,206,233.94,322.84,21.42,48.95,0.80,1,-1,-1
51,139,131.76,437.37,27.92,59.89,0.86,1,-1,-1
51,209,59.58,429.25,29.43,63.59,0.71,1,-1,-1
51,211,1257.15,386.35,23.73,46.73,0.28,1,-1,-1
51,212,1378.31,362.61,21.30,54.65,0.78,1,-1,-1
51,86,1452.56,382.80,23.34,52.99,0.74,1,-1,-1
51,1,124.88,382.08,23.90,53.43,0.55,1,-1,-1
51,215,721.28,161.85,35.05,32.59,0.87,4,-1,-1
51,216,872.72,93.51,26.73,24.67,0.77,4,-1,-1
51,220,613.71,170.11,92.86,104.85,0.71,9,-1,-1
51,222,1202.68,415.95,23.21,51.83,0.50,1,-1,-1
51,90,1464.49,411.49,27.86,60.15,0.45,1,-1,-1
51,225,38.39,468.32,27.66,57.44,0.80,1,-1,-1
51,228,452.81,902.51,199.81,165.46,0.89,4,-1,-1
51,229,736.08,140.84,32.56,29.69,0.65,4,-1,-1
51,157,1035.10,359.06,25.65,47.33,0.85,2,-1,-1
51,213,1518.13,507.61,39.47,66.20,0.86,1,-1,-1
51,230,1373.76,955.03,91.73,53.74,0.79,3,-1,-1
51,231,121.47,398.94,24.21,53.79,0.66,1,-1,-1
52,6,168.74,467.79,48.09,118.26,0.99,1,-1,-1
52,8,571.84,553.42,57.38,142.63,0.98,1,-1,-1
52,13,102.64,183.62,20.05,35.33,0.21,1,-1,-1
52,18,223.59,457.87,111.17,71.60,0.99,4,-1,-1
52,21,296.60,388.77,113.63,83.26,0.99,4,-1,-1
52,23,844.85,631.58,64.56,114.70,0.92,1,-1,-1
52,24,881.72,591.81,48.85,127.51,0.98,1,-1,-1
52,25,379.72,334.09,85.70,64.58,0.99,4,-1,-1
52,26,306.80,478.91,103.53,63.45,0.88,4,-1,-1
52,27,466.16,276.62,70.53,57.88,0.98,4,-1,-1
52,30,454.40,321.58,96.51,102.01,0.98,5,-1,-1
52,32,550.39,235.93,54.93,45.91,0.99,4,-1,-1
52,33,545.55,287.32,65.51,56.11,0.97,4,-1,-1
52,34,606.48,304.42,69.12,61.03,0.99,4,-1,-1
52,35,472.63,427.25,101.71,90.97,0.99,4,-1,-1
52,36,551.00,468.30,93.81,56.09,0.90,4,-1,-1
52,37,653.31,262.44,58.51,52.25,0.94,4,-1,-1
52,38,886.23,173.60,34.77,33.21,0.99,4,-1,-1
52,39,680.53,319.78,64.11,63.40,0.99,4,-1,-1
52,40,744.74,239.71,47.78,46.65,0.95,4,-1,-1
52,41,774.67,200.32,41.82,37.72,0.99,4,-1,-1
52,42,901.22,138.14,32.32,29.74,1.00,4,-1,-1
52,43,929.55,201.55,36.41,36.78,1.00,4,-1,-1
52,44,921.05,104.85,27.09,24.66,0.99,4,-1,-1
52,45,947.08,140.80,28.57,27.93,0.99,4,-1,-1
52,46,944.93,82.24,23.80,21.97,0.93,4,-1,-1
52,47,930.60,57.97,22.32,19.94,0.43,4,-1,-1
52,49,987.22,143.20,30.11,27.88,1.00,4,-1,-1
52,52,988.66,252.88,43.97,45.72,1.00,4,-1,-1
52,54,996.10,84.86,24.14,21.39,0.97,4,-1,-1
52,55,1053.70,186.60,32.39,35.33,0.46,4,-1,-1
52,56,1016.95,198.31,60.73,40.02,0.91,4,-1,-1
52,57,1066.79,237.86,19.78,33.51,0.42,2,-1,-1
52,58,1092.48,346.30,60.80,56.97,0.99,4,-1,-1
52,59,1103.84,397.93,67.55,64.26,0.99,4,-1,-1
52,60,1104.40,452.76,70.42,71.38,1.00,4,-1,-1
52,61,1194.50,516.34,25.46,50.56,0.30,1,-1,-1
52,62,1211.38,446.11,24.72,52.38,0.78,2,-1,-1
52,67,992.40,545.00,53.85,128.81,0.98,1,-1,-1
52,69,1314.37,405.10,21.49,53.62,0.95,1,-1,-1
52,70,1362.48,483.81,27.48,63.90,0.95,1,-1,-1
52,71,1364.08,298.40,80.16,67.28,0.54,4,-1,-1
52,72,1379.60,519.19,26.45,61.21,0.96,1,-1,-1
52,73,1361.11,359.40,21.41,53.21,0.74,1,-1,-1
52,74,1404.33,515.95,23.82,61.30,0.94,1,-1,-1
52,77,1407.69,374.99,22.30,53.14,0.69,1,-1,-1
52,83,1413.79,377.15,24.72,55.91,0.88,1,-1,-1
52,84,1718.02,524.66,50.22,113.13,0.99,1,-1,-1
52,87,1417.14,468.34,26.99,66.92,0.99,1,-1,-1
52,88,1452.33,474.24,26.24,60.73,0.92,1,-1,-1
52,89,1777.54,569.61,55.98,113.42,1.00,1,-1,-1
52,92,1580.20,551.22,53.49,108.92,0.99,1,-1,-1
52,97,1387.86,371.16,23.90,54.55,0.78,1,-1,-1
52,110,738.90,185.31,40.62,40.49,0.93,4,-1,-1
52,116,1171.75,409.73,23.87,57.11,0.59,1,-1,-1
52,4,98.68,320.33,23.67,54.93,0.91,1,-1,-1
52,121,911.90,252.16,43.43,44.43,1.00,4,-1,-1
52,50,965.99,72.91,23.66,20.74,0.66,4,-1,-1
52,123,97.63,459.11,28.19,51.70,0.87,1,-1,-1
52,124,1187.61,387.59,21.90,48.41,0.66,2,-1,-1
52,102,1256.32,383.89,23.34,46.50,0.69,1,-1,-1
52,142,1600.94,471.32,33.96,81.44,0.85,1,-1,-1
52,143,63.75,359.34,26.26,50.79,0.26,2,-1,-1
52,144,1238.89,514.27,26.23,52.35,0.63,1,-1,-1
52,149,683.54,234.14,45.06,42.09,0.97,4,-1,-1
52,153,459.25,549.64,67.91,135.74,0.99,1,-1,-1
52,93,216.18,432.65,24.97,35.22,0.21,2,-1,-1
52,158,1036.49,361.62,23.84,44.21,0.86,10,-1,-1
52,159,1512.43,457.04,28.82,63.43,0.97,1,-1,-1
52,161,129.71,260.12,19.99,44.56,0.95,1,-1,-1
52,115,214.32,381.13,22.97,48.76,0.45,1,-1,-1
52,118,1480.43,497.67,30.13,63.59,0.83,1,-1,-1
52,170,1418.43,337.06,21.53,51.30,0.57,1,-1,-1
52,171,1010.38,539.36,49.17,125.79,0.93,1,-1,-1
52,172,1451.72,489.13,26.11,63.33,0.95,1,-1,-1
52,174,769.86,149.05,34.60,33.78,0.94,4,-1,-1
52,91,1606.17,506.16,34.26,87.27,0.97,1,-1,-1
52,181,1529.39,463.01,24.65,59.21,0.87,1,-1,-1
52,79,1429.40,377.09,21.46,54.13,0.68,1,-1,-1
52,195,881.97,351.78,56.82,61.06,1.00,4,-1,-1
52,198,1202.18,413.38,22.47,53.19,0.64,1,-1,-1
52,94,1067.78,233.47,19.03,35.78,0.34,10,-1,-1
52,199,585.90,147.15,99.19,86.51,0.60,9,-1,-1
52,200,772.66,393.92,74.29,73.98,1.00,4,-1,-1
52,202,1056.33,449.42,26.46,49.27,0.95,10,-1,-1
52,204,1057.17,438.35,25.95,46.72,0.91,2,-1,-1
52,133,1565.69,462.18,43.71,92.84,0.93,2,-1,-1
52,205,108.25,394.99,25.28,55.71,0.85,1,-1,-1
52,206,238.04,320.93,21.26,48.62,0.65,1,-1,-1
52,139,135.51,437.09,26.19,57.29,0.63,1,-1,-1
52,209,65.59,426.37,29.71,62.52,0.87,1,-1,-1
52,211,1256.05,383.82,23.84,46.22,0.82,1,-1,-1
52,212,1376.79,360.86,21.41,54.04,0.74,1,-1,-1
52,86,1451.26,380.63,22.11,51.89,0.79,1,-1,-1
52,1,131.42,378.64,23.33,53.09,0.70,1,-1,-1
52,215,722.61,160.66,35.53,32.35,0.86,4,-1,-1
52,216,873.64,93.37,26.43,24.65,0.68,4,-1,-1
52,220,614.04,170.14,93.08,104.26,0.70,9,-1,-1
52,222,1202.15,413.09,22.06,53.83,0.59,1,-1,-1
52,90,1461.54,409.65,26.88,58.25,0.58,1,-1,-1
52,225,43.91,465.04,28.15,57.09,0.79,1,-1,-1
52,228,477.31,864.66,189.84,201.93,0.94,4,-1,-1
52,229,737.18,140.01,32.19,29.00,0.72,4,-1,-1
52,157,1036.20,353.25,24.43,43.98,0.73,2,-1,-1
52,213,1515.97,502.90,38.57,63.79,0.56,1,-1,-1
52,230,1370.14,946.53,94.64,53.70,0.73,3,-1,-1
52,232,200.51,203.80,21.52,40.64,0.75,1,-1,-1
52,233,201.56,285.83,43.33,30.63,0.69,3,-1,-1
52,234,1056.66,450.63,26.30,49.01,0.78,3,-1,-1
52,235,1353.09,876.76,38.25,75.30,0.68,1,-1,-1
52,65,1315.84,378.68,23.85,51.82,0.58,1,-1,-1
53,6,176.66,463.44,48.29,116.43,0.99,1,-1,-1
53,8,585.50,545.94,56.28,142.68,0.99,1,-1,-1
53,18,227.69,455.88,111.38,71.60,0.99,4,-1,-1
53,21,299.64,387.81,112.58,82.18,1.00,4,-1,-1
53,23,856.52,621.85,61.15,131.89,0.90,1,-1,-1
53,24,889.24,583.52,47.88,128.83,0.98,1,-1,-1
53,25,381.09,333.93,85.47,64.11,0.99,4,-1,-1
53,26,303.56,481.36,105.90,59.24,0.18,4,-1,-1
53,27,466.28,276.65,70.52,58.32,0.98,4,-1,-1
53,30,453.41,322.90,96.27,102.52,0.97,5,-1,-1
53,32,550.62,236.22,54.92,45.78,0.99,4,-1,-1
53,33,544.64,288.08,66.04,56.28,0.98,4,-1,-1
53,34,605.95,304.92,69.41,60.96,0.99,4,-1,-1
53,35,469.66,430.01,100.99,86.17,0.98,4,-1,-1
53,36,550.38,470.76,92.19,48.31,0.73,4,-1,-1
53,37,653.66,262.20,58.50,52.83,0.94,4,-1,-1
53,38,887.06,170.47,35.27,33.57,1.00,4,-1,-1
53,39,677.68,322.89,65.31,63.49,0.99,4,-1,-1
53,40,744.06,240.64,48.56,46.43,0.97,4,-1,-1
53,41,774.77,200.85,41.82,37.67,0.99,4,-1,-1
53,42,903.00,136.48,32.12,29.27,1.00,4,-1,-1
53,43,930.72,198.56,36.63,36.55,1.00,4,-1,-1
53,44,921.79,103.37,26.50,24.76,0.99,4,-1,-1
53,45,947.58,138.65,28.53,28.18,0.99,4,-1,-1
53,46,945.17,81.25,23.80,22.10,0.99,4,-1,-1
53,47,931.08,56.60,21.76,20.35,0.46,4,-1,-1
53,49,987.12,141.06,30.60,27.86,1.00,4,-1,-1
53,52,988.64,250.43,43.96,45.93,1.00,4,-1,-1
53,54,995.90,84.19,24.73,21.52,0.98,4,-1,-1
53,55,1053.73,185.62,32.21,35.49,0.81,4,-1,-1
53,56,1016.50,197.67,60.13,39.93,0.92,4,-1,-1
53,57,1067.64,240.37,19.40,29.84,0.55,2,-1,-1
53,58,1092.05,344.55,60.77,57.12,0.98,4,-1,-1
53,59,1104.12,396.09,65.44,63.93,0.98,4,-1,-1
53,60,1104.25,450.69,69.60,70.24,0.99,4,-1,-1
53,61,1193.05,513.11,25.98,50.81,0.42,1,-1,-1
53,62,1211.02,443.86,25.33,52.05,0.86,2,-1,-1
53,67,985.13,538.28,56.10,126.65,0.98,1,-1,-1
53,69,1310.77,402.26,23.05,55.63,0.96,1,-1,-1
53,70,1362.99,482.12,26.66,64.67,0.97,1,-1,-1
53,71,1361.86,296.89,80.70,68.04,0.86,4,-1,-1
53,72,1378.89,517.20,24.66,58.38,0.96,1,-1,-1
53,73,1359.93,357.85,21.41,53.08,0.75,1,-1,-1
53,74,1403.10,514.93,23.75,58.01,0.93,1,-1,-1
53,77,1405.82,372.83,21.72,51.87,0.64,1,-1,-1
53,83,1414.08,375.73,24.12,55.22,0.89,1,-1,-1
53,84,1710.90,519.78,49.99,111.02,0.99,1,-1,-1
53,87,1414.66,463.38,26.47,66.43,0.99,1,-1,-1
53,88,1449.44,470.96,26.25,63.83,0.89,1,-1,-1
53,89,1768.80,560.02,55.00,115.34,1.00,1,-1,-1
53,92,1570.96,543.70,48.03,111.47,0.99,1,-1,-1
53,97,1386.29,369.40,23.89,54.40,0.82,1,-1,-1
53,110,739.02,185.78,40.62,40.36,0.96,4,-1,-1
53,116,1170.87,408.32,23.07,56.40,0.68,1,-1,-1
53,4,103.67,318.03,23.91,56.11,0.85,1,-1,-1
53,121,913.87,248.18,42.03,43.80,1.00,4,-1,-1
53,50,966.90,71.46,23.73,21.30,0.74,4,-1,-1
53,123,102.40,456.51,28.97,50.40,0.60,1,-1,-1
53,124,1187.68,386.10,20.79,46.03,0.76,2,-1,-1
53,102,1255.07,382.24,23.69,46.92,0.81,1,-1,-1
53,142,1597.65,466.57,33.55,82.05,0.74,1,-1,-1
53,143,60.46,359.66,26.43,50.42,0.38,2,-1,-1
53,144,1235.92,511.43,27.85,55.09,0.48,1,-1,-1
53,149,684.42,234.10,44.48,42.06,0.97,4,-1,-1
53,153,473.49,544.10,67.67,132.87,0.98,1,-1,-1
53,93,220.10,430.48,24.97,35.16,0.21,2,-1,-1
53,158,1036.85,355.21,23.69,43.42,0.85,10,-1,-1
53,159,1509.25,454.60,27.09,59.70,0.97,1,-1,-1
53,161,132.02,260.15,19.90,44.76,0.88,1,-1,-1
53,115,217.67,379.78,23.72,50.30,0.53,1,-1,-1
53,118,1475.66,493.20,32.26,66.00,0.85,1,-1,-1
53,170,1416.34,335.24,21.54,49.70,0.56,1,-1,-1
53,171,1002.25,534.57,51.38,121.38,0.93,1,-1,-1
53,172,1449.63,483.47,26.10,64.70,0.93,1,-1,-1
53,174,770.59,149.24,34.59,33.54,0.95,4,-1,-1
53,91,1601.55,503.27,35.07,98.80,0.98,1,-1,-1
53,181,1526.72,459.04,22.46,55.88,0.88,1,-1,-1
53,79,1428.01,374.44,21.44,54.59,0.59,1,-1,-1
53,195,883.35,343.65,55.92,60.22,0.99,4,-1,-1
53,198,1201.27,412.14,21.80,53.94,0.81,2,-1,-1
53,94,1068.84,230.33,18.31,33.12,0.50,10,-1,-1
53,199,586.18,147.30,99.99,86.12,0.72,9,-1,-1
53,200,776.50,384.76,74.35,72.36,0.99,4,-1,-1
53,202,1055.37,439.96,26.15,49.95,0.99,10,-1,-1
53,204,1056.81,430.90,24.47,44.33,0.86,2,-1,-1
53,133,1560.57,458.57,44.75,92.68,0.97,2,-1,-1
53,205,113.57,392.71,24.20,52.77,0.65,1,-1,-1
53,206,241.80,320.60,21.01,49.68,0.68,1,-1,-1
53,139,140.51,425.32,26.93,56.75,0.63,1,-1,-1
53,209,71.08,423.74,28.86,62.54,0.77,1,-1,-1
53,211,1254.97,382.44,23.89,46.45,0.94,1,-1,-1
53,212,1374.79,359.96,21.46,53.82,0.74,1,-1,-1
53,86,1448.65,378.42,21.64,51.49,0.78,1,-1,-1
53,1,136.35,375.63,23.34,51.81,0.79,1,-1,-1
53,215,723.43,160.42,35.72,32.27,0.92,4,-1,-1
53,216,873.55,93.51,27.12,25.04,0.91,4,-1,-1
53,220,613.70,172.11,93.18,102.04,0.67,9,-1,-1
53,222,1201.26,411.79,21.63,54.17,0.85,1,-1,-1
53,90,1460.67,408.20,24.90,56.35,0.53,1,-1,-1
53,225,48.57,462.73,27.98,55.31,0.70,1,-1,-1
53,228,500.02,838.25,181.65,202.81,0.97,4,-1,-1
53,229,737.83,140.14,32.12,29.27,0.77,4,-1,-1
53,157,1036.25,347.92,24.80,45.18,0.38,2,-1,-1
53,213,1513.83,499.25,35.05,63.69,0.39,1,-1,-1
53,230,1366.52,935.41,95.64,55.58,0.78,3,-1,-1
53,233,201.37,284.62,41.60,31.67,0.55,3,-1,-1
53,235,1349.81,865.60,36.29,79.04,0.85,1,-1,-1
53,65,1317.29,375.89,23.85,53.51,0.49,1,-1,-1
54,6,183.25,458.42,49.81,116.24,0.99,1,-1,-1
54,8,598.96,540.82,58.39,139.28,0.99,1,-1,-1
54,18,230.15,453.62,112.38,69.69,0.99,4,-1,-1
54,21,302.61,386.44,111.11,81.84,1.00,4,-1,-1
54,23,868.38,613.10,55.94,113.39,0.60,1,-1,-1
54,24,896.03,576.91,49.22,127.87,0.99,1,-1,-1
54,25,381.56,333.79,85.45,63.58,0.99,4,-1,-1
54,27,465.97,276.81,70.57,58.42,0.99,4,-1,-1
54,30,451.31,323.66,97.44,103.16,0.97,5,-1,-1
54,32,550.78,236.17,54.57,45.96,0.99,4,-1,-1
54,33,543.99,288.63,65.90,56.57,0.98,4,-1,-1
54,34,605.27,305.58,70.16,60.97,0.99,4,-1,-1
54,35,467.72,433.49,98.42,80.00,0.98,4,-1,-1
54,36,549.11,474.00,91.28,40.37,0.44,4,-1,-1
54,37,653.94,262.06,58.55,52.79,0.93,4,-1,-1
54,38,888.82,167.41,34.70,33.14,1.00,4,-1,-1
54,39,674.48,325.67,66.57,63.93,0.99,4,-1,-1
54,40,743.63,241.49,48.11,46.18,0.98,4,-1,-1
54,41,774.65,200.95,41.85,37.87,0.99,4,-1,-1
54,42,903.94,134.15,31.29,28.88,1.00,4,-1,-1
54,43,931.86,195.28,36.75,36.51,0.99,4,-1,-1
54,44,922.77,101.85,26.30,24.33,0.96,4,-1,-1
54,45,948.10,136.63,28.56,28.35,0.99,4,-1,-1
54,46,945.60,80.13,23.82,21.77,1.00,4,-1,-1
54,47,931.21,54.76,21.56,20.86,0.46,4,-1,-1
54,49,987.85,138.80,30.02,27.69,0.99,4,-1,-1
54,52,989.02,247.67,43.21,45.46,0.99,4,-1,-1
54,54,995.82,83.03,24.97,21.48,0.98,4,-1,-1
54,55,1053.77,185.04,32.18,34.99,0.76,4,-1,-1
54,56,1015.98,196.75,59.93,39.54,0.92,4,-1,-1
54,57,1068.42,237.90,19.25,30.00,0.71,2,-1,-1
54,58,1091.97,343.23,60.81,56.82,0.99,4,-1,-1
54,59,1103.94,393.99,65.50,63.47,0.99,4,-1,-1
54,60,1104.31,448.35,68.56,70.28,0.99,4,-1,-1
54,62,1209.52,442.04,26.36,52.36,0.88,2,-1,-1
54,67,979.89,531.82,53.96,124.38,0.97,1,-1,-1
54,69,1308.94,400.93,23.64,54.88,0.94,1,-1,-1
54,70,1362.67,480.92,26.39,62.66,0.97,1,-1,-1
54,71,1361.34,295.69,80.97,67.68,0.92,4,-1,-1
54,72,1378.17,515.30,24.02,56.20,0.95,1,-1,-1
54,73,1359.02,356.19,21.44,53.08,0.72,1,-1,-1
54,74,1401.40,512.77,25.36,57.69,0.88,1,-1,-1
54,77,1404.67,370.59,21.53,51.85,0.53,1,-1,-1
54,83,1414.53,374.16,23.92,54.60,0.88,1,-1,-1
54,84,1705.72,514.38,49.96,109.15,0.99,1,-1,-1
54,87,1413.37,459.59,26.30,65.12,0.98,1,-1,-1
54,88,1448.03,467.22,24.72,61.87,0.84,1,-1,-1
54,89,1761.50,549.96,53.12,116.35,0.97,1,-1,-1
54,92,1561.86,536.49,44.45,112.12,0.98,1,-1,-1
54,97,1385.27,368.27,23.91,55.17,0.77,1,-1,-1
54,110,738.88,185.75,40.65,40.34,0.93,4,-1,-1
54,116,1170.31,406.39,22.79,56.57,0.64,1,-1,-1
54,4,106.71,316.55,23.93,55.02,0.71,1,-1,-1
54,121,915.66,243.93,41.60,43.62,1.00,4,-1,-1
54,50,967.59,69.00,22.99,21.59,0.79,4,-1,-1
54,123,107.10,453.45,28.12,50.00,0.40,1,-1,-1
54,124,1187.07,383.71,21.21,46.35,0.66,2,-1,-1
54,102,1254.05,380.20,23.85,46.72,0.92,1,-1,-1
54,142,1594.61,464.67,33.44,82.34,0.89,1,-1,-1
54,143,56.57,359.33,26.79,51.09,0.48,2,-1,-1
54,144,1235.77,508.86,28.48,56.88,0.12,1,-1,-1
54,149,684.92,233.72,44.29,42.28,0.98,4,-1,-1
54,153,486.88,536.90,64.89,133.58,0.99,1,-1,-1
54,158,1036.60,345.73,25.28,46.06,0.89,10,-1,-1
54,159,1506.99,451.78,26.46,59.14,0.93,1,-1,-1
54,161,133.70,259.57,19.84,43.69,0.75,1,-1,-1
54,115,220.84,377.30,23.04,50.10,0.41,1,-1,-1
54,118,1472.80,489.06,31.44,66.13,0.81,1,-1,-1
54,170,1416.71,334.51,20.00,47.94,0.54,1,-1,-1
54,171,990.92,529.44,56.10,121.97,0.85,1,-1,-1
54,172,1446.88,481.07,26.13,61.71,0.90,1,-1,-1
54,174,771.47,149.22,34.61,33.23,0.95,4,-1,-1
54,91,1597.95,500.46,35.45,101.75,0.99,1,-1,-1
54,181,1523.87,454.83,23.34,57.90,0.92,1,-1,-1
54,79,1427.08,372.79,19.87,52.85,0.39,1,-1,-1
54,195,884.49,335.36,55.69,59.19,0.99,4,-1,-1
54,94,1069.68,228.69,18.05,33.41,0.48,10,-1,-1
54,199,586.35,146.84,99.19,85.84,0.69,9,-1,-1
54,200,780.79,375.55,72.88,71.42,0.99,4,-1,-1
54,202,1054.72,431.58,26.08,49.85,0.98,10,-1,-1
54,204,1055.99,422.85,24.77,43.53,0.75,2,-1,-1
54,133,1558.41,454.69,43.59,90.32,0.96,2,-1,-1
54,205,117.58,387.10,25.01,56.56,0.43,1,-1,-1
54,206,244.05,318.27,21.73,49.32,0.77,1,-1,-1
54,139,143.28,418.47,27.26,57.01,0.74,1,-1,-1
54,209,76.18,421.85,28.15,62.21,0.77,1,-1,-1
54,211,1254.80,379.70,23.92,46.96,0.82,1,-1,-1
54,212,1372.79,359.14,21.50,54.97,0.78,1,-1,-1
54,86,1447.29,374.98,21.50,51.77,0.65,1,-1,-1
54,1,141.33,373.17,22.73,51.77,0.79,1,-1,-1
54,215,724.31,159.62,35.81,32.26,0.92,4,-1,-1
54,216,873.81,93.32,27.40,25.20,0.92,4,-1,-1
54,220,613.31,173.22,93.28,100.88,0.71,9,-1,-1
54,90,1459.21,404.27,24.18,58.09,0.53,1,-1,-1
54,225,53.95,460.00,25.80,54.26,0.65,1,-1,-1
54,228,520.07,803.38,173.87,199.82,0.86,4,-1,-1
54,229,738.26,139.78,32.15,29.23,0.76,4,-1,-1
54,157,1036.71,341.67,24.96,46.81,0.54,2,-1,-1
54,213,1510.28,494.21,35.43,65.31,0.35,1,-1,-1
54,230,1363.98,929.07,97.72,54.45,0.73,3,-1,-1
54,233,199.74,285.26,39.88,30.50,0.30,3,-1,-1
54,235,1346.50,861.66,37.79,76.13,0.61,1,-1,-1
54,65,1318.80,373.24,22.30,53.73,0.43,1,-1,-1
54,29,174.75,615.50,66.04,113.93,0.62,2,-1,-1
55,6,190.73,454.14,49.18,115.33,0.98,1,-1,-1
55,8,608.41,535.88,64.64,135.95,0.99,1,-1,-1
55,18,236.07,451.46,110.16,69.39,0.99,4,-1,-1
55,21,305.59,384.82,110.11,82.06,0.99,4,-1,-1
55,23,877.51,606.21,54.88,106.19,0.44,1,-1,-1
55,24,903.37,571.56,50.48,124.10,0.99,1,-1,-1
55,25,382.60,333.23,85.39,63.34,0.99,4,-1,-1
55,27,466.67,277.18,69.75,58.02,0.98,4,-1,-1
55,30,449.82,324.59,98.20,104.11,0.96,5,-1,-1
55,32,551.19,236.29,54.40,46.18,0.99,4,-1,-1
55,33,543.94,289.52,65.40,56.43,0.98,4,-1,-1
55,34,604.96,306.71,70.20,60.53,0.97,4,-1,-1
55,35,466.00,437.49,96.97,71.56,0.98,4,-1,-1
55,37,654.52,262.05,58.53,52.83,0.93,4,-1,-1
55,38,890.52,164.88,33.68,32.38,1.00,4,-1,-1
55,39,671.47,328.69,67.00,64.43,0.99,4,-1,-1
55,40,743.91,242.72,47.90,45.66,0.98,4,-1,-1
55,41,774.23,201.14,41.84,38.11,0.99,4,-1,-1
55,42,904.94,132.13,30.98,29.19,0.99,4,-1,-1
55,43,932.54,192.45,36.79,36.29,1.00,4,-1,-1
55,44,923.40,100.67,25.42,24.36,0.98,4,-1,-1
55,45,948.54,135.30,28.56,28.16,0.99,4,-1,-1
55,46,945.63,79.30,23.82,21.64,1.00,4,-1,-1
55,47,931.54,54.11,21.48,20.85,0.31,4,-1,-1
55,49,988.77,137.54,29.00,26.92,0.99,4,-1,-1
55,52,989.04,245.57,42.92,45.07,1.00,4,-1,-1
55,54,995.64,82.51,25.05,21.36,0.98,4,-1,-1
55,55,1053.22,184.61,32.15,34.76,0.82,4,-1,-1
55,56,1014.88,196.09,59.82,38.97,0.95,4,-1,-1
55,57,1068.12,236.18,19.19,30.43,0.68,2,-1,-1
55,58,1091.36,341.84,60.80,56.68,0.99,4,-1,-1
55,59,1103.29,392.48,65.50,62.86,0.99,4,-1,-1
55,60,1104.15,447.12,67.35,69.07,1.00,4,-1,-1
55,62,1208.70,439.43,25.96,53.63,0.88,2,-1,-1
55,67,975.36,524.59,50.69,123.68,0.99,1,-1,-1
55,69,1307.95,399.48,22.31,54.54,0.93,1,-1,-1
55,70,1362.21,480.09,24.69,60.25,0.96,1,-1,-1
55,71,1360.01,294.95,81.04,67.10,0.89,4,-1,-1
55,72,1375.98,513.77,23.80,55.42,0.92,1,-1,-1
55,73,1356.78,354.65,21.44,53.05,0.71,1,-1,-1
55,74,1399.62,510.54,24.38,56.36,0.86,1,-1,-1
55,77,1402.30,368.24,23.05,52.60,0.77,1,-1,-1
55,83,1415.14,371.67,23.85,55.14,0.91,1,-1,-1
55,84,1699.36,508.30,49.95,108.63,0.99,1,-1,-1
55,87,1411.01,456.65,26.23,64.19,0.97,1,-1,-1
55,88,1444.84,464.26,24.11,59.87,0.85,1,-1,-1
55,89,1754.33,541.96,50.82,113.94,0.99,1,-1,-1
55,92,1549.47,533.36,43.20,107.19,0.98,1,-1,-1
55,97,1383.75,367.10,23.91,55.82,0.87,1,-1,-1
55,110,738.86,185.91,39.85,40.50,0.96,4,-1,-1
55,116,1169.88,404.93,21.88,55.82,0.55,1,-1,-1
55,4,110.31,315.96,23.62,54.17,0.69,1,-1,-1
55,121,916.17,239.77,42.26,43.36,1.00,4,-1,-1
55,50,968.10,67.26,22.71,22.70,0.82,4,-1,-1
55,123,110.76,451.23,28.36,49.85,0.50,1,-1,-1
55,124,1185.43,382.10,21.36,46.44,0.62,2,-1,-1
55,102,1252.61,378.12,23.89,47.79,0.92,1,-1,-1
55,142,1591.50,461.10,31.80,84.35,0.97,1,-1,-1
55,143,53.41,360.05,25.81,50.13,0.53,2,-1,-1
55,149,685.56,233.62,44.20,42.33,0.97,4,-1,-1
55,153,503.35,528.42,59.79,134.19,0.99,1,-1,-1
55,158,1037.14,341.52,24.29,44.62,0.90,10,-1,-1
55,159,1503.43,447.82,26.24,60.52,0.96,1,-1,-1
55,161,136.30,259.33,19.70,43.43,0.86,1,-1,-1
55,115,223.87,375.70,23.76,51.99,0.27,1,-1,-1
55,118,1468.23,485.58,27.93,63.39,0.79,1,-1,-1
55,170,1413.33,332.94,20.99,50.50,0.45,1,-1,-1
55,171,986.97,523.30,53.34,117.38,0.90,1,-1,-1
55,172,1443.93,478.10,26.14,60.14,0.86,1,-1,-1
55,174,772.18,149.37,34.60,33.14,0.95,4,-1,-1
55,91,1592.19,497.21,37.18,102.45,0.97,1,-1,-1
55,181,1520.08,451.55,23.62,58.59,0.80,1,-1,-1
55,79,1423.97,370.65,20.90,52.15,0.42,1,-1,-1
55,195,886.78,327.76,54.01,58.01,1.00,4,-1,-1
55,94,1069.40,226.60,17.95,34.27,0.58,10,-1,-1
55,199,587.71,146.59,98.84,86.07,0.70,9,-1,-1
55,200,784.99,367.02,71.56,69.43,1.00,4,-1,-1
55,202,1053.97,423.42,26.06,49.42,0.96,10,-1,-1
55,204,1055.17,415.22,24.07,43.66,0.93,2,-1,-1
55,133,1555.64,450.34,41.54,90.15,0.97,2,-1,-1
55,205,122.90,384.04,24.51,55.14,0.60,1,-1,-1
55,206,247.36,317.73,21.40,47.56,0.47,1,-1,-1
55,139,149.31,416.65,28.32,60.64,0.58,1,-1,-1
55,209,81.03,419.09,27.78,61.65,0.65,1,-1,-1
55,212,1371.70,358.69,21.51,54.96,0.85,1,-1,-1
55,86,1444.86,372.38,21.44,51.85,0.48,1,-1,-1
55,1,146.50,371.24,22.20,50.55,0.83,1,-1,-1
55,215,725.05,159.42,35.83,32.04,0.91,4,-1,-1
55,216,874.23,93.76,26.70,24.95,0.84,4,-1,-1
55,220,613.29,174.59,93.26,99.78,0.78,9,-1,-1
55,90,1456.74,402.28,23.91,55.95,0.41,1,-1,-1
55,225,59.07,457.11,25.97,54.26,0.37,1,-1,-1
55,228,541.13,774.76,162.39,186.56,0.98,4,-1,-1
55,229,739.25,140.01,32.15,29.15,0.81,4,-1,-1
55,157,1037.12,336.25,24.22,45.84,0.67,2,-1,-1
55,213,1507.86,489.42,33.94,67.05,0.13,1,-1,-1
55,230,1360.41,920.59,94.90,53.98,0.95,3,-1,-1
55,233,198.08,286.83,38.15,29.05,0.38,3,-1,-1
55,235,1343.49,847.07,38.28,80.76,0.85,1,-1,-1
55,65,1319.05,370.74,21.70,53.38,0.48,1,-1,-1
55,29,176.63,608.82,64.90,109.69,0.57,1,-1,-1
55,236,1392.54,798.47,38.25,93.23,0.68,1,-1,-1
55,210,121.60,373.49,23.77,54.83,0.53,1,-1,-1
55,198,1199.98,408.27,21.53,53.77,0.86,1,-1,-1
56,6,197.19,448.96,48.76,114.70,0.99,1,-1,-1
56,8,618.80,530.47,65.45,134.87,0.99,1,-1,-1
56,18,241.04,447.80,108.70,67.39,0.98,4,-1,-1
56,21,307.48,382.09,109.80,82.24,0.99,4,-1,-1
56,23,885.62,597.58,57.00,103.69,0.38,1,-1,-1
56,24,907.77,566.89,55.68,126.01,0.99,1,-1,-1
56,25,383.49,332.05,85.40,62.52,0.99,4,-1,-1
56,27,466.73,276.82,69.46,57.62,0.98,4,-1,-1
56,30,449.44,324.73,97.35,105.32,0.97,5,-1,-1
56,32,551.58,235.74,53.97,46.11,0.99,4,-1,-1
56,33,543.77,289.47,65.24,56.42,0.98,4,-1,-1
56,34,604.50,306.79,70.43,60.42,0.98,4,-1,-1
56,35,463.06,439.75,96.85,69.06,0.97,4,-1,-1
56,37,655.01,261.30,58.54,53.48,0.91,4,-1,-1
56,38,891.93,161.45,34.15,32.35,1.00,4,-1,-1
56,39,668.71,330.62,67.94,65.44,0.99,4,-1,-1
56,40,743.59,242.73,47.84,45.69,0.98,4,-1,-1
56,41,774.06,200.55,41.84,38.43,0.99,4,-1,-1
56,42,906.94,130.01,30.10,27.95,0.99,4,-1,-1
56,43,933.22,188.93,36.83,36.06,0.99,4,-1,-1
56,44,923.69,98.98,25.91,24.30,0.98,4,-1,-1
56,45,949.97,133.05,27.78,27.83,0.99,4,-1,-1
56,46,946.52,77.37,23.04,21.31,0.98,4,-1,-1
56,47,931.78,52.64,21.46,20.81,0.51,4,-1,-1
56,49,989.21,134.99,28.65,26.73,0.99,4,-1,-1
56,52,989.14,242.65,42.84,44.98,1.00,4,-1,-1
56,54,995.72,81.24,25.08,21.24,0.98,4,-1,-1
56,55,1053.16,182.90,32.16,35.30,0.79,4,-1,-1
56,56,1014.22,194.60,59.80,39.01,0.94,4,-1,-1
56,57,1068.93,233.86,19.16,31.21,0.57,2,-1,-1
56,58,1091.66,339.99,60.04,56.68,0.98,4,-1,-1
56,59,1103.97,390.63,63.95,61.91,0.99,4,-1,-1
56,60,1104.62,444.43,66.13,67.90,1.00,4,-1,-1
56,62,1208.22,436.84,24.63,52.20,0.88,2,-1,-1
56,67,972.83,516.04,51.87,125.54,0.98,1,-1,-1
56,69,1306.35,399.65,21.78,52.10,0.95,1,-1,-1
56,70,1360.70,478.83,25.68,58.20,0.96,1,-1,-1
56,71,1359.07,293.18,81.10,66.95,0.99,4,-1,-1
56,72,1373.05,511.64,25.34,54.81,0.93,1,-1,-1
56,73,1355.48,352.63,21.45,53.08,0.61,1,-1,-1
56,74,1396.88,507.76,25.60,55.54,0.92,1,-1,-1
56,77,1401.75,366.34,22.06,52.14,0.69,1,-1,-1
56,83,1414.92,369.52,23.82,54.59,0.72,1,-1,-1
56,84,1694.39,501.16,48.38,108.36,0.98,1,-1,-1
56,87,1408.94,453.05,26.21,65.09,0.99,1,-1,-1
56,88,1441.68,460.86,25.50,63.61,0.87,1,-1,-1
56,89,1746.67,534.79,53.29,111.36,0.98,1,-1,-1
56,92,1533.50,530.42,47.70,107.80,0.98,1,-1,-1
56,97,1383.54,365.62,23.90,55.32,0.73,1,-1,-1
56,110,738.42,185.19,40.35,40.79,0.97,4,-1,-1
56,116,1169.51,403.14,21.55,54.39,0.54,1,-1,-1
56,4,114.01,313.74,23.31,52.70,0.82,1,-1,-1
56,121,917.55,235.63,41.74,42.73,1.00,4,-1,-1
56,50,968.79,64.33,22.62,23.51,0.80,4,-1,-1
56,123,115.66,448.33,27.97,50.25,0.74,1,-1,-1
56,124,1185.80,380.42,20.63,45.72,0.69,2,-1,-1
56,102,1251.54,376.47,23.91,47.45,0.88,1,-1,-1
56,142,1586.06,458.33,32.80,87.10,0.96,1,-1,-1
56,143,49.36,359.66,25.93,49.01,0.73,2,-1,-1
56,149,686.10,232.63,44.18,42.39,0.96,4,-1,-1
56,153,519.34,520.67,54.63,135.16,0.98,1,-1,-1
56,158,1037.85,338.09,23.11,41.72,0.94,10,-1,-1
56,159,1500.18,443.86,26.16,61.86,0.95,1,-1,-1
56,161,138.29,257.97,19.46,43.37,0.91,1,-1,-1
56,115,227.18,372.99,23.25,49.62,0.31,1,-1,-1
56,118,1465.38,481.64,26.61,62.40,0.61,1,-1,-1
56,172,1440.83,472.93,27.74,61.64,0.88,1,-1,-1
56,174,773.21,148.90,33.83,32.89,0.95,4,-1,-1
56,91,1587.38,493.56,37.82,101.97,0.98,1,-1,-1
56,181,1516.78,448.45,23.74,58.90,0.81,1,-1,-1
56,79,1424.77,367.85,21.25,51.54,0.16,1,-1,-1
56,195,889.16,319.92,51.85,56.45,1.00,4,-1,-1
56,94,1070.21,224.46,17.91,35.96,0.50,10,-1,-1
56,199,587.29,145.82,100.74,86.09,0.69,9,-1,-1
56,200,789.10,358.46,70.36,67.97,1.00,4,-1,-1
56,202,1053.02,415.62,26.08,48.92,0.92,10,-1,-1
56,204,1054.62,407.39,23.02,43.37,0.95,2,-1,-1
56,133,1553.53,446.26,40.78,90.16,0.94,2,-1,-1
56,205,128.09,381.97,23.71,53.82,0.24,1,-1,-1
56,206,250.80,314.97,20.68,47.72,0.53,1,-1,-1
56,139,152.53,412.52,28.96,62.03,0.69,1,-1,-1
56,209,85.31,416.54,27.64,61.89,0.83,1,-1,-1
56,212,1370.05,357.08,23.08,55.39,0.82,1,-1,-1
56,86,1442.77,369.05,23.01,52.31,0.31,2,-1,-1
56,1,151.08,368.22,22.63,52.15,0.78,1,-1,-1
56,215,725.66,158.48,35.85,31.78,0.92,4,-1,-1
56,216,874.06,93.09,27.23,25.07,0.92,4,-1,-1
56,220,612.80,174.16,93.27,100.07,0.75,9,-1,-1
56,90,1453.84,399.02,27.02,57.17,0.19,1,-1,-1
56,225,62.36,453.16,26.77,55.10,0.27,1,-1,-1
56,228,559.01,754.58,147.67,167.86,0.96,4,-1,-1
56,229,740.37,139.17,31.35,28.79,0.81,4,-1,-1
56,157,1037.39,330.92,23.94,42.74,0.78,2,-1,-1
56,213,1504.19,484.03,35.05,71.28,0.78,1,-1,-1
56,230,1356.91,911.08,93.85,54.70,0.94,3,-1,-1
56,233,195.97,283.91,36.56,31.32,0.55,3,-1,-1
56,235,1341.05,835.98,36.63,83.98,0.91,1,-1,-1
56,65,1319.40,368.37,21.49,53.28,0.55,1,-1,-1
56,29,177.65,599.93,64.33,112.54,0.65,1,-1,-1
56,210,127.17,370.99,23.42,56.60,0.81,1,-1,-1
56,198,1199.42,406.31,21.48,54.11,0.83,1,-1,-1
56,237,84.57,156.29,20.47,39.15,0.83,1,-1,-1
57,6,204.38,443.92,48.82,114.07,0.98,1,-1,-1
57,8,630.98,523.48,61.90,134.69,0.98,1,-1,-1
57,18,242.42,446.00,110.88,65.86,0.98,4,-1,-1
57,21,310.84,381.19,108.12,81.49,0.99,4,-1,-1
57,23,891.54,594.92,53.82,95.92,0.54,1,-1,-1
57,24,916.22,562.10,54.59,124.54,0.99,1,-1,-1
57,25,385.70,331.10,84.62,62.58,0.98,4,-1,-1
57,27,467.05,276.66,69.35,57.74,0.99,4,-1,-1
57,30,448.86,326.00,97.41,105.73,0.98,5,-1,-1
57,32,551.99,235.81,53.81,46.06,0.99,4,-1,-1
57,33,543.41,290.19,65.56,56.29,0.98,4,-1,-1
57,34,603.61,307.45,70.52,60.75,0.99,4,-1,-1
57,35,461.22,443.73,95.62,69.06,0.96,4,-1,-1
57,37,655.24,261.46,58.55,53.70,0.94,4,-1,-1
57,38,893.57,158.62,34.33,32.34,1.00,4,-1,-1
57,39,665.85,333.08,68.27,66.17,0.99,4,-1,-1
57,40,742.72,243.24,48.60,46.08,0.98,4,-1,-1
57,41,774.01,200.57,41.84,38.72,0.99,4,-1,-1
57,42,908.40,128.00,29.79,27.54,0.99,4,-1,-1
57,43,934.20,186.36,36.07,34.58,1.00,4,-1,-1
57,44,924.53,97.79,26.10,24.17,0.98,4,-1,-1
57,45,951.24,131.02,26.70,27.60,0.99,4,-1,-1
57,46,946.79,76.30,22.76,21.36,0.99,4,-1,-1
57,47,931.81,52.10,21.46,20.69,0.66,4,-1,-1
57,49,989.32,132.59,28.54,27.01,0.99,4,-1,-1
57,52,989.55,239.87,42.83,44.35,0.99,4,-1,-1
57,54,996.08,80.33,24.31,21.28,0.99,4,-1,-1
57,55,1053.09,181.97,32.96,35.87,0.85,4,-1,-1
57,56,1013.57,193.37,59.78,39.21,0.93,4,-1,-1
57,57,1069.58,228.42,19.93,34.23,0.49,3,-1,-1
57,58,1091.37,338.11,60.55,57.45,0.99,4,-1,-1
57,59,1103.83,388.55,63.38,61.54,0.97,4,-1,-1
57,60,1104.41,441.84,65.70,67.85,1.00,4,-1,-1
57,62,1207.26,434.67,24.92,51.22,0.84,2,-1,-1
57,67,965.79,509.25,49.17,125.83,0.98,1,-1,-1
57,69,1304.19,397.69,23.17,52.74,0.92,1,-1,-1
57,70,1360.13,477.49,24.47,58.25,0.93,1,-1,-1
57,71,1357.87,292.27,81.13,66.47,0.98,4,-1,-1
57,72,1370.41,509.57,27.46,58.23,0.89,1,-1,-1
57,73,1354.96,351.03,21.46,53.08,0.47,1,-1,-1
57,74,1395.07,505.85,26.04,55.27,0.80,1,-1,-1
57,77,1400.73,364.61,21.67,50.38,0.67,1,-1,-1
57,83,1413.20,367.88,25.41,54.77,0.83,1,-1,-1
57,84,1691.79,494.15,44.61,103.51,0.99,1,-1,-1
57,87,1407.41,449.70,26.22,65.03,0.99,1,-1,-1
57,88,1438.95,456.41,26.00,61.06,0.88,1,-1,-1
57,89,1738.40,528.20,52.60,108.21,0.99,1,-1,-1
57,92,1518.58,525.51,50.81,107.62,0.99,1,-1,-1
57,97,1382.64,364.40,23.91,54.32,0.69,1,-1,-1
57,110,738.28,185.17,40.53,40.88,0.98,4,-1,-1
57,116,1168.17,400.66,23.04,54.65,0.31,1,-1,-1
57,4,117.56,312.31,22.60,52.93,0.82,1,-1,-1
57,121,919.18,231.70,40.78,41.91,1.00,4,-1,-1
57,50,969.37,62.80,22.60,23.89,0.80,4,-1,-1
57,123,121.05,446.26,26.64,47.64,0.51,1,-1,-1
57,124,1185.15,378.39,21.16,45.45,0.58,2,-1,-1
57,102,1251.90,374.65,22.35,47.69,0.70,1,-1,-1
57,142,1580.93,454.52,33.17,94.29,0.95,1,-1,-1
57,143,45.35,359.64,26.42,49.36,0.47,2,-1,-1
57,149,686.72,232.41,44.18,42.40,0.96,4,-1,-1
57,153,533.47,514.44,55.33,134.15,0.98,1,-1,-1
57,158,1038.50,333.25,22.70,41.90,0.85,10,-1,-1
57,159,1496.63,439.59,26.16,61.98,0.96,1,-1,-1
57,161,140.27,257.24,19.91,43.33,0.88,1,-1,-1
57,115,231.13,370.75,22.26,47.48,0.46,1,-1,-1
57,118,1462.79,477.98,26.18,63.64,0.67,1,-1,-1
57,172,1438.11,471.39,26.79,59.82,0.77,1,-1,-1
57,174,773.58,148.93,33.54,32.64,0.95,4,-1,-1
57,91,1581.63,490.49,39.65,102.48,0.99,1,-1,-1
57,181,1513.21,444.50,25.37,59.79,0.84,1,-1,-1
57,195,890.75,312.19,51.12,56.32,1.00,4,-1,-1
57,94,1070.07,222.73,19.48,37.36,0.56,10,-1,-1
57,199,588.52,145.39,100.47,85.81,0.61,9,-1,-1
57,200,793.27,350.50,69.18,66.63,1.00,4,-1,-1
57,202,1051.92,409.02,26.10,47.56,0.96,10,-1,-1
57,204,1053.65,400.18,23.48,43.29,0.98,2,-1,-1
57,133,1551.96,442.72,38.93,88.96,0.89,2,-1,-1
57,206,253.81,313.11,20.01,46.58,0.46,1,-1,-1
57,139,155.75,409.97,26.88,60.22,0.61,1,-1,-1
57,209,90.45,414.02,25.72,60.39,0.73,1,-1,-1
57,212,1368.61,355.81,23.67,55.14,0.75,1,-1,-1
57,86,1439.63,366.76,23.59,52.86,0.31,1,-1,-1
57,1,156.05,365.72,22.20,49.98,0.69,1,-1,-1
57,215,726.27,158.21,35.85,31.28,0.92,4,-1,-1
57,216,874.35,93.16,27.42,25.29,0.95,4,-1,-1
57,220,612.27,173.95,94.06,100.75,0.74,9,-1,-1
57,90,1451.18,393.03,28.13,59.96,0.76,1,-1,-1
57,225,68.66,450.53,25.41,51.83,0.21,1,-1,-1
57,228,575.33,727.78,143.25,157.63,0.96,4,-1,-1
57,229,740.74,139.12,31.07,28.45,0.79,4,-1,-1
57,157,1037.87,325.18,23.85,43.58,0.91,2,-1,-1
57,213,1500.49,479.80,37.04,74.00,0.51,1,-1,-1
57,230,1353.36,902.25,91.80,53.29,0.86,3,-1,-1
57,233,194.68,283.08,35.48,31.80,0.68,3,-1,-1
57,235,1338.68,828.74,36.04,83.38,0.87,1,-1,-1
57,65,1319.46,366.86,21.43,52.44,0.25,1,-1,-1
57,29,178.84,592.81,62.55,107.18,0.27,1,-1,-1
57,210,133.83,367.89,22.69,54.49,0.46,1,-1,-1
57,198,1198.41,404.35,22.26,51.85,0.64,1,-1,-1
57,171,978.57,510.23,45.36,109.37,0.53,1,-1,-1
58,6,211.72,438.85,46.85,113.08,0.99,1,-1,-1
58,8,646.72,515.49,52.46,134.70,0.97,1,-1,-1
58,18,248.59,443.08,106.87,61.77,0.97,4,-1,-1
58,21,314.19,378.38,107.49,81.25,1.00,4,-1,-1
58,23,901.45,588.42,63.23,95.58,0.84,1,-1,-1
58,24,922.44,556.60,53.30,122.46,0.98,1,-1,-1
58,25,387.70,329.46,83.91,61.85,1.00,4,-1,-1
58,27,467.78,275.52,68.90,57.02,0.98,4,-1,-1
58,30,448.29,325.95,97.39,105.90,0.96,5,-1,-1
58,32,552.56,234.78,53.73,46.05,0.99,4,-1,-1
58,33,543.51,289.78,65.27,56.65,0.98,4,-1,-1
58,34,603.30,306.85,70.72,60.89,0.99,4,-1,-1
58,35,461.62,446.60,92.76,65.91,0.96,4,-1,-1
58,37,655.93,260.61,58.53,54.09,0.92,4,-1,-1
58,38,895.16,155.16,34.41,31.97,0.99,4,-1,-1
58,39,662.31,334.67,69.91,66.84,0.99,4,-1,-1
58,40,742.64,243.01,48.87,46.25,0.97,4,-1,-1
58,41,774.24,199.88,41.83,38.85,0.99,4,-1,-1
58,42,909.13,125.15,30.49,27.37,0.99,4,-1,-1
58,43,935.16,182.63,35.79,34.27,1.00,4,-1,-1
58,44,926.28,95.53,26.17,24.44,0.99,4,-1,-1
58,45,951.92,128.22,27.11,27.14,1.00,4,-1,-1
58,46,947.15,74.31,22.65,21.32,0.98,4,-1,-1
58,47,932.11,50.81,21.45,20.16,0.74,4,-1,-1
58,49,989.99,129.77,28.50,26.84,1.00,4,-1,-1
58,52,990.32,237.04,42.04,43.74,1.00,4,-1,-1
58,54,996.90,78.51,24.01,21.51,0.99,4,-1,-1
58,55,1053.31,180.46,33.26,35.71,0.85,4,-1,-1
58,56,1013.21,191.06,59.76,39.70,0.92,4,-1,-1
58,57,1070.45,223.62,20.21,36.31,0.59,2,-1,-1
58,58,1091.85,335.78,59.94,56.98,0.99,4,-1,-1
58,59,1103.56,385.97,63.97,61.03,0.98,4,-1,-1
58,60,1104.51,438.68,65.54,67.87,0.99,4,-1,-1
58,62,1206.71,431.90,24.62,52.06,0.85,2,-1,-1
58,67,962.38,502.64,48.89,123.23,0.98,1,-1,-1
58,69,1302.83,395.59,23.66,53.38,0.95,1,-1,-1
58,70,1359.29,475.06,23.99,58.30,0.92,1,-1,-1
58,71,1357.67,290.87,81.13,65.83,0.97,4,-1,-1
58,72,1369.59,507.45,28.26,63.36,0.88,1,-1,-1
58,73,1354.23,348.69,21.45,52.31,0.65,1,-1,-1
58,74,1393.02,503.62,26.20,58.40,0.88,1,-1,-1
58,77,1399.79,362.06,21.51,50.93,0.54,1,-1,-1
58,83,1412.00,365.56,25.98,55.64,0.80,1,-1,-1
58,84,1687.10,486.47,44.86,102.96,0.99,1,-1,-1
58,87,1406.31,445.21,26.21,63.84,0.99,1,-1,-1
58,88,1436.62,451.47,26.18,60.86,0.94,1,-1,-1
58,89,1732.44,522.38,52.34,105.92,0.99,1,-1,-1
58,92,1506.32,521.48,52.00,105.02,0.99,1,-1,-1
58,97,1381.76,363.00,23.89,53.94,0.86,1,-1,-1
58,110,738.47,184.47,40.59,40.93,0.98,4,-1,-1
58,4,121.78,309.85,22.42,53.03,0.53,1,-1,-1
58,121,920.74,227.29,40.44,41.44,1.00,4,-1,-1
58,50,970.64,61.90,22.59,23.44,0.72,4,-1,-1
58,123,126.43,442.22,25.02,45.88,0.38,1,-1,-1
58,124,1185.11,375.65,20.56,46.54,0.47,2,-1,-1
58,102,1252.29,372.20,21.73,47.00,0.72,1,-1,-1
58,142,1576.93,451.46,33.29,94.39,0.90,1,-1,-1
58,143,41.93,359.19,26.00,48.72,0.30,2,-1,-1
58,149,687.57,231.03,43.38,42.41,0.86,4,-1,-1
58,153,545.81,510.29,60.37,130.26,0.99,1,-1,-1
58,158,1038.92,324.37,22.56,45.60,0.85,10,-1,-1
58,159,1494.00,435.57,26.15,62.43,0.98,1,-1,-1
58,161,142.52,255.30,20.21,43.52,0.84,1,-1,-1
58,115,235.14,367.86,21.28,45.11,0.22,1,-1,-1
58,118,1461.31,474.38,26.04,62.15,0.74,1,-1,-1
58,172,1436.54,467.43,24.81,59.56,0.88,1,-1,-1
58,174,774.74,148.06,33.42,32.16,0.95,4,-1,-1
58,91,1577.36,489.26,40.30,101.48,0.99,1,-1,-1
58,181,1510.58,440.81,25.96,59.75,0.87,1,-1,-1
58,195,891.85,304.25,50.89,54.81,1.00,4,-1,-1
58,94,1070.64,219.92,20.04,38.66,0.36,10,-1,-1
58,199,589.81,144.15,101.72,85.30,0.54,9,-1,-1
58,200,798.01,341.80,67.18,65.38,1.00,4,-1,-1
58,202,1050.93,399.23,26.90,49.49,0.98,10,-1,-1
58,204,1053.51,392.35,23.63,44.49,0.97,2,-1,-1
58,133,1546.82,438.81,39.87,96.04,0.98,2,-1,-1
58,206,256.70,310.54,19.55,45.76,0.18,1,-1,-1
58,139,158.81,406.16,25.23,59.52,0.74,1,-1,-1
58,209,95.74,410.78,24.87,59.45,0.55,1,-1,-1
58,212,1367.53,354.18,23.88,54.66,0.81,1,-1,-1
58,86,1437.91,363.05,23.80,55.03,0.27,1,-1,-1
58,1,161.47,361.94,22.24,51.17,0.49,1,-1,-1
58,215,727.52,156.93,35.84,30.91,0.91,4,-1,-1
58,216,875.13,92.19,27.49,25.49,0.89,4,-1,-1
58,220,612.73,171.44,94.32,103.22,0.65,9,-1,-1
58,90,1449.65,389.89,27.02,60.25,0.81,1,-1,-1
58,228,589.81,693.45,133.55,157.92,0.94,4,-1,-1
58,229,742.31,137.72,30.97,28.35,0.84,4,-1,-1
58,157,1038.65,318.99,23.02,43.89,0.75,2,-1,-1
58,213,1498.56,474.67,36.21,75.45,0.43,1,-1,-1
58,230,1350.61,892.68,92.69,55.25,0.82,3,-1,-1
58,233,192.64,281.26,35.41,32.60,0.47,3,-1,-1
58,235,1336.35,822.30,35.83,82.24,0.92,1,-1,-1
58,65,1318.88,363.98,21.40,52.12,0.25,1,-1,-1
58,29,180.80,583.10,61.27,106.05,0.31,1,-1,-1
58,210,140.13,364.64,22.54,55.64,0.24,1,-1,-1
58,198,1198.24,402.04,21.76,52.61,0.59,1,-1,-1
58,238,915.01,583.91,60.96,99.21,0.63,1,-1,-1
59,6,216.88,435.22,47.36,111.59,0.99,1,-1,-1
59,8,659.85,509.58,49.76,134.80,0.97,1,-1,-1
59,18,251.91,440.54,106.64,59.10,0.94,4,-1,-1
59,21,316.11,377.00,107.34,80.80,0.99,4,-1,-1
59,23,903.83,583.45,61.16,93.94,0.51,1,-1,-1
59,24,929.49,551.56,52.07,120.97,0.97,1,-1,-1
59,25,388.01,327.86,84.49,61.99,1.00,4,-1,-1
59,27,467.47,275.33,69.56,56.86,0.98,4,-1,-1
59,30,447.13,326.67,97.45,106.37,0.99,5,-1,-1
59,32,552.60,234.41,53.75,46.06,0.99,4,-1,-1
59,33,542.81,290.05,65.21,56.70,0.99,4,-1,-1
59,34,602.08,306.95,71.23,61.35,0.99,4,-1,-1
59,35,459.95,449.96,89.76,52.53,0.58,4,-1,-1
59,37,655.86,260.31,58.56,54.35,0.91,4,-1,-1
59,38,897.05,151.62,33.69,32.05,0.98,4,-1,-1
59,39,658.41,336.72,70.56,67.87,0.99,4,-1,-1
59,40,741.95,243.29,49.00,46.51,0.97,4,-1,-1
59,41,774.07,199.58,41.85,38.90,0.99,4,-1,-1
59,42,910.34,122.48,30.77,27.72,0.99,4,-1,-1
59,43,936.08,179.28,35.72,34.38,0.99,4,-1,-1
59,44,927.08,93.43,26.22,24.64,0.99,4,-1,-1
59,45,953.15,125.70,26.49,26.89,0.99,4,-1,-1
59,46,947.46,72.63,22.63,21.02,0.98,4,-1,-1
59,47,932.39,49.51,20.68,19.91,0.68,4,-1,-1
59,49,990.44,126.95,28.52,26.84,0.99,4,-1,-1
59,52,990.45,234.43,41.78,43.74,1.00,4,-1,-1
59,54,996.62,76.93,24.71,21.70,0.98,4,-1,-1
59,55,1054.04,179.41,32.61,35.46,0.93,4,-1,-1
59,56,1013.34,189.14,59.00,40.10,0.92,4,-1,-1
59,57,1071.42,223.68,19.56,34.31,0.45,2,-1,-1
59,58,1092.35,334.22,59.76,55.64,0.99,4,-1,-1
59,59,1103.40,384.15,64.24,60.09,0.99,4,-1,-1
59,60,1104.49,437.07,65.54,66.73,1.00,4,-1,-1
59,62,1207.31,429.82,23.74,50.05,0.44,2,-1,-1
59,69,1301.63,394.49,22.33,52.08,0.91,1,-1,-1
59,70,1359.08,472.88,23.84,59.15,0.90,1,-1,-1
59,71,1357.66,288.99,81.19,66.01,0.98,4,-1,-1
59,72,1370.17,506.00,27.06,62.69,0.67,1,-1,-1
59,73,1354.03,347.29,21.47,51.26,0.67,1,-1,-1
59,74,1392.38,501.91,26.28,60.36,0.76,1,-1,-1
59,77,1399.54,359.20,21.48,52.74,0.49,1,-1,-1
59,83,1411.64,362.40,26.22,57.95,0.78,1,-1,-1
59,84,1682.56,480.88,45.00,102.84,0.99,1,-1,-1
59,87,1405.29,441.11,26.23,64.61,0.99,1,-1,-1
59,88,1435.94,448.19,24.71,60.43,0.95,1,-1,-1
59,89,1727.49,515.91,55.50,106.77,1.00,1,-1,-1
59,92,1499.75,515.59,46.32,104.50,0.99,1,-1,-1
59,97,1381.53,361.14,23.91,54.22,0.83,1,-1,-1
59,110,738.26,184.16,40.64,40.76,0.97,4,-1,-1
59,4,124.47,308.02,22.38,52.31,0.59,1,-1,-1
59,121,922.27,223.28,39.57,40.91,1.00,4,-1,-1
59,50,970.90,60.53,22.61,23.59,0.60,4,-1,-1
59,124,1183.89,373.16,21.15,47.36,0.63,2,-1,-1
59,102,1252.45,370.40,21.53,46.36,0.91,1,-1,-1
59,142,1574.14,448.34,31.81,92.10,0.96,1,-1,-1
59,143,37.36,359.09,26.30,48.49,0.21,2,-1,-1
59,149,687.96,229.62,43.11,43.02,0.67,4,-1,-1
59,153,557.16,506.65,62.04,127.30,0.99,1,-1,-1
59,158,1040.15,316.05,21.74,42.71,0.91,10,-1,-1
59,159,1490.89,432.82,27.76,62.24,0.95,1,-1,-1
59,161,143.87,254.80,20.30,43.22,0.78,1,-1,-1
59,115,237.72,366.10,21.15,48.75,0.27,1,-1,-1
59,118,1460.19,470.05,26.03,61.22,0.80,1,-1,-1
59,172,1433.73,463.75,25.72,59.91,0.88,1,-1,-1
59,174,775.27,147.38,33.41,32.20,0.96,4,-1,-1
59,91,1574.45,487.55,39.05,100.71,0.97,1,-1,-1
59,181,1508.27,437.01,26.22,61.72,0.83,1,-1,-1
59,195,892.80,296.87,50.89,54.62,1.00,4,-1,-1
59,94,1072.26,218.44,18.74,36.70,0.41,10,-1,-1
59,199,590.89,142.97,100.89,84.74,0.55,9,-1,-1
59,200,801.76,333.88,66.56,64.57,1.00,4,-1,-1
59,202,1050.50,392.79,26.45,48.66,0.89,10,-1,-1
59,204,1053.80,385.84,22.93,43.39,0.92,2,-1,-1
59,133,1543.62,435.68,40.24,96.37,0.97,2,-1,-1
59,206,258.49,308.84,20.41,46.67,0.15,1,-1,-1
59,139,162.91,404.90,25.67,56.52,0.78,1,-1,-1
59,209,99.12,408.56,25.01,59.14,0.51,1,-1,-1
59,212,1366.43,352.83,23.97,53.71,0.77,1,-1,-1
59,86,1437.41,361.90,23.91,53.95,0.45,1,-1,-1
59,1,165.86,359.08,22.08,48.88,0.63,1,-1,-1
59,215,728.06,155.82,35.86,30.98,0.88,4,-1,-1
59,216,875.95,91.41,26.74,25.76,0.82,4,-1,-1
59,220,612.17,171.53,93.69,103.59,0.64,9,-1,-1
59,90,1447.68,386.67,26.59,59.99,0.80,1,-1,-1
59,228,604.02,675.20,128.42,145.15,0.66,4,-1,-1
59,229,742.97,136.43,30.97,28.33,0.78,4,-1,-1
59,157,1040.03,318.13,21.93,43.64,0.89,2,-1,-1
59,213,1498.09,470.55,35.93,77.18,0.64,1,-1,-1
59,230,1349.06,887.50,93.06,53.57,0.93,3,-1,-1
59,233,190.50,280.71,35.24,33.39,0.57,3,-1,-1
59,235,1333.27,815.45,37.46,81.81,0.98,1,-1,-1
59,65,1317.90,361.21,21.41,53.60,0.45,1,-1,-1
59,29,181.56,576.16,59.67,103.53,0.20,1,-1,-1
59,210,144.66,361.61,21.46,51.02,0.38,1,-1,-1
59,198,1198.18,399.32,21.58,50.17,0.66,1,-1,-1
59,171,962.06,497.73,48.09,116.68,0.94,1,-1,-1
60,6,222.92,432.68,46.95,109.87,0.98,1,-1,-1
60,8,670.66,505.85,50.54,132.50,0.99,1,-1,-1
60,18,254.68,439.33,106.47,54.54,0.96,4,-1,-1
60,21,318.91,376.37,106.51,79.85,1.00,4,-1,-1
60,23,913.30,577.08,60.25,94.09,0.33,1,-1,-1
60,24,933.97,548.56,50.80,118.07,0.94,1,-1,-1
60,25,389.07,327.53,84.71,62.05,0.99,4,-1,-1
60,27,467.94,275.32,70.20,57.00,0.98,4,-1,-1
60,30,446.32,328.93,97.46,106.15,0.99,5,-1,-1
60,32,553.39,234.64,53.75,45.87,0.99,4,-1,-1
60,33,541.96,291.29,65.57,56.42,0.97,4,-1,-1
60,34,601.41,308.23,71.02,61.92,0.99,4,-1,-1
60,35,459.02,453.98,87.45,54.42,0.56,4,-1,-1
60,37,656.40,261.06,58.57,54.05,0.92,4,-1,-1
60,38,899.05,149.51,33.42,31.30,0.99,4,-1,-1
60,39,655.22,339.65,71.56,68.64,0.99,4,-1,-1
60,40,741.87,244.44,49.05,46.42,0.97,4,-1,-1
60,41,774.18,200.15,41.85,38.91,0.99,4,-1,-1
60,42,911.71,120.96,30.89,27.37,0.99,4,-1,-1
60,43,938.13,177.05,34.92,33.64,0.98,4,-1,-1
60,44,928.71,92.40,25.45,24.53,0.99,4,-1,-1
60,45,954.14,124.39,27.07,26.51,0.98,4,-1,-1
60,46,948.13,71.51,22.63,21.11,0.99,4,-1,-1
60,47,933.05,48.55,21.19,20.31,0.82,4,-1,-1
60,49,991.55,125.78,28.54,26.11,1.00,4,-1,-1
60,52,991.44,232.66,40.90,43.36,0.99,4,-1,-1
60,54,997.47,76.52,24.19,21.38,0.98,4,-1,-1
60,55,1054.87,178.96,33.15,35.55,0.94,4,-1,-1
60,56,1013.58,188.37,58.71,40.05,0.92,4,-1,-1
60,57,1072.72,219.95,19.29,36.01,0.49,2,-1,-1
60,58,1093.48,332.99,58.91,55.54,0.99,4,-1,-1
60,59,1103.89,383.23,64.35,59.75,0.98,4,-1,-1
60,60,1104.64,435.65,66.34,66.32,0.99,4,-1,-1
60,62,1207.31,428.44,23.80,48.87,0.46,2,-1,-1
60,69,1299.79,393.63,23.38,51.19,0.88,1,-1,-1
60,70,1359.15,472.03,25.39,59.47,0.90,1,-1,-1
60,71,1357.04,287.94,81.21,66.18,0.95,4,-1,-1
60,72,1369.82,505.62,26.57,62.40,0.73,1,-1,-1
60,73,1354.14,346.53,21.48,51.66,0.58,1,-1,-1
60,74,1391.53,501.63,26.31,58.40,0.81,1,-1,-1
60,77,1398.83,357.71,23.05,54.20,0.37,1,-1,-1
60,83,1411.67,360.99,26.31,57.27,0.76,1,-1,-1
60,84,1679.54,477.55,45.07,102.45,0.99,1,-1,-1
60,87,1405.12,437.83,26.24,65.30,0.98,1,-1,-1
60,88,1432.75,449.96,25.74,64.63,0.91,1,-1,-1
60,89,1724.35,510.09,55.10,107.53,0.99,1,-1,-1
60,92,1492.35,511.47,40.72,104.74,0.98,1,-1,-1
60,97,1380.84,360.59,25.48,54.33,0.81,1,-1,-1
60,110,738.75,184.33,40.65,40.89,0.98,4,-1,-1
60,4,127.38,306.45,22.66,52.83,0.38,1,-1,-1
60,121,924.13,219.85,39.27,40.34,1.00,4,-1,-1
60,50,971.93,59.76,22.62,23.45,0.71,4,-1,-1
60,124,1184.38,371.99,20.58,48.07,0.35,2,-1,-1
60,102,1252.67,369.69,21.46,46.51,0.92,1,-1,-1
60,142,1573.38,447.22,31.24,87.25,0.96,1,-1,-1
60,149,689.06,229.67,43.01,43.45,0.81,4,-1,-1
60,153,567.92,503.58,62.12,126.46,0.98,1,-1,-1
60,158,1041.55,310.64,21.45,41.55,0.61,10,-1,-1
60,159,1488.39,431.44,28.35,62.16,0.89,1,-1,-1
60,161,145.71,254.89,20.52,42.70,0.59,1,-1,-1
60,115,241.23,364.36,20.91,46.14,0.20,1,-1,-1
60,118,1458.39,466.69,26.05,60.49,0.79,1,-1,-1
60,174,776.41,147.47,33.41,32.16,0.95,4,-1,-1
60,91,1571.22,486.32,38.54,98.82,0.98,1,-1,-1
60,181,1506.86,433.46,24.75,62.46,0.71,1,-1,-1
60,195,894.04,290.46,50.92,54.28,1.00,4,-1,-1
60,199,592.44,141.83,99.58,85.52,0.63,9,-1,-1
60,200,805.94,327.20,65.57,63.11,1.00,4,-1,-1
60,202,1051.33,388.64,26.28,45.97,0.91,10,-1,-1
60,204,1053.69,380.06,23.48,41.79,0.93,2,-1,-1
60,133,1541.86,434.16,40.39,94.52,0.97,2,-1,-1
60,206,261.72,307.72,20.14,45.83,0.19,1,-1,-1
60,139,165.47,402.79,26.42,58.99,0.29,1,-1,-1
60,209,102.80,406.46,26.27,62.21,0.17,1,-1,-1
60,212,1365.41,352.28,24.00,54.53,0.74,1,-1,-1
60,1,170.38,356.37,22.42,49.62,0.36,1,-1,-1
60,215,729.21,155.90,35.87,30.42,0.86,4,-1,-1
60,216,876.43,91.71,27.24,25.86,0.94,4,-1,-1
60,220,611.95,173.01,93.63,103.14,0.63,9,-1,-1
60,90,1446.37,385.87,26.42,59.49,0.84,1,-1,-1
60,229,743.75,135.80,31.78,28.88,0.78,4,-1,-1
60,157,1040.67,313.21,22.35,43.16,0.94,2,-1,-1
60,213,1497.34,468.06,34.24,76.67,0.33,1,-1,-1
60,230,1347.91,883.42,94.80,52.10,0.80,3,-1,-1
60,233,188.65,281.98,35.64,33.28,0.35,3,-1,-1
60,235,1331.55,810.32,38.03,82.43,0.98,1,-1,-1
60,65,1318.46,360.34,21.42,52.99,0.44,1,-1,-1
60,29,181.61,570.52,59.70,102.68,0.22,1,-1,-1
60,198,1198.32,398.26,21.52,50.44,0.65,1,-1,-1
60,171,958.06,494.42,48.77,118.35,0.97,1,-1,-1
60,239,1378.20,756.63,40.64,102.80,0.85,1,-1,-1
61,6,227.87,430.31,47.42,108.48,0.99,1,-1,-1
61,8,679.23,503.69,54.86,129.90,1.00,1,-1,-1
61,18,257.04,437.97,106.17,50.91,0.94,4,-1,-1
61,21,319.07,375.20,107.83,79.90,1.00,4,-1,-1
61,23,923.52,553.80,61.50,108.96,0.68,1,-1,-1
61,24,940.39,541.64,50.35,109.45,0.74,1,-1,-1
61,25,390.22,326.82,84.03,61.30,0.99,4,-1,-1
61,27,468.29,275.30,70.06,56.66,0.98,4,-1,-1
61,30,444.85,330.73,97.87,106.06,0.99,5,-1,-1
61,32,553.28,234.61,54.16,45.99,0.99,4,-1,-1
61,33,540.67,292.60,66.11,56.21,0.99,4,-1,-1
61,34,600.38,309.86,71.54,62.14,0.98,4,-1,-1
61,35,457.78,458.92,81.84,58.18,0.14,4,-1,-1
61,37,656.01,261.42,58.58,54.03,0.94,4,-1,-1
61,38,900.76,146.50,32.55,31.04,0.97,4,-1,-1
61,39,650.41,342.62,73.48,68.92,0.99,4,-1,-1
61,40,741.68,245.42,49.07,45.99,0.97,4,-1,-1
61,41,774.05,200.41,41.86,38.92,0.99,4,-1,-1
61,42,913.59,118.93,30.16,26.76,0.99,4,-1,-1
61,43,939.10,174.20,34.63,33.59,0.99,4,-1,-1
61,44,929.52,90.72,25.96,24.59,0.99,4,-1,-1
61,45,955.12,122.27,27.29,26.58,0.99,4,-1,-1
61,46,948.20,70.32,23.43,20.85,0.98,4,-1,-1
61,47,932.74,47.97,21.38,20.22,0.80,4,-1,-1
61,49,991.80,123.42,28.56,26.15,1.00,4,-1,-1
61,52,991.66,230.45,40.60,42.84,1.00,4,-1,-1
61,54,997.63,75.62,23.99,21.09,0.97,4,-1,-1
61,55,1055.43,178.26,33.36,35.98,0.96,4,-1,-1
61,56,1013.15,186.97,58.61,40.44,0.92,4,-1,-1
61,57,1073.46,216.35,19.19,36.83,0.33,2,-1,-1
61,58,1093.78,332.14,58.61,55.51,0.99,4,-1,-1
61,59,1103.96,382.11,63.63,60.03,0.98,4,-1,-1
61,60,1105.37,433.77,65.09,66.19,0.98,4,-1,-1
61,62,1207.23,427.75,23.84,48.06,0.42,2,-1,-1
61,69,1299.07,392.11,23.76,51.66,0.75,1,-1,-1
61,70,1359.12,471.52,25.97,59.61,0.85,1,-1,-1
61,71,1356.75,287.32,81.24,65.47,0.97,4,-1,-1
61,72,1370.44,504.30,26.39,57.20,0.80,1,-1,-1
61,73,1354.13,345.83,21.49,52.22,0.61,1,-1,-1
61,74,1390.40,501.15,26.32,56.46,0.82,1,-1,-1
61,77,1399.28,357.53,23.63,52.82,0.49,1,-1,-1
61,83,1413.19,359.47,24.79,55.83,0.76,1,-1,-1
61,84,1676.93,474.28,43.54,100.77,0.98,1,-1,-1
61,87,1404.27,435.66,26.25,65.57,0.99,1,-1,-1
61,88,1430.80,446.94,26.11,65.80,0.92,1,-1,-1
61,89,1723.33,502.16,51.82,108.45,0.98,1,-1,-1
61,92,1480.99,507.05,42.10,105.05,0.98,1,-1,-1
61,97,1381.29,359.38,24.54,54.37,0.85,1,-1,-1
61,110,738.36,184.55,40.66,40.75,0.98,4,-1,-1
61,4,129.38,305.23,22.88,53.14,0.50,1,-1,-1
61,121,925.80,216.20,38.40,39.95,1.00,4,-1,-1
61,50,972.53,59.03,22.64,23.06,0.56,4,-1,-1
61,124,1186.08,371.54,19.58,45.61,0.57,2,-1,-1
61,102,1252.67,368.25,21.45,46.97,0.77,1,-1,-1
61,142,1571.57,445.91,32.64,88.15,0.92,1,-1,-1
61,149,689.66,229.57,42.99,43.22,0.92,4,-1,-1
61,153,581.26,498.85,56.10,126.81,0.99,1,-1,-1
61,158,1042.32,305.14,21.36,41.26,0.76,10,-1,-1
61,159,1485.91,429.20,28.59,60.97,0.93,1,-1,-1
61,161,146.05,253.65,21.24,44.49,0.70,1,-1,-1
61,115,242.78,362.79,21.44,48.33,0.23,1,-1,-1
61,118,1456.96,464.13,24.48,58.66,0.83,1,-1,-1
61,174,777.43,147.21,33.42,32.21,0.97,4,-1,-1
61,91,1569.28,484.30,38.36,98.08,0.98,1,-1,-1
61,181,1505.61,430.79,24.18,61.58,0.87,1,-1,-1
61,195,895.08,284.28,50.18,53.30,1.00,4,-1,-1
61,199,593.39,141.62,100.09,85.88,0.62,9,-1,-1
61,200,809.54,320.87,64.48,61.80,1.00,4,-1,-1
61,202,1051.94,382.41,25.43,46.20,0.90,10,-1,-1
61,204,1053.95,374.19,22.90,43.24,0.91,2,-1,-1
61,133,1542.03,433.45,37.32,89.08,0.90,2,-1,-1
61,206,263.40,306.36,20.04,46.71,0.28,1,-1,-1
61,139,169.01,400.52,27.30,57.94,0.17,1,-1,-1
61,212,1364.98,351.65,24.01,54.85,0.73,1,-1,-1
61,1,173.94,354.47,22.76,48.71,0.25,1,-1,-1
61,215,730.22,155.21,35.09,30.81,0.89,4,-1,-1
61,216,876.83,91.36,26.65,26.58,0.99,4,-1,-1
61,220,611.69,174.02,94.01,101.99,0.69,9,-1,-1
61,90,1445.09,384.03,26.36,59.70,0.88,1,-1,-1
61,229,744.24,135.08,32.08,29.04,0.70,4,-1,-1
61,157,1041.57,307.95,22.51,43.39,0.94,2,-1,-1
61,230,1346.74,877.79,90.70,53.19,0.79,3,-1,-1
61,233,186.41,282.78,36.02,32.72,0.38,3,-1,-1
61,235,1330.95,807.91,36.66,80.24,0.97,1,-1,-1
61,65,1319.38,359.44,19.86,52.36,0.25,1,-1,-1
61,29,180.41,566.56,59.35,99.84,0.16,1,-1,-1
61,198,1198.29,397.28,21.50,50.16,0.52,1,-1,-1
61,171,952.35,491.77,49.82,118.59,0.97,1,-1,-1
61,239,1378.94,760.76,36.78,93.16,0.80,1,-1,-1
61,116,1168.90,393.72,21.65,54.31,0.53,1,-1,-1
61,67,945.11,494.19,47.86,121.11,0.81,1,-1,-1
61,86,1438.30,358.57,22.06,53.35,0.52,1,-1,-1
62,6,232.12,427.47,46.44,109.21,0.98,1,-1,-1
62,8,687.57,502.99,57.22,127.01,1.00,1,-1,-1
62,18,258.55,436.79,105.81,52.71,0.95,4,-1,-1
62,21,319.73,374.67,108.36,80.35,0.99,4,-1,-1
62,24,947.70,541.24,52.58,110.01,0.88,1,-1,-1
62,25,390.72,326.83,84.18,61.03,0.99,4,-1,-1
62,27,468.15,275.44,70.42,57.83,0.99,4,-1,-1
62,30,443.26,333.20,98.05,106.82,0.99,5,-1,-1
62,32,553.55,235.03,53.93,46.24,0.99,4,-1,-1
62,33,539.73,294.42,66.32,56.63,0.99,4,-1,-1
62,34,599.17,312.68,71.74,62.23,0.99,4,-1,-1
62,37,655.80,262.30,58.60,53.93,0.95,4,-1,-1
62,38,902.53,144.71,32.25,30.76,1.00,4,-1,-1
62,39,645.89,346.68,74.98,69.80,0.99,4,-1,-1
62,40,741.20,246.99,49.08,46.23,0.98,4,-1,-1
62,41,773.99,201.23,41.87,39.12,0.99,4,-1,-1
62,42,914.66,117.01,30.70,27.05,0.97,4,-1,-1
62,43,940.63,172.18,33.75,33.19,1.00,4,-1,-1
62,44,930.60,90.10,26.16,24.62,0.98,4,-1,-1
62,45,955.87,120.96,27.39,26.42,0.99,4,-1,-1
62,46,948.63,69.53,22.96,20.86,1.00,4,-1,-1
62,47,933.03,47.45,21.46,20.39,0.53,4,-1,-1
62,49,992.69,122.14,28.58,25.78,0.99,4,-1,-1
62,52,992.56,229.17,40.51,42.47,1.00,4,-1,-1
62,54,998.12,75.44,23.92,20.96,0.98,4,-1,-1
62,55,1056.08,178.44,33.45,35.95,0.96,4,-1,-1
62,56,1012.65,186.31,58.59,40.59,0.93,4,-1,-1
62,57,1074.16,215.25,19.16,36.75,0.43,2,-1,-1
62,58,1094.34,331.93,58.52,55.52,0.98,4,-1,-1
62,59,1104.44,381.61,63.38,59.38,0.99,4,-1,-1
62,60,1105.72,433.01,64.64,66.18,0.99,4,-1,-1
62,62,1206.91,427.25,24.25,48.58,0.39,2,-1,-1
62,69,1298.96,392.24,22.36,51.46,0.81,1,-1,-1
62,70,1359.24,472.26,26.20,60.48,0.92,1,-1,-1
62,71,1357.56,287.17,79.70,65.22,0.94,4,-1,-1
62,72,1370.83,504.15,26.33,55.59,0.74,1,-1,-1
62,73,1353.48,345.88,21.50,52.84,0.55,1,-1,-1
62,74,1389.36,501.31,26.33,54.56,0.78,1,-1,-1
62,77,1400.40,358.60,22.32,51.50,0.50,1,-1,-1
62,83,1414.73,358.44,24.19,55.29,0.78,1,-1,-1
62,84,1676.30,471.37,41.39,99.81,0.99,1,-1,-1
62,87,1404.14,434.26,26.27,66.09,0.99,1,-1,-1
62,88,1429.51,445.18,26.26,67.04,0.94,1,-1,-1
62,89,1722.59,496.75,52.20,107.68,0.99,1,-1,-1
62,92,1467.04,506.62,45.75,102.65,0.99,1,-1,-1
62,97,1380.85,358.24,24.15,55.58,0.84,1,-1,-1
62,110,737.80,185.05,41.46,41.10,0.99,4,-1,-1
62,4,132.02,304.77,22.52,52.78,0.76,1,-1,-1
62,121,926.77,213.24,38.11,39.64,0.99,4,-1,-1
62,50,973.95,58.91,21.87,22.60,0.61,4,-1,-1
62,124,1186.80,371.12,19.21,45.46,0.47,2,-1,-1
62,102,1252.78,368.02,21.46,46.76,0.79,1,-1,-1
62,142,1570.36,445.98,33.17,88.88,0.93,1,-1,-1
62,149,690.23,230.27,42.99,43.14,0.82,4,-1,-1
62,153,595.40,495.38,49.45,127.21,0.98,1,-1,-1
62,158,1042.62,305.47,21.35,39.89,0.92,10,-1,-1
62,159,1486.00,427.17,27.13,60.93,0.95,1,-1,-1
62,161,146.30,253.36,21.28,44.78,0.66,1,-1,-1
62,115,243.81,362.52,23.22,52.63,0.38,1,-1,-1
62,118,1455.86,461.39,23.93,58.41,0.75,1,-1,-1
62,174,777.77,147.28,33.43,32.58,0.96,4,-1,-1
62,91,1568.04,483.50,38.30,99.77,0.99,1,-1,-1
62,181,1504.60,429.78,23.98,59.67,0.85,1,-1,-1
62,195,897.00,279.07,49.15,52.88,0.99,4,-1,-1
62,199,593.26,141.98,99.52,85.64,0.64,9,-1,-1
62,200,813.50,314.72,63.34,61.37,1.00,4,-1,-1
62,202,1053.05,377.04,24.33,45.91,0.90,10,-1,-1
62,204,1054.52,369.74,21.90,42.60,0.84,2,-1,-1
62,133,1542.41,432.40,36.16,84.60,0.79,2,-1,-1
62,206,265.38,306.35,19.61,46.66,0.35,1,-1,-1
62,139,171.35,399.04,26.86,57.14,0.20,1,-1,-1
62,212,1363.41,351.71,24.01,55.37,0.67,1,-1,-1
62,1,177.51,353.34,23.29,49.20,0.22,1,-1,-1
62,215,730.94,155.38,35.59,30.77,0.92,4,-1,-1
62,216,876.96,91.83,27.22,26.86,0.99,4,-1,-1
62,220,610.56,174.61,95.16,102.36,0.72,9,-1,-1
62,90,1444.03,383.11,26.34,58.22,0.81,1,-1,-1
62,229,745.16,135.08,32.21,29.15,0.75,4,-1,-1
62,157,1043.12,302.57,21.01,40.64,0.92,2,-1,-1
62,230,1344.92,875.13,90.75,52.80,0.74,3,-1,-1
62,233,184.31,282.53,35.58,33.50,0.65,3,-1,-1
62,235,1330.15,804.48,36.13,81.83,0.98,1,-1,-1
62,65,1319.00,359.43,19.27,52.52,0.22,1,-1,-1
62,29,178.22,563.89,59.06,99.89,0.27,1,-1,-1
62,198,1198.37,396.84,21.50,50.88,0.50,1,-1,-1
62,171,948.09,489.50,49.44,112.81,0.94,1,-1,-1
62,239,1379.17,763.68,34.13,87.47,0.81,1,-1,-1
62,116,1169.50,393.23,21.51,54.33,0.48,1,-1,-1
62,67,935.88,491.85,47.77,120.72,0.94,1,-1,-1
62,86,1437.98,357.29,21.61,52.77,0.59,1,-1,-1
62,240,218.74,627.54,123.12,147.02,0.76,4,-1,-1
62,241,878.55,864.21,132.68,203.20,0.97,4,-1,-1
63,6,234.95,425.92,46.09,109.16,0.97,1,-1,-1
63,8,695.25,501.70,56.63,126.23,0.99,1,-1,-1
63,18,260.77,436.41,105.25,51.33,0.90,4,-1,-1
63,21,320.61,374.46,107.83,80.16,1.00,4,-1,-1
63,24,952.14,539.20,55.75,114.89,0.86,1,-1,-1
63,25,391.41,326.79,83.49,61.36,0.99,4,-1,-1
63,27,467.66,275.91,70.57,58.97,0.98,4,-1,-1
63,30,440.49,335.81,98.93,107.91,0.97,5,-1,-1
63,32,553.44,235.69,54.26,46.15,0.98,4,-1,-1
63,33,537.82,296.09,66.82,57.30,0.99,4,-1,-1
63,34,596.97,314.84,72.63,62.67,0.99,4,-1,-1
63,37,655.55,263.14,58.63,54.50,0.95,4,-1,-1
63,38,904.23,142.58,32.16,30.34,1.00,4,-1,-1
63,39,641.35,350.44,76.33,71.31,0.99,4,-1,-1
63,40,739.71,248.75,49.89,46.92,0.98,4,-1,-1
63,41,773.83,201.92,41.89,39.79,0.99,4,-1,-1
63,42,916.50,115.74,30.13,26.88,0.99,4,-1,-1
63,43,941.48,170.02,34.26,33.07,0.99,4,-1,-1
63,44,931.29,89.18,26.25,24.55,0.99,4,-1,-1
63,45,957.23,119.71,26.65,26.28,0.98,4,-1,-1
63,46,948.30,68.70,23.58,21.15,0.98,4,-1,-1
63,47,933.84,46.34,21.50,20.95,0.42,4,-1,-1
63,49,993.35,120.95,28.61,25.16,1.00,4,-1,-1
63,52,993.23,227.78,40.51,42.56,1.00,4,-1,-1
63,54,998.24,74.78,23.91,21.15,0.98,4,-1,-1
63,55,1056.28,178.12,34.28,35.95,0.96,4,-1,-1
63,56,1012.03,185.79,57.82,40.47,0.97,4,-1,-1
63,57,1074.77,214.04,19.16,37.11,0.53,2,-1,-1
63,58,1094.53,331.83,58.51,55.55,0.98,4,-1,-1
63,59,1104.61,381.03,63.32,59.17,0.98,4,-1,-1
63,60,1105.83,432.96,64.51,65.42,0.99,4,-1,-1
63,62,1206.83,426.88,24.42,48.80,0.37,2,-1,-1
63,69,1298.25,392.08,21.81,50.62,0.80,1,-1,-1
63,70,1360.16,473.35,26.30,60.43,0.96,1,-1,-1
63,71,1357.96,286.86,79.14,65.16,0.98,4,-1,-1
63,72,1370.30,504.11,27.89,55.86,0.65,1,-1,-1
63,73,1353.34,345.48,21.51,53.88,0.61,1,-1,-1
63,74,1389.09,501.79,26.34,55.50,0.73,1,-1,-1
63,77,1401.75,359.19,21.80,50.63,0.73,1,-1,-1
63,83,1415.40,358.05,23.99,55.10,0.87,1,-1,-1
63,84,1673.95,468.65,42.28,100.32,0.98,1,-1,-1
63,87,1404.25,433.01,26.29,66.70,0.98,1,-1,-1
63,89,1721.05,493.56,50.78,108.24,0.99,1,-1,-1
63,92,1453.71,506.39,53.29,101.40,0.98,1,-1,-1
63,97,1381.59,357.79,24.02,56.45,0.91,1,-1,-1
63,110,737.44,185.82,41.78,41.24,0.99,4,-1,-1
63,4,133.79,304.79,22.55,52.27,0.53,1,-1,-1
63,121,927.80,210.49,38.04,39.56,0.99,4,-1,-1
63,50,973.98,57.47,22.39,23.47,0.40,4,-1,-1
63,124,1186.68,371.15,19.90,45.42,0.65,2,-1,-1
63,102,1252.08,367.93,23.05,46.70,0.85,1,-1,-1
63,142,1570.16,447.06,33.38,89.18,0.95,1,-1,-1
63,149,690.66,231.14,43.01,43.12,0.91,4,-1,-1
63,153,607.04,493.47,49.65,128.44,0.99,1,-1,-1
63,158,1043.88,304.37,20.57,39.01,0.97,10,-1,-1
63,159,1485.48,425.28,26.57,61.33,0.96,1,-1,-1
63,161,146.24,253.49,20.76,44.90,0.50,1,-1,-1
63,115,245.25,361.68,23.70,50.86,0.38,1,-1,-1
63,118,1453.21,460.27,25.38,59.95,0.70,1,-1,-1
63,174,778.13,147.64,33.45,32.59,0.97,4,-1,-1
63,91,1567.03,484.42,39.87,102.77,0.99,1,-1,-1
63,181,1502.86,428.29,23.92,60.95,0.92,1,-1,-1
63,195,898.37,274.35,48.02,52.57,1.00,4,-1,-1
63,199,592.99,142.00,99.35,85.77,0.50,9,-1,-1
63,200,816.69,309.69,62.19,60.46,1.00,4,-1,-1
63,202,1053.85,373.08,23.95,44.65,0.97,10,-1,-1
63,204,1055.13,364.93,21.55,41.59,0.92,2,-1,-1
63,133,1544.37,431.46,34.16,83.00,0.81,2,-1,-1
63,206,266.43,306.13,20.06,45.87,0.40,1,-1,-1
63,139,172.76,398.34,26.31,57.27,0.35,1,-1,-1
63,212,1362.15,351.50,24.01,56.37,0.76,1,-1,-1
63,1,180.72,352.55,22.92,48.61,0.36,1,-1,-1
63,215,731.04,155.64,35.79,30.77,0.94,4,-1,-1
63,216,877.69,92.60,27.44,26.58,0.99,4,-1,-1
63,220,609.17,175.88,95.62,101.94,0.83,9,-1,-1
63,90,1443.01,383.60,26.34,56.48,0.52,1,-1,-1
63,229,745.73,135.02,32.27,29.16,0.83,4,-1,-1
63,157,1044.05,298.59,20.45,38.90,0.96,2,-1,-1
63,230,1344.40,873.11,92.40,53.47,0.57,3,-1,-1
63,233,181.49,281.99,34.44,35.17,0.55,3,-1,-1
63,235,1330.00,802.91,35.95,82.43,0.98,1,-1,-1
63,65,1318.12,358.44,20.70,53.79,0.45,1,-1,-1
63,29,174.00,561.55,59.00,100.60,0.36,1,-1,-1
63,198,1198.44,396.68,21.51,50.78,0.60,1,-1,-1
63,239,1379.38,765.96,33.35,85.80,0.71,1,-1,-1
63,116,1169.32,392.85,21.47,53.96,0.43,1,-1,-1
63,67,933.12,488.52,51.74,125.00,0.99,1,-1,-1
63,86,1438.00,356.43,21.47,51.01,0.64,1,-1,-1
63,240,199.49,625.41,149.37,165.14,0.73,4,-1,-1
63,241,883.45,835.71,128.81,197.40,0.99,4,-1,-1
63,242,803.85,130.89,28.69,28.54,0.64,4,-1,-1
64,6,237.93,426.85,46.16,108.36,0.98,1,-1,-1
64,8,705.28,501.57,53.23,126.58,0.99,1,-1,-1
64,18,262.65,437.51,104.26,50.50,0.93,4,-1,-1
64,21,322.22,375.61,107.23,80.48,0.99,4,-1,-1
64,24,964.47,541.33,55.43,115.14,0.97,1,-1,-1
64,25,392.19,328.38,83.61,61.08,0.99,4,-1,-1
64,27,468.01,277.40,70.62,59.69,0.98,4,-1,-1
64,30,438.05,341.09,100.03,107.91,0.98,5,-1,-1
64,32,553.91,237.65,53.59,46.11,0.99,4,-1,-1
64,33,536.06,299.19,66.99,57.83,0.98,4,-1,-1
64,34,595.48,318.42,72.16,63.22,0.99,4,-1,-1
64,37,655.55,265.75,58.63,54.80,0.96,4,-1,-1
64,38,906.07,142.09,31.34,29.94,1.00,4,-1,-1
64,39,637.09,356.31,76.82,72.25,0.99,4,-1,-1
64,40,738.86,252.09,50.18,46.99,0.99,4,-1,-1
64,41,773.48,204.20,42.68,39.85,0.99,4,-1,-1
64,42,917.62,116.04,29.91,26.52,1.00,4,-1,-1
64,43,942.23,169.27,33.65,32.44,0.99,4,-1,-1
64,44,931.98,89.65,26.28,24.12,0.99,4,-1,-1
64,45,958.17,119.62,26.37,26.04,0.98,4,-1,-1
64,46,949.03,69.10,23.02,20.87,0.98,4,-1,-1
64,47,934.60,47.07,21.52,20.87,0.58,4,-1,-1
64,49,994.43,120.79,27.83,24.74,0.99,4,-1,-1
64,52,993.52,227.89,40.51,42.20,0.99,4,-1,-1
64,54,999.12,75.60,23.11,20.80,0.98,4,-1,-1
64,55,1056.79,179.46,34.58,35.94,0.94,4,-1,-1
64,56,1011.48,186.48,57.52,40.22,0.96,4,-1,-1
64,57,1075.02,214.30,19.15,37.42,0.48,2,-1,-1
64,58,1095.02,332.66,57.72,55.56,0.98,4,-1,-1
64,59,1105.11,382.28,63.29,58.70,0.98,4,-1,-1
64,60,1106.31,434.01,64.46,64.74,0.99,4,-1,-1
64,62,1206.84,427.02,25.27,50.07,0.65,2,-1,-1
64,69,1297.24,394.86,21.60,49.11,0.87,1,-1,-1
64,70,1361.30,474.81,26.33,60.02,0.97,1,-1,-1
64,71,1358.13,288.02,78.93,65.53,0.99,4,-1,-1
64,72,1370.90,505.35,28.47,54.37,0.19,1,-1,-1
64,73,1354.10,346.80,19.94,54.27,0.68,1,-1,-1
64,74,1389.03,503.02,26.34,52.69,0.45,1,-1,-1
64,77,1402.25,360.09,21.60,50.70,0.77,1,-1,-1
64,83,1416.44,359.00,23.91,54.24,0.83,1,-1,-1
64,84,1671.57,468.63,44.19,100.93,0.98,1,-1,-1
64,87,1404.34,433.46,26.29,66.92,0.99,1,-1,-1
64,89,1718.97,492.62,50.25,108.07,0.98,1,-1,-1
64,92,1444.96,506.04,56.18,101.74,0.98,1,-1,-1
64,97,1381.10,359.47,23.96,56.38,0.89,1,-1,-1
64,110,737.40,187.93,41.89,41.29,0.98,4,-1,-1
64,4,135.77,305.84,22.01,52.07,0.66,1,-1,-1
64,121,929.78,209.16,37.23,39.15,1.00,4,-1,-1
64,50,974.84,57.77,22.58,23.96,0.40,4,-1,-1
64,124,1187.07,372.04,19.36,45.41,0.63,2,-1,-1
64,102,1251.87,369.17,23.64,46.67,0.87,1,-1,-1
64,142,1571.72,449.97,31.89,88.10,0.95,1,-1,-1
64,149,690.91,233.87,43.02,42.71,0.95,4,-1,-1
64,153,617.32,494.29,55.38,129.10,1.00,1,-1,-1
64,158,1045.17,304.28,20.29,37.00,0.88,10,-1,-1
64,159,1485.36,425.10,26.36,61.48,0.96,1,-1,-1
64,161,146.70,255.15,20.50,44.73,0.49,1,-1,-1
64,115,246.95,362.59,24.27,50.50,0.48,1,-1,-1
64,118,1452.31,460.19,24.33,59.75,0.63,1,-1,-1
64,174,778.73,148.92,33.46,33.37,0.97,4,-1,-1
64,91,1567.48,487.80,38.90,102.73,0.99,1,-1,-1
64,181,1502.28,428.66,23.89,59.85,0.90,1,-1,-1
64,195,900.08,271.41,46.83,50.99,1.00,4,-1,-1
64,199,593.57,143.81,99.86,85.18,0.71,9,-1,-1
64,200,819.78,305.76,61.81,59.35,1.00,4,-1,-1
64,202,1054.60,369.70,23.82,44.59,0.90,10,-1,-1
64,204,1055.01,361.23,22.23,41.63,0.97,2,-1,-1
64,133,1545.96,433.24,33.45,78.42,0.75,1,-1,-1
64,206,267.79,307.30,20.22,46.35,0.16,1,-1,-1
64,139,174.72,398.75,26.09,56.53,0.32,1,-1,-1
64,212,1361.70,352.49,24.00,56.35,0.80,1,-1,-1
64,1,184.12,353.34,22.77,48.40,0.39,1,-1,-1
64,215,731.93,156.89,35.08,30.97,0.96,4,-1,-1
64,216,878.04,94.34,27.51,26.75,1.00,4,-1,-1
64,220,607.99,178.66,96.56,103.55,0.90,9,-1,-1
64,90,1443.47,380.10,26.34,59.02,0.41,1,-1,-1
64,229,746.81,136.65,31.50,28.76,0.85,4,-1,-1
64,157,1045.22,296.24,20.26,38.18,0.98,2,-1,-1
64,230,1344.28,872.13,91.43,54.51,0.39,3,-1,-1
64,233,178.91,286.20,34.65,32.99,0.74,3,-1,-1
64,235,1329.21,802.52,35.88,82.63,0.97,1,-1,-1
64,65,1318.62,359.15,21.20,53.47,0.58,1,-1,-1
64,29,169.63,560.87,58.58,101.70,0.54,1,-1,-1
64,198,1198.50,397.69,21.51,51.54,0.73,1,-1,-1
64,239,1378.52,768.68,35.05,84.55,0.48,1,-1,-1
64,116,1169.69,394.17,21.46,53.43,0.60,1,-1,-1
64,67,931.84,488.22,48.57,122.29,0.98,1,-1,-1
64,86,1438.84,357.40,21.42,50.35,0.62,1,-1,-1
64,240,197.24,634.13,163.45,169.36,0.96,4,-1,-1
64,241,887.24,805.34,124.32,186.96,1.00,4,-1,-1
64,242,804.53,132.45,28.68,28.77,0.77,4,-1,-1
64,243,184.97,272.23,23.01,38.85,0.69,2,-1,-1
64,244,1428.40,447.05,26.30,67.54,0.89,1,-1,-1
64,88,1429.15,441.59,24.45,63.37,0.83,1,-1,-1
65,6,241.14,425.92,46.20,108.46,0.97,1,-1,-1
65,8,717.85,500.61,47.89,126.94,0.98,1,-1,-1
65,18,263.14,437.55,105.49,49.84,0.81,4,-1,-1
65,21,324.05,376.25,106.61,80.20,1.00,4,-1,-1
65,24,972.97,541.23,53.72,117.82,0.96,1,-1,-1
65,25,392.94,328.97,83.66,60.97,0.99,4,-1,-1
65,27,468.41,277.93,70.23,60.53,0.98,4,-1,-1
65,30,435.49,344.58,101.22,108.27,0.97,5,-1,-1
65,32,553.95,238.45,53.73,46.09,0.99,4,-1,-1
65,33,534.12,301.57,67.44,58.31,0.99,4,-1,-1
65,34,593.43,321.07,72.76,64.19,0.99,4,-1,-1
65,37,654.42,267.38,59.41,54.80,0.98,4,-1,-1
65,38,907.09,140.48,31.85,30.00,0.99,4,-1,-1
65,39,631.73,361.73,78.51,72.96,0.99,4,-1,-1
65,40,738.20,253.67,50.28,47.78,0.98,4,-1,-1
65,41,773.38,205.50,42.97,39.85,0.99,4,-1,-1
65,42,919.18,115.20,29.84,26.30,1.00,4,-1,-1
65,43,942.86,167.76,33.44,32.21,1.00,4,-1,-1
65,44,932.61,89.29,26.29,23.86,0.99,4,-1,-1
65,45,959.29,118.87,26.27,25.75,0.98,4,-1,-1
65,46,949.29,68.68,22.81,20.88,0.98,4,-1,-1
65,47,935.67,46.90,21.52,20.73,0.19,4,-1,-1
65,49,994.80,119.96,27.55,24.29,0.99,4,-1,-1
65,52,994.82,226.96,39.73,42.47,1.00,4,-1,-1
65,54,999.04,75.54,23.61,20.76,0.97,4,-1,-1
65,55,1056.98,179.73,35.48,36.32,0.95,4,-1,-1
65,56,1011.69,186.42,56.61,40.11,0.98,4,-1,-1
65,57,1074.70,214.69,20.72,37.52,0.53,2,-1,-1
65,58,1095.21,333.12,58.22,55.16,0.98,4,-1,-1
65,59,1105.70,382.11,62.50,58.92,0.98,4,-1,-1
65,60,1106.10,433.57,65.24,65.69,0.99,4,-1,-1
65,62,1207.25,426.45,25.20,51.33,0.58,2,-1,-1
65,69,1297.70,396.04,21.53,48.14,0.92,1,-1,-1
65,70,1363.30,475.48,24.77,57.88,0.96,1,-1,-1
65,71,1358.18,288.20,78.86,65.66,0.97,4,-1,-1
65,73,1354.38,347.42,19.34,53.63,0.68,1,-1,-1
65,74,1388.24,503.39,26.34,52.84,0.31,1,-1,-1
65,77,1402.43,359.98,21.53,51.12,0.88,1,-1,-1
65,83,1417.60,359.70,23.89,53.91,0.88,1,-1,-1
65,84,1669.95,468.85,44.92,99.99,0.99,1,-1,-1
65,87,1404.40,432.04,26.30,66.21,0.99,1,-1,-1
65,89,1717.49,488.99,51.68,109.99,0.99,1,-1,-1
65,92,1440.27,504.52,52.82,101.49,0.96,1,-1,-1
65,97,1381.70,358.08,23.94,57.90,0.90,1,-1,-1
65,110,737.43,188.98,41.92,41.49,0.97,4,-1,-1
65,4,137.26,306.07,21.66,52.00,0.54,1,-1,-1
65,121,930.87,207.46,36.95,38.61,1.00,4,-1,-1
65,50,974.74,57.11,23.44,24.36,0.39,4,-1,-1
65,124,1186.81,371.73,19.96,46.19,0.67,2,-1,-1
65,102,1251.79,368.79,23.87,47.44,0.91,1,-1,-1
65,142,1573.99,452.02,31.32,87.65,0.89,1,-1,-1
65,149,691.42,235.46,43.02,41.96,0.98,4,-1,-1
65,153,625.27,496.67,59.72,123.85,0.99,1,-1,-1
65,158,1045.23,299.62,21.01,38.43,0.94,10,-1,-1
65,159,1485.36,424.62,24.70,60.36,0.94,1,-1,-1
65,161,147.44,256.38,20.01,44.07,0.45,1,-1,-1
65,115,248.40,362.37,24.88,54.28,0.25,1,-1,-1
65,118,1450.42,459.16,25.55,62.05,0.56,1,-1,-1
65,174,779.36,149.32,33.46,33.91,0.98,4,-1,-1
65,91,1566.93,489.99,40.09,101.88,0.99,1,-1,-1
65,181,1500.53,427.80,23.89,58.22,0.86,1,-1,-1
65,195,900.66,266.97,46.42,50.22,1.00,4,-1,-1
65,199,594.61,144.48,98.09,84.94,0.62,9,-1,-1
65,200,822.81,300.77,61.71,59.37,0.99,4,-1,-1
65,202,1055.30,364.64,23.78,45.38,0.96,10,-1,-1
65,204,1055.38,357.44,22.49,42.84,0.97,2,-1,-1
65,133,1547.34,434.71,33.24,75.52,0.62,1,-1,-1
65,206,269.89,307.36,19.70,46.93,0.28,1,-1,-1
65,139,177.05,399.16,26.02,55.45,0.28,1,-1,-1
65,212,1361.55,352.78,24.00,55.93,0.87,1,-1,-1
65,1,187.23,352.51,23.31,50.31,0.25,1,-1,-1
65,215,732.68,157.53,34.80,30.84,0.95,4,-1,-1
65,216,878.17,95.15,27.54,27.59,0.99,4,-1,-1
65,220,607.22,180.45,96.90,102.76,0.94,9,-1,-1
65,90,1444.46,379.38,24.76,59.16,0.25,1,-1,-1
65,229,747.62,137.14,31.21,28.81,0.81,4,-1,-1
65,157,1046.44,293.51,19.40,37.13,0.96,2,-1,-1
65,230,1344.33,871.41,91.05,53.31,0.49,3,-1,-1
65,233,176.24,288.83,35.34,32.27,0.61,3,-1,-1
65,235,1328.99,800.85,35.86,81.89,0.97,1,-1,-1
65,65,1318.79,359.17,21.41,52.95,0.63,1,-1,-1
65,29,166.17,558.01,57.26,102.14,0.41,1,-1,-1
65,198,1198.53,397.23,21.52,53.00,0.70,1,-1,-1
65,239,1379.14,779.25,32.16,74.52,0.46,1,-1,-1
65,116,1170.23,393.64,21.46,53.62,0.48,1,-1,-1
65,67,927.38,487.42,46.46,118.44,0.99,1,-1,-1
65,86,1439.95,357.72,19.82,48.92,0.60,1,-1,-1
65,240,186.89,658.23,173.59,161.03,0.99,4,-1,-1
65,241,890.80,782.87,121.96,161.57,1.00,4,-1,-1
65,242,804.25,133.02,29.59,28.92,0.82,4,-1,-1
65,243,183.53,272.94,22.76,39.31,0.73,2,-1,-1
65,244,1428.36,452.21,26.29,64.16,0.88,1,-1,-1
65,88,1429.26,439.40,24.00,60.73,0.83,1,-1,-1
65,245,464.68,980.16,181.99,89.65,0.72,4,-1,-1
65,246,854.05,456.91,70.52,62.75,0.98,4,-1,-1
66,6,243.93,425.49,46.43,108.13,0.98,1,-1,-1
66,8,729.72,498.82,46.77,128.50,0.98,1,-1,-1
66,18,264.43,437.44,106.36,50.07,0.81,4,-1,-1
66,21,325.48,376.33,106.40,80.11,0.99,4,-1,-1
66,24,979.88,540.15,50.67,118.27,0.95,1,-1,-1
66,25,393.20,329.41,84.07,60.94,0.98,4,-1,-1
66,27,468.77,278.33,70.48,60.46,0.98,4,-1,-1
66,30,433.78,347.82,100.88,108.39,0.99,5,-1,-1
66,32,553.97,238.96,54.18,46.27,0.99,4,-1,-1
66,33,532.44,303.43,68.00,59.27,0.98,4,-1,-1
66,34,591.33,323.42,73.56,64.55,0.99,4,-1,-1
66,37,654.00,268.29,59.71,55.29,0.98,4,-1,-1
66,38,908.62,138.86,32.05,29.78,1.00,4,-1,-1
66,39,627.07,366.44,79.14,73.99,0.98,4,-1,-1
66,40,737.20,255.72,51.10,47.88,0.98,4,-1,-1
66,41,772.97,206.58,43.08,39.65,0.99,4,-1,-1
66,42,920.53,113.83,29.82,26.02,1.00,4,-1,-1
66,43,943.07,166.12,33.37,31.55,0.98,4,-1,-1
66,44,933.62,88.67,26.30,23.87,0.99,4,-1,-1
66,45,960.09,117.88,26.24,25.45,0.98,4,-1,-1
66,46,948.99,68.14,23.52,20.89,0.98,4,-1,-1
66,49,995.74,118.80,27.45,24.24,0.99,4,-1,-1
66,52,995.30,226.02,39.45,41.79,1.00,4,-1,-1
66,54,999.03,75.35,23.80,20.63,0.98,4,-1,-1
66,55,1056.67,179.57,35.81,36.27,0.93,4,-1,-1
66,56,1011.81,186.16,55.49,39.68,0.98,4,-1,-1
66,57,1075.76,213.65,19.02,37.16,0.31,2,-1,-1
66,58,1095.68,332.96,58.42,55.41,0.97,4,-1,-1
66,59,1105.93,381.72,63.01,59.02,0.98,4,-1,-1
66,60,1106.04,432.50,66.33,66.44,0.99,4,-1,-1
66,62,1207.44,425.71,25.17,51.43,0.49,2,-1,-1
66,69,1297.94,396.72,21.51,45.80,0.90,1,-1,-1
66,70,1364.87,475.37,24.17,56.68,0.94,1,-1,-1
66,71,1358.24,288.01,78.84,65.62,0.97,4,-1,-1
66,73,1354.52,347.31,19.13,53.77,0.69,1,-1,-1
66,77,1402.52,359.40,21.51,51.29,0.88,1,-1,-1
66,83,1418.84,359.04,23.88,54.98,0.88,1,-1,-1
66,84,1668.69,468.54,43.64,98.88,0.99,1,-1,-1
66,87,1405.27,430.43,24.72,65.15,0.99,1,-1,-1
66,89,1717.86,485.68,52.21,111.50,0.97,1,-1,-1
66,92,1437.48,504.48,43.49,95.48,0.90,1,-1,-1
66,97,1381.18,357.60,23.93,58.08,0.90,1,-1,-1
66,110,737.46,189.78,41.93,41.57,0.95,4,-1,-1
66,4,139.31,305.62,22.03,51.98,0.47,1,-1,-1
66,121,932.43,204.90,36.07,38.23,1.00,4,-1,-1
66,50,974.71,58.05,23.76,23.42,0.46,4,-1,-1
66,124,1186.75,371.48,20.18,46.49,0.69,2,-1,-1
66,102,1251.79,368.51,23.95,47.34,0.82,1,-1,-1
66,142,1574.91,453.08,32.71,88.27,0.85,1,-1,-1
66,149,692.40,236.17,42.24,41.67,0.96,4,-1,-1
66,153,633.70,494.97,59.16,124.88,0.99,1,-1,-1
66,158,1046.44,291.96,20.49,40.13,0.60,10,-1,-1
66,159,1485.48,424.16,22.45,58.34,0.94,1,-1,-1
66,161,147.93,256.87,19.87,44.01,0.33,1,-1,-1
66,115,250.43,361.77,24.72,51.87,0.46,1,-1,-1
66,118,1449.05,457.71,25.99,61.74,0.81,1,-1,-1
66,174,779.19,149.68,34.25,34.31,0.97,4,-1,-1
66,91,1566.82,490.11,40.53,103.10,0.99,1,-1,-1
66,181,1500.77,426.21,22.31,56.82,0.90,1,-1,-1
66,195,902.04,262.81,45.50,48.97,1.00,4,-1,-1
66,199,594.79,144.30,98.01,85.29,0.59,9,-1,-1
66,200,826.19,296.12,60.92,58.31,1.00,4,-1,-1
66,202,1055.98,359.25,22.98,46.09,0.89,10,-1,-1
66,204,1056.34,353.49,21.81,43.69,0.94,2,-1,-1
66,133,1548.71,435.96,31.57,72.10,0.48,1,-1,-1
66,206,271.70,306.65,19.30,46.36,0.20,1,-1,-1
66,139,179.20,399.00,25.60,55.46,0.69,1,-1,-1
66,212,1360.76,352.74,23.99,55.77,0.87,1,-1,-1
66,1,190.91,351.30,22.93,50.24,0.46,1,-1,-1
66,215,733.34,158.00,34.70,30.99,0.92,4,-1,-1
66,216,878.62,95.76,27.55,28.00,0.99,4,-1,-1
66,220,606.57,181.41,97.02,102.65,0.93,9,-1,-1
66,90,1443.31,379.80,25.77,58.82,0.29,1,-1,-1
66,229,748.70,137.30,31.10,29.07,0.74,4,-1,-1
66,157,1046.05,291.64,21.54,40.12,0.95,2,-1,-1
66,230,1344.43,869.60,92.50,52.85,0.52,3,-1,-1
66,233,174.03,289.11,35.21,33.30,0.61,3,-1,-1
66,235,1329.79,798.66,35.85,82.39,0.97,1,-1,-1
66,65,1319.67,358.66,21.48,52.75,0.62,1,-1,-1
66,29,163.23,555.36,57.18,103.93,0.47,1,-1,-1
66,198,1198.96,396.53,21.52,54.33,0.72,1,-1,-1
66,239,1378.53,775.67,31.14,75.05,0.52,1,-1,-1
66,116,1170.85,393.50,21.47,52.92,0.64,1,-1,-1
66,67,921.94,486.12,48.10,117.41,0.98,1,-1,-1
66,86,1439.59,357.13,20.87,49.22,0.59,1,-1,-1
66,240,171.40,670.01,184.39,168.05,0.98,4,-1,-1
66,241,898.11,763.90,113.18,137.49,0.97,4,-1,-1
66,242,804.52,133.49,29.91,29.04,0.75,4,-1,-1
66,243,181.69,273.44,22.02,39.86,0.71,2,-1,-1
66,244,1428.39,451.73,26.28,63.03,0.91,1,-1,-1
66,88,1428.56,437.54,23.86,59.45,0.82,1,-1,-1
66,245,471.73,950.16,186.22,119.26,0.82,4,-1,-1
66,246,857.13,447.90,69.54,65.12,0.99,4,-1,-1
66,247,211.87,199.62,19.42,38.85,0.69,1,-1,-1
66,248,1439.16,530.72,35.86,72.91,0.77,1,-1,-1
66,249,1447.52,504.72,31.08,72.32,0.86,1,-1,-1
66,213,1496.29,461.73,35.71,69.32,0.70,1,-1,-1
66,171,931.03,483.04,46.96,116.07,0.92,1,-1,-1
67,6,246.35,424.95,46.12,107.23,0.98,1,-1,-1
67,8,739.16,497.77,48.85,125.95,0.99,1,-1,-1
67,18,265.97,436.55,106.31,49.79,0.64,4,-1,-1
67,21,326.90,376.50,105.13,79.67,0.99,4,-1,-1
67,24,984.02,537.58,51.12,120.61,0.93,1,-1,-1
67,25,393.82,329.70,83.44,60.53,0.99,4,-1,-1
67,27,469.05,278.89,70.56,60.11,0.99,4,-1,-1
67,30,431.38,349.88,101.51,109.59,1.00,5,-1,-1
67,32,553.90,239.26,54.34,46.53,0.99,4,-1,-1
67,33,530.80,305.19,68.20,59.43,0.99,4,-1,-1
67,34,589.12,325.95,74.05,65.06,0.99,4,-1,-1
67,37,652.59,269.53,60.60,55.85,0.98,4,-1,-1
67,38,909.82,136.98,32.13,29.81,1.00,4,-1,-1
67,39,620.67,370.98,80.89,74.73,0.98,4,-1,-1
67,40,735.97,257.66,51.40,48.30,0.99,4,-1,-1
67,41,772.73,207.39,43.11,39.96,1.00,4,-1,-1
67,42,921.28,112.02,29.82,26.33,0.99,4,-1,-1
67,43,943.41,164.25,33.35,31.51,1.00,4,-1,-1
67,44,934.65,87.58,25.51,23.67,0.99,4,-1,-1
67,45,961.03,116.25,26.24,25.85,0.98,4,-1,-1
67,46,949.55,67.66,23.01,20.50,0.98,4,-1,-1
67,49,995.95,117.62,27.42,24.23,0.99,4,-1,-1
67,52,995.75,224.37,39.36,41.54,1.00,4,-1,-1
67,54,998.90,74.81,23.87,20.60,0.98,4,-1,-1
67,55,1057.20,179.55,35.16,35.85,0.94,4,-1,-1
67,56,1011.35,185.61,55.07,39.71,0.98,4,-1,-1
67,58,1095.34,332.44,59.28,55.90,0.97,4,-1,-1
67,59,1106.69,381.51,62.41,58.27,0.98,4,-1,-1
67,60,1105.90,431.64,66.75,66.34,0.99,4,-1,-1
67,62,1207.39,425.17,25.16,51.45,0.61,2,-1,-1
67,69,1297.14,396.27,21.50,44.95,0.85,1,-1,-1
67,70,1365.30,475.64,23.95,56.24,0.89,1,-1,-1
67,71,1358.12,287.97,78.84,65.30,0.96,4,-1,-1
67,73,1354.45,346.80,19.06,51.86,0.47,1,-1,-1
67,77,1402.42,358.52,21.50,51.35,0.89,1,-1,-1
67,83,1419.15,356.58,23.88,57.34,0.88,1,-1,-1
67,84,1667.35,467.84,41.56,96.49,0.99,1,-1,-1
67,87,1405.50,428.42,24.12,65.14,0.99,1,-1,-1
67,89,1715.58,483.11,52.42,108.17,0.99,1,-1,-1
67,92,1432.05,501.85,38.08,97.26,0.97,1,-1,-1
67,97,1380.85,356.95,23.93,58.14,0.89,1,-1,-1
67,110,736.60,190.39,42.71,42.18,0.96,4,-1,-1
67,4,141.00,305.11,22.22,52.26,0.68,1,-1,-1
67,121,932.44,202.11,36.57,37.90,1.00,4,-1,-1
67,50,975.34,57.10,23.11,23.80,0.38,4,-1,-1
67,124,1186.99,371.12,20.27,46.20,0.72,2,-1,-1
67,102,1251.66,367.75,23.98,47.69,0.92,1,-1,-1
67,142,1576.69,453.02,33.22,89.66,0.80,1,-1,-1
67,149,692.27,236.94,42.74,41.96,0.94,4,-1,-1
67,153,646.09,492.18,53.42,125.47,0.99,1,-1,-1
67,158,1047.15,290.11,20.30,40.00,0.88,10,-1,-1
67,159,1484.62,423.18,21.65,57.59,0.89,1,-1,-1
67,161,148.25,257.00,19.82,43.79,0.24,1,-1,-1
67,115,251.68,361.10,25.23,52.82,0.74,1,-1,-1
67,118,1448.44,456.36,26.16,63.98,0.76,1,-1,-1
67,174,779.41,149.80,34.55,34.60,0.96,4,-1,-1
67,91,1566.68,489.86,40.69,102.36,0.99,1,-1,-1
67,181,1500.81,424.80,21.71,57.10,0.88,1,-1,-1
67,195,902.38,257.85,45.20,48.74,0.99,4,-1,-1
67,199,594.76,143.89,97.19,86.40,0.57,9,-1,-1
67,200,829.20,291.30,59.86,57.04,0.99,4,-1,-1
67,202,1055.71,354.58,23.50,45.97,0.88,10,-1,-1
67,204,1056.60,349.17,21.55,44.02,0.81,2,-1,-1
67,133,1549.09,434.94,32.63,69.69,0.67,1,-1,-1
67,206,272.96,306.54,19.36,46.14,0.25,1,-1,-1
67,139,180.66,398.52,25.44,55.86,0.65,1,-1,-1
67,212,1360.35,353.03,23.98,56.09,0.88,1,-1,-1
67,1,193.81,349.84,22.98,50.21,0.62,1,-1,-1
67,215,733.48,158.51,34.67,30.85,0.95,4,-1,-1
67,216,878.28,96.46,27.54,27.95,0.98,4,-1,-1
67,220,605.09,182.37,97.83,102.60,0.94,9,-1,-1
67,90,1442.00,376.79,26.12,61.05,0.13,1,-1,-1
67,229,748.59,137.40,31.86,29.27,0.68,4,-1,-1
67,157,1047.37,287.23,19.97,38.26,0.90,2,-1,-1
67,230,1343.60,867.75,91.46,50.29,0.60,3,-1,-1
67,233,171.08,287.88,33.78,35.14,0.29,3,-1,-1
67,235,1329.21,797.06,35.85,81.77,0.98,1,-1,-1
67,65,1319.86,358.01,21.51,52.66,0.67,1,-1,-1
67,29,159.59,553.45,57.77,104.02,0.69,1,-1,-1
67,198,1199.40,396.00,21.52,54.45,0.66,1,-1,-1
67,239,1378.24,774.93,32.57,73.53,0.33,1,-1,-1
67,116,1170.56,392.60,21.47,53.44,0.58,1,-1,-1
67,67,914.50,483.87,51.82,117.04,0.97,1,-1,-1
67,86,1439.35,355.86,21.23,49.73,0.41,1,-1,-1
67,240,154.11,684.43,193.85,171.12,0.95,4,-1,-1
67,241,904.66,735.03,104.26,127.47,0.98,4,-1,-1
67,242,804.50,133.33,29.98,29.46,0.82,4,-1,-1
67,243,177.11,274.20,23.67,42.23,0.64,2,-1,-1
67,244,1428.33,451.62,26.29,62.69,0.74,1,-1,-1
67,88,1428.21,436.43,23.81,58.20,0.76,1,-1,-1
67,245,482.48,922.48,185.87,146.14,0.85,4,-1,-1
67,246,859.55,438.14,69.35,64.65,1.00,4,-1,-1
67,247,211.80,199.53,19.90,38.83,0.82,1,-1,-1
67,171,925.40,482.25,48.30,117.24,0.82,1,-1,-1
67,250,1526.41,456.61,23.91,51.40,0.70,2,-1,-1
68,6,249.28,423.62,46.40,106.90,0.99,1,-1,-1
68,8,746.73,497.06,53.55,125.00,0.99,1,-1,-1
68,18,267.77,435.83,105.11,48.93,0.89,4,-1,-1
68,21,328.89,375.96,104.26,79.11,1.00,4,-1,-1
68,24,992.11,535.28,48.91,117.38,0.97,1,-1,-1
68,25,394.53,329.39,83.58,60.77,0.99,4,-1,-1
68,27,469.45,278.78,70.98,60.46,0.99,4,-1,-1
68,30,429.25,352.13,101.73,110.40,0.99,5,-1,-1
68,32,554.16,239.46,54.40,46.82,0.98,4,-1,-1
68,33,529.32,307.27,68.25,59.37,0.99,4,-1,-1
68,34,586.64,328.60,74.80,65.24,0.99,4,-1,-1
68,37,652.13,270.74,60.92,56.05,0.97,4,-1,-1
68,38,911.44,135.38,31.38,29.23,1.00,4,-1,-1
68,39,614.92,375.69,83.07,75.76,0.98,4,-1,-1
68,40,734.81,259.51,52.28,48.84,0.99,4,-1,-1
68,41,772.31,207.87,43.90,40.26,0.99,4,-1,-1
68,42,922.73,110.87,29.03,25.95,0.99,4,-1,-1
68,43,943.93,162.04,33.35,31.71,1.00,4,-1,-1
68,44,936.23,86.37,24.42,23.50,0.98,4,-1,-1
68,45,961.78,114.87,26.24,25.70,0.98,4,-1,-1
68,46,950.58,66.98,22.01,20.25,0.98,4,-1,-1
68,49,996.43,116.64,27.41,23.83,0.99,4,-1,-1
68,52,996.73,222.82,38.54,41.45,1.00,4,-1,-1
68,54,999.27,74.42,23.11,20.62,0.97,4,-1,-1
68,55,1057.41,179.65,34.89,35.48,0.96,4,-1,-1
68,56,1011.22,185.13,54.12,39.33,0.98,4,-1,-1
68,58,1096.01,332.04,58.82,56.47,0.98,4,-1,-1
68,59,1106.98,381.03,62.18,57.98,0.99,4,-1,-1
68,60,1106.26,430.92,66.90,65.90,0.99,4,-1,-1
68,62,1207.38,424.18,25.93,53.02,0.48,2,-1,-1
68,69,1296.86,395.88,21.50,45.87,0.89,1,-1,-1
68,70,1366.23,476.31,23.88,56.48,0.83,1,-1,-1
68,71,1358.85,288.05,78.84,65.08,0.92,4,-1,-1
68,73,1355.21,346.01,19.04,52.71,0.37,1,-1,-1
68,77,1401.57,357.21,23.08,52.16,0.86,1,-1,-1
68,83,1420.03,355.26,23.88,57.84,0.78,1,-1,-1
68,84,1665.30,466.88,40.80,94.82,0.99,1,-1,-1
68,87,1405.59,426.71,23.91,64.73,0.99,1,-1,-1
68,89,1713.98,480.34,54.08,106.87,0.99,1,-1,-1
68,92,1421.27,500.92,39.67,97.51,0.98,1,-1,-1
68,97,1381.51,355.14,23.92,59.31,0.88,1,-1,-1
68,110,736.35,190.90,43.00,42.60,0.96,4,-1,-1
68,4,142.53,304.53,22.34,52.57,0.46,1,-1,-1
68,121,933.24,198.89,36.76,38.00,1.00,4,-1,-1
68,50,975.99,56.23,22.85,24.04,0.34,4,-1,-1
68,124,1186.69,370.79,21.09,46.09,0.75,2,-1,-1
68,102,1251.62,366.87,23.98,47.81,0.92,1,-1,-1
68,142,1576.59,452.02,34.97,92.13,0.80,1,-1,-1
68,149,692.28,237.40,43.71,42.26,0.92,4,-1,-1
68,153,658.72,489.21,49.52,124.91,0.99,1,-1,-1
68,158,1047.81,287.42,21.04,39.95,0.94,10,-1,-1
68,159,1482.70,421.05,23.04,59.72,0.89,1,-1,-1
68,161,148.92,257.03,19.55,44.09,0.14,1,-1,-1
68,115,253.28,360.47,25.61,55.11,0.75,1,-1,-1
68,118,1448.25,454.90,26.23,64.81,0.62,1,-1,-1
68,174,780.32,150.29,33.88,34.16,0.96,4,-1,-1
68,91,1566.65,490.14,40.74,101.26,0.99,1,-1,-1
68,181,1499.23,422.92,23.11,60.37,0.90,1,-1,-1
68,195,903.30,253.33,44.31,48.07,1.00,4,-1,-1
68,199,595.01,143.44,97.08,87.01,0.43,9,-1,-1
68,200,833.02,286.57,58.70,55.79,1.00,4,-1,-1
68,202,1056.04,352.04,23.70,43.56,0.91,10,-1,-1
68,204,1056.32,344.58,22.26,42.58,0.94,2,-1,-1
68,133,1549.20,434.78,33.01,72.59,0.70,1,-1,-1
68,206,274.27,306.50,20.17,45.26,0.29,1,-1,-1
68,139,182.34,397.37,24.59,54.83,0.35,1,-1,-1
68,212,1360.21,353.13,23.97,57.38,0.87,1,-1,-1
68,1,196.47,348.15,23.59,51.38,0.59,1,-1,-1
68,215,733.57,158.80,35.44,30.99,0.95,4,-1,-1
68,216,878.18,97.25,27.54,27.73,0.99,4,-1,-1
68,220,602.68,182.79,99.68,103.55,0.90,9,-1,-1
68,90,1443.09,366.37,27.82,66.91,0.15,1,-1,-1
68,229,749.38,137.59,31.35,29.19,0.78,4,-1,-1
68,157,1048.68,283.33,19.32,36.72,0.94,2,-1,-1
68,230,1344.12,863.53,89.47,52.55,0.44,3,-1,-1
68,233,169.11,288.15,33.65,35.45,0.28,3,-1,-1
68,235,1329.03,794.16,35.85,82.31,0.98,1,-1,-1
68,65,1320.70,357.38,21.52,52.23,0.62,1,-1,-1
68,29,156.65,551.47,57.60,101.11,0.59,1,-1,-1
68,198,1199.18,395.21,22.31,55.26,0.69,1,-1,-1
68,239,1377.34,772.43,33.05,73.16,0.47,1,-1,-1
68,116,1170.86,391.86,21.48,53.24,0.56,1,-1,-1
68,67,911.45,481.33,52.46,117.71,0.98,1,-1,-1
68,86,1440.83,355.00,21.38,50.33,0.18,1,-1,-1
68,240,136.48,692.75,201.99,178.78,0.99,4,-1,-1
68,241,902.87,668.40,109.85,161.67,0.97,4,-1,-1
68,242,804.53,133.02,30.85,29.86,0.78,4,-1,-1
68,243,174.51,275.32,23.96,41.91,0.68,2,-1,-1
68,244,1427.43,452.30,26.29,63.52,0.74,1,-1,-1
68,88,1428.90,435.65,23.80,57.77,0.70,1,-1,-1
68,245,498.52,891.77,181.61,177.01,0.98,4,-1,-1
68,246,861.69,425.85,71.16,68.67,0.99,4,-1,-1
68,247,212.05,199.39,20.44,39.05,0.81,1,-1,-1
68,171,924.33,480.99,46.35,116.85,0.67,1,-1,-1
68,251,1.54,401.92,23.26,47.21,0.61,1,-1,-1
68,252,681.33,984.34,163.76,84.87,0.83,4,-1,-1
68,205,164.63,360.09,23.30,53.75,0.54,1,-1,-1
68,23,986.51,544.71,45.19,105.63,0.56,1,-1,-1
69,6,251.38,421.28,46.92,107.21,0.99,1,-1,-1
69,8,753.57,495.37,57.62,124.50,0.99,1,-1,-1
69,18,270.12,434.87,103.59,48.26,0.89,4,-1,-1
69,21,330.25,375.23,103.97,78.52,0.99,4,-1,-1
69,24,1000.86,532.79,49.69,114.96,0.97,1,-1,-1
69,25,394.87,328.73,84.05,61.27,0.99,4,-1,-1
69,27,469.70,278.36,71.15,60.78,0.99,4,-1,-1
69,30,427.43,353.54,102.21,110.72,0.98,5,-1,-1
69,32,553.77,239.44,55.22,46.93,0.98,4,-1,-1
69,33,527.15,308.83,69.46,59.34,0.99,4,-1,-1
69,34,584.30,330.76,75.29,65.69,0.99,4,-1,-1
69,37,650.73,271.69,61.84,56.23,0.98,4,-1,-1
69,38,912.75,133.23,31.11,28.98,0.99,4,-1,-1
69,39,608.12,379.75,84.67,76.92,0.99,4,-1,-1
69,40,733.55,260.97,52.62,49.43,0.99,4,-1,-1
69,41,771.72,208.33,44.20,40.38,0.98,4,-1,-1
69,42,923.60,109.40,28.74,25.52,0.99,4,-1,-1
69,43,944.87,159.42,32.58,31.20,1.00,4,-1,-1
69,44,936.35,85.25,24.02,22.85,0.99,4,-1,-1
69,45,962.41,112.96,26.25,25.66,0.97,4,-1,-1
69,46,950.52,65.65,21.64,20.36,0.98,4,-1,-1
69,49,996.97,114.44,27.42,24.20,0.98,4,-1,-1
69,52,997.06,221.12,38.25,41.44,0.99,4,-1,-1
69,54,998.99,73.46,23.62,20.41,0.95,4,-1,-1
69,55,1057.48,179.09,34.79,35.54,0.92,4,-1,-1
69,56,1011.18,183.69,53.00,39.39,0.98,4,-1,-1
69,58,1096.66,330.56,58.66,57.09,0.97,4,-1,-1
69,59,1107.10,379.52,62.91,59.09,0.98,4,-1,-1
69,60,1106.41,430.14,66.97,64.96,0.99,4,-1,-1
69,62,1208.20,423.09,25.45,53.23,0.52,2,-1,-1
69,69,1296.84,395.18,21.50,45.03,0.83,1,-1,-1
69,70,1366.62,476.61,23.86,56.20,0.90,1,-1,-1
69,71,1359.19,287.12,78.86,65.40,0.96,4,-1,-1
69,73,1355.56,344.96,19.05,49.89,0.37,1,-1,-1
69,77,1402.11,355.57,22.14,52.08,0.82,1,-1,-1
69,83,1421.20,353.43,23.89,58.42,0.64,1,-1,-1
69,84,1663.14,464.26,40.55,94.66,0.99,1,-1,-1
69,87,1405.72,425.19,23.84,64.59,0.99,1,-1,-1
69,89,1712.80,477.52,51.61,104.83,0.99,1,-1,-1
69,92,1409.03,496.94,45.00,98.84,0.99,1,-1,-1
69,97,1381.84,354.09,23.93,59.76,0.92,1,-1,-1
69,110,735.81,190.88,43.11,42.76,0.97,4,-1,-1
69,4,143.95,303.70,22.39,52.20,0.50,1,-1,-1
69,121,933.87,196.23,36.85,37.26,0.99,4,-1,-1
69,50,976.19,54.60,22.76,24.20,0.31,4,-1,-1
69,124,1187.01,369.73,21.40,46.84,0.36,2,-1,-1
69,102,1252.44,365.60,23.98,47.08,0.84,1,-1,-1
69,142,1575.93,451.68,37.19,97.34,0.73,1,-1,-1
69,149,692.21,237.38,44.08,42.78,0.94,4,-1,-1
69,153,671.68,486.29,46.52,126.53,0.98,1,-1,-1
69,158,1048.83,285.10,20.53,38.07,0.96,10,-1,-1
69,159,1481.36,417.79,23.53,59.34,0.94,1,-1,-1
69,161,148.85,256.49,19.81,44.41,0.22,1,-1,-1
69,115,255.34,360.11,24.60,52.90,0.52,1,-1,-1
69,118,1447.53,454.44,27.84,65.14,0.84,1,-1,-1
69,174,780.99,150.36,33.62,33.99,0.96,4,-1,-1
69,91,1566.02,490.29,39.20,100.83,0.99,1,-1,-1
69,181,1498.02,421.12,23.62,58.89,0.94,1,-1,-1
69,195,903.96,248.52,44.02,47.27,1.00,4,-1,-1
69,199,594.81,143.77,96.87,86.07,0.46,9,-1,-1
69,200,835.45,281.60,58.32,55.48,0.99,4,-1,-1
69,202,1056.56,348.00,23.78,42.26,0.82,10,-1,-1
69,204,1057.01,340.13,21.75,41.63,0.92,2,-1,-1
69,133,1548.56,435.77,50.66,66.10,0.50,10,-1,-1
69,206,275.65,305.76,20.28,44.54,0.17,1,-1,-1
69,139,184.72,397.05,24.68,53.26,0.52,1,-1,-1
69,212,1360.24,352.80,23.97,57.48,0.88,1,-1,-1
69,1,199.26,346.64,23.43,51.82,0.60,1,-1,-1
69,215,734.31,158.71,34.96,30.85,0.96,4,-1,-1
69,216,878.11,97.58,27.54,27.64,0.99,4,-1,-1
69,220,601.51,183.22,100.58,103.92,0.93,9,-1,-1
69,90,1443.60,369.99,26.94,61.59,0.52,1,-1,-1
69,229,749.99,137.31,31.17,29.12,0.75,4,-1,-1
69,157,1049.13,279.78,19.92,35.68,0.96,2,-1,-1
69,230,1344.44,861.22,88.74,52.58,0.39,3,-1,-1
69,233,165.93,289.16,35.22,35.46,0.58,3,-1,-1
69,235,1329.07,790.74,35.86,82.52,0.98,1,-1,-1
69,65,1320.28,356.40,23.10,52.08,0.74,1,-1,-1
69,29,152.56,547.82,58.11,101.84,0.38,1,-1,-1
69,198,1200.31,394.37,21.83,55.57,0.69,1,-1,-1
69,239,1377.92,771.03,33.26,72.32,0.44,1,-1,-1
69,116,1171.39,390.46,21.49,53.97,0.25,1,-1,-1
69,67,908.54,477.98,51.16,116.81,0.99,1,-1,-1
69,240,117.91,696.53,210.91,193.57,0.99,4,-1,-1
69,241,904.81,643.22,108.26,154.21,0.86,4,-1,-1
69,242,804.49,133.21,31.14,29.53,0.73,4,-1,-1
69,243,172.17,275.91,23.19,42.68,0.54,2,-1,-1
69,244,1428.09,451.34,24.57,64.68,0.82,1,-1,-1
69,88,1429.28,433.87,23.81,58.86,0.79,1,-1,-1
69,245,517.31,860.98,175.60,197.78,1.00,4,-1,-1
69,246,866.24,414.50,69.09,69.53,1.00,4,-1,-1
69,247,211.78,198.93,20.86,39.61,0.72,1,-1,-1
69,171,918.58,478.51,48.84,114.36,0.73,1,-1,-1
69,251,2.55,398.83,24.55,51.50,0.87,1,-1,-1
69,252,688.76,952.81,161.79,115.44,0.96,4,-1,-1
69,205,167.21,359.19,23.31,53.38,0.45,1,-1,-1
69,23,989.58,545.03,47.85,103.13,0.57,1,-1,-1
69,209,122.61,400.21,26.13,61.55,0.52,1,-1,-1
70,6,254.48,418.92,45.93,107.31,0.99,1,-1,-1
70,8,763.22,492.85,55.41,125.50,0.98,1,-1,-1
70,18,272.89,433.97,102.42,48.44,0.75,4,-1,-1
70,21,331.47,374.21,103.86,78.28,0.99,4,-1,-1
70,24,1007.40,531.36,51.55,115.44,0.99,1,-1,-1
70,25,395.53,328.52,83.82,60.65,0.98,4,-1,-1
70,27,470.12,278.25,71.19,60.69,0.99,4,-1,-1
70,30,425.57,355.22,102.74,110.39,0.98,5,-1,-1
70,32,553.93,239.68,54.73,46.96,0.99,4,-1,-1
70,33,524.92,310.40,70.67,59.70,0.99,4,-1,-1
70,34,581.79,333.13,75.64,65.84,0.99,4,-1,-1
70,37,649.89,272.29,62.16,56.86,0.98,4,-1,-1
70,38,913.98,131.21,30.21,28.49,0.99,4,-1,-1
70,39,601.66,384.32,86.19,78.87,0.99,4,-1,-1
70,40,732.38,262.62,52.72,49.74,0.99,4,-1,-1
70,41,771.55,208.85,44.30,40.41,0.99,4,-1,-1
70,42,924.67,108.57,28.64,24.87,0.99,4,-1,-1
70,43,945.18,157.23,32.29,30.62,0.98,4,-1,-1
70,44,937.17,84.44,23.87,22.30,0.99,4,-1,-1
70,45,963.00,111.56,26.25,25.54,0.96,4,-1,-1
70,46,950.49,64.21,21.51,20.90,0.98,4,-1,-1
70,49,997.93,112.83,26.63,24.14,0.98,4,-1,-1
70,52,997.55,219.53,38.14,41.03,0.99,4,-1,-1
70,54,998.86,72.79,23.80,20.42,0.95,4,-1,-1
70,55,1057.47,178.49,34.74,35.95,0.92,4,-1,-1
70,56,1011.96,182.76,50.98,39.20,0.99,4,-1,-1
70,58,1096.85,329.47,58.59,57.70,0.97,4,-1,-1
70,59,1107.88,378.43,62.39,59.10,0.98,4,-1,-1
70,60,1107.20,429.10,66.19,64.60,0.99,4,-1,-1
70,62,1208.84,422.34,24.86,54.46,0.40,2,-1,-1
70,69,1295.97,395.35,21.50,44.33,0.84,1,-1,-1
70,70,1366.63,477.13,23.85,56.88,0.90,1,-1,-1
70,71,1358.42,286.34,78.85,65.21,0.97,4,-1,-1
70,73,1355.59,344.63,19.05,51.20,0.26,1,-1,-1
70,77,1402.98,353.45,21.74,52.43,0.89,1,-1,-1
70,83,1422.28,352.42,23.89,57.45,0.73,1,-1,-1
70,84,1660.64,461.61,40.46,93.81,0.99,1,-1,-1
70,87,1405.66,423.32,23.82,64.53,0.99,1,-1,-1
70,89,1710.66,474.85,52.21,102.87,0.99,1,-1,-1
70,92,1400.68,494.74,46.93,97.76,0.99,1,-1,-1
70,97,1381.06,358.24,23.92,55.22,0.92,1,-1,-1
70,110,735.67,191.23,43.13,42.80,0.96,4,-1,-1
70,4,146.01,303.36,22.41,52.74,0.37,1,-1,-1
70,121,934.85,193.66,36.10,36.39,1.00,4,-1,-1
70,50,976.24,54.40,22.72,23.55,0.35,4,-1,-1
70,124,1187.45,368.60,21.51,47.11,0.42,2,-1,-1
70,102,1252.67,364.59,23.97,47.17,0.91,1,-1,-1
70,142,1578.55,451.77,36.51,99.29,0.83,1,-1,-1
70,149,692.24,237.43,44.21,43.35,0.94,4,-1,-1
70,153,682.00,485.88,52.07,124.56,0.99,1,-1,-1
70,158,1049.15,280.17,21.14,39.27,0.87,10,-1,-1
70,159,1479.18,415.46,23.72,59.58,0.96,1,-1,-1
70,161,149.16,256.75,20.14,44.12,0.22,1,-1,-1
70,115,257.62,359.46,23.59,48.42,0.30,1,-1,-1
70,118,1447.93,454.55,26.89,62.50,0.88,1,-1,-1
70,174,781.27,150.73,33.52,33.67,0.96,4,-1,-1
70,91,1562.47,490.56,40.17,99.85,0.98,1,-1,-1
70,181,1496.67,419.76,23.81,57.48,0.94,1,-1,-1
70,195,904.57,244.14,43.13,46.59,0.99,4,-1,-1
70,199,594.82,144.14,96.77,86.03,0.67,9,-1,-1
70,200,838.64,276.96,57.40,54.48,1.00,4,-1,-1
70,202,1056.32,341.54,23.03,43.81,0.83,10,-1,-1
70,204,1057.64,336.34,20.75,42.48,0.78,2,-1,-1
70,133,1550.26,434.60,41.65,63.64,0.66,1,-1,-1
70,139,186.81,396.21,24.91,52.28,0.38,1,-1,-1
70,212,1360.16,352.91,23.96,57.10,0.85,1,-1,-1
70,1,202.36,345.37,23.17,51.59,0.64,1,-1,-1
70,215,734.63,158.87,34.76,30.79,0.96,4,-1,-1
70,216,878.09,97.94,27.53,27.49,0.98,4,-1,-1
70,220,600.61,183.84,101.47,104.61,0.88,9,-1,-1
70,90,1443.70,365.20,26.56,64.46,0.72,1,-1,-1
70,229,750.64,137.16,31.09,29.13,0.75,4,-1,-1
70,157,1049.65,276.28,20.13,37.54,0.76,2,-1,-1
70,230,1343.69,858.42,90.04,52.58,0.32,3,-1,-1
70,233,163.26,289.79,35.80,35.44,0.45,3,-1,-1
70,235,1329.01,787.14,35.86,83.35,0.97,1,-1,-1
70,65,1321.56,355.71,22.16,51.61,0.59,1,-1,-1
70,29,149.30,544.40,58.15,101.50,0.25,1,-1,-1
70,198,1200.67,393.33,21.63,56.45,0.62,1,-1,-1
70,239,1378.05,767.16,33.34,72.94,0.43,1,-1,-1
70,116,1171.52,389.60,21.49,54.63,0.34,1,-1,-1
70,67,907.28,474.27,48.25,116.86,0.98,1,-1,-1
70,240,96.24,713.18,220.35,196.67,0.99,4,-1,-1
70,242,805.32,133.44,30.40,29.13,0.71,4,-1,-1
70,243,168.99,277.20,23.94,41.88,0.29,2,-1,-1
70,244,1427.38,449.36,23.97,60.88,0.85,1,-1,-1
70,88,1430.12,431.49,23.82,58.47,0.87,1,-1,-1
70,245,535.82,831.32,167.80,200.52,1.00,4,-1,-1
70,246,870.72,404.24,66.59,68.88,1.00,4,-1,-1
70,247,212.21,198.67,20.76,39.77,0.87,1,-1,-1
70,171,914.63,474.53,49.72,112.18,0.36,1,-1,-1
70,251,4.48,396.63,25.62,55.42,0.80,1,-1,-1
70,252,695.37,923.71,160.46,143.92,0.97,4,-1,-1
70,205,169.55,358.13,22.91,52.84,0.37,1,-1,-1
70,23,997.52,535.68,49.17,110.11,0.76,1,-1,-1
70,253,1.07,493.59,27.19,102.39,0.76,1,-1,-1
70,209,124.32,399.47,26.45,61.52,0.21,1,-1,-1
71,6,256.63,417.14,47.34,106.99,0.99,1,-1,-1
71,8,774.32,489.49,49.74,127.30,0.98,1,-1,-1
71,18,274.79,433.09,101.72,48.15,0.92,4,-1,-1
71,21,332.53,373.27,103.84,78.22,0.99,4,-1,-1
71,24,1009.24,529.20,58.50,115.85,0.97,1,-1,-1
71,25,395.84,327.87,84.13,61.23,0.99,4,-1,-1
71,27,470.57,278.31,71.21,60.56,0.98,4,-1,-1
71,30,423.45,357.76,102.94,109.10,0.97,5,-1,-1
71,32,553.91,239.87,54.93,47.17,0.99,4,-1,-1
71,33,523.25,311.94,71.13,60.62,0.98,4,-1,-1
71,34,579.25,334.98,76.94,67.46,0.99,4,-1,-1
71,37,649.13,273.48,62.28,56.91,0.98,4,-1,-1
71,38,915.16,129.06,29.89,28.33,1.00,4,-1,-1
71,39,594.97,389.48,87.91,78.84,0.98,4,-1,-1
71,40,730.73,264.09,52.76,50.54,0.99,4,-1,-1
71,41,771.06,209.24,44.33,40.42,0.99,4,-1,-1
71,42,925.81,107.13,28.61,24.64,0.99,4,-1,-1
71,43,945.26,155.02,32.19,30.22,1.00,4,-1,-1
71,44,938.62,82.88,23.03,22.61,0.97,4,-1,-1
71,45,963.97,110.05,26.26,25.21,0.99,4,-1,-1
71,46,950.06,63.06,22.26,21.01,0.97,4,-1,-1
71,49,998.26,111.11,26.34,24.03,0.99,4,-1,-1
71,52,997.71,217.93,38.12,40.90,1.00,4,-1,-1
71,54,998.42,72.01,23.88,20.54,0.93,4,-1,-1
71,55,1057.85,178.29,34.72,35.72,0.96,4,-1,-1
71,56,1012.26,181.47,49.45,39.34,0.99,4,-1,-1
71,58,1096.52,328.35,59.36,58.33,0.96,4,-1,-1
71,59,1108.56,377.31,61.41,58.72,0.98,4,-1,-1
71,60,1107.90,428.23,65.90,64.09,0.99,4,-1,-1
71,62,1209.50,421.38,24.23,54.54,0.28,1,-1,-1
71,69,1295.70,395.50,21.50,44.10,0.94,1,-1,-1
71,70,1366.66,476.82,23.86,60.31,0.92,1,-1,-1
71,71,1358.18,285.63,80.44,65.45,0.99,4,-1,-1
71,73,1356.44,344.19,19.06,52.08,0.16,1,-1,-1
71,77,1403.36,351.96,21.59,52.57,0.73,1,-1,-1
71,83,1423.52,351.95,23.89,56.68,0.53,1,-1,-1
71,84,1659.89,459.62,38.86,93.95,0.99,1,-1,-1
71,87,1405.70,421.59,23.82,64.52,0.99,1,-1,-1
71,89,1709.25,473.74,52.44,100.59,0.98,1,-1,-1
71,92,1394.73,492.51,44.62,97.38,0.97,1,-1,-1
71,97,1380.83,359.59,23.92,53.42,0.84,1,-1,-1
71,110,735.19,191.36,43.14,42.82,0.97,4,-1,-1
71,4,147.10,302.67,22.47,51.97,0.23,1,-1,-1
71,121,935.95,191.04,35.83,35.89,1.00,4,-1,-1
71,50,976.63,53.81,22.71,23.30,0.37,4,-1,-1
71,124,1188.41,367.87,20.77,46.04,0.39,2,-1,-1
71,102,1252.79,363.52,23.97,47.22,0.86,1,-1,-1
71,142,1579.73,452.71,36.21,95.42,0.83,1,-1,-1
71,149,692.57,237.34,44.27,43.97,0.93,4,-1,-1
71,153,690.23,485.70,55.47,121.08,0.99,1,-1,-1
71,158,1050.43,278.02,19.80,37.26,0.91,10,-1,-1
71,159,1478.47,413.35,23.80,60.08,0.94,1,-1,-1
71,161,149.20,257.03,19.88,44.21,0.17,1,-1,-1
71,115,259.66,358.05,22.61,45.49,0.18,1,-1,-1
71,118,1448.23,454.19,26.51,61.48,0.93,1,-1,-1
71,174,781.32,150.86,33.48,33.56,0.95,4,-1,-1
71,91,1559.72,490.57,40.53,99.09,0.97,1,-1,-1
71,181,1497.06,417.62,22.32,57.37,0.90,1,-1,-1
71,195,905.12,239.56,42.84,45.57,1.00,4,-1,-1
71,199,594.74,144.18,96.76,85.34,0.69,9,-1,-1
71,200,841.65,272.41,56.30,53.86,0.99,4,-1,-1
71,202,1057.03,333.86,22.75,45.17,0.63,2,-1,-1
71,204,1057.06,334.14,22.81,43.98,0.94,10,-1,-1
71,133,1553.64,433.89,34.91,69.04,0.66,1,-1,-1
71,139,189.33,394.95,25.60,53.54,0.63,1,-1,-1
71,212,1359.42,352.64,23.96,56.96,0.80,1,-1,-1
71,1,204.54,344.57,22.87,50.72,0.60,1,-1,-1
71,215,734.68,158.73,34.69,30.98,0.97,4,-1,-1
71,216,877.66,98.01,28.31,27.73,0.98,4,-1,-1
71,220,600.42,184.63,101.21,105.09,0.88,9,-1,-1
71,90,1443.83,363.96,27.99,63.94,0.40,1,-1,-1
71,229,751.61,137.20,30.28,28.94,0.85,4,-1,-1
71,157,1051.39,272.58,18.64,33.41,0.79,2,-1,-1
71,230,1343.47,855.68,88.98,52.59,0.61,3,-1,-1
71,235,1329.04,783.29,35.86,84.46,0.98,1,-1,-1
71,65,1322.88,355.35,23.34,51.05,0.40,1,-1,-1
71,29,146.51,541.12,56.79,102.01,0.39,1,-1,-1
71,198,1201.22,392.44,21.56,56.40,0.68,1,-1,-1
71,239,1377.34,763.09,31.78,74.05,0.85,1,-1,-1
71,116,1171.98,388.78,21.49,54.89,0.41,1,-1,-1
71,67,905.01,471.67,48.74,116.13,0.97,1,-1,-1
71,240,76.92,724.08,225.78,206.32,0.99,4,-1,-1
71,242,806.00,133.73,30.11,28.68,0.57,4,-1,-1
71,243,166.27,277.34,22.98,42.28,0.29,1,-1,-1
71,244,1426.36,448.77,23.79,58.65,0.86,1,-1,-1
71,88,1431.31,429.16,23.83,59.16,0.88,1,-1,-1
71,245,553.25,803.63,161.10,193.66,1.00,4,-1,-1
71,246,875.05,394.24,64.91,68.18,1.00,4,-1,-1
71,247,212.61,198.16,20.50,39.60,0.83,1,-1,-1
71,251,6.69,395.29,25.37,54.66,0.60,1,-1,-1
71,252,700.60,890.45,162.88,177.70,0.99,4,-1,-1
71,205,171.76,357.01,22.76,51.86,0.25,1,-1,-1
71,253,1.24,485.53,31.08,107.29,0.78,1,-1,-1
71,209,126.70,398.45,26.46,61.52,0.31,1,-1,-1
71,123,155.93,427.87,26.55,50.09,0.58,1,-1,-1
72,6,260.28,416.30,46.28,104.88,0.99,1,-1,-1
72,8,786.22,485.93,46.68,126.98,0.98,1,-1,-1
72,18,279.48,431.77,98.26,46.48,0.87,4,-1,-1
72,21,333.56,372.12,103.81,78.20,1.00,4,-1,-1
72,24,1018.58,528.09,55.07,115.79,0.96,1,-1,-1
72,25,397.19,327.03,83.82,61.04,0.99,4,-1,-1
72,27,471.19,277.66,71.57,60.78,0.98,4,-1,-1
72,30,421.20,360.41,103.74,107.38,0.94,5,-1,-1
72,32,553.93,239.87,55.38,47.43,0.99,4,-1,-1
72,33,522.30,313.47,70.09,60.95,0.99,4,-1,-1
72,34,575.62,337.19,78.36,68.05,0.99,4,-1,-1
72,37,648.27,274.15,63.07,57.49,0.98,4,-1,-1
72,38,916.45,126.88,29.78,28.18,0.99,4,-1,-1
72,39,589.06,394.64,88.69,76.82,0.93,4,-1,-1
72,40,729.12,265.93,53.52,50.92,0.99,4,-1,-1
72,41,770.65,209.25,44.32,40.80,0.98,4,-1,-1
72,42,927.10,105.54,28.60,24.56,0.99,4,-1,-1
72,43,945.36,152.42,32.16,30.08,1.00,4,-1,-1
72,44,938.83,80.75,23.53,23.22,0.99,4,-1,-1
72,45,964.41,108.70,26.25,24.89,1.00,4,-1,-1
72,46,950.40,61.51,22.53,21.17,0.93,4,-1,-1
72,49,998.06,108.88,27.03,24.68,0.99,4,-1,-1
72,52,998.23,216.32,38.11,41.05,0.99,4,-1,-1
72,54,998.35,71.16,23.89,20.87,0.94,4,-1,-1
72,55,1058.06,178.06,34.70,35.62,0.97,4,-1,-1
72,56,1012.46,180.44,48.90,39.20,0.98,4,-1,-1
72,58,1097.21,327.63,58.84,57.78,0.98,4,-1,-1
72,59,1109.23,376.79,61.02,58.18,0.98,4,-1,-1
72,60,1108.57,427.00,65.76,63.50,0.99,4,-1,-1
72,62,1209.73,420.33,24.78,56.10,0.65,2,-1,-1
72,69,1294.80,395.05,21.50,44.42,0.94,1,-1,-1
72,70,1367.38,475.80,23.85,62.73,0.95,1,-1,-1
72,71,1357.27,284.91,81.00,65.34,0.99,4,-1,-1
72,77,1403.44,351.15,21.52,51.43,0.70,1,-1,-1
72,83,1423.89,351.35,23.88,55.98,0.51,1,-1,-1
72,84,1657.95,459.29,38.26,91.23,0.98,1,-1,-1
72,87,1406.45,419.13,23.82,63.71,0.99,1,-1,-1
72,89,1708.63,470.20,52.51,100.15,0.98,1,-1,-1
72,92,1390.48,488.06,38.84,98.82,0.99,1,-1,-1
72,97,1380.69,358.79,23.91,53.98,0.77,1,-1,-1
72,110,734.79,191.28,43.12,43.01,0.97,4,-1,-1
72,4,148.57,301.52,22.28,51.56,0.42,1,-1,-1
72,121,937.61,188.51,34.94,35.72,1.00,4,-1,-1
72,50,976.87,52.76,22.69,23.73,0.41,4,-1,-1
72,124,1187.99,366.51,21.26,46.81,0.39,2,-1,-1
72,102,1252.82,362.84,23.95,47.22,0.84,1,-1,-1
72,142,1580.83,452.63,36.06,93.79,0.87,1,-1,-1
72,149,692.87,237.26,44.26,44.19,0.94,4,-1,-1
72,153,697.40,483.34,59.10,120.16,0.99,1,-1,-1
72,158,1052.15,271.39,18.46,34.97,0.86,10,-1,-1
72,159,1477.37,411.16,23.83,59.86,0.94,1,-1,-1
72,115,261.64,356.76,21.83,43.22,0.23,1,-1,-1
72,118,1448.29,453.40,26.35,59.10,0.92,1,-1,-1
72,174,781.87,150.91,33.46,33.70,0.96,4,-1,-1
72,91,1556.24,489.49,40.64,98.77,0.99,1,-1,-1
72,181,1494.77,414.82,23.34,57.71,0.87,1,-1,-1
72,195,905.79,235.39,42.74,44.82,0.99,4,-1,-1
72,199,595.11,144.03,96.13,85.80,0.54,9,-1,-1
72,200,843.94,267.33,56.72,53.95,1.00,4,-1,-1
72,202,1057.73,332.76,22.64,42.17,0.97,10,-1,-1
72,204,1057.69,327.50,21.98,41.82,0.84,2,-1,-1
72,133,1552.28,433.75,34.01,71.66,0.68,1,-1,-1
72,139,191.91,394.08,25.85,53.61,0.68,1,-1,-1
72,212,1359.10,351.86,23.94,56.88,0.77,1,-1,-1
72,1,207.43,343.50,22.94,49.97,0.57,1,-1,-1
72,215,734.47,158.67,35.44,31.24,0.97,4,-1,-1
72,216,878.02,98.70,27.82,27.23,0.98,4,-1,-1
72,220,599.23,185.36,102.42,105.63,0.83,9,-1,-1
72,90,1444.58,357.83,25.42,66.83,0.16,1,-1,-1
72,229,752.12,137.08,29.96,28.82,0.80,4,-1,-1
72,157,1052.07,273.66,18.88,35.00,0.95,2,-1,-1
72,230,1344.10,852.55,90.13,53.38,0.30,3,-1,-1
72,235,1328.20,779.76,37.42,84.85,0.98,1,-1,-1
72,65,1324.11,353.57,23.76,52.02,0.40,1,-1,-1
72,29,144.29,537.56,55.27,98.84,0.22,1,-1,-1
72,198,1201.41,391.41,21.52,55.96,0.64,1,-1,-1
72,239,1377.00,759.02,31.18,75.30,0.83,1,-1,-1
72,116,1172.15,387.59,21.48,54.97,0.60,1,-1,-1
72,67,901.61,467.07,47.31,118.22,0.99,1,-1,-1
72,240,57.34,736.07,230.80,215.24,0.99,4,-1,-1
72,242,806.38,133.81,29.99,28.36,0.60,4,-1,-1
72,244,1424.29,447.87,25.40,58.74,0.88,1,-1,-1
72,88,1431.70,426.66,23.83,59.02,0.89,1,-1,-1
72,245,570.25,776.91,154.53,184.45,1.00,4,-1,-1
72,246,879.42,384.78,62.67,65.82,1.00,4,-1,-1
72,247,213.22,197.85,19.97,38.89,0.89,1,-1,-1
72,251,9.29,394.09,25.30,52.90,0.66,1,-1,-1
72,252,710.99,856.80,159.16,208.64,0.99,4,-1,-1
72,205,174.79,355.22,21.90,52.28,0.44,1,-1,-1
72,253,1.60,479.34,40.44,110.73,0.89,1,-1,-1
72,209,128.94,396.67,25.56,59.53,0.22,1,-1,-1
72,123,157.44,426.70,26.21,51.05,0.30,1,-1,-1
72,254,263.57,164.06,20.32,36.16,0.84,1,-1,-1
72,255,1520.44,445.55,26.30,54.39,0.77,1,-1,-1
73,6,262.73,413.67,47.08,105.32,0.99,1,-1,-1
73,8,796.49,483.82,44.84,124.74,0.98,1,-1,-1
73,18,280.30,431.09,98.23,45.49,0.88,4,-1,-1
73,21,334.84,370.68,103.06,78.20,1.00,4,-1,-1
73,24,1027.09,526.48,50.42,114.82,0.89,1,-1,-1
73,25,398.63,326.46,83.35,60.98,0.99,4,-1,-1
73,27,471.79,277.32,71.34,60.87,0.98,4,-1,-1
73,30,419.99,362.06,102.91,102.38,0.97,5,-1,-1
73,32,553.93,240.05,55.57,47.34,0.99,4,-1,-1
73,33,520.82,315.28,70.49,61.08,0.98,4,-1,-1
73,34,572.94,340.23,78.92,67.88,0.99,4,-1,-1
73,37,646.62,275.63,64.17,57.52,0.98,4,-1,-1
73,38,917.56,125.15,29.76,27.44,1.00,4,-1,-1
73,39,583.48,399.74,88.79,76.41,0.94,4,-1,-1
73,40,727.23,267.62,54.60,51.65,0.99,4,-1,-1
73,41,770.36,209.28,44.33,41.15,0.98,4,-1,-1
73,42,927.82,102.91,28.61,25.34,0.99,4,-1,-1
73,43,945.28,150.15,32.17,29.65,1.00,4,-1,-1
73,44,939.97,79.77,23.72,22.67,0.98,4,-1,-1
73,45,965.23,106.74,26.27,25.37,0.99,4,-1,-1
73,46,950.41,60.02,22.65,21.45,0.85,4,-1,-1
73,49,998.27,107.39,27.30,24.74,0.99,4,-1,-1
73,52,998.33,214.30,38.92,40.92,0.99,4,-1,-1
73,54,998.22,70.26,23.91,20.78,0.94,4,-1,-1
73,55,1058.06,177.77,35.49,35.59,0.96,4,-1,-1
73,56,1012.05,179.49,48.75,38.75,0.98,4,-1,-1
73,58,1097.44,326.82,58.66,56.77,0.98,4,-1,-1
73,59,1109.84,375.48,60.91,58.39,0.98,4,-1,-1
73,60,1108.80,425.43,65.74,62.91,0.99,4,-1,-1
73,62,1210.23,418.83,24.61,53.99,0.70,2,-1,-1
73,69,1294.53,394.70,21.51,43.38,0.96,1,-1,-1
73,70,1367.71,475.04,23.87,63.30,0.91,1,-1,-1
73,71,1356.96,284.33,81.25,65.20,0.98,4,-1,-1
73,77,1402.73,350.28,23.09,51.40,0.57,1,-1,-1
73,83,1424.86,351.14,23.90,54.93,0.59,1,-1,-1
73,84,1655.85,458.46,39.69,89.86,0.98,1,-1,-1
73,87,1406.82,416.10,23.84,63.43,0.99,1,-1,-1
73,89,1709.42,466.61,49.41,99.64,0.98,1,-1,-1
73,92,1385.44,483.36,36.65,91.14,0.90,1,-1,-1
73,97,1380.70,359.28,23.92,53.01,0.78,1,-1,-1
73,110,734.10,191.37,43.91,43.08,0.96,4,-1,-1
73,4,149.98,301.27,22.96,51.03,0.54,1,-1,-1
73,121,938.09,185.10,35.43,36.27,0.99,4,-1,-1
73,50,976.84,51.76,22.70,23.94,0.29,4,-1,-1
73,124,1187.84,364.88,21.46,47.89,0.52,2,-1,-1
73,102,1253.63,362.03,23.95,46.84,0.81,1,-1,-1
73,142,1580.60,452.21,36.02,93.58,0.95,1,-1,-1
73,149,692.81,237.48,45.06,44.08,0.95,4,-1,-1
73,153,709.28,481.09,55.21,120.67,0.98,1,-1,-1
73,158,1053.50,272.34,17.99,33.86,0.92,10,-1,-1
73,159,1476.32,409.61,23.85,58.21,0.91,1,-1,-1
73,115,262.83,356.29,21.56,42.86,0.47,1,-1,-1
73,118,1448.43,451.38,26.31,60.64,0.91,1,-1,-1
73,174,781.92,150.75,33.46,33.96,0.97,4,-1,-1
73,91,1552.75,487.90,40.70,99.07,0.99,1,-1,-1
73,181,1494.07,412.05,23.72,58.25,0.83,1,-1,-1
73,195,906.30,230.58,41.95,44.58,1.00,4,-1,-1
73,199,595.44,143.43,97.13,86.78,0.70,9,-1,-1
73,200,846.56,263.02,56.13,53.12,1.00,4,-1,-1
73,202,1058.34,328.11,22.63,42.22,0.84,10,-1,-1
73,204,1058.29,322.42,21.66,41.77,0.89,2,-1,-1
73,133,1554.35,432.93,32.13,74.68,0.85,1,-1,-1
73,139,193.79,392.01,25.96,54.05,0.81,1,-1,-1
73,212,1359.05,351.17,23.94,56.47,0.73,1,-1,-1
73,1,210.49,341.55,22.99,50.10,0.41,1,-1,-1
73,215,734.60,158.48,35.74,31.34,0.97,4,-1,-1
73,216,878.42,99.38,26.84,26.63,0.92,4,-1,-1
73,220,598.23,185.57,102.90,106.24,0.78,9,-1,-1
73,90,1443.37,365.36,24.38,60.22,0.66,1,-1,-1
73,229,752.53,136.46,29.86,29.07,0.74,4,-1,-1
73,157,1053.44,267.38,18.18,35.43,0.92,2,-1,-1
73,230,1345.27,850.45,89.02,52.11,0.12,3,-1,-1
73,235,1328.01,777.10,38.02,85.00,0.98,1,-1,-1
73,65,1324.61,352.93,23.93,52.01,0.38,1,-1,-1
73,29,141.50,533.63,55.34,100.68,0.23,1,-1,-1
73,198,1200.70,390.30,22.31,56.18,0.76,1,-1,-1
73,239,1377.00,754.48,34.24,77.41,0.80,1,-1,-1
73,116,1172.21,386.61,21.50,54.23,0.42,1,-1,-1
73,67,896.87,464.17,46.01,118.25,0.96,1,-1,-1
73,240,35.48,750.70,237.34,223.97,0.98,4,-1,-1
73,242,806.37,133.61,29.95,28.30,0.37,4,-1,-1
73,244,1423.67,447.80,25.99,58.40,0.89,1,-1,-1
73,88,1432.73,423.42,23.85,59.00,0.87,1,-1,-1
73,245,585.57,752.47,148.59,176.31,1.00,4,-1,-1
73,246,882.79,375.74,61.12,64.12,1.00,4,-1,-1
73,247,213.63,197.57,19.16,38.64,0.90,1,-1,-1
73,251,11.89,392.68,24.18,52.27,0.70,1,-1,-1
73,252,721.10,824.62,156.22,221.44,0.98,4,-1,-1
73,205,177.03,354.19,22.00,51.27,0.25,1,-1,-1
73,253,6.70,476.26,50.69,111.34,0.96,1,-1,-1
73,209,130.48,395.64,25.73,58.00,0.27,1,-1,-1
73,123,158.85,424.75,26.89,49.86,0.28,1,-1,-1
73,254,268.73,163.53,18.88,34.95,0.79,1,-1,-1
73,255,1521.35,442.58,24.38,52.93,0.79,1,-1,-1
73,256,206.49,310.78,33.47,32.87,0.71,3,-1,-1
73,257,262.07,163.91,17.93,34.66,0.72,1,-1,-1
73,74,1384.39,498.80,33.13,84.01,0.92,1,-1,-1
73,206,282.18,303.14,20.04,44.87,0.62,1,-1,-1
73,171,907.80,464.54,44.08,110.69,0.67,1,-1,-1
74,6,266.38,410.53,45.61,105.49,0.99,1,-1,-1
74,8,805.10,481.91,47.46,125.09,0.98,1,-1,-1
74,18,284.58,430.22,96.64,48.39,0.63,4,-1,-1
74,21,336.34,369.71,103.17,77.02,0.99,4,-1,-1
74,24,1034.00,522.97,50.25,115.45,0.37,1,-1,-1
74,25,399.24,325.82,83.94,60.56,0.99,4,-1,-1
74,27,472.68,277.05,71.24,60.60,0.98,4,-1,-1
74,30,418.70,364.34,102.16,99.29,0.97,5,-1,-1
74,32,554.01,239.98,55.24,47.69,0.99,4,-1,-1
74,33,519.40,316.86,70.23,61.50,0.99,4,-1,-1
74,34,570.49,343.05,79.89,68.19,0.99,4,-1,-1
74,37,645.68,276.92,64.56,57.91,0.98,4,-1,-1
74,38,918.77,123.30,29.76,27.27,1.00,4,-1,-1
74,39,576.90,404.82,89.16,73.88,0.96,4,-1,-1
74,40,726.20,269.27,55.00,52.01,0.98,4,-1,-1
74,41,769.93,209.36,44.32,41.66,0.98,4,-1,-1
74,42,928.49,101.05,29.41,25.44,0.99,4,-1,-1
74,43,945.26,147.75,32.17,29.55,0.99,4,-1,-1
74,44,940.41,78.53,24.59,22.76,0.98,4,-1,-1
74,45,966.34,105.04,26.27,25.65,0.99,4,-1,-1
74,46,950.45,59.06,23.48,21.56,0.91,4,-1,-1
74,49,998.77,105.42,27.41,25.35,0.99,4,-1,-1
74,52,999.17,212.82,38.44,40.68,0.99,4,-1,-1
74,54,998.21,69.29,23.91,20.87,0.94,4,-1,-1
74,55,1058.48,177.29,35.78,35.97,0.97,4,-1,-1
74,56,1011.94,178.28,47.92,38.78,0.99,4,-1,-1
74,58,1097.92,325.95,58.59,56.39,0.99,4,-1,-1
74,59,1110.07,374.61,60.87,58.07,0.98,4,-1,-1
74,60,1110.07,424.08,64.94,63.09,0.99,4,-1,-1
74,62,1210.81,418.09,24.14,51.95,0.42,2,-1,-1
74,69,1293.65,394.18,21.51,42.60,0.87,1,-1,-1
74,70,1369.38,474.56,25.45,65.44,0.65,1,-1,-1
74,71,1357.63,283.27,81.33,65.65,0.96,4,-1,-1
74,77,1403.24,349.81,23.67,50.99,0.56,1,-1,-1
74,83,1425.19,350.52,23.90,53.74,0.66,1,-1,-1
74,84,1654.32,457.46,40.21,88.19,0.97,1,-1,-1
74,87,1406.16,413.46,25.43,63.72,0.99,1,-1,-1
74,89,1710.59,462.25,46.60,97.89,0.96,1,-1,-1
74,92,1375.70,479.68,37.56,97.53,0.97,1,-1,-1
74,97,1380.70,359.09,23.91,52.64,0.78,1,-1,-1
74,110,733.52,191.88,44.19,43.10,0.97,4,-1,-1
74,4,151.74,300.46,22.43,50.93,0.55,1,-1,-1
74,121,939.06,182.45,34.83,35.70,1.00,4,-1,-1
74,50,976.85,50.74,22.70,24.36,0.51,4,-1,-1
74,124,1188.56,363.69,20.74,47.51,0.23,2,-1,-1
74,102,1253.95,361.37,23.95,46.69,0.74,1,-1,-1
74,142,1580.49,451.30,35.99,95.06,0.93,1,-1,-1
74,149,692.84,237.33,45.36,44.62,0.98,4,-1,-1
74,153,722.93,476.33,48.77,123.26,0.97,1,-1,-1
74,158,1054.38,270.48,17.84,33.79,0.94,10,-1,-1
74,159,1475.16,407.93,25.44,57.99,0.90,1,-1,-1
74,115,264.39,355.09,21.87,44.37,0.22,1,-1,-1
74,118,1447.71,449.51,26.29,58.45,0.88,1,-1,-1
74,174,781.97,151.07,33.46,33.85,0.96,4,-1,-1
74,91,1549.88,484.96,40.71,99.97,0.99,1,-1,-1
74,181,1493.84,409.71,22.29,57.67,0.81,1,-1,-1
74,195,907.29,226.40,40.87,44.32,0.99,4,-1,-1
74,199,595.63,143.19,97.49,87.34,0.80,9,-1,-1
74,200,849.84,258.54,55.13,52.94,1.00,4,-1,-1
74,202,1058.98,323.98,21.83,41.84,0.91,10,-1,-1
74,204,1058.92,317.73,20.74,40.97,0.82,2,-1,-1
74,133,1557.53,431.29,31.41,82.83,0.95,1,-1,-1
74,139,195.21,390.81,25.01,53.04,0.79,1,-1,-1
74,212,1359.04,350.15,23.94,55.91,0.62,1,-1,-1
74,1,212.81,339.62,23.39,50.55,0.45,1,-1,-1
74,215,734.70,158.50,35.85,31.57,0.98,4,-1,-1
74,216,877.82,100.28,27.26,26.21,0.94,4,-1,-1
74,220,597.36,186.98,103.24,104.49,0.85,9,-1,-1
74,90,1441.32,358.94,25.62,63.96,0.35,1,-1,-1
74,229,752.32,136.28,30.62,29.12,0.80,4,-1,-1
74,157,1054.35,263.46,17.92,33.04,0.86,2,-1,-1
74,230,1344.12,846.19,90.18,53.21,0.20,3,-1,-1
74,235,1328.71,773.84,38.24,85.83,0.98,1,-1,-1
74,65,1325.56,351.74,23.99,52.39,0.34,1,-1,-1
74,29,138.91,530.04,55.23,104.70,0.35,1,-1,-1
74,198,1201.61,388.53,21.82,55.08,0.51,1,-1,-1
74,239,1376.99,748.48,35.31,79.80,0.84,1,-1,-1
74,116,1172.63,385.88,21.50,53.54,0.23,1,-1,-1
74,67,892.50,463.17,46.32,114.32,0.93,1,-1,-1
74,240,12.90,766.70,245.07,231.04,0.97,4,-1,-1
74,242,806.81,133.83,29.93,28.08,0.48,4,-1,-1
74,244,1421.08,448.43,27.79,58.72,0.90,1,-1,-1
74,88,1433.90,421.10,22.27,58.21,0.90,1,-1,-1
74,245,600.02,734.61,143.20,159.23,1.00,4,-1,-1
74,246,883.84,366.35,62.29,63.92,1.00,4,-1,-1
74,247,213.63,197.04,19.50,38.56,0.84,1,-1,-1
74,251,13.95,391.57,24.48,52.48,0.81,1,-1,-1
74,252,732.73,794.16,150.99,218.43,0.99,4,-1,-1
74,205,179.25,352.21,22.23,49.69,0.34,1,-1,-1
74,253,14.79,474.56,54.40,108.40,0.97,1,-1,-1
74,209,132.55,394.04,25.49,57.44,0.49,1,-1,-1
74,123,159.71,423.19,27.33,52.91,0.17,1,-1,-1
74,254,265.00,163.03,18.60,35.41,0.64,1,-1,-1
74,255,1518.69,441.03,24.00,53.11,0.49,1,-1,-1
74,206,283.33,300.95,19.60,46.06,0.44,1,-1,-1
74,171,904.64,462.39,43.16,109.28,0.79,1,-1,-1
74,258,98.54,604.23,136.64,133.88,0.90,4,-1,-1
75,6,270.25,408.18,42.95,105.14,0.98,1,-1,-1
75,8,810.80,480.13,52.31,123.62,0.98,1,-1,-1
75,18,289.94,428.68,94.36,50.57,0.36,4,-1,-1
75,21,338.18,368.13,102.82,76.55,0.99,4,-1,-1
75,24,1035.87,519.74,53.37,116.65,0.78,1,-1,-1
75,25,399.95,325.14,84.16,59.59,0.99,4,-1,-1
75,27,473.68,275.92,71.19,60.86,0.98,4,-1,-1
75,30,417.61,366.85,101.46,94.11,0.96,5,-1,-1
75,32,553.89,239.41,55.09,47.99,0.99,4,-1,-1
75,33,517.42,318.72,70.50,61.62,0.99,4,-1,-1
75,34,568.32,345.53,80.03,68.26,0.99,4,-1,-1
75,37,644.99,278.09,64.69,58.02,0.99,4,-1,-1
75,38,919.88,120.64,29.76,27.71,0.99,4,-1,-1
75,39,570.73,409.85,88.86,72.46,0.98,4,-1,-1
75,40,724.69,270.94,55.13,52.50,0.99,4,-1,-1
75,41,769.76,209.39,44.30,41.83,0.99,4,-1,-1
75,42,929.02,99.60,29.70,25.07,0.99,4,-1,-1
75,43,945.16,145.33,32.18,29.66,1.00,4,-1,-1
75,44,941.25,77.65,24.13,22.39,0.99,4,-1,-1
75,45,967.43,103.35,25.48,25.56,0.99,4,-1,-1
75,46,951.15,57.70,23.01,21.69,0.85,4,-1,-1
75,49,999.23,103.24,27.44,25.57,0.99,4,-1,-1
75,52,1000.18,210.93,37.47,40.78,0.99,4,-1,-1
75,54,998.11,68.40,23.91,20.50,0.89,4,-1,-1
75,55,1058.91,176.71,35.88,36.10,0.97,4,-1,-1
75,56,1012.22,176.97,46.82,38.19,0.98,4,-1,-1
75,58,1098.40,324.91,58.56,55.82,0.99,4,-1,-1
75,59,1110.45,372.96,61.65,58.33,0.98,4,-1,-1
75,60,1110.85,421.06,64.63,63.54,0.99,4,-1,-1
75,62,1211.30,416.47,24.37,51.15,0.30,2,-1,-1
75,69,1293.21,392.60,21.51,41.11,0.61,1,-1,-1
75,70,1368.30,473.74,27.58,63.91,0.22,1,-1,-1
75,71,1357.71,281.81,81.34,66.08,0.93,4,-1,-1
75,77,1404.03,348.47,22.35,50.82,0.74,1,-1,-1
75,83,1425.89,347.73,23.90,54.08,0.76,1,-1,-1
75,84,1651.22,453.90,40.43,89.99,0.98,1,-1,-1
75,87,1405.75,410.74,26.02,63.42,0.98,1,-1,-1
75,89,1712.48,458.11,43.97,95.24,0.97,1,-1,-1
75,92,1361.93,476.97,44.29,97.37,0.99,1,-1,-1
75,97,1382.11,357.83,22.34,52.50,0.77,1,-1,-1
75,110,733.31,191.90,44.29,43.08,0.98,4,-1,-1
75,4,153.30,296.61,23.81,53.85,0.83,1,-1,-1
75,121,939.31,179.40,35.41,35.28,1.00,4,-1,-1
75,50,977.14,50.25,22.70,23.73,0.16,4,-1,-1
75,124,1188.72,362.51,20.46,46.95,0.26,2,-1,-1
75,102,1253.92,359.97,23.94,46.62,0.63,1,-1,-1
75,142,1581.01,450.12,35.98,96.74,0.92,1,-1,-1
75,149,692.86,237.20,45.46,44.80,0.98,4,-1,-1
75,153,736.45,472.71,46.33,123.02,0.99,1,-1,-1
75,158,1054.99,268.69,17.80,32.77,0.86,10,-1,-1
75,159,1474.56,405.36,26.03,57.89,0.94,1,-1,-1
75,115,265.66,353.64,22.78,50.06,0.65,1,-1,-1
75,118,1446.50,448.44,27.86,57.19,0.68,1,-1,-1
75,174,781.56,150.99,34.25,33.95,0.96,4,-1,-1
75,91,1547.09,483.21,39.15,99.09,0.97,1,-1,-1
75,181,1492.82,408.48,21.74,56.64,0.83,1,-1,-1
75,195,907.56,221.76,40.50,43.83,1.00,4,-1,-1
75,199,596.31,143.18,97.82,87.70,0.82,9,-1,-1
75,200,852.50,254.00,53.98,52.08,1.00,4,-1,-1
75,202,1059.52,315.72,20.73,41.31,0.77,10,-1,-1
75,204,1058.67,316.84,22.01,41.85,0.82,2,-1,-1
75,133,1558.46,429.08,31.16,86.64,0.95,1,-1,-1
75,139,197.11,388.98,25.45,53.84,0.91,1,-1,-1
75,212,1358.89,349.57,23.94,55.28,0.75,1,-1,-1
75,1,215.51,337.74,23.74,50.70,0.48,1,-1,-1
75,215,734.72,158.16,35.88,31.84,0.97,4,-1,-1
75,216,877.53,100.64,27.41,25.84,0.95,4,-1,-1
75,220,596.51,187.35,103.92,104.16,0.83,9,-1,-1
75,90,1440.41,356.67,24.50,61.36,0.17,1,-1,-1
75,229,752.60,135.58,31.69,29.61,0.82,4,-1,-1
75,157,1054.56,261.37,17.84,35.19,0.89,2,-1,-1
75,230,1344.40,842.01,89.02,52.80,0.74,3,-1,-1
75,235,1328.91,770.05,38.32,85.31,0.98,1,-1,-1
75,65,1326.52,348.97,24.00,53.70,0.28,1,-1,-1
75,29,136.42,526.39,55.94,107.35,0.49,1,-1,-1
75,198,1202.24,387.11,20.84,53.84,0.47,1,-1,-1
75,239,1377.67,746.35,35.74,79.12,0.88,1,-1,-1
75,116,1173.85,383.87,21.50,53.66,0.15,1,-1,-1
75,67,887.06,461.00,49.62,114.80,0.97,1,-1,-1
75,240,1.21,782.84,242.16,237.35,0.96,4,-1,-1
75,242,806.93,133.41,30.71,28.34,0.62,4,-1,-1
75,244,1419.96,448.45,28.47,59.64,0.85,1,-1,-1
75,88,1433.37,418.89,23.30,57.51,0.92,1,-1,-1
75,245,613.81,716.86,136.76,145.55,0.99,4,-1,-1
75,246,887.33,357.12,61.11,63.43,1.00,4,-1,-1
75,247,213.95,196.48,19.62,38.72,0.88,1,-1,-1
75,251,14.74,389.58,26.12,51.71,0.85,1,-1,-1
75,252,743.61,765.21,145.87,211.32,1.00,4,-1,-1
75,205,181.45,350.32,22.72,49.90,0.46,1,-1,-1
75,253,25.33,471.26,55.31,107.62,0.95,1,-1,-1
75,209,134.78,392.46,25.46,55.23,0.40,1,-1,-1
75,254,265.22,162.16,18.27,35.56,0.48,1,-1,-1
75,255,1514.93,437.74,25.78,54.57,0.39,1,-1,-1
75,206,284.84,299.87,19.86,46.55,0.45,1,-1,-1
75,171,900.36,458.73,43.68,107.18,0.84,1,-1,-1
75,258,96.38,605.49,136.52,142.15,0.97,4,-1,-1
75,259,409.69,626.34,129.09,131.48,0.91,4,-1,-1
75,260,684.91,155.84,34.66,32.27,0.66,4,-1,-1
75,261,757.23,441.67,87.26,77.70,0.79,4,-1,-1
75,262,1054.86,259.98,17.93,32.27,0.86,2,-1,-1
75,263,1123.59,1012.43,50.20,54.98,0.66,2,-1,-1
75,86,1447.27,342.85,21.49,58.07,0.53,1,-1,-1
76,6,272.82,404.75,42.99,105.43,0.99,1,-1,-1
76,8,816.92,476.71,53.40,124.27,0.98,1,-1,-1
76,21,339.30,366.71,103.10,76.39,0.99,4,-1,-1
76,24,1040.28,516.76,55.30,110.43,0.72,1,-1,-1
76,25,400.68,324.63,83.85,58.83,0.99,4,-1,-1
76,27,474.34,275.12,71.57,61.44,0.98,4,-1,-1
76,30,414.20,369.63,102.78,92.25,0.95,5,-1,-1
76,32,553.95,239.10,54.26,48.30,0.99,4,-1,-1
76,33,515.25,320.08,71.39,62.44,0.97,4,-1,-1
76,34,565.91,347.90,80.07,69.05,0.99,4,-1,-1
76,37,643.88,279.31,64.74,58.35,0.98,4,-1,-1
76,38,920.58,118.46,29.78,27.68,0.99,4,-1,-1
76,39,564.95,415.07,89.11,69.54,0.99,4,-1,-1
76,40,722.51,272.80,55.95,53.06,0.99,4,-1,-1
76,41,769.63,209.69,44.30,41.89,0.99,4,-1,-1
76,42,930.28,98.22,29.04,24.74,0.99,4,-1,-1
76,43,944.65,142.56,32.19,29.76,0.98,4,-1,-1
76,44,941.86,76.21,23.96,22.76,0.98,4,-1,-1
76,45,967.74,101.61,25.99,25.92,0.99,4,-1,-1
76,46,951.34,56.50,22.82,21.81,0.77,4,-1,-1
76,49,999.33,101.61,27.46,25.85,0.99,4,-1,-1
76,52,1000.49,209.39,37.91,40.23,0.99,4,-1,-1
76,54,997.21,67.52,23.91,20.76,0.84,4,-1,-1
76,55,1059.41,176.00,35.92,35.95,0.98,4,-1,-1
76,56,1012.27,175.51,45.65,37.97,0.99,4,-1,-1
76,58,1098.92,323.85,58.56,55.22,0.98,4,-1,-1
76,59,1111.33,371.49,61.17,58.04,0.98,4,-1,-1
76,60,1111.10,419.87,64.53,61.75,0.99,4,-1,-1
76,62,1211.06,414.61,24.06,51.66,0.24,2,-1,-1
76,69,1293.04,391.92,21.51,40.18,0.65,1,-1,-1
76,71,1358.51,280.77,79.78,66.24,0.95,4,-1,-1
76,77,1405.92,347.50,21.81,49.97,0.61,1,-1,-1
76,83,1427.70,344.83,22.33,56.19,0.62,1,-1,-1
76,84,1650.14,451.54,38.95,89.10,0.98,1,-1,-1
76,87,1405.58,408.70,26.25,63.31,0.99,1,-1,-1
76,89,1712.42,454.40,43.06,93.91,0.96,1,-1,-1
76,92,1350.15,474.20,51.19,97.33,0.98,1,-1,-1
76,97,1383.46,356.65,21.74,52.07,0.73,1,-1,-1
76,110,732.76,192.09,44.32,43.07,0.98,4,-1,-1
76,4,154.78,296.12,23.93,53.77,0.79,1,-1,-1
76,121,940.10,176.58,35.63,34.55,1.00,4,-1,-1
76,50,977.17,49.63,21.92,23.29,0.17,4,-1,-1
76,124,1189.14,361.60,20.37,45.94,0.24,2,-1,-1
76,102,1254.67,357.79,23.95,47.78,0.43,1,-1,-1
76,142,1579.65,448.98,37.54,99.71,0.98,1,-1,-1
76,149,692.77,237.25,45.49,45.06,0.98,4,-1,-1
76,153,747.66,470.18,50.42,122.57,0.98,1,-1,-1
76,158,1055.13,261.28,17.80,35.46,0.83,10,-1,-1
76,159,1474.38,403.37,24.72,56.68,0.93,1,-1,-1
76,115,267.62,352.69,22.16,47.61,0.40,1,-1,-1
76,118,1446.06,447.99,28.45,57.95,0.89,1,-1,-1
76,174,781.31,150.85,34.54,34.27,0.97,4,-1,-1
76,91,1541.35,481.67,41.74,99.55,0.98,1,-1,-1
76,181,1490.88,405.00,23.15,56.66,0.86,1,-1,-1
76,195,907.56,217.54,40.39,43.28,0.99,4,-1,-1
76,199,596.26,143.18,97.37,87.44,0.77,9,-1,-1
76,200,854.88,249.63,53.60,50.99,1.00,4,-1,-1
76,202,1059.26,313.35,21.16,41.92,0.91,10,-1,-1
76,204,1059.30,310.04,20.92,40.61,0.71,2,-1,-1
76,133,1559.58,427.35,32.68,88.92,0.94,1,-1,-1
76,139,198.22,387.49,25.22,53.75,0.94,1,-1,-1
76,212,1358.83,349.46,23.94,55.45,0.82,1,-1,-1
76,1,217.58,335.85,24.27,51.54,0.46,1,-1,-1
76,215,734.63,158.03,35.89,31.94,0.97,4,-1,-1
76,216,877.35,100.64,27.48,26.11,0.90,4,-1,-1
76,220,595.74,187.96,104.18,104.43,0.83,9,-1,-1
76,90,1441.70,346.66,25.68,67.08,0.45,1,-1,-1
76,229,752.99,135.26,31.32,29.65,0.78,4,-1,-1
76,157,1054.95,257.20,17.82,34.37,0.64,2,-1,-1
76,230,1342.96,838.71,90.18,51.85,0.66,3,-1,-1
76,235,1329.00,765.72,38.35,85.89,0.98,1,-1,-1
76,65,1326.85,347.44,24.01,53.80,0.32,1,-1,-1
76,29,134.07,522.95,56.23,105.65,0.44,1,-1,-1
76,198,1202.44,385.32,21.27,52.19,0.23,1,-1,-1
76,239,1378.73,744.59,34.34,76.51,0.81,1,-1,-1
76,67,884.68,459.21,50.08,112.62,0.98,1,-1,-1
76,240,-3.69,800.48,229.97,241.17,0.96,4,-1,-1
76,242,806.88,133.14,31.00,28.54,0.60,4,-1,-1
76,244,1418.79,447.96,28.73,60.40,0.87,1,-1,-1
76,88,1433.17,417.23,23.67,59.26,0.93,1,-1,-1
76,245,625.75,689.83,132.29,142.93,1.00,4,-1,-1
76,246,890.84,348.80,59.91,61.65,1.00,4,-1,-1
76,247,214.12,196.10,20.08,38.58,0.92,1,-1,-1
76,251,17.05,388.25,26.35,50.62,0.79,1,-1,-1
76,252,755.31,738.64,139.19,199.18,1.00,4,-1,-1
76,205,184.03,348.22,22.72,51.98,0.51,1,-1,-1
76,253,36.47,467.73,53.08,106.90,0.95,1,-1,-1
76,209,136.79,391.27,25.55,54.44,0.45,1,-1,-1
76,254,265.68,161.90,18.42,35.37,0.69,1,-1,-1
76,255,1505.16,435.32,33.28,53.26,0.55,2,-1,-1
76,206,286.32,299.33,19.17,46.63,0.66,1,-1,-1
76,171,897.29,455.81,43.89,105.23,0.79,1,-1,-1
76,258,90.09,624.01,153.47,129.47,1.00,4,-1,-1
76,259,405.59,621.18,137.65,144.79,0.92,4,-1,-1
76,260,685.61,155.53,33.70,32.25,0.74,4,-1,-1
76,261,766.06,433.19,79.58,64.73,0.98,4,-1,-1
76,263,1124.68,988.78,42.54,70.25,0.77,2,-1,-1
76,86,1448.34,341.46,21.52,58.97,0.63,1,-1,-1
76,233,143.25,289.74,38.05,39.70,0.65,3,-1,-1
77,6,275.06,401.41,44.00,105.55,0.99,1,-1,-1
77,8,825.50,472.65,52.26,124.54,0.99,1,-1,-1
77,21,340.68,365.66,102.43,75.56,0.99,4,-1,-1
77,24,1049.12,513.47,54.48,108.65,0.84,1,-1,-1
77,25,400.96,323.31,84.52,58.96,0.99,4,-1,-1
77,27,475.01,274.19,71.70,61.37,0.99,4,-1,-1
77,30,411.05,371.62,103.26,89.22,0.80,5,-1,-1
77,32,553.81,239.04,52.75,48.22,0.98,4,-1,-1
77,33,513.14,321.38,71.71,62.75,0.98,4,-1,-1
77,34,563.33,350.55,80.26,69.35,0.99,4,-1,-1
77,37,641.95,280.29,65.52,58.57,0.98,4,-1,-1
77,38,922.03,116.14,29.00,27.49,0.98,4,-1,-1
77,39,562.94,420.12,85.65,63.23,0.95,4,-1,-1
77,40,720.97,274.41,56.25,53.37,0.99,4,-1,-1
77,41,768.84,209.58,45.07,42.30,0.99,4,-1,-1
77,42,931.17,96.37,28.78,24.63,0.96,4,-1,-1
77,43,944.49,140.28,32.20,29.77,0.99,4,-1,-1
77,44,942.91,75.04,23.90,22.58,0.98,4,-1,-1
77,45,968.67,99.89,25.38,25.76,0.99,4,-1,-1
77,46,951.46,55.63,22.75,21.36,0.94,4,-1,-1
77,49,1000.19,100.47,26.68,25.18,0.99,4,-1,-1
77,52,1001.41,207.50,38.08,40.23,1.00,4,-1,-1
77,54,996.54,66.24,24.70,20.95,0.87,4,-1,-1
77,55,1059.24,175.07,35.93,36.29,0.99,4,-1,-1
77,56,1012.74,173.82,44.44,38.10,0.99,4,-1,-1
77,58,1099.13,322.21,58.55,56.19,0.98,4,-1,-1
77,59,1112.07,369.90,60.99,57.55,0.98,4,-1,-1
77,60,1111.20,418.81,65.28,59.89,0.99,4,-1,-1
77,62,1211.77,412.90,23.15,51.86,0.46,2,-1,-1
77,69,1293.03,391.03,21.51,37.45,0.41,1,-1,-1
77,71,1359.65,279.66,79.17,65.62,0.74,4,-1,-1
77,77,1407.44,345.54,20.02,49.26,0.70,1,-1,-1
77,83,1428.39,343.33,21.72,56.20,0.57,1,-1,-1
77,84,1648.26,449.33,38.39,87.61,0.98,1,-1,-1
77,87,1406.34,406.98,24.78,62.10,0.99,1,-1,-1
77,89,1712.45,449.76,42.77,92.27,0.95,1,-1,-1
77,92,1344.09,469.87,51.05,98.10,0.99,1,-1,-1
77,97,1383.98,356.36,21.52,51.12,0.79,1,-1,-1
77,110,732.22,192.04,45.11,43.27,0.98,4,-1,-1
77,4,156.38,296.58,24.36,52.36,0.49,1,-1,-1
77,121,940.80,173.86,35.73,34.69,1.00,4,-1,-1
77,50,977.63,48.74,21.62,22.83,0.55,4,-1,-1
77,124,1188.93,360.04,21.12,45.97,0.57,2,-1,-1
77,102,1254.20,357.32,23.94,47.05,0.43,1,-1,-1
77,142,1579.17,448.14,38.12,101.22,0.98,1,-1,-1
77,149,693.16,236.94,45.50,44.96,0.98,4,-1,-1
77,153,755.86,468.62,55.70,120.05,0.99,1,-1,-1
77,158,1055.18,257.71,17.80,35.25,0.90,10,-1,-1
77,159,1473.62,400.28,24.18,58.23,0.93,1,-1,-1
77,115,270.00,350.41,21.51,43.78,0.37,1,-1,-1
77,118,1444.40,446.83,28.67,57.05,0.83,1,-1,-1
77,174,781.26,150.63,34.65,34.35,0.97,4,-1,-1
77,91,1536.24,479.90,41.12,99.33,0.99,1,-1,-1
77,181,1488.68,401.76,23.65,59.44,0.90,1,-1,-1
77,195,907.97,212.88,40.37,42.51,1.00,4,-1,-1
77,199,596.08,142.91,97.78,87.40,0.69,9,-1,-1
77,200,857.28,245.12,53.48,50.22,1.00,4,-1,-1
77,202,1059.19,305.73,21.31,41.47,0.84,10,-1,-1
77,204,1058.78,308.19,22.08,41.75,0.75,2,-1,-1
77,133,1559.22,426.08,33.24,89.79,0.94,1,-1,-1
77,139,199.96,385.63,24.34,52.15,0.87,1,-1,-1
77,212,1358.86,348.78,23.93,55.12,0.84,1,-1,-1
77,1,220.24,333.65,24.47,51.87,0.75,1,-1,-1
77,215,734.23,157.47,36.68,32.37,0.98,4,-1,-1
77,216,877.33,100.33,27.50,26.41,0.90,4,-1,-1
77,220,594.73,188.53,104.25,104.15,0.70,9,-1,-1
77,90,1441.42,343.75,26.09,67.60,0.47,1,-1,-1
77,229,753.17,134.49,31.96,30.11,0.81,4,-1,-1
77,157,1055.91,253.90,17.03,33.47,0.89,2,-1,-1
77,230,1343.20,834.39,89.04,52.30,0.15,3,-1,-1
77,235,1328.26,761.02,38.35,86.89,0.96,1,-1,-1
77,65,1327.77,346.06,24.00,53.05,0.41,1,-1,-1
77,29,131.51,519.26,55.55,100.65,0.78,1,-1,-1
77,198,1202.92,383.84,21.03,51.57,0.50,1,-1,-1
77,239,1378.36,742.40,33.78,75.53,0.53,1,-1,-1
77,67,888.65,454.20,46.34,107.83,0.43,1,-1,-1
77,240,-5.05,819.08,213.37,240.19,0.83,4,-1,-1
77,242,807.69,132.79,30.32,28.97,0.67,4,-1,-1
77,244,1418.41,446.96,27.25,57.53,0.91,1,-1,-1
77,88,1433.13,414.27,23.81,60.70,0.93,1,-1,-1
77,245,636.29,669.16,133.48,139.54,0.99,4,-1,-1
77,246,894.45,340.41,57.89,60.20,1.00,4,-1,-1
77,247,214.89,195.62,19.65,38.13,0.91,1,-1,-1
77,251,19.32,386.03,26.89,47.37,0.84,1,-1,-1
77,252,765.23,721.83,133.63,177.16,0.98,4,-1,-1
77,205,186.22,346.14,22.32,51.58,0.83,1,-1,-1
77,253,48.07,463.18,51.97,108.26,0.94,1,-1,-1
77,209,138.90,389.30,25.24,53.37,0.38,1,-1,-1
77,254,266.30,161.61,18.90,34.87,0.21,1,-1,-1
77,255,1503.23,432.68,34.40,54.52,0.50,1,-1,-1
77,206,287.93,298.60,18.80,45.48,0.35,1,-1,-1
77,171,886.38,453.55,48.76,110.54,0.98,1,-1,-1
77,258,79.24,640.23,158.85,124.17,0.99,4,-1,-1
77,259,400.66,622.22,146.01,151.70,0.91,4,-1,-1
77,260,684.87,154.78,35.36,32.94,0.62,4,-1,-1
77,261,769.73,423.16,79.00,66.49,0.96,4,-1,-1
77,263,1121.01,963.37,42.93,94.98,0.87,10,-1,-1
77,86,1447.93,340.32,23.10,59.30,0.47,1,-1,-1
77,233,140.49,291.99,39.04,37.65,0.68,3,-1,-1
77,264,0.12,344.55,24.64,59.77,0.83,1,-1,-1
77,265,1120.61,955.05,41.84,76.50,0.74,2,-1,-1
77,70,1371.48,471.85,26.68,59.82,0.52,1,-1,-1
78,6,278.26,399.06,43.91,104.84,0.98,1,-1,-1
78,8,835.03,469.44,50.24,123.10,0.98,1,-1,-1
78,21,342.75,364.90,101.42,74.47,0.99,4,-1,-1
78,24,1058.16,509.74,55.73,108.45,0.68,1,-1,-1
78,25,402.44,322.42,84.01,59.02,0.98,4,-1,-1
78,27,475.68,273.82,71.38,59.97,0.99,4,-1,-1
78,30,408.18,374.06,103.86,82.90,0.45,5,-1,-1
78,32,553.83,238.88,51.80,48.19,0.99,4,-1,-1
78,33,510.88,322.79,71.84,62.86,0.99,4,-1,-1
78,34,560.15,353.23,81.31,69.85,0.99,4,-1,-1
78,37,640.35,281.39,65.82,58.65,0.98,4,-1,-1
78,38,923.26,114.48,28.72,27.13,0.99,4,-1,-1
78,39,558.14,426.05,84.09,64.65,0.42,4,-1,-1
78,40,719.55,276.50,56.36,53.48,0.99,4,-1,-1
78,41,768.86,209.76,44.59,42.65,0.99,4,-1,-1
78,42,931.80,95.01,28.70,24.59,0.97,4,-1,-1
78,43,944.36,138.49,31.43,29.04,0.98,4,-1,-1
78,44,943.21,74.36,23.88,22.51,0.97,4,-1,-1
78,45,968.94,98.61,25.16,25.71,0.99,4,-1,-1
78,46,951.45,54.42,22.73,21.62,0.90,4,-1,-1
78,49,1000.85,99.38,26.40,24.73,0.99,4,-1,-1
78,52,1001.71,205.99,38.16,39.85,1.00,4,-1,-1
78,54,995.85,65.29,25.00,21.13,0.82,4,-1,-1
78,55,1059.14,174.45,36.72,36.81,0.98,4,-1,-1
78,56,1012.88,172.25,44.05,38.55,0.99,4,-1,-1
78,58,1099.59,321.18,57.78,56.17,0.96,4,-1,-1
78,59,1112.72,368.71,60.94,57.37,0.98,4,-1,-1
78,60,1112.00,417.84,64.02,58.82,0.99,4,-1,-1
78,62,1212.45,411.87,23.22,50.37,0.59,2,-1,-1
78,71,1360.12,278.51,78.97,65.69,0.60,4,-1,-1
78,77,1408.05,344.18,19.35,49.02,0.76,1,-1,-1
78,83,1428.67,342.16,21.52,55.43,0.58,1,-1,-1
78,84,1646.16,447.74,36.61,84.70,0.93,1,-1,-1
78,87,1405.91,404.39,24.20,62.05,0.99,1,-1,-1
78,89,1711.01,444.73,42.70,90.92,0.96,1,-1,-1
78,92,1339.13,468.12,46.33,95.27,0.90,1,-1,-1
78,97,1384.21,355.02,21.46,51.19,0.84,1,-1,-1
78,110,731.92,192.05,44.63,43.54,0.97,4,-1,-1
78,4,158.46,297.19,24.33,51.23,0.32,1,-1,-1
78,121,941.36,170.99,35.78,34.76,0.99,4,-1,-1
78,50,977.73,47.91,21.51,22.81,0.52,4,-1,-1
78,124,1190.02,358.65,20.63,46.38,0.55,2,-1,-1
78,102,1254.82,356.75,23.94,45.58,0.38,1,-1,-1
78,142,1578.32,447.61,39.89,99.47,0.98,1,-1,-1
78,149,693.20,236.97,45.51,44.92,0.98,4,-1,-1
78,153,764.38,465.95,57.76,118.34,0.97,1,-1,-1
78,158,1055.95,254.18,17.82,35.19,0.90,10,-1,-1
78,159,1473.45,397.76,24.00,58.03,0.86,1,-1,-1
78,115,271.63,348.79,21.28,42.34,0.20,1,-1,-1
78,118,1443.86,445.82,27.20,56.74,0.77,1,-1,-1
78,174,780.74,150.77,34.70,34.38,0.97,4,-1,-1
78,91,1532.87,477.86,39.31,99.26,0.99,1,-1,-1
78,181,1487.95,400.16,23.86,58.94,0.82,1,-1,-1
78,195,908.44,208.58,39.60,41.85,0.99,4,-1,-1
78,199,596.07,143.44,98.16,86.70,0.65,9,-1,-1
78,200,859.98,240.79,52.68,49.97,1.00,4,-1,-1
78,202,1059.13,303.61,21.39,42.12,0.90,10,-1,-1
78,204,1059.73,301.48,20.95,40.21,0.81,2,-1,-1
78,133,1558.36,425.39,35.03,88.18,0.93,1,-1,-1
78,139,201.01,383.39,26.02,52.75,0.70,1,-1,-1
78,212,1358.14,347.89,23.94,55.01,0.78,1,-1,-1
78,1,222.79,331.89,24.35,51.21,0.83,1,-1,-1
78,215,734.37,157.49,36.20,32.35,0.98,4,-1,-1
78,216,877.25,100.50,27.51,26.72,0.81,4,-1,-1
78,220,593.86,189.06,104.28,103.86,0.80,9,-1,-1
78,90,1440.62,347.34,26.26,64.69,0.60,1,-1,-1
78,229,753.12,133.94,32.20,30.09,0.72,4,-1,-1
78,157,1055.80,250.66,17.56,34.15,0.69,2,-1,-1
78,230,1343.39,831.57,90.21,50.11,0.36,3,-1,-1
78,235,1328.05,758.03,38.36,85.71,0.98,1,-1,-1
78,65,1329.70,344.55,22.43,52.77,0.36,1,-1,-1
78,29,128.60,514.67,54.68,96.76,0.53,1,-1,-1
78,198,1203.91,382.49,20.95,52.56,0.58,1,-1,-1
78,239,1379.09,739.51,35.17,75.21,0.70,1,-1,-1
78,67,884.78,449.82,47.29,111.75,0.94,1,-1,-1
78,240,-5.27,837.83,195.10,231.11,0.77,4,-1,-1
78,242,807.91,132.53,30.06,28.99,0.60,4,-1,-1
78,244,1417.60,446.36,26.67,55.65,0.90,1,-1,-1
78,88,1433.18,411.41,22.30,59.31,0.94,1,-1,-1
78,245,647.59,647.42,126.73,135.83,0.97,4,-1,-1
78,246,897.60,332.83,56.39,58.09,1.00,4,-1,-1
78,247,214.85,195.22,19.89,37.98,0.92,1,-1,-1
78,251,20.92,384.47,27.13,45.37,0.89,1,-1,-1
78,252,774.45,707.85,126.04,154.03,0.98,4,-1,-1
78,205,188.31,344.03,21.98,50.65,0.56,1,-1,-1
78,253,60.30,459.88,50.25,106.75,0.89,1,-1,-1
78,209,140.83,388.03,25.58,51.81,0.67,1,-1,-1
78,254,267.80,160.61,18.45,35.77,0.45,1,-1,-1
78,255,1504.49,429.91,33.08,57.86,0.60,1,-1,-1
78,206,289.37,297.56,18.78,43.46,0.33,1,-1,-1
78,171,880.84,452.77,44.45,110.92,0.83,1,-1,-1
78,258,66.65,648.68,170.33,124.87,0.99,4,-1,-1
78,259,393.01,631.95,151.26,152.49,0.92,4,-1,-1
78,260,683.99,154.63,36.83,33.18,0.70,4,-1,-1
78,261,775.41,413.02,76.96,62.31,0.99,4,-1,-1
78,263,1120.38,938.13,38.32,83.83,0.90,2,-1,-1
78,86,1449.38,339.50,23.69,58.26,0.45,1,-1,-1
78,233,138.33,291.41,38.42,38.07,0.30,3,-1,-1
78,264,1.99,341.52,26.64,57.83,0.82,1,-1,-1
78,265,1117.87,933.45,41.83,96.55,0.53,10,-1,-1
78,70,1373.08,470.87,26.38,60.03,0.87,1,-1,-1
78,266,263.27,613.20,121.92,112.36,0.94,4,-1,-1
78,267,1070.40,199.62,22.71,37.65,0.65,10,-1,-1
78,268,1349.51,466.77,31.08,66.94,0.83,1,-1,-1
79,6,282.28,395.64,43.26,104.18,0.99,1,-1,-1
79,8,845.46,465.57,50.22,123.75,0.98,1,-1,-1
79,21,345.42,363.62,100.62,72.89,0.99,4,-1,-1
79,24,1065.68,506.90,55.39,107.80,0.40,1,-1,-1
79,25,404.32,321.88,83.79,58.27,0.99,4,-1,-1
79,27,476.07,272.68,72.02,60.03,0.99,4,-1,-1
79,30,403.59,375.85,106.39,77.79,0.21,5,-1,-1
79,32,553.97,238.23,51.04,48.37,0.99,4,-1,-1
79,33,509.04,323.64,72.25,63.29,0.99,4,-1,-1
79,34,556.60,355.33,82.64,71.20,0.99,4,-1,-1
79,37,639.49,282.07,65.90,58.77,0.98,4,-1,-1
79,38,923.75,112.44,29.41,26.90,0.99,4,-1,-1
79,40,717.98,277.85,56.37,53.90,0.99,4,-1,-1
79,41,768.20,209.76,45.18,42.58,0.99,4,-1,-1
79,42,933.28,93.06,27.87,24.59,0.96,4,-1,-1
79,43,944.39,136.32,31.13,28.67,1.00,4,-1,-1
79,44,943.79,72.93,23.87,22.42,0.96,4,-1,-1
79,45,969.49,97.40,25.08,24.90,0.99,4,-1,-1
79,46,951.53,53.11,22.72,21.51,0.81,4,-1,-1
79,49,1001.56,97.45,26.29,24.66,0.99,4,-1,-1
79,52,1002.65,203.68,37.39,39.91,1.00,4,-1,-1
79,54,995.29,63.80,25.10,21.32,0.73,4,-1,-1
79,55,1059.93,173.73,37.00,37.40,0.98,4,-1,-1
79,56,1013.40,170.80,43.11,38.33,0.99,4,-1,-1
79,58,1100.17,319.91,57.47,55.77,0.97,4,-1,-1
79,59,1112.97,367.38,61.70,57.71,0.98,4,-1,-1
79,60,1112.31,415.58,64.31,58.45,0.99,4,-1,-1
79,62,1213.09,409.82,23.63,49.00,0.69,2,-1,-1
79,71,1360.28,277.52,78.88,65.23,0.58,4,-1,-1
79,77,1409.03,342.45,20.74,49.73,0.65,1,-1,-1
79,83,1428.72,339.72,21.44,55.92,0.61,1,-1,-1
79,84,1644.59,444.58,35.94,83.66,0.93,1,-1,-1
79,87,1405.72,401.62,23.98,61.65,0.98,1,-1,-1
79,89,1711.21,439.57,41.09,92.07,0.97,1,-1,-1
79,92,1335.33,461.91,37.93,95.77,0.95,1,-1,-1
79,97,1384.26,352.86,21.43,52.02,0.86,1,-1,-1
79,110,731.94,191.79,44.42,43.64,0.97,4,-1,-1
79,4,160.47,295.11,24.11,51.30,0.29,1,-1,-1
79,121,942.41,168.12,35.00,34.80,0.99,4,-1,-1
79,50,977.85,46.57,21.47,22.56,0.30,4,-1,-1
79,124,1189.66,357.26,21.21,45.35,0.51,2,-1,-1
79,102,1254.27,354.08,23.93,46.62,0.39,1,-1,-1
79,142,1577.92,445.00,40.54,102.26,0.95,1,-1,-1
79,149,693.32,236.61,45.49,45.29,0.99,4,-1,-1
79,153,775.06,462.67,56.23,116.91,0.98,1,-1,-1
79,158,1056.25,252.08,17.83,34.18,0.90,10,-1,-1
79,159,1473.38,395.43,23.92,56.77,0.78,1,-1,-1
79,115,273.63,347.80,21.39,43.46,0.38,1,-1,-1
79,118,1443.65,443.80,26.61,56.63,0.87,1,-1,-1
79,174,781.05,150.58,34.71,34.39,0.97,4,-1,-1
79,91,1529.25,475.07,38.58,96.86,0.98,1,-1,-1
79,181,1486.89,397.21,23.92,59.12,0.68,1,-1,-1
79,195,908.66,204.35,39.32,41.43,1.00,4,-1,-1
79,199,596.20,143.52,98.67,86.68,0.67,9,-1,-1
79,200,862.55,236.25,51.60,49.71,1.00,4,-1,-1
79,202,1059.14,299.70,22.21,42.36,0.86,10,-1,-1
79,204,1060.15,296.81,20.49,40.42,0.78,2,-1,-1
79,133,1558.73,424.50,34.14,87.10,0.93,1,-1,-1
79,139,203.19,380.97,26.42,52.98,0.78,1,-1,-1
79,212,1358.65,346.49,22.35,55.36,0.80,1,-1,-1
79,1,225.90,329.46,23.90,51.35,0.87,1,-1,-1
79,215,734.93,157.15,36.00,32.33,0.99,4,-1,-1
79,216,876.93,100.63,27.51,26.74,0.80,4,-1,-1
79,220,593.51,189.75,104.83,103.74,0.62,9,-1,-1
79,229,753.21,133.15,33.07,30.62,0.82,4,-1,-1
79,157,1055.79,246.87,17.74,34.80,0.83,2,-1,-1
79,230,1343.38,824.88,89.06,52.49,0.23,3,-1,-1
79,235,1327.91,753.32,38.34,87.59,0.97,1,-1,-1
79,65,1331.21,343.33,21.80,52.66,0.49,1,-1,-1
79,29,127.33,509.63,52.59,91.32,0.67,1,-1,-1
79,198,1203.88,381.10,21.31,52.14,0.49,1,-1,-1
79,239,1379.28,735.98,35.67,76.69,0.59,1,-1,-1
79,67,881.15,446.54,45.25,110.79,0.99,1,-1,-1
79,240,-4.57,857.12,174.89,216.29,0.70,4,-1,-1
79,242,808.49,131.90,29.95,28.90,0.42,4,-1,-1
79,244,1416.50,444.85,26.43,54.98,0.95,1,-1,-1
79,88,1433.17,408.34,21.71,58.37,0.93,1,-1,-1
79,245,658.00,639.03,113.68,119.81,0.97,4,-1,-1
79,246,900.69,324.84,55.07,56.93,1.00,4,-1,-1
79,247,215.42,193.86,19.78,38.32,0.89,1,-1,-1
79,251,23.31,382.48,26.78,43.46,0.81,1,-1,-1
79,252,783.52,676.81,120.18,151.79,0.99,4,-1,-1
79,205,190.38,341.85,22.24,48.71,0.67,1,-1,-1
79,253,71.03,456.31,51.13,106.15,0.78,1,-1,-1
79,209,143.14,386.14,25.60,50.86,0.50,1,-1,-1
79,254,270.00,159.36,18.07,35.87,0.45,1,-1,-1
79,255,1502.87,427.68,32.34,56.23,0.80,1,-1,-1
79,206,291.62,296.37,18.77,43.10,0.49,1,-1,-1
79,258,54.43,651.90,183.72,130.52,1.00,4,-1,-1
79,259,386.22,639.47,156.25,154.29,0.99,4,-1,-1
79,260,683.78,153.61,37.27,33.68,0.81,4,-1,-1
79,261,780.23,402.80,76.36,60.50,0.99,4,-1,-1
79,263,1116.46,910.65,38.86,76.23,0.89,2,-1,-1
79,86,1450.67,337.99,23.90,57.44,0.55,1,-1,-1
79,233,135.86,289.17,39.14,40.17,0.25,3,-1,-1
79,264,6.57,338.64,27.61,56.51,0.81,1,-1,-1
79,265,1114.11,911.23,43.66,99.23,0.63,10,-1,-1
79,70,1373.59,469.02,26.27,60.09,0.85,1,-1,-1
79,266,255.38,593.60,135.74,138.12,0.96,4,-1,-1
79,267,1070.47,198.80,22.70,37.15,0.60,10,-1,-1
80,6,285.75,390.57,43.80,105.89,0.98,1,-1,-1
80,8,853.51,461.98,49.40,123.18,0.98,1,-1,-1
80,21,347.85,361.89,99.11,71.91,0.99,4,-1,-1
80,24,1073.45,502.72,52.07,111.94,0.90,1,-1,-1
80,25,406.48,320.63,83.28,58.78,0.99,4,-1,-1
80,27,477.46,271.53,72.22,59.94,0.99,4,-1,-1
80,30,402.21,377.55,106.13,73.60,0.29,5,-1,-1
80,32,554.47,237.86,51.15,48.43,0.98,4,-1,-1
80,33,507.69,324.44,72.76,63.43,0.98,4,-1,-1
80,34,553.81,357.74,83.68,72.47,0.99,4,-1,-1
80,37,637.86,282.75,66.67,59.09,0.99,4,-1,-1
80,38,925.24,110.62,28.88,26.42,0.98,4,-1,-1
80,40,716.07,279.55,57.12,54.72,0.99,4,-1,-1
80,41,768.15,209.86,45.37,42.34,0.99,4,-1,-1
80,42,933.54,91.32,28.35,24.68,0.92,4,-1,-1
80,43,944.14,133.91,31.02,27.99,0.99,4,-1,-1
80,44,943.73,71.52,23.86,22.58,0.94,4,-1,-1
80,45,970.21,95.99,25.04,24.39,0.99,4,-1,-1
80,46,952.10,51.38,22.70,21.96,0.62,4,-1,-1
80,49,1001.94,95.87,26.24,24.73,0.98,4,-1,-1
80,52,1003.10,202.13,37.09,39.34,1.00,4,-1,-1
80,54,995.62,62.72,24.35,21.53,0.66,4,-1,-1
80,55,1059.95,172.56,37.87,38.19,0.97,4,-1,-1
80,56,1013.70,169.36,41.98,38.05,0.99,4,-1,-1
80,58,1101.24,318.50,56.55,54.82,0.98,4,-1,-1
80,59,1113.51,365.74,61.17,57.44,0.98,4,-1,-1
80,60,1112.07,413.59,65.18,57.93,0.98,4,-1,-1
80,62,1212.95,408.11,23.38,50.09,0.62,2,-1,-1
80,71,1359.55,276.56,78.81,64.75,0.72,4,-1,-1
80,77,1409.35,340.50,21.21,50.38,0.62,1,-1,-1
80,83,1428.68,337.13,21.41,57.66,0.61,1,-1,-1
80,84,1643.18,441.54,34.09,83.29,0.93,1,-1,-1
80,87,1405.62,398.52,23.88,61.49,0.98,1,-1,-1
80,89,1708.77,435.87,42.13,92.91,0.84,1,-1,-1
80,92,1328.69,456.35,34.67,97.52,0.97,1,-1,-1
80,97,1383.46,352.89,21.42,51.53,0.90,1,-1,-1
80,110,731.78,191.49,45.11,43.66,0.98,4,-1,-1
80,4,163.22,293.77,23.61,51.42,0.25,1,-1,-1
80,121,943.71,165.51,34.70,34.22,0.99,4,-1,-1
80,50,978.43,45.47,21.46,22.47,0.18,4,-1,-1
80,124,1188.78,355.41,22.20,47.33,0.36,2,-1,-1
80,102,1254.86,352.36,23.91,46.60,0.46,1,-1,-1
80,142,1576.14,443.30,42.30,101.71,0.99,1,-1,-1
80,149,693.97,236.36,45.46,45.81,0.96,4,-1,-1
80,153,790.26,455.91,49.28,120.75,0.99,1,-1,-1
80,158,1056.83,251.40,17.04,31.80,0.89,10,-1,-1
80,159,1471.75,392.50,23.87,56.28,0.74,1,-1,-1
80,115,275.72,345.99,21.22,42.28,0.50,1,-1,-1
80,118,1442.76,442.13,26.37,55.41,0.84,1,-1,-1
80,174,780.96,150.63,35.47,34.19,0.96,4,-1,-1
80,91,1523.96,470.71,38.30,98.71,0.96,1,-1,-1
80,181,1485.69,395.04,23.92,57.60,0.60,1,-1,-1
80,195,909.26,200.91,38.42,40.70,0.99,4,-1,-1
80,199,596.30,143.42,97.44,85.72,0.74,9,-1,-1
80,200,864.73,232.17,51.20,49.23,1.00,4,-1,-1
80,202,1059.62,295.97,21.72,41.96,0.89,10,-1,-1
80,204,1061.18,293.27,19.52,39.30,0.66,2,-1,-1
80,133,1556.40,423.27,36.90,98.76,0.95,1,-1,-1
80,139,205.68,379.79,26.55,51.08,0.83,1,-1,-1
80,212,1357.24,346.42,23.35,54.69,0.74,1,-1,-1
80,1,229.29,327.12,23.31,51.38,0.85,1,-1,-1
80,215,735.34,156.95,35.91,32.31,0.98,4,-1,-1
80,216,876.59,101.02,28.28,26.55,0.85,4,-1,-1
80,220,592.88,189.78,104.98,105.06,0.87,9,-1,-1
80,229,753.83,132.51,33.38,30.71,0.80,4,-1,-1
80,157,1056.26,243.54,17.02,31.12,0.86,2,-1,-1
80,230,1343.33,820.45,87.00,51.78,0.38,3,-1,-1
80,235,1327.82,749.22,38.30,86.71,0.98,1,-1,-1
80,65,1331.73,342.36,21.56,52.21,0.23,1,-1,-1
80,29,126.81,503.95,52.00,90.56,0.82,1,-1,-1
80,198,1203.89,379.26,21.43,51.58,0.35,1,-1,-1
80,239,1378.51,735.05,37.39,74.09,0.14,1,-1,-1
80,67,877.65,442.42,43.64,111.21,0.96,1,-1,-1
80,240,-2.87,877.93,153.87,195.99,0.42,4,-1,-1
80,242,808.88,131.86,29.90,28.51,0.29,4,-1,-1
80,244,1415.30,441.53,26.33,54.75,0.90,1,-1,-1
80,88,1433.12,405.52,21.49,58.41,0.91,1,-1,-1
80,245,665.18,621.95,110.19,116.35,0.89,4,-1,-1
80,246,902.21,317.24,56.25,56.14,1.00,4,-1,-1
80,247,216.07,192.62,19.72,38.64,0.89,1,-1,-1
80,251,26.31,380.07,26.85,41.58,0.46,1,-1,-1
80,252,790.09,645.51,121.67,158.26,0.98,4,-1,-1
80,205,193.00,339.42,22.72,49.18,0.62,1,-1,-1
80,253,82.96,454.40,49.82,101.49,0.96,1,-1,-1
80,209,145.33,383.57,25.44,50.94,0.68,1,-1,-1
80,254,270.76,158.39,18.96,35.08,0.65,1,-1,-1
80,255,1501.55,425.60,33.56,60.82,0.44,1,-1,-1
80,206,293.11,295.58,19.55,44.46,0.57,1,-1,-1
80,258,42.67,656.22,192.24,136.65,1.00,4,-1,-1
80,259,378.61,648.50,158.56,154.77,1.00,4,-1,-1
80,260,683.91,153.32,37.35,33.62,0.64,4,-1,-1
80,261,784.75,393.17,76.19,63.16,0.99,4,-1,-1
80,263,1113.20,880.51,39.89,74.23,0.97,2,-1,-1
80,86,1451.90,336.34,23.96,57.48,0.46,1,-1,-1
80,264,10.80,335.91,29.70,57.98,0.81,1,-1,-1
80,265,1111.42,885.04,42.45,96.79,0.49,3,-1,-1
80,70,1372.94,466.77,26.22,59.32,0.62,1,-1,-1
80,266,249.65,611.17,140.91,127.21,0.98,4,-1,-1
80,267,1069.64,195.37,22.69,38.67,0.81,10,-1,-1
80,269,475.73,944.89,185.87,125.51,0.74,4,-1,-1
80,69,1292.07,388.04,21.50,37.47,0.55,1,-1,-1
81,6,289.10,388.41,43.74,105.38,0.98,1,-1,-1
81,8,860.75,460.09,51.50,120.24,0.97,1,-1,-1
81,21,349.19,360.50,97.80,71.17,0.99,4,-1,-1
81,24,1078.75,497.82,50.81,112.12,0.80,1,-1,-1
81,25,407.74,319.99,82.72,58.57,0.99,4,-1,-1
81,27,478.26,270.80,71.93,59.81,0.99,4,-1,-1
81,30,398.94,380.95,106.44,68.10,0.16,6,-1,-1
81,32,554.38,237.77,50.43,48.25,0.99,4,-1,-1
81,33,505.78,325.85,73.75,64.25,0.99,4,-1,-1
81,34,550.61,360.52,83.70,72.94,1.00,4,-1,-1
81,37,635.84,284.11,66.98,59.60,0.99,4,-1,-1
81,38,926.71,108.64,27.89,25.66,0.99,4,-1,-1
81,40,713.98,281.93,58.19,55.31,0.99,4,-1,-1
81,41,767.51,209.99,45.46,42.44,0.99,4,-1,-1
81,42,935.75,89.73,26.96,24.82,0.96,4,-1,-1
81,43,943.82,131.71,30.99,27.80,0.99,4,-1,-1
81,44,944.24,70.08,23.87,22.25,0.96,4,-1,-1
81,45,971.02,94.56,24.25,24.21,0.99,4,-1,-1
81,46,951.68,50.90,22.71,21.39,0.56,4,-1,-1
81,49,1001.84,94.28,26.24,24.85,0.98,4,-1,-1
81,52,1003.45,200.29,37.00,39.13,1.00,4,-1,-1
81,54,994.34,61.90,24.85,21.20,0.51,4,-1,-1
81,55,1060.53,171.77,38.21,38.69,0.97,4,-1,-1
81,56,1014.02,168.32,40.81,36.96,0.99,4,-1,-1
81,58,1101.48,317.28,57.02,54.87,0.98,4,-1,-1
81,59,1113.95,364.24,61.00,56.55,0.98,4,-1,-1
81,60,1113.41,411.19,63.19,56.96,0.98,4,-1,-1
81,62,1212.77,406.39,23.31,50.10,0.28,2,-1,-1
81,71,1359.95,276.23,77.25,63.38,0.56,4,-1,-1
81,77,1409.37,338.24,21.41,50.63,0.65,1,-1,-1
81,83,1428.57,335.80,21.42,56.38,0.65,1,-1,-1
81,84,1641.94,438.49,33.45,83.61,0.92,1,-1,-1
81,87,1404.73,395.68,23.87,61.44,0.99,1,-1,-1
81,89,1707.12,432.23,42.54,93.66,0.59,1,-1,-1
81,92,1314.12,452.83,42.02,98.61,0.99,1,-1,-1
81,97,1383.08,352.95,21.43,51.37,0.92,1,-1,-1
81,110,731.86,191.68,44.60,43.67,0.97,4,-1,-1
81,4,164.71,291.66,23.63,51.77,0.33,1,-1,-1
81,121,945.13,162.63,33.81,33.82,1.00,4,-1,-1
81,124,1189.09,354.01,21.81,48.06,0.28,2,-1,-1
81,102,1255.76,350.41,23.92,46.60,0.43,1,-1,-1
81,142,1575.43,441.30,41.46,101.86,0.98,1,-1,-1
81,149,693.95,236.49,45.47,46.20,0.97,4,-1,-1
81,153,803.79,450.90,45.74,121.41,0.96,1,-1,-1
81,158,1056.85,248.23,16.76,31.75,0.97,10,-1,-1
81,159,1469.54,390.49,23.88,55.32,0.77,1,-1,-1
81,115,276.71,344.19,22.17,43.05,0.33,1,-1,-1
81,118,1441.61,441.19,27.89,54.57,0.87,1,-1,-1
81,174,780.67,150.74,35.78,34.31,0.95,4,-1,-1
81,91,1516.52,466.58,38.22,98.24,0.99,1,-1,-1
81,181,1484.44,393.53,23.94,55.43,0.60,2,-1,-1
81,195,910.05,197.09,37.33,39.65,1.00,4,-1,-1
81,199,597.22,143.75,96.22,83.92,0.65,9,-1,-1
81,200,867.22,228.25,50.31,48.48,0.99,4,-1,-1
81,202,1059.63,292.84,21.55,40.63,0.74,10,-1,-1
81,204,1060.58,288.62,19.99,38.10,0.79,2,-1,-1
81,133,1554.75,421.65,37.94,106.00,0.98,1,-1,-1
81,139,207.69,377.88,26.42,51.58,0.85,1,-1,-1
81,212,1355.87,344.45,23.71,54.84,0.73,1,-1,-1
81,1,232.09,325.56,23.30,51.79,0.82,1,-1,-1
81,215,735.23,157.08,35.89,32.30,0.98,4,-1,-1
81,216,875.83,101.31,28.58,26.57,0.92,4,-1,-1
81,220,591.60,189.90,105.84,105.17,0.88,9,-1,-1
81,229,754.57,132.07,32.72,30.84,0.82,4,-1,-1
81,157,1056.23,240.53,16.76,30.51,0.88,2,-1,-1
81,230,1343.33,815.50,89.45,53.08,0.72,3,-1,-1
81,235,1327.78,745.17,38.31,87.15,0.97,1,-1,-1
81,65,1331.80,341.87,21.50,51.26,0.21,1,-1,-1
81,29,125.39,500.91,51.23,90.74,0.42,1,-1,-1
81,198,1203.37,377.08,21.88,54.16,0.30,1,-1,-1
81,67,873.52,437.57,43.09,109.43,0.96,1,-1,-1
81,240,-2.31,898.79,132.28,176.05,0.24,4,-1,-1
81,242,808.76,131.58,29.89,28.41,0.29,4,-1,-1
81,244,1414.83,438.95,24.73,54.30,0.95,1,-1,-1
81,88,1433.05,402.79,21.43,57.65,0.91,1,-1,-1
81,245,672.88,606.21,105.90,112.79,0.68,4,-1,-1
81,246,904.87,309.87,55.12,55.08,1.00,4,-1,-1
81,247,216.43,191.89,19.32,38.57,0.89,1,-1,-1
81,251,28.72,378.74,27.09,40.98,0.84,1,-1,-1
81,252,794.42,616.35,126.42,164.49,0.97,4,-1,-1
81,205,195.14,338.02,22.33,48.97,0.38,1,-1,-1
81,253,95.60,450.53,45.48,99.34,0.94,1,-1,-1
81,209,146.62,381.74,26.39,50.21,0.63,1,-1,-1
81,254,271.48,158.36,19.09,34.17,0.15,1,-1,-1
81,255,1501.08,421.94,32.45,65.95,0.39,1,-1,-1
81,206,294.38,294.25,19.56,45.85,0.50,1,-1,-1
81,258,30.06,658.19,197.92,144.56,0.99,4,-1,-1
81,259,369.28,654.64,163.34,159.00,0.99,4,-1,-1
81,260,683.70,153.24,37.35,33.58,0.62,4,-1,-1
81,261,789.28,384.32,75.36,64.02,0.99,4,-1,-1
81,263,1111.34,853.28,39.45,76.89,0.97,2,-1,-1
81,86,1453.05,333.81,22.44,57.89,0.59,1,-1,-1
81,264,15.21,334.29,30.58,57.13,0.86,1,-1,-1
81,265,1107.94,856.78,44.71,97.64,0.59,10,-1,-1
81,70,1373.39,464.59,26.22,59.86,0.20,1,-1,-1
81,266,237.38,625.31,150.93,125.81,1.00,4,-1,-1
81,267,1069.18,194.62,21.78,37.14,0.68,10,-1,-1
81,269,488.60,915.08,181.96,153.16,0.89,4,-1,-1
81,69,1291.90,386.47,21.50,35.97,0.35,1,-1,-1
81,270,1193.52,950.27,50.80,101.60,0.67,10,-1,-1
81,271,1195.91,974.18,44.82,68.13,0.80,2,-1,-1
81,272,1484.58,392.36,23.91,57.97,0.67,1,-1,-1
82,6,292.41,385.90,42.93,104.00,0.99,1,-1,-1
82,8,866.75,457.09,54.61,119.54,0.97,1,-1,-1
82,21,350.23,359.20,98.53,71.72,0.99,4,-1,-1
82,24,1084.87,493.88,49.55,111.42,0.78,1,-1,-1
82,25,408.79,318.16,82.91,59.30,0.99,4,-1,-1
82,27,478.76,269.62,72.21,60.25,0.99,4,-1,-1
82,32,554.75,237.32,50.57,48.18,0.98,4,-1,-1
82,33,503.37,327.10,74.51,64.94,0.99,4,-1,-1
82,34,547.73,362.26,85.05,72.71,0.99,4,-1,-1
82,37,633.95,285.44,67.86,59.88,0.99,4,-1,-1
82,38,927.63,106.81,27.54,25.18,0.99,4,-1,-1
82,40,712.07,283.93,58.59,55.33,1.00,4,-1,-1
82,41,767.29,210.10,45.48,42.28,0.99,4,-1,-1
82,42,936.97,88.52,26.44,24.09,0.96,4,-1,-1
82,43,943.71,129.11,30.99,27.99,1.00,4,-1,-1
82,44,945.22,68.82,23.88,21.93,0.93,4,-1,-1
82,45,971.31,92.82,24.76,24.05,0.98,4,-1,-1
82,46,952.32,50.08,21.92,20.83,0.61,4,-1,-1
82,49,1002.20,92.93,26.24,24.41,0.96,4,-1,-1
82,52,1003.58,198.35,36.98,38.87,1.00,4,-1,-1
82,54,994.28,60.88,24.26,21.09,0.35,4,-1,-1
82,55,1060.76,171.07,38.33,39.06,0.98,4,-1,-1
82,56,1014.56,166.86,39.61,36.75,0.99,4,-1,-1
82,58,1101.97,316.24,57.21,54.49,0.98,4,-1,-1
82,59,1114.90,362.91,59.36,56.62,0.99,4,-1,-1
82,60,1113.93,409.74,62.42,52.23,0.98,4,-1,-1
82,71,1359.33,275.32,78.25,63.27,0.91,4,-1,-1
82,77,1410.17,336.63,19.92,49.16,0.78,1,-1,-1
82,83,1428.53,334.96,21.43,55.47,0.71,1,-1,-1
82,84,1639.15,436.43,33.25,82.57,0.93,1,-1,-1
82,87,1404.43,393.30,23.87,61.04,0.97,1,-1,-1
82,89,1704.19,427.83,47.47,94.37,0.61,1,-1,-1
82,92,1302.32,450.43,47.35,95.50,0.99,1,-1,-1
82,97,1382.95,351.98,21.45,50.52,0.81,1,-1,-1
82,110,731.92,191.52,44.39,43.67,0.98,4,-1,-1
82,4,166.50,290.28,23.24,51.11,0.44,1,-1,-1
82,121,946.04,159.65,33.49,33.48,0.99,4,-1,-1
82,124,1189.23,352.72,21.65,46.39,0.49,2,-1,-1
82,102,1256.11,348.91,23.92,46.60,0.67,1,-1,-1
82,142,1572.86,438.99,42.65,102.68,0.98,1,-1,-1
82,149,693.56,236.50,46.25,46.34,0.97,4,-1,-1
82,153,813.44,447.11,50.28,120.51,0.99,1,-1,-1
82,158,1056.45,242.75,17.47,32.75,0.88,10,-1,-1
82,159,1468.77,388.03,22.30,54.58,0.81,1,-1,-1
82,115,278.99,342.74,21.74,41.37,0.34,1,-1,-1
82,118,1441.22,439.88,26.90,52.28,0.73,1,-1,-1
82,174,780.58,150.95,35.89,34.35,0.96,4,-1,-1
82,91,1506.75,464.07,41.37,96.09,0.99,1,-1,-1
82,181,1484.82,390.25,22.38,56.23,0.72,1,-1,-1
82,195,910.33,193.44,36.95,39.09,0.99,4,-1,-1
82,199,598.17,143.35,95.17,83.45,0.62,9,-1,-1
82,200,870.04,224.36,49.20,47.43,1.00,4,-1,-1
82,202,1059.65,287.86,21.49,41.34,0.90,10,-1,-1
82,204,1061.17,285.26,19.37,38.47,0.61,2,-1,-1
82,133,1554.11,419.88,38.33,105.92,0.98,1,-1,-1
82,139,210.05,376.20,26.76,48.61,0.69,1,-1,-1
82,212,1355.39,343.51,23.85,54.51,0.62,1,-1,-1
82,1,234.92,323.23,22.91,51.55,0.83,1,-1,-1
82,215,735.19,157.20,35.88,32.30,0.99,4,-1,-1
82,216,875.56,101.29,28.69,26.88,0.93,4,-1,-1
82,220,590.76,190.09,106.16,105.99,0.91,9,-1,-1
82,229,755.25,131.64,32.46,31.13,0.87,4,-1,-1
82,157,1055.82,237.62,17.47,30.52,0.43,2,-1,-1
82,230,1343.35,812.95,87.22,51.22,0.31,3,-1,-1
82,235,1327.01,741.40,38.31,84.95,0.95,1,-1,-1
82,65,1332.61,340.12,21.47,51.30,0.20,1,-1,-1
82,29,123.36,499.12,51.47,84.07,0.29,1,-1,-1
82,198,1203.58,375.30,21.66,54.72,0.29,1,-1,-1
82,67,866.95,434.86,46.11,107.20,0.99,1,-1,-1
82,240,-1.45,921.70,110.57,153.10,0.20,4,-1,-1
82,242,808.73,131.55,29.89,28.48,0.43,4,-1,-1
82,244,1414.74,437.22,24.11,52.95,0.90,1,-1,-1
82,88,1433.05,400.05,21.42,56.98,0.86,1,-1,-1
82,246,908.16,302.67,53.13,54.73,1.00,4,-1,-1
82,247,217.25,190.91,18.97,38.74,0.94,1,-1,-1
82,251,31.50,377.49,26.73,42.86,0.72,1,-1,-1
82,252,801.32,604.89,120.25,151.15,0.97,4,-1,-1
82,205,197.93,337.14,22.18,47.32,0.70,1,-1,-1
82,253,108.07,447.21,41.49,90.90,0.94,1,-1,-1
82,209,148.95,380.29,26.21,49.96,0.67,1,-1,-1
82,254,273.12,158.35,18.14,33.44,0.16,1,-1,-1
82,255,1502.69,419.41,30.33,69.06,0.55,1,-1,-1
82,206,296.09,292.18,19.67,47.16,0.27,1,-1,-1
82,258,16.47,660.62,203.54,152.23,1.00,4,-1,-1
82,259,359.46,661.07,167.35,163.68,0.99,4,-1,-1
82,260,683.24,153.00,38.13,33.55,0.79,4,-1,-1
82,261,794.02,375.58,74.26,66.42,0.99,4,-1,-1
82,263,1108.74,828.55,39.31,76.99,0.96,2,-1,-1
82,86,1455.09,331.90,21.83,58.03,0.40,1,-1,-1
82,264,20.76,332.53,29.88,56.40,0.86,1,-1,-1
82,265,1106.04,833.64,43.74,93.69,0.54,10,-1,-1
82,266,226.08,627.84,160.17,133.66,1.00,4,-1,-1
82,267,1068.63,194.22,21.49,35.67,0.85,10,-1,-1
82,269,497.65,886.13,183.97,181.33,0.92,4,-1,-1
82,69,1291.86,385.92,21.50,38.67,0.17,1,-1,-1
82,270,1191.19,936.13,50.31,98.67,0.62,10,-1,-1
82,271,1194.06,959.07,44.81,70.96,0.79,2,-1,-1
82,272,1484.41,391.40,21.99,53.63,0.51,2,-1,-1
82,273,0.34,598.85,133.24,99.21,0.63,4,-1,-1
83,6,296.62,382.14,41.62,103.47,0.99,1,-1,-1
83,8,877.64,451.80,50.40,120.87,0.98,1,-1,-1
83,21,351.27,357.63,101.17,71.93,0.99,4,-1,-1
83,24,1091.22,488.85,49.88,108.38,0.95,1,-1,-1
83,25,410.04,316.38,82.96,59.96,0.99,4,-1,-1
83,27,479.81,268.59,72.29,60.51,0.99,4,-1,-1
83,32,555.17,236.66,51.80,47.95,0.99,4,-1,-1
83,33,501.04,328.18,75.15,65.57,0.99,4,-1,-1
83,34,544.66,365.25,85.33,71.41,0.99,4,-1,-1
83,37,632.56,286.39,68.17,60.36,0.97,4,-1,-1
83,38,928.34,104.97,28.21,25.12,0.99,4,-1,-1
83,40,710.28,285.71,58.71,56.09,0.99,4,-1,-1
83,41,766.88,210.06,45.48,42.21,0.99,4,-1,-1
83,42,937.39,86.61,27.05,24.11,0.91,4,-1,-1
83,43,944.08,127.14,30.20,27.43,0.99,4,-1,-1
83,44,945.58,67.37,23.87,21.91,0.93,4,-1,-1
83,45,971.81,90.70,24.94,24.49,0.96,4,-1,-1
83,46,952.57,48.82,21.61,20.61,0.48,4,-1,-1
83,49,1002.33,91.56,26.24,24.44,0.97,4,-1,-1
83,52,1003.61,196.35,36.96,38.57,1.00,4,-1,-1
83,54,993.89,59.54,24.02,21.37,0.45,4,-1,-1
83,55,1060.83,170.29,38.35,38.22,0.98,4,-1,-1
83,56,1015.15,165.02,38.39,36.68,0.99,4,-1,-1
83,58,1102.50,314.83,56.48,54.35,0.98,4,-1,-1
83,59,1115.20,361.20,59.53,56.25,0.99,4,-1,-1
83,60,1114.46,407.99,62.13,50.48,0.98,4,-1,-1
83,71,1359.01,274.38,78.60,62.83,0.70,4,-1,-1
83,77,1409.55,335.04,19.33,48.59,0.63,1,-1,-1
83,83,1427.61,333.66,21.43,53.93,0.62,1,-1,-1
83,84,1635.65,434.52,33.19,81.41,0.86,1,-1,-1
83,87,1404.22,391.05,23.86,60.89,0.97,1,-1,-1
83,89,1702.93,425.10,47.73,93.06,0.31,1,-1,-1
83,92,1296.18,446.44,46.54,94.67,0.99,1,-1,-1
83,97,1381.23,350.99,21.45,50.60,0.88,1,-1,-1
83,110,731.62,191.48,45.09,43.66,0.97,4,-1,-1
83,4,168.14,289.26,23.67,50.46,0.26,1,-1,-1
83,121,946.75,157.60,33.37,32.57,1.00,4,-1,-1
83,124,1189.62,351.03,21.58,46.52,0.51,2,-1,-1
83,102,1255.38,347.14,23.91,46.98,0.74,1,-1,-1
83,142,1570.98,437.90,43.07,102.56,0.98,1,-1,-1
83,149,693.46,236.32,46.53,46.38,0.97,4,-1,-1
83,153,821.89,443.31,54.10,118.57,0.97,1,-1,-1
83,158,1055.49,238.60,18.50,33.32,0.87,10,-1,-1
83,159,1467.63,385.36,21.69,54.70,0.83,1,-1,-1
83,115,280.90,341.52,22.56,41.94,0.17,1,-1,-1
83,118,1441.01,437.58,24.90,51.04,0.62,1,-1,-1
83,174,780.19,151.01,35.91,34.41,0.96,4,-1,-1
83,91,1498.47,460.97,44.04,94.86,0.97,1,-1,-1
83,181,1484.14,387.47,21.76,55.73,0.63,1,-1,-1
83,195,911.22,189.10,36.02,38.91,1.00,4,-1,-1
83,199,599.19,143.03,92.98,81.10,0.59,9,-1,-1
83,200,872.20,220.65,48.81,47.26,0.99,4,-1,-1
83,202,1060.02,284.60,21.47,40.12,0.88,10,-1,-1
83,204,1060.96,280.23,19.93,38.11,0.91,2,-1,-1
83,133,1552.95,417.44,38.45,106.13,0.98,1,-1,-1
83,139,212.59,374.30,26.10,45.45,0.40,1,-1,-1
83,212,1355.13,342.34,23.89,54.77,0.51,1,-1,-1
83,1,238.09,320.31,22.55,51.45,0.55,1,-1,-1
83,215,734.44,157.18,36.65,32.49,0.99,4,-1,-1
83,216,875.11,101.02,28.72,27.38,0.94,4,-1,-1
83,220,590.17,189.76,106.23,107.06,0.95,9,-1,-1
83,229,755.54,131.38,32.35,31.18,0.88,4,-1,-1
83,157,1055.25,234.22,18.51,32.14,0.70,2,-1,-1
83,230,1342.46,806.47,83.16,52.08,0.15,3,-1,-1
83,235,1326.62,736.83,38.29,86.46,0.97,1,-1,-1
83,29,121.84,494.01,50.86,86.53,0.21,1,-1,-1
83,198,1203.99,374.21,21.17,52.98,0.39,1,-1,-1
83,67,862.68,432.49,43.32,108.76,0.93,1,-1,-1
83,240,-0.99,944.75,86.36,128.96,0.20,4,-1,-1
83,242,808.74,131.24,30.66,28.55,0.51,4,-1,-1
83,244,1414.64,434.76,23.89,52.07,0.85,1,-1,-1
83,88,1432.15,397.47,21.42,58.31,0.85,1,-1,-1
83,246,910.87,295.45,51.62,54.22,1.00,4,-1,-1
83,247,218.19,190.15,18.83,38.60,0.95,1,-1,-1
83,251,33.30,375.91,27.56,43.53,0.69,1,-1,-1
83,252,813.65,614.89,101.64,114.50,0.78,4,-1,-1
83,205,200.71,335.15,22.31,47.50,0.59,1,-1,-1
83,253,121.50,442.94,39.51,85.73,0.89,1,-1,-1
83,209,151.34,378.26,26.47,50.69,0.42,1,-1,-1
83,254,274.76,157.05,17.76,33.78,0.37,1,-1,-1
83,255,1503.35,416.14,27.82,69.08,0.71,1,-1,-1
83,206,297.30,289.72,20.19,47.65,0.25,1,-1,-1
83,258,4.77,663.41,206.37,158.98,1.00,4,-1,-1
83,259,349.95,667.02,169.45,168.51,0.99,4,-1,-1
83,260,683.94,152.65,37.59,33.74,0.85,4,-1,-1
83,261,798.83,366.78,73.07,66.88,1.00,4,-1,-1
83,263,1105.79,802.46,40.10,80.99,0.97,2,-1,-1
83,86,1454.11,329.81,21.60,58.85,0.30,1,-1,-1
83,264,26.61,330.41,28.62,56.15,0.86,1,-1,-1
83,265,1102.92,809.98,44.17,93.12,0.89,10,-1,-1
83,266,212.95,634.54,169.38,137.92,1.00,4,-1,-1
83,267,1068.03,192.38,21.41,35.88,0.85,10,-1,-1
83,269,512.93,851.88,181.87,207.93,0.99,4,-1,-1
83,270,1188.83,916.42,50.20,97.15,0.80,10,-1,-1
83,271,1189.95,938.15,46.63,71.48,0.80,2,-1,-1
83,274,958.04,425.23,62.16,40.64,0.84,4,-1,-1
83,30,399.71,384.55,99.46,59.20,0.78,5,-1,-1
84,6,300.05,378.45,41.64,102.52,0.99,1,-1,-1
84,8,885.41,446.47,48.65,123.38,0.98,1,-1,-1
84,21,352.31,355.49,101.78,71.66,0.98,4,-1,-1
84,24,1095.74,484.84,51.58,105.67,0.96,1,-1,-1
84,25,411.58,314.55,82.60,59.84,0.99,4,-1,-1
84,27,480.52,267.04,72.33,60.63,0.99,4,-1,-1
84,32,555.88,235.73,52.27,47.67,0.99,4,-1,-1
84,33,498.78,328.94,75.78,65.83,0.99,4,-1,-1
84,34,542.34,367.91,84.63,69.35,0.99,4,-1,-1
84,37,630.86,287.23,68.27,60.46,0.98,4,-1,-1
84,38,929.40,102.86,28.46,24.71,0.99,4,-1,-1
84,40,707.28,287.04,60.31,57.07,0.99,4,-1,-1
84,41,765.95,209.57,46.26,42.19,0.99,4,-1,-1
84,42,938.35,85.05,27.28,23.44,0.94,4,-1,-1
84,43,943.86,124.36,29.91,27.18,1.00,4,-1,-1
84,44,946.14,66.01,23.87,21.81,0.97,4,-1,-1
84,45,972.81,88.33,24.23,24.37,0.93,4,-1,-1
84,46,953.12,47.13,21.51,20.94,0.67,4,-1,-1
84,49,1002.82,89.67,26.24,24.46,0.95,4,-1,-1
84,52,1004.04,194.15,36.96,38.48,1.00,4,-1,-1
84,54,992.63,58.20,24.72,21.26,0.63,4,-1,-1
84,55,1061.30,168.81,38.35,37.90,0.99,4,-1,-1
84,56,1015.40,162.96,37.99,37.06,0.99,4,-1,-1
84,58,1102.72,313.05,57.00,54.32,0.98,4,-1,-1
84,59,1114.94,358.73,60.39,58.12,0.98,4,-1,-1
84,60,1115.07,404.69,61.24,50.34,0.98,4,-1,-1
84,71,1359.77,273.00,77.18,61.91,0.92,4,-1,-1
84,77,1409.41,332.26,19.12,49.98,0.66,1,-1,-1
84,83,1427.35,330.20,21.44,55.76,0.64,1,-1,-1
84,87,1404.24,388.28,23.86,61.25,0.98,1,-1,-1
84,92,1291.23,441.06,41.46,94.79,0.99,1,-1,-1
84,97,1379.09,349.20,23.03,51.05,0.95,1,-1,-1
84,110,731.51,190.50,44.56,43.86,0.97,4,-1,-1
84,4,170.17,287.10,23.64,50.63,0.37,1,-1,-1
84,121,947.82,155.02,33.34,32.25,1.00,4,-1,-1
84,124,1190.21,348.97,20.76,46.58,0.38,2,-1,-1
84,102,1255.95,345.26,23.91,47.14,0.81,1,-1,-1
84,142,1568.07,436.54,41.66,102.12,0.94,1,-1,-1
84,149,693.41,235.69,46.63,46.79,0.98,4,-1,-1
84,153,830.55,441.12,55.58,115.10,0.98,1,-1,-1
84,158,1055.16,235.66,18.90,32.96,0.85,10,-1,-1
84,159,1466.55,382.03,21.48,55.97,0.86,1,-1,-1
84,118,1439.44,434.56,25.77,51.03,0.73,1,-1,-1
84,174,780.06,150.51,35.92,34.79,0.94,4,-1,-1
84,91,1491.64,456.70,45.07,94.84,0.99,1,-1,-1
84,181,1482.41,383.51,21.53,57.54,0.60,1,-1,-1
84,195,911.56,184.83,35.70,38.07,0.99,4,-1,-1
84,199,600.54,142.22,93.17,81.85,0.55,9,-1,-1
84,200,874.51,216.80,47.90,46.24,1.00,4,-1,-1
84,202,1060.20,281.69,21.46,38.67,0.80,10,-1,-1
84,204,1060.92,276.33,20.14,36.91,0.88,2,-1,-1
84,133,1551.84,414.97,38.47,106.17,0.96,1,-1,-1
84,139,213.85,372.26,25.04,43.94,0.44,1,-1,-1
84,212,1354.35,339.50,23.91,56.86,0.87,1,-1,-1
84,1,240.44,317.67,22.62,51.82,0.66,1,-1,-1
84,215,734.16,156.60,36.94,32.57,0.99,4,-1,-1
84,216,874.97,100.55,28.73,27.78,0.94,4,-1,-1
84,220,590.15,190.00,105.66,106.52,0.92,9,-1,-1
84,229,755.25,130.62,32.31,30.92,0.86,4,-1,-1
84,157,1054.69,230.86,18.91,34.11,0.58,2,-1,-1
84,230,1341.35,801.84,83.27,51.64,0.31,3,-1,-1
84,235,1326.50,731.71,36.70,86.26,0.97,1,-1,-1
84,29,119.91,487.30,50.65,88.61,0.60,1,-1,-1
84,198,1203.79,372.00,21.38,53.50,0.61,1,-1,-1
84,67,858.02,427.84,47.03,115.29,0.94,1,-1,-1
84,240,-0.49,967.53,62.79,105.47,0.34,4,-1,-1
84,242,808.77,130.56,30.18,28.68,0.38,4,-1,-1
84,244,1413.11,431.06,25.42,53.00,0.93,1,-1,-1
84,88,1431.91,393.20,21.42,59.61,0.85,1,-1,-1
84,246,912.55,288.59,51.11,52.48,1.00,4,-1,-1
84,247,218.93,189.05,18.99,38.76,0.92,1,-1,-1
84,251,36.15,373.56,27.25,44.62,0.65,1,-1,-1
84,205,203.93,331.47,21.57,48.78,0.73,1,-1,-1
84,253,132.81,438.09,39.44,86.11,0.94,1,-1,-1
84,209,153.70,375.75,25.78,48.62,0.50,1,-1,-1
84,255,1503.81,412.21,26.85,70.57,0.75,1,-1,-1
84,206,299.47,287.33,19.89,46.77,0.23,1,-1,-1
84,258,-1.18,665.62,202.71,166.21,0.99,4,-1,-1
84,259,340.54,668.91,172.44,177.36,0.99,4,-1,-1
84,260,683.81,152.06,38.16,33.21,0.88,4,-1,-1
84,261,803.21,357.76,71.86,67.05,1.00,4,-1,-1
84,263,1103.18,779.29,41.20,80.88,0.94,2,-1,-1
84,86,1454.62,328.43,21.51,58.78,0.40,1,-1,-1
84,264,32.20,327.66,27.08,55.67,0.93,1,-1,-1
84,265,1101.07,786.85,44.30,93.80,0.71,10,-1,-1
84,266,199.71,638.52,176.67,144.43,1.00,4,-1,-1
84,267,1066.19,189.91,22.25,36.18,0.67,10,-1,-1
84,269,529.88,818.36,176.22,212.54,0.99,4,-1,-1
84,270,1185.70,893.10,49.71,95.77,0.77,10,-1,-1
84,271,1186.27,915.78,46.80,72.61,0.85,2,-1,-1
84,274,956.72,414.85,64.99,59.74,0.94,4,-1,-1
84,30,398.98,386.42,95.67,59.77,0.19,5,-1,-1
84,275,1185.15,910.23,48.41,76.50,0.77,1,-1,-1
84,62,1214.17,400.36,21.76,48.09,0.62,2,-1,-1
84,70,1370.51,461.34,26.24,56.63,0.87,1,-1,-1
85,6,303.66,374.93,41.17,102.57,0.99,1,-1,-1
85,8,895.98,442.07,45.63,123.95,0.98,1,-1,-1
85,21,355.19,354.06,100.46,71.17,0.98,4,-1,-1
85,24,1107.06,481.72,47.55,101.09,0.93,1,-1,-1
85,25,412.90,313.41,82.48,59.40,0.99,4,-1,-1
85,27,481.74,266.18,72.35,60.47,0.99,4,-1,-1
85,32,556.32,235.37,52.47,47.76,0.99,4,-1,-1
85,33,496.61,331.04,76.79,65.12,0.99,4,-1,-1
85,34,540.97,371.10,83.38,65.77,0.99,4,-1,-1
85,37,629.08,288.09,69.09,60.97,0.98,4,-1,-1
85,38,930.14,101.34,28.57,24.37,0.99,4,-1,-1
85,40,705.42,289.12,60.91,57.43,0.99,4,-1,-1
85,41,765.21,209.84,46.55,41.98,0.99,4,-1,-1
85,42,939.46,84.18,26.59,23.09,0.91,4,-1,-1
85,43,944.17,122.20,29.81,27.20,0.99,4,-1,-1
85,44,947.10,64.94,23.09,21.98,0.97,4,-1,-1
85,45,973.95,86.29,23.96,24.62,0.90,4,-1,-1
85,46,953.30,46.29,21.47,21.11,0.89,4,-1,-1
85,49,1003.77,88.35,25.46,24.17,0.96,4,-1,-1
85,52,1004.59,192.62,36.98,38.06,1.00,4,-1,-1
85,54,991.38,57.36,24.99,21.21,0.83,4,-1,-1
85,55,1061.87,168.69,38.35,37.18,0.99,4,-1,-1
85,56,1016.30,161.46,37.08,37.02,0.99,4,-1,-1
85,58,1102.82,311.86,57.21,53.92,0.98,4,-1,-1
85,59,1114.86,357.08,60.73,57.64,0.99,4,-1,-1
85,60,1114.52,402.37,62.52,51.53,0.97,4,-1,-1
85,71,1360.10,271.51,76.65,61.96,0.67,4,-1,-1
85,77,1409.39,330.87,20.66,50.12,0.41,1,-1,-1
85,83,1427.29,328.56,21.45,54.87,0.55,1,-1,-1
85,87,1404.31,385.93,23.87,61.00,0.98,1,-1,-1
85,92,1285.93,435.63,36.13,96.42,0.98,1,-1,-1
85,97,1377.58,346.97,23.62,52.40,0.91,1,-1,-1
85,110,731.07,190.29,45.15,44.13,0.97,4,-1,-1
85,4,172.90,286.16,22.45,49.61,0.21,1,-1,-1
85,121,948.57,152.40,33.34,32.75,1.00,4,-1,-1
85,124,1190.86,347.47,20.45,46.60,0.37,1,-1,-1
85,102,1256.99,343.83,22.34,46.41,0.90,1,-1,-1
85,142,1566.25,433.49,39.52,101.54,0.94,1,-1,-1
85,149,692.98,235.71,47.46,47.14,0.98,4,-1,-1
85,153,842.03,434.92,53.09,116.21,0.98,1,-1,-1
85,158,1055.03,235.22,18.28,30.65,0.79,10,-1,-1
85,159,1465.44,379.86,21.42,55.27,0.85,1,-1,-1
85,118,1438.95,432.69,26.08,49.46,0.60,1,-1,-1
85,174,780.00,150.57,35.92,35.12,0.95,4,-1,-1
85,91,1486.88,452.40,40.87,94.84,0.99,1,-1,-1
85,181,1481.07,380.52,21.47,57.43,0.45,1,-1,-1
85,195,912.06,181.06,34.81,37.79,0.98,4,-1,-1
85,199,601.60,141.99,92.28,79.77,0.37,9,-1,-1
85,200,876.86,213.50,47.60,45.28,1.00,4,-1,-1
85,202,1059.88,277.91,21.46,38.45,0.83,10,-1,-1
85,204,1061.31,272.29,19.44,35.87,0.87,2,-1,-1
85,133,1550.71,413.08,40.03,107.67,0.98,1,-1,-1
85,139,216.71,368.85,27.25,44.25,0.18,1,-1,-1
85,212,1353.33,337.10,23.92,58.02,0.85,1,-1,-1
85,1,242.09,315.89,23.24,52.35,0.54,1,-1,-1
85,215,734.03,156.74,37.05,32.59,0.99,4,-1,-1
85,216,874.92,100.79,28.73,28.02,0.96,4,-1,-1
85,220,589.95,190.17,104.85,106.89,0.92,9,-1,-1
85,229,755.12,130.56,33.08,30.95,0.84,4,-1,-1
85,157,1054.47,227.77,18.29,33.13,0.66,2,-1,-1
85,230,1341.05,797.32,81.75,53.04,0.13,3,-1,-1
85,235,1326.57,727.78,36.10,86.17,0.95,1,-1,-1
85,29,117.72,480.93,52.24,92.19,0.59,1,-1,-1
85,198,1204.15,371.04,21.07,52.51,0.60,1,-1,-1
85,67,857.17,428.55,45.27,106.16,0.64,1,-1,-1
85,242,808.75,130.51,30.78,28.98,0.44,4,-1,-1
85,244,1412.62,427.75,24.43,52.95,0.90,1,-1,-1
85,88,1431.87,390.68,21.43,58.16,0.89,1,-1,-1
85,246,914.67,282.23,50.17,51.47,1.00,4,-1,-1
85,247,219.54,188.79,18.85,38.23,0.86,1,-1,-1
85,251,39.69,371.90,25.58,43.47,0.71,1,-1,-1
85,205,207.40,328.71,21.30,48.87,0.67,1,-1,-1
85,253,143.94,433.57,42.17,96.04,0.97,1,-1,-1
85,209,155.68,373.62,27.10,49.07,0.55,1,-1,-1
85,255,1502.46,408.64,28.14,74.56,0.82,1,-1,-1
85,206,301.20,285.70,19.79,47.11,0.19,1,-1,-1
85,258,-2.89,673.57,194.04,168.15,0.99,4,-1,-1
85,259,330.78,673.65,176.60,185.28,0.99,4,-1,-1
85,260,683.75,151.96,38.36,32.85,0.86,4,-1,-1
85,261,807.87,350.22,70.66,65.10,1.00,4,-1,-1
85,263,1101.59,757.86,40.83,80.76,0.94,2,-1,-1
85,86,1454.84,327.96,21.49,57.17,0.26,1,-1,-1
85,264,36.81,324.42,26.47,57.16,0.95,1,-1,-1
85,265,1099.78,764.16,44.34,92.44,0.79,10,-1,-1
85,266,185.66,642.85,181.28,150.77,1.00,4,-1,-1
85,267,1065.99,188.38,20.92,35.68,0.84,10,-1,-1
85,269,545.39,786.48,172.69,205.93,0.99,4,-1,-1
85,270,1182.61,874.22,49.12,94.50,0.86,10,-1,-1
85,271,1183.50,890.96,47.70,76.50,0.75,1,-1,-1
85,274,956.52,404.36,66.43,46.77,0.77,4,-1,-1
85,275,1183.75,894.66,46.95,71.67,0.75,2,-1,-1
85,62,1214.01,398.39,21.95,47.81,0.82,2,-1,-1
85,70,1369.25,459.11,26.27,56.61,0.93,1,-1,-1
85,276,0.07,546.56,175.04,140.75,0.79,4,-1,-1
85,90,1438.98,335.96,24.03,61.68,0.55,1,-1,-1
85,171,854.33,420.70,41.93,92.99,0.83,1,-1,-1
85,69,1287.77,382.80,23.51,40.82,0.59,1,-1,-1
85,89,1706.27,418.84,42.27,92.09,0.72,1,-1,-1
86,6,307.45,370.92,40.31,102.20,0.98,1,-1,-1
86,8,904.37,437.93,45.33,123.77,0.98,1,-1,-1
86,21,357.69,352.17,100.36,71.00,0.99,4,-1,-1
86,24,1117.20,478.27,43.51,100.64,0.98,1,-1,-1
86,25,414.22,312.01,82.43,58.83,0.99,4,-1,-1
86,27,483.42,264.68,71.56,60.01,0.99,4,-1,-1
86,32,556.94,233.65,53.32,48.19,0.99,4,-1,-1
86,33,494.75,331.97,77.55,65.22,0.98,4,-1,-1
86,34,539.04,372.97,83.27,64.02,0.99,4,-1,-1
86,37,627.34,288.64,69.38,61.44,0.99,4,-1,-1
86,38,931.99,98.95,27.82,24.36,0.96,4,-1,-1
86,40,703.26,290.31,61.89,58.22,0.99,4,-1,-1
86,41,764.60,209.32,47.44,42.09,0.99,4,-1,-1
86,42,940.26,82.65,26.33,22.77,0.97,4,-1,-1
86,43,943.92,119.42,29.78,27.11,0.99,4,-1,-1
86,44,947.87,63.30,22.80,21.92,0.96,4,-1,-1
86,45,974.37,83.79,23.87,24.82,0.91,4,-1,-1
86,46,952.99,45.80,21.47,20.24,0.84,4,-1,-1
86,49,1003.74,85.67,25.97,24.86,0.87,4,-1,-1
86,52,1005.20,190.12,36.99,38.30,1.00,4,-1,-1
86,54,990.94,56.19,25.09,20.87,0.90,4,-1,-1
86,55,1062.49,167.36,38.34,37.10,0.99,4,-1,-1
86,56,1017.45,159.45,35.97,36.60,0.99,4,-1,-1
86,58,1103.26,309.44,57.29,54.16,0.99,4,-1,-1
86,59,1114.84,354.70,61.64,58.63,0.99,4,-1,-1
86,60,1114.73,398.75,62.22,52.38,0.97,4,-1,-1
86,71,1359.44,269.26,78.04,62.48,0.81,4,-1,-1
86,77,1409.38,326.81,21.22,51.34,0.36,1,-1,-1
86,83,1427.26,326.18,21.46,55.71,0.48,1,-1,-1
86,87,1403.56,381.93,25.45,61.70,0.98,1,-1,-1
86,92,1277.86,429.73,35.86,98.21,0.99,1,-1,-1
86,97,1376.24,344.53,23.85,52.52,0.87,1,-1,-1
86,110,730.97,189.30,45.37,44.42,0.97,4,-1,-1
86,4,175.53,284.96,21.19,49.53,0.19,1,-1,-1
86,121,949.64,149.17,33.35,32.69,1.00,4,-1,-1
86,124,1191.12,344.94,21.14,48.18,0.34,2,-1,-1
86,102,1255.78,341.92,23.35,46.53,0.64,1,-1,-1
86,142,1564.01,430.56,38.70,99.72,0.96,1,-1,-1
86,149,692.87,235.11,47.76,47.26,0.99,4,-1,-1
86,153,855.90,428.16,48.10,117.02,0.93,1,-1,-1
86,159,1462.68,376.71,23.00,57.38,0.83,1,-1,-1
86,118,1438.02,430.22,26.21,48.90,0.60,1,-1,-1
86,174,780.02,149.88,35.91,35.44,0.94,4,-1,-1
86,91,1482.13,446.47,37.52,95.63,0.98,1,-1,-1
86,181,1479.82,377.66,21.45,57.78,0.21,1,-1,-1
86,195,912.66,177.01,34.51,36.91,0.99,4,-1,-1
86,199,602.62,141.20,90.96,78.18,0.16,9,-1,-1
86,200,879.26,208.94,46.72,44.75,0.99,4,-1,-1
86,202,1060.18,274.45,21.47,37.38,0.86,3,-1,-1
86,204,1061.48,267.35,19.98,36.71,0.96,2,-1,-1
86,133,1551.05,412.12,40.61,108.57,0.95,1,-1,-1
86,212,1352.19,333.62,25.49,59.63,0.82,1,-1,-1
86,1,244.77,313.50,23.28,51.76,0.64,1,-1,-1
86,215,734.03,156.09,37.09,32.40,0.99,4,-1,-1
86,216,874.55,100.51,29.51,28.10,0.97,4,-1,-1
86,220,589.38,189.80,105.12,107.00,0.91,9,-1,-1
86,229,755.49,129.74,33.37,30.76,0.74,4,-1,-1
86,157,1054.01,225.43,19.63,34.91,0.74,2,-1,-1
86,235,1325.83,722.62,37.48,85.34,0.96,1,-1,-1
86,29,115.74,474.34,54.94,91.99,0.56,1,-1,-1
86,198,1204.30,368.12,21.75,52.93,0.44,1,-1,-1
86,67,848.00,419.59,46.93,109.71,0.99,1,-1,-1
86,242,808.78,129.98,31.00,29.28,0.49,4,-1,-1
86,244,1410.90,423.35,25.64,54.94,0.92,1,-1,-1
86,88,1431.08,386.82,23.02,59.18,0.90,1,-1,-1
86,246,916.58,275.26,49.87,50.83,1.00,4,-1,-1
86,247,220.72,187.23,18.61,38.02,0.86,1,-1,-1
86,251,42.51,368.55,26.20,45.44,0.72,1,-1,-1
86,205,210.27,324.96,21.60,48.52,0.75,1,-1,-1
86,253,154.95,430.38,44.33,97.23,0.98,1,-1,-1
86,209,158.31,371.68,26.62,48.05,0.69,1,-1,-1
86,255,1501.22,404.57,28.60,73.78,0.82,1,-1,-1
86,206,302.76,284.62,19.84,47.91,0.32,1,-1,-1
86,258,-3.30,681.67,183.46,168.75,0.99,4,-1,-1
86,259,320.20,680.44,180.01,190.53,1.00,4,-1,-1
86,260,684.57,151.23,37.63,32.31,0.87,4,-1,-1
86,261,811.85,341.16,69.44,65.14,1.00,4,-1,-1
86,263,1099.95,736.98,40.68,80.65,0.96,2,-1,-1
86,264,41.29,321.11,25.85,57.29,0.90,1,-1,-1
86,265,1097.42,742.75,45.15,91.15,0.92,10,-1,-1
86,266,171.61,645.96,185.79,158.58,1.00,4,-1,-1
86,267,1065.15,186.25,20.42,35.92,0.76,10,-1,-1
86,269,562.86,757.52,163.91,193.52,1.00,4,-1,-1
86,270,1180.43,853.92,48.51,94.14,0.88,10,-1,-1
86,271,1181.43,869.55,47.54,76.94,0.78,2,-1,-1
86,274,957.77,390.77,66.03,52.21,0.92,4,-1,-1
86,62,1214.37,396.09,21.61,46.51,0.61,2,-1,-1
86,70,1368.03,456.12,26.28,55.80,0.96,1,-1,-1
86,276,1.28,541.40,186.66,140.41,0.79,4,-1,-1
86,90,1438.14,329.62,25.58,64.42,0.33,1,-1,-1
86,171,852.54,415.13,42.64,97.58,0.91,1,-1,-1
86,69,1287.27,380.78,23.82,36.74,0.57,2,-1,-1
86,89,1708.19,417.57,39.26,90.74,0.90,1,-1,-1
86,277,1182.76,848.67,44.82,80.09,0.61,1,-1,-1
86,278,1545.54,426.13,31.08,87.86,0.67,1,-1,-1
86,50,978.43,40.79,22.60,21.20,0.54,4,-1,-1
87,6,310.54,368.06,39.62,101.31,0.99,1,-1,-1
87,8,911.10,435.24,48.45,122.55,0.99,1,-1,-1
87,21,359.98,350.03,98.77,68.98,0.99,4,-1,-1
87,24,1123.40,474.66,42.92,101.33,0.95,1,-1,-1
87,25,416.70,309.85,81.25,59.42,0.99,4,-1,-1
87,27,484.89,263.44,70.88,59.45,0.99,4,-1,-1
87,32,557.44,232.41,54.44,48.55,0.99,4,-1,-1
87,33,493.00,332.97,77.84,65.65,0.99,4,-1,-1
87,34,536.51,375.89,83.43,63.41,0.99,4,-1,-1
87,37,625.84,289.79,69.49,61.72,0.98,4,-1,-1
87,38,932.61,96.89,27.55,23.97,0.97,4,-1,-1
87,40,701.24,292.27,62.27,58.23,0.99,4,-1,-1
87,41,763.93,208.80,47.78,42.14,0.99,4,-1,-1
87,42,940.89,80.40,26.25,22.06,0.96,4,-1,-1
87,43,944.59,116.70,29.00,26.90,0.99,4,-1,-1
87,44,949.30,61.15,21.90,21.06,0.89,4,-1,-1
87,45,974.89,81.77,23.85,24.31,0.95,4,-1,-1
87,46,952.45,43.58,21.47,20.51,0.78,4,-1,-1
87,49,1003.32,83.24,26.95,25.22,0.86,4,-1,-1
87,52,1005.41,188.23,37.00,37.82,1.00,4,-1,-1
87,54,990.39,54.41,25.13,21.24,0.87,4,-1,-1
87,55,1063.90,165.77,37.56,37.47,0.99,4,-1,-1
87,56,1018.66,157.92,34.80,36.46,0.99,4,-1,-1
87,58,1103.82,307.29,57.34,54.67,0.98,4,-1,-1
87,59,1114.84,352.78,62.00,58.62,0.99,4,-1,-1
87,60,1116.00,397.79,61.33,52.34,0.99,4,-1,-1
87,71,1359.26,267.46,78.58,63.00,0.95,4,-1,-1
87,77,1410.23,319.98,21.44,54.54,0.50,1,-1,-1
87,83,1428.13,324.27,21.47,54.07,0.63,1,-1,-1
87,87,1403.37,378.46,26.04,61.59,0.98,1,-1,-1
87,92,1265.62,425.79,40.63,97.75,0.99,1,-1,-1
87,97,1375.82,343.35,23.94,51.40,0.90,1,-1,-1
87,110,730.86,188.81,45.46,44.34,0.97,4,-1,-1
87,4,177.03,282.46,21.14,50.31,0.17,1,-1,-1
87,121,951.18,145.61,32.58,32.93,1.00,4,-1,-1
87,124,1191.25,342.96,21.39,48.78,0.33,2,-1,-1
87,102,1256.18,340.37,23.71,46.58,0.78,1,-1,-1
87,142,1560.96,420.14,36.81,107.35,0.97,1,-1,-1
87,149,692.36,234.38,47.88,47.70,0.99,4,-1,-1
87,153,869.03,424.49,47.02,117.38,0.96,1,-1,-1
87,159,1462.56,373.96,23.58,57.79,0.81,1,-1,-1
87,118,1437.00,427.90,26.26,47.93,0.73,1,-1,-1
87,174,779.96,149.34,35.92,35.71,0.94,4,-1,-1
87,91,1475.01,442.49,36.31,95.97,0.98,1,-1,-1
87,181,1478.71,375.41,21.45,58.32,0.48,1,-1,-1
87,195,913.23,173.16,34.43,36.41,0.99,4,-1,-1
87,199,602.68,140.08,91.51,76.64,0.25,9,-1,-1
87,200,881.61,204.70,45.62,44.59,1.00,4,-1,-1
87,202,1059.90,270.54,22.27,37.11,0.80,10,-1,-1
87,204,1061.54,263.27,20.18,37.23,0.97,2,-1,-1
87,133,1551.32,411.74,37.74,103.08,0.64,1,-1,-1
87,212,1352.62,332.43,24.55,59.09,0.75,1,-1,-1
87,1,247.55,311.20,22.91,50.75,0.67,1,-1,-1
87,215,733.57,155.42,37.89,32.53,0.99,4,-1,-1
87,216,874.38,100.01,29.04,28.14,0.88,4,-1,-1
87,220,588.29,189.62,106.03,107.66,0.88,9,-1,-1
87,229,755.55,128.91,33.49,30.20,0.83,4,-1,-1
87,157,1053.84,221.88,18.59,32.49,0.76,2,-1,-1
87,235,1326.41,718.66,36.43,85.04,0.98,1,-1,-1
87,29,113.86,468.79,56.27,93.52,0.92,1,-1,-1
87,198,1205.56,366.21,20.83,52.31,0.36,1,-1,-1
87,67,844.68,412.85,46.77,110.60,0.99,1,-1,-1
87,242,808.74,129.16,31.09,29.60,0.44,4,-1,-1
87,244,1408.82,420.12,26.08,54.92,0.93,1,-1,-1
87,88,1430.12,382.83,23.62,59.96,0.92,1,-1,-1
87,246,918.76,268.78,49.00,50.34,1.00,4,-1,-1
87,247,221.35,185.65,19.12,38.55,0.85,1,-1,-1
87,251,44.78,366.29,25.49,43.05,0.61,1,-1,-1
87,205,212.54,322.35,21.92,47.61,0.91,1,-1,-1
87,253,164.38,427.90,46.12,96.96,0.98,1,-1,-1
87,209,159.51,369.35,26.83,48.50,0.57,1,-1,-1
87,255,1501.69,401.08,28.76,72.22,0.89,1,-1,-1
87,258,-3.07,690.61,170.65,168.90,0.98,4,-1,-1
87,259,309.42,688.88,183.94,195.57,1.00,4,-1,-1
87,260,684.00,149.98,38.13,32.87,0.90,4,-1,-1
87,261,816.30,333.45,68.25,63.58,1.00,4,-1,-1
87,263,1099.45,717.54,39.05,79.01,0.92,2,-1,-1
87,264,45.13,318.07,26.30,58.16,0.90,1,-1,-1
87,265,1095.84,721.88,44.66,89.10,0.90,10,-1,-1
87,266,157.59,648.68,189.48,166.95,1.00,4,-1,-1
87,267,1064.48,184.80,20.26,35.42,0.80,10,-1,-1
87,269,578.49,730.71,158.71,181.74,0.99,4,-1,-1
87,270,1177.27,842.58,49.18,83.05,0.81,2,-1,-1
87,271,1176.68,839.04,50.80,90.24,0.90,10,-1,-1
87,274,959.92,379.98,64.10,55.99,0.99,4,-1,-1
87,62,1214.54,394.03,21.50,46.46,0.30,2,-1,-1
87,70,1367.65,454.80,26.29,56.72,0.94,1,-1,-1
87,276,1.44,548.44,169.58,129.53,0.89,4,-1,-1
87,90,1437.19,329.96,24.48,58.24,0.19,1,-1,-1
87,69,1287.16,379.60,23.94,39.73,0.22,1,-1,-1
87,89,1707.30,416.12,38.30,87.10,0.87,1,-1,-1
87,277,1180.44,834.03,44.33,77.18,0.53,2,-1,-1
87,278,1545.41,429.83,31.07,81.60,0.75,1,-1,-1
87,50,978.85,39.58,22.70,21.28,0.34,4,-1,-1
87,279,1053.07,221.73,19.12,31.68,0.89,10,-1,-1
87,158,1053.15,228.81,19.86,30.65,0.82,10,-1,-1
88,6,313.05,364.19,39.36,101.39,0.99,1,-1,-1
88,8,918.96,433.11,49.58,120.92,0.98,1,-1,-1
88,21,361.88,348.35,98.17,67.85,0.99,4,-1,-1
88,24,1128.29,471.41,45.17,114.33,0.96,1,-1,-1
88,25,418.49,307.76,80.41,60.44,0.99,4,-1,-1
88,27,485.92,261.50,70.62,60.24,0.99,4,-1,-1
88,32,558.33,231.15,53.69,48.30,0.99,4,-1,-1
88,33,491.34,334.16,77.92,66.21,0.99,4,-1,-1
88,34,535.74,378.95,81.52,59.22,0.99,4,-1,-1
88,37,623.87,290.98,70.30,62.51,0.98,4,-1,-1
88,38,933.74,94.58,27.45,24.14,0.96,4,-1,-1
88,40,698.70,294.13,63.16,58.71,0.99,4,-1,-1
88,41,763.82,208.52,47.90,41.97,0.99,4,-1,-1
88,42,942.03,77.80,26.22,21.81,0.88,4,-1,-1
88,43,944.58,114.01,29.51,26.73,0.99,4,-1,-1
88,44,949.95,58.83,22.38,21.55,0.95,4,-1,-1
88,45,976.78,80.18,23.05,23.62,0.89,4,-1,-1
88,46,952.78,41.90,21.47,20.72,0.44,4,-1,-1
88,49,1004.46,81.48,26.54,24.87,0.93,4,-1,-1
88,52,1006.00,186.54,37.01,37.25,0.99,4,-1,-1
88,54,990.35,52.87,25.14,21.34,0.88,4,-1,-1
88,55,1065.74,164.55,36.46,37.42,0.98,4,-1,-1
88,56,1018.80,155.95,35.23,36.62,0.99,4,-1,-1
88,58,1104.14,305.79,58.14,54.57,0.98,4,-1,-1
88,59,1114.95,350.89,62.92,59.02,0.98,4,-1,-1
88,60,1116.17,396.27,61.79,52.76,0.99,4,-1,-1
88,71,1360.89,265.82,77.21,63.60,0.92,4,-1,-1
88,77,1410.67,321.05,21.52,50.78,0.63,1,-1,-1
88,83,1428.56,322.62,21.47,52.25,0.79,1,-1,-1
88,87,1404.20,375.47,26.26,61.95,0.98,1,-1,-1
88,92,1256.02,423.44,45.34,95.61,0.98,1,-1,-1
88,97,1375.80,343.14,23.96,50.98,0.87,1,-1,-1
88,110,730.96,188.14,45.48,44.11,0.98,4,-1,-1
88,121,953.04,142.52,32.29,32.84,1.00,4,-1,-1
88,124,1191.79,341.06,21.49,50.18,0.38,2,-1,-1
88,102,1256.45,338.23,23.84,47.79,0.79,1,-1,-1
88,142,1557.55,411.95,37.71,114.73,0.99,1,-1,-1
88,149,691.89,234.11,48.69,48.06,0.99,4,-1,-1
88,153,879.90,422.79,46.63,116.35,0.97,1,-1,-1
88,159,1461.91,371.63,23.81,56.77,0.79,1,-1,-1
88,118,1436.75,424.69,26.28,50.43,0.46,1,-1,-1
88,174,780.08,148.96,35.91,35.72,0.95,4,-1,-1
88,91,1465.47,439.72,40.74,95.71,0.99,1,-1,-1
88,181,1479.24,373.47,21.45,55.00,0.32,1,-1,-1
88,195,913.94,168.92,34.42,36.46,0.99,4,-1,-1
88,199,603.61,139.07,90.93,74.91,0.39,9,-1,-1
88,200,883.30,200.81,45.25,44.16,0.99,4,-1,-1
88,202,1059.92,265.88,22.56,37.73,0.86,10,-1,-1
88,204,1061.68,259.08,20.26,37.83,0.95,2,-1,-1
88,212,1352.15,332.21,25.73,58.08,0.80,1,-1,-1
88,1,250.49,308.88,22.76,50.37,0.51,1,-1,-1
88,215,733.53,154.89,38.19,32.58,0.99,4,-1,-1
88,216,874.07,99.70,29.63,28.15,0.89,4,-1,-1
88,220,587.25,189.04,106.35,108.69,0.91,9,-1,-1
88,229,756.10,128.43,33.52,29.90,0.86,4,-1,-1
88,157,1051.91,218.74,20.54,32.91,0.88,2,-1,-1
88,235,1326.73,715.14,36.01,84.14,0.96,1,-1,-1
88,29,112.37,464.92,55.76,91.76,0.70,1,-1,-1
88,198,1205.75,364.92,20.87,51.68,0.38,1,-1,-1
88,67,841.32,408.38,43.55,112.52,0.99,1,-1,-1
88,242,808.46,128.48,31.90,29.53,0.52,4,-1,-1
88,244,1407.38,417.20,26.24,56.10,0.96,1,-1,-1
88,88,1429.86,380.42,23.84,59.87,0.94,1,-1,-1
88,246,921.18,262.61,48.72,49.80,0.99,4,-1,-1
88,247,222.57,183.95,19.11,39.14,0.86,1,-1,-1
88,251,46.87,363.75,25.16,43.33,0.39,1,-1,-1
88,205,215.66,319.71,21.64,46.88,0.89,1,-1,-1
88,253,175.03,425.57,44.86,94.89,0.99,1,-1,-1
88,209,161.46,367.20,27.87,49.09,0.64,1,-1,-1
88,255,1502.83,398.09,28.81,71.95,0.75,1,-1,-1
88,258,-2.48,700.48,157.44,171.97,0.95,4,-1,-1
88,259,298.24,699.34,187.25,199.72,1.00,4,-1,-1
88,260,683.93,149.18,38.31,32.93,0.92,4,-1,-1
88,261,820.27,326.06,67.85,62.59,0.99,4,-1,-1
88,263,1098.64,699.79,38.42,77.56,0.94,2,-1,-1
88,264,49.38,315.25,25.41,57.69,0.94,1,-1,-1
88,265,1095.42,704.38,43.64,86.77,0.92,10,-1,-1
88,266,143.06,655.33,193.22,173.97,1.00,4,-1,-1
88,267,1063.57,181.64,21.03,35.65,0.89,10,-1,-1
88,269,594.61,705.47,150.78,171.36,0.99,4,-1,-1
88,270,1174.66,820.47,49.00,90.66,0.88,10,-1,-1
88,271,1175.11,827.47,48.35,84.33,0.82,2,-1,-1
88,274,961.54,368.98,63.44,60.70,1.00,4,-1,-1
88,62,1214.30,392.09,22.65,46.05,0.35,2,-1,-1
88,70,1367.62,453.93,26.29,56.28,0.94,1,-1,-1
88,276,1.55,547.50,161.75,125.77,0.79,4,-1,-1
88,90,1436.14,323.93,22.44,53.35,0.20,1,-1,-1
88,69,1287.26,378.36,22.42,41.89,0.63,1,-1,-1
88,89,1705.48,412.54,39.62,87.79,0.93,1,-1,-1
88,277,1178.19,819.08,45.15,81.27,0.35,1,-1,-1
88,278,1545.43,424.50,32.90,84.14,0.56,1,-1,-1
88,50,979.14,37.80,22.74,21.55,0.21,4,-1,-1
88,279,1052.75,217.27,19.12,30.71,0.61,2,-1,-1
88,158,1052.46,225.74,20.20,31.34,0.52,10,-1,-1
88,280,20.81,314.07,26.22,57.38,0.87,1,-1,-1
89,6,314.84,362.27,40.10,101.46,0.99,1,-1,-1
89,8,926.30,432.45,48.47,117.96,0.99,1,-1,-1
89,21,364.10,347.78,97.19,67.47,0.99,4,-1,-1
89,24,1137.03,469.13,43.63,103.20,0.80,1,-1,-1
89,25,419.12,307.21,80.92,60.06,0.99,4,-1,-1
89,27,486.90,260.89,70.55,60.26,0.99,4,-1,-1
89,32,558.71,231.06,52.62,48.02,0.99,4,-1,-1
89,33,489.04,336.34,78.35,66.04,0.99,4,-1,-1
89,34,533.02,382.39,82.78,58.09,0.96,4,-1,-1
89,37,622.25,292.76,70.61,63.21,0.99,4,-1,-1
89,38,935.64,93.26,26.64,24.02,0.96,4,-1,-1
89,40,696.89,296.63,62.73,59.58,0.99,4,-1,-1
89,41,764.08,208.95,47.16,41.91,0.99,4,-1,-1
89,42,943.94,76.35,25.43,21.84,0.87,4,-1,-1
89,43,945.31,112.31,28.92,26.58,1.00,4,-1,-1
89,44,950.50,58.31,22.56,21.44,0.93,4,-1,-1
89,45,977.41,78.66,23.56,24.08,0.98,4,-1,-1
89,46,953.24,41.04,21.48,20.90,0.52,4,-1,-1
89,49,1004.84,80.16,26.38,24.74,0.97,4,-1,-1
89,52,1006.56,185.31,37.02,37.25,0.99,4,-1,-1
89,54,990.69,52.06,24.36,21.13,0.94,4,-1,-1
89,55,1067.19,163.85,35.25,37.60,0.98,4,-1,-1
89,56,1019.61,154.60,35.42,36.69,0.99,4,-1,-1
89,58,1104.24,305.05,58.46,54.95,0.98,4,-1,-1
89,59,1115.76,349.81,62.50,59.57,0.99,4,-1,-1
89,60,1117.01,394.57,61.99,53.34,0.98,4,-1,-1
89,71,1361.57,265.28,76.72,64.34,0.63,4,-1,-1
89,77,1410.91,320.81,21.55,49.22,0.49,1,-1,-1
89,83,1428.80,322.02,21.48,50.79,0.63,1,-1,-1
89,87,1404.61,373.81,26.35,60.92,0.99,1,-1,-1
89,92,1249.47,421.32,47.24,95.21,0.98,1,-1,-1
89,97,1376.66,343.25,22.41,50.84,0.86,1,-1,-1
89,110,730.90,188.24,45.50,44.03,0.98,4,-1,-1
89,121,954.04,140.65,33.00,32.57,0.99,4,-1,-1
89,124,1192.80,340.56,21.53,49.17,0.44,2,-1,-1
89,102,1257.37,337.06,23.90,48.25,0.76,1,-1,-1
89,142,1554.12,407.67,41.20,117.64,0.96,1,-1,-1
89,149,691.99,234.86,49.01,48.00,0.99,4,-1,-1
89,153,888.62,422.50,48.12,114.03,0.97,1,-1,-1
89,159,1461.80,369.62,23.90,56.79,0.85,1,-1,-1
89,118,1435.99,421.98,26.29,51.35,0.60,1,-1,-1
89,174,780.02,149.44,35.92,35.82,0.94,4,-1,-1
89,91,1459.93,438.77,40.77,94.07,0.99,1,-1,-1
89,181,1479.58,371.01,21.46,55.33,0.33,1,-1,-1
89,195,915.32,166.34,33.65,35.31,0.99,4,-1,-1
89,199,604.18,139.64,89.96,77.33,0.46,9,-1,-1
89,200,885.76,198.27,45.15,43.44,0.99,4,-1,-1
89,202,1060.68,263.95,22.68,36.40,0.84,10,-1,-1
89,204,1062.10,255.84,20.30,37.88,0.93,2,-1,-1
89,212,1352.06,332.14,26.17,57.31,0.76,1,-1,-1
89,1,251.95,307.10,23.71,51.43,0.55,1,-1,-1
89,215,733.40,154.93,38.31,32.61,0.99,4,-1,-1
89,216,873.88,100.43,29.85,27.86,0.90,4,-1,-1
89,220,585.55,189.85,107.28,108.71,0.93,9,-1,-1
89,229,756.58,128.45,33.54,29.84,0.89,4,-1,-1
89,157,1051.22,217.51,21.24,32.88,0.87,2,-1,-1
89,235,1326.13,713.23,37.46,84.62,0.93,1,-1,-1
89,29,109.46,463.51,54.39,88.74,0.82,1,-1,-1
89,198,1205.84,364.07,20.89,51.07,0.44,1,-1,-1
89,67,838.19,407.61,41.51,111.33,0.99,1,-1,-1
89,242,808.65,128.47,32.21,29.80,0.67,4,-1,-1
89,244,1406.95,415.76,26.31,55.39,0.94,1,-1,-1
89,88,1429.86,379.00,23.93,59.85,0.93,1,-1,-1
89,246,923.12,257.36,47.86,49.04,1.00,4,-1,-1
89,247,223.15,183.21,19.31,39.38,0.90,1,-1,-1
89,251,48.28,362.30,25.50,43.84,0.53,1,-1,-1
89,205,217.79,318.22,21.35,46.63,0.88,1,-1,-1
89,253,185.57,423.10,42.74,95.72,0.98,1,-1,-1
89,209,161.50,365.89,29.82,50.91,0.49,1,-1,-1
89,255,1504.20,396.25,28.82,70.26,0.83,1,-1,-1
89,258,-2.06,712.72,143.97,173.11,0.93,4,-1,-1
89,259,286.24,710.30,191.94,206.62,1.00,4,-1,-1
89,260,683.77,148.98,39.16,33.31,0.86,4,-1,-1
89,261,824.70,319.83,66.15,61.45,0.99,4,-1,-1
89,263,1097.63,684.54,38.22,76.21,0.85,2,-1,-1
89,264,53.16,314.10,25.39,57.12,0.89,1,-1,-1
89,265,1094.56,690.02,43.27,83.54,0.93,10,-1,-1
89,266,127.29,665.17,197.03,177.41,0.99,4,-1,-1
89,267,1063.25,180.35,20.52,34.95,0.91,10,-1,-1
89,269,608.00,683.24,145.11,163.35,1.00,4,-1,-1
89,270,1175.49,816.31,43.23,69.56,0.63,10,-1,-1
89,271,1172.69,812.25,48.14,87.04,0.95,2,-1,-1
89,274,962.85,359.63,63.26,65.24,1.00,4,-1,-1
89,62,1215.03,390.41,23.08,45.93,0.18,2,-1,-1
89,70,1367.69,453.44,26.30,58.52,0.93,1,-1,-1
89,276,1.30,538.93,161.65,133.07,0.88,4,-1,-1
89,90,1437.49,328.02,21.70,55.39,0.24,1,-1,-1
89,69,1285.76,379.07,23.43,47.34,0.59,1,-1,-1
89,89,1704.22,409.70,40.11,88.86,0.73,1,-1,-1
89,277,1175.58,804.82,45.45,78.10,0.78,2,-1,-1
89,278,1546.47,423.97,31.74,82.20,0.16,1,-1,-1
89,50,978.42,37.00,23.54,21.61,0.47,4,-1,-1
89,279,1051.79,215.74,20.04,31.22,0.69,2,-1,-1
89,280,24.67,313.38,26.40,56.88,0.79,1,-1,-1
89,281,1171.41,968.20,49.01,86.06,0.73,2,-1,-1
89,139,232.88,357.29,27.73,46.79,0.51,1,-1,-1
89,171,847.58,408.20,39.90,99.30,0.76,1,-1,-1
90,6,316.88,361.01,40.00,102.30,0.98,1,-1,-1
90,8,936.06,431.44,45.68,118.07,0.99,1,-1,-1
90,21,365.18,347.74,96.86,66.56,0.99,4,-1,-1
90,24,1140.66,468.52,45.49,112.56,0.82,1,-1,-1
90,25,419.82,307.16,80.74,59.52,0.99,4,-1,-1
90,27,487.16,260.89,70.93,60.17,0.99,4,-1,-1
90,32,558.97,231.44,51.83,47.72,0.98,4,-1,-1
90,33,485.80,338.81,79.30,65.57,0.99,4,-1,-1
90,34,526.90,387.48,86.21,53.27,0.66,4,-1,-1
90,37,619.47,295.27,71.52,63.86,0.98,4,-1,-1
90,38,936.51,92.29,26.35,23.99,0.96,4,-1,-1
90,40,694.46,300.18,62.56,60.29,0.98,4,-1,-1
90,41,763.58,209.89,46.88,42.28,0.99,4,-1,-1
90,42,944.42,75.69,25.15,21.38,0.92,4,-1,-1
90,43,944.98,111.37,29.51,26.24,0.99,4,-1,-1
90,44,950.88,58.22,22.64,21.35,0.96,4,-1,-1
90,45,978.21,78.01,22.97,23.75,0.98,4,-1,-1
90,46,953.21,40.93,21.50,20.92,0.81,4,-1,-1
90,49,1005.17,79.72,25.54,24.00,0.98,4,-1,-1
90,52,1006.57,184.89,37.04,36.87,0.99,4,-1,-1
90,54,989.85,51.96,24.06,20.90,0.94,4,-1,-1
90,55,1067.92,163.98,34.82,37.28,0.98,4,-1,-1
90,56,1020.10,154.21,34.73,36.33,0.99,4,-1,-1
90,58,1104.49,305.09,58.59,54.70,0.98,4,-1,-1
90,59,1115.90,349.56,63.13,59.78,0.98,4,-1,-1
90,60,1117.55,394.09,62.09,53.18,0.97,4,-1,-1
90,71,1363.28,265.38,74.97,63.84,0.72,4,-1,-1
90,77,1411.66,321.05,21.57,48.66,0.61,1,-1,-1
90,83,1428.78,322.32,21.50,50.68,0.70,1,-1,-1
90,87,1405.44,373.36,26.39,60.93,0.99,1,-1,-1
90,92,1244.76,420.36,43.43,94.29,0.91,1,-1,-1
90,97,1376.90,343.60,23.42,51.19,0.89,1,-1,-1
90,110,730.64,188.86,45.51,44.40,0.97,4,-1,-1
90,121,954.57,139.32,33.28,32.18,0.99,4,-1,-1
90,124,1194.20,340.91,21.55,48.77,0.25,2,-1,-1
90,102,1257.58,336.95,23.93,47.65,0.78,1,-1,-1
90,142,1552.81,406.19,42.52,120.67,0.99,1,-1,-1
90,149,691.00,236.43,49.13,47.59,0.99,4,-1,-1
90,153,896.86,422.24,50.26,115.57,0.97,1,-1,-1
90,159,1461.69,368.25,23.94,56.41,0.86,1,-1,-1
90,118,1435.63,420.71,26.31,51.73,0.66,1,-1,-1
90,174,779.77,150.30,35.92,35.96,0.93,4,-1,-1
90,91,1454.77,437.62,40.78,94.26,0.99,1,-1,-1
90,181,1478.06,370.86,21.48,53.09,0.46,1,-1,-1
90,195,916.01,164.10,33.39,34.70,0.99,4,-1,-1
90,199,604.52,140.33,88.84,78.24,0.39,9,-1,-1
90,200,887.58,195.96,45.15,42.60,1.00,4,-1,-1
90,202,1060.79,262.27,22.73,35.71,0.78,10,-1,-1
90,204,1062.08,253.76,20.32,38.70,0.94,2,-1,-1
90,212,1351.93,333.22,26.34,56.23,0.75,1,-1,-1
90,1,253.66,306.24,23.48,51.45,0.62,1,-1,-1
90,215,733.11,155.62,38.35,33.01,0.99,4,-1,-1
90,216,873.99,101.56,29.16,27.95,0.81,4,-1,-1
90,220,583.30,190.94,107.85,109.50,0.93,9,-1,-1
90,229,756.51,128.98,33.55,29.87,0.80,4,-1,-1
90,157,1049.99,216.85,21.52,33.27,0.86,2,-1,-1
90,235,1326.59,712.60,36.45,84.81,0.95,1,-1,-1
90,29,104.55,462.33,53.88,89.62,0.73,1,-1,-1
90,198,1206.11,364.29,21.30,50.45,0.35,1,-1,-1
90,67,832.15,408.78,44.85,108.51,0.98,1,-1,-1
90,242,808.88,129.03,32.33,29.71,0.45,4,-1,-1
90,244,1406.71,414.40,24.78,55.52,0.95,1,-1,-1
90,88,1428.99,378.84,23.97,59.45,0.94,1,-1,-1
90,246,925.15,253.57,46.78,47.39,0.99,4,-1,-1
90,247,223.22,183.27,19.40,39.86,0.91,1,-1,-1
90,251,48.25,362.17,25.29,44.05,0.46,1,-1,-1
90,205,218.87,317.47,20.65,47.74,0.79,1,-1,-1
90,253,195.20,422.43,41.91,93.69,0.96,1,-1,-1
90,209,163.01,365.40,29.05,50.05,0.33,1,-1,-1
90,255,1503.87,396.13,28.83,64.45,0.78,1,-1,-1
90,258,-2.06,725.80,128.23,177.35,0.91,4,-1,-1
90,259,272.90,723.60,197.16,213.04,0.99,4,-1,-1
90,260,683.46,149.34,39.49,33.11,0.87,4,-1,-1
90,261,828.36,314.33,64.77,60.24,0.99,4,-1,-1
90,263,1097.58,674.85,35.77,69.32,0.87,2,-1,-1
90,264,56.35,313.29,25.35,56.92,0.96,1,-1,-1
90,265,1095.37,679.53,39.94,78.34,0.97,10,-1,-1
90,266,110.36,676.94,201.49,181.71,1.00,4,-1,-1
90,267,1062.58,180.59,20.34,34.09,0.77,10,-1,-1
90,269,620.98,663.60,139.22,156.30,1.00,4,-1,-1
90,270,1175.46,808.00,39.37,61.08,0.51,10,-1,-1
90,271,1170.58,795.34,47.25,89.57,0.97,2,-1,-1
90,274,964.33,351.59,62.40,66.57,1.00,4,-1,-1
90,70,1366.82,453.80,27.88,59.37,0.94,1,-1,-1
90,276,0.81,539.18,158.07,132.42,0.85,4,-1,-1
90,90,1436.24,324.12,21.46,53.31,0.16,1,-1,-1
90,69,1285.12,379.69,23.79,49.44,0.25,1,-1,-1
90,89,1702.92,410.60,40.34,86.93,0.67,1,-1,-1
90,277,1175.15,792.42,41.96,72.33,0.70,2,-1,-1
90,50,978.33,36.83,23.07,21.53,0.47,4,-1,-1
90,279,1050.37,212.88,20.36,30.70,0.39,2,-1,-1
90,280,27.69,312.30,25.84,57.25,0.83,1,-1,-1
90,281,1163.83,947.96,49.00,92.74,0.80,2,-1,-1
90,139,235.56,355.53,27.17,46.38,0.46,1,-1,-1
90,171,843.90,407.66,40.34,99.72,0.70,1,-1,-1
90,282,1158.26,951.47,50.20,96.82,0.71,10,-1,-1
90,283,1161.25,942.50,50.20,101.60,0.68,1,-1,-1
91,6,318.43,361.16,40.36,101.44,0.99,1,-1,-1
91,8,945.44,430.72,42.18,116.94,0.99,1,-1,-1
91,21,365.42,347.90,97.14,65.04,0.99,4,-1,-1
91,24,1147.38,469.08,43.80,107.72,0.60,1,-1,-1
91,25,420.54,307.32,80.67,58.91,0.99,4,-1,-1
91,27,487.91,260.88,71.07,60.33,0.99,4,-1,-1
91,32,558.95,231.95,51.93,47.60,0.98,4,-1,-1
91,33,483.16,342.00,80.02,64.60,0.99,4,-1,-1
91,34,524.54,392.83,85.55,50.30,0.15,4,-1,-1
91,37,616.99,298.30,71.84,64.48,0.98,4,-1,-1
91,38,937.65,90.89,26.24,24.28,0.94,4,-1,-1
91,40,691.72,304.06,63.25,61.03,0.99,4,-1,-1
91,41,762.29,211.19,47.55,42.23,0.99,4,-1,-1
91,42,945.02,75.09,25.05,21.17,0.94,4,-1,-1
91,43,945.31,110.29,28.94,25.72,0.99,4,-1,-1
91,44,951.85,57.50,21.88,21.49,0.91,4,-1,-1
91,45,978.54,77.41,22.75,23.44,0.97,4,-1,-1
91,46,953.25,38.95,21.50,21.17,0.20,4,-1,-1
91,49,1005.34,79.15,26.02,23.62,0.97,4,-1,-1
91,52,1007.40,184.26,36.26,36.34,1.00,4,-1,-1
91,54,990.01,52.39,23.16,20.27,0.91,4,-1,-1
91,55,1068.22,164.13,34.66,37.15,0.98,4,-1,-1
91,56,1021.13,153.59,33.69,36.19,0.99,4,-1,-1
91,58,1105.01,305.52,58.63,54.41,0.98,4,-1,-1
91,59,1116.37,349.67,62.58,59.86,0.97,4,-1,-1
91,60,1118.56,394.52,61.33,52.34,0.95,4,-1,-1
91,71,1363.13,265.54,75.90,63.75,0.64,4,-1,-1
91,77,1412.73,321.77,21.57,48.06,0.74,1,-1,-1
91,83,1429.56,322.26,19.92,50.24,0.81,1,-1,-1
91,87,1406.56,373.26,24.83,60.94,0.99,1,-1,-1
91,92,1242.70,418.31,35.39,91.95,0.91,1,-1,-1
91,97,1377.01,343.93,23.77,51.33,0.85,1,-1,-1
91,110,730.24,189.56,45.51,44.73,0.97,4,-1,-1
91,121,955.98,137.91,32.60,32.04,1.00,4,-1,-1
91,124,1193.96,341.25,22.34,48.21,0.43,2,-1,-1
91,102,1258.46,337.51,23.94,47.81,0.76,1,-1,-1
91,142,1552.36,407.99,41.48,120.26,0.99,1,-1,-1
91,149,690.71,238.06,49.16,48.01,0.99,4,-1,-1
91,153,907.49,421.22,48.74,114.57,0.98,1,-1,-1
91,159,1462.48,367.98,22.38,55.08,0.87,1,-1,-1
91,118,1436.32,419.87,26.31,52.66,0.73,1,-1,-1
91,174,779.75,151.18,35.92,36.20,0.94,4,-1,-1
91,91,1451.45,437.06,37.63,93.94,0.99,1,-1,-1
91,181,1476.74,370.67,21.48,51.84,0.45,1,-1,-1
91,195,916.30,161.79,33.30,34.10,1.00,4,-1,-1
91,199,604.32,140.86,88.43,82.54,0.44,9,-1,-1
91,200,889.82,193.92,44.37,42.11,0.99,4,-1,-1
91,202,1060.88,260.06,22.75,35.68,0.72,10,-1,-1
91,204,1062.50,251.82,20.32,37.64,0.98,2,-1,-1
91,212,1352.69,335.03,26.40,54.22,0.68,1,-1,-1
91,1,255.32,305.43,23.39,50.76,0.66,1,-1,-1
91,215,732.69,157.04,38.36,32.96,0.99,4,-1,-1
91,216,873.32,102.94,29.67,27.88,0.69,4,-1,-1
91,220,582.17,192.08,107.65,110.57,0.93,9,-1,-1
91,229,756.16,129.51,33.55,29.73,0.79,4,-1,-1
91,157,1049.95,214.51,20.85,32.43,0.87,2,-1,-1
91,235,1327.58,712.04,36.05,84.88,0.96,1,-1,-1
91,29,98.72,460.56,54.32,90.74,0.81,1,-1,-1
91,198,1206.63,364.19,21.06,48.64,0.27,1,-1,-1
91,67,827.76,409.11,48.33,107.84,0.97,1,-1,-1
91,242,809.04,129.62,31.59,29.66,0.48,4,-1,-1
91,244,1406.68,412.75,24.17,56.35,0.91,1,-1,-1
91,88,1428.67,378.65,22.41,57.72,0.90,1,-1,-1
91,246,926.66,249.40,46.42,46.61,1.00,4,-1,-1
91,247,223.35,183.47,19.82,40.24,0.91,1,-1,-1
91,251,47.79,361.91,26.10,44.92,0.32,1,-1,-1
91,205,220.09,316.42,21.59,48.56,0.75,1,-1,-1
91,253,204.01,420.64,45.55,98.09,0.98,1,-1,-1
91,209,164.76,365.01,28.91,48.93,0.15,1,-1,-1
91,255,1506.14,395.78,27.24,60.52,0.68,1,-1,-1
91,258,-1.70,739.40,112.42,178.12,0.75,4,-1,-1
91,259,258.28,737.31,202.50,219.22,1.00,4,-1,-1
91,260,683.83,150.00,38.81,32.98,0.92,4,-1,-1
91,261,832.01,309.15,63.49,59.40,1.00,4,-1,-1
91,263,1098.94,670.81,31.57,60.90,0.69,2,-1,-1
91,264,59.00,312.40,26.54,56.84,0.97,1,-1,-1
91,265,1097.06,675.86,34.56,67.42,0.97,10,-1,-1
91,266,91.99,688.93,207.98,186.31,1.00,4,-1,-1
91,267,1061.21,181.12,20.28,32.98,0.85,10,-1,-1
91,269,632.85,648.55,134.03,146.34,1.00,4,-1,-1
91,270,1170.41,789.42,42.45,75.98,0.95,10,-1,-1
91,271,1170.34,789.41,42.86,73.35,0.87,2,-1,-1
91,274,965.27,344.09,62.10,66.62,1.00,4,-1,-1
91,70,1366.52,454.92,28.47,58.52,0.96,1,-1,-1
91,276,0.59,538.21,165.96,132.43,0.75,4,-1,-1
91,90,1435.01,322.46,19.76,51.34,0.25,1,-1,-1
91,89,1702.43,413.84,38.84,83.42,0.83,1,-1,-1
91,277,1172.92,779.23,41.67,71.43,0.77,2,-1,-1
91,50,977.56,36.80,22.87,21.46,0.48,4,-1,-1
91,279,1049.97,212.25,20.43,31.20,0.82,2,-1,-1
91,280,31.31,311.23,25.78,57.38,0.87,1,-1,-1
91,281,1152.73,936.92,45.32,92.19,0.84,10,-1,-1
91,139,237.63,355.49,26.58,45.83,0.40,1,-1,-1
91,171,841.13,407.90,40.48,95.11,0.58,1,-1,-1
91,283,1155.12,923.70,47.33,91.06,0.89,2,-1,-1
91,284,700.45,135.00,38.25,29.66,0.69,4,-1,-1
91,285,1062.04,254.90,21.52,37.95,0.61,10,-1,-1
91,286,1244.32,452.43,31.08,62.75,0.69,1,-1,-1
91,115,292.00,329.03,22.12,48.09,0.57,1,-1,-1
91,206,309.14,280.39,19.73,45.38,0.51,1,-1,-1
91,158,1050.01,219.89,20.32,30.37,0.93,10,-1,-1
92,6,319.61,361.06,40.11,100.34,0.99,1,-1,-1
92,8,953.34,429.72,42.57,118.53,0.99,1,-1,-1
92,21,365.77,347.94,97.66,63.71,0.98,4,-1,-1
92,24,1156.43,468.42,40.75,99.37,0.82,1,-1,-1
92,25,421.28,307.35,80.27,58.70,1.00,4,-1,-1
92,27,488.49,260.83,71.13,60.40,0.99,4,-1,-1
92,32,558.87,232.18,51.18,47.56,0.98,4,-1,-1
92,33,479.42,345.06,81.46,64.62,0.99,4,-1,-1
92,37,613.30,301.59,72.73,64.81,0.99,4,-1,-1
92,38,938.41,90.10,26.22,24.10,0.96,4,-1,-1
92,40,688.74,307.85,64.28,61.59,0.99,4,-1,-1
92,41,761.78,212.00,47.81,42.60,0.98,4,-1,-1
92,42,946.39,74.56,24.23,21.13,0.90,4,-1,-1
92,43,945.42,108.89,28.73,25.54,0.99,4,-1,-1
92,44,952.17,56.74,21.59,21.11,0.90,4,-1,-1
92,45,979.03,76.47,22.67,23.22,0.98,4,-1,-1
92,46,952.86,39.15,21.51,20.83,0.31,4,-1,-1
92,49,1005.78,78.22,25.41,23.59,0.92,4,-1,-1
92,52,1007.69,183.22,36.76,36.35,1.00,4,-1,-1
92,54,989.68,52.30,22.82,19.84,0.85,4,-1,-1
92,55,1067.90,163.94,35.41,37.31,0.99,4,-1,-1
92,56,1021.47,152.74,33.34,35.76,0.99,4,-1,-1
92,58,1105.59,305.17,58.65,54.80,0.98,4,-1,-1
92,59,1116.93,349.13,63.15,60.67,0.98,4,-1,-1
92,60,1118.53,394.50,61.85,53.23,0.97,4,-1,-1
92,71,1363.89,265.77,74.69,63.13,0.50,4,-1,-1
92,77,1413.95,322.05,21.57,47.05,0.71,1,-1,-1
92,83,1429.86,321.84,19.32,50.11,0.76,1,-1,-1
92,87,1407.00,372.27,24.21,60.16,0.99,1,-1,-1
92,92,1236.71,417.23,33.95,92.70,0.91,1,-1,-1
92,97,1377.10,344.03,23.90,51.78,0.91,1,-1,-1
92,110,730.05,190.14,45.50,44.66,0.98,4,-1,-1
92,121,956.85,136.21,33.14,32.20,1.00,4,-1,-1
92,124,1195.04,340.78,21.86,48.39,0.26,2,-1,-1
92,102,1258.80,337.73,23.94,47.08,0.56,1,-1,-1
92,142,1550.74,409.75,41.04,118.87,0.99,1,-1,-1
92,149,689.78,239.00,49.95,48.75,0.99,4,-1,-1
92,153,919.80,418.52,45.74,114.22,0.99,1,-1,-1
92,159,1462.05,367.33,21.77,54.19,0.81,1,-1,-1
92,118,1436.63,418.61,26.31,53.42,0.75,1,-1,-1
92,174,779.32,151.88,35.92,36.24,0.96,4,-1,-1
92,91,1448.93,437.50,34.77,92.65,0.98,1,-1,-1
92,181,1475.52,369.84,21.49,52.21,0.39,1,-1,-1
92,195,916.77,159.60,33.29,33.50,0.99,4,-1,-1
92,199,604.37,140.95,87.71,82.18,0.29,9,-1,-1
92,200,891.34,191.24,44.11,41.95,1.00,4,-1,-1
92,202,1061.29,258.21,22.75,34.69,0.84,10,-1,-1
92,204,1063.05,249.79,20.33,36.44,0.98,2,-1,-1
92,212,1352.24,336.08,26.41,54.28,0.84,1,-1,-1
92,1,256.75,304.82,22.96,50.01,0.77,1,-1,-1
92,215,732.10,157.89,38.36,33.14,0.98,4,-1,-1
92,216,873.06,104.01,29.87,27.96,0.85,4,-1,-1
92,220,580.35,192.82,108.55,111.76,0.90,9,-1,-1
92,229,756.38,129.93,33.54,29.79,0.79,4,-1,-1
92,157,1050.34,215.85,19.78,29.92,0.77,2,-1,-1
92,235,1327.18,711.55,37.49,84.92,0.92,1,-1,-1
92,29,92.36,458.00,54.79,91.58,0.84,1,-1,-1
92,198,1207.22,364.14,21.36,49.18,0.28,1,-1,-1
92,67,824.98,409.09,48.16,108.01,0.98,1,-1,-1
92,242,809.06,130.55,31.30,29.55,0.64,4,-1,-1
92,244,1405.93,411.58,23.96,57.07,0.91,1,-1,-1
92,88,1428.59,377.23,21.80,57.06,0.92,1,-1,-1
92,246,928.72,245.75,44.71,45.16,0.99,4,-1,-1
92,247,223.36,183.58,20.17,40.19,0.91,1,-1,-1
92,251,47.56,361.61,26.74,45.65,0.23,1,-1,-1
92,205,221.15,315.62,21.54,48.09,0.86,1,-1,-1
92,253,211.03,420.98,49.37,97.39,0.97,1,-1,-1
92,209,165.35,364.66,28.85,46.93,0.36,1,-1,-1
92,255,1507.87,394.88,28.23,64.01,0.80,1,-1,-1
92,258,-1.13,754.08,94.72,171.34,0.76,4,-1,-1
92,259,242.78,751.63,207.94,225.35,0.99,4,-1,-1
92,260,683.54,150.57,38.54,32.73,0.89,4,-1,-1
92,261,835.17,303.67,62.27,58.71,1.00,4,-1,-1
92,263,1095.72,658.66,31.79,62.19,0.49,2,-1,-1
92,264,62.07,311.67,26.91,56.02,0.92,1,-1,-1
92,265,1096.07,670.73,31.79,59.32,0.95,10,-1,-1
92,266,73.33,701.04,214.05,191.84,1.00,4,-1,-1
92,267,1059.92,182.10,20.26,31.37,0.77,10,-1,-1
92,269,642.55,635.67,129.13,136.15,0.99,4,-1,-1
92,271,1166.26,773.34,46.20,81.61,0.99,2,-1,-1
92,274,966.77,337.00,60.39,65.01,1.00,4,-1,-1
92,70,1367.21,455.74,28.70,57.40,0.93,1,-1,-1
92,276,0.34,556.13,155.89,114.25,0.70,4,-1,-1
92,90,1432.93,321.27,20.82,51.08,0.54,1,-1,-1
92,89,1699.92,416.34,38.30,79.72,0.92,1,-1,-1
92,277,1169.69,768.19,42.46,68.63,0.88,2,-1,-1
92,50,976.87,37.02,22.01,20.95,0.24,4,-1,-1
92,279,1049.87,210.15,19.58,29.64,0.75,2,-1,-1
92,280,34.93,310.47,26.07,57.42,0.66,1,-1,-1
92,281,1142.72,911.97,48.94,94.78,0.96,10,-1,-1
92,139,238.01,355.30,26.96,44.84,0.50,1,-1,-1
92,171,835.82,406.88,42.12,98.20,0.50,1,-1,-1
92,283,1147.82,901.90,46.77,86.11,0.96,2,-1,-1
92,284,701.04,134.80,38.25,29.72,0.72,4,-1,-1
92,115,293.05,328.79,21.90,47.71,0.60,1,-1,-1
92,206,309.69,279.98,19.72,45.34,0.66,1,-1,-1
92,158,1050.39,221.42,18.70,28.13,0.89,10,-1,-1
92,287,235.92,314.96,21.81,47.81,0.70,1,-1,-1
92,288,479.32,932.94,184.08,136.27,0.90,4,-1,-1
93,6,319.94,360.69,42.00,101.12,0.99,1,-1,-1
93,8,960.71,430.57,42.72,117.96,0.98,1,-1,-1
93,21,366.81,347.76,97.08,63.25,0.99,4,-1,-1
93,24,1163.07,467.84,41.29,98.64,0.88,1,-1,-1
93,25,421.70,307.16,80.12,58.61,0.99,4,-1,-1
93,27,489.06,260.61,70.76,60.62,0.98,4,-1,-1
93,32,559.01,232.25,50.90,47.94,0.98,4,-1,-1
93,33,477.06,347.70,81.21,64.63,0.99,4,-1,-1
93,37,610.36,305.02,73.84,64.82,0.99,4,-1,-1
93,38,939.81,88.74,25.42,24.14,0.96,4,-1,-1
93,40,685.69,311.34,65.44,62.57,0.99,4,-1,-1
93,41,760.79,212.47,47.90,43.33,0.99,4,-1,-1
93,42,947.23,73.92,23.93,20.90,0.93,4,-1,-1
93,43,945.02,107.52,28.66,25.28,1.00,4,-1,-1
93,44,952.63,56.42,21.50,20.61,0.90,4,-1,-1
93,45,979.94,75.57,21.86,22.92,0.98,4,-1,-1
93,46,952.67,41.05,21.51,19.91,0.56,4,-1,-1
93,49,1006.29,77.05,25.18,23.78,0.96,4,-1,-1
93,52,1007.74,182.26,36.95,36.36,1.00,4,-1,-1
93,54,988.73,51.75,22.70,19.88,0.90,4,-1,-1
93,55,1067.73,163.76,35.69,37.36,0.99,4,-1,-1
93,56,1022.35,151.89,32.43,35.35,0.99,4,-1,-1
93,58,1106.15,305.14,58.65,55.24,0.97,4,-1,-1
93,59,1117.49,349.51,62.58,60.58,0.98,4,-1,-1
93,60,1118.07,394.11,63.62,53.96,0.96,4,-1,-1
93,71,1364.11,265.55,75.82,63.98,0.92,4,-1,-1
93,77,1416.70,321.76,19.99,47.08,0.63,1,-1,-1
93,83,1429.92,320.29,20.73,52.06,0.70,1,-1,-1
93,87,1407.12,370.94,23.99,59.08,0.99,1,-1,-1
93,92,1226.59,416.69,36.79,94.97,0.98,1,-1,-1
93,97,1377.09,344.05,23.95,51.95,0.92,1,-1,-1
93,110,729.57,190.73,45.50,44.43,0.97,4,-1,-1
93,121,957.90,134.69,32.56,32.12,1.00,4,-1,-1
93,124,1195.01,340.80,22.45,48.46,0.35,2,-1,-1
93,102,1258.88,337.01,23.94,47.59,0.80,1,-1,-1
93,142,1549.35,415.55,39.29,113.58,0.97,1,-1,-1
93,149,689.01,240.30,50.25,49.23,0.99,4,-1,-1
93,153,931.56,417.18,43.80,112.91,0.97,1,-1,-1
93,159,1461.08,366.92,21.56,53.06,0.88,1,-1,-1
93,118,1437.52,417.57,26.31,58.40,0.87,1,-1,-1
93,174,778.73,152.50,35.91,36.64,0.95,4,-1,-1
93,91,1442.46,436.32,35.39,93.36,0.99,1,-1,-1
93,181,1475.84,368.96,21.49,51.56,0.36,1,-1,-1
93,195,917.68,157.19,32.51,32.91,1.00,4,-1,-1
93,199,606.53,142.17,84.88,80.31,0.22,9,-1,-1
93,200,893.38,189.15,44.03,41.12,1.00,4,-1,-1
93,202,1062.19,256.52,21.97,33.53,0.64,10,-1,-1
93,204,1063.21,247.34,20.33,35.99,0.96,2,-1,-1
93,212,1352.81,336.45,26.41,55.50,0.91,1,-1,-1
93,1,258.18,304.14,22.79,49.82,0.65,1,-1,-1
93,215,731.86,158.48,38.35,33.60,0.98,4,-1,-1
93,216,872.54,105.02,29.15,27.88,0.75,4,-1,-1
93,220,578.49,193.84,109.66,112.98,0.92,9,-1,-1
93,229,756.82,130.17,33.54,30.10,0.81,4,-1,-1
93,157,1049.66,214.41,20.17,30.00,0.53,2,-1,-1
93,235,1327.00,710.64,38.03,85.72,0.88,1,-1,-1
93,29,87.19,456.15,55.45,93.87,0.77,1,-1,-1
93,198,1207.79,363.93,21.87,50.57,0.38,1,-1,-1
93,67,820.95,408.95,44.95,109.26,0.98,1,-1,-1
93,242,809.04,131.08,31.97,29.70,0.60,4,-1,-1
93,244,1405.64,410.97,23.88,56.95,0.93,1,-1,-1
93,88,1428.52,375.15,21.58,57.23,0.96,1,-1,-1
93,246,930.97,241.81,43.30,44.25,1.00,4,-1,-1
93,247,223.53,183.63,20.11,39.96,0.92,1,-1,-1
93,205,222.54,314.97,21.13,47.52,0.85,1,-1,-1
93,253,217.97,420.02,53.31,99.85,0.98,1,-1,-1
93,255,1509.25,394.19,28.58,65.62,0.85,1,-1,-1
93,258,-0.91,768.42,76.39,161.42,0.71,4,-1,-1
93,259,227.23,766.53,214.15,230.66,0.99,4,-1,-1
93,260,683.40,151.16,38.42,32.44,0.85,4,-1,-1
93,261,838.55,298.69,61.06,56.88,1.00,4,-1,-1
93,264,64.36,310.45,27.88,56.51,0.90,1,-1,-1
93,265,1094.48,661.55,31.77,55.13,0.84,10,-1,-1
93,266,54.63,713.57,219.51,196.16,0.99,4,-1,-1
93,267,1058.64,181.65,21.06,31.01,0.77,10,-1,-1
93,269,652.81,627.25,120.14,122.60,0.98,4,-1,-1
93,271,1167.21,767.76,41.03,68.73,0.90,2,-1,-1
93,274,968.87,330.07,58.14,63.12,1.00,4,-1,-1
93,70,1367.44,456.22,28.77,56.58,0.95,1,-1,-1
93,276,0.30,563.50,153.61,107.31,0.80,4,-1,-1
93,90,1433.79,320.46,21.18,51.02,0.35,1,-1,-1
93,89,1699.78,415.25,38.12,80.03,0.82,1,-1,-1
93,277,1167.37,756.49,41.10,69.48,0.83,2,-1,-1
93,50,976.97,37.01,20.88,20.36,0.30,4,-1,-1
93,279,1048.99,208.75,20.12,29.74,0.61,2,-1,-1
93,280,37.92,309.41,26.80,56.99,0.71,1,-1,-1
93,281,1133.39,891.16,47.38,92.11,0.96,10,-1,-1
93,139,238.54,355.27,26.71,44.45,0.40,1,-1,-1
93,171,830.38,406.15,42.74,98.13,0.60,1,-1,-1
93,283,1138.36,877.48,47.54,85.61,0.96,2,-1,-1
93,284,702.52,135.22,37.33,29.38,0.71,4,-1,-1
93,115,293.63,328.53,21.53,44.43,0.24,1,-1,-1
93,206,310.22,280.07,19.32,44.72,0.55,1,-1,-1
93,158,1049.69,220.35,18.94,27.59,0.61,10,-1,-1
93,287,237.24,313.52,21.34,46.85,0.58,1,-1,-1
93,288,489.23,907.06,183.83,162.07,0.92,4,-1,-1
93,289,255.80,239.21,31.08,37.35,0.61,10,-1,-1
93,290,1062.04,257.14,21.52,33.47,0.72,3,-1,-1
93,69,1285.89,381.48,23.91,52.20,0.54,1,-1,-1
93,270,1165.02,763.31,43.72,81.82,0.96,10,-1,-1
94,6,321.33,360.68,41.92,100.62,0.99,1,-1,-1
94,8,967.61,431.67,43.58,116.16,0.98,1,-1,-1
94,21,366.73,347.59,97.64,63.11,0.98,4,-1,-1
94,24,1171.34,467.81,40.67,96.00,0.91,1,-1,-1
94,25,422.78,306.80,80.06,58.59,0.99,4,-1,-1
94,27,489.81,260.63,70.61,60.30,0.99,4,-1,-1
94,32,559.21,232.67,51.59,47.89,0.97,4,-1,-1
94,33,474.64,351.06,81.08,64.63,0.99,4,-1,-1
94,37,607.50,308.11,75.01,65.59,0.99,4,-1,-1
94,38,940.41,87.74,25.93,23.66,0.98,4,-1,-1
94,40,682.40,314.63,66.63,64.09,0.99,4,-1,-1
94,41,759.78,213.32,48.70,43.60,0.99,4,-1,-1
94,42,947.61,72.82,24.63,20.67,0.87,4,-1,-1
94,43,945.39,106.41,28.63,24.99,1.00,4,-1,-1
94,44,953.69,55.68,20.67,20.73,0.91,4,-1,-1
94,45,980.36,74.71,21.55,22.64,0.98,4,-1,-1
94,46,952.72,40.65,21.51,20.01,0.51,4,-1,-1
94,49,1006.58,76.30,25.10,23.65,0.97,4,-1,-1
94,52,1007.86,181.19,37.02,36.37,1.00,4,-1,-1
94,54,987.71,51.14,23.46,19.90,0.83,4,-1,-1
94,55,1067.35,163.65,36.58,37.58,0.97,4,-1,-1
94,56,1022.34,150.80,32.93,35.45,0.99,4,-1,-1
94,58,1107.22,305.17,57.85,55.11,0.96,4,-1,-1
94,59,1118.16,349.61,61.55,60.14,0.98,4,-1,-1
94,60,1119.14,394.51,62.72,52.28,0.97,4,-1,-1
94,71,1363.46,265.64,77.82,64.30,0.89,4,-1,-1
94,77,1418.58,320.84,19.37,47.90,0.64,1,-1,-1
94,83,1430.78,319.31,21.23,52.79,0.58,1,-1,-1
94,87,1407.20,369.45,23.91,57.88,0.99,1,-1,-1
94,92,1218.09,416.89,39.72,93.46,0.96,1,-1,-1
94,97,1377.15,344.01,23.96,51.62,0.90,1,-1,-1
94,110,729.53,191.35,45.49,44.34,0.97,4,-1,-1
94,121,959.16,133.04,32.33,31.79,0.99,4,-1,-1
94,124,1195.06,340.96,22.67,47.69,0.31,2,-1,-1
94,102,1259.75,336.90,23.93,46.99,0.81,1,-1,-1
94,142,1545.71,421.57,38.60,107.09,0.95,1,-1,-1
94,149,688.48,241.56,50.34,49.59,0.99,4,-1,-1
94,153,940.75,417.06,45.55,112.43,0.96,1,-1,-1
94,159,1460.78,365.77,21.48,53.85,0.89,1,-1,-1
94,118,1437.90,416.02,26.31,58.74,0.91,1,-1,-1
94,174,778.65,153.24,35.90,36.79,0.95,4,-1,-1
94,91,1433.96,436.27,38.79,92.05,0.98,1,-1,-1
94,181,1475.24,367.84,21.49,52.93,0.64,1,-1,-1
94,195,918.11,154.65,32.22,32.91,1.00,4,-1,-1
94,199,607.69,141.25,83.22,83.35,0.33,9,-1,-1
94,200,895.37,187.03,43.22,40.03,1.00,4,-1,-1
94,202,1062.23,254.24,22.46,33.73,0.74,10,-1,-1
94,204,1063.75,245.19,20.32,36.23,0.96,2,-1,-1
94,212,1353.10,337.13,26.40,55.56,0.88,1,-1,-1
94,1,259.91,303.90,22.53,48.87,0.80,1,-1,-1
94,215,731.91,159.29,37.55,33.57,0.98,4,-1,-1
94,216,872.08,105.85,29.66,28.24,0.65,4,-1,-1
94,220,575.83,194.80,111.03,114.10,0.92,9,-1,-1
94,229,757.12,130.38,33.53,30.52,0.77,4,-1,-1
94,157,1046.78,211.09,21.87,31.63,0.20,2,-1,-1
94,235,1327.74,710.28,38.22,86.01,0.91,1,-1,-1
94,29,82.80,455.40,55.99,95.12,0.86,1,-1,-1
94,198,1208.46,364.20,22.45,51.88,0.33,1,-1,-1
94,67,817.34,406.90,42.85,110.52,0.99,1,-1,-1
94,242,809.16,131.64,32.22,30.00,0.66,4,-1,-1
94,244,1406.40,410.14,23.86,56.10,0.93,1,-1,-1
94,88,1428.55,373.79,21.50,57.29,0.96,1,-1,-1
94,246,932.61,237.69,42.83,43.76,1.00,4,-1,-1
94,247,223.69,183.54,20.08,39.87,0.94,1,-1,-1
94,205,224.08,314.25,20.77,47.69,0.87,1,-1,-1
94,253,226.39,419.58,49.78,98.43,0.99,1,-1,-1
94,255,1509.81,393.35,28.71,68.58,0.90,1,-1,-1
94,258,-0.38,785.23,56.76,145.50,0.44,4,-1,-1
94,259,210.53,782.24,221.00,237.16,0.99,4,-1,-1
94,260,683.50,151.64,38.37,32.28,0.83,4,-1,-1
94,261,841.76,293.33,60.65,56.11,0.99,4,-1,-1
94,264,66.85,309.51,29.24,56.30,0.90,1,-1,-1
94,266,35.33,726.46,225.50,201.54,0.98,4,-1,-1
94,267,1057.89,179.43,21.35,31.91,0.89,10,-1,-1
94,269,662.55,607.46,113.87,122.43,0.95,4,-1,-1
94,271,1166.64,758.82,38.08,61.40,0.58,2,-1,-1
94,274,970.08,322.55,56.53,62.75,0.99,4,-1,-1
94,70,1367.58,456.74,28.79,55.88,0.93,1,-1,-1
94,276,0.39,560.67,154.02,108.90,0.85,4,-1,-1
94,90,1434.20,320.18,21.33,50.62,0.24,1,-1,-1
94,89,1701.37,414.67,36.46,80.16,0.90,1,-1,-1
94,277,1166.28,744.94,39.78,69.82,0.86,2,-1,-1
94,50,976.73,36.34,21.27,20.84,0.22,4,-1,-1
94,279,1048.79,207.46,20.30,31.03,0.71,2,-1,-1
94,280,41.52,307.71,25.61,57.26,0.89,1,-1,-1
94,281,1126.36,866.60,45.03,93.74,0.95,10,-1,-1
94,139,239.73,355.39,26.61,44.71,0.52,1,-1,-1
94,171,824.62,406.06,42.18,95.72,0.45,1,-1,-1
94,283,1132.13,855.10,45.09,85.58,0.96,2,-1,-1
94,284,702.57,135.28,37.02,29.45,0.64,4,-1,-1
94,115,294.87,328.34,21.29,44.74,0.37,1,-1,-1
94,206,310.94,279.41,19.17,43.51,0.41,1,-1,-1
94,158,1049.14,217.64,19.02,27.81,0.50,10,-1,-1
94,287,238.06,314.33,21.47,45.27,0.65,1,-1,-1
94,288,502.97,880.50,180.31,187.63,0.98,4,-1,-1
94,289,254.56,242.13,30.36,34.96,0.51,10,-1,-1
94,69,1287.74,382.59,22.27,50.12,0.26,1,-1,-1
94,270,1162.87,752.82,44.14,80.19,0.95,10,-1,-1
94,291,20.99,313.47,23.83,58.57,0.66,1,-1,-1
94,292,169.88,302.12,21.81,46.62,0.64,2,-1,-1
94,293,187.37,183.18,17.63,38.25,0.64,1,-1,-1
94,294,271.78,259.68,23.01,43.63,0.66,1,-1,-1
94,295,364.87,555.22,127.30,114.75,0.93,4,-1,-1
94,296,1258.66,336.48,26.30,46.62,0.61,2,-1,-1
94,233,99.52,285.47,25.46,41.79,0.51,1,-1,-1
94,4,185.46,278.37,20.63,50.19,0.55,1,-1,-1
95,6,322.74,360.20,41.11,100.05,0.99,1,-1,-1
95,8,974.66,431.33,46.30,116.29,0.98,1,-1,-1
95,21,366.25,347.19,98.66,62.67,0.98,4,-1,-1
95,24,1174.93,466.41,44.50,102.71,0.94,1,-1,-1
95,25,423.52,306.91,80.05,58.17,0.99,4,-1,-1
95,27,490.63,260.08,70.56,60.77,0.99,4,-1,-1
95,32,559.64,233.03,52.64,48.26,0.93,4,-1,-1
95,33,472.23,354.25,80.62,63.43,0.99,4,-1,-1
95,37,604.51,310.40,75.45,67.03,0.99,4,-1,-1
95,38,940.96,86.93,26.12,22.68,0.93,4,-1,-1
95,40,678.86,318.92,67.86,65.03,0.99,4,-1,-1
95,41,758.61,214.50,49.01,43.30,0.99,4,-1,-1
95,42,948.09,71.44,24.89,21.27,0.79,4,-1,-1
95,43,945.49,104.93,28.63,24.99,0.99,4,-1,-1
95,44,953.62,54.00,21.17,21.77,0.74,4,-1,-1
95,45,981.26,73.46,21.46,22.87,0.95,4,-1,-1
95,46,953.09,38.48,21.51,20.90,0.33,4,-1,-1
95,49,1006.64,75.15,25.87,23.88,0.96,4,-1,-1
95,52,1008.26,179.69,36.26,36.38,0.99,4,-1,-1
95,54,987.70,50.36,22.96,20.16,0.74,4,-1,-1
95,55,1066.78,163.17,37.71,38.25,0.97,4,-1,-1
95,56,1022.70,149.79,33.13,35.69,0.99,4,-1,-1
95,58,1107.21,304.76,58.35,55.45,0.95,4,-1,-1
95,59,1118.80,349.43,61.96,60.35,0.98,4,-1,-1
95,60,1119.94,394.44,62.37,52.43,0.97,4,-1,-1
95,71,1363.98,265.50,78.58,64.51,0.91,4,-1,-1
95,77,1420.04,319.25,19.16,48.60,0.61,1,-1,-1
95,83,1435.80,319.07,22.99,51.89,0.24,1,-1,-1
95,87,1408.04,368.47,23.89,56.64,0.99,1,-1,-1
95,92,1211.21,416.22,43.16,94.07,0.98,1,-1,-1
95,97,1377.98,344.31,23.97,51.09,0.93,1,-1,-1
95,110,729.11,191.85,45.49,44.30,0.98,4,-1,-1
95,121,960.36,131.82,32.26,31.52,0.99,4,-1,-1
95,124,1195.46,340.79,22.75,46.20,0.44,2,-1,-1
95,102,1260.08,336.82,23.93,46.76,0.80,1,-1,-1
95,142,1539.68,415.50,43.15,112.29,0.95,1,-1,-1
95,149,687.87,242.80,50.37,49.91,0.99,4,-1,-1
95,153,946.23,417.27,50.13,112.66,0.97,1,-1,-1
95,159,1460.71,364.51,21.46,54.15,0.88,1,-1,-1
95,118,1438.87,414.38,26.31,59.23,0.95,1,-1,-1
95,174,778.20,153.97,35.90,36.64,0.94,4,-1,-1
95,91,1427.10,436.62,40.05,91.17,0.99,1,-1,-1
95,181,1475.06,366.98,21.50,53.05,0.62,1,-1,-1
95,195,918.22,152.05,32.94,33.28,1.00,4,-1,-1
95,199,608.86,140.63,82.26,84.66,0.45,9,-1,-1
95,200,897.60,184.43,42.14,40.05,0.99,4,-1,-1
95,202,1062.23,251.45,22.64,34.41,0.66,10,-1,-1
95,204,1063.94,242.96,20.33,35.54,0.97,2,-1,-1
95,212,1353.23,337.70,26.39,55.19,0.92,1,-1,-1
95,1,261.25,302.93,22.64,49.70,0.69,1,-1,-1
95,215,731.91,159.68,37.25,33.95,0.97,4,-1,-1
95,216,871.49,106.60,29.85,28.47,0.89,4,-1,-1
95,220,572.87,196.32,113.50,113.33,0.96,9,-1,-1
95,229,757.19,130.44,33.53,30.96,0.77,4,-1,-1
95,157,1047.21,207.83,21.75,33.99,0.55,2,-1,-1
95,235,1328.09,709.76,38.30,85.33,0.84,1,-1,-1
95,29,77.90,454.72,56.39,94.02,0.72,1,-1,-1
95,198,1209.10,363.88,22.28,50.82,0.26,1,-1,-1
95,67,812.96,406.17,42.11,111.00,0.97,1,-1,-1
95,242,809.17,132.02,32.31,30.41,0.64,4,-1,-1
95,244,1406.73,408.80,23.86,56.57,0.95,1,-1,-1
95,88,1428.59,373.25,21.48,56.92,0.95,1,-1,-1
95,246,933.91,233.44,42.69,43.61,1.00,4,-1,-1
95,247,223.59,183.57,20.07,39.83,0.90,1,-1,-1
95,205,225.74,313.70,20.65,47.37,0.77,1,-1,-1
95,253,236.05,418.19,44.27,101.01,0.98,1,-1,-1
95,255,1511.61,392.20,28.76,69.31,0.84,1,-1,-1
95,259,194.52,798.89,225.60,244.12,0.99,4,-1,-1
95,260,683.51,152.05,38.35,32.07,0.85,4,-1,-1
95,261,845.19,288.19,59.75,55.05,0.99,4,-1,-1
95,264,70.12,308.90,29.57,55.82,0.86,1,-1,-1
95,266,17.31,739.38,229.81,207.31,0.98,4,-1,-1
95,267,1057.23,178.30,21.47,32.05,0.70,10,-1,-1
95,269,669.96,580.87,115.39,128.47,0.97,4,-1,-1
95,274,970.45,316.24,56.00,61.40,1.00,4,-1,-1
95,70,1368.44,458.45,28.80,53.63,0.43,1,-1,-1
95,276,0.76,551.51,177.58,116.94,0.61,4,-1,-1
95,90,1433.58,318.63,21.40,51.31,0.58,1,-1,-1
95,277,1165.21,735.55,39.35,69.17,0.92,2,-1,-1
95,50,975.02,35.48,22.20,21.27,0.19,4,-1,-1
95,279,1047.92,210.05,21.17,30.68,0.41,2,-1,-1
95,280,44.62,307.47,25.85,56.53,0.88,1,-1,-1
95,281,1120.62,845.53,44.26,90.96,0.88,10,-1,-1
95,139,240.57,354.55,26.39,45.19,0.25,1,-1,-1
95,171,819.81,404.51,42.77,95.61,0.20,1,-1,-1
95,283,1126.99,834.87,41.61,84.77,0.93,2,-1,-1
95,284,703.39,135.53,36.05,29.25,0.75,4,-1,-1
95,115,295.16,327.95,21.91,48.38,0.48,1,-1,-1
95,206,311.15,278.62,19.52,43.47,0.21,1,-1,-1
95,158,1048.54,216.68,19.06,27.50,0.39,10,-1,-1
95,287,239.82,312.31,21.06,45.71,0.45,1,-1,-1
95,288,521.08,849.93,175.42,196.66,0.99,4,-1,-1
95,69,1288.41,383.31,21.71,48.96,0.23,1,-1,-1
95,270,1161.43,742.69,44.30,78.73,0.95,10,-1,-1
95,291,24.00,312.97,22.62,58.09,0.55,1,-1,-1
95,292,166.59,303.28,22.53,46.14,0.54,2,-1,-1
95,293,188.72,183.40,17.63,38.72,0.56,1,-1,-1
95,294,270.63,260.25,23.73,43.15,0.54,1,-1,-1
95,295,356.43,557.56,124.91,122.39,0.96,4,-1,-1
95,233,96.24,285.71,24.19,42.67,0.39,3,-1,-1
95,4,186.18,278.26,21.03,50.20,0.59,1,-1,-1
95,62,1216.93,388.89,23.85,55.47,0.73,2,-1,-1
96,6,323.49,359.63,41.20,99.44,0.99,1,-1,-1
96,8,980.51,431.01,47.32,116.36,0.98,1,-1,-1
96,21,365.93,347.01,98.66,62.54,0.99,4,-1,-1
96,24,1183.44,465.71,42.02,105.12,0.63,1,-1,-1
96,25,423.68,306.52,80.06,58.42,0.99,4,-1,-1
96,27,491.02,259.54,70.94,61.04,0.99,4,-1,-1
96,32,559.70,233.32,54.22,48.20,0.94,4,-1,-1
96,33,470.32,357.30,79.64,61.39,1.00,4,-1,-1
96,37,600.42,312.71,76.57,68.35,0.99,4,-1,-1
96,38,942.22,85.68,25.41,22.13,0.88,4,-1,-1
96,40,675.16,322.95,69.09,65.38,0.99,4,-1,-1
96,41,757.71,215.56,49.11,43.18,0.99,4,-1,-1
96,42,948.15,70.22,25.00,21.10,0.48,4,-1,-1
96,43,945.44,103.55,28.64,24.80,0.99,4,-1,-1
96,44,953.50,53.82,21.36,21.18,0.45,4,-1,-1
96,45,981.08,72.20,22.23,22.81,0.96,4,-1,-1
96,46,953.14,39.19,20.72,20.39,0.30,4,-1,-1
96,49,1007.35,74.44,25.37,23.30,0.96,4,-1,-1
96,52,1007.91,178.53,36.77,36.20,0.99,4,-1,-1
96,54,987.24,49.99,22.77,19.71,0.71,4,-1,-1
96,55,1066.47,162.76,38.14,38.50,0.97,4,-1,-1
96,56,1023.13,148.61,33.22,35.78,0.99,4,-1,-1
96,58,1107.89,304.57,57.74,55.19,0.96,4,-1,-1
96,59,1119.34,349.33,61.33,60.04,0.98,4,-1,-1
96,60,1120.13,394.40,62.24,51.70,0.96,4,-1,-1
96,71,1364.09,265.12,78.87,64.88,0.96,4,-1,-1
96,77,1421.26,318.83,19.09,48.48,0.61,1,-1,-1
96,83,1436.85,318.78,23.66,51.15,0.21,1,-1,-1
96,87,1408.26,367.72,23.88,56.20,0.99,1,-1,-1
96,92,1207.49,417.38,37.30,80.50,0.75,1,-1,-1
96,97,1378.21,344.38,23.97,50.90,0.94,1,-1,-1
96,110,728.08,192.28,46.27,44.28,0.98,4,-1,-1
96,121,961.08,130.45,32.24,30.78,0.99,4,-1,-1
96,124,1195.90,340.09,22.78,45.64,0.52,2,-1,-1
96,102,1260.10,336.56,23.93,46.28,0.84,1,-1,-1
96,142,1532.90,412.74,49.33,116.48,0.98,1,-1,-1
96,149,686.39,243.78,51.15,50.61,0.99,4,-1,-1
96,153,955.31,417.58,51.84,111.18,0.98,1,-1,-1
96,159,1459.83,362.86,21.46,55.06,0.87,1,-1,-1
96,118,1438.37,412.99,26.31,60.18,0.92,1,-1,-1
96,174,777.16,154.48,36.69,36.77,0.95,4,-1,-1
96,91,1422.98,435.58,40.54,90.85,0.99,1,-1,-1
96,181,1474.94,366.28,21.51,51.92,0.63,1,-1,-1
96,195,918.95,149.85,32.42,32.84,1.00,4,-1,-1
96,199,609.78,141.50,81.33,87.49,0.34,9,-1,-1
96,200,899.05,181.93,41.76,39.88,0.99,4,-1,-1
96,202,1062.52,247.40,21.92,34.88,0.73,10,-1,-1
96,204,1063.91,240.61,20.33,36.48,0.97,2,-1,-1
96,212,1353.19,337.67,26.39,55.05,0.92,1,-1,-1
96,1,261.78,301.76,23.47,50.41,0.76,1,-1,-1
96,215,731.43,160.25,37.13,33.89,0.98,4,-1,-1
96,216,870.80,107.25,29.92,28.46,0.78,4,-1,-1
96,220,571.50,198.29,113.85,112.91,0.97,9,-1,-1
96,229,757.12,130.56,33.52,31.28,0.76,4,-1,-1
96,157,1046.16,204.77,22.46,35.85,0.68,2,-1,-1
96,235,1328.91,709.61,36.76,84.28,0.88,1,-1,-1
96,29,72.64,454.92,54.97,91.22,0.62,1,-1,-1
96,198,1209.24,362.93,22.21,50.81,0.24,1,-1,-1
96,67,809.01,405.92,41.04,110.79,0.96,1,-1,-1
96,242,809.48,132.35,32.34,30.70,0.67,4,-1,-1
96,244,1407.58,406.54,23.86,57.53,0.97,1,-1,-1
96,88,1428.52,372.68,21.48,57.98,0.88,1,-1,-1
96,246,935.43,229.43,41.87,43.39,1.00,4,-1,-1
96,247,223.35,183.34,19.87,39.81,0.88,1,-1,-1
96,205,227.29,312.50,20.40,47.64,0.81,1,-1,-1
96,253,245.33,417.87,39.86,96.90,0.96,1,-1,-1
96,255,1510.62,391.19,30.34,70.35,0.90,1,-1,-1
96,259,176.70,815.00,231.56,247.46,1.00,4,-1,-1
96,260,682.64,152.20,39.12,32.14,0.89,4,-1,-1
96,261,848.22,282.89,58.65,54.69,0.99,4,-1,-1
96,264,72.52,307.87,29.01,56.44,0.77,1,-1,-1
96,266,1.60,752.92,231.50,213.27,0.97,4,-1,-1
96,267,1056.14,176.37,20.73,32.11,0.89,10,-1,-1
96,269,679.47,572.16,105.36,119.23,0.88,4,-1,-1
96,274,970.45,309.57,55.85,60.06,1.00,4,-1,-1
96,70,1368.69,459.25,28.79,53.61,0.78,1,-1,-1
96,276,0.59,545.23,189.79,123.21,0.55,4,-1,-1
96,90,1432.49,317.87,23.02,51.59,0.53,1,-1,-1
96,277,1164.40,724.90,38.41,68.99,0.91,2,-1,-1
96,279,1046.34,205.10,23.07,34.41,0.31,2,-1,-1
96,280,47.41,306.57,25.79,57.09,0.85,1,-1,-1
96,281,1113.85,827.69,46.57,89.10,0.97,10,-1,-1
96,139,239.52,354.22,27.10,44.20,0.28,1,-1,-1
96,171,815.68,404.35,42.20,99.14,0.43,1,-1,-1
96,283,1119.87,814.94,43.20,83.70,0.98,2,-1,-1
96,284,702.66,135.47,36.65,29.19,0.75,4,-1,-1
96,115,296.51,327.58,21.55,45.15,0.22,1,-1,-1
96,206,310.89,278.00,20.05,43.17,0.21,2,-1,-1
96,158,1045.86,214.25,20.66,28.00,0.21,10,-1,-1
96,287,241.81,311.22,21.38,46.78,0.52,1,-1,-1
96,288,538.80,820.51,169.48,194.28,0.99,4,-1,-1
96,270,1160.10,731.06,43.56,78.96,0.98,10,-1,-1
96,291,26.67,312.16,23.86,58.00,0.35,1,-1,-1
96,292,163.52,304.41,22.67,46.51,0.47,2,-1,-1
96,293,189.85,183.41,17.63,38.59,0.64,1,-1,-1
96,294,269.68,261.72,23.41,43.52,0.36,1,-1,-1
96,295,345.24,585.04,124.91,108.49,0.98,4,-1,-1
96,4,186.49,278.18,21.56,50.40,0.75,1,-1,-1
96,62,1217.40,388.71,24.32,53.94,0.24,2,-1,-1
96,271,1164.46,738.96,37.08,59.80,0.94,2,-1,-1
97,6,324.82,358.65,40.44,99.22,1.00,1,-1,-1
97,8,988.77,431.10,44.60,113.61,0.97,1,-1,-1
97,21,363.93,347.34,101.01,62.11,0.99,4,-1,-1
97,24,1197.29,463.70,34.97,81.44,0.51,1,-1,-1
97,25,424.42,306.07,79.66,58.81,0.99,4,-1,-1
97,27,491.65,259.03,71.08,61.43,0.99,4,-1,-1
97,32,560.22,233.31,53.64,48.76,0.95,4,-1,-1
97,33,466.65,360.71,80.44,59.41,0.99,4,-1,-1
97,37,596.70,316.42,78.14,69.22,0.99,4,-1,-1
97,38,943.13,84.57,25.15,22.03,0.73,4,-1,-1
97,40,671.59,327.10,69.53,66.64,0.99,4,-1,-1
97,41,757.09,216.61,49.14,43.52,0.99,4,-1,-1
97,42,948.61,69.11,25.04,21.24,0.42,4,-1,-1
97,43,946.28,102.34,27.85,24.44,0.99,4,-1,-1
97,44,953.89,53.50,20.64,20.65,0.24,4,-1,-1
97,45,981.85,71.07,21.73,22.69,0.96,4,-1,-1
97,46,953.23,36.16,22.03,21.77,0.28,4,-1,-1
97,49,1007.68,73.82,25.18,22.88,0.96,4,-1,-1
97,52,1007.84,177.44,36.96,36.33,0.99,4,-1,-1
97,54,986.76,49.58,22.70,19.69,0.55,4,-1,-1
97,55,1066.01,162.60,39.07,38.59,0.97,4,-1,-1
97,56,1023.34,147.30,34.07,35.82,0.99,4,-1,-1
97,58,1108.59,304.30,57.51,54.68,0.98,4,-1,-1
97,59,1119.97,348.90,61.08,59.51,0.98,4,-1,-1
97,60,1121.43,392.99,61.40,51.82,0.97,4,-1,-1
97,71,1364.94,264.48,78.97,65.50,0.87,4,-1,-1
97,77,1421.70,318.48,19.07,48.43,0.60,1,-1,-1
97,87,1408.36,366.87,23.88,57.65,0.98,1,-1,-1
97,92,1203.52,416.27,32.24,71.76,0.73,1,-1,-1
97,97,1378.33,344.78,23.96,51.61,0.93,1,-1,-1
97,110,727.79,193.00,46.56,44.27,0.98,4,-1,-1
97,121,962.17,128.66,31.44,30.26,0.99,4,-1,-1
97,124,1196.89,339.83,22.78,44.64,0.25,2,-1,-1
97,102,1260.93,336.07,23.93,46.88,0.78,1,-1,-1
97,142,1527.32,417.10,48.81,111.85,0.94,1,-1,-1
97,149,684.76,244.89,51.44,51.25,0.99,4,-1,-1
97,153,970.91,416.14,47.88,105.85,0.94,1,-1,-1
97,159,1458.75,361.47,21.47,55.01,0.91,1,-1,-1
97,118,1438.21,412.07,26.31,61.68,0.94,1,-1,-1
97,174,776.47,155.14,36.98,37.01,0.95,4,-1,-1
97,91,1420.85,434.21,36.05,91.13,0.99,1,-1,-1
97,181,1475.73,364.84,19.93,52.69,0.76,1,-1,-1
97,195,920.08,147.40,32.24,32.53,1.00,4,-1,-1
97,199,610.40,142.50,80.42,88.75,0.45,9,-1,-1
97,200,900.78,179.41,41.64,39.63,1.00,4,-1,-1
97,202,1062.69,245.96,22.44,33.88,0.78,10,-1,-1
97,204,1063.95,238.04,21.12,35.26,0.94,2,-1,-1
97,212,1354.00,337.63,24.80,55.00,0.94,1,-1,-1
97,1,262.94,301.44,23.98,49.80,0.69,1,-1,-1
97,215,730.96,160.93,37.09,34.06,0.98,4,-1,-1
97,216,870.24,107.82,30.72,28.55,0.91,4,-1,-1
97,220,571.34,199.49,112.57,113.01,0.96,9,-1,-1
97,229,757.18,130.79,33.52,31.59,0.73,4,-1,-1
97,157,1045.45,202.09,22.73,36.77,0.67,2,-1,-1
97,235,1330.06,708.76,36.15,83.87,0.93,1,-1,-1
97,29,66.80,453.88,54.51,89.35,0.65,1,-1,-1
97,198,1209.33,361.98,22.97,52.38,0.22,1,-1,-1
97,67,801.36,406.65,43.08,107.94,0.98,1,-1,-1
97,242,809.29,133.33,33.13,30.42,0.66,4,-1,-1
97,244,1407.95,404.53,23.87,58.67,0.92,1,-1,-1
97,88,1428.53,371.70,21.48,57.20,0.91,1,-1,-1
97,246,937.59,225.93,40.79,42.33,1.00,4,-1,-1
97,247,223.40,183.15,19.59,39.60,0.90,1,-1,-1
97,205,228.94,311.48,20.71,47.75,0.87,1,-1,-1
97,253,252.81,417.20,39.31,98.85,0.98,1,-1,-1
97,255,1511.82,389.46,30.93,75.01,0.95,1,-1,-1
97,259,157.25,831.66,239.28,240.87,1.00,4,-1,-1
97,260,682.02,152.53,39.41,32.17,0.84,4,-1,-1
97,261,850.87,278.15,57.48,53.77,1.00,4,-1,-1
97,264,75.83,306.33,28.39,56.27,0.41,1,-1,-1
97,266,-4.36,767.05,223.30,216.97,0.98,4,-1,-1
97,267,1055.02,174.98,20.44,32.15,0.87,10,-1,-1
97,269,681.35,551.62,113.05,121.72,0.25,4,-1,-1
97,274,971.28,303.29,54.21,57.64,1.00,4,-1,-1
97,70,1369.59,458.50,28.78,54.00,0.59,1,-1,-1
97,276,0.07,532.59,209.35,135.07,0.61,4,-1,-1
97,90,1434.44,317.21,22.07,51.71,0.53,1,-1,-1
97,277,1163.02,714.55,38.91,69.77,0.78,2,-1,-1
97,280,51.12,305.47,25.26,57.69,0.86,1,-1,-1
97,281,1107.68,806.87,45.76,91.77,0.96,10,-1,-1
97,139,241.57,353.93,26.19,45.80,0.23,1,-1,-1
97,171,812.00,403.14,42.77,102.40,0.92,1,-1,-1
97,283,1113.17,795.93,43.71,79.17,0.97,2,-1,-1
97,284,701.62,135.71,37.70,29.44,0.74,4,-1,-1
97,115,296.83,327.65,21.91,46.98,0.54,1,-1,-1
97,206,311.09,277.67,20.24,43.77,0.18,1,-1,-1
97,158,1044.56,210.53,21.25,29.38,0.19,10,-1,-1
97,287,243.15,311.10,21.27,46.27,0.72,1,-1,-1
97,288,556.21,793.18,163.35,184.30,0.99,4,-1,-1
97,270,1159.76,718.03,42.47,79.82,0.97,10,-1,-1
97,291,29.98,311.21,24.02,58.43,0.35,1,-1,-1
97,292,160.63,305.73,21.79,45.70,0.58,2,-1,-1
97,293,191.41,183.44,17.63,38.54,0.57,1,-1,-1
97,294,268.20,262.70,22.83,43.76,0.51,1,-1,-1
97,295,327.82,589.24,141.23,122.25,0.97,4,-1,-1
97,4,187.10,277.96,21.56,50.47,0.84,1,-1,-1
97,62,1216.83,388.05,24.48,53.68,0.29,2,-1,-1
97,278,1546.83,413.93,38.14,107.15,0.90,1,-1,-1
97,289,243.78,245.30,31.04,36.10,0.59,10,-1,-1
98,6,325.55,357.31,40.55,100.34,0.99,1,-1,-1
98,8,997.48,430.17,43.52,112.20,0.97,1,-1,-1
98,21,361.31,346.86,103.85,61.97,0.98,4,-1,-1
98,24,1205.71,462.81,32.75,71.99,0.65,1,-1,-1
98,25,424.78,305.80,79.52,58.66,0.99,4,-1,-1
98,27,491.78,258.64,71.53,61.58,0.99,4,-1,-1
98,32,560.73,232.59,55.38,49.76,0.74,4,-1,-1
98,33,463.89,364.45,79.94,58.30,0.99,4,-1,-1
98,37,593.72,319.89,78.72,69.53,0.98,4,-1,-1
98,38,944.16,83.33,25.06,22.41,0.34,4,-1,-1
98,40,668.27,331.48,69.67,67.11,0.99,4,-1,-1
98,41,756.02,217.55,49.14,43.65,0.99,4,-1,-1
98,43,946.13,100.63,28.36,24.42,0.98,4,-1,-1
98,45,982.45,69.51,21.54,22.77,0.97,4,-1,-1
98,49,1008.12,72.78,25.11,23.10,0.97,4,-1,-1
98,52,1007.74,176.36,37.03,36.38,0.99,4,-1,-1
98,54,986.13,48.05,22.68,20.29,0.47,4,-1,-1
98,55,1066.15,162.24,39.42,38.81,0.97,4,-1,-1
98,56,1023.34,146.08,34.39,35.98,0.99,4,-1,-1
98,58,1108.77,304.00,57.42,54.49,0.98,4,-1,-1
98,59,1120.13,348.14,61.00,60.10,0.98,4,-1,-1
98,60,1122.23,392.47,61.08,50.30,0.98,4,-1,-1
98,71,1365.19,264.53,79.00,65.05,0.77,4,-1,-1
98,77,1422.57,318.17,19.06,47.23,0.62,1,-1,-1
98,87,1409.12,366.00,23.88,57.40,0.96,1,-1,-1
98,92,1196.57,413.41,32.13,74.86,0.77,1,-1,-1
98,97,1379.10,345.12,23.96,51.49,0.85,1,-1,-1
98,110,727.62,193.34,45.88,44.86,0.98,4,-1,-1
98,121,963.67,126.69,31.14,30.03,0.99,4,-1,-1
98,124,1197.19,339.34,22.78,45.48,0.15,2,-1,-1
98,102,1261.17,335.49,23.93,45.93,0.56,1,-1,-1
98,142,1523.52,423.66,45.43,103.19,0.99,1,-1,-1
98,149,683.69,246.34,51.54,51.29,0.99,4,-1,-1
98,153,984.04,414.85,44.64,105.90,0.97,1,-1,-1
98,159,1457.52,360.99,23.06,55.00,0.83,1,-1,-1
98,118,1438.10,410.79,26.31,59.15,0.90,1,-1,-1
98,174,776.15,155.73,37.09,37.10,0.97,4,-1,-1
98,91,1417.12,432.54,32.59,90.07,0.98,1,-1,-1
98,181,1476.01,363.75,19.32,52.19,0.51,1,-1,-1
98,195,920.80,145.13,32.18,32.49,1.00,4,-1,-1
98,199,611.52,142.86,79.12,89.60,0.35,9,-1,-1
98,200,902.48,177.07,41.62,39.16,1.00,4,-1,-1
98,202,1062.68,243.83,22.63,33.91,0.79,10,-1,-1
98,204,1063.90,235.38,21.41,34.79,0.90,2,-1,-1
98,212,1354.26,337.40,24.18,54.59,0.90,1,-1,-1
98,1,264.59,300.25,23.19,49.27,0.38,1,-1,-1
98,215,730.32,161.44,37.07,34.12,0.98,4,-1,-1
98,216,869.96,108.62,30.25,28.19,0.87,4,-1,-1
98,220,568.71,199.78,115.01,114.13,0.95,9,-1,-1
98,229,757.12,130.85,33.51,32.00,0.79,4,-1,-1
98,157,1045.13,200.23,22.82,36.54,0.82,2,-1,-1
98,235,1330.41,708.11,35.93,82.93,0.96,1,-1,-1
98,29,61.76,452.56,54.07,89.06,0.46,1,-1,-1
98,198,1209.68,361.43,22.86,52.58,0.18,1,-1,-1
98,67,795.46,404.19,46.16,110.04,0.96,1,-1,-1
98,242,808.75,133.72,33.43,30.45,0.73,4,-1,-1
98,244,1407.25,402.05,25.46,59.88,0.93,1,-1,-1
98,88,1429.28,370.58,21.48,56.50,0.88,1,-1,-1
98,246,939.04,222.02,40.44,41.77,0.99,4,-1,-1
98,247,223.52,182.86,18.69,39.72,0.89,1,-1,-1
98,205,230.97,309.73,20.64,48.58,0.77,1,-1,-1
98,253,260.35,416.78,41.96,100.36,0.98,1,-1,-1
98,255,1513.00,387.88,31.15,75.61,0.92,1,-1,-1
98,259,139.15,849.40,245.46,227.07,0.99,4,-1,-1
98,260,681.32,152.63,40.30,32.48,0.85,4,-1,-1
98,261,853.64,273.32,56.28,52.97,1.00,4,-1,-1
98,264,78.73,304.39,27.35,56.61,0.74,1,-1,-1
98,266,-6.68,781.48,209.74,221.34,0.95,4,-1,-1
98,267,1054.18,173.68,20.34,31.77,0.82,10,-1,-1
98,274,972.28,296.95,52.83,57.03,1.00,4,-1,-1
98,70,1370.66,458.01,28.77,54.57,0.67,1,-1,-1
98,276,0.23,534.12,214.32,133.27,0.74,4,-1,-1
98,90,1435.20,316.21,21.69,52.18,0.57,1,-1,-1
98,277,1161.30,704.38,39.92,70.08,0.70,2,-1,-1
98,280,54.30,303.59,26.03,58.42,0.81,1,-1,-1
98,281,1102.45,787.15,45.46,91.13,0.97,10,-1,-1
98,139,241.50,353.43,26.83,45.61,0.17,1,-1,-1
98,171,805.17,401.74,46.91,106.76,0.74,1,-1,-1
98,283,1108.10,777.31,42.28,77.63,0.97,2,-1,-1
98,284,701.17,135.68,38.08,29.43,0.71,4,-1,-1
98,115,296.62,326.50,22.44,47.25,0.37,1,-1,-1
98,287,243.53,310.89,22.07,46.09,0.67,1,-1,-1
98,288,572.16,767.39,157.00,175.18,0.99,4,-1,-1
98,270,1160.46,714.77,38.85,66.75,0.82,10,-1,-1
98,291,32.40,309.81,23.88,58.13,0.64,1,-1,-1
98,292,156.17,307.24,21.97,43.63,0.53,2,-1,-1
98,293,192.53,183.33,18.53,38.76,0.72,1,-1,-1
98,294,265.84,263.74,22.67,44.38,0.38,1,-1,-1
98,295,311.59,609.30,147.65,118.28,0.99,4,-1,-1
98,4,187.30,277.67,21.75,50.31,0.91,1,-1,-1
98,278,1546.07,413.41,36.88,107.62,0.96,1,-1,-1
98,289,240.29,245.96,31.12,36.01,0.67,10,-1,-1
98,297,187.81,144.71,19.42,33.54,0.62,1,-1,-1
98,298,1259.86,334.99,26.30,47.81,0.81,1,-1,-1
98,271,1158.72,709.70,42.82,76.17,0.92,2,-1,-1
99,6,326.64,356.25,40.60,100.76,0.99,1,-1,-1
99,8,1006.87,429.62,41.53,110.50,0.97,1,-1,-1
99,21,360.57,346.48,104.93,61.94,0.99,4,-1,-1
99,24,1214.17,462.09,31.22,75.22,0.81,1,-1,-1
99,25,425.36,305.39,79.47,58.70,0.99,4,-1,-1
99,27,492.28,258.28,71.70,61.62,0.99,4,-1,-1
99,32,561.57,231.61,56.61,51.10,0.52,4,-1,-1
99,33,462.63,367.51,78.56,54.69,0.99,4,-1,-1
99,37,589.63,323.45,79.31,70.41,0.99,4,-1,-1
99,38,944.97,82.48,25.03,21.76,0.72,4,-1,-1
99,40,664.06,335.56,71.26,68.04,0.99,4,-1,-1
99,41,755.32,218.34,49.14,44.08,0.99,4,-1,-1
99,43,946.13,98.97,27.76,24.41,0.99,4,-1,-1
99,45,983.11,68.55,21.48,22.19,0.99,4,-1,-1
99,49,1008.33,72.14,25.09,22.64,0.94,4,-1,-1
99,52,1007.75,174.96,37.06,36.21,0.99,4,-1,-1
99,54,985.97,47.26,22.68,20.16,0.72,4,-1,-1
99,55,1067.04,162.16,38.77,38.30,0.97,4,-1,-1
99,56,1023.38,144.88,34.52,36.09,0.99,4,-1,-1
99,58,1109.68,303.16,56.60,53.93,0.96,4,-1,-1
99,59,1120.64,347.43,61.76,60.71,0.98,4,-1,-1
99,60,1122.98,391.25,60.97,49.33,0.95,4,-1,-1
99,71,1365.34,264.01,79.01,64.97,0.56,4,-1,-1
99,77,1423.71,317.62,19.07,46.78,0.69,1,-1,-1
99,87,1411.05,364.67,22.31,56.13,0.96,1,-1,-1
99,92,1189.54,412.84,32.10,77.46,0.75,1,-1,-1
99,97,1379.46,344.59,23.95,51.84,0.89,1,-1,-1
99,110,727.25,193.52,46.41,45.07,0.97,4,-1,-1
99,121,965.05,124.90,31.04,29.85,0.99,4,-1,-1
99,102,1261.31,335.23,23.93,46.76,0.80,1,-1,-1
99,142,1522.24,423.64,39.27,100.71,0.97,1,-1,-1
99,149,682.60,247.81,52.35,51.29,0.99,4,-1,-1
99,153,996.16,413.98,43.46,107.14,0.96,1,-1,-1
99,159,1457.15,360.20,23.65,54.60,0.87,1,-1,-1
99,118,1437.33,408.90,26.31,59.70,0.92,1,-1,-1
99,174,775.32,156.30,37.91,37.13,0.97,4,-1,-1
99,91,1411.95,431.10,33.04,90.87,0.99,1,-1,-1
99,181,1475.37,362.53,19.12,52.41,0.57,1,-1,-1
99,195,921.91,142.81,31.37,32.24,1.00,4,-1,-1
99,199,611.38,142.28,78.08,90.10,0.47,9,-1,-1
99,200,903.49,174.37,41.63,39.21,1.00,4,-1,-1
99,202,1062.34,240.30,23.49,34.53,0.86,10,-1,-1
99,204,1064.33,232.96,21.52,35.03,0.95,2,-1,-1
99,212,1354.41,336.85,23.97,54.43,0.90,1,-1,-1
99,1,266.04,295.46,23.28,53.43,0.35,1,-1,-1
99,215,729.37,161.88,37.86,34.13,0.98,4,-1,-1
99,216,869.16,109.20,30.84,28.14,0.93,4,-1,-1
99,220,565.29,200.52,117.66,115.21,0.90,9,-1,-1
99,229,756.77,130.83,34.30,32.54,0.74,4,-1,-1
99,157,1044.70,198.88,23.63,35.84,0.75,2,-1,-1
99,235,1332.21,707.06,35.86,82.58,0.96,1,-1,-1
99,29,56.07,450.75,54.90,89.36,0.58,1,-1,-1
99,198,1210.65,360.99,22.03,52.65,0.16,1,-1,-1
99,67,791.48,404.86,47.34,107.67,0.93,1,-1,-1
99,242,808.61,133.72,33.54,30.95,0.72,4,-1,-1
99,244,1407.06,400.30,26.05,61.11,0.95,1,-1,-1
99,88,1430.42,368.96,19.91,55.45,0.93,1,-1,-1
99,246,940.37,218.21,40.34,40.98,1.00,4,-1,-1
99,247,223.55,182.46,18.35,39.96,0.88,1,-1,-1
99,205,232.46,308.91,20.41,48.89,0.73,1,-1,-1
99,253,266.15,418.62,45.84,97.40,0.98,1,-1,-1
99,255,1515.84,386.46,29.67,75.41,0.92,1,-1,-1
99,259,128.05,868.77,243.85,207.97,1.00,4,-1,-1
99,260,681.13,152.82,40.63,32.60,0.84,4,-1,-1
99,261,856.20,268.33,55.89,52.29,1.00,4,-1,-1
99,264,81.43,302.82,26.06,56.63,0.85,1,-1,-1
99,266,-6.36,796.76,193.70,223.65,0.77,4,-1,-1
99,267,1051.98,172.39,21.89,31.64,0.87,10,-1,-1
99,274,971.86,290.45,52.37,56.41,1.00,4,-1,-1
99,70,1372.70,457.96,28.77,55.18,0.30,1,-1,-1
99,276,0.93,543.33,204.85,123.21,0.78,4,-1,-1
99,90,1436.34,315.81,21.55,51.97,0.67,1,-1,-1
99,277,1162.00,693.80,37.92,70.22,0.34,2,-1,-1
99,280,57.29,302.24,26.29,58.19,0.89,1,-1,-1
99,281,1098.49,770.56,43.74,86.85,0.98,10,-1,-1
99,139,243.09,352.09,26.68,46.32,0.23,1,-1,-1
99,171,802.73,401.41,46.93,104.95,0.71,1,-1,-1
99,283,1102.97,760.00,41.79,77.17,0.97,2,-1,-1
99,284,700.65,135.39,38.23,29.99,0.63,4,-1,-1
99,115,296.98,325.87,22.64,43.82,0.14,1,-1,-1
99,287,244.81,308.98,22.36,48.52,0.67,1,-1,-1
99,288,587.55,743.10,150.83,165.91,0.98,4,-1,-1
99,270,1159.71,707.19,38.31,62.32,0.69,10,-1,-1
99,291,35.41,308.97,24.40,56.72,0.44,1,-1,-1
99,292,152.24,308.57,21.87,43.87,0.54,2,-1,-1
99,293,193.43,183.09,19.03,38.83,0.68,1,-1,-1
99,294,263.98,265.45,22.41,45.54,0.42,1,-1,-1
99,295,294.45,608.31,159.54,137.22,0.99,4,-1,-1
99,4,187.72,277.18,21.83,50.64,0.92,1,-1,-1
99,278,1544.27,413.58,36.37,108.06,0.99,1,-1,-1
99,289,236.45,246.37,31.14,37.02,0.63,10,-1,-1
99,297,189.59,145.02,19.90,33.06,0.75,1,-1,-1
99,271,1157.32,698.15,43.23,78.70,0.95,2,-1,-1
99,299,716.59,943.70,156.59,125.51,0.79,4,-1,-1
99,300,1186.95,435.09,33.47,67.54,0.66,1,-1,-1
100,6,327.41,355.10,41.01,101.32,0.98,1,-1,-1
100,8,1013.64,430.22,43.24,111.50,0.98,1,-1,-1
100,21,360.70,346.14,105.72,60.75,0.98,4,-1,-1
100,24,1220.10,461.64,34.11,89.24,0.94,1,-1,-1
100,25,426.18,305.14,79.06,58.22,0.99,4,-1,-1
100,27,493.27,257.85,71.37,61.34,0.99,4,-1,-1
100,32,562.10,230.83,57.27,51.42,0.24,4,-1,-1
100,33,458.52,370.94,80.80,55.84,0.99,4,-1,-1
100,37,586.42,326.66,80.09,70.72,0.98,4,-1,-1
100,38,946.04,81.41,25.03,21.22,0.57,4,-1,-1
100,40,659.85,339.91,73.40,68.37,0.99,4,-1,-1
100,41,754.32,218.99,49.13,44.44,0.99,4,-1,-1
100,43,946.54,97.60,27.54,23.92,0.99,4,-1,-1
100,45,983.35,67.26,21.46,22.19,0.98,4,-1,-1
100,49,1008.81,70.96,25.08,22.55,0.97,4,-1,-1
100,52,1007.77,173.77,37.07,36.14,1.00,4,-1,-1
100,54,985.55,46.38,22.68,20.31,0.71,4,-1,-1
100,55,1068.19,161.93,37.72,38.10,0.97,4,-1,-1
100,56,1023.80,143.75,34.58,35.74,1.00,4,-1,-1
100,58,1110.42,302.44,56.29,53.51,0.98,4,-1,-1
100,59,1121.23,346.77,61.26,59.76,0.99,4,-1,-1
100,60,1124.45,390.60,59.35,47.78,0.94,4,-1,-1
100,71,1366.97,263.70,75.86,64.04,0.81,4,-1,-1
100,77,1424.91,315.83,19.08,47.01,0.49,1,-1,-1
100,87,1411.76,362.80,23.33,55.26,0.97,1,-1,-1
100,92,1177.18,411.47,39.38,85.65,0.99,1,-1,-1
100,97,1379.61,343.98,23.95,51.97,0.91,1,-1,-1
100,110,726.75,193.55,46.60,45.35,0.98,4,-1,-1
100,121,966.33,123.04,31.01,29.10,0.99,4,-1,-1
100,102,1262.16,334.93,23.93,46.28,0.88,1,-1,-1
100,142,1520.30,423.40,36.89,99.05,0.97,1,-1,-1
100,149,681.06,249.01,53.43,51.47,0.99,4,-1,-1
100,153,1006.62,414.09,44.67,106.44,0.94,1,-1,-1
100,159,1457.05,358.94,23.88,54.84,0.85,1,-1,-1
100,118,1437.06,406.64,26.31,58.71,0.93,1,-1,-1
100,174,775.43,156.78,37.44,37.13,0.97,4,-1,-1
100,91,1403.84,428.80,36.42,92.77,0.99,1,-1,-1
100,181,1474.36,362.29,20.66,52.49,0.40,1,-1,-1
100,195,923.12,140.64,30.28,31.16,1.00,4,-1,-1
100,199,611.92,142.28,77.53,89.33,0.54,9,-1,-1
100,200,905.41,171.96,40.85,38.64,1.00,4,-1,-1
100,202,1063.78,233.44,22.26,35.75,0.94,10,-1,-1
100,204,1063.33,235.21,23.13,34.73,0.83,3,-1,-1
100,212,1354.48,336.02,23.89,55.17,0.93,1,-1,-1
100,1,267.34,294.68,22.72,52.65,0.60,1,-1,-1
100,215,729.04,162.21,38.15,34.33,0.98,4,-1,-1
100,216,868.88,109.63,31.06,28.42,0.93,4,-1,-1
100,220,562.12,201.15,119.82,117.37,0.89,9,-1,-1
100,229,756.26,131.10,34.59,32.54,0.81,4,-1,-1
100,157,1044.95,198.33,23.16,34.38,0.77,2,-1,-1
100,235,1332.88,706.30,35.83,82.46,0.96,1,-1,-1
100,29,51.08,449.34,54.59,88.69,0.53,1,-1,-1
100,198,1211.82,360.43,20.91,53.06,0.20,1,-1,-1
100,67,793.23,400.00,50.90,106.76,0.24,1,-1,-1
100,242,808.57,133.99,33.57,31.13,0.76,4,-1,-1
100,244,1407.79,399.08,26.28,64.68,0.91,1,-1,-1
100,88,1430.85,366.19,20.94,55.46,0.94,1,-1,-1
100,246,942.01,214.27,39.53,40.73,1.00,4,-1,-1
100,247,223.99,182.41,18.03,39.65,0.90,1,-1,-1
100,205,233.87,308.24,20.13,47.83,0.88,1,-1,-1
100,253,273.46,417.79,45.33,97.82,0.98,1,-1,-1
100,255,1517.72,385.16,30.67,76.46,0.96,1,-1,-1
100,259,118.00,887.53,240.95,188.45,0.98,4,-1,-1
100,260,680.70,152.58,40.74,32.84,0.74,4,-1,-1
100,261,859.43,263.79,54.98,51.17,1.00,4,-1,-1
100,264,83.48,301.67,25.98,56.25,0.82,1,-1,-1
100,266,-5.40,812.76,177.44,225.15,0.35,4,-1,-1
100,267,1051.59,172.14,21.69,30.40,0.93,10,-1,-1
100,274,972.09,284.42,51.43,55.28,1.00,4,-1,-1
100,70,1375.05,457.52,27.19,55.42,0.17,1,-1,-1
100,276,1.85,545.39,195.87,120.05,0.82,4,-1,-1
100,90,1437.57,315.09,21.50,51.11,0.48,1,-1,-1
100,277,1161.56,684.29,37.18,71.09,0.61,2,-1,-1
100,280,60.26,300.88,26.02,56.80,0.93,1,-1,-1
100,281,1096.17,755.22,42.30,84.44,0.96,10,-1,-1
100,139,244.47,352.00,26.23,46.58,0.24,1,-1,-1
100,171,792.69,400.74,48.46,108.89,0.98,1,-1,-1
100,283,1100.18,743.56,40.00,76.26,0.97,2,-1,-1
100,284,700.08,135.13,38.28,30.34,0.51,4,-1,-1
100,115,298.79,325.64,21.64,42.86,0.51,1,-1,-1
100,287,246.25,308.31,22.25,46.58,0.82,1,-1,-1
100,288,602.02,720.23,144.10,156.71,0.99,4,-1,-1
100,270,1160.32,700.40,35.70,58.39,0.78,10,-1,-1
100,291,38.61,307.24,24.94,56.66,0.69,1,-1,-1
100,292,148.28,309.60,21.85,43.98,0.70,2,-1,-1
100,293,194.63,183.11,18.79,38.43,0.75,1,-1,-1
100,294,261.39,266.94,22.55,45.83,0.40,1,-1,-1
100,295,278.20,621.29,160.98,140.54,1.00,4,-1,-1
100,4,188.37,276.40,21.85,50.76,0.94,1,-1,-1
100,278,1541.25,413.48,36.17,107.39,0.99,1,-1,-1
100,289,233.68,248.42,30.73,36.55,0.56,10,-1,-1
100,297,191.67,144.20,19.77,33.84,0.87,1,-1,-1
100,271,1157.27,690.64,41.02,78.12,0.96,10,-1,-1
100,299,724.40,912.52,152.77,157.06,0.77,4,-1,-1
100,301,140.45,328.71,37.65,36.46,0.78,3,-1,-1
100,302,144.11,247.13,22.04,44.23,0.70,1,-1,-1
100,303,181.69,182.73,16.73,35.86,0.64,1,-1,-1
100,304,803.85,383.99,77.70,67.54,0.73,4,-1,-1
100,305,1375.80,682.52,38.25,70.52,0.60,1,-1,-1
100,233,77.80,290.00,23.03,43.96,0.54,3,-1,-1
101,6,329.64,353.54,40.79,101.53,0.98,1,-1,-1
101,8,1026.22,430.23,43.07,99.20,0.91,1,-1,-1
101,21,362.16,345.24,105.62,60.31,0.99,4,-1,-1
101,24,1226.54,461.00,36.66,92.28,0.96,1,-1,-1
101,25,429.05,304.87,78.13,57.64,1.00,4,-1,-1
101,27,495.42,257.20,70.85,61.32,0.99,4,-1,-1
101,33,453.58,374.09,84.37,55.05,0.92,4,-1,-1
101,37,583.78,330.13,81.16,70.81,0.99,4,-1,-1
101,38,948.00,79.75,24.24,20.53,0.75,4,-1,-1
101,40,657.60,344.17,74.21,66.90,0.99,4,-1,-1
101,41,753.99,219.67,49.91,45.15,0.99,4,-1,-1
101,43,947.09,96.35,27.46,23.54,0.98,4,-1,-1
101,45,985.01,66.28,21.46,21.78,0.99,4,-1,-1
101,49,1010.57,69.62,24.29,22.44,0.96,4,-1,-1
101,52,1008.98,173.01,36.29,35.33,1.00,4,-1,-1
101,54,985.81,45.25,23.48,20.52,0.82,4,-1,-1
101,55,1069.82,161.88,37.32,37.43,0.96,4,-1,-1
101,56,1025.54,143.01,33.82,35.01,1.00,4,-1,-1
101,58,1111.90,302.02,56.98,53.26,0.98,4,-1,-1
101,59,1123.45,346.07,61.87,59.38,0.98,4,-1,-1
101,60,1125.80,390.13,59.55,48.43,0.96,4,-1,-1
101,71,1368.79,263.60,74.65,63.38,0.77,4,-1,-1
101,77,1428.14,314.49,20.68,47.90,0.41,1,-1,-1
101,87,1414.05,360.86,23.70,54.95,0.97,1,-1,-1
101,92,1169.83,409.19,44.87,90.22,0.98,1,-1,-1
101,97,1380.89,343.45,23.95,50.83,0.95,1,-1,-1
101,110,726.99,194.11,46.68,45.44,0.98,4,-1,-1
101,121,967.97,121.22,31.01,28.92,1.00,4,-1,-1
101,102,1263.69,334.16,23.93,46.50,0.73,1,-1,-1
101,142,1519.33,421.79,36.09,100.89,0.97,1,-1,-1
101,149,680.93,250.09,53.83,51.72,0.99,4,-1,-1
101,153,1018.51,414.13,44.33,104.21,0.97,1,-1,-1
101,159,1457.49,357.61,23.97,55.33,0.70,1,-1,-1
101,118,1438.21,404.74,26.32,57.13,0.96,1,-1,-1
101,174,775.90,157.00,38.04,37.52,0.95,4,-1,-1
101,91,1399.13,429.06,39.19,91.52,0.99,1,-1,-1
101,181,1475.26,361.34,19.67,52.92,0.18,1,-1,-1
101,195,924.73,138.14,30.70,31.02,1.00,4,-1,-1
101,199,614.10,143.09,76.58,89.55,0.40,9,-1,-1
101,200,907.65,169.53,40.59,38.44,1.00,4,-1,-1
101,202,1065.15,233.99,22.57,34.46,0.92,10,-1,-1
101,204,1065.32,229.34,22.21,37.80,0.92,2,-1,-1
101,212,1355.74,336.01,23.87,55.05,0.94,1,-1,-1
101,1,269.77,294.86,21.92,51.14,0.65,1,-1,-1
101,215,729.34,162.48,39.05,34.79,0.99,4,-1,-1
101,216,869.21,110.31,31.14,28.62,0.94,4,-1,-1
101,220,561.19,201.35,120.83,119.33,0.95,9,-1,-1
101,229,756.87,131.36,34.70,32.43,0.89,4,-1,-1
101,157,1045.89,198.26,22.17,32.62,0.71,2,-1,-1
101,235,1335.18,705.18,35.84,82.42,0.97,1,-1,-1
101,29,47.10,448.15,55.20,89.24,0.29,1,-1,-1
101,198,1212.65,359.57,22.11,53.60,0.28,1,-1,-1
101,242,808.59,134.13,34.36,31.30,0.84,4,-1,-1
101,244,1408.55,397.39,26.37,68.71,0.95,1,-1,-1
101,88,1432.26,364.32,21.30,55.87,0.91,1,-1,-1
101,246,944.14,210.24,39.26,40.66,1.00,4,-1,-1
101,247,225.43,182.52,17.52,38.94,0.91,1,-1,-1
101,205,236.33,307.47,20.04,46.62,0.92,1,-1,-1
101,253,283.92,417.15,41.66,94.42,0.98,1,-1,-1
101,255,1519.65,383.23,31.04,79.55,0.97,1,-1,-1
101,259,106.30,906.49,241.48,168.09,0.96,4,-1,-1
101,260,681.36,152.70,40.78,32.87,0.86,4,-1,-1
101,261,862.50,259.00,54.69,50.88,1.00,4,-1,-1
101,264,87.87,301.34,24.87,55.11,0.78,1,-1,-1
101,266,-4.02,828.72,161.13,226.34,0.23,4,-1,-1
101,267,1051.91,171.33,21.61,29.75,0.91,10,-1,-1
101,274,973.35,279.12,50.33,54.17,1.00,4,-1,-1
101,70,1376.36,457.84,28.19,55.91,0.18,1,-1,-1
101,276,3.71,545.60,195.54,118.32,0.84,4,-1,-1
101,90,1440.85,313.77,21.50,51.59,0.32,1,-1,-1
101,277,1162.31,679.49,35.32,65.88,0.61,2,-1,-1
101,280,64.30,299.97,25.49,56.37,0.89,1,-1,-1
101,281,1093.60,739.01,43.45,82.80,0.97,10,-1,-1
101,139,246.04,352.61,26.46,45.89,0.20,1,-1,-1
101,283,1097.02,727.40,41.04,73.54,0.98,2,-1,-1
101,284,701.06,135.36,38.30,30.22,0.88,4,-1,-1
101,115,300.66,325.20,22.05,42.92,0.56,1,-1,-1
101,287,248.82,307.33,21.21,46.21,0.84,1,-1,-1
101,288,617.19,698.32,139.54,149.31,0.99,4,-1,-1
101,270,1160.66,679.22,36.43,68.87,0.30,1,-1,-1
101,291,42.34,305.58,26.24,56.55,0.52,1,-1,-1
101,292,145.41,310.58,22.16,45.70,0.59,2,-1,-1
101,293,196.90,183.15,19.10,38.29,0.71,1,-1,-1
101,294,261.11,268.38,22.41,43.14,0.34,1,-1,-1
101,295,263.53,631.15,163.98,147.89,1.00,4,-1,-1
101,4,190.57,275.96,21.86,50.41,0.89,1,-1,-1
101,278,1539.80,412.60,34.52,107.03,0.96,1,-1,-1
101,289,231.24,249.90,30.78,36.15,0.76,10,-1,-1
101,297,195.82,143.46,18.33,33.58,0.87,1,-1,-1
101,271,1158.24,682.41,40.92,75.45,0.91,10,-1,-1
101,299,735.09,881.25,150.19,187.47,0.99,4,-1,-1
101,301,137.82,328.69,38.38,36.45,0.72,3,-1,-1
101,302,145.53,247.94,21.09,43.51,0.53,1,-1,-1
101,303,183.22,182.34,17.46,36.81,0.52,1,-1,-1
101,304,809.48,377.66,71.97,63.22,0.97,4,-1,-1
101,305,1378.15,677.55,38.26,74.35,0.71,1,-1,-1
101,233,75.65,290.75,23.46,44.48,0.50,3,-1,-1
101,306,897.08,380.11,74.11,55.58,0.99,4,-1,-1
101,307,1017.21,447.94,49.01,96.82,0.81,1,-1,-1
101,209,173.99,360.39,27.27,44.30,0.56,1,-1,-1
101,42,952.08,64.12,24.03,20.48,0.72,4,-1,-1
102,6,338.59,350.75,41.87,103.21,0.96,1,-1,-1
102,8,1039.28,430.83,45.37,104.90,0.94,1,-1,-1
102,21,369.70,344.65,107.12,60.21,0.99,4,-1,-1
102,24,1241.24,460.46,37.63,97.03,0.86,1,-1,-1
102,25,437.31,303.73,78.57,58.25,0.99,4,-1,-1
102,27,503.62,256.54,70.64,61.14,0.99,4,-1,-1
102,37,587.73,334.10,82.11,69.68,0.99,4,-1,-1
102,38,955.40,78.26,23.95,21.21,0.20,4,-1,-1
102,40,661.53,348.83,74.48,65.94,0.98,4,-1,-1
102,41,759.78,220.62,50.98,45.63,0.98,4,-1,-1
102,43,954.81,94.88,26.64,23.52,0.97,4,-1,-1
102,45,992.34,65.21,21.46,21.79,0.98,4,-1,-1
102,49,1017.53,68.76,24.79,22.32,0.96,4,-1,-1
102,52,1016.12,171.59,36.78,35.64,1.00,4,-1,-1
102,54,992.68,44.79,22.21,19.96,0.76,4,-1,-1
102,55,1077.53,161.70,37.95,37.19,0.98,4,-1,-1
102,56,1033.28,142.14,33.53,35.20,0.98,4,-1,-1
102,58,1119.12,300.85,58.02,53.99,0.96,4,-1,-1
102,59,1131.73,345.40,62.08,61.64,0.99,4,-1,-1
102,60,1134.13,389.34,61.21,50.69,0.50,4,-1,-1
102,71,1377.35,263.60,75.80,63.17,0.91,4,-1,-1
102,77,1438.00,313.68,19.72,47.06,0.60,1,-1,-1
102,87,1422.76,360.04,23.83,54.47,0.94,1,-1,-1
102,92,1172.95,407.00,43.46,92.81,0.98,1,-1,-1
102,97,1389.24,343.89,23.94,50.41,0.95,1,-1,-1
102,110,733.38,194.04,46.69,46.48,0.98,4,-1,-1
102,121,976.05,119.80,31.01,28.78,0.99,4,-1,-1
102,102,1271.33,333.10,25.50,47.77,0.70,1,-1,-1
102,142,1521.27,423.27,39.06,102.01,0.99,1,-1,-1
102,149,687.17,250.98,53.96,52.22,0.99,4,-1,-1
102,153,1037.52,413.93,43.39,96.62,0.98,1,-1,-1
102,159,1466.33,356.64,23.98,55.13,0.79,1,-1,-1
102,118,1447.30,404.16,26.31,58.13,0.94,1,-1,-1
102,174,783.18,157.20,38.25,37.87,0.97,4,-1,-1
102,91,1403.75,428.69,38.73,91.46,0.99,1,-1,-1
102,195,932.81,135.85,30.86,31.05,1.00,4,-1,-1
102,199,622.35,143.22,75.44,84.10,0.46,9,-1,-1
102,200,916.70,167.41,39.70,37.80,0.99,4,-1,-1
102,202,1072.76,233.73,23.46,33.96,0.91,10,-1,-1
102,204,1073.17,226.01,22.59,37.98,0.97,2,-1,-1
102,212,1364.08,335.85,23.86,56.21,0.96,1,-1,-1
102,1,279.40,293.40,22.41,50.26,0.77,1,-1,-1
102,215,736.16,162.40,39.38,35.37,0.99,4,-1,-1
102,216,876.06,110.90,30.38,28.80,0.79,4,-1,-1
102,220,569.11,201.57,119.60,120.69,0.97,9,-1,-1
102,229,764.19,131.34,34.73,32.74,0.92,4,-1,-1
102,157,1053.36,197.54,21.78,32.97,0.83,2,-1,-1
102,235,1344.58,705.48,37.41,82.43,0.97,1,-1,-1
102,29,51.87,446.23,54.60,89.09,0.48,1,-1,-1
102,198,1220.84,359.26,21.74,54.21,0.36,1,-1,-1
102,242,815.69,134.32,33.87,31.56,0.65,4,-1,-1
102,244,1417.47,396.67,26.38,65.73,0.94,1,-1,-1
102,88,1439.86,364.13,21.43,56.04,0.91,1,-1,-1
102,246,953.15,207.31,38.38,39.07,0.99,4,-1,-1
102,247,233.69,181.64,18.54,39.87,0.78,1,-1,-1
102,205,245.86,305.71,20.19,45.79,0.86,1,-1,-1
102,253,300.78,413.86,38.64,93.55,0.82,1,-1,-1
102,255,1529.79,382.44,31.15,80.73,0.97,1,-1,-1
102,259,108.85,925.78,234.31,148.44,0.95,4,-1,-1
102,260,687.91,152.70,41.57,32.85,0.77,4,-1,-1
102,261,872.98,254.61,53.81,50.02,1.00,4,-1,-1
102,264,99.07,299.71,24.95,54.70,0.77,1,-1,-1
102,266,-0.77,842.88,151.02,223.64,0.34,4,-1,-1
102,267,1059.57,169.68,19.99,27.52,0.80,10,-1,-1
102,274,980.03,274.05,50.76,52.69,1.00,4,-1,-1
102,276,14.08,549.94,194.12,111.36,0.93,4,-1,-1
102,90,1451.55,312.97,21.48,51.79,0.39,1,-1,-1
102,277,1167.95,674.09,37.11,64.73,0.46,2,-1,-1
102,280,75.93,299.43,25.33,53.73,0.81,1,-1,-1
102,281,1098.59,723.93,44.65,80.64,0.97,10,-1,-1
102,283,1102.20,712.39,41.41,74.29,0.93,2,-1,-1
102,284,708.90,135.36,37.50,30.48,0.76,4,-1,-1
102,115,309.99,324.37,22.10,41.37,0.41,1,-1,-1
102,287,258.21,305.59,21.81,45.18,0.69,1,-1,-1
102,288,638.71,676.34,133.99,146.05,0.97,4,-1,-1
102,270,1166.58,665.30,38.29,74.53,0.24,10,-1,-1
102,291,54.94,304.48,26.72,55.72,0.64,1,-1,-1
102,292,150.19,310.56,22.73,45.53,0.67,2,-1,-1
102,293,206.61,182.13,18.99,40.10,0.34,1,-1,-1
102,294,265.80,267.70,23.80,44.41,0.38,1,-1,-1
102,295,255.00,641.93,169.06,152.18,1.00,4,-1,-1
102,4,199.64,274.79,22.25,50.59,0.91,1,-1,-1
102,278,1544.72,411.64,33.84,108.42,0.97,1,-1,-1
102,289,235.74,250.29,31.40,37.02,0.79,10,-1,-1
102,297,205.96,142.64,19.28,33.98,0.72,1,-1,-1
102,271,1165.23,673.34,41.64,75.12,0.79,10,-1,-1
102,299,755.21,845.78,145.55,201.28,0.99,4,-1,-1
102,301,143.00,329.05,38.45,36.00,0.45,3,-1,-1
102,302,154.14,247.54,20.49,43.38,0.33,1,-1,-1
102,304,820.09,370.80,69.89,63.80,0.99,4,-1,-1
102,305,1386.70,679.92,36.41,72.37,0.80,1,-1,-1
102,233,80.06,288.78,24.37,47.51,0.17,3,-1,-1
102,306,909.36,374.78,69.33,57.02,0.98,4,-1,-1
102,42,960.22,62.13,23.08,20.82,0.31,4,-1,-1
102,308,9.26,338.27,44.82,98.02,0.63,1,-1,-1
102,67,791.28,396.43,46.92,110.16,0.98,1,-1,-1
103,6,364.26,347.40,42.95,102.68,0.91,1,-1,-1
103,8,1070.97,429.96,43.77,101.67,0.63,1,-1,-1
103,21,397.03,342.73,104.84,59.09,0.95,4,-1,-1
103,24,1271.51,460.79,37.92,95.80,0.89,1,-1,-1
103,25,461.37,301.77,79.07,58.05,0.99,4,-1,-1
103,27,528.50,254.93,70.89,60.34,0.99,4,-1,-1
103,37,606.92,337.34,82.56,67.71,0.99,4,-1,-1
103,38,979.63,77.88,23.82,20.09,0.59,4,-1,-1
103,40,682.04,352.96,73.68,63.64,0.99,4,-1,-1
103,41,781.83,221.30,50.54,45.84,0.99,4,-1,-1
103,43,977.55,93.72,27.12,23.24,0.96,4,-1,-1
103,45,1015.38,64.46,21.44,21.49,0.97,4,-1,-1
103,49,1040.86,68.38,24.95,22.34,0.96,4,-1,-1
103,52,1039.81,171.22,36.13,35.39,0.99,4,-1,-1
103,54,1015.14,45.19,21.69,19.17,0.83,4,-1,-1
103,55,1101.42,162.82,36.57,36.14,0.98,4,-1,-1
103,56,1056.00,141.65,34.19,35.06,0.98,4,-1,-1
103,58,1144.24,301.31,56.00,53.62,0.96,4,-1,-1
103,59,1154.83,345.56,62.88,61.75,0.98,4,-1,-1
103,60,1158.01,389.27,60.99,50.81,0.41,4,-1,-1
103,71,1401.78,263.87,77.74,65.52,0.93,4,-1,-1
103,77,1462.00,312.92,22.47,49.52,0.43,1,-1,-1
103,87,1447.93,360.86,23.82,55.51,0.90,1,-1,-1
103,92,1192.50,405.26,38.36,91.93,0.87,1,-1,-1
103,97,1414.31,346.29,23.88,50.27,0.71,1,-1,-1
103,110,756.03,195.21,45.85,45.34,0.98,4,-1,-1
103,121,999.30,118.54,30.98,28.67,0.99,4,-1,-1
103,102,1296.18,334.83,24.48,47.49,0.51,1,-1,-1
103,142,1540.87,425.98,41.57,103.24,0.99,1,-1,-1
103,149,709.75,251.25,53.93,52.64,0.99,4,-1,-1
103,153,1073.74,411.54,39.74,82.77,0.70,1,-1,-1
103,159,1490.80,357.23,23.92,55.86,0.39,1,-1,-1
103,118,1472.58,405.85,26.24,55.37,0.85,1,-1,-1
103,174,805.82,157.65,38.28,37.83,0.94,4,-1,-1
103,91,1425.20,428.43,36.84,93.44,0.97,1,-1,-1
103,195,955.67,134.14,30.89,30.59,0.99,4,-1,-1
103,199,646.90,142.97,71.74,71.81,0.35,9,-1,-1
103,200,940.61,165.66,39.34,37.01,1.00,4,-1,-1
103,202,1095.39,231.51,24.54,35.59,0.59,10,-1,-1
103,204,1095.90,224.30,23.47,38.24,0.88,2,-1,-1
103,212,1389.16,337.99,25.40,55.86,0.85,1,-1,-1
103,1,307.36,290.80,22.14,49.85,0.34,1,-1,-1
103,215,759.03,162.69,39.46,35.22,0.99,4,-1,-1
103,216,897.74,111.98,31.63,29.38,0.90,4,-1,-1
103,220,591.87,201.68,119.52,120.89,0.95,9,-1,-1
103,229,786.46,132.23,34.70,31.56,0.81,4,-1,-1
103,235,1370.47,708.32,36.34,81.67,0.85,1,-1,-1
103,198,1245.04,360.24,23.13,53.26,0.43,1,-1,-1
103,242,837.86,134.95,33.63,30.46,0.43,4,-1,-1
103,244,1444.30,392.99,26.31,63.66,0.61,1,-1,-1
103,88,1463.82,365.60,23.01,55.32,0.73,1,-1,-1
103,246,976.99,204.27,38.85,38.74,0.99,4,-1,-1
103,247,259.91,179.70,19.46,40.42,0.63,1,-1,-1
103,205,271.70,301.78,21.80,45.58,0.50,1,-1,-1
103,253,332.91,409.90,37.78,90.87,0.89,1,-1,-1
103,255,1556.23,383.56,32.67,83.47,0.96,1,-1,-1
103,259,126.20,940.59,229.29,131.88,0.93,4,-1,-1
103,260,711.87,152.20,41.03,32.48,0.81,4,-1,-1
103,261,898.49,250.87,51.85,48.77,0.99,4,-1,-1
103,264,128.60,295.59,23.62,53.57,0.49,1,-1,-1
103,266,5.40,851.54,155.46,221.73,0.12,5,-1,-1
103,267,1081.81,170.41,19.34,25.07,0.19,10,-1,-1
103,274,1002.64,267.99,50.89,53.30,1.00,4,-1,-1
103,276,42.73,549.71,209.19,107.12,0.90,4,-1,-1
103,277,1189.85,672.22,37.67,60.33,0.48,2,-1,-1
103,280,106.49,294.26,25.20,54.37,0.77,1,-1,-1
103,281,1119.55,708.73,45.03,80.74,0.98,10,-1,-1
103,283,1122.85,698.82,41.49,74.61,0.88,2,-1,-1
103,284,731.72,134.56,37.15,29.96,0.40,4,-1,-1
103,287,283.78,301.25,21.78,45.72,0.16,1,-1,-1
103,288,675.92,656.48,128.83,136.02,0.98,4,-1,-1
103,291,86.78,299.37,25.36,55.55,0.36,1,-1,-1
103,292,173.76,308.38,22.28,46.28,0.29,1,-1,-1
103,293,233.73,180.31,19.70,39.56,0.20,1,-1,-1
103,295,263.69,651.22,172.55,155.36,0.99,4,-1,-1
103,4,226.27,271.60,22.53,50.17,0.39,1,-1,-1
103,278,1566.86,413.10,33.48,110.45,0.95,1,-1,-1
103,271,1187.62,669.69,42.22,72.63,0.87,10,-1,-1
103,299,789.27,810.50,140.41,199.46,1.00,4,-1,-1
103,304,846.36,362.77,68.24,61.69,0.99,4,-1,-1
103,306,934.32,368.94,68.35,57.80,0.97,4,-1,-1
103,42,983.53,62.64,22.75,19.82,0.73,4,-1,-1
103,308,37.08,334.77,44.83,97.09,0.55,1,-1,-1
103,67,808.50,394.90,43.98,112.21,0.92,1,-1,-1
103,309,248.18,537.29,127.75,103.39,0.97,4,-1,-1
104,6,403.86,343.31,42.14,101.51,0.85,1,-1,-1
104,8,1117.83,429.81,39.91,97.08,0.55,1,-1,-1
104,21,442.56,339.02,97.31,57.28,0.98,4,-1,-1
104,24,1316.56,462.79,36.43,89.60,0.76,1,-1,-1
104,25,500.42,299.51,77.74,57.07,0.99,4,-1,-1
104,27,566.63,253.09,71.43,59.61,0.98,4,-1,-1
104,37,638.12,339.78,84.33,68.73,0.98,4,-1,-1
104,38,1017.41,77.69,24.61,20.43,0.53,4,-1,-1
104,40,715.42,357.21,72.61,59.35,0.98,4,-1,-1
104,41,816.40,222.25,51.18,46.05,0.99,4,-1,-1
104,43,1014.44,92.58,28.11,23.61,0.95,4,-1,-1
104,45,1052.41,63.78,22.25,21.51,0.96,4,-1,-1
104,49,1078.43,67.90,25.83,22.74,0.96,4,-1,-1
104,52,1077.41,170.76,35.91,35.79,0.99,4,-1,-1
104,54,1052.42,45.47,20.71,18.22,0.48,4,-1,-1
104,55,1138.76,164.12,36.86,35.83,0.97,4,-1,-1
104,56,1092.53,141.35,35.25,34.75,0.99,4,-1,-1
104,58,1182.39,303.03,55.65,53.52,0.97,4,-1,-1
104,59,1192.62,346.76,62.43,61.56,0.96,4,-1,-1
104,60,1195.64,392.02,59.77,52.96,0.35,4,-1,-1
104,71,1441.35,266.69,78.53,65.53,0.85,4,-1,-1
104,77,1503.08,316.59,23.41,52.09,0.62,1,-1,-1
104,87,1487.72,363.85,23.80,54.83,0.85,1,-1,-1
104,92,1224.92,405.48,35.03,90.18,0.76,1,-1,-1
104,97,1453.24,350.76,25.44,49.91,0.70,1,-1,-1
104,110,790.80,195.03,46.35,45.60,0.98,4,-1,-1
104,121,1036.71,117.39,31.80,28.71,0.98,4,-1,-1
104,142,1577.20,429.80,44.05,105.49,0.98,1,-1,-1
104,149,744.00,251.82,54.73,53.81,0.99,4,-1,-1
104,153,1120.50,411.92,38.40,78.42,0.55,1,-1,-1
104,159,1531.25,360.74,25.46,55.05,0.23,1,-1,-1
104,118,1512.45,409.27,26.21,54.40,0.88,1,-1,-1
104,174,841.50,157.95,39.10,37.92,0.94,4,-1,-1
104,91,1459.76,431.08,36.07,94.77,0.97,1,-1,-1
104,195,992.85,132.65,30.93,30.17,0.99,4,-1,-1
104,199,685.43,142.72,68.85,64.22,0.21,9,-1,-1
104,200,978.51,163.94,39.25,36.83,1.00,4,-1,-1
104,202,1133.03,230.34,24.17,34.53,0.55,10,-1,-1
104,204,1133.21,222.35,23.02,38.82,0.86,2,-1,-1
104,212,1428.89,341.34,24.38,56.25,0.87,1,-1,-1
104,1,346.65,286.47,22.84,48.60,0.27,1,-1,-1
104,215,794.71,162.50,40.30,35.26,0.98,4,-1,-1
104,216,933.71,112.97,32.11,30.27,0.93,4,-1,-1
104,220,627.45,201.50,118.94,121.75,0.95,9,-1,-1
104,229,822.78,132.24,34.71,31.73,0.83,4,-1,-1
104,235,1407.68,713.75,37.51,83.13,0.64,1,-1,-1
104,198,1283.41,362.86,23.62,51.81,0.53,1,-1,-1
104,242,874.22,135.34,33.56,30.21,0.41,4,-1,-1
104,244,1484.71,396.71,26.26,62.59,0.68,1,-1,-1
104,88,1504.02,369.45,22.02,54.40,0.64,1,-1,-1
104,246,1014.51,201.12,39.06,39.14,0.99,4,-1,-1
104,247,300.52,176.01,20.77,41.29,0.56,1,-1,-1
104,253,379.50,407.07,37.46,88.85,0.92,1,-1,-1
104,255,1598.24,386.44,34.76,80.05,0.68,1,-1,-1
104,259,145.52,953.11,230.56,119.33,0.92,4,-1,-1
104,260,748.30,151.62,41.64,32.49,0.75,4,-1,-1
104,261,936.75,246.61,50.40,48.65,0.99,4,-1,-1
104,264,158.71,289.62,24.88,52.64,0.60,1,-1,-1
104,266,9.09,856.74,173.69,217.47,0.44,4,-1,-1
104,274,1038.50,262.74,50.99,54.18,1.00,4,-1,-1
104,276,86.75,542.30,200.62,104.80,0.96,4,-1,-1
104,277,1222.22,672.06,41.09,62.98,0.91,10,-1,-1
104,281,1152.01,698.61,45.17,80.18,0.98,10,-1,-1
104,283,1154.78,687.70,41.53,73.33,0.95,2,-1,-1
104,284,766.96,133.52,38.67,30.05,0.21,4,-1,-1
104,287,315.69,296.42,22.77,45.11,0.55,1,-1,-1
104,288,719.99,640.59,124.02,126.99,0.98,4,-1,-1
104,295,283.87,660.56,174.96,156.90,1.00,4,-1,-1
104,278,1603.32,416.59,36.52,112.49,0.95,1,-1,-1
104,271,1223.39,663.77,40.84,71.78,0.30,10,-1,-1
104,299,832.09,777.95,135.43,192.44,1.00,4,-1,-1
104,304,884.73,355.78,67.87,62.49,0.98,4,-1,-1
104,306,971.95,361.57,67.14,59.99,0.99,4,-1,-1
104,42,1021.04,62.45,22.65,19.64,0.70,4,-1,-1
104,308,82.29,329.38,45.78,94.74,0.50,1,-1,-1
104,67,836.51,394.84,45.45,110.40,0.79,1,-1,-1
104,309,272.81,531.81,149.90,109.87,0.95,4,-1,-1
105,6,448.22,338.72,41.54,101.85,0.88,1,-1,-1
105,8,1167.33,431.47,39.41,97.83,0.49,1,-1,-1
105,21,486.07,336.87,96.14,57.34,0.91,4,-1,-1
105,24,1364.35,466.71,37.57,90.30,0.80,1,-1,-1
105,25,543.59,298.06,76.93,56.64,0.99,4,-1,-1
105,27,609.41,252.81,69.15,58.59,0.94,4,-1,-1
105,37,676.29,343.61,83.52,67.89,0.98,4,-1,-1
105,38,1060.33,77.25,23.35,19.95,0.22,4,-1,-1
105,40,753.31,362.42,71.48,57.25,0.97,4,-1,-1
105,41,855.41,224.22,50.69,45.70,0.99,4,-1,-1
105,43,1056.64,92.27,27.73,23.74,0.95,4,-1,-1
105,45,1095.05,64.05,21.80,21.29,0.98,4,-1,-1
105,49,1120.90,68.51,25.40,22.88,0.98,4,-1,-1
105,52,1118.77,171.61,35.88,35.34,0.99,4,-1,-1
105,54,1095.17,47.39,19.57,17.35,0.16,4,-1,-1
105,55,1180.46,166.34,37.81,35.31,0.98,4,-1,-1
105,56,1134.67,142.08,34.91,33.97,0.98,4,-1,-1
105,58,1224.90,306.23,56.79,53.06,0.97,4,-1,-1
105,59,1236.22,349.18,62.33,62.62,0.98,4,-1,-1
105,60,1240.40,392.93,58.17,56.47,0.38,4,-1,-1
105,71,1487.21,269.58,80.49,67.35,0.83,4,-1,-1
105,77,1549.57,320.49,23.84,51.56,0.37,1,-1,-1
105,87,1533.00,367.51,25.44,54.57,0.81,1,-1,-1
105,92,1258.79,406.40,35.57,96.54,0.89,1,-1,-1
105,97,1498.98,354.35,26.05,51.39,0.61,1,-1,-1
105,110,831.43,197.18,45.80,44.30,0.97,4,-1,-1
105,121,1079.52,117.68,31.35,28.12,0.98,4,-1,-1
105,142,1622.12,427.36,45.10,113.86,0.65,1,-1,-1
105,149,783.66,254.88,55.09,53.06,0.99,4,-1,-1
105,153,1173.14,414.19,35.59,72.89,0.41,1,-1,-1
105,159,1577.59,364.36,24.54,53.58,0.31,1,-1,-1
105,118,1557.81,412.49,27.84,54.84,0.76,1,-1,-1
105,174,882.44,159.34,38.67,37.73,0.93,4,-1,-1
105,91,1499.34,433.87,35.88,97.63,0.98,1,-1,-1
105,195,1035.18,132.18,31.00,29.45,0.99,4,-1,-1
105,199,728.56,144.94,63.05,57.36,0.66,4,-1,-1
105,200,1021.09,163.26,39.29,36.36,1.00,4,-1,-1
105,202,1175.65,230.57,22.49,32.90,0.48,10,-1,-1
105,204,1175.70,221.96,22.09,36.31,0.81,2,-1,-1
105,212,1473.29,346.52,24.04,55.21,0.78,1,-1,-1
105,215,835.25,163.46,40.65,34.85,0.96,4,-1,-1
105,216,974.36,114.47,32.33,30.89,0.94,4,-1,-1
105,220,668.34,202.41,118.85,122.58,0.95,9,-1,-1
105,229,863.92,133.32,34.75,31.08,0.79,4,-1,-1
105,235,1451.47,720.50,38.01,83.70,0.50,1,-1,-1
105,198,1327.26,364.93,22.31,51.67,0.43,1,-1,-1
105,242,915.02,136.43,33.57,30.20,0.27,4,-1,-1
105,244,1531.05,402.47,26.30,59.80,0.51,1,-1,-1
105,88,1551.05,371.61,21.68,54.05,0.51,1,-1,-1
105,246,1056.60,199.65,39.21,38.69,1.00,4,-1,-1
105,253,430.41,403.38,40.28,89.71,0.97,1,-1,-1
105,255,1645.21,390.56,37.16,79.00,0.46,1,-1,-1
105,259,172.15,966.29,227.44,106.79,0.89,4,-1,-1
105,260,789.86,151.78,41.91,33.06,0.31,4,-1,-1
105,261,979.87,243.87,49.16,47.81,0.99,4,-1,-1
105,266,10.70,861.35,201.20,214.10,0.69,4,-1,-1
105,274,1079.29,260.07,50.32,52.91,0.99,4,-1,-1
105,276,136.52,536.09,207.02,103.89,0.93,4,-1,-1
105,277,1259.52,672.24,43.96,63.13,0.26,2,-1,-1
105,281,1189.77,688.82,46.51,79.19,0.96,10,-1,-1
105,283,1192.74,679.16,41.65,71.27,0.83,2,-1,-1
105,287,359.99,292.40,23.17,46.19,0.51,1,-1,-1
105,288,768.72,619.26,119.41,123.97,0.99,4,-1,-1
105,295,309.29,668.65,177.45,160.33,0.99,4,-1,-1
105,278,1639.07,419.49,45.39,119.37,0.94,1,-1,-1
105,271,1262.24,657.66,40.77,72.99,0.18,10,-1,-1
105,299,879.09,749.36,130.70,180.85,1.00,4,-1,-1
105,304,928.08,349.32,67.87,62.30,0.99,4,-1,-1
105,306,1013.35,355.61,66.86,62.84,0.99,4,-1,-1
105,42,1063.84,62.66,21.85,19.41,0.71,4,-1,-1
105,308,134.52,323.83,45.17,91.06,0.53,1,-1,-1
105,67,869.93,394.55,48.43,108.88,0.77,1,-1,-1
105,309,308.95,534.31,177.72,110.53,0.93,4,-1,-1
105,310,19.26,369.05,46.56,97.42,0.71,1,-1,-1
105,311,102.95,324.23,42.73,84.27,0.63,1,-1,-1
105,312,931.75,89.80,25.10,24.35,0.69,4,-1,-1
105,158,1154.92,199.08,20.37,26.47,0.79,10,-1,-1
106,6,501.49,335.80,38.77,98.37,0.71,1,-1,-1
106,8,1221.45,432.70,41.97,98.81,0.82,1,-1,-1
106,21,537.12,333.51,95.17,58.61,0.89,4,-1,-1
106,24,1414.10,470.56,44.17,99.88,0.80,1,-1,-1
106,25,595.55,295.74,75.49,55.79,0.99,4,-1,-1
106,27,660.42,251.54,67.53,57.61,0.97,4,-1,-1
106,37,722.56,347.66,81.41,63.98,0.99,4,-1,-1
106,38,1110.72,78.12,24.45,20.18,0.29,4,-1,-1
106,40,797.74,366.40,70.90,55.70,0.98,4,-1,-1
106,41,902.96,226.08,51.17,45.35,0.99,4,-1,-1
106,43,1106.82,92.83,28.33,23.50,0.93,4,-1,-1
106,45,1145.75,64.34,21.57,21.36,0.90,4,-1,-1
106,49,1171.49,69.63,25.98,22.74,0.93,4,-1,-1
106,52,1168.89,172.25,35.79,35.56,0.99,4,-1,-1
106,55,1230.63,168.31,38.09,35.71,0.98,4,-1,-1
106,56,1185.06,142.97,34.70,33.33,0.95,4,-1,-1
106,58,1274.78,309.36,57.11,52.09,0.96,4,-1,-1
106,59,1286.44,352.37,62.15,62.23,0.98,4,-1,-1
106,60,1290.20,394.52,59.07,56.67,0.23,4,-1,-1
106,71,1540.42,274.26,82.63,67.84,0.94,4,-1,-1
106,87,1585.83,372.82,25.96,55.24,0.49,1,-1,-1
106,92,1296.03,410.39,42.06,96.00,0.94,1,-1,-1
106,97,1551.26,359.59,26.20,52.69,0.62,1,-1,-1
106,110,879.64,198.55,45.49,43.97,0.97,4,-1,-1
106,121,1131.43,118.22,30.32,27.70,0.98,4,-1,-1
106,149,831.53,256.96,54.30,52.34,0.99,4,-1,-1
106,153,1233.58,415.78,33.67,77.07,0.47,1,-1,-1
106,159,1630.83,368.89,25.67,55.35,0.14,1,-1,-1
106,118,1610.61,416.20,29.92,54.96,0.61,1,-1,-1
106,174,931.13,160.42,38.40,38.03,0.91,4,-1,-1
106,91,1543.05,438.17,40.51,98.13,0.98,1,-1,-1
106,195,1085.79,131.40,30.97,29.55,0.99,4,-1,-1
106,199,779.38,145.01,61.77,53.64,0.43,9,-1,-1
106,200,1071.74,162.00,39.23,36.19,0.99,4,-1,-1
106,202,1225.68,229.49,21.77,33.48,0.74,10,-1,-1
106,204,1225.71,222.49,21.67,34.46,0.85,2,-1,-1
106,212,1525.12,351.93,25.45,54.73,0.86,1,-1,-1
106,215,883.85,164.22,41.48,34.89,0.95,4,-1,-1
106,216,1023.26,116.65,32.33,30.82,0.91,4,-1,-1
106,220,715.70,202.94,119.32,123.32,0.96,9,-1,-1
106,229,913.92,134.11,34.69,31.22,0.85,4,-1,-1
106,235,1499.54,728.43,39.65,83.83,0.80,1,-1,-1
106,198,1377.43,368.46,23.32,51.16,0.34,1,-1,-1
106,242,963.23,137.15,35.09,31.08,0.20,4,-1,-1
106,244,1584.28,403.52,27.81,64.68,0.61,1,-1,-1
106,88,1603.75,376.38,24.69,55.02,0.22,1,-1,-1
106,246,1107.40,198.45,38.40,37.53,0.99,4,-1,-1
106,253,490.12,400.76,36.85,85.28,0.94,1,-1,-1
106,255,1702.29,395.69,37.96,82.08,0.80,1,-1,-1
106,259,206.67,977.08,220.84,94.49,0.83,4,-1,-1
106,261,1030.66,241.31,47.84,46.50,0.99,4,-1,-1
106,266,15.62,863.22,229.13,211.16,0.80,4,-1,-1
106,274,1127.97,257.48,49.18,51.52,1.00,4,-1,-1
106,276,193.69,524.26,194.28,104.07,0.96,4,-1,-1
106,281,1232.63,680.23,45.71,77.21,0.82,10,-1,-1
106,283,1236.85,673.51,39.19,66.46,0.65,2,-1,-1
106,287,413.66,287.99,22.06,46.48,0.39,1,-1,-1
106,288,821.36,590.25,119.51,130.37,0.96,4,-1,-1
106,295,340.99,674.81,179.38,163.07,0.99,4,-1,-1
106,278,1679.96,426.48,55.87,121.05,0.91,1,-1,-1
106,271,1304.92,647.22,43.81,78.06,0.17,10,-1,-1
106,299,930.23,721.72,127.34,170.24,0.99,4,-1,-1
106,304,978.11,342.73,66.93,62.23,0.99,4,-1,-1
106,306,1062.71,349.84,64.92,64.60,1.00,4,-1,-1
106,42,1115.03,63.09,22.33,19.53,0.43,4,-1,-1
106,308,196.27,316.85,42.35,82.61,0.45,1,-1,-1
106,67,923.94,391.79,43.14,102.36,0.58,1,-1,-1
106,309,349.51,520.05,177.34,127.90,0.98,4,-1,-1
106,310,81.90,361.78,46.14,93.27,0.90,1,-1,-1
106,312,983.31,91.21,25.08,23.82,0.53,4,-1,-1
106,158,1204.72,197.06,20.70,29.58,0.54,10,-1,-1
106,313,268.35,278.81,23.91,51.40,0.76,1,-1,-1
106,314,407.60,173.02,19.12,39.74,0.65,1,-1,-1
106,292,288.36,286.19,21.29,46.24,0.57,2,-1,-1
107,6,556.88,347.97,33.26,77.67,0.21,1,-1,-1
107,8,1272.80,435.83,48.69,107.78,0.91,1,-1,-1
107,21,588.47,331.56,95.10,57.81,0.75,4,-1,-1
107,24,1473.17,475.83,41.98,96.94,0.89,1,-1,-1
107,25,647.35,293.93,74.27,55.67,0.99,4,-1,-1
107,27,712.35,250.36,67.67,57.44,0.97,4,-1,-1
107,37,769.63,352.07,80.49,59.52,0.99,4,-1,-1
107,38,1163.36,78.52,24.01,20.34,0.60,4,-1,-1
107,40,841.22,372.09,71.37,52.62,0.90,4,-1,-1
107,41,950.56,227.59,52.07,45.52,0.98,4,-1,-1
107,43,1158.20,93.65,27.72,23.17,0.97,4,-1,-1
107,45,1197.63,65.29,22.26,21.25,0.92,4,-1,-1
107,49,1224.09,71.12,26.15,22.35,0.99,4,-1,-1
107,52,1219.75,173.30,35.72,35.18,0.99,4,-1,-1
107,55,1282.58,170.11,38.14,35.81,0.98,4,-1,-1
107,56,1236.39,143.95,35.38,32.83,0.99,4,-1,-1
107,58,1325.79,312.85,57.15,52.43,0.94,4,-1,-1
107,59,1335.98,356.02,63.59,62.74,0.99,4,-1,-1
107,71,1595.37,278.75,84.88,69.07,0.91,4,-1,-1
107,87,1640.59,377.35,27.69,55.79,0.54,1,-1,-1
107,92,1338.66,413.78,44.27,95.68,0.95,1,-1,-1
107,97,1605.88,366.04,26.22,53.88,0.53,1,-1,-1
107,110,928.67,200.03,45.32,43.58,0.97,4,-1,-1
107,121,1183.77,118.60,29.90,27.31,0.98,4,-1,-1
107,149,878.94,259.50,53.92,51.86,0.99,4,-1,-1
107,153,1296.27,420.09,31.36,77.52,0.39,1,-1,-1
107,118,1666.03,422.25,29.13,54.17,0.71,1,-1,-1
107,174,981.04,162.14,38.25,37.69,0.93,4,-1,-1
107,91,1587.63,444.16,43.60,96.62,0.96,1,-1,-1
107,195,1137.34,131.00,30.92,29.40,0.99,4,-1,-1
107,199,830.58,145.76,59.68,51.35,0.51,9,-1,-1
107,200,1124.11,161.74,38.38,35.28,0.99,4,-1,-1
107,202,1276.85,229.77,21.49,33.64,0.59,10,-1,-1
107,204,1276.86,223.16,21.49,34.13,0.78,2,-1,-1
107,212,1578.81,357.30,25.91,56.07,0.79,1,-1,-1
107,215,933.04,165.44,42.51,35.23,0.94,4,-1,-1
107,216,1073.51,119.18,32.28,30.53,0.86,4,-1,-1
107,220,763.91,203.83,120.10,124.44,0.96,9,-1,-1
107,229,964.33,135.77,34.62,30.83,0.82,4,-1,-1
107,235,1548.78,736.56,40.21,84.55,0.82,1,-1,-1
107,242,1013.73,139.21,34.81,30.73,0.32,4,-1,-1
107,244,1639.94,409.57,28.32,63.25,0.63,1,-1,-1
107,88,1659.07,381.28,24.18,54.58,0.19,1,-1,-1
107,246,1158.57,196.90,38.07,36.85,0.99,4,-1,-1
107,253,549.50,396.54,33.83,83.47,0.86,1,-1,-1
107,255,1761.58,402.64,38.22,76.12,0.59,1,-1,-1
107,259,241.06,988.39,213.63,81.20,0.62,4,-1,-1
107,261,1082.70,238.25,47.36,45.76,0.99,4,-1,-1
107,266,23.59,864.30,254.56,208.14,0.91,4,-1,-1
107,274,1176.78,254.81,49.14,50.11,0.99,4,-1,-1
107,276,251.89,513.62,188.65,104.60,0.97,4,-1,-1
107,287,470.27,278.67,22.41,48.08,0.17,1,-1,-1
107,288,875.44,567.43,119.54,132.04,0.95,4,-1,-1
107,295,373.59,680.60,180.84,165.26,1.00,4,-1,-1
107,278,1727.94,431.78,58.66,125.11,0.94,1,-1,-1
107,299,980.78,697.28,124.59,160.16,0.99,4,-1,-1
107,304,1029.19,337.14,65.73,62.12,0.99,4,-1,-1
107,306,1113.07,344.65,64.25,67.11,1.00,4,-1,-1
107,42,1166.35,64.31,23.27,19.42,0.66,4,-1,-1
107,308,257.27,310.48,42.12,81.02,0.44,1,-1,-1
107,67,970.66,391.46,41.03,98.01,0.57,1,-1,-1
107,309,388.67,512.27,167.39,137.09,0.98,4,-1,-1
107,310,147.04,354.80,45.60,87.24,0.94,1,-1,-1
107,312,1035.16,92.20,24.13,23.58,0.40,4,-1,-1
107,158,1256.29,195.90,21.16,30.04,0.83,10,-1,-1
107,314,462.32,170.52,19.54,40.96,0.64,1,-1,-1
107,292,328.93,276.21,23.84,50.10,0.81,2,-1,-1
107,315,52.15,353.81,43.63,86.66,0.96,1,-1,-1
107,316,74.26,349.63,38.55,81.28,0.66,1,-1,-1
107,317,345.74,278.36,21.52,46.17,0.61,1,-1,-1
107,318,1257.47,189.46,19.12,32.27,0.61,2,-1,-1
108,6,605.09,347.89,32.02,73.59,0.26,1,-1,-1
108,8,1326.46,440.83,49.73,110.24,0.97,1,-1,-1
108,21,634.31,329.83,95.28,58.43,0.89,4,-1,-1
108,24,1527.90,483.14,45.83,99.66,0.70,1,-1,-1
108,25,694.67,292.45,73.98,55.64,0.99,4,-1,-1
108,27,759.46,249.04,67.85,57.60,0.98,4,-1,-1
108,37,811.59,356.36,79.51,58.83,0.98,4,-1,-1
108,38,1214.37,78.97,23.90,20.64,0.34,4,-1,-1
108,41,995.00,229.23,53.28,46.08,0.99,4,-1,-1
108,43,1208.36,93.65,26.74,23.39,0.95,4,-1,-1
108,45,1248.06,65.54,21.77,21.04,0.97,4,-1,-1
108,49,1273.65,71.80,26.26,22.05,0.99,4,-1,-1
108,52,1268.64,174.07,35.76,35.31,1.00,4,-1,-1
108,55,1332.79,171.91,38.22,36.52,0.98,4,-1,-1
108,56,1286.28,144.58,35.69,33.48,0.99,4,-1,-1
108,58,1374.90,315.67,58.86,53.07,0.95,4,-1,-1
108,59,1383.79,359.57,64.24,62.66,0.98,4,-1,-1
108,71,1651.17,283.57,87.43,69.40,0.92,4,-1,-1
108,87,1696.33,383.07,26.84,57.74,0.35,1,-1,-1
108,92,1380.95,416.54,43.70,96.56,0.95,1,-1,-1
108,97,1658.45,372.47,27.84,54.03,0.40,1,-1,-1
108,110,973.57,201.24,46.94,43.72,0.97,4,-1,-1
108,121,1233.92,118.54,30.61,27.02,0.98,4,-1,-1
108,149,922.76,261.38,54.66,51.98,0.99,4,-1,-1
108,153,1353.88,424.54,34.07,80.69,0.80,1,-1,-1
108,118,1721.50,428.85,30.43,56.35,0.55,1,-1,-1
108,174,1027.16,163.07,39.84,38.02,0.93,4,-1,-1
108,91,1631.08,448.78,47.93,99.76,0.97,1,-1,-1
108,195,1186.72,130.60,30.97,29.31,0.99,4,-1,-1
108,199,878.44,147.92,55.83,48.51,0.76,9,-1,-1
108,200,1173.73,161.27,38.15,35.23,0.99,4,-1,-1
108,202,1325.96,231.90,21.43,31.98,0.79,10,-1,-1
108,204,1325.96,224.24,21.47,32.29,0.91,2,-1,-1
108,212,1631.79,362.49,27.70,57.84,0.68,1,-1,-1
108,215,978.81,165.69,43.75,36.42,0.93,4,-1,-1
108,216,1120.73,122.74,32.31,29.59,0.82,4,-1,-1
108,220,808.61,204.69,119.81,125.39,0.95,9,-1,-1
108,229,1011.39,136.55,35.45,31.04,0.85,4,-1,-1
108,235,1595.26,746.28,42.05,84.97,0.78,1,-1,-1
108,244,1693.77,416.43,30.12,64.33,0.49,1,-1,-1
108,88,1715.30,387.15,24.00,56.90,0.16,1,-1,-1
108,246,1207.84,195.87,38.04,36.70,0.99,4,-1,-1
108,253,603.14,392.35,32.22,84.21,0.88,1,-1,-1
108,255,1821.67,409.98,38.37,76.23,0.54,1,-1,-1
108,259,252.51,1003.25,221.06,67.00,0.53,4,-1,-1
108,261,1131.71,236.08,46.50,44.80,0.99,4,-1,-1
108,266,27.87,866.28,276.05,206.69,0.96,4,-1,-1
108,274,1224.09,252.24,49.24,49.92,1.00,4,-1,-1
108,276,303.26,502.28,172.37,105.81,0.98,4,-1,-1
108,287,519.78,275.46,22.96,49.35,0.14,1,-1,-1
108,288,924.12,551.70,117.47,131.25,0.96,4,-1,-1
108,295,399.43,687.30,183.52,169.42,0.99,4,-1,-1
108,278,1774.55,439.46,58.41,126.20,0.95,1,-1,-1
108,299,1028.56,675.97,120.70,153.51,1.00,4,-1,-1
108,304,1076.96,332.30,66.30,60.98,0.99,4,-1,-1
108,306,1160.39,340.33,64.58,69.31,1.00,4,-1,-1
108,42,1216.50,64.34,22.49,19.18,0.48,4,-1,-1
108,308,310.83,304.79,39.98,82.24,0.76,1,-1,-1
108,67,1010.40,389.88,42.04,98.22,0.74,1,-1,-1
108,309,419.80,512.43,174.71,140.74,0.95,4,-1,-1
108,310,207.81,348.20,45.14,85.87,0.94,1,-1,-1
108,312,1083.40,91.77,24.81,24.57,0.60,4,-1,-1
108,158,1305.53,197.23,21.36,29.50,0.75,10,-1,-1
108,314,512.32,167.82,20.08,40.34,0.37,1,-1,-1
108,316,114.39,348.17,43.08,84.26,0.96,1,-1,-1
108,319,1.20,605.13,141.87,147.32,0.77,4,-1,-1
108,320,137.39,341.86,38.62,86.06,0.71,1,-1,-1
108,321,266.41,326.32,42.28,95.03,0.69,1,-1,-1
108,322,306.30,399.53,53.79,92.64,0.64,1,-1,-1
108,323,330.21,350.23,42.43,88.45,0.90,1,-1,-1
108,324,992.71,395.35,44.23,105.79,0.64,1,-1,-1
108,325,1008.25,389.67,44.23,99.81,0.69,1,-1,-1
108,326,1442.74,984.94,43.03,65.74,0.68,2,-1,-1
108,251,279.72,308.44,40.01,83.73,0.69,1,-1,-1
108,60,1385.56,404.53,63.19,52.99,0.77,4,-1,-1
109,6,631.49,345.97,29.39,71.38,0.42,1,-1,-1
109,8,1356.41,440.11,51.71,117.49,0.95,1,-1,-1
109,21,662.56,328.28,93.64,57.99,0.98,4,-1,-1
109,24,1559.46,484.94,47.22,110.14,0.86,1,-1,-1
109,25,722.08,291.28,73.81,56.29,0.99,4,-1,-1
109,27,786.99,248.20,66.28,58.43,0.99,4,-1,-1
109,37,833.01,359.46,79.04,55.92,0.99,4,-1,-1
109,38,1247.19,79.53,22.24,20.18,0.94,4,-1,-1
109,41,1019.06,231.38,53.67,46.28,0.99,4,-1,-1
109,43,1240.17,93.53,24.75,22.89,0.99,4,-1,-1
109,45,1279.77,65.72,21.56,20.95,0.97,4,-1,-1
109,49,1305.72,71.75,24.70,21.95,0.83,4,-1,-1
109,52,1296.74,174.07,35.75,35.43,1.00,4,-1,-1
109,55,1362.78,172.16,38.22,36.84,0.98,4,-1,-1
109,56,1317.01,144.28,34.21,34.59,0.99,4,-1,-1
109,58,1400.67,316.18,59.44,53.89,0.97,4,-1,-1
109,59,1410.67,361.43,62.85,61.18,0.99,4,-1,-1
109,71,1683.40,286.54,85.18,67.52,0.53,4,-1,-1
109,87,1726.34,384.85,26.51,58.68,0.92,1,-1,-1
109,92,1400.67,417.40,38.82,91.91,0.81,1,-1,-1
109,97,1690.29,375.48,25.38,54.34,0.93,1,-1,-1
109,110,999.38,201.66,48.27,45.79,0.98,4,-1,-1
109,121,1265.60,117.64,29.27,27.12,0.98,4,-1,-1
109,149,946.81,262.96,55.67,53.19,0.99,4,-1,-1
109,153,1393.85,424.63,36.55,84.49,0.77,1,-1,-1
109,118,1750.51,432.17,29.38,55.44,0.96,1,-1,-1
109,174,1054.78,163.79,39.62,38.98,0.97,4,-1,-1
109,91,1654.35,449.39,43.67,99.98,0.97,1,-1,-1
109,195,1217.49,129.41,30.57,29.83,0.99,4,-1,-1
109,200,1203.86,160.04,38.45,35.28,1.00,4,-1,-1
109,202,1354.09,230.62,21.42,32.87,0.90,10,-1,-1
109,204,1354.87,224.91,19.88,32.73,0.89,2,-1,-1
109,212,1660.78,365.71,26.86,57.20,0.93,1,-1,-1
109,215,1006.40,167.41,41.84,35.73,0.98,4,-1,-1
109,216,1148.47,123.34,32.29,30.39,0.55,4,-1,-1
109,220,833.95,207.72,118.80,123.55,0.98,9,-1,-1
109,229,1039.74,137.46,34.93,31.64,0.82,4,-1,-1
109,235,1617.11,750.16,41.23,84.89,0.96,1,-1,-1
109,244,1723.00,423.07,29.30,60.64,0.95,1,-1,-1
109,88,1745.36,390.14,23.96,57.20,0.88,1,-1,-1
109,246,1237.02,193.76,38.01,36.52,0.99,4,-1,-1
109,253,636.64,390.71,30.31,79.06,0.84,1,-1,-1
109,255,1855.29,413.09,36.87,78.44,0.73,1,-1,-1
109,259,255.61,1021.86,214.30,47.24,0.32,4,-1,-1
109,261,1160.19,233.12,47.83,44.51,1.00,4,-1,-1
109,266,24.50,875.06,280.97,197.28,0.95,4,-1,-1
109,274,1250.66,248.67,48.06,48.67,1.00,4,-1,-1
109,276,331.44,503.14,165.58,98.98,0.99,4,-1,-1
109,287,549.99,277.12,21.23,46.58,0.71,1,-1,-1
109,288,951.07,546.02,104.57,120.87,0.97,4,-1,-1
109,295,402.84,696.83,186.17,172.51,0.99,4,-1,-1
109,278,1794.07,442.47,62.83,126.81,0.94,1,-1,-1
109,299,1055.29,656.32,114.48,144.01,1.00,4,-1,-1
109,304,1105.75,326.28,65.66,60.34,0.99,4,-1,-1
109,306,1187.66,334.14,65.51,70.21,1.00,4,-1,-1
109,42,1248.60,63.98,21.77,19.64,0.80,4,-1,-1
109,308,344.14,301.79,37.15,88.81,0.93,1,-1,-1
109,67,1027.92,387.46,43.25,97.25,0.90,1,-1,-1
109,309,429.48,512.16,181.82,145.74,0.99,4,-1,-1
109,310,247.28,343.77,45.02,93.72,0.99,1,-1,-1
109,312,1112.98,92.87,24.12,23.91,0.37,4,-1,-1
109,158,1335.27,196.99,19.86,28.97,0.65,10,-1,-1
109,314,543.90,168.13,19.39,40.26,0.57,1,-1,-1
109,316,147.55,344.14,40.25,86.58,0.99,1,-1,-1
109,319,6.84,599.31,160.13,150.75,0.83,4,-1,-1
109,320,172.46,337.18,37.75,90.85,0.97,1,-1,-1
109,321,295.87,322.27,40.26,96.00,0.98,1,-1,-1
109,322,330.64,398.13,48.89,95.05,0.85,1,-1,-1
109,323,363.71,346.21,43.78,91.32,0.98,1,-1,-1
109,324,1013.71,393.17,45.08,106.26,0.98,1,-1,-1
109,251,310.55,304.44,37.30,89.39,0.91,1,-1,-1
109,60,1411.19,406.74,62.58,53.04,0.93,4,-1,-1
109,327,9.10,303.31,45.52,89.65,0.92,1,-1,-1
109,328,89.27,253.85,38.10,70.08,0.84,1,-1,-1
109,329,300.17,288.37,31.53,69.33,0.67,1,-1,-1
109,330,412.98,268.05,23.31,51.40,0.76,1,-1,-1
109,331,431.51,268.05,21.52,51.10,0.75,1,-1,-1
109,332,508.31,253.71,21.52,46.92,0.88,1,-1,-1
109,333,560.00,279.70,20.92,46.02,0.67,1,-1,-1
109,334,1446.33,940.11,47.81,99.21,0.85,10,-1,-1
109,335,1448.72,932.94,45.42,77.70,0.63,2,-1,-1
109,336,1455.89,969.40,35.86,56.18,0.88,2,-1,-1
109,337,1808.51,442.86,50.20,117.14,0.62,1,-1,-1
109,338,1814.48,191.40,19.12,36.16,0.80,1,-1,-1
109,339,1825.24,409.10,31.08,76.50,0.94,1,-1,-1
109,181,1772.76,383.18,25.99,57.16,0.93,1,-1,-1
109,305,1650.88,714.87,38.19,79.98,0.92,1,-1,-1
109,102,1560.14,356.63,23.86,47.37,0.62,1,-1,-1
109,267,1342.38,170.08,16.84,27.10,0.79,10,-1,-1
109,284,985.72,138.02,36.06,31.41,0.87,4,-1,-1
109,142,1787.29,465.41,57.93,101.13,0.89,1,-1,-1
109,260,966.19,155.67,37.55,32.80,0.83,4,-1,-1
109,242,1090.12,142.04,34.69,31.34,0.81,4,-1,-1
109,292,394.67,269.93,22.90,51.17,0.60,2,-1,-1
110,6,631.68,334.78,29.45,80.75,0.89,1,-1,-1
110,8,1365.12,438.26,51.15,120.59,0.99,1,-1,-1
110,21,663.84,327.11,92.38,57.31,0.97,4,-1,-1
110,24,1564.36,483.01,49.48,117.79,0.91,1,-1,-1
110,25,722.63,290.84,73.88,56.35,0.99,4,-1,-1
110,27,787.14,247.75,65.01,58.16,0.98,4,-1,-1
110,37,831.64,363.39,75.81,50.27,0.98,4,-1,-1
110,38,1248.82,77.85,23.29,19.98,0.83,4,-1,-1
110,41,1016.47,232.88,54.69,46.09,0.99,4,-1,-1
110,43,1242.28,92.47,25.70,22.37,0.98,4,-1,-1
110,45,1281.77,63.89,21.52,21.05,0.94,4,-1,-1
110,49,1307.95,70.11,24.15,22.30,0.76,4,-1,-1
110,52,1297.59,172.38,35.82,35.63,1.00,4,-1,-1
110,55,1364.36,171.21,38.29,37.12,0.99,4,-1,-1
110,56,1318.84,142.49,33.70,35.01,0.99,4,-1,-1
110,58,1400.90,314.71,59.76,54.92,0.97,4,-1,-1
110,59,1411.41,360.48,62.44,59.74,0.99,4,-1,-1
110,71,1686.12,286.81,84.41,66.17,0.57,4,-1,-1
110,87,1728.34,383.57,26.48,59.79,0.93,1,-1,-1
110,92,1391.96,420.57,41.84,106.78,0.98,1,-1,-1
110,97,1692.30,375.48,26.06,53.23,0.93,1,-1,-1
110,110,998.16,202.24,48.87,46.30,0.98,4,-1,-1
110,121,1267.70,115.58,28.82,27.13,0.98,4,-1,-1
110,149,944.64,264.16,56.15,54.16,0.99,4,-1,-1
110,118,1751.47,430.27,29.04,56.25,0.94,1,-1,-1
110,174,1055.39,163.90,39.59,39.09,0.98,4,-1,-1
110,91,1651.88,447.99,40.39,97.63,0.96,1,-1,-1
110,195,1220.03,127.19,30.48,29.54,0.99,4,-1,-1
110,200,1206.16,157.60,37.85,35.08,0.99,4,-1,-1
110,202,1355.07,224.29,21.47,34.15,0.93,10,-1,-1
110,204,1355.34,226.23,20.96,33.07,0.90,2,-1,-1
110,212,1661.61,365.44,26.61,57.31,0.96,1,-1,-1
110,215,1006.59,167.70,41.14,35.40,0.98,4,-1,-1
110,216,1149.08,123.23,32.34,31.23,0.64,4,-1,-1
110,220,830.57,208.87,120.23,123.85,0.96,9,-1,-1
110,229,1040.56,137.37,35.59,31.62,0.78,4,-1,-1
110,235,1616.59,750.07,41.04,84.82,0.97,1,-1,-1
110,244,1725.58,423.11,29.06,58.76,0.93,1,-1,-1
110,88,1748.18,389.10,24.03,58.09,0.76,1,-1,-1
110,246,1239.05,190.60,36.50,36.24,1.00,4,-1,-1
110,253,642.02,389.60,31.45,81.67,0.88,1,-1,-1
110,255,1859.52,410.75,34.84,79.21,0.64,1,-1,-1
110,261,1162.78,228.83,47.61,44.18,1.00,4,-1,-1
110,266,6.67,890.85,276.09,181.20,0.89,4,-1,-1
110,274,1251.09,243.86,47.74,47.38,1.00,4,-1,-1
110,276,331.35,504.70,166.81,95.86,0.99,4,-1,-1
110,287,551.39,278.28,20.23,45.45,0.78,1,-1,-1
110,288,954.62,543.34,99.49,108.31,0.71,4,-1,-1
110,295,382.47,710.44,189.73,175.65,0.99,4,-1,-1
110,278,1801.07,442.78,54.45,120.03,0.82,1,-1,-1
110,299,1060.25,636.87,111.07,137.33,0.99,4,-1,-1
110,304,1109.05,319.37,64.76,60.47,1.00,4,-1,-1
110,306,1190.09,327.60,65.19,69.22,1.00,4,-1,-1
110,42,1250.73,62.16,21.55,19.83,0.25,4,-1,-1
110,308,346.51,300.22,36.80,93.06,0.96,1,-1,-1
110,67,1024.07,384.95,41.53,95.34,0.92,1,-1,-1
110,309,413.23,515.76,193.74,149.53,0.99,4,-1,-1
110,310,254.83,343.76,44.91,95.69,0.98,1,-1,-1
110,312,1114.25,92.39,24.81,24.09,0.62,4,-1,-1
110,158,1335.22,194.31,20.96,29.74,0.59,10,-1,-1
110,314,545.75,168.65,18.75,39.56,0.73,1,-1,-1
110,316,151.52,343.58,39.86,88.24,0.99,1,-1,-1
110,319,2.82,597.10,164.77,151.76,0.80,4,-1,-1
110,320,178.14,335.52,42.30,93.08,0.99,1,-1,-1
110,321,297.59,320.59,39.50,97.07,0.98,1,-1,-1
110,322,325.51,396.71,48.97,100.50,0.88,1,-1,-1
110,323,369.64,345.64,44.11,90.94,0.97,1,-1,-1
110,324,1009.44,389.14,43.50,109.56,0.98,1,-1,-1
110,251,311.71,303.53,36.96,91.03,0.95,1,-1,-1
110,60,1409.17,405.90,64.01,50.59,0.90,4,-1,-1
110,327,11.92,303.38,46.19,89.64,0.96,1,-1,-1
110,328,90.69,252.37,35.94,66.84,0.84,1,-1,-1
110,329,300.36,287.60,31.76,69.92,0.58,1,-1,-1
110,330,415.30,266.45,24.26,51.39,0.91,1,-1,-1
110,331,434.54,266.45,22.47,52.53,0.85,1,-1,-1
110,332,510.37,252.83,21.99,47.15,0.81,1,-1,-1
110,333,562.06,278.58,20.44,45.77,0.67,1,-1,-1
110,334,1443.70,925.51,45.89,96.33,0.69,3,-1,-1
110,335,1447.04,936.99,41.59,69.08,0.62,2,-1,-1
110,338,1815.63,191.86,21.03,35.67,0.91,1,-1,-1
110,339,1825.43,405.82,32.99,80.31,0.91,1,-1,-1
110,181,1772.69,380.75,26.44,57.76,0.84,1,-1,-1
110,305,1649.56,716.61,38.43,79.44,0.93,1,-1,-1
110,102,1560.16,355.52,23.91,48.04,0.63,1,-1,-1
110,267,1343.07,169.18,16.72,26.80,0.89,10,-1,-1
110,284,986.01,138.00,35.85,31.16,0.85,4,-1,-1
110,142,1783.89,454.44,59.54,114.46,0.93,1,-1,-1
110,260,966.37,155.89,37.94,32.79,0.85,4,-1,-1
110,242,1090.41,141.88,34.66,31.97,0.94,4,-1,-1
110,292,395.41,269.01,22.74,51.93,0.73,2,-1,-1
110,340,536.99,133.20,17.93,32.95,0.73,1,-1,-1
110,341,608.12,136.86,17.03,30.93,0.62,1,-1,-1
110,342,636.50,509.80,109.97,106.98,0.99,4,-1,-1
110,343,684.91,952.07,196.03,117.14,0.81,4,-1,-1
110,344,1110.45,126.63,28.69,27.57,0.70,4,-1,-1
110,345,1443.94,911.43,45.42,84.87,0.75,2,-1,-1
110,346,1618.45,676.55,31.08,76.50,0.60,1,-1,-1
111,6,630.74,328.92,31.15,87.35,0.96,1,-1,-1
111,8,1376.37,436.19,50.89,123.35,0.95,1,-1,-1
111,21,663.28,326.72,91.96,57.10,0.95,4,-1,-1
111,24,1575.55,479.95,44.30,116.73,0.87,1,-1,-1
111,25,722.22,289.99,73.94,56.49,0.99,4,-1,-1
111,27,786.60,246.49,66.18,59.09,0.99,4,-1,-1
111,38,1249.70,76.66,22.10,19.32,0.86,4,-1,-1
111,41,1014.25,233.88,55.07,46.62,0.98,4,-1,-1
111,43,1244.13,91.27,24.46,21.99,0.97,4,-1,-1
111,45,1282.05,62.79,21.52,20.70,0.95,4,-1,-1
111,49,1308.31,68.88,23.95,22.20,0.85,4,-1,-1
111,52,1297.48,170.46,35.86,35.32,0.99,4,-1,-1
111,55,1364.51,170.42,38.32,37.23,0.99,4,-1,-1
111,56,1319.07,141.06,33.52,35.13,0.99,4,-1,-1
111,58,1400.55,313.76,59.89,55.32,0.98,4,-1,-1
111,59,1411.27,359.33,62.30,59.23,0.99,4,-1,-1
111,71,1685.93,285.79,87.27,66.59,0.87,4,-1,-1
111,87,1728.68,381.93,26.47,61.40,0.91,1,-1,-1
111,92,1384.60,410.97,44.45,103.41,0.98,1,-1,-1
111,97,1692.63,374.46,26.31,54.00,0.91,1,-1,-1
111,110,996.05,202.71,49.88,46.71,0.98,4,-1,-1
111,121,1268.79,113.93,28.66,26.46,0.98,4,-1,-1
111,149,941.78,265.73,57.11,54.54,0.99,4,-1,-1
111,118,1751.43,428.00,28.91,58.14,0.91,1,-1,-1
111,174,1054.75,163.88,39.59,39.33,0.97,4,-1,-1
111,91,1648.43,444.94,37.52,98.32,0.97,1,-1,-1
111,195,1221.69,125.40,29.27,28.56,1.00,4,-1,-1
111,200,1208.12,155.44,37.64,35.03,1.00,4,-1,-1
111,202,1355.00,223.51,21.50,33.87,0.91,10,-1,-1
111,204,1355.86,221.49,19.78,30.83,0.82,2,-1,-1
111,212,1661.52,365.11,26.51,57.76,0.95,1,-1,-1
111,215,1005.39,167.95,41.67,35.48,0.98,4,-1,-1
111,216,1148.08,123.75,32.36,31.21,0.75,4,-1,-1
111,220,827.23,210.23,121.57,123.79,0.97,9,-1,-1
111,229,1040.37,137.32,35.05,31.77,0.75,4,-1,-1
111,235,1616.02,748.89,40.96,84.82,0.95,1,-1,-1
111,244,1726.94,420.72,28.96,60.12,0.96,1,-1,-1
111,88,1749.62,387.35,24.06,59.22,0.65,1,-1,-1
111,246,1240.14,187.63,35.94,35.77,0.99,4,-1,-1
111,253,645.17,389.07,35.07,86.17,0.95,1,-1,-1
111,255,1862.24,408.30,34.04,80.30,0.62,1,-1,-1
111,261,1164.80,224.89,46.77,43.91,1.00,4,-1,-1
111,266,-3.61,907.42,264.33,164.68,0.62,4,-1,-1
111,274,1251.62,239.60,46.05,46.75,1.00,4,-1,-1
111,276,330.16,504.36,172.19,95.69,0.99,4,-1,-1
111,287,552.42,277.75,19.46,45.06,0.67,1,-1,-1
111,295,361.30,722.46,195.27,182.20,0.99,4,-1,-1
111,278,1795.35,439.42,53.75,122.45,0.97,1,-1,-1
111,299,1065.85,615.45,106.75,132.73,0.95,4,-1,-1
111,304,1112.16,313.29,63.65,58.94,1.00,4,-1,-1
111,306,1192.57,321.44,64.69,68.80,1.00,4,-1,-1
111,42,1251.84,61.84,21.47,19.27,0.32,4,-1,-1
111,308,346.62,299.32,36.32,93.93,0.98,1,-1,-1
111,67,1018.75,382.51,40.86,98.73,0.90,1,-1,-1
111,309,395.95,520.63,200.11,154.52,0.76,4,-1,-1
111,310,259.84,343.46,43.62,94.32,0.98,1,-1,-1
111,312,1114.64,92.56,24.21,23.52,0.60,4,-1,-1
111,158,1335.54,193.04,21.35,29.05,0.68,10,-1,-1
111,314,546.37,168.97,17.66,38.71,0.78,1,-1,-1
111,316,155.19,343.03,40.26,86.53,0.99,1,-1,-1
111,319,0.49,595.85,167.04,151.90,0.87,4,-1,-1
111,320,183.54,335.75,45.17,92.07,0.99,1,-1,-1
111,321,297.40,319.21,38.91,97.46,0.98,1,-1,-1
111,322,320.26,395.89,48.54,97.90,0.39,1,-1,-1
111,323,376.32,345.10,40.55,90.37,0.99,1,-1,-1
111,324,1006.07,385.81,41.09,110.70,0.98,1,-1,-1
111,251,311.67,302.14,36.82,92.38,0.96,1,-1,-1
111,60,1408.77,405.61,66.12,56.99,0.68,4,-1,-1
111,327,14.74,302.92,44.99,89.18,0.97,1,-1,-1
111,328,89.22,251.15,35.64,66.91,0.93,1,-1,-1
111,329,300.49,287.55,31.35,67.16,0.51,1,-1,-1
111,330,418.35,264.51,22.63,49.55,0.77,1,-1,-1
111,331,436.37,264.75,22.20,53.26,0.69,1,-1,-1
111,332,511.58,252.17,20.71,47.43,0.64,1,-1,-1
111,333,562.82,277.42,19.88,45.73,0.36,1,-1,-1
111,334,1438.30,900.38,49.26,99.50,0.73,10,-1,-1
111,335,1445.55,923.04,38.94,61.63,0.84,2,-1,-1
111,338,1814.76,191.99,21.39,36.97,0.90,1,-1,-1
111,339,1827.99,403.77,31.54,80.14,0.79,1,-1,-1
111,181,1772.29,377.33,26.59,59.93,0.77,1,-1,-1
111,305,1648.76,715.26,38.51,80.05,0.88,1,-1,-1
111,102,1559.79,353.53,23.93,48.65,0.40,1,-1,-1
111,267,1344.47,167.24,15.06,25.52,0.71,10,-1,-1
111,284,985.61,138.10,35.79,31.14,0.74,4,-1,-1
111,142,1780.72,454.42,54.17,108.58,0.27,1,-1,-1
111,260,965.52,155.72,38.05,33.20,0.78,4,-1,-1
111,242,1090.04,142.11,34.66,31.95,0.90,4,-1,-1
111,292,396.28,267.52,23.49,52.59,0.44,2,-1,-1
111,340,539.18,133.23,16.97,31.93,0.84,1,-1,-1
111,341,607.43,136.53,17.75,31.82,0.69,1,-1,-1
111,342,628.41,507.24,115.70,118.93,0.98,4,-1,-1
111,343,692.61,919.84,201.76,148.69,0.88,4,-1,-1
111,344,1110.93,126.76,27.73,27.63,0.61,4,-1,-1
111,345,1442.04,893.05,45.42,86.78,0.76,2,-1,-1
111,346,1616.55,677.31,31.08,74.58,0.67,1,-1,-1
111,347,1355.48,221.43,21.52,35.86,0.91,2,-1,-1
111,301,427.14,296.50,22.26,46.53,0.66,1,-1,-1
111,280,376.37,273.03,25.05,44.44,0.57,2,-1,-1
111,247,526.87,169.39,18.04,38.80,0.57,1,-1,-1
111,153,1401.38,421.60,47.11,111.96,0.95,1,-1,-1
112,6,630.79,325.91,30.96,90.76,0.96,1,-1,-1
112,8,1383.59,436.06,52.30,124.77,0.98,1,-1,-1
112,21,664.26,326.42,91.02,56.66,0.97,4,-1,-1
112,24,1579.73,478.63,48.46,128.11,0.90,1,-1,-1
112,25,722.06,289.03,73.96,57.26,0.99,4,-1,-1
112,27,786.42,246.25,65.82,58.85,0.98,4,-1,-1
112,38,1250.06,75.55,23.25,19.37,0.92,4,-1,-1
112,41,1011.96,234.95,55.98,46.82,0.98,4,-1,-1
112,43,1244.90,89.79,23.99,22.17,0.98,4,-1,-1
112,45,1282.18,61.85,21.51,20.52,0.96,4,-1,-1
112,49,1308.47,67.35,23.88,22.69,0.74,4,-1,-1
112,52,1297.48,169.26,35.87,35.02,0.99,4,-1,-1
112,55,1364.60,169.82,38.32,37.28,0.98,4,-1,-1
112,56,1319.18,139.65,35.05,34.99,1.00,4,-1,-1
112,58,1400.44,313.09,59.92,55.48,0.97,4,-1,-1
112,59,1411.23,358.78,62.24,60.25,0.99,4,-1,-1
112,71,1685.82,284.71,88.32,67.15,0.94,4,-1,-1
112,87,1728.75,380.64,26.45,61.23,0.86,1,-1,-1
112,92,1369.77,407.46,48.49,99.48,0.92,1,-1,-1
112,97,1692.72,373.37,26.39,54.68,0.86,1,-1,-1
112,110,994.94,203.39,50.25,46.67,0.98,4,-1,-1
112,121,1270.80,112.50,28.61,26.12,0.99,4,-1,-1
112,149,939.24,267.49,57.46,54.49,0.99,4,-1,-1
112,118,1752.15,426.47,27.28,57.30,0.80,1,-1,-1
112,174,1054.19,164.19,39.57,39.23,0.97,4,-1,-1
112,91,1639.28,442.76,41.32,99.34,0.95,1,-1,-1
112,195,1222.34,123.24,28.81,28.41,0.99,4,-1,-1
112,200,1209.24,153.19,37.97,34.63,1.00,4,-1,-1
112,202,1355.80,219.66,19.93,32.97,0.62,10,-1,-1
112,204,1355.32,220.39,20.92,33.48,0.88,2,-1,-1
112,212,1660.68,364.87,26.46,58.32,0.92,1,-1,-1
112,215,1004.62,168.06,41.86,35.91,0.98,4,-1,-1
112,216,1147.39,124.46,32.36,31.10,0.79,4,-1,-1
112,220,826.08,211.71,121.26,124.16,0.96,9,-1,-1
112,229,1039.98,137.48,34.83,31.88,0.78,4,-1,-1
112,235,1616.57,747.31,40.90,85.61,0.97,1,-1,-1
112,244,1727.40,419.35,28.91,59.82,0.94,1,-1,-1
112,88,1750.12,385.44,24.05,60.42,0.59,1,-1,-1
112,246,1241.33,184.64,35.76,35.22,1.00,4,-1,-1
112,253,650.11,389.10,36.40,86.31,0.90,1,-1,-1
112,255,1863.92,406.33,33.73,82.27,0.67,1,-1,-1
112,261,1167.12,221.06,46.48,43.84,1.00,4,-1,-1
112,266,-7.99,925.27,247.01,146.46,0.53,4,-1,-1
112,274,1251.08,235.89,45.44,45.35,0.99,4,-1,-1
112,276,330.04,505.50,182.13,94.51,0.97,4,-1,-1
112,287,553.55,277.11,19.18,44.02,0.42,1,-1,-1
112,295,340.54,736.03,200.35,187.72,0.99,4,-1,-1
112,278,1794.09,441.00,48.81,117.48,0.96,1,-1,-1
112,299,1072.15,591.41,105.38,133.22,0.89,4,-1,-1
112,304,1115.71,307.36,62.45,58.01,1.00,4,-1,-1
112,306,1194.72,315.47,63.30,67.41,1.00,4,-1,-1
112,42,1252.27,61.54,21.45,19.01,0.58,4,-1,-1
112,308,346.76,298.25,35.76,95.87,0.95,1,-1,-1
112,67,1013.41,380.92,41.43,100.77,0.93,1,-1,-1
112,309,379.28,519.25,207.00,166.17,0.91,4,-1,-1
112,310,265.00,343.39,41.88,93.35,0.99,1,-1,-1
112,312,1115.27,93.17,23.98,22.70,0.57,4,-1,-1
112,158,1335.71,191.64,21.50,28.19,0.22,10,-1,-1
112,314,546.31,168.74,17.75,38.66,0.63,1,-1,-1
112,316,157.71,341.79,41.50,85.87,0.99,1,-1,-1
112,319,0.21,595.51,166.68,151.03,0.89,4,-1,-1
112,320,189.21,335.23,45.62,91.66,0.99,1,-1,-1
112,321,298.26,317.95,38.30,95.76,0.97,1,-1,-1
112,322,315.48,391.66,48.40,92.76,0.80,1,-1,-1
112,323,385.47,342.96,32.89,89.31,0.96,1,-1,-1
112,324,999.69,385.78,41.36,108.74,0.98,1,-1,-1
112,251,311.90,300.90,36.75,92.86,0.96,1,-1,-1
112,327,17.40,302.38,45.09,89.03,0.98,1,-1,-1
112,328,87.39,249.89,36.37,69.04,0.93,1,-1,-1
112,329,299.94,287.63,31.56,66.25,0.37,1,-1,-1
112,330,419.86,263.01,23.98,50.84,0.88,1,-1,-1
112,331,438.15,263.79,22.57,52.59,0.65,1,-1,-1
112,332,511.97,250.88,21.24,48.45,0.62,1,-1,-1
112,333,563.29,276.20,20.17,45.25,0.27,1,-1,-1
112,334,1433.79,876.17,48.56,98.70,0.86,10,-1,-1
112,335,1441.16,900.63,38.14,57.47,0.92,2,-1,-1
112,338,1814.44,191.37,21.52,37.18,0.70,1,-1,-1
112,339,1831.70,402.75,31.04,76.38,0.40,1,-1,-1
112,181,1772.14,376.92,26.63,58.04,0.71,1,-1,-1
112,305,1647.72,711.66,40.09,81.84,0.78,1,-1,-1
112,102,1559.65,353.26,23.93,47.31,0.33,1,-1,-1
112,267,1344.27,165.46,16.13,27.84,0.72,10,-1,-1
112,284,985.12,138.42,35.77,31.28,0.65,4,-1,-1
112,142,1778.87,446.51,51.83,112.57,0.23,1,-1,-1
112,260,964.87,155.88,38.10,33.15,0.72,4,-1,-1
112,242,1089.56,142.53,34.66,32.13,0.81,4,-1,-1
112,292,397.68,266.70,24.16,52.35,0.44,2,-1,-1
112,340,541.03,132.81,16.32,32.25,0.81,1,-1,-1
112,341,606.63,135.87,18.11,33.02,0.25,1,-1,-1
112,342,618.73,511.38,119.50,121.37,0.99,4,-1,-1
112,343,707.76,887.22,200.11,181.51,0.96,4,-1,-1
112,344,1110.57,127.13,27.54,27.52,0.54,4,-1,-1
112,345,1435.20,877.63,47.26,95.37,0.86,3,-1,-1
112,346,1616.15,674.67,31.08,77.00,0.71,1,-1,-1
112,301,422.58,295.66,22.92,46.88,0.69,2,-1,-1
112,280,375.72,273.89,24.32,43.15,0.67,1,-1,-1
112,247,527.62,169.11,17.92,38.53,0.32,1,-1,-1
112,153,1411.72,421.64,47.98,116.27,0.97,1,-1,-1
112,348,275.97,263.57,25.40,49.31,0.65,1,-1,-1
112,349,1475.02,1009.44,62.16,59.77,0.68,10,-1,-1
112,350,1492.95,1010.64,47.81,57.38,0.64,2,-1,-1
112,351,1559.88,665.19,38.25,87.26,0.76,1,-1,-1
113,6,631.14,324.08,30.92,92.89,0.98,1,-1,-1
113,8,1388.49,436.83,52.83,123.73,0.97,1,-1,-1
113,21,662.98,326.57,92.30,57.31,0.97,4,-1,-1
113,24,1591.15,477.36,43.86,108.85,0.94,1,-1,-1
113,25,721.57,288.42,73.99,57.65,0.99,4,-1,-1
113,27,785.94,245.82,67.29,59.17,0.99,4,-1,-1
113,38,1250.95,74.31,23.66,19.72,0.88,4,-1,-1
113,41,1009.60,235.93,56.31,47.68,0.99,4,-1,-1
113,43,1245.17,88.45,23.83,22.44,0.98,4,-1,-1
113,45,1282.23,60.57,21.51,20.54,0.78,4,-1,-1
113,49,1308.53,65.56,23.86,23.34,0.59,4,-1,-1
113,52,1297.51,168.17,35.87,34.71,0.99,4,-1,-1
113,55,1365.43,169.71,38.32,37.10,0.98,4,-1,-1
113,56,1319.21,138.43,35.62,34.89,1.00,4,-1,-1
113,58,1401.22,312.27,59.92,56.33,0.98,4,-1,-1
113,59,1410.46,358.21,63.80,63.40,0.99,4,-1,-1
113,71,1686.52,283.61,88.70,68.05,0.82,4,-1,-1
113,87,1729.55,379.00,26.43,61.15,0.91,1,-1,-1
113,92,1359.60,406.40,50.07,98.72,0.97,1,-1,-1
113,97,1692.74,373.93,26.42,54.93,0.95,1,-1,-1
113,110,993.41,203.95,51.16,47.24,0.98,4,-1,-1
113,121,1272.31,111.39,28.60,25.71,0.99,4,-1,-1
113,149,936.40,269.12,58.36,55.25,0.99,4,-1,-1
113,118,1752.42,425.34,26.64,56.57,0.81,1,-1,-1
113,174,1053.23,164.61,40.35,39.19,0.97,4,-1,-1
113,91,1633.75,440.21,41.11,100.51,0.98,1,-1,-1
113,195,1223.37,121.08,28.65,28.37,0.99,4,-1,-1
113,200,1210.41,151.10,38.10,34.15,0.99,4,-1,-1
113,202,1356.16,216.64,19.32,30.84,0.68,10,-1,-1
113,204,1355.11,220.76,21.33,31.08,0.78,2,-1,-1
113,212,1659.58,364.38,26.43,58.92,0.92,1,-1,-1
113,215,1003.98,168.11,41.93,36.27,0.98,4,-1,-1
113,216,1146.39,125.25,33.14,30.91,0.91,4,-1,-1
113,220,824.16,213.33,121.13,125.18,0.94,9,-1,-1
113,229,1039.46,137.69,34.75,31.97,0.82,4,-1,-1
113,235,1616.83,745.53,40.87,85.91,0.96,1,-1,-1
113,244,1728.33,417.28,28.87,59.72,0.95,1,-1,-1
113,88,1751.85,382.78,24.04,60.88,0.67,1,-1,-1
113,246,1241.75,181.87,35.70,34.84,1.00,4,-1,-1
113,253,656.36,388.02,35.38,86.79,0.96,1,-1,-1
113,255,1864.47,404.63,33.62,80.67,0.76,1,-1,-1
113,261,1169.52,217.83,45.60,43.05,0.99,4,-1,-1
113,266,-9.07,944.55,224.56,126.77,0.50,4,-1,-1
113,274,1251.73,232.06,45.24,45.08,1.00,4,-1,-1
113,276,329.51,506.85,181.61,92.14,0.96,4,-1,-1
113,295,319.33,749.53,207.21,193.59,1.00,4,-1,-1
113,278,1785.78,437.70,50.01,119.05,0.97,1,-1,-1
113,299,1077.04,571.79,103.41,130.04,0.92,4,-1,-1
113,304,1118.98,301.35,62.04,57.40,1.00,4,-1,-1
113,306,1196.72,309.54,62.40,66.06,1.00,4,-1,-1
113,42,1252.42,61.27,21.45,18.97,0.34,4,-1,-1
113,308,346.09,297.35,36.02,96.59,0.98,1,-1,-1
113,67,1009.23,379.64,41.65,101.96,0.94,1,-1,-1
113,309,364.45,531.71,214.11,163.71,0.76,4,-1,-1
113,310,271.57,342.63,38.67,92.56,0.97,1,-1,-1
113,312,1115.08,92.57,23.91,23.04,0.59,4,-1,-1
113,314,545.80,168.04,17.79,39.08,0.65,1,-1,-1
113,316,160.72,341.25,41.11,84.36,0.98,1,-1,-1
113,319,-0.01,594.90,166.87,151.37,0.85,4,-1,-1
113,320,195.01,334.50,42.28,91.95,0.98,1,-1,-1
113,321,298.71,316.57,37.69,94.74,0.98,1,-1,-1
113,322,310.63,389.96,47.06,87.96,0.59,2,-1,-1
113,323,393.04,341.68,29.83,88.98,0.96,1,-1,-1
113,324,993.48,385.52,42.36,107.14,0.99,1,-1,-1
113,251,312.16,299.86,36.71,92.70,0.94,1,-1,-1
113,327,20.91,301.97,43.58,89.33,0.98,1,-1,-1
113,328,85.98,248.94,36.94,70.37,0.95,1,-1,-1
113,330,421.76,261.33,23.95,52.15,0.86,1,-1,-1
113,331,439.50,262.26,23.58,52.58,0.77,1,-1,-1
113,332,512.24,250.55,22.75,48.10,0.25,1,-1,-1
113,334,1428.92,851.31,48.18,98.33,0.77,10,-1,-1
113,335,1438.17,878.24,36.13,55.66,0.95,2,-1,-1
113,338,1816.13,191.16,19.79,34.76,0.65,1,-1,-1
113,339,1833.66,401.14,30.93,72.46,0.37,1,-1,-1
113,181,1771.36,376.84,26.63,56.87,0.83,1,-1,-1
113,305,1647.41,709.52,39.13,83.28,0.65,1,-1,-1
113,102,1559.62,352.79,23.94,46.79,0.27,1,-1,-1
113,267,1344.17,166.25,16.48,25.97,0.72,10,-1,-1
113,284,983.76,138.25,36.57,31.53,0.66,4,-1,-1
113,260,964.24,156.15,38.14,32.74,0.81,4,-1,-1
113,242,1089.02,142.93,35.45,32.06,0.85,4,-1,-1
113,292,400.22,265.51,23.64,52.06,0.42,2,-1,-1
113,340,542.99,132.08,16.11,32.94,0.85,1,-1,-1
113,341,606.53,134.89,18.01,33.61,0.29,1,-1,-1
113,342,606.23,530.45,129.92,113.44,0.99,4,-1,-1
113,343,729.20,852.62,195.84,210.71,0.98,4,-1,-1
113,344,1109.95,127.51,27.48,27.55,0.73,4,-1,-1
113,345,1431.09,855.64,46.07,97.47,0.90,3,-1,-1
113,346,1616.05,672.96,31.08,77.80,0.55,1,-1,-1
113,301,419.48,297.07,22.44,44.96,0.61,3,-1,-1
113,280,373.59,274.03,24.46,43.49,0.49,1,-1,-1
113,247,527.82,169.18,17.88,38.85,0.49,1,-1,-1
113,153,1419.41,422.31,49.80,118.72,0.98,1,-1,-1
113,348,275.87,263.56,24.68,47.51,0.61,1,-1,-1
113,349,1473.11,992.05,56.42,76.98,0.96,10,-1,-1
113,350,1483.39,990.38,51.64,67.89,0.90,2,-1,-1
113,351,1559.88,664.07,38.25,87.25,0.65,1,-1,-1
113,352,208.88,273.43,28.69,46.92,0.64,1,-1,-1
113,353,310.48,389.37,47.21,87.26,0.75,1,-1,-1
113,354,394.15,320.64,26.30,59.17,0.79,1,-1,-1
113,355,1127.78,108.03,27.49,24.50,0.70,4,-1,-1
113,356,1431.98,847.48,45.42,84.87,0.83,2,-1,-1
113,357,1685.39,361.58,23.91,59.17,0.61,1,-1,-1
113,358,1791.77,381.60,23.91,53.19,0.63,1,-1,-1
113,83,1763.13,330.36,23.89,56.14,0.53,1,-1,-1
113,198,1508.30,375.86,21.56,56.50,0.51,1,-1,-1
114,6,631.23,322.93,31.72,94.86,0.99,1,-1,-1
114,8,1395.59,437.01,53.00,120.94,0.98,1,-1,-1
114,21,661.28,326.50,93.59,56.79,0.96,4,-1,-1
114,24,1597.85,477.79,43.45,108.72,0.81,1,-1,-1
114,25,722.16,288.26,73.22,57.41,0.99,4,-1,-1
114,27,785.75,246.60,66.27,58.51,0.99,4,-1,-1
114,38,1251.29,73.55,23.83,19.48,0.87,4,-1,-1
114,41,1007.24,237.09,56.42,48.79,0.98,4,-1,-1
114,43,1245.28,87.19,23.79,22.75,0.97,4,-1,-1
114,45,1282.26,59.39,21.52,20.66,0.80,4,-1,-1
114,49,1308.57,64.77,23.86,23.54,0.56,4,-1,-1
114,52,1297.56,167.16,35.87,34.21,0.99,4,-1,-1
114,55,1365.77,169.43,38.32,37.04,0.98,4,-1,-1
114,56,1320.04,137.22,34.27,34.90,0.99,4,-1,-1
114,58,1401.55,311.64,59.92,57.04,0.98,4,-1,-1
114,59,1410.19,357.66,64.38,66.52,0.99,4,-1,-1
114,71,1686.79,283.55,88.82,67.71,0.89,4,-1,-1
114,87,1729.05,377.49,27.99,60.71,0.91,1,-1,-1
114,92,1352.82,404.15,49.14,98.83,0.94,1,-1,-1
114,97,1691.97,374.20,26.42,55.02,0.95,1,-1,-1
114,110,992.11,204.67,50.72,47.65,0.97,4,-1,-1
114,121,1273.66,110.29,27.02,25.18,0.98,4,-1,-1
114,149,933.84,270.81,59.47,55.82,0.98,4,-1,-1
114,118,1752.52,423.43,26.40,58.68,0.83,1,-1,-1
114,174,1052.52,164.79,40.64,39.57,0.98,4,-1,-1
114,91,1630.33,438.17,39.42,100.57,0.98,1,-1,-1
114,195,1223.75,119.26,28.61,28.47,0.99,4,-1,-1
114,200,1212.02,149.37,37.76,33.89,0.99,4,-1,-1
114,202,1356.31,213.37,19.12,33.93,0.68,10,-1,-1
114,204,1355.07,218.80,21.49,31.76,0.82,2,-1,-1
114,212,1658.40,364.24,26.42,58.36,0.94,1,-1,-1
114,215,1003.40,168.25,41.95,36.41,0.99,4,-1,-1
114,216,1145.28,125.76,33.43,31.33,0.87,4,-1,-1
114,220,821.95,214.24,121.85,126.84,0.94,9,-1,-1
114,229,1038.51,137.95,35.51,32.16,0.86,4,-1,-1
114,235,1616.97,744.91,40.85,86.03,0.97,1,-1,-1
114,244,1729.47,415.99,27.28,58.51,0.95,1,-1,-1
114,88,1752.50,380.10,24.03,62.61,0.68,1,-1,-1
114,246,1242.70,179.23,35.70,34.73,1.00,4,-1,-1
114,253,663.98,387.50,34.17,88.18,0.93,1,-1,-1
114,255,1864.60,403.10,33.57,80.02,0.72,1,-1,-1
114,261,1171.97,214.55,44.49,42.39,1.00,4,-1,-1
114,266,-8.64,964.72,198.82,106.64,0.32,4,-1,-1
114,274,1251.20,228.18,45.19,45.02,0.99,4,-1,-1
114,276,330.33,507.46,168.78,89.75,0.97,4,-1,-1
114,295,298.75,763.37,212.45,198.84,1.00,4,-1,-1
114,278,1783.68,435.76,45.75,114.12,0.89,1,-1,-1
114,299,1083.07,567.98,97.11,113.46,0.85,4,-1,-1
114,304,1122.54,295.93,60.31,56.31,0.99,4,-1,-1
114,306,1198.26,303.75,62.09,65.83,1.00,4,-1,-1
114,42,1252.48,60.30,21.46,19.07,0.38,4,-1,-1
114,308,345.65,296.71,35.73,96.85,0.97,1,-1,-1
114,67,1005.88,379.28,41.74,100.47,0.93,1,-1,-1
114,309,349.41,542.77,217.84,163.13,0.87,4,-1,-1
114,310,277.20,341.21,36.29,92.26,0.99,1,-1,-1
114,312,1114.61,92.26,24.70,23.07,0.62,4,-1,-1
114,314,544.95,167.92,18.24,38.43,0.72,1,-1,-1
114,316,164.13,340.94,40.56,84.66,0.98,1,-1,-1
114,319,-0.20,593.95,167.25,151.49,0.90,4,-1,-1
114,320,200.31,333.91,39.62,92.05,0.98,1,-1,-1
114,321,299.68,315.36,37.09,94.41,0.97,1,-1,-1
114,322,304.92,387.59,47.91,88.21,0.60,1,-1,-1
114,323,399.17,341.14,32.90,90.59,0.97,1,-1,-1
114,324,987.35,383.86,46.09,108.28,0.98,1,-1,-1
114,251,312.45,299.39,36.30,91.81,0.92,1,-1,-1
114,327,23.05,301.37,43.89,90.42,0.98,1,-1,-1
114,328,84.94,248.18,37.12,70.66,0.94,1,-1,-1
114,330,423.15,260.55,23.94,52.05,0.94,1,-1,-1
114,331,440.93,261.75,23.49,51.61,0.90,1,-1,-1
114,332,511.66,250.32,23.67,48.39,0.37,1,-1,-1
114,334,1425.78,833.29,46.29,94.72,0.89,10,-1,-1
114,335,1433.79,858.98,35.59,56.22,0.97,2,-1,-1
114,338,1816.75,191.48,19.20,33.25,0.55,1,-1,-1
114,339,1833.33,399.62,32.66,72.69,0.32,2,-1,-1
114,181,1771.11,375.33,26.61,56.83,0.73,1,-1,-1
114,305,1645.84,708.79,38.71,83.81,0.78,1,-1,-1
114,102,1559.64,352.48,23.94,47.01,0.20,1,-1,-1
114,267,1344.19,166.27,16.63,25.99,0.88,10,-1,-1
114,284,983.27,138.42,36.88,31.82,0.78,4,-1,-1
114,260,963.65,156.28,38.16,32.99,0.82,4,-1,-1
114,242,1088.45,143.41,34.97,32.22,0.87,4,-1,-1
114,292,402.51,264.86,23.03,50.66,0.77,2,-1,-1
114,340,544.63,131.42,16.07,32.65,0.84,1,-1,-1
114,341,605.83,134.81,17.75,33.16,0.59,1,-1,-1
114,342,593.32,553.58,134.17,102.49,0.99,4,-1,-1
114,343,750.75,819.30,189.15,218.20,0.98,4,-1,-1
114,344,1109.32,127.95,27.47,27.61,0.78,4,-1,-1
114,345,1428.21,833.24,43.80,85.74,0.81,2,-1,-1
114,346,1615.14,669.90,32.88,78.87,0.37,1,-1,-1
114,301,415.61,298.32,22.35,43.97,0.58,3,-1,-1
114,280,371.14,274.25,24.51,44.15,0.70,1,-1,-1
114,247,528.04,169.44,17.87,38.17,0.57,1,-1,-1
114,153,1431.29,421.72,45.96,118.85,0.99,1,-1,-1
114,348,276.52,263.59,23.85,46.93,0.73,1,-1,-1
114,349,1468.00,972.85,57.18,95.25,0.95,10,-1,-1
114,350,1477.12,968.37,52.36,71.55,0.96,2,-1,-1
114,351,1559.89,668.92,38.25,80.81,0.37,1,-1,-1
114,352,208.76,272.63,28.93,47.39,0.71,1,-1,-1
114,354,396.06,320.07,25.34,60.60,0.71,1,-1,-1
114,355,1127.29,108.15,27.49,24.26,0.78,4,-1,-1
114,357,1686.34,358.81,23.91,60.12,0.55,1,-1,-1
114,83,1765.79,330.44,25.55,60.27,0.14,1,-1,-1
114,198,1508.36,375.27,21.51,57.22,0.57,1,-1,-1
114,359,1345.92,164.06,16.73,25.70,0.62,10,-1,-1
114,360,1820.46,190.65,16.73,31.08,0.67,1,-1,-1
114,142,1766.04,457.48,43.29,101.32,0.88,1,-1,-1
115,6,631.61,321.37,32.03,96.78,0.98,1,-1,-1
115,8,1401.65,436.34,56.14,122.21,0.97,1,-1,-1
115,21,660.22,326.07,95.67,54.23,0.86,4,-1,-1
115,24,1607.68,478.75,46.47,103.15,0.94,1,-1,-1
115,25,722.35,287.80,73.74,57.73,0.99,4,-1,-1
115,27,786.47,246.69,65.09,58.27,0.99,4,-1,-1
115,38,1252.62,72.46,23.89,19.46,0.89,4,-1,-1
115,41,1005.68,238.46,56.44,49.21,0.99,4,-1,-1
115,43,1246.54,86.06,23.78,22.48,0.95,4,-1,-1
115,45,1282.71,57.98,21.52,20.81,0.74,4,-1,-1
115,49,1308.22,63.59,25.45,23.84,0.23,4,-1,-1
115,52,1298.03,166.13,35.88,33.83,1.00,4,-1,-1
115,55,1366.34,169.05,38.31,37.03,0.97,4,-1,-1
115,56,1320.80,135.92,33.74,34.92,1.00,4,-1,-1
115,58,1402.12,311.43,59.91,56.92,0.97,4,-1,-1
115,59,1411.33,356.91,64.60,67.73,0.98,4,-1,-1
115,71,1688.10,283.28,88.84,67.89,0.79,4,-1,-1
115,87,1730.09,375.81,28.57,59.76,0.92,1,-1,-1
115,92,1349.44,401.01,44.05,101.62,0.91,1,-1,-1
115,97,1692.89,374.52,26.41,54.67,0.96,1,-1,-1
115,110,991.32,205.40,51.31,47.41,0.97,4,-1,-1
115,121,1275.36,108.93,26.43,24.80,0.98,4,-1,-1
115,149,931.80,272.27,59.88,56.73,0.99,4,-1,-1
115,118,1753.77,422.19,26.32,59.85,0.92,1,-1,-1
115,174,1052.33,165.03,40.74,39.51,0.95,4,-1,-1
115,91,1628.15,436.90,37.14,96.66,0.95,1,-1,-1
115,195,1225.09,117.56,28.60,28.42,0.98,4,-1,-1
115,200,1213.81,147.45,36.85,33.47,0.98,4,-1,-1
115,202,1356.79,211.34,19.05,31.71,0.79,10,-1,-1
115,204,1355.52,216.94,21.54,32.00,0.78,2,-1,-1
115,212,1658.40,364.22,26.40,58.15,0.96,1,-1,-1
115,215,1003.25,168.27,42.73,36.46,0.99,4,-1,-1
115,216,1144.95,126.50,33.54,31.69,0.86,4,-1,-1
115,220,820.43,214.91,122.10,128.85,0.96,9,-1,-1
115,229,1038.21,138.26,35.79,32.18,0.84,4,-1,-1
115,235,1618.25,743.95,42.40,87.65,0.97,1,-1,-1
115,244,1731.08,415.59,26.65,57.66,0.96,1,-1,-1
115,88,1754.73,379.93,24.02,60.55,0.69,1,-1,-1
115,246,1245.04,176.77,34.12,34.11,0.99,4,-1,-1
115,253,672.50,385.35,33.70,88.32,0.95,1,-1,-1
115,255,1866.59,402.22,33.55,78.58,0.78,1,-1,-1
115,261,1174.41,211.20,44.11,41.58,1.00,4,-1,-1
115,266,-6.76,987.32,171.05,83.74,0.22,4,-1,-1
115,274,1253.05,224.84,43.60,44.44,1.00,4,-1,-1
115,276,331.26,501.58,162.60,95.09,0.98,4,-1,-1
115,295,278.58,777.26,218.96,203.10,0.99,4,-1,-1
115,278,1781.93,434.31,42.36,106.18,0.73,1,-1,-1
115,299,1078.62,538.91,104.19,119.76,0.17,4,-1,-1
115,304,1126.60,290.69,59.70,55.04,1.00,4,-1,-1
115,306,1201.61,298.46,60.39,64.95,1.00,4,-1,-1
115,42,1252.93,59.21,21.47,19.16,0.59,4,-1,-1
115,308,346.45,295.38,35.24,97.44,0.98,1,-1,-1
115,67,1001.67,378.04,42.57,101.11,0.95,1,-1,-1
115,309,331.96,548.33,224.47,169.17,0.65,6,-1,-1
115,310,282.97,339.87,35.22,90.14,0.98,1,-1,-1
115,312,1116.45,92.99,23.40,22.18,0.56,4,-1,-1
115,314,544.57,167.20,18.40,39.02,0.78,1,-1,-1
115,316,168.64,341.42,40.57,85.19,0.98,1,-1,-1
115,319,0.19,592.38,167.75,151.95,0.87,4,-1,-1
115,320,204.74,333.06,39.10,92.50,0.98,1,-1,-1
115,321,300.93,313.70,37.33,94.74,0.98,1,-1,-1
115,322,299.60,387.47,48.11,88.36,0.70,1,-1,-1
115,323,405.28,340.75,37.46,90.35,0.98,1,-1,-1
115,324,984.86,381.88,45.02,108.68,0.97,1,-1,-1
115,251,314.13,298.94,35.34,91.30,0.93,1,-1,-1
115,327,27.22,301.76,44.58,90.80,0.99,1,-1,-1
115,328,84.61,247.29,37.06,71.35,0.95,1,-1,-1
115,330,425.76,260.53,23.51,50.95,0.90,1,-1,-1
115,331,442.73,261.28,24.28,50.96,0.93,1,-1,-1
115,332,513.40,250.02,23.99,48.27,0.24,1,-1,-1
115,334,1422.69,815.45,45.62,93.47,0.93,10,-1,-1
115,335,1430.24,837.61,35.48,58.24,0.94,2,-1,-1
115,338,1820.76,189.87,17.29,32.14,0.86,1,-1,-1
115,339,1836.05,397.71,33.26,71.98,0.39,1,-1,-1
115,181,1772.28,374.05,26.58,56.03,0.68,1,-1,-1
115,305,1644.16,708.20,40.12,84.77,0.69,1,-1,-1
115,102,1560.88,351.41,23.93,47.50,0.23,1,-1,-1
115,267,1346.24,163.73,15.10,25.61,0.73,10,-1,-1
115,284,983.54,138.35,36.99,31.94,0.78,4,-1,-1
115,260,963.07,156.19,38.97,33.09,0.87,4,-1,-1
115,242,1088.71,143.70,34.78,32.63,0.83,4,-1,-1
115,292,405.61,263.83,22.41,49.74,0.62,1,-1,-1
115,340,546.47,130.86,16.94,33.40,0.81,1,-1,-1
115,341,606.13,134.52,17.87,32.81,0.84,1,-1,-1
115,342,580.63,558.92,145.39,110.06,1.00,4,-1,-1
115,343,773.06,788.27,180.96,212.87,0.97,4,-1,-1
115,344,1109.46,128.61,27.47,27.75,0.63,4,-1,-1
115,345,1426.03,812.28,43.07,83.06,0.85,2,-1,-1
115,346,1616.90,669.84,33.46,78.33,0.13,1,-1,-1
115,301,411.06,298.49,23.63,42.70,0.79,1,-1,-1
115,280,368.91,274.10,24.92,44.82,0.20,1,-1,-1
115,247,528.66,168.58,17.88,38.74,0.67,1,-1,-1
115,153,1443.87,422.11,42.71,116.13,0.98,1,-1,-1
115,348,277.41,263.27,23.58,46.39,0.69,1,-1,-1
115,349,1464.79,949.73,57.42,107.41,0.93,10,-1,-1
115,350,1471.50,943.33,52.62,76.48,0.93,2,-1,-1
115,351,1562.02,674.02,36.39,75.79,0.26,1,-1,-1
115,352,208.96,272.08,26.91,46.22,0.87,1,-1,-1
115,354,398.06,317.87,25.16,59.51,0.27,1,-1,-1
115,355,1127.00,108.08,28.42,24.45,0.75,4,-1,-1
115,357,1686.82,359.64,23.91,59.85,0.49,1,-1,-1
115,198,1509.59,375.08,21.49,56.31,0.47,1,-1,-1
115,359,1346.16,165.36,16.74,25.70,0.72,10,-1,-1
115,360,1817.85,190.87,18.65,33.47,0.54,1,-1,-1
115,142,1755.41,450.66,53.29,110.00,0.98,1,-1,-1
115,361,408.80,298.83,24.50,42.43,0.71,2,-1,-1
115,362,1250.30,75.83,23.91,20.32,0.64,4,-1,-1
115,363,1792.97,381.01,21.52,49.61,0.61,1,-1,-1
115,364,1812.09,194.54,16.73,34.07,0.64,1,-1,-1
116,6,640.90,319.75,32.92,97.92,0.99,1,-1,-1
116,8,1423.20,436.88,52.72,122.35,0.98,1,-1,-1
116,21,668.60,325.40,96.48,54.96,0.95,4,-1,-1
116,24,1626.13,480.81,42.94,99.03,0.38,1,-1,-1
116,25,731.64,287.15,73.95,58.30,0.99,4,-1,-1
116,27,796.40,246.83,64.66,57.84,0.99,4,-1,-1
116,38,1262.61,71.83,23.92,19.62,0.89,4,-1,-1
116,41,1012.56,240.19,57.22,49.99,0.99,4,-1,-1
116,43,1256.49,85.69,23.79,22.10,0.97,4,-1,-1
116,45,1292.40,57.37,21.52,21.11,0.70,4,-1,-1
116,49,1318.41,63.40,24.50,23.34,0.52,4,-1,-1
116,52,1307.71,165.24,35.88,33.93,1.00,4,-1,-1
116,55,1376.07,169.19,38.31,37.25,0.99,4,-1,-1
116,56,1330.59,135.62,33.54,34.46,1.00,4,-1,-1
116,58,1412.61,311.91,59.90,56.91,0.99,4,-1,-1
116,59,1421.24,357.19,66.24,66.69,0.98,4,-1,-1
116,71,1699.72,284.11,90.40,67.71,0.98,4,-1,-1
116,87,1741.58,375.50,28.78,60.22,0.84,1,-1,-1
116,92,1354.10,399.08,41.92,100.77,0.64,1,-1,-1
116,97,1703.57,374.71,26.39,54.95,0.82,1,-1,-1
116,110,998.87,206.89,51.52,47.75,0.98,4,-1,-1
116,121,1286.25,108.35,26.23,24.39,0.99,4,-1,-1
116,149,938.08,274.69,60.80,57.89,0.99,4,-1,-1
116,118,1764.57,421.88,27.87,63.44,0.88,1,-1,-1
116,174,1060.90,165.85,40.77,39.92,0.98,4,-1,-1
116,91,1631.43,436.76,39.50,98.77,0.90,1,-1,-1
116,195,1235.85,116.40,28.60,28.13,0.97,4,-1,-1
116,200,1224.29,146.23,37.71,33.35,1.00,4,-1,-1
116,202,1365.65,209.32,20.64,35.67,0.88,10,-1,-1
116,204,1364.40,212.73,23.13,35.49,0.68,2,-1,-1
116,212,1669.53,364.65,26.38,58.88,0.96,1,-1,-1
116,215,1012.22,169.00,42.25,36.90,0.98,4,-1,-1
116,216,1153.14,127.68,33.57,32.28,0.94,4,-1,-1
116,220,826.08,216.49,123.76,130.96,0.97,9,-1,-1
116,229,1047.12,138.96,35.90,32.27,0.90,4,-1,-1
116,235,1630.48,746.12,42.96,87.53,0.97,1,-1,-1
116,244,1741.19,415.76,28.01,59.38,0.93,1,-1,-1
116,88,1766.69,381.42,24.00,58.16,0.37,1,-1,-1
116,246,1254.53,174.72,35.16,34.33,1.00,4,-1,-1
116,253,687.37,385.47,35.11,88.42,0.94,1,-1,-1
116,261,1185.88,208.23,44.00,41.54,1.00,4,-1,-1
116,266,-2.74,1005.04,145.78,65.71,0.13,4,-1,-1
116,274,1262.41,221.74,43.03,43.88,1.00,4,-1,-1
116,276,342.16,491.72,149.92,103.75,0.97,4,-1,-1
116,295,267.85,790.91,224.05,208.63,1.00,4,-1,-1
116,278,1789.38,433.70,41.10,106.54,0.90,1,-1,-1
116,304,1138.99,285.72,59.51,54.75,1.00,4,-1,-1
116,306,1213.84,293.90,59.78,63.56,1.00,4,-1,-1
116,42,1262.59,58.80,21.47,19.53,0.78,4,-1,-1
116,308,355.68,294.40,35.88,96.81,0.98,1,-1,-1
116,67,1005.62,376.09,43.65,102.59,0.94,1,-1,-1
116,309,325.29,552.20,229.19,175.93,0.66,4,-1,-1
116,310,296.87,338.56,36.57,86.14,0.98,1,-1,-1
116,312,1125.35,93.42,23.71,22.07,0.55,4,-1,-1
116,314,552.81,166.43,19.67,39.87,0.41,1,-1,-1
116,316,182.83,341.15,40.77,85.83,0.97,1,-1,-1
116,319,2.66,589.57,176.43,152.84,0.94,4,-1,-1
116,320,218.05,332.72,38.49,90.67,0.98,1,-1,-1
116,321,310.64,312.51,38.66,92.04,0.91,1,-1,-1
116,322,302.54,386.88,50.33,90.59,0.68,1,-1,-1
116,323,420.20,341.07,39.89,88.66,0.96,1,-1,-1
116,324,989.43,379.40,45.35,109.28,0.98,1,-1,-1
116,251,324.45,297.52,35.34,90.04,0.83,1,-1,-1
116,327,42.42,301.60,44.63,89.73,0.99,1,-1,-1
116,328,94.15,246.06,37.43,70.98,0.85,1,-1,-1
116,330,436.79,259.22,23.76,50.87,0.87,1,-1,-1
116,331,454.09,260.32,24.13,51.19,0.86,1,-1,-1
116,332,522.18,248.51,24.08,48.66,0.15,1,-1,-1
116,334,1429.44,796.78,45.39,94.80,0.92,10,-1,-1
116,335,1436.81,822.32,35.48,57.35,0.92,2,-1,-1
116,338,1833.44,191.08,18.45,32.24,0.15,1,-1,-1
116,339,1847.36,397.98,35.09,78.16,0.23,1,-1,-1
116,181,1785.45,373.90,26.54,56.55,0.21,1,-1,-1
116,305,1653.79,709.35,40.62,85.16,0.84,1,-1,-1
116,267,1356.55,161.99,16.16,24.88,0.30,10,-1,-1
116,284,991.86,138.64,37.83,32.00,0.88,4,-1,-1
116,260,971.06,156.47,40.06,33.74,0.93,4,-1,-1
116,242,1096.66,143.92,35.50,33.64,0.87,4,-1,-1
116,292,418.15,261.76,22.17,49.92,0.75,1,-1,-1
116,340,557.31,130.57,17.24,33.14,0.17,1,-1,-1
116,342,576.81,571.37,150.76,110.45,0.99,4,-1,-1
116,343,803.02,759.67,173.25,203.42,0.97,4,-1,-1
116,344,1117.25,129.24,28.32,27.97,0.51,4,-1,-1
116,345,1433.09,795.52,42.85,84.04,0.84,2,-1,-1
116,301,415.81,298.97,24.08,41.03,0.69,1,-1,-1
116,247,538.06,168.24,18.27,39.17,0.21,1,-1,-1
116,153,1463.22,422.71,43.05,111.51,0.95,1,-1,-1
116,348,287.40,260.99,24.31,47.51,0.25,1,-1,-1
116,349,1469.66,928.14,59.26,112.09,0.96,10,-1,-1
116,350,1475.61,920.83,54.45,79.86,0.87,2,-1,-1
116,355,1135.83,108.35,28.73,24.52,0.59,4,-1,-1
116,357,1697.35,364.01,25.76,57.45,0.65,1,-1,-1
116,198,1519.53,376.02,23.07,55.57,0.18,1,-1,-1
116,359,1353.94,163.46,18.58,27.09,0.74,10,-1,-1
116,360,1829.79,191.18,19.00,33.03,0.40,1,-1,-1
116,142,1760.30,446.71,53.00,114.32,0.98,1,-1,-1
116,361,416.63,299.19,24.02,40.06,0.55,1,-1,-1
116,365,301.52,387.58,51.40,99.21,0.76,1,-1,-1
116,199,909.61,145.68,72.25,98.20,0.62,9,-1,-1
116,60,1421.78,403.01,64.77,58.45,0.84,4,-1,-1
117,6,654.22,318.50,34.00,98.70,0.99,1,-1,-1
117,8,1447.90,438.06,47.98,121.20,0.98,1,-1,-1
117,21,681.57,324.48,96.73,54.07,0.95,4,-1,-1
117,24,1636.53,484.90,52.70,119.26,0.89,1,-1,-1
117,25,744.16,287.05,74.77,58.53,0.99,4,-1,-1
117,27,809.55,246.97,65.26,57.70,0.99,4,-1,-1
117,38,1276.88,71.64,23.91,19.76,0.82,4,-1,-1
117,41,1023.42,242.54,57.46,50.09,0.98,4,-1,-1
117,43,1270.75,85.21,25.39,22.27,0.97,4,-1,-1
117,45,1306.57,57.48,21.50,21.08,0.69,4,-1,-1
117,52,1322.64,165.46,34.27,33.98,1.00,4,-1,-1
117,55,1390.18,169.60,39.86,38.52,0.97,4,-1,-1
117,56,1345.56,135.53,33.45,34.24,0.99,4,-1,-1
117,58,1426.95,313.51,59.84,55.73,0.99,4,-1,-1
117,59,1436.11,358.50,65.24,65.48,0.97,4,-1,-1
117,71,1715.15,286.06,90.91,66.58,0.89,4,-1,-1
117,87,1756.91,376.94,28.81,59.20,0.85,1,-1,-1
117,92,1359.32,398.17,41.09,103.53,0.97,1,-1,-1
117,97,1717.82,375.89,26.35,56.22,0.91,1,-1,-1
117,110,1010.76,207.99,51.55,48.27,0.99,4,-1,-1
117,121,1300.01,107.35,27.76,24.96,0.99,4,-1,-1
117,149,948.32,277.93,61.08,58.52,0.99,4,-1,-1
117,118,1779.62,422.35,28.41,65.56,0.64,1,-1,-1
117,174,1073.54,166.75,41.53,40.26,0.97,4,-1,-1
117,91,1636.87,436.84,41.83,102.28,0.95,1,-1,-1
117,195,1250.40,115.80,28.59,27.84,1.00,4,-1,-1
117,200,1239.51,145.19,36.43,32.98,1.00,4,-1,-1
117,202,1378.68,207.52,22.74,38.18,0.84,10,-1,-1
117,204,1377.42,212.32,23.70,36.01,0.72,2,-1,-1
117,212,1683.99,366.50,26.33,59.15,0.97,1,-1,-1
117,215,1025.02,169.65,42.81,37.07,0.99,4,-1,-1
117,216,1166.01,129.72,33.55,32.02,0.90,4,-1,-1
117,220,836.53,218.21,125.05,131.96,0.98,9,-1,-1
117,229,1060.29,139.52,35.91,32.50,0.69,4,-1,-1
117,235,1644.45,748.30,44.67,88.24,0.88,1,-1,-1
117,244,1756.78,415.79,28.47,61.20,0.94,1,-1,-1
117,88,1782.17,383.35,23.95,58.84,0.25,1,-1,-1
117,246,1269.39,173.46,33.93,34.23,1.00,4,-1,-1
117,253,705.29,385.45,41.06,90.39,0.98,1,-1,-1
117,261,1201.42,206.23,43.15,41.35,1.00,4,-1,-1
117,274,1276.43,219.14,42.81,43.51,1.00,4,-1,-1
117,276,354.98,489.43,147.35,103.63,0.98,4,-1,-1
117,295,259.07,803.09,229.56,212.23,0.99,4,-1,-1
117,278,1797.68,434.26,42.25,111.86,0.97,1,-1,-1
117,304,1155.24,281.22,59.43,54.68,1.00,4,-1,-1
117,306,1228.84,290.19,59.54,63.44,1.00,4,-1,-1
117,42,1275.97,58.73,23.05,19.66,0.57,4,-1,-1
117,308,371.19,293.14,34.88,96.45,0.97,1,-1,-1
117,67,1011.07,373.87,44.00,105.11,0.94,1,-1,-1
117,309,322.42,551.76,232.59,186.14,0.60,4,-1,-1
117,310,316.58,338.08,39.04,82.20,0.98,1,-1,-1
117,312,1138.89,91.90,24.61,23.66,0.57,4,-1,-1
117,314,567.01,166.13,19.33,39.00,0.35,1,-1,-1
117,316,202.80,340.16,39.99,85.66,0.97,1,-1,-1
117,319,5.01,586.32,189.33,152.58,0.96,4,-1,-1
117,320,237.16,331.74,36.78,88.34,0.97,1,-1,-1
117,321,327.01,312.94,35.07,82.01,0.83,1,-1,-1
117,322,310.59,382.61,49.48,93.85,0.63,1,-1,-1
117,323,439.63,339.81,39.25,88.45,0.93,1,-1,-1
117,324,997.44,376.93,42.19,109.89,0.96,1,-1,-1
117,251,339.86,295.80,34.89,89.48,0.87,1,-1,-1
117,327,61.89,300.62,45.38,89.31,0.99,1,-1,-1
117,328,108.20,243.94,37.82,70.39,0.89,1,-1,-1
117,330,452.57,257.40,23.01,50.64,0.94,1,-1,-1
117,331,470.63,258.62,22.82,50.46,0.93,1,-1,-1
117,332,536.56,247.95,23.66,47.97,0.19,1,-1,-1
117,334,1438.30,783.58,45.28,92.01,0.71,10,-1,-1
117,335,1445.58,804.96,35.49,57.91,0.95,2,-1,-1
117,338,1850.03,193.03,17.14,30.85,0.60,1,-1,-1
117,181,1802.25,375.21,24.92,54.38,0.25,1,-1,-1
117,305,1662.13,708.45,42.31,90.75,0.23,1,-1,-1
117,284,1004.43,139.42,38.12,31.64,0.80,4,-1,-1
117,260,983.89,157.04,40.45,34.20,0.80,4,-1,-1
117,242,1109.85,144.95,35.74,33.68,0.92,4,-1,-1
117,292,435.40,259.16,20.86,50.49,0.83,1,-1,-1
117,340,573.06,130.68,17.32,32.67,0.40,1,-1,-1
117,342,574.94,570.52,157.39,123.98,0.99,4,-1,-1
117,343,833.31,733.74,166.52,191.03,0.98,4,-1,-1
117,344,1129.16,130.60,29.42,28.35,0.55,4,-1,-1
117,345,1440.33,780.08,44.45,79.38,0.97,2,-1,-1
117,301,425.59,299.77,22.63,41.60,0.72,1,-1,-1
117,247,553.29,168.18,17.61,38.55,0.15,1,-1,-1
117,153,1484.44,424.17,46.25,119.41,0.98,1,-1,-1
117,348,301.77,259.65,24.43,46.58,0.16,1,-1,-1
117,349,1476.94,910.59,56.36,109.47,0.98,10,-1,-1
117,350,1482.69,901.44,53.31,81.77,0.94,2,-1,-1
117,355,1148.90,108.89,29.67,25.44,0.80,4,-1,-1
117,357,1711.60,369.17,26.32,57.17,0.75,1,-1,-1
117,198,1533.59,377.42,23.62,56.07,0.32,1,-1,-1
117,359,1369.16,163.44,19.19,27.11,0.94,10,-1,-1
117,360,1839.97,196.63,17.30,31.49,0.68,1,-1,-1
117,142,1769.29,443.18,52.77,118.70,0.98,1,-1,-1
117,365,310.92,382.77,50.40,102.11,0.71,1,-1,-1
117,199,924.51,147.19,70.24,100.29,0.42,9,-1,-1
117,60,1434.74,402.89,64.53,59.84,0.85,4,-1,-1
117,366,912.02,163.61,39.45,41.24,0.66,4,-1,-1
117,367,1088.93,370.85,78.89,59.77,0.89,4,-1,-1
118,6,658.33,317.68,33.67,98.16,0.99,1,-1,-1
118,8,1461.90,437.90,46.23,123.03,0.99,1,-1,-1
118,21,684.00,323.93,98.40,54.10,0.93,4,-1,-1
118,24,1643.93,484.33,56.02,125.09,0.90,1,-1,-1
118,25,749.12,285.99,73.53,58.96,0.99,4,-1,-1
118,27,813.54,246.15,66.30,57.80,0.99,4,-1,-1
118,38,1282.26,71.38,23.91,19.61,0.98,4,-1,-1
118,41,1024.61,244.09,58.33,49.88,0.99,4,-1,-1
118,43,1276.14,83.72,25.98,22.62,0.99,4,-1,-1
118,45,1311.93,56.19,21.51,21.30,0.50,4,-1,-1
118,52,1327.56,164.58,33.67,33.98,1.00,4,-1,-1
118,55,1394.76,169.51,40.44,38.78,0.97,4,-1,-1
118,56,1350.45,134.23,33.43,34.24,0.97,4,-1,-1
118,58,1431.68,313.52,59.83,56.03,0.99,4,-1,-1
118,59,1440.29,358.19,64.86,65.35,0.98,4,-1,-1
118,71,1720.96,286.15,89.53,66.39,0.64,4,-1,-1
118,87,1761.16,376.94,28.83,59.57,0.78,1,-1,-1
118,92,1349.85,397.90,45.63,101.77,0.72,1,-1,-1
118,97,1722.47,377.91,26.35,54.72,0.88,1,-1,-1
118,110,1013.48,208.99,51.56,48.23,0.98,4,-1,-1
118,121,1306.00,106.05,26.76,24.86,0.99,4,-1,-1
118,149,949.71,280.42,61.19,58.81,0.99,4,-1,-1
118,118,1786.13,420.96,27.08,63.65,0.57,1,-1,-1
118,174,1077.27,167.18,41.82,39.97,0.98,4,-1,-1
118,91,1630.64,436.17,44.30,100.84,0.99,1,-1,-1
118,195,1256.72,114.09,28.60,27.82,0.99,4,-1,-1
118,200,1245.29,143.42,35.96,32.63,0.99,4,-1,-1
118,202,1382.85,206.51,22.05,38.21,0.82,1,-1,-1
118,204,1381.60,209.15,23.92,38.13,0.48,2,-1,-1
118,212,1687.95,366.45,26.33,60.40,0.97,1,-1,-1
118,215,1028.83,169.90,43.02,37.10,0.99,4,-1,-1
118,216,1169.41,130.68,34.33,32.63,0.93,4,-1,-1
118,220,836.82,219.23,127.13,132.71,0.98,9,-1,-1
118,229,1064.60,139.78,35.91,32.32,0.85,4,-1,-1
118,235,1648.43,748.12,45.34,89.25,0.96,1,-1,-1
118,244,1761.15,415.03,28.67,60.69,0.88,1,-1,-1
118,88,1790.38,382.71,22.38,57.10,0.29,1,-1,-1
118,246,1275.06,170.92,33.49,33.79,0.99,4,-1,-1
118,253,714.18,385.03,40.33,89.57,0.98,1,-1,-1
118,261,1207.32,203.27,42.87,40.68,0.99,4,-1,-1
118,274,1281.04,216.55,42.77,42.36,0.99,4,-1,-1
118,276,358.62,484.85,138.40,106.61,0.98,4,-1,-1
118,295,238.81,816.00,235.82,217.17,0.98,4,-1,-1
118,278,1789.15,433.32,47.49,116.11,0.92,1,-1,-1
118,304,1162.23,276.33,57.84,53.65,1.00,4,-1,-1
118,306,1235.41,285.55,57.88,60.96,1.00,4,-1,-1
118,42,1281.01,58.71,23.64,19.74,0.76,4,-1,-1
118,308,376.04,291.87,33.76,96.26,0.97,1,-1,-1
118,67,1012.34,372.85,41.04,97.04,0.77,1,-1,-1
118,309,307.58,551.61,236.44,197.44,0.63,4,-1,-1
118,310,325.92,338.73,37.23,84.08,0.98,1,-1,-1
118,312,1143.27,91.95,24.95,23.34,0.53,4,-1,-1
118,314,571.42,165.89,18.81,38.85,0.46,1,-1,-1
118,316,212.37,339.04,39.34,86.35,0.99,1,-1,-1
118,319,2.74,584.83,195.70,152.95,0.97,4,-1,-1
118,320,246.43,331.63,35.80,89.90,0.97,1,-1,-1
118,321,332.73,312.75,35.01,80.89,0.82,1,-1,-1
118,322,309.26,379.44,49.18,93.84,0.51,1,-1,-1
118,323,450.23,338.07,35.01,89.57,0.97,1,-1,-1
118,324,996.93,374.28,41.02,112.46,0.98,1,-1,-1
118,251,345.04,294.98,33.96,88.79,0.74,1,-1,-1
118,327,70.90,300.17,44.89,88.71,0.98,1,-1,-1
118,328,113.15,242.68,36.88,68.89,0.90,1,-1,-1
118,330,458.95,255.78,22.76,50.43,0.91,1,-1,-1
118,331,477.10,257.64,22.33,49.67,0.90,1,-1,-1
118,332,540.84,247.14,22.70,46.46,0.26,1,-1,-1
118,334,1438.19,770.22,43.65,88.48,0.85,10,-1,-1
118,335,1443.80,790.00,35.55,55.67,0.96,2,-1,-1
118,338,1856.19,193.88,16.69,31.42,0.35,1,-1,-1
118,181,1807.88,375.96,24.29,54.32,0.37,1,-1,-1
118,284,1008.91,139.50,37.45,31.52,0.89,4,-1,-1
118,260,987.71,157.09,40.61,34.14,0.88,4,-1,-1
118,242,1113.37,145.36,35.84,33.61,0.90,4,-1,-1
118,292,442.06,257.96,20.80,50.09,0.87,1,-1,-1
118,340,580.15,130.51,16.95,33.09,0.82,1,-1,-1
118,342,561.87,575.40,163.44,132.36,1.00,4,-1,-1
118,343,853.53,708.92,157.77,179.19,0.99,4,-1,-1
118,344,1132.19,131.12,29.83,28.32,0.42,4,-1,-1
118,345,1439.66,765.00,43.42,78.57,0.95,2,-1,-1
118,247,558.05,167.54,18.18,38.69,0.16,1,-1,-1
118,153,1497.00,425.42,50.54,123.01,0.99,1,-1,-1
118,348,307.95,259.22,23.22,46.88,0.24,1,-1,-1
118,349,1475.47,893.11,53.60,104.61,0.96,10,-1,-1
118,350,1479.53,881.53,52.88,80.68,0.98,2,-1,-1
118,355,1153.62,109.15,29.13,24.87,0.75,4,-1,-1
118,357,1716.28,370.01,24.82,56.23,0.73,1,-1,-1
118,198,1538.21,377.68,23.85,56.22,0.35,1,-1,-1
118,359,1372.51,166.10,21.08,26.38,0.73,10,-1,-1
118,360,1843.17,197.36,16.75,31.23,0.34,1,-1,-1
118,142,1771.36,437.53,54.29,122.64,0.95,1,-1,-1
118,365,309.29,379.15,51.15,105.84,0.72,1,-1,-1
118,199,929.58,147.80,70.10,101.36,0.36,9,-1,-1
118,60,1440.63,402.29,61.28,53.63,0.56,4,-1,-1
118,366,914.89,163.64,38.48,40.77,0.86,4,-1,-1
118,367,1097.50,365.53,76.01,66.95,0.96,4,-1,-1
118,368,5.70,267.75,41.00,89.05,0.85,1,-1,-1
118,369,1176.19,99.36,23.91,22.71,0.65,4,-1,-1
118,370,1280.18,74.45,23.91,20.21,0.94,4,-1,-1
118,371,1775.04,438.98,43.03,108.77,0.66,1,-1,-1
118,372,1833.61,415.37,28.69,56.18,0.75,1,-1,-1
118,77,1777.36,322.48,21.54,47.34,0.59,1,-1,-1
118,267,1373.71,161.24,20.31,26.21,0.85,10,-1,-1
119,6,658.57,317.59,32.78,97.52,0.98,1,-1,-1
119,8,1467.54,437.34,50.51,126.81,0.98,1,-1,-1
119,21,682.46,323.88,99.83,54.50,0.91,4,-1,-1
119,24,1647.97,483.09,60.43,135.40,0.96,1,-1,-1
119,25,748.51,286.03,73.87,58.41,0.99,4,-1,-1
119,27,813.74,245.65,69.07,58.63,0.99,4,-1,-1
119,38,1283.32,70.67,23.92,19.52,0.96,4,-1,-1
119,41,1021.89,245.83,58.67,50.16,0.99,4,-1,-1
119,43,1276.44,82.44,26.21,22.65,0.99,4,-1,-1
119,45,1312.20,54.99,21.51,21.18,0.28,4,-1,-1
119,52,1327.72,163.11,33.47,33.97,0.99,4,-1,-1
119,55,1394.78,169.28,40.67,39.05,0.96,4,-1,-1
119,56,1350.57,133.00,33.44,34.23,0.98,4,-1,-1
119,58,1431.81,313.02,59.84,56.12,0.99,4,-1,-1
119,59,1440.24,357.77,64.73,64.87,0.98,4,-1,-1
119,71,1721.46,285.78,89.00,66.29,0.88,4,-1,-1
119,87,1761.11,376.15,28.85,59.31,0.83,1,-1,-1
119,92,1339.54,397.59,50.34,100.25,0.94,1,-1,-1
119,97,1722.58,377.47,26.36,54.52,0.90,1,-1,-1
119,110,1011.29,209.95,52.36,48.39,0.99,4,-1,-1
119,121,1307.31,104.89,26.38,24.93,0.99,4,-1,-1
119,149,945.91,282.82,62.79,59.17,0.99,4,-1,-1
119,174,1077.00,167.51,41.93,40.04,0.99,4,-1,-1
119,91,1617.55,435.00,51.40,101.82,0.99,1,-1,-1
119,195,1257.35,112.51,28.62,27.62,1.00,4,-1,-1
119,200,1246.50,141.38,35.81,32.71,0.98,4,-1,-1
119,202,1383.54,205.35,21.76,38.00,0.65,10,-1,-1
119,204,1382.27,205.87,22.46,38.35,0.72,1,-1,-1
119,212,1687.81,366.02,26.35,61.25,0.97,1,-1,-1
119,215,1028.20,170.30,43.11,36.90,0.99,4,-1,-1
119,216,1167.83,131.67,35.42,32.94,0.93,4,-1,-1
119,220,832.57,221.03,129.51,133.32,0.97,9,-1,-1
119,229,1064.13,139.97,35.92,32.24,0.89,4,-1,-1
119,235,1647.65,747.47,45.61,89.62,0.88,1,-1,-1
119,244,1761.15,413.16,28.76,61.27,0.96,1,-1,-1
119,88,1790.20,381.87,23.40,58.82,0.54,1,-1,-1
119,246,1276.25,168.83,33.35,33.43,0.99,4,-1,-1
119,253,719.10,383.84,40.76,90.41,0.98,1,-1,-1
119,261,1208.97,200.29,42.40,40.04,1.00,4,-1,-1
119,274,1281.10,213.50,42.79,41.76,1.00,4,-1,-1
119,276,358.50,482.87,136.19,108.07,0.99,4,-1,-1
119,295,214.59,832.89,240.89,219.66,0.98,4,-1,-1
119,304,1164.69,271.44,57.30,53.18,0.99,4,-1,-1
119,306,1236.96,280.93,57.32,59.71,1.00,4,-1,-1
119,42,1282.72,58.73,22.32,19.49,0.64,4,-1,-1
119,308,376.05,291.67,33.00,95.58,0.96,1,-1,-1
119,67,1006.64,371.40,39.92,99.92,0.93,1,-1,-1
119,309,289.43,554.24,240.52,207.93,0.93,4,-1,-1
119,310,331.43,339.23,37.38,88.76,0.97,1,-1,-1
119,312,1143.58,92.64,25.08,22.81,0.52,4,-1,-1
119,314,570.73,165.78,19.02,39.39,0.46,1,-1,-1
119,316,217.01,338.35,38.13,85.80,0.98,1,-1,-1
119,319,0.28,584.52,197.95,152.82,0.97,4,-1,-1
119,320,250.60,331.09,35.09,90.86,0.96,1,-1,-1
119,321,332.72,308.39,35.02,83.45,0.82,1,-1,-1
119,322,302.83,377.40,49.80,100.21,0.82,1,-1,-1
119,323,456.48,337.08,33.41,89.98,0.98,1,-1,-1
119,324,990.07,373.59,40.66,111.80,0.97,1,-1,-1
119,251,344.89,294.51,34.03,88.58,0.67,1,-1,-1
119,327,74.61,299.97,43.83,88.49,0.98,1,-1,-1
119,328,111.90,242.20,36.94,68.31,0.85,1,-1,-1
119,330,460.56,254.94,22.69,50.25,0.94,1,-1,-1
119,331,478.53,256.11,22.99,50.62,0.91,1,-1,-1
119,332,541.14,246.75,21.94,46.92,0.44,1,-1,-1
119,334,1434.43,755.07,43.10,87.25,0.88,10,-1,-1
119,335,1439.44,771.82,35.61,58.18,0.77,2,-1,-1
119,338,1856.71,192.90,16.57,31.62,0.55,1,-1,-1
119,181,1808.37,375.42,24.08,55.09,0.46,1,-1,-1
119,284,1008.12,139.70,38.00,31.42,0.90,4,-1,-1
119,260,987.06,157.33,40.68,34.11,0.91,4,-1,-1
119,242,1112.22,145.83,36.68,33.81,0.91,4,-1,-1
119,292,444.02,257.60,20.81,49.34,0.92,1,-1,-1
119,340,582.00,130.58,17.23,32.68,0.84,1,-1,-1
119,342,546.04,578.50,168.14,141.95,1.00,4,-1,-1
119,343,869.59,685.64,151.74,168.74,0.99,4,-1,-1
119,345,1435.68,749.98,43.08,79.17,0.94,2,-1,-1
119,247,558.48,167.68,18.01,38.55,0.21,1,-1,-1
119,153,1506.82,426.93,53.75,123.97,0.98,1,-1,-1
119,348,308.70,259.46,22.38,47.91,0.27,1,-1,-1
119,349,1469.63,869.42,52.70,104.81,0.98,10,-1,-1
119,350,1475.62,860.69,51.09,78.49,0.98,2,-1,-1
119,355,1154.56,109.43,28.07,24.42,0.72,4,-1,-1
119,357,1717.27,369.35,24.23,56.38,0.86,1,-1,-1
119,198,1538.32,377.44,23.96,56.27,0.29,1,-1,-1
119,359,1370.49,169.81,21.73,25.90,0.66,10,-1,-1
119,360,1841.95,196.57,16.61,30.74,0.44,1,-1,-1
119,142,1768.33,434.75,54.90,121.81,0.97,1,-1,-1
119,365,304.04,376.59,49.12,99.39,0.33,2,-1,-1
119,199,930.19,149.24,68.50,99.75,0.39,9,-1,-1
119,60,1442.04,401.94,60.09,49.09,0.87,4,-1,-1
119,366,913.17,163.44,40.16,42.06,0.88,4,-1,-1
119,367,1100.65,359.87,75.46,62.50,0.99,4,-1,-1
119,368,3.74,268.07,41.28,89.89,0.78,1,-1,-1
119,369,1176.23,99.25,23.91,22.83,0.72,4,-1,-1
119,372,1832.70,414.83,28.69,53.31,0.80,1,-1,-1
119,77,1777.72,322.07,21.50,46.72,0.43,1,-1,-1
119,267,1373.32,160.89,21.24,27.91,0.67,10,-1,-1
119,373,287.47,553.43,240.26,211.57,0.91,5,-1,-1
119,374,1741.57,364.57,21.52,53.19,0.66,1,-1,-1
120,6,658.60,316.83,32.44,97.64,0.99,1,-1,-1
120,8,1473.29,438.48,52.01,125.50,0.97,1,-1,-1
120,21,681.83,323.27,99.58,55.85,0.86,4,-1,-1
120,24,1656.04,482.58,59.18,136.78,0.97,1,-1,-1
120,25,748.23,286.05,74.00,58.59,0.99,4,-1,-1
120,27,814.15,245.56,67.79,58.54,0.98,4,-1,-1
120,38,1283.62,69.63,23.92,19.51,0.97,4,-1,-1
120,41,1018.92,247.41,58.77,50.65,0.99,4,-1,-1
120,43,1278.02,81.46,24.74,22.46,0.99,4,-1,-1
120,45,1312.21,53.92,21.52,21.14,0.13,4,-1,-1
120,52,1327.69,161.71,33.40,33.78,0.99,4,-1,-1
120,55,1394.69,168.81,40.75,39.15,0.95,4,-1,-1
120,56,1350.52,131.79,33.44,34.03,0.99,4,-1,-1
120,58,1431.76,312.44,59.84,56.55,0.99,4,-1,-1
120,59,1440.12,357.62,64.67,63.90,0.98,4,-1,-1
120,71,1723.07,285.44,85.62,65.46,0.73,4,-1,-1
120,87,1760.93,374.88,28.84,59.20,0.86,1,-1,-1
120,92,1333.31,396.94,50.69,99.25,0.98,1,-1,-1
120,97,1723.27,377.08,24.79,54.44,0.87,1,-1,-1
120,110,1009.28,210.98,53.43,48.25,0.98,4,-1,-1
120,121,1308.48,103.62,26.25,24.67,0.99,4,-1,-1
120,149,942.92,285.42,63.38,60.08,0.99,4,-1,-1
120,174,1075.69,168.02,42.75,40.26,0.98,4,-1,-1
120,91,1610.90,434.58,51.19,101.39,0.99,1,-1,-1
120,195,1258.27,111.06,28.63,27.65,1.00,4,-1,-1
120,200,1248.42,139.70,35.76,32.45,0.99,4,-1,-1
120,202,1382.92,201.78,21.64,40.24,0.63,10,-1,-1
120,204,1381.68,204.17,23.47,38.23,0.62,2,-1,-1
120,212,1686.85,366.04,26.35,61.17,0.96,1,-1,-1
120,215,1027.53,170.63,43.13,36.82,0.99,4,-1,-1
120,216,1166.41,132.55,35.82,33.10,0.95,4,-1,-1
120,220,828.25,223.03,131.94,133.71,0.97,9,-1,-1
120,229,1063.12,140.37,36.71,32.25,0.82,4,-1,-1
120,235,1647.23,747.57,44.14,88.95,0.86,1,-1,-1
120,244,1761.77,412.08,27.21,61.09,0.95,1,-1,-1
120,88,1790.77,379.41,23.76,59.45,0.59,1,-1,-1
120,246,1276.58,166.56,33.32,32.51,0.99,4,-1,-1
120,253,726.53,383.21,37.04,90.34,0.98,1,-1,-1
120,261,1211.04,197.72,41.45,39.43,1.00,4,-1,-1
120,274,1281.85,210.13,41.22,41.56,0.99,4,-1,-1
120,276,359.22,485.88,141.67,103.56,0.99,4,-1,-1
120,295,188.26,849.44,248.82,218.91,0.98,4,-1,-1
120,304,1167.03,266.65,56.32,52.83,1.00,4,-1,-1
120,306,1238.19,276.33,57.14,59.17,1.00,4,-1,-1
120,42,1283.32,60.26,21.79,19.20,0.65,4,-1,-1
120,308,375.73,291.52,33.14,95.22,0.94,1,-1,-1
120,67,1003.48,370.89,37.91,102.11,0.93,1,-1,-1
120,309,270.09,562.17,246.14,214.77,0.88,4,-1,-1
120,310,336.79,339.81,35.44,88.15,0.93,1,-1,-1
120,312,1143.62,92.36,25.13,23.11,0.58,4,-1,-1
120,314,570.63,165.84,18.71,39.20,0.69,1,-1,-1
120,316,220.44,336.89,38.30,86.38,0.97,1,-1,-1
120,319,-0.60,583.83,198.89,152.95,0.96,4,-1,-1
120,320,254.12,330.89,35.67,90.83,0.97,1,-1,-1
120,321,333.86,304.96,34.24,87.52,0.73,1,-1,-1
120,322,298.22,376.28,49.63,97.11,0.86,1,-1,-1
120,323,461.48,336.72,34.11,90.53,0.94,1,-1,-1
120,324,983.25,373.61,42.16,109.13,0.94,1,-1,-1
120,251,344.21,294.18,34.46,89.64,0.62,1,-1,-1
120,327,78.21,300.49,43.13,88.00,0.95,1,-1,-1
120,328,110.49,242.15,37.05,67.99,0.86,1,-1,-1
120,330,461.44,253.96,23.47,50.38,0.92,1,-1,-1
120,331,479.76,254.98,24.02,51.77,0.90,1,-1,-1
120,332,541.80,246.12,20.84,47.08,0.43,1,-1,-1
120,334,1430.69,738.89,42.91,86.03,0.84,10,-1,-1
120,335,1436.29,757.76,34.04,55.09,0.89,2,-1,-1
120,338,1858.37,192.64,14.90,30.10,0.56,1,-1,-1
120,181,1808.41,374.05,23.99,56.56,0.43,1,-1,-1
120,284,1006.59,140.16,38.98,31.38,0.86,4,-1,-1
120,260,985.99,157.70,40.70,34.09,0.84,4,-1,-1
120,242,1111.34,146.68,36.21,33.69,0.89,4,-1,-1
120,292,446.09,256.71,20.02,48.66,0.84,1,-1,-1
120,340,583.77,129.96,17.73,33.17,0.78,1,-1,-1
120,342,529.04,585.93,173.59,148.67,1.00,4,-1,-1
120,343,885.58,664.85,144.06,160.68,1.00,4,-1,-1
120,345,1432.68,735.04,41.33,75.35,0.93,2,-1,-1
120,247,558.58,167.62,17.95,38.70,0.38,1,-1,-1
120,153,1517.89,429.65,50.49,120.00,0.99,1,-1,-1
120,348,308.47,258.54,23.36,49.30,0.14,1,-1,-1
120,349,1466.06,852.82,50.75,100.77,0.94,10,-1,-1
120,350,1470.26,841.25,48.77,77.56,0.97,2,-1,-1
120,355,1154.44,109.64,28.51,24.68,0.78,4,-1,-1
120,357,1716.67,368.63,24.02,57.29,0.85,1,-1,-1
120,198,1538.25,377.34,23.99,57.06,0.30,1,-1,-1
120,359,1370.44,170.10,21.92,25.52,0.58,10,-1,-1
120,360,1841.51,196.37,14.87,30.39,0.45,1,-1,-1
120,142,1764.08,435.88,52.00,119.47,0.91,1,-1,-1
120,199,930.78,149.51,67.82,99.53,0.43,9,-1,-1
120,60,1442.46,402.86,59.68,49.58,0.91,4,-1,-1
120,366,911.62,162.72,41.63,43.40,0.80,4,-1,-1
120,367,1106.29,353.35,72.46,57.09,1.00,4,-1,-1
120,368,2.33,268.70,41.52,89.70,0.84,1,-1,-1
120,369,1176.18,99.05,23.91,22.74,0.63,4,-1,-1
120,372,1831.53,413.31,28.69,53.68,0.60,1,-1,-1
120,77,1777.74,322.31,21.49,46.12,0.21,1,-1,-1
120,267,1373.07,160.78,21.61,28.91,0.57,10,-1,-1
120,373,272.79,562.95,243.48,213.47,0.85,5,-1,-1
120,374,1740.59,364.50,23.43,54.62,0.72,1,-1,-1
120,375,1280.18,74.48,23.91,20.47,0.67,4,-1,-1
120,376,1665.07,481.11,50.20,110.57,0.75,1,-1,-1
120,377,1752.33,480.52,38.25,74.71,0.63,1,-1,-1
120,378,1758.30,447.05,43.03,105.19,0.65,1,-1,-1
121,6,658.65,316.99,32.31,96.88,0.98,1,-1,-1
121,8,1476.84,439.95,55.70,123.76,0.99,1,-1,-1
121,21,683.63,323.27,97.89,54.01,0.91,4,-1,-1
121,24,1668.36,482.77,52.41,119.99,0.98,1,-1,-1
121,25,747.39,285.89,74.84,58.66,0.99,4,-1,-1
121,27,814.76,245.95,66.48,58.32,0.99,4,-1,-1
121,38,1284.55,68.37,22.34,19.24,0.94,4,-1,-1
121,41,1015.59,248.96,59.58,51.61,0.99,4,-1,-1
121,43,1278.68,80.16,24.16,22.50,0.99,4,-1,-1
121,45,1312.27,53.45,21.52,20.88,0.24,4,-1,-1
121,52,1327.74,160.95,33.38,33.51,0.99,4,-1,-1
121,55,1395.50,168.56,40.77,38.99,0.95,4,-1,-1
121,56,1350.55,130.90,33.44,33.56,0.99,4,-1,-1
121,58,1431.01,312.05,61.41,57.49,0.99,4,-1,-1
121,59,1440.13,357.59,64.64,63.92,0.97,4,-1,-1
121,71,1723.69,285.24,84.31,65.06,0.73,4,-1,-1
121,87,1761.67,372.68,27.26,60.35,0.91,1,-1,-1
121,92,1328.23,395.38,44.62,99.67,0.97,1,-1,-1
121,97,1721.95,377.55,25.79,55.59,0.92,1,-1,-1
121,110,1007.46,211.94,53.82,48.58,0.98,4,-1,-1
121,121,1308.93,102.53,27.81,24.48,0.98,4,-1,-1
121,149,940.37,288.32,63.59,60.41,0.99,4,-1,-1
121,174,1075.27,168.60,42.27,40.73,0.98,4,-1,-1
121,91,1607.82,432.72,46.43,102.00,0.99,1,-1,-1
121,195,1259.43,109.55,28.64,27.47,1.00,4,-1,-1
121,200,1249.15,137.92,35.75,32.22,0.99,4,-1,-1
121,202,1381.97,199.73,21.59,40.88,0.81,10,-1,-1
121,204,1378.40,202.06,25.38,38.55,0.19,2,-1,-1
121,212,1686.54,366.26,26.35,61.52,0.96,1,-1,-1
121,215,1026.98,170.85,43.13,36.98,0.99,4,-1,-1
121,216,1165.97,133.61,35.18,32.91,0.97,4,-1,-1
121,220,824.41,224.73,132.83,134.82,0.96,9,-1,-1
121,229,1062.43,140.92,37.00,32.46,0.83,4,-1,-1
121,235,1647.11,746.84,43.54,89.48,0.88,1,-1,-1
121,244,1761.22,410.55,28.21,64.57,0.95,1,-1,-1
121,88,1790.99,378.33,23.90,58.12,0.61,1,-1,-1
121,246,1277.52,164.35,33.31,32.39,1.00,4,-1,-1
121,253,733.53,381.23,35.51,93.06,0.97,1,-1,-1
121,261,1212.99,194.52,40.71,39.83,1.00,4,-1,-1
121,274,1281.39,207.35,40.65,41.32,1.00,4,-1,-1
121,276,359.90,490.37,149.66,97.81,1.00,4,-1,-1
121,295,162.59,867.07,255.78,207.57,0.98,4,-1,-1
121,304,1169.86,262.41,55.18,52.03,0.99,4,-1,-1
121,306,1239.45,272.16,57.10,59.29,1.00,4,-1,-1
121,42,1283.58,58.54,21.59,18.72,0.28,4,-1,-1
121,308,375.60,291.61,33.22,94.19,0.88,1,-1,-1
121,67,998.97,370.19,38.81,102.95,0.95,1,-1,-1
121,309,250.68,570.61,249.97,221.08,0.96,5,-1,-1
121,310,341.56,339.46,36.78,89.89,0.98,1,-1,-1
121,312,1144.09,92.13,25.14,23.22,0.54,4,-1,-1
121,314,569.85,165.57,19.38,40.13,0.66,1,-1,-1
121,316,223.60,335.98,38.58,86.59,0.98,1,-1,-1
121,319,-0.76,582.84,198.81,153.80,0.95,4,-1,-1
121,320,257.00,330.25,36.69,90.42,0.97,1,-1,-1
121,321,334.90,300.39,35.19,97.16,0.81,1,-1,-1
121,322,293.18,376.56,48.16,96.23,0.89,1,-1,-1
121,323,466.56,336.43,36.78,91.53,0.98,1,-1,-1
121,324,976.99,374.52,45.09,107.29,0.92,1,-1,-1
121,251,343.21,293.42,34.62,91.48,0.60,1,-1,-1
121,327,80.73,301.10,45.61,87.43,0.99,1,-1,-1
121,328,109.38,242.58,35.99,65.66,0.80,1,-1,-1
121,330,463.14,253.26,22.97,50.43,0.92,1,-1,-1
121,331,480.60,254.31,25.19,51.11,0.89,1,-1,-1
121,332,542.07,245.72,21.26,47.95,0.43,1,-1,-1
121,334,1427.10,724.42,42.86,84.83,0.82,10,-1,-1
121,338,1858.93,192.57,14.32,29.56,0.33,1,-1,-1
121,181,1808.47,373.39,23.96,55.16,0.39,1,-1,-1
121,284,1006.09,140.58,38.57,31.21,0.90,4,-1,-1
121,260,985.68,157.95,39.91,34.28,0.78,4,-1,-1
121,242,1110.32,147.20,36.80,33.83,0.91,4,-1,-1
121,292,447.92,255.94,19.73,48.61,0.85,1,-1,-1
121,340,585.40,129.31,17.52,34.00,0.85,1,-1,-1
121,342,512.49,596.06,177.83,152.57,1.00,4,-1,-1
121,343,898.68,644.57,140.05,154.45,1.00,4,-1,-1
121,345,1429.36,719.79,40.71,78.16,0.86,2,-1,-1
121,247,558.65,167.41,18.32,39.35,0.33,1,-1,-1
121,153,1526.60,429.36,50.62,121.07,0.98,1,-1,-1
121,349,1461.74,831.33,50.09,100.60,0.97,10,-1,-1
121,350,1466.17,825.23,46.29,73.94,0.99,2,-1,-1
121,355,1154.04,109.88,28.66,24.67,0.81,4,-1,-1
121,357,1716.49,368.15,23.94,58.05,0.77,1,-1,-1
121,198,1536.70,376.74,25.56,56.96,0.64,1,-1,-1
121,359,1371.32,168.82,21.94,25.18,0.60,10,-1,-1
121,142,1754.73,438.38,47.64,116.57,0.96,1,-1,-1
121,199,931.48,149.31,67.53,99.47,0.52,9,-1,-1
121,60,1442.65,403.40,59.55,49.76,0.94,4,-1,-1
121,366,910.32,164.38,41.19,42.71,0.86,4,-1,-1
121,367,1108.84,347.45,72.50,56.15,0.99,4,-1,-1
121,368,1.81,269.07,41.39,89.52,0.85,1,-1,-1
121,369,1176.19,98.91,23.91,22.82,0.63,4,-1,-1
121,372,1831.17,412.86,28.69,52.40,0.70,1,-1,-1
121,77,1776.95,321.86,21.49,46.73,0.35,1,-1,-1
121,267,1373.80,160.42,21.73,28.90,0.52,10,-1,-1
121,373,252.69,571.21,249.26,219.35,0.92,6,-1,-1
121,374,1741.32,363.81,23.79,57.18,0.83,1,-1,-1
121,379,331.10,311.98,32.27,90.84,0.74,1,-1,-1
121,380,625.75,132.08,15.54,31.53,0.81,1,-1,-1
121,381,1506.09,370.55,23.91,56.78,0.61,1,-1,-1
121,382,1772.65,433.90,40.64,96.22,0.68,1,-1,-1
121,102,1590.82,351.52,23.90,48.91,0.58,1,-1,-1
121,341,636.88,134.04,16.78,31.95,0.78,1,-1,-1
121,118,1786.12,419.55,28.45,62.98,0.65,1,-1,-1
121,278,1764.95,435.63,47.87,110.52,0.80,1,-1,-1
122,6,658.14,316.88,32.26,96.57,0.99,1,-1,-1
122,8,1483.22,439.12,57.09,123.87,0.99,1,-1,-1
122,21,686.98,323.05,94.06,53.72,0.94,4,-1,-1
122,24,1676.78,482.85,51.19,115.67,0.94,1,-1,-1
122,25,746.55,285.90,75.15,58.59,0.99,4,-1,-1
122,27,815.28,247.15,63.59,54.48,0.97,4,-1,-1
122,38,1284.78,67.34,21.73,19.40,0.94,4,-1,-1
122,41,1011.94,250.85,60.65,52.56,0.98,4,-1,-1
122,43,1277.99,79.12,25.55,22.51,0.99,4,-1,-1
122,45,1312.16,52.87,21.52,20.73,0.43,4,-1,-1
122,52,1327.63,160.01,33.38,33.22,0.99,4,-1,-1
122,55,1394.89,168.28,40.76,38.73,0.97,4,-1,-1
122,56,1350.44,130.26,33.44,33.15,0.99,4,-1,-1
122,58,1431.37,311.72,60.43,57.46,0.99,4,-1,-1
122,59,1440.00,357.59,64.62,63.14,0.96,4,-1,-1
122,71,1722.94,284.59,83.83,65.52,0.70,4,-1,-1
122,87,1760.98,370.92,26.63,60.78,0.90,1,-1,-1
122,92,1321.93,391.89,42.04,104.55,0.87,1,-1,-1
122,97,1721.33,375.77,26.14,58.37,0.90,1,-1,-1
122,110,1005.14,213.13,54.73,48.90,0.99,4,-1,-1
122,121,1308.94,101.22,28.38,24.42,0.97,4,-1,-1
122,149,936.25,290.98,64.42,61.01,0.99,4,-1,-1
122,174,1074.25,168.98,42.85,41.10,0.98,4,-1,-1
122,91,1602.94,430.89,42.80,102.62,0.98,1,-1,-1
122,195,1260.51,108.01,28.64,27.11,1.00,4,-1,-1
122,200,1250.05,135.84,35.75,32.24,0.99,4,-1,-1
122,202,1379.91,197.77,23.14,41.11,0.85,10,-1,-1
122,204,1376.25,199.09,26.10,39.44,0.54,2,-1,-1
122,212,1685.49,366.55,26.34,61.25,0.94,1,-1,-1
122,215,1025.90,171.10,43.12,37.04,0.99,4,-1,-1
122,216,1164.55,134.50,35.71,33.17,0.95,4,-1,-1
122,220,818.64,225.99,135.47,136.10,0.97,9,-1,-1
122,229,1061.28,141.30,37.10,32.53,0.88,4,-1,-1
122,235,1646.11,746.17,43.29,88.88,0.94,1,-1,-1
122,244,1761.63,410.39,28.56,68.17,0.74,1,-1,-1
122,88,1791.66,377.18,23.94,58.40,0.53,1,-1,-1
122,246,1277.72,162.33,33.32,32.17,1.00,4,-1,-1
122,253,740.55,379.70,34.15,93.69,0.97,1,-1,-1
122,261,1214.32,191.76,40.47,39.20,0.99,4,-1,-1
122,274,1281.10,204.57,40.46,40.45,0.99,4,-1,-1
122,276,359.21,491.87,160.12,96.49,1.00,4,-1,-1
122,295,137.05,885.10,260.33,191.03,0.98,4,-1,-1
122,304,1172.29,258.15,53.99,51.06,1.00,4,-1,-1
122,306,1240.53,268.11,55.50,58.26,1.00,4,-1,-1
122,42,1282.75,56.78,21.52,18.85,0.15,4,-1,-1
122,308,374.97,291.52,33.65,93.10,0.71,1,-1,-1
122,67,994.55,370.55,39.13,102.48,0.97,1,-1,-1
122,309,227.40,581.40,255.59,223.39,0.99,4,-1,-1
122,310,344.81,339.48,38.83,89.76,0.98,1,-1,-1
122,312,1143.75,92.48,25.14,22.68,0.44,4,-1,-1
122,314,569.25,165.53,19.24,40.08,0.71,1,-1,-1
122,316,226.80,335.60,37.69,87.07,0.98,1,-1,-1
122,319,-0.68,583.03,197.61,153.12,0.93,4,-1,-1
122,320,259.58,329.36,37.48,90.66,0.96,1,-1,-1
122,321,331.75,307.72,34.34,93.04,0.88,1,-1,-1
122,322,287.40,376.48,47.80,94.69,0.80,1,-1,-1
122,323,469.74,336.50,41.25,91.11,0.97,1,-1,-1
122,324,970.37,374.49,47.73,107.02,0.95,1,-1,-1
122,251,343.31,292.54,34.27,89.82,0.47,1,-1,-1
122,327,81.95,302.26,49.34,87.22,0.99,1,-1,-1
122,328,106.78,242.20,36.79,65.50,0.75,1,-1,-1
122,330,465.19,252.99,22.38,49.86,0.89,1,-1,-1
122,331,481.53,254.35,25.24,50.26,0.87,1,-1,-1
122,332,542.24,245.25,21.41,48.87,0.40,1,-1,-1
122,334,1421.75,711.76,44.47,83.64,0.96,10,-1,-1
122,338,1858.94,192.06,14.15,28.98,0.37,1,-1,-1
122,181,1808.33,371.41,23.94,55.41,0.27,1,-1,-1
122,284,1005.43,140.81,38.40,31.45,0.85,4,-1,-1
122,260,985.08,157.81,39.61,34.94,0.67,4,-1,-1
122,242,1109.44,147.61,37.02,34.03,0.92,4,-1,-1
122,292,449.05,254.65,20.44,49.20,0.79,1,-1,-1
122,340,587.22,128.54,16.63,34.11,0.74,1,-1,-1
122,342,493.62,607.41,183.88,156.66,1.00,4,-1,-1
122,343,912.37,626.46,133.07,147.30,0.99,4,-1,-1
122,345,1426.54,705.15,38.87,77.55,0.91,2,-1,-1
122,247,558.54,167.68,18.46,39.20,0.40,1,-1,-1
122,153,1536.48,428.28,50.64,123.37,0.98,1,-1,-1
122,349,1456.96,816.80,49.90,94.08,0.98,10,-1,-1
122,350,1460.66,806.43,48.77,75.80,0.98,2,-1,-1
122,355,1153.39,110.16,28.71,24.97,0.81,4,-1,-1
122,357,1716.28,367.54,23.91,57.94,0.66,1,-1,-1
122,198,1535.96,376.13,26.14,56.91,0.66,1,-1,-1
122,359,1370.76,168.64,20.31,25.48,0.41,10,-1,-1
122,142,1740.71,434.05,52.56,123.38,0.98,1,-1,-1
122,199,932.04,149.59,66.61,99.52,0.53,9,-1,-1
122,60,1441.77,403.40,61.12,49.86,0.89,4,-1,-1
122,366,908.97,166.36,40.10,41.33,0.89,4,-1,-1
122,367,1110.70,341.65,72.55,56.87,0.99,4,-1,-1
122,368,1.45,269.24,41.08,89.58,0.86,1,-1,-1
122,369,1175.65,98.98,23.90,22.96,0.64,4,-1,-1
122,372,1828.28,411.20,28.69,55.64,0.74,1,-1,-1
122,77,1776.48,321.94,21.49,47.36,0.24,1,-1,-1
122,267,1373.97,160.90,21.76,28.69,0.57,10,-1,-1
122,374,1740.56,364.28,23.91,58.51,0.85,1,-1,-1
122,381,1505.05,369.78,23.91,56.77,0.56,1,-1,-1
122,102,1589.90,350.73,25.55,49.83,0.32,1,-1,-1
122,341,636.54,134.00,16.72,32.09,0.38,1,-1,-1
122,118,1785.06,417.07,28.65,62.78,0.80,1,-1,-1
122,278,1764.14,433.50,39.66,89.13,0.43,1,-1,-1
123,6,650.16,316.81,33.84,96.41,0.98,1,-1,-1
123,8,1485.28,436.84,54.54,125.83,0.99,1,-1,-1
123,21,679.66,323.11,94.20,54.40,0.89,4,-1,-1
123,24,1668.51,481.85,57.09,113.71,0.98,1,-1,-1
123,25,739.62,286.14,74.48,58.25,0.99,4,-1,-1
123,27,808.84,246.42,64.11,56.66,0.86,4,-1,-1
123,38,1279.31,66.25,21.52,19.18,0.82,4,-1,-1
123,41,1002.41,252.39,61.04,52.89,0.99,4,-1,-1
123,43,1272.13,77.63,26.05,22.71,0.98,4,-1,-1
123,45,1304.98,51.76,21.51,20.87,0.69,4,-1,-1
123,52,1321.26,158.57,33.39,33.11,0.99,4,-1,-1
123,55,1389.08,167.65,40.75,38.61,0.98,4,-1,-1
123,56,1344.04,129.09,33.44,32.94,0.99,4,-1,-1
123,58,1423.59,310.45,60.03,57.03,0.98,4,-1,-1
123,59,1432.83,356.62,64.60,62.43,0.98,4,-1,-1
123,71,1713.85,283.45,86.83,66.37,0.69,4,-1,-1
123,87,1752.73,368.68,26.40,60.54,0.91,1,-1,-1
123,92,1304.76,388.89,42.75,105.57,0.80,1,-1,-1
123,97,1713.12,373.69,26.28,59.79,0.89,1,-1,-1
123,110,996.86,214.04,55.06,48.80,0.99,4,-1,-1
123,121,1303.33,99.32,27.04,24.20,0.98,4,-1,-1
123,149,926.18,293.48,64.71,61.49,0.99,4,-1,-1
123,174,1067.20,169.11,43.06,41.23,0.98,4,-1,-1
123,91,1590.25,427.86,41.45,103.21,0.98,1,-1,-1
123,195,1254.55,106.49,28.65,27.18,1.00,4,-1,-1
123,200,1244.01,134.02,35.76,32.16,0.99,4,-1,-1
123,202,1371.99,196.75,22.19,39.04,0.55,10,-1,-1
123,204,1369.82,197.57,24.84,39.96,0.31,2,-1,-1
123,212,1677.93,365.85,26.34,60.72,0.97,1,-1,-1
123,215,1018.06,171.28,43.90,37.25,0.99,4,-1,-1
123,216,1156.56,135.53,35.90,33.50,0.97,4,-1,-1
123,220,807.96,225.45,137.21,138.76,0.97,9,-1,-1
123,229,1054.58,141.23,37.13,33.14,0.85,4,-1,-1
123,235,1637.05,743.66,43.20,88.62,0.92,1,-1,-1
123,244,1755.37,408.58,27.13,63.42,0.35,1,-1,-1
123,88,1783.10,376.36,23.96,58.49,0.55,1,-1,-1
123,246,1271.43,159.96,33.34,32.09,1.00,4,-1,-1
123,253,737.86,380.80,36.07,94.28,0.98,1,-1,-1
123,261,1208.43,188.85,40.40,38.98,0.99,4,-1,-1
123,274,1274.68,201.46,40.41,39.75,0.99,4,-1,-1
123,276,351.25,492.59,167.97,97.20,0.99,4,-1,-1
123,295,106.85,906.09,261.61,169.17,0.96,4,-1,-1
123,304,1168.00,253.76,53.58,50.22,0.99,4,-1,-1
123,306,1235.38,264.09,54.93,57.07,0.99,4,-1,-1
123,42,1275.29,53.87,23.08,19.88,0.60,4,-1,-1
123,308,367.34,291.08,34.23,94.67,0.89,1,-1,-1
123,67,982.07,369.83,40.86,102.28,0.95,1,-1,-1
123,309,199.39,593.17,258.84,226.27,0.99,4,-1,-1
123,310,341.67,340.05,40.39,91.26,0.99,1,-1,-1
123,312,1138.48,92.08,24.35,22.76,0.66,4,-1,-1
123,314,562.43,165.19,19.57,40.64,0.36,1,-1,-1
123,316,222.20,336.65,38.78,89.19,0.96,1,-1,-1
123,319,-2.67,584.52,189.95,151.42,0.89,4,-1,-1
123,320,255.15,330.42,36.01,89.55,0.95,1,-1,-1
123,321,322.96,309.08,35.66,94.43,0.89,1,-1,-1
123,322,273.85,376.28,48.57,94.09,0.72,1,-1,-1
123,323,465.82,336.91,43.35,90.53,0.97,1,-1,-1
123,324,958.23,374.20,46.46,105.70,0.93,1,-1,-1
123,251,334.43,292.22,36.53,89.11,0.29,1,-1,-1
123,327,76.84,303.21,50.38,87.23,0.97,1,-1,-1
123,328,96.47,241.81,37.68,65.94,0.81,1,-1,-1
123,330,460.51,252.60,22.16,49.83,0.71,1,-1,-1
123,331,476.61,252.98,24.47,51.74,0.70,1,-1,-1
123,334,1410.44,696.68,45.06,83.24,0.95,10,-1,-1
123,338,1850.02,190.86,15.77,28.39,0.32,1,-1,-1
123,181,1798.70,368.29,23.93,56.68,0.69,1,-1,-1
123,284,997.74,140.50,39.12,32.52,0.78,4,-1,-1
123,260,978.61,157.96,39.49,35.17,0.72,4,-1,-1
123,242,1101.66,147.45,37.88,35.07,0.85,4,-1,-1
123,292,443.65,253.89,21.10,49.41,0.73,1,-1,-1
123,340,582.23,128.98,16.69,33.98,0.18,1,-1,-1
123,342,469.03,620.12,187.97,160.19,1.00,4,-1,-1
123,343,917.25,611.50,127.59,137.29,0.98,4,-1,-1
123,345,1416.17,692.16,38.23,74.12,0.63,2,-1,-1
123,247,552.08,167.65,18.90,39.73,0.18,1,-1,-1
123,153,1537.47,429.00,50.62,122.62,0.98,1,-1,-1
123,349,1444.28,798.26,49.86,92.21,0.97,10,-1,-1
123,350,1449.35,787.14,48.03,74.04,0.99,2,-1,-1
123,355,1146.84,110.06,28.73,25.37,0.89,4,-1,-1
123,357,1708.22,366.27,25.52,59.91,0.83,1,-1,-1
123,198,1529.30,375.71,24.82,56.87,0.60,1,-1,-1
123,359,1363.46,166.91,21.26,24.98,0.63,10,-1,-1
123,142,1726.36,431.26,51.15,125.06,0.98,1,-1,-1
123,199,926.00,149.77,66.23,99.62,0.58,9,-1,-1
123,60,1434.31,401.81,61.71,52.70,0.81,4,-1,-1
123,366,901.07,166.87,39.69,41.46,0.79,4,-1,-1
123,367,1107.50,335.36,71.76,60.16,0.99,4,-1,-1
123,368,-1.07,269.22,36.00,90.56,0.68,1,-1,-1
123,369,1168.78,98.83,23.90,23.11,0.69,4,-1,-1
123,372,1818.45,407.95,28.69,55.80,0.67,1,-1,-1
123,77,1769.08,320.79,21.49,47.59,0.23,1,-1,-1
123,267,1369.21,157.66,21.76,28.78,0.64,10,-1,-1
123,374,1731.36,363.85,23.95,58.00,0.81,1,-1,-1
123,381,1497.66,369.26,23.91,57.23,0.29,1,-1,-1
123,102,1582.41,349.28,26.09,49.73,0.57,1,-1,-1
123,118,1775.91,414.01,28.73,61.91,0.81,1,-1,-1
123,278,1748.59,428.23,35.00,85.23,0.48,1,-1,-1
123,383,1375.80,155.09,16.73,24.80,0.63,10,-1,-1
123,384,1518.05,351.12,21.52,46.02,0.69,2,-1,-1
123,49,1331.30,59.67,23.93,22.92,0.64,4,-1,-1
124,6,622.23,316.40,35.27,96.70,0.92,1,-1,-1
124,8,1468.79,433.64,48.85,121.76,0.97,1,-1,-1
124,21,657.14,322.68,90.33,52.60,0.79,4,-1,-1
124,24,1641.25,477.55,60.82,108.11,0.95,1,-1,-1
124,25,712.46,286.63,75.84,57.55,0.99,4,-1,-1
124,27,781.39,245.12,72.27,58.74,0.27,4,-1,-1
124,38,1251.18,61.15,23.06,19.65,0.43,4,-1,-1
124,41,973.10,253.09,61.98,53.43,0.98,4,-1,-1
124,43,1246.25,75.59,26.26,22.86,0.94,4,-1,-1
124,45,1277.80,50.03,21.53,20.16,0.43,4,-1,-1
124,52,1294.49,155.91,33.42,33.44,1.00,4,-1,-1
124,55,1361.73,166.58,40.76,37.54,0.97,4,-1,-1
124,56,1317.22,126.46,33.47,32.38,0.99,4,-1,-1
124,58,1396.41,308.49,59.92,55.22,0.98,4,-1,-1
124,59,1405.12,353.77,63.06,61.70,0.97,4,-1,-1
124,71,1682.16,279.03,87.99,66.90,0.89,4,-1,-1
124,87,1721.38,364.31,26.37,58.43,0.66,1,-1,-1
124,92,1268.13,387.40,44.66,101.59,0.63,1,-1,-1
124,97,1681.05,370.35,27.94,59.52,0.64,1,-1,-1
124,110,968.35,214.14,55.99,49.30,0.99,4,-1,-1
124,121,1277.61,96.67,26.52,24.49,0.97,4,-1,-1
124,149,896.71,295.95,64.85,61.30,0.99,4,-1,-1
124,174,1040.25,168.28,43.16,41.22,0.98,4,-1,-1
124,91,1557.57,422.97,37.85,102.57,0.96,1,-1,-1
124,195,1228.66,103.89,28.67,27.18,0.97,4,-1,-1
124,200,1219.29,131.16,35.39,31.75,0.99,4,-1,-1
124,212,1645.33,362.07,27.95,59.31,0.90,1,-1,-1
124,215,991.58,170.51,44.21,37.28,0.99,4,-1,-1
124,216,1129.60,136.43,35.20,32.51,0.98,4,-1,-1
124,220,777.83,225.64,140.26,140.78,0.96,9,-1,-1
124,229,1028.12,140.64,37.16,32.75,0.86,4,-1,-1
124,235,1604.21,736.82,44.80,86.89,0.78,1,-1,-1
124,246,1244.67,156.75,34.96,32.04,1.00,4,-1,-1
124,253,715.72,382.30,38.39,94.07,0.96,1,-1,-1
124,261,1183.82,184.92,39.22,38.28,0.98,4,-1,-1
124,274,1247.94,197.02,40.43,38.87,0.99,4,-1,-1
124,276,320.04,495.06,179.15,98.52,0.97,4,-1,-1
124,295,53.85,932.64,261.70,142.50,0.62,4,-1,-1
124,304,1143.61,248.28,52.69,49.08,0.99,4,-1,-1
124,306,1209.92,259.39,53.18,56.10,1.00,4,-1,-1
124,42,1247.97,52.92,23.67,20.15,0.44,4,-1,-1
124,308,336.40,291.32,36.89,94.84,0.69,1,-1,-1
124,67,949.85,368.11,40.03,99.38,0.92,1,-1,-1
124,309,147.10,604.93,263.46,231.72,0.98,4,-1,-1
124,310,316.45,342.84,41.07,89.81,0.91,1,-1,-1
124,312,1112.13,90.97,25.66,23.37,0.80,4,-1,-1
124,316,194.94,340.91,39.64,86.81,0.85,1,-1,-1
124,319,-9.38,589.37,164.83,149.00,0.55,4,-1,-1
124,320,228.63,331.11,38.92,82.72,0.85,1,-1,-1
124,321,291.27,309.45,40.52,96.09,0.81,1,-1,-1
124,322,234.99,377.92,52.68,106.55,0.20,1,-1,-1
124,323,444.25,337.00,39.33,92.22,0.95,1,-1,-1
124,324,927.77,372.46,42.85,105.54,0.87,1,-1,-1
124,251,302.48,292.76,40.97,87.60,0.40,1,-1,-1
124,327,48.32,305.38,48.62,88.38,0.94,1,-1,-1
124,328,63.68,243.71,35.89,65.67,0.36,1,-1,-1
124,330,432.92,252.62,24.52,50.61,0.27,1,-1,-1
124,334,1379.22,679.60,43.79,80.67,0.89,10,-1,-1
124,284,970.12,139.10,40.19,32.68,0.28,4,-1,-1
124,260,952.28,157.12,39.47,35.02,0.68,4,-1,-1
124,242,1074.77,147.66,38.23,33.86,0.58,4,-1,-1
124,292,416.06,254.28,22.57,49.48,0.17,1,-1,-1
124,342,420.41,633.57,196.38,167.38,1.00,4,-1,-1
124,343,900.36,599.43,124.39,126.19,0.98,4,-1,-1
124,345,1385.27,679.56,36.45,68.77,0.38,2,-1,-1
124,153,1516.49,426.88,52.25,119.44,0.97,1,-1,-1
124,349,1409.44,772.65,53.18,94.68,0.99,10,-1,-1
124,350,1414.23,763.75,49.43,78.12,0.95,2,-1,-1
124,355,1120.82,109.85,29.54,24.69,0.84,4,-1,-1
124,357,1677.79,363.84,26.16,61.39,0.15,1,-1,-1
124,198,1501.82,371.61,22.74,55.62,0.19,1,-1,-1
124,142,1691.42,424.77,49.07,119.76,0.97,1,-1,-1
124,199,899.80,150.04,66.14,99.02,0.84,9,-1,-1
124,60,1408.10,399.52,58.83,49.78,0.17,4,-1,-1
124,366,873.52,169.28,38.74,39.19,0.85,4,-1,-1
124,367,1084.85,329.03,69.88,60.86,0.99,4,-1,-1
124,369,1142.72,98.57,23.92,22.82,0.28,4,-1,-1
124,267,1338.40,157.98,24.85,27.22,0.40,10,-1,-1
124,374,1699.55,357.50,25.70,61.16,0.33,1,-1,-1
124,102,1536.76,356.32,46.42,41.05,0.65,3,-1,-1
124,118,1742.73,409.70,27.23,59.96,0.68,1,-1,-1
124,49,1303.40,58.00,25.58,22.52,0.78,4,-1,-1
125,6,558.71,318.26,36.27,95.15,0.71,1,-1,-1
125,8,1406.28,425.16,51.52,117.66,0.91,1,-1,-1
125,21,595.26,322.12,90.21,53.99,0.22,5,-1,-1
125,24,1580.05,470.90,51.76,93.98,0.22,1,-1,-1
125,25,647.09,289.57,76.93,55.22,0.91,4,-1,-1
125,41,908.61,254.24,62.95,52.19,0.98,4,-1,-1
125,43,1182.23,72.22,27.05,22.57,0.74,4,-1,-1
125,52,1229.34,151.73,34.94,33.12,0.98,4,-1,-1
125,55,1295.31,163.84,40.67,35.50,0.99,4,-1,-1
125,56,1250.32,123.01,34.98,30.49,0.92,4,-1,-1
125,58,1330.22,304.10,59.74,52.89,0.89,4,-1,-1
125,59,1338.02,347.34,63.93,60.28,0.97,4,-1,-1
125,71,1605.94,271.56,88.20,63.49,0.92,4,-1,-1
125,87,1646.91,354.09,24.79,52.92,0.17,1,-1,-1
125,92,1195.43,382.77,44.63,97.10,0.62,1,-1,-1
125,110,904.84,214.37,57.74,48.37,0.97,4,-1,-1
125,121,1212.76,92.77,27.87,24.36,0.96,4,-1,-1
125,149,831.81,298.03,66.29,60.43,0.99,4,-1,-1
125,174,977.30,167.51,44.66,40.76,0.92,4,-1,-1
125,195,1165.14,100.93,30.19,26.13,0.96,4,-1,-1
125,200,1156.32,127.28,35.58,30.07,0.98,4,-1,-1
125,212,1570.00,353.96,30.09,58.09,0.47,1,-1,-1
125,215,928.64,169.96,46.55,36.65,0.93,4,-1,-1
125,216,1065.09,135.19,37.20,33.27,0.94,4,-1,-1
125,220,712.66,226.44,142.64,141.41,0.97,9,-1,-1
125,229,964.56,139.80,39.42,32.58,0.81,4,-1,-1
125,235,1532.83,720.80,43.85,84.18,0.23,1,-1,-1
125,246,1181.20,151.87,33.93,31.85,0.98,4,-1,-1
125,253,661.62,386.66,34.76,87.51,0.92,1,-1,-1
125,261,1122.33,179.90,39.13,36.41,0.98,4,-1,-1
125,274,1183.47,191.76,39.98,37.35,1.00,4,-1,-1
125,276,251.10,498.64,173.37,101.88,0.99,4,-1,-1
125,295,-5.02,975.12,231.17,97.53,0.12,4,-1,-1
125,304,1082.83,241.91,51.48,47.00,0.99,4,-1,-1
125,306,1146.96,253.84,52.47,53.64,1.00,4,-1,-1
125,67,885.87,367.45,34.23,87.32,0.72,1,-1,-1
125,309,54.37,625.37,274.40,234.93,0.85,4,-1,-1
125,316,149.52,341.68,41.49,83.07,0.79,1,-1,-1
125,323,384.63,338.49,37.63,91.20,0.89,1,-1,-1
125,324,863.07,381.94,38.25,91.78,0.28,1,-1,-1
125,251,254.19,295.67,42.81,90.64,0.51,1,-1,-1
125,334,1308.51,662.51,44.85,72.08,0.86,10,-1,-1
125,242,1012.83,147.10,35.93,32.76,0.43,4,-1,-1
125,342,334.44,651.25,206.97,174.99,1.00,4,-1,-1
125,343,849.36,587.68,111.70,114.49,0.97,4,-1,-1
125,345,1313.77,664.62,37.44,60.79,0.60,2,-1,-1
125,153,1459.00,418.42,51.36,116.34,0.94,1,-1,-1
125,349,1339.07,745.12,52.81,91.09,0.98,10,-1,-1
125,350,1344.50,736.28,48.34,76.81,0.93,2,-1,-1
125,355,1057.72,108.47,30.55,25.19,0.25,4,-1,-1
125,142,1614.53,420.18,45.11,100.66,0.41,1,-1,-1
125,199,838.83,150.41,66.81,97.13,0.81,9,-1,-1
125,366,810.63,172.33,39.14,36.48,0.91,4,-1,-1
125,367,1026.30,322.27,68.28,58.35,0.99,4,-1,-1
125,267,1271.34,151.80,25.96,28.04,0.83,4,-1,-1
125,49,1238.19,54.75,27.58,22.45,0.76,4,-1,-1
125,385,649.65,520.56,113.55,108.77,0.86,4,-1,-1
125,386,883.34,946.09,162.56,124.31,0.82,4,-1,-1
125,329,225.40,297.72,41.76,75.38,0.54,1,-1,-1
126,6,471.85,329.52,35.88,87.47,0.67,1,-1,-1
126,8,1331.17,416.54,51.45,119.07,0.96,1,-1,-1
126,21,506.77,325.08,95.94,54.62,0.20,4,-1,-1
126,24,1499.52,458.91,49.72,92.35,0.56,1,-1,-1
126,25,563.97,292.28,70.92,55.00,0.75,4,-1,-1
126,41,823.15,255.28,63.78,52.71,0.98,4,-1,-1
126,43,1098.92,67.14,26.78,23.16,0.75,4,-1,-1
126,52,1146.02,146.42,35.00,32.75,0.99,4,-1,-1
126,55,1210.82,159.03,40.93,34.71,0.99,4,-1,-1
126,56,1165.66,118.43,34.26,29.63,0.89,4,-1,-1
126,58,1247.80,297.84,60.11,53.09,0.96,4,-1,-1
126,59,1255.37,340.18,64.72,60.42,0.97,4,-1,-1
126,71,1515.90,261.85,87.34,62.48,0.88,4,-1,-1
126,92,1108.20,377.83,44.25,95.51,0.66,1,-1,-1
126,110,819.62,214.34,60.36,48.41,0.95,4,-1,-1
126,121,1128.54,87.69,27.80,24.22,0.97,4,-1,-1
126,149,745.81,302.14,68.87,60.54,0.99,4,-1,-1
126,174,893.75,165.86,45.55,41.35,0.91,4,-1,-1
126,195,1081.17,96.00,30.98,25.25,0.95,4,-1,-1
126,200,1073.31,122.50,35.91,29.39,0.99,4,-1,-1
126,212,1481.24,343.03,31.22,58.70,0.19,1,-1,-1
126,215,844.04,168.68,47.77,36.76,0.90,4,-1,-1
126,216,980.63,133.08,37.46,33.90,0.95,4,-1,-1
126,220,625.31,226.72,145.42,143.79,0.96,9,-1,-1
126,229,879.49,138.43,41.32,32.59,0.87,4,-1,-1
126,235,1451.09,705.22,40.75,82.77,0.35,1,-1,-1
126,246,1097.90,146.02,33.79,31.33,0.99,4,-1,-1
126,253,584.73,390.10,33.94,87.53,0.94,1,-1,-1
126,261,1041.28,174.00,38.59,36.12,0.95,4,-1,-1
126,274,1100.22,185.18,40.51,36.38,0.97,4,-1,-1
126,276,152.54,515.75,185.95,99.44,0.95,4,-1,-1
126,304,1003.48,235.71,50.63,45.27,0.99,4,-1,-1
126,306,1066.04,246.89,51.81,52.72,0.99,4,-1,-1
126,67,800.03,365.97,34.73,89.69,0.80,1,-1,-1
126,309,-16.78,656.62,237.10,253.19,0.12,4,-1,-1
126,323,296.94,345.07,39.23,88.97,0.89,1,-1,-1
126,324,779.21,374.21,36.92,99.29,0.61,1,-1,-1
126,251,162.94,303.39,44.36,91.57,0.74,1,-1,-1
126,334,1229.56,652.34,40.93,60.94,0.31,10,-1,-1
126,242,929.58,145.74,35.29,32.51,0.57,4,-1,-1
126,342,222.88,677.53,221.64,186.09,1.00,4,-1,-1
126,343,782.34,572.85,104.01,111.41,0.97,4,-1,-1
126,345,1233.85,647.84,36.52,59.26,0.20,1,-1,-1
126,153,1386.83,407.43,46.87,114.44,0.93,1,-1,-1
126,349,1258.19,722.11,51.56,88.51,0.98,10,-1,-1
126,350,1262.33,712.08,48.34,75.08,0.97,2,-1,-1
126,355,973.34,105.85,31.16,25.95,0.56,4,-1,-1
126,199,753.62,149.04,69.95,98.01,0.63,9,-1,-1
126,366,724.60,172.94,40.36,35.72,0.90,4,-1,-1
126,367,948.72,315.23,66.57,57.72,1.00,4,-1,-1
126,267,1186.20,145.90,28.10,28.64,0.78,10,-1,-1
126,49,1152.50,49.83,27.80,22.56,0.69,4,-1,-1
126,385,558.35,523.49,116.80,121.73,0.68,4,-1,-1
126,386,823.50,913.61,158.20,155.72,0.80,4,-1,-1
126,329,129.34,306.07,44.31,75.76,0.65,1,-1,-1
126,387,360.69,502.63,109.37,98.02,0.67,4,-1,-1
126,388,547.75,952.66,187.37,117.14,0.78,4,-1,-1
127,8,1248.15,408.14,53.99,116.58,0.93,1,-1,-1
127,21,418.42,327.51,101.59,57.35,0.38,4,-1,-1
127,24,1406.32,445.02,43.75,87.18,0.46,1,-1,-1
127,25,479.40,295.35,66.71,53.57,0.80,4,-1,-1
127,41,736.44,256.90,65.12,52.79,0.99,4,-1,-1
127,43,1010.42,61.95,28.01,25.47,0.55,4,-1,-1
127,52,1057.48,142.93,35.52,32.69,0.98,4,-1,-1
127,55,1120.96,156.20,40.69,34.46,0.98,4,-1,-1
127,56,1076.51,116.07,32.89,28.48,0.90,4,-1,-1
127,58,1159.90,292.52,59.77,51.78,0.93,4,-1,-1
127,59,1168.82,333.78,63.73,60.55,0.98,4,-1,-1
127,71,1419.34,253.44,84.73,60.31,0.88,4,-1,-1
127,92,1018.94,372.57,40.51,94.72,0.67,1,-1,-1
127,110,733.44,215.07,60.88,49.14,0.96,4,-1,-1
127,121,1040.58,84.57,27.54,24.44,0.92,4,-1,-1
127,149,657.89,306.16,71.60,60.72,0.98,4,-1,-1
127,174,806.93,166.10,46.30,41.13,0.88,4,-1,-1
127,195,993.23,93.09,31.80,25.42,0.70,4,-1,-1
127,200,987.30,119.31,35.75,29.22,0.98,4,-1,-1
127,212,1385.89,333.98,31.35,56.58,0.28,1,-1,-1
127,215,757.93,168.59,47.85,36.99,0.90,4,-1,-1
127,216,893.29,134.00,37.24,33.41,0.96,4,-1,-1
127,220,537.21,227.39,146.23,145.26,0.97,9,-1,-1
127,229,792.22,138.31,42.49,32.66,0.88,4,-1,-1
127,235,1365.59,688.51,37.48,80.99,0.60,1,-1,-1
127,246,1010.81,142.43,34.26,31.33,0.98,4,-1,-1
127,253,506.37,392.99,34.11,87.46,0.96,1,-1,-1
127,261,956.12,169.78,38.91,35.65,0.98,4,-1,-1
127,274,1012.71,180.54,40.40,36.29,1.00,4,-1,-1
127,276,55.49,528.33,182.13,102.67,0.95,4,-1,-1
127,304,920.69,229.89,49.15,44.89,0.99,4,-1,-1
127,306,982.29,241.51,51.19,50.93,0.99,4,-1,-1
127,67,713.51,365.58,33.82,87.91,0.70,1,-1,-1
127,324,693.98,380.35,34.46,88.09,0.35,1,-1,-1
127,334,1147.41,631.71,37.27,54.41,0.28,2,-1,-1
127,242,843.32,145.60,34.78,32.79,0.60,4,-1,-1
127,342,111.13,702.24,236.00,201.18,1.00,4,-1,-1
127,343,712.32,555.71,101.04,111.57,0.80,4,-1,-1
127,153,1308.51,399.69,46.08,110.36,0.84,1,-1,-1
127,349,1175.20,698.25,48.21,84.60,0.96,10,-1,-1
127,350,1178.39,686.20,46.73,72.36,0.98,2,-1,-1
127,355,886.03,105.75,31.92,26.18,0.43,4,-1,-1
127,199,667.88,149.99,70.58,97.77,0.80,9,-1,-1
127,366,636.27,174.19,43.67,36.77,0.64,4,-1,-1
127,367,869.60,308.66,64.68,57.23,0.99,4,-1,-1
127,267,1096.62,142.37,27.98,29.21,0.65,10,-1,-1
127,49,1062.71,48.87,26.87,21.73,0.51,4,-1,-1
127,385,466.16,534.49,120.61,130.35,0.39,4,-1,-1
127,386,761.00,878.01,156.73,185.15,0.85,4,-1,-1
127,329,53.39,313.55,45.57,83.68,0.23,1,-1,-1
127,387,262.47,517.24,122.10,102.94,0.92,4,-1,-1
127,388,488.51,927.02,186.93,139.43,0.91,4,-1,-1
127,389,49.19,367.26,47.18,95.62,0.67,1,-1,-1
127,390,200.81,355.31,42.73,98.02,0.89,1,-1,-1
128,8,1168.05,403.92,52.83,115.36,0.96,1,-1,-1
128,21,325.14,335.96,105.61,58.84,0.15,4,-1,-1
128,24,1334.24,433.92,38.31,84.52,0.76,1,-1,-1
128,41,646.86,261.62,65.62,52.95,0.99,4,-1,-1
128,43,920.10,62.22,26.97,25.10,0.75,4,-1,-1
128,52,968.79,141.89,35.72,32.78,0.95,4,-1,-1
128,55,1031.76,154.67,40.61,34.74,0.99,4,-1,-1
128,56,986.76,114.19,33.96,29.26,0.85,4,-1,-1
128,58,1072.36,289.38,60.44,52.00,0.90,4,-1,-1
128,59,1081.08,330.03,64.17,60.85,0.94,4,-1,-1
128,71,1324.82,247.90,82.18,59.00,0.86,4,-1,-1
128,92,932.74,371.77,35.18,91.42,0.66,1,-1,-1
128,110,643.95,218.74,61.84,49.64,0.95,4,-1,-1
128,121,951.61,84.06,26.68,24.85,0.90,4,-1,-1
128,149,567.17,313.87,73.21,61.77,0.98,4,-1,-1
128,174,718.88,168.32,46.58,41.32,0.90,4,-1,-1
128,195,905.13,92.54,31.35,24.81,0.51,4,-1,-1
128,200,899.15,117.92,36.49,29.29,0.98,4,-1,-1
128,212,1294.95,327.51,28.43,55.24,0.57,1,-1,-1
128,215,668.67,171.18,48.64,37.15,0.94,4,-1,-1
128,216,804.13,135.85,37.93,33.82,0.97,4,-1,-1
128,220,443.42,231.67,150.22,148.69,0.97,9,-1,-1
128,229,703.25,140.35,42.93,32.97,0.88,4,-1,-1
128,235,1282.94,675.39,36.41,80.29,0.58,1,-1,-1
128,246,923.83,141.16,33.67,30.76,0.99,4,-1,-1
128,253,424.89,397.24,34.69,86.92,0.94,1,-1,-1
128,261,869.89,168.01,38.27,35.22,0.99,4,-1,-1
128,274,925.65,178.55,39.61,35.58,0.99,4,-1,-1
128,276,-3.39,543.71,143.97,108.11,0.45,4,-1,-1
128,304,836.95,226.68,48.67,44.48,0.99,4,-1,-1
128,306,897.04,238.55,51.81,50.64,1.00,4,-1,-1
128,67,623.59,368.93,34.43,89.66,0.69,1,-1,-1
128,324,604.14,382.01,35.96,89.30,0.20,2,-1,-1
128,334,1064.85,618.62,38.51,51.70,0.26,10,-1,-1
128,342,12.54,738.69,232.91,214.33,0.96,4,-1,-1
128,343,639.10,549.79,101.17,105.20,0.74,4,-1,-1
128,153,1230.76,392.17,44.39,109.84,0.80,1,-1,-1
128,349,1093.31,675.83,47.87,82.31,0.97,10,-1,-1
128,350,1096.50,665.93,45.82,70.44,0.93,2,-1,-1
128,199,579.17,153.67,72.05,97.82,0.77,9,-1,-1
128,366,544.93,178.22,45.65,38.03,0.86,4,-1,-1
128,367,789.24,305.39,64.09,56.14,1.00,4,-1,-1
128,385,364.12,551.12,141.82,143.50,0.85,4,-1,-1
128,386,701.08,844.47,152.89,203.58,0.97,4,-1,-1
128,387,156.92,521.96,144.61,123.14,0.80,4,-1,-1
128,388,423.69,905.03,191.28,161.63,0.98,4,-1,-1
128,391,285.23,536.70,118.49,99.81,0.87,4,-1,-1
128,392,1308.87,435.09,33.47,67.54,0.63,1,-1,-1
128,344,752.67,144.83,35.69,32.77,0.64,4,-1,-1
128,202,1010.68,174.62,25.99,32.62,0.53,10,-1,-1
128,91,1200.88,387.11,37.00,84.40,0.85,1,-1,-1
129,8,1092.81,399.16,48.44,112.98,0.96,1,-1,-1
129,24,1255.38,424.72,38.11,87.23,0.90,1,-1,-1
129,41,554.62,266.98,67.56,53.75,0.98,4,-1,-1
129,52,880.42,139.75,36.59,33.26,0.98,4,-1,-1
129,55,943.26,152.92,40.60,34.85,0.99,4,-1,-1
129,56,898.03,111.21,35.91,30.65,0.85,4,-1,-1
129,58,987.16,287.16,59.19,51.36,0.95,4,-1,-1
129,59,996.95,328.23,62.83,60.27,0.95,4,-1,-1
129,71,1234.31,242.46,78.15,56.47,0.90,4,-1,-1
129,92,844.61,371.71,33.13,86.91,0.42,1,-1,-1
129,110,551.21,222.52,65.27,50.46,0.96,4,-1,-1
129,121,862.71,82.68,27.16,24.46,0.93,4,-1,-1
129,149,473.13,321.61,77.08,63.37,0.97,4,-1,-1
129,174,628.22,169.60,48.24,42.42,0.94,4,-1,-1
129,195,815.75,91.01,31.95,24.55,0.95,4,-1,-1
129,200,811.65,116.09,36.02,29.17,0.99,4,-1,-1
129,212,1205.39,321.10,28.38,56.11,0.57,1,-1,-1
129,215,577.94,173.16,48.96,37.85,0.93,4,-1,-1
129,216,713.96,136.78,38.97,35.62,0.95,4,-1,-1
129,220,345.13,235.29,156.00,151.91,0.99,9,-1,-1
129,229,612.26,141.95,43.87,33.52,0.90,4,-1,-1
129,235,1202.68,665.02,36.05,80.97,0.45,1,-1,-1
129,246,836.40,138.74,33.47,30.67,0.99,4,-1,-1
129,261,782.18,164.79,39.64,35.74,0.99,4,-1,-1
129,274,837.78,175.29,39.34,36.03,0.99,4,-1,-1
129,304,751.60,222.93,48.56,43.84,0.99,4,-1,-1
129,306,812.45,234.64,50.52,49.63,1.00,4,-1,-1
129,324,524.69,378.88,37.52,93.35,0.79,1,-1,-1
129,343,565.05,550.03,94.09,93.65,0.21,4,-1,-1
129,153,1151.70,386.76,46.11,111.51,0.94,1,-1,-1
129,349,1012.69,659.81,46.97,79.21,0.95,10,-1,-1
129,350,1015.57,649.08,44.72,70.66,0.84,2,-1,-1
129,199,487.55,155.33,75.69,100.77,0.81,9,-1,-1
129,366,449.58,181.66,49.11,39.71,0.77,4,-1,-1
129,367,706.51,301.44,62.36,55.89,0.99,4,-1,-1
129,385,256.03,571.88,151.91,156.16,0.76,4,-1,-1
129,386,638.30,814.42,148.33,204.23,0.97,4,-1,-1
129,387,42.31,551.32,164.34,123.37,0.56,4,-1,-1
129,388,361.49,881.87,190.68,185.19,1.00,4,-1,-1
129,344,663.37,149.08,35.91,33.13,0.59,4,-1,-1
129,91,1113.62,383.12,32.08,73.23,0.83,1,-1,-1
129,393,329.01,407.00,38.25,93.83,0.90,1,-1,-1
129,38,828.98,55.70,28.09,27.28,0.69,4,-1,-1
129,312,701.59,104.69,33.76,26.77,0.60,4,-1,-1
129,142,1215.43,392.02,43.18,93.99,0.84,1,-1,-1
130,8,1018.55,394.40,45.09,111.60,0.96,1,-1,-1
130,24,1177.48,418.15,38.08,83.11,0.80,1,-1,-1
130,41,457.56,271.54,69.11,55.74,0.98,4,-1,-1
130,52,791.28,136.19,36.29,33.68,0.99,4,-1,-1
130,55,855.16,150.59,39.97,34.78,0.99,4,-1,-1
130,56,808.49,107.44,36.04,31.24,0.86,4,-1,-1
130,58,902.66,285.20,58.13,51.08,0.95,4,-1,-1
130,59,914.02,325.66,61.74,59.66,0.91,4,-1,-1
130,71,1145.65,237.41,77.32,56.39,0.94,4,-1,-1
130,92,749.63,370.60,37.44,92.89,0.60,1,-1,-1
130,110,454.97,224.45,67.19,53.98,0.96,4,-1,-1
130,121,772.61,78.78,26.66,25.45,0.89,4,-1,-1
130,149,373.45,329.10,81.12,65.88,0.98,4,-1,-1
130,174,534.11,170.68,48.67,42.31,0.95,4,-1,-1
130,195,725.20,87.47,31.53,24.82,0.82,4,-1,-1
130,200,722.09,112.67,35.97,29.43,0.98,4,-1,-1
130,212,1117.92,316.81,28.04,56.32,0.71,1,-1,-1
130,215,482.89,173.77,49.65,38.16,0.97,4,-1,-1
130,216,621.07,137.41,38.76,36.10,0.93,4,-1,-1
130,220,239.82,237.23,161.80,154.38,0.99,9,-1,-1
130,229,517.74,142.01,43.64,33.74,0.91,4,-1,-1
130,235,1124.35,657.02,34.39,80.84,0.69,1,-1,-1
130,246,746.99,134.79,33.51,31.14,0.98,4,-1,-1
130,261,692.74,161.42,39.53,35.76,0.98,4,-1,-1
130,274,749.34,171.36,38.61,36.03,0.99,4,-1,-1
130,304,663.52,218.51,48.71,43.72,0.99,4,-1,-1
130,306,725.73,230.29,48.64,50.01,0.99,4,-1,-1
130,324,432.00,379.98,39.74,96.89,0.93,1,-1,-1
130,153,1074.46,382.79,47.57,111.51,0.93,1,-1,-1
130,349,930.61,644.74,48.34,80.21,0.92,10,-1,-1
130,350,933.42,635.62,45.23,71.16,0.64,2,-1,-1
130,199,391.27,156.19,76.21,102.93,0.78,9,-1,-1
130,366,348.46,184.14,50.65,40.57,0.94,4,-1,-1
130,367,619.75,296.67,63.59,55.76,0.99,4,-1,-1
130,385,139.07,612.70,163.09,153.55,0.77,4,-1,-1
130,386,571.79,788.55,141.85,198.33,0.96,4,-1,-1
130,388,295.03,862.25,188.01,202.20,0.99,4,-1,-1
130,344,571.20,150.77,35.36,32.76,0.78,4,-1,-1
130,91,1021.64,378.06,35.60,81.63,0.54,1,-1,-1
130,393,238.38,415.41,45.34,96.07,0.92,1,-1,-1
130,38,738.73,55.60,27.98,26.69,0.82,4,-1,-1
130,312,610.77,106.38,34.10,27.18,0.60,4,-1,-1
130,142,1126.59,389.79,40.74,90.59,0.63,1,-1,-1
130,394,407.60,380.11,39.45,105.79,0.75,1,-1,-1
130,395,789.50,42.84,26.30,20.99,0.70,4,-1,-1
130,357,1152.60,322.44,27.70,57.17,0.52,1,-1,-1
130,87,1186.95,305.89,26.43,57.15,0.50,1,-1,-1
131,8,951.54,390.89,41.35,109.52,0.93,1,-1,-1
131,24,1101.08,413.35,43.76,95.80,0.67,1,-1,-1
131,41,366.33,278.88,72.16,57.59,0.99,4,-1,-1
131,52,706.68,136.17,36.05,33.72,0.99,4,-1,-1
131,55,771.52,150.36,40.39,35.57,0.99,4,-1,-1
131,56,723.33,107.03,35.21,30.68,0.87,4,-1,-1
131,58,823.78,284.82,55.99,50.52,0.92,4,-1,-1
131,59,836.10,325.01,60.37,58.84,0.96,4,-1,-1
131,71,1063.30,234.60,75.63,56.19,0.96,4,-1,-1
131,92,661.58,372.90,43.43,94.39,0.25,1,-1,-1
131,110,364.42,229.96,67.75,55.64,0.97,4,-1,-1
131,121,686.42,78.65,26.39,25.55,0.94,4,-1,-1
131,149,280.02,340.46,83.59,66.16,0.99,4,-1,-1
131,174,444.90,173.82,49.44,43.27,0.95,4,-1,-1
131,195,639.83,87.52,30.48,24.74,0.94,4,-1,-1
131,200,636.31,112.24,35.85,29.62,0.98,4,-1,-1
131,212,1038.11,314.60,25.50,56.16,0.50,1,-1,-1
131,216,532.17,140.99,38.94,36.09,0.97,4,-1,-1
131,220,140.92,245.74,168.06,156.58,0.97,9,-1,-1
131,229,427.81,145.48,43.39,33.89,0.92,4,-1,-1
131,235,1052.77,650.57,33.73,81.37,0.89,1,-1,-1
131,246,661.97,134.16,33.44,30.96,0.99,4,-1,-1
131,261,608.62,160.59,39.38,35.86,0.99,4,-1,-1
131,274,665.45,170.07,38.24,35.33,0.99,4,-1,-1
131,304,580.73,216.87,48.27,43.75,0.99,4,-1,-1
131,306,643.21,228.60,47.83,49.42,0.99,4,-1,-1
131,324,341.12,383.51,45.52,101.61,0.88,1,-1,-1
131,153,1002.97,381.70,49.57,109.59,0.86,1,-1,-1
131,349,858.88,632.38,46.41,77.87,0.98,10,-1,-1
131,350,861.30,625.11,42.96,67.92,0.63,2,-1,-1
131,199,298.97,160.22,78.46,104.48,0.88,9,-1,-1
131,366,252.01,189.37,53.15,42.48,0.96,4,-1,-1
131,367,538.76,294.67,63.90,55.83,0.99,4,-1,-1
131,385,31.96,646.54,176.28,161.58,0.97,4,-1,-1
131,386,511.61,764.45,136.90,188.16,0.93,4,-1,-1
131,388,242.69,843.21,180.21,203.68,1.00,4,-1,-1
131,344,481.67,153.70,36.17,33.80,0.89,4,-1,-1
131,91,932.06,378.56,39.78,88.58,0.95,1,-1,-1
131,393,154.41,423.62,47.36,98.39,0.95,1,-1,-1
131,142,1048.63,374.29,37.52,95.58,0.76,1,-1,-1
131,357,1070.50,319.98,25.21,55.21,0.30,1,-1,-1
131,87,1103.73,302.41,24.92,57.95,0.24,1,-1,-1
131,396,307.20,385.49,44.82,111.76,0.82,1,-1,-1
131,397,496.95,133.20,28.09,27.12,0.68,4,-1,-1
131,398,518.17,106.68,32.87,27.34,0.69,4,-1,-1
131,399,784.12,351.12,27.49,38.85,0.65,10,-1,-1
131,400,787.11,344.85,22.71,37.65,0.91,2,-1,-1
131,42,648.80,57.01,26.10,23.93,0.89,4,-1,-1
131,284,386.24,174.36,50.04,38.25,0.97,4,-1,-1
132,8,942.70,390.12,39.33,114.66,0.98,1,-1,-1
132,24,1089.37,412.41,43.83,108.62,0.91,1,-1,-1
132,41,329.71,283.88,73.92,60.48,0.98,4,-1,-1
132,52,677.82,134.42,34.68,32.95,0.98,4,-1,-1
132,55,743.63,148.91,38.53,36.26,0.99,4,-1,-1
132,56,694.83,104.39,33.58,31.12,0.99,4,-1,-1
132,58,798.63,283.19,56.38,53.45,0.99,4,-1,-1
132,59,812.90,325.25,61.87,61.16,0.99,4,-1,-1
132,71,1042.37,233.73,73.99,60.35,0.95,4,-1,-1
132,92,630.38,374.58,47.52,96.91,0.68,1,-1,-1
132,110,328.19,232.63,67.35,58.83,0.92,4,-1,-1
132,121,654.96,75.47,26.49,24.99,0.98,4,-1,-1
132,149,244.40,347.89,83.33,69.34,0.99,4,-1,-1
132,174,410.74,174.47,48.96,45.45,0.98,4,-1,-1
132,195,608.77,84.85,28.54,25.01,0.98,4,-1,-1
132,200,606.77,109.38,34.52,29.85,0.99,4,-1,-1
132,212,1017.86,315.41,22.97,55.49,0.95,1,-1,-1
132,216,497.56,141.26,40.06,37.70,0.97,4,-1,-1
132,220,97.55,259.06,174.48,149.80,0.97,9,-1,-1
132,229,392.16,144.99,43.23,36.62,0.94,4,-1,-1
132,235,1041.89,651.62,32.02,80.77,0.96,1,-1,-1
132,246,632.14,131.56,32.88,30.70,1.00,4,-1,-1
132,261,579.14,157.85,38.65,35.91,0.99,4,-1,-1
132,274,636.45,167.24,36.81,35.28,1.00,4,-1,-1
132,304,552.95,213.43,48.87,44.85,0.99,4,-1,-1
132,306,615.99,224.84,48.69,50.15,1.00,4,-1,-1
132,324,301.83,384.58,47.33,109.91,0.95,1,-1,-1
132,153,994.14,381.98,47.52,109.77,0.98,1,-1,-1
132,349,844.82,628.29,41.10,72.18,0.95,10,-1,-1
132,350,846.76,617.70,37.51,64.97,0.66,2,-1,-1
132,199,260.69,161.52,80.05,107.67,0.97,9,-1,-1
132,366,211.61,191.75,54.19,43.28,0.98,4,-1,-1
132,367,513.04,291.01,64.52,56.58,1.00,4,-1,-1
132,385,-7.79,666.45,178.70,176.91,0.99,4,-1,-1
132,386,505.30,741.96,131.66,179.44,1.00,4,-1,-1
132,388,245.12,822.79,171.19,199.61,1.00,4,-1,-1
132,344,444.83,153.04,40.19,36.65,0.97,4,-1,-1
132,91,907.06,379.65,39.40,92.32,0.98,1,-1,-1
132,393,127.77,424.67,52.03,106.89,0.99,1,-1,-1
132,142,1027.54,364.65,36.54,102.54,0.99,1,-1,-1
132,357,1049.54,318.85,23.69,56.67,0.77,1,-1,-1
132,87,1081.89,301.67,23.70,58.25,0.78,2,-1,-1
132,396,277.99,386.92,48.29,115.21,0.97,1,-1,-1
132,398,487.41,108.69,31.57,27.06,0.94,4,-1,-1
132,399,762.79,345.72,26.71,46.04,0.79,10,-1,-1
132,400,764.34,339.44,23.81,44.85,0.97,2,-1,-1
132,42,618.50,58.24,25.70,22.59,0.98,4,-1,-1
132,284,354.97,178.07,50.40,40.52,0.98,4,-1,-1
132,401,1.12,360.09,92.19,68.13,0.81,4,-1,-1
132,402,194.09,237.57,65.44,48.41,0.87,4,-1,-1
132,403,308.09,163.91,43.63,40.34,0.90,4,-1,-1
132,404,328.41,145.90,41.24,35.04,0.87,4,-1,-1
132,405,478.12,85.54,26.89,23.46,0.80,4,-1,-1
132,406,480.52,355.61,74.71,56.18,0.99,4,-1,-1
132,407,508.90,92.41,27.49,24.50,0.82,4,-1,-1
132,408,569.57,363.67,64.55,53.79,0.98,4,-1,-1
132,409,716.59,134.77,21.52,27.49,0.73,10,-1,-1
132,410,721.37,130.81,27.49,29.96,0.63,10,-1,-1
132,411,729.74,128.57,22.71,29.51,0.71,10,-1,-1
132,412,1082.95,302.12,21.52,57.38,0.75,1,-1,-1
132,413,1085.34,331.40,25.10,57.97,0.93,1,-1,-1
132,414,1180.37,310.48,31.08,75.30,0.62,1,-1,-1
132,415,1322.02,361.58,28.69,69.93,0.60,1,-1,-1
132,346,1027.33,607.40,34.75,83.25,0.91,1,-1,-1
132,339,1209.71,312.54,28.91,69.25,0.68,1,-1,-1
132,244,1105.53,337.46,24.34,55.45,0.78,1,-1,-1
132,381,871.20,330.65,21.63,54.31,0.57,1,-1,-1
132,60,818.82,365.18,59.70,49.25,0.62,4,-1,-1
132,374,1067.26,309.20,20.85,55.40,0.62,1,-1,-1
132,267,720.74,161.53,23.49,35.00,0.67,10,-1,-1
133,8,949.22,389.31,39.72,114.61,0.98,1,-1,-1
133,24,1093.96,412.41,43.94,117.82,0.69,1,-1,-1
133,41,323.60,283.64,74.80,62.60,0.99,4,-1,-1
133,52,677.48,131.60,33.03,32.46,0.99,4,-1,-1
133,55,742.96,147.15,37.46,36.60,0.99,4,-1,-1
133,56,694.33,101.67,31.86,31.15,0.99,4,-1,-1
133,58,797.75,280.36,56.91,55.13,0.99,4,-1,-1
133,59,812.53,323.52,61.96,62.51,0.99,4,-1,-1
133,71,1042.21,233.10,73.72,62.06,0.95,4,-1,-1
133,92,621.87,371.28,47.81,97.70,0.89,1,-1,-1
133,110,324.22,231.47,66.61,59.09,0.95,4,-1,-1
133,121,653.57,72.02,26.32,24.77,0.97,4,-1,-1
133,149,237.68,348.63,84.13,72.62,0.99,4,-1,-1
133,174,408.33,172.04,48.35,46.38,0.98,4,-1,-1
133,195,608.05,81.65,27.15,24.68,0.98,4,-1,-1
133,200,606.70,105.66,33.13,29.81,0.99,4,-1,-1
133,212,1018.04,314.64,21.71,55.23,0.91,1,-1,-1
133,216,494.43,139.86,39.78,38.33,0.98,4,-1,-1
133,220,89.51,260.32,176.64,148.06,0.97,9,-1,-1
133,229,389.16,142.12,42.83,37.23,0.94,4,-1,-1
133,235,1044.64,650.04,30.95,81.27,0.94,1,-1,-1
133,246,631.59,127.43,31.60,30.66,1.00,4,-1,-1
133,261,578.75,153.22,38.06,36.39,1.00,4,-1,-1
133,274,635.66,163.35,35.98,35.34,0.99,4,-1,-1
133,304,553.60,207.10,48.36,45.36,0.99,4,-1,-1
133,306,616.00,219.24,47.85,49.91,1.00,4,-1,-1
133,324,292.65,379.73,47.30,110.39,0.82,1,-1,-1
133,153,1009.40,381.09,37.82,99.82,0.93,1,-1,-1
133,349,845.00,621.44,37.75,66.77,0.90,10,-1,-1
133,199,257.45,158.87,80.39,108.32,0.96,9,-1,-1
133,366,206.30,189.04,53.56,44.08,0.98,4,-1,-1
133,367,514.39,284.04,63.91,56.60,0.99,4,-1,-1
133,385,-11.58,678.48,169.67,183.09,0.96,4,-1,-1
133,386,514.47,712.70,125.84,168.50,1.00,4,-1,-1
133,388,262.96,790.65,163.44,191.04,1.00,4,-1,-1
133,344,441.12,150.59,41.08,37.44,0.97,4,-1,-1
133,91,904.36,379.01,35.39,92.13,0.98,1,-1,-1
133,393,134.17,419.20,49.92,107.38,0.99,1,-1,-1
133,142,1024.06,360.17,29.78,89.34,0.92,1,-1,-1
133,357,1048.87,316.94,22.82,57.20,0.81,1,-1,-1
133,87,1080.54,300.85,22.89,58.01,0.66,1,-1,-1
133,396,272.98,384.29,48.61,118.06,0.98,1,-1,-1
133,398,486.28,108.10,31.19,27.16,0.94,4,-1,-1
133,399,761.54,340.13,27.32,46.90,0.86,10,-1,-1
133,400,763.28,334.51,24.80,45.71,0.97,2,-1,-1
133,42,617.81,56.37,25.35,22.13,0.98,4,-1,-1
133,284,354.22,176.30,49.37,41.22,0.98,4,-1,-1
133,401,0.86,360.22,92.46,68.13,0.71,4,-1,-1
133,402,192.37,237.10,65.44,48.41,0.90,4,-1,-1
133,403,306.25,163.67,44.59,40.82,0.92,4,-1,-1
133,404,325.85,145.79,42.67,35.04,0.94,4,-1,-1
133,405,476.29,84.88,27.85,23.82,0.78,4,-1,-1
133,406,484.18,350.23,70.88,54.75,0.99,4,-1,-1
133,407,508.02,92.17,27.01,24.26,0.61,4,-1,-1
133,408,570.36,357.58,65.50,55.70,0.94,4,-1,-1
133,409,715.00,132.98,21.52,29.88,0.62,10,-1,-1
133,410,723.12,128.78,26.54,30.67,0.53,10,-1,-1
133,411,729.58,126.72,22.71,31.24,0.54,10,-1,-1
133,413,1084.71,330.32,24.15,57.97,0.91,1,-1,-1
133,415,1319.00,361.46,30.60,73.75,0.76,1,-1,-1
133,346,1025.94,607.66,35.48,83.82,0.86,1,-1,-1
133,339,1210.70,310.93,28.59,69.75,0.80,1,-1,-1
133,244,1105.14,336.16,22.97,54.30,0.65,1,-1,-1
133,381,870.96,330.32,21.39,53.70,0.40,1,-1,-1
133,60,819.64,363.88,58.94,49.42,0.35,4,-1,-1
133,374,1066.69,309.05,21.22,56.80,0.62,1,-1,-1
133,267,720.19,160.55,22.81,36.03,0.76,10,-1,-1
133,416,638.30,30.18,20.32,20.25,0.71,4,-1,-1
133,417,666.39,37.80,25.10,22.79,0.62,4,-1,-1
133,418,1016.61,405.51,32.27,78.29,0.69,1,-1,-1
133,419,1098.49,410.29,39.45,99.21,0.90,1,-1,-1
134,8,953.05,388.86,42.32,115.00,0.99,1,-1,-1
134,24,1101.14,410.32,41.61,115.93,0.96,1,-1,-1
134,41,318.74,285.28,75.88,63.68,0.98,4,-1,-1
134,52,677.14,129.96,32.44,32.25,0.99,4,-1,-1
134,55,742.88,146.45,37.09,36.70,0.98,4,-1,-1
134,56,693.92,99.83,31.24,31.24,0.98,4,-1,-1
134,58,797.57,279.38,56.33,55.37,0.99,4,-1,-1
134,59,812.53,322.58,61.22,62.23,0.99,4,-1,-1
134,71,1041.90,232.37,73.66,63.08,0.98,4,-1,-1
134,110,321.51,232.14,66.69,59.30,0.93,4,-1,-1
134,121,653.22,70.16,26.26,24.73,0.98,4,-1,-1
134,149,230.89,352.03,87.11,71.59,0.97,4,-1,-1
134,174,406.93,171.58,48.10,46.71,0.97,4,-1,-1
134,195,607.96,79.58,27.07,24.73,0.99,4,-1,-1
134,200,607.24,103.43,32.64,29.48,0.98,4,-1,-1
134,212,1018.24,314.61,21.32,57.89,0.91,1,-1,-1
134,216,492.54,140.20,40.05,38.78,0.98,4,-1,-1
134,220,83.97,263.51,178.01,146.71,0.94,9,-1,-1
134,229,387.74,141.46,42.28,37.28,0.95,4,-1,-1
134,235,1044.86,648.70,31.46,82.24,0.95,1,-1,-1
134,246,631.96,124.89,31.14,30.19,1.00,4,-1,-1
134,261,579.37,149.99,37.26,36.36,0.99,4,-1,-1
134,274,635.16,160.00,35.70,35.54,1.00,4,-1,-1
134,304,554.80,202.87,47.00,44.75,1.00,4,-1,-1
134,306,616.57,215.77,46.77,48.22,1.00,4,-1,-1
134,324,287.17,377.69,44.68,112.35,0.93,1,-1,-1
134,153,1019.12,379.16,35.98,102.10,0.96,1,-1,-1
134,349,841.08,612.19,37.56,64.88,0.90,10,-1,-1
134,199,255.96,157.71,80.88,108.83,0.97,9,-1,-1
134,366,203.04,188.88,53.86,44.35,0.99,4,-1,-1
134,367,516.03,278.61,62.91,55.78,1.00,4,-1,-1
134,385,-11.33,694.30,155.30,187.37,0.94,4,-1,-1
134,386,521.61,686.37,118.61,162.40,1.00,4,-1,-1
134,388,278.01,762.16,156.05,179.72,1.00,4,-1,-1
134,344,439.01,149.95,41.42,37.91,0.98,4,-1,-1
134,91,900.18,378.06,33.07,93.17,0.99,1,-1,-1
134,393,143.19,416.26,49.67,106.39,0.98,1,-1,-1
134,142,1017.72,359.31,26.61,79.57,0.83,1,-1,-1
134,357,1048.79,316.66,22.54,58.18,0.89,1,-1,-1
134,87,1079.44,300.16,23.43,58.97,0.78,1,-1,-1
134,396,265.48,382.13,47.81,120.40,0.96,1,-1,-1
134,398,485.16,108.44,31.53,27.43,0.95,4,-1,-1
134,399,760.86,336.10,27.52,45.88,0.89,10,-1,-1
134,400,763.11,329.16,24.23,45.58,0.97,2,-1,-1
134,42,617.73,55.41,25.21,21.82,0.98,4,-1,-1
134,284,353.42,175.92,48.95,41.27,0.98,4,-1,-1
134,401,0.93,359.38,92.37,69.97,0.74,4,-1,-1
134,402,191.20,237.05,66.14,49.10,0.85,4,-1,-1
134,403,305.52,164.59,43.86,40.91,0.91,4,-1,-1
134,404,323.85,146.21,43.86,35.67,0.91,4,-1,-1
134,405,475.55,85.14,28.03,23.54,0.84,4,-1,-1
134,406,486.63,345.05,69.20,57.25,0.99,4,-1,-1
134,407,507.46,92.52,26.92,23.99,0.67,4,-1,-1
134,408,572.89,350.30,63.40,55.15,0.98,4,-1,-1
134,409,715.68,132.49,20.60,29.71,0.52,10,-1,-1
134,410,720.28,129.39,26.35,30.18,0.49,10,-1,-1
134,411,730.08,126.84,21.79,30.21,0.48,10,-1,-1
134,413,1084.67,329.90,23.96,57.97,0.96,1,-1,-1
134,415,1318.49,361.66,30.96,75.38,0.90,1,-1,-1
134,346,1024.89,607.02,36.47,84.80,0.90,1,-1,-1
134,339,1212.32,309.65,28.05,69.92,0.88,1,-1,-1
134,244,1104.75,335.78,21.76,53.51,0.80,1,-1,-1
134,381,870.66,330.09,22.12,53.89,0.53,1,-1,-1
134,60,820.07,364.07,57.90,49.44,0.54,4,-1,-1
134,374,1066.60,309.07,21.21,56.87,0.62,1,-1,-1
134,267,719.34,159.78,22.61,35.85,0.61,1,-1,-1
134,416,637.74,29.99,20.32,19.89,0.67,4,-1,-1
134,417,665.35,37.01,25.10,23.08,0.68,4,-1,-1
134,350,841.23,595.20,37.83,66.31,0.72,2,-1,-1
135,8,959.08,387.12,40.89,115.46,0.98,1,-1,-1
135,24,1107.19,408.48,41.56,115.35,0.96,1,-1,-1
135,41,314.85,287.71,76.65,64.13,0.99,4,-1,-1
135,52,677.50,128.63,32.23,32.36,1.00,4,-1,-1
135,55,742.92,146.13,36.96,36.72,0.99,4,-1,-1
135,56,693.45,98.63,31.03,31.26,0.98,4,-1,-1
135,58,797.16,278.83,56.91,55.42,0.99,4,-1,-1
135,59,812.18,321.84,60.94,62.46,0.97,4,-1,-1
135,71,1042.23,232.17,73.67,62.08,0.97,4,-1,-1
135,110,318.99,233.20,67.09,59.70,0.93,4,-1,-1
135,121,653.19,68.53,26.24,24.79,0.97,4,-1,-1
135,149,225.12,357.93,87.44,79.20,0.99,4,-1,-1
135,174,405.82,171.66,48.39,46.99,0.98,4,-1,-1
135,195,608.42,77.84,27.05,24.94,0.98,4,-1,-1
135,200,608.31,101.70,32.47,28.94,0.98,4,-1,-1
135,212,1017.96,314.17,22.04,57.73,0.84,1,-1,-1
135,216,490.84,141.43,40.92,39.31,0.97,4,-1,-1
135,220,78.96,266.40,181.37,144.82,0.88,9,-1,-1
135,229,386.83,141.34,42.05,37.41,0.93,4,-1,-1
135,235,1044.95,647.75,31.67,82.59,0.94,1,-1,-1
135,246,632.19,122.65,30.98,30.15,0.99,4,-1,-1
135,261,579.88,147.85,37.18,35.74,0.99,4,-1,-1
135,274,634.69,157.30,35.62,35.81,1.00,4,-1,-1
135,304,555.91,199.14,46.51,44.10,0.99,4,-1,-1
135,306,616.05,212.00,47.20,48.56,1.00,4,-1,-1
135,324,282.10,376.20,45.14,112.30,0.83,1,-1,-1
135,153,1028.36,376.06,38.80,109.68,0.98,1,-1,-1
135,349,836.60,604.37,38.36,61.81,0.68,10,-1,-1
135,199,255.16,157.64,81.52,109.88,0.98,9,-1,-1
135,366,200.86,189.20,53.94,44.99,0.97,4,-1,-1
135,367,517.69,273.84,62.56,55.62,1.00,4,-1,-1
135,385,-9.64,711.50,140.93,193.24,0.56,4,-1,-1
135,386,526.87,661.90,114.91,153.48,0.99,4,-1,-1
135,388,292.29,735.88,148.24,169.13,0.99,4,-1,-1
135,344,438.03,150.09,41.14,38.25,0.97,4,-1,-1
135,91,894.86,376.47,31.45,94.31,0.99,1,-1,-1
135,393,152.11,414.21,52.01,110.44,0.99,1,-1,-1
135,142,1005.89,358.34,32.88,99.37,0.96,1,-1,-1
135,357,1048.42,315.71,22.46,58.15,0.85,1,-1,-1
135,87,1078.72,298.82,23.64,59.79,0.64,1,-1,-1
135,396,257.59,381.92,52.36,120.66,0.98,1,-1,-1
135,398,484.47,108.88,31.65,27.62,0.91,4,-1,-1
135,399,760.28,333.35,27.56,44.62,0.74,10,-1,-1
135,400,761.80,324.41,24.90,45.95,0.97,2,-1,-1
135,42,617.41,53.86,25.16,22.09,0.94,4,-1,-1
135,284,352.90,175.95,48.77,41.24,0.97,4,-1,-1
135,401,1.22,359.78,91.49,70.59,0.40,4,-1,-1
135,402,190.80,236.70,65.90,49.33,0.79,4,-1,-1
135,403,305.73,165.49,42.55,40.94,0.93,4,-1,-1
135,404,323.26,146.54,43.81,35.94,0.94,4,-1,-1
135,405,475.17,84.96,28.10,23.80,0.84,4,-1,-1
135,406,488.21,339.00,69.61,59.90,1.00,4,-1,-1
135,407,506.91,92.77,26.89,23.78,0.46,4,-1,-1
135,408,573.36,342.46,64.57,58.22,1.00,4,-1,-1
135,409,715.52,131.20,21.24,31.26,0.61,10,-1,-1
135,411,731.29,125.39,20.53,30.79,0.62,10,-1,-1
135,413,1085.19,329.08,22.96,57.50,0.96,1,-1,-1
135,415,1318.37,362.21,31.09,73.21,0.90,1,-1,-1
135,346,1023.78,605.92,36.83,85.14,0.91,1,-1,-1
135,339,1211.66,307.95,28.30,74.73,0.94,1,-1,-1
135,244,1104.24,334.63,21.37,53.23,0.80,1,-1,-1
135,381,871.01,329.59,21.58,54.33,0.46,1,-1,-1
135,60,820.67,363.57,56.72,48.25,0.45,4,-1,-1
135,374,1067.05,309.03,22.05,57.69,0.60,1,-1,-1
135,267,718.31,158.78,22.55,35.74,0.52,10,-1,-1
135,416,637.21,29.65,21.24,19.34,0.49,4,-1,-1
135,417,665.19,36.40,24.18,22.97,0.66,4,-1,-1
135,350,838.38,585.06,36.59,68.39,0.32,2,-1,-1
135,420,1094.91,174.52,13.15,30.78,0.63,1,-1,-1
136,8,967.42,384.78,37.97,115.59,0.99,1,-1,-1
136,24,1114.43,408.22,40.75,114.26,0.98,1,-1,-1
136,41,310.68,290.80,78.07,64.64,0.99,4,-1,-1
136,52,677.68,127.37,32.16,32.39,1.00,4,-1,-1
136,55,742.98,145.99,36.92,36.70,0.99,4,-1,-1
136,56,693.73,97.92,30.16,30.86,0.99,4,-1,-1
136,58,797.43,278.69,56.35,55.01,0.99,4,-1,-1
136,59,812.47,321.22,60.85,62.91,0.98,4,-1,-1
136,71,1042.40,231.84,73.71,61.44,0.98,4,-1,-1
136,110,316.27,234.73,68.00,60.20,0.89,4,-1,-1
136,121,653.62,67.37,26.24,24.52,0.97,4,-1,-1
136,149,224.23,363.52,84.33,82.05,0.98,4,-1,-1
136,174,404.76,171.98,49.27,47.25,0.99,4,-1,-1
136,195,609.04,76.59,26.66,24.82,0.98,4,-1,-1
136,200,609.34,99.95,32.22,28.93,0.98,4,-1,-1
136,212,1017.91,313.63,22.30,56.47,0.82,1,-1,-1
136,216,489.15,142.74,41.63,39.68,0.96,4,-1,-1
136,220,74.45,268.24,183.75,146.10,0.89,9,-1,-1
136,229,386.44,141.69,41.57,37.05,0.92,4,-1,-1
136,235,1044.96,647.05,31.78,82.71,0.94,1,-1,-1
136,246,633.12,120.84,30.14,30.12,0.99,4,-1,-1
136,261,581.11,145.44,36.17,35.15,1.00,4,-1,-1
136,274,634.98,154.80,34.81,35.12,1.00,4,-1,-1
136,304,557.54,196.02,45.96,43.45,0.99,4,-1,-1
136,306,617.09,209.21,45.79,48.09,1.00,4,-1,-1
136,324,278.38,375.39,46.18,111.82,0.88,1,-1,-1
136,153,1036.68,374.93,41.31,111.36,0.99,1,-1,-1
136,349,836.74,592.88,33.01,57.64,0.18,2,-1,-1
136,199,255.13,158.04,81.06,110.40,0.98,9,-1,-1
136,366,198.73,190.30,53.94,45.21,0.98,4,-1,-1
136,367,520.49,269.64,60.87,54.86,1.00,4,-1,-1
136,385,-7.98,729.69,124.42,200.58,0.70,4,-1,-1
136,386,531.93,641.11,111.15,142.66,1.00,4,-1,-1
136,388,304.71,712.24,143.27,159.09,1.00,4,-1,-1
136,344,437.62,150.54,40.62,38.21,0.96,4,-1,-1
136,91,888.30,375.10,32.57,96.70,0.99,1,-1,-1
136,393,159.80,415.04,54.43,109.41,0.99,1,-1,-1
136,142,999.87,357.77,35.33,113.25,0.97,1,-1,-1
136,357,1048.75,316.36,21.65,56.55,0.84,1,-1,-1
136,87,1078.14,297.78,22.93,58.52,0.55,1,-1,-1
136,396,251.32,384.32,57.85,116.79,0.97,1,-1,-1
136,398,483.65,109.52,31.68,27.68,0.90,4,-1,-1
136,399,760.59,329.38,26.70,43.78,0.68,3,-1,-1
136,400,761.85,319.80,24.26,45.64,0.98,2,-1,-1
136,42,617.74,52.56,24.35,22.09,0.93,4,-1,-1
136,284,352.41,176.01,48.69,41.38,0.97,4,-1,-1
136,401,1.37,357.96,90.71,74.28,0.42,4,-1,-1
136,402,191.18,236.39,64.91,48.49,0.86,4,-1,-1
136,403,304.93,165.88,42.18,41.39,0.81,4,-1,-1
136,404,322.27,146.71,43.76,36.17,0.81,4,-1,-1
136,405,474.88,85.08,28.11,23.55,0.71,4,-1,-1
136,406,490.22,332.82,68.87,60.28,1.00,4,-1,-1
136,407,506.79,92.80,26.88,23.95,0.43,4,-1,-1
136,408,574.59,335.17,63.85,58.32,0.99,4,-1,-1
136,409,715.95,130.27,20.56,30.46,0.60,10,-1,-1
136,411,732.12,124.64,20.20,30.88,0.46,10,-1,-1
136,413,1085.39,329.10,22.66,56.46,0.92,1,-1,-1
136,415,1318.40,362.20,31.12,72.90,0.95,1,-1,-1
136,346,1022.62,604.93,37.76,85.45,0.90,1,-1,-1
136,339,1211.44,306.97,28.41,75.75,0.93,1,-1,-1
136,244,1103.28,333.06,21.27,53.94,0.81,1,-1,-1
136,381,871.14,329.26,21.40,54.10,0.54,1,-1,-1
136,60,820.92,362.85,56.29,47.37,0.51,4,-1,-1
136,374,1067.27,309.81,22.37,56.42,0.52,1,-1,-1
136,267,717.98,156.41,22.54,35.29,0.40,10,-1,-1
136,416,637.08,28.33,20.64,19.60,0.47,4,-1,-1
136,417,664.72,36.02,23.87,22.58,0.71,4,-1,-1
136,420,1093.94,173.46,13.15,31.26,0.71,1,-1,-1
136,421,760.82,328.71,26.30,43.63,0.85,10,-1,-1
136,92,597.09,367.89,44.89,98.62,0.72,1,-1,-1
137,8,975.38,383.21,36.12,114.06,1.00,1,-1,-1
137,24,1119.23,407.43,41.28,115.71,0.96,1,-1,-1
137,41,306.32,293.66,79.75,65.85,0.99,4,-1,-1
137,52,678.14,126.34,32.15,31.90,1.00,4,-1,-1
137,55,742.99,146.09,36.92,36.24,0.98,4,-1,-1
137,56,693.83,97.26,29.85,30.30,0.99,4,-1,-1
137,58,797.51,278.74,56.94,55.23,0.99,4,-1,-1
137,59,812.54,320.88,60.83,63.06,0.99,4,-1,-1
137,71,1042.06,231.40,74.55,62.35,0.98,4,-1,-1
137,110,313.98,235.97,68.71,61.32,0.87,4,-1,-1
137,121,653.78,66.55,26.24,24.35,1.00,4,-1,-1
137,149,221.63,369.92,80.48,81.25,0.95,4,-1,-1
137,174,403.83,172.11,49.99,47.72,0.99,4,-1,-1
137,195,609.66,75.71,26.52,24.57,0.98,4,-1,-1
137,200,610.10,98.42,32.14,28.82,0.97,4,-1,-1
137,212,1017.89,313.68,21.62,55.96,0.87,1,-1,-1
137,216,487.79,144.15,41.90,40.04,0.97,4,-1,-1
137,220,68.08,271.21,187.43,152.33,0.85,9,-1,-1
137,229,385.79,141.86,42.17,37.08,0.93,4,-1,-1
137,235,1044.49,646.49,32.66,82.75,0.97,1,-1,-1
137,246,633.45,119.30,29.84,29.62,1.00,4,-1,-1
137,261,581.94,143.36,36.21,34.92,1.00,4,-1,-1
137,274,635.09,152.69,34.53,35.05,1.00,4,-1,-1
137,304,559.29,192.54,45.39,43.01,1.00,4,-1,-1
137,306,617.45,206.82,45.30,47.12,1.00,4,-1,-1
137,324,273.74,376.97,48.23,110.03,0.93,1,-1,-1
137,153,1043.01,374.57,44.64,111.22,0.98,1,-1,-1
137,199,255.24,159.29,80.84,109.55,0.99,9,-1,-1
137,366,196.62,192.30,53.52,44.68,0.98,4,-1,-1
137,367,521.85,265.39,60.67,53.96,0.99,4,-1,-1
137,385,-6.08,749.03,108.86,204.75,0.39,4,-1,-1
137,386,537.47,617.10,105.48,137.06,1.00,4,-1,-1
137,388,316.39,690.86,137.62,149.40,1.00,4,-1,-1
137,344,437.17,150.93,40.79,38.12,0.98,4,-1,-1
137,91,881.30,375.42,34.56,96.82,0.99,1,-1,-1
137,393,166.60,415.21,54.53,108.86,0.99,1,-1,-1
137,142,998.16,360.83,33.25,104.29,0.90,1,-1,-1
137,357,1048.87,316.86,21.37,55.54,0.80,1,-1,-1
137,87,1077.96,296.62,22.67,56.91,0.58,1,-1,-1
137,396,246.15,383.56,61.03,117.07,0.96,1,-1,-1
137,398,482.96,110.13,31.69,27.69,0.90,4,-1,-1
137,399,760.70,325.03,25.54,42.67,0.90,10,-1,-1
137,400,761.46,316.53,23.17,44.27,0.99,2,-1,-1
137,42,618.26,51.99,24.04,21.98,0.97,4,-1,-1
137,284,351.66,176.08,49.03,41.61,0.97,4,-1,-1
137,401,0.83,359.90,87.55,67.52,0.45,4,-1,-1
137,402,190.53,236.10,65.46,49.51,0.91,4,-1,-1
137,403,300.93,165.90,45.16,42.19,0.81,4,-1,-1
137,404,320.45,147.05,45.01,36.08,0.87,4,-1,-1
137,405,474.78,84.88,27.68,23.14,0.84,4,-1,-1
137,406,491.43,326.89,69.09,62.43,0.99,4,-1,-1
137,407,506.10,92.93,26.88,23.79,0.28,4,-1,-1
137,408,576.23,328.07,63.19,59.14,1.00,4,-1,-1
137,409,716.06,128.95,20.33,29.39,0.74,10,-1,-1
137,411,733.66,122.84,19.24,30.48,0.34,10,-1,-1
137,413,1085.44,327.65,22.59,57.01,0.71,1,-1,-1
137,415,1318.42,361.16,31.12,74.12,0.95,1,-1,-1
137,346,1020.99,602.28,39.68,88.28,0.97,1,-1,-1
137,339,1212.94,305.75,28.48,78.85,0.95,1,-1,-1
137,244,1102.52,331.58,22.07,56.99,0.74,1,-1,-1
137,381,870.74,328.82,21.35,53.60,0.60,1,-1,-1
137,60,821.76,361.88,55.34,45.83,0.40,4,-1,-1
137,374,1068.16,311.56,21.70,55.52,0.44,1,-1,-1
137,267,717.05,153.79,22.55,34.89,0.55,10,-1,-1
137,416,636.15,27.87,20.41,19.18,0.32,4,-1,-1
137,417,664.57,35.19,24.72,23.43,0.76,4,-1,-1
137,420,1091.92,172.81,14.07,32.49,0.74,1,-1,-1
137,92,589.24,370.67,47.46,94.95,0.66,1,-1,-1
137,422,981.95,590.19,34.66,76.80,0.79,1,-1,-1
138,8,986.10,384.23,38.05,109.97,0.99,1,-1,-1
138,24,1127.03,406.95,43.91,114.72,0.97,1,-1,-1
138,41,307.48,297.39,80.03,66.67,0.99,4,-1,-1
138,52,682.28,125.37,32.18,31.86,0.99,4,-1,-1
138,55,746.99,145.75,36.96,36.06,0.99,4,-1,-1
138,56,697.43,96.66,30.58,29.79,0.99,4,-1,-1
138,58,802.37,278.41,57.21,55.10,0.99,4,-1,-1
138,59,817.81,320.62,60.09,63.50,0.99,4,-1,-1
138,71,1046.89,231.57,73.35,60.15,0.98,4,-1,-1
138,110,316.29,238.03,69.79,62.12,0.94,4,-1,-1
138,121,657.78,65.85,26.27,24.44,0.99,4,-1,-1
138,174,407.41,173.04,49.90,47.69,0.99,4,-1,-1
138,195,614.40,75.35,26.30,23.88,0.98,4,-1,-1
138,200,615.08,97.19,32.15,28.68,0.99,4,-1,-1
138,212,1022.02,313.07,23.04,56.59,0.85,1,-1,-1
138,216,491.23,145.47,42.01,40.89,0.98,4,-1,-1
138,220,67.85,271.55,191.79,150.81,0.87,9,-1,-1
138,229,389.44,142.32,42.42,37.27,0.95,4,-1,-1
138,235,1050.91,646.25,32.24,82.77,0.98,1,-1,-1
138,246,638.30,117.75,29.77,29.33,1.00,4,-1,-1
138,261,587.14,141.49,35.67,34.59,0.99,4,-1,-1
138,274,638.69,150.88,35.28,34.58,0.99,4,-1,-1
138,304,565.22,189.57,44.83,42.65,1.00,4,-1,-1
138,306,622.31,204.64,45.17,46.57,1.00,4,-1,-1
138,324,273.48,377.86,51.94,107.76,0.90,1,-1,-1
138,153,1057.50,373.71,42.89,112.32,0.98,1,-1,-1
138,199,259.65,159.37,82.67,110.73,0.99,9,-1,-1
138,366,198.70,194.24,54.74,44.64,0.99,4,-1,-1
138,367,529.20,262.21,59.07,52.73,1.00,4,-1,-1
138,385,-3.45,768.32,99.91,209.20,0.50,4,-1,-1
138,386,549.07,593.71,100.68,132.92,0.99,4,-1,-1
138,388,334.02,669.50,133.90,144.10,0.99,4,-1,-1
138,344,441.14,151.97,41.65,38.11,0.97,4,-1,-1
138,91,881.41,376.39,36.13,95.31,0.99,1,-1,-1
138,393,181.67,415.43,50.80,107.38,0.99,1,-1,-1
138,142,997.64,356.98,34.09,101.27,0.92,1,-1,-1
138,357,1053.08,317.19,22.13,55.99,0.76,1,-1,-1
138,87,1082.10,295.27,23.42,58.19,0.60,1,-1,-1
138,396,245.06,382.20,61.27,118.02,0.95,1,-1,-1
138,398,486.17,110.76,32.13,27.90,0.95,4,-1,-1
138,399,764.73,321.78,25.16,41.90,0.89,10,-1,-1
138,400,765.33,312.01,23.65,45.04,0.98,2,-1,-1
138,42,622.38,52.21,23.94,21.64,0.94,4,-1,-1
138,284,355.25,176.57,49.57,41.87,0.98,4,-1,-1
138,401,2.18,359.70,90.99,68.33,0.65,4,-1,-1
138,402,195.11,236.07,65.26,49.65,0.86,4,-1,-1
138,403,305.14,166.42,45.05,41.63,0.89,4,-1,-1
138,404,324.67,147.36,44.64,36.46,0.92,4,-1,-1
138,405,479.22,84.85,27.12,23.12,0.81,4,-1,-1
138,406,499.45,321.96,68.37,61.92,1.00,4,-1,-1
138,407,509.50,93.49,26.90,23.64,0.18,4,-1,-1
138,408,582.97,321.72,61.53,59.83,1.00,4,-1,-1
138,409,720.02,128.71,20.28,28.54,0.73,10,-1,-1
138,413,1090.41,327.95,23.46,55.97,0.49,1,-1,-1
138,415,1323.52,361.54,31.14,72.06,0.84,1,-1,-1
138,346,1027.35,601.99,38.90,88.58,0.96,1,-1,-1
138,339,1220.12,305.24,26.93,77.33,0.75,1,-1,-1
138,244,1107.65,330.83,23.19,56.99,0.54,1,-1,-1
138,381,874.66,328.68,22.17,54.62,0.63,1,-1,-1
138,374,1073.48,309.36,22.30,57.99,0.28,1,-1,-1
138,267,721.09,151.45,22.59,36.15,0.44,10,-1,-1
138,416,639.72,25.63,20.34,20.72,0.34,4,-1,-1
138,417,667.99,34.52,25.01,24.08,0.91,4,-1,-1
138,420,1094.37,172.68,14.39,32.47,0.80,1,-1,-1
138,92,586.03,369.52,50.84,95.73,0.85,1,-1,-1
138,422,988.31,592.93,34.69,74.66,0.85,1,-1,-1
139,8,1014.20,386.54,39.33,108.84,0.97,1,-1,-1
139,24,1159.12,407.70,40.76,114.34,0.96,1,-1,-1
139,41,329.49,298.39,79.57,67.12,0.99,4,-1,-1
139,52,706.71,123.77,32.13,31.95,0.99,4,-1,-1
139,55,770.93,145.12,37.70,36.45,0.98,4,-1,-1
139,56,721.33,95.04,30.00,29.16,0.96,4,-1,-1
139,58,826.36,278.07,57.21,55.63,0.97,4,-1,-1
139,59,841.06,320.42,60.49,63.38,0.98,4,-1,-1
139,71,1070.14,231.10,74.40,61.58,0.99,4,-1,-1
139,110,339.97,237.58,70.05,62.53,0.98,4,-1,-1
139,121,681.89,63.97,26.23,24.42,0.99,4,-1,-1
139,174,432.24,172.21,49.36,47.55,0.99,4,-1,-1
139,195,638.76,74.46,26.99,23.27,0.99,4,-1,-1
139,200,640.27,95.46,32.11,28.49,0.99,4,-1,-1
139,212,1046.09,314.12,22.65,55.68,0.87,1,-1,-1
139,216,514.68,145.87,41.57,40.90,0.99,4,-1,-1
139,220,91.28,271.10,191.13,145.91,0.90,9,-1,-1
139,229,414.96,141.52,41.65,36.58,0.95,4,-1,-1
139,235,1073.11,647.51,31.96,82.03,0.96,1,-1,-1
139,246,662.62,115.59,30.50,29.57,0.99,4,-1,-1
139,261,612.13,138.74,35.62,34.19,0.99,4,-1,-1
139,274,662.50,148.41,35.50,34.17,0.99,4,-1,-1
139,304,590.78,185.57,43.56,42.00,1.00,4,-1,-1
139,306,647.25,200.83,44.26,46.45,0.99,4,-1,-1
139,324,291.20,373.52,54.97,108.90,0.97,1,-1,-1
139,153,1090.89,372.81,38.73,111.24,0.96,1,-1,-1
139,199,286.10,157.71,83.02,111.28,0.98,9,-1,-1
139,366,223.08,193.65,54.30,43.35,0.96,4,-1,-1
139,367,555.34,256.80,58.20,52.17,0.99,4,-1,-1
139,385,2.35,782.92,104.60,214.66,0.49,4,-1,-1
139,386,575.16,576.99,97.16,122.63,0.94,4,-1,-1
139,388,366.94,646.87,129.25,139.11,0.99,4,-1,-1
139,344,465.36,150.92,41.88,37.98,0.98,4,-1,-1
139,91,900.07,377.17,35.78,93.95,0.99,1,-1,-1
139,393,217.71,410.84,47.64,106.87,0.96,1,-1,-1
139,142,1014.52,356.43,31.01,90.31,0.95,1,-1,-1
139,357,1076.36,318.06,22.31,56.18,0.82,1,-1,-1
139,87,1105.42,295.60,22.79,58.69,0.65,1,-1,-1
139,396,264.48,379.33,55.42,117.69,0.98,1,-1,-1
139,398,510.14,110.67,33.05,27.53,0.96,4,-1,-1
139,399,787.54,317.91,24.97,41.70,0.81,10,-1,-1
139,400,788.12,307.91,23.74,44.54,0.99,2,-1,-1
139,42,646.96,51.11,23.87,21.59,0.96,4,-1,-1
139,401,17.72,355.85,108.73,62.98,0.25,4,-1,-1
139,402,222.36,233.62,64.89,49.19,0.82,4,-1,-1
139,403,328.40,164.34,46.98,42.32,0.82,4,-1,-1
139,404,350.01,145.81,44.40,36.62,0.86,4,-1,-1
139,405,504.27,83.80,27.31,23.37,0.78,4,-1,-1
139,406,526.94,314.80,66.76,61.36,1.00,4,-1,-1
139,407,534.18,93.22,26.45,23.23,0.26,4,-1,-1
139,408,609.41,313.45,60.23,60.97,1.00,4,-1,-1
139,413,1113.51,327.86,23.67,57.73,0.63,1,-1,-1
139,415,1346.58,363.33,31.01,74.29,0.95,1,-1,-1
139,346,1049.33,603.73,39.19,88.16,0.97,1,-1,-1
139,339,1245.66,306.76,26.23,79.09,0.65,1,-1,-1
139,244,1131.24,331.04,21.93,57.80,0.59,1,-1,-1
139,381,897.41,328.07,23.18,56.20,0.80,1,-1,-1
139,374,1097.98,310.31,22.42,57.38,0.34,1,-1,-1
139,267,744.64,149.69,21.74,34.55,0.51,2,-1,-1
139,417,691.92,32.74,25.07,24.52,0.57,4,-1,-1
139,420,1116.40,172.40,15.30,33.33,0.64,1,-1,-1
139,92,601.00,365.59,49.44,98.86,0.96,1,-1,-1
139,422,1009.88,594.90,34.60,73.37,0.88,1,-1,-1
139,423,-0.04,678.94,44.94,166.15,0.60,4,-1,-1
139,424,486.49,136.79,32.87,29.96,0.65,4,-1,-1
139,425,568.97,532.51,112.36,167.34,0.78,4,-1,-1
139,426,969.40,303.01,23.91,46.62,0.81,2,-1,-1
139,215,381.80,175.80,50.23,41.65,0.98,4,-1,-1
140,8,1025.19,384.79,42.28,112.31,0.97,1,-1,-1
140,24,1171.98,407.07,39.62,116.72,0.98,1,-1,-1
140,41,333.26,300.96,80.14,67.11,0.99,4,-1,-1
140,52,716.14,122.83,31.34,31.59,0.99,4,-1,-1
140,55,778.95,145.06,37.99,36.92,0.98,4,-1,-1
140,56,729.75,93.86,29.80,29.56,0.99,4,-1,-1
140,58,832.10,277.69,58.02,55.63,0.97,4,-1,-1
140,59,846.95,319.75,60.66,62.42,0.99,4,-1,-1
140,71,1077.01,231.53,74.01,61.41,0.99,4,-1,-1
140,110,346.22,238.70,70.14,62.34,0.98,4,-1,-1
140,121,691.55,63.34,25.43,23.97,0.99,4,-1,-1
140,174,440.13,172.80,49.94,47.58,0.98,4,-1,-1
140,195,648.93,73.96,25.67,22.50,0.99,4,-1,-1
140,200,649.98,94.20,32.11,28.27,1.00,4,-1,-1
140,212,1052.96,314.89,21.76,55.26,0.93,1,-1,-1
140,216,521.76,147.57,42.19,41.24,0.98,4,-1,-1
140,220,93.98,272.75,195.22,144.73,0.78,9,-1,-1
140,229,423.29,141.71,42.15,36.72,0.94,4,-1,-1
140,235,1076.74,647.94,32.73,82.44,0.98,1,-1,-1
140,246,671.62,113.87,30.78,29.42,0.98,4,-1,-1
140,261,621.84,136.74,34.82,33.73,1.00,4,-1,-1
140,274,670.57,146.24,34.81,33.91,0.98,4,-1,-1
140,304,600.14,182.70,42.93,41.09,0.99,4,-1,-1
140,306,655.39,198.11,43.97,45.94,1.00,4,-1,-1
140,324,291.17,372.36,51.83,109.20,0.92,1,-1,-1
140,153,1106.04,371.04,36.47,111.84,0.98,1,-1,-1
140,199,294.61,158.35,81.71,110.49,0.98,9,-1,-1
140,366,230.98,194.37,54.71,43.53,0.98,4,-1,-1
140,367,564.77,252.90,56.72,51.07,1.00,4,-1,-1
140,385,-0.11,801.55,97.76,217.12,0.38,4,-1,-1
140,386,581.54,562.51,97.28,113.78,0.86,4,-1,-1
140,388,381.51,631.41,124.59,131.31,0.99,4,-1,-1
140,344,473.56,151.07,41.58,38.32,0.98,4,-1,-1
140,91,900.90,376.94,34.92,94.49,0.99,1,-1,-1
140,393,234.68,408.18,49.05,108.48,0.96,1,-1,-1
140,142,1012.92,355.65,32.44,99.37,0.96,1,-1,-1
140,357,1082.52,319.89,22.43,55.02,0.92,1,-1,-1
140,87,1111.18,295.58,22.61,56.55,0.71,1,-1,-1
140,396,267.45,377.16,52.68,116.18,0.99,1,-1,-1
140,398,518.94,111.09,32.58,28.14,0.96,4,-1,-1
140,399,793.34,312.79,24.94,43.67,0.57,10,-1,-1
140,400,793.91,303.87,23.80,45.83,0.95,2,-1,-1
140,42,656.02,50.28,23.85,21.18,0.98,4,-1,-1
140,401,19.08,355.04,117.19,61.30,0.16,4,-1,-1
140,402,231.53,232.96,64.98,50.76,0.92,4,-1,-1
140,403,334.32,164.40,48.87,43.10,0.55,4,-1,-1
140,404,359.08,146.09,43.90,36.60,0.87,4,-1,-1
140,405,512.45,83.44,28.20,24.04,0.82,4,-1,-1
140,406,536.52,309.42,65.81,59.77,1.00,4,-1,-1
140,407,542.23,93.25,27.12,23.66,0.25,4,-1,-1
140,408,618.38,307.02,57.95,60.05,0.99,4,-1,-1
140,413,1120.42,326.94,22.97,57.10,0.71,1,-1,-1
140,415,1351.33,365.47,31.01,74.20,0.97,1,-1,-1
140,346,1053.34,603.00,38.56,88.84,0.95,1,-1,-1
140,339,1252.09,306.57,27.69,83.53,0.96,1,-1,-1
140,244,1137.90,330.64,22.32,58.03,0.71,1,-1,-1
140,381,903.10,327.75,24.37,57.52,0.63,1,-1,-1
140,374,1104.57,313.54,21.71,55.09,0.59,1,-1,-1
140,267,751.77,149.47,22.27,34.16,0.53,10,-1,-1
140,417,701.21,33.03,24.27,23.78,0.71,4,-1,-1
140,420,1122.50,172.98,14.78,31.87,0.80,1,-1,-1
140,92,600.29,363.86,45.78,98.77,0.43,1,-1,-1
140,422,1014.44,589.82,34.62,78.29,0.87,1,-1,-1
140,425,573.57,527.19,118.97,155.21,0.90,4,-1,-1
140,426,975.54,303.18,22.92,46.63,0.61,1,-1,-1
140,215,389.40,174.93,48.91,41.73,0.97,4,-1,-1
140,427,69.40,282.84,21.96,48.86,0.65,1,-1,-1
140,428,87.41,317.36,103.99,65.14,0.77,4,-1,-1
140,429,975.38,303.31,23.91,46.62,0.74,2,-1,-1
140,430,1007.65,369.95,37.05,105.79,0.81,1,-1,-1
140,431,1225.20,307.79,26.30,79.49,0.61,1,-1,-1
140,198,933.36,331.19,22.78,51.94,0.54,1,-1,-1
141,8,1029.43,382.87,44.27,115.95,0.99,1,-1,-1
141,24,1179.72,407.01,38.55,109.01,0.97,1,-1,-1
141,41,329.85,305.09,80.80,67.76,0.99,4,-1,-1
141,52,716.92,122.36,31.08,31.21,0.99,4,-1,-1
141,55,779.23,145.26,38.94,36.90,0.99,4,-1,-1
141,56,730.52,93.26,29.77,29.88,0.99,4,-1,-1
141,58,831.67,277.77,58.39,55.65,0.96,4,-1,-1
141,59,846.62,320.01,60.81,62.36,0.99,4,-1,-1
141,71,1077.39,231.93,73.16,60.26,0.97,4,-1,-1
141,110,344.63,241.53,70.61,62.54,0.98,4,-1,-1
141,121,692.76,63.16,25.16,23.29,0.97,4,-1,-1
141,174,440.41,174.35,49.82,47.53,0.99,4,-1,-1
141,195,650.36,73.33,25.20,22.09,0.99,4,-1,-1
141,200,651.60,93.31,32.15,28.35,1.00,4,-1,-1
141,212,1053.83,315.24,21.50,55.48,0.94,1,-1,-1
141,216,521.14,150.07,42.85,41.45,0.98,4,-1,-1
141,220,85.72,275.99,200.94,147.25,0.75,9,-1,-1
141,229,423.89,142.83,41.99,36.91,0.94,4,-1,-1
141,235,1076.35,647.78,32.31,83.35,0.98,1,-1,-1
141,246,672.62,112.80,30.14,29.23,0.99,4,-1,-1
141,261,623.10,135.03,34.58,33.82,1.00,4,-1,-1
141,274,671.28,144.91,34.60,33.98,1.00,4,-1,-1
141,304,601.89,180.15,42.17,40.71,0.99,4,-1,-1
141,306,656.13,196.03,43.94,45.32,1.00,4,-1,-1
141,324,285.68,372.29,48.66,110.39,0.98,1,-1,-1
141,153,1112.41,371.20,39.11,112.79,0.98,1,-1,-1
141,199,295.32,160.12,82.09,110.24,0.97,9,-1,-1
141,366,229.98,196.85,55.29,43.53,0.97,4,-1,-1
141,367,566.80,249.75,55.87,50.61,1.00,4,-1,-1
141,385,-2.37,823.83,85.00,215.40,0.27,4,-1,-1
141,386,584.53,563.92,87.52,89.21,0.83,4,-1,-1
141,388,390.43,619.55,119.18,120.09,1.00,4,-1,-1
141,344,473.97,152.01,41.10,38.59,0.98,4,-1,-1
141,91,896.18,376.89,33.91,95.04,0.99,1,-1,-1
141,393,243.44,409.61,49.65,105.86,0.95,1,-1,-1
141,142,1006.21,354.86,33.00,103.17,0.95,1,-1,-1
141,357,1081.94,320.40,23.33,55.36,0.91,1,-1,-1
141,87,1111.25,295.13,22.61,55.97,0.64,1,-1,-1
141,396,263.14,377.26,49.04,115.97,0.97,1,-1,-1
141,398,519.50,112.21,32.02,28.24,0.96,4,-1,-1
141,399,793.42,309.37,24.17,44.36,0.40,10,-1,-1
141,400,793.96,300.24,23.07,45.09,0.98,2,-1,-1
141,42,656.97,49.43,23.87,21.39,0.98,4,-1,-1
141,401,14.62,356.86,115.86,59.42,0.20,4,-1,-1
141,402,232.54,233.60,65.07,50.87,0.94,4,-1,-1
141,403,330.67,164.29,52.76,43.94,0.25,4,-1,-1
141,404,358.70,147.23,44.57,36.94,0.82,4,-1,-1
141,405,512.89,84.15,27.75,24.06,0.83,4,-1,-1
141,406,539.03,304.82,65.16,59.49,1.00,4,-1,-1
141,407,542.05,93.99,27.39,23.80,0.31,4,-1,-1
141,408,619.46,301.11,58.08,59.71,1.00,4,-1,-1
141,413,1120.52,326.00,22.77,56.43,0.75,1,-1,-1
141,415,1349.11,366.62,31.09,73.73,0.96,1,-1,-1
141,346,1053.02,603.80,38.41,88.06,0.96,1,-1,-1
141,339,1252.78,306.36,28.28,85.59,0.92,1,-1,-1
141,244,1138.30,329.90,22.52,55.74,0.61,1,-1,-1
141,381,903.10,327.67,24.11,56.84,0.65,1,-1,-1
141,374,1104.93,314.35,22.32,55.00,0.65,1,-1,-1
141,267,751.73,148.74,22.50,34.34,0.47,10,-1,-1
141,417,701.86,32.90,24.00,23.88,0.80,4,-1,-1
141,420,1121.04,172.23,13.75,32.16,0.88,1,-1,-1
141,92,597.08,385.44,37.21,78.97,0.80,1,-1,-1
141,422,1014.49,584.66,34.69,83.50,0.93,1,-1,-1
141,425,574.85,532.35,111.49,127.99,0.74,4,-1,-1
141,426,975.89,303.63,22.76,46.04,0.67,1,-1,-1
141,215,389.28,175.66,48.52,41.70,0.97,4,-1,-1
141,427,69.14,282.50,22.41,48.50,0.75,1,-1,-1
141,430,1000.01,384.78,38.01,92.88,0.91,1,-1,-1
141,431,1226.16,308.27,26.30,77.10,0.57,1,-1,-1
141,198,934.07,331.04,22.67,52.44,0.51,1,-1,-1
141,432,796.68,366.96,29.88,46.62,0.61,2,-1,-1
141,433,1169.61,433.90,41.84,109.37,0.89,1,-1,-1
142,8,1035.05,382.55,44.28,116.93,0.99,1,-1,-1
142,24,1184.68,407.22,40.19,107.45,0.97,1,-1,-1
142,41,325.18,308.93,81.81,68.36,0.99,4,-1,-1
142,52,717.17,121.50,31.00,31.02,0.99,4,-1,-1
142,55,779.31,145.46,39.29,36.69,0.98,4,-1,-1
142,56,730.38,92.70,29.77,29.71,0.99,4,-1,-1
142,58,831.86,277.92,57.74,55.54,0.97,4,-1,-1
142,59,846.84,320.31,60.87,62.33,0.99,4,-1,-1
142,71,1077.10,231.89,73.65,61.00,0.98,4,-1,-1
142,110,342.55,243.47,70.77,63.76,0.98,4,-1,-1
142,121,693.57,62.69,24.27,22.97,0.98,4,-1,-1
142,174,440.15,175.55,49.76,47.29,0.99,4,-1,-1
142,195,651.23,72.27,25.84,22.14,0.98,4,-1,-1
142,200,653.34,92.41,31.38,27.69,1.00,4,-1,-1
142,212,1054.12,314.96,22.21,55.56,0.94,1,-1,-1
142,216,519.76,152.03,43.09,42.04,0.98,4,-1,-1
142,220,82.47,279.71,201.95,149.73,0.79,9,-1,-1
142,229,423.56,143.58,41.92,37.17,0.95,4,-1,-1
142,235,1076.13,647.73,32.17,83.68,0.98,1,-1,-1
142,246,673.35,111.60,29.90,28.96,0.99,4,-1,-1
142,261,623.51,133.36,34.51,33.91,1.00,4,-1,-1
142,274,671.53,143.62,33.74,33.62,1.00,4,-1,-1
142,304,603.46,177.97,41.72,39.98,1.00,4,-1,-1
142,306,656.76,193.71,43.15,45.10,1.00,4,-1,-1
142,324,278.67,372.69,48.45,109.64,0.95,1,-1,-1
142,153,1117.32,371.68,44.72,113.53,0.98,1,-1,-1
142,199,295.52,160.93,81.73,110.87,0.98,9,-1,-1
142,366,228.82,199.18,54.90,43.31,0.98,4,-1,-1
142,367,568.85,246.76,55.39,49.85,1.00,4,-1,-1
142,385,-2.73,844.70,67.21,209.76,0.20,4,-1,-1
142,388,399.03,613.24,113.34,104.37,0.99,4,-1,-1
142,344,473.39,153.00,40.90,38.53,0.98,4,-1,-1
142,91,889.81,377.65,35.14,95.23,0.99,1,-1,-1
142,393,249.93,411.44,54.83,108.00,0.97,1,-1,-1
142,142,1002.29,354.79,33.24,107.72,0.96,1,-1,-1
142,357,1081.70,321.95,23.68,54.30,0.93,1,-1,-1
142,87,1112.06,294.68,21.82,56.05,0.71,1,-1,-1
142,396,256.34,377.91,52.54,115.50,0.98,1,-1,-1
142,398,519.29,113.13,31.81,28.37,0.96,4,-1,-1
142,399,793.04,305.83,23.90,42.25,0.56,10,-1,-1
142,400,793.17,297.54,22.80,43.29,0.98,2,-1,-1
142,42,657.70,48.75,23.08,21.27,0.98,4,-1,-1
142,401,17.09,357.46,104.19,56.32,0.18,4,-1,-1
142,402,232.54,233.82,65.51,51.49,0.98,4,-1,-1
142,403,326.97,164.41,56.14,44.84,0.50,4,-1,-1
142,404,359.14,148.02,43.60,37.07,0.82,4,-1,-1
142,405,512.83,84.58,27.98,24.27,0.78,4,-1,-1
142,406,540.83,300.70,65.36,58.96,1.00,4,-1,-1
142,407,542.36,94.38,27.48,24.05,0.45,4,-1,-1
142,408,621.39,295.85,57.34,59.06,1.00,4,-1,-1
142,413,1120.13,325.87,22.70,55.38,0.81,1,-1,-1
142,415,1345.87,366.83,32.72,73.16,0.97,1,-1,-1
142,346,1052.49,603.31,38.34,88.52,0.96,1,-1,-1
142,339,1252.98,306.49,28.52,87.51,0.90,1,-1,-1
142,244,1139.61,326.47,22.60,56.04,0.40,1,-1,-1
142,381,903.45,327.86,23.22,55.76,0.58,1,-1,-1
142,374,1105.02,315.62,22.54,53.77,0.70,1,-1,-1
142,417,702.08,32.43,23.90,24.13,0.87,4,-1,-1
142,420,1119.34,171.98,14.19,32.46,0.87,1,-1,-1
142,92,584.29,370.23,43.72,96.47,0.91,1,-1,-1
142,422,1014.10,583.75,34.71,84.42,0.94,1,-1,-1
142,426,975.97,303.90,22.70,45.50,0.61,1,-1,-1
142,215,388.88,176.37,48.39,41.49,0.97,4,-1,-1
142,427,68.99,282.55,22.07,48.31,0.67,1,-1,-1
142,430,995.79,389.19,40.02,88.37,0.95,1,-1,-1
142,431,1226.33,308.13,26.30,78.49,0.26,1,-1,-1
142,198,934.25,330.99,22.63,52.62,0.52,1,-1,-1
142,432,796.67,364.34,27.01,44.70,0.78,2,-1,-1
142,433,1174.86,437.25,42.79,106.02,0.96,1,-1,-1
142,409,753.52,123.95,20.28,30.92,0.51,10,-1,-1
143,8,1042.80,381.15,41.15,118.08,0.98,1,-1,-1
143,24,1187.52,408.37,43.54,115.23,0.99,1,-1,-1
143,41,320.99,313.09,82.55,69.34,0.99,4,-1,-1
143,52,717.65,120.47,30.98,31.35,1.00,4,-1,-1
143,55,779.33,145.65,39.43,36.65,0.98,4,-1,-1
143,56,730.32,91.89,29.78,29.94,0.99,4,-1,-1
143,58,831.92,277.84,57.49,55.49,0.97,4,-1,-1
143,59,846.52,320.29,61.69,63.10,0.99,4,-1,-1
143,71,1076.99,231.83,73.85,61.47,0.99,4,-1,-1
143,110,339.88,245.67,71.98,64.49,0.98,4,-1,-1
143,121,693.86,61.88,23.95,22.97,0.99,4,-1,-1
143,174,439.51,176.43,50.12,47.18,0.98,4,-1,-1
143,195,651.53,70.94,26.08,22.90,0.99,4,-1,-1
143,200,654.35,91.00,31.10,27.04,0.98,4,-1,-1
143,212,1054.22,314.71,22.48,55.99,0.93,1,-1,-1
143,216,518.31,154.21,43.17,42.31,0.97,4,-1,-1
143,220,81.70,283.43,200.23,143.23,0.74,9,-1,-1
143,229,422.87,144.34,41.89,37.21,0.96,4,-1,-1
143,235,1076.01,647.79,32.13,83.80,0.98,1,-1,-1
143,246,673.61,110.58,29.82,28.96,1.00,4,-1,-1
143,261,624.82,131.49,33.70,33.75,0.99,4,-1,-1
143,274,671.62,142.24,33.44,33.14,1.00,4,-1,-1
143,304,604.98,175.25,41.38,40.13,0.98,4,-1,-1
143,306,656.96,191.31,42.88,45.03,0.99,4,-1,-1
143,324,273.59,373.12,47.87,110.11,0.97,1,-1,-1
143,153,1122.50,372.34,47.57,113.78,0.96,1,-1,-1
143,199,295.44,161.86,81.96,110.69,0.95,9,-1,-1
143,366,226.83,201.26,54.92,43.82,0.97,4,-1,-1
143,367,570.52,243.58,55.04,49.58,1.00,4,-1,-1
143,388,404.81,589.17,112.39,113.41,0.87,4,-1,-1
143,344,472.42,153.89,41.20,38.69,0.96,4,-1,-1
143,91,882.11,377.98,37.94,96.07,0.99,1,-1,-1
143,393,256.72,411.38,54.16,106.41,0.98,1,-1,-1
143,142,996.70,355.43,34.12,108.30,0.97,1,-1,-1
143,357,1082.40,322.77,23.03,53.91,0.91,1,-1,-1
143,87,1112.41,294.10,22.34,56.58,0.66,1,-1,-1
143,396,251.42,377.98,48.82,110.53,0.95,1,-1,-1
143,398,518.82,114.10,31.73,28.42,0.93,4,-1,-1
143,399,792.91,302.18,23.81,41.75,0.65,10,-1,-1
143,400,792.90,294.02,22.70,42.93,0.97,2,-1,-1
143,42,657.96,48.25,22.79,21.02,0.98,4,-1,-1
143,402,232.39,233.80,65.68,52.52,0.97,4,-1,-1
143,403,321.91,164.15,58.97,46.55,0.28,4,-1,-1
143,404,358.30,148.89,43.23,37.11,0.85,4,-1,-1
143,405,513.20,85.39,27.27,23.75,0.67,4,-1,-1
143,406,543.19,295.99,63.84,57.96,1.00,4,-1,-1
143,407,542.08,94.76,27.52,24.25,0.50,4,-1,-1
143,408,622.82,290.57,57.11,58.41,1.00,4,-1,-1
143,413,1119.58,325.30,22.68,55.42,0.81,1,-1,-1
143,415,1344.70,366.75,33.32,72.55,0.96,1,-1,-1
143,346,1051.51,603.98,39.10,87.89,0.94,1,-1,-1
143,339,1252.23,306.82,30.19,90.14,0.88,1,-1,-1
143,244,1140.50,307.03,23.42,62.18,0.52,1,-1,-1
143,381,903.58,328.19,22.87,55.33,0.67,1,-1,-1
143,374,1105.45,316.52,21.84,53.32,0.72,1,-1,-1
143,417,702.16,32.38,23.06,23.83,0.78,4,-1,-1
143,420,1117.58,171.95,14.34,31.76,0.85,1,-1,-1
143,92,572.95,366.95,50.35,99.51,0.93,1,-1,-1
143,422,1013.98,585.69,34.71,82.96,0.91,1,-1,-1
143,426,975.99,304.00,22.69,46.71,0.64,1,-1,-1
143,215,388.39,176.79,48.34,41.79,0.98,4,-1,-1
143,427,68.54,282.57,22.51,48.72,0.65,1,-1,-1
143,430,990.27,385.17,39.81,93.36,0.95,1,-1,-1
143,431,1226.39,310.91,28.16,81.27,0.15,1,-1,-1
143,198,934.70,331.23,21.82,53.85,0.64,1,-1,-1
143,432,794.75,359.89,28.35,46.20,0.86,2,-1,-1
143,433,1179.98,426.54,46.18,116.08,0.93,1,-1,-1
143,409,753.62,122.47,20.32,30.93,0.40,10,-1,-1
143,434,793.09,371.74,33.47,40.04,0.79,10,-1,-1
144,8,1052.61,381.11,36.70,116.54,0.99,1,-1,-1
144,24,1190.73,410.23,46.33,125.00,0.98,1,-1,-1
144,41,316.73,317.77,82.80,69.30,0.99,4,-1,-1
144,52,717.75,119.60,30.98,31.48,1.00,4,-1,-1
144,55,779.28,145.89,39.48,36.83,0.98,4,-1,-1
144,56,729.84,91.25,29.79,29.53,0.98,4,-1,-1
144,58,831.48,278.08,58.19,56.05,0.97,4,-1,-1
144,59,846.72,320.95,61.21,62.99,0.98,4,-1,-1
144,71,1077.30,232.07,73.15,61.64,0.99,4,-1,-1
144,110,337.12,248.39,72.42,65.04,0.98,4,-1,-1
144,121,693.89,61.29,23.84,22.88,0.99,4,-1,-1
144,174,438.83,176.92,50.25,47.72,0.98,4,-1,-1
144,195,652.35,69.85,25.39,23.08,1.00,4,-1,-1
144,200,655.42,89.76,30.20,26.80,0.99,4,-1,-1
144,212,1054.20,315.26,22.59,55.76,0.96,1,-1,-1
144,216,516.57,156.24,43.19,42.58,0.98,4,-1,-1
144,220,78.93,286.23,199.95,147.85,0.64,9,-1,-1
144,229,422.38,145.05,41.88,37.65,0.94,4,-1,-1
144,235,1075.10,648.30,32.92,83.84,0.98,1,-1,-1
144,246,674.41,109.43,29.01,28.47,1.00,4,-1,-1
144,261,626.02,130.05,33.41,33.20,0.99,4,-1,-1
144,274,671.99,140.98,32.54,32.46,0.99,4,-1,-1
144,304,605.82,173.04,41.28,39.40,1.00,4,-1,-1
144,306,657.35,189.81,42.81,44.02,1.00,4,-1,-1
144,324,269.66,374.56,46.85,108.70,0.95,1,-1,-1
144,153,1131.39,372.11,46.45,114.25,0.98,1,-1,-1
144,199,295.18,162.87,82.04,110.97,0.90,9,-1,-1
144,366,224.05,202.88,54.92,44.19,0.98,4,-1,-1
144,367,571.79,241.03,54.55,48.70,1.00,4,-1,-1
144,388,410.50,571.07,106.86,114.85,0.96,4,-1,-1
144,344,472.03,154.96,40.53,38.74,0.97,4,-1,-1
144,91,874.63,379.55,41.29,95.59,0.99,1,-1,-1
144,393,267.02,414.25,49.13,102.98,0.96,1,-1,-1
144,142,989.63,356.38,36.02,113.88,0.98,1,-1,-1
144,357,1083.03,323.51,22.78,52.57,0.92,1,-1,-1
144,87,1112.49,293.19,22.53,58.74,0.71,1,-1,-1
144,396,247.05,379.69,41.96,109.09,0.95,1,-1,-1
144,398,517.98,115.42,31.70,28.43,0.94,4,-1,-1
144,399,791.20,298.33,24.60,41.69,0.70,10,-1,-1
144,400,791.55,290.51,23.47,42.61,0.98,2,-1,-1
144,42,657.99,47.97,22.69,20.73,0.98,4,-1,-1
144,402,231.92,234.23,65.74,52.70,0.97,4,-1,-1
144,403,320.82,164.18,58.52,47.78,0.17,4,-1,-1
144,404,358.11,149.43,41.89,37.12,0.72,4,-1,-1
144,405,512.66,85.62,27.00,23.85,0.66,4,-1,-1
144,406,544.69,292.18,63.71,57.48,0.99,4,-1,-1
144,407,541.71,95.52,27.93,24.33,0.55,4,-1,-1
144,408,624.02,285.60,56.25,57.26,1.00,4,-1,-1
144,413,1118.53,324.16,23.48,56.64,0.80,1,-1,-1
144,415,1343.47,366.57,33.53,71.93,0.95,1,-1,-1
144,346,1051.09,606.09,39.38,86.65,0.94,1,-1,-1
144,339,1251.89,307.43,30.81,90.36,0.87,1,-1,-1
144,244,1138.04,316.76,23.73,60.17,0.64,1,-1,-1
144,381,903.57,328.78,22.74,54.77,0.62,1,-1,-1
144,374,1105.96,316.49,21.58,54.35,0.74,1,-1,-1
144,417,701.72,32.40,22.76,23.35,0.75,4,-1,-1
144,420,1115.76,172.31,14.39,31.90,0.76,1,-1,-1
144,92,565.18,366.81,52.98,99.61,0.94,1,-1,-1
144,422,1013.50,587.42,34.70,81.48,0.91,1,-1,-1
144,426,976.38,304.40,22.69,47.00,0.62,2,-1,-1
144,215,387.60,177.52,48.73,42.10,0.98,4,-1,-1
144,427,67.97,282.94,22.90,48.97,0.63,1,-1,-1
144,431,1228.10,310.52,28.74,83.44,0.29,1,-1,-1
144,198,934.38,331.59,21.52,53.54,0.73,1,-1,-1
144,432,793.66,355.48,27.84,46.23,0.70,2,-1,-1
144,409,753.59,120.77,20.34,31.52,0.28,10,-1,-1
144,434,792.55,366.80,31.56,41.48,0.52,10,-1,-1
144,435,108.10,220.09,21.07,42.13,0.66,1,-1,-1
144,436,950.87,992.11,57.38,77.70,0.78,10,-1,-1
145,8,1059.15,381.37,36.74,117.49,0.99,1,-1,-1
145,24,1194.86,411.77,46.67,130.67,0.98,1,-1,-1
145,41,312.36,322.51,83.65,68.46,0.99,4,-1,-1
145,52,718.19,118.90,30.99,31.52,0.99,4,-1,-1
145,55,779.65,146.41,39.49,36.84,0.98,4,-1,-1
145,56,729.67,90.39,29.80,29.47,0.97,4,-1,-1
145,58,831.33,278.45,57.67,55.86,0.97,4,-1,-1
145,59,846.01,320.88,61.82,63.33,0.98,4,-1,-1
145,71,1077.42,232.52,72.89,61.30,0.99,4,-1,-1
145,110,334.44,251.06,72.96,65.41,0.99,4,-1,-1
145,121,693.90,60.58,23.81,23.17,1.00,4,-1,-1
145,174,438.25,177.88,49.90,48.11,0.98,4,-1,-1
145,195,653.05,68.99,25.13,22.91,0.99,4,-1,-1
145,200,656.60,88.50,29.88,26.72,0.98,4,-1,-1
145,212,1054.20,316.11,22.64,56.45,0.96,1,-1,-1
145,216,514.41,158.44,44.36,43.06,0.98,4,-1,-1
145,220,77.93,289.08,197.99,131.91,0.55,9,-1,-1
145,229,421.86,145.71,42.26,37.81,0.94,4,-1,-1
145,235,1074.38,648.94,33.22,83.83,0.97,1,-1,-1
145,246,675.51,108.17,28.71,28.19,1.00,4,-1,-1
145,261,626.84,128.85,33.32,32.84,0.99,4,-1,-1
145,274,671.75,138.94,33.03,32.27,1.00,4,-1,-1
145,304,607.50,170.34,40.67,39.13,1.00,4,-1,-1
145,306,657.88,188.35,42.00,43.25,1.00,4,-1,-1
145,324,264.00,376.81,42.68,104.95,0.91,1,-1,-1
145,153,1141.57,372.67,42.83,112.83,0.97,1,-1,-1
145,199,294.65,163.86,82.16,111.23,0.90,9,-1,-1
145,366,221.07,204.35,54.90,45.50,0.98,4,-1,-1
145,367,573.41,238.03,52.80,48.18,1.00,4,-1,-1
145,388,411.20,544.48,110.14,126.23,0.66,4,-1,-1
145,344,471.37,156.32,40.26,38.74,0.94,4,-1,-1
145,91,869.21,380.60,42.60,95.77,1.00,1,-1,-1
145,393,275.50,414.44,44.47,100.86,0.93,1,-1,-1
145,142,982.47,357.20,38.29,117.50,0.96,1,-1,-1
145,357,1083.28,324.81,22.69,52.08,0.96,1,-1,-1
145,87,1110.96,292.24,24.98,64.70,0.76,1,-1,-1
145,396,244.65,379.99,41.81,113.03,0.99,1,-1,-1
145,398,517.10,116.94,32.08,28.13,0.92,4,-1,-1
145,399,790.21,295.50,24.89,41.28,0.72,10,-1,-1
145,400,791.09,287.71,22.97,42.80,0.99,2,-1,-1
145,42,657.99,47.63,22.66,20.66,0.98,4,-1,-1
145,402,231.65,234.67,65.56,52.75,0.98,4,-1,-1
145,404,357.88,150.18,40.98,37.32,0.81,4,-1,-1
145,405,512.87,85.91,26.10,23.49,0.44,4,-1,-1
145,406,547.39,288.43,61.67,56.09,1.00,4,-1,-1
145,407,541.40,96.11,27.68,24.35,0.49,4,-1,-1
145,408,625.62,280.76,55.16,56.52,0.99,4,-1,-1
145,413,1117.77,323.02,23.77,56.71,0.72,1,-1,-1
145,415,1342.26,367.32,33.60,70.91,0.95,1,-1,-1
145,346,1051.76,606.73,38.70,87.15,0.94,1,-1,-1
145,339,1253.29,308.51,29.50,89.60,0.88,1,-1,-1
145,244,1137.10,321.24,23.86,58.88,0.60,1,-1,-1
145,381,902.78,329.27,23.49,54.95,0.54,1,-1,-1
145,374,1105.75,317.89,21.49,54.35,0.64,1,-1,-1
145,417,701.57,32.23,22.66,23.27,0.83,4,-1,-1
145,420,1114.35,172.20,14.40,32.15,0.69,1,-1,-1
145,92,558.79,367.45,50.05,99.60,0.98,1,-1,-1
145,422,1013.38,586.12,34.70,83.31,0.90,1,-1,-1
145,426,976.10,304.58,22.70,46.67,0.29,2,-1,-1
145,215,386.59,178.10,49.28,42.40,0.98,4,-1,-1
145,427,68.63,284.22,22.28,49.04,0.36,1,-1,-1
145,431,1229.55,311.22,30.60,83.25,0.27,1,-1,-1
145,198,934.26,331.99,21.43,53.40,0.77,1,-1,-1
145,432,793.41,350.67,26.71,47.97,0.82,2,-1,-1
145,434,793.39,360.01,28.37,45.85,0.71,10,-1,-1
145,435,107.73,220.56,21.19,41.90,0.75,1,-1,-1
145,436,944.13,968.82,55.46,98.74,0.93,10,-1,-1
145,437,946.09,954.46,49.01,78.89,0.88,2,-1,-1
146,8,1063.29,382.69,39.99,117.06,0.99,1,-1,-1
146,24,1201.31,412.80,44.84,130.97,0.96,1,-1,-1
146,41,307.87,326.74,84.73,67.71,0.99,4,-1,-1
146,52,718.73,118.07,31.00,31.44,0.99,4,-1,-1
146,55,779.40,146.75,39.49,36.99,0.98,4,-1,-1
146,56,729.61,89.84,29.81,29.06,0.97,4,-1,-1
146,58,830.47,278.30,58.26,56.27,0.97,4,-1,-1
146,59,845.74,321.44,62.05,63.45,0.98,4,-1,-1
146,71,1077.09,232.88,73.60,61.36,0.99,4,-1,-1
146,110,331.91,253.37,73.15,66.70,0.99,4,-1,-1
146,121,693.88,59.76,23.80,23.21,1.00,4,-1,-1
146,174,437.84,178.90,49.76,49.03,0.98,4,-1,-1
146,195,654.07,68.15,25.05,22.79,0.97,4,-1,-1
146,200,658.19,87.92,28.98,26.40,0.99,4,-1,-1
146,212,1054.21,316.63,23.45,57.50,0.97,1,-1,-1
146,216,513.03,160.39,44.80,43.81,0.96,4,-1,-1
146,220,72.55,292.45,201.05,125.92,0.40,9,-1,-1
146,229,421.07,146.43,42.80,37.96,0.95,4,-1,-1
146,235,1074.49,650.80,32.56,83.04,0.96,1,-1,-1
146,246,676.29,107.35,28.61,27.59,0.99,4,-1,-1
146,261,627.49,127.33,33.31,32.77,0.99,4,-1,-1
146,274,672.04,137.59,33.22,32.26,0.98,4,-1,-1
146,304,608.85,168.26,39.67,38.45,0.99,4,-1,-1
146,306,658.45,186.21,41.72,43.18,1.00,4,-1,-1
146,324,258.21,380.27,39.66,99.52,0.43,1,-1,-1
146,153,1154.30,372.53,38.17,113.46,0.99,1,-1,-1
146,199,293.76,165.28,82.88,111.89,0.93,9,-1,-1
146,366,218.43,206.51,54.88,45.60,0.97,4,-1,-1
146,367,574.91,235.36,51.98,47.41,1.00,4,-1,-1
146,344,470.95,157.49,39.76,38.53,0.96,4,-1,-1
146,91,865.74,381.38,39.28,96.23,0.99,1,-1,-1
146,393,283.41,413.51,42.27,104.51,0.87,1,-1,-1
146,142,976.81,358.13,38.40,116.95,0.98,1,-1,-1
146,357,1083.39,325.87,22.66,51.12,0.97,1,-1,-1
146,87,1111.17,292.38,24.36,64.22,0.64,1,-1,-1
146,396,242.31,382.05,39.92,113.30,0.97,1,-1,-1
146,398,516.17,118.03,32.63,28.42,0.93,4,-1,-1
146,399,789.85,293.38,25.01,41.14,0.60,10,-1,-1
146,400,790.14,284.70,23.58,43.59,0.99,2,-1,-1
146,42,657.98,46.80,22.65,20.89,0.97,4,-1,-1
146,402,231.39,235.37,65.30,52.76,0.98,4,-1,-1
146,404,357.16,150.93,41.07,37.84,0.87,4,-1,-1
146,405,512.53,86.46,26.17,23.66,0.52,4,-1,-1
146,406,549.27,284.39,61.35,56.39,1.00,4,-1,-1
146,407,540.67,96.41,27.98,24.56,0.57,4,-1,-1
146,408,626.52,276.18,54.79,55.25,1.00,4,-1,-1
146,413,1117.50,321.62,23.89,57.14,0.66,1,-1,-1
146,415,1341.89,369.41,32.04,68.54,0.96,1,-1,-1
146,346,1051.64,606.60,38.43,88.12,0.94,1,-1,-1
146,339,1254.65,310.12,28.97,89.27,0.89,1,-1,-1
146,244,1136.37,321.04,23.90,59.57,0.56,1,-1,-1
146,381,902.87,329.46,23.77,54.62,0.49,1,-1,-1
146,374,1105.69,318.99,21.46,54.35,0.66,1,-1,-1
146,417,701.11,31.61,23.44,23.54,0.85,4,-1,-1
146,420,1113.13,171.87,14.40,32.25,0.44,1,-1,-1
146,92,549.43,367.32,46.41,100.36,0.82,1,-1,-1
146,422,1014.16,589.10,33.88,80.95,0.84,1,-1,-1
146,426,975.99,304.94,22.70,45.83,0.27,2,-1,-1
146,215,385.63,178.89,49.88,42.51,0.98,4,-1,-1
146,427,68.01,284.82,23.14,49.48,0.59,1,-1,-1
146,431,1231.69,313.53,29.62,82.26,0.66,1,-1,-1
146,198,934.20,332.35,21.41,53.34,0.67,1,-1,-1
146,323,0.94,357.01,26.85,106.17,0.86,1,-1,-1
146,432,793.38,345.81,25.46,48.53,0.94,2,-1,-1
146,434,793.18,353.00,26.39,49.14,0.61,10,-1,-1
146,435,107.19,221.01,21.67,41.62,0.72,1,-1,-1
146,436,935.80,944.85,54.16,108.44,0.98,10,-1,-1
146,437,938.37,932.17,49.01,77.94,0.96,2,-1,-1
146,438,167.49,275.82,63.35,48.11,0.68,4,-1,-1
146,439,282.69,414.18,36.46,89.05,0.62,1,-1,-1
146,440,554.33,389.97,38.85,77.10,0.73,1,-1,-1
146,441,1131.96,369.05,29.88,67.54,0.66,1,-1,-1
146,149,238.86,369.55,36.37,90.55,0.87,1,-1,-1
146,430,973.07,378.67,37.34,102.11,0.82,1,-1,-1
146,433,1193.67,429.66,46.70,116.86,0.82,1,-1,-1
