frame,sci,sci_updated,tier,confidence,nms,input_h,input_w,tracked_boxes,crowd,tiny,edge_norm,night,blur,sci_raw,laplacian_variance,frame_wall_ms,sequence
1,0.4337133789380505,1,baseline,0.09,0.7,896,1600,36,0.0,0.0,1.0,0.0,0.0,0.4337133789380505,2017.8254438857457,560.0826620002408,uav0000086_00000_v
2,0.4337133789380505,0,baseline,0.09,0.7,896,1600,36,,,,,,,,349.15490000003047,uav0000086_00000_v
3,0.4337133789380505,0,baseline,0.09,0.7,896,1600,36,,,,,,,,285.8520319996387,uav0000086_00000_v
4,0.4337133789380505,0,baseline,0.09,0.7,896,1600,37,,,,,,,,237.5159240000357,uav0000086_00000_v
5,0.4337133789380505,0,baseline,0.09,0.7,896,1600,37,,,,,,,,408.7041960001443,uav0000086_00000_v
6,0.4337133789380505,0,baseline,0.09,0.7,896,1600,37,,,,,,,,435.7711980001113,uav0000086_00000_v
7,0.4337133789380505,0,baseline,0.09,0.7,896,1600,37,,,,,,,,223.13278300043748,uav0000086_00000_v
8,0.4337133789380505,0,baseline,0.09,0.7,896,1600,37,,,,,,,,216.89587099990604,uav0000086_00000_v
9,0.4337133789380505,0,baseline,0.09,0.7,896,1600,37,,,,,,,,217.22174400019867,uav0000086_00000_v
10,0.4337133789380505,0,baseline,0.09,0.7,896,1600,37,,,,,,,,214.8513590000221,uav0000086_00000_v
11,0.5194358970437767,1,baseline,0.09,0.7,896,1600,37,1.0,0.1891891891891892,1.0,0.0,0.0,0.6051584151495029,2013.9189768273463,226.23546900013025,uav0000086_00000_v
12,0.5194358970437767,0,baseline,0.09,0.7,896,1600,36,,,,,,,,213.32705300028465,uav0000086_00000_v
13,0.5194358970437767,0,baseline,0.09,0.7,896,1600,36,,,,,,,,213.49583699975483,uav0000086_00000_v
14,0.5194358970437767,0,baseline,0.09,0.7,896,1600,36,,,,,,,,248.63751500015496,uav0000086_00000_v
15,0.5194358970437767,0,baseline,0.09,0.7,896,1600,36,,,,,,,,276.6874810004083,uav0000086_00000_v
16,0.5194358970437767,0,baseline,0.09,0.7,896,1600,37,,,,,,,,292.8862119997575,uav0000086_00000_v
17,0.5194358970437767,0,baseline,0.09,0.7,896,1600,36,,,,,,,,269.3028620005862,uav0000086_00000_v
18,0.5194358970437767,0,baseline,0.09,0.7,896,1600,37,,,,,,,,311.2488070000836,uav0000086_00000_v
19,0.5194358970437767,0,baseline,0.09,0.7,896,1600,36,,,,,,,,275.2024789997449,uav0000086_00000_v
20,0.5194358970437767,0,baseline,0.09,0.7,896,1600,36,,,,,,,,265.7345620000342,uav0000086_00000_v
21,0.5483985166128931,1,baseline,0.09,0.7,896,1600,36,1.0,0.1944444444444444,1.0,0.0,0.0,0.606323755751126,1983.4898701343247,278.80125800038513,uav0000086_00000_v
22,0.5483985166128931,0,baseline,0.09,0.7,896,1600,36,,,,,,,,275.3403990000152,uav0000086_00000_v
23,0.5483985166128931,0,baseline,0.09,0.7,896,1600,36,,,,,,,,271.8182640001032,uav0000086_00000_v
24,0.5483985166128931,0,baseline,0.09,0.7,896,1600,36,,,,,,,,263.9278769993325,uav0000086_00000_v
25,0.5483985166128931,0,baseline,0.09,0.7,896,1600,36,,,,,,,,270.05989300050715,uav0000086_00000_v
26,0.5483985166128931,0,baseline,0.09,0.7,896,1600,36,,,,,,,,282.6873550002347,uav0000086_00000_v
27,0.5483985166128931,0,baseline,0.09,0.7,896,1600,36,,,,,,,,274.68314900033874,uav0000086_00000_v
28,0.5483985166128931,0,baseline,0.09,0.7,896,1600,37,,,,,,,,276.41011499963497,uav0000086_00000_v
29,0.5483985166128931,0,baseline,0.09,0.7,896,1600,37,,,,,,,,277.88551899993763,uav0000086_00000_v
30,0.5483985166128931,0,baseline,0.09,0.7,896,1600,37,,,,,,,,229.7289179996369,uav0000086_00000_v
31,0.5640867863062753,1,baseline,0.09,0.7,896,1600,37,1.0,0.2162162162162162,1.0,0.0,0.0,0.6111515953864217,1955.7260290690351,217.21555100066325,uav0000086_00000_v
32,0.5640867863062753,0,baseline,0.09,0.7,896,1600,38,,,,,,,,218.03540400014757,uav0000086_00000_v
33,0.5640867863062753,0,baseline,0.09,0.7,896,1600,38,,,,,,,,214.89244100030191,uav0000086_00000_v
34,0.5640867863062753,0,baseline,0.09,0.7,896,1600,37,,,,,,,,213.77452199976688,uav0000086_00000_v
35,0.5640867863062753,0,baseline,0.09,0.7,896,1600,39,,,,,,,,223.92253199996048,uav0000086_00000_v
36,0.5640867863062753,0,baseline,0.09,0.7,896,1600,39,,,,,,,,218.21266999995717,uav0000086_00000_v
37,0.5640867863062753,0,baseline,0.09,0.7,896,1600,39,,,,,,,,219.9509809997835,uav0000086_00000_v
38,0.5640867863062753,0,baseline,0.09,0.7,896,1600,39,,,,,,,,231.37274500004423,uav0000086_00000_v
39,0.5640867863062753,0,baseline,0.09,0.7,896,1600,38,,,,,,,,217.83927900014527,uav0000086_00000_v
40,0.5640867863062753,0,baseline,0.09,0.7,896,1600,38,,,,,,,,211.3531459999649,uav0000086_00000_v
41,0.570913217704266,1,baseline,0.09,0.7,896,1600,37,1.0,0.1578947368421052,1.0,0.0,0.0,0.5982189432962284,1969.9895655410432,220.7470060002379,uav0000086_00000_v
42,0.570913217704266,0,baseline,0.09,0.7,896,1600,38,,,,,,,,216.7142469997998,uav0000086_00000_v
43,0.570913217704266,0,baseline,0.09,0.7,896,1600,38,,,,,,,,216.34412900039024,uav0000086_00000_v
44,0.570913217704266,0,baseline,0.09,0.7,896,1600,38,,,,,,,,214.47070700014592,uav0000086_00000_v
45,0.570913217704266,0,baseline,0.09,0.7,896,1600,37,,,,,,,,215.42126100030143,uav0000086_00000_v
46,0.570913217704266,0,baseline,0.09,0.7,896,1600,36,,,,,,,,229.93979599959857,uav0000086_00000_v
47,0.570913217704266,0,baseline,0.09,0.7,896,1600,37,,,,,,,,218.8238939997973,uav0000086_00000_v
48,0.570913217704266,0,baseline,0.09,0.7,896,1600,37,,,,,,,,222.01702399979692,uav0000086_00000_v
49,0.570913217704266,0,baseline,0.09,0.7,896,1600,37,,,,,,,,227.98772799978903,uav0000086_00000_v
50,0.570913217704266,0,baseline,0.09,0.7,896,1600,37,,,,,,,,216.1829599999692,uav0000086_00000_v
51,0.5756218872389857,1,baseline,0.09,0.7,896,1600,37,1.0,0.1621621621621621,1.0,0.0,0.0,0.599165234912584,1992.2956169150916,219.6274790003372,uav0000086_00000_v
52,0.5756218872389857,0,baseline,0.09,0.7,896,1600,37,,,,,,,,215.80762600024173,uav0000086_00000_v
53,0.5756218872389857,0,baseline,0.09,0.7,896,1600,37,,,,,,,,226.908490999449,uav0000086_00000_v
54,0.5756218872389857,0,baseline,0.09,0.7,896,1600,38,,,,,,,,222.8367920006349,uav0000086_00000_v
55,0.5756218872389857,0,baseline,0.09,0.7,896,1600,37,,,,,,,,247.13309299932007,uav0000086_00000_v
56,0.5756218872389857,0,baseline,0.09,0.7,896,1600,38,,,,,,,,223.78122499958408,uav0000086_00000_v
57,0.5756218872389857,0,baseline,0.09,0.7,896,1600,37,,,,,,,,216.1820460005401,uav0000086_00000_v
58,0.5756218872389857,0,baseline,0.09,0.7,896,1600,36,,,,,,,,217.2307340006228,uav0000086_00000_v
59,0.5756218872389857,0,baseline,0.09,0.7,896,1600,37,,,,,,,,218.3789489999981,uav0000086_00000_v
60,0.5756218872389857,0,baseline,0.09,0.7,896,1600,37,,,,,,,,214.6286450006301,uav0000086_00000_v
61,0.5789852226209282,1,baseline,0.09,0.7,896,1600,37,1.0,0.1621621621621621,1.0,0.0,0.0,0.599165234912584,1996.1418769499007,226.8024200002401,uav0000086_00000_v
62,0.5789852226209282,0,baseline,0.09,0.7,896,1600,37,,,,,,,,217.57073499975377,uav0000086_00000_v
63,0.5789852226209282,0,baseline,0.09,0.7,896,1600,37,,,,,,,,229.22682100033853,uav0000086_00000_v
64,0.5789852226209282,0,baseline,0.09,0.7,896,1600,36,,,,,,,,214.28411299984876,uav0000086_00000_v
65,0.5789852226209282,0,baseline,0.09,0.7,896,1600,36,,,,,,,,217.2882810000374,uav0000086_00000_v
66,0.5789852226209282,0,baseline,0.09,0.7,896,1600,35,,,,,,,,221.4061529994069,uav0000086_00000_v
67,0.5789852226209282,0,baseline,0.09,0.7,896,1600,36,,,,,,,,224.9816909998117,uav0000086_00000_v
68,0.5789852226209282,0,baseline,0.09,0.7,896,1600,37,,,,,,,,225.03735999998756,uav0000086_00000_v
69,0.5789852226209282,0,baseline,0.09,0.7,896,1600,36,,,,,,,,219.2590869999549,uav0000086_00000_v
70,0.5789852226209282,0,baseline,0.09,0.7,896,1600,36,,,,,,,,212.81972299948396,uav0000086_00000_v
71,0.6027638968134073,1,baseline,0.09,0.7,896,1600,36,1.0,0.1666666666666666,1.0,0.0,0.0,0.6001640982854037,1921.0772283818576,221.10045199951853,uav0000086_00000_v
72,0.6027638968134073,0,baseline,0.09,0.7,896,1600,36,,,,,,,,220.44267499950365,uav0000086_00000_v
73,0.6027638968134073,0,baseline,0.09,0.7,896,1600,37,,,,,,,,224.99404099926323,uav0000086_00000_v
74,0.6027638968134073,0,baseline,0.09,0.7,896,1600,37,,,,,,,,212.23735500007024,uav0000086_00000_v
75,0.6027638968134073,0,baseline,0.09,0.7,896,1600,37,,,,,,,,257.5908620001428,uav0000086_00000_v
76,0.6027638968134073,0,baseline,0.09,0.7,896,1600,37,,,,,,,,275.21756300029665,uav0000086_00000_v
77,0.6027638968134073,0,baseline,0.09,0.7,896,1600,37,,,,,,,,296.64360799961287,uav0000086_00000_v
78,0.6027638968134073,0,baseline,0.09,0.7,896,1600,37,,,,,,,,261.74451599945314,uav0000086_00000_v
79,0.6027638968134073,0,baseline,0.09,0.7,896,1600,37,,,,,,,,263.9000680001118,uav0000086_00000_v
80,0.6027638968134073,0,baseline,0.09,0.7,896,1600,37,,,,,,,,262.2849680001309,uav0000086_00000_v
81,0.6019077282081332,1,baseline,0.09,0.7,896,1600,37,1.0,0.1621621621621621,1.0,0.0,0.0,0.599165234912584,1948.2135562799908,273.37225300016144,uav0000086_00000_v
82,0.6019077282081332,0,baseline,0.09,0.7,896,1600,37,,,,,,,,261.83986500018364,uav0000086_00000_v
83,0.6019077282081332,0,baseline,0.09,0.7,896,1600,37,,,,,,,,274.2362630006028,uav0000086_00000_v
84,0.6019077282081332,0,baseline,0.09,0.7,896,1600,37,,,,,,,,264.79311600087385,uav0000086_00000_v
85,0.6019077282081332,0,baseline,0.09,0.7,896,1600,37,,,,,,,,263.2634239998879,uav0000086_00000_v
86,0.6019077282081332,0,baseline,0.09,0.7,896,1600,37,,,,,,,,255.977036999866,uav0000086_00000_v
87,0.6019077282081332,0,baseline,0.09,0.7,896,1600,38,,,,,,,,264.92312899972603,uav0000086_00000_v
88,0.6019077282081332,0,baseline,0.09,0.7,896,1600,38,,,,,,,,266.01714300068124,uav0000086_00000_v
89,0.6019077282081332,0,baseline,0.09,0.7,896,1600,39,,,,,,,,293.7312989997736,uav0000086_00000_v
90,0.6019077282081332,0,baseline,0.09,0.7,896,1600,38,,,,,,,,257.9570750003768,uav0000086_00000_v
91,0.6007498978574335,1,baseline,0.09,0.7,896,1600,38,1.0,0.1578947368421052,1.0,0.0,0.0,0.5982189432962284,1946.6834045040805,215.61720600038825,uav0000086_00000_v
92,0.6007498978574335,0,baseline,0.09,0.7,896,1600,38,,,,,,,,222.78961300071387,uav0000086_00000_v
93,0.6007498978574335,0,baseline,0.09,0.7,896,1600,38,,,,,,,,216.2359040003139,uav0000086_00000_v
94,0.6007498978574335,0,baseline,0.09,0.7,896,1600,38,,,,,,,,216.43031500025245,uav0000086_00000_v
95,0.6007498978574335,0,baseline,0.09,0.7,896,1600,38,,,,,,,,210.176735999994,uav0000086_00000_v
96,0.6007498978574335,0,baseline,0.09,0.7,896,1600,38,,,,,,,,209.5742080000491,uav0000086_00000_v
97,0.6007498978574335,0,baseline,0.09,0.7,896,1600,38,,,,,,,,210.52777699969735,uav0000086_00000_v
98,0.6007498978574335,0,baseline,0.09,0.7,896,1600,39,,,,,,,,216.15847300017776,uav0000086_00000_v
99,0.6007498978574335,0,baseline,0.09,0.7,896,1600,39,,,,,,,,206.8125739997413,uav0000086_00000_v
100,0.6007498978574335,0,baseline,0.09,0.7,896,1600,39,,,,,,,,207.1473349997177,uav0000086_00000_v
101,0.5987741241529546,1,baseline,0.09,0.7,896,1600,39,1.0,0.1538461538461538,1.0,0.0,0.0,0.5973211794550704,1966.510790221438,215.8691100003125,uav0000086_00000_v
102,0.5987741241529546,0,baseline,0.09,0.7,896,1600,41,,,,,,,,216.37501800069003,uav0000086_00000_v
103,0.5987741241529546,0,baseline,0.09,0.7,896,1600,39,,,,,,,,218.24334699977044,uav0000086_00000_v
104,0.5987741241529546,0,baseline,0.09,0.7,896,1600,40,,,,,,,,211.5902659998028,uav0000086_00000_v
105,0.5987741241529546,0,baseline,0.09,0.7,896,1600,39,,,,,,,,216.36027499971533,uav0000086_00000_v
106,0.5987741241529546,0,baseline,0.09,0.7,896,1600,39,,,,,,,,214.8073230000591,uav0000086_00000_v
107,0.5987741241529546,0,baseline,0.09,0.7,896,1600,39,,,,,,,,214.21251199990363,uav0000086_00000_v
108,0.5987741241529546,0,baseline,0.09,0.7,896,1600,40,,,,,,,,234.7408659998109,uav0000086_00000_v
109,0.5987741241529546,0,baseline,0.09,0.7,896,1600,40,,,,,,,,213.04365299965863,uav0000086_00000_v
110,0.5987741241529546,0,baseline,0.09,0.7,896,1600,39,,,,,,,,210.59786199930383,uav0000086_00000_v
111,0.5986458721756465,1,baseline,0.09,0.7,896,1600,39,1.0,0.1538461538461538,1.0,0.0,0.0,0.5973211794550704,1962.884929966252,218.38068600027327,uav0000086_00000_v
112,0.5986458721756465,0,baseline,0.09,0.7,896,1600,40,,,,,,,,209.54073600023548,uav0000086_00000_v
113,0.5986458721756465,0,baseline,0.09,0.7,896,1600,41,,,,,,,,216.26740800002156,uav0000086_00000_v
114,0.5986458721756465,0,baseline,0.09,0.7,896,1600,41,,,,,,,,213.68760499990455,uav0000086_00000_v
115,0.5986458721756465,0,baseline,0.09,0.7,896,1600,41,,,,,,,,212.60222700038867,uav0000086_00000_v
116,0.5986458721756465,0,baseline,0.09,0.7,896,1600,41,,,,,,,,213.9375229999132,uav0000086_00000_v
117,0.5986458721756465,0,baseline,0.09,0.7,896,1600,41,,,,,,,,227.49627199937092,uav0000086_00000_v
118,0.5986458721756465,0,baseline,0.09,0.7,896,1600,42,,,,,,,,211.36399700026232,uav0000086_00000_v
119,0.5986458721756465,0,baseline,0.09,0.7,896,1600,43,,,,,,,,213.92378199925588,uav0000086_00000_v
120,0.5986458721756465,0,baseline,0.09,0.7,896,1600,42,,,,,,,,215.64696299992647,uav0000086_00000_v
121,0.599542810714505,1,baseline,0.09,0.7,896,1600,43,1.0,0.1904761904761904,1.0,0.0,0.0,0.6054438046845942,1986.497384844824,220.36889100036203,uav0000086_00000_v
122,0.599542810714505,0,baseline,0.09,0.7,896,1600,43,,,,,,,,217.387372000303,uav0000086_00000_v
123,0.599542810714505,0,baseline,0.09,0.7,896,1600,42,,,,,,,,214.6292600000379,uav0000086_00000_v
124,0.599542810714505,0,baseline,0.09,0.7,896,1600,42,,,,,,,,209.75374699992244,uav0000086_00000_v
125,0.599542810714505,0,baseline,0.09,0.7,896,1600,42,,,,,,,,214.14051200008544,uav0000086_00000_v
126,0.599542810714505,0,baseline,0.09,0.7,896,1600,43,,,,,,,,214.08853200046,uav0000086_00000_v
127,0.599542810714505,0,baseline,0.09,0.7,896,1600,43,,,,,,,,216.06995899946924,uav0000086_00000_v
128,0.599542810714505,0,baseline,0.09,0.7,896,1600,43,,,,,,,,213.1526330003908,uav0000086_00000_v
129,0.599542810714505,0,baseline,0.09,0.7,896,1600,43,,,,,,,,213.19589100039596,uav0000086_00000_v
130,0.599542810714505,0,baseline,0.09,0.7,896,1600,43,,,,,,,,211.42428199982533,uav0000086_00000_v
131,0.601772831267777,1,baseline,0.09,0.7,896,1600,45,1.0,0.2325581395348837,1.0,0.0,0.0,0.6147753787854889,1955.554051584334,218.57854800055063,uav0000086_00000_v
132,0.601772831267777,0,baseline,0.09,0.7,896,1600,46,,,,,,,,229.37801199987007,uav0000086_00000_v
133,0.601772831267777,0,baseline,0.09,0.7,896,1600,46,,,,,,,,212.0581270000912,uav0000086_00000_v
134,0.601772831267777,0,baseline,0.09,0.7,896,1600,46,,,,,,,,213.758104999215,uav0000086_00000_v
135,0.601772831267777,0,baseline,0.09,0.7,896,1600,46,,,,,,,,213.01581599982453,uav0000086_00000_v
136,0.601772831267777,0,baseline,0.09,0.7,896,1600,47,,,,,,,,213.07679199981067,uav0000086_00000_v
137,0.601772831267777,0,baseline,0.09,0.7,896,1600,46,,,,,,,,269.6017340003891,uav0000086_00000_v
138,0.601772831267777,0,baseline,0.09,0.7,896,1600,46,,,,,,,,264.93995300006645,uav0000086_00000_v
139,0.601772831267777,0,baseline,0.09,0.7,896,1600,47,,,,,,,,276.9582470000387,uav0000086_00000_v
140,0.601772831267777,0,baseline,0.09,0.7,896,1600,48,,,,,,,,283.1367649996537,uav0000086_00000_v
141,0.6030927578675749,1,baseline,0.09,0.7,896,1600,46,1.0,0.2083333333333333,1.0,0.0,0.0,0.609403584483987,1979.9628020398436,300.6013830008669,uav0000086_00000_v
142,0.6030927578675749,0,baseline,0.09,0.7,896,1600,47,,,,,,,,280.70395800023107,uav0000086_00000_v
143,0.6030927578675749,0,baseline,0.09,0.7,896,1600,47,,,,,,,,275.4748229999677,uav0000086_00000_v
144,0.6030927578675749,0,baseline,0.09,0.7,896,1600,48,,,,,,,,285.6087789996309,uav0000086_00000_v
145,0.6030927578675749,0,baseline,0.09,0.7,896,1600,47,,,,,,,,269.4056359996466,uav0000086_00000_v
146,0.6030927578675749,0,baseline,0.09,0.7,896,1600,47,,,,,,,,269.04353400004766,uav0000086_00000_v
147,0.6030927578675749,0,baseline,0.09,0.7,896,1600,47,,,,,,,,285.0202300005549,uav0000086_00000_v
148,0.6030927578675749,0,baseline,0.09,0.7,896,1600,47,,,,,,,,280.1515009996365,uav0000086_00000_v
149,0.6030927578675749,0,baseline,0.09,0.7,896,1600,47,,,,,,,,270.1116339994769,uav0000086_00000_v
150,0.6030927578675749,0,baseline,0.09,0.7,896,1600,48,,,,,,,,282.52810000049067,uav0000086_00000_v
151,0.6038954159350193,1,baseline,0.09,0.7,896,1600,48,1.0,0.1875,1.0,0.0,0.0,0.6047838413846954,2027.5574964753848,284.46445999998105,uav0000086_00000_v
152,0.6038954159350193,0,baseline,0.09,0.7,896,1600,48,,,,,,,,265.63617900046665,uav0000086_00000_v
153,0.6038954159350193,0,baseline,0.09,0.7,896,1600,48,,,,,,,,224.65693699996336,uav0000086_00000_v
154,0.6038954159350193,0,baseline,0.09,0.7,896,1600,48,,,,,,,,226.70572900005936,uav0000086_00000_v
155,0.6038954159350193,0,baseline,0.09,0.7,896,1600,47,,,,,,,,255.7501660003254,uav0000086_00000_v
156,0.6038954159350193,0,baseline,0.09,0.7,896,1600,48,,,,,,,,218.8007900003868,uav0000086_00000_v
157,0.6038954159350193,0,baseline,0.09,0.7,896,1600,49,,,,,,,,235.84210999979405,uav0000086_00000_v
158,0.6038954159350193,0,baseline,0.09,0.7,896,1600,48,,,,,,,,215.50784900045983,uav0000086_00000_v
159,0.6038954159350193,0,baseline,0.09,0.7,896,1600,48,,,,,,,,217.75387999969095,uav0000086_00000_v
160,0.6038954159350193,0,baseline,0.09,0.7,896,1600,46,,,,,,,,217.7201469994543,uav0000086_00000_v
161,0.6057801623841581,1,baseline,0.09,0.7,896,1600,47,1.0,0.217391304347826,1.0,0.0,0.0,0.6114121684402007,1998.8190142594465,232.35120399931475,uav0000086_00000_v
162,0.6057801623841581,0,baseline,0.09,0.7,896,1600,48,,,,,,,,226.226394999685,uav0000086_00000_v
163,0.6057801623841581,0,baseline,0.09,0.7,896,1600,49,,,,,,,,213.79671700015024,uav0000086_00000_v
164,0.6057801623841581,0,baseline,0.09,0.7,896,1600,49,,,,,,,,214.673462999599,uav0000086_00000_v
165,0.6057801623841581,0,baseline,0.09,0.7,896,1600,51,,,,,,,,215.37658800025383,uav0000086_00000_v
166,0.6057801623841581,0,baseline,0.09,0.7,896,1600,50,,,,,,,,217.20633399945652,uav0000086_00000_v
167,0.6057801623841581,0,baseline,0.09,0.7,896,1600,49,,,,,,,,215.15588500005836,uav0000086_00000_v
168,0.6057801623841581,0,baseline,0.09,0.7,896,1600,50,,,,,,,,222.207621999587,uav0000086_00000_v
169,0.6057801623841581,0,baseline,0.09,0.7,896,1600,50,,,,,,,,223.2695370003057,uav0000086_00000_v
170,0.6057801623841581,0,baseline,0.09,0.7,896,1600,48,,,,,,,,217.1536850000848,uav0000086_00000_v
171,0.6081661835453307,1,baseline,0.09,0.7,896,1600,50,1.0,0.2291666666666666,1.0,0.0,0.0,0.6140233275832787,2021.2112102121228,229.02866899949004,uav0000086_00000_v
172,0.6081661835453307,0,baseline,0.09,0.7,896,1600,50,,,,,,,,220.33153099982883,uav0000086_00000_v
173,0.6081661835453307,0,baseline,0.09,0.7,896,1600,50,,,,,,,,219.44821899978703,uav0000086_00000_v
174,0.6081661835453307,0,baseline,0.09,0.7,896,1600,50,,,,,,,,219.2871440001909,uav0000086_00000_v
175,0.6081661835453307,0,baseline,0.09,0.7,896,1600,50,,,,,,,,228.77637399960804,uav0000086_00000_v
176,0.6081661835453307,0,baseline,0.09,0.7,896,1600,49,,,,,,,,231.0476340007881,uav0000086_00000_v
177,0.6081661835453307,0,baseline,0.09,0.7,896,1600,50,,,,,,,,213.9300259996162,uav0000086_00000_v
178,0.6081661835453307,0,baseline,0.09,0.7,896,1600,51,,,,,,,,220.2061779998985,uav0000086_00000_v
179,0.6081661835453307,0,baseline,0.09,0.7,896,1600,49,,,,,,,,215.6053280004926,uav0000086_00000_v
180,0.6081661835453307,0,baseline,0.09,0.7,896,1600,50,,,,,,,,229.342091000035,uav0000086_00000_v
181,0.6115289503903536,1,baseline,0.09,0.7,896,1600,50,1.0,0.26,1.0,0.0,0.0,0.6208605473702303,2022.9578536732613,225.14114299974608,uav0000086_00000_v
182,0.6115289503903536,0,baseline,0.09,0.7,896,1600,50,,,,,,,,223.66186399995055,uav0000086_00000_v
183,0.6115289503903536,0,baseline,0.09,0.7,896,1600,49,,,,,,,,223.88301099999808,uav0000086_00000_v
184,0.6115289503903536,0,baseline,0.09,0.7,896,1600,49,,,,,,,,222.11727400008385,uav0000086_00000_v
185,0.6115289503903536,0,baseline,0.09,0.7,896,1600,48,,,,,,,,224.71345700068923,uav0000086_00000_v
186,0.6115289503903536,0,baseline,0.09,0.7,896,1600,48,,,,,,,,223.53491299963932,uav0000086_00000_v
187,0.6115289503903536,0,baseline,0.09,0.7,896,1600,48,,,,,,,,221.7000979999284,uav0000086_00000_v
188,0.6115289503903536,0,baseline,0.09,0.7,896,1600,49,,,,,,,,220.1908099996217,uav0000086_00000_v
189,0.6115289503903536,0,baseline,0.09,0.7,896,1600,49,,,,,,,,257.7189919993544,uav0000086_00000_v
190,0.6115289503903536,0,baseline,0.09,0.7,896,1600,49,,,,,,,,230.5187270003444,uav0000086_00000_v
191,0.6138994308144801,1,baseline,0.09,0.7,896,1600,48,1.0,0.2653061224489796,1.0,0.0,0.0,0.6220371676534785,2057.800867935836,228.91711100055545,uav0000086_00000_v
192,0.6138994308144801,0,baseline,0.09,0.7,896,1600,49,,,,,,,,224.6439179998561,uav0000086_00000_v
193,0.6138994308144801,0,baseline,0.09,0.7,896,1600,50,,,,,,,,230.3876879996096,uav0000086_00000_v
194,0.6138994308144801,0,baseline,0.09,0.7,896,1600,50,,,,,,,,226.7240119999769,uav0000086_00000_v
195,0.6138994308144801,0,baseline,0.09,0.7,896,1600,50,,,,,,,,220.4170309996698,uav0000086_00000_v
196,0.6138994308144801,0,baseline,0.09,0.7,896,1600,50,,,,,,,,234.1791819999344,uav0000086_00000_v
197,0.6138994308144801,0,baseline,0.09,0.7,896,1600,50,,,,,,,,288.86249600054725,uav0000086_00000_v
198,0.6138994308144801,0,baseline,0.09,0.7,896,1600,50,,,,,,,,290.1785670001118,uav0000086_00000_v
199,0.6138994308144801,0,baseline,0.09,0.7,896,1600,52,,,,,,,,288.2207599996036,uav0000086_00000_v
200,0.6138994308144801,0,baseline,0.09,0.7,896,1600,54,,,,,,,,282.1086599997216,uav0000086_00000_v
201,0.6159185433392349,1,baseline,0.09,0.7,896,1600,53,1.0,0.2962962962962963,1.0,0.0,0.0,0.628909166458774,2067.577310945453,290.7593199997791,uav0000086_00000_v
202,0.6159185433392349,0,baseline,0.09,0.7,896,1600,51,,,,,,,,293.3918459993947,uav0000086_00000_v
203,0.6159185433392349,0,baseline,0.09,0.7,896,1600,51,,,,,,,,278.0714549999175,uav0000086_00000_v
204,0.6159185433392349,0,baseline,0.09,0.7,896,1600,51,,,,,,,,282.07712399944285,uav0000086_00000_v
205,0.6159185433392349,0,baseline,0.09,0.7,896,1600,51,,,,,,,,277.4550600006478,uav0000086_00000_v
206,0.6159185433392349,0,baseline,0.09,0.7,896,1600,51,,,,,,,,278.7052499998026,uav0000086_00000_v
207,0.6159185433392349,0,baseline,0.09,0.7,896,1600,51,,,,,,,,279.5989779997399,uav0000086_00000_v
208,0.6159185433392349,0,baseline,0.09,0.7,896,1600,52,,,,,,,,278.58491699953447,uav0000086_00000_v
209,0.6159185433392349,0,baseline,0.09,0.7,896,1600,52,,,,,,,,280.29566800069006,uav0000086_00000_v
210,0.6159185433392349,0,baseline,0.09,0.7,896,1600,50,,,,,,,,296.5913600000931,uav0000086_00000_v
211,0.617555252322984,1,baseline,0.09,0.7,896,1600,50,1.0,0.26,1.0,0.0,0.0,0.6208605473702303,2071.0440643109,284.1282029994545,uav0000086_00000_v
212,0.617555252322984,0,baseline,0.09,0.7,896,1600,50,,,,,,,,272.0565859999624,uav0000086_00000_v
213,0.617555252322984,0,baseline,0.09,0.7,896,1600,51,,,,,,,,218.40630899987443,uav0000086_00000_v
214,0.617555252322984,0,baseline,0.09,0.7,896,1600,51,,,,,,,,232.0604759997877,uav0000086_00000_v
215,0.617555252322984,0,baseline,0.09,0.7,896,1600,51,,,,,,,,233.50812799981213,uav0000086_00000_v
216,0.617555252322984,0,baseline,0.09,0.7,896,1600,51,,,,,,,,224.5109390005382,uav0000086_00000_v
217,0.617555252322984,0,baseline,0.09,0.7,896,1600,51,,,,,,,,222.29875899938637,uav0000086_00000_v
218,0.617555252322984,0,baseline,0.09,0.7,896,1600,53,,,,,,,,225.50002099978883,uav0000086_00000_v
219,0.617555252322984,0,baseline,0.09,0.7,896,1600,52,,,,,,,,220.89456000048813,uav0000086_00000_v
220,0.617555252322984,0,baseline,0.09,0.7,896,1600,52,,,,,,,,218.3321260008597,uav0000086_00000_v
221,0.6195351422226805,1,baseline,0.09,0.7,896,1600,52,1.0,0.25,1.0,0.0,0.0,0.6186430706825703,2108.330086979114,233.53798700009065,uav0000086_00000_v
222,0.6195351422226805,0,baseline,0.09,0.7,896,1600,52,,,,,,,,220.8072390003508,uav0000086_00000_v
223,0.6195351422226805,0,baseline,0.09,0.7,896,1600,51,,,,,,,,220.33030799957487,uav0000086_00000_v
224,0.6195351422226805,0,baseline,0.09,0.7,896,1600,51,,,,,,,,220.9268870001324,uav0000086_00000_v
225,0.6195351422226805,0,baseline,0.09,0.7,896,1600,51,,,,,,,,217.2884280007565,uav0000086_00000_v
226,0.6195351422226805,0,baseline,0.09,0.7,896,1600,52,,,,,,,,224.50018099971203,uav0000086_00000_v
227,0.6195351422226805,0,baseline,0.09,0.7,896,1600,52,,,,,,,,214.68124199964225,uav0000086_00000_v
228,0.6195351422226805,0,baseline,0.09,0.7,896,1600,52,,,,,,,,228.4598369997184,uav0000086_00000_v
229,0.6195351422226805,0,baseline,0.09,0.7,896,1600,51,,,,,,,,215.7926789996054,uav0000086_00000_v
230,0.6195351422226805,0,baseline,0.09,0.7,896,1600,50,,,,,,,,216.82991000034235,uav0000086_00000_v
231,0.6208849106412561,1,baseline,0.09,0.7,896,1600,50,1.0,0.26,1.0,0.0,0.0,0.6208605473702303,2111.232667321043,226.949889000025,uav0000086_00000_v
232,0.6208849106412561,0,baseline,0.09,0.7,896,1600,51,,,,,,,,223.4652899996945,uav0000086_00000_v
233,0.6208849106412561,0,baseline,0.09,0.7,896,1600,51,,,,,,,,220.3933490000054,uav0000086_00000_v
234,0.6208849106412561,0,baseline,0.09,0.7,896,1600,49,,,,,,,,225.90862099968945,uav0000086_00000_v
235,0.6208849106412561,0,baseline,0.09,0.7,896,1600,51,,,,,,,,217.4277140002232,uav0000086_00000_v
236,0.6208849106412561,0,baseline,0.09,0.7,896,1600,52,,,,,,,,217.9802989994641,uav0000086_00000_v
237,0.6208849106412561,0,baseline,0.09,0.7,896,1600,52,,,,,,,,223.5816039992642,uav0000086_00000_v
238,0.6208849106412561,0,baseline,0.09,0.7,896,1600,52,,,,,,,,224.4385590001912,uav0000086_00000_v
239,0.6208849106412561,0,baseline,0.09,0.7,896,1600,52,,,,,,,,236.974325999654,uav0000086_00000_v
240,0.6208849106412561,0,baseline,0.09,0.7,896,1600,52,,,,,,,,213.2231960003992,uav0000086_00000_v
241,0.6221540708333693,1,baseline,0.09,0.7,896,1600,52,1.0,0.2692307692307692,1.0,0.0,0.0,0.6229074489280704,2123.315804545164,222.4183879998236,uav0000086_00000_v
242,0.6221540708333693,0,baseline,0.09,0.7,896,1600,52,,,,,,,,242.33656100022927,uav0000086_00000_v
243,0.6221540708333693,0,baseline,0.09,0.7,896,1600,51,,,,,,,,218.54850300042017,uav0000086_00000_v
244,0.6221540708333693,0,baseline,0.09,0.7,896,1600,52,,,,,,,,229.18074499921204,uav0000086_00000_v
245,0.6221540708333693,0,baseline,0.09,0.7,896,1600,51,,,,,,,,226.93498100034049,uav0000086_00000_v
246,0.6221540708333693,0,baseline,0.09,0.7,896,1600,52,,,,,,,,223.4977130001425,uav0000086_00000_v
247,0.6221540708333693,0,baseline,0.09,0.7,896,1600,55,,,,,,,,226.05368299991824,uav0000086_00000_v
248,0.6221540708333693,0,baseline,0.09,0.7,896,1600,54,,,,,,,,227.9525109997849,uav0000086_00000_v
249,0.6221540708333693,0,baseline,0.09,0.7,896,1600,55,,,,,,,,224.5850520002932,uav0000086_00000_v
250,0.6221540708333693,0,baseline,0.09,0.7,896,1600,54,,,,,,,,227.421217000483,uav0000086_00000_v
251,0.6238905076046585,1,baseline,0.09,0.7,896,1600,55,1.0,0.3148148148148148,1.0,0.0,0.0,0.6330156047692554,2135.2106648672275,238.46367399983137,uav0000086_00000_v
252,0.6238905076046585,0,baseline,0.09,0.7,896,1600,54,,,,,,,,224.98469600031967,uav0000086_00000_v
253,0.6238905076046585,0,baseline,0.09,0.7,896,1600,55,,,,,,,,230.08131899950968,uav0000086_00000_v
254,0.6238905076046585,0,baseline,0.09,0.7,896,1600,56,,,,,,,,211.63351300037905,uav0000086_00000_v
255,0.6238905076046585,0,baseline,0.09,0.7,896,1600,53,,,,,,,,242.64360500001203,uav0000086_00000_v
256,0.6238905076046585,0,baseline,0.09,0.7,896,1600,54,,,,,,,,241.5111739992426,uav0000086_00000_v
257,0.6238905076046585,0,baseline,0.09,0.7,896,1600,53,,,,,,,,272.63501599918527,uav0000086_00000_v
258,0.6238905076046585,0,baseline,0.09,0.7,896,1600,53,,,,,,,,275.0166839996382,uav0000086_00000_v
259,0.6238905076046585,0,baseline,0.09,0.7,896,1600,53,,,,,,,,274.3859709999015,uav0000086_00000_v
260,0.6238905076046585,0,baseline,0.09,0.7,896,1600,54,,,,,,,,276.76136799982487,uav0000086_00000_v
261,0.6248722217197008,1,baseline,0.09,0.7,896,1600,54,1.0,0.2962962962962963,1.0,0.0,0.0,0.628909166458774,2113.37568893298,278.3004709999659,uav0000086_00000_v
262,0.6248722217197008,0,baseline,0.09,0.7,896,1600,54,,,,,,,,281.2813199998345,uav0000086_00000_v
263,0.6248722217197008,0,baseline,0.09,0.7,896,1600,54,,,,,,,,279.3018160000429,uav0000086_00000_v
264,0.6248722217197008,0,baseline,0.09,0.7,896,1600,54,,,,,,,,278.5012889999052,uav0000086_00000_v
265,0.6248722217197008,0,baseline,0.09,0.7,896,1600,54,,,,,,,,273.8244290003422,uav0000086_00000_v
266,0.6248722217197008,0,baseline,0.09,0.7,896,1600,54,,,,,,,,282.5251020003634,uav0000086_00000_v
267,0.6248722217197008,0,baseline,0.09,0.7,896,1600,55,,,,,,,,288.2777389995681,uav0000086_00000_v
268,0.6248722217197008,0,baseline,0.09,0.7,896,1600,55,,,,,,,,285.3126769996379,uav0000086_00000_v
269,0.6248722217197008,0,baseline,0.09,0.7,896,1600,56,,,,,,,,281.66408600009163,uav0000086_00000_v
270,0.6248722217197008,0,baseline,0.09,0.7,896,1600,55,,,,,,,,282.95084700039297,uav0000086_00000_v
271,0.625277532513982,1,baseline,0.09,0.7,896,1600,55,1.0,0.3090909090909091,1.0,0.0,0.0,0.631746342018743,2133.87275545744,280.14470400012215,uav0000086_00000_v
272,0.625277532513982,0,baseline,0.09,0.7,896,1600,55,,,,,,,,222.2284760000548,uav0000086_00000_v
273,0.625277532513982,0,baseline,0.09,0.7,896,1600,56,,,,,,,,220.54811999987575,uav0000086_00000_v
274,0.625277532513982,0,baseline,0.09,0.7,896,1600,56,,,,,,,,225.52692399949592,uav0000086_00000_v
275,0.625277532513982,0,baseline,0.09,0.7,896,1600,57,,,,,,,,228.1871310005954,uav0000086_00000_v
276,0.625277532513982,0,baseline,0.09,0.7,896,1600,55,,,,,,,,243.07262199999968,uav0000086_00000_v
277,0.625277532513982,0,baseline,0.09,0.7,896,1600,54,,,,,,,,216.34680199986175,uav0000086_00000_v
278,0.625277532513982,0,baseline,0.09,0.7,896,1600,55,,,,,,,,220.14908899927832,uav0000086_00000_v
279,0.625277532513982,0,baseline,0.09,0.7,896,1600,57,,,,,,,,214.60055000079592,uav0000086_00000_v
280,0.625277532513982,0,baseline,0.09,0.7,896,1600,58,,,,,,,,217.82316299959348,uav0000086_00000_v
281,0.6279647210123286,1,baseline,0.09,0.7,896,1600,58,1.0,0.3448275862068966,1.0,0.0,0.0,0.6396708668586565,2127.9393512819192,231.25330400034727,uav0000086_00000_v
282,0.6279647210123286,0,baseline,0.09,0.7,896,1600,58,,,,,,,,218.87958899969817,uav0000086_00000_v
283,0.6279647210123286,0,baseline,0.09,0.7,896,1600,61,,,,,,,,227.5625250003941,uav0000086_00000_v
284,0.6279647210123286,0,baseline,0.09,0.7,896,1600,58,,,,,,,,228.56169900023812,uav0000086_00000_v
285,0.6279647210123286,0,baseline,0.09,0.7,896,1600,58,,,,,,,,235.46878499928425,uav0000086_00000_v
286,0.6279647210123286,0,baseline,0.09,0.7,896,1600,56,,,,,,,,236.0128669997721,uav0000086_00000_v
287,0.6279647210123286,0,baseline,0.09,0.7,896,1600,57,,,,,,,,219.08613400046303,uav0000086_00000_v
288,0.6279647210123286,0,baseline,0.09,0.7,896,1600,58,,,,,,,,226.73163700073928,uav0000086_00000_v
289,0.6279647210123286,0,baseline,0.09,0.7,896,1600,58,,,,,,,,226.24967899992043,uav0000086_00000_v
290,0.6279647210123286,0,baseline,0.09,0.7,896,1600,57,,,,,,,,234.9274649996005,uav0000086_00000_v
291,0.6311603327802596,1,baseline,0.09,0.7,896,1600,57,1.0,0.3508771929824561,1.0,0.0,0.0,0.6410123530580878,2138.654402936534,227.53931100032787,uav0000086_00000_v
292,0.6311603327802596,0,baseline,0.09,0.7,896,1600,58,,,,,,,,224.6964930000104,uav0000086_00000_v
293,0.6311603327802596,0,baseline,0.09,0.7,896,1600,58,,,,,,,,222.2838770003364,uav0000086_00000_v
294,0.6311603327802596,0,baseline,0.09,0.7,896,1600,57,,,,,,,,219.3901699993148,uav0000086_00000_v
295,0.6311603327802596,0,baseline,0.09,0.7,896,1600,57,,,,,,,,216.76665100039827,uav0000086_00000_v
296,0.6311603327802596,0,baseline,0.09,0.7,896,1600,57,,,,,,,,223.4273140002188,uav0000086_00000_v
297,0.6311603327802596,0,baseline,0.09,0.7,896,1600,58,,,,,,,,228.42383300030636,uav0000086_00000_v
298,0.6311603327802596,0,baseline,0.09,0.7,896,1600,56,,,,,,,,233.87701899991956,uav0000086_00000_v
299,0.6311603327802596,0,baseline,0.09,0.7,896,1600,56,,,,,,,,236.946676000116,uav0000086_00000_v
300,0.6311603327802596,0,baseline,0.09,0.7,896,1600,58,,,,,,,,226.68591600086077,uav0000086_00000_v
301,0.6338475212786062,1,baseline,0.09,0.7,896,1600,58,1.0,0.3448275862068966,1.0,0.0,0.0,0.6396708668586565,2080.148159895692,229.12080199967025,uav0000086_00000_v
302,0.6338475212786062,0,baseline,0.09,0.7,896,1600,61,,,,,,,,223.14980699957232,uav0000086_00000_v
303,0.6338475212786062,0,baseline,0.09,0.7,896,1600,61,,,,,,,,236.20676400059887,uav0000086_00000_v
304,0.6338475212786062,0,baseline,0.09,0.7,896,1600,61,,,,,,,,229.35407600016333,uav0000086_00000_v
305,0.6338475212786062,0,baseline,0.09,0.7,896,1600,63,,,,,,,,225.49815100046544,uav0000086_00000_v
306,0.6338475212786062,0,baseline,0.09,0.7,896,1600,61,,,,,,,,234.6054079998794,uav0000086_00000_v
307,0.6338475212786062,0,baseline,0.09,0.7,896,1600,64,,,,,,,,219.4335089998276,uav0000086_00000_v
308,0.6338475212786062,0,baseline,0.09,0.7,896,1600,63,,,,,,,,252.6246079996781,uav0000086_00000_v
309,0.6338475212786062,0,baseline,0.09,0.7,896,1600,62,,,,,,,,225.8379079994484,uav0000086_00000_v
310,0.6338475212786062,0,baseline,0.09,0.7,896,1600,61,,,,,,,,222.30978900006448,uav0000086_00000_v
311,0.6372630186087257,1,baseline,0.09,0.7,896,1600,62,1.0,0.3770491803278688,1.0,0.0,0.0,0.6468159302389063,2028.5007780194069,232.43310999987443,uav0000086_00000_v
312,0.6372630186087257,0,baseline,0.09,0.7,896,1600,61,,,,,,,,235.3098739995403,uav0000086_00000_v
313,0.6372630186087257,0,baseline,0.09,0.7,896,1600,61,,,,,,,,236.8310840001868,uav0000086_00000_v
314,0.6372630186087257,0,baseline,0.09,0.7,896,1600,61,,,,,,,,226.0647670000253,uav0000086_00000_v
315,0.6372630186087257,0,baseline,0.09,0.7,896,1600,61,,,,,,,,234.51834600018628,uav0000086_00000_v
316,0.6372630186087257,0,baseline,0.09,0.7,896,1600,63,,,,,,,,298.652712999683,uav0000086_00000_v
317,0.6372630186087257,0,baseline,0.09,0.7,896,1600,64,,,,,,,,292.8240490000462,uav0000086_00000_v
318,0.6372630186087257,0,baseline,0.09,0.7,896,1600,63,,,,,,,,272.5733699999182,uav0000086_00000_v
319,0.6372630186087257,0,baseline,0.09,0.7,896,1600,63,,,,,,,,287.9724430003989,uav0000086_00000_v
320,0.6372630186087257,0,baseline,0.09,0.7,896,1600,63,,,,,,,,281.7866209998101,uav0000086_00000_v
321,0.639358140195706,1,baseline,0.09,0.7,896,1600,63,1.0,0.3809523809523809,1.0,0.0,0.0,0.6476814558781179,1990.4962650055024,289.5890399995551,uav0000086_00000_v
322,0.639358140195706,0,baseline,0.09,0.7,896,1600,62,,,,,,,,271.2979739999355,uav0000086_00000_v
323,0.639358140195706,0,baseline,0.09,0.7,896,1600,62,,,,,,,,279.80694599955314,uav0000086_00000_v
324,0.639358140195706,0,baseline,0.09,0.7,896,1600,61,,,,,,,,287.49986099956004,uav0000086_00000_v
325,0.639358140195706,0,baseline,0.09,0.7,896,1600,62,,,,,,,,289.2740249999406,uav0000086_00000_v
326,0.639358140195706,0,baseline,0.09,0.7,896,1600,63,,,,,,,,287.31516300013027,uav0000086_00000_v
327,0.639358140195706,0,baseline,0.09,0.7,896,1600,63,,,,,,,,286.3263419994837,uav0000086_00000_v
328,0.639358140195706,0,baseline,0.09,0.7,896,1600,64,,,,,,,,285.762651999903,uav0000086_00000_v
329,0.639358140195706,0,baseline,0.09,0.7,896,1600,65,,,,,,,,288.66219999963505,uav0000086_00000_v
330,0.639358140195706,0,baseline,0.09,0.7,896,1600,65,,,,,,,,275.09465599996474,uav0000086_00000_v
331,0.6416685758165483,1,baseline,0.09,0.7,896,1600,63,1.0,0.3692307692307692,1.0,0.0,0.0,0.6450822158046703,1949.4908959057664,228.6608900003557,uav0000086_00000_v
332,0.6416685758165483,0,baseline,0.09,0.7,896,1600,63,,,,,,,,219.75056900009804,uav0000086_00000_v
333,0.6416685758165483,0,baseline,0.09,0.7,896,1600,61,,,,,,,,223.30862899980275,uav0000086_00000_v
334,0.6416685758165483,0,baseline,0.09,0.7,896,1600,62,,,,,,,,233.4642659998281,uav0000086_00000_v
335,0.6416685758165483,0,baseline,0.09,0.7,896,1600,64,,,,,,,,231.95464000036736,uav0000086_00000_v
336,0.6416685758165483,0,baseline,0.09,0.7,896,1600,63,,,,,,,,221.4510310004698,uav0000086_00000_v
337,0.6416685758165483,0,baseline,0.09,0.7,896,1600,62,,,,,,,,233.9836410001226,uav0000086_00000_v
338,0.6416685758165483,0,baseline,0.09,0.7,896,1600,59,,,,,,,,223.9380900000469,uav0000086_00000_v
339,0.6416685758165483,0,baseline,0.09,0.7,896,1600,61,,,,,,,,221.33203800058251,uav0000086_00000_v
340,0.6416685758165483,0,baseline,0.09,0.7,896,1600,61,,,,,,,,224.22209799970005,uav0000086_00000_v
341,0.6443406895172414,1,baseline,0.09,0.7,896,1600,63,1.0,0.3934426229508196,1.0,0.0,0.0,0.6504511379235949,1919.6973720359224,238.8264600003822,uav0000086_00000_v
342,0.6443406895172414,0,baseline,0.09,0.7,896,1600,65,,,,,,,,230.986448999829,uav0000086_00000_v
343,0.6443406895172414,0,baseline,0.09,0.7,896,1600,65,,,,,,,,221.9310430000405,uav0000086_00000_v
344,0.6443406895172414,0,baseline,0.09,0.7,896,1600,66,,,,,,,,222.8465349999169,uav0000086_00000_v
345,0.6443406895172414,0,baseline,0.09,0.7,896,1600,66,,,,,,,,220.3258489998916,uav0000086_00000_v
346,0.6443406895172414,0,baseline,0.09,0.7,896,1600,64,,,,,,,,224.17355899960967,uav0000086_00000_v
347,0.6443406895172414,0,baseline,0.09,0.7,896,1600,64,,,,,,,,227.14959400036605,uav0000086_00000_v
348,0.6443406895172414,0,baseline,0.09,0.7,896,1600,65,,,,,,,,220.83249899969812,uav0000086_00000_v
349,0.6443406895172414,0,baseline,0.09,0.7,896,1600,65,,,,,,,,231.50017300031325,uav0000086_00000_v
350,0.6443406895172414,0,baseline,0.09,0.7,896,1600,65,,,,,,,,225.56643899952175,uav0000086_00000_v
351,0.6470631694217577,1,baseline,0.09,0.7,896,1600,67,1.0,0.4307692307692308,1.0,0.0,0.0,0.6587282261902703,1889.3068713072023,246.1911059999693,uav0000086_00000_v
352,0.6470631694217577,0,baseline,0.09,0.7,896,1600,65,,,,,,,,228.0185800000254,uav0000086_00000_v
353,0.6470631694217577,0,baseline,0.09,0.7,896,1600,66,,,,,,,,237.27412799962624,uav0000086_00000_v
354,0.6470631694217577,0,baseline,0.09,0.7,896,1600,66,,,,,,,,225.0301260000924,uav0000086_00000_v
355,0.6470631694217577,0,baseline,0.09,0.7,896,1600,67,,,,,,,,230.00216800028284,uav0000086_00000_v
356,0.6470631694217577,0,baseline,0.09,0.7,896,1600,67,,,,,,,,219.80195299966,uav0000086_00000_v
357,0.6470631694217577,0,baseline,0.09,0.7,896,1600,67,,,,,,,,229.7333839997009,uav0000086_00000_v
358,0.6470631694217577,0,baseline,0.09,0.7,896,1600,69,,,,,,,,232.1170400000483,uav0000086_00000_v
359,0.6470631694217577,0,baseline,0.09,0.7,896,1600,69,,,,,,,,223.65376200014,uav0000086_00000_v
360,0.6470631694217577,0,baseline,0.09,0.7,896,1600,68,,,,,,,,251.00803100031044,uav0000086_00000_v
361,0.65038954791165,1,baseline,0.09,0.7,896,1600,67,1.0,0.4558823529411764,1.0,0.0,0.0,0.6642970024873349,1881.8099520613532,230.1928830001998,uav0000086_00000_v
362,0.65038954791165,0,baseline,0.09,0.7,896,1600,68,,,,,,,,233.9940800002296,uav0000086_00000_v
363,0.65038954791165,0,baseline,0.09,0.7,896,1600,62,,,,,,,,227.35908899994683,uav0000086_00000_v
364,0.65038954791165,0,baseline,0.09,0.7,896,1600,65,,,,,,,,225.11095499976363,uav0000086_00000_v
365,0.65038954791165,0,baseline,0.09,0.7,896,1600,64,,,,,,,,229.29435199966971,uav0000086_00000_v
366,0.65038954791165,0,baseline,0.09,0.7,896,1600,63,,,,,,,,233.1984439997541,uav0000086_00000_v
367,0.65038954791165,0,baseline,0.09,0.7,896,1600,65,,,,,,,,230.14722600055396,uav0000086_00000_v
368,0.65038954791165,0,baseline,0.09,0.7,896,1600,64,,,,,,,,234.424398999181,uav0000086_00000_v
369,0.65038954791165,0,baseline,0.09,0.7,896,1600,65,,,,,,,,230.6313469998713,uav0000086_00000_v
370,0.65038954791165,0,baseline,0.09,0.7,896,1600,64,,,,,,,,243.11727000076644,uav0000086_00000_v
371,0.6528302742535174,1,baseline,0.09,0.7,896,1600,64,1.0,0.421875,1.0,0.0,0.0,0.6567559512517265,1848.2214000424665,229.1336640000736,uav0000086_00000_v
372,0.6528302742535174,0,baseline,0.09,0.7,896,1600,65,,,,,,,,225.1236370002516,uav0000086_00000_v
373,0.6528302742535174,0,baseline,0.09,0.7,896,1600,65,,,,,,,,222.2656559997631,uav0000086_00000_v
374,0.6528302742535174,0,baseline,0.09,0.7,896,1600,62,,,,,,,,232.80620300010924,uav0000086_00000_v
375,0.6528302742535174,0,baseline,0.09,0.7,896,1600,63,,,,,,,,277.21943799951987,uav0000086_00000_v
376,0.6528302742535174,0,baseline,0.09,0.7,896,1600,66,,,,,,,,277.793076999842,uav0000086_00000_v
377,0.6528302742535174,0,baseline,0.09,0.7,896,1600,65,,,,,,,,270.83774200036714,uav0000086_00000_v
378,0.6528302742535174,0,baseline,0.09,0.7,896,1600,64,,,,,,,,278.6457900001551,uav0000086_00000_v
379,0.6528302742535174,0,baseline,0.09,0.7,896,1600,66,,,,,,,,280.87308799968014,uav0000086_00000_v
380,0.6528302742535174,0,baseline,0.09,0.7,896,1600,66,,,,,,,,281.0592499999984,uav0000086_00000_v
381,0.6548052463939001,1,baseline,0.09,0.7,896,1600,64,1.0,0.4393939393939394,1.0,0.0,0.0,0.6606407352215854,1829.7663914650316,278.6663619999672,uav0000086_00000_v
382,0.6548052463939001,0,baseline,0.09,0.7,896,1600,64,,,,,,,,280.7949390007707,uav0000086_00000_v
383,0.6548052463939001,0,baseline,0.09,0.7,896,1600,65,,,,,,,,287.7249060002214,uav0000086_00000_v
384,0.6548052463939001,0,baseline,0.09,0.7,896,1600,62,,,,,,,,288.6863109997648,uav0000086_00000_v
385,0.6548052463939001,0,baseline,0.09,0.7,896,1600,63,,,,,,,,298.0539760001193,uav0000086_00000_v
386,0.6548052463939001,0,baseline,0.09,0.7,896,1600,63,,,,,,,,285.3643859998556,uav0000086_00000_v
387,0.6548052463939001,0,baseline,0.09,0.7,896,1600,64,,,,,,,,284.92029100016225,uav0000086_00000_v
388,0.6548052463939001,0,baseline,0.09,0.7,896,1600,62,,,,,,,,299.38166699957947,uav0000086_00000_v
389,0.6548052463939001,0,baseline,0.09,0.7,896,1600,63,,,,,,,,313.9651869996669,uav0000086_00000_v
390,0.6548052463939001,0,baseline,0.09,0.7,896,1600,62,,,,,,,,246.1356669991801,uav0000086_00000_v
391,0.6560217686056952,1,baseline,0.09,0.7,896,1600,62,1.0,0.4193548387096774,1.0,0.0,0.0,0.6561971113606831,1843.726499737246,225.86791799949424,uav0000086_00000_v
392,0.6560217686056952,0,baseline,0.09,0.7,896,1600,66,,,,,,,,222.20170400032657,uav0000086_00000_v
393,0.6560217686056952,0,baseline,0.09,0.7,896,1600,64,,,,,,,,251.34395399982168,uav0000086_00000_v
394,0.6560217686056952,0,baseline,0.09,0.7,896,1600,63,,,,,,,,225.5593840000074,uav0000086_00000_v
395,0.6560217686056952,0,baseline,0.09,0.7,896,1600,65,,,,,,,,232.86283900051785,uav0000086_00000_v
396,0.6560217686056952,0,baseline,0.09,0.7,896,1600,63,,,,,,,,228.46802699950783,uav0000086_00000_v
397,0.6560217686056952,0,baseline,0.09,0.7,896,1600,63,,,,,,,,226.6090110006189,uav0000086_00000_v
398,0.6560217686056952,0,baseline,0.09,0.7,896,1600,64,,,,,,,,236.92425500030367,uav0000086_00000_v
399,0.6560217686056952,0,baseline,0.09,0.7,896,1600,64,,,,,,,,226.76906699962277,uav0000086_00000_v
400,0.6560217686056952,0,baseline,0.09,0.7,896,1600,65,,,,,,,,240.7437159999972,uav0000086_00000_v
401,0.6589459136883236,1,baseline,0.09,0.7,896,1600,64,1.0,0.4615384615384615,1.0,0.0,0.0,0.6655512313830703,1855.6989022482423,230.59728299995183,uav0000086_00000_v
402,0.6589459136883236,0,baseline,0.09,0.7,896,1600,63,,,,,,,,224.53847599990692,uav0000086_00000_v
403,0.6589459136883236,0,baseline,0.09,0.7,896,1600,63,,,,,,,,224.5245750000322,uav0000086_00000_v
404,0.6589459136883236,0,baseline,0.09,0.7,896,1600,64,,,,,,,,221.1621219994413,uav0000086_00000_v
405,0.6589459136883236,0,baseline,0.09,0.7,896,1600,63,,,,,,,,221.840494999924,uav0000086_00000_v
406,0.6589459136883236,0,baseline,0.09,0.7,896,1600,65,,,,,,,,227.95687599955272,uav0000086_00000_v
407,0.6589459136883236,0,baseline,0.09,0.7,896,1600,65,,,,,,,,237.98914200051516,uav0000086_00000_v
408,0.6589459136883236,0,baseline,0.09,0.7,896,1600,65,,,,,,,,230.5967270003748,uav0000086_00000_v
409,0.6589459136883236,0,baseline,0.09,0.7,896,1600,66,,,,,,,,224.21474299972036,uav0000086_00000_v
410,0.6589459136883236,0,baseline,0.09,0.7,896,1600,67,,,,,,,,221.8878430003315,uav0000086_00000_v
411,0.6611394398605344,1,baseline,0.09,0.7,896,1600,64,1.0,0.4626865671641791,1.0,0.0,0.0,0.6658058211290702,1859.869026610845,228.34358099953533,uav0000086_00000_v
412,0.6611394398605344,0,baseline,0.09,0.7,896,1600,64,,,,,,,,247.2445630000948,uav0000086_00000_v
413,0.6611394398605344,0,baseline,0.09,0.7,896,1600,64,,,,,,,,230.67017199991824,uav0000086_00000_v
414,0.6611394398605344,0,baseline,0.09,0.7,896,1600,62,,,,,,,,233.071783000014,uav0000086_00000_v
415,0.6611394398605344,0,baseline,0.09,0.7,896,1600,62,,,,,,,,232.37136399984595,uav0000086_00000_v
416,0.6611394398605344,0,baseline,0.09,0.7,896,1600,62,,,,,,,,236.50156900021105,uav0000086_00000_v
417,0.6611394398605344,0,baseline,0.09,0.7,896,1600,62,,,,,,,,220.2754909994837,uav0000086_00000_v
418,0.6611394398605344,0,baseline,0.09,0.7,896,1600,62,,,,,,,,219.32153299985657,uav0000086_00000_v
419,0.6611394398605344,0,baseline,0.09,0.7,896,1600,63,,,,,,,,226.40453000076377,uav0000086_00000_v
420,0.6611394398605344,0,baseline,0.09,0.7,896,1600,62,,,,,,,,227.8299009994953,uav0000086_00000_v
421,0.6612887913566902,1,baseline,0.09,0.7,896,1600,62,1.0,0.4354838709677419,1.0,0.0,0.0,0.6597736866633606,1883.332486988478,231.9998900002247,uav0000086_00000_v
422,0.6612887913566902,0,baseline,0.09,0.7,896,1600,62,,,,,,,,232.0248989999527,uav0000086_00000_v
423,0.6612887913566902,0,baseline,0.09,0.7,896,1600,62,,,,,,,,236.10776999976224,uav0000086_00000_v
424,0.6612887913566902,0,baseline,0.09,0.7,896,1600,63,,,,,,,,227.124406999792,uav0000086_00000_v
425,0.6612887913566902,0,baseline,0.09,0.7,896,1600,63,,,,,,,,244.8133789994245,uav0000086_00000_v
426,0.6612887913566902,0,baseline,0.09,0.7,896,1600,67,,,,,,,,233.3453049996024,uav0000086_00000_v
427,0.6612887913566902,0,baseline,0.09,0.7,896,1600,65,,,,,,,,232.94695499953377,uav0000086_00000_v
428,0.6612887913566902,0,baseline,0.09,0.7,896,1600,64,,,,,,,,228.09203900033023,uav0000086_00000_v
429,0.6612887913566902,0,baseline,0.09,0.7,896,1600,62,,,,,,,,229.08514899972943,uav0000086_00000_v
430,0.6612887913566902,0,baseline,0.09,0.7,896,1600,63,,,,,,,,232.9641910000646,uav0000086_00000_v
431,0.6589151418410877,1,baseline,0.09,0.7,896,1600,64,1.0,0.3809523809523809,1.0,0.0,0.0,0.6476814558781179,1901.839324901115,225.16411200012956,uav0000086_00000_v
432,0.6589151418410877,0,baseline,0.09,0.7,896,1600,65,,,,,,,,236.33580799923948,uav0000086_00000_v
433,0.6589151418410877,0,baseline,0.09,0.7,896,1600,65,,,,,,,,290.9074609997333,uav0000086_00000_v
434,0.6589151418410877,0,baseline,0.09,0.7,896,1600,63,,,,,,,,284.9561200000608,uav0000086_00000_v
435,0.6589151418410877,0,baseline,0.09,0.7,896,1600,64,,,,,,,,289.2734639999617,uav0000086_00000_v
436,0.6589151418410877,0,baseline,0.09,0.7,896,1600,64,,,,,,,,282.7734590000546,uav0000086_00000_v
437,0.6589151418410877,0,baseline,0.09,0.7,896,1600,66,,,,,,,,289.61875599998166,uav0000086_00000_v
438,0.6589151418410877,0,baseline,0.09,0.7,896,1600,65,,,,,,,,289.1862979995494,uav0000086_00000_v
439,0.6589151418410877,0,baseline,0.09,0.7,896,1600,67,,,,,,,,294.4555899994157,uav0000086_00000_v
440,0.6589151418410877,0,baseline,0.09,0.7,896,1600,66,,,,,,,,279.3717459999243,uav0000086_00000_v
441,0.6594701109796389,1,baseline,0.09,0.7,896,1600,66,1.0,0.4393939393939394,1.0,0.0,0.0,0.6606407352215854,1949.7742052686056,294.95094300000346,uav0000086_00000_v
442,0.6594701109796389,0,baseline,0.09,0.7,896,1600,66,,,,,,,,282.8867079997508,uav0000086_00000_v
443,0.6594701109796389,0,baseline,0.09,0.7,896,1600,67,,,,,,,,279.95995600031165,uav0000086_00000_v
444,0.6594701109796389,0,baseline,0.09,0.7,896,1600,66,,,,,,,,304.7985399998652,uav0000086_00000_v
445,0.6594701109796389,0,baseline,0.09,0.7,896,1600,68,,,,,,,,296.320941999511,uav0000086_00000_v
446,0.6594701109796389,0,baseline,0.09,0.7,896,1600,66,,,,,,,,315.5045789999349,uav0000086_00000_v
447,0.6594701109796389,0,baseline,0.09,0.7,896,1600,68,,,,,,,,285.2371930002846,uav0000086_00000_v
448,0.6594701109796389,0,baseline,0.09,0.7,896,1600,66,,,,,,,,253.326953999931,uav0000086_00000_v
449,0.6594701109796389,0,baseline,0.09,0.7,896,1600,66,,,,,,,,245.8480300001611,uav0000086_00000_v
450,0.6594701109796389,0,baseline,0.09,0.7,896,1600,68,,,,,,,,229.33331599961093,uav0000086_00000_v
451,0.659992434874746,1,baseline,0.09,0.7,896,1600,68,1.0,0.4558823529411764,1.0,0.0,0.0,0.6642970024873349,1966.9895842875192,231.2861870004781,uav0000086_00000_v
452,0.659992434874746,0,baseline,0.09,0.7,896,1600,68,,,,,,,,234.05546699996196,uav0000086_00000_v
453,0.659992434874746,0,baseline,0.09,0.7,896,1600,69,,,,,,,,246.7702060002921,uav0000086_00000_v
454,0.659992434874746,0,baseline,0.09,0.7,896,1600,69,,,,,,,,242.39566899996132,uav0000086_00000_v
455,0.659992434874746,0,baseline,0.09,0.7,896,1600,69,,,,,,,,232.1199570005774,uav0000086_00000_v
456,0.659992434874746,0,baseline,0.09,0.7,896,1600,69,,,,,,,,237.28981699969157,uav0000086_00000_v
457,0.659992434874746,0,baseline,0.09,0.7,896,1600,71,,,,,,,,236.76717299986197,uav0000086_00000_v
458,0.659992434874746,0,baseline,0.09,0.7,896,1600,72,,,,,,,,230.90146999948047,uav0000086_00000_v
459,0.659992434874746,0,baseline,0.09,0.7,896,1600,71,,,,,,,,227.1753690001788,uav0000086_00000_v
460,0.659992434874746,0,baseline,0.09,0.7,896,1600,70,,,,,,,,235.7768980000401,uav0000086_00000_v
461,0.6611894927311524,1,baseline,0.09,0.7,896,1600,71,1.0,0.4571428571428571,1.0,0.0,0.0,0.6645765163555273,1996.948250351702,240.1363829994807,uav0000086_00000_v
462,0.6611894927311524,0,baseline,0.09,0.7,896,1600,71,,,,,,,,238.5844319996977,uav0000086_00000_v
463,0.6611894927311524,0,baseline,0.09,0.7,896,1600,72,,,,,,,,227.0293599995057,uav0000086_00000_v
464,0.6611894927311524,0,baseline,0.09,0.7,896,1600,70,,,,,,,,228.9233929996044,uav0000086_00000_v
1,0.3314145293236903,1,baseline,0.09,0.7,896,1600,36,0.0,0.0,0.640646310880373,1.0,0.0,0.3314145293236903,258.02922926306843,282.1537939998961,uav0000117_02622_v
2,0.3314145293236903,0,baseline,0.09,0.7,896,1600,66,,,,,,,,265.7713650005462,uav0000117_02622_v
3,0.3314145293236903,0,baseline,0.09,0.7,896,1600,70,,,,,,,,257.32055000025866,uav0000117_02622_v
4,0.3314145293236903,0,baseline,0.09,0.7,896,1600,72,,,,,,,,436.77142200067465,uav0000117_02622_v
5,0.3314145293236903,0,baseline,0.09,0.7,896,1600,72,,,,,,,,252.7558379997572,uav0000117_02622_v
6,0.3314145293236903,0,baseline,0.09,0.7,896,1600,72,,,,,,,,277.8567119994477,uav0000117_02622_v
7,0.3314145293236903,0,baseline,0.09,0.7,896,1600,75,,,,,,,,258.36517900006584,uav0000117_02622_v
8,0.3314145293236903,0,baseline,0.09,0.7,896,1600,76,,,,,,,,262.26928100004443,uav0000117_02622_v
9,0.3314145293236903,0,baseline,0.09,0.7,896,1600,76,,,,,,,,266.1916890001521,uav0000117_02622_v
10,0.3314145293236903,0,baseline,0.09,0.7,896,1600,74,,,,,,,,286.53936099999555,uav0000117_02622_v
11,0.4414685941978084,1,baseline,0.09,0.7,896,1600,72,1.0,0.0,0.8495754322671476,1.0,0.0,0.5515226590719264,562.1436211071242,259.26287099991896,uav0000117_02622_v
12,0.4414685941978084,0,baseline,0.09,0.7,896,1600,64,,,,,,,,270.92159099993296,uav0000117_02622_v
13,0.4414685941978084,0,baseline,0.09,0.7,896,1600,59,,,,,,,,260.9358789995895,uav0000117_02622_v
14,0.4414685941978084,0,baseline,0.09,0.7,896,1600,48,,,,,,,,242.42226499973185,uav0000117_02622_v
15,0.4414685941978084,0,baseline,0.09,0.7,896,1600,47,,,,,,,,250.7337750002989,uav0000117_02622_v
16,0.4414685941978084,0,baseline,0.09,0.7,896,1600,46,,,,,,,,272.6950619999116,uav0000117_02622_v
17,0.4414685941978084,0,baseline,0.09,0.7,896,1600,46,,,,,,,,265.5659709998872,uav0000117_02622_v
18,0.4414685941978084,0,baseline,0.09,0.7,896,1600,48,,,,,,,,253.0356219995156,uav0000117_02622_v
19,0.4414685941978084,0,baseline,0.09,0.7,896,1600,49,,,,,,,,244.69201099964263,uav0000117_02622_v
20,0.4414685941978084,0,baseline,0.09,0.7,896,1600,48,,,,,,,,246.1370410001109,uav0000117_02622_v
21,0.4605303172535755,1,baseline,0.09,0.7,896,1600,50,1.0,0.0,0.7276771965330634,1.0,0.0,0.4986537633651097,329.3128283218143,275.92366699991544,uav0000117_02622_v
22,0.4605303172535755,0,baseline,0.09,0.7,896,1600,53,,,,,,,,286.09629300081,uav0000117_02622_v
23,0.4605303172535755,0,baseline,0.09,0.7,896,1600,55,,,,,,,,334.36490500025684,uav0000117_02622_v
24,0.4605303172535755,0,baseline,0.09,0.7,896,1600,58,,,,,,,,328.7571310002022,uav0000117_02622_v
25,0.4605303172535755,0,baseline,0.09,0.7,896,1600,64,,,,,,,,318.68579399997543,uav0000117_02622_v
26,0.4605303172535755,0,baseline,0.09,0.7,896,1600,65,,,,,,,,325.6421100004445,uav0000117_02622_v
27,0.4605303172535755,0,baseline,0.09,0.7,896,1600,65,,,,,,,,325.29932699981146,uav0000117_02622_v
28,0.4605303172535755,0,baseline,0.09,0.7,896,1600,63,,,,,,,,393.03607100009685,uav0000117_02622_v
29,0.4605303172535755,0,baseline,0.09,0.7,896,1600,63,,,,,,,,331.89390400002594,uav0000117_02622_v
30,0.4605303172535755,0,baseline,0.09,0.7,896,1600,64,,,,,,,,350.94792199925,uav0000117_02622_v
31,0.479086339355818,1,baseline,0.09,0.7,896,1600,62,1.0,0.0,0.8109133705838355,1.0,0.0,0.5347544056625457,567.2676002776903,357.0219059993178,uav0000117_02622_v
32,0.479086339355818,0,baseline,0.09,0.7,896,1600,62,,,,,,,,310.22721899989847,uav0000117_02622_v
33,0.479086339355818,0,baseline,0.09,0.7,896,1600,61,,,,,,,,327.5100490000113,uav0000117_02622_v
34,0.479086339355818,0,baseline,0.09,0.7,896,1600,64,,,,,,,,371.85193599998456,uav0000117_02622_v
35,0.479086339355818,0,baseline,0.09,0.7,896,1600,70,,,,,,,,319.723466999676,uav0000117_02622_v
36,0.479086339355818,0,baseline,0.09,0.7,896,1600,69,,,,,,,,269.17717099968286,uav0000117_02622_v
37,0.479086339355818,0,baseline,0.09,0.7,896,1600,67,,,,,,,,260.7844669992119,uav0000117_02622_v
38,0.479086339355818,0,baseline,0.09,0.7,896,1600,56,,,,,,,,264.30035500015947,uav0000117_02622_v
39,0.479086339355818,0,baseline,0.09,0.7,896,1600,56,,,,,,,,250.0151640006152,uav0000117_02622_v
40,0.479086339355818,0,baseline,0.09,0.7,896,1600,58,,,,,,,,271.6165400006503,uav0000117_02622_v
41,0.4750569672795487,1,baseline,0.09,0.7,896,1600,57,1.0,0.0,0.6361091557041665,1.0,0.0,0.4589394789744714,290.8695258601577,266.43235399933474,uav0000117_02622_v
42,0.4750569672795487,0,baseline,0.09,0.7,896,1600,56,,,,,,,,287.25943900008133,uav0000117_02622_v
43,0.4750569672795487,0,baseline,0.09,0.7,896,1600,59,,,,,,,,243.75067700020736,uav0000117_02622_v
44,0.4750569672795487,0,baseline,0.09,0.7,896,1600,61,,,,,,,,248.62724899958263,uav0000117_02622_v
45,0.4750569672795487,0,baseline,0.09,0.7,896,1600,62,,,,,,,,250.78008299988144,uav0000117_02622_v
46,0.4750569672795487,0,baseline,0.09,0.7,896,1600,64,,,,,,,,284.6979630003261,uav0000117_02622_v
47,0.4750569672795487,0,baseline,0.09,0.7,896,1600,63,,,,,,,,246.6647789997296,uav0000117_02622_v
48,0.4750569672795487,0,baseline,0.09,0.7,896,1600,66,,,,,,,,268.3390310003233,uav0000117_02622_v
49,0.4750569672795487,0,baseline,0.09,0.7,896,1600,68,,,,,,,,249.41189999935887,uav0000117_02622_v
50,0.4750569672795487,0,baseline,0.09,0.7,896,1600,67,,,,,,,,262.3617959998228,uav0000117_02622_v
51,0.4780873499548024,1,baseline,0.09,0.7,896,1600,67,1.0,0.0,0.7151931453209555,1.0,0.0,0.4932392633310707,496.450436454147,254.44234399947163,uav0000117_02622_v
52,0.4780873499548024,0,baseline,0.09,0.7,896,1600,65,,,,,,,,276.23397699971974,uav0000117_02622_v
53,0.4780873499548024,0,baseline,0.09,0.7,896,1600,66,,,,,,,,252.71393899947725,uav0000117_02622_v
54,0.4780873499548024,0,baseline,0.09,0.7,896,1600,68,,,,,,,,285.4308249998212,uav0000117_02622_v
55,0.4780873499548024,0,baseline,0.09,0.7,896,1600,67,,,,,,,,248.76680400029727,uav0000117_02622_v
56,0.4780873499548024,0,baseline,0.09,0.7,896,1600,66,,,,,,,,250.92725300055463,uav0000117_02622_v
57,0.4780873499548024,0,baseline,0.09,0.7,896,1600,67,,,,,,,,248.14197199975752,uav0000117_02622_v
58,0.4780873499548024,0,baseline,0.09,0.7,896,1600,69,,,,,,,,281.7650790002517,uav0000117_02622_v
59,0.4780873499548024,0,baseline,0.09,0.7,896,1600,65,,,,,,,,249.53660199935257,uav0000117_02622_v
60,0.4780873499548024,0,baseline,0.09,0.7,896,1600,65,,,,,,,,262.84366799973213,uav0000117_02622_v
61,0.4812213396313896,1,baseline,0.09,0.7,896,1600,69,1.0,0.0,0.7308394562013286,1.0,0.0,0.5000252776909127,526.2546833382526,258.72097999945254,uav0000117_02622_v
62,0.4812213396313896,0,baseline,0.09,0.7,896,1600,65,,,,,,,,258.5200989997247,uav0000117_02622_v
63,0.4812213396313896,0,baseline,0.09,0.7,896,1600,68,,,,,,,,255.44715100022583,uav0000117_02622_v
64,0.4812213396313896,0,baseline,0.09,0.7,896,1600,67,,,,,,,,267.24403600019286,uav0000117_02622_v
65,0.4812213396313896,0,baseline,0.09,0.7,896,1600,70,,,,,,,,250.9100360002776,uav0000117_02622_v
66,0.4812213396313896,0,baseline,0.09,0.7,896,1600,72,,,,,,,,286.2142350004433,uav0000117_02622_v
67,0.4812213396313896,0,baseline,0.09,0.7,896,1600,75,,,,,,,,288.14088000035554,uav0000117_02622_v
68,0.4812213396313896,0,baseline,0.09,0.7,896,1600,75,,,,,,,,258.7835360000099,uav0000117_02622_v
69,0.4812213396313896,0,baseline,0.09,0.7,896,1600,75,,,,,,,,256.26664199990046,uav0000117_02622_v
70,0.4812213396313896,0,baseline,0.09,0.7,896,1600,74,,,,,,,,265.18718200077274,uav0000117_02622_v
71,0.5053631092222669,1,baseline,0.09,0.7,896,1600,77,1.0,0.0,0.7317193893264111,1.0,0.0,0.5004069164598317,582.316620253392,264.92192300065653,uav0000117_02622_v
72,0.5053631092222669,0,baseline,0.09,0.7,896,1600,69,,,,,,,,267.3287039997376,uav0000117_02622_v
73,0.5053631092222669,0,baseline,0.09,0.7,896,1600,68,,,,,,,,268.19646900003136,uav0000117_02622_v
74,0.5053631092222669,0,baseline,0.09,0.7,896,1600,69,,,,,,,,322.1707949996926,uav0000117_02622_v
75,0.5053631092222669,0,baseline,0.09,0.7,896,1600,70,,,,,,,,311.56755599931785,uav0000117_02622_v
76,0.5053631092222669,0,baseline,0.09,0.7,896,1600,71,,,,,,,,328.04045800003223,uav0000117_02622_v
77,0.5053631092222669,0,baseline,0.09,0.7,896,1600,71,,,,,,,,325.41789900005824,uav0000117_02622_v
78,0.5053631092222669,0,baseline,0.09,0.7,896,1600,75,,,,,,,,337.8839070001049,uav0000117_02622_v
79,0.5053631092222669,0,baseline,0.09,0.7,896,1600,78,,,,,,,,316.7257530003553,uav0000117_02622_v
80,0.5053631092222669,0,baseline,0.09,0.7,896,1600,79,,,,,,,,326.3504819997252,uav0000117_02622_v
81,0.4941303217067166,1,baseline,0.09,0.7,896,1600,64,1.0,0.0,0.6682817105899952,1.0,0.0,0.4728931464630742,402.57048289955696,322.53168799979903,uav0000117_02622_v
82,0.4941303217067166,0,baseline,0.09,0.7,896,1600,52,,,,,,,,310.0552539999626,uav0000117_02622_v
83,0.4941303217067166,0,baseline,0.09,0.7,896,1600,53,,,,,,,,310.83284999931493,uav0000117_02622_v
84,0.4941303217067166,0,baseline,0.09,0.7,896,1600,52,,,,,,,,347.7634490000128,uav0000117_02622_v
85,0.4941303217067166,0,baseline,0.09,0.7,896,1600,53,,,,,,,,334.77663200028474,uav0000117_02622_v
86,0.4941303217067166,0,baseline,0.09,0.7,896,1600,48,,,,,,,,308.4203170001274,uav0000117_02622_v
87,0.4941303217067166,0,baseline,0.09,0.7,896,1600,55,,,,,,,,254.24086499970144,uav0000117_02622_v
88,0.4941303217067166,0,baseline,0.09,0.7,896,1600,55,,,,,,,,254.9373089996152,uav0000117_02622_v
89,0.4941303217067166,0,baseline,0.09,0.7,896,1600,55,,,,,,,,251.13418099954288,uav0000117_02622_v
90,0.4941303217067166,0,baseline,0.09,0.7,896,1600,65,,,,,,,,276.7037240000718,uav0000117_02622_v
91,0.4905660882041333,1,baseline,0.09,0.7,896,1600,61,1.0,0.0,0.6701515684807954,1.0,0.0,0.473704128847027,491.6216221488571,266.7341399992438,uav0000117_02622_v
92,0.4905660882041333,0,baseline,0.09,0.7,896,1600,60,,,,,,,,248.68752600013977,uav0000117_02622_v
93,0.4905660882041333,0,baseline,0.09,0.7,896,1600,62,,,,,,,,253.39653500032,uav0000117_02622_v
94,0.4905660882041333,0,baseline,0.09,0.7,896,1600,65,,,,,,,,262.542735000352,uav0000117_02622_v
95,0.4905660882041333,0,baseline,0.09,0.7,896,1600,61,,,,,,,,251.4753719997316,uav0000117_02622_v
96,0.4905660882041333,0,baseline,0.09,0.7,896,1600,61,,,,,,,,267.74111299982906,uav0000117_02622_v
97,0.4905660882041333,0,baseline,0.09,0.7,896,1600,63,,,,,,,,251.08492399976967,uav0000117_02622_v
98,0.4905660882041333,0,baseline,0.09,0.7,896,1600,65,,,,,,,,256.8034149999221,uav0000117_02622_v
99,0.4905660882041333,0,baseline,0.09,0.7,896,1600,62,,,,,,,,258.0413519999638,uav0000117_02622_v
100,0.4905660882041333,0,baseline,0.09,0.7,896,1600,56,,,,,,,,254.19917599992917,uav0000117_02622_v
101,0.4747502279725463,1,baseline,0.09,0.7,896,1600,56,1.0,0.0,0.5556502705794358,1.0,0.0,0.4240433840414361,289.92609217383705,263.1946700003027,uav0000117_02622_v
102,0.4747502279725463,0,baseline,0.09,0.7,896,1600,56,,,,,,,,267.21881800040137,uav0000117_02622_v
103,0.4747502279725463,0,baseline,0.09,0.7,896,1600,59,,,,,,,,258.31386699974246,uav0000117_02622_v
104,0.4747502279725463,0,baseline,0.09,0.7,896,1600,58,,,,,,,,245.0431390006997,uav0000117_02622_v
105,0.4747502279725463,0,baseline,0.09,0.7,896,1600,53,,,,,,,,245.34185799984695,uav0000117_02622_v
106,0.4747502279725463,0,baseline,0.09,0.7,896,1600,52,,,,,,,,248.0084070002704,uav0000117_02622_v
107,0.4747502279725463,0,baseline,0.09,0.7,896,1600,55,,,,,,,,243.71472100028768,uav0000117_02622_v
108,0.4747502279725463,0,baseline,0.09,0.7,896,1600,59,,,,,,,,259.6200179996231,uav0000117_02622_v
109,0.4747502279725463,0,baseline,0.09,0.7,896,1600,59,,,,,,,,243.3618650002245,uav0000117_02622_v
110,0.4747502279725463,0,baseline,0.09,0.7,896,1600,57,,,,,,,,244.4543440005873,uav0000117_02622_v
111,0.4705607202369572,1,baseline,0.09,0.7,896,1600,57,1.0,0.0,0.5684917946236085,1.0,0.0,0.4296129248253484,420.4793925118857,268.28044899957604,uav0000117_02622_v
112,0.4705607202369572,0,baseline,0.09,0.7,896,1600,57,,,,,,,,248.8004010001532,uav0000117_02622_v
113,0.4705607202369572,0,baseline,0.09,0.7,896,1600,56,,,,,,,,254.575855999974,uav0000117_02622_v
114,0.4705607202369572,0,baseline,0.09,0.7,896,1600,56,,,,,,,,265.24744400012423,uav0000117_02622_v
115,0.4705607202369572,0,baseline,0.09,0.7,896,1600,56,,,,,,,,258.2501660008347,uav0000117_02622_v
116,0.4705607202369572,0,baseline,0.09,0.7,896,1600,56,,,,,,,,249.01872400005232,uav0000117_02622_v
117,0.4705607202369572,0,baseline,0.09,0.7,896,1600,55,,,,,,,,248.0874960001529,uav0000117_02622_v
118,0.4705607202369572,0,baseline,0.09,0.7,896,1600,55,,,,,,,,248.38185400039947,uav0000117_02622_v
119,0.4705607202369572,0,baseline,0.09,0.7,896,1600,59,,,,,,,,245.27619999935268,uav0000117_02622_v
120,0.4705607202369572,0,baseline,0.09,0.7,896,1600,60,,,,,,,,274.05194399943866,uav0000117_02622_v
121,0.4649945869420531,1,baseline,0.09,0.7,896,1600,59,1.0,0.0,0.6253574728320647,1.0,0.0,0.4542763302667418,499.0932153100218,255.1852759997928,uav0000117_02622_v
122,0.4649945869420531,0,baseline,0.09,0.7,896,1600,59,,,,,,,,240.30042300000787,uav0000117_02622_v
123,0.4649945869420531,0,baseline,0.09,0.7,896,1600,59,,,,,,,,251.37379199986756,uav0000117_02622_v
124,0.4649945869420531,0,baseline,0.09,0.7,896,1600,60,,,,,,,,274.1331930001252,uav0000117_02622_v
125,0.4649945869420531,0,baseline,0.09,0.7,896,1600,58,,,,,,,,252.18369999947757,uav0000117_02622_v
126,0.4649945869420531,0,baseline,0.09,0.7,896,1600,55,,,,,,,,300.87576100049773,uav0000117_02622_v
127,0.4649945869420531,0,baseline,0.09,0.7,896,1600,55,,,,,,,,303.74566899990896,uav0000117_02622_v
128,0.4649945869420531,0,baseline,0.09,0.7,896,1600,57,,,,,,,,327.38963100018736,uav0000117_02622_v
129,0.4649945869420531,0,baseline,0.09,0.7,896,1600,59,,,,,,,,302.6165960000071,uav0000117_02622_v
130,0.4649945869420531,0,baseline,0.09,0.7,896,1600,60,,,,,,,,321.4959369997814,uav0000117_02622_v
131,0.457637628016984,1,baseline,0.09,0.7,896,1600,60,1.0,0.0166666666666666,0.6035791279862729,1.0,0.0,0.4485265652154287,459.2432090305055,332.39380800023355,uav0000117_02622_v
132,0.457637628016984,0,baseline,0.09,0.7,896,1600,58,,,,,,,,325.1480180006183,uav0000117_02622_v
133,0.457637628016984,0,baseline,0.09,0.7,896,1600,59,,,,,,,,306.14393900032155,uav0000117_02622_v
134,0.457637628016984,0,baseline,0.09,0.7,896,1600,59,,,,,,,,313.8145130005796,uav0000117_02622_v
135,0.457637628016984,0,baseline,0.09,0.7,896,1600,58,,,,,,,,317.7499429993986,uav0000117_02622_v
136,0.457637628016984,0,baseline,0.09,0.7,896,1600,60,,,,,,,,322.2338220002712,uav0000117_02622_v
137,0.457637628016984,0,baseline,0.09,0.7,896,1600,58,,,,,,,,318.04245399962383,uav0000117_02622_v
138,0.457637628016984,0,baseline,0.09,0.7,896,1600,64,,,,,,,,349.29341999941244,uav0000117_02622_v
139,0.457637628016984,0,baseline,0.09,0.7,896,1600,65,,,,,,,,262.3825509999733,uav0000117_02622_v
140,0.457637628016984,0,baseline,0.09,0.7,896,1600,64,,,,,,,,269.51179599927855,uav0000117_02622_v
141,0.449537209468709,1,baseline,0.09,0.7,896,1600,65,1.0,0.015625,0.5929924325751242,1.0,0.0,0.4437039866219069,421.5471518063386,285.7564249998177,uav0000117_02622_v
142,0.449537209468709,0,baseline,0.09,0.7,896,1600,68,,,,,,,,255.18165599987697,uav0000117_02622_v
143,0.449537209468709,0,baseline,0.09,0.7,896,1600,68,,,,,,,,249.14943000021597,uav0000117_02622_v
144,0.449537209468709,0,baseline,0.09,0.7,896,1600,67,,,,,,,,267.90949999940494,uav0000117_02622_v
145,0.449537209468709,0,baseline,0.09,0.7,896,1600,63,,,,,,,,258.31178099997487,uav0000117_02622_v
146,0.449537209468709,0,baseline,0.09,0.7,896,1600,58,,,,,,,,247.05211599939503,uav0000117_02622_v
147,0.449537209468709,0,baseline,0.09,0.7,896,1600,60,,,,,,,,252.3032670005705,uav0000117_02622_v
148,0.449537209468709,0,baseline,0.09,0.7,896,1600,60,,,,,,,,260.01275299950066,uav0000117_02622_v
149,0.449537209468709,0,baseline,0.09,0.7,896,1600,58,,,,,,,,258.1735049998315,uav0000117_02622_v
150,0.449537209468709,0,baseline,0.09,0.7,896,1600,57,,,,,,,,271.47495900044305,uav0000117_02622_v
151,0.4403645869186174,1,baseline,0.09,0.7,896,1600,57,1.0,0.0175438596491228,0.5112686435830877,1.0,0.0,0.4086847886124325,372.30557876691984,265.1186789998974,uav0000117_02622_v
152,0.4403645869186174,0,baseline,0.09,0.7,896,1600,57,,,,,,,,251.0066320000988,uav0000117_02622_v
153,0.4403645869186174,0,baseline,0.09,0.7,896,1600,59,,,,,,,,259.3909889992574,uav0000117_02622_v
154,0.4403645869186174,0,baseline,0.09,0.7,896,1600,64,,,,,,,,261.3191410000581,uav0000117_02622_v
155,0.4403645869186174,0,baseline,0.09,0.7,896,1600,63,,,,,,,,252.50772499930463,uav0000117_02622_v
156,0.4403645869186174,0,baseline,0.09,0.7,896,1600,66,,,,,,,,271.2466579996544,uav0000117_02622_v
157,0.4403645869186174,0,baseline,0.09,0.7,896,1600,69,,,,,,,,260.0418419997368,uav0000117_02622_v
158,0.4403645869186174,0,baseline,0.09,0.7,896,1600,66,,,,,,,,249.09204999949,uav0000117_02622_v
159,0.4403645869186174,0,baseline,0.09,0.7,896,1600,65,,,,,,,,242.24431099992216,uav0000117_02622_v
160,0.4403645869186174,0,baseline,0.09,0.7,896,1600,67,,,,,,,,267.44648099975166,uav0000117_02622_v
161,0.4291437664713901,1,baseline,0.09,0.7,896,1600,61,1.0,0.0298507462686567,0.4737889920366052,1.0,0.0,0.3951583857164361,262.23497278681003,285.5006890004006,uav0000117_02622_v
162,0.4291437664713901,0,baseline,0.09,0.7,896,1600,56,,,,,,,,267.26161900023726,uav0000117_02622_v
163,0.4291437664713901,0,baseline,0.09,0.7,896,1600,60,,,,,,,,243.82541599970864,uav0000117_02622_v
164,0.4291437664713901,0,baseline,0.09,0.7,896,1600,58,,,,,,,,247.7632710006219,uav0000117_02622_v
165,0.4291437664713901,0,baseline,0.09,0.7,896,1600,58,,,,,,,,253.9659580006628,uav0000117_02622_v
166,0.4291437664713901,0,baseline,0.09,0.7,896,1600,56,,,,,,,,273.1018500007849,uav0000117_02622_v
167,0.4291437664713901,0,baseline,0.09,0.7,896,1600,56,,,,,,,,251.45874800000456,uav0000117_02622_v
168,0.4291437664713901,0,baseline,0.09,0.7,896,1600,57,,,,,,,,281.0559050003576,uav0000117_02622_v
169,0.4291437664713901,0,baseline,0.09,0.7,896,1600,70,,,,,,,,263.1464380001489,uav0000117_02622_v
170,0.4291437664713901,0,baseline,0.09,0.7,896,1600,74,,,,,,,,251.9194179994884,uav0000117_02622_v
171,0.4338457308545317,1,baseline,0.09,0.7,896,1600,77,1.0,0.0405405405405405,0.6108110783580448,1.0,0.0,0.4569571347234272,444.7953014362408,259.3141690003904,uav0000117_02622_v
172,0.4338457308545317,0,baseline,0.09,0.7,896,1600,82,,,,,,,,256.24614499975,uav0000117_02622_v
173,0.4338457308545317,0,baseline,0.09,0.7,896,1600,82,,,,,,,,258.8753640002324,uav0000117_02622_v
174,0.4338457308545317,0,baseline,0.09,0.7,896,1600,80,,,,,,,,274.6938049995151,uav0000117_02622_v
175,0.4338457308545317,0,baseline,0.09,0.7,896,1600,81,,,,,,,,246.11001399989615,uav0000117_02622_v
176,0.4338457308545317,0,baseline,0.09,0.7,896,1600,81,,,,,,,,250.43386800007283,uav0000117_02622_v
177,0.4338457308545317,0,baseline,0.09,0.7,896,1600,80,,,,,,,,268.04502599952684,uav0000117_02622_v
178,0.4338457308545317,0,baseline,0.09,0.7,896,1600,82,,,,,,,,329.999033000604,uav0000117_02622_v
179,0.4338457308545317,0,baseline,0.09,0.7,896,1600,83,,,,,,,,327.5848349994704,uav0000117_02622_v
180,0.4338457308545317,0,baseline,0.09,0.7,896,1600,80,,,,,,,,349.07156100052816,uav0000117_02622_v
181,0.4351246725080543,1,baseline,0.09,0.7,896,1600,74,1.0,0.05,0.5635696687051783,1.0,0.0,0.4385655164000074,384.3341214139953,324.01082900014444,uav0000117_02622_v
182,0.4351246725080543,0,baseline,0.09,0.7,896,1600,70,,,,,,,,312.5358009992852,uav0000117_02622_v
183,0.4351246725080543,0,baseline,0.09,0.7,896,1600,67,,,,,,,,308.914993000144,uav0000117_02622_v
184,0.4351246725080543,0,baseline,0.09,0.7,896,1600,68,,,,,,,,336.8465699995795,uav0000117_02622_v
185,0.4351246725080543,0,baseline,0.09,0.7,896,1600,62,,,,,,,,311.904037000204,uav0000117_02622_v
186,0.4351246725080543,0,baseline,0.09,0.7,896,1600,56,,,,,,,,317.58492599965393,uav0000117_02622_v
187,0.4351246725080543,0,baseline,0.09,0.7,896,1600,54,,,,,,,,295.97934400044323,uav0000117_02622_v
188,0.4351246725080543,0,baseline,0.09,0.7,896,1600,56,,,,,,,,310.30506400020386,uav0000117_02622_v
189,0.4351246725080543,0,baseline,0.09,0.7,896,1600,71,,,,,,,,314.4224510006097,uav0000117_02622_v
190,0.4351246725080543,0,baseline,0.09,0.7,896,1600,73,,,,,,,,318.8039970000318,uav0000117_02622_v
191,0.4342588485349546,1,baseline,0.09,0.7,896,1600,74,1.0,0.0547945205479452,0.5833681640195345,1.0,0.0,0.4482155624550435,444.4211848565808,253.63015699986136,uav0000117_02622_v
192,0.4342588485349546,0,baseline,0.09,0.7,896,1600,74,,,,,,,,261.6308719998415,uav0000117_02622_v
193,0.4342588485349546,0,baseline,0.09,0.7,896,1600,75,,,,,,,,238.74499799967447,uav0000117_02622_v
194,0.4342588485349546,0,baseline,0.09,0.7,896,1600,75,,,,,,,,242.44658000043276,uav0000117_02622_v
195,0.4342588485349546,0,baseline,0.09,0.7,896,1600,78,,,,,,,,252.4587409998276,uav0000117_02622_v
196,0.4342588485349546,0,baseline,0.09,0.7,896,1600,79,,,,,,,,299.732726000002,uav0000117_02622_v
197,0.4342588485349546,0,baseline,0.09,0.7,896,1600,82,,,,,,,,254.9624120001681,uav0000117_02622_v
198,0.4342588485349546,0,baseline,0.09,0.7,896,1600,77,,,,,,,,266.07276300001104,uav0000117_02622_v
199,0.4342588485349546,0,baseline,0.09,0.7,896,1600,33,,,,,,,,249.26903499999756,uav0000117_02622_v
200,0.4342588485349546,0,baseline,0.09,0.7,896,1600,30,,,,,,,,239.28374600018287,uav0000117_02622_v
201,0.4266889215468726,1,baseline,0.09,0.7,896,1600,49,1.0,0.0333333333333333,0.4728815610013638,1.0,0.0,0.3955370762988549,280.6105057850272,254.69902500026365,uav0000117_02622_v
202,0.4266889215468726,0,baseline,0.09,0.7,896,1600,62,,,,,,,,258.9488670000719,uav0000117_02622_v
203,0.4266889215468726,0,baseline,0.09,0.7,896,1600,66,,,,,,,,244.92107599962765,uav0000117_02622_v
204,0.4266889215468726,0,baseline,0.09,0.7,896,1600,68,,,,,,,,271.1636249996445,uav0000117_02622_v
205,0.4266889215468726,0,baseline,0.09,0.7,896,1600,71,,,,,,,,248.8488690005397,uav0000117_02622_v
206,0.4266889215468726,0,baseline,0.09,0.7,896,1600,75,,,,,,,,245.82893300066644,uav0000117_02622_v
207,0.4266889215468726,0,baseline,0.09,0.7,896,1600,79,,,,,,,,253.5054820000369,uav0000117_02622_v
208,0.4266889215468726,0,baseline,0.09,0.7,896,1600,80,,,,,,,,255.78925799982244,uav0000117_02622_v
209,0.4266889215468726,0,baseline,0.09,0.7,896,1600,82,,,,,,,,248.02252399967983,uav0000117_02622_v
210,0.4266889215468726,0,baseline,0.09,0.7,896,1600,84,,,,,,,,264.2554100002599,uav0000117_02622_v
211,0.4279125915388287,1,baseline,0.09,0.7,896,1600,77,1.0,0.0595238095238095,0.5902976373795591,1.0,0.0,0.4522696765655997,393.0277755909004,271.142829999917,uav0000117_02622_v
212,0.4279125915388287,0,baseline,0.09,0.7,896,1600,58,,,,,,,,258.2281980003245,uav0000117_02622_v
213,0.4279125915388287,0,baseline,0.09,0.7,896,1600,51,,,,,,,,247.4950779997016,uav0000117_02622_v
214,0.4279125915388287,0,baseline,0.09,0.7,896,1600,48,,,,,,,,252.69311600004585,uav0000117_02622_v
215,0.4279125915388287,0,baseline,0.09,0.7,896,1600,47,,,,,,,,261.7341999994096,uav0000117_02622_v
216,0.4279125915388287,0,baseline,0.09,0.7,896,1600,47,,,,,,,,268.2792650002739,uav0000117_02622_v
217,0.4279125915388287,0,baseline,0.09,0.7,896,1600,58,,,,,,,,246.4513000004445,uav0000117_02622_v
218,0.4279125915388287,0,baseline,0.09,0.7,896,1600,67,,,,,,,,240.84968599981949,uav0000117_02622_v
219,0.4279125915388287,0,baseline,0.09,0.7,896,1600,76,,,,,,,,263.62637500005803,uav0000117_02622_v
220,0.4279125915388287,0,baseline,0.09,0.7,896,1600,81,,,,,,,,274.151743999937,uav0000117_02622_v
221,0.4358724679988447,1,baseline,0.09,0.7,896,1600,81,1.0,0.0493827160493827,0.6234601170311056,1.0,0.0,0.4644039238325441,465.5989065715103,254.68808999994508,uav0000117_02622_v
222,0.4358724679988447,0,baseline,0.09,0.7,896,1600,83,,,,,,,,265.153929999542,uav0000117_02622_v
223,0.4358724679988447,0,baseline,0.09,0.7,896,1600,82,,,,,,,,257.70406700030435,uav0000117_02622_v
224,0.4358724679988447,0,baseline,0.09,0.7,896,1600,80,,,,,,,,263.10529700003826,uav0000117_02622_v
225,0.4358724679988447,0,baseline,0.09,0.7,896,1600,79,,,,,,,,243.05371199989168,uav0000117_02622_v
226,0.4358724679988447,0,baseline,0.09,0.7,896,1600,81,,,,,,,,258.8706849992377,uav0000117_02622_v
227,0.4358724679988447,0,baseline,0.09,0.7,896,1600,79,,,,,,,,253.68024800081912,uav0000117_02622_v
228,0.4358724679988447,0,baseline,0.09,0.7,896,1600,82,,,,,,,,280.16727400063246,uav0000117_02622_v
229,0.4358724679988447,0,baseline,0.09,0.7,896,1600,80,,,,,,,,259.8835959997814,uav0000117_02622_v
230,0.4358724679988447,0,baseline,0.09,0.7,896,1600,79,,,,,,,,314.4445209991318,uav0000117_02622_v
231,0.4440971397227229,1,baseline,0.09,0.7,896,1600,75,1.0,0.050632911392405,0.5959072110519601,1.0,0.0,0.4527310877835838,435.9671825074884,334.6287920003306,uav0000117_02622_v
232,0.4440971397227229,0,baseline,0.09,0.7,896,1600,78,,,,,,,,344.3469020003249,uav0000117_02622_v
233,0.4440971397227229,0,baseline,0.09,0.7,896,1600,79,,,,,,,,358.2618700002058,uav0000117_02622_v
234,0.4440971397227229,0,baseline,0.09,0.7,896,1600,76,,,,,,,,372.394150999753,uav0000117_02622_v
235,0.4440971397227229,0,baseline,0.09,0.7,896,1600,76,,,,,,,,304.07924199971603,uav0000117_02622_v
236,0.4440971397227229,0,baseline,0.09,0.7,896,1600,79,,,,,,,,321.223939000447,uav0000117_02622_v
237,0.4440971397227229,0,baseline,0.09,0.7,896,1600,78,,,,,,,,316.12385399967025,uav0000117_02622_v
238,0.4440971397227229,0,baseline,0.09,0.7,896,1600,77,,,,,,,,358.80647899921314,uav0000117_02622_v
239,0.4440971397227229,0,baseline,0.09,0.7,896,1600,79,,,,,,,,336.7982999998276,uav0000117_02622_v
240,0.4440971397227229,0,baseline,0.09,0.7,896,1600,78,,,,,,,,371.7435929993371,uav0000117_02622_v
241,0.4455365435298579,1,baseline,0.09,0.7,896,1600,78,1.0,0.0897435897435897,0.6088862246469269,1.0,0.0,0.4670329613733717,431.7190560432037,347.12308299913275,uav0000117_02622_v
242,0.4455365435298579,0,baseline,0.09,0.7,896,1600,83,,,,,,,,322.8816119999465,uav0000117_02622_v
243,0.4455365435298579,0,baseline,0.09,0.7,896,1600,82,,,,,,,,269.9829740004134,uav0000117_02622_v
244,0.4455365435298579,0,baseline,0.09,0.7,896,1600,82,,,,,,,,272.2176019997278,uav0000117_02622_v
245,0.4455365435298579,0,baseline,0.09,0.7,896,1600,86,,,,,,,,251.66356600038853,uav0000117_02622_v
246,0.4455365435298579,0,baseline,0.09,0.7,896,1600,86,,,,,,,,283.2547389998581,uav0000117_02622_v
247,0.4455365435298579,0,baseline,0.09,0.7,896,1600,88,,,,,,,,256.588821999685,uav0000117_02622_v
248,0.4455365435298579,0,baseline,0.09,0.7,896,1600,88,,,,,,,,255.6552450005256,uav0000117_02622_v
249,0.4455365435298579,0,baseline,0.09,0.7,896,1600,90,,,,,,,,252.0607269998436,uav0000117_02622_v
250,0.4455365435298579,0,baseline,0.09,0.7,896,1600,89,,,,,,,,270.400592000442,uav0000117_02622_v
251,0.4539440617572291,1,baseline,0.09,0.7,896,1600,89,1.0,0.0786516853932584,0.6846154692243389,1.0,0.0,0.4974181439916057,485.60355909054,263.4494159992755,uav0000117_02622_v
252,0.4539440617572291,0,baseline,0.09,0.7,896,1600,89,,,,,,,,268.49325799958024,uav0000117_02622_v
253,0.4539440617572291,0,baseline,0.09,0.7,896,1600,87,,,,,,,,251.18330999976024,uav0000117_02622_v
254,0.4539440617572291,0,baseline,0.09,0.7,896,1600,87,,,,,,,,244.6547890003785,uav0000117_02622_v
255,0.4539440617572291,0,baseline,0.09,0.7,896,1600,88,,,,,,,,251.3850569994247,uav0000117_02622_v
256,0.4539440617572291,0,baseline,0.09,0.7,896,1600,87,,,,,,,,265.84165900021617,uav0000117_02622_v
257,0.4539440617572291,0,baseline,0.09,0.7,896,1600,88,,,,,,,,251.6451980000056,uav0000117_02622_v
258,0.4539440617572291,0,baseline,0.09,0.7,896,1600,89,,,,,,,,269.3163670001013,uav0000117_02622_v
259,0.4539440617572291,0,baseline,0.09,0.7,896,1600,89,,,,,,,,267.8447509997568,uav0000117_02622_v
260,0.4539440617572291,0,baseline,0.09,0.7,896,1600,89,,,,,,,,247.4808409997422,uav0000117_02622_v
261,0.4587122803582842,1,baseline,0.09,0.7,896,1600,92,1.0,0.0674157303370786,0.6538728056667692,1.0,0.0,0.481593092662429,489.6010132949235,266.8449819993839,uav0000117_02622_v
262,0.4587122803582842,0,baseline,0.09,0.7,896,1600,87,,,,,,,,275.3106130003289,uav0000117_02622_v
263,0.4587122803582842,0,baseline,0.09,0.7,896,1600,86,,,,,,,,249.4665240001268,uav0000117_02622_v
264,0.4587122803582842,0,baseline,0.09,0.7,896,1600,87,,,,,,,,271.3502280003013,uav0000117_02622_v
265,0.4587122803582842,0,baseline,0.09,0.7,896,1600,87,,,,,,,,256.4895260002231,uav0000117_02622_v
266,0.4587122803582842,0,baseline,0.09,0.7,896,1600,87,,,,,,,,253.0169859992384,uav0000117_02622_v
267,0.4587122803582842,0,baseline,0.09,0.7,896,1600,86,,,,,,,,246.91951800014067,uav0000117_02622_v
268,0.4587122803582842,0,baseline,0.09,0.7,896,1600,87,,,,,,,,261.22831699922244,uav0000117_02622_v
269,0.4587122803582842,0,baseline,0.09,0.7,896,1600,88,,,,,,,,252.82213499940556,uav0000117_02622_v
270,0.4587122803582842,0,baseline,0.09,0.7,896,1600,88,,,,,,,,275.04571100053,uav0000117_02622_v
271,0.4695686865808212,1,baseline,0.09,0.7,896,1600,89,1.0,0.034090909090909,0.6477132737911918,1.0,0.0,0.4715319198566141,505.40018116453984,260.47999000002164,uav0000117_02622_v
272,0.4695686865808212,0,baseline,0.09,0.7,896,1600,90,,,,,,,,254.71146200015937,uav0000117_02622_v
273,0.4695686865808212,0,baseline,0.09,0.7,896,1600,90,,,,,,,,261.1702089998289,uav0000117_02622_v
274,0.4695686865808212,0,baseline,0.09,0.7,896,1600,88,,,,,,,,266.50369800063345,uav0000117_02622_v
275,0.4695686865808212,0,baseline,0.09,0.7,896,1600,89,,,,,,,,257.1438360000684,uav0000117_02622_v
276,0.4695686865808212,0,baseline,0.09,0.7,896,1600,89,,,,,,,,273.50945200032584,uav0000117_02622_v
277,0.4695686865808212,0,baseline,0.09,0.7,896,1600,89,,,,,,,,251.54612500045917,uav0000117_02622_v
278,0.4695686865808212,0,baseline,0.09,0.7,896,1600,86,,,,,,,,254.49130499964667,uav0000117_02622_v
279,0.4695686865808212,0,baseline,0.09,0.7,896,1600,86,,,,,,,,255.27188900014156,uav0000117_02622_v
280,0.4695686865808212,0,baseline,0.09,0.7,896,1600,86,,,,,,,,261.6585019995909,uav0000117_02622_v
281,0.4711928010682848,1,baseline,0.09,0.7,896,1600,86,1.0,0.0581395348837209,0.6172180914250517,1.0,0.0,0.4636384779778452,483.8635814163087,288.4738920001837,uav0000117_02622_v
282,0.4711928010682848,0,baseline,0.09,0.7,896,1600,86,,,,,,,,336.0975649993634,uav0000117_02622_v
283,0.4711928010682848,0,baseline,0.09,0.7,896,1600,88,,,,,,,,330.94856800016714,uav0000117_02622_v
284,0.4711928010682848,0,baseline,0.09,0.7,896,1600,89,,,,,,,,343.4266040003422,uav0000117_02622_v
285,0.4711928010682848,0,baseline,0.09,0.7,896,1600,93,,,,,,,,370.11063400041166,uav0000117_02622_v
286,0.4711928010682848,0,baseline,0.09,0.7,896,1600,89,,,,,,,,361.21405600079015,uav0000117_02622_v
287,0.4711928010682848,0,baseline,0.09,0.7,896,1600,90,,,,,,,,337.38813099989784,uav0000117_02622_v
288,0.4711928010682848,0,baseline,0.09,0.7,896,1600,89,,,,,,,,351.912151999386,uav0000117_02622_v
289,0.4711928010682848,0,baseline,0.09,0.7,896,1600,88,,,,,,,,325.3248880000683,uav0000117_02622_v
290,0.4711928010682848,0,baseline,0.09,0.7,896,1600,87,,,,,,,,344.30264700040425,uav0000117_02622_v
291,0.4701614848262602,1,baseline,0.09,0.7,896,1600,88,1.0,0.0459770114942528,0.6085562497250209,1.0,0.0,0.457184710138372,462.8369764148779,334.97292199990625,uav0000117_02622_v
292,0.4701614848262602,0,baseline,0.09,0.7,896,1600,91,,,,,,,,345.0149860000238,uav0000117_02622_v
293,0.4701614848262602,0,baseline,0.09,0.7,896,1600,89,,,,,,,,329.5468060005078,uav0000117_02622_v
294,0.4701614848262602,0,baseline,0.09,0.7,896,1600,90,,,,,,,,277.5630569994973,uav0000117_02622_v
295,0.4701614848262602,0,baseline,0.09,0.7,896,1600,88,,,,,,,,244.00408000019524,uav0000117_02622_v
296,0.4701614848262602,0,baseline,0.09,0.7,896,1600,86,,,,,,,,250.29680599982385,uav0000117_02622_v
297,0.4701614848262602,0,baseline,0.09,0.7,896,1600,85,,,,,,,,255.17091199981223,uav0000117_02622_v
298,0.4701614848262602,0,baseline,0.09,0.7,896,1600,88,,,,,,,,258.17915400057245,uav0000117_02622_v
299,0.4701614848262602,0,baseline,0.09,0.7,896,1600,86,,,,,,,,246.3331389999439,uav0000117_02622_v
300,0.4701614848262602,0,baseline,0.09,0.7,896,1600,89,,,,,,,,270.10305499970855,uav0000117_02622_v
301,0.4718324980235047,1,baseline,0.09,0.7,896,1600,93,1.0,0.1011235955056179,0.5970621232786307,1.0,0.0,0.4644281801642954,457.9130393341544,276.0932880000837,uav0000117_02622_v
302,0.4718324980235047,0,baseline,0.09,0.7,896,1600,92,,,,,,,,247.1167680005237,uav0000117_02622_v
303,0.4718324980235047,0,baseline,0.09,0.7,896,1600,95,,,,,,,,257.1204320001925,uav0000117_02622_v
304,0.4718324980235047,0,baseline,0.09,0.7,896,1600,94,,,,,,,,260.7931639995513,uav0000117_02622_v
305,0.4718324980235047,0,baseline,0.09,0.7,896,1600,63,,,,,,,,250.3264119995947,uav0000117_02622_v
306,0.4718324980235047,0,baseline,0.09,0.7,896,1600,73,,,,,,,,263.307328999872,uav0000117_02622_v
307,0.4718324980235047,0,baseline,0.09,0.7,896,1600,79,,,,,,,,250.78139800007196,uav0000117_02622_v
308,0.4718324980235047,0,baseline,0.09,0.7,896,1600,89,,,,,,,,247.25339199994775,uav0000117_02622_v
309,0.4718324980235047,0,baseline,0.09,0.7,896,1600,89,,,,,,,,258.0781330007085,uav0000117_02622_v
310,0.4718324980235047,0,baseline,0.09,0.7,896,1600,97,,,,,,,,267.3683370003346,uav0000117_02622_v
311,0.4760787521169721,1,baseline,0.09,0.7,896,1600,98,1.0,0.1649484536082474,0.6389689383606845,1.0,0.0,0.4967567400276437,470.7558136757822,271.35106600053405,uav0000117_02622_v
312,0.4760787521169721,0,baseline,0.09,0.7,896,1600,96,,,,,,,,283.2033329996193,uav0000117_02622_v
313,0.4760787521169721,0,baseline,0.09,0.7,896,1600,98,,,,,,,,254.29647900000415,uav0000117_02622_v
314,0.4760787521169721,0,baseline,0.09,0.7,896,1600,100,,,,,,,,273.0179619993578,uav0000117_02622_v
315,0.4760787521169721,0,baseline,0.09,0.7,896,1600,100,,,,,,,,257.275404000211,uav0000117_02622_v
316,0.4760787521169721,0,baseline,0.09,0.7,896,1600,102,,,,,,,,283.7934059998588,uav0000117_02622_v
317,0.4760787521169721,0,baseline,0.09,0.7,896,1600,104,,,,,,,,267.98481900004845,uav0000117_02622_v
318,0.4760787521169721,0,baseline,0.09,0.7,896,1600,106,,,,,,,,287.23601900037465,uav0000117_02622_v
319,0.4760787521169721,0,baseline,0.09,0.7,896,1600,106,,,,,,,,260.3884999998627,uav0000117_02622_v
320,0.4760787521169721,0,baseline,0.09,0.7,896,1600,109,,,,,,,,271.3430249996236,uav0000117_02622_v
321,0.4752631982877788,1,baseline,0.09,0.7,896,1600,107,1.0,0.1376146788990825,0.6413062607241848,1.0,0.0,0.4917092671872526,468.9661567471955,287.361927999882,uav0000117_02622_v
322,0.4752631982877788,0,baseline,0.09,0.7,896,1600,106,,,,,,,,277.5683130003017,uav0000117_02622_v
323,0.4752631982877788,0,baseline,0.09,0.7,896,1600,107,,,,,,,,260.12426000033884,uav0000117_02622_v
324,0.4752631982877788,0,baseline,0.09,0.7,896,1600,106,,,,,,,,290.30645200055005,uav0000117_02622_v
325,0.4752631982877788,0,baseline,0.09,0.7,896,1600,103,,,,,,,,263.2942930003992,uav0000117_02622_v
326,0.4752631982877788,0,baseline,0.09,0.7,896,1600,105,,,,,,,,252.9461200001606,uav0000117_02622_v
327,0.4752631982877788,0,baseline,0.09,0.7,896,1600,105,,,,,,,,264.9618300001748,uav0000117_02622_v
328,0.4752631982877788,0,baseline,0.09,0.7,896,1600,102,,,,,,,,269.9974570004997,uav0000117_02622_v
329,0.4752631982877788,0,baseline,0.09,0.7,896,1600,105,,,,,,,,255.11452199953052,uav0000117_02622_v
330,0.4752631982877788,0,baseline,0.09,0.7,896,1600,105,,,,,,,,276.6531159995793,uav0000117_02622_v
331,0.4769647365587982,1,baseline,0.09,0.7,896,1600,102,1.0,0.1428571428571428,0.6427636499626028,1.0,0.0,0.4935038605595645,471.9583683670739,274.5168230003401,uav0000117_02622_v
332,0.4769647365587982,0,baseline,0.09,0.7,896,1600,103,,,,,,,,342.3431920000439,uav0000117_02622_v
333,0.4769647365587982,0,baseline,0.09,0.7,896,1600,103,,,,,,,,327.7342809997208,uav0000117_02622_v
334,0.4769647365587982,0,baseline,0.09,0.7,896,1600,104,,,,,,,,341.2481529994693,uav0000117_02622_v
335,0.4769647365587982,0,baseline,0.09,0.7,896,1600,101,,,,,,,,323.3845820004717,uav0000117_02622_v
336,0.4769647365587982,0,baseline,0.09,0.7,896,1600,103,,,,,,,,350.7296249999854,uav0000117_02622_v
337,0.4769647365587982,0,baseline,0.09,0.7,896,1600,103,,,,,,,,329.39826299934793,uav0000117_02622_v
338,0.4769647365587982,0,baseline,0.09,0.7,896,1600,104,,,,,,,,321.3116329998229,uav0000117_02622_v
339,0.4769647365587982,0,baseline,0.09,0.7,896,1600,105,,,,,,,,339.81221500016545,uav0000117_02622_v
340,0.4769647365587982,0,baseline,0.09,0.7,896,1600,105,,,,,,,,349.24534499987203,uav0000117_02622_v
341,0.4804342463957432,1,baseline,0.09,0.7,896,1600,102,1.0,0.1523809523809524,0.6432311144353028,1.0,0.0,0.4958184887152289,469.2965891582755,342.28961799999524,uav0000117_02622_v
342,0.4804342463957432,0,baseline,0.09,0.7,896,1600,99,,,,,,,,373.8333020000937,uav0000117_02622_v
343,0.4804342463957432,0,baseline,0.09,0.7,896,1600,100,,,,,,,,329.3639539997457,uav0000117_02622_v
344,0.4804342463957432,0,baseline,0.09,0.7,896,1600,98,,,,,,,,311.6940969994175,uav0000117_02622_v
345,0.4804342463957432,0,baseline,0.09,0.7,896,1600,99,,,,,,,,249.896051000178,uav0000117_02622_v
346,0.4804342463957432,0,baseline,0.09,0.7,896,1600,97,,,,,,,,269.2559170000095,uav0000117_02622_v
347,0.4804342463957432,0,baseline,0.09,0.7,896,1600,97,,,,,,,,256.7236539998703,uav0000117_02622_v
348,0.4804342463957432,0,baseline,0.09,0.7,896,1600,95,,,,,,,,276.8955139999889,uav0000117_02622_v
349,0.4804342463957432,0,baseline,0.09,0.7,896,1600,96,,,,,,,,251.7406140004823,uav0000117_02622_v
1,0.4337133789380505,1,baseline,0.09,0.7,896,1600,122,0.0,0.0,1.0,0.0,0.0,0.4337133789380505,1475.8311677284998,280.90072400027566,uav0000137_00458_v
2,0.4337133789380505,0,baseline,0.09,0.7,896,1600,124,,,,,,,,263.1060220001018,uav0000137_00458_v
3,0.4337133789380505,0,baseline,0.09,0.7,896,1600,125,,,,,,,,354.19543299940415,uav0000137_00458_v
4,0.4337133789380505,0,baseline,0.09,0.7,896,1600,125,,,,,,,,287.938299000416,uav0000137_00458_v
5,0.4337133789380505,0,baseline,0.09,0.7,896,1600,125,,,,,,,,256.5294050000375,uav0000137_00458_v
6,0.4337133789380505,0,baseline,0.09,0.7,896,1600,122,,,,,,,,276.0666639996998,uav0000137_00458_v
7,0.4337133789380505,0,baseline,0.09,0.7,896,1600,123,,,,,,,,269.20366600006673,uav0000137_00458_v
8,0.4337133789380505,0,baseline,0.09,0.7,896,1600,123,,,,,,,,265.9249759999512,uav0000137_00458_v
9,0.4337133789380505,0,baseline,0.09,0.7,896,1600,124,,,,,,,,267.5781709995136,uav0000137_00458_v
10,0.4337133789380505,0,baseline,0.09,0.7,896,1600,122,,,,,,,,263.0999860002703,uav0000137_00458_v
11,0.4984597662145605,1,baseline,0.09,0.7,896,1600,121,1.0,0.0,1.0,0.0,0.0,0.5632061534910705,1456.4368802275662,276.8572340000901,uav0000137_00458_v
12,0.4984597662145605,0,baseline,0.09,0.7,896,1600,122,,,,,,,,281.4807650001967,uav0000137_00458_v
13,0.4984597662145605,0,baseline,0.09,0.7,896,1600,124,,,,,,,,255.02692300051424,uav0000137_00458_v
14,0.4984597662145605,0,baseline,0.09,0.7,896,1600,123,,,,,,,,260.0629739999931,uav0000137_00458_v
15,0.4984597662145605,0,baseline,0.09,0.7,896,1600,121,,,,,,,,257.7835629999754,uav0000137_00458_v
16,0.4984597662145605,0,baseline,0.09,0.7,896,1600,118,,,,,,,,269.8129219998009,uav0000137_00458_v
17,0.4984597662145605,0,baseline,0.09,0.7,896,1600,120,,,,,,,,271.96115300012025,uav0000137_00458_v
18,0.4984597662145605,0,baseline,0.09,0.7,896,1600,116,,,,,,,,278.66529600032663,uav0000137_00458_v
19,0.4984597662145605,0,baseline,0.09,0.7,896,1600,115,,,,,,,,265.84608199937065,uav0000137_00458_v
20,0.4984597662145605,0,baseline,0.09,0.7,896,1600,117,,,,,,,,262.8973219998443,uav0000137_00458_v
21,0.5200418953067305,1,baseline,0.09,0.7,896,1600,117,1.0,0.0,1.0,0.0,0.0,0.5632061534910705,1435.5380602543948,263.3254840002337,uav0000137_00458_v
22,0.5200418953067305,0,baseline,0.09,0.7,896,1600,118,,,,,,,,269.07622500039,uav0000137_00458_v
23,0.5200418953067305,0,baseline,0.09,0.7,896,1600,117,,,,,,,,293.61734699978115,uav0000137_00458_v
24,0.5200418953067305,0,baseline,0.09,0.7,896,1600,117,,,,,,,,288.79783900083567,uav0000137_00458_v
25,0.5200418953067305,0,baseline,0.09,0.7,896,1600,117,,,,,,,,263.46766500046215,uav0000137_00458_v
26,0.5200418953067305,0,baseline,0.09,0.7,896,1600,117,,,,,,,,256.4640930004316,uav0000137_00458_v
27,0.5200418953067305,0,baseline,0.09,0.7,896,1600,117,,,,,,,,265.5239649993746,uav0000137_00458_v
28,0.5200418953067305,0,baseline,0.09,0.7,896,1600,116,,,,,,,,270.10894900013227,uav0000137_00458_v
29,0.5200418953067305,0,baseline,0.09,0.7,896,1600,117,,,,,,,,260.3706380004951,uav0000137_00458_v
30,0.5200418953067305,0,baseline,0.09,0.7,896,1600,117,,,,,,,,276.6483650002556,uav0000137_00458_v
31,0.5308329598528155,1,baseline,0.09,0.7,896,1600,115,1.0,0.0,1.0,0.0,0.0,0.5632061534910705,1407.3433651690125,284.05786199982686,uav0000137_00458_v
32,0.5308329598528155,0,baseline,0.09,0.7,896,1600,113,,,,,,,,310.22680700061755,uav0000137_00458_v
33,0.5308329598528155,0,baseline,0.09,0.7,896,1600,113,,,,,,,,320.77011199999106,uav0000137_00458_v
34,0.5308329598528155,0,baseline,0.09,0.7,896,1600,113,,,,,,,,355.1777659995423,uav0000137_00458_v
35,0.5308329598528155,0,baseline,0.09,0.7,896,1600,113,,,,,,,,322.1680649994596,uav0000137_00458_v
36,0.5308329598528155,0,baseline,0.09,0.7,896,1600,114,,,,,,,,351.34325200033345,uav0000137_00458_v
37,0.5308329598528155,0,baseline,0.09,0.7,896,1600,115,,,,,,,,320.0382200002423,uav0000137_00458_v
38,0.5308329598528155,0,baseline,0.09,0.7,896,1600,115,,,,,,,,321.9243280000228,uav0000137_00458_v
39,0.5308329598528155,0,baseline,0.09,0.7,896,1600,112,,,,,,,,326.41091999994387,uav0000137_00458_v
40,0.5308329598528155,0,baseline,0.09,0.7,896,1600,111,,,,,,,,346.3692899995294,uav0000137_00458_v
41,0.5373075985804665,1,baseline,0.09,0.7,896,1600,111,1.0,0.0,1.0,0.0,0.0,0.5632061534910705,1404.048162310007,350.80040600041684,uav0000137_00458_v
42,0.5373075985804665,0,baseline,0.09,0.7,896,1600,110,,,,,,,,365.564003000145,uav0000137_00458_v
43,0.5373075985804665,0,baseline,0.09,0.7,896,1600,110,,,,,,,,327.4787250002192,uav0000137_00458_v
44,0.5373075985804665,0,baseline,0.09,0.7,896,1600,111,,,,,,,,320.4199690007954,uav0000137_00458_v
45,0.5373075985804665,0,baseline,0.09,0.7,896,1600,112,,,,,,,,250.84101399988867,uav0000137_00458_v
46,0.5373075985804665,0,baseline,0.09,0.7,896,1600,112,,,,,,,,277.7415729997301,uav0000137_00458_v
47,0.5373075985804665,0,baseline,0.09,0.7,896,1600,113,,,,,,,,285.5968280000525,uav0000137_00458_v
48,0.5373075985804665,0,baseline,0.09,0.7,896,1600,112,,,,,,,,275.6084739994549,uav0000137_00458_v
49,0.5373075985804665,0,baseline,0.09,0.7,896,1600,112,,,,,,,,258.0620899998394,uav0000137_00458_v
50,0.5373075985804665,0,baseline,0.09,0.7,896,1600,112,,,,,,,,255.8576689998517,uav0000137_00458_v
51,0.5416240243989006,1,baseline,0.09,0.7,896,1600,112,1.0,0.0,1.0,0.0,0.0,0.5632061534910705,1386.3406620725784,267.2342360001494,uav0000137_00458_v
52,0.5416240243989006,0,baseline,0.09,0.7,896,1600,111,,,,,,,,261.73673599987524,uav0000137_00458_v
53,0.5416240243989006,0,baseline,0.09,0.7,896,1600,110,,,,,,,,259.81551299992134,uav0000137_00458_v
54,0.5416240243989006,0,baseline,0.09,0.7,896,1600,111,,,,,,,,275.622144999943,uav0000137_00458_v
55,0.5416240243989006,0,baseline,0.09,0.7,896,1600,110,,,,,,,,257.58855500043865,uav0000137_00458_v
56,0.5416240243989006,0,baseline,0.09,0.7,896,1600,109,,,,,,,,252.68949499968585,uav0000137_00458_v
57,0.5416240243989006,0,baseline,0.09,0.7,896,1600,111,,,,,,,,258.6728910000602,uav0000137_00458_v
58,0.5416240243989006,0,baseline,0.09,0.7,896,1600,110,,,,,,,,267.2344279999379,uav0000137_00458_v
59,0.5416240243989006,0,baseline,0.09,0.7,896,1600,110,,,,,,,,268.67645300080767,uav0000137_00458_v
60,0.5416240243989006,0,baseline,0.09,0.7,896,1600,109,,,,,,,,273.1930370000555,uav0000137_00458_v
61,0.544707185697782,1,baseline,0.09,0.7,896,1600,111,1.0,0.0,1.0,0.0,0.0,0.5632061534910705,1387.4511384621962,282.54472600019653,uav0000137_00458_v
62,0.544707185697782,0,baseline,0.09,0.7,896,1600,108,,,,,,,,254.35188400024344,uav0000137_00458_v
63,0.544707185697782,0,baseline,0.09,0.7,896,1600,109,,,,,,,,260.06454799971834,uav0000137_00458_v
64,0.544707185697782,0,baseline,0.09,0.7,896,1600,109,,,,,,,,265.65187699998205,uav0000137_00458_v
65,0.544707185697782,0,baseline,0.09,0.7,896,1600,109,,,,,,,,255.07884099988587,uav0000137_00458_v
66,0.544707185697782,0,baseline,0.09,0.7,896,1600,109,,,,,,,,277.35822900012863,uav0000137_00458_v
67,0.544707185697782,0,baseline,0.09,0.7,896,1600,109,,,,,,,,255.0858360000348,uav0000137_00458_v
68,0.544707185697782,0,baseline,0.09,0.7,896,1600,109,,,,,,,,259.2471759999171,uav0000137_00458_v
69,0.544707185697782,0,baseline,0.09,0.7,896,1600,108,,,,,,,,253.5938000000897,uav0000137_00458_v
70,0.544707185697782,0,baseline,0.09,0.7,896,1600,108,,,,,,,,264.87535099931847,uav0000137_00458_v
71,0.5632061534910705,1,baseline,0.09,0.7,896,1600,108,1.0,0.0,1.0,0.0,0.0,0.5632061534910705,1356.5207477287524,286.5833609994297,uav0000137_00458_v
72,0.5632061534910705,0,baseline,0.09,0.7,896,1600,109,,,,,,,,276.6900930000702,uav0000137_00458_v
73,0.5632061534910705,0,baseline,0.09,0.7,896,1600,106,,,,,,,,255.4292750000968,uav0000137_00458_v
74,0.5632061534910705,0,baseline,0.09,0.7,896,1600,108,,,,,,,,266.0074649993476,uav0000137_00458_v
75,0.5632061534910705,0,baseline,0.09,0.7,896,1600,109,,,,,,,,269.3815039992842,uav0000137_00458_v
76,0.5632061534910705,0,baseline,0.09,0.7,896,1600,109,,,,,,,,272.6600819996748,uav0000137_00458_v
77,0.5632061534910705,0,baseline,0.09,0.7,896,1600,108,,,,,,,,253.9990969999053,uav0000137_00458_v
78,0.5632061534910705,0,baseline,0.09,0.7,896,1600,111,,,,,,,,278.5301200001413,uav0000137_00458_v
79,0.5632061534910705,0,baseline,0.09,0.7,896,1600,112,,,,,,,,267.3270959994625,uav0000137_00458_v
80,0.5632061534910705,0,baseline,0.09,0.7,896,1600,112,,,,,,,,256.4095489997271,uav0000137_00458_v
81,0.5632061534910705,1,baseline,0.09,0.7,896,1600,112,1.0,0.0,1.0,0.0,0.0,0.5632061534910705,1363.8520995596075,268.3217630001309,uav0000137_00458_v
82,0.5632061534910705,0,baseline,0.09,0.7,896,1600,112,,,,,,,,297.7068729996972,uav0000137_00458_v
83,0.5632061534910705,0,baseline,0.09,0.7,896,1600,109,,,,,,,,340.34857799997553,uav0000137_00458_v
84,0.5632061534910705,0,baseline,0.09,0.7,896,1600,112,,,,,,,,350.6043299994417,uav0000137_00458_v
85,0.5632061534910705,0,baseline,0.09,0.7,896,1600,113,,,,,,,,334.4295820006664,uav0000137_00458_v
86,0.5632061534910705,0,baseline,0.09,0.7,896,1600,116,,,,,,,,365.2341970000634,uav0000137_00458_v
87,0.5632061534910705,0,baseline,0.09,0.7,896,1600,115,,,,,,,,334.9119980002797,uav0000137_00458_v
88,0.5632061534910705,0,baseline,0.09,0.7,896,1600,113,,,,,,,,376.1993549996987,uav0000137_00458_v
89,0.5632061534910705,0,baseline,0.09,0.7,896,1600,114,,,,,,,,350.94227500030684,uav0000137_00458_v
90,0.5632061534910705,0,baseline,0.09,0.7,896,1600,114,,,,,,,,350.7873070002461,uav0000137_00458_v
91,0.5632061534910705,1,baseline,0.09,0.7,896,1600,113,1.0,0.0,1.0,0.0,0.0,0.5632061534910705,1367.0665035620468,347.3027430000002,uav0000137_00458_v
92,0.5632061534910705,0,baseline,0.09,0.7,896,1600,113,,,,,,,,333.87023100021906,uav0000137_00458_v
93,0.5632061534910705,0,baseline,0.09,0.7,896,1600,115,,,,,,,,333.2104030005212,uav0000137_00458_v
94,0.5632061534910705,0,baseline,0.09,0.7,896,1600,116,,,,,,,,352.1577720002824,uav0000137_00458_v
95,0.5632061534910705,0,baseline,0.09,0.7,896,1600,116,,,,,,,,271.76443499956804,uav0000137_00458_v
96,0.5632061534910705,0,baseline,0.09,0.7,896,1600,114,,,,,,,,278.7964949993693,uav0000137_00458_v
97,0.5632061534910705,0,baseline,0.09,0.7,896,1600,114,,,,,,,,259.8206359998585,uav0000137_00458_v
98,0.5632061534910705,0,baseline,0.09,0.7,896,1600,114,,,,,,,,261.7716690001544,uav0000137_00458_v
99,0.5632061534910705,0,baseline,0.09,0.7,896,1600,113,,,,,,,,258.3568770005513,uav0000137_00458_v
100,0.5632061534910705,0,baseline,0.09,0.7,896,1600,113,,,,,,,,272.1668170006524,uav0000137_00458_v
101,0.5632061534910705,1,baseline,0.09,0.7,896,1600,112,1.0,0.0,1.0,0.0,0.0,0.5632061534910705,1351.0521266004814,273.2654219998949,uav0000137_00458_v
102,0.5632061534910705,0,baseline,0.09,0.7,896,1600,114,,,,,,,,285.3889110001546,uav0000137_00458_v
103,0.5632061534910705,0,baseline,0.09,0.7,896,1600,114,,,,,,,,272.41075500023726,uav0000137_00458_v
104,0.5632061534910705,0,baseline,0.09,0.7,896,1600,116,,,,,,,,252.49200599955657,uav0000137_00458_v
105,0.5632061534910705,0,baseline,0.09,0.7,896,1600,115,,,,,,,,254.69848000011552,uav0000137_00458_v
106,0.5632061534910705,0,baseline,0.09,0.7,896,1600,115,,,,,,,,274.84901300067577,uav0000137_00458_v
107,0.5632061534910705,0,baseline,0.09,0.7,896,1600,114,,,,,,,,289.4819830007691,uav0000137_00458_v
108,0.5632061534910705,0,baseline,0.09,0.7,896,1600,116,,,,,,,,283.16026000084094,uav0000137_00458_v
109,0.5632061534910705,0,baseline,0.09,0.7,896,1600,117,,,,,,,,269.99388100011856,uav0000137_00458_v
110,0.5632061534910705,0,baseline,0.09,0.7,896,1600,117,,,,,,,,268.18231900051615,uav0000137_00458_v
111,0.5632061534910705,1,baseline,0.09,0.7,896,1600,116,1.0,0.0,1.0,0.0,0.0,0.5632061534910705,1340.9562965101395,290.01321500072663,uav0000137_00458_v
112,0.5632061534910705,0,baseline,0.09,0.7,896,1600,115,,,,,,,,278.4035019994917,uav0000137_00458_v
113,0.5632061534910705,0,baseline,0.09,0.7,896,1600,116,,,,,,,,265.3599380000742,uav0000137_00458_v
114,0.5632061534910705,0,baseline,0.09,0.7,896,1600,112,,,,,,,,278.3086119998188,uav0000137_00458_v
115,0.5632061534910705,0,baseline,0.09,0.7,896,1600,116,,,,,,,,258.53943699985393,uav0000137_00458_v
116,0.5632061534910705,0,baseline,0.09,0.7,896,1600,115,,,,,,,,252.84351199934463,uav0000137_00458_v
117,0.5632061534910705,0,baseline,0.09,0.7,896,1600,110,,,,,,,,258.703991999937,uav0000137_00458_v
118,0.5632061534910705,0,baseline,0.09,0.7,896,1600,110,,,,,,,,274.5932099996935,uav0000137_00458_v
119,0.5632061534910705,0,baseline,0.09,0.7,896,1600,111,,,,,,,,261.77184700009093,uav0000137_00458_v
120,0.5632061534910705,0,baseline,0.09,0.7,896,1600,113,,,,,,,,278.9872590001323,uav0000137_00458_v
121,0.5632061534910705,1,baseline,0.09,0.7,896,1600,114,1.0,0.0,1.0,0.0,0.0,0.5632061534910705,1347.5788491360445,267.9119169997648,uav0000137_00458_v
122,0.5632061534910705,0,baseline,0.09,0.7,896,1600,117,,,,,,,,256.70700399950874,uav0000137_00458_v
123,0.5632061534910705,0,baseline,0.09,0.7,896,1600,116,,,,,,,,250.5819890002385,uav0000137_00458_v
124,0.5632061534910705,0,baseline,0.09,0.7,896,1600,116,,,,,,,,269.3682640001498,uav0000137_00458_v
125,0.5632061534910705,0,baseline,0.09,0.7,896,1600,118,,,,,,,,260.05552200058446,uav0000137_00458_v
126,0.5632061534910705,0,baseline,0.09,0.7,896,1600,117,,,,,,,,285.7062590001078,uav0000137_00458_v
127,0.5632061534910705,0,baseline,0.09,0.7,896,1600,111,,,,,,,,258.69779999993625,uav0000137_00458_v
128,0.5632061534910705,0,baseline,0.09,0.7,896,1600,112,,,,,,,,261.3031399996544,uav0000137_00458_v
129,0.5632061534910705,0,baseline,0.09,0.7,896,1600,113,,,,,,,,254.05352899997524,uav0000137_00458_v
130,0.5632061534910705,0,baseline,0.09,0.7,896,1600,113,,,,,,,,275.2528319997509,uav0000137_00458_v
131,0.5632061534910705,1,baseline,0.09,0.7,896,1600,112,1.0,0.0,1.0,0.0,0.0,0.5632061534910705,1386.189662587233,268.4282210002493,uav0000137_00458_v
132,0.5632061534910705,0,baseline,0.09,0.7,896,1600,114,,,,,,,,365.499034000095,uav0000137_00458_v
133,0.5632061534910705,0,baseline,0.09,0.7,896,1600,114,,,,,,,,347.22071800024423,uav0000137_00458_v
134,0.5632061534910705,0,baseline,0.09,0.7,896,1600,115,,,,,,,,330.88664900060394,uav0000137_00458_v
135,0.5632061534910705,0,baseline,0.09,0.7,896,1600,116,,,,,,,,323.1814190003206,uav0000137_00458_v
136,0.5632061534910705,0,baseline,0.09,0.7,896,1600,113,,,,,,,,347.86148900002445,uav0000137_00458_v
137,0.5632061534910705,0,baseline,0.09,0.7,896,1600,114,,,,,,,,330.15354000053776,uav0000137_00458_v
138,0.5632061534910705,0,baseline,0.09,0.7,896,1600,113,,,,,,,,358.1089819999761,uav0000137_00458_v
139,0.5632061534910705,0,baseline,0.09,0.7,896,1600,113,,,,,,,,321.5542460002325,uav0000137_00458_v
140,0.5632061534910705,0,baseline,0.09,0.7,896,1600,113,,,,,,,,330.22526700005983,uav0000137_00458_v
141,0.5632061534910705,1,baseline,0.09,0.7,896,1600,112,1.0,0.0,1.0,0.0,0.0,0.5632061534910705,1408.3933047699509,335.68899700003385,uav0000137_00458_v
142,0.5632061534910705,0,baseline,0.09,0.7,896,1600,111,,,,,,,,348.0213980001281,uav0000137_00458_v
143,0.5632061534910705,0,baseline,0.09,0.7,896,1600,110,,,,,,,,343.25652600000467,uav0000137_00458_v
144,0.5632061534910705,0,baseline,0.09,0.7,896,1600,113,,,,,,,,341.04216400010046,uav0000137_00458_v
145,0.5632061534910705,0,baseline,0.09,0.7,896,1600,111,,,,,,,,251.108209999984,uav0000137_00458_v
146,0.5632061534910705,0,baseline,0.09,0.7,896,1600,116,,,,,,,,253.20833000023413,uav0000137_00458_v
147,0.5632061534910705,0,baseline,0.09,0.7,896,1600,115,,,,,,,,272.77135099939187,uav0000137_00458_v
148,0.5632061534910705,0,baseline,0.09,0.7,896,1600,112,,,,,,,,267.4824030000309,uav0000137_00458_v
149,0.5632061534910705,0,baseline,0.09,0.7,896,1600,108,,,,,,,,256.3219809999282,uav0000137_00458_v
150,0.5632061534910705,0,baseline,0.09,0.7,896,1600,107,,,,,,,,277.7175070004887,uav0000137_00458_v
151,0.5632061534910705,1,baseline,0.09,0.7,896,1600,109,1.0,0.0,1.0,0.0,0.0,0.5632061534910705,1328.1751188120231,277.7315500006807,uav0000137_00458_v
152,0.5632061534910705,0,baseline,0.09,0.7,896,1600,105,,,,,,,,256.71128900012263,uav0000137_00458_v
153,0.5632061534910705,0,baseline,0.09,0.7,896,1600,105,,,,,,,,260.39869699980045,uav0000137_00458_v
154,0.5632061534910705,0,baseline,0.09,0.7,896,1600,106,,,,,,,,266.8901099996219,uav0000137_00458_v
155,0.5632061534910705,0,baseline,0.09,0.7,896,1600,108,,,,,,,,263.99791299991193,uav0000137_00458_v
156,0.5632061534910705,0,baseline,0.09,0.7,896,1600,105,,,,,,,,276.2910000001284,uav0000137_00458_v
157,0.5632061534910705,0,baseline,0.09,0.7,896,1600,107,,,,,,,,256.8738139998459,uav0000137_00458_v
158,0.5632061534910705,0,baseline,0.09,0.7,896,1600,107,,,,,,,,266.3075310001659,uav0000137_00458_v
159,0.5632061534910705,0,baseline,0.09,0.7,896,1600,110,,,,,,,,264.18950100014627,uav0000137_00458_v
160,0.5632061534910705,0,baseline,0.09,0.7,896,1600,107,,,,,,,,267.79748999979347,uav0000137_00458_v
161,0.5632061534910705,1,baseline,0.09,0.7,896,1600,107,1.0,0.0,1.0,0.0,0.0,0.5632061534910705,1417.7923595207697,276.4805659999183,uav0000137_00458_v
162,0.5632061534910705,0,baseline,0.09,0.7,896,1600,109,,,,,,,,277.5769509999009,uav0000137_00458_v
163,0.5632061534910705,0,baseline,0.09,0.7,896,1600,106,,,,,,,,266.1297869999544,uav0000137_00458_v
164,0.5632061534910705,0,baseline,0.09,0.7,896,1600,107,,,,,,,,250.50940599976457,uav0000137_00458_v
165,0.5632061534910705,0,baseline,0.09,0.7,896,1600,106,,,,,,,,255.05849900036992,uav0000137_00458_v
166,0.5632061534910705,0,baseline,0.09,0.7,896,1600,106,,,,,,,,275.1845039992986,uav0000137_00458_v
167,0.5632061534910705,0,baseline,0.09,0.7,896,1600,107,,,,,,,,256.3907410003594,uav0000137_00458_v
168,0.5632061534910705,0,baseline,0.09,0.7,896,1600,104,,,,,,,,278.7261169996782,uav0000137_00458_v
169,0.5632061534910705,0,baseline,0.09,0.7,896,1600,105,,,,,,,,272.6378080005816,uav0000137_00458_v
170,0.5632061534910705,0,baseline,0.09,0.7,896,1600,104,,,,,,,,256.5721789997042,uav0000137_00458_v
171,0.5606794426126978,1,baseline,0.09,0.7,896,1600,105,1.0,0.0,0.9592196667026596,0.0,0.0,0.5455191773424611,1197.3113475715672,268.7287230000948,uav0000137_00458_v
172,0.5606794426126978,0,baseline,0.09,0.7,896,1600,105,,,,,,,,272.7155809998294,uav0000137_00458_v
173,0.5606794426126978,0,baseline,0.09,0.7,896,1600,108,,,,,,,,265.3325199999017,uav0000137_00458_v
174,0.5606794426126978,0,baseline,0.09,0.7,896,1600,111,,,,,,,,284.74059300060617,uav0000137_00458_v
175,0.5606794426126978,0,baseline,0.09,0.7,896,1600,109,,,,,,,,261.1408640004811,uav0000137_00458_v
176,0.5606794426126978,0,baseline,0.09,0.7,896,1600,109,,,,,,,,270.4137280006762,uav0000137_00458_v
177,0.5606794426126978,0,baseline,0.09,0.7,896,1600,108,,,,,,,,256.6859930002465,uav0000137_00458_v
178,0.5606794426126978,0,baseline,0.09,0.7,896,1600,107,,,,,,,,279.68898699964484,uav0000137_00458_v
179,0.5606794426126978,0,baseline,0.09,0.7,896,1600,107,,,,,,,,257.9309390002891,uav0000137_00458_v
180,0.5606794426126978,0,baseline,0.09,0.7,896,1600,106,,,,,,,,278.5890639997888,uav0000137_00458_v
181,0.5502306261766512,1,baseline,0.09,0.7,896,1600,107,1.0,0.0,0.8313593294460639,0.0,0.0,0.4900644384387443,1268.5422518881028,272.192073000042,uav0000137_00458_v
182,0.5502306261766512,0,baseline,0.09,0.7,896,1600,107,,,,,,,,325.5072760002804,uav0000137_00458_v
183,0.5502306261766512,0,baseline,0.09,0.7,896,1600,107,,,,,,,,321.79694900059985,uav0000137_00458_v
184,0.5502306261766512,0,baseline,0.09,0.7,896,1600,108,,,,,,,,351.55615100029536,uav0000137_00458_v
185,0.5502306261766512,0,baseline,0.09,0.7,896,1600,102,,,,,,,,333.58917999976256,uav0000137_00458_v
186,0.5502306261766512,0,baseline,0.09,0.7,896,1600,105,,,,,,,,345.46458199929475,uav0000137_00458_v
187,0.5502306261766512,0,baseline,0.09,0.7,896,1600,101,,,,,,,,313.1736360001014,uav0000137_00458_v
188,0.5502306261766512,0,baseline,0.09,0.7,896,1600,106,,,,,,,,325.22465999954875,uav0000137_00458_v
189,0.5502306261766512,0,baseline,0.09,0.7,896,1600,104,,,,,,,,328.304069999831,uav0000137_00458_v
190,0.5502306261766512,0,baseline,0.09,0.7,896,1600,102,,,,,,,,353.8123660000565,uav0000137_00458_v
191,0.5502306261766512,1,baseline,0.09,0.7,896,1600,101,1.0,0.0,1.0,0.0,0.0,0.5632061534910705,1220.2382998623248,358.4756310001467,uav0000137_00458_v
192,0.5502306261766512,0,baseline,0.09,0.7,896,1600,100,,,,,,,,360.6144930008668,uav0000137_00458_v
193,0.5502306261766512,0,baseline,0.09,0.7,896,1600,104,,,,,,,,335.3673230003551,uav0000137_00458_v
194,0.5502306261766512,0,baseline,0.09,0.7,896,1600,107,,,,,,,,337.0915440000317,uav0000137_00458_v
195,0.5502306261766512,0,baseline,0.09,0.7,896,1600,104,,,,,,,,274.3503480005529,uav0000137_00458_v
196,0.5502306261766512,0,baseline,0.09,0.7,896,1600,105,,,,,,,,272.7759990002596,uav0000137_00458_v
197,0.5502306261766512,0,baseline,0.09,0.7,896,1600,103,,,,,,,,262.7667400001883,uav0000137_00458_v
198,0.5502306261766512,0,baseline,0.09,0.7,896,1600,105,,,,,,,,299.7868370002834,uav0000137_00458_v
199,0.5502306261766512,0,baseline,0.09,0.7,896,1600,105,,,,,,,,256.09544000053575,uav0000137_00458_v
200,0.5502306261766512,0,baseline,0.09,0.7,896,1600,100,,,,,,,,248.8802540001416,uav0000137_00458_v
201,0.546539456548363,1,baseline,0.09,0.7,896,1600,104,1.0,0.02,0.930200122376993,0.0,0.0,0.5373679660930537,706.2657765027055,259.9781199996869,uav0000137_00458_v
202,0.546539456548363,0,baseline,0.09,0.7,896,1600,105,,,,,,,,274.6134859999074,uav0000137_00458_v
203,0.546539456548363,0,baseline,0.09,0.7,896,1600,104,,,,,,,,252.0637440002247,uav0000137_00458_v
204,0.546539456548363,0,baseline,0.09,0.7,896,1600,107,,,,,,,,270.60148200052936,uav0000137_00458_v
205,0.546539456548363,0,baseline,0.09,0.7,896,1600,108,,,,,,,,257.9232360003516,uav0000137_00458_v
206,0.546539456548363,0,baseline,0.09,0.7,896,1600,106,,,,,,,,264.28304399996705,uav0000137_00458_v
207,0.546539456548363,0,baseline,0.09,0.7,896,1600,103,,,,,,,,252.56698900011543,uav0000137_00458_v
208,0.546539456548363,0,baseline,0.09,0.7,896,1600,103,,,,,,,,267.6971319997392,uav0000137_00458_v
209,0.546539456548363,0,baseline,0.09,0.7,896,1600,95,,,,,,,,251.269862999834,uav0000137_00458_v
210,0.546539456548363,0,baseline,0.09,0.7,896,1600,90,,,,,,,,269.19457799976954,uav0000137_00458_v
211,0.5414237311860001,1,baseline,0.09,0.7,896,1600,85,1.0,0.0,0.9174337724507792,0.0,0.0,0.5273960759545301,675.6049078602681,258.9305969995621,uav0000137_00458_v
212,0.5414237311860001,0,baseline,0.09,0.7,896,1600,85,,,,,,,,248.49567300043415,uav0000137_00458_v
213,0.5414237311860001,0,baseline,0.09,0.7,896,1600,82,,,,,,,,245.7158570005049,uav0000137_00458_v
214,0.5414237311860001,0,baseline,0.09,0.7,896,1600,81,,,,,,,,272.45435699933296,uav0000137_00458_v
215,0.5414237311860001,0,baseline,0.09,0.7,896,1600,86,,,,,,,,262.6963890006664,uav0000137_00458_v
216,0.5414237311860001,0,baseline,0.09,0.7,896,1600,86,,,,,,,,275.1699780001218,uav0000137_00458_v
217,0.5414237311860001,0,baseline,0.09,0.7,896,1600,89,,,,,,,,267.2191279998515,uav0000137_00458_v
218,0.5414237311860001,0,baseline,0.09,0.7,896,1600,89,,,,,,,,271.94486299958953,uav0000137_00458_v
219,0.5414237311860001,0,baseline,0.09,0.7,896,1600,88,,,,,,,,254.9765129997468,uav0000137_00458_v
220,0.5414237311860001,0,baseline,0.09,0.7,896,1600,85,,,,,,,,263.7202330006403,uav0000137_00458_v
221,0.5417964163435901,1,baseline,0.09,0.7,896,1600,86,1.0,0.0117647058823529,1.0,0.0,0.0,0.5658149495942,1417.4999488221065,273.1411380000281,uav0000137_00458_v
222,0.5417964163435901,0,baseline,0.09,0.7,896,1600,84,,,,,,,,270.3775469999528,uav0000137_00458_v
223,0.5417964163435901,0,baseline,0.09,0.7,896,1600,82,,,,,,,,252.51266199938985,uav0000137_00458_v
224,0.5417964163435901,0,baseline,0.09,0.7,896,1600,85,,,,,,,,245.71480200029328,uav0000137_00458_v
225,0.5417964163435901,0,baseline,0.09,0.7,896,1600,84,,,,,,,,255.4489559997819,uav0000137_00458_v
226,0.5417964163435901,0,baseline,0.09,0.7,896,1600,85,,,,,,,,265.9656530004213,uav0000137_00458_v
227,0.5417964163435901,0,baseline,0.09,0.7,896,1600,90,,,,,,,,254.43158699999915,uav0000137_00458_v
228,0.5417964163435901,0,baseline,0.09,0.7,896,1600,89,,,,,,,,279.255811999974,uav0000137_00458_v
229,0.5417964163435901,0,baseline,0.09,0.7,896,1600,90,,,,,,,,248.59959400055232,uav0000137_00458_v
230,0.5417964163435901,0,baseline,0.09,0.7,896,1600,93,,,,,,,,255.45993499963515,uav0000137_00458_v
231,0.5417964163435901,1,baseline,0.09,0.7,896,1600,95,1.0,0.0,1.0,0.0,0.0,0.5632061534910705,1370.582373030224,268.3213589998559,uav0000137_00458_v
232,0.5417964163435901,0,baseline,0.09,0.7,896,1600,98,,,,,,,,286.38747400054854,uav0000137_00458_v
233,0.5417964163435901,0,baseline,0.09,0.7,896,1600,97,,,,,,,,348.85194600065006,uav0000137_00458_v
1,0.4337133789380505,1,baseline,0.09,0.7,896,1600,27,0.0,0.0,1.0,0.0,0.0,0.4337133789380505,2797.647739599707,288.91740500057495,uav0000182_00000_v
2,0.4337133789380505,0,baseline,0.09,0.7,896,1600,27,,,,,,,,284.5518929998434,uav0000182_00000_v
3,0.4337133789380505,0,baseline,0.09,0.7,896,1600,27,,,,,,,,273.46672499970737,uav0000182_00000_v
4,0.4337133789380505,0,baseline,0.09,0.7,896,1600,27,,,,,,,,438.3057989998633,uav0000182_00000_v
5,0.4337133789380505,0,baseline,0.09,0.7,896,1600,28,,,,,,,,602.8929909998624,uav0000182_00000_v
6,0.4337133789380505,0,baseline,0.09,0.7,896,1600,28,,,,,,,,279.22249699986423,uav0000182_00000_v
7,0.4337133789380505,0,baseline,0.09,0.7,896,1600,29,,,,,,,,290.2996200000416,uav0000182_00000_v
8,0.4337133789380505,0,baseline,0.09,0.7,896,1600,29,,,,,,,,281.7942100000437,uav0000182_00000_v
9,0.4337133789380505,0,baseline,0.09,0.7,896,1600,30,,,,,,,,280.3529089997028,uav0000182_00000_v
10,0.4337133789380505,0,baseline,0.09,0.7,896,1600,30,,,,,,,,269.15751500018814,uav0000182_00000_v
11,0.5649840668443603,1,baseline,0.09,0.7,896,1600,29,1.0,0.6,1.0,0.0,0.0,0.6962547547506701,2337.534535193891,288.6269629998424,uav0000182_00000_v
12,0.5649840668443603,0,baseline,0.09,0.7,896,1600,32,,,,,,,,290.0769449997824,uav0000182_00000_v
13,0.5649840668443603,0,baseline,0.09,0.7,896,1600,30,,,,,,,,221.26745999958075,uav0000182_00000_v
14,0.5649840668443603,0,baseline,0.09,0.7,896,1600,31,,,,,,,,220.0409610004499,uav0000182_00000_v
15,0.5649840668443603,0,baseline,0.09,0.7,896,1600,32,,,,,,,,219.3299879991173,uav0000182_00000_v
16,0.5649840668443603,0,baseline,0.09,0.7,896,1600,31,,,,,,,,227.0923539999785,uav0000182_00000_v
17,0.5649840668443603,0,baseline,0.09,0.7,896,1600,33,,,,,,,,238.0180209993341,uav0000182_00000_v
18,0.5649840668443603,0,baseline,0.09,0.7,896,1600,33,,,,,,,,229.9898729997949,uav0000182_00000_v
19,0.5649840668443603,0,baseline,0.09,0.7,896,1600,33,,,,,,,,236.91421300009097,uav0000182_00000_v
20,0.5649840668443603,0,baseline,0.09,0.7,896,1600,32,,,,,,,,220.61989699977855,uav0000182_00000_v
21,0.610588860052847,1,baseline,0.09,0.7,896,1600,31,1.0,0.625,1.0,0.0,0.0,0.7017984464698201,2801.8049334381385,232.2299179995753,uav0000182_00000_v
22,0.610588860052847,0,baseline,0.09,0.7,896,1600,31,,,,,,,,216.5416850002657,uav0000182_00000_v
23,0.610588860052847,0,baseline,0.09,0.7,896,1600,30,,,,,,,,237.8080199996475,uav0000182_00000_v
24,0.610588860052847,0,baseline,0.09,0.7,896,1600,31,,,,,,,,226.17057599927648,uav0000182_00000_v
25,0.610588860052847,0,baseline,0.09,0.7,896,1600,31,,,,,,,,217.00247900025715,uav0000182_00000_v
26,0.610588860052847,0,baseline,0.09,0.7,896,1600,31,,,,,,,,226.15748699990945,uav0000182_00000_v
27,0.610588860052847,0,baseline,0.09,0.7,896,1600,30,,,,,,,,221.5594859999328,uav0000182_00000_v
28,0.610588860052847,0,baseline,0.09,0.7,896,1600,32,,,,,,,,220.1367279994884,uav0000182_00000_v
29,0.610588860052847,0,baseline,0.09,0.7,896,1600,30,,,,,,,,222.33487500034244,uav0000182_00000_v
30,0.610588860052847,0,baseline,0.09,0.7,896,1600,30,,,,,,,,221.40852700067623,uav0000182_00000_v
31,0.6320053337273027,1,baseline,0.09,0.7,896,1600,31,1.0,0.6,1.0,0.0,0.0,0.6962547547506701,2845.0045106219927,254.06289500006096,uav0000182_00000_v
32,0.6320053337273027,0,baseline,0.09,0.7,896,1600,32,,,,,,,,224.87317800005255,uav0000182_00000_v
33,0.6320053337273027,0,baseline,0.09,0.7,896,1600,30,,,,,,,,238.3030350001718,uav0000182_00000_v
34,0.6320053337273027,0,baseline,0.09,0.7,896,1600,30,,,,,,,,225.03039200000785,uav0000182_00000_v
35,0.6320053337273027,0,baseline,0.09,0.7,896,1600,31,,,,,,,,220.8388899998681,uav0000182_00000_v
36,0.6320053337273027,0,baseline,0.09,0.7,896,1600,31,,,,,,,,222.80375500031369,uav0000182_00000_v
37,0.6320053337273027,0,baseline,0.09,0.7,896,1600,32,,,,,,,,220.1504109998496,uav0000182_00000_v
38,0.6320053337273027,0,baseline,0.09,0.7,896,1600,33,,,,,,,,220.2414299999873,uav0000182_00000_v
39,0.6320053337273027,0,baseline,0.09,0.7,896,1600,33,,,,,,,,226.63608499988183,uav0000182_00000_v
40,0.6320053337273027,0,baseline,0.09,0.7,896,1600,33,,,,,,,,222.45402000044123,uav0000182_00000_v
41,0.6451240029850259,1,baseline,0.09,0.7,896,1600,34,1.0,0.6060606060606061,1.0,0.0,0.0,0.6975986800159186,2824.9927101976155,233.76643399933528,uav0000182_00000_v
42,0.6451240029850259,0,baseline,0.09,0.7,896,1600,34,,,,,,,,236.0734430003504,uav0000182_00000_v
43,0.6451240029850259,0,baseline,0.09,0.7,896,1600,33,,,,,,,,221.89824100041733,uav0000182_00000_v
44,0.6451240029850259,0,baseline,0.09,0.7,896,1600,33,,,,,,,,234.78761100068368,uav0000182_00000_v
45,0.6451240029850259,0,baseline,0.09,0.7,896,1600,33,,,,,,,,232.22879999957516,uav0000182_00000_v
46,0.6451240029850259,0,baseline,0.09,0.7,896,1600,33,,,,,,,,224.07440899951325,uav0000182_00000_v
47,0.6451240029850259,0,baseline,0.09,0.7,896,1600,33,,,,,,,,223.32184400056576,uav0000182_00000_v
48,0.6451240029850259,0,baseline,0.09,0.7,896,1600,33,,,,,,,,229.3749860000389,uav0000182_00000_v
49,0.6451240029850259,0,baseline,0.09,0.7,896,1600,32,,,,,,,,226.42896400066093,uav0000182_00000_v
50,0.6451240029850259,0,baseline,0.09,0.7,896,1600,32,,,,,,,,230.16251399985777,uav0000182_00000_v
51,0.6568796151154709,1,baseline,0.09,0.7,896,1600,32,1.0,0.6875,1.0,0.0,0.0,0.7156576757676951,2822.219970478636,250.92801700066047,uav0000182_00000_v
52,0.6568796151154709,0,baseline,0.09,0.7,896,1600,32,,,,,,,,218.37321299972243,uav0000182_00000_v
53,0.6568796151154709,0,baseline,0.09,0.7,896,1600,32,,,,,,,,223.9889749998838,uav0000182_00000_v
54,0.6568796151154709,0,baseline,0.09,0.7,896,1600,32,,,,,,,,217.4905749998288,uav0000182_00000_v
55,0.6568796151154709,0,baseline,0.09,0.7,896,1600,32,,,,,,,,226.01813999972364,uav0000182_00000_v
56,0.6568796151154709,0,baseline,0.09,0.7,896,1600,32,,,,,,,,224.16870199958797,uav0000182_00000_v
57,0.6568796151154709,0,baseline,0.09,0.7,896,1600,32,,,,,,,,286.84099100064486,uav0000182_00000_v
58,0.6568796151154709,0,baseline,0.09,0.7,896,1600,32,,,,,,,,282.58127800017974,uav0000182_00000_v
59,0.6568796151154709,0,baseline,0.09,0.7,896,1600,32,,,,,,,,297.15183500047715,uav0000182_00000_v
60,0.6568796151154709,0,baseline,0.09,0.7,896,1600,32,,,,,,,,270.87575800032937,uav0000182_00000_v
61,0.6652764809229315,1,baseline,0.09,0.7,896,1600,32,1.0,0.6875,1.0,0.0,0.0,0.7156576757676951,2813.034323868293,282.2698340005445,uav0000182_00000_v
62,0.6652764809229315,0,baseline,0.09,0.7,896,1600,31,,,,,,,,279.4712559998516,uav0000182_00000_v
63,0.6652764809229315,0,baseline,0.09,0.7,896,1600,32,,,,,,,,270.7722790000844,uav0000182_00000_v
64,0.6652764809229315,0,baseline,0.09,0.7,896,1600,31,,,,,,,,278.7522729995544,uav0000182_00000_v
65,0.6652764809229315,0,baseline,0.09,0.7,896,1600,31,,,,,,,,281.5241799999057,uav0000182_00000_v
66,0.6652764809229315,0,baseline,0.09,0.7,896,1600,32,,,,,,,,275.3508180003337,uav0000182_00000_v
67,0.6652764809229315,0,baseline,0.09,0.7,896,1600,33,,,,,,,,276.92859699982364,uav0000182_00000_v
68,0.6652764809229315,0,baseline,0.09,0.7,896,1600,34,,,,,,,,272.17007699982787,uav0000182_00000_v
69,0.6652764809229315,0,baseline,0.09,0.7,896,1600,34,,,,,,,,282.08640399952856,uav0000182_00000_v
70,0.6652764809229315,0,baseline,0.09,0.7,896,1600,36,,,,,,,,276.5945950004607,uav0000182_00000_v
71,0.7066541764460454,1,baseline,0.09,0.7,896,1600,37,1.0,0.7222222222222222,1.0,0.0,0.0,0.7233572475998478,2768.547757755669,282.0727690004788,uav0000182_00000_v
72,0.7066541764460454,0,baseline,0.09,0.7,896,1600,36,,,,,,,,230.82828499991592,uav0000182_00000_v
73,0.7066541764460454,0,baseline,0.09,0.7,896,1600,36,,,,,,,,222.61321699988912,uav0000182_00000_v
74,0.7066541764460454,0,baseline,0.09,0.7,896,1600,35,,,,,,,,221.97641100046891,uav0000182_00000_v
75,0.7066541764460454,0,baseline,0.09,0.7,896,1600,37,,,,,,,,232.95899400000053,uav0000182_00000_v
76,0.7066541764460454,0,baseline,0.09,0.7,896,1600,38,,,,,,,,230.8087909996175,uav0000182_00000_v
77,0.7066541764460454,0,baseline,0.09,0.7,896,1600,37,,,,,,,,222.5215530006608,uav0000182_00000_v
78,0.7066541764460454,0,baseline,0.09,0.7,896,1600,37,,,,,,,,222.7272770005584,uav0000182_00000_v
79,0.7066541764460454,0,baseline,0.09,0.7,896,1600,37,,,,,,,,240.6090600006792,uav0000182_00000_v
80,0.7066541764460454,0,baseline,0.09,0.7,896,1600,37,,,,,,,,234.8890700004631,uav0000182_00000_v
81,0.7107637857513611,1,baseline,0.09,0.7,896,1600,37,1.0,0.7297297297297297,1.0,0.0,0.0,0.7250220198878807,2827.335781013794,233.61858899988877,uav0000182_00000_v
82,0.7107637857513611,0,baseline,0.09,0.7,896,1600,38,,,,,,,,223.74035299981188,uav0000182_00000_v
83,0.7107637857513611,0,baseline,0.09,0.7,896,1600,36,,,,,,,,238.5304359995644,uav0000182_00000_v
84,0.7107637857513611,0,baseline,0.09,0.7,896,1600,36,,,,,,,,238.34048500066277,uav0000182_00000_v
85,0.7107637857513611,0,baseline,0.09,0.7,896,1600,36,,,,,,,,222.45167399978527,uav0000182_00000_v
86,0.7107637857513611,0,baseline,0.09,0.7,896,1600,35,,,,,,,,224.2905969997082,uav0000182_00000_v
87,0.7107637857513611,0,baseline,0.09,0.7,896,1600,33,,,,,,,,226.29008199965028,uav0000182_00000_v
88,0.7107637857513611,0,baseline,0.09,0.7,896,1600,33,,,,,,,,226.28704300041136,uav0000182_00000_v
89,0.7107637857513611,0,baseline,0.09,0.7,896,1600,32,,,,,,,,225.94554500028607,uav0000182_00000_v
90,0.7107637857513611,0,baseline,0.09,0.7,896,1600,32,,,,,,,,224.45420500025648,uav0000182_00000_v
91,0.7127436756510575,1,baseline,0.09,0.7,896,1600,32,1.0,0.6875,1.0,0.0,0.0,0.7156576757676951,2902.1650116910955,235.37881699940044,uav0000182_00000_v
92,0.7127436756510575,0,baseline,0.09,0.7,896,1600,33,,,,,,,,234.43047099954128,uav0000182_00000_v
93,0.7127436756510575,0,baseline,0.09,0.7,896,1600,34,,,,,,,,234.7032110001237,uav0000182_00000_v
94,0.7127436756510575,0,baseline,0.09,0.7,896,1600,36,,,,,,,,229.1766540001845,uav0000182_00000_v
95,0.7127436756510575,0,baseline,0.09,0.7,896,1600,35,,,,,,,,221.67167699990387,uav0000182_00000_v
96,0.7127436756510575,0,baseline,0.09,0.7,896,1600,35,,,,,,,,225.0317609996273,uav0000182_00000_v
97,0.7127436756510575,0,baseline,0.09,0.7,896,1600,36,,,,,,,,236.75302100036788,uav0000182_00000_v
98,0.7127436756510575,0,baseline,0.09,0.7,896,1600,35,,,,,,,,232.76614699989292,uav0000182_00000_v
99,0.7127436756510575,0,baseline,0.09,0.7,896,1600,35,,,,,,,,226.24454100059663,uav0000182_00000_v
100,0.7127436756510575,0,baseline,0.09,0.7,896,1600,36,,,,,,,,231.61255400009395,uav0000182_00000_v
101,0.7183753624768607,1,baseline,0.09,0.7,896,1600,36,1.0,0.7777777777777778,1.0,0.0,0.0,0.7356765625312922,2888.219029905463,231.62036200028524,uav0000182_00000_v
102,0.7183753624768607,0,baseline,0.09,0.7,896,1600,35,,,,,,,,225.6705560002956,uav0000182_00000_v
103,0.7183753624768607,0,baseline,0.09,0.7,896,1600,38,,,,,,,,239.32837099982865,uav0000182_00000_v
104,0.7183753624768607,0,baseline,0.09,0.7,896,1600,38,,,,,,,,226.7820919996666,uav0000182_00000_v
105,0.7183753624768607,0,baseline,0.09,0.7,896,1600,37,,,,,,,,229.6487680005157,uav0000182_00000_v
106,0.7183753624768607,0,baseline,0.09,0.7,896,1600,36,,,,,,,,225.17603100004635,uav0000182_00000_v
107,0.7183753624768607,0,baseline,0.09,0.7,896,1600,37,,,,,,,,222.1889939992252,uav0000182_00000_v
108,0.7183753624768607,0,baseline,0.09,0.7,896,1600,39,,,,,,,,232.0508909997443,uav0000182_00000_v
109,0.7183753624768607,0,baseline,0.09,0.7,896,1600,38,,,,,,,,240.5263830005424,uav0000182_00000_v
110,0.7183753624768607,0,baseline,0.09,0.7,896,1600,39,,,,,,,,230.08265000044048,uav0000182_00000_v
111,0.7211075182358824,1,baseline,0.09,0.7,896,1600,39,1.0,0.6923076923076923,1.0,0.0,0.0,0.7167237703290701,2972.0440030121563,234.10129399962895,uav0000182_00000_v
112,0.7211075182358824,0,baseline,0.09,0.7,896,1600,38,,,,,,,,240.14104700017924,uav0000182_00000_v
113,0.7211075182358824,0,baseline,0.09,0.7,896,1600,38,,,,,,,,224.27061799953665,uav0000182_00000_v
114,0.7211075182358824,0,baseline,0.09,0.7,896,1600,38,,,,,,,,225.6141990001197,uav0000182_00000_v
115,0.7211075182358824,0,baseline,0.09,0.7,896,1600,39,,,,,,,,234.79123700053609,uav0000182_00000_v
116,0.7211075182358824,0,baseline,0.09,0.7,896,1600,39,,,,,,,,286.804458000006,uav0000182_00000_v
117,0.7211075182358824,0,baseline,0.09,0.7,896,1600,40,,,,,,,,280.8203090007737,uav0000182_00000_v
118,0.7211075182358824,0,baseline,0.09,0.7,896,1600,41,,,,,,,,284.194120000393,uav0000182_00000_v
119,0.7211075182358824,0,baseline,0.09,0.7,896,1600,39,,,,,,,,280.1069950000965,uav0000182_00000_v
120,0.7211075182358824,0,baseline,0.09,0.7,896,1600,40,,,,,,,,289.064679999683,uav0000182_00000_v
121,0.7230874081355788,1,baseline,0.09,0.7,896,1600,39,1.0,0.75,1.0,0.0,0.0,0.72951690506557,2970.034513507492,287.733309000032,uav0000182_00000_v
122,0.7230874081355788,0,baseline,0.09,0.7,896,1600,39,,,,,,,,282.56398800022,uav0000182_00000_v
123,0.7230874081355788,0,baseline,0.09,0.7,896,1600,41,,,,,,,,279.5758600004774,uav0000182_00000_v
124,0.7230874081355788,0,baseline,0.09,0.7,896,1600,39,,,,,,,,279.9780120003561,uav0000182_00000_v
125,0.7230874081355788,0,baseline,0.09,0.7,896,1600,37,,,,,,,,265.03576600043743,uav0000182_00000_v
126,0.7230874081355788,0,baseline,0.09,0.7,896,1600,39,,,,,,,,284.8613899996053,uav0000182_00000_v
127,0.7230874081355788,0,baseline,0.09,0.7,896,1600,39,,,,,,,,275.84922699952585,uav0000182_00000_v
128,0.7230874081355788,0,baseline,0.09,0.7,896,1600,38,,,,,,,,280.67899300003774,uav0000182_00000_v
129,0.7230874081355788,0,baseline,0.09,0.7,896,1600,37,,,,,,,,276.9123940006466,uav0000182_00000_v
130,0.7230874081355788,0,baseline,0.09,0.7,896,1600,38,,,,,,,,272.41137200053345,uav0000182_00000_v
131,0.7229832034040157,1,baseline,0.09,0.7,896,1600,38,1.0,0.6842105263157895,1.0,0.0,0.0,0.7149282426467543,3016.167787884449,226.4841260002868,uav0000182_00000_v
132,0.7229832034040157,0,baseline,0.09,0.7,896,1600,40,,,,,,,,235.1101439999184,uav0000182_00000_v
133,0.7229832034040157,0,baseline,0.09,0.7,896,1600,38,,,,,,,,223.63039599986223,uav0000182_00000_v
134,0.7229832034040157,0,baseline,0.09,0.7,896,1600,38,,,,,,,,220.59206599988104,uav0000182_00000_v
135,0.7229832034040157,0,baseline,0.09,0.7,896,1600,37,,,,,,,,220.5720249994556,uav0000182_00000_v
136,0.7229832034040157,0,baseline,0.09,0.7,896,1600,37,,,,,,,,224.52245700060303,uav0000182_00000_v
137,0.7229832034040157,0,baseline,0.09,0.7,896,1600,36,,,,,,,,223.09325600053853,uav0000182_00000_v
138,0.7229832034040157,0,baseline,0.09,0.7,896,1600,37,,,,,,,,222.13901299983263,uav0000182_00000_v
139,0.7229832034040157,0,baseline,0.09,0.7,896,1600,37,,,,,,,,230.73936899982075,uav0000182_00000_v
140,0.7229832034040157,0,baseline,0.09,0.7,896,1600,38,,,,,,,,223.2240879993697,uav0000182_00000_v
141,0.7234463355442956,1,baseline,0.09,0.7,896,1600,39,1.0,0.7368421052631579,1.0,0.0,0.0,0.7265991725818068,3013.015805633452,247.33864400059247,uav0000182_00000_v
142,0.7234463355442956,0,baseline,0.09,0.7,896,1600,38,,,,,,,,222.7576400000544,uav0000182_00000_v
143,0.7234463355442956,0,baseline,0.09,0.7,896,1600,39,,,,,,,,218.4437270007038,uav0000182_00000_v
144,0.7234463355442956,0,baseline,0.09,0.7,896,1600,40,,,,,,,,227.144970000154,uav0000182_00000_v
145,0.7234463355442956,0,baseline,0.09,0.7,896,1600,39,,,,,,,,227.5634520001404,uav0000182_00000_v
146,0.7234463355442956,0,baseline,0.09,0.7,896,1600,41,,,,,,,,233.73294999964853,uav0000182_00000_v
147,0.7234463355442956,0,baseline,0.09,0.7,896,1600,40,,,,,,,,232.62022899962176,uav0000182_00000_v
148,0.7234463355442956,0,baseline,0.09,0.7,896,1600,41,,,,,,,,228.52657300063584,uav0000182_00000_v
149,0.7234463355442956,0,baseline,0.09,0.7,896,1600,39,,,,,,,,225.6439410002713,uav0000182_00000_v
150,0.7234463355442956,0,baseline,0.09,0.7,896,1600,40,,,,,,,,229.23438899942997,uav0000182_00000_v
151,0.7232965060383726,1,baseline,0.09,0.7,896,1600,41,1.0,0.725,1.0,0.0,0.0,0.7239732133464201,2964.3060570304747,223.56830400076436,uav0000182_00000_v
152,0.7232965060383726,0,baseline,0.09,0.7,896,1600,40,,,,,,,,230.2183790006893,uav0000182_00000_v
153,0.7232965060383726,0,baseline,0.09,0.7,896,1600,40,,,,,,,,220.52774500025407,uav0000182_00000_v
154,0.7232965060383726,0,baseline,0.09,0.7,896,1600,39,,,,,,,,222.9258990000744,uav0000182_00000_v
155,0.7232965060383726,0,baseline,0.09,0.7,896,1600,40,,,,,,,,236.92722199939453,uav0000182_00000_v
156,0.7232965060383726,0,baseline,0.09,0.7,896,1600,41,,,,,,,,233.54775000007064,uav0000182_00000_v
157,0.7232965060383726,0,baseline,0.09,0.7,896,1600,42,,,,,,,,232.019873000354,uav0000182_00000_v
158,0.7232965060383726,0,baseline,0.09,0.7,896,1600,44,,,,,,,,231.6824520003138,uav0000182_00000_v
159,0.7232965060383726,0,baseline,0.09,0.7,896,1600,43,,,,,,,,227.90027200062468,uav0000182_00000_v
160,0.7232965060383726,0,baseline,0.09,0.7,896,1600,44,,,,,,,,229.3384770000557,uav0000182_00000_v
161,0.7245564359745431,1,baseline,0.09,0.7,896,1600,45,1.0,0.7272727272727273,1.0,0.0,0.0,0.7244771853208882,2895.9538682082434,230.85789300057516,uav0000182_00000_v
162,0.7245564359745431,0,baseline,0.09,0.7,896,1600,46,,,,,,,,226.00065999995425,uav0000182_00000_v
163,0.7245564359745431,0,baseline,0.09,0.7,896,1600,44,,,,,,,,227.26478799995675,uav0000182_00000_v
164,0.7245564359745431,0,baseline,0.09,0.7,896,1600,43,,,,,,,,238.3781110002019,uav0000182_00000_v
165,0.7245564359745431,0,baseline,0.09,0.7,896,1600,44,,,,,,,,228.4694740001214,uav0000182_00000_v
166,0.7245564359745431,0,baseline,0.09,0.7,896,1600,47,,,,,,,,218.7828579999405,uav0000182_00000_v
167,0.7245564359745431,0,baseline,0.09,0.7,896,1600,45,,,,,,,,223.73564500048812,uav0000182_00000_v
168,0.7245564359745431,0,baseline,0.09,0.7,896,1600,47,,,,,,,,227.556373999505,uav0000182_00000_v
169,0.7245564359745431,0,baseline,0.09,0.7,896,1600,45,,,,,,,,224.42989200044397,uav0000182_00000_v
170,0.7245564359745431,0,baseline,0.09,0.7,896,1600,44,,,,,,,,225.1477559993873,uav0000182_00000_v
171,0.7207966450539074,1,baseline,0.09,0.7,896,1600,45,1.0,0.6590909090909091,1.0,0.0,0.0,0.7093580260868428,2924.002982018746,229.7316880003564,uav0000182_00000_v
172,0.7207966450539074,0,baseline,0.09,0.7,896,1600,45,,,,,,,,220.89194299951487,uav0000182_00000_v
173,0.7207966450539074,0,baseline,0.09,0.7,896,1600,45,,,,,,,,233.9630179994856,uav0000182_00000_v
174,0.7207966450539074,0,baseline,0.09,0.7,896,1600,46,,,,,,,,257.08878499972343,uav0000182_00000_v
175,0.7207966450539074,0,baseline,0.09,0.7,896,1600,43,,,,,,,,274.8079390003113,uav0000182_00000_v
176,0.7207966450539074,0,baseline,0.09,0.7,896,1600,42,,,,,,,,285.0821000001815,uav0000182_00000_v
177,0.7207966450539074,0,baseline,0.09,0.7,896,1600,43,,,,,,,,284.74264800024685,uav0000182_00000_v
178,0.7207966450539074,0,baseline,0.09,0.7,896,1600,41,,,,,,,,281.376745999296,uav0000182_00000_v
179,0.7207966450539074,0,baseline,0.09,0.7,896,1600,45,,,,,,,,283.2075659998736,uav0000182_00000_v
180,0.7207966450539074,0,baseline,0.09,0.7,896,1600,46,,,,,,,,290.4754970004433,uav0000182_00000_v
181,0.7181479629138454,1,baseline,0.09,0.7,896,1600,47,1.0,0.6086956521739131,1.0,0.0,0.0,0.6981829953486354,2978.6180035452444,281.17273000043497,uav0000182_00000_v
182,0.7181479629138454,0,baseline,0.09,0.7,896,1600,46,,,,,,,,281.6152399991552,uav0000182_00000_v
183,0.7181479629138454,0,baseline,0.09,0.7,896,1600,47,,,,,,,,283.2336179999402,uav0000182_00000_v
184,0.7181479629138454,0,baseline,0.09,0.7,896,1600,49,,,,,,,,287.989983999978,uav0000182_00000_v
185,0.7181479629138454,0,baseline,0.09,0.7,896,1600,51,,,,,,,,285.19093100021564,uav0000182_00000_v
186,0.7181479629138454,0,baseline,0.09,0.7,896,1600,52,,,,,,,,279.59535799982405,uav0000182_00000_v
187,0.7181479629138454,0,baseline,0.09,0.7,896,1600,52,,,,,,,,292.27617500055203,uav0000182_00000_v
188,0.7181479629138454,0,baseline,0.09,0.7,896,1600,50,,,,,,,,293.9377769998828,uav0000182_00000_v
189,0.7181479629138454,0,baseline,0.09,0.7,896,1600,52,,,,,,,,243.8377959997524,uav0000182_00000_v
190,0.7181479629138454,0,baseline,0.09,0.7,896,1600,54,,,,,,,,231.85500999989017,uav0000182_00000_v
191,0.7143348416255411,1,baseline,0.09,0.7,896,1600,52,1.0,0.6296296296296297,1.0,0.0,0.0,0.7028250560474405,3087.8582037288797,227.63561099964136,uav0000182_00000_v
192,0.7143348416255411,0,baseline,0.09,0.7,896,1600,54,,,,,,,,226.36266500012425,uav0000182_00000_v
193,0.7143348416255411,0,baseline,0.09,0.7,896,1600,50,,,,,,,,226.81367800032604,uav0000182_00000_v
194,0.7143348416255411,0,baseline,0.09,0.7,896,1600,54,,,,,,,,242.7484199997707,uav0000182_00000_v
195,0.7143348416255411,0,baseline,0.09,0.7,896,1600,52,,,,,,,,236.1998140004289,uav0000182_00000_v
196,0.7143348416255411,0,baseline,0.09,0.7,896,1600,54,,,,,,,,231.10396999982183,uav0000182_00000_v
197,0.7143348416255411,0,baseline,0.09,0.7,896,1600,53,,,,,,,,244.0839729997606,uav0000182_00000_v
198,0.7143348416255411,0,baseline,0.09,0.7,896,1600,58,,,,,,,,231.1182359999293,uav0000182_00000_v
199,0.7143348416255411,0,baseline,0.09,0.7,896,1600,57,,,,,,,,233.34984899975095,uav0000182_00000_v
200,0.7143348416255411,0,baseline,0.09,0.7,896,1600,55,,,,,,,,229.7329319999335,uav0000182_00000_v
201,0.71224316846835,1,baseline,0.09,0.7,896,1600,56,1.0,0.6181818181818182,1.0,0.0,0.0,0.7002865305464155,3058.177281146343,228.76290699969104,uav0000182_00000_v
202,0.71224316846835,0,baseline,0.09,0.7,896,1600,59,,,,,,,,243.63773400000355,uav0000182_00000_v
203,0.71224316846835,0,baseline,0.09,0.7,896,1600,56,,,,,,,,227.29557799993927,uav0000182_00000_v
204,0.71224316846835,0,baseline,0.09,0.7,896,1600,57,,,,,,,,237.3441690006075,uav0000182_00000_v
205,0.71224316846835,0,baseline,0.09,0.7,896,1600,57,,,,,,,,238.73806800020247,uav0000182_00000_v
206,0.71224316846835,0,baseline,0.09,0.7,896,1600,56,,,,,,,,225.20196700043016,uav0000182_00000_v
207,0.71224316846835,0,baseline,0.09,0.7,896,1600,57,,,,,,,,229.06708200025605,uav0000182_00000_v
208,0.71224316846835,0,baseline,0.09,0.7,896,1600,57,,,,,,,,235.1453950004725,uav0000182_00000_v
209,0.71224316846835,0,baseline,0.09,0.7,896,1600,58,,,,,,,,230.5281399994783,uav0000182_00000_v
210,0.71224316846835,0,baseline,0.09,0.7,896,1600,58,,,,,,,,226.99309600011475,uav0000182_00000_v
211,0.7080174869401412,1,baseline,0.09,0.7,896,1600,59,1.0,0.603448275862069,1.0,0.0,0.0,0.6970194018843459,2982.379403652024,242.1250980005425,uav0000182_00000_v
212,0.7080174869401412,0,baseline,0.09,0.7,896,1600,58,,,,,,,,227.5276489999669,uav0000182_00000_v
213,0.7080174869401412,0,baseline,0.09,0.7,896,1600,60,,,,,,,,234.34026799986896,uav0000182_00000_v
214,0.7080174869401412,0,baseline,0.09,0.7,896,1600,63,,,,,,,,227.11111299940967,uav0000182_00000_v
215,0.7080174869401412,0,baseline,0.09,0.7,896,1600,63,,,,,,,,224.58572699997603,uav0000182_00000_v
216,0.7080174869401412,0,baseline,0.09,0.7,896,1600,65,,,,,,,,223.56620099981228,uav0000182_00000_v
217,0.7080174869401412,0,baseline,0.09,0.7,896,1600,65,,,,,,,,226.01112499978623,uav0000182_00000_v
218,0.7080174869401412,0,baseline,0.09,0.7,896,1600,63,,,,,,,,232.8919149995272,uav0000182_00000_v
219,0.7080174869401412,0,baseline,0.09,0.7,896,1600,64,,,,,,,,231.1634449997655,uav0000182_00000_v
220,0.7080174869401412,0,baseline,0.09,0.7,896,1600,67,,,,,,,,266.80153500001325,uav0000182_00000_v
221,0.702544716650234,1,baseline,0.09,0.7,896,1600,67,1.0,0.5522388059701493,1.0,0.0,0.0,0.6856638213170702,3001.8658276995907,235.93992100086325,uav0000182_00000_v
222,0.702544716650234,0,baseline,0.09,0.7,896,1600,66,,,,,,,,231.2248690004708,uav0000182_00000_v
223,0.702544716650234,0,baseline,0.09,0.7,896,1600,69,,,,,,,,226.576410999769,uav0000182_00000_v
224,0.702544716650234,0,baseline,0.09,0.7,896,1600,73,,,,,,,,225.4719840002508,uav0000182_00000_v
225,0.702544716650234,0,baseline,0.09,0.7,896,1600,74,,,,,,,,235.1203929993062,uav0000182_00000_v
226,0.702544716650234,0,baseline,0.09,0.7,896,1600,74,,,,,,,,233.68547299924103,uav0000182_00000_v
227,0.702544716650234,0,baseline,0.09,0.7,896,1600,76,,,,,,,,229.95153099964227,uav0000182_00000_v
228,0.702544716650234,0,baseline,0.09,0.7,896,1600,75,,,,,,,,230.66877299970656,uav0000182_00000_v
229,0.702544716650234,0,baseline,0.09,0.7,896,1600,74,,,,,,,,247.78631399931328,uav0000182_00000_v
230,0.702544716650234,0,baseline,0.09,0.7,896,1600,74,,,,,,,,234.62107199975435,uav0000182_00000_v
231,0.6957732013176114,1,baseline,0.09,0.7,896,1600,79,1.0,0.5135135135135135,1.0,0.0,0.0,0.6770765779925296,2779.89430864676,238.45968800014816,uav0000182_00000_v
232,0.6957732013176114,0,baseline,0.09,0.7,896,1600,77,,,,,,,,287.1424559998559,uav0000182_00000_v
233,0.6957732013176114,0,baseline,0.09,0.7,896,1600,77,,,,,,,,301.95065999942017,uav0000182_00000_v
234,0.6957732013176114,0,baseline,0.09,0.7,896,1600,81,,,,,,,,296.93116300040856,uav0000182_00000_v
235,0.6957732013176114,0,baseline,0.09,0.7,896,1600,80,,,,,,,,288.4304009994594,uav0000182_00000_v
236,0.6957732013176114,0,baseline,0.09,0.7,896,1600,81,,,,,,,,295.8182009997472,uav0000182_00000_v
237,0.6957732013176114,0,baseline,0.09,0.7,896,1600,80,,,,,,,,293.1902850004917,uav0000182_00000_v
238,0.6957732013176114,0,baseline,0.09,0.7,896,1600,83,,,,,,,,297.2767279998152,uav0000182_00000_v
239,0.6957732013176114,0,baseline,0.09,0.7,896,1600,82,,,,,,,,288.2291579999219,uav0000182_00000_v
240,0.6957732013176114,0,baseline,0.09,0.7,896,1600,81,,,,,,,,304.4347840004775,uav0000182_00000_v
241,0.6893646688027691,1,baseline,0.09,0.7,896,1600,81,1.0,0.4567901234567901,1.0,0.0,0.0,0.6644982984829467,2844.726545728599,298.9353820003089,uav0000182_00000_v
242,0.6893646688027691,0,baseline,0.09,0.7,896,1600,80,,,,,,,,298.5590650005179,uav0000182_00000_v
243,0.6893646688027691,0,baseline,0.09,0.7,896,1600,83,,,,,,,,298.4601060006753,uav0000182_00000_v
244,0.6893646688027691,0,baseline,0.09,0.7,896,1600,83,,,,,,,,304.61821500011865,uav0000182_00000_v
245,0.6893646688027691,0,baseline,0.09,0.7,896,1600,84,,,,,,,,305.1160390004952,uav0000182_00000_v
246,0.6893646688027691,0,baseline,0.09,0.7,896,1600,80,,,,,,,,289.28095099945494,uav0000182_00000_v
247,0.6893646688027691,0,baseline,0.09,0.7,896,1600,84,,,,,,,,253.36645000061253,uav0000182_00000_v
248,0.6893646688027691,0,baseline,0.09,0.7,896,1600,82,,,,,,,,240.8491950000098,uav0000182_00000_v
249,0.6893646688027691,0,baseline,0.09,0.7,896,1600,78,,,,,,,,233.430528000099,uav0000182_00000_v
250,0.6893646688027691,0,baseline,0.09,0.7,896,1600,76,,,,,,,,237.25225999987745,uav0000182_00000_v
251,0.6809195549056658,1,baseline,0.09,0.7,896,1600,74,1.0,0.3421052631578947,1.0,0.0,0.0,0.6390671980689124,2466.7445398112377,241.05432299984383,uav0000182_00000_v
252,0.6809195549056658,0,baseline,0.09,0.7,896,1600,71,,,,,,,,251.7669440003374,uav0000182_00000_v
253,0.6809195549056658,0,baseline,0.09,0.7,896,1600,74,,,,,,,,234.4674819996726,uav0000182_00000_v
254,0.6809195549056658,0,baseline,0.09,0.7,896,1600,73,,,,,,,,225.16460600036223,uav0000182_00000_v
255,0.6809195549056658,0,baseline,0.09,0.7,896,1600,71,,,,,,,,227.4710419997064,uav0000182_00000_v
256,0.6809195549056658,0,baseline,0.09,0.7,896,1600,73,,,,,,,,231.56176500015133,uav0000182_00000_v
257,0.6809195549056658,0,baseline,0.09,0.7,896,1600,73,,,,,,,,230.31106000053117,uav0000182_00000_v
258,0.6809195549056658,0,baseline,0.09,0.7,896,1600,75,,,,,,,,231.6910400004417,uav0000182_00000_v
259,0.6809195549056658,0,baseline,0.09,0.7,896,1600,75,,,,,,,,231.2821969999277,uav0000182_00000_v
260,0.6809195549056658,0,baseline,0.09,0.7,896,1600,73,,,,,,,,226.0236639995128,uav0000182_00000_v
261,0.6700869152921062,1,baseline,0.09,0.7,896,1600,77,1.0,0.2876712328767123,1.0,0.0,0.0,0.6269965787525223,3110.4064048873,246.93783300062933,uav0000182_00000_v
262,0.6700869152921062,0,baseline,0.09,0.7,896,1600,75,,,,,,,,235.05726700022933,uav0000182_00000_v
263,0.6700869152921062,0,baseline,0.09,0.7,896,1600,75,,,,,,,,232.85663699971337,uav0000182_00000_v
264,0.6700869152921062,0,baseline,0.09,0.7,896,1600,75,,,,,,,,230.3587209999023,uav0000182_00000_v
265,0.6700869152921062,0,baseline,0.09,0.7,896,1600,76,,,,,,,,229.8267030000716,uav0000182_00000_v
266,0.6700869152921062,0,baseline,0.09,0.7,896,1600,79,,,,,,,,231.2402300003669,uav0000182_00000_v
267,0.6700869152921062,0,baseline,0.09,0.7,896,1600,79,,,,,,,,229.6658559998832,uav0000182_00000_v
268,0.6700869152921062,0,baseline,0.09,0.7,896,1600,80,,,,,,,,240.83462599992345,uav0000182_00000_v
269,0.6700869152921062,0,baseline,0.09,0.7,896,1600,80,,,,,,,,248.91816699982883,uav0000182_00000_v
270,0.6700869152921062,0,baseline,0.09,0.7,896,1600,81,,,,,,,,240.8185260001119,uav0000182_00000_v
271,0.6618455958083865,1,baseline,0.09,0.7,896,1600,82,1.0,0.3580246913580246,1.0,0.0,0.0,0.6425972941603789,3034.5186388044367,235.15676299939517,uav0000182_00000_v
272,0.6618455958083865,0,baseline,0.09,0.7,896,1600,83,,,,,,,,232.7569889994265,uav0000182_00000_v
273,0.6618455958083865,0,baseline,0.09,0.7,896,1600,84,,,,,,,,227.29453400006605,uav0000182_00000_v
274,0.6618455958083865,0,baseline,0.09,0.7,896,1600,81,,,,,,,,233.79174300043812,uav0000182_00000_v
275,0.6618455958083865,0,baseline,0.09,0.7,896,1600,81,,,,,,,,230.8658120000473,uav0000182_00000_v
276,0.6618455958083865,0,baseline,0.09,0.7,896,1600,82,,,,,,,,228.15090299991425,uav0000182_00000_v
277,0.6618455958083865,0,baseline,0.09,0.7,896,1600,83,,,,,,,,231.6426469997168,uav0000182_00000_v
278,0.6618455958083865,0,baseline,0.09,0.7,896,1600,83,,,,,,,,246.69896899922605,uav0000182_00000_v
279,0.6618455958083865,0,baseline,0.09,0.7,896,1600,86,,,,,,,,231.53867200016973,uav0000182_00000_v
280,0.6618455958083865,0,baseline,0.09,0.7,896,1600,85,,,,,,,,244.29106900061012,uav0000182_00000_v
281,0.6554007128245473,1,baseline,0.09,0.7,896,1600,85,1.0,0.4,1.0,0.0,0.0,0.6519052209974703,2978.5367552685807,235.14169800000676,uav0000182_00000_v
282,0.6554007128245473,0,baseline,0.09,0.7,896,1600,85,,,,,,,,228.86240799925872,uav0000182_00000_v
283,0.6554007128245473,0,baseline,0.09,0.7,896,1600,84,,,,,,,,248.39686199993596,uav0000182_00000_v
284,0.6554007128245473,0,baseline,0.09,0.7,896,1600,84,,,,,,,,236.3226369998301,uav0000182_00000_v
285,0.6554007128245473,0,baseline,0.09,0.7,896,1600,84,,,,,,,,232.11145699951885,uav0000182_00000_v
286,0.6554007128245473,0,baseline,0.09,0.7,896,1600,84,,,,,,,,230.75694700037275,uav0000182_00000_v
287,0.6554007128245473,0,baseline,0.09,0.7,896,1600,82,,,,,,,,236.53945500063853,uav0000182_00000_v
288,0.6554007128245473,0,baseline,0.09,0.7,896,1600,83,,,,,,,,243.6459999998988,uav0000182_00000_v
289,0.6554007128245473,0,baseline,0.09,0.7,896,1600,82,,,,,,,,302.3981000005733,uav0000182_00000_v
290,0.6554007128245473,0,baseline,0.09,0.7,896,1600,80,,,,,,,,289.8549869996714,uav0000182_00000_v
291,0.6501820776560937,1,baseline,0.09,0.7,896,1600,79,1.0,0.3875,1.0,0.0,0.0,0.6491333751378953,3020.237874332949,291.3376090000384,uav0000182_00000_v
292,0.6501820776560937,0,baseline,0.09,0.7,896,1600,79,,,,,,,,293.12761000073806,uav0000182_00000_v
293,0.6501820776560937,0,baseline,0.09,0.7,896,1600,78,,,,,,,,295.9136570007104,uav0000182_00000_v
294,0.6501820776560937,0,baseline,0.09,0.7,896,1600,81,,,,,,,,292.90340900024603,uav0000182_00000_v
295,0.6501820776560937,0,baseline,0.09,0.7,896,1600,83,,,,,,,,292.562468000142,uav0000182_00000_v
296,0.6501820776560937,0,baseline,0.09,0.7,896,1600,83,,,,,,,,294.15756500020507,uav0000182_00000_v
297,0.6501820776560937,0,baseline,0.09,0.7,896,1600,83,,,,,,,,298.1814430004306,uav0000182_00000_v
298,0.6501820776560937,0,baseline,0.09,0.7,896,1600,83,,,,,,,,297.74237600031483,uav0000182_00000_v
299,0.6501820776560937,0,baseline,0.09,0.7,896,1600,83,,,,,,,,304.09138000050007,uav0000182_00000_v
300,0.6501820776560937,0,baseline,0.09,0.7,896,1600,81,,,,,,,,302.5838750008916,uav0000182_00000_v
301,0.6448653763171691,1,baseline,0.09,0.7,896,1600,80,1.0,0.345679012345679,1.0,0.0,0.0,0.6398596686200579,2993.0219960155423,307.9512940003042,uav0000182_00000_v
302,0.6448653763171691,0,baseline,0.09,0.7,896,1600,85,,,,,,,,297.0445999999356,uav0000182_00000_v
303,0.6448653763171691,0,baseline,0.09,0.7,896,1600,84,,,,,,,,287.67283399974986,uav0000182_00000_v
304,0.6448653763171691,0,baseline,0.09,0.7,896,1600,85,,,,,,,,236.84252399925757,uav0000182_00000_v
305,0.6448653763171691,0,baseline,0.09,0.7,896,1600,85,,,,,,,,235.66719300015396,uav0000182_00000_v
306,0.6448653763171691,0,baseline,0.09,0.7,896,1600,85,,,,,,,,238.3127670000249,uav0000182_00000_v
307,0.6448653763171691,0,baseline,0.09,0.7,896,1600,86,,,,,,,,233.22440000083589,uav0000182_00000_v
308,0.6448653763171691,0,baseline,0.09,0.7,896,1600,82,,,,,,,,230.5248010006835,uav0000182_00000_v
309,0.6448653763171691,0,baseline,0.09,0.7,896,1600,80,,,,,,,,229.7124970000368,uav0000182_00000_v
310,0.6448653763171691,0,baseline,0.09,0.7,896,1600,81,,,,,,,,247.2140820000277,uav0000182_00000_v
311,0.6409544826881391,1,baseline,0.09,0.7,896,1600,76,1.0,0.3333333333333333,1.0,0.0,0.0,0.637122043079737,2928.5642295376942,238.25248100001767,uav0000182_00000_v
312,0.6409544826881391,0,baseline,0.09,0.7,896,1600,73,,,,,,,,228.74006100028052,uav0000182_00000_v
313,0.6409544826881391,0,baseline,0.09,0.7,896,1600,75,,,,,,,,231.2632780003696,uav0000182_00000_v
314,0.6409544826881391,0,baseline,0.09,0.7,896,1600,71,,,,,,,,236.51378900012787,uav0000182_00000_v
315,0.6409544826881391,0,baseline,0.09,0.7,896,1600,69,,,,,,,,246.55215499933547,uav0000182_00000_v
316,0.6409544826881391,0,baseline,0.09,0.7,896,1600,68,,,,,,,,233.11518400078057,uav0000182_00000_v
317,0.6409544826881391,0,baseline,0.09,0.7,896,1600,67,,,,,,,,233.8511349998953,uav0000182_00000_v
318,0.6409544826881391,0,baseline,0.09,0.7,896,1600,66,,,,,,,,226.21109200008505,uav0000182_00000_v
319,0.6409544826881391,0,baseline,0.09,0.7,896,1600,64,,,,,,,,232.17300699980115,uav0000182_00000_v
320,0.6409544826881391,0,baseline,0.09,0.7,896,1600,67,,,,,,,,230.40188699997088,uav0000182_00000_v
321,0.637209333529876,1,baseline,0.09,0.7,896,1600,63,1.0,0.2238805970149253,1.0,0.0,0.0,0.6128511539610704,2475.3341887952743,241.0023310003453,uav0000182_00000_v
322,0.637209333529876,0,baseline,0.09,0.7,896,1600,61,,,,,,,,226.7110410002715,uav0000182_00000_v
323,0.637209333529876,0,baseline,0.09,0.7,896,1600,64,,,,,,,,235.4784350000045,uav0000182_00000_v
324,0.637209333529876,0,baseline,0.09,0.7,896,1600,57,,,,,,,,237.26236099992093,uav0000182_00000_v
325,0.637209333529876,0,baseline,0.09,0.7,896,1600,53,,,,,,,,231.98403199967288,uav0000182_00000_v
326,0.637209333529876,0,baseline,0.09,0.7,896,1600,51,,,,,,,,250.01957299991773,uav0000182_00000_v
327,0.637209333529876,0,baseline,0.09,0.7,896,1600,50,,,,,,,,224.59000599974388,uav0000182_00000_v
328,0.637209333529876,0,baseline,0.09,0.7,896,1600,51,,,,,,,,221.91239899984797,uav0000182_00000_v
329,0.637209333529876,0,baseline,0.09,0.7,896,1600,49,,,,,,,,229.8923510006716,uav0000182_00000_v
330,0.637209333529876,0,baseline,0.09,0.7,896,1600,48,,,,,,,,220.16723500019,uav0000182_00000_v
331,0.6353560119342697,1,baseline,0.09,0.7,896,1600,46,1.0,0.2291666666666666,1.0,0.0,0.0,0.6140233275832787,1924.2701838086184,228.32383000059053,uav0000182_00000_v
332,0.6353560119342697,0,baseline,0.09,0.7,896,1600,45,,,,,,,,220.88824000002205,uav0000182_00000_v
333,0.6353560119342697,0,baseline,0.09,0.7,896,1600,42,,,,,,,,243.22614099946804,uav0000182_00000_v
334,0.6353560119342697,0,baseline,0.09,0.7,896,1600,40,,,,,,,,221.99501500017504,uav0000182_00000_v
335,0.6353560119342697,0,baseline,0.09,0.7,896,1600,37,,,,,,,,223.64986600041448,uav0000182_00000_v
336,0.6353560119342697,0,baseline,0.09,0.7,896,1600,34,,,,,,,,224.86860400022124,uav0000182_00000_v
337,0.6353560119342697,0,baseline,0.09,0.7,896,1600,32,,,,,,,,230.33904899966728,uav0000182_00000_v
338,0.6353560119342697,0,baseline,0.09,0.7,896,1600,32,,,,,,,,226.01100000065344,uav0000182_00000_v
339,0.6353560119342697,0,baseline,0.09,0.7,896,1600,29,,,,,,,,223.52387800037832,uav0000182_00000_v
340,0.6353560119342697,0,baseline,0.09,0.7,896,1600,30,,,,,,,,224.8932539996531,uav0000182_00000_v
341,0.6335178919286257,1,baseline,0.09,0.7,896,1600,28,1.0,0.3,1.0,0.0,0.0,0.6297304541208704,1588.7198807249238,228.8461179996375,uav0000182_00000_v
342,0.6335178919286257,0,baseline,0.09,0.7,896,1600,27,,,,,,,,228.38562600009027,uav0000182_00000_v
343,0.6335178919286257,0,baseline,0.09,0.7,896,1600,27,,,,,,,,224.57026900065105,uav0000182_00000_v
344,0.6335178919286257,0,baseline,0.09,0.7,896,1600,26,,,,,,,,222.32612399966456,uav0000182_00000_v
345,0.6335178919286257,0,baseline,0.09,0.7,896,1600,27,,,,,,,,229.49883099954604,uav0000182_00000_v
346,0.6335178919286257,0,baseline,0.09,0.7,896,1600,28,,,,,,,,239.6133730007932,uav0000182_00000_v
347,0.6335178919286257,0,baseline,0.09,0.7,896,1600,27,,,,,,,,283.0880530000286,uav0000182_00000_v
348,0.6335178919286257,0,baseline,0.09,0.7,896,1600,26,,,,,,,,271.46987700052705,uav0000182_00000_v
349,0.6335178919286257,0,baseline,0.09,0.7,896,1600,26,,,,,,,,271.87483699981385,uav0000182_00000_v
350,0.6335178919286257,0,baseline,0.09,0.7,896,1600,21,,,,,,,,271.20679800009384,uav0000182_00000_v
351,0.6318902692014664,1,baseline,0.09,0.7,896,1600,22,0.7,0.5238095238095238,1.0,0.0,0.0,0.6405118619073547,1527.844311982641,271.46157800052606,uav0000182_00000_v
352,0.6318902692014664,0,baseline,0.09,0.7,896,1600,21,,,,,,,,276.12383700034115,uav0000182_00000_v
353,0.6318902692014664,0,baseline,0.09,0.7,896,1600,21,,,,,,,,277.7501270002176,uav0000182_00000_v
354,0.6318902692014664,0,baseline,0.09,0.7,896,1600,20,,,,,,,,281.3120129994786,uav0000182_00000_v
355,0.6318902692014664,0,baseline,0.09,0.7,896,1600,19,,,,,,,,269.7695179995208,uav0000182_00000_v
356,0.6318902692014664,0,baseline,0.09,0.7,896,1600,20,,,,,,,,265.5998170002931,uav0000182_00000_v
357,0.6318902692014664,0,baseline,0.09,0.7,896,1600,22,,,,,,,,267.4601279995841,uav0000182_00000_v
358,0.6318902692014664,0,baseline,0.09,0.7,896,1600,24,,,,,,,,274.95164899937663,uav0000182_00000_v
359,0.6318902692014664,0,baseline,0.09,0.7,896,1600,22,,,,,,,,270.9932610005126,uav0000182_00000_v
360,0.6318902692014664,0,baseline,0.09,0.7,896,1600,24,,,,,,,,268.52321600017603,uav0000182_00000_v
361,0.6383539104612501,1,baseline,0.09,0.7,896,1600,24,0.8,0.7083333333333334,1.0,0.0,0.0,0.6943788639563827,2026.131642614036,271.3446699999622,uav0000182_00000_v
362,0.6383539104612501,0,baseline,0.09,0.7,896,1600,25,,,,,,,,215.9727070002191,uav0000182_00000_v
363,0.6383539104612501,0,baseline,0.09,0.7,896,1600,25,,,,,,,,233.63806099951037,uav0000182_00000_v
1,0.4337133789380505,1,baseline,0.09,0.7,896,1600,8,0.0,0.0,1.0,0.0,0.0,0.4337133789380505,1960.569922196442,310.64859699927183,uav0000268_05773_v
2,0.4337133789380505,0,baseline,0.09,0.7,896,1600,8,,,,,,,,302.46741300015856,uav0000268_05773_v
3,0.4337133789380505,0,baseline,0.09,0.7,896,1600,8,,,,,,,,313.2063559996823,uav0000268_05773_v
4,0.4337133789380505,0,baseline,0.09,0.7,896,1600,8,,,,,,,,310.05317000017385,uav0000268_05773_v
5,0.4337133789380505,0,baseline,0.09,0.7,896,1600,8,,,,,,,,276.7761539998901,uav0000268_05773_v
6,0.4337133789380505,0,baseline,0.09,0.7,896,1600,8,,,,,,,,273.73687099952804,uav0000268_05773_v
7,0.4337133789380505,0,baseline,0.09,0.7,896,1600,8,,,,,,,,266.96165799967275,uav0000268_05773_v
8,0.4337133789380505,0,baseline,0.09,0.7,896,1600,8,,,,,,,,260.4540180000185,uav0000268_05773_v
9,0.4337133789380505,0,baseline,0.09,0.7,896,1600,8,,,,,,,,248.8952200001222,uav0000268_05773_v
10,0.4337133789380505,0,baseline,0.09,0.7,896,1600,8,,,,,,,,508.6658210002497,uav0000268_05773_v
11,0.4648383115096615,1,baseline,0.09,0.7,896,1600,8,0.2666666666666666,0.125,1.0,0.0,0.0,0.4959632440812724,2040.6875257788051,1364.0712850001364,uav0000268_05773_v
12,0.4648383115096615,0,baseline,0.09,0.7,896,1600,8,,,,,,,,305.9690159998354,uav0000268_05773_v
13,0.4648383115096615,0,baseline,0.09,0.7,896,1600,8,,,,,,,,298.62915000012435,uav0000268_05773_v
14,0.4648383115096615,0,baseline,0.09,0.7,896,1600,9,,,,,,,,266.80307800052105,uav0000268_05773_v
15,0.4648383115096615,0,baseline,0.09,0.7,896,1600,9,,,,,,,,258.781536999777,uav0000268_05773_v
16,0.4648383115096615,0,baseline,0.09,0.7,896,1600,9,,,,,,,,296.23734899996634,uav0000268_05773_v
17,0.4648383115096615,0,baseline,0.09,0.7,896,1600,9,,,,,,,,278.35367799980304,uav0000268_05773_v
18,0.4648383115096615,0,baseline,0.09,0.7,896,1600,9,,,,,,,,289.3555880000349,uav0000268_05773_v
19,0.4648383115096615,0,baseline,0.09,0.7,896,1600,9,,,,,,,,268.05031999992934,uav0000268_05773_v
20,0.4648383115096615,0,baseline,0.09,0.7,896,1600,8,,,,,,,,270.74647700010246,uav0000268_05773_v
21,0.4752132890335318,1,baseline,0.09,0.7,896,1600,10,0.2666666666666666,0.125,1.0,0.0,0.0,0.4959632440812724,1985.182743557869,299.2026920001081,uav0000268_05773_v
22,0.4752132890335318,0,baseline,0.09,0.7,896,1600,9,,,,,,,,287.82378300002165,uav0000268_05773_v
23,0.4752132890335318,0,baseline,0.09,0.7,896,1600,9,,,,,,,,284.1116219997275,uav0000268_05773_v
24,0.4752132890335318,0,baseline,0.09,0.7,896,1600,9,,,,,,,,295.4681779992825,uav0000268_05773_v
25,0.4752132890335318,0,baseline,0.09,0.7,896,1600,9,,,,,,,,277.4850149999111,uav0000268_05773_v
26,0.4752132890335318,0,baseline,0.09,0.7,896,1600,9,,,,,,,,274.25250400028744,uav0000268_05773_v
27,0.4752132890335318,0,baseline,0.09,0.7,896,1600,9,,,,,,,,262.94585300001927,uav0000268_05773_v
28,0.4752132890335318,0,baseline,0.09,0.7,896,1600,9,,,,,,,,292.94603600010305,uav0000268_05773_v
29,0.4752132890335318,0,baseline,0.09,0.7,896,1600,9,,,,,,,,270.01815599942347,uav0000268_05773_v
30,0.4752132890335318,0,baseline,0.09,0.7,896,1600,9,,,,,,,,351.75005800010695,uav0000268_05773_v
31,0.4807099270668602,1,baseline,0.09,0.7,896,1600,10,0.3,0.1111111111111111,1.0,0.0,0.0,0.4971998411668453,2039.9968879993964,387.4349200004872,uav0000268_05773_v
32,0.4807099270668602,0,baseline,0.09,0.7,896,1600,9,,,,,,,,359.3335759996989,uav0000268_05773_v
33,0.4807099270668602,0,baseline,0.09,0.7,896,1600,9,,,,,,,,324.4697879999876,uav0000268_05773_v
34,0.4807099270668602,0,baseline,0.09,0.7,896,1600,9,,,,,,,,353.7153310007852,uav0000268_05773_v
35,0.4807099270668602,0,baseline,0.09,0.7,896,1600,9,,,,,,,,336.8723889998364,uav0000268_05773_v
36,0.4807099270668602,0,baseline,0.09,0.7,896,1600,9,,,,,,,,357.93636000016704,uav0000268_05773_v
37,0.4807099270668602,0,baseline,0.09,0.7,896,1600,11,,,,,,,,345.06612999939534,uav0000268_05773_v
38,0.4807099270668602,0,baseline,0.09,0.7,896,1600,10,,,,,,,,354.1033070005142,uav0000268_05773_v
39,0.4807099270668602,0,baseline,0.09,0.7,896,1600,10,,,,,,,,340.4495200002202,uav0000268_05773_v
40,0.4807099270668602,0,baseline,0.09,0.7,896,1600,10,,,,,,,,363.5025350004071,uav0000268_05773_v
41,0.4843784224532863,1,baseline,0.09,0.7,896,1600,10,0.3333333333333333,0.1,1.0,0.0,0.0,0.4990524039989905,1981.0340732476795,339.15867199993954,uav0000268_05773_v
42,0.4843784224532863,0,baseline,0.09,0.7,896,1600,10,,,,,,,,286.0844280003221,uav0000268_05773_v
43,0.4843784224532863,0,baseline,0.09,0.7,896,1600,10,,,,,,,,271.91885499996715,uav0000268_05773_v
44,0.4843784224532863,0,baseline,0.09,0.7,896,1600,10,,,,,,,,274.3352329998743,uav0000268_05773_v
45,0.4843784224532863,0,baseline,0.09,0.7,896,1600,10,,,,,,,,253.39334499949476,uav0000268_05773_v
46,0.4843784224532863,0,baseline,0.09,0.7,896,1600,11,,,,,,,,283.37575099976675,uav0000268_05773_v
47,0.4843784224532863,0,baseline,0.09,0.7,896,1600,11,,,,,,,,261.43052200040984,uav0000268_05773_v
48,0.4843784224532863,0,baseline,0.09,0.7,896,1600,11,,,,,,,,300.2658440000232,uav0000268_05773_v
49,0.4843784224532863,0,baseline,0.09,0.7,896,1600,11,,,,,,,,266.68884199989407,uav0000268_05773_v
50,0.4843784224532863,0,baseline,0.09,0.7,896,1600,11,,,,,,,,265.0529590000588,uav0000268_05773_v
51,0.4872075090309972,1,baseline,0.09,0.7,896,1600,11,0.3666666666666666,0.0909090909090909,1.0,0.0,0.0,0.5013529419195517,2030.111965618031,284.245890999955,uav0000268_05773_v
52,0.4872075090309972,0,baseline,0.09,0.7,896,1600,11,,,,,,,,291.81659999994736,uav0000268_05773_v
53,0.4872075090309972,0,baseline,0.09,0.7,896,1600,12,,,,,,,,272.08735100066406,uav0000268_05773_v
54,0.4872075090309972,0,baseline,0.09,0.7,896,1600,10,,,,,,,,288.5587159998977,uav0000268_05773_v
55,0.4872075090309972,0,baseline,0.09,0.7,896,1600,11,,,,,,,,272.855050000544,uav0000268_05773_v
56,0.4872075090309972,0,baseline,0.09,0.7,896,1600,11,,,,,,,,271.66023799964023,uav0000268_05773_v
57,0.4872075090309972,0,baseline,0.09,0.7,896,1600,11,,,,,,,,269.53603600031784,uav0000268_05773_v
58,0.4872075090309972,0,baseline,0.09,0.7,896,1600,11,,,,,,,,283.7761620003221,uav0000268_05773_v
59,0.4872075090309972,0,baseline,0.09,0.7,896,1600,12,,,,,,,,260.1303910005299,uav0000268_05773_v
60,0.4872075090309972,0,baseline,0.09,0.7,896,1600,11,,,,,,,,283.87788600048225,uav0000268_05773_v
61,0.4892282851579336,1,baseline,0.09,0.7,896,1600,12,0.3666666666666666,0.0909090909090909,1.0,0.0,0.0,0.5013529419195517,2001.8775346146044,292.11922000013146,uav0000268_05773_v
62,0.4892282851579336,0,baseline,0.09,0.7,896,1600,12,,,,,,,,265.5644279993794,uav0000268_05773_v
63,0.4892282851579336,0,baseline,0.09,0.7,896,1600,11,,,,,,,,266.1397940000825,uav0000268_05773_v
64,0.4892282851579336,0,baseline,0.09,0.7,896,1600,10,,,,,,,,276.8339960002777,uav0000268_05773_v
65,0.4892282851579336,0,baseline,0.09,0.7,896,1600,10,,,,,,,,256.9630829993912,uav0000268_05773_v
66,0.4892282851579336,0,baseline,0.09,0.7,896,1600,11,,,,,,,,275.50226699986524,uav0000268_05773_v
67,0.4892282851579336,0,baseline,0.09,0.7,896,1600,11,,,,,,,,274.4494170001417,uav0000268_05773_v
68,0.4892282851579336,0,baseline,0.09,0.7,896,1600,11,,,,,,,,318.0351310002152,uav0000268_05773_v
69,0.4892282851579336,0,baseline,0.09,0.7,896,1600,12,,,,,,,,264.21440500052995,uav0000268_05773_v
70,0.4892282851579336,0,baseline,0.09,0.7,896,1600,11,,,,,,,,289.4546489997083,uav0000268_05773_v
71,0.4988910798695766,1,baseline,0.09,0.7,896,1600,11,0.3666666666666666,0.0909090909090909,1.0,0.0,0.0,0.5013529419195517,2048.488202570674,294.45221299920377,uav0000268_05773_v
72,0.4988910798695766,0,baseline,0.09,0.7,896,1600,11,,,,,,,,281.58529400025145,uav0000268_05773_v
73,0.4988910798695766,0,baseline,0.09,0.7,896,1600,11,,,,,,,,277.3626359994523,uav0000268_05773_v
74,0.4988910798695766,0,baseline,0.09,0.7,896,1600,12,,,,,,,,265.3336519997538,uav0000268_05773_v
75,0.4988910798695766,0,baseline,0.09,0.7,896,1600,11,,,,,,,,259.8646730002656,uav0000268_05773_v
76,0.4988910798695766,0,baseline,0.09,0.7,896,1600,11,,,,,,,,284.6760940001332,uav0000268_05773_v
77,0.4988910798695766,0,baseline,0.09,0.7,896,1600,10,,,,,,,,274.60146700013865,uav0000268_05773_v
78,0.4988910798695766,0,baseline,0.09,0.7,896,1600,10,,,,,,,,365.1045200003864,uav0000268_05773_v
79,0.4988910798695766,0,baseline,0.09,0.7,896,1600,11,,,,,,,,338.4991419998187,uav0000268_05773_v
80,0.4988910798695766,0,baseline,0.09,0.7,896,1600,10,,,,,,,,334.86904599976697,uav0000268_05773_v
81,0.4993323884292505,1,baseline,0.09,0.7,896,1600,10,0.3333333333333333,0.1,1.0,0.0,0.0,0.4990524039989905,2026.696485119084,377.3571660003654,uav0000268_05773_v
82,0.4993323884292505,0,baseline,0.09,0.7,896,1600,10,,,,,,,,347.21973100022296,uav0000268_05773_v
83,0.4993323884292505,0,baseline,0.09,0.7,896,1600,11,,,,,,,,330.738640999698,uav0000268_05773_v
84,0.4993323884292505,0,baseline,0.09,0.7,896,1600,10,,,,,,,,360.8375699996032,uav0000268_05773_v
85,0.4993323884292505,0,baseline,0.09,0.7,896,1600,10,,,,,,,,332.7933700002177,uav0000268_05773_v
86,0.4993323884292505,0,baseline,0.09,0.7,896,1600,10,,,,,,,,336.7092270000285,uav0000268_05773_v
87,0.4993323884292505,0,baseline,0.09,0.7,896,1600,11,,,,,,,,328.46380200044223,uav0000268_05773_v
88,0.4993323884292505,0,baseline,0.09,0.7,896,1600,10,,,,,,,,356.8529980002495,uav0000268_05773_v
89,0.4993323884292505,0,baseline,0.09,0.7,896,1600,10,,,,,,,,310.9912179997991,uav0000268_05773_v
90,0.4993323884292505,0,baseline,0.09,0.7,896,1600,10,,,,,,,,277.9109450002579,uav0000268_05773_v
91,0.4997736969889246,1,baseline,0.09,0.7,896,1600,10,0.3333333333333333,0.1,1.0,0.0,0.0,0.4990524039989905,2036.0084040455524,307.2580250000101,uav0000268_05773_v
92,0.4997736969889246,0,baseline,0.09,0.7,896,1600,9,,,,,,,,265.1392580000902,uav0000268_05773_v
93,0.4997736969889246,0,baseline,0.09,0.7,896,1600,10,,,,,,,,252.0144350000919,uav0000268_05773_v
94,0.4997736969889246,0,baseline,0.09,0.7,896,1600,10,,,,,,,,291.47512200052006,uav0000268_05773_v
95,0.4997736969889246,0,baseline,0.09,0.7,896,1600,10,,,,,,,,271.2099059999673,uav0000268_05773_v
96,0.4997736969889246,0,baseline,0.09,0.7,896,1600,10,,,,,,,,285.2944109999953,uav0000268_05773_v
97,0.4997736969889246,0,baseline,0.09,0.7,896,1600,10,,,,,,,,286.31643999960943,uav0000268_05773_v
98,0.4997736969889246,0,baseline,0.09,0.7,896,1600,11,,,,,,,,282.96938899984525,uav0000268_05773_v
99,0.4997736969889246,0,baseline,0.09,0.7,896,1600,10,,,,,,,,262.6929769994604,uav0000268_05773_v
100,0.4997736969889246,0,baseline,0.09,0.7,896,1600,10,,,,,,,,282.54411699981574,uav0000268_05773_v
101,0.5000383488220882,1,baseline,0.09,0.7,896,1600,10,0.3333333333333333,0.1,1.0,0.0,0.0,0.4990524039989905,2008.8617980113272,295.495684999878,uav0000268_05773_v
102,0.5000383488220882,0,baseline,0.09,0.7,896,1600,10,,,,,,,,295.8296059996428,uav0000268_05773_v
103,0.5000383488220882,0,baseline,0.09,0.7,896,1600,12,,,,,,,,279.8712829999204,uav0000268_05773_v
104,0.5000383488220882,0,baseline,0.09,0.7,896,1600,10,,,,,,,,279.8839670003872,uav0000268_05773_v
105,0.5000383488220882,0,baseline,0.09,0.7,896,1600,10,,,,,,,,260.0800589998471,uav0000268_05773_v
106,0.5000383488220882,0,baseline,0.09,0.7,896,1600,10,,,,,,,,300.43677699995897,uav0000268_05773_v
107,0.5000383488220882,0,baseline,0.09,0.7,896,1600,10,,,,,,,,269.7096600004443,uav0000268_05773_v
108,0.5000383488220882,0,baseline,0.09,0.7,896,1600,10,,,,,,,,287.39037699961045,uav0000268_05773_v
109,0.5000383488220882,0,baseline,0.09,0.7,896,1600,9,,,,,,,,263.6981409996224,uav0000268_05773_v
110,0.5000383488220882,0,baseline,0.09,0.7,896,1600,10,,,,,,,,266.4314919993558,uav0000268_05773_v
111,0.5000383488220882,1,baseline,0.09,0.7,896,1600,9,0.3333333333333333,0.1,1.0,0.0,0.0,0.4990524039989905,2060.7272045812697,283.7784879993705,uav0000268_05773_v
112,0.5000383488220882,0,baseline,0.09,0.7,896,1600,9,,,,,,,,288.6589469999308,uav0000268_05773_v
113,0.5000383488220882,0,baseline,0.09,0.7,896,1600,9,,,,,,,,275.46929199979786,uav0000268_05773_v
114,0.5000383488220882,0,baseline,0.09,0.7,896,1600,10,,,,,,,,285.0908529999288,uav0000268_05773_v
115,0.5000383488220882,0,baseline,0.09,0.7,896,1600,9,,,,,,,,264.28309199945943,uav0000268_05773_v
116,0.5000383488220882,0,baseline,0.09,0.7,896,1600,9,,,,,,,,262.5750670003981,uav0000268_05773_v
117,0.5000383488220882,0,baseline,0.09,0.7,896,1600,9,,,,,,,,266.34676800040324,uav0000268_05773_v
118,0.5000383488220882,0,baseline,0.09,0.7,896,1600,9,,,,,,,,282.69024699966394,uav0000268_05773_v
119,0.5000383488220882,0,baseline,0.09,0.7,896,1600,9,,,,,,,,276.3319050000064,uav0000268_05773_v
120,0.5000383488220882,0,baseline,0.09,0.7,896,1600,9,,,,,,,,292.6811059996908,uav0000268_05773_v
121,0.4994450487145587,1,baseline,0.09,0.7,896,1600,10,0.3,0.1111111111111111,1.0,0.0,0.0,0.4971998411668453,2034.5553991367333,294.3452850004178,uav0000268_05773_v
122,0.4994450487145587,0,baseline,0.09,0.7,896,1600,9,,,,,,,,260.48326500040275,uav0000268_05773_v
123,0.4994450487145587,0,baseline,0.09,0.7,896,1600,9,,,,,,,,261.3683560002755,uav0000268_05773_v
124,0.4994450487145587,0,baseline,0.09,0.7,896,1600,9,,,,,,,,275.65480200064485,uav0000268_05773_v
125,0.4994450487145587,0,baseline,0.09,0.7,896,1600,9,,,,,,,,292.3682020000342,uav0000268_05773_v
126,0.4994450487145587,0,baseline,0.09,0.7,896,1600,9,,,,,,,,350.2719950001847,uav0000268_05773_v
127,0.4994450487145587,0,baseline,0.09,0.7,896,1600,9,,,,,,,,343.4767070002636,uav0000268_05773_v
128,0.4994450487145587,0,baseline,0.09,0.7,896,1600,10,,,,,,,,341.32610200049385,uav0000268_05773_v
129,0.4994450487145587,0,baseline,0.09,0.7,896,1600,10,,,,,,,,329.5899160002591,uav0000268_05773_v
130,0.4994450487145587,0,baseline,0.09,0.7,896,1600,10,,,,,,,,359.555642999112,uav0000268_05773_v
131,0.5022842242797071,1,baseline,0.09,0.7,896,1600,9,0.3333333333333333,0.2,1.0,0.0,0.0,0.5212271708755905,2070.9253568672834,370.4695449996507,uav0000268_05773_v
132,0.5022842242797071,0,baseline,0.09,0.7,896,1600,9,,,,,,,,345.1387639997847,uav0000268_05773_v
133,0.5022842242797071,0,baseline,0.09,0.7,896,1600,9,,,,,,,,326.7708700004732,uav0000268_05773_v
134,0.5022842242797071,0,baseline,0.09,0.7,896,1600,8,,,,,,,,352.3846699999922,uav0000268_05773_v
135,0.5022842242797071,0,baseline,0.09,0.7,896,1600,10,,,,,,,,347.97579200039763,uav0000268_05773_v
136,0.5022842242797071,0,baseline,0.09,0.7,896,1600,9,,,,,,,,371.5551110008164,uav0000268_05773_v
137,0.5022842242797071,0,baseline,0.09,0.7,896,1600,10,,,,,,,,322.59676400008175,uav0000268_05773_v
138,0.5022842242797071,0,baseline,0.09,0.7,896,1600,9,,,,,,,,272.1167340005195,uav0000268_05773_v
139,0.5022842242797071,0,baseline,0.09,0.7,896,1600,10,,,,,,,,255.8173080005872,uav0000268_05773_v
140,0.5022842242797071,0,baseline,0.09,0.7,896,1600,9,,,,,,,,263.19144100034464,uav0000268_05773_v
141,0.5052107284383045,1,baseline,0.09,0.7,896,1600,9,0.3,0.2222222222222222,1.0,0.0,0.0,0.5218384710297341,2020.1672231509128,303.5487960005412,uav0000268_05773_v
142,0.5052107284383045,0,baseline,0.09,0.7,896,1600,9,,,,,,,,282.05513800003246,uav0000268_05773_v
143,0.5052107284383045,0,baseline,0.09,0.7,896,1600,10,,,,,,,,258.47934700050246,uav0000268_05773_v
144,0.5052107284383045,0,baseline,0.09,0.7,896,1600,11,,,,,,,,284.03330499986623,uav0000268_05773_v
145,0.5052107284383045,0,baseline,0.09,0.7,896,1600,10,,,,,,,,268.54181099952257,uav0000268_05773_v
146,0.5052107284383045,0,baseline,0.09,0.7,896,1600,10,,,,,,,,259.20954899993376,uav0000268_05773_v
147,0.5052107284383045,0,baseline,0.09,0.7,896,1600,10,,,,,,,,252.40869200024463,uav0000268_05773_v
148,0.5052107284383045,0,baseline,0.09,0.7,896,1600,10,,,,,,,,288.70601000016904,uav0000268_05773_v
149,0.5052107284383045,0,baseline,0.09,0.7,896,1600,10,,,,,,,,265.7814359999975,uav0000268_05773_v
150,0.5052107284383045,0,baseline,0.09,0.7,896,1600,10,,,,,,,,276.4777270003833,uav0000268_05773_v
151,0.5083785522778188,1,baseline,0.09,0.7,896,1600,11,0.3333333333333333,0.2,1.0,0.0,0.0,0.5212271708755905,2074.6433642100187,288.71424900080456,uav0000268_05773_v
152,0.5083785522778188,0,baseline,0.09,0.7,896,1600,10,,,,,,,,265.64467099979083,uav0000268_05773_v
153,0.5083785522778188,0,baseline,0.09,0.7,896,1600,11,,,,,,,,254.38982500054408,uav0000268_05773_v
154,0.5083785522778188,0,baseline,0.09,0.7,896,1600,11,,,,,,,,282.684770000742,uav0000268_05773_v
155,0.5083785522778188,0,baseline,0.09,0.7,896,1600,10,,,,,,,,262.09474299957947,uav0000268_05773_v
156,0.5083785522778188,0,baseline,0.09,0.7,896,1600,11,,,,,,,,296.85108000012406,uav0000268_05773_v
157,0.5083785522778188,0,baseline,0.09,0.7,896,1600,13,,,,,,,,263.6785400000008,uav0000268_05773_v
158,0.5083785522778188,0,baseline,0.09,0.7,896,1600,10,,,,,,,,267.52232699982414,uav0000268_05773_v
159,0.5083785522778188,0,baseline,0.09,0.7,896,1600,11,,,,,,,,261.8263710000974,uav0000268_05773_v
160,0.5083785522778188,0,baseline,0.09,0.7,896,1600,12,,,,,,,,300.72081399976014,uav0000268_05773_v
161,0.5117236993570475,1,baseline,0.09,0.7,896,1600,11,0.4,0.1666666666666666,1.0,0.0,0.0,0.5224684335535917,2015.1540672539284,278.3248280002226,uav0000268_05773_v
162,0.5117236993570475,0,baseline,0.09,0.7,896,1600,11,,,,,,,,275.66247600043425,uav0000268_05773_v
163,0.5117236993570475,0,baseline,0.09,0.7,896,1600,11,,,,,,,,266.27794100022584,uav0000268_05773_v
164,0.5117236993570475,0,baseline,0.09,0.7,896,1600,10,,,,,,,,266.7612859995643,uav0000268_05773_v
165,0.5117236993570475,0,baseline,0.09,0.7,896,1600,10,,,,,,,,257.7433190008378,uav0000268_05773_v
166,0.5117236993570475,0,baseline,0.09,0.7,896,1600,10,,,,,,,,275.8489339994412,uav0000268_05773_v
167,0.5117236993570475,0,baseline,0.09,0.7,896,1600,10,,,,,,,,265.6490600002144,uav0000268_05773_v
168,0.5117236993570475,0,baseline,0.09,0.7,896,1600,11,,,,,,,,288.1251709995922,uav0000268_05773_v
169,0.5117236993570475,0,baseline,0.09,0.7,896,1600,11,,,,,,,,268.2606400003351,uav0000268_05773_v
170,0.5117236993570475,0,baseline,0.09,0.7,896,1600,10,,,,,,,,264.9046879996604,uav0000268_05773_v
171,0.5148915231965618,1,baseline,0.09,0.7,896,1600,10,0.3333333333333333,0.2,1.0,0.0,0.0,0.5212271708755905,2066.459492903285,307.39753099987865,uav0000268_05773_v
172,0.5148915231965618,0,baseline,0.09,0.7,896,1600,9,,,,,,,,279.5005759999185,uav0000268_05773_v
173,0.5148915231965618,0,baseline,0.09,0.7,896,1600,11,,,,,,,,270.3091690000292,uav0000268_05773_v
174,0.5148915231965618,0,baseline,0.09,0.7,896,1600,10,,,,,,,,384.6295439998357,uav0000268_05773_v
175,0.5148915231965618,0,baseline,0.09,0.7,896,1600,11,,,,,,,,355.58550899986585,uav0000268_05773_v
176,0.5148915231965618,0,baseline,0.09,0.7,896,1600,12,,,,,,,,324.9488499996005,uav0000268_05773_v
177,0.5148915231965618,0,baseline,0.09,0.7,896,1600,10,,,,,,,,335.6191399998352,uav0000268_05773_v
178,0.5148915231965618,0,baseline,0.09,0.7,896,1600,11,,,,,,,,373.657342000115,uav0000268_05773_v
179,0.5148915231965618,0,baseline,0.09,0.7,896,1600,11,,,,,,,,338.61373200033995,uav0000268_05773_v
180,0.5148915231965618,0,baseline,0.09,0.7,896,1600,11,,,,,,,,351.65499499998987,uav0000268_05773_v
181,0.5181000113250316,1,baseline,0.09,0.7,896,1600,10,0.3666666666666666,0.1818181818181818,1.0,0.0,0.0,0.521511820898279,2024.9940540096327,362.0947640001759,uav0000268_05773_v
182,0.5181000113250316,0,baseline,0.09,0.7,896,1600,10,,,,,,,,330.9856589994524,uav0000268_05773_v
183,0.5181000113250316,0,baseline,0.09,0.7,896,1600,10,,,,,,,,323.88159499987523,uav0000268_05773_v
184,0.5181000113250316,0,baseline,0.09,0.7,896,1600,10,,,,,,,,353.10890300024766,uav0000268_05773_v
185,0.5181000113250316,0,baseline,0.09,0.7,896,1600,11,,,,,,,,325.26985599997715,uav0000268_05773_v
186,0.5181000113250316,0,baseline,0.09,0.7,896,1600,11,,,,,,,,290.62682000039786,uav0000268_05773_v
187,0.5181000113250316,0,baseline,0.09,0.7,896,1600,11,,,,,,,,267.898119000165,uav0000268_05773_v
188,0.5181000113250316,0,baseline,0.09,0.7,896,1600,10,,,,,,,,273.44727799936663,uav0000268_05773_v
189,0.5181000113250316,0,baseline,0.09,0.7,896,1600,10,,,,,,,,256.45741099924635,uav0000268_05773_v
190,0.5181000113250316,0,baseline,0.09,0.7,896,1600,11,,,,,,,,275.83510099975683,uav0000268_05773_v
191,0.521573151286665,1,baseline,0.09,0.7,896,1600,11,0.3666666666666666,0.1818181818181818,1.0,0.0,0.0,0.521511820898279,2067.830546070408,282.31529999993654,uav0000268_05773_v
192,0.521573151286665,0,baseline,0.09,0.7,896,1600,11,,,,,,,,279.3742829999246,uav0000268_05773_v
193,0.521573151286665,0,baseline,0.09,0.7,896,1600,12,,,,,,,,259.20288799989066,uav0000268_05773_v
194,0.521573151286665,0,baseline,0.09,0.7,896,1600,11,,,,,,,,261.77297000049293,uav0000268_05773_v
195,0.521573151286665,0,baseline,0.09,0.7,896,1600,10,,,,,,,,259.43596999968577,uav0000268_05773_v
196,0.521573151286665,0,baseline,0.09,0.7,896,1600,10,,,,,,,,276.26387500004057,uav0000268_05773_v
197,0.521573151286665,0,baseline,0.09,0.7,896,1600,11,,,,,,,,266.49832600014633,uav0000268_05773_v
198,0.521573151286665,0,baseline,0.09,0.7,896,1600,11,,,,,,,,275.18908199999714,uav0000268_05773_v
199,0.521573151286665,0,baseline,0.09,0.7,896,1600,11,,,,,,,,256.9840300002397,uav0000268_05773_v
200,0.521573151286665,0,baseline,0.09,0.7,896,1600,11,,,,,,,,261.38953999998193,uav0000268_05773_v
201,0.5216138155756205,1,baseline,0.09,0.7,896,1600,12,0.3666666666666666,0.1818181818181818,1.0,0.0,0.0,0.521511820898279,2060.3563972711468,274.91619600004924,uav0000268_05773_v
202,0.5216138155756205,0,baseline,0.09,0.7,896,1600,12,,,,,,,,273.4959480003454,uav0000268_05773_v
203,0.5216138155756205,0,baseline,0.09,0.7,896,1600,13,,,,,,,,279.0875569999116,uav0000268_05773_v
204,0.5216138155756205,0,baseline,0.09,0.7,896,1600,13,,,,,,,,279.1095160000623,uav0000268_05773_v
205,0.5216138155756205,0,baseline,0.09,0.7,896,1600,10,,,,,,,,257.9262019999078,uav0000268_05773_v
206,0.5216138155756205,0,baseline,0.09,0.7,896,1600,12,,,,,,,,263.69205200080614,uav0000268_05773_v
207,0.5216138155756205,0,baseline,0.09,0.7,896,1600,13,,,,,,,,266.4686250000159,uav0000268_05773_v
208,0.5216138155756205,0,baseline,0.09,0.7,896,1600,12,,,,,,,,279.014658000051,uav0000268_05773_v
209,0.5216138155756205,0,baseline,0.09,0.7,896,1600,11,,,,,,,,262.3872060003123,uav0000268_05773_v
210,0.5216138155756205,0,baseline,0.09,0.7,896,1600,12,,,,,,,,276.7020900000716,uav0000268_05773_v
211,0.5217038102218859,1,baseline,0.09,0.7,896,1600,11,0.4,0.1666666666666666,1.0,0.0,0.0,0.5224684335535917,2104.157204014455,320.3573430000688,uav0000268_05773_v
212,0.5217038102218859,0,baseline,0.09,0.7,896,1600,10,,,,,,,,265.4137780000383,uav0000268_05773_v
213,0.5217038102218859,0,baseline,0.09,0.7,896,1600,10,,,,,,,,255.81117499950776,uav0000268_05773_v
214,0.5217038102218859,0,baseline,0.09,0.7,896,1600,10,,,,,,,,275.9886430003462,uav0000268_05773_v
215,0.5217038102218859,0,baseline,0.09,0.7,896,1600,10,,,,,,,,275.18467099980626,uav0000268_05773_v
216,0.5217038102218859,0,baseline,0.09,0.7,896,1600,11,,,,,,,,280.2450889994361,uav0000268_05773_v
217,0.5217038102218859,0,baseline,0.09,0.7,896,1600,11,,,,,,,,260.9242049993554,uav0000268_05773_v
218,0.5217038102218859,0,baseline,0.09,0.7,896,1600,11,,,,,,,,261.265908000496,uav0000268_05773_v
219,0.5217038102218859,0,baseline,0.09,0.7,896,1600,10,,,,,,,,257.5706079996962,uav0000268_05773_v
220,0.5217038102218859,0,baseline,0.09,0.7,896,1600,12,,,,,,,,276.14457400068204,uav0000268_05773_v
221,0.5218811334616004,1,baseline,0.09,0.7,896,1600,13,0.4,0.1666666666666666,1.0,0.0,0.0,0.5224684335535917,2063.989299041831,289.97117899962177,uav0000268_05773_v
222,0.5218811334616004,0,baseline,0.09,0.7,896,1600,12,,,,,,,,299.6178380008132,uav0000268_05773_v
223,0.5218811334616004,0,baseline,0.09,0.7,896,1600,13,,,,,,,,331.42638899971644,uav0000268_05773_v
224,0.5218811334616004,0,baseline,0.09,0.7,896,1600,13,,,,,,,,331.6023269999277,uav0000268_05773_v
225,0.5218811334616004,0,baseline,0.09,0.7,896,1600,12,,,,,,,,330.5995400005486,uav0000268_05773_v
226,0.5218811334616004,0,baseline,0.09,0.7,896,1600,12,,,,,,,,341.3901390003957,uav0000268_05773_v
227,0.5218811334616004,0,baseline,0.09,0.7,896,1600,12,,,,,,,,336.25094800027,uav0000268_05773_v
228,0.5218811334616004,0,baseline,0.09,0.7,896,1600,11,,,,,,,,359.8073769999246,uav0000268_05773_v
229,0.5218811334616004,0,baseline,0.09,0.7,896,1600,12,,,,,,,,332.1377879992724,uav0000268_05773_v
230,0.5218811334616004,0,baseline,0.09,0.7,896,1600,12,,,,,,,,327.6178070000242,uav0000268_05773_v
231,0.5218811334616003,1,baseline,0.09,0.7,896,1600,12,0.4,0.1666666666666666,1.0,0.0,0.0,0.5224684335535917,2089.399975603888,361.14042200006224,uav0000268_05773_v
232,0.5218811334616003,0,baseline,0.09,0.7,896,1600,13,,,,,,,,376.95560899919656,uav0000268_05773_v
233,0.5218811334616003,0,baseline,0.09,0.7,896,1600,12,,,,,,,,341.959837000104,uav0000268_05773_v
234,0.5218811334616003,0,baseline,0.09,0.7,896,1600,12,,,,,,,,363.3743829996092,uav0000268_05773_v
235,0.5218811334616003,0,baseline,0.09,0.7,896,1600,12,,,,,,,,286.3983000006556,uav0000268_05773_v
236,0.5218811334616003,0,baseline,0.09,0.7,896,1600,12,,,,,,,,267.3679509998692,uav0000268_05773_v
237,0.5218811334616003,0,baseline,0.09,0.7,896,1600,12,,,,,,,,257.9441329999099,uav0000268_05773_v
238,0.5218811334616003,0,baseline,0.09,0.7,896,1600,13,,,,,,,,284.67042399915954,uav0000268_05773_v
239,0.5218811334616003,0,baseline,0.09,0.7,896,1600,13,,,,,,,,265.91737499984447,uav0000268_05773_v
240,0.5218811334616003,0,baseline,0.09,0.7,896,1600,13,,,,,,,,283.5304480004197,uav0000268_05773_v
241,0.5222689576996149,1,baseline,0.09,0.7,896,1600,13,0.4333333333333333,0.1538461538461538,1.0,0.0,0.0,0.5239419405416924,2034.4764506968224,293.2038929993724,uav0000268_05773_v
242,0.5222689576996149,0,baseline,0.09,0.7,896,1600,13,,,,,,,,263.3679330001541,uav0000268_05773_v
243,0.5222689576996149,0,baseline,0.09,0.7,896,1600,14,,,,,,,,253.77764199947703,uav0000268_05773_v
244,0.5222689576996149,0,baseline,0.09,0.7,896,1600,12,,,,,,,,285.8352359999117,uav0000268_05773_v
245,0.5222689576996149,0,baseline,0.09,0.7,896,1600,14,,,,,,,,270.03033999972104,uav0000268_05773_v
246,0.5222689576996149,0,baseline,0.09,0.7,896,1600,15,,,,,,,,300.3357950001373,uav0000268_05773_v
247,0.5222689576996149,0,baseline,0.09,0.7,896,1600,14,,,,,,,,272.3874590001288,uav0000268_05773_v
248,0.5222689576996149,0,baseline,0.09,0.7,896,1600,14,,,,,,,,263.7185880003017,uav0000268_05773_v
249,0.5222689576996149,0,baseline,0.09,0.7,896,1600,13,,,,,,,,262.6862019997134,uav0000268_05773_v
250,0.5222689576996149,0,baseline,0.09,0.7,896,1600,13,,,,,,,,294.6005760004482,uav0000268_05773_v
251,0.5226161176486739,1,baseline,0.09,0.7,896,1600,15,0.4333333333333333,0.1538461538461538,1.0,0.0,0.0,0.5239419405416924,2110.706823495069,297.882804999972,uav0000268_05773_v
252,0.5226161176486739,0,baseline,0.09,0.7,896,1600,16,,,,,,,,287.1660669998164,uav0000268_05773_v
253,0.5226161176486739,0,baseline,0.09,0.7,896,1600,16,,,,,,,,273.8188880002781,uav0000268_05773_v
254,0.5226161176486739,0,baseline,0.09,0.7,896,1600,15,,,,,,,,269.4682420005847,uav0000268_05773_v
255,0.5226161176486739,0,baseline,0.09,0.7,896,1600,14,,,,,,,,262.6616950001335,uav0000268_05773_v
256,0.5226161176486739,0,baseline,0.09,0.7,896,1600,15,,,,,,,,290.851560000192,uav0000268_05773_v
257,0.5226161176486739,0,baseline,0.09,0.7,896,1600,14,,,,,,,,275.7497369993871,uav0000268_05773_v
258,0.5226161176486739,0,baseline,0.09,0.7,896,1600,16,,,,,,,,289.85366500000964,uav0000268_05773_v
259,0.5226161176486739,0,baseline,0.09,0.7,896,1600,16,,,,,,,,275.4156270002568,uav0000268_05773_v
260,0.5226161176486739,0,baseline,0.09,0.7,896,1600,16,,,,,,,,277.2575200006031,uav0000268_05773_v
261,0.5238993790387404,1,baseline,0.09,0.7,896,1600,15,0.5333333333333333,0.125,1.0,0.0,0.0,0.5304946506287445,2091.561928127765,292.78498999974545,uav0000268_05773_v
262,0.5238993790387404,0,baseline,0.09,0.7,896,1600,15,,,,,,,,297.17677700045897,uav0000268_05773_v
263,0.5238993790387404,0,baseline,0.09,0.7,896,1600,14,,,,,,,,260.70006099962484,uav0000268_05773_v
264,0.5238993790387404,0,baseline,0.09,0.7,896,1600,14,,,,,,,,294.3471030002911,uav0000268_05773_v
265,0.5238993790387404,0,baseline,0.09,0.7,896,1600,13,,,,,,,,273.0668659996809,uav0000268_05773_v
266,0.5238993790387404,0,baseline,0.09,0.7,896,1600,13,,,,,,,,276.857748999646,uav0000268_05773_v
267,0.5238993790387404,0,baseline,0.09,0.7,896,1600,14,,,,,,,,261.129862999951,uav0000268_05773_v
268,0.5238993790387404,0,baseline,0.09,0.7,896,1600,16,,,,,,,,285.46490000007907,uav0000268_05773_v
269,0.5238993790387404,0,baseline,0.09,0.7,896,1600,17,,,,,,,,283.6595890003082,uav0000268_05773_v
270,0.5238993790387404,0,baseline,0.09,0.7,896,1600,16,,,,,,,,295.6058919999123,uav0000268_05773_v
271,0.525182640428807,1,baseline,0.09,0.7,896,1600,16,0.5333333333333333,0.125,1.0,0.0,0.0,0.5304946506287445,2135.3156920978327,383.3765569997922,uav0000268_05773_v
272,0.525182640428807,0,baseline,0.09,0.7,896,1600,15,,,,,,,,352.9528150002079,uav0000268_05773_v
273,0.525182640428807,0,baseline,0.09,0.7,896,1600,15,,,,,,,,334.0151749998768,uav0000268_05773_v
274,0.525182640428807,0,baseline,0.09,0.7,896,1600,15,,,,,,,,361.46508999991056,uav0000268_05773_v
275,0.525182640428807,0,baseline,0.09,0.7,896,1600,16,,,,,,,,363.54088699954445,uav0000268_05773_v
276,0.525182640428807,0,baseline,0.09,0.7,896,1600,14,,,,,,,,356.7345609999393,uav0000268_05773_v
277,0.525182640428807,0,baseline,0.09,0.7,896,1600,14,,,,,,,,371.8233100007637,uav0000268_05773_v
278,0.525182640428807,0,baseline,0.09,0.7,896,1600,14,,,,,,,,346.79347699966456,uav0000268_05773_v
279,0.525182640428807,0,baseline,0.09,0.7,896,1600,16,,,,,,,,315.6203580001602,uav0000268_05773_v
280,0.525182640428807,0,baseline,0.09,0.7,896,1600,16,,,,,,,,358.8263689998712,uav0000268_05773_v
281,0.5263292428681146,1,baseline,0.09,0.7,896,1600,16,0.5333333333333333,0.125,1.0,0.0,0.0,0.5304946506287445,2050.449153455161,399.359805000131,uav0000268_05773_v
282,0.5263292428681146,0,baseline,0.09,0.7,896,1600,16,,,,,,,,320.29105400033586,uav0000268_05773_v
283,0.5263292428681146,0,baseline,0.09,0.7,896,1600,17,,,,,,,,264.7264920005909,uav0000268_05773_v
284,0.5263292428681146,0,baseline,0.09,0.7,896,1600,16,,,,,,,,279.7940930004188,uav0000268_05773_v
285,0.5263292428681146,0,baseline,0.09,0.7,896,1600,16,,,,,,,,256.86388299982355,uav0000268_05773_v
286,0.5263292428681146,0,baseline,0.09,0.7,896,1600,16,,,,,,,,288.4388709999257,uav0000268_05773_v
287,0.5263292428681146,0,baseline,0.09,0.7,896,1600,16,,,,,,,,266.2471390003702,uav0000268_05773_v
288,0.5263292428681146,0,baseline,0.09,0.7,896,1600,16,,,,,,,,293.4831020002093,uav0000268_05773_v
289,0.5263292428681146,0,baseline,0.09,0.7,896,1600,16,,,,,,,,276.383545000499,uav0000268_05773_v
290,0.5263292428681146,0,baseline,0.09,0.7,896,1600,17,,,,,,,,264.0407079998113,uav0000268_05773_v
291,0.5278595493437048,1,baseline,0.09,0.7,896,1600,17,0.5666666666666667,0.1176470588235294,1.0,0.0,0.0,0.5331805788827226,2084.3769221526823,279.3739099997765,uav0000268_05773_v
292,0.5278595493437048,0,baseline,0.09,0.7,896,1600,15,,,,,,,,303.04921999959333,uav0000268_05773_v
293,0.5278595493437048,0,baseline,0.09,0.7,896,1600,14,,,,,,,,262.4403629997687,uav0000268_05773_v
294,0.5278595493437048,0,baseline,0.09,0.7,896,1600,16,,,,,,,,283.1728520004617,uav0000268_05773_v
295,0.5278595493437048,0,baseline,0.09,0.7,896,1600,15,,,,,,,,271.36117899954115,uav0000268_05773_v
296,0.5278595493437048,0,baseline,0.09,0.7,896,1600,17,,,,,,,,273.87295799962885,uav0000268_05773_v
297,0.5278595493437048,0,baseline,0.09,0.7,896,1600,15,,,,,,,,255.9998250007993,uav0000268_05773_v
298,0.5278595493437048,0,baseline,0.09,0.7,896,1600,14,,,,,,,,284.1912799995044,uav0000268_05773_v
299,0.5278595493437048,0,baseline,0.09,0.7,896,1600,14,,,,,,,,280.8566880003127,uav0000268_05773_v
300,0.5278595493437048,0,baseline,0.09,0.7,896,1600,15,,,,,,,,288.141865000398,uav0000268_05773_v
301,0.5265416222835194,1,baseline,0.09,0.7,896,1600,13,0.5,0.0666666666666666,1.0,0.0,0.0,0.5132429441322939,2055.231403112006,302.3996179999813,uav0000268_05773_v
302,0.5265416222835194,0,baseline,0.09,0.7,896,1600,13,,,,,,,,263.16767999924195,uav0000268_05773_v
303,0.5265416222835194,0,baseline,0.09,0.7,896,1600,14,,,,,,,,264.24615799987805,uav0000268_05773_v
304,0.5265416222835194,0,baseline,0.09,0.7,896,1600,17,,,,,,,,280.96427399941604,uav0000268_05773_v
305,0.5265416222835194,0,baseline,0.09,0.7,896,1600,15,,,,,,,,273.4851959994557,uav0000268_05773_v
306,0.5265416222835194,0,baseline,0.09,0.7,896,1600,16,,,,,,,,287.05747599997267,uav0000268_05773_v
307,0.5265416222835194,0,baseline,0.09,0.7,896,1600,16,,,,,,,,288.2198890001746,uav0000268_05773_v
308,0.5265416222835194,0,baseline,0.09,0.7,896,1600,16,,,,,,,,264.8711619995084,uav0000268_05773_v
309,0.5265416222835194,0,baseline,0.09,0.7,896,1600,18,,,,,,,,266.1078089995499,uav0000268_05773_v
310,0.5265416222835194,0,baseline,0.09,0.7,896,1600,17,,,,,,,,284.13507499953994,uav0000268_05773_v
311,0.5315882793367084,1,baseline,0.09,0.7,896,1600,14,0.5666666666666667,0.2352941176470588,1.0,0.0,0.0,0.5592685399140166,2097.178157674876,295.146033000492,uav0000268_05773_v
312,0.5315882793367084,0,baseline,0.09,0.7,896,1600,15,,,,,,,,295.4453809998085,uav0000268_05773_v
313,0.5315882793367084,0,baseline,0.09,0.7,896,1600,17,,,,,,,,296.0948840000128,uav0000268_05773_v
314,0.5315882793367084,0,baseline,0.09,0.7,896,1600,16,,,,,,,,289.0217659996779,uav0000268_05773_v
315,0.5315882793367084,0,baseline,0.09,0.7,896,1600,14,,,,,,,,256.5584399999352,uav0000268_05773_v
316,0.5315882793367084,0,baseline,0.09,0.7,896,1600,17,,,,,,,,288.6601640002482,uav0000268_05773_v
317,0.5315882793367084,0,baseline,0.09,0.7,896,1600,15,,,,,,,,284.6553239996865,uav0000268_05773_v
318,0.5315882793367084,0,baseline,0.09,0.7,896,1600,16,,,,,,,,355.11423600019043,uav0000268_05773_v
319,0.5315882793367084,0,baseline,0.09,0.7,896,1600,16,,,,,,,,369.2188659997555,uav0000268_05773_v
320,0.5315882793367084,0,baseline,0.09,0.7,896,1600,15,,,,,,,,365.163247000055,uav0000268_05773_v
321,0.5300598512782229,1,baseline,0.09,0.7,896,1600,16,0.5,0.0666666666666666,1.0,0.0,0.0,0.5132429441322939,1955.5195955190616,390.84341899979336,uav0000268_05773_v
322,0.5300598512782229,0,baseline,0.09,0.7,896,1600,14,,,,,,,,405.16278099948977,uav0000268_05773_v
323,0.5300598512782229,0,baseline,0.09,0.7,896,1600,15,,,,,,,,373.011853999742,uav0000268_05773_v
324,0.5300598512782229,0,baseline,0.09,0.7,896,1600,14,,,,,,,,376.71512399992935,uav0000268_05773_v
325,0.5300598512782229,0,baseline,0.09,0.7,896,1600,14,,,,,,,,362.8975819992775,uav0000268_05773_v
326,0.5300598512782229,0,baseline,0.09,0.7,896,1600,14,,,,,,,,353.4242279993123,uav0000268_05773_v
327,0.5300598512782229,0,baseline,0.09,0.7,896,1600,15,,,,,,,,348.5248169999977,uav0000268_05773_v
328,0.5300598512782229,0,baseline,0.09,0.7,896,1600,14,,,,,,,,358.1249219996607,uav0000268_05773_v
329,0.5300598512782229,0,baseline,0.09,0.7,896,1600,13,,,,,,,,371.4836479994119,uav0000268_05773_v
330,0.5300598512782229,0,baseline,0.09,0.7,896,1600,14,,,,,,,,355.0415300005625,uav0000268_05773_v
331,0.5271295382732163,1,baseline,0.09,0.7,896,1600,13,0.4666666666666667,0.0714285714285714,1.0,0.0,0.0,0.5099824595936979,2044.7509302152655,321.6713109995908,uav0000268_05773_v
332,0.5271295382732163,0,baseline,0.09,0.7,896,1600,14,,,,,,,,283.3839069999158,uav0000268_05773_v
333,0.5271295382732163,0,baseline,0.09,0.7,896,1600,14,,,,,,,,276.41982099976303,uav0000268_05773_v
334,0.5271295382732163,0,baseline,0.09,0.7,896,1600,13,,,,,,,,284.09074299997883,uav0000268_05773_v
335,0.5271295382732163,0,baseline,0.09,0.7,896,1600,14,,,,,,,,275.3465529995083,uav0000268_05773_v
336,0.5271295382732163,0,baseline,0.09,0.7,896,1600,15,,,,,,,,288.86045399940485,uav0000268_05773_v
337,0.5271295382732163,0,baseline,0.09,0.7,896,1600,15,,,,,,,,271.62290700016456,uav0000268_05773_v
338,0.5271295382732163,0,baseline,0.09,0.7,896,1600,14,,,,,,,,269.7735840001769,uav0000268_05773_v
339,0.5271295382732163,0,baseline,0.09,0.7,896,1600,14,,,,,,,,258.3402449999994,uav0000268_05773_v
340,0.5271295382732163,0,baseline,0.09,0.7,896,1600,14,,,,,,,,278.80417599953944,uav0000268_05773_v
341,0.5241992252682097,1,baseline,0.09,0.7,896,1600,14,0.4666666666666667,0.0714285714285714,1.0,0.0,0.0,0.5099824595936979,1930.4366295412133,293.7648719998833,uav0000268_05773_v
342,0.5241992252682097,0,baseline,0.09,0.7,896,1600,15,,,,,,,,291.12111699942034,uav0000268_05773_v
343,0.5241992252682097,0,baseline,0.09,0.7,896,1600,14,,,,,,,,274.2781940005443,uav0000268_05773_v
344,0.5241992252682097,0,baseline,0.09,0.7,896,1600,14,,,,,,,,280.97038899977633,uav0000268_05773_v
345,0.5241992252682097,0,baseline,0.09,0.7,896,1600,15,,,,,,,,259.1525420002654,uav0000268_05773_v
346,0.5241992252682097,0,baseline,0.09,0.7,896,1600,16,,,,,,,,279.16126099989924,uav0000268_05773_v
347,0.5241992252682097,0,baseline,0.09,0.7,896,1600,15,,,,,,,,265.5162470000505,uav0000268_05773_v
348,0.5241992252682097,0,baseline,0.09,0.7,896,1600,14,,,,,,,,290.74741099975654,uav0000268_05773_v
349,0.5241992252682097,0,baseline,0.09,0.7,896,1600,14,,,,,,,,268.64760300031776,uav0000268_05773_v
350,0.5241992252682097,0,baseline,0.09,0.7,896,1600,15,,,,,,,,277.38001299985626,uav0000268_05773_v
351,0.5217346957687168,1,baseline,0.09,0.7,896,1600,15,0.5,0.0666666666666666,1.0,0.0,0.0,0.5132429441322939,2007.5784315581068,298.953459000586,uav0000268_05773_v
352,0.5217346957687168,0,baseline,0.09,0.7,896,1600,14,,,,,,,,291.6179909998391,uav0000268_05773_v
353,0.5217346957687168,0,baseline,0.09,0.7,896,1600,14,,,,,,,,269.79237599971384,uav0000268_05773_v
354,0.5217346957687168,0,baseline,0.09,0.7,896,1600,13,,,,,,,,284.85209599966765,uav0000268_05773_v
355,0.5217346957687168,0,baseline,0.09,0.7,896,1600,15,,,,,,,,270.001898999908,uav0000268_05773_v
356,0.5217346957687168,0,baseline,0.09,0.7,896,1600,13,,,,,,,,267.50593399992795,uav0000268_05773_v
357,0.5217346957687168,0,baseline,0.09,0.7,896,1600,14,,,,,,,,260.305623000022,uav0000268_05773_v
358,0.5217346957687168,0,baseline,0.09,0.7,896,1600,15,,,,,,,,276.2165519998234,uav0000268_05773_v
359,0.5217346957687168,0,baseline,0.09,0.7,896,1600,15,,,,,,,,282.4881530004859,uav0000268_05773_v
360,0.5217346957687168,0,baseline,0.09,0.7,896,1600,14,,,,,,,,278.7909810003839,uav0000268_05773_v
361,0.522946141355305,1,baseline,0.09,0.7,896,1600,14,0.4666666666666667,0.2142857142857142,1.0,0.0,0.0,0.5416606979888406,1940.4828324043672,286.9949080004517,uav0000268_05773_v
362,0.522946141355305,0,baseline,0.09,0.7,896,1600,14,,,,,,,,268.4032010001829,uav0000268_05773_v
363,0.522946141355305,0,baseline,0.09,0.7,896,1600,14,,,,,,,,272.8817159995742,uav0000268_05773_v
364,0.522946141355305,0,baseline,0.09,0.7,896,1600,14,,,,,,,,285.357214999749,uav0000268_05773_v
365,0.522946141355305,0,baseline,0.09,0.7,896,1600,14,,,,,,,,262.5016649999452,uav0000268_05773_v
366,0.522946141355305,0,baseline,0.09,0.7,896,1600,14,,,,,,,,330.668622000303,uav0000268_05773_v
367,0.522946141355305,0,baseline,0.09,0.7,896,1600,16,,,,,,,,343.442757000048,uav0000268_05773_v
368,0.522946141355305,0,baseline,0.09,0.7,896,1600,14,,,,,,,,357.6466710001114,uav0000268_05773_v
369,0.522946141355305,0,baseline,0.09,0.7,896,1600,15,,,,,,,,345.27730400077417,uav0000268_05773_v
370,0.522946141355305,0,baseline,0.09,0.7,896,1600,14,,,,,,,,351.7977970004722,uav0000268_05773_v
371,0.52474308916373,1,baseline,0.09,0.7,896,1600,14,0.4666666666666667,0.1428571428571428,1.0,0.0,0.0,0.5258215787912693,2061.4913822014087,369.9655469999925,uav0000268_05773_v
372,0.52474308916373,0,baseline,0.09,0.7,896,1600,15,,,,,,,,350.730169999224,uav0000268_05773_v
373,0.52474308916373,0,baseline,0.09,0.7,896,1600,14,,,,,,,,337.57534500000475,uav0000268_05773_v
374,0.52474308916373,0,baseline,0.09,0.7,896,1600,16,,,,,,,,344.19521400013764,uav0000268_05773_v
375,0.52474308916373,0,baseline,0.09,0.7,896,1600,14,,,,,,,,334.70794200002274,uav0000268_05773_v
376,0.52474308916373,0,baseline,0.09,0.7,896,1600,14,,,,,,,,386.5773839997928,uav0000268_05773_v
377,0.52474308916373,0,baseline,0.09,0.7,896,1600,14,,,,,,,,362.3973889998524,uav0000268_05773_v
378,0.52474308916373,0,baseline,0.09,0.7,896,1600,14,,,,,,,,315.16683400059264,uav0000268_05773_v
379,0.52474308916373,0,baseline,0.09,0.7,896,1600,14,,,,,,,,284.3345119999867,uav0000268_05773_v
380,0.52474308916373,0,baseline,0.09,0.7,896,1600,14,,,,,,,,264.6619590004775,uav0000268_05773_v
381,0.5199649518604804,1,baseline,0.09,0.7,896,1600,14,0.4666666666666667,0.1428571428571428,1.0,0.0,0.0,0.5258215787912693,2006.647542406777,287.8025650006748,uav0000268_05773_v
382,0.5199649518604804,0,baseline,0.09,0.7,896,1600,14,,,,,,,,281.5375959999073,uav0000268_05773_v
383,0.5199649518604804,0,baseline,0.09,0.7,896,1600,15,,,,,,,,274.77509199979977,uav0000268_05773_v
384,0.5199649518604804,0,baseline,0.09,0.7,896,1600,14,,,,,,,,278.50559299986344,uav0000268_05773_v
385,0.5199649518604804,0,baseline,0.09,0.7,896,1600,14,,,,,,,,269.5743100002801,uav0000268_05773_v
386,0.5199649518604804,0,baseline,0.09,0.7,896,1600,16,,,,,,,,264.1236070003288,uav0000268_05773_v
387,0.5199649518604804,0,baseline,0.09,0.7,896,1600,16,,,,,,,,267.1835069995723,uav0000268_05773_v
388,0.5199649518604804,0,baseline,0.09,0.7,896,1600,14,,,,,,,,283.7031070002922,uav0000268_05773_v
389,0.5199649518604804,0,baseline,0.09,0.7,896,1600,13,,,,,,,,272.24116300021706,uav0000268_05773_v
390,0.5199649518604804,0,baseline,0.09,0.7,896,1600,13,,,,,,,,282.6374090000172,uav0000268_05773_v
391,0.5214933799189658,1,baseline,0.09,0.7,896,1600,15,0.4333333333333333,0.1538461538461538,1.0,0.0,0.0,0.5239419405416924,2024.6122105598988,292.99094900034106,uav0000268_05773_v
392,0.5214933799189658,0,baseline,0.09,0.7,896,1600,13,,,,,,,,266.2187259993516,uav0000268_05773_v
393,0.5214933799189658,0,baseline,0.09,0.7,896,1600,15,,,,,,,,258.9300079998793,uav0000268_05773_v
394,0.5214933799189658,0,baseline,0.09,0.7,896,1600,15,,,,,,,,289.3614750000779,uav0000268_05773_v
395,0.5214933799189658,0,baseline,0.09,0.7,896,1600,15,,,,,,,,272.33008700022765,uav0000268_05773_v
396,0.5214933799189658,0,baseline,0.09,0.7,896,1600,14,,,,,,,,282.8076149999106,uav0000268_05773_v
397,0.5214933799189658,0,baseline,0.09,0.7,896,1600,14,,,,,,,,261.77333499981614,uav0000268_05773_v
398,0.5214933799189658,0,baseline,0.09,0.7,896,1600,13,,,,,,,,263.07300600001327,uav0000268_05773_v
399,0.5214933799189658,0,baseline,0.09,0.7,896,1600,14,,,,,,,,263.9030499994988,uav0000268_05773_v
400,0.5214933799189658,0,baseline,0.09,0.7,896,1600,14,,,,,,,,279.3269510002574,uav0000268_05773_v
401,0.5237561112329047,1,baseline,0.09,0.7,896,1600,14,0.4666666666666667,0.1428571428571428,1.0,0.0,0.0,0.5258215787912693,1988.532359850689,285.8809969993672,uav0000268_05773_v
402,0.5237561112329047,0,baseline,0.09,0.7,896,1600,14,,,,,,,,302.8119880000304,uav0000268_05773_v
403,0.5237561112329047,0,baseline,0.09,0.7,896,1600,13,,,,,,,,274.4790950000606,uav0000268_05773_v
404,0.5237561112329047,0,baseline,0.09,0.7,896,1600,13,,,,,,,,274.9618019997797,uav0000268_05773_v
405,0.5237561112329047,0,baseline,0.09,0.7,896,1600,12,,,,,,,,259.7637709995979,uav0000268_05773_v
406,0.5237561112329047,0,baseline,0.09,0.7,896,1600,12,,,,,,,,283.46917599992594,uav0000268_05773_v
407,0.5237561112329047,0,baseline,0.09,0.7,896,1600,13,,,,,,,,269.16737600004126,uav0000268_05773_v
408,0.5237561112329047,0,baseline,0.09,0.7,896,1600,12,,,,,,,,282.8644910005096,uav0000268_05773_v
409,0.5237561112329047,0,baseline,0.09,0.7,896,1600,11,,,,,,,,272.0286200001283,uav0000268_05773_v
410,0.5237561112329047,0,baseline,0.09,0.7,896,1600,12,,,,,,,,282.3757080004725,uav0000268_05773_v
411,0.5255398217986037,1,baseline,0.09,0.7,896,1600,11,0.4,0.1666666666666666,1.0,0.0,0.0,0.5224684335535917,2059.842816701999,287.9748010000185,uav0000268_05773_v
412,0.5255398217986037,0,baseline,0.09,0.7,896,1600,11,,,,,,,,279.83457499976794,uav0000268_05773_v
413,0.5255398217986037,0,baseline,0.09,0.7,896,1600,13,,,,,,,,270.97593000053166,uav0000268_05773_v
414,0.5255398217986037,0,baseline,0.09,0.7,896,1600,12,,,,,,,,333.6510930002987,uav0000268_05773_v
415,0.5255398217986037,0,baseline,0.09,0.7,896,1600,11,,,,,,,,349.7190829993997,uav0000268_05773_v
416,0.5255398217986037,0,baseline,0.09,0.7,896,1600,13,,,,,,,,342.2608840000976,uav0000268_05773_v
417,0.5255398217986037,0,baseline,0.09,0.7,896,1600,13,,,,,,,,336.35612999933073,uav0000268_05773_v
418,0.5255398217986037,0,baseline,0.09,0.7,896,1600,12,,,,,,,,359.9550990002172,uav0000268_05773_v
419,0.5255398217986037,0,baseline,0.09,0.7,896,1600,14,,,,,,,,372.7862189998632,uav0000268_05773_v
420,0.5255398217986037,0,baseline,0.09,0.7,896,1600,13,,,,,,,,357.6069959999586,uav0000268_05773_v
421,0.5270682498570892,1,baseline,0.09,0.7,896,1600,12,0.4333333333333333,0.1538461538461538,1.0,0.0,0.0,0.5239419405416924,2014.6891736111077,365.8482680002635,uav0000268_05773_v
422,0.5270682498570892,0,baseline,0.09,0.7,896,1600,11,,,,,,,,357.0517440002732,uav0000268_05773_v
423,0.5270682498570892,0,baseline,0.09,0.7,896,1600,11,,,,,,,,328.5069980001936,uav0000268_05773_v
424,0.5270682498570892,0,baseline,0.09,0.7,896,1600,14,,,,,,,,351.58933399998205,uav0000268_05773_v
425,0.5270682498570892,0,baseline,0.09,0.7,896,1600,12,,,,,,,,343.8234390005164,uav0000268_05773_v
426,0.5270682498570892,0,baseline,0.09,0.7,896,1600,12,,,,,,,,348.6596630000349,uav0000268_05773_v
427,0.5270682498570892,0,baseline,0.09,0.7,896,1600,13,,,,,,,,262.8196800005753,uav0000268_05773_v
428,0.5270682498570892,0,baseline,0.09,0.7,896,1600,13,,,,,,,,272.32581000043865,uav0000268_05773_v
429,0.5270682498570892,0,baseline,0.09,0.7,896,1600,12,,,,,,,,270.7885569998325,uav0000268_05773_v
430,0.5270682498570892,0,baseline,0.09,0.7,896,1600,13,,,,,,,,278.0730360000234,uav0000268_05773_v
431,0.5245369987932109,1,baseline,0.09,0.7,896,1600,13,0.4333333333333333,0.1538461538461538,1.0,0.0,0.0,0.5239419405416924,2049.4537569537883,300.1768889998857,uav0000268_05773_v
432,0.5245369987932109,0,baseline,0.09,0.7,896,1600,14,,,,,,,,294.2346139998335,uav0000268_05773_v
433,0.5245369987932109,0,baseline,0.09,0.7,896,1600,13,,,,,,,,280.25627999977587,uav0000268_05773_v
434,0.5245369987932109,0,baseline,0.09,0.7,896,1600,13,,,,,,,,259.55783399967913,uav0000268_05773_v
435,0.5245369987932109,0,baseline,0.09,0.7,896,1600,13,,,,,,,,256.11518599998817,uav0000268_05773_v
436,0.5245369987932109,0,baseline,0.09,0.7,896,1600,13,,,,,,,,293.7031470000875,uav0000268_05773_v
437,0.5245369987932109,0,baseline,0.09,0.7,896,1600,14,,,,,,,,260.8592540000245,uav0000268_05773_v
438,0.5245369987932109,0,baseline,0.09,0.7,896,1600,12,,,,,,,,273.74598900041747,uav0000268_05773_v
439,0.5245369987932109,0,baseline,0.09,0.7,896,1600,12,,,,,,,,264.0695800000685,uav0000268_05773_v
440,0.5245369987932109,0,baseline,0.09,0.7,896,1600,13,,,,,,,,269.92165399951773,uav0000268_05773_v
441,0.5242684790432713,1,baseline,0.09,0.7,896,1600,12,0.4333333333333333,0.1538461538461538,1.0,0.0,0.0,0.5239419405416924,2003.0357247413103,279.9668710003971,uav0000268_05773_v
442,0.5242684790432713,0,baseline,0.09,0.7,896,1600,12,,,,,,,,274.8351129994262,uav0000268_05773_v
443,0.5242684790432713,0,baseline,0.09,0.7,896,1600,13,,,,,,,,271.1419300003399,uav0000268_05773_v
444,0.5242684790432713,0,baseline,0.09,0.7,896,1600,13,,,,,,,,295.96959199989215,uav0000268_05773_v
445,0.5242684790432713,0,baseline,0.09,0.7,896,1600,15,,,,,,,,267.42185199964297,uav0000268_05773_v
446,0.5242684790432713,0,baseline,0.09,0.7,896,1600,14,,,,,,,,264.7817060005764,uav0000268_05773_v
447,0.5242684790432713,0,baseline,0.09,0.7,896,1600,11,,,,,,,,256.9916180000291,uav0000268_05773_v
448,0.5242684790432713,0,baseline,0.09,0.7,896,1600,13,,,,,,,,289.2887759999212,uav0000268_05773_v
449,0.5242684790432713,0,baseline,0.09,0.7,896,1600,12,,,,,,,,260.51545000063925,uav0000268_05773_v
450,0.5242684790432713,0,baseline,0.09,0.7,896,1600,13,,,,,,,,287.5502429997141,uav0000268_05773_v
451,0.5239999592933319,1,baseline,0.09,0.7,896,1600,13,0.4333333333333333,0.1538461538461538,1.0,0.0,0.0,0.5239419405416924,2053.7826786004625,304.07866800032934,uav0000268_05773_v
452,0.5239999592933319,0,baseline,0.09,0.7,896,1600,13,,,,,,,,263.4301609996328,uav0000268_05773_v
453,0.5239999592933319,0,baseline,0.09,0.7,896,1600,13,,,,,,,,259.9154300005466,uav0000268_05773_v
454,0.5239999592933319,0,baseline,0.09,0.7,896,1600,12,,,,,,,,299.248188999627,uav0000268_05773_v
455,0.5239999592933319,0,baseline,0.09,0.7,896,1600,13,,,,,,,,270.9549960000004,uav0000268_05773_v
456,0.5239999592933319,0,baseline,0.09,0.7,896,1600,13,,,,,,,,282.1326270004647,uav0000268_05773_v
457,0.5239999592933319,0,baseline,0.09,0.7,896,1600,12,,,,,,,,271.90569499998674,uav0000268_05773_v
458,0.5239999592933319,0,baseline,0.09,0.7,896,1600,12,,,,,,,,271.1963609999657,uav0000268_05773_v
459,0.5239999592933319,0,baseline,0.09,0.7,896,1600,13,,,,,,,,272.50113200079795,uav0000268_05773_v
460,0.5239999592933319,0,baseline,0.09,0.7,896,1600,14,,,,,,,,283.88494299997546,uav0000268_05773_v
461,0.528793941671149,1,baseline,0.09,0.7,896,1600,15,0.4666666666666667,0.2857142857142857,1.0,0.0,0.0,0.5574998171864121,2028.1866911542736,294.6595290004552,uav0000268_05773_v
462,0.528793941671149,0,baseline,0.09,0.7,896,1600,14,,,,,,,,279.27623499999754,uav0000268_05773_v
463,0.528793941671149,0,baseline,0.09,0.7,896,1600,13,,,,,,,,346.2548159996004,uav0000268_05773_v
464,0.528793941671149,0,baseline,0.09,0.7,896,1600,14,,,,,,,,335.55319599963696,uav0000268_05773_v
465,0.528793941671149,0,baseline,0.09,0.7,896,1600,15,,,,,,,,337.33764800035715,uav0000268_05773_v
466,0.528793941671149,0,baseline,0.09,0.7,896,1600,16,,,,,,,,361.2917770005879,uav0000268_05773_v
467,0.528793941671149,0,baseline,0.09,0.7,896,1600,16,,,,,,,,338.6458530003438,uav0000268_05773_v
468,0.528793941671149,0,baseline,0.09,0.7,896,1600,16,,,,,,,,361.76065699964965,uav0000268_05773_v
469,0.528793941671149,0,baseline,0.09,0.7,896,1600,16,,,,,,,,342.4492959993586,uav0000268_05773_v
470,0.528793941671149,0,baseline,0.09,0.7,896,1600,16,,,,,,,,341.7911609994917,uav0000268_05773_v
471,0.5354011930613061,1,baseline,0.09,0.7,896,1600,16,0.5333333333333333,0.3125,1.0,0.0,0.0,0.5720723385223694,2066.483079368008,369.0873309997187,uav0000268_05773_v
472,0.5354011930613061,0,baseline,0.09,0.7,896,1600,18,,,,,,,,354.2129549996389,uav0000268_05773_v
473,0.5354011930613061,0,baseline,0.09,0.7,896,1600,15,,,,,,,,357.0715910000217,uav0000268_05773_v
474,0.5354011930613061,0,baseline,0.09,0.7,896,1600,16,,,,,,,,360.49856299996463,uav0000268_05773_v
475,0.5354011930613061,0,baseline,0.09,0.7,896,1600,15,,,,,,,,268.3178699999189,uav0000268_05773_v
476,0.5354011930613061,0,baseline,0.09,0.7,896,1600,17,,,,,,,,266.57706200057874,uav0000268_05773_v
477,0.5354011930613061,0,baseline,0.09,0.7,896,1600,16,,,,,,,,264.5361969998703,uav0000268_05773_v
478,0.5354011930613061,0,baseline,0.09,0.7,896,1600,16,,,,,,,,280.5653280001934,uav0000268_05773_v
479,0.5354011930613061,0,baseline,0.09,0.7,896,1600,16,,,,,,,,266.80008600033034,uav0000268_05773_v
480,0.5354011930613061,0,baseline,0.09,0.7,896,1600,17,,,,,,,,288.0330699999831,uav0000268_05773_v
481,0.5443852026886946,1,baseline,0.09,0.7,896,1600,16,0.5666666666666667,0.3529411764705882,1.0,0.0,0.0,0.5853565009453107,2026.6692405603271,293.6533949996374,uav0000268_05773_v
482,0.5443852026886946,0,baseline,0.09,0.7,896,1600,16,,,,,,,,262.157168000158,uav0000268_05773_v
483,0.5443852026886946,0,baseline,0.09,0.7,896,1600,16,,,,,,,,267.70016600039526,uav0000268_05773_v
484,0.5443852026886946,0,baseline,0.09,0.7,896,1600,16,,,,,,,,283.31688799971744,uav0000268_05773_v
485,0.5443852026886946,0,baseline,0.09,0.7,896,1600,14,,,,,,,,268.98468699982914,uav0000268_05773_v
486,0.5443852026886946,0,baseline,0.09,0.7,896,1600,17,,,,,,,,285.88845600006607,uav0000268_05773_v
487,0.5443852026886946,0,baseline,0.09,0.7,896,1600,16,,,,,,,,296.605470999566,uav0000268_05773_v
488,0.5443852026886946,0,baseline,0.09,0.7,896,1600,16,,,,,,,,269.59075200011284,uav0000268_05773_v
489,0.5443852026886946,0,baseline,0.09,0.7,896,1600,16,,,,,,,,265.9503790000599,uav0000268_05773_v
490,0.5443852026886946,0,baseline,0.09,0.7,896,1600,16,,,,,,,,281.1414509997121,uav0000268_05773_v
491,0.5512609738287912,1,baseline,0.09,0.7,896,1600,16,0.5333333333333333,0.3125,1.0,0.0,0.0,0.5720723385223694,2056.9345584372822,301.50601800050936,uav0000268_05773_v
492,0.5512609738287912,0,baseline,0.09,0.7,896,1600,16,,,,,,,,282.13060300004145,uav0000268_05773_v
493,0.5512609738287912,0,baseline,0.09,0.7,896,1600,17,,,,,,,,266.0994030002257,uav0000268_05773_v
494,0.5512609738287912,0,baseline,0.09,0.7,896,1600,20,,,,,,,,285.5032270008451,uav0000268_05773_v
495,0.5512609738287912,0,baseline,0.09,0.7,896,1600,18,,,,,,,,269.1619009992792,uav0000268_05773_v
496,0.5512609738287912,0,baseline,0.09,0.7,896,1600,18,,,,,,,,280.8810110000195,uav0000268_05773_v
497,0.5512609738287912,0,baseline,0.09,0.7,896,1600,17,,,,,,,,271.7321650006852,uav0000268_05773_v
498,0.5512609738287912,0,baseline,0.09,0.7,896,1600,15,,,,,,,,292.30966300019645,uav0000268_05773_v
499,0.5512609738287912,0,baseline,0.09,0.7,896,1600,16,,,,,,,,270.72207300079754,uav0000268_05773_v
500,0.5512609738287912,0,baseline,0.09,0.7,896,1600,16,,,,,,,,270.43714199953683,uav0000268_05773_v
501,0.5581367449688879,1,baseline,0.09,0.7,896,1600,16,0.5333333333333333,0.3125,1.0,0.0,0.0,0.5720723385223694,2033.842653426107,285.3940360000706,uav0000268_05773_v
502,0.5581367449688879,0,baseline,0.09,0.7,896,1600,15,,,,,,,,277.38048099945445,uav0000268_05773_v
503,0.5581367449688879,0,baseline,0.09,0.7,896,1600,14,,,,,,,,264.8705510000582,uav0000268_05773_v
504,0.5581367449688879,0,baseline,0.09,0.7,896,1600,17,,,,,,,,283.4067849998973,uav0000268_05773_v
505,0.5581367449688879,0,baseline,0.09,0.7,896,1600,17,,,,,,,,274.75616599986097,uav0000268_05773_v
506,0.5581367449688879,0,baseline,0.09,0.7,896,1600,18,,,,,,,,273.2355820007797,uav0000268_05773_v
507,0.5581367449688879,0,baseline,0.09,0.7,896,1600,18,,,,,,,,259.50566199935565,uav0000268_05773_v
508,0.5581367449688879,0,baseline,0.09,0.7,896,1600,18,,,,,,,,278.7920569999187,uav0000268_05773_v
509,0.5581367449688879,0,baseline,0.09,0.7,896,1600,17,,,,,,,,286.9682849996025,uav0000268_05773_v
510,0.5581367449688879,0,baseline,0.09,0.7,896,1600,18,,,,,,,,291.9733159997122,uav0000268_05773_v
511,0.5686656460614996,1,baseline,0.09,0.7,896,1600,21,0.6,0.3888888888888889,1.0,0.0,0.0,0.5976442481899733,2074.5545622875075,374.2123250003715,uav0000268_05773_v
512,0.5686656460614996,0,baseline,0.09,0.7,896,1600,18,,,,,,,,359.0173669999785,uav0000268_05773_v
513,0.5686656460614996,0,baseline,0.09,0.7,896,1600,17,,,,,,,,315.4417440000543,uav0000268_05773_v
514,0.5686656460614996,0,baseline,0.09,0.7,896,1600,19,,,,,,,,360.9328229995299,uav0000268_05773_v
515,0.5686656460614996,0,baseline,0.09,0.7,896,1600,18,,,,,,,,377.4998509998113,uav0000268_05773_v
516,0.5686656460614996,0,baseline,0.09,0.7,896,1600,19,,,,,,,,362.6731090007525,uav0000268_05773_v
517,0.5686656460614996,0,baseline,0.09,0.7,896,1600,19,,,,,,,,335.45572999992146,uav0000268_05773_v
518,0.5686656460614996,0,baseline,0.09,0.7,896,1600,21,,,,,,,,345.9300579997944,uav0000268_05773_v
519,0.5686656460614996,0,baseline,0.09,0.7,896,1600,19,,,,,,,,336.2445229995501,uav0000268_05773_v
520,0.5686656460614996,0,baseline,0.09,0.7,896,1600,20,,,,,,,,364.0171060005741,uav0000268_05773_v
521,0.5839476159397906,1,baseline,0.09,0.7,896,1600,20,0.6666666666666666,0.5,1.0,0.0,0.0,0.6309157296897302,2026.7355275740256,415.7217140000285,uav0000268_05773_v
522,0.5839476159397906,0,baseline,0.09,0.7,896,1600,18,,,,,,,,368.2259940005679,uav0000268_05773_v
523,0.5839476159397906,0,baseline,0.09,0.7,896,1600,18,,,,,,,,278.73804299997573,uav0000268_05773_v
524,0.5839476159397906,0,baseline,0.09,0.7,896,1600,19,,,,,,,,265.7875469994906,uav0000268_05773_v
525,0.5839476159397906,0,baseline,0.09,0.7,896,1600,21,,,,,,,,273.5021170001346,uav0000268_05773_v
526,0.5839476159397906,0,baseline,0.09,0.7,896,1600,20,,,,,,,,282.50475699951494,uav0000268_05773_v
527,0.5839476159397906,0,baseline,0.09,0.7,896,1600,21,,,,,,,,263.89158300025883,uav0000268_05773_v
528,0.5839476159397906,0,baseline,0.09,0.7,896,1600,21,,,,,,,,297.37393300001713,uav0000268_05773_v
529,0.5839476159397906,0,baseline,0.09,0.7,896,1600,19,,,,,,,,266.4479819995904,uav0000268_05773_v
530,0.5839476159397906,0,baseline,0.09,0.7,896,1600,20,,,,,,,,271.940394000012,uav0000268_05773_v
531,0.5944356034402647,1,baseline,0.09,0.7,896,1600,19,0.6666666666666666,0.5,1.0,0.0,0.0,0.6309157296897302,2059.7467796653373,298.2725100000607,uav0000268_05773_v
532,0.5944356034402647,0,baseline,0.09,0.7,896,1600,16,,,,,,,,287.70838000036747,uav0000268_05773_v
533,0.5944356034402647,0,baseline,0.09,0.7,896,1600,23,,,,,,,,267.2700699995403,uav0000268_05773_v
534,0.5944356034402647,0,baseline,0.09,0.7,896,1600,20,,,,,,,,290.9846149996156,uav0000268_05773_v
535,0.5944356034402647,0,baseline,0.09,0.7,896,1600,18,,,,,,,,262.0737060005922,uav0000268_05773_v
536,0.5944356034402647,0,baseline,0.09,0.7,896,1600,18,,,,,,,,277.82780899997306,uav0000268_05773_v
537,0.5944356034402647,0,baseline,0.09,0.7,896,1600,19,,,,,,,,262.39957400048297,uav0000268_05773_v
538,0.5944356034402647,0,baseline,0.09,0.7,896,1600,18,,,,,,,,289.40493000027345,uav0000268_05773_v
539,0.5944356034402647,0,baseline,0.09,0.7,896,1600,19,,,,,,,,280.9510040005989,uav0000268_05773_v
540,0.5944356034402647,0,baseline,0.09,0.7,896,1600,19,,,,,,,,301.52314600036334,uav0000268_05773_v
541,0.601391532066179,1,baseline,0.09,0.7,896,1600,20,0.6333333333333333,0.4736842105263157,1.0,0.0,0.0,0.6207638389037698,2039.025264754801,298.0480019996321,uav0000268_05773_v
542,0.601391532066179,0,baseline,0.09,0.7,896,1600,21,,,,,,,,264.5267320003768,uav0000268_05773_v
543,0.601391532066179,0,baseline,0.09,0.7,896,1600,22,,,,,,,,258.2358670006215,uav0000268_05773_v
544,0.601391532066179,0,baseline,0.09,0.7,896,1600,21,,,,,,,,288.2870000003095,uav0000268_05773_v
545,0.601391532066179,0,baseline,0.09,0.7,896,1600,22,,,,,,,,271.6014059997178,uav0000268_05773_v
546,0.601391532066179,0,baseline,0.09,0.7,896,1600,21,,,,,,,,282.8506200003176,uav0000268_05773_v
547,0.601391532066179,0,baseline,0.09,0.7,896,1600,20,,,,,,,,274.4745670006523,uav0000268_05773_v
548,0.601391532066179,0,baseline,0.09,0.7,896,1600,19,,,,,,,,271.2910219997866,uav0000268_05773_v
549,0.601391532066179,0,baseline,0.09,0.7,896,1600,21,,,,,,,,259.7468100002516,uav0000268_05773_v
550,0.601391532066179,0,baseline,0.09,0.7,896,1600,18,,,,,,,,276.8359560004683,uav0000268_05773_v
551,0.6066667287958293,1,baseline,0.09,0.7,896,1600,21,0.6,0.5,1.0,0.0,0.0,0.6222828780528622,2059.9836466046363,294.302744999186,uav0000268_05773_v
552,0.6066667287958293,0,baseline,0.09,0.7,896,1600,20,,,,,,,,284.9347740002486,uav0000268_05773_v
553,0.6066667287958293,0,baseline,0.09,0.7,896,1600,18,,,,,,,,264.9669239999639,uav0000268_05773_v
554,0.6066667287958293,0,baseline,0.09,0.7,896,1600,21,,,,,,,,261.5103490006732,uav0000268_05773_v
555,0.6066667287958293,0,baseline,0.09,0.7,896,1600,21,,,,,,,,265.6175349993646,uav0000268_05773_v
556,0.6066667287958293,0,baseline,0.09,0.7,896,1600,19,,,,,,,,285.133864999807,uav0000268_05773_v
557,0.6066667287958293,0,baseline,0.09,0.7,896,1600,21,,,,,,,,274.31130100012524,uav0000268_05773_v
558,0.6066667287958293,0,baseline,0.09,0.7,896,1600,20,,,,,,,,293.2252190003055,uav0000268_05773_v
559,0.6066667287958293,0,baseline,0.09,0.7,896,1600,20,,,,,,,,346.35100199921,uav0000268_05773_v
560,0.6066667287958293,0,baseline,0.09,0.7,896,1600,19,,,,,,,,329.84476599995105,uav0000268_05773_v
561,0.6136226574217435,1,baseline,0.09,0.7,896,1600,20,0.6333333333333333,0.4736842105263157,1.0,0.0,0.0,0.6207638389037698,2023.6227319305096,364.482551999572,uav0000268_05773_v
562,0.6136226574217435,0,baseline,0.09,0.7,896,1600,20,,,,,,,,369.8694140002772,uav0000268_05773_v
563,0.6136226574217435,0,baseline,0.09,0.7,896,1600,19,,,,,,,,339.99258800031384,uav0000268_05773_v
564,0.6136226574217435,0,baseline,0.09,0.7,896,1600,17,,,,,,,,342.1633119996841,uav0000268_05773_v
565,0.6136226574217435,0,baseline,0.09,0.7,896,1600,17,,,,,,,,358.6829420000868,uav0000268_05773_v
566,0.6136226574217435,0,baseline,0.09,0.7,896,1600,17,,,,,,,,330.996192999919,uav0000268_05773_v
567,0.6136226574217435,0,baseline,0.09,0.7,896,1600,20,,,,,,,,326.6114830003062,uav0000268_05773_v
568,0.6136226574217435,0,baseline,0.09,0.7,896,1600,17,,,,,,,,373.165560000416,uav0000268_05773_v
569,0.6136226574217435,0,baseline,0.09,0.7,896,1600,19,,,,,,,,350.06271400015976,uav0000268_05773_v
570,0.6136226574217435,0,baseline,0.09,0.7,896,1600,21,,,,,,,,334.27431200016144,uav0000268_05773_v
571,0.6188742695631496,1,baseline,0.09,0.7,896,1600,20,0.7,0.3809523809523809,1.0,0.0,0.0,0.6088336235122118,2110.1035865420986,312.09035600022617,uav0000268_05773_v
572,0.6188742695631496,0,baseline,0.09,0.7,896,1600,19,,,,,,,,265.98646599995845,uav0000268_05773_v
573,0.6188742695631496,0,baseline,0.09,0.7,896,1600,19,,,,,,,,255.10667899925463,uav0000268_05773_v
574,0.6188742695631496,0,baseline,0.09,0.7,896,1600,17,,,,,,,,286.8416019991855,uav0000268_05773_v
575,0.6188742695631496,0,baseline,0.09,0.7,896,1600,18,,,,,,,,282.9882189998898,uav0000268_05773_v
576,0.6188742695631496,0,baseline,0.09,0.7,896,1600,17,,,,,,,,285.63257199948566,uav0000268_05773_v
577,0.6188742695631496,0,baseline,0.09,0.7,896,1600,17,,,,,,,,267.3767140004202,uav0000268_05773_v
578,0.6188742695631496,0,baseline,0.09,0.7,896,1600,19,,,,,,,,267.72936599991226,uav0000268_05773_v
579,0.6188742695631496,0,baseline,0.09,0.7,896,1600,18,,,,,,,,266.4979619994483,uav0000268_05773_v
580,0.6188742695631496,0,baseline,0.09,0.7,896,1600,16,,,,,,,,270.35225400049967,uav0000268_05773_v
581,0.6152211396106348,1,baseline,0.09,0.7,896,1600,19,0.5333333333333333,0.3125,1.0,0.0,0.0,0.5720723385223694,2078.1615756909578,288.72482500082697,uav0000268_05773_v
582,0.6152211396106348,0,baseline,0.09,0.7,896,1600,19,,,,,,,,287.500063999687,uav0000268_05773_v
583,0.6152211396106348,0,baseline,0.09,0.7,896,1600,18,,,,,,,,269.77333200011344,uav0000268_05773_v
584,0.6152211396106348,0,baseline,0.09,0.7,896,1600,19,,,,,,,,268.07187700069335,uav0000268_05773_v
585,0.6152211396106348,0,baseline,0.09,0.7,896,1600,15,,,,,,,,257.2412459994666,uav0000268_05773_v
586,0.6152211396106348,0,baseline,0.09,0.7,896,1600,15,,,,,,,,288.5462730000654,uav0000268_05773_v
587,0.6152211396106348,0,baseline,0.09,0.7,896,1600,15,,,,,,,,273.28026899976976,uav0000268_05773_v
588,0.6152211396106348,0,baseline,0.09,0.7,896,1600,16,,,,,,,,279.734150000877,uav0000268_05773_v
589,0.6152211396106348,0,baseline,0.09,0.7,896,1600,19,,,,,,,,277.6188210000328,uav0000268_05773_v
590,0.6152211396106348,0,baseline,0.09,0.7,896,1600,15,,,,,,,,281.08348899968405,uav0000268_05773_v
591,0.608970154472239,1,baseline,0.09,0.7,896,1600,18,0.5,0.4,1.0,0.0,0.0,0.5871588337209603,2076.655396170777,284.319305000281,uav0000268_05773_v
592,0.608970154472239,0,baseline,0.09,0.7,896,1600,16,,,,,,,,284.8790939997343,uav0000268_05773_v
593,0.608970154472239,0,baseline,0.09,0.7,896,1600,17,,,,,,,,261.4078160004283,uav0000268_05773_v
594,0.608970154472239,0,baseline,0.09,0.7,896,1600,16,,,,,,,,291.56641100053093,uav0000268_05773_v
595,0.608970154472239,0,baseline,0.09,0.7,896,1600,18,,,,,,,,263.92975199996727,uav0000268_05773_v
596,0.608970154472239,0,baseline,0.09,0.7,896,1600,16,,,,,,,,267.8655039999285,uav0000268_05773_v
597,0.608970154472239,0,baseline,0.09,0.7,896,1600,16,,,,,,,,259.7431869999127,uav0000268_05773_v
598,0.608970154472239,0,baseline,0.09,0.7,896,1600,16,,,,,,,,280.04047899958096,uav0000268_05773_v
599,0.608970154472239,0,baseline,0.09,0.7,896,1600,16,,,,,,,,261.8884959993011,uav0000268_05773_v
600,0.608970154472239,0,baseline,0.09,0.7,896,1600,16,,,,,,,,285.7579210003678,uav0000268_05773_v
601,0.606503625433134,1,baseline,0.09,0.7,896,1600,16,0.5333333333333333,0.5,1.0,0.0,0.0,0.6136500264159942,2034.0822294737864,289.06994899989513,uav0000268_05773_v
602,0.606503625433134,0,baseline,0.09,0.7,896,1600,18,,,,,,,,259.9510680001913,uav0000268_05773_v
603,0.606503625433134,0,baseline,0.09,0.7,896,1600,15,,,,,,,,257.20844299939927,uav0000268_05773_v
604,0.606503625433134,0,baseline,0.09,0.7,896,1600,18,,,,,,,,284.0982260004239,uav0000268_05773_v
605,0.606503625433134,0,baseline,0.09,0.7,896,1600,19,,,,,,,,271.68199100015045,uav0000268_05773_v
606,0.606503625433134,0,baseline,0.09,0.7,896,1600,18,,,,,,,,298.71907899996586,uav0000268_05773_v
607,0.606503625433134,0,baseline,0.09,0.7,896,1600,18,,,,,,,,381.2137240001903,uav0000268_05773_v
608,0.606503625433134,0,baseline,0.09,0.7,896,1600,18,,,,,,,,350.55780000038794,uav0000268_05773_v
609,0.606503625433134,0,baseline,0.09,0.7,896,1600,18,,,,,,,,319.6396729999833,uav0000268_05773_v
610,0.606503625433134,0,baseline,0.09,0.7,896,1600,18,,,,,,,,349.3591530004778,uav0000268_05773_v
611,0.6084805331589249,1,baseline,0.09,0.7,896,1600,20,0.6,0.5555555555555556,1.0,0.0,0.0,0.6346021929843066,2080.3723258559958,372.1975600001315,uav0000268_05773_v
612,0.6084805331589249,0,baseline,0.09,0.7,896,1600,18,,,,,,,,363.3853600003931,uav0000268_05773_v
613,0.6084805331589249,0,baseline,0.09,0.7,896,1600,21,,,,,,,,347.2587599999315,uav0000268_05773_v
614,0.6084805331589249,0,baseline,0.09,0.7,896,1600,19,,,,,,,,336.6181080000388,uav0000268_05773_v
615,0.6084805331589249,0,baseline,0.09,0.7,896,1600,15,,,,,,,,330.72131399967475,uav0000268_05773_v
616,0.6084805331589249,0,baseline,0.09,0.7,896,1600,17,,,,,,,,375.149388999489,uav0000268_05773_v
617,0.6084805331589249,0,baseline,0.09,0.7,896,1600,16,,,,,,,,350.9467300000324,uav0000268_05773_v
618,0.6084805331589249,0,baseline,0.09,0.7,896,1600,17,,,,,,,,352.17435999948066,uav0000268_05773_v
619,0.6084805331589249,0,baseline,0.09,0.7,896,1600,17,,,,,,,,271.471458000633,uav0000268_05773_v
620,0.6084805331589249,0,baseline,0.09,0.7,896,1600,17,,,,,,,,274.7558659993956,uav0000268_05773_v
621,0.6069321880051738,1,baseline,0.09,0.7,896,1600,16,0.5666666666666667,0.4705882352941176,1.0,0.0,0.0,0.6114444619766046,2023.9190598879595,290.2560309994442,uav0000268_05773_v
622,0.6069321880051738,0,baseline,0.09,0.7,896,1600,16,,,,,,,,288.9741290000529,uav0000268_05773_v
623,0.6069321880051738,0,baseline,0.09,0.7,896,1600,17,,,,,,,,269.9039899998752,uav0000268_05773_v
624,0.6069321880051738,0,baseline,0.09,0.7,896,1600,15,,,,,,,,283.57086300002265,uav0000268_05773_v
625,0.6069321880051738,0,baseline,0.09,0.7,896,1600,18,,,,,,,,278.8510800000949,uav0000268_05773_v
626,0.6069321880051738,0,baseline,0.09,0.7,896,1600,17,,,,,,,,298.08842399961577,uav0000268_05773_v
627,0.6069321880051738,0,baseline,0.09,0.7,896,1600,20,,,,,,,,258.3722909994321,uav0000268_05773_v
628,0.6069321880051738,0,baseline,0.09,0.7,896,1600,16,,,,,,,,288.34656900016853,uav0000268_05773_v
629,0.6069321880051738,0,baseline,0.09,0.7,896,1600,17,,,,,,,,283.4723969999686,uav0000268_05773_v
630,0.6069321880051738,0,baseline,0.09,0.7,896,1600,15,,,,,,,,294.64895500041166,uav0000268_05773_v
631,0.6021314729790583,1,baseline,0.09,0.7,896,1600,14,0.5,0.4,1.0,0.0,0.0,0.5871588337209603,2109.3577237632885,306.3474459995632,uav0000268_05773_v
632,0.6021314729790583,0,baseline,0.09,0.7,896,1600,14,,,,,,,,291.94901899973047,uav0000268_05773_v
633,0.6021314729790583,0,baseline,0.09,0.7,896,1600,15,,,,,,,,264.5500830003584,uav0000268_05773_v
634,0.6021314729790583,0,baseline,0.09,0.7,896,1600,16,,,,,,,,286.9311209997249,uav0000268_05773_v
635,0.6021314729790583,0,baseline,0.09,0.7,896,1600,16,,,,,,,,266.3651650000247,uav0000268_05773_v
636,0.6021314729790583,0,baseline,0.09,0.7,896,1600,17,,,,,,,,302.1592700006295,uav0000268_05773_v
637,0.6021314729790583,0,baseline,0.09,0.7,896,1600,15,,,,,,,,278.3500470004583,uav0000268_05773_v
638,0.6021314729790583,0,baseline,0.09,0.7,896,1600,15,,,,,,,,265.5679050003528,uav0000268_05773_v
639,0.6021314729790583,0,baseline,0.09,0.7,896,1600,17,,,,,,,,281.8926849995478,uav0000268_05773_v
640,0.6021314729790583,0,baseline,0.09,0.7,896,1600,16,,,,,,,,295.4379120001249,uav0000268_05773_v
641,0.5988597507373485,1,baseline,0.09,0.7,896,1600,15,0.5333333333333333,0.375,1.0,0.0,0.0,0.5859315678202442,2043.024435983132,284.8375159992429,uav0000268_05773_v
642,0.5988597507373485,0,baseline,0.09,0.7,896,1600,17,,,,,,,,285.16342799957783,uav0000268_05773_v
643,0.5988597507373485,0,baseline,0.09,0.7,896,1600,14,,,,,,,,264.9331210004675,uav0000268_05773_v
644,0.5988597507373485,0,baseline,0.09,0.7,896,1600,15,,,,,,,,263.8666109996848,uav0000268_05773_v
645,0.5988597507373485,0,baseline,0.09,0.7,896,1600,14,,,,,,,,251.17959399995016,uav0000268_05773_v
646,0.5988597507373485,0,baseline,0.09,0.7,896,1600,14,,,,,,,,284.4489010003599,uav0000268_05773_v
647,0.5988597507373485,0,baseline,0.09,0.7,896,1600,14,,,,,,,,291.1067640006877,uav0000268_05773_v
648,0.5988597507373485,0,baseline,0.09,0.7,896,1600,13,,,,,,,,292.39314299957186,uav0000268_05773_v
649,0.5988597507373485,0,baseline,0.09,0.7,896,1600,14,,,,,,,,274.0093109996451,uav0000268_05773_v
650,0.5988597507373485,0,baseline,0.09,0.7,896,1600,14,,,,,,,,270.60617799998,uav0000268_05773_v
651,0.5967779619750689,1,baseline,0.09,0.7,896,1600,15,0.4666666666666667,0.2857142857142857,1.0,0.0,0.0,0.5574998171864121,2094.5598071644013,310.24681000053533,uav0000268_05773_v
652,0.5967779619750689,0,baseline,0.09,0.7,896,1600,14,,,,,,,,284.26895099983085,uav0000268_05773_v
653,0.5967779619750689,0,baseline,0.09,0.7,896,1600,15,,,,,,,,288.7681819993304,uav0000268_05773_v
654,0.5967779619750689,0,baseline,0.09,0.7,896,1600,14,,,,,,,,384.6856730006039,uav0000268_05773_v
655,0.5967779619750689,0,baseline,0.09,0.7,896,1600,15,,,,,,,,343.9619130003848,uav0000268_05773_v
656,0.5967779619750689,0,baseline,0.09,0.7,896,1600,15,,,,,,,,343.10120700047264,uav0000268_05773_v
657,0.5967779619750689,0,baseline,0.09,0.7,896,1600,17,,,,,,,,339.58669300045585,uav0000268_05773_v
658,0.5967779619750689,0,baseline,0.09,0.7,896,1600,15,,,,,,,,355.0676899994869,uav0000268_05773_v
659,0.5967779619750689,0,baseline,0.09,0.7,896,1600,17,,,,,,,,327.0577540006343,uav0000268_05773_v
660,0.5967779619750689,0,baseline,0.09,0.7,896,1600,15,,,,,,,,356.68489999989106,uav0000268_05773_v
661,0.5925541968557165,1,baseline,0.09,0.7,896,1600,15,0.5,0.2666666666666666,1.0,0.0,0.0,0.5575924778854937,2028.918853903377,373.9047349999965,uav0000268_05773_v
662,0.5925541968557165,0,baseline,0.09,0.7,896,1600,17,,,,,,,,339.8860209999839,uav0000268_05773_v
663,0.5925541968557165,0,baseline,0.09,0.7,896,1600,16,,,,,,,,323.70335899940983,uav0000268_05773_v
664,0.5925541968557165,0,baseline,0.09,0.7,896,1600,16,,,,,,,,387.7686559999347,uav0000268_05773_v
665,0.5925541968557165,0,baseline,0.09,0.7,896,1600,17,,,,,,,,341.17924899965146,uav0000268_05773_v
666,0.5925541968557165,0,baseline,0.09,0.7,896,1600,17,,,,,,,,277.08498500032874,uav0000268_05773_v
667,0.5925541968557165,0,baseline,0.09,0.7,896,1600,17,,,,,,,,278.42089400019177,uav0000268_05773_v
668,0.5925541968557165,0,baseline,0.09,0.7,896,1600,17,,,,,,,,266.8804959994304,uav0000268_05773_v
669,0.5925541968557165,0,baseline,0.09,0.7,896,1600,15,,,,,,,,257.95523799934017,uav0000268_05773_v
670,0.5925541968557165,0,baseline,0.09,0.7,896,1600,15,,,,,,,,283.93707199938945,uav0000268_05773_v
671,0.5845459756370736,1,baseline,0.09,0.7,896,1600,16,0.5,0.2666666666666666,1.0,0.0,0.0,0.5575924778854937,2072.617109837066,310.72085200048605,uav0000268_05773_v
672,0.5845459756370736,0,baseline,0.09,0.7,896,1600,16,,,,,,,,279.1764060002606,uav0000268_05773_v
673,0.5845459756370736,0,baseline,0.09,0.7,896,1600,16,,,,,,,,273.3864510000785,uav0000268_05773_v
674,0.5845459756370736,0,baseline,0.09,0.7,896,1600,17,,,,,,,,263.2324189999053,uav0000268_05773_v
675,0.5845459756370736,0,baseline,0.09,0.7,896,1600,17,,,,,,,,256.3177949996316,uav0000268_05773_v
676,0.5845459756370736,0,baseline,0.09,0.7,896,1600,17,,,,,,,,271.2158680005814,uav0000268_05773_v
677,0.5845459756370736,0,baseline,0.09,0.7,896,1600,15,,,,,,,,255.16212700040344,uav0000268_05773_v
678,0.5845459756370736,0,baseline,0.09,0.7,896,1600,15,,,,,,,,283.4807130002446,uav0000268_05773_v
679,0.5845459756370736,0,baseline,0.09,0.7,896,1600,16,,,,,,,,262.2595940001702,uav0000268_05773_v
680,0.5845459756370736,0,baseline,0.09,0.7,896,1600,16,,,,,,,,275.21285399961926,uav0000268_05773_v
681,0.5756131392853682,1,baseline,0.09,0.7,896,1600,15,0.5333333333333333,0.3125,1.0,0.0,0.0,0.5720723385223694,2007.139632944435,292.8161159998126,uav0000268_05773_v
682,0.5756131392853682,0,baseline,0.09,0.7,896,1600,14,,,,,,,,300.602913000148,uav0000268_05773_v
683,0.5756131392853682,0,baseline,0.09,0.7,896,1600,14,,,,,,,,259.2754890001743,uav0000268_05773_v
684,0.5756131392853682,0,baseline,0.09,0.7,896,1600,16,,,,,,,,286.213924000549,uav0000268_05773_v
685,0.5756131392853682,0,baseline,0.09,0.7,896,1600,15,,,,,,,,272.6462390000961,uav0000268_05773_v
686,0.5756131392853682,0,baseline,0.09,0.7,896,1600,15,,,,,,,,274.791255999844,uav0000268_05773_v
687,0.5756131392853682,0,baseline,0.09,0.7,896,1600,15,,,,,,,,260.8560349999607,uav0000268_05773_v
688,0.5756131392853682,0,baseline,0.09,0.7,896,1600,17,,,,,,,,289.0263480003341,uav0000268_05773_v
689,0.5756131392853682,0,baseline,0.09,0.7,896,1600,16,,,,,,,,270.16409800035035,uav0000268_05773_v
690,0.5756131392853682,0,baseline,0.09,0.7,896,1600,15,,,,,,,,297.19174099955126,uav0000268_05773_v
691,0.5658081161412477,1,baseline,0.09,0.7,896,1600,16,0.5,0.2,1.0,0.0,0.0,0.5428092999677604,2075.4486688450065,299.2120299995804,uav0000268_05773_v
692,0.5658081161412477,0,baseline,0.09,0.7,896,1600,15,,,,,,,,265.63724399966304,uav0000268_05773_v
693,0.5658081161412477,0,baseline,0.09,0.7,896,1600,17,,,,,,,,261.1176360005629,uav0000268_05773_v
694,0.5658081161412477,0,baseline,0.09,0.7,896,1600,19,,,,,,,,286.5577089996805,uav0000268_05773_v
695,0.5658081161412477,0,baseline,0.09,0.7,896,1600,17,,,,,,,,271.4623849997224,uav0000268_05773_v
696,0.5658081161412477,0,baseline,0.09,0.7,896,1600,17,,,,,,,,292.0127719999073,uav0000268_05773_v
697,0.5658081161412477,0,baseline,0.09,0.7,896,1600,15,,,,,,,,283.7514150005518,uav0000268_05773_v
698,0.5658081161412477,0,baseline,0.09,0.7,896,1600,19,,,,,,,,271.21666200037,uav0000268_05773_v
699,0.5658081161412477,0,baseline,0.09,0.7,896,1600,17,,,,,,,,270.02368600005866,uav0000268_05773_v
700,0.5658081161412477,0,baseline,0.09,0.7,896,1600,17,,,,,,,,282.48983299999963,uav0000268_05773_v
701,0.563687214242491,1,baseline,0.09,0.7,896,1600,18,0.5666666666666667,0.2941176470588235,1.0,0.0,0.0,0.5723125204296636,2065.6513477269477,317.1954019999248,uav0000268_05773_v
702,0.563687214242491,0,baseline,0.09,0.7,896,1600,18,,,,,,,,355.130508000002,uav0000268_05773_v
703,0.563687214242491,0,baseline,0.09,0.7,896,1600,16,,,,,,,,346.3384699998642,uav0000268_05773_v
704,0.563687214242491,0,baseline,0.09,0.7,896,1600,17,,,,,,,,352.6258230003805,uav0000268_05773_v
705,0.563687214242491,0,baseline,0.09,0.7,896,1600,18,,,,,,,,334.66571500048303,uav0000268_05773_v
706,0.563687214242491,0,baseline,0.09,0.7,896,1600,17,,,,,,,,368.818637000004,uav0000268_05773_v
707,0.563687214242491,0,baseline,0.09,0.7,896,1600,17,,,,,,,,364.1254960002698,uav0000268_05773_v
708,0.563687214242491,0,baseline,0.09,0.7,896,1600,17,,,,,,,,355.4247949996352,uav0000268_05773_v
709,0.563687214242491,0,baseline,0.09,0.7,896,1600,17,,,,,,,,341.70362500026386,uav0000268_05773_v
710,0.563687214242491,0,baseline,0.09,0.7,896,1600,16,,,,,,,,352.1602789996905,uav0000268_05773_v
711,0.5597274344430981,1,baseline,0.09,0.7,896,1600,16,0.5333333333333333,0.25,1.0,0.0,0.0,0.5582131092244944,2072.343782736913,374.8956859999453,uav0000268_05773_v
712,0.5597274344430981,0,baseline,0.09,0.7,896,1600,15,,,,,,,,358.8552910005092,uav0000268_05773_v
713,0.5597274344430981,0,baseline,0.09,0.7,896,1600,15,,,,,,,,342.299414000081,uav0000268_05773_v
714,0.5597274344430981,0,baseline,0.09,0.7,896,1600,15,,,,,,,,293.30588999982865,uav0000268_05773_v
715,0.5597274344430981,0,baseline,0.09,0.7,896,1600,14,,,,,,,,267.73395800046274,uav0000268_05773_v
716,0.5597274344430981,0,baseline,0.09,0.7,896,1600,17,,,,,,,,260.83371000004263,uav0000268_05773_v
717,0.5597274344430981,0,baseline,0.09,0.7,896,1600,16,,,,,,,,263.90336500026024,uav0000268_05773_v
718,0.5597274344430981,0,baseline,0.09,0.7,896,1600,16,,,,,,,,283.5502340003586,uav0000268_05773_v
719,0.5597274344430981,0,baseline,0.09,0.7,896,1600,17,,,,,,,,271.2638689999949,uav0000268_05773_v
720,0.5597274344430981,0,baseline,0.09,0.7,896,1600,15,,,,,,,,285.34239400050865,uav0000268_05773_v
721,0.5597406716858241,1,baseline,0.09,0.7,896,1600,15,0.5,0.2666666666666666,1.0,0.0,0.0,0.5575924778854937,1998.8591891829703,303.35973299952457,uav0000268_05773_v
722,0.5597406716858241,0,baseline,0.09,0.7,896,1600,14,,,,,,,,260.36154000030365,uav0000268_05773_v
723,0.5597406716858241,0,baseline,0.09,0.7,896,1600,16,,,,,,,,255.35770800070168,uav0000268_05773_v
724,0.5597406716858241,0,baseline,0.09,0.7,896,1600,14,,,,,,,,280.4499579997355,uav0000268_05773_v
725,0.5597406716858241,0,baseline,0.09,0.7,896,1600,14,,,,,,,,264.0012299998489,uav0000268_05773_v
726,0.5597406716858241,0,baseline,0.09,0.7,896,1600,14,,,,,,,,301.0297599994374,uav0000268_05773_v
727,0.5597406716858241,0,baseline,0.09,0.7,896,1600,14,,,,,,,,270.2909039999213,uav0000268_05773_v
728,0.5597406716858241,0,baseline,0.09,0.7,896,1600,15,,,,,,,,279.01073199973325,uav0000268_05773_v
729,0.5597406716858241,0,baseline,0.09,0.7,896,1600,14,,,,,,,,259.30252600028325,uav0000268_05773_v
730,0.5597406716858241,0,baseline,0.09,0.7,896,1600,15,,,,,,,,282.7182249993712,uav0000268_05773_v
731,0.5597406716858241,1,baseline,0.09,0.7,896,1600,15,0.5,0.2666666666666666,1.0,0.0,0.0,0.5575924778854937,2007.2234654405795,319.4629730005545,uav0000268_05773_v
732,0.5597406716858241,0,baseline,0.09,0.7,896,1600,15,,,,,,,,297.73185499925603,uav0000268_05773_v
733,0.5597406716858241,0,baseline,0.09,0.7,896,1600,17,,,,,,,,271.0502109994195,uav0000268_05773_v
734,0.5597406716858241,0,baseline,0.09,0.7,896,1600,17,,,,,,,,267.458555000303,uav0000268_05773_v
735,0.5597406716858241,0,baseline,0.09,0.7,896,1600,18,,,,,,,,262.7146459999494,uav0000268_05773_v
736,0.5597406716858241,0,baseline,0.09,0.7,896,1600,17,,,,,,,,287.5250260003668,uav0000268_05773_v
737,0.5597406716858241,0,baseline,0.09,0.7,896,1600,17,,,,,,,,267.5044150000758,uav0000268_05773_v
738,0.5597406716858241,0,baseline,0.09,0.7,896,1600,16,,,,,,,,280.5091039999752,uav0000268_05773_v
739,0.5597406716858241,0,baseline,0.09,0.7,896,1600,17,,,,,,,,272.3722580003596,uav0000268_05773_v
740,0.5597406716858241,0,baseline,0.09,0.7,896,1600,17,,,,,,,,263.95688699994935,uav0000268_05773_v
741,0.5618435349064197,1,baseline,0.09,0.7,896,1600,17,0.5666666666666667,0.2941176470588235,1.0,0.0,0.0,0.5723125204296636,1937.9885300001276,279.27659600027255,uav0000268_05773_v
742,0.5618435349064197,0,baseline,0.09,0.7,896,1600,18,,,,,,,,274.36817399939173,uav0000268_05773_v
743,0.5618435349064197,0,baseline,0.09,0.7,896,1600,17,,,,,,,,273.0264530000568,uav0000268_05773_v
744,0.5618435349064197,0,baseline,0.09,0.7,896,1600,16,,,,,,,,280.6603700000778,uav0000268_05773_v
745,0.5618435349064197,0,baseline,0.09,0.7,896,1600,15,,,,,,,,275.5052209995483,uav0000268_05773_v
746,0.5618435349064197,0,baseline,0.09,0.7,896,1600,16,,,,,,,,261.78654700015613,uav0000268_05773_v
747,0.5618435349064197,0,baseline,0.09,0.7,896,1600,16,,,,,,,,275.4502390007474,uav0000268_05773_v
748,0.5618435349064197,0,baseline,0.09,0.7,896,1600,16,,,,,,,,276.16367300015554,uav0000268_05773_v
749,0.5618435349064197,0,baseline,0.09,0.7,896,1600,15,,,,,,,,271.95241499975964,uav0000268_05773_v
750,0.5618435349064197,0,baseline,0.09,0.7,896,1600,15,,,,,,,,363.1119709998529,uav0000268_05773_v
751,0.5618868659465422,1,baseline,0.09,0.7,896,1600,16,0.5,0.3333333333333333,1.0,0.0,0.0,0.5723756558032269,1984.013149748927,371.1089030002768,uav0000268_05773_v
752,0.5618868659465422,0,baseline,0.09,0.7,896,1600,14,,,,,,,,339.8682010001721,uav0000268_05773_v
753,0.5618868659465422,0,baseline,0.09,0.7,896,1600,15,,,,,,,,318.83840400041663,uav0000268_05773_v
754,0.5618868659465422,0,baseline,0.09,0.7,896,1600,15,,,,,,,,358.2322980000754,uav0000268_05773_v
755,0.5618868659465422,0,baseline,0.09,0.7,896,1600,14,,,,,,,,360.4981660000704,uav0000268_05773_v
756,0.5618868659465422,0,baseline,0.09,0.7,896,1600,14,,,,,,,,345.534465000128,uav0000268_05773_v
757,0.5618868659465422,0,baseline,0.09,0.7,896,1600,15,,,,,,,,336.44329799972184,uav0000268_05773_v
758,0.5618868659465422,0,baseline,0.09,0.7,896,1600,14,,,,,,,,333.1184339995161,uav0000268_05773_v
759,0.5618868659465422,0,baseline,0.09,0.7,896,1600,14,,,,,,,,333.4120340005029,uav0000268_05773_v
760,0.5618868659465422,0,baseline,0.09,0.7,896,1600,14,,,,,,,,376.772358999915,uav0000268_05773_v
761,0.5617227799495538,1,baseline,0.09,0.7,896,1600,16,0.4666666666666667,0.2142857142857142,1.0,0.0,0.0,0.5416606979888406,1905.3365442538611,370.8899749999546,uav0000268_05773_v
762,0.5617227799495538,0,baseline,0.09,0.7,896,1600,12,,,,,,,,278.0525790003594,uav0000268_05773_v
763,0.5617227799495538,0,baseline,0.09,0.7,896,1600,13,,,,,,,,281.0593879994485,uav0000268_05773_v
764,0.5617227799495538,0,baseline,0.09,0.7,896,1600,14,,,,,,,,274.7221660001742,uav0000268_05773_v
765,0.5617227799495538,0,baseline,0.09,0.7,896,1600,15,,,,,,,,250.32253700010187,uav0000268_05773_v
766,0.5617227799495538,0,baseline,0.09,0.7,896,1600,16,,,,,,,,287.6548490003188,uav0000268_05773_v
767,0.5617227799495538,0,baseline,0.09,0.7,896,1600,16,,,,,,,,273.3362990002206,uav0000268_05773_v
768,0.5617227799495538,0,baseline,0.09,0.7,896,1600,14,,,,,,,,282.1618979996856,uav0000268_05773_v
769,0.5617227799495538,0,baseline,0.09,0.7,896,1600,16,,,,,,,,264.1717839997,uav0000268_05773_v
770,0.5617227799495538,0,baseline,0.09,0.7,896,1600,15,,,,,,,,273.16722000068694,uav0000268_05773_v
771,0.557508034169282,1,baseline,0.09,0.7,896,1600,15,0.5,0.2,1.0,0.0,0.0,0.5428092999677604,1996.501069163841,292.4220989998503,uav0000268_05773_v
772,0.557508034169282,0,baseline,0.09,0.7,896,1600,17,,,,,,,,283.98293600002944,uav0000268_05773_v
773,0.557508034169282,0,baseline,0.09,0.7,896,1600,14,,,,,,,,269.7925180000311,uav0000268_05773_v
774,0.557508034169282,0,baseline,0.09,0.7,896,1600,15,,,,,,,,288.0302749999828,uav0000268_05773_v
775,0.557508034169282,0,baseline,0.09,0.7,896,1600,15,,,,,,,,278.59154699945066,uav0000268_05773_v
776,0.557508034169282,0,baseline,0.09,0.7,896,1600,15,,,,,,,,265.0272600003518,uav0000268_05773_v
777,0.557508034169282,0,baseline,0.09,0.7,896,1600,14,,,,,,,,267.22108599915373,uav0000268_05773_v
778,0.557508034169282,0,baseline,0.09,0.7,896,1600,16,,,,,,,,299.1643049999766,uav0000268_05773_v
779,0.557508034169282,0,baseline,0.09,0.7,896,1600,16,,,,,,,,261.3834030007638,uav0000268_05773_v
780,0.557508034169282,0,baseline,0.09,0.7,896,1600,15,,,,,,,,293.87251699972694,uav0000268_05773_v
781,0.5553074899897485,1,baseline,0.09,0.7,896,1600,16,0.5,0.2,1.0,0.0,0.0,0.5428092999677604,1943.8942508358457,284.3395769996277,uav0000268_05773_v
782,0.5553074899897485,0,baseline,0.09,0.7,896,1600,15,,,,,,,,276.5880719998677,uav0000268_05773_v
783,0.5553074899897485,0,baseline,0.09,0.7,896,1600,14,,,,,,,,257.0189289999689,uav0000268_05773_v
784,0.5553074899897485,0,baseline,0.09,0.7,896,1600,14,,,,,,,,282.6795350001703,uav0000268_05773_v
785,0.5553074899897485,0,baseline,0.09,0.7,896,1600,14,,,,,,,,258.7817740004539,uav0000268_05773_v
786,0.5553074899897485,0,baseline,0.09,0.7,896,1600,16,,,,,,,,292.0072760007315,uav0000268_05773_v
787,0.5553074899897485,0,baseline,0.09,0.7,896,1600,15,,,,,,,,264.67376399978093,uav0000268_05773_v
788,0.5553074899897485,0,baseline,0.09,0.7,896,1600,17,,,,,,,,264.09374800005025,uav0000268_05773_v
789,0.5553074899897485,0,baseline,0.09,0.7,896,1600,16,,,,,,,,263.53436399949715,uav0000268_05773_v
790,0.5553074899897485,0,baseline,0.09,0.7,896,1600,15,,,,,,,,280.67511999961425,uav0000268_05773_v
791,0.5531956074300723,1,baseline,0.09,0.7,896,1600,16,0.5,0.2,1.0,0.0,0.0,0.5428092999677604,2029.2466403415424,288.94495500026096,uav0000268_05773_v
792,0.5531956074300723,0,baseline,0.09,0.7,896,1600,16,,,,,,,,278.54442300031224,uav0000268_05773_v
793,0.5531956074300723,0,baseline,0.09,0.7,896,1600,16,,,,,,,,265.1165369998125,uav0000268_05773_v
794,0.5531956074300723,0,baseline,0.09,0.7,896,1600,17,,,,,,,,267.7953479997086,uav0000268_05773_v
795,0.5531956074300723,0,baseline,0.09,0.7,896,1600,17,,,,,,,,258.49701300012384,uav0000268_05773_v
796,0.5531956074300723,0,baseline,0.09,0.7,896,1600,17,,,,,,,,273.4826780006188,uav0000268_05773_v
797,0.5531956074300723,0,baseline,0.09,0.7,896,1600,17,,,,,,,,281.4551399997072,uav0000268_05773_v
798,0.5531956074300723,0,baseline,0.09,0.7,896,1600,17,,,,,,,,351.4616949996707,uav0000268_05773_v
799,0.5531956074300723,0,baseline,0.09,0.7,896,1600,17,,,,,,,,327.927056999215,uav0000268_05773_v
800,0.5531956074300723,0,baseline,0.09,0.7,896,1600,15,,,,,,,,337.58027399926505,uav0000268_05773_v
801,0.5489718423107199,1,baseline,0.09,0.7,896,1600,18,0.5,0.1333333333333333,1.0,0.0,0.0,0.5280261220500271,1954.995850989598,385.8560339995165,uav0000268_05773_v
802,0.5489718423107199,0,baseline,0.09,0.7,896,1600,18,,,,,,,,345.010521000404,uav0000268_05773_v
803,0.5489718423107199,0,baseline,0.09,0.7,896,1600,19,,,,,,,,336.6218900000604,uav0000268_05773_v
804,0.5489718423107199,0,baseline,0.09,0.7,896,1600,17,,,,,,,,339.04966099999,uav0000268_05773_v
805,0.5489718423107199,0,baseline,0.09,0.7,896,1600,19,,,,,,,,325.6355130006341,uav0000268_05773_v
806,0.5489718423107199,0,baseline,0.09,0.7,896,1600,16,,,,,,,,332.63009500024054,uav0000268_05773_v
807,0.5489718423107199,0,baseline,0.09,0.7,896,1600,16,,,,,,,,331.6725149998092,uav0000268_05773_v
808,0.5489718423107199,0,baseline,0.09,0.7,896,1600,16,,,,,,,,347.3982870000327,uav0000268_05773_v
809,0.5489718423107199,0,baseline,0.09,0.7,896,1600,17,,,,,,,,313.3212859993364,uav0000268_05773_v
810,0.5489718423107199,0,baseline,0.09,0.7,896,1600,15,,,,,,,,284.6468979996644,uav0000268_05773_v
811,0.5426452139707719,1,baseline,0.09,0.7,896,1600,16,0.5,0.1333333333333333,1.0,0.0,0.0,0.5280261220500271,2010.2053235314463,285.19619300004706,uav0000268_05773_v
812,0.5426452139707719,0,baseline,0.09,0.7,896,1600,16,,,,,,,,264.00656499936304,uav0000268_05773_v
813,0.5426452139707719,0,baseline,0.09,0.7,896,1600,16,,,,,,,,253.1293829997594,uav0000268_05773_v
814,0.5426452139707719,0,baseline,0.09,0.7,896,1600,16,,,,,,,,297.92536700006167,uav0000268_05773_v
815,0.5426452139707719,0,baseline,0.09,0.7,896,1600,16,,,,,,,,264.42396299989923,uav0000268_05773_v
816,0.5426452139707719,0,baseline,0.09,0.7,896,1600,16,,,,,,,,277.5636930000473,uav0000268_05773_v
817,0.5426452139707719,0,baseline,0.09,0.7,896,1600,14,,,,,,,,277.5299029999587,uav0000268_05773_v
818,0.5426452139707719,0,baseline,0.09,0.7,896,1600,16,,,,,,,,267.7058240005863,uav0000268_05773_v
819,0.5426452139707719,0,baseline,0.09,0.7,896,1600,17,,,,,,,,256.7803290003212,uav0000268_05773_v
820,0.5426452139707719,0,baseline,0.09,0.7,896,1600,14,,,,,,,,274.10069100005785,uav0000268_05773_v
821,0.5337319002265534,1,baseline,0.09,0.7,896,1600,13,0.4666666666666667,0.0714285714285714,1.0,0.0,0.0,0.5099824595936979,1947.6055455241556,284.111003000362,uav0000268_05773_v
822,0.5337319002265534,0,baseline,0.09,0.7,896,1600,13,,,,,,,,276.29342199998064,uav0000268_05773_v
823,0.5337319002265534,0,baseline,0.09,0.7,896,1600,14,,,,,,,,266.71836399964377,uav0000268_05773_v
824,0.5337319002265534,0,baseline,0.09,0.7,896,1600,12,,,,,,,,264.4195060001948,uav0000268_05773_v
825,0.5337319002265534,0,baseline,0.09,0.7,896,1600,12,,,,,,,,258.448820999547,uav0000268_05773_v
826,0.5337319002265534,0,baseline,0.09,0.7,896,1600,12,,,,,,,,276.2676379998084,uav0000268_05773_v
827,0.5337319002265534,0,baseline,0.09,0.7,896,1600,11,,,,,,,,263.67813799970463,uav0000268_05773_v
828,0.5337319002265534,0,baseline,0.09,0.7,896,1600,12,,,,,,,,277.1712990006563,uav0000268_05773_v
829,0.5337319002265534,0,baseline,0.09,0.7,896,1600,12,,,,,,,,278.9195519999339,uav0000268_05773_v
830,0.5337319002265534,0,baseline,0.09,0.7,896,1600,12,,,,,,,,267.68378100041446,uav0000268_05773_v
831,0.5283502949647798,1,baseline,0.09,0.7,896,1600,12,0.4,0.0833333333333333,1.0,0.0,0.0,0.5039894611564252,1995.2971115325763,280.60970899969107,uav0000268_05773_v
832,0.5283502949647798,0,baseline,0.09,0.7,896,1600,13,,,,,,,,279.0365200007727,uav0000268_05773_v
833,0.5283502949647798,0,baseline,0.09,0.7,896,1600,12,,,,,,,,272.0168179994289,uav0000268_05773_v
834,0.5283502949647798,0,baseline,0.09,0.7,896,1600,12,,,,,,,,279.542331999437,uav0000268_05773_v
835,0.5283502949647798,0,baseline,0.09,0.7,896,1600,12,,,,,,,,266.8458260004627,uav0000268_05773_v
836,0.5283502949647798,0,baseline,0.09,0.7,896,1600,12,,,,,,,,275.0922069999433,uav0000268_05773_v
837,0.5283502949647798,0,baseline,0.09,0.7,896,1600,12,,,,,,,,263.0944169995928,uav0000268_05773_v
838,0.5283502949647798,0,baseline,0.09,0.7,896,1600,12,,,,,,,,287.03604800011817,uav0000268_05773_v
839,0.5283502949647798,0,baseline,0.09,0.7,896,1600,14,,,,,,,,266.8637599999784,uav0000268_05773_v
840,0.5283502949647798,0,baseline,0.09,0.7,896,1600,11,,,,,,,,284.0988260004451,uav0000268_05773_v
841,0.52242795810075,1,baseline,0.09,0.7,896,1600,13,0.3666666666666666,0.0909090909090909,1.0,0.0,0.0,0.5013529419195517,1962.8072777374089,297.5628839994897,uav0000268_05773_v
842,0.52242795810075,0,baseline,0.09,0.7,896,1600,14,,,,,,,,268.0625759994655,uav0000268_05773_v
843,0.52242795810075,0,baseline,0.09,0.7,896,1600,14,,,,,,,,271.0713129999931,uav0000268_05773_v
844,0.52242795810075,0,baseline,0.09,0.7,896,1600,13,,,,,,,,291.6610109996327,uav0000268_05773_v
845,0.52242795810075,0,baseline,0.09,0.7,896,1600,13,,,,,,,,261.28455199977907,uav0000268_05773_v
846,0.52242795810075,0,baseline,0.09,0.7,896,1600,15,,,,,,,,364.3356869997661,uav0000268_05773_v
847,0.52242795810075,0,baseline,0.09,0.7,896,1600,15,,,,,,,,349.2629579995992,uav0000268_05773_v
848,0.52242795810075,0,baseline,0.09,0.7,896,1600,15,,,,,,,,340.6483669996305,uav0000268_05773_v
849,0.52242795810075,0,baseline,0.09,0.7,896,1600,14,,,,,,,,326.0476300001756,uav0000268_05773_v
850,0.52242795810075,0,baseline,0.09,0.7,896,1600,14,,,,,,,,366.0061440004938,uav0000268_05773_v
851,0.5177384094758839,1,baseline,0.09,0.7,896,1600,15,0.4666666666666667,0.0714285714285714,1.0,0.0,0.0,0.5099824595936979,2046.6279009673049,383.4158130002834,uav0000268_05773_v
852,0.5177384094758839,0,baseline,0.09,0.7,896,1600,14,,,,,,,,361.9109720002598,uav0000268_05773_v
853,0.5177384094758839,0,baseline,0.09,0.7,896,1600,15,,,,,,,,347.55472500000906,uav0000268_05773_v
854,0.5177384094758839,0,baseline,0.09,0.7,896,1600,13,,,,,,,,339.7324010002194,uav0000268_05773_v
855,0.5177384094758839,0,baseline,0.09,0.7,896,1600,13,,,,,,,,339.7978359998888,uav0000268_05773_v
856,0.5177384094758839,0,baseline,0.09,0.7,896,1600,13,,,,,,,,366.6408229992157,uav0000268_05773_v
857,0.5177384094758839,0,baseline,0.09,0.7,896,1600,12,,,,,,,,336.84425100000226,uav0000268_05773_v
858,0.5177384094758839,0,baseline,0.09,0.7,896,1600,12,,,,,,,,302.9598809998788,uav0000268_05773_v
859,0.5177384094758839,0,baseline,0.09,0.7,896,1600,12,,,,,,,,264.91398999951343,uav0000268_05773_v
860,0.5177384094758839,0,baseline,0.09,0.7,896,1600,11,,,,,,,,262.49693900081184,uav0000268_05773_v
861,0.5089362327577502,1,baseline,0.09,0.7,896,1600,12,0.3666666666666666,0.0,1.0,0.0,0.0,0.4811940629408245,1917.060998608968,281.1206279993712,uav0000268_05773_v
862,0.5089362327577502,0,baseline,0.09,0.7,896,1600,13,,,,,,,,282.9628630006482,uav0000268_05773_v
863,0.5089362327577502,0,baseline,0.09,0.7,896,1600,14,,,,,,,,271.6260779998265,uav0000268_05773_v
864,0.5089362327577502,0,baseline,0.09,0.7,896,1600,14,,,,,,,,299.3138869996983,uav0000268_05773_v
865,0.5089362327577502,0,baseline,0.09,0.7,896,1600,13,,,,,,,,271.4532820000386,uav0000268_05773_v
866,0.5089362327577502,0,baseline,0.09,0.7,896,1600,14,,,,,,,,265.07032199970126,uav0000268_05773_v
867,0.5089362327577502,0,baseline,0.09,0.7,896,1600,17,,,,,,,,264.88535099997534,uav0000268_05773_v
868,0.5089362327577502,0,baseline,0.09,0.7,896,1600,14,,,,,,,,297.6506700006212,uav0000268_05773_v
869,0.5089362327577502,0,baseline,0.09,0.7,896,1600,16,,,,,,,,267.36582400008047,uav0000268_05773_v
870,0.5089362327577502,0,baseline,0.09,0.7,896,1600,16,,,,,,,,283.2459040000685,uav0000268_05773_v
871,0.5053290998981741,1,baseline,0.09,0.7,896,1600,17,0.5333333333333333,0.0,1.0,0.0,0.0,0.5027761920329945,2031.8715812109697,291.8219550001595,uav0000268_05773_v
872,0.5053290998981741,0,baseline,0.09,0.7,896,1600,16,,,,,,,,266.60538499982067,uav0000268_05773_v
873,0.5053290998981741,0,baseline,0.09,0.7,896,1600,17,,,,,,,,254.6046219995333,uav0000268_05773_v
874,0.5053290998981741,0,baseline,0.09,0.7,896,1600,16,,,,,,,,273.8787140006025,uav0000268_05773_v
875,0.5053290998981741,0,baseline,0.09,0.7,896,1600,15,,,,,,,,261.9187090003834,uav0000268_05773_v
876,0.5053290998981741,0,baseline,0.09,0.7,896,1600,16,,,,,,,,279.5437849999871,uav0000268_05773_v
877,0.5053290998981741,0,baseline,0.09,0.7,896,1600,16,,,,,,,,267.96855599968694,uav0000268_05773_v
878,0.5053290998981741,0,baseline,0.09,0.7,896,1600,18,,,,,,,,263.8510650003809,uav0000268_05773_v
879,0.5053290998981741,0,baseline,0.09,0.7,896,1600,16,,,,,,,,250.5313289993865,uav0000268_05773_v
880,0.5053290998981741,0,baseline,0.09,0.7,896,1600,14,,,,,,,,277.62198200071,uav0000268_05773_v
881,0.5027514338329843,1,baseline,0.09,0.7,896,1600,15,0.4666666666666667,0.0714285714285714,1.0,0.0,0.0,0.5099824595936979,2064.553903870349,285.66894699997647,uav0000268_05773_v
882,0.5027514338329843,0,baseline,0.09,0.7,896,1600,16,,,,,,,,280.96260399979656,uav0000268_05773_v
883,0.5027514338329843,0,baseline,0.09,0.7,896,1600,14,,,,,,,,298.5907100000986,uav0000268_05773_v
884,0.5027514338329843,0,baseline,0.09,0.7,896,1600,14,,,,,,,,274.9871899995924,uav0000268_05773_v
885,0.5027514338329843,0,baseline,0.09,0.7,896,1600,15,,,,,,,,270.520528999441,uav0000268_05773_v
886,0.5027514338329843,0,baseline,0.09,0.7,896,1600,15,,,,,,,,278.481338000347,uav0000268_05773_v
887,0.5027514338329843,0,baseline,0.09,0.7,896,1600,15,,,,,,,,280.10623200043483,uav0000268_05773_v
888,0.5027514338329843,0,baseline,0.09,0.7,896,1600,16,,,,,,,,282.9145180003252,uav0000268_05773_v
889,0.5027514338329843,0,baseline,0.09,0.7,896,1600,17,,,,,,,,267.4727029998394,uav0000268_05773_v
890,0.5027514338329843,0,baseline,0.09,0.7,896,1600,17,,,,,,,,262.466000999666,uav0000268_05773_v
891,0.5042020250863241,1,baseline,0.09,0.7,896,1600,18,0.5666666666666667,0.0588235294117647,1.0,0.0,0.0,0.5201365983670756,2132.1206937968814,289.87606200007576,uav0000268_05773_v
892,0.5042020250863241,0,baseline,0.09,0.7,896,1600,17,,,,,,,,285.609284000202,uav0000268_05773_v
893,0.5042020250863241,0,baseline,0.09,0.7,896,1600,18,,,,,,,,261.4065979996667,uav0000268_05773_v
894,0.5042020250863241,0,baseline,0.09,0.7,896,1600,16,,,,,,,,298.1223070000852,uav0000268_05773_v
895,0.5042020250863241,0,baseline,0.09,0.7,896,1600,16,,,,,,,,351.9456020003417,uav0000268_05773_v
896,0.5042020250863241,0,baseline,0.09,0.7,896,1600,14,,,,,,,,337.8995869998107,uav0000268_05773_v
897,0.5042020250863241,0,baseline,0.09,0.7,896,1600,15,,,,,,,,333.3972359996551,uav0000268_05773_v
898,0.5042020250863241,0,baseline,0.09,0.7,896,1600,15,,,,,,,,367.1182779999072,uav0000268_05773_v
899,0.5042020250863241,0,baseline,0.09,0.7,896,1600,15,,,,,,,,348.90067400010594,uav0000268_05773_v
900,0.5042020250863241,0,baseline,0.09,0.7,896,1600,16,,,,,,,,361.1859250004272,uav0000268_05773_v
901,0.5040287009258339,1,baseline,0.09,0.7,896,1600,19,0.5333333333333333,0.0,1.0,0.0,0.0,0.5027761920329945,2093.154349922836,374.92512199969497,uav0000268_05773_v
902,0.5040287009258339,0,baseline,0.09,0.7,896,1600,15,,,,,,,,340.60627700000623,uav0000268_05773_v
903,0.5040287009258339,0,baseline,0.09,0.7,896,1600,17,,,,,,,,338.1973880004807,uav0000268_05773_v
904,0.5040287009258339,0,baseline,0.09,0.7,896,1600,14,,,,,,,,372.10551499993016,uav0000268_05773_v
905,0.5040287009258339,0,baseline,0.09,0.7,896,1600,15,,,,,,,,345.4728669994438,uav0000268_05773_v
906,0.5040287009258339,0,baseline,0.09,0.7,896,1600,16,,,,,,,,335.208669000167,uav0000268_05773_v
907,0.5040287009258339,0,baseline,0.09,0.7,896,1600,14,,,,,,,,275.7607410003402,uav0000268_05773_v
908,0.5040287009258339,0,baseline,0.09,0.7,896,1600,15,,,,,,,,270.56248400003824,uav0000268_05773_v
909,0.5040287009258339,0,baseline,0.09,0.7,896,1600,14,,,,,,,,262.2457729994494,uav0000268_05773_v
910,0.5040287009258339,0,baseline,0.09,0.7,896,1600,15,,,,,,,,293.25993499969627,uav0000268_05773_v
911,0.5036153901108351,1,baseline,0.09,0.7,896,1600,15,0.5,0.0,1.0,0.0,0.0,0.4984597662145605,2078.798267701888,293.96920500039414,uav0000268_05773_v
912,0.5036153901108351,0,baseline,0.09,0.7,896,1600,15,,,,,,,,281.0865199999171,uav0000268_05773_v
913,0.5036153901108351,0,baseline,0.09,0.7,896,1600,17,,,,,,,,266.85254000040004,uav0000268_05773_v
914,0.5036153901108351,0,baseline,0.09,0.7,896,1600,15,,,,,,,,287.21987799963244,uav0000268_05773_v
915,0.5036153901108351,0,baseline,0.09,0.7,896,1600,16,,,,,,,,263.33481799974834,uav0000268_05773_v
916,0.5036153901108351,0,baseline,0.09,0.7,896,1600,15,,,,,,,,284.9253269996552,uav0000268_05773_v
917,0.5036153901108351,0,baseline,0.09,0.7,896,1600,15,,,,,,,,262.47937599964644,uav0000268_05773_v
918,0.5036153901108351,0,baseline,0.09,0.7,896,1600,14,,,,,,,,291.6358250004123,uav0000268_05773_v
919,0.5036153901108351,0,baseline,0.09,0.7,896,1600,14,,,,,,,,263.0785110004581,uav0000268_05773_v
920,0.5036153901108351,0,baseline,0.09,0.7,896,1600,15,,,,,,,,264.77644800070266,uav0000268_05773_v
921,0.5019692910566727,1,baseline,0.09,0.7,896,1600,14,0.5,0.0,1.0,0.0,0.0,0.4984597662145605,2038.0137946734217,296.2449340002422,uav0000268_05773_v
922,0.5019692910566727,0,baseline,0.09,0.7,896,1600,14,,,,,,,,293.42370699941966,uav0000268_05773_v
923,0.5019692910566727,0,baseline,0.09,0.7,896,1600,15,,,,,,,,271.507622000172,uav0000268_05773_v
924,0.5019692910566727,0,baseline,0.09,0.7,896,1600,16,,,,,,,,292.03864600003726,uav0000268_05773_v
925,0.5019692910566727,0,baseline,0.09,0.7,896,1600,15,,,,,,,,274.2237489992476,uav0000268_05773_v
926,0.5019692910566727,0,baseline,0.09,0.7,896,1600,15,,,,,,,,272.928401000172,uav0000268_05773_v
927,0.5019692910566727,0,baseline,0.09,0.7,896,1600,17,,,,,,,,260.86980600030074,uav0000268_05773_v
928,0.5019692910566727,0,baseline,0.09,0.7,896,1600,17,,,,,,,,287.20273099952465,uav0000268_05773_v
929,0.5019692910566727,0,baseline,0.09,0.7,896,1600,17,,,,,,,,277.41197100021964,uav0000268_05773_v
930,0.5019692910566727,0,baseline,0.09,0.7,896,1600,16,,,,,,,,275.5575009996392,uav0000268_05773_v
931,0.5050524523555541,1,baseline,0.09,0.7,896,1600,16,0.5333333333333333,0.0,1.0,0.0,0.0,0.5027761920329945,2087.027407892504,301.2127080000937,uav0000268_05773_v
932,0.5050524523555541,0,baseline,0.09,0.7,896,1600,15,,,,,,,,285.03545399962604,uav0000268_05773_v
933,0.5050524523555541,0,baseline,0.09,0.7,896,1600,16,,,,,,,,269.5828910000273,uav0000268_05773_v
934,0.5050524523555541,0,baseline,0.09,0.7,896,1600,19,,,,,,,,284.9332760006291,uav0000268_05773_v
935,0.5050524523555541,0,baseline,0.09,0.7,896,1600,20,,,,,,,,269.5400270004029,uav0000268_05773_v
936,0.5050524523555541,0,baseline,0.09,0.7,896,1600,19,,,,,,,,282.40457699939725,uav0000268_05773_v
937,0.5050524523555541,0,baseline,0.09,0.7,896,1600,19,,,,,,,,276.1359520000042,uav0000268_05773_v
938,0.5050524523555541,0,baseline,0.09,0.7,896,1600,16,,,,,,,,265.26143599949137,uav0000268_05773_v
939,0.5050524523555541,0,baseline,0.09,0.7,896,1600,14,,,,,,,,268.72500499939633,uav0000268_05773_v
940,0.5050524523555541,0,baseline,0.09,0.7,896,1600,15,,,,,,,,281.54301199992915,uav0000268_05773_v
941,0.5044358200957778,1,baseline,0.09,0.7,896,1600,15,0.5,0.0,1.0,0.0,0.0,0.4984597662145605,1906.4243305314092,291.0285819998535,uav0000268_05773_v
942,0.5044358200957778,0,baseline,0.09,0.7,896,1600,16,,,,,,,,335.3644709995933,uav0000268_05773_v
943,0.5044358200957778,0,baseline,0.09,0.7,896,1600,16,,,,,,,,364.93895199964754,uav0000268_05773_v
944,0.5044358200957778,0,baseline,0.09,0.7,896,1600,17,,,,,,,,336.98279800046294,uav0000268_05773_v
945,0.5044358200957778,0,baseline,0.09,0.7,896,1600,16,,,,,,,,334.5716329995412,uav0000268_05773_v
946,0.5044358200957778,0,baseline,0.09,0.7,896,1600,17,,,,,,,,355.38166599963006,uav0000268_05773_v
947,0.5044358200957778,0,baseline,0.09,0.7,896,1600,17,,,,,,,,341.0478899995724,uav0000268_05773_v
948,0.5044358200957778,0,baseline,0.09,0.7,896,1600,19,,,,,,,,354.00105899952905,uav0000268_05773_v
949,0.5044358200957778,0,baseline,0.09,0.7,896,1600,17,,,,,,,,340.27308099939546,uav0000268_05773_v
950,0.5044358200957778,0,baseline,0.09,0.7,896,1600,19,,,,,,,,346.52368599927286,uav0000268_05773_v
951,0.5052562500807204,1,baseline,0.09,0.7,896,1600,19,0.6333333333333333,0.0,1.0,0.0,0.0,0.5157254694882966,2033.091844071368,369.7154189994762,uav0000268_05773_v
952,0.5052562500807204,0,baseline,0.09,0.7,896,1600,19,,,,,,,,361.1237220002295,uav0000268_05773_v
953,0.5052562500807204,0,baseline,0.09,0.7,896,1600,19,,,,,,,,364.9118549992636,uav0000268_05773_v
954,0.5052562500807204,0,baseline,0.09,0.7,896,1600,19,,,,,,,,313.1851119997009,uav0000268_05773_v
955,0.5052562500807204,0,baseline,0.09,0.7,896,1600,19,,,,,,,,274.5806379998612,uav0000268_05773_v
956,0.5052562500807204,0,baseline,0.09,0.7,896,1600,18,,,,,,,,261.2936420000551,uav0000268_05773_v
957,0.5052562500807204,0,baseline,0.09,0.7,896,1600,18,,,,,,,,254.23672200031436,uav0000268_05773_v
958,0.5052562500807204,0,baseline,0.09,0.7,896,1600,20,,,,,,,,279.1500419998556,uav0000268_05773_v
959,0.5052562500807204,0,baseline,0.09,0.7,896,1600,16,,,,,,,,270.5668270000388,uav0000268_05773_v
960,0.5052562500807204,0,baseline,0.09,0.7,896,1600,20,,,,,,,,290.4039869999906,uav0000268_05773_v
961,0.5052427210720997,1,baseline,0.09,0.7,896,1600,18,0.6666666666666666,0.0,1.0,0.0,0.0,0.5200418953067305,1954.8841533719612,293.1288760000825,uav0000268_05773_v
962,0.5052427210720997,0,baseline,0.09,0.7,896,1600,21,,,,,,,,263.2101529998181,uav0000268_05773_v
963,0.5052427210720997,0,baseline,0.09,0.7,896,1600,20,,,,,,,,257.27043000006233,uav0000268_05773_v
964,0.5052427210720997,0,baseline,0.09,0.7,896,1600,19,,,,,,,,301.9790730004388,uav0000268_05773_v
965,0.5052427210720997,0,baseline,0.09,0.7,896,1600,18,,,,,,,,268.9869870000621,uav0000268_05773_v
966,0.5052427210720997,0,baseline,0.09,0.7,896,1600,19,,,,,,,,277.5433630004045,uav0000268_05773_v
967,0.5052427210720997,0,baseline,0.09,0.7,896,1600,16,,,,,,,,264.515491999191,uav0000268_05773_v
968,0.5052427210720997,0,baseline,0.09,0.7,896,1600,15,,,,,,,,276.23388699976203,uav0000268_05773_v
969,0.5052427210720997,0,baseline,0.09,0.7,896,1600,15,,,,,,,,263.65115600037825,uav0000268_05773_v
970,0.5052427210720997,0,baseline,0.09,0.7,896,1600,14,,,,,,,,278.1219210000927,uav0000268_05773_v
971,0.5040094565525471,1,baseline,0.09,0.7,896,1600,14,0.4666666666666667,0.0,1.0,0.0,0.0,0.4941433403961265,2022.145440536989,302.9653209996468,uav0000268_05773_v
972,0.5040094565525471,0,baseline,0.09,0.7,896,1600,15,,,,,,,,277.7355110001736,uav0000268_05773_v
973,0.5040094565525471,0,baseline,0.09,0.7,896,1600,17,,,,,,,,267.9278269997667,uav0000268_05773_v
974,0.5040094565525471,0,baseline,0.09,0.7,896,1600,16,,,,,,,,261.34590200035746,uav0000268_05773_v
975,0.5040094565525471,0,baseline,0.09,0.7,896,1600,17,,,,,,,,265.846378999413,uav0000268_05773_v
976,0.5040094565525471,0,baseline,0.09,0.7,896,1600,16,,,,,,,,285.38428299998486,uav0000268_05773_v
977,0.5040094565525471,0,baseline,0.09,0.7,896,1600,16,,,,,,,,269.06292799958464,uav0000268_05773_v
978,0.5040094565525471,0,baseline,0.09,0.7,896,1600,16,,,,,,,,284.353375000137,uav0000268_05773_v
1,0.4337133789380505,1,baseline,0.09,0.7,896,1600,39,0.0,0.0,1.0,0.0,0.0,0.4337133789380505,1282.5333711043286,239.8463930003345,uav0000305_00000_v
2,0.4337133789380505,0,baseline,0.09,0.7,896,1600,38,,,,,,,,336.57946000039374,uav0000305_00000_v
3,0.4337133789380505,0,baseline,0.09,0.7,896,1600,38,,,,,,,,235.5714680006713,uav0000305_00000_v
4,0.4337133789380505,0,baseline,0.09,0.7,896,1600,38,,,,,,,,229.3567980004809,uav0000305_00000_v
5,0.4337133789380505,0,baseline,0.09,0.7,896,1600,38,,,,,,,,227.5414010000532,uav0000305_00000_v
6,0.4337133789380505,0,baseline,0.09,0.7,896,1600,38,,,,,,,,224.63383200010867,uav0000305_00000_v
7,0.4337133789380505,0,baseline,0.09,0.7,896,1600,38,,,,,,,,223.532642000464,uav0000305_00000_v
8,0.4337133789380505,0,baseline,0.09,0.7,896,1600,38,,,,,,,,221.30316700076943,uav0000305_00000_v
9,0.4337133789380505,0,baseline,0.09,0.7,896,1600,39,,,,,,,,221.3387830006468,uav0000305_00000_v
10,0.4337133789380505,0,baseline,0.09,0.7,896,1600,39,,,,,,,,233.26136900050187,uav0000305_00000_v
11,0.5126743603662272,1,baseline,0.09,0.7,896,1600,39,1.0,0.1282051282051282,1.0,0.0,0.0,0.5916353417944038,1230.3959474466997,227.3235669999849,uav0000305_00000_v
12,0.5126743603662272,0,baseline,0.09,0.7,896,1600,39,,,,,,,,221.18909700020595,uav0000305_00000_v
13,0.5126743603662272,0,baseline,0.09,0.7,896,1600,39,,,,,,,,226.4371219998793,uav0000305_00000_v
14,0.5126743603662272,0,baseline,0.09,0.7,896,1600,39,,,,,,,,229.6501599994372,uav0000305_00000_v
15,0.5126743603662272,0,baseline,0.09,0.7,896,1600,39,,,,,,,,294.58966699985467,uav0000305_00000_v
16,0.5126743603662272,0,baseline,0.09,0.7,896,1600,39,,,,,,,,288.19415399993886,uav0000305_00000_v
17,0.5126743603662272,0,baseline,0.09,0.7,896,1600,39,,,,,,,,276.4115239997409,uav0000305_00000_v
18,0.5126743603662272,0,baseline,0.09,0.7,896,1600,39,,,,,,,,269.6244809994824,uav0000305_00000_v
19,0.5126743603662272,0,baseline,0.09,0.7,896,1600,39,,,,,,,,273.39951299927634,uav0000305_00000_v
20,0.5126743603662272,0,baseline,0.09,0.7,896,1600,39,,,,,,,,278.19495600033406,uav0000305_00000_v
21,0.5389946875089527,1,baseline,0.09,0.7,896,1600,39,1.0,0.1282051282051282,1.0,0.0,0.0,0.5916353417944038,1258.8422056906093,281.67838399986067,uav0000305_00000_v
22,0.5389946875089527,0,baseline,0.09,0.7,896,1600,39,,,,,,,,284.3270869998378,uav0000305_00000_v
23,0.5389946875089527,0,baseline,0.09,0.7,896,1600,39,,,,,,,,268.76246299980266,uav0000305_00000_v
24,0.5389946875089527,0,baseline,0.09,0.7,896,1600,39,,,,,,,,269.80447200003255,uav0000305_00000_v
25,0.5389946875089527,0,baseline,0.09,0.7,896,1600,39,,,,,,,,271.2805310002296,uav0000305_00000_v
26,0.5389946875089527,0,baseline,0.09,0.7,896,1600,39,,,,,,,,285.72722199987766,uav0000305_00000_v
27,0.5389946875089527,0,baseline,0.09,0.7,896,1600,39,,,,,,,,277.10598900011973,uav0000305_00000_v
28,0.5389946875089527,0,baseline,0.09,0.7,896,1600,39,,,,,,,,273.24496299934253,uav0000305_00000_v
29,0.5389946875089527,0,baseline,0.09,0.7,896,1600,39,,,,,,,,226.64730999986205,uav0000305_00000_v
30,0.5389946875089527,0,baseline,0.09,0.7,896,1600,39,,,,,,,,222.2728870001447,uav0000305_00000_v
31,0.5521548510803155,1,baseline,0.09,0.7,896,1600,39,1.0,0.1282051282051282,1.0,0.0,0.0,0.5916353417944038,1225.970476927065,231.2710109999898,uav0000305_00000_v
32,0.5521548510803155,0,baseline,0.09,0.7,896,1600,39,,,,,,,,225.85697900012747,uav0000305_00000_v
33,0.5521548510803155,0,baseline,0.09,0.7,896,1600,39,,,,,,,,221.42157000052973,uav0000305_00000_v
34,0.5521548510803155,0,baseline,0.09,0.7,896,1600,39,,,,,,,,223.993743000392,uav0000305_00000_v
35,0.5521548510803155,0,baseline,0.09,0.7,896,1600,39,,,,,,,,236.32976899989444,uav0000305_00000_v
36,0.5521548510803155,0,baseline,0.09,0.7,896,1600,39,,,,,,,,222.3784490006437,uav0000305_00000_v
37,0.5521548510803155,0,baseline,0.09,0.7,896,1600,39,,,,,,,,226.6327779998392,uav0000305_00000_v
38,0.5521548510803155,0,baseline,0.09,0.7,896,1600,39,,,,,,,,222.10626200012484,uav0000305_00000_v
39,0.5521548510803155,0,baseline,0.09,0.7,896,1600,39,,,,,,,,232.6322480003,uav0000305_00000_v
40,0.5521548510803155,0,baseline,0.09,0.7,896,1600,39,,,,,,,,231.4050640006826,uav0000305_00000_v
41,0.5600509492231331,1,baseline,0.09,0.7,896,1600,39,1.0,0.1282051282051282,1.0,0.0,0.0,0.5916353417944038,1229.5908871306046,232.2926340002596,uav0000305_00000_v
42,0.5600509492231331,0,baseline,0.09,0.7,896,1600,39,,,,,,,,226.4666050004962,uav0000305_00000_v
43,0.5600509492231331,0,baseline,0.09,0.7,896,1600,39,,,,,,,,224.50250500060065,uav0000305_00000_v
44,0.5600509492231331,0,baseline,0.09,0.7,896,1600,39,,,,,,,,224.07884699987332,uav0000305_00000_v
45,0.5600509492231331,0,baseline,0.09,0.7,896,1600,39,,,,,,,,225.7806019997588,uav0000305_00000_v
46,0.5600509492231331,0,baseline,0.09,0.7,896,1600,39,,,,,,,,226.19866300010472,uav0000305_00000_v
47,0.5600509492231331,0,baseline,0.09,0.7,896,1600,39,,,,,,,,226.1377889999494,uav0000305_00000_v
48,0.5600509492231331,0,baseline,0.09,0.7,896,1600,40,,,,,,,,227.33726299975388,uav0000305_00000_v
49,0.5600509492231331,0,baseline,0.09,0.7,896,1600,39,,,,,,,,236.56535600002823,uav0000305_00000_v
50,0.5600509492231331,0,baseline,0.09,0.7,896,1600,39,,,,,,,,232.37097299988815,uav0000305_00000_v
51,0.5653150146516782,1,baseline,0.09,0.7,896,1600,39,1.0,0.1282051282051282,1.0,0.0,0.0,0.5916353417944038,1249.5749927137915,231.9359849998364,uav0000305_00000_v
52,0.5653150146516782,0,baseline,0.09,0.7,896,1600,39,,,,,,,,221.07353100000185,uav0000305_00000_v
53,0.5653150146516782,0,baseline,0.09,0.7,896,1600,39,,,,,,,,237.55397499917308,uav0000305_00000_v
54,0.5653150146516782,0,baseline,0.09,0.7,896,1600,39,,,,,,,,224.32525899967004,uav0000305_00000_v
55,0.5653150146516782,0,baseline,0.09,0.7,896,1600,39,,,,,,,,220.2342420005152,uav0000305_00000_v
56,0.5653150146516782,0,baseline,0.09,0.7,896,1600,39,,,,,,,,226.40927900010865,uav0000305_00000_v
57,0.5653150146516782,0,baseline,0.09,0.7,896,1600,39,,,,,,,,220.9325270005138,uav0000305_00000_v
58,0.5653150146516782,0,baseline,0.09,0.7,896,1600,39,,,,,,,,238.6076160000812,uav0000305_00000_v
59,0.5653150146516782,0,baseline,0.09,0.7,896,1600,39,,,,,,,,223.77553200021796,uav0000305_00000_v
60,0.5653150146516782,0,baseline,0.09,0.7,896,1600,39,,,,,,,,220.3225030007161,uav0000305_00000_v
61,0.5690750613863533,1,baseline,0.09,0.7,896,1600,38,1.0,0.1282051282051282,1.0,0.0,0.0,0.5916353417944038,1233.6938086256216,232.04411000006075,uav0000305_00000_v
62,0.5690750613863533,0,baseline,0.09,0.7,896,1600,38,,,,,,,,222.9180999993332,uav0000305_00000_v
63,0.5690750613863533,0,baseline,0.09,0.7,896,1600,37,,,,,,,,222.9045820004103,uav0000305_00000_v
64,0.5690750613863533,0,baseline,0.09,0.7,896,1600,36,,,,,,,,222.35931000068376,uav0000305_00000_v
65,0.5690750613863533,0,baseline,0.09,0.7,896,1600,36,,,,,,,,218.60197000023615,uav0000305_00000_v
66,0.5690750613863533,0,baseline,0.09,0.7,896,1600,35,,,,,,,,220.5640800002584,uav0000305_00000_v
67,0.5690750613863533,0,baseline,0.09,0.7,896,1600,35,,,,,,,,239.4349249998413,uav0000305_00000_v
68,0.5690750613863533,0,baseline,0.09,0.7,896,1600,35,,,,,,,,223.0543570003647,uav0000305_00000_v
69,0.5690750613863533,0,baseline,0.09,0.7,896,1600,35,,,,,,,,221.5098279993981,uav0000305_00000_v
70,0.5690750613863533,0,baseline,0.09,0.7,896,1600,35,,,,,,,,222.21548900051857,uav0000305_00000_v
71,0.591194399281944,1,baseline,0.09,0.7,896,1600,36,1.0,0.1142857142857142,1.0,0.0,0.0,0.5885487442071847,1250.7255461515913,240.8093469994128,uav0000305_00000_v
72,0.591194399281944,0,baseline,0.09,0.7,896,1600,36,,,,,,,,236.2083279995204,uav0000305_00000_v
73,0.591194399281944,0,baseline,0.09,0.7,896,1600,36,,,,,,,,277.8404230002707,uav0000305_00000_v
74,0.591194399281944,0,baseline,0.09,0.7,896,1600,36,,,,,,,,290.4906000003393,uav0000305_00000_v
75,0.591194399281944,0,baseline,0.09,0.7,896,1600,37,,,,,,,,287.01762599939684,uav0000305_00000_v
76,0.591194399281944,0,baseline,0.09,0.7,896,1600,37,,,,,,,,284.4776069996442,uav0000305_00000_v
77,0.591194399281944,0,baseline,0.09,0.7,896,1600,37,,,,,,,,281.82720099994185,uav0000305_00000_v
78,0.591194399281944,0,baseline,0.09,0.7,896,1600,37,,,,,,,,281.0716069998307,uav0000305_00000_v
79,0.591194399281944,0,baseline,0.09,0.7,896,1600,38,,,,,,,,278.3452860003308,uav0000305_00000_v
80,0.591194399281944,0,baseline,0.09,0.7,896,1600,38,,,,,,,,267.6320009995834,uav0000305_00000_v
81,0.5896340002246933,1,baseline,0.09,0.7,896,1600,39,1.0,0.0789473684210526,1.0,0.0,0.0,0.5807125483936494,1244.4516179584052,283.9313679996849,uav0000305_00000_v
82,0.5896340002246933,0,baseline,0.09,0.7,896,1600,39,,,,,,,,275.5887020002774,uav0000305_00000_v
83,0.5896340002246933,0,baseline,0.09,0.7,896,1600,38,,,,,,,,291.31596899969736,uav0000305_00000_v
84,0.5896340002246933,0,baseline,0.09,0.7,896,1600,37,,,,,,,,313.735405999978,uav0000305_00000_v
85,0.5896340002246933,0,baseline,0.09,0.7,896,1600,36,,,,,,,,282.46229799970024,uav0000305_00000_v
86,0.5896340002246933,0,baseline,0.09,0.7,896,1600,35,,,,,,,,298.97612600052526,uav0000305_00000_v
87,0.5896340002246933,0,baseline,0.09,0.7,896,1600,35,,,,,,,,270.6727169997976,uav0000305_00000_v
88,0.5896340002246933,0,baseline,0.09,0.7,896,1600,36,,,,,,,,221.44055999979173,uav0000305_00000_v
89,0.5896340002246933,0,baseline,0.09,0.7,896,1600,36,,,,,,,,227.4187840002924,uav0000305_00000_v
90,0.5896340002246933,0,baseline,0.09,0.7,896,1600,36,,,,,,,,232.7619430006962,uav0000305_00000_v
91,0.5890924918760583,1,baseline,0.09,0.7,896,1600,36,1.0,0.1111111111111111,1.0,0.0,0.0,0.5878447833539593,1247.5397984989772,241.08699800035535,uav0000305_00000_v
92,0.5890924918760583,0,baseline,0.09,0.7,896,1600,36,,,,,,,,231.4884900006291,uav0000305_00000_v
93,0.5890924918760583,0,baseline,0.09,0.7,896,1600,37,,,,,,,,220.8975109997482,uav0000305_00000_v
94,0.5890924918760583,0,baseline,0.09,0.7,896,1600,38,,,,,,,,226.96133899989945,uav0000305_00000_v
95,0.5890924918760583,0,baseline,0.09,0.7,896,1600,37,,,,,,,,228.7072669996633,uav0000305_00000_v
96,0.5890924918760583,0,baseline,0.09,0.7,896,1600,36,,,,,,,,236.2084619999223,uav0000305_00000_v
97,0.5890924918760583,0,baseline,0.09,0.7,896,1600,36,,,,,,,,229.1533260004144,uav0000305_00000_v
98,0.5890924918760583,0,baseline,0.09,0.7,896,1600,36,,,,,,,,223.37692300061465,uav0000305_00000_v
99,0.5890924918760583,0,baseline,0.09,0.7,896,1600,36,,,,,,,,225.4348810001829,uav0000305_00000_v
100,0.5890924918760583,0,baseline,0.09,0.7,896,1600,37,,,,,,,,228.32108700004028,uav0000305_00000_v
101,0.588455853682393,1,baseline,0.09,0.7,896,1600,37,1.0,0.1081081081081081,1.0,0.0,0.0,0.5871788744387462,1224.9038040857497,236.2805479997405,uav0000305_00000_v
102,0.588455853682393,0,baseline,0.09,0.7,896,1600,38,,,,,,,,225.8583849998104,uav0000305_00000_v
103,0.588455853682393,0,baseline,0.09,0.7,896,1600,38,,,,,,,,226.99835399998847,uav0000305_00000_v
104,0.588455853682393,0,baseline,0.09,0.7,896,1600,38,,,,,,,,234.05624099996203,uav0000305_00000_v
105,0.588455853682393,0,baseline,0.09,0.7,896,1600,38,,,,,,,,224.23415500088595,uav0000305_00000_v
106,0.588455853682393,0,baseline,0.09,0.7,896,1600,38,,,,,,,,222.4745650000841,uav0000305_00000_v
107,0.588455853682393,0,baseline,0.09,0.7,896,1600,38,,,,,,,,223.6544049992517,uav0000305_00000_v
108,0.588455853682393,0,baseline,0.09,0.7,896,1600,38,,,,,,,,223.51914099999703,uav0000305_00000_v
109,0.588455853682393,0,baseline,0.09,0.7,896,1600,38,,,,,,,,223.1792560005488,uav0000305_00000_v
110,0.588455853682393,0,baseline,0.09,0.7,896,1600,38,,,,,,,,239.17701299978944,uav0000305_00000_v
111,0.5893963681826536,1,baseline,0.09,0.7,896,1600,38,1.0,0.1578947368421052,1.0,0.0,0.0,0.5982189432962284,1168.674213171306,227.5439229997573,uav0000305_00000_v
112,0.5893963681826536,0,baseline,0.09,0.7,896,1600,40,,,,,,,,222.62048399989,uav0000305_00000_v
113,0.5893963681826536,0,baseline,0.09,0.7,896,1600,39,,,,,,,,226.25348299970935,uav0000305_00000_v
114,0.5893963681826536,0,baseline,0.09,0.7,896,1600,38,,,,,,,,221.3408369998433,uav0000305_00000_v
115,0.5893963681826536,0,baseline,0.09,0.7,896,1600,39,,,,,,,,227.47854400040524,uav0000305_00000_v
116,0.5893963681826536,0,baseline,0.09,0.7,896,1600,37,,,,,,,,227.89764099979948,uav0000305_00000_v
117,0.5893963681826536,0,baseline,0.09,0.7,896,1600,36,,,,,,,,228.92952099937247,uav0000305_00000_v
118,0.5893963681826536,0,baseline,0.09,0.7,896,1600,35,,,,,,,,223.05214400057596,uav0000305_00000_v
119,0.5893963681826536,0,baseline,0.09,0.7,896,1600,35,,,,,,,,250.17289700008405,uav0000305_00000_v
120,0.5893963681826536,0,baseline,0.09,0.7,896,1600,35,,,,,,,,223.10858400032885,uav0000305_00000_v
121,0.5916707032469203,1,baseline,0.09,0.7,896,1600,35,1.0,0.2,1.0,0.0,0.0,0.6075556872442704,1149.6305879813956,230.01969599954464,uav0000305_00000_v
122,0.5916707032469203,0,baseline,0.09,0.7,896,1600,35,,,,,,,,222.1627830003854,uav0000305_00000_v
123,0.5916707032469203,0,baseline,0.09,0.7,896,1600,35,,,,,,,,228.82642500007933,uav0000305_00000_v
124,0.5916707032469203,0,baseline,0.09,0.7,896,1600,35,,,,,,,,232.09143399981255,uav0000305_00000_v
125,0.5916707032469203,0,baseline,0.09,0.7,896,1600,35,,,,,,,,226.4935030007109,uav0000305_00000_v
126,0.5916707032469203,0,baseline,0.09,0.7,896,1600,35,,,,,,,,231.67738200027088,uav0000305_00000_v
127,0.5916707032469203,0,baseline,0.09,0.7,896,1600,35,,,,,,,,229.092927000238,uav0000305_00000_v
128,0.5916707032469203,0,baseline,0.09,0.7,896,1600,35,,,,,,,,248.42755000008765,uav0000305_00000_v
129,0.5916707032469203,0,baseline,0.09,0.7,896,1600,35,,,,,,,,222.56892699988384,uav0000305_00000_v
130,0.5916707032469203,0,baseline,0.09,0.7,896,1600,35,,,,,,,,220.6845370001247,uav0000305_00000_v
131,0.5921348532600359,1,baseline,0.09,0.7,896,1600,35,1.0,0.1428571428571428,1.0,0.0,0.0,0.5948843918862132,1155.0736100557176,236.9202190002397,uav0000305_00000_v
132,0.5921348532600359,0,baseline,0.09,0.7,896,1600,35,,,,,,,,285.85465400010435,uav0000305_00000_v
133,0.5921348532600359,0,baseline,0.09,0.7,896,1600,36,,,,,,,,277.4413540000751,uav0000305_00000_v
134,0.5921348532600359,0,baseline,0.09,0.7,896,1600,37,,,,,,,,291.200607999599,uav0000305_00000_v
135,0.5921348532600359,0,baseline,0.09,0.7,896,1600,38,,,,,,,,272.9693239998596,uav0000305_00000_v
136,0.5921348532600359,0,baseline,0.09,0.7,896,1600,38,,,,,,,,279.02985400032776,uav0000305_00000_v
137,0.5921348532600359,0,baseline,0.09,0.7,896,1600,36,,,,,,,,267.5127929996961,uav0000305_00000_v
138,0.5921348532600359,0,baseline,0.09,0.7,896,1600,37,,,,,,,,284.91783600020426,uav0000305_00000_v
139,0.5921348532600359,0,baseline,0.09,0.7,896,1600,37,,,,,,,,287.90567600026407,uav0000305_00000_v
140,0.5921348532600359,0,baseline,0.09,0.7,896,1600,37,,,,,,,,312.74667300021974,uav0000305_00000_v
141,0.5936514947893787,1,baseline,0.09,0.7,896,1600,36,1.0,0.1621621621621621,1.0,0.0,0.0,0.599165234912584,1157.6512585146595,291.02434200012794,uav0000305_00000_v
142,0.5936514947893787,0,baseline,0.09,0.7,896,1600,36,,,,,,,,275.84982400003355,uav0000305_00000_v
143,0.5936514947893787,0,baseline,0.09,0.7,896,1600,35,,,,,,,,280.8979970004657,uav0000305_00000_v
144,0.5936514947893787,0,baseline,0.09,0.7,896,1600,34,,,,,,,,321.5101310006503,uav0000305_00000_v
145,0.5936514947893787,0,baseline,0.09,0.7,896,1600,33,,,,,,,,295.7637999998042,uav0000305_00000_v
146,0.5936514947893787,0,baseline,0.09,0.7,896,1600,32,,,,,,,,236.71355200076505,uav0000305_00000_v
147,0.5936514947893787,0,baseline,0.09,0.7,896,1600,31,,,,,,,,232.8411830003461,uav0000305_00000_v
148,0.5936514947893787,0,baseline,0.09,0.7,896,1600,29,,,,,,,,239.76187900007065,uav0000305_00000_v
149,0.5936514947893787,0,baseline,0.09,0.7,896,1600,29,,,,,,,,221.20604399970037,uav0000305_00000_v
150,0.5936514947893787,0,baseline,0.09,0.7,896,1600,27,,,,,,,,223.3629359998304,uav0000305_00000_v
151,0.589140621584019,1,baseline,0.09,0.7,896,1600,26,0.9,0.074074074074074,0.9595442654673808,0.0,0.0,0.5491364359561314,803.2534183375146,226.7447620006351,uav0000305_00000_v
152,0.589140621584019,0,baseline,0.09,0.7,896,1600,24,,,,,,,,221.85559699937585,uav0000305_00000_v
153,0.589140621584019,0,baseline,0.09,0.7,896,1600,24,,,,,,,,223.171851999723,uav0000305_00000_v
154,0.589140621584019,0,baseline,0.09,0.7,896,1600,26,,,,,,,,220.1097609995486,uav0000305_00000_v
155,0.589140621584019,0,baseline,0.09,0.7,896,1600,26,,,,,,,,222.53531099977408,uav0000305_00000_v
156,0.589140621584019,0,baseline,0.09,0.7,896,1600,28,,,,,,,,225.3057900006752,uav0000305_00000_v
157,0.589140621584019,0,baseline,0.09,0.7,896,1600,25,,,,,,,,230.4317540001648,uav0000305_00000_v
158,0.589140621584019,0,baseline,0.09,0.7,896,1600,26,,,,,,,,226.1369459993148,uav0000305_00000_v
159,0.589140621584019,0,baseline,0.09,0.7,896,1600,28,,,,,,,,229.96211999998195,uav0000305_00000_v
160,0.589140621584019,0,baseline,0.09,0.7,896,1600,25,,,,,,,,226.2964440005817,uav0000305_00000_v
161,0.5825376560190106,1,baseline,0.09,0.7,896,1600,31,0.8333333333333334,0.0,1.0,0.0,0.0,0.5416240243989006,758.2881085791017,241.3289279993478,uav0000305_00000_v
162,0.5825376560190106,0,baseline,0.09,0.7,896,1600,29,,,,,,,,233.05333199914455,uav0000305_00000_v
163,0.5825376560190106,0,baseline,0.09,0.7,896,1600,26,,,,,,,,227.15091800000664,uav0000305_00000_v
164,0.5825376560190106,0,baseline,0.09,0.7,896,1600,28,,,,,,,,231.60318400005053,uav0000305_00000_v
165,0.5825376560190106,0,baseline,0.09,0.7,896,1600,25,,,,,,,,227.694029000304,uav0000305_00000_v
166,0.5825376560190106,0,baseline,0.09,0.7,896,1600,27,,,,,,,,228.0132340001728,uav0000305_00000_v
167,0.5825376560190106,0,baseline,0.09,0.7,896,1600,26,,,,,,,,227.80528600014804,uav0000305_00000_v
168,0.5825376560190106,0,baseline,0.09,0.7,896,1600,25,,,,,,,,219.59388100003707,uav0000305_00000_v
169,0.5825376560190106,0,baseline,0.09,0.7,896,1600,26,,,,,,,,223.51452200018684,uav0000305_00000_v
170,0.5825376560190106,0,baseline,0.09,0.7,896,1600,25,,,,,,,,220.2202460002809,uav0000305_00000_v
171,0.5772969498348383,1,baseline,0.09,0.7,896,1600,23,0.8333333333333334,0.04,1.0,0.0,0.0,0.5504939311495405,834.6452703377847,239.35842199989565,uav0000305_00000_v
172,0.5772969498348383,0,baseline,0.09,0.7,896,1600,25,,,,,,,,222.011351999754,uav0000305_00000_v
173,0.5772969498348383,0,baseline,0.09,0.7,896,1600,26,,,,,,,,220.5922599996484,uav0000305_00000_v
174,0.5772969498348383,0,baseline,0.09,0.7,896,1600,29,,,,,,,,225.40663800009497,uav0000305_00000_v
175,0.5772969498348383,0,baseline,0.09,0.7,896,1600,32,,,,,,,,225.22342599950207,uav0000305_00000_v
176,0.5772969498348383,0,baseline,0.09,0.7,896,1600,31,,,,,,,,222.31633600040368,uav0000305_00000_v
177,0.5772969498348383,0,baseline,0.09,0.7,896,1600,34,,,,,,,,224.80987000017197,uav0000305_00000_v
178,0.5772969498348383,0,baseline,0.09,0.7,896,1600,32,,,,,,,,229.0809719997924,uav0000305_00000_v
179,0.5772969498348383,0,baseline,0.09,0.7,896,1600,35,,,,,,,,224.46923999996216,uav0000305_00000_v
180,0.5772969498348383,0,baseline,0.09,0.7,896,1600,34,,,,,,,,237.43120200015252,uav0000305_00000_v
181,0.5722951227198158,1,baseline,0.09,0.7,896,1600,32,1.0,0.0,1.0,0.0,0.0,0.5632061534910705,930.775988985026,229.21733499970287,uav0000305_00000_v
182,0.5722951227198158,0,baseline,0.09,0.7,896,1600,30,,,,,,,,225.9001200000057,uav0000305_00000_v
183,0.5722951227198158,0,baseline,0.09,0.7,896,1600,30,,,,,,,,220.0430459997733,uav0000305_00000_v
184,0.5722951227198158,0,baseline,0.09,0.7,896,1600,32,,,,,,,,228.36213000027783,uav0000305_00000_v
1,0.2388887556112148,1,baseline,0.09,0.7,896,1600,54,0.0,0.0,0.5507986776800272,0.0,0.0,0.2388887556112148,603.553962605576,242.08675400041105,uav0000339_00001_v
2,0.2388887556112148,0,baseline,0.09,0.7,896,1600,55,,,,,,,,238.50698899968847,uav0000339_00001_v
3,0.2388887556112148,0,baseline,0.09,0.7,896,1600,56,,,,,,,,326.8010640003922,uav0000339_00001_v
4,0.2388887556112148,0,baseline,0.09,0.7,896,1600,57,,,,,,,,235.78847800035877,uav0000339_00001_v
5,0.2388887556112148,0,baseline,0.09,0.7,896,1600,57,,,,,,,,251.438940999833,uav0000339_00001_v
6,0.2388887556112148,0,baseline,0.09,0.7,896,1600,56,,,,,,,,310.8065059996079,uav0000339_00001_v
7,0.2388887556112148,0,baseline,0.09,0.7,896,1600,55,,,,,,,,293.958578999991,uav0000339_00001_v
8,0.2388887556112148,0,baseline,0.09,0.7,896,1600,55,,,,,,,,281.9865250003204,uav0000339_00001_v
9,0.2388887556112148,0,baseline,0.09,0.7,896,1600,54,,,,,,,,285.26380299990706,uav0000339_00001_v
10,0.2388887556112148,0,baseline,0.09,0.7,896,1600,55,,,,,,,,293.2972680000603,uav0000339_00001_v
11,0.3415474317505644,1,baseline,0.09,0.7,896,1600,59,1.0,0.2727272727272727,0.586185966924083,0.0,0.0,0.444206107889914,583.5065219763952,290.60724999999366,uav0000339_00001_v
12,0.3415474317505644,0,baseline,0.09,0.7,896,1600,57,,,,,,,,287.4061080001411,uav0000339_00001_v
13,0.3415474317505644,0,baseline,0.09,0.7,896,1600,57,,,,,,,,288.0381770000895,uav0000339_00001_v
14,0.3415474317505644,0,baseline,0.09,0.7,896,1600,56,,,,,,,,276.8046900000627,uav0000339_00001_v
15,0.3415474317505644,0,baseline,0.09,0.7,896,1600,55,,,,,,,,281.27553400008765,uav0000339_00001_v
16,0.3415474317505644,0,baseline,0.09,0.7,896,1600,54,,,,,,,,298.64114400061226,uav0000339_00001_v
17,0.3415474317505644,0,baseline,0.09,0.7,896,1600,57,,,,,,,,284.0532150003128,uav0000339_00001_v
18,0.3415474317505644,0,baseline,0.09,0.7,896,1600,58,,,,,,,,298.18821999924694,uav0000339_00001_v
19,0.3415474317505644,0,baseline,0.09,0.7,896,1600,58,,,,,,,,277.09791000052064,uav0000339_00001_v
20,0.3415474317505644,0,baseline,0.09,0.7,896,1600,59,,,,,,,,234.41669099975115,uav0000339_00001_v
21,0.3924281415672262,1,baseline,0.09,0.7,896,1600,59,1.0,0.3220338983050847,0.6762219813298452,0.0,0.0,0.4941895612005499,596.1423748444355,234.0266649998739,uav0000339_00001_v
22,0.3924281415672262,0,baseline,0.09,0.7,896,1600,61,,,,,,,,227.25909299970223,uav0000339_00001_v
23,0.3924281415672262,0,baseline,0.09,0.7,896,1600,61,,,,,,,,227.7145879997988,uav0000339_00001_v
24,0.3924281415672262,0,baseline,0.09,0.7,896,1600,60,,,,,,,,246.4291289998073,uav0000339_00001_v
25,0.3924281415672262,0,baseline,0.09,0.7,896,1600,60,,,,,,,,235.6537839996236,uav0000339_00001_v
26,0.3924281415672262,0,baseline,0.09,0.7,896,1600,60,,,,,,,,228.70390099978977,uav0000339_00001_v
27,0.3924281415672262,0,baseline,0.09,0.7,896,1600,58,,,,,,,,232.24463000042303,uav0000339_00001_v
28,0.3924281415672262,0,baseline,0.09,0.7,896,1600,57,,,,,,,,233.7096549999842,uav0000339_00001_v
29,0.3924281415672262,0,baseline,0.09,0.7,896,1600,58,,,,,,,,234.56740700021328,uav0000339_00001_v
30,0.3924281415672262,0,baseline,0.09,0.7,896,1600,58,,,,,,,,231.0533870004292,uav0000339_00001_v
31,0.4215795970308837,1,baseline,0.09,0.7,896,1600,56,1.0,0.3103448275862069,0.7164246295533138,0.0,0.0,0.5090339634218561,618.3459431147252,231.20350499993947,uav0000339_00001_v
32,0.4215795970308837,0,baseline,0.09,0.7,896,1600,57,,,,,,,,227.80848599995807,uav0000339_00001_v
33,0.4215795970308837,0,baseline,0.09,0.7,896,1600,58,,,,,,,,243.76038300033545,uav0000339_00001_v
34,0.4215795970308837,0,baseline,0.09,0.7,896,1600,54,,,,,,,,226.34336999999505,uav0000339_00001_v
35,0.4215795970308837,0,baseline,0.09,0.7,896,1600,52,,,,,,,,222.4462209997,uav0000339_00001_v
36,0.4215795970308837,0,baseline,0.09,0.7,896,1600,51,,,,,,,,222.6564340007826,uav0000339_00001_v
37,0.4215795970308837,0,baseline,0.09,0.7,896,1600,54,,,,,,,,238.3685910008353,uav0000339_00001_v
38,0.4215795970308837,0,baseline,0.09,0.7,896,1600,55,,,,,,,,234.050668999771,uav0000339_00001_v
39,0.4215795970308837,0,baseline,0.09,0.7,896,1600,55,,,,,,,,228.9335809991826,uav0000339_00001_v
40,0.4215795970308837,0,baseline,0.09,0.7,896,1600,59,,,,,,,,231.5513399998963,uav0000339_00001_v
41,0.4395982888761377,1,baseline,0.09,0.7,896,1600,58,1.0,0.2542372881355932,0.751196000788375,0.0,0.0,0.5116730562571541,664.9046894930816,245.1016819995857,uav0000339_00001_v
42,0.4395982888761377,0,baseline,0.09,0.7,896,1600,58,,,,,,,,243.05843399997684,uav0000339_00001_v
43,0.4395982888761377,0,baseline,0.09,0.7,896,1600,59,,,,,,,,229.8630259992933,uav0000339_00001_v
44,0.4395982888761377,0,baseline,0.09,0.7,896,1600,60,,,,,,,,229.2639620000045,uav0000339_00001_v
45,0.4395982888761377,0,baseline,0.09,0.7,896,1600,61,,,,,,,,225.8748760004892,uav0000339_00001_v
46,0.4395982888761377,0,baseline,0.09,0.7,896,1600,60,,,,,,,,233.66161699959773,uav0000339_00001_v
47,0.4395982888761377,0,baseline,0.09,0.7,896,1600,61,,,,,,,,233.852642999409,uav0000339_00001_v
48,0.4395982888761377,0,baseline,0.09,0.7,896,1600,59,,,,,,,,234.2235990008703,uav0000339_00001_v
49,0.4395982888761377,0,baseline,0.09,0.7,896,1600,59,,,,,,,,228.8603350007179,uav0000339_00001_v
50,0.4395982888761377,0,baseline,0.09,0.7,896,1600,60,,,,,,,,230.4459910001242,uav0000339_00001_v
51,0.4543414883090558,1,baseline,0.09,0.7,896,1600,61,1.0,0.2833333333333333,0.7740969522137213,0.0,0.0,0.5280574854736462,671.0754717243103,247.37216399989848,uav0000339_00001_v
52,0.4543414883090558,0,baseline,0.09,0.7,896,1600,63,,,,,,,,227.1358819998568,uav0000339_00001_v
53,0.4543414883090558,0,baseline,0.09,0.7,896,1600,64,,,,,,,,232.1901670002262,uav0000339_00001_v
54,0.4543414883090558,0,baseline,0.09,0.7,896,1600,64,,,,,,,,233.1568149993473,uav0000339_00001_v
55,0.4543414883090558,0,baseline,0.09,0.7,896,1600,61,,,,,,,,232.0095210006912,uav0000339_00001_v
56,0.4543414883090558,0,baseline,0.09,0.7,896,1600,62,,,,,,,,232.7037899995048,uav0000339_00001_v
57,0.4543414883090558,0,baseline,0.09,0.7,896,1600,60,,,,,,,,231.5416770006777,uav0000339_00001_v
58,0.4543414883090558,0,baseline,0.09,0.7,896,1600,60,,,,,,,,231.8751639995753,uav0000339_00001_v
59,0.4543414883090558,0,baseline,0.09,0.7,896,1600,57,,,,,,,,244.4710919999125,uav0000339_00001_v
60,0.4543414883090558,0,baseline,0.09,0.7,896,1600,58,,,,,,,,233.44816700046067,uav0000339_00001_v
61,0.4632846271413482,1,baseline,0.09,0.7,896,1600,56,1.0,0.2586206896551724,0.7611066814785615,0.0,0.0,0.516943460135103,637.4445563082498,233.6691749997044,uav0000339_00001_v
62,0.4632846271413482,0,baseline,0.09,0.7,896,1600,56,,,,,,,,238.9051889995244,uav0000339_00001_v
63,0.4632846271413482,0,baseline,0.09,0.7,896,1600,58,,,,,,,,281.935484999849,uav0000339_00001_v
64,0.4632846271413482,0,baseline,0.09,0.7,896,1600,58,,,,,,,,305.9018720005042,uav0000339_00001_v
65,0.4632846271413482,0,baseline,0.09,0.7,896,1600,58,,,,,,,,272.33871099997486,uav0000339_00001_v
66,0.4632846271413482,0,baseline,0.09,0.7,896,1600,58,,,,,,,,284.83611999945424,uav0000339_00001_v
67,0.4632846271413482,0,baseline,0.09,0.7,896,1600,58,,,,,,,,297.84274000030564,uav0000339_00001_v
68,0.4632846271413482,0,baseline,0.09,0.7,896,1600,57,,,,,,,,289.8865850002039,uav0000339_00001_v
69,0.4632846271413482,0,baseline,0.09,0.7,896,1600,57,,,,,,,,290.2230160007093,uav0000339_00001_v
70,0.4632846271413482,0,baseline,0.09,0.7,896,1600,56,,,,,,,,286.9981590001771,uav0000339_00001_v
71,0.5013390029529468,1,baseline,0.09,0.7,896,1600,57,1.0,0.25,0.7385976778771209,0.0,0.0,0.5052693862924038,626.3358948110298,296.3026429997626,uav0000339_00001_v
72,0.5013390029529468,0,baseline,0.09,0.7,896,1600,57,,,,,,,,289.74052899957314,uav0000339_00001_v
73,0.5013390029529468,0,baseline,0.09,0.7,896,1600,59,,,,,,,,294.2387470002359,uav0000339_00001_v
74,0.5013390029529468,0,baseline,0.09,0.7,896,1600,57,,,,,,,,293.3031579996168,uav0000339_00001_v
75,0.5013390029529468,0,baseline,0.09,0.7,896,1600,57,,,,,,,,294.86582499976066,uav0000339_00001_v
76,0.5013390029529468,0,baseline,0.09,0.7,896,1600,56,,,,,,,,280.2243499991164,uav0000339_00001_v
77,0.5013390029529468,0,baseline,0.09,0.7,896,1600,56,,,,,,,,234.47428100007528,uav0000339_00001_v
78,0.5013390029529468,0,baseline,0.09,0.7,896,1600,58,,,,,,,,228.5550679998778,uav0000339_00001_v
79,0.5013390029529468,0,baseline,0.09,0.7,896,1600,56,,,,,,,,231.28333400018164,uav0000339_00001_v
80,0.5013390029529468,0,baseline,0.09,0.7,896,1600,56,,,,,,,,232.1588940003494,uav0000339_00001_v
81,0.508521983567738,1,baseline,0.09,0.7,896,1600,55,1.0,0.25,0.7137369873322463,0.0,0.0,0.4944869721934529,606.9072502440995,242.33494300005987,uav0000339_00001_v
82,0.508521983567738,0,baseline,0.09,0.7,896,1600,54,,,,,,,,234.29376100011723,uav0000339_00001_v
83,0.508521983567738,0,baseline,0.09,0.7,896,1600,53,,,,,,,,225.817833000292,uav0000339_00001_v
84,0.508521983567738,0,baseline,0.09,0.7,896,1600,53,,,,,,,,246.0919670002113,uav0000339_00001_v
85,0.508521983567738,0,baseline,0.09,0.7,896,1600,56,,,,,,,,235.38403100064895,uav0000339_00001_v
86,0.508521983567738,0,baseline,0.09,0.7,896,1600,53,,,,,,,,234.7072759994262,uav0000339_00001_v
87,0.508521983567738,0,baseline,0.09,0.7,896,1600,55,,,,,,,,233.80100300073536,uav0000339_00001_v
88,0.508521983567738,0,baseline,0.09,0.7,896,1600,54,,,,,,,,235.8743200002209,uav0000339_00001_v
89,0.508521983567738,0,baseline,0.09,0.7,896,1600,55,,,,,,,,239.4580740001402,uav0000339_00001_v
90,0.508521983567738,0,baseline,0.09,0.7,896,1600,54,,,,,,,,225.2168699997128,uav0000339_00001_v
91,0.5083228609037339,1,baseline,0.09,0.7,896,1600,54,1.0,0.2222222222222222,0.7240396158463385,0.0,0.0,0.4927957025525211,607.973911952595,231.75562800042823,uav0000339_00001_v
92,0.5083228609037339,0,baseline,0.09,0.7,896,1600,54,,,,,,,,229.00188499988872,uav0000339_00001_v
93,0.5083228609037339,0,baseline,0.09,0.7,896,1600,52,,,,,,,,237.6733679993777,uav0000339_00001_v
94,0.5083228609037339,0,baseline,0.09,0.7,896,1600,52,,,,,,,,229.6555660004742,uav0000339_00001_v
95,0.5083228609037339,0,baseline,0.09,0.7,896,1600,51,,,,,,,,227.59859500001767,uav0000339_00001_v
96,0.5083228609037339,0,baseline,0.09,0.7,896,1600,53,,,,,,,,222.33416400013084,uav0000339_00001_v
97,0.5083228609037339,0,baseline,0.09,0.7,896,1600,54,,,,,,,,224.4200249997448,uav0000339_00001_v
98,0.5083228609037339,0,baseline,0.09,0.7,896,1600,53,,,,,,,,231.54126300050848,uav0000339_00001_v
99,0.5083228609037339,0,baseline,0.09,0.7,896,1600,53,,,,,,,,229.5423189998473,uav0000339_00001_v
100,0.5083228609037339,0,baseline,0.09,0.7,896,1600,52,,,,,,,,234.77806899973075,uav0000339_00001_v
101,0.5011081702436068,1,baseline,0.09,0.7,896,1600,53,1.0,0.1346153846153846,0.6898281700739998,0.0,0.0,0.4585311288009665,593.4695713270215,240.30605099960667,uav0000339_00001_v
102,0.5011081702436068,0,baseline,0.09,0.7,896,1600,52,,,,,,,,246.61427499995625,uav0000339_00001_v
103,0.5011081702436068,0,baseline,0.09,0.7,896,1600,53,,,,,,,,228.104372999951,uav0000339_00001_v
104,0.5011081702436068,0,baseline,0.09,0.7,896,1600,53,,,,,,,,236.23175299962892,uav0000339_00001_v
105,0.5011081702436068,0,baseline,0.09,0.7,896,1600,54,,,,,,,,228.04323099990145,uav0000339_00001_v
106,0.5011081702436068,0,baseline,0.09,0.7,896,1600,53,,,,,,,,234.78376499951992,uav0000339_00001_v
107,0.5011081702436068,0,baseline,0.09,0.7,896,1600,53,,,,,,,,228.19922899998343,uav0000339_00001_v
108,0.5011081702436068,0,baseline,0.09,0.7,896,1600,54,,,,,,,,227.21343299963337,uav0000339_00001_v
109,0.5011081702436068,0,baseline,0.09,0.7,896,1600,53,,,,,,,,225.89002800032176,uav0000339_00001_v
110,0.5011081702436068,0,baseline,0.09,0.7,896,1600,52,,,,,,,,226.1322590002237,uav0000339_00001_v
111,0.4963286210896234,1,baseline,0.09,0.7,896,1600,52,1.0,0.25,0.6762219813298452,0.0,0.0,0.4782162121792703,591.7532110105484,246.2778929993874,uav0000339_00001_v
112,0.4963286210896234,0,baseline,0.09,0.7,896,1600,52,,,,,,,,227.16878999926848,uav0000339_00001_v
113,0.4963286210896234,0,baseline,0.09,0.7,896,1600,53,,,,,,,,234.2675780000718,uav0000339_00001_v
114,0.4963286210896234,0,baseline,0.09,0.7,896,1600,55,,,,,,,,225.6003140000757,uav0000339_00001_v
115,0.4963286210896234,0,baseline,0.09,0.7,896,1600,54,,,,,,,,228.88550699917687,uav0000339_00001_v
116,0.4963286210896234,0,baseline,0.09,0.7,896,1600,53,,,,,,,,230.9957099996609,uav0000339_00001_v
117,0.4963286210896234,0,baseline,0.09,0.7,896,1600,53,,,,,,,,233.9248440002848,uav0000339_00001_v
118,0.4963286210896234,0,baseline,0.09,0.7,896,1600,52,,,,,,,,226.42288299994107,uav0000339_00001_v
119,0.4963286210896234,0,baseline,0.09,0.7,896,1600,52,,,,,,,,251.52647499999148,uav0000339_00001_v
120,0.4963286210896234,0,baseline,0.09,0.7,896,1600,53,,,,,,,,318.05656000051385,uav0000339_00001_v
121,0.4899055093677818,1,baseline,0.09,0.7,896,1600,52,1.0,0.2452830188679245,0.689884162620272,0.0,0.0,0.4830957034207546,588.589080056711,290.6407969994689,uav0000339_00001_v
122,0.4899055093677818,0,baseline,0.09,0.7,896,1600,51,,,,,,,,284.03008000077534,uav0000339_00001_v
123,0.4899055093677818,0,baseline,0.09,0.7,896,1600,50,,,,,,,,278.12646700022015,uav0000339_00001_v
124,0.4899055093677818,0,baseline,0.09,0.7,896,1600,51,,,,,,,,287.543373000517,uav0000339_00001_v
125,0.4899055093677818,0,baseline,0.09,0.7,896,1600,48,,,,,,,,283.34921399982704,uav0000339_00001_v
126,0.4899055093677818,0,baseline,0.09,0.7,896,1600,51,,,,,,,,277.7523710001333,uav0000339_00001_v
127,0.4899055093677818,0,baseline,0.09,0.7,896,1600,49,,,,,,,,286.42882500025735,uav0000339_00001_v
128,0.4899055093677818,0,baseline,0.09,0.7,896,1600,48,,,,,,,,280.74159500010865,uav0000339_00001_v
129,0.4899055093677818,0,baseline,0.09,0.7,896,1600,49,,,,,,,,283.08287299933,uav0000339_00001_v
130,0.4899055093677818,0,baseline,0.09,0.7,896,1600,48,,,,,,,,291.9895360000737,uav0000339_00001_v
131,0.4845457009235324,1,baseline,0.09,0.7,896,1600,52,1.0,0.2291666666666666,0.689660192435183,0.0,0.0,0.4794248010253575,595.4675995713804,311.63864500013005,uav0000339_00001_v
132,0.4845457009235324,0,baseline,0.09,0.7,896,1600,50,,,,,,,,292.41478300082235,uav0000339_00001_v
133,0.4845457009235324,0,baseline,0.09,0.7,896,1600,48,,,,,,,,291.9495589994767,uav0000339_00001_v
134,0.4845457009235324,0,baseline,0.09,0.7,896,1600,48,,,,,,,,230.90680899986185,uav0000339_00001_v
135,0.4845457009235324,0,baseline,0.09,0.7,896,1600,47,,,,,,,,240.453365000576,uav0000339_00001_v
136,0.4845457009235324,0,baseline,0.09,0.7,896,1600,47,,,,,,,,227.1019729996624,uav0000339_00001_v
137,0.4845457009235324,0,baseline,0.09,0.7,896,1600,49,,,,,,,,224.563465000756,uav0000339_00001_v
138,0.4845457009235324,0,baseline,0.09,0.7,896,1600,49,,,,,,,,230.1009789998716,uav0000339_00001_v
139,0.4845457009235324,0,baseline,0.09,0.7,896,1600,50,,,,,,,,234.9602499998582,uav0000339_00001_v
140,0.4845457009235324,0,baseline,0.09,0.7,896,1600,55,,,,,,,,230.07624199999557,uav0000339_00001_v
141,0.4825908728335542,1,baseline,0.09,0.7,896,1600,49,1.0,0.2727272727272727,0.6954274247012237,0.0,0.0,0.491585589662556,578.4186799485559,232.0316740006092,uav0000339_00001_v
142,0.4825908728335542,0,baseline,0.09,0.7,896,1600,45,,,,,,,,226.4866559999064,uav0000339_00001_v
143,0.4825908728335542,0,baseline,0.09,0.7,896,1600,48,,,,,,,,227.9629179993208,uav0000339_00001_v
144,0.4825908728335542,0,baseline,0.09,0.7,896,1600,49,,,,,,,,227.0776660006959,uav0000339_00001_v
145,0.4825908728335542,0,baseline,0.09,0.7,896,1600,41,,,,,,,,223.886811999364,uav0000339_00001_v
146,0.4825908728335542,0,baseline,0.09,0.7,896,1600,44,,,,,,,,228.61783999996987,uav0000339_00001_v
147,0.4825908728335542,0,baseline,0.09,0.7,896,1600,45,,,,,,,,230.8727620002173,uav0000339_00001_v
148,0.4825908728335542,0,baseline,0.09,0.7,896,1600,51,,,,,,,,241.60122800003592,uav0000339_00001_v
149,0.4825908728335542,0,baseline,0.09,0.7,896,1600,51,,,,,,,,235.9195379995072,uav0000339_00001_v
150,0.4825908728335542,0,baseline,0.09,0.7,896,1600,52,,,,,,,,235.5342579994613,uav0000339_00001_v
151,0.4664359881751241,1,baseline,0.09,0.7,896,1600,51,1.0,0.2307692307692307,0.4628343874863377,0.0,0.0,0.3814027795844423,317.33912514638035,264.65115299924946,uav0000339_00001_v
152,0.4664359881751241,0,baseline,0.09,0.7,896,1600,49,,,,,,,,235.1870299999064,uav0000339_00001_v
153,0.4664359881751241,0,baseline,0.09,0.7,896,1600,51,,,,,,,,251.34382899977936,uav0000339_00001_v
154,0.4664359881751241,0,baseline,0.09,0.7,896,1600,53,,,,,,,,231.4076610000484,uav0000339_00001_v
155,0.4664359881751241,0,baseline,0.09,0.7,896,1600,51,,,,,,,,233.1841149998581,uav0000339_00001_v
156,0.4664359881751241,0,baseline,0.09,0.7,896,1600,54,,,,,,,,234.47327599933487,uav0000339_00001_v
157,0.4664359881751241,0,baseline,0.09,0.7,896,1600,52,,,,,,,,224.70148100001097,uav0000339_00001_v
158,0.4664359881751241,0,baseline,0.09,0.7,896,1600,53,,,,,,,,227.88765500081357,uav0000339_00001_v
159,0.4664359881751241,0,baseline,0.09,0.7,896,1600,54,,,,,,,,229.4082139997045,uav0000339_00001_v
160,0.4664359881751241,0,baseline,0.09,0.7,896,1600,55,,,,,,,,235.02970499976072,uav0000339_00001_v
161,0.456164068844984,1,baseline,0.09,0.7,896,1600,53,1.0,0.2545454545454545,0.5417278851839242,0.0,0.0,0.4208922672415402,361.9914711069553,234.23883699979345,uav0000339_00001_v
162,0.456164068844984,0,baseline,0.09,0.7,896,1600,54,,,,,,,,238.08204000033584,uav0000339_00001_v
163,0.456164068844984,0,baseline,0.09,0.7,896,1600,54,,,,,,,,226.7131260005044,uav0000339_00001_v
164,0.456164068844984,0,baseline,0.09,0.7,896,1600,54,,,,,,,,228.6408970003322,uav0000339_00001_v
165,0.456164068844984,0,baseline,0.09,0.7,896,1600,52,,,,,,,,229.3584330000158,uav0000339_00001_v
166,0.456164068844984,0,baseline,0.09,0.7,896,1600,52,,,,,,,,230.24092499963444,uav0000339_00001_v
167,0.456164068844984,0,baseline,0.09,0.7,896,1600,51,,,,,,,,229.1651479999928,uav0000339_00001_v
168,0.456164068844984,0,baseline,0.09,0.7,896,1600,50,,,,,,,,232.31409100026207,uav0000339_00001_v
169,0.456164068844984,0,baseline,0.09,0.7,896,1600,49,,,,,,,,230.20691399960924,uav0000339_00001_v
170,0.456164068844984,0,baseline,0.09,0.7,896,1600,50,,,,,,,,227.40176700062875,uav0000339_00001_v
171,0.4523211302387621,1,baseline,0.09,0.7,896,1600,49,1.0,0.24,0.5739235992904624,0.0,0.0,0.431630558557414,385.5427137270567,253.0373679992408,uav0000339_00001_v
172,0.4523211302387621,0,baseline,0.09,0.7,896,1600,46,,,,,,,,226.15632500037464,uav0000339_00001_v
173,0.4523211302387621,0,baseline,0.09,0.7,896,1600,47,,,,,,,,231.7039189993011,uav0000339_00001_v
174,0.4523211302387621,0,baseline,0.09,0.7,896,1600,48,,,,,,,,225.1508389999799,uav0000339_00001_v
175,0.4523211302387621,0,baseline,0.09,0.7,896,1600,45,,,,,,,,231.3498519997665,uav0000339_00001_v
176,0.4523211302387621,0,baseline,0.09,0.7,896,1600,46,,,,,,,,236.9227030003458,uav0000339_00001_v
177,0.4523211302387621,0,baseline,0.09,0.7,896,1600,44,,,,,,,,296.65874800048186,uav0000339_00001_v
178,0.4523211302387621,0,baseline,0.09,0.7,896,1600,42,,,,,,,,278.8039409997509,uav0000339_00001_v
179,0.4523211302387621,0,baseline,0.09,0.7,896,1600,43,,,,,,,,282.3222090000854,uav0000339_00001_v
180,0.4523211302387621,0,baseline,0.09,0.7,896,1600,43,,,,,,,,282.4723539997649,uav0000339_00001_v
181,0.4453886608918269,1,baseline,0.09,0.7,896,1600,43,1.0,0.2325581395348837,0.5732516887351955,0.0,0.0,0.4296889267507237,398.6740375040941,297.69979499997135,uav0000339_00001_v
182,0.4453886608918269,0,baseline,0.09,0.7,896,1600,41,,,,,,,,299.1974750002555,uav0000339_00001_v
183,0.4453886608918269,0,baseline,0.09,0.7,896,1600,41,,,,,,,,290.24985500018374,uav0000339_00001_v
184,0.4453886608918269,0,baseline,0.09,0.7,896,1600,44,,,,,,,,282.8279630002726,uav0000339_00001_v
185,0.4453886608918269,0,baseline,0.09,0.7,896,1600,42,,,,,,,,284.4797779998771,uav0000339_00001_v
186,0.4453886608918269,0,baseline,0.09,0.7,896,1600,41,,,,,,,,270.9355580000192,uav0000339_00001_v
187,0.4453886608918269,0,baseline,0.09,0.7,896,1600,43,,,,,,,,295.63683699961985,uav0000339_00001_v
188,0.4453886608918269,0,baseline,0.09,0.7,896,1600,43,,,,,,,,283.2027920003384,uav0000339_00001_v
189,0.4453886608918269,0,baseline,0.09,0.7,896,1600,42,,,,,,,,283.1296700005623,uav0000339_00001_v
190,0.4453886608918269,0,baseline,0.09,0.7,896,1600,39,,,,,,,,295.9372160003113,uav0000339_00001_v
191,0.4403924943580559,1,baseline,0.09,0.7,896,1600,40,1.0,0.3076923076923077,0.5773391446130691,0.0,0.0,0.4481225376843578,385.9354219998544,243.23356799959583,uav0000339_00001_v
192,0.4403924943580559,0,baseline,0.09,0.7,896,1600,39,,,,,,,,233.23026999969443,uav0000339_00001_v
193,0.4403924943580559,0,baseline,0.09,0.7,896,1600,39,,,,,,,,226.06565000023693,uav0000339_00001_v
194,0.4403924943580559,0,baseline,0.09,0.7,896,1600,39,,,,,,,,225.72963800030263,uav0000339_00001_v
195,0.4403924943580559,0,baseline,0.09,0.7,896,1600,37,,,,,,,,231.548338999346,uav0000339_00001_v
196,0.4403924943580559,0,baseline,0.09,0.7,896,1600,43,,,,,,,,232.56664899963653,uav0000339_00001_v
197,0.4403924943580559,0,baseline,0.09,0.7,896,1600,41,,,,,,,,226.3101250000545,uav0000339_00001_v
198,0.4403924943580559,0,baseline,0.09,0.7,896,1600,41,,,,,,,,233.0439729994396,uav0000339_00001_v
199,0.4403924943580559,0,baseline,0.09,0.7,896,1600,39,,,,,,,,227.9869720005081,uav0000339_00001_v
200,0.4403924943580559,0,baseline,0.09,0.7,896,1600,39,,,,,,,,242.7016609999555,uav0000339_00001_v
201,0.4345295751247602,1,baseline,0.09,0.7,896,1600,40,1.0,0.3076923076923077,0.5548861335579007,0.0,0.0,0.4383843663922873,346.7347189266571,241.65404999985185,uav0000339_00001_v
202,0.4345295751247602,0,baseline,0.09,0.7,896,1600,39,,,,,,,,228.49868800039985,uav0000339_00001_v
203,0.4345295751247602,0,baseline,0.09,0.7,896,1600,39,,,,,,,,226.82481699939672,uav0000339_00001_v
204,0.4345295751247602,0,baseline,0.09,0.7,896,1600,39,,,,,,,,229.48851700039089,uav0000339_00001_v
205,0.4345295751247602,0,baseline,0.09,0.7,896,1600,40,,,,,,,,229.13702900041244,uav0000339_00001_v
206,0.4345295751247602,0,baseline,0.09,0.7,896,1600,40,,,,,,,,222.72208300000784,uav0000339_00001_v
207,0.4345295751247602,0,baseline,0.09,0.7,896,1600,40,,,,,,,,228.8043519993153,uav0000339_00001_v
208,0.4345295751247602,0,baseline,0.09,0.7,896,1600,39,,,,,,,,226.6987659995721,uav0000339_00001_v
209,0.4345295751247602,0,baseline,0.09,0.7,896,1600,40,,,,,,,,236.58732700005203,uav0000339_00001_v
210,0.4345295751247602,0,baseline,0.09,0.7,896,1600,39,,,,,,,,221.50167199924908,uav0000339_00001_v
211,0.4275221821571732,1,baseline,0.09,0.7,896,1600,37,1.0,0.282051282051282,0.577563114798158,0.0,0.0,0.4425338388894474,370.0145825128671,236.3459670004886,uav0000339_00001_v
212,0.4275221821571732,0,baseline,0.09,0.7,896,1600,38,,,,,,,,228.73610199985703,uav0000339_00001_v
213,0.4275221821571732,0,baseline,0.09,0.7,896,1600,38,,,,,,,,220.5748610003866,uav0000339_00001_v
214,0.4275221821571732,0,baseline,0.09,0.7,896,1600,38,,,,,,,,217.175564000172,uav0000339_00001_v
215,0.4275221821571732,0,baseline,0.09,0.7,896,1600,37,,,,,,,,231.2311980003869,uav0000339_00001_v
216,0.4275221821571732,0,baseline,0.09,0.7,896,1600,37,,,,,,,,222.17219999947704,uav0000339_00001_v
217,0.4275221821571732,0,baseline,0.09,0.7,896,1600,36,,,,,,,,220.76024699981645,uav0000339_00001_v
218,0.4275221821571732,0,baseline,0.09,0.7,896,1600,37,,,,,,,,239.30538999957207,uav0000339_00001_v
219,0.4275221821571732,0,baseline,0.09,0.7,896,1600,36,,,,,,,,223.90161600014835,uav0000339_00001_v
220,0.4275221821571732,0,baseline,0.09,0.7,896,1600,37,,,,,,,,222.79570800037615,uav0000339_00001_v
221,0.4352694024492033,1,baseline,0.09,0.7,896,1600,36,1.0,0.2162162162162162,0.5953127519664582,0.0,0.0,0.4356333216286533,379.2252890519095,233.6188660001426,uav0000339_00001_v
222,0.4352694024492033,0,baseline,0.09,0.7,896,1600,38,,,,,,,,222.19335599947956,uav0000339_00001_v
223,0.4352694024492033,0,baseline,0.09,0.7,896,1600,38,,,,,,,,229.3034809999881,uav0000339_00001_v
224,0.4352694024492033,0,baseline,0.09,0.7,896,1600,35,,,,,,,,224.09596299985424,uav0000339_00001_v
225,0.4352694024492033,0,baseline,0.09,0.7,896,1600,37,,,,,,,,221.724987000016,uav0000339_00001_v
226,0.4352694024492033,0,baseline,0.09,0.7,896,1600,37,,,,,,,,223.5295650007174,uav0000339_00001_v
227,0.4352694024492033,0,baseline,0.09,0.7,896,1600,36,,,,,,,,241.40496000018172,uav0000339_00001_v
228,0.4352694024492033,0,baseline,0.09,0.7,896,1600,34,,,,,,,,226.761539999643,uav0000339_00001_v
229,0.4352694024492033,0,baseline,0.09,0.7,896,1600,34,,,,,,,,228.9409280001564,uav0000339_00001_v
230,0.4352694024492033,0,baseline,0.09,0.7,896,1600,35,,,,,,,,223.07337599977475,uav0000339_00001_v
231,0.4357066880181062,1,baseline,0.09,0.7,896,1600,35,1.0,0.1714285714285714,0.5912812886348568,0.0,0.0,0.4239532662238598,382.9815782160655,236.63452199980384,uav0000339_00001_v
232,0.4357066880181062,0,baseline,0.09,0.7,896,1600,37,,,,,,,,231.38301800008776,uav0000339_00001_v
233,0.4357066880181062,0,baseline,0.09,0.7,896,1600,35,,,,,,,,223.07665500011356,uav0000339_00001_v
234,0.4357066880181062,0,baseline,0.09,0.7,896,1600,33,,,,,,,,234.57717600012984,uav0000339_00001_v
235,0.4357066880181062,0,baseline,0.09,0.7,896,1600,33,,,,,,,,294.06472299979214,uav0000339_00001_v
236,0.4357066880181062,0,baseline,0.09,0.7,896,1600,33,,,,,,,,291.37961699962034,uav0000339_00001_v
237,0.4357066880181062,0,baseline,0.09,0.7,896,1600,33,,,,,,,,287.6307149999775,uav0000339_00001_v
238,0.4357066880181062,0,baseline,0.09,0.7,896,1600,35,,,,,,,,290.71337500045047,uav0000339_00001_v
239,0.4357066880181062,0,baseline,0.09,0.7,896,1600,34,,,,,,,,284.0650820007795,uav0000339_00001_v
240,0.4357066880181062,0,baseline,0.09,0.7,896,1600,33,,,,,,,,281.25702799934515,uav0000339_00001_v
241,0.4374417829558174,1,baseline,0.09,0.7,896,1600,33,1.0,0.2424242424242424,0.6006880364085933,0.0,0.0,0.4437762231213929,387.84814484162246,283.1693380003344,uav0000339_00001_v
242,0.4374417829558174,0,baseline,0.09,0.7,896,1600,33,,,,,,,,286.5971540004466,uav0000339_00001_v
243,0.4374417829558174,0,baseline,0.09,0.7,896,1600,33,,,,,,,,277.6284609999493,uav0000339_00001_v
244,0.4374417829558174,0,baseline,0.09,0.7,896,1600,33,,,,,,,,273.9333560002706,uav0000339_00001_v
245,0.4374417829558174,0,baseline,0.09,0.7,896,1600,32,,,,,,,,289.90925300058734,uav0000339_00001_v
246,0.4374417829558174,0,baseline,0.09,0.7,896,1600,34,,,,,,,,284.4363289996181,uav0000339_00001_v
247,0.4374417829558174,0,baseline,0.09,0.7,896,1600,34,,,,,,,,277.62387300026603,uav0000339_00001_v
248,0.4374417829558174,0,baseline,0.09,0.7,896,1600,34,,,,,,,,296.8503629999759,uav0000339_00001_v
249,0.4374417829558174,0,baseline,0.09,0.7,896,1600,34,,,,,,,,270.89989300020534,uav0000339_00001_v
250,0.4374417829558174,0,baseline,0.09,0.7,896,1600,36,,,,,,,,225.25931499967555,uav0000339_00001_v
251,0.440124426925914,1,baseline,0.09,0.7,896,1600,35,1.0,0.25,0.607631112146351,0.0,0.0,0.4484674345413992,401.41522520033993,237.35451099946656,uav0000339_00001_v
252,0.440124426925914,0,baseline,0.09,0.7,896,1600,35,,,,,,,,220.8040639998217,uav0000339_00001_v
253,0.440124426925914,0,baseline,0.09,0.7,896,1600,34,,,,,,,,223.1501650003338,uav0000339_00001_v
254,0.440124426925914,0,baseline,0.09,0.7,896,1600,34,,,,,,,,228.49208899970108,uav0000339_00001_v
255,0.440124426925914,0,baseline,0.09,0.7,896,1600,34,,,,,,,,219.34316700026105,uav0000339_00001_v
256,0.440124426925914,0,baseline,0.09,0.7,896,1600,33,,,,,,,,231.09163500066643,uav0000339_00001_v
257,0.440124426925914,0,baseline,0.09,0.7,896,1600,34,,,,,,,,220.24943199994595,uav0000339_00001_v
258,0.440124426925914,0,baseline,0.09,0.7,896,1600,35,,,,,,,,226.14108200014016,uav0000339_00001_v
259,0.440124426925914,0,baseline,0.09,0.7,896,1600,35,,,,,,,,226.62113400019732,uav0000339_00001_v
260,0.440124426925914,0,baseline,0.09,0.7,896,1600,33,,,,,,,,220.0590659995214,uav0000339_00001_v
261,0.4389692610838307,1,baseline,0.09,0.7,896,1600,34,1.0,0.2424242424242424,0.5920651842826683,0.0,0.0,0.4400363767897748,381.69263434732346,242.1464270000797,uav0000339_00001_v
262,0.4389692610838307,0,baseline,0.09,0.7,896,1600,34,,,,,,,,222.43615000024877,uav0000339_00001_v
263,0.4389692610838307,0,baseline,0.09,0.7,896,1600,34,,,,,,,,220.02410799996144,uav0000339_00001_v
264,0.4389692610838307,0,baseline,0.09,0.7,896,1600,36,,,,,,,,226.22639299970612,uav0000339_00001_v
265,0.4389692610838307,0,baseline,0.09,0.7,896,1600,35,,,,,,,,221.92935600014607,uav0000339_00001_v
266,0.4389692610838307,0,baseline,0.09,0.7,896,1600,33,,,,,,,,223.4523249999256,uav0000339_00001_v
267,0.4389692610838307,0,baseline,0.09,0.7,896,1600,34,,,,,,,,223.8348950004365,uav0000339_00001_v
268,0.4389692610838307,0,baseline,0.09,0.7,896,1600,36,,,,,,,,219.8863909998181,uav0000339_00001_v
269,0.4389692610838307,0,baseline,0.09,0.7,896,1600,32,,,,,,,,222.70361600021715,uav0000339_00001_v
270,0.4389692610838307,0,baseline,0.09,0.7,896,1600,33,,,,,,,,237.83725900011632,uav0000339_00001_v
271,0.4368427065841843,1,baseline,0.09,0.7,896,1600,35,1.0,0.2424242424242424,0.5539342602712727,0.0,0.0,0.4234984848947624,351.7770147990139,227.3939579999933,uav0000339_00001_v
272,0.4368427065841843,0,baseline,0.09,0.7,896,1600,33,,,,,,,,222.28838899991388,uav0000339_00001_v
273,0.4368427065841843,0,baseline,0.09,0.7,896,1600,34,,,,,,,,226.30017199935537,uav0000339_00001_v
274,0.4368427065841843,0,baseline,0.09,0.7,896,1600,32,,,,,,,,233.4249750001618,uav0000339_00001_v
275,0.4368427065841843,0,baseline,0.09,0.7,896,1600,34,,,,,,,,225.4578980000588,uav0000339_00001_v
