frame,sci,sci_updated,tier,confidence,nms,input_h,input_w,tracked_boxes,crowd,tiny,edge_norm,night,blur,sci_raw,laplacian_variance,frame_wall_ms,sequence
1,0.4337133789380505,1,baseline,0.09,0.7,896,1600,36,0.0,0.0,1.0,0.0,0.0,0.4337133789380505,2017.8254438857457,1361.1942329998783,uav0000086_00000_v
2,0.4337133789380505,0,baseline,0.09,0.7,896,1600,36,,,,,,,,856.2399870002082,uav0000086_00000_v
3,0.4337133789380505,0,baseline,0.09,0.7,896,1600,36,,,,,,,,1139.298148999842,uav0000086_00000_v
4,0.4337133789380505,0,baseline,0.09,0.7,896,1600,37,,,,,,,,787.6076580000699,uav0000086_00000_v
5,0.4337133789380505,0,baseline,0.09,0.7,896,1600,37,,,,,,,,930.679068000245,uav0000086_00000_v
6,0.4337133789380505,0,baseline,0.09,0.7,896,1600,37,,,,,,,,3562.7186699998674,uav0000086_00000_v
7,0.4337133789380505,0,baseline,0.09,0.7,896,1600,37,,,,,,,,223.68740799993247,uav0000086_00000_v
8,0.4337133789380505,0,baseline,0.09,0.7,896,1600,37,,,,,,,,214.7387400000298,uav0000086_00000_v
9,0.4337133789380505,0,baseline,0.09,0.7,896,1600,37,,,,,,,,258.8965049999388,uav0000086_00000_v
10,0.4337133789380505,0,baseline,0.09,0.7,896,1600,37,,,,,,,,214.0725459998976,uav0000086_00000_v
11,0.5194358970437767,1,baseline,0.09,0.7,896,1600,37,1.0,0.1891891891891892,1.0,0.0,0.0,0.6051584151495029,2013.9189768273463,208.70514299986095,uav0000086_00000_v
12,0.5194358970437767,0,baseline,0.09,0.7,896,1600,36,,,,,,,,204.03267600022448,uav0000086_00000_v
13,0.5194358970437767,0,baseline,0.09,0.7,896,1600,36,,,,,,,,207.2274209999705,uav0000086_00000_v
14,0.5194358970437767,0,baseline,0.09,0.7,896,1600,36,,,,,,,,225.92872799987163,uav0000086_00000_v
15,0.5194358970437767,0,baseline,0.09,0.7,896,1600,36,,,,,,,,208.66886100020565,uav0000086_00000_v
16,0.5194358970437767,0,baseline,0.09,0.7,896,1600,37,,,,,,,,202.6576349999232,uav0000086_00000_v
17,0.5194358970437767,0,baseline,0.09,0.7,896,1600,36,,,,,,,,207.2936810000101,uav0000086_00000_v
18,0.5194358970437767,0,baseline,0.09,0.7,896,1600,37,,,,,,,,224.20380199992,uav0000086_00000_v
19,0.5194358970437767,0,baseline,0.09,0.7,896,1600,36,,,,,,,,212.66514299986736,uav0000086_00000_v
20,0.5194358970437767,0,baseline,0.09,0.7,896,1600,36,,,,,,,,207.2386879999613,uav0000086_00000_v
21,0.5483985166128931,1,baseline,0.09,0.7,896,1600,36,1.0,0.1944444444444444,1.0,0.0,0.0,0.606323755751126,1983.4898701343247,218.6497610000515,uav0000086_00000_v
22,0.5483985166128931,0,baseline,0.09,0.7,896,1600,36,,,,,,,,254.86046600008197,uav0000086_00000_v
23,0.5483985166128931,0,baseline,0.09,0.7,896,1600,36,,,,,,,,259.2260549999992,uav0000086_00000_v
24,0.5483985166128931,0,baseline,0.09,0.7,896,1600,36,,,,,,,,270.0521490000938,uav0000086_00000_v
25,0.5483985166128931,0,baseline,0.09,0.7,896,1600,36,,,,,,,,255.9131640000487,uav0000086_00000_v
26,0.5483985166128931,0,baseline,0.09,0.7,896,1600,36,,,,,,,,255.54612599989923,uav0000086_00000_v
27,0.5483985166128931,0,baseline,0.09,0.7,896,1600,36,,,,,,,,254.34885499998927,uav0000086_00000_v
28,0.5483985166128931,0,baseline,0.09,0.7,896,1600,37,,,,,,,,280.4710350001187,uav0000086_00000_v
29,0.5483985166128931,0,baseline,0.09,0.7,896,1600,37,,,,,,,,260.9981529999459,uav0000086_00000_v
30,0.5483985166128931,0,baseline,0.09,0.7,896,1600,37,,,,,,,,256.09955999971135,uav0000086_00000_v
31,0.5640867863062753,1,baseline,0.09,0.7,896,1600,37,1.0,0.2162162162162162,1.0,0.0,0.0,0.6111515953864217,1955.7260290690351,258.0614130001777,uav0000086_00000_v
32,0.5640867863062753,0,baseline,0.09,0.7,896,1600,38,,,,,,,,246.6817650001758,uav0000086_00000_v
33,0.5640867863062753,0,baseline,0.09,0.7,896,1600,38,,,,,,,,260.6810199999927,uav0000086_00000_v
34,0.5640867863062753,0,baseline,0.09,0.7,896,1600,37,,,,,,,,261.21359999979177,uav0000086_00000_v
35,0.5640867863062753,0,baseline,0.09,0.7,896,1600,39,,,,,,,,275.2565410000898,uav0000086_00000_v
36,0.5640867863062753,0,baseline,0.09,0.7,896,1600,39,,,,,,,,255.46617500003777,uav0000086_00000_v
37,0.5640867863062753,0,baseline,0.09,0.7,896,1600,39,,,,,,,,254.2015869998977,uav0000086_00000_v
38,0.5640867863062753,0,baseline,0.09,0.7,896,1600,39,,,,,,,,253.653318999568,uav0000086_00000_v
39,0.5640867863062753,0,baseline,0.09,0.7,896,1600,38,,,,,,,,261.7831590000605,uav0000086_00000_v
40,0.5640867863062753,0,baseline,0.09,0.7,896,1600,38,,,,,,,,263.3065179998084,uav0000086_00000_v
41,0.570913217704266,1,baseline,0.09,0.7,896,1600,37,1.0,0.1578947368421052,1.0,0.0,0.0,0.5982189432962284,1969.9895655410432,273.338221999893,uav0000086_00000_v
42,0.570913217704266,0,baseline,0.09,0.7,896,1600,38,,,,,,,,206.96197300003405,uav0000086_00000_v
43,0.570913217704266,0,baseline,0.09,0.7,896,1600,38,,,,,,,,200.7584020002469,uav0000086_00000_v
44,0.570913217704266,0,baseline,0.09,0.7,896,1600,38,,,,,,,,204.9805550000201,uav0000086_00000_v
45,0.570913217704266,0,baseline,0.09,0.7,896,1600,37,,,,,,,,210.82699300040983,uav0000086_00000_v
46,0.570913217704266,0,baseline,0.09,0.7,896,1600,36,,,,,,,,199.79753199959305,uav0000086_00000_v
47,0.570913217704266,0,baseline,0.09,0.7,896,1600,37,,,,,,,,208.25825000019904,uav0000086_00000_v
48,0.570913217704266,0,baseline,0.09,0.7,896,1600,37,,,,,,,,210.87403199999244,uav0000086_00000_v
49,0.570913217704266,0,baseline,0.09,0.7,896,1600,37,,,,,,,,216.00919999991677,uav0000086_00000_v
50,0.570913217704266,0,baseline,0.09,0.7,896,1600,37,,,,,,,,203.43685699981503,uav0000086_00000_v
51,0.5756218872389857,1,baseline,0.09,0.7,896,1600,37,1.0,0.1621621621621621,1.0,0.0,0.0,0.599165234912584,1992.2956169150916,213.26727699988623,uav0000086_00000_v
52,0.5756218872389857,0,baseline,0.09,0.7,896,1600,37,,,,,,,,204.00739099977727,uav0000086_00000_v
53,0.5756218872389857,0,baseline,0.09,0.7,896,1600,37,,,,,,,,207.4198420000357,uav0000086_00000_v
54,0.5756218872389857,0,baseline,0.09,0.7,896,1600,38,,,,,,,,209.4597899999826,uav0000086_00000_v
55,0.5756218872389857,0,baseline,0.09,0.7,896,1600,37,,,,,,,,207.68018700027824,uav0000086_00000_v
56,0.5756218872389857,0,baseline,0.09,0.7,896,1600,38,,,,,,,,204.87315599984868,uav0000086_00000_v
57,0.5756218872389857,0,baseline,0.09,0.7,896,1600,37,,,,,,,,203.2493820001946,uav0000086_00000_v
58,0.5756218872389857,0,baseline,0.09,0.7,896,1600,36,,,,,,,,205.55576300012035,uav0000086_00000_v
59,0.5756218872389857,0,baseline,0.09,0.7,896,1600,37,,,,,,,,205.1922129999184,uav0000086_00000_v
60,0.5756218872389857,0,baseline,0.09,0.7,896,1600,37,,,,,,,,208.19020099997945,uav0000086_00000_v
61,0.5789852226209282,1,baseline,0.09,0.7,896,1600,37,1.0,0.1621621621621621,1.0,0.0,0.0,0.599165234912584,1996.1418769499007,209.1418239997438,uav0000086_00000_v
62,0.5789852226209282,0,baseline,0.09,0.7,896,1600,37,,,,,,,,205.21163900002648,uav0000086_00000_v
63,0.5789852226209282,0,baseline,0.09,0.7,896,1600,37,,,,,,,,221.7861469998752,uav0000086_00000_v
64,0.5789852226209282,0,baseline,0.09,0.7,896,1600,36,,,,,,,,201.48740700005877,uav0000086_00000_v
65,0.5789852226209282,0,baseline,0.09,0.7,896,1600,36,,,,,,,,211.69475600027,uav0000086_00000_v
66,0.5789852226209282,0,baseline,0.09,0.7,896,1600,35,,,,,,,,208.1165439999495,uav0000086_00000_v
67,0.5789852226209282,0,baseline,0.09,0.7,896,1600,36,,,,,,,,205.9583169998405,uav0000086_00000_v
68,0.5789852226209282,0,baseline,0.09,0.7,896,1600,37,,,,,,,,210.1942419999432,uav0000086_00000_v
69,0.5789852226209282,0,baseline,0.09,0.7,896,1600,36,,,,,,,,207.1955549999984,uav0000086_00000_v
70,0.5789852226209282,0,baseline,0.09,0.7,896,1600,36,,,,,,,,204.36952199997904,uav0000086_00000_v
71,0.6027638968134073,1,baseline,0.09,0.7,896,1600,36,1.0,0.1666666666666666,1.0,0.0,0.0,0.6001640982854037,1921.0772283818576,215.6091879996893,uav0000086_00000_v
72,0.6027638968134073,0,baseline,0.09,0.7,896,1600,36,,,,,,,,207.95081699998264,uav0000086_00000_v
73,0.6027638968134073,0,baseline,0.09,0.7,896,1600,37,,,,,,,,219.0337689999069,uav0000086_00000_v
74,0.6027638968134073,0,baseline,0.09,0.7,896,1600,37,,,,,,,,214.5093310000448,uav0000086_00000_v
75,0.6027638968134073,0,baseline,0.09,0.7,896,1600,37,,,,,,,,236.7893779996848,uav0000086_00000_v
76,0.6027638968134073,0,baseline,0.09,0.7,896,1600,37,,,,,,,,207.87085700021635,uav0000086_00000_v
77,0.6027638968134073,0,baseline,0.09,0.7,896,1600,37,,,,,,,,206.8196039999748,uav0000086_00000_v
78,0.6027638968134073,0,baseline,0.09,0.7,896,1600,37,,,,,,,,203.17986099962584,uav0000086_00000_v
79,0.6027638968134073,0,baseline,0.09,0.7,896,1600,37,,,,,,,,203.7507189997996,uav0000086_00000_v
80,0.6027638968134073,0,baseline,0.09,0.7,896,1600,37,,,,,,,,217.95306500007428,uav0000086_00000_v
81,0.6019077282081332,1,baseline,0.09,0.7,896,1600,37,1.0,0.1621621621621621,1.0,0.0,0.0,0.599165234912584,1948.2135562799908,212.26192799986163,uav0000086_00000_v
82,0.6019077282081332,0,baseline,0.09,0.7,896,1600,37,,,,,,,,203.27806500017687,uav0000086_00000_v
83,0.6019077282081332,0,baseline,0.09,0.7,896,1600,37,,,,,,,,202.2750780001843,uav0000086_00000_v
84,0.6019077282081332,0,baseline,0.09,0.7,896,1600,37,,,,,,,,205.9626400000525,uav0000086_00000_v
85,0.6019077282081332,0,baseline,0.09,0.7,896,1600,37,,,,,,,,216.3041610001528,uav0000086_00000_v
86,0.6019077282081332,0,baseline,0.09,0.7,896,1600,37,,,,,,,,205.86352400005129,uav0000086_00000_v
87,0.6019077282081332,0,baseline,0.09,0.7,896,1600,38,,,,,,,,204.10520199993695,uav0000086_00000_v
88,0.6019077282081332,0,baseline,0.09,0.7,896,1600,38,,,,,,,,205.2765699995689,uav0000086_00000_v
89,0.6019077282081332,0,baseline,0.09,0.7,896,1600,39,,,,,,,,210.208311000315,uav0000086_00000_v
90,0.6019077282081332,0,baseline,0.09,0.7,896,1600,38,,,,,,,,266.47347500011165,uav0000086_00000_v
91,0.6007498978574335,1,baseline,0.09,0.7,896,1600,38,1.0,0.1578947368421052,1.0,0.0,0.0,0.5982189432962284,1946.6834045040805,260.69176800001514,uav0000086_00000_v
92,0.6007498978574335,0,baseline,0.09,0.7,896,1600,38,,,,,,,,259.4949449999149,uav0000086_00000_v
93,0.6007498978574335,0,baseline,0.09,0.7,896,1600,38,,,,,,,,248.82827100009308,uav0000086_00000_v
94,0.6007498978574335,0,baseline,0.09,0.7,896,1600,38,,,,,,,,263.0322459999661,uav0000086_00000_v
95,0.6007498978574335,0,baseline,0.09,0.7,896,1600,38,,,,,,,,255.5334549997497,uav0000086_00000_v
96,0.6007498978574335,0,baseline,0.09,0.7,896,1600,38,,,,,,,,249.0804889998799,uav0000086_00000_v
97,0.6007498978574335,0,baseline,0.09,0.7,896,1600,38,,,,,,,,242.4072220001108,uav0000086_00000_v
98,0.6007498978574335,0,baseline,0.09,0.7,896,1600,39,,,,,,,,253.67321200019435,uav0000086_00000_v
99,0.6007498978574335,0,baseline,0.09,0.7,896,1600,39,,,,,,,,257.66322000026776,uav0000086_00000_v
100,0.6007498978574335,0,baseline,0.09,0.7,896,1600,39,,,,,,,,262.6573840002493,uav0000086_00000_v
101,0.5987741241529546,1,baseline,0.09,0.7,896,1600,39,1.0,0.1538461538461538,1.0,0.0,0.0,0.5973211794550704,1966.510790221438,245.757114999833,uav0000086_00000_v
102,0.5987741241529546,0,baseline,0.09,0.7,896,1600,41,,,,,,,,260.1493180000034,uav0000086_00000_v
103,0.5987741241529546,0,baseline,0.09,0.7,896,1600,39,,,,,,,,266.9139129998257,uav0000086_00000_v
104,0.5987741241529546,0,baseline,0.09,0.7,896,1600,40,,,,,,,,263.2007679999333,uav0000086_00000_v
105,0.5987741241529546,0,baseline,0.09,0.7,896,1600,39,,,,,,,,254.115907999676,uav0000086_00000_v
106,0.5987741241529546,0,baseline,0.09,0.7,896,1600,39,,,,,,,,250.1767710000422,uav0000086_00000_v
107,0.5987741241529546,0,baseline,0.09,0.7,896,1600,39,,,,,,,,279.2039030000524,uav0000086_00000_v
108,0.5987741241529546,0,baseline,0.09,0.7,896,1600,40,,,,,,,,258.355851000033,uav0000086_00000_v
109,0.5987741241529546,0,baseline,0.09,0.7,896,1600,40,,,,,,,,258.30028500013213,uav0000086_00000_v
110,0.5987741241529546,0,baseline,0.09,0.7,896,1600,39,,,,,,,,227.7457130003313,uav0000086_00000_v
111,0.5986458721756465,1,baseline,0.09,0.7,896,1600,39,1.0,0.1538461538461538,1.0,0.0,0.0,0.5973211794550704,1962.884929966252,222.61464200028055,uav0000086_00000_v
112,0.5986458721756465,0,baseline,0.09,0.7,896,1600,40,,,,,,,,211.8206770001052,uav0000086_00000_v
113,0.5986458721756465,0,baseline,0.09,0.7,896,1600,41,,,,,,,,204.30437699997128,uav0000086_00000_v
114,0.5986458721756465,0,baseline,0.09,0.7,896,1600,41,,,,,,,,211.8965579998076,uav0000086_00000_v
115,0.5986458721756465,0,baseline,0.09,0.7,896,1600,41,,,,,,,,210.51785300005577,uav0000086_00000_v
116,0.5986458721756465,0,baseline,0.09,0.7,896,1600,41,,,,,,,,223.42707300003892,uav0000086_00000_v
117,0.5986458721756465,0,baseline,0.09,0.7,896,1600,41,,,,,,,,207.7935940001225,uav0000086_00000_v
118,0.5986458721756465,0,baseline,0.09,0.7,896,1600,42,,,,,,,,206.05279200026416,uav0000086_00000_v
119,0.5986458721756465,0,baseline,0.09,0.7,896,1600,43,,,,,,,,215.21266299987477,uav0000086_00000_v
120,0.5986458721756465,0,baseline,0.09,0.7,896,1600,42,,,,,,,,212.03877900006773,uav0000086_00000_v
121,0.599542810714505,1,baseline,0.09,0.7,896,1600,43,1.0,0.1904761904761904,1.0,0.0,0.0,0.6054438046845942,1986.497384844824,228.14244999972288,uav0000086_00000_v
122,0.599542810714505,0,baseline,0.09,0.7,896,1600,43,,,,,,,,208.5139790001449,uav0000086_00000_v
123,0.599542810714505,0,baseline,0.09,0.7,896,1600,42,,,,,,,,206.57041999993453,uav0000086_00000_v
124,0.599542810714505,0,baseline,0.09,0.7,896,1600,42,,,,,,,,210.5765890000839,uav0000086_00000_v
125,0.599542810714505,0,baseline,0.09,0.7,896,1600,42,,,,,,,,208.4711789998437,uav0000086_00000_v
126,0.599542810714505,0,baseline,0.09,0.7,896,1600,43,,,,,,,,227.0757279998179,uav0000086_00000_v
127,0.599542810714505,0,baseline,0.09,0.7,896,1600,43,,,,,,,,206.72440299995287,uav0000086_00000_v
128,0.599542810714505,0,baseline,0.09,0.7,896,1600,43,,,,,,,,211.0469909998756,uav0000086_00000_v
129,0.599542810714505,0,baseline,0.09,0.7,896,1600,43,,,,,,,,208.41583100036587,uav0000086_00000_v
130,0.599542810714505,0,baseline,0.09,0.7,896,1600,43,,,,,,,,215.23177500012025,uav0000086_00000_v
131,0.601772831267777,1,baseline,0.09,0.7,896,1600,45,1.0,0.2325581395348837,1.0,0.0,0.0,0.6147753787854889,1955.554051584334,213.1633460003286,uav0000086_00000_v
132,0.601772831267777,0,baseline,0.09,0.7,896,1600,46,,,,,,,,215.07200799987916,uav0000086_00000_v
133,0.601772831267777,0,baseline,0.09,0.7,896,1600,46,,,,,,,,207.29560800009492,uav0000086_00000_v
134,0.601772831267777,0,baseline,0.09,0.7,896,1600,46,,,,,,,,205.3593919999912,uav0000086_00000_v
135,0.601772831267777,0,baseline,0.09,0.7,896,1600,46,,,,,,,,212.88340599994623,uav0000086_00000_v
136,0.601772831267777,0,baseline,0.09,0.7,896,1600,47,,,,,,,,205.53655499998055,uav0000086_00000_v
137,0.601772831267777,0,baseline,0.09,0.7,896,1600,46,,,,,,,,204.29923299980143,uav0000086_00000_v
138,0.601772831267777,0,baseline,0.09,0.7,896,1600,46,,,,,,,,206.61507600016196,uav0000086_00000_v
139,0.601772831267777,0,baseline,0.09,0.7,896,1600,47,,,,,,,,205.88596899960976,uav0000086_00000_v
140,0.601772831267777,0,baseline,0.09,0.7,896,1600,48,,,,,,,,213.57565600010275,uav0000086_00000_v
141,0.6030927578675749,1,baseline,0.09,0.7,896,1600,46,1.0,0.2083333333333333,1.0,0.0,0.0,0.609403584483987,1979.9628020398436,207.5225609996778,uav0000086_00000_v
142,0.6030927578675749,0,baseline,0.09,0.7,896,1600,47,,,,,,,,206.933485999798,uav0000086_00000_v
143,0.6030927578675749,0,baseline,0.09,0.7,896,1600,47,,,,,,,,206.4689290000388,uav0000086_00000_v
144,0.6030927578675749,0,baseline,0.09,0.7,896,1600,48,,,,,,,,209.71965799981265,uav0000086_00000_v
145,0.6030927578675749,0,baseline,0.09,0.7,896,1600,47,,,,,,,,210.850056000254,uav0000086_00000_v
146,0.6030927578675749,0,baseline,0.09,0.7,896,1600,47,,,,,,,,209.4263260000844,uav0000086_00000_v
147,0.6030927578675749,0,baseline,0.09,0.7,896,1600,47,,,,,,,,209.9971279999409,uav0000086_00000_v
148,0.6030927578675749,0,baseline,0.09,0.7,896,1600,47,,,,,,,,207.95311100027905,uav0000086_00000_v
149,0.6030927578675749,0,baseline,0.09,0.7,896,1600,47,,,,,,,,204.781851000007,uav0000086_00000_v
150,0.6030927578675749,0,baseline,0.09,0.7,896,1600,48,,,,,,,,208.1896810000217,uav0000086_00000_v
151,0.6038954159350193,1,baseline,0.09,0.7,896,1600,48,1.0,0.1875,1.0,0.0,0.0,0.6047838413846954,2027.5574964753848,209.00741000014025,uav0000086_00000_v
152,0.6038954159350193,0,baseline,0.09,0.7,896,1600,48,,,,,,,,212.71487000012712,uav0000086_00000_v
153,0.6038954159350193,0,baseline,0.09,0.7,896,1600,48,,,,,,,,204.9824989999252,uav0000086_00000_v
154,0.6038954159350193,0,baseline,0.09,0.7,896,1600,48,,,,,,,,203.9466429996537,uav0000086_00000_v
155,0.6038954159350193,0,baseline,0.09,0.7,896,1600,47,,,,,,,,206.34865800002444,uav0000086_00000_v
156,0.6038954159350193,0,baseline,0.09,0.7,896,1600,48,,,,,,,,210.7379030003358,uav0000086_00000_v
157,0.6038954159350193,0,baseline,0.09,0.7,896,1600,49,,,,,,,,218.65234999995664,uav0000086_00000_v
158,0.6038954159350193,0,baseline,0.09,0.7,896,1600,48,,,,,,,,263.132091999978,uav0000086_00000_v
159,0.6038954159350193,0,baseline,0.09,0.7,896,1600,48,,,,,,,,260.10158400004,uav0000086_00000_v
160,0.6038954159350193,0,baseline,0.09,0.7,896,1600,46,,,,,,,,259.4286480002665,uav0000086_00000_v
161,0.6057801623841581,1,baseline,0.09,0.7,896,1600,47,1.0,0.217391304347826,1.0,0.0,0.0,0.6114121684402007,1998.8190142594465,271.10885100000814,uav0000086_00000_v
162,0.6057801623841581,0,baseline,0.09,0.7,896,1600,48,,,,,,,,258.7813590002952,uav0000086_00000_v
163,0.6057801623841581,0,baseline,0.09,0.7,896,1600,49,,,,,,,,259.6736450000208,uav0000086_00000_v
164,0.6057801623841581,0,baseline,0.09,0.7,896,1600,49,,,,,,,,271.9569529999717,uav0000086_00000_v
165,0.6057801623841581,0,baseline,0.09,0.7,896,1600,51,,,,,,,,253.2494639999641,uav0000086_00000_v
166,0.6057801623841581,0,baseline,0.09,0.7,896,1600,50,,,,,,,,269.67666299970006,uav0000086_00000_v
167,0.6057801623841581,0,baseline,0.09,0.7,896,1600,49,,,,,,,,263.81429000002754,uav0000086_00000_v
168,0.6057801623841581,0,baseline,0.09,0.7,896,1600,50,,,,,,,,281.94300399991334,uav0000086_00000_v
169,0.6057801623841581,0,baseline,0.09,0.7,896,1600,50,,,,,,,,272.1909870001582,uav0000086_00000_v
170,0.6057801623841581,0,baseline,0.09,0.7,896,1600,48,,,,,,,,270.1908449998882,uav0000086_00000_v
171,0.6081661835453307,1,baseline,0.09,0.7,896,1600,50,1.0,0.2291666666666666,1.0,0.0,0.0,0.6140233275832787,2021.2112102121228,267.4153389998537,uav0000086_00000_v
172,0.6081661835453307,0,baseline,0.09,0.7,896,1600,50,,,,,,,,268.0339300000014,uav0000086_00000_v
173,0.6081661835453307,0,baseline,0.09,0.7,896,1600,50,,,,,,,,272.23734200015315,uav0000086_00000_v
174,0.6081661835453307,0,baseline,0.09,0.7,896,1600,50,,,,,,,,266.6568150002604,uav0000086_00000_v
175,0.6081661835453307,0,baseline,0.09,0.7,896,1600,50,,,,,,,,266.96812600039266,uav0000086_00000_v
176,0.6081661835453307,0,baseline,0.09,0.7,896,1600,49,,,,,,,,276.2074599995685,uav0000086_00000_v
177,0.6081661835453307,0,baseline,0.09,0.7,896,1600,50,,,,,,,,268.1739919999018,uav0000086_00000_v
178,0.6081661835453307,0,baseline,0.09,0.7,896,1600,51,,,,,,,,206.947972999842,uav0000086_00000_v
179,0.6081661835453307,0,baseline,0.09,0.7,896,1600,49,,,,,,,,216.13268900000548,uav0000086_00000_v
180,0.6081661835453307,0,baseline,0.09,0.7,896,1600,50,,,,,,,,216.4197500001137,uav0000086_00000_v
181,0.6115289503903536,1,baseline,0.09,0.7,896,1600,50,1.0,0.26,1.0,0.0,0.0,0.6208605473702303,2022.9578536732613,224.1804180002873,uav0000086_00000_v
182,0.6115289503903536,0,baseline,0.09,0.7,896,1600,50,,,,,,,,209.20779700009007,uav0000086_00000_v
183,0.6115289503903536,0,baseline,0.09,0.7,896,1600,49,,,,,,,,209.42797500038068,uav0000086_00000_v
184,0.6115289503903536,0,baseline,0.09,0.7,896,1600,49,,,,,,,,208.07673899980728,uav0000086_00000_v
185,0.6115289503903536,0,baseline,0.09,0.7,896,1600,48,,,,,,,,215.1722620001237,uav0000086_00000_v
186,0.6115289503903536,0,baseline,0.09,0.7,896,1600,48,,,,,,,,210.72256299976289,uav0000086_00000_v
187,0.6115289503903536,0,baseline,0.09,0.7,896,1600,48,,,,,,,,209.61986700012855,uav0000086_00000_v
188,0.6115289503903536,0,baseline,0.09,0.7,896,1600,49,,,,,,,,212.81017900037116,uav0000086_00000_v
189,0.6115289503903536,0,baseline,0.09,0.7,896,1600,49,,,,,,,,211.62490199958484,uav0000086_00000_v
190,0.6115289503903536,0,baseline,0.09,0.7,896,1600,49,,,,,,,,211.5220609998687,uav0000086_00000_v
191,0.6138994308144801,1,baseline,0.09,0.7,896,1600,48,1.0,0.2653061224489796,1.0,0.0,0.0,0.6220371676534785,2057.800867935836,212.87938500017844,uav0000086_00000_v
192,0.6138994308144801,0,baseline,0.09,0.7,896,1600,49,,,,,,,,214.65352800032636,uav0000086_00000_v
193,0.6138994308144801,0,baseline,0.09,0.7,896,1600,50,,,,,,,,212.53425500026424,uav0000086_00000_v
194,0.6138994308144801,0,baseline,0.09,0.7,896,1600,50,,,,,,,,210.7520139998087,uav0000086_00000_v
195,0.6138994308144801,0,baseline,0.09,0.7,896,1600,50,,,,,,,,208.19238199965184,uav0000086_00000_v
196,0.6138994308144801,0,baseline,0.09,0.7,896,1600,50,,,,,,,,210.996545999933,uav0000086_00000_v
197,0.6138994308144801,0,baseline,0.09,0.7,896,1600,50,,,,,,,,218.95490899987635,uav0000086_00000_v
198,0.6138994308144801,0,baseline,0.09,0.7,896,1600,50,,,,,,,,213.01393100020505,uav0000086_00000_v
199,0.6138994308144801,0,baseline,0.09,0.7,896,1600,52,,,,,,,,209.3732530001944,uav0000086_00000_v
200,0.6138994308144801,0,baseline,0.09,0.7,896,1600,54,,,,,,,,212.46642500000237,uav0000086_00000_v
201,0.6159185433392349,1,baseline,0.09,0.7,896,1600,53,1.0,0.2962962962962963,1.0,0.0,0.0,0.628909166458774,2067.577310945453,217.4397050002881,uav0000086_00000_v
202,0.6159185433392349,0,baseline,0.09,0.7,896,1600,51,,,,,,,,209.4922740002403,uav0000086_00000_v
203,0.6159185433392349,0,baseline,0.09,0.7,896,1600,51,,,,,,,,213.74387599962571,uav0000086_00000_v
204,0.6159185433392349,0,baseline,0.09,0.7,896,1600,51,,,,,,,,210.10348899972087,uav0000086_00000_v
205,0.6159185433392349,0,baseline,0.09,0.7,896,1600,51,,,,,,,,218.27532399993288,uav0000086_00000_v
206,0.6159185433392349,0,baseline,0.09,0.7,896,1600,51,,,,,,,,208.50774900009128,uav0000086_00000_v
207,0.6159185433392349,0,baseline,0.09,0.7,896,1600,51,,,,,,,,210.2676800000154,uav0000086_00000_v
208,0.6159185433392349,0,baseline,0.09,0.7,896,1600,52,,,,,,,,215.0800960002925,uav0000086_00000_v
209,0.6159185433392349,0,baseline,0.09,0.7,896,1600,52,,,,,,,,219.64286399997945,uav0000086_00000_v
210,0.6159185433392349,0,baseline,0.09,0.7,896,1600,50,,,,,,,,222.44672099986929,uav0000086_00000_v
211,0.617555252322984,1,baseline,0.09,0.7,896,1600,50,1.0,0.26,1.0,0.0,0.0,0.6208605473702303,2071.0440643109,214.76489299993773,uav0000086_00000_v
212,0.617555252322984,0,baseline,0.09,0.7,896,1600,50,,,,,,,,209.8733240000001,uav0000086_00000_v
213,0.617555252322984,0,baseline,0.09,0.7,896,1600,51,,,,,,,,211.33049700029005,uav0000086_00000_v
214,0.617555252322984,0,baseline,0.09,0.7,896,1600,51,,,,,,,,785.0116350000462,uav0000086_00000_v
215,0.617555252322984,0,baseline,0.09,0.7,896,1600,51,,,,,,,,209.6393500000886,uav0000086_00000_v
216,0.617555252322984,0,baseline,0.09,0.7,896,1600,51,,,,,,,,209.1645460000109,uav0000086_00000_v
217,0.617555252322984,0,baseline,0.09,0.7,896,1600,51,,,,,,,,224.7613150002508,uav0000086_00000_v
218,0.617555252322984,0,baseline,0.09,0.7,896,1600,53,,,,,,,,214.07346399973903,uav0000086_00000_v
219,0.617555252322984,0,baseline,0.09,0.7,896,1600,52,,,,,,,,220.9588860000622,uav0000086_00000_v
220,0.617555252322984,0,baseline,0.09,0.7,896,1600,52,,,,,,,,214.7224919999644,uav0000086_00000_v
221,0.6195351422226805,1,baseline,0.09,0.7,896,1600,52,1.0,0.25,1.0,0.0,0.0,0.6186430706825703,2108.330086979114,221.32003699971392,uav0000086_00000_v
222,0.6195351422226805,0,baseline,0.09,0.7,896,1600,52,,,,,,,,265.6373889999486,uav0000086_00000_v
223,0.6195351422226805,0,baseline,0.09,0.7,896,1600,51,,,,,,,,268.2306050000989,uav0000086_00000_v
224,0.6195351422226805,0,baseline,0.09,0.7,896,1600,51,,,,,,,,266.54911100013123,uav0000086_00000_v
225,0.6195351422226805,0,baseline,0.09,0.7,896,1600,51,,,,,,,,259.528937000141,uav0000086_00000_v
226,0.6195351422226805,0,baseline,0.09,0.7,896,1600,52,,,,,,,,265.50917700024,uav0000086_00000_v
227,0.6195351422226805,0,baseline,0.09,0.7,896,1600,52,,,,,,,,266.47456499995315,uav0000086_00000_v
228,0.6195351422226805,0,baseline,0.09,0.7,896,1600,52,,,,,,,,263.16906900001413,uav0000086_00000_v
229,0.6195351422226805,0,baseline,0.09,0.7,896,1600,51,,,,,,,,262.39566100002776,uav0000086_00000_v
230,0.6195351422226805,0,baseline,0.09,0.7,896,1600,50,,,,,,,,278.8104609999209,uav0000086_00000_v
231,0.6208849106412561,1,baseline,0.09,0.7,896,1600,50,1.0,0.26,1.0,0.0,0.0,0.6208605473702303,2111.232667321043,267.99835500014524,uav0000086_00000_v
232,0.6208849106412561,0,baseline,0.09,0.7,896,1600,51,,,,,,,,261.8732959999761,uav0000086_00000_v
233,0.6208849106412561,0,baseline,0.09,0.7,896,1600,51,,,,,,,,262.4493410003197,uav0000086_00000_v
234,0.6208849106412561,0,baseline,0.09,0.7,896,1600,49,,,,,,,,279.69823199964594,uav0000086_00000_v
235,0.6208849106412561,0,baseline,0.09,0.7,896,1600,51,,,,,,,,268.01787200020044,uav0000086_00000_v
236,0.6208849106412561,0,baseline,0.09,0.7,896,1600,52,,,,,,,,257.7571629999511,uav0000086_00000_v
237,0.6208849106412561,0,baseline,0.09,0.7,896,1600,52,,,,,,,,260.98969900021984,uav0000086_00000_v
238,0.6208849106412561,0,baseline,0.09,0.7,896,1600,52,,,,,,,,269.6100739999565,uav0000086_00000_v
239,0.6208849106412561,0,baseline,0.09,0.7,896,1600,52,,,,,,,,273.7846259997241,uav0000086_00000_v
240,0.6208849106412561,0,baseline,0.09,0.7,896,1600,52,,,,,,,,261.0113139999157,uav0000086_00000_v
241,0.6221540708333693,1,baseline,0.09,0.7,896,1600,52,1.0,0.2692307692307692,1.0,0.0,0.0,0.6229074489280704,2123.315804545164,262.23671899970213,uav0000086_00000_v
242,0.6221540708333693,0,baseline,0.09,0.7,896,1600,52,,,,,,,,228.29013399996256,uav0000086_00000_v
243,0.6221540708333693,0,baseline,0.09,0.7,896,1600,51,,,,,,,,220.2497850003056,uav0000086_00000_v
244,0.6221540708333693,0,baseline,0.09,0.7,896,1600,52,,,,,,,,211.10278499963897,uav0000086_00000_v
245,0.6221540708333693,0,baseline,0.09,0.7,896,1600,51,,,,,,,,213.863197000137,uav0000086_00000_v
246,0.6221540708333693,0,baseline,0.09,0.7,896,1600,52,,,,,,,,210.50852200005465,uav0000086_00000_v
247,0.6221540708333693,0,baseline,0.09,0.7,896,1600,55,,,,,,,,227.80634099990493,uav0000086_00000_v
248,0.6221540708333693,0,baseline,0.09,0.7,896,1600,54,,,,,,,,213.45124299978124,uav0000086_00000_v
249,0.6221540708333693,0,baseline,0.09,0.7,896,1600,55,,,,,,,,212.2396130002926,uav0000086_00000_v
250,0.6221540708333693,0,baseline,0.09,0.7,896,1600,54,,,,,,,,215.51094999995257,uav0000086_00000_v
251,0.6238905076046585,1,baseline,0.09,0.7,896,1600,55,1.0,0.3148148148148148,1.0,0.0,0.0,0.6330156047692554,2135.2106648672275,223.4196399999746,uav0000086_00000_v
252,0.6238905076046585,0,baseline,0.09,0.7,896,1600,54,,,,,,,,211.73852899983103,uav0000086_00000_v
253,0.6238905076046585,0,baseline,0.09,0.7,896,1600,55,,,,,,,,209.49939899992387,uav0000086_00000_v
254,0.6238905076046585,0,baseline,0.09,0.7,896,1600,56,,,,,,,,211.5122390000579,uav0000086_00000_v
255,0.6238905076046585,0,baseline,0.09,0.7,896,1600,53,,,,,,,,221.26740800013067,uav0000086_00000_v
256,0.6238905076046585,0,baseline,0.09,0.7,896,1600,54,,,,,,,,219.5033660000263,uav0000086_00000_v
257,0.6238905076046585,0,baseline,0.09,0.7,896,1600,53,,,,,,,,212.3346289999972,uav0000086_00000_v
258,0.6238905076046585,0,baseline,0.09,0.7,896,1600,53,,,,,,,,211.84210199999143,uav0000086_00000_v
259,0.6238905076046585,0,baseline,0.09,0.7,896,1600,53,,,,,,,,211.70574300003864,uav0000086_00000_v
260,0.6238905076046585,0,baseline,0.09,0.7,896,1600,54,,,,,,,,214.6143560003111,uav0000086_00000_v
261,0.6248722217197008,1,baseline,0.09,0.7,896,1600,54,1.0,0.2962962962962963,1.0,0.0,0.0,0.628909166458774,2113.37568893298,217.8322549998484,uav0000086_00000_v
262,0.6248722217197008,0,baseline,0.09,0.7,896,1600,54,,,,,,,,213.9840799995909,uav0000086_00000_v
263,0.6248722217197008,0,baseline,0.09,0.7,896,1600,54,,,,,,,,214.19917399998667,uav0000086_00000_v
264,0.6248722217197008,0,baseline,0.09,0.7,896,1600,54,,,,,,,,209.92605899982664,uav0000086_00000_v
265,0.6248722217197008,0,baseline,0.09,0.7,896,1600,54,,,,,,,,212.10998100013967,uav0000086_00000_v
266,0.6248722217197008,0,baseline,0.09,0.7,896,1600,54,,,,,,,,230.7817809996777,uav0000086_00000_v
267,0.6248722217197008,0,baseline,0.09,0.7,896,1600,55,,,,,,,,216.09421499988457,uav0000086_00000_v
268,0.6248722217197008,0,baseline,0.09,0.7,896,1600,55,,,,,,,,213.54173600002468,uav0000086_00000_v
269,0.6248722217197008,0,baseline,0.09,0.7,896,1600,56,,,,,,,,217.49973099986164,uav0000086_00000_v
270,0.6248722217197008,0,baseline,0.09,0.7,896,1600,55,,,,,,,,216.7449480002688,uav0000086_00000_v
271,0.625277532513982,1,baseline,0.09,0.7,896,1600,55,1.0,0.3090909090909091,1.0,0.0,0.0,0.631746342018743,2133.87275545744,229.50802300010764,uav0000086_00000_v
272,0.625277532513982,0,baseline,0.09,0.7,896,1600,55,,,,,,,,223.0182359999162,uav0000086_00000_v
273,0.625277532513982,0,baseline,0.09,0.7,896,1600,56,,,,,,,,215.75884000003495,uav0000086_00000_v
274,0.625277532513982,0,baseline,0.09,0.7,896,1600,56,,,,,,,,213.42070199989396,uav0000086_00000_v
275,0.625277532513982,0,baseline,0.09,0.7,896,1600,57,,,,,,,,219.2615629996908,uav0000086_00000_v
276,0.625277532513982,0,baseline,0.09,0.7,896,1600,55,,,,,,,,220.72272900004464,uav0000086_00000_v
277,0.625277532513982,0,baseline,0.09,0.7,896,1600,54,,,,,,,,217.84056499973303,uav0000086_00000_v
278,0.625277532513982,0,baseline,0.09,0.7,896,1600,55,,,,,,,,219.6784849998039,uav0000086_00000_v
279,0.625277532513982,0,baseline,0.09,0.7,896,1600,57,,,,,,,,211.8285929996091,uav0000086_00000_v
280,0.625277532513982,0,baseline,0.09,0.7,896,1600,58,,,,,,,,211.67391100016172,uav0000086_00000_v
281,0.6279647210123286,1,baseline,0.09,0.7,896,1600,58,1.0,0.3448275862068966,1.0,0.0,0.0,0.6396708668586565,2127.9393512819192,213.58373099974412,uav0000086_00000_v
282,0.6279647210123286,0,baseline,0.09,0.7,896,1600,58,,,,,,,,221.04749799973436,uav0000086_00000_v
283,0.6279647210123286,0,baseline,0.09,0.7,896,1600,61,,,,,,,,215.755487000024,uav0000086_00000_v
284,0.6279647210123286,0,baseline,0.09,0.7,896,1600,58,,,,,,,,214.46054999978517,uav0000086_00000_v
285,0.6279647210123286,0,baseline,0.09,0.7,896,1600,58,,,,,,,,220.3248480000184,uav0000086_00000_v
286,0.6279647210123286,0,baseline,0.09,0.7,896,1600,56,,,,,,,,211.58098399973824,uav0000086_00000_v
287,0.6279647210123286,0,baseline,0.09,0.7,896,1600,57,,,,,,,,220.97828000005396,uav0000086_00000_v
288,0.6279647210123286,0,baseline,0.09,0.7,896,1600,58,,,,,,,,266.59040699996694,uav0000086_00000_v
289,0.6279647210123286,0,baseline,0.09,0.7,896,1600,58,,,,,,,,269.08292200005235,uav0000086_00000_v
290,0.6279647210123286,0,baseline,0.09,0.7,896,1600,57,,,,,,,,262.48920399984854,uav0000086_00000_v
291,0.6311603327802596,1,baseline,0.09,0.7,896,1600,57,1.0,0.3508771929824561,1.0,0.0,0.0,0.6410123530580878,2138.654402936534,280.87568999990253,uav0000086_00000_v
292,0.6311603327802596,0,baseline,0.09,0.7,896,1600,58,,,,,,,,266.7468999998164,uav0000086_00000_v
293,0.6311603327802596,0,baseline,0.09,0.7,896,1600,58,,,,,,,,270.4689479996887,uav0000086_00000_v
294,0.6311603327802596,0,baseline,0.09,0.7,896,1600,57,,,,,,,,267.205051000019,uav0000086_00000_v
295,0.6311603327802596,0,baseline,0.09,0.7,896,1600,57,,,,,,,,268.0107080000198,uav0000086_00000_v
296,0.6311603327802596,0,baseline,0.09,0.7,896,1600,57,,,,,,,,268.9182320000328,uav0000086_00000_v
297,0.6311603327802596,0,baseline,0.09,0.7,896,1600,58,,,,,,,,263.1822580001426,uav0000086_00000_v
298,0.6311603327802596,0,baseline,0.09,0.7,896,1600,56,,,,,,,,278.7303710001652,uav0000086_00000_v
299,0.6311603327802596,0,baseline,0.09,0.7,896,1600,56,,,,,,,,264.37871500002075,uav0000086_00000_v
300,0.6311603327802596,0,baseline,0.09,0.7,896,1600,58,,,,,,,,265.64249100010784,uav0000086_00000_v
301,0.6338475212786062,1,baseline,0.09,0.7,896,1600,58,1.0,0.3448275862068966,1.0,0.0,0.0,0.6396708668586565,2080.148159895692,262.49819599979674,uav0000086_00000_v
302,0.6338475212786062,0,baseline,0.09,0.7,896,1600,61,,,,,,,,274.77084100019056,uav0000086_00000_v
303,0.6338475212786062,0,baseline,0.09,0.7,896,1600,61,,,,,,,,263.6496609998176,uav0000086_00000_v
304,0.6338475212786062,0,baseline,0.09,0.7,896,1600,61,,,,,,,,261.744760000056,uav0000086_00000_v
305,0.6338475212786062,0,baseline,0.09,0.7,896,1600,63,,,,,,,,211.26512999990155,uav0000086_00000_v
306,0.6338475212786062,0,baseline,0.09,0.7,896,1600,61,,,,,,,,229.09442000036503,uav0000086_00000_v
307,0.6338475212786062,0,baseline,0.09,0.7,896,1600,64,,,,,,,,215.4789310002343,uav0000086_00000_v
308,0.6338475212786062,0,baseline,0.09,0.7,896,1600,63,,,,,,,,214.09203299981527,uav0000086_00000_v
309,0.6338475212786062,0,baseline,0.09,0.7,896,1600,62,,,,,,,,211.86470900011045,uav0000086_00000_v
310,0.6338475212786062,0,baseline,0.09,0.7,896,1600,61,,,,,,,,221.70685899982345,uav0000086_00000_v
311,0.6372630186087257,1,baseline,0.09,0.7,896,1600,62,1.0,0.3770491803278688,1.0,0.0,0.0,0.6468159302389063,2028.5007780194069,231.68020699995395,uav0000086_00000_v
312,0.6372630186087257,0,baseline,0.09,0.7,896,1600,61,,,,,,,,214.90145100005972,uav0000086_00000_v
313,0.6372630186087257,0,baseline,0.09,0.7,896,1600,61,,,,,,,,213.4046890000718,uav0000086_00000_v
314,0.6372630186087257,0,baseline,0.09,0.7,896,1600,61,,,,,,,,214.1883669996787,uav0000086_00000_v
315,0.6372630186087257,0,baseline,0.09,0.7,896,1600,61,,,,,,,,222.67154600012876,uav0000086_00000_v
316,0.6372630186087257,0,baseline,0.09,0.7,896,1600,63,,,,,,,,218.05860399990704,uav0000086_00000_v
317,0.6372630186087257,0,baseline,0.09,0.7,896,1600,64,,,,,,,,215.89571599997728,uav0000086_00000_v
318,0.6372630186087257,0,baseline,0.09,0.7,896,1600,63,,,,,,,,213.5907040001257,uav0000086_00000_v
319,0.6372630186087257,0,baseline,0.09,0.7,896,1600,63,,,,,,,,215.719062000062,uav0000086_00000_v
320,0.6372630186087257,0,baseline,0.09,0.7,896,1600,63,,,,,,,,221.09418299987735,uav0000086_00000_v
321,0.639358140195706,1,baseline,0.09,0.7,896,1600,63,1.0,0.3809523809523809,1.0,0.0,0.0,0.6476814558781179,1990.4962650055024,228.67993899990324,uav0000086_00000_v
322,0.639358140195706,0,baseline,0.09,0.7,896,1600,62,,,,,,,,221.7581740001151,uav0000086_00000_v
323,0.639358140195706,0,baseline,0.09,0.7,896,1600,62,,,,,,,,215.8090129996708,uav0000086_00000_v
324,0.639358140195706,0,baseline,0.09,0.7,896,1600,61,,,,,,,,218.34818500019537,uav0000086_00000_v
325,0.639358140195706,0,baseline,0.09,0.7,896,1600,62,,,,,,,,239.40435099984825,uav0000086_00000_v
326,0.639358140195706,0,baseline,0.09,0.7,896,1600,63,,,,,,,,220.8206169998448,uav0000086_00000_v
327,0.639358140195706,0,baseline,0.09,0.7,896,1600,63,,,,,,,,217.10184399989885,uav0000086_00000_v
328,0.639358140195706,0,baseline,0.09,0.7,896,1600,64,,,,,,,,218.0692010001621,uav0000086_00000_v
329,0.639358140195706,0,baseline,0.09,0.7,896,1600,65,,,,,,,,226.86485399981396,uav0000086_00000_v
330,0.639358140195706,0,baseline,0.09,0.7,896,1600,65,,,,,,,,221.59505199988416,uav0000086_00000_v
331,0.6416685758165483,1,baseline,0.09,0.7,896,1600,63,1.0,0.3692307692307692,1.0,0.0,0.0,0.6450822158046703,1949.4908959057664,217.7278619997196,uav0000086_00000_v
332,0.6416685758165483,0,baseline,0.09,0.7,896,1600,63,,,,,,,,218.2412019997173,uav0000086_00000_v
333,0.6416685758165483,0,baseline,0.09,0.7,896,1600,61,,,,,,,,211.74712200036083,uav0000086_00000_v
334,0.6416685758165483,0,baseline,0.09,0.7,896,1600,62,,,,,,,,223.6942619997535,uav0000086_00000_v
335,0.6416685758165483,0,baseline,0.09,0.7,896,1600,64,,,,,,,,216.0699010000826,uav0000086_00000_v
336,0.6416685758165483,0,baseline,0.09,0.7,896,1600,63,,,,,,,,218.3353430000352,uav0000086_00000_v
337,0.6416685758165483,0,baseline,0.09,0.7,896,1600,62,,,,,,,,216.3659859998006,uav0000086_00000_v
338,0.6416685758165483,0,baseline,0.09,0.7,896,1600,59,,,,,,,,222.4120900000344,uav0000086_00000_v
339,0.6416685758165483,0,baseline,0.09,0.7,896,1600,61,,,,,,,,223.6709509998036,uav0000086_00000_v
340,0.6416685758165483,0,baseline,0.09,0.7,896,1600,61,,,,,,,,218.82286700019904,uav0000086_00000_v
341,0.6443406895172414,1,baseline,0.09,0.7,896,1600,63,1.0,0.3934426229508196,1.0,0.0,0.0,0.6504511379235949,1919.6973720359224,219.62488700000904,uav0000086_00000_v
342,0.6443406895172414,0,baseline,0.09,0.7,896,1600,65,,,,,,,,222.20391500013648,uav0000086_00000_v
343,0.6443406895172414,0,baseline,0.09,0.7,896,1600,65,,,,,,,,225.5287140001201,uav0000086_00000_v
344,0.6443406895172414,0,baseline,0.09,0.7,896,1600,66,,,,,,,,229.8613159996421,uav0000086_00000_v
345,0.6443406895172414,0,baseline,0.09,0.7,896,1600,66,,,,,,,,217.17258599983325,uav0000086_00000_v
346,0.6443406895172414,0,baseline,0.09,0.7,896,1600,64,,,,,,,,213.72742399989875,uav0000086_00000_v
347,0.6443406895172414,0,baseline,0.09,0.7,896,1600,64,,,,,,,,218.61465100028,uav0000086_00000_v
348,0.6443406895172414,0,baseline,0.09,0.7,896,1600,65,,,,,,,,220.1328599999215,uav0000086_00000_v
349,0.6443406895172414,0,baseline,0.09,0.7,896,1600,65,,,,,,,,221.34324900025604,uav0000086_00000_v
350,0.6443406895172414,0,baseline,0.09,0.7,896,1600,65,,,,,,,,252.8395580002325,uav0000086_00000_v
351,0.6470631694217577,1,baseline,0.09,0.7,896,1600,67,1.0,0.4307692307692308,1.0,0.0,0.0,0.6587282261902703,1889.3068713072023,274.4798919998175,uav0000086_00000_v
352,0.6470631694217577,0,baseline,0.09,0.7,896,1600,65,,,,,,,,284.77372999986983,uav0000086_00000_v
353,0.6470631694217577,0,baseline,0.09,0.7,896,1600,66,,,,,,,,271.9591589998345,uav0000086_00000_v
354,0.6470631694217577,0,baseline,0.09,0.7,896,1600,66,,,,,,,,274.5483010003227,uav0000086_00000_v
355,0.6470631694217577,0,baseline,0.09,0.7,896,1600,67,,,,,,,,271.16829799979314,uav0000086_00000_v
356,0.6470631694217577,0,baseline,0.09,0.7,896,1600,67,,,,,,,,273.32737899996573,uav0000086_00000_v
357,0.6470631694217577,0,baseline,0.09,0.7,896,1600,67,,,,,,,,275.31539400024485,uav0000086_00000_v
358,0.6470631694217577,0,baseline,0.09,0.7,896,1600,69,,,,,,,,276.79933499985054,uav0000086_00000_v
359,0.6470631694217577,0,baseline,0.09,0.7,896,1600,69,,,,,,,,300.4743219999,uav0000086_00000_v
360,0.6470631694217577,0,baseline,0.09,0.7,896,1600,68,,,,,,,,265.6705389999843,uav0000086_00000_v
361,0.65038954791165,1,baseline,0.09,0.7,896,1600,67,1.0,0.4558823529411764,1.0,0.0,0.0,0.6642970024873349,1881.8099520613532,280.96511700005067,uav0000086_00000_v
362,0.65038954791165,0,baseline,0.09,0.7,896,1600,68,,,,,,,,273.5951740000928,uav0000086_00000_v
363,0.65038954791165,0,baseline,0.09,0.7,896,1600,62,,,,,,,,559.8942579999857,uav0000086_00000_v
364,0.65038954791165,0,baseline,0.09,0.7,896,1600,65,,,,,,,,426.1243179998928,uav0000086_00000_v
365,0.65038954791165,0,baseline,0.09,0.7,896,1600,64,,,,,,,,278.50575999991634,uav0000086_00000_v
366,0.65038954791165,0,baseline,0.09,0.7,896,1600,63,,,,,,,,260.1947680000194,uav0000086_00000_v
367,0.65038954791165,0,baseline,0.09,0.7,896,1600,65,,,,,,,,229.4461090000368,uav0000086_00000_v
368,0.65038954791165,0,baseline,0.09,0.7,896,1600,64,,,,,,,,224.39926800007012,uav0000086_00000_v
369,0.65038954791165,0,baseline,0.09,0.7,896,1600,65,,,,,,,,222.7817910002159,uav0000086_00000_v
370,0.65038954791165,0,baseline,0.09,0.7,896,1600,64,,,,,,,,223.6210839996602,uav0000086_00000_v
371,0.6528302742535174,1,baseline,0.09,0.7,896,1600,64,1.0,0.421875,1.0,0.0,0.0,0.6567559512517265,1848.2214000424665,229.3263950000437,uav0000086_00000_v
372,0.6528302742535174,0,baseline,0.09,0.7,896,1600,65,,,,,,,,221.98695399993085,uav0000086_00000_v
373,0.6528302742535174,0,baseline,0.09,0.7,896,1600,65,,,,,,,,224.33190600031597,uav0000086_00000_v
374,0.6528302742535174,0,baseline,0.09,0.7,896,1600,62,,,,,,,,222.23169300013976,uav0000086_00000_v
375,0.6528302742535174,0,baseline,0.09,0.7,896,1600,63,,,,,,,,225.6798670000535,uav0000086_00000_v
376,0.6528302742535174,0,baseline,0.09,0.7,896,1600,66,,,,,,,,228.08475500005443,uav0000086_00000_v
377,0.6528302742535174,0,baseline,0.09,0.7,896,1600,65,,,,,,,,217.3532879996856,uav0000086_00000_v
378,0.6528302742535174,0,baseline,0.09,0.7,896,1600,64,,,,,,,,217.66500900002936,uav0000086_00000_v
379,0.6528302742535174,0,baseline,0.09,0.7,896,1600,66,,,,,,,,217.26058400008696,uav0000086_00000_v
380,0.6528302742535174,0,baseline,0.09,0.7,896,1600,66,,,,,,,,223.78167499982737,uav0000086_00000_v
381,0.6548052463939001,1,baseline,0.09,0.7,896,1600,64,1.0,0.4393939393939394,1.0,0.0,0.0,0.6606407352215854,1829.7663914650316,222.47860500010572,uav0000086_00000_v
382,0.6548052463939001,0,baseline,0.09,0.7,896,1600,64,,,,,,,,225.6362809998791,uav0000086_00000_v
383,0.6548052463939001,0,baseline,0.09,0.7,896,1600,65,,,,,,,,221.41147799993632,uav0000086_00000_v
384,0.6548052463939001,0,baseline,0.09,0.7,896,1600,62,,,,,,,,216.45584899988532,uav0000086_00000_v
385,0.6548052463939001,0,baseline,0.09,0.7,896,1600,63,,,,,,,,217.35295600001336,uav0000086_00000_v
386,0.6548052463939001,0,baseline,0.09,0.7,896,1600,63,,,,,,,,214.7905209999408,uav0000086_00000_v
387,0.6548052463939001,0,baseline,0.09,0.7,896,1600,64,,,,,,,,219.05106199983493,uav0000086_00000_v
388,0.6548052463939001,0,baseline,0.09,0.7,896,1600,62,,,,,,,,214.13229800009503,uav0000086_00000_v
389,0.6548052463939001,0,baseline,0.09,0.7,896,1600,63,,,,,,,,212.49785600002724,uav0000086_00000_v
390,0.6548052463939001,0,baseline,0.09,0.7,896,1600,62,,,,,,,,227.8879059999781,uav0000086_00000_v
391,0.6560217686056952,1,baseline,0.09,0.7,896,1600,62,1.0,0.4193548387096774,1.0,0.0,0.0,0.6561971113606831,1843.726499737246,225.60646700003417,uav0000086_00000_v
392,0.6560217686056952,0,baseline,0.09,0.7,896,1600,66,,,,,,,,222.1243210001376,uav0000086_00000_v
393,0.6560217686056952,0,baseline,0.09,0.7,896,1600,64,,,,,,,,218.54452600018703,uav0000086_00000_v
394,0.6560217686056952,0,baseline,0.09,0.7,896,1600,63,,,,,,,,226.08151099984752,uav0000086_00000_v
395,0.6560217686056952,0,baseline,0.09,0.7,896,1600,65,,,,,,,,215.9299570002986,uav0000086_00000_v
396,0.6560217686056952,0,baseline,0.09,0.7,896,1600,63,,,,,,,,223.22616799965544,uav0000086_00000_v
397,0.6560217686056952,0,baseline,0.09,0.7,896,1600,63,,,,,,,,228.9433259998077,uav0000086_00000_v
398,0.6560217686056952,0,baseline,0.09,0.7,896,1600,64,,,,,,,,218.0539220003084,uav0000086_00000_v
399,0.6560217686056952,0,baseline,0.09,0.7,896,1600,64,,,,,,,,215.4248560000269,uav0000086_00000_v
400,0.6560217686056952,0,baseline,0.09,0.7,896,1600,65,,,,,,,,216.20993999977145,uav0000086_00000_v
401,0.6589459136883236,1,baseline,0.09,0.7,896,1600,64,1.0,0.4615384615384615,1.0,0.0,0.0,0.6655512313830703,1855.6989022482423,222.5356720000491,uav0000086_00000_v
402,0.6589459136883236,0,baseline,0.09,0.7,896,1600,63,,,,,,,,217.81347100022683,uav0000086_00000_v
403,0.6589459136883236,0,baseline,0.09,0.7,896,1600,63,,,,,,,,217.109210000217,uav0000086_00000_v
404,0.6589459136883236,0,baseline,0.09,0.7,896,1600,64,,,,,,,,230.92693399985365,uav0000086_00000_v
405,0.6589459136883236,0,baseline,0.09,0.7,896,1600,63,,,,,,,,222.89771300029315,uav0000086_00000_v
406,0.6589459136883236,0,baseline,0.09,0.7,896,1600,65,,,,,,,,220.3165639998588,uav0000086_00000_v
407,0.6589459136883236,0,baseline,0.09,0.7,896,1600,65,,,,,,,,221.9581469998957,uav0000086_00000_v
408,0.6589459136883236,0,baseline,0.09,0.7,896,1600,65,,,,,,,,228.00000999995973,uav0000086_00000_v
409,0.6589459136883236,0,baseline,0.09,0.7,896,1600,66,,,,,,,,221.6732640004011,uav0000086_00000_v
410,0.6589459136883236,0,baseline,0.09,0.7,896,1600,67,,,,,,,,224.58013200002824,uav0000086_00000_v
411,0.6611394398605344,1,baseline,0.09,0.7,896,1600,64,1.0,0.4626865671641791,1.0,0.0,0.0,0.6658058211290702,1859.869026610845,250.04371600016384,uav0000086_00000_v
412,0.6611394398605344,0,baseline,0.09,0.7,896,1600,64,,,,,,,,274.56503299981705,uav0000086_00000_v
413,0.6611394398605344,0,baseline,0.09,0.7,896,1600,64,,,,,,,,276.1777330001678,uav0000086_00000_v
414,0.6611394398605344,0,baseline,0.09,0.7,896,1600,62,,,,,,,,275.7141709998905,uav0000086_00000_v
415,0.6611394398605344,0,baseline,0.09,0.7,896,1600,62,,,,,,,,276.4443890000621,uav0000086_00000_v
416,0.6611394398605344,0,baseline,0.09,0.7,896,1600,62,,,,,,,,275.78818300025887,uav0000086_00000_v
417,0.6611394398605344,0,baseline,0.09,0.7,896,1600,62,,,,,,,,298.078058000101,uav0000086_00000_v
418,0.6611394398605344,0,baseline,0.09,0.7,896,1600,62,,,,,,,,274.48638499981826,uav0000086_00000_v
419,0.6611394398605344,0,baseline,0.09,0.7,896,1600,63,,,,,,,,281.3764090001314,uav0000086_00000_v
420,0.6611394398605344,0,baseline,0.09,0.7,896,1600,62,,,,,,,,273.09408300016,uav0000086_00000_v
421,0.6612887913566902,1,baseline,0.09,0.7,896,1600,62,1.0,0.4354838709677419,1.0,0.0,0.0,0.6597736866633606,1883.332486988478,286.9940800001132,uav0000086_00000_v
422,0.6612887913566902,0,baseline,0.09,0.7,896,1600,62,,,,,,,,279.2264099998647,uav0000086_00000_v
423,0.6612887913566902,0,baseline,0.09,0.7,896,1600,62,,,,,,,,297.9252930003895,uav0000086_00000_v
424,0.6612887913566902,0,baseline,0.09,0.7,896,1600,63,,,,,,,,284.69213200014565,uav0000086_00000_v
425,0.6612887913566902,0,baseline,0.09,0.7,896,1600,63,,,,,,,,274.48156399987056,uav0000086_00000_v
426,0.6612887913566902,0,baseline,0.09,0.7,896,1600,67,,,,,,,,276.7254119999052,uav0000086_00000_v
427,0.6612887913566902,0,baseline,0.09,0.7,896,1600,65,,,,,,,,280.3367880001133,uav0000086_00000_v
428,0.6612887913566902,0,baseline,0.09,0.7,896,1600,64,,,,,,,,223.77950700001747,uav0000086_00000_v
429,0.6612887913566902,0,baseline,0.09,0.7,896,1600,62,,,,,,,,218.84301199997932,uav0000086_00000_v
430,0.6612887913566902,0,baseline,0.09,0.7,896,1600,63,,,,,,,,221.20276399982689,uav0000086_00000_v
431,0.6589151418410877,1,baseline,0.09,0.7,896,1600,64,1.0,0.3809523809523809,1.0,0.0,0.0,0.6476814558781179,1901.839324901115,230.15188299996225,uav0000086_00000_v
432,0.6589151418410877,0,baseline,0.09,0.7,896,1600,65,,,,,,,,224.94167700006076,uav0000086_00000_v
433,0.6589151418410877,0,baseline,0.09,0.7,896,1600,65,,,,,,,,239.49164599980577,uav0000086_00000_v
434,0.6589151418410877,0,baseline,0.09,0.7,896,1600,63,,,,,,,,220.65181300013137,uav0000086_00000_v
435,0.6589151418410877,0,baseline,0.09,0.7,896,1600,64,,,,,,,,244.6748900001694,uav0000086_00000_v
436,0.6589151418410877,0,baseline,0.09,0.7,896,1600,64,,,,,,,,225.1730680000037,uav0000086_00000_v
437,0.6589151418410877,0,baseline,0.09,0.7,896,1600,66,,,,,,,,224.7232510003414,uav0000086_00000_v
438,0.6589151418410877,0,baseline,0.09,0.7,896,1600,65,,,,,,,,219.3721789999472,uav0000086_00000_v
439,0.6589151418410877,0,baseline,0.09,0.7,896,1600,67,,,,,,,,218.16723699976137,uav0000086_00000_v
440,0.6589151418410877,0,baseline,0.09,0.7,896,1600,66,,,,,,,,222.9118919999564,uav0000086_00000_v
441,0.6594701109796389,1,baseline,0.09,0.7,896,1600,66,1.0,0.4393939393939394,1.0,0.0,0.0,0.6606407352215854,1949.7742052686056,227.9227099998025,uav0000086_00000_v
442,0.6594701109796389,0,baseline,0.09,0.7,896,1600,66,,,,,,,,218.46306099996585,uav0000086_00000_v
443,0.6594701109796389,0,baseline,0.09,0.7,896,1600,67,,,,,,,,228.16955500002223,uav0000086_00000_v
444,0.6594701109796389,0,baseline,0.09,0.7,896,1600,66,,,,,,,,217.89596000007805,uav0000086_00000_v
445,0.6594701109796389,0,baseline,0.09,0.7,896,1600,68,,,,,,,,236.4082160001999,uav0000086_00000_v
446,0.6594701109796389,0,baseline,0.09,0.7,896,1600,66,,,,,,,,222.59535800003505,uav0000086_00000_v
447,0.6594701109796389,0,baseline,0.09,0.7,896,1600,68,,,,,,,,232.563392999964,uav0000086_00000_v
448,0.6594701109796389,0,baseline,0.09,0.7,896,1600,66,,,,,,,,218.4080880001602,uav0000086_00000_v
449,0.6594701109796389,0,baseline,0.09,0.7,896,1600,66,,,,,,,,217.28356500034351,uav0000086_00000_v
450,0.6594701109796389,0,baseline,0.09,0.7,896,1600,68,,,,,,,,228.89352699985463,uav0000086_00000_v
451,0.659992434874746,1,baseline,0.09,0.7,896,1600,68,1.0,0.4558823529411764,1.0,0.0,0.0,0.6642970024873349,1966.9895842875192,221.5973719999056,uav0000086_00000_v
452,0.659992434874746,0,baseline,0.09,0.7,896,1600,68,,,,,,,,222.0407840000007,uav0000086_00000_v
453,0.659992434874746,0,baseline,0.09,0.7,896,1600,69,,,,,,,,221.76679399990465,uav0000086_00000_v
454,0.659992434874746,0,baseline,0.09,0.7,896,1600,69,,,,,,,,223.81310799983112,uav0000086_00000_v
455,0.659992434874746,0,baseline,0.09,0.7,896,1600,69,,,,,,,,223.65232599986484,uav0000086_00000_v
456,0.659992434874746,0,baseline,0.09,0.7,896,1600,69,,,,,,,,240.7908329996644,uav0000086_00000_v
457,0.659992434874746,0,baseline,0.09,0.7,896,1600,71,,,,,,,,218.8547790001394,uav0000086_00000_v
458,0.659992434874746,0,baseline,0.09,0.7,896,1600,72,,,,,,,,222.35704599961537,uav0000086_00000_v
459,0.659992434874746,0,baseline,0.09,0.7,896,1600,71,,,,,,,,226.709636999658,uav0000086_00000_v
460,0.659992434874746,0,baseline,0.09,0.7,896,1600,70,,,,,,,,236.1264950000077,uav0000086_00000_v
461,0.6611894927311524,1,baseline,0.09,0.7,896,1600,71,1.0,0.4571428571428571,1.0,0.0,0.0,0.6645765163555273,1996.948250351702,242.89371400027449,uav0000086_00000_v
462,0.6611894927311524,0,baseline,0.09,0.7,896,1600,71,,,,,,,,237.05068199979,uav0000086_00000_v
463,0.6611894927311524,0,baseline,0.09,0.7,896,1600,72,,,,,,,,238.05403799997293,uav0000086_00000_v
464,0.6611894927311524,0,baseline,0.09,0.7,896,1600,70,,,,,,,,230.62055000036707,uav0000086_00000_v
1,0.3314145293236903,1,baseline,0.09,0.7,896,1600,36,0.0,0.0,0.640646310880373,1.0,0.0,0.3314145293236903,258.02922926306843,2196.3767209999787,uav0000117_02622_v
2,0.3314145293236903,0,baseline,0.09,0.7,896,1600,66,,,,,,,,910.4718389999108,uav0000117_02622_v
3,0.3314145293236903,0,baseline,0.09,0.7,896,1600,70,,,,,,,,2165.0645859999718,uav0000117_02622_v
4,0.3314145293236903,0,baseline,0.09,0.7,896,1600,72,,,,,,,,1128.6640799999077,uav0000117_02622_v
5,0.3314145293236903,0,baseline,0.09,0.7,896,1600,72,,,,,,,,3479.650331999892,uav0000117_02622_v
6,0.3314145293236903,0,baseline,0.09,0.7,896,1600,72,,,,,,,,340.0926809999873,uav0000117_02622_v
7,0.3314145293236903,0,baseline,0.09,0.7,896,1600,75,,,,,,,,253.99682799979928,uav0000117_02622_v
8,0.3314145293236903,0,baseline,0.09,0.7,896,1600,76,,,,,,,,261.34048799985976,uav0000117_02622_v
9,0.3314145293236903,0,baseline,0.09,0.7,896,1600,76,,,,,,,,277.07809599996835,uav0000117_02622_v
10,0.3314145293236903,0,baseline,0.09,0.7,896,1600,74,,,,,,,,254.8275979997925,uav0000117_02622_v
11,0.4414685941978084,1,baseline,0.09,0.7,896,1600,72,1.0,0.0,0.8495754322671476,1.0,0.0,0.5515226590719264,562.1436211071242,260.47662599967225,uav0000117_02622_v
12,0.4414685941978084,0,baseline,0.09,0.7,896,1600,64,,,,,,,,273.5615520000465,uav0000117_02622_v
13,0.4414685941978084,0,baseline,0.09,0.7,896,1600,59,,,,,,,,242.3120079997716,uav0000117_02622_v
14,0.4414685941978084,0,baseline,0.09,0.7,896,1600,48,,,,,,,,237.3399309999513,uav0000117_02622_v
15,0.4414685941978084,0,baseline,0.09,0.7,896,1600,47,,,,,,,,239.34676399994717,uav0000117_02622_v
16,0.4414685941978084,0,baseline,0.09,0.7,896,1600,46,,,,,,,,254.48023699982517,uav0000117_02622_v
17,0.4414685941978084,0,baseline,0.09,0.7,896,1600,46,,,,,,,,238.201909000054,uav0000117_02622_v
18,0.4414685941978084,0,baseline,0.09,0.7,896,1600,48,,,,,,,,251.55536300007952,uav0000117_02622_v
19,0.4414685941978084,0,baseline,0.09,0.7,896,1600,49,,,,,,,,238.01528900003177,uav0000117_02622_v
20,0.4414685941978084,0,baseline,0.09,0.7,896,1600,48,,,,,,,,252.78715000013108,uav0000117_02622_v
21,0.4605303172535755,1,baseline,0.09,0.7,896,1600,50,1.0,0.0,0.7276771965330634,1.0,0.0,0.4986537633651097,329.3128283218143,248.7225889999536,uav0000117_02622_v
22,0.4605303172535755,0,baseline,0.09,0.7,896,1600,53,,,,,,,,248.36615799995343,uav0000117_02622_v
23,0.4605303172535755,0,baseline,0.09,0.7,896,1600,55,,,,,,,,268.47216300029686,uav0000117_02622_v
24,0.4605303172535755,0,baseline,0.09,0.7,896,1600,58,,,,,,,,335.8343429999877,uav0000117_02622_v
25,0.4605303172535755,0,baseline,0.09,0.7,896,1600,64,,,,,,,,300.07827700001144,uav0000117_02622_v
26,0.4605303172535755,0,baseline,0.09,0.7,896,1600,65,,,,,,,,307.5871009996263,uav0000117_02622_v
27,0.4605303172535755,0,baseline,0.09,0.7,896,1600,65,,,,,,,,312.0286890002717,uav0000117_02622_v
28,0.4605303172535755,0,baseline,0.09,0.7,896,1600,63,,,,,,,,319.2024650002168,uav0000117_02622_v
29,0.4605303172535755,0,baseline,0.09,0.7,896,1600,63,,,,,,,,312.5409760000366,uav0000117_02622_v
30,0.4605303172535755,0,baseline,0.09,0.7,896,1600,64,,,,,,,,324.93389399996886,uav0000117_02622_v
31,0.479086339355818,1,baseline,0.09,0.7,896,1600,62,1.0,0.0,0.8109133705838355,1.0,0.0,0.5347544056625457,567.2676002776903,348.1278099998235,uav0000117_02622_v
32,0.479086339355818,0,baseline,0.09,0.7,896,1600,62,,,,,,,,306.31048199984434,uav0000117_02622_v
33,0.479086339355818,0,baseline,0.09,0.7,896,1600,61,,,,,,,,301.947422000012,uav0000117_02622_v
34,0.479086339355818,0,baseline,0.09,0.7,896,1600,64,,,,,,,,316.2087320001774,uav0000117_02622_v
35,0.479086339355818,0,baseline,0.09,0.7,896,1600,70,,,,,,,,306.2939890000962,uav0000117_02622_v
36,0.479086339355818,0,baseline,0.09,0.7,896,1600,69,,,,,,,,336.4664260002428,uav0000117_02622_v
37,0.479086339355818,0,baseline,0.09,0.7,896,1600,67,,,,,,,,315.3187490001983,uav0000117_02622_v
38,0.479086339355818,0,baseline,0.09,0.7,896,1600,56,,,,,,,,324.464220000209,uav0000117_02622_v
39,0.479086339355818,0,baseline,0.09,0.7,896,1600,56,,,,,,,,298.4340319999319,uav0000117_02622_v
40,0.479086339355818,0,baseline,0.09,0.7,896,1600,58,,,,,,,,260.06781400019463,uav0000117_02622_v
41,0.4750569672795487,1,baseline,0.09,0.7,896,1600,57,1.0,0.0,0.6361091557041665,1.0,0.0,0.4589394789744714,290.8695258601577,258.5452579996854,uav0000117_02622_v
42,0.4750569672795487,0,baseline,0.09,0.7,896,1600,56,,,,,,,,258.46185599993987,uav0000117_02622_v
43,0.4750569672795487,0,baseline,0.09,0.7,896,1600,59,,,,,,,,243.56152100017425,uav0000117_02622_v
44,0.4750569672795487,0,baseline,0.09,0.7,896,1600,61,,,,,,,,240.116111000134,uav0000117_02622_v
45,0.4750569672795487,0,baseline,0.09,0.7,896,1600,62,,,,,,,,254.6662079998896,uav0000117_02622_v
46,0.4750569672795487,0,baseline,0.09,0.7,896,1600,64,,,,,,,,245.62438000020848,uav0000117_02622_v
47,0.4750569672795487,0,baseline,0.09,0.7,896,1600,63,,,,,,,,242.67940899972015,uav0000117_02622_v
48,0.4750569672795487,0,baseline,0.09,0.7,896,1600,66,,,,,,,,255.76621699974567,uav0000117_02622_v
49,0.4750569672795487,0,baseline,0.09,0.7,896,1600,68,,,,,,,,242.8546640003333,uav0000117_02622_v
50,0.4750569672795487,0,baseline,0.09,0.7,896,1600,67,,,,,,,,250.7931689997349,uav0000117_02622_v
51,0.4780873499548024,1,baseline,0.09,0.7,896,1600,67,1.0,0.0,0.7151931453209555,1.0,0.0,0.4932392633310707,496.450436454147,255.5513819997941,uav0000117_02622_v
52,0.4780873499548024,0,baseline,0.09,0.7,896,1600,65,,,,,,,,251.09179799983397,uav0000117_02622_v
53,0.4780873499548024,0,baseline,0.09,0.7,896,1600,66,,,,,,,,240.67994100005308,uav0000117_02622_v
54,0.4780873499548024,0,baseline,0.09,0.7,896,1600,68,,,,,,,,277.8199899998981,uav0000117_02622_v
55,0.4780873499548024,0,baseline,0.09,0.7,896,1600,67,,,,,,,,255.76019900017852,uav0000117_02622_v
56,0.4780873499548024,0,baseline,0.09,0.7,896,1600,66,,,,,,,,259.69026500024484,uav0000117_02622_v
57,0.4780873499548024,0,baseline,0.09,0.7,896,1600,67,,,,,,,,250.0026679999792,uav0000117_02622_v
58,0.4780873499548024,0,baseline,0.09,0.7,896,1600,69,,,,,,,,264.8964929999238,uav0000117_02622_v
59,0.4780873499548024,0,baseline,0.09,0.7,896,1600,65,,,,,,,,246.83067500018296,uav0000117_02622_v
60,0.4780873499548024,0,baseline,0.09,0.7,896,1600,65,,,,,,,,264.8318560000007,uav0000117_02622_v
61,0.4812213396313896,1,baseline,0.09,0.7,896,1600,69,1.0,0.0,0.7308394562013286,1.0,0.0,0.5000252776909127,526.2546833382526,253.7390749998849,uav0000117_02622_v
62,0.4812213396313896,0,baseline,0.09,0.7,896,1600,65,,,,,,,,255.65724800026143,uav0000117_02622_v
63,0.4812213396313896,0,baseline,0.09,0.7,896,1600,68,,,,,,,,240.9486090000428,uav0000117_02622_v
64,0.4812213396313896,0,baseline,0.09,0.7,896,1600,67,,,,,,,,252.51040700004523,uav0000117_02622_v
65,0.4812213396313896,0,baseline,0.09,0.7,896,1600,70,,,,,,,,242.85008700007893,uav0000117_02622_v
66,0.4812213396313896,0,baseline,0.09,0.7,896,1600,72,,,,,,,,276.3586599999144,uav0000117_02622_v
67,0.4812213396313896,0,baseline,0.09,0.7,896,1600,75,,,,,,,,243.25500500026465,uav0000117_02622_v
68,0.4812213396313896,0,baseline,0.09,0.7,896,1600,75,,,,,,,,246.9939699999486,uav0000117_02622_v
69,0.4812213396313896,0,baseline,0.09,0.7,896,1600,75,,,,,,,,242.34227100032516,uav0000117_02622_v
70,0.4812213396313896,0,baseline,0.09,0.7,896,1600,74,,,,,,,,252.7127630000905,uav0000117_02622_v
71,0.5053631092222669,1,baseline,0.09,0.7,896,1600,77,1.0,0.0,0.7317193893264111,1.0,0.0,0.5004069164598317,582.316620253392,262.7298070001416,uav0000117_02622_v
72,0.5053631092222669,0,baseline,0.09,0.7,896,1600,69,,,,,,,,266.2613640000018,uav0000117_02622_v
73,0.5053631092222669,0,baseline,0.09,0.7,896,1600,68,,,,,,,,243.302606999805,uav0000117_02622_v
74,0.5053631092222669,0,baseline,0.09,0.7,896,1600,69,,,,,,,,241.73556599998847,uav0000117_02622_v
75,0.5053631092222669,0,baseline,0.09,0.7,896,1600,70,,,,,,,,243.20843400028025,uav0000117_02622_v
76,0.5053631092222669,0,baseline,0.09,0.7,896,1600,71,,,,,,,,257.2360009999102,uav0000117_02622_v
77,0.5053631092222669,0,baseline,0.09,0.7,896,1600,71,,,,,,,,251.86951200021213,uav0000117_02622_v
78,0.5053631092222669,0,baseline,0.09,0.7,896,1600,75,,,,,,,,261.48237899997184,uav0000117_02622_v
79,0.5053631092222669,0,baseline,0.09,0.7,896,1600,78,,,,,,,,308.77925799995865,uav0000117_02622_v
80,0.5053631092222669,0,baseline,0.09,0.7,896,1600,79,,,,,,,,306.6177790001348,uav0000117_02622_v
81,0.4941303217067166,1,baseline,0.09,0.7,896,1600,64,1.0,0.0,0.6682817105899952,1.0,0.0,0.4728931464630742,402.57048289955696,309.22294199990574,uav0000117_02622_v
82,0.4941303217067166,0,baseline,0.09,0.7,896,1600,52,,,,,,,,317.4053110001296,uav0000117_02622_v
83,0.4941303217067166,0,baseline,0.09,0.7,896,1600,53,,,,,,,,303.6371230000441,uav0000117_02622_v
84,0.4941303217067166,0,baseline,0.09,0.7,896,1600,52,,,,,,,,316.73962600007144,uav0000117_02622_v
85,0.4941303217067166,0,baseline,0.09,0.7,896,1600,53,,,,,,,,294.9161050000839,uav0000117_02622_v
86,0.4941303217067166,0,baseline,0.09,0.7,896,1600,48,,,,,,,,303.15498700019816,uav0000117_02622_v
87,0.4941303217067166,0,baseline,0.09,0.7,896,1600,55,,,,,,,,302.74335700005395,uav0000117_02622_v
88,0.4941303217067166,0,baseline,0.09,0.7,896,1600,55,,,,,,,,315.3579019999597,uav0000117_02622_v
89,0.4941303217067166,0,baseline,0.09,0.7,896,1600,55,,,,,,,,310.557725000308,uav0000117_02622_v
90,0.4941303217067166,0,baseline,0.09,0.7,896,1600,65,,,,,,,,330.408979999902,uav0000117_02622_v
91,0.4905660882041333,1,baseline,0.09,0.7,896,1600,61,1.0,0.0,0.6701515684807954,1.0,0.0,0.473704128847027,491.6216221488571,313.35726099996464,uav0000117_02622_v
92,0.4905660882041333,0,baseline,0.09,0.7,896,1600,60,,,,,,,,303.5410900001807,uav0000117_02622_v
93,0.4905660882041333,0,baseline,0.09,0.7,896,1600,62,,,,,,,,317.63341099986064,uav0000117_02622_v
94,0.4905660882041333,0,baseline,0.09,0.7,896,1600,65,,,,,,,,326.12529499965603,uav0000117_02622_v
95,0.4905660882041333,0,baseline,0.09,0.7,896,1600,61,,,,,,,,315.9634929997992,uav0000117_02622_v
96,0.4905660882041333,0,baseline,0.09,0.7,896,1600,61,,,,,,,,275.59494900015125,uav0000117_02622_v
97,0.4905660882041333,0,baseline,0.09,0.7,896,1600,63,,,,,,,,244.10564799973145,uav0000117_02622_v
98,0.4905660882041333,0,baseline,0.09,0.7,896,1600,65,,,,,,,,244.9878020001961,uav0000117_02622_v
99,0.4905660882041333,0,baseline,0.09,0.7,896,1600,62,,,,,,,,247.3883140000908,uav0000117_02622_v
100,0.4905660882041333,0,baseline,0.09,0.7,896,1600,56,,,,,,,,256.8967560000601,uav0000117_02622_v
101,0.4747502279725463,1,baseline,0.09,0.7,896,1600,56,1.0,0.0,0.5556502705794358,1.0,0.0,0.4240433840414361,289.92609217383705,263.0323519997546,uav0000117_02622_v
102,0.4747502279725463,0,baseline,0.09,0.7,896,1600,56,,,,,,,,254.66056300001583,uav0000117_02622_v
103,0.4747502279725463,0,baseline,0.09,0.7,896,1600,59,,,,,,,,242.5928620000377,uav0000117_02622_v
104,0.4747502279725463,0,baseline,0.09,0.7,896,1600,58,,,,,,,,259.0834249999716,uav0000117_02622_v
105,0.4747502279725463,0,baseline,0.09,0.7,896,1600,53,,,,,,,,238.76460300016333,uav0000117_02622_v
106,0.4747502279725463,0,baseline,0.09,0.7,896,1600,52,,,,,,,,248.13459799997872,uav0000117_02622_v
107,0.4747502279725463,0,baseline,0.09,0.7,896,1600,55,,,,,,,,239.3886590002694,uav0000117_02622_v
108,0.4747502279725463,0,baseline,0.09,0.7,896,1600,59,,,,,,,,274.8827430000347,uav0000117_02622_v
109,0.4747502279725463,0,baseline,0.09,0.7,896,1600,59,,,,,,,,240.93987900005231,uav0000117_02622_v
110,0.4747502279725463,0,baseline,0.09,0.7,896,1600,57,,,,,,,,238.1915939999999,uav0000117_02622_v
111,0.4705607202369572,1,baseline,0.09,0.7,896,1600,57,1.0,0.0,0.5684917946236085,1.0,0.0,0.4296129248253484,420.4793925118857,250.00090499997896,uav0000117_02622_v
112,0.4705607202369572,0,baseline,0.09,0.7,896,1600,57,,,,,,,,252.6422320001984,uav0000117_02622_v
113,0.4705607202369572,0,baseline,0.09,0.7,896,1600,56,,,,,,,,244.70943300002543,uav0000117_02622_v
114,0.4705607202369572,0,baseline,0.09,0.7,896,1600,56,,,,,,,,258.3882700000686,uav0000117_02622_v
115,0.4705607202369572,0,baseline,0.09,0.7,896,1600,56,,,,,,,,245.4352800000379,uav0000117_02622_v
116,0.4705607202369572,0,baseline,0.09,0.7,896,1600,56,,,,,,,,239.1460819999338,uav0000117_02622_v
117,0.4705607202369572,0,baseline,0.09,0.7,896,1600,55,,,,,,,,244.0483459999996,uav0000117_02622_v
118,0.4705607202369572,0,baseline,0.09,0.7,896,1600,55,,,,,,,,249.79516000030344,uav0000117_02622_v
119,0.4705607202369572,0,baseline,0.09,0.7,896,1600,59,,,,,,,,246.80355000009516,uav0000117_02622_v
120,0.4705607202369572,0,baseline,0.09,0.7,896,1600,60,,,,,,,,269.2361559998062,uav0000117_02622_v
121,0.4649945869420531,1,baseline,0.09,0.7,896,1600,59,1.0,0.0,0.6253574728320647,1.0,0.0,0.4542763302667418,499.0932153100218,257.9830499998934,uav0000117_02622_v
122,0.4649945869420531,0,baseline,0.09,0.7,896,1600,59,,,,,,,,243.5403929998756,uav0000117_02622_v
123,0.4649945869420531,0,baseline,0.09,0.7,896,1600,59,,,,,,,,246.65191500025685,uav0000117_02622_v
124,0.4649945869420531,0,baseline,0.09,0.7,896,1600,60,,,,,,,,254.05297999986945,uav0000117_02622_v
125,0.4649945869420531,0,baseline,0.09,0.7,896,1600,58,,,,,,,,254.0071230000649,uav0000117_02622_v
126,0.4649945869420531,0,baseline,0.09,0.7,896,1600,55,,,,,,,,254.4885570000588,uav0000117_02622_v
127,0.4649945869420531,0,baseline,0.09,0.7,896,1600,55,,,,,,,,240.14613000008467,uav0000117_02622_v
128,0.4649945869420531,0,baseline,0.09,0.7,896,1600,57,,,,,,,,235.64675900024667,uav0000117_02622_v
129,0.4649945869420531,0,baseline,0.09,0.7,896,1600,59,,,,,,,,254.3045620000157,uav0000117_02622_v
130,0.4649945869420531,0,baseline,0.09,0.7,896,1600,60,,,,,,,,244.63194899999507,uav0000117_02622_v
131,0.457637628016984,1,baseline,0.09,0.7,896,1600,60,1.0,0.0166666666666666,0.6035791279862729,1.0,0.0,0.4485265652154287,459.2432090305055,262.1804689997589,uav0000117_02622_v
132,0.457637628016984,0,baseline,0.09,0.7,896,1600,58,,,,,,,,259.1776540002684,uav0000117_02622_v
133,0.457637628016984,0,baseline,0.09,0.7,896,1600,59,,,,,,,,255.8209869998791,uav0000117_02622_v
134,0.457637628016984,0,baseline,0.09,0.7,896,1600,59,,,,,,,,240.4052529996079,uav0000117_02622_v
135,0.457637628016984,0,baseline,0.09,0.7,896,1600,58,,,,,,,,266.0582600001362,uav0000117_02622_v
136,0.457637628016984,0,baseline,0.09,0.7,896,1600,60,,,,,,,,302.704091999658,uav0000117_02622_v
137,0.457637628016984,0,baseline,0.09,0.7,896,1600,58,,,,,,,,325.4076010002791,uav0000117_02622_v
138,0.457637628016984,0,baseline,0.09,0.7,896,1600,64,,,,,,,,323.2348309998088,uav0000117_02622_v
139,0.457637628016984,0,baseline,0.09,0.7,896,1600,65,,,,,,,,312.13799600027414,uav0000117_02622_v
140,0.457637628016984,0,baseline,0.09,0.7,896,1600,64,,,,,,,,313.41226099993946,uav0000117_02622_v
141,0.449537209468709,1,baseline,0.09,0.7,896,1600,65,1.0,0.015625,0.5929924325751242,1.0,0.0,0.4437039866219069,421.5471518063386,343.66010800022195,uav0000117_02622_v
142,0.449537209468709,0,baseline,0.09,0.7,896,1600,68,,,,,,,,312.27337200016336,uav0000117_02622_v
143,0.449537209468709,0,baseline,0.09,0.7,896,1600,68,,,,,,,,309.772404999876,uav0000117_02622_v
144,0.449537209468709,0,baseline,0.09,0.7,896,1600,67,,,,,,,,330.46973499995147,uav0000117_02622_v
145,0.449537209468709,0,baseline,0.09,0.7,896,1600,63,,,,,,,,298.2312869999077,uav0000117_02622_v
146,0.449537209468709,0,baseline,0.09,0.7,896,1600,58,,,,,,,,306.5111089999846,uav0000117_02622_v
147,0.449537209468709,0,baseline,0.09,0.7,896,1600,60,,,,,,,,306.0663299997941,uav0000117_02622_v
148,0.449537209468709,0,baseline,0.09,0.7,896,1600,60,,,,,,,,313.69429799997306,uav0000117_02622_v
149,0.449537209468709,0,baseline,0.09,0.7,896,1600,58,,,,,,,,318.2373459999326,uav0000117_02622_v
150,0.449537209468709,0,baseline,0.09,0.7,896,1600,57,,,,,,,,330.2867439997499,uav0000117_02622_v
151,0.4403645869186174,1,baseline,0.09,0.7,896,1600,57,1.0,0.0175438596491228,0.5112686435830877,1.0,0.0,0.4086847886124325,372.30557876691984,327.7717470000425,uav0000117_02622_v
152,0.4403645869186174,0,baseline,0.09,0.7,896,1600,57,,,,,,,,251.1156440000377,uav0000117_02622_v
153,0.4403645869186174,0,baseline,0.09,0.7,896,1600,59,,,,,,,,246.4522139998735,uav0000117_02622_v
154,0.4403645869186174,0,baseline,0.09,0.7,896,1600,64,,,,,,,,253.37344199988365,uav0000117_02622_v
155,0.4403645869186174,0,baseline,0.09,0.7,896,1600,63,,,,,,,,246.81053499989503,uav0000117_02622_v
156,0.4403645869186174,0,baseline,0.09,0.7,896,1600,66,,,,,,,,261.5118409999013,uav0000117_02622_v
157,0.4403645869186174,0,baseline,0.09,0.7,896,1600,69,,,,,,,,245.06166399987703,uav0000117_02622_v
158,0.4403645869186174,0,baseline,0.09,0.7,896,1600,66,,,,,,,,247.02346599997327,uav0000117_02622_v
159,0.4403645869186174,0,baseline,0.09,0.7,896,1600,65,,,,,,,,243.59521399992445,uav0000117_02622_v
160,0.4403645869186174,0,baseline,0.09,0.7,896,1600,67,,,,,,,,252.02853899963884,uav0000117_02622_v
161,0.4291437664713901,1,baseline,0.09,0.7,896,1600,61,1.0,0.0298507462686567,0.4737889920366052,1.0,0.0,0.3951583857164361,262.23497278681003,250.74117199983448,uav0000117_02622_v
162,0.4291437664713901,0,baseline,0.09,0.7,896,1600,56,,,,,,,,260.6650970001283,uav0000117_02622_v
163,0.4291437664713901,0,baseline,0.09,0.7,896,1600,60,,,,,,,,250.6624499997088,uav0000117_02622_v
164,0.4291437664713901,0,baseline,0.09,0.7,896,1600,58,,,,,,,,240.4352309999922,uav0000117_02622_v
165,0.4291437664713901,0,baseline,0.09,0.7,896,1600,58,,,,,,,,240.39639700004045,uav0000117_02622_v
166,0.4291437664713901,0,baseline,0.09,0.7,896,1600,56,,,,,,,,247.3808449999524,uav0000117_02622_v
167,0.4291437664713901,0,baseline,0.09,0.7,896,1600,56,,,,,,,,256.11734099993555,uav0000117_02622_v
168,0.4291437664713901,0,baseline,0.09,0.7,896,1600,57,,,,,,,,261.8951780000316,uav0000117_02622_v
169,0.4291437664713901,0,baseline,0.09,0.7,896,1600,70,,,,,,,,242.60600099978544,uav0000117_02622_v
170,0.4291437664713901,0,baseline,0.09,0.7,896,1600,74,,,,,,,,252.13828999994803,uav0000117_02622_v
171,0.4338457308545317,1,baseline,0.09,0.7,896,1600,77,1.0,0.0405405405405405,0.6108110783580448,1.0,0.0,0.4569571347234272,444.7953014362408,277.3317430001043,uav0000117_02622_v
172,0.4338457308545317,0,baseline,0.09,0.7,896,1600,82,,,,,,,,247.61278699998,uav0000117_02622_v
173,0.4338457308545317,0,baseline,0.09,0.7,896,1600,82,,,,,,,,244.07573300004515,uav0000117_02622_v
174,0.4338457308545317,0,baseline,0.09,0.7,896,1600,80,,,,,,,,262.9923759996018,uav0000117_02622_v
175,0.4338457308545317,0,baseline,0.09,0.7,896,1600,81,,,,,,,,253.13177299995004,uav0000117_02622_v
176,0.4338457308545317,0,baseline,0.09,0.7,896,1600,81,,,,,,,,243.01738999974987,uav0000117_02622_v
177,0.4338457308545317,0,baseline,0.09,0.7,896,1600,80,,,,,,,,247.54726399987703,uav0000117_02622_v
178,0.4338457308545317,0,baseline,0.09,0.7,896,1600,82,,,,,,,,254.67938299971135,uav0000117_02622_v
179,0.4338457308545317,0,baseline,0.09,0.7,896,1600,83,,,,,,,,257.0471300000463,uav0000117_02622_v
180,0.4338457308545317,0,baseline,0.09,0.7,896,1600,80,,,,,,,,278.7598780000735,uav0000117_02622_v
181,0.4351246725080543,1,baseline,0.09,0.7,896,1600,74,1.0,0.05,0.5635696687051783,1.0,0.0,0.4385655164000074,384.3341214139953,259.6014880000439,uav0000117_02622_v
182,0.4351246725080543,0,baseline,0.09,0.7,896,1600,70,,,,,,,,239.4782300002589,uav0000117_02622_v
183,0.4351246725080543,0,baseline,0.09,0.7,896,1600,67,,,,,,,,243.73422600001504,uav0000117_02622_v
184,0.4351246725080543,0,baseline,0.09,0.7,896,1600,68,,,,,,,,254.71890800008623,uav0000117_02622_v
185,0.4351246725080543,0,baseline,0.09,0.7,896,1600,62,,,,,,,,246.9605419996697,uav0000117_02622_v
186,0.4351246725080543,0,baseline,0.09,0.7,896,1600,56,,,,,,,,257.4835670002358,uav0000117_02622_v
187,0.4351246725080543,0,baseline,0.09,0.7,896,1600,54,,,,,,,,245.6468669997776,uav0000117_02622_v
188,0.4351246725080543,0,baseline,0.09,0.7,896,1600,56,,,,,,,,245.1370029998543,uav0000117_02622_v
189,0.4351246725080543,0,baseline,0.09,0.7,896,1600,71,,,,,,,,243.76834399981817,uav0000117_02622_v
190,0.4351246725080543,0,baseline,0.09,0.7,896,1600,73,,,,,,,,247.67064200023012,uav0000117_02622_v
191,0.4342588485349546,1,baseline,0.09,0.7,896,1600,74,1.0,0.0547945205479452,0.5833681640195345,1.0,0.0,0.4482155624550435,444.4211848565808,282.2120860000723,uav0000117_02622_v
192,0.4342588485349546,0,baseline,0.09,0.7,896,1600,74,,,,,,,,340.7375070000853,uav0000117_02622_v
193,0.4342588485349546,0,baseline,0.09,0.7,896,1600,75,,,,,,,,299.9458150002283,uav0000117_02622_v
194,0.4342588485349546,0,baseline,0.09,0.7,896,1600,75,,,,,,,,299.1753559999779,uav0000117_02622_v
195,0.4342588485349546,0,baseline,0.09,0.7,896,1600,78,,,,,,,,303.15043599966884,uav0000117_02622_v
196,0.4342588485349546,0,baseline,0.09,0.7,896,1600,79,,,,,,,,321.3512530001026,uav0000117_02622_v
197,0.4342588485349546,0,baseline,0.09,0.7,896,1600,82,,,,,,,,307.04775999993217,uav0000117_02622_v
198,0.4342588485349546,0,baseline,0.09,0.7,896,1600,77,,,,,,,,323.79814199975954,uav0000117_02622_v
199,0.4342588485349546,0,baseline,0.09,0.7,896,1600,33,,,,,,,,293.22353799989287,uav0000117_02622_v
200,0.4342588485349546,0,baseline,0.09,0.7,896,1600,30,,,,,,,,292.1810719999485,uav0000117_02622_v
201,0.4266889215468726,1,baseline,0.09,0.7,896,1600,49,1.0,0.0333333333333333,0.4728815610013638,1.0,0.0,0.3955370762988549,280.6105057850272,322.2123099999408,uav0000117_02622_v
202,0.4266889215468726,0,baseline,0.09,0.7,896,1600,62,,,,,,,,342.75662700019893,uav0000117_02622_v
203,0.4266889215468726,0,baseline,0.09,0.7,896,1600,66,,,,,,,,305.7047010001952,uav0000117_02622_v
204,0.4266889215468726,0,baseline,0.09,0.7,896,1600,68,,,,,,,,330.42639699988285,uav0000117_02622_v
205,0.4266889215468726,0,baseline,0.09,0.7,896,1600,71,,,,,,,,303.8291759999084,uav0000117_02622_v
206,0.4266889215468726,0,baseline,0.09,0.7,896,1600,75,,,,,,,,316.61820700037424,uav0000117_02622_v
207,0.4266889215468726,0,baseline,0.09,0.7,896,1600,79,,,,,,,,331.0342229997332,uav0000117_02622_v
208,0.4266889215468726,0,baseline,0.09,0.7,896,1600,80,,,,,,,,335.8335040002203,uav0000117_02622_v
209,0.4266889215468726,0,baseline,0.09,0.7,896,1600,82,,,,,,,,250.3107990000899,uav0000117_02622_v
210,0.4266889215468726,0,baseline,0.09,0.7,896,1600,84,,,,,,,,266.2596529999064,uav0000117_02622_v
211,0.4279125915388287,1,baseline,0.09,0.7,896,1600,77,1.0,0.0595238095238095,0.5902976373795591,1.0,0.0,0.4522696765655997,393.0277755909004,264.4349189999957,uav0000117_02622_v
212,0.4279125915388287,0,baseline,0.09,0.7,896,1600,58,,,,,,,,255.0782550001713,uav0000117_02622_v
213,0.4279125915388287,0,baseline,0.09,0.7,896,1600,51,,,,,,,,243.80567200023503,uav0000117_02622_v
214,0.4279125915388287,0,baseline,0.09,0.7,896,1600,48,,,,,,,,245.37409399999888,uav0000117_02622_v
215,0.4279125915388287,0,baseline,0.09,0.7,896,1600,47,,,,,,,,241.3790309997239,uav0000117_02622_v
216,0.4279125915388287,0,baseline,0.09,0.7,896,1600,47,,,,,,,,257.0680559997527,uav0000117_02622_v
217,0.4279125915388287,0,baseline,0.09,0.7,896,1600,58,,,,,,,,250.8107009998639,uav0000117_02622_v
218,0.4279125915388287,0,baseline,0.09,0.7,896,1600,67,,,,,,,,248.62953599995308,uav0000117_02622_v
219,0.4279125915388287,0,baseline,0.09,0.7,896,1600,76,,,,,,,,242.91396299986445,uav0000117_02622_v
220,0.4279125915388287,0,baseline,0.09,0.7,896,1600,81,,,,,,,,248.12411100037932,uav0000117_02622_v
221,0.4358724679988447,1,baseline,0.09,0.7,896,1600,81,1.0,0.0493827160493827,0.6234601170311056,1.0,0.0,0.4644039238325441,465.5989065715103,268.9076360002218,uav0000117_02622_v
222,0.4358724679988447,0,baseline,0.09,0.7,896,1600,83,,,,,,,,260.1392249998753,uav0000117_02622_v
223,0.4358724679988447,0,baseline,0.09,0.7,896,1600,82,,,,,,,,247.43092500011696,uav0000117_02622_v
224,0.4358724679988447,0,baseline,0.09,0.7,896,1600,80,,,,,,,,247.2723340001721,uav0000117_02622_v
225,0.4358724679988447,0,baseline,0.09,0.7,896,1600,79,,,,,,,,260.2524729995821,uav0000117_02622_v
226,0.4358724679988447,0,baseline,0.09,0.7,896,1600,81,,,,,,,,249.91941700000095,uav0000117_02622_v
227,0.4358724679988447,0,baseline,0.09,0.7,896,1600,79,,,,,,,,251.00817200018355,uav0000117_02622_v
228,0.4358724679988447,0,baseline,0.09,0.7,896,1600,82,,,,,,,,268.81531100025313,uav0000117_02622_v
229,0.4358724679988447,0,baseline,0.09,0.7,896,1600,80,,,,,,,,258.1889940001929,uav0000117_02622_v
230,0.4358724679988447,0,baseline,0.09,0.7,896,1600,79,,,,,,,,247.60002299990447,uav0000117_02622_v
231,0.4440971397227229,1,baseline,0.09,0.7,896,1600,75,1.0,0.050632911392405,0.5959072110519601,1.0,0.0,0.4527310877835838,435.9671825074884,261.4141330000166,uav0000117_02622_v
232,0.4440971397227229,0,baseline,0.09,0.7,896,1600,78,,,,,,,,250.2933150003628,uav0000117_02622_v
233,0.4440971397227229,0,baseline,0.09,0.7,896,1600,79,,,,,,,,241.95216399994024,uav0000117_02622_v
234,0.4440971397227229,0,baseline,0.09,0.7,896,1600,76,,,,,,,,263.5285050000675,uav0000117_02622_v
235,0.4440971397227229,0,baseline,0.09,0.7,896,1600,76,,,,,,,,237.93116200022268,uav0000117_02622_v
236,0.4440971397227229,0,baseline,0.09,0.7,896,1600,79,,,,,,,,243.4412729999167,uav0000117_02622_v
237,0.4440971397227229,0,baseline,0.09,0.7,896,1600,78,,,,,,,,242.40301600002567,uav0000117_02622_v
238,0.4440971397227229,0,baseline,0.09,0.7,896,1600,77,,,,,,,,252.1843310000804,uav0000117_02622_v
239,0.4440971397227229,0,baseline,0.09,0.7,896,1600,79,,,,,,,,247.17421700006523,uav0000117_02622_v
240,0.4440971397227229,0,baseline,0.09,0.7,896,1600,78,,,,,,,,262.78782400004275,uav0000117_02622_v
241,0.4455365435298579,1,baseline,0.09,0.7,896,1600,78,1.0,0.0897435897435897,0.6088862246469269,1.0,0.0,0.4670329613733717,431.7190560432037,256.4175699999396,uav0000117_02622_v
242,0.4455365435298579,0,baseline,0.09,0.7,896,1600,83,,,,,,,,250.42717599990283,uav0000117_02622_v
243,0.4455365435298579,0,baseline,0.09,0.7,896,1600,82,,,,,,,,245.23488599970733,uav0000117_02622_v
244,0.4455365435298579,0,baseline,0.09,0.7,896,1600,82,,,,,,,,248.54240800004845,uav0000117_02622_v
245,0.4455365435298579,0,baseline,0.09,0.7,896,1600,86,,,,,,,,257.13055400001394,uav0000117_02622_v
246,0.4455365435298579,0,baseline,0.09,0.7,896,1600,86,,,,,,,,261.851385999762,uav0000117_02622_v
247,0.4455365435298579,0,baseline,0.09,0.7,896,1600,88,,,,,,,,243.63251500017213,uav0000117_02622_v
248,0.4455365435298579,0,baseline,0.09,0.7,896,1600,88,,,,,,,,303.2929900000454,uav0000117_02622_v
249,0.4455365435298579,0,baseline,0.09,0.7,896,1600,90,,,,,,,,315.8532200000081,uav0000117_02622_v
250,0.4455365435298579,0,baseline,0.09,0.7,896,1600,89,,,,,,,,316.55202299998564,uav0000117_02622_v
251,0.4539440617572291,1,baseline,0.09,0.7,896,1600,89,1.0,0.0786516853932584,0.6846154692243389,1.0,0.0,0.4974181439916057,485.60355909054,325.62604399981865,uav0000117_02622_v
252,0.4539440617572291,0,baseline,0.09,0.7,896,1600,89,,,,,,,,329.3931429998338,uav0000117_02622_v
253,0.4539440617572291,0,baseline,0.09,0.7,896,1600,87,,,,,,,,331.6562539998813,uav0000117_02622_v
254,0.4539440617572291,0,baseline,0.09,0.7,896,1600,87,,,,,,,,309.58958400015035,uav0000117_02622_v
255,0.4539440617572291,0,baseline,0.09,0.7,896,1600,88,,,,,,,,308.6816490003912,uav0000117_02622_v
256,0.4539440617572291,0,baseline,0.09,0.7,896,1600,87,,,,,,,,319.4583999998031,uav0000117_02622_v
257,0.4539440617572291,0,baseline,0.09,0.7,896,1600,88,,,,,,,,305.0908800000798,uav0000117_02622_v
258,0.4539440617572291,0,baseline,0.09,0.7,896,1600,89,,,,,,,,328.2869190002202,uav0000117_02622_v
259,0.4539440617572291,0,baseline,0.09,0.7,896,1600,89,,,,,,,,324.76061600027606,uav0000117_02622_v
260,0.4539440617572291,0,baseline,0.09,0.7,896,1600,89,,,,,,,,321.05744799991953,uav0000117_02622_v
261,0.4587122803582842,1,baseline,0.09,0.7,896,1600,92,1.0,0.0674157303370786,0.6538728056667692,1.0,0.0,0.481593092662429,489.6010132949235,340.2792439997029,uav0000117_02622_v
262,0.4587122803582842,0,baseline,0.09,0.7,896,1600,87,,,,,,,,324.1611090002152,uav0000117_02622_v
263,0.4587122803582842,0,baseline,0.09,0.7,896,1600,86,,,,,,,,257.79114899978595,uav0000117_02622_v
264,0.4587122803582842,0,baseline,0.09,0.7,896,1600,87,,,,,,,,266.783144999863,uav0000117_02622_v
265,0.4587122803582842,0,baseline,0.09,0.7,896,1600,87,,,,,,,,246.9523409999965,uav0000117_02622_v
266,0.4587122803582842,0,baseline,0.09,0.7,896,1600,87,,,,,,,,244.10956600013375,uav0000117_02622_v
267,0.4587122803582842,0,baseline,0.09,0.7,896,1600,86,,,,,,,,255.8935750003002,uav0000117_02622_v
268,0.4587122803582842,0,baseline,0.09,0.7,896,1600,87,,,,,,,,247.6397180003005,uav0000117_02622_v
269,0.4587122803582842,0,baseline,0.09,0.7,896,1600,88,,,,,,,,245.0596859998768,uav0000117_02622_v
270,0.4587122803582842,0,baseline,0.09,0.7,896,1600,88,,,,,,,,265.49286099998426,uav0000117_02622_v
271,0.4695686865808212,1,baseline,0.09,0.7,896,1600,89,1.0,0.034090909090909,0.6477132737911918,1.0,0.0,0.4715319198566141,505.40018116453984,338.1262020002396,uav0000117_02622_v
272,0.4695686865808212,0,baseline,0.09,0.7,896,1600,90,,,,,,,,456.53441800004657,uav0000117_02622_v
273,0.4695686865808212,0,baseline,0.09,0.7,896,1600,90,,,,,,,,251.29021999964607,uav0000117_02622_v
274,0.4695686865808212,0,baseline,0.09,0.7,896,1600,88,,,,,,,,447.13165200028016,uav0000117_02622_v
275,0.4695686865808212,0,baseline,0.09,0.7,896,1600,89,,,,,,,,273.43329599989374,uav0000117_02622_v
276,0.4695686865808212,0,baseline,0.09,0.7,896,1600,89,,,,,,,,260.28218900000866,uav0000117_02622_v
277,0.4695686865808212,0,baseline,0.09,0.7,896,1600,89,,,,,,,,241.01980700015704,uav0000117_02622_v
278,0.4695686865808212,0,baseline,0.09,0.7,896,1600,86,,,,,,,,242.57906200000437,uav0000117_02622_v
279,0.4695686865808212,0,baseline,0.09,0.7,896,1600,86,,,,,,,,242.2598910002307,uav0000117_02622_v
280,0.4695686865808212,0,baseline,0.09,0.7,896,1600,86,,,,,,,,259.80661099993085,uav0000117_02622_v
281,0.4711928010682848,1,baseline,0.09,0.7,896,1600,86,1.0,0.0581395348837209,0.6172180914250517,1.0,0.0,0.4636384779778452,483.8635814163087,259.50614900011715,uav0000117_02622_v
282,0.4711928010682848,0,baseline,0.09,0.7,896,1600,86,,,,,,,,258.0442260000382,uav0000117_02622_v
283,0.4711928010682848,0,baseline,0.09,0.7,896,1600,88,,,,,,,,245.80598400007148,uav0000117_02622_v
284,0.4711928010682848,0,baseline,0.09,0.7,896,1600,89,,,,,,,,237.1390940002129,uav0000117_02622_v
285,0.4711928010682848,0,baseline,0.09,0.7,896,1600,93,,,,,,,,256.5606180000941,uav0000117_02622_v
286,0.4711928010682848,0,baseline,0.09,0.7,896,1600,89,,,,,,,,252.4514739998267,uav0000117_02622_v
287,0.4711928010682848,0,baseline,0.09,0.7,896,1600,90,,,,,,,,250.58915499994328,uav0000117_02622_v
288,0.4711928010682848,0,baseline,0.09,0.7,896,1600,89,,,,,,,,259.4074549997458,uav0000117_02622_v
289,0.4711928010682848,0,baseline,0.09,0.7,896,1600,88,,,,,,,,251.60072900007435,uav0000117_02622_v
290,0.4711928010682848,0,baseline,0.09,0.7,896,1600,87,,,,,,,,256.5424389999862,uav0000117_02622_v
291,0.4701614848262602,1,baseline,0.09,0.7,896,1600,88,1.0,0.0459770114942528,0.6085562497250209,1.0,0.0,0.457184710138372,462.8369764148779,258.26038400009566,uav0000117_02622_v
292,0.4701614848262602,0,baseline,0.09,0.7,896,1600,91,,,,,,,,246.44958999988376,uav0000117_02622_v
293,0.4701614848262602,0,baseline,0.09,0.7,896,1600,89,,,,,,,,244.21346600001925,uav0000117_02622_v
294,0.4701614848262602,0,baseline,0.09,0.7,896,1600,90,,,,,,,,279.828365999947,uav0000117_02622_v
295,0.4701614848262602,0,baseline,0.09,0.7,896,1600,88,,,,,,,,245.07462199972,uav0000117_02622_v
296,0.4701614848262602,0,baseline,0.09,0.7,896,1600,86,,,,,,,,242.3597920001157,uav0000117_02622_v
297,0.4701614848262602,0,baseline,0.09,0.7,896,1600,85,,,,,,,,244.1690129999188,uav0000117_02622_v
298,0.4701614848262602,0,baseline,0.09,0.7,896,1600,88,,,,,,,,266.45928100015226,uav0000117_02622_v
299,0.4701614848262602,0,baseline,0.09,0.7,896,1600,86,,,,,,,,251.5883149999354,uav0000117_02622_v
300,0.4701614848262602,0,baseline,0.09,0.7,896,1600,89,,,,,,,,278.3120310000413,uav0000117_02622_v
301,0.4718324980235047,1,baseline,0.09,0.7,896,1600,93,1.0,0.1011235955056179,0.5970621232786307,1.0,0.0,0.4644281801642954,457.9130393341544,330.32535900019866,uav0000117_02622_v
302,0.4718324980235047,0,baseline,0.09,0.7,896,1600,92,,,,,,,,326.54754399982266,uav0000117_02622_v
303,0.4718324980235047,0,baseline,0.09,0.7,896,1600,95,,,,,,,,325.0042179997763,uav0000117_02622_v
304,0.4718324980235047,0,baseline,0.09,0.7,896,1600,94,,,,,,,,321.04767400005585,uav0000117_02622_v
305,0.4718324980235047,0,baseline,0.09,0.7,896,1600,63,,,,,,,,311.2663690003501,uav0000117_02622_v
306,0.4718324980235047,0,baseline,0.09,0.7,896,1600,73,,,,,,,,325.75492300020414,uav0000117_02622_v
307,0.4718324980235047,0,baseline,0.09,0.7,896,1600,79,,,,,,,,310.7606560001841,uav0000117_02622_v
308,0.4718324980235047,0,baseline,0.09,0.7,896,1600,89,,,,,,,,311.12652000001617,uav0000117_02622_v
309,0.4718324980235047,0,baseline,0.09,0.7,896,1600,89,,,,,,,,306.159590000334,uav0000117_02622_v
310,0.4718324980235047,0,baseline,0.09,0.7,896,1600,97,,,,,,,,335.1592979997804,uav0000117_02622_v
311,0.4760787521169721,1,baseline,0.09,0.7,896,1600,98,1.0,0.1649484536082474,0.6389689383606845,1.0,0.0,0.4967567400276437,470.7558136757822,347.7251630001774,uav0000117_02622_v
312,0.4760787521169721,0,baseline,0.09,0.7,896,1600,96,,,,,,,,346.5381199998774,uav0000117_02622_v
313,0.4760787521169721,0,baseline,0.09,0.7,896,1600,98,,,,,,,,331.81053699991025,uav0000117_02622_v
314,0.4760787521169721,0,baseline,0.09,0.7,896,1600,100,,,,,,,,337.472508999781,uav0000117_02622_v
315,0.4760787521169721,0,baseline,0.09,0.7,896,1600,100,,,,,,,,304.2992499999855,uav0000117_02622_v
316,0.4760787521169721,0,baseline,0.09,0.7,896,1600,102,,,,,,,,250.78160400016716,uav0000117_02622_v
317,0.4760787521169721,0,baseline,0.09,0.7,896,1600,104,,,,,,,,248.5280390001208,uav0000117_02622_v
318,0.4760787521169721,0,baseline,0.09,0.7,896,1600,106,,,,,,,,271.90271400013444,uav0000117_02622_v
319,0.4760787521169721,0,baseline,0.09,0.7,896,1600,106,,,,,,,,257.2037929999169,uav0000117_02622_v
320,0.4760787521169721,0,baseline,0.09,0.7,896,1600,109,,,,,,,,252.60751099995105,uav0000117_02622_v
321,0.4752631982877788,1,baseline,0.09,0.7,896,1600,107,1.0,0.1376146788990825,0.6413062607241848,1.0,0.0,0.4917092671872526,468.9661567471955,267.163315000289,uav0000117_02622_v
322,0.4752631982877788,0,baseline,0.09,0.7,896,1600,106,,,,,,,,264.29249900002105,uav0000117_02622_v
323,0.4752631982877788,0,baseline,0.09,0.7,896,1600,107,,,,,,,,268.6103999999432,uav0000117_02622_v
324,0.4752631982877788,0,baseline,0.09,0.7,896,1600,106,,,,,,,,277.88912200003324,uav0000117_02622_v
325,0.4752631982877788,0,baseline,0.09,0.7,896,1600,103,,,,,,,,254.84550200008016,uav0000117_02622_v
326,0.4752631982877788,0,baseline,0.09,0.7,896,1600,105,,,,,,,,253.76340000002529,uav0000117_02622_v
327,0.4752631982877788,0,baseline,0.09,0.7,896,1600,105,,,,,,,,266.0555190000196,uav0000117_02622_v
328,0.4752631982877788,0,baseline,0.09,0.7,896,1600,102,,,,,,,,252.8213189998496,uav0000117_02622_v
329,0.4752631982877788,0,baseline,0.09,0.7,896,1600,105,,,,,,,,246.91409199976988,uav0000117_02622_v
330,0.4752631982877788,0,baseline,0.09,0.7,896,1600,105,,,,,,,,267.0276429998921,uav0000117_02622_v
331,0.4769647365587982,1,baseline,0.09,0.7,896,1600,102,1.0,0.1428571428571428,0.6427636499626028,1.0,0.0,0.4935038605595645,471.9583683670739,280.5071279999538,uav0000117_02622_v
332,0.4769647365587982,0,baseline,0.09,0.7,896,1600,103,,,,,,,,251.45007400033137,uav0000117_02622_v
333,0.4769647365587982,0,baseline,0.09,0.7,896,1600,103,,,,,,,,245.3739120001046,uav0000117_02622_v
334,0.4769647365587982,0,baseline,0.09,0.7,896,1600,104,,,,,,,,267.1776080001109,uav0000117_02622_v
335,0.4769647365587982,0,baseline,0.09,0.7,896,1600,101,,,,,,,,261.23574900020685,uav0000117_02622_v
336,0.4769647365587982,0,baseline,0.09,0.7,896,1600,103,,,,,,,,270.5313579999711,uav0000117_02622_v
337,0.4769647365587982,0,baseline,0.09,0.7,896,1600,103,,,,,,,,246.50163299975247,uav0000117_02622_v
338,0.4769647365587982,0,baseline,0.09,0.7,896,1600,104,,,,,,,,249.19435299989345,uav0000117_02622_v
339,0.4769647365587982,0,baseline,0.09,0.7,896,1600,105,,,,,,,,260.1817109998592,uav0000117_02622_v
340,0.4769647365587982,0,baseline,0.09,0.7,896,1600,105,,,,,,,,255.9163860000808,uav0000117_02622_v
341,0.4804342463957432,1,baseline,0.09,0.7,896,1600,102,1.0,0.1523809523809524,0.6432311144353028,1.0,0.0,0.4958184887152289,469.2965891582755,257.90818400037097,uav0000117_02622_v
342,0.4804342463957432,0,baseline,0.09,0.7,896,1600,99,,,,,,,,267.54360800032373,uav0000117_02622_v
343,0.4804342463957432,0,baseline,0.09,0.7,896,1600,100,,,,,,,,259.42722099989624,uav0000117_02622_v
344,0.4804342463957432,0,baseline,0.09,0.7,896,1600,98,,,,,,,,252.53467199991064,uav0000117_02622_v
345,0.4804342463957432,0,baseline,0.09,0.7,896,1600,99,,,,,,,,247.3481760002869,uav0000117_02622_v
346,0.4804342463957432,0,baseline,0.09,0.7,896,1600,97,,,,,,,,261.31153799997264,uav0000117_02622_v
347,0.4804342463957432,0,baseline,0.09,0.7,896,1600,97,,,,,,,,271.175489000143,uav0000117_02622_v
348,0.4804342463957432,0,baseline,0.09,0.7,896,1600,95,,,,,,,,267.22732799998994,uav0000117_02622_v
349,0.4804342463957432,0,baseline,0.09,0.7,896,1600,96,,,,,,,,245.0945639998281,uav0000117_02622_v
1,0.4337133789380505,1,baseline,0.09,0.7,896,1600,122,0.0,0.0,1.0,0.0,0.0,0.4337133789380505,1475.8311677284998,2094.393952000246,uav0000137_00458_v
2,0.4337133789380505,0,baseline,0.09,0.7,896,1600,124,,,,,,,,1487.8434310003286,uav0000137_00458_v
3,0.4337133789380505,0,baseline,0.09,0.7,896,1600,125,,,,,,,,1933.08074100014,uav0000137_00458_v
4,0.4337133789380505,0,baseline,0.09,0.7,896,1600,125,,,,,,,,826.5939620000609,uav0000137_00458_v
5,0.4337133789380505,0,baseline,0.09,0.7,896,1600,125,,,,,,,,250.20019300018248,uav0000137_00458_v
6,0.4337133789380505,0,baseline,0.09,0.7,896,1600,122,,,,,,,,260.42455600008907,uav0000137_00458_v
7,0.4337133789380505,0,baseline,0.09,0.7,896,1600,123,,,,,,,,251.3918450003985,uav0000137_00458_v
8,0.4337133789380505,0,baseline,0.09,0.7,896,1600,123,,,,,,,,263.32138599991595,uav0000137_00458_v
9,0.4337133789380505,0,baseline,0.09,0.7,896,1600,124,,,,,,,,248.0896419997407,uav0000137_00458_v
10,0.4337133789380505,0,baseline,0.09,0.7,896,1600,122,,,,,,,,250.9227709997504,uav0000137_00458_v
11,0.4984597662145605,1,baseline,0.09,0.7,896,1600,121,1.0,0.0,1.0,0.0,0.0,0.5632061534910705,1456.4368802275662,265.8587570003874,uav0000137_00458_v
12,0.4984597662145605,0,baseline,0.09,0.7,896,1600,122,,,,,,,,776.9167129999914,uav0000137_00458_v
13,0.4984597662145605,0,baseline,0.09,0.7,896,1600,124,,,,,,,,249.93591000020388,uav0000137_00458_v
14,0.4984597662145605,0,baseline,0.09,0.7,896,1600,123,,,,,,,,266.8507360003787,uav0000137_00458_v
15,0.4984597662145605,0,baseline,0.09,0.7,896,1600,121,,,,,,,,258.48547600025995,uav0000137_00458_v
16,0.4984597662145605,0,baseline,0.09,0.7,896,1600,118,,,,,,,,251.52900600005523,uav0000137_00458_v
17,0.4984597662145605,0,baseline,0.09,0.7,896,1600,120,,,,,,,,251.85425499967096,uav0000137_00458_v
18,0.4984597662145605,0,baseline,0.09,0.7,896,1600,116,,,,,,,,258.23695600001884,uav0000137_00458_v
19,0.4984597662145605,0,baseline,0.09,0.7,896,1600,115,,,,,,,,254.96552399999928,uav0000137_00458_v
20,0.4984597662145605,0,baseline,0.09,0.7,896,1600,117,,,,,,,,269.0660950001984,uav0000137_00458_v
21,0.5200418953067305,1,baseline,0.09,0.7,896,1600,117,1.0,0.0,1.0,0.0,0.0,0.5632061534910705,1435.5380602543948,255.98927000010008,uav0000137_00458_v
22,0.5200418953067305,0,baseline,0.09,0.7,896,1600,118,,,,,,,,249.6566019999591,uav0000137_00458_v
23,0.5200418953067305,0,baseline,0.09,0.7,896,1600,117,,,,,,,,254.00958599993828,uav0000137_00458_v
24,0.5200418953067305,0,baseline,0.09,0.7,896,1600,117,,,,,,,,254.53498500019123,uav0000137_00458_v
25,0.5200418953067305,0,baseline,0.09,0.7,896,1600,117,,,,,,,,263.2256960000632,uav0000137_00458_v
26,0.5200418953067305,0,baseline,0.09,0.7,896,1600,117,,,,,,,,268.7865689999853,uav0000137_00458_v
27,0.5200418953067305,0,baseline,0.09,0.7,896,1600,117,,,,,,,,251.4585219996661,uav0000137_00458_v
28,0.5200418953067305,0,baseline,0.09,0.7,896,1600,116,,,,,,,,246.9582359999549,uav0000137_00458_v
29,0.5200418953067305,0,baseline,0.09,0.7,896,1600,117,,,,,,,,244.97961899987783,uav0000137_00458_v
30,0.5200418953067305,0,baseline,0.09,0.7,896,1600,117,,,,,,,,247.69351599979927,uav0000137_00458_v
31,0.5308329598528155,1,baseline,0.09,0.7,896,1600,115,1.0,0.0,1.0,0.0,0.0,0.5632061534910705,1407.3433651690125,260.86656600000424,uav0000137_00458_v
32,0.5308329598528155,0,baseline,0.09,0.7,896,1600,113,,,,,,,,263.63571399997454,uav0000137_00458_v
33,0.5308329598528155,0,baseline,0.09,0.7,896,1600,113,,,,,,,,243.83461700017503,uav0000137_00458_v
34,0.5308329598528155,0,baseline,0.09,0.7,896,1600,113,,,,,,,,247.6036819998626,uav0000137_00458_v
35,0.5308329598528155,0,baseline,0.09,0.7,896,1600,113,,,,,,,,246.51597000001857,uav0000137_00458_v
36,0.5308329598528155,0,baseline,0.09,0.7,896,1600,114,,,,,,,,318.12416699995083,uav0000137_00458_v
37,0.5308329598528155,0,baseline,0.09,0.7,896,1600,115,,,,,,,,316.84562000009464,uav0000137_00458_v
38,0.5308329598528155,0,baseline,0.09,0.7,896,1600,115,,,,,,,,348.292999000023,uav0000137_00458_v
39,0.5308329598528155,0,baseline,0.09,0.7,896,1600,112,,,,,,,,325.5101619997731,uav0000137_00458_v
40,0.5308329598528155,0,baseline,0.09,0.7,896,1600,111,,,,,,,,334.7557090000919,uav0000137_00458_v
41,0.5373075985804665,1,baseline,0.09,0.7,896,1600,111,1.0,0.0,1.0,0.0,0.0,0.5632061534910705,1404.048162310007,333.2030599999598,uav0000137_00458_v
42,0.5373075985804665,0,baseline,0.09,0.7,896,1600,110,,,,,,,,317.5074340001629,uav0000137_00458_v
43,0.5373075985804665,0,baseline,0.09,0.7,896,1600,110,,,,,,,,314.6902209996369,uav0000137_00458_v
44,0.5373075985804665,0,baseline,0.09,0.7,896,1600,111,,,,,,,,334.60354399994685,uav0000137_00458_v
45,0.5373075985804665,0,baseline,0.09,0.7,896,1600,112,,,,,,,,315.7694880001145,uav0000137_00458_v
46,0.5373075985804665,0,baseline,0.09,0.7,896,1600,112,,,,,,,,328.16175900006783,uav0000137_00458_v
47,0.5373075985804665,0,baseline,0.09,0.7,896,1600,113,,,,,,,,317.9433750001408,uav0000137_00458_v
48,0.5373075985804665,0,baseline,0.09,0.7,896,1600,112,,,,,,,,323.9761380000345,uav0000137_00458_v
49,0.5373075985804665,0,baseline,0.09,0.7,896,1600,112,,,,,,,,319.2792469999404,uav0000137_00458_v
50,0.5373075985804665,0,baseline,0.09,0.7,896,1600,112,,,,,,,,346.2677750003422,uav0000137_00458_v
51,0.5416240243989006,1,baseline,0.09,0.7,896,1600,112,1.0,0.0,1.0,0.0,0.0,0.5632061534910705,1386.3406620725784,337.561265000204,uav0000137_00458_v
52,0.5416240243989006,0,baseline,0.09,0.7,896,1600,111,,,,,,,,311.7445630000475,uav0000137_00458_v
53,0.5416240243989006,0,baseline,0.09,0.7,896,1600,110,,,,,,,,253.8193089999368,uav0000137_00458_v
54,0.5416240243989006,0,baseline,0.09,0.7,896,1600,111,,,,,,,,254.0260959999614,uav0000137_00458_v
55,0.5416240243989006,0,baseline,0.09,0.7,896,1600,110,,,,,,,,251.30439500026117,uav0000137_00458_v
56,0.5416240243989006,0,baseline,0.09,0.7,896,1600,109,,,,,,,,267.8301870000723,uav0000137_00458_v
57,0.5416240243989006,0,baseline,0.09,0.7,896,1600,111,,,,,,,,243.7628100001348,uav0000137_00458_v
58,0.5416240243989006,0,baseline,0.09,0.7,896,1600,110,,,,,,,,252.02265400002943,uav0000137_00458_v
59,0.5416240243989006,0,baseline,0.09,0.7,896,1600,110,,,,,,,,251.78246800032863,uav0000137_00458_v
60,0.5416240243989006,0,baseline,0.09,0.7,896,1600,109,,,,,,,,260.9834579998278,uav0000137_00458_v
61,0.544707185697782,1,baseline,0.09,0.7,896,1600,111,1.0,0.0,1.0,0.0,0.0,0.5632061534910705,1387.4511384621962,262.29122500035373,uav0000137_00458_v
62,0.544707185697782,0,baseline,0.09,0.7,896,1600,108,,,,,,,,269.229894000091,uav0000137_00458_v
63,0.544707185697782,0,baseline,0.09,0.7,896,1600,109,,,,,,,,249.6798849997504,uav0000137_00458_v
64,0.544707185697782,0,baseline,0.09,0.7,896,1600,109,,,,,,,,253.020830999958,uav0000137_00458_v
65,0.544707185697782,0,baseline,0.09,0.7,896,1600,109,,,,,,,,255.16086599964183,uav0000137_00458_v
66,0.544707185697782,0,baseline,0.09,0.7,896,1600,109,,,,,,,,261.7048669999349,uav0000137_00458_v
67,0.544707185697782,0,baseline,0.09,0.7,896,1600,109,,,,,,,,268.40110200009804,uav0000137_00458_v
68,0.544707185697782,0,baseline,0.09,0.7,896,1600,109,,,,,,,,274.5596200002183,uav0000137_00458_v
69,0.544707185697782,0,baseline,0.09,0.7,896,1600,108,,,,,,,,249.40132899973835,uav0000137_00458_v
70,0.544707185697782,0,baseline,0.09,0.7,896,1600,108,,,,,,,,252.35894800016467,uav0000137_00458_v
71,0.5632061534910705,1,baseline,0.09,0.7,896,1600,108,1.0,0.0,1.0,0.0,0.0,0.5632061534910705,1356.5207477287524,267.87894900007814,uav0000137_00458_v
72,0.5632061534910705,0,baseline,0.09,0.7,896,1600,109,,,,,,,,253.0106720000731,uav0000137_00458_v
73,0.5632061534910705,0,baseline,0.09,0.7,896,1600,106,,,,,,,,248.67040599974644,uav0000137_00458_v
74,0.5632061534910705,0,baseline,0.09,0.7,896,1600,108,,,,,,,,267.4912500001483,uav0000137_00458_v
75,0.5632061534910705,0,baseline,0.09,0.7,896,1600,109,,,,,,,,244.0497829998094,uav0000137_00458_v
76,0.5632061534910705,0,baseline,0.09,0.7,896,1600,109,,,,,,,,249.9184549997153,uav0000137_00458_v
77,0.5632061534910705,0,baseline,0.09,0.7,896,1600,108,,,,,,,,261.26649399975577,uav0000137_00458_v
78,0.5632061534910705,0,baseline,0.09,0.7,896,1600,111,,,,,,,,266.0126770001625,uav0000137_00458_v
79,0.5632061534910705,0,baseline,0.09,0.7,896,1600,112,,,,,,,,262.10739499993,uav0000137_00458_v
80,0.5632061534910705,0,baseline,0.09,0.7,896,1600,112,,,,,,,,281.3268070003687,uav0000137_00458_v
81,0.5632061534910705,1,baseline,0.09,0.7,896,1600,112,1.0,0.0,1.0,0.0,0.0,0.5632061534910705,1363.8520995596075,263.03411100025187,uav0000137_00458_v
82,0.5632061534910705,0,baseline,0.09,0.7,896,1600,112,,,,,,,,253.16080399989005,uav0000137_00458_v
83,0.5632061534910705,0,baseline,0.09,0.7,896,1600,109,,,,,,,,251.2053240002388,uav0000137_00458_v
84,0.5632061534910705,0,baseline,0.09,0.7,896,1600,112,,,,,,,,263.74876699992456,uav0000137_00458_v
85,0.5632061534910705,0,baseline,0.09,0.7,896,1600,113,,,,,,,,253.9335010001196,uav0000137_00458_v
86,0.5632061534910705,0,baseline,0.09,0.7,896,1600,116,,,,,,,,268.88414600034594,uav0000137_00458_v
87,0.5632061534910705,0,baseline,0.09,0.7,896,1600,115,,,,,,,,254.64321800018297,uav0000137_00458_v
88,0.5632061534910705,0,baseline,0.09,0.7,896,1600,113,,,,,,,,258.464713000194,uav0000137_00458_v
89,0.5632061534910705,0,baseline,0.09,0.7,896,1600,114,,,,,,,,254.4600139999602,uav0000137_00458_v
90,0.5632061534910705,0,baseline,0.09,0.7,896,1600,114,,,,,,,,264.68974499994147,uav0000137_00458_v
91,0.5632061534910705,1,baseline,0.09,0.7,896,1600,113,1.0,0.0,1.0,0.0,0.0,0.5632061534910705,1367.0665035620468,293.857879999905,uav0000137_00458_v
92,0.5632061534910705,0,baseline,0.09,0.7,896,1600,113,,,,,,,,350.45714900024905,uav0000137_00458_v
93,0.5632061534910705,0,baseline,0.09,0.7,896,1600,115,,,,,,,,317.4794739998106,uav0000137_00458_v
94,0.5632061534910705,0,baseline,0.09,0.7,896,1600,116,,,,,,,,314.3620559999363,uav0000137_00458_v
95,0.5632061534910705,0,baseline,0.09,0.7,896,1600,116,,,,,,,,328.0620390000877,uav0000137_00458_v
96,0.5632061534910705,0,baseline,0.09,0.7,896,1600,114,,,,,,,,331.6490970000814,uav0000137_00458_v
97,0.5632061534910705,0,baseline,0.09,0.7,896,1600,114,,,,,,,,312.485327000104,uav0000137_00458_v
98,0.5632061534910705,0,baseline,0.09,0.7,896,1600,114,,,,,,,,344.0944210001362,uav0000137_00458_v
99,0.5632061534910705,0,baseline,0.09,0.7,896,1600,113,,,,,,,,319.22488500003965,uav0000137_00458_v
100,0.5632061534910705,0,baseline,0.09,0.7,896,1600,113,,,,,,,,317.0315339998524,uav0000137_00458_v
101,0.5632061534910705,1,baseline,0.09,0.7,896,1600,112,1.0,0.0,1.0,0.0,0.0,0.5632061534910705,1351.0521266004814,338.101621000078,uav0000137_00458_v
102,0.5632061534910705,0,baseline,0.09,0.7,896,1600,114,,,,,,,,327.25539700004447,uav0000137_00458_v
103,0.5632061534910705,0,baseline,0.09,0.7,896,1600,114,,,,,,,,326.6212829998949,uav0000137_00458_v
104,0.5632061534910705,0,baseline,0.09,0.7,896,1600,116,,,,,,,,346.19791599970995,uav0000137_00458_v
105,0.5632061534910705,0,baseline,0.09,0.7,896,1600,115,,,,,,,,329.9336340000991,uav0000137_00458_v
106,0.5632061534910705,0,baseline,0.09,0.7,896,1600,115,,,,,,,,332.29917700009537,uav0000137_00458_v
107,0.5632061534910705,0,baseline,0.09,0.7,896,1600,114,,,,,,,,322.2746569999799,uav0000137_00458_v
108,0.5632061534910705,0,baseline,0.09,0.7,896,1600,116,,,,,,,,324.70765200014284,uav0000137_00458_v
109,0.5632061534910705,0,baseline,0.09,0.7,896,1600,117,,,,,,,,259.6654879998823,uav0000137_00458_v
110,0.5632061534910705,0,baseline,0.09,0.7,896,1600,117,,,,,,,,273.92718500004776,uav0000137_00458_v
111,0.5632061534910705,1,baseline,0.09,0.7,896,1600,116,1.0,0.0,1.0,0.0,0.0,0.5632061534910705,1340.9562965101395,266.48815699991246,uav0000137_00458_v
112,0.5632061534910705,0,baseline,0.09,0.7,896,1600,115,,,,,,,,250.8321920004164,uav0000137_00458_v
113,0.5632061534910705,0,baseline,0.09,0.7,896,1600,116,,,,,,,,248.23572100012825,uav0000137_00458_v
114,0.5632061534910705,0,baseline,0.09,0.7,896,1600,112,,,,,,,,266.0262590002276,uav0000137_00458_v
115,0.5632061534910705,0,baseline,0.09,0.7,896,1600,116,,,,,,,,253.8602549998359,uav0000137_00458_v
116,0.5632061534910705,0,baseline,0.09,0.7,896,1600,115,,,,,,,,268.8086289999774,uav0000137_00458_v
117,0.5632061534910705,0,baseline,0.09,0.7,896,1600,110,,,,,,,,251.91349499982607,uav0000137_00458_v
118,0.5632061534910705,0,baseline,0.09,0.7,896,1600,110,,,,,,,,248.54178999976284,uav0000137_00458_v
119,0.5632061534910705,0,baseline,0.09,0.7,896,1600,111,,,,,,,,245.36964199978684,uav0000137_00458_v
120,0.5632061534910705,0,baseline,0.09,0.7,896,1600,113,,,,,,,,256.7559379999693,uav0000137_00458_v
121,0.5632061534910705,1,baseline,0.09,0.7,896,1600,114,1.0,0.0,1.0,0.0,0.0,0.5632061534910705,1347.5788491360445,262.377712000216,uav0000137_00458_v
122,0.5632061534910705,0,baseline,0.09,0.7,896,1600,117,,,,,,,,268.0369049999172,uav0000137_00458_v
123,0.5632061534910705,0,baseline,0.09,0.7,896,1600,116,,,,,,,,251.55046500003664,uav0000137_00458_v
124,0.5632061534910705,0,baseline,0.09,0.7,896,1600,116,,,,,,,,252.88551099993128,uav0000137_00458_v
125,0.5632061534910705,0,baseline,0.09,0.7,896,1600,118,,,,,,,,251.53174799970657,uav0000137_00458_v
126,0.5632061534910705,0,baseline,0.09,0.7,896,1600,117,,,,,,,,255.1567220002653,uav0000137_00458_v
127,0.5632061534910705,0,baseline,0.09,0.7,896,1600,111,,,,,,,,259.3497819998447,uav0000137_00458_v
128,0.5632061534910705,0,baseline,0.09,0.7,896,1600,112,,,,,,,,269.16913400009435,uav0000137_00458_v
129,0.5632061534910705,0,baseline,0.09,0.7,896,1600,113,,,,,,,,253.61094900017636,uav0000137_00458_v
130,0.5632061534910705,0,baseline,0.09,0.7,896,1600,113,,,,,,,,255.5877489999148,uav0000137_00458_v
131,0.5632061534910705,1,baseline,0.09,0.7,896,1600,112,1.0,0.0,1.0,0.0,0.0,0.5632061534910705,1386.189662587233,259.818064999763,uav0000137_00458_v
132,0.5632061534910705,0,baseline,0.09,0.7,896,1600,114,,,,,,,,259.4133069997042,uav0000137_00458_v
133,0.5632061534910705,0,baseline,0.09,0.7,896,1600,114,,,,,,,,258.69702899990443,uav0000137_00458_v
134,0.5632061534910705,0,baseline,0.09,0.7,896,1600,115,,,,,,,,303.89774200011743,uav0000137_00458_v
135,0.5632061534910705,0,baseline,0.09,0.7,896,1600,116,,,,,,,,246.45996100025516,uav0000137_00458_v
136,0.5632061534910705,0,baseline,0.09,0.7,896,1600,113,,,,,,,,245.87207900003705,uav0000137_00458_v
137,0.5632061534910705,0,baseline,0.09,0.7,896,1600,114,,,,,,,,246.13389299975097,uav0000137_00458_v
138,0.5632061534910705,0,baseline,0.09,0.7,896,1600,113,,,,,,,,253.068950999932,uav0000137_00458_v
139,0.5632061534910705,0,baseline,0.09,0.7,896,1600,113,,,,,,,,247.70694900007584,uav0000137_00458_v
140,0.5632061534910705,0,baseline,0.09,0.7,896,1600,113,,,,,,,,263.81126700016466,uav0000137_00458_v
141,0.5632061534910705,1,baseline,0.09,0.7,896,1600,112,1.0,0.0,1.0,0.0,0.0,0.5632061534910705,1408.3933047699509,259.265730000152,uav0000137_00458_v
142,0.5632061534910705,0,baseline,0.09,0.7,896,1600,111,,,,,,,,246.76664400021764,uav0000137_00458_v
143,0.5632061534910705,0,baseline,0.09,0.7,896,1600,110,,,,,,,,248.06702900013988,uav0000137_00458_v
144,0.5632061534910705,0,baseline,0.09,0.7,896,1600,113,,,,,,,,253.9975360000426,uav0000137_00458_v
145,0.5632061534910705,0,baseline,0.09,0.7,896,1600,111,,,,,,,,249.39364300007583,uav0000137_00458_v
146,0.5632061534910705,0,baseline,0.09,0.7,896,1600,116,,,,,,,,265.6698079999842,uav0000137_00458_v
147,0.5632061534910705,0,baseline,0.09,0.7,896,1600,115,,,,,,,,261.5015860001222,uav0000137_00458_v
148,0.5632061534910705,0,baseline,0.09,0.7,896,1600,112,,,,,,,,328.4249949997502,uav0000137_00458_v
149,0.5632061534910705,0,baseline,0.09,0.7,896,1600,108,,,,,,,,312.5650459996905,uav0000137_00458_v
150,0.5632061534910705,0,baseline,0.09,0.7,896,1600,107,,,,,,,,325.87584800012337,uav0000137_00458_v
151,0.5632061534910705,1,baseline,0.09,0.7,896,1600,109,1.0,0.0,1.0,0.0,0.0,0.5632061534910705,1328.1751188120231,339.00743699996383,uav0000137_00458_v
152,0.5632061534910705,0,baseline,0.09,0.7,896,1600,105,,,,,,,,351.86016900024697,uav0000137_00458_v
153,0.5632061534910705,0,baseline,0.09,0.7,896,1600,105,,,,,,,,323.7914289998116,uav0000137_00458_v
154,0.5632061534910705,0,baseline,0.09,0.7,896,1600,106,,,,,,,,311.7438179997407,uav0000137_00458_v
155,0.5632061534910705,0,baseline,0.09,0.7,896,1600,108,,,,,,,,314.0202079998744,uav0000137_00458_v
156,0.5632061534910705,0,baseline,0.09,0.7,896,1600,105,,,,,,,,334.05439499983913,uav0000137_00458_v
157,0.5632061534910705,0,baseline,0.09,0.7,896,1600,107,,,,,,,,311.4668860002894,uav0000137_00458_v
158,0.5632061534910705,0,baseline,0.09,0.7,896,1600,107,,,,,,,,338.7298410002586,uav0000137_00458_v
159,0.5632061534910705,0,baseline,0.09,0.7,896,1600,110,,,,,,,,329.832912999791,uav0000137_00458_v
160,0.5632061534910705,0,baseline,0.09,0.7,896,1600,107,,,,,,,,305.9485479998329,uav0000137_00458_v
161,0.5632061534910705,1,baseline,0.09,0.7,896,1600,107,1.0,0.0,1.0,0.0,0.0,0.5632061534910705,1417.7923595207697,325.2156940002351,uav0000137_00458_v
162,0.5632061534910705,0,baseline,0.09,0.7,896,1600,109,,,,,,,,333.46100900007514,uav0000137_00458_v
163,0.5632061534910705,0,baseline,0.09,0.7,896,1600,106,,,,,,,,315.7078690001072,uav0000137_00458_v
164,0.5632061534910705,0,baseline,0.09,0.7,896,1600,107,,,,,,,,335.85422399983145,uav0000137_00458_v
165,0.5632061534910705,0,baseline,0.09,0.7,896,1600,106,,,,,,,,269.8251289998552,uav0000137_00458_v
166,0.5632061534910705,0,baseline,0.09,0.7,896,1600,106,,,,,,,,262.3908810001012,uav0000137_00458_v
167,0.5632061534910705,0,baseline,0.09,0.7,896,1600,107,,,,,,,,247.59150099998809,uav0000137_00458_v
168,0.5632061534910705,0,baseline,0.09,0.7,896,1600,104,,,,,,,,254.35645200013823,uav0000137_00458_v
169,0.5632061534910705,0,baseline,0.09,0.7,896,1600,105,,,,,,,,248.99159300002796,uav0000137_00458_v
170,0.5632061534910705,0,baseline,0.09,0.7,896,1600,104,,,,,,,,280.8529119997729,uav0000137_00458_v
171,0.5606794426126978,1,baseline,0.09,0.7,896,1600,105,1.0,0.0,0.9592196667026596,0.0,0.0,0.5455191773424611,1197.3113475715672,252.8139200003352,uav0000137_00458_v
172,0.5606794426126978,0,baseline,0.09,0.7,896,1600,105,,,,,,,,242.82444600021336,uav0000137_00458_v
173,0.5606794426126978,0,baseline,0.09,0.7,896,1600,108,,,,,,,,240.8374560000084,uav0000137_00458_v
174,0.5606794426126978,0,baseline,0.09,0.7,896,1600,111,,,,,,,,270.1642379997793,uav0000137_00458_v
175,0.5606794426126978,0,baseline,0.09,0.7,896,1600,109,,,,,,,,244.12969000013615,uav0000137_00458_v
176,0.5606794426126978,0,baseline,0.09,0.7,896,1600,109,,,,,,,,264.4368569999642,uav0000137_00458_v
177,0.5606794426126978,0,baseline,0.09,0.7,896,1600,108,,,,,,,,243.3757929998137,uav0000137_00458_v
178,0.5606794426126978,0,baseline,0.09,0.7,896,1600,107,,,,,,,,251.42675099959888,uav0000137_00458_v
179,0.5606794426126978,0,baseline,0.09,0.7,896,1600,107,,,,,,,,247.0835939998324,uav0000137_00458_v
180,0.5606794426126978,0,baseline,0.09,0.7,896,1600,106,,,,,,,,253.37573600018004,uav0000137_00458_v
181,0.5502306261766512,1,baseline,0.09,0.7,896,1600,107,1.0,0.0,0.8313593294460639,0.0,0.0,0.4900644384387443,1268.5422518881028,260.1909780000824,uav0000137_00458_v
182,0.5502306261766512,0,baseline,0.09,0.7,896,1600,107,,,,,,,,267.5615569996808,uav0000137_00458_v
183,0.5502306261766512,0,baseline,0.09,0.7,896,1600,107,,,,,,,,247.9447980003897,uav0000137_00458_v
184,0.5502306261766512,0,baseline,0.09,0.7,896,1600,108,,,,,,,,261.0880960000941,uav0000137_00458_v
185,0.5502306261766512,0,baseline,0.09,0.7,896,1600,102,,,,,,,,253.96799099962664,uav0000137_00458_v
186,0.5502306261766512,0,baseline,0.09,0.7,896,1600,105,,,,,,,,259.60864100034087,uav0000137_00458_v
187,0.5502306261766512,0,baseline,0.09,0.7,896,1600,101,,,,,,,,253.15808200048195,uav0000137_00458_v
188,0.5502306261766512,0,baseline,0.09,0.7,896,1600,106,,,,,,,,273.3739069999501,uav0000137_00458_v
189,0.5502306261766512,0,baseline,0.09,0.7,896,1600,104,,,,,,,,251.43620600010763,uav0000137_00458_v
190,0.5502306261766512,0,baseline,0.09,0.7,896,1600,102,,,,,,,,250.07391899998763,uav0000137_00458_v
191,0.5502306261766512,1,baseline,0.09,0.7,896,1600,101,1.0,0.0,1.0,0.0,0.0,0.5632061534910705,1220.2382998623248,263.4870320007394,uav0000137_00458_v
192,0.5502306261766512,0,baseline,0.09,0.7,896,1600,100,,,,,,,,270.1232199997321,uav0000137_00458_v
193,0.5502306261766512,0,baseline,0.09,0.7,896,1600,104,,,,,,,,253.7454350003827,uav0000137_00458_v
194,0.5502306261766512,0,baseline,0.09,0.7,896,1600,107,,,,,,,,280.87042400056816,uav0000137_00458_v
195,0.5502306261766512,0,baseline,0.09,0.7,896,1600,104,,,,,,,,250.3334220000397,uav0000137_00458_v
196,0.5502306261766512,0,baseline,0.09,0.7,896,1600,105,,,,,,,,252.78461600009905,uav0000137_00458_v
197,0.5502306261766512,0,baseline,0.09,0.7,896,1600,103,,,,,,,,250.9000809995996,uav0000137_00458_v
198,0.5502306261766512,0,baseline,0.09,0.7,896,1600,105,,,,,,,,278.6872679998851,uav0000137_00458_v
199,0.5502306261766512,0,baseline,0.09,0.7,896,1600,105,,,,,,,,254.1453780004304,uav0000137_00458_v
200,0.5502306261766512,0,baseline,0.09,0.7,896,1600,100,,,,,,,,275.82587100005185,uav0000137_00458_v
201,0.546539456548363,1,baseline,0.09,0.7,896,1600,104,1.0,0.02,0.930200122376993,0.0,0.0,0.5373679660930537,706.2657765027055,273.9039699999921,uav0000137_00458_v
202,0.546539456548363,0,baseline,0.09,0.7,896,1600,105,,,,,,,,265.71538700045494,uav0000137_00458_v
203,0.546539456548363,0,baseline,0.09,0.7,896,1600,104,,,,,,,,248.83149600009347,uav0000137_00458_v
204,0.546539456548363,0,baseline,0.09,0.7,896,1600,107,,,,,,,,330.69069599969225,uav0000137_00458_v
205,0.546539456548363,0,baseline,0.09,0.7,896,1600,108,,,,,,,,329.7752500002389,uav0000137_00458_v
206,0.546539456548363,0,baseline,0.09,0.7,896,1600,106,,,,,,,,335.00752599957195,uav0000137_00458_v
207,0.546539456548363,0,baseline,0.09,0.7,896,1600,103,,,,,,,,304.605403000096,uav0000137_00458_v
208,0.546539456548363,0,baseline,0.09,0.7,896,1600,103,,,,,,,,878.1065290004335,uav0000137_00458_v
209,0.546539456548363,0,baseline,0.09,0.7,896,1600,95,,,,,,,,319.3131589996483,uav0000137_00458_v
210,0.546539456548363,0,baseline,0.09,0.7,896,1600,90,,,,,,,,335.71429699986766,uav0000137_00458_v
211,0.5414237311860001,1,baseline,0.09,0.7,896,1600,85,1.0,0.0,0.9174337724507792,0.0,0.0,0.5273960759545301,675.6049078602681,327.6729420003903,uav0000137_00458_v
212,0.5414237311860001,0,baseline,0.09,0.7,896,1600,85,,,,,,,,336.2686840000606,uav0000137_00458_v
213,0.5414237311860001,0,baseline,0.09,0.7,896,1600,82,,,,,,,,314.918881000267,uav0000137_00458_v
214,0.5414237311860001,0,baseline,0.09,0.7,896,1600,81,,,,,,,,317.9868189999979,uav0000137_00458_v
215,0.5414237311860001,0,baseline,0.09,0.7,896,1600,86,,,,,,,,307.13254700003745,uav0000137_00458_v
216,0.5414237311860001,0,baseline,0.09,0.7,896,1600,86,,,,,,,,259.57055399976525,uav0000137_00458_v
217,0.5414237311860001,0,baseline,0.09,0.7,896,1600,89,,,,,,,,267.34175700039486,uav0000137_00458_v
218,0.5414237311860001,0,baseline,0.09,0.7,896,1600,89,,,,,,,,287.50739299994166,uav0000137_00458_v
219,0.5414237311860001,0,baseline,0.09,0.7,896,1600,88,,,,,,,,254.11139900006677,uav0000137_00458_v
220,0.5414237311860001,0,baseline,0.09,0.7,896,1600,85,,,,,,,,247.6161639997372,uav0000137_00458_v
221,0.5417964163435901,1,baseline,0.09,0.7,896,1600,86,1.0,0.0117647058823529,1.0,0.0,0.0,0.5658149495942,1417.4999488221065,262.6585630005138,uav0000137_00458_v
222,0.5417964163435901,0,baseline,0.09,0.7,896,1600,84,,,,,,,,251.064488999873,uav0000137_00458_v
223,0.5417964163435901,0,baseline,0.09,0.7,896,1600,82,,,,,,,,258.4520889995474,uav0000137_00458_v
224,0.5417964163435901,0,baseline,0.09,0.7,896,1600,85,,,,,,,,268.71807299994543,uav0000137_00458_v
225,0.5417964163435901,0,baseline,0.09,0.7,896,1600,84,,,,,,,,245.86162500054343,uav0000137_00458_v
226,0.5417964163435901,0,baseline,0.09,0.7,896,1600,85,,,,,,,,256.77904999975,uav0000137_00458_v
227,0.5417964163435901,0,baseline,0.09,0.7,896,1600,90,,,,,,,,258.0464040001971,uav0000137_00458_v
228,0.5417964163435901,0,baseline,0.09,0.7,896,1600,89,,,,,,,,257.676683999307,uav0000137_00458_v
229,0.5417964163435901,0,baseline,0.09,0.7,896,1600,90,,,,,,,,257.5124680006411,uav0000137_00458_v
230,0.5417964163435901,0,baseline,0.09,0.7,896,1600,93,,,,,,,,268.6210319998281,uav0000137_00458_v
231,0.5417964163435901,1,baseline,0.09,0.7,896,1600,95,1.0,0.0,1.0,0.0,0.0,0.5632061534910705,1370.582373030224,266.7526880004516,uav0000137_00458_v
232,0.5417964163435901,0,baseline,0.09,0.7,896,1600,98,,,,,,,,250.15542699929935,uav0000137_00458_v
233,0.5417964163435901,0,baseline,0.09,0.7,896,1600,97,,,,,,,,251.0918540001512,uav0000137_00458_v
1,0.4337133789380505,1,baseline,0.09,0.7,896,1600,27,0.0,0.0,1.0,0.0,0.0,0.4337133789380505,2797.647739599707,805.8076699999219,uav0000182_00000_v
2,0.4337133789380505,0,baseline,0.09,0.7,896,1600,27,,,,,,,,837.5410170001487,uav0000182_00000_v
3,0.4337133789380505,0,baseline,0.09,0.7,896,1600,27,,,,,,,,798.3902890000536,uav0000182_00000_v
4,0.4337133789380505,0,baseline,0.09,0.7,896,1600,27,,,,,,,,935.3670549999152,uav0000182_00000_v
5,0.4337133789380505,0,baseline,0.09,0.7,896,1600,28,,,,,,,,3056.2875099994926,uav0000182_00000_v
6,0.4337133789380505,0,baseline,0.09,0.7,896,1600,28,,,,,,,,304.06671200034907,uav0000182_00000_v
7,0.4337133789380505,0,baseline,0.09,0.7,896,1600,29,,,,,,,,262.73633900018467,uav0000182_00000_v
8,0.4337133789380505,0,baseline,0.09,0.7,896,1600,29,,,,,,,,319.2704720004258,uav0000182_00000_v
9,0.4337133789380505,0,baseline,0.09,0.7,896,1600,30,,,,,,,,265.8913970008143,uav0000182_00000_v
10,0.4337133789380505,0,baseline,0.09,0.7,896,1600,30,,,,,,,,269.39881699945545,uav0000182_00000_v
11,0.5649840668443603,1,baseline,0.09,0.7,896,1600,29,1.0,0.6,1.0,0.0,0.0,0.6962547547506701,2337.534535193891,289.229566999893,uav0000182_00000_v
12,0.5649840668443603,0,baseline,0.09,0.7,896,1600,32,,,,,,,,272.1300330003942,uav0000182_00000_v
13,0.5649840668443603,0,baseline,0.09,0.7,896,1600,30,,,,,,,,262.8773030000957,uav0000182_00000_v
14,0.5649840668443603,0,baseline,0.09,0.7,896,1600,31,,,,,,,,265.4707130004681,uav0000182_00000_v
15,0.5649840668443603,0,baseline,0.09,0.7,896,1600,32,,,,,,,,273.7403479995919,uav0000182_00000_v
16,0.5649840668443603,0,baseline,0.09,0.7,896,1600,31,,,,,,,,272.8081929999462,uav0000182_00000_v
17,0.5649840668443603,0,baseline,0.09,0.7,896,1600,33,,,,,,,,277.3971560000064,uav0000182_00000_v
18,0.5649840668443603,0,baseline,0.09,0.7,896,1600,33,,,,,,,,269.40223699966737,uav0000182_00000_v
19,0.5649840668443603,0,baseline,0.09,0.7,896,1600,33,,,,,,,,261.81660300062504,uav0000182_00000_v
20,0.5649840668443603,0,baseline,0.09,0.7,896,1600,32,,,,,,,,278.14250299979904,uav0000182_00000_v
21,0.610588860052847,1,baseline,0.09,0.7,896,1600,31,1.0,0.625,1.0,0.0,0.0,0.7017984464698201,2801.8049334381385,240.579008000168,uav0000182_00000_v
22,0.610588860052847,0,baseline,0.09,0.7,896,1600,31,,,,,,,,213.95016800033773,uav0000182_00000_v
23,0.610588860052847,0,baseline,0.09,0.7,896,1600,30,,,,,,,,210.63764799964704,uav0000182_00000_v
24,0.610588860052847,0,baseline,0.09,0.7,896,1600,31,,,,,,,,216.33756899973375,uav0000182_00000_v
25,0.610588860052847,0,baseline,0.09,0.7,896,1600,31,,,,,,,,230.5493109997769,uav0000182_00000_v
26,0.610588860052847,0,baseline,0.09,0.7,896,1600,31,,,,,,,,214.77928100011923,uav0000182_00000_v
27,0.610588860052847,0,baseline,0.09,0.7,896,1600,30,,,,,,,,214.9546900000132,uav0000182_00000_v
28,0.610588860052847,0,baseline,0.09,0.7,896,1600,32,,,,,,,,214.5708560001367,uav0000182_00000_v
29,0.610588860052847,0,baseline,0.09,0.7,896,1600,30,,,,,,,,220.10548599973845,uav0000182_00000_v
30,0.610588860052847,0,baseline,0.09,0.7,896,1600,30,,,,,,,,215.8072699994591,uav0000182_00000_v
31,0.6320053337273027,1,baseline,0.09,0.7,896,1600,31,1.0,0.6,1.0,0.0,0.0,0.6962547547506701,2845.0045106219927,222.24847199959183,uav0000182_00000_v
32,0.6320053337273027,0,baseline,0.09,0.7,896,1600,32,,,,,,,,214.85849200053053,uav0000182_00000_v
33,0.6320053337273027,0,baseline,0.09,0.7,896,1600,30,,,,,,,,760.7044110000061,uav0000182_00000_v
34,0.6320053337273027,0,baseline,0.09,0.7,896,1600,30,,,,,,,,216.16379000079175,uav0000182_00000_v
35,0.6320053337273027,0,baseline,0.09,0.7,896,1600,31,,,,,,,,215.43358600047213,uav0000182_00000_v
36,0.6320053337273027,0,baseline,0.09,0.7,896,1600,31,,,,,,,,219.7185980003269,uav0000182_00000_v
37,0.6320053337273027,0,baseline,0.09,0.7,896,1600,32,,,,,,,,219.0081310000096,uav0000182_00000_v
38,0.6320053337273027,0,baseline,0.09,0.7,896,1600,33,,,,,,,,217.4117430004117,uav0000182_00000_v
39,0.6320053337273027,0,baseline,0.09,0.7,896,1600,33,,,,,,,,216.9154849998449,uav0000182_00000_v
40,0.6320053337273027,0,baseline,0.09,0.7,896,1600,33,,,,,,,,221.90811800010124,uav0000182_00000_v
41,0.6451240029850259,1,baseline,0.09,0.7,896,1600,34,1.0,0.6060606060606061,1.0,0.0,0.0,0.6975986800159186,2824.9927101976155,213.46799099956115,uav0000182_00000_v
42,0.6451240029850259,0,baseline,0.09,0.7,896,1600,34,,,,,,,,213.7292299994442,uav0000182_00000_v
43,0.6451240029850259,0,baseline,0.09,0.7,896,1600,33,,,,,,,,223.30182099995,uav0000182_00000_v
44,0.6451240029850259,0,baseline,0.09,0.7,896,1600,33,,,,,,,,214.8614859997906,uav0000182_00000_v
45,0.6451240029850259,0,baseline,0.09,0.7,896,1600,33,,,,,,,,216.64076399974877,uav0000182_00000_v
46,0.6451240029850259,0,baseline,0.09,0.7,896,1600,33,,,,,,,,216.85561599952047,uav0000182_00000_v
47,0.6451240029850259,0,baseline,0.09,0.7,896,1600,33,,,,,,,,213.67921400087653,uav0000182_00000_v
48,0.6451240029850259,0,baseline,0.09,0.7,896,1600,33,,,,,,,,212.6163489992905,uav0000182_00000_v
49,0.6451240029850259,0,baseline,0.09,0.7,896,1600,32,,,,,,,,210.33596200049945,uav0000182_00000_v
50,0.6451240029850259,0,baseline,0.09,0.7,896,1600,32,,,,,,,,213.31741500034693,uav0000182_00000_v
51,0.6568796151154709,1,baseline,0.09,0.7,896,1600,32,1.0,0.6875,1.0,0.0,0.0,0.7156576757676951,2822.219970478636,231.0320850001517,uav0000182_00000_v
52,0.6568796151154709,0,baseline,0.09,0.7,896,1600,32,,,,,,,,216.411880999658,uav0000182_00000_v
53,0.6568796151154709,0,baseline,0.09,0.7,896,1600,32,,,,,,,,219.68833400023868,uav0000182_00000_v
54,0.6568796151154709,0,baseline,0.09,0.7,896,1600,32,,,,,,,,217.4246709992076,uav0000182_00000_v
55,0.6568796151154709,0,baseline,0.09,0.7,896,1600,32,,,,,,,,220.22537299926623,uav0000182_00000_v
56,0.6568796151154709,0,baseline,0.09,0.7,896,1600,32,,,,,,,,222.39781500047684,uav0000182_00000_v
57,0.6568796151154709,0,baseline,0.09,0.7,896,1600,32,,,,,,,,214.16221799972843,uav0000182_00000_v
58,0.6568796151154709,0,baseline,0.09,0.7,896,1600,32,,,,,,,,213.0494679995536,uav0000182_00000_v
59,0.6568796151154709,0,baseline,0.09,0.7,896,1600,32,,,,,,,,217.1013489996767,uav0000182_00000_v
60,0.6568796151154709,0,baseline,0.09,0.7,896,1600,32,,,,,,,,214.06978000050003,uav0000182_00000_v
61,0.6652764809229315,1,baseline,0.09,0.7,896,1600,32,1.0,0.6875,1.0,0.0,0.0,0.7156576757676951,2813.034323868293,220.6321889998435,uav0000182_00000_v
62,0.6652764809229315,0,baseline,0.09,0.7,896,1600,31,,,,,,,,218.62607700040823,uav0000182_00000_v
63,0.6652764809229315,0,baseline,0.09,0.7,896,1600,32,,,,,,,,242.49596200024823,uav0000182_00000_v
64,0.6652764809229315,0,baseline,0.09,0.7,896,1600,31,,,,,,,,220.97981899969452,uav0000182_00000_v
65,0.6652764809229315,0,baseline,0.09,0.7,896,1600,31,,,,,,,,281.31497300000774,uav0000182_00000_v
66,0.6652764809229315,0,baseline,0.09,0.7,896,1600,32,,,,,,,,268.5732800000551,uav0000182_00000_v
67,0.6652764809229315,0,baseline,0.09,0.7,896,1600,33,,,,,,,,272.1169149999696,uav0000182_00000_v
68,0.6652764809229315,0,baseline,0.09,0.7,896,1600,34,,,,,,,,259.16680799946334,uav0000182_00000_v
69,0.6652764809229315,0,baseline,0.09,0.7,896,1600,34,,,,,,,,274.9863330000153,uav0000182_00000_v
70,0.6652764809229315,0,baseline,0.09,0.7,896,1600,36,,,,,,,,273.7150439998004,uav0000182_00000_v
71,0.7066541764460454,1,baseline,0.09,0.7,896,1600,37,1.0,0.7222222222222222,1.0,0.0,0.0,0.7233572475998478,2768.547757755669,284.97731300012674,uav0000182_00000_v
72,0.7066541764460454,0,baseline,0.09,0.7,896,1600,36,,,,,,,,268.3405479992871,uav0000182_00000_v
73,0.7066541764460454,0,baseline,0.09,0.7,896,1600,36,,,,,,,,270.21732600042014,uav0000182_00000_v
74,0.7066541764460454,0,baseline,0.09,0.7,896,1600,35,,,,,,,,271.1773480004922,uav0000182_00000_v
75,0.7066541764460454,0,baseline,0.09,0.7,896,1600,37,,,,,,,,265.8615189993725,uav0000182_00000_v
76,0.7066541764460454,0,baseline,0.09,0.7,896,1600,38,,,,,,,,275.81673500026227,uav0000182_00000_v
77,0.7066541764460454,0,baseline,0.09,0.7,896,1600,37,,,,,,,,277.8248869999516,uav0000182_00000_v
78,0.7066541764460454,0,baseline,0.09,0.7,896,1600,37,,,,,,,,271.3840349997554,uav0000182_00000_v
79,0.7066541764460454,0,baseline,0.09,0.7,896,1600,37,,,,,,,,266.31528200050525,uav0000182_00000_v
80,0.7066541764460454,0,baseline,0.09,0.7,896,1600,37,,,,,,,,277.16893699926004,uav0000182_00000_v
81,0.7107637857513611,1,baseline,0.09,0.7,896,1600,37,1.0,0.7297297297297297,1.0,0.0,0.0,0.7250220198878807,2827.335781013794,286.96723299981386,uav0000182_00000_v
82,0.7107637857513611,0,baseline,0.09,0.7,896,1600,38,,,,,,,,269.0268429996649,uav0000182_00000_v
83,0.7107637857513611,0,baseline,0.09,0.7,896,1600,36,,,,,,,,247.2292729999026,uav0000182_00000_v
84,0.7107637857513611,0,baseline,0.09,0.7,896,1600,36,,,,,,,,216.1426130005566,uav0000182_00000_v
85,0.7107637857513611,0,baseline,0.09,0.7,896,1600,36,,,,,,,,235.2539670000624,uav0000182_00000_v
86,0.7107637857513611,0,baseline,0.09,0.7,896,1600,35,,,,,,,,224.03443300026996,uav0000182_00000_v
87,0.7107637857513611,0,baseline,0.09,0.7,896,1600,33,,,,,,,,219.08283599987044,uav0000182_00000_v
88,0.7107637857513611,0,baseline,0.09,0.7,896,1600,33,,,,,,,,217.3210430000836,uav0000182_00000_v
89,0.7107637857513611,0,baseline,0.09,0.7,896,1600,32,,,,,,,,220.9225799997512,uav0000182_00000_v
90,0.7107637857513611,0,baseline,0.09,0.7,896,1600,32,,,,,,,,222.90710800007216,uav0000182_00000_v
91,0.7127436756510575,1,baseline,0.09,0.7,896,1600,32,1.0,0.6875,1.0,0.0,0.0,0.7156576757676951,2902.1650116910955,230.9756180002296,uav0000182_00000_v
92,0.7127436756510575,0,baseline,0.09,0.7,896,1600,33,,,,,,,,216.51705899967052,uav0000182_00000_v
93,0.7127436756510575,0,baseline,0.09,0.7,896,1600,34,,,,,,,,216.5492000003724,uav0000182_00000_v
94,0.7127436756510575,0,baseline,0.09,0.7,896,1600,36,,,,,,,,223.8479089992325,uav0000182_00000_v
95,0.7127436756510575,0,baseline,0.09,0.7,896,1600,35,,,,,,,,220.4277450000518,uav0000182_00000_v
96,0.7127436756510575,0,baseline,0.09,0.7,896,1600,35,,,,,,,,218.1173859999035,uav0000182_00000_v
97,0.7127436756510575,0,baseline,0.09,0.7,896,1600,36,,,,,,,,215.89577400027335,uav0000182_00000_v
98,0.7127436756510575,0,baseline,0.09,0.7,896,1600,35,,,,,,,,218.6065470004905,uav0000182_00000_v
99,0.7127436756510575,0,baseline,0.09,0.7,896,1600,35,,,,,,,,223.1578829996579,uav0000182_00000_v
100,0.7127436756510575,0,baseline,0.09,0.7,896,1600,36,,,,,,,,216.61973900063455,uav0000182_00000_v
101,0.7183753624768607,1,baseline,0.09,0.7,896,1600,36,1.0,0.7777777777777778,1.0,0.0,0.0,0.7356765625312922,2888.219029905463,221.2414629993873,uav0000182_00000_v
102,0.7183753624768607,0,baseline,0.09,0.7,896,1600,35,,,,,,,,218.75246899980996,uav0000182_00000_v
103,0.7183753624768607,0,baseline,0.09,0.7,896,1600,38,,,,,,,,219.2680729995118,uav0000182_00000_v
104,0.7183753624768607,0,baseline,0.09,0.7,896,1600,38,,,,,,,,225.15144499993767,uav0000182_00000_v
105,0.7183753624768607,0,baseline,0.09,0.7,896,1600,37,,,,,,,,216.948785000568,uav0000182_00000_v
106,0.7183753624768607,0,baseline,0.09,0.7,896,1600,36,,,,,,,,216.94028799993248,uav0000182_00000_v
107,0.7183753624768607,0,baseline,0.09,0.7,896,1600,37,,,,,,,,219.77134900043893,uav0000182_00000_v
108,0.7183753624768607,0,baseline,0.09,0.7,896,1600,39,,,,,,,,219.7751599996991,uav0000182_00000_v
109,0.7183753624768607,0,baseline,0.09,0.7,896,1600,38,,,,,,,,221.54290699927515,uav0000182_00000_v
110,0.7183753624768607,0,baseline,0.09,0.7,896,1600,39,,,,,,,,219.2472060005457,uav0000182_00000_v
111,0.7211075182358824,1,baseline,0.09,0.7,896,1600,39,1.0,0.6923076923076923,1.0,0.0,0.0,0.7167237703290701,2972.0440030121563,223.93623600055437,uav0000182_00000_v
112,0.7211075182358824,0,baseline,0.09,0.7,896,1600,38,,,,,,,,221.1575780002022,uav0000182_00000_v
113,0.7211075182358824,0,baseline,0.09,0.7,896,1600,38,,,,,,,,218.8484479993349,uav0000182_00000_v
114,0.7211075182358824,0,baseline,0.09,0.7,896,1600,38,,,,,,,,219.9973199994929,uav0000182_00000_v
115,0.7211075182358824,0,baseline,0.09,0.7,896,1600,39,,,,,,,,223.16983900054765,uav0000182_00000_v
116,0.7211075182358824,0,baseline,0.09,0.7,896,1600,39,,,,,,,,222.47405799953407,uav0000182_00000_v
117,0.7211075182358824,0,baseline,0.09,0.7,896,1600,40,,,,,,,,216.83544300049107,uav0000182_00000_v
118,0.7211075182358824,0,baseline,0.09,0.7,896,1600,41,,,,,,,,233.50307700002304,uav0000182_00000_v
119,0.7211075182358824,0,baseline,0.09,0.7,896,1600,39,,,,,,,,217.3489349997908,uav0000182_00000_v
120,0.7211075182358824,0,baseline,0.09,0.7,896,1600,40,,,,,,,,218.25605200046996,uav0000182_00000_v
121,0.7230874081355788,1,baseline,0.09,0.7,896,1600,39,1.0,0.75,1.0,0.0,0.0,0.72951690506557,2970.034513507492,226.0914929993305,uav0000182_00000_v
122,0.7230874081355788,0,baseline,0.09,0.7,896,1600,39,,,,,,,,220.4645350002465,uav0000182_00000_v
123,0.7230874081355788,0,baseline,0.09,0.7,896,1600,41,,,,,,,,220.7933049994608,uav0000182_00000_v
124,0.7230874081355788,0,baseline,0.09,0.7,896,1600,39,,,,,,,,219.72031699988293,uav0000182_00000_v
125,0.7230874081355788,0,baseline,0.09,0.7,896,1600,37,,,,,,,,219.29164299945117,uav0000182_00000_v
126,0.7230874081355788,0,baseline,0.09,0.7,896,1600,39,,,,,,,,217.0507689997976,uav0000182_00000_v
127,0.7230874081355788,0,baseline,0.09,0.7,896,1600,39,,,,,,,,219.6939589994145,uav0000182_00000_v
128,0.7230874081355788,0,baseline,0.09,0.7,896,1600,38,,,,,,,,223.4537399999681,uav0000182_00000_v
129,0.7230874081355788,0,baseline,0.09,0.7,896,1600,37,,,,,,,,277.5411869997697,uav0000182_00000_v
130,0.7230874081355788,0,baseline,0.09,0.7,896,1600,38,,,,,,,,268.5049319998143,uav0000182_00000_v
131,0.7229832034040157,1,baseline,0.09,0.7,896,1600,38,1.0,0.6842105263157895,1.0,0.0,0.0,0.7149282426467543,3016.167787884449,270.00528600001417,uav0000182_00000_v
132,0.7229832034040157,0,baseline,0.09,0.7,896,1600,40,,,,,,,,264.1025189996071,uav0000182_00000_v
133,0.7229832034040157,0,baseline,0.09,0.7,896,1600,38,,,,,,,,267.78274299977056,uav0000182_00000_v
134,0.7229832034040157,0,baseline,0.09,0.7,896,1600,38,,,,,,,,266.4060389997758,uav0000182_00000_v
135,0.7229832034040157,0,baseline,0.09,0.7,896,1600,37,,,,,,,,269.95725899996614,uav0000182_00000_v
136,0.7229832034040157,0,baseline,0.09,0.7,896,1600,37,,,,,,,,278.87014400039334,uav0000182_00000_v
137,0.7229832034040157,0,baseline,0.09,0.7,896,1600,36,,,,,,,,272.3209510004381,uav0000182_00000_v
138,0.7229832034040157,0,baseline,0.09,0.7,896,1600,37,,,,,,,,286.5894950000438,uav0000182_00000_v
139,0.7229832034040157,0,baseline,0.09,0.7,896,1600,37,,,,,,,,288.4086009999009,uav0000182_00000_v
140,0.7229832034040157,0,baseline,0.09,0.7,896,1600,38,,,,,,,,281.71916199971747,uav0000182_00000_v
141,0.7234463355442956,1,baseline,0.09,0.7,896,1600,39,1.0,0.7368421052631579,1.0,0.0,0.0,0.7265991725818068,3013.015805633452,285.1415779996387,uav0000182_00000_v
142,0.7234463355442956,0,baseline,0.09,0.7,896,1600,38,,,,,,,,276.8409700001939,uav0000182_00000_v
143,0.7234463355442956,0,baseline,0.09,0.7,896,1600,39,,,,,,,,276.696783999796,uav0000182_00000_v
144,0.7234463355442956,0,baseline,0.09,0.7,896,1600,40,,,,,,,,271.4004979998208,uav0000182_00000_v
145,0.7234463355442956,0,baseline,0.09,0.7,896,1600,39,,,,,,,,275.0362610004231,uav0000182_00000_v
146,0.7234463355442956,0,baseline,0.09,0.7,896,1600,41,,,,,,,,269.1701200001262,uav0000182_00000_v
147,0.7234463355442956,0,baseline,0.09,0.7,896,1600,40,,,,,,,,275.69607500026905,uav0000182_00000_v
148,0.7234463355442956,0,baseline,0.09,0.7,896,1600,41,,,,,,,,217.26352400037285,uav0000182_00000_v
149,0.7234463355442956,0,baseline,0.09,0.7,896,1600,39,,,,,,,,218.6539829999674,uav0000182_00000_v
150,0.7234463355442956,0,baseline,0.09,0.7,896,1600,40,,,,,,,,221.10836899992137,uav0000182_00000_v
151,0.7232965060383726,1,baseline,0.09,0.7,896,1600,41,1.0,0.725,1.0,0.0,0.0,0.7239732133464201,2964.3060570304747,219.0205569995669,uav0000182_00000_v
152,0.7232965060383726,0,baseline,0.09,0.7,896,1600,40,,,,,,,,230.0631579992114,uav0000182_00000_v
153,0.7232965060383726,0,baseline,0.09,0.7,896,1600,40,,,,,,,,217.5064500006556,uav0000182_00000_v
154,0.7232965060383726,0,baseline,0.09,0.7,896,1600,39,,,,,,,,216.35977400001136,uav0000182_00000_v
155,0.7232965060383726,0,baseline,0.09,0.7,896,1600,40,,,,,,,,215.80346099926828,uav0000182_00000_v
156,0.7232965060383726,0,baseline,0.09,0.7,896,1600,41,,,,,,,,238.54075399958677,uav0000182_00000_v
157,0.7232965060383726,0,baseline,0.09,0.7,896,1600,42,,,,,,,,227.97304300002,uav0000182_00000_v
158,0.7232965060383726,0,baseline,0.09,0.7,896,1600,44,,,,,,,,231.90430799968453,uav0000182_00000_v
159,0.7232965060383726,0,baseline,0.09,0.7,896,1600,43,,,,,,,,221.5666960000817,uav0000182_00000_v
160,0.7232965060383726,0,baseline,0.09,0.7,896,1600,44,,,,,,,,222.5592200002211,uav0000182_00000_v
161,0.7245564359745431,1,baseline,0.09,0.7,896,1600,45,1.0,0.7272727272727273,1.0,0.0,0.0,0.7244771853208882,2895.9538682082434,238.6729110003216,uav0000182_00000_v
162,0.7245564359745431,0,baseline,0.09,0.7,896,1600,46,,,,,,,,221.68507500009585,uav0000182_00000_v
163,0.7245564359745431,0,baseline,0.09,0.7,896,1600,44,,,,,,,,221.26263399968596,uav0000182_00000_v
164,0.7245564359745431,0,baseline,0.09,0.7,896,1600,43,,,,,,,,216.64638299989747,uav0000182_00000_v
165,0.7245564359745431,0,baseline,0.09,0.7,896,1600,44,,,,,,,,232.99642600068185,uav0000182_00000_v
166,0.7245564359745431,0,baseline,0.09,0.7,896,1600,47,,,,,,,,235.05177699917112,uav0000182_00000_v
167,0.7245564359745431,0,baseline,0.09,0.7,896,1600,45,,,,,,,,226.2232020002557,uav0000182_00000_v
168,0.7245564359745431,0,baseline,0.09,0.7,896,1600,47,,,,,,,,217.5495419996878,uav0000182_00000_v
169,0.7245564359745431,0,baseline,0.09,0.7,896,1600,45,,,,,,,,223.2842260000325,uav0000182_00000_v
170,0.7245564359745431,0,baseline,0.09,0.7,896,1600,44,,,,,,,,220.61889500037069,uav0000182_00000_v
171,0.7207966450539074,1,baseline,0.09,0.7,896,1600,45,1.0,0.6590909090909091,1.0,0.0,0.0,0.7093580260868428,2924.002982018746,229.40267700050757,uav0000182_00000_v
172,0.7207966450539074,0,baseline,0.09,0.7,896,1600,45,,,,,,,,218.00663599969997,uav0000182_00000_v
173,0.7207966450539074,0,baseline,0.09,0.7,896,1600,45,,,,,,,,219.1299969999818,uav0000182_00000_v
174,0.7207966450539074,0,baseline,0.09,0.7,896,1600,46,,,,,,,,216.27052299936625,uav0000182_00000_v
175,0.7207966450539074,0,baseline,0.09,0.7,896,1600,43,,,,,,,,230.494918999284,uav0000182_00000_v
176,0.7207966450539074,0,baseline,0.09,0.7,896,1600,42,,,,,,,,223.5227580003993,uav0000182_00000_v
177,0.7207966450539074,0,baseline,0.09,0.7,896,1600,43,,,,,,,,223.6061499997959,uav0000182_00000_v
178,0.7207966450539074,0,baseline,0.09,0.7,896,1600,41,,,,,,,,219.6925669995835,uav0000182_00000_v
179,0.7207966450539074,0,baseline,0.09,0.7,896,1600,45,,,,,,,,226.3739380005063,uav0000182_00000_v
180,0.7207966450539074,0,baseline,0.09,0.7,896,1600,46,,,,,,,,220.88184699987323,uav0000182_00000_v
181,0.7181479629138454,1,baseline,0.09,0.7,896,1600,47,1.0,0.6086956521739131,1.0,0.0,0.0,0.6981829953486354,2978.6180035452444,222.89944400017703,uav0000182_00000_v
182,0.7181479629138454,0,baseline,0.09,0.7,896,1600,46,,,,,,,,216.9912330000443,uav0000182_00000_v
183,0.7181479629138454,0,baseline,0.09,0.7,896,1600,47,,,,,,,,216.54241899977933,uav0000182_00000_v
184,0.7181479629138454,0,baseline,0.09,0.7,896,1600,49,,,,,,,,224.24606599997787,uav0000182_00000_v
185,0.7181479629138454,0,baseline,0.09,0.7,896,1600,51,,,,,,,,222.71863700007088,uav0000182_00000_v
186,0.7181479629138454,0,baseline,0.09,0.7,896,1600,52,,,,,,,,222.68237299977045,uav0000182_00000_v
187,0.7181479629138454,0,baseline,0.09,0.7,896,1600,52,,,,,,,,217.1379459996388,uav0000182_00000_v
188,0.7181479629138454,0,baseline,0.09,0.7,896,1600,50,,,,,,,,222.52434199981508,uav0000182_00000_v
189,0.7181479629138454,0,baseline,0.09,0.7,896,1600,52,,,,,,,,234.32583199974036,uav0000182_00000_v
190,0.7181479629138454,0,baseline,0.09,0.7,896,1600,54,,,,,,,,222.80464499999653,uav0000182_00000_v
191,0.7143348416255411,1,baseline,0.09,0.7,896,1600,52,1.0,0.6296296296296297,1.0,0.0,0.0,0.7028250560474405,3087.8582037288797,224.8288170003434,uav0000182_00000_v
192,0.7143348416255411,0,baseline,0.09,0.7,896,1600,54,,,,,,,,261.55209299940907,uav0000182_00000_v
193,0.7143348416255411,0,baseline,0.09,0.7,896,1600,50,,,,,,,,275.73557599953347,uav0000182_00000_v
194,0.7143348416255411,0,baseline,0.09,0.7,896,1600,54,,,,,,,,277.074767999693,uav0000182_00000_v
195,0.7143348416255411,0,baseline,0.09,0.7,896,1600,52,,,,,,,,276.80413400048565,uav0000182_00000_v
196,0.7143348416255411,0,baseline,0.09,0.7,896,1600,54,,,,,,,,280.20515499974863,uav0000182_00000_v
197,0.7143348416255411,0,baseline,0.09,0.7,896,1600,53,,,,,,,,297.1428149994608,uav0000182_00000_v
198,0.7143348416255411,0,baseline,0.09,0.7,896,1600,58,,,,,,,,277.1480190003785,uav0000182_00000_v
199,0.7143348416255411,0,baseline,0.09,0.7,896,1600,57,,,,,,,,275.81729299981816,uav0000182_00000_v
200,0.7143348416255411,0,baseline,0.09,0.7,896,1600,55,,,,,,,,272.6253450000513,uav0000182_00000_v
201,0.71224316846835,1,baseline,0.09,0.7,896,1600,56,1.0,0.6181818181818182,1.0,0.0,0.0,0.7002865305464155,3058.177281146343,288.09404599996924,uav0000182_00000_v
202,0.71224316846835,0,baseline,0.09,0.7,896,1600,59,,,,,,,,285.5191049993664,uav0000182_00000_v
203,0.71224316846835,0,baseline,0.09,0.7,896,1600,56,,,,,,,,283.89661999972304,uav0000182_00000_v
204,0.71224316846835,0,baseline,0.09,0.7,896,1600,57,,,,,,,,279.5838520005418,uav0000182_00000_v
205,0.71224316846835,0,baseline,0.09,0.7,896,1600,57,,,,,,,,277.608603999397,uav0000182_00000_v
206,0.71224316846835,0,baseline,0.09,0.7,896,1600,56,,,,,,,,275.9208799998305,uav0000182_00000_v
207,0.71224316846835,0,baseline,0.09,0.7,896,1600,57,,,,,,,,281.5777040004832,uav0000182_00000_v
208,0.71224316846835,0,baseline,0.09,0.7,896,1600,57,,,,,,,,306.0102660001576,uav0000182_00000_v
209,0.71224316846835,0,baseline,0.09,0.7,896,1600,58,,,,,,,,284.6994990004532,uav0000182_00000_v
210,0.71224316846835,0,baseline,0.09,0.7,896,1600,58,,,,,,,,267.56261799982894,uav0000182_00000_v
211,0.7080174869401412,1,baseline,0.09,0.7,896,1600,59,1.0,0.603448275862069,1.0,0.0,0.0,0.6970194018843459,2982.379403652024,226.46495800017877,uav0000182_00000_v
212,0.7080174869401412,0,baseline,0.09,0.7,896,1600,58,,,,,,,,224.99951400004647,uav0000182_00000_v
213,0.7080174869401412,0,baseline,0.09,0.7,896,1600,60,,,,,,,,246.6687960004492,uav0000182_00000_v
214,0.7080174869401412,0,baseline,0.09,0.7,896,1600,63,,,,,,,,222.04030400007468,uav0000182_00000_v
215,0.7080174869401412,0,baseline,0.09,0.7,896,1600,63,,,,,,,,230.28660700038017,uav0000182_00000_v
216,0.7080174869401412,0,baseline,0.09,0.7,896,1600,65,,,,,,,,224.67567500007132,uav0000182_00000_v
217,0.7080174869401412,0,baseline,0.09,0.7,896,1600,65,,,,,,,,228.1574439994074,uav0000182_00000_v
218,0.7080174869401412,0,baseline,0.09,0.7,896,1600,63,,,,,,,,230.1801269995849,uav0000182_00000_v
219,0.7080174869401412,0,baseline,0.09,0.7,896,1600,64,,,,,,,,236.62691700064897,uav0000182_00000_v
220,0.7080174869401412,0,baseline,0.09,0.7,896,1600,67,,,,,,,,223.57362799994007,uav0000182_00000_v
221,0.702544716650234,1,baseline,0.09,0.7,896,1600,67,1.0,0.5522388059701493,1.0,0.0,0.0,0.6856638213170702,3001.8658276995907,229.89105400029075,uav0000182_00000_v
222,0.702544716650234,0,baseline,0.09,0.7,896,1600,66,,,,,,,,242.2471179997956,uav0000182_00000_v
223,0.702544716650234,0,baseline,0.09,0.7,896,1600,69,,,,,,,,225.33356999974785,uav0000182_00000_v
224,0.702544716650234,0,baseline,0.09,0.7,896,1600,73,,,,,,,,225.8923669996875,uav0000182_00000_v
225,0.702544716650234,0,baseline,0.09,0.7,896,1600,74,,,,,,,,229.11443900011363,uav0000182_00000_v
226,0.702544716650234,0,baseline,0.09,0.7,896,1600,74,,,,,,,,230.54641999988235,uav0000182_00000_v
227,0.702544716650234,0,baseline,0.09,0.7,896,1600,76,,,,,,,,227.47837099996104,uav0000182_00000_v
228,0.702544716650234,0,baseline,0.09,0.7,896,1600,75,,,,,,,,229.67877900009623,uav0000182_00000_v
229,0.702544716650234,0,baseline,0.09,0.7,896,1600,74,,,,,,,,228.36112400000275,uav0000182_00000_v
230,0.702544716650234,0,baseline,0.09,0.7,896,1600,74,,,,,,,,231.038369000089,uav0000182_00000_v
231,0.6957732013176114,1,baseline,0.09,0.7,896,1600,79,1.0,0.5135135135135135,1.0,0.0,0.0,0.6770765779925296,2779.89430864676,253.02831800036077,uav0000182_00000_v
232,0.6957732013176114,0,baseline,0.09,0.7,896,1600,77,,,,,,,,229.7422640003788,uav0000182_00000_v
233,0.6957732013176114,0,baseline,0.09,0.7,896,1600,77,,,,,,,,225.0839919997816,uav0000182_00000_v
234,0.6957732013176114,0,baseline,0.09,0.7,896,1600,81,,,,,,,,227.6757199997519,uav0000182_00000_v
235,0.6957732013176114,0,baseline,0.09,0.7,896,1600,80,,,,,,,,224.33096999975533,uav0000182_00000_v
236,0.6957732013176114,0,baseline,0.09,0.7,896,1600,81,,,,,,,,229.078892999496,uav0000182_00000_v
237,0.6957732013176114,0,baseline,0.09,0.7,896,1600,80,,,,,,,,230.5630939999901,uav0000182_00000_v
238,0.6957732013176114,0,baseline,0.09,0.7,896,1600,83,,,,,,,,228.79397499946208,uav0000182_00000_v
239,0.6957732013176114,0,baseline,0.09,0.7,896,1600,82,,,,,,,,231.1109190004572,uav0000182_00000_v
240,0.6957732013176114,0,baseline,0.09,0.7,896,1600,81,,,,,,,,242.20337200040376,uav0000182_00000_v
241,0.6893646688027691,1,baseline,0.09,0.7,896,1600,81,1.0,0.4567901234567901,1.0,0.0,0.0,0.6644982984829467,2844.726545728599,236.69380799947248,uav0000182_00000_v
242,0.6893646688027691,0,baseline,0.09,0.7,896,1600,80,,,,,,,,223.991735000709,uav0000182_00000_v
243,0.6893646688027691,0,baseline,0.09,0.7,896,1600,83,,,,,,,,225.1339389995337,uav0000182_00000_v
244,0.6893646688027691,0,baseline,0.09,0.7,896,1600,83,,,,,,,,229.5414440004606,uav0000182_00000_v
245,0.6893646688027691,0,baseline,0.09,0.7,896,1600,84,,,,,,,,223.82044599999065,uav0000182_00000_v
246,0.6893646688027691,0,baseline,0.09,0.7,896,1600,80,,,,,,,,225.77162600009612,uav0000182_00000_v
247,0.6893646688027691,0,baseline,0.09,0.7,896,1600,84,,,,,,,,233.747852000306,uav0000182_00000_v
248,0.6893646688027691,0,baseline,0.09,0.7,896,1600,82,,,,,,,,236.8650369999159,uav0000182_00000_v
249,0.6893646688027691,0,baseline,0.09,0.7,896,1600,78,,,,,,,,238.18167399986123,uav0000182_00000_v
250,0.6893646688027691,0,baseline,0.09,0.7,896,1600,76,,,,,,,,230.3938000004564,uav0000182_00000_v
251,0.6809195549056658,1,baseline,0.09,0.7,896,1600,74,1.0,0.3421052631578947,1.0,0.0,0.0,0.6390671980689124,2466.7445398112377,227.5223900005585,uav0000182_00000_v
252,0.6809195549056658,0,baseline,0.09,0.7,896,1600,71,,,,,,,,230.0739459997203,uav0000182_00000_v
253,0.6809195549056658,0,baseline,0.09,0.7,896,1600,74,,,,,,,,256.6469160001361,uav0000182_00000_v
254,0.6809195549056658,0,baseline,0.09,0.7,896,1600,73,,,,,,,,287.4681209996197,uav0000182_00000_v
255,0.6809195549056658,0,baseline,0.09,0.7,896,1600,71,,,,,,,,278.29258499969,uav0000182_00000_v
256,0.6809195549056658,0,baseline,0.09,0.7,896,1600,73,,,,,,,,279.0643150001415,uav0000182_00000_v
257,0.6809195549056658,0,baseline,0.09,0.7,896,1600,73,,,,,,,,278.6402960000487,uav0000182_00000_v
258,0.6809195549056658,0,baseline,0.09,0.7,896,1600,75,,,,,,,,286.6555549999248,uav0000182_00000_v
259,0.6809195549056658,0,baseline,0.09,0.7,896,1600,75,,,,,,,,289.0188009996564,uav0000182_00000_v
260,0.6809195549056658,0,baseline,0.09,0.7,896,1600,73,,,,,,,,299.41774899998563,uav0000182_00000_v
261,0.6700869152921062,1,baseline,0.09,0.7,896,1600,77,1.0,0.2876712328767123,1.0,0.0,0.0,0.6269965787525223,3110.4064048873,300.63043700010894,uav0000182_00000_v
262,0.6700869152921062,0,baseline,0.09,0.7,896,1600,75,,,,,,,,277.2824439998658,uav0000182_00000_v
263,0.6700869152921062,0,baseline,0.09,0.7,896,1600,75,,,,,,,,292.05975599961675,uav0000182_00000_v
264,0.6700869152921062,0,baseline,0.09,0.7,896,1600,75,,,,,,,,287.9990339997676,uav0000182_00000_v
265,0.6700869152921062,0,baseline,0.09,0.7,896,1600,76,,,,,,,,320.9695670002475,uav0000182_00000_v
266,0.6700869152921062,0,baseline,0.09,0.7,896,1600,79,,,,,,,,292.6511870000468,uav0000182_00000_v
267,0.6700869152921062,0,baseline,0.09,0.7,896,1600,79,,,,,,,,288.94893000051525,uav0000182_00000_v
268,0.6700869152921062,0,baseline,0.09,0.7,896,1600,80,,,,,,,,280.8084930002224,uav0000182_00000_v
269,0.6700869152921062,0,baseline,0.09,0.7,896,1600,80,,,,,,,,282.15300099964225,uav0000182_00000_v
270,0.6700869152921062,0,baseline,0.09,0.7,896,1600,81,,,,,,,,289.2162420002933,uav0000182_00000_v
271,0.6618455958083865,1,baseline,0.09,0.7,896,1600,82,1.0,0.3580246913580246,1.0,0.0,0.0,0.6425972941603789,3034.5186388044367,234.1628699996363,uav0000182_00000_v
272,0.6618455958083865,0,baseline,0.09,0.7,896,1600,83,,,,,,,,224.6577100004288,uav0000182_00000_v
273,0.6618455958083865,0,baseline,0.09,0.7,896,1600,84,,,,,,,,224.29923099934967,uav0000182_00000_v
274,0.6618455958083865,0,baseline,0.09,0.7,896,1600,81,,,,,,,,231.90150300069945,uav0000182_00000_v
275,0.6618455958083865,0,baseline,0.09,0.7,896,1600,81,,,,,,,,229.04548200040156,uav0000182_00000_v
276,0.6618455958083865,0,baseline,0.09,0.7,896,1600,82,,,,,,,,223.3817030000864,uav0000182_00000_v
277,0.6618455958083865,0,baseline,0.09,0.7,896,1600,83,,,,,,,,239.4584900002883,uav0000182_00000_v
278,0.6618455958083865,0,baseline,0.09,0.7,896,1600,83,,,,,,,,229.8269339999024,uav0000182_00000_v
279,0.6618455958083865,0,baseline,0.09,0.7,896,1600,86,,,,,,,,231.20412200023569,uav0000182_00000_v
280,0.6618455958083865,0,baseline,0.09,0.7,896,1600,85,,,,,,,,227.93690399976185,uav0000182_00000_v
281,0.6554007128245473,1,baseline,0.09,0.7,896,1600,85,1.0,0.4,1.0,0.0,0.0,0.6519052209974703,2978.5367552685807,230.74344999986351,uav0000182_00000_v
282,0.6554007128245473,0,baseline,0.09,0.7,896,1600,85,,,,,,,,230.29055200004225,uav0000182_00000_v
283,0.6554007128245473,0,baseline,0.09,0.7,896,1600,84,,,,,,,,233.2722159999321,uav0000182_00000_v
284,0.6554007128245473,0,baseline,0.09,0.7,896,1600,84,,,,,,,,234.57712599974911,uav0000182_00000_v
285,0.6554007128245473,0,baseline,0.09,0.7,896,1600,84,,,,,,,,228.6592730006305,uav0000182_00000_v
286,0.6554007128245473,0,baseline,0.09,0.7,896,1600,84,,,,,,,,234.0828540000075,uav0000182_00000_v
287,0.6554007128245473,0,baseline,0.09,0.7,896,1600,82,,,,,,,,224.55822600022657,uav0000182_00000_v
288,0.6554007128245473,0,baseline,0.09,0.7,896,1600,83,,,,,,,,229.29789899990283,uav0000182_00000_v
289,0.6554007128245473,0,baseline,0.09,0.7,896,1600,82,,,,,,,,224.83418899992105,uav0000182_00000_v
290,0.6554007128245473,0,baseline,0.09,0.7,896,1600,80,,,,,,,,224.93493700039835,uav0000182_00000_v
291,0.6501820776560937,1,baseline,0.09,0.7,896,1600,79,1.0,0.3875,1.0,0.0,0.0,0.6491333751378953,3020.237874332949,230.558254999778,uav0000182_00000_v
292,0.6501820776560937,0,baseline,0.09,0.7,896,1600,79,,,,,,,,228.0253700000685,uav0000182_00000_v
293,0.6501820776560937,0,baseline,0.09,0.7,896,1600,78,,,,,,,,228.82368199952907,uav0000182_00000_v
294,0.6501820776560937,0,baseline,0.09,0.7,896,1600,81,,,,,,,,236.7864859998008,uav0000182_00000_v
295,0.6501820776560937,0,baseline,0.09,0.7,896,1600,83,,,,,,,,242.32827600008025,uav0000182_00000_v
296,0.6501820776560937,0,baseline,0.09,0.7,896,1600,83,,,,,,,,230.5199789998369,uav0000182_00000_v
297,0.6501820776560937,0,baseline,0.09,0.7,896,1600,83,,,,,,,,224.72653900058503,uav0000182_00000_v
298,0.6501820776560937,0,baseline,0.09,0.7,896,1600,83,,,,,,,,225.61683699950663,uav0000182_00000_v
299,0.6501820776560937,0,baseline,0.09,0.7,896,1600,83,,,,,,,,223.53728500002035,uav0000182_00000_v
300,0.6501820776560937,0,baseline,0.09,0.7,896,1600,81,,,,,,,,223.9419759998782,uav0000182_00000_v
301,0.6448653763171691,1,baseline,0.09,0.7,896,1600,80,1.0,0.345679012345679,1.0,0.0,0.0,0.6398596686200579,2993.0219960155423,233.8536170000225,uav0000182_00000_v
302,0.6448653763171691,0,baseline,0.09,0.7,896,1600,85,,,,,,,,221.6711730006864,uav0000182_00000_v
303,0.6448653763171691,0,baseline,0.09,0.7,896,1600,84,,,,,,,,229.9116470003355,uav0000182_00000_v
304,0.6448653763171691,0,baseline,0.09,0.7,896,1600,85,,,,,,,,238.08968299999836,uav0000182_00000_v
305,0.6448653763171691,0,baseline,0.09,0.7,896,1600,85,,,,,,,,225.7829810005205,uav0000182_00000_v
306,0.6448653763171691,0,baseline,0.09,0.7,896,1600,85,,,,,,,,228.6093510001592,uav0000182_00000_v
307,0.6448653763171691,0,baseline,0.09,0.7,896,1600,86,,,,,,,,227.8972590002013,uav0000182_00000_v
308,0.6448653763171691,0,baseline,0.09,0.7,896,1600,82,,,,,,,,225.95038100007517,uav0000182_00000_v
309,0.6448653763171691,0,baseline,0.09,0.7,896,1600,80,,,,,,,,226.54264999982843,uav0000182_00000_v
310,0.6448653763171691,0,baseline,0.09,0.7,896,1600,81,,,,,,,,228.7992510000549,uav0000182_00000_v
311,0.6409544826881391,1,baseline,0.09,0.7,896,1600,76,1.0,0.3333333333333333,1.0,0.0,0.0,0.637122043079737,2928.5642295376942,230.08022100020756,uav0000182_00000_v
312,0.6409544826881391,0,baseline,0.09,0.7,896,1600,73,,,,,,,,237.5628629997664,uav0000182_00000_v
313,0.6409544826881391,0,baseline,0.09,0.7,896,1600,75,,,,,,,,290.0577700002032,uav0000182_00000_v
314,0.6409544826881391,0,baseline,0.09,0.7,896,1600,71,,,,,,,,252.8537600001073,uav0000182_00000_v
315,0.6409544826881391,0,baseline,0.09,0.7,896,1600,69,,,,,,,,277.50356900014594,uav0000182_00000_v
316,0.6409544826881391,0,baseline,0.09,0.7,896,1600,68,,,,,,,,275.3692090000186,uav0000182_00000_v
317,0.6409544826881391,0,baseline,0.09,0.7,896,1600,67,,,,,,,,280.33924300052604,uav0000182_00000_v
318,0.6409544826881391,0,baseline,0.09,0.7,896,1600,66,,,,,,,,277.956565999375,uav0000182_00000_v
319,0.6409544826881391,0,baseline,0.09,0.7,896,1600,64,,,,,,,,278.51236700007576,uav0000182_00000_v
320,0.6409544826881391,0,baseline,0.09,0.7,896,1600,67,,,,,,,,268.0397329995685,uav0000182_00000_v
321,0.637209333529876,1,baseline,0.09,0.7,896,1600,63,1.0,0.2238805970149253,1.0,0.0,0.0,0.6128511539610704,2475.3341887952743,285.7960010005627,uav0000182_00000_v
322,0.637209333529876,0,baseline,0.09,0.7,896,1600,61,,,,,,,,271.0978459999751,uav0000182_00000_v
323,0.637209333529876,0,baseline,0.09,0.7,896,1600,64,,,,,,,,270.3374829998211,uav0000182_00000_v
324,0.637209333529876,0,baseline,0.09,0.7,896,1600,57,,,,,,,,283.1188660002226,uav0000182_00000_v
325,0.637209333529876,0,baseline,0.09,0.7,896,1600,53,,,,,,,,282.67160399991553,uav0000182_00000_v
326,0.637209333529876,0,baseline,0.09,0.7,896,1600,51,,,,,,,,275.9750519999216,uav0000182_00000_v
327,0.637209333529876,0,baseline,0.09,0.7,896,1600,50,,,,,,,,276.6336610002327,uav0000182_00000_v
328,0.637209333529876,0,baseline,0.09,0.7,896,1600,51,,,,,,,,268.7588319995484,uav0000182_00000_v
329,0.637209333529876,0,baseline,0.09,0.7,896,1600,49,,,,,,,,222.42398700018384,uav0000182_00000_v
330,0.637209333529876,0,baseline,0.09,0.7,896,1600,48,,,,,,,,220.87189300054888,uav0000182_00000_v
331,0.6353560119342697,1,baseline,0.09,0.7,896,1600,46,1.0,0.2291666666666666,1.0,0.0,0.0,0.6140233275832787,1924.2701838086184,222.980223000377,uav0000182_00000_v
332,0.6353560119342697,0,baseline,0.09,0.7,896,1600,45,,,,,,,,228.7848610003493,uav0000182_00000_v
333,0.6353560119342697,0,baseline,0.09,0.7,896,1600,42,,,,,,,,216.36008199948265,uav0000182_00000_v
334,0.6353560119342697,0,baseline,0.09,0.7,896,1600,40,,,,,,,,220.47116300018388,uav0000182_00000_v
335,0.6353560119342697,0,baseline,0.09,0.7,896,1600,37,,,,,,,,218.1126499999664,uav0000182_00000_v
336,0.6353560119342697,0,baseline,0.09,0.7,896,1600,34,,,,,,,,215.1186310002231,uav0000182_00000_v
337,0.6353560119342697,0,baseline,0.09,0.7,896,1600,32,,,,,,,,215.3648390003582,uav0000182_00000_v
338,0.6353560119342697,0,baseline,0.09,0.7,896,1600,32,,,,,,,,231.7903800003478,uav0000182_00000_v
339,0.6353560119342697,0,baseline,0.09,0.7,896,1600,29,,,,,,,,216.26378699966156,uav0000182_00000_v
340,0.6353560119342697,0,baseline,0.09,0.7,896,1600,30,,,,,,,,213.14711099967096,uav0000182_00000_v
341,0.6335178919286257,1,baseline,0.09,0.7,896,1600,28,1.0,0.3,1.0,0.0,0.0,0.6297304541208704,1588.7198807249238,219.69912799977465,uav0000182_00000_v
342,0.6335178919286257,0,baseline,0.09,0.7,896,1600,27,,,,,,,,224.5361850000336,uav0000182_00000_v
343,0.6335178919286257,0,baseline,0.09,0.7,896,1600,27,,,,,,,,226.18588299974363,uav0000182_00000_v
344,0.6335178919286257,0,baseline,0.09,0.7,896,1600,26,,,,,,,,221.98936299992056,uav0000182_00000_v
345,0.6335178919286257,0,baseline,0.09,0.7,896,1600,27,,,,,,,,216.9496349997644,uav0000182_00000_v
346,0.6335178919286257,0,baseline,0.09,0.7,896,1600,28,,,,,,,,212.55735899922,uav0000182_00000_v
347,0.6335178919286257,0,baseline,0.09,0.7,896,1600,27,,,,,,,,218.13756900064615,uav0000182_00000_v
348,0.6335178919286257,0,baseline,0.09,0.7,896,1600,26,,,,,,,,216.34527500009423,uav0000182_00000_v
349,0.6335178919286257,0,baseline,0.09,0.7,896,1600,26,,,,,,,,215.8294900000328,uav0000182_00000_v
350,0.6335178919286257,0,baseline,0.09,0.7,896,1600,21,,,,,,,,213.09160999953747,uav0000182_00000_v
351,0.6318902692014664,1,baseline,0.09,0.7,896,1600,22,0.7,0.5238095238095238,1.0,0.0,0.0,0.6405118619073547,1527.844311982641,221.8612910000957,uav0000182_00000_v
352,0.6318902692014664,0,baseline,0.09,0.7,896,1600,21,,,,,,,,220.99156800049968,uav0000182_00000_v
353,0.6318902692014664,0,baseline,0.09,0.7,896,1600,21,,,,,,,,220.64932600005704,uav0000182_00000_v
354,0.6318902692014664,0,baseline,0.09,0.7,896,1600,20,,,,,,,,215.329390000079,uav0000182_00000_v
355,0.6318902692014664,0,baseline,0.09,0.7,896,1600,19,,,,,,,,213.52519800075245,uav0000182_00000_v
356,0.6318902692014664,0,baseline,0.09,0.7,896,1600,20,,,,,,,,209.78245599962972,uav0000182_00000_v
357,0.6318902692014664,0,baseline,0.09,0.7,896,1600,22,,,,,,,,226.1621899997408,uav0000182_00000_v
358,0.6318902692014664,0,baseline,0.09,0.7,896,1600,24,,,,,,,,215.13925199997172,uav0000182_00000_v
359,0.6318902692014664,0,baseline,0.09,0.7,896,1600,22,,,,,,,,219.22806200018383,uav0000182_00000_v
360,0.6318902692014664,0,baseline,0.09,0.7,896,1600,24,,,,,,,,221.08730699983423,uav0000182_00000_v
361,0.6383539104612501,1,baseline,0.09,0.7,896,1600,24,0.8,0.7083333333333334,1.0,0.0,0.0,0.6943788639563827,2026.131642614036,227.36197099948183,uav0000182_00000_v
362,0.6383539104612501,0,baseline,0.09,0.7,896,1600,25,,,,,,,,216.71358999992665,uav0000182_00000_v
363,0.6383539104612501,0,baseline,0.09,0.7,896,1600,25,,,,,,,,215.85639200020523,uav0000182_00000_v
1,0.4337133789380505,1,baseline,0.09,0.7,896,1600,8,0.0,0.0,1.0,0.0,0.0,0.4337133789380505,1960.569922196442,865.1180369997746,uav0000268_05773_v
2,0.4337133789380505,0,baseline,0.09,0.7,896,1600,8,,,,,,,,1660.2962130000378,uav0000268_05773_v
3,0.4337133789380505,0,baseline,0.09,0.7,896,1600,8,,,,,,,,1834.097222999844,uav0000268_05773_v
4,0.4337133789380505,0,baseline,0.09,0.7,896,1600,8,,,,,,,,1454.038689999834,uav0000268_05773_v
5,0.4337133789380505,0,baseline,0.09,0.7,896,1600,8,,,,,,,,1456.13437800057,uav0000268_05773_v
6,0.4337133789380505,0,baseline,0.09,0.7,896,1600,8,,,,,,,,1427.2988189995883,uav0000268_05773_v
7,0.4337133789380505,0,baseline,0.09,0.7,896,1600,8,,,,,,,,1378.8540810000995,uav0000268_05773_v
8,0.4337133789380505,0,baseline,0.09,0.7,896,1600,8,,,,,,,,1837.9089069994732,uav0000268_05773_v
9,0.4337133789380505,0,baseline,0.09,0.7,896,1600,8,,,,,,,,1501.836605999415,uav0000268_05773_v
10,0.4337133789380505,0,baseline,0.09,0.7,896,1600,8,,,,,,,,18915.767724000038,uav0000268_05773_v
11,0.4648383115096615,1,baseline,0.09,0.7,896,1600,8,0.2666666666666666,0.125,1.0,0.0,0.0,0.4959632440812724,2040.6875257788051,65497.038611999415,uav0000268_05773_v
12,0.4648383115096615,0,baseline,0.09,0.7,896,1600,8,,,,,,,,376.8717779994404,uav0000268_05773_v
13,0.4648383115096615,0,baseline,0.09,0.7,896,1600,8,,,,,,,,373.67001499933394,uav0000268_05773_v
14,0.4648383115096615,0,baseline,0.09,0.7,896,1600,9,,,,,,,,363.27563200029545,uav0000268_05773_v
15,0.4648383115096615,0,baseline,0.09,0.7,896,1600,9,,,,,,,,652.365555999495,uav0000268_05773_v
16,0.4648383115096615,0,baseline,0.09,0.7,896,1600,9,,,,,,,,354.06695600067906,uav0000268_05773_v
17,0.4648383115096615,0,baseline,0.09,0.7,896,1600,9,,,,,,,,324.60326999989775,uav0000268_05773_v
18,0.4648383115096615,0,baseline,0.09,0.7,896,1600,9,,,,,,,,269.9546410003677,uav0000268_05773_v
19,0.4648383115096615,0,baseline,0.09,0.7,896,1600,9,,,,,,,,263.3672960000695,uav0000268_05773_v
20,0.4648383115096615,0,baseline,0.09,0.7,896,1600,8,,,,,,,,266.815521999888,uav0000268_05773_v
21,0.4752132890335318,1,baseline,0.09,0.7,896,1600,10,0.2666666666666666,0.125,1.0,0.0,0.0,0.4959632440812724,1985.182743557869,275.43284300008963,uav0000268_05773_v
22,0.4752132890335318,0,baseline,0.09,0.7,896,1600,9,,,,,,,,266.4840899997216,uav0000268_05773_v
23,0.4752132890335318,0,baseline,0.09,0.7,896,1600,9,,,,,,,,266.5426820003632,uav0000268_05773_v
24,0.4752132890335318,0,baseline,0.09,0.7,896,1600,9,,,,,,,,268.039246000626,uav0000268_05773_v
25,0.4752132890335318,0,baseline,0.09,0.7,896,1600,9,,,,,,,,254.81605400000265,uav0000268_05773_v
26,0.4752132890335318,0,baseline,0.09,0.7,896,1600,9,,,,,,,,275.0948490001974,uav0000268_05773_v
27,0.4752132890335318,0,baseline,0.09,0.7,896,1600,9,,,,,,,,258.14130199978536,uav0000268_05773_v
28,0.4752132890335318,0,baseline,0.09,0.7,896,1600,9,,,,,,,,267.7941179999834,uav0000268_05773_v
29,0.4752132890335318,0,baseline,0.09,0.7,896,1600,9,,,,,,,,252.84224699953484,uav0000268_05773_v
30,0.4752132890335318,0,baseline,0.09,0.7,896,1600,9,,,,,,,,273.9495630003148,uav0000268_05773_v
31,0.4807099270668602,1,baseline,0.09,0.7,896,1600,10,0.3,0.1111111111111111,1.0,0.0,0.0,0.4971998411668453,2039.9968879993964,272.8807779994895,uav0000268_05773_v
32,0.4807099270668602,0,baseline,0.09,0.7,896,1600,9,,,,,,,,295.2284980001423,uav0000268_05773_v
33,0.4807099270668602,0,baseline,0.09,0.7,896,1600,9,,,,,,,,264.0920899993944,uav0000268_05773_v
34,0.4807099270668602,0,baseline,0.09,0.7,896,1600,9,,,,,,,,271.33277299981273,uav0000268_05773_v
35,0.4807099270668602,0,baseline,0.09,0.7,896,1600,9,,,,,,,,254.4858639994345,uav0000268_05773_v
36,0.4807099270668602,0,baseline,0.09,0.7,896,1600,9,,,,,,,,267.6542740000514,uav0000268_05773_v
37,0.4807099270668602,0,baseline,0.09,0.7,896,1600,11,,,,,,,,266.30448600008094,uav0000268_05773_v
38,0.4807099270668602,0,baseline,0.09,0.7,896,1600,10,,,,,,,,254.45815200055225,uav0000268_05773_v
39,0.4807099270668602,0,baseline,0.09,0.7,896,1600,10,,,,,,,,264.73967300080403,uav0000268_05773_v
40,0.4807099270668602,0,baseline,0.09,0.7,896,1600,10,,,,,,,,266.0779269999693,uav0000268_05773_v
41,0.4843784224532863,1,baseline,0.09,0.7,896,1600,10,0.3333333333333333,0.1,1.0,0.0,0.0,0.4990524039989905,1981.0340732476795,276.5653050000765,uav0000268_05773_v
42,0.4843784224532863,0,baseline,0.09,0.7,896,1600,10,,,,,,,,266.0147800006598,uav0000268_05773_v
43,0.4843784224532863,0,baseline,0.09,0.7,896,1600,10,,,,,,,,265.8513699998366,uav0000268_05773_v
44,0.4843784224532863,0,baseline,0.09,0.7,896,1600,10,,,,,,,,257.40993799990974,uav0000268_05773_v
45,0.4843784224532863,0,baseline,0.09,0.7,896,1600,10,,,,,,,,260.51758200082986,uav0000268_05773_v
46,0.4843784224532863,0,baseline,0.09,0.7,896,1600,11,,,,,,,,288.4206519993313,uav0000268_05773_v
47,0.4843784224532863,0,baseline,0.09,0.7,896,1600,11,,,,,,,,252.09475900010148,uav0000268_05773_v
48,0.4843784224532863,0,baseline,0.09,0.7,896,1600,11,,,,,,,,273.1703560002643,uav0000268_05773_v
49,0.4843784224532863,0,baseline,0.09,0.7,896,1600,11,,,,,,,,252.34007899962307,uav0000268_05773_v
50,0.4843784224532863,0,baseline,0.09,0.7,896,1600,11,,,,,,,,271.76381000026595,uav0000268_05773_v
51,0.4872075090309972,1,baseline,0.09,0.7,896,1600,11,0.3666666666666666,0.0909090909090909,1.0,0.0,0.0,0.5013529419195517,2030.111965618031,292.9887989994313,uav0000268_05773_v
52,0.4872075090309972,0,baseline,0.09,0.7,896,1600,11,,,,,,,,267.64718200047355,uav0000268_05773_v
53,0.4872075090309972,0,baseline,0.09,0.7,896,1600,12,,,,,,,,263.4201649998431,uav0000268_05773_v
54,0.4872075090309972,0,baseline,0.09,0.7,896,1600,10,,,,,,,,279.67977699972835,uav0000268_05773_v
55,0.4872075090309972,0,baseline,0.09,0.7,896,1600,11,,,,,,,,301.9514260004144,uav0000268_05773_v
56,0.4872075090309972,0,baseline,0.09,0.7,896,1600,11,,,,,,,,334.2226220001976,uav0000268_05773_v
57,0.4872075090309972,0,baseline,0.09,0.7,896,1600,11,,,,,,,,333.37811099954706,uav0000268_05773_v
58,0.4872075090309972,0,baseline,0.09,0.7,896,1600,11,,,,,,,,332.21360800052935,uav0000268_05773_v
59,0.4872075090309972,0,baseline,0.09,0.7,896,1600,12,,,,,,,,336.8142710005486,uav0000268_05773_v
60,0.4872075090309972,0,baseline,0.09,0.7,896,1600,11,,,,,,,,309.0710400001626,uav0000268_05773_v
61,0.4892282851579336,1,baseline,0.09,0.7,896,1600,12,0.3666666666666666,0.0909090909090909,1.0,0.0,0.0,0.5013529419195517,2001.8775346146044,372.2721760004788,uav0000268_05773_v
62,0.4892282851579336,0,baseline,0.09,0.7,896,1600,12,,,,,,,,312.4560369997198,uav0000268_05773_v
63,0.4892282851579336,0,baseline,0.09,0.7,896,1600,11,,,,,,,,339.1672790003213,uav0000268_05773_v
64,0.4892282851579336,0,baseline,0.09,0.7,896,1600,10,,,,,,,,320.9337919997779,uav0000268_05773_v
65,0.4892282851579336,0,baseline,0.09,0.7,896,1600,10,,,,,,,,321.57553999968513,uav0000268_05773_v
66,0.4892282851579336,0,baseline,0.09,0.7,896,1600,11,,,,,,,,345.4145839996272,uav0000268_05773_v
67,0.4892282851579336,0,baseline,0.09,0.7,896,1600,11,,,,,,,,333.54738599973643,uav0000268_05773_v
68,0.4892282851579336,0,baseline,0.09,0.7,896,1600,11,,,,,,,,275.6493720007711,uav0000268_05773_v
69,0.4892282851579336,0,baseline,0.09,0.7,896,1600,12,,,,,,,,259.9633440004254,uav0000268_05773_v
70,0.4892282851579336,0,baseline,0.09,0.7,896,1600,11,,,,,,,,260.39290399967285,uav0000268_05773_v
71,0.4988910798695766,1,baseline,0.09,0.7,896,1600,11,0.3666666666666666,0.0909090909090909,1.0,0.0,0.0,0.5013529419195517,2048.488202570674,319.81821800036414,uav0000268_05773_v
72,0.4988910798695766,0,baseline,0.09,0.7,896,1600,11,,,,,,,,255.945851999968,uav0000268_05773_v
73,0.4988910798695766,0,baseline,0.09,0.7,896,1600,11,,,,,,,,268.7735400004385,uav0000268_05773_v
74,0.4988910798695766,0,baseline,0.09,0.7,896,1600,12,,,,,,,,260.08406599976297,uav0000268_05773_v
75,0.4988910798695766,0,baseline,0.09,0.7,896,1600,11,,,,,,,,277.14992799974425,uav0000268_05773_v
76,0.4988910798695766,0,baseline,0.09,0.7,896,1600,11,,,,,,,,252.29201299953277,uav0000268_05773_v
77,0.4988910798695766,0,baseline,0.09,0.7,896,1600,10,,,,,,,,269.0216800001508,uav0000268_05773_v
78,0.4988910798695766,0,baseline,0.09,0.7,896,1600,10,,,,,,,,256.35474199953023,uav0000268_05773_v
79,0.4988910798695766,0,baseline,0.09,0.7,896,1600,11,,,,,,,,269.6893579995958,uav0000268_05773_v
80,0.4988910798695766,0,baseline,0.09,0.7,896,1600,10,,,,,,,,253.0200210003386,uav0000268_05773_v
81,0.4993323884292505,1,baseline,0.09,0.7,896,1600,10,0.3333333333333333,0.1,1.0,0.0,0.0,0.4990524039989905,2026.696485119084,297.57731100016827,uav0000268_05773_v
82,0.4993323884292505,0,baseline,0.09,0.7,896,1600,10,,,,,,,,259.1081270002178,uav0000268_05773_v
83,0.4993323884292505,0,baseline,0.09,0.7,896,1600,11,,,,,,,,266.9102280005973,uav0000268_05773_v
84,0.4993323884292505,0,baseline,0.09,0.7,896,1600,10,,,,,,,,273.92171300016344,uav0000268_05773_v
85,0.4993323884292505,0,baseline,0.09,0.7,896,1600,10,,,,,,,,255.9766069998659,uav0000268_05773_v
86,0.4993323884292505,0,baseline,0.09,0.7,896,1600,10,,,,,,,,263.93698999982007,uav0000268_05773_v
87,0.4993323884292505,0,baseline,0.09,0.7,896,1600,11,,,,,,,,279.5896249999714,uav0000268_05773_v
88,0.4993323884292505,0,baseline,0.09,0.7,896,1600,10,,,,,,,,271.23030300026585,uav0000268_05773_v
89,0.4993323884292505,0,baseline,0.09,0.7,896,1600,10,,,,,,,,278.1424149998202,uav0000268_05773_v
90,0.4993323884292505,0,baseline,0.09,0.7,896,1600,10,,,,,,,,271.88350100004754,uav0000268_05773_v
91,0.4997736969889246,1,baseline,0.09,0.7,896,1600,10,0.3333333333333333,0.1,1.0,0.0,0.0,0.4990524039989905,2036.0084040455524,296.5627489993494,uav0000268_05773_v
92,0.4997736969889246,0,baseline,0.09,0.7,896,1600,9,,,,,,,,254.05097600014412,uav0000268_05773_v
93,0.4997736969889246,0,baseline,0.09,0.7,896,1600,10,,,,,,,,276.1751979996916,uav0000268_05773_v
94,0.4997736969889246,0,baseline,0.09,0.7,896,1600,10,,,,,,,,263.6235990003115,uav0000268_05773_v
95,0.4997736969889246,0,baseline,0.09,0.7,896,1600,10,,,,,,,,260.9696650006299,uav0000268_05773_v
96,0.4997736969889246,0,baseline,0.09,0.7,896,1600,10,,,,,,,,268.5828860003312,uav0000268_05773_v
97,0.4997736969889246,0,baseline,0.09,0.7,896,1600,10,,,,,,,,255.6806390002748,uav0000268_05773_v
98,0.4997736969889246,0,baseline,0.09,0.7,896,1600,11,,,,,,,,281.1813970001822,uav0000268_05773_v
99,0.4997736969889246,0,baseline,0.09,0.7,896,1600,10,,,,,,,,261.688387000504,uav0000268_05773_v
100,0.4997736969889246,0,baseline,0.09,0.7,896,1600,10,,,,,,,,264.7865990002174,uav0000268_05773_v
101,0.5000383488220882,1,baseline,0.09,0.7,896,1600,10,0.3333333333333333,0.1,1.0,0.0,0.0,0.4990524039989905,2008.8617980113272,303.0038340002648,uav0000268_05773_v
102,0.5000383488220882,0,baseline,0.09,0.7,896,1600,10,,,,,,,,262.34808299977885,uav0000268_05773_v
103,0.5000383488220882,0,baseline,0.09,0.7,896,1600,12,,,,,,,,272.644577000392,uav0000268_05773_v
104,0.5000383488220882,0,baseline,0.09,0.7,896,1600,10,,,,,,,,258.23811999998725,uav0000268_05773_v
105,0.5000383488220882,0,baseline,0.09,0.7,896,1600,10,,,,,,,,319.2856349996873,uav0000268_05773_v
106,0.5000383488220882,0,baseline,0.09,0.7,896,1600,10,,,,,,,,330.94154899936257,uav0000268_05773_v
107,0.5000383488220882,0,baseline,0.09,0.7,896,1600,10,,,,,,,,314.99730799987447,uav0000268_05773_v
108,0.5000383488220882,0,baseline,0.09,0.7,896,1600,10,,,,,,,,324.8703109993585,uav0000268_05773_v
109,0.5000383488220882,0,baseline,0.09,0.7,896,1600,9,,,,,,,,345.6669410006725,uav0000268_05773_v
110,0.5000383488220882,0,baseline,0.09,0.7,896,1600,10,,,,,,,,317.3585659997116,uav0000268_05773_v
111,0.5000383488220882,1,baseline,0.09,0.7,896,1600,9,0.3333333333333333,0.1,1.0,0.0,0.0,0.4990524039989905,2060.7272045812697,371.3873069991678,uav0000268_05773_v
112,0.5000383488220882,0,baseline,0.09,0.7,896,1600,9,,,,,,,,335.7008049997603,uav0000268_05773_v
113,0.5000383488220882,0,baseline,0.09,0.7,896,1600,9,,,,,,,,313.6600770003497,uav0000268_05773_v
114,0.5000383488220882,0,baseline,0.09,0.7,896,1600,10,,,,,,,,341.9560209995325,uav0000268_05773_v
115,0.5000383488220882,0,baseline,0.09,0.7,896,1600,9,,,,,,,,350.84700100014743,uav0000268_05773_v
116,0.5000383488220882,0,baseline,0.09,0.7,896,1600,9,,,,,,,,323.9993779998258,uav0000268_05773_v
117,0.5000383488220882,0,baseline,0.09,0.7,896,1600,9,,,,,,,,264.2152600001282,uav0000268_05773_v
118,0.5000383488220882,0,baseline,0.09,0.7,896,1600,9,,,,,,,,269.56627300023683,uav0000268_05773_v
119,0.5000383488220882,0,baseline,0.09,0.7,896,1600,9,,,,,,,,267.2394239998539,uav0000268_05773_v
120,0.5000383488220882,0,baseline,0.09,0.7,896,1600,9,,,,,,,,263.1532400000651,uav0000268_05773_v
121,0.4994450487145587,1,baseline,0.09,0.7,896,1600,10,0.3,0.1111111111111111,1.0,0.0,0.0,0.4971998411668453,2034.5553991367333,293.88591600036307,uav0000268_05773_v
122,0.4994450487145587,0,baseline,0.09,0.7,896,1600,9,,,,,,,,290.9033650003039,uav0000268_05773_v
123,0.4994450487145587,0,baseline,0.09,0.7,896,1600,9,,,,,,,,259.05960999989475,uav0000268_05773_v
124,0.4994450487145587,0,baseline,0.09,0.7,896,1600,9,,,,,,,,284.28572400025587,uav0000268_05773_v
125,0.4994450487145587,0,baseline,0.09,0.7,896,1600,9,,,,,,,,349.928263000038,uav0000268_05773_v
126,0.4994450487145587,0,baseline,0.09,0.7,896,1600,9,,,,,,,,279.1519709999193,uav0000268_05773_v
127,0.4994450487145587,0,baseline,0.09,0.7,896,1600,9,,,,,,,,278.5866139993232,uav0000268_05773_v
128,0.4994450487145587,0,baseline,0.09,0.7,896,1600,10,,,,,,,,258.77381500049523,uav0000268_05773_v
129,0.4994450487145587,0,baseline,0.09,0.7,896,1600,10,,,,,,,,262.72214200071176,uav0000268_05773_v
130,0.4994450487145587,0,baseline,0.09,0.7,896,1600,10,,,,,,,,276.72119999988354,uav0000268_05773_v
131,0.5022842242797071,1,baseline,0.09,0.7,896,1600,9,0.3333333333333333,0.2,1.0,0.0,0.0,0.5212271708755905,2070.9253568672834,281.0607639994487,uav0000268_05773_v
132,0.5022842242797071,0,baseline,0.09,0.7,896,1600,9,,,,,,,,260.07655400007934,uav0000268_05773_v
133,0.5022842242797071,0,baseline,0.09,0.7,896,1600,9,,,,,,,,278.0611010002758,uav0000268_05773_v
134,0.5022842242797071,0,baseline,0.09,0.7,896,1600,8,,,,,,,,261.0032060001686,uav0000268_05773_v
135,0.5022842242797071,0,baseline,0.09,0.7,896,1600,10,,,,,,,,262.7660210000613,uav0000268_05773_v
136,0.5022842242797071,0,baseline,0.09,0.7,896,1600,9,,,,,,,,244.6857730001284,uav0000268_05773_v
137,0.5022842242797071,0,baseline,0.09,0.7,896,1600,10,,,,,,,,258.1659630004651,uav0000268_05773_v
138,0.5022842242797071,0,baseline,0.09,0.7,896,1600,9,,,,,,,,273.5594539999511,uav0000268_05773_v
139,0.5022842242797071,0,baseline,0.09,0.7,896,1600,10,,,,,,,,264.4601359997978,uav0000268_05773_v
140,0.5022842242797071,0,baseline,0.09,0.7,896,1600,9,,,,,,,,250.71662699974692,uav0000268_05773_v
141,0.5052107284383045,1,baseline,0.09,0.7,896,1600,9,0.3,0.2222222222222222,1.0,0.0,0.0,0.5218384710297341,2020.1672231509128,281.74119499999506,uav0000268_05773_v
142,0.5052107284383045,0,baseline,0.09,0.7,896,1600,9,,,,,,,,267.34941199993045,uav0000268_05773_v
143,0.5052107284383045,0,baseline,0.09,0.7,896,1600,10,,,,,,,,224.9973529997078,uav0000268_05773_v
144,0.5052107284383045,0,baseline,0.09,0.7,896,1600,11,,,,,,,,252.02675299988184,uav0000268_05773_v
145,0.5052107284383045,0,baseline,0.09,0.7,896,1600,10,,,,,,,,271.49364600063564,uav0000268_05773_v
146,0.5052107284383045,0,baseline,0.09,0.7,896,1600,10,,,,,,,,257.43822700042074,uav0000268_05773_v
147,0.5052107284383045,0,baseline,0.09,0.7,896,1600,10,,,,,,,,258.32821400035755,uav0000268_05773_v
148,0.5052107284383045,0,baseline,0.09,0.7,896,1600,10,,,,,,,,276.7219639999894,uav0000268_05773_v
149,0.5052107284383045,0,baseline,0.09,0.7,896,1600,10,,,,,,,,257.576233000691,uav0000268_05773_v
150,0.5052107284383045,0,baseline,0.09,0.7,896,1600,10,,,,,,,,276.34034199945745,uav0000268_05773_v
151,0.5083785522778188,1,baseline,0.09,0.7,896,1600,11,0.3333333333333333,0.2,1.0,0.0,0.0,0.5212271708755905,2074.6433642100187,289.5317149996117,uav0000268_05773_v
152,0.5083785522778188,0,baseline,0.09,0.7,896,1600,10,,,,,,,,266.23456299967074,uav0000268_05773_v
153,0.5083785522778188,0,baseline,0.09,0.7,896,1600,11,,,,,,,,251.21411899999657,uav0000268_05773_v
154,0.5083785522778188,0,baseline,0.09,0.7,896,1600,11,,,,,,,,306.1163799993665,uav0000268_05773_v
155,0.5083785522778188,0,baseline,0.09,0.7,896,1600,10,,,,,,,,328.8126759998704,uav0000268_05773_v
156,0.5083785522778188,0,baseline,0.09,0.7,896,1600,11,,,,,,,,304.6143990004566,uav0000268_05773_v
157,0.5083785522778188,0,baseline,0.09,0.7,896,1600,13,,,,,,,,333.22044699980324,uav0000268_05773_v
158,0.5083785522778188,0,baseline,0.09,0.7,896,1600,10,,,,,,,,333.4780450004473,uav0000268_05773_v
159,0.5083785522778188,0,baseline,0.09,0.7,896,1600,11,,,,,,,,310.0026150004851,uav0000268_05773_v
160,0.5083785522778188,0,baseline,0.09,0.7,896,1600,12,,,,,,,,328.76282399956835,uav0000268_05773_v
161,0.5117236993570475,1,baseline,0.09,0.7,896,1600,11,0.4,0.1666666666666666,1.0,0.0,0.0,0.5224684335535917,2015.1540672539284,362.2372500003621,uav0000268_05773_v
162,0.5117236993570475,0,baseline,0.09,0.7,896,1600,11,,,,,,,,311.6279559999384,uav0000268_05773_v
163,0.5117236993570475,0,baseline,0.09,0.7,896,1600,11,,,,,,,,331.3114249995124,uav0000268_05773_v
164,0.5117236993570475,0,baseline,0.09,0.7,896,1600,10,,,,,,,,345.3471110005921,uav0000268_05773_v
165,0.5117236993570475,0,baseline,0.09,0.7,896,1600,10,,,,,,,,309.0282519997345,uav0000268_05773_v
166,0.5117236993570475,0,baseline,0.09,0.7,896,1600,10,,,,,,,,306.7611480000778,uav0000268_05773_v
167,0.5117236993570475,0,baseline,0.09,0.7,896,1600,10,,,,,,,,286.7825069997707,uav0000268_05773_v
168,0.5117236993570475,0,baseline,0.09,0.7,896,1600,11,,,,,,,,250.3514859999996,uav0000268_05773_v
169,0.5117236993570475,0,baseline,0.09,0.7,896,1600,11,,,,,,,,251.89288799992937,uav0000268_05773_v
170,0.5117236993570475,0,baseline,0.09,0.7,896,1600,10,,,,,,,,265.215626999634,uav0000268_05773_v
171,0.5148915231965618,1,baseline,0.09,0.7,896,1600,10,0.3333333333333333,0.2,1.0,0.0,0.0,0.5212271708755905,2066.459492903285,288.85329500008083,uav0000268_05773_v
172,0.5148915231965618,0,baseline,0.09,0.7,896,1600,9,,,,,,,,257.88418800038926,uav0000268_05773_v
173,0.5148915231965618,0,baseline,0.09,0.7,896,1600,11,,,,,,,,267.7898860001733,uav0000268_05773_v
174,0.5148915231965618,0,baseline,0.09,0.7,896,1600,10,,,,,,,,248.9158540001881,uav0000268_05773_v
175,0.5148915231965618,0,baseline,0.09,0.7,896,1600,11,,,,,,,,266.59428299990395,uav0000268_05773_v
176,0.5148915231965618,0,baseline,0.09,0.7,896,1600,12,,,,,,,,268.29545800046617,uav0000268_05773_v
177,0.5148915231965618,0,baseline,0.09,0.7,896,1600,10,,,,,,,,252.3343069997281,uav0000268_05773_v
178,0.5148915231965618,0,baseline,0.09,0.7,896,1600,11,,,,,,,,253.65336300001215,uav0000268_05773_v
179,0.5148915231965618,0,baseline,0.09,0.7,896,1600,11,,,,,,,,276.965508000103,uav0000268_05773_v
180,0.5148915231965618,0,baseline,0.09,0.7,896,1600,11,,,,,,,,249.87556199994287,uav0000268_05773_v
181,0.5181000113250316,1,baseline,0.09,0.7,896,1600,10,0.3666666666666666,0.1818181818181818,1.0,0.0,0.0,0.521511820898279,2024.9940540096327,283.428701000048,uav0000268_05773_v
182,0.5181000113250316,0,baseline,0.09,0.7,896,1600,10,,,,,,,,261.2087289999181,uav0000268_05773_v
183,0.5181000113250316,0,baseline,0.09,0.7,896,1600,10,,,,,,,,269.00178699997923,uav0000268_05773_v
184,0.5181000113250316,0,baseline,0.09,0.7,896,1600,10,,,,,,,,257.09009599995625,uav0000268_05773_v
185,0.5181000113250316,0,baseline,0.09,0.7,896,1600,11,,,,,,,,267.54829099991184,uav0000268_05773_v
186,0.5181000113250316,0,baseline,0.09,0.7,896,1600,11,,,,,,,,251.41153799995664,uav0000268_05773_v
187,0.5181000113250316,0,baseline,0.09,0.7,896,1600,11,,,,,,,,264.1602439998678,uav0000268_05773_v
188,0.5181000113250316,0,baseline,0.09,0.7,896,1600,10,,,,,,,,264.3653909999557,uav0000268_05773_v
189,0.5181000113250316,0,baseline,0.09,0.7,896,1600,10,,,,,,,,255.20099999994272,uav0000268_05773_v
190,0.5181000113250316,0,baseline,0.09,0.7,896,1600,11,,,,,,,,261.65502299954824,uav0000268_05773_v
191,0.521573151286665,1,baseline,0.09,0.7,896,1600,11,0.3666666666666666,0.1818181818181818,1.0,0.0,0.0,0.521511820898279,2067.830546070408,308.64146599924425,uav0000268_05773_v
192,0.521573151286665,0,baseline,0.09,0.7,896,1600,11,,,,,,,,257.6675480004269,uav0000268_05773_v
193,0.521573151286665,0,baseline,0.09,0.7,896,1600,12,,,,,,,,267.1974160002719,uav0000268_05773_v
194,0.521573151286665,0,baseline,0.09,0.7,896,1600,11,,,,,,,,265.2485870003147,uav0000268_05773_v
195,0.521573151286665,0,baseline,0.09,0.7,896,1600,10,,,,,,,,251.9398230006118,uav0000268_05773_v
196,0.521573151286665,0,baseline,0.09,0.7,896,1600,10,,,,,,,,256.03320299978805,uav0000268_05773_v
197,0.521573151286665,0,baseline,0.09,0.7,896,1600,11,,,,,,,,266.913540999667,uav0000268_05773_v
198,0.521573151286665,0,baseline,0.09,0.7,896,1600,11,,,,,,,,251.731510999889,uav0000268_05773_v
199,0.521573151286665,0,baseline,0.09,0.7,896,1600,11,,,,,,,,259.5679280002514,uav0000268_05773_v
200,0.521573151286665,0,baseline,0.09,0.7,896,1600,11,,,,,,,,267.36208600050304,uav0000268_05773_v
201,0.5216138155756205,1,baseline,0.09,0.7,896,1600,12,0.3666666666666666,0.1818181818181818,1.0,0.0,0.0,0.521511820898279,2060.3563972711468,275.9441809994314,uav0000268_05773_v
202,0.5216138155756205,0,baseline,0.09,0.7,896,1600,12,,,,,,,,253.20773199928223,uav0000268_05773_v
203,0.5216138155756205,0,baseline,0.09,0.7,896,1600,13,,,,,,,,265.91895799992926,uav0000268_05773_v
204,0.5216138155756205,0,baseline,0.09,0.7,896,1600,13,,,,,,,,286.806912999964,uav0000268_05773_v
205,0.5216138155756205,0,baseline,0.09,0.7,896,1600,10,,,,,,,,332.32705000045826,uav0000268_05773_v
206,0.5216138155756205,0,baseline,0.09,0.7,896,1600,12,,,,,,,,342.3283800002537,uav0000268_05773_v
207,0.5216138155756205,0,baseline,0.09,0.7,896,1600,13,,,,,,,,312.96307200045703,uav0000268_05773_v
208,0.5216138155756205,0,baseline,0.09,0.7,896,1600,12,,,,,,,,321.7186270003367,uav0000268_05773_v
209,0.5216138155756205,0,baseline,0.09,0.7,896,1600,11,,,,,,,,340.76134400038427,uav0000268_05773_v
210,0.5216138155756205,0,baseline,0.09,0.7,896,1600,12,,,,,,,,311.25983800029644,uav0000268_05773_v
211,0.5217038102218859,1,baseline,0.09,0.7,896,1600,11,0.4,0.1666666666666666,1.0,0.0,0.0,0.5224684335535917,2104.157204014455,351.2083440000424,uav0000268_05773_v
212,0.5217038102218859,0,baseline,0.09,0.7,896,1600,10,,,,,,,,336.6239200004202,uav0000268_05773_v
213,0.5217038102218859,0,baseline,0.09,0.7,896,1600,10,,,,,,,,312.2004480001124,uav0000268_05773_v
214,0.5217038102218859,0,baseline,0.09,0.7,896,1600,10,,,,,,,,324.87243299965485,uav0000268_05773_v
215,0.5217038102218859,0,baseline,0.09,0.7,896,1600,10,,,,,,,,338.786861000699,uav0000268_05773_v
216,0.5217038102218859,0,baseline,0.09,0.7,896,1600,11,,,,,,,,335.54487800029165,uav0000268_05773_v
217,0.5217038102218859,0,baseline,0.09,0.7,896,1600,11,,,,,,,,259.9239250002938,uav0000268_05773_v
218,0.5217038102218859,0,baseline,0.09,0.7,896,1600,11,,,,,,,,266.9059689997084,uav0000268_05773_v
219,0.5217038102218859,0,baseline,0.09,0.7,896,1600,10,,,,,,,,251.4874709995638,uav0000268_05773_v
220,0.5217038102218859,0,baseline,0.09,0.7,896,1600,12,,,,,,,,260.5309489999854,uav0000268_05773_v
221,0.5218811334616004,1,baseline,0.09,0.7,896,1600,13,0.4,0.1666666666666666,1.0,0.0,0.0,0.5224684335535917,2063.989299041831,289.17239600014,uav0000268_05773_v
222,0.5218811334616004,0,baseline,0.09,0.7,896,1600,12,,,,,,,,250.02989699987663,uav0000268_05773_v
223,0.5218811334616004,0,baseline,0.09,0.7,896,1600,13,,,,,,,,258.7376190003852,uav0000268_05773_v
224,0.5218811334616004,0,baseline,0.09,0.7,896,1600,13,,,,,,,,273.9333050003552,uav0000268_05773_v
225,0.5218811334616004,0,baseline,0.09,0.7,896,1600,12,,,,,,,,245.9315579999384,uav0000268_05773_v
226,0.5218811334616004,0,baseline,0.09,0.7,896,1600,12,,,,,,,,254.71266000022297,uav0000268_05773_v
227,0.5218811334616004,0,baseline,0.09,0.7,896,1600,12,,,,,,,,267.20760199987126,uav0000268_05773_v
228,0.5218811334616004,0,baseline,0.09,0.7,896,1600,11,,,,,,,,262.9316200000176,uav0000268_05773_v
229,0.5218811334616004,0,baseline,0.09,0.7,896,1600,12,,,,,,,,258.0538920001345,uav0000268_05773_v
230,0.5218811334616004,0,baseline,0.09,0.7,896,1600,12,,,,,,,,266.1639119996835,uav0000268_05773_v
231,0.5218811334616003,1,baseline,0.09,0.7,896,1600,12,0.4,0.1666666666666666,1.0,0.0,0.0,0.5224684335535917,2089.399975603888,279.3857349997779,uav0000268_05773_v
232,0.5218811334616003,0,baseline,0.09,0.7,896,1600,13,,,,,,,,273.85522599979595,uav0000268_05773_v
233,0.5218811334616003,0,baseline,0.09,0.7,896,1600,12,,,,,,,,270.0921140003629,uav0000268_05773_v
234,0.5218811334616003,0,baseline,0.09,0.7,896,1600,12,,,,,,,,257.3683790005816,uav0000268_05773_v
235,0.5218811334616003,0,baseline,0.09,0.7,896,1600,12,,,,,,,,258.45886599927326,uav0000268_05773_v
236,0.5218811334616003,0,baseline,0.09,0.7,896,1600,12,,,,,,,,262.45772299989767,uav0000268_05773_v
237,0.5218811334616003,0,baseline,0.09,0.7,896,1600,12,,,,,,,,248.76367900014884,uav0000268_05773_v
238,0.5218811334616003,0,baseline,0.09,0.7,896,1600,13,,,,,,,,255.3995930002202,uav0000268_05773_v
239,0.5218811334616003,0,baseline,0.09,0.7,896,1600,13,,,,,,,,270.3539510002884,uav0000268_05773_v
240,0.5218811334616003,0,baseline,0.09,0.7,896,1600,13,,,,,,,,251.58392299999832,uav0000268_05773_v
241,0.5222689576996149,1,baseline,0.09,0.7,896,1600,13,0.4333333333333333,0.1538461538461538,1.0,0.0,0.0,0.5239419405416924,2034.4764506968224,278.04432199991425,uav0000268_05773_v
242,0.5222689576996149,0,baseline,0.09,0.7,896,1600,13,,,,,,,,268.1186350000644,uav0000268_05773_v
243,0.5222689576996149,0,baseline,0.09,0.7,896,1600,14,,,,,,,,250.65810799969768,uav0000268_05773_v
244,0.5222689576996149,0,baseline,0.09,0.7,896,1600,12,,,,,,,,253.7348980004026,uav0000268_05773_v
245,0.5222689576996149,0,baseline,0.09,0.7,896,1600,14,,,,,,,,269.04034100061835,uav0000268_05773_v
246,0.5222689576996149,0,baseline,0.09,0.7,896,1600,15,,,,,,,,250.78170799952204,uav0000268_05773_v
247,0.5222689576996149,0,baseline,0.09,0.7,896,1600,14,,,,,,,,255.494345000443,uav0000268_05773_v
248,0.5222689576996149,0,baseline,0.09,0.7,896,1600,14,,,,,,,,265.69959099924745,uav0000268_05773_v
249,0.5222689576996149,0,baseline,0.09,0.7,896,1600,13,,,,,,,,251.2803529998564,uav0000268_05773_v
250,0.5222689576996149,0,baseline,0.09,0.7,896,1600,13,,,,,,,,257.53125899973384,uav0000268_05773_v
251,0.5226161176486739,1,baseline,0.09,0.7,896,1600,15,0.4333333333333333,0.1538461538461538,1.0,0.0,0.0,0.5239419405416924,2110.706823495069,289.1094279993922,uav0000268_05773_v
252,0.5226161176486739,0,baseline,0.09,0.7,896,1600,16,,,,,,,,250.13801499972035,uav0000268_05773_v
253,0.5226161176486739,0,baseline,0.09,0.7,896,1600,16,,,,,,,,257.48635299987654,uav0000268_05773_v
254,0.5226161176486739,0,baseline,0.09,0.7,896,1600,15,,,,,,,,268.74360800047725,uav0000268_05773_v
255,0.5226161176486739,0,baseline,0.09,0.7,896,1600,14,,,,,,,,298.48523900000146,uav0000268_05773_v
256,0.5226161176486739,0,baseline,0.09,0.7,896,1600,15,,,,,,,,326.7962540003282,uav0000268_05773_v
257,0.5226161176486739,0,baseline,0.09,0.7,896,1600,14,,,,,,,,326.7256709996218,uav0000268_05773_v
258,0.5226161176486739,0,baseline,0.09,0.7,896,1600,16,,,,,,,,312.11178799912886,uav0000268_05773_v
259,0.5226161176486739,0,baseline,0.09,0.7,896,1600,16,,,,,,,,338.2815200002369,uav0000268_05773_v
260,0.5226161176486739,0,baseline,0.09,0.7,896,1600,16,,,,,,,,336.9470050001837,uav0000268_05773_v
261,0.5238993790387404,1,baseline,0.09,0.7,896,1600,15,0.5333333333333333,0.125,1.0,0.0,0.0,0.5304946506287445,2091.561928127765,353.06186500019976,uav0000268_05773_v
262,0.5238993790387404,0,baseline,0.09,0.7,896,1600,15,,,,,,,,335.1102919996265,uav0000268_05773_v
263,0.5238993790387404,0,baseline,0.09,0.7,896,1600,14,,,,,,,,339.65598799932195,uav0000268_05773_v
264,0.5238993790387404,0,baseline,0.09,0.7,896,1600,14,,,,,,,,326.8039110007521,uav0000268_05773_v
265,0.5238993790387404,0,baseline,0.09,0.7,896,1600,13,,,,,,,,333.07748599963816,uav0000268_05773_v
266,0.5238993790387404,0,baseline,0.09,0.7,896,1600,13,,,,,,,,354.66876100053923,uav0000268_05773_v
267,0.5238993790387404,0,baseline,0.09,0.7,896,1600,14,,,,,,,,311.33157200019923,uav0000268_05773_v
268,0.5238993790387404,0,baseline,0.09,0.7,896,1600,16,,,,,,,,259.19477800016466,uav0000268_05773_v
269,0.5238993790387404,0,baseline,0.09,0.7,896,1600,17,,,,,,,,276.13226599987684,uav0000268_05773_v
270,0.5238993790387404,0,baseline,0.09,0.7,896,1600,16,,,,,,,,253.3981960004894,uav0000268_05773_v
271,0.525182640428807,1,baseline,0.09,0.7,896,1600,16,0.5333333333333333,0.125,1.0,0.0,0.0,0.5304946506287445,2135.3156920978327,278.93168900027376,uav0000268_05773_v
272,0.525182640428807,0,baseline,0.09,0.7,896,1600,15,,,,,,,,268.9869850000832,uav0000268_05773_v
273,0.525182640428807,0,baseline,0.09,0.7,896,1600,15,,,,,,,,257.4555440005497,uav0000268_05773_v
274,0.525182640428807,0,baseline,0.09,0.7,896,1600,15,,,,,,,,256.1602720006704,uav0000268_05773_v
275,0.525182640428807,0,baseline,0.09,0.7,896,1600,16,,,,,,,,268.5311739996905,uav0000268_05773_v
276,0.525182640428807,0,baseline,0.09,0.7,896,1600,14,,,,,,,,253.16793499951015,uav0000268_05773_v
277,0.525182640428807,0,baseline,0.09,0.7,896,1600,14,,,,,,,,255.82177500018588,uav0000268_05773_v
278,0.525182640428807,0,baseline,0.09,0.7,896,1600,14,,,,,,,,264.9465300000884,uav0000268_05773_v
279,0.525182640428807,0,baseline,0.09,0.7,896,1600,16,,,,,,,,250.8713560000615,uav0000268_05773_v
280,0.525182640428807,0,baseline,0.09,0.7,896,1600,16,,,,,,,,255.3155859995968,uav0000268_05773_v
281,0.5263292428681146,1,baseline,0.09,0.7,896,1600,16,0.5333333333333333,0.125,1.0,0.0,0.0,0.5304946506287445,2050.449153455161,292.3961340002279,uav0000268_05773_v
282,0.5263292428681146,0,baseline,0.09,0.7,896,1600,16,,,,,,,,250.3986970004917,uav0000268_05773_v
283,0.5263292428681146,0,baseline,0.09,0.7,896,1600,17,,,,,,,,256.97683799990045,uav0000268_05773_v
284,0.5263292428681146,0,baseline,0.09,0.7,896,1600,16,,,,,,,,267.7533969999786,uav0000268_05773_v
285,0.5263292428681146,0,baseline,0.09,0.7,896,1600,16,,,,,,,,250.35863399989464,uav0000268_05773_v
286,0.5263292428681146,0,baseline,0.09,0.7,896,1600,16,,,,,,,,258.62188799965224,uav0000268_05773_v
287,0.5263292428681146,0,baseline,0.09,0.7,896,1600,16,,,,,,,,263.9766639995287,uav0000268_05773_v
288,0.5263292428681146,0,baseline,0.09,0.7,896,1600,16,,,,,,,,252.51801299964427,uav0000268_05773_v
289,0.5263292428681146,0,baseline,0.09,0.7,896,1600,16,,,,,,,,254.4125289996373,uav0000268_05773_v
290,0.5263292428681146,0,baseline,0.09,0.7,896,1600,17,,,,,,,,267.81220199973177,uav0000268_05773_v
291,0.5278595493437048,1,baseline,0.09,0.7,896,1600,17,0.5666666666666667,0.1176470588235294,1.0,0.0,0.0,0.5331805788827226,2084.3769221526823,275.0460569995994,uav0000268_05773_v
292,0.5278595493437048,0,baseline,0.09,0.7,896,1600,15,,,,,,,,259.70087200039416,uav0000268_05773_v
293,0.5278595493437048,0,baseline,0.09,0.7,896,1600,14,,,,,,,,266.95593600015854,uav0000268_05773_v
294,0.5278595493437048,0,baseline,0.09,0.7,896,1600,16,,,,,,,,253.2585640001344,uav0000268_05773_v
295,0.5278595493437048,0,baseline,0.09,0.7,896,1600,15,,,,,,,,255.79780600037336,uav0000268_05773_v
296,0.5278595493437048,0,baseline,0.09,0.7,896,1600,17,,,,,,,,271.8623930004469,uav0000268_05773_v
297,0.5278595493437048,0,baseline,0.09,0.7,896,1600,15,,,,,,,,251.60653500006447,uav0000268_05773_v
298,0.5278595493437048,0,baseline,0.09,0.7,896,1600,14,,,,,,,,260.3124810002555,uav0000268_05773_v
299,0.5278595493437048,0,baseline,0.09,0.7,896,1600,14,,,,,,,,276.8982870002219,uav0000268_05773_v
300,0.5278595493437048,0,baseline,0.09,0.7,896,1600,15,,,,,,,,253.98842799950216,uav0000268_05773_v
301,0.5265416222835194,1,baseline,0.09,0.7,896,1600,13,0.5,0.0666666666666666,1.0,0.0,0.0,0.5132429441322939,2055.231403112006,275.62738199958403,uav0000268_05773_v
302,0.5265416222835194,0,baseline,0.09,0.7,896,1600,13,,,,,,,,268.6978090005141,uav0000268_05773_v
303,0.5265416222835194,0,baseline,0.09,0.7,896,1600,14,,,,,,,,254.55428399982335,uav0000268_05773_v
304,0.5265416222835194,0,baseline,0.09,0.7,896,1600,17,,,,,,,,286.3839720002943,uav0000268_05773_v
305,0.5265416222835194,0,baseline,0.09,0.7,896,1600,15,,,,,,,,298.08234099982656,uav0000268_05773_v
306,0.5265416222835194,0,baseline,0.09,0.7,896,1600,16,,,,,,,,314.7542389997397,uav0000268_05773_v
307,0.5265416222835194,0,baseline,0.09,0.7,896,1600,16,,,,,,,,329.26697000038985,uav0000268_05773_v
308,0.5265416222835194,0,baseline,0.09,0.7,896,1600,16,,,,,,,,336.8812779999644,uav0000268_05773_v
309,0.5265416222835194,0,baseline,0.09,0.7,896,1600,18,,,,,,,,312.6870169999165,uav0000268_05773_v
310,0.5265416222835194,0,baseline,0.09,0.7,896,1600,17,,,,,,,,321.1353320002672,uav0000268_05773_v
311,0.5315882793367084,1,baseline,0.09,0.7,896,1600,14,0.5666666666666667,0.2352941176470588,1.0,0.0,0.0,0.5592685399140166,2097.178157674876,392.633645999922,uav0000268_05773_v
312,0.5315882793367084,0,baseline,0.09,0.7,896,1600,15,,,,,,,,322.6824659996055,uav0000268_05773_v
313,0.5315882793367084,0,baseline,0.09,0.7,896,1600,17,,,,,,,,326.5962909999871,uav0000268_05773_v
314,0.5315882793367084,0,baseline,0.09,0.7,896,1600,16,,,,,,,,352.6296820000425,uav0000268_05773_v
315,0.5315882793367084,0,baseline,0.09,0.7,896,1600,14,,,,,,,,317.76622500001395,uav0000268_05773_v
316,0.5315882793367084,0,baseline,0.09,0.7,896,1600,17,,,,,,,,326.15518999955384,uav0000268_05773_v
317,0.5315882793367084,0,baseline,0.09,0.7,896,1600,15,,,,,,,,339.8041380005452,uav0000268_05773_v
318,0.5315882793367084,0,baseline,0.09,0.7,896,1600,16,,,,,,,,250.4413070000737,uav0000268_05773_v
319,0.5315882793367084,0,baseline,0.09,0.7,896,1600,16,,,,,,,,259.3393749993993,uav0000268_05773_v
320,0.5315882793367084,0,baseline,0.09,0.7,896,1600,15,,,,,,,,275.4929960001391,uav0000268_05773_v
321,0.5300598512782229,1,baseline,0.09,0.7,896,1600,16,0.5,0.0666666666666666,1.0,0.0,0.0,0.5132429441322939,1955.5195955190616,309.9489780006479,uav0000268_05773_v
322,0.5300598512782229,0,baseline,0.09,0.7,896,1600,14,,,,,,,,268.0705719994876,uav0000268_05773_v
323,0.5300598512782229,0,baseline,0.09,0.7,896,1600,15,,,,,,,,270.00542399946426,uav0000268_05773_v
324,0.5300598512782229,0,baseline,0.09,0.7,896,1600,14,,,,,,,,255.92691300062145,uav0000268_05773_v
325,0.5300598512782229,0,baseline,0.09,0.7,896,1600,14,,,,,,,,276.49314099926414,uav0000268_05773_v
326,0.5300598512782229,0,baseline,0.09,0.7,896,1600,14,,,,,,,,278.015953999784,uav0000268_05773_v
327,0.5300598512782229,0,baseline,0.09,0.7,896,1600,15,,,,,,,,258.52050699995743,uav0000268_05773_v
328,0.5300598512782229,0,baseline,0.09,0.7,896,1600,14,,,,,,,,256.07488800051215,uav0000268_05773_v
329,0.5300598512782229,0,baseline,0.09,0.7,896,1600,13,,,,,,,,275.5020489994422,uav0000268_05773_v
330,0.5300598512782229,0,baseline,0.09,0.7,896,1600,14,,,,,,,,253.37717899947165,uav0000268_05773_v
331,0.5271295382732163,1,baseline,0.09,0.7,896,1600,13,0.4666666666666667,0.0714285714285714,1.0,0.0,0.0,0.5099824595936979,2044.7509302152655,283.0175740000413,uav0000268_05773_v
332,0.5271295382732163,0,baseline,0.09,0.7,896,1600,14,,,,,,,,264.06934799979354,uav0000268_05773_v
333,0.5271295382732163,0,baseline,0.09,0.7,896,1600,14,,,,,,,,260.869133999222,uav0000268_05773_v
334,0.5271295382732163,0,baseline,0.09,0.7,896,1600,13,,,,,,,,259.7036580000349,uav0000268_05773_v
335,0.5271295382732163,0,baseline,0.09,0.7,896,1600,14,,,,,,,,271.421317000204,uav0000268_05773_v
336,0.5271295382732163,0,baseline,0.09,0.7,896,1600,15,,,,,,,,252.91390099937416,uav0000268_05773_v
337,0.5271295382732163,0,baseline,0.09,0.7,896,1600,15,,,,,,,,273.90050400026666,uav0000268_05773_v
338,0.5271295382732163,0,baseline,0.09,0.7,896,1600,14,,,,,,,,269.99069300018164,uav0000268_05773_v
339,0.5271295382732163,0,baseline,0.09,0.7,896,1600,14,,,,,,,,250.36101000023336,uav0000268_05773_v
340,0.5271295382732163,0,baseline,0.09,0.7,896,1600,14,,,,,,,,264.91186900057073,uav0000268_05773_v
341,0.5241992252682097,1,baseline,0.09,0.7,896,1600,14,0.4666666666666667,0.0714285714285714,1.0,0.0,0.0,0.5099824595936979,1930.4366295412133,308.34118599977955,uav0000268_05773_v
342,0.5241992252682097,0,baseline,0.09,0.7,896,1600,15,,,,,,,,249.0282090002438,uav0000268_05773_v
343,0.5241992252682097,0,baseline,0.09,0.7,896,1600,14,,,,,,,,254.7288620007748,uav0000268_05773_v
344,0.5241992252682097,0,baseline,0.09,0.7,896,1600,14,,,,,,,,270.8284820000699,uav0000268_05773_v
345,0.5241992252682097,0,baseline,0.09,0.7,896,1600,15,,,,,,,,247.79341199973717,uav0000268_05773_v
346,0.5241992252682097,0,baseline,0.09,0.7,896,1600,16,,,,,,,,256.0215550001885,uav0000268_05773_v
347,0.5241992252682097,0,baseline,0.09,0.7,896,1600,15,,,,,,,,267.9423179997684,uav0000268_05773_v
348,0.5241992252682097,0,baseline,0.09,0.7,896,1600,14,,,,,,,,260.5319129997952,uav0000268_05773_v
349,0.5241992252682097,0,baseline,0.09,0.7,896,1600,14,,,,,,,,253.0114959999992,uav0000268_05773_v
350,0.5241992252682097,0,baseline,0.09,0.7,896,1600,15,,,,,,,,270.4257360001065,uav0000268_05773_v
351,0.5217346957687168,1,baseline,0.09,0.7,896,1600,15,0.5,0.0666666666666666,1.0,0.0,0.0,0.5132429441322939,2007.5784315581068,293.52996399939,uav0000268_05773_v
352,0.5217346957687168,0,baseline,0.09,0.7,896,1600,14,,,,,,,,257.2035560006043,uav0000268_05773_v
353,0.5217346957687168,0,baseline,0.09,0.7,896,1600,14,,,,,,,,273.804561000361,uav0000268_05773_v
354,0.5217346957687168,0,baseline,0.09,0.7,896,1600,13,,,,,,,,272.5718069996219,uav0000268_05773_v
355,0.5217346957687168,0,baseline,0.09,0.7,896,1600,15,,,,,,,,288.9892129996952,uav0000268_05773_v
356,0.5217346957687168,0,baseline,0.09,0.7,896,1600,13,,,,,,,,340.1314539996747,uav0000268_05773_v
357,0.5217346957687168,0,baseline,0.09,0.7,896,1600,14,,,,,,,,324.7242780007582,uav0000268_05773_v
358,0.5217346957687168,0,baseline,0.09,0.7,896,1600,15,,,,,,,,328.27617400016607,uav0000268_05773_v
359,0.5217346957687168,0,baseline,0.09,0.7,896,1600,15,,,,,,,,352.9563659994892,uav0000268_05773_v
360,0.5217346957687168,0,baseline,0.09,0.7,896,1600,14,,,,,,,,321.11434300077235,uav0000268_05773_v
361,0.522946141355305,1,baseline,0.09,0.7,896,1600,14,0.4666666666666667,0.2142857142857142,1.0,0.0,0.0,0.5416606979888406,1940.4828324043672,367.46247299925017,uav0000268_05773_v
362,0.522946141355305,0,baseline,0.09,0.7,896,1600,14,,,,,,,,334.3325719997665,uav0000268_05773_v
363,0.522946141355305,0,baseline,0.09,0.7,896,1600,14,,,,,,,,315.4946639997433,uav0000268_05773_v
364,0.522946141355305,0,baseline,0.09,0.7,896,1600,14,,,,,,,,323.20017799975176,uav0000268_05773_v
365,0.522946141355305,0,baseline,0.09,0.7,896,1600,14,,,,,,,,336.32047300034174,uav0000268_05773_v
366,0.522946141355305,0,baseline,0.09,0.7,896,1600,14,,,,,,,,320.09520399969915,uav0000268_05773_v
367,0.522946141355305,0,baseline,0.09,0.7,896,1600,16,,,,,,,,325.305680999918,uav0000268_05773_v
368,0.522946141355305,0,baseline,0.09,0.7,896,1600,14,,,,,,,,272.1427250007764,uav0000268_05773_v
369,0.522946141355305,0,baseline,0.09,0.7,896,1600,15,,,,,,,,265.6706419993497,uav0000268_05773_v
370,0.522946141355305,0,baseline,0.09,0.7,896,1600,14,,,,,,,,259.91030400018644,uav0000268_05773_v
371,0.52474308916373,1,baseline,0.09,0.7,896,1600,14,0.4666666666666667,0.1428571428571428,1.0,0.0,0.0,0.5258215787912693,2061.4913822014087,290.4144099993573,uav0000268_05773_v
372,0.52474308916373,0,baseline,0.09,0.7,896,1600,15,,,,,,,,249.6036449992971,uav0000268_05773_v
373,0.52474308916373,0,baseline,0.09,0.7,896,1600,14,,,,,,,,265.05817500037665,uav0000268_05773_v
374,0.52474308916373,0,baseline,0.09,0.7,896,1600,16,,,,,,,,264.895281000463,uav0000268_05773_v
375,0.52474308916373,0,baseline,0.09,0.7,896,1600,14,,,,,,,,257.0192290004343,uav0000268_05773_v
376,0.52474308916373,0,baseline,0.09,0.7,896,1600,14,,,,,,,,256.48322200049734,uav0000268_05773_v
377,0.52474308916373,0,baseline,0.09,0.7,896,1600,14,,,,,,,,276.35053700032586,uav0000268_05773_v
378,0.52474308916373,0,baseline,0.09,0.7,896,1600,14,,,,,,,,252.36378800036616,uav0000268_05773_v
379,0.52474308916373,0,baseline,0.09,0.7,896,1600,14,,,,,,,,258.1305550002071,uav0000268_05773_v
380,0.52474308916373,0,baseline,0.09,0.7,896,1600,14,,,,,,,,271.70603000013216,uav0000268_05773_v
381,0.5199649518604804,1,baseline,0.09,0.7,896,1600,14,0.4666666666666667,0.1428571428571428,1.0,0.0,0.0,0.5258215787912693,2006.647542406777,286.3846469999771,uav0000268_05773_v
382,0.5199649518604804,0,baseline,0.09,0.7,896,1600,14,,,,,,,,256.7449349999152,uav0000268_05773_v
383,0.5199649518604804,0,baseline,0.09,0.7,896,1600,15,,,,,,,,267.38651400046365,uav0000268_05773_v
384,0.5199649518604804,0,baseline,0.09,0.7,896,1600,14,,,,,,,,257.178501999988,uav0000268_05773_v
385,0.5199649518604804,0,baseline,0.09,0.7,896,1600,14,,,,,,,,271.493943000678,uav0000268_05773_v
386,0.5199649518604804,0,baseline,0.09,0.7,896,1600,16,,,,,,,,266.4906290001454,uav0000268_05773_v
387,0.5199649518604804,0,baseline,0.09,0.7,896,1600,16,,,,,,,,254.8310729998775,uav0000268_05773_v
388,0.5199649518604804,0,baseline,0.09,0.7,896,1600,14,,,,,,,,265.98742499936634,uav0000268_05773_v
389,0.5199649518604804,0,baseline,0.09,0.7,896,1600,13,,,,,,,,277.6897160001681,uav0000268_05773_v
390,0.5199649518604804,0,baseline,0.09,0.7,896,1600,13,,,,,,,,264.25561499945616,uav0000268_05773_v
391,0.5214933799189658,1,baseline,0.09,0.7,896,1600,15,0.4333333333333333,0.1538461538461538,1.0,0.0,0.0,0.5239419405416924,2024.6122105598988,289.34841999944183,uav0000268_05773_v
392,0.5214933799189658,0,baseline,0.09,0.7,896,1600,13,,,,,,,,277.84571099982713,uav0000268_05773_v
393,0.5214933799189658,0,baseline,0.09,0.7,896,1600,15,,,,,,,,255.3707819997726,uav0000268_05773_v
394,0.5214933799189658,0,baseline,0.09,0.7,896,1600,15,,,,,,,,268.9496449993385,uav0000268_05773_v
395,0.5214933799189658,0,baseline,0.09,0.7,896,1600,15,,,,,,,,270.19586700043874,uav0000268_05773_v
396,0.5214933799189658,0,baseline,0.09,0.7,896,1600,14,,,,,,,,255.8124890001636,uav0000268_05773_v
397,0.5214933799189658,0,baseline,0.09,0.7,896,1600,14,,,,,,,,263.8469220000843,uav0000268_05773_v
398,0.5214933799189658,0,baseline,0.09,0.7,896,1600,13,,,,,,,,277.2577369996725,uav0000268_05773_v
399,0.5214933799189658,0,baseline,0.09,0.7,896,1600,14,,,,,,,,266.43769499969494,uav0000268_05773_v
400,0.5214933799189658,0,baseline,0.09,0.7,896,1600,14,,,,,,,,268.6205649997646,uav0000268_05773_v
401,0.5237561112329047,1,baseline,0.09,0.7,896,1600,14,0.4666666666666667,0.1428571428571428,1.0,0.0,0.0,0.5258215787912693,1988.532359850689,293.0812610002249,uav0000268_05773_v
402,0.5237561112329047,0,baseline,0.09,0.7,896,1600,14,,,,,,,,257.36143899939634,uav0000268_05773_v
403,0.5237561112329047,0,baseline,0.09,0.7,896,1600,13,,,,,,,,264.78177099943423,uav0000268_05773_v
404,0.5237561112329047,0,baseline,0.09,0.7,896,1600,13,,,,,,,,281.90938099942286,uav0000268_05773_v
405,0.5237561112329047,0,baseline,0.09,0.7,896,1600,12,,,,,,,,330.6385070000033,uav0000268_05773_v
406,0.5237561112329047,0,baseline,0.09,0.7,896,1600,12,,,,,,,,327.5957080004446,uav0000268_05773_v
407,0.5237561112329047,0,baseline,0.09,0.7,896,1600,13,,,,,,,,344.2564189999757,uav0000268_05773_v
408,0.5237561112329047,0,baseline,0.09,0.7,896,1600,12,,,,,,,,313.16371699995216,uav0000268_05773_v
409,0.5237561112329047,0,baseline,0.09,0.7,896,1600,11,,,,,,,,335.6031149996852,uav0000268_05773_v
410,0.5237561112329047,0,baseline,0.09,0.7,896,1600,12,,,,,,,,345.0912910002444,uav0000268_05773_v
411,0.5255398217986037,1,baseline,0.09,0.7,896,1600,11,0.4,0.1666666666666666,1.0,0.0,0.0,0.5224684335535917,2059.842816701999,354.2800230006833,uav0000268_05773_v
412,0.5255398217986037,0,baseline,0.09,0.7,896,1600,11,,,,,,,,327.8336049997961,uav0000268_05773_v
413,0.5255398217986037,0,baseline,0.09,0.7,896,1600,13,,,,,,,,340.99609600070835,uav0000268_05773_v
414,0.5255398217986037,0,baseline,0.09,0.7,896,1600,12,,,,,,,,327.39373499953217,uav0000268_05773_v
415,0.5255398217986037,0,baseline,0.09,0.7,896,1600,11,,,,,,,,346.39420900020923,uav0000268_05773_v
416,0.5255398217986037,0,baseline,0.09,0.7,896,1600,13,,,,,,,,329.66254300026776,uav0000268_05773_v
417,0.5255398217986037,0,baseline,0.09,0.7,896,1600,13,,,,,,,,295.2346629999738,uav0000268_05773_v
418,0.5255398217986037,0,baseline,0.09,0.7,896,1600,12,,,,,,,,261.96998700015683,uav0000268_05773_v
419,0.5255398217986037,0,baseline,0.09,0.7,896,1600,14,,,,,,,,275.28900299967063,uav0000268_05773_v
420,0.5255398217986037,0,baseline,0.09,0.7,896,1600,13,,,,,,,,255.23226499990412,uav0000268_05773_v
421,0.5270682498570892,1,baseline,0.09,0.7,896,1600,12,0.4333333333333333,0.1538461538461538,1.0,0.0,0.0,0.5239419405416924,2014.6891736111077,290.9717829998044,uav0000268_05773_v
422,0.5270682498570892,0,baseline,0.09,0.7,896,1600,11,,,,,,,,268.1719299998804,uav0000268_05773_v
423,0.5270682498570892,0,baseline,0.09,0.7,896,1600,11,,,,,,,,258.0851789998633,uav0000268_05773_v
424,0.5270682498570892,0,baseline,0.09,0.7,896,1600,14,,,,,,,,261.440577999565,uav0000268_05773_v
425,0.5270682498570892,0,baseline,0.09,0.7,896,1600,12,,,,,,,,287.28463599964016,uav0000268_05773_v
426,0.5270682498570892,0,baseline,0.09,0.7,896,1600,12,,,,,,,,254.93512699995333,uav0000268_05773_v
427,0.5270682498570892,0,baseline,0.09,0.7,896,1600,13,,,,,,,,260.95298400014144,uav0000268_05773_v
428,0.5270682498570892,0,baseline,0.09,0.7,896,1600,13,,,,,,,,274.57348499956424,uav0000268_05773_v
429,0.5270682498570892,0,baseline,0.09,0.7,896,1600,12,,,,,,,,258.9096650008287,uav0000268_05773_v
430,0.5270682498570892,0,baseline,0.09,0.7,896,1600,13,,,,,,,,258.1834979991981,uav0000268_05773_v
431,0.5245369987932109,1,baseline,0.09,0.7,896,1600,13,0.4333333333333333,0.1538461538461538,1.0,0.0,0.0,0.5239419405416924,2049.4537569537883,292.62898599972686,uav0000268_05773_v
432,0.5245369987932109,0,baseline,0.09,0.7,896,1600,14,,,,,,,,252.8257020003366,uav0000268_05773_v
433,0.5245369987932109,0,baseline,0.09,0.7,896,1600,13,,,,,,,,258.6047189997771,uav0000268_05773_v
434,0.5245369987932109,0,baseline,0.09,0.7,896,1600,13,,,,,,,,270.1570769995669,uav0000268_05773_v
435,0.5245369987932109,0,baseline,0.09,0.7,896,1600,13,,,,,,,,254.1339910003444,uav0000268_05773_v
436,0.5245369987932109,0,baseline,0.09,0.7,896,1600,13,,,,,,,,267.4377729999833,uav0000268_05773_v
437,0.5245369987932109,0,baseline,0.09,0.7,896,1600,14,,,,,,,,266.72816300015256,uav0000268_05773_v
438,0.5245369987932109,0,baseline,0.09,0.7,896,1600,12,,,,,,,,262.2193700008211,uav0000268_05773_v
439,0.5245369987932109,0,baseline,0.09,0.7,896,1600,12,,,,,,,,269.2774130000544,uav0000268_05773_v
440,0.5245369987932109,0,baseline,0.09,0.7,896,1600,13,,,,,,,,269.82145700003457,uav0000268_05773_v
441,0.5242684790432713,1,baseline,0.09,0.7,896,1600,12,0.4333333333333333,0.1538461538461538,1.0,0.0,0.0,0.5239419405416924,2003.0357247413103,277.7690339999026,uav0000268_05773_v
442,0.5242684790432713,0,baseline,0.09,0.7,896,1600,12,,,,,,,,258.5108319999563,uav0000268_05773_v
443,0.5242684790432713,0,baseline,0.09,0.7,896,1600,13,,,,,,,,271.1679540007026,uav0000268_05773_v
444,0.5242684790432713,0,baseline,0.09,0.7,896,1600,13,,,,,,,,268.5646359996099,uav0000268_05773_v
445,0.5242684790432713,0,baseline,0.09,0.7,896,1600,15,,,,,,,,267.902287000652,uav0000268_05773_v
446,0.5242684790432713,0,baseline,0.09,0.7,896,1600,14,,,,,,,,273.46254299936845,uav0000268_05773_v
447,0.5242684790432713,0,baseline,0.09,0.7,896,1600,11,,,,,,,,257.2612060002939,uav0000268_05773_v
448,0.5242684790432713,0,baseline,0.09,0.7,896,1600,13,,,,,,,,275.54716899976484,uav0000268_05773_v
449,0.5242684790432713,0,baseline,0.09,0.7,896,1600,12,,,,,,,,273.1818080001176,uav0000268_05773_v
450,0.5242684790432713,0,baseline,0.09,0.7,896,1600,13,,,,,,,,255.03934799962732,uav0000268_05773_v
451,0.5239999592933319,1,baseline,0.09,0.7,896,1600,13,0.4333333333333333,0.1538461538461538,1.0,0.0,0.0,0.5239419405416924,2053.7826786004625,283.2243250004467,uav0000268_05773_v
452,0.5239999592933319,0,baseline,0.09,0.7,896,1600,13,,,,,,,,278.4455569999409,uav0000268_05773_v
453,0.5239999592933319,0,baseline,0.09,0.7,896,1600,13,,,,,,,,249.85056599962263,uav0000268_05773_v
454,0.5239999592933319,0,baseline,0.09,0.7,896,1600,12,,,,,,,,263.54895799977385,uav0000268_05773_v
455,0.5239999592933319,0,baseline,0.09,0.7,896,1600,13,,,,,,,,338.7457329999961,uav0000268_05773_v
456,0.5239999592933319,0,baseline,0.09,0.7,896,1600,13,,,,,,,,326.0283780000464,uav0000268_05773_v
457,0.5239999592933319,0,baseline,0.09,0.7,896,1600,12,,,,,,,,323.37164699947607,uav0000268_05773_v
458,0.5239999592933319,0,baseline,0.09,0.7,896,1600,12,,,,,,,,334.5145160001266,uav0000268_05773_v
459,0.5239999592933319,0,baseline,0.09,0.7,896,1600,13,,,,,,,,337.2617449995232,uav0000268_05773_v
460,0.5239999592933319,0,baseline,0.09,0.7,896,1600,14,,,,,,,,325.1129939999373,uav0000268_05773_v
461,0.528793941671149,1,baseline,0.09,0.7,896,1600,15,0.4666666666666667,0.2857142857142857,1.0,0.0,0.0,0.5574998171864121,2028.1866911542736,366.7284639996069,uav0000268_05773_v
462,0.528793941671149,0,baseline,0.09,0.7,896,1600,14,,,,,,,,343.2633240008727,uav0000268_05773_v
463,0.528793941671149,0,baseline,0.09,0.7,896,1600,13,,,,,,,,323.1905510001525,uav0000268_05773_v
464,0.528793941671149,0,baseline,0.09,0.7,896,1600,14,,,,,,,,332.4657869998191,uav0000268_05773_v
465,0.528793941671149,0,baseline,0.09,0.7,896,1600,15,,,,,,,,328.8747529995817,uav0000268_05773_v
466,0.528793941671149,0,baseline,0.09,0.7,896,1600,16,,,,,,,,328.7884239998675,uav0000268_05773_v
467,0.528793941671149,0,baseline,0.09,0.7,896,1600,16,,,,,,,,341.175800000201,uav0000268_05773_v
468,0.528793941671149,0,baseline,0.09,0.7,896,1600,16,,,,,,,,253.97205999979636,uav0000268_05773_v
469,0.528793941671149,0,baseline,0.09,0.7,896,1600,16,,,,,,,,270.69137699982093,uav0000268_05773_v
470,0.528793941671149,0,baseline,0.09,0.7,896,1600,16,,,,,,,,268.0706889996145,uav0000268_05773_v
471,0.5354011930613061,1,baseline,0.09,0.7,896,1600,16,0.5333333333333333,0.3125,1.0,0.0,0.0,0.5720723385223694,2066.483079368008,276.82497699970554,uav0000268_05773_v
472,0.5354011930613061,0,baseline,0.09,0.7,896,1600,18,,,,,,,,257.8735390006841,uav0000268_05773_v
473,0.5354011930613061,0,baseline,0.09,0.7,896,1600,15,,,,,,,,277.05713100021967,uav0000268_05773_v
474,0.5354011930613061,0,baseline,0.09,0.7,896,1600,16,,,,,,,,258.0116369999814,uav0000268_05773_v
475,0.5354011930613061,0,baseline,0.09,0.7,896,1600,15,,,,,,,,259.61134299996047,uav0000268_05773_v
476,0.5354011930613061,0,baseline,0.09,0.7,896,1600,17,,,,,,,,271.355840999604,uav0000268_05773_v
477,0.5354011930613061,0,baseline,0.09,0.7,896,1600,16,,,,,,,,272.53262599970185,uav0000268_05773_v
478,0.5354011930613061,0,baseline,0.09,0.7,896,1600,16,,,,,,,,263.79153299967584,uav0000268_05773_v
479,0.5354011930613061,0,baseline,0.09,0.7,896,1600,16,,,,,,,,273.41150699976424,uav0000268_05773_v
480,0.5354011930613061,0,baseline,0.09,0.7,896,1600,17,,,,,,,,258.9184579992434,uav0000268_05773_v
481,0.5443852026886946,1,baseline,0.09,0.7,896,1600,16,0.5666666666666667,0.3529411764705882,1.0,0.0,0.0,0.5853565009453107,2026.6692405603271,301.70573800023703,uav0000268_05773_v
482,0.5443852026886946,0,baseline,0.09,0.7,896,1600,16,,,,,,,,277.0975169996745,uav0000268_05773_v
483,0.5443852026886946,0,baseline,0.09,0.7,896,1600,16,,,,,,,,257.12477500019304,uav0000268_05773_v
484,0.5443852026886946,0,baseline,0.09,0.7,896,1600,16,,,,,,,,261.9612230000712,uav0000268_05773_v
485,0.5443852026886946,0,baseline,0.09,0.7,896,1600,14,,,,,,,,275.4770860001372,uav0000268_05773_v
486,0.5443852026886946,0,baseline,0.09,0.7,896,1600,17,,,,,,,,251.87881000056225,uav0000268_05773_v
487,0.5443852026886946,0,baseline,0.09,0.7,896,1600,16,,,,,,,,263.8843320000888,uav0000268_05773_v
488,0.5443852026886946,0,baseline,0.09,0.7,896,1600,16,,,,,,,,272.8935529994488,uav0000268_05773_v
489,0.5443852026886946,0,baseline,0.09,0.7,896,1600,16,,,,,,,,255.28298600056587,uav0000268_05773_v
490,0.5443852026886946,0,baseline,0.09,0.7,896,1600,16,,,,,,,,255.7286680003017,uav0000268_05773_v
491,0.5512609738287912,1,baseline,0.09,0.7,896,1600,16,0.5333333333333333,0.3125,1.0,0.0,0.0,0.5720723385223694,2056.9345584372822,292.29581500021595,uav0000268_05773_v
492,0.5512609738287912,0,baseline,0.09,0.7,896,1600,16,,,,,,,,261.1927480002123,uav0000268_05773_v
493,0.5512609738287912,0,baseline,0.09,0.7,896,1600,17,,,,,,,,269.5369240000218,uav0000268_05773_v
494,0.5512609738287912,0,baseline,0.09,0.7,896,1600,20,,,,,,,,270.3107140005159,uav0000268_05773_v
495,0.5512609738287912,0,baseline,0.09,0.7,896,1600,18,,,,,,,,254.35741799992684,uav0000268_05773_v
496,0.5512609738287912,0,baseline,0.09,0.7,896,1600,18,,,,,,,,269.6459460003098,uav0000268_05773_v
497,0.5512609738287912,0,baseline,0.09,0.7,896,1600,17,,,,,,,,271.0765010006071,uav0000268_05773_v
498,0.5512609738287912,0,baseline,0.09,0.7,896,1600,15,,,,,,,,254.4684309996228,uav0000268_05773_v
499,0.5512609738287912,0,baseline,0.09,0.7,896,1600,16,,,,,,,,252.79606699950816,uav0000268_05773_v
500,0.5512609738287912,0,baseline,0.09,0.7,896,1600,16,,,,,,,,283.4765719999268,uav0000268_05773_v
501,0.5581367449688879,1,baseline,0.09,0.7,896,1600,16,0.5333333333333333,0.3125,1.0,0.0,0.0,0.5720723385223694,2033.842653426107,284.4888500003435,uav0000268_05773_v
502,0.5581367449688879,0,baseline,0.09,0.7,896,1600,15,,,,,,,,258.55240100008814,uav0000268_05773_v
503,0.5581367449688879,0,baseline,0.09,0.7,896,1600,14,,,,,,,,268.0359639998642,uav0000268_05773_v
504,0.5581367449688879,0,baseline,0.09,0.7,896,1600,17,,,,,,,,271.7524350000531,uav0000268_05773_v
505,0.5581367449688879,0,baseline,0.09,0.7,896,1600,17,,,,,,,,326.11965799969767,uav0000268_05773_v
506,0.5581367449688879,0,baseline,0.09,0.7,896,1600,18,,,,,,,,333.19454899992706,uav0000268_05773_v
507,0.5581367449688879,0,baseline,0.09,0.7,896,1600,18,,,,,,,,317.18976399952226,uav0000268_05773_v
508,0.5581367449688879,0,baseline,0.09,0.7,896,1600,18,,,,,,,,332.34087900018494,uav0000268_05773_v
509,0.5581367449688879,0,baseline,0.09,0.7,896,1600,17,,,,,,,,334.26387700001214,uav0000268_05773_v
510,0.5581367449688879,0,baseline,0.09,0.7,896,1600,18,,,,,,,,315.9758919991873,uav0000268_05773_v
511,0.5686656460614996,1,baseline,0.09,0.7,896,1600,21,0.6,0.3888888888888889,1.0,0.0,0.0,0.5976442481899733,2074.5545622875075,381.4915289995042,uav0000268_05773_v
512,0.5686656460614996,0,baseline,0.09,0.7,896,1600,18,,,,,,,,336.77858099963487,uav0000268_05773_v
513,0.5686656460614996,0,baseline,0.09,0.7,896,1600,17,,,,,,,,323.8387090004835,uav0000268_05773_v
514,0.5686656460614996,0,baseline,0.09,0.7,896,1600,19,,,,,,,,334.8498140003357,uav0000268_05773_v
515,0.5686656460614996,0,baseline,0.09,0.7,896,1600,18,,,,,,,,364.28707699997176,uav0000268_05773_v
516,0.5686656460614996,0,baseline,0.09,0.7,896,1600,19,,,,,,,,337.0358849997501,uav0000268_05773_v
517,0.5686656460614996,0,baseline,0.09,0.7,896,1600,19,,,,,,,,285.8803440003612,uav0000268_05773_v
518,0.5686656460614996,0,baseline,0.09,0.7,896,1600,21,,,,,,,,270.6934980005826,uav0000268_05773_v
519,0.5686656460614996,0,baseline,0.09,0.7,896,1600,19,,,,,,,,255.3549409994957,uav0000268_05773_v
520,0.5686656460614996,0,baseline,0.09,0.7,896,1600,20,,,,,,,,268.5018530000889,uav0000268_05773_v
521,0.5839476159397906,1,baseline,0.09,0.7,896,1600,20,0.6666666666666666,0.5,1.0,0.0,0.0,0.6309157296897302,2026.7355275740256,309.4299080003111,uav0000268_05773_v
522,0.5839476159397906,0,baseline,0.09,0.7,896,1600,18,,,,,,,,262.6247159996637,uav0000268_05773_v
523,0.5839476159397906,0,baseline,0.09,0.7,896,1600,18,,,,,,,,265.47165699957986,uav0000268_05773_v
524,0.5839476159397906,0,baseline,0.09,0.7,896,1600,19,,,,,,,,267.83404300022084,uav0000268_05773_v
525,0.5839476159397906,0,baseline,0.09,0.7,896,1600,21,,,,,,,,263.119008999638,uav0000268_05773_v
526,0.5839476159397906,0,baseline,0.09,0.7,896,1600,20,,,,,,,,263.18912700025976,uav0000268_05773_v
527,0.5839476159397906,0,baseline,0.09,0.7,896,1600,21,,,,,,,,266.4887600003567,uav0000268_05773_v
528,0.5839476159397906,0,baseline,0.09,0.7,896,1600,21,,,,,,,,250.9413999996468,uav0000268_05773_v
529,0.5839476159397906,0,baseline,0.09,0.7,896,1600,19,,,,,,,,260.0820509996993,uav0000268_05773_v
530,0.5839476159397906,0,baseline,0.09,0.7,896,1600,20,,,,,,,,267.02484599991294,uav0000268_05773_v
531,0.5944356034402647,1,baseline,0.09,0.7,896,1600,19,0.6666666666666666,0.5,1.0,0.0,0.0,0.6309157296897302,2059.7467796653373,281.1065170008078,uav0000268_05773_v
532,0.5944356034402647,0,baseline,0.09,0.7,896,1600,16,,,,,,,,260.2785049994054,uav0000268_05773_v
533,0.5944356034402647,0,baseline,0.09,0.7,896,1600,23,,,,,,,,266.255347999504,uav0000268_05773_v
534,0.5944356034402647,0,baseline,0.09,0.7,896,1600,20,,,,,,,,255.00721800017345,uav0000268_05773_v
535,0.5944356034402647,0,baseline,0.09,0.7,896,1600,18,,,,,,,,263.2722919997832,uav0000268_05773_v
536,0.5944356034402647,0,baseline,0.09,0.7,896,1600,18,,,,,,,,269.8641180004415,uav0000268_05773_v
537,0.5944356034402647,0,baseline,0.09,0.7,896,1600,19,,,,,,,,262.30730199949903,uav0000268_05773_v
538,0.5944356034402647,0,baseline,0.09,0.7,896,1600,18,,,,,,,,262.9182359996776,uav0000268_05773_v
539,0.5944356034402647,0,baseline,0.09,0.7,896,1600,19,,,,,,,,274.15347800069867,uav0000268_05773_v
540,0.5944356034402647,0,baseline,0.09,0.7,896,1600,19,,,,,,,,262.1200840003439,uav0000268_05773_v
541,0.601391532066179,1,baseline,0.09,0.7,896,1600,20,0.6333333333333333,0.4736842105263157,1.0,0.0,0.0,0.6207638389037698,2039.025264754801,286.4652069993099,uav0000268_05773_v
542,0.601391532066179,0,baseline,0.09,0.7,896,1600,21,,,,,,,,268.84156500000245,uav0000268_05773_v
543,0.601391532066179,0,baseline,0.09,0.7,896,1600,22,,,,,,,,252.21413700000997,uav0000268_05773_v
544,0.601391532066179,0,baseline,0.09,0.7,896,1600,21,,,,,,,,269.7066119999363,uav0000268_05773_v
545,0.601391532066179,0,baseline,0.09,0.7,896,1600,22,,,,,,,,266.9241879993933,uav0000268_05773_v
546,0.601391532066179,0,baseline,0.09,0.7,896,1600,21,,,,,,,,263.2849850006096,uav0000268_05773_v
547,0.601391532066179,0,baseline,0.09,0.7,896,1600,20,,,,,,,,261.37626800027647,uav0000268_05773_v
548,0.601391532066179,0,baseline,0.09,0.7,896,1600,19,,,,,,,,280.73606499947346,uav0000268_05773_v
549,0.601391532066179,0,baseline,0.09,0.7,896,1600,21,,,,,,,,260.9735539999747,uav0000268_05773_v
550,0.601391532066179,0,baseline,0.09,0.7,896,1600,18,,,,,,,,265.78833399980795,uav0000268_05773_v
551,0.6066667287958293,1,baseline,0.09,0.7,896,1600,21,0.6,0.5,1.0,0.0,0.0,0.6222828780528622,2059.9836466046363,291.13238799982355,uav0000268_05773_v
552,0.6066667287958293,0,baseline,0.09,0.7,896,1600,20,,,,,,,,273.3183939999435,uav0000268_05773_v
553,0.6066667287958293,0,baseline,0.09,0.7,896,1600,18,,,,,,,,256.1920319994897,uav0000268_05773_v
554,0.6066667287958293,0,baseline,0.09,0.7,896,1600,21,,,,,,,,271.7170650003027,uav0000268_05773_v
555,0.6066667287958293,0,baseline,0.09,0.7,896,1600,21,,,,,,,,324.57215399972483,uav0000268_05773_v
556,0.6066667287958293,0,baseline,0.09,0.7,896,1600,19,,,,,,,,330.4671169998983,uav0000268_05773_v
557,0.6066667287958293,0,baseline,0.09,0.7,896,1600,21,,,,,,,,343.8497469996946,uav0000268_05773_v
558,0.6066667287958293,0,baseline,0.09,0.7,896,1600,20,,,,,,,,330.7594469997639,uav0000268_05773_v
559,0.6066667287958293,0,baseline,0.09,0.7,896,1600,20,,,,,,,,336.9490590002897,uav0000268_05773_v
560,0.6066667287958293,0,baseline,0.09,0.7,896,1600,19,,,,,,,,331.53978700011066,uav0000268_05773_v
561,0.6136226574217435,1,baseline,0.09,0.7,896,1600,20,0.6333333333333333,0.4736842105263157,1.0,0.0,0.0,0.6207638389037698,2023.6227319305096,355.82720799993695,uav0000268_05773_v
562,0.6136226574217435,0,baseline,0.09,0.7,896,1600,20,,,,,,,,347.9203819997565,uav0000268_05773_v
563,0.6136226574217435,0,baseline,0.09,0.7,896,1600,19,,,,,,,,344.73883800001204,uav0000268_05773_v
564,0.6136226574217435,0,baseline,0.09,0.7,896,1600,17,,,,,,,,327.39816600042104,uav0000268_05773_v
565,0.6136226574217435,0,baseline,0.09,0.7,896,1600,17,,,,,,,,337.4462299998413,uav0000268_05773_v
566,0.6136226574217435,0,baseline,0.09,0.7,896,1600,17,,,,,,,,341.8398670000897,uav0000268_05773_v
567,0.6136226574217435,0,baseline,0.09,0.7,896,1600,20,,,,,,,,262.4669189999622,uav0000268_05773_v
568,0.6136226574217435,0,baseline,0.09,0.7,896,1600,17,,,,,,,,292.3396189999039,uav0000268_05773_v
569,0.6136226574217435,0,baseline,0.09,0.7,896,1600,19,,,,,,,,271.5351990000272,uav0000268_05773_v
570,0.6136226574217435,0,baseline,0.09,0.7,896,1600,21,,,,,,,,249.33518300076685,uav0000268_05773_v
571,0.6188742695631496,1,baseline,0.09,0.7,896,1600,20,0.7,0.3809523809523809,1.0,0.0,0.0,0.6088336235122118,2110.1035865420986,283.82107200013706,uav0000268_05773_v
572,0.6188742695631496,0,baseline,0.09,0.7,896,1600,19,,,,,,,,271.33177799987607,uav0000268_05773_v
573,0.6188742695631496,0,baseline,0.09,0.7,896,1600,19,,,,,,,,265.71199699992576,uav0000268_05773_v
574,0.6188742695631496,0,baseline,0.09,0.7,896,1600,17,,,,,,,,259.1060659997311,uav0000268_05773_v
575,0.6188742695631496,0,baseline,0.09,0.7,896,1600,18,,,,,,,,269.4087620002392,uav0000268_05773_v
576,0.6188742695631496,0,baseline,0.09,0.7,896,1600,17,,,,,,,,255.02251000034448,uav0000268_05773_v
577,0.6188742695631496,0,baseline,0.09,0.7,896,1600,17,,,,,,,,256.19280400042044,uav0000268_05773_v
578,0.6188742695631496,0,baseline,0.09,0.7,896,1600,19,,,,,,,,270.1150660004714,uav0000268_05773_v
579,0.6188742695631496,0,baseline,0.09,0.7,896,1600,18,,,,,,,,256.9620539998141,uav0000268_05773_v
580,0.6188742695631496,0,baseline,0.09,0.7,896,1600,16,,,,,,,,262.495883000156,uav0000268_05773_v
581,0.6152211396106348,1,baseline,0.09,0.7,896,1600,19,0.5333333333333333,0.3125,1.0,0.0,0.0,0.5720723385223694,2078.1615756909578,300.1053910002156,uav0000268_05773_v
582,0.6152211396106348,0,baseline,0.09,0.7,896,1600,19,,,,,,,,265.9522339999967,uav0000268_05773_v
583,0.6152211396106348,0,baseline,0.09,0.7,896,1600,18,,,,,,,,259.0036869996766,uav0000268_05773_v
584,0.6152211396106348,0,baseline,0.09,0.7,896,1600,19,,,,,,,,289.62464400046883,uav0000268_05773_v
585,0.6152211396106348,0,baseline,0.09,0.7,896,1600,15,,,,,,,,253.2840740004758,uav0000268_05773_v
586,0.6152211396106348,0,baseline,0.09,0.7,896,1600,15,,,,,,,,259.4700340005147,uav0000268_05773_v
587,0.6152211396106348,0,baseline,0.09,0.7,896,1600,15,,,,,,,,268.4565730005488,uav0000268_05773_v
588,0.6152211396106348,0,baseline,0.09,0.7,896,1600,16,,,,,,,,266.4946389995748,uav0000268_05773_v
589,0.6152211396106348,0,baseline,0.09,0.7,896,1600,19,,,,,,,,263.23788199988485,uav0000268_05773_v
590,0.6152211396106348,0,baseline,0.09,0.7,896,1600,15,,,,,,,,264.8205940004118,uav0000268_05773_v
591,0.608970154472239,1,baseline,0.09,0.7,896,1600,18,0.5,0.4,1.0,0.0,0.0,0.5871588337209603,2076.655396170777,276.2474199998905,uav0000268_05773_v
592,0.608970154472239,0,baseline,0.09,0.7,896,1600,16,,,,,,,,268.9729229996374,uav0000268_05773_v
593,0.608970154472239,0,baseline,0.09,0.7,896,1600,17,,,,,,,,267.0742239997708,uav0000268_05773_v
594,0.608970154472239,0,baseline,0.09,0.7,896,1600,16,,,,,,,,251.0363840001446,uav0000268_05773_v
595,0.608970154472239,0,baseline,0.09,0.7,896,1600,18,,,,,,,,258.921394999561,uav0000268_05773_v
596,0.608970154472239,0,baseline,0.09,0.7,896,1600,16,,,,,,,,274.98298499995144,uav0000268_05773_v
597,0.608970154472239,0,baseline,0.09,0.7,896,1600,16,,,,,,,,255.85328499983007,uav0000268_05773_v
598,0.608970154472239,0,baseline,0.09,0.7,896,1600,16,,,,,,,,262.9855189998125,uav0000268_05773_v
599,0.608970154472239,0,baseline,0.09,0.7,896,1600,16,,,,,,,,271.67983400067897,uav0000268_05773_v
600,0.608970154472239,0,baseline,0.09,0.7,896,1600,16,,,,,,,,262.2599930000433,uav0000268_05773_v
601,0.606503625433134,1,baseline,0.09,0.7,896,1600,16,0.5333333333333333,0.5,1.0,0.0,0.0,0.6136500264159942,2034.0822294737864,294.1724949996569,uav0000268_05773_v
602,0.606503625433134,0,baseline,0.09,0.7,896,1600,18,,,,,,,,267.6537429997552,uav0000268_05773_v
603,0.606503625433134,0,baseline,0.09,0.7,896,1600,15,,,,,,,,262.7906219995566,uav0000268_05773_v
604,0.606503625433134,0,baseline,0.09,0.7,896,1600,18,,,,,,,,271.2913719997232,uav0000268_05773_v
605,0.606503625433134,0,baseline,0.09,0.7,896,1600,19,,,,,,,,337.5259020003796,uav0000268_05773_v
606,0.606503625433134,0,baseline,0.09,0.7,896,1600,18,,,,,,,,319.954012999915,uav0000268_05773_v
607,0.606503625433134,0,baseline,0.09,0.7,896,1600,18,,,,,,,,351.2062620002325,uav0000268_05773_v
608,0.606503625433134,0,baseline,0.09,0.7,896,1600,18,,,,,,,,351.0197630002949,uav0000268_05773_v
609,0.606503625433134,0,baseline,0.09,0.7,896,1600,18,,,,,,,,328.3388529998774,uav0000268_05773_v
610,0.606503625433134,0,baseline,0.09,0.7,896,1600,18,,,,,,,,337.4785060004797,uav0000268_05773_v
611,0.6084805331589249,1,baseline,0.09,0.7,896,1600,20,0.6,0.5555555555555556,1.0,0.0,0.0,0.6346021929843066,2080.3723258559958,383.3175460003986,uav0000268_05773_v
612,0.6084805331589249,0,baseline,0.09,0.7,896,1600,18,,,,,,,,325.3169720001097,uav0000268_05773_v
613,0.6084805331589249,0,baseline,0.09,0.7,896,1600,21,,,,,,,,326.6326739994838,uav0000268_05773_v
614,0.6084805331589249,0,baseline,0.09,0.7,896,1600,19,,,,,,,,339.828282999406,uav0000268_05773_v
615,0.6084805331589249,0,baseline,0.09,0.7,896,1600,15,,,,,,,,325.90280799922766,uav0000268_05773_v
616,0.6084805331589249,0,baseline,0.09,0.7,896,1600,17,,,,,,,,325.23385700005747,uav0000268_05773_v
617,0.6084805331589249,0,baseline,0.09,0.7,896,1600,16,,,,,,,,275.8184530002836,uav0000268_05773_v
618,0.6084805331589249,0,baseline,0.09,0.7,896,1600,17,,,,,,,,253.4425520007062,uav0000268_05773_v
619,0.6084805331589249,0,baseline,0.09,0.7,896,1600,17,,,,,,,,256.7903139997725,uav0000268_05773_v
620,0.6084805331589249,0,baseline,0.09,0.7,896,1600,17,,,,,,,,274.5579100001123,uav0000268_05773_v
621,0.6069321880051738,1,baseline,0.09,0.7,896,1600,16,0.5666666666666667,0.4705882352941176,1.0,0.0,0.0,0.6114444619766046,2023.9190598879595,281.19328600041626,uav0000268_05773_v
622,0.6069321880051738,0,baseline,0.09,0.7,896,1600,16,,,,,,,,264.2566620006619,uav0000268_05773_v
623,0.6069321880051738,0,baseline,0.09,0.7,896,1600,17,,,,,,,,273.4146550001242,uav0000268_05773_v
624,0.6069321880051738,0,baseline,0.09,0.7,896,1600,15,,,,,,,,254.2350969997642,uav0000268_05773_v
625,0.6069321880051738,0,baseline,0.09,0.7,896,1600,18,,,,,,,,264.04705999993894,uav0000268_05773_v
626,0.6069321880051738,0,baseline,0.09,0.7,896,1600,17,,,,,,,,271.73370699983934,uav0000268_05773_v
627,0.6069321880051738,0,baseline,0.09,0.7,896,1600,20,,,,,,,,252.08956400001625,uav0000268_05773_v
628,0.6069321880051738,0,baseline,0.09,0.7,896,1600,16,,,,,,,,258.05160100026114,uav0000268_05773_v
629,0.6069321880051738,0,baseline,0.09,0.7,896,1600,17,,,,,,,,269.4088170001123,uav0000268_05773_v
630,0.6069321880051738,0,baseline,0.09,0.7,896,1600,15,,,,,,,,258.2021539992638,uav0000268_05773_v
631,0.6021314729790583,1,baseline,0.09,0.7,896,1600,14,0.5,0.4,1.0,0.0,0.0,0.5871588337209603,2109.3577237632885,283.73882200048683,uav0000268_05773_v
632,0.6021314729790583,0,baseline,0.09,0.7,896,1600,14,,,,,,,,266.85178200023074,uav0000268_05773_v
633,0.6021314729790583,0,baseline,0.09,0.7,896,1600,15,,,,,,,,253.19263600067643,uav0000268_05773_v
634,0.6021314729790583,0,baseline,0.09,0.7,896,1600,16,,,,,,,,254.58414900003845,uav0000268_05773_v
635,0.6021314729790583,0,baseline,0.09,0.7,896,1600,16,,,,,,,,266.9610479997573,uav0000268_05773_v
636,0.6021314729790583,0,baseline,0.09,0.7,896,1600,17,,,,,,,,250.9046679997482,uav0000268_05773_v
637,0.6021314729790583,0,baseline,0.09,0.7,896,1600,15,,,,,,,,272.1396850001838,uav0000268_05773_v
638,0.6021314729790583,0,baseline,0.09,0.7,896,1600,15,,,,,,,,268.5034319993065,uav0000268_05773_v
639,0.6021314729790583,0,baseline,0.09,0.7,896,1600,17,,,,,,,,254.4288010003584,uav0000268_05773_v
640,0.6021314729790583,0,baseline,0.09,0.7,896,1600,16,,,,,,,,258.9331589997528,uav0000268_05773_v
641,0.5988597507373485,1,baseline,0.09,0.7,896,1600,15,0.5333333333333333,0.375,1.0,0.0,0.0,0.5859315678202442,2043.024435983132,320.88799199937057,uav0000268_05773_v
642,0.5988597507373485,0,baseline,0.09,0.7,896,1600,17,,,,,,,,265.086913000232,uav0000268_05773_v
643,0.5988597507373485,0,baseline,0.09,0.7,896,1600,14,,,,,,,,261.5623729998333,uav0000268_05773_v
644,0.5988597507373485,0,baseline,0.09,0.7,896,1600,15,,,,,,,,279.86904199951823,uav0000268_05773_v
645,0.5988597507373485,0,baseline,0.09,0.7,896,1600,14,,,,,,,,250.56367399974988,uav0000268_05773_v
646,0.5988597507373485,0,baseline,0.09,0.7,896,1600,14,,,,,,,,253.5344500001884,uav0000268_05773_v
647,0.5988597507373485,0,baseline,0.09,0.7,896,1600,14,,,,,,,,266.3194500000827,uav0000268_05773_v
648,0.5988597507373485,0,baseline,0.09,0.7,896,1600,13,,,,,,,,274.2944739993618,uav0000268_05773_v
649,0.5988597507373485,0,baseline,0.09,0.7,896,1600,14,,,,,,,,254.54683499992825,uav0000268_05773_v
650,0.5988597507373485,0,baseline,0.09,0.7,896,1600,14,,,,,,,,264.71736500025145,uav0000268_05773_v
651,0.5967779619750689,1,baseline,0.09,0.7,896,1600,15,0.4666666666666667,0.2857142857142857,1.0,0.0,0.0,0.5574998171864121,2094.5598071644013,276.7741229999956,uav0000268_05773_v
652,0.5967779619750689,0,baseline,0.09,0.7,896,1600,14,,,,,,,,271.18381800028146,uav0000268_05773_v
653,0.5967779619750689,0,baseline,0.09,0.7,896,1600,15,,,,,,,,265.5735050002477,uav0000268_05773_v
654,0.5967779619750689,0,baseline,0.09,0.7,896,1600,14,,,,,,,,256.8303139996715,uav0000268_05773_v
655,0.5967779619750689,0,baseline,0.09,0.7,896,1600,15,,,,,,,,330.9098810004798,uav0000268_05773_v
656,0.5967779619750689,0,baseline,0.09,0.7,896,1600,15,,,,,,,,348.0176819994085,uav0000268_05773_v
657,0.5967779619750689,0,baseline,0.09,0.7,896,1600,17,,,,,,,,309.0147819993945,uav0000268_05773_v
658,0.5967779619750689,0,baseline,0.09,0.7,896,1600,15,,,,,,,,316.9946030002393,uav0000268_05773_v
659,0.5967779619750689,0,baseline,0.09,0.7,896,1600,17,,,,,,,,337.5326599998516,uav0000268_05773_v
660,0.5967779619750689,0,baseline,0.09,0.7,896,1600,15,,,,,,,,311.65970300025947,uav0000268_05773_v
661,0.5925541968557165,1,baseline,0.09,0.7,896,1600,15,0.5,0.2666666666666666,1.0,0.0,0.0,0.5575924778854937,2028.918853903377,349.8747869998624,uav0000268_05773_v
662,0.5925541968557165,0,baseline,0.09,0.7,896,1600,17,,,,,,,,342.9713770001399,uav0000268_05773_v
663,0.5925541968557165,0,baseline,0.09,0.7,896,1600,16,,,,,,,,314.8943509995661,uav0000268_05773_v
664,0.5925541968557165,0,baseline,0.09,0.7,896,1600,16,,,,,,,,328.26307300001645,uav0000268_05773_v
665,0.5925541968557165,0,baseline,0.09,0.7,896,1600,17,,,,,,,,336.93028899961064,uav0000268_05773_v
666,0.5925541968557165,0,baseline,0.09,0.7,896,1600,17,,,,,,,,315.6498680000368,uav0000268_05773_v
667,0.5925541968557165,0,baseline,0.09,0.7,896,1600,17,,,,,,,,254.79838400042357,uav0000268_05773_v
668,0.5925541968557165,0,baseline,0.09,0.7,896,1600,17,,,,,,,,279.94881399990845,uav0000268_05773_v
669,0.5925541968557165,0,baseline,0.09,0.7,896,1600,15,,,,,,,,261.1270130000776,uav0000268_05773_v
670,0.5925541968557165,0,baseline,0.09,0.7,896,1600,15,,,,,,,,256.47948999994696,uav0000268_05773_v
671,0.5845459756370736,1,baseline,0.09,0.7,896,1600,16,0.5,0.2666666666666666,1.0,0.0,0.0,0.5575924778854937,2072.617109837066,293.353107999792,uav0000268_05773_v
672,0.5845459756370736,0,baseline,0.09,0.7,896,1600,16,,,,,,,,253.20831399949384,uav0000268_05773_v
673,0.5845459756370736,0,baseline,0.09,0.7,896,1600,16,,,,,,,,264.7733440007869,uav0000268_05773_v
674,0.5845459756370736,0,baseline,0.09,0.7,896,1600,17,,,,,,,,263.1203620003362,uav0000268_05773_v
675,0.5845459756370736,0,baseline,0.09,0.7,896,1600,17,,,,,,,,249.4428780000817,uav0000268_05773_v
676,0.5845459756370736,0,baseline,0.09,0.7,896,1600,17,,,,,,,,255.9272130001773,uav0000268_05773_v
677,0.5845459756370736,0,baseline,0.09,0.7,896,1600,15,,,,,,,,278.6234510003851,uav0000268_05773_v
678,0.5845459756370736,0,baseline,0.09,0.7,896,1600,15,,,,,,,,272.8040370002418,uav0000268_05773_v
679,0.5845459756370736,0,baseline,0.09,0.7,896,1600,16,,,,,,,,259.3717440004184,uav0000268_05773_v
680,0.5845459756370736,0,baseline,0.09,0.7,896,1600,16,,,,,,,,266.85092200023064,uav0000268_05773_v
681,0.5756131392853682,1,baseline,0.09,0.7,896,1600,15,0.5333333333333333,0.3125,1.0,0.0,0.0,0.5720723385223694,2007.139632944435,292.9228160001003,uav0000268_05773_v
682,0.5756131392853682,0,baseline,0.09,0.7,896,1600,14,,,,,,,,259.49791299990466,uav0000268_05773_v
683,0.5756131392853682,0,baseline,0.09,0.7,896,1600,14,,,,,,,,272.5181870000597,uav0000268_05773_v
684,0.5756131392853682,0,baseline,0.09,0.7,896,1600,16,,,,,,,,254.70053299977732,uav0000268_05773_v
685,0.5756131392853682,0,baseline,0.09,0.7,896,1600,15,,,,,,,,272.8992219999782,uav0000268_05773_v
686,0.5756131392853682,0,baseline,0.09,0.7,896,1600,15,,,,,,,,267.7798679997068,uav0000268_05773_v
687,0.5756131392853682,0,baseline,0.09,0.7,896,1600,15,,,,,,,,255.71211500027857,uav0000268_05773_v
688,0.5756131392853682,0,baseline,0.09,0.7,896,1600,17,,,,,,,,260.0950369997008,uav0000268_05773_v
689,0.5756131392853682,0,baseline,0.09,0.7,896,1600,16,,,,,,,,273.0989090005096,uav0000268_05773_v
690,0.5756131392853682,0,baseline,0.09,0.7,896,1600,15,,,,,,,,256.69777799976146,uav0000268_05773_v
691,0.5658081161412477,1,baseline,0.09,0.7,896,1600,16,0.5,0.2,1.0,0.0,0.0,0.5428092999677604,2075.4486688450065,301.1619069993685,uav0000268_05773_v
692,0.5658081161412477,0,baseline,0.09,0.7,896,1600,15,,,,,,,,267.6854179999282,uav0000268_05773_v
693,0.5658081161412477,0,baseline,0.09,0.7,896,1600,17,,,,,,,,259.77695299934567,uav0000268_05773_v
694,0.5658081161412477,0,baseline,0.09,0.7,896,1600,19,,,,,,,,260.8509330002562,uav0000268_05773_v
695,0.5658081161412477,0,baseline,0.09,0.7,896,1600,17,,,,,,,,268.340807999266,uav0000268_05773_v
696,0.5658081161412477,0,baseline,0.09,0.7,896,1600,17,,,,,,,,253.237810000428,uav0000268_05773_v
697,0.5658081161412477,0,baseline,0.09,0.7,896,1600,15,,,,,,,,258.3469110004444,uav0000268_05773_v
698,0.5658081161412477,0,baseline,0.09,0.7,896,1600,19,,,,,,,,267.5664380003582,uav0000268_05773_v
699,0.5658081161412477,0,baseline,0.09,0.7,896,1600,17,,,,,,,,259.1487240006245,uav0000268_05773_v
700,0.5658081161412477,0,baseline,0.09,0.7,896,1600,17,,,,,,,,254.06132700027229,uav0000268_05773_v
701,0.563687214242491,1,baseline,0.09,0.7,896,1600,18,0.5666666666666667,0.2941176470588235,1.0,0.0,0.0,0.5723125204296636,2065.6513477269477,297.23696499968355,uav0000268_05773_v
702,0.563687214242491,0,baseline,0.09,0.7,896,1600,18,,,,,,,,257.1333779997076,uav0000268_05773_v
703,0.563687214242491,0,baseline,0.09,0.7,896,1600,16,,,,,,,,255.7470749998174,uav0000268_05773_v
704,0.563687214242491,0,baseline,0.09,0.7,896,1600,17,,,,,,,,301.4939629993023,uav0000268_05773_v
705,0.563687214242491,0,baseline,0.09,0.7,896,1600,18,,,,,,,,310.4179069996462,uav0000268_05773_v
706,0.563687214242491,0,baseline,0.09,0.7,896,1600,17,,,,,,,,316.8785160005428,uav0000268_05773_v
707,0.563687214242491,0,baseline,0.09,0.7,896,1600,17,,,,,,,,336.77155500026856,uav0000268_05773_v
708,0.563687214242491,0,baseline,0.09,0.7,896,1600,17,,,,,,,,314.8678400002609,uav0000268_05773_v
709,0.563687214242491,0,baseline,0.09,0.7,896,1600,17,,,,,,,,308.61917799938965,uav0000268_05773_v
710,0.563687214242491,0,baseline,0.09,0.7,896,1600,16,,,,,,,,336.5919120005856,uav0000268_05773_v
711,0.5597274344430981,1,baseline,0.09,0.7,896,1600,16,0.5333333333333333,0.25,1.0,0.0,0.0,0.5582131092244944,2072.343782736913,356.374642999981,uav0000268_05773_v
712,0.5597274344430981,0,baseline,0.09,0.7,896,1600,15,,,,,,,,320.0287239997124,uav0000268_05773_v
713,0.5597274344430981,0,baseline,0.09,0.7,896,1600,15,,,,,,,,342.30888900037826,uav0000268_05773_v
714,0.5597274344430981,0,baseline,0.09,0.7,896,1600,15,,,,,,,,328.64787000016804,uav0000268_05773_v
715,0.5597274344430981,0,baseline,0.09,0.7,896,1600,14,,,,,,,,320.0525510001171,uav0000268_05773_v
716,0.5597274344430981,0,baseline,0.09,0.7,896,1600,17,,,,,,,,351.6707300004782,uav0000268_05773_v
717,0.5597274344430981,0,baseline,0.09,0.7,896,1600,16,,,,,,,,254.93192199974143,uav0000268_05773_v
718,0.5597274344430981,0,baseline,0.09,0.7,896,1600,16,,,,,,,,257.51680200028204,uav0000268_05773_v
719,0.5597274344430981,0,baseline,0.09,0.7,896,1600,17,,,,,,,,266.2967590003973,uav0000268_05773_v
720,0.5597274344430981,0,baseline,0.09,0.7,896,1600,15,,,,,,,,250.17331299932263,uav0000268_05773_v
721,0.5597406716858241,1,baseline,0.09,0.7,896,1600,15,0.5,0.2666666666666666,1.0,0.0,0.0,0.5575924778854937,1998.8591891829703,288.84971600018616,uav0000268_05773_v
722,0.5597406716858241,0,baseline,0.09,0.7,896,1600,14,,,,,,,,269.1604629999347,uav0000268_05773_v
723,0.5597406716858241,0,baseline,0.09,0.7,896,1600,16,,,,,,,,251.49432699981844,uav0000268_05773_v
724,0.5597406716858241,0,baseline,0.09,0.7,896,1600,14,,,,,,,,260.0122600006216,uav0000268_05773_v
725,0.5597406716858241,0,baseline,0.09,0.7,896,1600,14,,,,,,,,265.4014689996984,uav0000268_05773_v
726,0.5597406716858241,0,baseline,0.09,0.7,896,1600,14,,,,,,,,251.1265279999861,uav0000268_05773_v
727,0.5597406716858241,0,baseline,0.09,0.7,896,1600,14,,,,,,,,253.8826309992146,uav0000268_05773_v
728,0.5597406716858241,0,baseline,0.09,0.7,896,1600,15,,,,,,,,262.8227200002584,uav0000268_05773_v
729,0.5597406716858241,0,baseline,0.09,0.7,896,1600,14,,,,,,,,252.17754499954023,uav0000268_05773_v
730,0.5597406716858241,0,baseline,0.09,0.7,896,1600,15,,,,,,,,254.64020500021437,uav0000268_05773_v
731,0.5597406716858241,1,baseline,0.09,0.7,896,1600,15,0.5,0.2666666666666666,1.0,0.0,0.0,0.5575924778854937,2007.2234654405795,290.28178899989143,uav0000268_05773_v
732,0.5597406716858241,0,baseline,0.09,0.7,896,1600,15,,,,,,,,250.1307579996137,uav0000268_05773_v
733,0.5597406716858241,0,baseline,0.09,0.7,896,1600,17,,,,,,,,256.1294970000745,uav0000268_05773_v
734,0.5597406716858241,0,baseline,0.09,0.7,896,1600,17,,,,,,,,268.7100110006213,uav0000268_05773_v
735,0.5597406716858241,0,baseline,0.09,0.7,896,1600,18,,,,,,,,250.12634599988812,uav0000268_05773_v
736,0.5597406716858241,0,baseline,0.09,0.7,896,1600,17,,,,,,,,256.5215589993386,uav0000268_05773_v
737,0.5597406716858241,0,baseline,0.09,0.7,896,1600,17,,,,,,,,272.2479049998583,uav0000268_05773_v
738,0.5597406716858241,0,baseline,0.09,0.7,896,1600,16,,,,,,,,250.5261629994493,uav0000268_05773_v
739,0.5597406716858241,0,baseline,0.09,0.7,896,1600,17,,,,,,,,259.2759200006185,uav0000268_05773_v
740,0.5597406716858241,0,baseline,0.09,0.7,896,1600,17,,,,,,,,270.9044350003751,uav0000268_05773_v
741,0.5618435349064197,1,baseline,0.09,0.7,896,1600,17,0.5666666666666667,0.2941176470588235,1.0,0.0,0.0,0.5723125204296636,1937.9885300001276,282.0145030000276,uav0000268_05773_v
742,0.5618435349064197,0,baseline,0.09,0.7,896,1600,18,,,,,,,,255.5424199999834,uav0000268_05773_v
743,0.5618435349064197,0,baseline,0.09,0.7,896,1600,17,,,,,,,,271.1782830001539,uav0000268_05773_v
744,0.5618435349064197,0,baseline,0.09,0.7,896,1600,16,,,,,,,,253.80281399975505,uav0000268_05773_v
745,0.5618435349064197,0,baseline,0.09,0.7,896,1600,15,,,,,,,,265.6804949992875,uav0000268_05773_v
746,0.5618435349064197,0,baseline,0.09,0.7,896,1600,16,,,,,,,,263.2215619996714,uav0000268_05773_v
747,0.5618435349064197,0,baseline,0.09,0.7,896,1600,16,,,,,,,,255.7085440002993,uav0000268_05773_v
748,0.5618435349064197,0,baseline,0.09,0.7,896,1600,16,,,,,,,,254.98198600053,uav0000268_05773_v
749,0.5618435349064197,0,baseline,0.09,0.7,896,1600,15,,,,,,,,278.3846519996587,uav0000268_05773_v
750,0.5618435349064197,0,baseline,0.09,0.7,896,1600,15,,,,,,,,259.08916400021553,uav0000268_05773_v
751,0.5618868659465422,1,baseline,0.09,0.7,896,1600,16,0.5,0.3333333333333333,1.0,0.0,0.0,0.5723756558032269,1984.013149748927,298.7453559999267,uav0000268_05773_v
752,0.5618868659465422,0,baseline,0.09,0.7,896,1600,14,,,,,,,,286.7869800002154,uav0000268_05773_v
753,0.5618868659465422,0,baseline,0.09,0.7,896,1600,15,,,,,,,,255.25211399963155,uav0000268_05773_v
754,0.5618868659465422,0,baseline,0.09,0.7,896,1600,15,,,,,,,,259.2554009997912,uav0000268_05773_v
755,0.5618868659465422,0,baseline,0.09,0.7,896,1600,14,,,,,,,,342.5252199995157,uav0000268_05773_v
756,0.5618868659465422,0,baseline,0.09,0.7,896,1600,14,,,,,,,,330.20838700031163,uav0000268_05773_v
757,0.5618868659465422,0,baseline,0.09,0.7,896,1600,15,,,,,,,,316.7786000003616,uav0000268_05773_v
758,0.5618868659465422,0,baseline,0.09,0.7,896,1600,14,,,,,,,,344.7050209997542,uav0000268_05773_v
759,0.5618868659465422,0,baseline,0.09,0.7,896,1600,14,,,,,,,,322.3347200000717,uav0000268_05773_v
760,0.5618868659465422,0,baseline,0.09,0.7,896,1600,14,,,,,,,,336.9871739996597,uav0000268_05773_v
761,0.5617227799495538,1,baseline,0.09,0.7,896,1600,16,0.4666666666666667,0.2142857142857142,1.0,0.0,0.0,0.5416606979888406,1905.3365442538611,373.6445180002193,uav0000268_05773_v
762,0.5617227799495538,0,baseline,0.09,0.7,896,1600,12,,,,,,,,317.2307670001828,uav0000268_05773_v
763,0.5617227799495538,0,baseline,0.09,0.7,896,1600,13,,,,,,,,348.58078500019474,uav0000268_05773_v
764,0.5617227799495538,0,baseline,0.09,0.7,896,1600,14,,,,,,,,338.78732199991646,uav0000268_05773_v
765,0.5617227799495538,0,baseline,0.09,0.7,896,1600,15,,,,,,,,326.2009039999612,uav0000268_05773_v
766,0.5617227799495538,0,baseline,0.09,0.7,896,1600,16,,,,,,,,338.6096059994088,uav0000268_05773_v
767,0.5617227799495538,0,baseline,0.09,0.7,896,1600,16,,,,,,,,299.3353149995528,uav0000268_05773_v
768,0.5617227799495538,0,baseline,0.09,0.7,896,1600,14,,,,,,,,256.9107939998503,uav0000268_05773_v
769,0.5617227799495538,0,baseline,0.09,0.7,896,1600,16,,,,,,,,258.3449039993866,uav0000268_05773_v
770,0.5617227799495538,0,baseline,0.09,0.7,896,1600,15,,,,,,,,283.3318359998884,uav0000268_05773_v
771,0.557508034169282,1,baseline,0.09,0.7,896,1600,15,0.5,0.2,1.0,0.0,0.0,0.5428092999677604,1996.501069163841,281.9747869998537,uav0000268_05773_v
772,0.557508034169282,0,baseline,0.09,0.7,896,1600,17,,,,,,,,260.17583399971045,uav0000268_05773_v
773,0.557508034169282,0,baseline,0.09,0.7,896,1600,14,,,,,,,,270.4344329995365,uav0000268_05773_v
774,0.557508034169282,0,baseline,0.09,0.7,896,1600,15,,,,,,,,262.67018399994413,uav0000268_05773_v
775,0.557508034169282,0,baseline,0.09,0.7,896,1600,15,,,,,,,,259.32231299975683,uav0000268_05773_v
776,0.557508034169282,0,baseline,0.09,0.7,896,1600,15,,,,,,,,268.05023799988703,uav0000268_05773_v
777,0.557508034169282,0,baseline,0.09,0.7,896,1600,14,,,,,,,,255.02552000034484,uav0000268_05773_v
778,0.557508034169282,0,baseline,0.09,0.7,896,1600,16,,,,,,,,274.09157599959144,uav0000268_05773_v
779,0.557508034169282,0,baseline,0.09,0.7,896,1600,16,,,,,,,,268.5500259995024,uav0000268_05773_v
780,0.557508034169282,0,baseline,0.09,0.7,896,1600,15,,,,,,,,252.64150900056848,uav0000268_05773_v
781,0.5553074899897485,1,baseline,0.09,0.7,896,1600,16,0.5,0.2,1.0,0.0,0.0,0.5428092999677604,1943.8942508358457,279.2165729997578,uav0000268_05773_v
782,0.5553074899897485,0,baseline,0.09,0.7,896,1600,15,,,,,,,,272.90157900006307,uav0000268_05773_v
783,0.5553074899897485,0,baseline,0.09,0.7,896,1600,14,,,,,,,,255.3749799999423,uav0000268_05773_v
784,0.5553074899897485,0,baseline,0.09,0.7,896,1600,14,,,,,,,,252.30081099925883,uav0000268_05773_v
785,0.5553074899897485,0,baseline,0.09,0.7,896,1600,14,,,,,,,,278.9111270003559,uav0000268_05773_v
786,0.5553074899897485,0,baseline,0.09,0.7,896,1600,16,,,,,,,,255.9996399995725,uav0000268_05773_v
787,0.5553074899897485,0,baseline,0.09,0.7,896,1600,15,,,,,,,,255.23832100043364,uav0000268_05773_v
788,0.5553074899897485,0,baseline,0.09,0.7,896,1600,17,,,,,,,,267.04781600074057,uav0000268_05773_v
789,0.5553074899897485,0,baseline,0.09,0.7,896,1600,16,,,,,,,,259.31076600045344,uav0000268_05773_v
790,0.5553074899897485,0,baseline,0.09,0.7,896,1600,15,,,,,,,,260.5805410003086,uav0000268_05773_v
791,0.5531956074300723,1,baseline,0.09,0.7,896,1600,16,0.5,0.2,1.0,0.0,0.0,0.5428092999677604,2029.2466403415424,289.3432829996528,uav0000268_05773_v
792,0.5531956074300723,0,baseline,0.09,0.7,896,1600,16,,,,,,,,249.8681590004708,uav0000268_05773_v
793,0.5531956074300723,0,baseline,0.09,0.7,896,1600,16,,,,,,,,258.9980589991683,uav0000268_05773_v
794,0.5531956074300723,0,baseline,0.09,0.7,896,1600,17,,,,,,,,272.3656469997877,uav0000268_05773_v
795,0.5531956074300723,0,baseline,0.09,0.7,896,1600,17,,,,,,,,253.25999100004992,uav0000268_05773_v
796,0.5531956074300723,0,baseline,0.09,0.7,896,1600,17,,,,,,,,254.52367199977743,uav0000268_05773_v
797,0.5531956074300723,0,baseline,0.09,0.7,896,1600,17,,,,,,,,274.5159269998112,uav0000268_05773_v
798,0.5531956074300723,0,baseline,0.09,0.7,896,1600,17,,,,,,,,258.6442879992319,uav0000268_05773_v
799,0.5531956074300723,0,baseline,0.09,0.7,896,1600,17,,,,,,,,257.862047999879,uav0000268_05773_v
800,0.5531956074300723,0,baseline,0.09,0.7,896,1600,15,,,,,,,,268.54143400032626,uav0000268_05773_v
801,0.5489718423107199,1,baseline,0.09,0.7,896,1600,18,0.5,0.1333333333333333,1.0,0.0,0.0,0.5280261220500271,1954.995850989598,275.0721490001524,uav0000268_05773_v
802,0.5489718423107199,0,baseline,0.09,0.7,896,1600,18,,,,,,,,256.94294099957915,uav0000268_05773_v
803,0.5489718423107199,0,baseline,0.09,0.7,896,1600,19,,,,,,,,268.9258569998856,uav0000268_05773_v
804,0.5489718423107199,0,baseline,0.09,0.7,896,1600,17,,,,,,,,249.21157999961,uav0000268_05773_v
805,0.5489718423107199,0,baseline,0.09,0.7,896,1600,19,,,,,,,,319.3373720005184,uav0000268_05773_v
806,0.5489718423107199,0,baseline,0.09,0.7,896,1600,16,,,,,,,,324.3880250001894,uav0000268_05773_v
807,0.5489718423107199,0,baseline,0.09,0.7,896,1600,16,,,,,,,,311.7982200001279,uav0000268_05773_v
808,0.5489718423107199,0,baseline,0.09,0.7,896,1600,16,,,,,,,,324.3814529996598,uav0000268_05773_v
809,0.5489718423107199,0,baseline,0.09,0.7,896,1600,17,,,,,,,,349.2238819999329,uav0000268_05773_v
810,0.5489718423107199,0,baseline,0.09,0.7,896,1600,15,,,,,,,,313.80212400017626,uav0000268_05773_v
811,0.5426452139707719,1,baseline,0.09,0.7,896,1600,16,0.5,0.1333333333333333,1.0,0.0,0.0,0.5280261220500271,2010.2053235314463,359.8409999995056,uav0000268_05773_v
812,0.5426452139707719,0,baseline,0.09,0.7,896,1600,16,,,,,,,,346.5643439994892,uav0000268_05773_v
813,0.5426452139707719,0,baseline,0.09,0.7,896,1600,16,,,,,,,,316.04954000067664,uav0000268_05773_v
814,0.5426452139707719,0,baseline,0.09,0.7,896,1600,16,,,,,,,,326.6210169995247,uav0000268_05773_v
815,0.5426452139707719,0,baseline,0.09,0.7,896,1600,16,,,,,,,,352.15459000028204,uav0000268_05773_v
816,0.5426452139707719,0,baseline,0.09,0.7,896,1600,16,,,,,,,,316.22192399936466,uav0000268_05773_v
817,0.5426452139707719,0,baseline,0.09,0.7,896,1600,14,,,,,,,,302.1275099999912,uav0000268_05773_v
818,0.5426452139707719,0,baseline,0.09,0.7,896,1600,16,,,,,,,,265.10747100019216,uav0000268_05773_v
819,0.5426452139707719,0,baseline,0.09,0.7,896,1600,17,,,,,,,,249.2279199996119,uav0000268_05773_v
820,0.5426452139707719,0,baseline,0.09,0.7,896,1600,14,,,,,,,,253.25908300055744,uav0000268_05773_v
821,0.5337319002265534,1,baseline,0.09,0.7,896,1600,13,0.4666666666666667,0.0714285714285714,1.0,0.0,0.0,0.5099824595936979,1947.6055455241556,295.38446700007626,uav0000268_05773_v
822,0.5337319002265534,0,baseline,0.09,0.7,896,1600,13,,,,,,,,250.27422699986343,uav0000268_05773_v
823,0.5337319002265534,0,baseline,0.09,0.7,896,1600,14,,,,,,,,257.9494569999952,uav0000268_05773_v
824,0.5337319002265534,0,baseline,0.09,0.7,896,1600,12,,,,,,,,271.9672350003748,uav0000268_05773_v
825,0.5337319002265534,0,baseline,0.09,0.7,896,1600,12,,,,,,,,257.5140690005355,uav0000268_05773_v
826,0.5337319002265534,0,baseline,0.09,0.7,896,1600,12,,,,,,,,254.96837300033803,uav0000268_05773_v
827,0.5337319002265534,0,baseline,0.09,0.7,896,1600,11,,,,,,,,266.94490800036874,uav0000268_05773_v
828,0.5337319002265534,0,baseline,0.09,0.7,896,1600,12,,,,,,,,255.79775599999263,uav0000268_05773_v
829,0.5337319002265534,0,baseline,0.09,0.7,896,1600,12,,,,,,,,262.2064170000158,uav0000268_05773_v
830,0.5337319002265534,0,baseline,0.09,0.7,896,1600,12,,,,,,,,266.11632099957205,uav0000268_05773_v
831,0.5283502949647798,1,baseline,0.09,0.7,896,1600,12,0.4,0.0833333333333333,1.0,0.0,0.0,0.5039894611564252,1995.2971115325763,283.25897499962593,uav0000268_05773_v
832,0.5283502949647798,0,baseline,0.09,0.7,896,1600,13,,,,,,,,261.2756039998203,uav0000268_05773_v
833,0.5283502949647798,0,baseline,0.09,0.7,896,1600,12,,,,,,,,270.81462200021633,uav0000268_05773_v
834,0.5283502949647798,0,baseline,0.09,0.7,896,1600,12,,,,,,,,258.14128599995456,uav0000268_05773_v
835,0.5283502949647798,0,baseline,0.09,0.7,896,1600,12,,,,,,,,256.46197400055826,uav0000268_05773_v
836,0.5283502949647798,0,baseline,0.09,0.7,896,1600,12,,,,,,,,265.1420570000482,uav0000268_05773_v
837,0.5283502949647798,0,baseline,0.09,0.7,896,1600,12,,,,,,,,258.247761000348,uav0000268_05773_v
838,0.5283502949647798,0,baseline,0.09,0.7,896,1600,12,,,,,,,,269.05805400019744,uav0000268_05773_v
839,0.5283502949647798,0,baseline,0.09,0.7,896,1600,14,,,,,,,,266.24371399975644,uav0000268_05773_v
840,0.5283502949647798,0,baseline,0.09,0.7,896,1600,11,,,,,,,,254.2126259995712,uav0000268_05773_v
841,0.52242795810075,1,baseline,0.09,0.7,896,1600,13,0.3666666666666666,0.0909090909090909,1.0,0.0,0.0,0.5013529419195517,1962.8072777374089,281.3169459996061,uav0000268_05773_v
842,0.52242795810075,0,baseline,0.09,0.7,896,1600,14,,,,,,,,277.2994930001005,uav0000268_05773_v
843,0.52242795810075,0,baseline,0.09,0.7,896,1600,14,,,,,,,,253.7003609995736,uav0000268_05773_v
844,0.52242795810075,0,baseline,0.09,0.7,896,1600,13,,,,,,,,263.53652000034344,uav0000268_05773_v
845,0.52242795810075,0,baseline,0.09,0.7,896,1600,13,,,,,,,,262.7792060002321,uav0000268_05773_v
846,0.52242795810075,0,baseline,0.09,0.7,896,1600,15,,,,,,,,259.6339510000689,uav0000268_05773_v
847,0.52242795810075,0,baseline,0.09,0.7,896,1600,15,,,,,,,,254.8174070007008,uav0000268_05773_v
848,0.52242795810075,0,baseline,0.09,0.7,896,1600,15,,,,,,,,271.0593040001186,uav0000268_05773_v
849,0.52242795810075,0,baseline,0.09,0.7,896,1600,14,,,,,,,,249.88803900032508,uav0000268_05773_v
850,0.52242795810075,0,baseline,0.09,0.7,896,1600,14,,,,,,,,264.46049499918445,uav0000268_05773_v
851,0.5177384094758839,1,baseline,0.09,0.7,896,1600,15,0.4666666666666667,0.0714285714285714,1.0,0.0,0.0,0.5099824595936979,2046.6279009673049,292.96849299953465,uav0000268_05773_v
852,0.5177384094758839,0,baseline,0.09,0.7,896,1600,14,,,,,,,,249.23133500033143,uav0000268_05773_v
853,0.5177384094758839,0,baseline,0.09,0.7,896,1600,15,,,,,,,,253.44957600009369,uav0000268_05773_v
854,0.5177384094758839,0,baseline,0.09,0.7,896,1600,13,,,,,,,,269.3626440004664,uav0000268_05773_v
855,0.5177384094758839,0,baseline,0.09,0.7,896,1600,13,,,,,,,,277.7776829998402,uav0000268_05773_v
856,0.5177384094758839,0,baseline,0.09,0.7,896,1600,13,,,,,,,,323.6523429995941,uav0000268_05773_v
857,0.5177384094758839,0,baseline,0.09,0.7,896,1600,12,,,,,,,,324.66465899960895,uav0000268_05773_v
858,0.5177384094758839,0,baseline,0.09,0.7,896,1600,12,,,,,,,,306.66621700038377,uav0000268_05773_v
859,0.5177384094758839,0,baseline,0.09,0.7,896,1600,12,,,,,,,,318.6708740004178,uav0000268_05773_v
860,0.5177384094758839,0,baseline,0.09,0.7,896,1600,11,,,,,,,,324.41799599928345,uav0000268_05773_v
861,0.5089362327577502,1,baseline,0.09,0.7,896,1600,12,0.3666666666666666,0.0,1.0,0.0,0.0,0.4811940629408245,1917.060998608968,362.2790259996691,uav0000268_05773_v
862,0.5089362327577502,0,baseline,0.09,0.7,896,1600,13,,,,,,,,314.7064300001148,uav0000268_05773_v
863,0.5089362327577502,0,baseline,0.09,0.7,896,1600,14,,,,,,,,328.1349760000012,uav0000268_05773_v
864,0.5089362327577502,0,baseline,0.09,0.7,896,1600,14,,,,,,,,324.4411220002803,uav0000268_05773_v
865,0.5089362327577502,0,baseline,0.09,0.7,896,1600,13,,,,,,,,314.26896100037993,uav0000268_05773_v
866,0.5089362327577502,0,baseline,0.09,0.7,896,1600,14,,,,,,,,331.26916000037454,uav0000268_05773_v
867,0.5089362327577502,0,baseline,0.09,0.7,896,1600,17,,,,,,,,324.658399999862,uav0000268_05773_v
868,0.5089362327577502,0,baseline,0.09,0.7,896,1600,14,,,,,,,,262.2702550006579,uav0000268_05773_v
869,0.5089362327577502,0,baseline,0.09,0.7,896,1600,16,,,,,,,,269.505962999574,uav0000268_05773_v
870,0.5089362327577502,0,baseline,0.09,0.7,896,1600,16,,,,,,,,267.62327200049185,uav0000268_05773_v
871,0.5053290998981741,1,baseline,0.09,0.7,896,1600,17,0.5333333333333333,0.0,1.0,0.0,0.0,0.5027761920329945,2031.8715812109697,297.8437199999462,uav0000268_05773_v
872,0.5053290998981741,0,baseline,0.09,0.7,896,1600,16,,,,,,,,271.7784249998658,uav0000268_05773_v
873,0.5053290998981741,0,baseline,0.09,0.7,896,1600,17,,,,,,,,253.14962399988872,uav0000268_05773_v
874,0.5053290998981741,0,baseline,0.09,0.7,896,1600,16,,,,,,,,257.9571879996365,uav0000268_05773_v
875,0.5053290998981741,0,baseline,0.09,0.7,896,1600,15,,,,,,,,285.572036999838,uav0000268_05773_v
876,0.5053290998981741,0,baseline,0.09,0.7,896,1600,16,,,,,,,,248.31385499965108,uav0000268_05773_v
877,0.5053290998981741,0,baseline,0.09,0.7,896,1600,16,,,,,,,,254.50563200047327,uav0000268_05773_v
878,0.5053290998981741,0,baseline,0.09,0.7,896,1600,18,,,,,,,,266.7479039992031,uav0000268_05773_v
879,0.5053290998981741,0,baseline,0.09,0.7,896,1600,16,,,,,,,,264.75853600004484,uav0000268_05773_v
880,0.5053290998981741,0,baseline,0.09,0.7,896,1600,14,,,,,,,,258.73710500036395,uav0000268_05773_v
881,0.5027514338329843,1,baseline,0.09,0.7,896,1600,15,0.4666666666666667,0.0714285714285714,1.0,0.0,0.0,0.5099824595936979,2064.553903870349,288.5712549996242,uav0000268_05773_v
882,0.5027514338329843,0,baseline,0.09,0.7,896,1600,16,,,,,,,,254.39901499976256,uav0000268_05773_v
883,0.5027514338329843,0,baseline,0.09,0.7,896,1600,14,,,,,,,,266.4466050000556,uav0000268_05773_v
884,0.5027514338329843,0,baseline,0.09,0.7,896,1600,14,,,,,,,,267.5033440000334,uav0000268_05773_v
885,0.5027514338329843,0,baseline,0.09,0.7,896,1600,15,,,,,,,,251.04376099989167,uav0000268_05773_v
886,0.5027514338329843,0,baseline,0.09,0.7,896,1600,15,,,,,,,,259.43115100017167,uav0000268_05773_v
887,0.5027514338329843,0,baseline,0.09,0.7,896,1600,15,,,,,,,,278.8385650001146,uav0000268_05773_v
888,0.5027514338329843,0,baseline,0.09,0.7,896,1600,16,,,,,,,,255.3730270001324,uav0000268_05773_v
889,0.5027514338329843,0,baseline,0.09,0.7,896,1600,17,,,,,,,,257.0210320000115,uav0000268_05773_v
890,0.5027514338329843,0,baseline,0.09,0.7,896,1600,17,,,,,,,,272.09271199990326,uav0000268_05773_v
891,0.5042020250863241,1,baseline,0.09,0.7,896,1600,18,0.5666666666666667,0.0588235294117647,1.0,0.0,0.0,0.5201365983670756,2132.1206937968814,287.95509500014305,uav0000268_05773_v
892,0.5042020250863241,0,baseline,0.09,0.7,896,1600,17,,,,,,,,263.7446969993107,uav0000268_05773_v
893,0.5042020250863241,0,baseline,0.09,0.7,896,1600,18,,,,,,,,267.3754999996163,uav0000268_05773_v
894,0.5042020250863241,0,baseline,0.09,0.7,896,1600,16,,,,,,,,268.2237079998231,uav0000268_05773_v
895,0.5042020250863241,0,baseline,0.09,0.7,896,1600,16,,,,,,,,262.3534579997795,uav0000268_05773_v
896,0.5042020250863241,0,baseline,0.09,0.7,896,1600,14,,,,,,,,268.2850680002957,uav0000268_05773_v
897,0.5042020250863241,0,baseline,0.09,0.7,896,1600,15,,,,,,,,251.45904700002572,uav0000268_05773_v
898,0.5042020250863241,0,baseline,0.09,0.7,896,1600,15,,,,,,,,264.4145389995174,uav0000268_05773_v
899,0.5042020250863241,0,baseline,0.09,0.7,896,1600,15,,,,,,,,266.2196950004727,uav0000268_05773_v
900,0.5042020250863241,0,baseline,0.09,0.7,896,1600,16,,,,,,,,257.83043899991753,uav0000268_05773_v
901,0.5040287009258339,1,baseline,0.09,0.7,896,1600,19,0.5333333333333333,0.0,1.0,0.0,0.0,0.5027761920329945,2093.154349922836,288.8725160000831,uav0000268_05773_v
902,0.5040287009258339,0,baseline,0.09,0.7,896,1600,15,,,,,,,,269.0885170004549,uav0000268_05773_v
903,0.5040287009258339,0,baseline,0.09,0.7,896,1600,17,,,,,,,,254.27351300004372,uav0000268_05773_v
904,0.5040287009258339,0,baseline,0.09,0.7,896,1600,14,,,,,,,,257.78849300058937,uav0000268_05773_v
905,0.5040287009258339,0,baseline,0.09,0.7,896,1600,15,,,,,,,,299.71210999974573,uav0000268_05773_v
906,0.5040287009258339,0,baseline,0.09,0.7,896,1600,16,,,,,,,,329.0145400005713,uav0000268_05773_v
907,0.5040287009258339,0,baseline,0.09,0.7,896,1600,14,,,,,,,,326.85444400067354,uav0000268_05773_v
908,0.5040287009258339,0,baseline,0.09,0.7,896,1600,15,,,,,,,,329.46460299990576,uav0000268_05773_v
909,0.5040287009258339,0,baseline,0.09,0.7,896,1600,14,,,,,,,,334.80514100028813,uav0000268_05773_v
910,0.5040287009258339,0,baseline,0.09,0.7,896,1600,15,,,,,,,,319.9563779999153,uav0000268_05773_v
911,0.5036153901108351,1,baseline,0.09,0.7,896,1600,15,0.5,0.0,1.0,0.0,0.0,0.4984597662145605,2078.798267701888,376.30803100000776,uav0000268_05773_v
912,0.5036153901108351,0,baseline,0.09,0.7,896,1600,15,,,,,,,,316.88773600035347,uav0000268_05773_v
913,0.5036153901108351,0,baseline,0.09,0.7,896,1600,17,,,,,,,,336.84798300055263,uav0000268_05773_v
914,0.5036153901108351,0,baseline,0.09,0.7,896,1600,15,,,,,,,,331.76134200039087,uav0000268_05773_v
915,0.5036153901108351,0,baseline,0.09,0.7,896,1600,16,,,,,,,,321.05301699994016,uav0000268_05773_v
916,0.5036153901108351,0,baseline,0.09,0.7,896,1600,15,,,,,,,,330.51679500022146,uav0000268_05773_v
917,0.5036153901108351,0,baseline,0.09,0.7,896,1600,15,,,,,,,,328.0000969998582,uav0000268_05773_v
918,0.5036153901108351,0,baseline,0.09,0.7,896,1600,14,,,,,,,,250.97906700011663,uav0000268_05773_v
919,0.5036153901108351,0,baseline,0.09,0.7,896,1600,14,,,,,,,,257.9676619998281,uav0000268_05773_v
920,0.5036153901108351,0,baseline,0.09,0.7,896,1600,15,,,,,,,,278.6135749993264,uav0000268_05773_v
921,0.5019692910566727,1,baseline,0.09,0.7,896,1600,14,0.5,0.0,1.0,0.0,0.0,0.4984597662145605,2038.0137946734217,275.75532700029726,uav0000268_05773_v
922,0.5019692910566727,0,baseline,0.09,0.7,896,1600,14,,,,,,,,254.66119999964576,uav0000268_05773_v
923,0.5019692910566727,0,baseline,0.09,0.7,896,1600,15,,,,,,,,271.1542670003837,uav0000268_05773_v
924,0.5019692910566727,0,baseline,0.09,0.7,896,1600,16,,,,,,,,251.322928999798,uav0000268_05773_v
925,0.5019692910566727,0,baseline,0.09,0.7,896,1600,15,,,,,,,,257.48247600040486,uav0000268_05773_v
926,0.5019692910566727,0,baseline,0.09,0.7,896,1600,15,,,,,,,,284.6173669995551,uav0000268_05773_v
927,0.5019692910566727,0,baseline,0.09,0.7,896,1600,17,,,,,,,,258.3265709999978,uav0000268_05773_v
928,0.5019692910566727,0,baseline,0.09,0.7,896,1600,17,,,,,,,,259.6073320000869,uav0000268_05773_v
929,0.5019692910566727,0,baseline,0.09,0.7,896,1600,17,,,,,,,,273.2983639998565,uav0000268_05773_v
930,0.5019692910566727,0,baseline,0.09,0.7,896,1600,16,,,,,,,,256.2788300001557,uav0000268_05773_v
931,0.5050524523555541,1,baseline,0.09,0.7,896,1600,16,0.5333333333333333,0.0,1.0,0.0,0.0,0.5027761920329945,2087.027407892504,279.3410969998149,uav0000268_05773_v
932,0.5050524523555541,0,baseline,0.09,0.7,896,1600,15,,,,,,,,268.436477999785,uav0000268_05773_v
933,0.5050524523555541,0,baseline,0.09,0.7,896,1600,16,,,,,,,,259.75866299995687,uav0000268_05773_v
934,0.5050524523555541,0,baseline,0.09,0.7,896,1600,19,,,,,,,,288.5899379998591,uav0000268_05773_v
935,0.5050524523555541,0,baseline,0.09,0.7,896,1600,20,,,,,,,,289.2628279996643,uav0000268_05773_v
936,0.5050524523555541,0,baseline,0.09,0.7,896,1600,19,,,,,,,,271.5610820005168,uav0000268_05773_v
937,0.5050524523555541,0,baseline,0.09,0.7,896,1600,19,,,,,,,,273.86035099971195,uav0000268_05773_v
938,0.5050524523555541,0,baseline,0.09,0.7,896,1600,16,,,,,,,,271.4966119992823,uav0000268_05773_v
939,0.5050524523555541,0,baseline,0.09,0.7,896,1600,14,,,,,,,,264.99461900039023,uav0000268_05773_v
940,0.5050524523555541,0,baseline,0.09,0.7,896,1600,15,,,,,,,,259.2881059999854,uav0000268_05773_v
941,0.5044358200957778,1,baseline,0.09,0.7,896,1600,15,0.5,0.0,1.0,0.0,0.0,0.4984597662145605,1906.4243305314092,287.02612000051886,uav0000268_05773_v
942,0.5044358200957778,0,baseline,0.09,0.7,896,1600,16,,,,,,,,251.51411300066684,uav0000268_05773_v
943,0.5044358200957778,0,baseline,0.09,0.7,896,1600,16,,,,,,,,263.1218999995326,uav0000268_05773_v
944,0.5044358200957778,0,baseline,0.09,0.7,896,1600,17,,,,,,,,265.8875649995025,uav0000268_05773_v
945,0.5044358200957778,0,baseline,0.09,0.7,896,1600,16,,,,,,,,250.008828999853,uav0000268_05773_v
946,0.5044358200957778,0,baseline,0.09,0.7,896,1600,17,,,,,,,,269.6602949999942,uav0000268_05773_v
947,0.5044358200957778,0,baseline,0.09,0.7,896,1600,17,,,,,,,,278.5080759995253,uav0000268_05773_v
948,0.5044358200957778,0,baseline,0.09,0.7,896,1600,19,,,,,,,,253.74975700015057,uav0000268_05773_v
949,0.5044358200957778,0,baseline,0.09,0.7,896,1600,17,,,,,,,,256.72753599974385,uav0000268_05773_v
950,0.5044358200957778,0,baseline,0.09,0.7,896,1600,19,,,,,,,,264.9046080005064,uav0000268_05773_v
951,0.5052562500807204,1,baseline,0.09,0.7,896,1600,19,0.6333333333333333,0.0,1.0,0.0,0.0,0.5157254694882966,2033.091844071368,290.85315100019216,uav0000268_05773_v
952,0.5052562500807204,0,baseline,0.09,0.7,896,1600,19,,,,,,,,261.65334899997106,uav0000268_05773_v
953,0.5052562500807204,0,baseline,0.09,0.7,896,1600,19,,,,,,,,264.1258130006463,uav0000268_05773_v
954,0.5052562500807204,0,baseline,0.09,0.7,896,1600,19,,,,,,,,255.7398260005357,uav0000268_05773_v
955,0.5052562500807204,0,baseline,0.09,0.7,896,1600,19,,,,,,,,320.8285109994904,uav0000268_05773_v
956,0.5052562500807204,0,baseline,0.09,0.7,896,1600,18,,,,,,,,331.0583000002225,uav0000268_05773_v
957,0.5052562500807204,0,baseline,0.09,0.7,896,1600,18,,,,,,,,321.5328109999973,uav0000268_05773_v
958,0.5052562500807204,0,baseline,0.09,0.7,896,1600,20,,,,,,,,344.5953419995931,uav0000268_05773_v
959,0.5052562500807204,0,baseline,0.09,0.7,896,1600,16,,,,,,,,343.6062450000464,uav0000268_05773_v
960,0.5052562500807204,0,baseline,0.09,0.7,896,1600,20,,,,,,,,323.40943600047467,uav0000268_05773_v
961,0.5052427210720997,1,baseline,0.09,0.7,896,1600,18,0.6666666666666666,0.0,1.0,0.0,0.0,0.5200418953067305,1954.8841533719612,366.5585329999885,uav0000268_05773_v
962,0.5052427210720997,0,baseline,0.09,0.7,896,1600,21,,,,,,,,341.3350359996912,uav0000268_05773_v
963,0.5052427210720997,0,baseline,0.09,0.7,896,1600,20,,,,,,,,348.50832099982654,uav0000268_05773_v
964,0.5052427210720997,0,baseline,0.09,0.7,896,1600,19,,,,,,,,359.39915200015093,uav0000268_05773_v
965,0.5052427210720997,0,baseline,0.09,0.7,896,1600,18,,,,,,,,339.5045939996635,uav0000268_05773_v
966,0.5052427210720997,0,baseline,0.09,0.7,896,1600,19,,,,,,,,324.98281100015447,uav0000268_05773_v
967,0.5052427210720997,0,baseline,0.09,0.7,896,1600,16,,,,,,,,323.06739700015896,uav0000268_05773_v
968,0.5052427210720997,0,baseline,0.09,0.7,896,1600,15,,,,,,,,275.7066069998473,uav0000268_05773_v
969,0.5052427210720997,0,baseline,0.09,0.7,896,1600,15,,,,,,,,256.8533249996108,uav0000268_05773_v
970,0.5052427210720997,0,baseline,0.09,0.7,896,1600,14,,,,,,,,263.2511709998653,uav0000268_05773_v
971,0.5040094565525471,1,baseline,0.09,0.7,896,1600,14,0.4666666666666667,0.0,1.0,0.0,0.0,0.4941433403961265,2022.145440536989,305.4425980008091,uav0000268_05773_v
972,0.5040094565525471,0,baseline,0.09,0.7,896,1600,15,,,,,,,,252.59544199980155,uav0000268_05773_v
973,0.5040094565525471,0,baseline,0.09,0.7,896,1600,17,,,,,,,,260.0488980006048,uav0000268_05773_v
974,0.5040094565525471,0,baseline,0.09,0.7,896,1600,16,,,,,,,,271.04033600062394,uav0000268_05773_v
975,0.5040094565525471,0,baseline,0.09,0.7,896,1600,17,,,,,,,,249.92001200007508,uav0000268_05773_v
976,0.5040094565525471,0,baseline,0.09,0.7,896,1600,16,,,,,,,,259.20322199999646,uav0000268_05773_v
977,0.5040094565525471,0,baseline,0.09,0.7,896,1600,16,,,,,,,,272.408458999962,uav0000268_05773_v
978,0.5040094565525471,0,baseline,0.09,0.7,896,1600,16,,,,,,,,251.66817999979685,uav0000268_05773_v
1,0.4337133789380505,1,baseline,0.09,0.7,896,1600,39,0.0,0.0,1.0,0.0,0.0,0.4337133789380505,1282.5333711043286,1401.7751299998054,uav0000305_00000_v
2,0.4337133789380505,0,baseline,0.09,0.7,896,1600,38,,,,,,,,932.062484999733,uav0000305_00000_v
3,0.4337133789380505,0,baseline,0.09,0.7,896,1600,38,,,,,,,,1403.1253040002412,uav0000305_00000_v
4,0.4337133789380505,0,baseline,0.09,0.7,896,1600,38,,,,,,,,264.27549599975464,uav0000305_00000_v
5,0.4337133789380505,0,baseline,0.09,0.7,896,1600,38,,,,,,,,221.3952600004632,uav0000305_00000_v
6,0.4337133789380505,0,baseline,0.09,0.7,896,1600,38,,,,,,,,226.61471500032349,uav0000305_00000_v
7,0.4337133789380505,0,baseline,0.09,0.7,896,1600,38,,,,,,,,220.8363219997409,uav0000305_00000_v
8,0.4337133789380505,0,baseline,0.09,0.7,896,1600,38,,,,,,,,221.70984799959115,uav0000305_00000_v
9,0.4337133789380505,0,baseline,0.09,0.7,896,1600,39,,,,,,,,218.8380759998836,uav0000305_00000_v
10,0.4337133789380505,0,baseline,0.09,0.7,896,1600,39,,,,,,,,215.7364859995141,uav0000305_00000_v
11,0.5126743603662272,1,baseline,0.09,0.7,896,1600,39,1.0,0.1282051282051282,1.0,0.0,0.0,0.5916353417944038,1230.3959474466997,229.12369999994556,uav0000305_00000_v
12,0.5126743603662272,0,baseline,0.09,0.7,896,1600,39,,,,,,,,221.71221200005675,uav0000305_00000_v
13,0.5126743603662272,0,baseline,0.09,0.7,896,1600,39,,,,,,,,225.9901750003337,uav0000305_00000_v
14,0.5126743603662272,0,baseline,0.09,0.7,896,1600,39,,,,,,,,221.9630170002347,uav0000305_00000_v
15,0.5126743603662272,0,baseline,0.09,0.7,896,1600,39,,,,,,,,239.43303899977764,uav0000305_00000_v
16,0.5126743603662272,0,baseline,0.09,0.7,896,1600,39,,,,,,,,229.4212379993041,uav0000305_00000_v
17,0.5126743603662272,0,baseline,0.09,0.7,896,1600,39,,,,,,,,220.29504800048016,uav0000305_00000_v
18,0.5126743603662272,0,baseline,0.09,0.7,896,1600,39,,,,,,,,283.1789789997856,uav0000305_00000_v
19,0.5126743603662272,0,baseline,0.09,0.7,896,1600,39,,,,,,,,272.35234699946886,uav0000305_00000_v
20,0.5126743603662272,0,baseline,0.09,0.7,896,1600,39,,,,,,,,267.0626789995368,uav0000305_00000_v
21,0.5389946875089527,1,baseline,0.09,0.7,896,1600,39,1.0,0.1282051282051282,1.0,0.0,0.0,0.5916353417944038,1258.8422056906093,285.13739600020926,uav0000305_00000_v
22,0.5389946875089527,0,baseline,0.09,0.7,896,1600,39,,,,,,,,281.6803810001147,uav0000305_00000_v
23,0.5389946875089527,0,baseline,0.09,0.7,896,1600,39,,,,,,,,273.72852900043654,uav0000305_00000_v
24,0.5389946875089527,0,baseline,0.09,0.7,896,1600,39,,,,,,,,267.65573500051687,uav0000305_00000_v
25,0.5389946875089527,0,baseline,0.09,0.7,896,1600,39,,,,,,,,285.7216940001308,uav0000305_00000_v
26,0.5389946875089527,0,baseline,0.09,0.7,896,1600,39,,,,,,,,267.9006070002288,uav0000305_00000_v
27,0.5389946875089527,0,baseline,0.09,0.7,896,1600,39,,,,,,,,273.4142029994473,uav0000305_00000_v
28,0.5389946875089527,0,baseline,0.09,0.7,896,1600,39,,,,,,,,267.8832970004805,uav0000305_00000_v
29,0.5389946875089527,0,baseline,0.09,0.7,896,1600,39,,,,,,,,276.0592970007565,uav0000305_00000_v
30,0.5389946875089527,0,baseline,0.09,0.7,896,1600,39,,,,,,,,274.18663699972967,uav0000305_00000_v
31,0.5521548510803155,1,baseline,0.09,0.7,896,1600,39,1.0,0.1282051282051282,1.0,0.0,0.0,0.5916353417944038,1225.970476927065,287.9095540001799,uav0000305_00000_v
32,0.5521548510803155,0,baseline,0.09,0.7,896,1600,39,,,,,,,,278.5717560000194,uav0000305_00000_v
33,0.5521548510803155,0,baseline,0.09,0.7,896,1600,39,,,,,,,,278.038614000252,uav0000305_00000_v
34,0.5521548510803155,0,baseline,0.09,0.7,896,1600,39,,,,,,,,224.8072769998544,uav0000305_00000_v
35,0.5521548510803155,0,baseline,0.09,0.7,896,1600,39,,,,,,,,235.06793700016715,uav0000305_00000_v
36,0.5521548510803155,0,baseline,0.09,0.7,896,1600,39,,,,,,,,219.215666999844,uav0000305_00000_v
37,0.5521548510803155,0,baseline,0.09,0.7,896,1600,39,,,,,,,,221.20702600022923,uav0000305_00000_v
38,0.5521548510803155,0,baseline,0.09,0.7,896,1600,39,,,,,,,,217.5594860000274,uav0000305_00000_v
39,0.5521548510803155,0,baseline,0.09,0.7,896,1600,39,,,,,,,,227.7164380002432,uav0000305_00000_v
40,0.5521548510803155,0,baseline,0.09,0.7,896,1600,39,,,,,,,,224.50746199956484,uav0000305_00000_v
41,0.5600509492231331,1,baseline,0.09,0.7,896,1600,39,1.0,0.1282051282051282,1.0,0.0,0.0,0.5916353417944038,1229.5908871306046,226.93499900015013,uav0000305_00000_v
42,0.5600509492231331,0,baseline,0.09,0.7,896,1600,39,,,,,,,,218.04090100067697,uav0000305_00000_v
43,0.5600509492231331,0,baseline,0.09,0.7,896,1600,39,,,,,,,,220.5316009994931,uav0000305_00000_v
44,0.5600509492231331,0,baseline,0.09,0.7,896,1600,39,,,,,,,,224.2471299996396,uav0000305_00000_v
45,0.5600509492231331,0,baseline,0.09,0.7,896,1600,39,,,,,,,,219.247331000588,uav0000305_00000_v
46,0.5600509492231331,0,baseline,0.09,0.7,896,1600,39,,,,,,,,222.1980500007703,uav0000305_00000_v
47,0.5600509492231331,0,baseline,0.09,0.7,896,1600,39,,,,,,,,220.42886199960776,uav0000305_00000_v
48,0.5600509492231331,0,baseline,0.09,0.7,896,1600,40,,,,,,,,221.22902399951272,uav0000305_00000_v
49,0.5600509492231331,0,baseline,0.09,0.7,896,1600,39,,,,,,,,233.75165099969308,uav0000305_00000_v
50,0.5600509492231331,0,baseline,0.09,0.7,896,1600,39,,,,,,,,221.5645440001026,uav0000305_00000_v
51,0.5653150146516782,1,baseline,0.09,0.7,896,1600,39,1.0,0.1282051282051282,1.0,0.0,0.0,0.5916353417944038,1249.5749927137915,226.76395199960095,uav0000305_00000_v
52,0.5653150146516782,0,baseline,0.09,0.7,896,1600,39,,,,,,,,219.1533580007672,uav0000305_00000_v
53,0.5653150146516782,0,baseline,0.09,0.7,896,1600,39,,,,,,,,226.6347169997971,uav0000305_00000_v
54,0.5653150146516782,0,baseline,0.09,0.7,896,1600,39,,,,,,,,221.80988699983573,uav0000305_00000_v
55,0.5653150146516782,0,baseline,0.09,0.7,896,1600,39,,,,,,,,227.0361199998661,uav0000305_00000_v
56,0.5653150146516782,0,baseline,0.09,0.7,896,1600,39,,,,,,,,221.2105420003354,uav0000305_00000_v
57,0.5653150146516782,0,baseline,0.09,0.7,896,1600,39,,,,,,,,220.61116000077163,uav0000305_00000_v
58,0.5653150146516782,0,baseline,0.09,0.7,896,1600,39,,,,,,,,218.0252850002944,uav0000305_00000_v
59,0.5653150146516782,0,baseline,0.09,0.7,896,1600,39,,,,,,,,225.45430599984684,uav0000305_00000_v
60,0.5653150146516782,0,baseline,0.09,0.7,896,1600,39,,,,,,,,218.38474899959687,uav0000305_00000_v
61,0.5690750613863533,1,baseline,0.09,0.7,896,1600,38,1.0,0.1282051282051282,1.0,0.0,0.0,0.5916353417944038,1233.6938086256216,232.1274840005572,uav0000305_00000_v
62,0.5690750613863533,0,baseline,0.09,0.7,896,1600,38,,,,,,,,222.6043339996977,uav0000305_00000_v
63,0.5690750613863533,0,baseline,0.09,0.7,896,1600,37,,,,,,,,244.67302300035956,uav0000305_00000_v
64,0.5690750613863533,0,baseline,0.09,0.7,896,1600,36,,,,,,,,222.75638500013883,uav0000305_00000_v
65,0.5690750613863533,0,baseline,0.09,0.7,896,1600,36,,,,,,,,221.9712420001088,uav0000305_00000_v
66,0.5690750613863533,0,baseline,0.09,0.7,896,1600,35,,,,,,,,220.75184200002693,uav0000305_00000_v
67,0.5690750613863533,0,baseline,0.09,0.7,896,1600,35,,,,,,,,219.27691000018967,uav0000305_00000_v
68,0.5690750613863533,0,baseline,0.09,0.7,896,1600,35,,,,,,,,224.8585489996913,uav0000305_00000_v
69,0.5690750613863533,0,baseline,0.09,0.7,896,1600,35,,,,,,,,219.7535989998869,uav0000305_00000_v
70,0.5690750613863533,0,baseline,0.09,0.7,896,1600,35,,,,,,,,222.29995499947108,uav0000305_00000_v
71,0.591194399281944,1,baseline,0.09,0.7,896,1600,36,1.0,0.1142857142857142,1.0,0.0,0.0,0.5885487442071847,1250.7255461515913,228.2736940005634,uav0000305_00000_v
72,0.591194399281944,0,baseline,0.09,0.7,896,1600,36,,,,,,,,236.3524389993472,uav0000305_00000_v
73,0.591194399281944,0,baseline,0.09,0.7,896,1600,36,,,,,,,,221.6467450007258,uav0000305_00000_v
74,0.591194399281944,0,baseline,0.09,0.7,896,1600,36,,,,,,,,223.9925609992497,uav0000305_00000_v
75,0.591194399281944,0,baseline,0.09,0.7,896,1600,37,,,,,,,,225.2062509996904,uav0000305_00000_v
76,0.591194399281944,0,baseline,0.09,0.7,896,1600,37,,,,,,,,232.30166100074712,uav0000305_00000_v
77,0.591194399281944,0,baseline,0.09,0.7,896,1600,37,,,,,,,,233.7232029994993,uav0000305_00000_v
78,0.591194399281944,0,baseline,0.09,0.7,896,1600,37,,,,,,,,226.49772899967505,uav0000305_00000_v
79,0.591194399281944,0,baseline,0.09,0.7,896,1600,38,,,,,,,,282.11603199997626,uav0000305_00000_v
80,0.591194399281944,0,baseline,0.09,0.7,896,1600,38,,,,,,,,278.4222849995785,uav0000305_00000_v
81,0.5896340002246933,1,baseline,0.09,0.7,896,1600,39,1.0,0.0789473684210526,1.0,0.0,0.0,0.5807125483936494,1244.4516179584052,289.6099210001921,uav0000305_00000_v
82,0.5896340002246933,0,baseline,0.09,0.7,896,1600,39,,,,,,,,270.77766899947164,uav0000305_00000_v
83,0.5896340002246933,0,baseline,0.09,0.7,896,1600,38,,,,,,,,276.1883849998412,uav0000305_00000_v
84,0.5896340002246933,0,baseline,0.09,0.7,896,1600,37,,,,,,,,278.0392019994906,uav0000305_00000_v
85,0.5896340002246933,0,baseline,0.09,0.7,896,1600,36,,,,,,,,275.6237459998374,uav0000305_00000_v
86,0.5896340002246933,0,baseline,0.09,0.7,896,1600,35,,,,,,,,270.7913180001924,uav0000305_00000_v
87,0.5896340002246933,0,baseline,0.09,0.7,896,1600,35,,,,,,,,274.46353599953,uav0000305_00000_v
88,0.5896340002246933,0,baseline,0.09,0.7,896,1600,36,,,,,,,,297.91521600054693,uav0000305_00000_v
89,0.5896340002246933,0,baseline,0.09,0.7,896,1600,36,,,,,,,,269.6354869995048,uav0000305_00000_v
90,0.5896340002246933,0,baseline,0.09,0.7,896,1600,36,,,,,,,,271.4435420002701,uav0000305_00000_v
91,0.5890924918760583,1,baseline,0.09,0.7,896,1600,36,1.0,0.1111111111111111,1.0,0.0,0.0,0.5878447833539593,1247.5397984989772,281.65217000059783,uav0000305_00000_v
92,0.5890924918760583,0,baseline,0.09,0.7,896,1600,36,,,,,,,,289.9365430002945,uav0000305_00000_v
93,0.5890924918760583,0,baseline,0.09,0.7,896,1600,37,,,,,,,,287.1001060002527,uav0000305_00000_v
94,0.5890924918760583,0,baseline,0.09,0.7,896,1600,38,,,,,,,,276.7149179999251,uav0000305_00000_v
95,0.5890924918760583,0,baseline,0.09,0.7,896,1600,37,,,,,,,,222.64248299961764,uav0000305_00000_v
96,0.5890924918760583,0,baseline,0.09,0.7,896,1600,36,,,,,,,,226.19632899932185,uav0000305_00000_v
97,0.5890924918760583,0,baseline,0.09,0.7,896,1600,36,,,,,,,,229.38448800050537,uav0000305_00000_v
98,0.5890924918760583,0,baseline,0.09,0.7,896,1600,36,,,,,,,,219.9373169996761,uav0000305_00000_v
99,0.5890924918760583,0,baseline,0.09,0.7,896,1600,36,,,,,,,,217.2859880001852,uav0000305_00000_v
100,0.5890924918760583,0,baseline,0.09,0.7,896,1600,37,,,,,,,,219.5157760006623,uav0000305_00000_v
101,0.588455853682393,1,baseline,0.09,0.7,896,1600,37,1.0,0.1081081081081081,1.0,0.0,0.0,0.5871788744387462,1224.9038040857497,228.53921000023547,uav0000305_00000_v
102,0.588455853682393,0,baseline,0.09,0.7,896,1600,38,,,,,,,,220.3769420002573,uav0000305_00000_v
103,0.588455853682393,0,baseline,0.09,0.7,896,1600,38,,,,,,,,220.99451000030967,uav0000305_00000_v
104,0.588455853682393,0,baseline,0.09,0.7,896,1600,38,,,,,,,,219.6880109995618,uav0000305_00000_v
105,0.588455853682393,0,baseline,0.09,0.7,896,1600,38,,,,,,,,220.7333070000459,uav0000305_00000_v
106,0.588455853682393,0,baseline,0.09,0.7,896,1600,38,,,,,,,,227.74423899954851,uav0000305_00000_v
107,0.588455853682393,0,baseline,0.09,0.7,896,1600,38,,,,,,,,224.01339699990783,uav0000305_00000_v
108,0.588455853682393,0,baseline,0.09,0.7,896,1600,38,,,,,,,,220.062570000664,uav0000305_00000_v
109,0.588455853682393,0,baseline,0.09,0.7,896,1600,38,,,,,,,,219.1308500005107,uav0000305_00000_v
110,0.588455853682393,0,baseline,0.09,0.7,896,1600,38,,,,,,,,226.76010499981203,uav0000305_00000_v
111,0.5893963681826536,1,baseline,0.09,0.7,896,1600,38,1.0,0.1578947368421052,1.0,0.0,0.0,0.5982189432962284,1168.674213171306,233.87578200072312,uav0000305_00000_v
112,0.5893963681826536,0,baseline,0.09,0.7,896,1600,40,,,,,,,,220.29604900035335,uav0000305_00000_v
113,0.5893963681826536,0,baseline,0.09,0.7,896,1600,39,,,,,,,,221.0512199999357,uav0000305_00000_v
114,0.5893963681826536,0,baseline,0.09,0.7,896,1600,38,,,,,,,,216.74440799961303,uav0000305_00000_v
115,0.5893963681826536,0,baseline,0.09,0.7,896,1600,39,,,,,,,,220.46438100005616,uav0000305_00000_v
116,0.5893963681826536,0,baseline,0.09,0.7,896,1600,37,,,,,,,,222.53045800061955,uav0000305_00000_v
117,0.5893963681826536,0,baseline,0.09,0.7,896,1600,36,,,,,,,,224.01190799973847,uav0000305_00000_v
118,0.5893963681826536,0,baseline,0.09,0.7,896,1600,35,,,,,,,,223.6092180000924,uav0000305_00000_v
119,0.5893963681826536,0,baseline,0.09,0.7,896,1600,35,,,,,,,,222.57067300051855,uav0000305_00000_v
120,0.5893963681826536,0,baseline,0.09,0.7,896,1600,35,,,,,,,,233.522991999962,uav0000305_00000_v
121,0.5916707032469203,1,baseline,0.09,0.7,896,1600,35,1.0,0.2,1.0,0.0,0.0,0.6075556872442704,1149.6305879813956,227.79401400021013,uav0000305_00000_v
122,0.5916707032469203,0,baseline,0.09,0.7,896,1600,35,,,,,,,,223.3110580000357,uav0000305_00000_v
123,0.5916707032469203,0,baseline,0.09,0.7,896,1600,35,,,,,,,,222.2923600002105,uav0000305_00000_v
124,0.5916707032469203,0,baseline,0.09,0.7,896,1600,35,,,,,,,,232.45431300074412,uav0000305_00000_v
125,0.5916707032469203,0,baseline,0.09,0.7,896,1600,35,,,,,,,,225.7907810007964,uav0000305_00000_v
126,0.5916707032469203,0,baseline,0.09,0.7,896,1600,35,,,,,,,,223.23501899973053,uav0000305_00000_v
127,0.5916707032469203,0,baseline,0.09,0.7,896,1600,35,,,,,,,,220.45813200020348,uav0000305_00000_v
128,0.5916707032469203,0,baseline,0.09,0.7,896,1600,35,,,,,,,,221.24564299974736,uav0000305_00000_v
129,0.5916707032469203,0,baseline,0.09,0.7,896,1600,35,,,,,,,,221.3690990001851,uav0000305_00000_v
130,0.5916707032469203,0,baseline,0.09,0.7,896,1600,35,,,,,,,,220.63520299980155,uav0000305_00000_v
131,0.5921348532600359,1,baseline,0.09,0.7,896,1600,35,1.0,0.1428571428571428,1.0,0.0,0.0,0.5948843918862132,1155.0736100557176,231.45382999973663,uav0000305_00000_v
132,0.5921348532600359,0,baseline,0.09,0.7,896,1600,35,,,,,,,,221.5698700001667,uav0000305_00000_v
133,0.5921348532600359,0,baseline,0.09,0.7,896,1600,36,,,,,,,,220.9147060002579,uav0000305_00000_v
134,0.5921348532600359,0,baseline,0.09,0.7,896,1600,37,,,,,,,,248.50233200049843,uav0000305_00000_v
135,0.5921348532600359,0,baseline,0.09,0.7,896,1600,38,,,,,,,,223.2627840003261,uav0000305_00000_v
136,0.5921348532600359,0,baseline,0.09,0.7,896,1600,38,,,,,,,,219.53362699969148,uav0000305_00000_v
137,0.5921348532600359,0,baseline,0.09,0.7,896,1600,36,,,,,,,,220.7230130006792,uav0000305_00000_v
138,0.5921348532600359,0,baseline,0.09,0.7,896,1600,37,,,,,,,,225.79480199965477,uav0000305_00000_v
139,0.5921348532600359,0,baseline,0.09,0.7,896,1600,37,,,,,,,,227.80743299972528,uav0000305_00000_v
140,0.5921348532600359,0,baseline,0.09,0.7,896,1600,37,,,,,,,,276.5925410003547,uav0000305_00000_v
141,0.5936514947893787,1,baseline,0.09,0.7,896,1600,36,1.0,0.1621621621621621,1.0,0.0,0.0,0.599165234912584,1157.6512585146595,277.82019899950683,uav0000305_00000_v
142,0.5936514947893787,0,baseline,0.09,0.7,896,1600,36,,,,,,,,269.3938130005336,uav0000305_00000_v
143,0.5936514947893787,0,baseline,0.09,0.7,896,1600,35,,,,,,,,271.62349299942434,uav0000305_00000_v
144,0.5936514947893787,0,baseline,0.09,0.7,896,1600,34,,,,,,,,269.90381100040395,uav0000305_00000_v
145,0.5936514947893787,0,baseline,0.09,0.7,896,1600,33,,,,,,,,279.00135700019746,uav0000305_00000_v
146,0.5936514947893787,0,baseline,0.09,0.7,896,1600,32,,,,,,,,268.7180120001358,uav0000305_00000_v
147,0.5936514947893787,0,baseline,0.09,0.7,896,1600,31,,,,,,,,282.1217990003788,uav0000305_00000_v
148,0.5936514947893787,0,baseline,0.09,0.7,896,1600,29,,,,,,,,266.03043699924456,uav0000305_00000_v
149,0.5936514947893787,0,baseline,0.09,0.7,896,1600,29,,,,,,,,262.82381100008934,uav0000305_00000_v
150,0.5936514947893787,0,baseline,0.09,0.7,896,1600,27,,,,,,,,274.5003110003381,uav0000305_00000_v
151,0.589140621584019,1,baseline,0.09,0.7,896,1600,26,0.9,0.074074074074074,0.9595442654673808,0.0,0.0,0.5491364359561314,803.2534183375146,281.6123319998951,uav0000305_00000_v
152,0.589140621584019,0,baseline,0.09,0.7,896,1600,24,,,,,,,,287.5288080003884,uav0000305_00000_v
153,0.589140621584019,0,baseline,0.09,0.7,896,1600,24,,,,,,,,277.00239600017085,uav0000305_00000_v
154,0.589140621584019,0,baseline,0.09,0.7,896,1600,26,,,,,,,,271.55788500022027,uav0000305_00000_v
155,0.589140621584019,0,baseline,0.09,0.7,896,1600,26,,,,,,,,270.9532720000425,uav0000305_00000_v
156,0.589140621584019,0,baseline,0.09,0.7,896,1600,28,,,,,,,,218.7687859996004,uav0000305_00000_v
157,0.589140621584019,0,baseline,0.09,0.7,896,1600,25,,,,,,,,222.3645510002825,uav0000305_00000_v
158,0.589140621584019,0,baseline,0.09,0.7,896,1600,26,,,,,,,,217.1187630001441,uav0000305_00000_v
159,0.589140621584019,0,baseline,0.09,0.7,896,1600,28,,,,,,,,232.762343000104,uav0000305_00000_v
160,0.589140621584019,0,baseline,0.09,0.7,896,1600,25,,,,,,,,218.8984069998696,uav0000305_00000_v
161,0.5825376560190106,1,baseline,0.09,0.7,896,1600,31,0.8333333333333334,0.0,1.0,0.0,0.0,0.5416240243989006,758.2881085791017,225.3872390001561,uav0000305_00000_v
162,0.5825376560190106,0,baseline,0.09,0.7,896,1600,29,,,,,,,,221.5447739999945,uav0000305_00000_v
163,0.5825376560190106,0,baseline,0.09,0.7,896,1600,26,,,,,,,,227.66335799951776,uav0000305_00000_v
164,0.5825376560190106,0,baseline,0.09,0.7,896,1600,28,,,,,,,,216.6720979994352,uav0000305_00000_v
165,0.5825376560190106,0,baseline,0.09,0.7,896,1600,25,,,,,,,,222.5161250007659,uav0000305_00000_v
166,0.5825376560190106,0,baseline,0.09,0.7,896,1600,27,,,,,,,,225.45113900014255,uav0000305_00000_v
167,0.5825376560190106,0,baseline,0.09,0.7,896,1600,26,,,,,,,,224.08266899947196,uav0000305_00000_v
168,0.5825376560190106,0,baseline,0.09,0.7,896,1600,25,,,,,,,,219.94605100007905,uav0000305_00000_v
169,0.5825376560190106,0,baseline,0.09,0.7,896,1600,26,,,,,,,,220.60716400028468,uav0000305_00000_v
170,0.5825376560190106,0,baseline,0.09,0.7,896,1600,25,,,,,,,,225.049468999714,uav0000305_00000_v
171,0.5772969498348383,1,baseline,0.09,0.7,896,1600,23,0.8333333333333334,0.04,1.0,0.0,0.0,0.5504939311495405,834.6452703377847,233.04480900060295,uav0000305_00000_v
172,0.5772969498348383,0,baseline,0.09,0.7,896,1600,25,,,,,,,,226.04726499957903,uav0000305_00000_v
173,0.5772969498348383,0,baseline,0.09,0.7,896,1600,26,,,,,,,,232.7029180005411,uav0000305_00000_v
174,0.5772969498348383,0,baseline,0.09,0.7,896,1600,29,,,,,,,,224.87270400051784,uav0000305_00000_v
175,0.5772969498348383,0,baseline,0.09,0.7,896,1600,32,,,,,,,,229.8825429998033,uav0000305_00000_v
176,0.5772969498348383,0,baseline,0.09,0.7,896,1600,31,,,,,,,,221.1105630003658,uav0000305_00000_v
177,0.5772969498348383,0,baseline,0.09,0.7,896,1600,34,,,,,,,,221.99733900015417,uav0000305_00000_v
178,0.5772969498348383,0,baseline,0.09,0.7,896,1600,32,,,,,,,,221.19157900033315,uav0000305_00000_v
179,0.5772969498348383,0,baseline,0.09,0.7,896,1600,35,,,,,,,,223.883783999554,uav0000305_00000_v
180,0.5772969498348383,0,baseline,0.09,0.7,896,1600,34,,,,,,,,221.73845999986952,uav0000305_00000_v
181,0.5722951227198158,1,baseline,0.09,0.7,896,1600,32,1.0,0.0,1.0,0.0,0.0,0.5632061534910705,930.775988985026,225.8137930002704,uav0000305_00000_v
182,0.5722951227198158,0,baseline,0.09,0.7,896,1600,30,,,,,,,,231.15253100058908,uav0000305_00000_v
183,0.5722951227198158,0,baseline,0.09,0.7,896,1600,30,,,,,,,,217.0482040000934,uav0000305_00000_v
184,0.5722951227198158,0,baseline,0.09,0.7,896,1600,32,,,,,,,,223.3129550004378,uav0000305_00000_v
1,0.2388887556112148,1,baseline,0.09,0.7,896,1600,54,0.0,0.0,0.5507986776800272,0.0,0.0,0.2388887556112148,603.553962605576,851.7214209996382,uav0000339_00001_v
2,0.2388887556112148,0,baseline,0.09,0.7,896,1600,55,,,,,,,,985.1048669997908,uav0000339_00001_v
3,0.2388887556112148,0,baseline,0.09,0.7,896,1600,56,,,,,,,,956.8559330000426,uav0000339_00001_v
4,0.2388887556112148,0,baseline,0.09,0.7,896,1600,57,,,,,,,,2388.1178589999763,uav0000339_00001_v
5,0.2388887556112148,0,baseline,0.09,0.7,896,1600,57,,,,,,,,293.10104900014267,uav0000339_00001_v
6,0.2388887556112148,0,baseline,0.09,0.7,896,1600,56,,,,,,,,281.9029860002047,uav0000339_00001_v
7,0.2388887556112148,0,baseline,0.09,0.7,896,1600,55,,,,,,,,289.53492300024664,uav0000339_00001_v
8,0.2388887556112148,0,baseline,0.09,0.7,896,1600,55,,,,,,,,279.55723800005217,uav0000339_00001_v
9,0.2388887556112148,0,baseline,0.09,0.7,896,1600,54,,,,,,,,281.0087920006481,uav0000339_00001_v
10,0.2388887556112148,0,baseline,0.09,0.7,896,1600,55,,,,,,,,284.9217240000144,uav0000339_00001_v
11,0.3415474317505644,1,baseline,0.09,0.7,896,1600,59,1.0,0.2727272727272727,0.586185966924083,0.0,0.0,0.444206107889914,583.5065219763952,298.09109899997566,uav0000339_00001_v
12,0.3415474317505644,0,baseline,0.09,0.7,896,1600,57,,,,,,,,295.25727100008226,uav0000339_00001_v
13,0.3415474317505644,0,baseline,0.09,0.7,896,1600,57,,,,,,,,291.2285669999619,uav0000339_00001_v
14,0.3415474317505644,0,baseline,0.09,0.7,896,1600,56,,,,,,,,300.93517799923575,uav0000339_00001_v
15,0.3415474317505644,0,baseline,0.09,0.7,896,1600,55,,,,,,,,287.18884400041134,uav0000339_00001_v
16,0.3415474317505644,0,baseline,0.09,0.7,896,1600,54,,,,,,,,296.17555999993783,uav0000339_00001_v
17,0.3415474317505644,0,baseline,0.09,0.7,896,1600,57,,,,,,,,296.389760999773,uav0000339_00001_v
18,0.3415474317505644,0,baseline,0.09,0.7,896,1600,58,,,,,,,,316.0264380003355,uav0000339_00001_v
19,0.3415474317505644,0,baseline,0.09,0.7,896,1600,58,,,,,,,,253.04194299951632,uav0000339_00001_v
20,0.3415474317505644,0,baseline,0.09,0.7,896,1600,59,,,,,,,,221.3099290001992,uav0000339_00001_v
21,0.3924281415672262,1,baseline,0.09,0.7,896,1600,59,1.0,0.3220338983050847,0.6762219813298452,0.0,0.0,0.4941895612005499,596.1423748444355,236.9319159997758,uav0000339_00001_v
22,0.3924281415672262,0,baseline,0.09,0.7,896,1600,61,,,,,,,,225.53756599972985,uav0000339_00001_v
23,0.3924281415672262,0,baseline,0.09,0.7,896,1600,61,,,,,,,,231.2086510000881,uav0000339_00001_v
24,0.3924281415672262,0,baseline,0.09,0.7,896,1600,60,,,,,,,,223.52528699957475,uav0000339_00001_v
25,0.3924281415672262,0,baseline,0.09,0.7,896,1600,60,,,,,,,,226.12400700018043,uav0000339_00001_v
26,0.3924281415672262,0,baseline,0.09,0.7,896,1600,60,,,,,,,,222.6583830006348,uav0000339_00001_v
27,0.3924281415672262,0,baseline,0.09,0.7,896,1600,58,,,,,,,,237.87617699963448,uav0000339_00001_v
28,0.3924281415672262,0,baseline,0.09,0.7,896,1600,57,,,,,,,,228.774483000052,uav0000339_00001_v
29,0.3924281415672262,0,baseline,0.09,0.7,896,1600,58,,,,,,,,219.9073199999475,uav0000339_00001_v
30,0.3924281415672262,0,baseline,0.09,0.7,896,1600,58,,,,,,,,218.19056999993336,uav0000339_00001_v
31,0.4215795970308837,1,baseline,0.09,0.7,896,1600,56,1.0,0.3103448275862069,0.7164246295533138,0.0,0.0,0.5090339634218561,618.3459431147252,229.3160099998204,uav0000339_00001_v
32,0.4215795970308837,0,baseline,0.09,0.7,896,1600,57,,,,,,,,224.9185300006502,uav0000339_00001_v
33,0.4215795970308837,0,baseline,0.09,0.7,896,1600,58,,,,,,,,226.3281929999721,uav0000339_00001_v
34,0.4215795970308837,0,baseline,0.09,0.7,896,1600,54,,,,,,,,226.61782399973163,uav0000339_00001_v
35,0.4215795970308837,0,baseline,0.09,0.7,896,1600,52,,,,,,,,229.2953939995641,uav0000339_00001_v
36,0.4215795970308837,0,baseline,0.09,0.7,896,1600,51,,,,,,,,238.94055299933825,uav0000339_00001_v
37,0.4215795970308837,0,baseline,0.09,0.7,896,1600,54,,,,,,,,219.87199800059895,uav0000339_00001_v
38,0.4215795970308837,0,baseline,0.09,0.7,896,1600,55,,,,,,,,224.34492600041267,uav0000339_00001_v
39,0.4215795970308837,0,baseline,0.09,0.7,896,1600,55,,,,,,,,220.55690299930572,uav0000339_00001_v
40,0.4215795970308837,0,baseline,0.09,0.7,896,1600,59,,,,,,,,225.3046429996175,uav0000339_00001_v
41,0.4395982888761377,1,baseline,0.09,0.7,896,1600,58,1.0,0.2542372881355932,0.751196000788375,0.0,0.0,0.5116730562571541,664.9046894930816,231.8044359999476,uav0000339_00001_v
42,0.4395982888761377,0,baseline,0.09,0.7,896,1600,58,,,,,,,,222.95591100009915,uav0000339_00001_v
43,0.4395982888761377,0,baseline,0.09,0.7,896,1600,59,,,,,,,,225.26612399997248,uav0000339_00001_v
44,0.4395982888761377,0,baseline,0.09,0.7,896,1600,60,,,,,,,,232.0231949997833,uav0000339_00001_v
45,0.4395982888761377,0,baseline,0.09,0.7,896,1600,61,,,,,,,,243.26824600029795,uav0000339_00001_v
46,0.4395982888761377,0,baseline,0.09,0.7,896,1600,60,,,,,,,,223.5489819995564,uav0000339_00001_v
47,0.4395982888761377,0,baseline,0.09,0.7,896,1600,61,,,,,,,,259.327925999969,uav0000339_00001_v
48,0.4395982888761377,0,baseline,0.09,0.7,896,1600,59,,,,,,,,224.4415310005934,uav0000339_00001_v
49,0.4395982888761377,0,baseline,0.09,0.7,896,1600,59,,,,,,,,225.5834990000949,uav0000339_00001_v
50,0.4395982888761377,0,baseline,0.09,0.7,896,1600,60,,,,,,,,227.40417799923307,uav0000339_00001_v
51,0.4543414883090558,1,baseline,0.09,0.7,896,1600,61,1.0,0.2833333333333333,0.7740969522137213,0.0,0.0,0.5280574854736462,671.0754717243103,232.79184400053052,uav0000339_00001_v
52,0.4543414883090558,0,baseline,0.09,0.7,896,1600,63,,,,,,,,221.70333299982303,uav0000339_00001_v
53,0.4543414883090558,0,baseline,0.09,0.7,896,1600,64,,,,,,,,226.2806520002414,uav0000339_00001_v
54,0.4543414883090558,0,baseline,0.09,0.7,896,1600,64,,,,,,,,243.901664999612,uav0000339_00001_v
55,0.4543414883090558,0,baseline,0.09,0.7,896,1600,61,,,,,,,,230.78151899972,uav0000339_00001_v
56,0.4543414883090558,0,baseline,0.09,0.7,896,1600,62,,,,,,,,223.9903919999051,uav0000339_00001_v
57,0.4543414883090558,0,baseline,0.09,0.7,896,1600,60,,,,,,,,225.00703500008967,uav0000339_00001_v
58,0.4543414883090558,0,baseline,0.09,0.7,896,1600,60,,,,,,,,230.04035699977976,uav0000339_00001_v
59,0.4543414883090558,0,baseline,0.09,0.7,896,1600,57,,,,,,,,230.6724579993897,uav0000339_00001_v
60,0.4543414883090558,0,baseline,0.09,0.7,896,1600,58,,,,,,,,228.6043990006874,uav0000339_00001_v
61,0.4632846271413482,1,baseline,0.09,0.7,896,1600,56,1.0,0.2586206896551724,0.7611066814785615,0.0,0.0,0.516943460135103,637.4445563082498,230.7789540000158,uav0000339_00001_v
62,0.4632846271413482,0,baseline,0.09,0.7,896,1600,56,,,,,,,,226.25390100074583,uav0000339_00001_v
63,0.4632846271413482,0,baseline,0.09,0.7,896,1600,58,,,,,,,,286.9253039998512,uav0000339_00001_v
64,0.4632846271413482,0,baseline,0.09,0.7,896,1600,58,,,,,,,,276.60971700061054,uav0000339_00001_v
65,0.4632846271413482,0,baseline,0.09,0.7,896,1600,58,,,,,,,,282.76714899948274,uav0000339_00001_v
66,0.4632846271413482,0,baseline,0.09,0.7,896,1600,58,,,,,,,,279.9229040001592,uav0000339_00001_v
67,0.4632846271413482,0,baseline,0.09,0.7,896,1600,58,,,,,,,,282.0296440004313,uav0000339_00001_v
68,0.4632846271413482,0,baseline,0.09,0.7,896,1600,57,,,,,,,,279.9505490002048,uav0000339_00001_v
69,0.4632846271413482,0,baseline,0.09,0.7,896,1600,57,,,,,,,,278.46106000015425,uav0000339_00001_v
70,0.4632846271413482,0,baseline,0.09,0.7,896,1600,56,,,,,,,,286.6924290001407,uav0000339_00001_v
71,0.5013390029529468,1,baseline,0.09,0.7,896,1600,57,1.0,0.25,0.7385976778771209,0.0,0.0,0.5052693862924038,626.3358948110298,289.85498099973483,uav0000339_00001_v
72,0.5013390029529468,0,baseline,0.09,0.7,896,1600,57,,,,,,,,281.8413129998589,uav0000339_00001_v
73,0.5013390029529468,0,baseline,0.09,0.7,896,1600,59,,,,,,,,290.2489920006701,uav0000339_00001_v
74,0.5013390029529468,0,baseline,0.09,0.7,896,1600,57,,,,,,,,288.58825000043,uav0000339_00001_v
75,0.5013390029529468,0,baseline,0.09,0.7,896,1600,57,,,,,,,,281.96447099981015,uav0000339_00001_v
76,0.5013390029529468,0,baseline,0.09,0.7,896,1600,56,,,,,,,,288.58608799964713,uav0000339_00001_v
77,0.5013390029529468,0,baseline,0.09,0.7,896,1600,56,,,,,,,,280.1261820004584,uav0000339_00001_v
78,0.5013390029529468,0,baseline,0.09,0.7,896,1600,58,,,,,,,,280.82763600014005,uav0000339_00001_v
79,0.5013390029529468,0,baseline,0.09,0.7,896,1600,56,,,,,,,,276.4485629995761,uav0000339_00001_v
80,0.5013390029529468,0,baseline,0.09,0.7,896,1600,56,,,,,,,,278.7566750002952,uav0000339_00001_v
81,0.508521983567738,1,baseline,0.09,0.7,896,1600,55,1.0,0.25,0.7137369873322463,0.0,0.0,0.4944869721934529,606.9072502440995,292.62168100012786,uav0000339_00001_v
82,0.508521983567738,0,baseline,0.09,0.7,896,1600,54,,,,,,,,280.0990140003705,uav0000339_00001_v
83,0.508521983567738,0,baseline,0.09,0.7,896,1600,53,,,,,,,,223.7191529993652,uav0000339_00001_v
84,0.508521983567738,0,baseline,0.09,0.7,896,1600,53,,,,,,,,223.96388499964812,uav0000339_00001_v
85,0.508521983567738,0,baseline,0.09,0.7,896,1600,56,,,,,,,,223.2630500002415,uav0000339_00001_v
86,0.508521983567738,0,baseline,0.09,0.7,896,1600,53,,,,,,,,238.05810300018493,uav0000339_00001_v
87,0.508521983567738,0,baseline,0.09,0.7,896,1600,55,,,,,,,,228.6971679995986,uav0000339_00001_v
88,0.508521983567738,0,baseline,0.09,0.7,896,1600,54,,,,,,,,223.5238480006956,uav0000339_00001_v
89,0.508521983567738,0,baseline,0.09,0.7,896,1600,55,,,,,,,,226.96796499985797,uav0000339_00001_v
90,0.508521983567738,0,baseline,0.09,0.7,896,1600,54,,,,,,,,227.58163799971956,uav0000339_00001_v
91,0.5083228609037339,1,baseline,0.09,0.7,896,1600,54,1.0,0.2222222222222222,0.7240396158463385,0.0,0.0,0.4927957025525211,607.973911952595,230.8627920001527,uav0000339_00001_v
92,0.5083228609037339,0,baseline,0.09,0.7,896,1600,54,,,,,,,,225.85508200063487,uav0000339_00001_v
93,0.5083228609037339,0,baseline,0.09,0.7,896,1600,52,,,,,,,,225.4595269996571,uav0000339_00001_v
94,0.5083228609037339,0,baseline,0.09,0.7,896,1600,52,,,,,,,,224.30784100015444,uav0000339_00001_v
95,0.5083228609037339,0,baseline,0.09,0.7,896,1600,51,,,,,,,,224.8747479998201,uav0000339_00001_v
96,0.5083228609037339,0,baseline,0.09,0.7,896,1600,53,,,,,,,,232.3543040001823,uav0000339_00001_v
97,0.5083228609037339,0,baseline,0.09,0.7,896,1600,54,,,,,,,,222.78985100001591,uav0000339_00001_v
98,0.5083228609037339,0,baseline,0.09,0.7,896,1600,53,,,,,,,,226.4868009997372,uav0000339_00001_v
99,0.5083228609037339,0,baseline,0.09,0.7,896,1600,53,,,,,,,,221.7188200002056,uav0000339_00001_v
100,0.5083228609037339,0,baseline,0.09,0.7,896,1600,52,,,,,,,,219.67752300042773,uav0000339_00001_v
101,0.5011081702436068,1,baseline,0.09,0.7,896,1600,53,1.0,0.1346153846153846,0.6898281700739998,0.0,0.0,0.4585311288009665,593.4695713270215,231.15434200008167,uav0000339_00001_v
102,0.5011081702436068,0,baseline,0.09,0.7,896,1600,52,,,,,,,,220.84528699997463,uav0000339_00001_v
103,0.5011081702436068,0,baseline,0.09,0.7,896,1600,53,,,,,,,,224.6965550002642,uav0000339_00001_v
104,0.5011081702436068,0,baseline,0.09,0.7,896,1600,53,,,,,,,,224.58752500006085,uav0000339_00001_v
105,0.5011081702436068,0,baseline,0.09,0.7,896,1600,54,,,,,,,,238.3575309995649,uav0000339_00001_v
106,0.5011081702436068,0,baseline,0.09,0.7,896,1600,53,,,,,,,,227.7547769999728,uav0000339_00001_v
107,0.5011081702436068,0,baseline,0.09,0.7,896,1600,53,,,,,,,,224.25868200025437,uav0000339_00001_v
108,0.5011081702436068,0,baseline,0.09,0.7,896,1600,54,,,,,,,,228.95040000003064,uav0000339_00001_v
109,0.5011081702436068,0,baseline,0.09,0.7,896,1600,53,,,,,,,,223.5130939998271,uav0000339_00001_v
110,0.5011081702436068,0,baseline,0.09,0.7,896,1600,52,,,,,,,,227.981496999746,uav0000339_00001_v
111,0.4963286210896234,1,baseline,0.09,0.7,896,1600,52,1.0,0.25,0.6762219813298452,0.0,0.0,0.4782162121792703,591.7532110105484,232.9620069995144,uav0000339_00001_v
112,0.4963286210896234,0,baseline,0.09,0.7,896,1600,52,,,,,,,,229.9594899996009,uav0000339_00001_v
113,0.4963286210896234,0,baseline,0.09,0.7,896,1600,53,,,,,,,,229.06024899930344,uav0000339_00001_v
114,0.4963286210896234,0,baseline,0.09,0.7,896,1600,55,,,,,,,,236.76300699935385,uav0000339_00001_v
115,0.4963286210896234,0,baseline,0.09,0.7,896,1600,54,,,,,,,,223.90264499972545,uav0000339_00001_v
116,0.4963286210896234,0,baseline,0.09,0.7,896,1600,53,,,,,,,,225.53119500025787,uav0000339_00001_v
117,0.4963286210896234,0,baseline,0.09,0.7,896,1600,53,,,,,,,,228.3928790002392,uav0000339_00001_v
118,0.4963286210896234,0,baseline,0.09,0.7,896,1600,52,,,,,,,,232.67571599990333,uav0000339_00001_v
119,0.4963286210896234,0,baseline,0.09,0.7,896,1600,52,,,,,,,,233.9493520003089,uav0000339_00001_v
120,0.4963286210896234,0,baseline,0.09,0.7,896,1600,53,,,,,,,,230.26192099951004,uav0000339_00001_v
121,0.4899055093677818,1,baseline,0.09,0.7,896,1600,52,1.0,0.2452830188679245,0.689884162620272,0.0,0.0,0.4830957034207546,588.589080056711,242.38468299972735,uav0000339_00001_v
122,0.4899055093677818,0,baseline,0.09,0.7,896,1600,51,,,,,,,,230.9311129993148,uav0000339_00001_v
123,0.4899055093677818,0,baseline,0.09,0.7,896,1600,50,,,,,,,,236.7836699995678,uav0000339_00001_v
124,0.4899055093677818,0,baseline,0.09,0.7,896,1600,51,,,,,,,,225.43307799969625,uav0000339_00001_v
125,0.4899055093677818,0,baseline,0.09,0.7,896,1600,48,,,,,,,,229.0120119996573,uav0000339_00001_v
126,0.4899055093677818,0,baseline,0.09,0.7,896,1600,51,,,,,,,,233.4093039999061,uav0000339_00001_v
127,0.4899055093677818,0,baseline,0.09,0.7,896,1600,49,,,,,,,,280.8090299995456,uav0000339_00001_v
128,0.4899055093677818,0,baseline,0.09,0.7,896,1600,48,,,,,,,,283.6490360004973,uav0000339_00001_v
129,0.4899055093677818,0,baseline,0.09,0.7,896,1600,49,,,,,,,,273.45174699985364,uav0000339_00001_v
130,0.4899055093677818,0,baseline,0.09,0.7,896,1600,48,,,,,,,,276.31046599981346,uav0000339_00001_v
131,0.4845457009235324,1,baseline,0.09,0.7,896,1600,52,1.0,0.2291666666666666,0.689660192435183,0.0,0.0,0.4794248010253575,595.4675995713804,304.7709729999042,uav0000339_00001_v
132,0.4845457009235324,0,baseline,0.09,0.7,896,1600,50,,,,,,,,281.35201900022366,uav0000339_00001_v
133,0.4845457009235324,0,baseline,0.09,0.7,896,1600,48,,,,,,,,284.17482799977734,uav0000339_00001_v
134,0.4845457009235324,0,baseline,0.09,0.7,896,1600,48,,,,,,,,282.2532769996542,uav0000339_00001_v
135,0.4845457009235324,0,baseline,0.09,0.7,896,1600,47,,,,,,,,282.1130880001874,uav0000339_00001_v
136,0.4845457009235324,0,baseline,0.09,0.7,896,1600,47,,,,,,,,283.4830740002872,uav0000339_00001_v
137,0.4845457009235324,0,baseline,0.09,0.7,896,1600,49,,,,,,,,277.7446500003862,uav0000339_00001_v
138,0.4845457009235324,0,baseline,0.09,0.7,896,1600,49,,,,,,,,281.4611470003001,uav0000339_00001_v
139,0.4845457009235324,0,baseline,0.09,0.7,896,1600,50,,,,,,,,290.25414799980354,uav0000339_00001_v
140,0.4845457009235324,0,baseline,0.09,0.7,896,1600,55,,,,,,,,285.4206719994181,uav0000339_00001_v
141,0.4825908728335542,1,baseline,0.09,0.7,896,1600,49,1.0,0.2727272727272727,0.6954274247012237,0.0,0.0,0.491585589662556,578.4186799485559,287.1395299998767,uav0000339_00001_v
142,0.4825908728335542,0,baseline,0.09,0.7,896,1600,45,,,,,,,,290.66679399966233,uav0000339_00001_v
143,0.4825908728335542,0,baseline,0.09,0.7,896,1600,48,,,,,,,,285.53332399951614,uav0000339_00001_v
144,0.4825908728335542,0,baseline,0.09,0.7,896,1600,49,,,,,,,,280.8644019996791,uav0000339_00001_v
145,0.4825908728335542,0,baseline,0.09,0.7,896,1600,41,,,,,,,,271.0878480002066,uav0000339_00001_v
146,0.4825908728335542,0,baseline,0.09,0.7,896,1600,44,,,,,,,,230.91827900043427,uav0000339_00001_v
147,0.4825908728335542,0,baseline,0.09,0.7,896,1600,45,,,,,,,,224.68277499956457,uav0000339_00001_v
148,0.4825908728335542,0,baseline,0.09,0.7,896,1600,51,,,,,,,,219.80650099976629,uav0000339_00001_v
149,0.4825908728335542,0,baseline,0.09,0.7,896,1600,51,,,,,,,,226.19226499955403,uav0000339_00001_v
150,0.4825908728335542,0,baseline,0.09,0.7,896,1600,52,,,,,,,,223.65139500016085,uav0000339_00001_v
151,0.4664359881751241,1,baseline,0.09,0.7,896,1600,51,1.0,0.2307692307692307,0.4628343874863377,0.0,0.0,0.3814027795844423,317.33912514638035,243.13629199969,uav0000339_00001_v
152,0.4664359881751241,0,baseline,0.09,0.7,896,1600,49,,,,,,,,229.29843200017785,uav0000339_00001_v
153,0.4664359881751241,0,baseline,0.09,0.7,896,1600,51,,,,,,,,228.77313800017876,uav0000339_00001_v
154,0.4664359881751241,0,baseline,0.09,0.7,896,1600,53,,,,,,,,225.4171390004558,uav0000339_00001_v
155,0.4664359881751241,0,baseline,0.09,0.7,896,1600,51,,,,,,,,224.658926000302,uav0000339_00001_v
156,0.4664359881751241,0,baseline,0.09,0.7,896,1600,54,,,,,,,,232.01013500056436,uav0000339_00001_v
157,0.4664359881751241,0,baseline,0.09,0.7,896,1600,52,,,,,,,,231.44065399992544,uav0000339_00001_v
158,0.4664359881751241,0,baseline,0.09,0.7,896,1600,53,,,,,,,,231.9297650001317,uav0000339_00001_v
159,0.4664359881751241,0,baseline,0.09,0.7,896,1600,54,,,,,,,,223.3236889996988,uav0000339_00001_v
160,0.4664359881751241,0,baseline,0.09,0.7,896,1600,55,,,,,,,,237.8793649995714,uav0000339_00001_v
161,0.456164068844984,1,baseline,0.09,0.7,896,1600,53,1.0,0.2545454545454545,0.5417278851839242,0.0,0.0,0.4208922672415402,361.9914711069553,235.1201929996023,uav0000339_00001_v
162,0.456164068844984,0,baseline,0.09,0.7,896,1600,54,,,,,,,,228.64719500012143,uav0000339_00001_v
163,0.456164068844984,0,baseline,0.09,0.7,896,1600,54,,,,,,,,232.32175500015728,uav0000339_00001_v
164,0.456164068844984,0,baseline,0.09,0.7,896,1600,54,,,,,,,,227.8495870004917,uav0000339_00001_v
165,0.456164068844984,0,baseline,0.09,0.7,896,1600,52,,,,,,,,224.113023999962,uav0000339_00001_v
166,0.456164068844984,0,baseline,0.09,0.7,896,1600,52,,,,,,,,230.79918999974325,uav0000339_00001_v
167,0.456164068844984,0,baseline,0.09,0.7,896,1600,51,,,,,,,,230.8935000000929,uav0000339_00001_v
168,0.456164068844984,0,baseline,0.09,0.7,896,1600,50,,,,,,,,234.07971399956293,uav0000339_00001_v
169,0.456164068844984,0,baseline,0.09,0.7,896,1600,49,,,,,,,,239.59320399990247,uav0000339_00001_v
170,0.456164068844984,0,baseline,0.09,0.7,896,1600,50,,,,,,,,228.05999999945925,uav0000339_00001_v
171,0.4523211302387621,1,baseline,0.09,0.7,896,1600,49,1.0,0.24,0.5739235992904624,0.0,0.0,0.431630558557414,385.5427137270567,231.8629110004622,uav0000339_00001_v
172,0.4523211302387621,0,baseline,0.09,0.7,896,1600,46,,,,,,,,225.99671900024987,uav0000339_00001_v
173,0.4523211302387621,0,baseline,0.09,0.7,896,1600,47,,,,,,,,266.1452060001466,uav0000339_00001_v
174,0.4523211302387621,0,baseline,0.09,0.7,896,1600,48,,,,,,,,225.6600339997021,uav0000339_00001_v
175,0.4523211302387621,0,baseline,0.09,0.7,896,1600,45,,,,,,,,229.51353000007657,uav0000339_00001_v
176,0.4523211302387621,0,baseline,0.09,0.7,896,1600,46,,,,,,,,226.01481199944828,uav0000339_00001_v
177,0.4523211302387621,0,baseline,0.09,0.7,896,1600,44,,,,,,,,223.1589309994888,uav0000339_00001_v
178,0.4523211302387621,0,baseline,0.09,0.7,896,1600,42,,,,,,,,233.3411109993904,uav0000339_00001_v
179,0.4523211302387621,0,baseline,0.09,0.7,896,1600,43,,,,,,,,224.8655540006439,uav0000339_00001_v
180,0.4523211302387621,0,baseline,0.09,0.7,896,1600,43,,,,,,,,226.0409640002763,uav0000339_00001_v
181,0.4453886608918269,1,baseline,0.09,0.7,896,1600,43,1.0,0.2325581395348837,0.5732516887351955,0.0,0.0,0.4296889267507237,398.6740375040941,233.5352959999,uav0000339_00001_v
182,0.4453886608918269,0,baseline,0.09,0.7,896,1600,41,,,,,,,,225.6664189999356,uav0000339_00001_v
183,0.4453886608918269,0,baseline,0.09,0.7,896,1600,41,,,,,,,,224.32117399966955,uav0000339_00001_v
184,0.4453886608918269,0,baseline,0.09,0.7,896,1600,44,,,,,,,,225.70175399960132,uav0000339_00001_v
185,0.4453886608918269,0,baseline,0.09,0.7,896,1600,42,,,,,,,,224.76299200025096,uav0000339_00001_v
186,0.4453886608918269,0,baseline,0.09,0.7,896,1600,41,,,,,,,,223.0992860004335,uav0000339_00001_v
187,0.4453886608918269,0,baseline,0.09,0.7,896,1600,43,,,,,,,,235.28432100010832,uav0000339_00001_v
188,0.4453886608918269,0,baseline,0.09,0.7,896,1600,43,,,,,,,,220.3386239998508,uav0000339_00001_v
189,0.4453886608918269,0,baseline,0.09,0.7,896,1600,42,,,,,,,,235.4519070004244,uav0000339_00001_v
190,0.4453886608918269,0,baseline,0.09,0.7,896,1600,39,,,,,,,,277.8853980007625,uav0000339_00001_v
191,0.4403924943580559,1,baseline,0.09,0.7,896,1600,40,1.0,0.3076923076923077,0.5773391446130691,0.0,0.0,0.4481225376843578,385.9354219998544,280.6443279996529,uav0000339_00001_v
192,0.4403924943580559,0,baseline,0.09,0.7,896,1600,39,,,,,,,,268.38848700026574,uav0000339_00001_v
193,0.4403924943580559,0,baseline,0.09,0.7,896,1600,39,,,,,,,,271.842643999662,uav0000339_00001_v
194,0.4403924943580559,0,baseline,0.09,0.7,896,1600,39,,,,,,,,275.6525859995236,uav0000339_00001_v
195,0.4403924943580559,0,baseline,0.09,0.7,896,1600,37,,,,,,,,274.95640100005403,uav0000339_00001_v
196,0.4403924943580559,0,baseline,0.09,0.7,896,1600,43,,,,,,,,299.76856599932944,uav0000339_00001_v
197,0.4403924943580559,0,baseline,0.09,0.7,896,1600,41,,,,,,,,284.1908689997581,uav0000339_00001_v
198,0.4403924943580559,0,baseline,0.09,0.7,896,1600,41,,,,,,,,270.8603949995449,uav0000339_00001_v
199,0.4403924943580559,0,baseline,0.09,0.7,896,1600,39,,,,,,,,273.13707699977385,uav0000339_00001_v
200,0.4403924943580559,0,baseline,0.09,0.7,896,1600,39,,,,,,,,282.5153030007641,uav0000339_00001_v
201,0.4345295751247602,1,baseline,0.09,0.7,896,1600,40,1.0,0.3076923076923077,0.5548861335579007,0.0,0.0,0.4383843663922873,346.7347189266571,283.3994510001503,uav0000339_00001_v
202,0.4345295751247602,0,baseline,0.09,0.7,896,1600,39,,,,,,,,283.388085000297,uav0000339_00001_v
203,0.4345295751247602,0,baseline,0.09,0.7,896,1600,39,,,,,,,,285.2630829993359,uav0000339_00001_v
204,0.4345295751247602,0,baseline,0.09,0.7,896,1600,39,,,,,,,,277.2959739995713,uav0000339_00001_v
205,0.4345295751247602,0,baseline,0.09,0.7,896,1600,40,,,,,,,,277.3884959997304,uav0000339_00001_v
206,0.4345295751247602,0,baseline,0.09,0.7,896,1600,40,,,,,,,,280.87612400031503,uav0000339_00001_v
207,0.4345295751247602,0,baseline,0.09,0.7,896,1600,40,,,,,,,,285.4922369997439,uav0000339_00001_v
208,0.4345295751247602,0,baseline,0.09,0.7,896,1600,39,,,,,,,,288.44013399975665,uav0000339_00001_v
209,0.4345295751247602,0,baseline,0.09,0.7,896,1600,40,,,,,,,,222.2764620000817,uav0000339_00001_v
210,0.4345295751247602,0,baseline,0.09,0.7,896,1600,39,,,,,,,,220.48608499972036,uav0000339_00001_v
211,0.4275221821571732,1,baseline,0.09,0.7,896,1600,37,1.0,0.282051282051282,0.577563114798158,0.0,0.0,0.4425338388894474,370.0145825128671,236.8162960001428,uav0000339_00001_v
212,0.4275221821571732,0,baseline,0.09,0.7,896,1600,38,,,,,,,,226.66756200032975,uav0000339_00001_v
213,0.4275221821571732,0,baseline,0.09,0.7,896,1600,38,,,,,,,,222.71756600002848,uav0000339_00001_v
214,0.4275221821571732,0,baseline,0.09,0.7,896,1600,38,,,,,,,,227.97714500029545,uav0000339_00001_v
215,0.4275221821571732,0,baseline,0.09,0.7,896,1600,37,,,,,,,,219.79684500001892,uav0000339_00001_v
216,0.4275221821571732,0,baseline,0.09,0.7,896,1600,37,,,,,,,,222.82452800027383,uav0000339_00001_v
217,0.4275221821571732,0,baseline,0.09,0.7,896,1600,36,,,,,,,,224.0408520001438,uav0000339_00001_v
218,0.4275221821571732,0,baseline,0.09,0.7,896,1600,37,,,,,,,,227.6332920000641,uav0000339_00001_v
219,0.4275221821571732,0,baseline,0.09,0.7,896,1600,36,,,,,,,,220.75002900055551,uav0000339_00001_v
220,0.4275221821571732,0,baseline,0.09,0.7,896,1600,37,,,,,,,,237.1923840000818,uav0000339_00001_v
221,0.4352694024492033,1,baseline,0.09,0.7,896,1600,36,1.0,0.2162162162162162,0.5953127519664582,0.0,0.0,0.4356333216286533,379.2252890519095,231.4595140005622,uav0000339_00001_v
222,0.4352694024492033,0,baseline,0.09,0.7,896,1600,38,,,,,,,,223.2907309999064,uav0000339_00001_v
223,0.4352694024492033,0,baseline,0.09,0.7,896,1600,38,,,,,,,,220.68592799951148,uav0000339_00001_v
224,0.4352694024492033,0,baseline,0.09,0.7,896,1600,35,,,,,,,,220.87007299978723,uav0000339_00001_v
225,0.4352694024492033,0,baseline,0.09,0.7,896,1600,37,,,,,,,,219.58268199978195,uav0000339_00001_v
226,0.4352694024492033,0,baseline,0.09,0.7,896,1600,37,,,,,,,,223.92342499915685,uav0000339_00001_v
227,0.4352694024492033,0,baseline,0.09,0.7,896,1600,36,,,,,,,,223.18249999989348,uav0000339_00001_v
228,0.4352694024492033,0,baseline,0.09,0.7,896,1600,34,,,,,,,,222.0928400001867,uav0000339_00001_v
229,0.4352694024492033,0,baseline,0.09,0.7,896,1600,34,,,,,,,,224.65370800000528,uav0000339_00001_v
230,0.4352694024492033,0,baseline,0.09,0.7,896,1600,35,,,,,,,,227.0120670000324,uav0000339_00001_v
231,0.4357066880181062,1,baseline,0.09,0.7,896,1600,35,1.0,0.1714285714285714,0.5912812886348568,0.0,0.0,0.4239532662238598,382.9815782160655,1151.557662000414,uav0000339_00001_v
232,0.4357066880181062,0,baseline,0.09,0.7,896,1600,37,,,,,,,,221.26387399930536,uav0000339_00001_v
233,0.4357066880181062,0,baseline,0.09,0.7,896,1600,35,,,,,,,,224.3751790001625,uav0000339_00001_v
234,0.4357066880181062,0,baseline,0.09,0.7,896,1600,33,,,,,,,,227.24246400048287,uav0000339_00001_v
235,0.4357066880181062,0,baseline,0.09,0.7,896,1600,33,,,,,,,,222.56813700005296,uav0000339_00001_v
236,0.4357066880181062,0,baseline,0.09,0.7,896,1600,33,,,,,,,,221.85196100053872,uav0000339_00001_v
237,0.4357066880181062,0,baseline,0.09,0.7,896,1600,33,,,,,,,,218.58039400012785,uav0000339_00001_v
238,0.4357066880181062,0,baseline,0.09,0.7,896,1600,35,,,,,,,,222.51438600051188,uav0000339_00001_v
239,0.4357066880181062,0,baseline,0.09,0.7,896,1600,34,,,,,,,,229.08187300072316,uav0000339_00001_v
240,0.4357066880181062,0,baseline,0.09,0.7,896,1600,33,,,,,,,,223.1241740000769,uav0000339_00001_v
241,0.4374417829558174,1,baseline,0.09,0.7,896,1600,33,1.0,0.2424242424242424,0.6006880364085933,0.0,0.0,0.4437762231213929,387.84814484162246,225.59937499954685,uav0000339_00001_v
242,0.4374417829558174,0,baseline,0.09,0.7,896,1600,33,,,,,,,,218.166702000417,uav0000339_00001_v
243,0.4374417829558174,0,baseline,0.09,0.7,896,1600,33,,,,,,,,220.8044779999909,uav0000339_00001_v
244,0.4374417829558174,0,baseline,0.09,0.7,896,1600,33,,,,,,,,224.99879300085013,uav0000339_00001_v
245,0.4374417829558174,0,baseline,0.09,0.7,896,1600,32,,,,,,,,222.7609849996952,uav0000339_00001_v
246,0.4374417829558174,0,baseline,0.09,0.7,896,1600,34,,,,,,,,218.1698200001847,uav0000339_00001_v
247,0.4374417829558174,0,baseline,0.09,0.7,896,1600,34,,,,,,,,221.01793399997405,uav0000339_00001_v
248,0.4374417829558174,0,baseline,0.09,0.7,896,1600,34,,,,,,,,243.78678700031745,uav0000339_00001_v
249,0.4374417829558174,0,baseline,0.09,0.7,896,1600,34,,,,,,,,230.1955500006443,uav0000339_00001_v
250,0.4374417829558174,0,baseline,0.09,0.7,896,1600,36,,,,,,,,270.68904800034943,uav0000339_00001_v
251,0.440124426925914,1,baseline,0.09,0.7,896,1600,35,1.0,0.25,0.607631112146351,0.0,0.0,0.4484674345413992,401.41522520033993,276.76116400016326,uav0000339_00001_v
252,0.440124426925914,0,baseline,0.09,0.7,896,1600,35,,,,,,,,273.44955900025525,uav0000339_00001_v
253,0.440124426925914,0,baseline,0.09,0.7,896,1600,34,,,,,,,,265.6039739995322,uav0000339_00001_v
254,0.440124426925914,0,baseline,0.09,0.7,896,1600,34,,,,,,,,273.6754689994996,uav0000339_00001_v
255,0.440124426925914,0,baseline,0.09,0.7,896,1600,34,,,,,,,,276.26698299991403,uav0000339_00001_v
256,0.440124426925914,0,baseline,0.09,0.7,896,1600,33,,,,,,,,285.254729999906,uav0000339_00001_v
257,0.440124426925914,0,baseline,0.09,0.7,896,1600,34,,,,,,,,270.4034580001462,uav0000339_00001_v
258,0.440124426925914,0,baseline,0.09,0.7,896,1600,35,,,,,,,,279.3993519999276,uav0000339_00001_v
259,0.440124426925914,0,baseline,0.09,0.7,896,1600,35,,,,,,,,279.2268809998859,uav0000339_00001_v
260,0.440124426925914,0,baseline,0.09,0.7,896,1600,33,,,,,,,,282.72221599945624,uav0000339_00001_v
261,0.4389692610838307,1,baseline,0.09,0.7,896,1600,34,1.0,0.2424242424242424,0.5920651842826683,0.0,0.0,0.4400363767897748,381.69263434732346,272.98434199929034,uav0000339_00001_v
262,0.4389692610838307,0,baseline,0.09,0.7,896,1600,34,,,,,,,,276.71956600079284,uav0000339_00001_v
263,0.4389692610838307,0,baseline,0.09,0.7,896,1600,34,,,,,,,,274.94311400005245,uav0000339_00001_v
264,0.4389692610838307,0,baseline,0.09,0.7,896,1600,36,,,,,,,,277.58872300000803,uav0000339_00001_v
265,0.4389692610838307,0,baseline,0.09,0.7,896,1600,35,,,,,,,,282.93786800077214,uav0000339_00001_v
266,0.4389692610838307,0,baseline,0.09,0.7,896,1600,33,,,,,,,,230.73760500028584,uav0000339_00001_v
267,0.4389692610838307,0,baseline,0.09,0.7,896,1600,34,,,,,,,,227.5414980003916,uav0000339_00001_v
268,0.4389692610838307,0,baseline,0.09,0.7,896,1600,36,,,,,,,,236.3564170000245,uav0000339_00001_v
269,0.4389692610838307,0,baseline,0.09,0.7,896,1600,32,,,,,,,,224.8061460004465,uav0000339_00001_v
270,0.4389692610838307,0,baseline,0.09,0.7,896,1600,33,,,,,,,,228.98703800001385,uav0000339_00001_v
271,0.4368427065841843,1,baseline,0.09,0.7,896,1600,35,1.0,0.2424242424242424,0.5539342602712727,0.0,0.0,0.4234984848947624,351.7770147990139,225.35666000021592,uav0000339_00001_v
272,0.4368427065841843,0,baseline,0.09,0.7,896,1600,33,,,,,,,,227.14779200032356,uav0000339_00001_v
273,0.4368427065841843,0,baseline,0.09,0.7,896,1600,34,,,,,,,,223.627000000306,uav0000339_00001_v
274,0.4368427065841843,0,baseline,0.09,0.7,896,1600,32,,,,,,,,223.2733279997774,uav0000339_00001_v
275,0.4368427065841843,0,baseline,0.09,0.7,896,1600,34,,,,,,,,220.7378469993273,uav0000339_00001_v
